identifier	antimicrobial_class	slug
CHEBI:10003	ANTIBACTERIAL	ribostamycin-sulfate
CHEBI:100147	ANTIBACTERIAL	nalidixic-acid
CHEBI:10015	ANTIVIRAL	vobasine
CHEBI:10023	ANTIFUNGAL	voriconazole
CHEBI:100241	ANTIBACTERIAL	ciprofloxacin
CHEBI:100246	ANTIBACTERIAL	norfloxacin
CHEBI:10038	ANTIFUNGAL	wighteone
CHEBI:10050	ANTIVIRAL	xv638
CHEBI:10101	ANTIVIRAL	zalcitabine
CHEBI:10110	ANTIVIRAL	zidovudine
CHEBI:101381	ANTIVIRAL	aloxistatin
CHEBI:101853	ANTIBACTERIAL	gemifloxacin
CHEBI:102130	ANTIBACTERIAL	sulfamerazine
CHEBI:102265	ANTIBACTERIAL	sulfamethazine
CHEBI:102484	ANTIBACTERIAL	sulfisoxazole
CHEBI:102516	ANTIBACTERIAL	sulfamethoxypyridazine
CHEBI:10447	ANTIBACTERIAL	β-thujaplicin
CHEBI:105887	ANTIVIRAL	2-2-spirobi-3-6-7-8-tetrahydro-1h-cyclopenta-g-naphthalene-5-5-dione
CHEBI:106738	ANTIFUNGAL	s-famoxadone
CHEBI:107644	ANTIFUNGAL	piperonylic-acid
CHEBI:113455	BIOCIDE	sodium-benzoate
CHEBI:116278	ANTIMYCOBACTERIAL	lomefloxacin
CHEBI:119486	ANTIVIRAL	efavirenz
CHEBI:119573	ANTIVIRAL	delavirdine
CHEBI:121196	ANTIMICROBIAL_UNSPECIFIED	reumycin
CHEBI:122	ANTIFUNGAL	usnic-acid
CHEBI:124991	ANTIBACTERIAL	cefalotin
CHEBI:125354	ANTIVIRAL	plerixafor
CHEBI:127780	ANTIVIRAL	phosphonoformic-acid
CHEBI:131196	ANTIFUNGAL	osu-03012
CHEBI:131494	ANTIFUNGAL	5-6-dehydrotomatine
CHEBI:131580	ANTIVIRAL	6-azathymidine
CHEBI:131600	ANTIFUNGAL	dipymetitrone
CHEBI:131601	ANTIFUNGAL	pyraziflumid
CHEBI:131609	ANTIFUNGAL	pneumocandin-b0
CHEBI:131713	ANTIBACTERIAL	xibornol
CHEBI:131714	ANTIBACTERIAL	furagin
CHEBI:131715	ANTIBACTERIAL	rosoxacin
CHEBI:131716	ANTIBACTERIAL	garenoxacin
CHEBI:131719	ANTIBACTERIAL	flurithromycin
CHEBI:131722	ANTIBACTERIAL	sulfaperin
CHEBI:131723	ANTIBACTERIAL	sulfathiourea
CHEBI:131726	ANTIBACTERIAL	brodimoprim
CHEBI:131729	ANTIBACTERIAL	cefcapene
CHEBI:131730	ANTIBACTERIAL	cefatrizine
CHEBI:131731	ANTIBACTERIAL	cefazedone
CHEBI:131732	ANTIBACTERIAL	clometocillin
CHEBI:131733	ANTIBACTERIAL	penamecillin
CHEBI:131752	ANTIBACTERIAL	r-iclaprim
CHEBI:131753	ANTIBACTERIAL	s-iclaprim
CHEBI:131785	ANTIVIRAL	ro-5-3335
CHEBI:131850	ANTIBACTERIAL	pr-39
CHEBI:131914	ANTIBACTERIAL	violacein
CHEBI:131915	ANTIBACTERIAL	deoxyviolacein
CHEBI:132106	ANTIFUNGAL	sodium-propionate
CHEBI:132112	ANTIFUNGAL	sodium-thiosulfate
CHEBI:132152	ANTIVIRAL	triptofordin-c-2
CHEBI:132230	ANTIBACTERIAL	marbofloxacin
CHEBI:132299	ANTIFUNGAL	methyl-2-5-dichlorobenzoate
CHEBI:132345	ANTIBACTERIAL	canophyllal
CHEBI:132364	ANTIBACTERIAL	ethyl-3-4-dihydroxybenzoate
CHEBI:132424	ANTIMICROBIAL_UNSPECIFIED	novclobiocin-109
CHEBI:132426	ANTIMICROBIAL_UNSPECIFIED	chondrochloren-a
CHEBI:132442	ANTIMICROBIAL_UNSPECIFIED	chondrochloren-b
CHEBI:132468	ANTIMICROBIAL_UNSPECIFIED	bacteriohopane-32-33-34-35-tetrol
CHEBI:132650	ANTIPROTOZOAL	burchellin
CHEBI:132842	ANTIBACTERIAL	sulfapyridine
CHEBI:132853	ANTIBACTERIAL	acteoside
CHEBI:132893	ANTIVIRAL	fangchinoline
CHEBI:132905	ANTIFUNGAL	α-cadinol
CHEBI:132906	ANTIFUNGAL	τ-muurolol
CHEBI:132967	ANTIVIRAL	elbasvir
CHEBI:132975	ANTIVIRAL	grazoprevir
CHEBI:132987	ANTIMICROBIAL_UNSPECIFIED	alliin-zwitterion
CHEBI:133009	ANTIVIRAL	velpatasvir
CHEBI:133034	ANTIFUNGAL	yanuthone-l
CHEBI:133035	ANTIFUNGAL	yanuthone-k
CHEBI:133036	ANTIFUNGAL	yanuthone-m
CHEBI:133037	ANTIFUNGAL	yanuthone-x2
CHEBI:133127	ANTIBACTERIAL	lugdunin
CHEBI:133224	ANTIPROTOZOAL	kaempferol-3-7-di-o-β-d-glucoside
CHEBI:133621	ANTIMICROBIAL_UNSPECIFIED	valanimycin
CHEBI:133741	ANTIBACTERIAL	e-dodec-2-enal
CHEBI:133757	ANTIBACTERIAL	fonsecinone-c
CHEBI:133759	ANTIBACTERIAL	fonsecinone-a
CHEBI:133760	ANTIPROTOZOAL	aurasperone-a
CHEBI:133814	ANTIVIRAL	flavasperone
CHEBI:133817	ANTIMICROBIAL_UNSPECIFIED	doxorubicinol
CHEBI:133824	ANTIPROTOZOAL	gnf6702
CHEBI:133829	ANTIBACTERIAL	tensyuic-acid-c
CHEBI:133833	ANTIPROTOZOAL	benznidazole
CHEBI:133841	ANTIFUNGAL	yanuthone-d
CHEBI:133876	ANTIVIRAL	s-acetylglutathione
CHEBI:133907	ANTIBACTERIAL	hypothiocyanous-acid
CHEBI:134107	ANTIMICROBIAL_UNSPECIFIED	chir-090
CHEBI:134184	ANTIVIRAL	pateamine
CHEBI:134191	ANTIBACTERIAL	20-oxo-5-o-β-mycaminosyltylactone
CHEBI:134347	ANTIBACTERIAL	glandicoline-b
CHEBI:134411	ANTIMICROBIAL_UNSPECIFIED	n-palmitoyl-s-2-3-bis-palmitoyloxy-propyl-cys-ser-lys-lys-lys-lys
CHEBI:134504	ANTIVIRAL	tenofovir-1
CHEBI:134543	ANTIVIRAL	r-4-hydroxy-1-methyl-l-proline
CHEBI:134606	ANTIFUNGAL	toyocamycin
CHEBI:134614	ANTIBACTERIAL	methylene-bis-thiocyanate
CHEBI:134705	ANTIBACTERIAL	etimicin
CHEBI:134719	ANTIBACTERIAL	ceftolozane
CHEBI:134722	ANTIVIRAL	favipiravir
CHEBI:134742	ANTIBACTERIAL	delamanid
CHEBI:134958	ANTIBACTERIAL	thioacetazone
CHEBI:135029	ANTIPROTOZOAL	cycloguanil
CHEBI:135136	ANTIBACTERIAL	nifuroxazide
CHEBI:135173	ANTIBACTERIAL	taurolidine
CHEBI:135180	ANTIBACTERIAL	nifuratel
CHEBI:135238	ANTIBACTERIAL	azidamfenicol
CHEBI:135281	ANTIFUNGAL	neticonazole
CHEBI:135420	ANTIBACTERIAL	tetroxoprim
CHEBI:135437	ANTIBACTERIAL	cefacetrile
CHEBI:135467	ANTIBACTERIAL	sulbactam-pivoxil
CHEBI:135477	ANTIBACTERIAL	halocarban
CHEBI:135629	ANTIBACTERIAL	cefetamet
CHEBI:135632	ANTIVIRAL	camostat
CHEBI:135716	ANTIBACTERIAL	ceftezole
CHEBI:135732	ANTIBACTERIAL	sofalcone
CHEBI:135748	ANTIBACTERIAL	lenampicillin
CHEBI:135776	ANTIBACTERIAL	cefteram
CHEBI:135779	ANTIMICROBIAL_UNSPECIFIED	amrubicin
CHEBI:135813	ANTIBACTERIAL	flomoxef
CHEBI:135817	ANTIBACTERIAL	cefminox
CHEBI:135856	ANTIBACTERIAL	cefbuperazone
CHEBI:135928	ANTIBACTERIAL	doripenem
CHEBI:136047	ANTIVIRAL	vaniprevir
CHEBI:136053	ANTIBACTERIAL	nemonoxacin
CHEBI:136054	ANTIPROTOZOAL	arterolane
CHEBI:136340	ANTIFUNGAL	fenpicoxamid
CHEBI:136532	ANTIPROTOZOAL	8-azahypoxanthine
CHEBI:136609	ANTIBACTERIAL	theaflavin
CHEBI:137041	ANTIPROTOZOAL	quinine-1
CHEBI:137081	ANTIBACTERIAL	corm-3
CHEBI:137236	ANTIBACTERIAL	ilomastat
CHEBI:137426	ANTIBACTERIAL	dehydroacetic-acid
CHEBI:137441	ANTIBACTERIAL	e-1-hydroxy-2-non-1-en-1-yl-quinolin-4-one
CHEBI:138066	ANTIBACTERIAL	nocamycin-i
CHEBI:138179	ANTIVIRAL	aspirin-triggered-resolvin-d1
CHEBI:138224	ANTIBACTERIAL	13r-epi-8-13-epoxylabd-14-ene
CHEBI:138236	ANTIBACTERIAL	oridonin
CHEBI:138243	ANTIBACTERIAL	rubesanolide-d
CHEBI:138488	ANTIVIRAL	alsterpaullone
CHEBI:138511	ANTIMICROBIAL_UNSPECIFIED	piericidin-a
CHEBI:138856	ANTIBACTERIAL	oxolinic-acid
CHEBI:138889	ANTIBACTERIAL	6-diazo-5-oxo-l-norleucine
CHEBI:138945	ANTIMYCOBACTERIAL	maniladiol
CHEBI:138961	ANTIVIRAL	sugiol
CHEBI:139474	ANTIPROTOZOAL	acedapsone
CHEBI:140109	ANTIBACTERIAL	cefdaloxime
CHEBI:140116	ANTIBACTERIAL	ceftiolene
CHEBI:140173	ANTIBACTERIAL	malacidin-a
CHEBI:140174	ANTIBACTERIAL	malacidin-b
CHEBI:140259	ANTIFUNGAL	sordaricin
CHEBI:140314	ANTIVIRAL	5-triphosphoadenylyl-2-5-adenosine
CHEBI:140376	ANTIBACTERIAL	cefiderocol
CHEBI:140407	ANTIBACTERIAL	ceftobiprole
CHEBI:140434	ANTIBACTERIAL	3-z-2-isocyanovinyl-indole
CHEBI:140443	ANTIBACTERIAL	viridicatin
CHEBI:140628	ANTIBACTERIAL	secnidazole
CHEBI:140662	ANTIFUNGAL	2-4-diacetylphloroglucinol-1
CHEBI:140779	BIOCIDE	1-3-6-8-tetraazatricyclo-4-4-1-13-8-dodecane
CHEBI:141130	ANTIBACTERIAL	grandiflorenic-acid
CHEBI:141152	ANTIFUNGAL	metyltetraprole
CHEBI:141154	ANTIPROTOZOAL	ronidazole
CHEBI:141155	ANTIPROTOZOAL	dimetridazole
CHEBI:141284	ANTIFUNGAL	3-acetylbenzamide
CHEBI:141292	ANTIFUNGAL	2r-2-1r-4-methylcyclohex-3-en-1-yl-propanoic-acid
CHEBI:141296	ANTIFUNGAL	1r-4r-5r-8s-8-hydroxy-4-8-dimethyl-2-oxabicyclo-3-3-1-nonan-3-one
CHEBI:141302	ANTIFUNGAL	4-2-4-7-trioxa-bicyclo-4-1-0-heptan-3-yl-phenol
CHEBI:141315	ANTIFUNGAL	djalonensone
CHEBI:141316	ANTIFUNGAL	rhizopycnolide-a
CHEBI:141317	ANTIFUNGAL	2-phenylethyl-1h-indol-3-ylacetate
CHEBI:141319	ANTIFUNGAL	metam
CHEBI:141326	ANTIFUNGAL	metam-1
CHEBI:141329	ANTIFUNGAL	botryosphaerin-h
CHEBI:141330	ANTIFUNGAL	stemphyperylenol
CHEBI:141332	ANTIFUNGAL	guignardone-n
CHEBI:141334	ANTIFUNGAL	palmariol-b
CHEBI:141335	ANTIFUNGAL	4-hydroxymellein
CHEBI:141337	ANTIFUNGAL	botrallin
CHEBI:141338	ANTIFUNGAL	sporothriolide
CHEBI:141340	ANTIFUNGAL	altenusin
CHEBI:141341	ANTIFUNGAL	5-undeca-3-5-7-trien-1-yl-furan-2-ol
CHEBI:141343	ANTIFUNGAL	5-hydroxybenzofuran-2-one
CHEBI:141345	ANTIFUNGAL	r-3-hydroxybutanenitrile
CHEBI:141354	ANTIFUNGAL	5-hydroxy-8-methoxy-4-phenylisoquinolin-1-2h-one
CHEBI:141359	ANTIFUNGAL	fusarithioamide-a
CHEBI:141360	ANTIBACTERIAL	helvolic-acid-methyl-ester
CHEBI:141361	ANTIFUNGAL	aigialone
CHEBI:141363	ANTIFUNGAL	isoaigialone-b
CHEBI:141365	ANTIFUNGAL	sclerodol-b
CHEBI:141380	ANTIBACTERIAL	indanomycin
CHEBI:141398	ANTIFUNGAL	ethyl-2-hydroxy-5-methylpyrazolo-1-5-a-pyrimidine-6-carboxylate
CHEBI:141405	ANTIFUNGAL	1-2-3-benzothiadiazole-7-carboxylic-acid
CHEBI:141644	ANTIVIRAL	trisodium-phosphonoformate
CHEBI:141991	ANTIBACTERIAL	cinnamycin
CHEBI:142061	ANTIBACTERIAL	trichosetin-1
CHEBI:142133	ANTIBACTERIAL	trichosetin
CHEBI:142135	ANTIBACTERIAL	equisetin
CHEBI:142261	ANTIVIRAL	ganoderol-b
CHEBI:142517	ANTIMICROBIAL_UNSPECIFIED	tschimganine
CHEBI:142825	ANTIFUNGAL	methfuroxam
CHEBI:142841	ANTIPROTOZOAL	spectinabilin
CHEBI:143030	ANTIBACTERIAL	3-phenethylamino-butan-2-one
CHEBI:143246	ANTIMICROBIAL_UNSPECIFIED	1-hydroxymethyl-5-5-dimethylhydantoin
CHEBI:143285	ANTIMICROBIAL_UNSPECIFIED	l-propargylglycine-zwitterion
CHEBI:143596	ANTIFUNGAL	ipflufenoquin
CHEBI:143825	ANTIFUNGAL	ravuconazole
CHEBI:143904	ANTIFUNGAL	3-4-methyl-1-2-3-thiadiazolyl-6-trichloromethyl-1-2-4-triazolo-3-4-b-1
CHEBI:143911	ANTIVIRAL	antofine
CHEBI:144087	ANTIBACTERIAL	bromodeoxytopsentin
CHEBI:144088	ANTIVIRAL	bromotopsentin
CHEBI:144185	ANTIMICROBIAL_UNSPECIFIED	pannarin
CHEBI:144323	ANTIFUNGAL	zinc-dibutyldithiocarbamate
CHEBI:144351	ANTIFUNGAL	zinc-diethyldithiocarbamate
CHEBI:144354	ANTIBACTERIAL	methyl-γ-linolenate
CHEBI:144441	ANTIPROTOZOAL	triacsin-c
CHEBI:144586	ANTIBACTERIAL	4-hydroxy-2-oxobutanal
CHEBI:144671	ANTIVIRAL	ldc4297
CHEBI:144729	ANTIBACTERIAL	l-β-ethynylserine-zwitterion
CHEBI:144833	ANTIBACTERIAL	l-β-ethynylserine
CHEBI:144949	ANTIVIRAL	nsc-23766-trihydrochloride
CHEBI:144984	ANTIVIRAL	nsc-23766
CHEBI:145026	ANTIVIRAL	l-psicose
CHEBI:145030	ANTIMYCOBACTERIAL	steviolbioside
CHEBI:145043	ANTIFUNGAL	solasodine-1
CHEBI:145111	ANTIBACTERIAL	isopatulin
CHEBI:145339	ANTIBACTERIAL	erythromycin-n-methyl-14c
CHEBI:145405	ANTIBACTERIAL	sulfabromomethazine
CHEBI:145407	ANTIBACTERIAL	sulfaethoxypyridazine
CHEBI:145520	ANTIVIRAL	fasnall
CHEBI:145667	ANTIFUNGAL	fluopimomide
CHEBI:145817	ANTIMICROBIAL_UNSPECIFIED	neophytadiene
CHEBI:145818	ANTIBACTERIAL	mupirocin-calcium-anhydrous
CHEBI:145868	ANTIFUNGAL	r-fluoxapiprolin
CHEBI:145869	ANTIFUNGAL	s-fluoxapiprolin
CHEBI:145874	ANTIBACTERIAL	deoxyherqueinone-1
CHEBI:145901	ANTIBACTERIAL	deoxyherqueinone
CHEBI:145924	ANTIVIRAL	kaletra
CHEBI:145950	ANTIFUNGAL	nigerone
CHEBI:145994	ANTIVIRAL	remdesivir
CHEBI:145998	ANTIVIRAL	n-2-aminoethyl-1-aziridine-ethanamine
CHEBI:145999	ANTIVIRAL	cinanserin
CHEBI:146000	ANTIPROTOZOAL	emetine-dihydrochloride-hydrate
CHEBI:146007	ANTIBACTERIAL	m-viriditoxin
CHEBI:146138	ANTIBACTERIAL	3-3-dimethylquercetin
CHEBI:146142	ANTIMYCOBACTERIAL	3-4-dimethylkaempferol
CHEBI:146153	ANTIMICROBIAL_UNSPECIFIED	ilicicolin-b
CHEBI:146227	ANTIBACTERIAL	halicin
CHEBI:146309	ANTIBACTERIAL	3-methylorsellinic-acid
CHEBI:147281	ANTIVIRAL	gs-441524
CHEBI:147284	ANTIVIRAL	cinanserin-hydrochloride
CHEBI:147346	ANTIVIRAL	sg85
CHEBI:147347	ANTIVIRAL	tilorone
CHEBI:147356	ANTIVIRAL	tilorone-dihydrochloride
CHEBI:147409	ANTIVIRAL	tert-butyl-n-1-1s-1-1r-2s-1-benzylcarbamoyl-1-hydroxy-3-3s-2-oxopyrrol
CHEBI:147675	ANTIVIRAL	5-iodo-2-deoxyuridine
CHEBI:148439	ANTIFUNGAL	cyclanilide
CHEBI:149426	ANTIVIRAL	6-de-cyclopropylamino-6-2-methylazetidin-1-yl-abacavir
CHEBI:149430	ANTIVIRAL	6-de-cyclopropylamino-6-2-2-dimethylazetidin-1-yl-abacavir
CHEBI:149431	ANTIVIRAL	6-de-cyclopropylamino-6-azetidin-1-yl-abacavir
CHEBI:149432	ANTIVIRAL	6-de-cyclopropylamino-6-3-isopropoxyazetidin-1-yl-abacavir
CHEBI:149434	ANTIVIRAL	6-de-cyclopropylamino-6-3-fluoroazetidin-1-yl-abacavir
CHEBI:149435	ANTIVIRAL	6-de-cyclopropylamino-6-3-methoxyazetidin-1-yl-abacavir
CHEBI:149436	ANTIVIRAL	6-de-cyclopropylamino-6-3-cyclopropyl-3-fluoroazetidin-1-yl-abacavir
CHEBI:149437	ANTIVIRAL	6-de-cyclopropylamino-6-isobutylamino-abacavir
CHEBI:149438	ANTIVIRAL	6-de-cyclopropylamino-6-s-sec-butylamino-abacavir
CHEBI:149551	ANTIPROTOZOAL	emetine-dihydrochloride
CHEBI:149619	ANTIVIRAL	isoaspulvinone-e
CHEBI:149634	ANTIPROTOZOAL	dehydroemetine
CHEBI:149636	ANTIVIRAL	cenicriviroc
CHEBI:149660	ANTIBACTERIAL	atromentin
CHEBI:149679	ANTIVIRAL	n-tert-butoxycarbonyl-l-seryl-l-valyl-n-2s-3e-5-ethoxy-5-oxo-1-3s-2-ox
CHEBI:149680	ANTIVIRAL	n-4-1h-benzotriazol-1-yl-acetyl-thiophen-3-yl-methyl-amino-phenyl-prop
CHEBI:149693	ANTIVIRAL	n-4-1h-benzotriazol-1-ylacetyl-thiophen-3-ylmethyl-amino-phenyl-2-meth
CHEBI:149836	ANTIBACTERIAL	tigecycline
CHEBI:150866	ANTIVIRAL	gs-441524-monophosphate
CHEBI:150869	ANTIVIRAL	gs-443902
CHEBI:152054	ANTIBACTERIAL	nataloe-emodin
CHEBI:152058	ANTIFUNGAL	ethylmercuric-chloride
CHEBI:152560	ANTIVIRAL	n-2s-3-cyclohexyl-1-oxo-1-2s-1-oxo-3-3s-2-oxopyrrolidin-3-yl-propan-2-
CHEBI:152561	ANTIVIRAL	3-fluoro-nα-1h-indol-2-ylcarbonyl-n-2s-1-oxo-3-3s-2-oxopyrrolidin-3-yl
CHEBI:152570	ANTIBACTERIAL	butremycin
CHEBI:15353	ANTIFUNGAL	blasticidin-s
CHEBI:15366	BIOCIDE	acetic-acid
CHEBI:15390	ANTIMICROBIAL_UNSPECIFIED	bisdechlorogeodin
CHEBI:15391	ANTIMICROBIAL_UNSPECIFIED	bisdechlorogeodin-15391
CHEBI:15399	ANTIFUNGAL	carvone
CHEBI:15400	ANTIFUNGAL	carvone-15400
CHEBI:15417	ANTIVIRAL	ent-kaur-16-en-19-oic-acid
CHEBI:155860	ANTIBACTERIAL	2-4-dihydroxy-3-methyl-6-2-oxopropyl-benzaldehyde
CHEBI:155904	ANTIFUNGAL	albicanol
CHEBI:155927	ANTIPROTOZOAL	arterolane-maleate
CHEBI:156041	ANTIVIRAL	rac5c
CHEBI:156070	BIOCIDE	butyl-benzoate
CHEBI:156072	BIOCIDE	propyl-benzoate
CHEBI:156095	ANTIPROTOZOAL	lumefantrine
CHEBI:156148	ANTIPROTOZOAL	ascofuranone
CHEBI:156193	ANTIPROTOZOAL	serratol
CHEBI:156209	ANTIMYCOBACTERIAL	s-ethyl-l-cysteine
CHEBI:156219	ANTIFUNGAL	ascochlorin
CHEBI:156228	ANTIMYCOBACTERIAL	viridiflorol
CHEBI:156289	ANTIVIRAL	decanoyl-l-arg-l-val-l-lys-l-arg-chloromethylketone
CHEBI:156291	ANTIMICROBIAL_UNSPECIFIED	oviedomycin
CHEBI:156294	ANTIMICROBIAL_UNSPECIFIED	steffimycin-d
CHEBI:156298	ANTIFUNGAL	aurafuron-a
CHEBI:156301	ANTIMICROBIAL_UNSPECIFIED	auricin
CHEBI:156313	ANTIBACTERIAL	erdasporine-a
CHEBI:156314	ANTIBACTERIAL	erdasporine-b
CHEBI:156315	ANTIBACTERIAL	erdasporine-c
CHEBI:156331	ANTIVIRAL	3-deoxy-3-4-didehydro-cytidine
CHEBI:156336	ANTIVIRAL	3-deoxy-3-4-didehydro-ctp
CHEBI:156363	ANTIBACTERIAL	gibepyrone-a
CHEBI:156382	ANTIFUNGAL	jawsamycin
CHEBI:156386	ANTIBACTERIAL	asperlactone
CHEBI:156387	ANTIBACTERIAL	aspyrone
CHEBI:156426	ANTIBACTERIAL	curacomycin
CHEBI:156429	ANTIBACTERIAL	tabtoxin
CHEBI:156432	ANTIFUNGAL	florylpicoxamid
CHEBI:156434	ANTIFUNGAL	5-3-1-phenylethoxy-4-2-phenylethoxy-phenyl-methylene-4-oxo-2-thioxo-3-
CHEBI:156450	ANTIBACTERIAL	thiolutin
CHEBI:156451	ANTIBACTERIAL	holomycin
CHEBI:156452	ANTIBACTERIAL	aureothricin
CHEBI:156453	ANTIBACTERIAL	pyoluteorin
CHEBI:156455	ANTIBACTERIAL	tropodithietic-acid
CHEBI:15649	ANTIBACTERIAL	3-6-9-trihydroxypterocarpan
CHEBI:156498	ANTIPROTOZOAL	rohitukine
CHEBI:156511	ANTIFUNGAL	poacic-acid
CHEBI:156550	ANTIBACTERIAL	pyrrolomycin-a
CHEBI:15660	ANTIMICROBIAL_UNSPECIFIED	z-2-2-furyl-3-5-nitro-2-furyl-acrylamide
CHEBI:15712	ANTIFUNGAL	2-3-dihydrobiochanin-a
CHEBI:15715	ANTIBACTERIAL	streptomycin-3-phosphate
CHEBI:157175	ANTIBACTERIAL	enoxacin
CHEBI:15732	ANTIVIRAL	phosphonoacetic-acid
CHEBI:15756	ANTIBACTERIAL	palmitic-acid
CHEBI:157681	ANTIBACTERIAL	tomaymycin
CHEBI:157683	ANTIBACTERIAL	althiomycin
CHEBI:15776	ANTIBACTERIAL	cephalosporin-c
CHEBI:157785	ANTIBACTERIAL	sulbactam-sodium
CHEBI:15782	ANTIMYCOBACTERIAL	viomycin
CHEBI:15795	ANTIMICROBIAL_UNSPECIFIED	protoaphin-aglucone
CHEBI:15837	ANTIFUNGAL	isoamylol
CHEBI:15838	ANTIBACTERIAL	7r-7-5-carboxy-5-oxopentanamido-cephalosporanic-acid
CHEBI:15854	ANTIPROTOZOAL	quinine
CHEBI:15882	BIOCIDE	phenol
CHEBI:15906	ANTIBACTERIAL	demethylmacrocin
CHEBI:15932	ANTIVIRAL	apiin
CHEBI:16016	ANTIFUNGAL	dihydroxyacetone
CHEBI:16118	ANTIFUNGAL	berberine
CHEBI:161680	ANTIBACTERIAL	aztreonam
CHEBI:16188	ANTIFUNGAL	octan-1-ol
CHEBI:16196	ANTIBACTERIAL	oleic-acid
CHEBI:16213	ANTIMICROBIAL_UNSPECIFIED	coformycin
CHEBI:16236	BIOCIDE	ethanol
CHEBI:16240	BIOCIDE	hydrogen-peroxide
CHEBI:16243	ANTIBACTERIAL	quercetin
CHEBI:16251	ANTIMICROBIAL_UNSPECIFIED	deaminohydroxyblasticidin-s
CHEBI:16299	ANTIMICROBIAL_UNSPECIFIED	dehydrocoformycin
CHEBI:16348	ANTIMYCOBACTERIAL	3-nitropropanoic-acid
CHEBI:16363	ANTIFUNGAL	α-santonin
CHEBI:164200	ANTIBACTERIAL	triclosan
CHEBI:16479	ANTIBACTERIAL	streptomycin-6-phosphate
CHEBI:16483	ANTIBACTERIAL	isonocardicin-a
CHEBI:16505	ANTIBACTERIAL	dihydrostreptomycin-6-phosphate
CHEBI:165218	ANTIBACTERIAL	methyl-3-hydroxybenzoate
CHEBI:16547	ANTIFUNGAL	coniferyl-aldehyde
CHEBI:16605	ANTIBACTERIAL	allyl-alcohol
CHEBI:16619	ANTIMICROBIAL_UNSPECIFIED	2-trans-6-trans-farnesol
CHEBI:166564	ANTIVIRAL	n-methyl-1-deoxynojirimycin
CHEBI:16664	ANTIFUNGAL	albendazole
CHEBI:166657	ANTIBACTERIAL	3-phenylbutyric-acid
CHEBI:166872	ANTIBACTERIAL	nucleocidin
CHEBI:166908	ANTIFUNGAL	inpyrfluxam
CHEBI:167043	ANTIBACTERIAL	ochrindole-a
CHEBI:167048	ANTIMYCOBACTERIAL	levesquamide
CHEBI:16705	ANTIBACTERIAL	6-aminopenicillanic-acid
CHEBI:167054	ANTIFUNGAL	acrophiarin
CHEBI:167099	BIOCIDE	benzo-d-isothiazol-3-one
CHEBI:167176	ANTIVIRAL	grl-0617
CHEBI:167182	ANTIMYCOBACTERIAL	n-butyl-5-4-hydroxyphenyl-6-oxo-1-6-dihydropyrazine-2-carboxamide
CHEBI:167207	BIOCIDE	benzododecinium-bromide
CHEBI:167208	BIOCIDE	benzododecinium-chloride
CHEBI:16731	ANTIFUNGAL	e-cinnamaldehyde
CHEBI:167314	ANTIVIRAL	kom70144
CHEBI:167317	ANTIBACTERIAL	e-tomaymycin
CHEBI:167318	ANTIBACTERIAL	z-tomaymycin
CHEBI:167557	ANTIBACTERIAL	cannabichromenic-acid
CHEBI:167566	ANTIFUNGAL	maremycin-g
CHEBI:167650	ANTIPROTOZOAL	asp-3026
CHEBI:167663	ANTIBACTERIAL	mi-1148
CHEBI:167666	ANTIVIRAL	n-ethyl-1-deoxynojirimycin
CHEBI:167669	ANTIVIRAL	e-2-4-2-chlorophenyl-1-3-thiazol-2-yl-hydrazinylidene-methyl-benzoic-a
CHEBI:167695	ANTIBACTERIAL	punicalagin
CHEBI:16774	ANTIMICROBIAL_UNSPECIFIED	2-cis-6-trans-farnesol
CHEBI:16778	ANTIBACTERIAL	apigenin-7-o-β-d-glucoside
CHEBI:167830	ANTIVIRAL	isorhapontigenin
CHEBI:16786	ANTIBACTERIAL	vestitone
CHEBI:167893	ANTIPROTOZOAL	sid-26681509
CHEBI:167899	ANTIVIRAL	mefuparib-hydrochloride
CHEBI:167905	ANTIVIRAL	mefuparib
CHEBI:168396	ANTIVIRAL	mycophenolic-acid
CHEBI:16842	BIOCIDE	formaldehyde
CHEBI:16860	ANTIMICROBIAL_UNSPECIFIED	3-4-5-7-tetrahydroxy-3-methoxyflavone
CHEBI:16861	ANTIBACTERIAL	7-o-phosphohygromycin-b
CHEBI:16869	ANTIBACTERIAL	oleandomycin
CHEBI:16914	ANTIFUNGAL	salicylic-acid
CHEBI:16976	ANTIBACTERIAL	hygromycin-b
CHEBI:170007	ANTIVIRAL	nirmatrelvir
CHEBI:170009	ANTIVIRAL	favipiravir-rtp
CHEBI:17012	ANTIVIRAL	n-acetylneuraminic-acid
CHEBI:17043	ANTIFUNGAL	biphenyl-2-ol
CHEBI:17076	ANTIBACTERIAL	streptomycin
CHEBI:17097	ANTIFUNGAL	biphenyl
CHEBI:17098	ANTIFUNGAL	veratraldehyde
CHEBI:17161	ANTIMICROBIAL_UNSPECIFIED	o-demethylpuromycin
CHEBI:171656	ANTIBACTERIAL	3-methylarginine
CHEBI:171658	ANTIBACTERIAL	promysalin
CHEBI:171660	ANTIFUNGAL	inuloxin-a
CHEBI:171673	ANTIMICROBIAL_UNSPECIFIED	dutomycin
CHEBI:171741	ANTIFUNGAL	cerulenin
CHEBI:17183	ANTIFUNGAL	sanguinarine
CHEBI:17209	ANTIFUNGAL	dihydrosanguinarine
CHEBI:17225	ANTIVIRAL	salutaridine
CHEBI:17231	ANTIFUNGAL	m-cresol
CHEBI:172375	ANTIBACTERIAL	pantocin-a
CHEBI:172596	ANTIMICROBIAL_UNSPECIFIED	nifursol
CHEBI:172918	ANTIVIRAL	pf-00835231
CHEBI:172922	ANTIBACTERIAL	ethylzingerone
CHEBI:172943	ANTIVIRAL	bictegravir
CHEBI:172944	ANTIVIRAL	cabotegravir
CHEBI:172948	ANTIVIRAL	cabotegravir-sodium
CHEBI:172961	ANTIVIRAL	bictegravir-sodium
CHEBI:17302	ANTIMICROBIAL_UNSPECIFIED	pentadecanal
CHEBI:173073	ANTIVIRAL	pf-07304814
CHEBI:173086	ANTIFUNGAL	ferrostatin-1
CHEBI:173104	ANTIVIRAL	narlaprevir
CHEBI:173119	ANTIFUNGAL	6z-nerolidol
CHEBI:17351	ANTIBACTERIAL	linoleic-acid
CHEBI:17371	ANTIBACTERIAL	macrocin
CHEBI:174376	ANTIBACTERIAL	rhapontigenin
CHEBI:17484	ANTIBACTERIAL	benzyl-isothiocyanate
CHEBI:17558	ANTIPROTOZOAL	quercitrin
CHEBI:17580	ANTIMICROBIAL_UNSPECIFIED	linalool
CHEBI:175901	ANTIVIRAL	gemcitabine
CHEBI:17630	ANTIBACTERIAL	kanamycin-a
CHEBI:176336	ANTIFUNGAL	3r-6z-nerolidol
CHEBI:176337	ANTIFUNGAL	3s-6z-nerolidol
CHEBI:17642	ANTIFUNGAL	pentachlorophenol
CHEBI:176500	ANTIBACTERIAL	bay11-7085
CHEBI:17656	ANTIBACTERIAL	r-mandelic-acid
CHEBI:17658	ANTIBACTERIAL	tylosin
CHEBI:17695	ANTIFUNGAL	casbene
CHEBI:17698	ANTIBACTERIAL	chloramphenicol
CHEBI:17704	ANTIVIRAL	aspulvinone-e
CHEBI:177047	ANTIBACTERIAL	velutin
CHEBI:17711	ANTIBACTERIAL	nocardicin-a
CHEBI:177359	ANTIBACTERIAL	mansouramycin-a
CHEBI:177387	ANTIVIRAL	brequinar
CHEBI:17751	ANTIBACTERIAL	dihydrostreptomycin-3-α-6-bisphosphate
CHEBI:177533	ANTIPROTOZOAL	itarnafloxin
CHEBI:177871	ANTIVIRAL	brequinar-sodium
CHEBI:177872	ANTIMICROBIAL_UNSPECIFIED	n-trans-cinnamoyltyramine
CHEBI:17847	ANTIFUNGAL	p-cresol
CHEBI:17909	ANTIFUNGAL	polysulfur
CHEBI:17939	ANTIBACTERIAL	puromycin
CHEBI:180481	ANTIVIRAL	ribavirin-5-diphosphate
CHEBI:180645	ANTIVIRAL	2cn113
CHEBI:180646	ANTIVIRAL	2cn115
CHEBI:18065	ANTIBACTERIAL	deacetylcephalosporin-c
CHEBI:180653	ANTIVIRAL	molnupiravir
CHEBI:180654	ANTIVIRAL	n4-hydroxycytidine
CHEBI:18142	ANTIBACTERIAL	n6-acetylkanamycin-b
CHEBI:18145	ANTIVIRAL	r-r-r-α-tocopherol
CHEBI:18165	ANTIBACTERIAL	isopenicillin-n
CHEBI:18203	ANTIBACTERIAL	penicillin-n
CHEBI:18208	ANTIBACTERIAL	benzylpenicillin
CHEBI:18229	ANTIBACTERIAL	deacetoxycephalosporin-c
CHEBI:183228	ANTIVIRAL	r-goitrin
CHEBI:184373	ANTIBACTERIAL	cremeomycin
CHEBI:185029	ANTIBACTERIAL	hexadecan-2-ol
CHEBI:18822	ANTIPROTOZOAL	z-z-z-geranylgeraniol
CHEBI:189648	ANTIVIRAL	pb28
CHEBI:189704	ANTIVIRAL	saikosaponin-c
CHEBI:190009	ANTIBACTERIAL	himastatin
CHEBI:190404	ANTIVIRAL	3β-2-diethylaminoethoxy-androst-5-en-17-one-hydrochloride
CHEBI:191856	ANTIVIRAL	helioxanthin
CHEBI:192263	ANTIFUNGAL	metarylpicoxamid
CHEBI:192379	ANTIBACTERIAL	quinacillin
CHEBI:192380	ANTIBACTERIAL	cefaloram
CHEBI:192538	ANTIFUNGAL	12z-10-hydroxyoctadec-12-enoic-acid
CHEBI:192555	ANTIVIRAL	asterriquinone-c1
CHEBI:192702	ANTIVIRAL	ladanein
CHEBI:192798	ANTIBACTERIAL	sulfociprofloxacin
CHEBI:192979	ANTIFUNGAL	nystatin-a2
CHEBI:193157	ANTIFUNGAL	sceliphrolactam
CHEBI:193161	ANTIFUNGAL	isovanillin
CHEBI:193597	ANTIVIRAL	ars-1620
CHEBI:194126	ANTIBACTERIAL	ochnaflavone
CHEBI:194138	ANTIBACTERIAL	methyl-trans-cinnamate
CHEBI:194484	ANTIBACTERIAL	flavocillin
CHEBI:195170	ANTIVIRAL	uranidine
CHEBI:195185	ANTIPROTOZOAL	gravacridonediol
CHEBI:195240	ANTIBACTERIAL	6-methoxy-2-benzoxazolinone
CHEBI:195253	ANTIVIRAL	5-hydroxy-3-methylfuran-2-5h-one
CHEBI:195280	ANTIPROTOZOAL	artemether
CHEBI:195298	ANTIBACTERIAL	loganetin
CHEBI:195409	ANTIBACTERIAL	tilmicosin
CHEBI:195437	ANTIBACTERIAL	gamithromycin
CHEBI:195528	ANTIFUNGAL	npd6433
CHEBI:195558	ANTIBACTERIAL	entrectinib
CHEBI:201384	ANTIBACTERIAL	sartorypyrone-d
CHEBI:204928	ANTIBACTERIAL	cefotaxime
CHEBI:20651	ANTIFUNGAL	5α-ergosta-7-22-dien-3β-ol
CHEBI:207229	ANTIPROTOZOAL	dihydroartemisinin
CHEBI:209807	ANTIBACTERIAL	cefoxitin
CHEBI:214480	ANTIBACTERIAL	loracarbef-zwitterion
CHEBI:2156	ANTIBACTERIAL	6-8-diprenylnaringenin
CHEBI:21826	ANTIBACTERIAL	n3-acetylgentamycin
CHEBI:218817	ANTIBACTERIAL	4-3-4-5-tribromo-1h-pyrrol-2-yl-methyl-phenol
CHEBI:219363	ANTIFUNGAL	reedsmycin-a
CHEBI:219367	ANTIFUNGAL	reedsmycin-b
CHEBI:219375	ANTIFUNGAL	reedsmycin-c
CHEBI:219380	ANTIFUNGAL	reedsmycin-d
CHEBI:219386	ANTIFUNGAL	reedsmycin-e
CHEBI:222417	ANTIBACTERIAL	fluopsin-c
CHEBI:223316	ANTIPROTOZOAL	artemisinin
CHEBI:22689	ANTIFUNGAL	bafilomycin-a1
CHEBI:228133	ANTIBACTERIAL	1-2-dodecanediol
CHEBI:228225	ANTIFUNGAL	isoflucypram
CHEBI:228234	ANTIVIRAL	trans-fustin
CHEBI:228235	ANTIVIRAL	trans-fustin-228235
CHEBI:228238	ANTIFUNGAL	chloroinconazide
CHEBI:228289	ANTIBACTERIAL	pachyaximine-a
CHEBI:228296	ANTIBACTERIAL	5α-cholesta-24-en-3β-20β-diol-23-one
CHEBI:228298	ANTIBACTERIAL	5α-cholesta-9-11-en-3β-20β-diol
CHEBI:228372	ANTIFUNGAL	9ξ-14ξ-25s-cholestane-3β-4β-6β-7α-8-15α-16β-26-octol
CHEBI:22899	ANTIMICROBIAL_UNSPECIFIED	bisdechlorogeodin-22899
CHEBI:229223	ANTIVIRAL	daprodustat
CHEBI:229230	ANTIBACTERIAL	etrasimod
CHEBI:229539	ANTIBACTERIAL	durlobactam
CHEBI:229544	ANTIBACTERIAL	durlobactam-sodium
CHEBI:229635	ANTIBACTERIAL	n-lauryldiethanolamine
CHEBI:229666	ANTIBACTERIAL	geranylgeranyl-acetate
CHEBI:229680	ANTIFUNGAL	rezafungin
CHEBI:229720	ANTIFUNGAL	solasodine-3-β-d-glucoside
CHEBI:229724	ANTIVIRAL	herquline-a
CHEBI:229753	ANTIFUNGAL	fenopyramid
CHEBI:229760	ANTIFUNGAL	flupyroxystrobin
CHEBI:230243	ANTIBACTERIAL	verrucarin-a
CHEBI:230470	ANTIFUNGAL	rezafungin-acetate
CHEBI:230532	ANTIVIRAL	smip004
CHEBI:23064	ANTIBACTERIAL	cephalosporanic-acid
CHEBI:231501	BIOCIDE	potassium-permanganate
CHEBI:231505	ANTIBACTERIAL	gallium-nitrate
CHEBI:231676	ANTIVIRAL	sf2523
CHEBI:231728	ANTIVIRAL	stibavirin
CHEBI:231816	ANTIPROTOZOAL	ct3
CHEBI:231919	ANTIBACTERIAL	fluopsin
CHEBI:231921	ANTIBACTERIAL	fluquinometoate
CHEBI:231944	ANTIFUNGAL	bifemetstrobin
CHEBI:232062	ANTIVIRAL	exophillic-acid
CHEBI:233498	ANTIVIRAL	3-4-5-tricaffeoylquinic-acid
CHEBI:233499	ANTIVIRAL	3-4-5-tri-e-caffeoylquinic-acid
CHEBI:233566	ANTIFUNGAL	ncx-4040
CHEBI:233600	ANTIFUNGAL	quinaminoprole
CHEBI:233620	ANTIBACTERIAL	α-punicalagin
CHEBI:233621	ANTIBACTERIAL	β-punicalagin
CHEBI:233659	ANTIBACTERIAL	erianin
CHEBI:233987	ANTIFUNGAL	aminotipyr
CHEBI:234123	ANTIBACTERIAL	sodium-nifurstyrenate
CHEBI:234142	ANTIBACTERIAL	sodium-z-nifurstyrenate
CHEBI:234143	ANTIBACTERIAL	sodium-e-nifurstyrenate
CHEBI:234200	ANTIBACTERIAL	rafoxanide
CHEBI:234346	ANTIBACTERIAL	ombuoside
CHEBI:234430	ANTIVIRAL	gardiquimod
CHEBI:234469	ANTIBACTERIAL	cannabinolic-acid
CHEBI:234507	ANTIFUNGAL	2-chloroacetamide
CHEBI:239133	ANTIFUNGAL	salicylanilide
CHEBI:2413	ANTIMICROBIAL_UNSPECIFIED	acetylblasticidin-s
CHEBI:24229	ANTIPROTOZOAL	geranylgeraniol
CHEBI:2444	ANTIBACTERIAL	actinodaphnine
CHEBI:244418	ANTIMYCOBACTERIAL	dehydrocostus-lactone
CHEBI:2448	ANTIMICROBIAL_UNSPECIFIED	actinorhodin
CHEBI:2450	ANTIFUNGAL	aculeacin-a
CHEBI:2453	ANTIVIRAL	acyclovir
CHEBI:2469	ANTIVIRAL	adefovir
CHEBI:24750	ANTIBACTERIAL	5-hydroxystreptomycin
CHEBI:2512	ANTIVIRAL	agathisflavone
CHEBI:25461	ANTIBACTERIAL	myxothiazole
CHEBI:25812	BIOCIDE	ozone
CHEBI:2596	ANTIMICROBIAL_UNSPECIFIED	alliin
CHEBI:2618	ANTIVIRAL	amantadine
CHEBI:2619	ANTIVIRAL	amantadine-hydrochloride
CHEBI:2631	ANTIVIRAL	amentoflavone
CHEBI:2637	ANTIBACTERIAL	amikacin
CHEBI:2638	ANTIBACTERIAL	amikacin-disulfate
CHEBI:2674	ANTIPROTOZOAL	amodiaquine
CHEBI:2676	ANTIBACTERIAL	amoxicillin
CHEBI:2682	ANTIFUNGAL	amphotericin-b
CHEBI:2696	ANTIBACTERIAL	anacardic-acid
CHEBI:27412	ANTIBACTERIAL	gentamycin-c1
CHEBI:27419	ANTIMICROBIAL_UNSPECIFIED	dehydrodeoxycoformycin
CHEBI:27446	ANTIBACTERIAL	phenoxymethylpenicillin
CHEBI:27461	ANTIBACTERIAL	selenohomocystine
CHEBI:27494	ANTIMICROBIAL_UNSPECIFIED	sophoraisoflavanone-a
CHEBI:27553	ANTIBACTERIAL	3-deoxydihydrostreptomycin-3-α-6-bisphosphate
CHEBI:27565	ANTIMYCOBACTERIAL	4-aminosalicylic-acid
CHEBI:27599	ANTIBACTERIAL	3-deoxydihydrostreptomycin-3-phosphate
CHEBI:27617	ANTIFUNGAL	monensin-a
CHEBI:2762	ANTIFUNGAL	antimycin-a
CHEBI:27641	ANTIFUNGAL	cycloheximide
CHEBI:27644	ANTIBACTERIAL	chlortetracycline
CHEBI:2766	ANTIVIRAL	aphidicolin
CHEBI:27666	ANTIBACTERIAL	actinomycin-d
CHEBI:27701	ANTIBACTERIAL	oxytetracycline
CHEBI:27744	ANTIFUNGAL	glyphosate
CHEBI:27774	ANTIFUNGAL	lubimin
CHEBI:27779	ANTIBACTERIAL	griseofulvin
CHEBI:27784	ANTIBACTERIAL	gentamycin-c1a
CHEBI:277842	ANTIFUNGAL	amphotericin-b-methyl-ester
CHEBI:27834	ANTIMICROBIAL_UNSPECIFIED	pentostatin
CHEBI:278547	ANTIBACTERIAL	sodium-azide
CHEBI:27860	ANTIVIRAL	castanospermine
CHEBI:27864	ANTIFUNGAL	2-6-dichloro-4-nitroaniline
CHEBI:2790	ANTIBACTERIAL	apramycin
CHEBI:27902	ANTIBACTERIAL	tetracycline
CHEBI:27918	ANTIBACTERIAL	dihydrostreptomycin-3-phosphate
CHEBI:27944	ANTIBACTERIAL	3-deoxydihydrostreptomycin-3-6-bisphosphate
CHEBI:27949	ANTIFUNGAL	e-sinapaldehyde
CHEBI:27965	ANTIBACTERIAL	conessine
CHEBI:28	ANTIMICROBIAL_UNSPECIFIED	r-linalool
CHEBI:28001	ANTIBACTERIAL	vancomycin
CHEBI:28054	ANTIFUNGAL	o-cresol
CHEBI:28077	ANTIMYCOBACTERIAL	rifampicin
CHEBI:28098	ANTIBACTERIAL	kanamycin-b
CHEBI:281056	ANTIBACTERIAL	loracarbef-anion
CHEBI:28106	ANTIBACTERIAL	isobavachalcone
CHEBI:28121	ANTIVIRAL	harmine
CHEBI:28126	ANTIBACTERIAL	5-6-7-trimethoxycoumarin
CHEBI:28130	ANTIVIRAL	13-14-dihydro-δ12-prostaglandin-j2
CHEBI:28147	ANTIBACTERIAL	n2-acetylgentamycin-c1a
CHEBI:28148	ANTIPROTOZOAL	sodium-stibogluconate
CHEBI:28185	ANTIBACTERIAL	kanamycin-c
CHEBI:28196	ANTIBACTERIAL	erythromycin-b
CHEBI:28217	ANTIFUNGAL	acrylonitrile
CHEBI:28239	ANTIBACTERIAL	erythromycin-e
CHEBI:28281	ANTIBACTERIAL	5-methoxyindole-3-acetic-acid
CHEBI:28283	ANTIFUNGAL	capsidiol
CHEBI:28285	ANTIFUNGAL	oligomycin-a
CHEBI:28292	ANTIBACTERIAL	gentamycin-c2
CHEBI:28295	ANTIBACTERIAL	2-deoxystreptamine
CHEBI:28312	ANTIBACTERIAL	chlorhexidine-gluconate
CHEBI:28327	ANTIBACTERIAL	naringenin-7-o-β-d-glucoside
CHEBI:28331	ANTIBACTERIAL	erythromycin-d
CHEBI:28333	ANTIBACTERIAL	dihydrostreptomycin-3-6-bisphosphate
CHEBI:28368	ANTIBACTERIAL	novobiocin
CHEBI:28411	ANTIBACTERIAL	allicin
CHEBI:28418	ANTIBACTERIAL	gentamycin-a
CHEBI:28460	ANTIBACTERIAL	maltotetraose
CHEBI:28472	ANTIVIRAL	proanthocyanidin-a2
CHEBI:28499	ANTIBACTERIAL	kaempferol
CHEBI:28523	ANTIPROTOZOAL	2-6-dihydroxy-4-methoxydihydrochalcone
CHEBI:28545	ANTIVIRAL	valinomycin
CHEBI:28590	ANTIBACTERIAL	3-deoxydihydrostreptomycin-6-phosphate
CHEBI:28591	BIOCIDE	guaiacol
CHEBI:28593	ANTIPROTOZOAL	quinidine
CHEBI:28600	ANTIMICROBIAL_UNSPECIFIED	farnesol
CHEBI:28631	ANTIFUNGAL	3-phenylpropionic-acid
CHEBI:2866	ANTIPROTOZOAL	ascaridole
CHEBI:28680	ANTIVIRAL	cytarabine
CHEBI:28703	ANTIBACTERIAL	dihydrostreptomycin-3-α-phosphate
CHEBI:28748	ANTIMICROBIAL_UNSPECIFIED	doxorubicin
CHEBI:28837	ANTIBACTERIAL	octanoic-acid
CHEBI:28849	ANTIBACTERIAL	naphthazarin
CHEBI:28864	ANTIBACTERIAL	tobramycin
CHEBI:28905	ANTIFUNGAL	prop-2-yn-1-ol
CHEBI:28908	ANTIMICROBIAL_UNSPECIFIED	bambermycin
CHEBI:28909	ANTIFUNGAL	iprodione
CHEBI:28913	ANTIBACTERIAL	2e-hexenal
CHEBI:28915	ANTIBACTERIAL	fosfomycin
CHEBI:28927	ANTIMYCOBACTERIAL	sakuranetin
CHEBI:28939	ANTIVIRAL	n-acetyl-l-cysteine
CHEBI:28948	ANTIBACTERIAL	gramine
CHEBI:2896	ANTIVIRAL	astemizole
CHEBI:28971	ANTIBACTERIAL	ampicillin
CHEBI:29007	ANTIBACTERIAL	ceftriaxone
CHEBI:29013	ANTIBACTERIAL	fusidic-acid
CHEBI:29014	ANTIBACTERIAL	cordycepin
CHEBI:29076	ANTIBACTERIAL	3-adenylylstreptomycin
CHEBI:29091	ANTIBACTERIAL	nocardicin-e
CHEBI:29491	ANTIBACTERIAL	5-o-β-d-mycaminosyltylactone
CHEBI:29505	ANTIBACTERIAL	a47934
CHEBI:29506	ANTIBACTERIAL	cethromycin
CHEBI:29515	ANTIMICROBIAL_UNSPECIFIED	ansamitocin-p3
CHEBI:2955	ANTIBACTERIAL	azithromycin
CHEBI:29556	ANTIBACTERIAL	chloroeremomycin
CHEBI:2956	ANTIBACTERIAL	azlocillin
CHEBI:29572	ANTIBACTERIAL	demethyllactenocin
CHEBI:29582	ANTIFUNGAL	ascomycin
CHEBI:29583	ANTIBACTERIAL	fengycin
CHEBI:29584	ANTIBACTERIAL	ge2270a
CHEBI:2962	ANTIFUNGAL	kresoxim-methyl
CHEBI:29623	ANTIMICROBIAL_UNSPECIFIED	manumycin-a
CHEBI:29630	ANTIBACTERIAL	methymycin
CHEBI:29649	ANTIBACTERIAL	narbomycin
CHEBI:29656	ANTIBACTERIAL	neomethymycin
CHEBI:29665	ANTIBACTERIAL	pikromycin
CHEBI:29668	ANTIBACTERIAL	pulvomycin
CHEBI:29670	ANTIBACTERIAL	ramoplanin
CHEBI:29672	ANTIBACTERIAL	resorcinol-monoacetate
CHEBI:29673	ANTIMYCOBACTERIAL	rifamycin-sv
CHEBI:29678	ANTIBACTERIAL	sodium-arsenite
CHEBI:2968	ANTIBACTERIAL	bacampicillin
CHEBI:29688	ANTIBACTERIAL	telithromycin
CHEBI:29693	ANTIBACTERIAL	thiostrepton
CHEBI:29694	ANTIBACTERIAL	thiotropocin
CHEBI:29701	ANTIBACTERIAL	tyrocidine-a
CHEBI:29702	ANTIBACTERIAL	undecylprodigiosin
CHEBI:29703	ANTIFUNGAL	validamycin-a
CHEBI:29705	ANTIBACTERIAL	valnemulin
CHEBI:29706	ANTIBACTERIAL	10-deoxymethymycin
CHEBI:2979	ANTIBACTERIAL	baicalein
CHEBI:2980	ANTIVIRAL	5-6-7-trimethoxyflavone
CHEBI:2981	ANTIBACTERIAL	baicalin
CHEBI:299	ANTIFUNGAL	r-citronellal
CHEBI:3000	ANTIFUNGAL	beauvericin
CHEBI:301	ANTIMICROBIAL_UNSPECIFIED	α-phellandrene
CHEBI:3015	ANTIFUNGAL	benomyl
CHEBI:30200	ANTIPROTOZOAL	kaempferol-3-o-β-d-glucoside
CHEBI:30270	ANTIPROTOZOAL	e64
CHEBI:30473	ANTIFUNGAL	fentin-hydroxide
CHEBI:3049	ANTIVIRAL	benzatropine-mesylate
CHEBI:30746	BIOCIDE	benzoic-acid
CHEBI:30751	ANTIBACTERIAL	formic-acid
CHEBI:30768	ANTIFUNGAL	propionic-acid
CHEBI:30769	ANTIMICROBIAL_UNSPECIFIED	citric-acid
CHEBI:30805	ANTIBACTERIAL	dodecanoic-acid
CHEBI:30813	ANTIBACTERIAL	decanoic-acid
CHEBI:30815	ANTIVIRAL	moronic-acid
CHEBI:3086	ANTIVIRAL	betulin
CHEBI:3087	ANTIPROTOZOAL	betulinic-acid
CHEBI:3088	ANTIMICROBIAL_UNSPECIFIED	bilanafos
CHEBI:3089	ANTIBACTERIAL	biapenem
CHEBI:3096	ANTIBACTERIAL	bikaverin
CHEBI:30986	ANTIMICROBIAL_UNSPECIFIED	frequentin
CHEBI:31000	ANTIVIRAL	docosan-1-ol
CHEBI:31031	ANTIBACTERIAL	13s-13-dihydrodaunorubicin
CHEBI:310388	ANTIBACTERIAL	ciprofloxacin-hydrochloride-anhydrous
CHEBI:31047	ANTIMICROBIAL_UNSPECIFIED	10-carboxy-13-deoxycarminomycin
CHEBI:31056	ANTIMICROBIAL_UNSPECIFIED	13-deoxycarminomycin
CHEBI:31057	ANTIBACTERIAL	13-deoxydaunorubicin
CHEBI:31058	ANTIMICROBIAL_UNSPECIFIED	13r-13-dihydrocarminomycin
CHEBI:31059	ANTIBACTERIAL	13-dihydrodaunorubicin
CHEBI:31144	ANTIMICROBIAL_UNSPECIFIED	8-demethyltetracenomycin-c
CHEBI:31168	ANTIBACTERIAL	spiramycin-ii
CHEBI:31175	ANTIVIRAL	adefovir-pivoxil
CHEBI:31240	ANTIBACTERIAL	aspoxicillin
CHEBI:31264	ANTIBACTERIAL	benzethonium-chloride
CHEBI:3131	ANTIFUNGAL	bithionol
CHEBI:31325	ANTIFUNGAL	butenafine-hydrochloride
CHEBI:31347	ANTIVIRAL	camostat-mesylate
CHEBI:31359	ANTIMICROBIAL_UNSPECIFIED	carminomycin
CHEBI:31368	ANTIBACTERIAL	cefepime-hydrochloride
CHEBI:31373	ANTIBACTERIAL	cefotiam-hexetil-dihydrochloride
CHEBI:31374	ANTIBACTERIAL	cefotiam-dihydrochloride
CHEBI:31379	ANTIBACTERIAL	cefroxadine
CHEBI:31383	ANTIBACTERIAL	ceftiofur
CHEBI:31389	ANTIMICROBIAL_UNSPECIFIED	chelidonine
CHEBI:3139	ANTIBACTERIAL	bleomycin-a2
CHEBI:31398	ANTIBACTERIAL	ciclopirox-olamine
CHEBI:31444	ANTIBACTERIAL	cyclacillin
CHEBI:31457	ANTIFUNGAL	decanal
CHEBI:31466	ANTIFUNGAL	dequalinium-chloride
CHEBI:315018	ANTIFUNGAL	echinocandin-b
CHEBI:315019	ANTIFUNGAL	cilofungin
CHEBI:31503	ANTIPROTOZOAL	dioncopeltine-a
CHEBI:31504	ANTIFUNGAL	dioncophylline-a
CHEBI:31505	ANTIPROTOZOAL	dioncophylline-c
CHEBI:31536	ANTIVIRAL	emtricitabine
CHEBI:31555	ANTIBACTERIAL	erythromycin-ethylsuccinate
CHEBI:31575	ANTIFUNGAL	ethylparaben
CHEBI:31585	ANTIFUNGAL	exalamide
CHEBI:31647	ANTIVIRAL	gemcitabine-hydrochloride
CHEBI:31690	ANTIVIRAL	imatinib-methanesulfonate
CHEBI:3170	ANTIBACTERIAL	brazilin
CHEBI:31724	ANTIBACTERIAL	iclaprim
CHEBI:31738	ANTIBACTERIAL	jadomycin-b
CHEBI:31739	ANTIBACTERIAL	josamycin
CHEBI:31742	ANTIFUNGAL	kaempferol-3-o-β-d-galactoside
CHEBI:31753	ANTIBACTERIAL	leucomycin-v
CHEBI:31781	ANTIVIRAL	lopinavir
CHEBI:31788	ANTIBACTERIAL	luteolin-7-o-neohesperidoside
CHEBI:31810	ANTIBACTERIAL	fleroxacin
CHEBI:31835	ANTIFUNGAL	methylparaben
CHEBI:31845	ANTIBACTERIAL	midecamycin
CHEBI:31856	ANTIMICROBIAL_UNSPECIFIED	mithramycin
CHEBI:31889	ANTIBACTERIAL	nadifloxacin
CHEBI:31900	ANTIFUNGAL	neticonazole-hydrochloride
CHEBI:31908	ANTIBACTERIAL	niddamycin
CHEBI:31927	ANTIFUNGAL	nystatin-a3
CHEBI:32019	ANTIBACTERIAL	piromidic-acid
CHEBI:32023	ANTIBACTERIAL	plaunotol
CHEBI:32034	ANTIMICROBIAL_UNSPECIFIED	potassium-bitartrate
CHEBI:32047	ANTIMICROBIAL_UNSPECIFIED	premithramycin-a2
CHEBI:32049	ANTIMICROBIAL_UNSPECIFIED	premithramycin-a3
CHEBI:32063	ANTIFUNGAL	propylparaben
CHEBI:32066	ANTIBACTERIAL	prothionamide
CHEBI:32071	ANTIBACTERIAL	prulifloxacin
CHEBI:32079	ANTIFUNGAL	pyrrolnitrin
CHEBI:3209	ANTIVIRAL	buformin
CHEBI:32096	ANTIMICROBIAL_UNSPECIFIED	rhodomycin-d
CHEBI:32103	ANTIBACTERIAL	rokitamycin
CHEBI:32109	ANTIBACTERIAL	z-roxithromycin
CHEBI:32146	BIOCIDE	sodium-hypochlorite
CHEBI:32150	ANTIFUNGAL	sodium-thiosulfate-pentahydrate
CHEBI:32161	ANTIBACTERIAL	sulfadimethoxine
CHEBI:32166	ANTIBACTERIAL	sulfisomidine
CHEBI:32197	ANTIBACTERIAL	tetracenomycin-a2
CHEBI:32198	ANTIMICROBIAL_UNSPECIFIED	tetracenomycin-b1
CHEBI:32199	ANTIMICROBIAL_UNSPECIFIED	tetracenomycin-b2
CHEBI:32200	ANTIMICROBIAL_UNSPECIFIED	tetracenomycin-b3
CHEBI:32201	ANTIMICROBIAL_UNSPECIFIED	tetracenomycin-d1
CHEBI:32202	ANTIMICROBIAL_UNSPECIFIED	tetracenomycin-d3
CHEBI:32204	ANTIMICROBIAL_UNSPECIFIED	tetracenomycin-e
CHEBI:32205	ANTIMICROBIAL_UNSPECIFIED	tetracenomycin-f1
CHEBI:32207	ANTIMICROBIAL_UNSPECIFIED	tetracenomycin-f2
CHEBI:32208	ANTIMICROBIAL_UNSPECIFIED	tetracenomycin-m
CHEBI:32209	ANTIBACTERIAL	tetracenomycin-x
CHEBI:32211	ANTIMICROBIAL_UNSPECIFIED	tetrangomycin
CHEBI:32215	ANTIBACTERIAL	thiamphenicol
CHEBI:32216	ANTIVIRAL	thiethylperazine-maleate
CHEBI:32248	ANTIMICROBIAL_UNSPECIFIED	tosufloxacin-tosylate-hydrate
CHEBI:32269	ANTIPROTOZOAL	tropisetron
CHEBI:32279	ANTIMICROBIAL_UNSPECIFIED	urdamycin-a
CHEBI:32368	ANTIFUNGAL	undecanoic-acid
CHEBI:3238	ANTIFUNGAL	butenafine
CHEBI:3240	ANTIFUNGAL	butoconazole
CHEBI:3241	ANTIFUNGAL	butoconazole-nitrate
CHEBI:324935	ANTIMICROBIAL_UNSPECIFIED	fumagillol
CHEBI:3252	ANTIMICROBIAL_UNSPECIFIED	c-1027-chromophore
CHEBI:3259	ANTIBACTERIAL	cccp
CHEBI:32617	ANTIBACTERIAL	aplasmomycin
CHEBI:327119	ANTIBACTERIAL	azetidin-2-one
CHEBI:32800	ANTIBACTERIAL	s-mandelic-acid
CHEBI:32888	ANTIBACTERIAL	γ-hexachlorocyclohexane
CHEBI:33012	ANTIBACTERIAL	nocardicin-f
CHEBI:3305	ANTIBACTERIAL	calcimycin
CHEBI:3319	ANTIMICROBIAL_UNSPECIFIED	calicheamicin-γ1i
CHEBI:3349	ANTIFUNGAL	candicidin-d
CHEBI:3363	ANTIMYCOBACTERIAL	canthin-6-one
CHEBI:338412	ANTIVIRAL	anisomycin
CHEBI:3392	ANTIFUNGAL	carbendazim
CHEBI:3393	ANTIBACTERIAL	carbenicillin
CHEBI:3405	ANTIFUNGAL	carboxin
CHEBI:34118	ANTIMICROBIAL_UNSPECIFIED	oct-1-en-3-ol
CHEBI:3414	ANTIBACTERIAL	carfecillin
CHEBI:34241	ANTIFUNGAL	2-4-xylenol
CHEBI:3434	ANTIFUNGAL	carpropamid
CHEBI:34393	BIOCIDE	4-chloro-3-5-dimethylphenol
CHEBI:34395	BIOCIDE	4-chloro-m-cresol
CHEBI:3440	ANTIFUNGAL	carvacrol
CHEBI:34553	ANTIBACTERIAL	balofloxacin
CHEBI:34608	ANTIFUNGAL	captan
CHEBI:34613	ANTIBACTERIAL	cefaloglycin
CHEBI:34614	ANTIBACTERIAL	cefamandole-sodium
CHEBI:34617	ANTIBACTERIAL	cefotetan-disodium
CHEBI:34618	ANTIBACTERIAL	ceftibuten-dihydrate
CHEBI:34638	ANTIMICROBIAL_UNSPECIFIED	chromomycin-a3
CHEBI:34652	ANTIMICROBIAL_UNSPECIFIED	compactin-diol-lactone
CHEBI:34690	ANTIBACTERIAL	dichlorvos
CHEBI:34730	ANTIBACTERIAL	doxycycline-hyclate
CHEBI:34735	ANTIFUNGAL	edifenphos
CHEBI:34759	ANTIFUNGAL	fenpiclonil
CHEBI:3478	ANTIBACTERIAL	cefaclor
CHEBI:34785	ANTIBACTERIAL	heptachlor
CHEBI:3479	ANTIBACTERIAL	cefadroxil
CHEBI:3480	ANTIBACTERIAL	cefamandole
CHEBI:3481	ANTIBACTERIAL	cefamandole-nafate
CHEBI:34828	ANTIMICROBIAL_UNSPECIFIED	ml-236c
CHEBI:3484	ANTIBACTERIAL	cefclidin
CHEBI:34848	ANTIFUNGAL	mevastatin
CHEBI:3485	ANTIBACTERIAL	cefdinir
CHEBI:34858	ANTIBACTERIAL	mupirocin-calcium-hydrate
CHEBI:3488	ANTIBACTERIAL	cefluprenam
CHEBI:3489	ANTIBACTERIAL	cefmetazole
CHEBI:3490	ANTIMICROBIAL_UNSPECIFIED	cefmetazole-sodium
CHEBI:34908	ANTIFUNGAL	pentachloronitrobenzene
CHEBI:3491	ANTIBACTERIAL	cefonicid
CHEBI:3493	ANTIBACTERIAL	cefoperazone
CHEBI:3495	ANTIBACTERIAL	ceforanide
CHEBI:3496	ANTIBACTERIAL	cefoselis
CHEBI:3499	ANTIBACTERIAL	cefotetan
CHEBI:34995	ANTIMICROBIAL_UNSPECIFIED	teicoplanin-a2-1
CHEBI:34996	ANTIMICROBIAL_UNSPECIFIED	teicoplanin-a2-3
CHEBI:34997	ANTIMICROBIAL_UNSPECIFIED	teicoplanin-a2-4
CHEBI:34998	ANTIMICROBIAL_UNSPECIFIED	teicoplanin-a2-5
CHEBI:35014	ANTIFUNGAL	thiophanate-methyl
CHEBI:3502	ANTIBACTERIAL	cefozopran
CHEBI:3503	ANTIBACTERIAL	cefpirome
CHEBI:35036	ANTIFUNGAL	fentin-chloride
CHEBI:3504	ANTIBACTERIAL	cefpodoxime
CHEBI:35045	ANTIFUNGAL	10-undecenoic-acid
CHEBI:3505	ANTIBACTERIAL	cefpodoxime-proxetil
CHEBI:3506	ANTIBACTERIAL	cefprozil
CHEBI:3507	ANTIBACTERIAL	cefsulodin
CHEBI:3508	ANTIBACTERIAL	ceftazidime
CHEBI:3510	ANTIBACTERIAL	ceftibuten
CHEBI:3515	ANTIBACTERIAL	cefuroxime
CHEBI:3534	ANTIBACTERIAL	cephalexin
CHEBI:3535	ANTIBACTERIAL	cephalexin-monohydrate
CHEBI:3537	ANTIBACTERIAL	cefaloridine
CHEBI:3543	ANTIBACTERIAL	cephamycin-c
CHEBI:3545	ANTIBACTERIAL	cephapirin-sodium
CHEBI:3547	ANTIBACTERIAL	cephradine
CHEBI:355510	ANTIBACTERIAL	cefotiam
CHEBI:35720	ANTIBACTERIAL	enrofloxacin
CHEBI:35817	ANTIBACTERIAL	roxarsone
CHEBI:35825	ANTIBACTERIAL	mandelic-acid
CHEBI:35854	ANTIVIRAL	valacyclovir
CHEBI:35862	ANTIBACTERIAL	bacitracin-a
CHEBI:35966	ANTIMICROBIAL_UNSPECIFIED	2-trans-6-cis-farnesol
CHEBI:35986	ANTIFUNGAL	nonan-1-ol
CHEBI:35991	ANTIBACTERIAL	penam
CHEBI:35993	ANTIBACTERIAL	cepham
CHEBI:35994	ANTIBACTERIAL	penem
CHEBI:36049	ANTIBACTERIAL	sodium-arsanilate
CHEBI:3613	ANTIFUNGAL	chlorflavonin
CHEBI:3614	ANTIBACTERIAL	chlorhexidine
CHEBI:3628	ANTIFUNGAL	chloroneb
CHEBI:3638	ANTIPROTOZOAL	chloroquine
CHEBI:3639	ANTIFUNGAL	chlorothalonil
CHEBI:3642	ANTIBACTERIAL	chlorphenesin
CHEBI:3647	ANTIVIRAL	chlorpromazine
CHEBI:3649	ANTIVIRAL	chlorpromazine-hydrochloride
CHEBI:367	ANTIMICROBIAL_UNSPECIFIED	α-phellandrene-367
CHEBI:367163	ANTIVIRAL	darunavir
CHEBI:36798	ANTIVIRAL	dothiepin
CHEBI:368	ANTIFUNGAL	s-citronellal
CHEBI:36802	ANTIVIRAL	cis-dothiepin
CHEBI:36803	ANTIVIRAL	trans-dothiepin
CHEBI:3687	ANTIVIRAL	chrysophanol
CHEBI:3689	ANTIVIRAL	chrysosplenetin
CHEBI:3690	ANTIVIRAL	chrysosplenol-c
CHEBI:3696	ANTIVIRAL	cidofovir-anhydrous
CHEBI:3716	ANTIBACTERIAL	cinoxacin
CHEBI:3732	ANTIBACTERIAL	clarithromycin
CHEBI:37447	ANTIVIRAL	meso-tetrakis-n-methyl-4-pyridyl-porphine-4
CHEBI:3745	ANTIBACTERIAL	clindamycin
CHEBI:3749	ANTIMYCOBACTERIAL	clofazimine
CHEBI:3755	ANTIVIRAL	clomipramine-hydrochloride
CHEBI:37597	ANTIPROTOZOAL	s-quinacrine
CHEBI:3764	ANTIFUNGAL	clotrimazole
CHEBI:37806	ANTIBACTERIAL	penicillanic-acid
CHEBI:37907	ANTIBACTERIAL	r-nadifloxacin
CHEBI:37908	ANTIBACTERIAL	s-nadifloxacin
CHEBI:37922	ANTIBACTERIAL	arbekacin
CHEBI:37923	ANTIBACTERIAL	astromicin
CHEBI:37924	ANTIVIRAL	atazanavir
CHEBI:37945	ANTIBACTERIAL	dibekacin
CHEBI:38009	ANTIBACTERIAL	3-6-di-n-acetylkanamycin-a
CHEBI:38167	ANTIBACTERIAL	physcion
CHEBI:38265	ANTIFUNGAL	carvone-38265
CHEBI:38291	ANTIBACTERIAL	dihydrostreptomycin
CHEBI:38319	ANTIFUNGAL	usnic-acid-38319
CHEBI:38320	ANTIFUNGAL	usnic-acid-38320
CHEBI:38344	ANTIPROTOZOAL	hellebrigenin
CHEBI:383703	ANTIBACTERIAL	3-6-diamino-10-methylacridinium-chloride
CHEBI:38628	ANTIFUNGAL	tolfenpyrad
CHEBI:38729	ANTIBACTERIAL	naled
CHEBI:38746	ANTIFUNGAL	parathion-methyl
CHEBI:3887	ANTIPROTOZOAL	coronaridine
CHEBI:38947	ANTIVIRAL	dithiodiphosphoric-acid
CHEBI:38990	ANTIBACTERIAL	vamidothion
CHEBI:3900	ANTIVIRAL	costunolide
CHEBI:3907	ANTIBACTERIAL	coumermycin-a1
CHEBI:39147	ANTIMICROBIAL_UNSPECIFIED	trichostatin-c
CHEBI:39148	ANTIMICROBIAL_UNSPECIFIED	trichostatin-b
CHEBI:39160	ANTIMICROBIAL_UNSPECIFIED	trichostatin-d
CHEBI:39254	ANTIPROTOZOAL	s-chloroquine
CHEBI:39285	ANTIFUNGAL	chloropicrin
CHEBI:3930	ANTIPROTOZOAL	cryptolepine
CHEBI:3932	ANTIVIRAL	cryptopleurine
CHEBI:39349	ANTIFUNGAL	4-6-dinitro-o-cresol
CHEBI:3962	ANTIFUNGAL	curcumin
CHEBI:39669	ANTIBACTERIAL	diflunisal
CHEBI:39826	ANTIFUNGAL	2-allylphenol
CHEBI:39900	ANTIVIRAL	n-5-methyl-1-2-oxazol-3-yl-carbonyl-l-alanyl-l-valyl-n-2s-3e-5-benzylo
CHEBI:39932	ANTIMICROBIAL_UNSPECIFIED	r-oct-1-en-3-ol
CHEBI:40009	ANTIMYCOBACTERIAL	d-cycloserine
CHEBI:40021	ANTIVIRAL	tiratricol
CHEBI:40050	ANTIVIRAL	amprenavir
CHEBI:4031	ANTIFUNGAL	cyclosporin-a
CHEBI:40322	ANTIMICROBIAL_UNSPECIFIED	tmc-95a
CHEBI:4045	ANTIFUNGAL	cyprodinil
CHEBI:404903	ANTIBACTERIAL	ertapenem
CHEBI:40629	ANTIPROTOZOAL	aee788
CHEBI:40699	ANTIBACTERIAL	anthramycin
CHEBI:40909	ANTIFUNGAL	azoxystrobin
CHEBI:40926	ANTIFUNGAL	fosetyl
CHEBI:41425	ANTIBACTERIAL	7r-7-4-carboxybutanamido-cephalosporanic-acid
CHEBI:41688	ANTIBACTERIAL	crystal-violet
CHEBI:41872	ANTIFUNGAL	dequalinium
CHEBI:41879	ANTIBACTERIAL	dexamethasone
CHEBI:41922	ANTIFUNGAL	diethylstilbestrol
CHEBI:41948	ANTIPROTOZOAL	eflornithine
CHEBI:41977	ANTIMICROBIAL_UNSPECIFIED	daunorubicin
CHEBI:42053	ANTIMICROBIAL_UNSPECIFIED	nemorubicin
CHEBI:42068	ANTIMICROBIAL_UNSPECIFIED	idarubicin
CHEBI:42082	ANTIVIRAL	4r-5s-6s-7r-4-7-dibenzyl-5-6-dihydroxy-1-3-bis-4-hydroxymethyl-benzyl-
CHEBI:421707	ANTIVIRAL	abacavir
CHEBI:421843	ANTIVIRAL	carbovir
CHEBI:42355	ANTIBACTERIAL	erythromycin-a
CHEBI:42452	ANTIMICROBIAL_UNSPECIFIED	formycin-a
CHEBI:42471	ANTIVIRAL	forskolin
CHEBI:42530	BIOCIDE	peracetic-acid
CHEBI:42600	ANTIBACTERIAL	l-fucitol
CHEBI:42654	ANTIMICROBIAL_UNSPECIFIED	formycin-b
CHEBI:42680	ANTIMICROBIAL_UNSPECIFIED	2-cis-6-cis-farnesol
CHEBI:42768	ANTIPROTOZOAL	geneticin
CHEBI:4304	ANTIBACTERIAL	sitafloxacin
CHEBI:43040	ANTIMICROBIAL_UNSPECIFIED	hadacidin
CHEBI:43060	ANTIVIRAL	1-2-hydroxyethoxy-methyl-6-phenylsulfanyl-thymine
CHEBI:43089	ANTIVIRAL	n-hydroxyguanidine
CHEBI:4309	ANTIBACTERIAL	dalfopristin
CHEBI:4316	ANTIFUNGAL	danielone
CHEBI:4324	ANTIVIRAL	daphnoretin
CHEBI:4325	ANTIMYCOBACTERIAL	dapsone
CHEBI:4357	ANTIVIRAL	deguelin
CHEBI:43616	ANTIMICROBIAL_UNSPECIFIED	k-252a
CHEBI:4379	ANTIVIRAL	delavirdine-mesylate
CHEBI:4392	ANTIBACTERIAL	demeclocycline
CHEBI:43968	ANTIBACTERIAL	meropenem
CHEBI:44032	ANTIVIRAL	indinavir
CHEBI:44107	ANTIBACTERIAL	malachite-green-cation
CHEBI:44137	ANTIBACTERIAL	tiamulin
CHEBI:4414	ANTIFUNGAL	deoxylapachol
CHEBI:44143	ANTIVIRAL	emivirine
CHEBI:44368	ANTIBACTERIAL	nitrofurazone
CHEBI:44369	ANTIVIRAL	duvoglustat
CHEBI:443725	ANTIBACTERIAL	fosmidomycin
CHEBI:44401	ANTIFUNGAL	lawsone
CHEBI:44485	ANTIVIRAL	n-ethylmaleimide
CHEBI:44499	ANTIFUNGAL	methyl-nonanoate
CHEBI:44504	ANTIMICROBIAL_UNSPECIFIED	nogalamycin
CHEBI:44514	ANTIBACTERIAL	o-methyl-l-threonine
CHEBI:4488	ANTIFUNGAL	diallyl-disulfide
CHEBI:44976	ANTIFUNGAL	phosphonic-acid
CHEBI:45081	ANTIFUNGAL	pentamidine
CHEBI:4511	ANTIBACTERIAL	dicloxacillin
CHEBI:45141	ANTIFUNGAL	pyroquilon
CHEBI:4520	ANTIFUNGAL	diethofencarb
CHEBI:45257	ANTIBACTERIAL	ribostamycin
CHEBI:45285	ANTIMYCOBACTERIAL	pyrazinecarboxamide
CHEBI:453011	ANTIBACTERIAL	ciclopirox
CHEBI:45304	ANTIMYCOBACTERIAL	rifapentine
CHEBI:45307	ANTIVIRAL	seliciclib
CHEBI:45327	ANTIMICROBIAL_UNSPECIFIED	adenine-arabinoside
CHEBI:45367	ANTIBACTERIAL	rifabutin
CHEBI:4537	ANTIBACTERIAL	difloxacin
CHEBI:45373	ANTIBACTERIAL	sulfanilamide
CHEBI:45395	ANTIMICROBIAL_UNSPECIFIED	pyrithiamine-pyrophosphate
CHEBI:45409	ANTIVIRAL	ritonavir
CHEBI:45453	ANTIFUNGAL	sinefungin
CHEBI:45490	ANTIVIRAL	ribavirin-5-monophosphate
CHEBI:45578	ANTIVIRAL	ribavirin-5-triphosphate
CHEBI:4559	ANTIBACTERIAL	dihydroconiferyl-alcohol
CHEBI:45615	ANTIBACTERIAL	salicylhydroxamic-acid
CHEBI:45666	ANTIVIRAL	sdz-35-682
CHEBI:45735	ANTIBACTERIAL	troleandomycin
CHEBI:45744	ANTIVIRAL	n-acetyl-β-neuraminic-acid
CHEBI:45773	ANTIMICROBIAL_UNSPECIFIED	streptolydigin
CHEBI:45906	ANTIPROTOZOAL	suramin
CHEBI:45924	ANTIBACTERIAL	trimethoprim
CHEBI:45979	ANTIFUNGAL	thiabendazole
CHEBI:46024	ANTIFUNGAL	trichostatin-a
CHEBI:46081	ANTIFUNGAL	fluconazole
CHEBI:46202	ANTIMYCOBACTERIAL	undecanal
CHEBI:46238	ANTIVIRAL	u100313
CHEBI:4629	ANTIVIRAL	diosgenin
CHEBI:46345	ANTIFUNGAL	5-fluorouracil
CHEBI:4640	ANTIFUNGAL	diphenylamine
CHEBI:46414	ANTIVIRAL	n-s-butyl-n-2r-3s-3-3as-5r-6ar-hexahydro-2h-cyclopenta-b-furan-5-yloxy
CHEBI:46416	ANTIBACTERIAL	virginiamycin-s1
CHEBI:465284	ANTIVIRAL	ganciclovir
CHEBI:46577	ANTIBACTERIAL	dextrofloxacin
CHEBI:4659	ANTIFUNGAL	disulfiram
CHEBI:4672	ANTIPROTOZOAL	docetaxel-anhydrous
CHEBI:46735	ANTIMICROBIAL_UNSPECIFIED	s-oct-1-en-3-ol
CHEBI:46742	ANTIVIRAL	nutlin-3
CHEBI:46762	ANTIPROTOZOAL	e-e-e-geranylgeraniol
CHEBI:46764	ANTIBACTERIAL	1β-methylcarbapenem
CHEBI:46765	ANTIBACTERIAL	carbapenem
CHEBI:471744	ANTIBACTERIAL	imipenem
CHEBI:472657	ANTIBACTERIAL	cefixime
CHEBI:47278	ANTIVIRAL	brivudine
CHEBI:47351	ANTIFUNGAL	1s-3r-2-2-dichloro-n-1r-1-4-chlorophenyl-ethyl-1-ethyl-3-methylcyclopr
CHEBI:47395	ANTIMICROBIAL_UNSPECIFIED	devancoaminyl-vancomycin
CHEBI:473990	ANTIVIRAL	entecavir-anhydrous
CHEBI:473992	ANTIFUNGAL	nystatin-a1
CHEBI:474014	ANTIBACTERIAL	dirithromycin
CHEBI:474053	ANTIBACTERIAL	cefazolin
CHEBI:474180	ANTIFUNGAL	caspofungin
CHEBI:47458	ANTIVIRAL	saracatinib
CHEBI:47544	ANTIBACTERIAL	loracarbef
CHEBI:47617	ANTIFUNGAL	4-5-6-7-tetrachloro-2-benzofuran-1-3h-one
CHEBI:47696	ANTIFUNGAL	2-4-6-tribromophenol
CHEBI:47724	ANTIBACTERIAL	vancomycin-aglycone
CHEBI:47727	ANTIVIRAL	5-5-2-chloro-4-4-5-dihydro-1-3-oxazol-2-yl-phenoxy-pentyl-3-methylisox
CHEBI:4778	ANTIMICROBIAL_UNSPECIFIED	embelin
CHEBI:47780	ANTIVIRAL	clomipramine
CHEBI:4781	ANTIPROTOZOAL	emetine
CHEBI:478164	ANTIBACTERIAL	cefepime
CHEBI:47856	ANTIFUNGAL	citronellal
CHEBI:47898	ANTIMICROBIAL_UNSPECIFIED	4-epidoxorubicin
CHEBI:48080	ANTIBACTERIAL	brefeldin-a
CHEBI:48131	ANTIBACTERIAL	nonanedioic-acid
CHEBI:48200	ANTIMICROBIAL_UNSPECIFIED	griseusin-b
CHEBI:48201	ANTIMICROBIAL_UNSPECIFIED	frenolicin-b
CHEBI:48202	ANTIMICROBIAL_UNSPECIFIED	nanaomycin-a
CHEBI:48267	ANTIFUNGAL	tubercidin
CHEBI:48347	BIOCIDE	triclocarban
CHEBI:4846	ANTIBACTERIAL	erythromycin-estolate
CHEBI:48635	ANTIBACTERIAL	fumagillin
CHEBI:4874	ANTIFUNGAL	etaconazole
CHEBI:4877	ANTIMYCOBACTERIAL	ethambutol
CHEBI:4878	ANTIMYCOBACTERIAL	ethambutol-dihydrochloride
CHEBI:48811	ANTIPROTOZOAL	r-chloroquine
CHEBI:4883	ANTIPROTOZOAL	ethidium-bromide
CHEBI:48844	ANTIBACTERIAL	roxithromycin
CHEBI:4885	ANTIMYCOBACTERIAL	ethionamide
CHEBI:48913	ANTIBACTERIAL	erythromycin-a-2-propanoate
CHEBI:4893	ANTIBACTERIAL	ethyl-acetoacetate
CHEBI:48935	ANTIBACTERIAL	e-roxithromycin
CHEBI:48947	ANTIBACTERIAL	clavulanic-acid
CHEBI:48958	ANTIBACTERIAL	diamide
CHEBI:48981	ANTIBACTERIAL	quinolin-8-ol
CHEBI:49026	ANTIVIRAL	n-acetyl-α-neuraminic-acid
CHEBI:490877	ANTIVIRAL	didanosine
CHEBI:4916	ANTIFUNGAL	eugeniin
CHEBI:4917	ANTIBACTERIAL	eugenol
CHEBI:49375	ANTIVIRAL	dasatinib-anhydrous
CHEBI:49566	ANTIBACTERIAL	cloxacillin
CHEBI:4974	ANTIVIRAL	famciclovir
CHEBI:49845	ANTIPROTOZOAL	r-quinacrine
CHEBI:49976	BIOCIDE	zinc-dichloride
CHEBI:50035	ANTIMICROBIAL_UNSPECIFIED	α-phellandrene-50035
CHEBI:50194	ANTIBACTERIAL	pefloxacin-mesylate
CHEBI:50199	ANTIBACTERIAL	pefloxacin
CHEBI:50209	ANTIPROTOZOAL	sophoraflavanone-g
CHEBI:50301	ANTIMICROBIAL_UNSPECIFIED	terpentecin
CHEBI:50381	ANTIVIRAL	miglustat
CHEBI:50437	ANTIBACTERIAL	nocardamine
CHEBI:50652	ANTIVIRAL	amodiaquine-hydrochloride
CHEBI:50663	ANTIVIRAL	zanamivir
CHEBI:50667	ANTIVIRAL	mercaptopurine
CHEBI:50687	ANTIBACTERIAL	metronidazole-hydrochloride
CHEBI:50688	ANTIBACTERIAL	metronidazole-benzoate
CHEBI:50694	ANTIBACTERIAL	minocycline
CHEBI:50845	ANTIBACTERIAL	doxycycline
CHEBI:50924	ANTIVIRAL	sorafenib
CHEBI:5098	ANTIBACTERIAL	flucloxacillin
CHEBI:5100	ANTIFUNGAL	flucytosine
CHEBI:51033	ANTIMICROBIAL_UNSPECIFIED	myxopyronin-a
CHEBI:51207	ANTIBACTERIAL	penicillin-o
CHEBI:51208	ANTIBACTERIAL	mecillinam
CHEBI:51210	ANTIBACTERIAL	pivmecillinam
CHEBI:5123	ANTIVIRAL	fluphenazine
CHEBI:51254	ANTIBACTERIAL	amoxicillin-trihydrate
CHEBI:51257	ANTIBACTERIAL	6α-r-1-hydroxyethyl-2-r-tetrahydrofuran-2-yl-pen-2-em-3-carboxylic-aci
CHEBI:51460	ANTIMICROBIAL_UNSPECIFIED	albaflavenone
CHEBI:5169	ANTIBACTERIAL	fraxetin
CHEBI:51691	ANTIBACTERIAL	apalcillin
CHEBI:51758	ANTIBACTERIAL	azidocillin
CHEBI:51763	ANTIBACTERIAL	cellocidin
CHEBI:51770	ANTIBACTERIAL	sultamicillin
CHEBI:51788	ANTIBACTERIAL	faropenem
CHEBI:51790	ANTIBACTERIAL	6β-s-1-hydroxyethyl-2-r-tetrahydrofuran-2-yl-pen-2-em-3-carboxylic-aci
CHEBI:51791	ANTIBACTERIAL	faropenem-1
CHEBI:51792	ANTIBACTERIAL	6β-s-1-hydroxyethyl-2-r-tetrahydrofuran-2-yl-pen-2-em-3-carboxylate
CHEBI:51795	ANTIBACTERIAL	6α-r-1-hydroxyethyl-2-r-tetrahydrofuran-2-yl-pen-2-em-3-carboxylate
CHEBI:51797	ANTIBACTERIAL	6α-s-1-hydroxyethyl-2-r-tetrahydrofuran-2-yl-pen-2-em-3-carboxylate
CHEBI:51799	ANTIBACTERIAL	imipenem-hydrate
CHEBI:51804	ANTIPROTOZOAL	imidocarb
CHEBI:51805	ANTIMICROBIAL_UNSPECIFIED	imidurea
CHEBI:51817	ANTIBACTERIAL	temocillin
CHEBI:5195	ANTIBACTERIAL	furazolidone
CHEBI:52015	ANTIBACTERIAL	carindacillin
CHEBI:5202	ANTIVIRAL	fustin
CHEBI:52060	ANTIBACTERIAL	metampicillin
CHEBI:52086	ANTIFUNGAL	glyceollin-iii
CHEBI:52172	ANTIVIRAL	nilotinib
CHEBI:52250	ANTIPROTOZOAL	quinine-sulfate
CHEBI:52289	ANTIVIRAL	wortmannin
CHEBI:52304	ANTIBACTERIAL	7-aminoactinomycin-d
CHEBI:52316	ANTIFUNGAL	cordycepin-triphosphate
CHEBI:52427	ANTIBACTERIAL	phenethicillin
CHEBI:52429	ANTIBACTERIAL	propicillin
CHEBI:52476	BIOCIDE	sodium-phenolate
CHEBI:52498	ANTIFUNGAL	zineb
CHEBI:52511	ANTIMICROBIAL_UNSPECIFIED	olivomycin-a
CHEBI:52549	ANTIFUNGAL	sordarin
CHEBI:52550	ANTIFUNGAL	theopalauamide
CHEBI:52551	ANTIFUNGAL	stichloroside-c1
CHEBI:52611	ANTIVIRAL	n-2-hydroxybenzoyl-2-6-dimethoxybenzohydrazide
CHEBI:5262	ANTIMICROBIAL_UNSPECIFIED	galangin
CHEBI:52646	ANTIFUNGAL	leptomycin-b
CHEBI:52650	ANTIFUNGAL	leptomycin-a
CHEBI:52717	ANTIPROTOZOAL	bortezomib
CHEBI:5280	ANTIBACTERIAL	gatifloxacin
CHEBI:5283	ANTIPROTOZOAL	geissoschizoline
CHEBI:5292	ANTIVIRAL	geldanamycin
CHEBI:53273	ANTIMICROBIAL_UNSPECIFIED	esperamicin-a1
CHEBI:5353	ANTIVIRAL	ginkgetin
CHEBI:53560	ANTIBACTERIAL	r-gatifloxacin
CHEBI:53562	ANTIBACTERIAL	s-gatifloxacin
CHEBI:53620	ANTIFUNGAL	methylisothiazolinone
CHEBI:53621	ANTIMICROBIAL_UNSPECIFIED	chloromethylisothiazolinone
CHEBI:53654	ANTIBACTERIAL	o-formylcefamandole
CHEBI:53661	ANTIBACTERIAL	alexidine
CHEBI:5369	ANTIPROTOZOAL	glabridin
CHEBI:5371	ANTIPROTOZOAL	glaucarubinone
CHEBI:53727	ANTIMYCOBACTERIAL	sulfamethoxydiazine
CHEBI:5373	ANTIBACTERIAL	s-glaucine
CHEBI:53749	ANTIMICROBIAL_UNSPECIFIED	gemifloxacin-mesylate
CHEBI:53767	BIOCIDE	chloramine-t
CHEBI:5385	ANTIFUNGAL	gliotoxin
CHEBI:542606	ANTIPROTOZOAL	minquartynoic-acid
CHEBI:5533	ANTIMICROBIAL_UNSPECIFIED	granaticin
CHEBI:55346	ANTIFUNGAL	anidulafungin
CHEBI:553473	ANTIBACTERIAL	ceftizoxime
CHEBI:5543	ANTIBACTERIAL	grepafloxacin
CHEBI:554446	ANTIBACTERIAL	cephapirin
CHEBI:55482	ANTIMICROBIAL_UNSPECIFIED	4-2-nitrobutyl-morpholine
CHEBI:55486	ANTIBACTERIAL	carumonam
CHEBI:55488	ANTIBACTERIAL	cefuzonam
CHEBI:55490	ANTIBACTERIAL	cefmenoxime
CHEBI:55548	ANTIBACTERIAL	sulfamoxole
CHEBI:556075	ANTIFUNGAL	radicicol
CHEBI:556580	ANTIFUNGAL	fenticlor
CHEBI:5569	ANTIFUNGAL	iminoctadine
CHEBI:560555	ANTIBACTERIAL	cefditoren-pivoxil
CHEBI:5623	ANTIVIRAL	harman
CHEBI:5659	ANTIMYCOBACTERIAL	hentriacontane
CHEBI:5674	ANTIMICROBIAL_UNSPECIFIED	herbimycin
CHEBI:5683	ANTIBACTERIAL	hetacillin
CHEBI:5692	ANTIFUNGAL	hexachlorobenzene
CHEBI:5693	ANTIBACTERIAL	hexachlorophene
CHEBI:569624	ANTIFUNGAL	papulacandin-b
CHEBI:5722	ANTIPROTOZOAL	hinokinin
CHEBI:57289	ANTIFUNGAL	blasticidin-s-1
CHEBI:575568	ANTIFUNGAL	atovaquone
CHEBI:5769	ANTIBACTERIAL	humulone
CHEBI:5801	ANTIPROTOZOAL	hydroxychloroquine
CHEBI:5818	ANTIVIRAL	hydroxyzine
CHEBI:582124	ANTIFUNGAL	myriocin
CHEBI:5827	ANTIFUNGAL	hymexazol
CHEBI:5834	ANTIBACTERIAL	hyperforin
CHEBI:58974	ANTIBACTERIAL	epicillin
CHEBI:58998	ANTIBACTERIAL	carbapenem-mm22383
CHEBI:59004	ANTIBACTERIAL	6-formamidopenicillanic-acid
CHEBI:59008	ANTIFUNGAL	piroctone-olamine
CHEBI:59009	ANTIFUNGAL	piroctone
CHEBI:59040	ANTIBACTERIAL	lymecycline
CHEBI:59057	ANTIBACTERIAL	sulfachloropyridazine
CHEBI:59063	ANTIBACTERIAL	polymyxin-b2
CHEBI:59064	ANTIBACTERIAL	colistin-a
CHEBI:59177	ANTIMICROBIAL_UNSPECIFIED	bromazine
CHEBI:59178	ANTIMICROBIAL_UNSPECIFIED	bromazine-hydrochloride
CHEBI:59213	ANTIBACTERIAL	cefpiramide
CHEBI:59287	ANTIFUNGAL	r-butaconazole
CHEBI:59288	ANTIFUNGAL	s-butoconazole
CHEBI:59289	ANTIFUNGAL	r-butoconazole-nitrate
CHEBI:59290	ANTIFUNGAL	s-butoconazole-nitrate
CHEBI:59301	ANTIMICROBIAL_UNSPECIFIED	r-bromazine
CHEBI:59302	ANTIMICROBIAL_UNSPECIFIED	s-bromazine
CHEBI:59304	ANTIMICROBIAL_UNSPECIFIED	r-bromazine-hydrochloride
CHEBI:59305	ANTIMICROBIAL_UNSPECIFIED	s-bromazine-hydrochloride
CHEBI:59343	ANTIBACTERIAL	cefditoren
CHEBI:59349	ANTIBACTERIAL	cefepime-1
CHEBI:59477	ANTIBACTERIAL	chloroxine
CHEBI:59479	ANTIBACTERIAL	r-chlorphenesin
CHEBI:59480	ANTIBACTERIAL	s-chlorphenesin
CHEBI:59495	ANTIVIRAL	cidofovir-dihydrate
CHEBI:5950	ANTIBACTERIAL	iodoquinol
CHEBI:59589	ANTIBACTERIAL	clomocycline
CHEBI:59607	ANTIBACTERIAL	quaternium-15
CHEBI:59649	ANTIFUNGAL	amorolfine-hydrochloride
CHEBI:59663	ANTIBACTERIAL	colistin-a-sodium-methanesulfonate
CHEBI:59664	ANTIBACTERIAL	colistin-b-sodium-methanesulfonate
CHEBI:59669	ANTIBACTERIAL	colistimethate-a
CHEBI:59671	ANTIBACTERIAL	colistimethate-b
CHEBI:59673	ANTIBACTERIAL	colistin-b
CHEBI:59725	ANTIBACTERIAL	demeclocycline-hydrochloride
CHEBI:5981	ANTIFUNGAL	isoalantolactone
CHEBI:59900	ANTIFUNGAL	caspofungin-acetate
CHEBI:59902	ANTIVIRAL	entecavir-hydrate
CHEBI:59936	ANTIBACTERIAL	ciprofloxacin-hydrochloride-hydrate
CHEBI:59938	ANTIBACTERIAL	ciprofloxacin-dihydrochloride
CHEBI:599440	ANTIFUNGAL	amorolfine
CHEBI:599928	ANTIBACTERIAL	moxalactam
CHEBI:600103	ANTIBACTERIAL	daptomycin
CHEBI:600520	ANTIFUNGAL	micafungin
CHEBI:60070	ANTIBACTERIAL	ertapenem-sodium
CHEBI:60269	ANTIVIRAL	trisodium-phosphonoformate-hexahydrate
CHEBI:6030	ANTIMYCOBACTERIAL	isoniazide
CHEBI:6047	ANTIFUNGAL	isoprothiolane
CHEBI:60584	ANTIBACTERIAL	bicozamycin
CHEBI:60607	ANTIFUNGAL	metalaxyl-m
CHEBI:60648	ANTIBACTERIAL	doxycycline-monohydrate
CHEBI:6076	ANTIFUNGAL	itraconazole
CHEBI:60761	ANTIVIRAL	floxuridine
CHEBI:60821	ANTIBACTERIAL	streptothricin-f
CHEBI:60822	ANTIMICROBIAL_UNSPECIFIED	streptothricin-f-3
CHEBI:60828	ANTIMICROBIAL_UNSPECIFIED	streptothricin-d
CHEBI:6088	ANTIFUNGAL	jervine
CHEBI:608828	ANTIVIRAL	enfuvirtide
CHEBI:61080	ANTIMICROBIAL_UNSPECIFIED	romidepsin
CHEBI:6109	ANTIBACTERIAL	kanamycin-a-sulfate
CHEBI:6116	ANTIPROTOZOAL	kavapyrone
CHEBI:6141	ANTIPROTOZOAL	knipholone
CHEBI:615	ANTIBACTERIAL	1-carbapenem-3-carboxylic-acid
CHEBI:61699	ANTIBACTERIAL	α-gurjunene
CHEBI:61739	ANTIBACTERIAL	aureobasidin-a
CHEBI:61748	ANTIFUNGAL	e-oct-2-enal
CHEBI:61749	ANTIFUNGAL	enfumafungin
CHEBI:62219	ANTIBACTERIAL	2-heptyl-4-quinolone
CHEBI:62247	ANTIMICROBIAL_UNSPECIFIED	1r-2s-epoxypropylphosphonate-1
CHEBI:623918	ANTIFUNGAL	nikkomycin-z
CHEBI:62412	ANTIFUNGAL	phenazine-1-carboxylic-acid
CHEBI:62460	ANTIBACTERIAL	helvolic-acid
CHEBI:62629	ANTIPROTOZOAL	nitarsone
CHEBI:63207	ANTIBACTERIAL	mycinamicin-iii
CHEBI:63214	ANTIBACTERIAL	cefodizime
CHEBI:63221	ANTIBACTERIAL	n-benzoylampicillin
CHEBI:63284	ANTIBACTERIAL	mycinamicin-iv
CHEBI:63285	ANTIBACTERIAL	mycinamicin-vi
CHEBI:63334	ANTIBACTERIAL	rolitetracycline
CHEBI:63577	ANTIVIRAL	lamivudine
CHEBI:6358	ANTIPROTOZOAL	lactucin
CHEBI:63580	ANTIVIRAL	ribavirin
CHEBI:63581	ANTIVIRAL	stavudine
CHEBI:63589	ANTIVIRAL	etravirine
CHEBI:63598	ANTIBACTERIAL	levofloxacin
CHEBI:63599	ANTIVIRAL	fludarabine-phosphate
CHEBI:63607	ANTIBACTERIAL	linezolid
CHEBI:63608	ANTIVIRAL	maraviroc
CHEBI:63611	ANTIBACTERIAL	moxifloxacin
CHEBI:63613	ANTIVIRAL	nevirapine
CHEBI:63621	ANTIVIRAL	saquinavir
CHEBI:63624	ANTIVIRAL	telbivudine
CHEBI:63625	ANTIVIRAL	tenofovir-anhydrous
CHEBI:63627	ANTIBACTERIAL	tinidazole
CHEBI:63628	ANTIVIRAL	tipranavir
CHEBI:63635	ANTIVIRAL	valganciclovir
CHEBI:63684	ANTIPROTOZOAL	11r-2-s-erythro-mefloquine
CHEBI:63687	ANTIPROTOZOAL	11s-2-r-erythro-mefloquine
CHEBI:63716	ANTIVIRAL	tenofovir-hydrate
CHEBI:63717	ANTIVIRAL	tenofovir-disoproxil
CHEBI:63718	ANTIVIRAL	tenofovir-disoproxil-fumarate
CHEBI:6377	ANTIBACTERIAL	lapachol
CHEBI:63798	ANTIBACTERIAL	3-hydroxy-4-methoxybenzoic-acid
CHEBI:63845	ANTIBACTERIAL	sulfacetamide
CHEBI:63858	ANTIMICROBIAL_UNSPECIFIED	sulfacetamide-sodium
CHEBI:63918	ANTIPROTOZOAL	artesunate
CHEBI:64090	ANTIBACTERIAL	tert-butyl-hydroperoxide
CHEBI:64228	ANTIMICROBIAL_UNSPECIFIED	tunicamycin-a0
CHEBI:64245	ANTIMICROBIAL_UNSPECIFIED	tunicamycin-a1
CHEBI:64246	ANTIMICROBIAL_UNSPECIFIED	tunicamycin-a2
CHEBI:64248	ANTIMICROBIAL_UNSPECIFIED	tunicamycin-b1
CHEBI:64250	ANTIMICROBIAL_UNSPECIFIED	tunicamycin-b2
CHEBI:64255	ANTIMICROBIAL_UNSPECIFIED	tunicamycin-b3
CHEBI:64256	ANTIMICROBIAL_UNSPECIFIED	tunicamycin-c1
CHEBI:64257	ANTIMICROBIAL_UNSPECIFIED	tunicamycin-c2
CHEBI:64271	ANTIMICROBIAL_UNSPECIFIED	tunicamycin-d1
CHEBI:64272	ANTIMICROBIAL_UNSPECIFIED	tunicamycin-d2
CHEBI:64273	ANTIBACTERIAL	erythromycin-c
CHEBI:64276	BIOCIDE	glutaraldehyde
CHEBI:64355	ANTIFUNGAL	posaconazole
CHEBI:64518	ANTIMYCOBACTERIAL	cordyol-c
CHEBI:64624	ANTIBACTERIAL	microcin-b17
CHEBI:64649	ANTIMICROBIAL_UNSPECIFIED	enniatin-b
CHEBI:64651	ANTIMICROBIAL_UNSPECIFIED	enniatin-a
CHEBI:6469	ANTIMICROBIAL_UNSPECIFIED	linalyl-acetate
CHEBI:6472	ANTIBACTERIAL	lincomycin
CHEBI:64855	ANTIFUNGAL	n-carbamoyl-l-cysteine
CHEBI:64901	ANTIBACTERIAL	mygalin
CHEBI:64984	ANTIBACTERIAL	7β-aminodeacetoxycephalosporanic-acid
CHEBI:65108	ANTIMICROBIAL_UNSPECIFIED	γ-l-glutamylbutirosin-b
CHEBI:65110	ANTIMICROBIAL_UNSPECIFIED	butirosin-b
CHEBI:65112	ANTIMICROBIAL_UNSPECIFIED	butirosin-a
CHEBI:6518	ANTIMYCOBACTERIAL	lomefloxacin-hydrochloride
CHEBI:6521	ANTIPROTOZOAL	lonchocarpenin
CHEBI:6532	ANTIVIRAL	loperamide
CHEBI:6533	ANTIVIRAL	loperamide-hydrochloride
CHEBI:65361	ANTIVIRAL	acacetin-7-o-β-d-galactopyranoside
CHEBI:65364	ANTIMYCOBACTERIAL	15-acetoxyorbiculin-g
CHEBI:65367	ANTIFUNGAL	8-acetoxyheterophyllisine
CHEBI:65371	ANTIMICROBIAL_UNSPECIFIED	adxanthromycin-a
CHEBI:65372	ANTIMICROBIAL_UNSPECIFIED	adxanthromycin-b
CHEBI:65375	ANTIMICROBIAL_UNSPECIFIED	agrochelin
CHEBI:65382	ANTIPROTOZOAL	alisiaquinone-a
CHEBI:65383	ANTIPROTOZOAL	alisiaquinone-b
CHEBI:65384	ANTIPROTOZOAL	alisiaquninone-c
CHEBI:65385	ANTIPROTOZOAL	alisiaquinol
CHEBI:65386	ANTIVIRAL	alismorientol-a
CHEBI:65387	ANTIPROTOZOAL	allanxanthone-c
CHEBI:65400	ANTIBACTERIAL	ambiguine-h
CHEBI:65401	ANTIBACTERIAL	ambiguine-i
CHEBI:65402	ANTIPROTOZOAL	amburoside-a
CHEBI:65406	ANTIPROTOZOAL	ancistrotanzanine-a
CHEBI:65407	ANTIPROTOZOAL	ancistrotanzanine-b
CHEBI:65408	ANTIVIRAL	andrographolide
CHEBI:65410	ANTIVIRAL	anolignan-a
CHEBI:65411	ANTIVIRAL	anolignan-b
CHEBI:65413	ANTIMICROBIAL_UNSPECIFIED	antimycin-a9
CHEBI:65423	ANTIVIRAL	ardimerin-digallate
CHEBI:65435	ANTIMICROBIAL_UNSPECIFIED	arisugacin-a
CHEBI:65436	ANTIMICROBIAL_UNSPECIFIED	arisugacin-b
CHEBI:65437	ANTIMICROBIAL_UNSPECIFIED	arisugacin-c
CHEBI:65438	ANTIMICROBIAL_UNSPECIFIED	arisugacin-d
CHEBI:65443	ANTIMICROBIAL_UNSPECIFIED	as-186a
CHEBI:65444	ANTIMICROBIAL_UNSPECIFIED	as-186b
CHEBI:65445	ANTIMICROBIAL_UNSPECIFIED	as-186c
CHEBI:65446	ANTIMICROBIAL_UNSPECIFIED	as-186g
CHEBI:65453	ANTIBACTERIAL	asphodelin-a
CHEBI:65454	ANTIBACTERIAL	asphodelin-a-4-o-β-glucoside
CHEBI:65458	ANTIBACTERIAL	aureoquinone
CHEBI:65459	ANTIFUNGAL	australifungin
CHEBI:65461	ANTIFUNGAL	azoxybacilin
CHEBI:65465	ANTIMICROBIAL_UNSPECIFIED	bassiatin
CHEBI:65466	ANTIVIRAL	batzelladine-a
CHEBI:65467	ANTIVIRAL	batzelladine-b
CHEBI:65468	ANTIMYCOBACTERIAL	bauhinoxepin-a
CHEBI:65469	ANTIMYCOBACTERIAL	bauhinoxepin-b
CHEBI:65470	ANTIMYCOBACTERIAL	bauhinoxepin-f
CHEBI:65471	ANTIMYCOBACTERIAL	bauhinoxepin-i
CHEBI:65472	ANTIMYCOBACTERIAL	bauhinoxepin-j
CHEBI:65473	ANTIMICROBIAL_UNSPECIFIED	be-23372m
CHEBI:65474	ANTIBACTERIAL	be-24566b
CHEBI:65475	ANTIMICROBIAL_UNSPECIFIED	be-54238a
CHEBI:65476	ANTIMICROBIAL_UNSPECIFIED	be-54238b
CHEBI:65483	ANTIVIRAL	benzastatin-c
CHEBI:65484	ANTIVIRAL	bevirimat
CHEBI:65485	ANTIPROTOZOAL	dihydrobetulinic-acid
CHEBI:65487	ANTIVIRAL	platanic-acid
CHEBI:65492	ANTIPROTOZOAL	bidebiline-c
CHEBI:65493	ANTIPROTOZOAL	bidebiline-d
CHEBI:65496	ANTIVIRAL	6-6-bieckol
CHEBI:65497	ANTIPROTOZOAL	bielschowskysin
CHEBI:65498	ANTIPROTOZOAL	bipinnatone-a
CHEBI:65499	ANTIPROTOZOAL	bipinnatone-b
CHEBI:65511	ANTIVIRAL	blancoxanthone
CHEBI:65512	ANTIMICROBIAL_UNSPECIFIED	brartemicin
CHEBI:65513	ANTIMICROBIAL_UNSPECIFIED	brasilicardin-a
CHEBI:65514	ANTIFUNGAL	brasilinolide-a
CHEBI:65515	ANTIFUNGAL	brasilinolide-b
CHEBI:65516	ANTIBACTERIAL	brasiliquinone-a
CHEBI:65517	ANTIBACTERIAL	brasiliquinone-b
CHEBI:65518	ANTIBACTERIAL	brasiliquinone-c
CHEBI:65524	ANTIBACTERIAL	5-bromo-8-methoxy-1-methyl-β-carboline
CHEBI:65525	ANTIBACTERIAL	bromophycolide-a
CHEBI:65529	ANTIPROTOZOAL	bruceolide
CHEBI:65532	ANTIPROTOZOAL	3-15-di-o-acetylbruceolide
CHEBI:65534	ANTIPROTOZOAL	22α-methoxy-3-β-o-β-d-xylp-13-β-d-glcp-12-β-d-glcp-14-β-d-glcp-furost-
CHEBI:65537	ANTIMYCOBACTERIAL	r-7-butyl-6-8-dihydroxy-3-3e-pent-3-en-1-yl-3-4-dihydroisochromen-1-on
CHEBI:65539	ANTIPROTOZOAL	caesalpinin-c
CHEBI:65540	ANTIPROTOZOAL	caesalpinin-d
CHEBI:65541	ANTIPROTOZOAL	caesalpinin-f
CHEBI:65544	ANTIPROTOZOAL	norcaesalpinin-d
CHEBI:65545	ANTIPROTOZOAL	norcaesalpinin-e
CHEBI:65546	ANTIFUNGAL	caf-603
CHEBI:65549	ANTIPROTOZOAL	3-z-caffeoyllupeol
CHEBI:65552	ANTIVIRAL	calanolide-a
CHEBI:65553	ANTIVIRAL	calanolide-b
CHEBI:65556	ANTIFUNGAL	callipeltin-a
CHEBI:65557	ANTIBACTERIAL	callophycoic-acid-a
CHEBI:65558	ANTIBACTERIAL	callophycoic-acid-b
CHEBI:65559	ANTIBACTERIAL	callophycoic-acid-c
CHEBI:65560	ANTIBACTERIAL	callophycoic-acid-d
CHEBI:65561	ANTIBACTERIAL	callophycoic-acid-e
CHEBI:65562	ANTIBACTERIAL	callophycoic-acid-f
CHEBI:65563	ANTIBACTERIAL	callophycoic-acid-g
CHEBI:65564	ANTIBACTERIAL	callophycoic-acid-h
CHEBI:65565	ANTIBACTERIAL	callophycol-a
CHEBI:65566	ANTIBACTERIAL	callophycol-b
CHEBI:65570	ANTIBACTERIAL	caminoside-a
CHEBI:65580	ANTIMYCOBACTERIAL	caribenol-a
CHEBI:65581	ANTIPROTOZOAL	caribenol-b
CHEBI:65583	ANTIPROTOZOAL	dragomabin
CHEBI:65584	ANTIPROTOZOAL	dragonamide-a
CHEBI:65585	ANTIVIRAL	carnosic-acid
CHEBI:65592	ANTIMYCOBACTERIAL	caseargrewiin-a
CHEBI:65593	ANTIMYCOBACTERIAL	caseargrewiin-b
CHEBI:65594	ANTIMYCOBACTERIAL	caseargrewiin-c
CHEBI:65595	ANTIMYCOBACTERIAL	caseargrewiin-d
CHEBI:65596	ANTIPROTOZOAL	cassiarin-a
CHEBI:65597	ANTIPROTOZOAL	cassiarin-b
CHEBI:65599	ANTIMICROBIAL_UNSPECIFIED	cathestatin-a
CHEBI:65600	ANTIMICROBIAL_UNSPECIFIED	cathestatin-b
CHEBI:65605	ANTIVIRAL	celasdin-b
CHEBI:65606	ANTIPROTOZOAL	celebixanthone
CHEBI:65607	ANTIPROTOZOAL	5-o-methylcelebixanthone
CHEBI:65611	ANTIPROTOZOAL	chaetoxanthone-a
CHEBI:65612	ANTIPROTOZOAL	chaetoxanthone-b
CHEBI:65613	ANTIPROTOZOAL	chaetoxanthone-c
CHEBI:65614	ANTIFUNGAL	chamaejasmenin-a
CHEBI:65615	ANTIFUNGAL	chamaejasmenin-d
CHEBI:65618	ANTIVIRAL	chloropeptin-i
CHEBI:65619	ANTIVIRAL	chloropeptin-ii
CHEBI:65630	ANTIPROTOZOAL	ciliatamide-a
CHEBI:65631	ANTIPROTOZOAL	ciliatamide-b
CHEBI:65635	ANTIFUNGAL	citrafungin-a
CHEBI:65636	ANTIFUNGAL	citrafungin-b
CHEBI:65638	ANTIFUNGAL	cj-01
CHEBI:65640	ANTIVIRAL	clathsterol
CHEBI:65648	ANTIPROTOZOAL	cochinchinone-c
CHEBI:65649	ANTIVIRAL	colossolactone-v
CHEBI:65650	ANTIVIRAL	colossolactone-vii
CHEBI:65651	ANTIVIRAL	colossolactone-viii
CHEBI:65655	ANTIVIRAL	complestatin-a
CHEBI:65656	ANTIVIRAL	complestatin-b
CHEBI:65658	ANTIPROTOZOAL	cordyheptapeptide-a
CHEBI:65662	ANTIPROTOZOAL	2-o-e-p-coumaroyl-alphitolic-acid
CHEBI:65666	ANTIPROTOZOAL	crambescidin-800
CHEBI:65667	ANTIVIRAL	crambescidin-826
CHEBI:65678	ANTIFUNGAL	ct2108a
CHEBI:65679	ANTIFUNGAL	ct2108b
CHEBI:65684	ANTIPROTOZOAL	cubebin
CHEBI:65716	ANTIFUNGAL	cystothiazole-a
CHEBI:65717	ANTIVIRAL	cytonic-acid-a
CHEBI:65718	ANTIVIRAL	cytonic-acid-b
CHEBI:65719	ANTIVIRAL	cytosporic-acid
CHEBI:65720	ANTIBACTERIAL	cytotrienin-a
CHEBI:65728	ANTIBACTERIAL	decatromicin-a
CHEBI:65729	ANTIBACTERIAL	decatromicin-b
CHEBI:65735	ANTIPROTOZOAL	dehydrodiconiferyl-dibenzoate
CHEBI:65736	ANTIPROTOZOAL	1-2-dehydrogeissoschizoline
CHEBI:65739	ANTIVIRAL	o-demethylbuchenavianine
CHEBI:6574	ANTIMICROBIAL_UNSPECIFIED	lupulone
CHEBI:65740	ANTIPROTOZOAL	7-o-demethylisocephaeline
CHEBI:65741	ANTIPROTOZOAL	4-o-demethylknipholone-4-o-β-d-glucopyranoside
CHEBI:65742	ANTIFUNGAL	5-o-demethylpaxanthonin
CHEBI:65746	ANTIVIRAL	5-deoxyglyasperin-f
CHEBI:65747	ANTIVIRAL	12-deoxyphorbol-13-3e-5e-decadienoate
CHEBI:65748	ANTIMYCOBACTERIAL	desacetylpyramidaglain-d
CHEBI:65752	ANTIBACTERIAL	6β-16β-diacetoxy-25-hydroxy-3-7-dioxy-29-nordammara-1-17-20-dien-21-oi
CHEBI:65753	ANTIBACTERIAL	3-5-di-o-acetyl-1-o-5β-8α-9β-10α-18-oxokaur-16-en-18-yl-β-l-arabinofur
CHEBI:65764	ANTIMICROBIAL_UNSPECIFIED	dicerandrol-a
CHEBI:65765	ANTIMICROBIAL_UNSPECIFIED	dicerandrol-b
CHEBI:65766	ANTIMICROBIAL_UNSPECIFIED	dicerandrol-c
CHEBI:65768	ANTIBACTERIAL	9z-12z-15z-octadeca-9-12-15-trien-6-ynoic-acid
CHEBI:65774	ANTIMYCOBACTERIAL	1α-acetoxy-2α-hydroxy-6β-9β-15-tribenzoyloxy-β-dihydroagarofuran
CHEBI:65775	ANTIMYCOBACTERIAL	2α-acetoxy-1α-hydroxy-6β-9β-15-tribenzoyloxy-β-dihydroagarofuran
CHEBI:65776	ANTIVIRAL	4β-14-dihydroxy-6α-7β-h-1-10-cadinene
CHEBI:65777	ANTIBACTERIAL	2-4-dihydroxy-3-2-hydroxy-benzyl-6-methoxy-chalcone
CHEBI:65778	ANTIVIRAL	16β-17-dihydroxy-ent-kaurane-19-oic-acid
CHEBI:65779	ANTIBACTERIAL	2-5-dihydroxy-3-methanesulfinylbenzyl-alcohol
CHEBI:65780	ANTIPROTOZOAL	7-4-dihydroxy-3-methoxyisoflavone
CHEBI:65783	ANTIVIRAL	2α-19α-dihydroxy-3-oxo-12-ursen-28-oic-acid
CHEBI:65799	ANTIBACTERIAL	diperamycin
CHEBI:65800	ANTIMICROBIAL_UNSPECIFIED	5-hydroxy-7-prop-2-en-e-ylidene-7-7a-dihydro-2h-cyclopenta-b-pyran-6-o
CHEBI:65801	ANTIMICROBIAL_UNSPECIFIED	5-hydroxy-7-prop-2-en-z-ylidene-7-7a-dihydro-2h-cyclopenta-b-pyran-6-o
CHEBI:65802	ANTIPROTOZOAL	diuvaretin
CHEBI:65809	ANTIBACTERIAL	drummondin-d
CHEBI:65810	ANTIBACTERIAL	drummondin-e
CHEBI:65811	ANTIBACTERIAL	drummondin-f
CHEBI:65812	ANTIBACTERIAL	isodrummondin-d
CHEBI:65813	ANTIVIRAL	drymaritin
CHEBI:65814	ANTIVIRAL	durhamycin-a
CHEBI:65815	ANTIVIRAL	durhamycin-b
CHEBI:65817	ANTIBACTERIAL	dysoxyhainanin-a
CHEBI:65818	ANTIPROTOZOAL	dzununcanone
CHEBI:65822	ANTIBACTERIAL	ei-1511-3
CHEBI:65823	ANTIMICROBIAL_UNSPECIFIED	ei-1511-5
CHEBI:65824	ANTIMICROBIAL_UNSPECIFIED	ei-1625-2
CHEBI:65842	ANTIPROTOZOAL	5-o-methyl-embelin
CHEBI:65844	ANTIPROTOZOAL	1s-4r-6r-1-4-endoperoxy-bisabola-2-10-diene
CHEBI:65845	ANTIPROTOZOAL	1r-4s-6r-1-4-endoperoxy-bisabola-2-10-diene
CHEBI:65849	ANTIFUNGAL	epichlicin
CHEBI:65850	ANTIBACTERIAL	7-epiclusianone
CHEBI:65854	ANTIVIRAL	epigallocatechin-4β8-2βo-7-epicatechin
CHEBI:65856	ANTIMYCOBACTERIAL	5α-epoxyalantolactone
CHEBI:65857	ANTIFUNGAL	trans-2-3-epoxydeca-4-6-8-triyn-1-ol
CHEBI:65858	ANTIMYCOBACTERIAL	ergosterol-peroxide
CHEBI:65862	ANTIBACTERIAL	erybraedin-a
CHEBI:65863	ANTIMICROBIAL_UNSPECIFIED	erylatissin-a
CHEBI:65864	ANTIMICROBIAL_UNSPECIFIED	erylatissin-b
CHEBI:65865	ANTIMICROBIAL_UNSPECIFIED	erylatissin-c
CHEBI:65867	ANTIMICROBIAL_UNSPECIFIED	espicufolin
CHEBI:65868	ANTIBACTERIAL	etnangien
CHEBI:65873	ANTIPROTOZOAL	eunicea-sesquiterpenoid-2
CHEBI:65877	ANTIPROTOZOAL	eunicea-sesquiterpenoid-7
CHEBI:65887	ANTIPROTOZOAL	eurycomanone
CHEBI:65888	ANTIFUNGAL	eurysterol-a
CHEBI:65889	ANTIFUNGAL	eurysterol-b
CHEBI:65891	ANTIPROTOZOAL	exiguaflavanone-a
CHEBI:65892	ANTIPROTOZOAL	exiguaflavanone-b
CHEBI:65893	ANTIMICROBIAL_UNSPECIFIED	f390b
CHEBI:65894	ANTIMICROBIAL_UNSPECIFIED	f390c
CHEBI:65895	ANTIVIRAL	fattiviracin-a1
CHEBI:65897	ANTIBACTERIAL	flavaspidic-acid-ab
CHEBI:65898	ANTIBACTERIAL	flavaspidic-acid-pb
CHEBI:65899	ANTIPROTOZOAL	flavokawain-b
CHEBI:65900	ANTIVIRAL	fleephilone
CHEBI:65905	ANTIPROTOZOAL	1s-3s-4r-7s-8s-11s-12s-13s-15r-20r-7-formamido-20-isocyanoisocycloamph
CHEBI:65906	ANTIMICROBIAL_UNSPECIFIED	formobactin
CHEBI:65910	ANTIMICROBIAL_UNSPECIFIED	4849f
CHEBI:65912	ANTIVIRAL	fr191512
CHEBI:65913	ANTIFUNGAL	fr207944
CHEBI:65914	ANTIMICROBIAL_UNSPECIFIED	fr901463
CHEBI:65915	ANTIMICROBIAL_UNSPECIFIED	fr901464
CHEBI:65917	ANTIFUNGAL	fr901469-hydrochloride
CHEBI:65931	ANTIBACTERIAL	fumimycin
CHEBI:65933	ANTIFUNGAL	furanocandin
CHEBI:65935	ANTIPROTOZOAL	19-2-furyl-nonadeca-5-7-diynoic-acid
CHEBI:65940	ANTIPROTOZOAL	gaboroquinone-a
CHEBI:65942	ANTIPROTOZOAL	5-galloylquercetin-3-o-α-l-arabinofuranoside
CHEBI:65943	ANTIVIRAL	7-o-galloyltricetiflavan
CHEBI:65944	ANTIVIRAL	7-4-di-o-galloyltricetiflavan
CHEBI:65945	ANTIVIRAL	ganoderone-a
CHEBI:65946	ANTIVIRAL	ganoderone-c
CHEBI:65954	ANTIPROTOZOAL	gedunin
CHEBI:65958	ANTIPROTOZOAL	3-geranyl-2-4-6-trihydroxybenzophenone
CHEBI:65959	ANTIVIRAL	geumonoid
CHEBI:65964	ANTIMICROBIAL_UNSPECIFIED	gilvusmycin
CHEBI:65967	ANTIMICROBIAL_UNSPECIFIED	glionitrin-a
CHEBI:65975	ANTIFUNGAL	glomosporin
CHEBI:65976	ANTIBACTERIAL	glycyrrhizol-a
CHEBI:65977	ANTIBACTERIAL	glycyrrhizol-b
CHEBI:65989	ANTIPROTOZOAL	gutolactone
CHEBI:65991	ANTIPROTOZOAL	guttiferone-f
CHEBI:65995	ANTIBACTERIAL	2e-6z-13-hydroxy-1-2-hydroxy-5-methoxy-3-methylphenyl-3-7-11-15-tetram
CHEBI:65996	ANTIVIRAL	halistanol-sulfate-f
CHEBI:65997	ANTIVIRAL	halistanol-sulfate-g
CHEBI:66000	ANTIFUNGAL	hamacanthin-a
CHEBI:66001	ANTIFUNGAL	hamacanthin-b
CHEBI:66002	ANTIVIRAL	n-butylharmine
CHEBI:66003	ANTIVIRAL	n-ethylharmine
CHEBI:66005	ANTIVIRAL	n2-methylharmine
CHEBI:66006	ANTIVIRAL	harziphilone
CHEBI:6601	ANTIPROTOZOAL	lycorine
CHEBI:66011	ANTIVIRAL	hernandonine
CHEBI:66013	ANTIVIRAL	hesseltin-a
CHEBI:66016	ANTIMYCOBACTERIAL	hirsutellide-a
CHEBI:66020	ANTIPROTOZOAL	hookerianamide-h
CHEBI:66021	ANTIPROTOZOAL	hookerianamide-i
CHEBI:66022	ANTIBACTERIAL	hookerianamide-j
CHEBI:66023	ANTIBACTERIAL	hookerianamide-k
CHEBI:66027	ANTIVIRAL	5r-5-hydroxy-7-4-hydroxy-3-methoxyphenyl-1-phenyl-3-heptanone
CHEBI:66030	ANTIBACTERIAL	7-hydroxy-5-hydroxymethyl-2h-benzo-1-4-thiazin-3-one
CHEBI:66035	ANTIPROTOZOAL	1r-4s-1-hydroperoxy-p-menth-2-en-8-ol-acetate
CHEBI:66040	ANTIBACTERIAL	5-hydroxy-7-2-4-5-tetramethoxyflavone
CHEBI:66042	ANTIBACTERIAL	1-hydroxycrisamicin-a
CHEBI:66048	ANTIVIRAL	2-hydroxyneobavaisoflavanone
CHEBI:66049	ANTIPROTOZOAL	21β-hydroxyolean-12-en-3-one
CHEBI:66051	ANTIVIRAL	hyemaloside-a
CHEBI:66052	ANTIVIRAL	hyemaloside-c
CHEBI:66060	ANTIVIRAL	hypoglaunine-b
CHEBI:66065	ANTIMICROBIAL_UNSPECIFIED	ic202a
CHEBI:66066	ANTIMICROBIAL_UNSPECIFIED	ic202b
CHEBI:66067	ANTIMICROBIAL_UNSPECIFIED	ic202c
CHEBI:66076	ANTIVIRAL	integracin-a
CHEBI:66077	ANTIVIRAL	integracin-b
CHEBI:66078	ANTIVIRAL	integracin-c
CHEBI:66079	ANTIVIRAL	integrastatin-a
CHEBI:66080	ANTIVIRAL	integrastatin-b
CHEBI:66081	ANTIVIRAL	integric-acid
CHEBI:66082	ANTIVIRAL	interiotherin-a
CHEBI:66083	ANTIVIRAL	interiotherin-b
CHEBI:66086	ANTIPROTOZOAL	isariotin-f
CHEBI:66087	ANTIFUNGAL	isatinone-a
CHEBI:66088	ANTIFUNGAL	isatinone-b
CHEBI:66091	ANTIFUNGAL	isochamaejasmenin-b
CHEBI:66093	ANTIVIRAL	complestatin
CHEBI:66094	ANTIPROTOZOAL	isoiguesterin
CHEBI:66095	ANTIPROTOZOAL	20-epi-isoiguesterinol
CHEBI:66104	ANTIFUNGAL	jaspamide
CHEBI:66130	ANTIVIRAL	kadsuphilactone-b
CHEBI:66135	ANTIBACTERIAL	kalimantacin-a
CHEBI:66136	ANTIBACTERIAL	kalimantacin-b
CHEBI:66137	ANTIBACTERIAL	kalimantacin-c
CHEBI:66140	ANTIVIRAL	karalicin
CHEBI:66147	ANTIPROTOZOAL	klugine
CHEBI:66148	ANTIPROTOZOAL	komaroviquinone
CHEBI:66153	ANTIVIRAL	salaspermic-acid
CHEBI:66157	ANTIFUNGAL	salzmannianoside-a
CHEBI:66158	ANTIFUNGAL	salzmannianoside-b
CHEBI:66159	ANTIPROTOZOAL	samaderine-b
CHEBI:66161	ANTIPROTOZOAL	samaderine-e
CHEBI:66162	ANTIPROTOZOAL	samaderine-x
CHEBI:66164	ANTIPROTOZOAL	samaderine-z
CHEBI:66165	ANTIVIRAL	sandwicensin
CHEBI:66173	ANTIMICROBIAL_UNSPECIFIED	sarasinoside-j
CHEBI:66177	ANTIBACTERIAL	scalusamide-a
CHEBI:66179	ANTIFUNGAL	sch-725432
CHEBI:66180	ANTIFUNGAL	sch-54445
CHEBI:66186	ANTIFUNGAL	talosin-a
CHEBI:66187	ANTIFUNGAL	talosin-b
CHEBI:66202	ANTIBACTERIAL	termilignan-b
CHEBI:66212	ANTIPROTOZOAL	5-7-3-4-tetrahydroxy-2-3-3-dimethylallyl-isoflavone
CHEBI:66216	ANTIMYCOBACTERIAL	tetrahydroxysqualene
CHEBI:66219	ANTIBACTERIAL	thiazomycin
CHEBI:66220	ANTIBACTERIAL	thiomarinol-a
CHEBI:66221	ANTIBACTERIAL	thiomarinol-b
CHEBI:66222	ANTIBACTERIAL	thiomarinol-c
CHEBI:66223	ANTIBACTERIAL	thiomarinol-d
CHEBI:66224	ANTIBACTERIAL	thiomarinol-e
CHEBI:66225	ANTIBACTERIAL	thiomarinol-f
CHEBI:66226	ANTIBACTERIAL	thiomarinol-g
CHEBI:66230	ANTIFUNGAL	tianshic-acid
CHEBI:66232	ANTIMICROBIAL_UNSPECIFIED	tmc-135a
CHEBI:66233	ANTIMICROBIAL_UNSPECIFIED	tmc-135b
CHEBI:66234	ANTIMICROBIAL_UNSPECIFIED	tmc-1a
CHEBI:66235	ANTIMICROBIAL_UNSPECIFIED	tmc-1b
CHEBI:66236	ANTIMICROBIAL_UNSPECIFIED	tmc-1c
CHEBI:66237	ANTIMICROBIAL_UNSPECIFIED	tmc-1d
CHEBI:66238	ANTIMICROBIAL_UNSPECIFIED	tmc-52a
CHEBI:66239	ANTIMICROBIAL_UNSPECIFIED	tmc-52b
CHEBI:66240	ANTIMICROBIAL_UNSPECIFIED	tmc-52c
CHEBI:66241	ANTIMICROBIAL_UNSPECIFIED	tmc-52d
CHEBI:66242	ANTIMICROBIAL_UNSPECIFIED	tmc-86a
CHEBI:66243	ANTIMICROBIAL_UNSPECIFIED	tmc-86b
CHEBI:66244	ANTIMICROBIAL_UNSPECIFIED	tmc-96
CHEBI:66246	ANTIMICROBIAL_UNSPECIFIED	tmc-95b
CHEBI:66247	ANTIMICROBIAL_UNSPECIFIED	tmc-95c
CHEBI:66248	ANTIMICROBIAL_UNSPECIFIED	tmc-95d
CHEBI:66249	ANTIFUNGAL	tolybyssidin-a
CHEBI:66250	ANTIFUNGAL	tolybyssidin-b
CHEBI:66252	ANTIVIRAL	topopyrone-a
CHEBI:66253	ANTIVIRAL	topopyrone-b
CHEBI:66254	ANTIVIRAL	topopyrone-c
CHEBI:66255	ANTIVIRAL	topopyrone-d
CHEBI:66258	ANTIVIRAL	torvanol-a
CHEBI:66259	ANTIVIRAL	torvoside-h
CHEBI:66262	ANTIMICROBIAL_UNSPECIFIED	trierixin
CHEBI:66263	ANTIBACTERIAL	5-7-4-trihydroxy-6-8-diprenylisoflavone
CHEBI:66265	ANTIPROTOZOAL	2-2-4-trihydroxy-6-methoxy-3-5-dimethylchalcone
CHEBI:66267	ANTIPROTOZOAL	5-7-3-trihydroxy-4-5-2-2-dimethylpyran-8-2-di-3-methyl-2-butenyl-2s-fl
CHEBI:66269	ANTIVIRAL	trikendiol
CHEBI:66275	ANTIVIRAL	tripterifordin
CHEBI:66276	ANTIVIRAL	triptonine-a
CHEBI:66277	ANTIVIRAL	triptonine-b
CHEBI:66279	ANTIMYCOBACTERIAL	tubelactomicin-a
CHEBI:66281	ANTIMICROBIAL_UNSPECIFIED	tmc-89a
CHEBI:66282	ANTIMICROBIAL_UNSPECIFIED	tmc-89b
CHEBI:66291	ANTIBACTERIAL	3z-ravenic-acid
CHEBI:66297	ANTIBACTERIAL	remangiflavanone-a
CHEBI:66298	ANTIBACTERIAL	remangiflavanone-b
CHEBI:66299	ANTIMICROBIAL_UNSPECIFIED	respirantin
CHEBI:66302	ANTIVIRAL	pyranojacareubin
CHEBI:66303	ANTIVIRAL	rhinacanthin-c
CHEBI:66304	ANTIVIRAL	rhinacanthin-d
CHEBI:66306	ANTIVIRAL	rhuscholide-a
CHEBI:66309	ANTIPROTOZOAL	rocaglamide
CHEBI:66318	ANTIBACTERIAL	rubraxanthone
CHEBI:66319	ANTIVIRAL	rubriflordilactone-b
CHEBI:6633	ANTIBACTERIAL	mafenide
CHEBI:66331	ANTIVIRAL	xanthohumol
CHEBI:66338	ANTIBACTERIAL	ucs1025-a
CHEBI:66339	ANTIFUNGAL	uk-2a
CHEBI:66340	ANTIFUNGAL	uk-2b
CHEBI:66341	ANTIFUNGAL	uk-3a
CHEBI:66353	ANTIPROTOZOAL	venturamide-a
CHEBI:66354	ANTIPROTOZOAL	venturamide-b
CHEBI:66360	ANTIBACTERIAL	vinylamycin
CHEBI:66364	ANTIMYCOBACTERIAL	12-methyl-5-dehydrohorminone
CHEBI:66365	ANTIMYCOBACTERIAL	12-methyl-5-dehydroacetylhorminone
CHEBI:66369	ANTIVIRAL	3-o-methylcalopocarpin
CHEBI:66373	ANTIBACTERIAL	2-methyldithio-pyridine-n-oxide
CHEBI:66385	ANTIVIRAL	michellamine-a
CHEBI:66386	ANTIVIRAL	michellamine-b
CHEBI:66388	ANTIVIRAL	microspinosamide
CHEBI:66389	ANTIMICROBIAL_UNSPECIFIED	migrastatin
CHEBI:66400	ANTIFUNGAL	monotesone-a
CHEBI:66401	ANTIBACTERIAL	morellic-acid
CHEBI:66402	ANTIVIRAL	8-8a-epoxymorellic-acid
CHEBI:66403	ANTIMICROBIAL_UNSPECIFIED	moromycin-a
CHEBI:66404	ANTIMICROBIAL_UNSPECIFIED	moromycin-b
CHEBI:66405	ANTIBACTERIAL	motualevic-acid-a
CHEBI:66406	ANTIBACTERIAL	motualevic-acid-f
CHEBI:66407	ANTIMYCOBACTERIAL	multicaulin
CHEBI:66408	ANTIMYCOBACTERIAL	12-demethylmulticaulin
CHEBI:66409	ANTIMYCOBACTERIAL	multiorthoquinone
CHEBI:66410	ANTIMYCOBACTERIAL	12-demethylmultiorthoquinone
CHEBI:66411	ANTIFUNGAL	multiplolide-a
CHEBI:66412	ANTIFUNGAL	multiplolide-b
CHEBI:66415	ANTIVIRAL	muqubilone
CHEBI:66416	ANTIPROTOZOAL	mustakone
CHEBI:66431	ANTIVIRAL	schisanlactone-a
CHEBI:66432	ANTIVIRAL	schisanwilsonene-a
CHEBI:66440	ANTIMYCOBACTERIAL	scleropyric-acid
CHEBI:66453	ANTIPROTOZOAL	scutianthraquinone-a
CHEBI:66454	ANTIPROTOZOAL	scutianthraquinone-b
CHEBI:66455	ANTIPROTOZOAL	scutianthraquinone-c
CHEBI:66459	ANTIBACTERIAL	3-4-secoisopimara-4-18-7-15-triene-3-oic-acid
CHEBI:66460	ANTIFUNGAL	selinone
CHEBI:66461	ANTIVIRAL	semicochliodinol-a
CHEBI:66462	ANTIVIRAL	semicochliodinol-b
CHEBI:66472	ANTIPROTOZOAL	10α-hydroperoxy-guaia-1-11-diene
CHEBI:66473	ANTIPROTOZOAL	1α-hydroperoxy-guaia-10-15-11-diene
CHEBI:66474	ANTIPROTOZOAL	15α-hydroperoxy-guaia-1-10-11-diene
CHEBI:66479	ANTIVIRAL	siamenol
CHEBI:66482	ANTIBACTERIAL	sigmoidin-a
CHEBI:66483	ANTIBACTERIAL	sigmoidin-b
CHEBI:66486	ANTIPROTOZOAL	simalikalactone-d
CHEBI:66494	ANTIMICROBIAL_UNSPECIFIED	ym-47141
CHEBI:66495	ANTIMICROBIAL_UNSPECIFIED	ym-47142
CHEBI:66496	ANTIFUNGAL	ym-47522
CHEBI:66497	ANTIFUNGAL	ys-ii
CHEBI:66498	ANTIFUNGAL	ys-iv
CHEBI:66499	ANTIFUNGAL	yuccalan
CHEBI:66500	ANTIPROTOZOAL	zaluzanin-d
CHEBI:66514	ANTIBACTERIAL	sorocenol-g
CHEBI:66515	ANTIBACTERIAL	sorocenol-h
CHEBI:66516	ANTIVIRAL	soulattrolide
CHEBI:66517	ANTIMICROBIAL_UNSPECIFIED	spf-32629a
CHEBI:66518	ANTIMICROBIAL_UNSPECIFIED	spf-32629b
CHEBI:66524	ANTIMICROBIAL_UNSPECIFIED	streptokordin
CHEBI:66525	ANTIFUNGAL	streptoverticillin
CHEBI:66526	ANTIVIRAL	strongylin-a
CHEBI:66528	ANTIPROTOZOAL	strychnogucine-a
CHEBI:66529	ANTIPROTOZOAL	strychnogucine-b
CHEBI:66530	ANTIBACTERIAL	suaveolindole
CHEBI:66531	ANTIVIRAL	suberosol
CHEBI:66537	ANTIVIRAL	swertifrancheside
CHEBI:66538	ANTIVIRAL	swertipunicoside
CHEBI:66539	ANTIPROTOZOAL	syncarpamide
CHEBI:66542	ANTIVIRAL	lancifodilactone-f
CHEBI:66543	ANTIVIRAL	lancifodilactone-g
CHEBI:66544	ANTIVIRAL	lancilactone-c
CHEBI:66548	ANTIVIRAL	lamellarin-α-20-sulfate
CHEBI:66549	ANTIBACTERIAL	lanigerol
CHEBI:66553	ANTIBACTERIAL	lactonamycin
CHEBI:66555	ANTIBACTERIAL	laurinterol
CHEBI:66556	ANTIMICROBIAL_UNSPECIFIED	debromolaurinterol
CHEBI:66557	ANTIVIRAL	laurolistine
CHEBI:66559	ANTIPROTOZOAL	leachianone-a
CHEBI:66577	ANTIVIRAL	lindechunine-a
CHEBI:66585	ANTIVIRAL	lobohedleolide
CHEBI:66586	ANTIVIRAL	7z-lobohedleolide
CHEBI:66587	ANTIVIRAL	17-dimethylaminolobohedleolide
CHEBI:66591	ANTIVIRAL	longipedumin-a
CHEBI:66592	ANTIBACTERIAL	lucensimycin-e
CHEBI:66593	ANTIVIRAL	lucialdehyde-b
CHEBI:66596	ANTIVIRAL	lucidumoside-c
CHEBI:66597	ANTIBACTERIAL	lupulin-a
CHEBI:66603	ANTIVIRAL	lycojapodine-a
CHEBI:66606	ANTIBACTERIAL	lyoniresinol-3-α-o-β-d-glucopyranoside
CHEBI:66611	ANTIPROTOZOAL	nardoperoxide
CHEBI:66612	ANTIPROTOZOAL	isonordoperoxide
CHEBI:66615	ANTIBACTERIAL	neopyrrolomycin-b
CHEBI:66620	ANTIPROTOZOAL	neurolenin-a
CHEBI:66621	ANTIPROTOZOAL	neurolenin-b
CHEBI:66622	ANTIPROTOZOAL	neurolenin-c
CHEBI:66623	ANTIPROTOZOAL	neurolenin-d
CHEBI:66625	ANTIMICROBIAL_UNSPECIFIED	nidulalin-a
CHEBI:66626	ANTIVIRAL	nigranoic-acid
CHEBI:66627	ANTIVIRAL	niruriside
CHEBI:66629	ANTIFUNGAL	nk154183a
CHEBI:66630	ANTIFUNGAL	nk154183b
CHEBI:66631	ANTIFUNGAL	nk372135a
CHEBI:66632	ANTIFUNGAL	nk372135b
CHEBI:66633	ANTIFUNGAL	nk372135c
CHEBI:66634	ANTIFUNGAL	nocardione-a
CHEBI:66636	ANTIBACTERIAL	14-norpseurotin-a
CHEBI:66637	ANTIPROTOZOAL	nostocarboline
CHEBI:66638	ANTIMYCOBACTERIAL	nothramicin
CHEBI:66639	ANTIFUNGAL	np-101a
CHEBI:66649	ANTIVIRAL	macluraxanthone-b
CHEBI:66650	ANTIVIRAL	macluraxanthone-c
CHEBI:66662	ANTIBACTERIAL	6α-malonyloxymanoyl-oxide
CHEBI:66667	ANTIPROTOZOAL	manzamine-a
CHEBI:66669	ANTIVIRAL	8-hydroxymanzamine-a
CHEBI:66671	ANTIVIRAL	1β-hydroxymaprounic-acid-3-p-hydroxybenzoate
CHEBI:66672	ANTIVIRAL	2α-hydroxymaprounic-acid-2-3-bis-p-hydroxybenzoate
CHEBI:66678	ANTIBACTERIAL	marinopyrrole-a
CHEBI:66679	ANTIBACTERIAL	marinopyrrole-b
CHEBI:66686	ANTIVIRAL	maytenfolone-a
CHEBI:66687	ANTIFUNGAL	mediomycin-a
CHEBI:66688	ANTIFUNGAL	mediomycin-b
CHEBI:66698	ANTIFUNGAL	3r-4r-6-methoxy-1-oxo-3-n-pentyl-3-4-dihydro-1h-isochromen-4-yl-acetat
CHEBI:66699	ANTIPROTOZOAL	9-methoxycanthin-6-one
CHEBI:66700	ANTIVIRAL	1-methoxycanthinone
CHEBI:66701	ANTIMICROBIAL_UNSPECIFIED	n-methoxycarbonyl-n-norboldine
CHEBI:66703	ANTIPROTOZOAL	r-4-methoxydalbergione
CHEBI:66709	ANTIPROTOZOAL	methyl-3-4-dihydroxy-5-3-methyl-2-butenyl-benzoate
CHEBI:66740	ANTIFUNGAL	pf-1163a
CHEBI:66741	ANTIFUNGAL	pf-1163b
CHEBI:66746	ANTIMICROBIAL_UNSPECIFIED	phomacin-a
CHEBI:66747	ANTIMICROBIAL_UNSPECIFIED	phomacin-b
CHEBI:66748	ANTIMICROBIAL_UNSPECIFIED	phomacin-c
CHEBI:66749	ANTIMYCOBACTERIAL	phomoxanthone-a
CHEBI:66750	ANTIMYCOBACTERIAL	phomoxanthone-b
CHEBI:66751	ANTIMICROBIAL_UNSPECIFIED	phosphatoquinone-a
CHEBI:66752	ANTIMICROBIAL_UNSPECIFIED	phosphatoquinone-b
CHEBI:66765	ANTIBACTERIAL	pleosporone
CHEBI:66766	ANTIMICROBIAL_UNSPECIFIED	pm-94128
CHEBI:66771	ANTIBACTERIAL	polyketomycin
CHEBI:66801	ANTIVIRAL	oblonganoside-a
CHEBI:66804	ANTIPROTOZOAL	obtusafuran
CHEBI:66806	ANTIFUNGAL	oceanalin-a
CHEBI:66807	ANTIBACTERIAL	ochracenomicin-a
CHEBI:66823	ANTIVIRAL	ophioglonin
CHEBI:66828	ANTIMYCOBACTERIAL	orbiculin-g
CHEBI:66841	ANTIVIRAL	7-oxohernangerine
CHEBI:6701	ANTIMICROBIAL_UNSPECIFIED	maytansine
CHEBI:67121	ANTIFUNGAL	nitroxoline
CHEBI:67135	ANTIMYCOBACTERIAL	2-nitroimidazole
CHEBI:67153	ANTIVIRAL	larreatricin
CHEBI:67223	ANTIMICROBIAL_UNSPECIFIED	2-deamino-2-hydroxyneamine
CHEBI:67246	ANTIFUNGAL	lariciresinol
CHEBI:67264	ANTIFUNGAL	geranic-acid
CHEBI:67280	ANTIMYCOBACTERIAL	azadiradione
CHEBI:67296	ANTIPROTOZOAL	7-deacetylgedunin
CHEBI:67359	ANTIMYCOBACTERIAL	pisonin-b
CHEBI:67364	ANTIMYCOBACTERIAL	pisonivanone
CHEBI:67371	ANTIMYCOBACTERIAL	2s-2-hydroxydemethoxymatteucinol
CHEBI:67373	ANTIMYCOBACTERIAL	r-n-trans-feruloyloctopamine
CHEBI:67376	ANTIMYCOBACTERIAL	dihydrooroxylin-a
CHEBI:67473	ANTIBACTERIAL	lamesticumin-a
CHEBI:67474	ANTIBACTERIAL	3-1s-2s-6s-2-2-1s-2r-3r-2-3-ethoxy-3-oxopropyl-3-2-hydroxypropan-2-yl-
CHEBI:67475	ANTIBACTERIAL	lamesticumin-b
CHEBI:67476	ANTIBACTERIAL	lamesticumin-c
CHEBI:67477	ANTIBACTERIAL	lamesticumin-d
CHEBI:67478	ANTIBACTERIAL	lamesticumin-e
CHEBI:67479	ANTIBACTERIAL	lamesticumin-f
CHEBI:67480	ANTIBACTERIAL	lansic-acid-3-ethyl-ester
CHEBI:67481	ANTIBACTERIAL	ethyl-lansiolate
CHEBI:67484	ANTIBACTERIAL	methyl-lansiolate
CHEBI:6751	ANTIFUNGAL	mepanipyrim
CHEBI:67547	ANTIMICROBIAL_UNSPECIFIED	α-mangostin
CHEBI:67556	ANTIBACTERIAL	zeaenol
CHEBI:67558	ANTIBACTERIAL	5e-7-oxozeaenol
CHEBI:67559	ANTIBACTERIAL	5z-7-oxozeaenol
CHEBI:67606	ANTIFUNGAL	sampangine
CHEBI:67610	ANTIFUNGAL	chaetoviridin-a
CHEBI:67611	ANTIFUNGAL	chaetoviridin-b
CHEBI:6770	ANTIBACTERIAL	meropenem-trihydrate
CHEBI:67811	ANTIMICROBIAL_UNSPECIFIED	zorbamycin
CHEBI:67873	ANTIVIRAL	pedunculosumoside-a
CHEBI:67875	ANTIVIRAL	pedunculosumoside-c
CHEBI:67926	ANTIPROTOZOAL	2-acetylastragalin
CHEBI:67927	ANTIPROTOZOAL	astragalin-heptaacetate
CHEBI:67929	ANTIPROTOZOAL	2-acetylpaeonoside
CHEBI:67930	ANTIPROTOZOAL	paeonoside-decaacetate
CHEBI:67931	ANTIPROTOZOAL	petiolaroside
CHEBI:67932	ANTIPROTOZOAL	2-acetylpetiolaroside
CHEBI:67933	ANTIPROTOZOAL	petiolaroside-decaacetate
CHEBI:68023	ANTIBACTERIAL	cudraflavone-c
CHEBI:6805	ANTIBACTERIAL	methacycline
CHEBI:68070	ANTIMICROBIAL_UNSPECIFIED	chrysogeside-b
CHEBI:68236	ANTIBACTERIAL	platensimycin
CHEBI:6824	ANTIBACTERIAL	hexamethylenetetramine
CHEBI:68241	ANTIBACTERIAL	platencin
CHEBI:6827	ANTIBACTERIAL	methicillin
CHEBI:68283	ANTIBACTERIAL	microdiplodiasol
CHEBI:68284	ANTIBACTERIAL	microdiplodiasone
CHEBI:68285	ANTIBACTERIAL	microdiplodiasolol
CHEBI:68289	ANTIBACTERIAL	gynuraone
CHEBI:68297	ANTIBACTERIAL	phomalevone-a
CHEBI:68298	ANTIBACTERIAL	phomalevone-b
CHEBI:68299	ANTIBACTERIAL	phomalevone-c
CHEBI:68377	ANTIBACTERIAL	3-o-β-d-glucopyranosyl-28-o-α-l-rhamnopyranosyl-12-β-d-glucopyranosyl-
CHEBI:68378	ANTIBACTERIAL	3-o-β-d-glucopyranosyl-28-o-α-l-rhamnopyranosyl-12-β-d-glucopyranosyl--68378
CHEBI:6838	ANTIVIRAL	methotrimeprazine
CHEBI:68380	ANTIBACTERIAL	11α-hydroxyasiatic-acid
CHEBI:68381	ANTIBACTERIAL	arjunolic-acid
CHEBI:68478	ANTIVIRAL	everolimus
CHEBI:68590	ANTIBACTERIAL	fidaxomicin
CHEBI:68591	ANTIFUNGAL	eurysterol-a-sulfonic-acid
CHEBI:68594	ANTIFUNGAL	eurysterol-b-sulfonic-acid
CHEBI:68595	ANTIVIRAL	telaprevir
CHEBI:68598	ANTIVIRAL	clathsterol-disulfonic-acid
CHEBI:68602	ANTIVIRAL	rilpivirine-hydrochloride
CHEBI:68606	ANTIVIRAL	rilpivirine
CHEBI:68621	ANTIVIRAL	boceprevir
CHEBI:68660	ANTIFUNGAL	fr901469
CHEBI:68699	ANTIFUNGAL	rotiorin
CHEBI:68700	ANTIFUNGAL	epi-isochromophilone-ii
CHEBI:6872	ANTIPROTOZOAL	methylene-blue
CHEBI:68723	ANTIPROTOZOAL	mollicellin-j
CHEBI:68724	ANTIMYCOBACTERIAL	mollicellin-k
CHEBI:68725	ANTIPROTOZOAL	mollicellin-l
CHEBI:68726	ANTIPROTOZOAL	mollicellin-m
CHEBI:68748	ANTIFUNGAL	sch-210971
CHEBI:68766	ANTIBACTERIAL	chaetoglocin-a
CHEBI:68767	ANTIBACTERIAL	chaetoglocin-b
CHEBI:68775	ANTIFUNGAL	chaetoglobosin-l
CHEBI:68785	ANTIFUNGAL	rotiorinol-a
CHEBI:68786	ANTIFUNGAL	rotiorinol-c
CHEBI:68787	ANTIFUNGAL	rubrorotiorin
CHEBI:68792	ANTIFUNGAL	asperentin
CHEBI:68801	ANTIPROTOZOAL	mollicellin-b
CHEBI:68802	ANTIPROTOZOAL	mollicellin-c
CHEBI:68803	ANTIPROTOZOAL	mollicellin-e
CHEBI:68859	ANTIBACTERIAL	arugosin-b
CHEBI:68935	ANTIVIRAL	chartaceone-c
CHEBI:68936	ANTIVIRAL	chartaceone-d
CHEBI:68937	ANTIVIRAL	chartaceone-e
CHEBI:68938	ANTIVIRAL	chartaceone-f
CHEBI:68980	ANTIPROTOZOAL	longirostrerone-a
CHEBI:68981	ANTIPROTOZOAL	longirostrerone-b
CHEBI:68982	ANTIPROTOZOAL	longirostrerone-c
CHEBI:69017	ANTIPROTOZOAL	physalin-b
CHEBI:69018	ANTIMYCOBACTERIAL	physalin-d
CHEBI:69019	ANTIPROTOZOAL	physalin-f
CHEBI:69020	ANTIPROTOZOAL	physalin-g
CHEBI:69023	ANTIBACTERIAL	preaustinoid-a
CHEBI:69039	ANTIBACTERIAL	rutarin
CHEBI:69082	ANTIBACTERIAL	licoricidin
CHEBI:69083	ANTIBACTERIAL	licorisoflavan-a
CHEBI:69086	ANTIBACTERIAL	glycyrin
CHEBI:6909	ANTIBACTERIAL	metronidazole
CHEBI:69091	ANTIBACTERIAL	dihydrolicoisoflavone-a
CHEBI:69094	ANTIBACTERIAL	licoricone
CHEBI:69098	ANTIBACTERIAL	licocoumarone
CHEBI:69099	ANTIBACTERIAL	gancaonin-i
CHEBI:6919	ANTIBACTERIAL	mezlocillin
CHEBI:69196	ANTIBACTERIAL	brazilein
CHEBI:69204	ANTIFUNGAL	fellutamide-c
CHEBI:69205	ANTIFUNGAL	fellutamide-d
CHEBI:69216	ANTIBACTERIAL	fatsicarpain-a
CHEBI:69218	ANTIBACTERIAL	fatsicarpain-c
CHEBI:69219	ANTIVIRAL	fatsicarpain-d
CHEBI:69221	ANTIBACTERIAL	fatsicarpain-f
CHEBI:69222	ANTIVIRAL	fatsicarpain-g
CHEBI:69414	ANTIBACTERIAL	hygromycin-a
CHEBI:69470	ANTIVIRAL	purpurquinone-b
CHEBI:69472	ANTIVIRAL	purpurester-a
CHEBI:69475	ANTIVIRAL	tan-931
CHEBI:69477	ANTIBACTERIAL	cannabigerol
CHEBI:69478	ANTIMICROBIAL_UNSPECIFIED	cannabidiol
CHEBI:69494	ANTIBACTERIAL	sphaeropsidin-a
CHEBI:69518	ANTIMICROBIAL_UNSPECIFIED	rubiarbonol-g
CHEBI:69522	ANTIMICROBIAL_UNSPECIFIED	2-methoxy-1-4-naphthoquinone
CHEBI:69532	ANTIBACTERIAL	1-6-dihydroxy-2-methyl-9-10-anthraquinone
CHEBI:69533	ANTIBACTERIAL	rubiadin
CHEBI:69621	ANTIFUNGAL	trichothecin
CHEBI:69704	ANTIMYCOBACTERIAL	1-2-hydroxy-4-methoxyphenyl-3-4-hydroxy-3-methoxyphenyl-propane
CHEBI:70005	ANTIPROTOZOAL	combretol
CHEBI:70012	ANTIBACTERIAL	comazaphilone-c
CHEBI:70013	ANTIBACTERIAL	comazaphilone-d
CHEBI:70014	ANTIBACTERIAL	comazaphilone-e
CHEBI:70023	ANTIBACTERIAL	sophoraflavanone-a
CHEBI:7008	ANTIBACTERIAL	moxifloxacin-hydrochloride
CHEBI:70080	ANTIBACTERIAL	4-hydroxycordoin
CHEBI:70143	ANTIPROTOZOAL	robustaside-e
CHEBI:70144	ANTIPROTOZOAL	robustaside-f
CHEBI:70145	ANTIPROTOZOAL	robustaside-g
CHEBI:70146	ANTIPROTOZOAL	robustaside-d
CHEBI:70147	ANTIPROTOZOAL	quercetin-7-o-α-l-rhamnopyranosyl-16-β-d-galactopyranoside
CHEBI:70168	ANTIBACTERIAL	fellutanine
CHEBI:7025	ANTIBACTERIAL	mupirocin
CHEBI:70401	ANTIFUNGAL	e-1-2-3-dihydro-1h-pyrrol-1-yl-2-methyldec-8-ene-1-3-dione
CHEBI:70402	ANTIFUNGAL	1-2-3-dihydro-1h-pyrrol-1-yl-2-methyldecane-1-3-dione
CHEBI:70482	ANTIPROTOZOAL	s-1-methylbutyl-caffeate
CHEBI:70484	ANTIPROTOZOAL	s-1-methyloctyl-caffeate
CHEBI:70507	ANTIPROTOZOAL	vincadifformine
CHEBI:70508	ANTIFUNGAL	16r-19e-isositsirikine
CHEBI:70576	ANTIBACTERIAL	pisiferic-acid
CHEBI:70649	ANTIFUNGAL	liriodenine
CHEBI:70651	ANTIMICROBIAL_UNSPECIFIED	oxonantenine
CHEBI:70652	ANTIVIRAL	7-hydroxy-5-methoxy-6-8-dimethylisoflavone
CHEBI:70653	ANTIVIRAL	2s-3s-3-5-7-trihydroxy-6-8-dimethylflavanone
CHEBI:70654	ANTIVIRAL	2s-2-7-dihydroxy-5-methoxy-6-8-dimethylflavanone
CHEBI:70655	ANTIVIRAL	e-4-2-4-trihydroxy-6-methoxy-3-5-dimethylchalcone
CHEBI:70656	ANTIVIRAL	7-hydroxy-5-methoxy-6-8-dimethylflavone
CHEBI:70658	ANTIVIRAL	2-4-dihydroxy-6-methoxy-3-5-dimethylchalcone
CHEBI:70659	ANTIVIRAL	2-4-dihydroxy-3-methyl-6-methoxychalcone
CHEBI:70660	ANTIVIRAL	2s-6-formyl-8-methyl-7-o-methylpinocembrin
CHEBI:70661	ANTIVIRAL	2s-8-formyl-5-hydroxy-7-methoxy-6-methylflavanone
CHEBI:70664	ANTIVIRAL	2s-5-7-dihydroxy-6-8-dimethylflavanone
CHEBI:70714	ANTIBACTERIAL	ceftaroline-fosamil-acetate-monohydrate
CHEBI:70715	ANTIBACTERIAL	ceftaroline-fosamil-acetate
CHEBI:70718	ANTIBACTERIAL	ceftaroline-fosamil
CHEBI:70729	ANTIBACTERIAL	ceftaroline
CHEBI:70816	ANTIMICROBIAL_UNSPECIFIED	pentalenolactone
CHEBI:71019	ANTIVIRAL	omacetaxine-mepesuccinate
CHEBI:71226	ANTIBACTERIAL	telavancin-hydrochloride
CHEBI:71229	ANTIBACTERIAL	telavancin
CHEBI:71311	ANTIMYCOBACTERIAL	pyrazine-2-carboxylic-acid
CHEBI:71415	ANTIBACTERIAL	nitrofurantoin
CHEBI:71416	ANTIVIRAL	phenazopyridine
CHEBI:71508	ANTIVIRAL	fluvirucin-a1
CHEBI:71520	ANTIMICROBIAL_UNSPECIFIED	paxanthonin
CHEBI:71531	ANTIBACTERIAL	gypsogenic-acid
CHEBI:71621	ANTIBACTERIAL	bacilysocin
CHEBI:71623	ANTIBACTERIAL	bacillaene
CHEBI:71629	ANTIBACTERIAL	nisin
CHEBI:71658	ANTIBACTERIAL	mersacidin
CHEBI:71659	ANTIBACTERIAL	epidermin
CHEBI:71948	ANTIBACTERIAL	tyrocidine-b
CHEBI:71949	ANTIBACTERIAL	tyrocidine-c
CHEBI:71950	ANTIBACTERIAL	tyrocidine-d
CHEBI:71961	ANTIMYCOBACTERIAL	lividomycin-a
CHEBI:71962	ANTIMYCOBACTERIAL	lividomycin-b
CHEBI:71976	ANTIBACTERIAL	surfactin-a
CHEBI:71977	ANTIBACTERIAL	surfactin-b
CHEBI:71978	ANTIBACTERIAL	surfactin-c
CHEBI:71979	ANTIBACTERIAL	surfactin-d
CHEBI:71987	ANTIMICROBIAL_UNSPECIFIED	curamycin-a
CHEBI:72289	ANTIVIRAL	elvitegravir
CHEBI:72292	ANTIMYCOBACTERIAL	bedaquiline
CHEBI:72295	ANTIMYCOBACTERIAL	bedaquiline-fumarate
CHEBI:72341	ANTIMICROBIAL_UNSPECIFIED	o-2-aminoethyl-l-serine
CHEBI:72346	ANTIMICROBIAL_UNSPECIFIED	roseoflavin
CHEBI:72449	ANTIBACTERIAL	malachite-green
CHEBI:72477	ANTIVIRAL	halistanol-sulfonic-acid-f
CHEBI:72479	ANTIVIRAL	halistanol-sulfonic-acid-g
CHEBI:72481	ANTIVIRAL	6-bromoharmine
CHEBI:72590	ANTIMICROBIAL_UNSPECIFIED	rhizoxin
CHEBI:72611	ANTIFUNGAL	papulacandin-a
CHEBI:72622	ANTIFUNGAL	papulacandin-c
CHEBI:72630	ANTIFUNGAL	papulacandin-d
CHEBI:72664	ANTIFUNGAL	phytocassane-a
CHEBI:72666	ANTIFUNGAL	phytocassane-b
CHEBI:72668	ANTIFUNGAL	phytocassane-c
CHEBI:72669	ANTIFUNGAL	phytocassane-d
CHEBI:72675	ANTIFUNGAL	phytocassane-e
CHEBI:72687	ANTIBACTERIAL	bacilysin
CHEBI:72769	ANTIBACTERIAL	2-oxokanamycin
CHEBI:72792	ANTIVIRAL	lamellarin-α-20-hydrogen-sulfate
CHEBI:72797	ANTIBACTERIAL	kanamycin-x
CHEBI:72990	ANTIBACTERIAL	3-deamino-3-hydroxykanamycin-b
CHEBI:72992	ANTIBACTERIAL	3-deamino-3-hydroxykanamycin-x
CHEBI:73058	ANTIBACTERIAL	madecassic-acid
CHEBI:73078	ANTIBACTERIAL	3-deamino-3-hydroxykanamycin-c
CHEBI:73079	ANTIBACTERIAL	kanamycin-d
CHEBI:73086	ANTIFUNGAL	protobassic-acid
CHEBI:73107	ANTIVIRAL	maprounic-acid
CHEBI:73128	ANTIBACTERIAL	horminone
CHEBI:73139	ANTIVIRAL	oseltamivir-acid
CHEBI:73167	ANTIFUNGAL	concanamycin-a
CHEBI:73178	ANTIFUNGAL	acibenzolar-s-methyl
CHEBI:73185	ANTIFUNGAL	acibenzolar
CHEBI:73187	ANTIBACTERIAL	6β-p-hydroxybenzylidene-amino-penicillanic-acid
CHEBI:73188	ANTIBACTERIAL	6β-5-p-aminophenyl-imino-pentylidene-amino-penicillanic-acid
CHEBI:73224	ANTIMICROBIAL_UNSPECIFIED	allyl-isothiocyanate
CHEBI:73481	ANTIBACTERIAL	asukamycin
CHEBI:73683	ANTIBACTERIAL	6-o-carbamoylkanamycin-a
CHEBI:73686	ANTIBACTERIAL	nebramycin-5
CHEBI:73708	ANTIBACTERIAL	9s-erythromycyclamine
CHEBI:73908	ANTIBACTERIAL	2-4-diamino-6-7-diisopropylpteridine
CHEBI:74023	ANTIFUNGAL	dioscin
CHEBI:74351	ANTIMICROBIAL_UNSPECIFIED	aclacinomycin-t
CHEBI:74460	ANTIBACTERIAL	5-chloro-7-iodoquinolin-8-ol
CHEBI:7447	ANTIBACTERIAL	nafcillin
CHEBI:74500	ANTIBACTERIAL	chlorquinaldol
CHEBI:7451	ANTIFUNGAL	naftifine
CHEBI:74526	ANTIFUNGAL	sec-butylamine
CHEBI:74545	ANTIPROTOZOAL	acivicin
CHEBI:74619	ANTIMICROBIAL_UNSPECIFIED	aclacinomycin-a
CHEBI:74718	ANTIBACTERIAL	3-6-diaminoacridine-monohydrochloride
CHEBI:74723	ANTIBACTERIAL	3-6-diaminoacridine-dihydrochloride
CHEBI:74727	ANTIBACTERIAL	3-6-diamino-10-methylacridinium-chloride-hcl
CHEBI:74758	ANTIMICROBIAL_UNSPECIFIED	aclacinomycin-t-hydrochloride
CHEBI:74803	ANTIBACTERIAL	furaltadone
CHEBI:74846	ANTIFUNGAL	azaserine
CHEBI:74875	ANTIFUNGAL	dichlofluanid
CHEBI:7488	ANTIFUNGAL	natamycin
CHEBI:74880	ANTIBACTERIAL	1-dodecylguanidine
CHEBI:74889	ANTIBACTERIAL	1-dodecylguanidine-acetate
CHEBI:7489	ANTIBACTERIAL	neamine
CHEBI:74926	ANTIMICROBIAL_UNSPECIFIED	patulin
CHEBI:7496	ANTIVIRAL	nelfinavir
CHEBI:7497	ANTIVIRAL	nelfinavir-mesylate
CHEBI:75045	ANTIVIRAL	dabrafenib
CHEBI:75046	ANTIBACTERIAL	phleomycin-d1
CHEBI:7508	ANTIBACTERIAL	framycetin
CHEBI:75091	ANTIMICROBIAL_UNSPECIFIED	aclacinomycin-n
CHEBI:75092	ANTIBACTERIAL	morin
CHEBI:75093	ANTIMICROBIAL_UNSPECIFIED	aclacinomycin-y
CHEBI:75176	ANTIBACTERIAL	ornidazole
CHEBI:75178	BIOCIDE	urea-hydrogen-peroxide
CHEBI:75179	ANTIVIRAL	trifluridine
CHEBI:7518	ANTIBACTERIAL	cis-trans-nepetalactone
CHEBI:75182	ANTIFUNGAL	tolylfluanid
CHEBI:7519	ANTIBACTERIAL	trans-cis-nepetalactone
CHEBI:75212	ANTIBACTERIAL	dazomet
CHEBI:7524	ANTIFUNGAL	nerolidol
CHEBI:75244	ANTIMICROBIAL_UNSPECIFIED	aklaviketone
CHEBI:75246	ANTIBACTERIAL	rifaximin
CHEBI:75250	ANTIBACTERIAL	pipemidic-acid
CHEBI:75258	ANTIMICROBIAL_UNSPECIFIED	penimepicycline
CHEBI:75262	ANTIMICROBIAL_UNSPECIFIED	pipacycline
CHEBI:75276	ANTIPROTOZOAL	ikarugamycin
CHEBI:7528	ANTIBACTERIAL	netilmycin
CHEBI:75283	ANTIFUNGAL	miltefosine
CHEBI:75291	ANTIMICROBIAL_UNSPECIFIED	ε-rhodomycinone
CHEBI:75306	ANTIBACTERIAL	2-heptyl-4-hydroxyquinoline
CHEBI:75319	ANTIMICROBIAL_UNSPECIFIED	3-3-neotrehalosadiamine
CHEBI:75382	ANTIPROTOZOAL	monastrol
CHEBI:75404	ANTIVIRAL	tyrphostin-ag-1478
CHEBI:7553	ANTIVIRAL	niclosamide
CHEBI:75544	ANTIFUNGAL	feruloylagmatine
CHEBI:75561	ANTIVIRAL	1-linoleoyl-sn-glycerol
CHEBI:75563	ANTIVIRAL	3-linoleoyl-sn-glycerol
CHEBI:75568	ANTIVIRAL	1-monolinolein
CHEBI:75592	ANTIVIRAL	l-cycloserine
CHEBI:7569	ANTIBACTERIAL	nigericin
CHEBI:75998	ANTIVIRAL	trametinib
CHEBI:76	ANTIPROTOZOAL	annonaine
CHEBI:76002	ANTIFUNGAL	n-5-1-naphthylmethyl-1-3-thiazol-2-yl-cyclohexanecarboxamide
CHEBI:76005	ANTIFUNGAL	abafungin
CHEBI:76007	ANTIVIRAL	dolutegravir-sodium
CHEBI:76010	ANTIVIRAL	dolutegravir
CHEBI:76058	ANTIMICROBIAL_UNSPECIFIED	chloroorienticin-b
CHEBI:7609	ANTIVIRAL	nomilin
CHEBI:76173	ANTIFUNGAL	pallidol
CHEBI:76244	ANTIBACTERIAL	sapienic-acid
CHEBI:76258	ANTIMICROBIAL_UNSPECIFIED	oxyphenbutazone
CHEBI:76259	ANTIMICROBIAL_UNSPECIFIED	oxyphenbutazone-hydrate
CHEBI:76293	ANTIPROTOZOAL	azadirone
CHEBI:7632	ANTIPROTOZOAL	norlichexanthone
CHEBI:76399	ANTIVIRAL	n-nonyldeoxynojirimycin
CHEBI:76944	ANTIFUNGAL	13-epi-manool
CHEBI:76945	ANTIBACTERIAL	manool
CHEBI:77009	ANTIBACTERIAL	5-o-β-d-mycaminosyl-20-oxotylonolide
CHEBI:77011	ANTIBACTERIAL	5-o-mycaminosyltylonolide
CHEBI:77036	ANTIBACTERIAL	a41030a
CHEBI:77152	ANTIVIRAL	ginsenoside-rb2
CHEBI:77179	ANTIMICROBIAL_UNSPECIFIED	4-o-methylrhodomycin-d
CHEBI:77181	ANTIBACTERIAL	crystal-violet-cation
CHEBI:77195	ANTIMICROBIAL_UNSPECIFIED	10-carboxy-13-deoxydaunorubicin
CHEBI:77323	ANTIFUNGAL	ethoxyquin
CHEBI:77474	ANTIBACTERIAL	9z-12z-15z-octadecatrien-1-ol
CHEBI:7751	ANTIBACTERIAL	oligomycin-b
CHEBI:7752	ANTIBACTERIAL	oligomycin-c
CHEBI:7753	ANTIFUNGAL	oligomycin-d
CHEBI:77543	ANTIBACTERIAL	ebselen
CHEBI:77568	ANTIBACTERIAL	trovafloxacin-mesylate
CHEBI:77570	ANTIPROTOZOAL	tropisetron-hydrochloride
CHEBI:77581	ANTIBACTERIAL	7-3-aminopyrrolidin-1-yl-1-2-4-difluorophenyl-6-fluoro-4-oxo-1-4-dihyd
CHEBI:77582	ANTIBACTERIAL	s-tosufloxacin
CHEBI:77584	ANTIBACTERIAL	r-tosufloxacin
CHEBI:77605	ANTIMICROBIAL_UNSPECIFIED	tosufloxacin-tosylate
CHEBI:77614	ANTIFUNGAL	terbinafine-hydrochloride
CHEBI:77648	ANTIBACTERIAL	novapikromycin
CHEBI:77652	ANTIBACTERIAL	novamethymycin
CHEBI:77693	ANTIFUNGAL	ctbt
CHEBI:77722	ANTIBACTERIAL	apigenin-7-o-β-d-glucoside-1
CHEBI:77735	ANTIMICROBIAL_UNSPECIFIED	ossamycin
CHEBI:77752	ANTIMICROBIAL_UNSPECIFIED	ltx-109
CHEBI:77762	ANTIFUNGAL	syringomycin-e
CHEBI:7777	ANTIBACTERIAL	ophiobolin-a
CHEBI:77772	ANTIMICROBIAL_UNSPECIFIED	ilicicolin-h
CHEBI:77780	ANTIBACTERIAL	sulfaphenazole
CHEBI:77794	ANTIBACTERIAL	r-temafloxacin
CHEBI:77795	ANTIBACTERIAL	s-temafloxacin
CHEBI:77796	ANTIBACTERIAL	1-2-4-difluorophenyl-6-fluoro-7-3-methylpiperazin-1-yl-4-oxo-1-4-dihyd
CHEBI:77834	ANTIMICROBIAL_UNSPECIFIED	lancovutide
CHEBI:77845	ANTIBACTERIAL	7-aminocholesterol
CHEBI:77868	BIOCIDE	potassium-sorbate
CHEBI:77879	ANTIFUNGAL	elaiophylin
CHEBI:77880	ANTIBACTERIAL	boromycin
CHEBI:77885	ANTIMICROBIAL_UNSPECIFIED	nocardicin-e-2
CHEBI:77908	ANTIFUNGAL	gm-193663
CHEBI:77912	ANTIMICROBIAL_UNSPECIFIED	mutalomycin-sodium-salt
CHEBI:77918	ANTIBACTERIAL	mutalomycin
CHEBI:77921	ANTIBACTERIAL	21-deoxyconcanamycin-a
CHEBI:77932	ANTIBACTERIAL	tetracycline-zwitterion
CHEBI:77940	ANTIBACTERIAL	alborixin
CHEBI:77942	ANTIFUNGAL	tavaborole
CHEBI:77979	ANTIMICROBIAL_UNSPECIFIED	aclacinomycin-t-zwitterion
CHEBI:7798	ANTIVIRAL	oseltamivir
CHEBI:77980	ANTIMICROBIAL_UNSPECIFIED	aclacinomycin-a-zwitterion
CHEBI:77985	ANTIMICROBIAL_UNSPECIFIED	aclacinomycin-y-zwitterion
CHEBI:78039	ANTIVIRAL	meso-tetrakis-n-methyl-4-pyridyl-porphine-tetrakis-p-toluenesulfonate
CHEBI:7809	ANTIBACTERIAL	oxacillin
CHEBI:78156	ANTIFUNGAL	mucidin
CHEBI:78160	ANTIMICROBIAL_UNSPECIFIED	bleomycin-a5
CHEBI:78236	ANTIVIRAL	n-acetyl-l-cysteinate
CHEBI:7825	ANTIFUNGAL	oxiconazole
CHEBI:7826	ANTIFUNGAL	oxiconazole-nitrate
CHEBI:78274	ANTIBACTERIAL	ferruginol
CHEBI:78283	ANTIMICROBIAL_UNSPECIFIED	8-demethyl-8-α-l-rhamnosyl-tetracenomycin-c
CHEBI:78285	ANTIMICROBIAL_UNSPECIFIED	8-demethyl-8-2-o-methyl-α-l-rhamnosyl-tetracenomycin-c
CHEBI:78286	ANTIMICROBIAL_UNSPECIFIED	8-demethyl-8-2-3-o-dimethyl-α-l-rhamnosyl-tetracenomycin-c
CHEBI:78288	ANTIMICROBIAL_UNSPECIFIED	elloramycin-a
CHEBI:78303	ANTIMICROBIAL_UNSPECIFIED	aclacinomycin-s-zwitterion
CHEBI:78327	ANTIPROTOZOAL	pseudobaptigenin-1
CHEBI:78351	ANTIVIRAL	amantadine-sulfate
CHEBI:78373	ANTIBACTERIAL	chelerythrine
CHEBI:78492	ANTIPROTOZOAL	diallyl-trisulfide
CHEBI:78496	ANTIMICROBIAL_UNSPECIFIED	mastoparan
CHEBI:78507	ANTIBACTERIAL	mastoparan-af
CHEBI:78509	ANTIBACTERIAL	mastoparan-a
CHEBI:78511	ANTIBACTERIAL	mastoparan-b
CHEBI:78514	ANTIBACTERIAL	mastoparan-d
CHEBI:78518	ANTIBACTERIAL	mastoparan-m
CHEBI:78519	ANTIBACTERIAL	mastoparan-v
CHEBI:7858	ANTIFUNGAL	oxycarboxin
CHEBI:78661	ANTIFUNGAL	borrelidin
CHEBI:78688	ANTIFUNGAL	2-4-diacetylphloroglucinol
CHEBI:78692	ANTIBACTERIAL	bifonazole
CHEBI:78696	ANTIFUNGAL	cercosporamide
CHEBI:78769	ANTIFUNGAL	plakortide-f-free-acid
CHEBI:78777	ANTIFUNGAL	polyoxorim
CHEBI:78780	ANTIFUNGAL	pyraclostrobin
CHEBI:78857	ANTIBACTERIAL	2-2-3-3-tetrahydroxy-2-3-dihydronaphthalene-1-4-dione
CHEBI:78870	BIOCIDE	sodium-nitrite
CHEBI:78884	ANTIBACTERIAL	4-terpineol
CHEBI:78887	ANTIBACTERIAL	tirapazamine
CHEBI:79034	ANTIMICROBIAL_UNSPECIFIED	monacolin-j
CHEBI:7911	ANTIBACTERIAL	panipenem
CHEBI:79176	ANTIMICROBIAL_UNSPECIFIED	aclacinomycin-s
CHEBI:7934	ANTIBACTERIAL	paromomycin
CHEBI:7935	ANTIBACTERIAL	paromomycin-sulfate
CHEBI:79384	ANTIFUNGAL	bar0329
CHEBI:79390	ANTIBACTERIAL	furanomycin
CHEBI:79391	ANTIBACTERIAL	chuangxinmycin
CHEBI:79394	ANTIBACTERIAL	indolmycin
CHEBI:7956	ANTIVIRAL	penciclovir
CHEBI:7957	ANTIFUNGAL	pencycuron
CHEBI:79736	ANTIFUNGAL	ziram
CHEBI:79737	ANTIFUNGAL	iprobenfos
CHEBI:7977	ANTIPROTOZOAL	pentamidine-isethionate
CHEBI:79966	ANTIFUNGAL	tropolone
CHEBI:80016	ANTIBACTERIAL	chalcomycin
CHEBI:80024	ANTIBACTERIAL	aureothin
CHEBI:80025	ANTIBACTERIAL	salinomycin
CHEBI:80056	ANTIFUNGAL	zwittermicin-a
CHEBI:80484	ANTIFUNGAL	pinocembrin-chalcone
CHEBI:8062	ANTIBACTERIAL	phenethyl-caffeate
CHEBI:80729	ANTIBACTERIAL	toxoflavin
CHEBI:80751	ANTIVIRAL	s-goitrin
CHEBI:80790	ANTIBACTERIAL	afzelin
CHEBI:80830	ANTIFUNGAL	e-e-germacrone
CHEBI:80840	ANTIVIRAL	isomangiferin
CHEBI:80845	ANTIVIRAL	liquiritin
CHEBI:80955	ANTIVIRAL	eudistomin-c
CHEBI:81021	ANTIBACTERIAL	nocardicin-c
CHEBI:81022	ANTIBACTERIAL	isonocardicin-c
CHEBI:81024	ANTIBACTERIAL	nocardicin-g
CHEBI:81419	ANTIFUNGAL	kasugamycin
CHEBI:81485	ANTIFUNGAL	osthenol
CHEBI:81711	ANTIBACTERIAL	chlorhexidine-acetate
CHEBI:81724	ANTIPROTOZOAL	diminazene
CHEBI:81731	ANTIFUNGAL	tolclofos-methyl
CHEBI:81732	ANTIFUNGAL	benthiavalicarb-isopropyl
CHEBI:81736	ANTIFUNGAL	pyributicarb
CHEBI:81754	ANTIFUNGAL	amobam
CHEBI:81755	ANTIFUNGAL	propineb
CHEBI:81759	ANTIFUNGAL	diclomezine
CHEBI:81760	ANTIFUNGAL	difenoconazole
CHEBI:81761	ANTIFUNGAL	etridiazole
CHEBI:81763	ANTIFUNGAL	fludioxonil
CHEBI:81764	ANTIFUNGAL	fluopicolide
CHEBI:81767	ANTIFUNGAL	imibenconazole
CHEBI:81770	ANTIFUNGAL	ipconazole
CHEBI:81773	ANTIFUNGAL	metconazole
CHEBI:81778	ANTIFUNGAL	probenazole
CHEBI:81783	ANTIFUNGAL	tricyclazole
CHEBI:81784	ANTIFUNGAL	triflumizole
CHEBI:81785	ANTIFUNGAL	uniconazole-p
CHEBI:81788	ANTIFUNGAL	cymoxanil
CHEBI:81792	ANTIFUNGAL	flutolanil
CHEBI:81794	ANTIFUNGAL	thifluzamide
CHEBI:81797	ANTIFUNGAL	cyflufenamid
CHEBI:81799	ANTIFUNGAL	diclocymet
CHEBI:81801	ANTIFUNGAL	flusulfamide
CHEBI:81822	ANTIFUNGAL	boscalid
CHEBI:81823	ANTIFUNGAL	mepronil
CHEBI:81825	ANTIFUNGAL	tiadinil
CHEBI:81826	ANTIFUNGAL	fluoroimide
CHEBI:81831	ANTIFUNGAL	metominostrobin
CHEBI:81832	ANTIFUNGAL	orysastrobin
CHEBI:81833	ANTIFUNGAL	trifloxystrobin
CHEBI:81841	ANTIFUNGAL	cyazofamid
CHEBI:81842	ANTIFUNGAL	dithianon
CHEBI:81843	ANTIFUNGAL	fluazinam
CHEBI:81844	ANTIFUNGAL	ferimzone
CHEBI:81846	ANTIFUNGAL	amisulbrom
CHEBI:81848	ANTIFUNGAL	dimethomorph
CHEBI:81853	ANTIFUNGAL	fenhexamid
CHEBI:81862	ANTIFUNGAL	potassium-hydrogencarbonate
CHEBI:81898	ANTIFUNGAL	azaconazole
CHEBI:81900	ANTIFUNGAL	bromuconazole
CHEBI:81918	ANTIFUNGAL	fentin-acetate
CHEBI:81922	ANTIFUNGAL	flusilazole
CHEBI:81926	ANTIFUNGAL	fuberidazole
CHEBI:81934	ANTIFUNGAL	nabam
CHEBI:81935	ANTIBACTERIAL	nitrapyrin
CHEBI:81936	ANTIBACTERIAL	octhilinone
CHEBI:81937	ANTIFUNGAL	oxadixyl
CHEBI:81938	ANTIFUNGAL	captafol
CHEBI:81942	ANTIFUNGAL	pyrazophos
CHEBI:81952	ANTIFUNGAL	bupirimate
CHEBI:81958	ANTIFUNGAL	dimethirimol
CHEBI:81960	ANTIFUNGAL	dodemorph
CHEBI:81972	ANTIFUNGAL	pyrifenox
CHEBI:81989	ANTIFUNGAL	ethirimol
CHEBI:81994	ANTIFUNGAL	fenfuram
CHEBI:82019	ANTIFUNGAL	folpet
CHEBI:82023	ANTIFUNGAL	iprovalicarb
CHEBI:82033	ANTIFUNGAL	propamocarb
CHEBI:82040	ANTIFUNGAL	quinoxyfen
CHEBI:82044	ANTIFUNGAL	tecnazene
CHEBI:82052	ANTIFUNGAL	benodanil
CHEBI:82060	ANTIFUNGAL	thiophanate
CHEBI:82076	ANTIFUNGAL	anilazine
CHEBI:82084	ANTIFUNGAL	prothiocarb
CHEBI:8232	ANTIBACTERIAL	piperacillin
CHEBI:8255	ANTIBACTERIAL	pivampicillin
CHEBI:82614	ANTIPROTOZOAL	diminazene-2
CHEBI:82615	ANTIPROTOZOAL	diminazene-diaceturate
CHEBI:82622	ANTIFUNGAL	leucascandrolide-a-congener
CHEBI:82641	ANTIFUNGAL	gepinacin
CHEBI:82658	ANTIFUNGAL	n-benzyl-n-methyl-2-3-oxo-1-2-benzothiazol-2-yl-acetamide
CHEBI:82672	ANTIFUNGAL	pomecin-a
CHEBI:8269	ANTIBACTERIAL	pleuromutilin
CHEBI:82699	ANTIBACTERIAL	oritavancin
CHEBI:82717	ANTIBACTERIAL	tedizolid
CHEBI:82718	ANTIFUNGAL	efinaconazole
CHEBI:82721	ANTIBACTERIAL	dalbavancin
CHEBI:82751	ANTIBACTERIAL	cholesteryl-arachidonate
CHEBI:82754	ANTIBACTERIAL	microcin-c
CHEBI:82758	ANTIMICROBIAL_UNSPECIFIED	prodigiosin
CHEBI:82779	ANTIFUNGAL	benalaxyl-m
CHEBI:82809	ANTIMICROBIAL_UNSPECIFIED	agrocin-84
CHEBI:82818	ANTIPROTOZOAL	mdl-28170
CHEBI:82825	ANTIFUNGAL	neothyonidioside
CHEBI:82864	ANTIFUNGAL	flutrimazole
CHEBI:82960	ANTIVIRAL	raltegravir
CHEBI:82977	ANTIVIRAL	daclatasvir
CHEBI:83065	ANTIFUNGAL	isofetamid
CHEBI:83070	ANTIFUNGAL	fluopyram
CHEBI:8309	ANTIBACTERIAL	polymyxin-b1
CHEBI:83106	ANTIFUNGAL	bixafen
CHEBI:83113	ANTIFUNGAL	fluxapyroxad
CHEBI:83155	ANTIFUNGAL	adenosine-5-hexadecylphosphate
CHEBI:83185	ANTIFUNGAL	coumoxystrobin
CHEBI:83187	ANTIFUNGAL	enoxastrobin
CHEBI:83194	ANTIFUNGAL	flufenoxystrobin
CHEBI:83197	ANTIFUNGAL	picoxystrobin
CHEBI:83202	ANTIFUNGAL	pyraoxystrobin
CHEBI:83206	ANTIBACTERIAL	albomycin-δ1
CHEBI:83212	ANTIFUNGAL	pyrametostrobin
CHEBI:83213	ANTIFUNGAL	triclopyricarb
CHEBI:83215	ANTIBACTERIAL	albomycin-δ2
CHEBI:83217	ANTIBACTERIAL	albomycin-ε
CHEBI:83218	ANTIFUNGAL	dimoxystrobin
CHEBI:83220	ANTIFUNGAL	fenaminstrobin
CHEBI:83253	ANTIFUNGAL	fluoxastrobin
CHEBI:83258	ANTIFUNGAL	fenamidone
CHEBI:83261	ANTIFUNGAL	pyribencarb
CHEBI:83265	ANTIVIRAL	papuamide-b
CHEBI:83266	ANTIFUNGAL	tebufloquin
CHEBI:83275	ANTIFUNGAL	hypothemycin
CHEBI:83277	ANTIFUNGAL	flutianil
CHEBI:83279	ANTIFUNGAL	3-iodoprop-2-yn-1-yl-butylcarbamate
CHEBI:83297	ANTIFUNGAL	4-dodecyl-2-6-dimethylmorpholine
CHEBI:83298	ANTIFUNGAL	cis-4-dodecyl-2-6-dimethylmorpholine
CHEBI:83300	ANTIFUNGAL	2s-6s-4-dodecyl-2-6-dimethylmorpholine
CHEBI:83301	ANTIFUNGAL	2r-6r-4-dodecyl-2-6-dimethylmorpholine
CHEBI:83305	ANTIBACTERIAL	oritavancin-bisphosphate
CHEBI:83326	ANTIMICROBIAL_UNSPECIFIED	tedizolid-phosphate
CHEBI:83327	ANTIFUNGAL	fenpyrazamine
CHEBI:83335	ANTIFUNGAL	triazoxide
CHEBI:83341	ANTIBACTERIAL	tecloftalam
CHEBI:83345	ANTIFUNGAL	metrafenone
CHEBI:83346	ANTIFUNGAL	pyriofenone
CHEBI:83365	ANTIFUNGAL	2-6-dimethyl-4-tridecylmorpholine
CHEBI:83368	ANTIFUNGAL	2-6-dimethyl-4-undecylmorpholine
CHEBI:83370	ANTIFUNGAL	2-6-dimethyl-4-tetradecylmorpholine
CHEBI:83393	ANTIFUNGAL	silthiofam
CHEBI:83398	ANTIFUNGAL	ametoctradin
CHEBI:83427	ANTIFUNGAL	z-dimethomorph
CHEBI:83428	ANTIFUNGAL	flumorph
CHEBI:8349	ANTIFUNGAL	pradimicin-a
CHEBI:8350	ANTIFUNGAL	pradimicin-b
CHEBI:8351	ANTIFUNGAL	pradimicin-c
CHEBI:83518	ANTIFUNGAL	4-5-dichloro-2-n-octyl-3-2h-isothiazolone
CHEBI:83555	ANTIFUNGAL	proquinazid
CHEBI:83601	ANTIFUNGAL	benthiavalicarb
CHEBI:83606	ANTIBACTERIAL	fenticonazole-nitrate
CHEBI:83610	ANTIFUNGAL	valifenalate
CHEBI:83657	ANTIFUNGAL	isotianil
CHEBI:83663	ANTIFUNGAL	pyrimorph
CHEBI:83685	ANTIBACTERIAL	arasertaconazole
CHEBI:83692	ANTIFUNGAL	arasertaconazole-nitrate
CHEBI:83707	ANTIFUNGAL	flutriafol
CHEBI:83711	ANTIBACTERIAL	hexaconazole
CHEBI:83748	ANTIFUNGAL	cyproconazole
CHEBI:83779	ANTIFUNGAL	tebuconazole
CHEBI:83800	ANTIVIRAL	daclatasvir-hydrochloride
CHEBI:83823	ANTIFUNGAL	pyrisoxazole
CHEBI:83911	ANTIFUNGAL	diniconazole-m
CHEBI:83920	ANTIFUNGAL	fenbuconazole
CHEBI:83923	ANTIFUNGAL	fluquinconazole
CHEBI:83924	ANTIFUNGAL	strobilurin-b
CHEBI:83959	ANTIMICROBIAL_UNSPECIFIED	hygrolidin
CHEBI:84033	ANTIFUNGAL	fosetyl-al
CHEBI:84035	ANTIMICROBIAL_UNSPECIFIED	pyridoxatin
CHEBI:84037	ANTIMICROBIAL_UNSPECIFIED	ravidomycin
CHEBI:8405	ANTIPROTOZOAL	primaquine
CHEBI:84073	ANTIFUNGAL	aminocandin
CHEBI:8413	ANTIMICROBIAL_UNSPECIFIED	primin
CHEBI:8417	ANTIBACTERIAL	pristinamycin-ia
CHEBI:8418	ANTIBACTERIAL	pristinamycin-ib
CHEBI:84192	ANTIBACTERIAL	teixobactin
CHEBI:84310	ANTIMICROBIAL_UNSPECIFIED	anticapsin-zwitterion
CHEBI:84328	ANTIFUNGAL	9z-heptadecenoic-acid
CHEBI:8434	ANTIFUNGAL	prochloraz
CHEBI:8450	ANTIFUNGAL	procymidone
CHEBI:8452	ANTIBACTERIAL	3-6-diaminoacridine
CHEBI:8455	ANTIPROTOZOAL	proguanil
CHEBI:8461	ANTIVIRAL	promethazine
CHEBI:8462	ANTIVIRAL	promethazine-hydrochloride
CHEBI:8464	ANTIBACTERIAL	prontosil
CHEBI:8489	ANTIFUNGAL	propiconazole
CHEBI:85005	ANTIMICROBIAL_UNSPECIFIED	anticapsin
CHEBI:85083	ANTIVIRAL	sofosbuvir
CHEBI:85089	ANTIVIRAL	ledipasvir
CHEBI:85129	ANTIBACTERIAL	ristocetin
CHEBI:85176	ANTIBACTERIAL	finafloxacin
CHEBI:85178	ANTIVIRAL	dasabuvir-sodium-hydrate
CHEBI:85179	ANTIVIRAL	dasabuvir-sodium
CHEBI:85182	ANTIVIRAL	dasabuvir
CHEBI:85183	ANTIVIRAL	ombitasvir
CHEBI:85188	ANTIVIRAL	paritaprevir
CHEBI:85192	ANTIMICROBIAL_UNSPECIFIED	tazobactam-sodium
CHEBI:85196	ANTIVIRAL	peramivir-hydrate
CHEBI:85202	ANTIVIRAL	peramivir
CHEBI:85251	ANTIMICROBIAL_UNSPECIFIED	teicoplanin-a2-2
CHEBI:85260	ANTIBACTERIAL	spiramycin-i
CHEBI:85264	ANTIBACTERIAL	potassium-clavulanate
CHEBI:85265	ANTIPROTOZOAL	amprolium
CHEBI:85266	ANTIPROTOZOAL	amprolium-1
CHEBI:85269	ANTIBACTERIAL	9-fluoro-5-methyl-1-oxo-6-7-dihydro-1h-5h-pyrido-3-2-1-ij-quinoline-2-
CHEBI:85272	ANTIBACTERIAL	s-flumequine
CHEBI:85273	ANTIBACTERIAL	r-flumequine
CHEBI:85330	ANTIMICROBIAL_UNSPECIFIED	dapdiamide-a
CHEBI:85332	ANTIMICROBIAL_UNSPECIFIED	dapdiamide-b
CHEBI:85333	ANTIMICROBIAL_UNSPECIFIED	dapdiamide-c
CHEBI:85337	ANTIMICROBIAL_UNSPECIFIED	dapdiamide-e
CHEBI:85412	ANTIMICROBIAL_UNSPECIFIED	mitomycin-a
CHEBI:85416	ANTIMICROBIAL_UNSPECIFIED	mitomycin-b
CHEBI:85614	ANTIBACTERIAL	neopikromycin
CHEBI:85616	ANTIMICROBIAL_UNSPECIFIED	viridicatumtoxin
CHEBI:85627	ANTIFUNGAL	picarbutrazox
CHEBI:85628	ANTIFUNGAL	tolprocarb
CHEBI:85646	ANTIMICROBIAL_UNSPECIFIED	avilamycin-a
CHEBI:85977	ANTIFUNGAL	isavuconazonium-sulfate
CHEBI:85978	ANTIFUNGAL	isavuconazonium
CHEBI:85979	ANTIFUNGAL	isavuconazole
CHEBI:85982	ANTIBACTERIAL	avibactam-sodium
CHEBI:85984	ANTIBACTERIAL	avibactam
CHEBI:86012	ANTIBACTERIAL	oxetanocin-a
CHEBI:8602	ANTIPROTOZOAL	pseudobaptigenin
CHEBI:86409	ANTIBACTERIAL	fortimicin-kk1
CHEBI:86431	ANTIBACTERIAL	sodium-fluorophosphate
CHEBI:8647	ANTIBACTERIAL	purpurogallin
CHEBI:8653	ANTIBACTERIAL	pyocyanine
CHEBI:8673	ANTIPROTOZOAL	pyrimethamine
CHEBI:8674	ANTIFUNGAL	pyrimethanil
CHEBI:86904	ANTIFUNGAL	4-coumaric-acid-methyl-ester
CHEBI:8695	ANTIVIRAL	quercetagetin
CHEBI:87042	ANTIBACTERIAL	seldomycin-5
CHEBI:87084	ANTIBACTERIAL	rosaramicin
CHEBI:8711	ANTIPROTOZOAL	quinacrine
CHEBI:87123	ANTIBACTERIAL	tulipalin-b
CHEBI:87124	ANTIBACTERIAL	6-tuliposide-b
CHEBI:87175	ANTIMICROBIAL_UNSPECIFIED	propamidine-isethionate
CHEBI:87184	ANTIMICROBIAL_UNSPECIFIED	hexamidine
CHEBI:87185	ANTIBACTERIAL	florfenicol
CHEBI:8732	ANTIBACTERIAL	quinupristin
CHEBI:8733	ANTIBACTERIAL	quinupristin-dalfopristin
CHEBI:87393	ANTIBACTERIAL	hexan-1-ol
CHEBI:87399	ANTIBACTERIAL	uk-63598
CHEBI:87400	ANTIBACTERIAL	uk-65662
CHEBI:87401	ANTIBACTERIAL	uk-63052
CHEBI:87462	ANTIMICROBIAL_UNSPECIFIED	propamidine
CHEBI:8764	ANTIVIRAL	mycophenolate-mofetil
CHEBI:87805	ANTIMYCOBACTERIAL	ethionamide-s-oxide
CHEBI:88173	ANTIBACTERIAL	brilliant-green
CHEBI:88176	ANTIBACTERIAL	brilliant-green-cation
CHEBI:88255	ANTIBACTERIAL	nifurtoinol
CHEBI:88258	ANTIBACTERIAL	sulfametrole
CHEBI:88263	ANTIBACTERIAL	sulfisoxazole-diolamine
CHEBI:88274	ANTIVIRAL	aranotin
CHEBI:88275	ANTIMICROBIAL_UNSPECIFIED	antelmycin
CHEBI:88298	ANTIFUNGAL	fr171456
CHEBI:88353	ANTIVIRAL	bryostatin-1
CHEBI:8881	ANTIVIRAL	robustaflavone
CHEBI:89052	ANTIFUNGAL	2-5-dimethylfuran
CHEBI:9016	ANTIBACTERIAL	arsphenamine
CHEBI:90205	ANTIVIRAL	plitidepsin
CHEBI:90227	ANTIVIRAL	selumetinib
CHEBI:90284	ANTIMICROBIAL_UNSPECIFIED	pirazofurin
CHEBI:9044	ANTIVIRAL	savinin
CHEBI:9053	ANTIFUNGAL	sclareol
CHEBI:90531	ANTIVIRAL	sotrastaurin
CHEBI:90702	BIOCIDE	carboxy-ptio
CHEBI:90868	ANTIFUNGAL	validamycin-b
CHEBI:90869	ANTIFUNGAL	validamycin-a-1
CHEBI:90888	ANTIBACTERIAL	aurachin-c
CHEBI:90923	ANTIVIRAL	tenofovir-alafenamide-fumarate
CHEBI:90924	ANTIBACTERIAL	aurachin-a
CHEBI:90926	ANTIVIRAL	tenofovir-alafenamide
CHEBI:90941	ANTIMICROBIAL_UNSPECIFIED	sibiromycin
CHEBI:91021	ANTIBACTERIAL	s-propyl-propanethiosulfinate
CHEBI:91030	ANTIBACTERIAL	epithienamycin-e
CHEBI:91210	ANTIPROTOZOAL	wll-vs
CHEBI:91218	ANTIFUNGAL	10e-15z-9-12-13-trihydroxy-10-15-octadecadienoic-acid
CHEBI:91231	ANTIPROTOZOAL	piperaquine
CHEBI:91402	ANTIMYCOBACTERIAL	linsitinib
CHEBI:9142	ANTIBACTERIAL	silver-1-sulfadiazinate
CHEBI:91451	ANTIVIRAL	chir-265
CHEBI:9168	ANTIBACTERIAL	sirolimus
CHEBI:9169	ANTIBACTERIAL	sisomycin
CHEBI:91848	ANTIPROTOZOAL	lasalocid-sodium
CHEBI:9190	ANTIFUNGAL	solasodine
CHEBI:9212	ANTIBACTERIAL	sparfloxacin
CHEBI:9215	ANTIBACTERIAL	spectinomycin
CHEBI:9216	ANTIBACTERIAL	spectinomycin-dihydrochloride
CHEBI:9217	ANTIBACTERIAL	spectinomycin-hydrochloride-hydrate
CHEBI:92181	ANTIPROTOZOAL	lasalocid
CHEBI:92257	ANTIPROTOZOAL	ikk16
CHEBI:9230	ANTIBACTERIAL	spinosyn-a
CHEBI:9232	ANTIBACTERIAL	spinosyn-d
CHEBI:9242	ANTIFUNGAL	spiroxamine
CHEBI:9287	ANTIMICROBIAL_UNSPECIFIED	streptonigrin
CHEBI:9288	ANTIMICROBIAL_UNSPECIFIED	streptozocin
CHEBI:9321	ANTIBACTERIAL	sulbactam
CHEBI:9322	ANTIBACTERIAL	sulbenicillin
CHEBI:9327	ANTIMICROBIAL_UNSPECIFIED	sulfacetamide-sodium-anhydrous
CHEBI:9328	ANTIPROTOZOAL	sulfadiazine
CHEBI:9329	ANTIBACTERIAL	sulfadoxine
CHEBI:9331	ANTIBACTERIAL	sulfamethizole
CHEBI:9332	ANTIBACTERIAL	sulfamethoxazole
CHEBI:9334	ANTIBACTERIAL	sulfasalazine
CHEBI:93358	ANTIVIRAL	pd169316
CHEBI:9336	ANTIBACTERIAL	phthalylsulfathiazole
CHEBI:9337	ANTIBACTERIAL	sulfathiazole
CHEBI:9364	ANTIPROTOZOAL	suramin-sodium
CHEBI:9391	ANTIBACTERIAL	talampicillin
CHEBI:9397	ANTIVIRAL	tamoxifen-citrate
CHEBI:9421	ANTIBACTERIAL	tazobactam
CHEBI:9448	ANTIFUNGAL	terbinafine
CHEBI:94621	ANTIBACTERIAL	sulfaguanidine
CHEBI:94677	ANTIBACTERIAL	sulfabenzamide
CHEBI:9470	ANTIBACTERIAL	tetracenomycin-c
CHEBI:94771	ANTIPROTOZOAL	quisinostat
CHEBI:9495	ANTIBACTERIAL	thiram
CHEBI:94998	ANTIBACTERIAL	sch-79797
CHEBI:95003	ANTIVIRAL	mst-312
CHEBI:95071	ANTIPROTOZOAL	pracinostat
CHEBI:95074	ANTIVIRAL	unc0638
CHEBI:95093	ANTIVIRAL	omipalisib
CHEBI:9518	ANTIVIRAL	theasinensin-a
CHEBI:95341	ANTIVIRAL	baricitinib
CHEBI:9546	ANTIFUNGAL	thimerosal
CHEBI:9555	ANTIVIRAL	tioguanine
CHEBI:9587	ANTIBACTERIAL	ticarcillin
CHEBI:9620	ANTIFUNGAL	tolnaftate
CHEBI:9630	ANTIFUNGAL	tomatine
CHEBI:9661	ANTIFUNGAL	triacetin
CHEBI:9666	ANTIFUNGAL	triadimenol
CHEBI:9683	ANTIBACTERIAL	trichlormethiazide
CHEBI:9688	ANTIFUNGAL	trichodermin
CHEBI:9691	ANTIFUNGAL	piperyline
CHEBI:9699	ANTIFUNGAL	tridec-1-ene-3-5-7-9-11-pentayne
CHEBI:9711	ANTIVIRAL	triflupromazine
CHEBI:9712	ANTIVIRAL	triflupromazine-hydrochloride
CHEBI:9715	ANTIFUNGAL	triforine
CHEBI:9763	ANTIBACTERIAL	trovafloxacin
CHEBI:98	ANTIMICROBIAL_UNSPECIFIED	s-linalool
CHEBI:9997	ANTIBACTERIAL	pristinamycin-iia
antibioticmech:aro-00a588048a	ANTIBACTERIAL	lys228
antibioticmech:aro-026683b3b8	ANTIBACTERIAL	marinomycin-d
antibioticmech:aro-0734abf918	ANTIBACTERIAL	gramicidin-s
antibioticmech:aro-07e4fbc49d	ANTIBACTERIAL	cadaside-a
antibioticmech:aro-07fd9f4191	ANTIBACTERIAL	pyrrolomycin-i
antibioticmech:aro-0a013bd963	ANTIBACTERIAL	murepavadin
antibioticmech:aro-0a1c492c45	ANTIBACTERIAL	microcin-j25
antibioticmech:aro-0ae735fe08	ANTIBACTERIAL	phenelfamycin-e
antibioticmech:aro-0aefa62f74	ANTIBACTERIAL	patricin-b
antibioticmech:aro-0c3c5e785d	ANTIBACTERIAL	formicamycin-p
antibioticmech:aro-0cf530b2c3	ANTIBACTERIAL	arylomycin
antibioticmech:aro-0f5084fe9f	ANTIBACTERIAL	cyclomarin-b
antibioticmech:aro-11ab0a98bf	ANTIFUNGAL	miconazole
antibioticmech:aro-1204fa50d9	ANTIBACTERIAL	gramicidin
antibioticmech:aro-1224dc3554	ANTIFUNGAL	oxpoconazole
antibioticmech:aro-1286e26ebd	ANTIBACTERIAL	formicin
antibioticmech:aro-12bdf3352c	ANTIBACTERIAL	halolitoralin-a
antibioticmech:aro-13aab8b73c	ANTIBACTERIAL	thiacalixarene-derivatives
antibioticmech:aro-148ae939a4	ANTIBACTERIAL	azamulin
antibioticmech:aro-14f45eb5b3	ANTIFUNGAL	myclobutanil
antibioticmech:aro-1504589de3	ANTIBACTERIAL	bleomycin
antibioticmech:aro-17e5b16969	ANTIBACTERIAL	formicamycin-o
antibioticmech:aro-180f92bec8	ANTIBACTERIAL	polymyxin-b3
antibioticmech:aro-18bdab079e	ANTIBACTERIAL	formicamycin-i
antibioticmech:aro-19df9f1f8a	ANTIBACTERIAL	formicamycin-h
antibioticmech:aro-1a019a94dc	ANTIBACTERIAL	tylvalosin
antibioticmech:aro-1c243155df	ANTIBACTERIAL	tyrothricin
antibioticmech:aro-1c565a1a6c	ANTIBACTERIAL	perchlozone
antibioticmech:aro-1cc6dbd596	ANTIBACTERIAL	edeine-d
antibioticmech:aro-1d2367825f	ANTIBACTERIAL	klebsidin
antibioticmech:aro-1fe0873afd	ANTIBACTERIAL	acriflavine
antibioticmech:aro-251ff28ef6	ANTIBACTERIAL	fasamycin-a
antibioticmech:aro-26cedd2720	ANTIBACTERIAL	sarafloxacin
antibioticmech:aro-274dd73c04	ANTIBACTERIAL	formicamycin-j
antibioticmech:aro-27630f7c54	ANTIBACTERIAL	carbomycin
antibioticmech:aro-28273ec780	ANTIBACTERIAL	tildipirosin
antibioticmech:aro-2a1d8b8631	ANTIBACTERIAL	virginiamycin-s2
antibioticmech:aro-2b2f71621c	ANTIBACTERIAL	klebsazolicin
antibioticmech:aro-2c3e119979	ANTIBACTERIAL	dragmacidin-b
antibioticmech:aro-2c567f176b	ANTIBACTERIAL	phenamacril
antibioticmech:aro-2d1eb1b749	ANTIBACTERIAL	ticarcillin-clavulanic-acid
antibioticmech:aro-2d35d60097	ANTIBACTERIAL	eravacycline
antibioticmech:aro-2d9d7fefd6	ANTIBACTERIAL	meropenem-vaborbactam
antibioticmech:aro-2e3b34cc67	ANTIBACTERIAL	tacrolimus
antibioticmech:aro-2e5f698558	ANTIBACTERIAL	phenelfamycin-a
antibioticmech:aro-2ea67cad76	ANTIBACTERIAL	patricin-a
antibioticmech:aro-2eea3233f3	ANTIBACTERIAL	ofloxacin
antibioticmech:aro-3116ad4253	ANTIBACTERIAL	isepamicin
antibioticmech:aro-340d45af79	ANTIBACTERIAL	carrimycin
antibioticmech:aro-34500a4f2b	ANTIBACTERIAL	benzalkonium-chloride
antibioticmech:aro-34c0642a61	ANTIBACTERIAL	albicidin
antibioticmech:aro-35e3f4294f	ANTIBACTERIAL	formicamycin-a
antibioticmech:aro-365d0d8bfd	ANTIBACTERIAL	fasamycin-k
antibioticmech:aro-36682fe25f	ANTIBACTERIAL	cadaside-b
antibioticmech:aro-36b1a29715	ANTIBACTERIAL	pseudouridimycin
antibioticmech:aro-39c9b140ad	ANTIBACTERIAL	formicamycin-b
antibioticmech:aro-3a5151096c	ANTIBACTERIAL	capreomycin
antibioticmech:aro-3b4e0b6d96	ANTIBACTERIAL	5-episisomicin
antibioticmech:aro-3cd51688ea	ANTIBACTERIAL	phenelfamycin-b
antibioticmech:aro-3cfb065f35	ANTIBACTERIAL	bleomycinic-acid
antibioticmech:aro-3e4204a292	ANTIBACTERIAL	uk-69-753
antibioticmech:aro-40a2a87cc8	ANTIBACTERIAL	magainin-g
antibioticmech:aro-41b2842f38	ANTIBACTERIAL	lassomycin
antibioticmech:aro-43392693fd	ANTIBACTERIAL	edeine-f
antibioticmech:aro-43b735a15d	ANTIBACTERIAL	narasin
antibioticmech:aro-4406f1da89	ANTIBACTERIAL	fasamycin-i
antibioticmech:aro-45efa31311	ANTIBACTERIAL	kirrothricin
antibioticmech:aro-461f91937a	ANTIBACTERIAL	trimethoprim-sulfamethoxazole
antibioticmech:aro-4655b07df9	ANTIFUNGAL	ketoconazole
antibioticmech:aro-48bb80f5a5	ANTIBACTERIAL	dragmacidin-d
antibioticmech:aro-4a4590abba	ANTIBACTERIAL	griseoviridin
antibioticmech:aro-4b163fa344	ANTIBACTERIAL	tartrolon-f
antibioticmech:aro-4b92bbd5fb	ANTIBACTERIAL	marinomycin-c
antibioticmech:aro-4bf8cc8c16	ANTIBACTERIAL	tnp-2198
antibioticmech:aro-4c6e0c1ff0	ANTIBACTERIAL	tuberactinomycin
antibioticmech:aro-4e94f7ae64	ANTIBACTERIAL	magainin-h
antibioticmech:aro-4fcd06e09d	ANTIBACTERIAL	formicamycin-m
antibioticmech:aro-5086cca2e7	ANTIBACTERIAL	aurodox
antibioticmech:aro-515166b9c7	ANTIBACTERIAL	norvancomycin
antibioticmech:aro-53b7643d5c	ANTIBACTERIAL	zosurabalpin
antibioticmech:aro-53ea9afd3e	ANTIBACTERIAL	fasamycin-h
antibioticmech:aro-554b15fa7b	ANTIBACTERIAL	plazomicin
antibioticmech:aro-556deb5a30	ANTIBACTERIAL	retapamulin
antibioticmech:aro-59524d78a3	ANTIBACTERIAL	madumycin-ii
antibioticmech:aro-597d65f4ac	ANTIBACTERIAL	marinomycin-b
antibioticmech:aro-59d21b914e	ANTIBACTERIAL	antibiotic-a40926
antibioticmech:aro-5bcfcd87f2	ANTIBACTERIAL	ceftazidime-clavulanic-acid
antibioticmech:aro-5c527c4696	ANTIBACTERIAL	cervimycin-d
antibioticmech:aro-5d5ecfee72	ANTIBACTERIAL	efrotomycin
antibioticmech:aro-5fd4e54f15	ANTIFUNGAL	isopyrazam
antibioticmech:aro-605696c899	ANTIBACTERIAL	pyrrolomycin-f3
antibioticmech:aro-6235078efd	ANTIBACTERIAL	pyrrolomycin-j
antibioticmech:aro-63094b52cf	ANTIBACTERIAL	butirosin
antibioticmech:aro-63b276648e	ANTIBACTERIAL	formicamycin-q
antibioticmech:aro-6407ce57f1	ANTIBACTERIAL	gentamicin-c
antibioticmech:aro-65024a8863	ANTIBACTERIAL	lascufloxacin
antibioticmech:aro-6536d0e3bb	ANTIBACTERIAL	vernamycin-c
antibioticmech:aro-67d13cef91	ANTIBACTERIAL	tbi-223
antibioticmech:aro-68a16c2153	ANTIBACTERIAL	edeine-a
antibioticmech:aro-6a4094ddb2	ANTIBACTERIAL	dragmacidin-f
antibioticmech:aro-6bb73d1eab	ANTIBACTERIAL	tartrolon-g
antibioticmech:aro-6d3a6e6b69	ANTIBACTERIAL	iboxamycin
antibioticmech:aro-6e963f402b	ANTIBACTERIAL	dihydromocimycin
antibioticmech:aro-6fbc93a42c	ANTIBACTERIAL	nybomycin
antibioticmech:aro-6feb53f4d2	ANTIBACTERIAL	cervimycin-n
antibioticmech:aro-7086196093	ANTIBACTERIAL	phenelfamycin-g
antibioticmech:aro-714bb3cd2d	ANTIBACTERIAL	gentamicin-x
antibioticmech:aro-72f1180eb7	ANTIBACTERIAL	cervimycin-c
antibioticmech:aro-736d7660a3	ANTIBACTERIAL	bacitracin
antibioticmech:aro-74aa00cff4	ANTIBACTERIAL	pyrrolomycin-f2a
antibioticmech:aro-76e62349b9	ANTIBACTERIAL	piperacillin-tazobactam
antibioticmech:aro-77a152a10f	ANTIBACTERIAL	magainin-a
antibioticmech:aro-7a113ada2c	ANTIBACTERIAL	dragmacidin-e
antibioticmech:aro-7abbaadfab	ANTIBACTERIAL	balhimycin
antibioticmech:aro-7c0cf8c565	ANTIBACTERIAL	formicamycin-k
antibioticmech:aro-7c2372afa7	ANTIBACTERIAL	mutanobactin
antibioticmech:aro-7d06ad4acd	ANTIBACTERIAL	ge37468
antibioticmech:aro-7f38f83f7d	ANTIBACTERIAL	tebipenem
antibioticmech:aro-8013b9b55a	ANTIBACTERIAL	tetronomycin
antibioticmech:aro-808cc3b683	ANTIBACTERIAL	gentamicin-b
antibioticmech:aro-819aa3adea	ANTIBACTERIAL	cervimycin-k2
antibioticmech:aro-8218cfc5a1	ANTIBACTERIAL	pactamycin
antibioticmech:aro-828c8da980	ANTIBACTERIAL	heneicomycin
antibioticmech:aro-832bfb6c2e	ANTIBACTERIAL	magainin-b
antibioticmech:aro-84537027ef	ANTIBACTERIAL	amoxicillin-clavulanic-acid
antibioticmech:aro-85960541f2	ANTIBACTERIAL	cefepime-tazobactam
antibioticmech:aro-86221775c0	ANTIBACTERIAL	clinafloxacin
antibioticmech:aro-865dbced81	ANTIBACTERIAL	formicamycin-d
antibioticmech:aro-88c211f0f6	ANTIBACTERIAL	zoliflodacin
antibioticmech:aro-88dda0e2d9	ANTIBACTERIAL	virginiamycin-m1
antibioticmech:aro-890fe891a5	ANTIBACTERIAL	unphenelfamycin
antibioticmech:aro-8b2f0e38fa	ANTIBACTERIAL	kirromycin
antibioticmech:aro-9047378d43	ANTIBACTERIAL	g418
antibioticmech:aro-93dd2d4732	ANTIBACTERIAL	darobactin-a
antibioticmech:aro-940323dd61	ANTIBACTERIAL	formicamycin-g
antibioticmech:aro-94c19a1c3c	ANTIBACTERIAL	celesticetin
antibioticmech:aro-9612379da5	ANTIBACTERIAL	wychimicin-c
antibioticmech:aro-96ac9a7072	ANTIBACTERIAL	pyrrolomycin-e
antibioticmech:aro-96ff58856f	ANTIBACTERIAL	vanillobiocin
antibioticmech:aro-980580724e	ANTIBACTERIAL	marinomycin-a
antibioticmech:aro-985189abb0	ANTIBACTERIAL	evernimicin
antibioticmech:aro-98a9bd6ff9	ANTIBACTERIAL	fasamycin-g
antibioticmech:aro-9abc576b69	ANTIBACTERIAL	lff571
antibioticmech:aro-9aee56c696	ANTIBACTERIAL	avoparcin
antibioticmech:aro-9d6b967af6	ANTIBACTERIAL	ganefromycin
antibioticmech:aro-9fd72752cb	ANTIBACTERIAL	enacyloxin-iia
antibioticmech:aro-a1068a1a74	ANTIBACTERIAL	fasamycin-b
antibioticmech:aro-a1f2f7e07d	ANTIBACTERIAL	tartrolon-d
antibioticmech:aro-a22b27492c	ANTIBACTERIAL	formicamycin-n
antibioticmech:aro-a23579298c	ANTIBACTERIAL	halolitoralin-b
antibioticmech:aro-a324312fa2	ANTIBACTERIAL	pristinamycin-ic
antibioticmech:aro-a39572002e	ANTIBACTERIAL	sarecycline
antibioticmech:aro-a441fc6b50	ANTIFUNGAL	prothioconazole
antibioticmech:aro-a71ef91d49	ANTIBACTERIAL	teicoplanin
antibioticmech:aro-a78f888bde	ANTIBACTERIAL	phenelfamycin-c
antibioticmech:aro-ab6394287c	ANTIBACTERIAL	pyrrolomycin-f2b
antibioticmech:aro-ab7143cd24	ANTIBACTERIAL	2-n-ethylnetilmicin
antibioticmech:aro-ac9a833c42	ANTIBACTERIAL	cefquinome
antibioticmech:aro-adaab5b65b	ANTIFUNGAL	mebendazole
antibioticmech:aro-ae576e4688	ANTIBACTERIAL	bal30072
antibioticmech:aro-ae741f3893	ANTIBACTERIAL	tartrolon-b
antibioticmech:aro-b0cdef0f20	ANTIBACTERIAL	pirlimycin
antibioticmech:aro-b0e6c47827	ANTIBACTERIAL	amythiamicin-a
antibioticmech:aro-b18912d1c6	ANTIBACTERIAL	magainin-2
antibioticmech:aro-b2857d2845	ANTIBACTERIAL	selamectin
antibioticmech:aro-b2e68d25c8	ANTIBACTERIAL	gepotidacin
antibioticmech:aro-b380d64ee1	ANTIBACTERIAL	gentamicin
antibioticmech:aro-b3c99ef3d8	ANTIBACTERIAL	formicamycin-c
antibioticmech:aro-b4caf30bd7	ANTIBACTERIAL	phenelfamycin-d
antibioticmech:aro-b4f5ca6a06	ANTIBACTERIAL	pretomanid
antibioticmech:aro-b6c9cc2b59	ANTIBACTERIAL	lysocin-e
antibioticmech:aro-b7537957c3	ANTIBACTERIAL	sb22484
antibioticmech:aro-b799d457ed	ANTIFUNGAL	nystatin
antibioticmech:aro-b855439125	ANTIBACTERIAL	tulathromycin
antibioticmech:aro-b8680d8080	ANTIBACTERIAL	tartrolon-a
antibioticmech:aro-ba8c8dd0ec	ANTIBACTERIAL	pyrrolomycin-d
antibioticmech:aro-bb69bd597e	ANTIBACTERIAL	pyrrolomycin-g
antibioticmech:aro-bd55fbe0ca	ANTIBACTERIAL	enramycin
antibioticmech:aro-be005cca98	ANTIBACTERIAL	tunicamycin
antibioticmech:aro-bf39ac682c	ANTIBACTERIAL	gramicidin-c
antibioticmech:aro-bf7dc59121	ANTIBACTERIAL	azalomycin-f
antibioticmech:aro-c10ed01875	ANTIBACTERIAL	cyclomarin-a
antibioticmech:aro-c18438bef6	ANTIBACTERIAL	formicamycin-l
antibioticmech:aro-c1c0e2fcb2	ANTIBACTERIAL	moenomycin-a1
antibioticmech:aro-c1dea01a87	ANTIBACTERIAL	imazalil
antibioticmech:aro-c73757ed91	ANTIBACTERIAL	cefovecin
antibioticmech:aro-c8e528eadd	ANTIBACTERIAL	pyrrolomycin-c
antibioticmech:aro-ca0e85f42a	ANTIBACTERIAL	contezolid
antibioticmech:aro-ca1f16372a	ANTIBACTERIAL	l-681-217
antibioticmech:aro-cb28770ae8	ANTIBACTERIAL	declovanillobiocin
antibioticmech:aro-cc357c3b89	ANTIBACTERIAL	cezomycin
antibioticmech:aro-cd72e61879	ANTIBACTERIAL	caprazamycin
antibioticmech:aro-cf6aac5f15	ANTIBACTERIAL	rifalazil
antibioticmech:aro-d02a324bed	ANTIBACTERIAL	pyrrolomycin-h
antibioticmech:aro-d03e1e5b82	ANTIBACTERIAL	arsinothricin
antibioticmech:aro-d058164b57	ANTIBACTERIAL	megalomycin
antibioticmech:aro-d075cb1991	ANTIBACTERIAL	edeine-b
antibioticmech:aro-d2b8d66d15	ANTIBACTERIAL	bacitracin-b
antibioticmech:aro-d384fdc29d	ANTIBACTERIAL	gramicidin-a
antibioticmech:aro-d39089d50d	ANTIBACTERIAL	formicamycin-e
antibioticmech:aro-d473074d4a	ANTIBACTERIAL	neutramycin
antibioticmech:aro-d4b630f1d7	ANTIBACTERIAL	formicamycin-f
antibioticmech:aro-d53850fc72	ANTIBACTERIAL	triflumizole-aro-d53850fc72
antibioticmech:aro-d56d37db11	ANTIBACTERIAL	nafithromycin
antibioticmech:aro-d5fecb3190	ANTIBACTERIAL	oncocin
antibioticmech:aro-d623ec0929	ANTIBACTERIAL	epinecidin-1
antibioticmech:aro-d629109bc3	ANTIBACTERIAL	ceftazidime-avibactam
antibioticmech:aro-d6a7012e5e	ANTIBACTERIAL	polymyxin-b4
antibioticmech:aro-da12e2d9fe	ANTIBACTERIAL	cervimycin-a
antibioticmech:aro-ddcacf705e	ANTIBACTERIAL	vertilimicin
antibioticmech:aro-de2f58b0cc	ANTIBACTERIAL	arborcandin-c
antibioticmech:aro-df2f0e08b4	ANTIBACTERIAL	pyrrolomycin-f
antibioticmech:aro-df383601e2	ANTIBACTERIAL	clerocidin
antibioticmech:aro-df43621fb3	ANTIBACTERIAL	wychimicin-a
antibioticmech:aro-dfad12d850	ANTIBACTERIAL	pyrrolomycin-b
antibioticmech:aro-dfdbce9a83	ANTIFUNGAL	benzothiostrobin
antibioticmech:aro-e05426a76f	ANTIBACTERIAL	bleomycin-b2
antibioticmech:aro-e05d19b916	ANTIFUNGAL	econazole
antibioticmech:aro-e0bba9e7d3	ANTIBACTERIAL	chrysomycin-a
antibioticmech:aro-e129595baa	ANTIBACTERIAL	phenelfamycin-h
antibioticmech:aro-e1509d505b	ANTIBACTERIAL	phenelfamycin-f
antibioticmech:aro-e3f7a82f17	ANTIBACTERIAL	avilamycin
antibioticmech:aro-e44e701df2	ANTIBACTERIAL	clorobiocin
antibioticmech:aro-e45d4c195a	ANTIBACTERIAL	cyclomarin-c
antibioticmech:aro-e4e652725f	ANTIBACTERIAL	6-n-ethylnetilmicin
antibioticmech:aro-e52262d6b8	ANTIBACTERIAL	verdamicin
antibioticmech:aro-e523675af2	ANTIBACTERIAL	corbomycin
antibioticmech:aro-e57b52c636	ANTIBACTERIAL	magainin-1
antibioticmech:aro-e63825b7e1	ANTIFUNGAL	epoxiconazole
antibioticmech:aro-e690d68430	ANTIBACTERIAL	halolitoralin-c
antibioticmech:aro-e83eaf8a8a	ANTIBACTERIAL	a201a
antibioticmech:aro-e9b96b6d23	ANTIBACTERIAL	dragmacidin-a
antibioticmech:aro-e9c8697a8e	ANTIBACTERIAL	battacin
antibioticmech:aro-ea6589413a	ANTIBACTERIAL	omadacycline
antibioticmech:aro-eb42322815	ANTIBACTERIAL	defensin
antibioticmech:aro-ec60046a85	ANTIBACTERIAL	cervimycin-b
antibioticmech:aro-edae5f55a0	ANTIBACTERIAL	delafloxacin
antibioticmech:aro-edfe06b075	ANTIBACTERIAL	gramicidin-d
antibioticmech:aro-eeb30db614	ANTIBACTERIAL	cervimycin-k1
antibioticmech:aro-f198f10971	ANTIBACTERIAL	nitazoxanide
antibioticmech:aro-f2b46f8b0e	ANTIBACTERIAL	gramicidin-b
antibioticmech:aro-f3aad264a4	ANTIBACTERIAL	fasamycin-j
antibioticmech:aro-f4906250fc	ANTIBACTERIAL	ostreogrycin-b3
antibioticmech:aro-f538304a82	ANTIBACTERIAL	isovanillobiocin
antibioticmech:aro-f75c158ac2	ANTIBACTERIAL	zabofloxacin
antibioticmech:aro-f8f4257b4b	ANTIBACTERIAL	lefamulin
antibioticmech:aro-f9eb09229d	ANTIBACTERIAL	solithromycin
antibioticmech:aro-f9ecce9898	ANTIBACTERIAL	sulopenem
antibioticmech:aro-fb45bd17a5	ANTIBACTERIAL	bacitracin-f
antibioticmech:aro-fdb0f4de1c	ANTIBACTERIAL	factumycin
