identifier	query_id	query_key	status	baseline_hit_count	hit_count	pages	retained_citations	added_vs_original_query_page	primary_review_status	requested_sort
CHEBI:27666	0	fa1bf9b47e0da1aa05c7584bf32d4f80cb843acf25ed991daebffe63aae14036	CURSOR_TRAVERSAL_COMPLETE	1725	1725	2	1725	1625	PENDING	P_PDATE_D desc
CHEBI:46345	0	afa483f722ce8797826c95587af7a160675a7913b49c8e583b321b71429c6a4d	CURSOR_TRAVERSAL_COMPLETE	4161	4161	5	4161	4061	PENDING	P_PDATE_D desc
CHEBI:72687	0	2af374fde0055fba68e2645e1f77e5ce1463e5f6e47fff7b0838d96fc98fdbf5	CURSOR_TRAVERSAL_COMPLETE	103	103	1	103	3	PENDING	P_PDATE_D desc
CHEBI:72292	0	500d46c08bf740525c65c13202733772c56a300f7b62b7b32cd71cf6b3753d1a	CURSOR_TRAVERSAL_COMPLETE	624	624	1	624	524	PENDING	P_PDATE_D desc
CHEBI:2674	0	ee06a62b4d0f60387673ca1ec0c989de7d093af1cf000d63158a1c2466487e2f	CURSOR_TRAVERSAL_COMPLETE	460	460	1	460	360	PENDING	P_PDATE_D desc
CHEBI:421707	0	6eb23b0dfbaf4fa02602a5553a6b19911e1532b94bcf761621ebe015b336486f	CURSOR_TRAVERSAL_COMPLETE	652	652	1	652	552	PENDING	P_PDATE_D desc
CHEBI:15366	0	ca8d9a3e92106f2f2998bddf0e25d10bb36b1e9e9c59c642ba213de97bef5127	CURSOR_TRAVERSAL_COMPLETE	4183	4183	5	4183	4083	PENDING	P_PDATE_D desc
CHEBI:28411	0	21705c279bd85c7207ba0fad819deb1e422886c7bbf9ff861cbfc9776454a626	CURSOR_TRAVERSAL_COMPLETE	160	160	1	160	60	PENDING	P_PDATE_D desc
CHEBI:73185	0	a30b3903cc8dd800ee1e004d3d75c0468f6f9ad65d3e0cb5c879756b1e7f7b66	CURSOR_TRAVERSAL_COMPLETE	103	103	1	103	3	PENDING	P_PDATE_D desc
CHEBI:69478	0	48bf54cf2d2d1fd01e276dc9e1aa3a3b6cca5c77ff2fe754d22f2a1d2d93330f	CURSOR_TRAVERSAL_COMPLETE	559	559	1	559	459	PENDING	P_PDATE_D desc
CHEBI:3749	0	1d7a3f3bcba372423ee6edb380a5acc61031dfad463771b9bf196a6e116028c9	CURSOR_TRAVERSAL_COMPLETE	358	358	1	358	258	PENDING	P_PDATE_D desc
CHEBI:195280	0	2ecbf7ad9088e48812ae0bc02cff0569286b538a3a534f1bbd92bb81966a1e4b	CURSOR_TRAVERSAL_COMPLETE	506	506	1	506	406	PENDING	P_PDATE_D desc
CHEBI:2453	0	2908ffe4e85829bfe240767a1139ffdd1700ae436fb3f702b5e4727c3af290f2	CURSOR_TRAVERSAL_COMPLETE	1166	1166	2	1166	1066	PENDING	P_PDATE_D desc
antibioticmech:aro-1fe0873afd	0	afd034212e90ff944fd2160087cf149fba8abdf9d20b93885a31b06e6a84e31d	CURSOR_TRAVERSAL_COMPLETE	242	242	1	242	142	PENDING	P_PDATE_D desc
CHEBI:2637	0	3788f21c7650b5b1928d94f78e4df29d8311505ab0fa46d50653db4e84a72e08	CURSOR_TRAVERSAL_COMPLETE	4177	4177	5	4177	4077	PENDING	P_PDATE_D desc
CHEBI:28217	0	e53e5d34b7eecbc97f3a6a92416d8b0b8b92a5ca0b3001ea195cb9280cdcd1f9	CURSOR_TRAVERSAL_COMPLETE	110	110	1	110	10	PENDING	P_PDATE_D desc
CHEBI:30769	0	b5d3653d34e8c98d981bacd01d2eb84936111a7b479570b0531c48bcaa7b29bc	CURSOR_TRAVERSAL_COMPLETE	968	968	1	968	868	PENDING	P_PDATE_D desc
CHEBI:40009	0	9fd67e7efc99ad21f263fdc9de736ef30325493c0d387d1e2066b1fda73a6d88	CURSOR_TRAVERSAL_COMPLETE	168	168	1	168	68	PENDING	P_PDATE_D desc
CHEBI:223316	0	6be0c1f314bea7178b5fb4547d8707c8bc6237c98548fe10ac73cf8aa89777c9	CURSOR_TRAVERSAL_COMPLETE	2358	2358	3	2358	2258	PENDING	P_PDATE_D desc
CHEBI:2469	0	8480656bc366642a48c3a14b62c62207644733c1faa0b75a8df0f03647967a7e	CURSOR_TRAVERSAL_COMPLETE	811	811	1	811	711	PENDING	P_PDATE_D desc
CHEBI:30746	0	ded7f7cefed475eb19d5ddf1653d8f839a9307a42307258eb6b5415876c2f4f4	CURSOR_TRAVERSAL_COMPLETE	565	565	1	565	465	PENDING	P_PDATE_D desc
CHEBI:2676	0	283afdd30a06d650b630c2caae43cf0a75c41a4a6752639fe57669c6aaf4ca1d	CURSOR_TRAVERSAL_COMPLETE	5053	5053	6	5053	4953	PENDING	P_PDATE_D desc
CHEBI:16664	0	1b73dc978223abc528e95c7eb2173fc587e6d02ea0e0fe7aa6dfed642ce636da	CURSOR_TRAVERSAL_COMPLETE	444	444	1	444	344	PENDING	P_PDATE_D desc
CHEBI:41977	0	5f721201507d9f6c72acf739d18a374e4cc96642c32f01462ab92dc91a594488	CURSOR_TRAVERSAL_COMPLETE	869	869	1	869	769	PENDING	P_PDATE_D desc
CHEBI:4325	0	2b9964adb53396168ee439bd2369a5711ea4e6ff6cc15c17199bd8e952da71eb	CURSOR_TRAVERSAL_COMPLETE	401	401	1	401	301	PENDING	P_PDATE_D desc
CHEBI:63918	0	1294b30125657f3be842ed3b268698589e0ae8e22a47a4ca0a6a2e1ebe5ab334	CURSOR_TRAVERSAL_COMPLETE	713	713	1	713	613	PENDING	P_PDATE_D desc
CHEBI:2618	0	ee80ee37152de919d2d48dea1cad24d7fb45ec9ae4d4585de5a3193db126108f	CURSOR_TRAVERSAL_COMPLETE	518	518	1	518	418	PENDING	P_PDATE_D desc
CHEBI:16236	0	18dbf9d9778ee696c1fefc37503d831b169fed0661f1596f771c4f6d057a29dd	CURSOR_TRAVERSAL_COMPLETE	9884	9884	10	9884	9784	PENDING	P_PDATE_D desc
CHEBI:28971	0	d40af006d7b8018b54111912e10fc1ef154972eb5d2470500fe9124bffa4c3b0	CURSOR_TRAVERSAL_COMPLETE	10608	10608	11	10608	10508	PENDING	P_PDATE_D desc
CHEBI:2682	0	d1f057cc04435d6ff76890e6e99206072587ce7c080550c5244bb5fca780c55b	CURSOR_TRAVERSAL_COMPLETE	2648	2648	3	2648	2548	PENDING	P_PDATE_D desc
CHEBI:48958	0	233d717f7c085f1bcd808ce054665f55a6f3a4e2fd736f85b6f97713dc0d7122	CURSOR_TRAVERSAL_COMPLETE	551	551	1	551	451	PENDING	P_PDATE_D desc
CHEBI:4877	0	db2c3e32a97e211161f19b17341d8c94560d8f9175b8c3621a2fde37be9c34b8	CURSOR_TRAVERSAL_COMPLETE	1232	1232	2	1232	1132	PENDING	P_PDATE_D desc
CHEBI:133833	0	f755e01f54de85eefced14f25c8f82b5d712b00f9e1a4562d77a991dc492b579	CURSOR_TRAVERSAL_COMPLETE	167	167	1	167	67	PENDING	P_PDATE_D desc
CHEBI:40050	0	23f7f23ad6cbe138ecd1adbd4c743e8ddd7d51a1858c867533c749efd9359e81	CURSOR_TRAVERSAL_COMPLETE	242	242	1	242	142	PENDING	P_PDATE_D desc
CHEBI:16842	0	2ed523bc550b3c22030d437cd4798aa76d6fbf98f50c45e1feeb70f76c0041a3	CURSOR_TRAVERSAL_COMPLETE	1814	1814	2	1814	1714	PENDING	P_PDATE_D desc
CHEBI:2790	0	32ea372dc9ffdb483e202a4d322ad6c559517715e24d213b9752943f593c0a71	CURSOR_TRAVERSAL_COMPLETE	244	244	1	244	144	PENDING	P_PDATE_D desc
CHEBI:55346	0	35d416e9349f016d06de3554e8ee0589497f7d89d7c08c60381e5a6b586feabd	CURSOR_TRAVERSAL_COMPLETE	341	341	1	341	241	PENDING	P_PDATE_D desc
CHEBI:28748	0	70f5b6fcb94b6c982ac158c4c898cbedd5e6de1ea867913e455f9806b8b42fbc	CURSOR_TRAVERSAL_COMPLETE	8060	8060	9	8060	7960	PENDING	P_PDATE_D desc
CHEBI:4885	0	57d777d811a9a6b96294559861d32843d1115422cc12e1946f527af037bad28c	CURSOR_TRAVERSAL_COMPLETE	291	291	1	291	191	PENDING	P_PDATE_D desc
CHEBI:3087	0	a133e977e9d6b74d6bf73044c08750ad2cd31529c8d2ab7f99e0035bbbaa5ddd	CURSOR_TRAVERSAL_COMPLETE	153	153	1	153	53	PENDING	P_PDATE_D desc
CHEBI:65408	0	422312dbaba136220543e699f07d5d78052ac2f4ebe2e24c7f2b26200f74bcf1	CURSOR_TRAVERSAL_COMPLETE	166	166	1	166	66	PENDING	P_PDATE_D desc
CHEBI:64276	0	dd47732ee2763bbd33a7b0fa24246ee3786af722314ee82a9a449fb4cc294551	CURSOR_TRAVERSAL_COMPLETE	856	856	1	856	756	PENDING	P_PDATE_D desc
CHEBI:37922	0	2fb5e4eadbe8cae628c262a0bba1c77bc8a8afc1b39c16ecc7486bf81a7322ce	CURSOR_TRAVERSAL_COMPLETE	113	113	1	113	13	PENDING	P_PDATE_D desc
CHEBI:2762	0	6b0e8cb45174e022cd82c53e7a97f39978fd6a7400e02685bbe8042669d9b530	CURSOR_TRAVERSAL_COMPLETE	515	515	1	515	415	PENDING	P_PDATE_D desc
CHEBI:28600	0	f85b561f340184ab0fb434e4a7c9348b6ebb938a7c8618b3b748e47c904fa3ab	CURSOR_TRAVERSAL_COMPLETE	164	164	1	164	64	PENDING	P_PDATE_D desc
CHEBI:116278	0	187101c22dcbedef4a0697dde684abaf4665a7590ed27faefbcfc5c471759696	CURSOR_TRAVERSAL_COMPLETE	107	107	1	107	7	PENDING	P_PDATE_D desc
CHEBI:52717	0	a89db2445031720e87a258bca84a84af4c83e5b3e787174fd8144c5b98656466	CURSOR_TRAVERSAL_COMPLETE	1868	1868	2	1868	1768	PENDING	P_PDATE_D desc
CHEBI:338412	0	020ea297f7691c95a04cd2c71965f7ab86c509b168cf529d8de0319c0064d3c0	CURSOR_TRAVERSAL_COMPLETE	215	215	1	215	115	PENDING	P_PDATE_D desc
CHEBI:28591	0	d43279553d0c1c654db99a5304ea27cd4faa7414f18fc500dddb4ddfba7c0894	CURSOR_TRAVERSAL_COMPLETE	325	325	1	325	225	PENDING	P_PDATE_D desc
CHEBI:85984	0	ee414b3f94b2745f0d3b872f4fe2de7436b16f2046817fc9d8799f5da3b3591f	CURSOR_TRAVERSAL_COMPLETE	1582	1582	2	1582	1482	PENDING	P_PDATE_D desc
CHEBI:575568	0	ef9202ee785ea80061f5b86fd4ff3e690bcb70167222b953ff928df9e4a0f47e	CURSOR_TRAVERSAL_COMPLETE	353	353	1	353	253	PENDING	P_PDATE_D desc
CHEBI:5674	0	0a6e0ebfd1ae06cdd7ee73334d23dc97559b554e1827246c21bab61e7c332df4	CURSOR_TRAVERSAL_COMPLETE	196	196	1	196	96	PENDING	P_PDATE_D desc
CHEBI:28077	0	f749eaf9f5998cbc35b1a497fd642736d971016274f2bfed63eea807abcea8f6	CURSOR_TRAVERSAL_COMPLETE	5891	5891	6	5891	5791	PENDING	P_PDATE_D desc
CHEBI:3638	0	ffc36442097d024a93cfda294ee843642e94b834493cfcf2dbfde3410f9f92e0	CURSOR_TRAVERSAL_COMPLETE	3559	3559	4	3559	3459	PENDING	P_PDATE_D desc
CHEBI:2766	0	94cb76b848f0b7d30fdc76449827c367ff41658a26d6b3241e66e49d9a7d6e86	CURSOR_TRAVERSAL_COMPLETE	382	382	1	382	282	PENDING	P_PDATE_D desc
CHEBI:16240	0	ff011bd8af04940562ba2219991cbc8dfbb9ec8358220d50e44d47e9a3c53cfd	CURSOR_TRAVERSAL_COMPLETE	11761	11761	12	11761	11661	PENDING	P_PDATE_D desc
CHEBI:2955	0	1d530a351930b94ad2f7754be0bc7461a9d5f042f73f5c1c307f62661c71e292	CURSOR_TRAVERSAL_COMPLETE	3062	3062	4	3062	2962	PENDING	P_PDATE_D desc
CHEBI:40909	0	cdf902935eb3b74f5ecd58fd2618689deb2b9027bb5ee5ed469a5607224adcf2	CURSOR_TRAVERSAL_COMPLETE	374	374	1	374	274	PENDING	P_PDATE_D desc
CHEBI:42068	0	4878ea81aa604688c51f1535c977e4a51a97f6054b35d1dfda9e9cb1b5a46bce	CURSOR_TRAVERSAL_COMPLETE	180	180	1	180	80	PENDING	P_PDATE_D desc
CHEBI:67135	1	b3175123f93fe3071ccf63e6eac0d9336b5d24a070abd6396f85f2b23fbe4b8f	CURSOR_TRAVERSAL_COMPLETE	268	268	1	268	168	PENDING	P_PDATE_D desc
CHEBI:135029	0	d7ff9673c17b9442005d2cc98248080dc9bb00420dbfc3a052f360a6ecc6c7be	CURSOR_TRAVERSAL_COMPLETE	115	115	1	115	15	PENDING	P_PDATE_D desc
CHEBI:37924	0	d410c91bc744cb17be00986b9ace5f55a6848d69c1e0ad65c499ab2098dbc160	CURSOR_TRAVERSAL_COMPLETE	348	348	1	348	248	PENDING	P_PDATE_D desc
CHEBI:25812	0	1f2f68e966bf615f4e1768ba0e0313069b10f7304b038f6e796d866a8792151d	CURSOR_TRAVERSAL_COMPLETE	2135	2135	3	2135	2035	PENDING	P_PDATE_D desc
CHEBI:161680	0	f6c07b3edf31709b40bef355545629c4bbee76a2997f6a98f66b21fcb7723948	CURSOR_TRAVERSAL_COMPLETE	1876	1876	2	1876	1776	PENDING	P_PDATE_D desc
CHEBI:22689	0	a90a7c7345d820de11d26197b6a78d7572e2be6119ed7e1af3612ae58c2df9d5	CURSOR_TRAVERSAL_COMPLETE	377	377	1	377	277	PENDING	P_PDATE_D desc
CHEBI:17580	0	c288a5f2bae204076f0222dd3e04f163183b3aeefb1f0ea42aebf23b232de9b4	CURSOR_TRAVERSAL_COMPLETE	243	243	1	243	143	PENDING	P_PDATE_D desc
CHEBI:16348	1	c9ce2ff0fe02462fc5d7d03e418a2003126c093782d37a96d2602a8cf494d8b0	CURSOR_TRAVERSAL_COMPLETE	102	102	1	102	2	PENDING	P_PDATE_D desc
CHEBI:207229	0	3cb1ec30588663f9414aab0b8f959e66618a7c94ea982f6f83c8289a9604aaf5	CURSOR_TRAVERSAL_COMPLETE	632	632	1	632	532	PENDING	P_PDATE_D desc
CHEBI:95341	0	9bddc77f65a703a8caf7b09d3a3245ff476a208e19ea6570e2a833092e41709a	CURSOR_TRAVERSAL_COMPLETE	225	225	1	225	125	PENDING	P_PDATE_D desc
CHEBI:42530	0	0c0df268628cdf03983e920dd1fee227a689ec66935779d9ae685ef4fc98690a	CURSOR_TRAVERSAL_COMPLETE	259	259	1	259	159	PENDING	P_PDATE_D desc
CHEBI:35862	0	2f6c824c9b2a4b7d9473e4ca5eb03a07a70d9ae0966902c18b73ff7117db21f2	CURSOR_TRAVERSAL_COMPLETE	831	831	1	831	731	PENDING	P_PDATE_D desc
CHEBI:3015	0	78a7e1ab58fd57e4093b34d01ff598da245cc95c2709fdb640e1ad2d0db35847	CURSOR_TRAVERSAL_COMPLETE	377	377	1	377	277	PENDING	P_PDATE_D desc
CHEBI:31856	0	dd27723fbb152b728a16db1267fc4c38bce47f2d1a82792438e8294cfa67a13f	CURSOR_TRAVERSAL_COMPLETE	207	207	1	207	107	PENDING	P_PDATE_D desc
CHEBI:27565	1	f7b9581e4dbcb5480fc63d4513e0553878b3b17b4ca2e6ea25c3d1aea11baf21	CURSOR_TRAVERSAL_COMPLETE	3066	3066	4	3066	2966	PENDING	P_PDATE_D desc
CHEBI:4781	0	4751d3e876d40948cc8c143095a26bdd6b9ab3b8eb02d94ef7aa4b7cc0ae2d36	CURSOR_TRAVERSAL_COMPLETE	152	152	1	152	52	PENDING	P_PDATE_D desc
CHEBI:172943	0	580176b65c0373b7e2f3f2055565695458c3ca898a8aa774d3c732f81acc2970	CURSOR_TRAVERSAL_COMPLETE	218	218	1	218	118	PENDING	P_PDATE_D desc
CHEBI:15882	0	3509c37adaf3fb0628ca47f09ad802536d39127a9080a0f7c954f881d089af71	CURSOR_TRAVERSAL_COMPLETE	2520	2520	3	2520	2420	PENDING	P_PDATE_D desc
antibioticmech:aro-736d7660a3	0	d0985687df4cc3253a831664948d9d03c5dbc404a78f22613b80cd86ff9f66e1	CURSOR_TRAVERSAL_COMPLETE	831	831	1	831	731	PENDING	P_PDATE_D desc
CHEBI:16118	0	de656291155d49121e0cc1c5c4542fa38edaa257abe656d57459855e6ecf42ba	CURSOR_TRAVERSAL_COMPLETE	813	813	1	813	713	PENDING	P_PDATE_D desc
CHEBI:85412	0	49b98edb4e2dd39b701ec269310d65618766295022d4e813dfa9f97d68ba1de3	CURSOR_TRAVERSAL_COMPLETE	2266	2266	3	2266	2166	PENDING	P_PDATE_D desc
CHEBI:40009	1	b9e9474f2c0fdda4ed48f47854d35f882f8b7aae42d1fcd227d96afb7ac36588	CURSOR_TRAVERSAL_COMPLETE	10221	10221	11	10221	10121	PENDING	P_PDATE_D desc
CHEBI:4883	0	e18b3d4a6222c866d7c829766039db850fadcc13f1cd86fb1ee1139b9e6a77b5	CURSOR_TRAVERSAL_COMPLETE	1563	1563	2	1563	1463	PENDING	P_PDATE_D desc
CHEBI:68621	0	8a5324bdffd8fe0d840b7cfc31bbf5bb30f920b2f60fd426827a9a6ef6c34b26	CURSOR_TRAVERSAL_COMPLETE	194	194	1	194	94	PENDING	P_PDATE_D desc
CHEBI:231501	0	6e8f888a9713969f82cd26b7e614823f9252b3b9fb57250975beff8c7bf7c45f	CURSOR_TRAVERSAL_COMPLETE	111	111	1	111	11	PENDING	P_PDATE_D desc
CHEBI:2979	0	a30841500e234e92ea4d609cebf606bd58ebbd006d1f41efb431d4522a4ef463	CURSOR_TRAVERSAL_COMPLETE	277	277	1	277	177	PENDING	P_PDATE_D desc
CHEBI:17097	0	1b958424674fbcaddaf25c9487405166648cf905911cf716fe21118c4c4d883d	CURSOR_TRAVERSAL_COMPLETE	514	514	1	514	414	PENDING	P_PDATE_D desc
CHEBI:74926	0	dc46c7237f8ab7af20ea9722093c4772156d39f4ebd107e25c997bc58c415c65	CURSOR_TRAVERSAL_COMPLETE	123	123	1	123	23	PENDING	P_PDATE_D desc
CHEBI:4325	1	0633d55641b7a7a7c04221c4a8f72ffe67a147e57bd2ae1a937355df6ad35495	CURSOR_TRAVERSAL_COMPLETE	722	722	1	722	622	PENDING	P_PDATE_D desc
CHEBI:42768	0	c8eeb15ad1846c0bb921180847bb171814122b9ab5200303a2b27da436290ab8	CURSOR_TRAVERSAL_COMPLETE	417	417	1	417	317	PENDING	P_PDATE_D desc
antibioticmech:aro-9047378d43	1	c8eeb15ad1846c0bb921180847bb171814122b9ab5200303a2b27da436290ab8	CURSOR_TRAVERSAL_COMPLETE	417	417	1	417	317	PENDING	P_PDATE_D desc
CHEBI:172944	0	86e9dfb73d62f14c6961f28f17be1f768f56a64535b257d73c19a4dd26d28297	CURSOR_TRAVERSAL_COMPLETE	185	185	1	185	85	PENDING	P_PDATE_D desc
CHEBI:32146	0	b765001bbeb0e7db217e36c1d646bed376246dd014964a3e30e5b080cff2aa44	CURSOR_TRAVERSAL_COMPLETE	442	442	1	442	342	PENDING	P_PDATE_D desc
CHEBI:2981	0	cf17a55dc212d9f3d2eb7f1a9610ad4d66ee406ec58c97f90e2e72702fafc001	CURSOR_TRAVERSAL_COMPLETE	290	290	1	290	190	PENDING	P_PDATE_D desc
CHEBI:15353	0	7c2e27a2d2f5f491c7aad84d9538e03c1d84dd348e74107d09ccdfffa8119da4	CURSOR_TRAVERSAL_COMPLETE	109	109	1	109	9	PENDING	P_PDATE_D desc
CHEBI:82758	0	aa2416b78046aa5f4e806514ad34599eb593d6e1ca14cb801ba205f855027185	CURSOR_TRAVERSAL_COMPLETE	127	127	1	127	27	PENDING	P_PDATE_D desc
CHEBI:4877	1	4716494b2fbb06e8c0268e0995f794bc7a56dc0801571831ec7914d4a18a3d4c	CURSOR_TRAVERSAL_COMPLETE	1524	1524	2	1524	1424	PENDING	P_PDATE_D desc
CHEBI:5801	0	7623b0dfd3391a9ebfdcd050898d4fe82ca847eeb58ecc7bef898e0b3b7f213a	CURSOR_TRAVERSAL_COMPLETE	870	870	1	870	770	PENDING	P_PDATE_D desc
CHEBI:3647	0	4dd8d9709dca0a92f7b26de89b2603c3f574552bc476b36ca31a4d60a1158909	CURSOR_TRAVERSAL_COMPLETE	411	411	1	411	311	PENDING	P_PDATE_D desc
CHEBI:78870	0	bce82e7667fba23a9bd0721ded8fe7038ded7ca8b2988171fc46d08b3082f1b9	CURSOR_TRAVERSAL_COMPLETE	152	152	1	152	52	PENDING	P_PDATE_D desc
antibioticmech:aro-34500a4f2b	0	86a15707d319347b27acb06bc5def9687a4381806a70dd69a6361f34d9451aee	CURSOR_TRAVERSAL_COMPLETE	546	546	1	546	446	PENDING	P_PDATE_D desc
CHEBI:81822	0	19268cdca548b0d9b8dc6e456a72465d7b0d181a1e4294ffbc31735295447c7d	CURSOR_TRAVERSAL_COMPLETE	279	279	1	279	179	PENDING	P_PDATE_D desc
CHEBI:61080	0	916e835bc1032cf9f5d526c5a95a6984f38d05a41647b32a09e6034bd12e7a4a	CURSOR_TRAVERSAL_COMPLETE	161	161	1	161	61	PENDING	P_PDATE_D desc
CHEBI:4885	1	ff3b0922cd3e958cdbeea5d18e2c01f38377b235ed3273129711756c304d1c46	CURSOR_TRAVERSAL_COMPLETE	776	776	1	776	676	PENDING	P_PDATE_D desc
CHEBI:156095	0	bb6861af904992d3a00d1d1bc3605cace678d20448f4278d4330e791748181e7	CURSOR_TRAVERSAL_COMPLETE	586	586	1	586	486	PENDING	P_PDATE_D desc
CHEBI:28680	0	6ca5211a10b75e045bead45d41f1671e42ee2f24816e4400f17dc0acc4af3d28	CURSOR_TRAVERSAL_COMPLETE	1038	1038	2	1038	938	PENDING	P_PDATE_D desc
CHEBI:140779	1	02cc4c40c412aac45fcc84e3fa5b0b7c368028c35cd8b13bbe381a54ccaa7942	CURSOR_TRAVERSAL_COMPLETE	379	379	1	379	279	PENDING	P_PDATE_D desc
CHEBI:18208	0	d0422cd2011c0259af35cfaf34695f4beb042547fdf43d8174af06a493230211	CURSOR_TRAVERSAL_COMPLETE	425	425	1	425	325	PENDING	P_PDATE_D desc
CHEBI:3392	0	6d221b19e141dec8b86e2d382141040011f128f20bb2977308fdfd49c37c6972	CURSOR_TRAVERSAL_COMPLETE	456	456	1	456	356	PENDING	P_PDATE_D desc
CHEBI:9288	0	de975b4afb15faf2f778fa6a00b1257fde3aeeebbba53ebc47f73fb0b182bed9	CURSOR_TRAVERSAL_COMPLETE	189	189	1	189	89	PENDING	P_PDATE_D desc
CHEBI:6030	1	c4bfa3e150bd5092d86b7ede9abd58611f0f8b84f0257c06113f5c8bd334407e	CURSOR_TRAVERSAL_COMPLETE	3492	3492	4	3492	3392	PENDING	P_PDATE_D desc
CHEBI:6872	0	f50c1d79c9272aa29a17b60f013cbaecf9b9175bb5781cab6c64c51439401598	CURSOR_TRAVERSAL_COMPLETE	1165	1165	2	1165	1065	PENDING	P_PDATE_D desc
CHEBI:75045	0	a1c0af5aa649dc0effc17337f3eb517a656810c0a7443345e66e15ade6afdb5d	CURSOR_TRAVERSAL_COMPLETE	858	858	1	858	758	PENDING	P_PDATE_D desc
CHEBI:167099	1	5613bd20020aecbb103546eacf8fd9e6e9a229f8d8d4a8d289c676bb6621422b	CURSOR_TRAVERSAL_COMPLETE	788	788	1	788	688	PENDING	P_PDATE_D desc
antibioticmech:aro-1504589de3	0	2742a0f70c63fa8f13328c01c581539f191e1dd157ca27d47d7d0174b137fdc3	CURSOR_TRAVERSAL_COMPLETE	2113	2113	3	2113	2013	PENDING	P_PDATE_D desc
CHEBI:3440	0	4a4fc7d438fd0e0d5d239f8ae810ab8cbad0bcc15f2fa76553971820755d0868	CURSOR_TRAVERSAL_COMPLETE	374	374	1	374	274	PENDING	P_PDATE_D desc
CHEBI:9321	0	4fc3aa0f171f329bc1608333613cc90680da340e0981f2ba35f86035473173b6	CURSOR_TRAVERSAL_COMPLETE	1307	1307	2	1307	1207	PENDING	P_PDATE_D desc
CHEBI:71311	1	bb3300df279d7893ee9f6d90e844043f50b96df580e5ab335cde977d8fc376a4	CURSOR_TRAVERSAL_COMPLETE	110	110	1	110	10	PENDING	P_PDATE_D desc
CHEBI:91231	0	5d6cf9bbdbfb66271d677a75cadcd083534a267a56cd4f0970740f61b02f0a7a	CURSOR_TRAVERSAL_COMPLETE	383	383	1	383	283	PENDING	P_PDATE_D desc
CHEBI:82977	0	602476a77433dfdd4c8b964d3dfb9909ba31ff8d9973d8d010b0998e494143ac	CURSOR_TRAVERSAL_COMPLETE	239	239	1	239	139	PENDING	P_PDATE_D desc
CHEBI:30746	1	2f37184605343fc2028e8c0a23cee5bd07768cee48ef1542bf1abe9af371b1f4	CURSOR_TRAVERSAL_COMPLETE	569	569	1	569	469	PENDING	P_PDATE_D desc
CHEBI:48080	0	3e6aa09febe94db4410c38b25b589aeeeaff7a054d21115656f578bb60bd3298	CURSOR_TRAVERSAL_COMPLETE	831	831	1	831	731	PENDING	P_PDATE_D desc
CHEBI:474180	0	d76263e390bbe3c4e6e0f59f5eb9e5c06446d70881df5fc87f6ed62bcf61fa24	CURSOR_TRAVERSAL_COMPLETE	993	993	1	993	893	PENDING	P_PDATE_D desc
antibioticmech:aro-2e3b34cc67	0	2767aea8918b7af351d794def628f054300ecc78b44f3c98fd19ec0a289c14d0	CURSOR_TRAVERSAL_COMPLETE	2621	2621	3	2621	2521	PENDING	P_PDATE_D desc
CHEBI:45285	1	bb17813d7dcfbe870c0bfc49182786571d5d4aa867c556906419ec22cda80750	CURSOR_TRAVERSAL_COMPLETE	1010	1010	2	1010	910	PENDING	P_PDATE_D desc
CHEBI:8405	0	a98f0e4bc982b1c0d3d1cbd34aa2042aca97160597af6d3b9857460d4fa68c65	CURSOR_TRAVERSAL_COMPLETE	229	229	1	229	129	PENDING	P_PDATE_D desc
CHEBI:367163	0	888740e3e9c6ec19aa81373c9c189faf4169f9480f3ed02c7d61d6beebe33b8a	CURSOR_TRAVERSAL_COMPLETE	593	593	1	593	493	PENDING	P_PDATE_D desc
CHEBI:16236	1	736eecebc1ea4a1637ee7da20b9757d1acee8303c2dac8be83f0128bb1e6835b	CURSOR_TRAVERSAL_COMPLETE	589	589	1	589	489	PENDING	P_PDATE_D desc
CHEBI:46765	0	447e7b29f9ab45ed9464962a73c6340b6e1aa414f2be99f0d5933aa1b9e45018	CURSOR_TRAVERSAL_COMPLETE	11481	11481	12	11481	11381	PENDING	P_PDATE_D desc
CHEBI:171741	0	a8e34e08e5e745d9196f3cd98d674eb9be13137c5112614c9b4a0290007cd68e	CURSOR_TRAVERSAL_COMPLETE	155	155	1	155	55	PENDING	P_PDATE_D desc
CHEBI:9421	0	19e664220629f20fc50579667dfe1a83b4e31899c884fe4d90d95e23c8708b7e	CURSOR_TRAVERSAL_COMPLETE	2528	2528	3	2528	2428	PENDING	P_PDATE_D desc
CHEBI:28077	1	6f6ae05341ca533e84cb015ccbe9fadbc04ed58f76e7421432613fc80e4c29d4	CURSOR_TRAVERSAL_COMPLETE	3226	3226	4	3226	3126	PENDING	P_PDATE_D desc
CHEBI:8455	0	30f6ddb1f0182abd344231761db2eddb529d9500840f361732636befb25a80b7	CURSOR_TRAVERSAL_COMPLETE	165	165	1	165	65	PENDING	P_PDATE_D desc
CHEBI:119573	0	81c676f07fc372456aa82f0997f7da85b366b66650877dde4c2d7a406abe1c06	CURSOR_TRAVERSAL_COMPLETE	119	119	1	119	19	PENDING	P_PDATE_D desc
CHEBI:16842	1	175449257872d2ceec54c31026df3d146980922580975dc458dc332288b92554	CURSOR_TRAVERSAL_COMPLETE	8710	8710	9	8710	8610	PENDING	P_PDATE_D desc
CHEBI:3393	0	0f02eb489d6626e22550c2235d2e8a0b272c838a156aa27e50915679c1f9f196	CURSOR_TRAVERSAL_COMPLETE	511	511	1	511	411	PENDING	P_PDATE_D desc
CHEBI:3639	0	dee1db8a354b6b75f7545200709ee38b9faf0f966bbe912be39d5ad3b7800cf6	CURSOR_TRAVERSAL_COMPLETE	114	114	1	114	14	PENDING	P_PDATE_D desc
CHEBI:42680	1	19b38b8faee4508829240ffc6fb4f4491de18c46fac573f5a88c0fd184990c6d	CURSOR_TRAVERSAL_COMPLETE	164	164	1	164	64	PENDING	P_PDATE_D desc
CHEBI:29673	1	8431476fc5cf31bcf7317f59c55a656f8186154b420cd96b409c635573d2e954	CURSOR_TRAVERSAL_COMPLETE	385	385	1	385	285	PENDING	P_PDATE_D desc
CHEBI:8673	0	c14faad909cdf59261c59f2a0f3ce05883882d407597838cd76c095c0c0828e0	CURSOR_TRAVERSAL_COMPLETE	1571	1571	2	1571	1471	PENDING	P_PDATE_D desc
CHEBI:490877	0	5a102ded60d604f3552f9c844d1ebf05e37cfb082797abbca2843456950a1d0c	CURSOR_TRAVERSAL_COMPLETE	424	424	1	424	324	PENDING	P_PDATE_D desc
CHEBI:28591	1	e9ecf2efda191547cde5de57fe90d510d5a6e11ce1079ea5aacf1f36958cd9cc	CURSOR_TRAVERSAL_COMPLETE	346	346	1	346	246	PENDING	P_PDATE_D desc
CHEBI:3259	0	71cb01b7de4b7eabbd0e067116f0efd1360d688dcc3b33f7b559051d7074aa70	CURSOR_TRAVERSAL_COMPLETE	456	456	1	456	356	PENDING	P_PDATE_D desc
CHEBI:3764	0	0f287b9a05234ea424d9984c3684a0c7d447162120bbcdf5c80e1ff8a1dd8b52	CURSOR_TRAVERSAL_COMPLETE	316	316	1	316	216	PENDING	P_PDATE_D desc
CHEBI:47898	1	103039f5a08d5276cba117bcef18c102db7441cb5a195cfc370dc1bfda129949	CURSOR_TRAVERSAL_COMPLETE	572	572	1	572	472	PENDING	P_PDATE_D desc
CHEBI:27565	2	015767708fe0482ccfb7132eea38d73956cf33985c624e423f0a3396d81880ed	CURSOR_TRAVERSAL_COMPLETE	113	113	1	113	13	PENDING	P_PDATE_D desc
CHEBI:8711	0	755a29cb7c3ba3ef7f4596c344312e7071eebe28644b8697e8354f3671523405	CURSOR_TRAVERSAL_COMPLETE	175	175	1	175	75	PENDING	P_PDATE_D desc
CHEBI:76010	0	61bc998b5199ba880152712887d4b7e8018407d1f058c9ff57115ab4a10b4c40	CURSOR_TRAVERSAL_COMPLETE	881	881	1	881	781	PENDING	P_PDATE_D desc
CHEBI:16240	1	1bcc7566eccb9fc398ddc7b560e528cdf23e8512c14897f47389fcaf7d00653d	CURSOR_TRAVERSAL_COMPLETE	5402	5402	6	5402	5302	PENDING	P_PDATE_D desc
CHEBI:3478	0	fa2dc28f323b6381ebfb1905ce09064a487bbf26b00385686f2881ad6ad7e4ef	CURSOR_TRAVERSAL_COMPLETE	283	283	1	283	183	PENDING	P_PDATE_D desc
CHEBI:73167	0	c0c17d54ac8f5ef19e615d4ac145554aca4d2a399b5fbd412250ff397d7abc7e	CURSOR_TRAVERSAL_COMPLETE	104	104	1	104	4	PENDING	P_PDATE_D desc
CHEBI:24750	1	0e32d21ebb0e1ded4c9a46caf8ac9fa67a787c8a17d494d3d683f551a3b29f65	CURSOR_TRAVERSAL_COMPLETE	208	208	1	208	108	PENDING	P_PDATE_D desc
CHEBI:72292	2	b2973ba339ea3bfc51dc9996d6bbe34043948d55ae07b58da2eb5ae2cf23e980	CURSOR_TRAVERSAL_COMPLETE	624	624	1	624	524	PENDING	P_PDATE_D desc
CHEBI:28593	0	1eaeffb9d1aca7e44c8bad951957caeb879c0aa43599c11dd0d7051917056606	CURSOR_TRAVERSAL_COMPLETE	325	325	1	325	225	PENDING	P_PDATE_D desc
CHEBI:119486	0	579945b0475c9bd93f44d24ccb96fa338ba1f93f2152162c5289d0f83a63c2da	CURSOR_TRAVERSAL_COMPLETE	1139	1139	2	1139	1039	PENDING	P_PDATE_D desc
CHEBI:25812	1	9acf0ea0f0f254433d1c474a5e8f616e89e96b4856ee351fda48fdd7ba311f9d	CURSOR_TRAVERSAL_COMPLETE	694	694	1	694	594	PENDING	P_PDATE_D desc
CHEBI:3480	0	c291d491c7e1af2dea9bb087542fcbc228b6dcee7379ecd7f7138c398de4cc3e	CURSOR_TRAVERSAL_COMPLETE	153	153	1	153	53	PENDING	P_PDATE_D desc
CHEBI:3962	0	0bdae6e9de05af4535ff5cf77e796f8c27b0bc6e6ceb8aef7a95d825fa689acf	CURSOR_TRAVERSAL_COMPLETE	2313	2313	3	2313	2213	PENDING	P_PDATE_D desc
CHEBI:73224	1	f650a31d7888db96468812020d9a1a77e50340498dfc9f940475bb9009ababee	CURSOR_TRAVERSAL_COMPLETE	556	556	1	556	456	PENDING	P_PDATE_D desc
CHEBI:40009	2	bd05c050b2dd4595c3880a724c7c78b946eb97dda8ec001ae9837336dd00b27a	CURSOR_TRAVERSAL_COMPLETE	325	325	1	325	225	PENDING	P_PDATE_D desc
CHEBI:15854	0	a4bce5855349cdfab2dde7c12bfc1fc017e96f5abbc978532438f65e674401ee	CURSOR_TRAVERSAL_COMPLETE	730	730	1	730	630	PENDING	P_PDATE_D desc
CHEBI:72289	0	a4d79088912da862505004497119ed567c12716d80cb7771bfb92b481b4c257a	CURSOR_TRAVERSAL_COMPLETE	346	346	1	346	246	PENDING	P_PDATE_D desc
CHEBI:42530	1	dea690ebb832c2e98fe03d019385032b09a829c224571e8103a0224973e0bcaa	CURSOR_TRAVERSAL_COMPLETE	578	578	1	578	478	PENDING	P_PDATE_D desc
CHEBI:474053	0	bae085970462dc27b2305c3942d03b1540ad735ead8a2c135b0c12e64fd95310	CURSOR_TRAVERSAL_COMPLETE	1010	1010	2	1010	910	PENDING	P_PDATE_D desc
CHEBI:27641	0	1e6abccc062e56ee5e9b6dada513985795b75fe88fdedc1393dc245767e45597	CURSOR_TRAVERSAL_COMPLETE	2942	2942	3	2942	2842	PENDING	P_PDATE_D desc
CHEBI:3088	1	2063af2b1d090da7138a3bd645e0bad4c7f3aba0c582915dfb81827645d44db0	CURSOR_TRAVERSAL_COMPLETE	1211	1211	2	1211	1111	PENDING	P_PDATE_D desc
CHEBI:4325	2	92cc078c837509191387c3c27d3589c94aff2519b9f07ceaac2d23998215924d	CURSOR_TRAVERSAL_COMPLETE	402	402	1	402	302	PENDING	P_PDATE_D desc
CHEBI:9328	0	7697eb8fb108943b39a0b7c483d047386044cebc8e33f2e7ecd32bef7b3397ac	CURSOR_TRAVERSAL_COMPLETE	441	441	1	441	341	PENDING	P_PDATE_D desc
CHEBI:31536	0	94aa0d4fbc40c4cafb858fa1dfe3a030145aa448e18443060f800b69ff75eeb1	CURSOR_TRAVERSAL_COMPLETE	833	833	1	833	733	PENDING	P_PDATE_D desc
CHEBI:15882	1	9e99673c9303b52791f191b90a7f5e6f3fc55d8dfec84da9ffefd13e4de346f6	CURSOR_TRAVERSAL_COMPLETE	2534	2534	3	2534	2434	PENDING	P_PDATE_D desc
CHEBI:478164	0	216416806dc5d3599b06ffbf5138359f04c1378a0b471e82192cee84be52afb7	CURSOR_TRAVERSAL_COMPLETE	2085	2085	3	2085	1985	PENDING	P_PDATE_D desc
CHEBI:4031	0	4b68cab223e6693d90a69076eeec18d79729ad2b09f2280ad98ef3c0edc042af	CURSOR_TRAVERSAL_COMPLETE	2642	2642	3	2642	2542	PENDING	P_PDATE_D desc
CHEBI:69478	1	8eebc4e133a08d9b2d758ac7c6ba223548e2c65bea6d6603599f332a6a5dcf33	CURSOR_TRAVERSAL_COMPLETE	1007	1007	2	1007	907	PENDING	P_PDATE_D desc
CHEBI:4877	2	096c837ad4051b5203b4c90d49a48ff995623663aa2381b493c26b371b5b89cb	CURSOR_TRAVERSAL_COMPLETE	1232	1232	2	1232	1132	PENDING	P_PDATE_D desc
CHEBI:45906	0	9bbba8b948703031c2c6d38336094ac0dd8f3508072ae0a3e9971a531af2055e	CURSOR_TRAVERSAL_COMPLETE	302	302	1	302	202	PENDING	P_PDATE_D desc
CHEBI:608828	0	37b2cc9ccdcdc3ac0c6b9b54c43bcc8e9643a763eeeea86b9cc565fa4ae150bd	CURSOR_TRAVERSAL_COMPLETE	288	288	1	288	188	PENDING	P_PDATE_D desc
CHEBI:32146	1	dc9b1339e9f5c5e4817dc73e0139b41a2241a11197511426ee07c511f0d8b17c	CURSOR_TRAVERSAL_COMPLETE	272	272	1	272	172	PENDING	P_PDATE_D desc
CHEBI:140376	0	987e4ed3df689a5a64f71bfca362b7f39d670d069d942434a21c6473721b5756	CURSOR_TRAVERSAL_COMPLETE	666	666	1	666	566	PENDING	P_PDATE_D desc
CHEBI:41922	0	9b0feba4618357ab61da150447e60d6e78d4b1138d03774f471375dcfb0ec530	CURSOR_TRAVERSAL_COMPLETE	340	340	1	340	240	PENDING	P_PDATE_D desc
CHEBI:53621	1	ce97fd6c72dded4b150c7b60d6e9eb25703cad66535b9e391e6a46bf255cbe46	CURSOR_TRAVERSAL_COMPLETE	1150	1150	2	1150	1050	PENDING	P_PDATE_D desc
CHEBI:28077	2	8a699d9a2e76eaf8220456cfd3472314ef1c75580f5dd475a8a9b24ae83117e2	CURSOR_TRAVERSAL_COMPLETE	5894	5894	6	5894	5794	PENDING	P_PDATE_D desc
CHEBI:63684	1	1e6b364b31ca01fb1deb4aa7ce6f09086e5a0812dfe27265ce03d13daaa04b74	CURSOR_TRAVERSAL_COMPLETE	517	517	1	517	417	PENDING	P_PDATE_D desc
CHEBI:63589	0	9379e95565f47ffbdd14b9f12cb30cd5436a619e4ef05acb5b96694d01c65f0b	CURSOR_TRAVERSAL_COMPLETE	383	383	1	383	283	PENDING	P_PDATE_D desc
CHEBI:48347	1	3607af088e3f28b7211a720c5ece1e1c316c218a46a281b5cb3da9fa30aaa974	CURSOR_TRAVERSAL_COMPLETE	714	714	1	714	614	PENDING	P_PDATE_D desc
CHEBI:472657	0	3570fba86d2c94764849d2774a5ed2b7633e545187540603f9faab02189f0a85	CURSOR_TRAVERSAL_COMPLETE	731	731	1	731	631	PENDING	P_PDATE_D desc
CHEBI:81760	0	043ac9233a87f5dc075f959334d88634c3659a9035e43fa2da1a49375c7db330	CURSOR_TRAVERSAL_COMPLETE	180	180	1	180	80	PENDING	P_PDATE_D desc
CHEBI:30769	1	07567519bc26d0523fb8e020ccbdbcbe6cee18e0108713074fffa2cefa7f7f8e	CURSOR_TRAVERSAL_COMPLETE	999	999	1	999	899	PENDING	P_PDATE_D desc
CHEBI:40009	3	714e2fc50af9046a4a5a02aa123abad295b620128ab290f1bf11fedaa0f9affb	CURSOR_TRAVERSAL_COMPLETE	168	168	1	168	68	PENDING	P_PDATE_D desc
CHEBI:63687	1	ebc2c2f6540ebaeefe87df413b9e1af42f3b84cc439b7bc02c440a6fe06985fa	CURSOR_TRAVERSAL_COMPLETE	517	517	1	517	417	PENDING	P_PDATE_D desc
CHEBI:68478	0	82f0d65ed1c82fe97e06abd75be70be2c5a41c13ded5261541b09a787f8d4d11	CURSOR_TRAVERSAL_COMPLETE	987	987	1	987	887	PENDING	P_PDATE_D desc
CHEBI:49976	1	c9b5ca13c70b570ffd1cd75862bac91a790108d932323dfa22c4cb0281ff888a	CURSOR_TRAVERSAL_COMPLETE	155	155	1	155	55	PENDING	P_PDATE_D desc
CHEBI:3489	0	97fcf363930d1e73dd1e5885a00dda946b5c2643f7bf797d14deb101ec6dd806	CURSOR_TRAVERSAL_COMPLETE	104	104	1	104	4	PENDING	P_PDATE_D desc
CHEBI:16016	0	16d8cab35b6c18fba559dc1d9eec353de85fb002fcd7c49a3d44656f9b997902	CURSOR_TRAVERSAL_COMPLETE	151	151	1	151	51	PENDING	P_PDATE_D desc
CHEBI:41977	1	cc51d44020dcae47984db7df80ab82b45cad9a34c623cc14956109092b9e1d73	CURSOR_TRAVERSAL_COMPLETE	1037	1037	2	1037	937	PENDING	P_PDATE_D desc
CHEBI:4885	3	60e298e176f3b8ee7477363ffb324c540fd061a0a935e826f51aa8abbc930dca	CURSOR_TRAVERSAL_COMPLETE	291	291	1	291	191	PENDING	P_PDATE_D desc
CHEBI:74545	1	32ecf48a569b15b796e11fc0e82414e3885c1e23f2940714685f5b32ec94472f	CURSOR_TRAVERSAL_COMPLETE	7702	7702	8	7702	7602	PENDING	P_PDATE_D desc
CHEBI:4974	0	727de0642e987898df41195cda0e5063bddcb6893a5af347eab1bef4ce78ec25	CURSOR_TRAVERSAL_COMPLETE	114	114	1	114	14	PENDING	P_PDATE_D desc
CHEBI:16236	2	146d5cf328e4ddeb7d54a5b9fc2482aeec08a3f6768557e32c7a27bb5aaa0773	CURSOR_TRAVERSAL_COMPLETE	23166	23166	24	23166	23066	PENDING	P_PDATE_D desc
CHEBI:3493	0	eb51854f6687f0d7d8200c40f9a57a92a4a165ae3f95b13fe405333cc3aecdfa	CURSOR_TRAVERSAL_COMPLETE	734	734	1	734	634	PENDING	P_PDATE_D desc
CHEBI:4659	0	8976003e2275fc8e881a2fc1c9725e1f963109908fac6dd099deedcbe968633d	CURSOR_TRAVERSAL_COMPLETE	274	274	1	274	174	PENDING	P_PDATE_D desc
CHEBI:38291	1	7b694bd6c567072cfc429efecbc57c1a74e88c72ae74996d27e33bfe007ed7bb	CURSOR_TRAVERSAL_COMPLETE	1130	1130	2	1130	1030	PENDING	P_PDATE_D desc
CHEBI:40009	4	5c5c5758a0320b6b28da4c69c48a0f95c39988ff18f5decf7d9ddd85d7483308	CURSOR_TRAVERSAL_COMPLETE	325	325	1	325	225	PENDING	P_PDATE_D desc
CHEBI:2674	1	229e42732d815e3c1ffdc7acbad645e568b3ccbe3b04b7066ca7b16b5e67e735	CURSOR_TRAVERSAL_COMPLETE	460	460	1	460	360	PENDING	P_PDATE_D desc
CHEBI:134722	0	73a4e27b1173981496c739d73bc5d039cdbc4286a27ff6b48eda304acf9a9893	CURSOR_TRAVERSAL_COMPLETE	158	158	1	158	58	PENDING	P_PDATE_D desc
CHEBI:16842	2	aa7d82fa7f3a600ebf7791833db72b66f7102137ff830c624f6dc2cc24ca5c0d	CURSOR_TRAVERSAL_COMPLETE	1814	1814	2	1814	1714	PENDING	P_PDATE_D desc
CHEBI:204928	0	d5ffcd7d21fffaf0e6a4e946bc1767ef38018f0d1b179200d252795dee4ebaa3	CURSOR_TRAVERSAL_COMPLETE	4218	4218	5	4218	4118	PENDING	P_PDATE_D desc
CHEBI:29583	0	b9e2e81a28bb0a9f91af45701d099c3e530c2ffb20efa6b3d898a53b812ada01	CURSOR_TRAVERSAL_COMPLETE	177	177	1	177	77	PENDING	P_PDATE_D desc
CHEBI:28748	1	87ad0b6c0ffada4b8bdf5254ff4256bec1a2ed059d0bff5eadfbc18e5df87c27	CURSOR_TRAVERSAL_COMPLETE	9758	9758	10	9758	9658	PENDING	P_PDATE_D desc
CHEBI:223316	1	2523f02d3ada0826b3e500555bd7c61cc5e1de21ac3bb3036c363fdd1c5dab2e	CURSOR_TRAVERSAL_COMPLETE	2372	2372	3	2372	2272	PENDING	P_PDATE_D desc
CHEBI:42471	0	012f6be2fe114f02060719e4c78673d48d9ee2193f0545f12d312c85c31dc408	CURSOR_TRAVERSAL_COMPLETE	1825	1825	2	1825	1725	PENDING	P_PDATE_D desc
CHEBI:64276	2	0e1f0c33162936bc6741cbff456ee4b9a48aed2486e1f5f1d50fa21a3ba40d26	CURSOR_TRAVERSAL_COMPLETE	857	857	1	857	757	PENDING	P_PDATE_D desc
CHEBI:3499	0	7f596f19e9997336cc17e45247cc9e1b88511c5bb8fa5eb34c63ab618f3d8d5f	CURSOR_TRAVERSAL_COMPLETE	141	141	1	141	41	PENDING	P_PDATE_D desc
CHEBI:173086	0	89d037c5aa6ae66ecf3a3b1f765e7bb4a6b753bdac0cc1aba8a1a7f290f02f99	CURSOR_TRAVERSAL_COMPLETE	301	301	1	301	201	PENDING	P_PDATE_D desc
CHEBI:31555	1	2a1ef59a8c688c6f0f6d259fb1a0936483be59f46366782ee58c9b9bab7a2ade	CURSOR_TRAVERSAL_COMPLETE	153	153	1	153	53	PENDING	P_PDATE_D desc
CHEBI:3087	1	8218a9494c550d4a34062ea4491949b975d8d1ecb0798cacb40ed3a9642f2acc	CURSOR_TRAVERSAL_COMPLETE	157	157	1	157	57	PENDING	P_PDATE_D desc
CHEBI:465284	0	5e2dcf2c0e1f2ebf4668f3b881c33e849caf8f7642fe520e8443b940004b84be	CURSOR_TRAVERSAL_COMPLETE	2007	2007	3	2007	1907	PENDING	P_PDATE_D desc
CHEBI:16240	2	363b6e8519de14b269e7b52205dab59cd62ef5aee7654c1c4fd240fa64640c48	CURSOR_TRAVERSAL_COMPLETE	11761	11761	12	11761	11661	PENDING	P_PDATE_D desc
CHEBI:209807	0	343bf2dcb0e6375a23988ca3e6c1ad3e5b4724efff69f138c258766945158188	CURSOR_TRAVERSAL_COMPLETE	2240	2240	3	2240	2140	PENDING	P_PDATE_D desc
CHEBI:81843	0	2be483ce1b6dbb484e7ec739778ac913067c6d6b040df3270a657165eba2860d	CURSOR_TRAVERSAL_COMPLETE	122	122	1	122	22	PENDING	P_PDATE_D desc
CHEBI:28600	1	25f1fe6301f7889dea6fc06caeae1fbc675e58c0874a5d5d68409d6fe18b6997	CURSOR_TRAVERSAL_COMPLETE	164	164	1	164	64	PENDING	P_PDATE_D desc
CHEBI:52717	1	f0f2e53239701f94537452c420f4354afdba864373ccbbe7c42e448d8517f88c	CURSOR_TRAVERSAL_COMPLETE	124	124	1	124	24	PENDING	P_PDATE_D desc
CHEBI:5292	0	f78250cb2e9b45b5004ad1cc1f5400d518e5be8f8b64013ca85b64fc32d6deab	CURSOR_TRAVERSAL_COMPLETE	334	334	1	334	234	PENDING	P_PDATE_D desc
CHEBI:15366	3	86eaef72ce4e6e5933eb71e9283028a0b6f31fc934cef8995f8d8f596231c313	CURSOR_TRAVERSAL_COMPLETE	4185	4185	5	4185	4085	PENDING	P_PDATE_D desc
CHEBI:3503	0	82d3ec21726a4d33a3946a62ba642ce974023564dbcb010977eff143a78f5245	CURSOR_TRAVERSAL_COMPLETE	186	186	1	186	86	PENDING	P_PDATE_D desc
CHEBI:46081	0	e0d83f3d695417763de7f741091bb7361799b54f8a3d15e526054dcb70b85a17	CURSOR_TRAVERSAL_COMPLETE	3272	3272	4	3272	3172	PENDING	P_PDATE_D desc
CHEBI:5674	1	82056076028a52c65924d4bae285042c3ae416f2728f0b50d99ec256feec0bb1	CURSOR_TRAVERSAL_COMPLETE	196	196	1	196	96	PENDING	P_PDATE_D desc
CHEBI:4672	1	04883a907721d990cbd863d0ac6dd62734907a27079ff8c6cce4b104d38964ce	CURSOR_TRAVERSAL_COMPLETE	2893	2893	3	2893	2793	PENDING	P_PDATE_D desc
CHEBI:175901	0	479fc1a7002765c7793b444057ea682d735d9c1bde7a177d31321722a8958fe2	CURSOR_TRAVERSAL_COMPLETE	3464	3464	4	3464	3364	PENDING	P_PDATE_D desc
CHEBI:16236	3	92ca94c8c1c71984eaa339ce56abe0dba00970ebaddf9b2f600260515efed1f3	CURSOR_TRAVERSAL_COMPLETE	9884	9884	10	9884	9784	PENDING	P_PDATE_D desc
CHEBI:3504	0	6847aa180b8b218dcc90ef6a5ed74602fcf0923736864239e7e36faeb3ae36ea	CURSOR_TRAVERSAL_COMPLETE	320	320	1	320	220	PENDING	P_PDATE_D desc
CHEBI:5100	0	7dae7923d2377981528697e00ca8ea6e8059e53962c1e546146d1a4d54714814	CURSOR_TRAVERSAL_COMPLETE	414	414	1	414	314	PENDING	P_PDATE_D desc
CHEBI:17580	1	7f439ed251ee4bbcf781bef32413fe19d1cc469c52cecced36ae91d442fff93b	CURSOR_TRAVERSAL_COMPLETE	243	243	1	243	143	PENDING	P_PDATE_D desc
CHEBI:41948	1	509c9b2972dc3665a393af894bc60c4951e3018cf8b2253468ce69ae692b757c	CURSOR_TRAVERSAL_COMPLETE	200	200	1	200	100	PENDING	P_PDATE_D desc
CHEBI:44032	0	bbc69bc5d0cba3fcd90354e42e324fc4da9de3d14520fb8e31b27229ed8eb2a4	CURSOR_TRAVERSAL_COMPLETE	390	390	1	390	290	PENDING	P_PDATE_D desc
CHEBI:3507	0	4c8a87ef701a455b16a52f5135a7c05fa56e39b7227f50ac45c75f0c210d6156	CURSOR_TRAVERSAL_COMPLETE	103	103	1	103	3	PENDING	P_PDATE_D desc
CHEBI:81763	0	24ed43031b3acac4b73db7e7521f961438216b4810289db879b5502485261627	CURSOR_TRAVERSAL_COMPLETE	347	347	1	347	247	PENDING	P_PDATE_D desc
CHEBI:85412	1	8ba8d3c191b5a9b48c73c1f31dd448d1548f5c7d8c78fc1dd51f7d1188a966b1	CURSOR_TRAVERSAL_COMPLETE	2266	2266	3	2266	2166	PENDING	P_PDATE_D desc
CHEBI:4781	1	c543acc74177b34caf978eecde7747a735f1fb4b7743df2df3ef03160ca211d1	CURSOR_TRAVERSAL_COMPLETE	152	152	1	152	52	PENDING	P_PDATE_D desc
CHEBI:63577	0	be259b22eb05952e13e4367fbbb5c55d6ee2da928ccf9455d99338ce628a97be	CURSOR_TRAVERSAL_COMPLETE	2936	2936	3	2936	2836	PENDING	P_PDATE_D desc
CHEBI:70729	0	e3285e57fb18e9c0af87f2b4af1ed08c8c5d6b7dee040ebb8a201fefa264f5c7	CURSOR_TRAVERSAL_COMPLETE	301	301	1	301	201	PENDING	P_PDATE_D desc
CHEBI:83070	0	2e787403534ce433e82fb7d12df2eef158be8e1a57a60ca287ad36b11deb2d6f	CURSOR_TRAVERSAL_COMPLETE	151	151	1	151	51	PENDING	P_PDATE_D desc
CHEBI:134411	1	323ad91c76375621f8ce964713b262f7aacd2b00f2e071985b8272bc9ce76e98	CURSOR_TRAVERSAL_COMPLETE	199	199	1	199	99	PENDING	P_PDATE_D desc
CHEBI:4883	1	b5b77f1f5a4f12509861c532e5a46814eb5fd7fef4ee56b9b0f19f7aef0bdab0	CURSOR_TRAVERSAL_COMPLETE	1651	1651	2	1651	1551	PENDING	P_PDATE_D desc
CHEBI:85089	0	b80e64c1ac5fce812dbcef95b5554a5e3175a676d8a59baafd949770f9ab18d0	CURSOR_TRAVERSAL_COMPLETE	134	134	1	134	34	PENDING	P_PDATE_D desc
CHEBI:3508	0	b706f9aad713dfdf997d56b5eb669b1a40e605282a174593f06ec014df3dd411	CURSOR_TRAVERSAL_COMPLETE	5340	5340	6	5340	5240	PENDING	P_PDATE_D desc
CHEBI:5385	0	33ac4236cc8b4a2d99aef962cd7f8ea9bdb79fedbe535f36ef3345c2d771dd8e	CURSOR_TRAVERSAL_COMPLETE	175	175	1	175	75	PENDING	P_PDATE_D desc
CHEBI:74926	1	f77fd6333ef04f73db2a5bc7aa794f07cfcd6728a1c3dffbcbbb676b0f68a2f7	CURSOR_TRAVERSAL_COMPLETE	1028	1028	2	1028	928	PENDING	P_PDATE_D desc
CHEBI:42768	1	d2c20fd32dd7491c07fca9237cd77d3dec3a836fd8944d4b39139e6f673533cc	CURSOR_TRAVERSAL_COMPLETE	2572	2572	3	2572	2472	PENDING	P_PDATE_D desc
CHEBI:6532	0	57b619e1c6cf96232edf379d62f4d22e04bb097b786da42a07f1392e3fd6b65b	CURSOR_TRAVERSAL_COMPLETE	123	123	1	123	23	PENDING	P_PDATE_D desc
CHEBI:31383	0	8bc51daf4254bb66e6c6d40897dd8640ed43b976c7fb305df0811a31ee2d350b	CURSOR_TRAVERSAL_COMPLETE	588	588	1	588	488	PENDING	P_PDATE_D desc
CHEBI:27744	0	4e8a073b7c592a2d7da98376bb0878ff06f16bed2932d73926b0df9fff6fc258	CURSOR_TRAVERSAL_COMPLETE	2093	2093	3	2093	1993	PENDING	P_PDATE_D desc
CHEBI:90284	1	b50c3ffa485c5986f05a1e2b0214bb2fb6e0cc672c562c64d16a40ed884d48ae	CURSOR_TRAVERSAL_COMPLETE	2780	2780	3	2780	2680	PENDING	P_PDATE_D desc
CHEBI:156095	1	523ce7732bfb7a51682ed6aa699816ff1a13c8b9885c1a48b86e16fde7b3f605	CURSOR_TRAVERSAL_COMPLETE	588	588	1	588	488	PENDING	P_PDATE_D desc
CHEBI:31781	0	a47cc517f494f67c7e3b0f72b3072f78149ae1993d1f7428f53c17ce8a22f45b	CURSOR_TRAVERSAL_COMPLETE	660	660	1	660	560	PENDING	P_PDATE_D desc
CHEBI:553473	0	f1769b2fd8cfc0b3bad4c9821c0eb8a48da1bc167300c94209810822ca2e0c38	CURSOR_TRAVERSAL_COMPLETE	171	171	1	171	71	PENDING	P_PDATE_D desc
CHEBI:28909	0	eed2022cd31d2f4334846af257f28693a4f233808be7b45566870537e7c32e6c	CURSOR_TRAVERSAL_COMPLETE	167	167	1	167	67	PENDING	P_PDATE_D desc
CHEBI:28	1	b78ea853a62d8849fa5bc1d0607becf5653d578f6f51ebb88d3c7171a6456349	CURSOR_TRAVERSAL_COMPLETE	243	243	1	243	143	PENDING	P_PDATE_D desc
CHEBI:8673	1	4d4acd18cf817ec66526dd7df55d5d34579ef922afeac412cce6188a11557ea1	CURSOR_TRAVERSAL_COMPLETE	17871	17871	18	17871	17771	PENDING	P_PDATE_D desc
CHEBI:63608	0	8587bdfe970b7e307131df08600011f6fa45a789e369298c3ec5f51d518edc15	CURSOR_TRAVERSAL_COMPLETE	292	292	1	292	192	PENDING	P_PDATE_D desc
CHEBI:140407	0	7fdaa75704d1e7099db3ca97fa2ca4d0e84320458824c32e03c1b7b8bcd49848	CURSOR_TRAVERSAL_COMPLETE	150	150	1	150	50	PENDING	P_PDATE_D desc
CHEBI:85979	0	ec9b230e19c1c5b7f4faedd433056cf7ab1d9fc1afb148992961c95467a4ee0f	CURSOR_TRAVERSAL_COMPLETE	233	233	1	233	133	PENDING	P_PDATE_D desc
CHEBI:98	1	98a420ca605448b31bf1b92de7a748176b125425448de7da070ad1b5e1d15376	CURSOR_TRAVERSAL_COMPLETE	243	243	1	243	143	PENDING	P_PDATE_D desc
CHEBI:8711	1	5991f2205f3ad6d52822880cd283bd34f01cc4d365f60e204c4b2c4ca86f6841	CURSOR_TRAVERSAL_COMPLETE	220	220	1	220	120	PENDING	P_PDATE_D desc
CHEBI:50667	0	77c88feac05305d03df7c29da1690f98fa8d7bfb962a303c2b172580144d743a	CURSOR_TRAVERSAL_COMPLETE	504	504	1	504	404	PENDING	P_PDATE_D desc
CHEBI:134719	0	40af64512bdee36fbf3530c18996cd978d5ccbaadc45d0ee2ff2cad75ee27ddc	CURSOR_TRAVERSAL_COMPLETE	417	417	1	417	317	PENDING	P_PDATE_D desc
CHEBI:6076	0	11bf9c7db3e8b0e519019054da0858d6481c896cedf78d02b1912c55a55d0c1e	CURSOR_TRAVERSAL_COMPLETE	1757	1757	2	1757	1657	PENDING	P_PDATE_D desc
CHEBI:64250	1	4e9fb41973f60cbaa801c76bcdc459e7d9c6f46bf19f039117514b538529022c	CURSOR_TRAVERSAL_COMPLETE	1230	1230	2	1230	1130	PENDING	P_PDATE_D desc
CHEBI:137041	1	bf31ed28f75880d913c1c21cdbbd0232fe7e2e30abc47c9ea6b1d55955285db0	CURSOR_TRAVERSAL_COMPLETE	730	730	1	730	630	PENDING	P_PDATE_D desc
CHEBI:180653	0	39b470ac74973192f83ded3eebcc8339f475e3a129c4b3a088e8b194c094d4cf	CURSOR_TRAVERSAL_COMPLETE	152	152	1	152	52	PENDING	P_PDATE_D desc
CHEBI:29007	0	2a007c00c8ec0fa5985c47934ceac985c5d0a95daba9a5b66a7059c916c03b29	CURSOR_TRAVERSAL_COMPLETE	4241	4241	5	4241	4141	PENDING	P_PDATE_D desc
CHEBI:81419	0	9552724e7e1f0b77ba6661400cf141849085d54d2b5bd20df0362adf65d51271	CURSOR_TRAVERSAL_COMPLETE	118	118	1	118	18	PENDING	P_PDATE_D desc
CHEBI:15660	1	c7ae332b74db5040430c6d3f168cb498f928427df0f663e39664df9c155461ca	CURSOR_TRAVERSAL_COMPLETE	142	142	1	142	42	PENDING	P_PDATE_D desc
CHEBI:15854	1	e45f0851ac0c6886cd1ed09bce3a0789bb97e0453dd34e4e000ea843e2ea37bf	CURSOR_TRAVERSAL_COMPLETE	732	732	1	732	632	PENDING	P_PDATE_D desc
CHEBI:8764	0	e6b36f9ebabeaf98878b7fd82d7a6c31f39a265cbb76cdd2815f8a42c462c973	CURSOR_TRAVERSAL_COMPLETE	1425	1425	2	1425	1325	PENDING	P_PDATE_D desc
CHEBI:3515	0	06ff61d0065a92075cc5475b4b273e6afa98e667cf4d1fc67ff111afd3f09e08	CURSOR_TRAVERSAL_COMPLETE	1161	1161	2	1161	1061	PENDING	P_PDATE_D desc
antibioticmech:aro-4655b07df9	0	e1677f9995d223bf1757602d9abe695f2d18a7c5e76f3b4de39fcc9d837d2a09	CURSOR_TRAVERSAL_COMPLETE	750	750	1	750	650	PENDING	P_PDATE_D desc
CHEBI:41977	2	f512f2e509093f565dd6ae89a85cd90ee978fe1b1400c57199f0e6bd1469aa28	CURSOR_TRAVERSAL_COMPLETE	173	173	1	173	73	PENDING	P_PDATE_D desc
CHEBI:48811	1	29886dab8e783c2c605e97aabad0277a98543e43cb1ea72ba5d2fe1ff7956048	CURSOR_TRAVERSAL_COMPLETE	3559	3559	4	3559	3459	PENDING	P_PDATE_D desc
CHEBI:168396	0	ff870099fb1143149c324a420e2aa56a812b5c1b88da77c97358950704417465	CURSOR_TRAVERSAL_COMPLETE	609	609	1	609	509	PENDING	P_PDATE_D desc
CHEBI:3534	0	0cbf83fc1252797d2b5b38d7514574bb8b21d58ae9e276beac29d3c9d8f0031d	CURSOR_TRAVERSAL_COMPLETE	440	440	1	440	340	PENDING	P_PDATE_D desc
CHEBI:52650	0	fd95e075651e39bb7a1150591a29f2fbfed5e569d9f65a8ba3dce0c460f2c4c5	CURSOR_TRAVERSAL_COMPLETE	284	284	1	284	184	PENDING	P_PDATE_D desc
CHEBI:51207	2	b6f42491e4032d8b795eae5e8dbc5e673f8cc15d4fc42cd5d3afe8e5d9154895	CURSOR_TRAVERSAL_COMPLETE	9782	9782	10	9782	9682	PENDING	P_PDATE_D desc
CHEBI:49845	1	e56494f1e82f414f1eb1633d6ea853bcaacd35a898a0e6eed8dfdb24f54d42b3	CURSOR_TRAVERSAL_COMPLETE	175	175	1	175	75	PENDING	P_PDATE_D desc
CHEBI:28939	0	dcb6a4d4c77e792eb766f1f60b49683acc8061dea614c686b00961ecfa7e9943	CURSOR_TRAVERSAL_COMPLETE	778	778	1	778	678	PENDING	P_PDATE_D desc
CHEBI:78373	0	4ea625fe1bb6b4bc79d12a5577b38a1104b61f43d8fd2571767659c395d33292	CURSOR_TRAVERSAL_COMPLETE	183	183	1	183	83	PENDING	P_PDATE_D desc
CHEBI:52646	0	c5a6f42501eb0e855a77676af9fe68acd068a42abfea31cc68df72db8a232dd4	CURSOR_TRAVERSAL_COMPLETE	275	275	1	275	175	PENDING	P_PDATE_D desc
CHEBI:9288	2	19df13ac351eaeae39fdcd4e203ec3b7d57c8280fdfd3749487f8476ae925a32	CURSOR_TRAVERSAL_COMPLETE	3466	3466	4	3466	3366	PENDING	P_PDATE_D desc
CHEBI:39254	1	4d62b2e5e527213ba1b1ad1d0e096542fcb98804fb2770937d988c3001c5d77e	CURSOR_TRAVERSAL_COMPLETE	3559	3559	4	3559	3459	PENDING	P_PDATE_D desc
CHEBI:17012	0	39b73b741a9e977bbbacea93b5ecbcab6f274135342a02918483831d57b3dd6d	CURSOR_TRAVERSAL_COMPLETE	283	283	1	283	183	PENDING	P_PDATE_D desc
CHEBI:17698	0	bdfdd362faa50bd7c439e91f9ce04df332269c177fb02e46da1e4db6211be3ae	CURSOR_TRAVERSAL_COMPLETE	8656	8656	9	8656	8556	PENDING	P_PDATE_D desc
antibioticmech:aro-adaab5b65b	0	6f80308268a798c5fa7c84531ffc42d7e963ee8df62868f2b7ad8fe36114acd6	CURSOR_TRAVERSAL_COMPLETE	111	111	1	111	11	PENDING	P_PDATE_D desc
CHEBI:9328	1	853ae78f248b0bfa1f07753ddacff11a61542580089926723f4f0503ff67056a	CURSOR_TRAVERSAL_COMPLETE	441	441	1	441	341	PENDING	P_PDATE_D desc
CHEBI:44485	0	f7f3c73025dbed07f89430d95568cb6f7fb5cc196e3be73cb742e820de66a774	CURSOR_TRAVERSAL_COMPLETE	1523	1523	2	1523	1423	PENDING	P_PDATE_D desc
CHEBI:28312	0	f87d6673e485ad81f5d7d4fc579c80336782f8450159d7278fb779d4a1256ceb	CURSOR_TRAVERSAL_COMPLETE	123	123	1	123	23	PENDING	P_PDATE_D desc
CHEBI:600520	0	e8ab740458963b301847945b422b21ba7f75f1eb4d6d4c50d5a3e9176e9c9562	CURSOR_TRAVERSAL_COMPLETE	479	479	1	479	379	PENDING	P_PDATE_D desc
CHEBI:45906	1	e264e7566beab067bea1b9107603132bd82ceaa723ffb312a3e308d0e7c300c7	CURSOR_TRAVERSAL_COMPLETE	302	302	1	302	202	PENDING	P_PDATE_D desc
CHEBI:7496	0	df57066c5c2d4d712b43b1c5dff57c600dfb628111172602464cbc7c53b40ba9	CURSOR_TRAVERSAL_COMPLETE	399	399	1	399	299	PENDING	P_PDATE_D desc
CHEBI:3614	0	f2f4738b18e7a7ca3e2d7111f8f9cba9c821c6288a58245cbbd8b80a35b8b8a8	CURSOR_TRAVERSAL_COMPLETE	1044	1044	2	1044	944	PENDING	P_PDATE_D desc
antibioticmech:aro-11ab0a98bf	0	a01ac3303b3ab9240f111e0c3497b6a87267589cb39f91d6d5e44902e3719ab9	CURSOR_TRAVERSAL_COMPLETE	278	278	1	278	178	PENDING	P_PDATE_D desc
CHEBI:5801	2	e03ad8f9fdd110ed592d6d7f03e8f46c1c04ccc35b1a1aef509d1f501fa93af8	CURSOR_TRAVERSAL_COMPLETE	870	870	1	870	770	PENDING	P_PDATE_D desc
CHEBI:63613	0	ad96880470598ade4b1c038efcdfa1e5cb6d6ea85d1e9343ef404ff3456b13a8	CURSOR_TRAVERSAL_COMPLETE	1104	1104	2	1104	1004	PENDING	P_PDATE_D desc
CHEBI:27644	0	f7355fe063a28b56b2ac973b64dcb6bacfb6459b16f471c459b6294b29cdd26b	CURSOR_TRAVERSAL_COMPLETE	399	399	1	399	299	PENDING	P_PDATE_D desc
CHEBI:75283	0	dd2c9ffba66f6b664ec7e85be190cdda45a8f3f6288342424ca49e80271462fc	CURSOR_TRAVERSAL_COMPLETE	308	308	1	308	208	PENDING	P_PDATE_D desc
CHEBI:6872	2	75de9c5c24f3b4ec687d1c4dd69d2c04dc9c21e6bbbf2c6259f654f288b7035f	CURSOR_TRAVERSAL_COMPLETE	1165	1165	2	1165	1065	PENDING	P_PDATE_D desc
CHEBI:7553	0	d25af4783af0d0e3b79df7f09e0733d30f68da332d8f888d6d0b01a712ba264d	CURSOR_TRAVERSAL_COMPLETE	148	148	1	148	48	PENDING	P_PDATE_D desc
CHEBI:100241	0	954237c88d5aae9d7cfe23e581fd1da4eb9216dfd648cd8b19fae870ff46a916	CURSOR_TRAVERSAL_COMPLETE	11665	11665	12	11665	11565	PENDING	P_PDATE_D desc
CHEBI:27617	0	0d6401654d14fc5e1c0c6d7c18f34a357e73caf97353e9763e17d8247c32bf91	CURSOR_TRAVERSAL_COMPLETE	452	452	1	452	352	PENDING	P_PDATE_D desc
CHEBI:28593	2	442008c40d593bb6515b313cbf4dbe4294fe7c862b8be9971cdf2ebbdb6b16ac	CURSOR_TRAVERSAL_COMPLETE	325	325	1	325	225	PENDING	P_PDATE_D desc
CHEBI:52172	0	c5f68fff22088a948e5dddadd84e4e95dd7ec0b45b1de9b7bd8516ac0d157176	CURSOR_TRAVERSAL_COMPLETE	905	905	1	905	805	PENDING	P_PDATE_D desc
antibioticmech:curator-d33759f162	0	687220969a59a8089aca34abbad656e8e47b5b95fac7adc76baccbdcb3851298	CURSOR_TRAVERSAL_COMPLETE	269	269	1	269	169	PENDING	P_PDATE_D desc
antibioticmech:aro-b799d457ed	0	101f1d13b5243985ef768574f502717d3e7f899eb02e7e21d5943db37ed39be8	CURSOR_TRAVERSAL_COMPLETE	454	454	1	454	354	PENDING	P_PDATE_D desc
CHEBI:15854	2	bb4edd13b571e4a946d398553525b047479984e18d31e459ace076bf67300204	CURSOR_TRAVERSAL_COMPLETE	730	730	1	730	630	PENDING	P_PDATE_D desc
CHEBI:170007	0	4304e2cf8ca9b8e74dc0f110170bf20e1908b24d7f6eff6d9076c678ce6c46a1	CURSOR_TRAVERSAL_COMPLETE	307	307	1	307	207	PENDING	P_PDATE_D desc
CHEBI:3732	0	15e3f21ed137df51b29769702be716447cde17a4835681d0bd408be0dc3e7870	CURSOR_TRAVERSAL_COMPLETE	2309	2309	3	2309	2209	PENDING	P_PDATE_D desc
CHEBI:28285	0	77846da6b54e2f3dfbe1c0f23b30727aa572a70eb0f54c204c5a7479013c112b	CURSOR_TRAVERSAL_COMPLETE	593	593	1	593	493	PENDING	P_PDATE_D desc
CHEBI:3638	3	a8f02f7e728467d3f0f06928620d0987876136d0ac0d654d1a1e53a8fe3be904	CURSOR_TRAVERSAL_COMPLETE	3560	3560	4	3560	3460	PENDING	P_PDATE_D desc
CHEBI:46742	0	afeef3e818125eb5fc966a2b1d5a96c129212dc8211e9ddffdc022c01b532660	CURSOR_TRAVERSAL_COMPLETE	193	193	1	193	93	PENDING	P_PDATE_D desc
CHEBI:48947	0	5ba028c9170c87a813a56b3160b2ee254aa39a6dfaaf049131c578edbc81d04d	CURSOR_TRAVERSAL_COMPLETE	2185	2185	3	2185	2085	PENDING	P_PDATE_D desc
CHEBI:17642	0	34dcae742329c35d6b565511c31370d372c683da6672027efba96ae46f978ca4	CURSOR_TRAVERSAL_COMPLETE	134	134	1	134	34	PENDING	P_PDATE_D desc
CHEBI:8673	3	a3230daa3fa808bd25daf50aa76312d702fa54fb198b2440c7c2d73c8e66ff46	CURSOR_TRAVERSAL_COMPLETE	1574	1574	2	1574	1474	PENDING	P_PDATE_D desc
CHEBI:7798	0	f842c2c924dbf3e4e48aeb418c08255e5954369eb87cab9fb768f57f3ad2403e	CURSOR_TRAVERSAL_COMPLETE	1223	1223	2	1223	1123	PENDING	P_PDATE_D desc
CHEBI:3745	0	fb728883f6414f4ed8df8e0978e70cf77058615dddd825fa0913cdd492dc2000	CURSOR_TRAVERSAL_COMPLETE	3655	3655	4	3655	3555	PENDING	P_PDATE_D desc
CHEBI:45081	0	5ecaf9cc7445a2ca3444b5cc24ab6746f67e9a63139b7c825cca978a7d018b33	CURSOR_TRAVERSAL_COMPLETE	212	212	1	212	112	PENDING	P_PDATE_D desc
CHEBI:28593	3	63a4a50444ef0b58ca8eb6ae7908dddfc4389945c03d899d1c676e6c1bcaf3cd	CURSOR_TRAVERSAL_COMPLETE	325	325	1	325	225	PENDING	P_PDATE_D desc
CHEBI:7956	0	df2bb1cb56b1ed97890fd0d4600fa301b0d4efb9d15a9499d14e779f54cb3b4c	CURSOR_TRAVERSAL_COMPLETE	101	101	1	101	1	PENDING	P_PDATE_D desc
CHEBI:49566	0	36ce8628b19fcfc3c69751203657a778165c47f3b4bcae14db2115aa0dec1bc3	CURSOR_TRAVERSAL_COMPLETE	348	348	1	348	248	PENDING	P_PDATE_D desc
CHEBI:44976	0	1347f0d2a69e6a5a9210dea9a7292eee306f689af1fbb2c1248b22d35df46c0d	CURSOR_TRAVERSAL_COMPLETE	133	133	1	133	33	PENDING	P_PDATE_D desc
CHEBI:85202	0	f08e4b7b32e43432260797a1b9489e0fdfae8cf0a1509212a29360871c18957d	CURSOR_TRAVERSAL_COMPLETE	159	159	1	159	59	PENDING	P_PDATE_D desc
CHEBI:59064	0	6eb3df954abe0949cbfa5086cadeb7c82f0fcd12da274282562d1e328ce1f67e	CURSOR_TRAVERSAL_COMPLETE	6307	6307	7	6307	6207	PENDING	P_PDATE_D desc
CHEBI:64355	0	66b242fc2fc08d05ae233bbacb4e68406c6ea35e4d27b8b7c11ea73aafeae688	CURSOR_TRAVERSAL_COMPLETE	778	778	1	778	678	PENDING	P_PDATE_D desc
CHEBI:15732	0	7c03852002e13fe9a2748ffe006c6a5d43dd30a537584704e3d97fac416d03f2	CURSOR_TRAVERSAL_COMPLETE	178	178	1	178	78	PENDING	P_PDATE_D desc
CHEBI:29014	0	d4c98ed0f03987268261c62d2879b1b21a8049ae208c62149ccb71f1ef45b34e	CURSOR_TRAVERSAL_COMPLETE	169	169	1	169	69	PENDING	P_PDATE_D desc
CHEBI:8434	0	157bbb8a9fc0ce6c91a4d86d541851e236b8c9b9789dafa26924f403f9fecd95	CURSOR_TRAVERSAL_COMPLETE	202	202	1	202	102	PENDING	P_PDATE_D desc
CHEBI:82960	0	41cdc02f98a2b8132ef2f9fad09a4288f0fc9d6bc51dea4c1ffd8a62d17769bb	CURSOR_TRAVERSAL_COMPLETE	714	714	1	714	614	PENDING	P_PDATE_D desc
CHEBI:41688	0	c12aef017b3e5b545f0c447e7951c9bca3a7dfc20759c4ef971fd4cd9a334337	CURSOR_TRAVERSAL_COMPLETE	1462	1462	2	1462	1362	PENDING	P_PDATE_D desc
CHEBI:8489	0	4a123f0ce090f38261de6f57b4ea90058c732a70c996df5b9f38baaeb8e58db3	CURSOR_TRAVERSAL_COMPLETE	200	200	1	200	100	PENDING	P_PDATE_D desc
CHEBI:145994	0	4f757f457d07d922e25eb7f122a49848676e47882ed3bc419e8de38318360080	CURSOR_TRAVERSAL_COMPLETE	506	506	1	506	406	PENDING	P_PDATE_D desc
CHEBI:82721	0	19b10ca40129dc6dae54adbe3b89b5067da3c95fd6eb3800e34143266439cb93	CURSOR_TRAVERSAL_COMPLETE	161	161	1	161	61	PENDING	P_PDATE_D desc
CHEBI:30768	0	f1a71dd2c04616250d6119fa8f2a7b2ad8db1229431567537dbe942b6ca0b287	CURSOR_TRAVERSAL_COMPLETE	626	626	1	626	526	PENDING	P_PDATE_D desc
CHEBI:63580	0	191084e4839a6306d598de12154eab90f9c9e23e4445a7f707627f37150e0536	CURSOR_TRAVERSAL_COMPLETE	1796	1796	2	1796	1696	PENDING	P_PDATE_D desc
CHEBI:4309	0	2978321eb24f1c4e37c5951c55113bfe893b1d11996d5f72b7bae9dd8f92be7e	CURSOR_TRAVERSAL_COMPLETE	472	472	1	472	372	PENDING	P_PDATE_D desc
CHEBI:78780	0	33187e26419f3f43c82c8289d1cb93036eafa5e60ce191f6fb53b8604ee52907	CURSOR_TRAVERSAL_COMPLETE	273	273	1	273	173	PENDING	P_PDATE_D desc
CHEBI:68606	0	e3eb1650c4a62b510fe2f8a708b96071bfe9a63bd8a5349649d9e6c5c3660d57	CURSOR_TRAVERSAL_COMPLETE	459	459	1	459	359	PENDING	P_PDATE_D desc
CHEBI:600103	0	612bbeda4341c70753234efc0df21e0e2198e14f5886444baf79ee9d40a2dada	CURSOR_TRAVERSAL_COMPLETE	1188	1188	2	1188	1088	PENDING	P_PDATE_D desc
CHEBI:16914	0	3d3aa0d04efcd552d4c07bc12624122fbb3527f8e6bcb6b4bb6c13ddf06fcf6f	CURSOR_TRAVERSAL_COMPLETE	6941	6941	7	6941	6841	PENDING	P_PDATE_D desc
CHEBI:45409	0	85d9220827396e9303d0fde0a89456d22f731f18667060c7e69fdb92df5eb641	CURSOR_TRAVERSAL_COMPLETE	1337	1337	2	1337	1237	PENDING	P_PDATE_D desc
antibioticmech:aro-eb42322815	0	d419567ea3b04e9e61c140b87f9c77c8afb92e1dfc8fd31b737e45855d746913	CURSOR_TRAVERSAL_COMPLETE	2749	2749	3	2749	2649	PENDING	P_PDATE_D desc
CHEBI:17183	0	1d18fcb16ddd060363605e2aec00502bcafa4cefe08eb84f03205eb397a8b027	CURSOR_TRAVERSAL_COMPLETE	107	107	1	107	7	PENDING	P_PDATE_D desc
CHEBI:63621	0	c078b32ecab6bf5d31fab74f9eb70e7de9faf37220a0735422ee8019ad6ca6f4	CURSOR_TRAVERSAL_COMPLETE	393	393	1	393	293	PENDING	P_PDATE_D desc
CHEBI:134742	0	e6e2a838f115463d82b6cbd90ddd848920cd99033a62a3c839b3fe8feccc6329	CURSOR_TRAVERSAL_COMPLETE	204	204	1	204	104	PENDING	P_PDATE_D desc
CHEBI:83779	0	2539f39f82540c2dc623d71671708ab203439f26052172376241b5c9e40c9364	CURSOR_TRAVERSAL_COMPLETE	401	401	1	401	301	PENDING	P_PDATE_D desc
CHEBI:90227	0	42f2d466f99e7175cb9a9bca15655d8a19fbbf3391636289f651db42effdc3e1	CURSOR_TRAVERSAL_COMPLETE	244	244	1	244	144	PENDING	P_PDATE_D desc
CHEBI:34690	0	a55460d576500cf3843851297397e38c792c73deafb826c4fcfa696c63fea6d0	CURSOR_TRAVERSAL_COMPLETE	118	118	1	118	18	PENDING	P_PDATE_D desc
CHEBI:9448	0	102e788982ac9eedc7711de89c9d4e1853b9f7b0072a58f5dbe6eeca535c5365	CURSOR_TRAVERSAL_COMPLETE	639	639	1	639	539	PENDING	P_PDATE_D desc
CHEBI:85083	0	972814cda87dc3bcdba65af96dccb501bda6ec8a1a92db65f4ecdc59696b3bfa	CURSOR_TRAVERSAL_COMPLETE	380	380	1	380	280	PENDING	P_PDATE_D desc
CHEBI:135928	0	d6b05054cf9168e0d42293d4ef49febea994fb0795ba214b88dd9b93c09bcbcd	CURSOR_TRAVERSAL_COMPLETE	258	258	1	258	158	PENDING	P_PDATE_D desc
CHEBI:45979	0	c8e7b25f67c144b19228467eef595b490eb310cc9f2e1817647f83c697524064	CURSOR_TRAVERSAL_COMPLETE	277	277	1	277	177	PENDING	P_PDATE_D desc
CHEBI:50924	0	37118bfc827933ac918b8e49085d80af684db417063a3b8919465b03f2adf0dc	CURSOR_TRAVERSAL_COMPLETE	2230	2230	3	2230	2130	PENDING	P_PDATE_D desc
CHEBI:50845	0	d907ddfa559bffd201ec5378b903eff7e5d8dd0b86bd00f11992b44aed2252ed	CURSOR_TRAVERSAL_COMPLETE	3360	3360	4	3360	3260	PENDING	P_PDATE_D desc
CHEBI:35014	0	40484335223488039a473e6f8187120f81b9597ae425e9aadd946b310581e4e7	CURSOR_TRAVERSAL_COMPLETE	123	123	1	123	23	PENDING	P_PDATE_D desc
CHEBI:63581	0	9f4899ea93a487d4a1d0d9716f1b549ddc5477a72cf22e68d5ae97bc328a0a2f	CURSOR_TRAVERSAL_COMPLETE	474	474	1	474	374	PENDING	P_PDATE_D desc
CHEBI:77543	0	ac1e640bace88e705b3795acf0dd3a5116cb2861f2ee45c9b3ddf0d824ccee06	CURSOR_TRAVERSAL_COMPLETE	122	122	1	122	22	PENDING	P_PDATE_D desc
CHEBI:82060	0	6fd16184ad1eee68fa4e8cd3ddbace5991c03a93b0c6e486e71afe398bb9a54d	CURSOR_TRAVERSAL_COMPLETE	125	125	1	125	25	PENDING	P_PDATE_D desc
CHEBI:68595	0	21dfaf8b745d23e2d74662535644839f6d886ab66a8172cce003c9cd831b6411	CURSOR_TRAVERSAL_COMPLETE	262	262	1	262	162	PENDING	P_PDATE_D desc
CHEBI:157175	0	20b619c27cb0b19f863e3e809d2749bfc1cca56caff650e3ebf4dd1e4e3f1e7a	CURSOR_TRAVERSAL_COMPLETE	122	122	1	122	22	PENDING	P_PDATE_D desc
CHEBI:46024	0	5714544d3d574377414d0bdc9ae3ea95d94ccc37419fe62c88a3892c90b8f42d	CURSOR_TRAVERSAL_COMPLETE	1345	1345	2	1345	1245	PENDING	P_PDATE_D desc
CHEBI:63624	0	aa70b2d7ed93ebcee342e227571a65ac2db7905be89a6adb5faf64be422098dd	CURSOR_TRAVERSAL_COMPLETE	187	187	1	187	87	PENDING	P_PDATE_D desc
CHEBI:35720	0	0df67f003e4020c05bc5f7ae42b170030ea9f726a456dd1a702b53497edd44a0	CURSOR_TRAVERSAL_COMPLETE	1228	1228	2	1228	1128	PENDING	P_PDATE_D desc
CHEBI:10023	0	cdf08ae533d84b53b38d69e77d8766dda90e9220eba286503d949b749b3d0281	CURSOR_TRAVERSAL_COMPLETE	1785	1785	2	1785	1685	PENDING	P_PDATE_D desc
CHEBI:90926	0	b9db2fbd309d415dd8d8300d999eab864642db41ba58074d4b12ee187cd50bf8	CURSOR_TRAVERSAL_COMPLETE	288	288	1	288	188	PENDING	P_PDATE_D desc
CHEBI:195558	0	018dae9e8e4d409ffa5af52c3892fb6216deee637f3800063d4e1e4976c844be	CURSOR_TRAVERSAL_COMPLETE	274	274	1	274	174	PENDING	P_PDATE_D desc
CHEBI:27864	1	26b4e12676f83b5ccd371618c32142005ae1b28db237eb41b28bcf4aaae85de7	CURSOR_TRAVERSAL_COMPLETE	812	812	1	812	712	PENDING	P_PDATE_D desc
CHEBI:63718	0	8ec19869cb392c605acbd7402e37569a39f0f24c43e8816e8c7dc04d2c7dba75	CURSOR_TRAVERSAL_COMPLETE	563	563	1	563	463	PENDING	P_PDATE_D desc
antibioticmech:aro-2d35d60097	0	4a4bddd04101b235dad2e54464056aa90c132f01767d85caf5688743549a47b8	CURSOR_TRAVERSAL_COMPLETE	164	164	1	164	64	PENDING	P_PDATE_D desc
CHEBI:73178	1	2647a3861e5996848fa03ed3f5ced10dd0b503aad58b58e74a8bdae96a7a29f3	CURSOR_TRAVERSAL_COMPLETE	243	243	1	243	143	PENDING	P_PDATE_D desc
CHEBI:63717	0	ee1c9d6cae0f31758c1aea7cde1fe93afde2fc1c64476544c2522638a9f4837c	CURSOR_TRAVERSAL_COMPLETE	582	582	1	582	482	PENDING	P_PDATE_D desc
CHEBI:404903	0	e16c6851c9c28cc1a07c783fcb33f631e0586cbb7cbaf8bc039988220f19e143	CURSOR_TRAVERSAL_COMPLETE	1031	1031	2	1031	931	PENDING	P_PDATE_D desc
CHEBI:28217	1	c11b30b6e2cd808eff49de18ae93aa9117cdb7921c98668a1d7a0f62480203a8	CURSOR_TRAVERSAL_COMPLETE	112	112	1	112	12	PENDING	P_PDATE_D desc
CHEBI:63628	0	49b113999e367272fcfcd099e8d5b9369077bc91031a838cf68d64ff28927ccb	CURSOR_TRAVERSAL_COMPLETE	147	147	1	147	47	PENDING	P_PDATE_D desc
CHEBI:42355	0	c1e2b97f842803f704c6fbf0cc0414af2eaa7ead8725d27b15716b60f4bc23c3	CURSOR_TRAVERSAL_COMPLETE	7925	7925	8	7925	7825	PENDING	P_PDATE_D desc
CHEBI:277842	1	eb7b6540628bd20e0aec3fe463ed8aea97e658cb527195e58da385fd6d594b28	CURSOR_TRAVERSAL_COMPLETE	299	299	1	299	199	PENDING	P_PDATE_D desc
CHEBI:75998	0	0231a4269cbec0e143975a3baa4a3b2d77782b052a0dc941631d6694f6ef7b12	CURSOR_TRAVERSAL_COMPLETE	1237	1237	2	1237	1137	PENDING	P_PDATE_D desc
CHEBI:4917	0	20007e228e6fa689e70ad7ac6c6f6fdb982afdc55a636416e3eef63da1df41a9	CURSOR_TRAVERSAL_COMPLETE	397	397	1	397	297	PENDING	P_PDATE_D desc
CHEBI:3015	1	e6f6dd626704a700a2ab5129b980ae97994a031dbd175dcc247aca11ae3d8bb9	CURSOR_TRAVERSAL_COMPLETE	382	382	1	382	282	PENDING	P_PDATE_D desc
CHEBI:63635	0	0d26c8cc1fe231684702ef5a15923b744a46b7e15e8c9e483ee41facf8946216	CURSOR_TRAVERSAL_COMPLETE	198	198	1	198	98	PENDING	P_PDATE_D desc
CHEBI:68590	0	325c380e86d09034e7f394f68731feb9e1103e237713e565a57dcd30e29527a2	CURSOR_TRAVERSAL_COMPLETE	127	127	1	127	27	PENDING	P_PDATE_D desc
CHEBI:16118	1	05abbe4ceeb0f5013cb7ac4ff7315cc7fd64511e6f165b7079d7611b0b8ef035	CURSOR_TRAVERSAL_COMPLETE	814	814	1	814	714	PENDING	P_PDATE_D desc
CHEBI:28545	0	6dbed581f823d03fed60fcf4bed870485509b88cc361681d6df4167e2028ed3a	CURSOR_TRAVERSAL_COMPLETE	228	228	1	228	128	PENDING	P_PDATE_D desc
antibioticmech:curator-68713b9d28	0	e0f09b37a34e2d9da5d4df95dc30bfacc8cae62bd4d538820cad7cbaac4984c3	CURSOR_TRAVERSAL_COMPLETE	140	140	1	140	40	PENDING	P_PDATE_D desc
CHEBI:17097	1	0e57d4ab3b3b61c765a495719be0cc21e32425f0aef4496895e46b4d7bf5f58a	CURSOR_TRAVERSAL_COMPLETE	519	519	1	519	419	PENDING	P_PDATE_D desc
CHEBI:52289	0	8be43af829e7636f250d70b94579be34efc4ce3807c13a98c5d5843e8b00781b	CURSOR_TRAVERSAL_COMPLETE	950	950	1	950	850	PENDING	P_PDATE_D desc
CHEBI:87185	0	a806913c61261a8a40e986fe79359d5c609921973a641fa0b6851cca6b10af86	CURSOR_TRAVERSAL_COMPLETE	1033	1033	2	1033	933	PENDING	P_PDATE_D desc
CHEBI:57289	1	368e4ce68f1fb256dee751e24b996308b5a2a7d3cb7428dbe1cf09497c361944	CURSOR_TRAVERSAL_COMPLETE	109	109	1	109	9	PENDING	P_PDATE_D desc
CHEBI:10101	0	ce9193599d76ad6431af0c91fcc01b58f26e87e07c5448b23f1590f3a305d019	CURSOR_TRAVERSAL_COMPLETE	127	127	1	127	27	PENDING	P_PDATE_D desc
CHEBI:5098	0	1d804c0e74e9db008d4428305f503a68d831b285fa99918f6c6f11b1c016ca15	CURSOR_TRAVERSAL_COMPLETE	173	173	1	173	73	PENDING	P_PDATE_D desc
CHEBI:15353	1	4b0f086ba4517129251124861b2abf09e564f968bf0f5783d95491d2a3f729f0	CURSOR_TRAVERSAL_COMPLETE	109	109	1	109	9	PENDING	P_PDATE_D desc
CHEBI:50663	0	c1a67186f38ebda6cb57acbc849b9e41f47e95615a71e56e32fec6a7e8c5d514	CURSOR_TRAVERSAL_COMPLETE	471	471	1	471	371	PENDING	P_PDATE_D desc
CHEBI:30751	0	1d0c607b21b9176e4ef95c92f4ebb779e471402da01840457d02b83213ba89b8	CURSOR_TRAVERSAL_COMPLETE	661	661	1	661	561	PENDING	P_PDATE_D desc
CHEBI:3392	1	b8e1463c11d4873a116b5597abb3fd5c5bd7879d2fe1ad9c1dedc73e616df9e0	CURSOR_TRAVERSAL_COMPLETE	2789	2789	3	2789	2689	PENDING	P_PDATE_D desc
CHEBI:10110	0	807df732e7507b38c9ecb9e587d1d5abe24b856b301e960700494ca5ea9fcca8	CURSOR_TRAVERSAL_COMPLETE	1456	1456	2	1456	1356	PENDING	P_PDATE_D desc
CHEBI:28915	0	4933b84727ca0e4f6572aaa4302fbc71a971c0b07ff5e9608197395d1195f1fc	CURSOR_TRAVERSAL_COMPLETE	1843	1843	2	1843	1743	PENDING	P_PDATE_D desc
CHEBI:3440	1	6588363c0e65815875f58629152dc5833cf84f51584c5af86867dc444c0dea35	CURSOR_TRAVERSAL_COMPLETE	374	374	1	374	274	PENDING	P_PDATE_D desc
CHEBI:147675	1	eb7e58473bb86d2db726e3d273cdfc80c70970abc1fc6450846c95398f772c17	CURSOR_TRAVERSAL_COMPLETE	255	255	1	255	155	PENDING	P_PDATE_D desc
CHEBI:443725	0	f0e63405f6a4f1f8aa6ee87ddb1baa35e8ede7f1b3f33129b567eea6e4ac8741	CURSOR_TRAVERSAL_COMPLETE	103	103	1	103	3	PENDING	P_PDATE_D desc
CHEBI:474180	1	a47c71b1a1ffdf01a29d80bc193d6f0dd4e342de9856e263e537c99ad2d6c63a	CURSOR_TRAVERSAL_COMPLETE	993	993	1	993	893	PENDING	P_PDATE_D desc
CHEBI:421707	1	b22276940674a10d2a902c4d6cdb54d888ecca6428cd7cdf95013aaa545329dc	CURSOR_TRAVERSAL_COMPLETE	8356	8356	9	8356	8256	PENDING	P_PDATE_D desc
CHEBI:5195	0	3a8bd16e12720ff9d426d64ef4649737bc5c6d4b8b1cd432502276d0efee1a01	CURSOR_TRAVERSAL_COMPLETE	220	220	1	220	120	PENDING	P_PDATE_D desc
CHEBI:171741	1	f8b36f037ef2771892cbd380cebd5c3415fc60cd9915fd3417c4d1f738097c90	CURSOR_TRAVERSAL_COMPLETE	155	155	1	155	55	PENDING	P_PDATE_D desc
CHEBI:2453	1	39fda7a4bb7389f0194272e64a317e3754e867343fca8763c5e74d493ad9fb61	CURSOR_TRAVERSAL_COMPLETE	159	159	1	159	59	PENDING	P_PDATE_D desc
CHEBI:29013	0	d27d94d21e9d6f7ebfdc6335300b22d9d71f24b261bb47bbb15e12020b88b4f1	CURSOR_TRAVERSAL_COMPLETE	692	692	1	692	592	PENDING	P_PDATE_D desc
CHEBI:3639	1	1947eac697b198adb23f915e57d11f6654e7a49b66ab7d16753cea9cc94d48c3	CURSOR_TRAVERSAL_COMPLETE	117	117	1	117	17	PENDING	P_PDATE_D desc
CHEBI:2618	1	bde2bd2f2fa691e493eb8c16ae04f605280b33c04ef1c0b8c7c24519bd638dd0	CURSOR_TRAVERSAL_COMPLETE	518	518	1	518	418	PENDING	P_PDATE_D desc
antibioticmech:aro-9047378d43	0	af12cee8beb7f38fa86647ad48fc6f8704b34bcdd7e53eab8a3a9a4dfceacdcd	CURSOR_TRAVERSAL_COMPLETE	2214	2214	3	2214	2114	PENDING	P_PDATE_D desc
CHEBI:3764	1	3afebae55f753b6bdeda327dcb2cb275d7fd0a68ed7af5d18acbe122c4e5dffe	CURSOR_TRAVERSAL_COMPLETE	316	316	1	316	216	PENDING	P_PDATE_D desc
CHEBI:40050	1	62b75bfdcd62e0d5024ba3fc9be5b379dabaa016a8b3b0b8113a9178aa9e73b9	CURSOR_TRAVERSAL_COMPLETE	242	242	1	242	142	PENDING	P_PDATE_D desc
CHEBI:5280	0	1d5aeea6508293c232d509ed06acd7c9c0de002354239466af6c57f9f5d0ca86	CURSOR_TRAVERSAL_COMPLETE	450	450	1	450	350	PENDING	P_PDATE_D desc
CHEBI:3962	1	ea6efa4ab99319cc40d72cc639559f66e776430c4bacaa92c2bd114428ea8050	CURSOR_TRAVERSAL_COMPLETE	2340	2340	3	2340	2240	PENDING	P_PDATE_D desc
CHEBI:338412	1	dfaaf5db9342f1d637da4d217e5eaf1cc437fbf55680421aefa2c4e2defe6ce2	CURSOR_TRAVERSAL_COMPLETE	215	215	1	215	115	PENDING	P_PDATE_D desc
CHEBI:101853	0	4bea78bd26fa23325a9f67a2755924943a57be43478fbf93d59eab8da6e8fbeb	CURSOR_TRAVERSAL_COMPLETE	132	132	1	132	32	PENDING	P_PDATE_D desc
CHEBI:148439	1	8e366694d3e45de7b984ad92cd85b50a6add5c7dc130f27d8685fcc034c16a94	CURSOR_TRAVERSAL_COMPLETE	416	416	1	416	316	PENDING	P_PDATE_D desc
CHEBI:2766	1	60d4bec9f12f6d87c2122581dbc8da5adf7138cc7319a8649f44d155f43378fa	CURSOR_TRAVERSAL_COMPLETE	382	382	1	382	282	PENDING	P_PDATE_D desc
antibioticmech:curator-a1214aecf9	0	61aa5f03b8d957379de70e513f7018ad511b6c71d9be58a7edb164812ec471bd	CURSOR_TRAVERSAL_COMPLETE	105	105	1	105	5	PENDING	P_PDATE_D desc
CHEBI:4031	1	56fce084cc1fc3125f46d8413ea0abd07249cdc5c0c55ad39996042683151cf4	CURSOR_TRAVERSAL_COMPLETE	318	318	1	318	218	PENDING	P_PDATE_D desc
CHEBI:37924	1	31de836c9a881d9960bb2dba3a037fc2e290172c9e93d7bfe1c9c68b585d10f6	CURSOR_TRAVERSAL_COMPLETE	116	116	1	116	16	PENDING	P_PDATE_D desc
antibioticmech:aro-b380d64ee1	0	3bb96108b936dcba885a4722c10651654d2fde0824eff6cf2bb335077577cdbb	CURSOR_TRAVERSAL_COMPLETE	7332	7332	8	7332	7232	PENDING	P_PDATE_D desc
CHEBI:41922	1	33410314252d3e1da7e1e03c3c5fb584be653c2b9002c5132ca2f199cd01567a	CURSOR_TRAVERSAL_COMPLETE	5712	5712	6	5712	5612	PENDING	P_PDATE_D desc
CHEBI:172943	1	5824535003295e09f5b71772751c1c8129bf30b6642b207cb168a4bf9579568f	CURSOR_TRAVERSAL_COMPLETE	218	218	1	218	118	PENDING	P_PDATE_D desc
CHEBI:28418	0	a7ac5567d09e3a9988bed2d1ab1baf3d4dc6fd1335fab1f33e6181aec5cc6fcc	CURSOR_TRAVERSAL_COMPLETE	792	792	1	792	692	PENDING	P_PDATE_D desc
CHEBI:16016	1	de64eb22b3b85ef19aed54e755007b36b9078d4bd5560455594da9b998e1ebfc	CURSOR_TRAVERSAL_COMPLETE	2210	2210	3	2210	2110	PENDING	P_PDATE_D desc
CHEBI:172944	1	70f7136eb12c1489fac8dcd4246e6c81c3539e1fe81774305fee806aa5347476	CURSOR_TRAVERSAL_COMPLETE	483	483	1	483	383	PENDING	P_PDATE_D desc
antibioticmech:aro-d384fdc29d	0	4247d11959f6f714a50385e8e7d42d12a71b6d3bb7c01eb26c2ad732b3fde1b7	CURSOR_TRAVERSAL_COMPLETE	191	191	1	191	91	PENDING	P_PDATE_D desc
CHEBI:4640	1	3e636f42fc7ae1bdb813dc8ec6818330b5ef0b39f94d105562d941e35d71fb27	CURSOR_TRAVERSAL_COMPLETE	516	516	1	516	416	PENDING	P_PDATE_D desc
CHEBI:421843	1	933bdb8a73e658ac3c0d9fd8b73dd2f9b1fb03b336bf7c870793e1630515f084	CURSOR_TRAVERSAL_COMPLETE	196	196	1	196	96	PENDING	P_PDATE_D desc
antibioticmech:aro-1204fa50d9	0	02468d798e55cbe6e5a909167212dd96a641b3ef13373a5d04ddbbefe008fbf3	CURSOR_TRAVERSAL_COMPLETE	191	191	1	191	91	PENDING	P_PDATE_D desc
CHEBI:4659	1	67f957ebcbaf2e26e077c3b68f13ecb71b97c518b5a99f75a3f8760ed726e838	CURSOR_TRAVERSAL_COMPLETE	278	278	1	278	178	PENDING	P_PDATE_D desc
CHEBI:149636	1	15aebb1b3acd3368afbcb8bc0b0d5504a3c2a12e3cd46ffd33a4536a94230e53	CURSOR_TRAVERSAL_COMPLETE	235	235	1	235	135	PENDING	P_PDATE_D desc
CHEBI:27779	0	05b2bd88f8569e973a956be7c49c6cecbfcbe9dcebfd037a4f235fbeeb34256e	CURSOR_TRAVERSAL_COMPLETE	179	179	1	179	79	PENDING	P_PDATE_D desc
CHEBI:141315	1	a04fb0cad58fa02bad5c96bda016e00e93c2ed86ec90cb08c9a5006688ee4b54	CURSOR_TRAVERSAL_COMPLETE	306	306	1	306	206	PENDING	P_PDATE_D desc
CHEBI:3647	1	f4694b049d0b4ae389a0c31cc4098c08f65d417d96d7098e314da3b4ec8bb740	CURSOR_TRAVERSAL_COMPLETE	233	233	1	233	133	PENDING	P_PDATE_D desc
CHEBI:69414	0	f677711358fa8d3c73fba6fcb33f4536145611e29dc2629c2e47444fea988ec8	CURSOR_TRAVERSAL_COMPLETE	1941	1941	2	1941	1841	PENDING	P_PDATE_D desc
CHEBI:16731	1	1337323edb49c116632738591489dfc6c14abe3ed00812e3e05413654602d2d5	CURSOR_TRAVERSAL_COMPLETE	389	389	1	389	289	PENDING	P_PDATE_D desc
CHEBI:3696	1	12e81288d03c4e21037dc62909ce169a790d0326cf842a530bed1eedc00f0264	CURSOR_TRAVERSAL_COMPLETE	751	751	1	751	651	PENDING	P_PDATE_D desc
CHEBI:16976	0	496673c208d3fd420a8217e05a54174c7ee9175a3a19696b168555156dfb7968	CURSOR_TRAVERSAL_COMPLETE	761	761	1	761	661	PENDING	P_PDATE_D desc
CHEBI:31585	1	e768d7c37dfdfc7fa2a62c92e76fc437c2bbccdff639434215b1e8b5e4ea0634	CURSOR_TRAVERSAL_COMPLETE	688	688	1	688	588	PENDING	P_PDATE_D desc
CHEBI:59495	1	263c25700c678d40c0d05c24725e70f9d900f7f137375143af4d99ea718d49bb	CURSOR_TRAVERSAL_COMPLETE	398	398	1	398	298	PENDING	P_PDATE_D desc
CHEBI:471744	0	10e010bedb4fdbe6b4a160e95fd3ebb205304e10e66bb99433e6eb5476cb92ea	CURSOR_TRAVERSAL_COMPLETE	5895	5895	6	5895	5795	PENDING	P_PDATE_D desc
CHEBI:173086	1	f2fab82f5cbf84a53c0dff6b968032a142b1783cbf3e1e28d8fc7d10615e267e	CURSOR_TRAVERSAL_COMPLETE	193	193	1	193	93	PENDING	P_PDATE_D desc
CHEBI:28680	1	b9cda8fedbb5a154178dbc87fe1f4a568f186c3d3abb145b4e01439afa17c6ed	CURSOR_TRAVERSAL_COMPLETE	1408	1408	2	1408	1308	PENDING	P_PDATE_D desc
CHEBI:28499	0	7f45cc65ae416b997879b45eb48e7ab6bd8fb143a99ab18e2f1cf36cea760b6a	CURSOR_TRAVERSAL_COMPLETE	799	799	1	799	699	PENDING	P_PDATE_D desc
CHEBI:5100	1	838e63f298843abe7e526eddd95a898a769e48c1862f8ad923988d7f34071507	CURSOR_TRAVERSAL_COMPLETE	331	331	1	331	231	PENDING	P_PDATE_D desc
CHEBI:367163	1	ba1b83a1e5ab70856f252b957254e3450ebb30db52c32497e61327b9c43be793	CURSOR_TRAVERSAL_COMPLETE	604	604	1	604	504	PENDING	P_PDATE_D desc
CHEBI:17630	0	14be02aa309bc4ba6bf0edfa7930c44906a8905b57a65675b6c703cb5deb5d84	CURSOR_TRAVERSAL_COMPLETE	5597	5597	6	5597	5497	PENDING	P_PDATE_D desc
CHEBI:27744	1	ff6791b30c1f4f30227c13babf0f620000ced00c1ff19a754850888f06f6cc78	CURSOR_TRAVERSAL_COMPLETE	2221	2221	3	2221	2121	PENDING	P_PDATE_D desc
CHEBI:49375	1	480331efe41008ea5b2778ba73e39f3233880f04f37550b97469c076c0af79a8	CURSOR_TRAVERSAL_COMPLETE	1607	1607	2	1607	1507	PENDING	P_PDATE_D desc
CHEBI:63598	0	d821b6390b758e8665cb238d65e22428b8da3f206312a89cdaaef294a06cf946	CURSOR_TRAVERSAL_COMPLETE	3608	3608	4	3608	3508	PENDING	P_PDATE_D desc
CHEBI:5692	1	fef0710834e981bcd1312f67e87574f7f05b48211c1f22fd91762d594eb8ebc4	CURSOR_TRAVERSAL_COMPLETE	160	160	1	160	60	PENDING	P_PDATE_D desc
CHEBI:119573	1	0e38e3cb5f21470524dc7b13086da63ae855f0df34b8756f664456083de99bd0	CURSOR_TRAVERSAL_COMPLETE	119	119	1	119	19	PENDING	P_PDATE_D desc
CHEBI:6472	0	65009928f98060993106811f042ab2dd60b47f5dca991b28f076de4a94b98119	CURSOR_TRAVERSAL_COMPLETE	762	762	1	762	662	PENDING	P_PDATE_D desc
CHEBI:81767	1	b8ae2d5bfffe42385cd648346ba92d453e17db18131f5cfd7443b77ab05149cd	CURSOR_TRAVERSAL_COMPLETE	7776	7776	8	7776	7676	PENDING	P_PDATE_D desc
CHEBI:490877	1	c073bde041c8069eae3a4943b9e166e5f004cd9cd64f3c94b8ddf495ba3a12da	CURSOR_TRAVERSAL_COMPLETE	456	456	1	456	356	PENDING	P_PDATE_D desc
CHEBI:63607	0	ca03a329902a479adcb4f042e08c26bb192e039259bb8de3e1fd8a635227b08e	CURSOR_TRAVERSAL_COMPLETE	2984	2984	3	2984	2884	PENDING	P_PDATE_D desc
CHEBI:28909	1	fc71aae61a4003de746ffd679c2af1cd0ef8510f249f1449563290f5d22f9f97	CURSOR_TRAVERSAL_COMPLETE	168	168	1	168	68	PENDING	P_PDATE_D desc
CHEBI:119486	1	5b42e6b97d5cca42776fe9559bbf7ea7a47f558e55c68b09cec5f2a06b9141e3	CURSOR_TRAVERSAL_COMPLETE	1141	1141	2	1141	1041	PENDING	P_PDATE_D desc
CHEBI:17351	0	2e9ff2d29b9105750c23ad3af1918cd484b4789e275cc4b05e9eebe04a96d2a6	CURSOR_TRAVERSAL_COMPLETE	1439	1439	2	1439	1339	PENDING	P_PDATE_D desc
CHEBI:6076	1	aa8dd7337fb69396fcf970598b80287bdd7604923fcf81905172e5bbe7d28b43	CURSOR_TRAVERSAL_COMPLETE	1757	1757	2	1757	1657	PENDING	P_PDATE_D desc
CHEBI:72289	1	d1fed205e77a9ac3626c2b8091f90ec238bf0747387ce45e78d9ed1d20f3e0c4	CURSOR_TRAVERSAL_COMPLETE	353	353	1	353	253	PENDING	P_PDATE_D desc
antibioticmech:curator-d604421a09	0	3d8c8cb50c05964a69c535e6b6df4b09212ee68d60babf583e87ca1ea8b99bb4	CURSOR_TRAVERSAL_COMPLETE	642	642	1	642	542	PENDING	P_PDATE_D desc
CHEBI:52646	1	8864147015f1e18acb281a02cc74be0335cf5fbbafaa440e2dfec8ab28c87b3d	CURSOR_TRAVERSAL_COMPLETE	234	234	1	234	134	PENDING	P_PDATE_D desc
CHEBI:31536	1	621d26d4b085a09806930709f148ddf107af56a658090e9aac889a107d30eb9f	CURSOR_TRAVERSAL_COMPLETE	1211	1211	2	1211	1111	PENDING	P_PDATE_D desc
CHEBI:72449	0	2b85bc0d2b7b269f8514473715a5c30103eaa809804e9e3313e59a6c9b1bea9b	CURSOR_TRAVERSAL_COMPLETE	178	178	1	178	78	PENDING	P_PDATE_D desc
CHEBI:60607	1	cdff35e9ff7c8bd0a8dd63d8dfd45f25b1ba01e2ef19910fd96afaa8203b6bba	CURSOR_TRAVERSAL_COMPLETE	293	293	1	293	193	PENDING	P_PDATE_D desc
CHEBI:608828	1	8c9bc620c110c465acbaabc94b0bb5b3ec488cf78cffe30efd70941483ea50da	CURSOR_TRAVERSAL_COMPLETE	125	125	1	125	25	PENDING	P_PDATE_D desc
CHEBI:132230	0	f8472d85281c9f7f7dc6a4c15bd68da7ba96eb09ed20c688be85aa2ca03ead68	CURSOR_TRAVERSAL_COMPLETE	107	107	1	107	7	PENDING	P_PDATE_D desc
CHEBI:53620	1	d2835e3980e601076431ef78d14c60cc18609decf9c9043e77cdf6e794bb1708	CURSOR_TRAVERSAL_COMPLETE	6015	6015	7	6015	5915	PENDING	P_PDATE_D desc
CHEBI:473990	1	ba36f934ea41d5598e1a6fdbd2c556dc34eceba21743d1f7e12acca25c251f9b	CURSOR_TRAVERSAL_COMPLETE	721	721	1	721	621	PENDING	P_PDATE_D desc
CHEBI:51208	0	8bbaffd53aec5b01664c9f907f5bf2af5e00db0a603f1eedaa2cf35014efd7dd	CURSOR_TRAVERSAL_COMPLETE	174	174	1	174	74	PENDING	P_PDATE_D desc
CHEBI:75283	1	02cb140826740afb1d70fb878ee8769aaf62b0a053bfcc95f8ebf0c27c23f95e	CURSOR_TRAVERSAL_COMPLETE	322	322	1	322	222	PENDING	P_PDATE_D desc
CHEBI:59902	1	bce78d369bb6d5c232a11612ce1cdfa3cf5e0e0af1e85ff91bcbd6639c3b3cea	CURSOR_TRAVERSAL_COMPLETE	721	721	1	721	621	PENDING	P_PDATE_D desc
CHEBI:43968	0	d912a957ecd79e6ae81203007d53a4fa60ac91490c50bf52a4b40ac42379ebf2	CURSOR_TRAVERSAL_COMPLETE	5141	5141	6	5141	5041	PENDING	P_PDATE_D desc
CHEBI:27617	1	5ee8debf498b37252e2eae692ad40e504266294b6a2e293f6413d01487de0c3f	CURSOR_TRAVERSAL_COMPLETE	452	452	1	452	352	PENDING	P_PDATE_D desc
CHEBI:68478	1	550eb2eede2a4f2b7ca779462ee52026a9b912ae30e89cc53f07cdfbc1bf7421	CURSOR_TRAVERSAL_COMPLETE	119	119	1	119	19	PENDING	P_PDATE_D desc
CHEBI:6827	0	04b0522defe728195e7892d909149f05db41cecb99d7f65b78bf5c9816ff5cac	CURSOR_TRAVERSAL_COMPLETE	16167	16167	17	16167	16067	PENDING	P_PDATE_D desc
CHEBI:78156	1	355d1e2db2c1d5c62c58dde2dc33e47305ca177146a47c1a2896a8eedcd3ec66	CURSOR_TRAVERSAL_COMPLETE	138	138	1	138	38	PENDING	P_PDATE_D desc
CHEBI:4974	1	b5f8e7ce4c707c1a0cd462901bec0738cfb3f80ff1406cdeea6e260e8cfa74a6	CURSOR_TRAVERSAL_COMPLETE	304	304	1	304	204	PENDING	P_PDATE_D desc
CHEBI:6909	0	8624c821417f6474db9414d3b252236b82a3ccb1bfd27c40db27605078f38c25	CURSOR_TRAVERSAL_COMPLETE	2513	2513	3	2513	2413	PENDING	P_PDATE_D desc
CHEBI:233566	1	42d390bab688f33d2aa75aaa1dc6aadf91b9876fef498ae5011c4d4edab29098	CURSOR_TRAVERSAL_COMPLETE	2441	2441	3	2441	2341	PENDING	P_PDATE_D desc
CHEBI:465284	1	c296ab6f0521abb2648d3328e53ae2acc666efd48628c54b8b0bf4d17e929d87	CURSOR_TRAVERSAL_COMPLETE	2148	2148	3	2148	2048	PENDING	P_PDATE_D desc
CHEBI:50694	0	5f3f1610224bf70fea776ae0007fa4509a804d3b65d973777d5cd8bc4f6f248a	CURSOR_TRAVERSAL_COMPLETE	1382	1382	2	1382	1282	PENDING	P_PDATE_D desc
CHEBI:28285	1	7319324d535b39d965c70f602f0778422ca7e58cf491b8a9099e5d28a87679fc	CURSOR_TRAVERSAL_COMPLETE	593	593	1	593	493	PENDING	P_PDATE_D desc
CHEBI:5292	1	420124d2fa9608a1276e8f072eff86ee667d5fdbeba6d928509445799da28cee	CURSOR_TRAVERSAL_COMPLETE	334	334	1	334	234	PENDING	P_PDATE_D desc
CHEBI:599928	0	e93b8e3b747600983a3a2cc22de05fab02c80ce90d47ed51aefff1248100bfd6	CURSOR_TRAVERSAL_COMPLETE	164	164	1	164	64	PENDING	P_PDATE_D desc
CHEBI:7753	1	158d60be42b2383edb3c43ae700fce394cbdf1f4afb7a08acfaae91e08611863	CURSOR_TRAVERSAL_COMPLETE	1495	1495	2	1495	1395	PENDING	P_PDATE_D desc
CHEBI:31690	1	9e448fcd4e9b051e4291fdd485181aba649133b8034519c2bef52408f62a3cab	CURSOR_TRAVERSAL_COMPLETE	1122	1122	2	1122	1022	PENDING	P_PDATE_D desc
CHEBI:63611	0	57b0c69a6ca6a8cca93478412c69e6dcee4e03ce7e45e9e12030ceb48f250df4	CURSOR_TRAVERSAL_COMPLETE	1776	1776	2	1776	1676	PENDING	P_PDATE_D desc
CHEBI:38746	1	497ae301475f45b496da8d9293b7541b87415b753811e8a0f0825dc08d70a6a4	CURSOR_TRAVERSAL_COMPLETE	113	113	1	113	13	PENDING	P_PDATE_D desc
CHEBI:44032	1	bb9a0fa2b4969902c36540164dc2a10aebccdc560bcae4763599fb657aa8ee6f	CURSOR_TRAVERSAL_COMPLETE	390	390	1	390	290	PENDING	P_PDATE_D desc
CHEBI:7025	0	22c08840036bb46df461b72b3b4ecb84eb6839f683aef51317e95ef9933de908	CURSOR_TRAVERSAL_COMPLETE	623	623	1	623	523	PENDING	P_PDATE_D desc
CHEBI:17642	1	78bb8c657acd53de1cf4b25ee0ed1d059a5c313595f6d98c0c66cdac3e0bafee	CURSOR_TRAVERSAL_COMPLETE	1045	1045	2	1045	945	PENDING	P_PDATE_D desc
CHEBI:167830	1	214765e5a2177556d9963065bef95ea6c0b0047a668ab7a42343f0a6c1bde1a2	CURSOR_TRAVERSAL_COMPLETE	2756	2756	3	2756	2656	PENDING	P_PDATE_D desc
CHEBI:7447	0	93d5ea0a968bbdc3daebb8444cbb2301e4bfac67d87fcb07f01c561b72cffc24	CURSOR_TRAVERSAL_COMPLETE	107	107	1	107	7	PENDING	P_PDATE_D desc
CHEBI:45081	1	695effe37af6b48ff78dec09d28f1f1986647c74df11ca3b7e394bc0e1d7b360	CURSOR_TRAVERSAL_COMPLETE	212	212	1	212	112	PENDING	P_PDATE_D desc
CHEBI:63577	1	ae1e2adfb7b1e62324a9c8d295379dae159843d9d7c9b2ae1f5bb2799f6737a8	CURSOR_TRAVERSAL_COMPLETE	3208	3208	4	3208	3108	PENDING	P_PDATE_D desc
CHEBI:100147	0	3617d77ec503d55340bdc7488d32ff51a065670a126b0a3e84a7d542665ed64a	CURSOR_TRAVERSAL_COMPLETE	2866	2866	3	2866	2766	PENDING	P_PDATE_D desc
CHEBI:17909	1	b623d19d250500b997ea7dbd763dac6954262cc956c8d16389eec965a47fc86d	CURSOR_TRAVERSAL_COMPLETE	174358	174358	175	174358	174258	PENDING	P_PDATE_D desc
CHEBI:6532	1	e926a47ec26a9069c44f83531af09c9627f23fae1c20acd41dc4c972d5c80437	CURSOR_TRAVERSAL_COMPLETE	123	123	1	123	23	PENDING	P_PDATE_D desc
CHEBI:7569	0	0a646b331d966890d6d2bf85d2467775f686576011f57e63fcfa96a76b57d509	CURSOR_TRAVERSAL_COMPLETE	248	248	1	248	148	PENDING	P_PDATE_D desc
CHEBI:8489	1	81855ce2c06d81deff9086b8c9d4f7f69d769d08c330249dbb39091d935e28a6	CURSOR_TRAVERSAL_COMPLETE	200	200	1	200	100	PENDING	P_PDATE_D desc
CHEBI:31781	1	13e3f1ec48e4c50f6c84358efb3cb6540c3d1aa8f211f2871e39f4ae50c23f9e	CURSOR_TRAVERSAL_COMPLETE	660	660	1	660	560	PENDING	P_PDATE_D desc
CHEBI:71629	0	4b88904dd6f704cdec20a4f1f6fbff0b8b3db1b7d490af910232c4de5b1e2594	CURSOR_TRAVERSAL_COMPLETE	745	745	1	745	645	PENDING	P_PDATE_D desc
CHEBI:30768	1	2c93200b8cff8878aa0a61d97593e64f56b545fb64a88a38ca404a0137f7dbe5	CURSOR_TRAVERSAL_COMPLETE	7781	7781	8	7781	7681	PENDING	P_PDATE_D desc
CHEBI:50667	1	f05016a5f82c036ba189aa984dba7a4d557446656833223523b6096b878e2d19	CURSOR_TRAVERSAL_COMPLETE	147	147	1	147	47	PENDING	P_PDATE_D desc
antibioticmech:aro-f198f10971	0	bd43b08fa3dff1f51999922a64014bd2bf1a9a7f7162fdaf668a787d3025974d	CURSOR_TRAVERSAL_COMPLETE	149	149	1	149	49	PENDING	P_PDATE_D desc
CHEBI:16914	1	52ae016aa24e5988fd64262cdb0e5f33fe35a58dc62d3a9afe6601fbd5c7460f	CURSOR_TRAVERSAL_COMPLETE	6944	6944	7	6944	6844	PENDING	P_PDATE_D desc
CHEBI:8764	1	013b53da827e3e58d2aeecf0c90aeae097c67d5dca8e287d11b96ed74c08f984	CURSOR_TRAVERSAL_COMPLETE	655	655	1	655	555	PENDING	P_PDATE_D desc
CHEBI:71415	0	c7d2c0141c97ec425e28ccf195bf5bb95fcc0dc40fa20678799c6f683dbf3b97	CURSOR_TRAVERSAL_COMPLETE	1256	1256	2	1256	1156	PENDING	P_PDATE_D desc
CHEBI:17183	1	d17014e04b518ab61c5979c36b2198801687f92c3cece5485eb3fa99727e28c8	CURSOR_TRAVERSAL_COMPLETE	107	107	1	107	7	PENDING	P_PDATE_D desc
CHEBI:168396	1	81fec71cb3962fdaf031f50102de06672850f5ac741bba012339c33f512394c7	CURSOR_TRAVERSAL_COMPLETE	1739	1739	2	1739	1639	PENDING	P_PDATE_D desc
CHEBI:100246	0	a7eab07b6fd3ad6e8b6fd5a07b55393249f1c8de561bab5ae288f32220e20e92	CURSOR_TRAVERSAL_COMPLETE	1406	1406	2	1406	1306	PENDING	P_PDATE_D desc
CHEBI:74526	1	a224b1ad844beeb8ed5db564a4b2c252a77cc8448e9324306f8bbd40091f240f	CURSOR_TRAVERSAL_COMPLETE	128	128	1	128	28	PENDING	P_PDATE_D desc
CHEBI:78236	1	6c244489bfe31099906aa16c5d4f56e4d480d8ca1b34f540e30b59bc4d941cd7	CURSOR_TRAVERSAL_COMPLETE	778	778	1	778	678	PENDING	P_PDATE_D desc
CHEBI:28368	0	5a9e5802b78d4bc72800636628784268608ce3d4ba414658d95028504ef81caa	CURSOR_TRAVERSAL_COMPLETE	732	732	1	732	632	PENDING	P_PDATE_D desc
CHEBI:9242	1	284c2468bd8e64a0729de1d27ddabdbacaf1dfc6b404adb5f55b9665170322ef	CURSOR_TRAVERSAL_COMPLETE	1240	1240	2	1240	1140	PENDING	P_PDATE_D desc
CHEBI:28939	1	6224359be7ed2d9d2e3e3384c99876e26c13b1ab34a3425a50853d49190479a2	CURSOR_TRAVERSAL_COMPLETE	5246	5246	6	5246	5146	PENDING	P_PDATE_D desc
CHEBI:28837	0	bb7993a59486d0b12d6522db3efe56fe0a5a9cc409144465c0d33147ccd95175	CURSOR_TRAVERSAL_COMPLETE	112	112	1	112	12	PENDING	P_PDATE_D desc
CHEBI:82044	1	7f65587dc54500c2e592fd93a7ec88a67284c2bb9d2d2e2d9aa749136ceb0d35	CURSOR_TRAVERSAL_COMPLETE	859	859	1	859	759	PENDING	P_PDATE_D desc
CHEBI:17012	1	dd3ae990bd6d3f00371a7ad0e6ee7b7d114573a2c8ba18469ab095b6ea4167de	CURSOR_TRAVERSAL_COMPLETE	265	265	1	265	165	PENDING	P_PDATE_D desc
antibioticmech:aro-2eea3233f3	0	f0d72ce68ff18d2a41861ba08ea0cf03d9f83182f0f4a1b1c94ab40203dd1e6f	CURSOR_TRAVERSAL_COMPLETE	1616	1616	2	1616	1516	PENDING	P_PDATE_D desc
CHEBI:45979	1	75a5db8d4e082c17eceec5fc4f4d879565ddcccb1baf1d0cfebb7a79336e08b6	CURSOR_TRAVERSAL_COMPLETE	104	104	1	104	4	PENDING	P_PDATE_D desc
CHEBI:44485	1	40e151d239436f1f2d9cfacdff115472b2b97587d0b7825d490f5972b1c5cce2	CURSOR_TRAVERSAL_COMPLETE	1731	1731	2	1731	1631	PENDING	P_PDATE_D desc
CHEBI:16196	0	4bbdabd4af2349cf0c561c7729334121aa1dec36e57aeea46c331f9aa740bd5d	CURSOR_TRAVERSAL_COMPLETE	1243	1243	2	1243	1143	PENDING	P_PDATE_D desc
CHEBI:9546	1	33d57efffff17d8829b3c824639d3bfe95e865db3f0f295fb5a3d6e1b3441bca	CURSOR_TRAVERSAL_COMPLETE	117	117	1	117	17	PENDING	P_PDATE_D desc
CHEBI:180654	1	5b15f04e4957873342aca11154bcd209cfddeafa02c70c3c22017c51b46f06c7	CURSOR_TRAVERSAL_COMPLETE	186	186	1	186	86	PENDING	P_PDATE_D desc
antibioticmech:aro-ea6589413a	0	ff751ae9c4d724416790b5ca7458db4e51c112ff87386eb701e02b8c2d7c523a	CURSOR_TRAVERSAL_COMPLETE	121	121	1	121	21	PENDING	P_PDATE_D desc
CHEBI:46024	1	8278cdf91119d82632e711e30f456d5bf8a2d054e337457891edd8cf3eccb0bb	CURSOR_TRAVERSAL_COMPLETE	2177	2177	3	2177	2077	PENDING	P_PDATE_D desc
CHEBI:63613	1	3676ecfe18903913256019f9317bae64ec1ff7a7c76aed3e111c1684ecb2ea7b	CURSOR_TRAVERSAL_COMPLETE	1488	1488	2	1488	1388	PENDING	P_PDATE_D desc
CHEBI:7809	0	ae30074d356349be7ddd4a779da726ec5e5d95211d42403d93df487e44697408	CURSOR_TRAVERSAL_COMPLETE	2366	2366	3	2366	2266	PENDING	P_PDATE_D desc
CHEBI:81784	1	f2e6cdab271f4f47b62a6ffb2d66eb483f3497a874409ec946501d5a4ced1edd	CURSOR_TRAVERSAL_COMPLETE	126	126	1	126	26	PENDING	P_PDATE_D desc
CHEBI:7553	1	2188d932616a723ff1d4810fac5572e4867441374b529df023ccdd284abbe059	CURSOR_TRAVERSAL_COMPLETE	132	132	1	132	32	PENDING	P_PDATE_D desc
CHEBI:138856	0	e75ddfac6334df8e2cfccbc42e93e4d811c768a231920409b262e7ee237008d6	CURSOR_TRAVERSAL_COMPLETE	154	154	1	154	54	PENDING	P_PDATE_D desc
CHEBI:16664	2	6509cb024c9b883c17fae9486d2ca132989eab851ab4dd01d15d8e6c6d98b9c7	CURSOR_TRAVERSAL_COMPLETE	446	446	1	446	346	PENDING	P_PDATE_D desc
CHEBI:46742	1	9ce9ab60fd918f2c567500d240b401cf120fcc799aed38a559f28fe65cbbd53f	CURSOR_TRAVERSAL_COMPLETE	193	193	1	193	93	PENDING	P_PDATE_D desc
CHEBI:27701	0	3d50b21f7a06dacee8780c8620862c92822ef3258269da30f67863a575d9ad3e	CURSOR_TRAVERSAL_COMPLETE	1240	1240	2	1240	1140	PENDING	P_PDATE_D desc
CHEBI:2682	2	11278338ebffffeb7eb409074863fd1f6150a517ab03db60a320dec9c1279d8a	CURSOR_TRAVERSAL_COMPLETE	266	266	1	266	166	PENDING	P_PDATE_D desc
CHEBI:71019	1	172a260d2af71aa16656df4f99c52300f36ea38abf9816f259bedc6abd0f36c1	CURSOR_TRAVERSAL_COMPLETE	130	130	1	130	30	PENDING	P_PDATE_D desc
CHEBI:15756	0	506ece6f5dff35bc965b9bd54be27323684dd1fcbe51515fcebf1349facadb58	CURSOR_TRAVERSAL_COMPLETE	1137	1137	2	1137	1037	PENDING	P_PDATE_D desc
CHEBI:3639	2	cfc9d431e14333810c5cd461f08cb5fafe196542fbf7d984d7a40467c632a79c	CURSOR_TRAVERSAL_COMPLETE	114	114	1	114	14	PENDING	P_PDATE_D desc
CHEBI:7956	1	6e4a833d33e6e2358a3458f0772639ed8fab81f5dadb91224bdd26bf0e0e9ba6	CURSOR_TRAVERSAL_COMPLETE	1153	1153	2	1153	1053	PENDING	P_PDATE_D desc
CHEBI:7934	0	3f60c63f0cbe5dc15c72d95b80538be04df2e999c5ee71c658634ebbac6a20b4	CURSOR_TRAVERSAL_COMPLETE	342	342	1	342	242	PENDING	P_PDATE_D desc
CHEBI:27641	2	f11035070e21b1d775cd8dad7cc29877bf559a0905c82933529a8e3d8a6b594a	CURSOR_TRAVERSAL_COMPLETE	2945	2945	3	2945	2845	PENDING	P_PDATE_D desc
CHEBI:85196	1	d22e0b46974d50f742b2039dd6cec7aafe9575dbf7a3ae946c18d5d651683396	CURSOR_TRAVERSAL_COMPLETE	160	160	1	160	60	PENDING	P_PDATE_D desc
CHEBI:50199	0	0ce823021c65afef92a477551ece7832db3df6b32f9d458c0f6311a456a8c09d	CURSOR_TRAVERSAL_COMPLETE	189	189	1	189	89	PENDING	P_PDATE_D desc
CHEBI:4031	2	32da6c0f5e9f0ad1cc768f944e160fdb82b369f9d97990123496fabfbefb263f	CURSOR_TRAVERSAL_COMPLETE	3759	3759	4	3759	3659	PENDING	P_PDATE_D desc
CHEBI:15732	1	567b1ea39c5134bb5030809c4e07a0a2a98cbcfeca7e0a11b86270e9bd3a32bc	CURSOR_TRAVERSAL_COMPLETE	218	218	1	218	118	PENDING	P_PDATE_D desc
CHEBI:8232	0	edaf9d3586e723fb2916792f68690daea8abc6e6b430a62c5a946c6f326b15b1	CURSOR_TRAVERSAL_COMPLETE	2791	2791	3	2791	2691	PENDING	P_PDATE_D desc
CHEBI:41922	2	9dddda2531c09817f742384c32a24018c861f24f59172238d0fc7007a8c94882	CURSOR_TRAVERSAL_COMPLETE	340	340	1	340	240	PENDING	P_PDATE_D desc
CHEBI:127780	1	b5b715bc31ff6c82e2789cb5bb631dfa06cb12b94345adcab9c62994446716a3	CURSOR_TRAVERSAL_COMPLETE	445	445	1	445	345	PENDING	P_PDATE_D desc
CHEBI:8269	0	c37154c61ac6851840f7d7d98e01b40db6917ca8df4e658b91a1df31117a6719	CURSOR_TRAVERSAL_COMPLETE	133	133	1	133	33	PENDING	P_PDATE_D desc
CHEBI:5100	2	b2c8d7d47dbec1fe44138e55d93affaedb5d13f73f00f1861e4bc2bc077c2125	CURSOR_TRAVERSAL_COMPLETE	633	633	1	633	533	PENDING	P_PDATE_D desc
CHEBI:125354	1	eee4c8e45faa405b32fde98d9885405396fa82c853431cea85ac79a651f9ee4a	CURSOR_TRAVERSAL_COMPLETE	210	210	1	210	110	PENDING	P_PDATE_D desc
antibioticmech:aro-b4f5ca6a06	0	85384c44f2bdce6eafa1041752c6f274c778e45ecff91feeb9db253619e56f7c	CURSOR_TRAVERSAL_COMPLETE	163	163	1	163	63	PENDING	P_PDATE_D desc
CHEBI:27617	2	2a7328ed3d6293a6a30ea238ce8a19952302e8a9c3ccf3ea06f5026cbd651489	CURSOR_TRAVERSAL_COMPLETE	452	452	1	452	352	PENDING	P_PDATE_D desc
CHEBI:18145	1	21792cac0f3f2d04d5bc7224dc662a99b9a5293a30f7395f6985c32a9f3a6935	CURSOR_TRAVERSAL_COMPLETE	1735	1735	2	1735	1635	PENDING	P_PDATE_D desc
CHEBI:17939	0	18c1a275044f0bf841cc6e66f98f41b291c8663c9efb306966aa4b842fecc445	CURSOR_TRAVERSAL_COMPLETE	992	992	1	992	892	PENDING	P_PDATE_D desc
CHEBI:44976	2	09c260560ac3d1e0cf0182327fcaacdf3745a50674449c8de167fca9f47494e3	CURSOR_TRAVERSAL_COMPLETE	454	454	1	454	354	PENDING	P_PDATE_D desc
CHEBI:82960	1	119527d20af16673c6885b7a163b3b751ab49d5f40d9604a185dad94e7e08bf6	CURSOR_TRAVERSAL_COMPLETE	718	718	1	718	618	PENDING	P_PDATE_D desc
CHEBI:16243	0	ba3dc9f4ba79e958e6ba4d05c35af10fdc2e2a77734a50c09595c9f28d876358	CURSOR_TRAVERSAL_COMPLETE	2399	2399	3	2399	2299	PENDING	P_PDATE_D desc
CHEBI:45979	2	2e2d9b34b5e785ac3e35449fe8e3f52ab90210312a9adf3748f81bcaf65cef83	CURSOR_TRAVERSAL_COMPLETE	281	281	1	281	181	PENDING	P_PDATE_D desc
CHEBI:145994	1	3463505ff3943f32eb286a6d1bc6093c41b4be3afa878ce2aef8fb8e138db798	CURSOR_TRAVERSAL_COMPLETE	507	507	1	507	407	PENDING	P_PDATE_D desc
CHEBI:8732	0	963030ec05272dc1db59969641fda6ecc3c01aaf5a75b7a68eba9c96a2c26649	CURSOR_TRAVERSAL_COMPLETE	475	475	1	475	375	PENDING	P_PDATE_D desc
CHEBI:4031	3	16187a20ae9902ed74490e44b964d9d143d1b9b879cc5f2eddbdff35c2aaf587	CURSOR_TRAVERSAL_COMPLETE	2642	2642	3	2642	2542	PENDING	P_PDATE_D desc
CHEBI:180481	1	757e9955b0032753f1130a9c205685ab02e92d02a1d70aefe0f66dd68fcacb7d	CURSOR_TRAVERSAL_COMPLETE	105	105	1	105	5	PENDING	P_PDATE_D desc
CHEBI:45367	0	cf6b06e9bb953ceff3fd74efadb7ccd10799127db40d2dc7a4423f48fb016472	CURSOR_TRAVERSAL_COMPLETE	306	306	1	306	206	PENDING	P_PDATE_D desc
CHEBI:44976	3	8478fb6d702e52c28826b460bda3d471de93fc7760df00991a39206c1b5e34aa	CURSOR_TRAVERSAL_COMPLETE	133	133	1	133	33	PENDING	P_PDATE_D desc
CHEBI:45490	1	18d119ee0d3fc1b4aafcca62c802cea75a9aab625ad3529255e04d8fd3505ebe	CURSOR_TRAVERSAL_COMPLETE	329	329	1	329	229	PENDING	P_PDATE_D desc
CHEBI:75246	0	20c023a41d06af1a8afac42d22a83d001c71768b41cc413312ab587205684717	CURSOR_TRAVERSAL_COMPLETE	178	178	1	178	78	PENDING	P_PDATE_D desc
CHEBI:30768	3	5ff315eb5325d5c5322d677cf20c63534deb6ce08c56a8a21852574c6bdc42b0	CURSOR_TRAVERSAL_COMPLETE	706	706	1	706	606	PENDING	P_PDATE_D desc
CHEBI:45578	1	2329da7ac093b7be1b54b62c94c8f3e57adabfff0d5e186a4893347bae394dcd	CURSOR_TRAVERSAL_COMPLETE	154	154	1	154	54	PENDING	P_PDATE_D desc
CHEBI:85129	0	70ca2d75e8698f3e1c8f4a32708e6bb2e4f52a6738e104ca112910154463b186	CURSOR_TRAVERSAL_COMPLETE	129	129	1	129	29	PENDING	P_PDATE_D desc
CHEBI:63580	1	a487c9496910dbe4be192a0240a392d6c84b33c962bdb4dc5230867c98af8369	CURSOR_TRAVERSAL_COMPLETE	359	359	1	359	259	PENDING	P_PDATE_D desc
CHEBI:48844	0	6ab43faf37db8da4526ae5da37d6a358397c5c998e79b0ec237f65fe1d477651	CURSOR_TRAVERSAL_COMPLETE	180	180	1	180	80	PENDING	P_PDATE_D desc
CHEBI:45307	1	ae3efda21c103be3308d51b01cfef17434c2e67884eacfc8763705cd4c0042fd	CURSOR_TRAVERSAL_COMPLETE	198	198	1	198	98	PENDING	P_PDATE_D desc
antibioticmech:curator-59edbdc708	0	6d0bad9ea1975ee57a32780802cb91f7bfabeb426151630b244b311a05dd42ac	CURSOR_TRAVERSAL_COMPLETE	439	439	1	439	339	PENDING	P_PDATE_D desc
CHEBI:90227	1	fb12677fff81f51ae818c926f199d4a77b7c3ae2f6ac766d558081cfabaaaca0	CURSOR_TRAVERSAL_COMPLETE	154	154	1	154	54	PENDING	P_PDATE_D desc
CHEBI:45615	0	d0298d8a98fbb70d9f53358a529682955e336cdc494e277ff169ab54ca5546e2	CURSOR_TRAVERSAL_COMPLETE	122	122	1	122	22	PENDING	P_PDATE_D desc
CHEBI:50924	1	c59e1be6b8f596c47d7c9e55cdd38e64447d4d53d200cd971c2aa258611a54d9	CURSOR_TRAVERSAL_COMPLETE	2230	2230	3	2230	2130	PENDING	P_PDATE_D desc
CHEBI:80025	0	34bac687139892af5b45d3d0c2d38de445c86a87b2e0338c6354fc09ec9f2112	CURSOR_TRAVERSAL_COMPLETE	155	155	1	155	55	PENDING	P_PDATE_D desc
CHEBI:63581	1	09dfe2abdd5bc1d833629380a81d0b10a58c772500d4182029c7ead0d0e92902	CURSOR_TRAVERSAL_COMPLETE	624	624	1	624	524	PENDING	P_PDATE_D desc
CHEBI:9168	0	6b0446fe9c32cf81f5f470a11bd2d4c0050d5ae05ed117b365c421326f33a7a1	CURSOR_TRAVERSAL_COMPLETE	775	775	1	775	675	PENDING	P_PDATE_D desc
CHEBI:63624	1	8423fecbef0ebdb840f9bb3a8432922c55d0e7b9f980244b946cb10fcaa5c1c2	CURSOR_TRAVERSAL_COMPLETE	222	222	1	222	122	PENDING	P_PDATE_D desc
CHEBI:4304	0	920a08b289fcd4300987fdac2017e9145643969f2c6014b6b290520d42756ac5	CURSOR_TRAVERSAL_COMPLETE	141	141	1	141	41	PENDING	P_PDATE_D desc
CHEBI:134504	1	5ec8be3c4201083d2328d9a71089aa5c9ed87bb0a984b823b4fb284214261063	CURSOR_TRAVERSAL_COMPLETE	1857	1857	2	1857	1757	PENDING	P_PDATE_D desc
CHEBI:29678	0	5ffed1da044beb193220f72e4fd9d4f3da6acb437f4f29552b58bb6df24c566a	CURSOR_TRAVERSAL_COMPLETE	296	296	1	296	196	PENDING	P_PDATE_D desc
CHEBI:90923	1	0394eadd831f7dba72b274a4fad16bd5a8517720c675c10307f601c77a819ff6	CURSOR_TRAVERSAL_COMPLETE	426	426	1	426	326	PENDING	P_PDATE_D desc
CHEBI:278547	0	e58fd266de46d394ea35a1cf66cae155cf46f8c039e945fa2d2f9ee8bd195763	CURSOR_TRAVERSAL_COMPLETE	395	395	1	395	295	PENDING	P_PDATE_D desc
CHEBI:90926	1	b65efddee75329220940a47535bbc4d372299065f7e5afcacbe5190361f5dec9	CURSOR_TRAVERSAL_COMPLETE	434	434	1	434	334	PENDING	P_PDATE_D desc
CHEBI:9212	0	2a4bf1a870317ec2dd5d9a042c02678572c7662e8353db906f87ca3edee13894	CURSOR_TRAVERSAL_COMPLETE	246	246	1	246	146	PENDING	P_PDATE_D desc
CHEBI:63625	1	8710088fb381e52e3e98e70e0d29dccfc40de771a8feecaefbeb4689d943e91a	CURSOR_TRAVERSAL_COMPLETE	1859	1859	2	1859	1759	PENDING	P_PDATE_D desc
CHEBI:9215	0	c93853d29bc577c1336d846c2b09ae3a7c8f2c4da3f0d4cdea1539d40fa60470	CURSOR_TRAVERSAL_COMPLETE	1289	1289	2	1289	1189	PENDING	P_PDATE_D desc
CHEBI:63718	1	f0446d5b02f83c46cb2f218641e259b3f484172823b6a2c4ccb1cc1179b5a93a	CURSOR_TRAVERSAL_COMPLETE	767	767	1	767	667	PENDING	P_PDATE_D desc
CHEBI:17076	0	e330e2e1e8ccc9de42f61aff264b65b2ef40ab34b1fca606b86f0dc3d362ea1e	CURSOR_TRAVERSAL_COMPLETE	6285	6285	7	6285	6185	PENDING	P_PDATE_D desc
CHEBI:63716	1	b34f9a06648ae83858de7185de7877cc7a73cd915c3fbb663ee6509888c9bee5	CURSOR_TRAVERSAL_COMPLETE	1857	1857	2	1857	1757	PENDING	P_PDATE_D desc
CHEBI:9329	0	f4b5e20013c012b1e5897514976335fff1f1b8905076307f1468214dae232b1f	CURSOR_TRAVERSAL_COMPLETE	869	869	1	869	769	PENDING	P_PDATE_D desc
CHEBI:9555	1	3bc752f520d2b1e20de35db6464a7ca8497cf5d12db90223ae614d5711ce27ad	CURSOR_TRAVERSAL_COMPLETE	9386	9386	10	9386	9286	PENDING	P_PDATE_D desc
CHEBI:102265	0	a7b5bbb474fc6fea5460391ac6776236cce7e9faa66ca460978f0892d76c5848	CURSOR_TRAVERSAL_COMPLETE	200	200	1	200	100	PENDING	P_PDATE_D desc
CHEBI:75998	1	c85185512eb5c0511975669be7424e983235f5b6e0a14048a0bc5dbec58fcf69	CURSOR_TRAVERSAL_COMPLETE	1238	1238	2	1238	1138	PENDING	P_PDATE_D desc
CHEBI:9332	0	9e2bbc8ac5749e4663cb792ad54bc776ec2a7590e851b5a7d8caee0c6e2a0f01	CURSOR_TRAVERSAL_COMPLETE	5591	5591	6	5591	5491	PENDING	P_PDATE_D desc
CHEBI:75179	1	6470324ab0c647253dfb1c4268852dec9c4ccbe0f191a6016127d0f04b53061c	CURSOR_TRAVERSAL_COMPLETE	135	135	1	135	35	PENDING	P_PDATE_D desc
CHEBI:45373	0	6c46bb6911d9180cfbf92414ad3683cf9fa752637ab32866b128fe74427904fe	CURSOR_TRAVERSAL_COMPLETE	114	114	1	114	14	PENDING	P_PDATE_D desc
CHEBI:28545	1	12fde7c8668ab6c69be708d7a03fe6c00e3740d1c27466a7c5ab859d92ff3828	CURSOR_TRAVERSAL_COMPLETE	228	228	1	228	128	PENDING	P_PDATE_D desc
CHEBI:9334	0	2e65adc9b0a7512648336a44c654f753393b4239535b4d081b920935f9b53a4b	CURSOR_TRAVERSAL_COMPLETE	360	360	1	360	260	PENDING	P_PDATE_D desc
CHEBI:10101	1	b997230ecc5532a803960d8b25b591f9e1193d94ad89b1225d874b6c2d85a371	CURSOR_TRAVERSAL_COMPLETE	583	583	1	583	483	PENDING	P_PDATE_D desc
CHEBI:102484	0	9d4c29f8ea1a8cae5a7ebebb53c4cb13794312a9078a127670201dcfae41b147	CURSOR_TRAVERSAL_COMPLETE	220	220	1	220	120	PENDING	P_PDATE_D desc
CHEBI:50663	1	7d3e8717822dfad72b63e7352b62f268512a3c1ef4f1cc85345f0df7a68f9174	CURSOR_TRAVERSAL_COMPLETE	497	497	1	497	397	PENDING	P_PDATE_D desc
CHEBI:71976	0	b9356e1642b70f17dbfdd43f9e464e5dbfe2d3c04a277a2b592d52c39607455f	CURSOR_TRAVERSAL_COMPLETE	274	274	1	274	174	PENDING	P_PDATE_D desc
CHEBI:10110	1	2a1a3ad5e347a83d9f24030fbe1b997bd64f21d2c21c8ec4ef5d1c374f093922	CURSOR_TRAVERSAL_COMPLETE	946	946	1	946	846	PENDING	P_PDATE_D desc
CHEBI:82717	0	55dba4ecf9d49a4a9c6573b593b9628c22466d5fad9b96f25b10946ba0e19645	CURSOR_TRAVERSAL_COMPLETE	116	116	1	116	16	PENDING	P_PDATE_D desc
CHEBI:31175	2	cf5da45677a9ad7b2ad7d9db9d9f2c8017ae57053fe24516e1346981e9965467	CURSOR_TRAVERSAL_COMPLETE	305	305	1	305	205	PENDING	P_PDATE_D desc
antibioticmech:aro-a71ef91d49	0	d95c0bcf76a89e033da30b7bea9601398569bd79b513e221f3f11e1851f7eadc	CURSOR_TRAVERSAL_COMPLETE	1125	1125	2	1125	1025	PENDING	P_PDATE_D desc
CHEBI:2469	2	65dfad5308073c491b64549d01f831137f52545596dc71c339fbec371113489b	CURSOR_TRAVERSAL_COMPLETE	834	834	1	834	734	PENDING	P_PDATE_D desc
CHEBI:29688	0	89af9e473d1458a3623ac0cead960ecd2fec06dc74e401eed8c4ef65e375da22	CURSOR_TRAVERSAL_COMPLETE	261	261	1	261	161	PENDING	P_PDATE_D desc
CHEBI:28680	2	623ea1abe0f934afb43272834c07dec29bba1c7969683fa5b7b8f66e6043ddd8	CURSOR_TRAVERSAL_COMPLETE	397	397	1	397	297	PENDING	P_PDATE_D desc
CHEBI:51817	0	c5a7977f0fdeb83e06e818ce8e92978daa723d061cc9a485cec769aef03e522a	CURSOR_TRAVERSAL_COMPLETE	120	120	1	120	20	PENDING	P_PDATE_D desc
CHEBI:490877	2	4bba7a0405b4730d4888882bb8427443067ee99c13161fec7d051c4f959efd1f	CURSOR_TRAVERSAL_COMPLETE	534	534	1	534	434	PENDING	P_PDATE_D desc
CHEBI:64090	0	172c3f6a4f5abcb6c364e1572f65e379115bcce7fe8e600fc34c6767bebefc77	CURSOR_TRAVERSAL_COMPLETE	281	281	1	281	181	PENDING	P_PDATE_D desc
CHEBI:60761	2	5d030485c0f1cb718c57d6e18aa3992f18543740fb8935d046f1f6ed553bf6a8	CURSOR_TRAVERSAL_COMPLETE	170	170	1	170	70	PENDING	P_PDATE_D desc
CHEBI:27902	0	f6842d3e64880bb0b909efc153d3e99638f9d86dada40b0b016619b883f70079	CURSOR_TRAVERSAL_COMPLETE	15746	15746	16	15746	15646	PENDING	P_PDATE_D desc
CHEBI:42471	2	1212079b7774cbc43ed5c2920751dfadbfbeb127163ca434ab3a7a8ad574f2f7	CURSOR_TRAVERSAL_COMPLETE	1825	1825	2	1825	1725	PENDING	P_PDATE_D desc
CHEBI:29693	0	b56e9f9a3b55ad608a76a3fa09b58b5aaffce08509e3cf54319e2d37fea71f2f	CURSOR_TRAVERSAL_COMPLETE	234	234	1	234	134	PENDING	P_PDATE_D desc
CHEBI:75592	2	de4b19e8f495a6ee1a2a5621a7aca7d2f4377e0dd827dd641b565ed5fd6e3533	CURSOR_TRAVERSAL_COMPLETE	325	325	1	325	225	PENDING	P_PDATE_D desc
CHEBI:9495	0	c7c9308ced2fa2134afe307d160102123493865aabf4a18f6884a9b6564b9875	CURSOR_TRAVERSAL_COMPLETE	107	107	1	107	7	PENDING	P_PDATE_D desc
CHEBI:50667	2	8e6a0c6240b4fbb48f68d7b19e350383dc964d342aca29009a2f017c6652c077	CURSOR_TRAVERSAL_COMPLETE	504	504	1	504	404	PENDING	P_PDATE_D desc
CHEBI:44137	0	b95d5cd70bec9f868f44254c1ee8ce027e9baebfe5ce52b3bdee1ffeb05e3643	CURSOR_TRAVERSAL_COMPLETE	204	204	1	204	104	PENDING	P_PDATE_D desc
CHEBI:28939	2	7bc914ba77b929c98189056baba157021b9a7d12253a577d7f988a21c4887980	CURSOR_TRAVERSAL_COMPLETE	2252	2252	3	2252	2152	PENDING	P_PDATE_D desc
CHEBI:9587	0	0250a0fd0cb06b5c3f94085d4cc3a852272e0f62c0b66ae17f21ccc75a7df1da	CURSOR_TRAVERSAL_COMPLETE	484	484	1	484	384	PENDING	P_PDATE_D desc
CHEBI:7798	2	fc118500ff033001b316fba485934577d8755651ec6dcda7179c0f5322f66771	CURSOR_TRAVERSAL_COMPLETE	1223	1223	2	1223	1123	PENDING	P_PDATE_D desc
CHEBI:149836	0	895afc7fe3132d379f147da0019bbab811eb5431b67c84a59a238d8bf0dbe3e2	CURSOR_TRAVERSAL_COMPLETE	2822	2822	3	2822	2722	PENDING	P_PDATE_D desc
CHEBI:18145	2	1176b309a58cac5189cf137e054b40c42b822fd0dec8804aa0d85187bdcd27b8	CURSOR_TRAVERSAL_COMPLETE	511	511	1	511	411	PENDING	P_PDATE_D desc
CHEBI:195409	0	29860edba6011220b732f4ae65eb48c5d79a2016137bb3dcb30f83280909cbdd	CURSOR_TRAVERSAL_COMPLETE	171	171	1	171	71	PENDING	P_PDATE_D desc
CHEBI:90227	2	91b3511e8f84eb0789cadeee88373dcd6062d13b7a85d06b5432703c569268dd	CURSOR_TRAVERSAL_COMPLETE	256	256	1	256	156	PENDING	P_PDATE_D desc
CHEBI:78887	0	698c19e527352e121951678b7581da26972a9af64dc638832708b993b31d9a93	CURSOR_TRAVERSAL_COMPLETE	105	105	1	105	5	PENDING	P_PDATE_D desc
CHEBI:9555	2	edb27003548566629a86618f9d27fbb66ef2531b6c8a9e865028c6a58e3dec81	CURSOR_TRAVERSAL_COMPLETE	1290	1290	2	1290	1190	PENDING	P_PDATE_D desc
CHEBI:28864	0	13b50465ccea258cc6696404a3d82559ae4251ff156ba5265ba64e02d3aa7484	CURSOR_TRAVERSAL_COMPLETE	1728	1728	2	1728	1628	PENDING	P_PDATE_D desc
CHEBI:10110	2	40f3cb440bdbe938e518385cb5f2c1da673b13021747475e43a403910beafb34	CURSOR_TRAVERSAL_COMPLETE	445	445	1	445	345	PENDING	P_PDATE_D desc
CHEBI:164200	0	2c5b32882e17936266951d7cc9a89b687b386c7d3d3e72dde270c53aa4567009	CURSOR_TRAVERSAL_COMPLETE	636	636	1	636	536	PENDING	P_PDATE_D desc
CHEBI:172944	3	2d51fff9c4e6f623904adb364fe5d8cba28749f20953e9aff17f48dbf2365ccd	CURSOR_TRAVERSAL_COMPLETE	186	186	1	186	86	PENDING	P_PDATE_D desc
CHEBI:45924	0	38d88ed90800635f1afa4e9225a2dbddcca8ad15e27ce05403400b803918d208	CURSOR_TRAVERSAL_COMPLETE	7258	7258	8	7258	7158	PENDING	P_PDATE_D desc
CHEBI:3647	3	608aaf2298dcd2f63b40933be6e6a2fee6eaf129ffc0835631af897cdc8d5deb	CURSOR_TRAVERSAL_COMPLETE	414	414	1	414	314	PENDING	P_PDATE_D desc
CHEBI:9763	0	7d93d440b9a1fd17b6b49e74b3a761df1312fef7b4bfd421522c9d7c6274402a	CURSOR_TRAVERSAL_COMPLETE	159	159	1	159	59	PENDING	P_PDATE_D desc
CHEBI:28680	3	96e628b7c1f1cce1def4f512989b53ec1d1ee40548b6fc0ca720b28b1190cbfe	CURSOR_TRAVERSAL_COMPLETE	126	126	1	126	26	PENDING	P_PDATE_D desc
antibioticmech:aro-be005cca98	0	2cc19672b91721d7a6a9173aad5458033e45d32d70280b4eb83bbfecf3b80097	CURSOR_TRAVERSAL_COMPLETE	1230	1230	2	1230	1130	PENDING	P_PDATE_D desc
CHEBI:68478	3	fbd69d5402fe444f900c61b4ae3ac5bd5b67906cc9544115ecad8fd4919ca5d3	CURSOR_TRAVERSAL_COMPLETE	987	987	1	987	887	PENDING	P_PDATE_D desc
CHEBI:17658	0	5627f9bbdeb3435173253ac025efc5fe77d273b7b29da2e657874af72298a2db	CURSOR_TRAVERSAL_COMPLETE	518	518	1	518	418	PENDING	P_PDATE_D desc
CHEBI:60761	3	1b06acd8f94fc4ae39c0cd56f8f437346378560679e8a9923c2cd548fb00d1bb	CURSOR_TRAVERSAL_COMPLETE	188	188	1	188	88	PENDING	P_PDATE_D desc
CHEBI:28001	0	ea7c68ed0d00932116e3e4550d3bfe7100eb08cb83b418dde5171c9bf35f9fc2	CURSOR_TRAVERSAL_COMPLETE	10087	10087	11	10087	9987	PENDING	P_PDATE_D desc
CHEBI:50667	3	a5a801e982ac596cf37d3467d46f937255f98fb87aa31360bf33eb63e0c658b1	CURSOR_TRAVERSAL_COMPLETE	395	395	1	395	295	PENDING	P_PDATE_D desc
CHEBI:131914	0	2a4ef5a4c048dde5b5ff66dcee1e6390abfdfd0481068ab848dc1a93d4959a8c	CURSOR_TRAVERSAL_COMPLETE	147	147	1	147	47	PENDING	P_PDATE_D desc
CHEBI:28939	3	4b4ccd3709b9ff12631d518c759c49ad80dbf83e454b75125aa7f5a51f6ec0ed	CURSOR_TRAVERSAL_COMPLETE	778	778	1	778	678	PENDING	P_PDATE_D desc
CHEBI:383703	1	c2cc74c5405aec53b8711f661268b909dc907bf63748be358b5c177f63257e3d	CURSOR_TRAVERSAL_COMPLETE	245	245	1	245	145	PENDING	P_PDATE_D desc
CHEBI:17012	3	e64683593218b3aa264013f95bea055b40fff73426fecb70f322b91a5502be46	CURSOR_TRAVERSAL_COMPLETE	283	283	1	283	183	PENDING	P_PDATE_D desc
CHEBI:27666	1	496d516636803b05802f27b8716253a9930450e5ce64e104d8c5c9e1fd4fa0af	CURSOR_TRAVERSAL_COMPLETE	1791	1791	2	1791	1691	PENDING	P_PDATE_D desc
CHEBI:9555	3	edf64adc5f1b3f8940ae8eca8a4d1482b3f2fab7c8dca3d17edef0797c572054	CURSOR_TRAVERSAL_COMPLETE	1093	1093	2	1093	993	PENDING	P_PDATE_D desc
CHEBI:28411	1	ac8c4a589a61d3e2a79c077238f012dbb7b0aa6a5ae7a2961c35e462d72fc11d	CURSOR_TRAVERSAL_COMPLETE	160	160	1	160	60	PENDING	P_PDATE_D desc
CHEBI:157683	1	affbf360a4043e91cfdbc6e1fa966529eb794bd65a09fa0e934fcd66a7e96d8d	CURSOR_TRAVERSAL_COMPLETE	5019	5019	6	5019	4919	PENDING	P_PDATE_D desc
CHEBI:2637	1	020977d9a95c16e7d6d51e6c97268293c3024b07887365193678f616a3a90953	CURSOR_TRAVERSAL_COMPLETE	192	192	1	192	92	PENDING	P_PDATE_D desc
CHEBI:2676	1	4f48fca552f22d4f53429a971316d717ea2bfc5e1435f1889e3188edccfa75b1	CURSOR_TRAVERSAL_COMPLETE	3808	3808	4	3808	3708	PENDING	P_PDATE_D desc
CHEBI:28971	1	bd9773843a25c316a2ee2b8524f3f6760c95b1f560e904d010dac01d82491065	CURSOR_TRAVERSAL_COMPLETE	21598	21598	22	21598	21498	PENDING	P_PDATE_D desc
CHEBI:2790	1	46e189fc2eb4373cf345e4efd2fe4fd1fbecd84078b150817284ee2bced67628	CURSOR_TRAVERSAL_COMPLETE	244	244	1	244	144	PENDING	P_PDATE_D desc
CHEBI:37923	1	890053873c7438543ddb14f8a5c93d88f308109559bfa6c54672ee5b7867b6de	CURSOR_TRAVERSAL_COMPLETE	177	177	1	177	77	PENDING	P_PDATE_D desc
CHEBI:2955	1	a9982757d67d4dc88bdd62a0ed44f91d3dc583dcc8ec0424b2c0a1c498abe085	CURSOR_TRAVERSAL_COMPLETE	194	194	1	194	94	PENDING	P_PDATE_D desc
CHEBI:161680	1	75d00a02d022ef32c0cefd4bb92d19a99c6679761ae6fbb0ac3d286659d3d478	CURSOR_TRAVERSAL_COMPLETE	2780	2780	3	2780	2680	PENDING	P_PDATE_D desc
CHEBI:2979	1	d59cdac3d7a2d393c1ebd20a7d3b6280eede4ed41bafcd07165ea533e71673f6	CURSOR_TRAVERSAL_COMPLETE	277	277	1	277	177	PENDING	P_PDATE_D desc
CHEBI:2981	1	d4c96579690c1884d812faa6fcee56c3ec95bfe8f1c77a1626a6885070f19dcb	CURSOR_TRAVERSAL_COMPLETE	291	291	1	291	191	PENDING	P_PDATE_D desc
antibioticmech:aro-34500a4f2b	1	188e958012cf7c12ee48a814de004be2c2dd9c1ff50f74b82a5133f32b6d74c6	CURSOR_TRAVERSAL_COMPLETE	584	584	1	584	484	PENDING	P_PDATE_D desc
CHEBI:31264	1	ffd978e0877b97dbe4b7bb423a8a57c5992d3c94eabd4e42300f66ce06a281c7	CURSOR_TRAVERSAL_COMPLETE	317	317	1	317	217	PENDING	P_PDATE_D desc
CHEBI:18208	1	1d70c598f1b97fb81abf551019778802ba8c6296415c4cf2dd4fdd7444e8076d	CURSOR_TRAVERSAL_COMPLETE	12455	12455	13	12455	12355	PENDING	P_PDATE_D desc
CHEBI:3139	1	721243f1b50b2939bfbc8731593a172921f05f6fffb66e10c547fe67baae5ecc	CURSOR_TRAVERSAL_COMPLETE	2113	2113	3	2113	2013	PENDING	P_PDATE_D desc
CHEBI:48080	1	45b7190bb4f72f3a83044f8c7e1e44eb5d17fee77248fcaaef05074e322c8fd0	CURSOR_TRAVERSAL_COMPLETE	831	831	1	831	731	PENDING	P_PDATE_D desc
CHEBI:3305	1	b0e44d5c3f658330c7c5299232d0e73563d3309679531bc66e0b6d24a11141a4	CURSOR_TRAVERSAL_COMPLETE	807	807	1	807	707	PENDING	P_PDATE_D desc
CHEBI:3393	1	481448ecacdba6b5c6937a7e2084f9d3e2d5f9753637d90b307418e255d378de	CURSOR_TRAVERSAL_COMPLETE	8348	8348	9	8348	8248	PENDING	P_PDATE_D desc
CHEBI:3478	1	6f885efa40c4049756f822fb5f82236cd262bdf26eef4c6886035798a2d3ecf4	CURSOR_TRAVERSAL_COMPLETE	1934	1934	2	1934	1834	PENDING	P_PDATE_D desc
CHEBI:3479	1	3cf17cb87724c14e05bb0b8f7b0707e9d96a16cd23dd3ea024690cec3461a2d8	CURSOR_TRAVERSAL_COMPLETE	1657	1657	2	1657	1557	PENDING	P_PDATE_D desc
CHEBI:124991	1	6cb14a41d916944bf424754e81d51451a86d4986950f6493eadce28d37de6aef	CURSOR_TRAVERSAL_COMPLETE	671	671	1	671	571	PENDING	P_PDATE_D desc
CHEBI:3480	1	9dacc6c693536836eb161afea20c26ce9ecaeb2b9decb0e7cbc447a95c4d1555	CURSOR_TRAVERSAL_COMPLETE	684	684	1	684	584	PENDING	P_PDATE_D desc
CHEBI:474053	1	7a1e1cd812dd5fd71b76f86abe3a74cdc89e1bffddd4f9aa6a936ca75fd9c707	CURSOR_TRAVERSAL_COMPLETE	163	163	1	163	63	PENDING	P_PDATE_D desc
CHEBI:3485	1	97cd4155c2a0199fa320583b737d14ad02c9620a3a5a4b586d556fc6f65eccba	CURSOR_TRAVERSAL_COMPLETE	1561	1561	2	1561	1461	PENDING	P_PDATE_D desc
CHEBI:59343	1	b36ebc7f682ccc594778190d1e02ddf23c972d4ed8a037d4622bd431eba69044	CURSOR_TRAVERSAL_COMPLETE	203	203	1	203	103	PENDING	P_PDATE_D desc
CHEBI:478164	1	2f4a43f03f77b0d31cdd659a3962f0b958a6fea1aa2fa136b4cffe83e62cca1e	CURSOR_TRAVERSAL_COMPLETE	366	366	1	366	266	PENDING	P_PDATE_D desc
CHEBI:135629	1	5d108408878209a9ea9d7fa1fa89432c54760ae19f3403c1b510b19b0a7eb858	CURSOR_TRAVERSAL_COMPLETE	538	538	1	538	438	PENDING	P_PDATE_D desc
CHEBI:3491	1	606bf5189c52e040ef6db7cd790dae4e5baf1b04cd79f7c7651a66704c3979d9	CURSOR_TRAVERSAL_COMPLETE	678	678	1	678	578	PENDING	P_PDATE_D desc
CHEBI:3493	1	575c940367cd3122e284b616e470776347de69153f766106318971255a726737	CURSOR_TRAVERSAL_COMPLETE	767	767	1	767	667	PENDING	P_PDATE_D desc
CHEBI:204928	1	207fb4cc7fe36200ab46471188bc63a0232a6f641a5c4c50ece04165e6f04330	CURSOR_TRAVERSAL_COMPLETE	7976	7976	8	7976	7876	PENDING	P_PDATE_D desc
CHEBI:3499	1	6a7490eb36461fca573e41688cf4a403ec636b94ac4e825f9a87ca2a207dae61	CURSOR_TRAVERSAL_COMPLETE	350	350	1	350	250	PENDING	P_PDATE_D desc
CHEBI:355510	1	f23db6fc79333c6447cf043582fd9da53742235c39ca598ef4646ce9fe5631be	CURSOR_TRAVERSAL_COMPLETE	216	216	1	216	116	PENDING	P_PDATE_D desc
CHEBI:209807	1	5a1a9aad53df90f45dce8caa9625d4dd42f976445c15e9e3ee464a7c2c9dfed1	CURSOR_TRAVERSAL_COMPLETE	3309	3309	4	3309	3209	PENDING	P_PDATE_D desc
CHEBI:3503	1	8deb6d32612d9f65cb7bcc332ae3d7d3a49c76f0b2531379b183adbc9e187cbd	CURSOR_TRAVERSAL_COMPLETE	191	191	1	191	91	PENDING	P_PDATE_D desc
CHEBI:3504	1	904d5a261129722201fdf34e6217d0f655f65b7fef3c93fd436312eeaaa09ce4	CURSOR_TRAVERSAL_COMPLETE	650	650	1	650	550	PENDING	P_PDATE_D desc
CHEBI:3506	1	88b2bd591c11f18ae60fafc6276d1c06f9cc75b6f52647aab370a5e3c7def306	CURSOR_TRAVERSAL_COMPLETE	551	551	1	551	451	PENDING	P_PDATE_D desc
CHEBI:3507	1	3d5b3ff5846a56dd3795c6ee967af913a61c1e9d948bbe24de87eb96fffb5150	CURSOR_TRAVERSAL_COMPLETE	108	108	1	108	8	PENDING	P_PDATE_D desc
CHEBI:70729	1	bcb63eb202854c673844b207c22243fc6505d0bd7c6662500a51a1af272eec76	CURSOR_TRAVERSAL_COMPLETE	1442	1442	2	1442	1342	PENDING	P_PDATE_D desc
CHEBI:3508	1	46f653991e3b11a962a8121a7b728561792b39e32fbdeff53aeae5833415b3d0	CURSOR_TRAVERSAL_COMPLETE	447	447	1	447	347	PENDING	P_PDATE_D desc
CHEBI:3510	1	b753323bc77b83fceb913bf8a66d937c79d6c5dc3ca142b45ba824c164948cba	CURSOR_TRAVERSAL_COMPLETE	535	535	1	535	435	PENDING	P_PDATE_D desc
CHEBI:553473	1	24f18e8f1cd825624ddd4852d4fbd25dee32d0514b896e456fda1b0c8bd1c394	CURSOR_TRAVERSAL_COMPLETE	176	176	1	176	76	PENDING	P_PDATE_D desc
CHEBI:29007	1	083b5ce90a4898d8fe4d893f1f5d4c960ad4b213f01444b54cb78b18c6104310	CURSOR_TRAVERSAL_COMPLETE	430	430	1	430	330	PENDING	P_PDATE_D desc
CHEBI:3535	1	8c51b04286e5c699391946980178b5403de6943de7dfe3a52a57b3675563a4e8	CURSOR_TRAVERSAL_COMPLETE	440	440	1	440	340	PENDING	P_PDATE_D desc
CHEBI:3534	1	2f22bd3426da746c18da36e7d80d410d79b2a832486134cbec432769ea783e44	CURSOR_TRAVERSAL_COMPLETE	153	153	1	153	53	PENDING	P_PDATE_D desc
CHEBI:554446	1	9286625d9b17c683940ca75f62c95099cce8568b3c35161c887c8d260d94c895	CURSOR_TRAVERSAL_COMPLETE	691	691	1	691	591	PENDING	P_PDATE_D desc
CHEBI:3547	1	4361345f23efe9c06ff3ba45447632d450a83108685de9c678e85e40ec79fa22	CURSOR_TRAVERSAL_COMPLETE	2255	2255	3	2255	2155	PENDING	P_PDATE_D desc
CHEBI:17698	1	fad092a435b5832d8c2e6b2b9a699e5232bc60ae07f06e414f3a143bb4c31d4a	CURSOR_TRAVERSAL_COMPLETE	1229	1229	2	1229	1129	PENDING	P_PDATE_D desc
CHEBI:3614	1	a62957138cccff6d011812670681765b7547d678888549ba53cd8f2dc0be889a	CURSOR_TRAVERSAL_COMPLETE	1044	1044	2	1044	944	PENDING	P_PDATE_D desc
CHEBI:3716	1	3a3ec716150b91505e7cd228b45593f7fe688d0b16dc815d6fb3f595465831c3	CURSOR_TRAVERSAL_COMPLETE	1504	1504	2	1504	1404	PENDING	P_PDATE_D desc
CHEBI:100241	1	6d73192dbc99248474c2f0eb526928231121e3c3fab29c8675f25be9c127c71c	CURSOR_TRAVERSAL_COMPLETE	1198	1198	2	1198	1098	PENDING	P_PDATE_D desc
CHEBI:3732	1	6cfb28892e4fae679a902ca79c95f150c6583f9132c117f350ae453afaf4a2ff	CURSOR_TRAVERSAL_COMPLETE	1010	1010	2	1010	910	PENDING	P_PDATE_D desc
CHEBI:48947	1	846fb085a7179dfaf46c5d15dfc87456d49232f783c94e33e1a57b349a40e1bd	CURSOR_TRAVERSAL_COMPLETE	3304	3304	4	3304	3204	PENDING	P_PDATE_D desc
CHEBI:3745	1	9d0b2e6b8fa9129c2cfb0c2664dbbc50edfb331f3d525ac68357bf2225807c18	CURSOR_TRAVERSAL_COMPLETE	180	180	1	180	80	PENDING	P_PDATE_D desc
CHEBI:59064	1	1cbb2b78124d84eb6fca3fe3fa1b26d9ba47e93d963005cfeb4aee81812a3923	CURSOR_TRAVERSAL_COMPLETE	6308	6308	7	6308	6208	PENDING	P_PDATE_D desc
CHEBI:29014	1	2dabb676141f0006bafebc93db11c99761eb2a297e54ca93304f1c32c6266997	CURSOR_TRAVERSAL_COMPLETE	174	174	1	174	74	PENDING	P_PDATE_D desc
CHEBI:600103	1	ca9f92b43cd54eeb2deafe4fddefca62e9dc6ef7ec4a1c9e96eca46ad6d86ca8	CURSOR_TRAVERSAL_COMPLETE	1190	1190	2	1190	1090	PENDING	P_PDATE_D desc
CHEBI:30813	1	01b3bd900afc20dc4db2f54030873c06f84e148cf891f3236ac580860db4116d	CURSOR_TRAVERSAL_COMPLETE	372	372	1	372	272	PENDING	P_PDATE_D desc
CHEBI:34690	1	faeb2a49ffa8f6d8a10069aabe25c7ec11bc37e46543e66c34d0d43173fa876f	CURSOR_TRAVERSAL_COMPLETE	136	136	1	136	36	PENDING	P_PDATE_D desc
CHEBI:30805	1	45faa04e8d28c06e76ff3d788f0e4df1380b1d572d6645c8388768ab1389870c	CURSOR_TRAVERSAL_COMPLETE	4671	4671	5	4671	4571	PENDING	P_PDATE_D desc
CHEBI:135928	1	ea974f161f01c43056817c9b32063f9e7f25c61ce7ad5af122c826e4ba8f7db5	CURSOR_TRAVERSAL_COMPLETE	814	814	1	814	714	PENDING	P_PDATE_D desc
CHEBI:60648	1	5d5dbaa6ef7fce678d10440577dc74c4e6c1b6184ddb32ba56f1f02233f4a9b3	CURSOR_TRAVERSAL_COMPLETE	3360	3360	4	3360	3260	PENDING	P_PDATE_D desc
CHEBI:48935	1	914fa7976658b163e8e4a6cb7216ef9cfb1c782e64f0356b982e701e7fcf8c21	CURSOR_TRAVERSAL_COMPLETE	180	180	1	180	80	PENDING	P_PDATE_D desc
CHEBI:157175	1	5f285b3bcff68a242f08beefd97c379c20a177150542d136fb4776490c45f42a	CURSOR_TRAVERSAL_COMPLETE	122	122	1	122	22	PENDING	P_PDATE_D desc
CHEBI:35720	1	19691f10636b167ca4469c1155fa4ef608b6972cfacbd22bd064c11652f26a84	CURSOR_TRAVERSAL_COMPLETE	1230	1230	2	1230	1130	PENDING	P_PDATE_D desc
CHEBI:404903	1	a2d30878cbfb5af88f553471b6da31892fb94b5e94facf35cb7a8591a265ea68	CURSOR_TRAVERSAL_COMPLETE	1477	1477	2	1477	1377	PENDING	P_PDATE_D desc
CHEBI:4917	1	a231d62de2d4df978ae87f5b20143aa941b82f2c1584587aac141174e36aa6cd	CURSOR_TRAVERSAL_COMPLETE	398	398	1	398	298	PENDING	P_PDATE_D desc
CHEBI:28915	1	ef86cb1ed5480a3062f539cf4c773e81f61827ac969b58efe78d2899f311827f	CURSOR_TRAVERSAL_COMPLETE	3050	3050	4	3050	2950	PENDING	P_PDATE_D desc
CHEBI:7508	1	308c09927660fe0522971a6e740a70f42bcbc5ec20930d886d341bb1e23cb0a7	CURSOR_TRAVERSAL_COMPLETE	3347	3347	4	3347	3247	PENDING	P_PDATE_D desc
antibioticmech:curator-a1214aecf9	1	88ef471bbf5d6d76126da478a010aad1d6129b17661f0ae9421243503dd2a0f9	CURSOR_TRAVERSAL_COMPLETE	105	105	1	105	5	PENDING	P_PDATE_D desc
CHEBI:28418	1	a308473e039d40a42bcb55798fdcc60271588202f7738afd31c3c06d2a9b6bda	CURSOR_TRAVERSAL_COMPLETE	8063	8063	9	8063	7963	PENDING	P_PDATE_D desc
CHEBI:6824	1	720831d6e356801152fd012f8c3ad4718a4acf501b68aa8faa87d4456ec954e9	CURSOR_TRAVERSAL_COMPLETE	210	210	1	210	110	PENDING	P_PDATE_D desc
CHEBI:16976	1	0ec759f001ac3a2c8adbd1258704264aebe324a420c299bf1d9607bc611a2154	CURSOR_TRAVERSAL_COMPLETE	761	761	1	761	661	PENDING	P_PDATE_D desc
CHEBI:51799	1	919c5b236e379311fac83fa7333f34c5ec6ecfff2f3975abb3fa1c9842e6b5a8	CURSOR_TRAVERSAL_COMPLETE	5895	5895	6	5895	5795	PENDING	P_PDATE_D desc
CHEBI:471744	1	a71732041b71ca97e13aae8d6972d27049029a202985e0b01cfb8cbd19530262	CURSOR_TRAVERSAL_COMPLETE	6349	6349	7	6349	6249	PENDING	P_PDATE_D desc
antibioticmech:curator-fb7e3bd3f5	1	eb6cddd152431911e2e5f19641221103c6269e82252298bd9e1ac05cccb5a1ef	CURSOR_TRAVERSAL_COMPLETE	406	406	1	406	306	PENDING	P_PDATE_D desc
antibioticmech:curator-4c05f0ba47	1	c14d6ce00e5f9f304f638efec1f87171e9f3d60a1bfcb5e231251347fc81a2ef	CURSOR_TRAVERSAL_COMPLETE	259	259	1	259	159	PENDING	P_PDATE_D desc
antibioticmech:curator-e8d0b1491b	1	cc3900dc2f0edf6372f07d96792713c0ea6772ba05ef2b4c68545300d5e9dffe	CURSOR_TRAVERSAL_COMPLETE	169	169	1	169	69	PENDING	P_PDATE_D desc
antibioticmech:curator-811a417697	1	7f46671b9d25a555347d5e0298cbfdbfe9ce30ef2b4638eebd527488ffe80c50	CURSOR_TRAVERSAL_COMPLETE	150	150	1	150	50	PENDING	P_PDATE_D desc
antibioticmech:curator-4b720a8dc7	1	3be0b831a941f6099f110490400740c2e811c9a0469b1976a970b85d718fdf56	CURSOR_TRAVERSAL_COMPLETE	111	111	1	111	11	PENDING	P_PDATE_D desc
antibioticmech:curator-64f422f0ff	1	2e904bca0d87d21669b1bb729ae6b1c75732947c5adcb33fff6ea8b3b6465705	CURSOR_TRAVERSAL_COMPLETE	105	105	1	105	5	PENDING	P_PDATE_D desc
CHEBI:31739	1	404b007692ed8b1d6510b2b7d818fcf1d7cc95b7d3a7191c513c23abf09dc042	CURSOR_TRAVERSAL_COMPLETE	255	255	1	255	155	PENDING	P_PDATE_D desc
CHEBI:17630	1	648bb8e7ed02c66d8747c6b6409f100744ed9f845f222c014bb22f035bd12e01	CURSOR_TRAVERSAL_COMPLETE	5597	5597	6	5597	5497	PENDING	P_PDATE_D desc
CHEBI:6472	1	1164fccc9efe4d64529be6f72ce15e365071ff811dfd460bb3d25b473d7a3185	CURSOR_TRAVERSAL_COMPLETE	763	763	1	763	663	PENDING	P_PDATE_D desc
CHEBI:17351	1	9a57f8fa375ee3e32ba9cd5594d5fa8963cce0c5385c5a600bf638a808d7f3e7	CURSOR_TRAVERSAL_COMPLETE	142	142	1	142	42	PENDING	P_PDATE_D desc
CHEBI:44107	1	d7e4a034b7b65992048af396a3b4666d09f70a0d64ddd21848dc42443c9d6d18	CURSOR_TRAVERSAL_COMPLETE	178	178	1	178	78	PENDING	P_PDATE_D desc
CHEBI:78509	1	6b5f8ee4e08b6d247c793f1faf8f4e1b971be874168fad685070d95f6e48d767	CURSOR_TRAVERSAL_COMPLETE	2952	2952	3	2952	2852	PENDING	P_PDATE_D desc
CHEBI:43968	1	28ecec3d5dbce5eea8c3179f4e1ba64320c326a4866f6fd17d9939f0ab88daf7	CURSOR_TRAVERSAL_COMPLETE	3525	3525	4	3525	3425	PENDING	P_PDATE_D desc
CHEBI:6827	1	1fc464210e204211e4a05667cd9856f0ee5370050f2b9cece0085123df9be1f1	CURSOR_TRAVERSAL_COMPLETE	605	605	1	605	505	PENDING	P_PDATE_D desc
CHEBI:6909	1	aea30947254c5017ac6231921a23ed0b4cd09d5ee0e7036fe747042762d0ddb3	CURSOR_TRAVERSAL_COMPLETE	2533	2533	3	2533	2433	PENDING	P_PDATE_D desc
CHEBI:50694	1	971ad41a93f56c2108d11401c1db9f602af208785c196158d3c4aa4cb9b991be	CURSOR_TRAVERSAL_COMPLETE	1385	1385	2	1385	1285	PENDING	P_PDATE_D desc
CHEBI:599928	1	9e3f88c599f14540095123f1a094e4490c8a31d3f936fbb49cbea5bbba18c1e4	CURSOR_TRAVERSAL_COMPLETE	109	109	1	109	9	PENDING	P_PDATE_D desc
CHEBI:63611	1	dc14b0137e4ba1016d75eb32b2c6a2d0668a931bbe51c3f75f376e322ca01768	CURSOR_TRAVERSAL_COMPLETE	1778	1778	2	1778	1678	PENDING	P_PDATE_D desc
CHEBI:100147	1	5c029eda21c447e80e3b1f345031c884b840f96502686512042b2e5dd9910d17	CURSOR_TRAVERSAL_COMPLETE	2870	2870	3	2870	2770	PENDING	P_PDATE_D desc
CHEBI:7489	1	cb69fd66a797a5e5252d35e44800dc2bdd2bfa8de690fef5f1164d6bab90ceb8	CURSOR_TRAVERSAL_COMPLETE	3372	3372	4	3372	3272	PENDING	P_PDATE_D desc
CHEBI:7528	1	a908455ef48f358191dad0dc44909e954d0166c187c6a5d0db54504103517ce9	CURSOR_TRAVERSAL_COMPLETE	301	301	1	301	201	PENDING	P_PDATE_D desc
CHEBI:48131	1	1488ff7e69caece88057e95eb2620e96b6d7d7a807b828f8599c881f81bab8fd	CURSOR_TRAVERSAL_COMPLETE	103	103	1	103	3	PENDING	P_PDATE_D desc
CHEBI:28368	1	10630cc4d204e434cc7c4251980278f652cb57a41314c38306f99097c3bc228b	CURSOR_TRAVERSAL_COMPLETE	733	733	1	733	633	PENDING	P_PDATE_D desc
CHEBI:28837	1	c1056ea0ab51500c292dd6729c9cb05c7e441d0975ebe154077823f6287d4c64	CURSOR_TRAVERSAL_COMPLETE	126	126	1	126	26	PENDING	P_PDATE_D desc
CHEBI:16196	1	ba507c544724526fad4143c168fa227ef8e49332bf3f20ac5b86023998bceeac	CURSOR_TRAVERSAL_COMPLETE	462	462	1	462	362	PENDING	P_PDATE_D desc
CHEBI:7809	1	d50b8eb63f8a2da8b8568babc0498eac820e5d751ff583baa5cc929c023c28d2	CURSOR_TRAVERSAL_COMPLETE	2373	2373	3	2373	2273	PENDING	P_PDATE_D desc
CHEBI:138856	1	bc3d6906f27044c14f308de64fcdcdc6f5b213fcd67d74d31ef62e659e7dbaa6	CURSOR_TRAVERSAL_COMPLETE	5309	5309	6	5309	5209	PENDING	P_PDATE_D desc
CHEBI:15756	1	ca33969d507273520030410995faeef5d5925ba952e2278ce85440f7f97de853	CURSOR_TRAVERSAL_COMPLETE	1457	1457	2	1457	1357	PENDING	P_PDATE_D desc
CHEBI:8062	1	eb179f86eeba8729dd9b363a682412872c19408dedc222f459da60474be24ab5	CURSOR_TRAVERSAL_COMPLETE	1054	1054	2	1054	954	PENDING	P_PDATE_D desc
CHEBI:27446	1	caa961d6a9ae707447fc42c8cec8a5179e067e69ab847024caaa3ed8827ddd73	CURSOR_TRAVERSAL_COMPLETE	7718	7718	8	7718	7618	PENDING	P_PDATE_D desc
CHEBI:8232	1	42fd486fb4c1d2d595f34cbdda98060887d15f62c5015601326f2c87c942a626	CURSOR_TRAVERSAL_COMPLETE	2798	2798	3	2798	2698	PENDING	P_PDATE_D desc
CHEBI:59063	1	39f248f5e08caeb7542ef8d3fc050e6949f0535bc56205e713c919c62b7c4f78	CURSOR_TRAVERSAL_COMPLETE	1663	1663	2	1663	1563	PENDING	P_PDATE_D desc
CHEBI:85264	1	c689cca984b10c84aec97a0f41ea3d174fb0c2e5bc86ff4a92077e1c98c2cf54	CURSOR_TRAVERSAL_COMPLETE	175	175	1	175	75	PENDING	P_PDATE_D desc
CHEBI:8417	1	d354f9dd420b09be57090032ec6f491eb79306096e586ade142c0178bd5ad66d	CURSOR_TRAVERSAL_COMPLETE	632	632	1	632	532	PENDING	P_PDATE_D desc
CHEBI:9997	1	f819bc8f45a9b1c6329d32cb7f632295f5cb829f3a9f65e9944e76a5e83d8e63	CURSOR_TRAVERSAL_COMPLETE	1193	1193	2	1193	1093	PENDING	P_PDATE_D desc
CHEBI:32071	1	95cc9feb20b95b134f89689c2e1fc64c7789c7d3e77bdb48e5e0fcd0f2e45d7f	CURSOR_TRAVERSAL_COMPLETE	771	771	1	771	671	PENDING	P_PDATE_D desc
CHEBI:17939	1	5692c94c3fc7eb417134105d69c5b1c42101a04de227a523f8ea4b999238e76d	CURSOR_TRAVERSAL_COMPLETE	994	994	1	994	894	PENDING	P_PDATE_D desc
CHEBI:8653	1	5761faf98ccadd0e6252aba9eb814fa62489a47e7ffa82c98b63d92c6b0cb010	CURSOR_TRAVERSAL_COMPLETE	596	596	1	596	496	PENDING	P_PDATE_D desc
CHEBI:16243	1	2cb6874e83cb37c1483cd595e2d72ad7757e4a1b024dc3b3412fb47637755166	CURSOR_TRAVERSAL_COMPLETE	2399	2399	3	2399	2299	PENDING	P_PDATE_D desc
CHEBI:45615	1	677d4e38157f50fe0bf860d80a22085e4dfb602008a2dc162c53e5c9e555c28c	CURSOR_TRAVERSAL_COMPLETE	6861	6861	7	6861	6761	PENDING	P_PDATE_D desc
CHEBI:9168	1	c5b14cf251ce8c0e2ff8a91345d049c7e3c3fd685979968be71493bdc6fd6b55	CURSOR_TRAVERSAL_COMPLETE	8221	8221	9	8221	8121	PENDING	P_PDATE_D desc
CHEBI:4304	1	40e2acda0d5e57a5e3545e553075f0dd834adf4bfb8bbfde1a8ec6b5ca8dbe46	CURSOR_TRAVERSAL_COMPLETE	146	146	1	146	46	PENDING	P_PDATE_D desc
CHEBI:29678	1	1c370935a32232146cc47459131a4cd71ad1d5850249624d2446dd8834c5fd39	CURSOR_TRAVERSAL_COMPLETE	318	318	1	318	218	PENDING	P_PDATE_D desc
CHEBI:9212	1	520f2314435cf4e1044d835529a016a36b49746d72f485143a120c33b93ab1ae	CURSOR_TRAVERSAL_COMPLETE	246	246	1	246	146	PENDING	P_PDATE_D desc
CHEBI:85260	1	9f1996dba2bedd43bb3f893c7cf684a413ccbe936247a5f3c662ca33b216506a	CURSOR_TRAVERSAL_COMPLETE	211	211	1	211	111	PENDING	P_PDATE_D desc
CHEBI:17076	1	21f0b2601224538d339f36234b748b96231608d86f59c32234afc921011003bf	CURSOR_TRAVERSAL_COMPLETE	9394	9394	10	9394	9294	PENDING	P_PDATE_D desc
CHEBI:59057	1	eb0d73a0a46558d9a215e8b4e3b3732fb3a611f746b43b6b4d811d571daa221b	CURSOR_TRAVERSAL_COMPLETE	347	347	1	347	247	PENDING	P_PDATE_D desc
CHEBI:9329	1	4a548c348cd8f18907749b6a00a8f26450f617b8e3bc4b564059ee04f59343d8	CURSOR_TRAVERSAL_COMPLETE	1120	1120	2	1120	1020	PENDING	P_PDATE_D desc
CHEBI:102265	1	7ddfb6695088f36dc7ab36830888b46e1feacdcc5f8abdb4f3920266f79dd521	CURSOR_TRAVERSAL_COMPLETE	234	234	1	234	134	PENDING	P_PDATE_D desc
CHEBI:9332	1	b4cfe813dd8a3af0298478c650a42cb583c23d3e9bf2ee18f711d5a1fa0e12ce	CURSOR_TRAVERSAL_COMPLETE	6056	6056	7	6056	5956	PENDING	P_PDATE_D desc
CHEBI:45373	1	944c088323edbdc1610891a884ef6e77ff562fe3ca0f671ab018d3b1b7587ec4	CURSOR_TRAVERSAL_COMPLETE	8921	8921	9	8921	8821	PENDING	P_PDATE_D desc
CHEBI:64090	1	912ebd979c494f03f633f211bb3212d2018983024ba2cafd177443a9ddbecced	CURSOR_TRAVERSAL_COMPLETE	334	334	1	334	234	PENDING	P_PDATE_D desc
CHEBI:77932	1	5148ab739a5a3809bc122e6b9da8442deba71a3a0348bd6595d1991401fc5e8f	CURSOR_TRAVERSAL_COMPLETE	15746	15746	16	15746	15646	PENDING	P_PDATE_D desc
CHEBI:29693	1	3eba90d54a49006756e507b0efba7b8c98ceffd3ab5b0f0a735aed9ae209c6cf	CURSOR_TRAVERSAL_COMPLETE	236	236	1	236	136	PENDING	P_PDATE_D desc
CHEBI:9495	1	ef15044af2ffb27813bd2b9f63ec624e0b6463dad40055b1286788546c3e788c	CURSOR_TRAVERSAL_COMPLETE	108	108	1	108	8	PENDING	P_PDATE_D desc
CHEBI:28864	1	e1a633c78e15e9e74264e19d512a87ac54bc1ff2de2350c4abb03aa0b8c2ec2d	CURSOR_TRAVERSAL_COMPLETE	1728	1728	2	1728	1628	PENDING	P_PDATE_D desc
CHEBI:164200	1	86e4099b48ddd7049025c020e91a9024059570f27e192817ea08482693177dca	CURSOR_TRAVERSAL_COMPLETE	636	636	1	636	536	PENDING	P_PDATE_D desc
CHEBI:45924	1	4c83f98b1f51e6ccf843436b33d4a7804dce2166bfc4d20dd3aed10ea1347629	CURSOR_TRAVERSAL_COMPLETE	7258	7258	8	7258	7158	PENDING	P_PDATE_D desc
CHEBI:17658	1	5be374ccf86c6d5b6121fadd9820e6c3241360cbdefdcaca50febeef2991bea2	CURSOR_TRAVERSAL_COMPLETE	523	523	1	523	423	PENDING	P_PDATE_D desc
CHEBI:28001	1	16dfa5a6259157e3ceeda4f175078246896feab00c2d327599aca83bf9a3efa3	CURSOR_TRAVERSAL_COMPLETE	10095	10095	11	10095	9995	PENDING	P_PDATE_D desc
CHEBI:32109	1	1319c80ad11a40307bea02822126efdfbf7211f4bb78071b87f1ae7d7353fd13	CURSOR_TRAVERSAL_COMPLETE	180	180	1	180	80	PENDING	P_PDATE_D desc
CHEBI:2637	2	4d77bc2f1bd0f02005f69270e901012e7941d88564409ea68aedc4e06146dd35	CURSOR_TRAVERSAL_COMPLETE	4180	4180	5	4180	4080	PENDING	P_PDATE_D desc
CHEBI:28971	2	2583097f5476f19fd1009bf0069d4a3b959f7b2c4883f9e0db74bad84a0b7500	CURSOR_TRAVERSAL_COMPLETE	10623	10623	11	10623	10523	PENDING	P_PDATE_D desc
CHEBI:18208	2	bbd5314beea3d48367e3b5ddce10c2ff5f77e0a5dd9e2a5525b1a5af6380b58e	CURSOR_TRAVERSAL_COMPLETE	425	425	1	425	325	PENDING	P_PDATE_D desc
CHEBI:3480	2	c1faff8760ac0a89d874acbabe037aeedd0bbf37ab4529bde4cc756fa835bb67	CURSOR_TRAVERSAL_COMPLETE	155	155	1	155	55	PENDING	P_PDATE_D desc
CHEBI:478164	2	3194ce805453914158602b788d0e12ed76b90f9f7bb6108c28744d11f84fd50d	CURSOR_TRAVERSAL_COMPLETE	2086	2086	3	2086	1986	PENDING	P_PDATE_D desc
CHEBI:140376	2	9d0a6bebe99c001821a83d1a8d3e67a2b7a52a2e1adcff62ef45818c3214d912	CURSOR_TRAVERSAL_COMPLETE	666	666	1	666	566	PENDING	P_PDATE_D desc
CHEBI:3493	2	ad727ae083d4eec54b17b134cdca945f00ef82dd2bdf11f37a7025506e30f4be	CURSOR_TRAVERSAL_COMPLETE	734	734	1	734	634	PENDING	P_PDATE_D desc
CHEBI:553473	2	749aed2be59ac9d2d85419a4ea211bb0cb0240f05fcbd0851d37badc3bdf0fd0	CURSOR_TRAVERSAL_COMPLETE	171	171	1	171	71	PENDING	P_PDATE_D desc
CHEBI:3515	2	2e934b71b8ebcfe058975fb6ef07a00b71102380ed12ab5bb387f35d0169ab94	CURSOR_TRAVERSAL_COMPLETE	1173	1173	2	1173	1073	PENDING	P_PDATE_D desc
CHEBI:3534	2	a364ea0d703ffce481d0cc64b3f1e4bef774358f2d4efea434ed8236fa4f72c9	CURSOR_TRAVERSAL_COMPLETE	125	125	1	125	25	PENDING	P_PDATE_D desc
CHEBI:27644	2	3b01f3704e909aed0bb5894a9e5d68c10cea4e932b5c7c7a87bdeb637ee6f2da	CURSOR_TRAVERSAL_COMPLETE	400	400	1	400	300	PENDING	P_PDATE_D desc
CHEBI:100241	2	7d3134dd1b6d9605581984412c00dd35fe830bca79cd1e43fef192584e2a9e03	CURSOR_TRAVERSAL_COMPLETE	11693	11693	12	11693	11593	PENDING	P_PDATE_D desc
CHEBI:3745	2	11bb3eedd782e8eeaa581cf17637d949450445b604e22454f8de33bdb3df59eb	CURSOR_TRAVERSAL_COMPLETE	3655	3655	4	3655	3555	PENDING	P_PDATE_D desc
CHEBI:49566	2	42789ffe990b4ecd4e2077bcb22875766045b32498132faef5626022df31f334	CURSOR_TRAVERSAL_COMPLETE	349	349	1	349	249	PENDING	P_PDATE_D desc
CHEBI:3907	2	8257ee78625248e77934c9ceafdf7f82c48008d6b619bca97ed5ed004fd96b0c	CURSOR_TRAVERSAL_COMPLETE	103	103	1	103	3	PENDING	P_PDATE_D desc
CHEBI:46577	2	12a777b2d151672511c236481f7994e2a9b94c88030950e13ec99b82cfcccd51	CURSOR_TRAVERSAL_COMPLETE	1616	1616	2	1616	1516	PENDING	P_PDATE_D desc
CHEBI:30805	2	09efbc30a3d9ccdfe53dfc021a9e3fead239ada67f459678d2bc1dd41b50a094	CURSOR_TRAVERSAL_COMPLETE	181	181	1	181	81	PENDING	P_PDATE_D desc
CHEBI:42355	2	2509f44993af2263820750027e454a732e9161ad3d8f1ba1635dc3415beee4ce	CURSOR_TRAVERSAL_COMPLETE	7925	7925	8	7925	7825	PENDING	P_PDATE_D desc
CHEBI:87185	2	5b376869f9bef65a5e97cf0d710b38d622459d02a396e5cae6e459d447cdc562	CURSOR_TRAVERSAL_COMPLETE	1033	1033	2	1033	933	PENDING	P_PDATE_D desc
CHEBI:5098	2	3de042d64055ffdb7b3cb5135acdff1c32c161ec47920cd765c1c570c857950f	CURSOR_TRAVERSAL_COMPLETE	173	173	1	173	73	PENDING	P_PDATE_D desc
CHEBI:30751	2	c968205f7a4f3f8570c4d9e7ab151b87ef3f8e91908338fadcd13b2914fcd75f	CURSOR_TRAVERSAL_COMPLETE	662	662	1	662	562	PENDING	P_PDATE_D desc
CHEBI:5195	2	b93c67f8704dd2aecf107d605549d3335aeef7cd9db23eaba9a6c6cc998870a5	CURSOR_TRAVERSAL_COMPLETE	220	220	1	220	120	PENDING	P_PDATE_D desc
CHEBI:29013	2	b7dccbfac69d5c074a62b914b83b3bccdde7e4cdb07b52fd2085151a0d319cf1	CURSOR_TRAVERSAL_COMPLETE	706	706	1	706	606	PENDING	P_PDATE_D desc
CHEBI:6824	2	c4307ba78585e894da6bef06fae14af3acbb9f1ae106fb1a31c28fe10cdd089e	CURSOR_TRAVERSAL_COMPLETE	122	122	1	122	22	PENDING	P_PDATE_D desc
CHEBI:28499	2	2bbe229079a6b1da749172c15947d62ce8db1155aa089555e403a6dfbaa91994	CURSOR_TRAVERSAL_COMPLETE	799	799	1	799	699	PENDING	P_PDATE_D desc
CHEBI:17630	2	91545deb8bfd7a76c63a6149147d7e8efc545e68c79c869f50b4b085dd00a376	CURSOR_TRAVERSAL_COMPLETE	5610	5610	6	5610	5510	PENDING	P_PDATE_D desc
CHEBI:63598	2	289d0948eafc6df6cbc83c6f1cfe69d7b0701b4f9f726dc96e98ca3e0b94a62d	CURSOR_TRAVERSAL_COMPLETE	1623	1623	2	1623	1523	PENDING	P_PDATE_D desc
CHEBI:63607	2	e67d8ea29b2eb6974284a5ec468851b449011e35c39d183cd05b100bbc872f7d	CURSOR_TRAVERSAL_COMPLETE	2984	2984	3	2984	2884	PENDING	P_PDATE_D desc
CHEBI:43968	2	f4af61b58776818c560a2831fd4419db68113fe3ae69ea18d16c01808bfa6719	CURSOR_TRAVERSAL_COMPLETE	5141	5141	6	5141	5041	PENDING	P_PDATE_D desc
CHEBI:6827	2	7fecf9e1135cdbc5b4fd515f9f11ac5b77ffd2bff85ddcd2f804e1ea89adf5e6	CURSOR_TRAVERSAL_COMPLETE	16177	16177	17	16177	16077	PENDING	P_PDATE_D desc
CHEBI:599928	2	973b4eb09a6ff6459dc53bdb9a6636c8c948459cf75fe4dca3caf3a0843eba1d	CURSOR_TRAVERSAL_COMPLETE	164	164	1	164	64	PENDING	P_PDATE_D desc
CHEBI:7528	2	5ca4e5e523bc072c7583d03ceb3606fa927a47feb860482ab119561f7979d5f8	CURSOR_TRAVERSAL_COMPLETE	300	300	1	300	200	PENDING	P_PDATE_D desc
CHEBI:48131	2	a09d67e3142144517c61cc7fdcab368f279cfa61388623ba5c537e30fd8f5e7a	CURSOR_TRAVERSAL_COMPLETE	103	103	1	103	3	PENDING	P_PDATE_D desc
CHEBI:28837	2	97fa399598c9382b8c057474f236f3899a805590cc1a64ada49a8c6c17b47045	CURSOR_TRAVERSAL_COMPLETE	175	175	1	175	75	PENDING	P_PDATE_D desc
CHEBI:27446	2	8f38431a7d8499a8e26e2c0eeef009590ca52226a22634c1c2aa7484f6b34ff9	CURSOR_TRAVERSAL_COMPLETE	101	101	1	101	1	PENDING	P_PDATE_D desc
CHEBI:48981	2	a2d2853667d29468ae94b810b35a33d9dd54d77f2732d95c04794624be62cb4f	CURSOR_TRAVERSAL_COMPLETE	111	111	1	111	11	PENDING	P_PDATE_D desc
CHEBI:9168	2	53f521b86ea534a040650b8e1c6aa7d12aaa40fa11a3f1fb00f5d24fdd016620	CURSOR_TRAVERSAL_COMPLETE	7630	7630	8	7630	7530	PENDING	P_PDATE_D desc
CHEBI:85260	2	af862e6b46538b0ddbcb483c5d752c3079e8c8ed1ca405427cb7c12208bc3d1e	CURSOR_TRAVERSAL_COMPLETE	209	209	1	209	109	PENDING	P_PDATE_D desc
CHEBI:17076	2	32465edcd8432abbeb311daab7080201bc7705d1b8844405c270585166b53afc	CURSOR_TRAVERSAL_COMPLETE	6285	6285	7	6285	6185	PENDING	P_PDATE_D desc
CHEBI:60821	2	7771a2f3dbe7f7d2f036658c4385672410e18b221abc3d00bff3c1b5fecc6173	CURSOR_TRAVERSAL_COMPLETE	258	258	1	258	158	PENDING	P_PDATE_D desc
CHEBI:45373	2	b3b37a15766e71155b9eb7ad825be3113e9d73c9320f451aa09f81825fbb6464	CURSOR_TRAVERSAL_COMPLETE	123	123	1	123	23	PENDING	P_PDATE_D desc
CHEBI:29693	2	a9c4f628990b902c6fb0aed1d1402d8300f8181e7bcfabe855b4fd919c84f831	CURSOR_TRAVERSAL_COMPLETE	234	234	1	234	134	PENDING	P_PDATE_D desc
CHEBI:17658	2	67c37727fe50fa9e9e2ed044c9afbbfebb133603700d0d1e93fc73f177770c32	CURSOR_TRAVERSAL_COMPLETE	519	519	1	519	419	PENDING	P_PDATE_D desc
CHEBI:32888	2	0ec084af74a6369e769574b857a0bcb77a2c22fb3406965dc12b391b324a9b05	CURSOR_TRAVERSAL_COMPLETE	158	158	1	158	58	PENDING	P_PDATE_D desc
CHEBI:2676	3	5897602f4134bce5b2d2a526ab3c0a614393c31c59dcde51d839d7b2974c6381	CURSOR_TRAVERSAL_COMPLETE	5336	5336	6	5336	5236	PENDING	P_PDATE_D desc
CHEBI:3537	3	6411967fa2d1a67f1709b6799579d3641dd8c3574750f17c4c30e3166371a96c	CURSOR_TRAVERSAL_COMPLETE	136	136	1	136	36	PENDING	P_PDATE_D desc
CHEBI:124991	3	feca641e148b21fac6aa1ab93f1ab0b285501eae61a6d14bdc7aa74e12e247bb	CURSOR_TRAVERSAL_COMPLETE	804	804	1	804	704	PENDING	P_PDATE_D desc
CHEBI:3732	3	fd90f6f063840272be23ddb2bd178249f88213c7438c5978e40c9679ddd659c7	CURSOR_TRAVERSAL_COMPLETE	2309	2309	3	2309	2209	PENDING	P_PDATE_D desc
CHEBI:50845	3	b807073a1ee69ee447fafa8e6d414c030c18aaf90ad4224c32429484f0a5a048	CURSOR_TRAVERSAL_COMPLETE	3360	3360	4	3360	3260	PENDING	P_PDATE_D desc
CHEBI:42355	3	497cb780748dfefc01111af7668db31facf81e8358c90ad80b8a1be7c50f3c95	CURSOR_TRAVERSAL_COMPLETE	7931	7931	8	7931	7831	PENDING	P_PDATE_D desc
CHEBI:6824	3	bfba50fe2963bf5e2000ce23c8e255322e0bfbe7bc9554f7e311eacc1e140d24	CURSOR_TRAVERSAL_COMPLETE	121	121	1	121	21	PENDING	P_PDATE_D desc
CHEBI:63598	3	9d23ded5ec3174d1672498afabee4f182af5ea4a59f3d7064d61e6f90f40b73a	CURSOR_TRAVERSAL_COMPLETE	1616	1616	2	1616	1516	PENDING	P_PDATE_D desc
CHEBI:6472	3	1f5891c2fdd8a1c853045a848adf5268d167a2908eb8ffb4236e7603c0d4ec90	CURSOR_TRAVERSAL_COMPLETE	763	763	1	763	663	PENDING	P_PDATE_D desc
CHEBI:48131	3	a020f2258093e92521b8649249afe455ec344efccbf4a19e6cf27c454f117169	CURSOR_TRAVERSAL_COMPLETE	103	103	1	103	3	PENDING	P_PDATE_D desc
CHEBI:27902	3	c6bfe81d057ac555a82cb955b15b1bc8a703716f970e1ab19d12cbfcc748df4f	CURSOR_TRAVERSAL_COMPLETE	15746	15746	16	15746	15646	PENDING	P_PDATE_D desc
CHEBI:2676	4	b79cf5fa9df686a7f6725c6102cbd4164350c3a8c1ea047b7d0cc9d9e9accd73	CURSOR_TRAVERSAL_COMPLETE	329	329	1	329	229	PENDING	P_PDATE_D desc
CHEBI:3537	4	c377014e69e0ec3b2d9f249f9922d5789f87af5ce3c9a9ac6be2b212f94c9915	CURSOR_TRAVERSAL_COMPLETE	133	133	1	133	33	PENDING	P_PDATE_D desc
CHEBI:3732	4	f1da43e70b7e3de7ef9ba67c3b38094f561b8a206315964125ee3d3db9a30148	CURSOR_TRAVERSAL_COMPLETE	2313	2313	3	2313	2213	PENDING	P_PDATE_D desc
CHEBI:42355	4	64563f7744e7a73e72051a47df1d2a20e4bc8f20ff8f0f268082fa9352646e2c	CURSOR_TRAVERSAL_COMPLETE	7925	7925	8	7925	7825	PENDING	P_PDATE_D desc
CHEBI:27779	4	f9886ae27de4a549cd9774dc64812eafed83580f1f98bdba32911f1a87eb0cf8	CURSOR_TRAVERSAL_COMPLETE	181	181	1	181	81	PENDING	P_PDATE_D desc
CHEBI:7934	4	f7cb4c02283cb8e93a6b66b034ea397bf18636ca307587ce35f20007ec83cad5	CURSOR_TRAVERSAL_COMPLETE	354	354	1	354	254	PENDING	P_PDATE_D desc
CHEBI:27902	4	44b9fec27703a1793c33a038e58f7febbc518079a0b05ad2dc69e23e970a7926	CURSOR_TRAVERSAL_COMPLETE	15746	15746	16	15746	15646	PENDING	P_PDATE_D desc
CHEBI:17698	5	b6561f498a571ea93fd8f177d36bd71c3461188c9a7f0e31c70a7bc9ae493bac	CURSOR_TRAVERSAL_COMPLETE	8656	8656	9	8656	8556	PENDING	P_PDATE_D desc
CHEBI:27779	5	af7d11037956f00b5f285e7a6d9257f4b522b35ed460fd0dbadb909057c112b1	CURSOR_TRAVERSAL_COMPLETE	179	179	1	179	79	PENDING	P_PDATE_D desc
CHEBI:17698	6	6b130a35d18004a901af2664db101c751086ef97cf9107db4a5e38c4b6006817	CURSOR_TRAVERSAL_COMPLETE	8656	8656	9	8656	8556	PENDING	P_PDATE_D desc
