identifier	label	path	standard_inchi_key	class	record_sha256	existing_resistance_assertions	existing_genotype_rules	recorded_names_searched	initial_query_memberships	expanded_query_memberships	name_search_status	record_changed_since_name_search	card_source_assertions	card_distinct_terms	card_terms_with_reference_candidates	card_terms_without_explicit_reference_link	card_reference_accessions	card_reference_taxids	phi_source_associations	phi_identifier_scoped_associations	phi_identifier_review_pending	phi_identifier_review_ids	phi_identifier_review_pending_pmids	hivdb_source_rules	hivdb_reference_taxon	whole_record_primary_review
CHEBI:10003	ribostamycin sulfate	data/antibiotics/antibacterial/ribostamycin-sulfate.yaml	RTCDDYYZMGGHOE-YMSVYGIHSA-N	ANTIBACTERIAL	fdfcab1b1b057560f59a1146d5def519c163d68243cf5aee74b65f1edff0edd8	0	0	6	3	0	RECORDED_NAME_QUERIES_TRAVERSED_NOT_PRIMARY_REVIEW	False	0	0	0	0			0	0	0			0		OPEN
CHEBI:100147	nalidixic acid	data/antibiotics/antibacterial/nalidixic-acid.yaml	MHWLWQUZZRMNGJ-UHFFFAOYSA-N	ANTIBACTERIAL	5470f715f502919e640578403614317d7bc8d06899756d6d1d08d2f065856aa6	35	0	14	5	2	RECORDED_NAME_QUERIES_TRAVERSED_NOT_PRIMARY_REVIEW	False	35	35	3	32	UniProtKB:A0AAW7V2V9|UniProtKB:I6YEJ7|UniProtKB:P0DPR4	NCBITaxon:470|NCBITaxon:562|NCBITaxon:83332	0	0	0			0		OPEN
CHEBI:10015	vobasine	data/antibiotics/antiviral/vobasine.yaml	TYPMTMPLTVSOBU-XJHWFDBESA-N	ANTIVIRAL	828b5186aa2686b8f875fda2a24fc8bb4b8a895ed04be0db28606a0711bd26cb	0	0	4	2	0	RECORDED_NAME_QUERIES_TRAVERSED_NOT_PRIMARY_REVIEW	False	0	0	0	0			0	0	0			0		OPEN
CHEBI:10023	voriconazole	data/antibiotics/antifungal/voriconazole.yaml	BCEHBSKCWLPMDN-MGPLVRAMSA-N	ANTIFUNGAL	678abcf3255bfb768da7d2db313e25561c5b352d4bb71b259559900cdc1c8f83	62	0	8	3	1	RECORDED_NAME_QUERIES_TRAVERSED_NOT_PRIMARY_REVIEW	True	39	39	0	39			22	18	4	camps-2012-fumigatus-reference-context|eddouzi-2013-erg11-reference-context|eddouzi-2013-erg3-donor-context|flowers-2015-reference-context|krishnan-natesan-2008-reference-context|liu-2012-cyp51a-subject-context|liu-2012-cyp51b-subject-context|liu-2012-cyp51c-subject-context|mellado-2007-fumigatus-reference-context|rybak-2017-albicans-reference-context|rybak-2017-parapsilosis-reference-context|sionov-2012-parent-and-deposit-context|wei-2016-reference-context-followup	PMID:22897872	0		OPEN
CHEBI:100241	ciprofloxacin	data/antibiotics/antibacterial/ciprofloxacin.yaml	MYSWGUAQZAJSOK-UHFFFAOYSA-N	ANTIBACTERIAL	de4e65076e0a69a82637f3af5a824c0bd198a1b49ee22d85a424d67ca0c9fedd	188	0	16	5	3	RECORDED_NAME_QUERIES_TRAVERSED_NOT_PRIMARY_REVIEW	False	188	188	104	84	UniProtKB:A0A023U9U8|UniProtKB:A0A023ULB0|UniProtKB:A0A0A7RMY7|UniProtKB:A0A0H2VTA2|UniProtKB:A0A0H3GG03|UniProtKB:A0A0H3VED8|UniProtKB:A0A0H3VGB8|UniProtKB:A0A0R7I4J5|UniProtKB:A0A2R4PDX6|UniProtKB:A0A346FWD3|UniProtKB:A0A3Q9D3I0|UniProtKB:A0A3R8UYC7|UniProtKB:A0A443VXL6|UniProtKB:A0A5J6WXP6|UniProtKB:A0A5S9ED61|UniProtKB:A0A6G9QP86|UniProtKB:A0A8A5TT56|UniProtKB:A0A8I2ISM6|UniProtKB:A0A9X8P319|UniProtKB:A0AA37ZE47|UniProtKB:A0AAE4EBF5|UniProtKB:A0AAQ0JAX0|UniProtKB:A0AAW7V2V9|UniProtKB:A0AAX3AIY5|UniProtKB:A0AB33ILF4|UniProtKB:A0ACM8Q8E3|UniProtKB:A7L3K4|UniProtKB:A7L3U5|UniProtKB:A7ULA4|UniProtKB:A8D3M5|UniProtKB:A8D3N0|UniProtKB:A8HG46|UniProtKB:A9J7N2|UniProtKB:A9J7N3|UniProtKB:A9QW06|UniProtKB:A9QW08|UniProtKB:A9QXW6|UniProtKB:B3Y022|UniProtKB:B5AG18|UniProtKB:B7TZ43|UniProtKB:B9VWG9|UniProtKB:C0J7J6|UniProtKB:C6GJP8|UniProtKB:C6GJP9|UniProtKB:C9E6H4|UniProtKB:D0CAR7|UniProtKB:D2Y3B7|UniProtKB:D7RYR7|UniProtKB:D9HP87|UniProtKB:E1A0W8|UniProtKB:E1A0X3|UniProtKB:E1A0X4|UniProtKB:E2JDQ8|UniProtKB:E5LCN6|UniProtKB:E9NSF4|UniProtKB:F6KV45|UniProtKB:F6KV46|UniProtKB:G1FCF8|UniProtKB:G1FCF9|UniProtKB:G1FE69|UniProtKB:G1FE70|UniProtKB:G1FE75|UniProtKB:G1FE77|UniProtKB:G1FE78|UniProtKB:G8I093|UniProtKB:G9JJX2|UniProtKB:H6WZT2|UniProtKB:H6WZT3|UniProtKB:H6WZT4|UniProtKB:H6WZT7|UniProtKB:H6WZT8|UniProtKB:H9D2X0|UniProtKB:H9LTL8|UniProtKB:I0DFZ0|UniProtKB:I6R8X2|UniProtKB:I6YBX3|UniProtKB:J9RDG6|UniProtKB:J9RV50|UniProtKB:J9RZA4|UniProtKB:J9S7E8|UniProtKB:K0G796|UniProtKB:K9NBS2|UniProtKB:M5A7G7|UniProtKB:M5A7R2|UniProtKB:O25793|UniProtKB:P0A0J6|UniProtKB:P0A4K5|UniProtKB:Q0ZBS7|UniProtKB:Q2PT27|UniProtKB:Q461N9|UniProtKB:Q461P0|UniProtKB:Q461P1|UniProtKB:Q5HR40|UniProtKB:Q93K41|UniProtKB:R4NBM1|UniProtKB:R4NDE4|UniProtKB:R4NKM1|UniProtKB:R4NKM8|UniProtKB:R4NLI4|UniProtKB:R4NNA2|UniProtKB:R4Y3I3|UniProtKB:V9Z6W5|UniProtKB:V9ZB17|UniProtKB:V9ZCP8|UniProtKB:W0FF57	NCBITaxon:1028752|NCBITaxon:1134687|NCBITaxon:1463165|NCBITaxon:149385|NCBITaxon:156539|NCBITaxon:1639127|NCBITaxon:1639136|NCBITaxon:171101|NCBITaxon:176279|NCBITaxon:192953|NCBITaxon:196620|NCBITaxon:2027290|NCBITaxon:2034769|NCBITaxon:218936|NCBITaxon:271420|NCBITaxon:299766|NCBITaxon:38313|NCBITaxon:393133|NCBITaxon:546|NCBITaxon:550|NCBITaxon:562|NCBITaxon:573|NCBITaxon:575584|NCBITaxon:577|NCBITaxon:57706|NCBITaxon:584|NCBITaxon:585|NCBITaxon:61645|NCBITaxon:623|NCBITaxon:644|NCBITaxon:646|NCBITaxon:666|NCBITaxon:67827|NCBITaxon:83332|NCBITaxon:85962	0	0	0			0		OPEN
CHEBI:100246	norfloxacin	data/antibiotics/antibacterial/norfloxacin.yaml	OGJPXUAPXNRGGI-UHFFFAOYSA-N	ANTIBACTERIAL	a021e7b416bd35303fcb3762ba9627410c09052d5e0f08130c1503384c5cb1dc	48	0	9	3	1	RECORDED_NAME_QUERIES_TRAVERSED_NOT_PRIMARY_REVIEW	False	48	48	12	36	UniProtKB:A0A0H3GG03|UniProtKB:A0A0R7I4J5|UniProtKB:A0AAW7V2V9|UniProtKB:B2TTK5|UniProtKB:B5AG18|UniProtKB:D0CAR7|UniProtKB:I6YEJ7|UniProtKB:P0A0J6|UniProtKB:P0A4K5|UniProtKB:P39386|UniProtKB:Q5HR40|UniProtKB:Q99S97	NCBITaxon:158879|NCBITaxon:171101|NCBITaxon:176279|NCBITaxon:196620|NCBITaxon:344609|NCBITaxon:393133|NCBITaxon:550|NCBITaxon:562|NCBITaxon:575584|NCBITaxon:83332|NCBITaxon:83333	0	0	0			0		OPEN
CHEBI:10038	wighteone	data/antibiotics/antifungal/wighteone.yaml	KIMDVVKVNNSHGZ-UHFFFAOYSA-N	ANTIFUNGAL	2afb924143c055727bbe26fcdcc4c65a4719c5f08789b0ee9783b28c4bf70f8f	0	0	5	2	0	RECORDED_NAME_QUERIES_TRAVERSED_NOT_PRIMARY_REVIEW	False	0	0	0	0			0	0	0			0		OPEN
CHEBI:10050	XV638	data/antibiotics/antiviral/xv638.yaml	JDALSSGOBMTZEP-NWJWHWDBSA-N	ANTIVIRAL	e92f4e5e233fab88ad8d8ee59e13c2799f3d65c256be0d241e868a0fdf00d1a0	0	0	5	2	0	RECORDED_NAME_QUERIES_TRAVERSED_NOT_PRIMARY_REVIEW	False	0	0	0	0			0	0	0			0		OPEN
CHEBI:10101	zalcitabine	data/antibiotics/antiviral/zalcitabine.yaml	WREGKURFCTUGRC-POYBYMJQSA-N	ANTIVIRAL	cf7aa09036bc17cc211a48803bcd672d7ae510676183eba57e8ca0e873b595af	0	0	7	3	1	RECORDED_NAME_QUERIES_TRAVERSED_NOT_PRIMARY_REVIEW	False	0	0	0	0			0	0	0			0		OPEN
CHEBI:10110	zidovudine	data/antibiotics/antiviral/zidovudine.yaml	HBOMLICNUCNMMY-XLPZGREQSA-N	ANTIVIRAL	da408fd9999bc2ae90fd89dc4dde30a9c1552b1d42fafeb6e270dbd94276d8c6	0	25	8	3	3	RECORDED_NAME_QUERIES_TRAVERSED_NOT_PRIMARY_REVIEW	False	0	0	0	0			0	0	0			25	NCBITaxon:11676	OPEN
CHEBI:101381	aloxistatin	data/antibiotics/antiviral/aloxistatin.yaml	SRVFFFJZQVENJC-IHRRRGAJSA-N	ANTIVIRAL	473126fc8a54de392fd4d9034244786f7fbe93753d1061aaa0fbb4e73c487711	0	0	10	4	0	RECORDED_NAME_QUERIES_TRAVERSED_NOT_PRIMARY_REVIEW	False	0	0	0	0			0	0	0			0		OPEN
CHEBI:101853	gemifloxacin	data/antibiotics/antibacterial/gemifloxacin.yaml	ZRCVYEYHRGVLOC-HYARGMPZSA-N	ANTIBACTERIAL	51c75d31bee636bc3872d9bf214c48dc3b94c16f6ecd8ddfbfdc6d2badb4220c	1	0	3	2	0	RECORDED_NAME_QUERIES_TRAVERSED_NOT_PRIMARY_REVIEW	False	1	1	0	1			0	0	0			0		OPEN
CHEBI:102130	sulfamerazine	data/antibiotics/antibacterial/sulfamerazine.yaml	QPPBRPIAZZHUNT-UHFFFAOYSA-N	ANTIBACTERIAL	023758d4ec68d8bea2856985df25c4d975576b21eeba9683fb1558ed53d9942b	0	0	14	5	0	RECORDED_NAME_QUERIES_TRAVERSED_NOT_PRIMARY_REVIEW	False	0	0	0	0			0	0	0			0		OPEN
CHEBI:102265	sulfamethazine	data/antibiotics/antibacterial/sulfamethazine.yaml	ASWVTGNCAZCNNR-UHFFFAOYSA-N	ANTIBACTERIAL	ed857740a40d13816752246e18eb094767b8646ac4063eb86b360505a94dd84a	5	0	25	7	0	RECORDED_NAME_QUERIES_TRAVERSED_NOT_PRIMARY_REVIEW	False	5	5	3	2	UniProtKB:A0A385AH63|UniProtKB:P0AC12|UniProtKB:P0C003	NCBITaxon:10678|NCBITaxon:287|NCBITaxon:623	0	0	0			0		OPEN
CHEBI:102484	sulfisoxazole	data/antibiotics/antibacterial/sulfisoxazole.yaml	NHUHCSRWZMLRLA-UHFFFAOYSA-N	ANTIBACTERIAL	38a03ea8c0a749ebf78404a647652fc9d64563781ce6bf5f4c180f486d72112a	6	0	34	10	1	RECORDED_NAME_QUERIES_TRAVERSED_NOT_PRIMARY_REVIEW	False	6	6	3	3	UniProtKB:A0A385AH63|UniProtKB:P0AC12|UniProtKB:P0C003	NCBITaxon:10678|NCBITaxon:287|NCBITaxon:623	0	0	0			0		OPEN
CHEBI:102516	sulfamethoxypyridazine	data/antibiotics/unspecified/sulfamethoxypyridazine.yaml	VLYWMPOKSSWJAL-UHFFFAOYSA-N	ANTIMICROBIAL_UNSPECIFIED	76304ec22ba711e28305777da9a5972ee08f91778d41f66048826fe87f7d0f7a	0	0	20	6	0	RECORDED_NAME_QUERIES_TRAVERSED_NOT_PRIMARY_REVIEW	False	0	0	0	0			0	0	0			0		OPEN
CHEBI:10447	β-thujaplicin	data/antibiotics/antibacterial/β-thujaplicin.yaml	FUWUEFKEXZQKKA-UHFFFAOYSA-N	ANTIBACTERIAL	2cd64cade8cb3946d1e1731eb147a9bcbeb96f4d7c924529128e8f0fbe45f3ef	0	0	6	3	0	RECORDED_NAME_QUERIES_TRAVERSED_NOT_PRIMARY_REVIEW	False	0	0	0	0			0	0	0			0		OPEN
CHEBI:105887	2,2'-spirobi[3,6,7,8-tetrahydro-1H-cyclopenta[g]naphthalene]-5,5'-dione	data/antibiotics/antiviral/2-2-spirobi-3-6-7-8-tetrahydro-1h-cyclopenta-g-naphthalene-5-5-dione.yaml	AKPUCJQSLKCIIJ-UHFFFAOYSA-N	ANTIVIRAL	98ee6c9f3df67d15e2b771b5f2a950f591196dc824e604e00b803f0d687b23d0	0	0	4	2	0	RECORDED_NAME_QUERIES_TRAVERSED_NOT_PRIMARY_REVIEW	False	0	0	0	0			0	0	0			0		OPEN
CHEBI:106738	(S)-famoxadone	data/antibiotics/antifungal/s-famoxadone.yaml	PCCSBWNGDMYFCW-QFIPXVFZSA-N	ANTIFUNGAL	0d6073490dee814b6f5490a00e6b4eb301e3297352a3669f1c95ae18933f9fe7	0	0	6	3	0	RECORDED_NAME_QUERIES_TRAVERSED_NOT_PRIMARY_REVIEW	False	0	0	0	0			0	0	0			0		OPEN
CHEBI:107644	piperonylic acid	data/antibiotics/antifungal/piperonylic-acid.yaml	VDVJGIYXDVPQLP-UHFFFAOYSA-N	ANTIFUNGAL	31bcee4f8c294e667259ddac7f72cffdebdb500f29fb305b691c76c66221dab5	0	0	11	4	0	RECORDED_NAME_QUERIES_TRAVERSED_NOT_PRIMARY_REVIEW	False	0	0	0	0			0	0	0			0		OPEN
CHEBI:113455	sodium benzoate	data/antibiotics/biocide/sodium-benzoate.yaml	WXMKPNITSTVMEF-UHFFFAOYSA-M	BIOCIDE	d3a6f3789c1094c0329b7b00574859b66a16b560e492dc50c322aec8d9c7da35	0	0	4	2	0	RECORDED_NAME_QUERIES_TRAVERSED_NOT_PRIMARY_REVIEW	False	0	0	0	0			0	0	0			0		OPEN
CHEBI:116278	lomefloxacin	data/antibiotics/antimycobacterial/lomefloxacin.yaml	ZEKZLJVOYLTDKK-UHFFFAOYSA-N	ANTIMYCOBACTERIAL	36671240485980d7a7439b31a482520f454fc054f17f4d7207de499ae5b15159	20	0	8	3	0	RECORDED_NAME_QUERIES_TRAVERSED_NOT_PRIMARY_REVIEW	False	20	20	0	20			0	0	0			0		OPEN
CHEBI:119486	efavirenz	data/antibiotics/antiviral/efavirenz.yaml	XPOQHMRABVBWPR-ZDUSSCGKSA-N	ANTIVIRAL	3922346640e0299042aa1ea64b94d68279bba1e0a986c8592c9b9c75cb3f7f7d	0	23	7	3	2	RECORDED_NAME_QUERIES_TRAVERSED_NOT_PRIMARY_REVIEW	False	0	0	0	0			0	0	0			23	NCBITaxon:11676	OPEN
CHEBI:119573	delavirdine	data/antibiotics/antiviral/delavirdine.yaml	WHBIGIKBNXZKFE-UHFFFAOYSA-N	ANTIVIRAL	1c0b70327480073f9123d47b9bff7ae9bfdc0a95c85504668e576ad54be1eeb9	0	0	8	3	0	RECORDED_NAME_QUERIES_TRAVERSED_NOT_PRIMARY_REVIEW	False	0	0	0	0			0	0	0			0		OPEN
CHEBI:121196	reumycin	data/antibiotics/unspecified/reumycin.yaml	ZLLAXLPOOMLVRF-UHFFFAOYSA-N	ANTIMICROBIAL_UNSPECIFIED	f42560720d43cc63e0b24c417f1a715f798ffa19b4dcaf543234ca783f4a4cac	0	0	9	3	0	RECORDED_NAME_QUERIES_TRAVERSED_NOT_PRIMARY_REVIEW	False	0	0	0	0			0	0	0			0		OPEN
CHEBI:122	(−)-usnic acid	data/antibiotics/antifungal/usnic-acid.yaml	WEYVVCKOOFYHRW-GOSISDBHSA-N	ANTIFUNGAL	f33fd0948c6b3a2981ec57a9a92111a1c6838905affbfafcf9fae5150c351b86	0	0	5	2	0	RECORDED_NAME_QUERIES_TRAVERSED_NOT_PRIMARY_REVIEW	False	0	0	0	0			0	0	0			0		OPEN
CHEBI:124991	cefalotin	data/antibiotics/antibacterial/cefalotin.yaml	XIURVHNZVLADCM-IUODEOHRSA-N	ANTIBACTERIAL	d3bcac46436b8e693f0d1ec4dbb584e733f11e37714468818058aeb8274cc028	27	0	18	6	2	RECORDED_NAME_QUERIES_TRAVERSED_NOT_PRIMARY_REVIEW	False	27	27	19	8	UniProtKB:A0A068EQ40|UniProtKB:A0A3S4MWA6|UniProtKB:A0A5R8T042|UniProtKB:A0A6C0L4K1|UniProtKB:A0A7L9V0P3|UniProtKB:A0A9Q2ZSM5|UniProtKB:A0AAX3AHW0|UniProtKB:A0SVI2|UniProtKB:B1MCI3|UniProtKB:B2BSN6|UniProtKB:P13661|UniProtKB:P62594|UniProtKB:P9WKD3|UniProtKB:Q20I87|UniProtKB:Q48434|UniProtKB:Q4H482|UniProtKB:Q6PLK5|UniProtKB:Q93PQ0|UniProtKB:W1F2T9	NCBITaxon:1432555|NCBITaxon:158484|NCBITaxon:1812934|NCBITaxon:287|NCBITaxon:294|NCBITaxon:29486|NCBITaxon:29489|NCBITaxon:299766|NCBITaxon:550|NCBITaxon:561007|NCBITaxon:562|NCBITaxon:571|NCBITaxon:573|NCBITaxon:67826|NCBITaxon:83332|NCBITaxon:90105|NCBITaxon:90370|NCBITaxon:941280	0	0	0			0		OPEN
CHEBI:125354	plerixafor	data/antibiotics/antiviral/plerixafor.yaml	YIQPUIGJQJDJOS-UHFFFAOYSA-N	ANTIVIRAL	898ad09c2912c6990054b02d2fc8bc49399786322de2e40b9bf24854911792e9	0	0	13	4	0	RECORDED_NAME_QUERIES_TRAVERSED_NOT_PRIMARY_REVIEW	False	0	0	0	0			0	0	0			0		OPEN
CHEBI:127780	phosphonoformic acid	data/antibiotics/antiviral/phosphonoformic-acid.yaml	ZJAOAACCNHFJAH-UHFFFAOYSA-N	ANTIVIRAL	14827194ae8ade5809c39b62c04339ee23f6d08322422dee7445b23cfcc2bb0c	0	0	9	3	1	RECORDED_NAME_QUERIES_TRAVERSED_NOT_PRIMARY_REVIEW	False	0	0	0	0			0	0	0			0		OPEN
CHEBI:131196	OSU-03012	data/antibiotics/antifungal/osu-03012.yaml	YULUCECVQOCQFQ-UHFFFAOYSA-N	ANTIFUNGAL	dd22ac276e37bb44872980493d790e10de5fb57f53af7eb8b4b1372407e39e04	0	0	6	3	0	RECORDED_NAME_QUERIES_TRAVERSED_NOT_PRIMARY_REVIEW	False	0	0	0	0			0	0	0			0		OPEN
CHEBI:131494	5,6-dehydrotomatine	data/antibiotics/antifungal/5-6-dehydrotomatine.yaml	BYMOGFTUZUEFHY-SIUCFGLGSA-N	ANTIFUNGAL	d766861459b1db6d33172f59ad3044b546b6955d96999b0b2198f503255aa8db	0	0	3	2	0	RECORDED_NAME_QUERIES_TRAVERSED_NOT_PRIMARY_REVIEW	False	0	0	0	0			0	0	0			0		OPEN
CHEBI:131580	6-azathymidine	data/antibiotics/antiviral/6-azathymidine.yaml	LXHOFEUVCQUXRZ-RRKCRQDMSA-N	ANTIVIRAL	058d9b1e5ce49822189f4c3bd419f2ef2fe6cf47d54c7264cf1b2f8de4de66f2	0	0	9	3	0	RECORDED_NAME_QUERIES_TRAVERSED_NOT_PRIMARY_REVIEW	False	0	0	0	0			0	0	0			0		OPEN
CHEBI:131600	dipymetitrone	data/antibiotics/antifungal/dipymetitrone.yaml	FPKXBFWMIYHCID-UHFFFAOYSA-N	ANTIFUNGAL	7cd0c90a72dd12a9821266ae6a9de57c37e6ffebb4a4f1cd5af062cc7a3c20f6	0	0	2	2	0	RECORDED_NAME_QUERIES_TRAVERSED_NOT_PRIMARY_REVIEW	False	0	0	0	0			0	0	0			0		OPEN
CHEBI:131601	pyraziflumid	data/antibiotics/antifungal/pyraziflumid.yaml	KKEJMLAPZVXPOF-UHFFFAOYSA-N	ANTIFUNGAL	b14fa87daef1038bb0f8312738b0afb39aaaa5d7a4efb5cd732c196ad826f46e	0	0	4	2	0	RECORDED_NAME_QUERIES_TRAVERSED_NOT_PRIMARY_REVIEW	False	0	0	0	0			0	0	0			0		OPEN
CHEBI:131609	pneumocandin B0	data/antibiotics/antifungal/pneumocandin-b0.yaml	DQXPFAADCTZLNL-FXDJFZINSA-N	ANTIFUNGAL	473465708fe02c9b8d48c19ed2d676c02b8a9fcab3221027e25f8c8de9ace0ad	0	0	7	3	0	RECORDED_NAME_QUERIES_TRAVERSED_NOT_PRIMARY_REVIEW	False	0	0	0	0			0	0	0			0		OPEN
CHEBI:131713	xibornol	data/antibiotics/antibacterial/xibornol.yaml	RNRHMQWZFJXKLZ-XUWXXGDYSA-N	ANTIBACTERIAL	8536ec1766fcc77d8f883198b139a465e43bf555692d2fd91e7eca4a4a2b2e86	0	0	5	2	0	RECORDED_NAME_QUERIES_TRAVERSED_NOT_PRIMARY_REVIEW	False	0	0	0	0			0	0	0			0		OPEN
CHEBI:131714	furagin	data/antibiotics/antibacterial/furagin.yaml	DECBQELQORZLLP-UHFFFAOYSA-N	ANTIBACTERIAL	b06bab9e8c14167df8e5249a12222da97d3820079c3761c483425a77378b58e7	0	0	10	4	0	RECORDED_NAME_QUERIES_TRAVERSED_NOT_PRIMARY_REVIEW	False	0	0	0	0			0	0	0			0		OPEN
CHEBI:131715	rosoxacin	data/antibiotics/antibacterial/rosoxacin.yaml	XBPZXDSZHPDXQU-UHFFFAOYSA-N	ANTIBACTERIAL	7ebdaf2b18369d6a27f865d0455e3be6f361d27ef2c7a7791b57a8de30a6914d	0	0	10	4	0	RECORDED_NAME_QUERIES_TRAVERSED_NOT_PRIMARY_REVIEW	False	0	0	0	0			0	0	0			0		OPEN
CHEBI:131716	garenoxacin	data/antibiotics/antibacterial/garenoxacin.yaml	NJDRXTDGYFKORP-LLVKDONJSA-N	ANTIBACTERIAL	6865390d76b965ae2a568741a643f4b2e4f940396f07a6085b680a69c8f979ab	0	0	9	3	0	RECORDED_NAME_QUERIES_TRAVERSED_NOT_PRIMARY_REVIEW	False	0	0	0	0			0	0	0			0		OPEN
CHEBI:131719	flurithromycin	data/antibiotics/antibacterial/flurithromycin.yaml	XOEUHCONYHZURQ-HNUBZJOYSA-N	ANTIBACTERIAL	fdaca7bac0c870586062e47c5069721bd5ea393e005d81d6a94d494ee1462219	0	0	11	4	0	RECORDED_NAME_QUERIES_TRAVERSED_NOT_PRIMARY_REVIEW	False	0	0	0	0			0	0	0			0		OPEN
CHEBI:131722	sulfaperin	data/antibiotics/antibacterial/sulfaperin.yaml	DZQVFHSCSRACSX-UHFFFAOYSA-N	ANTIBACTERIAL	ef9d5bdbe2dbfaf617584ef30e657e2722916b8445cd1d80d92ef737b56b7bdd	0	0	18	6	0	RECORDED_NAME_QUERIES_TRAVERSED_NOT_PRIMARY_REVIEW	False	0	0	0	0			0	0	0			0		OPEN
CHEBI:131723	sulfathiourea	data/antibiotics/antibacterial/sulfathiourea.yaml	UEMLYRZWLVXWRU-UHFFFAOYSA-N	ANTIBACTERIAL	c61e40e6636e2ab9df430edc738d952bf50dca283af67eeccc6b6bae37cd517f	0	0	16	5	0	RECORDED_NAME_QUERIES_TRAVERSED_NOT_PRIMARY_REVIEW	False	0	0	0	0			0	0	0			0		OPEN
CHEBI:131726	brodimoprim	data/antibiotics/antibacterial/brodimoprim.yaml	BFCRRLMMHNLSCP-UHFFFAOYSA-N	ANTIBACTERIAL	15fa626417d0d4e543f08704ad5fe00841fb4fecf65baca06ec278d2235f22e3	0	0	8	3	0	RECORDED_NAME_QUERIES_TRAVERSED_NOT_PRIMARY_REVIEW	False	0	0	0	0			0	0	0			0		OPEN
CHEBI:131729	cefcapene	data/antibiotics/antibacterial/cefcapene.yaml	HJJRIJDTIPFROI-NVKITGPLSA-N	ANTIBACTERIAL	d0217c4bd46cdbb04ec6a5b1d3a6932456836b198a779cbadbd36c34e51762c4	0	0	5	2	0	RECORDED_NAME_QUERIES_TRAVERSED_NOT_PRIMARY_REVIEW	False	0	0	0	0			0	0	0			0		OPEN
CHEBI:131730	cefatrizine	data/antibiotics/antibacterial/cefatrizine.yaml	UOCJDOLVGGIYIQ-PBFPGSCMSA-N	ANTIBACTERIAL	332f8140d98f53756ff426a63e19514db5c390c32c385427d8bf8607ec032073	0	0	11	4	0	RECORDED_NAME_QUERIES_TRAVERSED_NOT_PRIMARY_REVIEW	False	0	0	0	0			0	0	0			0		OPEN
CHEBI:131731	cefazedone	data/antibiotics/antibacterial/cefazedone.yaml	VTLCNEGVSVJLDN-MLGOLLRUSA-N	ANTIBACTERIAL	8ff10d1583f43d947ad15e844fb75909af7960e8956ce3034d8445b48077c85d	0	0	9	3	0	RECORDED_NAME_QUERIES_TRAVERSED_NOT_PRIMARY_REVIEW	False	0	0	0	0			0	0	0			0		OPEN
CHEBI:131732	clometocillin	data/antibiotics/antibacterial/clometocillin.yaml	JKXQBIZCQJLVOS-GSNLGQFWSA-N	ANTIBACTERIAL	1c08261a20e334eb6d2718be9d5e1ea95bc6c488f4bc752a95a9270d6dc0981e	0	0	10	4	0	RECORDED_NAME_QUERIES_TRAVERSED_NOT_PRIMARY_REVIEW	False	0	0	0	0			0	0	0			0		OPEN
CHEBI:131733	penamecillin	data/antibiotics/antibacterial/penamecillin.yaml	NLOOMWLTUVBWAW-HLLBOEOZSA-N	ANTIBACTERIAL	25bf3638ab8a9dd69ef25c8bbc995be407f83b142f6639d41d3de9c2f40f2e33	0	0	7	3	0	RECORDED_NAME_QUERIES_TRAVERSED_NOT_PRIMARY_REVIEW	False	0	0	0	0			0	0	0			0		OPEN
CHEBI:131752	(R)-iclaprim	data/antibiotics/antibacterial/r-iclaprim.yaml	HWJPWWYTGBZDEG-AWEZNQCLSA-N	ANTIBACTERIAL	d9ae55d8a50117cd0fe9dd79daf9c493754b402f2acaedc623a8e3b63c6ac094	0	0	4	2	0	RECORDED_NAME_QUERIES_TRAVERSED_NOT_PRIMARY_REVIEW	False	0	0	0	0			0	0	0			0		OPEN
CHEBI:131753	(S)-iclaprim	data/antibiotics/antibacterial/s-iclaprim.yaml	HWJPWWYTGBZDEG-CQSZACIVSA-N	ANTIBACTERIAL	ffc56e572666137ced43ad449fb2ec2f8724db50950759c519125459a87a53b7	0	0	4	2	0	RECORDED_NAME_QUERIES_TRAVERSED_NOT_PRIMARY_REVIEW	False	0	0	0	0			0	0	0			0		OPEN
CHEBI:131785	Ro 5-3335	data/antibiotics/antiviral/ro-5-3335.yaml	XWNMORIHKRROGW-UHFFFAOYSA-N	ANTIVIRAL	81ada890addf536e5e56d4cbd12cf5d85bb7bcc9ccb58300d5bc3dc409ce49ec	0	0	6	3	0	RECORDED_NAME_QUERIES_TRAVERSED_NOT_PRIMARY_REVIEW	False	0	0	0	0			0	0	0			0		OPEN
CHEBI:131850	PR-39	data/antibiotics/antibacterial/pr-39.yaml	JTJJGVCUEGCBHL-IWDHFESKSA-N	ANTIBACTERIAL	272ab62a133779fb068f84c97fbeba1dfd1d3e101d7342d8994b2a632d6224bd	1	0	7	3	0	RECORDED_NAME_QUERIES_TRAVERSED_NOT_PRIMARY_REVIEW	False	0	0	0	0			0	0	0			0		OPEN
CHEBI:131914	violacein	data/antibiotics/antibacterial/violacein.yaml	XAPNKXIRQFHCHN-QGOAFFKASA-N	ANTIBACTERIAL	45a7ad854d07020f5daa517b03ec55e29aab70f6aea24664248ccd6787747749	0	0	2	2	0	RECORDED_NAME_QUERIES_TRAVERSED_NOT_PRIMARY_REVIEW	False	0	0	0	0			0	0	0			0		OPEN
CHEBI:131915	deoxyviolacein	data/antibiotics/antibacterial/deoxyviolacein.yaml	OJUJNNKCVPCATE-QGOAFFKASA-N	ANTIBACTERIAL	f6c67c77b6af7b0d75df3ab4e5c36833f5914089429c89513fda751ba6920e5e	0	0	2	2	0	RECORDED_NAME_QUERIES_TRAVERSED_NOT_PRIMARY_REVIEW	False	0	0	0	0			0	0	0			0		OPEN
CHEBI:132106	sodium propionate	data/antibiotics/antifungal/sodium-propionate.yaml	JXKPEJDQGNYQSM-UHFFFAOYSA-M	ANTIFUNGAL	637084d621380320c9e595b1221d791ee678af5ab08c11c82088bda40079f4d9	0	0	7	3	0	RECORDED_NAME_QUERIES_TRAVERSED_NOT_PRIMARY_REVIEW	False	0	0	0	0			0	0	0			0		OPEN
CHEBI:132112	sodium thiosulfate	data/antibiotics/antifungal/sodium-thiosulfate.yaml	AKHNMLFCWUSKQB-UHFFFAOYSA-L	ANTIFUNGAL	4e6790dcd784a67c22d4a798de0666ceced0d354635b18beea32b38e0696a03a	0	0	9	3	0	RECORDED_NAME_QUERIES_TRAVERSED_NOT_PRIMARY_REVIEW	False	0	0	0	0			0	0	0			0		OPEN
CHEBI:132152	triptofordin C 2	data/antibiotics/antiviral/triptofordin-c-2.yaml	FOIOSVGAFMLLDU-UDIRGPGZSA-N	ANTIVIRAL	2b40be22d708466096273f276294c22720a22d6785059bcde4908cdb06972fb5	0	0	5	2	0	RECORDED_NAME_QUERIES_TRAVERSED_NOT_PRIMARY_REVIEW	False	0	0	0	0			0	0	0			0		OPEN
CHEBI:132230	marbofloxacin	data/antibiotics/antibacterial/marbofloxacin.yaml	LPVVTHNMXSEIFM-UHFFFAOYSA-N	ANTIBACTERIAL	456587f5c509bc41868c85daef868a06c9f3df18ab214123c160e989fbcf1090	0	0	5	2	0	RECORDED_NAME_QUERIES_TRAVERSED_NOT_PRIMARY_REVIEW	False	0	0	0	0			0	0	0			0		OPEN
CHEBI:132299	methyl 2,5-dichlorobenzoate	data/antibiotics/antifungal/methyl-2-5-dichlorobenzoate.yaml	SPJQBGGHUDNAIC-UHFFFAOYSA-N	ANTIFUNGAL	280fb29dd057d258e083d2485de2f2aa32cf71885a16942fd6732ed2ae802f92	0	0	3	2	0	RECORDED_NAME_QUERIES_TRAVERSED_NOT_PRIMARY_REVIEW	False	0	0	0	0			0	0	0			0		OPEN
CHEBI:132345	canophyllal	data/antibiotics/antibacterial/canophyllal.yaml	ONRNCDHSZVITNY-TWWFCBCGSA-N	ANTIBACTERIAL	de65d3b3c4ebcea977daedfa45c03a7a5c12aafe8cd738deb4e35d0b069ae17f	0	0	4	2	0	RECORDED_NAME_QUERIES_TRAVERSED_NOT_PRIMARY_REVIEW	False	0	0	0	0			0	0	0			0		OPEN
CHEBI:132364	ethyl 3,4-dihydroxybenzoate	data/antibiotics/antibacterial/ethyl-3-4-dihydroxybenzoate.yaml	KBPUBCVJHFXPOC-UHFFFAOYSA-N	ANTIBACTERIAL	eecbbf31ec5803b05a5f8df04c3257dbdbb6fe80466a24e8b4dcc4d663722d91	0	0	5	2	0	RECORDED_NAME_QUERIES_TRAVERSED_NOT_PRIMARY_REVIEW	False	0	0	0	0			0	0	0			0		OPEN
CHEBI:132424	novclobiocin 109	data/antibiotics/unspecified/novclobiocin-109.yaml	PKUNXGQLUGXWJB-ZQZBKPNISA-N	ANTIMICROBIAL_UNSPECIFIED	78d6f1dac18486cc8c3ca8ea369d09877794f145e4f42f3f88e5b915bf4a3f11	0	0	2	2	0	RECORDED_NAME_QUERIES_TRAVERSED_NOT_PRIMARY_REVIEW	False	0	0	0	0			0	0	0			0		OPEN
CHEBI:132426	chondrochloren A	data/antibiotics/unspecified/chondrochloren-a.yaml	FYBGSKAWXCBCIQ-JRAUAZSASA-N	ANTIMICROBIAL_UNSPECIFIED	cd2662496dd0a00c022f1ea1388bbd24868a049c80a7894a112486bd985902a8	0	0	2	2	0	RECORDED_NAME_QUERIES_TRAVERSED_NOT_PRIMARY_REVIEW	False	0	0	0	0			0	0	0			0		OPEN
CHEBI:132442	chondrochloren B	data/antibiotics/unspecified/chondrochloren-b.yaml	BIBQKWSSQXEIHK-IRFDLBBPSA-N	ANTIMICROBIAL_UNSPECIFIED	5f5bbd191ab70ecc92aa2cf7b0530d8f501d7a8ee16de836ec3df695324250f9	0	0	2	2	0	RECORDED_NAME_QUERIES_TRAVERSED_NOT_PRIMARY_REVIEW	False	0	0	0	0			0	0	0			0		OPEN
CHEBI:132468	bacteriohopane-32,33,34,35-tetrol	data/antibiotics/unspecified/bacteriohopane-32-33-34-35-tetrol.yaml	JMKBTQYGOKJMBJ-ZQPPIKFSSA-N	ANTIMICROBIAL_UNSPECIFIED	a2382e09f097dee2a6ba7bcee209cf12c70254ef0b54dbc93738c569ef388bc1	0	0	6	3	0	RECORDED_NAME_QUERIES_TRAVERSED_NOT_PRIMARY_REVIEW	False	0	0	0	0			0	0	0			0		OPEN
CHEBI:132650	burchellin	data/antibiotics/antiprotozoal/burchellin.yaml	SOLJFAQVSWXZEQ-CFGAKRJMSA-N	ANTIPROTOZOAL	a74e1440ecb363cf1aadf3af74dde678e1186a72f79cfb74670c01f158619374	0	0	2	2	0	RECORDED_NAME_QUERIES_TRAVERSED_NOT_PRIMARY_REVIEW	False	0	0	0	0			0	0	0			0		OPEN
CHEBI:132842	sulfapyridine	data/antibiotics/unspecified/sulfapyridine.yaml	GECHUMIMRBOMGK-UHFFFAOYSA-N	ANTIMICROBIAL_UNSPECIFIED	69b99188c5acc8214558a3cef1ad73f89379374947b10c0aa607916f9972e3d3	0	0	18	6	0	RECORDED_NAME_QUERIES_TRAVERSED_NOT_PRIMARY_REVIEW	False	0	0	0	0			0	0	0			0		OPEN
CHEBI:132853	acteoside	data/antibiotics/antibacterial/acteoside.yaml	FBSKJMQYURKNSU-ZLSOWSIRSA-N	ANTIBACTERIAL	5365ffcaeb9ff3a31748112f1c1c00c88e14b5342c139bebeafe2a2f1d1bdcb8	0	0	5	2	0	RECORDED_NAME_QUERIES_TRAVERSED_NOT_PRIMARY_REVIEW	False	0	0	0	0			0	0	0			0		OPEN
CHEBI:132893	fangchinoline	data/antibiotics/antiviral/fangchinoline.yaml	IIQSJHUEZBTSAT-VMPREFPWSA-N	ANTIVIRAL	7d90dcca759fce5d4fbde2fb118a7b416165be3ee8f7d48c5483d3b20abb384b	0	0	6	3	0	RECORDED_NAME_QUERIES_TRAVERSED_NOT_PRIMARY_REVIEW	False	0	0	0	0			0	0	0			0		OPEN
CHEBI:132905	α-cadinol	data/antibiotics/antifungal/α-cadinol.yaml	LHYHMMRYTDARSZ-BYNSBNAKSA-N	ANTIFUNGAL	4b01f85b2637a1c03b8c434a575bc0378ccafe1d85a9377a1e4c90a991984a73	0	0	6	3	0	RECORDED_NAME_QUERIES_TRAVERSED_NOT_PRIMARY_REVIEW	False	0	0	0	0			0	0	0			0		OPEN
CHEBI:132906	(−)-Τ-muurolol	data/antibiotics/antifungal/τ-muurolol.yaml	LHYHMMRYTDARSZ-AJNGGQMLSA-N	ANTIFUNGAL	32837842a6b44dd8d54f911d9c67c14feb2cc0d845fb4da5273f7e36b83c3c83	0	0	8	3	0	RECORDED_NAME_QUERIES_TRAVERSED_NOT_PRIMARY_REVIEW	False	0	0	0	0			0	0	0			0		OPEN
CHEBI:132967	elbasvir	data/antibiotics/antiviral/elbasvir.yaml	BVAZQCUMNICBAQ-PZHYSIFUSA-N	ANTIVIRAL	faeedf917832dae5bf006c6cdcc315df267377b3eb4e4396ad42c837c7d59361	1	0	5	2	0	RECORDED_NAME_QUERIES_TRAVERSED_NOT_PRIMARY_REVIEW	False	0	0	0	0			0	0	0			0		OPEN
CHEBI:132975	grazoprevir	data/antibiotics/antiviral/grazoprevir.yaml	OBMNJSNZOWALQB-NCQNOWPTSA-N	ANTIVIRAL	9bec74acfbdd47fca7182cfdde9a957dc7b4242d15d864c5d79303a8ec42f33f	0	0	3	2	0	RECORDED_NAME_QUERIES_TRAVERSED_NOT_PRIMARY_REVIEW	False	0	0	0	0			0	0	0			0		OPEN
CHEBI:132987	alliin zwitterion	data/antibiotics/unspecified/alliin-zwitterion.yaml	XUHLIQGRKRUKPH-DYEAUMGKSA-N	ANTIMICROBIAL_UNSPECIFIED	bfe9ed2171c893cc9c36e500b25bed79e3e76abca13e90f8c8ce58e2f977c1d0	0	0	3	2	0	RECORDED_NAME_QUERIES_TRAVERSED_NOT_PRIMARY_REVIEW	False	0	0	0	0			0	0	0			0		OPEN
CHEBI:133009	velpatasvir	data/antibiotics/antiviral/velpatasvir.yaml	FHCUMDQMBHQXKK-CDIODLITSA-N	ANTIVIRAL	c78c620b667466dae3cb333f58752b5e110c79b60105c967d9ad04435c79befd	0	0	5	2	0	RECORDED_NAME_QUERIES_TRAVERSED_NOT_PRIMARY_REVIEW	False	0	0	0	0			0	0	0			0		OPEN
CHEBI:133034	yanuthone L	data/antibiotics/antifungal/yanuthone-l.yaml	ULUIYCOUZXIMPX-XXMQOAAMSA-N	ANTIFUNGAL	72b0b974883469e64d3ce4cb0600826997497d299d4bf660b36077914d992fb7	0	0	3	2	0	RECORDED_NAME_QUERIES_TRAVERSED_NOT_PRIMARY_REVIEW	False	0	0	0	0			0	0	0			0		OPEN
CHEBI:133035	yanuthone K	data/antibiotics/antifungal/yanuthone-k.yaml	DOKAHTTXUSOTHL-YVCJEVKHSA-N	ANTIFUNGAL	0a7651ad63c2a2a95c95397d92da4d4de00965fac9b95a87ab60bc72f72f01d1	0	0	3	2	0	RECORDED_NAME_QUERIES_TRAVERSED_NOT_PRIMARY_REVIEW	False	0	0	0	0			0	0	0			0		OPEN
CHEBI:133036	yanuthone M	data/antibiotics/antifungal/yanuthone-m.yaml	UDCFQVYVEMPFKM-CTPBMWBYSA-N	ANTIFUNGAL	7e7c30a6925b0e9582f17ce830bd0fe1aaf0695a41bffe09d375c9f60ed06360	0	0	3	2	0	RECORDED_NAME_QUERIES_TRAVERSED_NOT_PRIMARY_REVIEW	False	0	0	0	0			0	0	0			0		OPEN
CHEBI:133037	yanuthone X2	data/antibiotics/antifungal/yanuthone-x2.yaml	URXBIEAAUGXNIJ-ITGDQCKOSA-N	ANTIFUNGAL	df8372020cbbefb440f4f4cc749c1c7130f3b51ddd602299763555799e287bde	0	0	3	2	0	RECORDED_NAME_QUERIES_TRAVERSED_NOT_PRIMARY_REVIEW	False	0	0	0	0			0	0	0			0		OPEN
CHEBI:133127	lugdunin	data/antibiotics/antibacterial/lugdunin.yaml	QZNGYMKAHFFKCJ-ZBQZSICZSA-N	ANTIBACTERIAL	54604e007195af17e30caad7c9bc117060f1347e9c782fcb802da4567d2c412d	0	0	2	2	0	RECORDED_NAME_QUERIES_TRAVERSED_NOT_PRIMARY_REVIEW	False	0	0	0	0			0	0	0			0		OPEN
CHEBI:133224	kaempferol 3,7-di-O-β-D-glucoside	data/antibiotics/antiprotozoal/kaempferol-3-7-di-o-β-d-glucoside.yaml	XFFQVRFGLSBFON-DEFKTLOSSA-N	ANTIPROTOZOAL	7d7f07f1d1021303f47e5bd4cfa0128e11d378574d4d1262e8abc81524858384	0	0	10	4	0	RECORDED_NAME_QUERIES_TRAVERSED_NOT_PRIMARY_REVIEW	False	0	0	0	0			0	0	0			0		OPEN
CHEBI:133621	valanimycin	data/antibiotics/unspecified/valanimycin.yaml	DTXMRELKPKEPSO-HJWRWDBZSA-N	ANTIMICROBIAL_UNSPECIFIED	7475e3086e45c36727cde6c8faca62fca0b13a081c8151691fc9b2e7f77add4e	0	0	4	2	0	RECORDED_NAME_QUERIES_TRAVERSED_NOT_PRIMARY_REVIEW	False	0	0	0	0			0	0	0			0		OPEN
CHEBI:133741	(E)-dodec-2-enal	data/antibiotics/antibacterial/e-dodec-2-enal.yaml	SSNZFFBDIMUILS-ZHACJKMWSA-N	ANTIBACTERIAL	3ae8d45e2c23df164db51a4077ae95b1ba0803ecaa468870f94aa8d877bbc20a	0	0	8	3	0	RECORDED_NAME_QUERIES_TRAVERSED_NOT_PRIMARY_REVIEW	False	0	0	0	0			0	0	0			0		OPEN
CHEBI:133757	fonsecinone C	data/antibiotics/antibacterial/fonsecinone-c.yaml	XWHLKURAEUPHAB-UHFFFAOYSA-N	ANTIBACTERIAL	d3f0f230f5692785f5ef4c1481b1076590ed1ffc7df8225db55b4cef455cfed0	0	0	2	2	0	RECORDED_NAME_QUERIES_TRAVERSED_NOT_PRIMARY_REVIEW	False	0	0	0	0			0	0	0			0		OPEN
CHEBI:133759	fonsecinone A	data/antibiotics/antibacterial/fonsecinone-a.yaml	FFNPXDMNZBCNMN-UHFFFAOYSA-N	ANTIBACTERIAL	cada8c120c8b3fad0f163d024d67cf01e73d85b45e2f2a02a5c9ed6b9a4f076f	0	0	2	2	0	RECORDED_NAME_QUERIES_TRAVERSED_NOT_PRIMARY_REVIEW	False	0	0	0	0			0	0	0			0		OPEN
CHEBI:133760	aurasperone A	data/antibiotics/antiprotozoal/aurasperone-a.yaml	QAHRSPAZSGMZMT-UHFFFAOYSA-N	ANTIPROTOZOAL	0f8290bd106df9dfe6409a0e931256d101590d1294f64ade10d97f1b7bb1d81e	0	0	4	2	0	RECORDED_NAME_QUERIES_TRAVERSED_NOT_PRIMARY_REVIEW	False	0	0	0	0			0	0	0			0		OPEN
CHEBI:133814	flavasperone	data/antibiotics/antiviral/flavasperone.yaml	ARXPDHLVDOYIPX-UHFFFAOYSA-N	ANTIVIRAL	7de025bd3383f78198ded7a939b2c7b09680a2b66d1760aa2831530ec0abc342	0	0	6	3	0	RECORDED_NAME_QUERIES_TRAVERSED_NOT_PRIMARY_REVIEW	False	0	0	0	0			0	0	0			0		OPEN
CHEBI:133817	doxorubicinol	data/antibiotics/unspecified/doxorubicinol.yaml	NKZRZOVSJNSBFR-FEMMEMONSA-N	ANTIMICROBIAL_UNSPECIFIED	7add01664d09259aa9d4d906fd067340a6c66f5879c5dce78fd319a8d4dee36e	0	0	6	3	0	RECORDED_NAME_QUERIES_TRAVERSED_NOT_PRIMARY_REVIEW	False	0	0	0	0			0	0	0			0		OPEN
CHEBI:133824	GNF6702	data/antibiotics/antiprotozoal/gnf6702.yaml	WXZFCGRYVWYYTG-UHFFFAOYSA-N	ANTIPROTOZOAL	eeab18eb3124f6cad94d55741bd6540486d40d49785e7658b3c6464202c251fa	0	0	4	2	0	RECORDED_NAME_QUERIES_TRAVERSED_NOT_PRIMARY_REVIEW	False	0	0	0	0			0	0	0			0		OPEN
CHEBI:133829	tensyuic acid C	data/antibiotics/antibacterial/tensyuic-acid-c.yaml	STUMFFBVBKIJSG-UHFFFAOYSA-N	ANTIBACTERIAL	8861491394f9144de9ceeda4ce1bef206dbd27c36e3bcfb2e2714262cdc10a99	0	0	6	3	0	RECORDED_NAME_QUERIES_TRAVERSED_NOT_PRIMARY_REVIEW	False	0	0	0	0			0	0	0			0		OPEN
CHEBI:133833	benznidazole	data/antibiotics/antiprotozoal/benznidazole.yaml	CULUWZNBISUWAS-UHFFFAOYSA-N	ANTIPROTOZOAL	69d88e05b1ea2751160634e942352a975e07947b1e4de890f16002c397748421	0	0	7	3	0	RECORDED_NAME_QUERIES_TRAVERSED_NOT_PRIMARY_REVIEW	False	0	0	0	0			0	0	0			0		OPEN
CHEBI:133841	yanuthone D	data/antibiotics/antifungal/yanuthone-d.yaml	NIBXHVDVUJEQPO-MHVGILDJSA-N	ANTIFUNGAL	325096661c1ea788fac8ae34044358404f1c366f085bffc8c1dcc1d4392c53d3	0	0	2	2	0	RECORDED_NAME_QUERIES_TRAVERSED_NOT_PRIMARY_REVIEW	False	0	0	0	0			0	0	0			0		OPEN
CHEBI:133876	S-acetylglutathione	data/antibiotics/antiviral/s-acetylglutathione.yaml	FVRWSIPJNWXCEO-YUMQZZPRSA-N	ANTIVIRAL	2f5c02455f852a209cab8aa8bd96a2525b0df5e5ddc297a73c43fa247d92ce03	0	0	4	2	0	RECORDED_NAME_QUERIES_TRAVERSED_NOT_PRIMARY_REVIEW	False	0	0	0	0			0	0	0			0		OPEN
CHEBI:133907	hypothiocyanous acid	data/antibiotics/antibacterial/hypothiocyanous-acid.yaml	ZCZCOXLLICTZAH-UHFFFAOYSA-N	ANTIBACTERIAL	4d0b2be0c1c5906829b3f8ecaf36a0710ddb542d9415b0686a4a605f23ec0ed5	0	0	6	3	0	RECORDED_NAME_QUERIES_TRAVERSED_NOT_PRIMARY_REVIEW	False	0	0	0	0			0	0	0			0		OPEN
CHEBI:134107	CHIR-090	data/antibiotics/unspecified/chir-090.yaml	FQYBTYFKOHPWQT-VGSWGCGISA-N	ANTIMICROBIAL_UNSPECIFIED	456ef905557a72444f3eda75d5737930ed82f856f71ff765cc5cb6bd035c169e	0	0	2	2	0	RECORDED_NAME_QUERIES_TRAVERSED_NOT_PRIMARY_REVIEW	False	0	0	0	0			0	0	0			0		OPEN
CHEBI:134184	pateamine	data/antibiotics/antiviral/pateamine.yaml	DSPNTLCJTJBXTD-IRNRRZNASA-N	ANTIVIRAL	3070c61f471d26797ab6b00fd6410ef145c87d0ea30aedef5f46c608b090abb6	0	0	4	2	0	RECORDED_NAME_QUERIES_TRAVERSED_NOT_PRIMARY_REVIEW	False	0	0	0	0			0	0	0			0		OPEN
CHEBI:134191	20-oxo-5-O-β-mycaminosyltylactone	data/antibiotics/unspecified/20-oxo-5-o-β-mycaminosyltylactone.yaml	FERSDKADYZRIAA-CQGKBTLCSA-N	ANTIMICROBIAL_UNSPECIFIED	4ed96de8c9a2cebbab5a2c6f91a23dbcf6287d21efccadd06cba3d9d61f78864	0	0	5	2	0	RECORDED_NAME_QUERIES_TRAVERSED_NOT_PRIMARY_REVIEW	False	0	0	0	0			0	0	0			0		OPEN
CHEBI:134347	glandicoline B	data/antibiotics/antibacterial/glandicoline-b.yaml	YEVSOYBNHBOQJZ-GCTRCSCRSA-N	ANTIBACTERIAL	537515d421eedfeb22e379dbbad16d8e8291e5dad4e760cf466f5a9253512470	0	0	2	2	0	RECORDED_NAME_QUERIES_TRAVERSED_NOT_PRIMARY_REVIEW	False	0	0	0	0			0	0	0			0		OPEN
CHEBI:134411	N-palmitoyl-S-[2,3-bis(palmitoyloxy)propyl]-Cys-Ser-Lys-Lys-Lys-Lys	data/antibiotics/unspecified/n-palmitoyl-s-2-3-bis-palmitoyloxy-propyl-cys-ser-lys-lys-lys-lys.yaml	ACYXXCRNFRQHBB-RXUNMRDHSA-N	ANTIMICROBIAL_UNSPECIFIED	6cf390e0524008841e784131db99e12d23273a0566229d8c750281c543ace96d	0	0	7	3	0	RECORDED_NAME_QUERIES_TRAVERSED_NOT_PRIMARY_REVIEW	False	0	0	0	0			0	0	0			0		OPEN
CHEBI:134504	tenofovir(1−)	data/antibiotics/antiviral/tenofovir-1.yaml	SGOIRFVFHAKUTI-ZCFIWIBFSA-M	ANTIVIRAL	12dcb1b85a74ed102fee97c41afb87607d772d727c0e3907df25880decd82987	0	0	4	2	1	RECORDED_NAME_QUERIES_TRAVERSED_NOT_PRIMARY_REVIEW	False	0	0	0	0			0	0	0			0		OPEN
CHEBI:134543	(R)-4-hydroxy-1-methyl-L-proline	data/antibiotics/antiviral/r-4-hydroxy-1-methyl-l-proline.yaml	FMIPNAUMSPFTHK-UHNVWZDZSA-N	ANTIVIRAL	f96156046fa43d50577f99c2c97a05be0940682081c4879e801b426c860665c5	0	0	6	3	0	RECORDED_NAME_QUERIES_TRAVERSED_NOT_PRIMARY_REVIEW	False	0	0	0	0			0	0	0			0		OPEN
CHEBI:134606	toyocamycin	data/antibiotics/antifungal/toyocamycin.yaml	XOKJUSAYZUAMGJ-WOUKDFQISA-N	ANTIFUNGAL	02c14af668d4affd93dbfa538b4623ba34494636caf439885958e0edb97d8092	0	0	14	5	0	RECORDED_NAME_QUERIES_TRAVERSED_NOT_PRIMARY_REVIEW	False	0	0	0	0			0	0	0			0		OPEN
CHEBI:134614	methylene bis(thiocyanate)	data/antibiotics/antibacterial/methylene-bis-thiocyanate.yaml	JWZXKXIUSSIAMR-UHFFFAOYSA-N	ANTIBACTERIAL	1e25722072d6cf964be124b3b77fb4b526859fbb7311d0c5e74d2d8385db879f	0	0	10	4	0	RECORDED_NAME_QUERIES_TRAVERSED_NOT_PRIMARY_REVIEW	False	0	0	0	0			0	0	0			0		OPEN
CHEBI:134705	etimicin	data/antibiotics/antibacterial/etimicin.yaml	NZGMVSJQULXLHF-RAKCNUBFSA-N	ANTIBACTERIAL	4e17237c2e7b9111d9869955958030330b23ab4d6102676dfcb1816b24271859	0	0	6	3	0	RECORDED_NAME_QUERIES_TRAVERSED_NOT_PRIMARY_REVIEW	False	0	0	0	0			0	0	0			0		OPEN
CHEBI:134719	ceftolozane	data/antibiotics/antibacterial/ceftolozane.yaml	JHFNIHVVXRKLEF-DCZLAGFPSA-N	ANTIBACTERIAL	18654f1d8800e940b1fdf29fc83b90d501cacae430e8878163eee3270c4dd668	2	0	7	3	1	RECORDED_NAME_QUERIES_TRAVERSED_NOT_PRIMARY_REVIEW	False	2	2	2	0	UniProtKB:A0A2R4A8Y7|UniProtKB:A0A2R4PHC7	NCBITaxon:287|NCBITaxon:562	0	0	0			0		OPEN
CHEBI:134722	favipiravir	data/antibiotics/antiviral/favipiravir.yaml	ZCGNOVWYSGBHAU-UHFFFAOYSA-N	ANTIVIRAL	33c52ddebf2061e06266d7bafd1fd38716e5f121e4bcaf30924ba9db34a559fc	0	0	13	4	0	RECORDED_NAME_QUERIES_TRAVERSED_NOT_PRIMARY_REVIEW	False	0	0	0	0			0	0	0			0		OPEN
CHEBI:134742	delamanid	data/antibiotics/antibacterial/delamanid.yaml	XDAOLTSRNUSPPH-XMMPIXPASA-N	ANTIBACTERIAL	c532d157179c1393d757f63226613e07175dc26683f798c1f6a44b827257e780	5	0	2	2	1	RECORDED_NAME_QUERIES_TRAVERSED_NOT_PRIMARY_REVIEW	False	5	5	0	5			0	0	0			0		OPEN
CHEBI:134958	thioacetazone	data/antibiotics/antibacterial/thioacetazone.yaml	SRVJKTDHMYAMHA-UHFFFAOYSA-N	ANTIBACTERIAL	14c6467be869f748f8c770321b80f8f99f48fea4d0836cead8d22f639c279fcd	0	0	3	2	0	RECORDED_NAME_QUERIES_TRAVERSED_NOT_PRIMARY_REVIEW	False	0	0	0	0			0	0	0			0		OPEN
CHEBI:135029	cycloguanil	data/antibiotics/antiprotozoal/cycloguanil.yaml	QMNFFXRFOJIOKZ-UHFFFAOYSA-N	ANTIPROTOZOAL	383462282c2feb6435b920b25da11e9aec99639f63feba2d868111f35d5b613b	0	0	4	2	1	RECORDED_NAME_QUERIES_TRAVERSED_NOT_PRIMARY_REVIEW	False	0	0	0	0			0	0	0			0		OPEN
CHEBI:135136	nifuroxazide	data/antibiotics/antibacterial/nifuroxazide.yaml	YCWSUKQGVSGXJO-NTUHNPAUSA-N	ANTIBACTERIAL	af0080e54a33a9f979e1b3dbac057b7422dc1fa4f6aa45abf6011db3fd404e44	0	0	1	1	0	RECORDED_NAME_QUERIES_TRAVERSED_NOT_PRIMARY_REVIEW	False	0	0	0	0			0	0	0			0		OPEN
CHEBI:135173	taurolidine	data/antibiotics/antibacterial/taurolidine.yaml	AJKIRUJIDFJUKJ-UHFFFAOYSA-N	ANTIBACTERIAL	1b9b7703f213e8b351d93a4fa030c090f049892eb3a109bf4c5077689ff1ced3	0	0	10	4	0	RECORDED_NAME_QUERIES_TRAVERSED_NOT_PRIMARY_REVIEW	False	0	0	0	0			0	0	0			0		OPEN
CHEBI:135180	nifuratel	data/antibiotics/antibacterial/nifuratel.yaml	SRQKTCXJCCHINN-NYYWCZLTSA-N	ANTIBACTERIAL	5e36d45aa90e8f663e0455f21cfda564c46c0fbe0cc33814017fd837f9a9fb36	0	0	1	1	0	RECORDED_NAME_QUERIES_TRAVERSED_NOT_PRIMARY_REVIEW	False	0	0	0	0			0	0	0			0		OPEN
CHEBI:135238	azidamfenicol	data/antibiotics/antibacterial/azidamfenicol.yaml	SGRUZFCHLOFYHZ-MWLCHTKSSA-N	ANTIBACTERIAL	75617cbdd690d915e9b4996dadcb8b413ac2becee017147d992bc49407e4965c	24	0	1	1	0	RECORDED_NAME_QUERIES_TRAVERSED_NOT_PRIMARY_REVIEW	False	24	24	21	3	UniProtKB:A0A0D5ZYE7|UniProtKB:A0A0X1L243|UniProtKB:A0AAV3BDF9|UniProtKB:A2AXI2|UniProtKB:A7Z1T2|UniProtKB:B8Y897|UniProtKB:C0ZJA6|UniProtKB:P00484|UniProtKB:P00487|UniProtKB:P22616|UniProtKB:P26825|UniProtKB:P26826|UniProtKB:P26841|UniProtKB:P50868|UniProtKB:P62580|UniProtKB:P94902|UniProtKB:Q02736|UniProtKB:Q54803|UniProtKB:Q5WJ42|UniProtKB:Q83ZX9|UniProtKB:Q9R818	NCBITaxon:1292|NCBITaxon:1314|NCBITaxon:1408|NCBITaxon:1492|NCBITaxon:1502|NCBITaxon:1598|NCBITaxon:208964|NCBITaxon:287|NCBITaxon:326423|NCBITaxon:345072|NCBITaxon:358681|NCBITaxon:373665|NCBITaxon:470|NCBITaxon:548|NCBITaxon:562|NCBITaxon:66692|NCBITaxon:727|NCBITaxon:747|NCBITaxon:90370	0	0	0			0		OPEN
CHEBI:135281	neticonazole	data/antibiotics/antifungal/neticonazole.yaml	VWOIKFDZQQLJBJ-DTQAZKPQSA-N	ANTIFUNGAL	113c9571faafc58ac22a222701fa506bf7407bfe02d0eee36728e53241cd9594	0	0	6	3	0	RECORDED_NAME_QUERIES_TRAVERSED_NOT_PRIMARY_REVIEW	False	0	0	0	0			0	0	0			0		OPEN
CHEBI:135420	tetroxoprim	data/antibiotics/antibacterial/tetroxoprim.yaml	WSWJIZXMAUYHOE-UHFFFAOYSA-N	ANTIBACTERIAL	e4dc236847c1f9f03481b2fee5e107290a9e75c4361c95436dd7fb8c796fed9a	0	0	1	1	0	RECORDED_NAME_QUERIES_TRAVERSED_NOT_PRIMARY_REVIEW	False	0	0	0	0			0	0	0			0		OPEN
CHEBI:135437	cefacetrile	data/antibiotics/antibacterial/cefacetrile.yaml	RRYMAQUWDLIUPV-BXKDBHETSA-N	ANTIBACTERIAL	514e2cd81f93de5ee0ea77126952a566ec2b55db6c177f3c865478127050f96d	0	0	8	3	0	RECORDED_NAME_QUERIES_TRAVERSED_NOT_PRIMARY_REVIEW	False	0	0	0	0			0	0	0			0		OPEN
CHEBI:135467	sulbactam pivoxil	data/antibiotics/unspecified/sulbactam-pivoxil.yaml	OHPVYKXTRACOSQ-ZJUUUORDSA-N	ANTIMICROBIAL_UNSPECIFIED	4236ad9e1e9e2a6e8a40be68a0ece438dbcd26e2534bc5e800dc1276212918d1	0	0	7	3	0	RECORDED_NAME_QUERIES_TRAVERSED_NOT_PRIMARY_REVIEW	False	0	0	0	0			0	0	0			0		OPEN
CHEBI:135477	halocarban	data/antibiotics/antibacterial/halocarban.yaml	ZFSXZJXLKAJIGS-UHFFFAOYSA-N	ANTIBACTERIAL	86433e675ca9fea03be2bf9b90a77316f4a4b030ef64eb2b2be7febe89bd1e0a	0	0	8	3	0	RECORDED_NAME_QUERIES_TRAVERSED_NOT_PRIMARY_REVIEW	False	0	0	0	0			0	0	0			0		OPEN
CHEBI:135629	cefetamet	data/antibiotics/antibacterial/cefetamet.yaml	MQLRYUCJDNBWMV-GHXIOONMSA-N	ANTIBACTERIAL	ac7b9f5d1ca3a7d8f769f3917f2173619c828408fdd00f84bbd8e9149aaddce8	0	0	7	3	0	RECORDED_NAME_QUERIES_TRAVERSED_NOT_PRIMARY_REVIEW	False	0	0	0	0			0	0	0			0		OPEN
CHEBI:135632	camostat	data/antibiotics/antiviral/camostat.yaml	XASIMHXSUQUHLV-UHFFFAOYSA-N	ANTIVIRAL	c5635e3c74f23e59209346acd381adb2677392a0f911b621e74dd51bf7f1ecf1	0	0	5	2	0	RECORDED_NAME_QUERIES_TRAVERSED_NOT_PRIMARY_REVIEW	False	0	0	0	0			0	0	0			0		OPEN
CHEBI:135716	ceftezole	data/antibiotics/antibacterial/ceftezole.yaml	DZMVCVMFETWNIU-LDYMZIIASA-N	ANTIBACTERIAL	74c7a7a88267111e0df08e02b80ac2f544023321d4b737ff6fc4c3336593435d	0	0	9	3	0	RECORDED_NAME_QUERIES_TRAVERSED_NOT_PRIMARY_REVIEW	False	0	0	0	0			0	0	0			0		OPEN
CHEBI:135732	sofalcone	data/antibiotics/antibacterial/sofalcone.yaml	GFWRVVCDTLRWPK-KPKJPENVSA-N	ANTIBACTERIAL	e2ab29f66f575ff120bda08df9a48a425cbafdaeb70f2ec1f0a2b42ce3493974	0	0	9	3	0	RECORDED_NAME_QUERIES_TRAVERSED_NOT_PRIMARY_REVIEW	False	0	0	0	0			0	0	0			0		OPEN
CHEBI:135748	lenampicillin	data/antibiotics/unspecified/lenampicillin.yaml	ZKUKMWMSYCIYRD-ZXFNITATSA-N	ANTIMICROBIAL_UNSPECIFIED	02a03ae546bc95f28cdc0f65dced264ac840aac7a03b93fccff4cd832fefc5fa	0	0	8	3	0	RECORDED_NAME_QUERIES_TRAVERSED_NOT_PRIMARY_REVIEW	False	0	0	0	0			0	0	0			0		OPEN
CHEBI:135776	cefteram	data/antibiotics/antibacterial/cefteram.yaml	XSPUSVIQHBDITA-RKYNPMAHSA-N	ANTIBACTERIAL	6e42120a9477abba4ff265f317ec978f9d45aad697665289589a8d70b554c29c	0	0	5	2	0	RECORDED_NAME_QUERIES_TRAVERSED_NOT_PRIMARY_REVIEW	False	0	0	0	0			0	0	0			0		OPEN
CHEBI:135779	amrubicin	data/antibiotics/unspecified/amrubicin.yaml	VJZITPJGSQKZMX-XDPRQOKASA-N	ANTIMICROBIAL_UNSPECIFIED	f4d2b85f670912f74582a0d9ab4219f632ae038d4e4c14585c00478db0d9e39c	0	0	7	3	0	RECORDED_NAME_QUERIES_TRAVERSED_NOT_PRIMARY_REVIEW	False	0	0	0	0			0	0	0			0		OPEN
CHEBI:135813	flomoxef	data/antibiotics/antibacterial/flomoxef.yaml	UHRBTBZOWWGKMK-DOMZBBRYSA-N	ANTIBACTERIAL	1e7835c7dd7da6d5e86c74eed4944e4ffbfaf080039245d87cb008d795b4148b	2	0	4	2	0	RECORDED_NAME_QUERIES_TRAVERSED_NOT_PRIMARY_REVIEW	False	2	2	1	1	UniProtKB:P30899	NCBITaxon:821	0	0	0			0		OPEN
CHEBI:135817	cefminox	data/antibiotics/antibacterial/cefminox.yaml	JSDXOWVAHXDYCU-VXSYNFHWSA-N	ANTIBACTERIAL	ddf9cfe751730dc3b16caa1807a5494b0f7125afa7f2d0f1f56348322ef35e1b	0	0	5	2	0	RECORDED_NAME_QUERIES_TRAVERSED_NOT_PRIMARY_REVIEW	False	0	0	0	0			0	0	0			0		OPEN
CHEBI:135856	cefbuperazone	data/antibiotics/antibacterial/cefbuperazone.yaml	SMSRCGPDNDCXFR-CYWZMYCQSA-N	ANTIBACTERIAL	a8ef2bbcccd1389faba7a8fc25056633d821061b0badbc1b57a2902032dba211	0	0	7	3	0	RECORDED_NAME_QUERIES_TRAVERSED_NOT_PRIMARY_REVIEW	False	0	0	0	0			0	0	0			0		OPEN
CHEBI:135928	doripenem	data/antibiotics/antibacterial/doripenem.yaml	AVAACINZEOAHHE-VFZPANTDSA-N	ANTIBACTERIAL	e32ebbf36f0120e3217df31283b7a83f010bae656b92e67f4881c23a99bdabde	3	0	4	2	2	RECORDED_NAME_QUERIES_TRAVERSED_NOT_PRIMARY_REVIEW	False	3	3	3	0	UniProtKB:A0A0U3IB62|UniProtKB:A0A2R4PHC7|UniProtKB:U3U4Q6	NCBITaxon:287|NCBITaxon:43263|NCBITaxon:666	0	0	0			0		OPEN
CHEBI:136047	vaniprevir	data/antibiotics/antiviral/vaniprevir.yaml	KUQWGLQLLVFLSM-ONAXAZCASA-N	ANTIVIRAL	490200454d25d51d874cc3286dd4f6c01986a1dee51adf046340b2f0ef35f3cf	1	0	8	3	0	RECORDED_NAME_QUERIES_TRAVERSED_NOT_PRIMARY_REVIEW	False	0	0	0	0			0	0	0			0		OPEN
CHEBI:136053	nemonoxacin	data/antibiotics/antibacterial/nemonoxacin.yaml	AVPQPGFLVZTJOR-RYUDHWBXSA-N	ANTIBACTERIAL	27cf12cc1b6e094c03c43c5202a998924b4baf4f51140ec811cd5ed687e3db6c	0	0	1	1	0	RECORDED_NAME_QUERIES_TRAVERSED_NOT_PRIMARY_REVIEW	False	0	0	0	0			0	0	0			0		OPEN
CHEBI:136054	arterolane	data/antibiotics/antiprotozoal/arterolane.yaml	VXYZBLXGCYNIHP-MMNSZCNZSA-N	ANTIPROTOZOAL	deb6675595f29a8fad3650bd3b9347ad1a1f08abd64ceb1c949c6e46c0489f46	0	0	9	3	0	RECORDED_NAME_QUERIES_TRAVERSED_NOT_PRIMARY_REVIEW	False	0	0	0	0			0	0	0			0		OPEN
CHEBI:136340	fenpicoxamid	data/antibiotics/antifungal/fenpicoxamid.yaml	QGTOTYJSCYHYFK-RBODFLQRSA-N	ANTIFUNGAL	c3d7dc14d3885ded1d0cfd6cb02c2fb79556385fc4b3b2a3e742879929b586c0	2	0	5	2	0	RECORDED_NAME_QUERIES_TRAVERSED_NOT_PRIMARY_REVIEW	True	0	0	0	0			2	2	0	fouche-2022-parent-cohort-context		0		OPEN
CHEBI:136532	8-azahypoxanthine	data/antibiotics/antiprotozoal/8-azahypoxanthine.yaml	OEEYCNOOAHGFHL-UHFFFAOYSA-N	ANTIPROTOZOAL	4b27c02893cf5dd0847d8526382f2078f9b40b7f7589db2ca643158bf4727abf	0	0	6	3	0	RECORDED_NAME_QUERIES_TRAVERSED_NOT_PRIMARY_REVIEW	False	0	0	0	0			0	0	0			0		OPEN
CHEBI:136609	theaflavin	data/antibiotics/antibacterial/theaflavin.yaml	IPMYMEWFZKHGAX-ZKSIBHASSA-N	ANTIBACTERIAL	c50981c26aa73b34c325f404da900aa2f209a7d21c2ea889b45cd57030682600	0	0	7	3	0	RECORDED_NAME_QUERIES_TRAVERSED_NOT_PRIMARY_REVIEW	False	0	0	0	0			0	0	0			0		OPEN
CHEBI:137041	quinine(1+)	data/antibiotics/antiprotozoal/quinine-1.yaml	LOUPRKONTZGTKE-WZBLMQSHSA-O	ANTIPROTOZOAL	f65988997ec13879521251af0d86a67954f8dd69ee0be7c2608d5b4e831ff817	0	0	3	2	1	RECORDED_NAME_QUERIES_TRAVERSED_NOT_PRIMARY_REVIEW	False	0	0	0	0			0	0	0			0		OPEN
CHEBI:137081	CORM 3	data/antibiotics/antibacterial/corm-3.yaml	KNIGBBVETQCJTQ-UHFFFAOYSA-L	ANTIBACTERIAL	afd223d96e67b40683dcfd172dd9edc57145523b9ba238eaded435c34b876391	0	0	5	2	0	RECORDED_NAME_QUERIES_TRAVERSED_NOT_PRIMARY_REVIEW	False	0	0	0	0			0	0	0			0		OPEN
CHEBI:137236	ilomastat	data/antibiotics/antibacterial/ilomastat.yaml	NITYDPDXAAFEIT-DYVFJYSZSA-N	ANTIBACTERIAL	91f511d44d4307d408a8f9b4419b786e84da694277d1341ab2d9af424cdfd8d0	0	0	7	3	0	RECORDED_NAME_QUERIES_TRAVERSED_NOT_PRIMARY_REVIEW	False	0	0	0	0			0	0	0			0		OPEN
CHEBI:137426	dehydroacetic acid	data/antibiotics/antibacterial/dehydroacetic-acid.yaml	PGRHXDWITVMQBC-UHFFFAOYSA-N	ANTIBACTERIAL	4839975b6ddb60b84843f36f8b22711871226460ed27eb1bc650994ba62e7581	0	0	4	2	0	RECORDED_NAME_QUERIES_TRAVERSED_NOT_PRIMARY_REVIEW	False	0	0	0	0			0	0	0			0		OPEN
CHEBI:137441	(E)-1-hydroxy-2-(non-1-en-1-yl)quinolin-4-one	data/antibiotics/antibacterial/e-1-hydroxy-2-non-1-en-1-yl-quinolin-4-one.yaml	LOUOCBKBIWBTTR-DHZHZOJOSA-N	ANTIBACTERIAL	75a4bdb4bd41cc2142c16c139ef891811aad9d286606a96872ba242d70f7ddc4	0	0	3	2	0	RECORDED_NAME_QUERIES_TRAVERSED_NOT_PRIMARY_REVIEW	False	0	0	0	0			0	0	0			0		OPEN
CHEBI:138066	nocamycin I	data/antibiotics/antibacterial/nocamycin-i.yaml	DTURANKMSHIDDI-GMYASLLUSA-N	ANTIBACTERIAL	872b27e5d455f3fdf1fa13caa01a382942e048ae84528c483c59ef1349183db2	0	0	7	3	0	RECORDED_NAME_QUERIES_TRAVERSED_NOT_PRIMARY_REVIEW	False	0	0	0	0			0	0	0			0		OPEN
CHEBI:138179	aspirin-triggered resolvin D1	data/antibiotics/antiviral/aspirin-triggered-resolvin-d1.yaml	OIWTWACQMDFHJG-BJEBZIPWSA-N	ANTIVIRAL	a3ce698a9bfd9010035d60b392d6833d7b344ace6a1db2a7c2977db4927ef64f	0	0	9	3	0	RECORDED_NAME_QUERIES_TRAVERSED_NOT_PRIMARY_REVIEW	False	0	0	0	0			0	0	0			0		OPEN
CHEBI:138224	(13R)-epi-8,13-epoxylabd-14-ene	data/antibiotics/antibacterial/13r-epi-8-13-epoxylabd-14-ene.yaml	IGGWKHQYMAJOHK-QVHQYWGISA-N	ANTIBACTERIAL	8350eaabc6a73c92b3bdd1b9e2dcf60416d0752cbac69e72ca5d39b651d05db6	0	0	4	2	0	RECORDED_NAME_QUERIES_TRAVERSED_NOT_PRIMARY_REVIEW	False	0	0	0	0			0	0	0			0		OPEN
CHEBI:138236	oridonin	data/antibiotics/antibacterial/oridonin.yaml	SDHTXBWLVGWJFT-XKCURVIJSA-N	ANTIBACTERIAL	3b345f84c6e60d0ca79693d03f29a0481ca70553d7b57f5d438eba2645420bbf	0	0	5	2	0	RECORDED_NAME_QUERIES_TRAVERSED_NOT_PRIMARY_REVIEW	False	0	0	0	0			0	0	0			0		OPEN
CHEBI:138243	rubesanolide D	data/antibiotics/antibacterial/rubesanolide-d.yaml	XAPXKNWMZURWMY-VQEGESQYSA-N	ANTIBACTERIAL	3456511220ef48f3d8472ac1d86869e1f68a183eb28a59bfd158310ea05dd7da	0	0	2	2	0	RECORDED_NAME_QUERIES_TRAVERSED_NOT_PRIMARY_REVIEW	False	0	0	0	0			0	0	0			0		OPEN
CHEBI:138488	alsterpaullone	data/antibiotics/antiviral/alsterpaullone.yaml	OLUKILHGKRVDCT-UHFFFAOYSA-N	ANTIVIRAL	f8ce3a6d12336f7e12fdd74f41bc4f08a88efe369230b8bd98092d6d321ddc2c	0	0	5	2	0	RECORDED_NAME_QUERIES_TRAVERSED_NOT_PRIMARY_REVIEW	False	0	0	0	0			0	0	0			0		OPEN
CHEBI:138511	piericidin A	data/antibiotics/unspecified/piericidin-a.yaml	BBLGCDSLCDDALX-LKGBESRRSA-N	ANTIMICROBIAL_UNSPECIFIED	973faa9f5e23b605fec97999e5b82f775bcf30eef17c65e5eba09b747f82a30b	0	0	9	3	0	RECORDED_NAME_QUERIES_TRAVERSED_NOT_PRIMARY_REVIEW	False	0	0	0	0			0	0	0			0		OPEN
CHEBI:138856	oxolinic acid	data/antibiotics/antibacterial/oxolinic-acid.yaml	KYGZCKSPAKDVKC-UHFFFAOYSA-N	ANTIBACTERIAL	f3458cdb8f8be2a6c2a5bcc3224c9f55a004457721bfd183f3c90292638c627b	0	0	9	3	1	RECORDED_NAME_QUERIES_TRAVERSED_NOT_PRIMARY_REVIEW	False	0	0	0	0			0	0	0			0		OPEN
CHEBI:138889	6-diazo-5-oxo-L-norleucine	data/antibiotics/antibacterial/6-diazo-5-oxo-l-norleucine.yaml	YCWQAMGASJSUIP-YFKPBYRVSA-N	ANTIBACTERIAL	86549f6726579091ff33f182ad4040cefa7d6e3782f0a179958a3e43138a2cc8	0	0	4	2	0	RECORDED_NAME_QUERIES_TRAVERSED_NOT_PRIMARY_REVIEW	False	0	0	0	0			0	0	0			0		OPEN
CHEBI:138945	maniladiol	data/antibiotics/antimycobacterial/maniladiol.yaml	VLRYIIPJIVGFIV-QQSFYHFXSA-N	ANTIMYCOBACTERIAL	ee235eee7482feba5b42d3e5bfd2a71577251f7e5312304d0deb481f611fbea1	0	0	6	3	0	RECORDED_NAME_QUERIES_TRAVERSED_NOT_PRIMARY_REVIEW	False	0	0	0	0			0	0	0			0		OPEN
CHEBI:138961	sugiol	data/antibiotics/antiviral/sugiol.yaml	IPEHJNRNYPOFII-AZUAARDMSA-N	ANTIVIRAL	7d83b88372ce66b7f6e905c7180066d9f8161a6fcc03a02ce1b984e7aaaee1d4	0	0	3	2	0	RECORDED_NAME_QUERIES_TRAVERSED_NOT_PRIMARY_REVIEW	False	0	0	0	0			0	0	0			0		OPEN
CHEBI:139474	acedapsone	data/antibiotics/antiprotozoal/acedapsone.yaml	AMTPYFGPPVFBBI-UHFFFAOYSA-N	ANTIPROTOZOAL	3fd4934a7922601428039549b160d7628960f5bef4baabe998c20f8317b80c73	0	0	6	3	0	RECORDED_NAME_QUERIES_TRAVERSED_NOT_PRIMARY_REVIEW	False	0	0	0	0			0	0	0			0		OPEN
CHEBI:140109	cefdaloxime	data/antibiotics/antibacterial/cefdaloxime.yaml	HOGISBSFFHDTRM-GHXIOONMSA-N	ANTIBACTERIAL	c1d2ba14ca3ec98383a2f70ef2e5922e8aa91d92c71fe0334b6348865016f007	0	0	5	2	0	RECORDED_NAME_QUERIES_TRAVERSED_NOT_PRIMARY_REVIEW	False	0	0	0	0			0	0	0			0		OPEN
CHEBI:140116	ceftiolene	data/antibiotics/antibacterial/ceftiolene.yaml	WJXAHFZIHLTPFR-JLRJEBFFSA-N	ANTIBACTERIAL	cfb1c9a873e5fe297fbcdfb7b4b8f2fecef7c422433bf625a0acce21bc285091	0	0	7	3	0	RECORDED_NAME_QUERIES_TRAVERSED_NOT_PRIMARY_REVIEW	False	0	0	0	0			0	0	0			0		OPEN
CHEBI:140173	malacidin A	data/antibiotics/antibacterial/malacidin-a.yaml	USNOUEMKNKRWQT-ORRWAHHJSA-N	ANTIBACTERIAL	4f088b92537bc6abab0200a53d833880c173cf92c1b7e9fc4f513b215dced10d	0	0	2	2	0	RECORDED_NAME_QUERIES_TRAVERSED_NOT_PRIMARY_REVIEW	False	0	0	0	0			0	0	0			0		OPEN
CHEBI:140174	malacidin B	data/antibiotics/antibacterial/malacidin-b.yaml	SMTCDPMWINUUKC-AVBBYWJWSA-N	ANTIBACTERIAL	473bf9daecdba0fde931d62da386f29de413426cf2bde84fb6c54b708b585020	0	0	2	2	0	RECORDED_NAME_QUERIES_TRAVERSED_NOT_PRIMARY_REVIEW	False	0	0	0	0			0	0	0			0		OPEN
CHEBI:140259	sordaricin	data/antibiotics/antifungal/sordaricin.yaml	QIMCUSGGYZHVEF-VULLPXFTSA-N	ANTIFUNGAL	d0ea727666c04b1198f8d9cb5bbbb0986af6a2ee4d668939044338bd265f041c	0	0	3	2	0	RECORDED_NAME_QUERIES_TRAVERSED_NOT_PRIMARY_REVIEW	False	0	0	0	0			0	0	0			0		OPEN
CHEBI:140314	5'-triphosphoadenylyl-(2'→5')-adenosine	data/antibiotics/antiviral/5-triphosphoadenylyl-2-5-adenosine.yaml	YHHSPPDBQDMAPZ-XPWFQUROSA-N	ANTIVIRAL	7daaba8410b65fb07ac4d44004cac947a7e09ef69cf9c298ff0f0f993b2c0e1d	0	0	2	2	0	RECORDED_NAME_QUERIES_TRAVERSED_NOT_PRIMARY_REVIEW	False	0	0	0	0			0	0	0			0		OPEN
CHEBI:140376	cefiderocol	data/antibiotics/antibacterial/cefiderocol.yaml	DBPPRLRVDVJOCL-FQRUVTKNSA-N	ANTIBACTERIAL	2aa500eeb7a570a41a8c2f7fddfa7c085ce0726a641085613a769d5a200fdfbb	0	0	11	4	2	RECORDED_NAME_QUERIES_TRAVERSED_NOT_PRIMARY_REVIEW	False	0	0	0	0			0	0	0			0		OPEN
CHEBI:140407	ceftobiprole	data/antibiotics/antibacterial/ceftobiprole.yaml	VOAZJEPQLGBXGO-SDAWRPRTSA-N	ANTIBACTERIAL	3e4e3cccfe2ee81ad19dbd23704f7e2f0acf5535fe921ad45a8a8de155815e3f	0	0	8	3	0	RECORDED_NAME_QUERIES_TRAVERSED_NOT_PRIMARY_REVIEW	False	0	0	0	0			0	0	0			0		OPEN
CHEBI:140434	3-[(Z)-2-isocyanovinyl]indole	data/antibiotics/antibacterial/3-z-2-isocyanovinyl-indole.yaml	JQMYMZZLIOIXEO-SREVYHEPSA-N	ANTIBACTERIAL	77842cb1f39e34f0cdf2e0f36c40d4dfb140c3fed3dea569bc0ecf24c1165b39	0	0	7	3	0	RECORDED_NAME_QUERIES_TRAVERSED_NOT_PRIMARY_REVIEW	False	0	0	0	0			0	0	0			0		OPEN
CHEBI:140443	viridicatin	data/antibiotics/antibacterial/viridicatin.yaml	QSRVMXWVVMILDI-UHFFFAOYSA-N	ANTIBACTERIAL	77f898afff3b458abcdc707c6f262129b21fdfbb08722dfc712853857b8ab44a	0	0	4	2	0	RECORDED_NAME_QUERIES_TRAVERSED_NOT_PRIMARY_REVIEW	False	0	0	0	0			0	0	0			0		OPEN
CHEBI:140628	secnidazole	data/antibiotics/antibacterial/secnidazole.yaml	KPQZUUQMTUIKBP-UHFFFAOYSA-N	ANTIBACTERIAL	c9ac7f7fdfddbd0e8dbd13f9627249d4f0046288ec65cc7d35b318352434226a	0	0	12	4	0	RECORDED_NAME_QUERIES_TRAVERSED_NOT_PRIMARY_REVIEW	False	0	0	0	0			0	0	0			0		OPEN
CHEBI:140662	2,4-diacetylphloroglucinol(1−)	data/antibiotics/antifungal/2-4-diacetylphloroglucinol-1.yaml	PIFFQYJYNWXNGE-UHFFFAOYSA-M	ANTIFUNGAL	18ea74898090eac7c1face5230c33717eae91fdfacdef55cbdef74dd00b9c8c4	0	0	3	2	0	RECORDED_NAME_QUERIES_TRAVERSED_NOT_PRIMARY_REVIEW	False	0	0	0	0			0	0	0			0		OPEN
CHEBI:140779	1,3,6,8-tetraazatricyclo[4,4,1,13,8]dodecane	data/antibiotics/biocide/1-3-6-8-tetraazatricyclo-4-4-1-13-8-dodecane.yaml	YHNNUDUEGSHVGJ-UHFFFAOYSA-N	BIOCIDE	e4f212897c7fd0bc62eee56a399513f03f8fac6ecb7cbbe904e24a52d8939524	0	0	10	4	0	RECORDED_NAME_QUERIES_TRAVERSED_NOT_PRIMARY_REVIEW	False	0	0	0	0			0	0	0			0		OPEN
CHEBI:141130	grandiflorenic acid	data/antibiotics/antibacterial/grandiflorenic-acid.yaml	RJIPNPHMQGDUBW-RFGKEDTNSA-N	ANTIBACTERIAL	6e8d62bac8921ca64dde46b21e3fcc86db98d0ec498305678d1b348caf6c51ac	0	0	5	2	0	RECORDED_NAME_QUERIES_TRAVERSED_NOT_PRIMARY_REVIEW	False	0	0	0	0			0	0	0			0		OPEN
CHEBI:141152	metyltetraprole	data/antibiotics/antifungal/metyltetraprole.yaml	XUQQRGKFXLAPNV-UHFFFAOYSA-N	ANTIFUNGAL	6e979c9ee58e71b351abc5ddfaa1a981864cacf1b84a7adb6606783867f67528	0	0	6	3	0	RECORDED_NAME_QUERIES_TRAVERSED_NOT_PRIMARY_REVIEW	False	0	0	0	0			0	0	0			0		OPEN
CHEBI:141154	ronidazole	data/antibiotics/antiprotozoal/ronidazole.yaml	PQFRTXSWDXZRRS-UHFFFAOYSA-N	ANTIPROTOZOAL	6e29c591c4010213616834650ff072975a94ceee1df1f8d3b546eae7166628e7	0	0	6	3	0	RECORDED_NAME_QUERIES_TRAVERSED_NOT_PRIMARY_REVIEW	False	0	0	0	0			0	0	0			0		OPEN
CHEBI:141155	dimetridazole	data/antibiotics/antiprotozoal/dimetridazole.yaml	IBXPYPUJPLLOIN-UHFFFAOYSA-N	ANTIPROTOZOAL	5c9b79bf2527f0088112e4eee8ef35ab07d7bd6de32b6b374cde060a527d3990	0	0	7	3	0	RECORDED_NAME_QUERIES_TRAVERSED_NOT_PRIMARY_REVIEW	False	0	0	0	0			0	0	0			0		OPEN
CHEBI:141284	3-acetylbenzamide	data/antibiotics/antifungal/3-acetylbenzamide.yaml	VTBUZDRQHQPEQY-UHFFFAOYSA-N	ANTIFUNGAL	c3966d897fade40c644639e4e60943b38843838b60e0375981f6643c3c686f69	0	0	2	2	0	RECORDED_NAME_QUERIES_TRAVERSED_NOT_PRIMARY_REVIEW	False	0	0	0	0			0	0	0			0		OPEN
CHEBI:141292	(2R)-2-[(1R)-4-methylcyclohex-3-en-1-yl]propanoic acid	data/antibiotics/antifungal/2r-2-1r-4-methylcyclohex-3-en-1-yl-propanoic-acid.yaml	QOGOGJNRMJOCKH-BDAKNGLRSA-N	ANTIFUNGAL	2dffb263ae58e7edfc4754867b7d15be25528eab5d90b732f7a1f7e5946c22db	0	0	3	2	0	RECORDED_NAME_QUERIES_TRAVERSED_NOT_PRIMARY_REVIEW	False	0	0	0	0			0	0	0			0		OPEN
CHEBI:141296	(1R,4R,5R,8S)-8-hydroxy-4,8-dimethyl-2-oxabicyclo[3.3.1]nonan-3-one	data/antibiotics/antifungal/1r-4r-5r-8s-8-hydroxy-4-8-dimethyl-2-oxabicyclo-3-3-1-nonan-3-one.yaml	NIVFCUNTHUULDF-DQUBFYRCSA-N	ANTIFUNGAL	c9b319de0ddd6fdb55168f0fc1baacadc671edd2811c02de83ade41ae6fc44bf	0	0	1	1	0	RECORDED_NAME_QUERIES_TRAVERSED_NOT_PRIMARY_REVIEW	False	0	0	0	0			0	0	0			0		OPEN
CHEBI:141302	4-(2,4,7-trioxa-bicyclo[4.1.0]heptan-3-yl)phenol	data/antibiotics/antifungal/4-2-4-7-trioxa-bicyclo-4-1-0-heptan-3-yl-phenol.yaml	VAVWPUISYXXUCV-UHFFFAOYSA-N	ANTIFUNGAL	5729cd6455a863c6d07674bf24a4ff99f5852513ff33e3ae04b725d4b8dfb075	0	0	2	2	0	RECORDED_NAME_QUERIES_TRAVERSED_NOT_PRIMARY_REVIEW	False	0	0	0	0			0	0	0			0		OPEN
CHEBI:141315	djalonensone	data/antibiotics/antifungal/djalonensone.yaml	LCSDQFNUYFTXMT-UHFFFAOYSA-N	ANTIFUNGAL	7f7e3a9e8cff2192d88a5a8abfee7bddc9325f25e60c0c01f50804dcefc82acd	0	0	6	3	1	RECORDED_NAME_QUERIES_TRAVERSED_NOT_PRIMARY_REVIEW	False	0	0	0	0			0	0	0			0		OPEN
CHEBI:141316	rhizopycnolide A	data/antibiotics/antifungal/rhizopycnolide-a.yaml	DXDVGVFRBGQXNB-WPZAJUNFSA-N	ANTIFUNGAL	c6cc090f6379beb9cf15492f77812c967bb3acc70ee800ffdcd26f1b30f86d7a	0	0	2	2	0	RECORDED_NAME_QUERIES_TRAVERSED_NOT_PRIMARY_REVIEW	False	0	0	0	0			0	0	0			0		OPEN
CHEBI:141317	2-phenylethyl 1H-indol-3-ylacetate	data/antibiotics/antifungal/2-phenylethyl-1h-indol-3-ylacetate.yaml	IRHVVAKMDAHHAI-UHFFFAOYSA-N	ANTIFUNGAL	ff191ee39160fff90350b643439450c07e52714f6555f8ed9932b92c785cea78	0	0	2	2	0	RECORDED_NAME_QUERIES_TRAVERSED_NOT_PRIMARY_REVIEW	False	0	0	0	0			0	0	0			0		OPEN
CHEBI:141319	metam	data/antibiotics/antifungal/metam.yaml	HYVVJDQGXFXBRZ-UHFFFAOYSA-N	ANTIFUNGAL	3506ebcbed4b4eb1dbec4e20e234b831551d2f00643c51401dc7740d6ea16f65	0	0	10	4	0	RECORDED_NAME_QUERIES_TRAVERSED_NOT_PRIMARY_REVIEW	False	0	0	0	0			0	0	0			0		OPEN
CHEBI:141326	metam(1−)	data/antibiotics/antifungal/metam-1.yaml	HYVVJDQGXFXBRZ-UHFFFAOYSA-M	ANTIFUNGAL	56472c38ee1930a2a873777db781f66796d0c5bce0a6b668874fe3921ac7f233	0	0	2	2	0	RECORDED_NAME_QUERIES_TRAVERSED_NOT_PRIMARY_REVIEW	False	0	0	0	0			0	0	0			0		OPEN
CHEBI:141329	botryosphaerin H	data/antibiotics/antifungal/botryosphaerin-h.yaml	YSEQPMYIGMORKQ-DIEKJCKJSA-N	ANTIFUNGAL	e1b8b3cc74dcf4ba216c2c053bb8c753c77fc2ded6908f087f6d6d7c40f2a0ca	0	0	3	2	0	RECORDED_NAME_QUERIES_TRAVERSED_NOT_PRIMARY_REVIEW	False	0	0	0	0			0	0	0			0		OPEN
CHEBI:141330	stemphyperylenol	data/antibiotics/antifungal/stemphyperylenol.yaml	MCWOXLPZYFOWRX-YXAMBPQSSA-N	ANTIFUNGAL	e95bce8e4899ec7060cf1e20096987ff119428092bfb2fed96e98e54779e4b6a	0	0	3	2	0	RECORDED_NAME_QUERIES_TRAVERSED_NOT_PRIMARY_REVIEW	False	0	0	0	0			0	0	0			0		OPEN
CHEBI:141332	guignardone N	data/antibiotics/antifungal/guignardone-n.yaml	OPYPWMGWBUCOSQ-RZNLEFLGSA-N	ANTIFUNGAL	5b5746b824fd09eddca70881be6fb63d54bd27541d612db4b219fe00f02b5289	0	0	2	2	0	RECORDED_NAME_QUERIES_TRAVERSED_NOT_PRIMARY_REVIEW	False	0	0	0	0			0	0	0			0		OPEN
CHEBI:141334	palmariol B	data/antibiotics/antifungal/palmariol-b.yaml	WMOJBLDBGQOTOS-UHFFFAOYSA-N	ANTIFUNGAL	acd164d81a01f055c5212f1f67b08061e58fd375294ad34c6e97d077d6659af2	0	0	3	2	0	RECORDED_NAME_QUERIES_TRAVERSED_NOT_PRIMARY_REVIEW	False	0	0	0	0			0	0	0			0		OPEN
CHEBI:141335	4-hydroxymellein	data/antibiotics/antifungal/4-hydroxymellein.yaml	STSOHAOGZMLWFR-UHFFFAOYSA-N	ANTIFUNGAL	46e9f68917e7e77f23c00f538ba984e9be12069ae22882dfdc68b83b36028a57	0	0	5	2	0	RECORDED_NAME_QUERIES_TRAVERSED_NOT_PRIMARY_REVIEW	False	0	0	0	0			0	0	0			0		OPEN
CHEBI:141337	botrallin	data/antibiotics/antifungal/botrallin.yaml	WNZWXVOIYRJRSM-UHFFFAOYSA-N	ANTIFUNGAL	2be77f640ed9ff4898ec5b234df5f74bfb3766c7f8b2cdeb8cfb1975830900da	0	0	3	2	0	RECORDED_NAME_QUERIES_TRAVERSED_NOT_PRIMARY_REVIEW	False	0	0	0	0			0	0	0			0		OPEN
CHEBI:141338	sporothriolide	data/antibiotics/antifungal/sporothriolide.yaml	AENZSPQGLJVLND-VWYCJHECSA-N	ANTIFUNGAL	d51136a5b3f0a99867a9429fe0d10f9b3fffa5d924291b35f25c2fa92eff9b57	0	0	2	2	0	RECORDED_NAME_QUERIES_TRAVERSED_NOT_PRIMARY_REVIEW	False	0	0	0	0			0	0	0			0		OPEN
CHEBI:141340	altenusin	data/antibiotics/antifungal/altenusin.yaml	ADPBTBPPIIKLEH-UHFFFAOYSA-N	ANTIFUNGAL	bd8e6030a569afdd4666e789aecea8316309ad662648b5ad79f807d49be17b3f	0	0	7	3	0	RECORDED_NAME_QUERIES_TRAVERSED_NOT_PRIMARY_REVIEW	False	0	0	0	0			0	0	0			0		OPEN
CHEBI:141341	5-(undeca-3,5,7-trien-1-yl)furan-2-ol	data/antibiotics/antifungal/5-undeca-3-5-7-trien-1-yl-furan-2-ol.yaml	VNMQLLMDZZVYRC-UHFFFAOYSA-N	ANTIFUNGAL	575fe4b83dc29145892157536e22e7284fa6171607b70e3d53085b8b3640ef31	0	0	1	1	0	RECORDED_NAME_QUERIES_TRAVERSED_NOT_PRIMARY_REVIEW	False	0	0	0	0			0	0	0			0		OPEN
CHEBI:141343	5-hydroxybenzofuran-2-one	data/antibiotics/antifungal/5-hydroxybenzofuran-2-one.yaml	POUITAHNNRJWMA-UHFFFAOYSA-N	ANTIFUNGAL	7877a54dca2d3450e2f707a913dbfa6b7270eee4309fc84e0a02d5b360430417	0	0	6	3	0	RECORDED_NAME_QUERIES_TRAVERSED_NOT_PRIMARY_REVIEW	False	0	0	0	0			0	0	0			0		OPEN
CHEBI:141345	(R)-3-hydroxybutanenitrile	data/antibiotics/antifungal/r-3-hydroxybutanenitrile.yaml	BYJAJQGCMSBKPB-SCSAIBSYSA-N	ANTIFUNGAL	85f55f99ade17fdcd7d9a16d639639fe1edffca9f6a60c49d28242e66b207d65	0	0	8	3	0	RECORDED_NAME_QUERIES_TRAVERSED_NOT_PRIMARY_REVIEW	False	0	0	0	0			0	0	0			0		OPEN
CHEBI:141354	5-hydroxy-8-methoxy-4-phenylisoquinolin-1(2H)-one	data/antibiotics/antifungal/5-hydroxy-8-methoxy-4-phenylisoquinolin-1-2h-one.yaml	ZOITXTLCKPXXHV-UHFFFAOYSA-N	ANTIFUNGAL	0933bab43feceadfc9a150093c6221456ca0438dab4da4d685836e9fd106f0bf	0	0	3	2	0	RECORDED_NAME_QUERIES_TRAVERSED_NOT_PRIMARY_REVIEW	False	0	0	0	0			0	0	0			0		OPEN
CHEBI:141359	fusarithioamide A	data/antibiotics/antifungal/fusarithioamide-a.yaml	DQGIXJCPVVNGMY-KCJUWKMLSA-N	ANTIFUNGAL	98a4d88218885433933b25d3f8099644f15075699b44a5017b51b5f3990f9792	0	0	3	2	0	RECORDED_NAME_QUERIES_TRAVERSED_NOT_PRIMARY_REVIEW	False	0	0	0	0			0	0	0			0		OPEN
CHEBI:141360	helvolic acid methyl ester	data/antibiotics/antibacterial/helvolic-acid-methyl-ester.yaml	JHEAWXMXAWIRAB-FTVOIDONSA-N	ANTIBACTERIAL	1c0ce1c99f57d41951ca9fdec71946f9728e8af7fd6b3e725498167029b4dd52	0	0	4	2	0	RECORDED_NAME_QUERIES_TRAVERSED_NOT_PRIMARY_REVIEW	False	0	0	0	0			0	0	0			0		OPEN
CHEBI:141361	aigialone	data/antibiotics/antifungal/aigialone.yaml	YVCGKKHYXVEPMA-MMYVAXCBSA-N	ANTIFUNGAL	a2ff75df88d8593f7f1030813f78d4a4d4f89a562d499a0032996eb099ba2baa	0	0	3	2	0	RECORDED_NAME_QUERIES_TRAVERSED_NOT_PRIMARY_REVIEW	False	0	0	0	0			0	0	0			0		OPEN
CHEBI:141363	isoaigialone B	data/antibiotics/antifungal/isoaigialone-b.yaml	VVQFDQXQOOFTTF-MMYVAXCBSA-N	ANTIFUNGAL	d561ac9160ed6cca6b7e48bb75c9e2757b1e045b27ab08ba0ca2646452c0c69b	0	0	2	2	0	RECORDED_NAME_QUERIES_TRAVERSED_NOT_PRIMARY_REVIEW	False	0	0	0	0			0	0	0			0		OPEN
CHEBI:141365	sclerodol B	data/antibiotics/antifungal/sclerodol-b.yaml	KMUGSJNEBPVLKO-PWUQRKGSSA-N	ANTIFUNGAL	aac3716c49ecc17f109dfcec707680e70d10ba8ded51589caf26f26773c74d79	0	0	2	2	0	RECORDED_NAME_QUERIES_TRAVERSED_NOT_PRIMARY_REVIEW	False	0	0	0	0			0	0	0			0		OPEN
CHEBI:141380	indanomycin	data/antibiotics/antibacterial/indanomycin.yaml	BAIPOTOKPGDCHA-MWBHXQFBSA-N	ANTIBACTERIAL	faef30d40f0c20d7e742c7c5078c9035f04db4c58babb1fdbacd0e0eb8b377ad	0	0	5	2	0	RECORDED_NAME_QUERIES_TRAVERSED_NOT_PRIMARY_REVIEW	False	0	0	0	0			0	0	0			0		OPEN
CHEBI:141398	ethyl 2-hydroxy-5-methylpyrazolo[1,5-a]pyrimidine-6-carboxylate	data/antibiotics/antifungal/ethyl-2-hydroxy-5-methylpyrazolo-1-5-a-pyrimidine-6-carboxylate.yaml	ZUAAVNLKGAEZDG-UHFFFAOYSA-N	ANTIFUNGAL	1164358c75caf5382aa9ceb9b84a79afdb4d7d501c432eb5f6be25c3151dc560	0	0	3	2	0	RECORDED_NAME_QUERIES_TRAVERSED_NOT_PRIMARY_REVIEW	False	0	0	0	0			0	0	0			0		OPEN
CHEBI:141405	1,2,3-benzothiadiazole-7-carboxylic acid	data/antibiotics/antifungal/1-2-3-benzothiadiazole-7-carboxylic-acid.yaml	COAIOOWBEPAOFY-UHFFFAOYSA-N	ANTIFUNGAL	51cd409762671110e75f4e7e330f0c38c0f04e48f389e36cf2de6fb049c48337	0	0	8	3	0	RECORDED_NAME_QUERIES_TRAVERSED_NOT_PRIMARY_REVIEW	False	0	0	0	0			0	0	0			0		OPEN
CHEBI:141644	trisodium phosphonoformate	data/antibiotics/antiviral/trisodium-phosphonoformate.yaml	DFHAXXVZCFXGOQ-UHFFFAOYSA-K	ANTIVIRAL	2419f1f32dc4f281c4d40d7984331204a903e2d0b82fb5e73dc626244324bb90	0	0	10	4	0	RECORDED_NAME_QUERIES_TRAVERSED_NOT_PRIMARY_REVIEW	False	0	0	0	0			0	0	0			0		OPEN
CHEBI:141991	cinnamycin	data/antibiotics/unspecified/cinnamycin.yaml	QJDWKBINWOWJNZ-OURZNGJWSA-N	ANTIMICROBIAL_UNSPECIFIED	33ce59d3d24735b754fe56c7de8c37af4235e355324eb974dfde3e8cabfef214	0	0	7	3	0	RECORDED_NAME_QUERIES_TRAVERSED_NOT_PRIMARY_REVIEW	False	0	0	0	0			0	0	0			0		OPEN
CHEBI:142061	trichosetin(1−)	data/antibiotics/antibacterial/trichosetin-1.yaml	TYCWBBBQIATAJE-GEZPOGBYSA-M	ANTIBACTERIAL	200730c943e0a6fe406430d335d1dfb69a67cdc9a3678aa0e87b7831264dc552	0	0	2	2	0	RECORDED_NAME_QUERIES_TRAVERSED_NOT_PRIMARY_REVIEW	False	0	0	0	0			0	0	0			0		OPEN
CHEBI:142133	trichosetin	data/antibiotics/antibacterial/trichosetin.yaml	TYCWBBBQIATAJE-GEZPOGBYSA-N	ANTIBACTERIAL	aab28d4d164f4748260fada66d3645f23206c9ffa2c312225bf6e5a8a6c27bac	0	0	3	2	0	RECORDED_NAME_QUERIES_TRAVERSED_NOT_PRIMARY_REVIEW	False	0	0	0	0			0	0	0			0		OPEN
CHEBI:142135	equisetin	data/antibiotics/antibacterial/equisetin.yaml	QNQBPPQLRODXET-HMHJLHGTSA-N	ANTIBACTERIAL	25ff4496a027e2dd0c94810e189a2b06f71de2e284d1ae290c077c8f62a9df48	0	0	4	2	0	RECORDED_NAME_QUERIES_TRAVERSED_NOT_PRIMARY_REVIEW	False	0	0	0	0			0	0	0			0		OPEN
CHEBI:142261	ganoderol B	data/antibiotics/antiviral/ganoderol-b.yaml	AOXXVRDKZLRGTJ-AZIDVCJLSA-N	ANTIVIRAL	0ca6d177a78e33342fd1b67c7ae6287973fa57ceadf3e52ca3a7a84dd13bef57	0	0	4	2	0	RECORDED_NAME_QUERIES_TRAVERSED_NOT_PRIMARY_REVIEW	False	0	0	0	0			0	0	0			0		OPEN
CHEBI:142517	tschimganine	data/antibiotics/unspecified/tschimganine.yaml	KTOAGBIQQPGNIR-WBHUJUFNSA-N	ANTIMICROBIAL_UNSPECIFIED	95be2ce39e3feceb883a3f4ea2bbc91664ec846a2165ada8b978f976e2da49df	0	0	4	2	0	RECORDED_NAME_QUERIES_TRAVERSED_NOT_PRIMARY_REVIEW	False	0	0	0	0			0	0	0			0		OPEN
CHEBI:142825	methfuroxam	data/antibiotics/antifungal/methfuroxam.yaml	ZWJNEYVWPYIKMB-UHFFFAOYSA-N	ANTIFUNGAL	6391766ce109035991fa8d97e1cb18356597e7ade1942c5b207d24579051f05b	0	0	6	3	0	RECORDED_NAME_QUERIES_TRAVERSED_NOT_PRIMARY_REVIEW	False	0	0	0	0			0	0	0			0		OPEN
CHEBI:142841	spectinabilin	data/antibiotics/antiprotozoal/spectinabilin.yaml	IZICQJAGBLBAMJ-QDYRYYKCSA-N	ANTIPROTOZOAL	484b8afee7011ea69d0b80df3d4bd477565e92f54ee418c6d5dc7cfa9bf95604	0	0	5	2	0	RECORDED_NAME_QUERIES_TRAVERSED_NOT_PRIMARY_REVIEW	False	0	0	0	0			0	0	0			0		OPEN
CHEBI:143030	3-(phenethylamino)-butan-2-one	data/antibiotics/antibacterial/3-phenethylamino-butan-2-one.yaml	WGOUDWYOCIOVMG-UHFFFAOYSA-N	ANTIBACTERIAL	05aeb9ed670553c30298c47a43fc7759e36c52c3ba0fa496727e8fcfc7b9ccb2	0	0	3	2	0	RECORDED_NAME_QUERIES_TRAVERSED_NOT_PRIMARY_REVIEW	False	0	0	0	0			0	0	0			0		OPEN
CHEBI:143246	1-(hydroxymethyl)-5,5-dimethylhydantoin	data/antibiotics/unspecified/1-hydroxymethyl-5-5-dimethylhydantoin.yaml	SIQZJFKTROUNPI-UHFFFAOYSA-N	ANTIMICROBIAL_UNSPECIFIED	5fa1a1d0b31589f8fda87e5c6abf530bba1bfde09dec322055be19767137856a	0	0	17	5	0	RECORDED_NAME_QUERIES_TRAVERSED_NOT_PRIMARY_REVIEW	False	0	0	0	0			0	0	0			0		OPEN
CHEBI:143285	L-propargylglycine zwitterion	data/antibiotics/unspecified/l-propargylglycine-zwitterion.yaml	DGYHPLMPMRKMPD-BYPYZUCNSA-N	ANTIMICROBIAL_UNSPECIFIED	f464777f3e75232bbd3d4f82270e8a3defac93ac3b2db55d1577dfbc93674255	0	0	2	2	0	RECORDED_NAME_QUERIES_TRAVERSED_NOT_PRIMARY_REVIEW	False	0	0	0	0			0	0	0			0		OPEN
CHEBI:143596	ipflufenoquin	data/antibiotics/antifungal/ipflufenoquin.yaml	DSXOWZNZGWXWMX-UHFFFAOYSA-N	ANTIFUNGAL	90beb68fd2a4214dbba128b632732a6deb45458731438098789e748bdc5f68a9	0	0	5	2	0	RECORDED_NAME_QUERIES_TRAVERSED_NOT_PRIMARY_REVIEW	False	0	0	0	0			0	0	0			0		OPEN
CHEBI:143825	ravuconazole	data/antibiotics/antifungal/ravuconazole.yaml	OPAHEYNNJWPQPX-RCDICMHDSA-N	ANTIFUNGAL	a8d8760cecf9ed3900898ac3e85e42e8a77bed90c9de9aeca04e0f8021d6e15b	2	0	8	3	0	RECORDED_NAME_QUERIES_TRAVERSED_NOT_PRIMARY_REVIEW	False	2	2	0	2			0	0	0			0		OPEN
CHEBI:143904	3-(4-methyl-1,2,3-thiadiazolyl)-6-trichloromethyl[1,2,4]triazolo[3,4-b][1,3,4]thiadizole	data/antibiotics/antifungal/3-4-methyl-1-2-3-thiadiazolyl-6-trichloromethyl-1-2-4-triazolo-3-4-b-1.yaml	AJJFYSYXUHCPMZ-UHFFFAOYSA-N	ANTIFUNGAL	7244158d514e51957bbbfe12aab7ba04854250d31e22a9555072d380a9cdb148	0	0	4	2	0	RECORDED_NAME_QUERIES_TRAVERSED_NOT_PRIMARY_REVIEW	False	0	0	0	0			0	0	0			0		OPEN
CHEBI:143911	(−)-antofine	data/antibiotics/antiviral/antofine.yaml	NCVWJDISIZHFQS-CQSZACIVSA-N	ANTIVIRAL	4d7997743ac7b47350f311e637dce11523e44c5b1d877863e96ac41976cdb7ac	0	0	11	4	0	RECORDED_NAME_QUERIES_TRAVERSED_NOT_PRIMARY_REVIEW	False	0	0	0	0			0	0	0			0		OPEN
CHEBI:144087	bromodeoxytopsentin	data/antibiotics/antibacterial/bromodeoxytopsentin.yaml	RMAWSNVDVKZXDX-UHFFFAOYSA-N	ANTIBACTERIAL	91b79cd17a12412cb1058a5f8e771445b9a072137da815d220423a095e43af50	0	0	3	2	0	RECORDED_NAME_QUERIES_TRAVERSED_NOT_PRIMARY_REVIEW	False	0	0	0	0			0	0	0			0		OPEN
CHEBI:144088	bromotopsentin	data/antibiotics/antiviral/bromotopsentin.yaml	YHGQVXFIJGWOFP-UHFFFAOYSA-N	ANTIVIRAL	7ad9f2f74242c5643ecebe737fc898776f37580888cc0b79ccc2d6b3ca0583be	0	0	3	2	0	RECORDED_NAME_QUERIES_TRAVERSED_NOT_PRIMARY_REVIEW	False	0	0	0	0			0	0	0			0		OPEN
CHEBI:144185	pannarin	data/antibiotics/unspecified/pannarin.yaml	LVGKNESDSKGROR-UHFFFAOYSA-N	ANTIMICROBIAL_UNSPECIFIED	a7bbea2871a4a2681b0f7af99ee5fc3da1ad6060d93e6ffbcb0d0cea8bf30203	0	0	3	2	0	RECORDED_NAME_QUERIES_TRAVERSED_NOT_PRIMARY_REVIEW	False	0	0	0	0			0	0	0			0		OPEN
CHEBI:144323	zinc dibutyldithiocarbamate	data/antibiotics/antifungal/zinc-dibutyldithiocarbamate.yaml	BOXSVZNGTQTENJ-UHFFFAOYSA-L	ANTIFUNGAL	0b7d1e2c1c742ba5a4ddaf816875cb203ffcef740d2d4088e2b79c48f313e4cf	0	0	9	3	0	RECORDED_NAME_QUERIES_TRAVERSED_NOT_PRIMARY_REVIEW	False	0	0	0	0			0	0	0			0		OPEN
CHEBI:144351	zinc diethyldithiocarbamate	data/antibiotics/antifungal/zinc-diethyldithiocarbamate.yaml	RKQOSDAEEGPRER-UHFFFAOYSA-L	ANTIFUNGAL	442a67f57927e26c84f97276acf065bc881355fbc17a9729daaca3fee8947950	0	0	23	7	0	RECORDED_NAME_QUERIES_TRAVERSED_NOT_PRIMARY_REVIEW	False	0	0	0	0			0	0	0			0		OPEN
CHEBI:144354	methyl γ-linolenate	data/antibiotics/antibacterial/methyl-γ-linolenate.yaml	JFRWATCOFCPIBM-JPFHKJGASA-N	ANTIBACTERIAL	e10e1d7ecc67de5805bd831e08a9fbed2b87dfab494cf062a0fb7082edf94453	0	0	7	3	0	RECORDED_NAME_QUERIES_TRAVERSED_NOT_PRIMARY_REVIEW	False	0	0	0	0			0	0	0			0		OPEN
CHEBI:144441	triacsin C	data/antibiotics/antiprotozoal/triacsin-c.yaml	NKTGCVUIESDXPU-YLEPRARLSA-N	ANTIPROTOZOAL	e69b1e0828d912f200408ca27a2f29ff8174bbc1ab00fff407627b17c8870c92	0	0	9	3	0	RECORDED_NAME_QUERIES_TRAVERSED_NOT_PRIMARY_REVIEW	False	0	0	0	0			0	0	0			0		OPEN
CHEBI:144586	4-hydroxy-2-oxobutanal	data/antibiotics/antibacterial/4-hydroxy-2-oxobutanal.yaml	CUSSNCHZLYDUPJ-UHFFFAOYSA-N	ANTIBACTERIAL	3700107476f09e5c227fa15adf2dc305af5fd21c0f765d5dfcc3db141ee01f29	0	0	5	2	0	RECORDED_NAME_QUERIES_TRAVERSED_NOT_PRIMARY_REVIEW	False	0	0	0	0			0	0	0			0		OPEN
CHEBI:144671	LDC4297	data/antibiotics/antiviral/ldc4297.yaml	LSGRZENCFIIHNV-UHFFFAOYSA-N	ANTIVIRAL	70bb9792c1de8e71d1e9ad6c40717ddf3d2c7dd88706b038c1c0550dafc5300e	0	0	7	3	0	RECORDED_NAME_QUERIES_TRAVERSED_NOT_PRIMARY_REVIEW	False	0	0	0	0			0	0	0			0		OPEN
CHEBI:144729	L-β-ethynylserine zwitterion	data/antibiotics/antibacterial/l-β-ethynylserine-zwitterion.yaml	RBWXRFBKVDBXEG-DMTCNVIQSA-N	ANTIBACTERIAL	47fd878485531d412d09b5f9945872d9069ec6d0ca61fd2a83038784c0fe2aba	0	0	3	2	0	RECORDED_NAME_QUERIES_TRAVERSED_NOT_PRIMARY_REVIEW	False	0	0	0	0			0	0	0			0		OPEN
CHEBI:144833	L-β-ethynylserine	data/antibiotics/antibacterial/l-β-ethynylserine.yaml	RBWXRFBKVDBXEG-DMTCNVIQSA-N	ANTIBACTERIAL	7789588f5a11d938062eba3c22380bafe2e77926eaf2110590268b748775395c	0	0	5	2	0	RECORDED_NAME_QUERIES_TRAVERSED_NOT_PRIMARY_REVIEW	False	0	0	0	0			0	0	0			0		OPEN
CHEBI:144949	NSC 23766 trihydrochloride	data/antibiotics/antiviral/nsc-23766-trihydrochloride.yaml	CPUHORIUXPQCHW-UHFFFAOYSA-N	ANTIVIRAL	b13eab3055cfa34009813b9dc7d0c8f93b0c042a6a2f0416fa2347ce0a7cdc64	0	0	5	2	0	RECORDED_NAME_QUERIES_TRAVERSED_NOT_PRIMARY_REVIEW	False	0	0	0	0			0	0	0			0		OPEN
CHEBI:144984	NSC 23766	data/antibiotics/antiviral/nsc-23766.yaml	DEFBCZWQLILOJF-UHFFFAOYSA-N	ANTIVIRAL	228992587a0f0bda7455278bac40f5da8e8b9277ae8f9037ae8149a365bb95a0	0	0	5	2	0	RECORDED_NAME_QUERIES_TRAVERSED_NOT_PRIMARY_REVIEW	False	0	0	0	0			0	0	0			0		OPEN
CHEBI:145026	L-psicose	data/antibiotics/antiviral/l-psicose.yaml	BJHIKXHVCXFQLS-ZXEDONINSA-N	ANTIVIRAL	7e17687b0cc5fd6ef79fae564df4379e6da3b0ccf2ca38dd98ab8cfb62de590a	0	0	4	2	0	RECORDED_NAME_QUERIES_TRAVERSED_NOT_PRIMARY_REVIEW	False	0	0	0	0			0	0	0			0		OPEN
CHEBI:145030	steviolbioside	data/antibiotics/antimycobacterial/steviolbioside.yaml	OMHUCGDTACNQEX-OSHKXICASA-N	ANTIMYCOBACTERIAL	e3967fa2d7bca3894cce0f485f9fc84fe63c9371272a52ce2841648babb465d5	0	0	3	2	0	RECORDED_NAME_QUERIES_TRAVERSED_NOT_PRIMARY_REVIEW	False	0	0	0	0			0	0	0			0		OPEN
CHEBI:145043	solasodine(1+)	data/antibiotics/antifungal/solasodine-1.yaml	KWVISVAMQJWJSZ-VKROHFNGSA-O	ANTIFUNGAL	7f882a0d965600e8e781a79953ba055a6d49b8a342a24a47cf4848f2ab03c700	0	0	6	3	0	RECORDED_NAME_QUERIES_TRAVERSED_NOT_PRIMARY_REVIEW	False	0	0	0	0			0	0	0			0		OPEN
CHEBI:145111	isopatulin	data/antibiotics/antibacterial/isopatulin.yaml	ZGBMSNKHUHZKEP-UHFFFAOYSA-N	ANTIBACTERIAL	f9cad59d34167ef9a3c6a5e6be43c9bce4a8133eb757161ab75a118c5472359f	0	0	4	2	0	RECORDED_NAME_QUERIES_TRAVERSED_NOT_PRIMARY_REVIEW	False	0	0	0	0			0	0	0			0		OPEN
CHEBI:145339	erythromycin-[N-methyl-14C]	data/antibiotics/unspecified/erythromycin-n-methyl-14c.yaml	ULGZDMOVFRHVEP-RFAHSBMDSA-N	ANTIMICROBIAL_UNSPECIFIED	1dbc6a0d5c4da40d08e657811c880e17c1b3b2345b49a4fdc1258e283f67d63f	0	0	7	3	0	RECORDED_NAME_QUERIES_TRAVERSED_NOT_PRIMARY_REVIEW	False	0	0	0	0			0	0	0			0		OPEN
CHEBI:145405	sulfabromomethazine	data/antibiotics/antibacterial/sulfabromomethazine.yaml	KWXCNODTHBHSIQ-UHFFFAOYSA-N	ANTIBACTERIAL	80ef154df63b0be5989cd90b35b910195ee27a13881cab41b07d0eab6c1e5479	0	0	6	3	0	RECORDED_NAME_QUERIES_TRAVERSED_NOT_PRIMARY_REVIEW	False	0	0	0	0			0	0	0			0		OPEN
CHEBI:145407	sulfaethoxypyridazine	data/antibiotics/antibacterial/sulfaethoxypyridazine.yaml	FFJIWWBSBCOKLS-UHFFFAOYSA-N	ANTIBACTERIAL	25d68dd70f22f2af852a2e797b4a30b13f5b591128674c822e7c7b81cd33a952	0	0	6	3	0	RECORDED_NAME_QUERIES_TRAVERSED_NOT_PRIMARY_REVIEW	False	0	0	0	0			0	0	0			0		OPEN
CHEBI:145520	Fasnall	data/antibiotics/antiviral/fasnall.yaml	VSXRMURGJRAOCU-UHFFFAOYSA-N	ANTIVIRAL	643eb15333fe5604927512e15429266964a4265f6a2d04e04f6227fa453783a5	0	0	2	2	0	RECORDED_NAME_QUERIES_TRAVERSED_NOT_PRIMARY_REVIEW	False	0	0	0	0			0	0	0			0		OPEN
CHEBI:145667	fluopimomide	data/antibiotics/antifungal/fluopimomide.yaml	DNJKFZQFTZJKDK-UHFFFAOYSA-N	ANTIFUNGAL	b79f8971f0e2f008da4ded782de2d1cad95ba9aa7e0be3f69c07537b28f1ca92	0	0	5	2	0	RECORDED_NAME_QUERIES_TRAVERSED_NOT_PRIMARY_REVIEW	False	0	0	0	0			0	0	0			0		OPEN
CHEBI:145817	neophytadiene	data/antibiotics/unspecified/neophytadiene.yaml	NIDGCIPAMWNKOA-UHFFFAOYSA-N	ANTIMICROBIAL_UNSPECIFIED	46dad2f70d0dc0d06e7f6c663904f8ab882db80e7de1fed8a34f16b64cae1b49	0	0	7	3	0	RECORDED_NAME_QUERIES_TRAVERSED_NOT_PRIMARY_REVIEW	False	0	0	0	0			0	0	0			0		OPEN
CHEBI:145818	mupirocin calcium (anhydrous)	data/antibiotics/antibacterial/mupirocin-calcium-anhydrous.yaml	HAXVBVDETFUQGV-LNQHITRNSA-L	ANTIBACTERIAL	6f9770515be13ce055aa9bf96324863ae498b567d5c60916149d840ef9cc98a4	0	0	6	3	0	RECORDED_NAME_QUERIES_TRAVERSED_NOT_PRIMARY_REVIEW	False	0	0	0	0			0	0	0			0		OPEN
CHEBI:145868	(R)-fluoxapiprolin	data/antibiotics/antifungal/r-fluoxapiprolin.yaml	ZEXXEODAXHSRDJ-HXUWFJFHSA-N	ANTIFUNGAL	ee3be0f107e2f5b28044ffbdaade79cb8dcb0217c6fefd69d968ed3a555bee74	0	0	2	2	0	RECORDED_NAME_QUERIES_TRAVERSED_NOT_PRIMARY_REVIEW	False	0	0	0	0			0	0	0			0		OPEN
CHEBI:145869	(S)-fluoxapiprolin	data/antibiotics/antifungal/s-fluoxapiprolin.yaml	ZEXXEODAXHSRDJ-FQEVSTJZSA-N	ANTIFUNGAL	264e1f9cc6da942633d72c391d125aade5ffacf3ae1c1f668e8f8cb3f5317114	0	0	2	2	0	RECORDED_NAME_QUERIES_TRAVERSED_NOT_PRIMARY_REVIEW	False	0	0	0	0			0	0	0			0		OPEN
CHEBI:145874	deoxyherqueinone(1−)	data/antibiotics/antibacterial/deoxyherqueinone-1.yaml	VZWSSCQUCMSKLE-MRVPVSSYSA-M	ANTIBACTERIAL	f92269e3b6999931a86233513b8a2bfa805b94f2334141d11fcf59acc7530140	0	0	3	2	0	RECORDED_NAME_QUERIES_TRAVERSED_NOT_PRIMARY_REVIEW	False	0	0	0	0			0	0	0			0		OPEN
CHEBI:145901	deoxyherqueinone	data/antibiotics/antibacterial/deoxyherqueinone.yaml	VZWSSCQUCMSKLE-MRVPVSSYSA-N	ANTIBACTERIAL	53d6addc4a334f042bd7a101c8a1fedc2a1413d9f75542251d4032d2673083d1	0	0	5	2	0	RECORDED_NAME_QUERIES_TRAVERSED_NOT_PRIMARY_REVIEW	False	0	0	0	0			0	0	0			0		OPEN
CHEBI:145950	nigerone	data/antibiotics/antifungal/nigerone.yaml	MBDIPBHBEVOYQB-UHFFFAOYSA-N	ANTIFUNGAL	af3fbb030a047822975c81170ec4be1e3dba0e17f079ef9204699a90993455b8	0	0	2	2	0	RECORDED_NAME_QUERIES_TRAVERSED_NOT_PRIMARY_REVIEW	False	0	0	0	0			0	0	0			0		OPEN
CHEBI:145994	remdesivir	data/antibiotics/antiviral/remdesivir.yaml	RWWYLEGWBNMMLJ-YSOARWBDSA-N	ANTIVIRAL	7ac723353a588829e131a45df204841fb20dd0b1401db438d0c853134fc4e214	0	0	9	3	2	RECORDED_NAME_QUERIES_TRAVERSED_NOT_PRIMARY_REVIEW	False	0	0	0	0			0	0	0			0		OPEN
CHEBI:145998	N-(2-aminoethyl)-1-aziridine-ethanamine	data/antibiotics/antiviral/n-2-aminoethyl-1-aziridine-ethanamine.yaml	XJNAQZHMIAKQOK-UHFFFAOYSA-N	ANTIVIRAL	555936ddeba0c33e18c1585d820fa191a86339ce70eda47e84fbcceaaa265500	0	0	7	3	0	RECORDED_NAME_QUERIES_TRAVERSED_NOT_PRIMARY_REVIEW	False	0	0	0	0			0	0	0			0		OPEN
CHEBI:145999	cinanserin	data/antibiotics/antiviral/cinanserin.yaml	RSUVYMGADVXGOU-BUHFOSPRSA-N	ANTIVIRAL	0d3750fdec9b0e1a7c9a3cc4df640bae8049cf8000c79072995f182df358f902	0	0	5	2	0	RECORDED_NAME_QUERIES_TRAVERSED_NOT_PRIMARY_REVIEW	False	0	0	0	0			0	0	0			0		OPEN
CHEBI:146000	emetine dihydrochloride hydrate	data/antibiotics/antiprotozoal/emetine-dihydrochloride-hydrate.yaml	IZTPMTAWOCEKKM-VXMYZLRESA-N	ANTIPROTOZOAL	ad797cc5e3da26f9865662490dfe16810a797bc8db0064500066f57964d56988	0	0	6	3	0	RECORDED_NAME_QUERIES_TRAVERSED_NOT_PRIMARY_REVIEW	False	0	0	0	0			0	0	0			0		OPEN
CHEBI:146007	(M)-viriditoxin	data/antibiotics/antibacterial/m-viriditoxin.yaml	GMCZVCXZGZGZPX-HOTGVXAUSA-N	ANTIBACTERIAL	0f88e011c939a9a2a33b4edf68164e85e7fd90682c0c8773f718f1d8de8e84d4	0	0	3	2	0	RECORDED_NAME_QUERIES_TRAVERSED_NOT_PRIMARY_REVIEW	False	0	0	0	0			0	0	0			0		OPEN
CHEBI:146138	3,3'-dimethylquercetin	data/antibiotics/antibacterial/3-3-dimethylquercetin.yaml	FMEHGPQTMOPUGM-UHFFFAOYSA-N	ANTIBACTERIAL	4cdc335f961faf6928a448ee101c537b26c3efa0e11984f6e9395144549bdc1f	0	0	10	4	0	RECORDED_NAME_QUERIES_TRAVERSED_NOT_PRIMARY_REVIEW	False	0	0	0	0			0	0	0			0		OPEN
CHEBI:146142	3,4'-dimethylkaempferol	data/antibiotics/antimycobacterial/3-4-dimethylkaempferol.yaml	RJCJVIFSIXKSAH-UHFFFAOYSA-N	ANTIMYCOBACTERIAL	cd56b58b72e93246a947eacff07ceb76b88a0de824e79baf08a88e8b29c6a67a	0	0	14	5	0	RECORDED_NAME_QUERIES_TRAVERSED_NOT_PRIMARY_REVIEW	False	0	0	0	0			0	0	0			0		OPEN
CHEBI:146153	ilicicolin B	data/antibiotics/unspecified/ilicicolin-b.yaml	QAPOXOGEDXIOHD-VZRGJMDUSA-N	ANTIMICROBIAL_UNSPECIFIED	038ce809bba70aaba3cebc0edc8d84f53a2b0c6037c0630ce8244650c0cf3cc3	0	0	4	2	0	RECORDED_NAME_QUERIES_TRAVERSED_NOT_PRIMARY_REVIEW	False	0	0	0	0			0	0	0			0		OPEN
CHEBI:146227	halicin	data/antibiotics/antibacterial/halicin.yaml	NQQBNZBOOHHVQP-UHFFFAOYSA-N	ANTIBACTERIAL	2e3dd85437d923d152d6524c8919c33ce375fb543adc83b8a5af7d71b1aefce2	0	0	8	3	0	RECORDED_NAME_QUERIES_TRAVERSED_NOT_PRIMARY_REVIEW	False	0	0	0	0			0	0	0			0		OPEN
CHEBI:146309	3-methylorsellinic acid	data/antibiotics/antibacterial/3-methylorsellinic-acid.yaml	VHNLJRRECIZZPX-UHFFFAOYSA-N	ANTIBACTERIAL	4f86982ca8fedaf64c18cbd83d43d9a3f79cfc6fadf7b5dd75b028534467c070	0	0	4	2	0	RECORDED_NAME_QUERIES_TRAVERSED_NOT_PRIMARY_REVIEW	False	0	0	0	0			0	0	0			0		OPEN
CHEBI:147281	GS-441524	data/antibiotics/antiviral/gs-441524.yaml	BRDWIEOJOWJCLU-LTGWCKQJSA-N	ANTIVIRAL	c575d137bf75890c8265294bb2cfe2a3f3207ea0bf9b9f86928d77e7f985671d	0	0	7	3	0	RECORDED_NAME_QUERIES_TRAVERSED_NOT_PRIMARY_REVIEW	False	0	0	0	0			0	0	0			0		OPEN
CHEBI:147284	cinanserin hydrochloride	data/antibiotics/antiviral/cinanserin-hydrochloride.yaml	LXGJPDKYMJJWRB-IERUDJENSA-N	ANTIVIRAL	4e92fa356d9ee18bc4845a59afbef91574105ba38d14a5f7bfcc5c8dc4676a59	0	0	6	3	0	RECORDED_NAME_QUERIES_TRAVERSED_NOT_PRIMARY_REVIEW	False	0	0	0	0			0	0	0			0		OPEN
CHEBI:147346	SG85	data/antibiotics/antiviral/sg85.yaml	CTAXDRJNQQBEIB-VCJIVHKYSA-N	ANTIVIRAL	2e13d0c8b1bdf2effa5eba43600381f47703d948aebe326b65f122ee991948e3	1	0	4	2	0	RECORDED_NAME_QUERIES_TRAVERSED_NOT_PRIMARY_REVIEW	False	0	0	0	0			0	0	0			0		OPEN
CHEBI:147347	tilorone	data/antibiotics/antiviral/tilorone.yaml	MPMFCABZENCRHV-UHFFFAOYSA-N	ANTIVIRAL	bc09aed0ab7a07dd3d75e4e776454da18d4f1b32016a9c03404bc071af9bad37	0	0	5	2	0	RECORDED_NAME_QUERIES_TRAVERSED_NOT_PRIMARY_REVIEW	False	0	0	0	0			0	0	0			0		OPEN
CHEBI:147356	tilorone dihydrochloride	data/antibiotics/antiviral/tilorone-dihydrochloride.yaml	BSVYJQAWONIOOU-UHFFFAOYSA-N	ANTIVIRAL	6180d1de521fb18e669e7fcac6409e510893c408e1d375738216df3060246f2d	0	0	6	3	0	RECORDED_NAME_QUERIES_TRAVERSED_NOT_PRIMARY_REVIEW	False	0	0	0	0			0	0	0			0		OPEN
CHEBI:147409	tert-butyl N-{1-[(1S)-1-{[(1R,2S)-1-(benzylcarbamoyl)-1-hydroxy-3-[(3S)-2-oxopyrrolidin-3-yl]propan-2-yl]carbamoyl}-2-cyclopropylethyl]-2-oxopyridin-3-yl}carbamate	data/antibiotics/antiviral/tert-butyl-n-1-1s-1-1r-2s-1-benzylcarbamoyl-1-hydroxy-3-3s-2-oxopyrrol.yaml	FRACPXUHUTXLCX-BELIEFIBSA-N	ANTIVIRAL	9f1705c63057ace7499178a1b58cdff87e5322a915a87895397c6aee4453ce2d	0	0	2	2	0	RECORDED_NAME_QUERIES_TRAVERSED_NOT_PRIMARY_REVIEW	False	0	0	0	0			0	0	0			0		OPEN
CHEBI:147675	5-iodo-2'-deoxyuridine	data/antibiotics/antiviral/5-iodo-2-deoxyuridine.yaml	XQFRJNBWHJMXHO-RRKCRQDMSA-N	ANTIVIRAL	f74bd93ff2f0d30455aca413ef1a3f17f0b41eba276554cff525a60278129c5d	0	0	17	5	0	RECORDED_NAME_QUERIES_TRAVERSED_NOT_PRIMARY_REVIEW	False	0	0	0	0			0	0	0			0		OPEN
CHEBI:148439	cyclanilide	data/antibiotics/antifungal/cyclanilide.yaml	GLWWLNJJJCTFMZ-UHFFFAOYSA-N	ANTIFUNGAL	8fd901f9f9a2aab3f513542d477de4b2ed3d3e2cac91afe6ec1c70bf1830e292	0	0	8	3	0	RECORDED_NAME_QUERIES_TRAVERSED_NOT_PRIMARY_REVIEW	False	0	0	0	0			0	0	0			0		OPEN
CHEBI:149426	6-de(cyclopropylamino)-6-(2-methylazetidin-1-yl)abacavir	data/antibiotics/antiviral/6-de-cyclopropylamino-6-2-methylazetidin-1-yl-abacavir.yaml	OQWZETPYVIVWBB-ZOCYIJKUSA-N	ANTIVIRAL	1cfd4cf33215655b79c315afe09d12a1c3fc611aaefcaa83878f9aef8e61fbb3	0	0	3	2	0	RECORDED_NAME_QUERIES_TRAVERSED_NOT_PRIMARY_REVIEW	False	0	0	0	0			0	0	0			0		OPEN
CHEBI:149430	6-de(cyclopropylamino)-6-(2,2-dimethylazetidin-1-yl)abacavir	data/antibiotics/antiviral/6-de-cyclopropylamino-6-2-2-dimethylazetidin-1-yl-abacavir.yaml	AZNKZYXEUMQLIU-MNOVXSKESA-N	ANTIVIRAL	2197f0a98509279d3c414482e6428c504c9981053a94f6a7e1d3a0f98f90e4c7	0	0	3	2	0	RECORDED_NAME_QUERIES_TRAVERSED_NOT_PRIMARY_REVIEW	False	0	0	0	0			0	0	0			0		OPEN
CHEBI:149431	6-de(cyclopropylamino)-6-(azetidin-1-yl)abacavir	data/antibiotics/antiviral/6-de-cyclopropylamino-6-azetidin-1-yl-abacavir.yaml	ARAIATBRBSWLHC-ZJUUUORDSA-N	ANTIVIRAL	962986877c0080b10366a2d5b2ab1668f3a7395426ceb627bbb56495020a3513	0	0	3	2	0	RECORDED_NAME_QUERIES_TRAVERSED_NOT_PRIMARY_REVIEW	False	0	0	0	0			0	0	0			0		OPEN
CHEBI:149432	6-de(cyclopropylamino)-6-(3-isopropoxyazetidin-1-yl)abacavir	data/antibiotics/antiviral/6-de-cyclopropylamino-6-3-isopropoxyazetidin-1-yl-abacavir.yaml	MALXRGLKOHFCJX-NEPJUHHUSA-N	ANTIVIRAL	1fa93ab7c122669a0505f868ae963767f2402ea17113704dd5305a04d0ff6b78	0	0	3	2	0	RECORDED_NAME_QUERIES_TRAVERSED_NOT_PRIMARY_REVIEW	False	0	0	0	0			0	0	0			0		OPEN
CHEBI:149434	6-de(cyclopropylamino)-6-(3-fluoroazetidin-1-yl)abacavir	data/antibiotics/antiviral/6-de-cyclopropylamino-6-3-fluoroazetidin-1-yl-abacavir.yaml	AJAFGTUGXORIBL-SCZZXKLOSA-N	ANTIVIRAL	168c781cc34787704b490da73d878d00b9f26da49f2743368bbf57288712af75	0	0	3	2	0	RECORDED_NAME_QUERIES_TRAVERSED_NOT_PRIMARY_REVIEW	False	0	0	0	0			0	0	0			0		OPEN
CHEBI:149435	6-de(cyclopropylamino)-6-(3-methoxyazetidin-1-yl)abacavir	data/antibiotics/antiviral/6-de-cyclopropylamino-6-3-methoxyazetidin-1-yl-abacavir.yaml	MXGYFZAWHDLLFI-ZJUUUORDSA-N	ANTIVIRAL	10f88729cbe86eea84f70f0291e8312f44b1f04c6ea9afc48bb95f4fd0080279	0	0	3	2	0	RECORDED_NAME_QUERIES_TRAVERSED_NOT_PRIMARY_REVIEW	False	0	0	0	0			0	0	0			0		OPEN
CHEBI:149436	6-de(cyclopropylamino)-6-(3-cyclopropyl-3-fluoroazetidin-1-yl)abacavir	data/antibiotics/antiviral/6-de-cyclopropylamino-6-3-cyclopropyl-3-fluoroazetidin-1-yl-abacavir.yaml	PVCSYQLWBAGPTF-PWSUYJOCSA-N	ANTIVIRAL	f160bdbbcc4461a8450e223dac60d191fdaf774c501f24049b35fcf585590790	0	0	3	2	0	RECORDED_NAME_QUERIES_TRAVERSED_NOT_PRIMARY_REVIEW	False	0	0	0	0			0	0	0			0		OPEN
CHEBI:149437	6-de(cyclopropylamino)-6-(isobutylamino)abacavir	data/antibiotics/antiviral/6-de-cyclopropylamino-6-isobutylamino-abacavir.yaml	UHZARYILKCVWLR-MNOVXSKESA-N	ANTIVIRAL	62030b86b379490237905f8025023aa41f38c9655e9dabc8c7eca5390d833398	0	0	4	2	0	RECORDED_NAME_QUERIES_TRAVERSED_NOT_PRIMARY_REVIEW	False	0	0	0	0			0	0	0			0		OPEN
CHEBI:149438	6-de(cyclopropylamino)-6-[(S)-sec-butylamino]abacavir	data/antibiotics/antiviral/6-de-cyclopropylamino-6-s-sec-butylamino-abacavir.yaml	IRUQDNIRWKAXRV-AXFHLTTASA-N	ANTIVIRAL	d6be5a1aaa4db7635df11b9c0d4f74d80f3a1a3935d7bf6295fc5ad0a0fb2c57	0	0	4	2	0	RECORDED_NAME_QUERIES_TRAVERSED_NOT_PRIMARY_REVIEW	False	0	0	0	0			0	0	0			0		OPEN
CHEBI:149551	emetine dihydrochloride	data/antibiotics/antiprotozoal/emetine-dihydrochloride.yaml	JROGBPMEKVAPEH-GXGBFOEMSA-N	ANTIPROTOZOAL	3a48ea6d5166f4c4c6437f82e5f01ddd532c8f2c2bea33d24825a96ea8837559	0	0	5	2	0	RECORDED_NAME_QUERIES_TRAVERSED_NOT_PRIMARY_REVIEW	False	0	0	0	0			0	0	0			0		OPEN
CHEBI:149619	isoaspulvinone E	data/antibiotics/antiviral/isoaspulvinone-e.yaml	BNNVVTQUWNGKPH-NTEUORMPSA-N	ANTIVIRAL	53ea8dc1e6c18e9c1ddc185e7fbd058e7f7d24c1df3356a7188a7c1adca6b419	0	0	3	2	0	RECORDED_NAME_QUERIES_TRAVERSED_NOT_PRIMARY_REVIEW	False	0	0	0	0			0	0	0			0		OPEN
CHEBI:149634	dehydroemetine	data/antibiotics/antiprotozoal/dehydroemetine.yaml	XXLZPUYGHQWHRN-RPBOFIJWSA-N	ANTIPROTOZOAL	8ed6ce061e2457e074660ffd51f0bc1540b987a77cc0814cc1adf19e69b70121	0	0	18	6	0	RECORDED_NAME_QUERIES_TRAVERSED_NOT_PRIMARY_REVIEW	False	0	0	0	0			0	0	0			0		OPEN
CHEBI:149636	cenicriviroc	data/antibiotics/antiviral/cenicriviroc.yaml	PNDKCRDVVKJPKG-WHERJAGFSA-N	ANTIVIRAL	2f46025a9729974d2cfd85abbb1735b647946aaaf178e1949b7fd5fbb7e673ea	0	0	8	3	0	RECORDED_NAME_QUERIES_TRAVERSED_NOT_PRIMARY_REVIEW	False	0	0	0	0			0	0	0			0		OPEN
CHEBI:149660	atromentin	data/antibiotics/antibacterial/atromentin.yaml	FKQQKMGWCJGUCS-UHFFFAOYSA-N	ANTIBACTERIAL	3d761c22e4124e84ea5cf658543fac8371e9fafa3aa31051c867c9d11906d3a0	0	0	6	3	0	RECORDED_NAME_QUERIES_TRAVERSED_NOT_PRIMARY_REVIEW	False	0	0	0	0			0	0	0			0		OPEN
CHEBI:149679	N-(tert-butoxycarbonyl)-L-seryl-L-valyl-N-{(2S,3E)-5-ethoxy-5-oxo-1-[(3S)-2-oxopyrrolidin-3-yl]pent-3-en-2-yl}-L-leucinamide	data/antibiotics/antiviral/n-tert-butoxycarbonyl-l-seryl-l-valyl-n-2s-3e-5-ethoxy-5-oxo-1-3s-2-ox.yaml	JQGRQEJSWFZWOD-IDAOPYDCSA-N	ANTIVIRAL	c9b48dffeb221d94193a787cfa3326a9de0b5a68a9379fa7a4b75775f23f7559	0	0	2	2	0	RECORDED_NAME_QUERIES_TRAVERSED_NOT_PRIMARY_REVIEW	False	0	0	0	0			0	0	0			0		OPEN
CHEBI:149680	N-(4-{[(1H-benzotriazol-1-yl)acetyl][(thiophen-3-yl)methyl]amino}phenyl)propanamide	data/antibiotics/antiviral/n-4-1h-benzotriazol-1-yl-acetyl-thiophen-3-yl-methyl-amino-phenyl-prop.yaml	TWIVXCFEBRGEKY-UHFFFAOYSA-N	ANTIVIRAL	787e9224c9b202b96f86125ecb3235d62d0ae95eab4437fff12476aa6e5f7826	0	0	1	1	0	RECORDED_NAME_QUERIES_TRAVERSED_NOT_PRIMARY_REVIEW	False	0	0	0	0			0	0	0			0		OPEN
CHEBI:149693	N-{4-[(1H-benzotriazol-1-ylacetyl)(thiophen-3-ylmethyl)amino]phenyl}-2-methylpropanamide	data/antibiotics/antiviral/n-4-1h-benzotriazol-1-ylacetyl-thiophen-3-ylmethyl-amino-phenyl-2-meth.yaml	LTKZCHKSOAHTRI-UHFFFAOYSA-N	ANTIVIRAL	2ff8d2c668aa47a17f2ebf41be97e38f39015531147d15f314cc0c790cd377b6	0	0	1	1	0	RECORDED_NAME_QUERIES_TRAVERSED_NOT_PRIMARY_REVIEW	False	0	0	0	0			0	0	0			0		OPEN
CHEBI:149836	tigecycline	data/antibiotics/antibacterial/tigecycline.yaml	FPZLLRFZJZRHSY-HJYUBDRYSA-N	ANTIBACTERIAL	ae6e16a2a47b26efd26dd8a6f0b215fcda1a04e79a09414c333fbd0e40b21c31	11	0	4	2	1	RECORDED_NAME_QUERIES_TRAVERSED_NOT_PRIMARY_REVIEW	False	11	11	3	8	UniProtKB:A0AAP9GSN8|UniProtKB:Q06DK7|UniProtKB:Q5HIW0	NCBITaxon:202956|NCBITaxon:403776|NCBITaxon:93062	0	0	0			0		OPEN
CHEBI:150866	GS-441524 monophosphate	data/antibiotics/antiviral/gs-441524-monophosphate.yaml	ZBHOHJWLOOFLMW-LTGWCKQJSA-N	ANTIVIRAL	1704b5e99185c386b5aa784196f16b974caea5c8b0031f107194c5a296465cf0	0	0	4	2	0	RECORDED_NAME_QUERIES_TRAVERSED_NOT_PRIMARY_REVIEW	False	0	0	0	0			0	0	0			0		OPEN
CHEBI:150869	GS-443902	data/antibiotics/antiviral/gs-443902.yaml	DFVPCNAMNAPBCX-LTGWCKQJSA-N	ANTIVIRAL	c02bf632230bb38f9c6d88fbd05f171e8ebc2970b55c92e78d7b8342956dabed	0	0	5	2	0	RECORDED_NAME_QUERIES_TRAVERSED_NOT_PRIMARY_REVIEW	False	0	0	0	0			0	0	0			0		OPEN
CHEBI:152054	nataloe-emodin	data/antibiotics/antibacterial/nataloe-emodin.yaml	WLOSKKPZIOUGFB-UHFFFAOYSA-N	ANTIBACTERIAL	1d0561ecda14a084784a08b2fd6d73f0257f1f0be519870f939c4eeb0cd2d14d	0	0	6	3	0	RECORDED_NAME_QUERIES_TRAVERSED_NOT_PRIMARY_REVIEW	False	0	0	0	0			0	0	0			0		OPEN
CHEBI:152058	ethylmercuric chloride	data/antibiotics/antifungal/ethylmercuric-chloride.yaml	QWUGXIXRFGEYBD-UHFFFAOYSA-M	ANTIFUNGAL	23810accc5774817842f51628b16ee86eb93b2e79789c727ae78500468cebdf4	0	0	18	6	0	RECORDED_NAME_QUERIES_TRAVERSED_NOT_PRIMARY_REVIEW	False	0	0	0	0			0	0	0			0		OPEN
CHEBI:152560	N-[(2S)-3-cyclohexyl-1-oxo-1-({(2S)-1-oxo-3-[(3S)-2-oxopyrrolidin-3-yl]propan-2-yl}amino)propan-2-yl]-1H-indole-2-carboxamide	data/antibiotics/antiviral/n-2s-3-cyclohexyl-1-oxo-1-2s-1-oxo-3-3s-2-oxopyrrolidin-3-yl-propan-2-.yaml	HPKJGHVHQWJOOT-ZJOUEHCJSA-N	ANTIVIRAL	67de07d698875766575a9fc0c096ffdcb80ba51603daa66340c3a8f776327120	0	0	1	1	0	RECORDED_NAME_QUERIES_TRAVERSED_NOT_PRIMARY_REVIEW	False	0	0	0	0			0	0	0			0		OPEN
CHEBI:152561	3-fluoro-Nα-(1H-indol-2-ylcarbonyl)-N-{(2S)-1-oxo-3-[(3S)-2-oxopyrrolidin-3-yl]propan-2-yl}-L-phenylalaninamide	data/antibiotics/antiviral/3-fluoro-nα-1h-indol-2-ylcarbonyl-n-2s-1-oxo-3-3s-2-oxopyrrolidin-3-yl.yaml	HCRBVFBQANEDDM-CUWPLCDZSA-N	ANTIVIRAL	c4a7c2bc3fe86fd99f91fb79686b3a7f46f850ef3cc48b3117d00ecd5a467535	0	0	1	1	0	RECORDED_NAME_QUERIES_TRAVERSED_NOT_PRIMARY_REVIEW	False	0	0	0	0			0	0	0			0		OPEN
CHEBI:152570	butremycin	data/antibiotics/antibacterial/butremycin.yaml	IJOMIIDEKGZJJF-KSCHHOEWSA-N	ANTIBACTERIAL	aeac906ae943bba8cd55c8a943f9ca494c5b41702229a1605b570e633550d308	0	0	2	2	0	RECORDED_NAME_QUERIES_TRAVERSED_NOT_PRIMARY_REVIEW	False	0	0	0	0			0	0	0			0		OPEN
CHEBI:15353	blasticidin S	data/antibiotics/antifungal/blasticidin-s.yaml	CXNPLSGKWMLZPZ-ZNIXKSQXSA-N	ANTIFUNGAL	1a488bae1fbed0d26950a8150b7b8c315860c1b43b9be4d179ef9a163e3e4468	0	0	4	2	0	RECORDED_NAME_QUERIES_TRAVERSED_NOT_PRIMARY_REVIEW	False	0	0	0	0			0	0	0			0		OPEN
CHEBI:15366	acetic acid	data/antibiotics/biocide/acetic-acid.yaml	QTBSBXVTEAMEQO-UHFFFAOYSA-N	BIOCIDE	e96702041737279421a5b33ee2bddfbec26ae35d3ab4ec375df7d327d0f3e0b0	0	0	19	6	2	RECORDED_NAME_QUERIES_TRAVERSED_NOT_PRIMARY_REVIEW	False	0	0	0	0			0	0	0			0		OPEN
CHEBI:15390	(+)-bisdechlorogeodin	data/antibiotics/unspecified/bisdechlorogeodin.yaml	JCMPRFCVZKOFIT-KRWDZBQOSA-N	ANTIMICROBIAL_UNSPECIFIED	bb9bb166d69334c3b44bc4c01fcc7dfd998fd58abd9f93ae6bd24166b86d1ac5	0	0	4	2	0	RECORDED_NAME_QUERIES_TRAVERSED_NOT_PRIMARY_REVIEW	False	0	0	0	0			0	0	0			0		OPEN
CHEBI:15391	(−)-bisdechlorogeodin	data/antibiotics/unspecified/bisdechlorogeodin-15391.yaml	JCMPRFCVZKOFIT-QGZVFWFLSA-N	ANTIMICROBIAL_UNSPECIFIED	943a10c3a2552ef6cb2410a5f8a75ab7e25c8b1ce87fe2e8963e67697c9d524b	0	0	4	2	0	RECORDED_NAME_QUERIES_TRAVERSED_NOT_PRIMARY_REVIEW	False	0	0	0	0			0	0	0			0		OPEN
CHEBI:15399	(+)-carvone	data/antibiotics/antifungal/carvone.yaml	ULDHMXUKGWMISQ-VIFPVBQESA-N	ANTIFUNGAL	f4f5d15019cd214ab0104243266b60b9b1d0299d5fccbb8c3038cf151080b3a5	0	0	17	5	0	RECORDED_NAME_QUERIES_TRAVERSED_NOT_PRIMARY_REVIEW	False	0	0	0	0			0	0	0			0		OPEN
CHEBI:15400	(−)-carvone	data/antibiotics/antifungal/carvone-15400.yaml	ULDHMXUKGWMISQ-SECBINFHSA-N	ANTIFUNGAL	0db460ca82a8cd403a9daba966536e1297c19b6cadb071af5a01fc4c2a1e1908	0	0	17	5	0	RECORDED_NAME_QUERIES_TRAVERSED_NOT_PRIMARY_REVIEW	False	0	0	0	0			0	0	0			0		OPEN
CHEBI:15417	ent-kaur-16-en-19-oic acid	data/antibiotics/antiviral/ent-kaur-16-en-19-oic-acid.yaml	NIKHGUQULKYIGE-OTCXFQBHSA-N	ANTIVIRAL	16afc5abbb773e2131532473db9d96431d0cafa75494ef683a80d79479923e40	0	0	9	3	0	RECORDED_NAME_QUERIES_TRAVERSED_NOT_PRIMARY_REVIEW	False	0	0	0	0			0	0	0			0		OPEN
CHEBI:155860	2,4-dihydroxy-3-methyl-6-(2-oxopropyl)benzaldehyde	data/antibiotics/antibacterial/2-4-dihydroxy-3-methyl-6-2-oxopropyl-benzaldehyde.yaml	NYFZWIIIOFTTKN-UHFFFAOYSA-N	ANTIBACTERIAL	eb37605ef9873389a71bbaf0a7a812b47f561c80cd6674d5e93089eaa1cdf9e7	0	0	3	2	0	RECORDED_NAME_QUERIES_TRAVERSED_NOT_PRIMARY_REVIEW	False	0	0	0	0			0	0	0			0		OPEN
CHEBI:155904	(+)-albicanol	data/antibiotics/antifungal/albicanol.yaml	ZPTSRWNMMWXEHX-KCQAQPDRSA-N	ANTIFUNGAL	052c1458fff50b656a8bacaff7a1d7098df92a634cf268e549ab467ac48a59a4	0	0	7	3	0	RECORDED_NAME_QUERIES_TRAVERSED_NOT_PRIMARY_REVIEW	False	0	0	0	0			0	0	0			0		OPEN
CHEBI:155927	arterolane maleate	data/antibiotics/antiprotozoal/arterolane-maleate.yaml	SVDSPJJUJMMDFX-CXCXETQFSA-N	ANTIPROTOZOAL	1c9384bae9f39a7c2607d771cc50c6f3b55790e8dcf339818708c85d57d94bfc	0	0	2	2	0	RECORDED_NAME_QUERIES_TRAVERSED_NOT_PRIMARY_REVIEW	False	0	0	0	0			0	0	0			0		OPEN
CHEBI:156041	rac5c	data/antibiotics/antiviral/rac5c.yaml	MMIABLSMKGWQKD-UHFFFAOYSA-N	ANTIVIRAL	13c1db550ec4b6eb6e977559f6dc6e896832fd4bc3aaa1d6816096231ad37768	0	0	2	2	0	RECORDED_NAME_QUERIES_TRAVERSED_NOT_PRIMARY_REVIEW	False	0	0	0	0			0	0	0			0		OPEN
CHEBI:156070	butyl benzoate	data/antibiotics/biocide/butyl-benzoate.yaml	XSIFPSYPOVKYCO-UHFFFAOYSA-N	BIOCIDE	275bffc0abf8d1cbaf6fee0addfdfaf281f7d1886aff4bb05f4290350e2be224	0	0	7	3	0	RECORDED_NAME_QUERIES_TRAVERSED_NOT_PRIMARY_REVIEW	False	0	0	0	0			0	0	0			0		OPEN
CHEBI:156072	propyl benzoate	data/antibiotics/biocide/propyl-benzoate.yaml	UDEWPOVQBGFNGE-UHFFFAOYSA-N	BIOCIDE	e4128f988b698353110c8a340d443c39b5ff5d46a4685fc7ae953d9f1144f52a	0	0	7	3	0	RECORDED_NAME_QUERIES_TRAVERSED_NOT_PRIMARY_REVIEW	False	0	0	0	0			0	0	0			0		OPEN
CHEBI:156095	lumefantrine	data/antibiotics/antiprotozoal/lumefantrine.yaml	DYLGFOYVTXJFJP-MYYYXRDXSA-N	ANTIPROTOZOAL	9fadc5b2fb651a56eb225609dadc7ab8c3efb356708f68bff332f9ceb8d72d1c	0	0	8	3	2	RECORDED_NAME_QUERIES_TRAVERSED_NOT_PRIMARY_REVIEW	False	0	0	0	0			0	0	0			0		OPEN
CHEBI:156148	ascofuranone	data/antibiotics/antiprotozoal/ascofuranone.yaml	VGYPZLGWVQQOST-JUERRSSISA-N	ANTIPROTOZOAL	b10756c8428df336be06f52c4a46b2a526752f55f2f331f9f01fb3cab7a43e1f	0	0	6	3	0	RECORDED_NAME_QUERIES_TRAVERSED_NOT_PRIMARY_REVIEW	False	0	0	0	0			0	0	0			0		OPEN
CHEBI:156193	serratol	data/antibiotics/antiprotozoal/serratol.yaml	ZVWXZFYWLABNOW-UYSOGGTPSA-N	ANTIPROTOZOAL	8d7fe0ef0dbe9ff004597869279ed833a0f3dbfa9dfb9b139cd566a0ea63059f	0	0	4	2	0	RECORDED_NAME_QUERIES_TRAVERSED_NOT_PRIMARY_REVIEW	False	0	0	0	0			0	0	0			0		OPEN
CHEBI:156209	S-ethyl-L-cysteine	data/antibiotics/antimycobacterial/s-ethyl-l-cysteine.yaml	ULXKXLZEOGLCRJ-BYPYZUCNSA-N	ANTIMYCOBACTERIAL	2e7a0579079ae8bdf8c9715dce79194623202895c6d75f21ea915c4ed3e31e1a	0	0	7	3	0	RECORDED_NAME_QUERIES_TRAVERSED_NOT_PRIMARY_REVIEW	False	0	0	0	0			0	0	0			0		OPEN
CHEBI:156219	ascochlorin	data/antibiotics/antifungal/ascochlorin.yaml	SETVRSKZJJWOPA-FLDGXQSCSA-N	ANTIFUNGAL	90e9ba060105489ea6c2ab1a128f47176b69254210c77e939d41e0ca497837e3	0	0	7	3	0	RECORDED_NAME_QUERIES_TRAVERSED_NOT_PRIMARY_REVIEW	False	0	0	0	0			0	0	0			0		OPEN
CHEBI:156228	viridiflorol	data/antibiotics/antimycobacterial/viridiflorol.yaml	AYXPYQRXGNDJFU-IMNVLQEYSA-N	ANTIMYCOBACTERIAL	8b50259d21ecca2d22e6fad7c24cb11bf36f3113da93f2c7020d494cef831087	0	0	5	2	0	RECORDED_NAME_QUERIES_TRAVERSED_NOT_PRIMARY_REVIEW	False	0	0	0	0			0	0	0			0		OPEN
CHEBI:156289	decanoyl-L-Arg-L-Val-L-Lys-L-Arg-chloromethylketone	data/antibiotics/antiviral/decanoyl-l-arg-l-val-l-lys-l-arg-chloromethylketone.yaml	NHBJTTGFHCHQHS-VZTVMPNDSA-N	ANTIVIRAL	315720ca36f3f635bba971e77bdf9d4c34ed83a0a1fef1a94e438d4bec164c4c	0	0	6	3	0	RECORDED_NAME_QUERIES_TRAVERSED_NOT_PRIMARY_REVIEW	False	0	0	0	0			0	0	0			0		OPEN
CHEBI:156291	oviedomycin	data/antibiotics/unspecified/oviedomycin.yaml	LRVJUCBWMNTDLP-UHFFFAOYSA-N	ANTIMICROBIAL_UNSPECIFIED	aef42430185ef080b796235177e123bcead7f61238de4209bc8effa912d24f79	0	0	5	2	0	RECORDED_NAME_QUERIES_TRAVERSED_NOT_PRIMARY_REVIEW	False	0	0	0	0			0	0	0			0		OPEN
CHEBI:156294	steffimycin D	data/antibiotics/unspecified/steffimycin-d.yaml	FAXXYXLNSNAHOO-MICZPBMFSA-N	ANTIMICROBIAL_UNSPECIFIED	42998ac5d9391f8935e12431ab36b228f767681864072f27af27f33ca502cd35	0	0	4	2	0	RECORDED_NAME_QUERIES_TRAVERSED_NOT_PRIMARY_REVIEW	False	0	0	0	0			0	0	0			0		OPEN
CHEBI:156298	aurafuron A	data/antibiotics/antifungal/aurafuron-a.yaml	AQQYZHDRTDSOER-LYKBUVKOSA-N	ANTIFUNGAL	ba640334e658247ce4bf6944578ff490c2136735a3ed3d4f9d1fd0b25fde93a0	0	0	3	2	0	RECORDED_NAME_QUERIES_TRAVERSED_NOT_PRIMARY_REVIEW	False	0	0	0	0			0	0	0			0		OPEN
CHEBI:156301	auricin	data/antibiotics/unspecified/auricin.yaml	DIESPMSGQPRWLG-VLKAYIDRSA-N	ANTIMICROBIAL_UNSPECIFIED	d5d4b6a6618f82dceffa6ab3f5889b37b21377e5cae12b6b051d15ba928a53ec	0	0	2	2	0	RECORDED_NAME_QUERIES_TRAVERSED_NOT_PRIMARY_REVIEW	False	0	0	0	0			0	0	0			0		OPEN
CHEBI:156313	erdasporine A	data/antibiotics/antibacterial/erdasporine-a.yaml	WIKWOGJGVQUVBW-UHFFFAOYSA-N	ANTIBACTERIAL	3c8e52a88d87883308f5c5a3a3adcf8c1aec6e0e4f207bdfeb2d1cac3f4eac6a	0	0	3	2	0	RECORDED_NAME_QUERIES_TRAVERSED_NOT_PRIMARY_REVIEW	False	0	0	0	0			0	0	0			0		OPEN
CHEBI:156314	erdasporine B	data/antibiotics/antibacterial/erdasporine-b.yaml	POAWNROCPSHGIZ-UHFFFAOYSA-N	ANTIBACTERIAL	a5d5cd5a1991ae831494226d33cef5792e6ac4f2535656bd78a0a1c52fe45c9b	0	0	3	2	0	RECORDED_NAME_QUERIES_TRAVERSED_NOT_PRIMARY_REVIEW	False	0	0	0	0			0	0	0			0		OPEN
CHEBI:156315	erdasporine C	data/antibiotics/antibacterial/erdasporine-c.yaml	DOZODIABNANYHJ-UHFFFAOYSA-N	ANTIBACTERIAL	4bf808fac31a44ceaa5d3d92ea03d91ca8ca43b4cf572687ac52964a4edad680	0	0	3	2	0	RECORDED_NAME_QUERIES_TRAVERSED_NOT_PRIMARY_REVIEW	False	0	0	0	0			0	0	0			0		OPEN
CHEBI:156331	3'-deoxy-3',4'-didehydro-cytidine	data/antibiotics/antiviral/3-deoxy-3-4-didehydro-cytidine.yaml	VQMYKNBUURJYAP-HTRCEHHLSA-N	ANTIVIRAL	e85f9a0ea67a7b8b96e133337f9df46990a7eb3efc0de5bd93dae6b1a73cc768	0	0	9	3	0	RECORDED_NAME_QUERIES_TRAVERSED_NOT_PRIMARY_REVIEW	False	0	0	0	0			0	0	0			0		OPEN
CHEBI:156336	3'-deoxy-3',4'-didehydro-CTP	data/antibiotics/antiviral/3-deoxy-3-4-didehydro-ctp.yaml	DGUQXKKDZHTKIE-HTRCEHHLSA-N	ANTIVIRAL	3d78baa74e201dba32b79f72243708446959f600195267bb796e8e51bea58485	0	0	8	3	0	RECORDED_NAME_QUERIES_TRAVERSED_NOT_PRIMARY_REVIEW	False	0	0	0	0			0	0	0			0		OPEN
CHEBI:156363	gibepyrone A	data/antibiotics/antibacterial/gibepyrone-a.yaml	FEEGMVBAILJAQO-QPJJXVBHSA-N	ANTIBACTERIAL	d880fc1a8effbf0fab8b047dfbf2aad391bd99d2bf0a25f9eb6ca522d584a592	0	0	3	2	0	RECORDED_NAME_QUERIES_TRAVERSED_NOT_PRIMARY_REVIEW	False	0	0	0	0			0	0	0			0		OPEN
CHEBI:156382	jawsamycin	data/antibiotics/antifungal/jawsamycin.yaml	QOOORVUXEUQEKV-KNLYTHMISA-N	ANTIFUNGAL	80fec5222ff8b1477b34b7ea9520a487b19eb92740920e476daaf8ea9efa5396	0	0	5	2	0	RECORDED_NAME_QUERIES_TRAVERSED_NOT_PRIMARY_REVIEW	False	0	0	0	0			0	0	0			0		OPEN
CHEBI:156386	asperlactone	data/antibiotics/antibacterial/asperlactone.yaml	VMLNPJDEXLLCQG-DGCAKLBHSA-N	ANTIBACTERIAL	dde6c178322465a9e5cadf12abcbc7b9fadfe33d93614e5c5ccdff985158ef9e	0	0	3	2	0	RECORDED_NAME_QUERIES_TRAVERSED_NOT_PRIMARY_REVIEW	False	0	0	0	0			0	0	0			0		OPEN
CHEBI:156387	aspyrone	data/antibiotics/antibacterial/aspyrone.yaml	RCAULRNMJFUWRP-HETMPLHPSA-N	ANTIBACTERIAL	0df7272cffbdc0dfbf8b627af9ada8429d3055e641037c224e3edfc80db4cf65	0	0	2	2	0	RECORDED_NAME_QUERIES_TRAVERSED_NOT_PRIMARY_REVIEW	False	0	0	0	0			0	0	0			0		OPEN
CHEBI:156426	curacomycin	data/antibiotics/antibacterial/curacomycin.yaml	CUXAULQHGRSWLF-IKVCUCANSA-N	ANTIBACTERIAL	4d6704d64c76c2d694c0d337c97c5b8938848a322968b9fb515525c693bd1eb7	0	0	2	2	0	RECORDED_NAME_QUERIES_TRAVERSED_NOT_PRIMARY_REVIEW	False	0	0	0	0			0	0	0			0		OPEN
CHEBI:156429	tabtoxin	data/antibiotics/unspecified/tabtoxin.yaml	BFSBNVPBVGFFCF-WDOVLDDZSA-N	ANTIMICROBIAL_UNSPECIFIED	b1d91e4dc11352b04dd4a3d8f8e39468496c6908d78d80636995aeee9e14f81e	0	0	5	2	0	RECORDED_NAME_QUERIES_TRAVERSED_NOT_PRIMARY_REVIEW	False	0	0	0	0			0	0	0			0		OPEN
CHEBI:156432	florylpicoxamid	data/antibiotics/antifungal/florylpicoxamid.yaml	ATZHVIVDMUCBEY-HOTGVXAUSA-N	ANTIFUNGAL	e8e55d17aa24887a24d71c95e66f6a8f87f41f4456403f97ea256679d0d77530	0	0	10	4	0	RECORDED_NAME_QUERIES_TRAVERSED_NOT_PRIMARY_REVIEW	False	0	0	0	0			0	0	0			0		OPEN
CHEBI:156434	5-[[3-(1-phenylethoxy)-4-(2-phenylethoxy)phenyl]methylene]-4-oxo-2-thioxo-3-thiazolidineacetic acid	data/antibiotics/antifungal/5-3-1-phenylethoxy-4-2-phenylethoxy-phenyl-methylene-4-oxo-2-thioxo-3-.yaml	FFYJVTLTZYPAAB-UQQQWYQISA-N	ANTIFUNGAL	a6402a8bf163ce9488896826ff0a33793ca8f9d6e3bde72003f719268e339450	0	0	5	2	0	RECORDED_NAME_QUERIES_TRAVERSED_NOT_PRIMARY_REVIEW	False	0	0	0	0			0	0	0			0		OPEN
CHEBI:156450	thiolutin	data/antibiotics/antibacterial/thiolutin.yaml	MHMRAFONCSQAIA-UHFFFAOYSA-N	ANTIBACTERIAL	186fbdf8291be8dc4107840a63562e7745d39284fee6d8a3aa0ff5c9bec48607	0	0	7	3	0	RECORDED_NAME_QUERIES_TRAVERSED_NOT_PRIMARY_REVIEW	False	0	0	0	0			0	0	0			0		OPEN
CHEBI:156451	holomycin	data/antibiotics/antibacterial/holomycin.yaml	HBUNPJGMNVQSBX-UHFFFAOYSA-N	ANTIBACTERIAL	4979a76d25ee21ce1535f55be56b0735a0aee386ebeece64e3a436496146ae45	0	0	8	3	0	RECORDED_NAME_QUERIES_TRAVERSED_NOT_PRIMARY_REVIEW	False	0	0	0	0			0	0	0			0		OPEN
CHEBI:156452	aureothricin	data/antibiotics/antibacterial/aureothricin.yaml	UGZYFXMSMFMTSM-UHFFFAOYSA-N	ANTIBACTERIAL	03e5951ad48f132dc2bf2137f29d19a45ee24beb11932d66e8a143c4fe329d36	0	0	7	3	0	RECORDED_NAME_QUERIES_TRAVERSED_NOT_PRIMARY_REVIEW	False	0	0	0	0			0	0	0			0		OPEN
CHEBI:156453	pyoluteorin	data/antibiotics/antibacterial/pyoluteorin.yaml	JPGWTZORMBTNMF-UHFFFAOYSA-N	ANTIBACTERIAL	53d043bf067a004f3212a9646cab0ac147371bf73d1dc06037170beaff5ce4fd	0	0	4	2	0	RECORDED_NAME_QUERIES_TRAVERSED_NOT_PRIMARY_REVIEW	False	0	0	0	0			0	0	0			0		OPEN
CHEBI:156455	tropodithietic acid	data/antibiotics/antibacterial/tropodithietic-acid.yaml	BLFCMITWMARUSM-UHFFFAOYSA-N	ANTIBACTERIAL	23379050abc6522274455c3ae96d4d509b06e2c84974c09e961b488e9f5382ce	0	0	2	2	0	RECORDED_NAME_QUERIES_TRAVERSED_NOT_PRIMARY_REVIEW	False	0	0	0	0			0	0	0			0		OPEN
CHEBI:15649	3,6,9-trihydroxypterocarpan	data/antibiotics/antibacterial/3-6-9-trihydroxypterocarpan.yaml	QMXOFBXZEKTJIK-LSDHHAIUSA-N	ANTIBACTERIAL	db2b404833329d7ed3b41ec5e1256d57e79ba0f6b9e35391b7a2c7fff8159c19	0	0	10	4	0	RECORDED_NAME_QUERIES_TRAVERSED_NOT_PRIMARY_REVIEW	False	0	0	0	0			0	0	0			0		OPEN
CHEBI:156498	rohitukine	data/antibiotics/antiprotozoal/rohitukine.yaml	MOCVYVBNJQIVOV-TVQRCGJNSA-N	ANTIPROTOZOAL	383e938e3f5da74ade746e2e6f8dcc3e20439b8fa49806ae49c51de98bfe5931	0	0	3	2	0	RECORDED_NAME_QUERIES_TRAVERSED_NOT_PRIMARY_REVIEW	False	0	0	0	0			0	0	0			0		OPEN
CHEBI:156511	poacic acid	data/antibiotics/antifungal/poacic-acid.yaml	SLIMCXCSQXYCGL-JENUQAQBSA-N	ANTIFUNGAL	906acb734bbd002490ae85f86d487defa1c11d9e3934f9786abc955a8501eff5	0	0	5	2	0	RECORDED_NAME_QUERIES_TRAVERSED_NOT_PRIMARY_REVIEW	False	0	0	0	0			0	0	0			0		OPEN
CHEBI:156550	pyrrolomycin A	data/antibiotics/antibacterial/pyrrolomycin-a.yaml	CDHAYBUDIPNGGJ-UHFFFAOYSA-N	ANTIBACTERIAL	e14e8ce60cc28ea3aadd6ddfee1c0f427eaf4318fb497ba91f1c9e5ada2caca6	0	0	6	3	0	RECORDED_NAME_QUERIES_TRAVERSED_NOT_PRIMARY_REVIEW	False	0	0	0	0			0	0	0			0		OPEN
CHEBI:15660	(Z)-2-(2-furyl)-3-(5-nitro-2-furyl)acrylamide	data/antibiotics/unspecified/z-2-2-furyl-3-5-nitro-2-furyl-acrylamide.yaml	LYAHJFZLDZDIOH-VURMDHGXSA-N	ANTIMICROBIAL_UNSPECIFIED	e455774009f2343928d32a3273beea85c372a52440016d09c5f085adc3ae46ae	0	0	7	3	0	RECORDED_NAME_QUERIES_TRAVERSED_NOT_PRIMARY_REVIEW	False	0	0	0	0			0	0	0			0		OPEN
CHEBI:15712	2,3-dihydrobiochanin A	data/antibiotics/antifungal/2-3-dihydrobiochanin-a.yaml	XPZQBSCTDLGDBP-UHFFFAOYSA-N	ANTIFUNGAL	0cd0988f7346d9de197a4634d3aad643b46cdfd13ce6a3c812dcbaec52a4a637	0	0	4	2	0	RECORDED_NAME_QUERIES_TRAVERSED_NOT_PRIMARY_REVIEW	False	0	0	0	0			0	0	0			0		OPEN
CHEBI:15715	streptomycin 3''-phosphate	data/antibiotics/unspecified/streptomycin-3-phosphate.yaml	BFUAJTIVTIKBSB-GOUKQLAUSA-N	ANTIMICROBIAL_UNSPECIFIED	94dca3d91cc5db8a5a69046050e7964eb259de001a38cd18c150413b642afbbe	0	0	4	2	0	RECORDED_NAME_QUERIES_TRAVERSED_NOT_PRIMARY_REVIEW	False	0	0	0	0			0	0	0			0		OPEN
CHEBI:157175	enoxacin	data/antibiotics/antibacterial/enoxacin.yaml	IDYZIJYBMGIQMJ-UHFFFAOYSA-N	ANTIBACTERIAL	634f340fe359de5ce62f2aa04523590a8c313fad7812c7b3b57cf611d534628d	22	0	11	4	0	RECORDED_NAME_QUERIES_TRAVERSED_NOT_PRIMARY_REVIEW	False	22	22	2	20	UniProtKB:B2TTK5|UniProtKB:P0A0J6	NCBITaxon:196620|NCBITaxon:344609	0	0	0			0		OPEN
CHEBI:15732	phosphonoacetic acid	data/antibiotics/antiviral/phosphonoacetic-acid.yaml	XUYJLQHKOGNDPB-UHFFFAOYSA-N	ANTIVIRAL	79998f4fb1e3c6ecd5e4e6724bd56da63978f27444bf652a7f81a34c728205e9	0	0	4	2	1	RECORDED_NAME_QUERIES_TRAVERSED_NOT_PRIMARY_REVIEW	False	0	0	0	0			0	0	0			0		OPEN
CHEBI:15756	palmitic acid	data/antibiotics/antibacterial/palmitic-acid.yaml	IPCSVZSSVZVIGE-UHFFFAOYSA-N	ANTIBACTERIAL	a60518b13cddc20d2709590aac93f0f46d6602e96861a596eb288e1043dbd3fb	1	0	5	2	2	RECORDED_NAME_QUERIES_TRAVERSED_NOT_PRIMARY_REVIEW	False	1	1	0	1			0	0	0			0		OPEN
CHEBI:157681	tomaymycin	data/antibiotics/antibacterial/tomaymycin.yaml	UQVNRKBFAXNOGA-SWLSCSKDSA-N	ANTIBACTERIAL	fdb774bafca16044dee7c0c4f817df913faf78d8ac31d763d61d142c1676b82f	0	0	2	2	0	RECORDED_NAME_QUERIES_TRAVERSED_NOT_PRIMARY_REVIEW	False	0	0	0	0			0	0	0			0		OPEN
CHEBI:157683	althiomycin	data/antibiotics/antibacterial/althiomycin.yaml	VQQNQKXWJMRPHT-GMLCBOFYSA-N	ANTIBACTERIAL	ddf3e901ea11204b5e50988c2eea55539a81c0fe2eb57f4d176bbd748735c0f4	0	0	6	3	1	RECORDED_NAME_QUERIES_TRAVERSED_NOT_PRIMARY_REVIEW	False	0	0	0	0			0	0	0			0		OPEN
CHEBI:15776	cephalosporin C	data/antibiotics/unspecified/cephalosporin-c.yaml	HOKIDJSKDBPKTQ-GLXFQSAKSA-N	ANTIMICROBIAL_UNSPECIFIED	cb73b707f930e70099df9de989fb7781329a5ae3932bf30fa3ffeb9f2332dde3	0	0	4	2	0	RECORDED_NAME_QUERIES_TRAVERSED_NOT_PRIMARY_REVIEW	False	0	0	0	0			0	0	0			0		OPEN
CHEBI:157785	sulbactam sodium	data/antibiotics/unspecified/sulbactam-sodium.yaml	NKZMPZCWBSWAOX-IBTYICNHSA-M	ANTIMICROBIAL_UNSPECIFIED	61f74a5979cacf44697578112fca78dafbddfba8d866456bc7d174c5d0c79c64	0	0	11	4	0	RECORDED_NAME_QUERIES_TRAVERSED_NOT_PRIMARY_REVIEW	False	0	0	0	0			0	0	0			0		OPEN
CHEBI:15782	viomycin	data/antibiotics/antimycobacterial/viomycin.yaml	GXFAIFRPOKBQRV-GHXCTMGLSA-N	ANTIMYCOBACTERIAL	18414e970066804dedd28000bfd1e82c63d1d895506bff8c8082fd12233bc11e	4	0	10	4	0	RECORDED_NAME_QUERIES_TRAVERSED_NOT_PRIMARY_REVIEW	False	4	4	1	3	UniProtKB:P18623	NCBITaxon:1960	0	0	0			0		OPEN
CHEBI:15795	protoaphin aglucone	data/antibiotics/unspecified/protoaphin-aglucone.yaml	KLZOEWZFKUESNU-UYFDZFGUSA-N	ANTIMICROBIAL_UNSPECIFIED	f09bc91b275d29dddae9cbc75643df5ce009a290ed1eac572986bc11c13ff0bc	0	0	6	3	0	RECORDED_NAME_QUERIES_TRAVERSED_NOT_PRIMARY_REVIEW	False	0	0	0	0			0	0	0			0		OPEN
CHEBI:15837	isoamylol	data/antibiotics/antifungal/isoamylol.yaml	PHTQWCKDNZKARW-UHFFFAOYSA-N	ANTIFUNGAL	af817344e8c2ea7491566ba53cbb30ed85156d8d561f8989c31a332366e1e3b0	0	0	16	5	0	RECORDED_NAME_QUERIES_TRAVERSED_NOT_PRIMARY_REVIEW	False	0	0	0	0			0	0	0			0		OPEN
CHEBI:15838	(7R)-7-(5-carboxy-5-oxopentanamido)cephalosporanic acid	data/antibiotics/unspecified/7r-7-5-carboxy-5-oxopentanamido-cephalosporanic-acid.yaml	UKRMDFPJXIVYCZ-BXUZGUMPSA-N	ANTIMICROBIAL_UNSPECIFIED	058719c6407e60ee513659ee70381a984e37cc2026dbcbc3bc7be757cf1d1bc0	0	0	5	2	0	RECORDED_NAME_QUERIES_TRAVERSED_NOT_PRIMARY_REVIEW	False	0	0	0	0			0	0	0			0		OPEN
CHEBI:15854	quinine	data/antibiotics/antiprotozoal/quinine.yaml	LOUPRKONTZGTKE-WZBLMQSHSA-N	ANTIPROTOZOAL	5a3be22056174f7887f033a6b6889955793f8b0c064ddf705bf3940fa7db4d4d	0	0	13	4	3	RECORDED_NAME_QUERIES_TRAVERSED_NOT_PRIMARY_REVIEW	False	0	0	0	0			0	0	0			0		OPEN
CHEBI:15882	phenol	data/antibiotics/biocide/phenol.yaml	ISWSIDIOOBJBQZ-UHFFFAOYSA-N	BIOCIDE	2e1b390118c0fd00f1a7faeef2756c781362cebbfc1aca0028512911b8f12253	0	0	16	5	2	RECORDED_NAME_QUERIES_TRAVERSED_NOT_PRIMARY_REVIEW	False	0	0	0	0			0	0	0			0		OPEN
CHEBI:15906	demethylmacrocin	data/antibiotics/unspecified/demethylmacrocin.yaml	ALZAOGATQMXJKX-UQRCBBHQSA-N	ANTIMICROBIAL_UNSPECIFIED	bcda46e4834ab021997ac074095a228775ec370288d0313a8862f65762600360	0	0	4	2	0	RECORDED_NAME_QUERIES_TRAVERSED_NOT_PRIMARY_REVIEW	False	0	0	0	0			0	0	0			0		OPEN
CHEBI:15932	apiin	data/antibiotics/antiviral/apiin.yaml	NTDLXWMIWOECHG-YRCFQSNFSA-N	ANTIVIRAL	ce4b2e4639e58c2a27886041016e2466dbbe9b81138472786f8e1a9636d7795c	0	0	10	4	0	RECORDED_NAME_QUERIES_TRAVERSED_NOT_PRIMARY_REVIEW	False	0	0	0	0			0	0	0			0		OPEN
CHEBI:16016	dihydroxyacetone	data/antibiotics/antifungal/dihydroxyacetone.yaml	RXKJFZQQPQGTFL-UHFFFAOYSA-N	ANTIFUNGAL	e7591e4358452d98a6063886cb4a5744b1b0eafa049ad9729e9c7040183d046e	0	0	14	5	1	RECORDED_NAME_QUERIES_TRAVERSED_NOT_PRIMARY_REVIEW	False	0	0	0	0			0	0	0			0		OPEN
CHEBI:16118	berberine	data/antibiotics/antifungal/berberine.yaml	YBHILYKTIRIUTE-UHFFFAOYSA-N	ANTIFUNGAL	259347b4fa47b047aed131ca85bf8302b96345bcb761f1a31fa08f666c346a2e	0	0	9	3	2	RECORDED_NAME_QUERIES_TRAVERSED_NOT_PRIMARY_REVIEW	False	0	0	0	0			0	0	0			0		OPEN
CHEBI:161680	aztreonam	data/antibiotics/antibacterial/aztreonam.yaml	WZPBZJONDBGPKJ-VEHQQRBSSA-N	ANTIBACTERIAL	a9aff230bf5f40d45a5d722c477996d8d74127dde47cfa46eeb3af3246c237a4	7	0	8	3	2	RECORDED_NAME_QUERIES_TRAVERSED_NOT_PRIMARY_REVIEW	False	7	7	3	4	UniProtKB:A0A097J9F4|UniProtKB:A0A0U3IB62|UniProtKB:A0A7G1HH99	NCBITaxon:584|NCBITaxon:615|NCBITaxon:666	0	0	0			0		OPEN
CHEBI:16188	octan-1-ol	data/antibiotics/antifungal/octan-1-ol.yaml	KBPLFHHGFOOTCA-UHFFFAOYSA-N	ANTIFUNGAL	0c865dd52845da022e4d79d888a884b86cbdf764454d681e40bbced9c26e261d	0	0	10	4	0	RECORDED_NAME_QUERIES_TRAVERSED_NOT_PRIMARY_REVIEW	False	0	0	0	0			0	0	0			0		OPEN
CHEBI:16196	oleic acid	data/antibiotics/antibacterial/oleic-acid.yaml	ZQPPMHVWECSIRJ-KTKRTIGZSA-N	ANTIBACTERIAL	b4abb1c8c658790afb2880f58e375455517c33476afad2e482f3850569fedc60	1	0	4	2	2	RECORDED_NAME_QUERIES_TRAVERSED_NOT_PRIMARY_REVIEW	False	1	1	0	1			0	0	0			0		OPEN
CHEBI:16213	coformycin	data/antibiotics/unspecified/coformycin.yaml	YOOVTUPUBVHMPG-LODYRLCVSA-N	ANTIMICROBIAL_UNSPECIFIED	2da5573ca6877ee6a867bb681dc5a06c71420b493281971df92286784f5f10fd	0	0	4	2	0	RECORDED_NAME_QUERIES_TRAVERSED_NOT_PRIMARY_REVIEW	False	0	0	0	0			0	0	0			0		OPEN
CHEBI:16236	ethanol	data/antibiotics/biocide/ethanol.yaml	LFQSCWFLJHTTHZ-UHFFFAOYSA-N	BIOCIDE	82b4e4ab78fcde8d079433ff11e386d8408a6ec8f2829457320730e857413baa	0	0	21	6	4	RECORDED_NAME_QUERIES_TRAVERSED_NOT_PRIMARY_REVIEW	False	0	0	0	0			0	0	0			0		OPEN
CHEBI:16240	hydrogen peroxide	data/antibiotics/biocide/hydrogen-peroxide.yaml	MHAJPDPJQMAIIY-UHFFFAOYSA-N	BIOCIDE	d05267ec191f0e5cd0001fa0c53cc20557fc71b8fa327acd861edd8fd82b3189	6	0	13	4	3	RECORDED_NAME_QUERIES_TRAVERSED_NOT_PRIMARY_REVIEW	True	0	0	0	0			6	3	3	fungal-2018-parent-reference-context|fungal-2025-peroxide-parent-context|li-2011-hdf1-subject-context	PMID:22591226|PMID:28743081|PMID:38056173	0		OPEN
CHEBI:16243	quercetin	data/antibiotics/antibacterial/quercetin.yaml	REFJWTPEDVJJIY-UHFFFAOYSA-N	ANTIBACTERIAL	986b98a5d0ade404ae6bc9ddd8577d3e223c1487bf6b31c9bf75bb7f4625a5c9	0	0	9	3	2	RECORDED_NAME_QUERIES_TRAVERSED_NOT_PRIMARY_REVIEW	False	0	0	0	0			0	0	0			0		OPEN
CHEBI:16251	deaminohydroxyblasticidin S	data/antibiotics/unspecified/deaminohydroxyblasticidin-s.yaml	REIIQZAQCCFGIJ-LBLJTAPMSA-N	ANTIMICROBIAL_UNSPECIFIED	82452bfd2cfd889b3472b71b255aab8f20d2b6251ccbc448c88ae28cc755c4c5	0	0	4	2	0	RECORDED_NAME_QUERIES_TRAVERSED_NOT_PRIMARY_REVIEW	False	0	0	0	0			0	0	0			0		OPEN
CHEBI:16299	dehydrocoformycin	data/antibiotics/unspecified/dehydrocoformycin.yaml	PICFAMQFTUCMDC-PNHWDRBUSA-N	ANTIMICROBIAL_UNSPECIFIED	ffef9f4c530221829db75e7dbf7c69e3ff6605d6b49aad161129d7115a35fc6b	0	0	3	2	0	RECORDED_NAME_QUERIES_TRAVERSED_NOT_PRIMARY_REVIEW	False	0	0	0	0			0	0	0			0		OPEN
CHEBI:16348	3-nitropropanoic acid	data/antibiotics/antimycobacterial/3-nitropropanoic-acid.yaml	WBLZUCOIBUDNBV-UHFFFAOYSA-N	ANTIMYCOBACTERIAL	eda14b668b463d94d5c3d32e5d30f83b4ebdf7227c020cd09185de4f5baa9dfd	0	0	6	3	0	RECORDED_NAME_QUERIES_TRAVERSED_NOT_PRIMARY_REVIEW	False	0	0	0	0			0	0	0			0		OPEN
CHEBI:16363	α-santonin	data/antibiotics/antifungal/α-santonin.yaml	XJHDMGJURBVLLE-BOCCBSBMSA-N	ANTIFUNGAL	4e76859b4e21be166bf83c6f7735da496066abb18187e9a799a1d53c337f2bff	0	0	8	3	0	RECORDED_NAME_QUERIES_TRAVERSED_NOT_PRIMARY_REVIEW	False	0	0	0	0			0	0	0			0		OPEN
CHEBI:164200	triclosan	data/antibiotics/antibacterial/triclosan.yaml	XEFQLINVKFYRCS-UHFFFAOYSA-N	ANTIBACTERIAL	e8b29e87dcd8e0d2347eb6bc395b72435ff06faf01fe434083e572ed87063530	10	0	7	3	2	RECORDED_NAME_QUERIES_TRAVERSED_NOT_PRIMARY_REVIEW	False	10	10	1	9	UniProtKB:D0CAR7	NCBITaxon:575584	0	0	0			0		OPEN
CHEBI:16479	streptomycin 6-phosphate	data/antibiotics/unspecified/streptomycin-6-phosphate.yaml	BWVNOTYEDMJNDA-TWBNDLJKSA-N	ANTIMICROBIAL_UNSPECIFIED	8d517a092b157463fc596f4f6b69741dbd44b05a590744d95b4c99c8332c1a7d	0	0	3	2	0	RECORDED_NAME_QUERIES_TRAVERSED_NOT_PRIMARY_REVIEW	False	0	0	0	0			0	0	0			0		OPEN
CHEBI:16483	isonocardicin A	data/antibiotics/unspecified/isonocardicin-a.yaml	CTNZOGJNVIFEBA-MOKAZRKYSA-N	ANTIMICROBIAL_UNSPECIFIED	5e90a1687d41f7c4cb276c7ae2bd59af50b07b85d597ad7a37bf409ec1531701	0	0	3	2	0	RECORDED_NAME_QUERIES_TRAVERSED_NOT_PRIMARY_REVIEW	False	0	0	0	0			0	0	0			0		OPEN
CHEBI:16505	dihydrostreptomycin 6-phosphate	data/antibiotics/unspecified/dihydrostreptomycin-6-phosphate.yaml	DCRWHJGCOKPJBN-TWBNDLJKSA-N	ANTIMICROBIAL_UNSPECIFIED	a2dab951dcc08c70855510b1336b669dd92beadca2f7053bd32c5216038c24f2	0	0	4	2	0	RECORDED_NAME_QUERIES_TRAVERSED_NOT_PRIMARY_REVIEW	False	0	0	0	0			0	0	0			0		OPEN
CHEBI:165218	methyl 3-hydroxybenzoate	data/antibiotics/antibacterial/methyl-3-hydroxybenzoate.yaml	YKUCHDXIBAQWSF-UHFFFAOYSA-N	ANTIBACTERIAL	7feaa52f3636f73cc66adb3890360e01f32e3bdfd7de84ab789a738717b40d72	0	0	7	3	0	RECORDED_NAME_QUERIES_TRAVERSED_NOT_PRIMARY_REVIEW	False	0	0	0	0			0	0	0			0		OPEN
CHEBI:16547	coniferyl aldehyde	data/antibiotics/antifungal/coniferyl-aldehyde.yaml	DKZBBWMURDFHNE-NSCUHMNNSA-N	ANTIFUNGAL	666e7b5969758c209643b91e3f9a4f3185c0d93ef2efae252d87f3dcb93ed23e	0	0	8	3	0	RECORDED_NAME_QUERIES_TRAVERSED_NOT_PRIMARY_REVIEW	False	0	0	0	0			0	0	0			0		OPEN
CHEBI:16605	allyl alcohol	data/antibiotics/antibacterial/allyl-alcohol.yaml	XXROGKLTLUQVRX-UHFFFAOYSA-N	ANTIBACTERIAL	0cfa7ac6bedf901e2573b6c8e7f00a54a9eb4150b24135edd7bbf67695a9fcd1	0	0	9	3	0	RECORDED_NAME_QUERIES_TRAVERSED_NOT_PRIMARY_REVIEW	False	0	0	0	0			0	0	0			0		OPEN
CHEBI:16619	(2-trans,6-trans)-farnesol	data/antibiotics/unspecified/2-trans-6-trans-farnesol.yaml	CRDAMVZIKSXKFV-YFVJMOTDSA-N	ANTIMICROBIAL_UNSPECIFIED	5abefa452f487657dc6885dd78254c6b2f9d9fd270b1461d0669ffc53f11b885	0	0	14	5	0	RECORDED_NAME_QUERIES_TRAVERSED_NOT_PRIMARY_REVIEW	False	0	0	0	0			0	0	0			0		OPEN
CHEBI:166564	N-methyl-1-deoxynojirimycin	data/antibiotics/antiviral/n-methyl-1-deoxynojirimycin.yaml	AAKDPDFZMNYDLR-XZBKPIIZSA-N	ANTIVIRAL	e1c7d22035a6d40553dd9b8a40181a91be00cc996bca1e831183662a1a2ecb92	0	0	8	3	0	RECORDED_NAME_QUERIES_TRAVERSED_NOT_PRIMARY_REVIEW	False	0	0	0	0			0	0	0			0		OPEN
CHEBI:16664	albendazole	data/antibiotics/antifungal/albendazole.yaml	HXHWSAZORRCQMX-UHFFFAOYSA-N	ANTIFUNGAL	2140133a5e034d28a149cf07d0bf80f8ac5c73e531768597d10a97b73c64e4eb	0	0	14	5	2	RECORDED_NAME_QUERIES_TRAVERSED_NOT_PRIMARY_REVIEW	False	0	0	0	0			0	0	0			0		OPEN
CHEBI:166657	3-phenylbutyric acid	data/antibiotics/antibacterial/3-phenylbutyric-acid.yaml	ZZEWMYILWXCRHZ-UHFFFAOYSA-N	ANTIBACTERIAL	24af49fac57fc03316f7342073306cafa04b6279634ffeb5b53e6dc0550b3ada	0	0	5	2	0	RECORDED_NAME_QUERIES_TRAVERSED_NOT_PRIMARY_REVIEW	False	0	0	0	0			0	0	0			0		OPEN
CHEBI:166872	nucleocidin	data/antibiotics/antibacterial/nucleocidin.yaml	LTBCQBSAWAZBDF-MLTZYSBQSA-N	ANTIBACTERIAL	a594a3426622f456acfbaae42d24288f9696d398854319142e2fd8d60e2ddc18	0	0	9	3	0	RECORDED_NAME_QUERIES_TRAVERSED_NOT_PRIMARY_REVIEW	False	0	0	0	0			0	0	0			0		OPEN
CHEBI:166908	inpyrfluxam	data/antibiotics/antifungal/inpyrfluxam.yaml	YTCIYOXHHQLDEI-SNVBAGLBSA-N	ANTIFUNGAL	8485a6309526518ba58dace8b057025a854997f83e7e3fc78b83d11605285b8a	0	0	7	3	0	RECORDED_NAME_QUERIES_TRAVERSED_NOT_PRIMARY_REVIEW	False	0	0	0	0			0	0	0			0		OPEN
CHEBI:167043	ochrindole A	data/antibiotics/antibacterial/ochrindole-a.yaml	YVQFFNCNPFQQKW-UHFFFAOYSA-N	ANTIBACTERIAL	7d449d5904fbdbb02a30b7f16deee5341684ec0ce83c4f357c8af3119c160142	0	0	3	2	0	RECORDED_NAME_QUERIES_TRAVERSED_NOT_PRIMARY_REVIEW	False	0	0	0	0			0	0	0			0		OPEN
CHEBI:167048	levesquamide	data/antibiotics/antimycobacterial/levesquamide.yaml	DZVHAUSOBYTBDX-ZOCIIQOWSA-N	ANTIMYCOBACTERIAL	a302ff2a65a41ac29d39d1cd9d729330e223647e0a0d041fb7b25878957ef493	0	0	2	2	0	RECORDED_NAME_QUERIES_TRAVERSED_NOT_PRIMARY_REVIEW	False	0	0	0	0			0	0	0			0		OPEN
CHEBI:16705	6-aminopenicillanic acid	data/antibiotics/unspecified/6-aminopenicillanic-acid.yaml	NGHVIOIJCVXTGV-ALEPSDHESA-N	ANTIMICROBIAL_UNSPECIFIED	9513df5415217078b84d7d896b515d9871b02a02bda32ddeb9f70ad0336da21a	0	0	15	5	0	RECORDED_NAME_QUERIES_TRAVERSED_NOT_PRIMARY_REVIEW	False	0	0	0	0			0	0	0			0		OPEN
CHEBI:167054	acrophiarin	data/antibiotics/antifungal/acrophiarin.yaml	QZRPBFSNQQUAAB-QZXUYJGCSA-N	ANTIFUNGAL	5ae35d22340829dedfcc77f8e34e47932a60902b2d77397c72d467367a2bce85	0	0	4	2	0	RECORDED_NAME_QUERIES_TRAVERSED_NOT_PRIMARY_REVIEW	False	0	0	0	0			0	0	0			0		OPEN
CHEBI:167099	benzo[d]isothiazol-3-one	data/antibiotics/biocide/benzo-d-isothiazol-3-one.yaml	DMSMPAJRVJJAGA-UHFFFAOYSA-N	BIOCIDE	6074630426661a98854beae56ba7a415e05a1cbdb621969beb51063014bbfddd	0	0	9	3	0	RECORDED_NAME_QUERIES_TRAVERSED_NOT_PRIMARY_REVIEW	False	0	0	0	0			0	0	0			0		OPEN
CHEBI:167176	GRL-0617	data/antibiotics/antiviral/grl-0617.yaml	UVERBUNNCOKGNZ-CQSZACIVSA-N	ANTIVIRAL	fdc04579e5996696b7bb5009af41255a7c3f6c34285e52b934f4bc77e106d1f0	0	0	6	3	0	RECORDED_NAME_QUERIES_TRAVERSED_NOT_PRIMARY_REVIEW	False	0	0	0	0			0	0	0			0		OPEN
CHEBI:167182	N-butyl-5-(4-hydroxyphenyl)-6-oxo-1,6-dihydropyrazine-2-carboxamide	data/antibiotics/antimycobacterial/n-butyl-5-4-hydroxyphenyl-6-oxo-1-6-dihydropyrazine-2-carboxamide.yaml	HURXYEZMLXEXLD-UHFFFAOYSA-N	ANTIMYCOBACTERIAL	616403fcb3ada577a9ac94382a82e2dfef0165924d88cc65a2651939b21adde9	0	0	2	2	0	RECORDED_NAME_QUERIES_TRAVERSED_NOT_PRIMARY_REVIEW	False	0	0	0	0			0	0	0			0		OPEN
CHEBI:167207	benzododecinium bromide	data/antibiotics/biocide/benzododecinium-bromide.yaml	KHSLHYAUZSPBIU-UHFFFAOYSA-M	BIOCIDE	ad692536fa6930d79502775ab54e39d709fcb69ba2bf78f3b8227bda8304c955	0	0	12	4	0	RECORDED_NAME_QUERIES_TRAVERSED_NOT_PRIMARY_REVIEW	False	0	0	0	0			0	0	0			0		OPEN
CHEBI:167208	benzododecinium chloride	data/antibiotics/biocide/benzododecinium-chloride.yaml	JBIROUFYLSSYDX-UHFFFAOYSA-M	BIOCIDE	3f7eb52ca9a6af40891efe29d924e9b059b902730a6749eeba51de92c498825b	0	0	32	9	0	RECORDED_NAME_QUERIES_TRAVERSED_NOT_PRIMARY_REVIEW	False	0	0	0	0			0	0	0			0		OPEN
CHEBI:16731	(E)-cinnamaldehyde	data/antibiotics/antifungal/e-cinnamaldehyde.yaml	KJPRLNWUNMBNBZ-QPJJXVBHSA-N	ANTIFUNGAL	b6084965d59ab36b97e926343afdd977b3f0e22553c8e8fcea270cd2e259ca2b	0	0	11	4	1	RECORDED_NAME_QUERIES_TRAVERSED_NOT_PRIMARY_REVIEW	False	0	0	0	0			0	0	0			0		OPEN
CHEBI:167314	KOM70144	data/antibiotics/antiviral/kom70144.yaml	KGPYBLOBHQLIET-OAHLLOKOSA-N	ANTIVIRAL	65f4b2716e920c338fad0ae08bdc7332b103e1bc7c0b82ec18a4015a7474f0b3	0	0	5	2	0	RECORDED_NAME_QUERIES_TRAVERSED_NOT_PRIMARY_REVIEW	False	0	0	0	0			0	0	0			0		OPEN
CHEBI:167317	(E)-tomaymycin	data/antibiotics/antibacterial/e-tomaymycin.yaml	UQVNRKBFAXNOGA-LWTNMJDUSA-N	ANTIBACTERIAL	a9a84f2ac3c47f7014fed96996d2a16bf3618d9b063cea45d458fdc320d48ee5	0	0	2	2	0	RECORDED_NAME_QUERIES_TRAVERSED_NOT_PRIMARY_REVIEW	False	0	0	0	0			0	0	0			0		OPEN
CHEBI:167318	(Z)-tomaymycin	data/antibiotics/antibacterial/z-tomaymycin.yaml	UQVNRKBFAXNOGA-OHLDGCSVSA-N	ANTIBACTERIAL	e19266764439fae8b673f252e85b527e36e8059a0844986649fc6bdebd1cd1f2	0	0	2	2	0	RECORDED_NAME_QUERIES_TRAVERSED_NOT_PRIMARY_REVIEW	False	0	0	0	0			0	0	0			0		OPEN
CHEBI:167557	cannabichromenic acid	data/antibiotics/antibacterial/cannabichromenic-acid.yaml	HRHJHXJQMNWQTF-UHFFFAOYSA-N	ANTIBACTERIAL	62d104135edc11feb61bbc9692355667e1b0acfc74e2a8f0b9715911ff468721	0	0	6	3	0	RECORDED_NAME_QUERIES_TRAVERSED_NOT_PRIMARY_REVIEW	False	0	0	0	0			0	0	0			0		OPEN
CHEBI:167566	maremycin G	data/antibiotics/antifungal/maremycin-g.yaml	NRFFIDZDMKFXMS-FAYKFVSFSA-N	ANTIFUNGAL	f080222edfc135272bf04b2c3f4645a78b402a1a48a97a1c479615822ecc01a5	0	0	4	2	0	RECORDED_NAME_QUERIES_TRAVERSED_NOT_PRIMARY_REVIEW	False	0	0	0	0			0	0	0			0		OPEN
CHEBI:167650	ASP-3026	data/antibiotics/antiprotozoal/asp-3026.yaml	MGGBYMDAPCCKCT-UHFFFAOYSA-N	ANTIPROTOZOAL	c485466c3e042f35974a32b02ded26d302f00718ff6a6bdef3a468ef11c2a579	0	0	6	3	0	RECORDED_NAME_QUERIES_TRAVERSED_NOT_PRIMARY_REVIEW	False	0	0	0	0			0	0	0			0		OPEN
CHEBI:167663	MI-1148	data/antibiotics/antibacterial/mi-1148.yaml	HXVPWVPTVOOCMV-UNCTUWKVSA-N	ANTIBACTERIAL	d946cbba483cb7cfdf51d4c58dda1d63e8bf7bbf9f5cd36995999a97778e4729	0	0	9	3	0	RECORDED_NAME_QUERIES_TRAVERSED_NOT_PRIMARY_REVIEW	False	0	0	0	0			0	0	0			0		OPEN
CHEBI:167666	N-ethyl-1-deoxynojirimycin	data/antibiotics/antiviral/n-ethyl-1-deoxynojirimycin.yaml	DAYOICKCVBMUPS-ULAWRXDQSA-N	ANTIVIRAL	114a5af7c72044597c0945bb0d4a1c14b81c7e4db45c718c07b0f0c524b1228d	0	0	7	3	0	RECORDED_NAME_QUERIES_TRAVERSED_NOT_PRIMARY_REVIEW	False	0	0	0	0			0	0	0			0		OPEN
CHEBI:167669	(E)-2-[[[4-(2-chlorophenyl)-1,3-thiazol-2-yl]hydrazinylidene]methyl]benzoic acid	data/antibiotics/antiviral/e-2-4-2-chlorophenyl-1-3-thiazol-2-yl-hydrazinylidene-methyl-benzoic-a.yaml	DDEIFUOYHWEWSS-DJKKODMXSA-N	ANTIVIRAL	185bb540893748abde0136e431434b540d677641cc063a592bf8873fa1255eaa	0	0	3	2	0	RECORDED_NAME_QUERIES_TRAVERSED_NOT_PRIMARY_REVIEW	False	0	0	0	0			0	0	0			0		OPEN
CHEBI:167695	punicalagin	data/antibiotics/antibacterial/punicalagin.yaml	ZJVUMAFASBFUBG-UYMKNUMKSA-N	ANTIBACTERIAL	4bf7827614a89d8ce5cd77faf139a3ec5448ca0a513d2e1d01ead672d6d9a158	0	0	2	2	0	RECORDED_NAME_QUERIES_TRAVERSED_NOT_PRIMARY_REVIEW	False	0	0	0	0			0	0	0			0		OPEN
CHEBI:16774	(2-cis,6-trans)-farnesol	data/antibiotics/unspecified/2-cis-6-trans-farnesol.yaml	CRDAMVZIKSXKFV-PVMFERMNSA-N	ANTIMICROBIAL_UNSPECIFIED	2e33b34420105b130174fe8d0ebc712506ba783752728bf0d32e8c190540d9b5	0	0	8	3	0	RECORDED_NAME_QUERIES_TRAVERSED_NOT_PRIMARY_REVIEW	False	0	0	0	0			0	0	0			0		OPEN
CHEBI:16778	apigenin 7-O-β-D-glucoside	data/antibiotics/antibacterial/apigenin-7-o-β-d-glucoside.yaml	KMOUJOKENFFTPU-QNDFHXLGSA-N	ANTIBACTERIAL	3edb94e83eeeb73933d204f09d60cca034042a866d7af2250b4d8d61a52ffe00	0	0	10	4	0	RECORDED_NAME_QUERIES_TRAVERSED_NOT_PRIMARY_REVIEW	False	0	0	0	0			0	0	0			0		OPEN
CHEBI:167830	isorhapontigenin	data/antibiotics/antiviral/isorhapontigenin.yaml	ANNNBEZJTNCXHY-NSCUHMNNSA-N	ANTIVIRAL	51ea6d6deb17a204c78fe67a4a39754747074151e42a9645e719fd6152665e1e	0	0	8	3	1	RECORDED_NAME_QUERIES_TRAVERSED_NOT_PRIMARY_REVIEW	False	0	0	0	0			0	0	0			0		OPEN
CHEBI:16786	vestitone	data/antibiotics/antibacterial/vestitone.yaml	WQCJOKYOIJVEFN-ZDUSSCGKSA-N	ANTIBACTERIAL	989ae8c110166ce2a899fba0842211b9a8b9a626ac3ce1f66064717a5e5663f8	0	0	7	3	0	RECORDED_NAME_QUERIES_TRAVERSED_NOT_PRIMARY_REVIEW	False	0	0	0	0			0	0	0			0		OPEN
CHEBI:167893	SID 26681509	data/antibiotics/antiprotozoal/sid-26681509.yaml	OTIWAYTTYNFEKL-QFIPXVFZSA-N	ANTIPROTOZOAL	9b7b08a2b6628a4b613c110dae91ace85995893bfa52589b695e9d6240f33700	0	0	6	3	0	RECORDED_NAME_QUERIES_TRAVERSED_NOT_PRIMARY_REVIEW	False	0	0	0	0			0	0	0			0		OPEN
CHEBI:167899	mefuparib hydrochloride	data/antibiotics/antiviral/mefuparib-hydrochloride.yaml	GPFWTAVHQKERKY-UHFFFAOYSA-N	ANTIVIRAL	f90f4f7421e97e5e9c3fcf21c44c373e08a845e5537b2213ee17eae29e6f0ac3	0	0	10	4	0	RECORDED_NAME_QUERIES_TRAVERSED_NOT_PRIMARY_REVIEW	False	0	0	0	0			0	0	0			0		OPEN
CHEBI:167905	mefuparib	data/antibiotics/antiviral/mefuparib.yaml	ROBJKLPZIPNAMV-UHFFFAOYSA-N	ANTIVIRAL	615a2137647a6dba2502d08b7d64949a2ce977373745e2f65ceec5fad00dc076	0	0	3	2	0	RECORDED_NAME_QUERIES_TRAVERSED_NOT_PRIMARY_REVIEW	False	0	0	0	0			0	0	0			0		OPEN
CHEBI:168396	mycophenolic acid	data/antibiotics/antiviral/mycophenolic-acid.yaml	HPNSFSBZBAHARI-RUDMXATFSA-N	ANTIVIRAL	36014dc9ddbd32288e27e051c676ad82bcb6ba8bfb24c793800fcc673fdabe4c	0	0	9	3	2	RECORDED_NAME_QUERIES_TRAVERSED_NOT_PRIMARY_REVIEW	False	0	0	0	0			0	0	0			0		OPEN
CHEBI:16842	formaldehyde	data/antibiotics/biocide/formaldehyde.yaml	WSFSSNUMVMOOMR-UHFFFAOYSA-N	BIOCIDE	d08fcf405a7209c76c0f33749e3aa7a609504eff8c6de91737cc5f8e05c5b15c	0	0	10	4	3	RECORDED_NAME_QUERIES_TRAVERSED_NOT_PRIMARY_REVIEW	False	0	0	0	0			0	0	0			0		OPEN
CHEBI:16860	3',4',5,7-tetrahydroxy-3-methoxyflavone	data/antibiotics/unspecified/3-4-5-7-tetrahydroxy-3-methoxyflavone.yaml	WEPBGSIAWZTEJR-UHFFFAOYSA-N	ANTIMICROBIAL_UNSPECIFIED	b5799c04b5fc3ba647373ff3086a694ac937dacefa271a80f2bda1c696efd975	0	0	7	3	0	RECORDED_NAME_QUERIES_TRAVERSED_NOT_PRIMARY_REVIEW	False	0	0	0	0			0	0	0			0		OPEN
CHEBI:16861	7''-O-phosphohygromycin B	data/antibiotics/unspecified/7-o-phosphohygromycin-b.yaml	DDJWTKQJOKVHBW-NZSRVPFOSA-N	ANTIMICROBIAL_UNSPECIFIED	5da14550befddf590d77a9c0c3a46871342c36373d011c6338112c3e18b8f1d7	0	0	3	2	0	RECORDED_NAME_QUERIES_TRAVERSED_NOT_PRIMARY_REVIEW	False	0	0	0	0			0	0	0			0		OPEN
CHEBI:16869	oleandomycin	data/antibiotics/antibacterial/oleandomycin.yaml	RZPAKFUAFGMUPI-QESOVKLGSA-N	ANTIBACTERIAL	54f3cef2361e85c145287aef108d9af84cfc1334353b8ca3c51a1c8bef6c5ae0	32	0	3	2	0	RECORDED_NAME_QUERIES_TRAVERSED_NOT_PRIMARY_REVIEW	True	30	30	25	5	UniProtKB:A0A0H3EUF3|UniProtKB:A0A0K2B0Q1|UniProtKB:A0A3R7IWB8|UniProtKB:A0A6I0LAE8|UniProtKB:A0A829QAF6|UniProtKB:A0AAX3AJQ0|UniProtKB:F3ZTT0|UniProtKB:L7N623|UniProtKB:O05649|UniProtKB:P06572|UniProtKB:P07287|UniProtKB:P09891|UniProtKB:P0A0H3|UniProtKB:P10337|UniProtKB:P13079|UniProtKB:Q00014|UniProtKB:Q04720|UniProtKB:Q53716|UniProtKB:Q6RX35|UniProtKB:Q6XFQ7|UniProtKB:Q79N53|UniProtKB:Q8KLN5|UniProtKB:Q9F233|UniProtKB:Q9K2Z3|UniProtKB:Q9ZNK8	NCBITaxon:1038928|NCBITaxon:1280|NCBITaxon:1282|NCBITaxon:1296|NCBITaxon:1299324|NCBITaxon:1352|NCBITaxon:1392|NCBITaxon:1598|NCBITaxon:1766|NCBITaxon:1772|NCBITaxon:1890|NCBITaxon:1938|NCBITaxon:278992|NCBITaxon:299766|NCBITaxon:31956|NCBITaxon:405948|NCBITaxon:679937|NCBITaxon:685038|NCBITaxon:79880|NCBITaxon:80858|NCBITaxon:817|NCBITaxon:820|NCBITaxon:83331	0	0	0			0		OPEN
CHEBI:16914	salicylic acid	data/antibiotics/antifungal/salicylic-acid.yaml	YGSDEFSMJLZEOE-UHFFFAOYSA-N	ANTIFUNGAL	312a71aff1b43dddb957fe7bb2d06ef0b0c816fa4f92ac61e1db12bfaac3764a	0	0	8	3	2	RECORDED_NAME_QUERIES_TRAVERSED_NOT_PRIMARY_REVIEW	False	0	0	0	0			0	0	0			0		OPEN
CHEBI:16976	hygromycin B	data/antibiotics/antibacterial/hygromycin-b.yaml	GRRNUXAQVGOGFE-NZSRVPFOSA-N	ANTIBACTERIAL	e7068c03170e7b323adcd73ac643107c46c026c65d512d32c9d57d681a18403b	5	0	6	3	2	RECORDED_NAME_QUERIES_TRAVERSED_NOT_PRIMARY_REVIEW	False	5	5	3	2	UniProtKB:P00557|UniProtKB:P09979|UniProtKB:Q52501	NCBITaxon:1912|NCBITaxon:28450|NCBITaxon:562	0	0	0			0		OPEN
CHEBI:170007	nirmatrelvir	data/antibiotics/antiviral/nirmatrelvir.yaml	LIENCHBZNNMNKG-OJFNHCPVSA-N	ANTIVIRAL	1b2a2a689d33902eaa8ac3a47d866d8d9be4f9a72fbcd5f647d15cdcbff6c3bc	0	0	6	3	1	RECORDED_NAME_QUERIES_TRAVERSED_NOT_PRIMARY_REVIEW	False	0	0	0	0			0	0	0			0		OPEN
CHEBI:170009	favipiravir-RTP	data/antibiotics/antiviral/favipiravir-rtp.yaml	UUKPXXBDUCDZDA-KAFVXXCXSA-N	ANTIVIRAL	ae6f4bc7b661ac7597ed21183446c5aca5693154eb3b01b95742214607b0b7aa	0	0	8	3	0	RECORDED_NAME_QUERIES_TRAVERSED_NOT_PRIMARY_REVIEW	False	0	0	0	0			0	0	0			0		OPEN
CHEBI:17012	N-acetylneuraminic acid	data/antibiotics/antiviral/n-acetylneuraminic-acid.yaml	SQVRNKJHWKZAKO-LUWBGTNYSA-N	ANTIVIRAL	6dd62d125640566efa31000ed6fda97a16a399e1552473bce4cfbc6e151865ee	0	0	12	4	0	RECORDED_NAME_QUERIES_TRAVERSED_NOT_PRIMARY_REVIEW	False	0	0	0	0			0	0	0			0		OPEN
CHEBI:17043	biphenyl-2-ol	data/antibiotics/antifungal/biphenyl-2-ol.yaml	LLEMOWNGBBNAJR-UHFFFAOYSA-N	ANTIFUNGAL	806aa5033a05709161548207eaa952a767856f40596323d6701b685a79df2b76	0	0	10	4	0	RECORDED_NAME_QUERIES_TRAVERSED_NOT_PRIMARY_REVIEW	False	0	0	0	0			0	0	0			0		OPEN
CHEBI:17076	streptomycin	data/antibiotics/antibacterial/streptomycin.yaml	UCSJYZPVAKXKNQ-HZYVHMACSA-N	ANTIBACTERIAL	d3189ed58bc9f837961881eab7963c2564c29c994457017d6bade0336bfb4f04	62	0	12	4	3	RECORDED_NAME_QUERIES_TRAVERSED_NOT_PRIMARY_REVIEW	False	62	62	36	26	UniProtKB:A0A1M7HJT6|UniProtKB:A0A1U7Q156|UniProtKB:A0A1X1A5Y1|UniProtKB:A0A2S5T091|UniProtKB:A0A547E8L3|UniProtKB:A0A5C2PME2|UniProtKB:A0A752E868|UniProtKB:A0A7I8NPH7|UniProtKB:A0A8D6XUE8|UniProtKB:A0A8E8H1B3|UniProtKB:A0AA43ALE9|UniProtKB:A0AAI9KXE0|UniProtKB:A0AAJ6IJG8|UniProtKB:B3V3X6|UniProtKB:B7U9E7|UniProtKB:B7VEQ9|UniProtKB:D0CEM6|UniProtKB:N8W714|UniProtKB:O70042|UniProtKB:O84956|UniProtKB:P08077|UniProtKB:P0AG05|UniProtKB:P13082|UniProtKB:P17585|UniProtKB:P18150|UniProtKB:P18622|UniProtKB:Q0ZKF0|UniProtKB:Q0ZNJ3|UniProtKB:Q2FW85|UniProtKB:Q3Y246|UniProtKB:Q5DUB9|UniProtKB:Q766G9|UniProtKB:Q8G8F9|UniProtKB:Q8GCH1|UniProtKB:Q8VL12|UniProtKB:Q8VQN7	NCBITaxon:1120996|NCBITaxon:1121284|NCBITaxon:1280|NCBITaxon:1766|NCBITaxon:1776742|NCBITaxon:1907|NCBITaxon:1911|NCBITaxon:215580|NCBITaxon:224308|NCBITaxon:2468|NCBITaxon:287|NCBITaxon:303|NCBITaxon:333849|NCBITaxon:373068|NCBITaxon:40214|NCBITaxon:470|NCBITaxon:562|NCBITaxon:573|NCBITaxon:575584|NCBITaxon:615|NCBITaxon:644|NCBITaxon:648|NCBITaxon:651|NCBITaxon:676|NCBITaxon:747|NCBITaxon:75985|NCBITaxon:82541|NCBITaxon:90371|NCBITaxon:93061|NCBITaxon:98360	0	0	0			0		OPEN
CHEBI:17097	biphenyl	data/antibiotics/antifungal/biphenyl.yaml	ZUOUZKKEUPVFJK-UHFFFAOYSA-N	ANTIFUNGAL	29d6e42b841e9303672eb60d35c7a6079128ba5160dde56974a436a98af780c6	0	0	7	3	2	RECORDED_NAME_QUERIES_TRAVERSED_NOT_PRIMARY_REVIEW	False	0	0	0	0			0	0	0			0		OPEN
CHEBI:17098	veratraldehyde	data/antibiotics/antifungal/veratraldehyde.yaml	WJUFSDZVCOTFON-UHFFFAOYSA-N	ANTIFUNGAL	c70c05006c837dcd22b091490ea191f73c36ebfe335897b9622b27fcc87f43e5	0	0	5	2	0	RECORDED_NAME_QUERIES_TRAVERSED_NOT_PRIMARY_REVIEW	False	0	0	0	0			0	0	0			0		OPEN
CHEBI:17161	O-demethylpuromycin	data/antibiotics/unspecified/o-demethylpuromycin.yaml	NVZJDPXVSWFFJJ-YXDKPKCJSA-N	ANTIMICROBIAL_UNSPECIFIED	df2ad34c1a34b48c4cdaac8315af6ba50d558c9b8677339cac7155f345cfbd64	0	0	3	2	0	RECORDED_NAME_QUERIES_TRAVERSED_NOT_PRIMARY_REVIEW	False	0	0	0	0			0	0	0			0		OPEN
CHEBI:171656	3-methylarginine	data/antibiotics/antibacterial/3-methylarginine.yaml	VRWSVIUPXSFVFZ-UHFFFAOYSA-N	ANTIBACTERIAL	373b6933abc98528a57ea1af4a1e644445f56cc630bf7f0c0949f3780e6c52b9	0	0	6	3	0	RECORDED_NAME_QUERIES_TRAVERSED_NOT_PRIMARY_REVIEW	False	0	0	0	0			0	0	0			0		OPEN
CHEBI:171658	promysalin	data/antibiotics/antibacterial/promysalin.yaml	HDPPSWUQDQXSJU-UNWVZKJWSA-N	ANTIBACTERIAL	5c87b1ea62aff2a4400b3152029e0c81c289a67e194493e6e3f5eed2e9d78d6e	0	0	3	2	0	RECORDED_NAME_QUERIES_TRAVERSED_NOT_PRIMARY_REVIEW	False	0	0	0	0			0	0	0			0		OPEN
CHEBI:171660	inuloxin A	data/antibiotics/antifungal/inuloxin-a.yaml	YDOSHXAMLRSCKS-IPANDGBHSA-N	ANTIFUNGAL	6105814630653a4d4418275ff02fcdcf8c159b0576ba2a74c9b33032ce1bb2a9	0	0	2	2	0	RECORDED_NAME_QUERIES_TRAVERSED_NOT_PRIMARY_REVIEW	False	0	0	0	0			0	0	0			0		OPEN
CHEBI:171673	dutomycin	data/antibiotics/unspecified/dutomycin.yaml	XLXKPBAXLAAHEN-WNMWLNICSA-N	ANTIMICROBIAL_UNSPECIFIED	8744a22c0827b9b862a7103a78ae5ba7023ffa9c50e2a80225f1aa45665f7707	0	0	2	2	0	RECORDED_NAME_QUERIES_TRAVERSED_NOT_PRIMARY_REVIEW	False	0	0	0	0			0	0	0			0		OPEN
CHEBI:171741	cerulenin	data/antibiotics/antifungal/cerulenin.yaml	GVEZIHKRYBHEFX-NQQPLRFYSA-N	ANTIFUNGAL	b7044c3753d7b4e7f96357592b449e9967616b889056c43bf837b87e9ccb96b1	2	0	6	3	0	RECORDED_NAME_QUERIES_TRAVERSED_NOT_PRIMARY_REVIEW	False	0	0	0	0			0	0	0			0		OPEN
CHEBI:17183	sanguinarine	data/antibiotics/antifungal/sanguinarine.yaml	INVGWHRKADIJHF-UHFFFAOYSA-N	ANTIFUNGAL	6babb2ffd7b859d705a2b55f85adac8d63917e0e9a82b59ea150c1489dad61ce	0	0	4	2	0	RECORDED_NAME_QUERIES_TRAVERSED_NOT_PRIMARY_REVIEW	False	0	0	0	0			0	0	0			0		OPEN
CHEBI:17209	dihydrosanguinarine	data/antibiotics/antifungal/dihydrosanguinarine.yaml	CIUHLXZTZWTVFL-UHFFFAOYSA-N	ANTIFUNGAL	0101f15245e9ffde67e93b87fb664b5bd59dfcc92c0af0e7816d7b50ec916cac	0	0	6	3	0	RECORDED_NAME_QUERIES_TRAVERSED_NOT_PRIMARY_REVIEW	False	0	0	0	0			0	0	0			0		OPEN
CHEBI:17225	salutaridine	data/antibiotics/antiviral/salutaridine.yaml	GVTRUVGBZQJVTF-YJYMSZOUSA-N	ANTIVIRAL	bb04f6b4b0f782d0a025c069e40ce0f0abc7ee4e34872b4beef5f9dd52cebf02	0	0	5	2	0	RECORDED_NAME_QUERIES_TRAVERSED_NOT_PRIMARY_REVIEW	False	0	0	0	0			0	0	0			0		OPEN
CHEBI:17231	m-cresol	data/antibiotics/antifungal/m-cresol.yaml	RLSSMJSEOOYNOY-UHFFFAOYSA-N	ANTIFUNGAL	aedb188eb61bdde8783ac03595e054693e94870f03676aeba6dbff004e4461a3	0	0	11	4	0	RECORDED_NAME_QUERIES_TRAVERSED_NOT_PRIMARY_REVIEW	False	0	0	0	0			0	0	0			0		OPEN
CHEBI:172375	pantocin A	data/antibiotics/antibacterial/pantocin-a.yaml	XSESHFKIXVTLOJ-CIUDSAMLSA-N	ANTIBACTERIAL	ce4338284f8b55737a1c4939f950d807875946dbf6c4dce2a1695178bb8f3b14	0	0	3	2	0	RECORDED_NAME_QUERIES_TRAVERSED_NOT_PRIMARY_REVIEW	False	0	0	0	0			0	0	0			0		OPEN
CHEBI:172596	nifursol	data/antibiotics/unspecified/nifursol.yaml	XXUXXCZCUGIGPP-UHFFFAOYSA-N	ANTIMICROBIAL_UNSPECIFIED	eb6ad33d74b5410b8c7b454af5974d361578a4e65dc870193aa4696c3e4ef795	0	0	10	4	0	RECORDED_NAME_QUERIES_TRAVERSED_NOT_PRIMARY_REVIEW	False	0	0	0	0			0	0	0			0		OPEN
CHEBI:172918	PF-00835231	data/antibiotics/antiviral/pf-00835231.yaml	QDIMHKWNHMVDJB-WBAXXEDZSA-N	ANTIVIRAL	9301c30b44ae0edb46ada160a858fa97272b8dbd4b64f938e9e4d6d4beda9d57	0	0	4	2	0	RECORDED_NAME_QUERIES_TRAVERSED_NOT_PRIMARY_REVIEW	False	0	0	0	0			0	0	0			0		OPEN
CHEBI:172922	ethylzingerone	data/antibiotics/antibacterial/ethylzingerone.yaml	MXLOKFOWFPJWCW-UHFFFAOYSA-N	ANTIBACTERIAL	5c1928d6c532da4d9c540a485bcbc508032d26775f2d56f75995954fa4dd4ba9	0	0	5	2	0	RECORDED_NAME_QUERIES_TRAVERSED_NOT_PRIMARY_REVIEW	False	0	0	0	0			0	0	0			0		OPEN
CHEBI:172943	bictegravir	data/antibiotics/antiviral/bictegravir.yaml	SOLUWJRYJLAZCX-LYOVBCGYSA-N	ANTIVIRAL	ac88ec7d91f9fe520740a84623e1024bfce36c338d16da4c63398a5f2079466e	1	44	6	3	2	RECORDED_NAME_QUERIES_TRAVERSED_NOT_PRIMARY_REVIEW	False	0	0	0	0			0	0	0			44	NCBITaxon:11676	OPEN
CHEBI:172944	cabotegravir	data/antibiotics/antiviral/cabotegravir.yaml	WCWSTNLSLKSJPK-LKFCYVNXSA-N	ANTIVIRAL	9044ba7d298ab01260bad8b601185ae361b52f0017e113f065249129b9d007ea	0	39	16	5	3	RECORDED_NAME_QUERIES_TRAVERSED_NOT_PRIMARY_REVIEW	False	0	0	0	0			0	0	0			39	NCBITaxon:11676	OPEN
CHEBI:172948	cabotegravir sodium	data/antibiotics/antiviral/cabotegravir-sodium.yaml	AEZBWGMXBKPGFP-KIUAEZIZSA-M	ANTIVIRAL	77045a9341143d89746cc9221c0818140bffbbab1f58c8006c83d5b66cf2c72c	0	0	8	3	0	RECORDED_NAME_QUERIES_TRAVERSED_NOT_PRIMARY_REVIEW	False	0	0	0	0			0	0	0			0		OPEN
CHEBI:172961	bictegravir sodium	data/antibiotics/antiviral/bictegravir-sodium.yaml	WJNFBIVCQMPPJC-FQYDJHLKSA-M	ANTIVIRAL	2a218bfc2a1419d4d9686f7f02ba598e625d5dba68e57e40866beb04fc25465a	0	0	2	2	0	RECORDED_NAME_QUERIES_TRAVERSED_NOT_PRIMARY_REVIEW	False	0	0	0	0			0	0	0			0		OPEN
CHEBI:17302	pentadecanal	data/antibiotics/unspecified/pentadecanal.yaml	XGQJZNCFDLXSIJ-UHFFFAOYSA-N	ANTIMICROBIAL_UNSPECIFIED	50f99598b670b8b304566dd756b66448e4aa2c3c42b6227ce3872c85bae846bc	0	0	4	2	0	RECORDED_NAME_QUERIES_TRAVERSED_NOT_PRIMARY_REVIEW	False	0	0	0	0			0	0	0			0		OPEN
CHEBI:173073	PF-07304814	data/antibiotics/antiviral/pf-07304814.yaml	FQKALOFOWPDTED-WBAXXEDZSA-N	ANTIVIRAL	f90bf765fd71bc7888240d5d49c9070046b8b15746ee0158bd3f0f849bf1c6f3	0	0	5	2	0	RECORDED_NAME_QUERIES_TRAVERSED_NOT_PRIMARY_REVIEW	False	0	0	0	0			0	0	0			0		OPEN
CHEBI:173086	ferrostatin-1	data/antibiotics/antifungal/ferrostatin-1.yaml	UJHBVMHOBZBWMX-UHFFFAOYSA-N	ANTIFUNGAL	0721526f1860479303a8ea28fe4305f68e4e31ae01f8b6a86c9b18bc409b4274	0	0	5	2	0	RECORDED_NAME_QUERIES_TRAVERSED_NOT_PRIMARY_REVIEW	False	0	0	0	0			0	0	0			0		OPEN
CHEBI:173104	narlaprevir	data/antibiotics/antiviral/narlaprevir.yaml	RICZEKWVNZFTNZ-LFGITCQGSA-N	ANTIVIRAL	9c3e565a664311dec750fe2950471e1abfca6f7770f7676e5b48fc99b71482c7	1	0	10	4	0	RECORDED_NAME_QUERIES_TRAVERSED_NOT_PRIMARY_REVIEW	False	0	0	0	0			0	0	0			0		OPEN
CHEBI:173119	(6Z)-nerolidol	data/antibiotics/antifungal/6z-nerolidol.yaml	FQTLCLSUCSAZDY-KAMYIIQDSA-N	ANTIFUNGAL	84c4c169988865c99c3411b4120c35ce5f56ad50c021cb5ff85371751f699e21	0	0	6	3	0	RECORDED_NAME_QUERIES_TRAVERSED_NOT_PRIMARY_REVIEW	False	0	0	0	0			0	0	0			0		OPEN
CHEBI:17351	linoleic acid	data/antibiotics/antibacterial/linoleic-acid.yaml	OYHQOLUKZRVURQ-HZJYTTRNSA-N	ANTIBACTERIAL	bbd4f61b954c250b2c07bcbf1e5d357a4bae84e2f00611617e361667debf70b3	1	0	4	2	1	RECORDED_NAME_QUERIES_TRAVERSED_NOT_PRIMARY_REVIEW	False	1	1	0	1			0	0	0			0		OPEN
CHEBI:17371	macrocin	data/antibiotics/unspecified/macrocin.yaml	UFUYRGNJTFAODM-HQCAVAADSA-N	ANTIMICROBIAL_UNSPECIFIED	c9f0db3a2fb41821bbf59e6b800c045f0adce8568857e9fa8e96d7502bdf4860	0	0	5	2	0	RECORDED_NAME_QUERIES_TRAVERSED_NOT_PRIMARY_REVIEW	False	0	0	0	0			0	0	0			0		OPEN
CHEBI:174376	rhapontigenin	data/antibiotics/antibacterial/rhapontigenin.yaml	PHMHDRYYFAYWEG-NSCUHMNNSA-N	ANTIBACTERIAL	6cfd0bf4f878c08339bbf08f7232ce29f77e787f3c3d569ae32f6a61df89c6bb	0	0	12	4	0	RECORDED_NAME_QUERIES_TRAVERSED_NOT_PRIMARY_REVIEW	False	0	0	0	0			0	0	0			0		OPEN
CHEBI:17484	benzyl isothiocyanate	data/antibiotics/antibacterial/benzyl-isothiocyanate.yaml	MDKCFLQDBWCQCV-UHFFFAOYSA-N	ANTIBACTERIAL	e1ee8f383aaa6ab7a37a35d12cd27114efd6207a1deab6fea971350f6ae216db	0	0	6	3	0	RECORDED_NAME_QUERIES_TRAVERSED_NOT_PRIMARY_REVIEW	False	0	0	0	0			0	0	0			0		OPEN
CHEBI:17558	quercitrin	data/antibiotics/antiprotozoal/quercitrin.yaml	OXGUCUVFOIWWQJ-HQBVPOQASA-N	ANTIPROTOZOAL	a1b38f73fc27c32857345aa760e5f5fa5f9322b224ebf91b234e2ee7bf909888	0	0	14	5	0	RECORDED_NAME_QUERIES_TRAVERSED_NOT_PRIMARY_REVIEW	False	0	0	0	0			0	0	0			0		OPEN
CHEBI:17580	linalool	data/antibiotics/unspecified/linalool.yaml	CDOSHBSSFJOMGT-UHFFFAOYSA-N	ANTIMICROBIAL_UNSPECIFIED	a5538f347cbc90a2cd1779d7b0a51ac9f83a4d0600b10ab96afa9b5eeb41be24	0	0	7	3	0	RECORDED_NAME_QUERIES_TRAVERSED_NOT_PRIMARY_REVIEW	False	0	0	0	0			0	0	0			0		OPEN
CHEBI:175901	gemcitabine	data/antibiotics/antiviral/gemcitabine.yaml	SDUQYLNIPVEERB-QPPQHZFASA-N	ANTIVIRAL	47790da7c60df328b0981e32fb00a46bc7311aef59967373cce266962ccb10bb	0	0	7	3	1	RECORDED_NAME_QUERIES_TRAVERSED_NOT_PRIMARY_REVIEW	False	0	0	0	0			0	0	0			0		OPEN
CHEBI:17630	kanamycin A	data/antibiotics/antibacterial/kanamycin-a.yaml	SBUJHOSQTJFQJX-NOAMYHISSA-N	ANTIBACTERIAL	ae1f4597070b1e1878d7e4454a53bcbcf0e5187bfa8b39940e73cd76f1bbcc38	78	0	15	5	3	RECORDED_NAME_QUERIES_TRAVERSED_NOT_PRIMARY_REVIEW	False	78	78	46	32	UniProtKB:A0A076UB44|UniProtKB:A0A0H3YDB2|UniProtKB:A0A0M5JP06|UniProtKB:A0A2L1KH00|UniProtKB:A0A2P5GGN0|UniProtKB:A0A3N5CCY8|UniProtKB:A0A412CHK0|UniProtKB:A0A427DJH8|UniProtKB:A0A5J6WZQ0|UniProtKB:A0A7W2KDZ3|UniProtKB:A0A9X8P319|UniProtKB:A0AA44XLZ4|UniProtKB:A0AAE4EBF5|UniProtKB:A0AAQ0JAX0|UniProtKB:A0AAW8RWI6|UniProtKB:A3F6P3|UniProtKB:B1VNU8|UniProtKB:E5LCR3|UniProtKB:E9N3R2|UniProtKB:F2WU95|UniProtKB:I1YZZ5|UniProtKB:N8ZRE3|UniProtKB:P00552|UniProtKB:P00553|UniProtKB:P09885|UniProtKB:P0A3Y5|UniProtKB:P0AE04|UniProtKB:P14508|UniProtKB:P14509|UniProtKB:P24177|UniProtKB:P25920|UniProtKB:P29808|UniProtKB:Q2FW85|UniProtKB:Q33DX5|UniProtKB:Q51399|UniProtKB:Q51418|UniProtKB:Q75PS3|UniProtKB:Q76G15|UniProtKB:Q79D67|UniProtKB:Q7ATH7|UniProtKB:Q7M0R2|UniProtKB:Q8GLI5|UniProtKB:Q8GRA1|UniProtKB:Q8RPU6|UniProtKB:Q9R977|UniProtKB:S3N4B0	NCBITaxon:1120926|NCBITaxon:1292|NCBITaxon:1351|NCBITaxon:1397|NCBITaxon:1817405|NCBITaxon:1879|NCBITaxon:1933|NCBITaxon:1967|NCBITaxon:197|NCBITaxon:2022662|NCBITaxon:2034769|NCBITaxon:218936|NCBITaxon:2666183|NCBITaxon:271420|NCBITaxon:287|NCBITaxon:299766|NCBITaxon:33945|NCBITaxon:40049|NCBITaxon:40324|NCBITaxon:421052|NCBITaxon:455632|NCBITaxon:470|NCBITaxon:491921|NCBITaxon:550|NCBITaxon:562|NCBITaxon:573|NCBITaxon:584|NCBITaxon:593905|NCBITaxon:615|NCBITaxon:61645|NCBITaxon:83333|NCBITaxon:90371|NCBITaxon:93061	0	0	0			0		OPEN
CHEBI:176336	(3R,6Z)-nerolidol	data/antibiotics/antifungal/3r-6z-nerolidol.yaml	FQTLCLSUCSAZDY-SZGZABIGSA-N	ANTIFUNGAL	1f658ef6f942e02d0d20daddece0838f5f8fc7f6c0291da31eb061ffa1aea1e6	0	0	4	2	0	RECORDED_NAME_QUERIES_TRAVERSED_NOT_PRIMARY_REVIEW	False	0	0	0	0			0	0	0			0		OPEN
CHEBI:176337	(3S,6Z)-nerolidol	data/antibiotics/antifungal/3s-6z-nerolidol.yaml	FQTLCLSUCSAZDY-QKXCFHHRSA-N	ANTIFUNGAL	9f456abc0ad70a9e2dea138bb6ff2f5495c5bd3165989e1079c116501c1dd906	0	0	4	2	0	RECORDED_NAME_QUERIES_TRAVERSED_NOT_PRIMARY_REVIEW	False	0	0	0	0			0	0	0			0		OPEN
CHEBI:17642	pentachlorophenol	data/antibiotics/antifungal/pentachlorophenol.yaml	IZUPBVBPLAPZRR-UHFFFAOYSA-N	ANTIFUNGAL	384f224fb7a48522afcbc345ffabe8fb678ca953405c97a68430fb6a880fa35f	0	0	5	2	1	RECORDED_NAME_QUERIES_TRAVERSED_NOT_PRIMARY_REVIEW	False	0	0	0	0			0	0	0			0		OPEN
CHEBI:176500	BAY11-7085	data/antibiotics/antibacterial/bay11-7085.yaml	VHKZGNPOHPFPER-ONNFQVAWSA-N	ANTIBACTERIAL	0a54b6d87c91ada184c29ef4697eb93fbbf233fc0088f6b36a2259ff6547dc47	0	0	10	4	0	RECORDED_NAME_QUERIES_TRAVERSED_NOT_PRIMARY_REVIEW	False	0	0	0	0			0	0	0			0		OPEN
CHEBI:17656	(R)-mandelic acid	data/antibiotics/antibacterial/r-mandelic-acid.yaml	IWYDHOAUDWTVEP-SSDOTTSWSA-N	ANTIBACTERIAL	32203a05e9b45591eebccc522df4aec473a29614cea3899cc1aaf6757c19b527	0	0	15	5	0	RECORDED_NAME_QUERIES_TRAVERSED_NOT_PRIMARY_REVIEW	False	0	0	0	0			0	0	0			0		OPEN
CHEBI:17658	tylosin	data/antibiotics/antibacterial/tylosin.yaml	WBPYTXDJUQJLPQ-VMXQISHHSA-N	ANTIBACTERIAL	2e55e30b4cb9dbff7da053610ade1066fa06b8da75fe5a6a142703625bbcac11	40	0	9	3	3	RECORDED_NAME_QUERIES_TRAVERSED_NOT_PRIMARY_REVIEW	False	40	40	30	10	UniProtKB:A0A0H3EUF3|UniProtKB:A0A0K2B0Q1|UniProtKB:A0A291R8R8|UniProtKB:A0A3R7IWB8|UniProtKB:A0A6I0LAE8|UniProtKB:A0A829QAF6|UniProtKB:A0AAX3AIK4|UniProtKB:C1CH31|UniProtKB:F3ZTT0|UniProtKB:L7N623|UniProtKB:O05649|UniProtKB:P06572|UniProtKB:P07287|UniProtKB:P09891|UniProtKB:P0A0H3|UniProtKB:P10337|UniProtKB:P25256|UniProtKB:P37000|UniProtKB:P45439|UniProtKB:Q00014|UniProtKB:Q04720|UniProtKB:Q3HTL6|UniProtKB:Q5SFA3|UniProtKB:Q6RX35|UniProtKB:Q6XFQ7|UniProtKB:Q79N53|UniProtKB:Q8KLN5|UniProtKB:Q9ADH3|UniProtKB:Q9K2Z3|UniProtKB:Q9ZNK8	NCBITaxon:100226|NCBITaxon:1038928|NCBITaxon:1280|NCBITaxon:1282|NCBITaxon:1289602|NCBITaxon:1296|NCBITaxon:1299324|NCBITaxon:1352|NCBITaxon:1392|NCBITaxon:1598|NCBITaxon:1766|NCBITaxon:1772|NCBITaxon:1890|NCBITaxon:1896|NCBITaxon:1906|NCBITaxon:1938|NCBITaxon:278992|NCBITaxon:28040|NCBITaxon:299766|NCBITaxon:31956|NCBITaxon:405948|NCBITaxon:488222|NCBITaxon:679937|NCBITaxon:685038|NCBITaxon:79880|NCBITaxon:817|NCBITaxon:820|NCBITaxon:83331	0	0	0			0		OPEN
CHEBI:17695	casbene	data/antibiotics/antifungal/casbene.yaml	ZJMVJDFTNPZVMB-QOCMWZQCSA-N	ANTIFUNGAL	e1d605523ae5dff3e2976bd4e1629fde192cd31549cfbb9792f9e1d7619a34d3	0	0	3	2	0	RECORDED_NAME_QUERIES_TRAVERSED_NOT_PRIMARY_REVIEW	False	0	0	0	0			0	0	0			0		OPEN
CHEBI:17698	chloramphenicol	data/antibiotics/antibacterial/chloramphenicol.yaml	WIIZWVCIJKGZOK-RKDXNWHRSA-N	ANTIBACTERIAL	6a287fcdf4483193762f276cb880d2cb29800a8d0bb9fd1468e80c949d3ec928	88	0	26	8	4	RECORDED_NAME_QUERIES_TRAVERSED_NOT_PRIMARY_REVIEW	True	87	87	55	32	UniProtKB:A0A0D5ZYE7|UniProtKB:A0A0H3AC56|UniProtKB:A0A0X1L243|UniProtKB:A0A1V1FVI5|UniProtKB:A0A269PA32|UniProtKB:A0A291R8R6|UniProtKB:A0A427DJS6|UniProtKB:A0A6C0YX92|UniProtKB:A0AAE2E994|UniProtKB:A0AAF0SU31|UniProtKB:A0AAJ2MLZ9|UniProtKB:A0AAJ5I1E4|UniProtKB:A0AAV3BDF9|UniProtKB:A0AAW8TIA5|UniProtKB:A2AXI2|UniProtKB:A5I5U3|UniProtKB:A7Z1T2|UniProtKB:B8Y897|UniProtKB:C0ZJA6|UniProtKB:D9MX76|UniProtKB:H9ZIN1|UniProtKB:O30679|UniProtKB:P00484|UniProtKB:P00487|UniProtKB:P07641|UniProtKB:P22615|UniProtKB:P22616|UniProtKB:P22782|UniProtKB:P23364|UniProtKB:P25309|UniProtKB:P26825|UniProtKB:P26826|UniProtKB:P26841|UniProtKB:P31141|UniProtKB:P39386|UniProtKB:P49417|UniProtKB:P50868|UniProtKB:P62580|UniProtKB:P94902|UniProtKB:Q02736|UniProtKB:Q03058|UniProtKB:Q2FW85|UniProtKB:Q3Y3U5|UniProtKB:Q52751|UniProtKB:Q53019|UniProtKB:Q54803|UniProtKB:Q56147|UniProtKB:Q5WJ42|UniProtKB:Q6XD71|UniProtKB:Q83ZX9|UniProtKB:Q8KLJ6|UniProtKB:Q8L0S0|UniProtKB:Q9KJY5|UniProtKB:Q9R818|UniProtKB:S5PXB0	NCBITaxon:1285|NCBITaxon:1289602|NCBITaxon:1292|NCBITaxon:1296|NCBITaxon:1296536|NCBITaxon:1307|NCBITaxon:1311|NCBITaxon:1314|NCBITaxon:1360|NCBITaxon:1408|NCBITaxon:1492|NCBITaxon:1502|NCBITaxon:1598|NCBITaxon:176299|NCBITaxon:1828|NCBITaxon:1829|NCBITaxon:1916|NCBITaxon:1936|NCBITaxon:1940789|NCBITaxon:195|NCBITaxon:2026255|NCBITaxon:208964|NCBITaxon:2219225|NCBITaxon:271420|NCBITaxon:287|NCBITaxon:326423|NCBITaxon:333849|NCBITaxon:336306|NCBITaxon:345072|NCBITaxon:358681|NCBITaxon:373665|NCBITaxon:38294|NCBITaxon:423368|NCBITaxon:441771|NCBITaxon:470|NCBITaxon:548|NCBITaxon:55601|NCBITaxon:562|NCBITaxon:573|NCBITaxon:584|NCBITaxon:66692|NCBITaxon:71452|NCBITaxon:727|NCBITaxon:747|NCBITaxon:756892|NCBITaxon:798570|NCBITaxon:79880|NCBITaxon:83333|NCBITaxon:90370|NCBITaxon:90371|NCBITaxon:93061	0	0	0			0		OPEN
CHEBI:17704	aspulvinone E	data/antibiotics/antiviral/aspulvinone-e.yaml	BNNVVTQUWNGKPH-ZROIWOOFSA-N	ANTIVIRAL	b54267066cdb29874cadf2ac008467a8bbc4608def3e56c5b2077f40bd7ddda6	0	0	4	2	0	RECORDED_NAME_QUERIES_TRAVERSED_NOT_PRIMARY_REVIEW	False	0	0	0	0			0	0	0			0		OPEN
CHEBI:177047	velutin	data/antibiotics/antibacterial/velutin.yaml	ROCUOVBWAWAQFD-UHFFFAOYSA-N	ANTIBACTERIAL	e8b85c1d6185ee2007b8deea1a4cae9c964b8fc613603f94107c8be9a0ec0054	0	0	7	3	0	RECORDED_NAME_QUERIES_TRAVERSED_NOT_PRIMARY_REVIEW	False	0	0	0	0			0	0	0			0		OPEN
CHEBI:17711	nocardicin A	data/antibiotics/unspecified/nocardicin-a.yaml	CTNZOGJNVIFEBA-UPSUJEDGSA-N	ANTIMICROBIAL_UNSPECIFIED	2680c11b3e5e94268300a5228ec8204d66d9f2f3a49a597d977a432407c17636	0	0	3	2	0	RECORDED_NAME_QUERIES_TRAVERSED_NOT_PRIMARY_REVIEW	False	0	0	0	0			0	0	0			0		OPEN
CHEBI:177359	mansouramycin A	data/antibiotics/antibacterial/mansouramycin-a.yaml	SDLNCVBYFYLESJ-UHFFFAOYSA-N	ANTIBACTERIAL	f2ad83f3ceb1bdb19d0747398f5cbe4c084568ba97c569da92358020709a9314	0	0	3	2	0	RECORDED_NAME_QUERIES_TRAVERSED_NOT_PRIMARY_REVIEW	False	0	0	0	0			0	0	0			0		OPEN
CHEBI:177387	brequinar	data/antibiotics/antiviral/brequinar.yaml	PHEZJEYUWHETKO-UHFFFAOYSA-N	ANTIVIRAL	dc16a1920c1d4469b96d443649451daf5ca718dac974cadc4f4ffdd25ae183a1	0	0	8	3	0	RECORDED_NAME_QUERIES_TRAVERSED_NOT_PRIMARY_REVIEW	False	0	0	0	0			0	0	0			0		OPEN
CHEBI:17751	dihydrostreptomycin 3'α,6-bisphosphate	data/antibiotics/unspecified/dihydrostreptomycin-3-α-6-bisphosphate.yaml	ZDDYYKRGKUKSLN-TWBNDLJKSA-N	ANTIMICROBIAL_UNSPECIFIED	38b06c245f76029f298a263fe9d206b4465a8356d7895fd95e9315be5b1daa4d	0	0	3	2	0	RECORDED_NAME_QUERIES_TRAVERSED_NOT_PRIMARY_REVIEW	False	0	0	0	0			0	0	0			0		OPEN
CHEBI:177533	itarnafloxin	data/antibiotics/antiprotozoal/itarnafloxin.yaml	WOQIDNWTQOYDLF-CGAIIQECSA-N	ANTIPROTOZOAL	f75dee5ac98ef00197e7e224b0692c152cf13f390e18f7fd2c4393ca386b5cd1	0	0	11	4	0	RECORDED_NAME_QUERIES_TRAVERSED_NOT_PRIMARY_REVIEW	False	0	0	0	0			0	0	0			0		OPEN
CHEBI:177871	brequinar sodium	data/antibiotics/antiviral/brequinar-sodium.yaml	PZOHOALJQOFNTB-UHFFFAOYSA-M	ANTIVIRAL	5bc2582995f959d113f43e7cf5534230564c3bfa2ae9685611084f921f7e0411	0	0	9	3	0	RECORDED_NAME_QUERIES_TRAVERSED_NOT_PRIMARY_REVIEW	False	0	0	0	0			0	0	0			0		OPEN
CHEBI:177872	N-trans-cinnamoyltyramine	data/antibiotics/unspecified/n-trans-cinnamoyltyramine.yaml	KGOYCHSKGXJDND-DHZHZOJOSA-N	ANTIMICROBIAL_UNSPECIFIED	ff7a2b1edb2fa4464b27ef38db9fc0e684ed8476a1d772685c2733740dfb5a6b	0	0	8	3	0	RECORDED_NAME_QUERIES_TRAVERSED_NOT_PRIMARY_REVIEW	False	0	0	0	0			0	0	0			0		OPEN
CHEBI:17847	p-cresol	data/antibiotics/antifungal/p-cresol.yaml	IWDCLRJOBJJRNH-UHFFFAOYSA-N	ANTIFUNGAL	a6ecafda9ad93ef948ec13024cbcd493e4de994e644f7013cf544713b2858ea9	0	0	12	4	0	RECORDED_NAME_QUERIES_TRAVERSED_NOT_PRIMARY_REVIEW	False	0	0	0	0			0	0	0			0		OPEN
CHEBI:17909	polysulfur	data/antibiotics/antifungal/polysulfur.yaml	NVSDADJBGGUCLP-UHFFFAOYSA-N	ANTIFUNGAL	90b0108db104b4d85011ab1a4e7035a333af72a270ee4c4e815bae98ea979ab1	0	0	7	3	1	RECORDED_NAME_QUERIES_TRAVERSED_NOT_PRIMARY_REVIEW	False	0	0	0	0			0	0	0			0		OPEN
CHEBI:17939	puromycin	data/antibiotics/antibacterial/puromycin.yaml	RXWNCPJZOCPEPQ-NVWDDTSBSA-N	ANTIBACTERIAL	ff0f0d0fd0bb8522bf88c3225e827cc8635fa7b7237abbba66e8b076758de522	4	0	14	5	2	RECORDED_NAME_QUERIES_TRAVERSED_NOT_PRIMARY_REVIEW	False	4	4	1	3	UniProtKB:P39386	NCBITaxon:83333	0	0	0			0		OPEN
CHEBI:180481	ribavirin 5'-diphosphate	data/antibiotics/antiviral/ribavirin-5-diphosphate.yaml	HWSPXPQHONXITJ-AFCXAGJDSA-N	ANTIVIRAL	92cb6fcc9bda1d2f61e8f54970b8c381c128e9fc9092966b18801ca8102b967d	0	0	5	2	0	RECORDED_NAME_QUERIES_TRAVERSED_NOT_PRIMARY_REVIEW	False	0	0	0	0			0	0	0			0		OPEN
CHEBI:180645	2CN113	data/antibiotics/antiviral/2cn113.yaml	XNUMKBHURGKYTO-JWSDNSILSA-N	ANTIVIRAL	084938b6e8409e7ba1551ff3d9d07f1fc27ee47092f7f1c0eb101658d9730e97	0	0	5	2	0	RECORDED_NAME_QUERIES_TRAVERSED_NOT_PRIMARY_REVIEW	False	0	0	0	0			0	0	0			0		OPEN
CHEBI:180646	2CN115	data/antibiotics/antiviral/2cn115.yaml	AYTVESLXVZAGIT-ARZGSZHJSA-N	ANTIVIRAL	915eff6ad8c95d80913441d70920115842841a7165993b54f6b85e6cedb7c3c6	0	0	5	2	0	RECORDED_NAME_QUERIES_TRAVERSED_NOT_PRIMARY_REVIEW	False	0	0	0	0			0	0	0			0		OPEN
CHEBI:18065	deacetylcephalosporin C	data/antibiotics/unspecified/deacetylcephalosporin-c.yaml	XWCFYHBHOFBVIV-JWKOBGCHSA-N	ANTIMICROBIAL_UNSPECIFIED	148f8ff4c1829d94b341c3d9c1457b2959bdaee1fada095acc4dfde1d6da0cbe	0	0	3	2	0	RECORDED_NAME_QUERIES_TRAVERSED_NOT_PRIMARY_REVIEW	False	0	0	0	0			0	0	0			0		OPEN
CHEBI:180653	molnupiravir	data/antibiotics/antiviral/molnupiravir.yaml	HTNPEHXGEKVIHG-QCNRFFRDSA-N	ANTIVIRAL	97c6b8096934fa2af32af9fadca8901cf51dd7df0735a35ced0b04660b1e13d8	0	0	10	4	0	RECORDED_NAME_QUERIES_TRAVERSED_NOT_PRIMARY_REVIEW	False	0	0	0	0			0	0	0			0		OPEN
CHEBI:180654	N4-hydroxycytidine	data/antibiotics/antiviral/n4-hydroxycytidine.yaml	XCUAIINAJCDIPM-XVFCMESISA-N	ANTIVIRAL	730a38a4db39d0895d13e0470c05a9bc86cd28d4d7b7bdf172ee90976c41dc8b	0	0	11	4	0	RECORDED_NAME_QUERIES_TRAVERSED_NOT_PRIMARY_REVIEW	False	0	0	0	0			0	0	0			0		OPEN
CHEBI:18142	N6'-acetylkanamycin B	data/antibiotics/unspecified/n6-acetylkanamycin-b.yaml	JVNRAWAXQAGKBK-HLIGCJFYSA-N	ANTIMICROBIAL_UNSPECIFIED	9140605797705734bc642a261255f3977d7d2623ab699e392b028a709fc55765	0	0	3	2	0	RECORDED_NAME_QUERIES_TRAVERSED_NOT_PRIMARY_REVIEW	False	0	0	0	0			0	0	0			0		OPEN
CHEBI:18145	(R,R,R)-α-tocopherol	data/antibiotics/antiviral/r-r-r-α-tocopherol.yaml	GVJHHUAWPYXKBD-IEOSBIPESA-N	ANTIVIRAL	9a71a8cf7dbfc82797705620967a7db8a6cfef75159ab676adc7a364af694af5	0	0	14	5	1	RECORDED_NAME_QUERIES_TRAVERSED_NOT_PRIMARY_REVIEW	False	0	0	0	0			0	0	0			0		OPEN
CHEBI:18165	isopenicillin N	data/antibiotics/unspecified/isopenicillin-n.yaml	MIFYHUACUWQUKT-GTQWGBSQSA-N	ANTIMICROBIAL_UNSPECIFIED	c63d8a6bf45c19d252ac15a905f0fc6f4927d35a3d032c55e260229bd3d2bc2a	0	0	5	2	0	RECORDED_NAME_QUERIES_TRAVERSED_NOT_PRIMARY_REVIEW	False	0	0	0	0			0	0	0			0		OPEN
CHEBI:18203	penicillin N	data/antibiotics/unspecified/penicillin-n.yaml	MIFYHUACUWQUKT-GPUHXXMPSA-N	ANTIMICROBIAL_UNSPECIFIED	164f8b9797673d0a86b0dddfa55a936ba0a73fd6ffb90af1414ef24bad7aba72	0	0	6	3	0	RECORDED_NAME_QUERIES_TRAVERSED_NOT_PRIMARY_REVIEW	False	0	0	0	0			0	0	0			0		OPEN
CHEBI:18208	benzylpenicillin	data/antibiotics/antibacterial/benzylpenicillin.yaml	JGSARLDLIJGVTE-MBNYWOFBSA-N	ANTIBACTERIAL	f1ff4843aba6b5b3ab935eeb17487097fe1ee20cafc719a5198d5a1c6f76c9ab	10	0	17	5	3	RECORDED_NAME_QUERIES_TRAVERSED_NOT_PRIMARY_REVIEW	False	10	10	6	4	UniProtKB:A0A069BCC8|UniProtKB:A0A7I8E9L1|UniProtKB:A0A8F5JT47|UniProtKB:A0A9Q2ZSM5|UniProtKB:A0SVI2|UniProtKB:Q3IVS9	NCBITaxon:1812934|NCBITaxon:272943|NCBITaxon:28450|NCBITaxon:40324|NCBITaxon:550|NCBITaxon:61646	0	0	0			0		OPEN
CHEBI:18229	deacetoxycephalosporin C	data/antibiotics/unspecified/deacetoxycephalosporin-c.yaml	NNQIJOYQWYKBOW-JWKOBGCHSA-N	ANTIMICROBIAL_UNSPECIFIED	5e5f2372e564515d63198ef2329448a734db520676db2f423e368976c86dbd1a	0	0	6	3	0	RECORDED_NAME_QUERIES_TRAVERSED_NOT_PRIMARY_REVIEW	False	0	0	0	0			0	0	0			0		OPEN
CHEBI:183228	(R)-goitrin	data/antibiotics/antiviral/r-goitrin.yaml	UZQVYLOFLQICCT-SCSAIBSYSA-N	ANTIVIRAL	d8fc99f146f5d55586ca0fc21783f3cfa7eb96b71a1e6778bec46ecd6aaea0ed	0	0	8	3	0	RECORDED_NAME_QUERIES_TRAVERSED_NOT_PRIMARY_REVIEW	False	0	0	0	0			0	0	0			0		OPEN
CHEBI:184373	cremeomycin	data/antibiotics/antibacterial/cremeomycin.yaml	HTCPEWKHGGGJBI-UHFFFAOYSA-N	ANTIBACTERIAL	b0c3d5a778fe74dd0b512a603c3ed2080f529d999f6327e1c4a97a9941f46078	0	0	7	3	0	RECORDED_NAME_QUERIES_TRAVERSED_NOT_PRIMARY_REVIEW	False	0	0	0	0			0	0	0			0		OPEN
CHEBI:185029	hexadecan-2-ol	data/antibiotics/antibacterial/hexadecan-2-ol.yaml	FVDRFBGMOWJEOR-UHFFFAOYSA-N	ANTIBACTERIAL	18504674ccb7a6edb9252898f16f8e7d3af896995104c3d93c66166c73d49b78	0	0	5	2	0	RECORDED_NAME_QUERIES_TRAVERSED_NOT_PRIMARY_REVIEW	False	0	0	0	0			0	0	0			0		OPEN
CHEBI:18822	(Z,Z,Z)-geranylgeraniol	data/antibiotics/antiprotozoal/z-z-z-geranylgeraniol.yaml	OJISWRZIEWCUBN-XBQSVVNOSA-N	ANTIPROTOZOAL	f401a63ce7e03d532aea481a2726791d150891e900e76c620d567ef047a1ed7b	0	0	3	2	0	RECORDED_NAME_QUERIES_TRAVERSED_NOT_PRIMARY_REVIEW	False	0	0	0	0			0	0	0			0		OPEN
CHEBI:189648	PB28	data/antibiotics/antiviral/pb28.yaml	PHRCDWVPTULQMT-UHFFFAOYSA-N	ANTIVIRAL	9b2e5eed5adeb0e5f5c0ef69a46df80b575c9c8968778f73b92af9022a259530	0	0	7	3	0	RECORDED_NAME_QUERIES_TRAVERSED_NOT_PRIMARY_REVIEW	False	0	0	0	0			0	0	0			0		OPEN
CHEBI:189704	saikosaponin C	data/antibiotics/antiviral/saikosaponin-c.yaml	VJEMOEYSQDKAQF-JDRYWMLESA-N	ANTIVIRAL	08f570592978d9bb4908167826d71636af55bd6e7af9d503cef1298d51bd875a	0	0	4	2	0	RECORDED_NAME_QUERIES_TRAVERSED_NOT_PRIMARY_REVIEW	False	0	0	0	0			0	0	0			0		OPEN
CHEBI:190009	himastatin	data/antibiotics/antibacterial/himastatin.yaml	OZPNLJQULOIOGU-UPABGHPRSA-N	ANTIBACTERIAL	c827b1c81d876c82607b4319482116e31d8c11512df7893af6c57548120a38c7	0	0	6	3	0	RECORDED_NAME_QUERIES_TRAVERSED_NOT_PRIMARY_REVIEW	False	0	0	0	0			0	0	0			0		OPEN
CHEBI:190404	3β-(2-diethylaminoethoxy)androst-5-en-17-one hydrochloride	data/antibiotics/antiviral/3β-2-diethylaminoethoxy-androst-5-en-17-one-hydrochloride.yaml	GZFYZYBWLCYBMI-MYZJJQSMSA-N	ANTIVIRAL	e9f2bf112686f8d34540dbd058f997b4e78ccb8f464832f5b3578d530ec1c49d	0	0	10	4	0	RECORDED_NAME_QUERIES_TRAVERSED_NOT_PRIMARY_REVIEW	False	0	0	0	0			0	0	0			0		OPEN
CHEBI:191856	helioxanthin	data/antibiotics/antiviral/helioxanthin.yaml	JUBRYHUFFFYTGR-UHFFFAOYSA-N	ANTIVIRAL	8b12fd64ca791a6a67c10ce5915a3676b5a94bab149a3a71b1c5493263651e79	0	0	5	2	0	RECORDED_NAME_QUERIES_TRAVERSED_NOT_PRIMARY_REVIEW	False	0	0	0	0			0	0	0			0		OPEN
CHEBI:192263	metarylpicoxamid	data/antibiotics/antifungal/metarylpicoxamid.yaml	CAUHWGTUUBORAX-IKGGRYGDSA-N	ANTIFUNGAL	0f4b722571dd9f4fe2a9e44b13185e911e848e1312470ba86c7193ef49f80011	0	0	10	4	0	RECORDED_NAME_QUERIES_TRAVERSED_NOT_PRIMARY_REVIEW	False	0	0	0	0			0	0	0			0		OPEN
CHEBI:192379	quinacillin	data/antibiotics/antibacterial/quinacillin.yaml	GPMSLJIYNWBYEL-TYNCELHUSA-N	ANTIBACTERIAL	4274cfd366c3b7ce93bbb97e8e9e8c6c16610ded83b338ab7e6d263517092fd0	0	0	9	3	0	RECORDED_NAME_QUERIES_TRAVERSED_NOT_PRIMARY_REVIEW	False	0	0	0	0			0	0	0			0		OPEN
CHEBI:192380	cefaloram	data/antibiotics/antibacterial/cefaloram.yaml	GOFCPYKUMJBHBH-RHSMWYFYSA-N	ANTIBACTERIAL	9d873bbb84a2038e42d48703d3f539d0fcc68be8c1fe1cd6896735ebe025516d	0	0	6	3	0	RECORDED_NAME_QUERIES_TRAVERSED_NOT_PRIMARY_REVIEW	False	0	0	0	0			0	0	0			0		OPEN
CHEBI:192538	(12Z)-10-hydroxyoctadec-12-enoic acid	data/antibiotics/antifungal/12z-10-hydroxyoctadec-12-enoic-acid.yaml	WVYIZGMCLSGZGG-FLIBITNWSA-N	ANTIFUNGAL	6b766dd8a45291d98c9f65352878b648c34d27a3cf5cb0ea5d12e0243c99c46c	0	0	10	4	0	RECORDED_NAME_QUERIES_TRAVERSED_NOT_PRIMARY_REVIEW	False	0	0	0	0			0	0	0			0		OPEN
CHEBI:192555	asterriquinone C1	data/antibiotics/antiviral/asterriquinone-c1.yaml	BKRWGHXVQLNRMR-UHFFFAOYSA-N	ANTIVIRAL	85fe62d7f2d9a22acb087113cf06b58d074ff1ac02bef494352ba43058e0dffd	0	0	4	2	0	RECORDED_NAME_QUERIES_TRAVERSED_NOT_PRIMARY_REVIEW	False	0	0	0	0			0	0	0			0		OPEN
CHEBI:192702	ladanein	data/antibiotics/antiviral/ladanein.yaml	UUQJTIHOVGMQIH-UHFFFAOYSA-N	ANTIVIRAL	4842324816e0ccbe64612bb5939178bda742deb2b130843f22cc285b15b63c14	0	0	6	3	0	RECORDED_NAME_QUERIES_TRAVERSED_NOT_PRIMARY_REVIEW	False	0	0	0	0			0	0	0			0		OPEN
CHEBI:192798	sulfociprofloxacin	data/antibiotics/unspecified/sulfociprofloxacin.yaml	SDLYZOYQWKDWJG-UHFFFAOYSA-N	ANTIMICROBIAL_UNSPECIFIED	7efecb8b9e13ecfeed4bb642c4b2f29ead1961659e58f5aff9c39cc07b0e3fc2	0	0	8	3	0	RECORDED_NAME_QUERIES_TRAVERSED_NOT_PRIMARY_REVIEW	False	0	0	0	0			0	0	0			0		OPEN
CHEBI:192979	nystatin A2	data/antibiotics/antifungal/nystatin-a2.yaml	RALQCAVZSAUESR-XTEMEEEFSA-N	ANTIFUNGAL	fc3911d0b78f358b1b6befca0eac3aaa6f7f60f047a88bd2a00a2d41275706df	0	0	2	2	0	RECORDED_NAME_QUERIES_TRAVERSED_NOT_PRIMARY_REVIEW	False	0	0	0	0			0	0	0			0		OPEN
CHEBI:193157	sceliphrolactam	data/antibiotics/antifungal/sceliphrolactam.yaml	HRAPIHJIKATMEB-GWVUBWKVSA-N	ANTIFUNGAL	fbb8ccd8e027caac1bc587f0713bb2720c98741f1b4d37d2d0138e4831f0eb04	0	0	2	2	0	RECORDED_NAME_QUERIES_TRAVERSED_NOT_PRIMARY_REVIEW	False	0	0	0	0			0	0	0			0		OPEN
CHEBI:193161	isovanillin	data/antibiotics/antifungal/isovanillin.yaml	JVTZFYYHCGSXJV-UHFFFAOYSA-N	ANTIFUNGAL	20db6aa05e3dcaec28b1e7e507af0458bbe18d2e116d34abdf7f8e696e3871a6	0	0	9	3	0	RECORDED_NAME_QUERIES_TRAVERSED_NOT_PRIMARY_REVIEW	False	0	0	0	0			0	0	0			0		OPEN
CHEBI:193597	ARS-1620	data/antibiotics/antiviral/ars-1620.yaml	ZRPZPNYZFSJUPA-UHFFFAOYSA-N	ANTIVIRAL	4cb4626dd7981d5051bff4fd7bc89b05cb056bd8f94e7962cd059ad2bb9ecb04	0	0	5	2	0	RECORDED_NAME_QUERIES_TRAVERSED_NOT_PRIMARY_REVIEW	False	0	0	0	0			0	0	0			0		OPEN
CHEBI:194126	ochnaflavone	data/antibiotics/antibacterial/ochnaflavone.yaml	NNPGECDACGBKDH-UHFFFAOYSA-N	ANTIBACTERIAL	03ff63c913fc15b70e04862938575a645f90593599bc200f56a0fb5c5424de43	0	0	4	2	0	RECORDED_NAME_QUERIES_TRAVERSED_NOT_PRIMARY_REVIEW	False	0	0	0	0			0	0	0			0		OPEN
CHEBI:194138	methyl trans-cinnamate	data/antibiotics/antibacterial/methyl-trans-cinnamate.yaml	CCRCUPLGCSFEDV-BQYQJAHWSA-N	ANTIBACTERIAL	c136db5d5cf995aae8fcd9e5aef9d65cbc7150d4bbcb872bb03b8570257e6661	0	0	14	5	0	RECORDED_NAME_QUERIES_TRAVERSED_NOT_PRIMARY_REVIEW	False	0	0	0	0			0	0	0			0		OPEN
CHEBI:194484	flavocillin	data/antibiotics/antibacterial/flavocillin.yaml	FBFNOKWBJGHOGZ-LROQTYINSA-N	ANTIBACTERIAL	07ba2cf005fb557fd9033d7007646b0f5c6adfaad5b8b04c59c16eba1963ccf3	0	0	3	2	0	RECORDED_NAME_QUERIES_TRAVERSED_NOT_PRIMARY_REVIEW	False	0	0	0	0			0	0	0			0		OPEN
CHEBI:195170	uranidine	data/antibiotics/antiviral/uranidine.yaml	WXBCVQJUZIAXDB-UHFFFAOYSA-N	ANTIVIRAL	439f61d4e84da0e1bb0e3c3ec4643c2e86e6860ca6929b56dcfea25720371048	0	0	6	3	0	RECORDED_NAME_QUERIES_TRAVERSED_NOT_PRIMARY_REVIEW	False	0	0	0	0			0	0	0			0		OPEN
CHEBI:195185	gravacridonediol	data/antibiotics/antiprotozoal/gravacridonediol.yaml	RQAGSTDFTGSIGB-UHFFFAOYSA-N	ANTIPROTOZOAL	1208bf40cc3534b2302eaf96531e03e680939fa1130ad9624d6322eff22cd508	0	0	5	2	0	RECORDED_NAME_QUERIES_TRAVERSED_NOT_PRIMARY_REVIEW	False	0	0	0	0			0	0	0			0		OPEN
CHEBI:195240	6-methoxy-2-benzoxazolinone	data/antibiotics/antibacterial/6-methoxy-2-benzoxazolinone.yaml	MKMCJLMBVKHUMS-UHFFFAOYSA-N	ANTIBACTERIAL	42388a568a1b3772d0dd20d9657218f67bbb82c1d0d8c142a2464590d3745028	0	0	9	3	0	RECORDED_NAME_QUERIES_TRAVERSED_NOT_PRIMARY_REVIEW	False	0	0	0	0			0	0	0			0		OPEN
CHEBI:195253	5-hydroxy-3-methylfuran-2(5H)-one	data/antibiotics/antiviral/5-hydroxy-3-methylfuran-2-5h-one.yaml	HQIZYPQNJWENRT-UHFFFAOYSA-N	ANTIVIRAL	1b3c2542dde2b315445209116bfa921801a9e7e69dfe8e88c61bf48706c7c19c	0	0	4	2	0	RECORDED_NAME_QUERIES_TRAVERSED_NOT_PRIMARY_REVIEW	False	0	0	0	0			0	0	0			0		OPEN
CHEBI:195280	artemether	data/antibiotics/antiprotozoal/artemether.yaml	SXYIRMFQILZOAM-HVNFFKDJSA-N	ANTIPROTOZOAL	58dc04b66257bc1c234076045ca6adb80aeef3949b8611dfecf850aedb067925	0	0	11	4	1	RECORDED_NAME_QUERIES_TRAVERSED_NOT_PRIMARY_REVIEW	False	0	0	0	0			0	0	0			0		OPEN
CHEBI:195298	loganetin	data/antibiotics/antibacterial/loganetin.yaml	XWOHZIIPBYAMJX-KHBMLBSESA-N	ANTIBACTERIAL	b76a23c084f218cfef72be7d3b35a1035f4f01a2138c03324fde9993a9972891	0	0	2	2	0	RECORDED_NAME_QUERIES_TRAVERSED_NOT_PRIMARY_REVIEW	False	0	0	0	0			0	0	0			0		OPEN
CHEBI:195409	tilmicosin	data/antibiotics/antibacterial/tilmicosin.yaml	JTSDBFGMPLKDCD-XVFHVFLVSA-N	ANTIBACTERIAL	f653f45f8675063f1da14237b3f18e877531092ff8fdd2fe3806f3285e11abca	1	0	14	5	1	RECORDED_NAME_QUERIES_TRAVERSED_NOT_PRIMARY_REVIEW	False	1	1	0	1			0	0	0			0		OPEN
CHEBI:195437	gamithromycin	data/antibiotics/antibacterial/gamithromycin.yaml	VWAMTBXLZPEDQO-UZSBJOJWSA-N	ANTIBACTERIAL	1024e78e7b408b4bfd2892a8471bafcc118694d3ae43915d19d8c7c1f523458e	0	0	10	4	0	RECORDED_NAME_QUERIES_TRAVERSED_NOT_PRIMARY_REVIEW	False	0	0	0	0			0	0	0			0		OPEN
CHEBI:195528	NPD6433	data/antibiotics/antifungal/npd6433.yaml	IXWNPEOFLGJGLY-WCWDXBQESA-N	ANTIFUNGAL	74ebc6e63ac752879407906f7a403463355276f32fd4c3d65cff171d7ca09047	0	0	2	2	0	RECORDED_NAME_QUERIES_TRAVERSED_NOT_PRIMARY_REVIEW	False	0	0	0	0			0	0	0			0		OPEN
CHEBI:195558	entrectinib	data/antibiotics/antibacterial/entrectinib.yaml	HAYYBYPASCDWEQ-UHFFFAOYSA-N	ANTIBACTERIAL	35b601b8398371bf8b361437d8290b34d573a5b6a5793aeada99a7dbfdda4bda	0	0	13	4	1	RECORDED_NAME_QUERIES_TRAVERSED_NOT_PRIMARY_REVIEW	False	0	0	0	0			0	0	0			0		OPEN
CHEBI:201384	sartorypyrone D	data/antibiotics/antibacterial/sartorypyrone-d.yaml	YFZBONHCMBXFDD-JVRYRRRMSA-N	ANTIBACTERIAL	8b4278b325ef355d8e5ab7766ec2db288c183b2803fe648848093316f499e48c	0	0	3	2	0	RECORDED_NAME_QUERIES_TRAVERSED_NOT_PRIMARY_REVIEW	False	0	0	0	0			0	0	0			0		OPEN
CHEBI:204928	cefotaxime	data/antibiotics/antibacterial/cefotaxime.yaml	GPRBEKHLDVQUJE-QSWIMTSFSA-N	ANTIBACTERIAL	6c6123a1ec4ce59dc566a304b64b13efdc188ed01479c4fb2487633b5fc128b5	20	0	10	4	2	RECORDED_NAME_QUERIES_TRAVERSED_NOT_PRIMARY_REVIEW	False	20	20	11	9	UniProtKB:A0A097J9F4|UniProtKB:A0A2R4A8Y7|UniProtKB:A0A2R4PHC7|UniProtKB:A0A5Q5ADH9|UniProtKB:A0A7G1HH99|UniProtKB:A0A9Q9CTT6|UniProtKB:A0AA92R881|UniProtKB:E8LGK3|UniProtKB:O87754|UniProtKB:Q4WR59|UniProtKB:Q9KJD5	NCBITaxon:287|NCBITaxon:330879|NCBITaxon:50719|NCBITaxon:545|NCBITaxon:562|NCBITaxon:569|NCBITaxon:573|NCBITaxon:584|NCBITaxon:615|NCBITaxon:626939|NCBITaxon:663	0	0	0			0		OPEN
CHEBI:20651	5α-ergosta-7,22-dien-3β-ol	data/antibiotics/antifungal/5α-ergosta-7-22-dien-3β-ol.yaml	QOXPZVASXWSKKU-UEIWAABPSA-N	ANTIFUNGAL	2237378ed3a17c237e9fa08940b7710c993351af0860bb764e0b1d70662d49eb	0	0	3	2	0	RECORDED_NAME_QUERIES_TRAVERSED_NOT_PRIMARY_REVIEW	False	0	0	0	0			0	0	0			0		OPEN
CHEBI:207229	dihydroartemisinin	data/antibiotics/antiprotozoal/dihydroartemisinin.yaml	BJDCWCLMFKKGEE-HVDUHBCDSA-N	ANTIPROTOZOAL	306854ab709a149c22116b00df1aa6556c059f725aaf977d8f41e7dd75a4beb6	0	0	2	2	1	RECORDED_NAME_QUERIES_TRAVERSED_NOT_PRIMARY_REVIEW	False	0	0	0	0			0	0	0			0		OPEN
CHEBI:209807	cefoxitin	data/antibiotics/antibacterial/cefoxitin.yaml	WZOZEZRFJCJXNZ-ZBFHGGJFSA-N	ANTIBACTERIAL	f965fea71486b27fc14a56e1a6b69260ef241712114fd55c9f621b68dd1bbc84	23	0	15	5	2	RECORDED_NAME_QUERIES_TRAVERSED_NOT_PRIMARY_REVIEW	False	23	23	15	8	UniProtKB:A0A068EQ40|UniProtKB:A0A069BCC8|UniProtKB:A0A2R4PHC7|UniProtKB:A0A3S4MWA6|UniProtKB:A0A8F5JT47|UniProtKB:A0AAX3AHW0|UniProtKB:F4YXC2|UniProtKB:I7FJY5|UniProtKB:O87754|UniProtKB:P30899|UniProtKB:P52663|UniProtKB:P9WKD3|UniProtKB:Q20I87|UniProtKB:Q48434|UniProtKB:Q4H482	NCBITaxon:158484|NCBITaxon:246196|NCBITaxon:28450|NCBITaxon:287|NCBITaxon:294|NCBITaxon:29486|NCBITaxon:299766|NCBITaxon:550|NCBITaxon:562|NCBITaxon:573|NCBITaxon:61646|NCBITaxon:821|NCBITaxon:83332	0	0	0			0		OPEN
CHEBI:214480	loracarbef zwitterion	data/antibiotics/unspecified/loracarbef-zwitterion.yaml	JAPHQRWPEGVNBT-UTUOFQBUSA-N	ANTIMICROBIAL_UNSPECIFIED	b817701f843205097ea5f589179afe95c6bba2d05b0d6f15c4ce84e7dedbdb79	0	0	4	2	0	RECORDED_NAME_QUERIES_TRAVERSED_NOT_PRIMARY_REVIEW	False	0	0	0	0			0	0	0			0		OPEN
CHEBI:2156	6,8-diprenylnaringenin	data/antibiotics/antibacterial/6-8-diprenylnaringenin.yaml	HCNLDGTUMBOHKT-NRFANRHFSA-N	ANTIBACTERIAL	bd96f127a23934a715bf19acbdba40e9bd761b22076ab41b1f97e01492639641	0	0	4	2	0	RECORDED_NAME_QUERIES_TRAVERSED_NOT_PRIMARY_REVIEW	False	0	0	0	0			0	0	0			0		OPEN
CHEBI:21826	N3'-acetylgentamycin	data/antibiotics/unspecified/n3-acetylgentamycin.yaml	KEIJCRBIDGPDMU-VSTVETRJSA-N	ANTIMICROBIAL_UNSPECIFIED	f725e202ce77d56c5b3bd78ec640927972850028aacd1fa5e9751c354a51faa9	0	0	2	2	0	RECORDED_NAME_QUERIES_TRAVERSED_NOT_PRIMARY_REVIEW	False	0	0	0	0			0	0	0			0		OPEN
CHEBI:218817	4-[(3,4,5-tribromo-1H-pyrrol-2-yl)methyl]phenol	data/antibiotics/antibacterial/4-3-4-5-tribromo-1h-pyrrol-2-yl-methyl-phenol.yaml	WFENRQKTALRFAD-UHFFFAOYSA-N	ANTIBACTERIAL	c35f32c092b9e9ac74f58e3dd45455216efc1933357870b6c002323f42da9eb9	0	0	2	2	0	RECORDED_NAME_QUERIES_TRAVERSED_NOT_PRIMARY_REVIEW	False	0	0	0	0			0	0	0			0		OPEN
CHEBI:219363	reedsmycin A	data/antibiotics/antifungal/reedsmycin-a.yaml	XVBIZWCWDZDOMC-VNYSJGGHSA-N	ANTIFUNGAL	38f9f8415be3dcb060f1192e70af9000b6411b3b883aba45ccd2154b467fd8c5	0	0	3	2	0	RECORDED_NAME_QUERIES_TRAVERSED_NOT_PRIMARY_REVIEW	False	0	0	0	0			0	0	0			0		OPEN
CHEBI:219367	reedsmycin B	data/antibiotics/antifungal/reedsmycin-b.yaml	XVBIZWCWDZDOMC-UEPNLKFNSA-N	ANTIFUNGAL	08b70ae4670f917484d80bb01fd7dc96c849fa2d7076b10b512ece74e15b0820	0	0	2	2	0	RECORDED_NAME_QUERIES_TRAVERSED_NOT_PRIMARY_REVIEW	False	0	0	0	0			0	0	0			0		OPEN
CHEBI:219375	reedsmycin C	data/antibiotics/antifungal/reedsmycin-c.yaml	XVBIZWCWDZDOMC-DTNXCNQSSA-N	ANTIFUNGAL	31da9a11eeaf770af39bea0f93672b6a55806165fcc61f15401c6d471748be44	0	0	2	2	0	RECORDED_NAME_QUERIES_TRAVERSED_NOT_PRIMARY_REVIEW	False	0	0	0	0			0	0	0			0		OPEN
CHEBI:219380	reedsmycin D	data/antibiotics/antifungal/reedsmycin-d.yaml	XVBIZWCWDZDOMC-KHGBDAPZSA-N	ANTIFUNGAL	0e0c99bb41897b97fa0351e46bb1244d9e7b1921dab3b5230e57b9da7b8173e9	0	0	2	2	0	RECORDED_NAME_QUERIES_TRAVERSED_NOT_PRIMARY_REVIEW	False	0	0	0	0			0	0	0			0		OPEN
CHEBI:219386	reedsmycin E	data/antibiotics/antifungal/reedsmycin-e.yaml	XVBIZWCWDZDOMC-ZIDJWUOVSA-N	ANTIFUNGAL	db8dc9c600c3e38157bd8c3763b036259a8e18399c50be30a8a4d4fef6592bd2	0	0	2	2	0	RECORDED_NAME_QUERIES_TRAVERSED_NOT_PRIMARY_REVIEW	False	0	0	0	0			0	0	0			0		OPEN
CHEBI:222417	fluopsin C	data/antibiotics/antibacterial/fluopsin-c.yaml	PGYZQLIUYISMJD-UHFFFAOYSA-N	ANTIBACTERIAL	88ad3ffbd660aac12b0c95ee9d5d8245b711d502ac6dc7e7a9472c7cdc96725b	0	0	9	3	0	RECORDED_NAME_QUERIES_TRAVERSED_NOT_PRIMARY_REVIEW	False	0	0	0	0			0	0	0			0		OPEN
CHEBI:223316	(+)-artemisinin	data/antibiotics/antiprotozoal/artemisinin.yaml	BLUAFEHZUWYNDE-NNWCWBAJSA-N	ANTIPROTOZOAL	91a34a2f1a0b0a0fb076f6e3dd523bd75c57bdffc8be1641d5f05cfcbf6edb7f	0	0	14	5	2	RECORDED_NAME_QUERIES_TRAVERSED_NOT_PRIMARY_REVIEW	False	0	0	0	0			0	0	0			0		OPEN
CHEBI:22689	bafilomycin A1	data/antibiotics/antifungal/bafilomycin-a1.yaml	XDHNQDDQEHDUTM-JQWOJBOSSA-N	ANTIFUNGAL	ad6d948e4dc15e65af08f0d99154e02becbaabe12811cc0a03bd5aae0fcc0cd7	0	0	2	2	0	RECORDED_NAME_QUERIES_TRAVERSED_NOT_PRIMARY_REVIEW	False	0	0	0	0			0	0	0			0		OPEN
CHEBI:228133	1,2-dodecanediol	data/antibiotics/antibacterial/1-2-dodecanediol.yaml	ZITKDVFRMRXIJQ-UHFFFAOYSA-N	ANTIBACTERIAL	4a47700e02a8a07babaea315e314d8aaa62d41b9dd1df2ab5df808dae9157f97	0	0	6	3	0	RECORDED_NAME_QUERIES_TRAVERSED_NOT_PRIMARY_REVIEW	False	0	0	0	0			0	0	0			0		OPEN
CHEBI:228225	isoflucypram	data/antibiotics/antifungal/isoflucypram.yaml	JEFUQUGZXLEHLD-UHFFFAOYSA-N	ANTIFUNGAL	43f6f1ffc69bef7ad411632f01257a8d293297e08bae60e4008fe35a7b971d93	0	0	8	3	0	RECORDED_NAME_QUERIES_TRAVERSED_NOT_PRIMARY_REVIEW	False	0	0	0	0			0	0	0			0		OPEN
CHEBI:228234	(+)-trans-fustin	data/antibiotics/antiviral/trans-fustin.yaml	FNUPUYFWZXZMIE-LSDHHAIUSA-N	ANTIVIRAL	a31c32116270daa744e6377c8a6514bab097b9fd2dbd0573d71db36ea905b920	0	0	11	4	0	RECORDED_NAME_QUERIES_TRAVERSED_NOT_PRIMARY_REVIEW	False	0	0	0	0			0	0	0			0		OPEN
CHEBI:228235	(−)-trans-fustin	data/antibiotics/antiviral/trans-fustin-228235.yaml	FNUPUYFWZXZMIE-CABCVRRESA-N	ANTIVIRAL	4731ab7708d10b21a7e4e22c41c2f6e777e36127dfdd3428ab73fa05d4afbe67	0	0	7	3	0	RECORDED_NAME_QUERIES_TRAVERSED_NOT_PRIMARY_REVIEW	False	0	0	0	0			0	0	0			0		OPEN
CHEBI:228238	chloroinconazide	data/antibiotics/antifungal/chloroinconazide.yaml	KMNVHTXBKWKMBA-KMRULJOSSA-N	ANTIFUNGAL	621fc0639b7694aa9eb892a4202ddae7d568958d48ee68057f1618bb73b1446a	0	0	5	2	0	RECORDED_NAME_QUERIES_TRAVERSED_NOT_PRIMARY_REVIEW	False	0	0	0	0			0	0	0			0		OPEN
CHEBI:228289	pachyaximine A	data/antibiotics/antibacterial/pachyaximine-a.yaml	ZTNBSFMIFOLVCM-MCTVSQGJSA-N	ANTIBACTERIAL	4bd4de92b971cbae0d3450f34ba2af3d3a0588ff6d6f0851540c3b531ee878f0	0	0	5	2	0	RECORDED_NAME_QUERIES_TRAVERSED_NOT_PRIMARY_REVIEW	False	0	0	0	0			0	0	0			0		OPEN
CHEBI:228296	5α-cholesta-24-en-3β,20β-diol-23-one	data/antibiotics/antibacterial/5α-cholesta-24-en-3β-20β-diol-23-one.yaml	JLSGWGFUNKKVBT-FMDNSJKISA-N	ANTIBACTERIAL	929bc029ffafacb40df6536a3b86a1a979da914e2c299ada905b8271c335c778	0	0	2	2	0	RECORDED_NAME_QUERIES_TRAVERSED_NOT_PRIMARY_REVIEW	False	0	0	0	0			0	0	0			0		OPEN
CHEBI:228298	5α-cholesta-9(11)-en-3β, 20β-diol	data/antibiotics/antibacterial/5α-cholesta-9-11-en-3β-20β-diol.yaml	DUSFFQDZSBTFKK-RSGHYBKVSA-N	ANTIBACTERIAL	34c5072f6bea56aa3995101f764274d78a7684be643290e1c7449e6f842c9946	0	0	2	2	0	RECORDED_NAME_QUERIES_TRAVERSED_NOT_PRIMARY_REVIEW	False	0	0	0	0			0	0	0			0		OPEN
CHEBI:228372	(9ξ,14ξ,25S)-cholestane-3β,4β,6β,7α,8,15α,16β,26-octol	data/antibiotics/antifungal/9ξ-14ξ-25s-cholestane-3β-4β-6β-7α-8-15α-16β-26-octol.yaml	VYOXQPQXOVKJIA-NMTBNCKFSA-N	ANTIFUNGAL	374c64c3ad8cb6d4dadf5063eb62468c81a41d08f4e52759ac653026649031f1	0	0	1	1	0	RECORDED_NAME_QUERIES_TRAVERSED_NOT_PRIMARY_REVIEW	False	0	0	0	0			0	0	0			0		OPEN
CHEBI:22899	bisdechlorogeodin	data/antibiotics/unspecified/bisdechlorogeodin-22899.yaml	JCMPRFCVZKOFIT-UHFFFAOYSA-N	ANTIMICROBIAL_UNSPECIFIED	9abbf1421769b8d3d6ad6acf36430eca24a5351e62aeee510c1da8aefa7ea4b5	0	0	4	2	0	RECORDED_NAME_QUERIES_TRAVERSED_NOT_PRIMARY_REVIEW	False	0	0	0	0			0	0	0			0		OPEN
CHEBI:229223	daprodustat	data/antibiotics/antiviral/daprodustat.yaml	RUEYEZADQJCKGV-UHFFFAOYSA-N	ANTIVIRAL	24efd71db61f7ada42a3618c84cbad8cc3a4349011e9615648d8d446fc3074aa	0	0	8	3	0	RECORDED_NAME_QUERIES_TRAVERSED_NOT_PRIMARY_REVIEW	False	0	0	0	0			0	0	0			0		OPEN
CHEBI:229230	etrasimod	data/antibiotics/antibacterial/etrasimod.yaml	MVGWUTBTXDYMND-QGZVFWFLSA-N	ANTIBACTERIAL	2c394efc5c9ad1a6e3320ff90b8742f55c879674d1d2505a191e7f5a48dd8156	0	0	8	3	0	RECORDED_NAME_QUERIES_TRAVERSED_NOT_PRIMARY_REVIEW	False	0	0	0	0			0	0	0			0		OPEN
CHEBI:229539	durlobactam	data/antibiotics/antibacterial/durlobactam.yaml	BISPBXFUKNXOQY-RITPCOANSA-N	ANTIBACTERIAL	dcd5ef398e58414b555a074edb1f3290718ac41591932e5ce542b8ead7e4840f	0	0	6	3	0	RECORDED_NAME_QUERIES_TRAVERSED_NOT_PRIMARY_REVIEW	False	0	0	0	0			0	0	0			0		OPEN
CHEBI:229544	durlobactam sodium	data/antibiotics/antibacterial/durlobactam-sodium.yaml	WHHNOICWPZIYKI-IBTYICNHSA-M	ANTIBACTERIAL	a643866d328a48cc5143501faf5d4888e79b0198c06059666ce9fa64c6d509a1	0	0	3	2	0	RECORDED_NAME_QUERIES_TRAVERSED_NOT_PRIMARY_REVIEW	False	0	0	0	0			0	0	0			0		OPEN
CHEBI:229635	N-lauryldiethanolamine	data/antibiotics/antibacterial/n-lauryldiethanolamine.yaml	NKFNBVMJTSYZDV-UHFFFAOYSA-N	ANTIBACTERIAL	cbec3cd0a7cbbe284a5e229688570938accc6ae99797365117bd23ce19994a77	0	0	23	7	0	RECORDED_NAME_QUERIES_TRAVERSED_NOT_PRIMARY_REVIEW	False	0	0	0	0			0	0	0			0		OPEN
CHEBI:229666	geranylgeranyl acetate	data/antibiotics/antibacterial/geranylgeranyl-acetate.yaml	NHYSRKKHKHCRGR-RFRQLJORSA-N	ANTIBACTERIAL	90cfd177544fdbc38cca87a9bec8e6e3e5d20568e472df2eec95f59daff4b185	0	0	5	2	0	RECORDED_NAME_QUERIES_TRAVERSED_NOT_PRIMARY_REVIEW	False	0	0	0	0			0	0	0			0		OPEN
CHEBI:229680	rezafungin	data/antibiotics/antifungal/rezafungin.yaml	LNFCWEXGZIEGJW-TXSVMFMRSA-O	ANTIFUNGAL	003e8bd8d524a7d938f0d2f4c24d22107067896c33ecf5a58a654b00a5f8e1cb	0	0	9	3	0	RECORDED_NAME_QUERIES_TRAVERSED_NOT_PRIMARY_REVIEW	False	0	0	0	0			0	0	0			0		OPEN
CHEBI:229720	solasodine 3-β-D-glucoside	data/antibiotics/antifungal/solasodine-3-β-d-glucoside.yaml	XMLLJGHZPHTUKK-GAMIEDRGSA-N	ANTIFUNGAL	2ae457a59d04ffd0917c6b3c13abc229a07df0059c7d61b97a9b44ef3f0bfd6d	0	0	7	3	0	RECORDED_NAME_QUERIES_TRAVERSED_NOT_PRIMARY_REVIEW	False	0	0	0	0			0	0	0			0		OPEN
CHEBI:229724	herquline A	data/antibiotics/antiviral/herquline-a.yaml	UFKNDVKQCSBIQE-OCANJJRCSA-N	ANTIVIRAL	f061f0738875891c45564e9dc342040ca3f1f3abae9e23117e450a840d778e9d	0	0	3	2	0	RECORDED_NAME_QUERIES_TRAVERSED_NOT_PRIMARY_REVIEW	False	0	0	0	0			0	0	0			0		OPEN
CHEBI:229753	fenopyramid	data/antibiotics/antifungal/fenopyramid.yaml	NYJBDYAABVMJOF-UHFFFAOYSA-N	ANTIFUNGAL	eb94fb30e7f89813f723955ee5d2410d40cf9354ffb77bd8030f36ace5ed138e	0	0	4	2	0	RECORDED_NAME_QUERIES_TRAVERSED_NOT_PRIMARY_REVIEW	False	0	0	0	0			0	0	0			0		OPEN
CHEBI:229760	flupyroxystrobin	data/antibiotics/antifungal/flupyroxystrobin.yaml	SEEIKOSFZLBRHO-JLHYYAGUSA-N	ANTIFUNGAL	89628ad40f722f20517c2d37a5c29bff2b7d36ee374a44fed31f9ecb25c37c8c	0	0	7	3	0	RECORDED_NAME_QUERIES_TRAVERSED_NOT_PRIMARY_REVIEW	False	0	0	0	0			0	0	0			0		OPEN
CHEBI:230243	verrucarin A	data/antibiotics/unspecified/verrucarin-a.yaml	NLUGUZJQJYVUHS-IDXDZYHTSA-N	ANTIMICROBIAL_UNSPECIFIED	0dd4eaa28ef85d9ce3042f3520fc60597159482420b0298a04a939279cc6b202	0	0	4	2	0	RECORDED_NAME_QUERIES_TRAVERSED_NOT_PRIMARY_REVIEW	False	0	0	0	0			0	0	0			0		OPEN
CHEBI:230470	rezafungin acetate	data/antibiotics/antifungal/rezafungin-acetate.yaml	MXMWJAPNUIKPGF-YOFVRWEXSA-N	ANTIFUNGAL	50fc556c5e29e0ef7480b33899d6390c941ebcb5f98d1545c1a0396d63a4cc15	0	0	7	3	0	RECORDED_NAME_QUERIES_TRAVERSED_NOT_PRIMARY_REVIEW	False	0	0	0	0			0	0	0			0		OPEN
CHEBI:230532	SMIP004	data/antibiotics/antiviral/smip004.yaml	ZFVMECVBUGMWIX-UHFFFAOYSA-N	ANTIVIRAL	f2f4ff9a574fb3aeaa56b732ba2b1ec3e031d8089db7512fcfae972147eecc7e	0	0	4	2	0	RECORDED_NAME_QUERIES_TRAVERSED_NOT_PRIMARY_REVIEW	False	0	0	0	0			0	0	0			0		OPEN
CHEBI:23064	cephalosporanic acid	data/antibiotics/unspecified/cephalosporanic-acid.yaml	YGBFLZPYDUKSPT-MRVPVSSYSA-N	ANTIMICROBIAL_UNSPECIFIED	57497bb4c14954a67b8f903d9df29e2d6790bdf15be20d02678aab56efd88614	0	0	2	2	0	RECORDED_NAME_QUERIES_TRAVERSED_NOT_PRIMARY_REVIEW	False	0	0	0	0			0	0	0			0		OPEN
CHEBI:231501	potassium permanganate	data/antibiotics/biocide/potassium-permanganate.yaml	VZJVWSHVAAUDKD-UHFFFAOYSA-N	BIOCIDE	81b51b87889775117cdbf6b33a5a0ca4b96deb110a368ebb59247ddc30052558	0	0	9	3	0	RECORDED_NAME_QUERIES_TRAVERSED_NOT_PRIMARY_REVIEW	False	0	0	0	0			0	0	0			0		OPEN
CHEBI:231505	gallium nitrate	data/antibiotics/antibacterial/gallium-nitrate.yaml	CHPZKNULDCNCBW-UHFFFAOYSA-N	ANTIBACTERIAL	4528990af15711ad625a9d32469a19011d812ddb9a2d6bb0f8268664fd97102f	0	0	8	3	0	RECORDED_NAME_QUERIES_TRAVERSED_NOT_PRIMARY_REVIEW	False	0	0	0	0			0	0	0			0		OPEN
CHEBI:231676	SF2523	data/antibiotics/antiviral/sf2523.yaml	BYTKNUOMWLJVNQ-UHFFFAOYSA-N	ANTIVIRAL	ca5e3f1222f9840a43c27575ce107614c4b076cd4dcb6667e8bb4809fb9ea2a0	0	0	6	3	0	RECORDED_NAME_QUERIES_TRAVERSED_NOT_PRIMARY_REVIEW	False	0	0	0	0			0	0	0			0		OPEN
CHEBI:231728	stibavirin	data/antibiotics/antiviral/stibavirin.yaml	ZTQRMGDLUGQTTF-MNPOOLNOSA-L	ANTIVIRAL	9ebaeac811b0c27d1b1c724fdd4cb1e731baadf859daf64f514426699f654de7	0	0	7	3	0	RECORDED_NAME_QUERIES_TRAVERSED_NOT_PRIMARY_REVIEW	False	0	0	0	0			0	0	0			0		OPEN
CHEBI:231816	CT3	data/antibiotics/antiprotozoal/ct3.yaml	JDTWUDDOSHJEIZ-UHFFFAOYSA-N	ANTIPROTOZOAL	aed2b9661376188e3c447762acb09337c5247410cddfd61ed96a17f0105300ec	0	0	9	3	0	RECORDED_NAME_QUERIES_TRAVERSED_NOT_PRIMARY_REVIEW	False	0	0	0	0			0	0	0			0		OPEN
CHEBI:231919	fluopsin	data/antibiotics/antibacterial/fluopsin.yaml	LSLVHNSGLHQBDX-UHFFFAOYSA-N	ANTIBACTERIAL	81f2f4c7802d3ff3031b513690cbdb0f285380b716a21631469b504c9bd02b9c	0	0	6	3	0	RECORDED_NAME_QUERIES_TRAVERSED_NOT_PRIMARY_REVIEW	False	0	0	0	0			0	0	0			0		OPEN
CHEBI:231921	fluquinometoate	data/antibiotics/antibacterial/fluquinometoate.yaml	JXNYQAJFIFYARB-UHFFFAOYSA-N	ANTIBACTERIAL	83c27747569cc4ff67d12e9ebdb2ee4e0d80a82c75af5914f0f376cf020f16ad	0	0	7	3	0	RECORDED_NAME_QUERIES_TRAVERSED_NOT_PRIMARY_REVIEW	False	0	0	0	0			0	0	0			0		OPEN
CHEBI:231944	bifemetstrobin	data/antibiotics/antifungal/bifemetstrobin.yaml	IWSICNFCWDNIOY-ATVHPVEESA-N	ANTIFUNGAL	23543a0860546da260d711f5d90f43d86a29257c7c59671ecf61216905722927	0	0	10	4	0	RECORDED_NAME_QUERIES_TRAVERSED_NOT_PRIMARY_REVIEW	False	0	0	0	0			0	0	0			0		OPEN
CHEBI:232062	exophillic acid	data/antibiotics/antiviral/exophillic-acid.yaml	GBXMNTLQBMLGFM-IHQQTPIISA-N	ANTIVIRAL	455caceba43b1a5381f140ec8ac729f1cafddfc9d0bb4856b822aec3f3775cc2	0	0	3	2	0	RECORDED_NAME_QUERIES_TRAVERSED_NOT_PRIMARY_REVIEW	False	0	0	0	0			0	0	0			0		OPEN
CHEBI:233498	3,4,5-tricaffeoylquinic acid	data/antibiotics/antiviral/3-4-5-tricaffeoylquinic-acid.yaml	OAFXTKGAKYAFSI-UPHZGLEOSA-N	ANTIVIRAL	0342fc6574041aeb2663a3fc727912986af1f93770934720ac89a7a0bcce16f2	0	0	5	2	0	RECORDED_NAME_QUERIES_TRAVERSED_NOT_PRIMARY_REVIEW	False	0	0	0	0			0	0	0			0		OPEN
CHEBI:233499	3,4,5-tri-(E)-caffeoylquinic acid	data/antibiotics/antiviral/3-4-5-tri-e-caffeoylquinic-acid.yaml	OAFXTKGAKYAFSI-YOWOTECTSA-N	ANTIVIRAL	893e723f3473f0c9101475d4db1694c0faf39fbc54c89c1193c4079a961aae82	0	0	5	2	0	RECORDED_NAME_QUERIES_TRAVERSED_NOT_PRIMARY_REVIEW	False	0	0	0	0			0	0	0			0		OPEN
CHEBI:233566	NCX-4040	data/antibiotics/antifungal/ncx-4040.yaml	CTHNKWFUDCMLIQ-UHFFFAOYSA-N	ANTIFUNGAL	f935f60c0c38528c6dc4dfd3bdb796d042cf1aa8cf9f102495094a2d1f776cb2	0	0	7	3	1	RECORDED_NAME_QUERIES_TRAVERSED_NOT_PRIMARY_REVIEW	False	0	0	0	0			0	0	0			0		OPEN
CHEBI:233600	quinaminoprole	data/antibiotics/antifungal/quinaminoprole.yaml	XZMCIUKVFDRUPM-UHFFFAOYSA-N	ANTIFUNGAL	3ca0bfcd97815cde495d5c22e120771174ed4b6d75230a7a5215d4e1a0d4d2df	0	0	3	2	0	RECORDED_NAME_QUERIES_TRAVERSED_NOT_PRIMARY_REVIEW	False	0	0	0	0			0	0	0			0		OPEN
CHEBI:233620	α-punicalagin	data/antibiotics/antibacterial/α-punicalagin.yaml	ZJVUMAFASBFUBG-OGJBWQGYSA-N	ANTIBACTERIAL	63fa90a7612f4c601e72118f7a02a6ee6edcd30a767d06780214bfd7d087a617	0	0	3	2	0	RECORDED_NAME_QUERIES_TRAVERSED_NOT_PRIMARY_REVIEW	False	0	0	0	0			0	0	0			0		OPEN
CHEBI:233621	β-punicalagin	data/antibiotics/antibacterial/β-punicalagin.yaml	ZJVUMAFASBFUBG-RILGRMFESA-N	ANTIBACTERIAL	c0e9841ec8a6503ce9541bb68a63c73f1fe43caa320bc7ae577b56da9f6d900b	0	0	3	2	0	RECORDED_NAME_QUERIES_TRAVERSED_NOT_PRIMARY_REVIEW	False	0	0	0	0			0	0	0			0		OPEN
CHEBI:233659	erianin	data/antibiotics/antibacterial/erianin.yaml	UXDFUVFNIAJEGM-UHFFFAOYSA-N	ANTIBACTERIAL	c16a0e85a727c411120b017f6d05337199208d6330e34efbf2f132b1e3d25560	0	0	6	3	0	RECORDED_NAME_QUERIES_TRAVERSED_NOT_PRIMARY_REVIEW	False	0	0	0	0			0	0	0			0		OPEN
CHEBI:233987	aminotipyr	data/antibiotics/antifungal/aminotipyr.yaml	FAYVBMMWMRQVMB-UHFFFAOYSA-N	ANTIFUNGAL	066a58e03b6b8f6356c45dc0a762c9d7a7dbee850d837fabcf5d38d835fb60b8	0	0	6	3	0	RECORDED_NAME_QUERIES_TRAVERSED_NOT_PRIMARY_REVIEW	False	0	0	0	0			0	0	0			0		OPEN
CHEBI:234123	sodium nifurstyrenate	data/antibiotics/antibacterial/sodium-nifurstyrenate.yaml	FGNXRHWAZABZSZ-UHFFFAOYSA-M	ANTIBACTERIAL	5c319dd301681fc0575af7dbfafb0ea2ecff7341191b81f3fc877c18d1543c97	0	0	7	3	0	RECORDED_NAME_QUERIES_TRAVERSED_NOT_PRIMARY_REVIEW	False	0	0	0	0			0	0	0			0		OPEN
CHEBI:234142	sodium (Z)-nifurstyrenate	data/antibiotics/antibacterial/sodium-z-nifurstyrenate.yaml	FGNXRHWAZABZSZ-AQPBACSKSA-M	ANTIBACTERIAL	61223acaa2ad8767990404fdc323e828dc692dcd7a36036c90e4dc82f27d0390	0	0	5	2	0	RECORDED_NAME_QUERIES_TRAVERSED_NOT_PRIMARY_REVIEW	False	0	0	0	0			0	0	0			0		OPEN
CHEBI:234143	sodium (E)-nifurstyrenate	data/antibiotics/antibacterial/sodium-e-nifurstyrenate.yaml	FGNXRHWAZABZSZ-ZIKNSQGESA-M	ANTIBACTERIAL	08fb2384106266bbf711f428588b12c8a1af20fab91e7e371e1ec8730eb1b1cc	0	0	6	3	0	RECORDED_NAME_QUERIES_TRAVERSED_NOT_PRIMARY_REVIEW	False	0	0	0	0			0	0	0			0		OPEN
CHEBI:234200	rafoxanide	data/antibiotics/antibacterial/rafoxanide.yaml	NEMNPWINWMHUMR-UHFFFAOYSA-N	ANTIBACTERIAL	032e03d358821e03d6c15e0656c9832fa07a9d199ef66739f67d264162667f24	0	0	13	4	0	RECORDED_NAME_QUERIES_TRAVERSED_NOT_PRIMARY_REVIEW	False	0	0	0	0			0	0	0			0		OPEN
CHEBI:234346	ombuoside	data/antibiotics/antibacterial/ombuoside.yaml	VVSFMIXQNYRGMG-BDAFLREQSA-N	ANTIBACTERIAL	6f479fbc0130f2ebde2e187e0e8d4c2a4bdaed25fee7f6aa96fc231ef5834121	0	0	4	2	0	RECORDED_NAME_QUERIES_TRAVERSED_NOT_PRIMARY_REVIEW	False	0	0	0	0			0	0	0			0		OPEN
CHEBI:234430	gardiquimod	data/antibiotics/antiviral/gardiquimod.yaml	FHJATBIERQTCTN-UHFFFAOYSA-N	ANTIVIRAL	008e08f427bc58c5c627f1490ff3b16115f783a308aebd29e8265c0e42ac48c0	0	0	4	2	0	RECORDED_NAME_QUERIES_TRAVERSED_NOT_PRIMARY_REVIEW	False	0	0	0	0			0	0	0			0		OPEN
CHEBI:234469	cannabinolic acid	data/antibiotics/antibacterial/cannabinolic-acid.yaml	KXKOBIRSQLNUPS-UHFFFAOYSA-N	ANTIBACTERIAL	0b0849ad37c04033aec196736c70a749465e4ab11a15ae0cfe3abd32547e0719	0	0	4	2	0	RECORDED_NAME_QUERIES_TRAVERSED_NOT_PRIMARY_REVIEW	False	0	0	0	0			0	0	0			0		OPEN
CHEBI:234507	2-chloroacetamide	data/antibiotics/antifungal/2-chloroacetamide.yaml	VXIVSQZSERGHQP-UHFFFAOYSA-N	ANTIFUNGAL	0ae34cda6f25ca90e20b96efb8764bee14eb8e464d49a36d13946d75f6ea7160	0	0	8	3	0	RECORDED_NAME_QUERIES_TRAVERSED_NOT_PRIMARY_REVIEW	False	0	0	0	0			0	0	0			0		OPEN
CHEBI:239133	salicylanilide	data/antibiotics/antifungal/salicylanilide.yaml	WKEDVNSFRWHDNR-UHFFFAOYSA-N	ANTIFUNGAL	2a3fdc9faa9390b932d3586326d91f7d08b8d6ab9cf21412534dc2d052d516ff	0	0	9	3	0	RECORDED_NAME_QUERIES_TRAVERSED_NOT_PRIMARY_REVIEW	False	0	0	0	0			0	0	0			0		OPEN
CHEBI:2413	acetylblasticidin S	data/antibiotics/unspecified/acetylblasticidin-s.yaml	KKMQGSAQSNGBOY-RKLWJJNISA-N	ANTIMICROBIAL_UNSPECIFIED	1cb6e9625ddb7fc3df8d9204083de20c95f27d8c2af9c845422034accbfa81b9	0	0	3	2	0	RECORDED_NAME_QUERIES_TRAVERSED_NOT_PRIMARY_REVIEW	False	0	0	0	0			0	0	0			0		OPEN
CHEBI:24229	geranylgeraniol	data/antibiotics/antiprotozoal/geranylgeraniol.yaml	OJISWRZIEWCUBN-UHFFFAOYSA-N	ANTIPROTOZOAL	716fe3b65d62c7cdc33ec58bf51e16ae2d010c96cccf0f118bba8eca3361a71f	0	0	2	2	0	RECORDED_NAME_QUERIES_TRAVERSED_NOT_PRIMARY_REVIEW	False	0	0	0	0			0	0	0			0		OPEN
CHEBI:2444	actinodaphnine	data/antibiotics/antibacterial/actinodaphnine.yaml	VYJUHRAQPIBWNV-LBPRGKRZSA-N	ANTIBACTERIAL	1ed5a9ad1ead2272b68fcd33d164ba74d02671b3af8e2f3f18e447230172e940	0	0	6	3	0	RECORDED_NAME_QUERIES_TRAVERSED_NOT_PRIMARY_REVIEW	False	0	0	0	0			0	0	0			0		OPEN
CHEBI:244418	dehydrocostus lactone	data/antibiotics/antimycobacterial/dehydrocostus-lactone.yaml	NETSQGRTUNRXEO-XUXIUFHCSA-N	ANTIMYCOBACTERIAL	928435b28f551090a3ce91a7919ceb1f4d9a0c05e95e49da5320e533084be2dc	0	0	7	3	0	RECORDED_NAME_QUERIES_TRAVERSED_NOT_PRIMARY_REVIEW	False	0	0	0	0			0	0	0			0		OPEN
CHEBI:2448	actinorhodin	data/antibiotics/unspecified/actinorhodin.yaml	VTIKDEXOEJDMJP-WYUUTHIRSA-N	ANTIMICROBIAL_UNSPECIFIED	684c257841fb430d9196423d8dca7a5be80b1732eeeecdcc1005bd6566cf3234	0	0	5	2	0	RECORDED_NAME_QUERIES_TRAVERSED_NOT_PRIMARY_REVIEW	False	0	0	0	0			0	0	0			0		OPEN
CHEBI:2450	aculeacin A	data/antibiotics/antifungal/aculeacin-a.yaml	FBCLKBXYZRAXNA-PDIPHZEPSA-N	ANTIFUNGAL	35137dae602556e4c165ffac59ed56d887ad9f5024d2b9d4c52cfa5855930b6d	0	0	3	2	0	RECORDED_NAME_QUERIES_TRAVERSED_NOT_PRIMARY_REVIEW	False	0	0	0	0			0	0	0			0		OPEN
CHEBI:2453	acyclovir	data/antibiotics/antiviral/acyclovir.yaml	MKUXAQIIEYXACX-UHFFFAOYSA-N	ANTIVIRAL	f5adda3f449a35e159fbc78197a2931e8c6d2f8e6a3922e153164ff07bc9ded0	0	0	6	3	1	RECORDED_NAME_QUERIES_TRAVERSED_NOT_PRIMARY_REVIEW	False	0	0	0	0			0	0	0			0		OPEN
CHEBI:2469	adefovir	data/antibiotics/antiviral/adefovir.yaml	SUPKOOSCJHTBAH-UHFFFAOYSA-N	ANTIVIRAL	b2c29b8ab6d10af9bc75bc4b2d16ad2a609ec6b2bcabd05acae6d010c3713844	0	0	12	4	2	RECORDED_NAME_QUERIES_TRAVERSED_NOT_PRIMARY_REVIEW	False	0	0	0	0			0	0	0			0		OPEN
CHEBI:24750	5'-hydroxystreptomycin	data/antibiotics/unspecified/5-hydroxystreptomycin.yaml	OFNXOACBUMGOPC-HZYVHMACSA-N	ANTIMICROBIAL_UNSPECIFIED	d6153e80bf51438a8e17d93230ef6cefb15b51f5bb56635fbcaafd8cadc576d7	0	0	5	2	0	RECORDED_NAME_QUERIES_TRAVERSED_NOT_PRIMARY_REVIEW	False	0	0	0	0			0	0	0			0		OPEN
CHEBI:2512	agathisflavone	data/antibiotics/antiviral/agathisflavone.yaml	BACLASYRJRZXMY-UHFFFAOYSA-N	ANTIVIRAL	5c80b5e9c145e24d3a9e190ab324e7898657a78ab8d3c12127ce3b6efdc9dbcf	0	0	5	2	0	RECORDED_NAME_QUERIES_TRAVERSED_NOT_PRIMARY_REVIEW	False	0	0	0	0			0	0	0			0		OPEN
CHEBI:25461	myxothiazole	data/antibiotics/antifungal/myxothiazole.yaml	XKTFQMCPGMTBMD-FYHMSGCOSA-N	ANTIFUNGAL	f9ffb40945e309de8be4309b397e990f40c0934959be31baed9d0fb9c3d9b951	0	0	1	1	0	RECORDED_NAME_QUERIES_TRAVERSED_NOT_PRIMARY_REVIEW	False	0	0	0	0			0	0	0			0		OPEN
CHEBI:25812	ozone	data/antibiotics/biocide/ozone.yaml	CBENFWSGALASAD-UHFFFAOYSA-N	BIOCIDE	bb67e4a9509f0a66568e403f140efeba1cc603b1dc522e2d6158a4752343b6ea	0	0	8	3	2	RECORDED_NAME_QUERIES_TRAVERSED_NOT_PRIMARY_REVIEW	False	0	0	0	0			0	0	0			0		OPEN
CHEBI:2596	alliin	data/antibiotics/unspecified/alliin.yaml	XUHLIQGRKRUKPH-DYEAUMGKSA-N	ANTIMICROBIAL_UNSPECIFIED	3a6ed4c03ebdf8934236bb335efa7d94571b6b590405261738f49a9f4d99d6b5	0	0	9	3	0	RECORDED_NAME_QUERIES_TRAVERSED_NOT_PRIMARY_REVIEW	False	0	0	0	0			0	0	0			0		OPEN
CHEBI:2618	amantadine	data/antibiotics/antiviral/amantadine.yaml	DKNWSYNQZKUICI-UHFFFAOYSA-N	ANTIVIRAL	acee0479ca5650ecccb31daa2b15daee125e98600872209e15eeee9822a0e648	0	0	15	5	2	RECORDED_NAME_QUERIES_TRAVERSED_NOT_PRIMARY_REVIEW	False	0	0	0	0			0	0	0			0		OPEN
CHEBI:2619	amantadine hydrochloride	data/antibiotics/antiviral/amantadine-hydrochloride.yaml	WOLHOYHSEKDWQH-UHFFFAOYSA-N	ANTIVIRAL	3c0723a06d3aff183140a0da4a9213542f2b045b4758546792bcd33ec9ae86fa	0	0	9	3	0	RECORDED_NAME_QUERIES_TRAVERSED_NOT_PRIMARY_REVIEW	False	0	0	0	0			0	0	0			0		OPEN
CHEBI:2631	amentoflavone	data/antibiotics/antiviral/amentoflavone.yaml	YUSWMAULDXZHPY-UHFFFAOYSA-N	ANTIVIRAL	e5357782d0133fd1114eab980c76c9316731fdccba7bfeefa53e5b2c9fbf0ccd	0	0	5	2	0	RECORDED_NAME_QUERIES_TRAVERSED_NOT_PRIMARY_REVIEW	False	0	0	0	0			0	0	0			0		OPEN
CHEBI:2637	amikacin	data/antibiotics/antibacterial/amikacin.yaml	LKCWBDHBTVXHDL-RMDFUYIESA-N	ANTIBACTERIAL	8391a6c8efb2240012e1800d45ca715f729218336c3f5c976c5e8747ee3be930	102	0	18	6	3	RECORDED_NAME_QUERIES_TRAVERSED_NOT_PRIMARY_REVIEW	False	102	102	75	27	UniProtKB:A0A076UB44|UniProtKB:A0A0H3YDB2|UniProtKB:A0A0M5JP06|UniProtKB:A0A2L1KH00|UniProtKB:A0A2P5GGN0|UniProtKB:A0A3N5CCY8|UniProtKB:A0A3S7QGV0|UniProtKB:A0A3V6HH17|UniProtKB:A0A427DJH8|UniProtKB:A0A5J6WZQ0|UniProtKB:A0A5K7YC16|UniProtKB:A0A6F8Z5F1|UniProtKB:A0A6N7WRB0|UniProtKB:A0A7W2KDZ3|UniProtKB:A0A9X8P319|UniProtKB:A0AA44XLZ4|UniProtKB:A0AAD2XZN8|UniProtKB:A0AAE4EBF5|UniProtKB:A0AAN3YXU6|UniProtKB:A0AAP2NY38|UniProtKB:A0AAQ0JAX0|UniProtKB:A0AAW8RWI6|UniProtKB:A3F6P3|UniProtKB:A6N6U3|UniProtKB:A8C927|UniProtKB:B0F9V0|UniProtKB:B6D9B6|UniProtKB:C4TGI5|UniProtKB:E9N3R2|UniProtKB:K0IV17|UniProtKB:M4Q6L3|UniProtKB:N8ZRE3|UniProtKB:O52241|UniProtKB:O52242|UniProtKB:O52243|UniProtKB:O52244|UniProtKB:O52245|UniProtKB:O52247|UniProtKB:O68484|UniProtKB:P05058|UniProtKB:P09885|UniProtKB:P0A3Y5|UniProtKB:P10051|UniProtKB:P24177|UniProtKB:P94629|UniProtKB:Q04455|UniProtKB:Q15BH7|UniProtKB:Q33DX5|UniProtKB:Q43899|UniProtKB:Q44057|UniProtKB:Q44245|UniProtKB:Q47764|UniProtKB:Q51399|UniProtKB:Q54441|UniProtKB:Q70E71|UniProtKB:Q70E72|UniProtKB:Q75PS3|UniProtKB:Q75ZP9|UniProtKB:Q764C8|UniProtKB:Q76G15|UniProtKB:Q7ATH7|UniProtKB:Q7M0R2|UniProtKB:Q7WTV9|UniProtKB:Q83V96|UniProtKB:Q84DL7|UniProtKB:Q8GLI5|UniProtKB:Q8GRA1|UniProtKB:Q8RPU6|UniProtKB:Q8ZPB6|UniProtKB:Q9R381|UniProtKB:Q9R977|UniProtKB:Q9RBW7|UniProtKB:S3N4B0|UniProtKB:S6CFI8|UniProtKB:V5XKM9	NCBITaxon:1120926|NCBITaxon:1292|NCBITaxon:1351|NCBITaxon:1352|NCBITaxon:1354|NCBITaxon:1409|NCBITaxon:149539|NCBITaxon:158836|NCBITaxon:1817405|NCBITaxon:1879|NCBITaxon:1967|NCBITaxon:1971|NCBITaxon:2022662|NCBITaxon:2034769|NCBITaxon:218936|NCBITaxon:2652274|NCBITaxon:2666183|NCBITaxon:271420|NCBITaxon:280145|NCBITaxon:287|NCBITaxon:28901|NCBITaxon:29430|NCBITaxon:299766|NCBITaxon:33945|NCBITaxon:40324|NCBITaxon:421052|NCBITaxon:470|NCBITaxon:48296|NCBITaxon:53345|NCBITaxon:545|NCBITaxon:546|NCBITaxon:550|NCBITaxon:562|NCBITaxon:573|NCBITaxon:58095|NCBITaxon:582|NCBITaxon:584|NCBITaxon:587|NCBITaxon:593905|NCBITaxon:615|NCBITaxon:61645|NCBITaxon:70346|NCBITaxon:70347|NCBITaxon:70348|NCBITaxon:70349|NCBITaxon:70351|NCBITaxon:72607|NCBITaxon:79880|NCBITaxon:83333|NCBITaxon:90371|NCBITaxon:99287	0	0	0			0		OPEN
CHEBI:2638	amikacin disulfate	data/antibiotics/antibacterial/amikacin-disulfate.yaml	FXKSEJFHKVNEFI-GCZBSULCSA-N	ANTIBACTERIAL	3458a3d2048547fc106420cad4ff665913a2e3e3c7a96705b562a49904a4bd00	0	0	9	3	0	RECORDED_NAME_QUERIES_TRAVERSED_NOT_PRIMARY_REVIEW	False	0	0	0	0			0	0	0			0		OPEN
CHEBI:2674	amodiaquine	data/antibiotics/antiprotozoal/amodiaquine.yaml	OVCDSSHSILBFBN-UHFFFAOYSA-N	ANTIPROTOZOAL	a7d6f236a391f66a1b21847b625ca6962fbb9a8038e0a5e3b6ad306f9a1825f6	0	0	5	2	2	RECORDED_NAME_QUERIES_TRAVERSED_NOT_PRIMARY_REVIEW	False	0	0	0	0			0	0	0			0		OPEN
CHEBI:2676	amoxicillin	data/antibiotics/antibacterial/amoxicillin.yaml	LSQZJLSUYDQPKJ-NJBDSQKTSA-N	ANTIBACTERIAL	1b0c83e57bdf4638c6b39f98f2f498527d2608cd330df324c3367530d4ec5447	31	0	25	7	4	RECORDED_NAME_QUERIES_TRAVERSED_NOT_PRIMARY_REVIEW	False	31	31	17	14	UniProtKB:A0A0H3YDR5|UniProtKB:A0A5Q5ADH9|UniProtKB:A0A7I8E9L1|UniProtKB:A0A9Q2ZSM5|UniProtKB:A0SVI2|UniProtKB:B1MCI3|UniProtKB:E8LGK3|UniProtKB:P0A1V8|UniProtKB:P13661|UniProtKB:P62594|UniProtKB:P9WKD3|UniProtKB:Q20I87|UniProtKB:Q59517|UniProtKB:Q8GPN1|UniProtKB:Q8GPN2|UniProtKB:Q93PQ0|UniProtKB:W1F2T9	NCBITaxon:1432555|NCBITaxon:1766|NCBITaxon:1812934|NCBITaxon:256|NCBITaxon:29486|NCBITaxon:40324|NCBITaxon:550|NCBITaxon:561007|NCBITaxon:562|NCBITaxon:626939|NCBITaxon:663|NCBITaxon:67826|NCBITaxon:76832|NCBITaxon:83332|NCBITaxon:90370|NCBITaxon:90371	0	0	0			0		OPEN
CHEBI:2682	amphotericin B	data/antibiotics/antifungal/amphotericin-b.yaml	APKFDSVGJQXUKY-INPOYWNPSA-N	ANTIFUNGAL	fd29f27e983ef9fe87c109eed9968682e82bb13c42b230dc426ce228c4e12033	3	0	8	3	1	RECORDED_NAME_QUERIES_TRAVERSED_NOT_PRIMARY_REVIEW	False	3	3	0	3			0	0	0			0		OPEN
CHEBI:2696	anacardic acid	data/antibiotics/antibacterial/anacardic-acid.yaml	ADFWQBGTDJIESE-UHFFFAOYSA-N	ANTIBACTERIAL	12659a95f910b2a54403fc10be0c615be28bb2dba480e6b389784bc089edca73	0	0	11	4	0	RECORDED_NAME_QUERIES_TRAVERSED_NOT_PRIMARY_REVIEW	False	0	0	0	0			0	0	0			0		OPEN
CHEBI:27412	gentamycin C1	data/antibiotics/unspecified/gentamycin-c1.yaml	CEAZRRDELHUEMR-URQXQFDESA-N	ANTIMICROBIAL_UNSPECIFIED	47e0ca106aca5f65a0d31bd89bd9cc696ceb12a5ba0e6457f4110497d3ade1b2	0	0	4	2	0	RECORDED_NAME_QUERIES_TRAVERSED_NOT_PRIMARY_REVIEW	False	0	0	0	0			0	0	0			0		OPEN
CHEBI:27419	dehydrodeoxycoformycin	data/antibiotics/unspecified/dehydrodeoxycoformycin.yaml	PNAAOYLIDNSLKV-NBEYISGCSA-N	ANTIMICROBIAL_UNSPECIFIED	16f676290cde43d74eaf216db12625cf1bd75fa8af769b29d86565a3b7d29d91	0	0	3	2	0	RECORDED_NAME_QUERIES_TRAVERSED_NOT_PRIMARY_REVIEW	False	0	0	0	0			0	0	0			0		OPEN
CHEBI:27446	phenoxymethylpenicillin	data/antibiotics/antibacterial/phenoxymethylpenicillin.yaml	BPLBGHOLXOTWMN-MBNYWOFBSA-N	ANTIBACTERIAL	cfcbfb3e09de8df9cc27b3549117c8bfd401c2b177913c82fb06ff1414a392c1	0	0	20	6	1	RECORDED_NAME_QUERIES_TRAVERSED_NOT_PRIMARY_REVIEW	False	0	0	0	0			0	0	0			0		OPEN
CHEBI:27461	selenohomocystine	data/antibiotics/antibacterial/selenohomocystine.yaml	NBQXBIDZPLKFHR-UHFFFAOYSA-N	ANTIBACTERIAL	5d94e6454efc76171720d31ac4fa0d857176dbfde0f76eca1dd92d5840c84795	0	0	4	2	0	RECORDED_NAME_QUERIES_TRAVERSED_NOT_PRIMARY_REVIEW	False	0	0	0	0			0	0	0			0		OPEN
CHEBI:27494	sophoraisoflavanone A	data/antibiotics/unspecified/sophoraisoflavanone-a.yaml	AALISTBXLBQUEH-UHFFFAOYSA-N	ANTIMICROBIAL_UNSPECIFIED	4823f19814b97d3922a6e443640511f3e02b57b1d055c6f10e576ae9e5f75fec	0	0	4	2	0	RECORDED_NAME_QUERIES_TRAVERSED_NOT_PRIMARY_REVIEW	False	0	0	0	0			0	0	0			0		OPEN
CHEBI:27553	3'-deoxydihydrostreptomycin 3'α,6-bisphosphate	data/antibiotics/unspecified/3-deoxydihydrostreptomycin-3-α-6-bisphosphate.yaml	GAODGIPKEKRVEC-MLIDHZNVSA-N	ANTIMICROBIAL_UNSPECIFIED	22030a275523a9bca19a60a0c240d98b96c7f5e1f45ac8ec9b74aaee095e6f88	0	0	4	2	0	RECORDED_NAME_QUERIES_TRAVERSED_NOT_PRIMARY_REVIEW	False	0	0	0	0			0	0	0			0		OPEN
CHEBI:27565	4-aminosalicylic acid	data/antibiotics/antimycobacterial/4-aminosalicylic-acid.yaml	WUBBRNOQWQTFEX-UHFFFAOYSA-N	ANTIMYCOBACTERIAL	4de90695db67d3ead9f52080a1c468a0b7bec5bd1bdb03b5b863e02e2385142c	3	0	11	4	1	RECORDED_NAME_QUERIES_TRAVERSED_NOT_PRIMARY_REVIEW	False	3	3	0	3			0	0	0			0		OPEN
CHEBI:27599	3'-deoxydihydrostreptomycin 3''-phosphate	data/antibiotics/unspecified/3-deoxydihydrostreptomycin-3-phosphate.yaml	IVYIIYNMXYWZJH-SPEROGKNSA-N	ANTIMICROBIAL_UNSPECIFIED	e459b280fb2679eee2ee699ca70803c3f1e8d9aff70f6e58d2d72de1ca64780c	0	0	3	2	0	RECORDED_NAME_QUERIES_TRAVERSED_NOT_PRIMARY_REVIEW	False	0	0	0	0			0	0	0			0		OPEN
CHEBI:27617	monensin A	data/antibiotics/antifungal/monensin-a.yaml	GAOZTHIDHYLHMS-KEOBGNEYSA-N	ANTIFUNGAL	4c052326eb6b7c4a7d1909ed32a66bb6af362f86e21b4f20c3d76992f4c3390b	0	0	8	3	3	RECORDED_NAME_QUERIES_TRAVERSED_NOT_PRIMARY_REVIEW	False	0	0	0	0			0	0	0			0		OPEN
CHEBI:2762	antimycin A	data/antibiotics/antifungal/antimycin-a.yaml	UIFFUZWRFRDZJC-SBOOETFBSA-N	ANTIFUNGAL	0e0dc57c30c3a312ee24d19be2f057dc8d72abc439aa14f541ab2ef8f568e1bc	0	0	7	3	1	RECORDED_NAME_QUERIES_TRAVERSED_NOT_PRIMARY_REVIEW	False	0	0	0	0			0	0	0			0		OPEN
CHEBI:27641	cycloheximide	data/antibiotics/antifungal/cycloheximide.yaml	YPHMISFOHDHNIV-FSZOTQKASA-N	ANTIFUNGAL	fa31a9debef833431a13b4c5fec590cee8e21b7bc6819c34a09dc99add377524	3	0	11	4	2	RECORDED_NAME_QUERIES_TRAVERSED_NOT_PRIMARY_REVIEW	True	2	2	0	2			1	1	0	bissinger-kuchler-1994-sts1-name-collision		0		OPEN
CHEBI:27644	chlortetracycline	data/antibiotics/antibacterial/chlortetracycline.yaml	CYDMQBQPVICBEU-XRNKAMNCSA-N	ANTIBACTERIAL	a7c816be91942bd441b54611580cb972ea5d91ebdf566af54c7fea5ed23aa4a0	15	0	9	3	2	RECORDED_NAME_QUERIES_TRAVERSED_NOT_PRIMARY_REVIEW	False	15	15	14	1	UniProtKB:A0A142BVK9|UniProtKB:A0A833FHH9|UniProtKB:A0AA42JX62|UniProtKB:D8L9Y9|UniProtKB:F3ZU25|UniProtKB:O52836|UniProtKB:P10952|UniProtKB:Q06DK7|UniProtKB:Q08425|UniProtKB:Q1JJH2|UniProtKB:Q46306|UniProtKB:Q48791|UniProtKB:Q8VV75|UniProtKB:Q9RLW0	NCBITaxon:1314|NCBITaxon:1502|NCBITaxon:1502943|NCBITaxon:1639|NCBITaxon:1648|NCBITaxon:1805580|NCBITaxon:197|NCBITaxon:3037798|NCBITaxon:32019|NCBITaxon:370551|NCBITaxon:403776|NCBITaxon:679937|NCBITaxon:817|NCBITaxon:831	0	0	0			0		OPEN
CHEBI:2766	aphidicolin	data/antibiotics/antiviral/aphidicolin.yaml	NOFOAYPPHIUXJR-APNQCZIXSA-N	ANTIVIRAL	b76a3a9d60806b4714b8d403082e076cf026458516b916a1cdfb7b274d682d09	0	0	5	2	2	RECORDED_NAME_QUERIES_TRAVERSED_NOT_PRIMARY_REVIEW	False	0	0	0	0			0	0	0			0		OPEN
CHEBI:27666	actinomycin D	data/antibiotics/antibacterial/actinomycin-d.yaml	RJURFGZVJUQBHK-IIXSONLDSA-N	ANTIBACTERIAL	977305fb760acc98fb3ab6a74e7b57d12e50ee936bd974800f642f688034951d	0	0	9	3	2	RECORDED_NAME_QUERIES_TRAVERSED_NOT_PRIMARY_REVIEW	False	0	0	0	0			0	0	0			0		OPEN
CHEBI:27701	oxytetracycline	data/antibiotics/antibacterial/oxytetracycline.yaml	IWVCMVBTMGNXQD-PXOLEDIWSA-N	ANTIBACTERIAL	943d63675e52158de56edf01a17e489bdce7f7b12eaec8f6fe051551f0227e6b	29	0	10	4	1	RECORDED_NAME_QUERIES_TRAVERSED_NOT_PRIMARY_REVIEW	False	29	29	20	9	UniProtKB:A0A059WYP6|UniProtKB:A0A0H4TXY1|UniProtKB:A0A7X0TV67|UniProtKB:A0A833FHH9|UniProtKB:A0AA42JX62|UniProtKB:D3HKY4|UniProtKB:D8L9Y9|UniProtKB:F3ZU25|UniProtKB:O52836|UniProtKB:P10952|UniProtKB:Q06DK7|UniProtKB:Q08425|UniProtKB:Q1JJH2|UniProtKB:Q46306|UniProtKB:Q48791|UniProtKB:Q55002|UniProtKB:Q8VV75|UniProtKB:Q93L50|UniProtKB:Q9RLW0|UniProtKB:Q9Z4Q1	NCBITaxon:1230533|NCBITaxon:1314|NCBITaxon:1502|NCBITaxon:1502943|NCBITaxon:1639|NCBITaxon:1648|NCBITaxon:1927|NCBITaxon:197|NCBITaxon:2725|NCBITaxon:3037798|NCBITaxon:32019|NCBITaxon:370551|NCBITaxon:403776|NCBITaxon:43770|NCBITaxon:661367|NCBITaxon:679937|NCBITaxon:817|NCBITaxon:818|NCBITaxon:831	0	0	0			0		OPEN
CHEBI:27744	glyphosate	data/antibiotics/antifungal/glyphosate.yaml	XDDAORKBJWWYJS-UHFFFAOYSA-N	ANTIFUNGAL	ab966546c687f1c0d249a120b680cf3949f9647ba96e45fd23306d7cfc5eded4	0	0	4	2	2	RECORDED_NAME_QUERIES_TRAVERSED_NOT_PRIMARY_REVIEW	False	0	0	0	0			0	0	0			0		OPEN
CHEBI:27774	lubimin	data/antibiotics/antifungal/lubimin.yaml	CEVNHRPKRNTGKO-ZSAUSMIDSA-N	ANTIFUNGAL	559f9a78329b1ce42e4c43f5cca30e2768e471cfc4abd224221bbb3ea648aa38	0	0	4	2	0	RECORDED_NAME_QUERIES_TRAVERSED_NOT_PRIMARY_REVIEW	False	0	0	0	0			0	0	0			0		OPEN
CHEBI:27779	griseofulvin	data/antibiotics/antibacterial/griseofulvin.yaml	DDUHZTYCFQRHIY-RBHXEPJQSA-N	ANTIBACTERIAL	6e273b696bc7d35bfd2ffd14f54d92de0dd7c9ad8ee8dd815272c89beaafbcf1	0	0	20	6	0	RECORDED_NAME_QUERIES_TRAVERSED_NOT_PRIMARY_REVIEW	False	0	0	0	0			0	0	0			0		OPEN
CHEBI:27784	gentamycin C1a	data/antibiotics/unspecified/gentamycin-c1a.yaml	VEGXETMJINRLTH-BOZYPMBZSA-N	ANTIMICROBIAL_UNSPECIFIED	3746bf2039380ae25be846afe60b3d3e41ee7846135f7e002b4005dd6de8859d	0	0	5	2	0	RECORDED_NAME_QUERIES_TRAVERSED_NOT_PRIMARY_REVIEW	False	0	0	0	0			0	0	0			0		OPEN
CHEBI:277842	amphotericin B methyl ester	data/antibiotics/antifungal/amphotericin-b-methyl-ester.yaml	UAZIZEMIKKIBCA-TYVGYKFWSA-N	ANTIFUNGAL	eeb679c72251245fb25766e2bbd7058fda39530c93c79b725bb5639242969078	0	0	5	2	1	RECORDED_NAME_QUERIES_TRAVERSED_NOT_PRIMARY_REVIEW	False	0	0	0	0			0	0	0			0		OPEN
CHEBI:27834	pentostatin	data/antibiotics/unspecified/pentostatin.yaml	FPVKHBSQESCIEP-JQCXWYLXSA-N	ANTIMICROBIAL_UNSPECIFIED	d71ddcad75396389638b66b2e63bb1c5812d839384a44c3b2bdc89b655f4e1c9	0	0	17	5	0	RECORDED_NAME_QUERIES_TRAVERSED_NOT_PRIMARY_REVIEW	False	0	0	0	0			0	0	0			0		OPEN
CHEBI:278547	sodium azide	data/antibiotics/antibacterial/sodium-azide.yaml	PXIPVTKHYLBLMZ-UHFFFAOYSA-N	ANTIBACTERIAL	f39ff136f7ab1f36218654fd5d11ff6d98831e1426eda100f7de565b601e783b	0	0	6	3	1	RECORDED_NAME_QUERIES_TRAVERSED_NOT_PRIMARY_REVIEW	False	0	0	0	0			0	0	0			0		OPEN
CHEBI:27860	castanospermine	data/antibiotics/antiviral/castanospermine.yaml	JDVVGAQPNNXQDW-TVNFTVLESA-N	ANTIVIRAL	3e02dbbcfa792e5c324987ac2ebd44a1d463350d210bde112333770eaadac511	0	0	8	3	0	RECORDED_NAME_QUERIES_TRAVERSED_NOT_PRIMARY_REVIEW	False	0	0	0	0			0	0	0			0		OPEN
CHEBI:27864	2,6-dichloro-4-nitroaniline	data/antibiotics/antifungal/2-6-dichloro-4-nitroaniline.yaml	BIXZHMJUSMUDOQ-UHFFFAOYSA-N	ANTIFUNGAL	a4133f16b777ebcacb3e17c07b72daa412f44ecb6f7fb645c45d219dd0aedad8	0	0	14	5	1	RECORDED_NAME_QUERIES_TRAVERSED_NOT_PRIMARY_REVIEW	False	0	0	0	0			0	0	0			0		OPEN
CHEBI:2790	apramycin	data/antibiotics/antibacterial/apramycin.yaml	XZNUGFQTQHRASN-XQENGBIVSA-N	ANTIBACTERIAL	9726a8ba05b9f2ed644bc1853000b6d1f09cb5501f38248527da73e7a84d287e	3	0	13	4	2	RECORDED_NAME_QUERIES_TRAVERSED_NOT_PRIMARY_REVIEW	False	3	3	2	1	UniProtKB:A0A1D0AST6|UniProtKB:P25920	NCBITaxon:1280|NCBITaxon:1933	0	0	0			0		OPEN
CHEBI:27902	tetracycline	data/antibiotics/antibacterial/tetracycline.yaml	OFVLGDICTFRJMM-WESIUVDSSA-N	ANTIBACTERIAL	68de808f0457c1c59f0c1decf4ad4b958d872b52b175e37795db0e85bccc8258	116	0	24	7	3	RECORDED_NAME_QUERIES_TRAVERSED_NOT_PRIMARY_REVIEW	False	116	116	56	60	UniProtKB:A0A059WYP6|UniProtKB:A0A0C5DGA3|UniProtKB:A0A0H4TXY1|UniProtKB:A0A140NDF5|UniProtKB:A0A142BVK9|UniProtKB:A0A264VM54|UniProtKB:A0A2I1IE31|UniProtKB:A0A367XSY6|UniProtKB:A0A7I8NPH7|UniProtKB:A0A7U7IEH4|UniProtKB:A0A833FHH9|UniProtKB:A0AA42JX62|UniProtKB:A0AAP9GSN8|UniProtKB:A0AAW8TIA5|UniProtKB:A0R2P5|UniProtKB:B2YGG2|UniProtKB:C8BQ01|UniProtKB:D3HKY4|UniProtKB:D5KLY1|UniProtKB:D6MM08|UniProtKB:D8L9Y9|UniProtKB:E6ZYG3|UniProtKB:F3ZU25|UniProtKB:H9ZIN1|UniProtKB:O25793|UniProtKB:O32859|UniProtKB:O52836|UniProtKB:O69070|UniProtKB:O88172|UniProtKB:P07561|UniProtKB:P10952|UniProtKB:P62967|UniProtKB:Q02652|UniProtKB:Q06DK7|UniProtKB:Q07282|UniProtKB:Q08425|UniProtKB:Q19KB9|UniProtKB:Q1JJH2|UniProtKB:Q46305|UniProtKB:Q46306|UniProtKB:Q48791|UniProtKB:Q52265|UniProtKB:Q53769|UniProtKB:Q5JAK9|UniProtKB:Q69BI5|UniProtKB:Q6R7P5|UniProtKB:Q6RZ33|UniProtKB:Q7CUB3|UniProtKB:Q84BS6|UniProtKB:Q84FH1|UniProtKB:Q8VPD9|UniProtKB:Q8VV75|UniProtKB:Q93L50|UniProtKB:Q9RLW0|UniProtKB:Q9Z4Q1|UniProtKB:Q9ZI83	NCBITaxon:1074919|NCBITaxon:1157951|NCBITaxon:1280|NCBITaxon:1314|NCBITaxon:1422|NCBITaxon:1502|NCBITaxon:1502943|NCBITaxon:1617397|NCBITaxon:1639|NCBITaxon:1648|NCBITaxon:1661|NCBITaxon:176280|NCBITaxon:176299|NCBITaxon:1766|NCBITaxon:1805580|NCBITaxon:1867410|NCBITaxon:1894|NCBITaxon:1916|NCBITaxon:1927|NCBITaxon:195|NCBITaxon:197|NCBITaxon:202956|NCBITaxon:203855|NCBITaxon:246196|NCBITaxon:2616|NCBITaxon:2725|NCBITaxon:3037798|NCBITaxon:32019|NCBITaxon:33959|NCBITaxon:370551|NCBITaxon:394098|NCBITaxon:403776|NCBITaxon:43770|NCBITaxon:479117|NCBITaxon:526920|NCBITaxon:562|NCBITaxon:584|NCBITaxon:587|NCBITaxon:615|NCBITaxon:654983|NCBITaxon:661367|NCBITaxon:679937|NCBITaxon:71452|NCBITaxon:750|NCBITaxon:77644|NCBITaxon:817|NCBITaxon:818|NCBITaxon:831|NCBITaxon:85962|NCBITaxon:907|NCBITaxon:999809	0	0	0			0		OPEN
CHEBI:27918	dihydrostreptomycin 3''-phosphate	data/antibiotics/unspecified/dihydrostreptomycin-3-phosphate.yaml	ISHZQVDNXXXTHD-GOUKQLAUSA-N	ANTIMICROBIAL_UNSPECIFIED	ac916022d453a60fa3656f421bf3ae6367f6d63b3f1021dd144676dee3dc49e3	0	0	3	2	0	RECORDED_NAME_QUERIES_TRAVERSED_NOT_PRIMARY_REVIEW	False	0	0	0	0			0	0	0			0		OPEN
CHEBI:27944	3'-deoxydihydrostreptomycin 3'',6-bisphosphate	data/antibiotics/unspecified/3-deoxydihydrostreptomycin-3-6-bisphosphate.yaml	PVNBAUCASRIGKP-AWMQQPGVSA-N	ANTIMICROBIAL_UNSPECIFIED	214a1a3bd1a22ae343eac043468545484936d55804baa80f1d53ca9cc5380e1a	0	0	3	2	0	RECORDED_NAME_QUERIES_TRAVERSED_NOT_PRIMARY_REVIEW	False	0	0	0	0			0	0	0			0		OPEN
CHEBI:27949	(E)-sinapaldehyde	data/antibiotics/antifungal/e-sinapaldehyde.yaml	CDICDSOGTRCHMG-ONEGZZNKSA-N	ANTIFUNGAL	6a0295b6285ed766d666cf411edd80e4815dcefd13f46639e992e7400aca33e3	0	0	8	3	0	RECORDED_NAME_QUERIES_TRAVERSED_NOT_PRIMARY_REVIEW	False	0	0	0	0			0	0	0			0		OPEN
CHEBI:27965	conessine	data/antibiotics/antibacterial/conessine.yaml	GPLGAQQQNWMVMM-MYAJQUOBSA-N	ANTIBACTERIAL	f922743e46cc0abcb00a70c7a7eef3d1003e2e9210092ccdcbfe5bc610c0c7b3	0	0	6	3	0	RECORDED_NAME_QUERIES_TRAVERSED_NOT_PRIMARY_REVIEW	False	0	0	0	0			0	0	0			0		OPEN
CHEBI:28	(R)-linalool	data/antibiotics/unspecified/r-linalool.yaml	CDOSHBSSFJOMGT-JTQLQIEISA-N	ANTIMICROBIAL_UNSPECIFIED	8954e5bb2bcbf18ae64ce77f6006ecb1643488c2af286039aaaf196148a96b37	0	0	8	3	0	RECORDED_NAME_QUERIES_TRAVERSED_NOT_PRIMARY_REVIEW	False	0	0	0	0			0	0	0			0		OPEN
CHEBI:28001	vancomycin	data/antibiotics/antibacterial/vancomycin.yaml	MYPYJXKWCTUITO-LYRMYLQWSA-N	ANTIBACTERIAL	6bd289af5f5e569870f56e66c3cde211aae4f15ee2802a87ee941cbfdef5d750	20	0	11	4	2	RECORDED_NAME_QUERIES_TRAVERSED_NOT_PRIMARY_REVIEW	False	20	20	1	19	UniProtKB:A0AAW8UWK3	NCBITaxon:37734	0	0	0			0		OPEN
CHEBI:28054	o-cresol	data/antibiotics/antifungal/o-cresol.yaml	QWVGKYWNOKOFNN-UHFFFAOYSA-N	ANTIFUNGAL	ee6534ee14d13fdd8bd6424eb8a4a06105e84fc1a5b0bedd5a341edbcbb61416	0	0	13	4	0	RECORDED_NAME_QUERIES_TRAVERSED_NOT_PRIMARY_REVIEW	False	0	0	0	0			0	0	0			0		OPEN
CHEBI:28077	rifampicin	data/antibiotics/antimycobacterial/rifampicin.yaml	JQXXHWHPUNPDRT-WLSIYKJHSA-N	ANTIMYCOBACTERIAL	581ff192574e250dd94d983822cd8e202baded4899e64348af062e99c390dcee	40	0	10	4	3	RECORDED_NAME_QUERIES_TRAVERSED_NOT_PRIMARY_REVIEW	False	40	40	14	26	UniProtKB:A0A059WGE7|UniProtKB:A0A5P1MSY4|UniProtKB:A0QZ11|UniProtKB:B2KPA4|UniProtKB:B2KPA6|UniProtKB:C5J9N8|UniProtKB:F2R776|UniProtKB:L7TBZ5|UniProtKB:O67972|UniProtKB:P95598|UniProtKB:P9WJY5|UniProtKB:Q5YTV5|UniProtKB:S4VI74|UniProtKB:W8V0F6	NCBITaxon:1420013|NCBITaxon:1772|NCBITaxon:1931|NCBITaxon:246196|NCBITaxon:247156|NCBITaxon:287|NCBITaxon:43767|NCBITaxon:562|NCBITaxon:571|NCBITaxon:573|NCBITaxon:83332|NCBITaxon:953739	0	0	0			0		OPEN
CHEBI:28098	kanamycin B	data/antibiotics/unspecified/kanamycin-b.yaml	SKKLOUVUUNMCJE-FQSMHNGLSA-N	ANTIMICROBIAL_UNSPECIFIED	fc165037f769eea9db8be9d1125b93170e9cf62f24a98c37b436f0146643d5df	0	0	8	3	0	RECORDED_NAME_QUERIES_TRAVERSED_NOT_PRIMARY_REVIEW	False	0	0	0	0			0	0	0			0		OPEN
CHEBI:281056	loracarbef anion	data/antibiotics/unspecified/loracarbef-anion.yaml	JAPHQRWPEGVNBT-UTUOFQBUSA-M	ANTIMICROBIAL_UNSPECIFIED	605c414601d351edbf8f48aee17d9b4fad10cc5066352f7a1d7ef078d8b92d50	0	0	4	2	0	RECORDED_NAME_QUERIES_TRAVERSED_NOT_PRIMARY_REVIEW	False	0	0	0	0			0	0	0			0		OPEN
CHEBI:28106	isobavachalcone	data/antibiotics/antibacterial/isobavachalcone.yaml	DUWPGRAKHMEPCM-IZZDOVSWSA-N	ANTIBACTERIAL	683a5ef808041e32ce919c3890645e5bfda6390a97b0f7e0da6f3947f55b97a5	0	0	4	2	0	RECORDED_NAME_QUERIES_TRAVERSED_NOT_PRIMARY_REVIEW	False	0	0	0	0			0	0	0			0		OPEN
CHEBI:28121	harmine	data/antibiotics/antiviral/harmine.yaml	BXNJHAXVSOCGBA-UHFFFAOYSA-N	ANTIVIRAL	4c00d8be0d823bb5a2042fa4b57f71112ed7788621183c9d2313be77069c1795	0	0	10	4	0	RECORDED_NAME_QUERIES_TRAVERSED_NOT_PRIMARY_REVIEW	False	0	0	0	0			0	0	0			0		OPEN
CHEBI:28126	5,6,7-trimethoxycoumarin	data/antibiotics/antibacterial/5-6-7-trimethoxycoumarin.yaml	FOBNRKTURPWTQX-UHFFFAOYSA-N	ANTIBACTERIAL	d29e73ba0811a24609da2cea285bedae3915e2a8630e40940fd25592e3c14cc3	0	0	5	2	0	RECORDED_NAME_QUERIES_TRAVERSED_NOT_PRIMARY_REVIEW	False	0	0	0	0			0	0	0			0		OPEN
CHEBI:28130	13,14-dihydro-Δ12-prostaglandin J2	data/antibiotics/antiviral/13-14-dihydro-δ12-prostaglandin-j2.yaml	TUXFWOHFPFBNEJ-GJGHEGAFSA-N	ANTIVIRAL	741136aeb9aa3c4b9b481e0d7a55927d30f76acc77994af2703b36ea1b1b159a	0	0	11	4	0	RECORDED_NAME_QUERIES_TRAVERSED_NOT_PRIMARY_REVIEW	False	0	0	0	0			0	0	0			0		OPEN
CHEBI:28147	N2'-acetylgentamycin C1a	data/antibiotics/unspecified/n2-acetylgentamycin-c1a.yaml	RLGSXXMFPPOROB-JOYMZIHVSA-N	ANTIMICROBIAL_UNSPECIFIED	8d87d9f5a6d66bf0c83dac37f0c3cecf1e82d7a53faff138f72ff78c95eb7ed7	0	0	3	2	0	RECORDED_NAME_QUERIES_TRAVERSED_NOT_PRIMARY_REVIEW	False	0	0	0	0			0	0	0			0		OPEN
CHEBI:28148	sodium stibogluconate	data/antibiotics/antiprotozoal/sodium-stibogluconate.yaml	YQDGWZZYGYKDLR-UZVLBLASSA-K	ANTIPROTOZOAL	9307dad2fcd1e28e771465a69df62acf4d4663d394161bbbef3ec29b03ea2a23	0	0	15	5	0	RECORDED_NAME_QUERIES_TRAVERSED_NOT_PRIMARY_REVIEW	False	0	0	0	0			0	0	0			0		OPEN
CHEBI:28185	kanamycin C	data/antibiotics/unspecified/kanamycin-c.yaml	WZDRWYJKESFZMB-FQSMHNGLSA-N	ANTIMICROBIAL_UNSPECIFIED	ea8b75e3a46cddaa48545a34e41900cb438b2d4d7a8643c825ced4d0407d97dc	0	0	3	2	0	RECORDED_NAME_QUERIES_TRAVERSED_NOT_PRIMARY_REVIEW	False	0	0	0	0			0	0	0			0		OPEN
CHEBI:28196	erythromycin B	data/antibiotics/unspecified/erythromycin-b.yaml	IDRYSCOQVVUBIJ-PPGFLMPOSA-N	ANTIMICROBIAL_UNSPECIFIED	d76e98278d2f06af511d2f4f073199bc47ca2bc9bf6249d2374e56f8f7074908	0	0	9	3	0	RECORDED_NAME_QUERIES_TRAVERSED_NOT_PRIMARY_REVIEW	False	0	0	0	0			0	0	0			0		OPEN
CHEBI:28217	acrylonitrile	data/antibiotics/antifungal/acrylonitrile.yaml	NLHHRLWOUZZQLW-UHFFFAOYSA-N	ANTIFUNGAL	1767f547e4bc1a23eea1045740d69317c63dce59142018c10d61ca02558a26f6	0	0	9	3	0	RECORDED_NAME_QUERIES_TRAVERSED_NOT_PRIMARY_REVIEW	False	0	0	0	0			0	0	0			0		OPEN
CHEBI:28239	erythromycin E	data/antibiotics/unspecified/erythromycin-e.yaml	PRUSTPADOGZAML-LMXGZOGMSA-N	ANTIMICROBIAL_UNSPECIFIED	275e4f518a7a57b0e1484e33c25c2b04e0fa5c0e49652ac28e1e27e51d93ce4e	0	0	4	2	0	RECORDED_NAME_QUERIES_TRAVERSED_NOT_PRIMARY_REVIEW	False	0	0	0	0			0	0	0			0		OPEN
CHEBI:28281	5-methoxyindole-3-acetic acid	data/antibiotics/antibacterial/5-methoxyindole-3-acetic-acid.yaml	COCNDHOPIHDTHK-UHFFFAOYSA-N	ANTIBACTERIAL	5f5b82ae5435d385db626d37a051a2f9d30395cda08d1112228c724f60949bda	0	0	6	3	0	RECORDED_NAME_QUERIES_TRAVERSED_NOT_PRIMARY_REVIEW	False	0	0	0	0			0	0	0			0		OPEN
CHEBI:28283	capsidiol	data/antibiotics/antifungal/capsidiol.yaml	BXXSHQYDJWZXPB-OKNSCYNVSA-N	ANTIFUNGAL	544dd5cbc7723459ce1d5b71dbdc7a85d445302218976efb400feab6ec4f14b2	0	0	5	2	0	RECORDED_NAME_QUERIES_TRAVERSED_NOT_PRIMARY_REVIEW	False	0	0	0	0			0	0	0			0		OPEN
CHEBI:28285	oligomycin A	data/antibiotics/antifungal/oligomycin-a.yaml	MNULEGDCPYONBU-AWJDAWNUSA-N	ANTIFUNGAL	6aa3063293998315a8397e4599cbb0b28dcb3f59dccb0a15ccaadb91473ff97b	0	0	4	2	2	RECORDED_NAME_QUERIES_TRAVERSED_NOT_PRIMARY_REVIEW	False	0	0	0	0			0	0	0			0		OPEN
CHEBI:28292	gentamycin C2	data/antibiotics/unspecified/gentamycin-c2.yaml	XUFIWSHGXVLULG-JYDJLPLMSA-N	ANTIMICROBIAL_UNSPECIFIED	ae906acff8e581efade0035f790523e75d8f888fdf981c21020d8003f4ee2eb3	0	0	5	2	0	RECORDED_NAME_QUERIES_TRAVERSED_NOT_PRIMARY_REVIEW	False	0	0	0	0			0	0	0			0		OPEN
CHEBI:28295	2-deoxystreptamine	data/antibiotics/antibacterial/2-deoxystreptamine.yaml	DTFAJAKTSMLKAT-JDCCYXBGSA-N	ANTIBACTERIAL	aeaa6a8669a6a06abf571527488e98906b7dba97383fccb5a5e1293c1557c86a	0	0	6	3	0	RECORDED_NAME_QUERIES_TRAVERSED_NOT_PRIMARY_REVIEW	False	0	0	0	0			0	0	0			0		OPEN
CHEBI:28312	chlorhexidine gluconate	data/antibiotics/antibacterial/chlorhexidine-gluconate.yaml	YZIYKJHYYHPJIB-UUPCJSQJSA-N	ANTIBACTERIAL	21c27a12f3e2239e0667062873051bf62e4611cd12a86f157adfd43adc31c311	0	0	8	3	0	RECORDED_NAME_QUERIES_TRAVERSED_NOT_PRIMARY_REVIEW	False	0	0	0	0			0	0	0			0		OPEN
CHEBI:28327	naringenin 7-O-β-D-glucoside	data/antibiotics/antibacterial/naringenin-7-o-β-d-glucoside.yaml	DLIKSSGEMUFQOK-SFTVRKLSSA-N	ANTIBACTERIAL	35692d887edc0ec7d50f9faf9cc1959fa49ebc6da39a2988888e1bf4ea1d2742	0	0	6	3	0	RECORDED_NAME_QUERIES_TRAVERSED_NOT_PRIMARY_REVIEW	False	0	0	0	0			0	0	0			0		OPEN
CHEBI:28331	erythromycin D	data/antibiotics/unspecified/erythromycin-d.yaml	CLQUUOKNEOQBSW-KEGKUKQHSA-N	ANTIMICROBIAL_UNSPECIFIED	3b03c7f44299cdd6e19ba0682dc8086ef9e72e990ca82a90e4e2cebbaff6741f	0	0	3	2	0	RECORDED_NAME_QUERIES_TRAVERSED_NOT_PRIMARY_REVIEW	False	0	0	0	0			0	0	0			0		OPEN
CHEBI:28333	dihydrostreptomycin 3'',6-bisphosphate	data/antibiotics/unspecified/dihydrostreptomycin-3-6-bisphosphate.yaml	CWOLTUKRSULKST-PNUZMXECSA-N	ANTIMICROBIAL_UNSPECIFIED	c25643e55eb721c03137c28fead31b98c9b88c13b1104920ae6f0f10732e0aa5	0	0	3	2	0	RECORDED_NAME_QUERIES_TRAVERSED_NOT_PRIMARY_REVIEW	False	0	0	0	0			0	0	0			0		OPEN
CHEBI:28368	novobiocin	data/antibiotics/antibacterial/novobiocin.yaml	YJQPYGGHQPGBLI-KGSXXDOSSA-N	ANTIBACTERIAL	0493eb6364990e579ac5acaadb12281981ce6831f643b8797e56f2371d0cd568	15	0	8	3	2	RECORDED_NAME_QUERIES_TRAVERSED_NOT_PRIMARY_REVIEW	True	14	14	1	13	UniProtKB:W8V0F6	NCBITaxon:1420013	0	0	0			0		OPEN
CHEBI:28411	allicin	data/antibiotics/antibacterial/allicin.yaml	JDLKFOPOAOFWQN-UHFFFAOYSA-N	ANTIBACTERIAL	38b6ad70e3fd238938af4ecb2d8b8907be17ead58c208248eebe716c28abd2e9	0	0	5	2	0	RECORDED_NAME_QUERIES_TRAVERSED_NOT_PRIMARY_REVIEW	False	0	0	0	0			0	0	0			0		OPEN
CHEBI:28418	gentamycin A	data/antibiotics/antibacterial/gentamycin-a.yaml	LKKVGKXCMYHKSL-LLZRLKDCSA-N	ANTIBACTERIAL	30ac6f1f487c2b3a9a3d038d50c6bc86d8cd091ccb903b2b49c0fddae9771441	19	0	7	3	2	RECORDED_NAME_QUERIES_TRAVERSED_NOT_PRIMARY_REVIEW	False	19	19	16	3	UniProtKB:A0A0M5JP06|UniProtKB:A0A3N5CCY8|UniProtKB:A0A3S7QGV0|UniProtKB:A0A3V6HH17|UniProtKB:A0A412CHK0|UniProtKB:A0A5C2PMK1|UniProtKB:A0AAW8RWI6|UniProtKB:A8C927|UniProtKB:B0F9V0|UniProtKB:E9N3R2|UniProtKB:I1YZZ5|UniProtKB:M4Q6L3|UniProtKB:Q51406|UniProtKB:Q70E84|UniProtKB:Q7ATH7|UniProtKB:Q8VQN7	NCBITaxon:1292|NCBITaxon:158836|NCBITaxon:1817405|NCBITaxon:287|NCBITaxon:28901|NCBITaxon:33945|NCBITaxon:491921|NCBITaxon:550|NCBITaxon:562|NCBITaxon:573|NCBITaxon:615|NCBITaxon:82541	0	0	0			0		OPEN
CHEBI:28460	maltotetraose	data/antibiotics/antibacterial/maltotetraose.yaml	UYQJCPNSAVWAFU-KVXMBEGHSA-N	ANTIBACTERIAL	7a0f5134ca1ec4471d489d7bb1b2a245ce96c58a8236bfe42446a86d195c498d	0	0	4	2	0	RECORDED_NAME_QUERIES_TRAVERSED_NOT_PRIMARY_REVIEW	False	0	0	0	0			0	0	0			0		OPEN
CHEBI:28472	proanthocyanidin A2	data/antibiotics/antiviral/proanthocyanidin-a2.yaml	NSEWTSAADLNHNH-LSBOWGMISA-N	ANTIVIRAL	52dc5e37415cc56e1229e44ace156dfd6dbbb4573d5f793c153e1d5c251d2625	0	0	4	2	0	RECORDED_NAME_QUERIES_TRAVERSED_NOT_PRIMARY_REVIEW	False	0	0	0	0			0	0	0			0		OPEN
CHEBI:28499	kaempferol	data/antibiotics/antibacterial/kaempferol.yaml	IYRMWMYZSQPJKC-UHFFFAOYSA-N	ANTIBACTERIAL	171e881326f4f5955dc80bb8bf3fdf1caa6951644b5f6db3e76f5552f0cad77e	0	0	21	6	2	RECORDED_NAME_QUERIES_TRAVERSED_NOT_PRIMARY_REVIEW	False	0	0	0	0			0	0	0			0		OPEN
CHEBI:28523	2',6'-dihydroxy-4'-methoxydihydrochalcone	data/antibiotics/antiprotozoal/2-6-dihydroxy-4-methoxydihydrochalcone.yaml	MDMCODCJMHTFIZ-UHFFFAOYSA-N	ANTIPROTOZOAL	34e113b45bebc68961dd976809abd11e4e814e4bf1f4689462740bd4834e4f9c	0	0	3	2	0	RECORDED_NAME_QUERIES_TRAVERSED_NOT_PRIMARY_REVIEW	False	0	0	0	0			0	0	0			0		OPEN
CHEBI:28545	valinomycin	data/antibiotics/antiviral/valinomycin.yaml	FCFNRCROJUBPLU-DNDCDFAISA-N	ANTIVIRAL	5e207a225e71935edff0300cef97a9e86121f7a7faaa274d17b0902fde697760	0	0	5	2	0	RECORDED_NAME_QUERIES_TRAVERSED_NOT_PRIMARY_REVIEW	False	0	0	0	0			0	0	0			0		OPEN
CHEBI:28590	3'-deoxydihydrostreptomycin 6-phosphate	data/antibiotics/unspecified/3-deoxydihydrostreptomycin-6-phosphate.yaml	LJIOWVLIRDRGSB-MLIDHZNVSA-N	ANTIMICROBIAL_UNSPECIFIED	3412d7230389c46956a763cac4d37e9b061810ede721e37f8aacd1f5a511ed00	0	0	3	2	0	RECORDED_NAME_QUERIES_TRAVERSED_NOT_PRIMARY_REVIEW	False	0	0	0	0			0	0	0			0		OPEN
CHEBI:28591	guaiacol	data/antibiotics/biocide/guaiacol.yaml	LHGVFZTZFXWLCP-UHFFFAOYSA-N	BIOCIDE	b1c33cdc83e675915622df471e7d725acd628cb715eb8f245ad6026d7625843c	0	0	7	3	2	RECORDED_NAME_QUERIES_TRAVERSED_NOT_PRIMARY_REVIEW	False	0	0	0	0			0	0	0			0		OPEN
CHEBI:28593	quinidine	data/antibiotics/antiprotozoal/quinidine.yaml	LOUPRKONTZGTKE-LHHVKLHASA-N	ANTIPROTOZOAL	fa51a16bee50b9c85618cc4b880faaaac432344853ec82f56fe900d5ed1292a4	0	0	20	6	3	RECORDED_NAME_QUERIES_TRAVERSED_NOT_PRIMARY_REVIEW	False	0	0	0	0			0	0	0			0		OPEN
CHEBI:28600	farnesol	data/antibiotics/unspecified/farnesol.yaml	CRDAMVZIKSXKFV-UHFFFAOYSA-N	ANTIMICROBIAL_UNSPECIFIED	4a08560c8c386d27d30157004c1694b215a6943e4f2e51c9b4234838a2060901	0	0	6	3	0	RECORDED_NAME_QUERIES_TRAVERSED_NOT_PRIMARY_REVIEW	False	0	0	0	0			0	0	0			0		OPEN
CHEBI:28631	3-phenylpropionic acid	data/antibiotics/antifungal/3-phenylpropionic-acid.yaml	XMIIGOLPHOKFCH-UHFFFAOYSA-N	ANTIFUNGAL	3616d736d9fed49178ce6d1674c31cebce0f9b6fc7bd7a398b9738233d2a2f2f	0	0	14	5	0	RECORDED_NAME_QUERIES_TRAVERSED_NOT_PRIMARY_REVIEW	False	0	0	0	0			0	0	0			0		OPEN
CHEBI:2866	ascaridole	data/antibiotics/antiprotozoal/ascaridole.yaml	MGYMHQJELJYRQS-UHFFFAOYSA-N	ANTIPROTOZOAL	55d0f8945b1a4044d276afcc051f18abaaea8076b82aef50cb4f6629a7605764	0	0	8	3	0	RECORDED_NAME_QUERIES_TRAVERSED_NOT_PRIMARY_REVIEW	False	0	0	0	0			0	0	0			0		OPEN
CHEBI:28680	cytarabine	data/antibiotics/antiviral/cytarabine.yaml	UHDGCWIWMRVCDJ-CCXZUQQUSA-N	ANTIVIRAL	6af17cb797c4b4b0d289b00c287b3951f59a68d6a75e6ef1dcb0e630e8c7d20a	0	0	13	4	3	RECORDED_NAME_QUERIES_TRAVERSED_NOT_PRIMARY_REVIEW	False	0	0	0	0			0	0	0			0		OPEN
CHEBI:28703	dihydrostreptomycin 3'α-phosphate	data/antibiotics/unspecified/dihydrostreptomycin-3-α-phosphate.yaml	CYLJNXXMQIXPAD-PQMJGINDSA-N	ANTIMICROBIAL_UNSPECIFIED	e80f6b65dfc7d763eb15bd882c5a708046315850e0fde77f5054df4c47d4330e	0	0	3	2	0	RECORDED_NAME_QUERIES_TRAVERSED_NOT_PRIMARY_REVIEW	False	0	0	0	0			0	0	0			0		OPEN
CHEBI:28748	doxorubicin	data/antibiotics/unspecified/doxorubicin.yaml	AOJJSUZBOXZQNB-TZSSRYMLSA-N	ANTIMICROBIAL_UNSPECIFIED	13c73bc33a9212a71dff2f3ddb523d5a829db0f450c463c7375a2cf2403321a8	0	0	11	4	2	RECORDED_NAME_QUERIES_TRAVERSED_NOT_PRIMARY_REVIEW	False	0	0	0	0			0	0	0			0		OPEN
CHEBI:28837	octanoic acid	data/antibiotics/antibacterial/octanoic-acid.yaml	WWZKQHOCKIZLMA-UHFFFAOYSA-N	ANTIBACTERIAL	1850829bb2b301b5f15f9a2e41dbc2e67cea987a990a65f403903ef89e9d3b98	0	0	22	7	0	RECORDED_NAME_QUERIES_TRAVERSED_NOT_PRIMARY_REVIEW	False	0	0	0	0			0	0	0			0		OPEN
CHEBI:28849	naphthazarin	data/antibiotics/antibacterial/naphthazarin.yaml	RQNVIKXOOKXAJQ-UHFFFAOYSA-N	ANTIBACTERIAL	ae06c153d2f74faac94f76a1b1c212d23d0b3ed49e451d0add05fa74bc9bbb32	0	0	7	3	0	RECORDED_NAME_QUERIES_TRAVERSED_NOT_PRIMARY_REVIEW	False	0	0	0	0			0	0	0			0		OPEN
CHEBI:28864	tobramycin	data/antibiotics/antibacterial/tobramycin.yaml	NLVFBUXFDBBNBW-PBSUHMDJSA-N	ANTIBACTERIAL	c5345d9b0ca08f480c6fe8df7c58431f300ef6782e464ee4f266e399f8ce178a	116	0	19	6	2	RECORDED_NAME_QUERIES_TRAVERSED_NOT_PRIMARY_REVIEW	False	116	116	88	28	UniProtKB:A0A076UB44|UniProtKB:A0A0H3YDB2|UniProtKB:A0A0S2TK08|UniProtKB:A0A2L1BU15|UniProtKB:A0A2L1KH00|UniProtKB:A0A2P5GGN0|UniProtKB:A0A2P5GGR5|UniProtKB:A0A3N5CCY8|UniProtKB:A0A3S7QGV0|UniProtKB:A0A412CHK0|UniProtKB:A0A427DJH8|UniProtKB:A0A5C2PMK1|UniProtKB:A0A5J6WZQ0|UniProtKB:A0A5K7YC16|UniProtKB:A0A6F8Z5F1|UniProtKB:A0A6N7WRB0|UniProtKB:A0A7I8NPH7|UniProtKB:A0A7W2KDZ3|UniProtKB:A0A9X8P319|UniProtKB:A0AAD2XZN8|UniProtKB:A0AAE4EBF5|UniProtKB:A0AAN3YXU6|UniProtKB:A0AAP2NY38|UniProtKB:A0AAQ0JAX0|UniProtKB:A0AAW8RWI6|UniProtKB:A3F6P3|UniProtKB:A6N6U3|UniProtKB:A7LI79|UniProtKB:B0F9V0|UniProtKB:B6D9B6|UniProtKB:C4TGI5|UniProtKB:D4HQX2|UniProtKB:E9N3R2|UniProtKB:F2WU95|UniProtKB:K0IV17|UniProtKB:M4Q6L3|UniProtKB:O52241|UniProtKB:O52242|UniProtKB:O52243|UniProtKB:O52244|UniProtKB:O52245|UniProtKB:O52247|UniProtKB:O68484|UniProtKB:P05058|UniProtKB:P0AE04|UniProtKB:P10051|UniProtKB:P13246|UniProtKB:P24177|UniProtKB:P29808|UniProtKB:P94629|UniProtKB:P94968|UniProtKB:P9WQG9|UniProtKB:Q01515|UniProtKB:Q03634|UniProtKB:Q04455|UniProtKB:Q15BH7|UniProtKB:Q33DX5|UniProtKB:Q43899|UniProtKB:Q44057|UniProtKB:Q44245|UniProtKB:Q47764|UniProtKB:Q49157|UniProtKB:Q51399|UniProtKB:Q51734|UniProtKB:Q52424|UniProtKB:Q54441|UniProtKB:Q70E71|UniProtKB:Q70E72|UniProtKB:Q75PS3|UniProtKB:Q75ZP9|UniProtKB:Q764C8|UniProtKB:Q76G15|UniProtKB:Q7ATH7|UniProtKB:Q7M0R2|UniProtKB:Q7WTV9|UniProtKB:Q83V96|UniProtKB:Q84DL7|UniProtKB:Q8GLI5|UniProtKB:Q8GRA1|UniProtKB:Q8RPU6|UniProtKB:Q8VQN7|UniProtKB:Q8ZPB6|UniProtKB:Q9CD24|UniProtKB:Q9R381|UniProtKB:Q9R977|UniProtKB:Q9RBW7|UniProtKB:S6CFI8|UniProtKB:V5XKM9	NCBITaxon:1280|NCBITaxon:1292|NCBITaxon:1352|NCBITaxon:1354|NCBITaxon:1409|NCBITaxon:149539|NCBITaxon:158836|NCBITaxon:1766|NCBITaxon:1817405|NCBITaxon:1879|NCBITaxon:1967|NCBITaxon:1971|NCBITaxon:2022662|NCBITaxon:2034769|NCBITaxon:218936|NCBITaxon:246196|NCBITaxon:2652274|NCBITaxon:2666183|NCBITaxon:271420|NCBITaxon:272631|NCBITaxon:280145|NCBITaxon:287|NCBITaxon:294|NCBITaxon:29430|NCBITaxon:299766|NCBITaxon:33945|NCBITaxon:40324|NCBITaxon:470|NCBITaxon:48296|NCBITaxon:491921|NCBITaxon:53345|NCBITaxon:545|NCBITaxon:546|NCBITaxon:550|NCBITaxon:562|NCBITaxon:573|NCBITaxon:58095|NCBITaxon:582|NCBITaxon:584|NCBITaxon:587|NCBITaxon:588|NCBITaxon:593905|NCBITaxon:599|NCBITaxon:615|NCBITaxon:61645|NCBITaxon:70346|NCBITaxon:70347|NCBITaxon:70348|NCBITaxon:70349|NCBITaxon:70351|NCBITaxon:72407|NCBITaxon:72607|NCBITaxon:79880|NCBITaxon:82541|NCBITaxon:83332|NCBITaxon:83333|NCBITaxon:90371|NCBITaxon:99287	0	0	0			0		OPEN
CHEBI:28905	prop-2-yn-1-ol	data/antibiotics/antifungal/prop-2-yn-1-ol.yaml	TVDSBUOJIPERQY-UHFFFAOYSA-N	ANTIFUNGAL	7eaea06882610165ea31e9ef729b44a60f74784c171e045a969e947b54b70626	0	0	20	6	0	RECORDED_NAME_QUERIES_TRAVERSED_NOT_PRIMARY_REVIEW	False	0	0	0	0			0	0	0			0		OPEN
CHEBI:28908	bambermycin	data/antibiotics/unspecified/bambermycin.yaml	PERZMHJGZKHNGU-JGYWJTCASA-N	ANTIMICROBIAL_UNSPECIFIED	48d151f53b25204ffa20f80837f2949efea30434a56e9b1d87bc684031aa602e	0	0	13	4	0	RECORDED_NAME_QUERIES_TRAVERSED_NOT_PRIMARY_REVIEW	False	0	0	0	0			0	0	0			0		OPEN
CHEBI:28909	iprodione	data/antibiotics/antifungal/iprodione.yaml	ONUFESLQCSAYKA-UHFFFAOYSA-N	ANTIFUNGAL	57c6d3b06cd44cad644c2556e8758f7bcef19f6194aaaca20acaa9409a2df58f	15	0	10	4	2	RECORDED_NAME_QUERIES_TRAVERSED_NOT_PRIMARY_REVIEW	True	0	0	0	0			15	13	2	fillinger-2012-reference-context|mehrabi-2006-parent-reference-context|ren-2016-bt3-4-subject-context|ren-2016-bt6-4-subject-context|ren-2016-nj5-10-subject-context|ren-2016-yc-6-subject-context	PMID:38374637	0		OPEN
CHEBI:28913	(2E)-hexenal	data/antibiotics/antibacterial/2e-hexenal.yaml	MBDOYVRWFFCFHM-SNAWJCMRSA-N	ANTIBACTERIAL	646f235e5bea760c40b46ae077cb7e477bc7a099a064487e68b3c2b51ac7d9e7	0	0	12	4	0	RECORDED_NAME_QUERIES_TRAVERSED_NOT_PRIMARY_REVIEW	False	0	0	0	0			0	0	0			0		OPEN
CHEBI:28915	fosfomycin	data/antibiotics/antibacterial/fosfomycin.yaml	YMDXZJFXQJVXBF-STHAYSLISA-N	ANTIBACTERIAL	8ec919ac0d58e58e036dfebcd51a1c8f24ce066c58633b389195b39801f37348	48	0	19	6	2	RECORDED_NAME_QUERIES_TRAVERSED_NOT_PRIMARY_REVIEW	False	48	48	33	15	UniProtKB:A0A024FRF7|UniProtKB:A0A068NXG4|UniProtKB:A0A0B8QRZ4|UniProtKB:A0A0L8KM47|UniProtKB:A0A142CQG6|UniProtKB:A0A159BRB6|UniProtKB:A0A161CKZ1|UniProtKB:A0A4Q7CSA4|UniProtKB:A0A4Q8P8C1|UniProtKB:A0A6C6ZLV9|UniProtKB:A0A6D1P077|UniProtKB:A0A7S4U4H1|UniProtKB:A0A7S4U543|UniProtKB:A0A7S4WUF1|UniProtKB:A0A8A4ZQY6|UniProtKB:A0A8E0FMX6|UniProtKB:A0A9X6IXB2|UniProtKB:A0AAU9BZX6|UniProtKB:A0AB35LIB0|UniProtKB:A0AB37HMR8|UniProtKB:A8Z522|UniProtKB:B6I9D0|UniProtKB:D7UQL9|UniProtKB:P0DPR5|UniProtKB:Q27JL4|UniProtKB:Q4F6S6|UniProtKB:Q4L2Y9|UniProtKB:Q52470|UniProtKB:Q56187|UniProtKB:Q81EF2|UniProtKB:Q81W73|UniProtKB:Q8GKQ2|UniProtKB:Q9I4K6	NCBITaxon:1280|NCBITaxon:1296|NCBITaxon:132264|NCBITaxon:1392|NCBITaxon:1639|NCBITaxon:1720202|NCBITaxon:1812935|NCBITaxon:1816696|NCBITaxon:1871011|NCBITaxon:1938|NCBITaxon:195|NCBITaxon:208964|NCBITaxon:226900|NCBITaxon:2511819|NCBITaxon:279808|NCBITaxon:287|NCBITaxon:317|NCBITaxon:32002|NCBITaxon:400667|NCBITaxon:409438|NCBITaxon:43759|NCBITaxon:451516|NCBITaxon:454169|NCBITaxon:487316|NCBITaxon:562|NCBITaxon:587|NCBITaxon:70255|NCBITaxon:813|NCBITaxon:869670	0	0	0			0		OPEN
CHEBI:28927	sakuranetin	data/antibiotics/antimycobacterial/sakuranetin.yaml	DJOJDHGQRNZXQQ-AWEZNQCLSA-N	ANTIMYCOBACTERIAL	da1ab52b9d71df2c0f1df9c0a68429587f19b497fe19bf606c485d9d926b3bd3	0	0	9	3	0	RECORDED_NAME_QUERIES_TRAVERSED_NOT_PRIMARY_REVIEW	False	0	0	0	0			0	0	0			0		OPEN
CHEBI:28939	N-acetyl-L-cysteine	data/antibiotics/antiviral/n-acetyl-l-cysteine.yaml	PWKSKIMOESPYIA-BYPYZUCNSA-N	ANTIVIRAL	4ed6d68a4276b97c8162b830882c521ce4d3ec94b348f2e8eb3193cba06c4ef2	0	0	14	5	4	RECORDED_NAME_QUERIES_TRAVERSED_NOT_PRIMARY_REVIEW	False	0	0	0	0			0	0	0			0		OPEN
CHEBI:28948	gramine	data/antibiotics/antibacterial/gramine.yaml	OCDGBSUVYYVKQZ-UHFFFAOYSA-N	ANTIBACTERIAL	1b008c6dc33a3b482cf362f9b9cc914027d906cb14a7cbcd479819cfed309eab	0	0	14	5	0	RECORDED_NAME_QUERIES_TRAVERSED_NOT_PRIMARY_REVIEW	False	0	0	0	0			0	0	0			0		OPEN
CHEBI:2896	astemizole	data/antibiotics/antiviral/astemizole.yaml	GXDALQBWZGODGZ-UHFFFAOYSA-N	ANTIVIRAL	ed95c62e4c41e169a7e34908d3f3794e17391a08a55603a2a5c2cc9b7894bb58	0	0	7	3	0	RECORDED_NAME_QUERIES_TRAVERSED_NOT_PRIMARY_REVIEW	False	0	0	0	0			0	0	0			0		OPEN
CHEBI:28971	ampicillin	data/antibiotics/antibacterial/ampicillin.yaml	AVKUERGKIZMTKX-NJBDSQKTSA-N	ANTIBACTERIAL	3983eac47db2f393481b546bb5ab5579a11c7c25da07b0c541a5a608d1a7f5cf	37	0	20	6	3	RECORDED_NAME_QUERIES_TRAVERSED_NOT_PRIMARY_REVIEW	False	37	37	21	16	UniProtKB:A0A3S4MWA6|UniProtKB:A0A5Q5ADH9|UniProtKB:A0A5R8T042|UniProtKB:A0A7I8E9L1|UniProtKB:A0A7L9V0P3|UniProtKB:A0A8F5JT47|UniProtKB:A0AA35D781|UniProtKB:A0AA92R881|UniProtKB:A0AAX3AHW0|UniProtKB:I7FJY5|UniProtKB:P0A1V8|UniProtKB:P0AD64|UniProtKB:P13661|UniProtKB:P52663|UniProtKB:P62594|UniProtKB:Q48434|UniProtKB:Q4H482|UniProtKB:Q6PLK5|UniProtKB:Q9REJ2|UniProtKB:Q9REJ3|UniProtKB:W1F2T9	NCBITaxon:1432555|NCBITaxon:225991|NCBITaxon:246196|NCBITaxon:287|NCBITaxon:294|NCBITaxon:299766|NCBITaxon:40324|NCBITaxon:50719|NCBITaxon:550|NCBITaxon:562|NCBITaxon:573|NCBITaxon:61646|NCBITaxon:663|NCBITaxon:669|NCBITaxon:90105|NCBITaxon:90370|NCBITaxon:90371|NCBITaxon:941280	0	0	0			0		OPEN
CHEBI:29007	ceftriaxone	data/antibiotics/antibacterial/ceftriaxone.yaml	VAAUVRVFOQPIGI-SPQHTLEESA-N	ANTIBACTERIAL	7294a0606c41257f1589c2aa54119527ccf09778c7d84f7258d74e4253f12135	23	0	16	5	2	RECORDED_NAME_QUERIES_TRAVERSED_NOT_PRIMARY_REVIEW	False	23	23	10	13	UniProtKB:A0A3S4MWA6|UniProtKB:A0A5Q5ADH9|UniProtKB:A0A5R8T042|UniProtKB:A0A6C0L4K1|UniProtKB:A0AA35D781|UniProtKB:A0AA92R881|UniProtKB:A0AAX3AHW0|UniProtKB:I7FJY5|UniProtKB:Q48434|UniProtKB:Q4H482	NCBITaxon:225991|NCBITaxon:246196|NCBITaxon:287|NCBITaxon:294|NCBITaxon:299766|NCBITaxon:50719|NCBITaxon:571|NCBITaxon:573|NCBITaxon:663|NCBITaxon:941280	0	0	0			0		OPEN
CHEBI:29013	fusidic acid	data/antibiotics/antibacterial/fusidic-acid.yaml	IECPWNUMDGFDKC-MZJAQBGESA-N	ANTIBACTERIAL	d44e12bee3046521b4196e7c55b7765a97679553354137470771673b9fd1ebd3	8	0	8	3	2	RECORDED_NAME_QUERIES_TRAVERSED_NOT_PRIMARY_REVIEW	False	8	8	3	5	UniProtKB:A0A380FZY8|UniProtKB:M1XHT1|UniProtKB:Q49VA0	NCBITaxon:1276936|NCBITaxon:1280|NCBITaxon:342451	0	0	0			0		OPEN
CHEBI:29014	cordycepin	data/antibiotics/antibacterial/cordycepin.yaml	OFEZSBMBBKLLBJ-BAJZRUMYSA-N	ANTIBACTERIAL	721122b233eea1341feb863c2a7c82c555dbf5a6f8a5b576d71ec3b4014c6c73	0	0	8	3	0	RECORDED_NAME_QUERIES_TRAVERSED_NOT_PRIMARY_REVIEW	False	0	0	0	0			0	0	0			0		OPEN
CHEBI:29076	3''-adenylylstreptomycin	data/antibiotics/unspecified/3-adenylylstreptomycin.yaml	XXCKFFAFJMNLBC-YSLWDUGSSA-N	ANTIMICROBIAL_UNSPECIFIED	e49f24666319ec1093db1cec1ab6dc4a3da8169544320681b157178d696fb744	0	0	3	2	0	RECORDED_NAME_QUERIES_TRAVERSED_NOT_PRIMARY_REVIEW	False	0	0	0	0			0	0	0			0		OPEN
CHEBI:29091	nocardicin E	data/antibiotics/unspecified/nocardicin-e.yaml	NMMOYDKOFASOBV-HKHZIIAMSA-N	ANTIMICROBIAL_UNSPECIFIED	f0ef17e059606ab7ae30f5b0d6dedcca554affde036a6ea4bcf064e6bd9b47ae	0	0	2	2	0	RECORDED_NAME_QUERIES_TRAVERSED_NOT_PRIMARY_REVIEW	False	0	0	0	0			0	0	0			0		OPEN
CHEBI:29491	5-O-β-D-mycaminosyltylactone	data/antibiotics/unspecified/5-o-β-d-mycaminosyltylactone.yaml	BMKVJAXXBOWJEE-BPFVPZITSA-N	ANTIMICROBIAL_UNSPECIFIED	8618b8dbdd3a7b3a8d122d7fd35c06ae54c3d2a0899dbeecb852c6354df8e9a6	0	0	6	3	0	RECORDED_NAME_QUERIES_TRAVERSED_NOT_PRIMARY_REVIEW	False	0	0	0	0			0	0	0			0		OPEN
CHEBI:29505	A47934	data/antibiotics/antibacterial/a47934.yaml	HRGFAEUWEMDRRZ-RIZHWKQXSA-N	ANTIBACTERIAL	da60ffacfff0b233bf5e565315a48185cf2761e5b14697d35247a88845699a3b	0	0	5	2	0	RECORDED_NAME_QUERIES_TRAVERSED_NOT_PRIMARY_REVIEW	False	0	0	0	0			0	0	0			0		OPEN
CHEBI:29506	cethromycin	data/antibiotics/antibacterial/cethromycin.yaml	PENDGIOBPJLVBT-AMXFZXBBSA-N	ANTIBACTERIAL	b3980524de4896d75777fe3cb47edf56b4d5545a0ef62dae8b4c32ec993e9401	0	0	9	3	0	RECORDED_NAME_QUERIES_TRAVERSED_NOT_PRIMARY_REVIEW	False	0	0	0	0			0	0	0			0		OPEN
CHEBI:29515	ansamitocin P3	data/antibiotics/unspecified/ansamitocin-p3.yaml	OPQNCARIZFLNLF-JBHFWYGFSA-N	ANTIMICROBIAL_UNSPECIFIED	4197129ba7633450c185f2d2573b1cb1cfb90643fb9557c1e6719ba7007ddc9a	0	0	7	3	0	RECORDED_NAME_QUERIES_TRAVERSED_NOT_PRIMARY_REVIEW	False	0	0	0	0			0	0	0			0		OPEN
CHEBI:2955	azithromycin	data/antibiotics/antibacterial/azithromycin.yaml	MQTOSJVFKKJCRP-BICOPXKESA-N	ANTIBACTERIAL	3b6f8f139da665be8e33d6db6500c3fd019d12510b99fe586b28567bc2450d51	55	0	15	5	2	RECORDED_NAME_QUERIES_TRAVERSED_NOT_PRIMARY_REVIEW	True	54	54	33	21	UniProtKB:A0A0H3EUF3|UniProtKB:A0A0R5YJB2|UniProtKB:A0A1B2JLG7|UniProtKB:A0A1H7UEH6|UniProtKB:A0A3R7IWB8|UniProtKB:A0A6I0LAE8|UniProtKB:A0A7D3QFM0|UniProtKB:A0A7S4U4F4|UniProtKB:A0A829QAF6|UniProtKB:A0AAX3AIK4|UniProtKB:A0AAX3AJQ0|UniProtKB:C7MEP1|UniProtKB:F3ZTT0|UniProtKB:L7N623|UniProtKB:O34127|UniProtKB:P05789|UniProtKB:P06572|UniProtKB:P07287|UniProtKB:P09891|UniProtKB:P0A0H3|UniProtKB:P10337|UniProtKB:P42242|UniProtKB:Q00014|UniProtKB:Q04720|UniProtKB:Q1JJH2|UniProtKB:Q6RX35|UniProtKB:Q6XFQ7|UniProtKB:Q79N53|UniProtKB:Q8KLN5|UniProtKB:Q9ADH3|UniProtKB:Q9F233|UniProtKB:Q9K2Z3|UniProtKB:Q9ZNK8	NCBITaxon:100226|NCBITaxon:1038928|NCBITaxon:1280|NCBITaxon:1282|NCBITaxon:1296|NCBITaxon:1299324|NCBITaxon:1311|NCBITaxon:1352|NCBITaxon:1392|NCBITaxon:1598|NCBITaxon:1766|NCBITaxon:1772|NCBITaxon:224308|NCBITaxon:299766|NCBITaxon:31956|NCBITaxon:370551|NCBITaxon:40091|NCBITaxon:405948|NCBITaxon:43767|NCBITaxon:446465|NCBITaxon:562|NCBITaxon:641665|NCBITaxon:679937|NCBITaxon:685038|NCBITaxon:69966|NCBITaxon:79880|NCBITaxon:817|NCBITaxon:820|NCBITaxon:83331	0	0	0			0		OPEN
CHEBI:29556	chloroeremomycin	data/antibiotics/antibacterial/chloroeremomycin.yaml	XJHXLMVKYIVZTE-LOALFDMRSA-N	ANTIBACTERIAL	89a25d1a9b96de76420b57c114ce4d74481741b61cf16a77b58ef405967f2f5b	0	0	2	2	0	RECORDED_NAME_QUERIES_TRAVERSED_NOT_PRIMARY_REVIEW	False	0	0	0	0			0	0	0			0		OPEN
CHEBI:2956	azlocillin	data/antibiotics/antibacterial/azlocillin.yaml	JTWOMNBEOCYFNV-NFFDBFGFSA-N	ANTIBACTERIAL	0a729df3ec839d74bcbd263ece254773a59f89656bb971a7542db63c5d944ccd	0	0	7	3	0	RECORDED_NAME_QUERIES_TRAVERSED_NOT_PRIMARY_REVIEW	False	0	0	0	0			0	0	0			0		OPEN
CHEBI:29572	demethyllactenocin	data/antibiotics/unspecified/demethyllactenocin.yaml	QZCOVMJUGCBXHV-AVCFMDPFSA-N	ANTIMICROBIAL_UNSPECIFIED	f195e6379ff08a5deedde9e5c6735566a8114e664719fabd5bae674505caa412	0	0	3	2	0	RECORDED_NAME_QUERIES_TRAVERSED_NOT_PRIMARY_REVIEW	False	0	0	0	0			0	0	0			0		OPEN
CHEBI:29582	ascomycin	data/antibiotics/antifungal/ascomycin.yaml	ZDQSOHOQTUFQEM-NURRSENYSA-N	ANTIFUNGAL	7f18fbee6261ac22fbf286f5091e7e4afc7022dc099b682c34ecd92ec17c5dab	0	0	7	3	0	RECORDED_NAME_QUERIES_TRAVERSED_NOT_PRIMARY_REVIEW	False	0	0	0	0			0	0	0			0		OPEN
CHEBI:29583	fengycin	data/antibiotics/antifungal/fengycin.yaml	CUOJDWBMJMRDHN-RLLVTFBRSA-N	ANTIFUNGAL	69a22052df0397e410f4c4346d7344024fc476fdf19a52db02f91a30d96291bb	0	0	1	1	1	RECORDED_NAME_QUERIES_TRAVERSED_NOT_PRIMARY_REVIEW	False	0	0	0	0			0	0	0			0		OPEN
CHEBI:29584	GE2270A	data/antibiotics/antibacterial/ge2270a.yaml	JMDULECOHIXMNX-UHFFFAOYSA-N	ANTIBACTERIAL	96a0384cdf3c3474a56af128eb22fd2bad2250f530e67035b8644fc51776974f	2	0	1	1	0	RECORDED_NAME_QUERIES_TRAVERSED_NOT_PRIMARY_REVIEW	False	2	2	0	2			0	0	0			0		OPEN
CHEBI:2962	kresoxim-methyl	data/antibiotics/antifungal/kresoxim-methyl.yaml	ZOTBXTZVPHCKPN-HTXNQAPBSA-N	ANTIFUNGAL	ed31ac691818fd5e49281a22463a73316d543b1860a149ca34d64e3fa2f3a008	1	0	6	3	0	RECORDED_NAME_QUERIES_TRAVERSED_NOT_PRIMARY_REVIEW	False	1	1	0	1			0	0	0			0		OPEN
CHEBI:29623	manumycin A	data/antibiotics/unspecified/manumycin-a.yaml	TWWQHCKLTXDWBD-MVTGTTCWSA-N	ANTIMICROBIAL_UNSPECIFIED	d1e85fc4537f3504d78661ad662791bc554a71073ed53212c04699896b4d632b	0	0	8	3	0	RECORDED_NAME_QUERIES_TRAVERSED_NOT_PRIMARY_REVIEW	False	0	0	0	0			0	0	0			0		OPEN
CHEBI:29630	methymycin	data/antibiotics/antibacterial/methymycin.yaml	HUKYPYXOBINMND-HYUJHOPRSA-N	ANTIBACTERIAL	092a69625363b5c8cd9761fbf6589a68fe3b4cabb998c96d52452bc2fbaa7f24	5	0	2	2	0	RECORDED_NAME_QUERIES_TRAVERSED_NOT_PRIMARY_REVIEW	False	5	5	5	0	UniProtKB:A0A0K2B0Q1|UniProtKB:Q9ADH3|UniProtKB:Q9S1M6|UniProtKB:Q9ZGI6|UniProtKB:Q9ZGI7	NCBITaxon:100226|NCBITaxon:1906|NCBITaxon:278992|NCBITaxon:54571	0	0	0			0		OPEN
CHEBI:29649	narbomycin	data/antibiotics/antibacterial/narbomycin.yaml	OXFYAOOMMKGGAI-JLTOUBQASA-N	ANTIBACTERIAL	3df9b0044d213ecbf4c92ae6a2a6e10f785f6daa6f7be5e11bf0cedf62fae648	3	0	4	2	0	RECORDED_NAME_QUERIES_TRAVERSED_NOT_PRIMARY_REVIEW	False	3	3	3	0	UniProtKB:Q9S1M6|UniProtKB:Q9ZGI6|UniProtKB:Q9ZGI7	NCBITaxon:1906|NCBITaxon:54571	0	0	0			0		OPEN
CHEBI:29656	neomethymycin	data/antibiotics/unspecified/neomethymycin.yaml	UEIVQYHYALXCBD-OTUJEKPESA-N	ANTIMICROBIAL_UNSPECIFIED	c5032691a12f68eba23cd96e79608b44557de324f5e1ce245d8439e0614ffe37	0	0	2	2	0	RECORDED_NAME_QUERIES_TRAVERSED_NOT_PRIMARY_REVIEW	False	0	0	0	0			0	0	0			0		OPEN
CHEBI:29665	pikromycin	data/antibiotics/antibacterial/pikromycin.yaml	UZQBOFAUUTZOQE-VSLWXVDYSA-N	ANTIBACTERIAL	6f00a13eee19447a1318be300fd0a623a1c0506610d1ceb712fb25424f14656a	3	0	7	3	0	RECORDED_NAME_QUERIES_TRAVERSED_NOT_PRIMARY_REVIEW	False	3	3	3	0	UniProtKB:Q9S1M6|UniProtKB:Q9ZGI6|UniProtKB:Q9ZGI7	NCBITaxon:1906|NCBITaxon:54571	0	0	0			0		OPEN
CHEBI:29668	pulvomycin	data/antibiotics/antibacterial/pulvomycin.yaml	FXSFWUNCIOIMAC-YHQXOMPPSA-N	ANTIBACTERIAL	1e1a7ce9e894ba6276ecb4052252317f7ae0faea0975c55e65161ebbdecc23e5	1	0	2	2	0	RECORDED_NAME_QUERIES_TRAVERSED_NOT_PRIMARY_REVIEW	False	1	1	0	1			0	0	0			0		OPEN
CHEBI:29670	ramoplanin	data/antibiotics/antibacterial/ramoplanin.yaml	KGZHFKDNSAEOJX-WIFQYKSHSA-N	ANTIBACTERIAL	80feb56c587c6c722e52aae4eb3e135b636f047e417764b7b30ad571e9cb05ba	0	0	1	1	0	RECORDED_NAME_QUERIES_TRAVERSED_NOT_PRIMARY_REVIEW	False	0	0	0	0			0	0	0			0		OPEN
CHEBI:29672	resorcinol monoacetate	data/antibiotics/antibacterial/resorcinol-monoacetate.yaml	ZZPKZRHERLGEKA-UHFFFAOYSA-N	ANTIBACTERIAL	0411766a056cdaaf1a01f851e89e7e13b0126134ba5eb3aae764abc6ade81d2f	0	0	10	4	0	RECORDED_NAME_QUERIES_TRAVERSED_NOT_PRIMARY_REVIEW	False	0	0	0	0			0	0	0			0		OPEN
CHEBI:29673	rifamycin SV	data/antibiotics/antimycobacterial/rifamycin-sv.yaml	HJYYPODYNSCCOU-ODRIEIDWSA-N	ANTIMYCOBACTERIAL	e6f3f5010710957f85c3925ab19c3a534bb72739384cf86b3f328ce3b781bd99	0	0	10	4	1	RECORDED_NAME_QUERIES_TRAVERSED_NOT_PRIMARY_REVIEW	False	0	0	0	0			0	0	0			0		OPEN
CHEBI:29678	sodium arsenite	data/antibiotics/antibacterial/sodium-arsenite.yaml	PTLRDCMBXHILCL-UHFFFAOYSA-M	ANTIBACTERIAL	7bbe4f9ac7232c95f0cc5d41ebd8061efbd3de0a936f38ee0103172c4905ed51	0	0	9	3	2	RECORDED_NAME_QUERIES_TRAVERSED_NOT_PRIMARY_REVIEW	False	0	0	0	0			0	0	0			0		OPEN
CHEBI:2968	bacampicillin	data/antibiotics/unspecified/bacampicillin.yaml	PFOLLRNADZZWEX-FFGRCDKISA-N	ANTIMICROBIAL_UNSPECIFIED	51a2279fd508ef08bb1d9fca020ac0b1d711e055eed1e5a4d438f39a17d6d53e	0	0	7	3	0	RECORDED_NAME_QUERIES_TRAVERSED_NOT_PRIMARY_REVIEW	False	0	0	0	0			0	0	0			0		OPEN
CHEBI:29688	telithromycin	data/antibiotics/antibacterial/telithromycin.yaml	LJVAJPDWBABPEJ-PNUFFHFMSA-N	ANTIBACTERIAL	80911bedbfef0738e2c2a9628e8a83ce65dc79f84f7ae0ecd206cc65784d40db	30	0	5	2	1	RECORDED_NAME_QUERIES_TRAVERSED_NOT_PRIMARY_REVIEW	False	30	30	23	7	UniProtKB:A0A0H3EUF3|UniProtKB:A0A291R8R8|UniProtKB:A0A3R7IWB8|UniProtKB:A0A6I0LAE8|UniProtKB:A0A829QAF6|UniProtKB:A0AAX3AJQ0|UniProtKB:F3ZTT0|UniProtKB:L7N623|UniProtKB:P06572|UniProtKB:P07287|UniProtKB:P09891|UniProtKB:P0A0H3|UniProtKB:P10337|UniProtKB:P42242|UniProtKB:P95827|UniProtKB:Q00014|UniProtKB:Q04720|UniProtKB:Q6RX35|UniProtKB:Q6XFQ7|UniProtKB:Q79N53|UniProtKB:Q8KLN5|UniProtKB:Q9K2Z3|UniProtKB:Q9ZNK8	NCBITaxon:1038928|NCBITaxon:1280|NCBITaxon:1282|NCBITaxon:1289602|NCBITaxon:1296|NCBITaxon:1299324|NCBITaxon:1314|NCBITaxon:1352|NCBITaxon:1392|NCBITaxon:1598|NCBITaxon:1766|NCBITaxon:1772|NCBITaxon:224308|NCBITaxon:299766|NCBITaxon:31956|NCBITaxon:405948|NCBITaxon:679937|NCBITaxon:685038|NCBITaxon:79880|NCBITaxon:817|NCBITaxon:820|NCBITaxon:83331	0	0	0			0		OPEN
CHEBI:29693	thiostrepton	data/antibiotics/antibacterial/thiostrepton.yaml	NSFFHOGKXHRQEW-AIHSUZKVSA-N	ANTIBACTERIAL	e4b2e0aab90d5233c4f3981c86ac04e36ffbf2ad7f4a253eea957bc27e4407db	1	0	6	3	3	RECORDED_NAME_QUERIES_TRAVERSED_NOT_PRIMARY_REVIEW	False	1	1	1	0	UniProtKB:P52393	NCBITaxon:39478	0	0	0			0		OPEN
CHEBI:29694	thiotropocin	data/antibiotics/antibacterial/thiotropocin.yaml	DQGOJKVIMNNGAH-UHFFFAOYSA-N	ANTIBACTERIAL	affe9c4795ec22a02d4d42a3c8566a0e8311a09f5fd37efc3548f0dd16d7ae72	0	0	4	2	0	RECORDED_NAME_QUERIES_TRAVERSED_NOT_PRIMARY_REVIEW	False	0	0	0	0			0	0	0			0		OPEN
CHEBI:29701	tyrocidine A	data/antibiotics/antibacterial/tyrocidine-a.yaml	GSXRBRIWJGAPDU-BBVRJQLQSA-N	ANTIBACTERIAL	788cb38d71b6e4a175167ed6bbef3398c71f1c0eb7f1dda01c2cfd25109f18a7	0	0	5	2	0	RECORDED_NAME_QUERIES_TRAVERSED_NOT_PRIMARY_REVIEW	False	0	0	0	0			0	0	0			0		OPEN
CHEBI:29702	undecylprodigiosin	data/antibiotics/antibacterial/undecylprodigiosin.yaml	HIYSWASSDOXZLC-MOHJPFBDSA-N	ANTIBACTERIAL	a75d3c1d92c75a576cd55e8c2259569a76aff0d41184ce5db49c34481d166b6e	0	0	4	2	0	RECORDED_NAME_QUERIES_TRAVERSED_NOT_PRIMARY_REVIEW	False	0	0	0	0			0	0	0			0		OPEN
CHEBI:29703	validamycin A	data/antibiotics/antifungal/validamycin-a.yaml	JARYYMUOCXVXNK-CSLFJTBJSA-N	ANTIFUNGAL	dd09a47a3ae1260ebb4c31781c96ac77162549b121bd74b3aea208e1102aa178	0	0	12	4	0	RECORDED_NAME_QUERIES_TRAVERSED_NOT_PRIMARY_REVIEW	False	0	0	0	0			0	0	0			0		OPEN
CHEBI:29705	valnemulin	data/antibiotics/antibacterial/valnemulin.yaml	LLYYNOVSVPBRGV-NFQTWZMKSA-N	ANTIBACTERIAL	1683eaf999ca1541099bc0baf23b492a22aafde0a045b95b276114cbbdcaa455	2	0	1	1	0	RECORDED_NAME_QUERIES_TRAVERSED_NOT_PRIMARY_REVIEW	False	2	2	2	0	UniProtKB:E4Z841|UniProtKB:V5RL01	NCBITaxon:1280|NCBITaxon:29382	0	0	0			0		OPEN
CHEBI:29706	10-deoxymethymycin	data/antibiotics/unspecified/10-deoxymethymycin.yaml	DZGHWPQKGWXOHD-NHLONWFASA-N	ANTIMICROBIAL_UNSPECIFIED	f98c3a530130c7e973cc1190fff88057939ab37d40196d9b4a220af1c2163ad8	0	0	4	2	0	RECORDED_NAME_QUERIES_TRAVERSED_NOT_PRIMARY_REVIEW	False	0	0	0	0			0	0	0			0		OPEN
CHEBI:2979	baicalein	data/antibiotics/antibacterial/baicalein.yaml	FXNFHKRTJBSTCS-UHFFFAOYSA-N	ANTIBACTERIAL	9a8c7747bb6b360ba5aeec7330ef0509843b1616935a35ef34d7b649c5192d52	0	0	6	3	0	RECORDED_NAME_QUERIES_TRAVERSED_NOT_PRIMARY_REVIEW	False	0	0	0	0			0	0	0			0		OPEN
CHEBI:2980	5,6,7-trimethoxyflavone	data/antibiotics/antiviral/5-6-7-trimethoxyflavone.yaml	HJNJAUYFFFOFBW-UHFFFAOYSA-N	ANTIVIRAL	9d1650c985d3349f4073db7d6ff2bde26d391c678f38f88338e2d49ac3f2bb30	0	0	3	2	0	RECORDED_NAME_QUERIES_TRAVERSED_NOT_PRIMARY_REVIEW	False	0	0	0	0			0	0	0			0		OPEN
CHEBI:2981	baicalin	data/antibiotics/antibacterial/baicalin.yaml	IKIIZLYTISPENI-ZFORQUDYSA-N	ANTIBACTERIAL	cd808a2f60db15f4f75238cec324dc73406dd954a5282997a412de3badc95478	0	0	8	3	0	RECORDED_NAME_QUERIES_TRAVERSED_NOT_PRIMARY_REVIEW	False	0	0	0	0			0	0	0			0		OPEN
CHEBI:299	(R)-(+)-citronellal	data/antibiotics/antifungal/r-citronellal.yaml	NEHNMFOYXAPHSD-SNVBAGLBSA-N	ANTIFUNGAL	8d3dbc54c13ee0a3489a3e38c2d8fbcbe22bb5ce9558f7d67c0386140ebda1aa	0	0	7	3	0	RECORDED_NAME_QUERIES_TRAVERSED_NOT_PRIMARY_REVIEW	False	0	0	0	0			0	0	0			0		OPEN
CHEBI:3000	beauvericin	data/antibiotics/antifungal/beauvericin.yaml	GYSCAQFHASJXRS-FFCOJMSVSA-N	ANTIFUNGAL	49cb71e413056090d4bbca954252b52ad6297a0d53a981f0c570289bf5be6239	0	0	4	2	0	RECORDED_NAME_QUERIES_TRAVERSED_NOT_PRIMARY_REVIEW	False	0	0	0	0			0	0	0			0		OPEN
CHEBI:301	(−)-α-phellandrene	data/antibiotics/unspecified/α-phellandrene.yaml	OGLDWXZKYODSOB-SNVBAGLBSA-N	ANTIMICROBIAL_UNSPECIFIED	6e8ef1606b9eb149d16b5f0981e7b806e62ef348e111f5b334f0f7d871b8fa7c	0	0	10	4	0	RECORDED_NAME_QUERIES_TRAVERSED_NOT_PRIMARY_REVIEW	False	0	0	0	0			0	0	0			0		OPEN
CHEBI:3015	benomyl	data/antibiotics/antifungal/benomyl.yaml	RIOXQFHNBCKOKP-UHFFFAOYSA-N	ANTIFUNGAL	960550ab712276f4e781904f0afa8734eb3bc56baa570ccbc112073b2e19f3da	2	0	10	4	2	RECORDED_NAME_QUERIES_TRAVERSED_NOT_PRIMARY_REVIEW	False	2	2	0	2			0	0	0			0		OPEN
CHEBI:30200	kaempferol 3-O-β-D-glucoside	data/antibiotics/antiprotozoal/kaempferol-3-o-β-d-glucoside.yaml	JPUKWEQWGBDDQB-QSOFNFLRSA-N	ANTIPROTOZOAL	7937329e4ba025eedd3254b98f4beb83a60ce1ac999d5896ecb67b3f9c957583	0	0	10	4	0	RECORDED_NAME_QUERIES_TRAVERSED_NOT_PRIMARY_REVIEW	False	0	0	0	0			0	0	0			0		OPEN
CHEBI:30270	E64	data/antibiotics/antiprotozoal/e64.yaml	LTLYEAJONXGNFG-DCAQKATOSA-N	ANTIPROTOZOAL	b3bf47801f9773308738e66ed6dfeec47b33091b6ca11705eb4fe2a1c0fb9651	0	0	5	2	0	RECORDED_NAME_QUERIES_TRAVERSED_NOT_PRIMARY_REVIEW	False	0	0	0	0			0	0	0			0		OPEN
CHEBI:30473	fentin hydroxide	data/antibiotics/antifungal/fentin-hydroxide.yaml	BFWMWWXRWVJXSE-UHFFFAOYSA-M	ANTIFUNGAL	f7229f5c61682d33e35f73c2b3ab44834f75d063b30ec46ec142997de9e2c306	0	0	9	3	0	RECORDED_NAME_QUERIES_TRAVERSED_NOT_PRIMARY_REVIEW	False	0	0	0	0			0	0	0			0		OPEN
CHEBI:3049	benzatropine mesylate	data/antibiotics/antiviral/benzatropine-mesylate.yaml	CPFJLLXFNPCTDW-BWSPSPBFSA-N	ANTIVIRAL	cbaace9000eb597c0e94303292f353f7b820f8da0a2fd080a78a8dcd97dcda7d	0	0	17	5	0	RECORDED_NAME_QUERIES_TRAVERSED_NOT_PRIMARY_REVIEW	False	0	0	0	0			0	0	0			0		OPEN
CHEBI:30746	benzoic acid	data/antibiotics/biocide/benzoic-acid.yaml	WPYMKLBDIGXBTP-UHFFFAOYSA-N	BIOCIDE	69e8b0e3deb700496d300d95c5a97b7fd37ba92c140a99a6464e75d15ccbaa48	0	0	13	4	2	RECORDED_NAME_QUERIES_TRAVERSED_NOT_PRIMARY_REVIEW	False	0	0	0	0			0	0	0			0		OPEN
CHEBI:30751	formic acid	data/antibiotics/antibacterial/formic-acid.yaml	BDAGIHXWWSANSR-UHFFFAOYSA-N	ANTIBACTERIAL	f57af624b1dc4c87684ee4d17484d1d8ca281f849adb4d0365bb0ea5779b4cb1	0	0	14	5	2	RECORDED_NAME_QUERIES_TRAVERSED_NOT_PRIMARY_REVIEW	False	0	0	0	0			0	0	0			0		OPEN
CHEBI:30768	propionic acid	data/antibiotics/antifungal/propionic-acid.yaml	XBDQKXXYIPTUBI-UHFFFAOYSA-N	ANTIFUNGAL	eb664dca72934795f8eeaff0250ec7fb39458c8260953a9078ca374289cb990d	0	0	18	6	3	RECORDED_NAME_QUERIES_TRAVERSED_NOT_PRIMARY_REVIEW	False	0	0	0	0			0	0	0			0		OPEN
CHEBI:30769	citric acid	data/antibiotics/unspecified/citric-acid.yaml	KRKNYBCHXYNGOX-UHFFFAOYSA-N	ANTIMICROBIAL_UNSPECIFIED	e08e72eb97f146c8294a8110f5a292d3dd29c5791426db0048171e4075d5cdd9	0	0	10	4	2	RECORDED_NAME_QUERIES_TRAVERSED_NOT_PRIMARY_REVIEW	False	0	0	0	0			0	0	0			0		OPEN
CHEBI:30805	dodecanoic acid	data/antibiotics/antibacterial/dodecanoic-acid.yaml	POULHZVOKOAJMA-UHFFFAOYSA-N	ANTIBACTERIAL	5e214b433cbc483424529e419433081b5cdd10aa7924d8e706aa30b48118e59f	0	0	24	7	1	RECORDED_NAME_QUERIES_TRAVERSED_NOT_PRIMARY_REVIEW	False	0	0	0	0			0	0	0			0		OPEN
CHEBI:30813	decanoic acid	data/antibiotics/antibacterial/decanoic-acid.yaml	GHVNFZFCNZKVNT-UHFFFAOYSA-N	ANTIBACTERIAL	1e7029d7105689f3b78ecfdce889b410991b74cab71f9deb29f9c59e1e53361d	0	0	18	6	0	RECORDED_NAME_QUERIES_TRAVERSED_NOT_PRIMARY_REVIEW	False	0	0	0	0			0	0	0			0		OPEN
CHEBI:30815	moronic acid	data/antibiotics/antiviral/moronic-acid.yaml	UMYJVVZWBKIXQQ-QALSDZMNSA-N	ANTIVIRAL	17086cbee5d69d3227d984eb86502d6b59e821226b5b0bc7c06464a045925704	0	0	3	2	0	RECORDED_NAME_QUERIES_TRAVERSED_NOT_PRIMARY_REVIEW	False	0	0	0	0			0	0	0			0		OPEN
CHEBI:3086	betulin	data/antibiotics/antiviral/betulin.yaml	FVWJYYTZTCVBKE-ROUWMTJPSA-N	ANTIVIRAL	f2288c364241c0db59539ccc97b51b8fbce5495b349493aa41fd1464539d9fb7	0	0	6	3	0	RECORDED_NAME_QUERIES_TRAVERSED_NOT_PRIMARY_REVIEW	False	0	0	0	0			0	0	0			0		OPEN
CHEBI:3087	betulinic acid	data/antibiotics/antiprotozoal/betulinic-acid.yaml	QGJZLNKBHJESQX-FZFNOLFKSA-N	ANTIPROTOZOAL	e69242199230fdbbb9e40f413324ca29a3e3a093ab804c96b7cfa0fa71e36df9	0	0	4	2	0	RECORDED_NAME_QUERIES_TRAVERSED_NOT_PRIMARY_REVIEW	False	0	0	0	0			0	0	0			0		OPEN
CHEBI:3088	bilanafos	data/antibiotics/unspecified/bilanafos.yaml	GINJFDRNADDBIN-FXQIFTODSA-N	ANTIMICROBIAL_UNSPECIFIED	9b33899faaf6182b144c49554074b3842c9d5bc2f9aac17f1127c08caa997d57	0	0	13	4	1	RECORDED_NAME_QUERIES_TRAVERSED_NOT_PRIMARY_REVIEW	False	0	0	0	0			0	0	0			0		OPEN
CHEBI:3089	biapenem	data/antibiotics/antibacterial/biapenem.yaml	MRMBZHPJVKCOMA-YJFSRANCSA-N	ANTIBACTERIAL	69f0cb71be6a546e3f89b89bf612fb0b67b2235f49aac56c281e3b24475b7682	0	0	8	3	0	RECORDED_NAME_QUERIES_TRAVERSED_NOT_PRIMARY_REVIEW	False	0	0	0	0			0	0	0			0		OPEN
CHEBI:3096	bikaverin	data/antibiotics/antibacterial/bikaverin.yaml	ZOQMSOSJEWBMHP-UHFFFAOYSA-N	ANTIBACTERIAL	996dd1d9219e4d01e904f721392f1cc21748ac2107eba8ddc76034a7ed4e25bb	0	0	3	2	0	RECORDED_NAME_QUERIES_TRAVERSED_NOT_PRIMARY_REVIEW	False	0	0	0	0			0	0	0			0		OPEN
CHEBI:30986	frequentin	data/antibiotics/unspecified/frequentin.yaml	MHZVWXOKIRZLCJ-RVZXZRSKSA-N	ANTIMICROBIAL_UNSPECIFIED	bd705e2296a76afb45195197ad5091c622fc5ac9f0e003f63b401cf126fbb132	0	0	2	2	0	RECORDED_NAME_QUERIES_TRAVERSED_NOT_PRIMARY_REVIEW	False	0	0	0	0			0	0	0			0		OPEN
CHEBI:31000	docosan-1-ol	data/antibiotics/antiviral/docosan-1-ol.yaml	NOPFSRXAKWQILS-UHFFFAOYSA-N	ANTIVIRAL	148a49c3efe31eb534e80d3d0ba56e9f225a63558907c3ddc696806206e21b1a	0	0	9	3	0	RECORDED_NAME_QUERIES_TRAVERSED_NOT_PRIMARY_REVIEW	False	0	0	0	0			0	0	0			0		OPEN
CHEBI:31031	(13S)-13-dihydrodaunorubicin	data/antibiotics/unspecified/13s-13-dihydrodaunorubicin.yaml	HJEZFVLKJYFNQW-PRFXOSGESA-N	ANTIMICROBIAL_UNSPECIFIED	d38e89b5e0b7b06937addbf40d4c07e1d5f4bb3d7cdb30a5b6c3368883599797	0	0	2	2	0	RECORDED_NAME_QUERIES_TRAVERSED_NOT_PRIMARY_REVIEW	False	0	0	0	0			0	0	0			0		OPEN
CHEBI:310388	ciprofloxacin hydrochloride (anhydrous)	data/antibiotics/antibacterial/ciprofloxacin-hydrochloride-anhydrous.yaml	DIOIOSKKIYDRIQ-UHFFFAOYSA-N	ANTIBACTERIAL	154b7410a2395ba692abfb6f1439d63d3d757d7d2fa77e48eb561325bd48a0f2	0	0	9	3	0	RECORDED_NAME_QUERIES_TRAVERSED_NOT_PRIMARY_REVIEW	False	0	0	0	0			0	0	0			0		OPEN
CHEBI:31047	10-carboxy-13-deoxycarminomycin	data/antibiotics/unspecified/10-carboxy-13-deoxycarminomycin.yaml	MMYTYGXIKKVLES-AGMCFEMXSA-N	ANTIMICROBIAL_UNSPECIFIED	b72986ddfefaab9924aabf56b3b4b22c0883f2f29ceacc3fee6fd65e4be5cd95	0	0	5	2	0	RECORDED_NAME_QUERIES_TRAVERSED_NOT_PRIMARY_REVIEW	False	0	0	0	0			0	0	0			0		OPEN
CHEBI:31056	13-deoxycarminomycin	data/antibiotics/unspecified/13-deoxycarminomycin.yaml	UHYFCDBUKBJSFA-JYFLSIMMSA-N	ANTIMICROBIAL_UNSPECIFIED	88bf6cfd24ec5aa281d216d9304a317ec35fdfbb28e7461cff4c5e5248c3ccca	0	0	5	2	0	RECORDED_NAME_QUERIES_TRAVERSED_NOT_PRIMARY_REVIEW	False	0	0	0	0			0	0	0			0		OPEN
CHEBI:31057	13-deoxydaunorubicin	data/antibiotics/unspecified/13-deoxydaunorubicin.yaml	XAMIMZAWZUSOPA-JIGXQNLBSA-N	ANTIMICROBIAL_UNSPECIFIED	1231d2c1a9ede858e011ffa6f91b16317835b8bd211357d5d4b429b64d29c82d	0	0	3	2	0	RECORDED_NAME_QUERIES_TRAVERSED_NOT_PRIMARY_REVIEW	False	0	0	0	0			0	0	0			0		OPEN
CHEBI:31058	(13R)-13-dihydrocarminomycin	data/antibiotics/unspecified/13r-13-dihydrocarminomycin.yaml	YXBSCYMMPXQFDS-LBIZDXDESA-N	ANTIMICROBIAL_UNSPECIFIED	578251e0fd5cc646cd2d27f569526531cf099cbd8b12e0913a798ae345039764	0	0	7	3	0	RECORDED_NAME_QUERIES_TRAVERSED_NOT_PRIMARY_REVIEW	False	0	0	0	0			0	0	0			0		OPEN
CHEBI:31059	13-dihydrodaunorubicin	data/antibiotics/unspecified/13-dihydrodaunorubicin.yaml	HJEZFVLKJYFNQW-FKKRWUELSA-N	ANTIMICROBIAL_UNSPECIFIED	8add952c429ed1247b3daa8b631b32221f54291474f1a6d698529ffdd2d1ba34	0	0	10	4	0	RECORDED_NAME_QUERIES_TRAVERSED_NOT_PRIMARY_REVIEW	False	0	0	0	0			0	0	0			0		OPEN
CHEBI:31144	8-demethyltetracenomycin C	data/antibiotics/unspecified/8-demethyltetracenomycin-c.yaml	DFURSAVCHZIKSU-STZQEDGTSA-N	ANTIMICROBIAL_UNSPECIFIED	87a9e6813912175351ea16e98e2ddeb77acf7501d80cb629297ed2c7302d46e7	0	0	2	2	0	RECORDED_NAME_QUERIES_TRAVERSED_NOT_PRIMARY_REVIEW	False	0	0	0	0			0	0	0			0		OPEN
CHEBI:31168	spiramycin II	data/antibiotics/antibacterial/spiramycin-ii.yaml	ZPCCSZFPOXBNDL-RSMXASMKSA-N	ANTIBACTERIAL	478f95f3831559509aad8453ea182728f042bffa7928b1cc763aa0f0e1731e69	0	0	8	3	0	RECORDED_NAME_QUERIES_TRAVERSED_NOT_PRIMARY_REVIEW	False	0	0	0	0			0	0	0			0		OPEN
CHEBI:31175	adefovir pivoxil	data/antibiotics/antiviral/adefovir-pivoxil.yaml	WOZSCQDILHKSGG-UHFFFAOYSA-N	ANTIVIRAL	5336de11423a1e30d9750aeb10bf01600ec06221a30bbd09645f428bfcf9144d	0	0	11	4	1	RECORDED_NAME_QUERIES_TRAVERSED_NOT_PRIMARY_REVIEW	False	0	0	0	0			0	0	0			0		OPEN
CHEBI:31240	aspoxicillin	data/antibiotics/antibacterial/aspoxicillin.yaml	BHELIUBJHYAEDK-OAIUPTLZSA-N	ANTIBACTERIAL	a998c11d5a47691d8a873f9d20848e3965aa77f137ca9df77e2259668e0c5398	0	0	1	1	0	RECORDED_NAME_QUERIES_TRAVERSED_NOT_PRIMARY_REVIEW	False	0	0	0	0			0	0	0			0		OPEN
CHEBI:31264	benzethonium chloride	data/antibiotics/antibacterial/benzethonium-chloride.yaml	UREZNYTWGJKWBI-UHFFFAOYSA-M	ANTIBACTERIAL	fa22a5e79dde7e9f25f28473635c0f7418ea1f994696f46414c9d02adac41e87	0	0	37	10	1	RECORDED_NAME_QUERIES_TRAVERSED_NOT_PRIMARY_REVIEW	False	0	0	0	0			0	0	0			0		OPEN
CHEBI:3131	bithionol	data/antibiotics/antifungal/bithionol.yaml	JFIOVJDNOJYLKP-UHFFFAOYSA-N	ANTIFUNGAL	abc441a7e69e17178be6fcf105dcfd6ceccfa3a812ad3b8d8b5a973d658c7d26	0	0	9	3	0	RECORDED_NAME_QUERIES_TRAVERSED_NOT_PRIMARY_REVIEW	False	0	0	0	0			0	0	0			0		OPEN
CHEBI:31325	butenafine hydrochloride	data/antibiotics/antifungal/butenafine-hydrochloride.yaml	LJBSAUIFGPSHCN-UHFFFAOYSA-N	ANTIFUNGAL	8ed5eae7a666963c2536c63e5bc80fe33a359a11631448cdef5d20e7f03adbad	0	0	7	3	0	RECORDED_NAME_QUERIES_TRAVERSED_NOT_PRIMARY_REVIEW	False	0	0	0	0			0	0	0			0		OPEN
CHEBI:31347	camostat mesylate	data/antibiotics/antiviral/camostat-mesylate.yaml	FSEKIHNIDBATFG-UHFFFAOYSA-N	ANTIVIRAL	42ff789646ceca699ad43b4a5c3c57fe77045b1318e279ba5c2514452d9c04f1	0	0	12	4	0	RECORDED_NAME_QUERIES_TRAVERSED_NOT_PRIMARY_REVIEW	False	0	0	0	0			0	0	0			0		OPEN
CHEBI:31359	carminomycin	data/antibiotics/unspecified/carminomycin.yaml	XREUEWVEMYWFFA-CSKJXFQVSA-N	ANTIMICROBIAL_UNSPECIFIED	9b88518541fdb9a010868cf14c538a9a24356dfffe64dd8660b8a56f9fa0b52a	0	0	6	3	0	RECORDED_NAME_QUERIES_TRAVERSED_NOT_PRIMARY_REVIEW	False	0	0	0	0			0	0	0			0		OPEN
CHEBI:31368	cefepime hydrochloride	data/antibiotics/antibacterial/cefepime-hydrochloride.yaml	LRAJHPGSGBRUJN-OMIVUECESA-N	ANTIBACTERIAL	d1a42ca57f8cae97ecc0be64e326ad9ed73fa65b83aed4b238c4210e1c50e552	0	0	9	3	0	RECORDED_NAME_QUERIES_TRAVERSED_NOT_PRIMARY_REVIEW	False	0	0	0	0			0	0	0			0		OPEN
CHEBI:31373	cefotiam hexetil dihydrochloride	data/antibiotics/antibacterial/cefotiam-hexetil-dihydrochloride.yaml	FFSANQNELHESQJ-LWBICVDYSA-N	ANTIBACTERIAL	7505e76cb8cd6cbb91862f6d9fb3f6c1d1627bb98b0889acd41424d93b9b085a	0	0	6	3	0	RECORDED_NAME_QUERIES_TRAVERSED_NOT_PRIMARY_REVIEW	False	0	0	0	0			0	0	0			0		OPEN
CHEBI:31374	cefotiam dihydrochloride	data/antibiotics/antibacterial/cefotiam-dihydrochloride.yaml	BWRRTAXZCKVRON-DGPOFWGLSA-N	ANTIBACTERIAL	8b8faf5bb17340b6712a60b02e7488178c7c03decec549b593f6a71746f9d0dc	0	0	5	2	0	RECORDED_NAME_QUERIES_TRAVERSED_NOT_PRIMARY_REVIEW	False	0	0	0	0			0	0	0			0		OPEN
CHEBI:31379	cefroxadine	data/antibiotics/antibacterial/cefroxadine.yaml	RDMOROXKXONCAL-UEKVPHQBSA-N	ANTIBACTERIAL	b388c0d7befcfaceb96f0afbca26c02a9e42cce48819cfe40b8754765d2155e9	0	0	8	3	0	RECORDED_NAME_QUERIES_TRAVERSED_NOT_PRIMARY_REVIEW	False	0	0	0	0			0	0	0			0		OPEN
CHEBI:31383	ceftiofur	data/antibiotics/antibacterial/ceftiofur.yaml	RFLHUYUQCKHUKS-JUODUXDSSA-M	ANTIBACTERIAL	a5bb84123d6f54f25599e00501a58a474bc18edcd19a676a33dabd7af3f4bc08	1	0	3	2	1	RECORDED_NAME_QUERIES_TRAVERSED_NOT_PRIMARY_REVIEW	False	1	1	0	1			0	0	0			0		OPEN
CHEBI:31389	chelidonine	data/antibiotics/unspecified/chelidonine.yaml	GHKISGDRQRSCII-ZOCIIQOWSA-N	ANTIMICROBIAL_UNSPECIFIED	30c705d2853a9a59534b9bc487450098a0e92738d801fd75dcfd2d3518629cc4	0	0	7	3	0	RECORDED_NAME_QUERIES_TRAVERSED_NOT_PRIMARY_REVIEW	False	0	0	0	0			0	0	0			0		OPEN
CHEBI:3139	bleomycin A2	data/antibiotics/antibacterial/bleomycin-a2.yaml	OYVAGSVQBOHSSS-UAPAGMARSA-O	ANTIBACTERIAL	7dd23a3564f14841a288b1909dacb8c3ca4d71e3fc2e4646649d5799a3895e8f	1	0	6	3	1	RECORDED_NAME_QUERIES_TRAVERSED_NOT_PRIMARY_REVIEW	False	1	1	0	1			0	0	0			0		OPEN
CHEBI:31398	ciclopirox olamine	data/antibiotics/antibacterial/ciclopirox-olamine.yaml	HKUKJIQHPXYJTP-UHFFFAOYSA-O	ANTIBACTERIAL	f3bf3b2007a77857cf56585534c70a0f1e08b139f7f4cc32f15979b40835fe94	0	0	10	4	0	RECORDED_NAME_QUERIES_TRAVERSED_NOT_PRIMARY_REVIEW	False	0	0	0	0			0	0	0			0		OPEN
CHEBI:31444	cyclacillin	data/antibiotics/antibacterial/cyclacillin.yaml	HGBLNBBNRORJKI-WCABBAIRSA-N	ANTIBACTERIAL	6b8eb9e5e0c4fe5452652d789ebcdd63ff1930ed37a2573c790f374844455c5e	0	0	21	6	0	RECORDED_NAME_QUERIES_TRAVERSED_NOT_PRIMARY_REVIEW	False	0	0	0	0			0	0	0			0		OPEN
CHEBI:31457	decanal	data/antibiotics/antifungal/decanal.yaml	KSMVZQYAVGTKIV-UHFFFAOYSA-N	ANTIFUNGAL	d531445a6164752690b926be0efe7559e97f65446362fc4580834c1677271d25	0	0	10	4	0	RECORDED_NAME_QUERIES_TRAVERSED_NOT_PRIMARY_REVIEW	False	0	0	0	0			0	0	0			0		OPEN
CHEBI:31466	dequalinium chloride	data/antibiotics/antifungal/dequalinium-chloride.yaml	LTNZEXKYNRNOGT-UHFFFAOYSA-N	ANTIFUNGAL	3be968b6467aebade8f5735d6ccb1686a10c652000ddbcf3cf6fcc7793b281cd	0	0	9	3	0	RECORDED_NAME_QUERIES_TRAVERSED_NOT_PRIMARY_REVIEW	False	0	0	0	0			0	0	0			0		OPEN
CHEBI:315018	echinocandin B	data/antibiotics/antifungal/echinocandin-b.yaml	FAUOJMHVEYMQQG-HVYQDZECSA-N	ANTIFUNGAL	4dfc8af1ba680deb05b99d10faad8eba4c156e483b5892d25c16d5cc390f356f	0	0	3	2	0	RECORDED_NAME_QUERIES_TRAVERSED_NOT_PRIMARY_REVIEW	False	0	0	0	0			0	0	0			0		OPEN
CHEBI:315019	cilofungin	data/antibiotics/antifungal/cilofungin.yaml	ZKZKCEAHVFVZDJ-MTUMARHDSA-N	ANTIFUNGAL	5e63a5cb4b7488b5de68004976e786da6323d025780ec548e60845b40e4b9a14	0	0	8	3	0	RECORDED_NAME_QUERIES_TRAVERSED_NOT_PRIMARY_REVIEW	False	0	0	0	0			0	0	0			0		OPEN
CHEBI:31503	dioncopeltine A	data/antibiotics/antiprotozoal/dioncopeltine-a.yaml	ZQSUAGVTKAZDJV-CHWSQXEVSA-N	ANTIPROTOZOAL	9e3437cb21e32b2d7bf6270710b03e701a8795eab43c435c619b77ca287e0c0b	0	0	4	2	0	RECORDED_NAME_QUERIES_TRAVERSED_NOT_PRIMARY_REVIEW	False	0	0	0	0			0	0	0			0		OPEN
CHEBI:31504	dioncophylline A	data/antibiotics/antifungal/dioncophylline-a.yaml	MXIZZLBQRBAZEX-HUUCEWRRSA-N	ANTIFUNGAL	7631a19056ae2a71a7b08aaa3350fcb01b0cc30fb55e813a17e9ac3a0aa13c3c	0	0	3	2	0	RECORDED_NAME_QUERIES_TRAVERSED_NOT_PRIMARY_REVIEW	False	0	0	0	0			0	0	0			0		OPEN
CHEBI:31505	dioncophylline C	data/antibiotics/antiprotozoal/dioncophylline-c.yaml	NALOMJPIDNQZKW-ZIAGYGMSSA-N	ANTIPROTOZOAL	a6f5f074757918dc331c1f2a8c8f013577aa0a30ea136c28685ed9e4b4d13be7	0	0	3	2	0	RECORDED_NAME_QUERIES_TRAVERSED_NOT_PRIMARY_REVIEW	False	0	0	0	0			0	0	0			0		OPEN
CHEBI:31536	emtricitabine	data/antibiotics/antiviral/emtricitabine.yaml	XQSPYNMVSIKCOC-NTSWFWBYSA-N	ANTIVIRAL	f1b805ca475442639637ed8f6cbe22089a86e9b6cd232b6c95f42ed23c19cf53	0	14	13	4	2	RECORDED_NAME_QUERIES_TRAVERSED_NOT_PRIMARY_REVIEW	False	0	0	0	0			0	0	0			14	NCBITaxon:11676	OPEN
CHEBI:31555	erythromycin ethylsuccinate	data/antibiotics/unspecified/erythromycin-ethylsuccinate.yaml	NSYZCCDSJNWWJL-YXOIYICCSA-N	ANTIMICROBIAL_UNSPECIFIED	6ea201d49828260c79a43914bcef840be40198563e2f5cfa4aa85f299db43f5b	0	0	19	6	0	RECORDED_NAME_QUERIES_TRAVERSED_NOT_PRIMARY_REVIEW	False	0	0	0	0			0	0	0			0		OPEN
CHEBI:31575	ethylparaben	data/antibiotics/antifungal/ethylparaben.yaml	NUVBSKCKDOMJSU-UHFFFAOYSA-N	ANTIFUNGAL	0e39c40f8efc3c55245a7d7e60a96ce65849a2f480a42af475269c13211aa416	0	0	10	4	0	RECORDED_NAME_QUERIES_TRAVERSED_NOT_PRIMARY_REVIEW	False	0	0	0	0			0	0	0			0		OPEN
CHEBI:31585	exalamide	data/antibiotics/antifungal/exalamide.yaml	CKSJXOVLXUMMFF-UHFFFAOYSA-N	ANTIFUNGAL	1f8914d12e0c4add4a8fa72aac04a6029ce5633a306f6ded5ea48c476e85d100	0	0	10	4	1	RECORDED_NAME_QUERIES_TRAVERSED_NOT_PRIMARY_REVIEW	False	0	0	0	0			0	0	0			0		OPEN
CHEBI:31647	gemcitabine hydrochloride	data/antibiotics/antiviral/gemcitabine-hydrochloride.yaml	OKKDEIYWILRZIA-OSZBKLCCSA-N	ANTIVIRAL	a03cb4297a8d1cb8bfc147b320a377bfa01fa265da991a68a6e07024790c5574	0	0	5	2	0	RECORDED_NAME_QUERIES_TRAVERSED_NOT_PRIMARY_REVIEW	False	0	0	0	0			0	0	0			0		OPEN
CHEBI:31690	imatinib methanesulfonate	data/antibiotics/antiviral/imatinib-methanesulfonate.yaml	YLMAHDNUQAMNNX-UHFFFAOYSA-N	ANTIVIRAL	00ce4f179e5dac9e3e2a19cc6fc61275e43b3208ffc8c817e80c9eb2eca2ebae	0	0	8	3	1	RECORDED_NAME_QUERIES_TRAVERSED_NOT_PRIMARY_REVIEW	False	0	0	0	0			0	0	0			0		OPEN
CHEBI:3170	brazilin	data/antibiotics/antibacterial/brazilin.yaml	UWHUTZOCTZJUKC-JKSUJKDBSA-N	ANTIBACTERIAL	c528a3654a5d3c8ed24f09e594cd602d3543ffa1280fd2f00adb9c23e174ae28	0	0	6	3	0	RECORDED_NAME_QUERIES_TRAVERSED_NOT_PRIMARY_REVIEW	False	0	0	0	0			0	0	0			0		OPEN
CHEBI:31738	jadomycin B	data/antibiotics/antibacterial/jadomycin-b.yaml	BSBSCJRAEMDCHC-LVOPHWFOSA-N	ANTIBACTERIAL	0521786ede2cd9dff248cb8fe16b08157504ae41f3b5405144a6841fa18fbcaf	0	0	2	2	0	RECORDED_NAME_QUERIES_TRAVERSED_NOT_PRIMARY_REVIEW	False	0	0	0	0			0	0	0			0		OPEN
CHEBI:31739	josamycin	data/antibiotics/antibacterial/josamycin.yaml	XJSFLOJWULLJQS-NGVXBBESSA-N	ANTIBACTERIAL	a167baa7f81ecc83559408a7f5349b5b01cc7fe6559d8353302ae6f5c23b8480	6	0	14	5	0	RECORDED_NAME_QUERIES_TRAVERSED_NOT_PRIMARY_REVIEW	False	6	6	2	4	UniProtKB:O05649|UniProtKB:P43433	NCBITaxon:1938|NCBITaxon:28040	0	0	0			0		OPEN
CHEBI:31742	kaempferol 3-O-β-D-galactoside	data/antibiotics/antifungal/kaempferol-3-o-β-d-galactoside.yaml	JPUKWEQWGBDDQB-DTGCRPNFSA-N	ANTIFUNGAL	ef2e83d9d2257620cf4b8828c2460d28f6b63428f6083448172f776a04445d64	0	0	5	2	0	RECORDED_NAME_QUERIES_TRAVERSED_NOT_PRIMARY_REVIEW	False	0	0	0	0			0	0	0			0		OPEN
CHEBI:31753	leucomycin V	data/antibiotics/unspecified/leucomycin-v.yaml	XYJOGTQLTFNMQG-KJHBSLKPSA-N	ANTIMICROBIAL_UNSPECIFIED	0352d1138b8e241516c877f60703d10246b7299d63fb1407a4d366061b902caa	0	0	3	2	0	RECORDED_NAME_QUERIES_TRAVERSED_NOT_PRIMARY_REVIEW	False	0	0	0	0			0	0	0			0		OPEN
CHEBI:31781	lopinavir	data/antibiotics/antiviral/lopinavir.yaml	KJHKTHWMRKYKJE-SUGCFTRWSA-N	ANTIVIRAL	f61f13a9492ad4e3cfddc0cb0b7d6cc8aef3f09c0989897fd1a44590b4166382	0	0	3	2	2	RECORDED_NAME_QUERIES_TRAVERSED_NOT_PRIMARY_REVIEW	False	0	0	0	0			0	0	0			0		OPEN
CHEBI:31788	luteolin 7-O-neohesperidoside	data/antibiotics/antibacterial/luteolin-7-o-neohesperidoside.yaml	SHPPXMGVUDNKLV-KMFFXDMSSA-N	ANTIBACTERIAL	f13a86213a4d5afb860bfe682bcf4b2e56cdc55a5f77dd4a761dcb6bf63ba671	0	0	10	4	0	RECORDED_NAME_QUERIES_TRAVERSED_NOT_PRIMARY_REVIEW	False	0	0	0	0			0	0	0			0		OPEN
CHEBI:31810	fleroxacin	data/antibiotics/antibacterial/fleroxacin.yaml	XBJBPGROQZJDOJ-UHFFFAOYSA-N	ANTIBACTERIAL	c92d8c042d12053cec9cbedffd39b5f0a7ac3c3cde7e954219952e4fb4a8cede	0	0	8	3	0	RECORDED_NAME_QUERIES_TRAVERSED_NOT_PRIMARY_REVIEW	False	0	0	0	0			0	0	0			0		OPEN
CHEBI:31835	methylparaben	data/antibiotics/antifungal/methylparaben.yaml	LXCFILQKKLGQFO-UHFFFAOYSA-N	ANTIFUNGAL	9dcf5676b7e42ca5e1fa59f3d7e3913261a15cb54bc5b4f47d24af1b60962dda	0	0	28	8	0	RECORDED_NAME_QUERIES_TRAVERSED_NOT_PRIMARY_REVIEW	False	0	0	0	0			0	0	0			0		OPEN
CHEBI:31845	midecamycin	data/antibiotics/antibacterial/midecamycin.yaml	DMUAPQTXSSNEDD-QALJCMCCSA-N	ANTIBACTERIAL	e9084ac3b6feca498ed2e2a0df9fbac41f932974d1a51bc2dd492c1349c4e66f	0	0	1	1	0	RECORDED_NAME_QUERIES_TRAVERSED_NOT_PRIMARY_REVIEW	False	0	0	0	0			0	0	0			0		OPEN
CHEBI:31856	mithramycin	data/antibiotics/unspecified/mithramycin.yaml	CFCUWKMKBJTWLW-BKHRDMLASA-N	ANTIMICROBIAL_UNSPECIFIED	f855f26616c332d2eb0ec27a609fca0c15897afd7fb5c352829dda143813504a	0	0	10	4	0	RECORDED_NAME_QUERIES_TRAVERSED_NOT_PRIMARY_REVIEW	False	0	0	0	0			0	0	0			0		OPEN
CHEBI:31889	nadifloxacin	data/antibiotics/antibacterial/nadifloxacin.yaml	JYJTVFIEFKZWCJ-UHFFFAOYSA-N	ANTIBACTERIAL	37d5699876a290aef202b0d1e76af20d22b0b558fd67116a69ce179b727afeb9	0	0	6	3	0	RECORDED_NAME_QUERIES_TRAVERSED_NOT_PRIMARY_REVIEW	False	0	0	0	0			0	0	0			0		OPEN
CHEBI:31900	neticonazole hydrochloride	data/antibiotics/antifungal/neticonazole-hydrochloride.yaml	HAHMABKERDVYCH-ZUQRMPMESA-N	ANTIFUNGAL	81232dd9149f14010ac796551bd8241130c50a73901606645196baf87ac06659	0	0	5	2	0	RECORDED_NAME_QUERIES_TRAVERSED_NOT_PRIMARY_REVIEW	False	0	0	0	0			0	0	0			0		OPEN
CHEBI:31908	niddamycin	data/antibiotics/antibacterial/niddamycin.yaml	REPPNUPKOJKPSP-ZZNWINOMSA-N	ANTIBACTERIAL	358f8dd1c9666723216358c7828cccae01da7c6232f9bd1acb86c0e4780ed329	1	0	1	1	0	RECORDED_NAME_QUERIES_TRAVERSED_NOT_PRIMARY_REVIEW	False	1	1	1	0	UniProtKB:P45439	NCBITaxon:1906	0	0	0			0		OPEN
CHEBI:31927	nystatin A3	data/antibiotics/antifungal/nystatin-a3.yaml	IKYMLQOHQLVORI-PLAPNZKPSA-N	ANTIFUNGAL	59d7084bf083004a9e3e0bcba995ea6296711ac67a9037ab662f3fb76f20530e	0	0	2	2	0	RECORDED_NAME_QUERIES_TRAVERSED_NOT_PRIMARY_REVIEW	False	0	0	0	0			0	0	0			0		OPEN
CHEBI:32019	piromidic acid	data/antibiotics/antibacterial/piromidic-acid.yaml	RCIMBBZXSXFZBV-UHFFFAOYSA-N	ANTIBACTERIAL	03c74231ba1e3760ad17a2eeff9c62d5021659b56b1ca24345b724a6823b45df	0	0	15	5	0	RECORDED_NAME_QUERIES_TRAVERSED_NOT_PRIMARY_REVIEW	False	0	0	0	0			0	0	0			0		OPEN
CHEBI:32023	plaunotol	data/antibiotics/antibacterial/plaunotol.yaml	SUWYPNNPLSRNPS-UNTSEYQFSA-N	ANTIBACTERIAL	ca6bac1e6d9b96f12fd9a81482d799a289ce5f2fed2cc0d7f6e4ca4a91e8d657	0	0	6	3	0	RECORDED_NAME_QUERIES_TRAVERSED_NOT_PRIMARY_REVIEW	False	0	0	0	0			0	0	0			0		OPEN
CHEBI:32034	potassium bitartrate	data/antibiotics/unspecified/potassium-bitartrate.yaml	KYKNRZGSIGMXFH-ZVGUSBNCSA-M	ANTIMICROBIAL_UNSPECIFIED	0ec44a24b1da2c1c144a8a6b77221defefcad83ab150068c493db027086f0585	0	0	16	5	0	RECORDED_NAME_QUERIES_TRAVERSED_NOT_PRIMARY_REVIEW	False	0	0	0	0			0	0	0			0		OPEN
CHEBI:32047	premithramycin A2'	data/antibiotics/unspecified/premithramycin-a2.yaml	FANJWAKCIVIYMP-JYVXNHNOSA-N	ANTIMICROBIAL_UNSPECIFIED	bcc8b966f42c3e0fcd0be1bfe387998aa938a3e8c736cecdd35d1a86d40f5896	0	0	3	2	0	RECORDED_NAME_QUERIES_TRAVERSED_NOT_PRIMARY_REVIEW	False	0	0	0	0			0	0	0			0		OPEN
CHEBI:32049	premithramycin A3'	data/antibiotics/unspecified/premithramycin-a3.yaml	HEXWXHDQRMEJNB-QGYAIUEGSA-N	ANTIMICROBIAL_UNSPECIFIED	c29f0d5c3dcd8d23bc0615586d173bd6c2b42b0064a6ff640012fce7999ac87f	0	0	4	2	0	RECORDED_NAME_QUERIES_TRAVERSED_NOT_PRIMARY_REVIEW	False	0	0	0	0			0	0	0			0		OPEN
CHEBI:32063	propylparaben	data/antibiotics/antifungal/propylparaben.yaml	QELSKZZBTMNZEB-UHFFFAOYSA-N	ANTIFUNGAL	2d267c8aeafbd2fadcfa772ea62a827c8cd924f814e90643ed697d6e5b763f5d	0	0	14	5	0	RECORDED_NAME_QUERIES_TRAVERSED_NOT_PRIMARY_REVIEW	False	0	0	0	0			0	0	0			0		OPEN
CHEBI:32066	prothionamide	data/antibiotics/antibacterial/prothionamide.yaml	VRDIULHPQTYCLN-UHFFFAOYSA-N	ANTIBACTERIAL	cec764522fcd09c14b7764c7380a05688893812020108f712249987fa3b35471	4	0	2	2	0	RECORDED_NAME_QUERIES_TRAVERSED_NOT_PRIMARY_REVIEW	False	4	4	0	4			0	0	0			0		OPEN
CHEBI:32071	Prulifloxacin	data/antibiotics/antibacterial/prulifloxacin.yaml	PWNMXPDKBYZCOO-UHFFFAOYSA-N	ANTIBACTERIAL	9acd6047b51c28a19b35db4e902232955e56e05d277b75a295709dd6f7daeecf	0	0	9	3	1	RECORDED_NAME_QUERIES_TRAVERSED_NOT_PRIMARY_REVIEW	False	0	0	0	0			0	0	0			0		OPEN
CHEBI:32079	pyrrolnitrin	data/antibiotics/antifungal/pyrrolnitrin.yaml	QJBZDBLBQWFTPZ-UHFFFAOYSA-N	ANTIFUNGAL	459d39076266bfef05a9b514ea56676b218c8d0cd6c26307ef83435236364c17	0	0	9	3	0	RECORDED_NAME_QUERIES_TRAVERSED_NOT_PRIMARY_REVIEW	False	0	0	0	0			0	0	0			0		OPEN
CHEBI:3209	buformin	data/antibiotics/antiviral/buformin.yaml	XSEUMFJMFFMCIU-UHFFFAOYSA-N	ANTIVIRAL	4804f0642033086ca5e2b0f63f5eefcd96f32c47b430f8cef89d74bd4c430ea5	0	0	15	5	0	RECORDED_NAME_QUERIES_TRAVERSED_NOT_PRIMARY_REVIEW	False	0	0	0	0			0	0	0			0		OPEN
CHEBI:32096	rhodomycin D	data/antibiotics/unspecified/rhodomycin-d.yaml	CADJZGPRUYOSGU-QWWLYEKJSA-N	ANTIMICROBIAL_UNSPECIFIED	940264d5536c8f252b34be3135341d6bca63566f26973b4b015b71906dfdd95f	0	0	6	3	0	RECORDED_NAME_QUERIES_TRAVERSED_NOT_PRIMARY_REVIEW	False	0	0	0	0			0	0	0			0		OPEN
CHEBI:32103	rokitamycin	data/antibiotics/antibacterial/rokitamycin.yaml	VYWWNRMSAPEJLS-MDWYKHENSA-N	ANTIBACTERIAL	718ed023bf7aec5abe8fd4bd85191bbcc1a55b8b3feeb1b43dd129b5511a8705	2	0	1	1	0	RECORDED_NAME_QUERIES_TRAVERSED_NOT_PRIMARY_REVIEW	False	2	2	0	2			0	0	0			0		OPEN
CHEBI:32109	(Z)-roxithromycin	data/antibiotics/antibacterial/z-roxithromycin.yaml	RXZBMPWDPOLZGW-HEWSMUCTSA-N	ANTIBACTERIAL	015b860100e6f54e2bc8d50c4944f76013aebff44eeca1cde2e1c2e5450e8f18	0	0	3	2	0	RECORDED_NAME_QUERIES_TRAVERSED_NOT_PRIMARY_REVIEW	False	0	0	0	0			0	0	0			0		OPEN
CHEBI:32146	sodium hypochlorite	data/antibiotics/biocide/sodium-hypochlorite.yaml	SUKJFIGYRHOWBL-UHFFFAOYSA-N	BIOCIDE	532a4a7511fbeab99db93120eb448f114b40e758981d584f7aca7cff1138818e	0	0	7	3	2	RECORDED_NAME_QUERIES_TRAVERSED_NOT_PRIMARY_REVIEW	False	0	0	0	0			0	0	0			0		OPEN
CHEBI:32150	sodium thiosulfate pentahydrate	data/antibiotics/antifungal/sodium-thiosulfate-pentahydrate.yaml	PODWXQQNRWNDGD-UHFFFAOYSA-L	ANTIFUNGAL	6cff304a1cc3f9a2163d5eceba9bfdd54316e366a9655bbdc087cbed3d93040f	0	0	9	3	0	RECORDED_NAME_QUERIES_TRAVERSED_NOT_PRIMARY_REVIEW	False	0	0	0	0			0	0	0			0		OPEN
CHEBI:32161	sulfadimethoxine	data/antibiotics/unspecified/sulfadimethoxine.yaml	ZZORFUFYDOWNEF-UHFFFAOYSA-N	ANTIMICROBIAL_UNSPECIFIED	8d3bf779a40fd8b0d624e64dd103b9c141ae00e25873602f878b40eb3ba6b285	0	0	15	5	0	RECORDED_NAME_QUERIES_TRAVERSED_NOT_PRIMARY_REVIEW	False	0	0	0	0			0	0	0			0		OPEN
CHEBI:32166	sulfisomidine	data/antibiotics/unspecified/sulfisomidine.yaml	YZMCKZRAOLZXAZ-UHFFFAOYSA-N	ANTIMICROBIAL_UNSPECIFIED	e5761e25ff7755a8e0694d0360400d9eb1bab3482be71b7ede433a4955eb1af5	0	0	19	6	0	RECORDED_NAME_QUERIES_TRAVERSED_NOT_PRIMARY_REVIEW	False	0	0	0	0			0	0	0			0		OPEN
CHEBI:32197	tetracenomycin A2	data/antibiotics/antibacterial/tetracenomycin-a2.yaml	BXLGPMDGOMEFBX-UHFFFAOYSA-N	ANTIBACTERIAL	8574ad8f14216d1c2011ee591e665aa1075683483a94a52c626341e5d86eb31b	0	0	4	2	0	RECORDED_NAME_QUERIES_TRAVERSED_NOT_PRIMARY_REVIEW	False	0	0	0	0			0	0	0			0		OPEN
CHEBI:32198	tetracenomycin B1	data/antibiotics/unspecified/tetracenomycin-b1.yaml	CXOLVKMMHKZPPM-UHFFFAOYSA-N	ANTIMICROBIAL_UNSPECIFIED	696b76bed8e57829ec6ddfcee2e850d9812a1d01965ba06236f6122ad2037986	0	0	3	2	0	RECORDED_NAME_QUERIES_TRAVERSED_NOT_PRIMARY_REVIEW	False	0	0	0	0			0	0	0			0		OPEN
CHEBI:32199	tetracenomycin B2	data/antibiotics/unspecified/tetracenomycin-b2.yaml	IPQJRJBZGLDTMW-UHFFFAOYSA-N	ANTIMICROBIAL_UNSPECIFIED	8e3806bc29d48757f8a32b9937edb6a4381ca65c9eb60465bd5cd6d9f2efbf9e	0	0	3	2	0	RECORDED_NAME_QUERIES_TRAVERSED_NOT_PRIMARY_REVIEW	False	0	0	0	0			0	0	0			0		OPEN
CHEBI:32200	tetracenomycin B3	data/antibiotics/unspecified/tetracenomycin-b3.yaml	NSKLWYCTXNPUBB-UHFFFAOYSA-N	ANTIMICROBIAL_UNSPECIFIED	c3acb04794dc0acd742171ff533d21ff0d2b7601cbf858d444d338731dc87192	0	0	4	2	0	RECORDED_NAME_QUERIES_TRAVERSED_NOT_PRIMARY_REVIEW	False	0	0	0	0			0	0	0			0		OPEN
CHEBI:32201	tetracenomycin D1	data/antibiotics/unspecified/tetracenomycin-d1.yaml	RZKZJERAFMFNMF-UHFFFAOYSA-N	ANTIMICROBIAL_UNSPECIFIED	8984bccdfe542bbb884ebe2f25df1e2a2988faaa6ee359679659647ad2d97b58	0	0	2	2	0	RECORDED_NAME_QUERIES_TRAVERSED_NOT_PRIMARY_REVIEW	False	0	0	0	0			0	0	0			0		OPEN
CHEBI:32202	tetracenomycin D3	data/antibiotics/unspecified/tetracenomycin-d3.yaml	OXCNORDLEQIUCT-UHFFFAOYSA-N	ANTIMICROBIAL_UNSPECIFIED	299947ac38b30e2b0aa006b2ea1d7b30a526d75b0368c6f423e7c0f2caf482f1	0	0	4	2	0	RECORDED_NAME_QUERIES_TRAVERSED_NOT_PRIMARY_REVIEW	False	0	0	0	0			0	0	0			0		OPEN
CHEBI:32204	tetracenomycin E	data/antibiotics/unspecified/tetracenomycin-e.yaml	UBGPMJPFKHUCCA-UHFFFAOYSA-N	ANTIMICROBIAL_UNSPECIFIED	79d11db383bbe1474ccc46df2ad54694700f9a920b7f4b8e91d3761a585b65a4	0	0	3	2	0	RECORDED_NAME_QUERIES_TRAVERSED_NOT_PRIMARY_REVIEW	False	0	0	0	0			0	0	0			0		OPEN
CHEBI:32205	tetracenomycin F1	data/antibiotics/unspecified/tetracenomycin-f1.yaml	BJSNGVYBQJIGRT-UHFFFAOYSA-N	ANTIMICROBIAL_UNSPECIFIED	75018dad13376383672a6567294cf987f201a0d3087e8f9d75057b23e08b0d73	0	0	4	2	0	RECORDED_NAME_QUERIES_TRAVERSED_NOT_PRIMARY_REVIEW	False	0	0	0	0			0	0	0			0		OPEN
CHEBI:32207	tetracenomycin F2	data/antibiotics/unspecified/tetracenomycin-f2.yaml	OVIPDYYHLHEFDF-YIXHJXPBSA-N	ANTIMICROBIAL_UNSPECIFIED	0df06142819fbd9e0ad768448ca01bdc99b5418b015684fa658193a76b573b88	0	0	4	2	0	RECORDED_NAME_QUERIES_TRAVERSED_NOT_PRIMARY_REVIEW	False	0	0	0	0			0	0	0			0		OPEN
CHEBI:32208	tetracenomycin M	data/antibiotics/unspecified/tetracenomycin-m.yaml	WBICYHCOBLVBMM-UHFFFAOYSA-N	ANTIMICROBIAL_UNSPECIFIED	ad85847df845d40d365632f9dce1f167b6fef22ab39afabe5cd660ff6a77b7c1	0	0	3	2	0	RECORDED_NAME_QUERIES_TRAVERSED_NOT_PRIMARY_REVIEW	False	0	0	0	0			0	0	0			0		OPEN
CHEBI:32209	tetracenomycin X	data/antibiotics/antibacterial/tetracenomycin-x.yaml	CCDBRFCICQZPPE-DNQXCXABSA-N	ANTIBACTERIAL	4994e01a65583c0629830b9a134cb3bde712efc23ae2eebca922faca5507a875	0	0	3	2	0	RECORDED_NAME_QUERIES_TRAVERSED_NOT_PRIMARY_REVIEW	False	0	0	0	0			0	0	0			0		OPEN
CHEBI:32211	tetrangomycin	data/antibiotics/unspecified/tetrangomycin.yaml	UGEKKXLEYACFTD-LJQANCHMSA-N	ANTIMICROBIAL_UNSPECIFIED	b2e952207e6365502a39382d205d1c0c9c5a05436761c2f68f9bc4993fffea57	0	0	5	2	0	RECORDED_NAME_QUERIES_TRAVERSED_NOT_PRIMARY_REVIEW	False	0	0	0	0			0	0	0			0		OPEN
CHEBI:32215	thiamphenicol	data/antibiotics/antibacterial/thiamphenicol.yaml	OTVAEFIXJLOWRX-NXEZZACHSA-N	ANTIBACTERIAL	7d369c9774ef31eed80990dfbc0c9ef4b84651d264e88936729fbe943f3cd4f7	28	0	7	3	0	RECORDED_NAME_QUERIES_TRAVERSED_NOT_PRIMARY_REVIEW	False	28	28	23	5	UniProtKB:A0A0D5ZYE7|UniProtKB:A0A0X1L243|UniProtKB:A0A934WSR6|UniProtKB:A0AAV3BDF9|UniProtKB:A2AXI2|UniProtKB:A7Z1T2|UniProtKB:B8Y897|UniProtKB:C0ZJA6|UniProtKB:H9ZIN1|UniProtKB:P00484|UniProtKB:P00487|UniProtKB:P22616|UniProtKB:P26825|UniProtKB:P26826|UniProtKB:P26841|UniProtKB:P50868|UniProtKB:P62580|UniProtKB:P94902|UniProtKB:Q02736|UniProtKB:Q54803|UniProtKB:Q5WJ42|UniProtKB:Q83ZX9|UniProtKB:Q9R818	NCBITaxon:1292|NCBITaxon:1314|NCBITaxon:1408|NCBITaxon:1492|NCBITaxon:1502|NCBITaxon:1598|NCBITaxon:208964|NCBITaxon:2763069|NCBITaxon:287|NCBITaxon:326423|NCBITaxon:345072|NCBITaxon:358681|NCBITaxon:373665|NCBITaxon:470|NCBITaxon:548|NCBITaxon:562|NCBITaxon:66692|NCBITaxon:727|NCBITaxon:747|NCBITaxon:90370	0	0	0			0		OPEN
CHEBI:32216	thiethylperazine maleate	data/antibiotics/antiviral/thiethylperazine-maleate.yaml	RVBRTNPNFYFDMZ-SPIKMXEPSA-N	ANTIVIRAL	9951c492b75b7be57a43018488fff41d766db449cdcf27eb5f19b33c6bb7f3bc	0	0	8	3	0	RECORDED_NAME_QUERIES_TRAVERSED_NOT_PRIMARY_REVIEW	False	0	0	0	0			0	0	0			0		OPEN
CHEBI:32248	tosufloxacin tosylate hydrate	data/antibiotics/unspecified/tosufloxacin-tosylate-hydrate.yaml	SSULTCPIIYRGFQ-UHFFFAOYSA-N	ANTIMICROBIAL_UNSPECIFIED	f1eaaa3c747a0a2f26d3f7a5f7ea10170622a560879578602d81ea641f069b84	0	0	10	4	0	RECORDED_NAME_QUERIES_TRAVERSED_NOT_PRIMARY_REVIEW	False	0	0	0	0			0	0	0			0		OPEN
CHEBI:32269	tropisetron	data/antibiotics/antiprotozoal/tropisetron.yaml	ZNRGQMMCGHDTEI-ITGUQSILSA-N	ANTIPROTOZOAL	41e0fd23085abcae8fb371000590d6f5249a5d2746ee43bc5bdd24dcc489b6ca	0	0	4	2	0	RECORDED_NAME_QUERIES_TRAVERSED_NOT_PRIMARY_REVIEW	False	0	0	0	0			0	0	0			0		OPEN
CHEBI:32279	urdamycin A	data/antibiotics/unspecified/urdamycin-a.yaml	FJSYXNOFZQFOAN-FXPMUEKOSA-N	ANTIMICROBIAL_UNSPECIFIED	fb2815cb852c05756a9cba8189fd8eb42bac14a961d02ecb40ec72932bb7cdff	0	0	4	2	0	RECORDED_NAME_QUERIES_TRAVERSED_NOT_PRIMARY_REVIEW	False	0	0	0	0			0	0	0			0		OPEN
CHEBI:32368	undecanoic acid	data/antibiotics/antifungal/undecanoic-acid.yaml	ZDPHROOEEOARMN-UHFFFAOYSA-N	ANTIFUNGAL	8af57c249fa0436f37661c0f5f7469f7e92872aa5e6307a55a73b663a291f239	0	0	12	4	0	RECORDED_NAME_QUERIES_TRAVERSED_NOT_PRIMARY_REVIEW	False	0	0	0	0			0	0	0			0		OPEN
CHEBI:3238	butenafine	data/antibiotics/antifungal/butenafine.yaml	ABJKWBDEJIDSJZ-UHFFFAOYSA-N	ANTIFUNGAL	73c8b6cf27167774f52743b2b764e5a826959a1df0c0828ff7f754a867fc962b	0	0	9	3	0	RECORDED_NAME_QUERIES_TRAVERSED_NOT_PRIMARY_REVIEW	False	0	0	0	0			0	0	0			0		OPEN
CHEBI:3240	butoconazole	data/antibiotics/antifungal/butoconazole.yaml	SWLMUYACZKCSHZ-UHFFFAOYSA-N	ANTIFUNGAL	0499925eacf9abbbb331c61106a500ae7a4c3277e82ce283e01dc6d22191b951	0	0	6	3	0	RECORDED_NAME_QUERIES_TRAVERSED_NOT_PRIMARY_REVIEW	False	0	0	0	0			0	0	0			0		OPEN
CHEBI:3241	butoconazole nitrate	data/antibiotics/antifungal/butoconazole-nitrate.yaml	ZHPWRQIPPNZNML-UHFFFAOYSA-N	ANTIFUNGAL	cdab6941a86c9eea17bff56c17413d32732d9f11ab0b3b3858c79e9deb86d536	0	0	6	3	0	RECORDED_NAME_QUERIES_TRAVERSED_NOT_PRIMARY_REVIEW	False	0	0	0	0			0	0	0			0		OPEN
CHEBI:324935	fumagillol	data/antibiotics/unspecified/fumagillol.yaml	CEVCTNCUIVEQOY-JQOWZUPLSA-N	ANTIMICROBIAL_UNSPECIFIED	3153fc69e76fc6f39b97d3fd02b062ec0a84fe96102ceb7affcd7dc3f19bdc59	0	0	2	2	0	RECORDED_NAME_QUERIES_TRAVERSED_NOT_PRIMARY_REVIEW	False	0	0	0	0			0	0	0			0		OPEN
CHEBI:3252	C-1027 chromophore	data/antibiotics/unspecified/c-1027-chromophore.yaml	DGGZCXUXASNDAC-QQNGCVSVSA-N	ANTIMICROBIAL_UNSPECIFIED	89f7084dd5556121f6f5b30f06c8c8482f12b221dfe54856a378aa88773732aa	0	0	8	3	0	RECORDED_NAME_QUERIES_TRAVERSED_NOT_PRIMARY_REVIEW	False	0	0	0	0			0	0	0			0		OPEN
CHEBI:3259	CCCP	data/antibiotics/antibacterial/cccp.yaml	UGTJLJZQQFGTJD-UHFFFAOYSA-N	ANTIBACTERIAL	378ca21287b7b61283bf9f6b34c45c561708711b508c846ab6abd3c0dc0d3612	0	0	7	3	1	RECORDED_NAME_QUERIES_TRAVERSED_NOT_PRIMARY_REVIEW	False	0	0	0	0			0	0	0			0		OPEN
CHEBI:32617	(+)-aplasmomycin	data/antibiotics/antibacterial/aplasmomycin.yaml	GEIYDRPAWIMINR-ZDKANEFWSA-N	ANTIBACTERIAL	c1dc6478412df0672ea8737b75d18bd86dfd9eed90204f656c244378f41e8fa6	0	0	3	2	0	RECORDED_NAME_QUERIES_TRAVERSED_NOT_PRIMARY_REVIEW	False	0	0	0	0			0	0	0			0		OPEN
CHEBI:327119	azetidin-2-one	data/antibiotics/unspecified/azetidin-2-one.yaml	MNFORVFSTILPAW-UHFFFAOYSA-N	ANTIMICROBIAL_UNSPECIFIED	e97dcb3c1f70a4c5140b4a7b1a88d01912158624068a0ff2f866158d22abc9ad	0	0	4	2	0	RECORDED_NAME_QUERIES_TRAVERSED_NOT_PRIMARY_REVIEW	False	0	0	0	0			0	0	0			0		OPEN
CHEBI:32800	(S)-mandelic acid	data/antibiotics/antibacterial/s-mandelic-acid.yaml	IWYDHOAUDWTVEP-ZETCQYMHSA-N	ANTIBACTERIAL	765c2e83d58327f415f8fd9067b7927ec4d60413c1f05655d41851735ce6dfa4	0	0	8	3	0	RECORDED_NAME_QUERIES_TRAVERSED_NOT_PRIMARY_REVIEW	False	0	0	0	0			0	0	0			0		OPEN
CHEBI:32888	γ-hexachlorocyclohexane	data/antibiotics/antibacterial/γ-hexachlorocyclohexane.yaml	JLYXXMFPNIAWKQ-GNIYUCBRSA-N	ANTIBACTERIAL	7dd321bdd3e693aa3637a611d6bb49e29da14e847e8d6ee742df1e370c43bd8c	0	0	18	6	0	RECORDED_NAME_QUERIES_TRAVERSED_NOT_PRIMARY_REVIEW	False	0	0	0	0			0	0	0			0		OPEN
CHEBI:33012	nocardicin F	data/antibiotics/unspecified/nocardicin-f.yaml	NMMOYDKOFASOBV-ORWLQXDRSA-N	ANTIMICROBIAL_UNSPECIFIED	c519d2d2853c03028cd2030113158f084d9619fda78eed41b820da4a73e62eb5	0	0	2	2	0	RECORDED_NAME_QUERIES_TRAVERSED_NOT_PRIMARY_REVIEW	False	0	0	0	0			0	0	0			0		OPEN
CHEBI:3305	calcimycin	data/antibiotics/antibacterial/calcimycin.yaml	HIYAVKIYRIFSCZ-CVXKHCKVSA-N	ANTIBACTERIAL	f73791bca0d53cc4f2bb1c036eeccb879be15c8536169b423230baa042944aa9	0	0	2	2	0	RECORDED_NAME_QUERIES_TRAVERSED_NOT_PRIMARY_REVIEW	False	0	0	0	0			0	0	0			0		OPEN
CHEBI:3319	calicheamicin γ1I	data/antibiotics/unspecified/calicheamicin-γ1i.yaml	HXCHCVDVKSCDHU-PJKCJEBCSA-N	ANTIMICROBIAL_UNSPECIFIED	feca82ef1c37d4b14e73f459ff4882a9f7911c10b2e10f44a33c5add9397017f	0	0	6	3	0	RECORDED_NAME_QUERIES_TRAVERSED_NOT_PRIMARY_REVIEW	False	0	0	0	0			0	0	0			0		OPEN
CHEBI:3349	candicidin D	data/antibiotics/antifungal/candicidin-d.yaml	OPGSFDUODIJJGF-JBUZINEHSA-N	ANTIFUNGAL	aa568cf3f4891c53016946f84a995ede2f9f10c9f1f597fda58e76e7b5e6d684	0	0	5	2	0	RECORDED_NAME_QUERIES_TRAVERSED_NOT_PRIMARY_REVIEW	False	0	0	0	0			0	0	0			0		OPEN
CHEBI:3363	canthin-6-one	data/antibiotics/antimycobacterial/canthin-6-one.yaml	ZERVJPYNQLONEK-UHFFFAOYSA-N	ANTIMYCOBACTERIAL	52208d3cd68878a512dc579026094a0125f2dac3125bc9fa5b4f7e795ee2dbe9	2	0	4	2	0	RECORDED_NAME_QUERIES_TRAVERSED_NOT_PRIMARY_REVIEW	True	0	0	0	0			0	0	0			0		OPEN
CHEBI:338412	(−)-anisomycin	data/antibiotics/antiviral/anisomycin.yaml	YKJYKKNCCRKFSL-RDBSUJKOSA-N	ANTIVIRAL	c6389c4d91a9cdb501e4ed2dcf6c456d8286ecbd3b65d0e2becd5621bdac6213	0	0	6	3	0	RECORDED_NAME_QUERIES_TRAVERSED_NOT_PRIMARY_REVIEW	False	0	0	0	0			0	0	0			0		OPEN
CHEBI:3392	carbendazim	data/antibiotics/antifungal/carbendazim.yaml	TWFZGCMQGLPBSX-UHFFFAOYSA-N	ANTIFUNGAL	ec3877f836c2ae83311b6e2e0d3432d4019b18fbdebf17a2b19cedfd06c2672c	19	0	14	5	2	RECORDED_NAME_QUERIES_TRAVERSED_NOT_PRIMARY_REVIEW	True	7	7	0	7			12	4	8	fungal-2026-carbendazim-reference-context|li-1996-yeast-subject-group-context|xu-2019-hc30-subject-species-context|xu-2019-sj51-subject-context	PMID:1388107|PMID:19900007|PMID:21077124	0		OPEN
CHEBI:3393	carbenicillin	data/antibiotics/antibacterial/carbenicillin.yaml	FPPNZSSZRUTDAP-UWFZAAFLSA-N	ANTIBACTERIAL	7426826434cd0b44e86b4ab46436e3c4ddc3e88ce06e506a145f2fc70f17f1c6	4	0	21	6	2	RECORDED_NAME_QUERIES_TRAVERSED_NOT_PRIMARY_REVIEW	False	4	4	1	3	UniProtKB:I7FJY5	NCBITaxon:246196	0	0	0			0		OPEN
CHEBI:3405	carboxin	data/antibiotics/antifungal/carboxin.yaml	GYSSRZJIHXQEHQ-UHFFFAOYSA-N	ANTIFUNGAL	e124daf7d195c913f0e77fa51561a066916e49ff1a3963ef5540207efe8923d7	36	0	12	4	0	RECORDED_NAME_QUERIES_TRAVERSED_NOT_PRIMARY_REVIEW	True	0	0	0	0			36	34	2	fraaije-2012-sdhb-reference-context|fraaije-2012-sdhcd-reference-context|guo-2016-reference-context|kilaru-2015-reference-context|piotrowska-2017-parent-reference-context|scalliet-2012-sdhb-reference-context|scalliet-2012-sdhcd-reference-context|shima-2009-parent-reference-context|wang-2015-parent-and-reference-context	PMID:1423716|PMID:9871122	0		OPEN
CHEBI:34118	oct-1-en-3-ol	data/antibiotics/unspecified/oct-1-en-3-ol.yaml	VSMOENVRRABVKN-UHFFFAOYSA-N	ANTIMICROBIAL_UNSPECIFIED	3e1b58dc7452f49151d6c9a1b4897600c14df19ae00bade168a7998617a5bca2	0	0	11	4	0	RECORDED_NAME_QUERIES_TRAVERSED_NOT_PRIMARY_REVIEW	False	0	0	0	0			0	0	0			0		OPEN
CHEBI:3414	carfecillin	data/antibiotics/unspecified/carfecillin.yaml	NZDASSHFKWDBBU-KVMCETHSSA-N	ANTIMICROBIAL_UNSPECIFIED	4e4c8ab44a37b53cd30436d6ada96d8edb0541f2e49aa07f8f87c43e6c4305d2	0	0	10	4	0	RECORDED_NAME_QUERIES_TRAVERSED_NOT_PRIMARY_REVIEW	False	0	0	0	0			0	0	0			0		OPEN
CHEBI:34241	2,4-xylenol	data/antibiotics/antifungal/2-4-xylenol.yaml	KUFFULVDNCHOFZ-UHFFFAOYSA-N	ANTIFUNGAL	20c4983124a422c0c4a3bb086059d5d5bbd014f7da3cd3cdb0d33c2d06cf2726	0	0	12	4	0	RECORDED_NAME_QUERIES_TRAVERSED_NOT_PRIMARY_REVIEW	False	0	0	0	0			0	0	0			0		OPEN
CHEBI:3434	carpropamid	data/antibiotics/antifungal/carpropamid.yaml	RXDMAYSSBPYBFW-UHFFFAOYSA-N	ANTIFUNGAL	5ff268a9774ca16f8bfc1dab3082d7c1f32081eed0a6bae181cadf93f2eca734	0	0	3	2	0	RECORDED_NAME_QUERIES_TRAVERSED_NOT_PRIMARY_REVIEW	False	0	0	0	0			0	0	0			0		OPEN
CHEBI:34393	4-chloro-3,5-dimethylphenol	data/antibiotics/biocide/4-chloro-3-5-dimethylphenol.yaml	OSDLLIBGSJNGJE-UHFFFAOYSA-N	BIOCIDE	810cee1470c441eb4d1a79eeae9a947e7eef3b9d375dc0c832e9d3905aa4a188	0	0	19	6	0	RECORDED_NAME_QUERIES_TRAVERSED_NOT_PRIMARY_REVIEW	False	0	0	0	0			0	0	0			0		OPEN
CHEBI:34395	4-chloro-m-cresol	data/antibiotics/biocide/4-chloro-m-cresol.yaml	CFKMVGJGLGKFKI-UHFFFAOYSA-N	BIOCIDE	984097e50a03fd47584ba43d4f7c6e27825c36cb16f7cec2027aa9e79423c56c	0	0	10	4	0	RECORDED_NAME_QUERIES_TRAVERSED_NOT_PRIMARY_REVIEW	False	0	0	0	0			0	0	0			0		OPEN
CHEBI:3440	carvacrol	data/antibiotics/antifungal/carvacrol.yaml	RECUKUPTGUEGMW-UHFFFAOYSA-N	ANTIFUNGAL	c63ca7fd96e653700a46bef91def2ced3edeed874d0ec4146eb94d62053c1950	0	0	12	4	2	RECORDED_NAME_QUERIES_TRAVERSED_NOT_PRIMARY_REVIEW	False	0	0	0	0			0	0	0			0		OPEN
CHEBI:34553	Balofloxacin	data/antibiotics/antibacterial/balofloxacin.yaml	MGQLHRYJBWGORO-LLVKDONJSA-N	ANTIBACTERIAL	71be2cd53322bc7f853d901a5430f8c3c0d6579393528b4fda2fc654db914e97	1	0	9	3	0	RECORDED_NAME_QUERIES_TRAVERSED_NOT_PRIMARY_REVIEW	False	1	1	0	1			0	0	0			0		OPEN
CHEBI:34608	captan	data/antibiotics/antifungal/captan.yaml	LDVVMCZRFWMZSG-UHFFFAOYSA-N	ANTIFUNGAL	8f99d15ac4c4050734bfa521e3b39d929a1c718219b3cf8dd0fbb30419ecba52	0	0	32	9	0	RECORDED_NAME_QUERIES_TRAVERSED_NOT_PRIMARY_REVIEW	False	0	0	0	0			0	0	0			0		OPEN
CHEBI:34613	cefaloglycin	data/antibiotics/unspecified/cefaloglycin.yaml	FUBBGQLTSCSAON-PBFPGSCMSA-N	ANTIMICROBIAL_UNSPECIFIED	7010a38b623248428ecd3af6c08255cf388ceecee5375e3ca02001d902ac83e8	0	0	14	5	0	RECORDED_NAME_QUERIES_TRAVERSED_NOT_PRIMARY_REVIEW	False	0	0	0	0			0	0	0			0		OPEN
CHEBI:34614	cefamandole sodium	data/antibiotics/antibacterial/cefamandole-sodium.yaml	OJMNTWPPFNMOCJ-CFOLLTDRSA-M	ANTIBACTERIAL	fdf7209c55c29c4ad78ef194d9d9e455692545c13f22cb18cc754a5936af6f0c	0	0	8	3	0	RECORDED_NAME_QUERIES_TRAVERSED_NOT_PRIMARY_REVIEW	False	0	0	0	0			0	0	0			0		OPEN
CHEBI:34617	cefotetan disodium	data/antibiotics/antibacterial/cefotetan-disodium.yaml	ZQQALMSFFARWPK-GLHLDKNHSA-L	ANTIBACTERIAL	26a28d6f74420538832a7d477ea066a7c610564e582864ac4bf1b444641da72a	0	0	5	2	0	RECORDED_NAME_QUERIES_TRAVERSED_NOT_PRIMARY_REVIEW	False	0	0	0	0			0	0	0			0		OPEN
CHEBI:34618	ceftibuten dihydrate	data/antibiotics/antibacterial/ceftibuten-dihydrate.yaml	SSWTVBYDDFPFAF-DKOGRLLHSA-N	ANTIBACTERIAL	bb705f34e7e292bedc83a731f9509228f7659fab58e9a3b3b5e4a4c46dce1a60	0	0	6	3	0	RECORDED_NAME_QUERIES_TRAVERSED_NOT_PRIMARY_REVIEW	False	0	0	0	0			0	0	0			0		OPEN
CHEBI:34638	chromomycin A3	data/antibiotics/unspecified/chromomycin-a3.yaml	ZYVSOIYQKUDENJ-WKSBCEQHSA-N	ANTIMICROBIAL_UNSPECIFIED	4497f7a3a1e5a3c6df18d323f3c79a7cb90f985df1026d8bf544e0df17709e0b	0	0	6	3	0	RECORDED_NAME_QUERIES_TRAVERSED_NOT_PRIMARY_REVIEW	False	0	0	0	0			0	0	0			0		OPEN
CHEBI:34652	compactin diol lactone	data/antibiotics/unspecified/compactin-diol-lactone.yaml	WWSNTLOVYSRDEL-DZSDEGEFSA-N	ANTIMICROBIAL_UNSPECIFIED	ee66971a555ed15941d39072147304396cf06ded4dcf437a1b9453946e620ec5	0	0	7	3	0	RECORDED_NAME_QUERIES_TRAVERSED_NOT_PRIMARY_REVIEW	False	0	0	0	0			0	0	0			0		OPEN
CHEBI:34690	dichlorvos	data/antibiotics/antibacterial/dichlorvos.yaml	OEBRKCOSUFCWJD-UHFFFAOYSA-N	ANTIBACTERIAL	5da28a1592ee3b0a0355e19a3102488e60752b92f74df3b345846ad362e82c40	0	0	9	3	0	RECORDED_NAME_QUERIES_TRAVERSED_NOT_PRIMARY_REVIEW	False	0	0	0	0			0	0	0			0		OPEN
CHEBI:34730	doxycycline hyclate	data/antibiotics/antibacterial/doxycycline-hyclate.yaml	HALQELOKLVRWRI-VDBOFHIQSA-N	ANTIBACTERIAL	b09109cae3ceb6e818152b433839b57b4397119af17c3329ff2083159b5de250	0	0	4	2	0	RECORDED_NAME_QUERIES_TRAVERSED_NOT_PRIMARY_REVIEW	False	0	0	0	0			0	0	0			0		OPEN
CHEBI:34735	edifenphos	data/antibiotics/antifungal/edifenphos.yaml	AWZOLILCOUMRDG-UHFFFAOYSA-N	ANTIFUNGAL	a4a9ebed5f3efbab15d918ef003d44d6b1696db8312e15dcf8b05aea04f88a5c	0	0	9	3	0	RECORDED_NAME_QUERIES_TRAVERSED_NOT_PRIMARY_REVIEW	False	0	0	0	0			0	0	0			0		OPEN
CHEBI:34759	fenpiclonil	data/antibiotics/antifungal/fenpiclonil.yaml	FKLFBQCQQYDUAM-UHFFFAOYSA-N	ANTIFUNGAL	090641b178f1913752a664bbaf06b4f6c412693a4ab7e2161a0631bc3d585299	0	0	6	3	0	RECORDED_NAME_QUERIES_TRAVERSED_NOT_PRIMARY_REVIEW	False	0	0	0	0			0	0	0			0		OPEN
CHEBI:3478	cefaclor	data/antibiotics/antibacterial/cefaclor.yaml	QYIYFLOTGYLRGG-GPCCPHFNSA-N	ANTIBACTERIAL	806709a1379c048ed055c8c442d20fe2784b22e245f46aa9054f7104bab1905b	1	0	12	4	1	RECORDED_NAME_QUERIES_TRAVERSED_NOT_PRIMARY_REVIEW	False	1	1	0	1			0	0	0			0		OPEN
CHEBI:34785	heptachlor	data/antibiotics/antibacterial/heptachlor.yaml	FRCCEHPWNOQAEU-UHFFFAOYSA-N	ANTIBACTERIAL	1f9a9d3b29e59b55b2af947cf886a5320fe6dd6eb028d44e3b2534a061f22687	0	0	8	3	0	RECORDED_NAME_QUERIES_TRAVERSED_NOT_PRIMARY_REVIEW	False	0	0	0	0			0	0	0			0		OPEN
CHEBI:3479	cefadroxil	data/antibiotics/antibacterial/cefadroxil.yaml	BOEGTKLJZSQCCD-UEKVPHQBSA-N	ANTIBACTERIAL	746f7c941f357b9f4715b2e0d86e06ca811fdda4307517ede283d5b52419274d	0	0	12	4	1	RECORDED_NAME_QUERIES_TRAVERSED_NOT_PRIMARY_REVIEW	False	0	0	0	0			0	0	0			0		OPEN
CHEBI:3480	cefamandole	data/antibiotics/antibacterial/cefamandole.yaml	OLVCFLKTBJRLHI-AXAPSJFSSA-N	ANTIBACTERIAL	b45ae328f38ed0d8d09cbc64eb4364e0ab115efe4cba7a5910d8786e4ad979de	1	0	12	4	1	RECORDED_NAME_QUERIES_TRAVERSED_NOT_PRIMARY_REVIEW	False	1	1	0	1			0	0	0			0		OPEN
CHEBI:3481	cefamandole nafate	data/antibiotics/antibacterial/cefamandole-nafate.yaml	ICZOIXFFVKYXOM-YCLOEFEOSA-M	ANTIBACTERIAL	d72e8d7ffb6420855022d072ddeab56c53470f05111023be00a9a4b7747a2003	0	0	7	3	0	RECORDED_NAME_QUERIES_TRAVERSED_NOT_PRIMARY_REVIEW	False	0	0	0	0			0	0	0			0		OPEN
CHEBI:34828	ML-236C	data/antibiotics/unspecified/ml-236c.yaml	NXIASLUNMKAUTN-WFKFIOEPSA-N	ANTIMICROBIAL_UNSPECIFIED	6f151a76e875c402d21b9b1b5a3cd7f7bfcb45bc9a8ff907d492504f613a8fdc	0	0	5	2	0	RECORDED_NAME_QUERIES_TRAVERSED_NOT_PRIMARY_REVIEW	False	0	0	0	0			0	0	0			0		OPEN
CHEBI:3484	cefclidin	data/antibiotics/unspecified/cefclidin.yaml	JUVHVMCKLDZLGN-TVNFHGJBSA-N	ANTIMICROBIAL_UNSPECIFIED	ca979a840dfe0416d2b9ba26a284ac4fd4b42a888b9ff13e105bf57ccbc6bb07	0	0	8	3	0	RECORDED_NAME_QUERIES_TRAVERSED_NOT_PRIMARY_REVIEW	False	0	0	0	0			0	0	0			0		OPEN
CHEBI:34848	mevastatin	data/antibiotics/antifungal/mevastatin.yaml	AJLFOPYRIVGYMJ-INTXDZFKSA-N	ANTIFUNGAL	82dfa80e25c122f40678ae744677768e011fc91d8db67bed991b8313c1cfe44b	0	0	11	4	0	RECORDED_NAME_QUERIES_TRAVERSED_NOT_PRIMARY_REVIEW	False	0	0	0	0			0	0	0			0		OPEN
CHEBI:3485	cefdinir	data/antibiotics/antibacterial/cefdinir.yaml	RTXOFQZKPXMALH-GHXIOONMSA-N	ANTIBACTERIAL	66e4f6adc52ab29270876031784aee8aa6f1d1cebf36e8a493373029d03f5113	1	0	8	3	1	RECORDED_NAME_QUERIES_TRAVERSED_NOT_PRIMARY_REVIEW	False	1	1	0	1			0	0	0			0		OPEN
CHEBI:34858	mupirocin calcium hydrate	data/antibiotics/antibacterial/mupirocin-calcium-hydrate.yaml	DDHVILIIHBIMQU-YJGQQKNPSA-L	ANTIBACTERIAL	9272dbe3f993a2c330a7a215434ea7ba8e05a24dac5f86c1844ffb112cbe41cf	0	0	10	4	0	RECORDED_NAME_QUERIES_TRAVERSED_NOT_PRIMARY_REVIEW	False	0	0	0	0			0	0	0			0		OPEN
CHEBI:3488	cefluprenam	data/antibiotics/unspecified/cefluprenam.yaml	XAKKNLNAJBNLPC-MAYKBZFQSA-N	ANTIMICROBIAL_UNSPECIFIED	1852098e8dd2aac1a5bf2e98717ca19ead698af0983a1cb4cc5f466811ac7c46	0	0	6	3	0	RECORDED_NAME_QUERIES_TRAVERSED_NOT_PRIMARY_REVIEW	False	0	0	0	0			0	0	0			0		OPEN
CHEBI:3489	cefmetazole	data/antibiotics/antibacterial/cefmetazole.yaml	SNBUBQHDYVFSQF-HIFRSBDPSA-N	ANTIBACTERIAL	ab836462b6fbf26d8f77941ee996d12dff92a3833389b20107a772b073b2ea2c	1	0	6	3	0	RECORDED_NAME_QUERIES_TRAVERSED_NOT_PRIMARY_REVIEW	False	1	1	1	0	UniProtKB:P30899	NCBITaxon:821	0	0	0			0		OPEN
CHEBI:3490	cefmetazole sodium	data/antibiotics/unspecified/cefmetazole-sodium.yaml	BITQGIOJQWZUPL-PBCQUBLHSA-M	ANTIMICROBIAL_UNSPECIFIED	486cd8ff8fded2d179f55ba3918b550153a31f6e4faf2cb7fc52aeccc20ce480	0	0	10	4	0	RECORDED_NAME_QUERIES_TRAVERSED_NOT_PRIMARY_REVIEW	False	0	0	0	0			0	0	0			0		OPEN
CHEBI:34908	pentachloronitrobenzene	data/antibiotics/antifungal/pentachloronitrobenzene.yaml	LKPLKUMXSAEKID-UHFFFAOYSA-N	ANTIFUNGAL	e11bd84a24340bf18b8776c12b8527e252c4eead5d18655961539e519d2d9662	0	0	24	7	0	RECORDED_NAME_QUERIES_TRAVERSED_NOT_PRIMARY_REVIEW	False	0	0	0	0			0	0	0			0		OPEN
CHEBI:3491	cefonicid	data/antibiotics/antibacterial/cefonicid.yaml	DYAIAHUQIPBDIP-AXAPSJFSSA-N	ANTIBACTERIAL	ad6fa9afda48d502bf8abfa8aefd987165e7542e1ed69a7e8c74f862d09cb5ac	0	0	8	3	0	RECORDED_NAME_QUERIES_TRAVERSED_NOT_PRIMARY_REVIEW	False	0	0	0	0			0	0	0			0		OPEN
CHEBI:3493	cefoperazone	data/antibiotics/antibacterial/cefoperazone.yaml	GCFBRXLSHGKWDP-XCGNWRKASA-N	ANTIBACTERIAL	9e3eab3f05a17efd263847b6ec7543395bd4adf6ba44e3c08ef214fad8440778	0	0	13	4	3	RECORDED_NAME_QUERIES_TRAVERSED_NOT_PRIMARY_REVIEW	False	0	0	0	0			0	0	0			0		OPEN
CHEBI:3495	ceforanide	data/antibiotics/antibacterial/ceforanide.yaml	SLAYUXIURFNXPG-CRAIPNDOSA-N	ANTIBACTERIAL	58f0f5597703822f4eb8a6d2301ae338682c2431d8982b4f9d8f865f3f3e7eb7	0	0	9	3	0	RECORDED_NAME_QUERIES_TRAVERSED_NOT_PRIMARY_REVIEW	False	0	0	0	0			0	0	0			0		OPEN
CHEBI:3496	cefoselis	data/antibiotics/unspecified/cefoselis.yaml	ZINFAXPQMLDEEJ-GFVOIPPFSA-N	ANTIMICROBIAL_UNSPECIFIED	04d767e35729250b1eb70a1447063de53590006c513e934fcf40aebcdca7bd70	0	0	8	3	0	RECORDED_NAME_QUERIES_TRAVERSED_NOT_PRIMARY_REVIEW	False	0	0	0	0			0	0	0			0		OPEN
CHEBI:3499	cefotetan	data/antibiotics/antibacterial/cefotetan.yaml	SRZNHPXWXCNNDU-IXOPCIAXSA-N	ANTIBACTERIAL	3c3fd7ba6faf4216bed7e571338be03b2e7d07da54586a2371b1c70481854e95	2	0	8	3	1	RECORDED_NAME_QUERIES_TRAVERSED_NOT_PRIMARY_REVIEW	False	2	2	1	1	UniProtKB:P30899	NCBITaxon:821	0	0	0			0		OPEN
CHEBI:34995	teicoplanin A2-1	data/antibiotics/unspecified/teicoplanin-a2-1.yaml	SGSMSXWFVXNLOG-UCNABHHISA-N	ANTIMICROBIAL_UNSPECIFIED	35da583c072efa947698e7c48addd8027143582cf7751558bbd00a20636b646d	0	0	5	2	0	RECORDED_NAME_QUERIES_TRAVERSED_NOT_PRIMARY_REVIEW	False	0	0	0	0			0	0	0			0		OPEN
CHEBI:34996	teicoplanin A2-3	data/antibiotics/unspecified/teicoplanin-a2-3.yaml	BJNLLBUOHPVGFT-PKMGYIMSSA-N	ANTIMICROBIAL_UNSPECIFIED	5e1eb6c0c2a1b1e308d498876d052770eb88be5f9baed3cf0f6698018660780d	0	0	5	2	0	RECORDED_NAME_QUERIES_TRAVERSED_NOT_PRIMARY_REVIEW	False	0	0	0	0			0	0	0			0		OPEN
CHEBI:34997	teicoplanin A2-4	data/antibiotics/unspecified/teicoplanin-a2-4.yaml	KSPOYQQCANXEDC-WNTLLCOUSA-N	ANTIMICROBIAL_UNSPECIFIED	64b6fc0305e80491007591deef8a1d8c7d40905a8e326aa1c3ea5146f214baba	0	0	5	2	0	RECORDED_NAME_QUERIES_TRAVERSED_NOT_PRIMARY_REVIEW	False	0	0	0	0			0	0	0			0		OPEN
CHEBI:34998	teicoplanin A2-5	data/antibiotics/unspecified/teicoplanin-a2-5.yaml	FHBQKTSCJKPYIO-RLDSMAAISA-N	ANTIMICROBIAL_UNSPECIFIED	8cd6df24d61437f3a4ab17659dd9e1a411b277c490e1e4d450bb53485b76c6f1	0	0	5	2	0	RECORDED_NAME_QUERIES_TRAVERSED_NOT_PRIMARY_REVIEW	False	0	0	0	0			0	0	0			0		OPEN
CHEBI:35014	thiophanate-methyl	data/antibiotics/antifungal/thiophanate-methyl.yaml	QGHREAKMXXNCOA-UHFFFAOYSA-N	ANTIFUNGAL	32950fe670c0138102aa71434f2b4a6ae0f486c33ef6b2d11bc02b689991132c	0	0	12	4	0	RECORDED_NAME_QUERIES_TRAVERSED_NOT_PRIMARY_REVIEW	False	0	0	0	0			0	0	0			0		OPEN
CHEBI:3502	cefozopran	data/antibiotics/antibacterial/cefozopran.yaml	QDUIJCOKQCCXQY-WHJQOFBOSA-N	ANTIBACTERIAL	8e2ac0736a79bd0f5d83d487c6c4ecf6c7f323f1a2102fb11a211ccb10242fa1	0	0	7	3	0	RECORDED_NAME_QUERIES_TRAVERSED_NOT_PRIMARY_REVIEW	False	0	0	0	0			0	0	0			0		OPEN
CHEBI:3503	cefpirome	data/antibiotics/antibacterial/cefpirome.yaml	DKOQGJHPHLTOJR-WHRDSVKCSA-N	ANTIBACTERIAL	3b1380a7084ed7473372af6fb56014c2e642063d4f7179a47a0a44f167e0b4ed	2	0	8	3	0	RECORDED_NAME_QUERIES_TRAVERSED_NOT_PRIMARY_REVIEW	False	2	2	0	2			0	0	0			0		OPEN
CHEBI:35036	fentin chloride	data/antibiotics/antifungal/fentin-chloride.yaml	NJVOZLGKTAPUTQ-UHFFFAOYSA-M	ANTIFUNGAL	13829130400d4dcf536bce5c72d19829b8d256545337bddfb959871b4a17cbc2	0	0	8	3	0	RECORDED_NAME_QUERIES_TRAVERSED_NOT_PRIMARY_REVIEW	False	0	0	0	0			0	0	0			0		OPEN
CHEBI:3504	cefpodoxime	data/antibiotics/antibacterial/cefpodoxime.yaml	WYUSVOMTXWRGEK-HBWVYFAYSA-N	ANTIBACTERIAL	0b4fc5aebf18e302c15da363d203c881f01df98f6c0ec1bfd5ccebd5e5d87332	0	0	6	3	2	RECORDED_NAME_QUERIES_TRAVERSED_NOT_PRIMARY_REVIEW	False	0	0	0	0			0	0	0			0		OPEN
CHEBI:35045	10-undecenoic acid	data/antibiotics/antifungal/10-undecenoic-acid.yaml	FRPZMMHWLSIFAZ-UHFFFAOYSA-N	ANTIFUNGAL	a864c8f65178e353446589a431ae97a6e64e2a52a07b89b13fe992d4b5642e35	0	0	14	5	0	RECORDED_NAME_QUERIES_TRAVERSED_NOT_PRIMARY_REVIEW	False	0	0	0	0			0	0	0			0		OPEN
CHEBI:3505	cefpodoxime proxetil	data/antibiotics/antibacterial/cefpodoxime-proxetil.yaml	LTINZAODLRIQIX-FBXRGJNPSA-N	ANTIBACTERIAL	2f72300339c7a0cd8f8873823821017306c0413f23aee41ebab72972fa063670	0	0	5	2	0	RECORDED_NAME_QUERIES_TRAVERSED_NOT_PRIMARY_REVIEW	False	0	0	0	0			0	0	0			0		OPEN
CHEBI:3506	cefprozil	data/antibiotics/antibacterial/cefprozil.yaml	WDLWHQDACQUCJR-PBFPGSCMSA-N	ANTIBACTERIAL	cad990b21bf7d40548ed557514b2d8a29a1dd085095a746fe4e5c64624cb6202	0	0	8	3	1	RECORDED_NAME_QUERIES_TRAVERSED_NOT_PRIMARY_REVIEW	False	0	0	0	0			0	0	0			0		OPEN
CHEBI:3507	cefsulodin	data/antibiotics/antibacterial/cefsulodin.yaml	SYLKGLMBLAAGSC-QLVMHMETSA-N	ANTIBACTERIAL	4d82e52ba22b1107bd6628b12793af9dcd59a42177a16772bb201e7b8314e1cb	0	0	7	3	0	RECORDED_NAME_QUERIES_TRAVERSED_NOT_PRIMARY_REVIEW	False	0	0	0	0			0	0	0			0		OPEN
CHEBI:3508	ceftazidime	data/antibiotics/antibacterial/ceftazidime.yaml	ORFOPKXBNMVMKC-DWVKKRMSSA-N	ANTIBACTERIAL	51c8151de51d168a17f89ac72d4a11ac67ca40f881071d1061476444f1332ac1	258	0	14	5	2	RECORDED_NAME_QUERIES_TRAVERSED_NOT_PRIMARY_REVIEW	False	258	258	216	42	UniProtKB:A0A069BCC8|UniProtKB:A0A075MBC8|UniProtKB:A0A097A289|UniProtKB:A0A097J9F4|UniProtKB:A0A0A0VDI5|UniProtKB:A0A0C5BXY6|UniProtKB:A0A0C7AUD6|UniProtKB:A0A0D6A0M4|UniProtKB:A0A0E3JSK4|UniProtKB:A0A0E3UVG0|UniProtKB:A0A125R6L3|UniProtKB:A0A1A5I6T7|UniProtKB:A0A1L7B4G6|UniProtKB:A0A1L7B531|UniProtKB:A0A1P8SN36|UniProtKB:A0A1S6KJQ2|UniProtKB:A0A1S7BI72|UniProtKB:A0A1W5T935|UniProtKB:A0A291NXY9|UniProtKB:A0A2A2MC99|UniProtKB:A0A2H4FYM3|UniProtKB:A0A2I8ANK3|UniProtKB:A0A2I8ANM0|UniProtKB:A0A2P9DUS6|UniProtKB:A0A2R4PHC7|UniProtKB:A0A2R8G1S5|UniProtKB:A0A2S1R3D7|UniProtKB:A0A346ARK8|UniProtKB:A0A385FWW6|UniProtKB:A0A3S4MWA6|UniProtKB:A0A481S261|UniProtKB:A0A4Q8PGU5|UniProtKB:A0A4Y5UM98|UniProtKB:A0A516EKB2|UniProtKB:A0A516UZT9|UniProtKB:A0A5B8KR36|UniProtKB:A0A5I5FUQ3|UniProtKB:A0A5R8T042|UniProtKB:A0A5S9EDG4|UniProtKB:A0A6C0L4K1|UniProtKB:A0A6J4E5K8|UniProtKB:A0A6X7JZU9|UniProtKB:A0A724BJC8|UniProtKB:A0A7G1HH99|UniProtKB:A0A7H9SPV8|UniProtKB:A0A7L9V0P3|UniProtKB:A0A7U3Q0R4|UniProtKB:A0A8F3HQQ9|UniProtKB:A0A9Q7V5Q3|UniProtKB:A0A9Q9CTT6|UniProtKB:A0AAX3AHW0|UniProtKB:A0AAX3HD63|UniProtKB:A0AB34D2V8|UniProtKB:A1YTM6|UniProtKB:A1YTM7|UniProtKB:A4LAC3|UniProtKB:A5GXS5|UniProtKB:A5HJU3|UniProtKB:A6H929|UniProtKB:A6XFB8|UniProtKB:A7ISS0|UniProtKB:A8DZJ3|UniProtKB:A9J5X3|UniProtKB:A9QW43|UniProtKB:B1MCI3|UniProtKB:B5A5T0|UniProtKB:B6E296|UniProtKB:B6EEK2|UniProtKB:B6VB30|UniProtKB:B8XLJ7|UniProtKB:B9DR46|UniProtKB:C1KAC8|UniProtKB:C3VMN0|UniProtKB:C4NY33|UniProtKB:C4NY34|UniProtKB:C4PE86|UniProtKB:C8C169|UniProtKB:D3IP02|UniProtKB:D9U8W0|UniProtKB:D9Z4Z4|UniProtKB:E5LP65|UniProtKB:E8LGK3|UniProtKB:F4YXC2|UniProtKB:F6K6C7|UniProtKB:G0Z390|UniProtKB:G1CCP7|UniProtKB:G1FK69|UniProtKB:G1FTI5|UniProtKB:G1JY45|UniProtKB:G8A3U3|UniProtKB:G9BBW8|UniProtKB:G9FYZ8|UniProtKB:H7CHH5|UniProtKB:H9AXL9|UniProtKB:H9AXM0|UniProtKB:H9AXM1|UniProtKB:H9BJT1|UniProtKB:I0AXX8|UniProtKB:I6VD99|UniProtKB:I6ZQ49|UniProtKB:J9YNF9|UniProtKB:K4Q514|UniProtKB:L0GCN8|UniProtKB:L0N611|UniProtKB:L0R244|UniProtKB:M5B5Q1|UniProtKB:N0D6W6|UniProtKB:O32372|UniProtKB:O33677|UniProtKB:O34176|UniProtKB:O53043|UniProtKB:O68473|UniProtKB:P0A1V8|UniProtKB:P78144|UniProtKB:Q06DP4|UniProtKB:Q09Q12|UniProtKB:Q09Q13|UniProtKB:Q0VTQ9|UniProtKB:Q1KY81|UniProtKB:Q20I87|UniProtKB:Q2V899|UniProtKB:Q2V9Y4|UniProtKB:Q2XPR0|UniProtKB:Q46954|UniProtKB:Q48406|UniProtKB:Q48434|UniProtKB:Q4F7H1|UniProtKB:Q4F7H2|UniProtKB:Q4GX46|UniProtKB:Q4H482|UniProtKB:Q4JL90|UniProtKB:Q56H91|UniProtKB:Q5H739|UniProtKB:Q5I5D9|UniProtKB:Q5PSW6|UniProtKB:Q5QQ30|UniProtKB:Q6EH43|UniProtKB:Q6EH44|UniProtKB:Q6GWS8|UniProtKB:Q6GWS9|UniProtKB:Q6IT48|UniProtKB:Q6KB04|UniProtKB:Q6PP89|UniProtKB:Q6PP90|UniProtKB:Q6PP91|UniProtKB:Q6PW40|UniProtKB:Q6QR76|UniProtKB:Q6T5A3|UniProtKB:Q6UK84|UniProtKB:Q6UK85|UniProtKB:Q6W7J4|UniProtKB:Q6WSQ7|UniProtKB:Q7BQ65|UniProtKB:Q83W48|UniProtKB:Q844X1|UniProtKB:Q8GEA5|UniProtKB:Q8GEA6|UniProtKB:Q8GHI3|UniProtKB:Q8KMX3|UniProtKB:Q8KMX4|UniProtKB:Q8KQ59|UniProtKB:Q8KQ72|UniProtKB:Q8KRH0|UniProtKB:Q8KSD2|UniProtKB:Q8KSD3|UniProtKB:Q8L1Y1|UniProtKB:Q8L2F9|UniProtKB:Q8RMG3|UniProtKB:Q8RPY9|UniProtKB:Q8RT90|UniProtKB:Q91UY8|UniProtKB:Q933Z8|UniProtKB:Q934D7|UniProtKB:Q937J3|UniProtKB:Q93A77|UniProtKB:Q93A78|UniProtKB:Q93A79|UniProtKB:Q93A80|UniProtKB:Q93GI3|UniProtKB:Q93K43|UniProtKB:Q93K44|UniProtKB:Q93LJ5|UniProtKB:Q9AEY6|UniProtKB:Q9AFC8|UniProtKB:Q9AGJ5|UniProtKB:Q9EYX1|UniProtKB:Q9F0F5|UniProtKB:Q9FAA2|UniProtKB:Q9K373|UniProtKB:Q9K582|UniProtKB:Q9KJD2|UniProtKB:Q9KJD4|UniProtKB:Q9KJD5|UniProtKB:Q9LAC0|UniProtKB:Q9R746|UniProtKB:Q9R770|UniProtKB:Q9R771|UniProtKB:Q9RMS2|UniProtKB:Q9RMS3|UniProtKB:Q9RMS4|UniProtKB:Q9RN48|UniProtKB:Q9S534|UniProtKB:Q9S678|UniProtKB:Q9S679|UniProtKB:Q9ZFV9|UniProtKB:R4HET6|UniProtKB:R4NFA1|UniProtKB:S5FWH2|UniProtKB:U3N8Z2|UniProtKB:U3U4Q6|UniProtKB:U5U781|UniProtKB:V5LEG1|UniProtKB:V5LVW5|UniProtKB:V5N0U5|UniProtKB:W8E5Z0|UniProtKB:X5JYP1	NCBITaxon:1018|NCBITaxon:1396|NCBITaxon:149387|NCBITaxon:149539|NCBITaxon:1496|NCBITaxon:155900|NCBITaxon:167474|NCBITaxon:244366|NCBITaxon:2511819|NCBITaxon:2725477|NCBITaxon:28144|NCBITaxon:28450|NCBITaxon:287|NCBITaxon:28901|NCBITaxon:294|NCBITaxon:29430|NCBITaxon:29486|NCBITaxon:299766|NCBITaxon:35419|NCBITaxon:381|NCBITaxon:43263|NCBITaxon:470|NCBITaxon:48296|NCBITaxon:485|NCBITaxon:487004|NCBITaxon:545|NCBITaxon:546367|NCBITaxon:548|NCBITaxon:550|NCBITaxon:561007|NCBITaxon:562|NCBITaxon:565972|NCBITaxon:569|NCBITaxon:571|NCBITaxon:573|NCBITaxon:582|NCBITaxon:584|NCBITaxon:585|NCBITaxon:588|NCBITaxon:595|NCBITaxon:615|NCBITaxon:624|NCBITaxon:626939|NCBITaxon:663178|NCBITaxon:729|NCBITaxon:90105|NCBITaxon:90371|NCBITaxon:941280	0	0	0			0		OPEN
CHEBI:3510	ceftibuten	data/antibiotics/antibacterial/ceftibuten.yaml	UNJFKXSSGBWRBZ-BJCIPQKHSA-N	ANTIBACTERIAL	678219c43f3f94c0b9b050ef58da2f2ba8799fb72bd0eb7dc554eeba891adbf6	0	0	9	3	1	RECORDED_NAME_QUERIES_TRAVERSED_NOT_PRIMARY_REVIEW	False	0	0	0	0			0	0	0			0		OPEN
CHEBI:3515	cefuroxime	data/antibiotics/antibacterial/cefuroxime.yaml	JFPVXVDWJQMJEE-IZRZKJBUSA-N	ANTIBACTERIAL	633e9f37482c6b643158430610d339544eee02cfd4b2b390ad41c1305078e713	10	0	16	5	2	RECORDED_NAME_QUERIES_TRAVERSED_NOT_PRIMARY_REVIEW	False	10	10	8	2	UniProtKB:A0A097J9F4|UniProtKB:A0A2R4A8Y7|UniProtKB:A0A9Q2ZSM5|UniProtKB:A0AA35D781|UniProtKB:A0SVI2|UniProtKB:B1MCI3|UniProtKB:Q20I87|UniProtKB:Q93PQ0	NCBITaxon:1812934|NCBITaxon:225991|NCBITaxon:29486|NCBITaxon:550|NCBITaxon:561007|NCBITaxon:562|NCBITaxon:584|NCBITaxon:67826	0	0	0			0		OPEN
CHEBI:3534	cephalexin	data/antibiotics/antibacterial/cephalexin.yaml	ZAIPMKNFIOOWCQ-UEKVPHQBSA-N	ANTIBACTERIAL	ed3ee91f0ac21ee2e83112650284e22d063baf64b192859bf647485c207f01ca	0	0	17	5	1	RECORDED_NAME_QUERIES_TRAVERSED_NOT_PRIMARY_REVIEW	False	0	0	0	0			0	0	0			0		OPEN
CHEBI:3535	cephalexin monohydrate	data/antibiotics/antibacterial/cephalexin-monohydrate.yaml	AVGYWQBCYZHHPN-CYJZLJNKSA-N	ANTIBACTERIAL	e7eab9a846f19ec268dfc50bffb8cfe478ac09f0419c162755b10094608742a4	0	0	11	4	1	RECORDED_NAME_QUERIES_TRAVERSED_NOT_PRIMARY_REVIEW	False	0	0	0	0			0	0	0			0		OPEN
CHEBI:3537	cefaloridine	data/antibiotics/antibacterial/cefaloridine.yaml	CZTQZXZIADLWOZ-CRAIPNDOSA-N	ANTIBACTERIAL	34996a247c5cb65c00254881db34658fe0572a419c5f4648baccd1b776e3a027	4	0	20	6	0	RECORDED_NAME_QUERIES_TRAVERSED_NOT_PRIMARY_REVIEW	False	4	4	2	2	UniProtKB:A0A068EQ40|UniProtKB:P30898	NCBITaxon:158484|NCBITaxon:820	0	0	0			0		OPEN
CHEBI:3543	cephamycin C	data/antibiotics/unspecified/cephamycin-c.yaml	LXWBXEWUSAABOA-VXSYNFHWSA-N	ANTIMICROBIAL_UNSPECIFIED	81b478eee571aa26b1eb7a46124227f532d15f71c7edef320c2bab3f1c9201f4	0	0	13	4	0	RECORDED_NAME_QUERIES_TRAVERSED_NOT_PRIMARY_REVIEW	False	0	0	0	0			0	0	0			0		OPEN
CHEBI:3545	cephapirin sodium	data/antibiotics/antibacterial/cephapirin-sodium.yaml	VGEOUKPOQQEQSX-OALZAMAHSA-M	ANTIBACTERIAL	151b38effda390c1f0182efbdc046cb4ec0309fa64d829c9e17ab5be9b93130b	0	0	7	3	0	RECORDED_NAME_QUERIES_TRAVERSED_NOT_PRIMARY_REVIEW	False	0	0	0	0			0	0	0			0		OPEN
CHEBI:3547	cephradine	data/antibiotics/antibacterial/cephradine.yaml	RDLPVSKMFDYCOR-UEKVPHQBSA-N	ANTIBACTERIAL	1d3ac80ac6ef4d80ec090bb2266ded16eba7baf93a10dba2e543e739d1a378c1	0	0	17	5	1	RECORDED_NAME_QUERIES_TRAVERSED_NOT_PRIMARY_REVIEW	False	0	0	0	0			0	0	0			0		OPEN
CHEBI:355510	cefotiam	data/antibiotics/antibacterial/cefotiam.yaml	QYQDKDWGWDOFFU-IUODEOHRSA-N	ANTIBACTERIAL	9f2dd3fc32485faa595d9e90cd17a530b633502396ffff69a19b8f131413a060	0	0	7	3	0	RECORDED_NAME_QUERIES_TRAVERSED_NOT_PRIMARY_REVIEW	False	0	0	0	0			0	0	0			0		OPEN
CHEBI:35720	enrofloxacin	data/antibiotics/antibacterial/enrofloxacin.yaml	SPFYMRJSYKOXGV-UHFFFAOYSA-N	ANTIBACTERIAL	9241d3152ad77d4f0fbe6233b5795fa97af92588a49faa88d165f899e8347377	2	0	4	2	2	RECORDED_NAME_QUERIES_TRAVERSED_NOT_PRIMARY_REVIEW	False	2	2	0	2			0	0	0			0		OPEN
CHEBI:35817	roxarsone	data/antibiotics/antibacterial/roxarsone.yaml	XMVJITFPVVRMHC-UHFFFAOYSA-N	ANTIBACTERIAL	71378c7b1cb516d1154d013e73b5ab1ba748cdb669875d67ff31df9026ce2b12	0	0	12	4	0	RECORDED_NAME_QUERIES_TRAVERSED_NOT_PRIMARY_REVIEW	False	0	0	0	0			0	0	0			0		OPEN
CHEBI:35825	mandelic acid	data/antibiotics/antibacterial/mandelic-acid.yaml	IWYDHOAUDWTVEP-UHFFFAOYSA-N	ANTIBACTERIAL	f60c88322d48d2ef06a343de3b2ab24add1b39ebf4249b29550c8fb4e689c61a	0	0	8	3	0	RECORDED_NAME_QUERIES_TRAVERSED_NOT_PRIMARY_REVIEW	False	0	0	0	0			0	0	0			0		OPEN
CHEBI:35854	valacyclovir	data/antibiotics/antiviral/valacyclovir.yaml	HDOVUKNUBWVHOX-QMMMGPOBSA-N	ANTIVIRAL	7a8a9ac6557c62ea3de8c903426ec64066519d8b35de65ce7b31f8b7ec4add81	0	0	4	2	0	RECORDED_NAME_QUERIES_TRAVERSED_NOT_PRIMARY_REVIEW	False	0	0	0	0			0	0	0			0		OPEN
CHEBI:35862	bacitracin A	data/antibiotics/antibacterial/bacitracin-a.yaml	CLKOFPXJLQSYAH-ABRJDSQDSA-N	ANTIBACTERIAL	dc0b5c4a28b2a88e16d5e89f1e6d3961e01689f802ecc76bb9b36c1833f0afcf	4	0	4	2	1	RECORDED_NAME_QUERIES_TRAVERSED_NOT_PRIMARY_REVIEW	False	4	4	4	0	UniProtKB:P42332|UniProtKB:P42333|UniProtKB:P42334|UniProtKB:P60932	NCBITaxon:1402|NCBITaxon:83333	0	0	0			0		OPEN
CHEBI:35966	(2-trans,6-cis)-farnesol	data/antibiotics/unspecified/2-trans-6-cis-farnesol.yaml	CRDAMVZIKSXKFV-GNESMGCMSA-N	ANTIMICROBIAL_UNSPECIFIED	91dde74dd8dbbbaf79f8e79235023aab5a497a4a91126cc77868cde29bf0f387	0	0	7	3	0	RECORDED_NAME_QUERIES_TRAVERSED_NOT_PRIMARY_REVIEW	False	0	0	0	0			0	0	0			0		OPEN
CHEBI:35986	nonan-1-ol	data/antibiotics/antifungal/nonan-1-ol.yaml	ZWRUINPWMLAQRD-UHFFFAOYSA-N	ANTIFUNGAL	2961c9b3be99cd9bdade0bd34e55fba079c6b97dd6017269560c55cc182369be	0	0	13	4	0	RECORDED_NAME_QUERIES_TRAVERSED_NOT_PRIMARY_REVIEW	False	0	0	0	0			0	0	0			0		OPEN
CHEBI:35991	penam	data/antibiotics/unspecified/penam.yaml	WSHJJCPTKWSMRR-RXMQYKEDSA-N	ANTIMICROBIAL_UNSPECIFIED	943c4a592e5a64eff011d4db71c4186734260e3be9ab11d2b4010de67e51fddd	0	0	4	2	0	RECORDED_NAME_QUERIES_TRAVERSED_NOT_PRIMARY_REVIEW	False	0	0	0	0			0	0	0			0		OPEN
CHEBI:35993	cepham	data/antibiotics/unspecified/cepham.yaml	QHTOIDKCEPKVCM-ZCFIWIBFSA-N	ANTIMICROBIAL_UNSPECIFIED	8b75d252c74a9c022eb92147891da06cf5cd8f90b8fd023703469993b6086d2c	0	0	2	2	0	RECORDED_NAME_QUERIES_TRAVERSED_NOT_PRIMARY_REVIEW	False	0	0	0	0			0	0	0			0		OPEN
CHEBI:35994	penem	data/antibiotics/unspecified/penem.yaml	HHXMXAQDOUCLDN-RXMQYKEDSA-N	ANTIMICROBIAL_UNSPECIFIED	1ce19fc3ad927f1837ecf4a1307d9c5029f5f333dbe8ef8e33c1ee96270b29c8	0	0	3	2	0	RECORDED_NAME_QUERIES_TRAVERSED_NOT_PRIMARY_REVIEW	False	0	0	0	0			0	0	0			0		OPEN
CHEBI:36049	sodium arsanilate	data/antibiotics/antibacterial/sodium-arsanilate.yaml	OUFRIWNNMFWZTM-UHFFFAOYSA-M	ANTIBACTERIAL	9500bdd8d759416b36b91a14b0d41405d558f403ae924bdfec0d554c6b7ce65c	0	0	11	4	0	RECORDED_NAME_QUERIES_TRAVERSED_NOT_PRIMARY_REVIEW	False	0	0	0	0			0	0	0			0		OPEN
CHEBI:3613	chlorflavonin	data/antibiotics/antifungal/chlorflavonin.yaml	JLSQXYITDXJTKL-UHFFFAOYSA-N	ANTIFUNGAL	001385616df1d1f789f045efc65436df9a50a499b7a299e9df48304ead0bfcee	0	0	3	2	0	RECORDED_NAME_QUERIES_TRAVERSED_NOT_PRIMARY_REVIEW	False	0	0	0	0			0	0	0			0		OPEN
CHEBI:3614	chlorhexidine	data/antibiotics/antibacterial/chlorhexidine.yaml	GHXZTYHSJHQHIJ-UHFFFAOYSA-N	ANTIBACTERIAL	09093926720375f83d1b246e80df4009a2200b51958ce3620d879c10efad2ce3	4	0	8	3	2	RECORDED_NAME_QUERIES_TRAVERSED_NOT_PRIMARY_REVIEW	False	4	4	1	3	UniProtKB:Q9I3Y3	NCBITaxon:208964	0	0	0			0		OPEN
CHEBI:3628	chloroneb	data/antibiotics/antifungal/chloroneb.yaml	PFIADAMVCJPXSF-UHFFFAOYSA-N	ANTIFUNGAL	c103eeafb4defc58ba348705d8f5e3ba18ba73e5dcdc205d361cd4b5b836ce3a	0	0	7	3	0	RECORDED_NAME_QUERIES_TRAVERSED_NOT_PRIMARY_REVIEW	False	0	0	0	0			0	0	0			0		OPEN
CHEBI:3638	chloroquine	data/antibiotics/antiprotozoal/chloroquine.yaml	WHTVZRBIWZFKQO-UHFFFAOYSA-N	ANTIPROTOZOAL	c065dc6d735cabf0859e7d4c4a54e499675ee2d26f6ff2ab04957f9dc079bdfb	0	0	15	5	2	RECORDED_NAME_QUERIES_TRAVERSED_NOT_PRIMARY_REVIEW	False	0	0	0	0			0	0	0			0		OPEN
CHEBI:3639	chlorothalonil	data/antibiotics/antifungal/chlorothalonil.yaml	CRQQGFGUEAVUIL-UHFFFAOYSA-N	ANTIFUNGAL	84e95f8c9f18474629a7772e9dd76f5c02309e7e86cb5ab4c2c0e17e2937e9e8	0	0	12	4	0	RECORDED_NAME_QUERIES_TRAVERSED_NOT_PRIMARY_REVIEW	False	0	0	0	0			0	0	0			0		OPEN
CHEBI:3642	chlorphenesin	data/antibiotics/antibacterial/chlorphenesin.yaml	MXOAEAUPQDYUQM-UHFFFAOYSA-N	ANTIBACTERIAL	2001cbc10f31117800c938074fc9c2c7a268888657454d34cd004b0e979f9541	0	0	11	4	0	RECORDED_NAME_QUERIES_TRAVERSED_NOT_PRIMARY_REVIEW	False	0	0	0	0			0	0	0			0		OPEN
CHEBI:3647	chlorpromazine	data/antibiotics/antiviral/chlorpromazine.yaml	ZPEIMTDSQAKGNT-UHFFFAOYSA-N	ANTIVIRAL	6f6667d1cd67dadd0628d8b46e0ec5e24b699d15831c23ff7b9b75742dbb5375	0	0	16	5	2	RECORDED_NAME_QUERIES_TRAVERSED_NOT_PRIMARY_REVIEW	False	0	0	0	0			0	0	0			0		OPEN
CHEBI:3649	chlorpromazine hydrochloride	data/antibiotics/antiviral/chlorpromazine-hydrochloride.yaml	FBSMERQALIEGJT-UHFFFAOYSA-N	ANTIVIRAL	0ec7f0568dbd372e9f9241e388fcee4461d2e4b761b282922acead8d4759487d	0	0	15	5	0	RECORDED_NAME_QUERIES_TRAVERSED_NOT_PRIMARY_REVIEW	False	0	0	0	0			0	0	0			0		OPEN
CHEBI:367	(+)-α-phellandrene	data/antibiotics/unspecified/α-phellandrene-367.yaml	OGLDWXZKYODSOB-JTQLQIEISA-N	ANTIMICROBIAL_UNSPECIFIED	a9014cdd1c6568addfec3345ceca5964b923e3cb6da1b01edad5c1db12d8620c	0	0	6	3	0	RECORDED_NAME_QUERIES_TRAVERSED_NOT_PRIMARY_REVIEW	False	0	0	0	0			0	0	0			0		OPEN
CHEBI:367163	darunavir	data/antibiotics/antiviral/darunavir.yaml	CJBJHOAVZSMMDJ-HEXNFIEUSA-N	ANTIVIRAL	3bfe83e6f39c6a50f56d8918aaf89684551e25f9b5c05e806d43f4b2987c8188	0	0	12	4	2	RECORDED_NAME_QUERIES_TRAVERSED_NOT_PRIMARY_REVIEW	False	0	0	0	0			0	0	0			0		OPEN
CHEBI:36798	dothiepin	data/antibiotics/antiviral/dothiepin.yaml	PHTUQLWOUWZIMZ-UHFFFAOYSA-N	ANTIVIRAL	255944d63d3e07e02ad586703dcd85dd0b84d218ba0b5ae2b078ac3430347120	0	0	5	2	0	RECORDED_NAME_QUERIES_TRAVERSED_NOT_PRIMARY_REVIEW	False	0	0	0	0			0	0	0			0		OPEN
CHEBI:368	(S)-(−)-citronellal	data/antibiotics/antifungal/s-citronellal.yaml	NEHNMFOYXAPHSD-JTQLQIEISA-N	ANTIFUNGAL	76fb85c528d9d4e4df4f1962515c2a8100cdfbffd831d5ccbcdf23e6923ad6b2	0	0	7	3	0	RECORDED_NAME_QUERIES_TRAVERSED_NOT_PRIMARY_REVIEW	False	0	0	0	0			0	0	0			0		OPEN
CHEBI:36802	cis-dothiepin	data/antibiotics/antiviral/cis-dothiepin.yaml	PHTUQLWOUWZIMZ-BOPFTXTBSA-N	ANTIVIRAL	c1c84ced4e120f08070d30a21de934288d93584d3137f4013f7cbeb1b13f82c0	0	0	2	2	0	RECORDED_NAME_QUERIES_TRAVERSED_NOT_PRIMARY_REVIEW	False	0	0	0	0			0	0	0			0		OPEN
CHEBI:36803	trans-dothiepin	data/antibiotics/antiviral/trans-dothiepin.yaml	PHTUQLWOUWZIMZ-GZTJUZNOSA-N	ANTIVIRAL	3717154197c9f621ed543b2a82d26368491b20f232213e7f82e16e3f2558a75f	0	0	2	2	0	RECORDED_NAME_QUERIES_TRAVERSED_NOT_PRIMARY_REVIEW	False	0	0	0	0			0	0	0			0		OPEN
CHEBI:3687	chrysophanol	data/antibiotics/antiviral/chrysophanol.yaml	LQGUBLBATBMXHT-UHFFFAOYSA-N	ANTIVIRAL	541b38c42a2d11946b137d5a0f4c2c6865e30d533a3b9d0e185845d83d389f09	0	0	8	3	0	RECORDED_NAME_QUERIES_TRAVERSED_NOT_PRIMARY_REVIEW	False	0	0	0	0			0	0	0			0		OPEN
CHEBI:3689	chrysosplenetin	data/antibiotics/antiviral/chrysosplenetin.yaml	NBVTYGIYKCPHQN-UHFFFAOYSA-N	ANTIVIRAL	feee737c3a83746b3833a4e0d9fb61c7c53e64bc3128120d55a70123f6c4e3ca	0	0	4	2	0	RECORDED_NAME_QUERIES_TRAVERSED_NOT_PRIMARY_REVIEW	False	0	0	0	0			0	0	0			0		OPEN
CHEBI:3690	chrysosplenol C	data/antibiotics/antiviral/chrysosplenol-c.yaml	QQBSPLCHDUCBNM-UHFFFAOYSA-N	ANTIVIRAL	887d169a3ffd30f2e1afc3eb9f7100459fcd9d8328d2747111a558a5c5d45948	0	0	4	2	0	RECORDED_NAME_QUERIES_TRAVERSED_NOT_PRIMARY_REVIEW	False	0	0	0	0			0	0	0			0		OPEN
CHEBI:3696	cidofovir anhydrous	data/antibiotics/antiviral/cidofovir-anhydrous.yaml	VWFCHDSQECPREK-LURJTMIESA-N	ANTIVIRAL	1cb3d21672b44cab5939d31939429af889d9372a11fa66306fe72cd97ddaca75	0	0	14	5	1	RECORDED_NAME_QUERIES_TRAVERSED_NOT_PRIMARY_REVIEW	False	0	0	0	0			0	0	0			0		OPEN
CHEBI:3716	cinoxacin	data/antibiotics/antibacterial/cinoxacin.yaml	VDUWPHTZYNWKRN-UHFFFAOYSA-N	ANTIBACTERIAL	94f901a5989c09619754c2018edfcb4a39adaab5a2d90546086a779fa80801ad	0	0	9	3	1	RECORDED_NAME_QUERIES_TRAVERSED_NOT_PRIMARY_REVIEW	False	0	0	0	0			0	0	0			0		OPEN
CHEBI:3732	clarithromycin	data/antibiotics/antibacterial/clarithromycin.yaml	AGOYDEPGAOXOCK-KCBOHYOISA-N	ANTIBACTERIAL	ab9144b6a1b21521e7166f05819d832e9ce4d127438ac1aa1e2e9f82d02a453c	54	0	20	6	4	RECORDED_NAME_QUERIES_TRAVERSED_NOT_PRIMARY_REVIEW	True	44	44	28	16	UniProtKB:A0A0H3EUF3|UniProtKB:A0A0R5YJB2|UniProtKB:A0A1H7UEH6|UniProtKB:A0A3R7IWB8|UniProtKB:A0A5K7U7Z4|UniProtKB:A0A6I0LAE8|UniProtKB:A0A7D3QFM0|UniProtKB:A0A829QAF6|UniProtKB:A0AAX3AJQ0|UniProtKB:F3ZTT0|UniProtKB:L7N623|UniProtKB:P05789|UniProtKB:P06572|UniProtKB:P07287|UniProtKB:P07684|UniProtKB:P09891|UniProtKB:P0A0H3|UniProtKB:P10337|UniProtKB:Q00014|UniProtKB:Q04720|UniProtKB:Q1JJH2|UniProtKB:Q6PZ59|UniProtKB:Q6RX35|UniProtKB:Q6XFQ7|UniProtKB:Q79N53|UniProtKB:Q8KLN5|UniProtKB:Q9K2Z3|UniProtKB:Q9ZNK8	NCBITaxon:1038928|NCBITaxon:1280|NCBITaxon:1282|NCBITaxon:1296|NCBITaxon:1299324|NCBITaxon:1352|NCBITaxon:1392|NCBITaxon:1598|NCBITaxon:1747|NCBITaxon:1766|NCBITaxon:1772|NCBITaxon:299766|NCBITaxon:31956|NCBITaxon:370551|NCBITaxon:405948|NCBITaxon:43767|NCBITaxon:53462|NCBITaxon:562|NCBITaxon:641665|NCBITaxon:679937|NCBITaxon:685038|NCBITaxon:79880|NCBITaxon:817|NCBITaxon:820|NCBITaxon:83331	0	0	0			0		OPEN
CHEBI:37447	meso-tetrakis(N-methyl-4-pyridyl)porphine(4+)	data/antibiotics/antiviral/meso-tetrakis-n-methyl-4-pyridyl-porphine-4.yaml	ABCGFHPGHXSVKI-LWQDQPMZSA-O	ANTIVIRAL	a21c72f099b7b735ce57f47f8f7a6580458e32ae3d4f3532500cebcc105884d0	0	0	16	5	0	RECORDED_NAME_QUERIES_TRAVERSED_NOT_PRIMARY_REVIEW	False	0	0	0	0			0	0	0			0		OPEN
CHEBI:3745	clindamycin	data/antibiotics/antibacterial/clindamycin.yaml	KDLRVYVGXIQJDK-AWPVFWJPSA-N	ANTIBACTERIAL	042c20cb84653c1aa1357fbc742c00835bca1ab71f79c95131c71ad5589bb8e7	62	0	17	5	2	RECORDED_NAME_QUERIES_TRAVERSED_NOT_PRIMARY_REVIEW	False	62	62	50	12	UniProtKB:A0A077RJG5|UniProtKB:A0A0M4NI39|UniProtKB:A0A1B1M202|UniProtKB:A0A1B2JLG7|UniProtKB:A0A1W7M2R8|UniProtKB:A0A2U2RQW4|UniProtKB:A0A345AH93|UniProtKB:A0A3N5BJC3|UniProtKB:A0A3R7IWB8|UniProtKB:A0A426FGS5|UniProtKB:A0A5K7U7Z4|UniProtKB:A0A6I0LAE8|UniProtKB:A0A7D3QFM0|UniProtKB:A0A7X5SXF0|UniProtKB:A0A829QAF6|UniProtKB:A0A916Q6F9|UniProtKB:A0A9D2G3I2|UniProtKB:A0SNL9|UniProtKB:A2AXI2|UniProtKB:A7Z1T2|UniProtKB:A8CXJ0|UniProtKB:A9Y8T8|UniProtKB:C0ZJA6|UniProtKB:E4Z841|UniProtKB:F2WJM2|UniProtKB:F3ZTT0|UniProtKB:I7J507|UniProtKB:L7N623|UniProtKB:P06572|UniProtKB:P07287|UniProtKB:P09891|UniProtKB:P0A0H3|UniProtKB:P10337|UniProtKB:Q00014|UniProtKB:Q04720|UniProtKB:Q182T3|UniProtKB:Q53784|UniProtKB:Q5WJ42|UniProtKB:Q6KEY6|UniProtKB:Q6PZ59|UniProtKB:Q6RX35|UniProtKB:Q6XFQ7|UniProtKB:Q79N53|UniProtKB:Q7WT47|UniProtKB:Q7WVB8|UniProtKB:Q8KLN5|UniProtKB:Q8XMA6|UniProtKB:Q9K2Z3|UniProtKB:T1RRK4|UniProtKB:V5RL01|UniProtKB:V5ZEZ1	NCBITaxon:1038928|NCBITaxon:1280|NCBITaxon:1282|NCBITaxon:1283|NCBITaxon:1288|NCBITaxon:1292|NCBITaxon:1296|NCBITaxon:1299324|NCBITaxon:1311|NCBITaxon:1349|NCBITaxon:1351|NCBITaxon:1352|NCBITaxon:1363|NCBITaxon:1392|NCBITaxon:1496|NCBITaxon:1509|NCBITaxon:1598|NCBITaxon:1747|NCBITaxon:1766|NCBITaxon:1772|NCBITaxon:1817405|NCBITaxon:1915|NCBITaxon:195102|NCBITaxon:216816|NCBITaxon:272563|NCBITaxon:2838467|NCBITaxon:29382|NCBITaxon:31956|NCBITaxon:326423|NCBITaxon:358681|NCBITaxon:40091|NCBITaxon:405948|NCBITaxon:42858|NCBITaxon:43767|NCBITaxon:47735|NCBITaxon:53462|NCBITaxon:562|NCBITaxon:645466|NCBITaxon:66692|NCBITaxon:679937|NCBITaxon:79880|NCBITaxon:817|NCBITaxon:820|NCBITaxon:83331	0	0	0			0		OPEN
CHEBI:3749	clofazimine	data/antibiotics/antimycobacterial/clofazimine.yaml	WDQPAMHFFCXSNU-UHFFFAOYSA-N	ANTIMYCOBACTERIAL	287aacde7aba3971a418c7c4d656e94dda1cfb933b70807e35ad4095f5a1a2c8	3	0	10	4	1	RECORDED_NAME_QUERIES_TRAVERSED_NOT_PRIMARY_REVIEW	False	3	3	0	3			0	0	0			0		OPEN
CHEBI:3755	clomipramine hydrochloride	data/antibiotics/antiviral/clomipramine-hydrochloride.yaml	WIMWMKZEIBHDTH-UHFFFAOYSA-N	ANTIVIRAL	21d0f02021e373a722e9d2cf94fadb026cca255aa1ffc0c0a69a1bec19bd4cc8	0	0	8	3	0	RECORDED_NAME_QUERIES_TRAVERSED_NOT_PRIMARY_REVIEW	False	0	0	0	0			0	0	0			0		OPEN
CHEBI:37597	(S)-quinacrine	data/antibiotics/antiprotozoal/s-quinacrine.yaml	GPKJTRJOBQGKQK-INIZCTEOSA-N	ANTIPROTOZOAL	f80a78458bce1d82e1985e11ff389b5221f9c26f26face04ee0ae457eaf3644a	0	0	2	2	0	RECORDED_NAME_QUERIES_TRAVERSED_NOT_PRIMARY_REVIEW	False	0	0	0	0			0	0	0			0		OPEN
CHEBI:3764	clotrimazole	data/antibiotics/antifungal/clotrimazole.yaml	VNFPBHJOKIVQEB-UHFFFAOYSA-N	ANTIFUNGAL	a20523175943481166351a5178707948ef52441c2a907cf1a286695f66ad95a6	4	0	9	3	2	RECORDED_NAME_QUERIES_TRAVERSED_NOT_PRIMARY_REVIEW	False	4	4	0	4			0	0	0			0		OPEN
CHEBI:37806	penicillanic acid	data/antibiotics/unspecified/penicillanic-acid.yaml	RBKMMJSQKNKNEV-RITPCOANSA-N	ANTIMICROBIAL_UNSPECIFIED	898dfe3a35a5c03d0b0bc628b09850a668c53ee112b1b5084264e29242c1ecd6	0	0	3	2	0	RECORDED_NAME_QUERIES_TRAVERSED_NOT_PRIMARY_REVIEW	False	0	0	0	0			0	0	0			0		OPEN
CHEBI:37907	(R)-nadifloxacin	data/antibiotics/antibacterial/r-nadifloxacin.yaml	JYJTVFIEFKZWCJ-SNVBAGLBSA-N	ANTIBACTERIAL	95e5daf4dfd0f11d54afa301a049e67eae2b940898cd1f0d581462b49b78b010	0	0	2	2	0	RECORDED_NAME_QUERIES_TRAVERSED_NOT_PRIMARY_REVIEW	False	0	0	0	0			0	0	0			0		OPEN
CHEBI:37908	(S)-nadifloxacin	data/antibiotics/antibacterial/s-nadifloxacin.yaml	JYJTVFIEFKZWCJ-JTQLQIEISA-N	ANTIBACTERIAL	5415fe444e12b36ab312608133265f46fae53fa892ee6641ead12b246797503a	0	0	3	2	0	RECORDED_NAME_QUERIES_TRAVERSED_NOT_PRIMARY_REVIEW	False	0	0	0	0			0	0	0			0		OPEN
CHEBI:37922	arbekacin	data/antibiotics/antibacterial/arbekacin.yaml	MKKYBZZTJQGVCD-XTCKQBCOSA-N	ANTIBACTERIAL	82e2ca6542db3e7db78632465b48c436e4b9a53030e09186a19605c3382d1483	9	0	5	2	0	RECORDED_NAME_QUERIES_TRAVERSED_NOT_PRIMARY_REVIEW	False	9	9	8	1	UniProtKB:A0A2L1KH00|UniProtKB:A0A3S7QGV0|UniProtKB:B0F9V0|UniProtKB:M4Q6L3|UniProtKB:Q33DX5|UniProtKB:Q76G15|UniProtKB:Q7M0R2|UniProtKB:Q8GRA1	NCBITaxon:158836|NCBITaxon:1879|NCBITaxon:287|NCBITaxon:573|NCBITaxon:584|NCBITaxon:615	0	0	0			0		OPEN
CHEBI:37923	astromicin	data/antibiotics/antibacterial/astromicin.yaml	BIDUPMYXGFNAEJ-APGVDKLISA-N	ANTIBACTERIAL	07bf64d31a9f2c30408c77507f1ae6bb2e2aebac24c1044dfaf042b693f6d145	6	0	19	6	0	RECORDED_NAME_QUERIES_TRAVERSED_NOT_PRIMARY_REVIEW	False	6	6	6	0	UniProtKB:A0A8F1SWS8|UniProtKB:A0A8F1SXH8|UniProtKB:I1YZZ5|UniProtKB:L0ARD6|UniProtKB:P23181|UniProtKB:Q8RPU6	NCBITaxon:197|NCBITaxon:287|NCBITaxon:470|NCBITaxon:573	0	0	0			0		OPEN
CHEBI:37924	atazanavir	data/antibiotics/antiviral/atazanavir.yaml	AXRYRYVKAWYZBR-GASGPIRDSA-N	ANTIVIRAL	2f136a3a8d5754aedd4b58c6e6617b42180399241e36e2b4275c67d0d01c4a7b	0	0	4	2	1	RECORDED_NAME_QUERIES_TRAVERSED_NOT_PRIMARY_REVIEW	False	0	0	0	0			0	0	0			0		OPEN
CHEBI:37945	dibekacin	data/antibiotics/antibacterial/dibekacin.yaml	JJCQSGDBDPYCEO-XVZSLQNASA-N	ANTIBACTERIAL	fdad190d1d11d967c216429e5f8102b3df816d2ced39980be121337668b591a6	65	0	14	5	0	RECORDED_NAME_QUERIES_TRAVERSED_NOT_PRIMARY_REVIEW	False	65	65	57	8	UniProtKB:A0A0S2TK08|UniProtKB:A0A2L1KH00|UniProtKB:A0A2P5GGR5|UniProtKB:A0A412CHK0|UniProtKB:A0A5K7YC16|UniProtKB:A0A6F8Z5F1|UniProtKB:A0A6N7WRB0|UniProtKB:A0AAD2XZN8|UniProtKB:A7LI79|UniProtKB:B6D9B6|UniProtKB:C4TGI5|UniProtKB:D4HQX2|UniProtKB:K0IV17|UniProtKB:O52241|UniProtKB:O52242|UniProtKB:O52243|UniProtKB:O52244|UniProtKB:O52245|UniProtKB:O52247|UniProtKB:O68484|UniProtKB:P05058|UniProtKB:P0AE04|UniProtKB:P10051|UniProtKB:P13246|UniProtKB:P29808|UniProtKB:P94629|UniProtKB:P94968|UniProtKB:P9WQG9|UniProtKB:Q01515|UniProtKB:Q03634|UniProtKB:Q15BH7|UniProtKB:Q33DX5|UniProtKB:Q43899|UniProtKB:Q44057|UniProtKB:Q44245|UniProtKB:Q47764|UniProtKB:Q49157|UniProtKB:Q51734|UniProtKB:Q52424|UniProtKB:Q54441|UniProtKB:Q70E71|UniProtKB:Q70E72|UniProtKB:Q75ZP9|UniProtKB:Q764C8|UniProtKB:Q76G15|UniProtKB:Q7ATH7|UniProtKB:Q7M0R2|UniProtKB:Q7WTV9|UniProtKB:Q84DL7|UniProtKB:Q8GRA1|UniProtKB:Q8VQN7|UniProtKB:Q8ZPB6|UniProtKB:Q9CD24|UniProtKB:Q9R381|UniProtKB:Q9RBW7|UniProtKB:S6CFI8|UniProtKB:V5XKM9	NCBITaxon:1292|NCBITaxon:1352|NCBITaxon:1354|NCBITaxon:1409|NCBITaxon:149539|NCBITaxon:1766|NCBITaxon:1879|NCBITaxon:1971|NCBITaxon:2022662|NCBITaxon:246196|NCBITaxon:2652274|NCBITaxon:272631|NCBITaxon:280145|NCBITaxon:287|NCBITaxon:294|NCBITaxon:29430|NCBITaxon:40324|NCBITaxon:470|NCBITaxon:48296|NCBITaxon:491921|NCBITaxon:53345|NCBITaxon:545|NCBITaxon:546|NCBITaxon:562|NCBITaxon:573|NCBITaxon:58095|NCBITaxon:582|NCBITaxon:584|NCBITaxon:587|NCBITaxon:588|NCBITaxon:599|NCBITaxon:615|NCBITaxon:70346|NCBITaxon:70347|NCBITaxon:70348|NCBITaxon:70349|NCBITaxon:70351|NCBITaxon:72407|NCBITaxon:72607|NCBITaxon:79880|NCBITaxon:83332|NCBITaxon:99287	0	0	0			0		OPEN
CHEBI:38009	3'',6'-di-N-acetylkanamycin A	data/antibiotics/unspecified/3-6-di-n-acetylkanamycin-a.yaml	HUAYXMGRIABALH-CHOMWAFYSA-N	ANTIMICROBIAL_UNSPECIFIED	5467e877d79d559b420e458474a2226b8c4b0ad52899bb227b7d6f596dab7b2a	0	0	2	2	0	RECORDED_NAME_QUERIES_TRAVERSED_NOT_PRIMARY_REVIEW	False	0	0	0	0			0	0	0			0		OPEN
CHEBI:38167	physcion	data/antibiotics/antibacterial/physcion.yaml	FFWOKTFYGVYKIR-UHFFFAOYSA-N	ANTIBACTERIAL	85d326fc0dee9966dd0a22548d5b6b888640828f2d233e47746f81a30de8c0c8	0	0	10	4	0	RECORDED_NAME_QUERIES_TRAVERSED_NOT_PRIMARY_REVIEW	False	0	0	0	0			0	0	0			0		OPEN
CHEBI:38265	carvone	data/antibiotics/antifungal/carvone-38265.yaml	ULDHMXUKGWMISQ-UHFFFAOYSA-N	ANTIFUNGAL	f180f9e652885fa4e835d469dda5a82bfb533c61d53ce7c014ea0b8007490f1a	0	0	13	4	0	RECORDED_NAME_QUERIES_TRAVERSED_NOT_PRIMARY_REVIEW	False	0	0	0	0			0	0	0			0		OPEN
CHEBI:38291	dihydrostreptomycin	data/antibiotics/unspecified/dihydrostreptomycin.yaml	ASXBYYWOLISCLQ-HZYVHMACSA-N	ANTIMICROBIAL_UNSPECIFIED	0f90143969cd8cd7c9f5d03564606d46bbeb08e30a1563566a190fc179b761ff	0	0	6	3	1	RECORDED_NAME_QUERIES_TRAVERSED_NOT_PRIMARY_REVIEW	False	0	0	0	0			0	0	0			0		OPEN
CHEBI:38319	usnic acid	data/antibiotics/antifungal/usnic-acid-38319.yaml	WEYVVCKOOFYHRW-UHFFFAOYSA-N	ANTIFUNGAL	905cfd6195935bba4aadf256e743d539c0ee33ec846ef8a71e85e768b4e0107c	0	0	6	3	0	RECORDED_NAME_QUERIES_TRAVERSED_NOT_PRIMARY_REVIEW	False	0	0	0	0			0	0	0			0		OPEN
CHEBI:38320	(+)-usnic acid	data/antibiotics/antifungal/usnic-acid-38320.yaml	WEYVVCKOOFYHRW-SFHVURJKSA-N	ANTIFUNGAL	1c710caaee8eefe543f37b38ad3475afb10e9ba4d08b3059186cf71a4875d415	0	0	5	2	0	RECORDED_NAME_QUERIES_TRAVERSED_NOT_PRIMARY_REVIEW	False	0	0	0	0			0	0	0			0		OPEN
CHEBI:38344	hellebrigenin	data/antibiotics/antiprotozoal/hellebrigenin.yaml	TVKPTWJPKVSGJB-XHCIOXAKSA-N	ANTIPROTOZOAL	2d93e2b5a76759d40f91b1ffdc2a1f34af9eaf7c92543f5c646c5323e75918ad	0	0	5	2	0	RECORDED_NAME_QUERIES_TRAVERSED_NOT_PRIMARY_REVIEW	False	0	0	0	0			0	0	0			0		OPEN
CHEBI:383703	3,6-diamino-10-methylacridinium chloride	data/antibiotics/antibacterial/3-6-diamino-10-methylacridinium-chloride.yaml	KKAJSJJFBSOMGS-UHFFFAOYSA-N	ANTIBACTERIAL	57365f8e26f3fee2a9cf08ebfcfb04a63f16835018c0ea00a543e7287c429118	0	0	4	2	1	RECORDED_NAME_QUERIES_TRAVERSED_NOT_PRIMARY_REVIEW	False	0	0	0	0			0	0	0			0		OPEN
CHEBI:38628	tolfenpyrad	data/antibiotics/antifungal/tolfenpyrad.yaml	WPALTCMYPARVNV-UHFFFAOYSA-N	ANTIFUNGAL	92d6d7687493a8e0f203ce8cc389222553f9555d9e47ac7ebca1039bf8060ecc	0	0	3	2	0	RECORDED_NAME_QUERIES_TRAVERSED_NOT_PRIMARY_REVIEW	False	0	0	0	0			0	0	0			0		OPEN
CHEBI:38729	naled	data/antibiotics/antibacterial/naled.yaml	BUYMVQAILCEWRR-UHFFFAOYSA-N	ANTIBACTERIAL	410f205bc55ad7578ef9cc019a242bf051d8283656aaade50e080561ee26399f	0	0	9	3	0	RECORDED_NAME_QUERIES_TRAVERSED_NOT_PRIMARY_REVIEW	False	0	0	0	0			0	0	0			0		OPEN
CHEBI:38746	parathion-methyl	data/antibiotics/antifungal/parathion-methyl.yaml	RLBIQVVOMOPOHC-UHFFFAOYSA-N	ANTIFUNGAL	b89c4135d77fa685cf3c6226716243cd8d4cbab7083d36a3c2d430bc20409d6c	0	0	9	3	0	RECORDED_NAME_QUERIES_TRAVERSED_NOT_PRIMARY_REVIEW	False	0	0	0	0			0	0	0			0		OPEN
CHEBI:3887	(−)-coronaridine	data/antibiotics/antiprotozoal/coronaridine.yaml	NVVDQMVGALBDGE-PZXGUROGSA-N	ANTIPROTOZOAL	366c0272c4cec78f428eebb7af30388ed3423b2cf991844a89b6b3194bc7acec	0	0	3	2	0	RECORDED_NAME_QUERIES_TRAVERSED_NOT_PRIMARY_REVIEW	False	0	0	0	0			0	0	0			0		OPEN
CHEBI:38947	dithiodiphosphoric acid	data/antibiotics/antiviral/dithiodiphosphoric-acid.yaml	CIFZCCWGXMYJEU-UHFFFAOYSA-N	ANTIVIRAL	8fcd465eb8f683fb3474b3822853646aca07570f50a8df565c9e7591a11aa3b9	0	0	2	2	0	RECORDED_NAME_QUERIES_TRAVERSED_NOT_PRIMARY_REVIEW	False	0	0	0	0			0	0	0			0		OPEN
CHEBI:38990	vamidothion	data/antibiotics/antibacterial/vamidothion.yaml	LESVOLZBIFDZGS-UHFFFAOYSA-N	ANTIBACTERIAL	4a29c355e28495a15a9d205434e34941ed016dc00780f7629ae7d80ee398aa28	0	0	6	3	0	RECORDED_NAME_QUERIES_TRAVERSED_NOT_PRIMARY_REVIEW	False	0	0	0	0			0	0	0			0		OPEN
CHEBI:3900	costunolide	data/antibiotics/antiviral/costunolide.yaml	HRYLQFBHBWLLLL-AHNJNIBGSA-N	ANTIVIRAL	a22a2104523f19a66d8bb3e63c4cece1688dd01a02ab8556680998174dca3e13	0	0	12	4	0	RECORDED_NAME_QUERIES_TRAVERSED_NOT_PRIMARY_REVIEW	False	0	0	0	0			0	0	0			0		OPEN
CHEBI:3907	coumermycin A1	data/antibiotics/antibacterial/coumermycin-a1.yaml	WTIJXIZOODAMJT-DHFGXMAYSA-N	ANTIBACTERIAL	c17d4ae89ba13e9ec5d3cae6f36eefa234685dc4d4249c1b5f2e91412fb81f79	6	0	10	4	0	RECORDED_NAME_QUERIES_TRAVERSED_NOT_PRIMARY_REVIEW	True	5	5	0	5			0	0	0			0		OPEN
CHEBI:39147	trichostatin C	data/antibiotics/unspecified/trichostatin-c.yaml	YECWTLGLNDDPGE-PIFXLSLCSA-N	ANTIMICROBIAL_UNSPECIFIED	e160b2e79c57e0aad50bbb4315dbb4a8d7e9316b8769b384dfb33882f821b9e6	0	0	4	2	0	RECORDED_NAME_QUERIES_TRAVERSED_NOT_PRIMARY_REVIEW	False	0	0	0	0			0	0	0			0		OPEN
CHEBI:39148	trichostatin B	data/antibiotics/unspecified/trichostatin-b.yaml	WTWHYHPOGZUENL-KZKGWZQBSA-N	ANTIMICROBIAL_UNSPECIFIED	c4d7568abba3cd4cae97d434f99b906605850f931b0d819034a1ad9883c3f6e2	0	0	2	2	0	RECORDED_NAME_QUERIES_TRAVERSED_NOT_PRIMARY_REVIEW	False	0	0	0	0			0	0	0			0		OPEN
CHEBI:39160	trichostatin D	data/antibiotics/unspecified/trichostatin-d.yaml	YECWTLGLNDDPGE-YPBJGXFISA-N	ANTIMICROBIAL_UNSPECIFIED	f2d6ece5ecdedc011ca6bc5abccc62012bd800f11606dc07a93348d474301c52	0	0	2	2	0	RECORDED_NAME_QUERIES_TRAVERSED_NOT_PRIMARY_REVIEW	False	0	0	0	0			0	0	0			0		OPEN
CHEBI:39254	(S)-chloroquine	data/antibiotics/antiprotozoal/s-chloroquine.yaml	WHTVZRBIWZFKQO-AWEZNQCLSA-N	ANTIPROTOZOAL	42d61642661b16350bf605d49e9004dd1cdcd4a99e10c21359d1d464fb6a4e89	0	0	4	2	1	RECORDED_NAME_QUERIES_TRAVERSED_NOT_PRIMARY_REVIEW	False	0	0	0	0			0	0	0			0		OPEN
CHEBI:39285	chloropicrin	data/antibiotics/antifungal/chloropicrin.yaml	LFHISGNCFUNFFM-UHFFFAOYSA-N	ANTIFUNGAL	21cd08be455ef450806525a87fdbf91a0c3a61b099674e59e2a89bc4d52377f8	0	0	8	3	0	RECORDED_NAME_QUERIES_TRAVERSED_NOT_PRIMARY_REVIEW	False	0	0	0	0			0	0	0			0		OPEN
CHEBI:3930	cryptolepine	data/antibiotics/antiprotozoal/cryptolepine.yaml	KURWKDDWCJELSV-UHFFFAOYSA-N	ANTIPROTOZOAL	50e9495f2718aad237a1568b346b40bde52071a6dfb134bec0fb1bcdf3573299	0	0	3	2	0	RECORDED_NAME_QUERIES_TRAVERSED_NOT_PRIMARY_REVIEW	False	0	0	0	0			0	0	0			0		OPEN
CHEBI:3932	cryptopleurine	data/antibiotics/antiviral/cryptopleurine.yaml	RSHYSOGXGSUUIJ-OAHLLOKOSA-N	ANTIVIRAL	bf2fdb2f853bd86e7df30eede9f3d982078d6e1768399938c08f19b3f66c3f3e	0	0	3	2	0	RECORDED_NAME_QUERIES_TRAVERSED_NOT_PRIMARY_REVIEW	False	0	0	0	0			0	0	0			0		OPEN
CHEBI:39349	4,6-dinitro-o-cresol	data/antibiotics/antifungal/4-6-dinitro-o-cresol.yaml	ZXVONLUNISGICL-UHFFFAOYSA-N	ANTIFUNGAL	619eaf1907522c0bc9cdf2cf8a535ff30b70a2881a4efa41dd2ad1cb0b35d070	0	0	8	3	0	RECORDED_NAME_QUERIES_TRAVERSED_NOT_PRIMARY_REVIEW	False	0	0	0	0			0	0	0			0		OPEN
CHEBI:3962	curcumin	data/antibiotics/antifungal/curcumin.yaml	VFLDPWHFBUODDF-FCXRPNKRSA-N	ANTIFUNGAL	57d96f232a998d4dbec676828497bbba1e3dceb2304b581e94417140d4c19428	0	0	10	4	2	RECORDED_NAME_QUERIES_TRAVERSED_NOT_PRIMARY_REVIEW	False	0	0	0	0			0	0	0			0		OPEN
CHEBI:39669	diflunisal	data/antibiotics/antibacterial/diflunisal.yaml	HUPFGZXOMWLGNK-UHFFFAOYSA-N	ANTIBACTERIAL	f601fbaef95e1bc6c2b987ad15ead9396910f3789f479e6a625e364e89d1fed2	0	0	8	3	0	RECORDED_NAME_QUERIES_TRAVERSED_NOT_PRIMARY_REVIEW	False	0	0	0	0			0	0	0			0		OPEN
CHEBI:39826	2-allylphenol	data/antibiotics/antifungal/2-allylphenol.yaml	QIRNGVVZBINFMX-UHFFFAOYSA-N	ANTIFUNGAL	37b7bba085343a9651fc772798b39f9964eff7fb09e9569f4c516a784be8dfbc	0	0	3	2	0	RECORDED_NAME_QUERIES_TRAVERSED_NOT_PRIMARY_REVIEW	False	0	0	0	0			0	0	0			0		OPEN
CHEBI:39900	N-[(5-methyl-1,2-oxazol-3-yl)carbonyl]-L-alanyl-L-valyl-N-{(2S,3E)-5-(benzyloxy)-5-oxo-1-[(3S)-2-oxopyrrolidin-3-yl]pent-3-en-2-yl}-L-leucinamide	data/antibiotics/antiviral/n-5-methyl-1-2-oxazol-3-yl-carbonyl-l-alanyl-l-valyl-n-2s-3e-5-benzylo.yaml	IDBWWEGDLCFCTD-VNEMRZQUSA-N	ANTIVIRAL	734861030ba49b24b40682d0eab2b575d0166e18d22d636e089b8af5f979ec27	0	0	3	2	0	RECORDED_NAME_QUERIES_TRAVERSED_NOT_PRIMARY_REVIEW	False	0	0	0	0			0	0	0			0		OPEN
CHEBI:39932	(R)-oct-1-en-3-ol	data/antibiotics/unspecified/r-oct-1-en-3-ol.yaml	VSMOENVRRABVKN-QMMMGPOBSA-N	ANTIMICROBIAL_UNSPECIFIED	ae46aed35aa2a491c5d341ac1530b7dfc429101d0c13b5b1e17319f3e3572145	0	0	11	4	0	RECORDED_NAME_QUERIES_TRAVERSED_NOT_PRIMARY_REVIEW	False	0	0	0	0			0	0	0			0		OPEN
CHEBI:40009	D-cycloserine	data/antibiotics/antimycobacterial/d-cycloserine.yaml	DYDCUQKUCUHJBH-UWTATZPHSA-N	ANTIMYCOBACTERIAL	bc948eecb9c8f60a333399aabed1bc40c17603aa38d539802884019f5b826d1d	3	0	21	6	5	RECORDED_NAME_QUERIES_TRAVERSED_NOT_PRIMARY_REVIEW	False	3	3	0	3			0	0	0			0		OPEN
CHEBI:40021	tiratricol	data/antibiotics/antiviral/tiratricol.yaml	UOWZUVNAGUAEQC-UHFFFAOYSA-N	ANTIVIRAL	96a81144435e2a6e91a1542f233cc89b19e78d2ff2483d1e3dc01a9806381a02	0	0	15	5	0	RECORDED_NAME_QUERIES_TRAVERSED_NOT_PRIMARY_REVIEW	False	0	0	0	0			0	0	0			0		OPEN
CHEBI:40050	amprenavir	data/antibiotics/antiviral/amprenavir.yaml	YMARZQAQMVYCKC-OEMFJLHTSA-N	ANTIVIRAL	b3074fb9bde43e876811f5c6cfce5e4435db31be7400dbd67775c9ea23ccda1f	0	0	5	2	2	RECORDED_NAME_QUERIES_TRAVERSED_NOT_PRIMARY_REVIEW	False	0	0	0	0			0	0	0			0		OPEN
CHEBI:4031	cyclosporin A	data/antibiotics/antifungal/cyclosporin-a.yaml	PMATZTZNYRCHOR-CGLBZJNRSA-N	ANTIFUNGAL	e0d390d0eb1e3ee5652ecf1e8e7e3c5eb95293e57f8ce7b8e06902f22f1a27b9	0	0	17	5	3	RECORDED_NAME_QUERIES_TRAVERSED_NOT_PRIMARY_REVIEW	False	0	0	0	0			0	0	0			0		OPEN
CHEBI:40322	TMC-95A	data/antibiotics/unspecified/tmc-95a.yaml	ZIAXNZCTODBCKW-BOYGTWLISA-N	ANTIMICROBIAL_UNSPECIFIED	231f5e89e665e046e9d73fa3826dc9aea0b0dcf928673301726328ccda188624	0	0	2	2	0	RECORDED_NAME_QUERIES_TRAVERSED_NOT_PRIMARY_REVIEW	False	0	0	0	0			0	0	0			0		OPEN
CHEBI:4045	cyprodinil	data/antibiotics/antifungal/cyprodinil.yaml	HAORKNGNJCEJBX-UHFFFAOYSA-N	ANTIFUNGAL	48c2cf22e94fe81305efe19a735dc76706ce33b6a7fbf104c944c4631aa1857b	0	0	5	2	0	RECORDED_NAME_QUERIES_TRAVERSED_NOT_PRIMARY_REVIEW	False	0	0	0	0			0	0	0			0		OPEN
CHEBI:404903	ertapenem	data/antibiotics/antibacterial/ertapenem.yaml	JUZNIMUFDBIJCM-ANEDZVCMSA-N	ANTIBACTERIAL	b7b94d852b4dacac59e87a8a7e078d06bb24e97f59109dce87204096fa6f9de2	9	0	7	3	2	RECORDED_NAME_QUERIES_TRAVERSED_NOT_PRIMARY_REVIEW	False	9	9	4	5	UniProtKB:A0A0U3IB62|UniProtKB:A0A7L9V0P3|UniProtKB:C7C422|UniProtKB:Q48434	NCBITaxon:573|NCBITaxon:666|NCBITaxon:90105	0	0	0			0		OPEN
CHEBI:40629	AEE788	data/antibiotics/antiprotozoal/aee788.yaml	OONFNUWBHFSNBT-HXUWFJFHSA-N	ANTIPROTOZOAL	d67957519d8b5d175249ed26cb637ac3dcfe94f9cee389b45955769d9953f326	0	0	8	3	0	RECORDED_NAME_QUERIES_TRAVERSED_NOT_PRIMARY_REVIEW	False	0	0	0	0			0	0	0			0		OPEN
CHEBI:40699	anthramycin	data/antibiotics/antibacterial/anthramycin.yaml	VGQOVCHZGQWAOI-YQRHFANHSA-N	ANTIBACTERIAL	0da2aea8a256c31bf7be066f896ba5ca792c62d59219c61dee8621ea195d50c1	0	0	7	3	0	RECORDED_NAME_QUERIES_TRAVERSED_NOT_PRIMARY_REVIEW	False	0	0	0	0			0	0	0			0		OPEN
CHEBI:40909	azoxystrobin	data/antibiotics/antifungal/azoxystrobin.yaml	WFDXOXNFNRHQEC-GHRIWEEISA-N	ANTIFUNGAL	09a62059ec49ec2451f1796ac3d0b1f1df8b7a2d916b2860d21a97c2450fb10a	11	0	4	2	1	RECORDED_NAME_QUERIES_TRAVERSED_NOT_PRIMARY_REVIEW	True	6	6	0	6			5	3	2	fungal-2015-azoxystrobin-cooccurrence-context|fungal-2025-azoxystrobin-parent-context|fungal-2026-p1-reference-context	PMID:12612806	0		OPEN
CHEBI:40926	fosetyl	data/antibiotics/antifungal/fosetyl.yaml	VUERQRKTYBIULR-UHFFFAOYSA-N	ANTIFUNGAL	da22a40ff89ac4c14d731514ce75bb3d139652435a58869527abc66ffd8c052c	0	0	5	2	0	RECORDED_NAME_QUERIES_TRAVERSED_NOT_PRIMARY_REVIEW	False	0	0	0	0			0	0	0			0		OPEN
CHEBI:41425	(7R)-7-(4-carboxybutanamido)cephalosporanic acid	data/antibiotics/unspecified/7r-7-4-carboxybutanamido-cephalosporanic-acid.yaml	IXUSDMGLUJZNFO-BXUZGUMPSA-N	ANTIMICROBIAL_UNSPECIFIED	9d70aaf88f25f3fd4f1e468acf91c33e0ea36b9f81f569b9dadcde6e1573c814	0	0	8	3	0	RECORDED_NAME_QUERIES_TRAVERSED_NOT_PRIMARY_REVIEW	False	0	0	0	0			0	0	0			0		OPEN
CHEBI:41688	crystal violet	data/antibiotics/antibacterial/crystal-violet.yaml	ZXJXZNDDNMQXFV-UHFFFAOYSA-M	ANTIBACTERIAL	a495449434cc65f0015358ed151051a430c4c01fd5cfcf14ef046426051dc136	0	0	37	10	1	RECORDED_NAME_QUERIES_TRAVERSED_NOT_PRIMARY_REVIEW	False	0	0	0	0			0	0	0			0		OPEN
CHEBI:41872	dequalinium	data/antibiotics/antifungal/dequalinium.yaml	PCSWXVJAIHCTMO-UHFFFAOYSA-P	ANTIFUNGAL	7e93c5af6a95dfa09425db91f4cebda4cc477d649d2766e133a3ec626d1160f3	0	0	1	1	0	RECORDED_NAME_QUERIES_TRAVERSED_NOT_PRIMARY_REVIEW	False	0	0	0	0			0	0	0			0		OPEN
CHEBI:41922	diethylstilbestrol	data/antibiotics/antifungal/diethylstilbestrol.yaml	RGLYKWWBQGJZGM-ISLYRVAYSA-N	ANTIFUNGAL	a840c8e5461314b556886277c0e2d021e72990c8535f9d35f8fce9e4d1ec5cba	0	0	16	5	1	RECORDED_NAME_QUERIES_TRAVERSED_NOT_PRIMARY_REVIEW	False	0	0	0	0			0	0	0			0		OPEN
CHEBI:41948	eflornithine	data/antibiotics/antiprotozoal/eflornithine.yaml	VLCYCQAOQCDTCN-UHFFFAOYSA-N	ANTIPROTOZOAL	f717ced124bad30ff7e497182b229cd13f084e668ca3c8c3e76f2ff1cb807b72	0	0	9	3	0	RECORDED_NAME_QUERIES_TRAVERSED_NOT_PRIMARY_REVIEW	False	0	0	0	0			0	0	0			0		OPEN
CHEBI:41977	daunorubicin	data/antibiotics/unspecified/daunorubicin.yaml	STQGQHZAVUOBTE-VGBVRHCVSA-N	ANTIMICROBIAL_UNSPECIFIED	31b53061c14dfd717d1a5bd6f42d2fd786a5976d7f239390381ee8602fdf136a	0	0	10	4	3	RECORDED_NAME_QUERIES_TRAVERSED_NOT_PRIMARY_REVIEW	False	0	0	0	0			0	0	0			0		OPEN
CHEBI:42053	nemorubicin	data/antibiotics/unspecified/nemorubicin.yaml	CTMCWCONSULRHO-UHQPFXKFSA-N	ANTIMICROBIAL_UNSPECIFIED	c0564471213752c1eff1da1186ff4f293333f99de4ab0e12b4b719a9ee2bdf71	0	0	7	3	0	RECORDED_NAME_QUERIES_TRAVERSED_NOT_PRIMARY_REVIEW	False	0	0	0	0			0	0	0			0		OPEN
CHEBI:42068	idarubicin	data/antibiotics/unspecified/idarubicin.yaml	XDXDZDZNSLXDNA-TZNDIEGXSA-N	ANTIMICROBIAL_UNSPECIFIED	cd36ae3696fc81df2f7d2e1ff052647efd87fbba16ca65693b8c5697a158804c	0	0	6	3	0	RECORDED_NAME_QUERIES_TRAVERSED_NOT_PRIMARY_REVIEW	False	0	0	0	0			0	0	0			0		OPEN
CHEBI:42082	(4R,5S,6S,7R)-4,7-dibenzyl-5,6-dihydroxy-1,3-bis[4-(hydroxymethyl)benzyl]-1,3-diazepan-2-one	data/antibiotics/antiviral/4r-5s-6s-7r-4-7-dibenzyl-5-6-dihydroxy-1-3-bis-4-hydroxymethyl-benzyl-.yaml	XCVGQMUMMDXKCY-WZJLIZBTSA-N	ANTIVIRAL	cfaa3c941971be1c7ac1d0159875a30cb59e2d73b5316bc3f13dc110051bd1ec	0	0	3	2	0	RECORDED_NAME_QUERIES_TRAVERSED_NOT_PRIMARY_REVIEW	False	0	0	0	0			0	0	0			0		OPEN
CHEBI:421707	abacavir	data/antibiotics/antiviral/abacavir.yaml	MCGSCOLBFJQGHM-SCZZXKLOSA-N	ANTIVIRAL	1ba78bb4a4d321c69acc936b766f69ceaca465adf57fb3c35c20256f5048a56d	0	31	5	2	2	RECORDED_NAME_QUERIES_TRAVERSED_NOT_PRIMARY_REVIEW	False	0	0	0	0			0	0	0			31	NCBITaxon:11676	OPEN
CHEBI:421843	(−)-carbovir	data/antibiotics/antiviral/carbovir.yaml	XSSYCIGJYCVRRK-RQJHMYQMSA-N	ANTIVIRAL	52f3cd633d61746e8583605f1979a3e68c11b877512d241a50c59dd02d7fda24	0	0	6	3	0	RECORDED_NAME_QUERIES_TRAVERSED_NOT_PRIMARY_REVIEW	False	0	0	0	0			0	0	0			0		OPEN
CHEBI:42355	erythromycin A	data/antibiotics/antibacterial/erythromycin-a.yaml	ULGZDMOVFRHVEP-RWJQBGPGSA-N	ANTIBACTERIAL	4639a9ca3005a92edabbab64b412731187bbe2a540971f251ce4a856bd6fe65f	110	0	22	7	4	RECORDED_NAME_QUERIES_TRAVERSED_NOT_PRIMARY_REVIEW	False	110	110	57	53	UniProtKB:A0A077RJG5|UniProtKB:A0A0H3EUF3|UniProtKB:A0A0H4JQQ7|UniProtKB:A0A0J0ZYZ6|UniProtKB:A0A0R5YJB2|UniProtKB:A0A1B2JLG7|UniProtKB:A0A1H7UEH6|UniProtKB:A0A1W7M2R8|UniProtKB:A0A291R8R8|UniProtKB:A0A2R4BSJ9|UniProtKB:A0A2U2RQW4|UniProtKB:A0A3N5BJC3|UniProtKB:A0A3R7IWB8|UniProtKB:A0A426FGS5|UniProtKB:A0A515HHK0|UniProtKB:A0A515HHK5|UniProtKB:A0A6G5ZY27|UniProtKB:A0A6G5ZYM1|UniProtKB:A0A6I0LAE8|UniProtKB:A0A7D3QFM0|UniProtKB:A0A7S4U4F4|UniProtKB:A0A829QAF6|UniProtKB:A0AAX3AIK4|UniProtKB:A0AAX3AJQ0|UniProtKB:F3ZTT0|UniProtKB:I7J507|UniProtKB:L7N623|UniProtKB:O05649|UniProtKB:O34127|UniProtKB:P05789|UniProtKB:P06572|UniProtKB:P07287|UniProtKB:P07684|UniProtKB:P09891|UniProtKB:P0A0H3|UniProtKB:P10337|UniProtKB:P13079|UniProtKB:P23895|UniProtKB:P43433|UniProtKB:P95827|UniProtKB:Q00014|UniProtKB:Q04720|UniProtKB:Q1JJH2|UniProtKB:Q2FW85|UniProtKB:Q3HTL6|UniProtKB:Q6PZ59|UniProtKB:Q6RX35|UniProtKB:Q6XFQ7|UniProtKB:Q79N53|UniProtKB:Q7AJZ0|UniProtKB:Q8DPW8|UniProtKB:Q8KLN5|UniProtKB:Q9ADH3|UniProtKB:Q9F233|UniProtKB:Q9K2Z3|UniProtKB:Q9ZNK8|UniProtKB:V9Z4V9	NCBITaxon:100226|NCBITaxon:1038928|NCBITaxon:1280|NCBITaxon:1282|NCBITaxon:1288|NCBITaxon:1289602|NCBITaxon:1296|NCBITaxon:1299324|NCBITaxon:1311|NCBITaxon:1314|NCBITaxon:1352|NCBITaxon:1389960|NCBITaxon:1392|NCBITaxon:1409923|NCBITaxon:1598|NCBITaxon:171101|NCBITaxon:1766|NCBITaxon:1772|NCBITaxon:1817405|NCBITaxon:1855823|NCBITaxon:1890|NCBITaxon:1938|NCBITaxon:216816|NCBITaxon:272558|NCBITaxon:28040|NCBITaxon:28430|NCBITaxon:299766|NCBITaxon:31956|NCBITaxon:34085|NCBITaxon:370551|NCBITaxon:40091|NCBITaxon:405948|NCBITaxon:42858|NCBITaxon:43767|NCBITaxon:44139|NCBITaxon:47735|NCBITaxon:53462|NCBITaxon:562|NCBITaxon:641665|NCBITaxon:679937|NCBITaxon:685038|NCBITaxon:69966|NCBITaxon:79880|NCBITaxon:80858|NCBITaxon:817|NCBITaxon:820|NCBITaxon:83331|NCBITaxon:83333|NCBITaxon:93061	0	0	0			0		OPEN
CHEBI:42452	formycin A	data/antibiotics/unspecified/formycin-a.yaml	KBHMEHLJSZMEMI-KSYZLYKTSA-N	ANTIMICROBIAL_UNSPECIFIED	951940ba6ef14ce901525973e40913455be26b32f9af4645ad0d1631ec28fb81	0	0	4	2	0	RECORDED_NAME_QUERIES_TRAVERSED_NOT_PRIMARY_REVIEW	False	0	0	0	0			0	0	0			0		OPEN
CHEBI:42471	forskolin	data/antibiotics/antiviral/forskolin.yaml	OHCQJHSOBUTRHG-KGGHGJDLSA-N	ANTIVIRAL	4695c18498120d6b92823dfae2aec17b7f2a7946e82d4fcda73f05fd27510b4c	0	0	12	4	2	RECORDED_NAME_QUERIES_TRAVERSED_NOT_PRIMARY_REVIEW	False	0	0	0	0			0	0	0			0		OPEN
CHEBI:42530	peracetic acid	data/antibiotics/biocide/peracetic-acid.yaml	KFSLWBXXFJQRDL-UHFFFAOYSA-N	BIOCIDE	2ac074b836bb7f43b790c9d70a3c6be43e82efd6ead13eeaf157f9e5144c62ef	0	0	16	5	1	RECORDED_NAME_QUERIES_TRAVERSED_NOT_PRIMARY_REVIEW	False	0	0	0	0			0	0	0			0		OPEN
CHEBI:42600	L-fucitol	data/antibiotics/antibacterial/l-fucitol.yaml	SKCKOFZKJLZSFA-KCDKBNATSA-N	ANTIBACTERIAL	e830ff7bafc2acbba84400efc95fc555175b96b9343fecbe971ef423b31569b7	0	0	6	3	0	RECORDED_NAME_QUERIES_TRAVERSED_NOT_PRIMARY_REVIEW	False	0	0	0	0			0	0	0			0		OPEN
CHEBI:42654	formycin B	data/antibiotics/unspecified/formycin-b.yaml	MTCJZZBQNCXKAP-KSYZLYKTSA-N	ANTIMICROBIAL_UNSPECIFIED	99b5d74c91e2c42f7f2e7f40d7d36e342afc524a3476c3ab03f816f3ff1d0b00	0	0	5	2	0	RECORDED_NAME_QUERIES_TRAVERSED_NOT_PRIMARY_REVIEW	False	0	0	0	0			0	0	0			0		OPEN
CHEBI:42680	(2-cis,6-cis)-farnesol	data/antibiotics/unspecified/2-cis-6-cis-farnesol.yaml	CRDAMVZIKSXKFV-FBXUGWQNSA-N	ANTIMICROBIAL_UNSPECIFIED	323dbf017b2979694cbbcda2443741d86872e2d6aef68a5abb6e4b896ddeef15	0	0	6	3	0	RECORDED_NAME_QUERIES_TRAVERSED_NOT_PRIMARY_REVIEW	False	0	0	0	0			0	0	0			0		OPEN
CHEBI:42768	geneticin	data/antibiotics/antiprotozoal/geneticin.yaml	BRZYSWJRSDMWLG-CAXSIQPQSA-N	ANTIPROTOZOAL	1bc515f09559082f7ff6177acda5ec9fd2020759ee36b3d76eb0d6aebf9730e1	0	0	7	3	2	RECORDED_NAME_QUERIES_TRAVERSED_NOT_PRIMARY_REVIEW	False	0	0	0	0			0	0	0			0		OPEN
CHEBI:4304	Sitafloxacin	data/antibiotics/antibacterial/sitafloxacin.yaml	PNUZDKCDAWUEGK-CYZMBNFOSA-N	ANTIBACTERIAL	0f02c35cf397c51a1f41bffa938b56e3d0dac0c1fd027886ebb61fda6cb2770f	3	0	8	3	2	RECORDED_NAME_QUERIES_TRAVERSED_NOT_PRIMARY_REVIEW	False	3	3	0	3			0	0	0			0		OPEN
CHEBI:43040	hadacidin	data/antibiotics/unspecified/hadacidin.yaml	URJHVPKUWOUENU-UHFFFAOYSA-N	ANTIMICROBIAL_UNSPECIFIED	36722d71668117bb5952098efa931348bc2b95bbb3b2f56df86b0e99d6179c28	0	0	7	3	0	RECORDED_NAME_QUERIES_TRAVERSED_NOT_PRIMARY_REVIEW	False	0	0	0	0			0	0	0			0		OPEN
CHEBI:43060	1-[(2-hydroxyethoxy)methyl]-6-(phenylsulfanyl)thymine	data/antibiotics/antiviral/1-2-hydroxyethoxy-methyl-6-phenylsulfanyl-thymine.yaml	HDMHBHNRWDNNCD-UHFFFAOYSA-N	ANTIVIRAL	ca669d8593daa95458ad36c2f6e659246262dc64afa21f887852e1733650058c	0	0	8	3	0	RECORDED_NAME_QUERIES_TRAVERSED_NOT_PRIMARY_REVIEW	False	0	0	0	0			0	0	0			0		OPEN
CHEBI:43089	N-hydroxyguanidine	data/antibiotics/antiviral/n-hydroxyguanidine.yaml	WFBHRSAKANVBKH-UHFFFAOYSA-N	ANTIVIRAL	70e0be5a7755c9dc73c1e0edd8e889a8dc76b6fee9bfac988ee192110b490ea9	0	0	5	2	0	RECORDED_NAME_QUERIES_TRAVERSED_NOT_PRIMARY_REVIEW	False	0	0	0	0			0	0	0			0		OPEN
CHEBI:4309	dalfopristin	data/antibiotics/antibacterial/dalfopristin.yaml	SUYRLXYYZQTJHF-VMBLUXKRSA-N	ANTIBACTERIAL	8b9ccad82274b5dd01563bba31e463940b3d61150d51e711ed24bfac81aebdd8	30	0	8	3	1	RECORDED_NAME_QUERIES_TRAVERSED_NOT_PRIMARY_REVIEW	False	30	30	25	5	UniProtKB:A0A3R7IWB8|UniProtKB:A0A6I0LAE8|UniProtKB:A0A829QAF6|UniProtKB:A2AXI2|UniProtKB:A7Z1T2|UniProtKB:C0ZJA6|UniProtKB:D0U1S7|UniProtKB:F3ZTT0|UniProtKB:L7N623|UniProtKB:O54396|UniProtKB:P06572|UniProtKB:P07287|UniProtKB:P09891|UniProtKB:P0A0H3|UniProtKB:P10337|UniProtKB:Q00014|UniProtKB:Q04720|UniProtKB:Q1JJH2|UniProtKB:Q5WJ42|UniProtKB:Q6RX35|UniProtKB:Q6XFQ7|UniProtKB:Q79N53|UniProtKB:Q7WT47|UniProtKB:Q8KLN5|UniProtKB:Q9K2Z3	NCBITaxon:1038928|NCBITaxon:1280|NCBITaxon:1282|NCBITaxon:1292|NCBITaxon:1296|NCBITaxon:1299324|NCBITaxon:1351|NCBITaxon:1352|NCBITaxon:1392|NCBITaxon:1598|NCBITaxon:1766|NCBITaxon:1772|NCBITaxon:31956|NCBITaxon:326423|NCBITaxon:358681|NCBITaxon:370551|NCBITaxon:405948|NCBITaxon:66692|NCBITaxon:679937|NCBITaxon:79880|NCBITaxon:817|NCBITaxon:820|NCBITaxon:83331	0	0	0			0		OPEN
CHEBI:4316	danielone	data/antibiotics/antifungal/danielone.yaml	ZTBAPEIDNUHRNC-UHFFFAOYSA-N	ANTIFUNGAL	08c72917b1a19430ff91380716db31c24a88d61c3c4e866c949bef46860e1794	0	0	4	2	0	RECORDED_NAME_QUERIES_TRAVERSED_NOT_PRIMARY_REVIEW	False	0	0	0	0			0	0	0			0		OPEN
CHEBI:4324	daphnoretin	data/antibiotics/antiviral/daphnoretin.yaml	JRHMMVBOTXEHGJ-UHFFFAOYSA-N	ANTIVIRAL	0ee6a295975efd2bf4075e0cacd9df16ee80f144336bca380afb6eabbeeb0c41	0	0	3	2	0	RECORDED_NAME_QUERIES_TRAVERSED_NOT_PRIMARY_REVIEW	False	0	0	0	0			0	0	0			0		OPEN
CHEBI:4325	dapsone	data/antibiotics/antimycobacterial/dapsone.yaml	MQJKPEGWNLWLTK-UHFFFAOYSA-N	ANTIMYCOBACTERIAL	222997ea858cfc348a7bbd83ac3a76684f31f378356fdfec83fc1e414620db93	1	0	26	8	3	RECORDED_NAME_QUERIES_TRAVERSED_NOT_PRIMARY_REVIEW	False	1	1	0	1			0	0	0			0		OPEN
CHEBI:4357	deguelin	data/antibiotics/antiviral/deguelin.yaml	ORDAZKGHSNRHTD-UXHICEINSA-N	ANTIVIRAL	39eabcfe72ef71040ed3316aa0770cf6ca8ee80f54eaf2c108050f716da72ec7	0	0	6	3	0	RECORDED_NAME_QUERIES_TRAVERSED_NOT_PRIMARY_REVIEW	False	0	0	0	0			0	0	0			0		OPEN
CHEBI:43616	K-252a	data/antibiotics/unspecified/k-252a.yaml	KOZFSFOOLUUIGY-SOLYNIJKSA-N	ANTIMICROBIAL_UNSPECIFIED	f464a8b9db9b9fdcc106125d7dd36f113395cb8c47ef51ca9033df9f34fd00d8	0	0	6	3	0	RECORDED_NAME_QUERIES_TRAVERSED_NOT_PRIMARY_REVIEW	False	0	0	0	0			0	0	0			0		OPEN
CHEBI:4379	delavirdine mesylate	data/antibiotics/antiviral/delavirdine-mesylate.yaml	MEPNHSOMXMALDZ-UHFFFAOYSA-N	ANTIVIRAL	cfcf50ac06fa4cfadf5b2672c149fe5727b4b6795ec113bd2b4f969224e2e486	0	0	10	4	0	RECORDED_NAME_QUERIES_TRAVERSED_NOT_PRIMARY_REVIEW	False	0	0	0	0			0	0	0			0		OPEN
CHEBI:4392	demeclocycline	data/antibiotics/antibacterial/demeclocycline.yaml	FMTDIUIBLCQGJB-SEYHBJAFSA-N	ANTIBACTERIAL	2816d588aa9ff3e61c566f785c7c3f540b169bb316f78d719e664bb17916d813	12	0	12	4	0	RECORDED_NAME_QUERIES_TRAVERSED_NOT_PRIMARY_REVIEW	False	12	12	12	0	UniProtKB:A0A833FHH9|UniProtKB:D8L9Y9|UniProtKB:F3ZU25|UniProtKB:O52836|UniProtKB:P10952|UniProtKB:Q06DK7|UniProtKB:Q08425|UniProtKB:Q1JJH2|UniProtKB:Q46306|UniProtKB:Q48791|UniProtKB:Q8VV75|UniProtKB:Q9RLW0	NCBITaxon:1314|NCBITaxon:1502|NCBITaxon:1502943|NCBITaxon:1639|NCBITaxon:1648|NCBITaxon:197|NCBITaxon:32019|NCBITaxon:370551|NCBITaxon:403776|NCBITaxon:679937|NCBITaxon:817|NCBITaxon:831	0	0	0			0		OPEN
CHEBI:43968	meropenem	data/antibiotics/antibacterial/meropenem.yaml	DMJNNHOOLUXYBV-PQTSNVLCSA-N	ANTIBACTERIAL	4973d4c24516b071d6195b63b4a82e66269b0cb5cb8932a6c49320c8585ff767	20	0	15	5	3	RECORDED_NAME_QUERIES_TRAVERSED_NOT_PRIMARY_REVIEW	False	20	20	5	15	UniProtKB:A0A0U3IB62|UniProtKB:A0A0X1KX01|UniProtKB:A0A2R4PHC7|UniProtKB:A0A5Q5ADH9|UniProtKB:C7C422	NCBITaxon:287|NCBITaxon:345072|NCBITaxon:573|NCBITaxon:663|NCBITaxon:666	0	0	0			0		OPEN
CHEBI:44032	indinavir	data/antibiotics/antiviral/indinavir.yaml	CBVCZFGXHXORBI-PXQQMZJSSA-N	ANTIVIRAL	bb61ad0ab22049e831bbcb8f8b2ccdedbe63306c65305036a8e5c9bf63edeb5e	0	0	5	2	2	RECORDED_NAME_QUERIES_TRAVERSED_NOT_PRIMARY_REVIEW	False	0	0	0	0			0	0	0			0		OPEN
CHEBI:44107	malachite green cation	data/antibiotics/antibacterial/malachite-green-cation.yaml	VFCNQNZNPKRXIT-UHFFFAOYSA-N	ANTIBACTERIAL	def3607b9e857d7286dc65998c837b80def8e80689a1d1e2b1b32690f548cb1c	0	0	5	2	0	RECORDED_NAME_QUERIES_TRAVERSED_NOT_PRIMARY_REVIEW	False	0	0	0	0			0	0	0			0		OPEN
CHEBI:44137	tiamulin	data/antibiotics/antibacterial/tiamulin.yaml	UURAUHCOJAIIRQ-QGLSALSOSA-N	ANTIBACTERIAL	3da2c914f198b43bf5451d7f911d894fab3efa44a311b731ef45e2ed73c27367	20	0	5	2	1	RECORDED_NAME_QUERIES_TRAVERSED_NOT_PRIMARY_REVIEW	False	20	20	12	8	UniProtKB:A0A345AH93|UniProtKB:A0A934WSR6|UniProtKB:A0A9D2G3I2|UniProtKB:A2AXI2|UniProtKB:A7Z1T2|UniProtKB:C0ZJA6|UniProtKB:E4Z841|UniProtKB:P39115|UniProtKB:Q5WJ42|UniProtKB:T1RRK4|UniProtKB:V5RL01|UniProtKB:V5ZEZ1	NCBITaxon:1280|NCBITaxon:1292|NCBITaxon:1296|NCBITaxon:1363|NCBITaxon:1496|NCBITaxon:224308|NCBITaxon:2763069|NCBITaxon:2838467|NCBITaxon:29382|NCBITaxon:326423|NCBITaxon:358681|NCBITaxon:66692	0	0	0			0		OPEN
CHEBI:4414	deoxylapachol	data/antibiotics/antifungal/deoxylapachol.yaml	OSDFYZPKJKRCRR-UHFFFAOYSA-N	ANTIFUNGAL	6cdaf730393cb21e8ea1ff2e57677d5ce9846c1bfc88ac18af0c754ab0b85b2f	0	0	7	3	0	RECORDED_NAME_QUERIES_TRAVERSED_NOT_PRIMARY_REVIEW	False	0	0	0	0			0	0	0			0		OPEN
CHEBI:44143	emivirine	data/antibiotics/antiviral/emivirine.yaml	MLILORUFDVLTSP-UHFFFAOYSA-N	ANTIVIRAL	467b350c6fc14249f435d2a4576f6391dc67b4b3ca8ede778a7c9ff4957d4e9c	0	0	7	3	0	RECORDED_NAME_QUERIES_TRAVERSED_NOT_PRIMARY_REVIEW	False	0	0	0	0			0	0	0			0		OPEN
CHEBI:44368	nitrofurazone	data/antibiotics/antibacterial/nitrofurazone.yaml	IAIWVQXQOWNYOU-UHFFFAOYSA-N	ANTIBACTERIAL	4bdd3594bdef55355522267b825bff8d2d774733d7030b5952a0eb2a53df2e50	0	0	24	7	0	RECORDED_NAME_QUERIES_TRAVERSED_NOT_PRIMARY_REVIEW	False	0	0	0	0			0	0	0			0		OPEN
CHEBI:44369	duvoglustat	data/antibiotics/antiviral/duvoglustat.yaml	LXBIFEVIBLOUGU-JGWLITMVSA-N	ANTIVIRAL	8b3601eff01e2e16eaddc5c58a3f0d693876b475b1e914d87792a6abfbdf2355	0	0	14	5	0	RECORDED_NAME_QUERIES_TRAVERSED_NOT_PRIMARY_REVIEW	False	0	0	0	0			0	0	0			0		OPEN
CHEBI:443725	fosmidomycin	data/antibiotics/antibacterial/fosmidomycin.yaml	GJXWDTUCERCKIX-UHFFFAOYSA-N	ANTIBACTERIAL	4e757e9e15addf26cb33c9cad2bcde1fd9ba7edd05d20e2b9737003d731b5c2f	0	0	6	3	0	RECORDED_NAME_QUERIES_TRAVERSED_NOT_PRIMARY_REVIEW	False	0	0	0	0			0	0	0			0		OPEN
CHEBI:44401	lawsone	data/antibiotics/antifungal/lawsone.yaml	CSFWPUWCSPOLJW-UHFFFAOYSA-N	ANTIFUNGAL	32b983457b4904be44a562f174b8aec6a433966f69d46fd48f500bf33412c932	0	0	7	3	0	RECORDED_NAME_QUERIES_TRAVERSED_NOT_PRIMARY_REVIEW	False	0	0	0	0			0	0	0			0		OPEN
CHEBI:44485	N-ethylmaleimide	data/antibiotics/antiviral/n-ethylmaleimide.yaml	HDFGOPSGAURCEO-UHFFFAOYSA-N	ANTIVIRAL	46eaf1af5de9d4f517c0171a42a6e08be09a233ad1d0425b089dbe19e6901b55	0	0	6	3	2	RECORDED_NAME_QUERIES_TRAVERSED_NOT_PRIMARY_REVIEW	False	0	0	0	0			0	0	0			0		OPEN
CHEBI:44499	methyl nonanoate	data/antibiotics/antifungal/methyl-nonanoate.yaml	IJXHLVMUNBOGRR-UHFFFAOYSA-N	ANTIFUNGAL	a0e2f766d12067538b9483b9dad93fd5075172df302e4d944e860b242531c165	0	0	6	3	0	RECORDED_NAME_QUERIES_TRAVERSED_NOT_PRIMARY_REVIEW	False	0	0	0	0			0	0	0			0		OPEN
CHEBI:44504	nogalamycin	data/antibiotics/unspecified/nogalamycin.yaml	KGTDRFCXGRULNK-JYOBTZKQSA-N	ANTIMICROBIAL_UNSPECIFIED	2e854f7a12057341d789fef10ca3f627dc33a62e62bfceba8ccb92b876f2fdaa	0	0	8	3	0	RECORDED_NAME_QUERIES_TRAVERSED_NOT_PRIMARY_REVIEW	False	0	0	0	0			0	0	0			0		OPEN
CHEBI:44514	O-methyl-L-threonine	data/antibiotics/antibacterial/o-methyl-l-threonine.yaml	FYCWLJLGIAUCCL-DMTCNVIQSA-N	ANTIBACTERIAL	5facf471083d7166ab217d967c907ae1e9d0a6d2c74bd5c191bee1f99113fddc	0	0	9	3	0	RECORDED_NAME_QUERIES_TRAVERSED_NOT_PRIMARY_REVIEW	False	0	0	0	0			0	0	0			0		OPEN
CHEBI:4488	diallyl disulfide	data/antibiotics/antifungal/diallyl-disulfide.yaml	PFRGXCVKLLPLIP-UHFFFAOYSA-N	ANTIFUNGAL	03f9c364c617f0ef514b98ffdea1a4d6654794927e4a96ad44e60626744bc3ec	0	0	10	4	0	RECORDED_NAME_QUERIES_TRAVERSED_NOT_PRIMARY_REVIEW	False	0	0	0	0			0	0	0			0		OPEN
CHEBI:44976	phosphonic acid	data/antibiotics/antifungal/phosphonic-acid.yaml	ABLZXFCXXLZCGV-UHFFFAOYSA-N	ANTIFUNGAL	85c42fdfcacb38ddc4dc5fefedc3b56b3a3f53985aa05fdabcc5ee7ccb0b9cbc	0	0	13	4	1	RECORDED_NAME_QUERIES_TRAVERSED_NOT_PRIMARY_REVIEW	False	0	0	0	0			0	0	0			0		OPEN
CHEBI:45081	pentamidine	data/antibiotics/antifungal/pentamidine.yaml	XDRYMKDFEDOLFX-UHFFFAOYSA-N	ANTIFUNGAL	0ccb81c9dd8962d3fcd12a8f70b18a5ff77cfd74da24763d8c6acc77e4b1c712	0	0	9	3	0	RECORDED_NAME_QUERIES_TRAVERSED_NOT_PRIMARY_REVIEW	False	0	0	0	0			0	0	0			0		OPEN
CHEBI:4511	dicloxacillin	data/antibiotics/antibacterial/dicloxacillin.yaml	YFAGHNZHGGCZAX-JKIFEVAISA-N	ANTIBACTERIAL	44b41dfac066e2b238f4cd1e7583837db1b62ab5749ca9138fca8d6b38d399a7	0	0	9	3	0	RECORDED_NAME_QUERIES_TRAVERSED_NOT_PRIMARY_REVIEW	False	0	0	0	0			0	0	0			0		OPEN
CHEBI:45141	pyroquilon	data/antibiotics/antifungal/pyroquilon.yaml	XRJLAOUDSILTFT-UHFFFAOYSA-N	ANTIFUNGAL	bd7e25f9d113c12ccb4d1bc736c84286942914dc6cad2f8c56668512f5180944	0	0	8	3	0	RECORDED_NAME_QUERIES_TRAVERSED_NOT_PRIMARY_REVIEW	False	0	0	0	0			0	0	0			0		OPEN
CHEBI:4520	diethofencarb	data/antibiotics/antifungal/diethofencarb.yaml	LNJNFVJKDJYTEU-UHFFFAOYSA-N	ANTIFUNGAL	a365f9f71840c4419e51f3274da30ea2cf7702263f22f31711276c81fda0b87a	1	0	6	3	0	RECORDED_NAME_QUERIES_TRAVERSED_NOT_PRIMARY_REVIEW	False	1	1	0	1			0	0	0			0		OPEN
CHEBI:45257	ribostamycin	data/antibiotics/antibacterial/ribostamycin.yaml	NSKGQURZWSPSBC-VVPCINPTSA-N	ANTIBACTERIAL	3234aa6687ce5a9cd97ebe82f71456dcaff57ab0ea1354c9f268ea225f8cc4e5	14	0	15	5	0	RECORDED_NAME_QUERIES_TRAVERSED_NOT_PRIMARY_REVIEW	False	14	14	13	1	UniProtKB:A0AA44XLZ4|UniProtKB:A8C927|UniProtKB:E5LCR3|UniProtKB:P00552|UniProtKB:P00553|UniProtKB:P00555|UniProtKB:P09885|UniProtKB:P0A3Y5|UniProtKB:P13250|UniProtKB:P14509|UniProtKB:Q51418|UniProtKB:Q53558|UniProtKB:Q79D67	NCBITaxon:1351|NCBITaxon:1397|NCBITaxon:1874|NCBITaxon:1906|NCBITaxon:287|NCBITaxon:40049|NCBITaxon:40324|NCBITaxon:470|NCBITaxon:562|NCBITaxon:573|NCBITaxon:80859	0	0	0			0		OPEN
CHEBI:45285	pyrazinecarboxamide	data/antibiotics/antimycobacterial/pyrazinecarboxamide.yaml	IPEHBUMCGVEMRF-UHFFFAOYSA-N	ANTIMYCOBACTERIAL	a25f8135be38a2d8656bf69a1f9e3455e720c318b8cf9df7489f1465511aae7d	12	0	12	4	1	RECORDED_NAME_QUERIES_TRAVERSED_NOT_PRIMARY_REVIEW	False	12	12	0	12			0	0	0			0		OPEN
CHEBI:453011	ciclopirox	data/antibiotics/antibacterial/ciclopirox.yaml	SCKYRAXSEDYPSA-UHFFFAOYSA-N	ANTIBACTERIAL	9b77aba57969f8de2e529c917cb4529a7454b6c2f7cf461150f3ceb16ec692dc	0	0	4	2	0	RECORDED_NAME_QUERIES_TRAVERSED_NOT_PRIMARY_REVIEW	False	0	0	0	0			0	0	0			0		OPEN
CHEBI:45304	rifapentine	data/antibiotics/antimycobacterial/rifapentine.yaml	WDZCUPBHRAEYDL-GZAUEHORSA-N	ANTIMYCOBACTERIAL	e06a64a17277e3724665f87100171d4a70e0275c42b8d921f632813a95ab48f2	14	0	7	3	0	RECORDED_NAME_QUERIES_TRAVERSED_NOT_PRIMARY_REVIEW	False	14	14	4	10	UniProtKB:A0A059WGE7|UniProtKB:A0QZ11|UniProtKB:F2R776|UniProtKB:P95598	NCBITaxon:1931|NCBITaxon:246196|NCBITaxon:43767|NCBITaxon:953739	0	0	0			0		OPEN
CHEBI:45307	seliciclib	data/antibiotics/antiviral/seliciclib.yaml	BTIHMVBBUGXLCJ-OAHLLOKOSA-N	ANTIVIRAL	0c413b9544719a657f39d4f0c9f8514181a224704cfadd7bd8eecacd6a0b2f78	0	0	10	4	0	RECORDED_NAME_QUERIES_TRAVERSED_NOT_PRIMARY_REVIEW	False	0	0	0	0			0	0	0			0		OPEN
CHEBI:45327	adenine arabinoside	data/antibiotics/unspecified/adenine-arabinoside.yaml	OIRDTQYFTABQOQ-UHTZMRCNSA-N	ANTIMICROBIAL_UNSPECIFIED	fbe1d8074f9ca91a32d531de658452707ab839be7e92cbada5ff144e9147be6c	0	0	8	3	0	RECORDED_NAME_QUERIES_TRAVERSED_NOT_PRIMARY_REVIEW	False	0	0	0	0			0	0	0			0		OPEN
CHEBI:45367	rifabutin	data/antibiotics/antibacterial/rifabutin.yaml	ATEBXHFBFRCZMA-VXTBVIBXSA-N	ANTIBACTERIAL	fdcf820d1eb37c4c3bbb21dc89ffe97d93b990fbebe7a8706811b475d43b18b1	17	0	1	1	1	RECORDED_NAME_QUERIES_TRAVERSED_NOT_PRIMARY_REVIEW	False	17	17	3	14	UniProtKB:A0A059WGE7|UniProtKB:A0QZ11|UniProtKB:P95598	NCBITaxon:1931|NCBITaxon:246196|NCBITaxon:43767	0	0	0			0		OPEN
CHEBI:4537	difloxacin	data/antibiotics/antibacterial/difloxacin.yaml	NOCJXYPHIIZEHN-UHFFFAOYSA-N	ANTIBACTERIAL	039746c7c855789aa4b241e10b9b283909194c4f89aa839845cf3d19a69abb14	0	0	6	3	0	RECORDED_NAME_QUERIES_TRAVERSED_NOT_PRIMARY_REVIEW	False	0	0	0	0			0	0	0			0		OPEN
CHEBI:45373	sulfanilamide	data/antibiotics/antibacterial/sulfanilamide.yaml	FDDDEECHVMSUSB-UHFFFAOYSA-N	ANTIBACTERIAL	d8ea68bfbb71f1de032db541572d0be029de272df4b00327db70766d91605d47	0	0	15	5	1	RECORDED_NAME_QUERIES_TRAVERSED_NOT_PRIMARY_REVIEW	False	0	0	0	0			0	0	0			0		OPEN
CHEBI:45395	pyrithiamine pyrophosphate	data/antibiotics/unspecified/pyrithiamine-pyrophosphate.yaml	ZHKSTKOYQKNDSJ-UHFFFAOYSA-O	ANTIMICROBIAL_UNSPECIFIED	84fcc77ede04da71712b935284f4c066ed6867b024a2218bdb8660273a261da1	0	0	3	2	0	RECORDED_NAME_QUERIES_TRAVERSED_NOT_PRIMARY_REVIEW	False	0	0	0	0			0	0	0			0		OPEN
CHEBI:45409	ritonavir	data/antibiotics/antiviral/ritonavir.yaml	NCDNCNXCDXHOMX-XGKFQTDJSA-N	ANTIVIRAL	20120be36fc255a093673f283024a0efa3d5d9f3ed7c837f883344d4f1fd5449	0	0	2	2	1	RECORDED_NAME_QUERIES_TRAVERSED_NOT_PRIMARY_REVIEW	False	0	0	0	0			0	0	0			0		OPEN
CHEBI:45453	sinefungin	data/antibiotics/antifungal/sinefungin.yaml	LMXOHSDXUQEUSF-YECHIGJVSA-N	ANTIFUNGAL	09998401b1ff09a558b42971bb901e26a228fd77e362814f8b37f84174245a34	0	0	11	4	0	RECORDED_NAME_QUERIES_TRAVERSED_NOT_PRIMARY_REVIEW	False	0	0	0	0			0	0	0			0		OPEN
CHEBI:45490	ribavirin 5'-monophosphate	data/antibiotics/antiviral/ribavirin-5-monophosphate.yaml	SDWIOXKHTFOULX-AFCXAGJDSA-N	ANTIVIRAL	0be3a8b80ef7732af5794bc0752ec450912ec24fa17178413cfde691c8320ded	0	0	9	3	1	RECORDED_NAME_QUERIES_TRAVERSED_NOT_PRIMARY_REVIEW	False	0	0	0	0			0	0	0			0		OPEN
CHEBI:45578	ribavirin 5'-triphosphate	data/antibiotics/antiviral/ribavirin-5-triphosphate.yaml	MMJOCKKLRMRSEQ-AFCXAGJDSA-N	ANTIVIRAL	478b8a71667fc1d92a8414f4682b06ab3ec00b6a470178cf79b8a146c374785f	0	0	8	3	0	RECORDED_NAME_QUERIES_TRAVERSED_NOT_PRIMARY_REVIEW	False	0	0	0	0			0	0	0			0		OPEN
CHEBI:4559	dihydroconiferyl alcohol	data/antibiotics/antibacterial/dihydroconiferyl-alcohol.yaml	MWOMNLDJNQWJMK-UHFFFAOYSA-N	ANTIBACTERIAL	0936a939e34f916e8c88a356c59ce97fd0d55c7da6e147483a98c6e9ed2cf1bd	0	0	6	3	0	RECORDED_NAME_QUERIES_TRAVERSED_NOT_PRIMARY_REVIEW	False	0	0	0	0			0	0	0			0		OPEN
CHEBI:45615	salicylhydroxamic acid	data/antibiotics/antibacterial/salicylhydroxamic-acid.yaml	HBROZNQEVUILML-UHFFFAOYSA-N	ANTIBACTERIAL	86ce073f7407362c712a48090894022a5e8476a8833ae4ab14acb3bacddf9c36	0	0	7	3	1	RECORDED_NAME_QUERIES_TRAVERSED_NOT_PRIMARY_REVIEW	False	0	0	0	0			0	0	0			0		OPEN
CHEBI:45666	SDZ 35-682	data/antibiotics/antiviral/sdz-35-682.yaml	BZJHCQBNFUNZPJ-UHFFFAOYSA-N	ANTIVIRAL	ac3cb12cc0bee281446875817465300b821b130a9c1b2645d681ea488dc80b0f	0	0	3	2	0	RECORDED_NAME_QUERIES_TRAVERSED_NOT_PRIMARY_REVIEW	False	0	0	0	0			0	0	0			0		OPEN
CHEBI:45735	troleandomycin	data/antibiotics/unspecified/troleandomycin.yaml	LQCLVBQBTUVCEQ-QTFUVMRISA-N	ANTIMICROBIAL_UNSPECIFIED	d4db3ad98634c2065cafb9eb4c934a798e96c5deecb68768a23e7a54d7c158b8	0	0	12	4	0	RECORDED_NAME_QUERIES_TRAVERSED_NOT_PRIMARY_REVIEW	False	0	0	0	0			0	0	0			0		OPEN
CHEBI:45744	N-acetyl-β-neuraminic acid	data/antibiotics/antiviral/n-acetyl-β-neuraminic-acid.yaml	SQVRNKJHWKZAKO-PFQGKNLYSA-N	ANTIVIRAL	c531e5c24516abad18051a606a8b79899952c0f302b0bbe2d8b9ca55d80d7b13	0	0	6	3	0	RECORDED_NAME_QUERIES_TRAVERSED_NOT_PRIMARY_REVIEW	False	0	0	0	0			0	0	0			0		OPEN
CHEBI:45773	streptolydigin	data/antibiotics/unspecified/streptolydigin.yaml	KVTPRMVXYZKLIG-NCAOFHFGSA-N	ANTIMICROBIAL_UNSPECIFIED	3359f30663039e8a8f4c989c5bf641925089a13b5dfaeab222121830b52884d7	0	0	4	2	0	RECORDED_NAME_QUERIES_TRAVERSED_NOT_PRIMARY_REVIEW	False	0	0	0	0			0	0	0			0		OPEN
CHEBI:45906	suramin	data/antibiotics/antiprotozoal/suramin.yaml	FIAFUQMPZJWCLV-UHFFFAOYSA-N	ANTIPROTOZOAL	7e84d395dc9bfe2809c71dd68b7da326960628ee70d3c1c213f8b1b903fc045d	0	0	7	3	0	RECORDED_NAME_QUERIES_TRAVERSED_NOT_PRIMARY_REVIEW	False	0	0	0	0			0	0	0			0		OPEN
CHEBI:45924	trimethoprim	data/antibiotics/antibacterial/trimethoprim.yaml	IEDVJHCEMCRBQM-UHFFFAOYSA-N	ANTIBACTERIAL	c0075bad95a554b6efe10f2809586830788196cdd961df99f2e2e1eabb588958	69	0	8	3	2	RECORDED_NAME_QUERIES_TRAVERSED_NOT_PRIMARY_REVIEW	False	69	69	49	20	UniProtKB:A0A0X1L3E0|UniProtKB:A0A193CHQ8|UniProtKB:A0A1V0M052|UniProtKB:A0A218N469|UniProtKB:A0A2T4PQB3|UniProtKB:A0A2Z1CLP9|UniProtKB:A0A427DJW4|UniProtKB:A0A6M3GZS6|UniProtKB:A0A6W0EKS3|UniProtKB:A0A7G8Z9Q0|UniProtKB:A0A7I8NPH7|UniProtKB:A0A7U0EL61|UniProtKB:A0A7V7JAC8|UniProtKB:A0A7W2LPL1|UniProtKB:A0A7W2QLZ3|UniProtKB:A0A8T3UQK6|UniProtKB:A0A9N8CYZ5|UniProtKB:A0A9Q9N1N9|UniProtKB:A0A9X7KY28|UniProtKB:A0AAJ5LJ24|UniProtKB:A0AAN4JGT6|UniProtKB:A0AB35Q5Z9|UniProtKB:A0AB36BL56|UniProtKB:A4IUE2|UniProtKB:B0FMU1|UniProtKB:B2RGD3|UniProtKB:B7VEQ0|UniProtKB:D0QXI5|UniProtKB:D2Y395|UniProtKB:D5H463|UniProtKB:K4EK33|UniProtKB:P00383|UniProtKB:P00384|UniProtKB:P05794|UniProtKB:P0ABQ8|UniProtKB:P0C0P1|UniProtKB:P11731|UniProtKB:P12833|UniProtKB:P27422|UniProtKB:P78218|UniProtKB:P95524|UniProtKB:Q04515|UniProtKB:Q2FW85|UniProtKB:Q3V4E4|UniProtKB:Q59397|UniProtKB:Q59408|UniProtKB:Q5QQ10|UniProtKB:Q6A328|UniProtKB:Q8VVE6	NCBITaxon:102862|NCBITaxon:1134687|NCBITaxon:1280|NCBITaxon:1292|NCBITaxon:158836|NCBITaxon:176280|NCBITaxon:2219225|NCBITaxon:2666183|NCBITaxon:271420|NCBITaxon:287|NCBITaxon:29486|NCBITaxon:303|NCBITaxon:345072|NCBITaxon:470|NCBITaxon:54291|NCBITaxon:546|NCBITaxon:550|NCBITaxon:562|NCBITaxon:573|NCBITaxon:584|NCBITaxon:59201|NCBITaxon:611|NCBITaxon:624|NCBITaxon:644|NCBITaxon:648|NCBITaxon:666|NCBITaxon:67827|NCBITaxon:71237|NCBITaxon:747|NCBITaxon:871235|NCBITaxon:90371|NCBITaxon:93061	0	0	0			0		OPEN
CHEBI:45979	thiabendazole	data/antibiotics/antifungal/thiabendazole.yaml	WJCNZQLZVWNLKY-UHFFFAOYSA-N	ANTIFUNGAL	fd0b03ccd7afa700ed14171197ac6f6156d4df756a4f2ab7833f92a34b7a1d21	9	0	14	5	2	RECORDED_NAME_QUERIES_TRAVERSED_NOT_PRIMARY_REVIEW	False	3	3	0	3			6	0	6		PMID:1423663	0		OPEN
CHEBI:46024	trichostatin A	data/antibiotics/antifungal/trichostatin-a.yaml	RTKIYFITIVXBLE-QEQCGCAPSA-N	ANTIFUNGAL	a0a5d69dbbfe0454d4895346e66560b86348553d99d68d9c24161b4c4057381e	0	0	5	2	2	RECORDED_NAME_QUERIES_TRAVERSED_NOT_PRIMARY_REVIEW	False	0	0	0	0			0	0	0			0		OPEN
CHEBI:46081	fluconazole	data/antibiotics/antifungal/fluconazole.yaml	RFHAOTPXVQNOHP-UHFFFAOYSA-N	ANTIFUNGAL	8e99a6672effa7533da2ab8298e2b232de907e84687c4f5f4dfe1096e9e2ddda	77	0	10	4	1	RECORDED_NAME_QUERIES_TRAVERSED_NOT_PRIMARY_REVIEW	True	46	46	0	46			30	30	0	eddouzi-2013-erg11-reference-context|eddouzi-2013-erg3-donor-context|eddouzi-2013-mrr1-reference-context|flowers-2015-reference-context|huang-2024-parent-reference-context|kakeya-2000-darlington-subject-context|nakayama-2001-reference-subject-context|posteraro-2003-subject-reference-context|rybak-2017-albicans-reference-context|rybak-2017-parapsilosis-reference-context|sionov-2012-parent-and-deposit-context|sla1-2024-candida-reference-context		0		OPEN
CHEBI:46202	undecanal	data/antibiotics/antimycobacterial/undecanal.yaml	KMPQYAYAQWNLME-UHFFFAOYSA-N	ANTIMYCOBACTERIAL	8e6b9b5392cd86a8e23997216571ab4c14ffd0f8d71c99550fdd29c593b3c977	0	0	6	3	0	RECORDED_NAME_QUERIES_TRAVERSED_NOT_PRIMARY_REVIEW	False	0	0	0	0			0	0	0			0		OPEN
CHEBI:46238	U100313	data/antibiotics/antiviral/u100313.yaml	OORLDLMDGJZAFM-MNNSJKJDSA-N	ANTIVIRAL	028b7ecd9e0c6b2e06c80db253cd4c8f6a4cca7e6f8d7361752c4b767d14990b	0	0	3	2	0	RECORDED_NAME_QUERIES_TRAVERSED_NOT_PRIMARY_REVIEW	False	0	0	0	0			0	0	0			0		OPEN
CHEBI:4629	diosgenin	data/antibiotics/antiviral/diosgenin.yaml	WQLVFSAGQJTQCK-VKROHFNGSA-N	ANTIVIRAL	90a9667a2a7f7419d281f8ed2670258231b9949293d829da9f0565cb13a42f31	0	0	5	2	0	RECORDED_NAME_QUERIES_TRAVERSED_NOT_PRIMARY_REVIEW	False	0	0	0	0			0	0	0			0		OPEN
CHEBI:46345	5-Fluorouracil	data/antibiotics/antifungal/5-fluorouracil.yaml	GHASVSINZRGABV-UHFFFAOYSA-N	ANTIFUNGAL	1f2b52ea3406f055a8644c313e76227b0c11453664906727a717fecb55d2c445	2	0	1	1	1	RECORDED_NAME_QUERIES_TRAVERSED_NOT_PRIMARY_REVIEW	False	0	0	0	0			0	0	0			0		OPEN
CHEBI:4640	diphenylamine	data/antibiotics/antifungal/diphenylamine.yaml	DMBHHRLKUKUOEG-UHFFFAOYSA-N	ANTIFUNGAL	6180ad06079c0e62e67d0f10863e1e2408d0bb7dedd2e97f20d9471c284dc701	0	0	9	3	1	RECORDED_NAME_QUERIES_TRAVERSED_NOT_PRIMARY_REVIEW	False	0	0	0	0			0	0	0			0		OPEN
CHEBI:46414	N-s-butyl-N-[(2R,3S)-3-({[(3aS,5R,6aR)-hexahydro-2H-cyclopenta[b]furan-5-yloxy]carbonyl}amino)-2-hydroxy-4-phenylbutyl]-4-(hydroxymethyl)benzenesulfonamide	data/antibiotics/antiviral/n-s-butyl-n-2r-3s-3-3as-5r-6ar-hexahydro-2h-cyclopenta-b-furan-5-yloxy.yaml	VYBDPVQMILRSMK-GRXYLYAXSA-N	ANTIVIRAL	6b9cd9c2e8fe429d0f1393cfdab1e1d01a60072c7149457956e8b885e1049a76	0	0	5	2	0	RECORDED_NAME_QUERIES_TRAVERSED_NOT_PRIMARY_REVIEW	False	0	0	0	0			0	0	0			0		OPEN
CHEBI:46416	virginiamycin S1	data/antibiotics/antibacterial/virginiamycin-s1.yaml	FEPMHVLSLDOMQC-IYPFLVAKSA-N	ANTIBACTERIAL	4bdd21156c20ce3793a81e05654683f0daa4a9a92dede6ebb67e4ffcaf321052	0	0	6	3	0	RECORDED_NAME_QUERIES_TRAVERSED_NOT_PRIMARY_REVIEW	False	0	0	0	0			0	0	0			0		OPEN
CHEBI:465284	ganciclovir	data/antibiotics/antiviral/ganciclovir.yaml	IRSCQMHQWWYFCW-UHFFFAOYSA-N	ANTIVIRAL	5e215ce25c9969671b4f8bf32c51213062e66bdd9589f0771d4ebd21a515507e	0	0	15	5	2	RECORDED_NAME_QUERIES_TRAVERSED_NOT_PRIMARY_REVIEW	False	0	0	0	0			0	0	0			0		OPEN
CHEBI:46577	dextrofloxacin	data/antibiotics/antibacterial/dextrofloxacin.yaml	GSDSWSVVBLHKDQ-SNVBAGLBSA-N	ANTIBACTERIAL	c6f8ee7cd9ef679e209d636a283cf3a3a888046044159ddea60bab86b87b92e1	0	0	13	4	1	RECORDED_NAME_QUERIES_TRAVERSED_NOT_PRIMARY_REVIEW	False	0	0	0	0			0	0	0			0		OPEN
CHEBI:4659	disulfiram	data/antibiotics/antifungal/disulfiram.yaml	AUZONCFQVSMFAP-UHFFFAOYSA-N	ANTIFUNGAL	a6ac235fccdc63a97a5f7ca21f792ce714b5c2415efe09fec7dacdff84183c66	0	0	11	4	0	RECORDED_NAME_QUERIES_TRAVERSED_NOT_PRIMARY_REVIEW	False	0	0	0	0			0	0	0			0		OPEN
CHEBI:4672	docetaxel anhydrous	data/antibiotics/antiprotozoal/docetaxel-anhydrous.yaml	ZDZOTLJHXYCWBA-VCVYQWHSSA-N	ANTIPROTOZOAL	d69446e13d1ce60fad74e99efd6f0364aaa5a5da862731051a9d0272a18bc672	0	0	7	3	1	RECORDED_NAME_QUERIES_TRAVERSED_NOT_PRIMARY_REVIEW	False	0	0	0	0			0	0	0			0		OPEN
CHEBI:46735	(S)-oct-1-en-3-ol	data/antibiotics/unspecified/s-oct-1-en-3-ol.yaml	VSMOENVRRABVKN-MRVPVSSYSA-N	ANTIMICROBIAL_UNSPECIFIED	1f7d6ed6c4ee392b093c9d8b53702c4e4b5bea88a4c6d73f5dc79696b57dff33	0	0	7	3	0	RECORDED_NAME_QUERIES_TRAVERSED_NOT_PRIMARY_REVIEW	False	0	0	0	0			0	0	0			0		OPEN
CHEBI:46742	Nutlin-3	data/antibiotics/antiviral/nutlin-3.yaml	BDUHCSBCVGXTJM-IZLXSDGUSA-N	ANTIVIRAL	c1025d3e1533a63f898d4593178065e448df847dbc2c384033e65219cdfed7d8	0	0	4	2	0	RECORDED_NAME_QUERIES_TRAVERSED_NOT_PRIMARY_REVIEW	False	0	0	0	0			0	0	0			0		OPEN
CHEBI:46762	(E,E,E)-geranylgeraniol	data/antibiotics/antiprotozoal/e-e-e-geranylgeraniol.yaml	OJISWRZIEWCUBN-QIRCYJPOSA-N	ANTIPROTOZOAL	38ca18f032e9b5cfce433b5a9ba9d4fcddab77e5867359561c9ae0b30ebcc0b8	0	0	4	2	0	RECORDED_NAME_QUERIES_TRAVERSED_NOT_PRIMARY_REVIEW	False	0	0	0	0			0	0	0			0		OPEN
CHEBI:46764	1β-methylcarbapenem	data/antibiotics/antibacterial/1β-methylcarbapenem.yaml	YKMONJZIUAOVEM-WDSKDSINSA-N	ANTIBACTERIAL	061731a4c11495635fba01183d2ae37b1ceae7c72d1216d7f1f348ab176a409a	0	0	3	2	0	RECORDED_NAME_QUERIES_TRAVERSED_NOT_PRIMARY_REVIEW	False	0	0	0	0			0	0	0			0		OPEN
CHEBI:46765	carbapenem	data/antibiotics/antibacterial/carbapenem.yaml	YZBQHRLRFGPBSL-RXMQYKEDSA-N	ANTIBACTERIAL	10b9f7ccae19c8241ebda35e14188a29d22f231d745a8eed3bbb0ace5e65e1cb	0	0	3	2	1	RECORDED_NAME_QUERIES_TRAVERSED_NOT_PRIMARY_REVIEW	False	0	0	0	0			0	0	0			0		OPEN
CHEBI:471744	imipenem	data/antibiotics/antibacterial/imipenem.yaml	ZSKVGTPCRGIANV-ZXFLCMHBSA-N	ANTIBACTERIAL	2abb3c8914d0c2f15fb9208e73a351e65a9d848e8106fc242fa44f01b7ac7e4c	24	0	11	4	2	RECORDED_NAME_QUERIES_TRAVERSED_NOT_PRIMARY_REVIEW	False	24	24	6	18	UniProtKB:A0A069BCC8|UniProtKB:A0A0U3IB62|UniProtKB:A0A2R4PHC7|UniProtKB:A0A5Q5ADH9|UniProtKB:C7C422|UniProtKB:W8V0F6	NCBITaxon:1420013|NCBITaxon:28450|NCBITaxon:287|NCBITaxon:573|NCBITaxon:663|NCBITaxon:666	0	0	0			0		OPEN
CHEBI:472657	cefixime	data/antibiotics/antibacterial/cefixime.yaml	OKBVVJOGVLARMR-QSWIMTSFSA-N	ANTIBACTERIAL	0be56f6fce4ec99446caae688cd3410272edd3fb4a5b3b196f0ca9d766724837	8	0	8	3	1	RECORDED_NAME_QUERIES_TRAVERSED_NOT_PRIMARY_REVIEW	False	8	8	6	2	UniProtKB:A0A3S4MWA6|UniProtKB:A0A7L9V0P3|UniProtKB:A0AAX3AHW0|UniProtKB:I7FJY5|UniProtKB:Q48434|UniProtKB:Q4H482	NCBITaxon:246196|NCBITaxon:287|NCBITaxon:294|NCBITaxon:299766|NCBITaxon:573|NCBITaxon:90105	0	0	0			0		OPEN
CHEBI:47278	brivudine	data/antibiotics/antiviral/brivudine.yaml	ODZBBRURCPAEIQ-PIXDULNESA-N	ANTIVIRAL	44763bc547b3d33537a7027fe647964c1f6a57368a18d6e04655fd85b02fb281	0	0	19	6	0	RECORDED_NAME_QUERIES_TRAVERSED_NOT_PRIMARY_REVIEW	False	0	0	0	0			0	0	0			0		OPEN
CHEBI:47351	(1S,3R)-2,2-dichloro-N-[(1R)-1-(4-chlorophenyl)ethyl]-1-ethyl-3-methylcyclopropanecarboxamide	data/antibiotics/antifungal/1s-3r-2-2-dichloro-n-1r-1-4-chlorophenyl-ethyl-1-ethyl-3-methylcyclopr.yaml	RXDMAYSSBPYBFW-RULNRJAQSA-N	ANTIFUNGAL	a9fd6bb8705c0282089834d40881de1f18e55cc670b3090529ca7e9b66c933de	0	0	2	2	0	RECORDED_NAME_QUERIES_TRAVERSED_NOT_PRIMARY_REVIEW	False	0	0	0	0			0	0	0			0		OPEN
CHEBI:47395	devancoaminyl vancomycin	data/antibiotics/unspecified/devancoaminyl-vancomycin.yaml	QCHYVJAUGVHJHX-PZIRYZLHSA-N	ANTIMICROBIAL_UNSPECIFIED	8216905d3237e396f074d35d7c7cb1d3abfeb05e3701001cb1bdbfc748585839	0	0	5	2	0	RECORDED_NAME_QUERIES_TRAVERSED_NOT_PRIMARY_REVIEW	False	0	0	0	0			0	0	0			0		OPEN
CHEBI:473990	entecavir (anhydrous)	data/antibiotics/antiviral/entecavir-anhydrous.yaml	QDGZDCVAUDNJFG-FXQIFTODSA-N	ANTIVIRAL	0675b379f185a93a21c64fce7ed625a693038ce373ba8e0d89d1b26833a9650f	0	0	3	2	1	RECORDED_NAME_QUERIES_TRAVERSED_NOT_PRIMARY_REVIEW	False	0	0	0	0			0	0	0			0		OPEN
CHEBI:473992	nystatin A1	data/antibiotics/antifungal/nystatin-a1.yaml	VQOXZBDYSJBXMA-NQTDYLQESA-N	ANTIFUNGAL	d32929224219b15fcc19621ad7e4062336a6e7d92b99de5c1da354aa69bc297c	0	0	2	2	0	RECORDED_NAME_QUERIES_TRAVERSED_NOT_PRIMARY_REVIEW	False	0	0	0	0			0	0	0			0		OPEN
CHEBI:474014	dirithromycin	data/antibiotics/antibacterial/dirithromycin.yaml	WLOHNSSYAXHWNR-DWIOZXRMSA-N	ANTIBACTERIAL	59c79e64f19626ca95c5f0aa5df0045dfbd323d655c8e4294a6b2581e01af2f3	23	0	6	3	0	RECORDED_NAME_QUERIES_TRAVERSED_NOT_PRIMARY_REVIEW	False	23	23	20	3	UniProtKB:A0A0H3EUF3|UniProtKB:A0A3R7IWB8|UniProtKB:A0A6I0LAE8|UniProtKB:A0A829QAF6|UniProtKB:A0AAX3AJQ0|UniProtKB:F3ZTT0|UniProtKB:L7N623|UniProtKB:P06572|UniProtKB:P07287|UniProtKB:P09891|UniProtKB:P0A0H3|UniProtKB:P10337|UniProtKB:Q00014|UniProtKB:Q04720|UniProtKB:Q6RX35|UniProtKB:Q6XFQ7|UniProtKB:Q79N53|UniProtKB:Q8KLN5|UniProtKB:Q9K2Z3|UniProtKB:Q9ZNK8	NCBITaxon:1038928|NCBITaxon:1280|NCBITaxon:1282|NCBITaxon:1296|NCBITaxon:1299324|NCBITaxon:1352|NCBITaxon:1392|NCBITaxon:1598|NCBITaxon:1766|NCBITaxon:1772|NCBITaxon:299766|NCBITaxon:31956|NCBITaxon:405948|NCBITaxon:679937|NCBITaxon:685038|NCBITaxon:79880|NCBITaxon:817|NCBITaxon:820|NCBITaxon:83331	0	0	0			0		OPEN
CHEBI:474053	cefazolin	data/antibiotics/antibacterial/cefazolin.yaml	MLYYVTUWGNIJIB-BXKDBHETSA-N	ANTIBACTERIAL	f9e6d4e80b1da1e778b143d089248545ff33c884ed534ee2626b87e8dc41debc	13	0	17	5	1	RECORDED_NAME_QUERIES_TRAVERSED_NOT_PRIMARY_REVIEW	False	13	13	10	3	UniProtKB:A0A3S4MWA6|UniProtKB:A0A5R8T042|UniProtKB:A0A7L9V0P3|UniProtKB:A0A8F5JT47|UniProtKB:A0AA35D781|UniProtKB:A0AAX3AHW0|UniProtKB:P52663|UniProtKB:P62594|UniProtKB:Q48434|UniProtKB:Q4H482	NCBITaxon:225991|NCBITaxon:287|NCBITaxon:294|NCBITaxon:299766|NCBITaxon:550|NCBITaxon:573|NCBITaxon:61646|NCBITaxon:90105|NCBITaxon:90370|NCBITaxon:941280	0	0	0			0		OPEN
CHEBI:474180	caspofungin	data/antibiotics/antifungal/caspofungin.yaml	JYIKNQVWKBUSNH-WVDDFWQHSA-N	ANTIFUNGAL	a4f783f645b5dc8718f4b1cf0643b9dca1d864113821f04d5d492d13f13dbd62	33	0	5	2	2	RECORDED_NAME_QUERIES_TRAVERSED_NOT_PRIMARY_REVIEW	True	22	22	0	22			11	11	0	balashov-2006-reference-context|garcia-effron-2008-subject-context|park-2005-parent-and-compound-context		0		OPEN
CHEBI:47458	saracatinib	data/antibiotics/antiviral/saracatinib.yaml	OUKYUETWWIPKQR-UHFFFAOYSA-N	ANTIVIRAL	19a89e3aaf720944e96c4a921266eb33b459b2174f42f575ef8af99736d3730d	0	0	9	3	0	RECORDED_NAME_QUERIES_TRAVERSED_NOT_PRIMARY_REVIEW	False	0	0	0	0			0	0	0			0		OPEN
CHEBI:47544	loracarbef	data/antibiotics/antibacterial/loracarbef.yaml	JAPHQRWPEGVNBT-UTUOFQBUSA-N	ANTIBACTERIAL	1c48e0f575cb6a26e023094ba7e928c6110a7c8ee79c0ba43469ca8e812f633b	0	0	7	3	0	RECORDED_NAME_QUERIES_TRAVERSED_NOT_PRIMARY_REVIEW	False	0	0	0	0			0	0	0			0		OPEN
CHEBI:47617	4,5,6,7-tetrachloro-2-benzofuran-1(3H)-one	data/antibiotics/antifungal/4-5-6-7-tetrachloro-2-benzofuran-1-3h-one.yaml	NMWKWBPNKPGATC-UHFFFAOYSA-N	ANTIFUNGAL	819034920c23dc3679f7326209246e6f38239177eddd96ddfca5f150d79ff7de	0	0	7	3	0	RECORDED_NAME_QUERIES_TRAVERSED_NOT_PRIMARY_REVIEW	False	0	0	0	0			0	0	0			0		OPEN
CHEBI:47696	2,4,6-tribromophenol	data/antibiotics/antifungal/2-4-6-tribromophenol.yaml	BSWWXRFVMJHFBN-UHFFFAOYSA-N	ANTIFUNGAL	a87c885bf0eebd56e0a59ad7ee3e1eaf01cfc86b1f95376f0809a14cb9a35ce3	0	0	5	2	0	RECORDED_NAME_QUERIES_TRAVERSED_NOT_PRIMARY_REVIEW	False	0	0	0	0			0	0	0			0		OPEN
CHEBI:47724	vancomycin aglycone	data/antibiotics/unspecified/vancomycin-aglycone.yaml	JHIKFOISFAQTJQ-YZANBJIASA-N	ANTIMICROBIAL_UNSPECIFIED	36ceeb8018a118fb49c5478347ec12fb8ca453346ed576661eb881d83ef76d1e	0	0	4	2	0	RECORDED_NAME_QUERIES_TRAVERSED_NOT_PRIMARY_REVIEW	False	0	0	0	0			0	0	0			0		OPEN
CHEBI:47727	5-{5-[2-chloro-4-(4,5-dihydro-1,3-oxazol-2-yl)phenoxy]pentyl}-3-methylisoxazole	data/antibiotics/antiviral/5-5-2-chloro-4-4-5-dihydro-1-3-oxazol-2-yl-phenoxy-pentyl-3-methylisox.yaml	FCSKOFQQCWLGMV-UHFFFAOYSA-N	ANTIVIRAL	8be97951944b0f58fb6f454edccf9f804a360fc676fc022c469e38a229541131	0	0	4	2	0	RECORDED_NAME_QUERIES_TRAVERSED_NOT_PRIMARY_REVIEW	False	0	0	0	0			0	0	0			0		OPEN
CHEBI:4778	embelin	data/antibiotics/unspecified/embelin.yaml	IRSFLDGTOHBADP-UHFFFAOYSA-N	ANTIMICROBIAL_UNSPECIFIED	bc1c0248244322eabb5201e63ce8b925623d61ac825bdec996932151d8826ffc	0	0	6	3	0	RECORDED_NAME_QUERIES_TRAVERSED_NOT_PRIMARY_REVIEW	False	0	0	0	0			0	0	0			0		OPEN
CHEBI:47780	clomipramine	data/antibiotics/antiviral/clomipramine.yaml	GDLIGKIOYRNHDA-UHFFFAOYSA-N	ANTIVIRAL	c8c1136b9b1613d2c9aa43b3121cba1c17ae7d3233e7fa5b2a2eaa7d3cdc4019	0	0	9	3	0	RECORDED_NAME_QUERIES_TRAVERSED_NOT_PRIMARY_REVIEW	False	0	0	0	0			0	0	0			0		OPEN
CHEBI:4781	emetine	data/antibiotics/antiprotozoal/emetine.yaml	AUVVAXYIELKVAI-CKBKHPSWSA-N	ANTIPROTOZOAL	58f454ebed3c6dc04a459e74fdee89f548557d4c06768500beb147dba275cd97	0	0	8	3	0	RECORDED_NAME_QUERIES_TRAVERSED_NOT_PRIMARY_REVIEW	False	0	0	0	0			0	0	0			0		OPEN
CHEBI:478164	cefepime	data/antibiotics/antibacterial/cefepime.yaml	HVFLCNVBZFFHBT-ZKDACBOMSA-N	ANTIBACTERIAL	1b7e6c555e89446b8881dd47f4dff3cee02c5f7f5c374b694bf605d816c6c992	13	0	12	4	3	RECORDED_NAME_QUERIES_TRAVERSED_NOT_PRIMARY_REVIEW	False	13	13	4	9	UniProtKB:A0A8F5JT47|UniProtKB:A0A9Q2ZSM5|UniProtKB:A0A9Q9CTT6|UniProtKB:A0SVI2	NCBITaxon:1812934|NCBITaxon:545|NCBITaxon:550|NCBITaxon:61646	0	0	0			0		OPEN
CHEBI:47856	citronellal	data/antibiotics/antifungal/citronellal.yaml	NEHNMFOYXAPHSD-UHFFFAOYSA-N	ANTIFUNGAL	c6b52b88b41e732e6ef31c8690ce94fc034ca0e4fe00e8444f87789a4bbdba4e	0	0	6	3	0	RECORDED_NAME_QUERIES_TRAVERSED_NOT_PRIMARY_REVIEW	False	0	0	0	0			0	0	0			0		OPEN
CHEBI:47898	4'-epidoxorubicin	data/antibiotics/unspecified/4-epidoxorubicin.yaml	AOJJSUZBOXZQNB-VTZDEGQISA-N	ANTIMICROBIAL_UNSPECIFIED	e8fff829b954d06f4549028352684f86ec4efe3717e01ef2b2c9180cf8204cca	0	0	11	4	1	RECORDED_NAME_QUERIES_TRAVERSED_NOT_PRIMARY_REVIEW	False	0	0	0	0			0	0	0			0		OPEN
CHEBI:48080	brefeldin A	data/antibiotics/antibacterial/brefeldin-a.yaml	KQNZDYYTLMIZCT-KQPMLPITSA-N	ANTIBACTERIAL	8aef32b0a72d4f901dac6c4d105e7ae069f3c811839a5074472855f00ad16bb0	1	0	6	3	2	RECORDED_NAME_QUERIES_TRAVERSED_NOT_PRIMARY_REVIEW	True	0	0	0	0			1	1	0	eddouzi-2013-mrr1-reference-context		0		OPEN
CHEBI:48131	nonanedioic acid	data/antibiotics/antibacterial/nonanedioic-acid.yaml	BDJRBEYXGGNYIS-UHFFFAOYSA-N	ANTIBACTERIAL	e005c632abe8cb8ec6731ceef377bfe97aaa2429a8d9e46a9918c9f7716d0b8b	0	0	18	6	0	RECORDED_NAME_QUERIES_TRAVERSED_NOT_PRIMARY_REVIEW	False	0	0	0	0			0	0	0			0		OPEN
CHEBI:48200	griseusin B	data/antibiotics/unspecified/griseusin-b.yaml	ZALAFWZWSLVCID-VXUQJGMHSA-N	ANTIMICROBIAL_UNSPECIFIED	5f16bb68de86c7c38f464548495c7e1026f90bd9b9f4e8df286cccb263dcd341	0	0	2	2	0	RECORDED_NAME_QUERIES_TRAVERSED_NOT_PRIMARY_REVIEW	False	0	0	0	0			0	0	0			0		OPEN
CHEBI:48201	frenolicin B	data/antibiotics/unspecified/frenolicin-b.yaml	AVCPRTNVVRPELB-YRUZYCQGSA-N	ANTIMICROBIAL_UNSPECIFIED	b1db2c6f5667e36d64840edbcf9c0619714fecfc467f4ed66163959c6562716f	0	0	2	2	0	RECORDED_NAME_QUERIES_TRAVERSED_NOT_PRIMARY_REVIEW	False	0	0	0	0			0	0	0			0		OPEN
CHEBI:48202	nanaomycin A	data/antibiotics/unspecified/nanaomycin-a.yaml	ZCJHPTKRISJQTN-JGVFFNPUSA-N	ANTIMICROBIAL_UNSPECIFIED	c3a4ea7c2047502289d4b5f60b393b0166fe5d2484e00e1651d782e6a34b7cf0	0	0	9	3	0	RECORDED_NAME_QUERIES_TRAVERSED_NOT_PRIMARY_REVIEW	False	0	0	0	0			0	0	0			0		OPEN
CHEBI:48267	tubercidin	data/antibiotics/antifungal/tubercidin.yaml	HDZZVAMISRMYHH-KCGFPETGSA-N	ANTIFUNGAL	68f43e55af1ac377e2ff416b2000e6bbf35e52ec3f54a52ca8d5c655d43da976	0	0	4	2	0	RECORDED_NAME_QUERIES_TRAVERSED_NOT_PRIMARY_REVIEW	False	0	0	0	0			0	0	0			0		OPEN
CHEBI:48347	triclocarban	data/antibiotics/biocide/triclocarban.yaml	ICUTUKXCWQYESQ-UHFFFAOYSA-N	BIOCIDE	eb9804514ce2b885295af1eecd32a4ee47aa5a4614d290145a62f2cbe499bd5e	0	0	12	4	1	RECORDED_NAME_QUERIES_TRAVERSED_NOT_PRIMARY_REVIEW	False	0	0	0	0			0	0	0			0		OPEN
CHEBI:4846	erythromycin estolate	data/antibiotics/unspecified/erythromycin-estolate.yaml	AWMFUEJKWXESNL-JZBHMOKNSA-N	ANTIMICROBIAL_UNSPECIFIED	3495296dfed7dafd9cfdd527f1b276afc16f94112c7c7310c4e6ab91d2cc473f	0	0	21	6	0	RECORDED_NAME_QUERIES_TRAVERSED_NOT_PRIMARY_REVIEW	False	0	0	0	0			0	0	0			0		OPEN
CHEBI:48635	fumagillin	data/antibiotics/antibacterial/fumagillin.yaml	NGGMYCMLYOUNGM-CSDLUJIJSA-N	ANTIBACTERIAL	e364dc524ed72f4e5587fecc8f872d5f41625715308ce3e1911ca478af977c8c	0	0	9	3	0	RECORDED_NAME_QUERIES_TRAVERSED_NOT_PRIMARY_REVIEW	False	0	0	0	0			0	0	0			0		OPEN
CHEBI:4874	etaconazole	data/antibiotics/antifungal/etaconazole.yaml	DWRKFAJEBUWTQM-UHFFFAOYSA-N	ANTIFUNGAL	b6ab4e45a23f1adb860c861cb247240a8e925e25cf6a0ab488558fa1cfeaa6e5	0	0	3	2	0	RECORDED_NAME_QUERIES_TRAVERSED_NOT_PRIMARY_REVIEW	False	0	0	0	0			0	0	0			0		OPEN
CHEBI:4877	ethambutol	data/antibiotics/antimycobacterial/ethambutol.yaml	AEUTYOVWOVBAKS-UWVGGRQHSA-N	ANTIMYCOBACTERIAL	1d921e91cfc250de4e6a9ec85363ee66fe1285dd68c82fac8ff1c3c2092d9ac1	19	0	13	4	3	RECORDED_NAME_QUERIES_TRAVERSED_NOT_PRIMARY_REVIEW	False	19	19	0	19			0	0	0			0		OPEN
CHEBI:4878	ethambutol dihydrochloride	data/antibiotics/antimycobacterial/ethambutol-dihydrochloride.yaml	AUAHHJJRFHRVPV-BZDVOYDHSA-N	ANTIMYCOBACTERIAL	35e1c89e8fa8dac4b5fb568d78b7f05bd01a080481ca5f708b1f22c976652695	0	0	10	4	0	RECORDED_NAME_QUERIES_TRAVERSED_NOT_PRIMARY_REVIEW	False	0	0	0	0			0	0	0			0		OPEN
CHEBI:48811	(R)-chloroquine	data/antibiotics/antiprotozoal/r-chloroquine.yaml	WHTVZRBIWZFKQO-CQSZACIVSA-N	ANTIPROTOZOAL	4e89a11ba79e70e2294780205c5fe80537d91e2d038633c5de3cc4b5e9433ff1	0	0	8	3	1	RECORDED_NAME_QUERIES_TRAVERSED_NOT_PRIMARY_REVIEW	False	0	0	0	0			0	0	0			0		OPEN
CHEBI:4883	ethidium bromide	data/antibiotics/antiprotozoal/ethidium-bromide.yaml	ZMMJGEGLRURXTF-UHFFFAOYSA-N	ANTIPROTOZOAL	7aac5cd8f94c29566e19ea2fc4457d738d0e265dcb301c6ca8141fd01726d9ff	0	0	8	3	2	RECORDED_NAME_QUERIES_TRAVERSED_NOT_PRIMARY_REVIEW	False	0	0	0	0			0	0	0			0		OPEN
CHEBI:48844	roxithromycin	data/antibiotics/antibacterial/roxithromycin.yaml	RXZBMPWDPOLZGW-HITVVWEBSA-N	ANTIBACTERIAL	01f4c4c700e13824fdb92ede57b1396378bc307ef080069ad844223f24335297	28	0	3	2	0	RECORDED_NAME_QUERIES_TRAVERSED_NOT_PRIMARY_REVIEW	False	28	28	24	4	UniProtKB:A0A0H3EUF3|UniProtKB:A0A3R7IWB8|UniProtKB:A0A5K7U7Z4|UniProtKB:A0A6I0LAE8|UniProtKB:A0A829QAF6|UniProtKB:A0AAX3AJQ0|UniProtKB:F3ZTT0|UniProtKB:L7N623|UniProtKB:P05789|UniProtKB:P06572|UniProtKB:P07287|UniProtKB:P07684|UniProtKB:P09891|UniProtKB:P0A0H3|UniProtKB:P10337|UniProtKB:Q00014|UniProtKB:Q04720|UniProtKB:Q1JJH2|UniProtKB:Q6RX35|UniProtKB:Q6XFQ7|UniProtKB:Q79N53|UniProtKB:Q8KLN5|UniProtKB:Q9K2Z3|UniProtKB:Q9ZNK8	NCBITaxon:1038928|NCBITaxon:1280|NCBITaxon:1282|NCBITaxon:1296|NCBITaxon:1299324|NCBITaxon:1352|NCBITaxon:1392|NCBITaxon:1598|NCBITaxon:1747|NCBITaxon:1766|NCBITaxon:1772|NCBITaxon:299766|NCBITaxon:31956|NCBITaxon:370551|NCBITaxon:405948|NCBITaxon:562|NCBITaxon:679937|NCBITaxon:685038|NCBITaxon:79880|NCBITaxon:817|NCBITaxon:820|NCBITaxon:83331	0	0	0			0		OPEN
CHEBI:4885	ethionamide	data/antibiotics/antimycobacterial/ethionamide.yaml	AEOCXXJPGCBFJA-UHFFFAOYSA-N	ANTIMYCOBACTERIAL	13005c9ee4a343b00be1cea9fb80263a48166d0cf83e92365c1fe8a27984a589	6	0	16	5	3	RECORDED_NAME_QUERIES_TRAVERSED_NOT_PRIMARY_REVIEW	False	6	6	0	6			0	0	0			0		OPEN
CHEBI:48913	erythromycin A 2'-propanoate	data/antibiotics/unspecified/erythromycin-a-2-propanoate.yaml	TYQXKHPOXXXCTP-CSLYCKPJSA-N	ANTIMICROBIAL_UNSPECIFIED	92d7732bc6f4d2dc1a23a380eb4d124da0dfda2923c080e13715b4ad397da39c	0	0	6	3	0	RECORDED_NAME_QUERIES_TRAVERSED_NOT_PRIMARY_REVIEW	False	0	0	0	0			0	0	0			0		OPEN
CHEBI:4893	ethyl acetoacetate	data/antibiotics/antibacterial/ethyl-acetoacetate.yaml	XYIBRDXRRQCHLP-UHFFFAOYSA-N	ANTIBACTERIAL	294ad8330d4e41d4d938aa840cc731572ab0774292f27d1fed43d2156fe00b52	0	0	15	5	0	RECORDED_NAME_QUERIES_TRAVERSED_NOT_PRIMARY_REVIEW	False	0	0	0	0			0	0	0			0		OPEN
CHEBI:48935	(E)-roxithromycin	data/antibiotics/antibacterial/e-roxithromycin.yaml	RXZBMPWDPOLZGW-XMRMVWPWSA-N	ANTIBACTERIAL	2071aaeccf1ec45fe0ccca0ee260a20e344ba40f217c8d881804d94911b75366	0	0	8	3	0	RECORDED_NAME_QUERIES_TRAVERSED_NOT_PRIMARY_REVIEW	False	0	0	0	0			0	0	0			0		OPEN
CHEBI:48947	clavulanic acid	data/antibiotics/antibacterial/clavulanic-acid.yaml	HZZVJAQRINQKSD-PBFISZAISA-N	ANTIBACTERIAL	16c7ee5054b33f6e55caa15c59817103f91650f7a524b2ac6b57a6ac250af827	0	0	13	4	2	RECORDED_NAME_QUERIES_TRAVERSED_NOT_PRIMARY_REVIEW	False	0	0	0	0			0	0	0			0		OPEN
CHEBI:48958	diamide	data/antibiotics/unspecified/diamide.yaml	VLSDXINSOMDCBK-UHFFFAOYSA-N	ANTIMICROBIAL_UNSPECIFIED	53b769e00451802ca0a178946f53b1dfe08eca63c6e2076cc696194a9f829bd1	0	0	1	1	1	RECORDED_NAME_QUERIES_TRAVERSED_NOT_PRIMARY_REVIEW	False	0	0	0	0			0	0	0			0		OPEN
CHEBI:48981	quinolin-8-ol	data/antibiotics/antibacterial/quinolin-8-ol.yaml	MCJGNVYPOGVAJF-UHFFFAOYSA-N	ANTIBACTERIAL	5811775fc7ef3ef032ddf5e7acd99542d3b0d93eb7341001b183250dbdbdfcd9	0	0	9	3	0	RECORDED_NAME_QUERIES_TRAVERSED_NOT_PRIMARY_REVIEW	False	0	0	0	0			0	0	0			0		OPEN
CHEBI:49026	N-acetyl-α-neuraminic acid	data/antibiotics/antiviral/n-acetyl-α-neuraminic-acid.yaml	SQVRNKJHWKZAKO-YRMXFSIDSA-N	ANTIVIRAL	4f0037607f16a4e34e65169bac890ef540a255ca9e3d1cab008007730ee28446	0	0	6	3	0	RECORDED_NAME_QUERIES_TRAVERSED_NOT_PRIMARY_REVIEW	False	0	0	0	0			0	0	0			0		OPEN
CHEBI:490877	didanosine	data/antibiotics/antiviral/didanosine.yaml	BXZVVICBKDXVGW-NKWVEPMBSA-N	ANTIVIRAL	5ae6bda5a6c0971ffd23b20697241a807361e92a56b8ab50ffb4cb5f32f3ce38	0	26	14	5	3	RECORDED_NAME_QUERIES_TRAVERSED_NOT_PRIMARY_REVIEW	False	0	0	0	0			0	0	0			26	NCBITaxon:11676	OPEN
CHEBI:4916	eugeniin	data/antibiotics/antifungal/eugeniin.yaml	JCGHAEBIBSEQAD-UUUCSUBKSA-N	ANTIFUNGAL	ab85cc0b517b52632685c536ab722d2f70ac3b0dff02afe56d4a2fa06bd4fd19	0	0	7	3	0	RECORDED_NAME_QUERIES_TRAVERSED_NOT_PRIMARY_REVIEW	False	0	0	0	0			0	0	0			0		OPEN
CHEBI:4917	eugenol	data/antibiotics/antibacterial/eugenol.yaml	RRAFCDWBNXTKKO-UHFFFAOYSA-N	ANTIBACTERIAL	dd84a79c8d75aa3cebbcb7889e2209f54a294041811eb2f80d1d0195648ddeb6	0	0	28	8	2	RECORDED_NAME_QUERIES_TRAVERSED_NOT_PRIMARY_REVIEW	False	0	0	0	0			0	0	0			0		OPEN
CHEBI:49375	dasatinib (anhydrous)	data/antibiotics/antiviral/dasatinib-anhydrous.yaml	ZBNZXTGUTAYRHI-UHFFFAOYSA-N	ANTIVIRAL	1d5913d73753f9ecdd7b02c82ee54c3373c47494b46901232bf92186d982340d	0	0	10	4	1	RECORDED_NAME_QUERIES_TRAVERSED_NOT_PRIMARY_REVIEW	False	0	0	0	0			0	0	0			0		OPEN
CHEBI:49566	cloxacillin	data/antibiotics/antibacterial/cloxacillin.yaml	LQOLIRLGBULYKD-JKIFEVAISA-N	ANTIBACTERIAL	0d494a57f97ab98d25f6679336374a7d415e1dfe755506effec977a405ef3790	1	0	20	6	2	RECORDED_NAME_QUERIES_TRAVERSED_NOT_PRIMARY_REVIEW	False	1	1	0	1			0	0	0			0		OPEN
CHEBI:4974	famciclovir	data/antibiotics/antiviral/famciclovir.yaml	GGXKWVWZWMLJEH-UHFFFAOYSA-N	ANTIVIRAL	f685ae47092c7de0f89953608389611efe825118891190776b96ba66cf7da47f	0	0	10	4	1	RECORDED_NAME_QUERIES_TRAVERSED_NOT_PRIMARY_REVIEW	False	0	0	0	0			0	0	0			0		OPEN
CHEBI:49845	(R)-quinacrine	data/antibiotics/antiprotozoal/r-quinacrine.yaml	GPKJTRJOBQGKQK-MRXNPFEDSA-N	ANTIPROTOZOAL	9e977d2abe39a9cf7589f2801a802d01274761dfeeae2428e397ee0877bbd1aa	0	0	3	2	0	RECORDED_NAME_QUERIES_TRAVERSED_NOT_PRIMARY_REVIEW	False	0	0	0	0			0	0	0			0		OPEN
CHEBI:49976	zinc dichloride	data/antibiotics/biocide/zinc-dichloride.yaml	JIAARYAFYJHUJI-UHFFFAOYSA-L	BIOCIDE	da471d9ccd292624768d2bd797a531efa1dec83468bc3663a705429b70ae627a	0	0	10	4	0	RECORDED_NAME_QUERIES_TRAVERSED_NOT_PRIMARY_REVIEW	False	0	0	0	0			0	0	0			0		OPEN
CHEBI:50035	α-phellandrene	data/antibiotics/unspecified/α-phellandrene-50035.yaml	OGLDWXZKYODSOB-UHFFFAOYSA-N	ANTIMICROBIAL_UNSPECIFIED	72ecf193efd9d8762ab3d7e30fc6b815ba22d58efad51e2baed02c5df86b1c95	0	0	14	5	0	RECORDED_NAME_QUERIES_TRAVERSED_NOT_PRIMARY_REVIEW	False	0	0	0	0			0	0	0			0		OPEN
CHEBI:50194	pefloxacin mesylate	data/antibiotics/antibacterial/pefloxacin-mesylate.yaml	HQQSBEDKMRHYME-UHFFFAOYSA-N	ANTIBACTERIAL	96e9ec6a73b8c946e429d34fce2ab7e581bb7db8611eae9ff941d83869558999	0	0	5	2	0	RECORDED_NAME_QUERIES_TRAVERSED_NOT_PRIMARY_REVIEW	False	0	0	0	0			0	0	0			0		OPEN
CHEBI:50199	pefloxacin	data/antibiotics/antibacterial/pefloxacin.yaml	FHFYDNQZQSQIAI-UHFFFAOYSA-N	ANTIBACTERIAL	0626ce3d51674b59c8cb7e00ee56c5320c46bc5def630ccb59bf5da0a9a121f8	22	0	8	3	0	RECORDED_NAME_QUERIES_TRAVERSED_NOT_PRIMARY_REVIEW	False	22	22	0	22			0	0	0			0		OPEN
CHEBI:50209	sophoraflavanone G	data/antibiotics/antiprotozoal/sophoraflavanone-g.yaml	XRYVAQQLDYTHCL-CMJOXMDJSA-N	ANTIPROTOZOAL	a5219fa365906a5ca0c30568d0c3a77fe8c807cbf0cbf3cd84709490c840c44e	0	0	4	2	0	RECORDED_NAME_QUERIES_TRAVERSED_NOT_PRIMARY_REVIEW	False	0	0	0	0			0	0	0			0		OPEN
CHEBI:50301	terpentecin	data/antibiotics/unspecified/terpentecin.yaml	ISTOHHFNKVUOKP-BRUMOIPRSA-N	ANTIMICROBIAL_UNSPECIFIED	67515f33e367a8c9c365e401d4fe2d3187ca05c892aae6fc597ac18349f7336d	0	0	2	2	0	RECORDED_NAME_QUERIES_TRAVERSED_NOT_PRIMARY_REVIEW	False	0	0	0	0			0	0	0			0		OPEN
CHEBI:50381	miglustat	data/antibiotics/antiviral/miglustat.yaml	UQRORFVVSGFNRO-UTINFBMNSA-N	ANTIVIRAL	6be7c4f80a76c1dbe45254572732ef840b409942c9a1838a67a3eaf40cb7942a	0	0	12	4	0	RECORDED_NAME_QUERIES_TRAVERSED_NOT_PRIMARY_REVIEW	False	0	0	0	0			0	0	0			0		OPEN
CHEBI:50437	nocardamine	data/antibiotics/antibacterial/nocardamine.yaml	NHKCCADZVLTPPO-UHFFFAOYSA-N	ANTIBACTERIAL	449bc5bd949461376f29c74b95c91e23fa7a34e7fd6d2bf3860147e2e33abc9e	0	0	3	2	0	RECORDED_NAME_QUERIES_TRAVERSED_NOT_PRIMARY_REVIEW	False	0	0	0	0			0	0	0			0		OPEN
CHEBI:50652	amodiaquine hydrochloride	data/antibiotics/antiviral/amodiaquine-hydrochloride.yaml	YVNAYSHNIILOJS-UHFFFAOYSA-N	ANTIVIRAL	c57df96daca2315c5ef54604e69ea8c645380b0898211d84a92e8a91b395f5e4	0	0	4	2	0	RECORDED_NAME_QUERIES_TRAVERSED_NOT_PRIMARY_REVIEW	False	0	0	0	0			0	0	0			0		OPEN
CHEBI:50663	zanamivir	data/antibiotics/antiviral/zanamivir.yaml	ARAIBEBZBOPLMB-UFGQHTETSA-N	ANTIVIRAL	b0bded21a66491cc34c4caaad75e17fda6ae573031d4bb2db15fbcd4da5ca46b	0	0	10	4	2	RECORDED_NAME_QUERIES_TRAVERSED_NOT_PRIMARY_REVIEW	False	0	0	0	0			0	0	0			0		OPEN
CHEBI:50667	mercaptopurine	data/antibiotics/antiviral/mercaptopurine.yaml	GLVAUDGFNGKCSF-UHFFFAOYSA-N	ANTIVIRAL	42aadf2d2e40ffae1103e51847754d0bcceeacf752e39a0baeb29a7b7c32d064	0	0	13	4	3	RECORDED_NAME_QUERIES_TRAVERSED_NOT_PRIMARY_REVIEW	False	0	0	0	0			0	0	0			0		OPEN
CHEBI:50687	metronidazole hydrochloride	data/antibiotics/antibacterial/metronidazole-hydrochloride.yaml	FPTPAIQTXYFGJC-UHFFFAOYSA-N	ANTIBACTERIAL	f7de168a2b84afb5b702d4bf7262beb189f2a8ef5d29acf9c333da6f60873785	0	0	6	3	0	RECORDED_NAME_QUERIES_TRAVERSED_NOT_PRIMARY_REVIEW	False	0	0	0	0			0	0	0			0		OPEN
CHEBI:50688	metronidazole benzoate	data/antibiotics/antibacterial/metronidazole-benzoate.yaml	CUUCCLJJOWSASK-UHFFFAOYSA-N	ANTIBACTERIAL	5fec0fce420028ce9689115fa84e08aa3ec99014f3eeb153bb696716d42176ce	0	0	8	3	0	RECORDED_NAME_QUERIES_TRAVERSED_NOT_PRIMARY_REVIEW	False	0	0	0	0			0	0	0			0		OPEN
CHEBI:50694	minocycline	data/antibiotics/antibacterial/minocycline.yaml	DYKFCLLONBREIL-KVUCHLLUSA-N	ANTIBACTERIAL	39ef89c2a1c785f7f175efeb04fd3ad81bbc193ac9d2e39a47faf8e97bc062b9	19	0	8	3	2	RECORDED_NAME_QUERIES_TRAVERSED_NOT_PRIMARY_REVIEW	False	19	19	15	4	UniProtKB:A0A0H4TXY1|UniProtKB:A0A142BVK9|UniProtKB:A0A833FHH9|UniProtKB:D8L9Y9|UniProtKB:F3ZU25|UniProtKB:O52836|UniProtKB:P10952|UniProtKB:Q06DK7|UniProtKB:Q08425|UniProtKB:Q1JJH2|UniProtKB:Q46306|UniProtKB:Q48791|UniProtKB:Q8VV75|UniProtKB:Q93L50|UniProtKB:Q9RLW0	NCBITaxon:1314|NCBITaxon:1502|NCBITaxon:1502943|NCBITaxon:1639|NCBITaxon:1648|NCBITaxon:1805580|NCBITaxon:197|NCBITaxon:2725|NCBITaxon:32019|NCBITaxon:370551|NCBITaxon:403776|NCBITaxon:679937|NCBITaxon:817|NCBITaxon:818|NCBITaxon:831	0	0	0			0		OPEN
CHEBI:50845	doxycycline	data/antibiotics/antibacterial/doxycycline.yaml	JBIWCJUYHHGXTC-AKNGSSGZSA-N	ANTIBACTERIAL	e882cd7f14057c25a22688e168748d01103853c834614f531a722ee71243efb7	15	0	21	6	2	RECORDED_NAME_QUERIES_TRAVERSED_NOT_PRIMARY_REVIEW	False	15	15	12	3	UniProtKB:A0A833FHH9|UniProtKB:A0AAW8TIA5|UniProtKB:D8L9Y9|UniProtKB:F3ZU25|UniProtKB:O52836|UniProtKB:P10952|UniProtKB:Q06DK7|UniProtKB:Q08425|UniProtKB:Q46306|UniProtKB:Q48791|UniProtKB:Q8VV75|UniProtKB:Q9RLW0	NCBITaxon:1314|NCBITaxon:1502|NCBITaxon:1502943|NCBITaxon:1639|NCBITaxon:1648|NCBITaxon:197|NCBITaxon:32019|NCBITaxon:403776|NCBITaxon:679937|NCBITaxon:71452|NCBITaxon:817|NCBITaxon:831	0	0	0			0		OPEN
CHEBI:50924	sorafenib	data/antibiotics/antiviral/sorafenib.yaml	MLDQJTXFUGDVEO-UHFFFAOYSA-N	ANTIVIRAL	f746fea0191bb5c1da669b6bede5a7e147a8ccb2a48263363197859efa4cdfef	0	0	6	3	2	RECORDED_NAME_QUERIES_TRAVERSED_NOT_PRIMARY_REVIEW	False	0	0	0	0			0	0	0			0		OPEN
CHEBI:5098	flucloxacillin	data/antibiotics/antibacterial/flucloxacillin.yaml	UIOFUWFRIANQPC-JKIFEVAISA-N	ANTIBACTERIAL	26dcc8ad4a40b0561e36aca5634fffba8f56816294daaca568a3661ba258b670	0	0	12	4	0	RECORDED_NAME_QUERIES_TRAVERSED_NOT_PRIMARY_REVIEW	False	0	0	0	0			0	0	0			0		OPEN
CHEBI:5100	flucytosine	data/antibiotics/antifungal/flucytosine.yaml	XRECTZIEBJDKEO-UHFFFAOYSA-N	ANTIFUNGAL	4ffd0f50d00448664a2aec8b152d62231ec7c6fabc5e91a67fc42c27a3ed7ada	10	0	11	4	3	RECORDED_NAME_QUERIES_TRAVERSED_NOT_PRIMARY_REVIEW	False	8	8	0	8			0	0	0			0		OPEN
CHEBI:51033	myxopyronin A	data/antibiotics/unspecified/myxopyronin-a.yaml	UQFNCSLGZUJVQP-IDWZVPEXSA-N	ANTIMICROBIAL_UNSPECIFIED	be1cda069edb067ac418551fe79d92136895d8978f61105d9118592881cbd48c	0	0	2	2	0	RECORDED_NAME_QUERIES_TRAVERSED_NOT_PRIMARY_REVIEW	False	0	0	0	0			0	0	0			0		OPEN
CHEBI:51207	penicillin O	data/antibiotics/unspecified/penicillin-o.yaml	QULKGELYPOJSLP-WCABBAIRSA-N	ANTIMICROBIAL_UNSPECIFIED	fb46326157d8c29746a7f1f321b8e731d4a865c844369053d76355872b5261d4	0	0	12	4	1	RECORDED_NAME_QUERIES_TRAVERSED_NOT_PRIMARY_REVIEW	False	0	0	0	0			0	0	0			0		OPEN
CHEBI:51208	mecillinam	data/antibiotics/antibacterial/mecillinam.yaml	BWWVAEOLVKTZFQ-NTZNESFSSA-N	ANTIBACTERIAL	82f29f83ed51365b9c73ce27904ff6a94ae39b626ded9eeafd64f4a5dd04c328	0	0	10	4	1	RECORDED_NAME_QUERIES_TRAVERSED_NOT_PRIMARY_REVIEW	False	0	0	0	0			0	0	0			0		OPEN
CHEBI:51210	pivmecillinam	data/antibiotics/antibacterial/pivmecillinam.yaml	NPGNOVNWUSPMDP-HLLBOEOZSA-N	ANTIBACTERIAL	e9c6dad11871ad82eaf9668465af4fbc48b1c98d75925680675a361bcd77b938	0	0	7	3	0	RECORDED_NAME_QUERIES_TRAVERSED_NOT_PRIMARY_REVIEW	False	0	0	0	0			0	0	0			0		OPEN
CHEBI:5123	fluphenazine	data/antibiotics/antiviral/fluphenazine.yaml	PLDUPXSUYLZYBN-UHFFFAOYSA-N	ANTIVIRAL	626ecf71d8f83cd64f37902f31a25dd6eb4240425009404c58ec925d7005752b	0	0	17	5	0	RECORDED_NAME_QUERIES_TRAVERSED_NOT_PRIMARY_REVIEW	False	0	0	0	0			0	0	0			0		OPEN
CHEBI:51254	amoxicillin trihydrate	data/antibiotics/antibacterial/amoxicillin-trihydrate.yaml	MQXQVCLAUDMCEF-CWLIKTDRSA-N	ANTIBACTERIAL	28b3713545f1329fdcd4597ff6b4d6b4f10af299fe7ab337feeb9b7749c28133	0	0	11	4	0	RECORDED_NAME_QUERIES_TRAVERSED_NOT_PRIMARY_REVIEW	False	0	0	0	0			0	0	0			0		OPEN
CHEBI:51257	6α-[(R)-1-hydroxyethyl]-2-[(R)-tetrahydrofuran-2-yl]pen-2-em-3-carboxylic acid	data/antibiotics/unspecified/6α-r-1-hydroxyethyl-2-r-tetrahydrofuran-2-yl-pen-2-em-3-carboxylic-aci.yaml	HGGAKXAHAYOLDJ-FHZUQPTBSA-N	ANTIMICROBIAL_UNSPECIFIED	4fd6f3b1f0935e4cbb495ebf9c40aafdc09c42246f141524aa5082ca024fb33b	0	0	6	3	0	RECORDED_NAME_QUERIES_TRAVERSED_NOT_PRIMARY_REVIEW	False	0	0	0	0			0	0	0			0		OPEN
CHEBI:51460	albaflavenone	data/antibiotics/unspecified/albaflavenone.yaml	SHUZZAXJEJPUGA-CCUNJIBTSA-N	ANTIMICROBIAL_UNSPECIFIED	ccff75d6d0c7854a4c99875a6306edeb5ac646e2b969ebb55fd234a52ccadbec	0	0	4	2	0	RECORDED_NAME_QUERIES_TRAVERSED_NOT_PRIMARY_REVIEW	False	0	0	0	0			0	0	0			0		OPEN
CHEBI:5169	fraxetin	data/antibiotics/antibacterial/fraxetin.yaml	HAVWRBANWNTOJX-UHFFFAOYSA-N	ANTIBACTERIAL	318a1727a69d15f918d1de80822247f033a4acea839f8fde0a3c4e929cab006e	0	0	4	2	0	RECORDED_NAME_QUERIES_TRAVERSED_NOT_PRIMARY_REVIEW	False	0	0	0	0			0	0	0			0		OPEN
CHEBI:51691	apalcillin	data/antibiotics/unspecified/apalcillin.yaml	XMQVYNAURODYCQ-SLFBBCNNSA-N	ANTIMICROBIAL_UNSPECIFIED	9cef5a9bf75cbfb8712d5e6dab03c79ca97de7a1fa9446a9ffd4cab2d0afdc48	0	0	6	3	0	RECORDED_NAME_QUERIES_TRAVERSED_NOT_PRIMARY_REVIEW	False	0	0	0	0			0	0	0			0		OPEN
CHEBI:51758	azidocillin	data/antibiotics/antibacterial/azidocillin.yaml	ODFHGIPNGIAMDK-NJBDSQKTSA-N	ANTIBACTERIAL	a0ac1f0b1c4b237c3d84857797e514987ed313aad04c3638a51b463ecec06f64	0	0	7	3	0	RECORDED_NAME_QUERIES_TRAVERSED_NOT_PRIMARY_REVIEW	False	0	0	0	0			0	0	0			0		OPEN
CHEBI:51763	cellocidin	data/antibiotics/antibacterial/cellocidin.yaml	JBTGHKUTYAMZEZ-UHFFFAOYSA-N	ANTIBACTERIAL	9e4436a152d36504cb2273bacd17907a33bc8e200936a646a82e914f85ebebe8	0	0	10	4	0	RECORDED_NAME_QUERIES_TRAVERSED_NOT_PRIMARY_REVIEW	False	0	0	0	0			0	0	0			0		OPEN
CHEBI:51770	sultamicillin	data/antibiotics/unspecified/sultamicillin.yaml	OPYGFNJSCUDTBT-PMLPCWDUSA-N	ANTIMICROBIAL_UNSPECIFIED	8a759a420952dd03b69be0c2f1800b2c07991731ee36cf121e92ee248f21c95b	0	0	6	3	0	RECORDED_NAME_QUERIES_TRAVERSED_NOT_PRIMARY_REVIEW	False	0	0	0	0			0	0	0			0		OPEN
CHEBI:51788	faropenem	data/antibiotics/antibacterial/faropenem.yaml	HGGAKXAHAYOLDJ-YZJVMBJSSA-N	ANTIBACTERIAL	5bb9ca72fbb40b588c090329822ea8c56846e061ab9db9bcf32a1448d3c7e62d	1	0	3	2	0	RECORDED_NAME_QUERIES_TRAVERSED_NOT_PRIMARY_REVIEW	False	1	1	0	1			0	0	0			0		OPEN
CHEBI:51790	6β-[(S)-1-hydroxyethyl]-2-[(R)-tetrahydrofuran-2-yl]pen-2-em-3-carboxylic acid	data/antibiotics/unspecified/6β-s-1-hydroxyethyl-2-r-tetrahydrofuran-2-yl-pen-2-em-3-carboxylic-aci.yaml	HGGAKXAHAYOLDJ-ZSJKCOSDSA-N	ANTIMICROBIAL_UNSPECIFIED	1e0cc60cc413229f498ef8179258860e7a0202961bc90ed51a9761549819c07a	0	0	3	2	0	RECORDED_NAME_QUERIES_TRAVERSED_NOT_PRIMARY_REVIEW	False	0	0	0	0			0	0	0			0		OPEN
CHEBI:51791	faropenem(1−)	data/antibiotics/unspecified/faropenem-1.yaml	HGGAKXAHAYOLDJ-YZJVMBJSSA-M	ANTIMICROBIAL_UNSPECIFIED	4c5c2f6af14dda9e461d84ee48204e02f136c8cb45455fc9c7b8a9269377b492	0	0	3	2	0	RECORDED_NAME_QUERIES_TRAVERSED_NOT_PRIMARY_REVIEW	False	0	0	0	0			0	0	0			0		OPEN
CHEBI:51792	6β-[(S)-1-hydroxyethyl]-2-[(R)-tetrahydrofuran-2-yl]pen-2-em-3-carboxylate	data/antibiotics/unspecified/6β-s-1-hydroxyethyl-2-r-tetrahydrofuran-2-yl-pen-2-em-3-carboxylate.yaml	HGGAKXAHAYOLDJ-ZSJKCOSDSA-M	ANTIMICROBIAL_UNSPECIFIED	82d1775a523d6973fa2fce8274f0ec03ed4a58eb30fba182f4267e17ed32bc48	0	0	3	2	0	RECORDED_NAME_QUERIES_TRAVERSED_NOT_PRIMARY_REVIEW	False	0	0	0	0			0	0	0			0		OPEN
CHEBI:51795	6α-[(R)-1-hydroxyethyl]-2-[(R)-tetrahydrofuran-2-yl]pen-2-em-3-carboxylate	data/antibiotics/unspecified/6α-r-1-hydroxyethyl-2-r-tetrahydrofuran-2-yl-pen-2-em-3-carboxylate.yaml	HGGAKXAHAYOLDJ-FHZUQPTBSA-M	ANTIMICROBIAL_UNSPECIFIED	bba5ebfea26554654c1c88591e30ba4ae2ed8ac2b9de581c17b43b372a3dac32	0	0	3	2	0	RECORDED_NAME_QUERIES_TRAVERSED_NOT_PRIMARY_REVIEW	False	0	0	0	0			0	0	0			0		OPEN
CHEBI:51797	6α-[(S)-1-hydroxyethyl]-2-[(R)-tetrahydrofuran-2-yl]pen-2-em-3-carboxylate	data/antibiotics/unspecified/6α-s-1-hydroxyethyl-2-r-tetrahydrofuran-2-yl-pen-2-em-3-carboxylate.yaml	HGGAKXAHAYOLDJ-QMWPFBOUSA-M	ANTIMICROBIAL_UNSPECIFIED	f9b5e94375ce2b131457aadfd1ad802afe110696f3dfaf048cf5fac90a7536ce	0	0	3	2	0	RECORDED_NAME_QUERIES_TRAVERSED_NOT_PRIMARY_REVIEW	False	0	0	0	0			0	0	0			0		OPEN
CHEBI:51799	imipenem hydrate	data/antibiotics/antibacterial/imipenem-hydrate.yaml	GSOSVVULSKVSLQ-JJVRHELESA-N	ANTIBACTERIAL	bcf102425264d03a417b81a59aa45146a1c55d25fbed71c32db0b14478983525	0	0	4	2	1	RECORDED_NAME_QUERIES_TRAVERSED_NOT_PRIMARY_REVIEW	False	0	0	0	0			0	0	0			0		OPEN
CHEBI:51804	imidocarb	data/antibiotics/antiprotozoal/imidocarb.yaml	SCEVFJUWLLRELN-UHFFFAOYSA-N	ANTIPROTOZOAL	e69e5a2b0513cc1b95b204348154acddb64e76642c0c70e2c70ee0a7fad3aac4	0	0	8	3	0	RECORDED_NAME_QUERIES_TRAVERSED_NOT_PRIMARY_REVIEW	False	0	0	0	0			0	0	0			0		OPEN
CHEBI:51805	imidurea	data/antibiotics/unspecified/imidurea.yaml	ZCTXEAQXZGPWFG-UHFFFAOYSA-N	ANTIMICROBIAL_UNSPECIFIED	790196bc8755e3c6401ae776265cc8c7eed51969c830c301a62fd1ca662cd930	0	0	6	3	0	RECORDED_NAME_QUERIES_TRAVERSED_NOT_PRIMARY_REVIEW	False	0	0	0	0			0	0	0			0		OPEN
CHEBI:51817	temocillin	data/antibiotics/antibacterial/temocillin.yaml	BVCKFLJARNKCSS-DWPRYXJFSA-N	ANTIBACTERIAL	6684aa0983249ee64f020a0a08e3fac2afc5ce2ad9dcec968e37030b94f3bd7d	2	0	12	4	0	RECORDED_NAME_QUERIES_TRAVERSED_NOT_PRIMARY_REVIEW	False	2	2	2	0	UniProtKB:P9WKD3|UniProtKB:Q6XEC0	NCBITaxon:573|NCBITaxon:83332	0	0	0			0		OPEN
CHEBI:5195	furazolidone	data/antibiotics/antibacterial/furazolidone.yaml	PLHJDBGFXBMTGZ-UHFFFAOYSA-N	ANTIBACTERIAL	7174199268fa344d7a72b06a86036ac139856acf91004c42c9ff43d1d9e48d8c	0	0	20	6	2	RECORDED_NAME_QUERIES_TRAVERSED_NOT_PRIMARY_REVIEW	False	0	0	0	0			0	0	0			0		OPEN
CHEBI:52015	carindacillin	data/antibiotics/unspecified/carindacillin.yaml	JIRBAUWICKGBFE-MNRDOXJOSA-N	ANTIMICROBIAL_UNSPECIFIED	fa701ba7126ba91294ec4c69ac9f1926258ffc2264457f92ca8ff5668b839efd	0	0	9	3	0	RECORDED_NAME_QUERIES_TRAVERSED_NOT_PRIMARY_REVIEW	False	0	0	0	0			0	0	0			0		OPEN
CHEBI:5202	fustin	data/antibiotics/antiviral/fustin.yaml	FNUPUYFWZXZMIE-UHFFFAOYSA-N	ANTIVIRAL	d9392fb3b10c450ebcc2a8573bca348ad8cb360f3114fca40dc597b6b5b8b9b9	0	0	7	3	0	RECORDED_NAME_QUERIES_TRAVERSED_NOT_PRIMARY_REVIEW	False	0	0	0	0			0	0	0			0		OPEN
CHEBI:52060	metampicillin	data/antibiotics/unspecified/metampicillin.yaml	FZECHKJQHUVANE-MCYUEQNJSA-N	ANTIMICROBIAL_UNSPECIFIED	ef6d3982e49d3c4b803bd5103a4537d719dc193a31955346e61ca5ff9e275d19	0	0	4	2	0	RECORDED_NAME_QUERIES_TRAVERSED_NOT_PRIMARY_REVIEW	False	0	0	0	0			0	0	0			0		OPEN
CHEBI:52086	glyceollin III	data/antibiotics/antifungal/glyceollin-iii.yaml	MIYTVBARXCVVHZ-RYGJVYDSSA-N	ANTIFUNGAL	2d68ccf8bfe27f4a34dcc0c5f575a88fb295ac9425ced237023cf6ba7276fe8a	0	0	2	2	0	RECORDED_NAME_QUERIES_TRAVERSED_NOT_PRIMARY_REVIEW	False	0	0	0	0			0	0	0			0		OPEN
CHEBI:52172	nilotinib	data/antibiotics/antiviral/nilotinib.yaml	HHZIURLSWUIHRB-UHFFFAOYSA-N	ANTIVIRAL	8e6be3277529b049d0a2ff5ba8d1345d404e08ccd3c8413a425da55575c3cf87	0	0	5	2	1	RECORDED_NAME_QUERIES_TRAVERSED_NOT_PRIMARY_REVIEW	False	0	0	0	0			0	0	0			0		OPEN
CHEBI:52250	quinine sulfate	data/antibiotics/antiprotozoal/quinine-sulfate.yaml	RONWGALEIBILOG-VMJVVOMYSA-N	ANTIPROTOZOAL	bb78fd21a579c39ee5530e2889015d18ea9a442cc3fd5412eaeed8a676e145e6	0	0	6	3	0	RECORDED_NAME_QUERIES_TRAVERSED_NOT_PRIMARY_REVIEW	False	0	0	0	0			0	0	0			0		OPEN
CHEBI:52289	wortmannin	data/antibiotics/antiviral/wortmannin.yaml	QDLHCMPXEPAAMD-QAIWCSMKSA-N	ANTIVIRAL	306863dc4a689393513fd9419241a605eebb60657f35a52c597cc4a0847a1a63	0	0	3	2	1	RECORDED_NAME_QUERIES_TRAVERSED_NOT_PRIMARY_REVIEW	False	0	0	0	0			0	0	0			0		OPEN
CHEBI:52304	7-aminoactinomycin D	data/antibiotics/unspecified/7-aminoactinomycin-d.yaml	YXHLJMWYDTXDHS-IRFLANFNSA-N	ANTIMICROBIAL_UNSPECIFIED	a75a7895726800f840556defcf36cf643bc3e6223b783b385a69e2fdeec8c71c	0	0	4	2	0	RECORDED_NAME_QUERIES_TRAVERSED_NOT_PRIMARY_REVIEW	False	0	0	0	0			0	0	0			0		OPEN
CHEBI:52316	cordycepin triphosphate	data/antibiotics/antifungal/cordycepin-triphosphate.yaml	NLIHPCYXRYQPSD-BAJZRUMYSA-N	ANTIFUNGAL	806180b58cfcfa939b66b8af923952b61fdfd12a6985792b66dee9ff8010cebc	0	0	4	2	0	RECORDED_NAME_QUERIES_TRAVERSED_NOT_PRIMARY_REVIEW	False	0	0	0	0			0	0	0			0		OPEN
CHEBI:52427	phenethicillin	data/antibiotics/antibacterial/phenethicillin.yaml	NONJJLVGHLVQQM-JHXYUMNGSA-N	ANTIBACTERIAL	f4cffed33cdec6cab9f581e3f890899ad3955565839e409ec7e1f27038cac5f5	0	0	9	3	0	RECORDED_NAME_QUERIES_TRAVERSED_NOT_PRIMARY_REVIEW	False	0	0	0	0			0	0	0			0		OPEN
CHEBI:52429	propicillin	data/antibiotics/antibacterial/propicillin.yaml	HOCWPKXKMNXINF-XQERAMJGSA-N	ANTIBACTERIAL	825245a261d5f0b3759753c9c75b130c176267ae4c211dc3f71bd965d1f1c7a2	0	0	7	3	0	RECORDED_NAME_QUERIES_TRAVERSED_NOT_PRIMARY_REVIEW	False	0	0	0	0			0	0	0			0		OPEN
CHEBI:52476	sodium phenolate	data/antibiotics/biocide/sodium-phenolate.yaml	NESLWCLHZZISNB-UHFFFAOYSA-M	BIOCIDE	f64a90c2892da6ed38695afd7b5194e0e66cb82b8b48be3ae27f1810c2015e9c	0	0	4	2	0	RECORDED_NAME_QUERIES_TRAVERSED_NOT_PRIMARY_REVIEW	False	0	0	0	0			0	0	0			0		OPEN
CHEBI:52498	zineb	data/antibiotics/antifungal/zineb.yaml	AMHNZOICSMBGDH-UHFFFAOYSA-L	ANTIFUNGAL	c38dc91e68a1ad1aab045ab9dd3435cb3781d3f511efb11fc70b59c4a387f738	0	0	3	2	0	RECORDED_NAME_QUERIES_TRAVERSED_NOT_PRIMARY_REVIEW	False	0	0	0	0			0	0	0			0		OPEN
CHEBI:52511	olivomycin A	data/antibiotics/unspecified/olivomycin-a.yaml	OCOLTXUAPMAMPP-AJVJTBPOSA-N	ANTIMICROBIAL_UNSPECIFIED	04100387d1387d6f829c7ae3100dfd22b2ce69b0e8e288d6366f055b311e0dd2	0	0	3	2	0	RECORDED_NAME_QUERIES_TRAVERSED_NOT_PRIMARY_REVIEW	False	0	0	0	0			0	0	0			0		OPEN
CHEBI:52549	sordarin	data/antibiotics/antifungal/sordarin.yaml	OGGVRVMISBQNMQ-YPBSLCSMSA-N	ANTIFUNGAL	f93e6e2ad964a36c83da7ebcefe1344f04252b7999a6fa4f92d763d3a59f85b7	0	0	4	2	0	RECORDED_NAME_QUERIES_TRAVERSED_NOT_PRIMARY_REVIEW	False	0	0	0	0			0	0	0			0		OPEN
CHEBI:52550	theopalauamide	data/antibiotics/antifungal/theopalauamide.yaml	WYWWBYFHNAICRK-OYJWPUFYSA-N	ANTIFUNGAL	807b4ed1e81692d59823a770dfd947314849184ae1c447abd1d9b22685670a0e	0	0	3	2	0	RECORDED_NAME_QUERIES_TRAVERSED_NOT_PRIMARY_REVIEW	False	0	0	0	0			0	0	0			0		OPEN
CHEBI:52551	stichloroside C1	data/antibiotics/antifungal/stichloroside-c1.yaml	OHVCWYKNFLTBKL-KEHXOTTASA-N	ANTIFUNGAL	1c39398862f4f618a5f201c596d2cf2d0d4600eff27de7b2dede138e32447c8f	0	0	2	2	0	RECORDED_NAME_QUERIES_TRAVERSED_NOT_PRIMARY_REVIEW	False	0	0	0	0			0	0	0			0		OPEN
CHEBI:52611	N'-(2-hydroxybenzoyl)-2,6-dimethoxybenzohydrazide	data/antibiotics/antiviral/n-2-hydroxybenzoyl-2-6-dimethoxybenzohydrazide.yaml	NHBHUPPOSSJZSN-UHFFFAOYSA-N	ANTIVIRAL	ddf93b3fdc56699b24c0a838dc6d235cd1d3f389fc2cd6f3423a914a447295b3	0	0	4	2	0	RECORDED_NAME_QUERIES_TRAVERSED_NOT_PRIMARY_REVIEW	False	0	0	0	0			0	0	0			0		OPEN
CHEBI:5262	galangin	data/antibiotics/unspecified/galangin.yaml	VCCRNZQBSJXYJD-UHFFFAOYSA-N	ANTIMICROBIAL_UNSPECIFIED	9d7226a354a2cb27a695a76427b3df51846eefb6bd3b480301649ec9380c05b0	0	0	8	3	0	RECORDED_NAME_QUERIES_TRAVERSED_NOT_PRIMARY_REVIEW	False	0	0	0	0			0	0	0			0		OPEN
CHEBI:52646	leptomycin B	data/antibiotics/antifungal/leptomycin-b.yaml	YACHGFWEQXFSBS-XYERBDPFSA-N	ANTIFUNGAL	f2224ab839752b03f843e49841d5162eeb01e75c05622c9fbfb4238026d5297d	0	0	8	3	0	RECORDED_NAME_QUERIES_TRAVERSED_NOT_PRIMARY_REVIEW	False	0	0	0	0			0	0	0			0		OPEN
CHEBI:52650	leptomycin A	data/antibiotics/antifungal/leptomycin-a.yaml	QECBVZBMGUAZDL-JSADDXMJSA-N	ANTIFUNGAL	abe55cd72d58f0268630374634d27ce274093972f9b2208fd7413fb1932dccf1	0	0	6	3	0	RECORDED_NAME_QUERIES_TRAVERSED_NOT_PRIMARY_REVIEW	False	0	0	0	0			0	0	0			0		OPEN
CHEBI:52717	bortezomib	data/antibiotics/antiprotozoal/bortezomib.yaml	GXJABQQUPOEUTA-RDJZCZTQSA-N	ANTIPROTOZOAL	a7050b9ee672a8bfb9cbad4189e92c0a29abb44b80bce8186359604eee486791	0	0	7	3	1	RECORDED_NAME_QUERIES_TRAVERSED_NOT_PRIMARY_REVIEW	False	0	0	0	0			0	0	0			0		OPEN
CHEBI:5280	gatifloxacin	data/antibiotics/antibacterial/gatifloxacin.yaml	XUBOMFCQGDBHNK-UHFFFAOYSA-N	ANTIBACTERIAL	e3883d708a297d9271617e256fdbbc2f7d50c5520e9a9995ef553861ddce4c27	22	0	10	4	1	RECORDED_NAME_QUERIES_TRAVERSED_NOT_PRIMARY_REVIEW	False	22	22	0	22			0	0	0			0		OPEN
CHEBI:5283	geissoschizoline	data/antibiotics/antiprotozoal/geissoschizoline.yaml	FAQGZHFLASTWAV-RWANUPMISA-N	ANTIPROTOZOAL	a27253573ce0c9b9b9183cfbfcb84b004fad5176e2813d75077faa7cab07621c	0	0	3	2	0	RECORDED_NAME_QUERIES_TRAVERSED_NOT_PRIMARY_REVIEW	False	0	0	0	0			0	0	0			0		OPEN
CHEBI:5292	geldanamycin	data/antibiotics/antiviral/geldanamycin.yaml	QTQAWLPCGQOSGP-KSRBKZBZSA-N	ANTIVIRAL	80d27d088eb4b732c2abc4b413335b6cd1ed5dba9b644663863e6643aebeedca	0	0	4	2	2	RECORDED_NAME_QUERIES_TRAVERSED_NOT_PRIMARY_REVIEW	False	0	0	0	0			0	0	0			0		OPEN
CHEBI:53273	esperamicin A1	data/antibiotics/unspecified/esperamicin-a1.yaml	LJQQFQHBKUKHIS-KSFFZXMPSA-N	ANTIMICROBIAL_UNSPECIFIED	8728a5fd1b78add0ddf8997a9cff504b5596ecef711bc80e22859ca13937bfe7	0	0	2	2	0	RECORDED_NAME_QUERIES_TRAVERSED_NOT_PRIMARY_REVIEW	False	0	0	0	0			0	0	0			0		OPEN
CHEBI:5353	ginkgetin	data/antibiotics/antiviral/ginkgetin.yaml	AIFCFBUSLAEIBR-UHFFFAOYSA-N	ANTIVIRAL	6a5428080de634a9e2e8ccc77f86540a7e5e93bd9fad186d1682633b279fca53	0	0	7	3	0	RECORDED_NAME_QUERIES_TRAVERSED_NOT_PRIMARY_REVIEW	False	0	0	0	0			0	0	0			0		OPEN
CHEBI:53560	(R)-gatifloxacin	data/antibiotics/unspecified/r-gatifloxacin.yaml	XUBOMFCQGDBHNK-SNVBAGLBSA-N	ANTIMICROBIAL_UNSPECIFIED	ac240a42ee333475d9ca4a9bcd419ce097fbb45e6c955a3d1481cab750dc666d	0	0	2	2	0	RECORDED_NAME_QUERIES_TRAVERSED_NOT_PRIMARY_REVIEW	False	0	0	0	0			0	0	0			0		OPEN
CHEBI:53562	(S)-gatifloxacin	data/antibiotics/unspecified/s-gatifloxacin.yaml	XUBOMFCQGDBHNK-JTQLQIEISA-N	ANTIMICROBIAL_UNSPECIFIED	eee17cf550860e29b74bebfe4f0ee13d096794e7f972e78ea303acdab5078c45	0	0	2	2	0	RECORDED_NAME_QUERIES_TRAVERSED_NOT_PRIMARY_REVIEW	False	0	0	0	0			0	0	0			0		OPEN
CHEBI:53620	methylisothiazolinone	data/antibiotics/antifungal/methylisothiazolinone.yaml	BEGLCMHJXHIJLR-UHFFFAOYSA-N	ANTIFUNGAL	22f26c605b629aa0e84ae28ffa8b71a8f63dab5a207d8ae4b2b303ab5f58f257	0	0	6	3	1	RECORDED_NAME_QUERIES_TRAVERSED_NOT_PRIMARY_REVIEW	False	0	0	0	0			0	0	0			0		OPEN
CHEBI:53621	chloromethylisothiazolinone	data/antibiotics/unspecified/chloromethylisothiazolinone.yaml	DHNRXBZYEKSXIM-UHFFFAOYSA-N	ANTIMICROBIAL_UNSPECIFIED	fa27cc58fb8f2754ab0c20cebd7692b8e56e8d0c57be0f9fe46c781b8159235a	0	0	8	3	1	RECORDED_NAME_QUERIES_TRAVERSED_NOT_PRIMARY_REVIEW	False	0	0	0	0			0	0	0			0		OPEN
CHEBI:53654	O-formylcefamandole	data/antibiotics/antibacterial/o-formylcefamandole.yaml	RRJHESVQVSRQEX-SUYBPPKGSA-N	ANTIBACTERIAL	a368325f66f71b15a7e02fbd2fb4c3bc9e4e1242b1368445c1129bd252968c5f	0	0	3	2	0	RECORDED_NAME_QUERIES_TRAVERSED_NOT_PRIMARY_REVIEW	False	0	0	0	0			0	0	0			0		OPEN
CHEBI:53661	alexidine	data/antibiotics/antibacterial/alexidine.yaml	LFVVNPBBFUSSHL-UHFFFAOYSA-N	ANTIBACTERIAL	7b80fa7268d282722532a962a280c0a4b15ff686a7913cd309e13664ea712e31	0	0	7	3	0	RECORDED_NAME_QUERIES_TRAVERSED_NOT_PRIMARY_REVIEW	False	0	0	0	0			0	0	0			0		OPEN
CHEBI:5369	glabridin	data/antibiotics/antiprotozoal/glabridin.yaml	LBQIJVLKGVZRIW-ZDUSSCGKSA-N	ANTIPROTOZOAL	f6c29f4ef497a5133fe1509bbbf21a3f1ba0deb78a800bab19d46c4901a295a1	0	0	2	2	0	RECORDED_NAME_QUERIES_TRAVERSED_NOT_PRIMARY_REVIEW	False	0	0	0	0			0	0	0			0		OPEN
CHEBI:5371	glaucarubinone	data/antibiotics/antiprotozoal/glaucarubinone.yaml	WRBGCYVAJRRQKP-STDAJNJZSA-N	ANTIPROTOZOAL	a7c0c3dc7f2adf551d5c4a23afe2dac91baf40e64494890e1335b917ff6c0393	0	0	3	2	0	RECORDED_NAME_QUERIES_TRAVERSED_NOT_PRIMARY_REVIEW	False	0	0	0	0			0	0	0			0		OPEN
CHEBI:53727	sulfamethoxydiazine	data/antibiotics/antimycobacterial/sulfamethoxydiazine.yaml	GPTONYMQFTZPKC-UHFFFAOYSA-N	ANTIMYCOBACTERIAL	c8d5c08d5ef82649d284224eae5280018bdba464957b32c9a8ca9ef3c57fc7a5	0	0	20	6	0	RECORDED_NAME_QUERIES_TRAVERSED_NOT_PRIMARY_REVIEW	False	0	0	0	0			0	0	0			0		OPEN
CHEBI:5373	(S)-glaucine	data/antibiotics/antibacterial/s-glaucine.yaml	RUZIUYOSRDWYQF-HNNXBMFYSA-N	ANTIBACTERIAL	fffb601e7f7cab3ec972153ff188433b351c03ef0534e8fd4ecc62a053f00b26	0	0	7	3	0	RECORDED_NAME_QUERIES_TRAVERSED_NOT_PRIMARY_REVIEW	False	0	0	0	0			0	0	0			0		OPEN
CHEBI:53749	gemifloxacin mesylate	data/antibiotics/unspecified/gemifloxacin-mesylate.yaml	JIYMVSQRGZEYAX-CWUUNJJBSA-N	ANTIMICROBIAL_UNSPECIFIED	b8b51af0d4882888ae1f086d167868cde64b3d5d8dd9fc6fcb74dc95f82c31c9	0	0	2	2	0	RECORDED_NAME_QUERIES_TRAVERSED_NOT_PRIMARY_REVIEW	False	0	0	0	0			0	0	0			0		OPEN
CHEBI:53767	chloramine T	data/antibiotics/biocide/chloramine-t.yaml	VDQQXEISLMTGAB-UHFFFAOYSA-N	BIOCIDE	cdea2bc8bdd3bfc760cfc879084341e97e7d995995640c96db9331fcf19c9d4a	0	0	33	9	0	RECORDED_NAME_QUERIES_TRAVERSED_NOT_PRIMARY_REVIEW	False	0	0	0	0			0	0	0			0		OPEN
CHEBI:5385	gliotoxin	data/antibiotics/antifungal/gliotoxin.yaml	FIVPIPIDMRVLAY-RBJBARPLSA-N	ANTIFUNGAL	18290880050a873741d014da1454c5a4236d197dfb7a5a46e89546fe0ae9bdec	0	0	3	2	0	RECORDED_NAME_QUERIES_TRAVERSED_NOT_PRIMARY_REVIEW	False	0	0	0	0			0	0	0			0		OPEN
CHEBI:542606	minquartynoic acid	data/antibiotics/antiprotozoal/minquartynoic-acid.yaml	MTWGWIOCIREVRF-KRWDZBQOSA-N	ANTIPROTOZOAL	5c6e05b8f587d174cb8f2cb8034090cdba88295921f8a697c02df3d0a5a155f8	0	0	6	3	0	RECORDED_NAME_QUERIES_TRAVERSED_NOT_PRIMARY_REVIEW	False	0	0	0	0			0	0	0			0		OPEN
CHEBI:5533	granaticin	data/antibiotics/unspecified/granaticin.yaml	QBQXQYSJPWXZJL-NWVAQQJZSA-N	ANTIMICROBIAL_UNSPECIFIED	ca0c48d8af38b19f785e0d988a462ca82dd2ae93df693ed04b33f9ab0122331b	0	0	8	3	0	RECORDED_NAME_QUERIES_TRAVERSED_NOT_PRIMARY_REVIEW	False	0	0	0	0			0	0	0			0		OPEN
CHEBI:55346	anidulafungin	data/antibiotics/antifungal/anidulafungin.yaml	JHVAMHSQVVQIOT-MFAJLEFUSA-N	ANTIFUNGAL	9316b3899b889427a6a5849c6eef2a2e54f869cd3c9b573655a81037605313ed	21	0	6	3	1	RECORDED_NAME_QUERIES_TRAVERSED_NOT_PRIMARY_REVIEW	True	12	12	0	12			9	9	0	balashov-2006-reference-context|garcia-effron-2008-subject-context		0		OPEN
CHEBI:553473	ceftizoxime	data/antibiotics/antibacterial/ceftizoxime.yaml	NNULBSISHYWZJU-LLKWHZGFSA-N	ANTIBACTERIAL	00b83dde491918e2ad2c41c57d69f08a271328208b46c2bc9a4b9c9177b4ac77	0	0	11	4	0	RECORDED_NAME_QUERIES_TRAVERSED_NOT_PRIMARY_REVIEW	False	0	0	0	0			0	0	0			0		OPEN
CHEBI:5543	Grepafloxacin	data/antibiotics/antibacterial/grepafloxacin.yaml	AIJTTZAVMXIJGM-UHFFFAOYSA-N	ANTIBACTERIAL	20511dc1a7296b36409e28f12b48f73686fe44437bc4bc2ec5683306aa5332fa	20	0	9	3	0	RECORDED_NAME_QUERIES_TRAVERSED_NOT_PRIMARY_REVIEW	False	20	20	0	20			0	0	0			0		OPEN
CHEBI:554446	cephapirin	data/antibiotics/antibacterial/cephapirin.yaml	UQLLWWBDSUHNEB-CZUORRHYSA-N	ANTIBACTERIAL	69d83436efcdb8143754921963e98efe87e8a130a580ccd16e6e5470817c0b83	0	0	12	4	1	RECORDED_NAME_QUERIES_TRAVERSED_NOT_PRIMARY_REVIEW	False	0	0	0	0			0	0	0			0		OPEN
CHEBI:55482	4-(2-nitrobutyl)morpholine	data/antibiotics/unspecified/4-2-nitrobutyl-morpholine.yaml	GQHVWDKJTDUZRP-UHFFFAOYSA-N	ANTIMICROBIAL_UNSPECIFIED	bdde93733dcc9e8284948afef13449da16a6d716b8690d3115ad22934dcab345	0	0	3	2	0	RECORDED_NAME_QUERIES_TRAVERSED_NOT_PRIMARY_REVIEW	False	0	0	0	0			0	0	0			0		OPEN
CHEBI:55486	carumonam	data/antibiotics/antibacterial/carumonam.yaml	UIMOJFJSJSIGLV-JNHMLNOCSA-N	ANTIBACTERIAL	018713dc2a5a67936cd209b77a46e1d068f1f1825feccef20739199241f92619	0	0	3	2	0	RECORDED_NAME_QUERIES_TRAVERSED_NOT_PRIMARY_REVIEW	False	0	0	0	0			0	0	0			0		OPEN
CHEBI:55488	cefuzonam	data/antibiotics/antibacterial/cefuzonam.yaml	CXHKZHZLDMQGFF-ZSDSSEDPSA-N	ANTIBACTERIAL	9711dddc12b360a10c08151a906767590bc96b4e9d8cf6055d09b40d60937479	0	0	5	2	0	RECORDED_NAME_QUERIES_TRAVERSED_NOT_PRIMARY_REVIEW	False	0	0	0	0			0	0	0			0		OPEN
CHEBI:55490	cefmenoxime	data/antibiotics/antibacterial/cefmenoxime.yaml	HJJDBAOLQAWBMH-YCRCPZNHSA-N	ANTIBACTERIAL	072f3d93eb496531b7a284ba0ddb506ef7ec4d635d640f7e4713fb0ecd016662	0	0	8	3	0	RECORDED_NAME_QUERIES_TRAVERSED_NOT_PRIMARY_REVIEW	False	0	0	0	0			0	0	0			0		OPEN
CHEBI:55548	sulfamoxole	data/antibiotics/unspecified/sulfamoxole.yaml	CYFLXLSBHQBMFT-UHFFFAOYSA-N	ANTIMICROBIAL_UNSPECIFIED	f34871da5e83d3c353269b6606f9be8bf36b5417c5dc9291e8c393596e13a818	0	0	14	5	0	RECORDED_NAME_QUERIES_TRAVERSED_NOT_PRIMARY_REVIEW	False	0	0	0	0			0	0	0			0		OPEN
CHEBI:556075	radicicol	data/antibiotics/antifungal/radicicol.yaml	WYZWZEOGROVVHK-GTMNPGAYSA-N	ANTIFUNGAL	d5838a617a62b6963863d2281aa38f9089da02f1c379181f85954710fb02b2ff	0	0	4	2	0	RECORDED_NAME_QUERIES_TRAVERSED_NOT_PRIMARY_REVIEW	False	0	0	0	0			0	0	0			0		OPEN
CHEBI:556580	fenticlor	data/antibiotics/antifungal/fenticlor.yaml	ANUSOIHIIPAHJV-UHFFFAOYSA-N	ANTIFUNGAL	27237036ca06b86e70a77a650caa203e1aac87f9f3f4fb21c45d52d563ba43da	0	0	14	5	0	RECORDED_NAME_QUERIES_TRAVERSED_NOT_PRIMARY_REVIEW	False	0	0	0	0			0	0	0			0		OPEN
CHEBI:5569	iminoctadine	data/antibiotics/antifungal/iminoctadine.yaml	RONFGUROBZGJKP-UHFFFAOYSA-N	ANTIFUNGAL	33573072570665250a590e3a387f3e272085c691c2c91936d637a7920d0d21bf	0	0	3	2	0	RECORDED_NAME_QUERIES_TRAVERSED_NOT_PRIMARY_REVIEW	False	0	0	0	0			0	0	0			0		OPEN
CHEBI:560555	cefditoren pivoxil	data/antibiotics/antibacterial/cefditoren-pivoxil.yaml	AFZFFLVORLEPPO-UVYJNCLZSA-N	ANTIBACTERIAL	762dce34ed5d77e82dafc0506a5f1dd52aff827de843ec1a479b0261d8ab50b6	0	0	6	3	0	RECORDED_NAME_QUERIES_TRAVERSED_NOT_PRIMARY_REVIEW	False	0	0	0	0			0	0	0			0		OPEN
CHEBI:5623	harman	data/antibiotics/antiviral/harman.yaml	PSFDQSOCUJVVGF-UHFFFAOYSA-N	ANTIVIRAL	e1a0f5b8342062146f67f7366169dba3285fc165f0d4c5981fd7fda44fcb5e65	0	0	15	5	0	RECORDED_NAME_QUERIES_TRAVERSED_NOT_PRIMARY_REVIEW	False	0	0	0	0			0	0	0			0		OPEN
CHEBI:5659	hentriacontane	data/antibiotics/antimycobacterial/hentriacontane.yaml	IUJAMGNYPWYUPM-UHFFFAOYSA-N	ANTIMYCOBACTERIAL	43b05543c21946d49b36bba00d3f35f19a0b6050a0d178f091bd5cf711b7eab2	0	0	5	2	0	RECORDED_NAME_QUERIES_TRAVERSED_NOT_PRIMARY_REVIEW	False	0	0	0	0			0	0	0			0		OPEN
CHEBI:5674	herbimycin	data/antibiotics/unspecified/herbimycin.yaml	MCAHMSDENAOJFZ-BVXDHVRPSA-N	ANTIMICROBIAL_UNSPECIFIED	e7b94943118ce8e55178ad0c31a193523e1ab3146aaac380e4ff082329b40a39	0	0	4	2	0	RECORDED_NAME_QUERIES_TRAVERSED_NOT_PRIMARY_REVIEW	False	0	0	0	0			0	0	0			0		OPEN
CHEBI:5683	hetacillin	data/antibiotics/antibacterial/hetacillin.yaml	DXVUYOAEDJXBPY-NFFDBFGFSA-N	ANTIBACTERIAL	94430434cc4d3910e77053c8282d40bf1e52474d8078f46a0c99038cd509865d	0	0	8	3	0	RECORDED_NAME_QUERIES_TRAVERSED_NOT_PRIMARY_REVIEW	False	0	0	0	0			0	0	0			0		OPEN
CHEBI:5692	hexachlorobenzene	data/antibiotics/antifungal/hexachlorobenzene.yaml	CKAPSXZOOQJIBF-UHFFFAOYSA-N	ANTIFUNGAL	0d52c908520f2568d28eda9644c8e3d4e231e3dcfe5f43af6bcf2bed7e248da6	0	0	7	3	0	RECORDED_NAME_QUERIES_TRAVERSED_NOT_PRIMARY_REVIEW	False	0	0	0	0			0	0	0			0		OPEN
CHEBI:5693	hexachlorophene	data/antibiotics/antibacterial/hexachlorophene.yaml	ACGUYXCXAPNIKK-UHFFFAOYSA-N	ANTIBACTERIAL	4c3b1db8eb6cb1d30826bdb8ea9bb72f2bc6210b85752641601cdecf48d20bd4	0	0	40	11	0	RECORDED_NAME_QUERIES_TRAVERSED_NOT_PRIMARY_REVIEW	False	0	0	0	0			0	0	0			0		OPEN
CHEBI:569624	papulacandin B	data/antibiotics/antifungal/papulacandin-b.yaml	UJLFRJFJTPPIOK-RZGJRGQUSA-N	ANTIFUNGAL	7c22a84a3ed7d336a105781830aabb303401e145387906577d3f3927d572bd7f	2	0	3	2	0	RECORDED_NAME_QUERIES_TRAVERSED_NOT_PRIMARY_REVIEW	True	0	0	0	0			0	0	0			0		OPEN
CHEBI:5722	hinokinin	data/antibiotics/antiprotozoal/hinokinin.yaml	DDWGQGZPYDSYEL-LSDHHAIUSA-N	ANTIPROTOZOAL	34be52a9aae2fa0d7f686a2b0c6262c03f76b859e58d13553e9ff1592c63536b	0	0	5	2	0	RECORDED_NAME_QUERIES_TRAVERSED_NOT_PRIMARY_REVIEW	False	0	0	0	0			0	0	0			0		OPEN
CHEBI:57289	blasticidin S(1+)	data/antibiotics/antifungal/blasticidin-s-1.yaml	CXNPLSGKWMLZPZ-ZNIXKSQXSA-O	ANTIFUNGAL	a862fcf8039323dcaf4a77dc0e716303a051a27d38af2040a6b955c796e898ce	0	0	3	2	0	RECORDED_NAME_QUERIES_TRAVERSED_NOT_PRIMARY_REVIEW	False	0	0	0	0			0	0	0			0		OPEN
CHEBI:575568	atovaquone	data/antibiotics/antifungal/atovaquone.yaml	KUCQYCKVKVOKAY-CTYIDZIISA-N	ANTIFUNGAL	3c4df8f2791e8c7ce755fc977d7368f4de77129d3ca8e14fcd9b7ca378263baa	1	0	6	3	1	RECORDED_NAME_QUERIES_TRAVERSED_NOT_PRIMARY_REVIEW	False	1	1	0	1			0	0	0			0		OPEN
CHEBI:5769	humulone	data/antibiotics/antibacterial/humulone.yaml	VMSLCPKYRPDHLN-OAQYLSRUSA-N	ANTIBACTERIAL	8243a9222eba731951b9bb0dfb206cd0bb66b717fb97fb969a4a7d9ca5bf99a7	0	0	6	3	0	RECORDED_NAME_QUERIES_TRAVERSED_NOT_PRIMARY_REVIEW	False	0	0	0	0			0	0	0			0		OPEN
CHEBI:5801	hydroxychloroquine	data/antibiotics/antiprotozoal/hydroxychloroquine.yaml	XXSMGPRMXLTPCZ-UHFFFAOYSA-N	ANTIPROTOZOAL	86a375fb7ea970febba97881c620932692cc6ff2236b78c93b550222864bbb40	0	0	15	5	2	RECORDED_NAME_QUERIES_TRAVERSED_NOT_PRIMARY_REVIEW	False	0	0	0	0			0	0	0			0		OPEN
CHEBI:5818	hydroxyzine	data/antibiotics/antiviral/hydroxyzine.yaml	ZQDWXGKKHFNSQK-UHFFFAOYSA-N	ANTIVIRAL	ac3c8d6c5c928c32572b480d3983d12f6f9b1ab7d089086f027dc718c8dc12fb	0	0	11	4	0	RECORDED_NAME_QUERIES_TRAVERSED_NOT_PRIMARY_REVIEW	False	0	0	0	0			0	0	0			0		OPEN
CHEBI:582124	myriocin	data/antibiotics/antifungal/myriocin.yaml	ZZIKIHCNFWXKDY-GNTQXERDSA-N	ANTIFUNGAL	b9b468983efe2d35de340c675cbb59525a5dcf6a80e0585cd2a3f33468f256c0	0	0	9	3	0	RECORDED_NAME_QUERIES_TRAVERSED_NOT_PRIMARY_REVIEW	False	0	0	0	0			0	0	0			0		OPEN
CHEBI:5827	hymexazol	data/antibiotics/antifungal/hymexazol.yaml	KGVPNLBXJKTABS-UHFFFAOYSA-N	ANTIFUNGAL	8332cf1f5124f080ad06a9b60d3a305df4bc94c9873cbbbae60aeb90195f0423	0	0	12	4	0	RECORDED_NAME_QUERIES_TRAVERSED_NOT_PRIMARY_REVIEW	False	0	0	0	0			0	0	0			0		OPEN
CHEBI:5834	hyperforin	data/antibiotics/antibacterial/hyperforin.yaml	IWBJJCOKGLUQIZ-HQKKAZOISA-N	ANTIBACTERIAL	665909ebe862219ffa629c44ab3c79d031251696993d20f72060ca8ca9c3ac61	0	0	6	3	0	RECORDED_NAME_QUERIES_TRAVERSED_NOT_PRIMARY_REVIEW	False	0	0	0	0			0	0	0			0		OPEN
CHEBI:58974	epicillin	data/antibiotics/antibacterial/epicillin.yaml	RPBAFSBGYDKNRG-NJBDSQKTSA-N	ANTIBACTERIAL	dc31dd3afde0a529c157af4e2835b6fb24c7711dce2ce3ea9ed64d581ab123ef	0	0	8	3	0	RECORDED_NAME_QUERIES_TRAVERSED_NOT_PRIMARY_REVIEW	False	0	0	0	0			0	0	0			0		OPEN
CHEBI:58998	carbapenem MM22383	data/antibiotics/antibacterial/carbapenem-mm22383.yaml	PRPNUZWHFGSGRV-RZFSBTTISA-N	ANTIBACTERIAL	3c0b85acfcb1a1443e9f529cad99e63b77d48c3da6d8c7585ade8fe101ae217f	0	0	4	2	0	RECORDED_NAME_QUERIES_TRAVERSED_NOT_PRIMARY_REVIEW	False	0	0	0	0			0	0	0			0		OPEN
CHEBI:59004	6-formamidopenicillanic acid	data/antibiotics/unspecified/6-formamidopenicillanic-acid.yaml	MDQGTDMBVJCTBN-JCGDXUMPSA-N	ANTIMICROBIAL_UNSPECIFIED	fdd0ca1fb93c4d711bcc92a110a89b3bdc0c2114a7f33ebd013b25675dffc961	0	0	4	2	0	RECORDED_NAME_QUERIES_TRAVERSED_NOT_PRIMARY_REVIEW	False	0	0	0	0			0	0	0			0		OPEN
CHEBI:59008	piroctone olamine	data/antibiotics/antifungal/piroctone-olamine.yaml	GHPFVSRTGHIHCD-UHFFFAOYSA-O	ANTIFUNGAL	7a250df0aff30c60c03c8ae7b8adec6bf1705cd9eadeccf285e9509f5170a9f0	0	0	4	2	0	RECORDED_NAME_QUERIES_TRAVERSED_NOT_PRIMARY_REVIEW	False	0	0	0	0			0	0	0			0		OPEN
CHEBI:59009	piroctone	data/antibiotics/antifungal/piroctone.yaml	OIQJEQLSYJSNDS-UHFFFAOYSA-N	ANTIFUNGAL	4f080cbabda6fee5a001099fb904678639d6c3e7b4dc8e3d3ec9a994a19ca7b2	0	0	5	2	0	RECORDED_NAME_QUERIES_TRAVERSED_NOT_PRIMARY_REVIEW	False	0	0	0	0			0	0	0			0		OPEN
CHEBI:59040	lymecycline	data/antibiotics/antibacterial/lymecycline.yaml	AHEVKYYGXVEWNO-UEPZRUIBSA-N	ANTIBACTERIAL	3384cec77a4317ee8b8f00995515aba3480594e4076b150672f0572849412d93	0	0	10	4	0	RECORDED_NAME_QUERIES_TRAVERSED_NOT_PRIMARY_REVIEW	False	0	0	0	0			0	0	0			0		OPEN
CHEBI:59057	sulfachloropyridazine	data/antibiotics/antibacterial/sulfachloropyridazine.yaml	XOXHILFPRYWFOD-UHFFFAOYSA-N	ANTIBACTERIAL	3dfa6ede08d2d7582dc85c4742c82cb2ed48e92846b3c7ab7e3b4390d55c3324	0	0	9	3	0	RECORDED_NAME_QUERIES_TRAVERSED_NOT_PRIMARY_REVIEW	False	0	0	0	0			0	0	0			0		OPEN
CHEBI:59063	polymyxin B2	data/antibiotics/antibacterial/polymyxin-b2.yaml	SGPYLFWAQBAXCZ-RUDZPDEXSA-N	ANTIBACTERIAL	ad051f1e93e0e221baef06440028d74460989e6f823a734a15f61eea9aa7e2ea	12	0	3	2	1	RECORDED_NAME_QUERIES_TRAVERSED_NOT_PRIMARY_REVIEW	False	12	12	7	5	UniProtKB:B2RI48|UniProtKB:P30845|UniProtKB:P76373|UniProtKB:Q0ZAZ3|UniProtKB:Q3YZV2|UniProtKB:Q9HY63|UniProtKB:W8V0F6	NCBITaxon:1420013|NCBITaxon:208964|NCBITaxon:300269|NCBITaxon:431947|NCBITaxon:727|NCBITaxon:83333	0	0	0			0		OPEN
CHEBI:59064	colistin A	data/antibiotics/antibacterial/colistin-a.yaml	XDJYMJULXQKGMM-RVYUQJQSSA-N	ANTIBACTERIAL	185868296f91137f4154d34980a5e7d2dc54b48cfc6b00fe33b1f682ab975ec2	123	0	7	3	2	RECORDED_NAME_QUERIES_TRAVERSED_NOT_PRIMARY_REVIEW	False	123	123	77	46	UniProtKB:A0A0R6L508|UniProtKB:A0A1C3NEV1|UniProtKB:A0A1L5IUP7|UniProtKB:A0A1L5J0P0|UniProtKB:A0A1P8ALJ1|UniProtKB:A0A1Q0Y7N1|UniProtKB:A0A1S5WIF6|UniProtKB:A0A1T0CMP3|UniProtKB:A0A1U9WYR3|UniProtKB:A0A218N6R2|UniProtKB:A0A220QJ88|UniProtKB:A0A220SXE7|UniProtKB:A0A220T316|UniProtKB:A0A220T317|UniProtKB:A0A222YQC1|UniProtKB:A0A223HCK8|UniProtKB:A0A223HCL6|UniProtKB:A0A223HCL9|UniProtKB:A0A223LLJ7|UniProtKB:A0A223LYM0|UniProtKB:A0A2C9PIR5|UniProtKB:A0A2D0WKG7|UniProtKB:A0A2D2CLF7|UniProtKB:A0A2I7QFI7|UniProtKB:A0A2P1E8M5|UniProtKB:A0A2P1E8M6|UniProtKB:A0A2P1E8M8|UniProtKB:A0A2P1GIS1|UniProtKB:A0A2P1GIX7|UniProtKB:A0A2R4SEK3|UniProtKB:A0A2S1PIQ0|UniProtKB:A0A2T2XVU1|UniProtKB:A0A2U3QMI1|UniProtKB:A0A2U7N1R5|UniProtKB:A0A2U8QNQ8|UniProtKB:A0A2U8QNR0|UniProtKB:A0A2U8QNR1|UniProtKB:A0A2U8QNR4|UniProtKB:A0A2U8QNR5|UniProtKB:A0A2U8QP17|UniProtKB:A0A2Z4C173|UniProtKB:A0A2Z5V8V3|UniProtKB:A0A345DIU0|UniProtKB:A0A345T8M0|UniProtKB:A0A346AHP4|UniProtKB:A0A346D4M6|UniProtKB:A0A346NSW7|UniProtKB:A0A3T0VFV8|UniProtKB:A0A411JIA0|UniProtKB:A0A411KB65|UniProtKB:A0A411PZG7|UniProtKB:A0A411PZG9|UniProtKB:A0A4P9D735|UniProtKB:A0A4P9I9F5|UniProtKB:A0A4Y1NLF0|UniProtKB:A0A4Y1NLV5|UniProtKB:A0A516EYX3|UniProtKB:A0A5K6TI91|UniProtKB:A0A5P9LNK0|UniProtKB:A0A5S9GFD5|UniProtKB:A0A6B9PPR3|UniProtKB:A0A6D1NXG9|UniProtKB:A0A6D1NZU5|UniProtKB:A0A7D6LH10|UniProtKB:A0A7D6LJP8|UniProtKB:A0A7G4UBT5|UniProtKB:A0A7G4UBT7|UniProtKB:A0A7G4UBT8|UniProtKB:A0A7G4XQD6|UniProtKB:A0A7G7NAL9|UniProtKB:A0A7G7NAM0|UniProtKB:A0A849B8H7|UniProtKB:A0A8F5JTV0|UniProtKB:A0A9Q8L3C1|UniProtKB:A0AAE7DR41|UniProtKB:D0CAM8	NCBITaxon:1461749|NCBITaxon:1755691|NCBITaxon:1935432|NCBITaxon:1935434|NCBITaxon:2774054|NCBITaxon:28901|NCBITaxon:358771|NCBITaxon:440079|NCBITaxon:470|NCBITaxon:470453|NCBITaxon:54291|NCBITaxon:562|NCBITaxon:573|NCBITaxon:575584|NCBITaxon:59201|NCBITaxon:599|NCBITaxon:644|NCBITaxon:645|NCBITaxon:648|NCBITaxon:650|NCBITaxon:651|NCBITaxon:654|NCBITaxon:656|NCBITaxon:72407|NCBITaxon:82541|NCBITaxon:90371	0	0	0			0		OPEN
CHEBI:59177	bromazine	data/antibiotics/unspecified/bromazine.yaml	NUNIWXHYABYXKF-UHFFFAOYSA-N	ANTIMICROBIAL_UNSPECIFIED	5b0657c9faf87cc2cf4d2d7405d28bcdcd40f2506a7db055e4a552f9dea70f0b	0	0	8	3	0	RECORDED_NAME_QUERIES_TRAVERSED_NOT_PRIMARY_REVIEW	False	0	0	0	0			0	0	0			0		OPEN
CHEBI:59178	bromazine hydrochloride	data/antibiotics/unspecified/bromazine-hydrochloride.yaml	ZQDJSWUEGOYDGT-UHFFFAOYSA-N	ANTIMICROBIAL_UNSPECIFIED	0773b4180aa764bdaa0c1b805483fc75a47cd6cefe6186d3dc7e8f170f648674	0	0	9	3	0	RECORDED_NAME_QUERIES_TRAVERSED_NOT_PRIMARY_REVIEW	False	0	0	0	0			0	0	0			0		OPEN
CHEBI:59213	cefpiramide	data/antibiotics/antibacterial/cefpiramide.yaml	PWAUCHMQEXVFJR-PMAPCBKXSA-N	ANTIBACTERIAL	805f738eb84ae4ca52ea189c4629545e1b08aa5962b955262dad83fb009371db	0	0	5	2	0	RECORDED_NAME_QUERIES_TRAVERSED_NOT_PRIMARY_REVIEW	False	0	0	0	0			0	0	0			0		OPEN
CHEBI:59287	(R)-butaconazole	data/antibiotics/antifungal/r-butaconazole.yaml	SWLMUYACZKCSHZ-MRXNPFEDSA-N	ANTIFUNGAL	4b6c16ecf167af8b251121609773193ad4e98b9fa1d6ec452c4748d2535d62f1	0	0	2	2	0	RECORDED_NAME_QUERIES_TRAVERSED_NOT_PRIMARY_REVIEW	False	0	0	0	0			0	0	0			0		OPEN
CHEBI:59288	(S)-butoconazole	data/antibiotics/antifungal/s-butoconazole.yaml	SWLMUYACZKCSHZ-INIZCTEOSA-N	ANTIFUNGAL	24da2bf9bbbc863d0880646d51fe0fdc35ee760c6cbca5bc9ce8951346c71fa6	0	0	2	2	0	RECORDED_NAME_QUERIES_TRAVERSED_NOT_PRIMARY_REVIEW	False	0	0	0	0			0	0	0			0		OPEN
CHEBI:59289	(R)-butoconazole nitrate	data/antibiotics/antifungal/r-butoconazole-nitrate.yaml	ZHPWRQIPPNZNML-PKLMIRHRSA-N	ANTIFUNGAL	1d880cf57b4360d5fb63ae55a9f293e360db2f28f0d2e76c400be5a566921461	0	0	2	2	0	RECORDED_NAME_QUERIES_TRAVERSED_NOT_PRIMARY_REVIEW	False	0	0	0	0			0	0	0			0		OPEN
CHEBI:59290	(S)-butoconazole nitrate	data/antibiotics/antifungal/s-butoconazole-nitrate.yaml	ZHPWRQIPPNZNML-NTISSMGPSA-N	ANTIFUNGAL	e2df63fea2a2460f98b6b3bf208be60cd96d6852a789e0313a343fe9dae2048a	0	0	2	2	0	RECORDED_NAME_QUERIES_TRAVERSED_NOT_PRIMARY_REVIEW	False	0	0	0	0			0	0	0			0		OPEN
CHEBI:59301	(R)-bromazine	data/antibiotics/unspecified/r-bromazine.yaml	NUNIWXHYABYXKF-QGZVFWFLSA-N	ANTIMICROBIAL_UNSPECIFIED	d55a4c430c7ce627cb1087950484cfd3afeb239e0dae68e3910c045a66819880	0	0	6	3	0	RECORDED_NAME_QUERIES_TRAVERSED_NOT_PRIMARY_REVIEW	False	0	0	0	0			0	0	0			0		OPEN
CHEBI:59302	(S)-bromazine	data/antibiotics/unspecified/s-bromazine.yaml	NUNIWXHYABYXKF-KRWDZBQOSA-N	ANTIMICROBIAL_UNSPECIFIED	c3b73b177982bedb2353407764f33861b080950970c9bfccd428f2f269dbd6ce	0	0	6	3	0	RECORDED_NAME_QUERIES_TRAVERSED_NOT_PRIMARY_REVIEW	False	0	0	0	0			0	0	0			0		OPEN
CHEBI:59304	(R)-bromazine hydrochloride	data/antibiotics/unspecified/r-bromazine-hydrochloride.yaml	ZQDJSWUEGOYDGT-UNTBIKODSA-N	ANTIMICROBIAL_UNSPECIFIED	9d69566e5bdc92555df1ba61c1139dd28dc2086ad87f13f7811e359ca2bf7edd	0	0	7	3	0	RECORDED_NAME_QUERIES_TRAVERSED_NOT_PRIMARY_REVIEW	False	0	0	0	0			0	0	0			0		OPEN
CHEBI:59305	(S)-bromazine hydrochloride	data/antibiotics/unspecified/s-bromazine-hydrochloride.yaml	ZQDJSWUEGOYDGT-LMOVPXPDSA-N	ANTIMICROBIAL_UNSPECIFIED	ec6e649d3d1a2d7a5b68eb919068f22479d1f859d3c30af87a67e3b9146e8d41	0	0	7	3	0	RECORDED_NAME_QUERIES_TRAVERSED_NOT_PRIMARY_REVIEW	False	0	0	0	0			0	0	0			0		OPEN
CHEBI:59343	cefditoren	data/antibiotics/antibacterial/cefditoren.yaml	KMIPKYQIOVAHOP-YLGJWRNMSA-N	ANTIBACTERIAL	a37758eb9fbffbf1ca9f48ba78bfcddddcff8ce1302a6a0ffa9b29d7c9f38a0d	1	0	4	2	0	RECORDED_NAME_QUERIES_TRAVERSED_NOT_PRIMARY_REVIEW	False	1	1	0	1			0	0	0			0		OPEN
CHEBI:59349	cefepime(1+)	data/antibiotics/unspecified/cefepime-1.yaml	HVFLCNVBZFFHBT-ZKDACBOMSA-O	ANTIMICROBIAL_UNSPECIFIED	2942c22762cec33ea3c3bd7030261cd448b6b54a1c8a0ef9866bcc448ce85d63	0	0	4	2	0	RECORDED_NAME_QUERIES_TRAVERSED_NOT_PRIMARY_REVIEW	False	0	0	0	0			0	0	0			0		OPEN
CHEBI:59477	chloroxine	data/antibiotics/antibacterial/chloroxine.yaml	WDFKMLRRRCGAKS-UHFFFAOYSA-N	ANTIBACTERIAL	2256d6b8b5c527120d92986e7490ab443b39000540dacf4496a4728af56f2df7	0	0	9	3	0	RECORDED_NAME_QUERIES_TRAVERSED_NOT_PRIMARY_REVIEW	False	0	0	0	0			0	0	0			0		OPEN
CHEBI:59479	(R)-chlorphenesin	data/antibiotics/antibacterial/r-chlorphenesin.yaml	MXOAEAUPQDYUQM-MRVPVSSYSA-N	ANTIBACTERIAL	2e0546082c62a9870eb9bde1153dfd5e11b043c98bba449d490786eccc57ee6d	0	0	7	3	0	RECORDED_NAME_QUERIES_TRAVERSED_NOT_PRIMARY_REVIEW	False	0	0	0	0			0	0	0			0		OPEN
CHEBI:59480	(S)-chlorphenesin	data/antibiotics/antibacterial/s-chlorphenesin.yaml	MXOAEAUPQDYUQM-QMMMGPOBSA-N	ANTIBACTERIAL	df222abb479cc8755ca38434898f14c151d11b769fa455166bb502990d920b8f	0	0	11	4	0	RECORDED_NAME_QUERIES_TRAVERSED_NOT_PRIMARY_REVIEW	False	0	0	0	0			0	0	0			0		OPEN
CHEBI:59495	cidofovir dihydrate	data/antibiotics/antiviral/cidofovir-dihydrate.yaml	FPKARFMSZDBYQF-ILKKLZGPSA-N	ANTIVIRAL	ad3d6a0b06a4e2aaa9323e8046a402ef6698eb37ca57857931ef4a98417b6e54	0	0	7	3	1	RECORDED_NAME_QUERIES_TRAVERSED_NOT_PRIMARY_REVIEW	False	0	0	0	0			0	0	0			0		OPEN
CHEBI:5950	iodoquinol	data/antibiotics/antibacterial/iodoquinol.yaml	UXZFQZANDVDGMM-UHFFFAOYSA-N	ANTIBACTERIAL	76050340cc005efff8489268f3cbfdfe8b6b615bf1db1c8728800b20e59122e6	0	0	36	10	0	RECORDED_NAME_QUERIES_TRAVERSED_NOT_PRIMARY_REVIEW	False	0	0	0	0			0	0	0			0		OPEN
CHEBI:59589	clomocycline	data/antibiotics/antibacterial/clomocycline.yaml	GJGDLRSSCNAKGL-KMVLDZISSA-N	ANTIBACTERIAL	93c889f23cbf8f5252141134c3e046604aa38b9169fbc8862188172ba2eef9fd	0	0	5	2	0	RECORDED_NAME_QUERIES_TRAVERSED_NOT_PRIMARY_REVIEW	False	0	0	0	0			0	0	0			0		OPEN
CHEBI:59607	quaternium-15	data/antibiotics/antibacterial/quaternium-15.yaml	UKHVLWKBNNSRRR-UHFFFAOYSA-M	ANTIBACTERIAL	3a486ad581db6f6349690f84b211e4ae4507282e31aaec5c75906459e3cb617c	0	0	9	3	0	RECORDED_NAME_QUERIES_TRAVERSED_NOT_PRIMARY_REVIEW	False	0	0	0	0			0	0	0			0		OPEN
CHEBI:59649	amorolfine hydrochloride	data/antibiotics/antifungal/amorolfine-hydrochloride.yaml	XZKWIPVTHGWDCF-KUZYQSSXSA-N	ANTIFUNGAL	f94098d8cd2247346cf7d36959d980702dedd4edf9ddddadbf80685e428e734a	0	0	3	2	0	RECORDED_NAME_QUERIES_TRAVERSED_NOT_PRIMARY_REVIEW	False	0	0	0	0			0	0	0			0		OPEN
CHEBI:59663	colistin A sodium methanesulfonate	data/antibiotics/antibacterial/colistin-a-sodium-methanesulfonate.yaml	IQWHCHZFYPIVRV-VLLYEMIKSA-I	ANTIBACTERIAL	c328352513cc15ebb29b7cf87b7498b73487621393c94ef09fd7de6ec47c9977	0	0	5	2	0	RECORDED_NAME_QUERIES_TRAVERSED_NOT_PRIMARY_REVIEW	False	0	0	0	0			0	0	0			0		OPEN
CHEBI:59664	colistin B sodium methanesulfonate	data/antibiotics/antibacterial/colistin-b-sodium-methanesulfonate.yaml	WZLRYLCDDODFHL-WSNMVEPOSA-I	ANTIBACTERIAL	cb19d7261df2f7ec514771da3db8a04e56d27102da605850bd1a3a2a4839e563	0	0	5	2	0	RECORDED_NAME_QUERIES_TRAVERSED_NOT_PRIMARY_REVIEW	False	0	0	0	0			0	0	0			0		OPEN
CHEBI:59669	colistimethate A	data/antibiotics/antibacterial/colistimethate-a.yaml	BSSIRFLGSWHWDE-NHYGBIDUSA-N	ANTIBACTERIAL	29eaf91be31a379a919f9f2374a6ab616d9836adf6ae1c12710646c38ed6bcdd	0	0	2	2	0	RECORDED_NAME_QUERIES_TRAVERSED_NOT_PRIMARY_REVIEW	False	0	0	0	0			0	0	0			0		OPEN
CHEBI:59671	colistimethate B	data/antibiotics/antibacterial/colistimethate-b.yaml	DFSJNVZGJOIDRT-BJISPZADSA-N	ANTIBACTERIAL	e0f66c739470bf091b939d3a0d9ffe35d062308757607adc79d5b23010b3486f	0	0	2	2	0	RECORDED_NAME_QUERIES_TRAVERSED_NOT_PRIMARY_REVIEW	False	0	0	0	0			0	0	0			0		OPEN
CHEBI:59673	colistin B	data/antibiotics/antibacterial/colistin-b.yaml	KNIWPHSUTGNZST-SSWRVQTPSA-N	ANTIBACTERIAL	0c6a2a63eb0235476c340f5fd8f5f0774125f4fc179fb7d24eb9ba3939945b91	123	0	3	2	0	RECORDED_NAME_QUERIES_TRAVERSED_NOT_PRIMARY_REVIEW	False	123	123	77	46	UniProtKB:A0A0R6L508|UniProtKB:A0A1C3NEV1|UniProtKB:A0A1L5IUP7|UniProtKB:A0A1L5J0P0|UniProtKB:A0A1P8ALJ1|UniProtKB:A0A1Q0Y7N1|UniProtKB:A0A1S5WIF6|UniProtKB:A0A1T0CMP3|UniProtKB:A0A1U9WYR3|UniProtKB:A0A218N6R2|UniProtKB:A0A220QJ88|UniProtKB:A0A220SXE7|UniProtKB:A0A220T316|UniProtKB:A0A220T317|UniProtKB:A0A222YQC1|UniProtKB:A0A223HCK8|UniProtKB:A0A223HCL6|UniProtKB:A0A223HCL9|UniProtKB:A0A223LLJ7|UniProtKB:A0A223LYM0|UniProtKB:A0A2C9PIR5|UniProtKB:A0A2D0WKG7|UniProtKB:A0A2D2CLF7|UniProtKB:A0A2I7QFI7|UniProtKB:A0A2P1E8M5|UniProtKB:A0A2P1E8M6|UniProtKB:A0A2P1E8M8|UniProtKB:A0A2P1GIS1|UniProtKB:A0A2P1GIX7|UniProtKB:A0A2R4SEK3|UniProtKB:A0A2S1PIQ0|UniProtKB:A0A2T2XVU1|UniProtKB:A0A2U3QMI1|UniProtKB:A0A2U7N1R5|UniProtKB:A0A2U8QNQ8|UniProtKB:A0A2U8QNR0|UniProtKB:A0A2U8QNR1|UniProtKB:A0A2U8QNR4|UniProtKB:A0A2U8QNR5|UniProtKB:A0A2U8QP17|UniProtKB:A0A2Z4C173|UniProtKB:A0A2Z5V8V3|UniProtKB:A0A345DIU0|UniProtKB:A0A345T8M0|UniProtKB:A0A346AHP4|UniProtKB:A0A346D4M6|UniProtKB:A0A346NSW7|UniProtKB:A0A3T0VFV8|UniProtKB:A0A411JIA0|UniProtKB:A0A411KB65|UniProtKB:A0A411PZG7|UniProtKB:A0A411PZG9|UniProtKB:A0A4P9D735|UniProtKB:A0A4P9I9F5|UniProtKB:A0A4Y1NLF0|UniProtKB:A0A4Y1NLV5|UniProtKB:A0A516EYX3|UniProtKB:A0A5K6TI91|UniProtKB:A0A5P9LNK0|UniProtKB:A0A5S9GFD5|UniProtKB:A0A6B9PPR3|UniProtKB:A0A6D1NXG9|UniProtKB:A0A6D1NZU5|UniProtKB:A0A7D6LH10|UniProtKB:A0A7D6LJP8|UniProtKB:A0A7G4UBT5|UniProtKB:A0A7G4UBT7|UniProtKB:A0A7G4UBT8|UniProtKB:A0A7G4XQD6|UniProtKB:A0A7G7NAL9|UniProtKB:A0A7G7NAM0|UniProtKB:A0A849B8H7|UniProtKB:A0A8F5JTV0|UniProtKB:A0A9Q8L3C1|UniProtKB:A0AAE7DR41|UniProtKB:D0CAM8	NCBITaxon:1461749|NCBITaxon:1755691|NCBITaxon:1935432|NCBITaxon:1935434|NCBITaxon:2774054|NCBITaxon:28901|NCBITaxon:358771|NCBITaxon:440079|NCBITaxon:470|NCBITaxon:470453|NCBITaxon:54291|NCBITaxon:562|NCBITaxon:573|NCBITaxon:575584|NCBITaxon:59201|NCBITaxon:599|NCBITaxon:644|NCBITaxon:645|NCBITaxon:648|NCBITaxon:650|NCBITaxon:651|NCBITaxon:654|NCBITaxon:656|NCBITaxon:72407|NCBITaxon:82541|NCBITaxon:90371	0	0	0			0		OPEN
CHEBI:59725	demeclocycline hydrochloride	data/antibiotics/antibacterial/demeclocycline-hydrochloride.yaml	GVSJQNRGSCOSNJ-KBHRXELFSA-N	ANTIBACTERIAL	224fe20e109b873b2b9208e986f0b9eb5b4849dd8049ac6993abbfbd783b4dd0	0	0	6	3	0	RECORDED_NAME_QUERIES_TRAVERSED_NOT_PRIMARY_REVIEW	False	0	0	0	0			0	0	0			0		OPEN
CHEBI:5981	isoalantolactone	data/antibiotics/antifungal/isoalantolactone.yaml	CVUANYCQTOGILD-QVHKTLOISA-N	ANTIFUNGAL	ce1fe49af7bf5b26454c2234380218c11a4063f2e1872bbbbe5bea0098a02f57	0	0	6	3	0	RECORDED_NAME_QUERIES_TRAVERSED_NOT_PRIMARY_REVIEW	False	0	0	0	0			0	0	0			0		OPEN
CHEBI:59900	caspofungin acetate	data/antibiotics/antifungal/caspofungin-acetate.yaml	OGUJBRYAAJYXQP-LLXMLGLCSA-N	ANTIFUNGAL	16292ff901f9d397d0936a0b01e4cb4fd2dd6acb4dd3fa0964c0a20ba4c06da5	0	0	5	2	0	RECORDED_NAME_QUERIES_TRAVERSED_NOT_PRIMARY_REVIEW	False	0	0	0	0			0	0	0			0		OPEN
CHEBI:59902	entecavir hydrate	data/antibiotics/antiviral/entecavir-hydrate.yaml	YXPVEXCTPGULBZ-WQYNNSOESA-N	ANTIVIRAL	eade64d44bd086961e39d670e1dace477c7a277ae21a238e6ed78864d3799853	0	0	5	2	1	RECORDED_NAME_QUERIES_TRAVERSED_NOT_PRIMARY_REVIEW	False	0	0	0	0			0	0	0			0		OPEN
CHEBI:59936	ciprofloxacin hydrochloride hydrate	data/antibiotics/antibacterial/ciprofloxacin-hydrochloride-hydrate.yaml	ARPUHYJMCVWYCZ-UHFFFAOYSA-N	ANTIBACTERIAL	225febbf736920099043263cefdf69fbf476839d7b26b992a46e237a0ab60c5a	0	0	8	3	0	RECORDED_NAME_QUERIES_TRAVERSED_NOT_PRIMARY_REVIEW	False	0	0	0	0			0	0	0			0		OPEN
CHEBI:59938	ciprofloxacin dihydrochloride	data/antibiotics/antibacterial/ciprofloxacin-dihydrochloride.yaml	PWRKLYZVCZMDTC-UHFFFAOYSA-N	ANTIBACTERIAL	007f91735fc108f66ada904d8eea9393b3212a4a96a5ed1b0f705115cc2c68ea	0	0	3	2	0	RECORDED_NAME_QUERIES_TRAVERSED_NOT_PRIMARY_REVIEW	False	0	0	0	0			0	0	0			0		OPEN
CHEBI:599440	amorolfine	data/antibiotics/antifungal/amorolfine.yaml	MQHLMHIZUIDKOO-AYHJJNSGSA-N	ANTIFUNGAL	843f42bbf57d58cbb04ebff35e016cf553bc663755c8daee0a0c00f1ffeee335	0	0	7	3	0	RECORDED_NAME_QUERIES_TRAVERSED_NOT_PRIMARY_REVIEW	False	0	0	0	0			0	0	0			0		OPEN
CHEBI:599928	moxalactam	data/antibiotics/antibacterial/moxalactam.yaml	JWCSIUVGFCSJCK-CAVRMKNVSA-N	ANTIBACTERIAL	b572a91b6bb67cbfce6d364a670ae611865b248e82f074f1c1780a83b8a1357c	2	0	10	4	0	RECORDED_NAME_QUERIES_TRAVERSED_NOT_PRIMARY_REVIEW	False	2	2	0	2			0	0	0			0		OPEN
CHEBI:600103	daptomycin	data/antibiotics/antibacterial/daptomycin.yaml	DOAKLVKFURWEDJ-RWDRXURGSA-N	ANTIBACTERIAL	4de6b2eda6d5db3c21fdd86fe918d25b5f4b09c06b41e4c25a83a8b23f400656	35	0	15	5	2	RECORDED_NAME_QUERIES_TRAVERSED_NOT_PRIMARY_REVIEW	False	35	35	1	34	UniProtKB:Q4WR59	NCBITaxon:330879	0	0	0			0		OPEN
CHEBI:600520	micafungin	data/antibiotics/antifungal/micafungin.yaml	PIEUQSKUWLMALL-YABMTYFHSA-N	ANTIFUNGAL	0eac9035ac1a3115fa792860a26aa4281032aceea18d58d1901e76295b6ebf35	22	0	4	2	1	RECORDED_NAME_QUERIES_TRAVERSED_NOT_PRIMARY_REVIEW	True	13	13	0	13			9	9	0	balashov-2006-reference-context|garcia-effron-2008-subject-context		0		OPEN
CHEBI:60070	ertapenem sodium	data/antibiotics/antibacterial/ertapenem-sodium.yaml	ZXNAQFZBWUNWJM-HRXMHBOMSA-M	ANTIBACTERIAL	02b254ca86abee56bba72762553c410f685c139e0ec328785df3fe6fbc5f527f	0	0	4	2	0	RECORDED_NAME_QUERIES_TRAVERSED_NOT_PRIMARY_REVIEW	False	0	0	0	0			0	0	0			0		OPEN
CHEBI:60269	trisodium phosphonoformate hexahydrate	data/antibiotics/antiviral/trisodium-phosphonoformate-hexahydrate.yaml	ILRVASBWNRYBFD-UHFFFAOYSA-K	ANTIVIRAL	7900cf709368fea2372fcba25f054dab61e62e51d5a1d1edef4659c62a986d7d	0	0	2	2	0	RECORDED_NAME_QUERIES_TRAVERSED_NOT_PRIMARY_REVIEW	False	0	0	0	0			0	0	0			0		OPEN
CHEBI:6030	isoniazide	data/antibiotics/antimycobacterial/isoniazide.yaml	QRXWMOHMRWLFEY-UHFFFAOYSA-N	ANTIMYCOBACTERIAL	8ec79d9afdcd2b9cdd4dbb975f6dc4f3d9b17b1cda5fefcafd357ee07f518db9	22	0	11	4	1	RECORDED_NAME_QUERIES_TRAVERSED_NOT_PRIMARY_REVIEW	False	22	22	2	20	UniProtKB:I6YEJ7|UniProtKB:P9WJY5	NCBITaxon:83332	0	0	0			0		OPEN
CHEBI:6047	isoprothiolane	data/antibiotics/antifungal/isoprothiolane.yaml	UFHLMYOGRXOCSL-UHFFFAOYSA-N	ANTIFUNGAL	077d0877ca41ac1e4ac5f92deb12e70f11a9d21c25c82116f6fc843f0167324e	0	0	7	3	0	RECORDED_NAME_QUERIES_TRAVERSED_NOT_PRIMARY_REVIEW	False	0	0	0	0			0	0	0			0		OPEN
CHEBI:60584	bicozamycin	data/antibiotics/antibacterial/bicozamycin.yaml	WOUDXEYYJPOSNE-VKZDFBPFSA-N	ANTIBACTERIAL	aa6ce10000ee05029720aa3dc5daa5152379c27e7206f8726cc1f158dd34de10	1	0	14	5	0	RECORDED_NAME_QUERIES_TRAVERSED_NOT_PRIMARY_REVIEW	False	1	1	1	0	UniProtKB:A0A3S4ND58	NCBITaxon:294	0	0	0			0		OPEN
CHEBI:60607	metalaxyl-M	data/antibiotics/antifungal/metalaxyl-m.yaml	ZQEIXNIJLIKNTD-GFCCVEGCSA-N	ANTIFUNGAL	3aaed848e2fb2bb94797a600beef930e947dbb968c3f69913ae24901152ef313	0	0	10	4	1	RECORDED_NAME_QUERIES_TRAVERSED_NOT_PRIMARY_REVIEW	False	0	0	0	0			0	0	0			0		OPEN
CHEBI:60648	doxycycline monohydrate	data/antibiotics/antibacterial/doxycycline-monohydrate.yaml	XQTWDDCIUJNLTR-CVHRZJFOSA-N	ANTIBACTERIAL	061303dabca65ef6fc8008061043d22791a40757e2d2cd27510565031b77b284	0	0	4	2	1	RECORDED_NAME_QUERIES_TRAVERSED_NOT_PRIMARY_REVIEW	False	0	0	0	0			0	0	0			0		OPEN
CHEBI:6076	itraconazole	data/antibiotics/antifungal/itraconazole.yaml	VHVPQPYKVGDNFY-ZPGVKDDISA-N	ANTIFUNGAL	970ff9d085b16919b3e0fde32e1374f4833a90999dfd93daf8432de67d2edda7	54	0	6	3	2	RECORDED_NAME_QUERIES_TRAVERSED_NOT_PRIMARY_REVIEW	True	35	35	0	35			19	19	0	camps-2012-fumigatus-reference-context|diaz-guerra-2003-reference-context|ferreira-2004-reference-context|flowers-2015-reference-context|mann-2003-fumigatus-reference-context|mellado-2004-fumigatus-reference-context|mellado-2007-fumigatus-reference-context|nascimento-2003-fumigatus-reference-context|rybak-2017-albicans-reference-context|rybak-2017-parapsilosis-reference-context|wei-2016-reference-context-followup		0		OPEN
CHEBI:60761	floxuridine	data/antibiotics/antiviral/floxuridine.yaml	ODKNJVUHOIMIIZ-RRKCRQDMSA-N	ANTIVIRAL	a7bc73e6e9db5f48466e997395085daa8238f6f1f72110dacc2a190511194b84	0	0	21	6	1	RECORDED_NAME_QUERIES_TRAVERSED_NOT_PRIMARY_REVIEW	False	0	0	0	0			0	0	0			0		OPEN
CHEBI:60821	streptothricin F	data/antibiotics/antibacterial/streptothricin-f.yaml	NRAUADCLPJTGSF-VLSXYIQESA-N	ANTIBACTERIAL	9650e764d766485ce118b670e4d99cc29580e0af9cc892f1b89be4b0ce1a6c1e	5	0	10	4	1	RECORDED_NAME_QUERIES_TRAVERSED_NOT_PRIMARY_REVIEW	False	5	5	4	1	UniProtKB:B7JE95|UniProtKB:P08457|UniProtKB:P13018|UniProtKB:Q45970	NCBITaxon:1914|NCBITaxon:195|NCBITaxon:405535|NCBITaxon:562	0	0	0			0		OPEN
CHEBI:60822	streptothricin F(3+)	data/antibiotics/unspecified/streptothricin-f-3.yaml	NRAUADCLPJTGSF-VLSXYIQESA-Q	ANTIMICROBIAL_UNSPECIFIED	5a65c0bd4deea7e305916e4b2e1fea19b940f8f953beec316f217c1a9045f68a	0	0	12	4	0	RECORDED_NAME_QUERIES_TRAVERSED_NOT_PRIMARY_REVIEW	False	0	0	0	0			0	0	0			0		OPEN
CHEBI:60828	streptothricin D	data/antibiotics/unspecified/streptothricin-d.yaml	WUJTXMVGXDQPNN-OTQKCRDJSA-N	ANTIMICROBIAL_UNSPECIFIED	04e6dd9619a0aeab83c97ae6350f5764615f5b6d0e88dcc1be8ee5a7fb6b2ed5	0	0	4	2	0	RECORDED_NAME_QUERIES_TRAVERSED_NOT_PRIMARY_REVIEW	False	0	0	0	0			0	0	0			0		OPEN
CHEBI:6088	jervine	data/antibiotics/antifungal/jervine.yaml	CLEXYFLHGFJONT-DNMILWOZSA-N	ANTIFUNGAL	c8e2d9934df81c89080a1cf79698b8deecb2367bd3b612363d91e4808635afa8	0	0	6	3	0	RECORDED_NAME_QUERIES_TRAVERSED_NOT_PRIMARY_REVIEW	False	0	0	0	0			0	0	0			0		OPEN
CHEBI:608828	enfuvirtide	data/antibiotics/antiviral/enfuvirtide.yaml	PEASPLKKXBYDKL-FXEVSJAOSA-N	ANTIVIRAL	a57e185a052213da31b084cf1f8616512dbe0ed169d15a636b208b420d7777a9	0	0	6	3	1	RECORDED_NAME_QUERIES_TRAVERSED_NOT_PRIMARY_REVIEW	False	0	0	0	0			0	0	0			0		OPEN
CHEBI:61080	romidepsin	data/antibiotics/unspecified/romidepsin.yaml	OHRURASPPZQGQM-GCCNXGTGSA-N	ANTIMICROBIAL_UNSPECIFIED	7fc08a3df364456a5157861fe717e55af7f9da0643c36b79d68f2e271c75b152	0	0	11	4	0	RECORDED_NAME_QUERIES_TRAVERSED_NOT_PRIMARY_REVIEW	False	0	0	0	0			0	0	0			0		OPEN
CHEBI:6109	kanamycin A sulfate	data/antibiotics/antibacterial/kanamycin-a-sulfate.yaml	OOYGSFOGFJDDHP-KMCOLRRFSA-N	ANTIBACTERIAL	85a9e9729bb5e52cca6d9f8bfde2b1a1df2b87932310b16511a0eb6980746cc3	0	0	6	3	0	RECORDED_NAME_QUERIES_TRAVERSED_NOT_PRIMARY_REVIEW	False	0	0	0	0			0	0	0			0		OPEN
CHEBI:6116	kavapyrone	data/antibiotics/antiprotozoal/kavapyrone.yaml	MLGUXXSGWWCJQW-KBPBESRZSA-N	ANTIPROTOZOAL	ea3b62248885ecac3ddeaf071ec56b3317abb5a47f53180268f2cbf99e896a1f	0	0	3	2	0	RECORDED_NAME_QUERIES_TRAVERSED_NOT_PRIMARY_REVIEW	False	0	0	0	0			0	0	0			0		OPEN
CHEBI:6141	knipholone	data/antibiotics/antiprotozoal/knipholone.yaml	DUENHQWYLVQDQK-UHFFFAOYSA-N	ANTIPROTOZOAL	8a7c8f4b38edaa9304c3ccc43eee2d97e6bce012ed8b877674216c09fc548ec4	0	0	3	2	0	RECORDED_NAME_QUERIES_TRAVERSED_NOT_PRIMARY_REVIEW	False	0	0	0	0			0	0	0			0		OPEN
CHEBI:615	1-carbapenem-3-carboxylic acid	data/antibiotics/antibacterial/1-carbapenem-3-carboxylic-acid.yaml	BSIMZHVOQZIAOY-SCSAIBSYSA-N	ANTIBACTERIAL	0101f92594422c5a7e9682cf152200be02f07ddb5c0c961192460904418788e6	0	0	8	3	0	RECORDED_NAME_QUERIES_TRAVERSED_NOT_PRIMARY_REVIEW	False	0	0	0	0			0	0	0			0		OPEN
CHEBI:61699	(−)-α-gurjunene	data/antibiotics/antibacterial/α-gurjunene.yaml	SPCXZDDGSGTVAW-XIDUGBJDSA-N	ANTIBACTERIAL	8ef8bfb1efcbd1f52c28f14741d2787b85c0c230a64097e4b6a37b647250c11b	0	0	2	2	0	RECORDED_NAME_QUERIES_TRAVERSED_NOT_PRIMARY_REVIEW	False	0	0	0	0			0	0	0			0		OPEN
CHEBI:61739	aureobasidin A	data/antibiotics/unspecified/aureobasidin-a.yaml	YHSKJPXGXIYLHB-OTNPUQRPSA-N	ANTIMICROBIAL_UNSPECIFIED	f0fddda36b21db7225e27f8aa236cc6e1bd6539649da69c4a6358caeadee5a94	0	0	6	3	0	RECORDED_NAME_QUERIES_TRAVERSED_NOT_PRIMARY_REVIEW	False	0	0	0	0			0	0	0			0		OPEN
CHEBI:61748	(E)-oct-2-enal	data/antibiotics/antifungal/e-oct-2-enal.yaml	LVBXEMGDVWVTGY-VOTSOKGWSA-N	ANTIFUNGAL	354649c37d458676bce40157081d56a98fe54c82645b2572a96f37249afee011	0	0	10	4	0	RECORDED_NAME_QUERIES_TRAVERSED_NOT_PRIMARY_REVIEW	False	0	0	0	0			0	0	0			0		OPEN
CHEBI:61749	enfumafungin	data/antibiotics/antifungal/enfumafungin.yaml	IAOFPTKYKOAKGZ-CRWQHXLTSA-N	ANTIFUNGAL	119c8331f0a114ef3ce39a1e9ad8ef18e0f5c3242930e461fb94989531b08472	0	0	2	2	0	RECORDED_NAME_QUERIES_TRAVERSED_NOT_PRIMARY_REVIEW	False	0	0	0	0			0	0	0			0		OPEN
CHEBI:62219	2-heptyl-4-quinolone	data/antibiotics/antibacterial/2-heptyl-4-quinolone.yaml	UYRHHBXYXSYGHA-UHFFFAOYSA-N	ANTIBACTERIAL	821a5ddb81a01d413df4f447de50280acef38aa07bc9104b37c68ef4caff881f	0	0	4	2	0	RECORDED_NAME_QUERIES_TRAVERSED_NOT_PRIMARY_REVIEW	False	0	0	0	0			0	0	0			0		OPEN
CHEBI:62247	(1R,2S)-epoxypropylphosphonate(1−)	data/antibiotics/unspecified/1r-2s-epoxypropylphosphonate-1.yaml	YMDXZJFXQJVXBF-STHAYSLISA-M	ANTIMICROBIAL_UNSPECIFIED	0ee58a9bca843e9167531c3ca6d4c46bdc1350f11859aaa72c1a745e642e4b7e	0	0	4	2	0	RECORDED_NAME_QUERIES_TRAVERSED_NOT_PRIMARY_REVIEW	False	0	0	0	0			0	0	0			0		OPEN
CHEBI:623918	nikkomycin Z	data/antibiotics/antifungal/nikkomycin-z.yaml	WWJFFVUVFNBJTN-VHDFTHOZSA-N	ANTIFUNGAL	630af483a8b8a4697f36582bb843bf616b5870850a8e5fd883958e8ffdd06c74	0	0	5	2	0	RECORDED_NAME_QUERIES_TRAVERSED_NOT_PRIMARY_REVIEW	False	0	0	0	0			0	0	0			0		OPEN
CHEBI:62412	phenazine-1-carboxylic acid	data/antibiotics/antifungal/phenazine-1-carboxylic-acid.yaml	JGCSKOVQDXEQHI-UHFFFAOYSA-N	ANTIFUNGAL	783c9db382334f9e09fd74634fc7705bb6b87f6f8f40bd8e21b801dbadf27537	0	0	6	3	0	RECORDED_NAME_QUERIES_TRAVERSED_NOT_PRIMARY_REVIEW	False	0	0	0	0			0	0	0			0		OPEN
CHEBI:62460	helvolic acid	data/antibiotics/antibacterial/helvolic-acid.yaml	MDFZYGLOIJNNRM-OAJDADRGSA-N	ANTIBACTERIAL	03e75200631e515827f25f71eeaf317c79e528d7a5453f5c317ee59767ad45ac	0	0	6	3	0	RECORDED_NAME_QUERIES_TRAVERSED_NOT_PRIMARY_REVIEW	False	0	0	0	0			0	0	0			0		OPEN
CHEBI:62629	nitarsone	data/antibiotics/antiprotozoal/nitarsone.yaml	FUUFQLXAIUOWML-UHFFFAOYSA-N	ANTIPROTOZOAL	441793701d5a3da54954399fe5ddab310e7c30026d1c2fb3566b87f59dce107a	0	0	11	4	0	RECORDED_NAME_QUERIES_TRAVERSED_NOT_PRIMARY_REVIEW	False	0	0	0	0			0	0	0			0		OPEN
CHEBI:63207	mycinamicin III	data/antibiotics/unspecified/mycinamicin-iii.yaml	FPIDCOOKEJFXFI-WKUFBULYSA-N	ANTIMICROBIAL_UNSPECIFIED	f2c34d2e1b516d3b928a8c7bc518981580397ad4b440db57819783a1d36dcfe7	0	0	2	2	0	RECORDED_NAME_QUERIES_TRAVERSED_NOT_PRIMARY_REVIEW	False	0	0	0	0			0	0	0			0		OPEN
CHEBI:63214	cefodizime	data/antibiotics/antibacterial/cefodizime.yaml	XDZKBRJLTGRPSS-BGZQYGJUSA-N	ANTIBACTERIAL	998567380ebbbc4aa7fda4764b1b30abca6398e47ec4f8370b744578de56645a	0	0	7	3	0	RECORDED_NAME_QUERIES_TRAVERSED_NOT_PRIMARY_REVIEW	False	0	0	0	0			0	0	0			0		OPEN
CHEBI:63221	N-benzoylampicillin	data/antibiotics/unspecified/n-benzoylampicillin.yaml	CXJJYKZWBRYMST-PZTGFMGMSA-N	ANTIMICROBIAL_UNSPECIFIED	8867794a8d52e04288850e1bd1bdf985c7e6babf1bee2e4de94ccd935bb9cb8a	0	0	4	2	0	RECORDED_NAME_QUERIES_TRAVERSED_NOT_PRIMARY_REVIEW	False	0	0	0	0			0	0	0			0		OPEN
CHEBI:63284	mycinamicin IV	data/antibiotics/antibacterial/mycinamicin-iv.yaml	DBTIHDIIXPQOFR-JMHKOBKLSA-N	ANTIBACTERIAL	041077cabd363187ddfb15c34eb541c6a3ecb2066c00152647290acd66a6c85f	4	0	3	2	0	RECORDED_NAME_QUERIES_TRAVERSED_NOT_PRIMARY_REVIEW	False	4	4	4	0	UniProtKB:C1CH31|UniProtKB:P25256|UniProtKB:P37000|UniProtKB:Q5SFA3	NCBITaxon:1896|NCBITaxon:1906|NCBITaxon:28040|NCBITaxon:488222	0	0	0			0		OPEN
CHEBI:63285	mycinamicin VI	data/antibiotics/unspecified/mycinamicin-vi.yaml	ORPUAOXOPLNKNG-GEUQSOIWSA-N	ANTIMICROBIAL_UNSPECIFIED	897893ac1eab800ce8b5158dc1988f29634d7a2735a75876addc36602fc7ab78	0	0	2	2	0	RECORDED_NAME_QUERIES_TRAVERSED_NOT_PRIMARY_REVIEW	False	0	0	0	0			0	0	0			0		OPEN
CHEBI:63334	rolitetracycline	data/antibiotics/antibacterial/rolitetracycline.yaml	HMEYVGGHISAPJR-IAHYZSEUSA-N	ANTIBACTERIAL	4c3c130c5216a253facdb170fefeb366d3c90a3f6964679e8c3893b798f764e1	0	0	9	3	0	RECORDED_NAME_QUERIES_TRAVERSED_NOT_PRIMARY_REVIEW	False	0	0	0	0			0	0	0			0		OPEN
CHEBI:63577	lamivudine	data/antibiotics/antiviral/lamivudine.yaml	JTEGQNOMFQHVDC-NKWVEPMBSA-N	ANTIVIRAL	831bfc4d2282f64b9906cbecd854f5606704adc77735a252185b63e2e73f6a1a	0	14	11	4	2	RECORDED_NAME_QUERIES_TRAVERSED_NOT_PRIMARY_REVIEW	False	0	0	0	0			0	0	0			14	NCBITaxon:11676	OPEN
CHEBI:6358	lactucin	data/antibiotics/antiprotozoal/lactucin.yaml	VJQAFLAZRVKAKM-VZLIPTOUSA-N	ANTIPROTOZOAL	bd3b29cedd5bdbcf1fa4b479ecd2fd2a0d494b6230ee0c6847bf941079c541d2	0	0	3	2	0	RECORDED_NAME_QUERIES_TRAVERSED_NOT_PRIMARY_REVIEW	False	0	0	0	0			0	0	0			0		OPEN
CHEBI:63580	ribavirin	data/antibiotics/antiviral/ribavirin.yaml	IWUCXVSUMQZMFG-AFCXAGJDSA-N	ANTIVIRAL	e30c81331919df045777fc230ee79bf1387ae0d60badafff2fece582a0302f88	0	0	8	3	2	RECORDED_NAME_QUERIES_TRAVERSED_NOT_PRIMARY_REVIEW	False	0	0	0	0			0	0	0			0		OPEN
CHEBI:63581	stavudine	data/antibiotics/antiviral/stavudine.yaml	XNKLLVCARDGLGL-JGVFFNPUSA-N	ANTIVIRAL	506ce9bd5d2061866b94a3526f86a076c8968197fad4f106582a1bb89791ca49	0	27	11	4	2	RECORDED_NAME_QUERIES_TRAVERSED_NOT_PRIMARY_REVIEW	False	0	0	0	0			0	0	0			27	NCBITaxon:11676	OPEN
CHEBI:63589	etravirine	data/antibiotics/antiviral/etravirine.yaml	PYGWGZALEOIKDF-UHFFFAOYSA-N	ANTIVIRAL	da53924869a0d5d12c555455a9d1dc1672002feaa3429ebe222d47af1e3c42d7	0	21	2	2	1	RECORDED_NAME_QUERIES_TRAVERSED_NOT_PRIMARY_REVIEW	False	0	0	0	0			0	0	0			21	NCBITaxon:11676	OPEN
CHEBI:63598	levofloxacin	data/antibiotics/antibacterial/levofloxacin.yaml	GSDSWSVVBLHKDQ-JTQLQIEISA-N	ANTIBACTERIAL	b82bb978640eed811d1b22f4e67bad840ff2fdd891f9cbd055d68449eb835d64	35	0	18	6	3	RECORDED_NAME_QUERIES_TRAVERSED_NOT_PRIMARY_REVIEW	False	35	35	2	33	UniProtKB:P0DPR4|UniProtKB:P9WG85	NCBITaxon:470|NCBITaxon:83332	0	0	0			0		OPEN
CHEBI:63599	fludarabine phosphate	data/antibiotics/antiviral/fludarabine-phosphate.yaml	GIUYCYHIANZCFB-FJFJXFQQSA-N	ANTIVIRAL	3fcc2bedcf09fb62a534844c530b662d41a183fbc4486cd1e716cf21e4d48b79	0	0	12	4	0	RECORDED_NAME_QUERIES_TRAVERSED_NOT_PRIMARY_REVIEW	False	0	0	0	0			0	0	0			0		OPEN
CHEBI:63607	linezolid	data/antibiotics/antibacterial/linezolid.yaml	TYZROVQLWOKYKF-ZDUSSCGKSA-N	ANTIBACTERIAL	a8c7f2e532c2069e2e11770d6bb73fe28220a47d92f518b46cb16721796f8601	10	0	8	3	2	RECORDED_NAME_QUERIES_TRAVERSED_NOT_PRIMARY_REVIEW	False	10	10	5	5	UniProtKB:A0AAJ2MLZ9|UniProtKB:A0AAW8TIA5|UniProtKB:A0AAW8UWK3|UniProtKB:Q2FW85|UniProtKB:V5ZEZ1	NCBITaxon:1496|NCBITaxon:1940789|NCBITaxon:37734|NCBITaxon:71452|NCBITaxon:93061	0	0	0			0		OPEN
CHEBI:63608	maraviroc	data/antibiotics/antiviral/maraviroc.yaml	GSNHKUDZZFZSJB-QYOOZWMWSA-N	ANTIVIRAL	8d03fcaa7404fc7df123a1d676c8ffa0056795c4c32c02f8e814b865986546a4	0	0	3	2	1	RECORDED_NAME_QUERIES_TRAVERSED_NOT_PRIMARY_REVIEW	False	0	0	0	0			0	0	0			0		OPEN
CHEBI:63611	moxifloxacin	data/antibiotics/antibacterial/moxifloxacin.yaml	FABPRXSRWADJSP-MEDUHNTESA-N	ANTIBACTERIAL	dc255b90dd786a273de2a1ae299d37fb8772e7ffbb1542df4c909227266f08e7	31	0	10	4	2	RECORDED_NAME_QUERIES_TRAVERSED_NOT_PRIMARY_REVIEW	False	31	31	2	29	UniProtKB:A0A0H3GG03|UniProtKB:B5AG18	NCBITaxon:393133|NCBITaxon:562	0	0	0			0		OPEN
CHEBI:63613	nevirapine	data/antibiotics/antiviral/nevirapine.yaml	NQDJXKOVJZTUJA-UHFFFAOYSA-N	ANTIVIRAL	d95d87f0d78d95dcbe89974dee37506357ff483fbaa4aa679b298e3b3b760b4a	0	22	7	3	2	RECORDED_NAME_QUERIES_TRAVERSED_NOT_PRIMARY_REVIEW	False	0	0	0	0			0	0	0			22	NCBITaxon:11676	OPEN
CHEBI:63621	saquinavir	data/antibiotics/antiviral/saquinavir.yaml	QWAXKHKRTORLEM-UGJKXSETSA-N	ANTIVIRAL	c939910ff48b26c5d2213c2fda8be1d379c04bc84e7844ccdecd09ace113447d	0	0	3	2	1	RECORDED_NAME_QUERIES_TRAVERSED_NOT_PRIMARY_REVIEW	False	0	0	0	0			0	0	0			0		OPEN
CHEBI:63624	telbivudine	data/antibiotics/antiviral/telbivudine.yaml	IQFYYKKMVGJFEH-CSMHCCOUSA-N	ANTIVIRAL	f609b46eeee0bb47164bc7973e7c0197fe848d1fde3fa0161fcd8d34b746fa90	0	0	11	4	1	RECORDED_NAME_QUERIES_TRAVERSED_NOT_PRIMARY_REVIEW	False	0	0	0	0			0	0	0			0		OPEN
CHEBI:63625	tenofovir (anhydrous)	data/antibiotics/antiviral/tenofovir-anhydrous.yaml	SGOIRFVFHAKUTI-ZCFIWIBFSA-N	ANTIVIRAL	4e8a546fa3dbb892787e790ee081ac1b75e738dbe2b80150a088a2079510ef7e	0	0	7	3	1	RECORDED_NAME_QUERIES_TRAVERSED_NOT_PRIMARY_REVIEW	False	0	0	0	0			0	0	0			0		OPEN
CHEBI:63627	tinidazole	data/antibiotics/antibacterial/tinidazole.yaml	HJLSLZFTEKNLFI-UHFFFAOYSA-N	ANTIBACTERIAL	beed8e8a5707a8cc60b698d1c17654077cc5ee3d692d8c1a825b0d773fe6c46b	0	0	7	3	0	RECORDED_NAME_QUERIES_TRAVERSED_NOT_PRIMARY_REVIEW	False	0	0	0	0			0	0	0			0		OPEN
CHEBI:63628	tipranavir	data/antibiotics/antiviral/tipranavir.yaml	SUJUHGSWHZTSEU-FYBSXPHGSA-N	ANTIVIRAL	cbb1c78ee281cf6143af65f5aa32f444dd28df57dae0a1553c67e073024072e7	0	0	3	2	1	RECORDED_NAME_QUERIES_TRAVERSED_NOT_PRIMARY_REVIEW	False	0	0	0	0			0	0	0			0		OPEN
CHEBI:63635	valganciclovir	data/antibiotics/antiviral/valganciclovir.yaml	WPVFJKSGQUFQAP-GKAPJAKFSA-N	ANTIVIRAL	6cd2acf650ed28dddbe0e4d0dee550c771881e139cc3131bbe931f9c3eea6a04	0	0	2	2	0	RECORDED_NAME_QUERIES_TRAVERSED_NOT_PRIMARY_REVIEW	False	0	0	0	0			0	0	0			0		OPEN
CHEBI:63684	(+)-(11R,2'S)-erythro-mefloquine	data/antibiotics/antiprotozoal/11r-2-s-erythro-mefloquine.yaml	XEEQGYMUWCZPDN-SWLSCSKDSA-N	ANTIPROTOZOAL	8d167f3c71dbcd32256f70a44678dda422335b3f362cc0613ab04607f46d53d3	0	0	4	2	1	RECORDED_NAME_QUERIES_TRAVERSED_NOT_PRIMARY_REVIEW	False	0	0	0	0			0	0	0			0		OPEN
CHEBI:63687	(−)-(11S,2'R)-erythro-mefloquine	data/antibiotics/antiprotozoal/11s-2-r-erythro-mefloquine.yaml	XEEQGYMUWCZPDN-DOMZBBRYSA-N	ANTIPROTOZOAL	bc444258a442a1acff157ac64accf96dcf4296240f9ceb974583aeb7b009cce8	0	0	4	2	1	RECORDED_NAME_QUERIES_TRAVERSED_NOT_PRIMARY_REVIEW	False	0	0	0	0			0	0	0			0		OPEN
CHEBI:63716	tenofovir hydrate	data/antibiotics/antiviral/tenofovir-hydrate.yaml	PINIEAOMWQJGBW-FYZOBXCZSA-N	ANTIVIRAL	5fcbdf1f167d82cf37790e8cc6eaedb6e20919ea718e5b71555eb9fc172ec9e4	0	0	5	2	1	RECORDED_NAME_QUERIES_TRAVERSED_NOT_PRIMARY_REVIEW	False	0	0	0	0			0	0	0			0		OPEN
CHEBI:63717	tenofovir disoproxil	data/antibiotics/antiviral/tenofovir-disoproxil.yaml	JFVZFKDSXNQEJW-CQSZACIVSA-N	ANTIVIRAL	719999df68698d31c2437c1a2e36615c3a895f30998d532fd3fd16bc77977ea9	0	0	6	3	1	RECORDED_NAME_QUERIES_TRAVERSED_NOT_PRIMARY_REVIEW	False	0	0	0	0			0	0	0			0		OPEN
CHEBI:63718	tenofovir disoproxil fumarate	data/antibiotics/antiviral/tenofovir-disoproxil-fumarate.yaml	VCMJCVGFSROFHV-WZGZYPNHSA-N	ANTIVIRAL	d272463c1b8393c2f843d43059c1e4f2c5597a4cfc2f0d986de3d0ca10f31dbb	0	0	6	3	2	RECORDED_NAME_QUERIES_TRAVERSED_NOT_PRIMARY_REVIEW	False	0	0	0	0			0	0	0			0		OPEN
CHEBI:6377	lapachol	data/antibiotics/antibacterial/lapachol.yaml	CIEYTVIYYGTCCI-UHFFFAOYSA-N	ANTIBACTERIAL	77d29f530d6eaabb51ed398331fb85fce52c5c17bdc209e628d5a50b589776f2	0	0	17	5	0	RECORDED_NAME_QUERIES_TRAVERSED_NOT_PRIMARY_REVIEW	False	0	0	0	0			0	0	0			0		OPEN
CHEBI:63798	3-hydroxy-4-methoxybenzoic acid	data/antibiotics/antibacterial/3-hydroxy-4-methoxybenzoic-acid.yaml	LBKFGYZQBSGRHY-UHFFFAOYSA-N	ANTIBACTERIAL	aca99ecc8af79aa4003310f3453125772f3259a044bee9768307334a9d59ed49	0	0	5	2	0	RECORDED_NAME_QUERIES_TRAVERSED_NOT_PRIMARY_REVIEW	False	0	0	0	0			0	0	0			0		OPEN
CHEBI:63845	sulfacetamide	data/antibiotics/antibacterial/sulfacetamide.yaml	SKIVFJLNDNKQPD-UHFFFAOYSA-N	ANTIBACTERIAL	cc371a3aaddff12da886ae7f4cce523a684b0a9c991e8a67ef446996d219c4d9	5	0	20	6	0	RECORDED_NAME_QUERIES_TRAVERSED_NOT_PRIMARY_REVIEW	False	5	5	3	2	UniProtKB:A0A385AH63|UniProtKB:P0AC12|UniProtKB:P0C003	NCBITaxon:10678|NCBITaxon:287|NCBITaxon:623	0	0	0			0		OPEN
CHEBI:63858	sulfacetamide sodium	data/antibiotics/unspecified/sulfacetamide-sodium.yaml	IHCDKJZZFOUARO-UHFFFAOYSA-M	ANTIMICROBIAL_UNSPECIFIED	b016dee3020a9eb04a5fd6f63756a5cbd520f75843f9b25efe6493e9c0d0e8d8	0	0	6	3	0	RECORDED_NAME_QUERIES_TRAVERSED_NOT_PRIMARY_REVIEW	False	0	0	0	0			0	0	0			0		OPEN
CHEBI:63918	artesunate	data/antibiotics/antiprotozoal/artesunate.yaml	FIHJKUPKCHIPAT-AHIGJZGOSA-N	ANTIPROTOZOAL	826b893f06c22720686f8bad7810e46d4f249b9d3677b20455aeaf7a2ff9471e	0	0	8	3	1	RECORDED_NAME_QUERIES_TRAVERSED_NOT_PRIMARY_REVIEW	False	0	0	0	0			0	0	0			0		OPEN
CHEBI:64090	tert-butyl hydroperoxide	data/antibiotics/antibacterial/tert-butyl-hydroperoxide.yaml	CIHOLLKRGTVIJN-UHFFFAOYSA-N	ANTIBACTERIAL	1f20c85480ceed15c3e546a2898efb90748364961845005f2bda0e0b1fe1ba7b	0	0	10	4	1	RECORDED_NAME_QUERIES_TRAVERSED_NOT_PRIMARY_REVIEW	False	0	0	0	0			0	0	0			0		OPEN
CHEBI:64228	tunicamycin A0	data/antibiotics/unspecified/tunicamycin-a0.yaml	FIIRBPHYBLFBSD-MZPZZZQLSA-N	ANTIMICROBIAL_UNSPECIFIED	c71b97c1300101a7dc62fa12082a41eeb48e2238abf8632d0c5a312167c40196	0	0	4	2	0	RECORDED_NAME_QUERIES_TRAVERSED_NOT_PRIMARY_REVIEW	False	0	0	0	0			0	0	0			0		OPEN
CHEBI:64245	tunicamycin A1	data/antibiotics/unspecified/tunicamycin-a1.yaml	YJQCOFNZVFGCAF-LLXUUZRASA-N	ANTIMICROBIAL_UNSPECIFIED	56a63302b4ca6af82dbc703d4bc1e99a8a9c6bd01ec48f3df5ad9ad1151fa37b	0	0	5	2	0	RECORDED_NAME_QUERIES_TRAVERSED_NOT_PRIMARY_REVIEW	False	0	0	0	0			0	0	0			0		OPEN
CHEBI:64246	tunicamycin A2	data/antibiotics/unspecified/tunicamycin-a2.yaml	MMDMXWRRAOLMDC-ZNZAGFTISA-N	ANTIMICROBIAL_UNSPECIFIED	2fef7502ddd41ecb74df45e447dc6b1efa4ecbb7dfed29fda600bf3075aa39a0	0	0	4	2	0	RECORDED_NAME_QUERIES_TRAVERSED_NOT_PRIMARY_REVIEW	False	0	0	0	0			0	0	0			0		OPEN
CHEBI:64248	tunicamycin B1	data/antibiotics/unspecified/tunicamycin-b1.yaml	QYVMTFXNKNWWFX-YGTZKZKGSA-N	ANTIMICROBIAL_UNSPECIFIED	62b4151afe7c630f630294f01b2e0280f11d3b18e5b74061f9689cca98d27c45	0	0	4	2	0	RECORDED_NAME_QUERIES_TRAVERSED_NOT_PRIMARY_REVIEW	False	0	0	0	0			0	0	0			0		OPEN
CHEBI:64250	tunicamycin B2	data/antibiotics/unspecified/tunicamycin-b2.yaml	MEYZYGMYMLNUHJ-DIRMKAHISA-N	ANTIMICROBIAL_UNSPECIFIED	f6835c611fe8c2b2d14f8c31315fd0513c35509ac617c3f088bd1c1bf4b6dcae	0	0	5	2	1	RECORDED_NAME_QUERIES_TRAVERSED_NOT_PRIMARY_REVIEW	False	0	0	0	0			0	0	0			0		OPEN
CHEBI:64255	tunicamycin B3	data/antibiotics/unspecified/tunicamycin-b3.yaml	XAFNQFHOQPRGAK-KTVOANSYSA-N	ANTIMICROBIAL_UNSPECIFIED	fe50003cedd6b1b6a300fc214223e30cbb13bc8f9e46e95cf51230852e39f433	0	0	4	2	0	RECORDED_NAME_QUERIES_TRAVERSED_NOT_PRIMARY_REVIEW	False	0	0	0	0			0	0	0			0		OPEN
CHEBI:64256	tunicamycin C1	data/antibiotics/unspecified/tunicamycin-c1.yaml	ZOCXUHJGZXXIGQ-NPXWYGMKSA-N	ANTIMICROBIAL_UNSPECIFIED	86e06c8aff084999918c6e67c1fefcc8c2db3a5e157988a4ef44a03d27bd1cec	0	0	6	3	0	RECORDED_NAME_QUERIES_TRAVERSED_NOT_PRIMARY_REVIEW	False	0	0	0	0			0	0	0			0		OPEN
CHEBI:64257	tunicamycin C2	data/antibiotics/unspecified/tunicamycin-c2.yaml	NKDRZEIENXWUCE-VDIUWDQWSA-N	ANTIMICROBIAL_UNSPECIFIED	1314c0f2f5c21a39a9bd864cc5dba3da48ab1223cfc18d851eb69247e8568c35	0	0	3	2	0	RECORDED_NAME_QUERIES_TRAVERSED_NOT_PRIMARY_REVIEW	False	0	0	0	0			0	0	0			0		OPEN
CHEBI:64271	tunicamycin D1	data/antibiotics/unspecified/tunicamycin-d1.yaml	DYGXSHBNTGWENQ-YTXMDVFISA-N	ANTIMICROBIAL_UNSPECIFIED	2400af9acc2fa03042bb03c4b44328d504401ffd546b5d28a44c83f778159df0	0	0	3	2	0	RECORDED_NAME_QUERIES_TRAVERSED_NOT_PRIMARY_REVIEW	False	0	0	0	0			0	0	0			0		OPEN
CHEBI:64272	tunicamycin D2	data/antibiotics/unspecified/tunicamycin-d2.yaml	XCEPHNBEHQJSSB-LGJGITPNSA-N	ANTIMICROBIAL_UNSPECIFIED	987b00917332b9d3edc928c6a1677d167a4a4da2f20f435bd69bb37d879da62b	0	0	3	2	0	RECORDED_NAME_QUERIES_TRAVERSED_NOT_PRIMARY_REVIEW	False	0	0	0	0			0	0	0			0		OPEN
CHEBI:64273	erythromycin C	data/antibiotics/unspecified/erythromycin-c.yaml	MWFRKHPRXPSWNT-QNPWSHAKSA-N	ANTIMICROBIAL_UNSPECIFIED	cfba0a146175087f6e4ab77c9165887f3667d99dc41cfbf4f834f566199034d4	0	0	3	2	0	RECORDED_NAME_QUERIES_TRAVERSED_NOT_PRIMARY_REVIEW	False	0	0	0	0			0	0	0			0		OPEN
CHEBI:64276	glutaraldehyde	data/antibiotics/biocide/glutaraldehyde.yaml	SXRSQZLOMIGNAQ-UHFFFAOYSA-N	BIOCIDE	31362f3c33d64b1a24033c0b4214c83ae61af0859280a5125ac183de4b7560d0	0	0	13	4	2	RECORDED_NAME_QUERIES_TRAVERSED_NOT_PRIMARY_REVIEW	False	0	0	0	0			0	0	0			0		OPEN
CHEBI:64355	posaconazole	data/antibiotics/antifungal/posaconazole.yaml	RAGOYPUPXAKGKH-XAKZXMRKSA-N	ANTIFUNGAL	75b7c391c26cbbf7a7167f0968df21b8338b85000a4ad83c9836ca9c3512ff02	28	0	6	3	1	RECORDED_NAME_QUERIES_TRAVERSED_NOT_PRIMARY_REVIEW	True	23	23	0	23			5	5	0	camps-2012-fumigatus-reference-context|mann-2003-fumigatus-reference-context		0		OPEN
CHEBI:64518	cordyol C	data/antibiotics/antimycobacterial/cordyol-c.yaml	SCUIHYCLCWYXKC-UHFFFAOYSA-N	ANTIMYCOBACTERIAL	5b98882fb6b00a51454a41c083773f1f9b16eff7678c69eb9c1a9f4409879521	0	0	4	2	0	RECORDED_NAME_QUERIES_TRAVERSED_NOT_PRIMARY_REVIEW	False	0	0	0	0			0	0	0			0		OPEN
CHEBI:64624	microcin B17	data/antibiotics/unspecified/microcin-b17.yaml	DPWKTZRJGMZNFS-IGRUFWJISA-N	ANTIMICROBIAL_UNSPECIFIED	5ab959497aba3592d7f8deccd2873c74cccbc1c9b1ad863956d76327076ac39b	0	0	4	2	0	RECORDED_NAME_QUERIES_TRAVERSED_NOT_PRIMARY_REVIEW	False	0	0	0	0			0	0	0			0		OPEN
CHEBI:64649	enniatin B	data/antibiotics/unspecified/enniatin-b.yaml	MIZMDSVSLSIMSC-VYLWARHZSA-N	ANTIMICROBIAL_UNSPECIFIED	adce78296387a5161841c542280884cde3560dd3000607615c9ea4c8de64807d	0	0	2	2	0	RECORDED_NAME_QUERIES_TRAVERSED_NOT_PRIMARY_REVIEW	False	0	0	0	0			0	0	0			0		OPEN
CHEBI:64651	enniatin A	data/antibiotics/unspecified/enniatin-a.yaml	TWHBYJSVDCWICV-BHZTXFQCSA-N	ANTIMICROBIAL_UNSPECIFIED	33a7011992401829c946a7f2815834db480b74186f662902b6f6844f572af023	0	0	3	2	0	RECORDED_NAME_QUERIES_TRAVERSED_NOT_PRIMARY_REVIEW	False	0	0	0	0			0	0	0			0		OPEN
CHEBI:6469	linalyl acetate	data/antibiotics/unspecified/linalyl-acetate.yaml	UWKAYLJWKGQEPM-LBPRGKRZSA-N	ANTIMICROBIAL_UNSPECIFIED	c93b8ba919d76b98222abee091d63a002e840c29346d3589ae8c5e391792d718	0	0	6	3	0	RECORDED_NAME_QUERIES_TRAVERSED_NOT_PRIMARY_REVIEW	False	0	0	0	0			0	0	0			0		OPEN
CHEBI:6472	lincomycin	data/antibiotics/antibacterial/lincomycin.yaml	OJMMVQQUTAEWLP-KIDUDLJLSA-N	ANTIBACTERIAL	98440188b1f25a69728f2fdd546666634607a37ff4e7f05a7a96ab7c28f0c968	60	0	17	5	3	RECORDED_NAME_QUERIES_TRAVERSED_NOT_PRIMARY_REVIEW	False	60	60	47	13	UniProtKB:A0A0K2B0W1|UniProtKB:A0A0M4NI39|UniProtKB:A0A1B1M202|UniProtKB:A0A1B2JLG7|UniProtKB:A0A1M7HJQ7|UniProtKB:A0A345AH93|UniProtKB:A0A3R7IWB8|UniProtKB:A0A418JI65|UniProtKB:A0A6I0LAE8|UniProtKB:A0A829QAF6|UniProtKB:A0SNL9|UniProtKB:A2AXI2|UniProtKB:A7Z1T2|UniProtKB:A8CXJ0|UniProtKB:A9Y8T8|UniProtKB:C0ZJA6|UniProtKB:E4Z841|UniProtKB:F2WJM2|UniProtKB:F3ZTT0|UniProtKB:L7N623|UniProtKB:P06107|UniProtKB:P06572|UniProtKB:P07287|UniProtKB:P09891|UniProtKB:P0A0H3|UniProtKB:P10337|UniProtKB:P13079|UniProtKB:P25256|UniProtKB:P39115|UniProtKB:P39386|UniProtKB:P45439|UniProtKB:Q00014|UniProtKB:Q04720|UniProtKB:Q182T3|UniProtKB:Q4KRH2|UniProtKB:Q54385|UniProtKB:Q5WJ42|UniProtKB:Q6KEY6|UniProtKB:Q6RX35|UniProtKB:Q6XFQ7|UniProtKB:Q79N53|UniProtKB:Q8KLN5|UniProtKB:Q8XMA6|UniProtKB:Q8Y8I3|UniProtKB:Q9K2Z3|UniProtKB:Q9KHQ6|UniProtKB:T1RRK4|UniProtKB:V5RL01	NCBITaxon:1038928|NCBITaxon:1120996|NCBITaxon:1280|NCBITaxon:1282|NCBITaxon:1283|NCBITaxon:1284|NCBITaxon:1292|NCBITaxon:1296|NCBITaxon:1299324|NCBITaxon:1311|NCBITaxon:1349|NCBITaxon:1351|NCBITaxon:1352|NCBITaxon:1363|NCBITaxon:1392|NCBITaxon:1598|NCBITaxon:169963|NCBITaxon:1766|NCBITaxon:1772|NCBITaxon:1906|NCBITaxon:1915|NCBITaxon:195102|NCBITaxon:224308|NCBITaxon:272563|NCBITaxon:278992|NCBITaxon:29382|NCBITaxon:31956|NCBITaxon:326423|NCBITaxon:358681|NCBITaxon:40091|NCBITaxon:405948|NCBITaxon:562|NCBITaxon:66692|NCBITaxon:679937|NCBITaxon:79880|NCBITaxon:80858|NCBITaxon:817|NCBITaxon:820|NCBITaxon:83331|NCBITaxon:83333	0	0	0			0		OPEN
CHEBI:64855	N-carbamoyl-L-cysteine	data/antibiotics/antifungal/n-carbamoyl-l-cysteine.yaml	APFSAMXTZRYBKF-REOHCLBHSA-N	ANTIFUNGAL	11d344f24749b664ae774830eecb978543f7dcd7fc077e1fd78b6f31f222a0b2	0	0	5	2	0	RECORDED_NAME_QUERIES_TRAVERSED_NOT_PRIMARY_REVIEW	False	0	0	0	0			0	0	0			0		OPEN
CHEBI:64901	mygalin	data/antibiotics/antibacterial/mygalin.yaml	LOUWELXLLQURSP-UHFFFAOYSA-N	ANTIBACTERIAL	ab854ce5ed653798cca84b9b63200faf23c088cf1ebc22841326485e4325b8f6	0	0	3	2	0	RECORDED_NAME_QUERIES_TRAVERSED_NOT_PRIMARY_REVIEW	False	0	0	0	0			0	0	0			0		OPEN
CHEBI:64984	7β-aminodeacetoxycephalosporanic acid	data/antibiotics/unspecified/7β-aminodeacetoxycephalosporanic-acid.yaml	NVIAYEIXYQCDAN-CLZZGJSISA-N	ANTIMICROBIAL_UNSPECIFIED	2f633d1900e929373409ffd72a59d4ecd06599f52ff3d8bed8cf56a5ce8665ba	0	0	15	5	0	RECORDED_NAME_QUERIES_TRAVERSED_NOT_PRIMARY_REVIEW	False	0	0	0	0			0	0	0			0		OPEN
CHEBI:65108	γ-L-glutamylbutirosin B	data/antibiotics/unspecified/γ-l-glutamylbutirosin-b.yaml	YGLNWHGPOZHVMV-BHZFYAMWSA-N	ANTIMICROBIAL_UNSPECIFIED	ff0c0adcc3aacd76820c240254a8c0c3efa26eb26c315246502d4b54d8c97afc	0	0	3	2	0	RECORDED_NAME_QUERIES_TRAVERSED_NOT_PRIMARY_REVIEW	False	0	0	0	0			0	0	0			0		OPEN
CHEBI:65110	butirosin B	data/antibiotics/unspecified/butirosin-b.yaml	XEQLFNPSYWZPOW-HBYCGHPUSA-N	ANTIMICROBIAL_UNSPECIFIED	9f2573b9875aed8f824a8f30479005b01cc6dff47298497f6ed56522393f0d16	0	0	4	2	0	RECORDED_NAME_QUERIES_TRAVERSED_NOT_PRIMARY_REVIEW	False	0	0	0	0			0	0	0			0		OPEN
CHEBI:65112	butirosin A	data/antibiotics/unspecified/butirosin-a.yaml	XEQLFNPSYWZPOW-SVRMBHBBSA-N	ANTIMICROBIAL_UNSPECIFIED	0518107c95631a6acf7cc13aac4450ecff85f09a95f584fe78320ae1a40de744	0	0	4	2	0	RECORDED_NAME_QUERIES_TRAVERSED_NOT_PRIMARY_REVIEW	False	0	0	0	0			0	0	0			0		OPEN
CHEBI:6518	lomefloxacin hydrochloride	data/antibiotics/antimycobacterial/lomefloxacin-hydrochloride.yaml	KXEBLAPZMOQCKO-UHFFFAOYSA-N	ANTIMYCOBACTERIAL	a28cbfa5bfdad36b2178e9c9c461ce6d66ac17876aa5d34bcfa2fe9cf94bc824	0	0	4	2	0	RECORDED_NAME_QUERIES_TRAVERSED_NOT_PRIMARY_REVIEW	False	0	0	0	0			0	0	0			0		OPEN
CHEBI:6521	lonchocarpenin	data/antibiotics/antiprotozoal/lonchocarpenin.yaml	CCYKXDPVYWRNMH-UHFFFAOYSA-N	ANTIPROTOZOAL	1f0e7988048541a6d9a921fb598072cfb4333340213b60a072131d15279c3b89	0	0	2	2	0	RECORDED_NAME_QUERIES_TRAVERSED_NOT_PRIMARY_REVIEW	False	0	0	0	0			0	0	0			0		OPEN
CHEBI:6532	loperamide	data/antibiotics/antiviral/loperamide.yaml	RDOIQAHITMMDAJ-UHFFFAOYSA-N	ANTIVIRAL	2fbee82cf921a7573e3b180711c4bd49e433c9b44d547c39c69555b9c8efa899	0	0	6	3	0	RECORDED_NAME_QUERIES_TRAVERSED_NOT_PRIMARY_REVIEW	False	0	0	0	0			0	0	0			0		OPEN
CHEBI:6533	loperamide hydrochloride	data/antibiotics/antiviral/loperamide-hydrochloride.yaml	PGYPOBZJRVSMDS-UHFFFAOYSA-N	ANTIVIRAL	717a4eafc93b01d7fae261c9840d490d38f6977db72f5a11a924962773c9d312	0	0	7	3	0	RECORDED_NAME_QUERIES_TRAVERSED_NOT_PRIMARY_REVIEW	False	0	0	0	0			0	0	0			0		OPEN
CHEBI:65361	acacetin-7-O-β-D-galactopyranoside	data/antibiotics/antiviral/acacetin-7-o-β-d-galactopyranoside.yaml	NLZCOTZRUWYPTP-WHCFWRGISA-N	ANTIVIRAL	3f4a1e738c2ad2ba7e73be27eb68ef6625217fb86944be37e4f0e041874d205e	0	0	4	2	0	RECORDED_NAME_QUERIES_TRAVERSED_NOT_PRIMARY_REVIEW	False	0	0	0	0			0	0	0			0		OPEN
CHEBI:65364	15-acetoxyorbiculin G	data/antibiotics/antimycobacterial/15-acetoxyorbiculin-g.yaml	YOWBCRNBOMRTPW-NPIRVHPYSA-N	ANTIMYCOBACTERIAL	1201a0d835ff1fb72e257bbe2023361d4b737feb1849e6153696210ce626cfa0	0	0	2	2	0	RECORDED_NAME_QUERIES_TRAVERSED_NOT_PRIMARY_REVIEW	False	0	0	0	0			0	0	0			0		OPEN
CHEBI:65367	8-acetoxyheterophyllisine	data/antibiotics/antifungal/8-acetoxyheterophyllisine.yaml	IYIKMJOMHPPBMO-FTTJKWPISA-N	ANTIFUNGAL	f2c3af5e27c718162026cc3a929ae3acf495bbfca79abc4459574c813bcf2d09	0	0	1	1	0	RECORDED_NAME_QUERIES_TRAVERSED_NOT_PRIMARY_REVIEW	False	0	0	0	0			0	0	0			0		OPEN
CHEBI:65371	adxanthromycin A	data/antibiotics/unspecified/adxanthromycin-a.yaml	JQXRWMLDLWYXKW-KWEXCAGTSA-N	ANTIMICROBIAL_UNSPECIFIED	24047d031d02b5018bcc4ed2b579d0406d71934f874e6f096c9f700c8723a0ef	0	0	2	2	0	RECORDED_NAME_QUERIES_TRAVERSED_NOT_PRIMARY_REVIEW	False	0	0	0	0			0	0	0			0		OPEN
CHEBI:65372	adxanthromycin B	data/antibiotics/unspecified/adxanthromycin-b.yaml	MVIOXXHCLPZAAQ-UMLDZSFSSA-N	ANTIMICROBIAL_UNSPECIFIED	f6075076c632a180defbd5fc2d68792ba55428347711e9eb18b9fca0a5a5e7a6	0	0	2	2	0	RECORDED_NAME_QUERIES_TRAVERSED_NOT_PRIMARY_REVIEW	False	0	0	0	0			0	0	0			0		OPEN
CHEBI:65375	agrochelin	data/antibiotics/unspecified/agrochelin.yaml	QZBCDLLHQSDFIG-ZEVBXJOLSA-N	ANTIMICROBIAL_UNSPECIFIED	8b86017344489dd625af513fa7c5d23c057fdfb292f0719fb4d016e7d32c65b3	0	0	2	2	0	RECORDED_NAME_QUERIES_TRAVERSED_NOT_PRIMARY_REVIEW	False	0	0	0	0			0	0	0			0		OPEN
CHEBI:65382	alisiaquinone A	data/antibiotics/antiprotozoal/alisiaquinone-a.yaml	HKHLFNJYCWZXPO-NCYKPQTJSA-N	ANTIPROTOZOAL	5290063a613a30ca6a75d03d4df0fd8cce41bde7a699e8b166deb405e303c5ff	0	0	2	2	0	RECORDED_NAME_QUERIES_TRAVERSED_NOT_PRIMARY_REVIEW	False	0	0	0	0			0	0	0			0		OPEN
CHEBI:65383	alisiaquinone B	data/antibiotics/antiprotozoal/alisiaquinone-b.yaml	FYMHBDYBAOKOHD-YSFYHYPLSA-N	ANTIPROTOZOAL	5b301eb7c85eb8a09be4469588ebbbf98b8e98badfdf2b1d6b4d1c10d03f68c1	0	0	2	2	0	RECORDED_NAME_QUERIES_TRAVERSED_NOT_PRIMARY_REVIEW	False	0	0	0	0			0	0	0			0		OPEN
CHEBI:65384	alisiaquninone C	data/antibiotics/antiprotozoal/alisiaquninone-c.yaml	SFWTYJIXVMNTBL-ODAXIHTASA-N	ANTIPROTOZOAL	349074973c62d7fdf228acf1247eb515b08cded8b0fbe2b9ed7d5c8a6959577c	0	0	2	2	0	RECORDED_NAME_QUERIES_TRAVERSED_NOT_PRIMARY_REVIEW	False	0	0	0	0			0	0	0			0		OPEN
CHEBI:65385	alisiaquinol	data/antibiotics/antiprotozoal/alisiaquinol.yaml	OBXVUUWPKYYYBL-NCYKPQTJSA-N	ANTIPROTOZOAL	05d6591bd89e0288dd62ae462235bc0c3ddd0b208d2b09b94628cf96e05ad343	0	0	2	2	0	RECORDED_NAME_QUERIES_TRAVERSED_NOT_PRIMARY_REVIEW	False	0	0	0	0			0	0	0			0		OPEN
CHEBI:65386	alismorientol A	data/antibiotics/antiviral/alismorientol-a.yaml	MAZFBCJNIUKTID-MNQBEEPXSA-N	ANTIVIRAL	f692600665c2c7fdc0d3c2689ef3d6f3ed6d6865e5b763d9087274fedd7559bf	0	0	3	2	0	RECORDED_NAME_QUERIES_TRAVERSED_NOT_PRIMARY_REVIEW	False	0	0	0	0			0	0	0			0		OPEN
CHEBI:65387	allanxanthone C	data/antibiotics/antiprotozoal/allanxanthone-c.yaml	QEJCXVUCARKGSY-UHFFFAOYSA-N	ANTIPROTOZOAL	94a8925625327ffe0b49307fb115321009a74c34b191a7dbba5097ad3be710ea	0	0	3	2	0	RECORDED_NAME_QUERIES_TRAVERSED_NOT_PRIMARY_REVIEW	False	0	0	0	0			0	0	0			0		OPEN
CHEBI:65400	ambiguine H	data/antibiotics/antibacterial/ambiguine-h.yaml	DBOXZAYTFKDLHJ-CSOFANMDSA-N	ANTIBACTERIAL	10bb8d8809faa5f0258d20869d244312c68b59648dd9c57d164abe4cea13872e	0	0	4	2	0	RECORDED_NAME_QUERIES_TRAVERSED_NOT_PRIMARY_REVIEW	False	0	0	0	0			0	0	0			0		OPEN
CHEBI:65401	ambiguine I	data/antibiotics/antibacterial/ambiguine-i.yaml	RVIIZRJMWFSNER-LJCLWVHTSA-N	ANTIBACTERIAL	1e1d77b1b1800751600376d57e7d79485f53c62d3540e2e2cde650900ae063d3	0	0	3	2	0	RECORDED_NAME_QUERIES_TRAVERSED_NOT_PRIMARY_REVIEW	False	0	0	0	0			0	0	0			0		OPEN
CHEBI:65402	amburoside A	data/antibiotics/antiprotozoal/amburoside-a.yaml	LRFIKYDSTHZRKW-BFMVXSJESA-N	ANTIPROTOZOAL	c957461d553c5dd80125c668dd70322cad7154a22e8fa680ae20f369e1b677db	0	0	3	2	0	RECORDED_NAME_QUERIES_TRAVERSED_NOT_PRIMARY_REVIEW	False	0	0	0	0			0	0	0			0		OPEN
CHEBI:65406	ancistrotanzanine A	data/antibiotics/antiprotozoal/ancistrotanzanine-a.yaml	QGIHYQPVZRSTNP-AWEZNQCLSA-N	ANTIPROTOZOAL	525cbccb2ddbf3f45c484cf7f514f658e8d43f85d46eaa02cf0bfbdc73758f7d	0	0	2	2	0	RECORDED_NAME_QUERIES_TRAVERSED_NOT_PRIMARY_REVIEW	False	0	0	0	0			0	0	0			0		OPEN
CHEBI:65407	ancistrotanzanine B	data/antibiotics/antiprotozoal/ancistrotanzanine-b.yaml	MIMNIDIHOQDTFD-HNNXBMFYSA-N	ANTIPROTOZOAL	101a6c1e6ed0966833bbd6b9da272e2b1bfa6681b4fccb49f7f5f3da3aace6b2	0	0	2	2	0	RECORDED_NAME_QUERIES_TRAVERSED_NOT_PRIMARY_REVIEW	False	0	0	0	0			0	0	0			0		OPEN
CHEBI:65408	andrographolide	data/antibiotics/antiviral/andrographolide.yaml	BOJKULTULYSRAS-OTESTREVSA-N	ANTIVIRAL	4ce40890f2e031c9afdbbba0a9322d5efbe94e161c9aa44d18a417aae2ee362d	0	0	5	2	0	RECORDED_NAME_QUERIES_TRAVERSED_NOT_PRIMARY_REVIEW	False	0	0	0	0			0	0	0			0		OPEN
CHEBI:65410	anolignan A	data/antibiotics/antiviral/anolignan-a.yaml	HFSAUGRJONZEDN-UHFFFAOYSA-N	ANTIVIRAL	0fd8df98a36ddf42b6cd794a7fe23587538bf3a210d1ca660ea2d9d8f9b8ca69	0	0	3	2	0	RECORDED_NAME_QUERIES_TRAVERSED_NOT_PRIMARY_REVIEW	False	0	0	0	0			0	0	0			0		OPEN
CHEBI:65411	anolignan B	data/antibiotics/antiviral/anolignan-b.yaml	VVKZAZVVUAFFGF-UHFFFAOYSA-N	ANTIVIRAL	02ce3101d99fa7086c0872012fe7d76304bfb6adedd7fab3614320f54240b6a1	0	0	4	2	0	RECORDED_NAME_QUERIES_TRAVERSED_NOT_PRIMARY_REVIEW	False	0	0	0	0			0	0	0			0		OPEN
CHEBI:65413	antimycin A9	data/antibiotics/unspecified/antimycin-a9.yaml	NAEDADOYRYAJDM-UHFFFAOYSA-N	ANTIMICROBIAL_UNSPECIFIED	f2f09f284da74e717164de1cfab02e94fdf3921dbffce17c72529da2af9a2423	0	0	2	2	0	RECORDED_NAME_QUERIES_TRAVERSED_NOT_PRIMARY_REVIEW	False	0	0	0	0			0	0	0			0		OPEN
CHEBI:65423	ardimerin digallate	data/antibiotics/antiviral/ardimerin-digallate.yaml	DXKGWDISVOGUDQ-XHWFIBSOSA-N	ANTIVIRAL	857dafd3f8a29b4193742034c84e8a6b4d90fe13aa935c667e9263077b97a4c1	0	0	2	2	0	RECORDED_NAME_QUERIES_TRAVERSED_NOT_PRIMARY_REVIEW	False	0	0	0	0			0	0	0			0		OPEN
CHEBI:65435	arisugacin A	data/antibiotics/unspecified/arisugacin-a.yaml	MIHBCQWIBJDVPX-JUDWXZBOSA-N	ANTIMICROBIAL_UNSPECIFIED	28c337fbb7376a1e20e4e57535e354a97c9ed19ebb5b4209adc1b0f15cbb9c05	0	0	2	2	0	RECORDED_NAME_QUERIES_TRAVERSED_NOT_PRIMARY_REVIEW	False	0	0	0	0			0	0	0			0		OPEN
CHEBI:65436	arisugacin B	data/antibiotics/unspecified/arisugacin-b.yaml	FNHNBWWIASUEQH-HVWQDESWSA-N	ANTIMICROBIAL_UNSPECIFIED	1de11726e41453343727ae67d19a0b2ab9f4e08dcad79f2523e07f48ae100e6a	0	0	2	2	0	RECORDED_NAME_QUERIES_TRAVERSED_NOT_PRIMARY_REVIEW	False	0	0	0	0			0	0	0			0		OPEN
CHEBI:65437	arisugacin C	data/antibiotics/unspecified/arisugacin-c.yaml	XKDGQMPLQPRTCS-HHPVDLARSA-N	ANTIMICROBIAL_UNSPECIFIED	6f9dfcf3e2248e5c6b0f8ae9f1049032e26dbed005441629644d0132f20b6ff7	0	0	2	2	0	RECORDED_NAME_QUERIES_TRAVERSED_NOT_PRIMARY_REVIEW	False	0	0	0	0			0	0	0			0		OPEN
CHEBI:65438	arisugacin D	data/antibiotics/unspecified/arisugacin-d.yaml	LHKWCVMCNOROFZ-MCPFUKIPSA-N	ANTIMICROBIAL_UNSPECIFIED	ae68b36915fed80e7746374a16fe91071c0b18bbb9bf69102aaced0bfb4fab8d	0	0	2	2	0	RECORDED_NAME_QUERIES_TRAVERSED_NOT_PRIMARY_REVIEW	False	0	0	0	0			0	0	0			0		OPEN
CHEBI:65443	AS-186a	data/antibiotics/unspecified/as-186a.yaml	UOWGLBYIKHMCIS-HNNXBMFYSA-N	ANTIMICROBIAL_UNSPECIFIED	3ef08a42fa85745735a67dcfeb902161f117c64a0a7588f13ad4d04fc27d48c9	0	0	4	2	0	RECORDED_NAME_QUERIES_TRAVERSED_NOT_PRIMARY_REVIEW	False	0	0	0	0			0	0	0			0		OPEN
CHEBI:65444	AS-186b	data/antibiotics/unspecified/as-186b.yaml	NUYFKDBCHFKOBT-IBGZPJMESA-N	ANTIMICROBIAL_UNSPECIFIED	12bef639a4c01a6edc373545b9b8731b03becbfc2253e89b1c7e6491f4fcf39c	0	0	5	2	0	RECORDED_NAME_QUERIES_TRAVERSED_NOT_PRIMARY_REVIEW	False	0	0	0	0			0	0	0			0		OPEN
CHEBI:65445	AS-186c	data/antibiotics/unspecified/as-186c.yaml	MQLUFEFCCDNPMA-UHFFFAOYSA-N	ANTIMICROBIAL_UNSPECIFIED	29ffffe143a647dcad8a772e327dc4337ce346b240760c9972518462264d284f	0	0	2	2	0	RECORDED_NAME_QUERIES_TRAVERSED_NOT_PRIMARY_REVIEW	False	0	0	0	0			0	0	0			0		OPEN
CHEBI:65446	AS-186g	data/antibiotics/unspecified/as-186g.yaml	MQLUFEFCCDNPMA-UHFFFAOYSA-N	ANTIMICROBIAL_UNSPECIFIED	e8c6cc66c0bbd8529fc31bc88d10aa5c35707c3dfb0c6090c6ee77993ae5ff5f	0	0	1	1	0	RECORDED_NAME_QUERIES_TRAVERSED_NOT_PRIMARY_REVIEW	False	0	0	0	0			0	0	0			0		OPEN
CHEBI:65453	asphodelin A	data/antibiotics/antibacterial/asphodelin-a.yaml	OZOZCKVLUMXFGS-UHFFFAOYSA-N	ANTIBACTERIAL	67f0dee00efb9d6817b8d0cac3bce35a626fb54568570f0fee5452a5bc8f5647	0	0	3	2	0	RECORDED_NAME_QUERIES_TRAVERSED_NOT_PRIMARY_REVIEW	False	0	0	0	0			0	0	0			0		OPEN
CHEBI:65454	asphodelin A-4'-O-β-glucoside	data/antibiotics/antibacterial/asphodelin-a-4-o-β-glucoside.yaml	OEZWCAHAQBRTTP-FKRBRYKNSA-N	ANTIBACTERIAL	6935e85c72cd820e802334caa1c81bd510e2982223a013c329c317571f51e65a	0	0	3	2	0	RECORDED_NAME_QUERIES_TRAVERSED_NOT_PRIMARY_REVIEW	False	0	0	0	0			0	0	0			0		OPEN
CHEBI:65458	aureoquinone	data/antibiotics/antibacterial/aureoquinone.yaml	REESKGYZXCEZKQ-UHFFFAOYSA-N	ANTIBACTERIAL	7756229eb3d393c0e6ed7da9d0d27fe8301752e59295a48a30905dd3a36d65ea	0	0	2	2	0	RECORDED_NAME_QUERIES_TRAVERSED_NOT_PRIMARY_REVIEW	False	0	0	0	0			0	0	0			0		OPEN
CHEBI:65459	australifungin	data/antibiotics/antifungal/australifungin.yaml	QURROFPXYUFYAZ-GFHGMWMXSA-N	ANTIFUNGAL	1ad9cd37d95c2dfde25442c9391a2b0a4ee3bff234ad0145b1e7b682cf5bf644	0	0	2	2	0	RECORDED_NAME_QUERIES_TRAVERSED_NOT_PRIMARY_REVIEW	False	0	0	0	0			0	0	0			0		OPEN
CHEBI:65461	azoxybacilin	data/antibiotics/antifungal/azoxybacilin.yaml	KFZWEFIJHQUPCM-JMRMDATBSA-N	ANTIFUNGAL	0f2250248d7768471be69bd7412cbc8a04d75ed7d53f349f75a30f9d98219bd4	0	0	3	2	0	RECORDED_NAME_QUERIES_TRAVERSED_NOT_PRIMARY_REVIEW	False	0	0	0	0			0	0	0			0		OPEN
CHEBI:65465	bassiatin	data/antibiotics/unspecified/bassiatin.yaml	YOKBTBNVNCFOBF-QWHCGFSZSA-N	ANTIMICROBIAL_UNSPECIFIED	73950982fc2f1d8001686c76e1f5d10c7a78dc7a7ca74eab32360bd686d60848	0	0	6	3	0	RECORDED_NAME_QUERIES_TRAVERSED_NOT_PRIMARY_REVIEW	False	0	0	0	0			0	0	0			0		OPEN
CHEBI:65466	batzelladine A	data/antibiotics/antiviral/batzelladine-a.yaml	WZGMBJKFYVONHF-LJQXCJTBSA-N	ANTIVIRAL	55d99cf84a8a6955924deffa232c4c224a7068a6b5fa74155ed729543b1da620	0	0	2	2	0	RECORDED_NAME_QUERIES_TRAVERSED_NOT_PRIMARY_REVIEW	False	0	0	0	0			0	0	0			0		OPEN
CHEBI:65467	batzelladine B	data/antibiotics/antiviral/batzelladine-b.yaml	CFRXQGXKLCOKGG-BNKKYZKKSA-N	ANTIVIRAL	9e4c8c5affe9fdb2208f65e5025a01a91ae8d027f7a0375d5ecc97b2b290b398	0	0	3	2	0	RECORDED_NAME_QUERIES_TRAVERSED_NOT_PRIMARY_REVIEW	False	0	0	0	0			0	0	0			0		OPEN
CHEBI:65468	bauhinoxepin A	data/antibiotics/antimycobacterial/bauhinoxepin-a.yaml	BQFBLGBPUARBGM-UHFFFAOYSA-N	ANTIMYCOBACTERIAL	5d3a38d80cd7b67d90c5dfd6a0c01fdbbc5ac29d538d349205a70cae08e94f25	0	0	2	2	0	RECORDED_NAME_QUERIES_TRAVERSED_NOT_PRIMARY_REVIEW	False	0	0	0	0			0	0	0			0		OPEN
CHEBI:65469	bauhinoxepin B	data/antibiotics/antimycobacterial/bauhinoxepin-b.yaml	LSRDCIRGVJBGRF-UHFFFAOYSA-N	ANTIMYCOBACTERIAL	89d3dec894efcd900c28930aacc3491d8f4ec9db4d364ce139aa986896bffdb3	0	0	2	2	0	RECORDED_NAME_QUERIES_TRAVERSED_NOT_PRIMARY_REVIEW	False	0	0	0	0			0	0	0			0		OPEN
CHEBI:65470	bauhinoxepin F	data/antibiotics/antimycobacterial/bauhinoxepin-f.yaml	XVMLDDFWHNGJME-UHFFFAOYSA-N	ANTIMYCOBACTERIAL	4a3d099ed479f5337afea0d6473dde5bef26f7b462c1be62e018623c01888c2c	0	0	3	2	0	RECORDED_NAME_QUERIES_TRAVERSED_NOT_PRIMARY_REVIEW	False	0	0	0	0			0	0	0			0		OPEN
CHEBI:65471	bauhinoxepin I	data/antibiotics/antimycobacterial/bauhinoxepin-i.yaml	ATBQBNKWWGOEFJ-UHFFFAOYSA-N	ANTIMYCOBACTERIAL	45cdff3c5e9b5ee7da67689330e59dc634e60c03f11a8c7a48086cb004c73f7f	0	0	3	2	0	RECORDED_NAME_QUERIES_TRAVERSED_NOT_PRIMARY_REVIEW	False	0	0	0	0			0	0	0			0		OPEN
CHEBI:65472	bauhinoxepin J	data/antibiotics/antimycobacterial/bauhinoxepin-j.yaml	LAAFMXBDDPXIKZ-UHFFFAOYSA-N	ANTIMYCOBACTERIAL	1d8e91dc21ebb758ad642d54a0c6c67479d813dcef496e6a85c58593ba1af610	0	0	3	2	0	RECORDED_NAME_QUERIES_TRAVERSED_NOT_PRIMARY_REVIEW	False	0	0	0	0			0	0	0			0		OPEN
CHEBI:65473	BE-23372M	data/antibiotics/unspecified/be-23372m.yaml	TZBZGNPXKXHFKI-VZUCSPMQSA-N	ANTIMICROBIAL_UNSPECIFIED	22ccd0185b0560739fc7f985bc3231d3c26e105c1adfc3c9726a5dda31da80e2	0	0	2	2	0	RECORDED_NAME_QUERIES_TRAVERSED_NOT_PRIMARY_REVIEW	False	0	0	0	0			0	0	0			0		OPEN
CHEBI:65474	BE-24566B	data/antibiotics/antibacterial/be-24566b.yaml	MDUGEFRGUDVHQH-UHFFFAOYSA-N	ANTIBACTERIAL	ec6871311f64bc123e27c5d5f3b7e503bd0b081e057509b3e8a82a9792d14b8a	0	0	2	2	0	RECORDED_NAME_QUERIES_TRAVERSED_NOT_PRIMARY_REVIEW	False	0	0	0	0			0	0	0			0		OPEN
CHEBI:65475	BE-54238A	data/antibiotics/unspecified/be-54238a.yaml	AWMWNWIBOOYESP-UHFFFAOYSA-N	ANTIMICROBIAL_UNSPECIFIED	f30efcf800a86779a0037bad21097bae7560023bceecc48f7b0392437f482430	0	0	2	2	0	RECORDED_NAME_QUERIES_TRAVERSED_NOT_PRIMARY_REVIEW	False	0	0	0	0			0	0	0			0		OPEN
CHEBI:65476	BE-54238B	data/antibiotics/unspecified/be-54238b.yaml	GROPDRMIDADBEP-UHFFFAOYSA-N	ANTIMICROBIAL_UNSPECIFIED	48389b4e92f2d7f7d157834a379b05c4609feb8aa24bdaa55f7af29aa2490603	0	0	2	2	0	RECORDED_NAME_QUERIES_TRAVERSED_NOT_PRIMARY_REVIEW	False	0	0	0	0			0	0	0			0		OPEN
CHEBI:65483	benzastatin C	data/antibiotics/antiviral/benzastatin-c.yaml	AHGKSZXKDPGMQU-IEBWSBKVSA-N	ANTIVIRAL	e42c579bd836c23282e20a5fd915552fd47a3264ee29ffb6e845c172b3ba4eab	0	0	2	2	0	RECORDED_NAME_QUERIES_TRAVERSED_NOT_PRIMARY_REVIEW	False	0	0	0	0			0	0	0			0		OPEN
CHEBI:65484	bevirimat	data/antibiotics/antiviral/bevirimat.yaml	YJEJKUQEXFSVCJ-WRFMNRASSA-N	ANTIVIRAL	2894f5b4c56f5716b102720362a56e69279661421faff7dcc5c30a0954f01566	1	0	7	3	0	RECORDED_NAME_QUERIES_TRAVERSED_NOT_PRIMARY_REVIEW	False	0	0	0	0			0	0	0			0		OPEN
CHEBI:65485	dihydrobetulinic acid	data/antibiotics/antiprotozoal/dihydrobetulinic-acid.yaml	PZXJOHSZQAEJFE-FZFNOLFKSA-N	ANTIPROTOZOAL	5ef68e9443550f99d33aa94814d96ea668b6473fe85e89961279437cfc1d26e3	0	0	3	2	0	RECORDED_NAME_QUERIES_TRAVERSED_NOT_PRIMARY_REVIEW	False	0	0	0	0			0	0	0			0		OPEN
CHEBI:65487	platanic acid	data/antibiotics/antiviral/platanic-acid.yaml	RVMPLOSJMIQORE-FUAAEJBOSA-N	ANTIVIRAL	d78159a3774f7fbbc841f548020a11e9a7863ada145688a9624b9e8efbcd3726	0	0	3	2	0	RECORDED_NAME_QUERIES_TRAVERSED_NOT_PRIMARY_REVIEW	False	0	0	0	0			0	0	0			0		OPEN
CHEBI:65492	bidebiline C	data/antibiotics/antiprotozoal/bidebiline-c.yaml	OJNKDUUHVWZPHM-UHFFFAOYSA-N	ANTIPROTOZOAL	3fa9481eea92b77010db3982aeda540e0b32e896083300121971ea76fa796807	0	0	3	2	0	RECORDED_NAME_QUERIES_TRAVERSED_NOT_PRIMARY_REVIEW	False	0	0	0	0			0	0	0			0		OPEN
CHEBI:65493	bidebiline D	data/antibiotics/antiprotozoal/bidebiline-d.yaml	HXKKJKCNOAUCEJ-UHFFFAOYSA-N	ANTIPROTOZOAL	6db24556fa8f02123a042a5c1a99b8b55d867d58d14af1ef20a7341bab00083c	0	0	3	2	0	RECORDED_NAME_QUERIES_TRAVERSED_NOT_PRIMARY_REVIEW	False	0	0	0	0			0	0	0			0		OPEN
CHEBI:65496	6,6'-bieckol	data/antibiotics/antiviral/6-6-bieckol.yaml	HBJNTPFHQKXWOY-UHFFFAOYSA-N	ANTIVIRAL	6822dace6337076d9aec2d582d6d2ab99b40a74ba43f669be1739cd7650dece3	0	0	4	2	0	RECORDED_NAME_QUERIES_TRAVERSED_NOT_PRIMARY_REVIEW	False	0	0	0	0			0	0	0			0		OPEN
CHEBI:65497	bielschowskysin	data/antibiotics/antiprotozoal/bielschowskysin.yaml	BILSMHBWRCOPGJ-RASNQSQESA-N	ANTIPROTOZOAL	383caf47375d84ad4c6d3705ee943cc997cb45b2694a053f94b05ce0403af352	0	0	2	2	0	RECORDED_NAME_QUERIES_TRAVERSED_NOT_PRIMARY_REVIEW	False	0	0	0	0			0	0	0			0		OPEN
CHEBI:65498	bipinnatone A	data/antibiotics/antiprotozoal/bipinnatone-a.yaml	SJBBGMVJNAOUOI-VLURGLOZSA-N	ANTIPROTOZOAL	f00e7cdbd75ce14d39403514863ccb368ff2b44bb3bc71adea13ca6c59471c48	0	0	2	2	0	RECORDED_NAME_QUERIES_TRAVERSED_NOT_PRIMARY_REVIEW	False	0	0	0	0			0	0	0			0		OPEN
CHEBI:65499	bipinnatone B	data/antibiotics/antiprotozoal/bipinnatone-b.yaml	NJIYMLLTXNGJHV-REZTVBANSA-N	ANTIPROTOZOAL	aadd0b368b196d7faea4366a201bb867a5013fe5cb11c1f7c1815b30bf338b60	0	0	2	2	0	RECORDED_NAME_QUERIES_TRAVERSED_NOT_PRIMARY_REVIEW	False	0	0	0	0			0	0	0			0		OPEN
CHEBI:65511	blancoxanthone	data/antibiotics/antiviral/blancoxanthone.yaml	VCRGQEOJJJBBNZ-UHFFFAOYSA-N	ANTIVIRAL	850a9b521e556060daa2df53b86fca2012a00f69f4b41edb2e4891eddaceffe3	0	0	3	2	0	RECORDED_NAME_QUERIES_TRAVERSED_NOT_PRIMARY_REVIEW	False	0	0	0	0			0	0	0			0		OPEN
CHEBI:65512	brartemicin	data/antibiotics/unspecified/brartemicin.yaml	UZVUYEBJQAEAGM-SHSJKSAASA-N	ANTIMICROBIAL_UNSPECIFIED	eec8173212f58ad077e52a5288f5606e974e98c170a5318a7e85c51d8c3c9782	0	0	2	2	0	RECORDED_NAME_QUERIES_TRAVERSED_NOT_PRIMARY_REVIEW	False	0	0	0	0			0	0	0			0		OPEN
CHEBI:65513	brasilicardin A	data/antibiotics/unspecified/brasilicardin-a.yaml	SAZHWKBRJJLWKC-YFSQLXLCSA-N	ANTIMICROBIAL_UNSPECIFIED	de87761024385002802ea67fca692c54b157bea01dbd7aa7261db0aa45f3403a	0	0	1	1	0	RECORDED_NAME_QUERIES_TRAVERSED_NOT_PRIMARY_REVIEW	False	0	0	0	0			0	0	0			0		OPEN
CHEBI:65514	brasilinolide A	data/antibiotics/antifungal/brasilinolide-a.yaml	MVSIZSYJQDRVAV-XMTLADTRSA-N	ANTIFUNGAL	01db634edb2af06f15d5449919e7ef798c8aa80a8f1d2b34c7cccb283e3b8fb5	0	0	2	2	0	RECORDED_NAME_QUERIES_TRAVERSED_NOT_PRIMARY_REVIEW	False	0	0	0	0			0	0	0			0		OPEN
CHEBI:65515	brasilinolide B	data/antibiotics/antifungal/brasilinolide-b.yaml	AXFOSMASHUQEMX-QWVZVQMISA-N	ANTIFUNGAL	1f944188015b759f1238204461dafd15f52ae8671f60e1bb9c7b524130517345	0	0	2	2	0	RECORDED_NAME_QUERIES_TRAVERSED_NOT_PRIMARY_REVIEW	False	0	0	0	0			0	0	0			0		OPEN
CHEBI:65516	brasiliquinone A	data/antibiotics/antibacterial/brasiliquinone-a.yaml	GMELFDQPUZSJEE-XHBGPGOOSA-N	ANTIBACTERIAL	524ff8348effd46d784304c77a22be9fe31fcaca79dd6b940f646a2ac300187d	0	0	2	2	0	RECORDED_NAME_QUERIES_TRAVERSED_NOT_PRIMARY_REVIEW	False	0	0	0	0			0	0	0			0		OPEN
CHEBI:65517	brasiliquinone B	data/antibiotics/antibacterial/brasiliquinone-b.yaml	YXEPHAVILJDRHK-VIFPVBQESA-N	ANTIBACTERIAL	d64eaaec990487964f500c6c6be4459002b639612014fdbbf52a4fb9741d1069	0	0	2	2	0	RECORDED_NAME_QUERIES_TRAVERSED_NOT_PRIMARY_REVIEW	False	0	0	0	0			0	0	0			0		OPEN
CHEBI:65518	brasiliquinone C	data/antibiotics/antibacterial/brasiliquinone-c.yaml	JCMDNBJXOUWFMR-JTQLQIEISA-N	ANTIBACTERIAL	57441f0de00a01043ff6375aabca0a8813f06084a58ba95c86a340b717bf8842	0	0	2	2	0	RECORDED_NAME_QUERIES_TRAVERSED_NOT_PRIMARY_REVIEW	False	0	0	0	0			0	0	0			0		OPEN
CHEBI:65524	5-bromo-8-methoxy-1-methyl-β-carboline	data/antibiotics/antibacterial/5-bromo-8-methoxy-1-methyl-β-carboline.yaml	OVNRKQHNHZRXHF-UHFFFAOYSA-N	ANTIBACTERIAL	af1af5a277c719338cd0af3309b1934f244df1b27f3959a9146b6d8771eeb807	0	0	2	2	0	RECORDED_NAME_QUERIES_TRAVERSED_NOT_PRIMARY_REVIEW	False	0	0	0	0			0	0	0			0		OPEN
CHEBI:65525	bromophycolide A	data/antibiotics/antibacterial/bromophycolide-a.yaml	SKIHYPQTROYIIT-VHXXJFIISA-N	ANTIBACTERIAL	605b31fe8092599154925439ee397351313c3f611f2b6f294a7e645980320861	0	0	2	2	0	RECORDED_NAME_QUERIES_TRAVERSED_NOT_PRIMARY_REVIEW	False	0	0	0	0			0	0	0			0		OPEN
CHEBI:65529	bruceolide	data/antibiotics/antiprotozoal/bruceolide.yaml	YLWQKYSDNGHLAO-PWRINDRCSA-N	ANTIPROTOZOAL	0a29b4067678e12bd4136b0ea20fb3154b72d6b36d2009f28f222a14f4005dd5	0	0	3	2	0	RECORDED_NAME_QUERIES_TRAVERSED_NOT_PRIMARY_REVIEW	False	0	0	0	0			0	0	0			0		OPEN
CHEBI:65532	3,15-di-O-acetylbruceolide	data/antibiotics/antiprotozoal/3-15-di-o-acetylbruceolide.yaml	ZDBJNNBVIRSCJN-LFVFYYESSA-N	ANTIPROTOZOAL	984d8bccf2ba43e98ba6a5fa67dd2661235f52abd28c8d6d51dfb909b8362d7b	0	0	2	2	0	RECORDED_NAME_QUERIES_TRAVERSED_NOT_PRIMARY_REVIEW	False	0	0	0	0			0	0	0			0		OPEN
CHEBI:65534	22α-methoxy-3-β-O-{β-D-Xylp(1→3)-[β-D-Glcp-(1→2)]-β-D-Glcp-(1→4)-β-D-Glcp}-furost-3β,26-diol 26-O-β-D-Glcp	data/antibiotics/antiprotozoal/22α-methoxy-3-β-o-β-d-xylp-13-β-d-glcp-12-β-d-glcp-14-β-d-glcp-furost-.yaml	QOKZNLCOQRNCTQ-XFBOQIBUSA-N	ANTIPROTOZOAL	073a04190a1408c24d1ea1ae55300d0e8de3add08b4e3d1835cfa55e418646fb	0	0	3	2	0	RECORDED_NAME_QUERIES_TRAVERSED_NOT_PRIMARY_REVIEW	False	0	0	0	0			0	0	0			0		OPEN
CHEBI:65537	(R)-7-butyl-6,8-dihydroxy-3-[(3E)-pent-3-en-1-yl]-3,4-dihydroisochromen-1-one	data/antibiotics/antimycobacterial/r-7-butyl-6-8-dihydroxy-3-3e-pent-3-en-1-yl-3-4-dihydroisochromen-1-on.yaml	RNIKQZXKWIZFHL-MASHWEEQSA-N	ANTIMYCOBACTERIAL	1e33483b0c50990a1dc6ced21da42171946f1b92077f74ff82fcdbd4a1dba0f2	0	0	3	2	0	RECORDED_NAME_QUERIES_TRAVERSED_NOT_PRIMARY_REVIEW	False	0	0	0	0			0	0	0			0		OPEN
CHEBI:65539	caesalpinin C	data/antibiotics/antiprotozoal/caesalpinin-c.yaml	MYVHVFGKOZGBLW-RAMHWAOYSA-N	ANTIPROTOZOAL	d5276e83548da777105db6ea4a4305ff282f029cfa222000efa6d9dc180d0ceb	0	0	2	2	0	RECORDED_NAME_QUERIES_TRAVERSED_NOT_PRIMARY_REVIEW	False	0	0	0	0			0	0	0			0		OPEN
CHEBI:65540	caesalpinin D	data/antibiotics/antiprotozoal/caesalpinin-d.yaml	QAYOIGPJKWWLOT-WXRFRXGMSA-N	ANTIPROTOZOAL	a417cb38e1592afbd38c2a3f4bbfce05bf15fafa4ab92c8f034393e9275eb2a1	0	0	2	2	0	RECORDED_NAME_QUERIES_TRAVERSED_NOT_PRIMARY_REVIEW	False	0	0	0	0			0	0	0			0		OPEN
CHEBI:65541	caesalpinin F	data/antibiotics/antiprotozoal/caesalpinin-f.yaml	FGVVZVPAVGZHMX-SHLUOHGRSA-N	ANTIPROTOZOAL	571884ccc923a61122c1e534ef5b8a4f53402d25a1e94fdd93e2f34738960450	0	0	2	2	0	RECORDED_NAME_QUERIES_TRAVERSED_NOT_PRIMARY_REVIEW	False	0	0	0	0			0	0	0			0		OPEN
CHEBI:65544	norcaesalpinin D	data/antibiotics/antiprotozoal/norcaesalpinin-d.yaml	SJZIFWGVHGVKAH-AVZLBZSXSA-N	ANTIPROTOZOAL	2bc8661a961ab256e3528ae57c076edd22af33d359187585ee681c1deca90472	0	0	2	2	0	RECORDED_NAME_QUERIES_TRAVERSED_NOT_PRIMARY_REVIEW	False	0	0	0	0			0	0	0			0		OPEN
CHEBI:65545	norcaesalpinin E	data/antibiotics/antiprotozoal/norcaesalpinin-e.yaml	IBALQPBIWZLHPR-SJEMMDPOSA-N	ANTIPROTOZOAL	1befac5bcb3f89705e489fe138f27f772985f2e6e57c0a7d564b53eeeaeb478c	0	0	2	2	0	RECORDED_NAME_QUERIES_TRAVERSED_NOT_PRIMARY_REVIEW	False	0	0	0	0			0	0	0			0		OPEN
CHEBI:65546	CAF-603	data/antibiotics/antifungal/caf-603.yaml	WBVHJGBFCZGJRZ-CBBWQLFWSA-N	ANTIFUNGAL	06ee0ac13449156533e405fa21ddb9c97be5c889399171838dd22ebc808f4d51	0	0	2	2	0	RECORDED_NAME_QUERIES_TRAVERSED_NOT_PRIMARY_REVIEW	False	0	0	0	0			0	0	0			0		OPEN
CHEBI:65549	3-(Z)-caffeoyllupeol	data/antibiotics/antiprotozoal/3-z-caffeoyllupeol.yaml	NIKLINODNHPPMX-JPXCXHODSA-N	ANTIPROTOZOAL	a101b1acd6471b50212d64d5b564627709511a0ee58ca9f1f4fa462cb4768f0f	0	0	2	2	0	RECORDED_NAME_QUERIES_TRAVERSED_NOT_PRIMARY_REVIEW	False	0	0	0	0			0	0	0			0		OPEN
CHEBI:65552	(+)-calanolide A	data/antibiotics/antiviral/calanolide-a.yaml	NIDRYBLTWYFCFV-FMTVUPSXSA-N	ANTIVIRAL	84f223bcae626edd91b9089a2525ac31a10e649a70de355c56d60f79229b58d6	0	0	5	2	0	RECORDED_NAME_QUERIES_TRAVERSED_NOT_PRIMARY_REVIEW	False	0	0	0	0			0	0	0			0		OPEN
CHEBI:65553	(−)-calanolide B	data/antibiotics/antiviral/calanolide-b.yaml	NIDRYBLTWYFCFV-PZROIBLQSA-N	ANTIVIRAL	bc3113d12d002404e25cafe44a5710d6cebf883865b83ce2b4a64ec5dbca9a9f	0	0	5	2	0	RECORDED_NAME_QUERIES_TRAVERSED_NOT_PRIMARY_REVIEW	False	0	0	0	0			0	0	0			0		OPEN
CHEBI:65556	callipeltin A	data/antibiotics/antifungal/callipeltin-a.yaml	UDTRUOCOOZKCCT-QVVVRIHHSA-N	ANTIFUNGAL	f8de94a3bfd2330963829c2e6d39bdcf8bbba8990842a351a8723361da2f7a55	0	0	2	2	0	RECORDED_NAME_QUERIES_TRAVERSED_NOT_PRIMARY_REVIEW	False	0	0	0	0			0	0	0			0		OPEN
CHEBI:65557	callophycoic acid A	data/antibiotics/antibacterial/callophycoic-acid-a.yaml	UWOQPCLHJDMFFV-FXSXARLRSA-N	ANTIBACTERIAL	b605a4b4ceda9f248a94b269d06cadd4c652648287ceeebeb93ce4115a0bd8c7	0	0	2	2	0	RECORDED_NAME_QUERIES_TRAVERSED_NOT_PRIMARY_REVIEW	False	0	0	0	0			0	0	0			0		OPEN
CHEBI:65558	callophycoic acid B	data/antibiotics/antibacterial/callophycoic-acid-b.yaml	QVXPDENFBGGWAY-FXSXARLRSA-N	ANTIBACTERIAL	254cd8dbc6f05cc8eb5f5c3e6ed2fda4e458f62b3c9683cf273f1bc4cab13390	0	0	2	2	0	RECORDED_NAME_QUERIES_TRAVERSED_NOT_PRIMARY_REVIEW	False	0	0	0	0			0	0	0			0		OPEN
CHEBI:65559	callophycoic acid C	data/antibiotics/antibacterial/callophycoic-acid-c.yaml	HKJSNLGQALZKKO-KXSKSBKOSA-N	ANTIBACTERIAL	a94a2f85e2be902267898ba1c36ff4137f0b58c56c39f4ad16f98b4e7d5d528a	0	0	2	2	0	RECORDED_NAME_QUERIES_TRAVERSED_NOT_PRIMARY_REVIEW	False	0	0	0	0			0	0	0			0		OPEN
CHEBI:65560	callophycoic acid D	data/antibiotics/antibacterial/callophycoic-acid-d.yaml	JTJHSEFMUWUYLU-KXSKSBKOSA-N	ANTIBACTERIAL	cf15703410c1e9e0882483a2bd4f93aebd0814a6584ee75c0415cf1d5626204b	0	0	2	2	0	RECORDED_NAME_QUERIES_TRAVERSED_NOT_PRIMARY_REVIEW	False	0	0	0	0			0	0	0			0		OPEN
CHEBI:65561	callophycoic acid E	data/antibiotics/antibacterial/callophycoic-acid-e.yaml	PSYSMHVCBGMCIW-FBHGCBBZSA-N	ANTIBACTERIAL	9f4ed2a7c99d2c98f924abc034143f2d1070dbff536caec00a8c737b63ae8215	0	0	2	2	0	RECORDED_NAME_QUERIES_TRAVERSED_NOT_PRIMARY_REVIEW	False	0	0	0	0			0	0	0			0		OPEN
CHEBI:65562	callophycoic acid F	data/antibiotics/antibacterial/callophycoic-acid-f.yaml	URXNJUNXUWLMAY-KZVLYIKRSA-N	ANTIBACTERIAL	79df2557b2612db41d475ef98485580a660c39b7edbef7f74e0a7f3b89f7a277	0	0	2	2	0	RECORDED_NAME_QUERIES_TRAVERSED_NOT_PRIMARY_REVIEW	False	0	0	0	0			0	0	0			0		OPEN
CHEBI:65563	callophycoic acid G	data/antibiotics/antibacterial/callophycoic-acid-g.yaml	QCSKWFANIUTEHG-KDIQAUPYSA-N	ANTIBACTERIAL	41ea2908fa1c1d4ed5e117e94730b00aac0c40030383dbbe872fac910113ebdf	0	0	2	2	0	RECORDED_NAME_QUERIES_TRAVERSED_NOT_PRIMARY_REVIEW	False	0	0	0	0			0	0	0			0		OPEN
CHEBI:65564	callophycoic acid H	data/antibiotics/antibacterial/callophycoic-acid-h.yaml	JGBUIUFDBKKZNT-WBNSUDINSA-N	ANTIBACTERIAL	314b445408c2c8ecc6f00816206be9852622025aa39b7ee3115fe4b0fc075dd0	0	0	2	2	0	RECORDED_NAME_QUERIES_TRAVERSED_NOT_PRIMARY_REVIEW	False	0	0	0	0			0	0	0			0		OPEN
CHEBI:65565	callophycol A	data/antibiotics/antibacterial/callophycol-a.yaml	RWUQIKIJRXVZFL-ZSCBFHBVSA-N	ANTIBACTERIAL	40872e597d99e601ede61ed4fb30d6f4a15f8efca91f987383eee13e8257ed5c	0	0	2	2	0	RECORDED_NAME_QUERIES_TRAVERSED_NOT_PRIMARY_REVIEW	False	0	0	0	0			0	0	0			0		OPEN
CHEBI:65566	callophycol B	data/antibiotics/antibacterial/callophycol-b.yaml	NFMVWIXBGOEENC-VJCWLMRASA-N	ANTIBACTERIAL	f690820b77fedf3f281f8c8b307d59a8f61ff8826afd80ff9b16e171533c24a1	0	0	2	2	0	RECORDED_NAME_QUERIES_TRAVERSED_NOT_PRIMARY_REVIEW	False	0	0	0	0			0	0	0			0		OPEN
CHEBI:65570	caminoside A	data/antibiotics/antibacterial/caminoside-a.yaml	XTQWRNIJLVUYJY-ZFMPSFEPSA-N	ANTIBACTERIAL	68c2b782fa323b1dab383cdd880150809a76f64b70dfeefc919e245ac576518f	0	0	2	2	0	RECORDED_NAME_QUERIES_TRAVERSED_NOT_PRIMARY_REVIEW	False	0	0	0	0			0	0	0			0		OPEN
CHEBI:65580	caribenol A	data/antibiotics/antimycobacterial/caribenol-a.yaml	JHCPXISTONUFKB-UUBMZHIOSA-N	ANTIMYCOBACTERIAL	f9989290060897f0459a9665265bf8e0772bba9880a590c79f8bb1bc7dcbe326	0	0	2	2	0	RECORDED_NAME_QUERIES_TRAVERSED_NOT_PRIMARY_REVIEW	False	0	0	0	0			0	0	0			0		OPEN
CHEBI:65581	caribenol B	data/antibiotics/antiprotozoal/caribenol-b.yaml	UZKZXPWGNRCNCM-NDNLJYSTSA-N	ANTIPROTOZOAL	158379a9d677dc4418f323bb47fb4049e7ef7fa5f65c1532b32dcef86df2b624	0	0	2	2	0	RECORDED_NAME_QUERIES_TRAVERSED_NOT_PRIMARY_REVIEW	False	0	0	0	0			0	0	0			0		OPEN
CHEBI:65583	dragomabin	data/antibiotics/antiprotozoal/dragomabin.yaml	JAYHQHZOWYDLDQ-PONGSQKHSA-N	ANTIPROTOZOAL	58f9e2cb95da1b869611a10c34b85f9b16c271cd9b4d00882b037e2d4b8472e3	0	0	2	2	0	RECORDED_NAME_QUERIES_TRAVERSED_NOT_PRIMARY_REVIEW	False	0	0	0	0			0	0	0			0		OPEN
CHEBI:65584	dragonamide A	data/antibiotics/antiprotozoal/dragonamide-a.yaml	LFBMRFDBJDFLTN-QDNWXXHKSA-N	ANTIPROTOZOAL	3a26a43fcf11f940a69b555b1d87323ec16743f0ce56e8dbed241ffe6808ecc8	0	0	2	2	0	RECORDED_NAME_QUERIES_TRAVERSED_NOT_PRIMARY_REVIEW	False	0	0	0	0			0	0	0			0		OPEN
CHEBI:65585	carnosic acid	data/antibiotics/antiviral/carnosic-acid.yaml	QRYRORQUOLYVBU-VBKZILBWSA-N	ANTIVIRAL	ca00d9345dbe9ab65923359b0c2140a34078574879f938750f257fb83d6badb2	0	0	5	2	0	RECORDED_NAME_QUERIES_TRAVERSED_NOT_PRIMARY_REVIEW	False	0	0	0	0			0	0	0			0		OPEN
CHEBI:65592	caseargrewiin A	data/antibiotics/antimycobacterial/caseargrewiin-a.yaml	OSFRHUJJEKKRCH-GTMUTZHESA-N	ANTIMYCOBACTERIAL	53cb51a52e92c9c911956afa7674ab4accc23a920275926fd7e9a95ca4d85432	0	0	3	2	0	RECORDED_NAME_QUERIES_TRAVERSED_NOT_PRIMARY_REVIEW	False	0	0	0	0			0	0	0			0		OPEN
CHEBI:65593	caseargrewiin B	data/antibiotics/antimycobacterial/caseargrewiin-b.yaml	YJKQLKAAMAXUDU-LRBOKHHASA-N	ANTIMYCOBACTERIAL	5deb4a7fffdb2ae56529eff55f5ddc39fc0136872a8b0e8c6771de2335c094c5	0	0	3	2	0	RECORDED_NAME_QUERIES_TRAVERSED_NOT_PRIMARY_REVIEW	False	0	0	0	0			0	0	0			0		OPEN
CHEBI:65594	caseargrewiin C	data/antibiotics/antimycobacterial/caseargrewiin-c.yaml	FKSLEDQKNYSZPO-BQLSBOTOSA-N	ANTIMYCOBACTERIAL	548478ee8a0bd3484e23a8ab7fc59efb7ba13a19b47360b6709850a690f8e21d	0	0	3	2	0	RECORDED_NAME_QUERIES_TRAVERSED_NOT_PRIMARY_REVIEW	False	0	0	0	0			0	0	0			0		OPEN
CHEBI:65595	caseargrewiin D	data/antibiotics/antimycobacterial/caseargrewiin-d.yaml	CLMGAZWYZXAAJO-FURQXPDPSA-N	ANTIMYCOBACTERIAL	58d6333f360776728bf5d4a2b66c96f8032fd0d4a9d251a4f44cd8a7e7b5272d	0	0	3	2	0	RECORDED_NAME_QUERIES_TRAVERSED_NOT_PRIMARY_REVIEW	False	0	0	0	0			0	0	0			0		OPEN
CHEBI:65596	cassiarin A	data/antibiotics/antiprotozoal/cassiarin-a.yaml	PEFIRMBVFBVVGZ-UHFFFAOYSA-N	ANTIPROTOZOAL	fcb2c4dc8feb55a2dd3853687de834be328e9dd38509e436ff9d7d2360e3d8d4	0	0	2	2	0	RECORDED_NAME_QUERIES_TRAVERSED_NOT_PRIMARY_REVIEW	False	0	0	0	0			0	0	0			0		OPEN
CHEBI:65597	cassiarin B	data/antibiotics/antiprotozoal/cassiarin-b.yaml	OTLORQJLOJHVHW-UHFFFAOYSA-N	ANTIPROTOZOAL	996badecdf4c2e8bc5266146b21fb78cade95f4c2283ab2aa12d315eb4f7338f	0	0	2	2	0	RECORDED_NAME_QUERIES_TRAVERSED_NOT_PRIMARY_REVIEW	False	0	0	0	0			0	0	0			0		OPEN
CHEBI:65599	cathestatin A	data/antibiotics/unspecified/cathestatin-a.yaml	ZERGYHMBBZCBJM-IHRRRGAJSA-N	ANTIMICROBIAL_UNSPECIFIED	116feb2123dbd09530bb8d2f039cc6649afaec8222fc736c77a30478203032b1	0	0	2	2	0	RECORDED_NAME_QUERIES_TRAVERSED_NOT_PRIMARY_REVIEW	False	0	0	0	0			0	0	0			0		OPEN
CHEBI:65600	cathestatin B	data/antibiotics/unspecified/cathestatin-b.yaml	JAJMETBQBCMJSZ-IHRRRGAJSA-N	ANTIMICROBIAL_UNSPECIFIED	43ded1a02331517a89256ae0efde1b555b9d2d5b192a83f59eea057bbcbda024	0	0	2	2	0	RECORDED_NAME_QUERIES_TRAVERSED_NOT_PRIMARY_REVIEW	False	0	0	0	0			0	0	0			0		OPEN
CHEBI:65605	celasdin B	data/antibiotics/antiviral/celasdin-b.yaml	ZGPGTQGECMDFNI-OJEITCFUSA-N	ANTIVIRAL	76923451656827a0689e4b08e6fc63ef9a232c95282225a7a805eea610f2e3e4	0	0	2	2	0	RECORDED_NAME_QUERIES_TRAVERSED_NOT_PRIMARY_REVIEW	False	0	0	0	0			0	0	0			0		OPEN
CHEBI:65606	celebixanthone	data/antibiotics/antiprotozoal/celebixanthone.yaml	OQPZXQVAOOHEFP-UHFFFAOYSA-N	ANTIPROTOZOAL	4ed376e5074d8b698a13b1b04970bba159a1be1fb0ab0777cedced91a48712b7	0	0	2	2	0	RECORDED_NAME_QUERIES_TRAVERSED_NOT_PRIMARY_REVIEW	False	0	0	0	0			0	0	0			0		OPEN
CHEBI:65607	5-O-methylcelebixanthone	data/antibiotics/antiprotozoal/5-o-methylcelebixanthone.yaml	AIBPYVNEBSHOCZ-UHFFFAOYSA-N	ANTIPROTOZOAL	821c19bcdf1f81f23e3a5c914341fb7b371d56dea901da9636edbea803ae2580	0	0	2	2	0	RECORDED_NAME_QUERIES_TRAVERSED_NOT_PRIMARY_REVIEW	False	0	0	0	0			0	0	0			0		OPEN
CHEBI:65611	chaetoxanthone A	data/antibiotics/antiprotozoal/chaetoxanthone-a.yaml	PYEDKAHYOPGAKC-PDXJJUDESA-N	ANTIPROTOZOAL	ad934b59cdadf125332e34316388477fc5511096a379c29c73a39f4415f13813	0	0	2	2	0	RECORDED_NAME_QUERIES_TRAVERSED_NOT_PRIMARY_REVIEW	False	0	0	0	0			0	0	0			0		OPEN
CHEBI:65612	chaetoxanthone B	data/antibiotics/antiprotozoal/chaetoxanthone-b.yaml	ZUEKQPJBVORAFH-UHFFFAOYSA-N	ANTIPROTOZOAL	b201ebdebc048dc38c9829d68fdebc0b26033022bb1e968c55c6ebd7ebf730c5	0	0	2	2	0	RECORDED_NAME_QUERIES_TRAVERSED_NOT_PRIMARY_REVIEW	False	0	0	0	0			0	0	0			0		OPEN
CHEBI:65613	chaetoxanthone C	data/antibiotics/antiprotozoal/chaetoxanthone-c.yaml	MWYMVCYBLZZWPG-BXKDBHETSA-N	ANTIPROTOZOAL	23c503824698147ad2a6bfbbcbd7f659e087f650b78b747ff808dcd12fef8968	0	0	2	2	0	RECORDED_NAME_QUERIES_TRAVERSED_NOT_PRIMARY_REVIEW	False	0	0	0	0			0	0	0			0		OPEN
CHEBI:65614	chamaejasmenin A	data/antibiotics/antifungal/chamaejasmenin-a.yaml	BTCICADMSGBCKA-COWFKMKXSA-N	ANTIFUNGAL	84676e06504ff0f290594b8a5b20b86123b47bd251796a13f8e427d83b5d559e	0	0	3	2	0	RECORDED_NAME_QUERIES_TRAVERSED_NOT_PRIMARY_REVIEW	False	0	0	0	0			0	0	0			0		OPEN
CHEBI:65615	chamaejasmenin D	data/antibiotics/antifungal/chamaejasmenin-d.yaml	BFPJOJFVZXWMSM-QWWQXMGCSA-N	ANTIFUNGAL	eba8c35b5d8e642a09d8f64542d14b450b8d637ec2c009fc3ff4fb9895313dfc	0	0	3	2	0	RECORDED_NAME_QUERIES_TRAVERSED_NOT_PRIMARY_REVIEW	False	0	0	0	0			0	0	0			0		OPEN
CHEBI:65618	chloropeptin I	data/antibiotics/antiviral/chloropeptin-i.yaml	FRRCHJPQSWYJSH-OZICGBTHSA-N	ANTIVIRAL	737a6f0f29d3a8cbc606ada03b33a8697e9ebc786c376735c8d34a3f498c07f5	0	0	2	2	0	RECORDED_NAME_QUERIES_TRAVERSED_NOT_PRIMARY_REVIEW	False	0	0	0	0			0	0	0			0		OPEN
CHEBI:65619	chloropeptin II	data/antibiotics/antiviral/chloropeptin-ii.yaml	JJGZGELTZPACID-OTLJHNKQSA-N	ANTIVIRAL	517d1ff9e64682e35a3cb6ae4947f836358191e8a47fc06577660b6041208ebd	0	0	3	2	0	RECORDED_NAME_QUERIES_TRAVERSED_NOT_PRIMARY_REVIEW	False	0	0	0	0			0	0	0			0		OPEN
CHEBI:65630	ciliatamide A	data/antibiotics/antiprotozoal/ciliatamide-a.yaml	UNVIKJZRLTXMOH-DHIUTWEWSA-N	ANTIPROTOZOAL	cee509b542434fd93c2f34de1fe96ea1edab6eceecd4e0fabe0dd37783022ede	0	0	3	2	0	RECORDED_NAME_QUERIES_TRAVERSED_NOT_PRIMARY_REVIEW	False	0	0	0	0			0	0	0			0		OPEN
CHEBI:65631	ciliatamide B	data/antibiotics/antiprotozoal/ciliatamide-b.yaml	FNPKNWJUFWGJJV-NHCUHLMSSA-N	ANTIPROTOZOAL	9f52890aced5d964c8aabbd6c56566f8691e7fd5902f22cc882b2497ff504b2b	0	0	4	2	0	RECORDED_NAME_QUERIES_TRAVERSED_NOT_PRIMARY_REVIEW	False	0	0	0	0			0	0	0			0		OPEN
CHEBI:65635	citrafungin A	data/antibiotics/antifungal/citrafungin-a.yaml	ILSZYBVYZFASML-KRZMJZBHSA-N	ANTIFUNGAL	10436209b5327c344d6be98bbc912161d7127e6de9472ec013ea7fe0072b7fb3	0	0	2	2	0	RECORDED_NAME_QUERIES_TRAVERSED_NOT_PRIMARY_REVIEW	False	0	0	0	0			0	0	0			0		OPEN
CHEBI:65636	citrafungin B	data/antibiotics/antifungal/citrafungin-b.yaml	BUDVJTLKHWKZFS-PCIDIATHSA-N	ANTIFUNGAL	f750f09aa6c14640e30b03ca102edd1fadf44d59b1acc54f5c69c3683cdc1f68	0	0	2	2	0	RECORDED_NAME_QUERIES_TRAVERSED_NOT_PRIMARY_REVIEW	False	0	0	0	0			0	0	0			0		OPEN
CHEBI:65638	CJ-01	data/antibiotics/antifungal/cj-01.yaml	PJUXIGJXLKHONL-WFASDCNBSA-N	ANTIFUNGAL	72316e3b8fdb51739fbbaef46054ec8cce77d3a386584ee22ade5969dee5c8e4	0	0	2	2	0	RECORDED_NAME_QUERIES_TRAVERSED_NOT_PRIMARY_REVIEW	False	0	0	0	0			0	0	0			0		OPEN
CHEBI:65640	clathsterol	data/antibiotics/antiviral/clathsterol.yaml	HACDCFFQGRQGEQ-FYVHBMJCSA-L	ANTIVIRAL	578a9561b0cb68b612c91093455063582b409d4596c8341c5221f15f096f6778	0	0	2	2	0	RECORDED_NAME_QUERIES_TRAVERSED_NOT_PRIMARY_REVIEW	False	0	0	0	0			0	0	0			0		OPEN
CHEBI:65648	cochinchinone C	data/antibiotics/antiprotozoal/cochinchinone-c.yaml	XWFNYKWKDWAAMZ-OWYCYUENSA-N	ANTIPROTOZOAL	c1094c4cb93e35f2068bb3d02db59498155f8b56f268fd5d6ea8c4e02b5f3a4f	0	0	2	2	0	RECORDED_NAME_QUERIES_TRAVERSED_NOT_PRIMARY_REVIEW	False	0	0	0	0			0	0	0			0		OPEN
CHEBI:65649	colossolactone V	data/antibiotics/antiviral/colossolactone-v.yaml	NAIJFFZGPGRMSV-SGTCUYSDSA-N	ANTIVIRAL	6801a08642f9aff90021eeaf31965788a53fa223613459f0fc36eef1a1c6ac86	0	0	3	2	0	RECORDED_NAME_QUERIES_TRAVERSED_NOT_PRIMARY_REVIEW	False	0	0	0	0			0	0	0			0		OPEN
CHEBI:65650	colossolactone VII	data/antibiotics/antiviral/colossolactone-vii.yaml	YIMPDIICGCPBOQ-BDZANIHZSA-N	ANTIVIRAL	3137b1160aac6482b79adad4a89f7b76577c54ca9a076fd9ea37b5735ff55d21	0	0	3	2	0	RECORDED_NAME_QUERIES_TRAVERSED_NOT_PRIMARY_REVIEW	False	0	0	0	0			0	0	0			0		OPEN
CHEBI:65651	colossolactone VIII	data/antibiotics/antiviral/colossolactone-viii.yaml	XNFBOJFRJTXMJL-OZXCYFAESA-N	ANTIVIRAL	a7e4d2131ab4732734f86147cd72328bb378c62e87230f58c10194d6add02cf9	0	0	3	2	0	RECORDED_NAME_QUERIES_TRAVERSED_NOT_PRIMARY_REVIEW	False	0	0	0	0			0	0	0			0		OPEN
CHEBI:65655	complestatin A	data/antibiotics/antiviral/complestatin-a.yaml	ZFUGTFLRENMBAG-HYTWXIRXSA-N	ANTIVIRAL	5e5dd8bf816b3e968121e127bbc2e5746785d20fea52d22700cfc4a2af3a5554	0	0	2	2	0	RECORDED_NAME_QUERIES_TRAVERSED_NOT_PRIMARY_REVIEW	False	0	0	0	0			0	0	0			0		OPEN
CHEBI:65656	complestatin B	data/antibiotics/antiviral/complestatin-b.yaml	NGSUYOQYYVLKJJ-NAZRFLCCSA-N	ANTIVIRAL	6b1f2ca74f5e7acadb265c4e826a1c728444c36e0ec507199e2858697e407abc	0	0	2	2	0	RECORDED_NAME_QUERIES_TRAVERSED_NOT_PRIMARY_REVIEW	False	0	0	0	0			0	0	0			0		OPEN
CHEBI:65658	cordyheptapeptide A	data/antibiotics/antiprotozoal/cordyheptapeptide-a.yaml	ZXPWAGZHBVVLJM-PPLXTMPISA-N	ANTIPROTOZOAL	d94bbc4363388dc9e8b148bca87c54f2a8b45ee1c3df049dbfff056ff84e8aa6	0	0	3	2	0	RECORDED_NAME_QUERIES_TRAVERSED_NOT_PRIMARY_REVIEW	False	0	0	0	0			0	0	0			0		OPEN
CHEBI:65662	2-O-E-p-coumaroyl alphitolic acid	data/antibiotics/antiprotozoal/2-o-e-p-coumaroyl-alphitolic-acid.yaml	LCHMSLHVXVQJDG-GLDUGTPFSA-N	ANTIPROTOZOAL	e67cfd58d888fc8fdef51bc3787940b8f1339173be635ed87f49fb13890abc79	0	0	2	2	0	RECORDED_NAME_QUERIES_TRAVERSED_NOT_PRIMARY_REVIEW	False	0	0	0	0			0	0	0			0		OPEN
CHEBI:65666	crambescidin 800	data/antibiotics/antiprotozoal/crambescidin-800.yaml	PPZWAJHYVRKUKB-BPXWMNIUSA-N	ANTIPROTOZOAL	aa61d29b1db808f62629392d7b9c116461fc0f7e4ef0afb18a3e9458873e0931	0	0	2	2	0	RECORDED_NAME_QUERIES_TRAVERSED_NOT_PRIMARY_REVIEW	False	0	0	0	0			0	0	0			0		OPEN
CHEBI:65667	crambescidin 826	data/antibiotics/antiviral/crambescidin-826.yaml	FIZFMEDRNMJYPL-XMXBVVCASA-N	ANTIVIRAL	4b602e110e42110fe10bcbb643af7ca0fe87e59ed7e101e3ce0646d9a37c7c91	0	0	2	2	0	RECORDED_NAME_QUERIES_TRAVERSED_NOT_PRIMARY_REVIEW	False	0	0	0	0			0	0	0			0		OPEN
CHEBI:65678	CT2108A	data/antibiotics/antifungal/ct2108a.yaml	DHOBWLDZMMCUPR-QBINLZOGSA-N	ANTIFUNGAL	e47994f423b6107d3827598fca7b908c8dadfa6197f4179ea02f9920d423dcca	0	0	2	2	0	RECORDED_NAME_QUERIES_TRAVERSED_NOT_PRIMARY_REVIEW	False	0	0	0	0			0	0	0			0		OPEN
CHEBI:65679	CT2108B	data/antibiotics/antifungal/ct2108b.yaml	DWEOLLYPKQIHIN-JOAINMFFSA-N	ANTIFUNGAL	61f5328325ee442bc53c402c2d9a1663e7346f7e4f6bfd4aa9871232215be80b	0	0	2	2	0	RECORDED_NAME_QUERIES_TRAVERSED_NOT_PRIMARY_REVIEW	False	0	0	0	0			0	0	0			0		OPEN
CHEBI:65684	(−)-cubebin	data/antibiotics/antiprotozoal/cubebin.yaml	DIYWRNLYKJKHAM-MDOVXXIYSA-N	ANTIPROTOZOAL	b1d118568d83b72baa7504c1505bebfaff2b8309dc300e3e28cc698bb2d55ed0	0	0	6	3	0	RECORDED_NAME_QUERIES_TRAVERSED_NOT_PRIMARY_REVIEW	False	0	0	0	0			0	0	0			0		OPEN
CHEBI:65716	cystothiazole A	data/antibiotics/antifungal/cystothiazole-a.yaml	LRTJMINIVSPVMX-ZVJWTWILSA-N	ANTIFUNGAL	ffd80361b53993bd1477e5305c8cbe5a5d8b52bcfcdb409b2a148c144688c42b	0	0	5	2	0	RECORDED_NAME_QUERIES_TRAVERSED_NOT_PRIMARY_REVIEW	False	0	0	0	0			0	0	0			0		OPEN
CHEBI:65717	cytonic acid A	data/antibiotics/antiviral/cytonic-acid-a.yaml	SQZYUOYBTIOEEA-UHFFFAOYSA-N	ANTIVIRAL	e6024c3c1c4cbd81344e7180c2b10819e2ccf1a1deb7bb68b01b514a6a769f6e	0	0	2	2	0	RECORDED_NAME_QUERIES_TRAVERSED_NOT_PRIMARY_REVIEW	False	0	0	0	0			0	0	0			0		OPEN
CHEBI:65718	cytonic acid B	data/antibiotics/antiviral/cytonic-acid-b.yaml	NUJLMXRQKUYQKE-UHFFFAOYSA-N	ANTIVIRAL	490d4bde1c5c6bdb538038cad77a04e1d053b6b384cf58c6578850ee21078827	0	0	2	2	0	RECORDED_NAME_QUERIES_TRAVERSED_NOT_PRIMARY_REVIEW	False	0	0	0	0			0	0	0			0		OPEN
CHEBI:65719	cytosporic acid	data/antibiotics/antiviral/cytosporic-acid.yaml	DHAUNSINPICAFU-DSGRLQPCSA-N	ANTIVIRAL	99bbf0dcca3afe8e13e3844c95ea2b70a8bb4719d6675220d98a217537d85b31	0	0	3	2	0	RECORDED_NAME_QUERIES_TRAVERSED_NOT_PRIMARY_REVIEW	False	0	0	0	0			0	0	0			0		OPEN
CHEBI:65720	cytotrienin A	data/antibiotics/antibacterial/cytotrienin-a.yaml	HNVKTRONBDHSPT-QETCNUOWSA-N	ANTIBACTERIAL	1d2b8ba4b24ea5dddb4e88ed9c7c0af87b8dce0013f77ef851dd43ecc941f7a6	0	0	2	2	0	RECORDED_NAME_QUERIES_TRAVERSED_NOT_PRIMARY_REVIEW	False	0	0	0	0			0	0	0			0		OPEN
CHEBI:65728	decatromicin A	data/antibiotics/antibacterial/decatromicin-a.yaml	YKLXDAWPGVZXKC-NMNDIUEASA-N	ANTIBACTERIAL	961a83e349e64e696fc89ec2f40a4df7c8b9035c2debead901b91957625d763f	0	0	2	2	0	RECORDED_NAME_QUERIES_TRAVERSED_NOT_PRIMARY_REVIEW	False	0	0	0	0			0	0	0			0		OPEN
CHEBI:65729	decatromicin B	data/antibiotics/antibacterial/decatromicin-b.yaml	OKYWSSBYCHUWKT-ZJOLZETKSA-N	ANTIBACTERIAL	015db22c9626186e5c226214740db13c38c618d624ce08502c5119ca62d9ac0e	0	0	2	2	0	RECORDED_NAME_QUERIES_TRAVERSED_NOT_PRIMARY_REVIEW	False	0	0	0	0			0	0	0			0		OPEN
CHEBI:65735	dehydrodiconiferyl dibenzoate	data/antibiotics/antiprotozoal/dehydrodiconiferyl-dibenzoate.yaml	VSDDOTKKJQUPSV-MDZDMXLPSA-N	ANTIPROTOZOAL	bf92ce7ffd4a56f7c722d5088ed33fde421e5375101ddae0620de06c8f3faf7a	0	0	3	2	0	RECORDED_NAME_QUERIES_TRAVERSED_NOT_PRIMARY_REVIEW	False	0	0	0	0			0	0	0			0		OPEN
CHEBI:65736	1,2-dehydrogeissoschizoline	data/antibiotics/antiprotozoal/1-2-dehydrogeissoschizoline.yaml	XJEKUKWZYMNSDW-XTXPVBGVSA-N	ANTIPROTOZOAL	5435ea519081cbf5e3cb7aaebdb97072cbd479781bece25d18d9fe83745c6ab4	0	0	2	2	0	RECORDED_NAME_QUERIES_TRAVERSED_NOT_PRIMARY_REVIEW	False	0	0	0	0			0	0	0			0		OPEN
CHEBI:65739	O-demethylbuchenavianine	data/antibiotics/antiviral/o-demethylbuchenavianine.yaml	BBZGOLNDVQZCIH-UHFFFAOYSA-N	ANTIVIRAL	aff902dead519f18c0e6c22caa610d1cd4af592f7c9e820e101f89d919e93277	0	0	2	2	0	RECORDED_NAME_QUERIES_TRAVERSED_NOT_PRIMARY_REVIEW	False	0	0	0	0			0	0	0			0		OPEN
CHEBI:6574	lupulone	data/antibiotics/unspecified/lupulone.yaml	LSDULPZJLTZEFD-UHFFFAOYSA-N	ANTIMICROBIAL_UNSPECIFIED	1e2f0f245bcd0c5fb1efe99cba6a8901ddd7dd62b2e75716b0f932ae660bff63	0	0	5	2	0	RECORDED_NAME_QUERIES_TRAVERSED_NOT_PRIMARY_REVIEW	False	0	0	0	0			0	0	0			0		OPEN
CHEBI:65740	7'-O-demethylisocephaeline	data/antibiotics/antiprotozoal/7-o-demethylisocephaeline.yaml	HGQNZTBYUKKJLH-CQOCVSQPSA-N	ANTIPROTOZOAL	a7d7228e248f000920a1cc88da702166112ad154c4e215a4587fabc8b210009b	0	0	2	2	0	RECORDED_NAME_QUERIES_TRAVERSED_NOT_PRIMARY_REVIEW	False	0	0	0	0			0	0	0			0		OPEN
CHEBI:65741	4'-O-demethylknipholone-4'-O-β-D-glucopyranoside	data/antibiotics/antiprotozoal/4-o-demethylknipholone-4-o-β-d-glucopyranoside.yaml	AOJYFODHRHWWEN-GQUXZSRASA-N	ANTIPROTOZOAL	0e0e113562eb310878ee7683111fab8677a59a88bde72e327659969a3c45b881	0	0	2	2	0	RECORDED_NAME_QUERIES_TRAVERSED_NOT_PRIMARY_REVIEW	False	0	0	0	0			0	0	0			0		OPEN
CHEBI:65742	5-O-demethylpaxanthonin	data/antibiotics/antifungal/5-o-demethylpaxanthonin.yaml	LYMUFMGSOHLCHO-WCQYABFASA-N	ANTIFUNGAL	3f1c6d96eee2918e77326bbe42189508660fcb761fa449d8e013f29c487e0aeb	0	0	3	2	0	RECORDED_NAME_QUERIES_TRAVERSED_NOT_PRIMARY_REVIEW	False	0	0	0	0			0	0	0			0		OPEN
CHEBI:65746	5-deoxyglyasperin F	data/antibiotics/antiviral/5-deoxyglyasperin-f.yaml	NUHWTADXTBESTA-UHFFFAOYSA-N	ANTIVIRAL	6bbd04d5d462493b2a3fcef6ca0fa4817caf952115e55e63db5bc3e9f3a861cb	0	0	2	2	0	RECORDED_NAME_QUERIES_TRAVERSED_NOT_PRIMARY_REVIEW	False	0	0	0	0			0	0	0			0		OPEN
CHEBI:65747	12-deoxyphorbol-13-(3E,5E-decadienoate)	data/antibiotics/antiviral/12-deoxyphorbol-13-3e-5e-decadienoate.yaml	AZEXNJIEBDRVJS-OSHOESKRSA-N	ANTIVIRAL	68c4ded69febc1d220564248ac732bbfebf7804c5ffed2309d775fcafde88101	0	0	2	2	0	RECORDED_NAME_QUERIES_TRAVERSED_NOT_PRIMARY_REVIEW	False	0	0	0	0			0	0	0			0		OPEN
CHEBI:65748	desacetylpyramidaglain D	data/antibiotics/antimycobacterial/desacetylpyramidaglain-d.yaml	XFSOIGVOVJTBKR-ISCMDCNBSA-N	ANTIMYCOBACTERIAL	f9faafc569b4aa7a0309ddac5e8397d43d88dd5015b64cee7f18183769792819	0	0	2	2	0	RECORDED_NAME_QUERIES_TRAVERSED_NOT_PRIMARY_REVIEW	False	0	0	0	0			0	0	0			0		OPEN
CHEBI:65752	6β,16β-diacetoxy-25-hydroxy-3,7-dioxy-29-nordammara-1,17(20)-dien-21-oic acid	data/antibiotics/antibacterial/6β-16β-diacetoxy-25-hydroxy-3-7-dioxy-29-nordammara-1-17-20-dien-21-oi.yaml	WLRJWQXWJBEULT-GAZAAFLYSA-N	ANTIBACTERIAL	3057893d7d2d27847d55e8220b02eccd265a0508447d42df149d6c758d40e6fc	0	0	3	2	0	RECORDED_NAME_QUERIES_TRAVERSED_NOT_PRIMARY_REVIEW	False	0	0	0	0			0	0	0			0		OPEN
CHEBI:65753	3,5-di-O-acetyl-1-O-[(5β,8α,9β,10α)-18-oxokaur-16-en-18-yl]-β-L-arabinofuranose	data/antibiotics/antibacterial/3-5-di-o-acetyl-1-o-5β-8α-9β-10α-18-oxokaur-16-en-18-yl-β-l-arabinofur.yaml	NDNXVUYCJZMRRS-ABRNDMKOSA-N	ANTIBACTERIAL	6b7a65a7c7c51573d22524f8c730a7dd6472662e98c07f28bbdf61eac355332c	0	0	2	2	0	RECORDED_NAME_QUERIES_TRAVERSED_NOT_PRIMARY_REVIEW	False	0	0	0	0			0	0	0			0		OPEN
CHEBI:65764	dicerandrol A	data/antibiotics/unspecified/dicerandrol-a.yaml	LMADRJRTQXNOEP-FNCICBJWSA-N	ANTIMICROBIAL_UNSPECIFIED	b36dd5cf9c9db06b378c92769c72f9bea87ad97e3258b9a780f8c23360eda3ba	0	0	2	2	0	RECORDED_NAME_QUERIES_TRAVERSED_NOT_PRIMARY_REVIEW	False	0	0	0	0			0	0	0			0		OPEN
CHEBI:65765	dicerandrol B	data/antibiotics/unspecified/dicerandrol-b.yaml	WRLHYRADHSNDLJ-NKSNWBLISA-N	ANTIMICROBIAL_UNSPECIFIED	fa46c6f0c282714a1105b06c57182b09788430c5057433c25b0c545f1ce0546a	0	0	2	2	0	RECORDED_NAME_QUERIES_TRAVERSED_NOT_PRIMARY_REVIEW	False	0	0	0	0			0	0	0			0		OPEN
CHEBI:65766	dicerandrol C	data/antibiotics/unspecified/dicerandrol-c.yaml	LYWOIRXBEDUAPM-ACMZUNAXSA-N	ANTIMICROBIAL_UNSPECIFIED	d231de93b7fe522c8b5337478c689e70993def356c5e5f97462bcd8499cd7f2e	0	0	2	2	0	RECORDED_NAME_QUERIES_TRAVERSED_NOT_PRIMARY_REVIEW	False	0	0	0	0			0	0	0			0		OPEN
CHEBI:65768	(9Z,12Z,15Z)-octadeca-9,12,15-trien-6-ynoic acid	data/antibiotics/antibacterial/9z-12z-15z-octadeca-9-12-15-trien-6-ynoic-acid.yaml	UXMMIMGEKFYPFK-PDBXOOCHSA-N	ANTIBACTERIAL	0113ae68ee0640a2d055129b0dc5e145da9264f7d1eea82c950e1738970172d2	0	0	2	2	0	RECORDED_NAME_QUERIES_TRAVERSED_NOT_PRIMARY_REVIEW	False	0	0	0	0			0	0	0			0		OPEN
CHEBI:65774	1α-acetoxy-2α-hydroxy-6β,9β,15-tribenzoyloxy-β-dihydroagarofuran	data/antibiotics/antimycobacterial/1α-acetoxy-2α-hydroxy-6β-9β-15-tribenzoyloxy-β-dihydroagarofuran.yaml	FCQBGPOADKWYEG-MNRUEBDGSA-N	ANTIMYCOBACTERIAL	4cc1db696ddafdc238c168264c255b187e71ea5b7fcab600f803b1d662a8f098	0	0	2	2	0	RECORDED_NAME_QUERIES_TRAVERSED_NOT_PRIMARY_REVIEW	False	0	0	0	0			0	0	0			0		OPEN
CHEBI:65775	2α-acetoxy-1α-hydroxy-6β,9β,15-tribenzoyloxy-β-dihydroagarofuran	data/antibiotics/antimycobacterial/2α-acetoxy-1α-hydroxy-6β-9β-15-tribenzoyloxy-β-dihydroagarofuran.yaml	ZKSJYLLIQBNONM-MYQHGJAJSA-N	ANTIMYCOBACTERIAL	fdd33add44fe7533fec5f0598614b792bc4002649232aa87a550a4467415253f	0	0	2	2	0	RECORDED_NAME_QUERIES_TRAVERSED_NOT_PRIMARY_REVIEW	False	0	0	0	0			0	0	0			0		OPEN
CHEBI:65776	4β,14-dihydroxy-6α,7β-H-1(10)-cadinene	data/antibiotics/antiviral/4β-14-dihydroxy-6α-7β-h-1-10-cadinene.yaml	AEIGTUFAPRNEKB-YUELXQCFSA-N	ANTIVIRAL	ba67d80c9661b548d56f302c1b690c23117c14985bedcd1250b6aefec5d05c7b	0	0	2	2	0	RECORDED_NAME_QUERIES_TRAVERSED_NOT_PRIMARY_REVIEW	False	0	0	0	0			0	0	0			0		OPEN
CHEBI:65777	2',4'-dihydroxy-3'-(2-hydroxy benzyl)-6'-methoxy chalcone	data/antibiotics/antibacterial/2-4-dihydroxy-3-2-hydroxy-benzyl-6-methoxy-chalcone.yaml	IVKGLRZLTNXWKF-VAWYXSNFSA-N	ANTIBACTERIAL	96a1698cdb948d3ab9254e6f8bb290af2ad45109154e3d6bb555d42c6f023021	0	0	2	2	0	RECORDED_NAME_QUERIES_TRAVERSED_NOT_PRIMARY_REVIEW	False	0	0	0	0			0	0	0			0		OPEN
CHEBI:65778	16β,17-dihydroxy-ent-kaurane-19-oic acid	data/antibiotics/antiviral/16β-17-dihydroxy-ent-kaurane-19-oic-acid.yaml	MRBLTWPEPGRXQN-WMUQSPHGSA-N	ANTIVIRAL	9b1d8926b9b1999511cf1dfcdfcbfe693c303e45d896b57d0b0de3e829681077	0	0	2	2	0	RECORDED_NAME_QUERIES_TRAVERSED_NOT_PRIMARY_REVIEW	False	0	0	0	0			0	0	0			0		OPEN
CHEBI:65779	2,5-dihydroxy-3-methanesulfinylbenzyl alcohol	data/antibiotics/antibacterial/2-5-dihydroxy-3-methanesulfinylbenzyl-alcohol.yaml	NADRVFUNXRGAII-UHFFFAOYSA-N	ANTIBACTERIAL	6fe0addef11d117ff7925f144533b27c083fd0920c3094d9cc2c3b1bca0aa315	0	0	2	2	0	RECORDED_NAME_QUERIES_TRAVERSED_NOT_PRIMARY_REVIEW	False	0	0	0	0			0	0	0			0		OPEN
CHEBI:65780	7,4'-dihydroxy-3'-methoxyisoflavone	data/antibiotics/antiprotozoal/7-4-dihydroxy-3-methoxyisoflavone.yaml	MUYAUELJBWQNDH-UHFFFAOYSA-N	ANTIPROTOZOAL	15dadecb06c4a5e4fc68c81b4be43ad720ba87a54f6ff8955b44e87ebafcb991	0	0	3	2	0	RECORDED_NAME_QUERIES_TRAVERSED_NOT_PRIMARY_REVIEW	False	0	0	0	0			0	0	0			0		OPEN
CHEBI:65783	2α,19α-dihydroxy-3-oxo-12-ursen-28-oic acid	data/antibiotics/antiviral/2α-19α-dihydroxy-3-oxo-12-ursen-28-oic-acid.yaml	LJORXTIGOHMBOS-OTRVPSFMSA-N	ANTIVIRAL	d8aa8469768fa383a2bcf578a7e77fb27277ec5f002ef561b227fbe25d92b87f	0	0	2	2	0	RECORDED_NAME_QUERIES_TRAVERSED_NOT_PRIMARY_REVIEW	False	0	0	0	0			0	0	0			0		OPEN
CHEBI:65799	diperamycin	data/antibiotics/antibacterial/diperamycin.yaml	IHQIMVZJVJTKSV-UHFFFAOYSA-N	ANTIBACTERIAL	eb8ba8f71edbd21115081da50f3973cc0d38d0e50a5e4a983644fd33e39aa742	0	0	2	2	0	RECORDED_NAME_QUERIES_TRAVERSED_NOT_PRIMARY_REVIEW	False	0	0	0	0			0	0	0			0		OPEN
CHEBI:65800	5-hydroxy-7-prop-2-en-(E)-ylidene-7,7a-dihydro- 2H-cyclopenta[b]pyran-6-one	data/antibiotics/unspecified/5-hydroxy-7-prop-2-en-e-ylidene-7-7a-dihydro-2h-cyclopenta-b-pyran-6-o.yaml	CCVQPAZRNPBPPA-DAXSKMNVSA-N	ANTIMICROBIAL_UNSPECIFIED	e6ba9c64754aec5f5a57ed24eec4d8e814f815082dfa6d0af97dbee88c2a9f43	0	0	3	2	0	RECORDED_NAME_QUERIES_TRAVERSED_NOT_PRIMARY_REVIEW	False	0	0	0	0			0	0	0			0		OPEN
CHEBI:65801	5-hydroxy-7-prop-2-en-(Z)-ylidene-7,7a-dihydro- 2H-cyclopenta[b]pyran-6-one	data/antibiotics/unspecified/5-hydroxy-7-prop-2-en-z-ylidene-7-7a-dihydro-2h-cyclopenta-b-pyran-6-o.yaml	CCVQPAZRNPBPPA-QPJJXVBHSA-N	ANTIMICROBIAL_UNSPECIFIED	c16b271fca1b6c611c82931435f75fbec12b5b0c1406c04e3b345c7f18866e58	0	0	3	2	0	RECORDED_NAME_QUERIES_TRAVERSED_NOT_PRIMARY_REVIEW	False	0	0	0	0			0	0	0			0		OPEN
CHEBI:65802	diuvaretin	data/antibiotics/antiprotozoal/diuvaretin.yaml	KDEMELRYKGOXDL-UHFFFAOYSA-N	ANTIPROTOZOAL	80356e60941e20fdc69389625cdc2c33e625190d6df76371ee99e7db4771f07c	0	0	2	2	0	RECORDED_NAME_QUERIES_TRAVERSED_NOT_PRIMARY_REVIEW	False	0	0	0	0			0	0	0			0		OPEN
CHEBI:65809	drummondin D	data/antibiotics/antibacterial/drummondin-d.yaml	VQJQJCKVOGLTOH-UHFFFAOYSA-N	ANTIBACTERIAL	6b087e71c19e3f8cb9b0ef44d9aaf05ed386f1ab119af34853f416db481bad12	0	0	3	2	0	RECORDED_NAME_QUERIES_TRAVERSED_NOT_PRIMARY_REVIEW	False	0	0	0	0			0	0	0			0		OPEN
CHEBI:65810	drummondin E	data/antibiotics/antibacterial/drummondin-e.yaml	LACABBHUBUCHAU-UHFFFAOYSA-N	ANTIBACTERIAL	d9646f0abab4d2349775119cb4a1d7a2f8494fc9f928a0a08996fa84f45f5663	0	0	3	2	0	RECORDED_NAME_QUERIES_TRAVERSED_NOT_PRIMARY_REVIEW	False	0	0	0	0			0	0	0			0		OPEN
CHEBI:65811	drummondin F	data/antibiotics/antibacterial/drummondin-f.yaml	WWTZMJRKACJQRR-UHFFFAOYSA-N	ANTIBACTERIAL	602f8517431b998555064b282d51d71fa5a7345bc76590743431ec6815ffbc48	0	0	3	2	0	RECORDED_NAME_QUERIES_TRAVERSED_NOT_PRIMARY_REVIEW	False	0	0	0	0			0	0	0			0		OPEN
CHEBI:65812	isodrummondin D	data/antibiotics/antibacterial/isodrummondin-d.yaml	QDEXSBYEIYRPIT-UHFFFAOYSA-N	ANTIBACTERIAL	59ae18b5896971f70dfcee72bf5c9cd283888e7b5332ced745831947467827d8	0	0	3	2	0	RECORDED_NAME_QUERIES_TRAVERSED_NOT_PRIMARY_REVIEW	False	0	0	0	0			0	0	0			0		OPEN
CHEBI:65813	drymaritin	data/antibiotics/antiviral/drymaritin.yaml	DRUBOMIDMLWOQH-UHFFFAOYSA-N	ANTIVIRAL	fa8268bff915269907ca4eb20e152519d1b581b1a14c4d9776383257184d2b1b	0	0	3	2	0	RECORDED_NAME_QUERIES_TRAVERSED_NOT_PRIMARY_REVIEW	False	0	0	0	0			0	0	0			0		OPEN
CHEBI:65814	durhamycin A	data/antibiotics/antiviral/durhamycin-a.yaml	GKQPKEYSNFSHDQ-JVYPXMHJSA-N	ANTIVIRAL	043ebb0b5dec4228dc06feb335cafd6ff0f053af052ef164f658a467b8ed9b3f	0	0	2	2	0	RECORDED_NAME_QUERIES_TRAVERSED_NOT_PRIMARY_REVIEW	False	0	0	0	0			0	0	0			0		OPEN
CHEBI:65815	durhamycin B	data/antibiotics/antiviral/durhamycin-b.yaml	ICFBIVXFINBMRC-SRFJPACDSA-N	ANTIVIRAL	97c9a8136b431528c91a2738d2a6d33bab3ed150b76c8537d310352b59097743	0	0	2	2	0	RECORDED_NAME_QUERIES_TRAVERSED_NOT_PRIMARY_REVIEW	False	0	0	0	0			0	0	0			0		OPEN
CHEBI:65817	dysoxyhainanin A	data/antibiotics/antibacterial/dysoxyhainanin-a.yaml	ZZTXYUVDEDOUDW-XYNNUCQCSA-N	ANTIBACTERIAL	5a5ffbe19e35b656e5f4a8f1f22525599672f753dde6ce73bca7318f9cf3fc86	0	0	2	2	0	RECORDED_NAME_QUERIES_TRAVERSED_NOT_PRIMARY_REVIEW	False	0	0	0	0			0	0	0			0		OPEN
CHEBI:65818	dzununcanone	data/antibiotics/antiprotozoal/dzununcanone.yaml	RJLTUQKBCWHJFJ-ACCWSZCWSA-N	ANTIPROTOZOAL	f12eb6dcdc1bc03694c74631c99ce9e9cf722035a66ee0704f7be1bbf8c9400c	0	0	3	2	0	RECORDED_NAME_QUERIES_TRAVERSED_NOT_PRIMARY_REVIEW	False	0	0	0	0			0	0	0			0		OPEN
CHEBI:65822	EI-1511-3	data/antibiotics/antibacterial/ei-1511-3.yaml	NUTSBYCZDOSSIV-FFXBEMEVSA-N	ANTIBACTERIAL	46b608460332cecb52febf492b4861fca74cccabd97b74d346cd9d7ab0e98ca2	0	0	2	2	0	RECORDED_NAME_QUERIES_TRAVERSED_NOT_PRIMARY_REVIEW	False	0	0	0	0			0	0	0			0		OPEN
CHEBI:65823	EI-1511-5	data/antibiotics/unspecified/ei-1511-5.yaml	OTILGUINRVYYKM-BSZZVILASA-N	ANTIMICROBIAL_UNSPECIFIED	254ab9bd25b2ab3c04963e41802abe8782f75f453877ec78e138d604bf4cfe47	0	0	2	2	0	RECORDED_NAME_QUERIES_TRAVERSED_NOT_PRIMARY_REVIEW	False	0	0	0	0			0	0	0			0		OPEN
CHEBI:65824	EI-1625-2	data/antibiotics/unspecified/ei-1625-2.yaml	LEERCZRUWSNMMK-GIWWSJOHSA-N	ANTIMICROBIAL_UNSPECIFIED	f2041a4167fe564c236f038ca15cf391f865411476ea26ac0588deab63440cc1	0	0	2	2	0	RECORDED_NAME_QUERIES_TRAVERSED_NOT_PRIMARY_REVIEW	False	0	0	0	0			0	0	0			0		OPEN
CHEBI:65842	5-O-methyl embelin	data/antibiotics/antiprotozoal/5-o-methyl-embelin.yaml	KHBJLRRAMCJZLZ-UHFFFAOYSA-N	ANTIPROTOZOAL	71d8980564d20bf0a568b2356cc9f85026e93f89072ba13bce9b09f896baae86	0	0	3	2	0	RECORDED_NAME_QUERIES_TRAVERSED_NOT_PRIMARY_REVIEW	False	0	0	0	0			0	0	0			0		OPEN
CHEBI:65844	1S,4R,6R-1,4-endoperoxy-bisabola-2,10-diene	data/antibiotics/antiprotozoal/1s-4r-6r-1-4-endoperoxy-bisabola-2-10-diene.yaml	LJPSCRDRIZSODI-ZGKBOVNRSA-N	ANTIPROTOZOAL	3708064df01a2d8509a2d56e1630af78ed6207276eb8ca494e4bc4614c321490	0	0	2	2	0	RECORDED_NAME_QUERIES_TRAVERSED_NOT_PRIMARY_REVIEW	False	0	0	0	0			0	0	0			0		OPEN
CHEBI:65845	1R,4S,6R-1,4-endoperoxy-bisabola-2,10-diene	data/antibiotics/antiprotozoal/1r-4s-6r-1-4-endoperoxy-bisabola-2-10-diene.yaml	LJPSCRDRIZSODI-ATGSNQNLSA-N	ANTIPROTOZOAL	de8c0b703e16838a9cf9e5a8d84c3a95921d72919ca7dd57a34860ef76448878	0	0	2	2	0	RECORDED_NAME_QUERIES_TRAVERSED_NOT_PRIMARY_REVIEW	False	0	0	0	0			0	0	0			0		OPEN
CHEBI:65849	epichlicin	data/antibiotics/antifungal/epichlicin.yaml	QPLUQODTAQYAFC-FVBCJJOCSA-N	ANTIFUNGAL	0468182fbc06983c54e75eb34d5d53ac0591db3bed47f9f6b144469e9665c06e	0	0	2	2	0	RECORDED_NAME_QUERIES_TRAVERSED_NOT_PRIMARY_REVIEW	False	0	0	0	0			0	0	0			0		OPEN
CHEBI:65850	7-epiclusianone	data/antibiotics/antibacterial/7-epiclusianone.yaml	LTDDHUQIMJCFPX-DZMJNENTSA-N	ANTIBACTERIAL	dd47b85297e97c4ffbc19eb0fd5be7a00b744c3a1b09ec4f964f3f0d7c9fd7f4	0	0	2	2	0	RECORDED_NAME_QUERIES_TRAVERSED_NOT_PRIMARY_REVIEW	False	0	0	0	0			0	0	0			0		OPEN
CHEBI:65854	epigallocatechin-(4β→8,2β→O-7)-epicatechin	data/antibiotics/antiviral/epigallocatechin-4β8-2βo-7-epicatechin.yaml	WODBGULXKVZGQF-QCPBNORNSA-N	ANTIVIRAL	e7e6eb582b82f8b295bbbf1936f8695ec1256adce9a03ffa65bc59e2fbdb1f93	0	0	2	2	0	RECORDED_NAME_QUERIES_TRAVERSED_NOT_PRIMARY_REVIEW	False	0	0	0	0			0	0	0			0		OPEN
CHEBI:65856	5α-epoxyalantolactone	data/antibiotics/antimycobacterial/5α-epoxyalantolactone.yaml	YIQKVCDNUFDAHB-HKKVUVRFSA-N	ANTIMYCOBACTERIAL	c7a588f53034725f01b363b3c20f2a96bbbe4fc62e750689e43e95ffe20a205b	0	0	2	2	0	RECORDED_NAME_QUERIES_TRAVERSED_NOT_PRIMARY_REVIEW	False	0	0	0	0			0	0	0			0		OPEN
CHEBI:65857	trans-2,3-epoxydeca-4,6,8-triyn-1-ol	data/antibiotics/antifungal/trans-2-3-epoxydeca-4-6-8-triyn-1-ol.yaml	DLTRTPLJAAMGPB-UWVGGRQHSA-N	ANTIFUNGAL	d1d5c6ca3cdfddcdde74e27a1c59af43c3e88d74763c0161b37dee31cb2e05a9	0	0	3	2	0	RECORDED_NAME_QUERIES_TRAVERSED_NOT_PRIMARY_REVIEW	False	0	0	0	0			0	0	0			0		OPEN
CHEBI:65858	ergosterol peroxide	data/antibiotics/antimycobacterial/ergosterol-peroxide.yaml	VXOZCESVZIRHCJ-KGHQQZOUSA-N	ANTIMYCOBACTERIAL	f70e28f403a9dd323bc596f7b946f02437f3be7560d20222822b4e96cf43290f	0	0	10	4	0	RECORDED_NAME_QUERIES_TRAVERSED_NOT_PRIMARY_REVIEW	False	0	0	0	0			0	0	0			0		OPEN
CHEBI:65862	erybraedin A	data/antibiotics/antibacterial/erybraedin-a.yaml	HOGHBEDTLGAJAS-CPJSRVTESA-N	ANTIBACTERIAL	dd79f51ea16455e6452b15d7d82433a1900d5dc237807d2d36aab90c162e6020	0	0	4	2	0	RECORDED_NAME_QUERIES_TRAVERSED_NOT_PRIMARY_REVIEW	False	0	0	0	0			0	0	0			0		OPEN
CHEBI:65863	erylatissin A	data/antibiotics/unspecified/erylatissin-a.yaml	CEXYMYPXHMUTTJ-UHFFFAOYSA-N	ANTIMICROBIAL_UNSPECIFIED	c1b01ec1d445a55e16acad1114494e38cb1697bb1afa3281f8f4812ef719a46f	0	0	3	2	0	RECORDED_NAME_QUERIES_TRAVERSED_NOT_PRIMARY_REVIEW	False	0	0	0	0			0	0	0			0		OPEN
CHEBI:65864	erylatissin B	data/antibiotics/unspecified/erylatissin-b.yaml	XOMNYGJNLZNDOL-UHFFFAOYSA-N	ANTIMICROBIAL_UNSPECIFIED	b81152caae9acb14ed31de72ea5df40b1ae8351035d0600d0709b11e682d2aee	0	0	3	2	0	RECORDED_NAME_QUERIES_TRAVERSED_NOT_PRIMARY_REVIEW	False	0	0	0	0			0	0	0			0		OPEN
CHEBI:65865	erylatissin C	data/antibiotics/unspecified/erylatissin-c.yaml	NGSGHHXJBXTNFJ-IBGZPJMESA-N	ANTIMICROBIAL_UNSPECIFIED	8faf70005f85be3dcd6eee8e93f0e3a523b7ca05abf3f65bf796137119e82709	0	0	3	2	0	RECORDED_NAME_QUERIES_TRAVERSED_NOT_PRIMARY_REVIEW	False	0	0	0	0			0	0	0			0		OPEN
CHEBI:65867	espicufolin	data/antibiotics/unspecified/espicufolin.yaml	HXAZTNIVBVVFJS-SNVBAGLBSA-N	ANTIMICROBIAL_UNSPECIFIED	7fac302ce15c03bdc0a910faaa7b3b47c01fe04c0cb0fcea5440168d1344a9dd	0	0	2	2	0	RECORDED_NAME_QUERIES_TRAVERSED_NOT_PRIMARY_REVIEW	False	0	0	0	0			0	0	0			0		OPEN
CHEBI:65868	etnangien	data/antibiotics/antibacterial/etnangien.yaml	VHPBIOVAVQXSJO-DLGDGFEOSA-N	ANTIBACTERIAL	dff97583db1092529409c2fb3b72d6d590a925a34104fbebc0c4aa46b250cdde	0	0	2	2	0	RECORDED_NAME_QUERIES_TRAVERSED_NOT_PRIMARY_REVIEW	False	0	0	0	0			0	0	0			0		OPEN
CHEBI:65873	Eunicea sesquiterpenoid 2	data/antibiotics/antiprotozoal/eunicea-sesquiterpenoid-2.yaml	JWBPWNWPEVPCMJ-JVFXBBKESA-N	ANTIPROTOZOAL	fd9dbb182b9ba8f48ce6496bb35ba234f53776c756911dbd033bb885ff1e7a0d	0	0	2	2	0	RECORDED_NAME_QUERIES_TRAVERSED_NOT_PRIMARY_REVIEW	False	0	0	0	0			0	0	0			0		OPEN
CHEBI:65877	Eunicea sesquiterpenoid 7	data/antibiotics/antiprotozoal/eunicea-sesquiterpenoid-7.yaml	WNLDPFSWPBREOU-SURQFZOFSA-N	ANTIPROTOZOAL	65f8e69919f6e88f17dd18095bb6381230e8efb91ae588c6c857817b8ba15554	0	0	2	2	0	RECORDED_NAME_QUERIES_TRAVERSED_NOT_PRIMARY_REVIEW	False	0	0	0	0			0	0	0			0		OPEN
CHEBI:65887	eurycomanone	data/antibiotics/antiprotozoal/eurycomanone.yaml	UCUWZJWAQQRCOR-AIMGAIMTSA-N	ANTIPROTOZOAL	9d0ddc15691f8b4b2b7cc910d45f02d3403e9e8f1618668c14de54783c2e0867	0	0	4	2	0	RECORDED_NAME_QUERIES_TRAVERSED_NOT_PRIMARY_REVIEW	False	0	0	0	0			0	0	0			0		OPEN
CHEBI:65888	eurysterol A	data/antibiotics/antifungal/eurysterol-a.yaml	NPTYMHRTUPEDPI-WQTFAPJPSA-M	ANTIFUNGAL	b30385a59d32447704095fe5df5bd63c3e052009aa76575696ee9548b0a8aa17	0	0	3	2	0	RECORDED_NAME_QUERIES_TRAVERSED_NOT_PRIMARY_REVIEW	False	0	0	0	0			0	0	0			0		OPEN
CHEBI:65889	eurysterol B	data/antibiotics/antifungal/eurysterol-b.yaml	OZULCLLLPIEFBL-FUPZROSBSA-M	ANTIFUNGAL	ce4c1004fabf21a0f4797eb74a7cefd849fe6d9815cf2f4e3a1ba3a75c2da870	0	0	3	2	0	RECORDED_NAME_QUERIES_TRAVERSED_NOT_PRIMARY_REVIEW	False	0	0	0	0			0	0	0			0		OPEN
CHEBI:65891	exiguaflavanone A	data/antibiotics/antiprotozoal/exiguaflavanone-a.yaml	FPUREMWTZVLZBZ-QRQCRPRQSA-N	ANTIPROTOZOAL	c54d5110d8641fd113e976f9dc9abfaa1f935c6a8ef01d38ca4fe05e34443f37	0	0	2	2	0	RECORDED_NAME_QUERIES_TRAVERSED_NOT_PRIMARY_REVIEW	False	0	0	0	0			0	0	0			0		OPEN
CHEBI:65892	exiguaflavanone B	data/antibiotics/antiprotozoal/exiguaflavanone-b.yaml	COKUCRXLRIRZQM-MWTRTKDXSA-N	ANTIPROTOZOAL	96f525f70366e02de3a4a350205cac25bb486c989ebd0b878412cb592b753fff	0	0	1	1	0	RECORDED_NAME_QUERIES_TRAVERSED_NOT_PRIMARY_REVIEW	False	0	0	0	0			0	0	0			0		OPEN
CHEBI:65893	F390B	data/antibiotics/unspecified/f390b.yaml	OOXFQLGEGVNXBG-KDOFPFPSSA-N	ANTIMICROBIAL_UNSPECIFIED	c36fbfeee5c19eb7ff3d08ecb3a89505dee1043870d71f13cc0a8f8aa9cf7b32	0	0	2	2	0	RECORDED_NAME_QUERIES_TRAVERSED_NOT_PRIMARY_REVIEW	False	0	0	0	0			0	0	0			0		OPEN
CHEBI:65894	F390C	data/antibiotics/unspecified/f390c.yaml	PMHCAQUSIVAZPO-WBMJQRKESA-N	ANTIMICROBIAL_UNSPECIFIED	336f991915dfc17f413d582dd945119b15aa68715ffeb60c26652be2cd11419a	0	0	2	2	0	RECORDED_NAME_QUERIES_TRAVERSED_NOT_PRIMARY_REVIEW	False	0	0	0	0			0	0	0			0		OPEN
CHEBI:65895	fattiviracin A1	data/antibiotics/antiviral/fattiviracin-a1.yaml	YQYKMOMCJFNBBQ-MJSFJGRCSA-N	ANTIVIRAL	b807f4e7864631dc409089e552421dad3dc304ce69b3358ddeb0465159161240	0	0	1	1	0	RECORDED_NAME_QUERIES_TRAVERSED_NOT_PRIMARY_REVIEW	False	0	0	0	0			0	0	0			0		OPEN
CHEBI:65897	flavaspidic acid AB	data/antibiotics/antibacterial/flavaspidic-acid-ab.yaml	XRWVZSPWRNDJNS-UHFFFAOYSA-N	ANTIBACTERIAL	ef19893d31d2608e221ebc7410f7bba23b4c2090678dbdc2d018145f18eddcc9	0	0	1	1	0	RECORDED_NAME_QUERIES_TRAVERSED_NOT_PRIMARY_REVIEW	False	0	0	0	0			0	0	0			0		OPEN
CHEBI:65898	flavaspidic acid PB	data/antibiotics/antibacterial/flavaspidic-acid-pb.yaml	NGODKUCEKYYIFN-UHFFFAOYSA-N	ANTIBACTERIAL	f25406af901ea5863d4cd834dfc3fd176a19a225375e8ce3a534dea4110b24f4	0	0	2	2	0	RECORDED_NAME_QUERIES_TRAVERSED_NOT_PRIMARY_REVIEW	False	0	0	0	0			0	0	0			0		OPEN
CHEBI:65899	flavokawain B	data/antibiotics/antiprotozoal/flavokawain-b.yaml	QKQLSQLKXBHUSO-CMDGGOBGSA-N	ANTIPROTOZOAL	321602c306cb6787e43c70172c1b00367d1a5264412576608c8a717c5797dc0c	0	0	4	2	0	RECORDED_NAME_QUERIES_TRAVERSED_NOT_PRIMARY_REVIEW	False	0	0	0	0			0	0	0			0		OPEN
CHEBI:65900	fleephilone	data/antibiotics/antiviral/fleephilone.yaml	UOPRBHLVKJBASE-XVSBCJMYSA-N	ANTIVIRAL	11b27f8ca852e4735f66d9bcec676a6236785cecb9440777e10d089953a5f58b	0	0	2	2	0	RECORDED_NAME_QUERIES_TRAVERSED_NOT_PRIMARY_REVIEW	False	0	0	0	0			0	0	0			0		OPEN
CHEBI:65905	(1S,3S,4R,7S,8S,11S,12S,13S,15R,20R)-7-formamido-20-isocyanoisocycloamphilectane	data/antibiotics/antiprotozoal/1s-3s-4r-7s-8s-11s-12s-13s-15r-20r-7-formamido-20-isocyanoisocycloamph.yaml	XBSPNOJIQRUQDQ-OXEUSEQRSA-N	ANTIPROTOZOAL	0384fbea99d226547461a0a290452adbab57ddb499b34f6fb5c8c044dfa3c88c	0	0	2	2	0	RECORDED_NAME_QUERIES_TRAVERSED_NOT_PRIMARY_REVIEW	False	0	0	0	0			0	0	0			0		OPEN
CHEBI:65906	formobactin	data/antibiotics/unspecified/formobactin.yaml	ZZBSPTCNZDTZBR-QGXZNONUSA-N	ANTIMICROBIAL_UNSPECIFIED	b7e26a1abb0bb6cc0a45262a1d39f8a2548c0709058556577c63f635566cd018	0	0	2	2	0	RECORDED_NAME_QUERIES_TRAVERSED_NOT_PRIMARY_REVIEW	False	0	0	0	0			0	0	0			0		OPEN
CHEBI:65910	4849F	data/antibiotics/unspecified/4849f.yaml	DKHBOZGVMLZLLL-UHFFFAOYSA-N	ANTIMICROBIAL_UNSPECIFIED	a2a4c25ec0d52acd972569f962c6cbfa0d6602459f70f1d6efcaa7ac31d63b13	0	0	2	2	0	RECORDED_NAME_QUERIES_TRAVERSED_NOT_PRIMARY_REVIEW	False	0	0	0	0			0	0	0			0		OPEN
CHEBI:65912	FR191512	data/antibiotics/antiviral/fr191512.yaml	HCXQIVLHUHTXGC-UHFFFAOYSA-N	ANTIVIRAL	b87ff4eaa5f18d287cce2dcb33906701813eb4a721410e89fe53eb1a9a9bc4ab	0	0	2	2	0	RECORDED_NAME_QUERIES_TRAVERSED_NOT_PRIMARY_REVIEW	False	0	0	0	0			0	0	0			0		OPEN
CHEBI:65913	FR207944	data/antibiotics/antifungal/fr207944.yaml	VAULMUOCCMYLIA-SQBLQFOUSA-N	ANTIFUNGAL	40c2f5d2f458bec104c00aa74bfa2d39752a7a2b4a4d4048bac4524b09d20be5	0	0	2	2	0	RECORDED_NAME_QUERIES_TRAVERSED_NOT_PRIMARY_REVIEW	False	0	0	0	0			0	0	0			0		OPEN
CHEBI:65914	FR901463	data/antibiotics/unspecified/fr901463.yaml	RONUKPQOBQKEHX-FOUIGEGESA-N	ANTIMICROBIAL_UNSPECIFIED	f518f4ba2ebff0fc9ecc48d4cfa6c7f46b943ac78b4dc7911c84202441d47601	0	0	3	2	0	RECORDED_NAME_QUERIES_TRAVERSED_NOT_PRIMARY_REVIEW	False	0	0	0	0			0	0	0			0		OPEN
CHEBI:65915	FR901464	data/antibiotics/unspecified/fr901464.yaml	PJKVJJDQXZARCA-QHYZBLTGSA-N	ANTIMICROBIAL_UNSPECIFIED	8c627b88aab5c6a7004a3e40952d7d98eb0b3396c581bb625376eb271add8dac	0	0	2	2	0	RECORDED_NAME_QUERIES_TRAVERSED_NOT_PRIMARY_REVIEW	False	0	0	0	0			0	0	0			0		OPEN
CHEBI:65917	FR901469 hydrochloride	data/antibiotics/antifungal/fr901469-hydrochloride.yaml	VZZJOONOWFZKHA-PVFJZINBSA-N	ANTIFUNGAL	c0e2264060153704f7ba5aaa0e5be7d60e08ff01a41df6e4f9e35fcc17d0c368	0	0	2	2	0	RECORDED_NAME_QUERIES_TRAVERSED_NOT_PRIMARY_REVIEW	False	0	0	0	0			0	0	0			0		OPEN
CHEBI:65931	fumimycin	data/antibiotics/antibacterial/fumimycin.yaml	QWMZGLCXYLPQAZ-CJWQODIFSA-N	ANTIBACTERIAL	103495a8c1751fc4a7fffef5f5119848d3593819dda692d5ea6ae6ca18fb97a5	0	0	2	2	0	RECORDED_NAME_QUERIES_TRAVERSED_NOT_PRIMARY_REVIEW	False	0	0	0	0			0	0	0			0		OPEN
CHEBI:65933	furanocandin	data/antibiotics/antifungal/furanocandin.yaml	YMDCFNDLUOCAGK-WTKRVALCSA-N	ANTIFUNGAL	3cf20a79f26092c3277f1dad7c0854610b830ff7c250be8f3afbdcf7bf05b55c	0	0	2	2	0	RECORDED_NAME_QUERIES_TRAVERSED_NOT_PRIMARY_REVIEW	False	0	0	0	0			0	0	0			0		OPEN
CHEBI:65935	19-(2-furyl)nonadeca-5,7-diynoic acid	data/antibiotics/antiprotozoal/19-2-furyl-nonadeca-5-7-diynoic-acid.yaml	AZDANMRNWNLXOP-UHFFFAOYSA-N	ANTIPROTOZOAL	4e0eeedd372194ec8b776a77033d04ea5924ffbe132a4564711d49ff282aaedb	0	0	2	2	0	RECORDED_NAME_QUERIES_TRAVERSED_NOT_PRIMARY_REVIEW	False	0	0	0	0			0	0	0			0		OPEN
CHEBI:65940	gaboroquinone A	data/antibiotics/antiprotozoal/gaboroquinone-a.yaml	KUDYATBIEOTCGT-UHFFFAOYSA-N	ANTIPROTOZOAL	1383db88519e978270d7b4c8d2875baa95a5d08de03e0dc150df3faaf839b978	0	0	2	2	0	RECORDED_NAME_QUERIES_TRAVERSED_NOT_PRIMARY_REVIEW	False	0	0	0	0			0	0	0			0		OPEN
CHEBI:65942	5-galloylquercetin-3-O-α-L-arabinofuranoside	data/antibiotics/antiprotozoal/5-galloylquercetin-3-o-α-l-arabinofuranoside.yaml	GUMSRJAIAPTKAF-CSEOLDMBSA-N	ANTIPROTOZOAL	90ac06908b80ea3c6ce804bbe99a8b9f9d2942dcead551a2956fd9e54ca257c5	0	0	2	2	0	RECORDED_NAME_QUERIES_TRAVERSED_NOT_PRIMARY_REVIEW	False	0	0	0	0			0	0	0			0		OPEN
CHEBI:65943	7-O-galloyltricetiflavan	data/antibiotics/antiviral/7-o-galloyltricetiflavan.yaml	XQLJWQWRTLHKGO-UHFFFAOYSA-N	ANTIVIRAL	d200bce366f2b9ceaf28ec73ccaf826dde13071ef24a326054e4f8c4784998f6	0	0	3	2	0	RECORDED_NAME_QUERIES_TRAVERSED_NOT_PRIMARY_REVIEW	False	0	0	0	0			0	0	0			0		OPEN
CHEBI:65944	7,4'-di-O-galloyltricetiflavan	data/antibiotics/antiviral/7-4-di-o-galloyltricetiflavan.yaml	LRBYDVJXPROTLX-UHFFFAOYSA-N	ANTIVIRAL	6c4c7c0aefac43032a6c8e777d73404bd135b5cf47bfaf6b58351c0420e77db1	0	0	3	2	0	RECORDED_NAME_QUERIES_TRAVERSED_NOT_PRIMARY_REVIEW	False	0	0	0	0			0	0	0			0		OPEN
CHEBI:65945	ganoderone A	data/antibiotics/antiviral/ganoderone-a.yaml	SDAWCNCFVWQZDP-GOUGDUPLSA-N	ANTIVIRAL	0bd2b5b9681a3dac63174818c07eef89b897b5fd10967e6af1075419f2ab8e5b	0	0	3	2	0	RECORDED_NAME_QUERIES_TRAVERSED_NOT_PRIMARY_REVIEW	False	0	0	0	0			0	0	0			0		OPEN
CHEBI:65946	ganoderone C	data/antibiotics/antiviral/ganoderone-c.yaml	DHGMYNLRIYMOGS-ZWETUDJHSA-N	ANTIVIRAL	22bc30d49c43d35cfecab4312015ec74c3056479cf70feb14eb4bf9b85a92eb2	0	0	3	2	0	RECORDED_NAME_QUERIES_TRAVERSED_NOT_PRIMARY_REVIEW	False	0	0	0	0			0	0	0			0		OPEN
CHEBI:65954	gedunin	data/antibiotics/antiprotozoal/gedunin.yaml	YJXDGWUNRYLINJ-BHAPSIHVSA-N	ANTIPROTOZOAL	3a71ee13954d80eb5e646e0a216e0dd978bc6ede4ddff580f3eedbc7334a3ff4	0	0	7	3	0	RECORDED_NAME_QUERIES_TRAVERSED_NOT_PRIMARY_REVIEW	False	0	0	0	0			0	0	0			0		OPEN
CHEBI:65958	3-geranyl-2,4,6-trihydroxybenzophenone	data/antibiotics/antiprotozoal/3-geranyl-2-4-6-trihydroxybenzophenone.yaml	ZAIQNYMNZNXUAF-FOWTUZBSSA-N	ANTIPROTOZOAL	5268f887bf39c48ca3def1435e900665755e2cc698742bcfcede2ac1092272c4	0	0	2	2	0	RECORDED_NAME_QUERIES_TRAVERSED_NOT_PRIMARY_REVIEW	False	0	0	0	0			0	0	0			0		OPEN
CHEBI:65959	geumonoid	data/antibiotics/antiviral/geumonoid.yaml	JYKBQWDGVKFSAL-FAPPRUROSA-N	ANTIVIRAL	d7f05cc2b040f01f6f69b5c81c72aa124e960b22d86fa068f7bae7c16ec104cb	0	0	2	2	0	RECORDED_NAME_QUERIES_TRAVERSED_NOT_PRIMARY_REVIEW	False	0	0	0	0			0	0	0			0		OPEN
CHEBI:65964	gilvusmycin	data/antibiotics/unspecified/gilvusmycin.yaml	XUBJLJZOSKJNMY-UHFFFAOYSA-N	ANTIMICROBIAL_UNSPECIFIED	0c846191df1545e67a4a1f3e88c9e02fc90c68e7890140f924e3c7b4a2f49240	0	0	2	2	0	RECORDED_NAME_QUERIES_TRAVERSED_NOT_PRIMARY_REVIEW	False	0	0	0	0			0	0	0			0		OPEN
CHEBI:65967	glionitrin A	data/antibiotics/unspecified/glionitrin-a.yaml	VRFJINVAZRAFHH-STQMWFEESA-N	ANTIMICROBIAL_UNSPECIFIED	7e3c33819e370966a299aa2262ee852eea597f4e02e518c3b9bd56bad4bb07ea	0	0	2	2	0	RECORDED_NAME_QUERIES_TRAVERSED_NOT_PRIMARY_REVIEW	False	0	0	0	0			0	0	0			0		OPEN
CHEBI:65975	glomosporin	data/antibiotics/antifungal/glomosporin.yaml	INJLZOSCEJMAGG-ADTDQJCQSA-N	ANTIFUNGAL	11223afbb89628f3bdf95f7853d69d514993f87fc34a5c3572fbd38c308f3df0	0	0	3	2	0	RECORDED_NAME_QUERIES_TRAVERSED_NOT_PRIMARY_REVIEW	False	0	0	0	0			0	0	0			0		OPEN
CHEBI:65976	glycyrrhizol A	data/antibiotics/antibacterial/glycyrrhizol-a.yaml	CBPFOSMNDISZLV-UHFFFAOYSA-N	ANTIBACTERIAL	1bc2074fa74610501691ecea7c625cde51a8921e4e51123fc6812b55ecd4d96a	0	0	3	2	0	RECORDED_NAME_QUERIES_TRAVERSED_NOT_PRIMARY_REVIEW	False	0	0	0	0			0	0	0			0		OPEN
CHEBI:65977	glycyrrhizol B	data/antibiotics/antibacterial/glycyrrhizol-b.yaml	BKLGAGSBCOUJGV-UHFFFAOYSA-N	ANTIBACTERIAL	22eeff098339cece62a785c0284d7d35b4912ca9bda0122bd90a804bfd96ea1e	0	0	3	2	0	RECORDED_NAME_QUERIES_TRAVERSED_NOT_PRIMARY_REVIEW	False	0	0	0	0			0	0	0			0		OPEN
CHEBI:65989	gutolactone	data/antibiotics/antiprotozoal/gutolactone.yaml	WSUNNCJENRRPLS-DQVMPRLHSA-N	ANTIPROTOZOAL	78335ebe14e218694a2876164efe0c62ec6c93f01f0efab1df7147327d450a4a	0	0	2	2	0	RECORDED_NAME_QUERIES_TRAVERSED_NOT_PRIMARY_REVIEW	False	0	0	0	0			0	0	0			0		OPEN
CHEBI:65991	guttiferone F	data/antibiotics/antiprotozoal/guttiferone-f.yaml	QDKLRKZQSOQWJQ-LPEHXNHASA-N	ANTIPROTOZOAL	8dc41e367f13456136883f6fb021eb056245b67e09280edd4ac8b6106f30d6b6	0	0	2	2	0	RECORDED_NAME_QUERIES_TRAVERSED_NOT_PRIMARY_REVIEW	False	0	0	0	0			0	0	0			0		OPEN
CHEBI:65995	(2E,6Z)-13-hydroxy-1-(2-hydroxy-5-methoxy-3-methylphenyl)-3,7,11,15-tetramethylhexadeca-2,6,14-triene-5,12-dione	data/antibiotics/antibacterial/2e-6z-13-hydroxy-1-2-hydroxy-5-methoxy-3-methylphenyl-3-7-11-15-tetram.yaml	HBKSTRSDLUAESY-PKVUCGNLSA-N	ANTIBACTERIAL	8aab0c124322f0d57bfcc15e28c0c1cbc576724aea6d57492c59de753e6e3314	0	0	2	2	0	RECORDED_NAME_QUERIES_TRAVERSED_NOT_PRIMARY_REVIEW	False	0	0	0	0			0	0	0			0		OPEN
CHEBI:65996	halistanol sulfate F	data/antibiotics/antiviral/halistanol-sulfate-f.yaml	YMPFBLQGUNEWQH-FLZIPAQVSA-K	ANTIVIRAL	913ecdd636b6a7af62ca36683cb44d8d8859eaf924f6e4d3e5edb7af492c5b5a	0	0	1	1	0	RECORDED_NAME_QUERIES_TRAVERSED_NOT_PRIMARY_REVIEW	False	0	0	0	0			0	0	0			0		OPEN
CHEBI:65997	halistanol sulfate G	data/antibiotics/antiviral/halistanol-sulfate-g.yaml	LGOWVXRSYXXXNZ-GTQHFPFQSA-K	ANTIVIRAL	82187b3df7ed56c6d02d831e4ec5ea5a32a8e7baf8318b9ccfee0f0a22c7048f	0	0	2	2	0	RECORDED_NAME_QUERIES_TRAVERSED_NOT_PRIMARY_REVIEW	False	0	0	0	0			0	0	0			0		OPEN
CHEBI:66000	hamacanthin A	data/antibiotics/antifungal/hamacanthin-a.yaml	MYXLDFYXMNSXDR-UHFFFAOYSA-N	ANTIFUNGAL	80941505cfd6beb333411ec9a74ee21b222fe20c8a295feda2033d46c2e6056b	0	0	2	2	0	RECORDED_NAME_QUERIES_TRAVERSED_NOT_PRIMARY_REVIEW	False	0	0	0	0			0	0	0			0		OPEN
CHEBI:66001	hamacanthin B	data/antibiotics/antifungal/hamacanthin-b.yaml	MYXLDFYXMNSXDR-GOSISDBHSA-N	ANTIFUNGAL	8f4b40262f3a5bb46a61cd0819f040f98d2c4b5e3bd3909ade8914948ed97fe3	0	0	2	2	0	RECORDED_NAME_QUERIES_TRAVERSED_NOT_PRIMARY_REVIEW	False	0	0	0	0			0	0	0			0		OPEN
CHEBI:66002	N-butylharmine	data/antibiotics/antiviral/n-butylharmine.yaml	ZTHNVHJIFDQKKE-UHFFFAOYSA-N	ANTIVIRAL	3874794519e1d539e125f91b2aa4d3b49b0d94be8178afb25d21d18f20d4425f	0	0	3	2	0	RECORDED_NAME_QUERIES_TRAVERSED_NOT_PRIMARY_REVIEW	False	0	0	0	0			0	0	0			0		OPEN
CHEBI:66003	N-ethylharmine	data/antibiotics/antiviral/n-ethylharmine.yaml	IPKUPGYEVPMEEL-UHFFFAOYSA-N	ANTIVIRAL	9ffd559db2bf33c3867b0d0a77617907b3e68e2c736e51736860b21ebfa7e7a7	0	0	3	2	0	RECORDED_NAME_QUERIES_TRAVERSED_NOT_PRIMARY_REVIEW	False	0	0	0	0			0	0	0			0		OPEN
CHEBI:66005	N2-methylharmine	data/antibiotics/antiviral/n2-methylharmine.yaml	SNPOLGTUMADPOR-UHFFFAOYSA-N	ANTIVIRAL	65fa01b245accefde6be2ecf2591a719396107643264854b469c8fc36cd45930	0	0	3	2	0	RECORDED_NAME_QUERIES_TRAVERSED_NOT_PRIMARY_REVIEW	False	0	0	0	0			0	0	0			0		OPEN
CHEBI:66006	harziphilone	data/antibiotics/antiviral/harziphilone.yaml	GFTDIFRKHSPLIX-VNLWOOSYSA-N	ANTIVIRAL	2bf2741d0a906c6dbaa567125cd5c47f47f5e13bf78c6935084367eec97d9ed2	0	0	2	2	0	RECORDED_NAME_QUERIES_TRAVERSED_NOT_PRIMARY_REVIEW	False	0	0	0	0			0	0	0			0		OPEN
CHEBI:6601	lycorine	data/antibiotics/antiprotozoal/lycorine.yaml	XGVJWXAYKUHDOO-DANNLKNASA-N	ANTIPROTOZOAL	05c8606674314a4f9771fcdd70d212235c0dcfec0c0244be99e86262023cd774	0	0	8	3	0	RECORDED_NAME_QUERIES_TRAVERSED_NOT_PRIMARY_REVIEW	False	0	0	0	0			0	0	0			0		OPEN
CHEBI:66011	hernandonine	data/antibiotics/antiviral/hernandonine.yaml	QHFWZNALDDSHFJ-UHFFFAOYSA-N	ANTIVIRAL	42bf8736fb5d8d01ee0a2cc807de26c4d44068b1e9bea6d9be65e5d263805d25	0	0	2	2	0	RECORDED_NAME_QUERIES_TRAVERSED_NOT_PRIMARY_REVIEW	False	0	0	0	0			0	0	0			0		OPEN
CHEBI:66013	hesseltin A	data/antibiotics/antiviral/hesseltin-a.yaml	LFPBILWIIIPSMS-IEBSNVMFSA-N	ANTIVIRAL	8a7ee9eb207032f95a0213eaa7476aa9cde006e1f846c0872279e270d6edd509	0	0	2	2	0	RECORDED_NAME_QUERIES_TRAVERSED_NOT_PRIMARY_REVIEW	False	0	0	0	0			0	0	0			0		OPEN
CHEBI:66016	hirsutellide A	data/antibiotics/antimycobacterial/hirsutellide-a.yaml	PMRINUPHTRWJOC-BZPSDGNJSA-N	ANTIMYCOBACTERIAL	a666964829cf7c080eab1a70f705cae68adfdb24aafdc041cc03f18801eca6a0	0	0	2	2	0	RECORDED_NAME_QUERIES_TRAVERSED_NOT_PRIMARY_REVIEW	False	0	0	0	0			0	0	0			0		OPEN
CHEBI:66020	hookerianamide H	data/antibiotics/antiprotozoal/hookerianamide-h.yaml	BRKREXSOPCTPTI-BLXLMBLLSA-N	ANTIPROTOZOAL	391cc5ae923dfd4955d15774d98f076c5e5225134a36953126910c7036b97788	0	0	3	2	0	RECORDED_NAME_QUERIES_TRAVERSED_NOT_PRIMARY_REVIEW	False	0	0	0	0			0	0	0			0		OPEN
CHEBI:66021	hookerianamide I	data/antibiotics/antiprotozoal/hookerianamide-i.yaml	NISGMKNSSUMSSN-IBWRYCSWSA-N	ANTIPROTOZOAL	58234698104bacdb939106347eee349e98229270a08484b2f6f4840dd0d9c214	0	0	3	2	0	RECORDED_NAME_QUERIES_TRAVERSED_NOT_PRIMARY_REVIEW	False	0	0	0	0			0	0	0			0		OPEN
CHEBI:66022	hookerianamide J	data/antibiotics/antibacterial/hookerianamide-j.yaml	UBWMSSICUOCSHT-BJHCZKLTSA-N	ANTIBACTERIAL	6b57a21b0ace74616611202e2a93ad44346b87ce478c367673a3bf5e22fde007	0	0	3	2	0	RECORDED_NAME_QUERIES_TRAVERSED_NOT_PRIMARY_REVIEW	False	0	0	0	0			0	0	0			0		OPEN
CHEBI:66023	hookerianamide K	data/antibiotics/antibacterial/hookerianamide-k.yaml	JLDLXPZTQHZTBT-JYNQZMPESA-N	ANTIBACTERIAL	6871b970db179382c0be1db930be6c660a0234847f47053343a3aa84a6315908	0	0	3	2	0	RECORDED_NAME_QUERIES_TRAVERSED_NOT_PRIMARY_REVIEW	False	0	0	0	0			0	0	0			0		OPEN
CHEBI:66027	(5R)-5-hydroxy-7-(4''-hydroxy-3''-methoxyphenyl)-1-phenyl-3-heptanone	data/antibiotics/antiviral/5r-5-hydroxy-7-4-hydroxy-3-methoxyphenyl-1-phenyl-3-heptanone.yaml	JHJPDDBIHSFERA-GOSISDBHSA-N	ANTIVIRAL	52ebb1cb5b0e70ff9529589841e11cb7de1c1ea7db64b896a18a384d67e7e484	0	0	2	2	0	RECORDED_NAME_QUERIES_TRAVERSED_NOT_PRIMARY_REVIEW	False	0	0	0	0			0	0	0			0		OPEN
CHEBI:66030	7-hydroxy-5-hydroxymethyl-2H-benzo[1,4]thiazin-3-one	data/antibiotics/antibacterial/7-hydroxy-5-hydroxymethyl-2h-benzo-1-4-thiazin-3-one.yaml	CZXYFHNORNVRJZ-UHFFFAOYSA-N	ANTIBACTERIAL	a9059ad040133b9b4dfbe5c08ee0a13b04d6f3c548cb03cc74a71e49bc8b47cd	0	0	2	2	0	RECORDED_NAME_QUERIES_TRAVERSED_NOT_PRIMARY_REVIEW	False	0	0	0	0			0	0	0			0		OPEN
CHEBI:66035	(1R,4S)-1-hydroperoxy-p-menth-2-en-8-ol acetate	data/antibiotics/antiprotozoal/1r-4s-1-hydroperoxy-p-menth-2-en-8-ol-acetate.yaml	VIUQTXYGNHOJBD-PWSUYJOCSA-N	ANTIPROTOZOAL	0c303b69680fea32117178da49a408cfe73cd6f1dd0bd47e24ff84b29a29c58e	0	0	2	2	0	RECORDED_NAME_QUERIES_TRAVERSED_NOT_PRIMARY_REVIEW	False	0	0	0	0			0	0	0			0		OPEN
CHEBI:66040	5-hydroxy-7,2',4',5'-tetramethoxyflavone	data/antibiotics/antibacterial/5-hydroxy-7-2-4-5-tetramethoxyflavone.yaml	JZIWGWPCBNNLJD-UHFFFAOYSA-N	ANTIBACTERIAL	3a139eab029d571b68ba00e720e805112b5e36a9ef6473591fd8f946cf445a89	0	0	3	2	0	RECORDED_NAME_QUERIES_TRAVERSED_NOT_PRIMARY_REVIEW	False	0	0	0	0			0	0	0			0		OPEN
CHEBI:66042	1-hydroxycrisamicin A	data/antibiotics/antibacterial/1-hydroxycrisamicin-a.yaml	RGOCVNGEBMGCNA-WIDQCZIUSA-N	ANTIBACTERIAL	1e50ea28aa0682b85bc38e862dbb9c92b598427652871715f310ba9fff44c65d	0	0	2	2	0	RECORDED_NAME_QUERIES_TRAVERSED_NOT_PRIMARY_REVIEW	False	0	0	0	0			0	0	0			0		OPEN
CHEBI:66048	2'-hydroxyneobavaisoflavanone	data/antibiotics/antiviral/2-hydroxyneobavaisoflavanone.yaml	LNXMEHXPWCVVID-UHFFFAOYSA-N	ANTIVIRAL	0465cc1b4e4dccf01cec2b0c6f3b09c028ce333d1962def755f373c4818eb0ef	0	0	2	2	0	RECORDED_NAME_QUERIES_TRAVERSED_NOT_PRIMARY_REVIEW	False	0	0	0	0			0	0	0			0		OPEN
CHEBI:66049	21β-hydroxyolean-12-en-3-one	data/antibiotics/antiprotozoal/21β-hydroxyolean-12-en-3-one.yaml	CYAGVDMNRPMVDV-ZMIVVTAWSA-N	ANTIPROTOZOAL	d3b1f63ae55539d1e18be5fc076e56f4904c801151bf13c2e2c3775938df933b	0	0	3	2	0	RECORDED_NAME_QUERIES_TRAVERSED_NOT_PRIMARY_REVIEW	False	0	0	0	0			0	0	0			0		OPEN
CHEBI:66051	hyemaloside A	data/antibiotics/antiviral/hyemaloside-a.yaml	DTLDDZWHEMEXCO-ILYYIXHASA-N	ANTIVIRAL	9f54ffb550553242f5b84f251e3cd49732fb5b6c55b603212e22a2d4b5ff25d3	0	0	3	2	0	RECORDED_NAME_QUERIES_TRAVERSED_NOT_PRIMARY_REVIEW	False	0	0	0	0			0	0	0			0		OPEN
CHEBI:66052	hyemaloside C	data/antibiotics/antiviral/hyemaloside-c.yaml	BIUWKTLZFMHRQE-RYQQTUIDSA-N	ANTIVIRAL	e86268d62fefc3ca309286bc9fa4de860861c5554389b77f3a892369d5d51f49	0	0	2	2	0	RECORDED_NAME_QUERIES_TRAVERSED_NOT_PRIMARY_REVIEW	False	0	0	0	0			0	0	0			0		OPEN
CHEBI:66060	hypoglaunine B	data/antibiotics/antiviral/hypoglaunine-b.yaml	JXQXTWWCCNHEQZ-PEWXIWONSA-N	ANTIVIRAL	82e53bcfb4a6368f2b4b28e51a151554a53982d2741029ce653b442cd5e31486	0	0	2	2	0	RECORDED_NAME_QUERIES_TRAVERSED_NOT_PRIMARY_REVIEW	False	0	0	0	0			0	0	0			0		OPEN
CHEBI:66065	IC202A	data/antibiotics/unspecified/ic202a.yaml	BVRULQCEMCYBAM-UHFFFAOYSA-N	ANTIMICROBIAL_UNSPECIFIED	930f03e7593f16c123e7e784c5c1cd9a3f074044339e58819a7ef040f68ad0ee	0	0	2	2	0	RECORDED_NAME_QUERIES_TRAVERSED_NOT_PRIMARY_REVIEW	False	0	0	0	0			0	0	0			0		OPEN
CHEBI:66066	IC202B	data/antibiotics/unspecified/ic202b.yaml	BHNYEXHOBOECJW-UHFFFAOYSA-N	ANTIMICROBIAL_UNSPECIFIED	f56b99d3882d639065a27caa02b9b7fc18d93cede7df766796cd3fec3937e7a5	0	0	2	2	0	RECORDED_NAME_QUERIES_TRAVERSED_NOT_PRIMARY_REVIEW	False	0	0	0	0			0	0	0			0		OPEN
CHEBI:66067	IC202C	data/antibiotics/unspecified/ic202c.yaml	RPHCJSPQKSVBSH-UHFFFAOYSA-N	ANTIMICROBIAL_UNSPECIFIED	fae944286346b228d8a91eb3a53957a0967d6786b53518c716f7a5e900945e6d	0	0	2	2	0	RECORDED_NAME_QUERIES_TRAVERSED_NOT_PRIMARY_REVIEW	False	0	0	0	0			0	0	0			0		OPEN
CHEBI:66076	integracin A	data/antibiotics/antiviral/integracin-a.yaml	LCCCZIASPPCLCU-KKLWWLSJSA-N	ANTIVIRAL	ac866974e5ee12a7442ad7d516d5d5a63187091727ba1b8c740fa23894d83520	0	0	3	2	0	RECORDED_NAME_QUERIES_TRAVERSED_NOT_PRIMARY_REVIEW	False	0	0	0	0			0	0	0			0		OPEN
CHEBI:66077	integracin B	data/antibiotics/antiviral/integracin-b.yaml	IKNYNBVDLOWJFN-AKGWNBJDSA-N	ANTIVIRAL	f5d52313aa4c9d0f76f85bd5a245943c5f0a99942215ccbbfa96cf96c8ce33cc	0	0	2	2	0	RECORDED_NAME_QUERIES_TRAVERSED_NOT_PRIMARY_REVIEW	False	0	0	0	0			0	0	0			0		OPEN
CHEBI:66078	integracin C	data/antibiotics/antiviral/integracin-c.yaml	LYMWNVVWPGMTHS-VOTSOKGWSA-N	ANTIVIRAL	5b5cdf4b7b3f16762ccb0059b4cfb48fb1e6ee4e56664741563755190d34fac3	0	0	2	2	0	RECORDED_NAME_QUERIES_TRAVERSED_NOT_PRIMARY_REVIEW	False	0	0	0	0			0	0	0			0		OPEN
CHEBI:66079	integrastatin A	data/antibiotics/antiviral/integrastatin-a.yaml	LNYIJBSSELCSKA-UHFFFAOYSA-N	ANTIVIRAL	9bc21a294f7400cdf1b23b80b89df43559896fd1b381823972bb55b4774ee153	0	0	3	2	0	RECORDED_NAME_QUERIES_TRAVERSED_NOT_PRIMARY_REVIEW	False	0	0	0	0			0	0	0			0		OPEN
CHEBI:66080	integrastatin B	data/antibiotics/antiviral/integrastatin-b.yaml	PECRJLBPKXQZDC-UHFFFAOYSA-N	ANTIVIRAL	55ee5de8a069cbc3fe0b019e383a0f54e54a1f301b96cb1ad7e4213d986c9e09	0	0	3	2	0	RECORDED_NAME_QUERIES_TRAVERSED_NOT_PRIMARY_REVIEW	False	0	0	0	0			0	0	0			0		OPEN
CHEBI:66081	integric acid	data/antibiotics/antiviral/integric-acid.yaml	UIXJDFDDMXCJCT-DVRXSGNOSA-N	ANTIVIRAL	b95c027f61579f8a3e496f51b95a777b0290496ee1a2161f758f6d13ba250cd0	0	0	2	2	0	RECORDED_NAME_QUERIES_TRAVERSED_NOT_PRIMARY_REVIEW	False	0	0	0	0			0	0	0			0		OPEN
CHEBI:66082	interiotherin A	data/antibiotics/antiviral/interiotherin-a.yaml	MBGKPRSARHEFAG-CCHLGUQTSA-N	ANTIVIRAL	b34fdaacc605a8595d9fed04be718014e7708dafddad563c246bf296259b4f0c	0	0	3	2	0	RECORDED_NAME_QUERIES_TRAVERSED_NOT_PRIMARY_REVIEW	False	0	0	0	0			0	0	0			0		OPEN
CHEBI:66083	interiotherin B	data/antibiotics/antiviral/interiotherin-b.yaml	KIOQRWNZGHZFHB-UFZBKZSQSA-N	ANTIVIRAL	2add11361319e651a8962c8c7001ecdf57e9947020dc082d69897e1d156bc4c0	0	0	2	2	0	RECORDED_NAME_QUERIES_TRAVERSED_NOT_PRIMARY_REVIEW	False	0	0	0	0			0	0	0			0		OPEN
CHEBI:66086	isariotin F	data/antibiotics/antiprotozoal/isariotin-f.yaml	BQBLZAMUHGIEFL-JRVIZFGFSA-N	ANTIPROTOZOAL	92f81965239da30461c78a21416d5362d8df94d84fb3fe8aac11413b5e93f29c	0	0	2	2	0	RECORDED_NAME_QUERIES_TRAVERSED_NOT_PRIMARY_REVIEW	False	0	0	0	0			0	0	0			0		OPEN
CHEBI:66087	isatinone A	data/antibiotics/antifungal/isatinone-a.yaml	VRJYLVZCUCQVBL-CCEZHUSRSA-N	ANTIFUNGAL	71591ad7f79e54c3f92979f1310dd3392532df73c8b82dc9736e716d8b4a7b93	0	0	2	2	0	RECORDED_NAME_QUERIES_TRAVERSED_NOT_PRIMARY_REVIEW	False	0	0	0	0			0	0	0			0		OPEN
CHEBI:66088	isatinone B	data/antibiotics/antifungal/isatinone-b.yaml	DGWRIHOXTOJRIO-QVIHXGFCSA-N	ANTIFUNGAL	e3365860974f4e5fe37af36d7f57f5ad0e509d047bb00e6d7bc276a032f38158	0	0	2	2	0	RECORDED_NAME_QUERIES_TRAVERSED_NOT_PRIMARY_REVIEW	False	0	0	0	0			0	0	0			0		OPEN
CHEBI:66091	isochamaejasmenin B	data/antibiotics/antifungal/isochamaejasmenin-b.yaml	BTCICADMSGBCKA-WVKQWSHJSA-N	ANTIFUNGAL	ecf4945b2d94586e79feb06f3ce98bcd564ca6b7a9fb6b779de65d40f658a352	0	0	4	2	0	RECORDED_NAME_QUERIES_TRAVERSED_NOT_PRIMARY_REVIEW	False	0	0	0	0			0	0	0			0		OPEN
CHEBI:66093	isocomplestatin	data/antibiotics/antiviral/complestatin.yaml	JJGZGELTZPACID-OTLJHNKQSA-N	ANTIVIRAL	fcf0ff511427c8dce3d0d75fd59689adc1db66474247494b39cfea85bdd9df8e	0	0	3	2	0	RECORDED_NAME_QUERIES_TRAVERSED_NOT_PRIMARY_REVIEW	False	0	0	0	0			0	0	0			0		OPEN
CHEBI:66094	isoiguesterin	data/antibiotics/antiprotozoal/isoiguesterin.yaml	RUVGAOXZLPFVKY-VAPXRUTMSA-N	ANTIPROTOZOAL	e9539e35d9623eea55afe6f7cb1aae6743bcf0522b1cd894ac950107a33b0177	0	0	2	2	0	RECORDED_NAME_QUERIES_TRAVERSED_NOT_PRIMARY_REVIEW	False	0	0	0	0			0	0	0			0		OPEN
CHEBI:66095	20-epi-isoiguesterinol	data/antibiotics/antiprotozoal/20-epi-isoiguesterinol.yaml	RRKSDDREVOXSJD-TXARQUJHSA-N	ANTIPROTOZOAL	f14fd5e3a7ae75299cfca472e30c954cef1946f58bc9772d98e03493b85394bc	0	0	2	2	0	RECORDED_NAME_QUERIES_TRAVERSED_NOT_PRIMARY_REVIEW	False	0	0	0	0			0	0	0			0		OPEN
CHEBI:66104	jaspamide	data/antibiotics/antifungal/jaspamide.yaml	GQWYWHOHRVVHAP-DHKPLNAMSA-N	ANTIFUNGAL	c40bd7cdf803736077f2cb1cb020eae8bfa6dc3e37bb4564bdf5903b743f5b8f	0	0	6	3	0	RECORDED_NAME_QUERIES_TRAVERSED_NOT_PRIMARY_REVIEW	False	0	0	0	0			0	0	0			0		OPEN
CHEBI:66130	kadsuphilactone B	data/antibiotics/antiviral/kadsuphilactone-b.yaml	FSLAFDXATUXTAG-JHKRTFPPSA-N	ANTIVIRAL	96110ab59380f2114462d41089af7a9207d6b8323db8a6f508cb8921c385d4c3	0	0	2	2	0	RECORDED_NAME_QUERIES_TRAVERSED_NOT_PRIMARY_REVIEW	False	0	0	0	0			0	0	0			0		OPEN
CHEBI:66135	kalimantacin A	data/antibiotics/antibacterial/kalimantacin-a.yaml	GENAAYFYLGYPIQ-JOPGMDTFSA-N	ANTIBACTERIAL	7fd317342c8ccda3166a20657417dabf41f379fabdeb8bedbd9296466b2fe908	0	0	2	2	0	RECORDED_NAME_QUERIES_TRAVERSED_NOT_PRIMARY_REVIEW	False	0	0	0	0			0	0	0			0		OPEN
CHEBI:66136	kalimantacin B	data/antibiotics/antibacterial/kalimantacin-b.yaml	GENAAYFYLGYPIQ-FFPWVZAVSA-N	ANTIBACTERIAL	d86c951f04c63461874fc12f8433edddb677d4c8eadc41fb516154022abbafdc	0	0	2	2	0	RECORDED_NAME_QUERIES_TRAVERSED_NOT_PRIMARY_REVIEW	False	0	0	0	0			0	0	0			0		OPEN
CHEBI:66137	kalimantacin C	data/antibiotics/antibacterial/kalimantacin-c.yaml	VWVAAKIWHSCMIW-YHKKGOIFSA-N	ANTIBACTERIAL	db2c4bb75e2232067eb49456783ba3999289b078b17d742a2447fe7463baf82b	0	0	2	2	0	RECORDED_NAME_QUERIES_TRAVERSED_NOT_PRIMARY_REVIEW	False	0	0	0	0			0	0	0			0		OPEN
CHEBI:66140	karalicin	data/antibiotics/antiviral/karalicin.yaml	JATBUOZGJQJSGA-UHFFFAOYSA-N	ANTIVIRAL	51c1641e66c0f221f54b3ad7ed10f78add1d5c3a956993c91ea226aca2e7c5d1	0	0	3	2	0	RECORDED_NAME_QUERIES_TRAVERSED_NOT_PRIMARY_REVIEW	False	0	0	0	0			0	0	0			0		OPEN
CHEBI:66147	klugine	data/antibiotics/antiprotozoal/klugine.yaml	IIFHKWNCTVOSKL-OKGGWNPJSA-N	ANTIPROTOZOAL	fcba034f68f6a839946462007cf7bac6c397d5c7800564ad3935a4b7cd5ae01f	0	0	2	2	0	RECORDED_NAME_QUERIES_TRAVERSED_NOT_PRIMARY_REVIEW	False	0	0	0	0			0	0	0			0		OPEN
CHEBI:66148	komaroviquinone	data/antibiotics/antiprotozoal/komaroviquinone.yaml	DUWHKUPNNGPNFK-ZEWGMFERSA-N	ANTIPROTOZOAL	2390152e1ba63ae8b75cbb8b45e4b70f03cbec82454252b67d243acc2cb7ac42	0	0	3	2	0	RECORDED_NAME_QUERIES_TRAVERSED_NOT_PRIMARY_REVIEW	False	0	0	0	0			0	0	0			0		OPEN
CHEBI:66153	salaspermic acid	data/antibiotics/antiviral/salaspermic-acid.yaml	ZXENWDWQTWYUGY-UUZWCOCASA-N	ANTIVIRAL	4e9e39d253d877d82fcf9ed84074ea4e3a2bbb9c83215270e5a487eaa712f297	0	0	3	2	0	RECORDED_NAME_QUERIES_TRAVERSED_NOT_PRIMARY_REVIEW	False	0	0	0	0			0	0	0			0		OPEN
CHEBI:66157	salzmannianoside A	data/antibiotics/antifungal/salzmannianoside-a.yaml	SKHHYJVYSRMYHD-YDIXZRNLSA-N	ANTIFUNGAL	2a6a0652efb477ee5b66bfca8d7585a754d7d333a4edaf6904e5ca903e05f271	0	0	3	2	0	RECORDED_NAME_QUERIES_TRAVERSED_NOT_PRIMARY_REVIEW	False	0	0	0	0			0	0	0			0		OPEN
CHEBI:66158	salzmannianoside B	data/antibiotics/antifungal/salzmannianoside-b.yaml	YEIXSARWQBTGKU-IQEICKHKSA-N	ANTIFUNGAL	a3ba32de4aa1fb23f70dc21c5923191e7172c5bc81c9f92b6fb50024e4af3e70	0	0	3	2	0	RECORDED_NAME_QUERIES_TRAVERSED_NOT_PRIMARY_REVIEW	False	0	0	0	0			0	0	0			0		OPEN
CHEBI:66159	samaderine B	data/antibiotics/antiprotozoal/samaderine-b.yaml	CVLVYBSPYHCGGU-VQXUUFQGSA-N	ANTIPROTOZOAL	bbf6b933706d39201dfc7f0a34a5ac8784f5a92f570cb1e4546f2b34fac9f5d6	0	0	2	2	0	RECORDED_NAME_QUERIES_TRAVERSED_NOT_PRIMARY_REVIEW	False	0	0	0	0			0	0	0			0		OPEN
CHEBI:66161	samaderine E	data/antibiotics/antiprotozoal/samaderine-e.yaml	MGGPOESVKAWHRB-KZOVRTNRSA-N	ANTIPROTOZOAL	d5f2e2ebe3ba6e4765b19097c484145dcdaba2f597115af6efe2e461b1344f41	0	0	2	2	0	RECORDED_NAME_QUERIES_TRAVERSED_NOT_PRIMARY_REVIEW	False	0	0	0	0			0	0	0			0		OPEN
CHEBI:66162	samaderine X	data/antibiotics/antiprotozoal/samaderine-x.yaml	PLUUPKMBPOFNDA-JEFQDFFJSA-N	ANTIPROTOZOAL	e0b81892ffbfcb181e245c8da4ac2622a327f4bbf77c4ced4adf23908755363f	0	0	2	2	0	RECORDED_NAME_QUERIES_TRAVERSED_NOT_PRIMARY_REVIEW	False	0	0	0	0			0	0	0			0		OPEN
CHEBI:66164	samaderine Z	data/antibiotics/antiprotozoal/samaderine-z.yaml	KDVYRSSTPWSAJC-GGUABDNCSA-N	ANTIPROTOZOAL	af33d502336bda34ff5936a5e82faea45b9a1fac1e26538f698db2c65826334c	0	0	2	2	0	RECORDED_NAME_QUERIES_TRAVERSED_NOT_PRIMARY_REVIEW	False	0	0	0	0			0	0	0			0		OPEN
CHEBI:66165	sandwicensin	data/antibiotics/antiviral/sandwicensin.yaml	ZFUZIYGRFSXEIQ-UWJYYQICSA-N	ANTIVIRAL	9dc23500c1069020a9e50df81b9fc1cc44c09a08df1b42b732686d245377a1e4	0	0	3	2	0	RECORDED_NAME_QUERIES_TRAVERSED_NOT_PRIMARY_REVIEW	False	0	0	0	0			0	0	0			0		OPEN
CHEBI:66173	sarasinoside J	data/antibiotics/unspecified/sarasinoside-j.yaml	IFLLFJMUKCVLRY-KMTMZHINSA-N	ANTIMICROBIAL_UNSPECIFIED	3a5a947666a464b47b19fa23ffee48aeef8b8af3179852dc5c780da12aa2aa45	0	0	3	2	0	RECORDED_NAME_QUERIES_TRAVERSED_NOT_PRIMARY_REVIEW	False	0	0	0	0			0	0	0			0		OPEN
CHEBI:66177	scalusamide A	data/antibiotics/antibacterial/scalusamide-a.yaml	LCDBRGPJMWXDGF-RTEOAJGCSA-N	ANTIBACTERIAL	34cc8f0f95596ad3f311d043d63bfedce348c3e9e9383c2d9ef7a95ffc930fbb	0	0	2	2	0	RECORDED_NAME_QUERIES_TRAVERSED_NOT_PRIMARY_REVIEW	False	0	0	0	0			0	0	0			0		OPEN
CHEBI:66179	sch 725432	data/antibiotics/antifungal/sch-725432.yaml	RCNNSAWFPVOGAA-QCDYRJBNSA-N	ANTIFUNGAL	ee5d1cf5bdf8d3761b01e8f726c4a749a92efc956cda2d4aefe837c1f8dbc031	0	0	2	2	0	RECORDED_NAME_QUERIES_TRAVERSED_NOT_PRIMARY_REVIEW	False	0	0	0	0			0	0	0			0		OPEN
CHEBI:66180	sch 54445	data/antibiotics/antifungal/sch-54445.yaml	LGOPVBMUGSRUOT-NLGWJYKOSA-N	ANTIFUNGAL	8ff70d064118aeb162eb7e78055211eca46b747804c82e3985c11e919b72f227	0	0	2	2	0	RECORDED_NAME_QUERIES_TRAVERSED_NOT_PRIMARY_REVIEW	False	0	0	0	0			0	0	0			0		OPEN
CHEBI:66186	talosin A	data/antibiotics/antifungal/talosin-a.yaml	YRHHFFMCCMEVTR-GBXJYZSASA-N	ANTIFUNGAL	0841cd18d76445cf62c76d54a1d58a92a684615195915793d73e1d2815ca460b	0	0	3	2	0	RECORDED_NAME_QUERIES_TRAVERSED_NOT_PRIMARY_REVIEW	False	0	0	0	0			0	0	0			0		OPEN
CHEBI:66187	talosin B	data/antibiotics/antifungal/talosin-b.yaml	GJBRADPPUCQNGC-YYMHJPMMSA-N	ANTIFUNGAL	ce0defa3e95f0267ea8fdc465869c5ac683793f5bbe3542e7c941897a19f3e97	0	0	3	2	0	RECORDED_NAME_QUERIES_TRAVERSED_NOT_PRIMARY_REVIEW	False	0	0	0	0			0	0	0			0		OPEN
CHEBI:66202	termilignan B	data/antibiotics/antibacterial/termilignan-b.yaml	OUIGYUDPNSGJSX-UHFFFAOYSA-N	ANTIBACTERIAL	3cd230698e1083bc6f4610f9926412c8ab20b5713f75bed3cbfb1a63c299ef57	0	0	2	2	0	RECORDED_NAME_QUERIES_TRAVERSED_NOT_PRIMARY_REVIEW	False	0	0	0	0			0	0	0			0		OPEN
CHEBI:66212	5,7,3',4'-tetrahydroxy-2'-(3,3-dimethylallyl)isoflavone	data/antibiotics/antiprotozoal/5-7-3-4-tetrahydroxy-2-3-3-dimethylallyl-isoflavone.yaml	XIUMMQJDWWYGHD-UHFFFAOYSA-N	ANTIPROTOZOAL	8f4fe8644ad5f7ed435f413e15d2630c52ac35f8807eda080528d75756c03333	0	0	2	2	0	RECORDED_NAME_QUERIES_TRAVERSED_NOT_PRIMARY_REVIEW	False	0	0	0	0			0	0	0			0		OPEN
CHEBI:66216	tetrahydroxysqualene	data/antibiotics/antimycobacterial/tetrahydroxysqualene.yaml	YMMHDITUHQNNKU-DKTKHUEWSA-N	ANTIMYCOBACTERIAL	3fe6ffce15e2750f32ce36e06c2563ba2f99e85259d4451fcff8fb713376cf00	0	0	2	2	0	RECORDED_NAME_QUERIES_TRAVERSED_NOT_PRIMARY_REVIEW	False	0	0	0	0			0	0	0			0		OPEN
CHEBI:66219	thiazomycin	data/antibiotics/antibacterial/thiazomycin.yaml	GYOHFSLEKIIJMU-UMNFMQIXSA-N	ANTIBACTERIAL	df1b8228e777a83d9b1269a7b54c5263224646173ca56ebb02ffa3ef7df934f9	0	0	1	1	0	RECORDED_NAME_QUERIES_TRAVERSED_NOT_PRIMARY_REVIEW	False	0	0	0	0			0	0	0			0		OPEN
CHEBI:66220	thiomarinol A	data/antibiotics/antibacterial/thiomarinol-a.yaml	JIEMCPGFAXNCQW-XVYZEKPJSA-N	ANTIBACTERIAL	f148254553d1fad1afd274dd2e35f5d74c42bf3fc62a1b225c87c2e451d61de5	0	0	3	2	0	RECORDED_NAME_QUERIES_TRAVERSED_NOT_PRIMARY_REVIEW	False	0	0	0	0			0	0	0			0		OPEN
CHEBI:66221	thiomarinol B	data/antibiotics/antibacterial/thiomarinol-b.yaml	DVQBKROGZULVGL-XVYZEKPJSA-N	ANTIBACTERIAL	c93dcd649fc3921ee1c2e320f219cb0607652a4c4eef3dab38665abe7a357496	0	0	3	2	0	RECORDED_NAME_QUERIES_TRAVERSED_NOT_PRIMARY_REVIEW	False	0	0	0	0			0	0	0			0		OPEN
CHEBI:66222	thiomarinol C	data/antibiotics/antibacterial/thiomarinol-c.yaml	KYCIRSXXQPEBCI-UYGPANRWSA-N	ANTIBACTERIAL	0ec6b314bd4db38f8ffb892ac60b627dc9e9d8c2f2f09dd6fa4fe7fe2e27c2e6	0	0	3	2	0	RECORDED_NAME_QUERIES_TRAVERSED_NOT_PRIMARY_REVIEW	False	0	0	0	0			0	0	0			0		OPEN
CHEBI:66223	thiomarinol D	data/antibiotics/antibacterial/thiomarinol-d.yaml	WJDAODOGPRMXNX-ZFNRTSIQSA-N	ANTIBACTERIAL	880df769f4b2bd0802486addd2024bdc9fd9a647e47853bea07518d1d9ee72c2	0	0	2	2	0	RECORDED_NAME_QUERIES_TRAVERSED_NOT_PRIMARY_REVIEW	False	0	0	0	0			0	0	0			0		OPEN
CHEBI:66224	thiomarinol E	data/antibiotics/antibacterial/thiomarinol-e.yaml	DIZXGLMCRBSVBM-WCCSBUKDSA-N	ANTIBACTERIAL	777c54702f35f7e48582adac8c88ae992a5f6c73e6889a3ed99644384c7ec788	0	0	2	2	0	RECORDED_NAME_QUERIES_TRAVERSED_NOT_PRIMARY_REVIEW	False	0	0	0	0			0	0	0			0		OPEN
CHEBI:66225	thiomarinol F	data/antibiotics/antibacterial/thiomarinol-f.yaml	FALNLLBJTDMUIP-KJTKGZELSA-N	ANTIBACTERIAL	12726c689e760ce2214a7d272e7d3897f3861986aabe3586696b097f2dc1f938	0	0	2	2	0	RECORDED_NAME_QUERIES_TRAVERSED_NOT_PRIMARY_REVIEW	False	0	0	0	0			0	0	0			0		OPEN
CHEBI:66226	thiomarinol G	data/antibiotics/antibacterial/thiomarinol-g.yaml	FCMYPMGTCIMUMZ-DJKNXTBSSA-N	ANTIBACTERIAL	937d23e26895dfd82eba3b6723380191d43e0cc86f3c35852064378cdb642747	0	0	2	2	0	RECORDED_NAME_QUERIES_TRAVERSED_NOT_PRIMARY_REVIEW	False	0	0	0	0			0	0	0			0		OPEN
CHEBI:66230	tianshic acid	data/antibiotics/antifungal/tianshic-acid.yaml	YFCZLXRIKFCQFU-BUHFOSPRSA-N	ANTIFUNGAL	a9406a9fb7950460dc1a941dadbed0da16d652951fd81aecc20ccf98afe6c875	0	0	2	2	0	RECORDED_NAME_QUERIES_TRAVERSED_NOT_PRIMARY_REVIEW	False	0	0	0	0			0	0	0			0		OPEN
CHEBI:66232	TMC-135A	data/antibiotics/unspecified/tmc-135a.yaml	DLJPEMIJOQUTRD-KLLBSFIHSA-N	ANTIMICROBIAL_UNSPECIFIED	21a2101a7dae1695af90057ce40b34aa16d55cc30bafb1cede6b694364d68ecf	0	0	3	2	0	RECORDED_NAME_QUERIES_TRAVERSED_NOT_PRIMARY_REVIEW	False	0	0	0	0			0	0	0			0		OPEN
CHEBI:66233	TMC-135B	data/antibiotics/unspecified/tmc-135b.yaml	YIMYDHUFVYSTEY-WUWQZELJSA-N	ANTIMICROBIAL_UNSPECIFIED	fd8a65a0d59064e0c718e3740f239cfd12f06b57fb39501a0e69f89b6ea46847	0	0	3	2	0	RECORDED_NAME_QUERIES_TRAVERSED_NOT_PRIMARY_REVIEW	False	0	0	0	0			0	0	0			0		OPEN
CHEBI:66234	TMC-1A	data/antibiotics/unspecified/tmc-1a.yaml	CCZRQXWCDVXNHR-GFLRHUPZSA-N	ANTIMICROBIAL_UNSPECIFIED	76b7b05914b5cf496706f47e0a3685afc9587ab50dacda5c7a290b929df0ddc0	0	0	2	2	0	RECORDED_NAME_QUERIES_TRAVERSED_NOT_PRIMARY_REVIEW	False	0	0	0	0			0	0	0			0		OPEN
CHEBI:66235	TMC-1B	data/antibiotics/unspecified/tmc-1b.yaml	LTZQMADYCMVTKI-UVJPKDHBSA-N	ANTIMICROBIAL_UNSPECIFIED	421c8c0409f9d2958f8869d5d6689612e01e783b00a6da4072b19f2a9d9d4618	0	0	2	2	0	RECORDED_NAME_QUERIES_TRAVERSED_NOT_PRIMARY_REVIEW	False	0	0	0	0			0	0	0			0		OPEN
CHEBI:66236	TMC-1C	data/antibiotics/unspecified/tmc-1c.yaml	WDPVYGCEBGDANZ-CXLBDHTJSA-N	ANTIMICROBIAL_UNSPECIFIED	2a1ede37472c8f2cbad24b309bb5029e1ccbbbbbae4efee2e14da271a3736132	0	0	2	2	0	RECORDED_NAME_QUERIES_TRAVERSED_NOT_PRIMARY_REVIEW	False	0	0	0	0			0	0	0			0		OPEN
CHEBI:66237	TMC-1D	data/antibiotics/unspecified/tmc-1d.yaml	VAHXVYDDBKCOFD-NGQXCVFISA-N	ANTIMICROBIAL_UNSPECIFIED	113b6f85c4240bf65d09d336c296f046fdbf49dae78fd9112742e743bcc70088	0	0	2	2	0	RECORDED_NAME_QUERIES_TRAVERSED_NOT_PRIMARY_REVIEW	False	0	0	0	0			0	0	0			0		OPEN
CHEBI:66238	TMC-52A	data/antibiotics/unspecified/tmc-52a.yaml	PRCZPOBZJVCPKL-GTPINHCMSA-N	ANTIMICROBIAL_UNSPECIFIED	4ef950161becc56e7f273f1590c3d85bf5eed322edf7ccd3ba490a64a144c2cc	0	0	2	2	0	RECORDED_NAME_QUERIES_TRAVERSED_NOT_PRIMARY_REVIEW	False	0	0	0	0			0	0	0			0		OPEN
CHEBI:66239	TMC-52B	data/antibiotics/unspecified/tmc-52b.yaml	MQQOZPYNKMAOLT-GTPINHCMSA-N	ANTIMICROBIAL_UNSPECIFIED	afd513a641e228ff0a722bf57131ca36185625af4194a66dbb4683876fb8dc35	0	0	2	2	0	RECORDED_NAME_QUERIES_TRAVERSED_NOT_PRIMARY_REVIEW	False	0	0	0	0			0	0	0			0		OPEN
CHEBI:66240	TMC-52C	data/antibiotics/unspecified/tmc-52c.yaml	LYAOVDVXUUARTK-GTPINHCMSA-N	ANTIMICROBIAL_UNSPECIFIED	d7a9bb0a78305fa6fe3b8d32dec9e0085e54f0302cd275218c2fd77dd1ea85d5	0	0	2	2	0	RECORDED_NAME_QUERIES_TRAVERSED_NOT_PRIMARY_REVIEW	False	0	0	0	0			0	0	0			0		OPEN
CHEBI:66241	TMC-52D	data/antibiotics/unspecified/tmc-52d.yaml	VMUJCCBLIGGNAX-GTPINHCMSA-N	ANTIMICROBIAL_UNSPECIFIED	9f1c35308ac05fd935fbce0be4c9acf8b472f312376ace4c36f32714ee3175ca	0	0	2	2	0	RECORDED_NAME_QUERIES_TRAVERSED_NOT_PRIMARY_REVIEW	False	0	0	0	0			0	0	0			0		OPEN
CHEBI:66242	TMC-86A	data/antibiotics/unspecified/tmc-86a.yaml	JVPIPRZCKOLWKU-BGMSHATGSA-N	ANTIMICROBIAL_UNSPECIFIED	1614f6d1cef97e6cccbd7ee868fd01f308ceff89f36b0ee84be7ac5f33539092	0	0	2	2	0	RECORDED_NAME_QUERIES_TRAVERSED_NOT_PRIMARY_REVIEW	False	0	0	0	0			0	0	0			0		OPEN
CHEBI:66243	TMC-86B	data/antibiotics/unspecified/tmc-86b.yaml	UUYGJEDLSUBYHW-CHWWFWEZSA-N	ANTIMICROBIAL_UNSPECIFIED	f3c056d15d9b3adc83dad443802e255c74def0d923548a4c2b702ebec964d72b	0	0	2	2	0	RECORDED_NAME_QUERIES_TRAVERSED_NOT_PRIMARY_REVIEW	False	0	0	0	0			0	0	0			0		OPEN
CHEBI:66244	TMC-96	data/antibiotics/unspecified/tmc-96.yaml	CEWYDURMTVVVNH-QMOGDXDJSA-N	ANTIMICROBIAL_UNSPECIFIED	8dd8e7a4264d850d037fad008e901ff2c70cca2127749c9e03e2942ed72638cc	0	0	2	2	0	RECORDED_NAME_QUERIES_TRAVERSED_NOT_PRIMARY_REVIEW	False	0	0	0	0			0	0	0			0		OPEN
CHEBI:66246	TMC-95B	data/antibiotics/unspecified/tmc-95b.yaml	ZIAXNZCTODBCKW-NKGUOCGVSA-N	ANTIMICROBIAL_UNSPECIFIED	6ee21af64eb4788795bdde40e35ff8a079fdad150aac3a780d0a4403345c01dc	0	0	2	2	0	RECORDED_NAME_QUERIES_TRAVERSED_NOT_PRIMARY_REVIEW	False	0	0	0	0			0	0	0			0		OPEN
CHEBI:66247	TMC-95C	data/antibiotics/unspecified/tmc-95c.yaml	ZIAXNZCTODBCKW-QDRDEZGCSA-N	ANTIMICROBIAL_UNSPECIFIED	1f5f6d2f362c2d8332cf2499e041df344e4baf89875a2da35bcc7ae72bedf310	0	0	2	2	0	RECORDED_NAME_QUERIES_TRAVERSED_NOT_PRIMARY_REVIEW	False	0	0	0	0			0	0	0			0		OPEN
CHEBI:66248	TMC-95D	data/antibiotics/unspecified/tmc-95d.yaml	ZIAXNZCTODBCKW-WYRJOJSMSA-N	ANTIMICROBIAL_UNSPECIFIED	8042937f15a5a34fd1a4423c8593970c57227aa3ac8344202afcdfce60fc18fe	0	0	2	2	0	RECORDED_NAME_QUERIES_TRAVERSED_NOT_PRIMARY_REVIEW	False	0	0	0	0			0	0	0			0		OPEN
CHEBI:66249	tolybyssidin A	data/antibiotics/antifungal/tolybyssidin-a.yaml	ZWXCBGUTACBDRV-BAGIKNQXSA-N	ANTIFUNGAL	4f852f4c07159f1eb0aa986747e0f881a65b667dbbb870bdc58fa1ba8dc2bfc1	0	0	2	2	0	RECORDED_NAME_QUERIES_TRAVERSED_NOT_PRIMARY_REVIEW	False	0	0	0	0			0	0	0			0		OPEN
CHEBI:66250	tolybyssidin B	data/antibiotics/antifungal/tolybyssidin-b.yaml	QONBOMKYCJJCSL-WPQAJTLNSA-N	ANTIFUNGAL	efaa6e09dbc5eacea8dfabbc48559219aadd4920cda122bbbe405daee9bda176	0	0	2	2	0	RECORDED_NAME_QUERIES_TRAVERSED_NOT_PRIMARY_REVIEW	False	0	0	0	0			0	0	0			0		OPEN
CHEBI:66252	topopyrone A	data/antibiotics/antiviral/topopyrone-a.yaml	KUCMIJRMIDNZCP-UHFFFAOYSA-N	ANTIVIRAL	4af62fa810303f056660daab79353e9c7977ade8af87d03fcb62c1fa07cb619a	0	0	2	2	0	RECORDED_NAME_QUERIES_TRAVERSED_NOT_PRIMARY_REVIEW	False	0	0	0	0			0	0	0			0		OPEN
CHEBI:66253	topopyrone B	data/antibiotics/antiviral/topopyrone-b.yaml	XQMOGUIQWMFPBF-UHFFFAOYSA-N	ANTIVIRAL	65a029e282e954d664374207e9f44e5101838a8ae5fdfd439aa800a6ed77756c	0	0	2	2	0	RECORDED_NAME_QUERIES_TRAVERSED_NOT_PRIMARY_REVIEW	False	0	0	0	0			0	0	0			0		OPEN
CHEBI:66254	topopyrone C	data/antibiotics/antiviral/topopyrone-c.yaml	AWDAPFGGFWZKGB-UHFFFAOYSA-N	ANTIVIRAL	752d8bde510178802ba07b73a7b8c1877b075116ee11064b996473008701978a	0	0	2	2	0	RECORDED_NAME_QUERIES_TRAVERSED_NOT_PRIMARY_REVIEW	False	0	0	0	0			0	0	0			0		OPEN
CHEBI:66255	topopyrone D	data/antibiotics/antiviral/topopyrone-d.yaml	WKOUXLOBNJWENY-UHFFFAOYSA-N	ANTIVIRAL	00305a049d913903da08435528971d46d0d8e778bc8afe135e435cf8501fdfbb	0	0	2	2	0	RECORDED_NAME_QUERIES_TRAVERSED_NOT_PRIMARY_REVIEW	False	0	0	0	0			0	0	0			0		OPEN
CHEBI:66258	torvanol A	data/antibiotics/antiviral/torvanol-a.yaml	OYAPXMLXMKSIDT-WSCZMHPESA-M	ANTIVIRAL	e6576e75c85eda73f6704b2f80bd41a5bfdef5b50a17377a7d8b88c5a0a46740	0	0	2	2	0	RECORDED_NAME_QUERIES_TRAVERSED_NOT_PRIMARY_REVIEW	False	0	0	0	0			0	0	0			0		OPEN
CHEBI:66259	torvoside H	data/antibiotics/antiviral/torvoside-h.yaml	DPXGNIHBGKCXMA-GXBWQGRMSA-N	ANTIVIRAL	85f7866ae540909af7d9c5b35f1f10c81da186df70b478e702ac434789581f30	0	0	3	2	0	RECORDED_NAME_QUERIES_TRAVERSED_NOT_PRIMARY_REVIEW	False	0	0	0	0			0	0	0			0		OPEN
CHEBI:66262	trierixin	data/antibiotics/unspecified/trierixin.yaml	JYAJEGBJMODZBK-GTRHLNJYSA-N	ANTIMICROBIAL_UNSPECIFIED	1fbe45079e93aa4c3ed9ef20023609efb04c940d464831942c9c4f47a6a06c37	0	0	2	2	0	RECORDED_NAME_QUERIES_TRAVERSED_NOT_PRIMARY_REVIEW	False	0	0	0	0			0	0	0			0		OPEN
CHEBI:66263	5,7,4'-trihydroxy-6,8-diprenylisoflavone	data/antibiotics/antibacterial/5-7-4-trihydroxy-6-8-diprenylisoflavone.yaml	UCHYSPNEUSDFQR-UHFFFAOYSA-N	ANTIBACTERIAL	43135b2cc1c9258d0193c6b4c9f44aa83f166b86a80f98e91b7aef8ac8376ef4	0	0	6	3	0	RECORDED_NAME_QUERIES_TRAVERSED_NOT_PRIMARY_REVIEW	False	0	0	0	0			0	0	0			0		OPEN
CHEBI:66265	2,2',4'-trihydroxy-6'-methoxy-3',5'-dimethylchalcone	data/antibiotics/antiprotozoal/2-2-4-trihydroxy-6-methoxy-3-5-dimethylchalcone.yaml	SPWBEELZNSXNME-CMDGGOBGSA-N	ANTIPROTOZOAL	abf3536d62d5d8899d3bdd27c80d7aea3848f9c4eec54d9823fdd99d8b572a64	0	0	2	2	0	RECORDED_NAME_QUERIES_TRAVERSED_NOT_PRIMARY_REVIEW	False	0	0	0	0			0	0	0			0		OPEN
CHEBI:66267	5,7,3'-trihydroxy-4',5'-(2'''',2''''-dimethylpyran)-8,2'-di(3-methyl-2-butenyl)-(2S)-flavanone	data/antibiotics/antiprotozoal/5-7-3-trihydroxy-4-5-2-2-dimethylpyran-8-2-di-3-methyl-2-butenyl-2s-fl.yaml	WHMJSNMIIPVCHC-VWLOTQADSA-N	ANTIPROTOZOAL	0b676c924b410977276aa7514a723460900cd3f64017b73a27b52c68e325decb	0	0	3	2	0	RECORDED_NAME_QUERIES_TRAVERSED_NOT_PRIMARY_REVIEW	False	0	0	0	0			0	0	0			0		OPEN
CHEBI:66269	trikendiol	data/antibiotics/antiviral/trikendiol.yaml	BIILLAVODXFDEL-NBGPHLIOSA-N	ANTIVIRAL	9c974124ecf3c310bc25067136d4cd0c82a3277accb63b7376839e35d59fd134	0	0	2	2	0	RECORDED_NAME_QUERIES_TRAVERSED_NOT_PRIMARY_REVIEW	False	0	0	0	0			0	0	0			0		OPEN
CHEBI:66275	tripterifordin	data/antibiotics/antiviral/tripterifordin.yaml	KLMZPLYXGZZBCX-TYOHIEAGSA-N	ANTIVIRAL	8d8dd79091576a17d5de5af3e4f239ab89c67e24c02e2464048328bb838b7a7b	0	0	4	2	0	RECORDED_NAME_QUERIES_TRAVERSED_NOT_PRIMARY_REVIEW	False	0	0	0	0			0	0	0			0		OPEN
CHEBI:66276	triptonine A	data/antibiotics/antiviral/triptonine-a.yaml	GHLDKPNDMMVFDQ-OFWWAFBUSA-N	ANTIVIRAL	4a841abd338272762c61b40175e976deb3b26f0042bd7d7b1f5a2b91d3398d1f	0	0	1	1	0	RECORDED_NAME_QUERIES_TRAVERSED_NOT_PRIMARY_REVIEW	False	0	0	0	0			0	0	0			0		OPEN
CHEBI:66277	triptonine B	data/antibiotics/antiviral/triptonine-b.yaml	GSBZVVMZYQMZBG-XMOOUNKUSA-N	ANTIVIRAL	1b0eb73a96372cf75728bf31b19e1966dfbd2eacb02030c25a9bfab6a0e1150c	0	0	1	1	0	RECORDED_NAME_QUERIES_TRAVERSED_NOT_PRIMARY_REVIEW	False	0	0	0	0			0	0	0			0		OPEN
CHEBI:66279	tubelactomicin A	data/antibiotics/antimycobacterial/tubelactomicin-a.yaml	LWPAZPOZBPFAAE-WSQSGNSCSA-N	ANTIMYCOBACTERIAL	bc8e3429f83a33b51af75d60688becce2869a56ec6420bb446a84a12c8589792	0	0	3	2	0	RECORDED_NAME_QUERIES_TRAVERSED_NOT_PRIMARY_REVIEW	False	0	0	0	0			0	0	0			0		OPEN
CHEBI:66281	TMC-89A	data/antibiotics/unspecified/tmc-89a.yaml	SCVCWUHUBWSKHS-CRHDNEEASA-N	ANTIMICROBIAL_UNSPECIFIED	45affffadd24f7bdaa5c06c8394b08f9f7085f14efa62063beac3f196f35dbea	0	0	2	2	0	RECORDED_NAME_QUERIES_TRAVERSED_NOT_PRIMARY_REVIEW	False	0	0	0	0			0	0	0			0		OPEN
CHEBI:66282	TMC-89B	data/antibiotics/unspecified/tmc-89b.yaml	SCVCWUHUBWSKHS-VJUMYARRSA-N	ANTIMICROBIAL_UNSPECIFIED	a76313cf9316bf707c75ab4e5de3799592055a64a02a387ff210d66b38badfd0	0	0	2	2	0	RECORDED_NAME_QUERIES_TRAVERSED_NOT_PRIMARY_REVIEW	False	0	0	0	0			0	0	0			0		OPEN
CHEBI:66291	(3Z)-ravenic acid	data/antibiotics/antibacterial/3z-ravenic-acid.yaml	JJFGJQNWIJPCAN-AJOOJNDDSA-N	ANTIBACTERIAL	29bf181c0eea82551f66db662f74d2d8f259f2d261125f61f2b860bcd166e012	0	0	3	2	0	RECORDED_NAME_QUERIES_TRAVERSED_NOT_PRIMARY_REVIEW	False	0	0	0	0			0	0	0			0		OPEN
CHEBI:66297	remangiflavanone A	data/antibiotics/antibacterial/remangiflavanone-a.yaml	NPTHXJUVZWZDJB-HXOBKFHXSA-N	ANTIBACTERIAL	a6e33c76fcf5283ecade4c1d096f6ecd5ab4064692f45f6a27d70fa2c74e71d0	0	0	6	3	0	RECORDED_NAME_QUERIES_TRAVERSED_NOT_PRIMARY_REVIEW	False	0	0	0	0			0	0	0			0		OPEN
CHEBI:66298	remangiflavanone B	data/antibiotics/antibacterial/remangiflavanone-b.yaml	CBIZXZGHIBJYRA-CMJOXMDJSA-N	ANTIBACTERIAL	f4d00e4d3253be942ea319655214c9b97c9ad413dbc3e1058f83d1a0a597a261	0	0	4	2	0	RECORDED_NAME_QUERIES_TRAVERSED_NOT_PRIMARY_REVIEW	False	0	0	0	0			0	0	0			0		OPEN
CHEBI:66299	respirantin	data/antibiotics/unspecified/respirantin.yaml	HJNZTHHOZWMVPB-WCSXKIRISA-N	ANTIMICROBIAL_UNSPECIFIED	f567d5861bcabe0c2a730f2db78eead1e94fe9775e5444b3ff6b168e73ae7374	0	0	3	2	0	RECORDED_NAME_QUERIES_TRAVERSED_NOT_PRIMARY_REVIEW	False	0	0	0	0			0	0	0			0		OPEN
CHEBI:66302	pyranojacareubin	data/antibiotics/antiviral/pyranojacareubin.yaml	ZMJXZBDITYZMTK-UHFFFAOYSA-N	ANTIVIRAL	52120b4748dfc7e023686e9c87758505a5421e1b28857b8450f4780745bc132d	0	0	2	2	0	RECORDED_NAME_QUERIES_TRAVERSED_NOT_PRIMARY_REVIEW	False	0	0	0	0			0	0	0			0		OPEN
CHEBI:66303	rhinacanthin C	data/antibiotics/antiviral/rhinacanthin-c.yaml	HBWJZSWEQJLURT-QIGLBIQCSA-N	ANTIVIRAL	cc60c86f1d28cb7c3b3c0f628f107eef95908397b9b5b64e07b1976deb6393d6	0	0	2	2	0	RECORDED_NAME_QUERIES_TRAVERSED_NOT_PRIMARY_REVIEW	False	0	0	0	0			0	0	0			0		OPEN
CHEBI:66304	rhinacanthin D	data/antibiotics/antiviral/rhinacanthin-d.yaml	QWHPVCGUVBLEQF-UHFFFAOYSA-N	ANTIVIRAL	10614a36b6a0f8c0415bec045cfc3700852be8143c6ec30359f4dcac597f8e97	0	0	2	2	0	RECORDED_NAME_QUERIES_TRAVERSED_NOT_PRIMARY_REVIEW	False	0	0	0	0			0	0	0			0		OPEN
CHEBI:66306	rhuscholide A	data/antibiotics/antiviral/rhuscholide-a.yaml	LPJLAXYRFCLYIG-HBKYZHKXSA-N	ANTIVIRAL	57a59e2a13de2f1a7db9d381c37084849b69d1503721b74687eb1462dbe2b14a	0	0	3	2	0	RECORDED_NAME_QUERIES_TRAVERSED_NOT_PRIMARY_REVIEW	False	0	0	0	0			0	0	0			0		OPEN
CHEBI:66309	rocaglamide	data/antibiotics/antiprotozoal/rocaglamide.yaml	DAPAQENNNINUPW-IDAMAFBJSA-N	ANTIPROTOZOAL	8ad7ea3621073397fdbfa29ca8341a5226d9a4f5aef5a54af85fe9b5cf0f3e27	0	0	3	2	0	RECORDED_NAME_QUERIES_TRAVERSED_NOT_PRIMARY_REVIEW	False	0	0	0	0			0	0	0			0		OPEN
CHEBI:66318	rubraxanthone	data/antibiotics/antibacterial/rubraxanthone.yaml	JLTSTSRANGPLOQ-RIYZIHGNSA-N	ANTIBACTERIAL	07b09744e530d7cd01305ae2d1de0dfecd959aea5e4d7802505a7f17e76cb34a	0	0	2	2	0	RECORDED_NAME_QUERIES_TRAVERSED_NOT_PRIMARY_REVIEW	False	0	0	0	0			0	0	0			0		OPEN
CHEBI:66319	rubriflordilactone B	data/antibiotics/antiviral/rubriflordilactone-b.yaml	JGSLSHOXBXVVTQ-NEUKEVNNSA-N	ANTIVIRAL	65e0f15f97079a150b72ce76e310a253da60338316db1b70d40dc9f69d0d7ebb	0	0	2	2	0	RECORDED_NAME_QUERIES_TRAVERSED_NOT_PRIMARY_REVIEW	False	0	0	0	0			0	0	0			0		OPEN
CHEBI:6633	mafenide	data/antibiotics/antibacterial/mafenide.yaml	TYMRLRRVMHJFTF-UHFFFAOYSA-N	ANTIBACTERIAL	46c9cb7c06dcc0b832de9fa873e7721a2f88e934edd6bc3d709b59fd0b0ebc71	5	0	4	2	0	RECORDED_NAME_QUERIES_TRAVERSED_NOT_PRIMARY_REVIEW	False	5	5	3	2	UniProtKB:A0A385AH63|UniProtKB:P0AC12|UniProtKB:P0C003	NCBITaxon:10678|NCBITaxon:287|NCBITaxon:623	0	0	0			0		OPEN
CHEBI:66331	xanthohumol	data/antibiotics/antiviral/xanthohumol.yaml	ORXQGKIUCDPEAJ-YRNVUSSQSA-N	ANTIVIRAL	67a81a0a20314f9c9733ef1778858d4a3a866d6cb23e9358552263dd099b6d5e	0	0	3	2	0	RECORDED_NAME_QUERIES_TRAVERSED_NOT_PRIMARY_REVIEW	False	0	0	0	0			0	0	0			0		OPEN
CHEBI:66338	UCS1025 A	data/antibiotics/antibacterial/ucs1025-a.yaml	WOAILDKFDXKSIY-OMKDVXPQSA-N	ANTIBACTERIAL	881da1ddf15d24459e579cb1c6c3378838d424f64044590c5ac898b85c5e9249	0	0	2	2	0	RECORDED_NAME_QUERIES_TRAVERSED_NOT_PRIMARY_REVIEW	False	0	0	0	0			0	0	0			0		OPEN
CHEBI:66339	UK-2A	data/antibiotics/antifungal/uk-2a.yaml	MLGCATYQZVMGBG-DRHHIBKESA-N	ANTIFUNGAL	b17602f0680a12ff13a1773ed52ca2cf858ec3f5b7cd5e54337785a51480e9c6	0	0	2	2	0	RECORDED_NAME_QUERIES_TRAVERSED_NOT_PRIMARY_REVIEW	False	0	0	0	0			0	0	0			0		OPEN
CHEBI:66340	UK-2B	data/antibiotics/antifungal/uk-2b.yaml	NRCFYQYMBDTOBT-PJQLUOCWSA-N	ANTIFUNGAL	62a84ec7623bc64312e26e974ad1651d9a65ccc94b1cfec5e921235e9ca88063	0	0	2	2	0	RECORDED_NAME_QUERIES_TRAVERSED_NOT_PRIMARY_REVIEW	False	0	0	0	0			0	0	0			0		OPEN
CHEBI:66341	UK-3A	data/antibiotics/antifungal/uk-3a.yaml	LATFDMCUVSRKNK-DKXUYOFUSA-N	ANTIFUNGAL	d461cbd7170da547bd2f082f97f9138057145712278affcfaa6d93216ca1f76f	0	0	2	2	0	RECORDED_NAME_QUERIES_TRAVERSED_NOT_PRIMARY_REVIEW	False	0	0	0	0			0	0	0			0		OPEN
CHEBI:66353	venturamide A	data/antibiotics/antiprotozoal/venturamide-a.yaml	OJMSNONHTSXZKM-GPCCPHFNSA-N	ANTIPROTOZOAL	1d50a3cff327fe0e3e57b3aa915f50c1f6dcb5a8d849cc1e0e51ec0bb6e109a5	0	0	2	2	0	RECORDED_NAME_QUERIES_TRAVERSED_NOT_PRIMARY_REVIEW	False	0	0	0	0			0	0	0			0		OPEN
CHEBI:66354	venturamide B	data/antibiotics/antiprotozoal/venturamide-b.yaml	BJJVHBJYOXGRRO-XEQNPHJVSA-N	ANTIPROTOZOAL	8986d657e0781dc46bd1dd6d457646dac0d437ea26d8c93c97b1ad2b453f933e	0	0	2	2	0	RECORDED_NAME_QUERIES_TRAVERSED_NOT_PRIMARY_REVIEW	False	0	0	0	0			0	0	0			0		OPEN
CHEBI:66360	vinylamycin	data/antibiotics/antibacterial/vinylamycin.yaml	ONGSLGFACDWAIV-OIXFFAKGSA-N	ANTIBACTERIAL	798ee8d289e225bb2de0b3e80d824e944e62829a352505c3a16d2425e9b3fde6	0	0	2	2	0	RECORDED_NAME_QUERIES_TRAVERSED_NOT_PRIMARY_REVIEW	False	0	0	0	0			0	0	0			0		OPEN
CHEBI:66364	12-methyl-5-dehydrohorminone	data/antibiotics/antimycobacterial/12-methyl-5-dehydrohorminone.yaml	RUONQJYGQKYSSL-GTJPDFRWSA-N	ANTIMYCOBACTERIAL	12c4cdd62f05c7e5c1b2bcd8e6747854865cf67bd2a1030ffe9d0187989d739d	0	0	3	2	0	RECORDED_NAME_QUERIES_TRAVERSED_NOT_PRIMARY_REVIEW	False	0	0	0	0			0	0	0			0		OPEN
CHEBI:66365	12-methyl-5-dehydroacetylhorminone	data/antibiotics/antimycobacterial/12-methyl-5-dehydroacetylhorminone.yaml	KRHKKRFFQDNBIN-FATZIPQQSA-N	ANTIMYCOBACTERIAL	d89add7fd52514b6aa8bef92002b4e053ac94ecbe7cebb339b345e27de6ee121	0	0	3	2	0	RECORDED_NAME_QUERIES_TRAVERSED_NOT_PRIMARY_REVIEW	False	0	0	0	0			0	0	0			0		OPEN
CHEBI:66369	3-O-methylcalopocarpin	data/antibiotics/antiviral/3-o-methylcalopocarpin.yaml	FZFGGNNUYSILSL-UWJYYQICSA-N	ANTIVIRAL	641437dabea83629717fd1c4db4038e1b76aa5e94816a5a3d6dc01b351eba0a8	0	0	4	2	0	RECORDED_NAME_QUERIES_TRAVERSED_NOT_PRIMARY_REVIEW	False	0	0	0	0			0	0	0			0		OPEN
CHEBI:66373	2-(methyldithio)pyridine-N-oxide	data/antibiotics/antibacterial/2-methyldithio-pyridine-n-oxide.yaml	XKLCDAACRKRTLY-UHFFFAOYSA-N	ANTIBACTERIAL	d5f535c2ab4f972603b15bfcf9d837ef8813744b5ea11f94d12721072df7eb33	0	0	2	2	0	RECORDED_NAME_QUERIES_TRAVERSED_NOT_PRIMARY_REVIEW	False	0	0	0	0			0	0	0			0		OPEN
CHEBI:66385	michellamine A	data/antibiotics/antiviral/michellamine-a.yaml	GMLBVLXDRNJFGR-ZJZGAYNASA-N	ANTIVIRAL	7fda0e92decfafd6368b46cdd0795566499ec648f54503a8799d99a550f2e2de	0	0	2	2	0	RECORDED_NAME_QUERIES_TRAVERSED_NOT_PRIMARY_REVIEW	False	0	0	0	0			0	0	0			0		OPEN
CHEBI:66386	michellamine B	data/antibiotics/antiviral/michellamine-b.yaml	GMLBVLXDRNJFGR-ZJZGAYNASA-N	ANTIVIRAL	5396277fc6a06521bc15de4b9800347ac87962d29e186638be1d0af6aedf17f7	0	0	2	2	0	RECORDED_NAME_QUERIES_TRAVERSED_NOT_PRIMARY_REVIEW	False	0	0	0	0			0	0	0			0		OPEN
CHEBI:66388	microspinosamide	data/antibiotics/antiviral/microspinosamide.yaml	GUGALNGMVNRENE-DPOFQXJLSA-N	ANTIVIRAL	35a8a033709733aeb2b273b584307dc42752f45465e7180467331fd9ec744131	0	0	2	2	0	RECORDED_NAME_QUERIES_TRAVERSED_NOT_PRIMARY_REVIEW	False	0	0	0	0			0	0	0			0		OPEN
CHEBI:66389	migrastatin	data/antibiotics/unspecified/migrastatin.yaml	OGYMUMAKGYYNHV-IJMHZYIBSA-N	ANTIMICROBIAL_UNSPECIFIED	bd9eeb6363de9db99c0e3bd7d9bf64009e7efde95665522966533d339bbee2e0	0	0	3	2	0	RECORDED_NAME_QUERIES_TRAVERSED_NOT_PRIMARY_REVIEW	False	0	0	0	0			0	0	0			0		OPEN
CHEBI:66400	monotesone A	data/antibiotics/antifungal/monotesone-a.yaml	UIFXCAYUHZVWHR-SFHVURJKSA-N	ANTIFUNGAL	50083f9182fecca49b536c8e4311051a19a0f966dc8b2731743a8bb9755ca0a2	0	0	4	2	0	RECORDED_NAME_QUERIES_TRAVERSED_NOT_PRIMARY_REVIEW	False	0	0	0	0			0	0	0			0		OPEN
CHEBI:66401	morellic acid	data/antibiotics/antibacterial/morellic-acid.yaml	ITPZQGLNWWAFMF-FXQQNLISSA-N	ANTIBACTERIAL	d073b1de5beda385dccdc157ec45ba23683bbde698866bcaed3e04233de311e8	0	0	2	2	0	RECORDED_NAME_QUERIES_TRAVERSED_NOT_PRIMARY_REVIEW	False	0	0	0	0			0	0	0			0		OPEN
CHEBI:66402	8,8a-epoxymorellic acid	data/antibiotics/antiviral/8-8a-epoxymorellic-acid.yaml	DHCUJGJZVIRMQU-ZZBIGSJJSA-N	ANTIVIRAL	5dce864895fe726d54996638bcbdf78c9b1ee9d58309c14744d60efb98296f76	0	0	2	2	0	RECORDED_NAME_QUERIES_TRAVERSED_NOT_PRIMARY_REVIEW	False	0	0	0	0			0	0	0			0		OPEN
CHEBI:66403	moromycin A	data/antibiotics/unspecified/moromycin-a.yaml	YXQYFVURWVZIMD-CZMJNFCQSA-N	ANTIMICROBIAL_UNSPECIFIED	c4a2751885154239ae8134cc8a26920ee009b13f96c36c9ec58538d3e54df353	0	0	1	1	0	RECORDED_NAME_QUERIES_TRAVERSED_NOT_PRIMARY_REVIEW	False	0	0	0	0			0	0	0			0		OPEN
CHEBI:66404	moromycin B	data/antibiotics/unspecified/moromycin-b.yaml	IVVLBSCKLIYBCU-GEMPFEMJSA-N	ANTIMICROBIAL_UNSPECIFIED	639d1425fedf53f090f179536c256fa0cd9b2c6b1b1a676b11ccfbcd3628cc16	0	0	1	1	0	RECORDED_NAME_QUERIES_TRAVERSED_NOT_PRIMARY_REVIEW	False	0	0	0	0			0	0	0			0		OPEN
CHEBI:66405	motualevic acid A	data/antibiotics/antibacterial/motualevic-acid-a.yaml	ZLIHRGDEFDFVOK-ZRDIBKRKSA-N	ANTIBACTERIAL	85b8aff8747db634a89e7239751d02ef74eb2e4ba754f356b03c8e15d3e3f0a3	0	0	2	2	0	RECORDED_NAME_QUERIES_TRAVERSED_NOT_PRIMARY_REVIEW	False	0	0	0	0			0	0	0			0		OPEN
CHEBI:66406	motualevic acid F	data/antibiotics/antibacterial/motualevic-acid-f.yaml	XWKHPPWOUIGVPT-SLZMIMFISA-N	ANTIBACTERIAL	f736c832b12337cf84edd8f88fc1460b3f39d79daf5e20868ac37c028adf72f7	0	0	2	2	0	RECORDED_NAME_QUERIES_TRAVERSED_NOT_PRIMARY_REVIEW	False	0	0	0	0			0	0	0			0		OPEN
CHEBI:66407	multicaulin	data/antibiotics/antimycobacterial/multicaulin.yaml	QSZDTCGHFRXGFB-UHFFFAOYSA-N	ANTIMYCOBACTERIAL	bc426fb9a400b27a54a4d1ce3ca213c46945e7b88fa147ce4d2f9b88a8f10b2c	0	0	4	2	0	RECORDED_NAME_QUERIES_TRAVERSED_NOT_PRIMARY_REVIEW	False	0	0	0	0			0	0	0			0		OPEN
CHEBI:66408	12-demethylmulticaulin	data/antibiotics/antimycobacterial/12-demethylmulticaulin.yaml	ZMSKUQUFEKLXGK-UHFFFAOYSA-N	ANTIMYCOBACTERIAL	a3dade7de6932d8fe7b813cf090f1e7d234afa3c0b0ce2b44e9c68607f6f5218	0	0	3	2	0	RECORDED_NAME_QUERIES_TRAVERSED_NOT_PRIMARY_REVIEW	False	0	0	0	0			0	0	0			0		OPEN
CHEBI:66409	multiorthoquinone	data/antibiotics/antimycobacterial/multiorthoquinone.yaml	YJIHLYMLQOIPEU-UHFFFAOYSA-N	ANTIMYCOBACTERIAL	b04f13a6bd2555adb6cbe6c231f2629999ba52dee246ecec98908e80ce89d20a	0	0	3	2	0	RECORDED_NAME_QUERIES_TRAVERSED_NOT_PRIMARY_REVIEW	False	0	0	0	0			0	0	0			0		OPEN
CHEBI:66410	12-demethylmultiorthoquinone	data/antibiotics/antimycobacterial/12-demethylmultiorthoquinone.yaml	OVYJWDSHGYTZSE-UHFFFAOYSA-N	ANTIMYCOBACTERIAL	0612fb8cf657ca013899d4982a6ea9b61f4cbfadd801fbf4f6d657b17fc1dc31	0	0	3	2	0	RECORDED_NAME_QUERIES_TRAVERSED_NOT_PRIMARY_REVIEW	False	0	0	0	0			0	0	0			0		OPEN
CHEBI:66411	multiplolide A	data/antibiotics/antifungal/multiplolide-a.yaml	GSXXKILAEILYRX-JRSSMJHLSA-N	ANTIFUNGAL	2759c7e3ad517d1effc5922cb7238c252c3599463c985e8659ad6b9431622929	0	0	3	2	0	RECORDED_NAME_QUERIES_TRAVERSED_NOT_PRIMARY_REVIEW	False	0	0	0	0			0	0	0			0		OPEN
CHEBI:66412	multiplolide B	data/antibiotics/antifungal/multiplolide-b.yaml	MKNCRDRXKFGNDG-BGEOUFIESA-N	ANTIFUNGAL	223b8988f6d7e51aef48b1c32ebabe891f3e75a019195a1c306bf04157fe9822	0	0	2	2	0	RECORDED_NAME_QUERIES_TRAVERSED_NOT_PRIMARY_REVIEW	False	0	0	0	0			0	0	0			0		OPEN
CHEBI:66415	muqubilone	data/antibiotics/antiviral/muqubilone.yaml	UCWHHFGTUDDROG-DNKDVBPTSA-N	ANTIVIRAL	d0397591c9a91faec46a133f1d547cdb078b438b38e213ee8ae863f46b14b360	0	0	1	1	0	RECORDED_NAME_QUERIES_TRAVERSED_NOT_PRIMARY_REVIEW	False	0	0	0	0			0	0	0			0		OPEN
CHEBI:66416	mustakone	data/antibiotics/antiprotozoal/mustakone.yaml	CTFSUCDHRVDRKG-MGZXXMPLSA-N	ANTIPROTOZOAL	a793d32b1fc5447e80d1162235de13e9d00ee43bdd200888acb27087b25c8ea7	0	0	1	1	0	RECORDED_NAME_QUERIES_TRAVERSED_NOT_PRIMARY_REVIEW	False	0	0	0	0			0	0	0			0		OPEN
CHEBI:66431	schisanlactone A	data/antibiotics/antiviral/schisanlactone-a.yaml	VJNOAOVMGNCSPJ-ZCTPSQTASA-N	ANTIVIRAL	664c6243f12725ec68488bda29595c46273995733de83c37158035bfff0b3b02	0	0	2	2	0	RECORDED_NAME_QUERIES_TRAVERSED_NOT_PRIMARY_REVIEW	False	0	0	0	0			0	0	0			0		OPEN
CHEBI:66432	schisanwilsonene A	data/antibiotics/antiviral/schisanwilsonene-a.yaml	QNYUIPNTIJJURA-UMVBOHGHSA-N	ANTIVIRAL	8f8c4988b95107bb51df330e8bc47413fb3ac9fa1d7842014bf8764270bdc71d	0	0	2	2	0	RECORDED_NAME_QUERIES_TRAVERSED_NOT_PRIMARY_REVIEW	False	0	0	0	0			0	0	0			0		OPEN
CHEBI:66440	scleropyric acid	data/antibiotics/antimycobacterial/scleropyric-acid.yaml	PZTFGAULNIGNTB-UHFFFAOYSA-N	ANTIMYCOBACTERIAL	98c808fbade2dae00401770dbc7f544d58f5dbe79186b5a9cde5d470880bede4	0	0	2	2	0	RECORDED_NAME_QUERIES_TRAVERSED_NOT_PRIMARY_REVIEW	False	0	0	0	0			0	0	0			0		OPEN
CHEBI:66453	scutianthraquinone A	data/antibiotics/antiprotozoal/scutianthraquinone-a.yaml	LUBCWELSQUOSLN-UHFFFAOYSA-N	ANTIPROTOZOAL	3dec5c70c6e0d6b421dcca356d439be41900b268b65920ffa09c55d8755b184f	0	0	2	2	0	RECORDED_NAME_QUERIES_TRAVERSED_NOT_PRIMARY_REVIEW	False	0	0	0	0			0	0	0			0		OPEN
CHEBI:66454	scutianthraquinone B	data/antibiotics/antiprotozoal/scutianthraquinone-b.yaml	OWDCXJMCKGCGEQ-UHFFFAOYSA-N	ANTIPROTOZOAL	0ca2979d08f96d9efc967d700e2d1a241f8dde8a0b1ee6b8ae3a3bca599f0b53	0	0	2	2	0	RECORDED_NAME_QUERIES_TRAVERSED_NOT_PRIMARY_REVIEW	False	0	0	0	0			0	0	0			0		OPEN
CHEBI:66455	scutianthraquinone C	data/antibiotics/antiprotozoal/scutianthraquinone-c.yaml	JFUFATWECSQGDK-UHFFFAOYSA-N	ANTIPROTOZOAL	c238102aa256a8081c6ba378f50c02841002c1b1909fe0d6f86d835e5357687b	0	0	2	2	0	RECORDED_NAME_QUERIES_TRAVERSED_NOT_PRIMARY_REVIEW	False	0	0	0	0			0	0	0			0		OPEN
CHEBI:66459	3,4-secoisopimara-4(18),7,15-triene-3-oic acid	data/antibiotics/antibacterial/3-4-secoisopimara-4-18-7-15-triene-3-oic-acid.yaml	XQZUWQQUDZZOHA-ZULIPRJHSA-N	ANTIBACTERIAL	d3761ca0b09bef163a55507e6bf56929a46e5a7e839b584c89eda2063d096cd0	0	0	2	2	0	RECORDED_NAME_QUERIES_TRAVERSED_NOT_PRIMARY_REVIEW	False	0	0	0	0			0	0	0			0		OPEN
CHEBI:66460	selinone	data/antibiotics/antifungal/selinone.yaml	GYSDUVRPSWKYDJ-SFHVURJKSA-N	ANTIFUNGAL	272c7bb3753dbeb77e7a27293b918e4bea9213e9e52ca3e55f1f049758ec7f59	0	0	5	2	0	RECORDED_NAME_QUERIES_TRAVERSED_NOT_PRIMARY_REVIEW	False	0	0	0	0			0	0	0			0		OPEN
CHEBI:66461	semicochliodinol A	data/antibiotics/antiviral/semicochliodinol-a.yaml	XNQAJERZSLDENY-UHFFFAOYSA-N	ANTIVIRAL	b9d4d4600cf23c0b198d34993c41024a5a0aa92d8fbadc0d80aac5e3fe2108e1	0	0	2	2	0	RECORDED_NAME_QUERIES_TRAVERSED_NOT_PRIMARY_REVIEW	False	0	0	0	0			0	0	0			0		OPEN
CHEBI:66462	semicochliodinol B	data/antibiotics/antiviral/semicochliodinol-b.yaml	JWHQWQQROAZMII-UHFFFAOYSA-N	ANTIVIRAL	4b23502f05fc77eb7255cd02e2c0a4fe680ecf277345f4a4467e311fdfd1c78e	0	0	2	2	0	RECORDED_NAME_QUERIES_TRAVERSED_NOT_PRIMARY_REVIEW	False	0	0	0	0			0	0	0			0		OPEN
CHEBI:66472	10α-hydroperoxy-guaia-1,11-diene	data/antibiotics/antiprotozoal/10α-hydroperoxy-guaia-1-11-diene.yaml	WVEJIBNZNZLFEF-SFDCQRBFSA-N	ANTIPROTOZOAL	ee44b6d4c7f03ddb79f20c88ca5b905b1686fe856710040e777dc58d553869c0	0	0	2	2	0	RECORDED_NAME_QUERIES_TRAVERSED_NOT_PRIMARY_REVIEW	False	0	0	0	0			0	0	0			0		OPEN
CHEBI:66473	1α-hydroperoxy-guaia-10(15),11-diene	data/antibiotics/antiprotozoal/1α-hydroperoxy-guaia-10-15-11-diene.yaml	LSSAEGXLQBRSBC-PMOUVXMZSA-N	ANTIPROTOZOAL	bb83edc82051b2acb56e95b6618ae301b1c8b5a15c4cc2e9423bb1ed06e8f50a	0	0	2	2	0	RECORDED_NAME_QUERIES_TRAVERSED_NOT_PRIMARY_REVIEW	False	0	0	0	0			0	0	0			0		OPEN
CHEBI:66474	15α-hydroperoxy-guaia-1(10),11-diene	data/antibiotics/antiprotozoal/15α-hydroperoxy-guaia-1-10-11-diene.yaml	OYLVRNLKRWKWJA-ZOWXZIJZSA-N	ANTIPROTOZOAL	2265d8c772e1af0c7ab054865a5ee31816d22b2d1597242d379e71380baa65b3	0	0	2	2	0	RECORDED_NAME_QUERIES_TRAVERSED_NOT_PRIMARY_REVIEW	False	0	0	0	0			0	0	0			0		OPEN
CHEBI:66479	siamenol	data/antibiotics/antiviral/siamenol.yaml	BBPNJGRZPSCZBB-UHFFFAOYSA-N	ANTIVIRAL	242b66545b5866e1304bad9a1bbd073dc4fb926e6acc7a827563fea4e53087a6	0	0	2	2	0	RECORDED_NAME_QUERIES_TRAVERSED_NOT_PRIMARY_REVIEW	False	0	0	0	0			0	0	0			0		OPEN
CHEBI:66482	sigmoidin A	data/antibiotics/antibacterial/sigmoidin-a.yaml	BVHLNRAYBCPKOY-NRFANRHFSA-N	ANTIBACTERIAL	6965fc34e946797aac7cbc6ab7f6338f23fb5f0a9cc82fd012037d9be3d575a5	0	0	4	2	0	RECORDED_NAME_QUERIES_TRAVERSED_NOT_PRIMARY_REVIEW	False	0	0	0	0			0	0	0			0		OPEN
CHEBI:66483	sigmoidin B	data/antibiotics/antibacterial/sigmoidin-b.yaml	SFQIGPZCFNTPOD-KRWDZBQOSA-N	ANTIBACTERIAL	72b39b0883bfd1e7cb57faf0a012ce0eed384d1257cec4e67ab06cf867a6dd02	0	0	4	2	0	RECORDED_NAME_QUERIES_TRAVERSED_NOT_PRIMARY_REVIEW	False	0	0	0	0			0	0	0			0		OPEN
CHEBI:66486	simalikalactone D	data/antibiotics/antiprotozoal/simalikalactone-d.yaml	OKIKYYZNNZCZRX-ZPUVFWQWSA-N	ANTIPROTOZOAL	807662e7c9784ad664d2e92cace8b673a03cbc76107a2e705cbd48b919ea2368	0	0	3	2	0	RECORDED_NAME_QUERIES_TRAVERSED_NOT_PRIMARY_REVIEW	False	0	0	0	0			0	0	0			0		OPEN
CHEBI:66494	YM-47141	data/antibiotics/unspecified/ym-47141.yaml	RLFDHDLZRRLOSI-VFLTUTPWSA-N	ANTIMICROBIAL_UNSPECIFIED	22607d200b8b11761430869c87ca5a63ebe0a8a9743a4415399978cbe3ae3c27	0	0	2	2	0	RECORDED_NAME_QUERIES_TRAVERSED_NOT_PRIMARY_REVIEW	False	0	0	0	0			0	0	0			0		OPEN
CHEBI:66495	YM-47142	data/antibiotics/unspecified/ym-47142.yaml	WDOYVAJHZHVZQI-KNFAUAPHSA-N	ANTIMICROBIAL_UNSPECIFIED	55d4f697a5e2c37a8fc37b836077d7b3e56736d7f07d8c5f5d55f9e0e34766fd	0	0	2	2	0	RECORDED_NAME_QUERIES_TRAVERSED_NOT_PRIMARY_REVIEW	False	0	0	0	0			0	0	0			0		OPEN
CHEBI:66496	YM-47522	data/antibiotics/antifungal/ym-47522.yaml	OJAGQZQYWOJBHT-PKJHRQCFSA-N	ANTIFUNGAL	9e820acdb3b27fbb9f216566e7cb98d16da2ff048ca11dbd2c85a64b13b1f95f	0	0	2	2	0	RECORDED_NAME_QUERIES_TRAVERSED_NOT_PRIMARY_REVIEW	False	0	0	0	0			0	0	0			0		OPEN
CHEBI:66497	Ys-II	data/antibiotics/antifungal/ys-ii.yaml	MMTWXUQMLQGAPC-KQRWKONWSA-N	ANTIFUNGAL	911b8cda0e4168422b124e2f0ab3a21c405167a3b922579a11cfe6f327cde5d7	0	0	3	2	0	RECORDED_NAME_QUERIES_TRAVERSED_NOT_PRIMARY_REVIEW	False	0	0	0	0			0	0	0			0		OPEN
CHEBI:66498	Ys-IV	data/antibiotics/antifungal/ys-iv.yaml	DKEFDSJGKPNAQN-DHNDSWACSA-N	ANTIFUNGAL	5e4d489ac13604f2eb041a89358a0cce7ce7c7284b47f88f762a19741e4df353	0	0	3	2	0	RECORDED_NAME_QUERIES_TRAVERSED_NOT_PRIMARY_REVIEW	False	0	0	0	0			0	0	0			0		OPEN
CHEBI:66499	yuccalan	data/antibiotics/antifungal/yuccalan.yaml	ALKMFECERUDLEI-UBXCSCSKSA-N	ANTIFUNGAL	6d29cea4d4099cbd24d07cdffac403ec9a10c084376cce1eb94165b5661d97d7	0	0	3	2	0	RECORDED_NAME_QUERIES_TRAVERSED_NOT_PRIMARY_REVIEW	False	0	0	0	0			0	0	0			0		OPEN
CHEBI:66500	zaluzanin D	data/antibiotics/antiprotozoal/zaluzanin-d.yaml	GKMFOEIZCLMZDE-QXKUPLGCSA-N	ANTIPROTOZOAL	b18e8fcb9a2026cc31257776ef0ca0a27f6d4a5c96315e0a9de01079fd5cf0cc	0	0	4	2	0	RECORDED_NAME_QUERIES_TRAVERSED_NOT_PRIMARY_REVIEW	False	0	0	0	0			0	0	0			0		OPEN
CHEBI:66514	sorocenol G	data/antibiotics/antibacterial/sorocenol-g.yaml	GOBAQYCCUYZMJY-HGLYATPPSA-N	ANTIBACTERIAL	b437ebb5362adde11ce03b3629adca70ea155a1464269ee1837468a650c8b5a0	0	0	2	2	0	RECORDED_NAME_QUERIES_TRAVERSED_NOT_PRIMARY_REVIEW	False	0	0	0	0			0	0	0			0		OPEN
CHEBI:66515	sorocenol H	data/antibiotics/antibacterial/sorocenol-h.yaml	SEHVRKPXIDOTRX-CMUUVTEDSA-N	ANTIBACTERIAL	8f8160cfcedf8fffbd327a69a753789dd8a4c74daf438aa3de8cf5a8733e8f62	0	0	2	2	0	RECORDED_NAME_QUERIES_TRAVERSED_NOT_PRIMARY_REVIEW	False	0	0	0	0			0	0	0			0		OPEN
CHEBI:66516	soulattrolide	data/antibiotics/antiviral/soulattrolide.yaml	BXENDTPSKAICGV-RXSFTSLZSA-N	ANTIVIRAL	c0107a7fbae26d460ff3f561ff6949350546f6d2cef7a7aebd8122f2c9d8250e	0	0	3	2	0	RECORDED_NAME_QUERIES_TRAVERSED_NOT_PRIMARY_REVIEW	False	0	0	0	0			0	0	0			0		OPEN
CHEBI:66517	SPF-32629A	data/antibiotics/unspecified/spf-32629a.yaml	ATDHCZKCFPIQOT-UHFFFAOYSA-N	ANTIMICROBIAL_UNSPECIFIED	d802169dde73beb29abc12823509d8336ab5e4ae3e71e723feb2889cdfc4dadd	0	0	3	2	0	RECORDED_NAME_QUERIES_TRAVERSED_NOT_PRIMARY_REVIEW	False	0	0	0	0			0	0	0			0		OPEN
CHEBI:66518	SPF-32629B	data/antibiotics/unspecified/spf-32629b.yaml	RQSUJBPFSUWQSA-UHFFFAOYSA-N	ANTIMICROBIAL_UNSPECIFIED	91c4fe68eb95bf6d86de4b65ff68161a76e7880e2008886955c977045a4318f0	0	0	2	2	0	RECORDED_NAME_QUERIES_TRAVERSED_NOT_PRIMARY_REVIEW	False	0	0	0	0			0	0	0			0		OPEN
CHEBI:66524	streptokordin	data/antibiotics/unspecified/streptokordin.yaml	JCPDZXJDYRLFMC-UHFFFAOYSA-N	ANTIMICROBIAL_UNSPECIFIED	6ae885299299bd107932ea2a764a5074ec18260486f6a8814ecdd7916399644f	0	0	3	2	0	RECORDED_NAME_QUERIES_TRAVERSED_NOT_PRIMARY_REVIEW	False	0	0	0	0			0	0	0			0		OPEN
CHEBI:66525	streptoverticillin	data/antibiotics/antifungal/streptoverticillin.yaml	BSCARUQHRDHPML-SNVBAGLBSA-N	ANTIFUNGAL	f09f3db33af4ce0c5d4296fb0aa31437ea2e13f0ebc0ab6f84ff8f5eba79bde7	0	0	2	2	0	RECORDED_NAME_QUERIES_TRAVERSED_NOT_PRIMARY_REVIEW	False	0	0	0	0			0	0	0			0		OPEN
CHEBI:66526	strongylin A	data/antibiotics/antiviral/strongylin-a.yaml	AHDRBWCUVQGBTR-DNEUNLEDSA-N	ANTIVIRAL	3aa50d90f9e46e5c042103ac78a46d5613d0d3dd3e19cb949ad38d95c5d955db	0	0	2	2	0	RECORDED_NAME_QUERIES_TRAVERSED_NOT_PRIMARY_REVIEW	False	0	0	0	0			0	0	0			0		OPEN
CHEBI:66528	strychnogucine A	data/antibiotics/antiprotozoal/strychnogucine-a.yaml	PXWJNFJRUYWQOX-DSNAYJLUSA-N	ANTIPROTOZOAL	33b8233a6888f18eba3b7cb3b2a28857fe7d7631cad073b26a5ea186dd96de8e	0	0	2	2	0	RECORDED_NAME_QUERIES_TRAVERSED_NOT_PRIMARY_REVIEW	False	0	0	0	0			0	0	0			0		OPEN
CHEBI:66529	strychnogucine B	data/antibiotics/antiprotozoal/strychnogucine-b.yaml	MMKIAHOGFMPKCT-LUNGMMDTSA-N	ANTIPROTOZOAL	963514eea8d68e8fb57f7e843e203a0ab6d6f2b388e3fbe4536ac19f585c45dd	0	0	2	2	0	RECORDED_NAME_QUERIES_TRAVERSED_NOT_PRIMARY_REVIEW	False	0	0	0	0			0	0	0			0		OPEN
CHEBI:66530	suaveolindole	data/antibiotics/antibacterial/suaveolindole.yaml	GVPCTDRGYRLXLX-AYPBNUJASA-N	ANTIBACTERIAL	2f699cf1d0b8f43c79cd67b798c91da761e947a38cfb41490441db5415f7a2ca	0	0	2	2	0	RECORDED_NAME_QUERIES_TRAVERSED_NOT_PRIMARY_REVIEW	False	0	0	0	0			0	0	0			0		OPEN
CHEBI:66531	suberosol	data/antibiotics/antiviral/suberosol.yaml	MJRURUDEESYVHI-UJZFCZBUSA-N	ANTIVIRAL	8385c61d17b5a0bd03ce265c770d9d0b5e25a4e105316a18f0c5322f9b9e01e9	0	0	2	2	0	RECORDED_NAME_QUERIES_TRAVERSED_NOT_PRIMARY_REVIEW	False	0	0	0	0			0	0	0			0		OPEN
CHEBI:66537	swertifrancheside	data/antibiotics/antiviral/swertifrancheside.yaml	JAANJQNFIJSRTK-KYRPIRIWSA-N	ANTIVIRAL	d4397e5eee189d970e2ba061d3fc266cccb27218686b6e0f2c4190708d7e5fc4	0	0	3	2	0	RECORDED_NAME_QUERIES_TRAVERSED_NOT_PRIMARY_REVIEW	False	0	0	0	0			0	0	0			0		OPEN
CHEBI:66538	swertipunicoside	data/antibiotics/antiviral/swertipunicoside.yaml	GNMLPEJAIRBAAO-FLJAPRSHSA-N	ANTIVIRAL	e7b67077d1f0a1efba23daac7a7b2e168989f16bc91cf6197a8888deb5ff9dca	0	0	3	2	0	RECORDED_NAME_QUERIES_TRAVERSED_NOT_PRIMARY_REVIEW	False	0	0	0	0			0	0	0			0		OPEN
CHEBI:66539	syncarpamide	data/antibiotics/antiprotozoal/syncarpamide.yaml	CUXXAUBWEIJETF-AMVLLGRPSA-N	ANTIPROTOZOAL	34919e23c8653276941c36d32cc15ec5270ed80f1cb9f93e270ed17462e5cb3e	0	0	2	2	0	RECORDED_NAME_QUERIES_TRAVERSED_NOT_PRIMARY_REVIEW	False	0	0	0	0			0	0	0			0		OPEN
CHEBI:66542	lancifodilactone F	data/antibiotics/antiviral/lancifodilactone-f.yaml	GFRDTMTUJTYIJJ-IUSUREMMSA-N	ANTIVIRAL	da95643071ed378dc4e35eac90bcab7da430ebfe4e1663f31447fac8a9233e5f	0	0	2	2	0	RECORDED_NAME_QUERIES_TRAVERSED_NOT_PRIMARY_REVIEW	False	0	0	0	0			0	0	0			0		OPEN
CHEBI:66543	lancifodilactone G	data/antibiotics/antiviral/lancifodilactone-g.yaml	LTHLIQFAHGGQPW-OQURKPEFSA-N	ANTIVIRAL	fcf3a4f8922cc086780246261e3edc41c05eda731ec822a2d34b9dd38b646d1b	0	0	2	2	0	RECORDED_NAME_QUERIES_TRAVERSED_NOT_PRIMARY_REVIEW	False	0	0	0	0			0	0	0			0		OPEN
CHEBI:66544	lancilactone C	data/antibiotics/antiviral/lancilactone-c.yaml	TYAJEEFQBLTASC-NNIFVFKYSA-N	ANTIVIRAL	aecc6a9a99a0d9fe8083f044efdf90ed851609860486a2f78797022a239de6bb	0	0	2	2	0	RECORDED_NAME_QUERIES_TRAVERSED_NOT_PRIMARY_REVIEW	False	0	0	0	0			0	0	0			0		OPEN
CHEBI:66548	lamellarin α 20-sulfate	data/antibiotics/antiviral/lamellarin-α-20-sulfate.yaml	XFFQTURHMBFHKK-UHFFFAOYSA-M	ANTIVIRAL	3565c856f833981bca03d512b63d26ccdcbdf310b6bc6f62ad78613c5ce21050	0	0	2	2	0	RECORDED_NAME_QUERIES_TRAVERSED_NOT_PRIMARY_REVIEW	False	0	0	0	0			0	0	0			0		OPEN
CHEBI:66549	lanigerol	data/antibiotics/antibacterial/lanigerol.yaml	UZNOTFOFROXACM-ICSRJNTNSA-N	ANTIBACTERIAL	496c4e42c2940000d941e41f9db3eb430176755d6e35ee3fd9b7d946021ca63b	0	0	3	2	0	RECORDED_NAME_QUERIES_TRAVERSED_NOT_PRIMARY_REVIEW	False	0	0	0	0			0	0	0			0		OPEN
CHEBI:66553	lactonamycin	data/antibiotics/antibacterial/lactonamycin.yaml	XFQJOLWXLJXJSV-VUAGTGNDSA-N	ANTIBACTERIAL	551716d9d9d075756756118bb5ceef82b7496e242f9cb4841e843c360f180f5a	0	0	2	2	0	RECORDED_NAME_QUERIES_TRAVERSED_NOT_PRIMARY_REVIEW	False	0	0	0	0			0	0	0			0		OPEN
CHEBI:66555	laurinterol	data/antibiotics/antibacterial/laurinterol.yaml	UGGAHNIITODSKB-ONERCXAPSA-N	ANTIBACTERIAL	70ad77ac34b691169513541824708815db76efbe4037edac23846d99b1f77c05	0	0	1	1	0	RECORDED_NAME_QUERIES_TRAVERSED_NOT_PRIMARY_REVIEW	False	0	0	0	0			0	0	0			0		OPEN
CHEBI:66556	debromolaurinterol	data/antibiotics/unspecified/debromolaurinterol.yaml	XQATUTRQDIODTL-UGFHNGPFSA-N	ANTIMICROBIAL_UNSPECIFIED	a3518c94c64b3638539c3938f16b1ee6ee68887e8715db40865adabd1d4f24ef	0	0	2	2	0	RECORDED_NAME_QUERIES_TRAVERSED_NOT_PRIMARY_REVIEW	False	0	0	0	0			0	0	0			0		OPEN
CHEBI:66557	laurolistine	data/antibiotics/antiviral/laurolistine.yaml	KYVJVURXKAZJRK-LBPRGKRZSA-N	ANTIVIRAL	bd8143abf55da36dfd47da0d03a722ad490d3f0cc8a1ca8e5c1ce32f18046559	0	0	6	3	0	RECORDED_NAME_QUERIES_TRAVERSED_NOT_PRIMARY_REVIEW	False	0	0	0	0			0	0	0			0		OPEN
CHEBI:66559	leachianone A	data/antibiotics/antiprotozoal/leachianone-a.yaml	YLTPWCZXKJSORQ-GYCJOSAFSA-N	ANTIPROTOZOAL	a35b0c81d61193482607fe1b54691db637ac1a9383a53f27541cb63182206791	0	0	4	2	0	RECORDED_NAME_QUERIES_TRAVERSED_NOT_PRIMARY_REVIEW	False	0	0	0	0			0	0	0			0		OPEN
CHEBI:66577	lindechunine A	data/antibiotics/antiviral/lindechunine-a.yaml	ZLFKJSKABHQLAQ-UHFFFAOYSA-N	ANTIVIRAL	52b8b5b2f9df7c96533b1d36c6bbeeb64b4367d10445e1cd03f670566f7cd258	0	0	2	2	0	RECORDED_NAME_QUERIES_TRAVERSED_NOT_PRIMARY_REVIEW	False	0	0	0	0			0	0	0			0		OPEN
CHEBI:66585	lobohedleolide	data/antibiotics/antiviral/lobohedleolide.yaml	SORYERHBQFTRIK-AQJYKDKHSA-N	ANTIVIRAL	5242115960ae7ccebf305fb91e9e9b376b4ba4792b96c9580f51162977532555	0	0	2	2	0	RECORDED_NAME_QUERIES_TRAVERSED_NOT_PRIMARY_REVIEW	False	0	0	0	0			0	0	0			0		OPEN
CHEBI:66586	(7Z)-lobohedleolide	data/antibiotics/antiviral/7z-lobohedleolide.yaml	SORYERHBQFTRIK-JMQTVVQQSA-N	ANTIVIRAL	b29ffc08af50ac6ad9ff94654e414efd6655d47cd5381b3f632ba145b031bea8	0	0	2	2	0	RECORDED_NAME_QUERIES_TRAVERSED_NOT_PRIMARY_REVIEW	False	0	0	0	0			0	0	0			0		OPEN
CHEBI:66587	17-dimethylaminolobohedleolide	data/antibiotics/antiviral/17-dimethylaminolobohedleolide.yaml	HRPBIJBOFQXOTL-JEJSWHNFSA-N	ANTIVIRAL	cd795ceb944f7d63b8714d5a9ef77f5ef9d984e3ca0cb8f240ec713f6346a436	0	0	2	2	0	RECORDED_NAME_QUERIES_TRAVERSED_NOT_PRIMARY_REVIEW	False	0	0	0	0			0	0	0			0		OPEN
CHEBI:66591	longipedumin A	data/antibiotics/antiviral/longipedumin-a.yaml	MWCNCFCBBXKOCI-CMTGZUNTSA-N	ANTIVIRAL	a54cf2761de7408523fbbdb455c891308d5ac3a7e9b7947ba192cb54d0160dad	0	0	2	2	0	RECORDED_NAME_QUERIES_TRAVERSED_NOT_PRIMARY_REVIEW	False	0	0	0	0			0	0	0			0		OPEN
CHEBI:66592	lucensimycin E	data/antibiotics/antibacterial/lucensimycin-e.yaml	PTLQDKFYOYMVQN-CECFYEBASA-N	ANTIBACTERIAL	e8ad644338ffedd27f483512bfdd50c8af383f6d60eb11fb7e8da3cd4138bd0e	0	0	2	2	0	RECORDED_NAME_QUERIES_TRAVERSED_NOT_PRIMARY_REVIEW	False	0	0	0	0			0	0	0			0		OPEN
CHEBI:66593	lucialdehyde B	data/antibiotics/antiviral/lucialdehyde-b.yaml	KZOBOICRKKYGAQ-GOUGDUPLSA-N	ANTIVIRAL	a597163e142edf31f986f3a4643dc33e6de40a163d2d60151aad41ffd7486fc3	0	0	2	2	0	RECORDED_NAME_QUERIES_TRAVERSED_NOT_PRIMARY_REVIEW	False	0	0	0	0			0	0	0			0		OPEN
CHEBI:66596	lucidumoside C	data/antibiotics/antiviral/lucidumoside-c.yaml	RDLNVCALMXCDOJ-QUVQPCEGSA-N	ANTIVIRAL	72622ca537e7f797a5a38a17d8d1c6256d7e16ccf71f2e72d5286608a34e8335	0	0	2	2	0	RECORDED_NAME_QUERIES_TRAVERSED_NOT_PRIMARY_REVIEW	False	0	0	0	0			0	0	0			0		OPEN
CHEBI:66597	lupulin A	data/antibiotics/antibacterial/lupulin-a.yaml	UEZOFWAZJUOMCN-HKDNVZQMSA-N	ANTIBACTERIAL	fdee9412b4d7a4a582266bdb600564d35bbe1cbb00c426a62a2674dbe0e5ad36	0	0	2	2	0	RECORDED_NAME_QUERIES_TRAVERSED_NOT_PRIMARY_REVIEW	False	0	0	0	0			0	0	0			0		OPEN
CHEBI:66603	lycojapodine A	data/antibiotics/antiviral/lycojapodine-a.yaml	QZNUIODTYIUAMN-KNPMLCFXSA-N	ANTIVIRAL	2587f4aea782858c202d56b803a45da89184d3b40c23b2ce6cce83cddc8bf1d6	0	0	3	2	0	RECORDED_NAME_QUERIES_TRAVERSED_NOT_PRIMARY_REVIEW	False	0	0	0	0			0	0	0			0		OPEN
CHEBI:66606	(+)-lyoniresinol-3-α-O-β-D-glucopyranoside	data/antibiotics/antibacterial/lyoniresinol-3-α-o-β-d-glucopyranoside.yaml	PQQRNPDHSJDAGV-HQSXISOASA-N	ANTIBACTERIAL	d4022b9fa88ae5eb46d5a80e9488d40429d38a90d4a63bdea7f975ca76377359	0	0	4	2	0	RECORDED_NAME_QUERIES_TRAVERSED_NOT_PRIMARY_REVIEW	False	0	0	0	0			0	0	0			0		OPEN
CHEBI:66611	nardoperoxide	data/antibiotics/antiprotozoal/nardoperoxide.yaml	BDBRZURCDWHOCK-SEWBAHNZSA-N	ANTIPROTOZOAL	b93b4c09f9ea2e727b5ed6e834cca0585d998f4b59bbc904a5af7e6a5086ac27	0	0	2	2	0	RECORDED_NAME_QUERIES_TRAVERSED_NOT_PRIMARY_REVIEW	False	0	0	0	0			0	0	0			0		OPEN
CHEBI:66612	isonordoperoxide	data/antibiotics/antiprotozoal/isonordoperoxide.yaml	BDBRZURCDWHOCK-GBALPHGKSA-N	ANTIPROTOZOAL	f7d96b5cbfffa64a46caec748084f864455b8c30f159a893220a96dbe574482d	0	0	2	2	0	RECORDED_NAME_QUERIES_TRAVERSED_NOT_PRIMARY_REVIEW	False	0	0	0	0			0	0	0			0		OPEN
CHEBI:66615	neopyrrolomycin B	data/antibiotics/antibacterial/neopyrrolomycin-b.yaml	NTKHEOJBPXFULD-UHFFFAOYSA-N	ANTIBACTERIAL	6e9e9cdc35cf29e177e93d27a8855c5bd8211f2c55dfee569bad71b07107eded	0	0	2	2	0	RECORDED_NAME_QUERIES_TRAVERSED_NOT_PRIMARY_REVIEW	False	0	0	0	0			0	0	0			0		OPEN
CHEBI:66620	neurolenin A	data/antibiotics/antiprotozoal/neurolenin-a.yaml	ZGBPQHPXBVYXCV-IJZJBVBSSA-N	ANTIPROTOZOAL	bb5975afe378b91a8188fba6abea90a5532623964252e63a546700017a2a5348	0	0	2	2	0	RECORDED_NAME_QUERIES_TRAVERSED_NOT_PRIMARY_REVIEW	False	0	0	0	0			0	0	0			0		OPEN
CHEBI:66621	neurolenin B	data/antibiotics/antiprotozoal/neurolenin-b.yaml	UVRIFAYGSSDVER-MBZNIOTRSA-N	ANTIPROTOZOAL	01c87f22be99c1d5f2bca31c68a77f3c273103f1b166d29add00821add132aa8	0	0	2	2	0	RECORDED_NAME_QUERIES_TRAVERSED_NOT_PRIMARY_REVIEW	False	0	0	0	0			0	0	0			0		OPEN
CHEBI:66622	neurolenin C	data/antibiotics/antiprotozoal/neurolenin-c.yaml	PBRMNFXOHFGVPZ-HVACLVPVSA-N	ANTIPROTOZOAL	bbdc6cef0694ec067c7341afad5f20aa1d156afc29946d262fac50939f4ac991	0	0	2	2	0	RECORDED_NAME_QUERIES_TRAVERSED_NOT_PRIMARY_REVIEW	False	0	0	0	0			0	0	0			0		OPEN
CHEBI:66623	neurolenin D	data/antibiotics/antiprotozoal/neurolenin-d.yaml	QPYBAPKWMFWJOS-HVACLVPVSA-N	ANTIPROTOZOAL	f32b26e5eb21c6415a428ed83c8a95f3b22ef53e13099aa780e4dbeeb872e2d3	0	0	2	2	0	RECORDED_NAME_QUERIES_TRAVERSED_NOT_PRIMARY_REVIEW	False	0	0	0	0			0	0	0			0		OPEN
CHEBI:66625	nidulalin A	data/antibiotics/unspecified/nidulalin-a.yaml	BVPTZDRKEDPTOX-WBMJQRKESA-N	ANTIMICROBIAL_UNSPECIFIED	974f3b2ea139417daf4ac691edfb1c2b59cc88515cb140579aefe37c4ea9922d	0	0	2	2	0	RECORDED_NAME_QUERIES_TRAVERSED_NOT_PRIMARY_REVIEW	False	0	0	0	0			0	0	0			0		OPEN
CHEBI:66626	nigranoic acid	data/antibiotics/antiviral/nigranoic-acid.yaml	NJFOSFIPGRXARF-BRTULJEKSA-N	ANTIVIRAL	e59c2bc623989bff1dcbd126d60ab0ace284f5edc7d6f6d7e821c6000bf02de8	0	0	3	2	0	RECORDED_NAME_QUERIES_TRAVERSED_NOT_PRIMARY_REVIEW	False	0	0	0	0			0	0	0			0		OPEN
CHEBI:66627	niruriside	data/antibiotics/antiviral/niruriside.yaml	KUZYDHCVYKUFKF-LPLPFJSBSA-N	ANTIVIRAL	c080f460f3fe9596b7c4bd2aa7df50258add15c2a211594393de1b39ebcb826f	0	0	4	2	0	RECORDED_NAME_QUERIES_TRAVERSED_NOT_PRIMARY_REVIEW	False	0	0	0	0			0	0	0			0		OPEN
CHEBI:66629	NK154183A	data/antibiotics/antifungal/nk154183a.yaml	ZACXIZMUUXGJHL-QTBZMJKBSA-N	ANTIFUNGAL	f376e1e964bf0b8e6bdbf68da0de798d2eddde865c8a556071e05244b6dfd909	0	0	2	2	0	RECORDED_NAME_QUERIES_TRAVERSED_NOT_PRIMARY_REVIEW	False	0	0	0	0			0	0	0			0		OPEN
CHEBI:66630	NK154183B	data/antibiotics/antifungal/nk154183b.yaml	XGECDDPXIKFBTE-WXJXXXITSA-N	ANTIFUNGAL	bb72c13d0b884c4ac523ec1194aa9b338063e9387e4eb4fd357478dce053165a	0	0	2	2	0	RECORDED_NAME_QUERIES_TRAVERSED_NOT_PRIMARY_REVIEW	False	0	0	0	0			0	0	0			0		OPEN
CHEBI:66631	NK372135A	data/antibiotics/antifungal/nk372135a.yaml	QUPRNMGEDWRDBX-GZTJUZNOSA-N	ANTIFUNGAL	9087d7237c339abe34df52db4f103a94b3ce586ec21e1a335ce8ee00ff8e7e4f	0	0	2	2	0	RECORDED_NAME_QUERIES_TRAVERSED_NOT_PRIMARY_REVIEW	False	0	0	0	0			0	0	0			0		OPEN
CHEBI:66632	NK372135B	data/antibiotics/antifungal/nk372135b.yaml	KGCCITMWQZHGKS-WOJGMQOQSA-N	ANTIFUNGAL	dca3201198b3839fe7b17080cc889cae4031a5cf3b0694ec60775c0f8ddaba2a	0	0	2	2	0	RECORDED_NAME_QUERIES_TRAVERSED_NOT_PRIMARY_REVIEW	False	0	0	0	0			0	0	0			0		OPEN
CHEBI:66633	NK372135C	data/antibiotics/antifungal/nk372135c.yaml	OSJAZSFVURTOLX-LICLKQGHSA-N	ANTIFUNGAL	41d5db4d5a420e26f983bdc23ce6830a3a255bc39f9fde6140649e0a06d25e9e	0	0	2	2	0	RECORDED_NAME_QUERIES_TRAVERSED_NOT_PRIMARY_REVIEW	False	0	0	0	0			0	0	0			0		OPEN
CHEBI:66634	nocardione A	data/antibiotics/antifungal/nocardione-a.yaml	FTSDAQTXFRWHEN-LURJTMIESA-N	ANTIFUNGAL	1cb34141c9c392724c944ece11fc350885d3f623a5f9da4ea9292e776b2013a8	0	0	3	2	0	RECORDED_NAME_QUERIES_TRAVERSED_NOT_PRIMARY_REVIEW	False	0	0	0	0			0	0	0			0		OPEN
CHEBI:66636	14-norpseurotin A	data/antibiotics/antibacterial/14-norpseurotin-a.yaml	FCGCMRDADMTJIM-LFDIKFNASA-N	ANTIBACTERIAL	2d7f62ee2c0a4192f8d3b9e8bb277611727a44fcc6b918a205b53790384b60ae	0	0	2	2	0	RECORDED_NAME_QUERIES_TRAVERSED_NOT_PRIMARY_REVIEW	False	0	0	0	0			0	0	0			0		OPEN
CHEBI:66637	nostocarboline	data/antibiotics/antiprotozoal/nostocarboline.yaml	RGQUDRQSJYJYAQ-UHFFFAOYSA-O	ANTIPROTOZOAL	e09fa59514b8ceac6bd390efdb95523b75b39a15c854c71a19ea31f4b3b4fbb0	0	0	2	2	0	RECORDED_NAME_QUERIES_TRAVERSED_NOT_PRIMARY_REVIEW	False	0	0	0	0			0	0	0			0		OPEN
CHEBI:66638	nothramicin	data/antibiotics/antimycobacterial/nothramicin.yaml	XXHMZNPASHQZPM-UHFFFAOYSA-N	ANTIMYCOBACTERIAL	a0f8abb96c2e32dc92f8e140d51d7ad273eb5f3460af6aba54599e7386d845af	0	0	2	2	0	RECORDED_NAME_QUERIES_TRAVERSED_NOT_PRIMARY_REVIEW	False	0	0	0	0			0	0	0			0		OPEN
CHEBI:66639	NP-101A	data/antibiotics/antifungal/np-101a.yaml	WFKPHYKFAOXUTI-UHFFFAOYSA-N	ANTIFUNGAL	4a9c5bbff75a81f815508a92475aea3d39b347c3ef600e0141282f86e09cab0b	0	0	8	3	0	RECORDED_NAME_QUERIES_TRAVERSED_NOT_PRIMARY_REVIEW	False	0	0	0	0			0	0	0			0		OPEN
CHEBI:66649	macluraxanthone B	data/antibiotics/antiviral/macluraxanthone-b.yaml	QFYDCUMYVXSZFJ-UHFFFAOYSA-N	ANTIVIRAL	a63ac610f1699c80f54f0055ad34ef43c95413c6ac07e40d3dccb59e17782394	0	0	3	2	0	RECORDED_NAME_QUERIES_TRAVERSED_NOT_PRIMARY_REVIEW	False	0	0	0	0			0	0	0			0		OPEN
CHEBI:66650	macluraxanthone C	data/antibiotics/antiviral/macluraxanthone-c.yaml	INSDJDFCZJWKAI-UHFFFAOYSA-N	ANTIVIRAL	48874274553d44279bfe734376cdc4580dbc221e339659467c1ca31fd0f6a9e3	0	0	3	2	0	RECORDED_NAME_QUERIES_TRAVERSED_NOT_PRIMARY_REVIEW	False	0	0	0	0			0	0	0			0		OPEN
CHEBI:66662	6α-malonyloxymanoyl oxide	data/antibiotics/antibacterial/6α-malonyloxymanoyl-oxide.yaml	JZRGFUZJIZSKTF-ALFLKXBZSA-N	ANTIBACTERIAL	af9af215cb57b36189ae45b0ef90395dbe72358f430d1c700d4ace0967f82562	0	0	2	2	0	RECORDED_NAME_QUERIES_TRAVERSED_NOT_PRIMARY_REVIEW	False	0	0	0	0			0	0	0			0		OPEN
CHEBI:66667	manzamine A	data/antibiotics/antiprotozoal/manzamine-a.yaml	FUCSLKWLLSEMDQ-MKYGIPPKSA-N	ANTIPROTOZOAL	79fb0daa1b6390783dcd13b45cb59e151d300eb3fa77f9640ee95efd40387189	0	0	2	2	0	RECORDED_NAME_QUERIES_TRAVERSED_NOT_PRIMARY_REVIEW	False	0	0	0	0			0	0	0			0		OPEN
CHEBI:66669	8-hydroxymanzamine A	data/antibiotics/antiviral/8-hydroxymanzamine-a.yaml	AMSNINGPDSUBHZ-WAUQNXBMSA-N	ANTIVIRAL	86d71c544ce1be0bfaadd31c8d8e51589d111583f29588d6c8f8282c5ec9ad6e	0	0	2	2	0	RECORDED_NAME_QUERIES_TRAVERSED_NOT_PRIMARY_REVIEW	False	0	0	0	0			0	0	0			0		OPEN
CHEBI:66671	1β-hydroxymaprounic acid 3-p-hydroxybenzoate	data/antibiotics/antiviral/1β-hydroxymaprounic-acid-3-p-hydroxybenzoate.yaml	VGODRAUARQJBJM-FCWPOGGHSA-N	ANTIVIRAL	71960447d1584fe9ae05f8be1b7cb0094cf32c094c493de0377bf65ed9911362	0	0	3	2	0	RECORDED_NAME_QUERIES_TRAVERSED_NOT_PRIMARY_REVIEW	False	0	0	0	0			0	0	0			0		OPEN
CHEBI:66672	2α-hydroxymaprounic acid 2,3-bis-p-hydroxybenzoate	data/antibiotics/antiviral/2α-hydroxymaprounic-acid-2-3-bis-p-hydroxybenzoate.yaml	XPEVLOSUULAUFH-AHHVVZNJSA-N	ANTIVIRAL	03d3712d617f9d6ab5b74f8663ea8ca2d62c5a9d8fd151951f929f2cf3b89d70	0	0	3	2	0	RECORDED_NAME_QUERIES_TRAVERSED_NOT_PRIMARY_REVIEW	False	0	0	0	0			0	0	0			0		OPEN
CHEBI:66678	(−)-marinopyrrole A	data/antibiotics/antibacterial/marinopyrrole-a.yaml	QYPJBTMRYKRTFG-UHFFFAOYSA-N	ANTIBACTERIAL	7d2c2521debae0ba51e69709942e9aac789414d999bdc188e476ecf5b310c5c1	0	0	2	2	0	RECORDED_NAME_QUERIES_TRAVERSED_NOT_PRIMARY_REVIEW	False	0	0	0	0			0	0	0			0		OPEN
CHEBI:66679	(−)-marinopyrrole B	data/antibiotics/antibacterial/marinopyrrole-b.yaml	XAANSONIBUCODQ-UHFFFAOYSA-N	ANTIBACTERIAL	0323788fdc80faf8ffa8d439754f8bc1309da430efd62ee46f73cfc497de6f19	0	0	2	2	0	RECORDED_NAME_QUERIES_TRAVERSED_NOT_PRIMARY_REVIEW	False	0	0	0	0			0	0	0			0		OPEN
CHEBI:66686	maytenfolone A	data/antibiotics/antiviral/maytenfolone-a.yaml	BVZOXPCXYRGXKC-RUXXHOCVSA-N	ANTIVIRAL	4e4a356fbea72d1c791e66108b285b33c4c247ae56a3991785f5b5cb7a5d1a56	0	0	2	2	0	RECORDED_NAME_QUERIES_TRAVERSED_NOT_PRIMARY_REVIEW	False	0	0	0	0			0	0	0			0		OPEN
CHEBI:66687	mediomycin A	data/antibiotics/antifungal/mediomycin-a.yaml	RDEZRSOXSQHNOU-SMVKTZMVSA-N	ANTIFUNGAL	e18e0cfbf0108e6cd3e2411a0a9a22478a910fb89ae7ba24d3acfc46344d93f4	0	0	2	2	0	RECORDED_NAME_QUERIES_TRAVERSED_NOT_PRIMARY_REVIEW	False	0	0	0	0			0	0	0			0		OPEN
CHEBI:66688	mediomycin B	data/antibiotics/antifungal/mediomycin-b.yaml	NVVJCDZZKMPNHL-LMFUHVRBSA-N	ANTIFUNGAL	2e4acc2a9319bce09d0c490f5072ef9ed0b0c8f7ec4b13c2356deb70e0b92634	0	0	2	2	0	RECORDED_NAME_QUERIES_TRAVERSED_NOT_PRIMARY_REVIEW	False	0	0	0	0			0	0	0			0		OPEN
CHEBI:66698	(3R,4R)-(−)-6-methoxy-1-oxo-3-n-pentyl-3,4-dihydro-1H-isochromen-4-yl-acetate	data/antibiotics/antifungal/3r-4r-6-methoxy-1-oxo-3-n-pentyl-3-4-dihydro-1h-isochromen-4-yl-acetat.yaml	XFZDFYYRUDDKBS-HZPDHXFCSA-N	ANTIFUNGAL	90a5ef9daec1f1d4777797f683a8312931071c1db64b800d9de94c7dce73c6a1	0	0	3	2	0	RECORDED_NAME_QUERIES_TRAVERSED_NOT_PRIMARY_REVIEW	False	0	0	0	0			0	0	0			0		OPEN
CHEBI:66699	9-methoxycanthin-6-one	data/antibiotics/antiprotozoal/9-methoxycanthin-6-one.yaml	OWCRARVHWCCRAG-UHFFFAOYSA-N	ANTIPROTOZOAL	cd453c45eb65e03ca7650d292c65e3ff1a043ce23e1e013252c3f577bcd57f62	0	0	4	2	0	RECORDED_NAME_QUERIES_TRAVERSED_NOT_PRIMARY_REVIEW	False	0	0	0	0			0	0	0			0		OPEN
CHEBI:66700	1-methoxycanthinone	data/antibiotics/antiviral/1-methoxycanthinone.yaml	LEPXKGXTXIACRO-UHFFFAOYSA-N	ANTIVIRAL	bda00e60f139813d6d95e0e0ef90104be69c58bb7953bc11b560e2a65fa5d85d	0	0	3	2	0	RECORDED_NAME_QUERIES_TRAVERSED_NOT_PRIMARY_REVIEW	False	0	0	0	0			0	0	0			0		OPEN
CHEBI:66701	(+)-N-(methoxycarbonyl)-N-norboldine	data/antibiotics/unspecified/n-methoxycarbonyl-n-norboldine.yaml	RYEXLSDOKVGMTN-ZDUSSCGKSA-N	ANTIMICROBIAL_UNSPECIFIED	e48da259c23915b146450d672ea932129938f2019b7e23d29c4ac78a9c4379ee	0	0	2	2	0	RECORDED_NAME_QUERIES_TRAVERSED_NOT_PRIMARY_REVIEW	False	0	0	0	0			0	0	0			0		OPEN
CHEBI:66703	(R)-4''-methoxydalbergione	data/antibiotics/antiprotozoal/r-4-methoxydalbergione.yaml	RGSUZUQISVAJJF-GFCCVEGCSA-N	ANTIPROTOZOAL	3b4a1ed13c8af9c2a3aaee1c63b3b53ef91091cdabe8f4988c266b699d28e1e5	0	0	5	2	0	RECORDED_NAME_QUERIES_TRAVERSED_NOT_PRIMARY_REVIEW	False	0	0	0	0			0	0	0			0		OPEN
CHEBI:66709	methyl 3,4-dihydroxy-5-(3'-methyl-2'-butenyl)benzoate	data/antibiotics/antiprotozoal/methyl-3-4-dihydroxy-5-3-methyl-2-butenyl-benzoate.yaml	ZVMALUVLYJRPEZ-UHFFFAOYSA-N	ANTIPROTOZOAL	c1e3e081e971f6bb847f114f223133daf7ec75168b9481c20006057ffab69a9f	0	0	2	2	0	RECORDED_NAME_QUERIES_TRAVERSED_NOT_PRIMARY_REVIEW	False	0	0	0	0			0	0	0			0		OPEN
CHEBI:66740	PF 1163A	data/antibiotics/antifungal/pf-1163a.yaml	SDBGPLZSWIQIOV-VQPAQMSKSA-N	ANTIFUNGAL	492251a3aa21e4803ba5067cb75cd5e7f2417f110d86cf4d575bc26e77983fcc	0	0	3	2	0	RECORDED_NAME_QUERIES_TRAVERSED_NOT_PRIMARY_REVIEW	False	0	0	0	0			0	0	0			0		OPEN
CHEBI:66741	PF 1163B	data/antibiotics/antifungal/pf-1163b.yaml	PCRJJAXIHTZHNU-SDUSCBPUSA-N	ANTIFUNGAL	c4f171e14f848418b4fb470397c73e24ca55ffb84c256dd5cf15a4f70a737787	0	0	3	2	0	RECORDED_NAME_QUERIES_TRAVERSED_NOT_PRIMARY_REVIEW	False	0	0	0	0			0	0	0			0		OPEN
CHEBI:66746	phomacin A	data/antibiotics/unspecified/phomacin-a.yaml	CTCWWHNYPVOMQP-WXZOGCPCSA-N	ANTIMICROBIAL_UNSPECIFIED	3e6a5c89d3125529b837a3a0518fd001d3ae623ad835d2c5f3038d737e95c2c1	0	0	2	2	0	RECORDED_NAME_QUERIES_TRAVERSED_NOT_PRIMARY_REVIEW	False	0	0	0	0			0	0	0			0		OPEN
CHEBI:66747	phomacin B	data/antibiotics/unspecified/phomacin-b.yaml	IXONDWQZWWLZDF-ZCMVJGEESA-N	ANTIMICROBIAL_UNSPECIFIED	bb33a13f5d468c89bdaf48d25081a4f8fdec1b444aeeec76416871c6c7f7e5f8	0	0	2	2	0	RECORDED_NAME_QUERIES_TRAVERSED_NOT_PRIMARY_REVIEW	False	0	0	0	0			0	0	0			0		OPEN
CHEBI:66748	phomacin C	data/antibiotics/unspecified/phomacin-c.yaml	AQAFUDMWTUOKSI-USVVNQICSA-N	ANTIMICROBIAL_UNSPECIFIED	6c4c638107d86313c8ff507c71aff2fded054b6dde1b2f975e25153b0c8a5810	0	0	2	2	0	RECORDED_NAME_QUERIES_TRAVERSED_NOT_PRIMARY_REVIEW	False	0	0	0	0			0	0	0			0		OPEN
CHEBI:66749	phomoxanthone A	data/antibiotics/antimycobacterial/phomoxanthone-a.yaml	OHHXJWHRQGZQJM-ACMZUNAXSA-N	ANTIMYCOBACTERIAL	e674cf53319d8d89ed0dac57ba236fab2ddff2fd3e463850e3f9dae7b589da89	0	0	3	2	0	RECORDED_NAME_QUERIES_TRAVERSED_NOT_PRIMARY_REVIEW	False	0	0	0	0			0	0	0			0		OPEN
CHEBI:66750	phomoxanthone B	data/antibiotics/antimycobacterial/phomoxanthone-b.yaml	RAKGKFLUJPUROQ-ACMZUNAXSA-N	ANTIMYCOBACTERIAL	7dc3ced2a674d2909bee47662f988dc899a44fd6dca2a29e0dbcd646a191382b	0	0	3	2	0	RECORDED_NAME_QUERIES_TRAVERSED_NOT_PRIMARY_REVIEW	False	0	0	0	0			0	0	0			0		OPEN
CHEBI:66751	phosphatoquinone A	data/antibiotics/unspecified/phosphatoquinone-a.yaml	QTORDDSSLVGNHO-BGTMZHHNSA-N	ANTIMICROBIAL_UNSPECIFIED	95d2f35587b819c3f4f1aabdf791a347dcfe745c4d7bcf5d60516cd927eb003e	0	0	2	2	0	RECORDED_NAME_QUERIES_TRAVERSED_NOT_PRIMARY_REVIEW	False	0	0	0	0			0	0	0			0		OPEN
CHEBI:66752	phosphatoquinone B	data/antibiotics/unspecified/phosphatoquinone-b.yaml	HFMUGRCEDVYMSK-MDWZMJQESA-N	ANTIMICROBIAL_UNSPECIFIED	c157ca70f955d75d79601147675703c6b3e532fc12e524eefd6886f13b437898	0	0	2	2	0	RECORDED_NAME_QUERIES_TRAVERSED_NOT_PRIMARY_REVIEW	False	0	0	0	0			0	0	0			0		OPEN
CHEBI:66765	pleosporone	data/antibiotics/antibacterial/pleosporone.yaml	YUSJPHSHLVVZRA-DYQSUWPFSA-N	ANTIBACTERIAL	942d475f90d50457e252a2610d3587524fd77ea29d4224cf99a29b505752240b	0	0	2	2	0	RECORDED_NAME_QUERIES_TRAVERSED_NOT_PRIMARY_REVIEW	False	0	0	0	0			0	0	0			0		OPEN
CHEBI:66766	PM-94128	data/antibiotics/unspecified/pm-94128.yaml	ZGMSHKBULLTJHQ-UHBFJLORSA-N	ANTIMICROBIAL_UNSPECIFIED	2d0e5cf890160146e7c3dd846a0ddfefeefafc93aa19b810c2f4054883bf3a58	0	0	2	2	0	RECORDED_NAME_QUERIES_TRAVERSED_NOT_PRIMARY_REVIEW	False	0	0	0	0			0	0	0			0		OPEN
CHEBI:66771	polyketomycin	data/antibiotics/antibacterial/polyketomycin.yaml	OWRCRVABZYJUES-FLJLGRLJSA-N	ANTIBACTERIAL	902a9a710c0098830f7d2d211f31dac0ddfcf0009d7f5dca43803e099a688168	0	0	2	2	0	RECORDED_NAME_QUERIES_TRAVERSED_NOT_PRIMARY_REVIEW	False	0	0	0	0			0	0	0			0		OPEN
CHEBI:66801	oblonganoside A	data/antibiotics/antiviral/oblonganoside-a.yaml	XNXBBAVPDDPLJE-IUFVKNBISA-N	ANTIVIRAL	00dead8f7f5e5972bccdb47cf83f7696014dd1efa27392c02f167e9bbbd141b3	0	0	3	2	0	RECORDED_NAME_QUERIES_TRAVERSED_NOT_PRIMARY_REVIEW	False	0	0	0	0			0	0	0			0		OPEN
CHEBI:66804	obtusafuran	data/antibiotics/antiprotozoal/obtusafuran.yaml	FRERFZXINXYHDY-QLJPJBMISA-N	ANTIPROTOZOAL	cd9067bf93e9be09dc0d8298adef9081b34b168fb27316d95717c4bac1062026	0	0	3	2	0	RECORDED_NAME_QUERIES_TRAVERSED_NOT_PRIMARY_REVIEW	False	0	0	0	0			0	0	0			0		OPEN
CHEBI:66806	oceanalin A	data/antibiotics/antifungal/oceanalin-a.yaml	HIPXPNHGBRGNFB-WWQAAKFXSA-N	ANTIFUNGAL	2abaeffe5ef0e81be459f4a58b472d26a17ace63a31a58c8f1d93b7cc07069ee	0	0	2	2	0	RECORDED_NAME_QUERIES_TRAVERSED_NOT_PRIMARY_REVIEW	False	0	0	0	0			0	0	0			0		OPEN
CHEBI:66807	ochracenomicin A	data/antibiotics/antibacterial/ochracenomicin-a.yaml	HRKDTQUJICJRIH-UHFFFAOYSA-N	ANTIBACTERIAL	1f4f4f956a0dea4ec81c61825f684d0920994a0a2bb2e35bca8c4f49badff552	0	0	3	2	0	RECORDED_NAME_QUERIES_TRAVERSED_NOT_PRIMARY_REVIEW	False	0	0	0	0			0	0	0			0		OPEN
CHEBI:66823	ophioglonin	data/antibiotics/antiviral/ophioglonin.yaml	XUFSGVREMRKLBR-UHFFFAOYSA-N	ANTIVIRAL	496a8a7626bc8235c2d47b349349f413009e407e14dabb964cd96dea8d3c8ef5	0	0	2	2	0	RECORDED_NAME_QUERIES_TRAVERSED_NOT_PRIMARY_REVIEW	False	0	0	0	0			0	0	0			0		OPEN
CHEBI:66828	orbiculin G	data/antibiotics/antimycobacterial/orbiculin-g.yaml	ULAZFRGMLIIKAD-MNRUEBDGSA-N	ANTIMYCOBACTERIAL	8632c1cd42bcfa897b536ef50128031585525cf16b1b2f78fbe33af7df0dbfe5	0	0	3	2	0	RECORDED_NAME_QUERIES_TRAVERSED_NOT_PRIMARY_REVIEW	False	0	0	0	0			0	0	0			0		OPEN
CHEBI:66841	7-oxohernangerine	data/antibiotics/antiviral/7-oxohernangerine.yaml	IVWNIIWOWTWWKH-UHFFFAOYSA-N	ANTIVIRAL	5b9649a4459fd3e50015f9e167d0f1adf46e95ade75a09bf6613d403265c4e90	0	0	2	2	0	RECORDED_NAME_QUERIES_TRAVERSED_NOT_PRIMARY_REVIEW	False	0	0	0	0			0	0	0			0		OPEN
CHEBI:6701	maytansine	data/antibiotics/unspecified/maytansine.yaml	WKPWGQKGSOKKOO-RSFHAFMBSA-N	ANTIMICROBIAL_UNSPECIFIED	d7d3831bfec67db40a72bd3d69bba3aebde10cc1f5c0762b093b1de511372da9	0	0	8	3	0	RECORDED_NAME_QUERIES_TRAVERSED_NOT_PRIMARY_REVIEW	False	0	0	0	0			0	0	0			0		OPEN
CHEBI:67121	nitroxoline	data/antibiotics/antifungal/nitroxoline.yaml	RJIWZDNTCBHXAL-UHFFFAOYSA-N	ANTIFUNGAL	784d0058bf88e3b4d2399380a2d21cd213a29852255ff0b31ebedac540b81137	0	0	11	4	0	RECORDED_NAME_QUERIES_TRAVERSED_NOT_PRIMARY_REVIEW	False	0	0	0	0			0	0	0			0		OPEN
CHEBI:67135	2-nitroimidazole	data/antibiotics/antimycobacterial/2-nitroimidazole.yaml	YZEUHQHUFTYLPH-UHFFFAOYSA-N	ANTIMYCOBACTERIAL	e58ce2678de90fa31296339ee3490d2a4a053ca0e072862ac9a320af15e3d0b5	0	0	5	2	1	RECORDED_NAME_QUERIES_TRAVERSED_NOT_PRIMARY_REVIEW	False	0	0	0	0			0	0	0			0		OPEN
CHEBI:67153	(+)-larreatricin	data/antibiotics/antiviral/larreatricin.yaml	PIBJADPEZQHMQS-FVEFGIFQSA-N	ANTIVIRAL	43ca7c8adf8a7891719a8bf464254ae2bdb550add94641d9fe7a44ec0fe68023	0	0	4	2	0	RECORDED_NAME_QUERIES_TRAVERSED_NOT_PRIMARY_REVIEW	False	0	0	0	0			0	0	0			0		OPEN
CHEBI:67223	2'-deamino-2'-hydroxyneamine	data/antibiotics/unspecified/2-deamino-2-hydroxyneamine.yaml	AWRLKTYNEGEURZ-JCLMPDJQSA-N	ANTIMICROBIAL_UNSPECIFIED	f4f0d6ddd2e43efd75a0dd2126dc0eea67d767bc61b5a0457e438fe870ce4fc9	0	0	5	2	0	RECORDED_NAME_QUERIES_TRAVERSED_NOT_PRIMARY_REVIEW	False	0	0	0	0			0	0	0			0		OPEN
CHEBI:67246	(+)-lariciresinol	data/antibiotics/antifungal/lariciresinol.yaml	MHXCIKYXNYCMHY-AUSJPIAWSA-N	ANTIFUNGAL	a2ef98e042d876f39bbe05502fa416f85555d5197dddbcc9d8205207d38873bb	0	0	3	2	0	RECORDED_NAME_QUERIES_TRAVERSED_NOT_PRIMARY_REVIEW	False	0	0	0	0			0	0	0			0		OPEN
CHEBI:67264	geranic acid	data/antibiotics/antifungal/geranic-acid.yaml	ZHYZQXUYZJNEHD-VQHVLOKHSA-N	ANTIFUNGAL	51ce520b082cae87a711b44f2660fa6185a0c1fc00f7b4c2a6ed64142a740387	0	0	10	4	0	RECORDED_NAME_QUERIES_TRAVERSED_NOT_PRIMARY_REVIEW	False	0	0	0	0			0	0	0			0		OPEN
CHEBI:67280	azadiradione	data/antibiotics/antimycobacterial/azadiradione.yaml	KWAMDQVQFVBEAU-HMWIRDDCSA-N	ANTIMYCOBACTERIAL	885e1ff580a4923d00b1e0a0ce36dde409b1a730b12c9cdb1bed4f01e88917ec	0	0	3	2	0	RECORDED_NAME_QUERIES_TRAVERSED_NOT_PRIMARY_REVIEW	False	0	0	0	0			0	0	0			0		OPEN
CHEBI:67296	7-deacetylgedunin	data/antibiotics/antiprotozoal/7-deacetylgedunin.yaml	HCEYJYMNIQHPPK-DXTZDJJUSA-N	ANTIPROTOZOAL	9f718fb44f0f230bc91adc007e184de389778e5b88e00fac169af5a3d3c89f5e	0	0	5	2	0	RECORDED_NAME_QUERIES_TRAVERSED_NOT_PRIMARY_REVIEW	False	0	0	0	0			0	0	0			0		OPEN
CHEBI:67359	pisonin B	data/antibiotics/antimycobacterial/pisonin-b.yaml	WXEVCWAPVMCHML-UHFFFAOYSA-N	ANTIMYCOBACTERIAL	a6a1e1dd1b3c850b5e3dc787651ca2e674375fb98b41c3ab27eee3691d743cfe	0	0	3	2	0	RECORDED_NAME_QUERIES_TRAVERSED_NOT_PRIMARY_REVIEW	False	0	0	0	0			0	0	0			0		OPEN
CHEBI:67364	pisonivanone	data/antibiotics/antimycobacterial/pisonivanone.yaml	SEHDRAXGPBPQKE-AWEZNQCLSA-N	ANTIMYCOBACTERIAL	aec6ee84ba8159c5ee187c82136cc7c356fd8ad83775965f893ac564f8e6bca5	0	0	3	2	0	RECORDED_NAME_QUERIES_TRAVERSED_NOT_PRIMARY_REVIEW	False	0	0	0	0			0	0	0			0		OPEN
CHEBI:67371	(2S)-2'-hydroxydemethoxymatteucinol	data/antibiotics/antimycobacterial/2s-2-hydroxydemethoxymatteucinol.yaml	WOGYXYDORXIAGE-ZDUSSCGKSA-N	ANTIMYCOBACTERIAL	3c1f48e18e054df9c1422a175029954984325292a96a6079d6d3770ef0f3f9f1	0	0	4	2	0	RECORDED_NAME_QUERIES_TRAVERSED_NOT_PRIMARY_REVIEW	False	0	0	0	0			0	0	0			0		OPEN
CHEBI:67373	(R)-N-trans-feruloyloctopamine	data/antibiotics/antimycobacterial/r-n-trans-feruloyloctopamine.yaml	VJSCHQMOTSXAKB-CFZDNBDDSA-N	ANTIMYCOBACTERIAL	05706e2f3e3e70a0d5c70b804d2dd4034967d25299058eae1eea64a6e0075990	0	0	5	2	0	RECORDED_NAME_QUERIES_TRAVERSED_NOT_PRIMARY_REVIEW	False	0	0	0	0			0	0	0			0		OPEN
CHEBI:67376	dihydrooroxylin A	data/antibiotics/antimycobacterial/dihydrooroxylin-a.yaml	QUAPPCXFYKSDSV-UHFFFAOYSA-N	ANTIMYCOBACTERIAL	11f8c0d5e38f1b68f747cb7be9f543d66d6c553cb949d9fd66d700d1e6ab6428	0	0	3	2	0	RECORDED_NAME_QUERIES_TRAVERSED_NOT_PRIMARY_REVIEW	False	0	0	0	0			0	0	0			0		OPEN
CHEBI:67473	lamesticumin A	data/antibiotics/antibacterial/lamesticumin-a.yaml	WWMHSLBXALTJEY-YTASFOGUSA-N	ANTIBACTERIAL	08e0137f43bcdc4e5291dc86f8bd7a79cd84b0f96fff9f58705794c8c2137271	0	0	2	2	0	RECORDED_NAME_QUERIES_TRAVERSED_NOT_PRIMARY_REVIEW	False	0	0	0	0			0	0	0			0		OPEN
CHEBI:67474	3-[(1S,2S,6S)-2-{2-[(1S,2R,3R)-2-(3-ethoxy-3-oxopropyl)-3-(2-hydroxypropan-2-yl)-2-methyl-6-methylidenecyclohexyl]ethyl}-1,3-dimethyl-6-(prop-1-en-2-yl)cyclohex-3-en-1-yl]propanoic acid	data/antibiotics/antibacterial/3-1s-2s-6s-2-2-1s-2r-3r-2-3-ethoxy-3-oxopropyl-3-2-hydroxypropan-2-yl-.yaml	JYNTZOBOTQIVKY-GIRUYCOHSA-N	ANTIBACTERIAL	98d53df55f8bc51d2a7751cc9b7cdc9025ca408dac110ca039ea7fd311fa0558	0	0	1	1	0	RECORDED_NAME_QUERIES_TRAVERSED_NOT_PRIMARY_REVIEW	False	0	0	0	0			0	0	0			0		OPEN
CHEBI:67475	lamesticumin B	data/antibiotics/antibacterial/lamesticumin-b.yaml	KYHATJJXUGJUJJ-LUFVGXTESA-N	ANTIBACTERIAL	9cc4d240eb1dd3031039a701af8674191cf969059b9eba36feae18306735546d	0	0	2	2	0	RECORDED_NAME_QUERIES_TRAVERSED_NOT_PRIMARY_REVIEW	False	0	0	0	0			0	0	0			0		OPEN
CHEBI:67476	lamesticumin C	data/antibiotics/antibacterial/lamesticumin-c.yaml	DJHULNDUQFBXME-DVMOUVJLSA-N	ANTIBACTERIAL	57a8220119e2edcb6c3866050d873110cd2934444b269fd7484985fc3debda39	0	0	2	2	0	RECORDED_NAME_QUERIES_TRAVERSED_NOT_PRIMARY_REVIEW	False	0	0	0	0			0	0	0			0		OPEN
CHEBI:67477	lamesticumin D	data/antibiotics/antibacterial/lamesticumin-d.yaml	MGVFDWIGIYHFIO-CKQYGLACSA-N	ANTIBACTERIAL	86bcab082498739c4babd949336e6875b2a2ddc2c9710a81cc38fe864dedb551	0	0	2	2	0	RECORDED_NAME_QUERIES_TRAVERSED_NOT_PRIMARY_REVIEW	False	0	0	0	0			0	0	0			0		OPEN
CHEBI:67478	lamesticumin E	data/antibiotics/antibacterial/lamesticumin-e.yaml	JDTRJLXTQXQSSV-FJWCHDPXSA-N	ANTIBACTERIAL	c13ce7cc2de1c59374a16cc09971320534ef74dda618c03d7f698440868474cb	0	0	1	1	0	RECORDED_NAME_QUERIES_TRAVERSED_NOT_PRIMARY_REVIEW	False	0	0	0	0			0	0	0			0		OPEN
CHEBI:67479	lamesticumin F	data/antibiotics/antibacterial/lamesticumin-f.yaml	RYDUWPYFQUMUJP-JAKYJIPASA-N	ANTIBACTERIAL	cf49c09bd620a7b0eda21d53db1f131e1a781c6a05559780aeecfdd33ac31769	0	0	2	2	0	RECORDED_NAME_QUERIES_TRAVERSED_NOT_PRIMARY_REVIEW	False	0	0	0	0			0	0	0			0		OPEN
CHEBI:67480	lansic acid 3-ethyl ester	data/antibiotics/antibacterial/lansic-acid-3-ethyl-ester.yaml	ZLSDLEGKMGQSFU-BFIHGEENSA-N	ANTIBACTERIAL	73f830a41aef7178e8dd855c90cb17c6788eb13cdf9871fe8dcad4072a4205d9	0	0	2	2	0	RECORDED_NAME_QUERIES_TRAVERSED_NOT_PRIMARY_REVIEW	False	0	0	0	0			0	0	0			0		OPEN
CHEBI:67481	ethyl lansiolate	data/antibiotics/antibacterial/ethyl-lansiolate.yaml	MBFTWDFKACXAAV-XXYMEPQGSA-N	ANTIBACTERIAL	95d45c3f43a7b77f41da5b1d31e9bd436234e41cabd2b8a7f676dd357d35a41c	0	0	2	2	0	RECORDED_NAME_QUERIES_TRAVERSED_NOT_PRIMARY_REVIEW	False	0	0	0	0			0	0	0			0		OPEN
CHEBI:67484	methyl lansiolate	data/antibiotics/antibacterial/methyl-lansiolate.yaml	UCRMFRXIRGKEPT-NGVCODNXSA-N	ANTIBACTERIAL	0a92138a6b07484255b92544189fcdafbaef82330cefab14a2681de932dcd3f1	0	0	2	2	0	RECORDED_NAME_QUERIES_TRAVERSED_NOT_PRIMARY_REVIEW	False	0	0	0	0			0	0	0			0		OPEN
CHEBI:6751	mepanipyrim	data/antibiotics/antifungal/mepanipyrim.yaml	CIFWZNRJIBNXRE-UHFFFAOYSA-N	ANTIFUNGAL	945e2c69cb8999385ca4c5ab6360fbd7e575472789d8c23c9c49397b23b014d0	0	0	5	2	0	RECORDED_NAME_QUERIES_TRAVERSED_NOT_PRIMARY_REVIEW	False	0	0	0	0			0	0	0			0		OPEN
CHEBI:67547	α-mangostin	data/antibiotics/unspecified/α-mangostin.yaml	GNRIZKKCNOBBMO-UHFFFAOYSA-N	ANTIMICROBIAL_UNSPECIFIED	aac0d6f3c7eeaed249731a16f21fdd1d1dd0df97c5439792558c91ca948bb3c9	0	0	4	2	0	RECORDED_NAME_QUERIES_TRAVERSED_NOT_PRIMARY_REVIEW	False	0	0	0	0			0	0	0			0		OPEN
CHEBI:67556	zeaenol	data/antibiotics/antibacterial/zeaenol.yaml	BPOLRDGTYHVUAY-YMFWJEOZSA-N	ANTIBACTERIAL	61fa2cc602a324e05b1fc8ddeed4ee43ae8970453198ef1d8b00b6c01d4d38f5	0	0	3	2	0	RECORDED_NAME_QUERIES_TRAVERSED_NOT_PRIMARY_REVIEW	False	0	0	0	0			0	0	0			0		OPEN
CHEBI:67558	5E-7-oxozeaenol	data/antibiotics/antibacterial/5e-7-oxozeaenol.yaml	NEQZWEXWOFPKOT-ULSULSEOSA-N	ANTIBACTERIAL	6866486b2e0a694b3bb350e47f240951b7018ae08d150dc2d3a20b93ef0d0607	0	0	4	2	0	RECORDED_NAME_QUERIES_TRAVERSED_NOT_PRIMARY_REVIEW	False	0	0	0	0			0	0	0			0		OPEN
CHEBI:67559	5Z-7-oxozeaenol	data/antibiotics/antibacterial/5z-7-oxozeaenol.yaml	NEQZWEXWOFPKOT-BYRRXHGESA-N	ANTIBACTERIAL	4fae214ca5b074f8d7c598a0d76c165e7d989a6a9b6cc20ce4f83035e8c52100	0	0	3	2	0	RECORDED_NAME_QUERIES_TRAVERSED_NOT_PRIMARY_REVIEW	False	0	0	0	0			0	0	0			0		OPEN
CHEBI:67606	sampangine	data/antibiotics/antifungal/sampangine.yaml	BWQKHOMAOVUASZ-UHFFFAOYSA-N	ANTIFUNGAL	843cf2c01380c7976925e02425b425b1ed9dbf477ab2411cd507335c77f3c92c	0	0	4	2	0	RECORDED_NAME_QUERIES_TRAVERSED_NOT_PRIMARY_REVIEW	False	0	0	0	0			0	0	0			0		OPEN
CHEBI:67610	chaetoviridin A	data/antibiotics/antifungal/chaetoviridin-a.yaml	HWSQVPGTQUYLEQ-CCBHEJLASA-N	ANTIFUNGAL	272dc1e8339b48562c011ee1c07c6d02d1e97f26e0b3622f50ac58fdfac48755	0	0	2	2	0	RECORDED_NAME_QUERIES_TRAVERSED_NOT_PRIMARY_REVIEW	False	0	0	0	0			0	0	0			0		OPEN
CHEBI:67611	chaetoviridin B	data/antibiotics/antifungal/chaetoviridin-b.yaml	VFAOIGZBHFMFIU-WGJHMWEWSA-N	ANTIFUNGAL	29351061997dfe069d47453342e96d254cff5eeb73e910d42ecbe3e16b3c483f	0	0	2	2	0	RECORDED_NAME_QUERIES_TRAVERSED_NOT_PRIMARY_REVIEW	False	0	0	0	0			0	0	0			0		OPEN
CHEBI:6770	meropenem trihydrate	data/antibiotics/antibacterial/meropenem-trihydrate.yaml	CTUAQTBUVLKNDJ-OBZXMJSBSA-N	ANTIBACTERIAL	50d0fc4a9d7bf01d40046a7dfb4c3ed882247e68548563257a9d760a3ae99343	0	0	4	2	0	RECORDED_NAME_QUERIES_TRAVERSED_NOT_PRIMARY_REVIEW	False	0	0	0	0			0	0	0			0		OPEN
CHEBI:67811	zorbamycin	data/antibiotics/unspecified/zorbamycin.yaml	UJKRUPHWCPAJIL-CPLCKGKLSA-N	ANTIMICROBIAL_UNSPECIFIED	257083ae607cf542b02ca48b2576e9b87ed89499e6f28575768473274755e51a	0	0	1	1	0	RECORDED_NAME_QUERIES_TRAVERSED_NOT_PRIMARY_REVIEW	False	0	0	0	0			0	0	0			0		OPEN
CHEBI:67873	pedunculosumoside A	data/antibiotics/antiviral/pedunculosumoside-a.yaml	XWEFVEFGSLLUFG-LKAUHASFSA-N	ANTIVIRAL	b183d46a0c565aec80924be6a47ee14171fed9985cedc8ec9eae6098e8e8f3c2	0	0	3	2	0	RECORDED_NAME_QUERIES_TRAVERSED_NOT_PRIMARY_REVIEW	False	0	0	0	0			0	0	0			0		OPEN
CHEBI:67875	pedunculosumoside C	data/antibiotics/antiviral/pedunculosumoside-c.yaml	ZDGISMQFYIDRSP-KZGGGLRYSA-N	ANTIVIRAL	7003439345227c710f8191e7a517214c51c7ae2df7549f2470697518ac121f0d	0	0	3	2	0	RECORDED_NAME_QUERIES_TRAVERSED_NOT_PRIMARY_REVIEW	False	0	0	0	0			0	0	0			0		OPEN
CHEBI:67926	2''-acetylastragalin	data/antibiotics/antiprotozoal/2-acetylastragalin.yaml	MWEQHAGXLGTSKL-OPCQMSRDSA-N	ANTIPROTOZOAL	5d1258fd5705e43fef0822bed64fdaad533711bf43524b399be9c949f791fea9	0	0	2	2	0	RECORDED_NAME_QUERIES_TRAVERSED_NOT_PRIMARY_REVIEW	False	0	0	0	0			0	0	0			0		OPEN
CHEBI:67927	astragalin heptaacetate	data/antibiotics/antiprotozoal/astragalin-heptaacetate.yaml	XNIDEUYQVRRKJJ-FZPNTLRJSA-N	ANTIPROTOZOAL	94fd6597d65cba3c8f2f04d31c335c249948c0ff852b1e67945f8fdae7004984	0	0	2	2	0	RECORDED_NAME_QUERIES_TRAVERSED_NOT_PRIMARY_REVIEW	False	0	0	0	0			0	0	0			0		OPEN
CHEBI:67929	2''-acetylpaeonoside	data/antibiotics/antiprotozoal/2-acetylpaeonoside.yaml	UNCGSIXTLZAFKK-RXRZWAIISA-N	ANTIPROTOZOAL	01b55782dac8bdbc71eba1d834ec2fac05d0714c6c7dd07f2c88660b04f90bc6	0	0	2	2	0	RECORDED_NAME_QUERIES_TRAVERSED_NOT_PRIMARY_REVIEW	False	0	0	0	0			0	0	0			0		OPEN
CHEBI:67930	paeonoside decaacetate	data/antibiotics/antiprotozoal/paeonoside-decaacetate.yaml	NLVNWKWBXDAKIC-GHNQEIAISA-N	ANTIPROTOZOAL	6da216888b1e11f5c086081b0d4b0b49bfe065206698923daf4468f7295959d0	0	0	3	2	0	RECORDED_NAME_QUERIES_TRAVERSED_NOT_PRIMARY_REVIEW	False	0	0	0	0			0	0	0			0		OPEN
CHEBI:67931	petiolaroside	data/antibiotics/antiprotozoal/petiolaroside.yaml	OTUCXMIQUNROBJ-JFNZIVIESA-N	ANTIPROTOZOAL	7a6c3686bc2f1e13a9f245ea77eb9ddeb3bcdc42637df2a3fb9a8b6b9000de50	0	0	5	2	0	RECORDED_NAME_QUERIES_TRAVERSED_NOT_PRIMARY_REVIEW	False	0	0	0	0			0	0	0			0		OPEN
CHEBI:67932	2''-acetylpetiolaroside	data/antibiotics/antiprotozoal/2-acetylpetiolaroside.yaml	RZRIJLLGEUPKNZ-BIENJXGCSA-N	ANTIPROTOZOAL	212b21a686941b54055e4eb433982ff01d2ef29a4bcb331974aaf5b766928dcb	0	0	2	2	0	RECORDED_NAME_QUERIES_TRAVERSED_NOT_PRIMARY_REVIEW	False	0	0	0	0			0	0	0			0		OPEN
CHEBI:67933	petiolaroside decaacetate	data/antibiotics/antiprotozoal/petiolaroside-decaacetate.yaml	WVTZEWYTKKLYOF-RFTFDKKMSA-N	ANTIPROTOZOAL	0e606c8c19566047d486cd8fdc83a9231ac78fd3b5770e3af8ac98eadcf68671	0	0	2	2	0	RECORDED_NAME_QUERIES_TRAVERSED_NOT_PRIMARY_REVIEW	False	0	0	0	0			0	0	0			0		OPEN
CHEBI:68023	cudraflavone C	data/antibiotics/antibacterial/cudraflavone-c.yaml	MUUDYSFWQUSAOO-UHFFFAOYSA-N	ANTIBACTERIAL	b8c8c6d383b295864e946c4666260fc24b7118a8e93702ea19e5877b995d93cc	0	0	5	2	0	RECORDED_NAME_QUERIES_TRAVERSED_NOT_PRIMARY_REVIEW	False	0	0	0	0			0	0	0			0		OPEN
CHEBI:6805	methacycline	data/antibiotics/antibacterial/methacycline.yaml	MHIGBKBJSQVXNH-IWVLMIASSA-N	ANTIBACTERIAL	dd4918d50e5a661686507c3ff7b3294522675c3bcd07ad6e026664abcf5a5d2b	0	0	14	5	0	RECORDED_NAME_QUERIES_TRAVERSED_NOT_PRIMARY_REVIEW	False	0	0	0	0			0	0	0			0		OPEN
CHEBI:68070	chrysogeside B	data/antibiotics/unspecified/chrysogeside-b.yaml	ZVSKJEHFCITPQT-XCEJTAPFSA-N	ANTIMICROBIAL_UNSPECIFIED	769a16e1499f7c6910d6ce6354790d37241c0a4a52c55ee62af753df6f5c4db8	0	0	2	2	0	RECORDED_NAME_QUERIES_TRAVERSED_NOT_PRIMARY_REVIEW	False	0	0	0	0			0	0	0			0		OPEN
CHEBI:68236	platensimycin	data/antibiotics/antibacterial/platensimycin.yaml	CSOMAHTTWTVBFL-OFBLZTNGSA-N	ANTIBACTERIAL	f75a55971c4629c13895681a48dc43f5b43143e380431503d6a28c1e16576a84	2	0	4	2	0	RECORDED_NAME_QUERIES_TRAVERSED_NOT_PRIMARY_REVIEW	True	0	0	0	0			0	0	0			0		OPEN
CHEBI:6824	hexamethylenetetramine	data/antibiotics/antibacterial/hexamethylenetetramine.yaml	VKYKSIONXSXAKP-UHFFFAOYSA-N	ANTIBACTERIAL	ee289fe18420da1bacc0305429119eaf287b6d97ee28364baf563c145cf1d51b	0	0	17	5	0	RECORDED_NAME_QUERIES_TRAVERSED_NOT_PRIMARY_REVIEW	False	0	0	0	0			0	0	0			0		OPEN
CHEBI:68241	platencin	data/antibiotics/antibacterial/platencin.yaml	DWUHGPPFFABTIY-RLWZQHMASA-N	ANTIBACTERIAL	5bdf0cc6feda78dd54eee8f5a7bbf37b7c8515344790fc01cb833c20953580b7	2	0	3	2	0	RECORDED_NAME_QUERIES_TRAVERSED_NOT_PRIMARY_REVIEW	True	0	0	0	0			0	0	0			0		OPEN
CHEBI:6827	methicillin	data/antibiotics/antibacterial/methicillin.yaml	RJQXTJLFIWVMTO-TYNCELHUSA-N	ANTIBACTERIAL	5674573d52389b170009fa20e7e250ba123e302b0da546f27af92bb84b4ece4d	5	0	17	5	3	RECORDED_NAME_QUERIES_TRAVERSED_NOT_PRIMARY_REVIEW	False	5	5	5	0	UniProtKB:A0A1S7BGS4|UniProtKB:A0A411KFC4|UniProtKB:B9EC93|UniProtKB:L7UL38|UniProtKB:Q4WR59	NCBITaxon:1280|NCBITaxon:1292|NCBITaxon:330879|NCBITaxon:458233|NCBITaxon:69966	0	0	0			0		OPEN
CHEBI:68283	microdiplodiasol	data/antibiotics/antibacterial/microdiplodiasol.yaml	SCOQIJBVVKZZHE-GVARAGBVSA-N	ANTIBACTERIAL	c6573cffb2451b1811e8401d1937491c039766056db711abd6a6d89d27f26995	0	0	2	2	0	RECORDED_NAME_QUERIES_TRAVERSED_NOT_PRIMARY_REVIEW	False	0	0	0	0			0	0	0			0		OPEN
CHEBI:68284	(+)-microdiplodiasone	data/antibiotics/antibacterial/microdiplodiasone.yaml	KYUNATJAFQPBJE-BXUZGUMPSA-N	ANTIBACTERIAL	1d27bf12365c358a3e557d78fdf8c130c691ee8c19c6a48fcc8a5a7629d78b93	0	0	2	2	0	RECORDED_NAME_QUERIES_TRAVERSED_NOT_PRIMARY_REVIEW	False	0	0	0	0			0	0	0			0		OPEN
CHEBI:68285	(−)-microdiplodiasolol	data/antibiotics/antibacterial/microdiplodiasolol.yaml	SIUXYUWNLUKHJD-FVQBIDKESA-N	ANTIBACTERIAL	441aafc1ace9a870d52b54f65d0a6c3dcaeec5ac506a130eeeb191e758481e1a	0	0	2	2	0	RECORDED_NAME_QUERIES_TRAVERSED_NOT_PRIMARY_REVIEW	False	0	0	0	0			0	0	0			0		OPEN
CHEBI:68289	(−)-gynuraone	data/antibiotics/antibacterial/gynuraone.yaml	COBAEYCUCRUGRP-MLUIRONXSA-N	ANTIBACTERIAL	9d7028867929b53d3125b2b95a39e266c6670077f9e90350be38f1c9322a4dbf	0	0	2	2	0	RECORDED_NAME_QUERIES_TRAVERSED_NOT_PRIMARY_REVIEW	False	0	0	0	0			0	0	0			0		OPEN
CHEBI:68297	phomalevone A	data/antibiotics/antibacterial/phomalevone-a.yaml	KMDRWTGFZLUZEY-NEUGYGHLSA-N	ANTIBACTERIAL	a8790a4dd62fbf4aef756d91e9e4379583a4b89a735bcc6816e915a9a0d3e632	0	0	2	2	0	RECORDED_NAME_QUERIES_TRAVERSED_NOT_PRIMARY_REVIEW	False	0	0	0	0			0	0	0			0		OPEN
CHEBI:68298	phomalevone B	data/antibiotics/antibacterial/phomalevone-b.yaml	QNGZXAWVLALWLX-UHFFFAOYSA-N	ANTIBACTERIAL	ee75345db0c4bce96906d6857b46b1303022a31ce64cff2dc73903c83b0cddd0	0	0	2	2	0	RECORDED_NAME_QUERIES_TRAVERSED_NOT_PRIMARY_REVIEW	False	0	0	0	0			0	0	0			0		OPEN
CHEBI:68299	phomalevone C	data/antibiotics/antibacterial/phomalevone-c.yaml	DRYAIORIKWDUCC-AHFZSLFQSA-N	ANTIBACTERIAL	92bcada2c4220172518231b113859b5d5c2bcd41200571c05529476fce96520c	0	0	2	2	0	RECORDED_NAME_QUERIES_TRAVERSED_NOT_PRIMARY_REVIEW	False	0	0	0	0			0	0	0			0		OPEN
CHEBI:68377	3-O-[β-D-glucopyranosyl]-28-O-[α-L-rhamnopyranosyl-(1→2)-β-D-glucopyranosyl]maslinic acid	data/antibiotics/antibacterial/3-o-β-d-glucopyranosyl-28-o-α-l-rhamnopyranosyl-12-β-d-glucopyranosyl-.yaml	IKQKYNWOONQHQK-DVSNLDMXSA-N	ANTIBACTERIAL	57a4410a0cd90e9ac483fd5764118dea6b98647fedd54ff8a790121e95bbf9d0	0	0	2	2	0	RECORDED_NAME_QUERIES_TRAVERSED_NOT_PRIMARY_REVIEW	False	0	0	0	0			0	0	0			0		OPEN
CHEBI:68378	3-O-[β-D-glucopyranosyl]-28-O-[α-L-rhamnopyranosyl-(1→2)-β-D-glucopyranosyl]arjunolic acid	data/antibiotics/antibacterial/3-o-β-d-glucopyranosyl-28-o-α-l-rhamnopyranosyl-12-β-d-glucopyranosyl--68378.yaml	IYMDTUUDLAHXGD-HADMNRPSSA-N	ANTIBACTERIAL	80ec92bb76767eba8470ad72dcbb830d5e8f2ba2996f0f705a68e86275bc9ed8	0	0	2	2	0	RECORDED_NAME_QUERIES_TRAVERSED_NOT_PRIMARY_REVIEW	False	0	0	0	0			0	0	0			0		OPEN
CHEBI:6838	methotrimeprazine	data/antibiotics/antiviral/methotrimeprazine.yaml	VRQVVMDWGGWHTJ-CQSZACIVSA-N	ANTIVIRAL	64f15bdd2a883e1d4eb5da3e2cb0b52b7da05555a6b078dd8815ccbe8a0f518e	0	0	11	4	0	RECORDED_NAME_QUERIES_TRAVERSED_NOT_PRIMARY_REVIEW	False	0	0	0	0			0	0	0			0		OPEN
CHEBI:68380	11α-hydroxyasiatic acid	data/antibiotics/antibacterial/11α-hydroxyasiatic-acid.yaml	FFPKNVKIBUBHMY-CCEBUSCFSA-N	ANTIBACTERIAL	fc4537d1979c12a1b4d62454ce62d21cd53394a94c94306d2aafa85935d91b17	0	0	2	2	0	RECORDED_NAME_QUERIES_TRAVERSED_NOT_PRIMARY_REVIEW	False	0	0	0	0			0	0	0			0		OPEN
CHEBI:68381	arjunolic acid	data/antibiotics/antibacterial/arjunolic-acid.yaml	RWNHLTKFBKYDOJ-DDHMHSPCSA-N	ANTIBACTERIAL	028c44e91cd6b7f3bc8a8677054bb0372194dafc35d10913761342fc65b2d676	0	0	3	2	0	RECORDED_NAME_QUERIES_TRAVERSED_NOT_PRIMARY_REVIEW	False	0	0	0	0			0	0	0			0		OPEN
CHEBI:68478	everolimus	data/antibiotics/antiviral/everolimus.yaml	HKVAMNSJSFKALM-GKUWKFKPSA-N	ANTIVIRAL	cd2bdab5660a1547d2103d6e50d2b375b67d771187a35aeed3f4c43c50fb6d8c	0	0	18	6	2	RECORDED_NAME_QUERIES_TRAVERSED_NOT_PRIMARY_REVIEW	False	0	0	0	0			0	0	0			0		OPEN
CHEBI:68590	fidaxomicin	data/antibiotics/antibacterial/fidaxomicin.yaml	ZVGNESXIJDCBKN-KFGPIHIUSA-N	ANTIBACTERIAL	678f24edb26659bd4b66ed4f7a824f5912ada22f63bcb579dbec75d15c765c73	0	0	9	3	0	RECORDED_NAME_QUERIES_TRAVERSED_NOT_PRIMARY_REVIEW	False	0	0	0	0			0	0	0			0		OPEN
CHEBI:68591	eurysterol A sulfonic acid	data/antibiotics/antifungal/eurysterol-a-sulfonic-acid.yaml	MWTQCWZOXMULHF-QZSJCTLHSA-N	ANTIFUNGAL	877d9c30504b6cc459d22b0b988c0b342f23ec074a2eb9fd20c75d59cc7a4373	0	0	4	2	0	RECORDED_NAME_QUERIES_TRAVERSED_NOT_PRIMARY_REVIEW	False	0	0	0	0			0	0	0			0		OPEN
CHEBI:68594	eurysterol B sulfonic acid	data/antibiotics/antifungal/eurysterol-b-sulfonic-acid.yaml	QPVBWEUWNJWRLD-XPVUCKRVSA-N	ANTIFUNGAL	c88b19aed494d423b47ab37552c0c5ea097e6f3ed504aa657cf41f99c790db11	0	0	3	2	0	RECORDED_NAME_QUERIES_TRAVERSED_NOT_PRIMARY_REVIEW	False	0	0	0	0			0	0	0			0		OPEN
CHEBI:68595	telaprevir	data/antibiotics/antiviral/telaprevir.yaml	BBAWEDCPNXPBQM-GDEBMMAJSA-N	ANTIVIRAL	733e8cb4af2097bb45515ab2f2da39aca42501b24a1ff73753f7aa9994e005bc	0	0	6	3	1	RECORDED_NAME_QUERIES_TRAVERSED_NOT_PRIMARY_REVIEW	False	0	0	0	0			0	0	0			0		OPEN
CHEBI:68598	clathsterol disulfonic acid	data/antibiotics/antiviral/clathsterol-disulfonic-acid.yaml	QZCHAQYTIIGVHJ-HXIPBOOUSA-N	ANTIVIRAL	c64fdf2b1995d58f0585dc9eb4a56013637b228793b089cf86abe1476b72f6dd	0	0	2	2	0	RECORDED_NAME_QUERIES_TRAVERSED_NOT_PRIMARY_REVIEW	False	0	0	0	0			0	0	0			0		OPEN
CHEBI:68602	rilpivirine hydrochloride	data/antibiotics/antiviral/rilpivirine-hydrochloride.yaml	KZVVGZKAVZUACK-BJILWQEISA-N	ANTIVIRAL	ffdd7e5687bbbdc497ec8c8dd8b8a3359bdf7dabe569485b4cc614db1a3204b2	0	0	6	3	0	RECORDED_NAME_QUERIES_TRAVERSED_NOT_PRIMARY_REVIEW	False	0	0	0	0			0	0	0			0		OPEN
CHEBI:68606	rilpivirine	data/antibiotics/antiviral/rilpivirine.yaml	YIBOMRUWOWDFLG-ONEGZZNKSA-N	ANTIVIRAL	0fe52b034ebd51186eaf00675e2a2b76c60f537caa8adcf48e1f798751a1d04d	0	28	5	2	1	RECORDED_NAME_QUERIES_TRAVERSED_NOT_PRIMARY_REVIEW	False	0	0	0	0			0	0	0			28	NCBITaxon:11676	OPEN
CHEBI:68621	boceprevir	data/antibiotics/antiviral/boceprevir.yaml	LHHCSNFAOIFYRV-DOVBMPENSA-N	ANTIVIRAL	c036d67aac15570797be6a7ad39b51a3373f12c83a1d65afa0a28f1f303e7fa4	1	0	4	2	1	RECORDED_NAME_QUERIES_TRAVERSED_NOT_PRIMARY_REVIEW	False	0	0	0	0			0	0	0			0		OPEN
CHEBI:68660	FR901469	data/antibiotics/antifungal/fr901469.yaml	LTLDDYQPSWDOBJ-UNEDFBIISA-N	ANTIFUNGAL	5d906d7c225bd5ec177836710477ea5373f2d4fb91e47bb2bdcfc7c38d7e156e	0	0	2	2	0	RECORDED_NAME_QUERIES_TRAVERSED_NOT_PRIMARY_REVIEW	False	0	0	0	0			0	0	0			0		OPEN
CHEBI:68699	(−)-rotiorin	data/antibiotics/antifungal/rotiorin.yaml	CJMOMVNHRUTOJX-SEAFAFSMSA-N	ANTIFUNGAL	20f6545fff2c0486aad919c2105ad7c39887cded8620d5cda271813c157fe86b	0	0	2	2	0	RECORDED_NAME_QUERIES_TRAVERSED_NOT_PRIMARY_REVIEW	False	0	0	0	0			0	0	0			0		OPEN
CHEBI:68700	epi-isochromophilone II	data/antibiotics/antifungal/epi-isochromophilone-ii.yaml	QEPMTPAOVMUVBT-NJCRSHSXSA-N	ANTIFUNGAL	2d657eb8c7d3c015f775bb93e47f09ff06cf7e9cb0097e9873076204e868b4e4	0	0	2	2	0	RECORDED_NAME_QUERIES_TRAVERSED_NOT_PRIMARY_REVIEW	False	0	0	0	0			0	0	0			0		OPEN
CHEBI:6872	methylene blue	data/antibiotics/antiprotozoal/methylene-blue.yaml	CXKWCBBOMKCUKX-UHFFFAOYSA-M	ANTIPROTOZOAL	34787f37bae633b080a5b4ea4c21ce3fe486095f95540626d660f706ab3f7249	0	0	16	5	2	RECORDED_NAME_QUERIES_TRAVERSED_NOT_PRIMARY_REVIEW	False	0	0	0	0			0	0	0			0		OPEN
CHEBI:68723	mollicellin J	data/antibiotics/antiprotozoal/mollicellin-j.yaml	NKSQSZYYPUIJDD-UHFFFAOYSA-N	ANTIPROTOZOAL	977f2629f446a29fc6cbfdefcc45c4baf68b6b391debf67cf64c29a51e78025b	0	0	2	2	0	RECORDED_NAME_QUERIES_TRAVERSED_NOT_PRIMARY_REVIEW	False	0	0	0	0			0	0	0			0		OPEN
CHEBI:68724	mollicellin K	data/antibiotics/antimycobacterial/mollicellin-k.yaml	GRJLKDCRKHDXSZ-UHFFFAOYSA-N	ANTIMYCOBACTERIAL	02474f122b8e036e5871c927047750b7141abe29477c022f8db8e625ab9dda5c	0	0	2	2	0	RECORDED_NAME_QUERIES_TRAVERSED_NOT_PRIMARY_REVIEW	False	0	0	0	0			0	0	0			0		OPEN
CHEBI:68725	mollicellin L	data/antibiotics/antiprotozoal/mollicellin-l.yaml	SEGGMMXRZJRNCN-UHFFFAOYSA-N	ANTIPROTOZOAL	079a047b229cea72dafbc711763f85214a944faeacac45883a3fa0c5171c7c10	0	0	2	2	0	RECORDED_NAME_QUERIES_TRAVERSED_NOT_PRIMARY_REVIEW	False	0	0	0	0			0	0	0			0		OPEN
CHEBI:68726	mollicellin M	data/antibiotics/antiprotozoal/mollicellin-m.yaml	LBLDXSZDCOFIAT-UHFFFAOYSA-N	ANTIPROTOZOAL	e6447e8b23980d43eec9703e4e1920014c3075a8316ace0812d9b94712d7e99a	0	0	2	2	0	RECORDED_NAME_QUERIES_TRAVERSED_NOT_PRIMARY_REVIEW	False	0	0	0	0			0	0	0			0		OPEN
CHEBI:68748	sch 210971	data/antibiotics/antifungal/sch-210971.yaml	AVZATKWNGXCSDN-UPZXKQCMSA-N	ANTIFUNGAL	b362824d442f70bfd0445d33ea9c75372445b3ed0403b97109f35f3893c0a9f3	0	0	2	2	0	RECORDED_NAME_QUERIES_TRAVERSED_NOT_PRIMARY_REVIEW	False	0	0	0	0			0	0	0			0		OPEN
CHEBI:68766	chaetoglocin A	data/antibiotics/antibacterial/chaetoglocin-a.yaml	DGBMMVBFYMZWHX-XVNBXDOJSA-N	ANTIBACTERIAL	3a1a7d2555f3c654ea6e58c906775b631b2c6eaaa97b3cb0abf843899748a387	0	0	2	2	0	RECORDED_NAME_QUERIES_TRAVERSED_NOT_PRIMARY_REVIEW	False	0	0	0	0			0	0	0			0		OPEN
CHEBI:68767	chaetoglocin B	data/antibiotics/antibacterial/chaetoglocin-b.yaml	DGBMMVBFYMZWHX-CLTKARDFSA-N	ANTIBACTERIAL	61f62802fecdc306a232f27a2d355372759e8ba1e3d06de45a9904ce9ac9e00c	0	0	2	2	0	RECORDED_NAME_QUERIES_TRAVERSED_NOT_PRIMARY_REVIEW	False	0	0	0	0			0	0	0			0		OPEN
CHEBI:68775	chaetoglobosin L	data/antibiotics/antifungal/chaetoglobosin-l.yaml	PBKVAXUNUBEUPO-OSHWNDANSA-N	ANTIFUNGAL	2f01bb085e0b3f1c57680acae2ea0912eb1ffef1a6869ef93d29fe051c9eeec8	0	0	2	2	0	RECORDED_NAME_QUERIES_TRAVERSED_NOT_PRIMARY_REVIEW	False	0	0	0	0			0	0	0			0		OPEN
CHEBI:68785	rotiorinol A	data/antibiotics/antifungal/rotiorinol-a.yaml	QXVIQXFZWZQGMX-CBNFSBMOSA-N	ANTIFUNGAL	c6a411ce8b0acaae4b0f7bac1154fb85c92107452fee234870264d0f485a96e2	0	0	3	2	0	RECORDED_NAME_QUERIES_TRAVERSED_NOT_PRIMARY_REVIEW	False	0	0	0	0			0	0	0			0		OPEN
CHEBI:68786	rotiorinol C	data/antibiotics/antifungal/rotiorinol-c.yaml	KRCVYHUEUHHWKT-XOEIKTSYSA-N	ANTIFUNGAL	08aa478dfdf3787dc2878e9fd61c30cc043731a045cf42a31a87c69713bfc46e	0	0	3	2	0	RECORDED_NAME_QUERIES_TRAVERSED_NOT_PRIMARY_REVIEW	False	0	0	0	0			0	0	0			0		OPEN
CHEBI:68787	rubrorotiorin	data/antibiotics/antifungal/rubrorotiorin.yaml	QJSWSNAZIVGTFZ-NPQXMUAYSA-N	ANTIFUNGAL	d03f2cd36dd921c9513439a4496230e2ae004938ec988885935619a8d391bc43	0	0	2	2	0	RECORDED_NAME_QUERIES_TRAVERSED_NOT_PRIMARY_REVIEW	False	0	0	0	0			0	0	0			0		OPEN
CHEBI:68792	asperentin	data/antibiotics/antifungal/asperentin.yaml	WOMKDMUZNBFXKG-XAWKZAOJSA-N	ANTIFUNGAL	f1826cb0764c595e3bfe33ec5f6098d6b83c3024743805b5fbaef945c59b2d19	0	0	4	2	0	RECORDED_NAME_QUERIES_TRAVERSED_NOT_PRIMARY_REVIEW	False	0	0	0	0			0	0	0			0		OPEN
CHEBI:68801	mollicellin B	data/antibiotics/antiprotozoal/mollicellin-b.yaml	OMOOHFQAZTVBPK-UHFFFAOYSA-N	ANTIPROTOZOAL	e1161cfdd0c2a9a83aeed9ac98c98bee7b33fa313ff36ad8c313896441c5e1d4	0	0	2	2	0	RECORDED_NAME_QUERIES_TRAVERSED_NOT_PRIMARY_REVIEW	False	0	0	0	0			0	0	0			0		OPEN
CHEBI:68802	mollicellin C	data/antibiotics/antiprotozoal/mollicellin-c.yaml	RPSLZGPKLQLZGH-UHFFFAOYSA-N	ANTIPROTOZOAL	c00ab8d171dfaab9dc9440613d9d28950ae01cad023a5ffa616fff5c9bb13bce	0	0	2	2	0	RECORDED_NAME_QUERIES_TRAVERSED_NOT_PRIMARY_REVIEW	False	0	0	0	0			0	0	0			0		OPEN
CHEBI:68803	mollicellin E	data/antibiotics/antiprotozoal/mollicellin-e.yaml	JTGLZOMMRQOKBM-UHFFFAOYSA-N	ANTIPROTOZOAL	f21013ee5916c2eb120d1d2c11af4bdb189c1e5ab306bf0656e423daf9563032	0	0	2	2	0	RECORDED_NAME_QUERIES_TRAVERSED_NOT_PRIMARY_REVIEW	False	0	0	0	0			0	0	0			0		OPEN
CHEBI:68859	arugosin B	data/antibiotics/antibacterial/arugosin-b.yaml	WKCOWVOAMWLTDQ-UHFFFAOYSA-N	ANTIBACTERIAL	93d71d88f05a728f997a2d18cfa6b93476df30a9862bd27b7040088553431352	0	0	2	2	0	RECORDED_NAME_QUERIES_TRAVERSED_NOT_PRIMARY_REVIEW	False	0	0	0	0			0	0	0			0		OPEN
CHEBI:68935	(±)-chartaceone C	data/antibiotics/antiviral/chartaceone-c.yaml	RGZSPQYXJSDKAN-FWSOMWAYSA-N	ANTIVIRAL	81b21215e335a154797d8b2c2201c69fba083141986ca98368ff520f8e7f4f6b	0	0	2	2	0	RECORDED_NAME_QUERIES_TRAVERSED_NOT_PRIMARY_REVIEW	False	0	0	0	0			0	0	0			0		OPEN
CHEBI:68936	(±)-chartaceone D	data/antibiotics/antiviral/chartaceone-d.yaml	RAGZNEMPFYNJSA-KQFLDCGVSA-N	ANTIVIRAL	acdaf1627049d4c994a10b79ff9f32156d16f6c8d4a6ac4fbe088ab960ed8756	0	0	2	2	0	RECORDED_NAME_QUERIES_TRAVERSED_NOT_PRIMARY_REVIEW	False	0	0	0	0			0	0	0			0		OPEN
CHEBI:68937	(±)-chartaceone E	data/antibiotics/antiviral/chartaceone-e.yaml	HAZLNOUWLROAAU-KQFLDCGVSA-N	ANTIVIRAL	1c8da5fa83866d17fc6c17a2b5d8f14e20b5e0929790e2ecf5dcf75750c978dc	0	0	2	2	0	RECORDED_NAME_QUERIES_TRAVERSED_NOT_PRIMARY_REVIEW	False	0	0	0	0			0	0	0			0		OPEN
CHEBI:68938	(±)-chartaceone F	data/antibiotics/antiviral/chartaceone-f.yaml	VDGBAYIBHQEDHS-BQASJOSNSA-N	ANTIVIRAL	cc24b68cfaf8056975bcd0f027c351ac22233b805ac648286e7031985f2aae87	0	0	2	2	0	RECORDED_NAME_QUERIES_TRAVERSED_NOT_PRIMARY_REVIEW	False	0	0	0	0			0	0	0			0		OPEN
CHEBI:68980	longirostrerone A	data/antibiotics/antiprotozoal/longirostrerone-a.yaml	IAPUSMZQQSXGDI-QXHNIIHBSA-N	ANTIPROTOZOAL	7e58ce7ecce29d4e449b2973381f7515c313cf39f738591693763c27e721e7e9	0	0	3	2	0	RECORDED_NAME_QUERIES_TRAVERSED_NOT_PRIMARY_REVIEW	False	0	0	0	0			0	0	0			0		OPEN
CHEBI:68981	longirostrerone B	data/antibiotics/antiprotozoal/longirostrerone-b.yaml	PZWVXQVKPAZYRZ-GIIUFEGQSA-N	ANTIPROTOZOAL	bf092bb21de19d912c156fff93aa8c4e9dbf19347eeaab96d63b018bc5ba450b	0	0	3	2	0	RECORDED_NAME_QUERIES_TRAVERSED_NOT_PRIMARY_REVIEW	False	0	0	0	0			0	0	0			0		OPEN
CHEBI:68982	longirostrerone C	data/antibiotics/antiprotozoal/longirostrerone-c.yaml	HOGGEAXXACLKBX-OPYHNVJQSA-N	ANTIPROTOZOAL	e416247d048375ca0cd144c3dbd5cbe851f1c4c8402fef274c81b5fcb86f28cc	0	0	3	2	0	RECORDED_NAME_QUERIES_TRAVERSED_NOT_PRIMARY_REVIEW	False	0	0	0	0			0	0	0			0		OPEN
CHEBI:69017	physalin B	data/antibiotics/antiprotozoal/physalin-b.yaml	HVTFEHJSUSPQBK-IIOAQAAUSA-N	ANTIPROTOZOAL	a00cebe7cd46efc82677644f8ed18fbc7593cd522f3036d8c32d440b178bdfd3	0	0	1	1	0	RECORDED_NAME_QUERIES_TRAVERSED_NOT_PRIMARY_REVIEW	False	0	0	0	0			0	0	0			0		OPEN
CHEBI:69018	physalin D	data/antibiotics/antimycobacterial/physalin-d.yaml	DUGJJSWZRHBJJK-IFSNGKJOSA-N	ANTIMYCOBACTERIAL	408046ad0a0c5f189a5c80a954e7feb10e0b6abee2090889667045f0896f6655	0	0	2	2	0	RECORDED_NAME_QUERIES_TRAVERSED_NOT_PRIMARY_REVIEW	False	0	0	0	0			0	0	0			0		OPEN
CHEBI:69019	physalin F	data/antibiotics/antiprotozoal/physalin-f.yaml	VSLWNSSUMFSGFF-DKOLRWHASA-N	ANTIPROTOZOAL	77fbef8979c617c23f7a10b16829c40c213e0b6edb134819d0dbefee44e5377f	0	0	3	2	0	RECORDED_NAME_QUERIES_TRAVERSED_NOT_PRIMARY_REVIEW	False	0	0	0	0			0	0	0			0		OPEN
CHEBI:69020	physalin G	data/antibiotics/antiprotozoal/physalin-g.yaml	CGVBSJOSWAZUIF-IOMVKLDJSA-N	ANTIPROTOZOAL	ee10094c15d29055c5a25b7fd120a36fdf528550a70f2b85cdd6e589f92be2ff	0	0	1	1	0	RECORDED_NAME_QUERIES_TRAVERSED_NOT_PRIMARY_REVIEW	False	0	0	0	0			0	0	0			0		OPEN
CHEBI:69023	preaustinoid A	data/antibiotics/antibacterial/preaustinoid-a.yaml	IRPHRMHQEPXQQF-RFMSQVAGSA-N	ANTIBACTERIAL	4bf9dbb9096f057f213a84d38feeb5cc2026c389997b78eb0bcabdb429c4dde1	0	0	2	2	0	RECORDED_NAME_QUERIES_TRAVERSED_NOT_PRIMARY_REVIEW	False	0	0	0	0			0	0	0			0		OPEN
CHEBI:69039	rutarin	data/antibiotics/antibacterial/rutarin.yaml	JWWFVRMFYKPZNE-VVIWCBLHSA-N	ANTIBACTERIAL	9fc2fe226d528e96c1a0e9a7bfae86a9bddc8c367732ca3d54a1f773b97245b3	0	0	5	2	0	RECORDED_NAME_QUERIES_TRAVERSED_NOT_PRIMARY_REVIEW	False	0	0	0	0			0	0	0			0		OPEN
CHEBI:69082	licoricidin	data/antibiotics/antibacterial/licoricidin.yaml	GBRZTUJCDFSIHM-KRWDZBQOSA-N	ANTIBACTERIAL	7f36b9e9161f3075b04ef9f553996e51c01797b91384b8ff33052bbd8b00bf77	0	0	4	2	0	RECORDED_NAME_QUERIES_TRAVERSED_NOT_PRIMARY_REVIEW	False	0	0	0	0			0	0	0			0		OPEN
CHEBI:69083	licorisoflavan A	data/antibiotics/antibacterial/licorisoflavan-a.yaml	GDAAEAXMNLVRCZ-SFHVURJKSA-N	ANTIBACTERIAL	6530901b4c1ec61e21d693b0220ebb93e2462672a7503a79de9c47a22bf5ef5a	0	0	5	2	0	RECORDED_NAME_QUERIES_TRAVERSED_NOT_PRIMARY_REVIEW	False	0	0	0	0			0	0	0			0		OPEN
CHEBI:69086	glycyrin	data/antibiotics/antibacterial/glycyrin.yaml	FWWGXZYUURXJLK-UHFFFAOYSA-N	ANTIBACTERIAL	2685521a666391b20d0a785c2061d0a24d714bfed93d21832bb160146fb0083d	0	0	5	2	0	RECORDED_NAME_QUERIES_TRAVERSED_NOT_PRIMARY_REVIEW	False	0	0	0	0			0	0	0			0		OPEN
CHEBI:6909	metronidazole	data/antibiotics/antibacterial/metronidazole.yaml	VAOCPAMSLUNLGC-UHFFFAOYSA-N	ANTIBACTERIAL	aa73863504ab7267d085d53505986514b25d4b57ff58a342137f11f5ab5fdb2e	23	0	14	5	2	RECORDED_NAME_QUERIES_TRAVERSED_NOT_PRIMARY_REVIEW	True	18	18	11	7	UniProtKB:A0A088F5K5|UniProtKB:A0A2Z4XG32|UniProtKB:A0A9R0CE91|UniProtKB:C5IWS7|UniProtKB:O25793|UniProtKB:Q32E34|UniProtKB:Q45150|UniProtKB:Q45778|UniProtKB:Q45801|UniProtKB:Q8GJ54|UniProtKB:U2NQD4	NCBITaxon:1115809|NCBITaxon:28125|NCBITaxon:300267|NCBITaxon:645463|NCBITaxon:817|NCBITaxon:818|NCBITaxon:821|NCBITaxon:85962	0	0	0			0		OPEN
CHEBI:69091	dihydrolicoisoflavone A	data/antibiotics/antibacterial/dihydrolicoisoflavone-a.yaml	BAEYWOSUJSUYFI-UHFFFAOYSA-N	ANTIBACTERIAL	b96249bd8a578e8e5fb72834efb8aee10710692d81c7034145faccf2f8fc9770	0	0	3	2	0	RECORDED_NAME_QUERIES_TRAVERSED_NOT_PRIMARY_REVIEW	False	0	0	0	0			0	0	0			0		OPEN
CHEBI:69094	licoricone	data/antibiotics/antibacterial/licoricone.yaml	GGWMNTNDTRKETA-UHFFFAOYSA-N	ANTIBACTERIAL	79ff2f95be2a8e37e3ccdec3c0600afc6d0468a4bd647d27c32b86d7ffb111d5	0	0	2	2	0	RECORDED_NAME_QUERIES_TRAVERSED_NOT_PRIMARY_REVIEW	False	0	0	0	0			0	0	0			0		OPEN
CHEBI:69098	licocoumarone	data/antibiotics/antibacterial/licocoumarone.yaml	CNPMAFLUEHEXRE-UHFFFAOYSA-N	ANTIBACTERIAL	2e5e463abba53e0342e10e9f1a0bc8dae037b4740d9c6b8bd986e3630d5b8296	0	0	3	2	0	RECORDED_NAME_QUERIES_TRAVERSED_NOT_PRIMARY_REVIEW	False	0	0	0	0			0	0	0			0		OPEN
CHEBI:69099	gancaonin I	data/antibiotics/antibacterial/gancaonin-i.yaml	DKVBYQAVNNRVNN-UHFFFAOYSA-N	ANTIBACTERIAL	039a6a03395a8f7e4dc5d0eb9161b636817288e24eb452ff16788c27cad40b4f	0	0	2	2	0	RECORDED_NAME_QUERIES_TRAVERSED_NOT_PRIMARY_REVIEW	False	0	0	0	0			0	0	0			0		OPEN
CHEBI:6919	mezlocillin	data/antibiotics/antibacterial/mezlocillin.yaml	YPBATNHYBCGSSN-VWPFQQQWSA-N	ANTIBACTERIAL	4a98384d30f7b181c0e4fd8000a8819c88f8a4aebefd04611421183843b8bb7f	1	0	10	4	0	RECORDED_NAME_QUERIES_TRAVERSED_NOT_PRIMARY_REVIEW	False	1	1	1	0	UniProtKB:I7FJY5	NCBITaxon:246196	0	0	0			0		OPEN
CHEBI:69196	brazilein	data/antibiotics/antibacterial/brazilein.yaml	MLWIYODOURBGPI-MRXNPFEDSA-N	ANTIBACTERIAL	189b6de90448886118eaae9444ce842d1537257e2df6f981c70ba90875dbb4e9	0	0	2	2	0	RECORDED_NAME_QUERIES_TRAVERSED_NOT_PRIMARY_REVIEW	False	0	0	0	0			0	0	0			0		OPEN
CHEBI:69204	fellutamide C	data/antibiotics/antifungal/fellutamide-c.yaml	DRAFAQFSRNBNLD-UDWHBACZSA-N	ANTIFUNGAL	9191209276e6349e7c8c1d71d31552755b3a20c9b63421963c91edb8fc368c5c	0	0	1	1	0	RECORDED_NAME_QUERIES_TRAVERSED_NOT_PRIMARY_REVIEW	False	0	0	0	0			0	0	0			0		OPEN
CHEBI:69205	fellutamide D	data/antibiotics/antifungal/fellutamide-d.yaml	GTUJBZDZEFIEQV-MRCGXDCXSA-N	ANTIFUNGAL	9485df2c00d0f3cffc7935782c7b1d9d07480fe4a41d7c6adf58e413c80db8e3	0	0	1	1	0	RECORDED_NAME_QUERIES_TRAVERSED_NOT_PRIMARY_REVIEW	False	0	0	0	0			0	0	0			0		OPEN
CHEBI:69216	fatsicarpain A	data/antibiotics/antibacterial/fatsicarpain-a.yaml	ZMKQRHHJEZOFLT-KFYXPMKRSA-N	ANTIBACTERIAL	f4fde55544a37bbdbb899af027a49e32bef353b9b855d78c41323f947e931879	0	0	2	2	0	RECORDED_NAME_QUERIES_TRAVERSED_NOT_PRIMARY_REVIEW	False	0	0	0	0			0	0	0			0		OPEN
CHEBI:69218	fatsicarpain C	data/antibiotics/antibacterial/fatsicarpain-c.yaml	BICZFYRWUHELRT-KFYXPMKRSA-N	ANTIBACTERIAL	11a82cd40e2b6ac7112243860e7e0226f86471c807d36638bca9960d3d36100b	0	0	3	2	0	RECORDED_NAME_QUERIES_TRAVERSED_NOT_PRIMARY_REVIEW	False	0	0	0	0			0	0	0			0		OPEN
CHEBI:69219	fatsicarpain D	data/antibiotics/antiviral/fatsicarpain-d.yaml	KICUTMUDQMLBSF-DDJNVBRHSA-N	ANTIVIRAL	f0bac55d039e5bccc97fb2fd4fd05a8d85b3d2e058754692c38c450d6b050410	0	0	2	2	0	RECORDED_NAME_QUERIES_TRAVERSED_NOT_PRIMARY_REVIEW	False	0	0	0	0			0	0	0			0		OPEN
CHEBI:69221	fatsicarpain F	data/antibiotics/antibacterial/fatsicarpain-f.yaml	XPGFAFLAVZYSFJ-AJNNAGPSSA-N	ANTIBACTERIAL	3608e89b515261cc47de8ff72e90ab8115ec49b6fd920fabb17ec578b79bc7f0	0	0	2	2	0	RECORDED_NAME_QUERIES_TRAVERSED_NOT_PRIMARY_REVIEW	False	0	0	0	0			0	0	0			0		OPEN
CHEBI:69222	fatsicarpain G	data/antibiotics/antiviral/fatsicarpain-g.yaml	CEBUWXCYJVYZSN-XEMCBIIJSA-N	ANTIVIRAL	b4566f3e37b67ec01db6f99da96c9470896526bd88410a84903a09a1b3a6b07f	0	0	2	2	0	RECORDED_NAME_QUERIES_TRAVERSED_NOT_PRIMARY_REVIEW	False	0	0	0	0			0	0	0			0		OPEN
CHEBI:69414	hygromycin A	data/antibiotics/antibacterial/hygromycin-a.yaml	YQYJSBFKSSDGFO-IIHALWDASA-N	ANTIBACTERIAL	1b81cea3997ee93af41a39a952609fc40b53c1f3987b3ea6fb20004d0a84927d	3	0	2	2	1	RECORDED_NAME_QUERIES_TRAVERSED_NOT_PRIMARY_REVIEW	False	3	3	2	1	UniProtKB:A0A7X5SXF0|UniProtKB:P39115	NCBITaxon:1509|NCBITaxon:224308	0	0	0			0		OPEN
CHEBI:69470	purpurquinone B	data/antibiotics/antiviral/purpurquinone-b.yaml	PLTDHXZQZPWZBC-QWOQCBQGSA-N	ANTIVIRAL	32a3326b3a37209f22370f14534f2f955699efd92c3e23bf273970ccdf859ff0	0	0	2	2	0	RECORDED_NAME_QUERIES_TRAVERSED_NOT_PRIMARY_REVIEW	False	0	0	0	0			0	0	0			0		OPEN
CHEBI:69472	purpurester A	data/antibiotics/antiviral/purpurester-a.yaml	CHYNVNQRYJSKBG-ZDUSSCGKSA-N	ANTIVIRAL	8bee908fe876cfdfc1c1d48ac08b07d426474c4c7f75aa6dfef244df5e745342	0	0	3	2	0	RECORDED_NAME_QUERIES_TRAVERSED_NOT_PRIMARY_REVIEW	False	0	0	0	0			0	0	0			0		OPEN
CHEBI:69475	TAN-931	data/antibiotics/antiviral/tan-931.yaml	INVAPAXTQZQLGN-UHFFFAOYSA-N	ANTIVIRAL	bda76de232404971cb4b3ed4bfc549d6c7101276045a0d64b40bbfc486f8cc31	0	0	3	2	0	RECORDED_NAME_QUERIES_TRAVERSED_NOT_PRIMARY_REVIEW	False	0	0	0	0			0	0	0			0		OPEN
CHEBI:69477	cannabigerol	data/antibiotics/antibacterial/cannabigerol.yaml	QXACEHWTBCFNSA-SFQUDFHCSA-N	ANTIBACTERIAL	ef502ffcd8ff30c91a54a5eb5ccf3e897a90f9b8854180a9a4ec20457a62932d	0	0	4	2	0	RECORDED_NAME_QUERIES_TRAVERSED_NOT_PRIMARY_REVIEW	False	0	0	0	0			0	0	0			0		OPEN
CHEBI:69478	cannabidiol	data/antibiotics/unspecified/cannabidiol.yaml	QHMBSVQNZZTUGM-ZWKOTPCHSA-N	ANTIMICROBIAL_UNSPECIFIED	d1dd5d27863bad642898409f028c920cee88163ac4ed9c1033dfbb437f5c6436	0	0	8	3	2	RECORDED_NAME_QUERIES_TRAVERSED_NOT_PRIMARY_REVIEW	False	0	0	0	0			0	0	0			0		OPEN
CHEBI:69494	sphaeropsidin A	data/antibiotics/antibacterial/sphaeropsidin-a.yaml	FEKFUWWVNCCROX-SQWSIXGCSA-N	ANTIBACTERIAL	78b193cfc811dab60f6bde1a4740f54955f8bdbe7bba35ab7b905a69593bf17a	0	0	1	1	0	RECORDED_NAME_QUERIES_TRAVERSED_NOT_PRIMARY_REVIEW	False	0	0	0	0			0	0	0			0		OPEN
CHEBI:69518	rubiarbonol G	data/antibiotics/unspecified/rubiarbonol-g.yaml	IPFJEJXCPFOYQR-CRBXCGNKSA-N	ANTIMICROBIAL_UNSPECIFIED	e7f17a302ed9baa6cb2e35b6fd6801f2345ed3469f274e6cf094df980a11ab72	0	0	2	2	0	RECORDED_NAME_QUERIES_TRAVERSED_NOT_PRIMARY_REVIEW	False	0	0	0	0			0	0	0			0		OPEN
CHEBI:69522	2-methoxy-1,4-naphthoquinone	data/antibiotics/unspecified/2-methoxy-1-4-naphthoquinone.yaml	OBGBGHKYJAOXRR-UHFFFAOYSA-N	ANTIMICROBIAL_UNSPECIFIED	d4caf7a4f6e85c9cea9a4c6e28cceab1ccf6a6e87376cae2b7a3ccba75d6edc4	0	0	3	2	0	RECORDED_NAME_QUERIES_TRAVERSED_NOT_PRIMARY_REVIEW	False	0	0	0	0			0	0	0			0		OPEN
CHEBI:69532	1,6-dihydroxy-2-methyl-9,10-anthraquinone	data/antibiotics/antibacterial/1-6-dihydroxy-2-methyl-9-10-anthraquinone.yaml	BSKQISPKMLYNTK-UHFFFAOYSA-N	ANTIBACTERIAL	8b4caf9e039f0c71c2456070ea5e13759c8eb3c1c005a762793035d82b14231b	0	0	3	2	0	RECORDED_NAME_QUERIES_TRAVERSED_NOT_PRIMARY_REVIEW	False	0	0	0	0			0	0	0			0		OPEN
CHEBI:69533	rubiadin	data/antibiotics/antibacterial/rubiadin.yaml	IRZTUXPRIUZXMP-UHFFFAOYSA-N	ANTIBACTERIAL	6dd10fd884ae8226e0e09c52b984993789dfe5cefa9e0f6836eb5b53d6f08a51	0	0	2	2	0	RECORDED_NAME_QUERIES_TRAVERSED_NOT_PRIMARY_REVIEW	False	0	0	0	0			0	0	0			0		OPEN
CHEBI:69621	trichothecin	data/antibiotics/antifungal/trichothecin.yaml	LJWZOKOFCBPNAG-HULHSAFCSA-N	ANTIFUNGAL	159ced6d28f531be9b2df72f95d777ec3711a6bfa80911b6cec5313c97a9aa62	0	0	3	2	0	RECORDED_NAME_QUERIES_TRAVERSED_NOT_PRIMARY_REVIEW	False	0	0	0	0			0	0	0			0		OPEN
CHEBI:69704	1-(2-hydroxy-4-methoxyphenyl)-3-(4-hydroxy-3-methoxyphenyl)propane	data/antibiotics/antimycobacterial/1-2-hydroxy-4-methoxyphenyl-3-4-hydroxy-3-methoxyphenyl-propane.yaml	UDWSABBWZXKLLQ-UHFFFAOYSA-N	ANTIMYCOBACTERIAL	d73d5c176501649e4e61333f5c40ebfba65dcd0a1b5511ef77e41b0c2d46326f	0	0	2	2	0	RECORDED_NAME_QUERIES_TRAVERSED_NOT_PRIMARY_REVIEW	False	0	0	0	0			0	0	0			0		OPEN
CHEBI:70005	combretol	data/antibiotics/antiprotozoal/combretol.yaml	SUNUQCQIFHHEOW-UHFFFAOYSA-N	ANTIPROTOZOAL	9f826d2805a347b013bac92141f105f052311b5574cb0f9846c2b2f161cf4852	0	0	4	2	0	RECORDED_NAME_QUERIES_TRAVERSED_NOT_PRIMARY_REVIEW	False	0	0	0	0			0	0	0			0		OPEN
CHEBI:70012	comazaphilone C	data/antibiotics/antibacterial/comazaphilone-c.yaml	BVPLOPDDUJTCFL-JBAXFHHXSA-N	ANTIBACTERIAL	b1d01573cadb378487af2dc0f4e00c20337868f30412da55a4eb3500ebfadf17	0	0	2	2	0	RECORDED_NAME_QUERIES_TRAVERSED_NOT_PRIMARY_REVIEW	False	0	0	0	0			0	0	0			0		OPEN
CHEBI:70013	comazaphilone D	data/antibiotics/antibacterial/comazaphilone-d.yaml	GIROBNCADSJPIJ-OQBWYENPSA-N	ANTIBACTERIAL	27e75c957e81e5e6553bd71c82898f99b25463112dbeb3313a89a84a1b3da475	0	0	2	2	0	RECORDED_NAME_QUERIES_TRAVERSED_NOT_PRIMARY_REVIEW	False	0	0	0	0			0	0	0			0		OPEN
CHEBI:70014	comazaphilone E	data/antibiotics/antibacterial/comazaphilone-e.yaml	VWYGBXGOGQHZHM-JBAXFHHXSA-N	ANTIBACTERIAL	c35e2b888fa1cbf8df34053bcb126e1dc59b3e06455e83c82af0384a44e869d7	0	0	2	2	0	RECORDED_NAME_QUERIES_TRAVERSED_NOT_PRIMARY_REVIEW	False	0	0	0	0			0	0	0			0		OPEN
CHEBI:70023	sophoraflavanone A	data/antibiotics/antibacterial/sophoraflavanone-a.yaml	GOAUTULGLLBZSR-YLLUOSTHSA-N	ANTIBACTERIAL	a656c70ba4f34cc89e62be87af01b412e6f5264b7f908ffe0744d1f1733f8114	0	0	3	2	0	RECORDED_NAME_QUERIES_TRAVERSED_NOT_PRIMARY_REVIEW	False	0	0	0	0			0	0	0			0		OPEN
CHEBI:7008	moxifloxacin hydrochloride	data/antibiotics/antibacterial/moxifloxacin-hydrochloride.yaml	IDIIJJHBXUESQI-DFIJPDEKSA-N	ANTIBACTERIAL	40d0bb6b19cf613b91958cb1b7517516eba1a03239dd946cb2d485c3e61c496b	0	0	6	3	0	RECORDED_NAME_QUERIES_TRAVERSED_NOT_PRIMARY_REVIEW	False	0	0	0	0			0	0	0			0		OPEN
CHEBI:70080	4-hydroxycordoin	data/antibiotics/antibacterial/4-hydroxycordoin.yaml	SFXYAAFUXNWNQF-BJMVGYQFSA-N	ANTIBACTERIAL	b778f626b48c678a7150907a97fc50d4b85a46b62292104784512c1c23392c3f	0	0	2	2	0	RECORDED_NAME_QUERIES_TRAVERSED_NOT_PRIMARY_REVIEW	False	0	0	0	0			0	0	0			0		OPEN
CHEBI:70143	robustaside E	data/antibiotics/antiprotozoal/robustaside-e.yaml	MJKRDLMPYUENAA-OANOARFOSA-N	ANTIPROTOZOAL	e8194e5ae801957e90a727eebcd0fa1d2c7cc5e8fa44eb1e619d4f5f2e2c740a	0	0	2	2	0	RECORDED_NAME_QUERIES_TRAVERSED_NOT_PRIMARY_REVIEW	False	0	0	0	0			0	0	0			0		OPEN
CHEBI:70144	robustaside F	data/antibiotics/antiprotozoal/robustaside-f.yaml	VZMAYTGBKKDAOI-KNPJAZBNSA-N	ANTIPROTOZOAL	75e98de2761efa63170d5e65c4ea686a0acd4f0c84585e28f0f376ad7cd2066c	0	0	2	2	0	RECORDED_NAME_QUERIES_TRAVERSED_NOT_PRIMARY_REVIEW	False	0	0	0	0			0	0	0			0		OPEN
CHEBI:70145	robustaside G	data/antibiotics/antiprotozoal/robustaside-g.yaml	DKNCSDJNWFKXEC-GEQWPRKQSA-N	ANTIPROTOZOAL	44887572a54a46279ad2b2176d6be7fb26ded4ad74e1f56315a6ede6f8e033a7	0	0	2	2	0	RECORDED_NAME_QUERIES_TRAVERSED_NOT_PRIMARY_REVIEW	False	0	0	0	0			0	0	0			0		OPEN
CHEBI:70146	robustaside D	data/antibiotics/antiprotozoal/robustaside-d.yaml	KQIQKULTIAJZKL-VHFDLOJPSA-N	ANTIPROTOZOAL	da13511333dc62d5cd71950e380afb4c2c5389b21e389f07c22c5fb43f231e10	0	0	2	2	0	RECORDED_NAME_QUERIES_TRAVERSED_NOT_PRIMARY_REVIEW	False	0	0	0	0			0	0	0			0		OPEN
CHEBI:70147	quercetin-7-O-[α-L-rhamnopyranosyl(1→6)-β-D-galactopyranoside]	data/antibiotics/antiprotozoal/quercetin-7-o-α-l-rhamnopyranosyl-16-β-d-galactopyranoside.yaml	IVTMALDHFAHOGL-GJRUVZIXSA-N	ANTIPROTOZOAL	62ab6ad85d3c8dbfe8f92ab514c945cf59955bef81a55f5badd8e339dac31eb1	0	0	2	2	0	RECORDED_NAME_QUERIES_TRAVERSED_NOT_PRIMARY_REVIEW	False	0	0	0	0			0	0	0			0		OPEN
CHEBI:70168	fellutanine	data/antibiotics/antibacterial/fellutanine.yaml	DNHODRZUCGXYKU-BGYRXZFFSA-N	ANTIBACTERIAL	8f8648c24a82d901dee27367f9086aa8e2a68466abaee278652536695387e2a9	0	0	5	2	0	RECORDED_NAME_QUERIES_TRAVERSED_NOT_PRIMARY_REVIEW	False	0	0	0	0			0	0	0			0		OPEN
CHEBI:7025	mupirocin	data/antibiotics/antibacterial/mupirocin.yaml	MINDHVHHQZYEEK-HBBNESRFSA-N	ANTIBACTERIAL	100721c12c942f6d975bda6a7c05186a295f8fe849cd18cf5c5d216001244997	4	0	9	3	1	RECORDED_NAME_QUERIES_TRAVERSED_NOT_PRIMARY_REVIEW	False	4	4	3	1	UniProtKB:A0A0H3EDP3|UniProtKB:H6WEN2|UniProtKB:P41368	NCBITaxon:1280|NCBITaxon:702459	0	0	0			0		OPEN
CHEBI:70401	(E)-1-(2,3-dihydro-1H-pyrrol-1-yl)-2-methyldec-8-ene-1,3-dione	data/antibiotics/antifungal/e-1-2-3-dihydro-1h-pyrrol-1-yl-2-methyldec-8-ene-1-3-dione.yaml	JGNMZTXDOHXIJQ-ONEGZZNKSA-N	ANTIFUNGAL	203e055370b0cb6a05c6994016b9d19dd2dd0c984f6ca8fefceebf88dc90e9d0	0	0	2	2	0	RECORDED_NAME_QUERIES_TRAVERSED_NOT_PRIMARY_REVIEW	False	0	0	0	0			0	0	0			0		OPEN
CHEBI:70402	1-(2,3-dihydro-1H-pyrrol-1-yl)-2-methyldecane-1,3-dione	data/antibiotics/antifungal/1-2-3-dihydro-1h-pyrrol-1-yl-2-methyldecane-1-3-dione.yaml	HMWIYUSLKIYYER-UHFFFAOYSA-N	ANTIFUNGAL	9547275bdeabb3f064c689b73bfa239d9e513541ef197b735f52ac266317cfcc	0	0	1	1	0	RECORDED_NAME_QUERIES_TRAVERSED_NOT_PRIMARY_REVIEW	False	0	0	0	0			0	0	0			0		OPEN
CHEBI:70482	(S)-1'-methylbutyl caffeate	data/antibiotics/antiprotozoal/s-1-methylbutyl-caffeate.yaml	AGXDVPULWUXVDT-PCGIRMHASA-N	ANTIPROTOZOAL	3454ec9aa1a78e5ec081e4c57699ddc7fca062c2245a77b73b82bd68eabb5ebb	0	0	2	2	0	RECORDED_NAME_QUERIES_TRAVERSED_NOT_PRIMARY_REVIEW	False	0	0	0	0			0	0	0			0		OPEN
CHEBI:70484	(S)-1'-methyloctyl caffeate	data/antibiotics/antiprotozoal/s-1-methyloctyl-caffeate.yaml	DEXGFPWDAXJBTA-WONIAPNHSA-N	ANTIPROTOZOAL	f4faf942069540a72ef4c8350b50d05932e311aef829dffa2b1f60e23f7dc484	0	0	2	2	0	RECORDED_NAME_QUERIES_TRAVERSED_NOT_PRIMARY_REVIEW	False	0	0	0	0			0	0	0			0		OPEN
CHEBI:70507	(−)-vincadifformine	data/antibiotics/antiprotozoal/vincadifformine.yaml	GIGFIWJRTMBSRP-ACRUOGEOSA-N	ANTIPROTOZOAL	cac9b3e3ade98c6d1d2495aef369551d19b44b27e36633ad1e52a7df7b3cb7fa	0	0	7	3	0	RECORDED_NAME_QUERIES_TRAVERSED_NOT_PRIMARY_REVIEW	False	0	0	0	0			0	0	0			0		OPEN
CHEBI:70508	(16R,19E)-isositsirikine	data/antibiotics/antifungal/16r-19e-isositsirikine.yaml	RGXKJLTVROJBKZ-LZNZQLKFSA-N	ANTIFUNGAL	b0ca84ba45f7feeb3aded8c01b2fdc43b4b0499aefdcc78ebe5528a1cf3216e6	0	0	7	3	0	RECORDED_NAME_QUERIES_TRAVERSED_NOT_PRIMARY_REVIEW	False	0	0	0	0			0	0	0			0		OPEN
CHEBI:70576	(+)-pisiferic acid	data/antibiotics/antibacterial/pisiferic-acid.yaml	ATHWSPHADLLZSS-PXNSSMCTSA-N	ANTIBACTERIAL	1c799e905dffeebadb3a3508d720f58d3c741fbfce10a04672b5f996a93d9f20	0	0	3	2	0	RECORDED_NAME_QUERIES_TRAVERSED_NOT_PRIMARY_REVIEW	False	0	0	0	0			0	0	0			0		OPEN
CHEBI:70649	liriodenine	data/antibiotics/antifungal/liriodenine.yaml	MUMCCPUVOAUBAN-UHFFFAOYSA-N	ANTIFUNGAL	7198fdaa369ee70cccb34aeaa699bfa8fced64751f5028a4913f0425466ca9a5	0	0	7	3	0	RECORDED_NAME_QUERIES_TRAVERSED_NOT_PRIMARY_REVIEW	False	0	0	0	0			0	0	0			0		OPEN
CHEBI:70651	oxonantenine	data/antibiotics/unspecified/oxonantenine.yaml	NFDVJYPMLVMXRR-UHFFFAOYSA-N	ANTIMICROBIAL_UNSPECIFIED	e6274236627a3f86fe8ca617e0346686a88c5575284d536fb53ca5dcef981af5	0	0	3	2	0	RECORDED_NAME_QUERIES_TRAVERSED_NOT_PRIMARY_REVIEW	False	0	0	0	0			0	0	0			0		OPEN
CHEBI:70652	7-hydroxy-5-methoxy-6,8-dimethylisoflavone	data/antibiotics/antiviral/7-hydroxy-5-methoxy-6-8-dimethylisoflavone.yaml	RJYIZTVVOPZJCP-UHFFFAOYSA-N	ANTIVIRAL	7fe77decabd0fc265412e0ac1269ba2f27e158ce6afac360c9c2ab2b513ef190	0	0	2	2	0	RECORDED_NAME_QUERIES_TRAVERSED_NOT_PRIMARY_REVIEW	False	0	0	0	0			0	0	0			0		OPEN
CHEBI:70653	(2S,3S)-3,5,7-trihydroxy-6,8-dimethylflavanone	data/antibiotics/antiviral/2s-3s-3-5-7-trihydroxy-6-8-dimethylflavanone.yaml	HDEMWSJTNCFIGR-WBVHZDCISA-N	ANTIVIRAL	8a325cdb4ff8abc6d5feade1ce19faa8dc7e3f796508e483e281cb51f3280b84	0	0	3	2	0	RECORDED_NAME_QUERIES_TRAVERSED_NOT_PRIMARY_REVIEW	False	0	0	0	0			0	0	0			0		OPEN
CHEBI:70654	(2S)-2,7-dihydroxy-5-methoxy-6,8-dimethylflavanone	data/antibiotics/antiviral/2s-2-7-dihydroxy-5-methoxy-6-8-dimethylflavanone.yaml	BIMVXOYXXZYVJF-SFHVURJKSA-N	ANTIVIRAL	a6074a632471edc84470b2a94205081906a632037ed0f505097a33aaf16a8b6e	0	0	2	2	0	RECORDED_NAME_QUERIES_TRAVERSED_NOT_PRIMARY_REVIEW	False	0	0	0	0			0	0	0			0		OPEN
CHEBI:70655	(E)-4,2',4'-trihydroxy-6'-methoxy-3',5'-dimethylchalcone	data/antibiotics/antiviral/e-4-2-4-trihydroxy-6-methoxy-3-5-dimethylchalcone.yaml	HTDSMOBGCNRBHQ-RMKNXTFCSA-N	ANTIVIRAL	f0dda571418e31ff9fd110d4349b9871e3909a98118d97245c1c39118957e658	0	0	2	2	0	RECORDED_NAME_QUERIES_TRAVERSED_NOT_PRIMARY_REVIEW	False	0	0	0	0			0	0	0			0		OPEN
CHEBI:70656	7-hydroxy-5-methoxy-6,8-dimethylflavone	data/antibiotics/antiviral/7-hydroxy-5-methoxy-6-8-dimethylflavone.yaml	NXIOJDXYHLKSSC-UHFFFAOYSA-N	ANTIVIRAL	5b9737d6d5d6c0353a92b2b55394d0d41a04ae37d3dd5d143819e8b08f80c7b2	0	0	2	2	0	RECORDED_NAME_QUERIES_TRAVERSED_NOT_PRIMARY_REVIEW	False	0	0	0	0			0	0	0			0		OPEN
CHEBI:70658	2',4'-dihydroxy-6'-methoxy-3',5'-dimethylchalcone	data/antibiotics/antiviral/2-4-dihydroxy-6-methoxy-3-5-dimethylchalcone.yaml	TZEQDSMFACWASC-MDZDMXLPSA-N	ANTIVIRAL	d4928e62f903bc65bd607d31647f8e52da66b30bf100c60182ef18a2465040fe	0	0	2	2	0	RECORDED_NAME_QUERIES_TRAVERSED_NOT_PRIMARY_REVIEW	False	0	0	0	0			0	0	0			0		OPEN
CHEBI:70659	2',4'-dihydroxy-3'-methyl-6'-methoxychalcone	data/antibiotics/antiviral/2-4-dihydroxy-3-methyl-6-methoxychalcone.yaml	JUZVHLGKYJTCKP-CMDGGOBGSA-N	ANTIVIRAL	0a9e94a486e4bd6c5b87714a93e6ba4520ada8beb8c14694d72b8060819e5999	0	0	3	2	0	RECORDED_NAME_QUERIES_TRAVERSED_NOT_PRIMARY_REVIEW	False	0	0	0	0			0	0	0			0		OPEN
CHEBI:70660	(2S)-6-formyl-8-methyl-7-O-methylpinocembrin	data/antibiotics/antiviral/2s-6-formyl-8-methyl-7-o-methylpinocembrin.yaml	HGTSZOYDQGUVER-AWEZNQCLSA-N	ANTIVIRAL	b8458b8c096964b9574c7f67431ed0c60390a7f0c8e6abf5adfccc965e2b7c10	0	0	2	2	0	RECORDED_NAME_QUERIES_TRAVERSED_NOT_PRIMARY_REVIEW	False	0	0	0	0			0	0	0			0		OPEN
CHEBI:70661	(2S)-8-formyl-5-hydroxy-7-methoxy-6-methylflavanone	data/antibiotics/antiviral/2s-8-formyl-5-hydroxy-7-methoxy-6-methylflavanone.yaml	QJQJKEWQUOORFC-AWEZNQCLSA-N	ANTIVIRAL	29b7645c1ba0f79b63ccd40f407ca41967887548a6636b47ad482ee405d3f276	0	0	2	2	0	RECORDED_NAME_QUERIES_TRAVERSED_NOT_PRIMARY_REVIEW	False	0	0	0	0			0	0	0			0		OPEN
CHEBI:70664	(2S)-5,7-dihydroxy-6,8-dimethylflavanone	data/antibiotics/antiviral/2s-5-7-dihydroxy-6-8-dimethylflavanone.yaml	HAIHGFWQOPJMPV-ZDUSSCGKSA-N	ANTIVIRAL	09f94ef37a2a401f5cfc3e7cefe3680ee458180609df7d536253c3d41be35b12	0	0	6	3	0	RECORDED_NAME_QUERIES_TRAVERSED_NOT_PRIMARY_REVIEW	False	0	0	0	0			0	0	0			0		OPEN
CHEBI:70714	ceftaroline fosamil acetate monohydrate	data/antibiotics/antibacterial/ceftaroline-fosamil-acetate-monohydrate.yaml	KRWPPVCZNGQQHZ-IINIBMQSSA-N	ANTIBACTERIAL	2cca302e8f83403d3f6f72e6f43577384647e9501ea7ca3e2ad634ff789ac064	0	0	5	2	0	RECORDED_NAME_QUERIES_TRAVERSED_NOT_PRIMARY_REVIEW	False	0	0	0	0			0	0	0			0		OPEN
CHEBI:70715	ceftaroline fosamil acetate	data/antibiotics/antibacterial/ceftaroline-fosamil-acetate.yaml	UGHHNQFYEVOFIV-VRDMTWHKSA-N	ANTIBACTERIAL	74f45074091e4addc5692995fe2be4aaa49dda7d424267881fdcad483ddbde2f	0	0	3	2	0	RECORDED_NAME_QUERIES_TRAVERSED_NOT_PRIMARY_REVIEW	False	0	0	0	0			0	0	0			0		OPEN
CHEBI:70718	ceftaroline fosamil	data/antibiotics/antibacterial/ceftaroline-fosamil.yaml	ZCCUWMICIWSJIX-NQJJCJBVSA-N	ANTIBACTERIAL	dcf3221d46d355e8d7408a6976a9a6a65b667f958ea4eeb40901dc6cf99a8a8c	0	0	5	2	0	RECORDED_NAME_QUERIES_TRAVERSED_NOT_PRIMARY_REVIEW	False	0	0	0	0			0	0	0			0		OPEN
CHEBI:70729	ceftaroline	data/antibiotics/antibacterial/ceftaroline.yaml	RGFBRLNVZCCMSV-BIRGHMBHSA-N	ANTIBACTERIAL	fdf89f4a5873e81ccf63ea08cd072ed8864fb94cb40acdd98f024fc56d4442c0	2	0	8	3	2	RECORDED_NAME_QUERIES_TRAVERSED_NOT_PRIMARY_REVIEW	False	2	2	1	1	UniProtKB:L7UL38	NCBITaxon:1280	0	0	0			0		OPEN
CHEBI:70816	pentalenolactone	data/antibiotics/unspecified/pentalenolactone.yaml	NUPNVWUYFVEAIT-UJJBCWTCSA-N	ANTIMICROBIAL_UNSPECIFIED	879528637230688b1bb3a2f7532e3d9d15bd5a46f31497b4e1207701a12fff7c	0	0	5	2	0	RECORDED_NAME_QUERIES_TRAVERSED_NOT_PRIMARY_REVIEW	False	0	0	0	0			0	0	0			0		OPEN
CHEBI:71019	omacetaxine mepesuccinate	data/antibiotics/antiviral/omacetaxine-mepesuccinate.yaml	HYFHYPWGAURHIV-JFIAXGOJSA-N	ANTIVIRAL	2e350da49c781ce585e3354189e0792656c0c856b2c18bec30b375ecf82bd1f7	0	0	9	3	0	RECORDED_NAME_QUERIES_TRAVERSED_NOT_PRIMARY_REVIEW	False	0	0	0	0			0	0	0			0		OPEN
CHEBI:71226	telavancin hydrochloride	data/antibiotics/antibacterial/telavancin-hydrochloride.yaml	GSSIWSIRBWAZHG-ACOPVEIWSA-N	ANTIBACTERIAL	b0c585e0f2cf647b8a99c64d2c7173c6e691e3443d3d223dec58e42a9cdfbd56	0	0	4	2	0	RECORDED_NAME_QUERIES_TRAVERSED_NOT_PRIMARY_REVIEW	False	0	0	0	0			0	0	0			0		OPEN
CHEBI:71229	telavancin	data/antibiotics/antibacterial/telavancin.yaml	ONUMZHGUFYIKPM-MXNFEBESSA-N	ANTIBACTERIAL	6a888f43912667c7cd402bdda8d461625fb09b2ec91d7277aac3ef3feb4f7010	0	0	5	2	0	RECORDED_NAME_QUERIES_TRAVERSED_NOT_PRIMARY_REVIEW	False	0	0	0	0			0	0	0			0		OPEN
CHEBI:71311	pyrazine-2-carboxylic acid	data/antibiotics/antimycobacterial/pyrazine-2-carboxylic-acid.yaml	NIPZZXUFJPQHNH-UHFFFAOYSA-N	ANTIMYCOBACTERIAL	1a396e49e43167fe7be9a5551b8d0022329301140febf7dc159937d65e4f3263	0	0	8	3	0	RECORDED_NAME_QUERIES_TRAVERSED_NOT_PRIMARY_REVIEW	False	0	0	0	0			0	0	0			0		OPEN
CHEBI:71415	nitrofurantoin	data/antibiotics/antibacterial/nitrofurantoin.yaml	NXFQHRVNIOXGAQ-YCRREMRBSA-N	ANTIBACTERIAL	64752a81e7f86c127e78d03a04bbab061dc42e8a535d4c841f34c3be2d61afa6	3	0	20	6	1	RECORDED_NAME_QUERIES_TRAVERSED_NOT_PRIMARY_REVIEW	False	3	3	0	3			0	0	0			0		OPEN
CHEBI:71416	phenazopyridine	data/antibiotics/antiviral/phenazopyridine.yaml	QPFYXYFORQJZEC-UHFFFAOYSA-N	ANTIVIRAL	8310ccd328bb56a075a52e20e8221357d64690f0fa4f9b021871975e4cc35789	0	0	8	3	0	RECORDED_NAME_QUERIES_TRAVERSED_NOT_PRIMARY_REVIEW	False	0	0	0	0			0	0	0			0		OPEN
CHEBI:71508	fluvirucin A1	data/antibiotics/antiviral/fluvirucin-a1.yaml	ZRJBXPCQRSLIKK-BDPAYSQHSA-N	ANTIVIRAL	1d4043310ed65b35db3e33b2162588b38c9ddd6fcf29d0b99d57c3e0edf49740	0	0	3	2	0	RECORDED_NAME_QUERIES_TRAVERSED_NOT_PRIMARY_REVIEW	False	0	0	0	0			0	0	0			0		OPEN
CHEBI:71520	paxanthonin	data/antibiotics/unspecified/paxanthonin.yaml	GYBUSKWANOPNPI-GXTWGEPZSA-N	ANTIMICROBIAL_UNSPECIFIED	c7cfa27f0450df27182bc143e4623a75a5fb631bf142a9a877c575a8c34b9a3e	0	0	2	2	0	RECORDED_NAME_QUERIES_TRAVERSED_NOT_PRIMARY_REVIEW	False	0	0	0	0			0	0	0			0		OPEN
CHEBI:71531	gypsogenic acid	data/antibiotics/antibacterial/gypsogenic-acid.yaml	PAIBKVQNJKUVCE-JUENUIDLSA-N	ANTIBACTERIAL	66fba9fa9a412b5e78a3a82546d03ec5d8d09314fe7da6f0147b58178cdb1227	0	0	4	2	0	RECORDED_NAME_QUERIES_TRAVERSED_NOT_PRIMARY_REVIEW	False	0	0	0	0			0	0	0			0		OPEN
CHEBI:71621	bacilysocin	data/antibiotics/antibacterial/bacilysocin.yaml	DIGHTWUQPWHBPG-UHFFFAOYSA-N	ANTIBACTERIAL	c6c929acb8bc2d50c2b97188b7835154250bc43ea737478b144103b3849e9f63	0	0	3	2	0	RECORDED_NAME_QUERIES_TRAVERSED_NOT_PRIMARY_REVIEW	False	0	0	0	0			0	0	0			0		OPEN
CHEBI:71623	bacillaene	data/antibiotics/antibacterial/bacillaene.yaml	KDQMRYTZELJKOB-MAHROAIDSA-N	ANTIBACTERIAL	cd15382f7f9c69f950c8ac7c486db4cca83f822a525000f76fd3c77fa0302b47	0	0	2	2	0	RECORDED_NAME_QUERIES_TRAVERSED_NOT_PRIMARY_REVIEW	False	0	0	0	0			0	0	0			0		OPEN
CHEBI:71629	nisin	data/antibiotics/antibacterial/nisin.yaml	NVNLLIYOARQCIX-IPGQQNLLSA-N	ANTIBACTERIAL	55df49f4c876ca49e1c98000221a9ccbea65b2a1b552e83fd3148f13be3c125d	0	0	6	3	1	RECORDED_NAME_QUERIES_TRAVERSED_NOT_PRIMARY_REVIEW	False	0	0	0	0			0	0	0			0		OPEN
CHEBI:71658	mersacidin	data/antibiotics/antibacterial/mersacidin.yaml	JSWKNDSDVHJUKY-CYGWNLPQSA-N	ANTIBACTERIAL	95fefeddb42a05805443b0068553c475c17928cc38d9e7fc517a935276ac849d	0	0	3	2	0	RECORDED_NAME_QUERIES_TRAVERSED_NOT_PRIMARY_REVIEW	False	0	0	0	0			0	0	0			0		OPEN
CHEBI:71659	epidermin	data/antibiotics/antibacterial/epidermin.yaml	CXTXHTVXPMOOSW-JUEJINBGSA-N	ANTIBACTERIAL	77304621867a2f20d51f7c5e504447ee7f6fd3d9b320e9d95514dff1a241e4c5	1	0	3	2	0	RECORDED_NAME_QUERIES_TRAVERSED_NOT_PRIMARY_REVIEW	True	0	0	0	0			0	0	0			0		OPEN
CHEBI:71948	tyrocidine B	data/antibiotics/antibacterial/tyrocidine-b.yaml	PUVWPDQSNYAMEH-UQHIYWQBSA-N	ANTIBACTERIAL	f21a3ab4d879b65b6dfeb45c4c1fec81e82702f410ac3f33a778c209c571922f	0	0	3	2	0	RECORDED_NAME_QUERIES_TRAVERSED_NOT_PRIMARY_REVIEW	False	0	0	0	0			0	0	0			0		OPEN
CHEBI:71949	tyrocidine C	data/antibiotics/antibacterial/tyrocidine-c.yaml	NJMWWUADORPGGY-AJOXBXEMSA-N	ANTIBACTERIAL	f78b71d04b803cc7e6025d2278b302b9bb6b3369d8d8902f1af1d7f19f770ce0	0	0	3	2	0	RECORDED_NAME_QUERIES_TRAVERSED_NOT_PRIMARY_REVIEW	False	0	0	0	0			0	0	0			0		OPEN
CHEBI:71950	tyrocidine D	data/antibiotics/antibacterial/tyrocidine-d.yaml	MSPVTUIBMQIOJP-ZFQMPNKVSA-N	ANTIBACTERIAL	ab5e9355f430d9099ec042316d05af0275d2276af4825233de91c972c079e77f	0	0	3	2	0	RECORDED_NAME_QUERIES_TRAVERSED_NOT_PRIMARY_REVIEW	False	0	0	0	0			0	0	0			0		OPEN
CHEBI:71961	lividomycin A	data/antibiotics/antimycobacterial/lividomycin-a.yaml	DBLVDAUGBTYDFR-SWMBIRFSSA-N	ANTIMYCOBACTERIAL	72211228879ac89178c92d48448b6dfcb331569365416d08e78309910915a23a	5	0	12	4	0	RECORDED_NAME_QUERIES_TRAVERSED_NOT_PRIMARY_REVIEW	False	5	5	4	1	UniProtKB:P0A3Y5|UniProtKB:P14509|UniProtKB:P29808|UniProtKB:Q79D67	NCBITaxon:1351|NCBITaxon:287|NCBITaxon:40049|NCBITaxon:562	0	0	0			0		OPEN
CHEBI:71962	lividomycin B	data/antibiotics/antimycobacterial/lividomycin-b.yaml	BRSBFYLXCMGALM-CDEWKRIDSA-N	ANTIMYCOBACTERIAL	2bed45c07dafb77422b8a1eb18604695424d4a461a14773a64ddd08afb64a616	0	0	4	2	0	RECORDED_NAME_QUERIES_TRAVERSED_NOT_PRIMARY_REVIEW	False	0	0	0	0			0	0	0			0		OPEN
CHEBI:71976	surfactin A	data/antibiotics/antibacterial/surfactin-a.yaml	PBEDWPIWZYHNPL-RHKAOURMSA-N	ANTIBACTERIAL	4716948fbfd365b033a7aee46c2606183816d0fb0af211f005eaffe2fae72991	0	0	2	2	1	RECORDED_NAME_QUERIES_TRAVERSED_NOT_PRIMARY_REVIEW	False	0	0	0	0			0	0	0			0		OPEN
CHEBI:71977	surfactin B	data/antibiotics/antibacterial/surfactin-b.yaml	DDULCZLFAKVKJB-JIXKVBNCSA-N	ANTIBACTERIAL	bc140a4c5a35b227204b07f41d2ae431fe0336d5fcac929ee7ccccab3c5d2560	0	0	2	2	0	RECORDED_NAME_QUERIES_TRAVERSED_NOT_PRIMARY_REVIEW	False	0	0	0	0			0	0	0			0		OPEN
CHEBI:71978	surfactin C	data/antibiotics/antibacterial/surfactin-c.yaml	NJGWOFRZMQRKHT-WGVNQGGSSA-N	ANTIBACTERIAL	95f7c0598504ceff367ad4b3ee69d2ba1828ab6807ba80d3403c3d615027316c	0	0	2	2	0	RECORDED_NAME_QUERIES_TRAVERSED_NOT_PRIMARY_REVIEW	False	0	0	0	0			0	0	0			0		OPEN
CHEBI:71979	surfactin D	data/antibiotics/antibacterial/surfactin-d.yaml	HPBKRTWLUQRMNA-PTYDTDROSA-N	ANTIBACTERIAL	f469f3cc975f31c661562fe466f389c4283bce88a642b34389a3d0afbcfecb48	0	0	2	2	0	RECORDED_NAME_QUERIES_TRAVERSED_NOT_PRIMARY_REVIEW	False	0	0	0	0			0	0	0			0		OPEN
CHEBI:71987	curamycin A	data/antibiotics/unspecified/curamycin-a.yaml	VVIAOPGTVSECTI-QPNFVAJLSA-N	ANTIMICROBIAL_UNSPECIFIED	fab8ef2e2453f8bb1c3a82a1f5d76c91a3acddca0124ba7e052ab4f0857ff1b8	0	0	4	2	0	RECORDED_NAME_QUERIES_TRAVERSED_NOT_PRIMARY_REVIEW	False	0	0	0	0			0	0	0			0		OPEN
CHEBI:72289	elvitegravir	data/antibiotics/antiviral/elvitegravir.yaml	JUZYLCPPVHEVSV-LJQANCHMSA-N	ANTIVIRAL	fc001ad119a1c8b276478f5cc398783558050e7c93afdde1b3632eeca9962288	0	34	6	3	2	RECORDED_NAME_QUERIES_TRAVERSED_NOT_PRIMARY_REVIEW	False	0	0	0	0			0	0	0			34	NCBITaxon:11676	OPEN
CHEBI:72292	bedaquiline	data/antibiotics/antimycobacterial/bedaquiline.yaml	QUIJNHUBAXPXFS-XLJNKUFUSA-N	ANTIMYCOBACTERIAL	47da49357205aecb2b9ebe386f43e6ae93a7eb40dee0599719826a36a195c702	4	0	12	4	2	RECORDED_NAME_QUERIES_TRAVERSED_NOT_PRIMARY_REVIEW	False	4	4	0	4			0	0	0			0		OPEN
CHEBI:72295	bedaquiline fumarate	data/antibiotics/antimycobacterial/bedaquiline-fumarate.yaml	ZLVSPMRFRHMMOY-WWCCMVHESA-N	ANTIMYCOBACTERIAL	b77dd98cf647e6da0915e55325a78961e94582b68bd6b029ee94ee67da013764	0	0	5	2	0	RECORDED_NAME_QUERIES_TRAVERSED_NOT_PRIMARY_REVIEW	False	0	0	0	0			0	0	0			0		OPEN
CHEBI:72341	O-(2-aminoethyl)-L-serine	data/antibiotics/unspecified/o-2-aminoethyl-l-serine.yaml	SLTGLTLBIVDQKE-BYPYZUCNSA-N	ANTIMICROBIAL_UNSPECIFIED	5f3beb2992b1e4848acb3ab4074f77a93b5e5d614b5284b16b4fcfac024b3b90	0	0	6	3	0	RECORDED_NAME_QUERIES_TRAVERSED_NOT_PRIMARY_REVIEW	False	0	0	0	0			0	0	0			0		OPEN
CHEBI:72346	roseoflavin	data/antibiotics/unspecified/roseoflavin.yaml	IGQLDUYTWDABFK-GUTXKFCHSA-N	ANTIMICROBIAL_UNSPECIFIED	b909a226e048e389fb89d920eb1762cbb2a7b5a7044753f1a11cdc0dad303eb9	0	0	4	2	0	RECORDED_NAME_QUERIES_TRAVERSED_NOT_PRIMARY_REVIEW	False	0	0	0	0			0	0	0			0		OPEN
CHEBI:72449	malachite green	data/antibiotics/antibacterial/malachite-green.yaml	FDZZZRQASAIRJF-UHFFFAOYSA-M	ANTIBACTERIAL	1104f8aa9ccb7ad6b12dc29de28f599cc7a12233f17360825929692bb7cf0458	0	0	13	4	0	RECORDED_NAME_QUERIES_TRAVERSED_NOT_PRIMARY_REVIEW	False	0	0	0	0			0	0	0			0		OPEN
CHEBI:72477	halistanol sulfonic acid F	data/antibiotics/antiviral/halistanol-sulfonic-acid-f.yaml	XUMJIMYIZJLITA-TZVJEUQOSA-N	ANTIVIRAL	0e2a5ead5591b28133b3bb7226520f36a48c59d4bace7b5df5bc0a62511fad04	0	0	1	1	0	RECORDED_NAME_QUERIES_TRAVERSED_NOT_PRIMARY_REVIEW	False	0	0	0	0			0	0	0			0		OPEN
CHEBI:72479	halistanol sulfonic acid G	data/antibiotics/antiviral/halistanol-sulfonic-acid-g.yaml	WBHAMVHLRVKJRH-VZAWWNCJSA-N	ANTIVIRAL	c900fbf5339e99af769163ee997e40152203c7d8d285353c34c5c8e2c2d05c22	0	0	2	2	0	RECORDED_NAME_QUERIES_TRAVERSED_NOT_PRIMARY_REVIEW	False	0	0	0	0			0	0	0			0		OPEN
CHEBI:72481	6-bromoharmine	data/antibiotics/antiviral/6-bromoharmine.yaml	YRYJSDPQWKIQRL-UHFFFAOYSA-N	ANTIVIRAL	d7d129b5b1245e75fb9687f1e4c6e2045203f4ada8c0cc67fbc273d86e510a27	0	0	2	2	0	RECORDED_NAME_QUERIES_TRAVERSED_NOT_PRIMARY_REVIEW	False	0	0	0	0			0	0	0			0		OPEN
CHEBI:72590	rhizoxin	data/antibiotics/unspecified/rhizoxin.yaml	OWPCHSCAPHNHAV-QIPOKPRISA-N	ANTIMICROBIAL_UNSPECIFIED	f726a23e6f8eb6d57a4b1a07cc0aeba11776abf33e6029ee2c57e53ce79030d4	0	0	4	2	0	RECORDED_NAME_QUERIES_TRAVERSED_NOT_PRIMARY_REVIEW	False	0	0	0	0			0	0	0			0		OPEN
CHEBI:72611	papulacandin A	data/antibiotics/antifungal/papulacandin-a.yaml	DPVWBQZOSHCQTG-NVTMJBNDSA-N	ANTIFUNGAL	1d1e5a92498149d47a42527f1169594338423932e1c2738cb634c725febbb667	0	0	4	2	0	RECORDED_NAME_QUERIES_TRAVERSED_NOT_PRIMARY_REVIEW	False	0	0	0	0			0	0	0			0		OPEN
CHEBI:72622	papulacandin C	data/antibiotics/antifungal/papulacandin-c.yaml	UJLFRJFJTPPIOK-JPWNLYTBSA-N	ANTIFUNGAL	16043ddd4a46d617c957ea51362dccb5e10fbb5ecf13fccbeca356057bec1ffb	0	0	3	2	0	RECORDED_NAME_QUERIES_TRAVERSED_NOT_PRIMARY_REVIEW	False	0	0	0	0			0	0	0			0		OPEN
CHEBI:72630	papulacandin D	data/antibiotics/antifungal/papulacandin-d.yaml	XKSZJTQIZHUMGA-HPZFVNCBSA-N	ANTIFUNGAL	c0ea8cbc905dd2afd18ad143f9eb7c95a17cc87a23d1d6718ee0ccf531711b6b	1	0	5	2	0	RECORDED_NAME_QUERIES_TRAVERSED_NOT_PRIMARY_REVIEW	True	0	0	0	0			0	0	0			0		OPEN
CHEBI:72664	(+)-phytocassane A	data/antibiotics/antifungal/phytocassane-a.yaml	XVEOIKIXOSKAFL-BJASISCMSA-N	ANTIFUNGAL	559e4c21dfcfdf1464029269b5c01f869c43cfe9b5db6911eefc642cbd7fc4ab	0	0	6	3	0	RECORDED_NAME_QUERIES_TRAVERSED_NOT_PRIMARY_REVIEW	False	0	0	0	0			0	0	0			0		OPEN
CHEBI:72666	(+)-phytocassane B	data/antibiotics/antifungal/phytocassane-b.yaml	XFRCVLKGZMPUFQ-SUIMNPQMSA-N	ANTIFUNGAL	505958d02f54fc9934db8e9b96d912156cd63b86601ab8fdea4f6da267f5b485	0	0	6	3	0	RECORDED_NAME_QUERIES_TRAVERSED_NOT_PRIMARY_REVIEW	False	0	0	0	0			0	0	0			0		OPEN
CHEBI:72668	(+)-phytocassane C	data/antibiotics/antifungal/phytocassane-c.yaml	YQESGDRIAQDEQE-ONNBHGNJSA-N	ANTIFUNGAL	6f6ca01d6811789613a68e805d636e5a945992151cd20c06334ef199d7b3658c	0	0	6	3	0	RECORDED_NAME_QUERIES_TRAVERSED_NOT_PRIMARY_REVIEW	False	0	0	0	0			0	0	0			0		OPEN
CHEBI:72669	(+)-phytocassane D	data/antibiotics/antifungal/phytocassane-d.yaml	DGUIKAVSMBLZCL-MKSLXUROSA-N	ANTIFUNGAL	7050f5f1c1523d9dd463b01fffb3d24711d0c4344074ca8ac1089824365d2ae1	0	0	6	3	0	RECORDED_NAME_QUERIES_TRAVERSED_NOT_PRIMARY_REVIEW	False	0	0	0	0			0	0	0			0		OPEN
CHEBI:72675	(+)-phytocassane E	data/antibiotics/antifungal/phytocassane-e.yaml	MMRGGLJWHXYKLZ-NEYRYYQWSA-N	ANTIFUNGAL	e44131034245e6ebef84cddbad05ea18b6a0962b88aa8e2a0d8e7ca3d5d4a6e3	0	0	7	3	0	RECORDED_NAME_QUERIES_TRAVERSED_NOT_PRIMARY_REVIEW	False	0	0	0	0			0	0	0			0		OPEN
CHEBI:72687	bacilysin	data/antibiotics/unspecified/bacilysin.yaml	XFOUAXMJRHNTOP-PFQXTLEHSA-N	ANTIMICROBIAL_UNSPECIFIED	cbcfda66b7ec629e1140d7d4c61604161b62d83ce5e96452bc580159a8a140fa	0	0	5	2	0	RECORDED_NAME_QUERIES_TRAVERSED_NOT_PRIMARY_REVIEW	False	0	0	0	0			0	0	0			0		OPEN
CHEBI:72769	2'-oxokanamycin	data/antibiotics/unspecified/2-oxokanamycin.yaml	FQALWUBUOWECTR-WSWRBCCJSA-N	ANTIMICROBIAL_UNSPECIFIED	c3075e88d6e7358c86826216cde03dee90b10bfa602c6737c7919119aa18a3f7	0	0	4	2	0	RECORDED_NAME_QUERIES_TRAVERSED_NOT_PRIMARY_REVIEW	False	0	0	0	0			0	0	0			0		OPEN
CHEBI:72792	lamellarin α 20-hydrogen sulfate	data/antibiotics/antiviral/lamellarin-α-20-hydrogen-sulfate.yaml	JMOHRMCZYHDLSW-UHFFFAOYSA-N	ANTIVIRAL	f245c0dad360bdbc6d92e7394646bb4c4730498fea29247a9edec4345840470b	0	0	2	2	0	RECORDED_NAME_QUERIES_TRAVERSED_NOT_PRIMARY_REVIEW	False	0	0	0	0			0	0	0			0		OPEN
CHEBI:72797	kanamycin X	data/antibiotics/unspecified/kanamycin-x.yaml	OHNBRQGGOHMIAP-NOAMYHISSA-N	ANTIMICROBIAL_UNSPECIFIED	a22b965e20c2d572fa5ff7ddb1bc67c1407a407107076ed614ca2417a63d0866	0	0	3	2	0	RECORDED_NAME_QUERIES_TRAVERSED_NOT_PRIMARY_REVIEW	False	0	0	0	0			0	0	0			0		OPEN
CHEBI:72990	3''-deamino-3''-hydroxykanamycin B	data/antibiotics/unspecified/3-deamino-3-hydroxykanamycin-b.yaml	MOWMHIINUAQFMU-DNBVWFFRSA-N	ANTIMICROBIAL_UNSPECIFIED	a806c4fc30524f9225f89f724f5846f973380d3a41a870ebf52e13d39e2cdfde	0	0	5	2	0	RECORDED_NAME_QUERIES_TRAVERSED_NOT_PRIMARY_REVIEW	False	0	0	0	0			0	0	0			0		OPEN
CHEBI:72992	3''-deamino-3''-hydroxykanamycin X	data/antibiotics/unspecified/3-deamino-3-hydroxykanamycin-x.yaml	LSQKHXZMWRRDRU-GUKOCFKPSA-N	ANTIMICROBIAL_UNSPECIFIED	95d852050c4ec40f2520cd426bb308acd41e830c30eaec1298d7e57e06512c5d	0	0	2	2	0	RECORDED_NAME_QUERIES_TRAVERSED_NOT_PRIMARY_REVIEW	False	0	0	0	0			0	0	0			0		OPEN
CHEBI:73058	madecassic acid	data/antibiotics/antibacterial/madecassic-acid.yaml	PRAUVHZJPXOEIF-AOLYGAPISA-N	ANTIBACTERIAL	88367388a7f7d5cfa017ec0bceab5338f6cd624f0ac9eec527c49ed91610eb8e	0	0	4	2	0	RECORDED_NAME_QUERIES_TRAVERSED_NOT_PRIMARY_REVIEW	False	0	0	0	0			0	0	0			0		OPEN
CHEBI:73078	3''-deamino-3''-hydroxykanamycin C	data/antibiotics/unspecified/3-deamino-3-hydroxykanamycin-c.yaml	UPPJKCYSMDGLRE-DNBVWFFRSA-N	ANTIMICROBIAL_UNSPECIFIED	d631637202c86e25b18af1038a3186aae0db11a56e6cfc95b8f7e7900b6348a2	0	0	2	2	0	RECORDED_NAME_QUERIES_TRAVERSED_NOT_PRIMARY_REVIEW	False	0	0	0	0			0	0	0			0		OPEN
CHEBI:73079	kanamycin D	data/antibiotics/unspecified/kanamycin-d.yaml	NZCOZAMBHLSNDW-HNDNCJINSA-N	ANTIMICROBIAL_UNSPECIFIED	0ac0930cc696691edc017c37200464b9551116207db2ea6bb8b09168e12d6772	0	0	3	2	0	RECORDED_NAME_QUERIES_TRAVERSED_NOT_PRIMARY_REVIEW	False	0	0	0	0			0	0	0			0		OPEN
CHEBI:73086	protobassic acid	data/antibiotics/antifungal/protobassic-acid.yaml	IDQVFXZQPGAVAM-YPRSBIJBSA-N	ANTIFUNGAL	3c187b76f3658229df74c083b54ab217162ee08e756136aa168d4bb69a13c0cb	0	0	2	2	0	RECORDED_NAME_QUERIES_TRAVERSED_NOT_PRIMARY_REVIEW	False	0	0	0	0			0	0	0			0		OPEN
CHEBI:73107	maprounic acid	data/antibiotics/antiviral/maprounic-acid.yaml	BHHPRAFMEFGOLZ-QVUWEPBXSA-N	ANTIVIRAL	491defc2ca736ad86a569330538d28562dfc6d186090c3d11c9edc9a08b77511	0	0	3	2	0	RECORDED_NAME_QUERIES_TRAVERSED_NOT_PRIMARY_REVIEW	False	0	0	0	0			0	0	0			0		OPEN
CHEBI:73128	horminone	data/antibiotics/antibacterial/horminone.yaml	YVSUCPNWDPTGKM-JGRMJRGVSA-N	ANTIBACTERIAL	7ac8f77f202da4569205e01adc26be970ef0f558434b4b6e8cefb74c7eb67690	0	0	3	2	0	RECORDED_NAME_QUERIES_TRAVERSED_NOT_PRIMARY_REVIEW	False	0	0	0	0			0	0	0			0		OPEN
CHEBI:73139	oseltamivir acid	data/antibiotics/antiviral/oseltamivir-acid.yaml	NENPYTRHICXVCS-YNEHKIRRSA-N	ANTIVIRAL	6ce63dae550c09fed746715f8e27d2387ca5c6db44194fca9481bd526f3a86a8	0	0	5	2	0	RECORDED_NAME_QUERIES_TRAVERSED_NOT_PRIMARY_REVIEW	False	0	0	0	0			0	0	0			0		OPEN
CHEBI:73167	concanamycin A	data/antibiotics/antifungal/concanamycin-a.yaml	DJZCTUVALDDONK-HQMSUKCRSA-N	ANTIFUNGAL	7c5504432734e8e438328d88f00733eb9d8010294051355da360cbc77f454954	0	0	3	2	0	RECORDED_NAME_QUERIES_TRAVERSED_NOT_PRIMARY_REVIEW	False	0	0	0	0			0	0	0			0		OPEN
CHEBI:73178	acibenzolar-S-methyl	data/antibiotics/antifungal/acibenzolar-s-methyl.yaml	UELITFHSCLAHKR-UHFFFAOYSA-N	ANTIFUNGAL	0b657cf357c47a36dacef6070c5ed016be5f6cd40518cfe01ab227051d5ed135	0	0	8	3	1	RECORDED_NAME_QUERIES_TRAVERSED_NOT_PRIMARY_REVIEW	False	0	0	0	0			0	0	0			0		OPEN
CHEBI:73185	acibenzolar	data/antibiotics/antifungal/acibenzolar.yaml	CGIHPACLZJDCBQ-UHFFFAOYSA-N	ANTIFUNGAL	401c7c13a1158aeb8255526d6a4a5456f60e07ea79b41da365f5d0bb12ae85b9	0	0	3	2	0	RECORDED_NAME_QUERIES_TRAVERSED_NOT_PRIMARY_REVIEW	False	0	0	0	0			0	0	0			0		OPEN
CHEBI:73187	6β-[(p-hydroxybenzylidene)amino]penicillanic acid	data/antibiotics/unspecified/6β-p-hydroxybenzylidene-amino-penicillanic-acid.yaml	MCTUMEOQLDXESY-NTZNESFSSA-N	ANTIMICROBIAL_UNSPECIFIED	5961863fa273b6dfb8d6c82828088f6dbd034e054a6802f6098b3a406449fc1a	0	0	6	3	0	RECORDED_NAME_QUERIES_TRAVERSED_NOT_PRIMARY_REVIEW	False	0	0	0	0			0	0	0			0		OPEN
CHEBI:73188	6β-({5-[(p-aminophenyl)imino]pentylidene}amino)penicillanic acid	data/antibiotics/unspecified/6β-5-p-aminophenyl-imino-pentylidene-amino-penicillanic-acid.yaml	BHEVULAQHTXCQV-HLLBOEOZSA-N	ANTIMICROBIAL_UNSPECIFIED	dc3344070c66a3689498be6773e33f10af078a08a205136b3f24324995f933b2	0	0	6	3	0	RECORDED_NAME_QUERIES_TRAVERSED_NOT_PRIMARY_REVIEW	False	0	0	0	0			0	0	0			0		OPEN
CHEBI:73224	allyl isothiocyanate	data/antibiotics/unspecified/allyl-isothiocyanate.yaml	ZOJBYZNEUISWFT-UHFFFAOYSA-N	ANTIMICROBIAL_UNSPECIFIED	e7987a5520bfbc9267c398be6e6ec97f5ef2c07711f8fab340ae0c4552bdc352	0	0	16	5	1	RECORDED_NAME_QUERIES_TRAVERSED_NOT_PRIMARY_REVIEW	False	0	0	0	0			0	0	0			0		OPEN
CHEBI:73481	asukamycin	data/antibiotics/antibacterial/asukamycin.yaml	SSHVAUUEPNULMP-JHWDTTIQSA-N	ANTIBACTERIAL	9b1fec6c876b2691fa3c2dca915d2ffbc35bce3c50ee570dbe074ce2b0c300a1	0	0	5	2	0	RECORDED_NAME_QUERIES_TRAVERSED_NOT_PRIMARY_REVIEW	False	0	0	0	0			0	0	0			0		OPEN
CHEBI:73683	6''-O-carbamoylkanamycin A	data/antibiotics/unspecified/6-o-carbamoylkanamycin-a.yaml	PRWQRPNQDIKFBR-NOAMYHISSA-N	ANTIMICROBIAL_UNSPECIFIED	14ffe5b24fd54ecaebf45be8bb6aeeb3c1cb6095d15c7acd09f1eb8869c2c32a	0	0	2	2	0	RECORDED_NAME_QUERIES_TRAVERSED_NOT_PRIMARY_REVIEW	False	0	0	0	0			0	0	0			0		OPEN
CHEBI:73686	nebramycin 5'	data/antibiotics/unspecified/nebramycin-5.yaml	YPPFEJHOHNPKLT-PBSUHMDJSA-N	ANTIMICROBIAL_UNSPECIFIED	b02a2c27ca4b9d858557ba901116626125661195695e4bc040173a6286c25413	0	0	5	2	0	RECORDED_NAME_QUERIES_TRAVERSED_NOT_PRIMARY_REVIEW	False	0	0	0	0			0	0	0			0		OPEN
CHEBI:73708	(9S)-erythromycyclamine	data/antibiotics/unspecified/9s-erythromycyclamine.yaml	XCLJRCAJSCMIND-JCTYMORFSA-N	ANTIMICROBIAL_UNSPECIFIED	8452e09b445f2b8cfdf55a376cc08c26890782f01fd99d4d509020bad29e6acd	0	0	5	2	0	RECORDED_NAME_QUERIES_TRAVERSED_NOT_PRIMARY_REVIEW	False	0	0	0	0			0	0	0			0		OPEN
CHEBI:73908	2,4-diamino-6,7-diisopropylpteridine	data/antibiotics/antibacterial/2-4-diamino-6-7-diisopropylpteridine.yaml	LIVXWXAMTVJGCO-UHFFFAOYSA-N	ANTIBACTERIAL	99ff459c30ccceeff78dc0adba89a57cba45630012af292decf09642268f9575	0	0	15	5	0	RECORDED_NAME_QUERIES_TRAVERSED_NOT_PRIMARY_REVIEW	False	0	0	0	0			0	0	0			0		OPEN
CHEBI:74023	dioscin	data/antibiotics/antifungal/dioscin.yaml	VNONINPVFQTJOC-ZGXDEBHDSA-N	ANTIFUNGAL	1e616502c8989f4792be667a99e2fe3d6e9417f614d56ddd73cf50ada3a547b1	0	0	7	3	0	RECORDED_NAME_QUERIES_TRAVERSED_NOT_PRIMARY_REVIEW	False	0	0	0	0			0	0	0			0		OPEN
CHEBI:74351	aclacinomycin T	data/antibiotics/unspecified/aclacinomycin-t.yaml	LJZPVWKMAYDYAS-QKKPTTNWSA-N	ANTIMICROBIAL_UNSPECIFIED	c87263816c61926fc740af80002bded399b0c58b75d82df99674e21603baf7ac	0	0	11	4	0	RECORDED_NAME_QUERIES_TRAVERSED_NOT_PRIMARY_REVIEW	False	0	0	0	0			0	0	0			0		OPEN
CHEBI:74460	5-chloro-7-iodoquinolin-8-ol	data/antibiotics/antibacterial/5-chloro-7-iodoquinolin-8-ol.yaml	QCDFBFJGMNKBDO-UHFFFAOYSA-N	ANTIBACTERIAL	18887f77a26548822defcee1cc7c5662ac5b330a4f76fa645be4adb7cf2a4a2b	0	0	13	4	0	RECORDED_NAME_QUERIES_TRAVERSED_NOT_PRIMARY_REVIEW	False	0	0	0	0			0	0	0			0		OPEN
CHEBI:7447	nafcillin	data/antibiotics/antibacterial/nafcillin.yaml	GPXLMGHLHQJAGZ-JTDSTZFVSA-N	ANTIBACTERIAL	e87126b0cf01560be7b58035c655553dda3b60d39fb5d54fbdb048ac2fde8465	2	0	13	4	0	RECORDED_NAME_QUERIES_TRAVERSED_NOT_PRIMARY_REVIEW	False	2	2	0	2			0	0	0			0		OPEN
CHEBI:74500	chlorquinaldol	data/antibiotics/antibacterial/chlorquinaldol.yaml	GPTXWRGISTZRIO-UHFFFAOYSA-N	ANTIBACTERIAL	474c100872c6b87216b8c5a24db87a3a5649578bd440db7ecfe9ef30649dc59b	0	0	10	4	0	RECORDED_NAME_QUERIES_TRAVERSED_NOT_PRIMARY_REVIEW	False	0	0	0	0			0	0	0			0		OPEN
CHEBI:7451	naftifine	data/antibiotics/antifungal/naftifine.yaml	OZGNYLLQHRPOBR-DHZHZOJOSA-N	ANTIFUNGAL	c1e64079bf925589c6ad44b7e1c073f6465b7591863446cbdd1900226da148d0	0	0	7	3	0	RECORDED_NAME_QUERIES_TRAVERSED_NOT_PRIMARY_REVIEW	False	0	0	0	0			0	0	0			0		OPEN
CHEBI:74526	sec-butylamine	data/antibiotics/antifungal/sec-butylamine.yaml	BHRZNVHARXXAHW-UHFFFAOYSA-N	ANTIFUNGAL	9df3aadcc435004533f5d0df35e717f64265aba04d9be1bfd38509750c1b5f10	0	0	10	4	0	RECORDED_NAME_QUERIES_TRAVERSED_NOT_PRIMARY_REVIEW	False	0	0	0	0			0	0	0			0		OPEN
CHEBI:74545	acivicin	data/antibiotics/antiprotozoal/acivicin.yaml	QAWIHIJWNYOLBE-OKKQSCSOSA-N	ANTIPROTOZOAL	94f913821370cdb91987aeed13d8507cd2cb5acb8e51a08cfc103c6b447fcc2d	0	0	14	5	1	RECORDED_NAME_QUERIES_TRAVERSED_NOT_PRIMARY_REVIEW	False	0	0	0	0			0	0	0			0		OPEN
CHEBI:74619	aclacinomycin A	data/antibiotics/unspecified/aclacinomycin-a.yaml	USZYSDMBJDPRIF-SVEJIMAYSA-N	ANTIMICROBIAL_UNSPECIFIED	e51226c28663c564cd39b1261253ba14340b910ae6058988721f275bb51bff3b	0	0	7	3	0	RECORDED_NAME_QUERIES_TRAVERSED_NOT_PRIMARY_REVIEW	False	0	0	0	0			0	0	0			0		OPEN
CHEBI:74718	3,6-diaminoacridine monohydrochloride	data/antibiotics/antibacterial/3-6-diaminoacridine-monohydrochloride.yaml	PBBGTVBGXBUVLT-UHFFFAOYSA-N	ANTIBACTERIAL	d280203f929f4279fb70befcfa64ebe9358255106d3ba33623359d1fb828ab4b	0	0	9	3	0	RECORDED_NAME_QUERIES_TRAVERSED_NOT_PRIMARY_REVIEW	False	0	0	0	0			0	0	0			0		OPEN
CHEBI:74723	3,6-diaminoacridine dihydrochloride	data/antibiotics/antibacterial/3-6-diaminoacridine-dihydrochloride.yaml	YHIHFKAEJAVELI-UHFFFAOYSA-N	ANTIBACTERIAL	ef5e85075769edcc0102d1e3dfe3a7574b4e2841d27051a089d5b6b9c1f1fc87	0	0	6	3	0	RECORDED_NAME_QUERIES_TRAVERSED_NOT_PRIMARY_REVIEW	False	0	0	0	0			0	0	0			0		OPEN
CHEBI:74727	3,6-diamino-10-methylacridinium chloride.HCl	data/antibiotics/antibacterial/3-6-diamino-10-methylacridinium-chloride-hcl.yaml	OEGQPXPIKZELFM-UHFFFAOYSA-N	ANTIBACTERIAL	847a6710880406e83f7364159f658a88acf35f44d00e07860fe0cd1f69287826	0	0	7	3	0	RECORDED_NAME_QUERIES_TRAVERSED_NOT_PRIMARY_REVIEW	False	0	0	0	0			0	0	0			0		OPEN
CHEBI:74758	aclacinomycin T hydrochloride	data/antibiotics/unspecified/aclacinomycin-t-hydrochloride.yaml	KTSRCTOUNGGQEI-RHYYRQJGSA-N	ANTIMICROBIAL_UNSPECIFIED	33112b0a8580626236689e3d48191eea514dca16389a0abe36353074a5aa0144	0	0	16	5	0	RECORDED_NAME_QUERIES_TRAVERSED_NOT_PRIMARY_REVIEW	False	0	0	0	0			0	0	0			0		OPEN
CHEBI:74803	furaltadone	data/antibiotics/antibacterial/furaltadone.yaml	YVQVOQKFMFRVGR-UHFFFAOYSA-N	ANTIBACTERIAL	d4e17f0966b29b0385bf98d2afbf694803ce175e422a5fd48bb509c85afc5723	0	0	7	3	0	RECORDED_NAME_QUERIES_TRAVERSED_NOT_PRIMARY_REVIEW	False	0	0	0	0			0	0	0			0		OPEN
CHEBI:74846	azaserine	data/antibiotics/antifungal/azaserine.yaml	MZZGOOYMKKIOOX-VKHMYHEASA-N	ANTIFUNGAL	1e902d119941247bdd25b57c9f0045685cb40bf58857f45236bbf3eeff7a2b97	0	0	10	4	0	RECORDED_NAME_QUERIES_TRAVERSED_NOT_PRIMARY_REVIEW	False	0	0	0	0			0	0	0			0		OPEN
CHEBI:74875	dichlofluanid	data/antibiotics/antifungal/dichlofluanid.yaml	WURGXGVFSMYFCG-UHFFFAOYSA-N	ANTIFUNGAL	0220c93c3d7f6a5f6e36bae533ba678d15208cbfaca89b4a584dcbb9de2d62d2	0	0	11	4	0	RECORDED_NAME_QUERIES_TRAVERSED_NOT_PRIMARY_REVIEW	False	0	0	0	0			0	0	0			0		OPEN
CHEBI:7488	natamycin	data/antibiotics/antifungal/natamycin.yaml	NCXMLFZGDNKEPB-FFPOYIOWSA-N	ANTIFUNGAL	b5bf855075cf4a8675a8b359b4c62ef1415cfd05bcb731e4be7916c976cb2c2a	0	0	26	8	0	RECORDED_NAME_QUERIES_TRAVERSED_NOT_PRIMARY_REVIEW	False	0	0	0	0			0	0	0			0		OPEN
CHEBI:74880	1-dodecylguanidine	data/antibiotics/antibacterial/1-dodecylguanidine.yaml	HILAYQUKKYWPJW-UHFFFAOYSA-N	ANTIBACTERIAL	fbfb04047c3c297b6c7c6b32d2a2ffd02dc4e26fb2f854daf398f41ccbe279d3	0	0	6	3	0	RECORDED_NAME_QUERIES_TRAVERSED_NOT_PRIMARY_REVIEW	False	0	0	0	0			0	0	0			0		OPEN
CHEBI:74889	1-dodecylguanidine acetate	data/antibiotics/antibacterial/1-dodecylguanidine-acetate.yaml	YIKWKLYQRFRGPM-UHFFFAOYSA-N	ANTIBACTERIAL	ee34c895ea04fa9e16ac979e2a6770e87f9d32df7f314f21d52304130b8505fc	0	0	15	5	0	RECORDED_NAME_QUERIES_TRAVERSED_NOT_PRIMARY_REVIEW	False	0	0	0	0			0	0	0			0		OPEN
CHEBI:7489	neamine	data/antibiotics/antibacterial/neamine.yaml	SYJXFKPQNSDJLI-HKEUSBCWSA-N	ANTIBACTERIAL	fcb44f21fa0a36f83353985cee358ad717ea3f047bbca77105e9e9b5e372cc06	0	0	6	3	1	RECORDED_NAME_QUERIES_TRAVERSED_NOT_PRIMARY_REVIEW	False	0	0	0	0			0	0	0			0		OPEN
CHEBI:74926	patulin	data/antibiotics/unspecified/patulin.yaml	ZRWPUFFVAOMMNM-UHFFFAOYSA-N	ANTIMICROBIAL_UNSPECIFIED	62e385ef4b1288f60db377bb463f360ae6b9b5316e601b85b07e3dab95148c01	0	0	15	5	1	RECORDED_NAME_QUERIES_TRAVERSED_NOT_PRIMARY_REVIEW	False	0	0	0	0			0	0	0			0		OPEN
CHEBI:7496	nelfinavir	data/antibiotics/antiviral/nelfinavir.yaml	QAGYKUNXZHXKMR-HKWSIXNMSA-N	ANTIVIRAL	212dad58ce7c6448509b72827db513c375739da1c4b48bc416c8f063c447f1f8	0	44	2	2	1	RECORDED_NAME_QUERIES_TRAVERSED_NOT_PRIMARY_REVIEW	False	0	0	0	0			0	0	0			44	NCBITaxon:11676	OPEN
CHEBI:7497	nelfinavir mesylate	data/antibiotics/antiviral/nelfinavir-mesylate.yaml	NQHXCOAXSHGTIA-SKXNDZRYSA-N	ANTIVIRAL	b9288f9f59f963ed72a50a44a2e637e24bea3b549820b8f8404c1bea9b775ed7	0	0	5	2	0	RECORDED_NAME_QUERIES_TRAVERSED_NOT_PRIMARY_REVIEW	False	0	0	0	0			0	0	0			0		OPEN
CHEBI:75045	dabrafenib	data/antibiotics/antiviral/dabrafenib.yaml	BFSMGDJOXZAERB-UHFFFAOYSA-N	ANTIVIRAL	51390fd756555a7aa65ed3af818026b1144c0e50fe2233832941f24dbb35a6fc	0	0	2	2	1	RECORDED_NAME_QUERIES_TRAVERSED_NOT_PRIMARY_REVIEW	False	0	0	0	0			0	0	0			0		OPEN
CHEBI:75046	phleomycin D1	data/antibiotics/antibacterial/phleomycin-d1.yaml	CWCMIVBLVUHDHK-ZSNHEYEWSA-N	ANTIBACTERIAL	5d7bb7bcdb8eee0e758697939e5b20ba36246a3b188a736267d086efd719df65	0	0	1	1	0	RECORDED_NAME_QUERIES_TRAVERSED_NOT_PRIMARY_REVIEW	False	0	0	0	0			0	0	0			0		OPEN
CHEBI:7508	framycetin	data/antibiotics/antibacterial/framycetin.yaml	PGBHMTALBVVCIT-VCIWKGPPSA-N	ANTIBACTERIAL	91daf6ad3d0921befa88fabaa8c0fa2e078059b8778d176e637a159a68f2b0ac	29	0	16	5	1	RECORDED_NAME_QUERIES_TRAVERSED_NOT_PRIMARY_REVIEW	False	29	29	21	8	UniProtKB:A0A7W2KDZ3|UniProtKB:A0AA44XLZ4|UniProtKB:A8C927|UniProtKB:E5LCR3|UniProtKB:P00552|UniProtKB:P00553|UniProtKB:P00555|UniProtKB:P09885|UniProtKB:P0A3Y5|UniProtKB:P13250|UniProtKB:P14508|UniProtKB:P14509|UniProtKB:P24177|UniProtKB:P25920|UniProtKB:P29808|UniProtKB:P29809|UniProtKB:P29810|UniProtKB:Q51418|UniProtKB:Q53558|UniProtKB:Q79D67|UniProtKB:Q9I3Y3	NCBITaxon:1351|NCBITaxon:1397|NCBITaxon:1874|NCBITaxon:1906|NCBITaxon:1933|NCBITaxon:197|NCBITaxon:208964|NCBITaxon:2666183|NCBITaxon:287|NCBITaxon:40049|NCBITaxon:40324|NCBITaxon:470|NCBITaxon:562|NCBITaxon:573|NCBITaxon:80859|NCBITaxon:83333	0	0	0			0		OPEN
CHEBI:75091	aclacinomycin N	data/antibiotics/unspecified/aclacinomycin-n.yaml	CPUWOKRFRYWIHK-BPPBZOKFSA-N	ANTIMICROBIAL_UNSPECIFIED	5c321e900fd1123865608917fb12c76a7c3a8cc1dc9d4864e39174bb90778c7c	0	0	4	2	0	RECORDED_NAME_QUERIES_TRAVERSED_NOT_PRIMARY_REVIEW	False	0	0	0	0			0	0	0			0		OPEN
CHEBI:75092	morin	data/antibiotics/antibacterial/morin.yaml	YXOLAZRVSSWPPT-UHFFFAOYSA-N	ANTIBACTERIAL	21245b0099cb38167099ce6643dea40ed7c51c8a1ab22ad4809b6f74bd961d78	0	0	9	3	0	RECORDED_NAME_QUERIES_TRAVERSED_NOT_PRIMARY_REVIEW	False	0	0	0	0			0	0	0			0		OPEN
CHEBI:75093	aclacinomycin Y	data/antibiotics/unspecified/aclacinomycin-y.yaml	ADCDIHNCUQOKFP-SVEJIMAYSA-N	ANTIMICROBIAL_UNSPECIFIED	a3418ef17718babfdea7495dc0ef2a1eb5752d3682bdb7970e7ee2e44c4c698d	0	0	3	2	0	RECORDED_NAME_QUERIES_TRAVERSED_NOT_PRIMARY_REVIEW	False	0	0	0	0			0	0	0			0		OPEN
CHEBI:75176	ornidazole	data/antibiotics/antibacterial/ornidazole.yaml	IPWKIXLWTCNBKN-UHFFFAOYSA-N	ANTIBACTERIAL	cca44ff96ac8542b448ecf9d54f6cb744ec8c4df1aa5a3a90d8a074d62a7759b	0	0	9	3	0	RECORDED_NAME_QUERIES_TRAVERSED_NOT_PRIMARY_REVIEW	False	0	0	0	0			0	0	0			0		OPEN
CHEBI:75178	urea hydrogen peroxide	data/antibiotics/biocide/urea-hydrogen-peroxide.yaml	AQLJVWUFPCUVLO-UHFFFAOYSA-N	BIOCIDE	fd3a0752fde8b766838e0e48c7ee06d781b89eb3fae6c0c836cdb0d66f17fb0b	0	0	8	3	0	RECORDED_NAME_QUERIES_TRAVERSED_NOT_PRIMARY_REVIEW	False	0	0	0	0			0	0	0			0		OPEN
CHEBI:75179	trifluridine	data/antibiotics/antiviral/trifluridine.yaml	VSQQQLOSPVPRAZ-RRKCRQDMSA-N	ANTIVIRAL	45b4be6217521e0795819939f0ab7bcd6c11464bcf1079ed0452cb4bd236099a	0	0	10	4	1	RECORDED_NAME_QUERIES_TRAVERSED_NOT_PRIMARY_REVIEW	False	0	0	0	0			0	0	0			0		OPEN
CHEBI:7518	cis-trans-nepetalactone	data/antibiotics/antibacterial/cis-trans-nepetalactone.yaml	ZDKZHVNKFOXMND-NBEYISGCSA-N	ANTIBACTERIAL	d715ba8cbbb2640746781afa320866957a6a3f78b3e434d447fc8fc6ea4ebed7	0	0	10	4	0	RECORDED_NAME_QUERIES_TRAVERSED_NOT_PRIMARY_REVIEW	False	0	0	0	0			0	0	0			0		OPEN
CHEBI:75182	tolylfluanid	data/antibiotics/antifungal/tolylfluanid.yaml	HYVWIQDYBVKITD-UHFFFAOYSA-N	ANTIFUNGAL	0f6a5dbb65e93840815f60e5a4c82c2db91321625e0698dcd67ce042677ae779	0	0	6	3	0	RECORDED_NAME_QUERIES_TRAVERSED_NOT_PRIMARY_REVIEW	False	0	0	0	0			0	0	0			0		OPEN
CHEBI:7519	trans-cis-nepetalactone	data/antibiotics/antibacterial/trans-cis-nepetalactone.yaml	ZDKZHVNKFOXMND-ZQARSLAVSA-N	ANTIBACTERIAL	860accde7236cb05015dfac226a61e822eb38d01ebb0dc3f6bed6465b85bf3b9	0	0	12	4	0	RECORDED_NAME_QUERIES_TRAVERSED_NOT_PRIMARY_REVIEW	False	0	0	0	0			0	0	0			0		OPEN
CHEBI:75212	dazomet	data/antibiotics/antibacterial/dazomet.yaml	QAYICIQNSGETAS-UHFFFAOYSA-N	ANTIBACTERIAL	99f818bdad005427eca6ffe20eb479f2b90745031227991c57669b7c8673e5c9	0	0	19	6	0	RECORDED_NAME_QUERIES_TRAVERSED_NOT_PRIMARY_REVIEW	False	0	0	0	0			0	0	0			0		OPEN
CHEBI:7524	nerolidol	data/antibiotics/antifungal/nerolidol.yaml	FQTLCLSUCSAZDY-UHFFFAOYSA-N	ANTIFUNGAL	8af44c4454ee81040152e0c78ddc68def539e6514d3827fdc9d2ceabeaec54b9	0	0	7	3	0	RECORDED_NAME_QUERIES_TRAVERSED_NOT_PRIMARY_REVIEW	False	0	0	0	0			0	0	0			0		OPEN
CHEBI:75244	aklaviketone	data/antibiotics/unspecified/aklaviketone.yaml	MHAXMIHGEZOCTQ-HTAPYJJXSA-N	ANTIMICROBIAL_UNSPECIFIED	3de5f0109fd7fd97147028862e74f336f90fbd14a1cc4f419493b4daf7181b19	0	0	3	2	0	RECORDED_NAME_QUERIES_TRAVERSED_NOT_PRIMARY_REVIEW	False	0	0	0	0			0	0	0			0		OPEN
CHEBI:75246	rifaximin	data/antibiotics/antibacterial/rifaximin.yaml	NZCRJKRKKOLAOJ-XRCRFVBUSA-N	ANTIBACTERIAL	397b16e308463d5dc1a993bca493e381c78d073b438cdf83d7de6c231c9839e0	16	0	9	3	0	RECORDED_NAME_QUERIES_TRAVERSED_NOT_PRIMARY_REVIEW	False	16	16	4	12	UniProtKB:A0A059WGE7|UniProtKB:A0QZ11|UniProtKB:F2R776|UniProtKB:P95598	NCBITaxon:1931|NCBITaxon:246196|NCBITaxon:43767|NCBITaxon:953739	0	0	0			0		OPEN
CHEBI:75250	pipemidic acid	data/antibiotics/antibacterial/pipemidic-acid.yaml	JOHZPMXAZQZXHR-UHFFFAOYSA-N	ANTIBACTERIAL	958de558c8275d7e9093f3771d6d9efb6d6db7ddeb8add8d4f45a883b27f0613	0	0	7	3	0	RECORDED_NAME_QUERIES_TRAVERSED_NOT_PRIMARY_REVIEW	False	0	0	0	0			0	0	0			0		OPEN
CHEBI:75258	penimepicycline	data/antibiotics/unspecified/penimepicycline.yaml	MEGKRPMNPGTIIG-VNYBMUHKSA-N	ANTIMICROBIAL_UNSPECIFIED	e7f9c05bbc65cb38b1fe9d67c475d5ad5a567ca0bbf68513254b725f5390cde5	0	0	10	4	0	RECORDED_NAME_QUERIES_TRAVERSED_NOT_PRIMARY_REVIEW	False	0	0	0	0			0	0	0			0		OPEN
CHEBI:75262	pipacycline	data/antibiotics/unspecified/pipacycline.yaml	XATZHCXBMKRRDO-REHNUXHNSA-N	ANTIMICROBIAL_UNSPECIFIED	1f82bd30a3741349bd5955a5f7ea8cf8fafabbc642113ac0a11871aa1ebc2663	0	0	7	3	0	RECORDED_NAME_QUERIES_TRAVERSED_NOT_PRIMARY_REVIEW	False	0	0	0	0			0	0	0			0		OPEN
CHEBI:75276	ikarugamycin	data/antibiotics/antiprotozoal/ikarugamycin.yaml	WSUGGLXIPUHOSG-QOMLVTEJSA-N	ANTIPROTOZOAL	7cadb9a8496a12694457dc73d0a712415c23ecea61271556c4ea88345afbd542	0	0	2	2	0	RECORDED_NAME_QUERIES_TRAVERSED_NOT_PRIMARY_REVIEW	False	0	0	0	0			0	0	0			0		OPEN
CHEBI:7528	netilmycin	data/antibiotics/antibacterial/netilmycin.yaml	ZBGPYVZLYBDXKO-HILBYHGXSA-N	ANTIBACTERIAL	3311342bb85c7fda35cedbf8df5bf0f8105e1d2a2ab9ce7988dbf1b198d7c6d8	60	0	10	4	2	RECORDED_NAME_QUERIES_TRAVERSED_NOT_PRIMARY_REVIEW	False	60	60	54	6	UniProtKB:A0A0S2TK08|UniProtKB:A0A2L1KH00|UniProtKB:A0A2P5GGR5|UniProtKB:A0A5K7YC16|UniProtKB:A0A6F8Z5F1|UniProtKB:A0A6N7WRB0|UniProtKB:A0A7W2KDZ3|UniProtKB:A0AAD2XZN8|UniProtKB:A7LI79|UniProtKB:B6D9B6|UniProtKB:C4TGI5|UniProtKB:D4HQX2|UniProtKB:E9N3R2|UniProtKB:K0IV17|UniProtKB:O52241|UniProtKB:O52242|UniProtKB:O52243|UniProtKB:O52244|UniProtKB:O52245|UniProtKB:O52247|UniProtKB:O68484|UniProtKB:P10051|UniProtKB:P13246|UniProtKB:P94629|UniProtKB:P94968|UniProtKB:P9WQG9|UniProtKB:Q01515|UniProtKB:Q03634|UniProtKB:Q15BH7|UniProtKB:Q33DX5|UniProtKB:Q43899|UniProtKB:Q44057|UniProtKB:Q44245|UniProtKB:Q47764|UniProtKB:Q49157|UniProtKB:Q51734|UniProtKB:Q52424|UniProtKB:Q54441|UniProtKB:Q70E71|UniProtKB:Q70E72|UniProtKB:Q75ZP9|UniProtKB:Q764C8|UniProtKB:Q76G15|UniProtKB:Q7ATH7|UniProtKB:Q7M0R2|UniProtKB:Q7WTV9|UniProtKB:Q8GRA1|UniProtKB:Q8VQN7|UniProtKB:Q8ZPB6|UniProtKB:Q9CD24|UniProtKB:Q9R381|UniProtKB:Q9RBW7|UniProtKB:S6CFI8|UniProtKB:V5XKM9	NCBITaxon:1292|NCBITaxon:1352|NCBITaxon:1354|NCBITaxon:149539|NCBITaxon:1766|NCBITaxon:1879|NCBITaxon:1971|NCBITaxon:2022662|NCBITaxon:246196|NCBITaxon:2652274|NCBITaxon:2666183|NCBITaxon:272631|NCBITaxon:280145|NCBITaxon:287|NCBITaxon:294|NCBITaxon:29430|NCBITaxon:40324|NCBITaxon:470|NCBITaxon:48296|NCBITaxon:53345|NCBITaxon:545|NCBITaxon:546|NCBITaxon:550|NCBITaxon:562|NCBITaxon:573|NCBITaxon:58095|NCBITaxon:582|NCBITaxon:584|NCBITaxon:587|NCBITaxon:588|NCBITaxon:599|NCBITaxon:615|NCBITaxon:70346|NCBITaxon:70347|NCBITaxon:70348|NCBITaxon:70349|NCBITaxon:70351|NCBITaxon:72407|NCBITaxon:72607|NCBITaxon:83332|NCBITaxon:99287	0	0	0			0		OPEN
CHEBI:75283	miltefosine	data/antibiotics/antifungal/miltefosine.yaml	PQLXHQMOHUQAKB-UHFFFAOYSA-N	ANTIFUNGAL	3e6ed86fb2d939e51215c3a8cab8da4101b0178fc41320e6ce4539e4bd74dd30	0	0	8	3	2	RECORDED_NAME_QUERIES_TRAVERSED_NOT_PRIMARY_REVIEW	False	0	0	0	0			0	0	0			0		OPEN
CHEBI:75291	ε-rhodomycinone	data/antibiotics/unspecified/ε-rhodomycinone.yaml	PYFOXRACBORDCT-GOSXWKPOSA-N	ANTIMICROBIAL_UNSPECIFIED	4fa4493e25b255551c9ffd34e96523560295ad51436548635f6f5d0d66c43d16	0	0	6	3	0	RECORDED_NAME_QUERIES_TRAVERSED_NOT_PRIMARY_REVIEW	False	0	0	0	0			0	0	0			0		OPEN
CHEBI:75306	2-heptyl-4-hydroxyquinoline	data/antibiotics/antibacterial/2-heptyl-4-hydroxyquinoline.yaml	UYRHHBXYXSYGHA-UHFFFAOYSA-N	ANTIBACTERIAL	3a1ee029ce91ccbd693c5359a2b949894199e9cc3103ed3f8f1edeea96ca2eda	0	0	6	3	0	RECORDED_NAME_QUERIES_TRAVERSED_NOT_PRIMARY_REVIEW	False	0	0	0	0			0	0	0			0		OPEN
CHEBI:75319	3,3'-neotrehalosadiamine	data/antibiotics/unspecified/3-3-neotrehalosadiamine.yaml	ZPEFXARQZVAHGO-DCSYEGIMSA-N	ANTIMICROBIAL_UNSPECIFIED	3e6359b683c596255dc66714b623606996da6692bd2b0b66d345827d58efa4ff	0	0	5	2	0	RECORDED_NAME_QUERIES_TRAVERSED_NOT_PRIMARY_REVIEW	False	0	0	0	0			0	0	0			0		OPEN
CHEBI:75382	monastrol	data/antibiotics/antiprotozoal/monastrol.yaml	LOBCDGHHHHGHFA-UHFFFAOYSA-N	ANTIPROTOZOAL	a9558be61fffe6c1678789d7f350c4cfcebd337f3b28a636a48774d40ccad2e1	0	0	2	2	0	RECORDED_NAME_QUERIES_TRAVERSED_NOT_PRIMARY_REVIEW	False	0	0	0	0			0	0	0			0		OPEN
CHEBI:75404	tyrphostin AG 1478	data/antibiotics/antiviral/tyrphostin-ag-1478.yaml	GFNNBHLJANVSQV-UHFFFAOYSA-N	ANTIVIRAL	de9eef5e1ceb71fca98d82c9d49312844ba4e7f305c1c6b4fe5ab4492d1bbaa7	0	0	5	2	0	RECORDED_NAME_QUERIES_TRAVERSED_NOT_PRIMARY_REVIEW	False	0	0	0	0			0	0	0			0		OPEN
CHEBI:7553	niclosamide	data/antibiotics/antiviral/niclosamide.yaml	RJMUSRYZPJIFPJ-UHFFFAOYSA-N	ANTIVIRAL	dbe368e84ddd36c94d5fe272267d6b0f288c8637a71ade7ac095a85b1d50bcf8	0	0	40	11	0	RECORDED_NAME_QUERIES_TRAVERSED_NOT_PRIMARY_REVIEW	False	0	0	0	0			0	0	0			0		OPEN
CHEBI:75544	feruloylagmatine	data/antibiotics/antifungal/feruloylagmatine.yaml	UBMDAKWARMURDL-FNORWQNLSA-N	ANTIFUNGAL	a8f6e3a7d3d5e4c0d211cbd58dc2d49532bb38ad416774f63ae88dbea9a22371	0	0	4	2	0	RECORDED_NAME_QUERIES_TRAVERSED_NOT_PRIMARY_REVIEW	False	0	0	0	0			0	0	0			0		OPEN
CHEBI:75561	1-linoleoyl-sn-glycerol	data/antibiotics/antiviral/1-linoleoyl-sn-glycerol.yaml	WECGLUPZRHILCT-GSNKCQISSA-N	ANTIVIRAL	2fd170a59ce7b7fd7a5e24ea0d691d468a7e9036c02d94f563174d991d5d456f	0	0	9	3	0	RECORDED_NAME_QUERIES_TRAVERSED_NOT_PRIMARY_REVIEW	False	0	0	0	0			0	0	0			0		OPEN
CHEBI:75563	3-linoleoyl-sn-glycerol	data/antibiotics/antiviral/3-linoleoyl-sn-glycerol.yaml	WECGLUPZRHILCT-KKFOGOCZSA-N	ANTIVIRAL	ea347baa9d5540700522f64717a232680e473433f47697052282ebf076dd4b5f	0	0	6	3	0	RECORDED_NAME_QUERIES_TRAVERSED_NOT_PRIMARY_REVIEW	False	0	0	0	0			0	0	0			0		OPEN
CHEBI:75568	1-monolinolein	data/antibiotics/antiviral/1-monolinolein.yaml	WECGLUPZRHILCT-HZJYTTRNSA-N	ANTIVIRAL	c8b8c35937e8b914e385bbca973c32cab259f5a6f8123c3acc6f725589c6a575	0	0	10	4	0	RECORDED_NAME_QUERIES_TRAVERSED_NOT_PRIMARY_REVIEW	False	0	0	0	0			0	0	0			0		OPEN
CHEBI:75592	L-cycloserine	data/antibiotics/antiviral/l-cycloserine.yaml	DYDCUQKUCUHJBH-REOHCLBHSA-N	ANTIVIRAL	790e0078b902772cb6d4cc1156e24930dcab3b0150a12ca03d7c397f3ced890a	0	0	16	5	1	RECORDED_NAME_QUERIES_TRAVERSED_NOT_PRIMARY_REVIEW	False	0	0	0	0			0	0	0			0		OPEN
CHEBI:7569	nigericin	data/antibiotics/antibacterial/nigericin.yaml	DANUORFCFTYTSZ-SJSJOXFOSA-N	ANTIBACTERIAL	49b59c47500d87eefe30535929d3a4f4cbc489b53b9388b629a081ae0eabcfa4	0	0	5	2	0	RECORDED_NAME_QUERIES_TRAVERSED_NOT_PRIMARY_REVIEW	False	0	0	0	0			0	0	0			0		OPEN
CHEBI:75998	trametinib	data/antibiotics/antiviral/trametinib.yaml	LIRYPHYGHXZJBZ-UHFFFAOYSA-N	ANTIVIRAL	6a6e13fa14197d866b1338b95c7675e40b99438de00b6f9e146bc7311a01f5ff	0	0	6	3	2	RECORDED_NAME_QUERIES_TRAVERSED_NOT_PRIMARY_REVIEW	False	0	0	0	0			0	0	0			0		OPEN
CHEBI:76	(−)-annonaine	data/antibiotics/antiprotozoal/annonaine.yaml	VZTUKBKUWSHDFM-CYBMUJFWSA-N	ANTIPROTOZOAL	e9587b5462036d107f8abb4fc48c33e45aff8926132743a1ffd497eba75200f6	0	0	4	2	0	RECORDED_NAME_QUERIES_TRAVERSED_NOT_PRIMARY_REVIEW	False	0	0	0	0			0	0	0			0		OPEN
CHEBI:76002	N-[5-(1-naphthylmethyl)-1,3-thiazol-2-yl]cyclohexanecarboxamide	data/antibiotics/antifungal/n-5-1-naphthylmethyl-1-3-thiazol-2-yl-cyclohexanecarboxamide.yaml	WJAMFZVSJYMDDT-UHFFFAOYSA-N	ANTIFUNGAL	c253d7d929f263d1a2e62534b843fdd2b5c80176a5830a0f00860c6650767094	0	0	3	2	0	RECORDED_NAME_QUERIES_TRAVERSED_NOT_PRIMARY_REVIEW	False	0	0	0	0			0	0	0			0		OPEN
CHEBI:76005	abafungin	data/antibiotics/antifungal/abafungin.yaml	TYBHXIFFPVFXQW-UHFFFAOYSA-N	ANTIFUNGAL	2801f62f6f417ba831f39a6725bddf6933a6867dbcdeb5eb5b9eae1ecb64a719	0	0	6	3	0	RECORDED_NAME_QUERIES_TRAVERSED_NOT_PRIMARY_REVIEW	False	0	0	0	0			0	0	0			0		OPEN
CHEBI:76007	dolutegravir sodium	data/antibiotics/antiviral/dolutegravir-sodium.yaml	UGWJRRXTMKRYNK-VSLILLSYSA-M	ANTIVIRAL	11eb4693e358a2c4001cdb7c6cbc5100512a0c7365ffa512f52bbde0f90f1d83	0	0	5	2	0	RECORDED_NAME_QUERIES_TRAVERSED_NOT_PRIMARY_REVIEW	False	0	0	0	0			0	0	0			0		OPEN
CHEBI:76010	dolutegravir	data/antibiotics/antiviral/dolutegravir.yaml	RHWKPHLQXYSBKR-BMIGLBTASA-N	ANTIVIRAL	95c9b587032a25eeda8ddc9d0b5bcc2e3e565e8b5e8e743260bcd6ab1ea11d5e	1	40	3	2	1	RECORDED_NAME_QUERIES_TRAVERSED_NOT_PRIMARY_REVIEW	False	0	0	0	0			0	0	0			40	NCBITaxon:11676	OPEN
CHEBI:76058	chloroorienticin B	data/antibiotics/unspecified/chloroorienticin-b.yaml	ATHQCOUEZPBNLP-JWYJDYCQSA-N	ANTIMICROBIAL_UNSPECIFIED	12b16b3fb3fab56385c6cbeb2de8fa30858dffb9ee813f9eacfc98b7f53d0bb7	0	0	2	2	0	RECORDED_NAME_QUERIES_TRAVERSED_NOT_PRIMARY_REVIEW	False	0	0	0	0			0	0	0			0		OPEN
CHEBI:7609	nomilin	data/antibiotics/antiviral/nomilin.yaml	KPDOJFFZKAUIOE-WNGDLQANSA-N	ANTIVIRAL	8d9e1eaaf39d45c8b9fe148b016c1df8bff03c51331af73ba2276fb79a2b4c27	0	0	4	2	0	RECORDED_NAME_QUERIES_TRAVERSED_NOT_PRIMARY_REVIEW	False	0	0	0	0			0	0	0			0		OPEN
CHEBI:76173	pallidol	data/antibiotics/antifungal/pallidol.yaml	YNVJOQCPHWKWSO-ZBVBGGFBSA-N	ANTIFUNGAL	79f6b3a4ca55aaa66270981208d69923ef82be65a4cd2fe3447886c8b0984353	0	0	2	2	0	RECORDED_NAME_QUERIES_TRAVERSED_NOT_PRIMARY_REVIEW	False	0	0	0	0			0	0	0			0		OPEN
CHEBI:76244	sapienic acid	data/antibiotics/antibacterial/sapienic-acid.yaml	NNNVXFKZMRGJPM-KHPPLWFESA-N	ANTIBACTERIAL	b0535dbb2247f1ba06f9ce3cac7bdf22cdcd1de2a8885069169550865dd12e3b	0	0	5	2	0	RECORDED_NAME_QUERIES_TRAVERSED_NOT_PRIMARY_REVIEW	False	0	0	0	0			0	0	0			0		OPEN
CHEBI:76258	oxyphenbutazone	data/antibiotics/unspecified/oxyphenbutazone.yaml	HFHZKZSRXITVMK-UHFFFAOYSA-N	ANTIMICROBIAL_UNSPECIFIED	c334d379caa95f6b7779ce6b840576a4b948d0048885a3c9bc0a5f3bcfeeb402	0	0	18	6	0	RECORDED_NAME_QUERIES_TRAVERSED_NOT_PRIMARY_REVIEW	False	0	0	0	0			0	0	0			0		OPEN
CHEBI:76259	oxyphenbutazone hydrate	data/antibiotics/unspecified/oxyphenbutazone-hydrate.yaml	CNDQSXOVEQXJOE-UHFFFAOYSA-N	ANTIMICROBIAL_UNSPECIFIED	a23a1ed9900838c62d806205ac43f350019b2c7dabbeef6cc690df9fb609296c	0	0	7	3	0	RECORDED_NAME_QUERIES_TRAVERSED_NOT_PRIMARY_REVIEW	False	0	0	0	0			0	0	0			0		OPEN
CHEBI:76293	azadirone	data/antibiotics/antiprotozoal/azadirone.yaml	XXIKKMLIDXLAIK-RFKFVWFBSA-N	ANTIPROTOZOAL	8ef3a61224b9e310418424de8f23587032a985def3306c57dd21967172e7d59f	0	0	2	2	0	RECORDED_NAME_QUERIES_TRAVERSED_NOT_PRIMARY_REVIEW	False	0	0	0	0			0	0	0			0		OPEN
CHEBI:7632	norlichexanthone	data/antibiotics/antiprotozoal/norlichexanthone.yaml	AQZHBCDRWFMXIN-UHFFFAOYSA-N	ANTIPROTOZOAL	d81af8a736105836f086023cb6ccc223e8a37b7de9f42a7e359db4e56112e588	0	0	3	2	0	RECORDED_NAME_QUERIES_TRAVERSED_NOT_PRIMARY_REVIEW	False	0	0	0	0			0	0	0			0		OPEN
CHEBI:76399	N-nonyldeoxynojirimycin	data/antibiotics/antiviral/n-nonyldeoxynojirimycin.yaml	FTSCEGKYKXESFF-LXTVHRRPSA-N	ANTIVIRAL	b20516df8053aeed15d3d180ea91f4e27ee7ffeaa22abde4e68f5ac972085fa5	0	0	3	2	0	RECORDED_NAME_QUERIES_TRAVERSED_NOT_PRIMARY_REVIEW	False	0	0	0	0			0	0	0			0		OPEN
CHEBI:76944	13-epi-manool	data/antibiotics/antifungal/13-epi-manool.yaml	CECREIRZLPLYDM-RAUXBKROSA-N	ANTIFUNGAL	b12812e9aa4c80639793a678488d7ca9785e65bbb149a7a122683ab3aee55c69	0	0	6	3	0	RECORDED_NAME_QUERIES_TRAVERSED_NOT_PRIMARY_REVIEW	False	0	0	0	0			0	0	0			0		OPEN
CHEBI:76945	manool	data/antibiotics/antibacterial/manool.yaml	CECREIRZLPLYDM-QGZVKYPTSA-N	ANTIBACTERIAL	b3a3b2abe1ed4f0505460839f0977eac6fcf000c28a0d0d87c0200c871f0a096	0	0	8	3	0	RECORDED_NAME_QUERIES_TRAVERSED_NOT_PRIMARY_REVIEW	False	0	0	0	0			0	0	0			0		OPEN
CHEBI:77009	5-O-β-D-mycaminosyl-20-oxotylonolide	data/antibiotics/unspecified/5-o-β-d-mycaminosyl-20-oxotylonolide.yaml	FERSDKADYZRIAA-CQGKBTLCSA-N	ANTIMICROBIAL_UNSPECIFIED	7e46c1ec246d94b34085a8e061a745435f96dc824eaa2770b07d1fca23797963	0	0	5	2	0	RECORDED_NAME_QUERIES_TRAVERSED_NOT_PRIMARY_REVIEW	False	0	0	0	0			0	0	0			0		OPEN
CHEBI:77011	5-O-mycaminosyltylonolide	data/antibiotics/antibacterial/5-o-mycaminosyltylonolide.yaml	WGUJDBLMJBJUQU-VKRLOHBMSA-N	ANTIBACTERIAL	624462f572512a470d13e420afe73b5cd4966ce6dd01e0f984b8a92891bcdc17	0	0	7	3	0	RECORDED_NAME_QUERIES_TRAVERSED_NOT_PRIMARY_REVIEW	False	0	0	0	0			0	0	0			0		OPEN
CHEBI:77036	A41030A	data/antibiotics/unspecified/a41030a.yaml	KJTFTWQSEBLIPM-RIZHWKQXSA-N	ANTIMICROBIAL_UNSPECIFIED	2194e8097d3aad9ecbdb893638b533ff48ac2bc63838bb408a5bdebe5f949b18	0	0	5	2	0	RECORDED_NAME_QUERIES_TRAVERSED_NOT_PRIMARY_REVIEW	False	0	0	0	0			0	0	0			0		OPEN
CHEBI:77152	ginsenoside Rb2	data/antibiotics/antiviral/ginsenoside-rb2.yaml	NODILNFGTFIURN-GZPRDHCNSA-N	ANTIVIRAL	57779b11367614e1cd620ceecf49f3373656b5cfb179792f20d9f39a4962f095	0	0	5	2	0	RECORDED_NAME_QUERIES_TRAVERSED_NOT_PRIMARY_REVIEW	False	0	0	0	0			0	0	0			0		OPEN
CHEBI:77179	4-O-methylrhodomycin D	data/antibiotics/unspecified/4-o-methylrhodomycin-d.yaml	KPBSBYSJFXROOJ-FUXNZPHBSA-N	ANTIMICROBIAL_UNSPECIFIED	7928603d8055901ad4c7fa30a008f01b9b9c822637f9fef11c8db87ac4056969	0	0	4	2	0	RECORDED_NAME_QUERIES_TRAVERSED_NOT_PRIMARY_REVIEW	False	0	0	0	0			0	0	0			0		OPEN
CHEBI:77181	crystal violet cation	data/antibiotics/antibacterial/crystal-violet-cation.yaml	LGLFFNDHMLKUMI-UHFFFAOYSA-N	ANTIBACTERIAL	6c15d517119dd4999b21014c16da56b3e6e09ee426371c3d4e18d74b9607bc11	0	0	8	3	0	RECORDED_NAME_QUERIES_TRAVERSED_NOT_PRIMARY_REVIEW	False	0	0	0	0			0	0	0			0		OPEN
CHEBI:77195	10-carboxy-13-deoxydaunorubicin	data/antibiotics/unspecified/10-carboxy-13-deoxydaunorubicin.yaml	ROYGEIBVSIXOBH-QWWLYEKJSA-N	ANTIMICROBIAL_UNSPECIFIED	7af14421a20084ffa224f3b85eb7481fff05fdca742d6ab0c73bd76519ee92cf	0	0	2	2	0	RECORDED_NAME_QUERIES_TRAVERSED_NOT_PRIMARY_REVIEW	False	0	0	0	0			0	0	0			0		OPEN
CHEBI:77323	ethoxyquin	data/antibiotics/antifungal/ethoxyquin.yaml	DECIPOUIJURFOJ-UHFFFAOYSA-N	ANTIFUNGAL	052d53fc9e9c2e15f3f399e900ece8f43f911526b5b04f71dfb15665f8bae828	0	0	12	4	0	RECORDED_NAME_QUERIES_TRAVERSED_NOT_PRIMARY_REVIEW	False	0	0	0	0			0	0	0			0		OPEN
CHEBI:77474	(9Z,12Z,15Z)-octadecatrien-1-ol	data/antibiotics/antibacterial/9z-12z-15z-octadecatrien-1-ol.yaml	IKYKEVDKGZYRMQ-PDBXOOCHSA-N	ANTIBACTERIAL	e2e01fb080da4f59d0530dbcd6eeff9b871088e42c77aab04b30a80a3e23c7ca	0	0	6	3	0	RECORDED_NAME_QUERIES_TRAVERSED_NOT_PRIMARY_REVIEW	False	0	0	0	0			0	0	0			0		OPEN
CHEBI:7751	oligomycin B	data/antibiotics/unspecified/oligomycin-b.yaml	QPRQJOHKNJIMGN-WVUAJZTGSA-N	ANTIMICROBIAL_UNSPECIFIED	6b082f4d48cd4884495bf9be4024f1917f1086daf8b7803fdd3422600f55908a	0	0	3	2	0	RECORDED_NAME_QUERIES_TRAVERSED_NOT_PRIMARY_REVIEW	False	0	0	0	0			0	0	0			0		OPEN
CHEBI:7752	oligomycin C	data/antibiotics/unspecified/oligomycin-c.yaml	CMMLZMMKTYEOKV-RDKHTNMBSA-N	ANTIMICROBIAL_UNSPECIFIED	545a1a275a3d03ae279fed5f418c9027eca4fd0db63c6b2e01a60e919fe8a674	0	0	4	2	0	RECORDED_NAME_QUERIES_TRAVERSED_NOT_PRIMARY_REVIEW	False	0	0	0	0			0	0	0			0		OPEN
CHEBI:7753	oligomycin D	data/antibiotics/antifungal/oligomycin-d.yaml	LVWVMRBMGDJZLM-BONFEJLISA-N	ANTIFUNGAL	57f7c68816632f7f3108fc0ece44500390bb1958c88b909e3eafbddec0f3c084	0	0	11	4	1	RECORDED_NAME_QUERIES_TRAVERSED_NOT_PRIMARY_REVIEW	False	0	0	0	0			0	0	0			0		OPEN
CHEBI:77543	ebselen	data/antibiotics/antibacterial/ebselen.yaml	DYEFUKCXAQOFHX-UHFFFAOYSA-N	ANTIBACTERIAL	0b9b8a9effc290726092b48186d6c28eb02a73ec688807f9c92466178b5053f2	0	0	10	4	0	RECORDED_NAME_QUERIES_TRAVERSED_NOT_PRIMARY_REVIEW	False	0	0	0	0			0	0	0			0		OPEN
CHEBI:77568	trovafloxacin mesylate	data/antibiotics/antibacterial/trovafloxacin-mesylate.yaml	DYNZICQDCVYXFW-AHZSKCOESA-N	ANTIBACTERIAL	df267bc17dd179e57e512a217c8b86fa08c33af00e55282279bda023aee02c94	0	0	7	3	0	RECORDED_NAME_QUERIES_TRAVERSED_NOT_PRIMARY_REVIEW	False	0	0	0	0			0	0	0			0		OPEN
CHEBI:77570	tropisetron hydrochloride	data/antibiotics/antiprotozoal/tropisetron-hydrochloride.yaml	XIEGSJAEZIGKSA-LUNMCBQDSA-N	ANTIPROTOZOAL	1769916c607535c5fd39d57dc81b289d22a75c43d5be1826d65e34ea40ce7181	0	0	6	3	0	RECORDED_NAME_QUERIES_TRAVERSED_NOT_PRIMARY_REVIEW	False	0	0	0	0			0	0	0			0		OPEN
CHEBI:77581	7-(3-aminopyrrolidin-1-yl)-1-(2,4-difluorophenyl)-6-fluoro-4-oxo-1,4-dihydro-1,8-naphthyridine-3-carboxylic acid	data/antibiotics/antibacterial/7-3-aminopyrrolidin-1-yl-1-2-4-difluorophenyl-6-fluoro-4-oxo-1-4-dihyd.yaml	WUWFMDMBOJLQIV-UHFFFAOYSA-N	ANTIBACTERIAL	fa071db0402e3735a0ba57046455995ae8668519bd33c16d48b91289d22e15de	0	0	2	2	0	RECORDED_NAME_QUERIES_TRAVERSED_NOT_PRIMARY_REVIEW	False	0	0	0	0			0	0	0			0		OPEN
CHEBI:77582	(S)-tosufloxacin	data/antibiotics/unspecified/s-tosufloxacin.yaml	WUWFMDMBOJLQIV-JTQLQIEISA-N	ANTIMICROBIAL_UNSPECIFIED	a9ef32cf0c0883572269ef5297a51e55762c4cf4642f7bd253a98abad79a7a00	0	0	2	2	0	RECORDED_NAME_QUERIES_TRAVERSED_NOT_PRIMARY_REVIEW	False	0	0	0	0			0	0	0			0		OPEN
CHEBI:77584	(R)-tosufloxacin	data/antibiotics/unspecified/r-tosufloxacin.yaml	WUWFMDMBOJLQIV-SNVBAGLBSA-N	ANTIMICROBIAL_UNSPECIFIED	e0b1ed2acfa6a7ccbba915f3558c8dae8b96d98617cd8e186d4ddffb6bac1843	0	0	2	2	0	RECORDED_NAME_QUERIES_TRAVERSED_NOT_PRIMARY_REVIEW	False	0	0	0	0			0	0	0			0		OPEN
CHEBI:77605	tosufloxacin tosylate	data/antibiotics/unspecified/tosufloxacin-tosylate.yaml	CSSQVOKOWWIUCX-UHFFFAOYSA-N	ANTIMICROBIAL_UNSPECIFIED	963bab79932af1e7195f488e2b46c41d129d061dbb56b81168ef49a27b3271a0	0	0	11	4	0	RECORDED_NAME_QUERIES_TRAVERSED_NOT_PRIMARY_REVIEW	False	0	0	0	0			0	0	0			0		OPEN
CHEBI:77614	terbinafine hydrochloride	data/antibiotics/antifungal/terbinafine-hydrochloride.yaml	BWMISRWJRUSYEX-SZKNIZGXSA-N	ANTIFUNGAL	e03e878f94c188ef911344336583466d56d72f195f224bac32822379c0452c8f	0	0	7	3	0	RECORDED_NAME_QUERIES_TRAVERSED_NOT_PRIMARY_REVIEW	False	0	0	0	0			0	0	0			0		OPEN
CHEBI:77648	novapikromycin	data/antibiotics/unspecified/novapikromycin.yaml	JGNNRPWTNULSRW-BLNRMBNUSA-N	ANTIMICROBIAL_UNSPECIFIED	d3ba9cb9d99072d47708e7b8d0bd06ddd29e708e3052e2453a0e687cea72909d	0	0	2	2	0	RECORDED_NAME_QUERIES_TRAVERSED_NOT_PRIMARY_REVIEW	False	0	0	0	0			0	0	0			0		OPEN
CHEBI:77652	novamethymycin	data/antibiotics/unspecified/novamethymycin.yaml	HYJMTIGQCJGKFQ-CGNAQTDSSA-N	ANTIMICROBIAL_UNSPECIFIED	d1bf8be2557ea3ea715cc55202f7c10ac219ed125f8651df06c24bdc142237c8	0	0	2	2	0	RECORDED_NAME_QUERIES_TRAVERSED_NOT_PRIMARY_REVIEW	False	0	0	0	0			0	0	0			0		OPEN
CHEBI:77693	CTBT	data/antibiotics/antifungal/ctbt.yaml	MFYMBIZGFDNLPT-UHFFFAOYSA-N	ANTIFUNGAL	645ae4072e8f007ebb8bbee7e664e187d460f27ce83f9d15423cc72eb6bc9565	0	0	3	2	0	RECORDED_NAME_QUERIES_TRAVERSED_NOT_PRIMARY_REVIEW	False	0	0	0	0			0	0	0			0		OPEN
CHEBI:77722	apigenin 7-O-β-D-glucoside(1−)	data/antibiotics/antibacterial/apigenin-7-o-β-d-glucoside-1.yaml	KMOUJOKENFFTPU-QNDFHXLGSA-M	ANTIBACTERIAL	f0156be38875f84f22b7193dee1d60feb17681b233ca9bf40c17bc4bd99a5925	0	0	3	2	0	RECORDED_NAME_QUERIES_TRAVERSED_NOT_PRIMARY_REVIEW	False	0	0	0	0			0	0	0			0		OPEN
CHEBI:77735	ossamycin	data/antibiotics/unspecified/ossamycin.yaml	XGECDDPXIKFBTE-AUFVQPSPSA-N	ANTIMICROBIAL_UNSPECIFIED	1385db91cc9ec98b31bbaa3828f8957ecb77e934d3e62373871f9f86c77a3f08	0	0	2	2	0	RECORDED_NAME_QUERIES_TRAVERSED_NOT_PRIMARY_REVIEW	False	0	0	0	0			0	0	0			0		OPEN
CHEBI:77752	LTX-109	data/antibiotics/unspecified/ltx-109.yaml	ZVOYWSKEBVVLGW-ZDCRTTOTSA-N	ANTIMICROBIAL_UNSPECIFIED	023e5806fc3f957dd25f1640965e69f57ad859e837f2aa4f0619aed7ad50408e	0	0	2	2	0	RECORDED_NAME_QUERIES_TRAVERSED_NOT_PRIMARY_REVIEW	False	0	0	0	0			0	0	0			0		OPEN
CHEBI:77762	syringomycin E	data/antibiotics/antifungal/syringomycin-e.yaml	ZQVJBRJGDVZANE-MTGUCJNSSA-N	ANTIFUNGAL	1731a6718d89e95494d9d8b1c9c621ef538e9a4fd1993f6b952f11d7d0cd96bc	0	0	3	2	0	RECORDED_NAME_QUERIES_TRAVERSED_NOT_PRIMARY_REVIEW	False	0	0	0	0			0	0	0			0		OPEN
CHEBI:7777	ophiobolin A	data/antibiotics/unspecified/ophiobolin-a.yaml	MWYYLZRWWNBROW-BDZRSQQBSA-N	ANTIMICROBIAL_UNSPECIFIED	bf7ecfac7bffeae72065f4a4ebe2c4e97a6a5da9ad5f7c4c37a7ddda2eede1af	0	0	1	1	0	RECORDED_NAME_QUERIES_TRAVERSED_NOT_PRIMARY_REVIEW	False	0	0	0	0			0	0	0			0		OPEN
CHEBI:77772	ilicicolin H	data/antibiotics/unspecified/ilicicolin-h.yaml	BYVVOONSAAQMKI-RFKCMYLBSA-N	ANTIMICROBIAL_UNSPECIFIED	483ae9d57d15e77005e8966d088b90c9bab30d2b7e3fb2a7186d4791241b6cf3	0	0	2	2	0	RECORDED_NAME_QUERIES_TRAVERSED_NOT_PRIMARY_REVIEW	False	0	0	0	0			0	0	0			0		OPEN
CHEBI:77780	sulfaphenazole	data/antibiotics/antibacterial/sulfaphenazole.yaml	QWCJHSGMANYXCW-UHFFFAOYSA-N	ANTIBACTERIAL	1f5e69b72da2946a51572b9b8bb53c0dbc5256b2a45ee73cb200b2b9e61eb546	0	0	12	4	0	RECORDED_NAME_QUERIES_TRAVERSED_NOT_PRIMARY_REVIEW	False	0	0	0	0			0	0	0			0		OPEN
CHEBI:77794	(R)-temafloxacin	data/antibiotics/antibacterial/r-temafloxacin.yaml	QKDHBVNJCZBTMR-LLVKDONJSA-N	ANTIBACTERIAL	ce14ca6dfef72ca440ae7efb84f3f04f6c500a7b61c9d097b9f30f7816d661bf	0	0	4	2	0	RECORDED_NAME_QUERIES_TRAVERSED_NOT_PRIMARY_REVIEW	False	0	0	0	0			0	0	0			0		OPEN
CHEBI:77795	(S)-temafloxacin	data/antibiotics/antibacterial/s-temafloxacin.yaml	QKDHBVNJCZBTMR-NSHDSACASA-N	ANTIBACTERIAL	c4ea1d27a0c0eafe383454310efd4c3dfa410097e527f9886a292b3dd123675d	0	0	4	2	0	RECORDED_NAME_QUERIES_TRAVERSED_NOT_PRIMARY_REVIEW	False	0	0	0	0			0	0	0			0		OPEN
CHEBI:77796	1-(2,4-difluorophenyl)-6-fluoro-7-(3-methylpiperazin-1-yl)-4-oxo-1,4-dihydroquinoline-3-carboxylic acid	data/antibiotics/unspecified/1-2-4-difluorophenyl-6-fluoro-7-3-methylpiperazin-1-yl-4-oxo-1-4-dihyd.yaml	QKDHBVNJCZBTMR-UHFFFAOYSA-N	ANTIMICROBIAL_UNSPECIFIED	67262f31b755e670b42929ee8574e1ef1213d81931f625a34b52a3f61b74ed5e	0	0	1	1	0	RECORDED_NAME_QUERIES_TRAVERSED_NOT_PRIMARY_REVIEW	False	0	0	0	0			0	0	0			0		OPEN
CHEBI:77834	lancovutide	data/antibiotics/unspecified/lancovutide.yaml	SFWLDKQAUHFCBS-WWXQEMPQSA-N	ANTIMICROBIAL_UNSPECIFIED	d649e159e49b8f347db3ea56ddcc6eb51d99aa4108e6bc53ed0cebab6823352a	2	0	5	2	0	RECORDED_NAME_QUERIES_TRAVERSED_NOT_PRIMARY_REVIEW	True	0	0	0	0			0	0	0			0		OPEN
CHEBI:77845	7-aminocholesterol	data/antibiotics/antibacterial/7-aminocholesterol.yaml	WLHQSAYHIOPMMJ-UOQFGJKXSA-N	ANTIBACTERIAL	fc08d67dc41965726f624cc5c1c0db11aaabf0881fd9a786e4944559e4ee96a5	0	0	3	2	0	RECORDED_NAME_QUERIES_TRAVERSED_NOT_PRIMARY_REVIEW	False	0	0	0	0			0	0	0			0		OPEN
CHEBI:77868	potassium sorbate	data/antibiotics/biocide/potassium-sorbate.yaml	CHHHXKFHOYLYRE-STWYSWDKSA-M	BIOCIDE	cdce2ca37e0c42d315b8b0c190a0af9dae7a39c2c2e4c3371a856d6475da39bc	0	0	6	3	0	RECORDED_NAME_QUERIES_TRAVERSED_NOT_PRIMARY_REVIEW	False	0	0	0	0			0	0	0			0		OPEN
CHEBI:77879	elaiophylin	data/antibiotics/antifungal/elaiophylin.yaml	OSERMIPXNLXAPD-MJMYBOKFSA-N	ANTIFUNGAL	1a9cee8ae88d479439c147fd12a6b672b9317793d576c00208568c8cf7918454	0	0	7	3	0	RECORDED_NAME_QUERIES_TRAVERSED_NOT_PRIMARY_REVIEW	False	0	0	0	0			0	0	0			0		OPEN
CHEBI:77880	boromycin	data/antibiotics/antibacterial/boromycin.yaml	OOBFYEMEQCZLJL-IIWQOWOFSA-O	ANTIBACTERIAL	c6488f75ce90f8784fe015d28b9e23295efd265fb26aba3163347a32d59af3ba	0	0	3	2	0	RECORDED_NAME_QUERIES_TRAVERSED_NOT_PRIMARY_REVIEW	False	0	0	0	0			0	0	0			0		OPEN
CHEBI:77885	nocardicin E(2−)	data/antibiotics/unspecified/nocardicin-e-2.yaml	NMMOYDKOFASOBV-HKHZIIAMSA-L	ANTIMICROBIAL_UNSPECIFIED	02fb9049534d21fc029a269f13fcf6a6062e44ec1cb1d622e215478e659127d2	0	0	3	2	0	RECORDED_NAME_QUERIES_TRAVERSED_NOT_PRIMARY_REVIEW	False	0	0	0	0			0	0	0			0		OPEN
CHEBI:77908	GM 193663	data/antibiotics/antifungal/gm-193663.yaml	YIJXUKFDZCRZIC-MYOGCEHNSA-N	ANTIFUNGAL	1b3c9d7c426e1774cc5faa037c047d40ea4251658faafb2c77d54dd169668684	5	0	4	2	0	RECORDED_NAME_QUERIES_TRAVERSED_NOT_PRIMARY_REVIEW	True	0	0	0	0			0	0	0			0		OPEN
CHEBI:77912	mutalomycin sodium salt	data/antibiotics/unspecified/mutalomycin-sodium-salt.yaml	CPFAJMOABNHQTP-ZPZSSQNXSA-M	ANTIMICROBIAL_UNSPECIFIED	0321ae75d8fe74e864f2e2e81775126000197a853bf22271a44f79307c906216	0	0	7	3	0	RECORDED_NAME_QUERIES_TRAVERSED_NOT_PRIMARY_REVIEW	False	0	0	0	0			0	0	0			0		OPEN
CHEBI:77918	mutalomycin	data/antibiotics/unspecified/mutalomycin.yaml	WWEDNBWYGGJQOV-RIWLGXEFSA-N	ANTIMICROBIAL_UNSPECIFIED	dde98dfbb4307ac969dcd50b50e3161e930445d8f2b64ddf786510cad5e2a760	0	0	3	2	0	RECORDED_NAME_QUERIES_TRAVERSED_NOT_PRIMARY_REVIEW	False	0	0	0	0			0	0	0			0		OPEN
CHEBI:77921	21-deoxyconcanamycin A	data/antibiotics/unspecified/21-deoxyconcanamycin-a.yaml	XCZVWWKOXCRUSR-WKCHOFOOSA-N	ANTIMICROBIAL_UNSPECIFIED	128907eb4cabe78e34d7bd2f77e1c282c285aa93f9a657eec8110b4b6489b781	0	0	2	2	0	RECORDED_NAME_QUERIES_TRAVERSED_NOT_PRIMARY_REVIEW	False	0	0	0	0			0	0	0			0		OPEN
CHEBI:77932	tetracycline zwitterion	data/antibiotics/antibacterial/tetracycline-zwitterion.yaml	OFVLGDICTFRJMM-WESIUVDSSA-N	ANTIBACTERIAL	09ae2a9f835e6a5249a035a8819d24f189a0654793efefe443936f8db3d1199a	0	0	3	2	1	RECORDED_NAME_QUERIES_TRAVERSED_NOT_PRIMARY_REVIEW	False	0	0	0	0			0	0	0			0		OPEN
CHEBI:77940	alborixin	data/antibiotics/unspecified/alborixin.yaml	WWDHGOLBPBWCNJ-GXXSWWTOSA-N	ANTIMICROBIAL_UNSPECIFIED	80a5b0e59dcb7138b9945c0826860afadb20ee313dd5333bc5b9a6a232ea1e97	0	0	3	2	0	RECORDED_NAME_QUERIES_TRAVERSED_NOT_PRIMARY_REVIEW	False	0	0	0	0			0	0	0			0		OPEN
CHEBI:77942	tavaborole	data/antibiotics/antifungal/tavaborole.yaml	LFQDNHWZDQTITF-UHFFFAOYSA-N	ANTIFUNGAL	9170d8fc4b59c636d7c39f86be1b5c1ddc789344fc74ae46bdd8e64156571d13	0	0	6	3	0	RECORDED_NAME_QUERIES_TRAVERSED_NOT_PRIMARY_REVIEW	False	0	0	0	0			0	0	0			0		OPEN
CHEBI:77979	aclacinomycin T zwitterion	data/antibiotics/unspecified/aclacinomycin-t-zwitterion.yaml	LJZPVWKMAYDYAS-QKKPTTNWSA-N	ANTIMICROBIAL_UNSPECIFIED	60fc52e8d81602c65541c6b20b261f0c61b99835bc352ae48ad89be88feb083f	0	0	3	2	0	RECORDED_NAME_QUERIES_TRAVERSED_NOT_PRIMARY_REVIEW	False	0	0	0	0			0	0	0			0		OPEN
CHEBI:7798	oseltamivir	data/antibiotics/antiviral/oseltamivir.yaml	VSZGPKBBMSAYNT-RRFJBIMHSA-N	ANTIVIRAL	f516021197a2cec3e20c68a241a49f5da929f4fa167d9545eb1f7b102c081968	0	0	12	4	2	RECORDED_NAME_QUERIES_TRAVERSED_NOT_PRIMARY_REVIEW	False	0	0	0	0			0	0	0			0		OPEN
CHEBI:77980	aclacinomycin A zwitterion	data/antibiotics/unspecified/aclacinomycin-a-zwitterion.yaml	USZYSDMBJDPRIF-SVEJIMAYSA-N	ANTIMICROBIAL_UNSPECIFIED	6f7c056d8c928edb191939dbb89431e3265a07cb99b61870ed24f983c49d9951	0	0	3	2	0	RECORDED_NAME_QUERIES_TRAVERSED_NOT_PRIMARY_REVIEW	False	0	0	0	0			0	0	0			0		OPEN
CHEBI:77985	aclacinomycin Y zwitterion	data/antibiotics/unspecified/aclacinomycin-y-zwitterion.yaml	ADCDIHNCUQOKFP-SVEJIMAYSA-N	ANTIMICROBIAL_UNSPECIFIED	719320c2fe16a5a9d06f841b2d55ff10e054f1901d259f710940cd363aaffc2b	0	0	3	2	0	RECORDED_NAME_QUERIES_TRAVERSED_NOT_PRIMARY_REVIEW	False	0	0	0	0			0	0	0			0		OPEN
CHEBI:78039	meso-tetrakis(N-methyl-4-pyridyl)porphine tetrakis(p-toluenesulfonate)	data/antibiotics/antiviral/meso-tetrakis-n-methyl-4-pyridyl-porphine-tetrakis-p-toluenesulfonate.yaml	AKZFRMNXBLFDNN-GVHKZQBISA-K	ANTIVIRAL	bc9f3672fd6b6ba7a0c87a4341ee603640bf80866c3440ee70e8d417f4674b99	0	0	6	3	0	RECORDED_NAME_QUERIES_TRAVERSED_NOT_PRIMARY_REVIEW	False	0	0	0	0			0	0	0			0		OPEN
CHEBI:7809	oxacillin	data/antibiotics/antibacterial/oxacillin.yaml	UWYHMGVUTGAWSP-JKIFEVAISA-N	ANTIBACTERIAL	a5188217bb7dc247b8c1a41c691856d75d3962405f2893666f0b55acc3127837	5	0	17	5	2	RECORDED_NAME_QUERIES_TRAVERSED_NOT_PRIMARY_REVIEW	False	5	5	2	3	UniProtKB:I7FJY5|UniProtKB:Q9Z4Q1	NCBITaxon:246196|NCBITaxon:43770	0	0	0			0		OPEN
CHEBI:78156	mucidin	data/antibiotics/antifungal/mucidin.yaml	JSCQSBGXKRTPHZ-SYKZHUKTSA-N	ANTIFUNGAL	2d2fba7e0da7a1e3580fb37caf1bd06e3aace8d13edaa62bfe9c9ded7aff503f	0	0	4	2	0	RECORDED_NAME_QUERIES_TRAVERSED_NOT_PRIMARY_REVIEW	False	0	0	0	0			0	0	0			0		OPEN
CHEBI:78160	bleomycin A5	data/antibiotics/unspecified/bleomycin-a5.yaml	QYOAUOAXCQAEMW-UTXKDXHTSA-N	ANTIMICROBIAL_UNSPECIFIED	fceced3fc169d15e754638b975666a31894e56626d08535c854db9ac5aa60865	0	0	6	3	0	RECORDED_NAME_QUERIES_TRAVERSED_NOT_PRIMARY_REVIEW	False	0	0	0	0			0	0	0			0		OPEN
CHEBI:78236	N-acetyl-L-cysteinate	data/antibiotics/antiviral/n-acetyl-l-cysteinate.yaml	PWKSKIMOESPYIA-BYPYZUCNSA-M	ANTIVIRAL	cf6ef5069c301e727cfb1b18d5d77a449818dc549d261730fd8d192510f2223b	0	0	3	2	1	RECORDED_NAME_QUERIES_TRAVERSED_NOT_PRIMARY_REVIEW	False	0	0	0	0			0	0	0			0		OPEN
CHEBI:7825	oxiconazole	data/antibiotics/antifungal/oxiconazole.yaml	QRJJEGAJXVEBNE-HKOYGPOVSA-N	ANTIFUNGAL	c77f2719a432f78c653ae7e8543a5090c7bc6b205a0df55d470ae2beaad1336a	0	0	6	3	0	RECORDED_NAME_QUERIES_TRAVERSED_NOT_PRIMARY_REVIEW	False	0	0	0	0			0	0	0			0		OPEN
CHEBI:7826	oxiconazole nitrate	data/antibiotics/antifungal/oxiconazole-nitrate.yaml	WVNOAGNOIPTWPT-NDUABGMUSA-N	ANTIFUNGAL	4eea7485e9b70d72cefbd3e42e3dc816324b8988b7026c9150096c3ba6f461f3	0	0	10	4	0	RECORDED_NAME_QUERIES_TRAVERSED_NOT_PRIMARY_REVIEW	False	0	0	0	0			0	0	0			0		OPEN
CHEBI:78274	ferruginol	data/antibiotics/antibacterial/ferruginol.yaml	QXNWVJOHUAQHLM-AZUAARDMSA-N	ANTIBACTERIAL	dbccd6d24dc044aacc1dc13c1d55dca67f93049ff7961436351211faf71b3dc0	0	0	4	2	0	RECORDED_NAME_QUERIES_TRAVERSED_NOT_PRIMARY_REVIEW	False	0	0	0	0			0	0	0			0		OPEN
CHEBI:78283	8-demethyl-8-(α-L-rhamnosyl)tetracenomycin C	data/antibiotics/unspecified/8-demethyl-8-α-l-rhamnosyl-tetracenomycin-c.yaml	QIJXKOOPLDVFLW-DWENXZEQSA-N	ANTIMICROBIAL_UNSPECIFIED	62e8c6aa1f244614c03955d63102a7e7e2be0936cfdedccb8ca4916c57bb4064	0	0	3	2	0	RECORDED_NAME_QUERIES_TRAVERSED_NOT_PRIMARY_REVIEW	False	0	0	0	0			0	0	0			0		OPEN
CHEBI:78285	8-demethyl-8-(2-O-methyl-α-L-rhamnosyl)tetracenomycin C	data/antibiotics/unspecified/8-demethyl-8-2-o-methyl-α-l-rhamnosyl-tetracenomycin-c.yaml	HDQAHAYFRSTUFM-LMEYJBJCSA-N	ANTIMICROBIAL_UNSPECIFIED	3b0f99ba8f96a80176e2a298f8c44d669fa94522e498aa12b82c4d5798f02772	0	0	4	2	0	RECORDED_NAME_QUERIES_TRAVERSED_NOT_PRIMARY_REVIEW	False	0	0	0	0			0	0	0			0		OPEN
CHEBI:78286	8-demethyl-8-(2,3-O-dimethyl-α-L-rhamnosyl)tetracenomycin C	data/antibiotics/unspecified/8-demethyl-8-2-3-o-dimethyl-α-l-rhamnosyl-tetracenomycin-c.yaml	NIRLIWMQNRJEDG-RARRKIFNSA-N	ANTIMICROBIAL_UNSPECIFIED	5307d7672f0e4cf39ff0c07dfdf4595a3b18ac578b9a53fe931dc312ae5524ed	0	0	3	2	0	RECORDED_NAME_QUERIES_TRAVERSED_NOT_PRIMARY_REVIEW	False	0	0	0	0			0	0	0			0		OPEN
CHEBI:78288	elloramycin A	data/antibiotics/unspecified/elloramycin-a.yaml	OYEXGNNKRQPUBW-FJYHMNRNSA-N	ANTIMICROBIAL_UNSPECIFIED	dec2a6e907ec7082efbfd6874cc6b1d56d36881a62fffe8f162e21a67fa5ed14	0	0	3	2	0	RECORDED_NAME_QUERIES_TRAVERSED_NOT_PRIMARY_REVIEW	False	0	0	0	0			0	0	0			0		OPEN
CHEBI:78303	aclacinomycin S zwitterion	data/antibiotics/unspecified/aclacinomycin-s-zwitterion.yaml	DNZPQXXGAMXDHH-FCNQEGBTSA-N	ANTIMICROBIAL_UNSPECIFIED	7ef51b1ed68defb293f819d29d08520880484cb64bb124879897bce6033e9a77	0	0	3	2	0	RECORDED_NAME_QUERIES_TRAVERSED_NOT_PRIMARY_REVIEW	False	0	0	0	0			0	0	0			0		OPEN
CHEBI:78327	pseudobaptigenin(1−)	data/antibiotics/antiprotozoal/pseudobaptigenin-1.yaml	KNJNBKINYHZUGC-UHFFFAOYSA-M	ANTIPROTOZOAL	d85484dd310b46c9682378a7c1b971102f9f509b2c763eb924fe9dbf73db75b9	0	0	3	2	0	RECORDED_NAME_QUERIES_TRAVERSED_NOT_PRIMARY_REVIEW	False	0	0	0	0			0	0	0			0		OPEN
CHEBI:78351	amantadine sulfate	data/antibiotics/antiviral/amantadine-sulfate.yaml	MYWTWSQFJLXGGQ-UHFFFAOYSA-N	ANTIVIRAL	7b96ddc9799d05bed3c5174b0b9036719b14ea103dd52abef2ff348d02817168	0	0	4	2	0	RECORDED_NAME_QUERIES_TRAVERSED_NOT_PRIMARY_REVIEW	False	0	0	0	0			0	0	0			0		OPEN
CHEBI:78373	chelerythrine	data/antibiotics/antibacterial/chelerythrine.yaml	LLEJIEBFSOEYIV-UHFFFAOYSA-N	ANTIBACTERIAL	75e8dd21a3c03007983e3841b8f795693547481ca4f73f3c6d834e36959c79ef	0	0	3	2	0	RECORDED_NAME_QUERIES_TRAVERSED_NOT_PRIMARY_REVIEW	False	0	0	0	0			0	0	0			0		OPEN
CHEBI:78492	diallyl trisulfide	data/antibiotics/antiprotozoal/diallyl-trisulfide.yaml	UBAXRAHSPKWNCX-UHFFFAOYSA-N	ANTIPROTOZOAL	9f574f4fa4cbc1480884eef86ac8eeaf51ed3248c1b45698611ca29ffcec8103	0	0	6	3	0	RECORDED_NAME_QUERIES_TRAVERSED_NOT_PRIMARY_REVIEW	False	0	0	0	0			0	0	0			0		OPEN
CHEBI:78496	mastoparan	data/antibiotics/unspecified/mastoparan.yaml	MASXKPLGZRMBJF-MVSGICTGSA-N	ANTIMICROBIAL_UNSPECIFIED	dfd481d7fb249c183188653b3733934c0b978b8df29d806a38be9db42dad1937	0	0	5	2	0	RECORDED_NAME_QUERIES_TRAVERSED_NOT_PRIMARY_REVIEW	False	0	0	0	0			0	0	0			0		OPEN
CHEBI:78507	mastoparan-AF	data/antibiotics/antibacterial/mastoparan-af.yaml	SBRZIHLYZVNBSC-HVXQVQMZSA-N	ANTIBACTERIAL	4a71e55c5060995edf753e6d3bd0995cf87ce3be1021a4894a9d9000372d9f58	0	0	5	2	0	RECORDED_NAME_QUERIES_TRAVERSED_NOT_PRIMARY_REVIEW	False	0	0	0	0			0	0	0			0		OPEN
CHEBI:78509	mastoparan-A	data/antibiotics/antibacterial/mastoparan-a.yaml	CPTNXTSDQJQEFA-ZKOWQLKRSA-N	ANTIBACTERIAL	c281ddbe12780489b8c543c466030ee8401189559ae7ee1f438a11ea7b6bd7fc	0	0	5	2	1	RECORDED_NAME_QUERIES_TRAVERSED_NOT_PRIMARY_REVIEW	False	0	0	0	0			0	0	0			0		OPEN
CHEBI:78511	mastoparan-B	data/antibiotics/antibacterial/mastoparan-b.yaml	NSFBOCKFBVQQKB-CQWNSWRRSA-N	ANTIBACTERIAL	156a8db4797ed83440b7273ddd53be663664ae155570be69ec41cf958ad2553e	0	0	5	2	0	RECORDED_NAME_QUERIES_TRAVERSED_NOT_PRIMARY_REVIEW	False	0	0	0	0			0	0	0			0		OPEN
CHEBI:78514	mastoparan-D	data/antibiotics/antibacterial/mastoparan-d.yaml	QTEDUQSFCPUIOH-UEUBVZDRSA-N	ANTIBACTERIAL	3d2b9cc87809f7e1e64329c795838b14c1486c10877d5101da75131fa8c5ac1a	0	0	5	2	0	RECORDED_NAME_QUERIES_TRAVERSED_NOT_PRIMARY_REVIEW	False	0	0	0	0			0	0	0			0		OPEN
CHEBI:78518	mastoparan-M	data/antibiotics/antibacterial/mastoparan-m.yaml	NPOAEKOTGBOUST-MVSGICTGSA-N	ANTIBACTERIAL	a99af15c5f9b134aecd5ec05359fc095271862560da2da23cf2c4693c8fc1bec	0	0	5	2	0	RECORDED_NAME_QUERIES_TRAVERSED_NOT_PRIMARY_REVIEW	False	0	0	0	0			0	0	0			0		OPEN
CHEBI:78519	mastoparan-V	data/antibiotics/antibacterial/mastoparan-v.yaml	FYJKBFOGJAVCAL-MRBAVNCWSA-N	ANTIBACTERIAL	1d14843ff1b7fc05b886f8ee099786498c78f956c298b6b5a5d72f6d87fd68ea	0	0	5	2	0	RECORDED_NAME_QUERIES_TRAVERSED_NOT_PRIMARY_REVIEW	False	0	0	0	0			0	0	0			0		OPEN
CHEBI:7858	oxycarboxin	data/antibiotics/antifungal/oxycarboxin.yaml	AMEKQAFGQBKLKX-UHFFFAOYSA-N	ANTIFUNGAL	6d287521fab2f14554f5dfcadb5e3b694956bb4576c43da0115b5fdd8387b4f2	0	0	4	2	0	RECORDED_NAME_QUERIES_TRAVERSED_NOT_PRIMARY_REVIEW	False	0	0	0	0			0	0	0			0		OPEN
CHEBI:78661	borrelidin	data/antibiotics/antifungal/borrelidin.yaml	OJCKRNPLOZHAOU-JTHVHBRGSA-N	ANTIFUNGAL	264f89429273999ddda4f850bf45929897b8b5f33ef0ae6a01433811a9a8ee58	1	0	3	2	0	RECORDED_NAME_QUERIES_TRAVERSED_NOT_PRIMARY_REVIEW	True	0	0	0	0			0	0	0			0		OPEN
CHEBI:78688	2,4-diacetylphloroglucinol	data/antibiotics/antifungal/2-4-diacetylphloroglucinol.yaml	PIFFQYJYNWXNGE-UHFFFAOYSA-N	ANTIFUNGAL	b196c39e2fbc0ceaebf963e68a3635aaac1b6e9ce568c73832c2e046b1136e8e	0	0	9	3	0	RECORDED_NAME_QUERIES_TRAVERSED_NOT_PRIMARY_REVIEW	False	0	0	0	0			0	0	0			0		OPEN
CHEBI:78692	bifonazole	data/antibiotics/antifungal/bifonazole.yaml	OCAPBUJLXMYKEJ-UHFFFAOYSA-N	ANTIFUNGAL	dc54d88ad760da45ad540175e575e9854367518f45c45dabf8141d219eec0838	0	0	1	1	0	RECORDED_NAME_QUERIES_TRAVERSED_NOT_PRIMARY_REVIEW	False	0	0	0	0			0	0	0			0		OPEN
CHEBI:78696	cercosporamide	data/antibiotics/antifungal/cercosporamide.yaml	GEWLYFZWVLXQME-MRXNPFEDSA-N	ANTIFUNGAL	bb5a85a161096a7cdbe396cc24cb6f29c45ab65078894c99419c9975815b8390	0	0	2	2	0	RECORDED_NAME_QUERIES_TRAVERSED_NOT_PRIMARY_REVIEW	False	0	0	0	0			0	0	0			0		OPEN
CHEBI:78769	plakortide F free acid	data/antibiotics/antifungal/plakortide-f-free-acid.yaml	KCBAKIPOBYUWOG-QIKPMYDRSA-N	ANTIFUNGAL	ace3bb1fa7fc5b305551dece6f9e4113d8455dd39b23933ae0bad8a1bea95d85	0	0	2	2	0	RECORDED_NAME_QUERIES_TRAVERSED_NOT_PRIMARY_REVIEW	False	0	0	0	0			0	0	0			0		OPEN
CHEBI:78777	polyoxorim	data/antibiotics/antifungal/polyoxorim.yaml	JPFWJDMDPLEUBD-ITJAGOAWSA-N	ANTIFUNGAL	91959b5109047fde004828e40a21692808851168f57b5f1828aaa7dd7d1f957b	0	0	4	2	0	RECORDED_NAME_QUERIES_TRAVERSED_NOT_PRIMARY_REVIEW	False	0	0	0	0			0	0	0			0		OPEN
CHEBI:78780	pyraclostrobin	data/antibiotics/antifungal/pyraclostrobin.yaml	HZRSNVGNWUDEFX-UHFFFAOYSA-N	ANTIFUNGAL	9ef00a401f2ca54eb0b6457eb1e0a9994ec6776e1dac2a56cddace18cd8de1e0	3	0	3	2	1	RECORDED_NAME_QUERIES_TRAVERSED_NOT_PRIMARY_REVIEW	False	3	3	0	3			0	0	0			0		OPEN
CHEBI:78857	2,2,3,3-tetrahydroxy-2,3-dihydronaphthalene-1,4-dione	data/antibiotics/antibacterial/2-2-3-3-tetrahydroxy-2-3-dihydronaphthalene-1-4-dione.yaml	CWHBUPIYFIPPRI-UHFFFAOYSA-N	ANTIBACTERIAL	b3343bfc9c3a30061b9403a6829e4a4d15f151946b82f1adbf6ce42e632ad290	0	0	4	2	0	RECORDED_NAME_QUERIES_TRAVERSED_NOT_PRIMARY_REVIEW	False	0	0	0	0			0	0	0			0		OPEN
CHEBI:78870	sodium nitrite	data/antibiotics/biocide/sodium-nitrite.yaml	LPXPTNMVRIOKMN-UHFFFAOYSA-M	BIOCIDE	81491f7397c490c38d4d869d4a9b8e63cc83867adc609557ef44a9ef6a2b4253	0	0	5	2	0	RECORDED_NAME_QUERIES_TRAVERSED_NOT_PRIMARY_REVIEW	False	0	0	0	0			0	0	0			0		OPEN
CHEBI:78884	4-terpineol	data/antibiotics/antibacterial/4-terpineol.yaml	WRYLYDPHFGVWKC-UHFFFAOYSA-N	ANTIBACTERIAL	b03b335ddf15c7a39edf238d87d4f1fe143903878c926a710a9d8a4da96937eb	0	0	20	6	0	RECORDED_NAME_QUERIES_TRAVERSED_NOT_PRIMARY_REVIEW	False	0	0	0	0			0	0	0			0		OPEN
CHEBI:78887	tirapazamine	data/antibiotics/antibacterial/tirapazamine.yaml	ORYDPOVDJJZGHQ-UHFFFAOYSA-N	ANTIBACTERIAL	471500bececef080b42ca797407da204790ad4f91035355d6b69e61dbab99461	0	0	5	2	0	RECORDED_NAME_QUERIES_TRAVERSED_NOT_PRIMARY_REVIEW	False	0	0	0	0			0	0	0			0		OPEN
CHEBI:79034	monacolin J	data/antibiotics/unspecified/monacolin-j.yaml	ZDFOBOYQVYMVCW-IRUSZSJRSA-N	ANTIMICROBIAL_UNSPECIFIED	c7ff0af2cc11e59828c1ce4d6acf6ae3c8a51eb73a4fbfbe59db022a2e171b11	0	0	6	3	0	RECORDED_NAME_QUERIES_TRAVERSED_NOT_PRIMARY_REVIEW	False	0	0	0	0			0	0	0			0		OPEN
CHEBI:7911	panipenem	data/antibiotics/antibacterial/panipenem.yaml	TYMABNNERDVXID-DLYFRVTGSA-N	ANTIBACTERIAL	01c96f6ed951acb012fa0f93133c18cc45b0a372f5b62e17d4328ba96bdefd59	1	0	1	1	0	RECORDED_NAME_QUERIES_TRAVERSED_NOT_PRIMARY_REVIEW	False	1	1	0	1			0	0	0			0		OPEN
CHEBI:79176	aclacinomycin S	data/antibiotics/unspecified/aclacinomycin-s.yaml	DNZPQXXGAMXDHH-FCNQEGBTSA-N	ANTIMICROBIAL_UNSPECIFIED	34eba28de8590c46a99702dc8bb691ffa98bdaf4bc6576e88a35f710680ead43	0	0	6	3	0	RECORDED_NAME_QUERIES_TRAVERSED_NOT_PRIMARY_REVIEW	False	0	0	0	0			0	0	0			0		OPEN
CHEBI:7934	paromomycin	data/antibiotics/antibacterial/paromomycin.yaml	UOZODPSAJZTQNH-LSWIJEOBSA-N	ANTIBACTERIAL	5eb48984ce7b431649122f2e0329986c3a8568c165045abdf262ed265f692822	16	0	30	9	2	RECORDED_NAME_QUERIES_TRAVERSED_NOT_PRIMARY_REVIEW	False	16	16	14	2	UniProtKB:A0AA44XLZ4|UniProtKB:E5LCR3|UniProtKB:P00552|UniProtKB:P00553|UniProtKB:P00555|UniProtKB:P09885|UniProtKB:P0A3Y5|UniProtKB:P13250|UniProtKB:P14509|UniProtKB:P29808|UniProtKB:P30180|UniProtKB:Q51418|UniProtKB:Q53558|UniProtKB:Q79D67	NCBITaxon:1351|NCBITaxon:1397|NCBITaxon:1874|NCBITaxon:1906|NCBITaxon:287|NCBITaxon:40049|NCBITaxon:40324|NCBITaxon:470|NCBITaxon:562|NCBITaxon:573|NCBITaxon:80859|NCBITaxon:92743	0	0	0			0		OPEN
CHEBI:7935	paromomycin sulfate	data/antibiotics/antibacterial/paromomycin-sulfate.yaml	LJRDOKAZOAKLDU-UDXJMMFXSA-N	ANTIBACTERIAL	c01a5ca45c42562004d0c46de28e7e14ec5468f65717842572045d058927d105	0	0	6	3	0	RECORDED_NAME_QUERIES_TRAVERSED_NOT_PRIMARY_REVIEW	False	0	0	0	0			0	0	0			0		OPEN
CHEBI:79384	BAR0329	data/antibiotics/antifungal/bar0329.yaml	MPNSEMULLQLQCF-UHFFFAOYSA-N	ANTIFUNGAL	d74e9be2079d67bf563bfe8376b273b9d266ef8d14bd1391f15832b51371c19a	0	0	2	2	0	RECORDED_NAME_QUERIES_TRAVERSED_NOT_PRIMARY_REVIEW	False	0	0	0	0			0	0	0			0		OPEN
CHEBI:79390	furanomycin	data/antibiotics/antibacterial/furanomycin.yaml	PNOKUGWGMLEAPE-JKUQZMGJSA-N	ANTIBACTERIAL	1adf925481beaff7dc5fcee7fc686e1a51285ec7692eade9256c94aa75ce1308	0	0	6	3	0	RECORDED_NAME_QUERIES_TRAVERSED_NOT_PRIMARY_REVIEW	False	0	0	0	0			0	0	0			0		OPEN
CHEBI:79391	(−)-chuangxinmycin	data/antibiotics/antibacterial/chuangxinmycin.yaml	DKHFLDXCKWDVMF-UPONEAKYSA-N	ANTIBACTERIAL	518d2af245f40120e7567c57a30ca639d30ba71b1a01d23213c8608267f0d6d7	0	0	7	3	0	RECORDED_NAME_QUERIES_TRAVERSED_NOT_PRIMARY_REVIEW	False	0	0	0	0			0	0	0			0		OPEN
CHEBI:79394	indolmycin	data/antibiotics/antibacterial/indolmycin.yaml	GNTVWGDQPXCYBV-PELKAZGASA-N	ANTIBACTERIAL	b21cd5ea1e7bc945d5b5f9a4b815c8485598e9d38399484e9bd0cfbfc3a4747b	0	0	8	3	0	RECORDED_NAME_QUERIES_TRAVERSED_NOT_PRIMARY_REVIEW	False	0	0	0	0			0	0	0			0		OPEN
CHEBI:7956	penciclovir	data/antibiotics/antiviral/penciclovir.yaml	JNTOCHDNEULJHD-UHFFFAOYSA-N	ANTIVIRAL	2323ac4cb9bdb2832d80a97391e0f0ec2368d502cab789781a99d5fc58043f4b	0	0	9	3	1	RECORDED_NAME_QUERIES_TRAVERSED_NOT_PRIMARY_REVIEW	False	0	0	0	0			0	0	0			0		OPEN
CHEBI:7957	pencycuron	data/antibiotics/antifungal/pencycuron.yaml	OGYFATSSENRIKG-UHFFFAOYSA-N	ANTIFUNGAL	d71d66e422dce95aa30911a1cefabd2dd72bdbbcf8d6490ac12418b6e9923091	0	0	7	3	0	RECORDED_NAME_QUERIES_TRAVERSED_NOT_PRIMARY_REVIEW	False	0	0	0	0			0	0	0			0		OPEN
CHEBI:79736	ziram	data/antibiotics/antifungal/ziram.yaml	DUBNHZYBDBBJHD-UHFFFAOYSA-L	ANTIFUNGAL	a48845c7051e3e08313072f071ef722e5554167a760779cca21817e9ee030438	0	0	10	4	0	RECORDED_NAME_QUERIES_TRAVERSED_NOT_PRIMARY_REVIEW	False	0	0	0	0			0	0	0			0		OPEN
CHEBI:79737	iprobenfos	data/antibiotics/antifungal/iprobenfos.yaml	FCOAHACKGGIURQ-UHFFFAOYSA-N	ANTIFUNGAL	c7fd4427a87159a9ce932b6b4a67d58f291afb6d9aa83b80d96b190b1556529c	0	0	10	4	0	RECORDED_NAME_QUERIES_TRAVERSED_NOT_PRIMARY_REVIEW	False	0	0	0	0			0	0	0			0		OPEN
CHEBI:7977	pentamidine isethionate	data/antibiotics/antiprotozoal/pentamidine-isethionate.yaml	YBVNFKZSMZGRAD-UHFFFAOYSA-N	ANTIPROTOZOAL	64310c7d7735169169f84aaf2c1db374b002af23a9f3e39136835c962971ca4a	0	0	9	3	0	RECORDED_NAME_QUERIES_TRAVERSED_NOT_PRIMARY_REVIEW	False	0	0	0	0			0	0	0			0		OPEN
CHEBI:79966	tropolone	data/antibiotics/antifungal/tropolone.yaml	MDYOLVRUBBJPFM-UHFFFAOYSA-N	ANTIFUNGAL	0871397796885cca41f76fc261e3bb12be77e8fa851a36f7fc165863d9ed9fcb	0	0	6	3	0	RECORDED_NAME_QUERIES_TRAVERSED_NOT_PRIMARY_REVIEW	False	0	0	0	0			0	0	0			0		OPEN
CHEBI:80016	chalcomycin	data/antibiotics/antibacterial/chalcomycin.yaml	KLGADJPDTCIJLO-LJUCOGSUSA-N	ANTIBACTERIAL	fde1fffcdd4830fe0fc3736e6019c14bf0ea9f7ac8c0a237ca67d5bfe3b79015	3	0	1	1	0	RECORDED_NAME_QUERIES_TRAVERSED_NOT_PRIMARY_REVIEW	False	3	3	3	0	UniProtKB:A0A0K2B0Q1|UniProtKB:O05649|UniProtKB:Q5SFA3	NCBITaxon:1896|NCBITaxon:1938|NCBITaxon:278992	0	0	0			0		OPEN
CHEBI:80024	aureothin	data/antibiotics/antibacterial/aureothin.yaml	GQKXCBCSVYJUMI-WACKOAQBSA-N	ANTIBACTERIAL	e0e17fb43a4b981b03e3939d183cee513644db8d9544fa2a13c6dab26f589a09	0	0	4	2	0	RECORDED_NAME_QUERIES_TRAVERSED_NOT_PRIMARY_REVIEW	False	0	0	0	0			0	0	0			0		OPEN
CHEBI:80025	salinomycin	data/antibiotics/antibacterial/salinomycin.yaml	KQXDHUJYNAXLNZ-XQSDOZFQSA-N	ANTIBACTERIAL	101ac3181def9036b56e44da7d2fee6635e528de44ab8d2b7568c54aa3d0e1c9	0	0	1	1	0	RECORDED_NAME_QUERIES_TRAVERSED_NOT_PRIMARY_REVIEW	False	0	0	0	0			0	0	0			0		OPEN
CHEBI:80056	(+)-zwittermicin A	data/antibiotics/antifungal/zwittermicin-a.yaml	FYIPKJHNWFVEIR-FXQWNPMTSA-N	ANTIFUNGAL	8a14a4f0153b908b27b4db12b4166790b58d139de4e14fc29be701f25159b8a8	0	0	2	2	0	RECORDED_NAME_QUERIES_TRAVERSED_NOT_PRIMARY_REVIEW	False	0	0	0	0			0	0	0			0		OPEN
CHEBI:80484	pinocembrin chalcone	data/antibiotics/antifungal/pinocembrin-chalcone.yaml	LOYXTWZXLWHMBX-VOTSOKGWSA-N	ANTIFUNGAL	2027c7474b20a288bf7a6e526bf4fa421f32904f5ac0746c271828cd10ab0f45	0	0	3	2	0	RECORDED_NAME_QUERIES_TRAVERSED_NOT_PRIMARY_REVIEW	False	0	0	0	0			0	0	0			0		OPEN
CHEBI:8062	phenethyl caffeate	data/antibiotics/antibacterial/phenethyl-caffeate.yaml	SWUARLUWKZWEBQ-VQHVLOKHSA-N	ANTIBACTERIAL	58c072a7868ef3bb647ec454d076db4d061553e39573c293bbbd74e01de1b9e7	0	0	6	3	1	RECORDED_NAME_QUERIES_TRAVERSED_NOT_PRIMARY_REVIEW	False	0	0	0	0			0	0	0			0		OPEN
CHEBI:80729	toxoflavin	data/antibiotics/antibacterial/toxoflavin.yaml	SLGRAIAQIAUZAQ-UHFFFAOYSA-N	ANTIBACTERIAL	1de275662bbde7b27cbc9e137322a5c358a5f918b2cdcb7cd12fd779e2121fe9	0	0	11	4	0	RECORDED_NAME_QUERIES_TRAVERSED_NOT_PRIMARY_REVIEW	False	0	0	0	0			0	0	0			0		OPEN
CHEBI:80751	(S)-goitrin	data/antibiotics/antiviral/s-goitrin.yaml	UZQVYLOFLQICCT-BYPYZUCNSA-N	ANTIVIRAL	742ec53281915ddf7adcf2fc2a47029513821e58327220c263c6a94897aeec4a	0	0	11	4	0	RECORDED_NAME_QUERIES_TRAVERSED_NOT_PRIMARY_REVIEW	False	0	0	0	0			0	0	0			0		OPEN
CHEBI:80790	afzelin	data/antibiotics/antibacterial/afzelin.yaml	SOSLMHZOJATCCP-AEIZVZFYSA-N	ANTIBACTERIAL	6503c6d001d4390e09e0d04a62790ca183edfbad0a69886fed60c0b65f2c62b0	0	0	9	3	0	RECORDED_NAME_QUERIES_TRAVERSED_NOT_PRIMARY_REVIEW	False	0	0	0	0			0	0	0			0		OPEN
CHEBI:80830	(E,E)-germacrone	data/antibiotics/antifungal/e-e-germacrone.yaml	CAULGCQHVOVVRN-SWZPTJTJSA-N	ANTIFUNGAL	84a65b952bbd528c95737830793de50aa6e7cf0f042001cd111271c8c375f7c1	0	0	6	3	0	RECORDED_NAME_QUERIES_TRAVERSED_NOT_PRIMARY_REVIEW	False	0	0	0	0			0	0	0			0		OPEN
CHEBI:80840	isomangiferin	data/antibiotics/antiviral/isomangiferin.yaml	CDYBOKJASDEORM-HBVDJMOISA-N	ANTIVIRAL	c3a064aee0220f36f72d0a658205b3b6add0804d3a229b9dd0166204f4882a50	0	0	2	2	0	RECORDED_NAME_QUERIES_TRAVERSED_NOT_PRIMARY_REVIEW	False	0	0	0	0			0	0	0			0		OPEN
CHEBI:80845	liquiritin	data/antibiotics/antiviral/liquiritin.yaml	DEMKZLAVQYISIA-ZRWXNEIDSA-N	ANTIVIRAL	6f266559b112f8ccb7eaac3f11d84a1d1554faaa4cf306af269ff49ce5bf67f8	0	0	10	4	0	RECORDED_NAME_QUERIES_TRAVERSED_NOT_PRIMARY_REVIEW	False	0	0	0	0			0	0	0			0		OPEN
CHEBI:80955	eudistomin C	data/antibiotics/antiviral/eudistomin-c.yaml	XHYJPORPMFTSBP-YGRLFVJLSA-N	ANTIVIRAL	93da5b44d88e7b17c9fe3e90d23ad89aabc876a926235d5356f0686ac1e6880c	0	0	5	2	0	RECORDED_NAME_QUERIES_TRAVERSED_NOT_PRIMARY_REVIEW	False	0	0	0	0			0	0	0			0		OPEN
CHEBI:81021	nocardicin C	data/antibiotics/unspecified/nocardicin-c.yaml	CWTCWGGPTVMMLT-FCGDIQPGSA-N	ANTIMICROBIAL_UNSPECIFIED	386f9f60e26e73d953f5bd4cc377b837b137a955c7382abfb121dab478a179f5	0	0	5	2	0	RECORDED_NAME_QUERIES_TRAVERSED_NOT_PRIMARY_REVIEW	False	0	0	0	0			0	0	0			0		OPEN
CHEBI:81022	isonocardicin C	data/antibiotics/unspecified/isonocardicin-c.yaml	CWTCWGGPTVMMLT-INDMIFKZSA-N	ANTIMICROBIAL_UNSPECIFIED	1787d817fa7f8d676b7ddb683a040e9d1d3169bb955f506c12ddc9dd7974c991	0	0	2	2	0	RECORDED_NAME_QUERIES_TRAVERSED_NOT_PRIMARY_REVIEW	False	0	0	0	0			0	0	0			0		OPEN
CHEBI:81024	nocardicin G	data/antibiotics/unspecified/nocardicin-g.yaml	SAVAPYNOQXYBJS-ARFHVFGLSA-N	ANTIMICROBIAL_UNSPECIFIED	7159f149bf74ada99535463aa8d2edb41c1b72fe109e843984bd1251e116f914	0	0	5	2	0	RECORDED_NAME_QUERIES_TRAVERSED_NOT_PRIMARY_REVIEW	False	0	0	0	0			0	0	0			0		OPEN
CHEBI:81419	kasugamycin	data/antibiotics/antifungal/kasugamycin.yaml	PVTHJAPFENJVNC-MHRBZPPQSA-N	ANTIFUNGAL	e11ba477fd0df8c964dd57efc14786575cfd7ddf1992fe3c94790e0f768ea40f	3	0	6	3	0	RECORDED_NAME_QUERIES_TRAVERSED_NOT_PRIMARY_REVIEW	False	3	3	1	2	UniProtKB:I4DEC2	NCBITaxon:337	0	0	0			0		OPEN
CHEBI:81485	osthenol	data/antibiotics/antifungal/osthenol.yaml	RAKJVIPCCGXHHS-UHFFFAOYSA-N	ANTIFUNGAL	89d4b6c1f380638ca2ba3164cf123217ded00af36b58de50aafd3f815cf56fa2	0	0	6	3	0	RECORDED_NAME_QUERIES_TRAVERSED_NOT_PRIMARY_REVIEW	False	0	0	0	0			0	0	0			0		OPEN
CHEBI:81711	chlorhexidine acetate	data/antibiotics/antibacterial/chlorhexidine-acetate.yaml	WDRFFJWBUDTUCA-UHFFFAOYSA-N	ANTIBACTERIAL	4470af0ecb2fc043eb8389c838f9f07428dbaffaa88f3c47b67e284d832daee5	0	0	8	3	0	RECORDED_NAME_QUERIES_TRAVERSED_NOT_PRIMARY_REVIEW	False	0	0	0	0			0	0	0			0		OPEN
CHEBI:81724	diminazene	data/antibiotics/antiprotozoal/diminazene.yaml	XNYZHCFCZNMTFY-UHFFFAOYSA-N	ANTIPROTOZOAL	8dea24c6b0a9c94ab923f2a4ee0e7615bc7797894c3b285755f196b00b0634b3	0	0	6	3	0	RECORDED_NAME_QUERIES_TRAVERSED_NOT_PRIMARY_REVIEW	False	0	0	0	0			0	0	0			0		OPEN
CHEBI:81731	tolclofos-methyl	data/antibiotics/antifungal/tolclofos-methyl.yaml	OBZIQQJJIKNWNO-UHFFFAOYSA-N	ANTIFUNGAL	33eb9dfc0aa1b989161a047bc6cd3e82bcedde2f3021fe524df558a28d0c4592	0	0	11	4	0	RECORDED_NAME_QUERIES_TRAVERSED_NOT_PRIMARY_REVIEW	False	0	0	0	0			0	0	0			0		OPEN
CHEBI:81732	benthiavalicarb-isopropyl	data/antibiotics/antifungal/benthiavalicarb-isopropyl.yaml	USRKFGIXLGKMKU-ABAIWWIYSA-N	ANTIFUNGAL	c3544c0bf855c2a21e6151f63982274f3e924c01292e1679d76ea824bc9a73b6	0	0	5	2	0	RECORDED_NAME_QUERIES_TRAVERSED_NOT_PRIMARY_REVIEW	False	0	0	0	0			0	0	0			0		OPEN
CHEBI:81736	pyributicarb	data/antibiotics/antifungal/pyributicarb.yaml	VTRWMTJQBQJKQH-UHFFFAOYSA-N	ANTIFUNGAL	c374cc7a55b5ba39e78776d895131af54a6fb32b67082a54c3f59c52b7f6282e	0	0	6	3	0	RECORDED_NAME_QUERIES_TRAVERSED_NOT_PRIMARY_REVIEW	False	0	0	0	0			0	0	0			0		OPEN
CHEBI:81754	amobam	data/antibiotics/antifungal/amobam.yaml	FROZIYRKKUFAOC-UHFFFAOYSA-N	ANTIFUNGAL	3f26037cda25a4be9c6ebabab3844f642d7187775b9e28164f28b5927b322283	0	0	9	3	0	RECORDED_NAME_QUERIES_TRAVERSED_NOT_PRIMARY_REVIEW	False	0	0	0	0			0	0	0			0		OPEN
CHEBI:81755	propineb	data/antibiotics/antifungal/propineb.yaml	KKMLIVYBGSAJPM-UHFFFAOYSA-L	ANTIFUNGAL	2e76c16038ae14eca834e1a6f4745b1b3ba352083563095c67f9da6db18381c1	0	0	12	4	0	RECORDED_NAME_QUERIES_TRAVERSED_NOT_PRIMARY_REVIEW	False	0	0	0	0			0	0	0			0		OPEN
CHEBI:81759	diclomezine	data/antibiotics/antifungal/diclomezine.yaml	UWQMKVBQKFHLCE-UHFFFAOYSA-N	ANTIFUNGAL	763e983f3b8e89d3f8635a6d8af26396a53aa8817a71b16aceaecd7c6b2a612d	0	0	7	3	0	RECORDED_NAME_QUERIES_TRAVERSED_NOT_PRIMARY_REVIEW	False	0	0	0	0			0	0	0			0		OPEN
CHEBI:81760	difenoconazole	data/antibiotics/antifungal/difenoconazole.yaml	BQYJATMQXGBDHF-UHFFFAOYSA-N	ANTIFUNGAL	9fa1e8686f5bc2fc2aac7492af414f3c3ce1e11e7e0d480851b2d0641cea4ab8	7	0	2	2	1	RECORDED_NAME_QUERIES_TRAVERSED_NOT_PRIMARY_REVIEW	True	3	3	0	3			4	4	0	duan-2018-reference-subject-context|wang-2020-reference-context		0		OPEN
CHEBI:81761	etridiazole	data/antibiotics/antifungal/etridiazole.yaml	KQTVWCSONPJJPE-UHFFFAOYSA-N	ANTIFUNGAL	80e69eb30bdb2fc67e5521a6bca8131bf00ed85dee0a89109f3858a2a1c796e2	0	0	12	4	0	RECORDED_NAME_QUERIES_TRAVERSED_NOT_PRIMARY_REVIEW	False	0	0	0	0			0	0	0			0		OPEN
CHEBI:81763	fludioxonil	data/antibiotics/antifungal/fludioxonil.yaml	MUJOIMFVNIBMKC-UHFFFAOYSA-N	ANTIFUNGAL	56142e12c1841028397d683d421f3f995eaaa8f081f962b5593c120d43f39b79	13	0	3	2	1	RECORDED_NAME_QUERIES_TRAVERSED_NOT_PRIMARY_REVIEW	True	0	0	0	0			13	8	5	mehrabi-2006-parent-reference-context|ren-2016-bt3-4-subject-context|ren-2016-bt6-4-subject-context|ren-2016-nj5-10-subject-context|ren-2016-yc-6-subject-context|xia-2025-hog1-subject-context|xia-2025-pbs2-subject-context|xia-2025-ssk2-subject-context	PMID:22591226|PMID:24903410|PMID:38374637	0		OPEN
CHEBI:81764	fluopicolide	data/antibiotics/antifungal/fluopicolide.yaml	GBOYJIHYACSLGN-UHFFFAOYSA-N	ANTIFUNGAL	f36a86727febb6f090902166e10dafffabfdfe416fb3243dfc68c3a2b5c12060	0	0	3	2	0	RECORDED_NAME_QUERIES_TRAVERSED_NOT_PRIMARY_REVIEW	False	0	0	0	0			0	0	0			0		OPEN
CHEBI:81767	imibenconazole	data/antibiotics/antifungal/imibenconazole.yaml	AGKSTYPVMZODRV-UHFFFAOYSA-N	ANTIFUNGAL	db0d586d85a5ed6d79b64ee5f80e79532c3f89c4d6abbac9edb2f4bf5c7ac2e5	0	0	7	3	1	RECORDED_NAME_QUERIES_TRAVERSED_NOT_PRIMARY_REVIEW	False	0	0	0	0			0	0	0			0		OPEN
CHEBI:81770	ipconazole	data/antibiotics/antifungal/ipconazole.yaml	QTYCMDBMOLSEAM-UHFFFAOYSA-N	ANTIFUNGAL	f9dad053591fa0dc3027fa999884ddeb50716667e3713d7edee0e42e5257e9e8	0	0	4	2	0	RECORDED_NAME_QUERIES_TRAVERSED_NOT_PRIMARY_REVIEW	False	0	0	0	0			0	0	0			0		OPEN
CHEBI:81773	metconazole	data/antibiotics/antifungal/metconazole.yaml	XWPZUHJBOLQNMN-UHFFFAOYSA-N	ANTIFUNGAL	437512fec4896e717ce267983106e6911d52357690fb28ccc8c058e7f6800586	6	0	2	2	0	RECORDED_NAME_QUERIES_TRAVERSED_NOT_PRIMARY_REVIEW	False	6	6	0	6			0	0	0			0		OPEN
CHEBI:81778	probenazole	data/antibiotics/antifungal/probenazole.yaml	WHHIPMZEDGBUCC-UHFFFAOYSA-N	ANTIFUNGAL	a1456315a449f18a43a5c4a88610603e4ad21ab654e263285665c31f0c62f801	0	0	5	2	0	RECORDED_NAME_QUERIES_TRAVERSED_NOT_PRIMARY_REVIEW	False	0	0	0	0			0	0	0			0		OPEN
CHEBI:81783	tricyclazole	data/antibiotics/antifungal/tricyclazole.yaml	DQJCHOQLCLEDLL-UHFFFAOYSA-N	ANTIFUNGAL	c7d7da2d2ebb8aeb9af8a2f1384191fdca0781bcf7042fe50c26af4baa7f6137	0	0	10	4	0	RECORDED_NAME_QUERIES_TRAVERSED_NOT_PRIMARY_REVIEW	False	0	0	0	0			0	0	0			0		OPEN
CHEBI:81784	triflumizole	data/antibiotics/antifungal/triflumizole.yaml	HSMVPDGQOIQYSR-KGENOOAVSA-N	ANTIFUNGAL	099ce4c68ee2128f3a662aef29433edf2b2c95d9ec4bb8687f366427afb95e9e	2	0	12	4	0	RECORDED_NAME_QUERIES_TRAVERSED_NOT_PRIMARY_REVIEW	True	0	0	0	0			2	2	0	hamamoto-2000-source-protein-context		0		OPEN
CHEBI:81785	uniconazole P	data/antibiotics/antifungal/uniconazole-p.yaml	YNWVFADWVLCOPU-MAUPQMMJSA-N	ANTIFUNGAL	91b0fdd75730b619b39edea70a13c49576e4cdd4c7bbd02c28629f45f8a67a2b	0	0	6	3	0	RECORDED_NAME_QUERIES_TRAVERSED_NOT_PRIMARY_REVIEW	False	0	0	0	0			0	0	0			0		OPEN
CHEBI:81788	cymoxanil	data/antibiotics/antifungal/cymoxanil.yaml	XERJKGMBORTKEO-UHFFFAOYSA-N	ANTIFUNGAL	21d07f3ef48a86705ddfd8a55992064774961c7d17f4dd4c5ecdcf1e58827180	0	0	3	2	0	RECORDED_NAME_QUERIES_TRAVERSED_NOT_PRIMARY_REVIEW	False	0	0	0	0			0	0	0			0		OPEN
CHEBI:81792	flutolanil	data/antibiotics/antifungal/flutolanil.yaml	PTCGDEVVHUXTMP-UHFFFAOYSA-N	ANTIFUNGAL	7efca73aeb466b0fe6002257c9bd9dfae46bc2626853fa4182448a75b4be8110	0	0	10	4	0	RECORDED_NAME_QUERIES_TRAVERSED_NOT_PRIMARY_REVIEW	False	0	0	0	0			0	0	0			0		OPEN
CHEBI:81794	thifluzamide	data/antibiotics/antifungal/thifluzamide.yaml	WOSNCVAPUOFXEH-UHFFFAOYSA-N	ANTIFUNGAL	a839babe1805246c8f3d18921138cc018fe08c6fc33f28f50bb85f84fa21c1a9	0	0	4	2	0	RECORDED_NAME_QUERIES_TRAVERSED_NOT_PRIMARY_REVIEW	False	0	0	0	0			0	0	0			0		OPEN
CHEBI:81797	cyflufenamid	data/antibiotics/antifungal/cyflufenamid.yaml	ACMXQHFNODYQAT-UHFFFAOYSA-N	ANTIFUNGAL	2cf473c6a7bd10445b86b6fddae2417ee5064cfb860650d18b4accc5c49dd637	0	0	4	2	0	RECORDED_NAME_QUERIES_TRAVERSED_NOT_PRIMARY_REVIEW	False	0	0	0	0			0	0	0			0		OPEN
CHEBI:81799	diclocymet	data/antibiotics/antifungal/diclocymet.yaml	YEJGPFZQLRMXOI-PKEIRNPWSA-N	ANTIFUNGAL	e7cf263fc7b47557e8a1fd32f036dc9c130080a43edadb4fcbefc3b36109ab13	0	0	2	2	0	RECORDED_NAME_QUERIES_TRAVERSED_NOT_PRIMARY_REVIEW	False	0	0	0	0			0	0	0			0		OPEN
CHEBI:81801	flusulfamide	data/antibiotics/antifungal/flusulfamide.yaml	GNVDAZSPJWCIQZ-UHFFFAOYSA-N	ANTIFUNGAL	0856bcdd0446496e2d59484a5d32fb792d99845b4e7ee452dfd138ce3bf784c8	0	0	5	2	0	RECORDED_NAME_QUERIES_TRAVERSED_NOT_PRIMARY_REVIEW	False	0	0	0	0			0	0	0			0		OPEN
CHEBI:81822	boscalid	data/antibiotics/antifungal/boscalid.yaml	WYEMLYFITZORAB-UHFFFAOYSA-N	ANTIFUNGAL	6ab17e3dbe5a36e2156a7fcc94c916ffc6d479dc044d939d36a944d5aee56792	3	0	4	2	1	RECORDED_NAME_QUERIES_TRAVERSED_NOT_PRIMARY_REVIEW	False	3	3	0	3			0	0	0			0		OPEN
CHEBI:81823	mepronil	data/antibiotics/antifungal/mepronil.yaml	BCTQJXQXJVLSIG-UHFFFAOYSA-N	ANTIFUNGAL	a350aefcd7629dfd3f2ae90628a6c689cc4daa02e9299c36e1bff579532ed9f6	0	0	9	3	0	RECORDED_NAME_QUERIES_TRAVERSED_NOT_PRIMARY_REVIEW	False	0	0	0	0			0	0	0			0		OPEN
CHEBI:81825	tiadinil	data/antibiotics/antifungal/tiadinil.yaml	VJQYLJSMBWXGDV-UHFFFAOYSA-N	ANTIFUNGAL	3835a3d46ba25943f68a7f2e77dcaa22c23ad5cfc1faa8afa16be1479aeba12b	0	0	4	2	0	RECORDED_NAME_QUERIES_TRAVERSED_NOT_PRIMARY_REVIEW	False	0	0	0	0			0	0	0			0		OPEN
CHEBI:81826	fluoroimide	data/antibiotics/antifungal/fluoroimide.yaml	IPENDKRRWFURRE-UHFFFAOYSA-N	ANTIFUNGAL	c6ea614f55735760360ad4c99b47f4e8e35729caaa74a065c96c0af56f86a2a6	0	0	6	3	0	RECORDED_NAME_QUERIES_TRAVERSED_NOT_PRIMARY_REVIEW	False	0	0	0	0			0	0	0			0		OPEN
CHEBI:81831	metominostrobin	data/antibiotics/antifungal/metominostrobin.yaml	HIIRDDUVRXCDBN-OBGWFSINSA-N	ANTIFUNGAL	2405306cb2afed7f0b064999ee1245ba9e967a99ad2893975377b1cd343a5681	0	0	3	2	0	RECORDED_NAME_QUERIES_TRAVERSED_NOT_PRIMARY_REVIEW	False	0	0	0	0			0	0	0			0		OPEN
CHEBI:81832	orysastrobin	data/antibiotics/antifungal/orysastrobin.yaml	JHIPUJPTQJYEQK-ZLHHXESBSA-N	ANTIFUNGAL	21fdc6dc56ebbbd7d719ff4de092d150e0be5bc0a413a8d858edafb3291fc65a	0	0	2	2	0	RECORDED_NAME_QUERIES_TRAVERSED_NOT_PRIMARY_REVIEW	False	0	0	0	0			0	0	0			0		OPEN
CHEBI:81833	trifloxystrobin	data/antibiotics/antifungal/trifloxystrobin.yaml	ONCZDRURRATYFI-TVJDWZFNSA-N	ANTIFUNGAL	eafe04c68f5faf79ce33bbbbdb9daa8f09d68dc23aa463edd76250fe70bfa945	0	0	6	3	0	RECORDED_NAME_QUERIES_TRAVERSED_NOT_PRIMARY_REVIEW	False	0	0	0	0			0	0	0			0		OPEN
CHEBI:81841	cyazofamid	data/antibiotics/antifungal/cyazofamid.yaml	YXKMMRDKEKCERS-UHFFFAOYSA-N	ANTIFUNGAL	06130348e3b7fee4cb64d80ef32c818e105dbd876f23d6ebccf4fb5dc10dc284	0	0	3	2	0	RECORDED_NAME_QUERIES_TRAVERSED_NOT_PRIMARY_REVIEW	False	0	0	0	0			0	0	0			0		OPEN
CHEBI:81842	dithianon	data/antibiotics/antifungal/dithianon.yaml	PYZSVQVRHDXQSL-UHFFFAOYSA-N	ANTIFUNGAL	85f6e0b034e043b83d8040d514830234334bf90653d9337568bf035800942959	0	0	10	4	0	RECORDED_NAME_QUERIES_TRAVERSED_NOT_PRIMARY_REVIEW	False	0	0	0	0			0	0	0			0		OPEN
CHEBI:81843	fluazinam	data/antibiotics/antifungal/fluazinam.yaml	UZCGKGPEKUCDTF-UHFFFAOYSA-N	ANTIFUNGAL	be85f4e665628335f832db8b2ce6b269372ebdb57c22d0ad3e9b4fb49e626e29	0	0	4	2	0	RECORDED_NAME_QUERIES_TRAVERSED_NOT_PRIMARY_REVIEW	False	0	0	0	0			0	0	0			0		OPEN
CHEBI:81844	ferimzone	data/antibiotics/antifungal/ferimzone.yaml	GOWLARCWZRESHU-AQTBWJFISA-N	ANTIFUNGAL	cc175599ef281dda24774a681988d0e0bf1de9a4fa0e6f43aa4d2536307fdbab	0	0	10	4	0	RECORDED_NAME_QUERIES_TRAVERSED_NOT_PRIMARY_REVIEW	False	0	0	0	0			0	0	0			0		OPEN
CHEBI:81846	amisulbrom	data/antibiotics/antifungal/amisulbrom.yaml	BREATYVWRHIPIY-UHFFFAOYSA-N	ANTIFUNGAL	d55b91653f3fdfc87bd5f1a7a2b868d01c7cdb907cbfc85b34044f9aa0cafa8b	0	0	2	2	0	RECORDED_NAME_QUERIES_TRAVERSED_NOT_PRIMARY_REVIEW	False	0	0	0	0			0	0	0			0		OPEN
CHEBI:81848	dimethomorph	data/antibiotics/antifungal/dimethomorph.yaml	QNBTYORWCCMPQP-UHFFFAOYSA-N	ANTIFUNGAL	b2c3f8ef716f2b597f2eef0c3afc5d441ffdfcdc3492bd574a98b106580dfa21	0	0	3	2	0	RECORDED_NAME_QUERIES_TRAVERSED_NOT_PRIMARY_REVIEW	False	0	0	0	0			0	0	0			0		OPEN
CHEBI:81853	fenhexamid	data/antibiotics/antifungal/fenhexamid.yaml	VDLGAVXLJYLFDH-UHFFFAOYSA-N	ANTIFUNGAL	eb3833fa486d78a5ce35b4bea9a7651b956e76103a0765e15fc4b3f6a8e41ea2	0	0	8	3	0	RECORDED_NAME_QUERIES_TRAVERSED_NOT_PRIMARY_REVIEW	False	0	0	0	0			0	0	0			0		OPEN
CHEBI:81862	potassium hydrogencarbonate	data/antibiotics/antifungal/potassium-hydrogencarbonate.yaml	TYJJADVDDVDEDZ-UHFFFAOYSA-M	ANTIFUNGAL	730d3b0af0fba3193f8dae9bc0e0e711a1298eaf35373e6b07138e9bf42706da	0	0	7	3	0	RECORDED_NAME_QUERIES_TRAVERSED_NOT_PRIMARY_REVIEW	False	0	0	0	0			0	0	0			0		OPEN
CHEBI:81898	azaconazole	data/antibiotics/antifungal/azaconazole.yaml	AKNQMEBLVAMSNZ-UHFFFAOYSA-N	ANTIFUNGAL	b95e1bfafc954ac1a822222a29d486b37eba410490eac69bd607304bdcdbe3e3	0	0	4	2	0	RECORDED_NAME_QUERIES_TRAVERSED_NOT_PRIMARY_REVIEW	False	0	0	0	0			0	0	0			0		OPEN
CHEBI:81900	bromuconazole	data/antibiotics/antifungal/bromuconazole.yaml	HJJVPARKXDDIQD-UHFFFAOYSA-N	ANTIFUNGAL	f08c01f3dc6a0723f7a2aa6dc879676745311b72279c5f0f4d43df93f380fa97	2	0	3	2	0	RECORDED_NAME_QUERIES_TRAVERSED_NOT_PRIMARY_REVIEW	False	2	2	0	2			0	0	0			0		OPEN
CHEBI:81918	fentin acetate	data/antibiotics/antifungal/fentin-acetate.yaml	WDQNIWFZKXZFAY-UHFFFAOYSA-M	ANTIFUNGAL	96569785f3e20e8b5ea7a5724ec0ef79083ae959169ac830a62b86ef05fa1dda	0	0	18	6	0	RECORDED_NAME_QUERIES_TRAVERSED_NOT_PRIMARY_REVIEW	False	0	0	0	0			0	0	0			0		OPEN
CHEBI:81922	flusilazole	data/antibiotics/antifungal/flusilazole.yaml	FQKUGOMFVDPBIZ-UHFFFAOYSA-N	ANTIFUNGAL	154f41135daf7fbbdb193166406616284fca65dc5cf225d147a79ce2efca16b0	4	0	8	3	0	RECORDED_NAME_QUERIES_TRAVERSED_NOT_PRIMARY_REVIEW	False	4	4	0	4			0	0	0			0		OPEN
CHEBI:81926	fuberidazole	data/antibiotics/antifungal/fuberidazole.yaml	UYJUZNLFJAWNEZ-UHFFFAOYSA-N	ANTIFUNGAL	d8bf321b3fa5a2d88f02ed4b939f0563375cf2739b28c7cde51c6c851b3c5a77	0	0	13	4	0	RECORDED_NAME_QUERIES_TRAVERSED_NOT_PRIMARY_REVIEW	False	0	0	0	0			0	0	0			0		OPEN
CHEBI:81934	nabam	data/antibiotics/antifungal/nabam.yaml	UQJQVUOTMVCFHX-UHFFFAOYSA-L	ANTIFUNGAL	b327e51aa7f31c5691a152aa9831c856bb53afa065ed850af493bd4dc7bb93d8	0	0	15	5	0	RECORDED_NAME_QUERIES_TRAVERSED_NOT_PRIMARY_REVIEW	False	0	0	0	0			0	0	0			0		OPEN
CHEBI:81935	nitrapyrin	data/antibiotics/antibacterial/nitrapyrin.yaml	DCUJJWWUNKIJPH-UHFFFAOYSA-N	ANTIBACTERIAL	3c8e97eb834ef1ed6879acf5e1b48c60fc016fbc5308f6de1e90b3ac09e765c7	0	0	6	3	0	RECORDED_NAME_QUERIES_TRAVERSED_NOT_PRIMARY_REVIEW	False	0	0	0	0			0	0	0			0		OPEN
CHEBI:81936	octhilinone	data/antibiotics/antibacterial/octhilinone.yaml	JPMIIZHYYWMHDT-UHFFFAOYSA-N	ANTIBACTERIAL	1fbe935bf40e7a87d9a350e734869e6b3fb1bd623e30b037170e74314c61450c	0	0	11	4	0	RECORDED_NAME_QUERIES_TRAVERSED_NOT_PRIMARY_REVIEW	False	0	0	0	0			0	0	0			0		OPEN
CHEBI:81937	oxadixyl	data/antibiotics/antifungal/oxadixyl.yaml	UWVQIROCRJWDKL-UHFFFAOYSA-N	ANTIFUNGAL	e1d0c5e7f49e1fca21b460bff7fbb3427ab6908c13c0c970c806f9b683cb641e	0	0	9	3	0	RECORDED_NAME_QUERIES_TRAVERSED_NOT_PRIMARY_REVIEW	False	0	0	0	0			0	0	0			0		OPEN
CHEBI:81938	captafol	data/antibiotics/antifungal/captafol.yaml	JHRWWRDRBPCWTF-UHFFFAOYSA-N	ANTIFUNGAL	1b6d01d81ceb6bcaaced8d39e3e0644a0c7530e61d55e936264b2f511c961562	0	0	18	6	0	RECORDED_NAME_QUERIES_TRAVERSED_NOT_PRIMARY_REVIEW	False	0	0	0	0			0	0	0			0		OPEN
CHEBI:81942	pyrazophos	data/antibiotics/antifungal/pyrazophos.yaml	JOOMJVFZQRQWKR-UHFFFAOYSA-N	ANTIFUNGAL	06edb50afaac818ecc87be8b96c991849cefccb60cb981163a5e95d5fb115858	0	0	6	3	0	RECORDED_NAME_QUERIES_TRAVERSED_NOT_PRIMARY_REVIEW	False	0	0	0	0			0	0	0			0		OPEN
CHEBI:81952	bupirimate	data/antibiotics/antifungal/bupirimate.yaml	DSKJPMWIHSOYEA-UHFFFAOYSA-N	ANTIFUNGAL	f39d12181aba5b2e522be8b353bc7d00d0ff55e30d6ac21c95be99abeff9b48a	0	0	6	3	0	RECORDED_NAME_QUERIES_TRAVERSED_NOT_PRIMARY_REVIEW	False	0	0	0	0			0	0	0			0		OPEN
CHEBI:81958	dimethirimol	data/antibiotics/antifungal/dimethirimol.yaml	CJHXCRMKMMBYJQ-UHFFFAOYSA-N	ANTIFUNGAL	82b6b1255057f08e425f6e38c90eda10ff3e996f4adb0f4737db977e6f649a63	0	0	8	3	0	RECORDED_NAME_QUERIES_TRAVERSED_NOT_PRIMARY_REVIEW	False	0	0	0	0			0	0	0			0		OPEN
CHEBI:81960	dodemorph	data/antibiotics/antifungal/dodemorph.yaml	JMXKCYUTURMERF-UHFFFAOYSA-N	ANTIFUNGAL	6b84ecb954a30f37dd093e9acfbbc099c1bc5f6e042236ec4be776e4281457d9	0	0	5	2	0	RECORDED_NAME_QUERIES_TRAVERSED_NOT_PRIMARY_REVIEW	False	0	0	0	0			0	0	0			0		OPEN
CHEBI:81972	pyrifenox	data/antibiotics/antifungal/pyrifenox.yaml	CKPCAYZTYMHQEX-UHFFFAOYSA-N	ANTIFUNGAL	f834e3ba8de6082e6bd1bba8027240239ad17c9d39461a1c4f509254d870482f	2	0	4	2	0	RECORDED_NAME_QUERIES_TRAVERSED_NOT_PRIMARY_REVIEW	True	0	0	0	0			2	2	0	hamamoto-2000-source-protein-context		0		OPEN
CHEBI:81989	ethirimol	data/antibiotics/antifungal/ethirimol.yaml	BBXXLROWFHWFQY-UHFFFAOYSA-N	ANTIFUNGAL	8201907ebbb8a767b1e89b884d47f2b3f3d9cf980c4ad2ebed66c52854ed82da	0	0	6	3	0	RECORDED_NAME_QUERIES_TRAVERSED_NOT_PRIMARY_REVIEW	False	0	0	0	0			0	0	0			0		OPEN
CHEBI:81994	fenfuram	data/antibiotics/antifungal/fenfuram.yaml	JFSPBVWPKOEZCB-UHFFFAOYSA-N	ANTIFUNGAL	91166a182d4f800e628fb23835260cd75d80c6b3167c3a47979328a1c5a3ccce	0	0	6	3	0	RECORDED_NAME_QUERIES_TRAVERSED_NOT_PRIMARY_REVIEW	False	0	0	0	0			0	0	0			0		OPEN
CHEBI:82019	folpet	data/antibiotics/antifungal/folpet.yaml	HKIOYBQGHSTUDB-UHFFFAOYSA-N	ANTIFUNGAL	5a4249a66f4cb85765501cf0d9f0e9421363128ce01fc896b9f4bb8b33ab53e7	0	0	14	5	0	RECORDED_NAME_QUERIES_TRAVERSED_NOT_PRIMARY_REVIEW	False	0	0	0	0			0	0	0			0		OPEN
CHEBI:82023	iprovalicarb	data/antibiotics/antifungal/iprovalicarb.yaml	NWUWYYSKZYIQAE-WMCAAGNKSA-N	ANTIFUNGAL	b7244f76983650c13e8cbf96149f3f36869a53d3b63b4b076c1dab4d13814dcb	0	0	3	2	0	RECORDED_NAME_QUERIES_TRAVERSED_NOT_PRIMARY_REVIEW	False	0	0	0	0			0	0	0			0		OPEN
CHEBI:82033	propamocarb	data/antibiotics/antifungal/propamocarb.yaml	WZZLDXDUQPOXNW-UHFFFAOYSA-N	ANTIFUNGAL	ae0426aff1bc6c5d000f63daab82042511594164206b47ee80ffd8ca5386aea4	0	0	6	3	0	RECORDED_NAME_QUERIES_TRAVERSED_NOT_PRIMARY_REVIEW	False	0	0	0	0			0	0	0			0		OPEN
CHEBI:82040	quinoxyfen	data/antibiotics/antifungal/quinoxyfen.yaml	WRPIRSINYZBGPK-UHFFFAOYSA-N	ANTIFUNGAL	9f8aa489be17b7ea1dd6a3377900830eb8149508394762ff5409c7a690e34e2f	0	0	5	2	0	RECORDED_NAME_QUERIES_TRAVERSED_NOT_PRIMARY_REVIEW	False	0	0	0	0			0	0	0			0		OPEN
CHEBI:82044	tecnazene	data/antibiotics/antifungal/tecnazene.yaml	XQTLDIFVVHJORV-UHFFFAOYSA-N	ANTIFUNGAL	6a3032a76f4b720b47a91fc83c6ec331d404630f03d1223d4591f8b94a88882c	0	0	22	7	1	RECORDED_NAME_QUERIES_TRAVERSED_NOT_PRIMARY_REVIEW	False	0	0	0	0			0	0	0			0		OPEN
CHEBI:82052	benodanil	data/antibiotics/antifungal/benodanil.yaml	LJOZMWRYMKECFF-UHFFFAOYSA-N	ANTIFUNGAL	c24c1c64caf4ffe5ffbfaa0cbdd63a69ca21421f010126c4bf4c4a7571553148	0	0	5	2	0	RECORDED_NAME_QUERIES_TRAVERSED_NOT_PRIMARY_REVIEW	False	0	0	0	0			0	0	0			0		OPEN
CHEBI:82060	thiophanate	data/antibiotics/antifungal/thiophanate.yaml	YFNCATAIYKQPOO-UHFFFAOYSA-N	ANTIFUNGAL	b781f3953a1daa8f9384f93a455695acbe6dc258662c01651b3c04053fb04ef2	0	0	11	4	0	RECORDED_NAME_QUERIES_TRAVERSED_NOT_PRIMARY_REVIEW	False	0	0	0	0			0	0	0			0		OPEN
CHEBI:82076	anilazine	data/antibiotics/antifungal/anilazine.yaml	IMHBYKMAHXWHRP-UHFFFAOYSA-N	ANTIFUNGAL	cb6ea5fb8c3ff70137de30138fe4a2de35505d8b304672c97f0d48634f17f1a5	0	0	15	5	0	RECORDED_NAME_QUERIES_TRAVERSED_NOT_PRIMARY_REVIEW	False	0	0	0	0			0	0	0			0		OPEN
CHEBI:82084	prothiocarb	data/antibiotics/antifungal/prothiocarb.yaml	YRRBXJLFCBCKNW-UHFFFAOYSA-N	ANTIFUNGAL	16a5256b6b403465c1b6c87862fe4fbff8e4eb2ed9f91a3ef2c29f37a4c49bc0	0	0	5	2	0	RECORDED_NAME_QUERIES_TRAVERSED_NOT_PRIMARY_REVIEW	False	0	0	0	0			0	0	0			0		OPEN
CHEBI:8232	piperacillin	data/antibiotics/antibacterial/piperacillin.yaml	IVBHGBMCVLDMKU-GXNBUGAJSA-N	ANTIBACTERIAL	929dbafa50c33137e706b4218f2b512294c6263ef2f40a6a9677cf1da56f9d05	16	0	9	3	2	RECORDED_NAME_QUERIES_TRAVERSED_NOT_PRIMARY_REVIEW	False	16	16	10	6	UniProtKB:A0A0H3YDR5|UniProtKB:A0A7I8E9L1|UniProtKB:A0A9Q2ZSM5|UniProtKB:A0AA35D781|UniProtKB:A0SVI2|UniProtKB:I7FJY5|UniProtKB:P13661|UniProtKB:Q8GPN1|UniProtKB:Q8GPN2|UniProtKB:Q93PQ0	NCBITaxon:1812934|NCBITaxon:225991|NCBITaxon:246196|NCBITaxon:256|NCBITaxon:40324|NCBITaxon:550|NCBITaxon:562|NCBITaxon:67826|NCBITaxon:76832	0	0	0			0		OPEN
CHEBI:8255	pivampicillin	data/antibiotics/antibacterial/pivampicillin.yaml	ZEMIJUDPLILVNQ-ZXFNITATSA-N	ANTIBACTERIAL	c46ced6456d797fc08d1fe067c579330d621e150e76d37b4e3badd9db23495fe	0	0	7	3	0	RECORDED_NAME_QUERIES_TRAVERSED_NOT_PRIMARY_REVIEW	False	0	0	0	0			0	0	0			0		OPEN
CHEBI:82614	diminazene(2+)	data/antibiotics/antiprotozoal/diminazene-2.yaml	XNYZHCFCZNMTFY-UHFFFAOYSA-P	ANTIPROTOZOAL	3d4a1d7f71e67bacd126e2d3fe1e77b04b913e1c723246e1e3632ff81ed04b32	0	0	2	2	0	RECORDED_NAME_QUERIES_TRAVERSED_NOT_PRIMARY_REVIEW	False	0	0	0	0			0	0	0			0		OPEN
CHEBI:82615	diminazene diaceturate	data/antibiotics/antiprotozoal/diminazene-diaceturate.yaml	OKQSSSVVBOUMNZ-UHFFFAOYSA-N	ANTIPROTOZOAL	4d7fa10258a682ebba57bc84ed7a93a5c5fd4acf037e820889122f527870b5b8	0	0	14	5	0	RECORDED_NAME_QUERIES_TRAVERSED_NOT_PRIMARY_REVIEW	False	0	0	0	0			0	0	0			0		OPEN
CHEBI:82622	leucascandrolide A congener	data/antibiotics/antifungal/leucascandrolide-a-congener.yaml	OHDYRIXQCGVPSA-HTNAZZBXSA-N	ANTIFUNGAL	72fc283baf99b93d493aef417731fb4d297ca44c89393597d85ad8c1d7132396	0	0	2	2	0	RECORDED_NAME_QUERIES_TRAVERSED_NOT_PRIMARY_REVIEW	False	0	0	0	0			0	0	0			0		OPEN
CHEBI:82641	gepinacin	data/antibiotics/antifungal/gepinacin.yaml	JNQHDEHVHXLCAL-UHFFFAOYSA-N	ANTIFUNGAL	8298ea800f9d29b9b743113298b52ae1c246cac04e77c242e99b59d433ccef42	0	0	2	2	0	RECORDED_NAME_QUERIES_TRAVERSED_NOT_PRIMARY_REVIEW	False	0	0	0	0			0	0	0			0		OPEN
CHEBI:82658	N-benzyl-N-methyl-2-(3-oxo-1,2-benzothiazol-2-yl)acetamide	data/antibiotics/antifungal/n-benzyl-n-methyl-2-3-oxo-1-2-benzothiazol-2-yl-acetamide.yaml	ANTPCIKREGVPQT-UHFFFAOYSA-N	ANTIFUNGAL	6ff32f4aeb2c09d6cb3223b34af9efd0d4c70356fac62e36d3a911eb77f5dcaf	0	0	3	2	0	RECORDED_NAME_QUERIES_TRAVERSED_NOT_PRIMARY_REVIEW	False	0	0	0	0			0	0	0			0		OPEN
CHEBI:82672	pomecin A	data/antibiotics/antifungal/pomecin-a.yaml	AKBAHATYKFKXLG-RQOWECAXSA-N	ANTIFUNGAL	8dff6552e00edefc32bc0a0ea87ce7dbaa26c28254dcbb2cfc13a63246582a1e	0	0	4	2	0	RECORDED_NAME_QUERIES_TRAVERSED_NOT_PRIMARY_REVIEW	False	0	0	0	0			0	0	0			0		OPEN
CHEBI:8269	pleuromutilin	data/antibiotics/antibacterial/pleuromutilin.yaml	ZRZNJUXESFHSIO-ZXVYJXQESA-N	ANTIBACTERIAL	068be77c7f217810e535cc6c301d52cd5756d7ed72e7f1253fc61fa2bbd26ee5	8	0	1	1	0	RECORDED_NAME_QUERIES_TRAVERSED_NOT_PRIMARY_REVIEW	False	8	8	5	3	UniProtKB:A0A1M7HJQ7|UniProtKB:A0A2N9DMG9|UniProtKB:F2WJM2|UniProtKB:Q7WT47|UniProtKB:Q7WVB8	NCBITaxon:1120996|NCBITaxon:1296|NCBITaxon:1311|NCBITaxon:1351|NCBITaxon:159	0	0	0			0		OPEN
CHEBI:82699	oritavancin	data/antibiotics/antibacterial/oritavancin.yaml	VHFGEBVPHAGQPI-LXKZPTCJSA-N	ANTIBACTERIAL	a3487b8665ebaa9f230abc9ef59a3155f9d88b75e15364ba64176f74e5b7499c	0	0	5	2	0	RECORDED_NAME_QUERIES_TRAVERSED_NOT_PRIMARY_REVIEW	False	0	0	0	0			0	0	0			0		OPEN
CHEBI:82717	tedizolid	data/antibiotics/antibacterial/tedizolid.yaml	XFALPSLJIHVRKE-GFCCVEGCSA-N	ANTIBACTERIAL	9359a815808a8134c3294441b3723dd3b357c32d38e99ea897a4a04487a270ab	1	0	7	3	0	RECORDED_NAME_QUERIES_TRAVERSED_NOT_PRIMARY_REVIEW	False	1	1	1	0	UniProtKB:A0AAJ2MLZ9	NCBITaxon:1940789	0	0	0			0		OPEN
CHEBI:82718	efinaconazole	data/antibiotics/antifungal/efinaconazole.yaml	NFEZZTICAUWDHU-RDTXWAMCSA-N	ANTIFUNGAL	60745518fa7ebe8bf5e40a585200ddb9f5af743b7f4e291026f9c12338dae2ed	0	0	7	3	0	RECORDED_NAME_QUERIES_TRAVERSED_NOT_PRIMARY_REVIEW	False	0	0	0	0			0	0	0			0		OPEN
CHEBI:82721	dalbavancin	data/antibiotics/antibacterial/dalbavancin.yaml	KGPGQDLTDHGEGT-SZUNQUCBSA-N	ANTIBACTERIAL	2fffcf9c39b161cd5cfe21715d5feced0433dd9261fd31d64b31fdce32a7f850	0	0	5	2	0	RECORDED_NAME_QUERIES_TRAVERSED_NOT_PRIMARY_REVIEW	False	0	0	0	0			0	0	0			0		OPEN
CHEBI:82751	cholesteryl arachidonate	data/antibiotics/antibacterial/cholesteryl-arachidonate.yaml	IMXSFYNMSOULQS-BEDFLICRSA-N	ANTIBACTERIAL	791b161e3dd8a6130aa5ebcbfcc547e4e539a7f7444d4808678215dd10ca83c3	0	0	9	3	0	RECORDED_NAME_QUERIES_TRAVERSED_NOT_PRIMARY_REVIEW	False	0	0	0	0			0	0	0			0		OPEN
CHEBI:82754	microcin c	data/antibiotics/unspecified/microcin-c.yaml	PQZVLCSYKIYYRQ-CRNXWWIHSA-N	ANTIMICROBIAL_UNSPECIFIED	83a05df72e4ee39a92e045f037720b2aa9cf97dc267808b390daa8dfb97eb795	2	0	2	2	0	RECORDED_NAME_QUERIES_TRAVERSED_NOT_PRIMARY_REVIEW	True	0	0	0	0			0	0	0			0		OPEN
CHEBI:82758	prodigiosin	data/antibiotics/unspecified/prodigiosin.yaml	SZXDNGVQRDTJSD-VBKFSLOCSA-N	ANTIMICROBIAL_UNSPECIFIED	e31dcc4f54831d070c5a0fb2e13b1eb8255e619a317f487836f5641512724021	0	0	3	2	0	RECORDED_NAME_QUERIES_TRAVERSED_NOT_PRIMARY_REVIEW	False	0	0	0	0			0	0	0			0		OPEN
CHEBI:82779	benalaxyl-M	data/antibiotics/antifungal/benalaxyl-m.yaml	CJPQIRJHIZUAQP-MRXNPFEDSA-N	ANTIFUNGAL	3c0aa142eefc70684c80d2950fdbe70c91fa06f74f42045011e6a84056223ea3	0	0	7	3	0	RECORDED_NAME_QUERIES_TRAVERSED_NOT_PRIMARY_REVIEW	False	0	0	0	0			0	0	0			0		OPEN
CHEBI:82809	agrocin 84	data/antibiotics/unspecified/agrocin-84.yaml	YNCRAYSPLQSJIP-JHNPATRKSA-N	ANTIMICROBIAL_UNSPECIFIED	dd9560fde8668ed034449df1b6334a39286913a6f5c9a0352221fde4d14273c6	0	0	2	2	0	RECORDED_NAME_QUERIES_TRAVERSED_NOT_PRIMARY_REVIEW	False	0	0	0	0			0	0	0			0		OPEN
CHEBI:82818	MDL-28170	data/antibiotics/antiprotozoal/mdl-28170.yaml	NGBKFLTYGSREKK-PMACEKPBSA-N	ANTIPROTOZOAL	79387acf6b6ad4ac628279fc0823d94a3ffb4af119ccf25faaefe3938ff0131d	0	0	17	5	0	RECORDED_NAME_QUERIES_TRAVERSED_NOT_PRIMARY_REVIEW	False	0	0	0	0			0	0	0			0		OPEN
CHEBI:82825	neothyonidioside	data/antibiotics/antifungal/neothyonidioside.yaml	OQBFQOOZNQRQAW-INFQXDPISA-N	ANTIFUNGAL	97ce233a77882001b3ea40ea0a17b0f9762ecc67b5e0ee2d60824407058a9e35	0	0	2	2	0	RECORDED_NAME_QUERIES_TRAVERSED_NOT_PRIMARY_REVIEW	False	0	0	0	0			0	0	0			0		OPEN
CHEBI:82864	flutrimazole	data/antibiotics/antifungal/flutrimazole.yaml	QHMWCHQXCUNUAK-UHFFFAOYSA-N	ANTIFUNGAL	f0e971f95cbdb70cd6cd010b73c4ca85b39229ba9c455a7200ffcf00870185b6	0	0	6	3	0	RECORDED_NAME_QUERIES_TRAVERSED_NOT_PRIMARY_REVIEW	False	0	0	0	0			0	0	0			0		OPEN
CHEBI:82960	raltegravir	data/antibiotics/antiviral/raltegravir.yaml	CZFFBEXEKNGXKS-UHFFFAOYSA-N	ANTIVIRAL	3ce790333486ab41006febeb577ad2da813e3c86bc2a0cde10d1dea2ef99c7a7	2	35	7	3	2	RECORDED_NAME_QUERIES_TRAVERSED_NOT_PRIMARY_REVIEW	False	0	0	0	0			0	0	0			35	NCBITaxon:11676	OPEN
CHEBI:82977	daclatasvir	data/antibiotics/antiviral/daclatasvir.yaml	FKRSSPOQAMALKA-CUPIEXAXSA-N	ANTIVIRAL	064fbd4d73b33b7d4f56d5733ec36b8639db814750e47f0d4e2cec9cc87b1515	1	0	6	3	1	RECORDED_NAME_QUERIES_TRAVERSED_NOT_PRIMARY_REVIEW	False	0	0	0	0			0	0	0			0		OPEN
CHEBI:83065	isofetamid	data/antibiotics/antifungal/isofetamid.yaml	WMKZDPFZIZQROT-UHFFFAOYSA-N	ANTIFUNGAL	f30ee134b3a2db973ac24809e65a8606e87163567117610d525c0817569bbdf2	0	0	7	3	0	RECORDED_NAME_QUERIES_TRAVERSED_NOT_PRIMARY_REVIEW	False	0	0	0	0			0	0	0			0		OPEN
CHEBI:83070	fluopyram	data/antibiotics/antifungal/fluopyram.yaml	KVDJTXBXMWJJEF-UHFFFAOYSA-N	ANTIFUNGAL	12a1fb771f9ea33a67b94ab1b9ab136851d9c1b47522cef05bc68a199d64b626	1	0	4	2	1	RECORDED_NAME_QUERIES_TRAVERSED_NOT_PRIMARY_REVIEW	False	1	1	0	1			0	0	0			0		OPEN
CHEBI:8309	polymyxin B1	data/antibiotics/antibacterial/polymyxin-b1.yaml	WQVJHHACXVLGBL-GOVYWFKWSA-N	ANTIBACTERIAL	4c644d27e04665b6b423d87cf0ff74de85454a5335384543e2d3962e50671f97	3	0	4	2	0	RECORDED_NAME_QUERIES_TRAVERSED_NOT_PRIMARY_REVIEW	False	3	3	0	3			0	0	0			0		OPEN
CHEBI:83106	bixafen	data/antibiotics/antifungal/bixafen.yaml	LDLMOOXUCMHBMZ-UHFFFAOYSA-N	ANTIFUNGAL	9a9d9001fc63d1385206642591c39060adab77334806b07e796cc03536d24c81	0	0	6	3	0	RECORDED_NAME_QUERIES_TRAVERSED_NOT_PRIMARY_REVIEW	False	0	0	0	0			0	0	0			0		OPEN
CHEBI:83113	fluxapyroxad	data/antibiotics/antifungal/fluxapyroxad.yaml	SXSGXWCSHSVPGB-UHFFFAOYSA-N	ANTIFUNGAL	f4eb57b5d8132525d6935da68f72230b83316100535da3d49cbdbc3e8ce58576	0	0	2	2	0	RECORDED_NAME_QUERIES_TRAVERSED_NOT_PRIMARY_REVIEW	False	0	0	0	0			0	0	0			0		OPEN
CHEBI:83155	adenosine 5'-hexadecylphosphate	data/antibiotics/antifungal/adenosine-5-hexadecylphosphate.yaml	XNBFNPXGEIQVBJ-HUBRGWSESA-N	ANTIFUNGAL	5006bccb2c21487a9e3ec39e468575df5cc7c7863d5478fb66506d0b35033cbf	0	0	4	2	0	RECORDED_NAME_QUERIES_TRAVERSED_NOT_PRIMARY_REVIEW	False	0	0	0	0			0	0	0			0		OPEN
CHEBI:83185	coumoxystrobin	data/antibiotics/antifungal/coumoxystrobin.yaml	CWVRPJSBNHNJSI-XQNSMLJCSA-N	ANTIFUNGAL	cddc1bbb1c494a58ef56345c4bded38611a32c02025ac680e5d14e6e7780d944	0	0	6	3	0	RECORDED_NAME_QUERIES_TRAVERSED_NOT_PRIMARY_REVIEW	False	0	0	0	0			0	0	0			0		OPEN
CHEBI:83187	enoxastrobin	data/antibiotics/antifungal/enoxastrobin.yaml	VMNULHCTRPXWFJ-UJSVPXBISA-N	ANTIFUNGAL	f13ee918848f797f00c3037d289ece441a0bd39478b223d98fbc1d73dd2566f8	0	0	8	3	0	RECORDED_NAME_QUERIES_TRAVERSED_NOT_PRIMARY_REVIEW	False	0	0	0	0			0	0	0			0		OPEN
CHEBI:83194	flufenoxystrobin	data/antibiotics/antifungal/flufenoxystrobin.yaml	MBHXIQDIVCJZTD-RVDMUPIBSA-N	ANTIFUNGAL	50589e653d94a8742ebf7c1f3978d14a83f7e7be23f027291451134d57714a6e	0	0	6	3	0	RECORDED_NAME_QUERIES_TRAVERSED_NOT_PRIMARY_REVIEW	False	0	0	0	0			0	0	0			0		OPEN
CHEBI:83197	picoxystrobin	data/antibiotics/antifungal/picoxystrobin.yaml	IBSNKSODLGJUMQ-SDNWHVSQSA-N	ANTIFUNGAL	fd0f82bd0341aa81cfa5e8a71c430e77c26e99174cb7111509bd168517c09780	0	0	4	2	0	RECORDED_NAME_QUERIES_TRAVERSED_NOT_PRIMARY_REVIEW	False	0	0	0	0			0	0	0			0		OPEN
CHEBI:83202	pyraoxystrobin	data/antibiotics/antifungal/pyraoxystrobin.yaml	URXNNPCNKVAQRA-XMHGGMMESA-N	ANTIFUNGAL	edb599f58fec68f618fb4eaa4e1f7eb3a69c97463b38ded4c2e2abf1482c088c	0	0	4	2	0	RECORDED_NAME_QUERIES_TRAVERSED_NOT_PRIMARY_REVIEW	False	0	0	0	0			0	0	0			0		OPEN
CHEBI:83206	albomycin δ1	data/antibiotics/antibacterial/albomycin-δ1.yaml	KKRRFZFRCNSVCL-DFBZBFILSA-N	ANTIBACTERIAL	c620b5405352241591bb9c7d589d5f61523a098e7d992e8527aafe0acc755374	0	0	4	2	0	RECORDED_NAME_QUERIES_TRAVERSED_NOT_PRIMARY_REVIEW	False	0	0	0	0			0	0	0			0		OPEN
CHEBI:83212	pyrametostrobin	data/antibiotics/antifungal/pyrametostrobin.yaml	DWTVBEZBWMDXIY-UHFFFAOYSA-N	ANTIFUNGAL	8bf12320578eab34ca42de796def47c19ded9fef44a3199a406d2012cb170fdf	0	0	4	2	0	RECORDED_NAME_QUERIES_TRAVERSED_NOT_PRIMARY_REVIEW	False	0	0	0	0			0	0	0			0		OPEN
CHEBI:83213	triclopyricarb	data/antibiotics/antifungal/triclopyricarb.yaml	QFNFRZHOXWNWAQ-UHFFFAOYSA-N	ANTIFUNGAL	648248cb347403c18aa6f6fbe0abfcaf893535ed5e991a3d2926b531f1d6fed5	0	0	4	2	0	RECORDED_NAME_QUERIES_TRAVERSED_NOT_PRIMARY_REVIEW	False	0	0	0	0			0	0	0			0		OPEN
CHEBI:83215	albomycin δ2	data/antibiotics/antibacterial/albomycin-δ2.yaml	RQZRKFJHRUDTLB-IDJYBIRTSA-N	ANTIBACTERIAL	d069099c4b398ae761d7927d60f5accd55eed2286c6da8a905b51ccb70be2d6e	0	0	4	2	0	RECORDED_NAME_QUERIES_TRAVERSED_NOT_PRIMARY_REVIEW	False	0	0	0	0			0	0	0			0		OPEN
CHEBI:83217	albomycin ε	data/antibiotics/antibacterial/albomycin-ε.yaml	VQCJCCMAGPCDIK-DFBZBFILSA-N	ANTIBACTERIAL	6b79d47a7b76b88f6a763290fda2c869cd1965cf393c017fb65ea55cd2b55d64	0	0	4	2	0	RECORDED_NAME_QUERIES_TRAVERSED_NOT_PRIMARY_REVIEW	False	0	0	0	0			0	0	0			0		OPEN
CHEBI:83218	dimoxystrobin	data/antibiotics/antifungal/dimoxystrobin.yaml	WXUZAHCNPWONDH-DYTRJAOYSA-N	ANTIFUNGAL	ac5350175348cc641b47ce12a121d03e93aaf9cc93452a4ae3001026fb168dff	0	0	5	2	0	RECORDED_NAME_QUERIES_TRAVERSED_NOT_PRIMARY_REVIEW	False	0	0	0	0			0	0	0			0		OPEN
CHEBI:83220	fenaminstrobin	data/antibiotics/antifungal/fenaminstrobin.yaml	RBWGTZRSEOIHFD-UHUFKFKFSA-N	ANTIFUNGAL	447141c15efcd74c25b0a39a43f5a85e9232b3fd5a474aba7026b922c9e91944	0	0	8	3	0	RECORDED_NAME_QUERIES_TRAVERSED_NOT_PRIMARY_REVIEW	False	0	0	0	0			0	0	0			0		OPEN
CHEBI:83253	fluoxastrobin	data/antibiotics/antifungal/fluoxastrobin.yaml	UFEODZBUAFNAEU-NLRVBDNBSA-N	ANTIFUNGAL	2b65dc6e5851cc740a3a3b20a178f191c80d4655c33d557a35ae5d2f0f5899e8	0	0	3	2	0	RECORDED_NAME_QUERIES_TRAVERSED_NOT_PRIMARY_REVIEW	False	0	0	0	0			0	0	0			0		OPEN
CHEBI:83258	fenamidone	data/antibiotics/antifungal/fenamidone.yaml	LMVPQMGRYSRMIW-KRWDZBQOSA-N	ANTIFUNGAL	f76d9cd2648535ad8760b80ed57421431e28b6a24e4d4463beffb53b8d1e8d60	0	0	5	2	0	RECORDED_NAME_QUERIES_TRAVERSED_NOT_PRIMARY_REVIEW	False	0	0	0	0			0	0	0			0		OPEN
CHEBI:83261	pyribencarb	data/antibiotics/antifungal/pyribencarb.yaml	CRFYLQMIDWBKRT-LPYMAVHISA-N	ANTIFUNGAL	d7cecdeb142ebe5f717bc2f271c21462e5bbccf24aba7a883e3176e3a5a99448	0	0	5	2	0	RECORDED_NAME_QUERIES_TRAVERSED_NOT_PRIMARY_REVIEW	False	0	0	0	0			0	0	0			0		OPEN
CHEBI:83265	papuamide B	data/antibiotics/antiviral/papuamide-b.yaml	HQVFHDUBRNXXHV-LZHJWXOHSA-N	ANTIVIRAL	7589bfd64fa2e9712c915e967d56da3ba1c6204dba583e8c8573c03319b1d4dd	0	0	1	1	0	RECORDED_NAME_QUERIES_TRAVERSED_NOT_PRIMARY_REVIEW	False	0	0	0	0			0	0	0			0		OPEN
CHEBI:83266	tebufloquin	data/antibiotics/antifungal/tebufloquin.yaml	LWLJEQHTPVPKSJ-UHFFFAOYSA-N	ANTIFUNGAL	ae289f08bdd8987e7d774e395bef45c271e8d20b8f5714a33e0a44318f66ad39	0	0	2	2	0	RECORDED_NAME_QUERIES_TRAVERSED_NOT_PRIMARY_REVIEW	False	0	0	0	0			0	0	0			0		OPEN
CHEBI:83275	hypothemycin	data/antibiotics/antifungal/hypothemycin.yaml	SSNQAUBBJYCSMY-KNTMUCJRSA-N	ANTIFUNGAL	4e6eabe95626eb1311310dc80cf24069c3c32ad127be07d04671b74f1feec4d6	0	0	2	2	0	RECORDED_NAME_QUERIES_TRAVERSED_NOT_PRIMARY_REVIEW	False	0	0	0	0			0	0	0			0		OPEN
CHEBI:83277	flutianil	data/antibiotics/antifungal/flutianil.yaml	KGXUEPOHGFWQKF-ZCXUNETKSA-N	ANTIFUNGAL	fb01a8adddcc4e94d7eeaeee6deef9180c87762279098f124269ae3fae4385e8	0	0	4	2	0	RECORDED_NAME_QUERIES_TRAVERSED_NOT_PRIMARY_REVIEW	False	0	0	0	0			0	0	0			0		OPEN
CHEBI:83279	3-iodoprop-2-yn-1-yl butylcarbamate	data/antibiotics/antifungal/3-iodoprop-2-yn-1-yl-butylcarbamate.yaml	WYVVKGNFXHOCQV-UHFFFAOYSA-N	ANTIFUNGAL	97025e763f33032fa9a4200fc4a1df4087cd8fde840910f85e2ec681adac5ac4	0	0	12	4	0	RECORDED_NAME_QUERIES_TRAVERSED_NOT_PRIMARY_REVIEW	False	0	0	0	0			0	0	0			0		OPEN
CHEBI:83297	4-dodecyl-2,6-dimethylmorpholine	data/antibiotics/antifungal/4-dodecyl-2-6-dimethylmorpholine.yaml	SBUKOHLFHYSZNG-UHFFFAOYSA-N	ANTIFUNGAL	916d9ece32effbacd2141ee64223ced43b40716b39f9b41402aaa33b1e5e1abc	0	0	4	2	0	RECORDED_NAME_QUERIES_TRAVERSED_NOT_PRIMARY_REVIEW	False	0	0	0	0			0	0	0			0		OPEN
CHEBI:83298	cis-4-dodecyl-2,6-dimethylmorpholine	data/antibiotics/antifungal/cis-4-dodecyl-2-6-dimethylmorpholine.yaml	SBUKOHLFHYSZNG-HDICACEKSA-N	ANTIFUNGAL	bb791de71fa6bfb4159dca1e55cb5265da5d929dd2bdb04b07be49ce2722a552	0	0	4	2	0	RECORDED_NAME_QUERIES_TRAVERSED_NOT_PRIMARY_REVIEW	False	0	0	0	0			0	0	0			0		OPEN
CHEBI:83300	(2S,6S)-4-dodecyl-2,6-dimethylmorpholine	data/antibiotics/antifungal/2s-6s-4-dodecyl-2-6-dimethylmorpholine.yaml	SBUKOHLFHYSZNG-ROUUACIJSA-N	ANTIFUNGAL	d4f9845c99c0b3f2800fa75f3aa3bebfe0ed9fa3b0a2bbb5e4b78619d842b74e	0	0	3	2	0	RECORDED_NAME_QUERIES_TRAVERSED_NOT_PRIMARY_REVIEW	False	0	0	0	0			0	0	0			0		OPEN
CHEBI:83301	(2R,6R)-4-dodecyl-2,6-dimethylmorpholine	data/antibiotics/antifungal/2r-6r-4-dodecyl-2-6-dimethylmorpholine.yaml	SBUKOHLFHYSZNG-QZTJIDSGSA-N	ANTIFUNGAL	7330d98c1466cd68c3f1a66b23a5bbc1b7b48baccec9e0a15a1bfabae423a1e5	0	0	2	2	0	RECORDED_NAME_QUERIES_TRAVERSED_NOT_PRIMARY_REVIEW	False	0	0	0	0			0	0	0			0		OPEN
CHEBI:83305	oritavancin bisphosphate	data/antibiotics/antibacterial/oritavancin-bisphosphate.yaml	PWTROOMOPLCZHB-BHYQHFGMSA-N	ANTIBACTERIAL	dc075b20183a8b920d8c159421cc6b4ea80c86a567a28d780e21179ee4024785	0	0	7	3	0	RECORDED_NAME_QUERIES_TRAVERSED_NOT_PRIMARY_REVIEW	False	0	0	0	0			0	0	0			0		OPEN
CHEBI:83326	tedizolid phosphate	data/antibiotics/unspecified/tedizolid-phosphate.yaml	QCGUSIANLFXSGE-GFCCVEGCSA-N	ANTIMICROBIAL_UNSPECIFIED	10ff3db6e139900e03a714594fcc4206009413e7b945ee42fe9b3a2ef59bbe79	0	0	7	3	0	RECORDED_NAME_QUERIES_TRAVERSED_NOT_PRIMARY_REVIEW	False	0	0	0	0			0	0	0			0		OPEN
CHEBI:83327	fenpyrazamine	data/antibiotics/antifungal/fenpyrazamine.yaml	UTOHZQYBSYOOGC-UHFFFAOYSA-N	ANTIFUNGAL	c2fb83b325079a2c978f77b11a427e3a7ebfc00d757fd37fd3aa28db2ef4d3e4	0	0	6	3	0	RECORDED_NAME_QUERIES_TRAVERSED_NOT_PRIMARY_REVIEW	False	0	0	0	0			0	0	0			0		OPEN
CHEBI:83335	triazoxide	data/antibiotics/antifungal/triazoxide.yaml	IQGKIPDJXCAMSM-UHFFFAOYSA-N	ANTIFUNGAL	f4a9f263555c19e4c6f8eb8c201557d1a60743e26f8946db73ef250023c86c55	0	0	3	2	0	RECORDED_NAME_QUERIES_TRAVERSED_NOT_PRIMARY_REVIEW	False	0	0	0	0			0	0	0			0		OPEN
CHEBI:83341	tecloftalam	data/antibiotics/antibacterial/tecloftalam.yaml	ROZUQUDEWZIBHV-UHFFFAOYSA-N	ANTIBACTERIAL	7d65b184084594669a843155242b8a0bfc5f572fffd05b4e8c9794c48f91e728	0	0	12	4	0	RECORDED_NAME_QUERIES_TRAVERSED_NOT_PRIMARY_REVIEW	False	0	0	0	0			0	0	0			0		OPEN
CHEBI:83345	metrafenone	data/antibiotics/antifungal/metrafenone.yaml	AMSPWOYQQAWRRM-UHFFFAOYSA-N	ANTIFUNGAL	211dd2764cad3c453d983af96a1321da58b1bc546e6217a6943965c558710136	0	0	5	2	0	RECORDED_NAME_QUERIES_TRAVERSED_NOT_PRIMARY_REVIEW	False	0	0	0	0			0	0	0			0		OPEN
CHEBI:83346	pyriofenone	data/antibiotics/antifungal/pyriofenone.yaml	NMVCBWZLCXANER-UHFFFAOYSA-N	ANTIFUNGAL	304aa94a8957d415c78155a7529b273e7028d4c6fb559915ce516e5fa37d88df	0	0	6	3	0	RECORDED_NAME_QUERIES_TRAVERSED_NOT_PRIMARY_REVIEW	False	0	0	0	0			0	0	0			0		OPEN
CHEBI:83365	2,6-dimethyl-4-tridecylmorpholine	data/antibiotics/antifungal/2-6-dimethyl-4-tridecylmorpholine.yaml	YTOPFCCWCSOHFV-UHFFFAOYSA-N	ANTIFUNGAL	26ad5944bf031b64d364967ab88b348f0939aa1f20cf5deb0edab6bd5dbbf494	0	0	3	2	0	RECORDED_NAME_QUERIES_TRAVERSED_NOT_PRIMARY_REVIEW	False	0	0	0	0			0	0	0			0		OPEN
CHEBI:83368	2,6-dimethyl-4-undecylmorpholine	data/antibiotics/antifungal/2-6-dimethyl-4-undecylmorpholine.yaml	LVHAEMOCOJOUOD-UHFFFAOYSA-N	ANTIFUNGAL	13107a74e55e8b684847ae86c3842f5435730ce8ecbe4e7e15c9fb912f744b3a	0	0	3	2	0	RECORDED_NAME_QUERIES_TRAVERSED_NOT_PRIMARY_REVIEW	False	0	0	0	0			0	0	0			0		OPEN
CHEBI:83370	2,6-dimethyl-4-tetradecylmorpholine	data/antibiotics/antifungal/2-6-dimethyl-4-tetradecylmorpholine.yaml	RHIAIJKBSAWEJK-UHFFFAOYSA-N	ANTIFUNGAL	92bd1de9056c21b290ed57ea621a57135179bc239b003bde2a00437296d765bc	0	0	3	2	0	RECORDED_NAME_QUERIES_TRAVERSED_NOT_PRIMARY_REVIEW	False	0	0	0	0			0	0	0			0		OPEN
CHEBI:83393	silthiofam	data/antibiotics/antifungal/silthiofam.yaml	MXMXHPPIGKYTAR-UHFFFAOYSA-N	ANTIFUNGAL	49172ae054d382b36eb77975f053a9bd0c3c3a129b21f3ff5021a553d5e46004	0	0	6	3	0	RECORDED_NAME_QUERIES_TRAVERSED_NOT_PRIMARY_REVIEW	False	0	0	0	0			0	0	0			0		OPEN
CHEBI:83398	ametoctradin	data/antibiotics/antifungal/ametoctradin.yaml	GGKQIOFASHYUJZ-UHFFFAOYSA-N	ANTIFUNGAL	17dcb4afb12714b3bdf30d0aa32b0d08691b5e6cdc0957254d6c374aee1fdd5a	0	0	5	2	0	RECORDED_NAME_QUERIES_TRAVERSED_NOT_PRIMARY_REVIEW	False	0	0	0	0			0	0	0			0		OPEN
CHEBI:83427	(Z)-dimethomorph	data/antibiotics/antifungal/z-dimethomorph.yaml	QNBTYORWCCMPQP-JXAWBTAJSA-N	ANTIFUNGAL	c3f7ea437f2c730a0b4d747a0067664bb8c03f13c0e99a8f55d3b44d159be5b7	0	0	4	2	0	RECORDED_NAME_QUERIES_TRAVERSED_NOT_PRIMARY_REVIEW	False	0	0	0	0			0	0	0			0		OPEN
CHEBI:83428	flumorph	data/antibiotics/antifungal/flumorph.yaml	BKBSMMUEEAWFRX-UHFFFAOYSA-N	ANTIFUNGAL	b3e2ad32a018df2090571683beff2ea5ce409d152ca2af8ada9030876d83a160	0	0	2	2	0	RECORDED_NAME_QUERIES_TRAVERSED_NOT_PRIMARY_REVIEW	False	0	0	0	0			0	0	0			0		OPEN
CHEBI:8349	pradimicin A	data/antibiotics/antifungal/pradimicin-a.yaml	WPICPWIIIBCXCV-NJGWPHBESA-N	ANTIFUNGAL	56c56d06aa16c5f1866f2152def92e4853ed615eaff2ab70e35ee55910ed6f5c	0	0	2	2	0	RECORDED_NAME_QUERIES_TRAVERSED_NOT_PRIMARY_REVIEW	False	0	0	0	0			0	0	0			0		OPEN
CHEBI:8350	pradimicin B	data/antibiotics/antifungal/pradimicin-b.yaml	DHQWPIXFALDZDJ-LPEZYDJLSA-N	ANTIFUNGAL	4fdd4ed5629119bce7590c5e6761b8ae29eaa0a097fa15dbd186eb4f8c23d0df	0	0	2	2	0	RECORDED_NAME_QUERIES_TRAVERSED_NOT_PRIMARY_REVIEW	False	0	0	0	0			0	0	0			0		OPEN
CHEBI:8351	pradimicin C	data/antibiotics/antifungal/pradimicin-c.yaml	IHIIRQILYAXIOH-NUVDETJMSA-N	ANTIFUNGAL	1bdd56d1cee9e4dece2d3569ae3405fcc683e87adf27b948fa5e9073529d1bc9	0	0	3	2	0	RECORDED_NAME_QUERIES_TRAVERSED_NOT_PRIMARY_REVIEW	False	0	0	0	0			0	0	0			0		OPEN
CHEBI:83518	4,5-dichloro-2-n-octyl-3(2H)-isothiazolone	data/antibiotics/antifungal/4-5-dichloro-2-n-octyl-3-2h-isothiazolone.yaml	PORQOHRXAJJKGK-UHFFFAOYSA-N	ANTIFUNGAL	d2b3fac6a3230e7fe05edc751f4da6a7a9b3b40b99489093c65f947323fd7793	0	0	5	2	0	RECORDED_NAME_QUERIES_TRAVERSED_NOT_PRIMARY_REVIEW	False	0	0	0	0			0	0	0			0		OPEN
CHEBI:83555	proquinazid	data/antibiotics/antifungal/proquinazid.yaml	FLVBXVXXXMLMOX-UHFFFAOYSA-N	ANTIFUNGAL	c93eeaa9109d73d64f6f4ff8e5031f19ebc02b66723a0bb60ffe9c5f1f7cab3a	0	0	3	2	0	RECORDED_NAME_QUERIES_TRAVERSED_NOT_PRIMARY_REVIEW	False	0	0	0	0			0	0	0			0		OPEN
CHEBI:83601	benthiavalicarb	data/antibiotics/antifungal/benthiavalicarb.yaml	VVSLYIKSEBPRSN-PELKAZGASA-N	ANTIFUNGAL	02727d5faface8d76a381ad3d5e971f17d64ac3e84755997165b840442cc6fb2	0	0	5	2	0	RECORDED_NAME_QUERIES_TRAVERSED_NOT_PRIMARY_REVIEW	False	0	0	0	0			0	0	0			0		OPEN
CHEBI:83606	fenticonazole nitrate	data/antibiotics/antibacterial/fenticonazole-nitrate.yaml	FJNRUWDGCVDXLU-UHFFFAOYSA-N	ANTIBACTERIAL	17774fcad7dda895dbd348326bdc2691ee73e06cf3ca9194b23ea81bc00adb3a	0	0	6	3	0	RECORDED_NAME_QUERIES_TRAVERSED_NOT_PRIMARY_REVIEW	False	0	0	0	0			0	0	0			0		OPEN
CHEBI:83610	valifenalate	data/antibiotics/antifungal/valifenalate.yaml	DBXFMOWZRXXBRN-LWKPJOBUSA-N	ANTIFUNGAL	1bebd4fc35ce3c1875122175633e6dec4ff1885b52f1d811bd43e29effbd1d89	0	0	6	3	0	RECORDED_NAME_QUERIES_TRAVERSED_NOT_PRIMARY_REVIEW	False	0	0	0	0			0	0	0			0		OPEN
CHEBI:83657	isotianil	data/antibiotics/antifungal/isotianil.yaml	WLPCAERCXQSYLQ-UHFFFAOYSA-N	ANTIFUNGAL	d9dc70ce9a2f9dce993fc6d32d9ac7491682763de5bada564c5bd26b921e7710	0	0	3	2	0	RECORDED_NAME_QUERIES_TRAVERSED_NOT_PRIMARY_REVIEW	False	0	0	0	0			0	0	0			0		OPEN
CHEBI:83663	pyrimorph	data/antibiotics/antifungal/pyrimorph.yaml	BAUQXSYUDSNRHL-UHFFFAOYSA-N	ANTIFUNGAL	62d7496093d2b8b5b0320a9d64f9616a3ef984fd3600b15e383d9883ebe28ed1	0	0	3	2	0	RECORDED_NAME_QUERIES_TRAVERSED_NOT_PRIMARY_REVIEW	False	0	0	0	0			0	0	0			0		OPEN
CHEBI:83685	arasertaconazole	data/antibiotics/antibacterial/arasertaconazole.yaml	JLGKQTAYUIMGRK-IBGZPJMESA-N	ANTIBACTERIAL	4852617fc7d28f4803c097a1bccb50a02e52412e25ae65b9a3482958ad00fe94	0	0	5	2	0	RECORDED_NAME_QUERIES_TRAVERSED_NOT_PRIMARY_REVIEW	False	0	0	0	0			0	0	0			0		OPEN
CHEBI:83692	arasertaconazole nitrate	data/antibiotics/antifungal/arasertaconazole-nitrate.yaml	HAAITRDZHUANGT-FYZYNONXSA-N	ANTIFUNGAL	70badf797f8d1c95aceffb294954bc3bc59c159fe6dfe41893580cc373567462	0	0	3	2	0	RECORDED_NAME_QUERIES_TRAVERSED_NOT_PRIMARY_REVIEW	False	0	0	0	0			0	0	0			0		OPEN
CHEBI:83707	flutriafol	data/antibiotics/antifungal/flutriafol.yaml	JWUCHKBSVLQQCO-UHFFFAOYSA-N	ANTIFUNGAL	911308e6c8c46fff29fa3c91b35b5c790b54a94ccfd550e6b8ed8e8ee7f8415f	1	0	1	1	0	RECORDED_NAME_QUERIES_TRAVERSED_NOT_PRIMARY_REVIEW	False	1	1	0	1			0	0	0			0		OPEN
CHEBI:83711	hexaconazole	data/antibiotics/antifungal/hexaconazole.yaml	STMIIPIFODONDC-UHFFFAOYSA-N	ANTIFUNGAL	c5f0876a081ac83956fb431f40bb0b38c2c622bdc1cb897f16db0272683dc59b	0	0	1	1	0	RECORDED_NAME_QUERIES_TRAVERSED_NOT_PRIMARY_REVIEW	False	0	0	0	0			0	0	0			0		OPEN
CHEBI:83748	cyproconazole	data/antibiotics/antifungal/cyproconazole.yaml	UFNOUKDBUJZYDE-UHFFFAOYSA-N	ANTIFUNGAL	274217bcdb3f3930bea5338d433c44421858e858a1bffb09b8f59c46fc63acb5	2	0	1	1	0	RECORDED_NAME_QUERIES_TRAVERSED_NOT_PRIMARY_REVIEW	False	2	2	0	2			0	0	0			0		OPEN
CHEBI:83779	tebuconazole	data/antibiotics/antifungal/tebuconazole.yaml	PXMNMQRDXWABCY-UHFFFAOYSA-N	ANTIFUNGAL	0c6380aed52552a312323986c4baddb7f3e065d9c553876b127bbdf357db6dda	13	0	1	1	1	RECORDED_NAME_QUERIES_TRAVERSED_NOT_PRIMARY_REVIEW	False	13	13	0	13			0	0	0			0		OPEN
CHEBI:83800	daclatasvir hydrochloride	data/antibiotics/antiviral/daclatasvir-hydrochloride.yaml	BVZLLUDATICXCI-JMSCDMLISA-N	ANTIVIRAL	fc69278bcbd01e65ae236da4f1bf92ea368be635822ac6044a0d7e51b5eaa472	0	0	7	3	0	RECORDED_NAME_QUERIES_TRAVERSED_NOT_PRIMARY_REVIEW	False	0	0	0	0			0	0	0			0		OPEN
CHEBI:83823	pyrisoxazole	data/antibiotics/antifungal/pyrisoxazole.yaml	DHTJFQWHCVTNRY-OEMAIJDKSA-N	ANTIFUNGAL	0e2ee936a93d7638a1c3cf49f9335f99874692fa8d0b95c8860c975f80a41e1a	3	0	3	2	0	RECORDED_NAME_QUERIES_TRAVERSED_NOT_PRIMARY_REVIEW	False	0	0	0	0			0	0	0			0		OPEN
CHEBI:83911	diniconazole-M	data/antibiotics/antifungal/diniconazole-m.yaml	FBOUIAKEJMZPQG-BLXFFLACSA-N	ANTIFUNGAL	554547fd33f4f4bbc1b16f9b5f1af8687945a32fc7e92cb7ebf15b18c323a96a	0	0	7	3	0	RECORDED_NAME_QUERIES_TRAVERSED_NOT_PRIMARY_REVIEW	False	0	0	0	0			0	0	0			0		OPEN
CHEBI:83920	fenbuconazole	data/antibiotics/antifungal/fenbuconazole.yaml	RQDJADAKIFFEKQ-UHFFFAOYSA-N	ANTIFUNGAL	501d6166c8db6264093ee061293646ed3cf16c7638eac8ff7013ccbc6e10c965	1	0	1	1	0	RECORDED_NAME_QUERIES_TRAVERSED_NOT_PRIMARY_REVIEW	False	1	1	0	1			0	0	0			0		OPEN
CHEBI:83923	fluquinconazole	data/antibiotics/antifungal/fluquinconazole.yaml	IJJVMEJXYNJXOJ-UHFFFAOYSA-N	ANTIFUNGAL	a72f6512c5f7f5f8b667fbffa78780688bbc8e6700493803415c6eeab1ff9a37	0	0	3	2	0	RECORDED_NAME_QUERIES_TRAVERSED_NOT_PRIMARY_REVIEW	False	0	0	0	0			0	0	0			0		OPEN
CHEBI:83924	strobilurin B	data/antibiotics/antifungal/strobilurin-b.yaml	ZDIQYKMDNQULMX-PJUQCDRASA-N	ANTIFUNGAL	eadaec79d0105e06455cb1e317f40c4d414522d0e23e765ccab00135c94e515c	0	0	2	2	0	RECORDED_NAME_QUERIES_TRAVERSED_NOT_PRIMARY_REVIEW	False	0	0	0	0			0	0	0			0		OPEN
CHEBI:83959	hygrolidin	data/antibiotics/unspecified/hygrolidin.yaml	GEZBIZMDLMTFDB-KJKHOEIASA-N	ANTIMICROBIAL_UNSPECIFIED	5505f1410a3d881315d25f36dd89e56bb72ff3779f5f980bed20e27310956418	0	0	2	2	0	RECORDED_NAME_QUERIES_TRAVERSED_NOT_PRIMARY_REVIEW	False	0	0	0	0			0	0	0			0		OPEN
CHEBI:84033	fosetyl-Al	data/antibiotics/antifungal/fosetyl-al.yaml	ZKZMJOFIHHZSRW-UHFFFAOYSA-K	ANTIFUNGAL	d7c711ee2742bcc4664f53cfab562efe072e7a0fd75a89eae598e111981a2930	0	0	9	3	0	RECORDED_NAME_QUERIES_TRAVERSED_NOT_PRIMARY_REVIEW	False	0	0	0	0			0	0	0			0		OPEN
CHEBI:84035	pyridoxatin	data/antibiotics/unspecified/pyridoxatin.yaml	OQJADHLOEAOIGC-NOHGZBONSA-N	ANTIMICROBIAL_UNSPECIFIED	d7ab7454d7c378e5ef2f0ae3e4a08aa5b1a51342f38ee3b34a2881b4d6ad8a31	0	0	7	3	0	RECORDED_NAME_QUERIES_TRAVERSED_NOT_PRIMARY_REVIEW	False	0	0	0	0			0	0	0			0		OPEN
CHEBI:84037	ravidomycin	data/antibiotics/unspecified/ravidomycin.yaml	GHLIFBNIGXVDHM-VQXSZRIGSA-N	ANTIMICROBIAL_UNSPECIFIED	1607ce83e0bdb856ae0b5bbe3361806a1d782e5836329fd44b66a0e9281e6349	0	0	3	2	0	RECORDED_NAME_QUERIES_TRAVERSED_NOT_PRIMARY_REVIEW	False	0	0	0	0			0	0	0			0		OPEN
CHEBI:8405	primaquine	data/antibiotics/antiprotozoal/primaquine.yaml	INDBQLZJXZLFIT-UHFFFAOYSA-N	ANTIPROTOZOAL	0927632ae786857e98ac8f0d3a20e9d6a991c1cc85d671ccfa76b7be6adb28fd	0	0	11	4	1	RECORDED_NAME_QUERIES_TRAVERSED_NOT_PRIMARY_REVIEW	False	0	0	0	0			0	0	0			0		OPEN
CHEBI:84073	aminocandin	data/antibiotics/antifungal/aminocandin.yaml	UMNFJRNUJIBDSK-NMVZEWDOSA-N	ANTIFUNGAL	c515dfd9f831212afdc71d5badca8c321499e4475c380ba3e899078bc52eaec0	0	0	4	2	0	RECORDED_NAME_QUERIES_TRAVERSED_NOT_PRIMARY_REVIEW	False	0	0	0	0			0	0	0			0		OPEN
CHEBI:8413	primin	data/antibiotics/unspecified/primin.yaml	WLWIMKWZMGJRBS-UHFFFAOYSA-N	ANTIMICROBIAL_UNSPECIFIED	1435e68527f8581ce0b1a500002d4b607cb2f6de288ce5558c79e6a7fa3b22f1	0	0	7	3	0	RECORDED_NAME_QUERIES_TRAVERSED_NOT_PRIMARY_REVIEW	False	0	0	0	0			0	0	0			0		OPEN
CHEBI:8417	pristinamycin IA	data/antibiotics/antibacterial/pristinamycin-ia.yaml	YGXCETJZBDTKRY-DZCVGBHJSA-N	ANTIBACTERIAL	48ce58e40c27acd5d72dc044ad9d8ec4ebe4815f68e9a2796d725693b9ca66ad	28	0	12	4	1	RECORDED_NAME_QUERIES_TRAVERSED_NOT_PRIMARY_REVIEW	False	28	28	21	7	UniProtKB:A0A1W7M2R8|UniProtKB:A0A3N5BJC3|UniProtKB:A0A3R7IWB8|UniProtKB:A0A6I0LAE8|UniProtKB:A0A829QAF6|UniProtKB:F3ZTT0|UniProtKB:I7J507|UniProtKB:L7N623|UniProtKB:O87275|UniProtKB:P06572|UniProtKB:P07287|UniProtKB:P09891|UniProtKB:P0A0H3|UniProtKB:P10337|UniProtKB:Q00014|UniProtKB:Q04720|UniProtKB:Q6RX35|UniProtKB:Q6XFQ7|UniProtKB:Q79N53|UniProtKB:Q8KLN5|UniProtKB:Q9K2Z3	NCBITaxon:1038928|NCBITaxon:1280|NCBITaxon:1282|NCBITaxon:1288|NCBITaxon:1296|NCBITaxon:1299324|NCBITaxon:1352|NCBITaxon:1392|NCBITaxon:1598|NCBITaxon:1766|NCBITaxon:1772|NCBITaxon:1817405|NCBITaxon:29382|NCBITaxon:31956|NCBITaxon:405948|NCBITaxon:42858|NCBITaxon:679937|NCBITaxon:79880|NCBITaxon:817|NCBITaxon:820|NCBITaxon:83331	0	0	0			0		OPEN
CHEBI:8418	pristinamycin IB	data/antibiotics/antibacterial/pristinamycin-ib.yaml	PCOXSOQWQVRJCH-UHFFFAOYSA-N	ANTIBACTERIAL	2658e30a7c30bda500edae25353957a15a096084773ff589e5316ca8e833d925	24	0	2	2	0	RECORDED_NAME_QUERIES_TRAVERSED_NOT_PRIMARY_REVIEW	False	24	24	19	5	UniProtKB:A0A3R7IWB8|UniProtKB:A0A6I0LAE8|UniProtKB:A0A7D3QFM0|UniProtKB:A0A829QAF6|UniProtKB:F3ZTT0|UniProtKB:L7N623|UniProtKB:O87275|UniProtKB:P06572|UniProtKB:P07287|UniProtKB:P09891|UniProtKB:P0A0H3|UniProtKB:P10337|UniProtKB:Q00014|UniProtKB:Q04720|UniProtKB:Q6RX35|UniProtKB:Q6XFQ7|UniProtKB:Q79N53|UniProtKB:Q8KLN5|UniProtKB:Q9K2Z3	NCBITaxon:1038928|NCBITaxon:1280|NCBITaxon:1282|NCBITaxon:1296|NCBITaxon:1299324|NCBITaxon:1352|NCBITaxon:1392|NCBITaxon:1598|NCBITaxon:1766|NCBITaxon:1772|NCBITaxon:29382|NCBITaxon:31956|NCBITaxon:405948|NCBITaxon:43767|NCBITaxon:679937|NCBITaxon:79880|NCBITaxon:817|NCBITaxon:820|NCBITaxon:83331	0	0	0			0		OPEN
CHEBI:84192	teixobactin	data/antibiotics/antibacterial/teixobactin.yaml	LMBFAGIMSUYTBN-MPZNNTNKSA-N	ANTIBACTERIAL	a47b1491688aa166e37b39198181e2938246355e334e62a8c198197cddb9d856	0	0	2	2	0	RECORDED_NAME_QUERIES_TRAVERSED_NOT_PRIMARY_REVIEW	False	0	0	0	0			0	0	0			0		OPEN
CHEBI:84310	anticapsin zwitterion	data/antibiotics/unspecified/anticapsin-zwitterion.yaml	KHVZXXWDPSCGEK-MGVQOFIGSA-N	ANTIMICROBIAL_UNSPECIFIED	5f7bd1c204c48fdfca5c9158d70955195b0b48e9538c5e582cfe58625601e559	0	0	4	2	0	RECORDED_NAME_QUERIES_TRAVERSED_NOT_PRIMARY_REVIEW	False	0	0	0	0			0	0	0			0		OPEN
CHEBI:84328	(9Z)-heptadecenoic acid	data/antibiotics/antifungal/9z-heptadecenoic-acid.yaml	QSBYPNXLFMSGKH-HJWRWDBZSA-N	ANTIFUNGAL	1ed166b5921b4dd2cfd76ea51d0d7fd4f8ee1c80ba1972f9dafa2a2531978558	0	0	3	2	0	RECORDED_NAME_QUERIES_TRAVERSED_NOT_PRIMARY_REVIEW	False	0	0	0	0			0	0	0			0		OPEN
CHEBI:8434	prochloraz	data/antibiotics/antifungal/prochloraz.yaml	TVLSRXXIMLFWEO-UHFFFAOYSA-N	ANTIFUNGAL	1c317b0e9d1aaeafbe3cfc23f0a88dd98aeafbdeffb38a41327402e87f7ea4d2	7	0	2	2	1	RECORDED_NAME_QUERIES_TRAVERSED_NOT_PRIMARY_REVIEW	True	4	4	0	4			3	3	0	duan-2018-reference-subject-context|wang-2020-reference-context		0		OPEN
CHEBI:8450	procymidone	data/antibiotics/antifungal/procymidone.yaml	QXJKBPAVAHBARF-BETUJISGSA-N	ANTIFUNGAL	3514a39780b37ee0358d7a0bfc9342ceda357150dd48744fc24f35dc2bb9960c	0	0	4	2	0	RECORDED_NAME_QUERIES_TRAVERSED_NOT_PRIMARY_REVIEW	False	0	0	0	0			0	0	0			0		OPEN
CHEBI:8452	3,6-diaminoacridine	data/antibiotics/antibacterial/3-6-diaminoacridine.yaml	WDVSHHCDHLJJJR-UHFFFAOYSA-N	ANTIBACTERIAL	b9a16e51eabccf6219393a1ac6189afe2598dfba8f8ea8d9ba1c763ffdd6cc34	0	0	10	4	0	RECORDED_NAME_QUERIES_TRAVERSED_NOT_PRIMARY_REVIEW	False	0	0	0	0			0	0	0			0		OPEN
CHEBI:8455	proguanil	data/antibiotics/antiprotozoal/proguanil.yaml	SSOLNOMRVKKSON-UHFFFAOYSA-N	ANTIPROTOZOAL	b650f3a92115d33be702355d2a26521564f7567df4876277350aa13af9bd4719	0	0	7	3	1	RECORDED_NAME_QUERIES_TRAVERSED_NOT_PRIMARY_REVIEW	False	0	0	0	0			0	0	0			0		OPEN
CHEBI:8461	promethazine	data/antibiotics/antiviral/promethazine.yaml	PWWVAXIEGOYWEE-UHFFFAOYSA-N	ANTIVIRAL	7d52c3a8d75759bd02a500f0aef8367ee65350231b5c2d8ff61362496f665cf8	0	0	12	4	0	RECORDED_NAME_QUERIES_TRAVERSED_NOT_PRIMARY_REVIEW	False	0	0	0	0			0	0	0			0		OPEN
CHEBI:8462	promethazine hydrochloride	data/antibiotics/antiviral/promethazine-hydrochloride.yaml	XXPDBLUZJRXNNZ-UHFFFAOYSA-N	ANTIVIRAL	8966bbc186d36d5d44392308412525b2c499d86724fd56c90d2aa949064dff34	0	0	10	4	0	RECORDED_NAME_QUERIES_TRAVERSED_NOT_PRIMARY_REVIEW	False	0	0	0	0			0	0	0			0		OPEN
CHEBI:8464	prontosil	data/antibiotics/antibacterial/prontosil.yaml	ABBQGOCHXSPKHJ-WUKNDPDISA-N	ANTIBACTERIAL	e0c06f52ca954d473cf5ec3aa3796256ccdfac2816db9c7c22224a7842324fc1	0	0	7	3	0	RECORDED_NAME_QUERIES_TRAVERSED_NOT_PRIMARY_REVIEW	False	0	0	0	0			0	0	0			0		OPEN
CHEBI:8489	propiconazole	data/antibiotics/antifungal/propiconazole.yaml	STJLVHWMYQXCPB-UHFFFAOYSA-N	ANTIFUNGAL	cd8831ee145625a5367f68b379c6fcc9d75d7fa03155d1df017d9d756108d4c2	6	0	4	2	2	RECORDED_NAME_QUERIES_TRAVERSED_NOT_PRIMARY_REVIEW	True	5	5	0	5			1	1	0	wang-2020-reference-context		0		OPEN
CHEBI:85005	anticapsin	data/antibiotics/unspecified/anticapsin.yaml	KHVZXXWDPSCGEK-MGVQOFIGSA-N	ANTIMICROBIAL_UNSPECIFIED	4eb5a4f917974c25cd69e04d221cf3fa9028736932ff8c13908e649edf0612b3	0	0	3	2	0	RECORDED_NAME_QUERIES_TRAVERSED_NOT_PRIMARY_REVIEW	False	0	0	0	0			0	0	0			0		OPEN
CHEBI:85083	sofosbuvir	data/antibiotics/antiviral/sofosbuvir.yaml	TTZHDVOVKQGIBA-IQWMDFIBSA-N	ANTIVIRAL	683a8590a8d0af70f57765efdb330474a3dd0ced4cb9d68d2c4ecb69e1f39fe7	0	0	7	3	1	RECORDED_NAME_QUERIES_TRAVERSED_NOT_PRIMARY_REVIEW	False	0	0	0	0			0	0	0			0		OPEN
CHEBI:85089	ledipasvir	data/antibiotics/antiviral/ledipasvir.yaml	VRTWBAAJJOHBQU-KMWAZVGDSA-N	ANTIVIRAL	adfb1b1833e234e39e7cf54a29c080ae1b0106c4ce323307496b45b87300c830	0	0	6	3	0	RECORDED_NAME_QUERIES_TRAVERSED_NOT_PRIMARY_REVIEW	False	0	0	0	0			0	0	0			0		OPEN
CHEBI:85129	ristocetin	data/antibiotics/antibacterial/ristocetin.yaml	VUOPFFVAZTUEGW-FBMDODLCSA-N	ANTIBACTERIAL	e58b34a6230782af18d5d04e8a53a1811de29a8ba9787a7ddf8cafe424abaf6a	0	0	2	2	0	RECORDED_NAME_QUERIES_TRAVERSED_NOT_PRIMARY_REVIEW	False	0	0	0	0			0	0	0			0		OPEN
CHEBI:85176	finafloxacin	data/antibiotics/antibacterial/finafloxacin.yaml	FYMHQCNFKNMJAV-HOTGVXAUSA-N	ANTIBACTERIAL	6662b43283e6f514aa8743818932655508c4b008a59c1973d229c0ae5c1c06b8	0	0	3	2	0	RECORDED_NAME_QUERIES_TRAVERSED_NOT_PRIMARY_REVIEW	False	0	0	0	0			0	0	0			0		OPEN
CHEBI:85178	dasabuvir sodium hydrate	data/antibiotics/antiviral/dasabuvir-sodium-hydrate.yaml	OGXIDVVYYFRBGF-UHFFFAOYSA-N	ANTIVIRAL	6b58c1915ef9460ef584c99bd5a388fb2a3ffcaff83c2669c04cf6192db130a8	0	0	4	2	0	RECORDED_NAME_QUERIES_TRAVERSED_NOT_PRIMARY_REVIEW	False	0	0	0	0			0	0	0			0		OPEN
CHEBI:85179	dasabuvir sodium	data/antibiotics/antiviral/dasabuvir-sodium.yaml	VZCGKKLFRJCTFM-UHFFFAOYSA-N	ANTIVIRAL	0bcdd98cd8e3a938a395a233dd9d49793656f34a0d03bf94fa3f8da3466ab378	0	0	4	2	0	RECORDED_NAME_QUERIES_TRAVERSED_NOT_PRIMARY_REVIEW	False	0	0	0	0			0	0	0			0		OPEN
CHEBI:85182	dasabuvir	data/antibiotics/antiviral/dasabuvir.yaml	NBRBXGKOEOGLOI-UHFFFAOYSA-N	ANTIVIRAL	367120ff65cc002649525ff2db1b21c77b7cb6e5d33ebad97cc6fe0aa8710629	1	0	3	2	0	RECORDED_NAME_QUERIES_TRAVERSED_NOT_PRIMARY_REVIEW	False	0	0	0	0			0	0	0			0		OPEN
CHEBI:85183	ombitasvir	data/antibiotics/antiviral/ombitasvir.yaml	PIDFDZJZLOTZTM-KHVQSSSXSA-N	ANTIVIRAL	fe671e66ce09b290fdd5eb4c1599b4a3700da88ecfed265d4eb9df05edf1107c	0	0	4	2	0	RECORDED_NAME_QUERIES_TRAVERSED_NOT_PRIMARY_REVIEW	False	0	0	0	0			0	0	0			0		OPEN
CHEBI:85188	paritaprevir	data/antibiotics/antiviral/paritaprevir.yaml	UAUIUKWPKRJZJV-MDJGTQRPSA-N	ANTIVIRAL	2e089bd121c42d0e98921909d958e69259f141f5cdf09f653d258a365dfab73c	1	0	5	2	0	RECORDED_NAME_QUERIES_TRAVERSED_NOT_PRIMARY_REVIEW	False	0	0	0	0			0	0	0			0		OPEN
CHEBI:85192	tazobactam sodium	data/antibiotics/unspecified/tazobactam-sodium.yaml	RFMIKMMOLPNEDG-QVUDESDKSA-M	ANTIMICROBIAL_UNSPECIFIED	62be085a38f2152dc318e47b39229045bbf980d55dfd7a4143f1fe3cedb43c32	0	0	6	3	0	RECORDED_NAME_QUERIES_TRAVERSED_NOT_PRIMARY_REVIEW	False	0	0	0	0			0	0	0			0		OPEN
CHEBI:85196	peramivir hydrate	data/antibiotics/antiviral/peramivir-hydrate.yaml	UGTYTOKVOXBJBZ-LINPMSLLSA-N	ANTIVIRAL	117ceabd7ad625b36738e276d9f750c889b9597f563a263e83158dd770b000a7	0	0	5	2	1	RECORDED_NAME_QUERIES_TRAVERSED_NOT_PRIMARY_REVIEW	False	0	0	0	0			0	0	0			0		OPEN
CHEBI:85202	peramivir	data/antibiotics/antiviral/peramivir.yaml	XRQDFNLINLXZLB-CKIKVBCHSA-N	ANTIVIRAL	666512fc5ee94b232c7374fb236361f7530db290296c2053cf0e2f1f83910b92	0	0	9	3	1	RECORDED_NAME_QUERIES_TRAVERSED_NOT_PRIMARY_REVIEW	False	0	0	0	0			0	0	0			0		OPEN
CHEBI:85251	teicoplanin A2-2	data/antibiotics/unspecified/teicoplanin-a2-2.yaml	GHOXVFYORXUCPY-PKMGYIMSSA-N	ANTIMICROBIAL_UNSPECIFIED	a8deb7167cd60a03c331458c8c9cb9f99f8a130bbeea2f4f6da7f9ba44527a9c	0	0	4	2	0	RECORDED_NAME_QUERIES_TRAVERSED_NOT_PRIMARY_REVIEW	False	0	0	0	0			0	0	0			0		OPEN
CHEBI:85260	spiramycin I	data/antibiotics/antibacterial/spiramycin-i.yaml	ACTOXUHEUCPTEW-KWBWCIJSSA-N	ANTIBACTERIAL	d4e47700833cd60e8c4dbb7c37085262ff61bc33f46aca231241838ba8a5c06a	32	0	10	4	2	RECORDED_NAME_QUERIES_TRAVERSED_NOT_PRIMARY_REVIEW	False	32	32	25	7	UniProtKB:A0A0H3EUF3|UniProtKB:A0A0K2B058|UniProtKB:A0A0K2B0L6|UniProtKB:A0A0K2B0W1|UniProtKB:A0A1B2JLG7|UniProtKB:A0A3R7IWB8|UniProtKB:A0A6I0LAE8|UniProtKB:A0A829QAF6|UniProtKB:F3ZTT0|UniProtKB:L7N623|UniProtKB:O34127|UniProtKB:P06572|UniProtKB:P07287|UniProtKB:P09891|UniProtKB:P0A0H3|UniProtKB:P10337|UniProtKB:Q00014|UniProtKB:Q04720|UniProtKB:Q6PZ59|UniProtKB:Q6RX35|UniProtKB:Q6XFQ7|UniProtKB:Q79N53|UniProtKB:Q8KLN5|UniProtKB:Q9K2Z3|UniProtKB:Q9ZNK8	NCBITaxon:1038928|NCBITaxon:1280|NCBITaxon:1282|NCBITaxon:1296|NCBITaxon:1299324|NCBITaxon:1311|NCBITaxon:1352|NCBITaxon:1392|NCBITaxon:1598|NCBITaxon:1766|NCBITaxon:1772|NCBITaxon:278992|NCBITaxon:31956|NCBITaxon:40091|NCBITaxon:405948|NCBITaxon:53462|NCBITaxon:679937|NCBITaxon:685038|NCBITaxon:79880|NCBITaxon:817|NCBITaxon:820|NCBITaxon:83331	0	0	0			0		OPEN
CHEBI:85264	potassium clavulanate	data/antibiotics/antibacterial/potassium-clavulanate.yaml	ABVRVIZBZKUTMK-JSYANWSFSA-M	ANTIBACTERIAL	871e2045059cbe738b575e231cf71d8117ac5da35116c7bd93cfd922c8150e7e	0	0	4	2	0	RECORDED_NAME_QUERIES_TRAVERSED_NOT_PRIMARY_REVIEW	False	0	0	0	0			0	0	0			0		OPEN
CHEBI:85265	amprolium	data/antibiotics/antiprotozoal/amprolium.yaml	LCTXBFGHZLGBNU-UHFFFAOYSA-M	ANTIPROTOZOAL	c123049bc831244e1edb4e296357b7b97eafec77e4bc23b5cca0ed7e8325ad57	0	0	4	2	0	RECORDED_NAME_QUERIES_TRAVERSED_NOT_PRIMARY_REVIEW	False	0	0	0	0			0	0	0			0		OPEN
CHEBI:85266	amprolium(1+)	data/antibiotics/antiprotozoal/amprolium-1.yaml	IPZFPROOBOUEIG-UHFFFAOYSA-N	ANTIPROTOZOAL	422b39c8f8877b3ae7f92f2e6645453b3c8ec561078a5ad186c00ee91ff7607d	0	0	3	2	0	RECORDED_NAME_QUERIES_TRAVERSED_NOT_PRIMARY_REVIEW	False	0	0	0	0			0	0	0			0		OPEN
CHEBI:85269	9-fluoro-5-methyl-1-oxo-6,7-dihydro-1H,5H-pyrido[3,2,1-ij]quinoline-2-carboxylic acid	data/antibiotics/antibacterial/9-fluoro-5-methyl-1-oxo-6-7-dihydro-1h-5h-pyrido-3-2-1-ij-quinoline-2-.yaml	DPSPPJIUMHPXMA-UHFFFAOYSA-N	ANTIBACTERIAL	31743b93ac53e8183571cfdef81cce209fa1bce9cf7e595f4cea21c8f404d6b4	0	0	2	2	0	RECORDED_NAME_QUERIES_TRAVERSED_NOT_PRIMARY_REVIEW	False	0	0	0	0			0	0	0			0		OPEN
CHEBI:85272	(S)-flumequine	data/antibiotics/unspecified/s-flumequine.yaml	DPSPPJIUMHPXMA-ZETCQYMHSA-N	ANTIMICROBIAL_UNSPECIFIED	d54605af8008fbaaf9da251c50d7a688994c3df10e3aaa22cc7a3342eba27a49	0	0	2	2	0	RECORDED_NAME_QUERIES_TRAVERSED_NOT_PRIMARY_REVIEW	False	0	0	0	0			0	0	0			0		OPEN
CHEBI:85273	(R)-flumequine	data/antibiotics/unspecified/r-flumequine.yaml	DPSPPJIUMHPXMA-SSDOTTSWSA-N	ANTIMICROBIAL_UNSPECIFIED	9c7aa59a752f33c2536bf91f62f25441f58200745ebe9789ed1d44e9e8d81796	0	0	2	2	0	RECORDED_NAME_QUERIES_TRAVERSED_NOT_PRIMARY_REVIEW	False	0	0	0	0			0	0	0			0		OPEN
CHEBI:85330	dapdiamide A	data/antibiotics/unspecified/dapdiamide-a.yaml	JAGLEOBXISHNNM-BRUQVKLWSA-N	ANTIMICROBIAL_UNSPECIFIED	01f606f3f0dd83dcbf572c3843c4c082ed547fbced9eab006da99b2cd3cc539a	0	0	2	2	0	RECORDED_NAME_QUERIES_TRAVERSED_NOT_PRIMARY_REVIEW	False	0	0	0	0			0	0	0			0		OPEN
CHEBI:85332	dapdiamide B	data/antibiotics/unspecified/dapdiamide-b.yaml	WSFQKSIBZODGPB-RWWNVWANSA-N	ANTIMICROBIAL_UNSPECIFIED	547ac7eba9209cab781a0c457e9971725c3ac650a4ab180de2d95e7ab429dac0	0	0	2	2	0	RECORDED_NAME_QUERIES_TRAVERSED_NOT_PRIMARY_REVIEW	False	0	0	0	0			0	0	0			0		OPEN
CHEBI:85333	dapdiamide C	data/antibiotics/unspecified/dapdiamide-c.yaml	MJPKMDAPFRGJGV-FBFNWGNUSA-N	ANTIMICROBIAL_UNSPECIFIED	e62571983994498598ae07ddcf2d59043fb3bd476418dce49c92fa83e6166f30	0	0	2	2	0	RECORDED_NAME_QUERIES_TRAVERSED_NOT_PRIMARY_REVIEW	False	0	0	0	0			0	0	0			0		OPEN
CHEBI:85337	dapdiamide E	data/antibiotics/unspecified/dapdiamide-e.yaml	BQMJFERCSPVSGR-RULNZFCNSA-N	ANTIMICROBIAL_UNSPECIFIED	eb5d706eb08fb6acee7cb0c5814ca9c9a9950b430840bf9d37a55454b45537b3	0	0	2	2	0	RECORDED_NAME_QUERIES_TRAVERSED_NOT_PRIMARY_REVIEW	False	0	0	0	0			0	0	0			0		OPEN
CHEBI:85412	mitomycin A	data/antibiotics/unspecified/mitomycin-a.yaml	HYFMSAFINFJTFH-NGSRAFSJSA-N	ANTIMICROBIAL_UNSPECIFIED	3ec1075f1875811e39567bc3f9a308be67ed4fc867456acaf2e5aef8bd840f1d	0	0	5	2	2	RECORDED_NAME_QUERIES_TRAVERSED_NOT_PRIMARY_REVIEW	False	0	0	0	0			0	0	0			0		OPEN
CHEBI:85416	mitomycin B	data/antibiotics/unspecified/mitomycin-b.yaml	UZUUQCBCWDBYCG-DQRAMIIBSA-N	ANTIMICROBIAL_UNSPECIFIED	06f549b4e277e5b227277f16f1467238e0b2d158d391df2eee5bdea897533249	0	0	3	2	0	RECORDED_NAME_QUERIES_TRAVERSED_NOT_PRIMARY_REVIEW	False	0	0	0	0			0	0	0			0		OPEN
CHEBI:85614	neopikromycin	data/antibiotics/unspecified/neopikromycin.yaml	SXXXXTQMWPXIES-VJNSTPMQSA-N	ANTIMICROBIAL_UNSPECIFIED	ce209a94fa2743a4b28a7ea361ae437f6f4aa630848c1d4e79081c2341558e01	0	0	2	2	0	RECORDED_NAME_QUERIES_TRAVERSED_NOT_PRIMARY_REVIEW	False	0	0	0	0			0	0	0			0		OPEN
CHEBI:85616	viridicatumtoxin	data/antibiotics/unspecified/viridicatumtoxin.yaml	SUWQGLGDFGHZNH-WBWZXODPSA-N	ANTIMICROBIAL_UNSPECIFIED	cd09f74405606e46b19a6c96a26a893921fac2d6f8eacb5033dfdb09aa323574	0	0	5	2	0	RECORDED_NAME_QUERIES_TRAVERSED_NOT_PRIMARY_REVIEW	False	0	0	0	0			0	0	0			0		OPEN
CHEBI:85627	picarbutrazox	data/antibiotics/antifungal/picarbutrazox.yaml	URHWNXDZOULUHC-ULJHMMPZSA-N	ANTIFUNGAL	39016ed3c4980a7255d9a7b02d2fa7e4c01a7b7ae6c91ea49f59367ee77ea8ab	0	0	4	2	0	RECORDED_NAME_QUERIES_TRAVERSED_NOT_PRIMARY_REVIEW	False	0	0	0	0			0	0	0			0		OPEN
CHEBI:85628	tolprocarb	data/antibiotics/antifungal/tolprocarb.yaml	RSOBJVBYZCMJOS-CYBMUJFWSA-N	ANTIFUNGAL	5d53f079467f0943caf076f0248f5ea870c37b91ce23213dd9647753eb5d4b11	0	0	4	2	0	RECORDED_NAME_QUERIES_TRAVERSED_NOT_PRIMARY_REVIEW	False	0	0	0	0			0	0	0			0		OPEN
CHEBI:85646	avilamycin A	data/antibiotics/unspecified/avilamycin-a.yaml	XIRGHRXBGGPPKY-FCNCREMHSA-N	ANTIMICROBIAL_UNSPECIFIED	f24d3b5ea24e99f972bc10b2b49066eb3a053ca40a5206a893a00f63f0d72eef	0	0	3	2	0	RECORDED_NAME_QUERIES_TRAVERSED_NOT_PRIMARY_REVIEW	False	0	0	0	0			0	0	0			0		OPEN
CHEBI:85977	isavuconazonium sulfate	data/antibiotics/antifungal/isavuconazonium-sulfate.yaml	LWXUIUUOMSMZKJ-KLFWAVJMSA-M	ANTIFUNGAL	f5f6a3446c4d03cec42b85d1529a89cdc837fe1941b8122b1e483063b1cac5eb	0	0	4	2	0	RECORDED_NAME_QUERIES_TRAVERSED_NOT_PRIMARY_REVIEW	False	0	0	0	0			0	0	0			0		OPEN
CHEBI:85978	isavuconazonium	data/antibiotics/antifungal/isavuconazonium.yaml	RSWOJTICKMKTER-QXLBVTBOSA-N	ANTIFUNGAL	f4113179bc3472952f449089c88f65a715ed58931d5d5f60d81c0825f6fd0b47	0	0	4	2	0	RECORDED_NAME_QUERIES_TRAVERSED_NOT_PRIMARY_REVIEW	False	0	0	0	0			0	0	0			0		OPEN
CHEBI:85979	isavuconazole	data/antibiotics/antifungal/isavuconazole.yaml	DDFOUSQFMYRUQK-RCDICMHDSA-N	ANTIFUNGAL	08fa39a3216a656630f4b21f671b75f8406e1d6189d766327156dcf7b52c680a	10	0	5	2	1	RECORDED_NAME_QUERIES_TRAVERSED_NOT_PRIMARY_REVIEW	False	10	10	0	10			0	0	0			0		OPEN
CHEBI:85982	avibactam sodium	data/antibiotics/antibacterial/avibactam-sodium.yaml	RTCIKUMODPANKX-JBUOLDKXSA-M	ANTIBACTERIAL	424722c58971a9eca868bc104ddf30ed29887ba6c7987609c1f9833d98fb2873	0	0	3	2	0	RECORDED_NAME_QUERIES_TRAVERSED_NOT_PRIMARY_REVIEW	False	0	0	0	0			0	0	0			0		OPEN
CHEBI:85984	avibactam	data/antibiotics/antibacterial/avibactam.yaml	NDCUAPJVLWFHHB-UHNVWZDZSA-N	ANTIBACTERIAL	164a039a46cad879bd7fd0d7c75aaafe6cd3dcb3abd8aea066511bc7c114e90c	0	0	4	2	1	RECORDED_NAME_QUERIES_TRAVERSED_NOT_PRIMARY_REVIEW	False	0	0	0	0			0	0	0			0		OPEN
CHEBI:86012	oxetanocin A	data/antibiotics/antibacterial/oxetanocin-a.yaml	LMJVXGOFWKVXAW-OXOINMOOSA-N	ANTIBACTERIAL	cf4c517ef66e428cad16ed084e223cf0e13245ecff97d645e854d7a1d96ca30f	0	0	8	3	0	RECORDED_NAME_QUERIES_TRAVERSED_NOT_PRIMARY_REVIEW	False	0	0	0	0			0	0	0			0		OPEN
CHEBI:8602	pseudobaptigenin	data/antibiotics/antiprotozoal/pseudobaptigenin.yaml	KNJNBKINYHZUGC-UHFFFAOYSA-N	ANTIPROTOZOAL	8612b409928f3a3b9dd072cb14e267c9618bf6c6be8345b7343f9d5210970c8a	0	0	6	3	0	RECORDED_NAME_QUERIES_TRAVERSED_NOT_PRIMARY_REVIEW	False	0	0	0	0			0	0	0			0		OPEN
CHEBI:86409	fortimicin KK1	data/antibiotics/unspecified/fortimicin-kk1.yaml	WVUDHRISQRHHPW-NHJHCJIZSA-N	ANTIMICROBIAL_UNSPECIFIED	2757b123785338a61f0d77203dfc90e6efe8bc9b5a2fdd3a9bd7d1b0b5ea4248	0	0	3	2	0	RECORDED_NAME_QUERIES_TRAVERSED_NOT_PRIMARY_REVIEW	False	0	0	0	0			0	0	0			0		OPEN
CHEBI:86431	sodium fluorophosphate	data/antibiotics/antibacterial/sodium-fluorophosphate.yaml	BFDWBSRJQZPEEB-UHFFFAOYSA-L	ANTIBACTERIAL	7eb1eb544555c8d814526328f4e38c9485cc940f581006f4be2b8ea3fd83ed34	0	0	7	3	0	RECORDED_NAME_QUERIES_TRAVERSED_NOT_PRIMARY_REVIEW	False	0	0	0	0			0	0	0			0		OPEN
CHEBI:8647	purpurogallin	data/antibiotics/antibacterial/purpurogallin.yaml	WDGFFVCWBZVLCE-UHFFFAOYSA-N	ANTIBACTERIAL	6bbd0231237a8a4427ccb7b58a059baf4a662dd233c13c30756a2e2669dd20c6	0	0	6	3	0	RECORDED_NAME_QUERIES_TRAVERSED_NOT_PRIMARY_REVIEW	False	0	0	0	0			0	0	0			0		OPEN
CHEBI:8653	pyocyanine	data/antibiotics/antibacterial/pyocyanine.yaml	YNCMLFHHXWETLD-UHFFFAOYSA-N	ANTIBACTERIAL	ebbb3e8e86f49e4e5b1c7f727f05d4d58595df8982fc9bc2a3599abb8615c5c8	0	0	3	2	1	RECORDED_NAME_QUERIES_TRAVERSED_NOT_PRIMARY_REVIEW	False	0	0	0	0			0	0	0			0		OPEN
CHEBI:8673	pyrimethamine	data/antibiotics/antiprotozoal/pyrimethamine.yaml	WKSAUQYGYAYLPV-UHFFFAOYSA-N	ANTIPROTOZOAL	2903bba5458167ec933b05f90d9d69b3941b8f9a83d55a2a1f463b5825e1c478	2	0	22	7	3	RECORDED_NAME_QUERIES_TRAVERSED_NOT_PRIMARY_REVIEW	False	2	2	0	2			0	0	0			0		OPEN
CHEBI:8674	pyrimethanil	data/antibiotics/antifungal/pyrimethanil.yaml	ZLIBICFPKPWGIZ-UHFFFAOYSA-N	ANTIFUNGAL	26223beb268147e85546877439037dff166a14177f108019a97345506227165e	0	0	5	2	0	RECORDED_NAME_QUERIES_TRAVERSED_NOT_PRIMARY_REVIEW	False	0	0	0	0			0	0	0			0		OPEN
CHEBI:86904	4-coumaric acid methyl ester	data/antibiotics/antifungal/4-coumaric-acid-methyl-ester.yaml	NITWSHWHQAQBAW-UHFFFAOYSA-N	ANTIFUNGAL	282827668e8f8fb7143437f082675c77f459bb6ba68d5020eb65b43175697aab	0	0	11	4	0	RECORDED_NAME_QUERIES_TRAVERSED_NOT_PRIMARY_REVIEW	False	0	0	0	0			0	0	0			0		OPEN
CHEBI:8695	quercetagetin	data/antibiotics/antiviral/quercetagetin.yaml	ZVOLCUVKHLEPEV-UHFFFAOYSA-N	ANTIVIRAL	6757d74e79945b0a4e4a7e05927638a2d8501ebcee5bdb5434f1b1ba2c2d4c28	0	0	8	3	0	RECORDED_NAME_QUERIES_TRAVERSED_NOT_PRIMARY_REVIEW	False	0	0	0	0			0	0	0			0		OPEN
CHEBI:87042	seldomycin 5	data/antibiotics/unspecified/seldomycin-5.yaml	HJKXMQLJTKUBMG-BAOVJYBRSA-N	ANTIMICROBIAL_UNSPECIFIED	fa2895291f4205efeb281a16b957e82de1577d206451794f523bbf82f34e8e48	0	0	2	2	0	RECORDED_NAME_QUERIES_TRAVERSED_NOT_PRIMARY_REVIEW	False	0	0	0	0			0	0	0			0		OPEN
CHEBI:87084	rosaramicin	data/antibiotics/antibacterial/rosaramicin.yaml	IUPCWCLVECYZRV-JZMZINANSA-N	ANTIBACTERIAL	4c6ea771bd774de1b6501498959f92abaf245daff0167d796ed7436ccbbc3ad5	0	0	14	5	0	RECORDED_NAME_QUERIES_TRAVERSED_NOT_PRIMARY_REVIEW	False	0	0	0	0			0	0	0			0		OPEN
CHEBI:8711	quinacrine	data/antibiotics/antiprotozoal/quinacrine.yaml	GPKJTRJOBQGKQK-UHFFFAOYSA-N	ANTIPROTOZOAL	69ab0181f4b3e42ea45cfa7033f1d6a274692b4500b05a15b8bca44fc6e2ea12	0	0	9	3	0	RECORDED_NAME_QUERIES_TRAVERSED_NOT_PRIMARY_REVIEW	False	0	0	0	0			0	0	0			0		OPEN
CHEBI:87123	tulipalin B	data/antibiotics/antibacterial/tulipalin-b.yaml	BFLSLERVRLOFCX-BYPYZUCNSA-N	ANTIBACTERIAL	100324ff91bd35d36bc1cb38edb4ac4fc594bae4ab9e9cddf5863627eca369f7	0	0	5	2	0	RECORDED_NAME_QUERIES_TRAVERSED_NOT_PRIMARY_REVIEW	False	0	0	0	0			0	0	0			0		OPEN
CHEBI:87124	6-tuliposide B	data/antibiotics/antibacterial/6-tuliposide-b.yaml	FMHJNIRDGYFPEC-CHICSPHLSA-N	ANTIBACTERIAL	0a47b225d62eb607c56731cc7dcc8a31c544a393d2cabfc97cfa432b94a39f1d	0	0	2	2	0	RECORDED_NAME_QUERIES_TRAVERSED_NOT_PRIMARY_REVIEW	False	0	0	0	0			0	0	0			0		OPEN
CHEBI:87175	propamidine isethionate	data/antibiotics/unspecified/propamidine-isethionate.yaml	WSOSYBUSMXEYDO-UHFFFAOYSA-N	ANTIMICROBIAL_UNSPECIFIED	7c6cb5b30bcff178574b206ea60d886761f2c9a5e98d73bef55d0c61eae525a7	0	0	7	3	0	RECORDED_NAME_QUERIES_TRAVERSED_NOT_PRIMARY_REVIEW	False	0	0	0	0			0	0	0			0		OPEN
CHEBI:87184	hexamidine	data/antibiotics/unspecified/hexamidine.yaml	OQLKNTOKMBVBKV-UHFFFAOYSA-N	ANTIMICROBIAL_UNSPECIFIED	0f5c495c270628d12f949b45a68c81d9fb55a6d4a22ed31f2ea6160120a71f70	0	0	6	3	0	RECORDED_NAME_QUERIES_TRAVERSED_NOT_PRIMARY_REVIEW	False	0	0	0	0			0	0	0			0		OPEN
CHEBI:87185	florfenicol	data/antibiotics/antibacterial/florfenicol.yaml	AYIRNRDRBQJXIF-NXEZZACHSA-N	ANTIBACTERIAL	4e06524e4be93575485ebe7a93d6d9fd466041cd7cfc6825e888bd387d1ea762	11	0	8	3	2	RECORDED_NAME_QUERIES_TRAVERSED_NOT_PRIMARY_REVIEW	False	11	11	10	1	UniProtKB:A0A0H3AC56|UniProtKB:A0AAJ2MLZ9|UniProtKB:A0AAW8TGJ2|UniProtKB:A0AAW8TIA5|UniProtKB:A5I5U3|UniProtKB:D9MX76|UniProtKB:Q2FW85|UniProtKB:Q53019|UniProtKB:S5PXB0|UniProtKB:V5ZEZ1	NCBITaxon:1296|NCBITaxon:1496|NCBITaxon:1940789|NCBITaxon:38294|NCBITaxon:423368|NCBITaxon:441771|NCBITaxon:71452|NCBITaxon:798570|NCBITaxon:93061	0	0	0			0		OPEN
CHEBI:8732	quinupristin	data/antibiotics/antibacterial/quinupristin.yaml	WTHRRGMBUAHGNI-MJWHERSYSA-N	ANTIBACTERIAL	967ba62d716c63cbfbaae4ef73bcb94c3932d6b96177ade545bed3d47e0f83b6	28	0	1	1	1	RECORDED_NAME_QUERIES_TRAVERSED_NOT_PRIMARY_REVIEW	False	28	28	20	8	UniProtKB:A0A1B2JLG7|UniProtKB:A0A3R7IWB8|UniProtKB:A0A6I0LAE8|UniProtKB:A0A829QAF6|UniProtKB:F3ZTT0|UniProtKB:L7N623|UniProtKB:O87275|UniProtKB:P06572|UniProtKB:P07287|UniProtKB:P09891|UniProtKB:P0A0H3|UniProtKB:P10337|UniProtKB:Q00014|UniProtKB:Q04720|UniProtKB:Q6RX35|UniProtKB:Q6XFQ7|UniProtKB:Q79N53|UniProtKB:Q7WT47|UniProtKB:Q8KLN5|UniProtKB:Q9K2Z3	NCBITaxon:1038928|NCBITaxon:1280|NCBITaxon:1282|NCBITaxon:1296|NCBITaxon:1299324|NCBITaxon:1351|NCBITaxon:1352|NCBITaxon:1392|NCBITaxon:1598|NCBITaxon:1766|NCBITaxon:1772|NCBITaxon:29382|NCBITaxon:31956|NCBITaxon:40091|NCBITaxon:405948|NCBITaxon:679937|NCBITaxon:79880|NCBITaxon:817|NCBITaxon:820|NCBITaxon:83331	0	0	0			0		OPEN
CHEBI:87393	hexan-1-ol	data/antibiotics/antibacterial/hexan-1-ol.yaml	ZSIAUFGUXNUGDI-UHFFFAOYSA-N	ANTIBACTERIAL	59f405cc4c035c383de7ebef4ba2aafa35434f853dc13ff1a05ac5454341b7f9	0	0	17	5	0	RECORDED_NAME_QUERIES_TRAVERSED_NOT_PRIMARY_REVIEW	False	0	0	0	0			0	0	0			0		OPEN
CHEBI:87399	UK 63598	data/antibiotics/unspecified/uk-63598.yaml	HBQDLHJADJTNRK-LIXMYSHJSA-N	ANTIMICROBIAL_UNSPECIFIED	e5d8a5f94ee1cfb1103535b9269e2bc9150a4d7c92419d7edea93eef06b031f6	0	0	4	2	0	RECORDED_NAME_QUERIES_TRAVERSED_NOT_PRIMARY_REVIEW	False	0	0	0	0			0	0	0			0		OPEN
CHEBI:87400	UK 65662	data/antibiotics/unspecified/uk-65662.yaml	HDMUZLQWDPUHND-PGKBBLNOSA-N	ANTIMICROBIAL_UNSPECIFIED	b5915f748d26105884a454f3788dcdcec36da14dc3135df405c5d157d199007c	0	0	5	2	0	RECORDED_NAME_QUERIES_TRAVERSED_NOT_PRIMARY_REVIEW	False	0	0	0	0			0	0	0			0		OPEN
CHEBI:87401	UK 63052	data/antibiotics/unspecified/uk-63052.yaml	VABRZWDEEDQLRD-VGGJGGOJSA-N	ANTIMICROBIAL_UNSPECIFIED	d90c9c98fb76cbad6c4839ae1ce998e3278b62817651bf531563e2229c4915a2	0	0	5	2	0	RECORDED_NAME_QUERIES_TRAVERSED_NOT_PRIMARY_REVIEW	False	0	0	0	0			0	0	0			0		OPEN
CHEBI:87462	propamidine	data/antibiotics/unspecified/propamidine.yaml	WTFXJFJYEJZMFO-UHFFFAOYSA-N	ANTIMICROBIAL_UNSPECIFIED	32907c024aa52d0b71412e6b8ddd5f2b1bdeeeb8df1d7a0ef1340a79cf840cf0	0	0	6	3	0	RECORDED_NAME_QUERIES_TRAVERSED_NOT_PRIMARY_REVIEW	False	0	0	0	0			0	0	0			0		OPEN
CHEBI:8764	mycophenolate mofetil	data/antibiotics/antiviral/mycophenolate-mofetil.yaml	RTGDFNSFWBGLEC-SYZQJQIISA-N	ANTIVIRAL	d8b7af50c81b024d24defe59a2ed8172726197951b1112e0f4adabf3f67c5b20	0	0	7	3	1	RECORDED_NAME_QUERIES_TRAVERSED_NOT_PRIMARY_REVIEW	False	0	0	0	0			0	0	0			0		OPEN
CHEBI:87805	ethionamide S-oxide	data/antibiotics/antimycobacterial/ethionamide-s-oxide.yaml	QDQQNGZRIJPDGA-UHFFFAOYSA-N	ANTIMYCOBACTERIAL	287015507012bcfa8761946f03e57f4af3c8b552d208f6b6075fcbf4bfea1605	0	0	4	2	0	RECORDED_NAME_QUERIES_TRAVERSED_NOT_PRIMARY_REVIEW	False	0	0	0	0			0	0	0			0		OPEN
CHEBI:88173	brilliant green	data/antibiotics/antibacterial/brilliant-green.yaml	NNBFNNNWANBMTI-UHFFFAOYSA-M	ANTIBACTERIAL	0b88cab59c411f1991db53cdeebea8cc72bef6004c2b35519d7198c7b30b869a	0	0	7	3	0	RECORDED_NAME_QUERIES_TRAVERSED_NOT_PRIMARY_REVIEW	False	0	0	0	0			0	0	0			0		OPEN
CHEBI:88176	brilliant green cation	data/antibiotics/antibacterial/brilliant-green-cation.yaml	HXCILVUBKWANLN-UHFFFAOYSA-N	ANTIBACTERIAL	3d6ea28ca1a52877d62b6441031a7ce24a73dad09171982550cae186f30da579	0	0	3	2	0	RECORDED_NAME_QUERIES_TRAVERSED_NOT_PRIMARY_REVIEW	False	0	0	0	0			0	0	0			0		OPEN
CHEBI:88255	nifurtoinol	data/antibiotics/antibacterial/nifurtoinol.yaml	UIDWQGRXEVDFCA-XCVCLJGOSA-N	ANTIBACTERIAL	c3710590d6f7cb5f3cb1f1057d4627382fe61154c5ed5c6b77ccbc1c2e3e822a	0	0	6	3	0	RECORDED_NAME_QUERIES_TRAVERSED_NOT_PRIMARY_REVIEW	False	0	0	0	0			0	0	0			0		OPEN
CHEBI:88258	sulfametrole	data/antibiotics/unspecified/sulfametrole.yaml	IZOYMGQQVNAMHS-UHFFFAOYSA-N	ANTIMICROBIAL_UNSPECIFIED	8be24464032b7b4653a6a76c1c07647edf960d8fa74d03e9d1236b8841ed5c79	0	0	5	2	0	RECORDED_NAME_QUERIES_TRAVERSED_NOT_PRIMARY_REVIEW	False	0	0	0	0			0	0	0			0		OPEN
CHEBI:88263	sulfisoxazole diolamine	data/antibiotics/antibacterial/sulfisoxazole-diolamine.yaml	FEPTXVIRMZIGFY-UHFFFAOYSA-N	ANTIBACTERIAL	5c46d455858d6857d597c22f125ab3f01104019e4a62cd7e4a7d1a3c3bc33643	0	0	5	2	0	RECORDED_NAME_QUERIES_TRAVERSED_NOT_PRIMARY_REVIEW	False	0	0	0	0			0	0	0			0		OPEN
CHEBI:88274	aranotin	data/antibiotics/antiviral/aranotin.yaml	HXWOWBFXYUFFKS-PSJNWGMYSA-N	ANTIVIRAL	b8034bf91417bb2e26268ee17cee1ce7f5583c13bebd45bac75c86a0f8bb7593	0	0	9	3	0	RECORDED_NAME_QUERIES_TRAVERSED_NOT_PRIMARY_REVIEW	False	0	0	0	0			0	0	0			0		OPEN
CHEBI:88275	antelmycin	data/antibiotics/unspecified/antelmycin.yaml	VQQSDVBOXQHCHU-SKPOXZENSA-N	ANTIMICROBIAL_UNSPECIFIED	1a88c72ed0627e2fba9ad452a6848983c2c1e30177e717da82dc18aea717100d	0	0	10	4	0	RECORDED_NAME_QUERIES_TRAVERSED_NOT_PRIMARY_REVIEW	False	0	0	0	0			0	0	0			0		OPEN
CHEBI:88298	FR171456	data/antibiotics/antifungal/fr171456.yaml	JAHGNOXPMXOEJS-BSPLYONXSA-N	ANTIFUNGAL	33143ba30833e56efdfe27d692ee59becb1353e7a7ba0350b62276b6d8e9e580	0	0	3	2	0	RECORDED_NAME_QUERIES_TRAVERSED_NOT_PRIMARY_REVIEW	False	0	0	0	0			0	0	0			0		OPEN
CHEBI:88353	bryostatin 1	data/antibiotics/antiviral/bryostatin-1.yaml	MJQUEDHRCUIRLF-TVIXENOKSA-N	ANTIVIRAL	d4d75329921aa6f44a09b6d69228b4dd2fcc4c2501d4ad51e79be625bdec45ad	0	0	3	2	0	RECORDED_NAME_QUERIES_TRAVERSED_NOT_PRIMARY_REVIEW	False	0	0	0	0			0	0	0			0		OPEN
CHEBI:8881	robustaflavone	data/antibiotics/antiviral/robustaflavone.yaml	BORWSEZUWHQTOK-UHFFFAOYSA-N	ANTIVIRAL	f444cc306fd4559de9b0566b081eee5b29c810d50979787d27dbf5ccde5de12d	0	0	5	2	0	RECORDED_NAME_QUERIES_TRAVERSED_NOT_PRIMARY_REVIEW	False	0	0	0	0			0	0	0			0		OPEN
CHEBI:89052	2,5-dimethylfuran	data/antibiotics/antifungal/2-5-dimethylfuran.yaml	GSNUFIFRDBKVIE-UHFFFAOYSA-N	ANTIFUNGAL	1fb8e0bb86c8d18d9fd3450887a3d7ad7524e554a9efa7d98069fbd19e8450ad	0	0	3	2	0	RECORDED_NAME_QUERIES_TRAVERSED_NOT_PRIMARY_REVIEW	False	0	0	0	0			0	0	0			0		OPEN
CHEBI:9016	arsphenamine	data/antibiotics/antibacterial/arsphenamine.yaml	VLAXZGHHBIJLAD-UHFFFAOYSA-N	ANTIBACTERIAL	f8002e3542aafcf0d81d84e6291e2c6f993cd82991c6fec226c4d43b36c8354e	0	0	11	4	0	RECORDED_NAME_QUERIES_TRAVERSED_NOT_PRIMARY_REVIEW	False	0	0	0	0			0	0	0			0		OPEN
CHEBI:90205	plitidepsin	data/antibiotics/antiviral/plitidepsin.yaml	UUSZLLQJYRSZIS-LXNNNBEUSA-N	ANTIVIRAL	c5151032a100ba74557091be4a3020ac2c1e8e5cb4d94441c9ce39919ca1238b	0	0	8	3	0	RECORDED_NAME_QUERIES_TRAVERSED_NOT_PRIMARY_REVIEW	False	0	0	0	0			0	0	0			0		OPEN
CHEBI:90227	selumetinib	data/antibiotics/antiviral/selumetinib.yaml	CYOHGALHFOKKQC-UHFFFAOYSA-N	ANTIVIRAL	6960a8f02978df7f653b60eee080f9249a515929466470595a1303af858606a6	0	0	10	4	2	RECORDED_NAME_QUERIES_TRAVERSED_NOT_PRIMARY_REVIEW	False	0	0	0	0			0	0	0			0		OPEN
CHEBI:90284	pirazofurin	data/antibiotics/unspecified/pirazofurin.yaml	XESARGFCSKSFID-FLLFQEBCSA-N	ANTIMICROBIAL_UNSPECIFIED	4963de126978cc779e511cb464d82a9582a59837787387b45b000f2a2f5bc42f	0	0	18	6	1	RECORDED_NAME_QUERIES_TRAVERSED_NOT_PRIMARY_REVIEW	False	0	0	0	0			0	0	0			0		OPEN
CHEBI:9044	savinin	data/antibiotics/antiviral/savinin.yaml	CMJGAYUQSLJSCR-ULIPXBITSA-N	ANTIVIRAL	0b1d2f1c95f71e78d8104b963a4f60d27717a1532a39b08dab9b437d0c51fb67	0	0	7	3	0	RECORDED_NAME_QUERIES_TRAVERSED_NOT_PRIMARY_REVIEW	False	0	0	0	0			0	0	0			0		OPEN
CHEBI:9053	sclareol	data/antibiotics/antifungal/sclareol.yaml	XVULBTBTFGYVRC-HHUCQEJWSA-N	ANTIFUNGAL	dec8b25c803da17b7d18b6229d0eb23a79bf65938290d95b5f1e632e1d8f34f4	0	0	4	2	0	RECORDED_NAME_QUERIES_TRAVERSED_NOT_PRIMARY_REVIEW	False	0	0	0	0			0	0	0			0		OPEN
CHEBI:90531	sotrastaurin	data/antibiotics/antiviral/sotrastaurin.yaml	OAVGBZOFDPFGPJ-UHFFFAOYSA-N	ANTIVIRAL	b426417ddd6bfc01384547f1a348a7905ac2771a8cda494f81207f4e511e32b6	0	0	8	3	0	RECORDED_NAME_QUERIES_TRAVERSED_NOT_PRIMARY_REVIEW	False	0	0	0	0			0	0	0			0		OPEN
CHEBI:90702	carboxy-PTIO	data/antibiotics/biocide/carboxy-ptio.yaml	KWNDLWPKCDMGTN-UHFFFAOYSA-N	BIOCIDE	d2cd2f223e09e8b7becd705a18b0a16f966d509b1cf5c03220097ddeba603c4f	0	0	4	2	0	RECORDED_NAME_QUERIES_TRAVERSED_NOT_PRIMARY_REVIEW	False	0	0	0	0			0	0	0			0		OPEN
CHEBI:90868	validamycin B	data/antibiotics/antifungal/validamycin-b.yaml	QYKWCMVFBWGYRE-XROCGEGMSA-N	ANTIFUNGAL	39fccc0b71e80a692382bf911e96ece7a388bea52b5a90418c753b54f45194a9	0	0	5	2	0	RECORDED_NAME_QUERIES_TRAVERSED_NOT_PRIMARY_REVIEW	False	0	0	0	0			0	0	0			0		OPEN
CHEBI:90869	validamycin A(1+)	data/antibiotics/antifungal/validamycin-a-1.yaml	JARYYMUOCXVXNK-CSLFJTBJSA-O	ANTIFUNGAL	31132141e3b3c19a2a6cd4909645ec5f9efdba47fd736fe4aebe833fb428e69c	0	0	3	2	0	RECORDED_NAME_QUERIES_TRAVERSED_NOT_PRIMARY_REVIEW	False	0	0	0	0			0	0	0			0		OPEN
CHEBI:90888	aurachin C	data/antibiotics/antibacterial/aurachin-c.yaml	FIHXCHBEHLCXEG-YEFHWUCQSA-N	ANTIBACTERIAL	8cc17cd6d784fd11974fe3967834abce75a990dae7ba577308078d09875d0a05	0	0	3	2	0	RECORDED_NAME_QUERIES_TRAVERSED_NOT_PRIMARY_REVIEW	False	0	0	0	0			0	0	0			0		OPEN
CHEBI:90923	tenofovir alafenamide fumarate	data/antibiotics/antiviral/tenofovir-alafenamide-fumarate.yaml	SVUJNSGGPUCLQZ-FQQAACOVSA-N	ANTIVIRAL	f50e23c39c116587f33219b2aef891ca80e59d3797ccbfccd1f274222c7d2c02	0	0	7	3	1	RECORDED_NAME_QUERIES_TRAVERSED_NOT_PRIMARY_REVIEW	False	0	0	0	0			0	0	0			0		OPEN
CHEBI:90924	aurachin A	data/antibiotics/antibacterial/aurachin-a.yaml	ZEUIHPOXFICJIT-ZVWRMSPBSA-N	ANTIBACTERIAL	36d53d8e1149943ffb5673b1e67604687539be0393185177186aac7973125f1f	0	0	3	2	0	RECORDED_NAME_QUERIES_TRAVERSED_NOT_PRIMARY_REVIEW	False	0	0	0	0			0	0	0			0		OPEN
CHEBI:90926	tenofovir alafenamide	data/antibiotics/antiviral/tenofovir-alafenamide.yaml	LDEKQSIMHVQZJK-CAQYMETFSA-N	ANTIVIRAL	df71ae962ec1971aeb3f6ceac69548ccf41fc7b9d8628ad35c668bddf180fc61	0	0	5	2	2	RECORDED_NAME_QUERIES_TRAVERSED_NOT_PRIMARY_REVIEW	False	0	0	0	0			0	0	0			0		OPEN
CHEBI:90941	sibiromycin	data/antibiotics/unspecified/sibiromycin.yaml	RAGFPHFDFVNLCG-INYQBOQCSA-N	ANTIMICROBIAL_UNSPECIFIED	078c2ee09d51718a81e54665e21a1e485603481e7be3908a2e7d679e9433ee48	0	0	3	2	0	RECORDED_NAME_QUERIES_TRAVERSED_NOT_PRIMARY_REVIEW	False	0	0	0	0			0	0	0			0		OPEN
CHEBI:91021	S-propyl propanethiosulfinate	data/antibiotics/antibacterial/s-propyl-propanethiosulfinate.yaml	XPRZAEWSYWTDSQ-UHFFFAOYSA-N	ANTIBACTERIAL	a191401e6979b1db11caed45e4b5038c8172e1cc06d443ad97ac49898a8e4f3a	0	0	8	3	0	RECORDED_NAME_QUERIES_TRAVERSED_NOT_PRIMARY_REVIEW	False	0	0	0	0			0	0	0			0		OPEN
CHEBI:91030	epithienamycin E	data/antibiotics/antibacterial/epithienamycin-e.yaml	FQQFFZPBGYGDSX-NJFHWYBASA-N	ANTIBACTERIAL	07a41d909647d213195a03cf8ad14ad0d9251a8a13bc7053a53247bc98b0bc08	0	0	10	4	0	RECORDED_NAME_QUERIES_TRAVERSED_NOT_PRIMARY_REVIEW	False	0	0	0	0			0	0	0			0		OPEN
CHEBI:91210	WLL-vs	data/antibiotics/antiprotozoal/wll-vs.yaml	DKBAFRHAWTVKAD-ODGLJRBPSA-N	ANTIPROTOZOAL	687e308ed9e229396690419686a38df236a7ccfd0200ca6f6ca98a405423e3c5	0	0	2	2	0	RECORDED_NAME_QUERIES_TRAVERSED_NOT_PRIMARY_REVIEW	False	0	0	0	0			0	0	0			0		OPEN
CHEBI:91218	(10E,15Z)-9,12,13-trihydroxy-10,15-octadecadienoic acid	data/antibiotics/antifungal/10e-15z-9-12-13-trihydroxy-10-15-octadecadienoic-acid.yaml	MKYUCBXUUSZMQB-MKZMYESJSA-N	ANTIFUNGAL	65ae7fdd38ff74ee96e97179199d812a308f5c4ac07d720618c76ef8197527f1	0	0	4	2	0	RECORDED_NAME_QUERIES_TRAVERSED_NOT_PRIMARY_REVIEW	False	0	0	0	0			0	0	0			0		OPEN
CHEBI:91231	piperaquine	data/antibiotics/antiprotozoal/piperaquine.yaml	UCRHFBCYFMIWHC-UHFFFAOYSA-N	ANTIPROTOZOAL	bbe32c63198b025b73d80e744c43bd96856ecfdf8068f39368f826e880932bbd	0	0	4	2	1	RECORDED_NAME_QUERIES_TRAVERSED_NOT_PRIMARY_REVIEW	False	0	0	0	0			0	0	0			0		OPEN
CHEBI:91402	linsitinib	data/antibiotics/antimycobacterial/linsitinib.yaml	PKCDDUHJAFVJJB-VLZXCDOPSA-N	ANTIMYCOBACTERIAL	940cd936ccd5958af9d48b1e49b5526f03ae24990c5952a56a7fc53044bd022a	0	0	10	4	0	RECORDED_NAME_QUERIES_TRAVERSED_NOT_PRIMARY_REVIEW	False	0	0	0	0			0	0	0			0		OPEN
CHEBI:9142	silver(1+) sulfadiazinate	data/antibiotics/antibacterial/silver-1-sulfadiazinate.yaml	UEJSSZHHYBHCEL-UHFFFAOYSA-N	ANTIBACTERIAL	95f37e7b23755aec772da926a3a1ed020ae5bcd9fc10139abae1cd7f64a2f945	0	0	8	3	0	RECORDED_NAME_QUERIES_TRAVERSED_NOT_PRIMARY_REVIEW	False	0	0	0	0			0	0	0			0		OPEN
CHEBI:91451	CHIR-265	data/antibiotics/antiviral/chir-265.yaml	YABJJWZLRMPFSI-UHFFFAOYSA-N	ANTIVIRAL	fa8ac79f99da3d551b8d75469a1155e35ed77f59b9700537d50f12d4be43ba72	0	0	7	3	0	RECORDED_NAME_QUERIES_TRAVERSED_NOT_PRIMARY_REVIEW	False	0	0	0	0			0	0	0			0		OPEN
CHEBI:9168	sirolimus	data/antibiotics/antibacterial/sirolimus.yaml	QFJCIRLUMZQUOT-HPLJOQBZSA-N	ANTIBACTERIAL	27fcbe8f6b7789fcaf8b9bfba90a4c7b8e76a9967ac3a240978c59a9ec8fa375	0	0	10	4	3	RECORDED_NAME_QUERIES_TRAVERSED_NOT_PRIMARY_REVIEW	False	0	0	0	0			0	0	0			0		OPEN
CHEBI:9169	sisomycin	data/antibiotics/antibacterial/sisomycin.yaml	URWAJWIAIPFPJE-YFMIWBNJSA-N	ANTIBACTERIAL	ab70f61115b369e67d18c4b997fa813b3c19370e43317caae0547cb2ebd7ea7d	64	0	13	4	0	RECORDED_NAME_QUERIES_TRAVERSED_NOT_PRIMARY_REVIEW	False	64	64	57	7	UniProtKB:A0A0S2TK08|UniProtKB:A0A2L1KH00|UniProtKB:A0A2P5GGR5|UniProtKB:A0A412CHK0|UniProtKB:A0A5K7YC16|UniProtKB:A0A6F8Z5F1|UniProtKB:A0A6N7WRB0|UniProtKB:A0A7W2KDZ3|UniProtKB:A0A8F1SWS8|UniProtKB:A0A8F1SXH8|UniProtKB:A0AAD2XZN8|UniProtKB:A7LI79|UniProtKB:B6D9B6|UniProtKB:C4TGI5|UniProtKB:D4HQX2|UniProtKB:K0IV17|UniProtKB:L0ARD6|UniProtKB:O52241|UniProtKB:O52242|UniProtKB:O52243|UniProtKB:O52244|UniProtKB:O52245|UniProtKB:O52247|UniProtKB:O68484|UniProtKB:P0AE04|UniProtKB:P10051|UniProtKB:P13246|UniProtKB:P23181|UniProtKB:P29808|UniProtKB:P94629|UniProtKB:Q01515|UniProtKB:Q03634|UniProtKB:Q15BH7|UniProtKB:Q33DX5|UniProtKB:Q43899|UniProtKB:Q44057|UniProtKB:Q44245|UniProtKB:Q47030|UniProtKB:Q47764|UniProtKB:Q51734|UniProtKB:Q54441|UniProtKB:Q70E71|UniProtKB:Q70E72|UniProtKB:Q75ZP9|UniProtKB:Q764C8|UniProtKB:Q76G15|UniProtKB:Q7ATH7|UniProtKB:Q7M0R2|UniProtKB:Q7WTV9|UniProtKB:Q8GRA1|UniProtKB:Q8RPU6|UniProtKB:Q8VQN7|UniProtKB:Q8ZPB6|UniProtKB:Q9R381|UniProtKB:Q9RBW7|UniProtKB:S6CFI8|UniProtKB:V5XKM9	NCBITaxon:1292|NCBITaxon:1352|NCBITaxon:1354|NCBITaxon:149539|NCBITaxon:1879|NCBITaxon:197|NCBITaxon:1971|NCBITaxon:2022662|NCBITaxon:2652274|NCBITaxon:2666183|NCBITaxon:280145|NCBITaxon:287|NCBITaxon:294|NCBITaxon:29430|NCBITaxon:40324|NCBITaxon:470|NCBITaxon:48296|NCBITaxon:491921|NCBITaxon:53345|NCBITaxon:545|NCBITaxon:546|NCBITaxon:550|NCBITaxon:562|NCBITaxon:573|NCBITaxon:58095|NCBITaxon:582|NCBITaxon:584|NCBITaxon:587|NCBITaxon:599|NCBITaxon:615|NCBITaxon:70346|NCBITaxon:70347|NCBITaxon:70348|NCBITaxon:70349|NCBITaxon:70351|NCBITaxon:72407|NCBITaxon:72607|NCBITaxon:99287	0	0	0			0		OPEN
CHEBI:91848	lasalocid sodium	data/antibiotics/antiprotozoal/lasalocid-sodium.yaml	RDHDUYAKDYQPEW-HWLWSTNVSA-M	ANTIPROTOZOAL	921f44af238645b0ef9fd551dd2448bd04c3114e5a3958a8e865fd41ea106dfd	0	0	15	5	0	RECORDED_NAME_QUERIES_TRAVERSED_NOT_PRIMARY_REVIEW	False	0	0	0	0			0	0	0			0		OPEN
CHEBI:9190	solasodine	data/antibiotics/antifungal/solasodine.yaml	KWVISVAMQJWJSZ-VKROHFNGSA-N	ANTIFUNGAL	aca345da88f383a2cfa3fa955c9074a97ed78e5878625326d8c21cd9287ce420	0	0	7	3	0	RECORDED_NAME_QUERIES_TRAVERSED_NOT_PRIMARY_REVIEW	False	0	0	0	0			0	0	0			0		OPEN
CHEBI:9212	sparfloxacin	data/antibiotics/antibacterial/sparfloxacin.yaml	DZZWHBIBMUVIIW-DTORHVGOSA-N	ANTIBACTERIAL	924813552af17502f9756d5ac75534bc9a5739854a1064bd8882098f96f249c2	25	0	5	2	2	RECORDED_NAME_QUERIES_TRAVERSED_NOT_PRIMARY_REVIEW	False	25	25	3	22	UniProtKB:A0A0H3GG03|UniProtKB:I6YBX3|UniProtKB:I6YEJ7	NCBITaxon:393133|NCBITaxon:83332	0	0	0			0		OPEN
CHEBI:9215	spectinomycin	data/antibiotics/antibacterial/spectinomycin.yaml	UNFWWIHTNXNPBV-WXKVUWSESA-N	ANTIBACTERIAL	729204cc548676666dad892dce679af79e2eb6fd979e24addd8580979a760ea5	48	0	10	4	1	RECORDED_NAME_QUERIES_TRAVERSED_NOT_PRIMARY_REVIEW	False	48	48	29	19	UniProtKB:A0A1X1A5Y1|UniProtKB:A0A2S5T091|UniProtKB:A0A547E8L3|UniProtKB:A0A5C2PME2|UniProtKB:A0A752E868|UniProtKB:A0A8D6XUE8|UniProtKB:A0A8E8H1B3|UniProtKB:A0AA42KJC0|UniProtKB:A0AAI9KXE0|UniProtKB:A0AAJ6IJG8|UniProtKB:A0AAW5LT46|UniProtKB:B3V3X6|UniProtKB:B7U9E7|UniProtKB:B7VEQ9|UniProtKB:D0CEM6|UniProtKB:N8W714|UniProtKB:O06916|UniProtKB:O70042|UniProtKB:P0A0D2|UniProtKB:P0AG05|UniProtKB:P72441|UniProtKB:Q07448|UniProtKB:Q0ZKF0|UniProtKB:Q5DUB9|UniProtKB:Q766G9|UniProtKB:Q8G8F9|UniProtKB:Q8GCH1|UniProtKB:Q8VL12|UniProtKB:Q8VQN7	NCBITaxon:1280|NCBITaxon:1296|NCBITaxon:1351|NCBITaxon:1776742|NCBITaxon:215580|NCBITaxon:2468|NCBITaxon:287|NCBITaxon:2975438|NCBITaxon:303|NCBITaxon:373068|NCBITaxon:40214|NCBITaxon:446|NCBITaxon:470|NCBITaxon:55404|NCBITaxon:562|NCBITaxon:573|NCBITaxon:575584|NCBITaxon:615|NCBITaxon:644|NCBITaxon:648|NCBITaxon:651|NCBITaxon:676|NCBITaxon:747|NCBITaxon:75985|NCBITaxon:82541|NCBITaxon:90371|NCBITaxon:98360	0	0	0			0		OPEN
CHEBI:9216	spectinomycin dihydrochloride	data/antibiotics/antibacterial/spectinomycin-dihydrochloride.yaml	FOGDPGQSHLLYIK-XYQGXRRISA-N	ANTIBACTERIAL	4463cace4bd76bf2e17b441b4bc0dae8f6a093ea23e4fae8446308ac8051e339	0	0	7	3	0	RECORDED_NAME_QUERIES_TRAVERSED_NOT_PRIMARY_REVIEW	False	0	0	0	0			0	0	0			0		OPEN
CHEBI:9217	spectinomycin hydrochloride hydrate	data/antibiotics/antibacterial/spectinomycin-hydrochloride-hydrate.yaml	DCHJOVNPPSBWHK-UXXUFHFZSA-N	ANTIBACTERIAL	a813d57ce4d27b395ea570e8967dcabf42f5290003051a862ae01d9ed1d4729a	0	0	9	3	0	RECORDED_NAME_QUERIES_TRAVERSED_NOT_PRIMARY_REVIEW	False	0	0	0	0			0	0	0			0		OPEN
CHEBI:92181	lasalocid	data/antibiotics/antiprotozoal/lasalocid.yaml	BBMULGJBVDDDNI-OWKLGTHSSA-N	ANTIPROTOZOAL	c3f60d86def54e6389dc1b419065df7234fc3674233e5f90b1d64b9fa8b2be8c	0	0	14	5	0	RECORDED_NAME_QUERIES_TRAVERSED_NOT_PRIMARY_REVIEW	False	0	0	0	0			0	0	0			0		OPEN
CHEBI:92257	IKK16	data/antibiotics/antiprotozoal/ikk16.yaml	BWZJBXAPRCVCKQ-UHFFFAOYSA-N	ANTIPROTOZOAL	159b965b80badf0dd9cc35804b1bcee169d0e75d1781ee5d0290bec660291f62	0	0	7	3	0	RECORDED_NAME_QUERIES_TRAVERSED_NOT_PRIMARY_REVIEW	False	0	0	0	0			0	0	0			0		OPEN
CHEBI:9230	spinosyn A	data/antibiotics/unspecified/spinosyn-a.yaml	SRJQTHAZUNRMPR-UYQKXTDMSA-N	ANTIMICROBIAL_UNSPECIFIED	d7e271132bb845433fe8d2e6b977493d0611e32f421575cf42e8ddd9e09ab0da	0	0	6	3	0	RECORDED_NAME_QUERIES_TRAVERSED_NOT_PRIMARY_REVIEW	False	0	0	0	0			0	0	0			0		OPEN
CHEBI:9232	spinosyn D	data/antibiotics/unspecified/spinosyn-d.yaml	RDECBWLKMPEKPM-PSCJHHPTSA-N	ANTIMICROBIAL_UNSPECIFIED	f5fc7c5aa7a1abcc6439b4abfc0ab3539ee6e1ed46e8e97a20d8ac0cb4b6b9e1	0	0	5	2	0	RECORDED_NAME_QUERIES_TRAVERSED_NOT_PRIMARY_REVIEW	False	0	0	0	0			0	0	0			0		OPEN
CHEBI:9242	spiroxamine	data/antibiotics/antifungal/spiroxamine.yaml	PUYXTUJWRLOUCW-UHFFFAOYSA-N	ANTIFUNGAL	70857d5f831e05736e889ba761fb48ee3f0501dc268ba6568b8199e80ea7c964	0	0	8	3	1	RECORDED_NAME_QUERIES_TRAVERSED_NOT_PRIMARY_REVIEW	False	0	0	0	0			0	0	0			0		OPEN
CHEBI:9287	streptonigrin	data/antibiotics/unspecified/streptonigrin.yaml	PVYJZLYGTZKPJE-UHFFFAOYSA-N	ANTIMICROBIAL_UNSPECIFIED	ce6f00c89a22e08496bfe96b26e4e6fd6c6670fd188d0fa028e506d5b1657e40	0	0	8	3	0	RECORDED_NAME_QUERIES_TRAVERSED_NOT_PRIMARY_REVIEW	False	0	0	0	0			0	0	0			0		OPEN
CHEBI:9288	streptozocin	data/antibiotics/unspecified/streptozocin.yaml	ZSJLQEPLLKMAKR-GKHCUFPYSA-N	ANTIMICROBIAL_UNSPECIFIED	a736812f43e950255d5319665bf7de1a84830de67f6ad960a5a21dd6cf54d430	0	0	12	4	1	RECORDED_NAME_QUERIES_TRAVERSED_NOT_PRIMARY_REVIEW	False	0	0	0	0			0	0	0			0		OPEN
CHEBI:9321	sulbactam	data/antibiotics/unspecified/sulbactam.yaml	FKENQMMABCRJMK-RITPCOANSA-N	ANTIMICROBIAL_UNSPECIFIED	2b6bc5fe5b98d02bd80734aee1563e27d00b99043aeaa5133feb9b3da73322c7	0	0	10	4	1	RECORDED_NAME_QUERIES_TRAVERSED_NOT_PRIMARY_REVIEW	False	0	0	0	0			0	0	0			0		OPEN
CHEBI:9322	sulbenicillin	data/antibiotics/unspecified/sulbenicillin.yaml	JETQIUPBHQNHNZ-OAYJICASSA-N	ANTIMICROBIAL_UNSPECIFIED	edcdd429522910eb3c25a383bdea5c38add44a99b86200b9f5b7620f16cded1f	0	0	8	3	0	RECORDED_NAME_QUERIES_TRAVERSED_NOT_PRIMARY_REVIEW	False	0	0	0	0			0	0	0			0		OPEN
CHEBI:9327	sulfacetamide sodium anhydrous	data/antibiotics/unspecified/sulfacetamide-sodium-anhydrous.yaml	PQMSFAORUFMASU-UHFFFAOYSA-M	ANTIMICROBIAL_UNSPECIFIED	8a323e32fe17a4cde0f84bd5e70f18e0bc7f5dc5bea1ca08540e770ba651e813	0	0	10	4	0	RECORDED_NAME_QUERIES_TRAVERSED_NOT_PRIMARY_REVIEW	False	0	0	0	0			0	0	0			0		OPEN
CHEBI:9328	sulfadiazine	data/antibiotics/antiprotozoal/sulfadiazine.yaml	SEEPANYCNGTZFQ-UHFFFAOYSA-N	ANTIPROTOZOAL	24d65b6cee76bb0c106ea1c75482a54745c0ba8509a33d63a9c7e5400bdc4e98	5	0	13	4	2	RECORDED_NAME_QUERIES_TRAVERSED_NOT_PRIMARY_REVIEW	False	5	5	3	2	UniProtKB:A0A385AH63|UniProtKB:P0AC12|UniProtKB:P0C003	NCBITaxon:10678|NCBITaxon:287|NCBITaxon:623	0	0	0			0		OPEN
CHEBI:9329	sulfadoxine	data/antibiotics/antibacterial/sulfadoxine.yaml	PJSFRIWCGOHTNF-UHFFFAOYSA-N	ANTIBACTERIAL	7226bd02a63df469db4690b90fcc448fbdd772ae737df6a4329f767d64fb8c38	6	0	9	3	2	RECORDED_NAME_QUERIES_TRAVERSED_NOT_PRIMARY_REVIEW	False	6	6	3	3	UniProtKB:A0A385AH63|UniProtKB:P0AC12|UniProtKB:P0C003	NCBITaxon:10678|NCBITaxon:287|NCBITaxon:623	0	0	0			0		OPEN
CHEBI:9331	sulfamethizole	data/antibiotics/antibacterial/sulfamethizole.yaml	VACCAVUAMIDAGB-UHFFFAOYSA-N	ANTIBACTERIAL	084ddeefef0062f71204a7f3146d8f6de74004cdf5d5289cdccc9e189017040f	5	0	13	4	0	RECORDED_NAME_QUERIES_TRAVERSED_NOT_PRIMARY_REVIEW	False	5	5	3	2	UniProtKB:A0A385AH63|UniProtKB:P0AC12|UniProtKB:P0C003	NCBITaxon:10678|NCBITaxon:287|NCBITaxon:623	0	0	0			0		OPEN
CHEBI:9332	sulfamethoxazole	data/antibiotics/antibacterial/sulfamethoxazole.yaml	JLKIGFTWXXRPMT-UHFFFAOYSA-N	ANTIBACTERIAL	651e9736049a794b1b283ca1f3cf6e8bfe157240f8bc96bf37380233e178190d	8	0	9	3	2	RECORDED_NAME_QUERIES_TRAVERSED_NOT_PRIMARY_REVIEW	False	8	8	4	4	UniProtKB:A0A385AH63|UniProtKB:A0A3G2UL71|UniProtKB:P0AC12|UniProtKB:P0C003	NCBITaxon:10678|NCBITaxon:13690|NCBITaxon:287|NCBITaxon:623	0	0	0			0		OPEN
CHEBI:9334	sulfasalazine	data/antibiotics/antibacterial/sulfasalazine.yaml	NCEXYHBECQHGNR-QZQOTICOSA-N	ANTIBACTERIAL	7c4e931c4caac532e26ca77ef25f1b5263425f4403e998551956c6431750ab82	5	0	2	2	0	RECORDED_NAME_QUERIES_TRAVERSED_NOT_PRIMARY_REVIEW	False	5	5	3	2	UniProtKB:A0A385AH63|UniProtKB:P0AC12|UniProtKB:P0C003	NCBITaxon:10678|NCBITaxon:287|NCBITaxon:623	0	0	0			0		OPEN
CHEBI:93358	PD169316	data/antibiotics/antiviral/pd169316.yaml	BGIYKDUASORTBB-UHFFFAOYSA-N	ANTIVIRAL	1a1ba036b57f7a04a9926a9f7be6d55b903ca2f850cc349ed8d1fbf5d0cf5991	0	0	8	3	0	RECORDED_NAME_QUERIES_TRAVERSED_NOT_PRIMARY_REVIEW	False	0	0	0	0			0	0	0			0		OPEN
CHEBI:9336	phthalylsulfathiazole	data/antibiotics/unspecified/phthalylsulfathiazole.yaml	PBMSWVPMRUJMPE-UHFFFAOYSA-N	ANTIMICROBIAL_UNSPECIFIED	7a25e48d39298f9fb6f47fedabf5caafcc8a43f0cbcb0bbec4970ad1e5bef3ec	0	0	13	4	0	RECORDED_NAME_QUERIES_TRAVERSED_NOT_PRIMARY_REVIEW	False	0	0	0	0			0	0	0			0		OPEN
CHEBI:9337	sulfathiazole	data/antibiotics/unspecified/sulfathiazole.yaml	JNMRHUJNCSQMMB-UHFFFAOYSA-N	ANTIMICROBIAL_UNSPECIFIED	4d15a1b9d6617cde9c2b397e0d5d5c9aef7f72c41299174aa39f978d34961992	0	0	16	5	0	RECORDED_NAME_QUERIES_TRAVERSED_NOT_PRIMARY_REVIEW	False	0	0	0	0			0	0	0			0		OPEN
CHEBI:9364	suramin sodium	data/antibiotics/antiprotozoal/suramin-sodium.yaml	VAPNKLKDKUDFHK-UHFFFAOYSA-H	ANTIPROTOZOAL	e391459733478103699480dfc5eacf15bbaec910555716170e1d2e724591c0c7	0	0	22	7	0	RECORDED_NAME_QUERIES_TRAVERSED_NOT_PRIMARY_REVIEW	False	0	0	0	0			0	0	0			0		OPEN
CHEBI:9391	talampicillin	data/antibiotics/unspecified/talampicillin.yaml	SOROUYSPFADXSN-SUWVAFIASA-N	ANTIMICROBIAL_UNSPECIFIED	22c188d16d4f72cc300b77260157be292835bf7e626e375d5953bfb41973b6a7	0	0	3	2	0	RECORDED_NAME_QUERIES_TRAVERSED_NOT_PRIMARY_REVIEW	False	0	0	0	0			0	0	0			0		OPEN
CHEBI:9397	tamoxifen citrate	data/antibiotics/antiviral/tamoxifen-citrate.yaml	FQZYTYWMLGAPFJ-OQKDUQJOSA-N	ANTIVIRAL	18890819cf9749ea1018e3bc2c6dbf74cb7cbad2eb90215f5ebc5585c20e64e7	0	0	11	4	0	RECORDED_NAME_QUERIES_TRAVERSED_NOT_PRIMARY_REVIEW	False	0	0	0	0			0	0	0			0		OPEN
CHEBI:9421	tazobactam	data/antibiotics/unspecified/tazobactam.yaml	LPQZKKCYTLCDGQ-WEDXCCLWSA-N	ANTIMICROBIAL_UNSPECIFIED	cd41a3bc7ed664b4180468aeb8c1dfeb7ad92890a0a6c5ff8c6ceed17fc0fd70	0	0	4	2	1	RECORDED_NAME_QUERIES_TRAVERSED_NOT_PRIMARY_REVIEW	False	0	0	0	0			0	0	0			0		OPEN
CHEBI:9448	terbinafine	data/antibiotics/antifungal/terbinafine.yaml	DOMXUEMWDBAQBQ-WEVVVXLNSA-N	ANTIFUNGAL	d483410a916c9bf4f742b01be99b5413ce1b310cc0474271064515e06a2512a9	11	0	6	3	1	RECORDED_NAME_QUERIES_TRAVERSED_NOT_PRIMARY_REVIEW	True	8	8	0	8			3	3	0	terbinafine-2004-reference-context|terbinafine-2006-reference-context|wei-2016-reference-context-followup		0		OPEN
CHEBI:94621	sulfaguanidine	data/antibiotics/unspecified/sulfaguanidine.yaml	BRBKOPJOKNSWSG-UHFFFAOYSA-N	ANTIMICROBIAL_UNSPECIFIED	cc91edfdc5a38d77de4acac22383e7b30815f1fb1ea440e9365d78904b693d3b	0	0	15	5	0	RECORDED_NAME_QUERIES_TRAVERSED_NOT_PRIMARY_REVIEW	False	0	0	0	0			0	0	0			0		OPEN
CHEBI:94677	sulfabenzamide	data/antibiotics/antibacterial/sulfabenzamide.yaml	PBCZLFBEBARBBI-UHFFFAOYSA-N	ANTIBACTERIAL	243468dd5420821d6825a4b39eba947d50f450a8b58d747687e3de22db10e41a	0	0	10	4	0	RECORDED_NAME_QUERIES_TRAVERSED_NOT_PRIMARY_REVIEW	False	0	0	0	0			0	0	0			0		OPEN
CHEBI:9470	tetracenomycin C	data/antibiotics/antibacterial/tetracenomycin-c.yaml	ULHJWHCSSAEMLW-UEVCKROQSA-N	ANTIBACTERIAL	0d02e86d0d7e413314a887fa74bd6950dc7245e5930490189a9259f925d47c7b	1	0	3	2	0	RECORDED_NAME_QUERIES_TRAVERSED_NOT_PRIMARY_REVIEW	False	1	1	0	1			0	0	0			0		OPEN
CHEBI:94771	quisinostat	data/antibiotics/antiprotozoal/quisinostat.yaml	PAWIYAYFNXQGAP-UHFFFAOYSA-N	ANTIPROTOZOAL	635c3d2157dd9c9dbebbe92de7c32373f722c015ac5f8f3533baf7dd6637cd58	0	0	6	3	0	RECORDED_NAME_QUERIES_TRAVERSED_NOT_PRIMARY_REVIEW	False	0	0	0	0			0	0	0			0		OPEN
CHEBI:9495	thiram	data/antibiotics/antibacterial/thiram.yaml	KUAZQDVKQLNFPE-UHFFFAOYSA-N	ANTIBACTERIAL	020a30220310a13fc8e5a89d22b24ec0e343a7046bb042e5d9fe3d6f76777bbc	0	0	28	8	0	RECORDED_NAME_QUERIES_TRAVERSED_NOT_PRIMARY_REVIEW	False	0	0	0	0			0	0	0			0		OPEN
CHEBI:94998	SCH-79797	data/antibiotics/antibacterial/sch-79797.yaml	AVXQPEKZIGPIJW-UHFFFAOYSA-N	ANTIBACTERIAL	d910946bfd3250e6ffd9fa58c73ee909870bfd2fe8367e67aefd8bab75fa7f83	0	0	4	2	0	RECORDED_NAME_QUERIES_TRAVERSED_NOT_PRIMARY_REVIEW	False	0	0	0	0			0	0	0			0		OPEN
CHEBI:95003	MST-312	data/antibiotics/antiviral/mst-312.yaml	MIQUEZGHEJGPJB-UHFFFAOYSA-N	ANTIVIRAL	d2a7aee772ed594f29590112e02144d84211c4f502fcd1b1836adab4ff5f3889	0	0	8	3	0	RECORDED_NAME_QUERIES_TRAVERSED_NOT_PRIMARY_REVIEW	False	0	0	0	0			0	0	0			0		OPEN
CHEBI:95071	pracinostat	data/antibiotics/antiprotozoal/pracinostat.yaml	JHDKZFFAIZKUCU-ZRDIBKRKSA-N	ANTIPROTOZOAL	571cf520636d9af787d85c99f21d637dac7c2ff3bf71ef101838848b96373abd	0	0	6	3	0	RECORDED_NAME_QUERIES_TRAVERSED_NOT_PRIMARY_REVIEW	False	0	0	0	0			0	0	0			0		OPEN
CHEBI:95074	UNC0638	data/antibiotics/antiviral/unc0638.yaml	QOECJCJVIMVJGX-UHFFFAOYSA-N	ANTIVIRAL	ee73963bb7f5c932e6eccb2da39817ac6f9d39ecd193e1cbf4b33ab63e1db2b3	0	0	8	3	0	RECORDED_NAME_QUERIES_TRAVERSED_NOT_PRIMARY_REVIEW	False	0	0	0	0			0	0	0			0		OPEN
CHEBI:95093	omipalisib	data/antibiotics/antiviral/omipalisib.yaml	CGBJSGAELGCMKE-UHFFFAOYSA-N	ANTIVIRAL	775710ffc0f39cd5be8e5522dff2231dfb5a87599fe486aa504727250449bb68	0	0	15	5	0	RECORDED_NAME_QUERIES_TRAVERSED_NOT_PRIMARY_REVIEW	False	0	0	0	0			0	0	0			0		OPEN
CHEBI:9518	theasinensin A	data/antibiotics/antiviral/theasinensin-a.yaml	YUULFXAQUWEYNP-GXAWFILRSA-N	ANTIVIRAL	deae210746f70fe61c6a6a27ec4bdbe530706aba29a5223f8af99c73af805abc	0	0	3	2	0	RECORDED_NAME_QUERIES_TRAVERSED_NOT_PRIMARY_REVIEW	False	0	0	0	0			0	0	0			0		OPEN
CHEBI:95341	baricitinib	data/antibiotics/antiviral/baricitinib.yaml	XUZMWHLSFXCVMG-UHFFFAOYSA-N	ANTIVIRAL	cc369645c0ae8132920e3861bbd395d6bd2c7c389ad7787100f1f9aaf1a1fcda	0	0	12	4	0	RECORDED_NAME_QUERIES_TRAVERSED_NOT_PRIMARY_REVIEW	False	0	0	0	0			0	0	0			0		OPEN
CHEBI:9546	thimerosal	data/antibiotics/antifungal/thimerosal.yaml	RTKIYNMVFMVABJ-UHFFFAOYSA-L	ANTIFUNGAL	4e18483d0b58a12ad306bcb3d336c6bd7e792c13ff9b7638607dcc32b7c4b4a1	0	0	18	6	0	RECORDED_NAME_QUERIES_TRAVERSED_NOT_PRIMARY_REVIEW	False	0	0	0	0			0	0	0			0		OPEN
CHEBI:9555	tioguanine	data/antibiotics/antiviral/tioguanine.yaml	WYWHKKSPHMUBEB-UHFFFAOYSA-N	ANTIVIRAL	624f8bcd3720de3b11468efbbbbc589d0548cedb43f6ee58bb787b0da263d3c0	0	0	22	7	3	RECORDED_NAME_QUERIES_TRAVERSED_NOT_PRIMARY_REVIEW	False	0	0	0	0			0	0	0			0		OPEN
CHEBI:9587	ticarcillin	data/antibiotics/antibacterial/ticarcillin.yaml	OHKOGUYZJXTSFX-KZFFXBSXSA-N	ANTIBACTERIAL	8ecab5ce09e0ecab755d6de212f8904bfc82cb8a26a23a5a49b4b166e9316e28	15	0	10	4	1	RECORDED_NAME_QUERIES_TRAVERSED_NOT_PRIMARY_REVIEW	False	15	15	12	3	UniProtKB:A0A068EQ40|UniProtKB:A0A0H3YDR5|UniProtKB:A0A8D6APR8|UniProtKB:A0A9Q2ZSM5|UniProtKB:A0SVI2|UniProtKB:B1MCI3|UniProtKB:E8LGK3|UniProtKB:P9WKD3|UniProtKB:Q58G58|UniProtKB:Q8GPN1|UniProtKB:Q8GPN2|UniProtKB:Q93PQ0	NCBITaxon:158484|NCBITaxon:1812934|NCBITaxon:256|NCBITaxon:548|NCBITaxon:550|NCBITaxon:561007|NCBITaxon:626939|NCBITaxon:630|NCBITaxon:67826|NCBITaxon:76832|NCBITaxon:83332	0	0	0			0		OPEN
CHEBI:9620	tolnaftate	data/antibiotics/antifungal/tolnaftate.yaml	FUSNMLFNXJSCDI-UHFFFAOYSA-N	ANTIFUNGAL	d328963ad21e9e85cbcd96fd6227e2fd6c7a068f73ce585f403e8ee3aeb16c6f	0	0	12	4	0	RECORDED_NAME_QUERIES_TRAVERSED_NOT_PRIMARY_REVIEW	False	0	0	0	0			0	0	0			0		OPEN
CHEBI:9630	tomatine	data/antibiotics/antifungal/tomatine.yaml	REJLGAUYTKNVJM-SGXCCWNXSA-N	ANTIFUNGAL	8979427a83c48186769f64cd834e7282c0c03d8a5bec3fb836f7501feb45309e	0	0	8	3	0	RECORDED_NAME_QUERIES_TRAVERSED_NOT_PRIMARY_REVIEW	False	0	0	0	0			0	0	0			0		OPEN
CHEBI:9661	triacetin	data/antibiotics/antifungal/triacetin.yaml	URAYPUMNDPQOKB-UHFFFAOYSA-N	ANTIFUNGAL	2103c1e51bee7502ad5a15f9ce6942b7ae1e221375ad2695d156d4b59ac44185	0	0	20	6	0	RECORDED_NAME_QUERIES_TRAVERSED_NOT_PRIMARY_REVIEW	False	0	0	0	0			0	0	0			0		OPEN
CHEBI:9666	triadimenol	data/antibiotics/antifungal/triadimenol.yaml	BAZVSMNPJJMILC-UHFFFAOYSA-N	ANTIFUNGAL	2400b529a62d4d6e83c4a032710712a181420c7631d7327d756a5ae82c6dc5b6	0	0	6	3	0	RECORDED_NAME_QUERIES_TRAVERSED_NOT_PRIMARY_REVIEW	False	0	0	0	0			0	0	0			0		OPEN
CHEBI:9683	trichlormethiazide	data/antibiotics/unspecified/trichlormethiazide.yaml	LMJSLTNSBFUCMU-UHFFFAOYSA-N	ANTIMICROBIAL_UNSPECIFIED	3618314be33e5d2a3465c9f37c7a6b8ca8df69f7f681abadd64e6140c239f18c	0	0	5	2	0	RECORDED_NAME_QUERIES_TRAVERSED_NOT_PRIMARY_REVIEW	False	0	0	0	0			0	0	0			0		OPEN
CHEBI:9688	trichodermin	data/antibiotics/antifungal/trichodermin.yaml	HNEGCRMUYSKRRR-NWHWRWDZSA-N	ANTIFUNGAL	b610f578772d66235c320e2c56877625d7008f8762b1d676ee64cabf6d00141b	0	0	3	2	0	RECORDED_NAME_QUERIES_TRAVERSED_NOT_PRIMARY_REVIEW	False	0	0	0	0			0	0	0			0		OPEN
CHEBI:9691	piperyline	data/antibiotics/antifungal/piperyline.yaml	GQIJYUMTOUBHSH-IJIVKGSJSA-N	ANTIFUNGAL	1d3a9d3ce12f22c9b9eee5e4ac5b72c78183594b2ba9e4f87dd043241c5f70af	0	0	10	4	0	RECORDED_NAME_QUERIES_TRAVERSED_NOT_PRIMARY_REVIEW	False	0	0	0	0			0	0	0			0		OPEN
CHEBI:9699	tridec-1-ene-3,5,7,9,11-pentayne	data/antibiotics/antifungal/tridec-1-ene-3-5-7-9-11-pentayne.yaml	KKBHBCOJHHCOCL-UHFFFAOYSA-N	ANTIFUNGAL	f7a27cde0e626c220613ff1458eb6b0889863ccf5aca0ddc9aa3c0d597914a5b	0	0	4	2	0	RECORDED_NAME_QUERIES_TRAVERSED_NOT_PRIMARY_REVIEW	False	0	0	0	0			0	0	0			0		OPEN
CHEBI:9711	triflupromazine	data/antibiotics/antiviral/triflupromazine.yaml	XSCGXQMFQXDFCW-UHFFFAOYSA-N	ANTIVIRAL	e16ea58fb747ac86e738e3f040efa4501034b1ac8c1ef509170c447312e142ab	0	0	8	3	0	RECORDED_NAME_QUERIES_TRAVERSED_NOT_PRIMARY_REVIEW	False	0	0	0	0			0	0	0			0		OPEN
CHEBI:9712	triflupromazine hydrochloride	data/antibiotics/antiviral/triflupromazine-hydrochloride.yaml	FTNWXGFYRHWUKG-UHFFFAOYSA-N	ANTIVIRAL	03b83aefae8a6d57df488ad5d87345f599be89843b180812130db84c761cdde4	0	0	9	3	0	RECORDED_NAME_QUERIES_TRAVERSED_NOT_PRIMARY_REVIEW	False	0	0	0	0			0	0	0			0		OPEN
CHEBI:9715	triforine	data/antibiotics/antifungal/triforine.yaml	RROQIUMZODEXOR-UHFFFAOYSA-N	ANTIFUNGAL	11577476e034c61984f75d0a10eee46aa0e483cf2c75b09cd64bddf06fecba51	0	0	8	3	0	RECORDED_NAME_QUERIES_TRAVERSED_NOT_PRIMARY_REVIEW	False	0	0	0	0			0	0	0			0		OPEN
CHEBI:9763	trovafloxacin	data/antibiotics/antibacterial/trovafloxacin.yaml	WVPSKSLAZQPAKQ-CDMJZVDBSA-N	ANTIBACTERIAL	cf5a408c9e221962c84822511365e9038d3435214d8584fdf0723ce8baeb787c	20	0	7	3	0	RECORDED_NAME_QUERIES_TRAVERSED_NOT_PRIMARY_REVIEW	False	20	20	0	20			0	0	0			0		OPEN
CHEBI:98	(S)-linalool	data/antibiotics/unspecified/s-linalool.yaml	CDOSHBSSFJOMGT-SNVBAGLBSA-N	ANTIMICROBIAL_UNSPECIFIED	b8ae213504331e9f1a6e143e0fe4a1e89a0375daa7b9d08d3a08c235e3a8abd1	0	0	8	3	0	RECORDED_NAME_QUERIES_TRAVERSED_NOT_PRIMARY_REVIEW	False	0	0	0	0			0	0	0			0		OPEN
CHEBI:9997	pristinamycin IIA	data/antibiotics/antibacterial/pristinamycin-iia.yaml	DAIKHDNSXMZDCU-FQTGFAPKSA-N	ANTIBACTERIAL	582701d2ba4955a973dbbd4db5dcadb309e3826c634c2965aa6d490718fa0488	0	0	7	3	1	RECORDED_NAME_QUERIES_TRAVERSED_NOT_PRIMARY_REVIEW	False	0	0	0	0			0	0	0			0		OPEN
antibioticmech:aro-00a588048a	LYS228	data/antibiotics/antibacterial/lys228.yaml	FWTGYTRQUBRVDW-UWGJAOEXSA-N	ANTIBACTERIAL	3b1257a53ae2512d63b9c7736cbc8eb1e9f93ae0a467283feea86d7f35251928	0	0	1	1	0	RECORDED_NAME_QUERIES_TRAVERSED_NOT_PRIMARY_REVIEW	False	0	0	0	0			0	0	0			0		OPEN
antibioticmech:aro-026683b3b8	marinomycin D	data/antibiotics/antibacterial/marinomycin-d.yaml	VKKOVWWTIIRQQA-RJCVZUPRSA-N	ANTIBACTERIAL	3ea195d303a1118ec0c0a664b281236a9ad4d0730b9607850914db2d59965cf0	0	0	1	1	0	RECORDED_NAME_QUERIES_TRAVERSED_NOT_PRIMARY_REVIEW	False	0	0	0	0			0	0	0			0		OPEN
antibioticmech:aro-0734abf918	gramicidin S	data/antibiotics/antibacterial/gramicidin-s.yaml	IUAYMJGZBVDSGL-XNNAEKOYSA-N	ANTIBACTERIAL	d5b5bc269bda12fdcbc671ee93c42b9bdebacf4865201c912b843830da4cb917	0	0	1	1	0	RECORDED_NAME_QUERIES_TRAVERSED_NOT_PRIMARY_REVIEW	False	0	0	0	0			0	0	0			0		OPEN
antibioticmech:aro-07e4fbc49d	cadaside A	data/antibiotics/antibacterial/cadaside-a.yaml	HKTPJHSXELPTFT-UBMKZYSCSA-N	ANTIBACTERIAL	729d1a60d24f91c2da5f10204c1812bc80c7bb69dd2dc7f28e68154c550f84fd	0	0	1	1	0	RECORDED_NAME_QUERIES_TRAVERSED_NOT_PRIMARY_REVIEW	False	0	0	0	0			0	0	0			0		OPEN
antibioticmech:aro-07fd9f4191	pyrrolomycin I	data/antibiotics/antibacterial/pyrrolomycin-i.yaml	VREXHRJVYHCJKY-UHFFFAOYSA-N	ANTIBACTERIAL	ffc72526191f6bfc150f0b9722df0300391df17d7be36d3d3ebc5ee5e84dcd25	0	0	1	1	0	RECORDED_NAME_QUERIES_TRAVERSED_NOT_PRIMARY_REVIEW	False	0	0	0	0			0	0	0			0		OPEN
antibioticmech:aro-0a013bd963	murepavadin	data/antibiotics/antibacterial/murepavadin.yaml	RIDRXGOBXZLKHZ-NZUANIILSA-N	ANTIBACTERIAL	ce5a488533267f0a078a497882c917963980e7cbb26216e5840743efe6d922f5	0	0	2	2	0	RECORDED_NAME_QUERIES_TRAVERSED_NOT_PRIMARY_REVIEW	False	0	0	0	0			0	0	0			0		OPEN
antibioticmech:aro-0a1c492c45	microcin J25	data/antibiotics/antibacterial/microcin-j25.yaml	TVZWTTNULXZYTK-UHFFFAOYSA-N	ANTIBACTERIAL	d9a95a10437c7e73e9dd882093ac7efd68c53bde4965b5030398483ccdac79a2	1	0	2	2	0	RECORDED_NAME_QUERIES_TRAVERSED_NOT_PRIMARY_REVIEW	False	1	1	1	0	UniProtKB:P33941	NCBITaxon:83333	0	0	0			0		OPEN
antibioticmech:aro-0ae735fe08	phenelfamycin E	data/antibiotics/antibacterial/phenelfamycin-e.yaml	UDVVGDCMWCVRCO-CUFFYTIGSA-N	ANTIBACTERIAL	c68bd5062167ffd38cebbcadbfabdd04d817d819199e55b3fac7038fc78e75f4	0	0	1	1	0	RECORDED_NAME_QUERIES_TRAVERSED_NOT_PRIMARY_REVIEW	False	0	0	0	0			0	0	0			0		OPEN
antibioticmech:aro-0aefa62f74	patricin B	data/antibiotics/antibacterial/patricin-b.yaml	HASLPZZCXDUQET-OTXZUHDPSA-N	ANTIBACTERIAL	24fe977fbb934235e1bba3cf6a7c794b6db738d23ebcfbc148ba60f12a31f3c1	23	0	1	1	0	RECORDED_NAME_QUERIES_TRAVERSED_NOT_PRIMARY_REVIEW	False	23	23	18	5	UniProtKB:A0A3R7IWB8|UniProtKB:A0A6I0LAE8|UniProtKB:A0A829QAF6|UniProtKB:F3ZTT0|UniProtKB:L7N623|UniProtKB:O87275|UniProtKB:P06572|UniProtKB:P07287|UniProtKB:P09891|UniProtKB:P0A0H3|UniProtKB:P10337|UniProtKB:Q00014|UniProtKB:Q04720|UniProtKB:Q6RX35|UniProtKB:Q6XFQ7|UniProtKB:Q79N53|UniProtKB:Q8KLN5|UniProtKB:Q9K2Z3	NCBITaxon:1038928|NCBITaxon:1280|NCBITaxon:1282|NCBITaxon:1296|NCBITaxon:1299324|NCBITaxon:1352|NCBITaxon:1392|NCBITaxon:1598|NCBITaxon:1766|NCBITaxon:1772|NCBITaxon:29382|NCBITaxon:31956|NCBITaxon:405948|NCBITaxon:679937|NCBITaxon:79880|NCBITaxon:817|NCBITaxon:820|NCBITaxon:83331	0	0	0			0		OPEN
antibioticmech:aro-0c3c5e785d	formicamycin P	data/antibiotics/antibacterial/formicamycin-p.yaml	LWRJCRVGRLKUNI-PIIWDFAUSA-N	ANTIBACTERIAL	d09679f7b410d29ed2ba14a2d2e208462bf6ad362a2d6c3189cc1b9d1bf76cea	0	0	1	1	0	RECORDED_NAME_QUERIES_TRAVERSED_NOT_PRIMARY_REVIEW	False	0	0	0	0			0	0	0			0		OPEN
antibioticmech:aro-0cf530b2c3	arylomycin	data/antibiotics/antibacterial/arylomycin.yaml	HGWCKYGOWQEYSJ-JBWZRHCTSA-N	ANTIBACTERIAL	20d1ed9434c496bbf6f1413bb1c60c1f16396f75deea360254d6bfa0c23116de	0	0	1	1	0	RECORDED_NAME_QUERIES_TRAVERSED_NOT_PRIMARY_REVIEW	False	0	0	0	0			0	0	0			0		OPEN
antibioticmech:aro-0f5084fe9f	cyclomarin B	data/antibiotics/antibacterial/cyclomarin-b.yaml	HSTKEHHVGUSTOW-PMBWZYFTSA-N	ANTIBACTERIAL	b4c1a8349aedeee21a7c6cce70a282e7a4179fe423a0c73aa502835598678346	0	0	1	1	0	RECORDED_NAME_QUERIES_TRAVERSED_NOT_PRIMARY_REVIEW	False	0	0	0	0			0	0	0			0		OPEN
antibioticmech:aro-11ab0a98bf	miconazole	data/antibiotics/antifungal/miconazole.yaml	BYBLEWFAAKGYCD-UHFFFAOYSA-N	ANTIFUNGAL	663c997eb1d5da9ea97d4679e9c3fd9c2fccdc1e468245af3addb0980ce62612	8	0	1	1	1	RECORDED_NAME_QUERIES_TRAVERSED_NOT_PRIMARY_REVIEW	False	8	8	0	8			0	0	0			0		OPEN
antibioticmech:aro-1204fa50d9	gramicidin	data/antibiotics/antibacterial/gramicidin.yaml	ZWCXYZRRTRDGQE-SORVKSEFSA-N	ANTIBACTERIAL	3d0450b108d67050a82b030bca07da99aaf5e292606e1566e61f5442ad70a4f6	0	0	1	1	0	RECORDED_NAME_QUERIES_TRAVERSED_NOT_PRIMARY_REVIEW	False	0	0	0	0			0	0	0			0		OPEN
antibioticmech:aro-1224dc3554	oxpoconazole	data/antibiotics/antifungal/oxpoconazole.yaml	FJBGIXKIXPUXBY-UHFFFAOYSA-N	ANTIFUNGAL	5b97baa954f25ba2dee1ff0fffbf55209c898bf84ecce5be51eb879c5bb85ea1	1	0	1	1	0	RECORDED_NAME_QUERIES_TRAVERSED_NOT_PRIMARY_REVIEW	False	1	1	0	1			0	0	0			0		OPEN
antibioticmech:aro-1286e26ebd	formicin	data/antibiotics/antibacterial/formicin.yaml	HWJHZLJIIWOTGZ-UHFFFAOYSA-N	ANTIBACTERIAL	9aee1a2aae343d0d1ada062e93529261b1c933b2c0510487c6d5ab4196a9cbb9	0	0	1	1	0	RECORDED_NAME_QUERIES_TRAVERSED_NOT_PRIMARY_REVIEW	False	0	0	0	0			0	0	0			0		OPEN
antibioticmech:aro-12bdf3352c	halolitoralin A	data/antibiotics/antibacterial/halolitoralin-a.yaml	SXVHYPUSAGNSMU-HXZOEFROSA-N	ANTIBACTERIAL	7fe9bcec20d07373de60320c50eaab2ea436d037e6fef7359fd91efb08d9ac9a	0	0	1	1	0	RECORDED_NAME_QUERIES_TRAVERSED_NOT_PRIMARY_REVIEW	False	0	0	0	0			0	0	0			0		OPEN
antibioticmech:aro-13aab8b73c	thiacalixarene derivatives	data/antibiotics/biocide/thiacalixarene-derivatives.yaml	NVKLTRSBZLYZHK-UHFFFAOYSA-N	BIOCIDE	83e35cc84b1899b01b6ffc8e44d00a7f8f73cf02ba190a9e1d28891345e1cbf7	0	0	1	1	0	RECORDED_NAME_QUERIES_TRAVERSED_NOT_PRIMARY_REVIEW	False	0	0	0	0			0	0	0			0		OPEN
antibioticmech:aro-148ae939a4	azamulin	data/antibiotics/antibacterial/azamulin.yaml	FMHQJXGMLMSMLC-WBUYAQKGSA-N	ANTIBACTERIAL	793ab04ccade1f247c059605c80c7d23e7d089380807bb157ccb8db1fc4ad5fb	0	0	1	1	0	RECORDED_NAME_QUERIES_TRAVERSED_NOT_PRIMARY_REVIEW	False	0	0	0	0			0	0	0			0		OPEN
antibioticmech:aro-14f45eb5b3	myclobutanil	data/antibiotics/antifungal/myclobutanil.yaml	HZJKXKUJVSEEFU-UHFFFAOYSA-N	ANTIFUNGAL	ff87ebb22992641e74b44de7c8b57cd1c70dfbf780937b47b4f8db92b639b480	1	0	1	1	0	RECORDED_NAME_QUERIES_TRAVERSED_NOT_PRIMARY_REVIEW	False	1	1	0	1			0	0	0			0		OPEN
antibioticmech:aro-1504589de3	bleomycin	data/antibiotics/antibacterial/bleomycin.yaml	OYVAGSVQBOHSSS-WXFSZRTFSA-O	ANTIBACTERIAL	10ef3fa62ac97558b5fedb630d47cd461b6b132e409e9c26dd05683bcc9b205f	1	0	7	3	1	RECORDED_NAME_QUERIES_TRAVERSED_NOT_PRIMARY_REVIEW	False	1	1	1	0	UniProtKB:P13081	NCBITaxon:573	0	0	0			0		OPEN
antibioticmech:aro-17e5b16969	formicamycin O	data/antibiotics/antibacterial/formicamycin-o.yaml	MSTGSKMQIWAVEE-ONOMSOESSA-N	ANTIBACTERIAL	c6388735b9e9c091f8601efcf1b81d6f4d25648d080db676598166972aec5ad6	0	0	1	1	0	RECORDED_NAME_QUERIES_TRAVERSED_NOT_PRIMARY_REVIEW	False	0	0	0	0			0	0	0			0		OPEN
antibioticmech:aro-180f92bec8	polymyxin B3	data/antibiotics/antibacterial/polymyxin-b3.yaml	MUZYEKLWXWDOOD-RUDZPDEXSA-N	ANTIBACTERIAL	666b64b9e3145bdcaabbd9572b0e24e4f70a71983c948cd270b81078ce682aba	3	0	1	1	0	RECORDED_NAME_QUERIES_TRAVERSED_NOT_PRIMARY_REVIEW	False	3	3	0	3			0	0	0			0		OPEN
antibioticmech:aro-18bdab079e	formicamycin I	data/antibiotics/antibacterial/formicamycin-i.yaml	RAPTZTAHJXHERF-MHTXLSKPSA-N	ANTIBACTERIAL	cc51559ccda69afe02231a59a63c0d4d5d1d4ac392837ddc660a2930849156db	0	0	1	1	0	RECORDED_NAME_QUERIES_TRAVERSED_NOT_PRIMARY_REVIEW	False	0	0	0	0			0	0	0			0		OPEN
antibioticmech:aro-19df9f1f8a	formicamycin H	data/antibiotics/antibacterial/formicamycin-h.yaml	WITUCWDZFNOOOS-BJLXPSRBSA-N	ANTIBACTERIAL	b3197b2a95247f4b1b629ce95913a8fae963ab03735e6efcc4d189be64562aed	0	0	1	1	0	RECORDED_NAME_QUERIES_TRAVERSED_NOT_PRIMARY_REVIEW	False	0	0	0	0			0	0	0			0		OPEN
antibioticmech:aro-1a019a94dc	tylvalosin	data/antibiotics/antibacterial/tylvalosin.yaml	KCJJINQANFZSAM-HZDSEHBESA-N	ANTIBACTERIAL	b76749ee045016262e8e078955dca62ee6fd7753fa964d6ef74a22cf9c0a9df8	0	0	1	1	0	RECORDED_NAME_QUERIES_TRAVERSED_NOT_PRIMARY_REVIEW	False	0	0	0	0			0	0	0			0		OPEN
antibioticmech:aro-1c243155df	tyrothricin	data/antibiotics/antibacterial/tyrothricin.yaml	NLJVXZFCYKWXLH-DXTIXLATSA-N	ANTIBACTERIAL	1194909fe23cfc2e96e32d040b9537ebf169ae9ebb9ebf4f80da18d880e36455	0	0	1	1	0	RECORDED_NAME_QUERIES_TRAVERSED_NOT_PRIMARY_REVIEW	False	0	0	0	0			0	0	0			0		OPEN
antibioticmech:aro-1c565a1a6c	perchlozone	data/antibiotics/antibacterial/perchlozone.yaml	QTSJJDIDTYFLFC-YHYXMXQVSA-N	ANTIBACTERIAL	f09bc9c9c630dd9fd6c955269f5db610fde42191638e275e2fd03409dab9768e	1	0	2	2	0	RECORDED_NAME_QUERIES_TRAVERSED_NOT_PRIMARY_REVIEW	False	1	1	0	1			0	0	0			0		OPEN
antibioticmech:aro-1cc6dbd596	edeine D	data/antibiotics/antibacterial/edeine-d.yaml	FPJBIRIVZPUIOL-DDURVGIBSA-N	ANTIBACTERIAL	0a8133a21e7dba3489cf2e685e50aef5f46329670115eaadcad0b519ebcce4a0	2	0	1	1	0	RECORDED_NAME_QUERIES_TRAVERSED_NOT_PRIMARY_REVIEW	False	2	2	1	1	UniProtKB:W5VTK4	NCBITaxon:1393	0	0	0			0		OPEN
antibioticmech:aro-1d2367825f	klebsidin	data/antibiotics/antibacterial/klebsidin.yaml	XNBIEFNBLNDRGW-UHFFFAOYSA-N	ANTIBACTERIAL	3e9b0013b7de94b29a46e6fdb691af32813a8fd0338033cbaf5a2e0b379fc131	0	0	1	1	0	RECORDED_NAME_QUERIES_TRAVERSED_NOT_PRIMARY_REVIEW	False	0	0	0	0			0	0	0			0		OPEN
antibioticmech:aro-1fe0873afd	acriflavine	data/antibiotics/biocide/acriflavine.yaml	PEJLNXHANOHNSU-UHFFFAOYSA-N	BIOCIDE	194ab8a3bfec7eef5ee10d299935bc5ee9f21412836cd8329949bc6115deeaf7	19	0	11	4	1	RECORDED_NAME_QUERIES_TRAVERSED_NOT_PRIMARY_REVIEW	False	19	19	8	11	UniProtKB:A0A0J0ZYZ6|UniProtKB:D0CAR7|UniProtKB:P31224|UniProtKB:P39386|UniProtKB:P39843|UniProtKB:Q18C26|UniProtKB:Q5HR40|UniProtKB:Q8GR72	NCBITaxon:1351|NCBITaxon:1409923|NCBITaxon:176279|NCBITaxon:224308|NCBITaxon:272563|NCBITaxon:575584|NCBITaxon:83333	0	0	0			0		OPEN
antibioticmech:aro-251ff28ef6	fasamycin A	data/antibiotics/antibacterial/fasamycin-a.yaml	NCBUKYVWLOGAPQ-UHFFFAOYSA-N	ANTIBACTERIAL	7bb30f453f08c421a6fe18e8e6691349630c9ff9b62097b47bcc270544cdd385	0	0	1	1	0	RECORDED_NAME_QUERIES_TRAVERSED_NOT_PRIMARY_REVIEW	False	0	0	0	0			0	0	0			0		OPEN
antibioticmech:aro-26cedd2720	sarafloxacin	data/antibiotics/antibacterial/sarafloxacin.yaml	XBHBWNFJWIASRO-UHFFFAOYSA-N	ANTIBACTERIAL	0eac78ae52136f345df42d68630b10d925737f6783c374ee97dfdebdb9f57cae	0	0	1	1	0	RECORDED_NAME_QUERIES_TRAVERSED_NOT_PRIMARY_REVIEW	False	0	0	0	0			0	0	0			0		OPEN
antibioticmech:aro-274dd73c04	formicamycin J	data/antibiotics/antibacterial/formicamycin-j.yaml	TVYNBNZEEHEPOX-XHDOVSQSSA-N	ANTIBACTERIAL	9624ea40a76d107c5a8f29bc500e9abdacd7e41fb78c9a30743a1f8986ec27c5	0	0	1	1	0	RECORDED_NAME_QUERIES_TRAVERSED_NOT_PRIMARY_REVIEW	False	0	0	0	0			0	0	0			0		OPEN
antibioticmech:aro-27630f7c54	carbomycin	data/antibiotics/antibacterial/carbomycin.yaml	FQVHOULQCKDUCY-OGHXVOSASA-N	ANTIBACTERIAL	3c307b032507595363924a312954a8a70c669217bd9696ac6fe382a0e5bc3fe4	5	0	1	1	0	RECORDED_NAME_QUERIES_TRAVERSED_NOT_PRIMARY_REVIEW	False	5	5	5	0	UniProtKB:A0A0K2B0W1|UniProtKB:O05649|UniProtKB:P13079|UniProtKB:P45439|UniProtKB:Q60248	NCBITaxon:1906|NCBITaxon:1938|NCBITaxon:278992|NCBITaxon:80858	0	0	0			0		OPEN
antibioticmech:aro-28273ec780	tildipirosin	data/antibiotics/antibacterial/tildipirosin.yaml	HNDXPZPJZGTJLJ-UEJFNEDBSA-N	ANTIBACTERIAL	6c4745e084ba3e4ff3531b6840c733f6fc65ac454d4aa058f1a7e18f9f41c90b	0	0	1	1	0	RECORDED_NAME_QUERIES_TRAVERSED_NOT_PRIMARY_REVIEW	False	0	0	0	0			0	0	0			0		OPEN
antibioticmech:aro-2a1d8b8631	virginiamycin S2	data/antibiotics/antibacterial/virginiamycin-s2.yaml	LRSRCZBNIGNEHL-NTXCPLLSSA-N	ANTIBACTERIAL	6104bdf05c531995cf11c2cf82a160674760160ca1fee0cb706692ea243f5f86	24	0	1	1	0	RECORDED_NAME_QUERIES_TRAVERSED_NOT_PRIMARY_REVIEW	False	24	24	19	5	UniProtKB:A0A3R7IWB8|UniProtKB:A0A6I0LAE8|UniProtKB:A0A829QAF6|UniProtKB:F3ZTT0|UniProtKB:L7N623|UniProtKB:O87275|UniProtKB:P06572|UniProtKB:P07287|UniProtKB:P09891|UniProtKB:P0A0H3|UniProtKB:P10337|UniProtKB:P39115|UniProtKB:Q00014|UniProtKB:Q04720|UniProtKB:Q6RX35|UniProtKB:Q6XFQ7|UniProtKB:Q79N53|UniProtKB:Q8KLN5|UniProtKB:Q9K2Z3	NCBITaxon:1038928|NCBITaxon:1280|NCBITaxon:1282|NCBITaxon:1296|NCBITaxon:1299324|NCBITaxon:1352|NCBITaxon:1392|NCBITaxon:1598|NCBITaxon:1766|NCBITaxon:1772|NCBITaxon:224308|NCBITaxon:29382|NCBITaxon:31956|NCBITaxon:405948|NCBITaxon:679937|NCBITaxon:79880|NCBITaxon:817|NCBITaxon:820|NCBITaxon:83331	0	0	0			0		OPEN
antibioticmech:aro-2b2f71621c	klebsazolicin	data/antibiotics/antibacterial/klebsazolicin.yaml	RSVIJELKMXTPMI-CKSXXEILSA-N	ANTIBACTERIAL	771419f37751e2e532c37a1a399c08f7979f4daa56ad3999dfb688e27e18568a	0	0	2	2	0	RECORDED_NAME_QUERIES_TRAVERSED_NOT_PRIMARY_REVIEW	False	0	0	0	0			0	0	0			0		OPEN
antibioticmech:aro-2c3e119979	dragmacidin B	data/antibiotics/antibacterial/dragmacidin-b.yaml	GRBPIEOBAMGKFD-UHFFFAOYSA-N	ANTIBACTERIAL	8d0cf2cccb88afb22b75c7c1f936d2761b2386de6d1f66915d7baf965dd68ab4	0	0	1	1	0	RECORDED_NAME_QUERIES_TRAVERSED_NOT_PRIMARY_REVIEW	False	0	0	0	0			0	0	0			0		OPEN
antibioticmech:aro-2c567f176b	phenamacril	data/antibiotics/antifungal/phenamacril.yaml	YKRQBWKLHCEKQH-UHFFFAOYSA-N	ANTIFUNGAL	23d51a091198b92f03c3cd89d9bf2441117c8c64aac7fe33a90c33ca92439e04	6	0	1	1	0	RECORDED_NAME_QUERIES_TRAVERSED_NOT_PRIMARY_REVIEW	False	6	6	0	6			0	0	0			0		OPEN
antibioticmech:aro-2d35d60097	eravacycline	data/antibiotics/antibacterial/eravacycline.yaml	AKLMFDDQCHURPW-ISIOAQNYSA-N	ANTIBACTERIAL	5ec5965c9a45c0bb71139d28fb3a53320a7e5e0b2c5a03271c603849b1c4beab	0	0	3	2	0	RECORDED_NAME_QUERIES_TRAVERSED_NOT_PRIMARY_REVIEW	False	0	0	0	0			0	0	0			0		OPEN
antibioticmech:aro-2e3b34cc67	tacrolimus	data/antibiotics/unspecified/tacrolimus.yaml	QJJXYPPXXYFBGM-LFZNUXCKSA-N	ANTIMICROBIAL_UNSPECIFIED	c78b76727b23e17eb186b45746e63a146fc21e4e1608b6c09591822e21154e08	2	0	1	1	1	RECORDED_NAME_QUERIES_TRAVERSED_NOT_PRIMARY_REVIEW	False	2	2	0	2			0	0	0			0		OPEN
antibioticmech:aro-2e5f698558	phenelfamycin A	data/antibiotics/antibacterial/phenelfamycin-a.yaml	STUFASHYXFEKNQ-CEKXONASSA-N	ANTIBACTERIAL	ec58381cafd60e0d260a80b7ef922ef12df840cc5b30b56f348232be8456473a	0	0	1	1	0	RECORDED_NAME_QUERIES_TRAVERSED_NOT_PRIMARY_REVIEW	False	0	0	0	0			0	0	0			0		OPEN
antibioticmech:aro-2ea67cad76	patricin A	data/antibiotics/antibacterial/patricin-a.yaml	HASLPZZCXDUQET-OTXZUHDPSA-N	ANTIBACTERIAL	fb765cce6bb171e6be11769b37d270d7046864f095a34499fecc7654a987b177	23	0	1	1	0	RECORDED_NAME_QUERIES_TRAVERSED_NOT_PRIMARY_REVIEW	False	23	23	18	5	UniProtKB:A0A3R7IWB8|UniProtKB:A0A6I0LAE8|UniProtKB:A0A829QAF6|UniProtKB:F3ZTT0|UniProtKB:L7N623|UniProtKB:O87275|UniProtKB:P06572|UniProtKB:P07287|UniProtKB:P09891|UniProtKB:P0A0H3|UniProtKB:P10337|UniProtKB:Q00014|UniProtKB:Q04720|UniProtKB:Q6RX35|UniProtKB:Q6XFQ7|UniProtKB:Q79N53|UniProtKB:Q8KLN5|UniProtKB:Q9K2Z3	NCBITaxon:1038928|NCBITaxon:1280|NCBITaxon:1282|NCBITaxon:1296|NCBITaxon:1299324|NCBITaxon:1352|NCBITaxon:1392|NCBITaxon:1598|NCBITaxon:1766|NCBITaxon:1772|NCBITaxon:29382|NCBITaxon:31956|NCBITaxon:405948|NCBITaxon:679937|NCBITaxon:79880|NCBITaxon:817|NCBITaxon:820|NCBITaxon:83331	0	0	0			0		OPEN
antibioticmech:aro-2eea3233f3	ofloxacin	data/antibiotics/antibacterial/ofloxacin.yaml	GSDSWSVVBLHKDQ-UHFFFAOYSA-N	ANTIBACTERIAL	5ddd8f63ce90ff0d26ed37026628e52f56d1b75925adb269a832ed9e2b2bc407	35	0	3	2	1	RECORDED_NAME_QUERIES_TRAVERSED_NOT_PRIMARY_REVIEW	False	35	35	4	31	UniProtKB:D0CAR7|UniProtKB:I6YEJ7|UniProtKB:P0A0J6|UniProtKB:P9WG85	NCBITaxon:196620|NCBITaxon:575584|NCBITaxon:83332	0	0	0			0		OPEN
antibioticmech:aro-3116ad4253	isepamicin	data/antibiotics/antibacterial/isepamicin.yaml	UDIIBEDMEYAVNG-ZKFPOVNWSA-N	ANTIBACTERIAL	be12d203b97d0c9396bc7dfbcda9a66bfe7919618025dc411cd5de6db424998a	15	0	3	2	0	RECORDED_NAME_QUERIES_TRAVERSED_NOT_PRIMARY_REVIEW	False	15	15	13	2	UniProtKB:A0A2L1KH00|UniProtKB:A0A7W2KDZ3|UniProtKB:A0AA44XLZ4|UniProtKB:P05058|UniProtKB:P09885|UniProtKB:P0A3Y5|UniProtKB:Q04455|UniProtKB:Q33DX5|UniProtKB:Q76G15|UniProtKB:Q7M0R2|UniProtKB:Q83V96|UniProtKB:Q84DL7|UniProtKB:Q8GRA1	NCBITaxon:1351|NCBITaxon:1409|NCBITaxon:1879|NCBITaxon:2666183|NCBITaxon:287|NCBITaxon:470|NCBITaxon:584|NCBITaxon:615|NCBITaxon:79880	0	0	0			0		OPEN
antibioticmech:aro-340d45af79	carrimycin	data/antibiotics/antibacterial/carrimycin.yaml	PNMQDIDLWTXQLZ-RZELCZIWSA-N	ANTIBACTERIAL	f4c138735d6b7570a3bd3289cbc9ad991a687bc28200b5ddce9999e2ca2d9bcb	0	0	2	2	0	RECORDED_NAME_QUERIES_TRAVERSED_NOT_PRIMARY_REVIEW	False	0	0	0	0			0	0	0			0		OPEN
antibioticmech:aro-34500a4f2b	benzalkonium chloride	data/antibiotics/antibacterial/benzalkonium-chloride.yaml	VVZBFOKBSDGVGZ-UHFFFAOYSA-N	ANTIBACTERIAL	e9cdb974aa0f3a97f483d45704f3d644efc718d73c7e0ef0e03158cb7b04bb88	6	0	5	2	2	RECORDED_NAME_QUERIES_TRAVERSED_NOT_PRIMARY_REVIEW	False	6	6	4	2	UniProtKB:A0A0H5PWD1|UniProtKB:H9ZIN1|UniProtKB:O87866|UniProtKB:Q9I3Y3	NCBITaxon:126832|NCBITaxon:198431|NCBITaxon:208964|NCBITaxon:562	0	0	0			0		OPEN
antibioticmech:aro-34c0642a61	albicidin	data/antibiotics/antibacterial/albicidin.yaml	NZSWNNDHPOTJNH-VEJILBAHSA-N	ANTIBACTERIAL	7943a642afbcd79e8fbaa61b0fb07b09ef04b5e3171722773e6bf344162132e5	0	0	1	1	0	RECORDED_NAME_QUERIES_TRAVERSED_NOT_PRIMARY_REVIEW	False	0	0	0	0			0	0	0			0		OPEN
antibioticmech:aro-35e3f4294f	formicamycin A	data/antibiotics/antibacterial/formicamycin-a.yaml	PYYNLZYNJIYAOW-YKGWIAGDSA-N	ANTIBACTERIAL	6cde6910796eba02ef4c64faf9a7243554a0a1c017de75090b2283bc7a44314f	0	0	1	1	0	RECORDED_NAME_QUERIES_TRAVERSED_NOT_PRIMARY_REVIEW	False	0	0	0	0			0	0	0			0		OPEN
antibioticmech:aro-365d0d8bfd	fasamycin K	data/antibiotics/antibacterial/fasamycin-k.yaml	YYLAZAXBHRXJFC-UHFFFAOYSA-N	ANTIBACTERIAL	f6cce7b593bb00eca8975606259bf5b5cd31ce50832d16a31bf1abc661abdd78	0	0	1	1	0	RECORDED_NAME_QUERIES_TRAVERSED_NOT_PRIMARY_REVIEW	False	0	0	0	0			0	0	0			0		OPEN
antibioticmech:aro-36682fe25f	cadaside B	data/antibiotics/antibacterial/cadaside-b.yaml	BCKHSEAEFWMDKN-JBUYWEPMSA-N	ANTIBACTERIAL	978038810a6866697c60ed88a473af24cd06cd6a48d398aabb407929e18da2dc	0	0	1	1	0	RECORDED_NAME_QUERIES_TRAVERSED_NOT_PRIMARY_REVIEW	False	0	0	0	0			0	0	0			0		OPEN
antibioticmech:aro-36b1a29715	pseudouridimycin	data/antibiotics/antibacterial/pseudouridimycin.yaml	XDEYHXABZOKKDZ-YFKLLHAASA-N	ANTIBACTERIAL	151b0160e7a2e4f8f6888b86f14bbe58603d5b05ecff7148a39e4c26314e1ab0	0	0	1	1	0	RECORDED_NAME_QUERIES_TRAVERSED_NOT_PRIMARY_REVIEW	False	0	0	0	0			0	0	0			0		OPEN
antibioticmech:aro-39c9b140ad	formicamycin B	data/antibiotics/antibacterial/formicamycin-b.yaml	DZLMIXIOUIFBDM-ACSYHNTCSA-N	ANTIBACTERIAL	0f9282954d03292cffe0b63e4ddfafd09ee2db19fe6f382fcef66619de12db72	0	0	1	1	0	RECORDED_NAME_QUERIES_TRAVERSED_NOT_PRIMARY_REVIEW	False	0	0	0	0			0	0	0			0		OPEN
antibioticmech:aro-3b4e0b6d96	5-episisomicin	data/antibiotics/antibacterial/5-episisomicin.yaml	URWAJWIAIPFPJE-VHLNBGGKSA-N	ANTIBACTERIAL	d2b76fc859864adea480e25885b26d7a12d21220dc2dd01fa5ae49c2d68853db	42	0	2	2	0	RECORDED_NAME_QUERIES_TRAVERSED_NOT_PRIMARY_REVIEW	False	42	42	37	5	UniProtKB:A0A2P5GGR5|UniProtKB:A0A5K7YC16|UniProtKB:A0A6F8Z5F1|UniProtKB:A0A6N7WRB0|UniProtKB:A0AAD2XZN8|UniProtKB:B6D9B6|UniProtKB:C4TGI5|UniProtKB:K0IV17|UniProtKB:O52241|UniProtKB:O52242|UniProtKB:O52243|UniProtKB:O52244|UniProtKB:O52245|UniProtKB:O52247|UniProtKB:O68484|UniProtKB:P10051|UniProtKB:P29808|UniProtKB:P94629|UniProtKB:Q15BH7|UniProtKB:Q43899|UniProtKB:Q44057|UniProtKB:Q44245|UniProtKB:Q47764|UniProtKB:Q51734|UniProtKB:Q54441|UniProtKB:Q70E71|UniProtKB:Q70E72|UniProtKB:Q75ZP9|UniProtKB:Q764C8|UniProtKB:Q7ATH7|UniProtKB:Q7WTV9|UniProtKB:Q8VQN7|UniProtKB:Q8ZPB6|UniProtKB:Q9R381|UniProtKB:Q9RBW7|UniProtKB:S6CFI8|UniProtKB:V5XKM9	NCBITaxon:1292|NCBITaxon:1352|NCBITaxon:1354|NCBITaxon:149539|NCBITaxon:1971|NCBITaxon:2022662|NCBITaxon:2652274|NCBITaxon:280145|NCBITaxon:287|NCBITaxon:294|NCBITaxon:29430|NCBITaxon:40324|NCBITaxon:470|NCBITaxon:48296|NCBITaxon:53345|NCBITaxon:545|NCBITaxon:546|NCBITaxon:573|NCBITaxon:58095|NCBITaxon:582|NCBITaxon:587|NCBITaxon:615|NCBITaxon:70346|NCBITaxon:70347|NCBITaxon:70348|NCBITaxon:70349|NCBITaxon:70351|NCBITaxon:72607|NCBITaxon:99287	0	0	0			0		OPEN
antibioticmech:aro-3cd51688ea	phenelfamycin B	data/antibiotics/antibacterial/phenelfamycin-b.yaml	BQKXPBTYVGLILY-CEKXONASSA-N	ANTIBACTERIAL	8951c888bf46ecc486e0ba34a5e6055aa7a98a53648ce6a7bbff1a10274c77e3	0	0	1	1	0	RECORDED_NAME_QUERIES_TRAVERSED_NOT_PRIMARY_REVIEW	False	0	0	0	0			0	0	0			0		OPEN
antibioticmech:aro-3cfb065f35	bleomycinic acid	data/antibiotics/antibacterial/bleomycinic-acid.yaml	MRNLLBXPSWMYCK-UHFFFAOYSA-N	ANTIBACTERIAL	b77a918c22c47384e2ae5a8ff753b53a24cbde2dbab89a3801ba8008dd3e2908	1	0	1	1	0	RECORDED_NAME_QUERIES_TRAVERSED_NOT_PRIMARY_REVIEW	False	1	1	0	1			0	0	0			0		OPEN
antibioticmech:aro-3e4204a292	UK-69,753	data/antibiotics/antibacterial/uk-69-753.yaml	JTENRUUFNJYAKN-COBKFSOWSA-N	ANTIBACTERIAL	c565171f72958075909ffdbdf989caf77a0c3ccc17e61c45ec87951840b5f9a4	0	0	1	1	0	RECORDED_NAME_QUERIES_TRAVERSED_NOT_PRIMARY_REVIEW	False	0	0	0	0			0	0	0			0		OPEN
antibioticmech:aro-40a2a87cc8	magainin G	data/antibiotics/antibacterial/magainin-g.yaml	MGYZVMMHKLKEHR-QTRCTKFUSA-N	ANTIBACTERIAL	41f6d8ad5ffddd3e7f75cb018f095082b0bfa75a766ed1fc862151f33d44917a	0	0	1	1	0	RECORDED_NAME_QUERIES_TRAVERSED_NOT_PRIMARY_REVIEW	False	0	0	0	0			0	0	0			0		OPEN
antibioticmech:aro-41b2842f38	lassomycin	data/antibiotics/antibacterial/lassomycin.yaml	NLWVIEFILMVVQV-OBXQOZEMSA-N	ANTIBACTERIAL	d5eeab69c63ea2006ee21de3442876b612d1de81a378a316576739ac939a6b88	0	0	2	2	0	RECORDED_NAME_QUERIES_TRAVERSED_NOT_PRIMARY_REVIEW	False	0	0	0	0			0	0	0			0		OPEN
antibioticmech:aro-43392693fd	edeine F	data/antibiotics/antibacterial/edeine-f.yaml	WMAKHNPKGVNAJY-DDURVGIBSA-N	ANTIBACTERIAL	d148204834fc271b6148098fd0f7960e14750976d3a98aa0a7bf75f6a531c1ed	2	0	1	1	0	RECORDED_NAME_QUERIES_TRAVERSED_NOT_PRIMARY_REVIEW	False	2	2	1	1	UniProtKB:W5VTK4	NCBITaxon:1393	0	0	0			0		OPEN
antibioticmech:aro-43b735a15d	narasin	data/antibiotics/antibacterial/narasin.yaml	VHKXXVVRRDYCIK-CWCPJSEDSA-N	ANTIBACTERIAL	49842b2d29c945eb7e7070fef0eca041be0f5b58599098a5ee9ea6ad3e2a146d	0	0	1	1	0	RECORDED_NAME_QUERIES_TRAVERSED_NOT_PRIMARY_REVIEW	False	0	0	0	0			0	0	0			0		OPEN
antibioticmech:aro-4406f1da89	fasamycin I	data/antibiotics/antibacterial/fasamycin-i.yaml	ASZOUSIHEISETE-UHFFFAOYSA-N	ANTIBACTERIAL	db2035f733cd1cdce4d55f8212de5142c9be2f50a444acba3daa2d9b5f826168	0	0	1	1	0	RECORDED_NAME_QUERIES_TRAVERSED_NOT_PRIMARY_REVIEW	False	0	0	0	0			0	0	0			0		OPEN
antibioticmech:aro-45efa31311	kirrothricin	data/antibiotics/antibacterial/kirrothricin.yaml	SUMCRDMQIVHXRY-XRAYCMFKSA-N	ANTIBACTERIAL	18eaee607eb5869be13f97449b8eb982719975c5c4a7896bb228d1c2ff1990f1	0	0	1	1	0	RECORDED_NAME_QUERIES_TRAVERSED_NOT_PRIMARY_REVIEW	False	0	0	0	0			0	0	0			0		OPEN
antibioticmech:aro-4655b07df9	ketoconazole	data/antibiotics/antifungal/ketoconazole.yaml	XMAYWYJOQHXEEK-OZXSUGGESA-N	ANTIFUNGAL	35328fcc1bc0fc058210835a0f87c255fd542141877aa6ed79fdcb592af8c367	8	0	1	1	1	RECORDED_NAME_QUERIES_TRAVERSED_NOT_PRIMARY_REVIEW	False	8	8	0	8			0	0	0			0		OPEN
antibioticmech:aro-48bb80f5a5	dragmacidin D	data/antibiotics/antibacterial/dragmacidin-d.yaml	XTUQWMCQNLFDOX-UHFFFAOYSA-N	ANTIBACTERIAL	c8850340491212c7b42f210f6215878230db317bd155a6daf6ddffe1af60865e	0	0	1	1	0	RECORDED_NAME_QUERIES_TRAVERSED_NOT_PRIMARY_REVIEW	False	0	0	0	0			0	0	0			0		OPEN
antibioticmech:aro-4a4590abba	griseoviridin	data/antibiotics/antibacterial/griseoviridin.yaml	UXWOXTQWVMFRSE-SXTNSRNPSA-N	ANTIBACTERIAL	2bf5f875d0d12b7c624625511bd824d33d26e032731221619295b1ba52aab13a	26	0	1	1	0	RECORDED_NAME_QUERIES_TRAVERSED_NOT_PRIMARY_REVIEW	False	26	26	21	5	UniProtKB:A0A3R7IWB8|UniProtKB:A0A6I0LAE8|UniProtKB:A0A829QAF6|UniProtKB:A2AXI2|UniProtKB:A7Z1T2|UniProtKB:C0ZJA6|UniProtKB:F3ZTT0|UniProtKB:L7N623|UniProtKB:P06572|UniProtKB:P07287|UniProtKB:P09891|UniProtKB:P0A0H3|UniProtKB:P10337|UniProtKB:Q00014|UniProtKB:Q04720|UniProtKB:Q5WJ42|UniProtKB:Q6RX35|UniProtKB:Q6XFQ7|UniProtKB:Q79N53|UniProtKB:Q8KLN5|UniProtKB:Q9K2Z3	NCBITaxon:1038928|NCBITaxon:1280|NCBITaxon:1282|NCBITaxon:1292|NCBITaxon:1296|NCBITaxon:1299324|NCBITaxon:1352|NCBITaxon:1392|NCBITaxon:1598|NCBITaxon:1766|NCBITaxon:1772|NCBITaxon:31956|NCBITaxon:326423|NCBITaxon:358681|NCBITaxon:405948|NCBITaxon:66692|NCBITaxon:679937|NCBITaxon:79880|NCBITaxon:817|NCBITaxon:820|NCBITaxon:83331	0	0	0			0		OPEN
antibioticmech:aro-4b163fa344	tartrolon F	data/antibiotics/antibacterial/tartrolon-f.yaml	QZOYYXRCNOZKAN-NSHSNTAOSA-N	ANTIBACTERIAL	057e99656a9c901adcc1d595a5084b7b253072ce17672c330f9909de03e71a48	0	0	1	1	0	RECORDED_NAME_QUERIES_TRAVERSED_NOT_PRIMARY_REVIEW	False	0	0	0	0			0	0	0			0		OPEN
antibioticmech:aro-4b92bbd5fb	marinomycin C	data/antibiotics/antibacterial/marinomycin-c.yaml	GXBIDOSKEKEFEF-LBJGFFSDSA-N	ANTIBACTERIAL	b0a29c1350b6fafd458a364baa75c3d69a45ffc6dcc3c4474a1aa5d2a86085cb	0	0	1	1	0	RECORDED_NAME_QUERIES_TRAVERSED_NOT_PRIMARY_REVIEW	False	0	0	0	0			0	0	0			0		OPEN
antibioticmech:aro-4bf8cc8c16	TNP-2198	data/antibiotics/antibacterial/tnp-2198.yaml	OZUTUJQHZGJOKZ-AIGATTFSSA-N	ANTIBACTERIAL	f44978fcb7a6811e9cfb54e887ffde1fb7e10b202ff4ded8d5bc2a336f15b5c1	0	0	1	1	0	RECORDED_NAME_QUERIES_TRAVERSED_NOT_PRIMARY_REVIEW	False	0	0	0	0			0	0	0			0		OPEN
antibioticmech:aro-4c6e0c1ff0	tuberactinomycin	data/antibiotics/antibacterial/tuberactinomycin.yaml	JCTPGOAHEVLZAB-KIXAZQDESA-N	ANTIBACTERIAL	b198004fecc0a680400bbbf868e42ca57bea73a5e5229daf054975b174218990	0	0	1	1	0	RECORDED_NAME_QUERIES_TRAVERSED_NOT_PRIMARY_REVIEW	False	0	0	0	0			0	0	0			0		OPEN
antibioticmech:aro-4e94f7ae64	magainin H	data/antibiotics/antibacterial/magainin-h.yaml	OUWDLUAYXCGSSS-KIKDIOEMSA-N	ANTIBACTERIAL	6c540c27f05744dd3543f0d14e0dc1277cd59675fd1bdfb1268af05e721b773d	0	0	1	1	0	RECORDED_NAME_QUERIES_TRAVERSED_NOT_PRIMARY_REVIEW	False	0	0	0	0			0	0	0			0		OPEN
antibioticmech:aro-4fcd06e09d	formicamycin M	data/antibiotics/antibacterial/formicamycin-m.yaml	KHXIDNHTRXJJNS-YKGWIAGDSA-N	ANTIBACTERIAL	17ec2d39683631944084f1ad5394f366001c8d883b3608e79781f4824dfa6e76	0	0	1	1	0	RECORDED_NAME_QUERIES_TRAVERSED_NOT_PRIMARY_REVIEW	False	0	0	0	0			0	0	0			0		OPEN
antibioticmech:aro-5086cca2e7	aurodox	data/antibiotics/antibacterial/aurodox.yaml	NTAHMPNXQOYXSX-WKSONYIQSA-N	ANTIBACTERIAL	de92dd5cf18ec2fdb1422a12fd180a1368ff0205d9e15e7c79091791e45f5614	0	0	5	2	0	RECORDED_NAME_QUERIES_TRAVERSED_NOT_PRIMARY_REVIEW	False	0	0	0	0			0	0	0			0		OPEN
antibioticmech:aro-515166b9c7	norvancomycin	data/antibiotics/antibacterial/norvancomycin.yaml	NUAQIRUAZSJTAI-YRPZDAAMSA-N	ANTIBACTERIAL	9fbb739834ee998352c554aafc8ab61f68f33f8775b44fdf5529ecf116fbb9f0	0	0	1	1	0	RECORDED_NAME_QUERIES_TRAVERSED_NOT_PRIMARY_REVIEW	False	0	0	0	0			0	0	0			0		OPEN
antibioticmech:aro-53b7643d5c	zosurabalpin	data/antibiotics/antibacterial/zosurabalpin.yaml	NJFUXFYUHIHHOJ-FSEITFBQSA-N	ANTIBACTERIAL	0c3c8b02cd133762ded9bcf80536c479eca076a75650d7d7edb764ee92508cca	0	0	1	1	0	RECORDED_NAME_QUERIES_TRAVERSED_NOT_PRIMARY_REVIEW	False	0	0	0	0			0	0	0			0		OPEN
antibioticmech:aro-53ea9afd3e	fasamycin H	data/antibiotics/antibacterial/fasamycin-h.yaml	MTRMGJAIETUBQO-UHFFFAOYSA-N	ANTIBACTERIAL	4b58645caeb5736f462e5700f7e3c1c274e5ab7bae081550fdef391534354501	0	0	1	1	0	RECORDED_NAME_QUERIES_TRAVERSED_NOT_PRIMARY_REVIEW	False	0	0	0	0			0	0	0			0		OPEN
antibioticmech:aro-554b15fa7b	plazomicin	data/antibiotics/antibacterial/plazomicin.yaml	IYDYFVUFSPQPPV-PEXOCOHZSA-N	ANTIBACTERIAL	5a8112accae3a2f5b7a5d7e027f3a0bf8f85c3b309dada29abbf7bc8fefb6d06	1	0	2	2	0	RECORDED_NAME_QUERIES_TRAVERSED_NOT_PRIMARY_REVIEW	False	1	1	1	0	UniProtKB:Q93ET9	NCBITaxon:562	0	0	0			0		OPEN
antibioticmech:aro-556deb5a30	retapamulin	data/antibiotics/antibacterial/retapamulin.yaml	STZYTFJPGGDRJD-FJJJPKKESA-N	ANTIBACTERIAL	219fcd107c05ddd6d988b09c2f2c05799d63b698d18887537632a9bb5e371503	10	0	1	1	0	RECORDED_NAME_QUERIES_TRAVERSED_NOT_PRIMARY_REVIEW	False	10	10	5	5	UniProtKB:A0A7X5SXF0|UniProtKB:P39115|UniProtKB:Q8XMA6|UniProtKB:T1RRK4|UniProtKB:V5RL01	NCBITaxon:1296|NCBITaxon:1509|NCBITaxon:195102|NCBITaxon:224308|NCBITaxon:29382	0	0	0			0		OPEN
antibioticmech:aro-59524d78a3	madumycin II	data/antibiotics/antibacterial/madumycin-ii.yaml	SAQNYTQFLPVTNJ-PPIFFTIDSA-N	ANTIBACTERIAL	bdc3da307d56c3e082ffe40ef962fa231a69e2c0f4ce1d1fc413a604cefbd895	26	0	3	2	0	RECORDED_NAME_QUERIES_TRAVERSED_NOT_PRIMARY_REVIEW	False	26	26	21	5	UniProtKB:A0A3R7IWB8|UniProtKB:A0A6I0LAE8|UniProtKB:A0A829QAF6|UniProtKB:A2AXI2|UniProtKB:A7Z1T2|UniProtKB:C0ZJA6|UniProtKB:F3ZTT0|UniProtKB:L7N623|UniProtKB:P06572|UniProtKB:P07287|UniProtKB:P09891|UniProtKB:P0A0H3|UniProtKB:P10337|UniProtKB:Q00014|UniProtKB:Q04720|UniProtKB:Q5WJ42|UniProtKB:Q6RX35|UniProtKB:Q6XFQ7|UniProtKB:Q79N53|UniProtKB:Q8KLN5|UniProtKB:Q9K2Z3	NCBITaxon:1038928|NCBITaxon:1280|NCBITaxon:1282|NCBITaxon:1292|NCBITaxon:1296|NCBITaxon:1299324|NCBITaxon:1352|NCBITaxon:1392|NCBITaxon:1598|NCBITaxon:1766|NCBITaxon:1772|NCBITaxon:31956|NCBITaxon:326423|NCBITaxon:358681|NCBITaxon:405948|NCBITaxon:66692|NCBITaxon:679937|NCBITaxon:79880|NCBITaxon:817|NCBITaxon:820|NCBITaxon:83331	0	0	0			0		OPEN
antibioticmech:aro-597d65f4ac	marinomycin B	data/antibiotics/antibacterial/marinomycin-b.yaml	GXBIDOSKEKEFEF-SGTJGWBUSA-N	ANTIBACTERIAL	b68f3cfb9f6bd4e1e57943820a4ea632beb64f38ca704f61e1f30d575dc34ed3	0	0	1	1	0	RECORDED_NAME_QUERIES_TRAVERSED_NOT_PRIMARY_REVIEW	False	0	0	0	0			0	0	0			0		OPEN
antibioticmech:aro-59d21b914e	antibiotic A40926	data/antibiotics/antibacterial/antibiotic-a40926.yaml	VZDDQLYACFXSQP-KBQMXOHMSA-N	ANTIBACTERIAL	79f4f6afd312ace34c53e7e828db2de1eb91a0a7fa47da3fe7f3c32c7bd53c4f	0	0	1	1	0	RECORDED_NAME_QUERIES_TRAVERSED_NOT_PRIMARY_REVIEW	False	0	0	0	0			0	0	0			0		OPEN
antibioticmech:aro-5c527c4696	cervimycin D	data/antibiotics/antibacterial/cervimycin-d.yaml	YQSUNUWAYVGFKR-DIMVSIEISA-N	ANTIBACTERIAL	88ea51f4f11e8b2343d2e3f841d4503c4f5591f16b4b02db44a71dbc74dc8b79	0	0	1	1	0	RECORDED_NAME_QUERIES_TRAVERSED_NOT_PRIMARY_REVIEW	False	0	0	0	0			0	0	0			0		OPEN
antibioticmech:aro-5d5ecfee72	efrotomycin	data/antibiotics/antibacterial/efrotomycin.yaml	ASOJLQIBBYOFDE-OUYMVFBDSA-N	ANTIBACTERIAL	14ca62f268b3c49fff1e5e83e4bcf7baa516c589284cf9600811c27bb1309768	0	0	1	1	0	RECORDED_NAME_QUERIES_TRAVERSED_NOT_PRIMARY_REVIEW	False	0	0	0	0			0	0	0			0		OPEN
antibioticmech:aro-5fd4e54f15	isopyrazam	data/antibiotics/antifungal/isopyrazam.yaml	XTDZGXBTXBEZDN-UHFFFAOYSA-N	ANTIFUNGAL	e39dc672c1c63b7f81f357bb0f1363f596c4dd08b1a4d982d8b5f066158b35ba	0	0	1	1	0	RECORDED_NAME_QUERIES_TRAVERSED_NOT_PRIMARY_REVIEW	False	0	0	0	0			0	0	0			0		OPEN
antibioticmech:aro-605696c899	pyrrolomycin F3	data/antibiotics/antibacterial/pyrrolomycin-f3.yaml	ICQSKHARNVQSEP-UHFFFAOYSA-N	ANTIBACTERIAL	def2982d43a71d3545b9a3d14a14988c8311dde2b181af563f185ec1d7a0b7bc	0	0	1	1	0	RECORDED_NAME_QUERIES_TRAVERSED_NOT_PRIMARY_REVIEW	False	0	0	0	0			0	0	0			0		OPEN
antibioticmech:aro-6235078efd	pyrrolomycin J	data/antibiotics/antibacterial/pyrrolomycin-j.yaml	OPEUDILCTNZYOP-UHFFFAOYSA-N	ANTIBACTERIAL	727d353cc0ee27e9200477b26837300a7926c62f85c56f2c978fc32b3d1d9a1d	0	0	1	1	0	RECORDED_NAME_QUERIES_TRAVERSED_NOT_PRIMARY_REVIEW	False	0	0	0	0			0	0	0			0		OPEN
antibioticmech:aro-63094b52cf	butirosin	data/antibiotics/antibacterial/butirosin.yaml	XEQLFNPSYWZPOW-NUOYRARPSA-N	ANTIBACTERIAL	79f34cec214113009f070e7d1433f4e15b7c9a274549ff9958cf442f2105fb09	7	0	3	2	0	RECORDED_NAME_QUERIES_TRAVERSED_NOT_PRIMARY_REVIEW	False	7	7	7	0	UniProtKB:A0AA44XLZ4|UniProtKB:E5LCR3|UniProtKB:P00552|UniProtKB:P00553|UniProtKB:P09885|UniProtKB:P0A3Y5|UniProtKB:Q51418	NCBITaxon:1351|NCBITaxon:1397|NCBITaxon:287|NCBITaxon:40324|NCBITaxon:470|NCBITaxon:573	0	0	0			0		OPEN
antibioticmech:aro-63b276648e	formicamycin Q	data/antibiotics/antibacterial/formicamycin-q.yaml	CZOSIVQZBIQJDQ-IIMAJNMQSA-N	ANTIBACTERIAL	267d6fe15a69a97ffce7ccde068f495c73b71c4a21564da4f0cc4d6808c41da5	0	0	1	1	0	RECORDED_NAME_QUERIES_TRAVERSED_NOT_PRIMARY_REVIEW	False	0	0	0	0			0	0	0			0		OPEN
antibioticmech:aro-6407ce57f1	gentamicin C	data/antibiotics/antibacterial/gentamicin-c.yaml	VEGXETMJINRLTH-ALRICIOSSA-N	ANTIBACTERIAL	b307020c0603c33989e7fcf9112897cdf36b7cbc17d10f1a2e9bb159c905836d	14	0	10	4	0	RECORDED_NAME_QUERIES_TRAVERSED_NOT_PRIMARY_REVIEW	False	14	14	6	8	UniProtKB:A0A2L1KH00|UniProtKB:Q33DX5|UniProtKB:Q76G15|UniProtKB:Q7M0R2|UniProtKB:Q8GRA1|UniProtKB:Q9HUH5	NCBITaxon:1879|NCBITaxon:208964|NCBITaxon:287|NCBITaxon:584|NCBITaxon:615	0	0	0			0		OPEN
antibioticmech:aro-65024a8863	lascufloxacin	data/antibiotics/antibacterial/lascufloxacin.yaml	ZFIOCUITTUUVPV-MEDUHNTESA-N	ANTIBACTERIAL	ec708ed5d823e1ee0cf050b6b0c70efaaced5893f0672f4dcd74c7a1c35673a5	0	0	1	1	0	RECORDED_NAME_QUERIES_TRAVERSED_NOT_PRIMARY_REVIEW	False	0	0	0	0			0	0	0			0		OPEN
antibioticmech:aro-6536d0e3bb	vernamycin C	data/antibiotics/antibacterial/vernamycin-c.yaml	PCRZFPGJPKPMQB-LNQSXZRDSA-N	ANTIBACTERIAL	87f33ad5b707a4aa96ab151bb77cef1d3d8dfc004fe71a782fefb2b542b0c4a3	23	0	1	1	0	RECORDED_NAME_QUERIES_TRAVERSED_NOT_PRIMARY_REVIEW	False	23	23	18	5	UniProtKB:A0A3R7IWB8|UniProtKB:A0A6I0LAE8|UniProtKB:A0A829QAF6|UniProtKB:F3ZTT0|UniProtKB:L7N623|UniProtKB:O87275|UniProtKB:P06572|UniProtKB:P07287|UniProtKB:P09891|UniProtKB:P0A0H3|UniProtKB:P10337|UniProtKB:Q00014|UniProtKB:Q04720|UniProtKB:Q6RX35|UniProtKB:Q6XFQ7|UniProtKB:Q79N53|UniProtKB:Q8KLN5|UniProtKB:Q9K2Z3	NCBITaxon:1038928|NCBITaxon:1280|NCBITaxon:1282|NCBITaxon:1296|NCBITaxon:1299324|NCBITaxon:1352|NCBITaxon:1392|NCBITaxon:1598|NCBITaxon:1766|NCBITaxon:1772|NCBITaxon:29382|NCBITaxon:31956|NCBITaxon:405948|NCBITaxon:679937|NCBITaxon:79880|NCBITaxon:817|NCBITaxon:820|NCBITaxon:83331	0	0	0			0		OPEN
antibioticmech:aro-67d13cef91	TBI-223	data/antibiotics/antibacterial/tbi-223.yaml	ZNBRXLSWXJKKLJ-LBPRGKRZSA-N	ANTIBACTERIAL	33889f957c29b872ed303c63e2adb67845ff787456bddef185f4e7da14296632	0	0	1	1	0	RECORDED_NAME_QUERIES_TRAVERSED_NOT_PRIMARY_REVIEW	False	0	0	0	0			0	0	0			0		OPEN
antibioticmech:aro-68a16c2153	edeine A	data/antibiotics/antibacterial/edeine-a.yaml	HENXXJCYASTLGZ-UHFFFAOYSA-N	ANTIBACTERIAL	a4e018392bf577094d249a902b415c0ccb8615c6dbf9fd98131fb26e78fe3a67	2	0	1	1	0	RECORDED_NAME_QUERIES_TRAVERSED_NOT_PRIMARY_REVIEW	False	2	2	1	1	UniProtKB:W5VTK4	NCBITaxon:1393	0	0	0			0		OPEN
antibioticmech:aro-6a4094ddb2	dragmacidin F	data/antibiotics/antibacterial/dragmacidin-f.yaml	IIJUQWOGZFHFTN-FHUFSZDOSA-N	ANTIBACTERIAL	56e67cebe73d874348f97c91a623bbb83d28dcf6343e82fbb23eee6a20fbe48c	0	0	1	1	0	RECORDED_NAME_QUERIES_TRAVERSED_NOT_PRIMARY_REVIEW	False	0	0	0	0			0	0	0			0		OPEN
antibioticmech:aro-6bb73d1eab	tartrolon G	data/antibiotics/antibacterial/tartrolon-g.yaml	FXGOCVGCVFBLCI-JTEBNOBLSA-N	ANTIBACTERIAL	c521f6ab7ac3b485bca36ec6f22d5b31a429743b23db8ca57db507d8dfff8813	0	0	1	1	0	RECORDED_NAME_QUERIES_TRAVERSED_NOT_PRIMARY_REVIEW	False	0	0	0	0			0	0	0			0		OPEN
antibioticmech:aro-6d3a6e6b69	iboxamycin	data/antibiotics/antibacterial/iboxamycin.yaml	JPCLUJPDWMBCAA-SUTQZAMLSA-N	ANTIBACTERIAL	ce633442fda1fded0df4553fda02e8cee0926b1689739ad33ad3e8edef6c54bb	5	0	1	1	0	RECORDED_NAME_QUERIES_TRAVERSED_NOT_PRIMARY_REVIEW	False	5	5	4	1	UniProtKB:A0A7X5SXF0|UniProtKB:P39115|UniProtKB:Q182T3|UniProtKB:Q8XMA6	NCBITaxon:1509|NCBITaxon:195102|NCBITaxon:224308|NCBITaxon:272563	0	0	0			0		OPEN
antibioticmech:aro-6e963f402b	dihydromocimycin	data/antibiotics/antibacterial/dihydromocimycin.yaml	LWXUPCAADQWXRE-UPMFUDSQSA-N	ANTIBACTERIAL	10faac0a353e8aa7fb9ac8e938988a0716d5b718869f97d154abaff9c5bede9b	0	0	1	1	0	RECORDED_NAME_QUERIES_TRAVERSED_NOT_PRIMARY_REVIEW	False	0	0	0	0			0	0	0			0		OPEN
antibioticmech:aro-6fbc93a42c	nybomycin	data/antibiotics/antibacterial/nybomycin.yaml	HKMUGCUFXWTNSP-UHFFFAOYSA-N	ANTIBACTERIAL	66080690edbcccd167320f5e18d4f58899cb96f1a200809e1e9b195812b135f4	0	0	1	1	0	RECORDED_NAME_QUERIES_TRAVERSED_NOT_PRIMARY_REVIEW	False	0	0	0	0			0	0	0			0		OPEN
antibioticmech:aro-6feb53f4d2	cervimycin N	data/antibiotics/antibacterial/cervimycin-n.yaml	XBFFTJHNDMUQCQ-IVQVPZFMSA-N	ANTIBACTERIAL	268546f09396cd856c6ddf729634712eac018e6f86b581ccf6dbd5067dd621e1	0	0	1	1	0	RECORDED_NAME_QUERIES_TRAVERSED_NOT_PRIMARY_REVIEW	False	0	0	0	0			0	0	0			0		OPEN
antibioticmech:aro-7086196093	phenelfamycin G	data/antibiotics/antibacterial/phenelfamycin-g.yaml	VQOMZALHTLFROE-JUDPNWICSA-N	ANTIBACTERIAL	1e68ff4c1711fac03b528e49c9d97c4f2459b3405c38585e21e1f5700333a068	0	0	1	1	0	RECORDED_NAME_QUERIES_TRAVERSED_NOT_PRIMARY_REVIEW	False	0	0	0	0			0	0	0			0		OPEN
antibioticmech:aro-714bb3cd2d	gentamicin X	data/antibiotics/antibacterial/gentamicin-x.yaml	HFLKNINDVFJPQT-ZFAMMYHGSA-N	ANTIBACTERIAL	fa91a8f4c6486d888407efe763b8b9753b30bd644b522e457c8d55cf6df78031	0	0	2	2	0	RECORDED_NAME_QUERIES_TRAVERSED_NOT_PRIMARY_REVIEW	False	0	0	0	0			0	0	0			0		OPEN
antibioticmech:aro-72f1180eb7	cervimycin C	data/antibiotics/antibacterial/cervimycin-c.yaml	CYKZTBKVWQAQLU-KSQSWLAPSA-N	ANTIBACTERIAL	123c0f78fa0a130dd0c252054cb978939a3ecbad29c4e07563e50efaf21a8b33	0	0	1	1	0	RECORDED_NAME_QUERIES_TRAVERSED_NOT_PRIMARY_REVIEW	False	0	0	0	0			0	0	0			0		OPEN
antibioticmech:aro-736d7660a3	bacitracin	data/antibiotics/antibacterial/bacitracin.yaml	NKULICGUDKGGRL-FCHFGNCGSA-L	ANTIBACTERIAL	98ca1845650cf0ef7cb9369819fd3e7d1eb08a2c618a88013e50430e92517e05	1	0	11	4	1	RECORDED_NAME_QUERIES_TRAVERSED_NOT_PRIMARY_REVIEW	False	1	1	0	1			0	0	0			0		OPEN
antibioticmech:aro-74aa00cff4	pyrrolomycin F2a	data/antibiotics/antibacterial/pyrrolomycin-f2a.yaml	QPLVRXNITVEQGA-UHFFFAOYSA-N	ANTIBACTERIAL	17501d3c7695bbfb6fa61cfa7fcbe7d0a4ee7d15c1884c77e33605ecc24fc391	0	0	1	1	0	RECORDED_NAME_QUERIES_TRAVERSED_NOT_PRIMARY_REVIEW	False	0	0	0	0			0	0	0			0		OPEN
antibioticmech:aro-77a152a10f	magainin A	data/antibiotics/antibacterial/magainin-a.yaml	PIMDIROPKFPSDI-BXRJKVPUSA-N	ANTIBACTERIAL	a87afe79402b57578bb6b325140fbc82a435b76c36b6da0abdfc832639fca522	0	0	1	1	0	RECORDED_NAME_QUERIES_TRAVERSED_NOT_PRIMARY_REVIEW	False	0	0	0	0			0	0	0			0		OPEN
antibioticmech:aro-7a113ada2c	dragmacidin E	data/antibiotics/antibacterial/dragmacidin-e.yaml	ZUCSTWKVHHAHLA-REFGNXHDSA-N	ANTIBACTERIAL	4f1b6f97b3007be4f52de84a674ad1d0e904c553f0738c0cf3d4da30a81c6bd6	0	0	1	1	0	RECORDED_NAME_QUERIES_TRAVERSED_NOT_PRIMARY_REVIEW	False	0	0	0	0			0	0	0			0		OPEN
antibioticmech:aro-7abbaadfab	balhimycin	data/antibiotics/antibacterial/balhimycin.yaml	WKNFBFHAYANQHF-QNSRRSNQSA-N	ANTIBACTERIAL	80bf1977e857ab54ff305fe835c24d685c4d967fdeb5227051604f1df9f94b82	0	0	1	1	0	RECORDED_NAME_QUERIES_TRAVERSED_NOT_PRIMARY_REVIEW	False	0	0	0	0			0	0	0			0		OPEN
antibioticmech:aro-7c0cf8c565	formicamycin K	data/antibiotics/antibacterial/formicamycin-k.yaml	VBPSRGCJSHVRCC-BJLXPSRBSA-N	ANTIBACTERIAL	7ec3fba87cf92e75d8facfb8c3d0a0db567b2d8dc1dfede93575ba9866ae7eec	0	0	1	1	0	RECORDED_NAME_QUERIES_TRAVERSED_NOT_PRIMARY_REVIEW	False	0	0	0	0			0	0	0			0		OPEN
antibioticmech:aro-7c2372afa7	mutanobactin	data/antibiotics/antibacterial/mutanobactin.yaml	WDKYFUSPNIQGDO-IBCSGKGJSA-N	ANTIBACTERIAL	74bf120323850d1c7a789ee2e6c568ee72379ff75234cf8dd060e9d17503d8a1	0	0	1	1	0	RECORDED_NAME_QUERIES_TRAVERSED_NOT_PRIMARY_REVIEW	False	0	0	0	0			0	0	0			0		OPEN
antibioticmech:aro-7d06ad4acd	GE37468	data/antibiotics/antibacterial/ge37468.yaml	IZEAZUCUNIRFMQ-SBZMANJYSA-N	ANTIBACTERIAL	caf08bff09e514a341af31d0018ccc8ee01da663364cde608f7c7b7477e974b4	0	0	1	1	0	RECORDED_NAME_QUERIES_TRAVERSED_NOT_PRIMARY_REVIEW	False	0	0	0	0			0	0	0			0		OPEN
antibioticmech:aro-7f38f83f7d	tebipenem	data/antibiotics/antibacterial/tebipenem.yaml	GXXLUDOKHXEFBQ-YJFSRANCSA-N	ANTIBACTERIAL	ab477a25e69fc2f9438909c4587450a1a155adb8afcf74d60ea181c9a76c839b	0	0	1	1	0	RECORDED_NAME_QUERIES_TRAVERSED_NOT_PRIMARY_REVIEW	False	0	0	0	0			0	0	0			0		OPEN
antibioticmech:aro-8013b9b55a	tetronomycin	data/antibiotics/antibacterial/tetronomycin.yaml	PYNSBUJNGRHFPI-REIOUMPOSA-M	ANTIBACTERIAL	c8ef058a69d6099f1eebec039d0c48ddb97289ad05173e0af4f3d6db0b8cb54c	0	0	1	1	0	RECORDED_NAME_QUERIES_TRAVERSED_NOT_PRIMARY_REVIEW	False	0	0	0	0			0	0	0			0		OPEN
antibioticmech:aro-808cc3b683	gentamicin B	data/antibiotics/antibacterial/gentamicin-b.yaml	RHRAMPXHWHSKQB-GGEUKFTFSA-N	ANTIBACTERIAL	b23a05a88774ff27fa5f1296f4e9fb3493a878c9c9f8f66eae6be0c3acd2dbb3	13	0	2	2	0	RECORDED_NAME_QUERIES_TRAVERSED_NOT_PRIMARY_REVIEW	False	13	13	13	0	UniProtKB:A0A2L1KH00|UniProtKB:A0AA44XLZ4|UniProtKB:E5LCR3|UniProtKB:P00552|UniProtKB:P09885|UniProtKB:P0A3Y5|UniProtKB:P14509|UniProtKB:Q33DX5|UniProtKB:Q51418|UniProtKB:Q76G15|UniProtKB:Q79D67|UniProtKB:Q7M0R2|UniProtKB:Q8GRA1	NCBITaxon:1351|NCBITaxon:1879|NCBITaxon:287|NCBITaxon:40049|NCBITaxon:40324|NCBITaxon:470|NCBITaxon:562|NCBITaxon:573|NCBITaxon:584|NCBITaxon:615	0	0	0			0		OPEN
antibioticmech:aro-819aa3adea	cervimycin K2	data/antibiotics/antibacterial/cervimycin-k2.yaml	DEVSOSMRMRYYLQ-GCAGLVGWSA-N	ANTIBACTERIAL	702866bf4c5b07aba746332fc3825738c282b4787338443557a4519d6f429574	0	0	1	1	0	RECORDED_NAME_QUERIES_TRAVERSED_NOT_PRIMARY_REVIEW	False	0	0	0	0			0	0	0			0		OPEN
antibioticmech:aro-8218cfc5a1	pactamycin	data/antibiotics/antibacterial/pactamycin.yaml	WVIUOSJLUCTGFK-JUJPXXQGSA-N	ANTIBACTERIAL	fc7069b8fee12ab54138b2c477773a06be22fc6c0ea386d2ffe3ebfb424d4d7e	1	0	1	1	0	RECORDED_NAME_QUERIES_TRAVERSED_NOT_PRIMARY_REVIEW	False	1	1	0	1			0	0	0			0		OPEN
antibioticmech:aro-828c8da980	heneicomycin	data/antibiotics/antibacterial/heneicomycin.yaml	VKGDSUWMXCVJEA-ZODLGNRVSA-N	ANTIBACTERIAL	1254f27c2e5cdf677a3f3301c555a197b77ac7e81cc73cc8378f5ff77ff56746	0	0	1	1	0	RECORDED_NAME_QUERIES_TRAVERSED_NOT_PRIMARY_REVIEW	False	0	0	0	0			0	0	0			0		OPEN
antibioticmech:aro-832bfb6c2e	magainin B	data/antibiotics/antibacterial/magainin-b.yaml	KKNMJWFWBZQVFT-FIHNEYJFSA-N	ANTIBACTERIAL	f21f3cd34a2437a2c8a7da5c9e6db0a800160eadfa8feaf3c12519433a4a0d2c	0	0	1	1	0	RECORDED_NAME_QUERIES_TRAVERSED_NOT_PRIMARY_REVIEW	False	0	0	0	0			0	0	0			0		OPEN
antibioticmech:aro-86221775c0	clinafloxacin	data/antibiotics/antibacterial/clinafloxacin.yaml	QGPKADBNRMWEQR-UHFFFAOYSA-N	ANTIBACTERIAL	46657bdc2260c06a9c75cc1660e4b057e44f3f19ea27571f9ad2ea60b4126ec5	0	0	2	2	0	RECORDED_NAME_QUERIES_TRAVERSED_NOT_PRIMARY_REVIEW	False	0	0	0	0			0	0	0			0		OPEN
antibioticmech:aro-865dbced81	formicamycin D	data/antibiotics/antibacterial/formicamycin-d.yaml	RRDKRMMBMWKANR-LDLUVENISA-N	ANTIBACTERIAL	5415c894335e3056f85c83e0cc32eda8d63dfea87d682bd7971fb45fa821d576	0	0	1	1	0	RECORDED_NAME_QUERIES_TRAVERSED_NOT_PRIMARY_REVIEW	False	0	0	0	0			0	0	0			0		OPEN
antibioticmech:aro-88c211f0f6	zoliflodacin	data/antibiotics/antibacterial/zoliflodacin.yaml	ZSWMIFNWDQEXDT-ZESJGQACSA-N	ANTIBACTERIAL	24599ab934159a9dc5d1daa3b89020ce813d304252a98e795e2dc543116e9839	1	0	1	1	0	RECORDED_NAME_QUERIES_TRAVERSED_NOT_PRIMARY_REVIEW	False	1	1	0	1			0	0	0			0		OPEN
antibioticmech:aro-88dda0e2d9	virginiamycin M1	data/antibiotics/antibacterial/virginiamycin-m1.yaml	DAIKHDNSXMZDCU-ZFPSYPIXSA-N	ANTIBACTERIAL	a971f8a7e268b2993698f3afd15af63f598c0ea4ac26c48973d5fa5c5e13c230	50	0	4	2	0	RECORDED_NAME_QUERIES_TRAVERSED_NOT_PRIMARY_REVIEW	False	50	50	39	11	UniProtKB:A0A0H3NZE2|UniProtKB:A0A345AH93|UniProtKB:A0A3R7IWB8|UniProtKB:A0A6I0LAE8|UniProtKB:A0A829QAF6|UniProtKB:A0A9D2G3I2|UniProtKB:A0AAJ6K362|UniProtKB:A0SNL9|UniProtKB:A2AXI2|UniProtKB:A7Z1T2|UniProtKB:C0ZJA6|UniProtKB:D0U1S8|UniProtKB:E4Z841|UniProtKB:F3ZTT0|UniProtKB:L7N623|UniProtKB:O54396|UniProtKB:O87276|UniProtKB:P06572|UniProtKB:P07287|UniProtKB:P09891|UniProtKB:P0A0H3|UniProtKB:P10337|UniProtKB:P26839|UniProtKB:P39115|UniProtKB:P50870|UniProtKB:Q00014|UniProtKB:Q04720|UniProtKB:Q182T3|UniProtKB:Q53784|UniProtKB:Q57156|UniProtKB:Q5WJ42|UniProtKB:Q6RX35|UniProtKB:Q6XFQ7|UniProtKB:Q79N53|UniProtKB:Q8KLN5|UniProtKB:Q8XMA6|UniProtKB:Q9K2Z3|UniProtKB:T1RRK4|UniProtKB:V5RL01	NCBITaxon:1038928|NCBITaxon:1280|NCBITaxon:1282|NCBITaxon:1283|NCBITaxon:1292|NCBITaxon:1296|NCBITaxon:1299324|NCBITaxon:1352|NCBITaxon:1363|NCBITaxon:1392|NCBITaxon:1598|NCBITaxon:1605|NCBITaxon:1766|NCBITaxon:1772|NCBITaxon:195102|NCBITaxon:224308|NCBITaxon:272563|NCBITaxon:2838467|NCBITaxon:29382|NCBITaxon:31956|NCBITaxon:326423|NCBITaxon:358681|NCBITaxon:405948|NCBITaxon:66692|NCBITaxon:679937|NCBITaxon:79880|NCBITaxon:817|NCBITaxon:820|NCBITaxon:83331|NCBITaxon:930944	0	0	0			0		OPEN
antibioticmech:aro-890fe891a5	unphenelfamycin	data/antibiotics/antibacterial/unphenelfamycin.yaml	HNIKNQLZTDKDEB-JVSQKCCUSA-N	ANTIBACTERIAL	2d2da1de5529e474694b63c0acec39bc2c2cba282cc86af0915fe68e4e735058	0	0	1	1	0	RECORDED_NAME_QUERIES_TRAVERSED_NOT_PRIMARY_REVIEW	False	0	0	0	0			0	0	0			0		OPEN
antibioticmech:aro-8b2f0e38fa	kirromycin	data/antibiotics/antibacterial/kirromycin.yaml	HMSYAPGFKGSXAJ-GFNGQHCCSA-N	ANTIBACTERIAL	dccf09a75a6ad8b3c3e1d0c23840a63b3f26a05fe3908020567406167baab799	2	0	2	2	0	RECORDED_NAME_QUERIES_TRAVERSED_NOT_PRIMARY_REVIEW	False	2	2	0	2			0	0	0			0		OPEN
antibioticmech:aro-9047378d43	G418	data/antibiotics/antibacterial/g418.yaml	BRZYSWJRSDMWLG-DJWUNRQOSA-N	ANTIBACTERIAL	f59ed83b2cf79b0d898e7a5c126bb98e4024d73f32f7aad90687d901e598f2bd	6	0	2	2	2	RECORDED_NAME_QUERIES_TRAVERSED_NOT_PRIMARY_REVIEW	False	6	6	5	1	UniProtKB:A0A2L1KH00|UniProtKB:Q33DX5|UniProtKB:Q76G15|UniProtKB:Q7M0R2|UniProtKB:Q8GRA1	NCBITaxon:1879|NCBITaxon:287|NCBITaxon:584|NCBITaxon:615	0	0	0			0		OPEN
antibioticmech:aro-93dd2d4732	darobactin A	data/antibiotics/antibacterial/darobactin-a.yaml	HRMCRRLPTVSYHJ-KUDSBEMESA-N	ANTIBACTERIAL	da34bbd3dd4ea4806f15fca6f14763a11646037fb68a55d61a6bccd63fc82df4	0	0	1	1	0	RECORDED_NAME_QUERIES_TRAVERSED_NOT_PRIMARY_REVIEW	False	0	0	0	0			0	0	0			0		OPEN
antibioticmech:aro-940323dd61	formicamycin G	data/antibiotics/antibacterial/formicamycin-g.yaml	XKPCUXOZLGRCDH-BJLXPSRBSA-N	ANTIBACTERIAL	87bd886d909ff99029290e970f8731300e3464275e582585c60a99a9c4d5415b	0	0	1	1	0	RECORDED_NAME_QUERIES_TRAVERSED_NOT_PRIMARY_REVIEW	False	0	0	0	0			0	0	0			0		OPEN
antibioticmech:aro-94c19a1c3c	celesticetin	data/antibiotics/antibacterial/celesticetin.yaml	VMSQKUCYEMOKMM-UHFFFAOYSA-N	ANTIBACTERIAL	dd62c5c221873c28e02e8f01e30938c9d52553dd51ba05566c4dec4fc9394515	2	0	1	1	0	RECORDED_NAME_QUERIES_TRAVERSED_NOT_PRIMARY_REVIEW	False	2	2	2	0	UniProtKB:A0A1B1M202|UniProtKB:A9Y8T8|UniProtKB:O05649	NCBITaxon:1915|NCBITaxon:1938	0	0	0			0		OPEN
antibioticmech:aro-9612379da5	wychimicin C	data/antibiotics/antibacterial/wychimicin-c.yaml	IVEKQRBIUFGUSE-RZSWSVIESA-N	ANTIBACTERIAL	0a54180d5e0f53e6e07ac04b4cf0e2159c283bccd0bd211860dc937358138cb2	0	0	1	1	0	RECORDED_NAME_QUERIES_TRAVERSED_NOT_PRIMARY_REVIEW	False	0	0	0	0			0	0	0			0		OPEN
antibioticmech:aro-96ac9a7072	pyrrolomycin E	data/antibiotics/antibacterial/pyrrolomycin-e.yaml	SGEOBHBCFXDBHD-UHFFFAOYSA-N	ANTIBACTERIAL	1bcb85e9cfc016087309ef4cb5e803ba74a2973dd297706d3440cfacb7d3523c	0	0	1	1	0	RECORDED_NAME_QUERIES_TRAVERSED_NOT_PRIMARY_REVIEW	False	0	0	0	0			0	0	0			0		OPEN
antibioticmech:aro-96ff58856f	vanillobiocin	data/antibiotics/antibacterial/vanillobiocin.yaml	LNDDBMXOCFEELJ-UHFFFAOYSA-N	ANTIBACTERIAL	af6f45e7cb73709389c7e919ce53a6e77bf28d9d00f7d471595753a70860108a	0	0	1	1	0	RECORDED_NAME_QUERIES_TRAVERSED_NOT_PRIMARY_REVIEW	False	0	0	0	0			0	0	0			0		OPEN
antibioticmech:aro-980580724e	marinomycin A	data/antibiotics/antibacterial/marinomycin-a.yaml	GXBIDOSKEKEFEF-KEFGXSCNSA-N	ANTIBACTERIAL	f0a2409f6c9d4ce97d7bff923ce38954f98255d200fd2be5a8398f625c5260fa	0	0	1	1	0	RECORDED_NAME_QUERIES_TRAVERSED_NOT_PRIMARY_REVIEW	False	0	0	0	0			0	0	0			0		OPEN
antibioticmech:aro-985189abb0	evernimicin	data/antibiotics/antibacterial/evernimicin.yaml	UPADRKHAIMTUCC-OWALTSPQSA-N	ANTIBACTERIAL	80c1ec671299a546920c2af0684f95122c8e3602ac9757b348c595890b8e6be5	1	0	2	2	0	RECORDED_NAME_QUERIES_TRAVERSED_NOT_PRIMARY_REVIEW	False	1	1	1	0	UniProtKB:Q93CQ2	NCBITaxon:1352	0	0	0			0		OPEN
antibioticmech:aro-98a9bd6ff9	fasamycin G	data/antibiotics/antibacterial/fasamycin-g.yaml	WYAIRDUHOFECHX-UHFFFAOYSA-N	ANTIBACTERIAL	bad79c91c7b49a679f4a549ef8a08d709c38c1e7daceae85de5d8e77a8ffe565	0	0	1	1	0	RECORDED_NAME_QUERIES_TRAVERSED_NOT_PRIMARY_REVIEW	False	0	0	0	0			0	0	0			0		OPEN
antibioticmech:aro-9abc576b69	LFF571	data/antibiotics/antibacterial/lff571.yaml	GNLYKLDXQZHYTR-QWSGWXDSSA-N	ANTIBACTERIAL	6791a1e14874437d1f86d37de6bec0e8b2360fa67cadb1b73b36ae7f629bb6fd	1	0	1	1	0	RECORDED_NAME_QUERIES_TRAVERSED_NOT_PRIMARY_REVIEW	False	1	1	0	1			0	0	0			0		OPEN
antibioticmech:aro-9aee56c696	avoparcin	data/antibiotics/antibacterial/avoparcin.yaml	OTKPPUXRIADSGD-PPRNARJGSA-N	ANTIBACTERIAL	91d5799f39c21f2a86ab8329b9418795862333a50cce4d000889030be788e329	0	0	1	1	0	RECORDED_NAME_QUERIES_TRAVERSED_NOT_PRIMARY_REVIEW	False	0	0	0	0			0	0	0			0		OPEN
antibioticmech:aro-9fd72752cb	enacyloxin IIa	data/antibiotics/antibacterial/enacyloxin-iia.yaml	IWBADCVFZDCUTN-RYDLOJRTSA-N	ANTIBACTERIAL	900a4687b67dc2952123b01b90dab40fbe93a302260971f9e7b06ca762bfc2a0	1	0	1	1	0	RECORDED_NAME_QUERIES_TRAVERSED_NOT_PRIMARY_REVIEW	False	1	1	0	1			0	0	0			0		OPEN
antibioticmech:aro-a1068a1a74	fasamycin B	data/antibiotics/antibacterial/fasamycin-b.yaml	GNOXRTCHZREFRE-UHFFFAOYSA-N	ANTIBACTERIAL	871f5af3a1a7755b494006a0bddefca9308012d92922c72ca292c2340179a436	0	0	1	1	0	RECORDED_NAME_QUERIES_TRAVERSED_NOT_PRIMARY_REVIEW	False	0	0	0	0			0	0	0			0		OPEN
antibioticmech:aro-a1f2f7e07d	tartrolon D	data/antibiotics/antibacterial/tartrolon-d.yaml	OHYKIDCHGZQVCM-ZMXWBCPCSA-N	ANTIBACTERIAL	0cd6cf682b9f4f5dbfe739178996a21b1608fd7e543dc78d92ab8f498f953f9f	0	0	1	1	0	RECORDED_NAME_QUERIES_TRAVERSED_NOT_PRIMARY_REVIEW	False	0	0	0	0			0	0	0			0		OPEN
antibioticmech:aro-a22b27492c	formicamycin N	data/antibiotics/antibacterial/formicamycin-n.yaml	GYMKHISEUBVBBR-ONOMSOESSA-N	ANTIBACTERIAL	08926ce753aa8944243a1de2ddd59ddb3349643cf0719cd8dca0ffa46279637e	0	0	1	1	0	RECORDED_NAME_QUERIES_TRAVERSED_NOT_PRIMARY_REVIEW	False	0	0	0	0			0	0	0			0		OPEN
antibioticmech:aro-a23579298c	halolitoralin B	data/antibiotics/antibacterial/halolitoralin-b.yaml	AKSOODVGSHGQHA-VMXHOPILSA-N	ANTIBACTERIAL	6fd6db6f73f00c17882dcb0d177cc224958d34e35f808151869a495f0d71a5f0	0	0	1	1	0	RECORDED_NAME_QUERIES_TRAVERSED_NOT_PRIMARY_REVIEW	False	0	0	0	0			0	0	0			0		OPEN
antibioticmech:aro-a324312fa2	pristinamycin IC	data/antibiotics/antibacterial/pristinamycin-ic.yaml	BYRKDHSWMQLYJB-UHFFFAOYSA-N	ANTIBACTERIAL	a751ebbe87e52622bfe10cb1f322309e1c5bfd1a3685a343c406dc29792541b4	25	0	3	2	0	RECORDED_NAME_QUERIES_TRAVERSED_NOT_PRIMARY_REVIEW	False	25	25	20	5	UniProtKB:A0A3R7IWB8|UniProtKB:A0A6I0LAE8|UniProtKB:A0A829QAF6|UniProtKB:F3ZTT0|UniProtKB:L7N623|UniProtKB:O87275|UniProtKB:P06572|UniProtKB:P07287|UniProtKB:P09891|UniProtKB:P0A0H3|UniProtKB:P10337|UniProtKB:P13079|UniProtKB:P45439|UniProtKB:Q00014|UniProtKB:Q04720|UniProtKB:Q6RX35|UniProtKB:Q6XFQ7|UniProtKB:Q79N53|UniProtKB:Q8KLN5|UniProtKB:Q9K2Z3	NCBITaxon:1038928|NCBITaxon:1280|NCBITaxon:1282|NCBITaxon:1296|NCBITaxon:1299324|NCBITaxon:1352|NCBITaxon:1392|NCBITaxon:1598|NCBITaxon:1766|NCBITaxon:1772|NCBITaxon:1906|NCBITaxon:29382|NCBITaxon:31956|NCBITaxon:405948|NCBITaxon:679937|NCBITaxon:79880|NCBITaxon:80858|NCBITaxon:817|NCBITaxon:820|NCBITaxon:83331	0	0	0			0		OPEN
antibioticmech:aro-a39572002e	sarecycline	data/antibiotics/antibacterial/sarecycline.yaml	AYUMVPHUMFKFPJ-SBAJWEJLSA-N	ANTIBACTERIAL	64d6b75255e257b34e69620a9277156a9a420dc683c13fafe3cb1a39ede968b2	0	0	1	1	0	RECORDED_NAME_QUERIES_TRAVERSED_NOT_PRIMARY_REVIEW	False	0	0	0	0			0	0	0			0		OPEN
antibioticmech:aro-a441fc6b50	prothioconazole	data/antibiotics/antifungal/prothioconazole.yaml	MNHVNIJQQRJYDH-UHFFFAOYSA-N	ANTIFUNGAL	3b9cc481f83e005316e132e8b5c778eb7d61541a36efb3b303028cabb57b7634	2	0	1	1	0	RECORDED_NAME_QUERIES_TRAVERSED_NOT_PRIMARY_REVIEW	False	2	2	0	2			0	0	0			0		OPEN
antibioticmech:aro-a71ef91d49	teicoplanin	data/antibiotics/antibacterial/teicoplanin.yaml	FHBQKTSCJKPYIO-OXIGXJDJSA-N	ANTIBACTERIAL	3a589e1ed74ed45dd92916865f7d7306bd03e6de6dee66930de044d9520ee636	7	0	3	2	1	RECORDED_NAME_QUERIES_TRAVERSED_NOT_PRIMARY_REVIEW	False	7	7	2	5	UniProtKB:A0AAW8UWK3|UniProtKB:Q9XAL0	NCBITaxon:100226|NCBITaxon:37734	0	0	0			0		OPEN
antibioticmech:aro-a78f888bde	phenelfamycin C	data/antibiotics/antibacterial/phenelfamycin-c.yaml	CFQHTKGGWFGEKG-WYJATRNTSA-N	ANTIBACTERIAL	f6891ea3a72b9b476b98bf073a5cd5a0e52a803163a5829e26b466d5108f87c7	0	0	1	1	0	RECORDED_NAME_QUERIES_TRAVERSED_NOT_PRIMARY_REVIEW	False	0	0	0	0			0	0	0			0		OPEN
antibioticmech:aro-ab6394287c	pyrrolomycin F2b	data/antibiotics/antibacterial/pyrrolomycin-f2b.yaml	PEEAQGQIMNUWED-UHFFFAOYSA-N	ANTIBACTERIAL	398fdedbf85206ca17ad659a04cb3590d32020f7ff208103b9f51bbf4403489f	0	0	1	1	0	RECORDED_NAME_QUERIES_TRAVERSED_NOT_PRIMARY_REVIEW	False	0	0	0	0			0	0	0			0		OPEN
antibioticmech:aro-ab7143cd24	2'-N-ethylnetilmicin	data/antibiotics/antibacterial/2-n-ethylnetilmicin.yaml	JWKYPUZBLKYBRK-OXMUXZJXSA-N	ANTIBACTERIAL	a75aff955763f884c3d26a22230536f76bf8545279d29dd3f2612800fb08ae97	47	0	1	1	0	RECORDED_NAME_QUERIES_TRAVERSED_NOT_PRIMARY_REVIEW	False	47	47	42	5	UniProtKB:A0A0S2TK08|UniProtKB:A0A2P5GGR5|UniProtKB:A0A5K7YC16|UniProtKB:A0A6F8Z5F1|UniProtKB:A0A6N7WRB0|UniProtKB:A0AAD2XZN8|UniProtKB:A7LI79|UniProtKB:B6D9B6|UniProtKB:C4TGI5|UniProtKB:D4HQX2|UniProtKB:K0IV17|UniProtKB:O52241|UniProtKB:O52242|UniProtKB:O52243|UniProtKB:O52244|UniProtKB:O52245|UniProtKB:O52247|UniProtKB:O68484|UniProtKB:P10051|UniProtKB:P13246|UniProtKB:P94629|UniProtKB:Q01515|UniProtKB:Q03634|UniProtKB:Q15BH7|UniProtKB:Q43899|UniProtKB:Q44057|UniProtKB:Q44245|UniProtKB:Q47764|UniProtKB:Q51734|UniProtKB:Q54441|UniProtKB:Q70E71|UniProtKB:Q70E72|UniProtKB:Q75ZP9|UniProtKB:Q764C8|UniProtKB:Q7ATH7|UniProtKB:Q7WTV9|UniProtKB:Q8VQN7|UniProtKB:Q8ZPB6|UniProtKB:Q9R381|UniProtKB:Q9RBW7|UniProtKB:S6CFI8|UniProtKB:V5XKM9	NCBITaxon:1292|NCBITaxon:1352|NCBITaxon:1354|NCBITaxon:149539|NCBITaxon:1971|NCBITaxon:2022662|NCBITaxon:2652274|NCBITaxon:280145|NCBITaxon:287|NCBITaxon:294|NCBITaxon:29430|NCBITaxon:40324|NCBITaxon:470|NCBITaxon:48296|NCBITaxon:53345|NCBITaxon:545|NCBITaxon:546|NCBITaxon:562|NCBITaxon:573|NCBITaxon:58095|NCBITaxon:582|NCBITaxon:587|NCBITaxon:599|NCBITaxon:615|NCBITaxon:70346|NCBITaxon:70347|NCBITaxon:70348|NCBITaxon:70349|NCBITaxon:70351|NCBITaxon:72407|NCBITaxon:72607|NCBITaxon:99287	0	0	0			0		OPEN
antibioticmech:aro-ac9a833c42	cefquinome	data/antibiotics/antibacterial/cefquinome.yaml	YWKJNRNSJKEFMK-PQFQYKRASA-N	ANTIBACTERIAL	973cd1f0d4bd44c25a0931f4c0ff385dc2d22e99b3df219c1712eb7f66b22cd3	0	0	1	1	0	RECORDED_NAME_QUERIES_TRAVERSED_NOT_PRIMARY_REVIEW	False	0	0	0	0			0	0	0			0		OPEN
antibioticmech:aro-adaab5b65b	mebendazole	data/antibiotics/antifungal/mebendazole.yaml	OPXLLQIJSORQAM-UHFFFAOYSA-N	ANTIFUNGAL	4640c0b58afb044b261ce978abfc59e7dc8481863d0c896946b14c4df392e98f	1	0	1	1	0	RECORDED_NAME_QUERIES_TRAVERSED_NOT_PRIMARY_REVIEW	False	1	1	0	1			0	0	0			0		OPEN
antibioticmech:aro-ae576e4688	BAL30072	data/antibiotics/antibacterial/bal30072.yaml	KLFSEZJCLYBFKQ-WXYNYTDUSA-N	ANTIBACTERIAL	80118dbcea35633133e8ec4256cdadf9da3291cb31aadf03c4a78a74d6536e84	2	0	1	1	0	RECORDED_NAME_QUERIES_TRAVERSED_NOT_PRIMARY_REVIEW	False	2	2	2	0	UniProtKB:A0A0S1RXN4|UniProtKB:Q8RLA6	NCBITaxon:1747090|NCBITaxon:470	0	0	0			0		OPEN
antibioticmech:aro-ae741f3893	tartrolon B	data/antibiotics/antibacterial/tartrolon-b.yaml	SDHWTVQPAMCPFR-WTZVVYLDSA-N	ANTIBACTERIAL	a65df83c7446daf37ea6e2cbc728f8e58655f3c9b18a6a55d043f6f71d5c2ffc	0	0	1	1	0	RECORDED_NAME_QUERIES_TRAVERSED_NOT_PRIMARY_REVIEW	False	0	0	0	0			0	0	0			0		OPEN
antibioticmech:aro-b0cdef0f20	pirlimycin	data/antibiotics/antibacterial/pirlimycin.yaml	HBJOXQRURQPDEX-MHXMMLMNSA-N	ANTIBACTERIAL	2cfab8aebbf413acd5604931b5357d9ab6f654a4ec5401c82454675c683090e8	1	0	2	2	0	RECORDED_NAME_QUERIES_TRAVERSED_NOT_PRIMARY_REVIEW	False	1	1	1	0	UniProtKB:P06107	NCBITaxon:1283	0	0	0			0		OPEN
antibioticmech:aro-b0e6c47827	amythiamicin A	data/antibiotics/antibacterial/amythiamicin-a.yaml	BAGBLRBLZUISAJ-UHFFFAOYSA-N	ANTIBACTERIAL	4b3c2df060903d7c21c37e6a0ccd56e417418f538451abd6f60e71ce2bb2141e	0	0	1	1	0	RECORDED_NAME_QUERIES_TRAVERSED_NOT_PRIMARY_REVIEW	False	0	0	0	0			0	0	0			0		OPEN
antibioticmech:aro-b18912d1c6	magainin 2	data/antibiotics/antibacterial/magainin-2.yaml	MGIUUAHJVPPFEV-ABXDCCGRSA-N	ANTIBACTERIAL	d038fdd2281ba79ba7093228e8eec6fef4da914e212c1da90f4612b26d74d722	0	0	1	1	0	RECORDED_NAME_QUERIES_TRAVERSED_NOT_PRIMARY_REVIEW	False	0	0	0	0			0	0	0			0		OPEN
antibioticmech:aro-b2857d2845	selamectin	data/antibiotics/antibacterial/selamectin.yaml	AFJYYKSVHJGXSN-XHKIUTQPSA-N	ANTIBACTERIAL	ac285f44582ceb3515406b3cbf79423b562849b2b464f128e8a4dd2d27614bc2	0	0	1	1	0	RECORDED_NAME_QUERIES_TRAVERSED_NOT_PRIMARY_REVIEW	False	0	0	0	0			0	0	0			0		OPEN
antibioticmech:aro-b2e68d25c8	gepotidacin	data/antibiotics/antibacterial/gepotidacin.yaml	PZFAZQUREQIODZ-LJQANCHMSA-N	ANTIBACTERIAL	669d3ca1ed4257c69f2442636ef93b6afe1874204de044d99fdf357114acc40c	0	0	1	1	0	RECORDED_NAME_QUERIES_TRAVERSED_NOT_PRIMARY_REVIEW	False	0	0	0	0			0	0	0			0		OPEN
antibioticmech:aro-b380d64ee1	gentamicin	data/antibiotics/antibacterial/gentamicin.yaml	CEAZRRDELHUEMR-UHFFFAOYSA-N	ANTIBACTERIAL	fed1a91545302837eba2fa9dc4cf048db7e423556ef956f5d35cc226dd7ac5d8	32	0	7	3	1	RECORDED_NAME_QUERIES_TRAVERSED_NOT_PRIMARY_REVIEW	False	32	32	27	5	UniProtKB:A0A0S2TK08|UniProtKB:A0A2L1BU15|UniProtKB:A0A2P5GGR5|UniProtKB:A0A346FWD3|UniProtKB:A0A7W2KDZ3|UniProtKB:A0A8F1SWS8|UniProtKB:A0A8F1SXH8|UniProtKB:A6N6U3|UniProtKB:A7LI79|UniProtKB:D4HQX2|UniProtKB:I6YEJ7|UniProtKB:L0ARD6|UniProtKB:P0AE04|UniProtKB:P13246|UniProtKB:P23181|UniProtKB:P24177|UniProtKB:P29808|UniProtKB:P94968|UniProtKB:P9WQG9|UniProtKB:Q01515|UniProtKB:Q03634|UniProtKB:Q47030|UniProtKB:Q49157|UniProtKB:Q51734|UniProtKB:Q52424|UniProtKB:Q8RPU6|UniProtKB:Q9CD24	NCBITaxon:1766|NCBITaxon:197|NCBITaxon:2022662|NCBITaxon:246196|NCBITaxon:2666183|NCBITaxon:272631|NCBITaxon:287|NCBITaxon:294|NCBITaxon:470|NCBITaxon:550|NCBITaxon:562|NCBITaxon:573|NCBITaxon:588|NCBITaxon:599|NCBITaxon:615|NCBITaxon:72407|NCBITaxon:83332|NCBITaxon:83333	0	0	0			0		OPEN
antibioticmech:aro-b3c99ef3d8	formicamycin C	data/antibiotics/antibacterial/formicamycin-c.yaml	BDNWOBBVDVIJGL-PRAQEBQASA-N	ANTIBACTERIAL	dca100ad7381336a2ebcc71bab6d366e0e9423628fe375b4c753fab4dceb2df0	0	0	1	1	0	RECORDED_NAME_QUERIES_TRAVERSED_NOT_PRIMARY_REVIEW	False	0	0	0	0			0	0	0			0		OPEN
antibioticmech:aro-b4caf30bd7	phenelfamycin D	data/antibiotics/antibacterial/phenelfamycin-d.yaml	FKLIFBBUPUAJOL-VZLGSHJVSA-N	ANTIBACTERIAL	2967ea2a2aad5a1260b2dedf43a59e7f223013beb1c6f56e05185687f5ed14e0	0	0	1	1	0	RECORDED_NAME_QUERIES_TRAVERSED_NOT_PRIMARY_REVIEW	False	0	0	0	0			0	0	0			0		OPEN
antibioticmech:aro-b4f5ca6a06	pretomanid	data/antibiotics/antibacterial/pretomanid.yaml	ZLHZLMOSPGACSZ-NSHDSACASA-N	ANTIBACTERIAL	ea804bbc686ef8cc3bb173dfe9e3ef7ef670e388b90dcb218161d3b9b19c1bd3	1	0	1	1	1	RECORDED_NAME_QUERIES_TRAVERSED_NOT_PRIMARY_REVIEW	False	1	1	0	1			0	0	0			0		OPEN
antibioticmech:aro-b6c9cc2b59	lysocin E	data/antibiotics/antibacterial/lysocin-e.yaml	QJPVBLGWZKAQRW-BQBICWQZSA-N	ANTIBACTERIAL	4ad84ad448ec7255fd3066ab01abfedd579268e2ab6c05bf9dc2d8bce7fc4a3d	1	0	1	1	0	RECORDED_NAME_QUERIES_TRAVERSED_NOT_PRIMARY_REVIEW	False	1	1	0	1			0	0	0			0		OPEN
antibioticmech:aro-b7537957c3	SB22484	data/antibiotics/antibacterial/sb22484.yaml	NIOCOUPGHASQHO-UHFFFAOYSA-N	ANTIBACTERIAL	522ac2beeda4f53aaf881d0a867450ac3db4a48a833d113046291465bbaacb2f	0	0	1	1	0	RECORDED_NAME_QUERIES_TRAVERSED_NOT_PRIMARY_REVIEW	False	0	0	0	0			0	0	0			0		OPEN
antibioticmech:aro-b799d457ed	nystatin	data/antibiotics/antifungal/nystatin.yaml	VQOXZBDYSJBXMA-RKEBNKJGSA-N	ANTIFUNGAL	9e0ccff8e5b5a85a8117cd8b1be507fa85b988e04a99344725c33ed5ab76bf47	0	0	1	1	1	RECORDED_NAME_QUERIES_TRAVERSED_NOT_PRIMARY_REVIEW	False	0	0	0	0			0	0	0			0		OPEN
antibioticmech:aro-b855439125	tulathromycin	data/antibiotics/antibacterial/tulathromycin.yaml	GUARTUJKFNAVIK-QPTWMBCESA-N	ANTIBACTERIAL	01f712514d0e2436184b066364311e55901c8e34eb9025252575bf28d4a0e25c	0	0	1	1	0	RECORDED_NAME_QUERIES_TRAVERSED_NOT_PRIMARY_REVIEW	False	0	0	0	0			0	0	0			0		OPEN
antibioticmech:aro-b8680d8080	tartrolon A	data/antibiotics/antibacterial/tartrolon-a.yaml	XQJJKTZLLUVWBB-RTPDCJFMSA-N	ANTIBACTERIAL	64d61bbc86d08558f8cac7d4b224dabd50ad2e1f8f258a7cc5dc3267556ca74d	0	0	1	1	0	RECORDED_NAME_QUERIES_TRAVERSED_NOT_PRIMARY_REVIEW	False	0	0	0	0			0	0	0			0		OPEN
antibioticmech:aro-ba8c8dd0ec	pyrrolomycin D	data/antibiotics/antibacterial/pyrrolomycin-d.yaml	IJODRMYZNYTFTC-UHFFFAOYSA-N	ANTIBACTERIAL	8e2347ee596f871be5845cd4888020ec1f2e9f5c89998ca32ea817b955a20539	0	0	1	1	0	RECORDED_NAME_QUERIES_TRAVERSED_NOT_PRIMARY_REVIEW	False	0	0	0	0			0	0	0			0		OPEN
antibioticmech:aro-bb69bd597e	pyrrolomycin G	data/antibiotics/antibacterial/pyrrolomycin-g.yaml	WKEODUMIDZIAED-JTQLQIEISA-N	ANTIBACTERIAL	c274edaa41c0d5b4aecabfb6973ae3a135f2934f1e18aa922c7504d8fbf00526	0	0	1	1	0	RECORDED_NAME_QUERIES_TRAVERSED_NOT_PRIMARY_REVIEW	False	0	0	0	0			0	0	0			0		OPEN
antibioticmech:aro-bd55fbe0ca	enramycin	data/antibiotics/antibacterial/enramycin.yaml	NJCUSQKMYNTYOW-MWUYRYRWSA-N	ANTIBACTERIAL	1ba9ab2b2524a581ce68852df0655626a2a0baeaf1dd0ca79f4033d50fa9bcd2	0	0	1	1	0	RECORDED_NAME_QUERIES_TRAVERSED_NOT_PRIMARY_REVIEW	False	0	0	0	0			0	0	0			0		OPEN
antibioticmech:aro-be005cca98	tunicamycin	data/antibiotics/antibacterial/tunicamycin.yaml	YJQCOFNZVFGCAF-ACCUITESSA-N	ANTIBACTERIAL	44fe9a0f90d401d43e58ff9c272a178cec9b68e6c8bf33daebfa901516d18584	2	0	1	1	1	RECORDED_NAME_QUERIES_TRAVERSED_NOT_PRIMARY_REVIEW	False	2	2	1	1	UniProtKB:P12921	NCBITaxon:224308	0	0	0			0		OPEN
antibioticmech:aro-bf39ac682c	gramicidin C	data/antibiotics/antibacterial/gramicidin-c.yaml	IUAYMJGZBVDSGL-XNNAEKOYSA-N	ANTIBACTERIAL	2d6f2a226f80e692f51313152f18929496e2c7ffd5de864926dfe1c1dd79140f	0	0	1	1	0	RECORDED_NAME_QUERIES_TRAVERSED_NOT_PRIMARY_REVIEW	False	0	0	0	0			0	0	0			0		OPEN
antibioticmech:aro-bf7dc59121	azalomycin F	data/antibiotics/antibacterial/azalomycin-f.yaml	UVUPYXTUQSCQRV-PEKXHOPKSA-N	ANTIBACTERIAL	44332090b3ce65a0a7274d39b7a900e91641a4c9ab053e71f58db70648d33f5a	0	0	1	1	0	RECORDED_NAME_QUERIES_TRAVERSED_NOT_PRIMARY_REVIEW	False	0	0	0	0			0	0	0			0		OPEN
antibioticmech:aro-c10ed01875	cyclomarin A	data/antibiotics/antibacterial/cyclomarin-a.yaml	WCNJVJCYRBJSLC-BCJYPDSRSA-N	ANTIBACTERIAL	4742dac2eb4f5e1d9f5a9d968b4c690b12bf73242c775e99c06f139934785470	0	0	1	1	0	RECORDED_NAME_QUERIES_TRAVERSED_NOT_PRIMARY_REVIEW	False	0	0	0	0			0	0	0			0		OPEN
antibioticmech:aro-c18438bef6	formicamycin L	data/antibiotics/antibacterial/formicamycin-l.yaml	VDYUYQSSBLFXNW-XHDOVSQSSA-N	ANTIBACTERIAL	b543291e84bdc598af494604b89096d865d9f2b9496757aa27e1552a558e5dbf	0	0	1	1	0	RECORDED_NAME_QUERIES_TRAVERSED_NOT_PRIMARY_REVIEW	False	0	0	0	0			0	0	0			0		OPEN
antibioticmech:aro-c1c0e2fcb2	moenomycin A1	data/antibiotics/antibacterial/moenomycin-a1.yaml	SHSXEDBTKZLLOJ-JMAOHHPVSA-N	ANTIBACTERIAL	b93b751ad2cc3702fdce61d5f871fef90523f54763a01cc7de15008f0f15fcbd	1	0	1	1	0	RECORDED_NAME_QUERIES_TRAVERSED_NOT_PRIMARY_REVIEW	False	1	1	1	0	UniProtKB:Q4WR59	NCBITaxon:330879	0	0	0			0		OPEN
antibioticmech:aro-c1dea01a87	imazalil	data/antibiotics/antibacterial/imazalil.yaml	PZBPKYOVPCNPJY-UHFFFAOYSA-N	ANTIBACTERIAL	a21f68711db34df975cc2383bbd03647202e3dff3f84bbd9b89c53b771bc9552	1	0	1	1	0	RECORDED_NAME_QUERIES_TRAVERSED_NOT_PRIMARY_REVIEW	False	1	1	0	1			0	0	0			0		OPEN
antibioticmech:aro-c73757ed91	cefovecin	data/antibiotics/antibacterial/cefovecin.yaml	ZJGQFXVQDVCVOK-QFKLAVHZSA-N	ANTIBACTERIAL	1a9d21184e216fe11d5206f7af421f4f15577de1e1e9ef5d4b1c7d93b2641d53	0	0	1	1	0	RECORDED_NAME_QUERIES_TRAVERSED_NOT_PRIMARY_REVIEW	False	0	0	0	0			0	0	0			0		OPEN
antibioticmech:aro-c8e528eadd	pyrrolomycin C	data/antibiotics/antibacterial/pyrrolomycin-c.yaml	WEZZHODHNYWVJY-UHFFFAOYSA-N	ANTIBACTERIAL	e0cb85eab62497595a925077a8f40ab70fb5f6bc45dabd8f4291943943299e0d	0	0	1	1	0	RECORDED_NAME_QUERIES_TRAVERSED_NOT_PRIMARY_REVIEW	False	0	0	0	0			0	0	0			0		OPEN
antibioticmech:aro-ca0e85f42a	contezolid	data/antibiotics/antibacterial/contezolid.yaml	SULYVXZZUMRQAX-NSHDSACASA-N	ANTIBACTERIAL	aed7655b59d80b1d0592b0757ac2c1ae1b299f02e09e947cdde62b9ab8fcbdfe	0	0	1	1	0	RECORDED_NAME_QUERIES_TRAVERSED_NOT_PRIMARY_REVIEW	False	0	0	0	0			0	0	0			0		OPEN
antibioticmech:aro-ca1f16372a	L-681,217	data/antibiotics/antibacterial/l-681-217.yaml	OSKAZZUZQORABG-UQKUNJBPSA-N	ANTIBACTERIAL	3d61e5539fe2f48cbd3f963951ad16e3dfa54bfe3bef34b66ae377aec75c2468	0	0	1	1	0	RECORDED_NAME_QUERIES_TRAVERSED_NOT_PRIMARY_REVIEW	False	0	0	0	0			0	0	0			0		OPEN
antibioticmech:aro-cb28770ae8	declovanillobiocin	data/antibiotics/antibacterial/declovanillobiocin.yaml	JURYCYSCKRZQLD-UHFFFAOYSA-N	ANTIBACTERIAL	f9e7f9bb96c60c69d6f1ee837033a39d458a6d51c39fec209ff88dffebe30585	0	0	1	1	0	RECORDED_NAME_QUERIES_TRAVERSED_NOT_PRIMARY_REVIEW	False	0	0	0	0			0	0	0			0		OPEN
antibioticmech:aro-cc357c3b89	cezomycin	data/antibiotics/antibacterial/cezomycin.yaml	SFAOBXUZYBPOKX-KBVPZPMPSA-N	ANTIBACTERIAL	d32f3ce2edd819bd543a07495872e7d7bf255f321264b3eefc3d06a7f98b27a8	0	0	1	1	0	RECORDED_NAME_QUERIES_TRAVERSED_NOT_PRIMARY_REVIEW	False	0	0	0	0			0	0	0			0		OPEN
antibioticmech:aro-cd72e61879	caprazamycin	data/antibiotics/antibacterial/caprazamycin.yaml	IDKBSYZJTHLMLI-IUKJTPATSA-N	ANTIBACTERIAL	f5a85233ab057fdcb0a71c31522bc8c8dbc8c3cc20226216f52836ada50a94e4	0	0	1	1	0	RECORDED_NAME_QUERIES_TRAVERSED_NOT_PRIMARY_REVIEW	False	0	0	0	0			0	0	0			0		OPEN
antibioticmech:aro-cf6aac5f15	rifalazil	data/antibiotics/antibacterial/rifalazil.yaml	IXSVOCGZBUJEPI-HTQYORAHSA-N	ANTIBACTERIAL	0bf16156580cd3b31b664fd007dd1760812fd68f0db89fd0604e5592b6530a50	0	0	1	1	0	RECORDED_NAME_QUERIES_TRAVERSED_NOT_PRIMARY_REVIEW	False	0	0	0	0			0	0	0			0		OPEN
antibioticmech:aro-d02a324bed	pyrrolomycin H	data/antibiotics/antibacterial/pyrrolomycin-h.yaml	VVULWSWLJUXPTK-JTQLQIEISA-N	ANTIBACTERIAL	8cfa8ad37f9d004c298fda876658676a517bceec047c621515f40989cf9d59a7	0	0	1	1	0	RECORDED_NAME_QUERIES_TRAVERSED_NOT_PRIMARY_REVIEW	False	0	0	0	0			0	0	0			0		OPEN
antibioticmech:aro-d03e1e5b82	arsinothricin	data/antibiotics/antibacterial/arsinothricin.yaml	CXTQPLOKUBDLTK-UHFFFAOYSA-N	ANTIBACTERIAL	ccf4decde707e4e83b4e9ee44ada45d87a11413df7b70159252cbd86fa7cd3e1	0	0	1	1	0	RECORDED_NAME_QUERIES_TRAVERSED_NOT_PRIMARY_REVIEW	False	0	0	0	0			0	0	0			0		OPEN
antibioticmech:aro-d058164b57	megalomycin	data/antibiotics/antibacterial/megalomycin.yaml	LRWRQTMTYVZKQW-QIQQTWHTSA-N	ANTIBACTERIAL	09cb793491dc594ca603ac4800fdf3f5de29043030d30d4687239d301374c868	0	0	1	1	0	RECORDED_NAME_QUERIES_TRAVERSED_NOT_PRIMARY_REVIEW	False	0	0	0	0			0	0	0			0		OPEN
antibioticmech:aro-d075cb1991	edeine B	data/antibiotics/antibacterial/edeine-b.yaml	WEPSNLBXXUYQJF-LQXCWRENSA-N	ANTIBACTERIAL	c42a330b239336dd38d2b8e672a8ae4e21ff523ddd7e05316cb9cdf1698b381f	2	0	1	1	0	RECORDED_NAME_QUERIES_TRAVERSED_NOT_PRIMARY_REVIEW	False	2	2	1	1	UniProtKB:W5VTK4	NCBITaxon:1393	0	0	0			0		OPEN
antibioticmech:aro-d2b8d66d15	bacitracin B	data/antibiotics/antibacterial/bacitracin-b.yaml	CDTJNKFURPZXMS-LRBSCOJMSA-N	ANTIBACTERIAL	c393649a7602a5f0b6989d556e115d4e173bcf20cf6c85b57443c568f9624759	4	0	1	1	0	RECORDED_NAME_QUERIES_TRAVERSED_NOT_PRIMARY_REVIEW	False	4	4	4	0	UniProtKB:P42332|UniProtKB:P42333|UniProtKB:P42334|UniProtKB:P60932	NCBITaxon:1402|NCBITaxon:83333	0	0	0			0		OPEN
antibioticmech:aro-d384fdc29d	gramicidin A	data/antibiotics/antibacterial/gramicidin-a.yaml	ZWCXYZRRTRDGQE-LUPIJMBPSA-N	ANTIBACTERIAL	9253f5ea07ea19f30f42239a86db17709c72b5b2673986bfc6fae19b9a2749bd	0	0	1	1	0	RECORDED_NAME_QUERIES_TRAVERSED_NOT_PRIMARY_REVIEW	False	0	0	0	0			0	0	0			0		OPEN
antibioticmech:aro-d39089d50d	formicamycin E	data/antibiotics/antibacterial/formicamycin-e.yaml	ITMXZWXSZNBZAO-HZAQMHFWSA-N	ANTIBACTERIAL	3622f07abe510163b8926d471e311e8a460a0ed404bb545eb75b7b7cab37dbfa	0	0	1	1	0	RECORDED_NAME_QUERIES_TRAVERSED_NOT_PRIMARY_REVIEW	False	0	0	0	0			0	0	0			0		OPEN
antibioticmech:aro-d473074d4a	neutramycin	data/antibiotics/antibacterial/neutramycin.yaml	RZLRMVZBGPHYJA-XXJPCBNGSA-N	ANTIBACTERIAL	82d83f384975ac5177388f2bb040259e4f6d835f7a6b129118af4f62f08dc659	0	0	1	1	0	RECORDED_NAME_QUERIES_TRAVERSED_NOT_PRIMARY_REVIEW	False	0	0	0	0			0	0	0			0		OPEN
antibioticmech:aro-d4b630f1d7	formicamycin F	data/antibiotics/antibacterial/formicamycin-f.yaml	UOFYXWHFYPFLPH-HZAQMHFWSA-N	ANTIBACTERIAL	e5761d6ca3fb2e8a7edfc6235e0181faed15266d1e60ac06e12f6f259ae42f60	0	0	1	1	0	RECORDED_NAME_QUERIES_TRAVERSED_NOT_PRIMARY_REVIEW	False	0	0	0	0			0	0	0			0		OPEN
antibioticmech:aro-d53850fc72	triflumizole	data/antibiotics/antifungal/triflumizole-aro-d53850fc72.yaml	HSMVPDGQOIQYSR-UHFFFAOYSA-N	ANTIFUNGAL	993e9e08c33f22c384fb139ef5f09641e96ba553127aa2bbc0ea955c3843994f	1	0	1	1	0	RECORDED_NAME_QUERIES_TRAVERSED_NOT_PRIMARY_REVIEW	False	1	1	0	1			0	0	0			0		OPEN
antibioticmech:aro-d56d37db11	nafithromycin	data/antibiotics/antibacterial/nafithromycin.yaml	RLFCSBSRGRJFRO-QAOQTAGDSA-N	ANTIBACTERIAL	899137a56e379699c07f856abb4ef0b5e409cff442f3ebac586e27abe370ca44	0	0	2	2	0	RECORDED_NAME_QUERIES_TRAVERSED_NOT_PRIMARY_REVIEW	False	0	0	0	0			0	0	0			0		OPEN
antibioticmech:aro-d5fecb3190	oncocin	data/antibiotics/antibacterial/oncocin.yaml	LFHRGUYKUBKTMG-BSRMMMFRSA-N	ANTIBACTERIAL	61c192d545fec0ff1350b94f29051b5d6f6d48dd645c72c5bb0fe83e459d699f	0	0	1	1	0	RECORDED_NAME_QUERIES_TRAVERSED_NOT_PRIMARY_REVIEW	False	0	0	0	0			0	0	0			0		OPEN
antibioticmech:aro-d623ec0929	epinecidin-1	data/antibiotics/antibacterial/epinecidin-1.yaml	IJMVGIBIGDBVLY-FIFJRYGNSA-N	ANTIBACTERIAL	fca215e00078fa6336a8646e496d908f76a1c18fd994cf1b7d6803dee4a2e990	0	0	1	1	0	RECORDED_NAME_QUERIES_TRAVERSED_NOT_PRIMARY_REVIEW	False	0	0	0	0			0	0	0			0		OPEN
antibioticmech:aro-d6a7012e5e	polymyxin B4	data/antibiotics/antibacterial/polymyxin-b4.yaml	DFEINBRRTFYPQB-KOEMQTGPSA-N	ANTIBACTERIAL	0494fdadbd9c5f61a1e56b2e8d4bcead76e528f7c9bb4003fec4e176ba3ba7f5	3	0	1	1	0	RECORDED_NAME_QUERIES_TRAVERSED_NOT_PRIMARY_REVIEW	False	3	3	0	3			0	0	0			0		OPEN
antibioticmech:aro-da12e2d9fe	cervimycin A	data/antibiotics/antibacterial/cervimycin-a.yaml	DTTQURMKQUWCNN-ZVSUTAIVSA-N	ANTIBACTERIAL	60eb8fb5349acf7ae4f9853f26f3e8efb33dee67ff2d921396f6c456b2cbe289	0	0	1	1	0	RECORDED_NAME_QUERIES_TRAVERSED_NOT_PRIMARY_REVIEW	False	0	0	0	0			0	0	0			0		OPEN
antibioticmech:aro-ddcacf705e	vertilimicin	data/antibiotics/antibacterial/vertilimicin.yaml	QVRLHIRFLRXFIW-MLDHBKOMSA-N	ANTIBACTERIAL	629a59b658098c6cfee4bc6ea6d51ec7cd5bca642ae72a3c1a09e0c95eca1f02	0	0	1	1	0	RECORDED_NAME_QUERIES_TRAVERSED_NOT_PRIMARY_REVIEW	False	0	0	0	0			0	0	0			0		OPEN
antibioticmech:aro-de2f58b0cc	arborcandin C	data/antibiotics/antibacterial/arborcandin-c.yaml	AHATVKJRQUTSJV-UHFFFAOYSA-N	ANTIBACTERIAL	6b854e87a5d833a14691ffdc54b1df9b96bbb82a66da1adf64c74b67ad08332a	0	0	1	1	0	RECORDED_NAME_QUERIES_TRAVERSED_NOT_PRIMARY_REVIEW	False	0	0	0	0			0	0	0			0		OPEN
antibioticmech:aro-df2f0e08b4	pyrrolomycin F	data/antibiotics/antibacterial/pyrrolomycin-f.yaml	LTKQHGHTROTART-UHFFFAOYSA-N	ANTIBACTERIAL	92bd5aa6b2603f2b65c444736be15b16439be0218a160c40f2f3da5f939353e2	0	0	1	1	0	RECORDED_NAME_QUERIES_TRAVERSED_NOT_PRIMARY_REVIEW	False	0	0	0	0			0	0	0			0		OPEN
antibioticmech:aro-df383601e2	clerocidin	data/antibiotics/antibacterial/clerocidin.yaml	LKJYEAJRWPUOGW-UHFFFAOYSA-N	ANTIBACTERIAL	967a1d77457199ee61fb1ae8d0d3ee66aa06f119d094fa3b343f939038445ad9	0	0	1	1	0	RECORDED_NAME_QUERIES_TRAVERSED_NOT_PRIMARY_REVIEW	False	0	0	0	0			0	0	0			0		OPEN
antibioticmech:aro-df43621fb3	wychimicin A	data/antibiotics/antibacterial/wychimicin-a.yaml	HHJJMAYDQLUZRZ-YNCOMUOBSA-N	ANTIBACTERIAL	079925d331f7e1f2c62555ce88f933d4138b8dd252e5fc08507beb0f6fbe74c5	0	0	1	1	0	RECORDED_NAME_QUERIES_TRAVERSED_NOT_PRIMARY_REVIEW	False	0	0	0	0			0	0	0			0		OPEN
antibioticmech:aro-dfad12d850	pyrrolomycin B	data/antibiotics/antibacterial/pyrrolomycin-b.yaml	ZIOBWQJYKHDNKP-UHFFFAOYSA-N	ANTIBACTERIAL	e6f2f5d6d63bd06514582a7530aa8ad5142b333e066cb2e0e1388866796d9708	0	0	1	1	0	RECORDED_NAME_QUERIES_TRAVERSED_NOT_PRIMARY_REVIEW	False	0	0	0	0			0	0	0			0		OPEN
antibioticmech:aro-dfdbce9a83	benzothiostrobin	data/antibiotics/antifungal/benzothiostrobin.yaml	OMGAIUZPUSZZME-WJDWOHSUSA-N	ANTIFUNGAL	91ce384b3c751d4c5b77bdf7342fe9bf7b8725a0bc30c45b6d3fe8cc625ac0d8	1	0	1	1	0	RECORDED_NAME_QUERIES_TRAVERSED_NOT_PRIMARY_REVIEW	False	1	1	0	1			0	0	0			0		OPEN
antibioticmech:aro-e05426a76f	bleomycin B2	data/antibiotics/antibacterial/bleomycin-b2.yaml	NBLHOLNNKJBEDC-XOGQCRKLSA-N	ANTIBACTERIAL	185323f2c34804324d93369a2ec9b7eb2f9ce6d803c34ae1344d46650798eda1	1	0	1	1	0	RECORDED_NAME_QUERIES_TRAVERSED_NOT_PRIMARY_REVIEW	False	1	1	0	1			0	0	0			0		OPEN
antibioticmech:aro-e05d19b916	econazole	data/antibiotics/antifungal/econazole.yaml	LEZWWPYKPKIXLL-UHFFFAOYSA-N	ANTIFUNGAL	85a69c0a4373f95039bc4b3942493fb1dbd93ffce7c316cfbb42b724e5110b7b	0	0	1	1	0	RECORDED_NAME_QUERIES_TRAVERSED_NOT_PRIMARY_REVIEW	False	0	0	0	0			0	0	0			0		OPEN
antibioticmech:aro-e0bba9e7d3	chrysomycin A	data/antibiotics/antibacterial/chrysomycin-a.yaml	OMDANBMKOUVKAG-WZNMFJNZSA-N	ANTIBACTERIAL	f2ff2b1896a69e7152f96d2638dd799641c07d0554207189b976c7e52ae053f8	0	0	2	2	0	RECORDED_NAME_QUERIES_TRAVERSED_NOT_PRIMARY_REVIEW	False	0	0	0	0			0	0	0			0		OPEN
antibioticmech:aro-e129595baa	phenelfamycin H	data/antibiotics/antibacterial/phenelfamycin-h.yaml	DXDHNOMQTFKZDB-HSXFPMABSA-N	ANTIBACTERIAL	d802ce522999a2685d90d6631c68da0baa34f8330bb486088ab7681c132cd00e	0	0	1	1	0	RECORDED_NAME_QUERIES_TRAVERSED_NOT_PRIMARY_REVIEW	False	0	0	0	0			0	0	0			0		OPEN
antibioticmech:aro-e1509d505b	phenelfamycin F	data/antibiotics/antibacterial/phenelfamycin-f.yaml	LNHMLFJFDISYQH-YXDAFIJTSA-N	ANTIBACTERIAL	497079f952a0f57caf65152920cca38527ad9c0c8ecdea2001f672ccb4da7a4c	0	0	1	1	0	RECORDED_NAME_QUERIES_TRAVERSED_NOT_PRIMARY_REVIEW	False	0	0	0	0			0	0	0			0		OPEN
antibioticmech:aro-e3f7a82f17	avilamycin	data/antibiotics/antibacterial/avilamycin.yaml	XIRGHRXBGGPPKY-OTPQUNEMSA-N	ANTIBACTERIAL	59b401b17929c6a27a33d78bd9f6a14ff98019247e3229883fa18e75b7022a76	0	0	1	1	0	RECORDED_NAME_QUERIES_TRAVERSED_NOT_PRIMARY_REVIEW	False	0	0	0	0			0	0	0			0		OPEN
antibioticmech:aro-e44e701df2	clorobiocin	data/antibiotics/antibacterial/clorobiocin.yaml	FJAQNRBDVKIIKK-LFLQOBSNSA-N	ANTIBACTERIAL	4e73efdaeff849a22524531769f50afc1392ca20336c536ca8b2ae9e222228cc	5	0	1	1	0	RECORDED_NAME_QUERIES_TRAVERSED_NOT_PRIMARY_REVIEW	False	5	5	0	5			0	0	0			0		OPEN
antibioticmech:aro-e45d4c195a	cyclomarin C	data/antibiotics/antibacterial/cyclomarin-c.yaml	NCUTXLGVUNPWKM-XCLVBVFRSA-N	ANTIBACTERIAL	a7b9df5b406cd500f83d9f8401ddaa0d1218d267a31180672c05e5fd40869553	0	0	1	1	0	RECORDED_NAME_QUERIES_TRAVERSED_NOT_PRIMARY_REVIEW	False	0	0	0	0			0	0	0			0		OPEN
antibioticmech:aro-e4e652725f	6'-N-ethylnetilmicin	data/antibiotics/antibacterial/6-n-ethylnetilmicin.yaml	RZXCDENQJDMFQY-OLUUFXIRSA-N	ANTIBACTERIAL	12b0e7a968e0476c33edd98091bfb0509fcd9ff52edd9b49530810eb73623a0f	13	0	1	1	0	RECORDED_NAME_QUERIES_TRAVERSED_NOT_PRIMARY_REVIEW	False	13	13	12	1	UniProtKB:A0A0S2TK08|UniProtKB:A7LI79|UniProtKB:D4HQX2|UniProtKB:P13246|UniProtKB:P94968|UniProtKB:P9WQG9|UniProtKB:Q01515|UniProtKB:Q03634|UniProtKB:Q47030|UniProtKB:Q49157|UniProtKB:Q52424|UniProtKB:Q9CD24	NCBITaxon:1766|NCBITaxon:246196|NCBITaxon:272631|NCBITaxon:550|NCBITaxon:562|NCBITaxon:573|NCBITaxon:588|NCBITaxon:599|NCBITaxon:615|NCBITaxon:72407|NCBITaxon:83332	0	0	0			0		OPEN
antibioticmech:aro-e52262d6b8	verdamicin	data/antibiotics/antibacterial/verdamicin.yaml	XUSXOPRDIDWMFO-CTMSJIKGSA-N	ANTIBACTERIAL	0a344c4bfebf5f801b02127af0996bfb867f4df1de155196978c3f9a7ada06cc	0	0	1	1	0	RECORDED_NAME_QUERIES_TRAVERSED_NOT_PRIMARY_REVIEW	False	0	0	0	0			0	0	0			0		OPEN
antibioticmech:aro-e523675af2	corbomycin	data/antibiotics/antibacterial/corbomycin.yaml	YPKFJNUZFFXJND-XFKCSEFZSA-N	ANTIBACTERIAL	d3d3b48a1c4141683d7ff7c4423b304cf59f3eb9eaf26f75db3eb434eaa0b365	0	0	1	1	0	RECORDED_NAME_QUERIES_TRAVERSED_NOT_PRIMARY_REVIEW	False	0	0	0	0			0	0	0			0		OPEN
antibioticmech:aro-e57b52c636	magainin 1	data/antibiotics/antibacterial/magainin-1.yaml	OFIZOVDANLLTQD-ZVNXOKPXSA-N	ANTIBACTERIAL	cf96212b457f50f808621944667f339b077d1e92ca64b2fed50a30c3c265545c	0	0	1	1	0	RECORDED_NAME_QUERIES_TRAVERSED_NOT_PRIMARY_REVIEW	False	0	0	0	0			0	0	0			0		OPEN
antibioticmech:aro-e63825b7e1	epoxiconazole	data/antibiotics/antifungal/epoxiconazole.yaml	ZMYFCFLJBGAQRS-IAGOWNOFSA-N	ANTIFUNGAL	323f9511185c623815d33900730a37d6e09bbd88bf2e0ec38556a783a2b41466	8	0	1	1	0	RECORDED_NAME_QUERIES_TRAVERSED_NOT_PRIMARY_REVIEW	False	8	8	0	8			0	0	0			0		OPEN
antibioticmech:aro-e690d68430	halolitoralin C	data/antibiotics/antibacterial/halolitoralin-c.yaml	ACTUUECIBHHYLY-DYKIIFRCSA-N	ANTIBACTERIAL	e2ffd11f5ac0db9c2f05ba76539ef262eefb0c7dd0eb9abc12380f51753fd65f	0	0	1	1	0	RECORDED_NAME_QUERIES_TRAVERSED_NOT_PRIMARY_REVIEW	False	0	0	0	0			0	0	0			0		OPEN
antibioticmech:aro-e83eaf8a8a	A201A	data/antibiotics/antibacterial/a201a.yaml	HELPZWNRUYNCJQ-QWJSOBSRSA-N	ANTIBACTERIAL	4d808505e3b03371f099d9ea90fd3e7cefb37556438d84a253b30a9f130d9320	3	0	1	1	0	RECORDED_NAME_QUERIES_TRAVERSED_NOT_PRIMARY_REVIEW	False	3	3	2	1	UniProtKB:P39115|UniProtKB:Q182T3	NCBITaxon:224308|NCBITaxon:272563	0	0	0			0		OPEN
antibioticmech:aro-e9b96b6d23	dragmacidin A	data/antibiotics/antibacterial/dragmacidin-a.yaml	XQSOLGAZPINGFW-RTWAWAEBSA-N	ANTIBACTERIAL	6fbe543e45f9171bf58ce36487a802afa07204eed8a0d012b5d574ed02fa2c67	0	0	1	1	0	RECORDED_NAME_QUERIES_TRAVERSED_NOT_PRIMARY_REVIEW	False	0	0	0	0			0	0	0			0		OPEN
antibioticmech:aro-e9c8697a8e	battacin	data/antibiotics/antibacterial/battacin.yaml	GFRZMEVTBQRIMT-NUWCLZTQSA-N	ANTIBACTERIAL	fc46eb550e926bda4d7c78dbb11165628de292bc8362e2727fd43c7f61ea20e7	0	0	2	2	0	RECORDED_NAME_QUERIES_TRAVERSED_NOT_PRIMARY_REVIEW	False	0	0	0	0			0	0	0			0		OPEN
antibioticmech:aro-ea6589413a	omadacycline	data/antibiotics/antibacterial/omadacycline.yaml	VJYKVCURWJGLPG-IQZGDKDPSA-N	ANTIBACTERIAL	a8b3d5aca50a6a43761c7c57c58738dfe6eabf2cd2e6345a6227266ce9ec5cd6	0	0	1	1	0	RECORDED_NAME_QUERIES_TRAVERSED_NOT_PRIMARY_REVIEW	False	0	0	0	0			0	0	0			0		OPEN
antibioticmech:aro-eb42322815	defensin	data/antibiotics/antibacterial/defensin.yaml	ZKALIGRYJXFMNS-XBDDSDALSA-N	ANTIBACTERIAL	a769fd3725efdb38352c315dcd5381968a50c6e881203c013476000d0189d9c3	9	0	1	1	1	RECORDED_NAME_QUERIES_TRAVERSED_NOT_PRIMARY_REVIEW	False	9	9	7	2	UniProtKB:A0A0H3G6K4|UniProtKB:A0A0H3GD95|UniProtKB:C0H3X7|UniProtKB:D0CAM8|UniProtKB:Q0SSM7|UniProtKB:Q0ZAZ3|UniProtKB:Q8DWT2	NCBITaxon:204722|NCBITaxon:208435|NCBITaxon:224308|NCBITaxon:289380|NCBITaxon:393133|NCBITaxon:575584|NCBITaxon:727	0	0	0			0		OPEN
antibioticmech:aro-ec60046a85	cervimycin B	data/antibiotics/antibacterial/cervimycin-b.yaml	BWIAPPHQSUHPDB-IWCGXAMISA-N	ANTIBACTERIAL	2223033d806b5c15e2b6e771eb4634887f6772d54f192e5c5f469ce47e5595bf	0	0	1	1	0	RECORDED_NAME_QUERIES_TRAVERSED_NOT_PRIMARY_REVIEW	False	0	0	0	0			0	0	0			0		OPEN
antibioticmech:aro-edae5f55a0	delafloxacin	data/antibiotics/antibacterial/delafloxacin.yaml	DYDCPNMLZGFQTM-UHFFFAOYSA-N	ANTIBACTERIAL	cd63f7cd8dce97ddb257ab1e11bfa80bc81ff432e89c0cfbecceca4390b1afbe	0	0	1	1	0	RECORDED_NAME_QUERIES_TRAVERSED_NOT_PRIMARY_REVIEW	False	0	0	0	0			0	0	0			0		OPEN
antibioticmech:aro-edfe06b075	gramicidin D	data/antibiotics/antibacterial/gramicidin-d.yaml	NDAYQJDHGXTBJL-MWWSRJDJSA-N	ANTIBACTERIAL	fb3d0ba1d590d13e800eb375e898ed3e4446d87e7e75bf489966fa72fce724b9	0	0	1	1	0	RECORDED_NAME_QUERIES_TRAVERSED_NOT_PRIMARY_REVIEW	False	0	0	0	0			0	0	0			0		OPEN
antibioticmech:aro-eeb30db614	cervimycin K1	data/antibiotics/antibacterial/cervimycin-k1.yaml	JHZMFWWPPNBNOE-BTYMIDDJSA-N	ANTIBACTERIAL	c5c7fc30f48d335fcf16f0c1e8d1b046a0fe3e44694e5d5d15663a80be5510c6	0	0	1	1	0	RECORDED_NAME_QUERIES_TRAVERSED_NOT_PRIMARY_REVIEW	False	0	0	0	0			0	0	0			0		OPEN
antibioticmech:aro-f198f10971	nitazoxanide	data/antibiotics/antibacterial/nitazoxanide.yaml	YQNQNVDNTFHQSW-UHFFFAOYSA-N	ANTIBACTERIAL	a08e1f49e0e7f8903ead5c6444ce2eeaf0041c5709cd6ff635401323afc8d2e9	0	0	4	2	0	RECORDED_NAME_QUERIES_TRAVERSED_NOT_PRIMARY_REVIEW	False	0	0	0	0			0	0	0			0		OPEN
antibioticmech:aro-f2b46f8b0e	gramicidin B	data/antibiotics/antibacterial/gramicidin-b.yaml	LQSMEVHEYXACJP-DSHASFMGSA-N	ANTIBACTERIAL	575e96e642ca513d7c9e0ccc67b85d3c91f4875e7751d53aa8e06c4a2ac1f3d1	0	0	1	1	0	RECORDED_NAME_QUERIES_TRAVERSED_NOT_PRIMARY_REVIEW	False	0	0	0	0			0	0	0			0		OPEN
antibioticmech:aro-f3aad264a4	fasamycin J	data/antibiotics/antibacterial/fasamycin-j.yaml	SQAVVPNPTLMTMX-UHFFFAOYSA-N	ANTIBACTERIAL	e6d97bfb7b97e84771461b23ea6ff0938e50c832f0af20407a98defc55d1c410	0	0	1	1	0	RECORDED_NAME_QUERIES_TRAVERSED_NOT_PRIMARY_REVIEW	False	0	0	0	0			0	0	0			0		OPEN
antibioticmech:aro-f4906250fc	ostreogrycin B3	data/antibiotics/antibacterial/ostreogrycin-b3.yaml	YGXCETJZBDTKRY-FULBRLTBSA-N	ANTIBACTERIAL	7a5b88673741d8c01a885013c188d17f154fd1f98cd6c1a979d3d6deb0a8f575	23	0	1	1	0	RECORDED_NAME_QUERIES_TRAVERSED_NOT_PRIMARY_REVIEW	False	23	23	18	5	UniProtKB:A0A3R7IWB8|UniProtKB:A0A6I0LAE8|UniProtKB:A0A829QAF6|UniProtKB:F3ZTT0|UniProtKB:L7N623|UniProtKB:O87275|UniProtKB:P06572|UniProtKB:P07287|UniProtKB:P09891|UniProtKB:P0A0H3|UniProtKB:P10337|UniProtKB:Q00014|UniProtKB:Q04720|UniProtKB:Q6RX35|UniProtKB:Q6XFQ7|UniProtKB:Q79N53|UniProtKB:Q8KLN5|UniProtKB:Q9K2Z3	NCBITaxon:1038928|NCBITaxon:1280|NCBITaxon:1282|NCBITaxon:1296|NCBITaxon:1299324|NCBITaxon:1352|NCBITaxon:1392|NCBITaxon:1598|NCBITaxon:1766|NCBITaxon:1772|NCBITaxon:29382|NCBITaxon:31956|NCBITaxon:405948|NCBITaxon:679937|NCBITaxon:79880|NCBITaxon:817|NCBITaxon:820|NCBITaxon:83331	0	0	0			0		OPEN
antibioticmech:aro-f538304a82	isovanillobiocin	data/antibiotics/antibacterial/isovanillobiocin.yaml	AKYRQFMQZJFLAE-UHFFFAOYSA-N	ANTIBACTERIAL	ffff760eee908ec5e9e5b3c52935b9ce416420dbceb895a8c4fe7726ede45860	0	0	1	1	0	RECORDED_NAME_QUERIES_TRAVERSED_NOT_PRIMARY_REVIEW	False	0	0	0	0			0	0	0			0		OPEN
antibioticmech:aro-f75c158ac2	zabofloxacin	data/antibiotics/antibacterial/zabofloxacin.yaml	ZNPOCLHDJCAZAH-UHFFFAOYSA-N	ANTIBACTERIAL	56f21000df7babc5c41216e438c6ba846574b55ea60da92b7122bbb54c83fc6a	0	0	1	1	0	RECORDED_NAME_QUERIES_TRAVERSED_NOT_PRIMARY_REVIEW	False	0	0	0	0			0	0	0			0		OPEN
antibioticmech:aro-f8f4257b4b	lefamulin	data/antibiotics/antibacterial/lefamulin.yaml	KPVIXBKIJXZQJX-FCEONZPQSA-N	ANTIBACTERIAL	84854070cee781c6750bcd7499ab0628d37d1b31406b12b069e7577bcf1ff704	0	0	1	1	0	RECORDED_NAME_QUERIES_TRAVERSED_NOT_PRIMARY_REVIEW	False	0	0	0	0			0	0	0			0		OPEN
antibioticmech:aro-f9eb09229d	solithromycin	data/antibiotics/antibacterial/solithromycin.yaml	IXXFZUPTQVDPPK-QIFQIIIXSA-N	ANTIBACTERIAL	402c8597fd10446a08ca53adfba6a702e1757c74fd411ad8a0b448b9e20ea7f5	0	0	2	2	0	RECORDED_NAME_QUERIES_TRAVERSED_NOT_PRIMARY_REVIEW	False	0	0	0	0			0	0	0			0		OPEN
antibioticmech:aro-f9ecce9898	sulopenem	data/antibiotics/antibacterial/sulopenem.yaml	FLSUCZWOEMTFAQ-PRBGKLEPSA-N	ANTIBACTERIAL	2fcff4dc79edafd329f150c063b862257630b536043b61de557622af9535ee1c	0	0	1	1	0	RECORDED_NAME_QUERIES_TRAVERSED_NOT_PRIMARY_REVIEW	False	0	0	0	0			0	0	0			0		OPEN
antibioticmech:aro-fb45bd17a5	bacitracin F	data/antibiotics/antibacterial/bacitracin-f.yaml	FCLQHQCOKGKLHR-UHFFFAOYSA-N	ANTIBACTERIAL	98e6c754bed73cc961ebf84fdc370a7b827da49336d96c4c0a18c2cd1f0057b1	4	0	1	1	0	RECORDED_NAME_QUERIES_TRAVERSED_NOT_PRIMARY_REVIEW	False	4	4	4	0	UniProtKB:P42332|UniProtKB:P42333|UniProtKB:P42334|UniProtKB:P60932	NCBITaxon:1402|NCBITaxon:83333	0	0	0			0		OPEN
antibioticmech:aro-fdb0f4de1c	factumycin	data/antibiotics/antibacterial/factumycin.yaml	HMBDLBWGDMNPDW-SUXULKRESA-N	ANTIBACTERIAL	8b414bcc53c3e339dc082b536424a9d63746cc0bb87e8d48d826bb938ce76d0f	1	0	1	1	0	RECORDED_NAME_QUERIES_TRAVERSED_NOT_PRIMARY_REVIEW	False	1	1	0	1			0	0	0			0		OPEN
antibioticmech:curator-0f96f23968	IP-antibiotic 9	data/antibiotics/antibacterial/ip-antibiotic-9.yaml	MFOPKMQUXATYFM-UHFFFAOYSA-N	ANTIBACTERIAL	a1977c6a52aecfdc515acc33557dc0fdac0d5556e0f4d20924ef4bfacb9f39ad	0	0	3	2	0	RECORDED_NAME_QUERIES_TRAVERSED_NOT_PRIMARY_REVIEW	False	0	0	0	0			0	0	0			0		OPEN
antibioticmech:curator-19908a5b89	Spinasterol	data/antibiotics/antibacterial/spinasterol.yaml	JZVFJDZBLUFKCA-FXIAWGAOSA-N	ANTIBACTERIAL	1789d3574e87658adceab1bfc993e8683fb73ffc9e4e8a54393ffcaadda0a397	0	0	3	2	0	RECORDED_NAME_QUERIES_TRAVERSED_NOT_PRIMARY_REVIEW	False	0	0	0	0			0	0	0			0		OPEN
antibioticmech:curator-1a87ac78a7	(S,S)-4-F-Phe-Ala	data/antibiotics/antibacterial/s-s-4-f-phe-ala.yaml	HGNZUVLSZXGIAH-XVKPBYJWSA-N	ANTIBACTERIAL	2f6bfe2dba0c82c892614a705d12dd25bd7e32235dfcccc5a96312efb0706a31	0	0	3	2	0	RECORDED_NAME_QUERIES_TRAVERSED_NOT_PRIMARY_REVIEW	False	0	0	0	0			0	0	0			0		OPEN
antibioticmech:curator-34020091be	ECF transporter inhibitor 36	data/antibiotics/antibacterial/ecf-transporter-inhibitor-36.yaml	KBHNQPNHOFMZND-UHFFFAOYSA-N	ANTIBACTERIAL	0547a8ff15a920c52a73114cf1e4e0e4d09a227f76d025d398efbad241859d96	0	0	2	2	0	RECORDED_NAME_QUERIES_TRAVERSED_NOT_PRIMARY_REVIEW	False	0	0	0	0			0	0	0			0		OPEN
antibioticmech:curator-35c6404d6e	Isoorientin	data/antibiotics/antibacterial/isoorientin.yaml	ODBRNZZJSYPIDI-VJXVFPJBSA-N	ANTIBACTERIAL	d45ae3678a02078f741ceeb2e82c0d9c2f5fed355e0c35be8150419110e6b68b	0	0	1	1	0	RECORDED_NAME_QUERIES_TRAVERSED_NOT_PRIMARY_REVIEW	False	0	0	0	0			0	0	0			0		OPEN
antibioticmech:curator-452d38df8e	Corramycin	data/antibiotics/antibacterial/corramycin.yaml	WVMKFROBDLCDEJ-LINZXDLISA-N	ANTIBACTERIAL	59c5b39c3791493baad3f146a923c7ef4336d1d987143b64d64c7d07d0c1864d	0	0	1	1	0	RECORDED_NAME_QUERIES_TRAVERSED_NOT_PRIMARY_REVIEW	False	0	0	0	0			0	0	0			0		OPEN
antibioticmech:curator-4b720a8dc7	IP-antibiotic 5	data/antibiotics/antibacterial/ip-antibiotic-5.yaml	CRFNZPACFKDJLE-UHFFFAOYSA-N	ANTIBACTERIAL	2725b99f4375e4ae699888410404e305724717f7ebaf2513ac1789e3ac9950c4	0	0	3	2	0	RECORDED_NAME_QUERIES_TRAVERSED_NOT_PRIMARY_REVIEW	False	0	0	0	0			0	0	0			0		OPEN
antibioticmech:curator-4c05f0ba47	IP-antibiotic 2	data/antibiotics/antibacterial/ip-antibiotic-2.yaml	JYPKOOCWCAZLMI-UHFFFAOYSA-N	ANTIBACTERIAL	c19e4a95960bf43b22113e5331133a819faf3029d4f761f3e06753520906c9a4	0	0	2	2	0	RECORDED_NAME_QUERIES_TRAVERSED_NOT_PRIMARY_REVIEW	False	0	0	0	0			0	0	0			0		OPEN
antibioticmech:curator-59edbdc708	Rutin	data/antibiotics/antibacterial/rutin.yaml	IKGXIBQEEMLURG-NVPNHPEKSA-N	ANTIBACTERIAL	d20795efff6e6b127a8000dad083ae786188d3aa8bc50f8f67af4e13b5e09640	0	0	1	1	1	RECORDED_NAME_QUERIES_TRAVERSED_NOT_PRIMARY_REVIEW	False	0	0	0	0			0	0	0			0		OPEN
antibioticmech:curator-64f422f0ff	IP-antibiotic 6	data/antibiotics/antibacterial/ip-antibiotic-6.yaml	GSVYCWBAVLZMJE-UHFFFAOYSA-N	ANTIBACTERIAL	426cb1706c7661c803899a03afdc7c6551613f3583a9ecd26112b6587e0b0645	0	0	3	2	0	RECORDED_NAME_QUERIES_TRAVERSED_NOT_PRIMARY_REVIEW	False	0	0	0	0			0	0	0			0		OPEN
antibioticmech:curator-68713b9d28	Fisetin	data/antibiotics/antibacterial/fisetin.yaml	XHEFDIBZLJXQHF-UHFFFAOYSA-N	ANTIBACTERIAL	dda0eaf619ee7624c6daf65bd4436477d19f63c4de6f5bbd3e83f810c86f4d4b	0	0	1	1	0	RECORDED_NAME_QUERIES_TRAVERSED_NOT_PRIMARY_REVIEW	False	0	0	0	0			0	0	0			0		OPEN
antibioticmech:curator-811a417697	IP-antibiotic 4	data/antibiotics/antibacterial/ip-antibiotic-4.yaml	SSXGEVPIXTZCAB-UHFFFAOYSA-N	ANTIBACTERIAL	8092ff5614d4f94db0e5b12324b0cd26c4b9278babcde74eb58f815ac486d5ea	0	0	3	2	0	RECORDED_NAME_QUERIES_TRAVERSED_NOT_PRIMARY_REVIEW	False	0	0	0	0			0	0	0			0		OPEN
antibioticmech:curator-8e9e4cae3e	NSC348884	data/antibiotics/antibacterial/nsc348884.yaml	KZOLQEUQAFTQFM-UHFFFAOYSA-N	ANTIBACTERIAL	90392b942c1a6bb9336fc70a00a2c68c0dc20b308fa6ce8ee120164942699216	0	0	3	2	0	RECORDED_NAME_QUERIES_TRAVERSED_NOT_PRIMARY_REVIEW	False	0	0	0	0			0	0	0			0		OPEN
antibioticmech:curator-8edc5e6516	AFN-1252	data/antibiotics/antibacterial/afn-1252.yaml	QXTWSUQCXCWEHF-JXMROGBWSA-N	ANTIBACTERIAL	a8a0801f12c3b7cb4de8e649746e22b42563182db24e939461c5885f75943efb	0	0	3	2	0	RECORDED_NAME_QUERIES_TRAVERSED_NOT_PRIMARY_REVIEW	False	0	0	0	0			0	0	0			0		OPEN
antibioticmech:curator-9412b5ca77	5-indanol	data/antibiotics/antibacterial/5-indanol.yaml	PEHSSTUGJUBZBI-UHFFFAOYSA-N	ANTIBACTERIAL	02dfb2ef76084a0a5bc42b0c86777974a7715099f6c56e5704d6d662620d96b6	0	0	1	1	0	RECORDED_NAME_QUERIES_TRAVERSED_NOT_PRIMARY_REVIEW	False	0	0	0	0			0	0	0			0		OPEN
antibioticmech:curator-96ae7dffd3	Visomitin	data/antibiotics/antibacterial/visomitin.yaml	WYHFWTRUGAFNKW-UHFFFAOYSA-M	ANTIBACTERIAL	15ee87c8c628a10feb42f838f42a50061e8dd35697e3a798db7f61915f942cd8	0	0	4	2	0	RECORDED_NAME_QUERIES_TRAVERSED_NOT_PRIMARY_REVIEW	False	0	0	0	0			0	0	0			0		OPEN
antibioticmech:curator-9a2e3114cb	Ibipinabant	data/antibiotics/antibacterial/ibipinabant.yaml	AXJQVVLKUYCICH-OAQYLSRUSA-N	ANTIBACTERIAL	a02918c7703f42854d1457bc754f063adb66fa1590d2d75ca514be00baa8ee18	0	0	4	2	0	RECORDED_NAME_QUERIES_TRAVERSED_NOT_PRIMARY_REVIEW	False	0	0	0	0			0	0	0			0		OPEN
antibioticmech:curator-9e16033cea	CDK9-IN-2	data/antibiotics/antibacterial/cdk9-in-2.yaml	XKHXPTSUVPZYDW-UHFFFAOYSA-N	ANTIBACTERIAL	ca1f4b3a32a5cbeedc8a19ab386e2693bb7ced067965b391487ce92fe2deb3ad	0	0	1	1	0	RECORDED_NAME_QUERIES_TRAVERSED_NOT_PRIMARY_REVIEW	False	0	0	0	0			0	0	0			0		OPEN
antibioticmech:curator-a1214aecf9	Genipin	data/antibiotics/antibacterial/genipin.yaml	AZKVWQKMDGGDSV-BCMRRPTOSA-N	ANTIBACTERIAL	d40f85a5ec46f71df086e0b99f321d61395eaedb877a338451bd81eafbbeb6d3	0	0	2	2	0	RECORDED_NAME_QUERIES_TRAVERSED_NOT_PRIMARY_REVIEW	False	0	0	0	0			0	0	0			0		OPEN
antibioticmech:curator-b453af7884	Hispidulin	data/antibiotics/antibacterial/hispidulin.yaml	IHFBPDAQLQOCBX-UHFFFAOYSA-N	ANTIBACTERIAL	fee5ef69c7a6535effc03ddae7059a5a62fc0b155f6f181effed9e6290d5070a	0	0	1	1	0	RECORDED_NAME_QUERIES_TRAVERSED_NOT_PRIMARY_REVIEW	False	0	0	0	0			0	0	0			0		OPEN
antibioticmech:curator-c27816fecf	Vitexin	data/antibiotics/antibacterial/vitexin.yaml	SGEWCQFRYRRZDC-VPRICQMDSA-N	ANTIBACTERIAL	17d510e1ad6938432c01a7a159af96439ebc3c6b510423b6a7aee1212c57d484	0	0	1	1	0	RECORDED_NAME_QUERIES_TRAVERSED_NOT_PRIMARY_REVIEW	False	0	0	0	0			0	0	0			0		OPEN
antibioticmech:curator-c59ef1b1f4	Uliginosin B	data/antibiotics/antibacterial/uliginosin-b.yaml	JJUVIYDZIBWTQA-UHFFFAOYSA-N	ANTIBACTERIAL	22c9443a962ceac97250e7b2309873602fe0477679957100cdbb1b742b6891ea	0	0	1	1	0	RECORDED_NAME_QUERIES_TRAVERSED_NOT_PRIMARY_REVIEW	False	0	0	0	0			0	0	0			0		OPEN
antibioticmech:curator-d33759f162	Cladribine	data/antibiotics/antibacterial/cladribine.yaml	PTOAARAWEBMLNO-KVQBGUIXSA-N	ANTIBACTERIAL	a024d4e03191b0ac456e759527642619e9ee88a55a5f11516cd013c29d111e24	0	0	4	2	0	RECORDED_NAME_QUERIES_TRAVERSED_NOT_PRIMARY_REVIEW	False	0	0	0	0			0	0	0			0		OPEN
antibioticmech:curator-d604421a09	Luteolin	data/antibiotics/antibacterial/luteolin.yaml	IQPNAANSBPBGFQ-UHFFFAOYSA-N	ANTIBACTERIAL	6fe7525ed8e5f9b076e201f7d2b43100f93f487bf017c761ad0439b6a6da7e90	0	0	3	2	1	RECORDED_NAME_QUERIES_TRAVERSED_NOT_PRIMARY_REVIEW	False	0	0	0	0			0	0	0			0		OPEN
antibioticmech:curator-e8d0b1491b	IP-antibiotic 3	data/antibiotics/antibacterial/ip-antibiotic-3.yaml	WHUQFDQKVSTVHC-UHFFFAOYSA-N	ANTIBACTERIAL	e96d752dfc152f36fe7fff989ae778f6f3ae5f716e6e6bad8020716d22275c04	0	0	2	2	0	RECORDED_NAME_QUERIES_TRAVERSED_NOT_PRIMARY_REVIEW	False	0	0	0	0			0	0	0			0		OPEN
antibioticmech:curator-ee3df8bfee	Orientin	data/antibiotics/antibacterial/orientin.yaml	PLAPMLGJVGLZOV-VPRICQMDSA-N	ANTIBACTERIAL	30300e7803460fec5206dc4620cc73b34b2a87cb3c69d5be7fc91bd3541c6987	0	0	1	1	0	RECORDED_NAME_QUERIES_TRAVERSED_NOT_PRIMARY_REVIEW	False	0	0	0	0			0	0	0			0		OPEN
antibioticmech:curator-f8f4ef7fbd	Abaucin	data/antibiotics/antibacterial/abaucin.yaml	HIDWEYPGMLIQSN-UHFFFAOYSA-N	ANTIBACTERIAL	f62b655fc6aaab918a8c16566c4fc24c5cf91c87b11b4fb9420b5bbfd0fde4e3	0	0	4	2	0	RECORDED_NAME_QUERIES_TRAVERSED_NOT_PRIMARY_REVIEW	False	0	0	0	0			0	0	0			0		OPEN
antibioticmech:curator-fb7e3bd3f5	IP-antibiotic 1	data/antibiotics/antibacterial/ip-antibiotic-1.yaml	RSTGMHXUQRABLF-UHFFFAOYSA-N	ANTIBACTERIAL	7ac03ca0e304faf444c4504f7940626e8f247d2c6a421725cdfeba7082173701	0	0	3	2	1	RECORDED_NAME_QUERIES_TRAVERSED_NOT_PRIMARY_REVIEW	False	0	0	0	0			0	0	0			0		OPEN
antibioticmech:curator-fe92479d4c	PBT2	data/antibiotics/antibacterial/pbt2.yaml	YZPOQCQXOSEMAZ-UHFFFAOYSA-N	ANTIBACTERIAL	67ec80cf8b5b601c8a08b1522a0c01f56c4a714f563ee42acfa342081941486b	0	0	3	2	0	RECORDED_NAME_QUERIES_TRAVERSED_NOT_PRIMARY_REVIEW	False	0	0	0	0			0	0	0			0		OPEN
antibioticmech:curator-ff4802fa87	IP-antibiotic 12	data/antibiotics/antibacterial/ip-antibiotic-12.yaml	HXBWMQCIJTVDHU-UHFFFAOYSA-N	ANTIBACTERIAL	da883c162b2e663e6699d1f2438000c204e21838005cea56de8a3ce30e8aff1a	0	0	3	2	0	RECORDED_NAME_QUERIES_TRAVERSED_NOT_PRIMARY_REVIEW	False	0	0	0	0			0	0	0			0		OPEN
