identifier	label	standard_inchi_key	path	record_sha256	research_status	resistance_assertions	score_rules	activity_observations	verified_reference_accessions	lineage_checked_taxids	primary_papers_pending	taxon_label_flags	strain_flags	coordinate_flags
CHEBI:228133	1,2-dodecanediol	ZITKDVFRMRXIJQ-UHFFFAOYSA-N	data/antibiotics/antibacterial/1-2-dodecanediol.yaml	4a47700e02a8a07babaea315e314d8aaa62d41b9dd1df2ab5df808dae9157f97	PENDING_DISCOVERY	0	0	0				0	0	0
CHEBI:69532	1,6-dihydroxy-2-methyl-9,10-anthraquinone	BSKQISPKMLYNTK-UHFFFAOYSA-N	data/antibiotics/antibacterial/1-6-dihydroxy-2-methyl-9-10-anthraquinone.yaml	8b4caf9e039f0c71c2456070ea5e13759c8eb3c1c005a762793035d82b14231b	PENDING_DISCOVERY	0	0	0				0	0	0
CHEBI:615	1-carbapenem-3-carboxylic acid	BSIMZHVOQZIAOY-SCSAIBSYSA-N	data/antibiotics/antibacterial/1-carbapenem-3-carboxylic-acid.yaml	0101f92594422c5a7e9682cf152200be02f07ddb5c0c961192460904418788e6	PENDING_DISCOVERY	0	0	0				0	0	0
CHEBI:74889	1-dodecylguanidine acetate	YIKWKLYQRFRGPM-UHFFFAOYSA-N	data/antibiotics/antibacterial/1-dodecylguanidine-acetate.yaml	ee34c895ea04fa9e16ac979e2a6770e87f9d32df7f314f21d52304130b8505fc	PENDING_DISCOVERY	0	0	0				0	0	0
CHEBI:74880	1-dodecylguanidine	HILAYQUKKYWPJW-UHFFFAOYSA-N	data/antibiotics/antibacterial/1-dodecylguanidine.yaml	fbfb04047c3c297b6c7c6b32d2a2ffd02dc4e26fb2f854daf398f41ccbe279d3	PENDING_DISCOVERY	0	0	0				0	0	0
CHEBI:66042	1-hydroxycrisamicin A	RGOCVNGEBMGCNA-WIDQCZIUSA-N	data/antibiotics/antibacterial/1-hydroxycrisamicin-a.yaml	1e50ea28aa0682b85bc38e862dbb9c92b598427652871715f310ba9fff44c65d	PENDING_DISCOVERY	0	0	0				0	0	0
CHEBI:68380	11α-hydroxyasiatic acid	FFPKNVKIBUBHMY-CCEBUSCFSA-N	data/antibiotics/antibacterial/11α-hydroxyasiatic-acid.yaml	fc4537d1979c12a1b4d62454ce62d21cd53394a94c94306d2aafa85935d91b17	PENDING_DISCOVERY	0	0	0				0	0	0
CHEBI:138224	(13R)-epi-8,13-epoxylabd-14-ene	IGGWKHQYMAJOHK-QVHQYWGISA-N	data/antibiotics/antibacterial/13r-epi-8-13-epoxylabd-14-ene.yaml	8350eaabc6a73c92b3bdd1b9e2dcf60416d0752cbac69e72ca5d39b651d05db6	PENDING_DISCOVERY	0	0	0				0	0	0
CHEBI:66636	14-norpseurotin A	FCGCMRDADMTJIM-LFDIKFNASA-N	data/antibiotics/antibacterial/14-norpseurotin-a.yaml	2d7f62ee2c0a4192f8d3b9e8bb277611727a44fcc6b918a205b53790384b60ae	PENDING_DISCOVERY	0	0	0				0	0	0
CHEBI:46764	1β-methylcarbapenem	YKMONJZIUAOVEM-WDSKDSINSA-N	data/antibiotics/antibacterial/1β-methylcarbapenem.yaml	061731a4c11495635fba01183d2ae37b1ceae7c72d1216d7f1f348ab176a409a	PENDING_DISCOVERY	0	0	0				0	0	0
CHEBI:78857	2,2,3,3-tetrahydroxy-2,3-dihydronaphthalene-1,4-dione	CWHBUPIYFIPPRI-UHFFFAOYSA-N	data/antibiotics/antibacterial/2-2-3-3-tetrahydroxy-2-3-dihydronaphthalene-1-4-dione.yaml	b3343bfc9c3a30061b9403a6829e4a4d15f151946b82f1adbf6ce42e632ad290	PENDING_DISCOVERY	0	0	0				0	0	0
CHEBI:73908	2,4-diamino-6,7-diisopropylpteridine	LIVXWXAMTVJGCO-UHFFFAOYSA-N	data/antibiotics/antibacterial/2-4-diamino-6-7-diisopropylpteridine.yaml	99ff459c30ccceeff78dc0adba89a57cba45630012af292decf09642268f9575	PENDING_DISCOVERY	0	0	0				0	0	0
CHEBI:65777	2',4'-dihydroxy-3'-(2-hydroxy benzyl)-6'-methoxy chalcone	IVKGLRZLTNXWKF-VAWYXSNFSA-N	data/antibiotics/antibacterial/2-4-dihydroxy-3-2-hydroxy-benzyl-6-methoxy-chalcone.yaml	96a1698cdb948d3ab9254e6f8bb290af2ad45109154e3d6bb555d42c6f023021	PENDING_DISCOVERY	0	0	0				0	0	0
CHEBI:155860	2,4-dihydroxy-3-methyl-6-(2-oxopropyl)benzaldehyde	NYFZWIIIOFTTKN-UHFFFAOYSA-N	data/antibiotics/antibacterial/2-4-dihydroxy-3-methyl-6-2-oxopropyl-benzaldehyde.yaml	eb37605ef9873389a71bbaf0a7a812b47f561c80cd6674d5e93089eaa1cdf9e7	PENDING_DISCOVERY	0	0	0				0	0	0
CHEBI:65779	2,5-dihydroxy-3-methanesulfinylbenzyl alcohol	NADRVFUNXRGAII-UHFFFAOYSA-N	data/antibiotics/antibacterial/2-5-dihydroxy-3-methanesulfinylbenzyl-alcohol.yaml	6fe0addef11d117ff7925f144533b27c083fd0920c3094d9cc2c3b1bca0aa315	PENDING_DISCOVERY	0	0	0				0	0	0
CHEBI:28295	2-deoxystreptamine	DTFAJAKTSMLKAT-JDCCYXBGSA-N	data/antibiotics/antibacterial/2-deoxystreptamine.yaml	aeaa6a8669a6a06abf571527488e98906b7dba97383fccb5a5e1293c1557c86a	PENDING_DISCOVERY	0	0	0				0	0	0
CHEBI:75306	2-heptyl-4-hydroxyquinoline	UYRHHBXYXSYGHA-UHFFFAOYSA-N	data/antibiotics/antibacterial/2-heptyl-4-hydroxyquinoline.yaml	3a1ee029ce91ccbd693c5359a2b949894199e9cc3103ed3f8f1edeea96ca2eda	PENDING_DISCOVERY	0	0	0				0	0	0
CHEBI:62219	2-heptyl-4-quinolone	UYRHHBXYXSYGHA-UHFFFAOYSA-N	data/antibiotics/antibacterial/2-heptyl-4-quinolone.yaml	821a5ddb81a01d413df4f447de50280acef38aa07bc9104b37c68ef4caff881f	PENDING_DISCOVERY	0	0	0				0	0	0
CHEBI:66373	2-(methyldithio)pyridine-N-oxide	XKLCDAACRKRTLY-UHFFFAOYSA-N	data/antibiotics/antibacterial/2-methyldithio-pyridine-n-oxide.yaml	d5f535c2ab4f972603b15bfcf9d837ef8813744b5ea11f94d12721072df7eb33	PENDING_DISCOVERY	0	0	0				0	0	0
antibioticmech:aro-ab7143cd24	2'-N-ethylnetilmicin	JWKYPUZBLKYBRK-OXMUXZJXSA-N	data/antibiotics/antibacterial/2-n-ethylnetilmicin.yaml	a75aff955763f884c3d26a22230536f76bf8545279d29dd3f2612800fb08ae97	PENDING_PRIMARY_REVIEW	47	0	0				0	0	0
CHEBI:65995	(2E,6Z)-13-hydroxy-1-(2-hydroxy-5-methoxy-3-methylphenyl)-3,7,11,15-tetramethylhexadeca-2,6,14-triene-5,12-dione	HBKSTRSDLUAESY-PKVUCGNLSA-N	data/antibiotics/antibacterial/2e-6z-13-hydroxy-1-2-hydroxy-5-methoxy-3-methylphenyl-3-7-11-15-tetram.yaml	8aab0c124322f0d57bfcc15e28c0c1cbc576724aea6d57492c59de753e6e3314	PENDING_DISCOVERY	0	0	0				0	0	0
CHEBI:28913	(2E)-hexenal	MBDOYVRWFFCFHM-SNAWJCMRSA-N	data/antibiotics/antibacterial/2e-hexenal.yaml	646f235e5bea760c40b46ae077cb7e477bc7a099a064487e68b3c2b51ac7d9e7	PENDING_DISCOVERY	0	0	0				0	0	0
CHEBI:67474	3-[(1S,2S,6S)-2-{2-[(1S,2R,3R)-2-(3-ethoxy-3-oxopropyl)-3-(2-hydroxypropan-2-yl)-2-methyl-6-methylidenecyclohexyl]ethyl}-1,3-dimethyl-6-(prop-1-en-2-yl)cyclohex-3-en-1-yl]propanoic acid	JYNTZOBOTQIVKY-GIRUYCOHSA-N	data/antibiotics/antibacterial/3-1s-2s-6s-2-2-1s-2r-3r-2-3-ethoxy-3-oxopropyl-3-2-hydroxypropan-2-yl-.yaml	98d53df55f8bc51d2a7751cc9b7cdc9025ca408dac110ca039ea7fd311fa0558	PENDING_DISCOVERY	0	0	0				0	0	0
CHEBI:146138	3,3'-dimethylquercetin	FMEHGPQTMOPUGM-UHFFFAOYSA-N	data/antibiotics/antibacterial/3-3-dimethylquercetin.yaml	4cdc335f961faf6928a448ee101c537b26c3efa0e11984f6e9395144549bdc1f	PENDING_DISCOVERY	0	0	0				0	0	0
CHEBI:66459	3,4-secoisopimara-4(18),7,15-triene-3-oic acid	XQZUWQQUDZZOHA-ZULIPRJHSA-N	data/antibiotics/antibacterial/3-4-secoisopimara-4-18-7-15-triene-3-oic-acid.yaml	d3761ca0b09bef163a55507e6bf56929a46e5a7e839b584c89eda2063d096cd0	PENDING_DISCOVERY	0	0	0				0	0	0
CHEBI:65753	3,5-di-O-acetyl-1-O-[(5β,8α,9β,10α)-18-oxokaur-16-en-18-yl]-β-L-arabinofuranose	NDNXVUYCJZMRRS-ABRNDMKOSA-N	data/antibiotics/antibacterial/3-5-di-o-acetyl-1-o-5β-8α-9β-10α-18-oxokaur-16-en-18-yl-β-l-arabinofur.yaml	6b7a65a7c7c51573d22524f8c730a7dd6472662e98c07f28bbdf61eac355332c	PENDING_DISCOVERY	0	0	0				0	0	0
CHEBI:15649	3,6,9-trihydroxypterocarpan	QMXOFBXZEKTJIK-LSDHHAIUSA-N	data/antibiotics/antibacterial/3-6-9-trihydroxypterocarpan.yaml	db2b404833329d7ed3b41ec5e1256d57e79ba0f6b9e35391b7a2c7fff8159c19	PENDING_DISCOVERY	0	0	0				0	0	0
CHEBI:74727	3,6-diamino-10-methylacridinium chloride.HCl	OEGQPXPIKZELFM-UHFFFAOYSA-N	data/antibiotics/antibacterial/3-6-diamino-10-methylacridinium-chloride-hcl.yaml	847a6710880406e83f7364159f658a88acf35f44d00e07860fe0cd1f69287826	PENDING_DISCOVERY	0	0	0				0	0	0
CHEBI:383703	3,6-diamino-10-methylacridinium chloride	KKAJSJJFBSOMGS-UHFFFAOYSA-N	data/antibiotics/antibacterial/3-6-diamino-10-methylacridinium-chloride.yaml	57365f8e26f3fee2a9cf08ebfcfb04a63f16835018c0ea00a543e7287c429118	PENDING_DISCOVERY	0	0	0				0	0	0
CHEBI:74723	3,6-diaminoacridine dihydrochloride	YHIHFKAEJAVELI-UHFFFAOYSA-N	data/antibiotics/antibacterial/3-6-diaminoacridine-dihydrochloride.yaml	ef5e85075769edcc0102d1e3dfe3a7574b4e2841d27051a089d5b6b9c1f1fc87	PENDING_DISCOVERY	0	0	0				0	0	0
CHEBI:74718	3,6-diaminoacridine monohydrochloride	PBBGTVBGXBUVLT-UHFFFAOYSA-N	data/antibiotics/antibacterial/3-6-diaminoacridine-monohydrochloride.yaml	d280203f929f4279fb70befcfa64ebe9358255106d3ba33623359d1fb828ab4b	PENDING_DISCOVERY	0	0	0				0	0	0
CHEBI:8452	3,6-diaminoacridine	WDVSHHCDHLJJJR-UHFFFAOYSA-N	data/antibiotics/antibacterial/3-6-diaminoacridine.yaml	b9a16e51eabccf6219393a1ac6189afe2598dfba8f8ea8d9ba1c763ffdd6cc34	PENDING_DISCOVERY	0	0	0				0	0	0
CHEBI:63798	3-hydroxy-4-methoxybenzoic acid	LBKFGYZQBSGRHY-UHFFFAOYSA-N	data/antibiotics/antibacterial/3-hydroxy-4-methoxybenzoic-acid.yaml	aca99ecc8af79aa4003310f3453125772f3259a044bee9768307334a9d59ed49	PENDING_DISCOVERY	0	0	0				0	0	0
CHEBI:171656	3-methylarginine	VRWSVIUPXSFVFZ-UHFFFAOYSA-N	data/antibiotics/antibacterial/3-methylarginine.yaml	373b6933abc98528a57ea1af4a1e644445f56cc630bf7f0c0949f3780e6c52b9	PENDING_DISCOVERY	0	0	0				0	0	0
CHEBI:146309	3-methylorsellinic acid	VHNLJRRECIZZPX-UHFFFAOYSA-N	data/antibiotics/antibacterial/3-methylorsellinic-acid.yaml	4f86982ca8fedaf64c18cbd83d43d9a3f79cfc6fadf7b5dd75b028534467c070	PENDING_DISCOVERY	0	0	0				0	0	0
CHEBI:68378	3-O-[β-D-glucopyranosyl]-28-O-[α-L-rhamnopyranosyl-(1→2)-β-D-glucopyranosyl]arjunolic acid	IYMDTUUDLAHXGD-HADMNRPSSA-N	data/antibiotics/antibacterial/3-o-β-d-glucopyranosyl-28-o-α-l-rhamnopyranosyl-12-β-d-glucopyranosyl--68378.yaml	80ec92bb76767eba8470ad72dcbb830d5e8f2ba2996f0f705a68e86275bc9ed8	PENDING_DISCOVERY	0	0	0				0	0	0
CHEBI:68377	3-O-[β-D-glucopyranosyl]-28-O-[α-L-rhamnopyranosyl-(1→2)-β-D-glucopyranosyl]maslinic acid	IKQKYNWOONQHQK-DVSNLDMXSA-N	data/antibiotics/antibacterial/3-o-β-d-glucopyranosyl-28-o-α-l-rhamnopyranosyl-12-β-d-glucopyranosyl-.yaml	57a4410a0cd90e9ac483fd5764118dea6b98647fedd54ff8a790121e95bbf9d0	PENDING_DISCOVERY	0	0	0				0	0	0
CHEBI:143030	3-(phenethylamino)-butan-2-one	WGOUDWYOCIOVMG-UHFFFAOYSA-N	data/antibiotics/antibacterial/3-phenethylamino-butan-2-one.yaml	05aeb9ed670553c30298c47a43fc7759e36c52c3ba0fa496727e8fcfc7b9ccb2	PENDING_DISCOVERY	0	0	0				0	0	0
CHEBI:166657	3-phenylbutyric acid	ZZEWMYILWXCRHZ-UHFFFAOYSA-N	data/antibiotics/antibacterial/3-phenylbutyric-acid.yaml	24af49fac57fc03316f7342073306cafa04b6279634ffeb5b53e6dc0550b3ada	PENDING_DISCOVERY	0	0	0				0	0	0
CHEBI:140434	3-[(Z)-2-isocyanovinyl]indole	JQMYMZZLIOIXEO-SREVYHEPSA-N	data/antibiotics/antibacterial/3-z-2-isocyanovinyl-indole.yaml	77842cb1f39e34f0cdf2e0f36c40d4dfb140c3fed3dea569bc0ecf24c1165b39	PENDING_DISCOVERY	0	0	0				0	0	0
CHEBI:66291	(3Z)-ravenic acid	JJFGJQNWIJPCAN-AJOOJNDDSA-N	data/antibiotics/antibacterial/3z-ravenic-acid.yaml	29bf181c0eea82551f66db662f74d2d8f259f2d261125f61f2b860bcd166e012	PENDING_DISCOVERY	0	0	0				0	0	0
CHEBI:218817	4-[(3,4,5-tribromo-1H-pyrrol-2-yl)methyl]phenol	WFENRQKTALRFAD-UHFFFAOYSA-N	data/antibiotics/antibacterial/4-3-4-5-tribromo-1h-pyrrol-2-yl-methyl-phenol.yaml	c35f32c092b9e9ac74f58e3dd45455216efc1933357870b6c002323f42da9eb9	PENDING_DISCOVERY	0	0	0				0	0	0
CHEBI:144586	4-hydroxy-2-oxobutanal	CUSSNCHZLYDUPJ-UHFFFAOYSA-N	data/antibiotics/antibacterial/4-hydroxy-2-oxobutanal.yaml	3700107476f09e5c227fa15adf2dc305af5fd21c0f765d5dfcc3db141ee01f29	PENDING_DISCOVERY	0	0	0				0	0	0
CHEBI:70080	4-hydroxycordoin	SFXYAAFUXNWNQF-BJMVGYQFSA-N	data/antibiotics/antibacterial/4-hydroxycordoin.yaml	b778f626b48c678a7150907a97fc50d4b85a46b62292104784512c1c23392c3f	PENDING_DISCOVERY	0	0	0				0	0	0
CHEBI:78884	4-terpineol	WRYLYDPHFGVWKC-UHFFFAOYSA-N	data/antibiotics/antibacterial/4-terpineol.yaml	b03b335ddf15c7a39edf238d87d4f1fe143903878c926a710a9d8a4da96937eb	PENDING_DISCOVERY	0	0	0				0	0	0
CHEBI:28126	5,6,7-trimethoxycoumarin	FOBNRKTURPWTQX-UHFFFAOYSA-N	data/antibiotics/antibacterial/5-6-7-trimethoxycoumarin.yaml	d29e73ba0811a24609da2cea285bedae3915e2a8630e40940fd25592e3c14cc3	PENDING_DISCOVERY	0	0	0				0	0	0
CHEBI:66263	5,7,4'-trihydroxy-6,8-diprenylisoflavone	UCHYSPNEUSDFQR-UHFFFAOYSA-N	data/antibiotics/antibacterial/5-7-4-trihydroxy-6-8-diprenylisoflavone.yaml	43135b2cc1c9258d0193c6b4c9f44aa83f166b86a80f98e91b7aef8ac8376ef4	PENDING_DISCOVERY	0	0	0				0	0	0
CHEBI:65524	5-bromo-8-methoxy-1-methyl-β-carboline	OVNRKQHNHZRXHF-UHFFFAOYSA-N	data/antibiotics/antibacterial/5-bromo-8-methoxy-1-methyl-β-carboline.yaml	af1af5a277c719338cd0af3309b1934f244df1b27f3959a9146b6d8771eeb807	PENDING_DISCOVERY	0	0	0				0	0	0
CHEBI:74460	5-chloro-7-iodoquinolin-8-ol	QCDFBFJGMNKBDO-UHFFFAOYSA-N	data/antibiotics/antibacterial/5-chloro-7-iodoquinolin-8-ol.yaml	18887f77a26548822defcee1cc7c5662ac5b330a4f76fa645be4adb7cf2a4a2b	PENDING_DISCOVERY	0	0	0				0	0	0
antibioticmech:aro-3b4e0b6d96	5-episisomicin	URWAJWIAIPFPJE-VHLNBGGKSA-N	data/antibiotics/antibacterial/5-episisomicin.yaml	d2b76fc859864adea480e25885b26d7a12d21220dc2dd01fa5ae49c2d68853db	PENDING_PRIMARY_REVIEW	42	0	0				0	0	0
CHEBI:66040	5-hydroxy-7,2',4',5'-tetramethoxyflavone	JZIWGWPCBNNLJD-UHFFFAOYSA-N	data/antibiotics/antibacterial/5-hydroxy-7-2-4-5-tetramethoxyflavone.yaml	3a139eab029d571b68ba00e720e805112b5e36a9ef6473591fd8f946cf445a89	PENDING_DISCOVERY	0	0	0				0	0	0
antibioticmech:curator-9412b5ca77	5-indanol	PEHSSTUGJUBZBI-UHFFFAOYSA-N	data/antibiotics/antibacterial/5-indanol.yaml	02dfb2ef76084a0a5bc42b0c86777974a7715099f6c56e5704d6d662620d96b6	PENDING_DISCOVERY	0	0	0				0	0	0
CHEBI:28281	5-methoxyindole-3-acetic acid	COCNDHOPIHDTHK-UHFFFAOYSA-N	data/antibiotics/antibacterial/5-methoxyindole-3-acetic-acid.yaml	5f5b82ae5435d385db626d37a051a2f9d30395cda08d1112228c724f60949bda	PENDING_DISCOVERY	0	0	0				0	0	0
CHEBI:77011	5-O-mycaminosyltylonolide	WGUJDBLMJBJUQU-VKRLOHBMSA-N	data/antibiotics/antibacterial/5-o-mycaminosyltylonolide.yaml	624462f572512a470d13e420afe73b5cd4966ce6dd01e0f984b8a92891bcdc17	PENDING_DISCOVERY	0	0	0				0	0	0
CHEBI:67558	5E-7-oxozeaenol	NEQZWEXWOFPKOT-ULSULSEOSA-N	data/antibiotics/antibacterial/5e-7-oxozeaenol.yaml	6866486b2e0a694b3bb350e47f240951b7018ae08d150dc2d3a20b93ef0d0607	PENDING_DISCOVERY	0	0	0				0	0	0
CHEBI:67559	5Z-7-oxozeaenol	NEQZWEXWOFPKOT-BYRRXHGESA-N	data/antibiotics/antibacterial/5z-7-oxozeaenol.yaml	4fae214ca5b074f8d7c598a0d76c165e7d989a6a9b6cc20ce4f83035e8c52100	PENDING_DISCOVERY	0	0	0				0	0	0
CHEBI:228296	5α-cholesta-24-en-3β,20β-diol-23-one	JLSGWGFUNKKVBT-FMDNSJKISA-N	data/antibiotics/antibacterial/5α-cholesta-24-en-3β-20β-diol-23-one.yaml	929bc029ffafacb40df6536a3b86a1a979da914e2c299ada905b8271c335c778	PENDING_DISCOVERY	0	0	0				0	0	0
CHEBI:228298	5α-cholesta-9(11)-en-3β, 20β-diol	DUSFFQDZSBTFKK-RSGHYBKVSA-N	data/antibiotics/antibacterial/5α-cholesta-9-11-en-3β-20β-diol.yaml	34c5072f6bea56aa3995101f764274d78a7684be643290e1c7449e6f842c9946	PENDING_DISCOVERY	0	0	0				0	0	0
CHEBI:2156	6,8-diprenylnaringenin	HCNLDGTUMBOHKT-NRFANRHFSA-N	data/antibiotics/antibacterial/6-8-diprenylnaringenin.yaml	bd96f127a23934a715bf19acbdba40e9bd761b22076ab41b1f97e01492639641	PENDING_DISCOVERY	0	0	0				0	0	0
CHEBI:138889	6-diazo-5-oxo-L-norleucine	YCWQAMGASJSUIP-YFKPBYRVSA-N	data/antibiotics/antibacterial/6-diazo-5-oxo-l-norleucine.yaml	86549f6726579091ff33f182ad4040cefa7d6e3782f0a179958a3e43138a2cc8	PENDING_DISCOVERY	0	0	0				0	0	0
CHEBI:195240	6-methoxy-2-benzoxazolinone	MKMCJLMBVKHUMS-UHFFFAOYSA-N	data/antibiotics/antibacterial/6-methoxy-2-benzoxazolinone.yaml	42388a568a1b3772d0dd20d9657218f67bbb82c1d0d8c142a2464590d3745028	PENDING_DISCOVERY	0	0	0				0	0	0
antibioticmech:aro-e4e652725f	6'-N-ethylnetilmicin	RZXCDENQJDMFQY-OLUUFXIRSA-N	data/antibiotics/antibacterial/6-n-ethylnetilmicin.yaml	12b0e7a968e0476c33edd98091bfb0509fcd9ff52edd9b49530810eb73623a0f	PENDING_PRIMARY_REVIEW	13	0	0				0	0	0
CHEBI:87124	6-tuliposide B	FMHJNIRDGYFPEC-CHICSPHLSA-N	data/antibiotics/antibacterial/6-tuliposide-b.yaml	0a47b225d62eb607c56731cc7dcc8a31c544a393d2cabfc97cfa432b94a39f1d	PENDING_DISCOVERY	0	0	0				0	0	0
CHEBI:66662	6α-malonyloxymanoyl oxide	JZRGFUZJIZSKTF-ALFLKXBZSA-N	data/antibiotics/antibacterial/6α-malonyloxymanoyl-oxide.yaml	af9af215cb57b36189ae45b0ef90395dbe72358f430d1c700d4ace0967f82562	PENDING_DISCOVERY	0	0	0				0	0	0
CHEBI:65752	6β,16β-diacetoxy-25-hydroxy-3,7-dioxy-29-nordammara-1,17(20)-dien-21-oic acid	WLRJWQXWJBEULT-GAZAAFLYSA-N	data/antibiotics/antibacterial/6β-16β-diacetoxy-25-hydroxy-3-7-dioxy-29-nordammara-1-17-20-dien-21-oi.yaml	3057893d7d2d27847d55e8220b02eccd265a0508447d42df149d6c758d40e6fc	PENDING_DISCOVERY	0	0	0				0	0	0
CHEBI:77581	7-(3-aminopyrrolidin-1-yl)-1-(2,4-difluorophenyl)-6-fluoro-4-oxo-1,4-dihydro-1,8-naphthyridine-3-carboxylic acid	WUWFMDMBOJLQIV-UHFFFAOYSA-N	data/antibiotics/antibacterial/7-3-aminopyrrolidin-1-yl-1-2-4-difluorophenyl-6-fluoro-4-oxo-1-4-dihyd.yaml	fa071db0402e3735a0ba57046455995ae8668519bd33c16d48b91289d22e15de	PENDING_DISCOVERY	0	0	0				0	0	0
CHEBI:77845	7-aminocholesterol	WLHQSAYHIOPMMJ-UOQFGJKXSA-N	data/antibiotics/antibacterial/7-aminocholesterol.yaml	fc08d67dc41965726f624cc5c1c0db11aaabf0881fd9a786e4944559e4ee96a5	PENDING_DISCOVERY	0	0	0				0	0	0
CHEBI:65850	7-epiclusianone	LTDDHUQIMJCFPX-DZMJNENTSA-N	data/antibiotics/antibacterial/7-epiclusianone.yaml	dd47b85297e97c4ffbc19eb0fd5be7a00b744c3a1b09ec4f964f3f0d7c9fd7f4	PENDING_DISCOVERY	0	0	0				0	0	0
CHEBI:66030	7-hydroxy-5-hydroxymethyl-2H-benzo[1,4]thiazin-3-one	CZXYFHNORNVRJZ-UHFFFAOYSA-N	data/antibiotics/antibacterial/7-hydroxy-5-hydroxymethyl-2h-benzo-1-4-thiazin-3-one.yaml	a9059ad040133b9b4dfbe5c08ee0a13b04d6f3c548cb03cc74a71e49bc8b47cd	PENDING_DISCOVERY	0	0	0				0	0	0
CHEBI:85269	9-fluoro-5-methyl-1-oxo-6,7-dihydro-1H,5H-pyrido[3,2,1-ij]quinoline-2-carboxylic acid	DPSPPJIUMHPXMA-UHFFFAOYSA-N	data/antibiotics/antibacterial/9-fluoro-5-methyl-1-oxo-6-7-dihydro-1h-5h-pyrido-3-2-1-ij-quinoline-2-.yaml	31743b93ac53e8183571cfdef81cce209fa1bce9cf7e595f4cea21c8f404d6b4	PENDING_DISCOVERY	0	0	0				0	0	0
CHEBI:65768	(9Z,12Z,15Z)-octadeca-9,12,15-trien-6-ynoic acid	UXMMIMGEKFYPFK-PDBXOOCHSA-N	data/antibiotics/antibacterial/9z-12z-15z-octadeca-9-12-15-trien-6-ynoic-acid.yaml	0113ae68ee0640a2d055129b0dc5e145da9264f7d1eea82c950e1738970172d2	PENDING_DISCOVERY	0	0	0				0	0	0
CHEBI:77474	(9Z,12Z,15Z)-octadecatrien-1-ol	IKYKEVDKGZYRMQ-PDBXOOCHSA-N	data/antibiotics/antibacterial/9z-12z-15z-octadecatrien-1-ol.yaml	e2e01fb080da4f59d0530dbcd6eeff9b871088e42c77aab04b30a80a3e23c7ca	PENDING_DISCOVERY	0	0	0				0	0	0
antibioticmech:aro-e83eaf8a8a	A201A	HELPZWNRUYNCJQ-QWJSOBSRSA-N	data/antibiotics/antibacterial/a201a.yaml	4d808505e3b03371f099d9ea90fd3e7cefb37556438d84a253b30a9f130d9320	PENDING_PRIMARY_REVIEW	3	0	0				0	0	0
CHEBI:29505	A47934	HRGFAEUWEMDRRZ-RIZHWKQXSA-N	data/antibiotics/antibacterial/a47934.yaml	da60ffacfff0b233bf5e565315a48185cf2761e5b14697d35247a88845699a3b	PENDING_DISCOVERY	0	0	0				0	0	0
antibioticmech:curator-f8f4ef7fbd	Abaucin	HIDWEYPGMLIQSN-UHFFFAOYSA-N	data/antibiotics/antibacterial/abaucin.yaml	f62b655fc6aaab918a8c16566c4fc24c5cf91c87b11b4fb9420b5bbfd0fde4e3	PENDING_DISCOVERY	0	0	0				0	0	0
CHEBI:132853	acteoside	FBSKJMQYURKNSU-ZLSOWSIRSA-N	data/antibiotics/antibacterial/acteoside.yaml	5365ffcaeb9ff3a31748112f1c1c00c88e14b5342c139bebeafe2a2f1d1bdcb8	PENDING_DISCOVERY	0	0	0				0	0	0
CHEBI:2444	actinodaphnine	VYJUHRAQPIBWNV-LBPRGKRZSA-N	data/antibiotics/antibacterial/actinodaphnine.yaml	1ed5a9ad1ead2272b68fcd33d164ba74d02671b3af8e2f3f18e447230172e940	PENDING_DISCOVERY	0	0	0				0	0	0
CHEBI:27666	actinomycin D	RJURFGZVJUQBHK-IIXSONLDSA-N	data/antibiotics/antibacterial/actinomycin-d.yaml	977305fb760acc98fb3ab6a74e7b57d12e50ee936bd974800f642f688034951d	PENDING_DISCOVERY	0	0	0				0	0	0
antibioticmech:curator-8edc5e6516	AFN-1252	QXTWSUQCXCWEHF-JXMROGBWSA-N	data/antibiotics/antibacterial/afn-1252.yaml	a8a0801f12c3b7cb4de8e649746e22b42563182db24e939461c5885f75943efb	PENDING_DISCOVERY	0	0	0				0	0	0
CHEBI:80790	afzelin	SOSLMHZOJATCCP-AEIZVZFYSA-N	data/antibiotics/antibacterial/afzelin.yaml	6503c6d001d4390e09e0d04a62790ca183edfbad0a69886fed60c0b65f2c62b0	PENDING_DISCOVERY	0	0	0				0	0	0
antibioticmech:aro-34c0642a61	albicidin	NZSWNNDHPOTJNH-VEJILBAHSA-N	data/antibiotics/antibacterial/albicidin.yaml	7943a642afbcd79e8fbaa61b0fb07b09ef04b5e3171722773e6bf344162132e5	PENDING_DISCOVERY	0	0	0				0	0	0
CHEBI:83206	albomycin δ1	KKRRFZFRCNSVCL-DFBZBFILSA-N	data/antibiotics/antibacterial/albomycin-δ1.yaml	c620b5405352241591bb9c7d589d5f61523a098e7d992e8527aafe0acc755374	PENDING_DISCOVERY	0	0	0				0	0	0
CHEBI:83215	albomycin δ2	RQZRKFJHRUDTLB-IDJYBIRTSA-N	data/antibiotics/antibacterial/albomycin-δ2.yaml	d069099c4b398ae761d7927d60f5accd55eed2286c6da8a905b51ccb70be2d6e	PENDING_DISCOVERY	0	0	0				0	0	0
CHEBI:83217	albomycin ε	VQCJCCMAGPCDIK-DFBZBFILSA-N	data/antibiotics/antibacterial/albomycin-ε.yaml	6b79d47a7b76b88f6a763290fda2c869cd1965cf393c017fb65ea55cd2b55d64	PENDING_DISCOVERY	0	0	0				0	0	0
CHEBI:53661	alexidine	LFVVNPBBFUSSHL-UHFFFAOYSA-N	data/antibiotics/antibacterial/alexidine.yaml	7b80fa7268d282722532a962a280c0a4b15ff686a7913cd309e13664ea712e31	PENDING_DISCOVERY	0	0	0				0	0	0
CHEBI:28411	allicin	JDLKFOPOAOFWQN-UHFFFAOYSA-N	data/antibiotics/antibacterial/allicin.yaml	38b6ad70e3fd238938af4ecb2d8b8907be17ead58c208248eebe716c28abd2e9	PENDING_DISCOVERY	0	0	0				0	0	0
CHEBI:16605	allyl alcohol	XXROGKLTLUQVRX-UHFFFAOYSA-N	data/antibiotics/antibacterial/allyl-alcohol.yaml	0cfa7ac6bedf901e2573b6c8e7f00a54a9eb4150b24135edd7bbf67695a9fcd1	PENDING_DISCOVERY	0	0	0				0	0	0
CHEBI:157683	althiomycin	VQQNQKXWJMRPHT-GMLCBOFYSA-N	data/antibiotics/antibacterial/althiomycin.yaml	ddf3e901ea11204b5e50988c2eea55539a81c0fe2eb57f4d176bbd748735c0f4	PENDING_DISCOVERY	0	0	2				0	0	0
CHEBI:65400	ambiguine H	DBOXZAYTFKDLHJ-CSOFANMDSA-N	data/antibiotics/antibacterial/ambiguine-h.yaml	10bb8d8809faa5f0258d20869d244312c68b59648dd9c57d164abe4cea13872e	PENDING_DISCOVERY	0	0	0				0	0	0
CHEBI:65401	ambiguine I	RVIIZRJMWFSNER-LJCLWVHTSA-N	data/antibiotics/antibacterial/ambiguine-i.yaml	1e1d77b1b1800751600376d57e7d79485f53c62d3540e2e2cde650900ae063d3	PENDING_DISCOVERY	0	0	0				0	0	0
CHEBI:2638	amikacin disulfate	FXKSEJFHKVNEFI-GCZBSULCSA-N	data/antibiotics/antibacterial/amikacin-disulfate.yaml	3458a3d2048547fc106420cad4ff665913a2e3e3c7a96705b562a49904a4bd00	PENDING_DISCOVERY	0	0	0				0	0	0
CHEBI:2637	amikacin	LKCWBDHBTVXHDL-RMDFUYIESA-N	data/antibiotics/antibacterial/amikacin.yaml	8391a6c8efb2240012e1800d45ca715f729218336c3f5c976c5e8747ee3be930	PENDING_PRIMARY_REVIEW	102	0	294				0	0	0
CHEBI:51254	amoxicillin trihydrate	MQXQVCLAUDMCEF-CWLIKTDRSA-N	data/antibiotics/antibacterial/amoxicillin-trihydrate.yaml	28b3713545f1329fdcd4597ff6b4d6b4f10af299fe7ab337feeb9b7749c28133	PENDING_DISCOVERY	0	0	0				0	0	0
CHEBI:2676	amoxicillin	LSQZJLSUYDQPKJ-NJBDSQKTSA-N	data/antibiotics/antibacterial/amoxicillin.yaml	1b0c83e57bdf4638c6b39f98f2f498527d2608cd330df324c3367530d4ec5447	PENDING_PRIMARY_REVIEW	31	0	0				0	0	0
CHEBI:28971	ampicillin	AVKUERGKIZMTKX-NJBDSQKTSA-N	data/antibiotics/antibacterial/ampicillin.yaml	3983eac47db2f393481b546bb5ab5579a11c7c25da07b0c541a5a608d1a7f5cf	PENDING_PRIMARY_REVIEW	37	0	21				0	0	0
antibioticmech:aro-b0e6c47827	amythiamicin A	BAGBLRBLZUISAJ-UHFFFAOYSA-N	data/antibiotics/antibacterial/amythiamicin-a.yaml	4b3c2df060903d7c21c37e6a0ccd56e417418f538451abd6f60e71ce2bb2141e	PENDING_DISCOVERY	0	0	0				0	0	0
CHEBI:2696	anacardic acid	ADFWQBGTDJIESE-UHFFFAOYSA-N	data/antibiotics/antibacterial/anacardic-acid.yaml	12659a95f910b2a54403fc10be0c615be28bb2dba480e6b389784bc089edca73	PENDING_DISCOVERY	0	0	0				0	0	0
CHEBI:40699	anthramycin	VGQOVCHZGQWAOI-YQRHFANHSA-N	data/antibiotics/antibacterial/anthramycin.yaml	0da2aea8a256c31bf7be066f896ba5ca792c62d59219c61dee8621ea195d50c1	PENDING_DISCOVERY	0	0	0				0	0	0
antibioticmech:aro-59d21b914e	antibiotic A40926	VZDDQLYACFXSQP-KBQMXOHMSA-N	data/antibiotics/antibacterial/antibiotic-a40926.yaml	79f4f6afd312ace34c53e7e828db2de1eb91a0a7fa47da3fe7f3c32c7bd53c4f	PENDING_DISCOVERY	0	0	0				0	0	0
CHEBI:77722	apigenin 7-O-β-D-glucoside(1−)	KMOUJOKENFFTPU-QNDFHXLGSA-M	data/antibiotics/antibacterial/apigenin-7-o-β-d-glucoside-1.yaml	f0156be38875f84f22b7193dee1d60feb17681b233ca9bf40c17bc4bd99a5925	PENDING_DISCOVERY	0	0	0				0	0	0
CHEBI:16778	apigenin 7-O-β-D-glucoside	KMOUJOKENFFTPU-QNDFHXLGSA-N	data/antibiotics/antibacterial/apigenin-7-o-β-d-glucoside.yaml	3edb94e83eeeb73933d204f09d60cca034042a866d7af2250b4d8d61a52ffe00	PENDING_DISCOVERY	0	0	0				0	0	0
CHEBI:32617	(+)-aplasmomycin	GEIYDRPAWIMINR-ZDKANEFWSA-N	data/antibiotics/antibacterial/aplasmomycin.yaml	c1dc6478412df0672ea8737b75d18bd86dfd9eed90204f656c244378f41e8fa6	PENDING_DISCOVERY	0	0	0				0	0	0
CHEBI:2790	apramycin	XZNUGFQTQHRASN-XQENGBIVSA-N	data/antibiotics/antibacterial/apramycin.yaml	9726a8ba05b9f2ed644bc1853000b6d1f09cb5501f38248527da73e7a84d287e	PENDING_PRIMARY_REVIEW	3	0	0				0	0	0
CHEBI:83685	arasertaconazole	JLGKQTAYUIMGRK-IBGZPJMESA-N	data/antibiotics/antibacterial/arasertaconazole.yaml	4852617fc7d28f4803c097a1bccb50a02e52412e25ae65b9a3482958ad00fe94	PENDING_DISCOVERY	0	0	0				0	0	0
CHEBI:37922	arbekacin	MKKYBZZTJQGVCD-XTCKQBCOSA-N	data/antibiotics/antibacterial/arbekacin.yaml	82e2ca6542db3e7db78632465b48c436e4b9a53030e09186a19605c3382d1483	PENDING_PRIMARY_REVIEW	9	0	0				0	0	0
antibioticmech:aro-de2f58b0cc	arborcandin C	AHATVKJRQUTSJV-UHFFFAOYSA-N	data/antibiotics/antibacterial/arborcandin-c.yaml	6b854e87a5d833a14691ffdc54b1df9b96bbb82a66da1adf64c74b67ad08332a	PENDING_DISCOVERY	0	0	0				0	0	0
CHEBI:68381	arjunolic acid	RWNHLTKFBKYDOJ-DDHMHSPCSA-N	data/antibiotics/antibacterial/arjunolic-acid.yaml	028c44e91cd6b7f3bc8a8677054bb0372194dafc35d10913761342fc65b2d676	PENDING_DISCOVERY	0	0	0				0	0	0
antibioticmech:aro-d03e1e5b82	arsinothricin	CXTQPLOKUBDLTK-UHFFFAOYSA-N	data/antibiotics/antibacterial/arsinothricin.yaml	ccf4decde707e4e83b4e9ee44ada45d87a11413df7b70159252cbd86fa7cd3e1	PENDING_DISCOVERY	0	0	0				0	0	0
CHEBI:9016	arsphenamine	VLAXZGHHBIJLAD-UHFFFAOYSA-N	data/antibiotics/antibacterial/arsphenamine.yaml	f8002e3542aafcf0d81d84e6291e2c6f993cd82991c6fec226c4d43b36c8354e	PENDING_DISCOVERY	0	0	0				0	0	0
CHEBI:68859	arugosin B	WKCOWVOAMWLTDQ-UHFFFAOYSA-N	data/antibiotics/antibacterial/arugosin-b.yaml	93d71d88f05a728f997a2d18cfa6b93476df30a9862bd27b7040088553431352	PENDING_DISCOVERY	0	0	0				0	0	0
antibioticmech:aro-0cf530b2c3	arylomycin	HGWCKYGOWQEYSJ-JBWZRHCTSA-N	data/antibiotics/antibacterial/arylomycin.yaml	20d1ed9434c496bbf6f1413bb1c60c1f16396f75deea360254d6bfa0c23116de	PENDING_DISCOVERY	0	0	0				0	0	0
CHEBI:156386	asperlactone	VMLNPJDEXLLCQG-DGCAKLBHSA-N	data/antibiotics/antibacterial/asperlactone.yaml	dde6c178322465a9e5cadf12abcbc7b9fadfe33d93614e5c5ccdff985158ef9e	PENDING_DISCOVERY	0	0	0				0	0	0
CHEBI:65454	asphodelin A-4'-O-β-glucoside	OEZWCAHAQBRTTP-FKRBRYKNSA-N	data/antibiotics/antibacterial/asphodelin-a-4-o-β-glucoside.yaml	6935e85c72cd820e802334caa1c81bd510e2982223a013c329c317571f51e65a	PENDING_DISCOVERY	0	0	0				0	0	0
CHEBI:65453	asphodelin A	OZOZCKVLUMXFGS-UHFFFAOYSA-N	data/antibiotics/antibacterial/asphodelin-a.yaml	67f0dee00efb9d6817b8d0cac3bce35a626fb54568570f0fee5452a5bc8f5647	PENDING_DISCOVERY	0	0	0				0	0	0
CHEBI:31240	aspoxicillin	BHELIUBJHYAEDK-OAIUPTLZSA-N	data/antibiotics/antibacterial/aspoxicillin.yaml	a998c11d5a47691d8a873f9d20848e3965aa77f137ca9df77e2259668e0c5398	PENDING_DISCOVERY	0	0	0				0	0	0
CHEBI:156387	aspyrone	RCAULRNMJFUWRP-HETMPLHPSA-N	data/antibiotics/antibacterial/aspyrone.yaml	0df7272cffbdc0dfbf8b627af9ada8429d3055e641037c224e3edfc80db4cf65	PENDING_DISCOVERY	0	0	0				0	0	0
CHEBI:37923	astromicin	BIDUPMYXGFNAEJ-APGVDKLISA-N	data/antibiotics/antibacterial/astromicin.yaml	07bf64d31a9f2c30408c77507f1ae6bb2e2aebac24c1044dfaf042b693f6d145	PENDING_PRIMARY_REVIEW	6	0	0				0	0	0
CHEBI:73481	asukamycin	SSHVAUUEPNULMP-JHWDTTIQSA-N	data/antibiotics/antibacterial/asukamycin.yaml	9b1fec6c876b2691fa3c2dca915d2ffbc35bce3c50ee570dbe074ce2b0c300a1	PENDING_DISCOVERY	0	0	0				0	0	0
CHEBI:149660	atromentin	FKQQKMGWCJGUCS-UHFFFAOYSA-N	data/antibiotics/antibacterial/atromentin.yaml	3d761c22e4124e84ea5cf658543fac8371e9fafa3aa31051c867c9d11906d3a0	PENDING_DISCOVERY	0	0	0				0	0	0
CHEBI:90924	aurachin A	ZEUIHPOXFICJIT-ZVWRMSPBSA-N	data/antibiotics/antibacterial/aurachin-a.yaml	36d53d8e1149943ffb5673b1e67604687539be0393185177186aac7973125f1f	PENDING_DISCOVERY	0	0	0				0	0	0
CHEBI:90888	aurachin C	FIHXCHBEHLCXEG-YEFHWUCQSA-N	data/antibiotics/antibacterial/aurachin-c.yaml	8cc17cd6d784fd11974fe3967834abce75a990dae7ba577308078d09875d0a05	PENDING_DISCOVERY	0	0	0				0	0	0
CHEBI:65458	aureoquinone	REESKGYZXCEZKQ-UHFFFAOYSA-N	data/antibiotics/antibacterial/aureoquinone.yaml	7756229eb3d393c0e6ed7da9d0d27fe8301752e59295a48a30905dd3a36d65ea	PENDING_DISCOVERY	0	0	0				0	0	0
CHEBI:80024	aureothin	GQKXCBCSVYJUMI-WACKOAQBSA-N	data/antibiotics/antibacterial/aureothin.yaml	e0e17fb43a4b981b03e3939d183cee513644db8d9544fa2a13c6dab26f589a09	PENDING_DISCOVERY	0	0	0				0	0	0
CHEBI:156452	aureothricin	UGZYFXMSMFMTSM-UHFFFAOYSA-N	data/antibiotics/antibacterial/aureothricin.yaml	03e5951ad48f132dc2bf2137f29d19a45ee24beb11932d66e8a143c4fe329d36	PENDING_DISCOVERY	0	0	0				0	0	0
antibioticmech:aro-5086cca2e7	aurodox	NTAHMPNXQOYXSX-WKSONYIQSA-N	data/antibiotics/antibacterial/aurodox.yaml	de92dd5cf18ec2fdb1422a12fd180a1368ff0205d9e15e7c79091791e45f5614	PENDING_DISCOVERY	0	0	0				0	0	0
CHEBI:85982	avibactam sodium	RTCIKUMODPANKX-JBUOLDKXSA-M	data/antibiotics/antibacterial/avibactam-sodium.yaml	424722c58971a9eca868bc104ddf30ed29887ba6c7987609c1f9833d98fb2873	PENDING_DISCOVERY	0	0	0				0	0	0
CHEBI:85984	avibactam	NDCUAPJVLWFHHB-UHNVWZDZSA-N	data/antibiotics/antibacterial/avibactam.yaml	164a039a46cad879bd7fd0d7c75aaafe6cd3dcb3abd8aea066511bc7c114e90c	PENDING_DISCOVERY	0	0	0				0	0	0
antibioticmech:aro-e3f7a82f17	avilamycin	XIRGHRXBGGPPKY-OTPQUNEMSA-N	data/antibiotics/antibacterial/avilamycin.yaml	59b401b17929c6a27a33d78bd9f6a14ff98019247e3229883fa18e75b7022a76	PENDING_DISCOVERY	0	0	0				0	0	0
antibioticmech:aro-9aee56c696	avoparcin	OTKPPUXRIADSGD-PPRNARJGSA-N	data/antibiotics/antibacterial/avoparcin.yaml	91d5799f39c21f2a86ab8329b9418795862333a50cce4d000889030be788e329	PENDING_DISCOVERY	0	0	0				0	0	0
antibioticmech:aro-bf7dc59121	azalomycin F	UVUPYXTUQSCQRV-PEKXHOPKSA-N	data/antibiotics/antibacterial/azalomycin-f.yaml	44332090b3ce65a0a7274d39b7a900e91641a4c9ab053e71f58db70648d33f5a	PENDING_DISCOVERY	0	0	0				0	0	0
antibioticmech:aro-148ae939a4	azamulin	FMHQJXGMLMSMLC-WBUYAQKGSA-N	data/antibiotics/antibacterial/azamulin.yaml	793ab04ccade1f247c059605c80c7d23e7d089380807bb157ccb8db1fc4ad5fb	PENDING_DISCOVERY	0	0	0				0	0	0
CHEBI:135238	azidamfenicol	SGRUZFCHLOFYHZ-MWLCHTKSSA-N	data/antibiotics/antibacterial/azidamfenicol.yaml	75617cbdd690d915e9b4996dadcb8b413ac2becee017147d992bc49407e4965c	PENDING_PRIMARY_REVIEW	24	0	0				0	0	0
CHEBI:51758	azidocillin	ODFHGIPNGIAMDK-NJBDSQKTSA-N	data/antibiotics/antibacterial/azidocillin.yaml	a0ac1f0b1c4b237c3d84857797e514987ed313aad04c3638a51b463ecec06f64	PENDING_DISCOVERY	0	0	0				0	0	0
CHEBI:2955	azithromycin	MQTOSJVFKKJCRP-BICOPXKESA-N	data/antibiotics/antibacterial/azithromycin.yaml	4b52c1720423a2814b1b59cf2eb0364c8326e8137cde5cf772189957954c28a1	PENDING_PRIMARY_REVIEW	54	0	2				0	0	0
CHEBI:2956	azlocillin	JTWOMNBEOCYFNV-NFFDBFGFSA-N	data/antibiotics/antibacterial/azlocillin.yaml	0a729df3ec839d74bcbd263ece254773a59f89656bb971a7542db63c5d944ccd	PENDING_DISCOVERY	0	0	0				0	0	0
CHEBI:161680	aztreonam	WZPBZJONDBGPKJ-VEHQQRBSSA-N	data/antibiotics/antibacterial/aztreonam.yaml	a9aff230bf5f40d45a5d722c477996d8d74127dde47cfa46eeb3af3246c237a4	PENDING_PRIMARY_REVIEW	7	0	26				0	0	0
CHEBI:71623	bacillaene	KDQMRYTZELJKOB-MAHROAIDSA-N	data/antibiotics/antibacterial/bacillaene.yaml	cd15382f7f9c69f950c8ac7c486db4cca83f822a525000f76fd3c77fa0302b47	PENDING_DISCOVERY	0	0	0				0	0	0
CHEBI:71621	bacilysocin	DIGHTWUQPWHBPG-UHFFFAOYSA-N	data/antibiotics/antibacterial/bacilysocin.yaml	c6c929acb8bc2d50c2b97188b7835154250bc43ea737478b144103b3849e9f63	PENDING_DISCOVERY	0	0	0				0	0	0
CHEBI:35862	bacitracin A	CLKOFPXJLQSYAH-ABRJDSQDSA-N	data/antibiotics/antibacterial/bacitracin-a.yaml	dc0b5c4a28b2a88e16d5e89f1e6d3961e01689f802ecc76bb9b36c1833f0afcf	PENDING_PRIMARY_REVIEW	4	0	0				0	0	0
antibioticmech:aro-d2b8d66d15	bacitracin B	CDTJNKFURPZXMS-LRBSCOJMSA-N	data/antibiotics/antibacterial/bacitracin-b.yaml	c393649a7602a5f0b6989d556e115d4e173bcf20cf6c85b57443c568f9624759	PENDING_PRIMARY_REVIEW	4	0	0				0	0	0
antibioticmech:aro-fb45bd17a5	bacitracin F	FCLQHQCOKGKLHR-UHFFFAOYSA-N	data/antibiotics/antibacterial/bacitracin-f.yaml	98e6c754bed73cc961ebf84fdc370a7b827da49336d96c4c0a18c2cd1f0057b1	PENDING_PRIMARY_REVIEW	4	0	0				0	0	0
antibioticmech:aro-736d7660a3	bacitracin	NKULICGUDKGGRL-FCHFGNCGSA-L	data/antibiotics/antibacterial/bacitracin.yaml	98ca1845650cf0ef7cb9369819fd3e7d1eb08a2c618a88013e50430e92517e05	PENDING_PRIMARY_REVIEW	1	0	0				0	0	0
CHEBI:2979	baicalein	FXNFHKRTJBSTCS-UHFFFAOYSA-N	data/antibiotics/antibacterial/baicalein.yaml	9a8c7747bb6b360ba5aeec7330ef0509843b1616935a35ef34d7b649c5192d52	PENDING_DISCOVERY	0	0	0				0	0	0
CHEBI:2981	baicalin	IKIIZLYTISPENI-ZFORQUDYSA-N	data/antibiotics/antibacterial/baicalin.yaml	cd808a2f60db15f4f75238cec324dc73406dd954a5282997a412de3badc95478	PENDING_DISCOVERY	0	0	0				0	0	0
antibioticmech:aro-ae576e4688	BAL30072	KLFSEZJCLYBFKQ-WXYNYTDUSA-N	data/antibiotics/antibacterial/bal30072.yaml	80118dbcea35633133e8ec4256cdadf9da3291cb31aadf03c4a78a74d6536e84	PENDING_PRIMARY_REVIEW	2	0	0				0	0	0
antibioticmech:aro-7abbaadfab	balhimycin	WKNFBFHAYANQHF-QNSRRSNQSA-N	data/antibiotics/antibacterial/balhimycin.yaml	80bf1977e857ab54ff305fe835c24d685c4d967fdeb5227051604f1df9f94b82	PENDING_DISCOVERY	0	0	0				0	0	0
CHEBI:34553	Balofloxacin	MGQLHRYJBWGORO-LLVKDONJSA-N	data/antibiotics/antibacterial/balofloxacin.yaml	71be2cd53322bc7f853d901a5430f8c3c0d6579393528b4fda2fc654db914e97	PENDING_PRIMARY_REVIEW	1	0	0				0	0	0
antibioticmech:aro-e9c8697a8e	battacin	GFRZMEVTBQRIMT-NUWCLZTQSA-N	data/antibiotics/antibacterial/battacin.yaml	fc46eb550e926bda4d7c78dbb11165628de292bc8362e2727fd43c7f61ea20e7	PENDING_DISCOVERY	0	0	0				0	0	0
CHEBI:176500	BAY11-7085	VHKZGNPOHPFPER-ONNFQVAWSA-N	data/antibiotics/antibacterial/bay11-7085.yaml	0a54b6d87c91ada184c29ef4697eb93fbbf233fc0088f6b36a2259ff6547dc47	PENDING_DISCOVERY	0	0	0				0	0	0
CHEBI:65474	BE-24566B	MDUGEFRGUDVHQH-UHFFFAOYSA-N	data/antibiotics/antibacterial/be-24566b.yaml	ec6871311f64bc123e27c5d5f3b7e503bd0b081e057509b3e8a82a9792d14b8a	PENDING_DISCOVERY	0	0	0				0	0	0
antibioticmech:aro-34500a4f2b	benzalkonium chloride	VVZBFOKBSDGVGZ-UHFFFAOYSA-N	data/antibiotics/antibacterial/benzalkonium-chloride.yaml	e9cdb974aa0f3a97f483d45704f3d644efc718d73c7e0ef0e03158cb7b04bb88	PENDING_PRIMARY_REVIEW	6	0	0				0	0	0
CHEBI:31264	benzethonium chloride	UREZNYTWGJKWBI-UHFFFAOYSA-M	data/antibiotics/antibacterial/benzethonium-chloride.yaml	fa22a5e79dde7e9f25f28473635c0f7418ea1f994696f46414c9d02adac41e87	PENDING_DISCOVERY	0	0	0				0	0	0
CHEBI:17484	benzyl isothiocyanate	MDKCFLQDBWCQCV-UHFFFAOYSA-N	data/antibiotics/antibacterial/benzyl-isothiocyanate.yaml	e1ee8f383aaa6ab7a37a35d12cd27114efd6207a1deab6fea971350f6ae216db	PENDING_DISCOVERY	0	0	0				0	0	0
CHEBI:18208	benzylpenicillin	JGSARLDLIJGVTE-MBNYWOFBSA-N	data/antibiotics/antibacterial/benzylpenicillin.yaml	f1ff4843aba6b5b3ab935eeb17487097fe1ee20cafc719a5198d5a1c6f76c9ab	PENDING_PRIMARY_REVIEW	10	0	0				0	0	0
CHEBI:3089	biapenem	MRMBZHPJVKCOMA-YJFSRANCSA-N	data/antibiotics/antibacterial/biapenem.yaml	69f0cb71be6a546e3f89b89bf612fb0b67b2235f49aac56c281e3b24475b7682	PENDING_DISCOVERY	0	0	0				0	0	0
CHEBI:60584	bicozamycin	WOUDXEYYJPOSNE-VKZDFBPFSA-N	data/antibiotics/antibacterial/bicozamycin.yaml	aa6ce10000ee05029720aa3dc5daa5152379c27e7206f8726cc1f158dd34de10	PENDING_PRIMARY_REVIEW	1	0	0				0	0	0
CHEBI:3096	bikaverin	ZOQMSOSJEWBMHP-UHFFFAOYSA-N	data/antibiotics/antibacterial/bikaverin.yaml	996dd1d9219e4d01e904f721392f1cc21748ac2107eba8ddc76034a7ed4e25bb	PENDING_DISCOVERY	0	0	0				0	0	0
CHEBI:3139	bleomycin A2	OYVAGSVQBOHSSS-UAPAGMARSA-O	data/antibiotics/antibacterial/bleomycin-a2.yaml	7dd23a3564f14841a288b1909dacb8c3ca4d71e3fc2e4646649d5799a3895e8f	PENDING_PRIMARY_REVIEW	1	0	0				0	0	0
antibioticmech:aro-e05426a76f	bleomycin B2	NBLHOLNNKJBEDC-XOGQCRKLSA-N	data/antibiotics/antibacterial/bleomycin-b2.yaml	185323f2c34804324d93369a2ec9b7eb2f9ce6d803c34ae1344d46650798eda1	PENDING_PRIMARY_REVIEW	1	0	0				0	0	0
antibioticmech:aro-1504589de3	bleomycin	OYVAGSVQBOHSSS-WXFSZRTFSA-O	data/antibiotics/antibacterial/bleomycin.yaml	10ef3fa62ac97558b5fedb630d47cd461b6b132e409e9c26dd05683bcc9b205f	PENDING_PRIMARY_REVIEW	1	0	0				0	0	0
antibioticmech:aro-3cfb065f35	bleomycinic acid	MRNLLBXPSWMYCK-UHFFFAOYSA-N	data/antibiotics/antibacterial/bleomycinic-acid.yaml	b77a918c22c47384e2ae5a8ff753b53a24cbde2dbab89a3801ba8008dd3e2908	PENDING_PRIMARY_REVIEW	1	0	0				0	0	0
CHEBI:77880	boromycin	OOBFYEMEQCZLJL-IIWQOWOFSA-O	data/antibiotics/antibacterial/boromycin.yaml	c6488f75ce90f8784fe015d28b9e23295efd265fb26aba3163347a32d59af3ba	PENDING_DISCOVERY	0	0	0				0	0	0
CHEBI:65516	brasiliquinone A	GMELFDQPUZSJEE-XHBGPGOOSA-N	data/antibiotics/antibacterial/brasiliquinone-a.yaml	524ff8348effd46d784304c77a22be9fe31fcaca79dd6b940f646a2ac300187d	PENDING_DISCOVERY	0	0	0				0	0	0
CHEBI:65517	brasiliquinone B	YXEPHAVILJDRHK-VIFPVBQESA-N	data/antibiotics/antibacterial/brasiliquinone-b.yaml	d64eaaec990487964f500c6c6be4459002b639612014fdbbf52a4fb9741d1069	PENDING_DISCOVERY	0	0	0				0	0	0
CHEBI:65518	brasiliquinone C	JCMDNBJXOUWFMR-JTQLQIEISA-N	data/antibiotics/antibacterial/brasiliquinone-c.yaml	57441f0de00a01043ff6375aabca0a8813f06084a58ba95c86a340b717bf8842	PENDING_DISCOVERY	0	0	0				0	0	0
CHEBI:69196	brazilein	MLWIYODOURBGPI-MRXNPFEDSA-N	data/antibiotics/antibacterial/brazilein.yaml	189b6de90448886118eaae9444ce842d1537257e2df6f981c70ba90875dbb4e9	PENDING_DISCOVERY	0	0	0				0	0	0
CHEBI:3170	brazilin	UWHUTZOCTZJUKC-JKSUJKDBSA-N	data/antibiotics/antibacterial/brazilin.yaml	c528a3654a5d3c8ed24f09e594cd602d3543ffa1280fd2f00adb9c23e174ae28	PENDING_DISCOVERY	0	0	0				0	0	0
CHEBI:48080	brefeldin A	KQNZDYYTLMIZCT-KQPMLPITSA-N	data/antibiotics/antibacterial/brefeldin-a.yaml	8aef32b0a72d4f901dac6c4d105e7ae069f3c811839a5074472855f00ad16bb0	PENDING_PRIMARY_REVIEW	1	0	0	UniProtKB:Q5A4G2	NCBITaxon:5476	DOI:10.1128/aac.00555-13|PMID:23629718	0	0	0
CHEBI:88176	brilliant green cation	HXCILVUBKWANLN-UHFFFAOYSA-N	data/antibiotics/antibacterial/brilliant-green-cation.yaml	3d6ea28ca1a52877d62b6441031a7ce24a73dad09171982550cae186f30da579	PENDING_DISCOVERY	0	0	0				0	0	0
CHEBI:88173	brilliant green	NNBFNNNWANBMTI-UHFFFAOYSA-M	data/antibiotics/antibacterial/brilliant-green.yaml	0b88cab59c411f1991db53cdeebea8cc72bef6004c2b35519d7198c7b30b869a	PENDING_DISCOVERY	0	0	0				0	0	0
CHEBI:131726	brodimoprim	BFCRRLMMHNLSCP-UHFFFAOYSA-N	data/antibiotics/antibacterial/brodimoprim.yaml	15fa626417d0d4e543f08704ad5fe00841fb4fecf65baca06ec278d2235f22e3	PENDING_DISCOVERY	0	0	0				0	0	0
CHEBI:144087	bromodeoxytopsentin	RMAWSNVDVKZXDX-UHFFFAOYSA-N	data/antibiotics/antibacterial/bromodeoxytopsentin.yaml	91b79cd17a12412cb1058a5f8e771445b9a072137da815d220423a095e43af50	PENDING_DISCOVERY	0	0	0				0	0	0
CHEBI:65525	bromophycolide A	SKIHYPQTROYIIT-VHXXJFIISA-N	data/antibiotics/antibacterial/bromophycolide-a.yaml	605b31fe8092599154925439ee397351313c3f611f2b6f294a7e645980320861	PENDING_DISCOVERY	0	0	0				0	0	0
antibioticmech:aro-63094b52cf	butirosin	XEQLFNPSYWZPOW-NUOYRARPSA-N	data/antibiotics/antibacterial/butirosin.yaml	79f34cec214113009f070e7d1433f4e15b7c9a274549ff9958cf442f2105fb09	PENDING_PRIMARY_REVIEW	7	0	0				0	0	0
CHEBI:152570	butremycin	IJOMIIDEKGZJJF-KSCHHOEWSA-N	data/antibiotics/antibacterial/butremycin.yaml	aeac906ae943bba8cd55c8a943f9ca494c5b41702229a1605b570e633550d308	PENDING_DISCOVERY	0	0	0				0	0	0
antibioticmech:aro-07e4fbc49d	cadaside A	HKTPJHSXELPTFT-UBMKZYSCSA-N	data/antibiotics/antibacterial/cadaside-a.yaml	729d1a60d24f91c2da5f10204c1812bc80c7bb69dd2dc7f28e68154c550f84fd	PENDING_DISCOVERY	0	0	0				0	0	0
antibioticmech:aro-36682fe25f	cadaside B	BCKHSEAEFWMDKN-JBUYWEPMSA-N	data/antibiotics/antibacterial/cadaside-b.yaml	978038810a6866697c60ed88a473af24cd06cd6a48d398aabb407929e18da2dc	PENDING_DISCOVERY	0	0	0				0	0	0
CHEBI:3305	calcimycin	HIYAVKIYRIFSCZ-CVXKHCKVSA-N	data/antibiotics/antibacterial/calcimycin.yaml	f73791bca0d53cc4f2bb1c036eeccb879be15c8536169b423230baa042944aa9	PENDING_DISCOVERY	0	0	0				0	0	0
CHEBI:65557	callophycoic acid A	UWOQPCLHJDMFFV-FXSXARLRSA-N	data/antibiotics/antibacterial/callophycoic-acid-a.yaml	b605a4b4ceda9f248a94b269d06cadd4c652648287ceeebeb93ce4115a0bd8c7	PENDING_DISCOVERY	0	0	0				0	0	0
CHEBI:65558	callophycoic acid B	QVXPDENFBGGWAY-FXSXARLRSA-N	data/antibiotics/antibacterial/callophycoic-acid-b.yaml	254cd8dbc6f05cc8eb5f5c3e6ed2fda4e458f62b3c9683cf273f1bc4cab13390	PENDING_DISCOVERY	0	0	0				0	0	0
CHEBI:65559	callophycoic acid C	HKJSNLGQALZKKO-KXSKSBKOSA-N	data/antibiotics/antibacterial/callophycoic-acid-c.yaml	a94a2f85e2be902267898ba1c36ff4137f0b58c56c39f4ad16f98b4e7d5d528a	PENDING_DISCOVERY	0	0	0				0	0	0
CHEBI:65560	callophycoic acid D	JTJHSEFMUWUYLU-KXSKSBKOSA-N	data/antibiotics/antibacterial/callophycoic-acid-d.yaml	cf15703410c1e9e0882483a2bd4f93aebd0814a6584ee75c0415cf1d5626204b	PENDING_DISCOVERY	0	0	0				0	0	0
CHEBI:65561	callophycoic acid E	PSYSMHVCBGMCIW-FBHGCBBZSA-N	data/antibiotics/antibacterial/callophycoic-acid-e.yaml	9f4ed2a7c99d2c98f924abc034143f2d1070dbff536caec00a8c737b63ae8215	PENDING_DISCOVERY	0	0	0				0	0	0
CHEBI:65562	callophycoic acid F	URXNJUNXUWLMAY-KZVLYIKRSA-N	data/antibiotics/antibacterial/callophycoic-acid-f.yaml	79df2557b2612db41d475ef98485580a660c39b7edbef7f74e0a7f3b89f7a277	PENDING_DISCOVERY	0	0	0				0	0	0
CHEBI:65563	callophycoic acid G	QCSKWFANIUTEHG-KDIQAUPYSA-N	data/antibiotics/antibacterial/callophycoic-acid-g.yaml	41ea2908fa1c1d4ed5e117e94730b00aac0c40030383dbbe872fac910113ebdf	PENDING_DISCOVERY	0	0	0				0	0	0
CHEBI:65564	callophycoic acid H	JGBUIUFDBKKZNT-WBNSUDINSA-N	data/antibiotics/antibacterial/callophycoic-acid-h.yaml	314b445408c2c8ecc6f00816206be9852622025aa39b7ee3115fe4b0fc075dd0	PENDING_DISCOVERY	0	0	0				0	0	0
CHEBI:65565	callophycol A	RWUQIKIJRXVZFL-ZSCBFHBVSA-N	data/antibiotics/antibacterial/callophycol-a.yaml	40872e597d99e601ede61ed4fb30d6f4a15f8efca91f987383eee13e8257ed5c	PENDING_DISCOVERY	0	0	0				0	0	0
CHEBI:65566	callophycol B	NFMVWIXBGOEENC-VJCWLMRASA-N	data/antibiotics/antibacterial/callophycol-b.yaml	f690820b77fedf3f281f8c8b307d59a8f61ff8826afd80ff9b16e171533c24a1	PENDING_DISCOVERY	0	0	0				0	0	0
CHEBI:65570	caminoside A	XTQWRNIJLVUYJY-ZFMPSFEPSA-N	data/antibiotics/antibacterial/caminoside-a.yaml	68c2b782fa323b1dab383cdd880150809a76f64b70dfeefc919e245ac576518f	PENDING_DISCOVERY	0	0	0				0	0	0
CHEBI:167557	cannabichromenic acid	HRHJHXJQMNWQTF-UHFFFAOYSA-N	data/antibiotics/antibacterial/cannabichromenic-acid.yaml	62d104135edc11feb61bbc9692355667e1b0acfc74e2a8f0b9715911ff468721	PENDING_DISCOVERY	0	0	0				0	0	0
CHEBI:69477	cannabigerol	QXACEHWTBCFNSA-SFQUDFHCSA-N	data/antibiotics/antibacterial/cannabigerol.yaml	ef502ffcd8ff30c91a54a5eb5ccf3e897a90f9b8854180a9a4ec20457a62932d	PENDING_DISCOVERY	0	0	0				0	0	0
CHEBI:234469	cannabinolic acid	KXKOBIRSQLNUPS-UHFFFAOYSA-N	data/antibiotics/antibacterial/cannabinolic-acid.yaml	0b0849ad37c04033aec196736c70a749465e4ab11a15ae0cfe3abd32547e0719	PENDING_DISCOVERY	0	0	0				0	0	0
CHEBI:132345	canophyllal	ONRNCDHSZVITNY-TWWFCBCGSA-N	data/antibiotics/antibacterial/canophyllal.yaml	de65d3b3c4ebcea977daedfa45c03a7a5c12aafe8cd738deb4e35d0b069ae17f	PENDING_DISCOVERY	0	0	0				0	0	0
antibioticmech:aro-cd72e61879	caprazamycin	IDKBSYZJTHLMLI-IUKJTPATSA-N	data/antibiotics/antibacterial/caprazamycin.yaml	f5a85233ab057fdcb0a71c31522bc8c8dbc8c3cc20226216f52836ada50a94e4	PENDING_DISCOVERY	0	0	0				0	0	0
CHEBI:58998	carbapenem MM22383	PRPNUZWHFGSGRV-RZFSBTTISA-N	data/antibiotics/antibacterial/carbapenem-mm22383.yaml	3c0b85acfcb1a1443e9f529cad99e63b77d48c3da6d8c7585ade8fe101ae217f	PENDING_DISCOVERY	0	0	0				0	0	0
CHEBI:46765	carbapenem	YZBQHRLRFGPBSL-RXMQYKEDSA-N	data/antibiotics/antibacterial/carbapenem.yaml	10b9f7ccae19c8241ebda35e14188a29d22f231d745a8eed3bbb0ace5e65e1cb	PENDING_DISCOVERY	0	0	0				0	0	0
CHEBI:3393	carbenicillin	FPPNZSSZRUTDAP-UWFZAAFLSA-N	data/antibiotics/antibacterial/carbenicillin.yaml	7426826434cd0b44e86b4ab46436e3c4ddc3e88ce06e506a145f2fc70f17f1c6	PENDING_PRIMARY_REVIEW	4	0	0				0	0	0
antibioticmech:aro-27630f7c54	carbomycin	FQVHOULQCKDUCY-OGHXVOSASA-N	data/antibiotics/antibacterial/carbomycin.yaml	3c307b032507595363924a312954a8a70c669217bd9696ac6fe382a0e5bc3fe4	PENDING_PRIMARY_REVIEW	5	0	0				0	0	0
antibioticmech:aro-340d45af79	carrimycin	PNMQDIDLWTXQLZ-RZELCZIWSA-N	data/antibiotics/antibacterial/carrimycin.yaml	f4c138735d6b7570a3bd3289cbc9ad991a687bc28200b5ddce9999e2ca2d9bcb	PENDING_DISCOVERY	0	0	0				0	0	0
CHEBI:55486	carumonam	UIMOJFJSJSIGLV-JNHMLNOCSA-N	data/antibiotics/antibacterial/carumonam.yaml	018713dc2a5a67936cd209b77a46e1d068f1f1825feccef20739199241f92619	PENDING_DISCOVERY	0	0	0				0	0	0
CHEBI:3259	CCCP	UGTJLJZQQFGTJD-UHFFFAOYSA-N	data/antibiotics/antibacterial/cccp.yaml	378ca21287b7b61283bf9f6b34c45c561708711b508c846ab6abd3c0dc0d3612	PENDING_DISCOVERY	0	0	0				0	0	0
antibioticmech:curator-9e16033cea	CDK9-IN-2	XKHXPTSUVPZYDW-UHFFFAOYSA-N	data/antibiotics/antibacterial/cdk9-in-2.yaml	ca1f4b3a32a5cbeedc8a19ab386e2693bb7ced067965b391487ce92fe2deb3ad	PENDING_DISCOVERY	0	0	0				0	0	0
CHEBI:135437	cefacetrile	RRYMAQUWDLIUPV-BXKDBHETSA-N	data/antibiotics/antibacterial/cefacetrile.yaml	514e2cd81f93de5ee0ea77126952a566ec2b55db6c177f3c865478127050f96d	PENDING_DISCOVERY	0	0	0				0	0	0
CHEBI:3478	cefaclor	QYIYFLOTGYLRGG-GPCCPHFNSA-N	data/antibiotics/antibacterial/cefaclor.yaml	806709a1379c048ed055c8c442d20fe2784b22e245f46aa9054f7104bab1905b	PENDING_PRIMARY_REVIEW	1	0	0				0	0	0
CHEBI:3479	cefadroxil	BOEGTKLJZSQCCD-UEKVPHQBSA-N	data/antibiotics/antibacterial/cefadroxil.yaml	746f7c941f357b9f4715b2e0d86e06ca811fdda4307517ede283d5b52419274d	PENDING_DISCOVERY	0	0	0				0	0	0
CHEBI:192380	cefaloram	GOFCPYKUMJBHBH-RHSMWYFYSA-N	data/antibiotics/antibacterial/cefaloram.yaml	9d873bbb84a2038e42d48703d3f539d0fcc68be8c1fe1cd6896735ebe025516d	PENDING_DISCOVERY	0	0	0				0	0	0
CHEBI:3537	cefaloridine	CZTQZXZIADLWOZ-CRAIPNDOSA-N	data/antibiotics/antibacterial/cefaloridine.yaml	34996a247c5cb65c00254881db34658fe0572a419c5f4648baccd1b776e3a027	PENDING_PRIMARY_REVIEW	4	0	0				0	0	0
CHEBI:124991	cefalotin	XIURVHNZVLADCM-IUODEOHRSA-N	data/antibiotics/antibacterial/cefalotin.yaml	d3bcac46436b8e693f0d1ec4dbb584e733f11e37714468818058aeb8274cc028	PENDING_PRIMARY_REVIEW	27	0	0				0	0	0
CHEBI:3481	cefamandole nafate	ICZOIXFFVKYXOM-YCLOEFEOSA-M	data/antibiotics/antibacterial/cefamandole-nafate.yaml	d72e8d7ffb6420855022d072ddeab56c53470f05111023be00a9a4b7747a2003	PENDING_DISCOVERY	0	0	0				0	0	0
CHEBI:34614	cefamandole sodium	OJMNTWPPFNMOCJ-CFOLLTDRSA-M	data/antibiotics/antibacterial/cefamandole-sodium.yaml	fdf7209c55c29c4ad78ef194d9d9e455692545c13f22cb18cc754a5936af6f0c	PENDING_DISCOVERY	0	0	0				0	0	0
CHEBI:3480	cefamandole	OLVCFLKTBJRLHI-AXAPSJFSSA-N	data/antibiotics/antibacterial/cefamandole.yaml	b45ae328f38ed0d8d09cbc64eb4364e0ab115efe4cba7a5910d8786e4ad979de	PENDING_PRIMARY_REVIEW	1	0	0				0	0	0
CHEBI:131730	cefatrizine	UOCJDOLVGGIYIQ-PBFPGSCMSA-N	data/antibiotics/antibacterial/cefatrizine.yaml	332f8140d98f53756ff426a63e19514db5c390c32c385427d8bf8607ec032073	PENDING_DISCOVERY	0	0	0				0	0	0
CHEBI:131731	cefazedone	VTLCNEGVSVJLDN-MLGOLLRUSA-N	data/antibiotics/antibacterial/cefazedone.yaml	8ff10d1583f43d947ad15e844fb75909af7960e8956ce3034d8445b48077c85d	PENDING_DISCOVERY	0	0	0				0	0	0
CHEBI:474053	cefazolin	MLYYVTUWGNIJIB-BXKDBHETSA-N	data/antibiotics/antibacterial/cefazolin.yaml	f9e6d4e80b1da1e778b143d089248545ff33c884ed534ee2626b87e8dc41debc	PENDING_PRIMARY_REVIEW	13	0	7				0	0	0
CHEBI:135856	cefbuperazone	SMSRCGPDNDCXFR-CYWZMYCQSA-N	data/antibiotics/antibacterial/cefbuperazone.yaml	a8ef2bbcccd1389faba7a8fc25056633d821061b0badbc1b57a2902032dba211	PENDING_DISCOVERY	0	0	0				0	0	0
CHEBI:131729	cefcapene	HJJRIJDTIPFROI-NVKITGPLSA-N	data/antibiotics/antibacterial/cefcapene.yaml	d0217c4bd46cdbb04ec6a5b1d3a6932456836b198a779cbadbd36c34e51762c4	PENDING_DISCOVERY	0	0	0				0	0	0
CHEBI:140109	cefdaloxime	HOGISBSFFHDTRM-GHXIOONMSA-N	data/antibiotics/antibacterial/cefdaloxime.yaml	c1d2ba14ca3ec98383a2f70ef2e5922e8aa91d92c71fe0334b6348865016f007	PENDING_DISCOVERY	0	0	0				0	0	0
CHEBI:3485	cefdinir	RTXOFQZKPXMALH-GHXIOONMSA-N	data/antibiotics/antibacterial/cefdinir.yaml	66e4f6adc52ab29270876031784aee8aa6f1d1cebf36e8a493373029d03f5113	PENDING_PRIMARY_REVIEW	1	0	0				0	0	0
CHEBI:560555	cefditoren pivoxil	AFZFFLVORLEPPO-UVYJNCLZSA-N	data/antibiotics/antibacterial/cefditoren-pivoxil.yaml	762dce34ed5d77e82dafc0506a5f1dd52aff827de843ec1a479b0261d8ab50b6	PENDING_DISCOVERY	0	0	0				0	0	0
CHEBI:59343	cefditoren	KMIPKYQIOVAHOP-YLGJWRNMSA-N	data/antibiotics/antibacterial/cefditoren.yaml	a37758eb9fbffbf1ca9f48ba78bfcddddcff8ce1302a6a0ffa9b29d7c9f38a0d	PENDING_PRIMARY_REVIEW	1	0	0				0	0	0
CHEBI:31368	cefepime hydrochloride	LRAJHPGSGBRUJN-OMIVUECESA-N	data/antibiotics/antibacterial/cefepime-hydrochloride.yaml	d1a42ca57f8cae97ecc0be64e326ad9ed73fa65b83aed4b238c4210e1c50e552	PENDING_DISCOVERY	0	0	0				0	0	0
CHEBI:478164	cefepime	HVFLCNVBZFFHBT-ZKDACBOMSA-N	data/antibiotics/antibacterial/cefepime.yaml	1b7e6c555e89446b8881dd47f4dff3cee02c5f7f5c374b694bf605d816c6c992	PENDING_PRIMARY_REVIEW	13	0	31				0	0	0
CHEBI:135629	cefetamet	MQLRYUCJDNBWMV-GHXIOONMSA-N	data/antibiotics/antibacterial/cefetamet.yaml	ac7b9f5d1ca3a7d8f769f3917f2173619c828408fdd00f84bbd8e9149aaddce8	PENDING_DISCOVERY	0	0	0				0	0	0
CHEBI:140376	cefiderocol	DBPPRLRVDVJOCL-FQRUVTKNSA-N	data/antibiotics/antibacterial/cefiderocol.yaml	2aa500eeb7a570a41a8c2f7fddfa7c085ce0726a641085613a769d5a200fdfbb	PENDING_DISCOVERY	0	0	10				0	0	0
CHEBI:472657	cefixime	OKBVVJOGVLARMR-QSWIMTSFSA-N	data/antibiotics/antibacterial/cefixime.yaml	0be56f6fce4ec99446caae688cd3410272edd3fb4a5b3b196f0ca9d766724837	PENDING_PRIMARY_REVIEW	8	0	2				0	0	0
CHEBI:55490	cefmenoxime	HJJDBAOLQAWBMH-YCRCPZNHSA-N	data/antibiotics/antibacterial/cefmenoxime.yaml	072f3d93eb496531b7a284ba0ddb506ef7ec4d635d640f7e4713fb0ecd016662	PENDING_DISCOVERY	0	0	0				0	0	0
CHEBI:3489	cefmetazole	SNBUBQHDYVFSQF-HIFRSBDPSA-N	data/antibiotics/antibacterial/cefmetazole.yaml	ab836462b6fbf26d8f77941ee996d12dff92a3833389b20107a772b073b2ea2c	PENDING_PRIMARY_REVIEW	1	0	0				0	0	0
CHEBI:135817	cefminox	JSDXOWVAHXDYCU-VXSYNFHWSA-N	data/antibiotics/antibacterial/cefminox.yaml	ddf9cfe751730dc3b16caa1807a5494b0f7125afa7f2d0f1f56348322ef35e1b	PENDING_DISCOVERY	0	0	0				0	0	0
CHEBI:63214	cefodizime	XDZKBRJLTGRPSS-BGZQYGJUSA-N	data/antibiotics/antibacterial/cefodizime.yaml	998567380ebbbc4aa7fda4764b1b30abca6398e47ec4f8370b744578de56645a	PENDING_DISCOVERY	0	0	0				0	0	0
CHEBI:3491	cefonicid	DYAIAHUQIPBDIP-AXAPSJFSSA-N	data/antibiotics/antibacterial/cefonicid.yaml	ad6fa9afda48d502bf8abfa8aefd987165e7542e1ed69a7e8c74f862d09cb5ac	PENDING_DISCOVERY	0	0	0				0	0	0
CHEBI:3493	cefoperazone	GCFBRXLSHGKWDP-XCGNWRKASA-N	data/antibiotics/antibacterial/cefoperazone.yaml	9e3eab3f05a17efd263847b6ec7543395bd4adf6ba44e3c08ef214fad8440778	PENDING_DISCOVERY	0	0	0				0	0	0
CHEBI:3495	ceforanide	SLAYUXIURFNXPG-CRAIPNDOSA-N	data/antibiotics/antibacterial/ceforanide.yaml	58f0f5597703822f4eb8a6d2301ae338682c2431d8982b4f9d8f865f3f3e7eb7	PENDING_DISCOVERY	0	0	0				0	0	0
CHEBI:204928	cefotaxime	GPRBEKHLDVQUJE-QSWIMTSFSA-N	data/antibiotics/antibacterial/cefotaxime.yaml	6c6123a1ec4ce59dc566a304b64b13efdc188ed01479c4fb2487633b5fc128b5	PENDING_PRIMARY_REVIEW	20	0	19				0	0	0
CHEBI:34617	cefotetan disodium	ZQQALMSFFARWPK-GLHLDKNHSA-L	data/antibiotics/antibacterial/cefotetan-disodium.yaml	26a28d6f74420538832a7d477ea066a7c610564e582864ac4bf1b444641da72a	PENDING_DISCOVERY	0	0	0				0	0	0
CHEBI:3499	cefotetan	SRZNHPXWXCNNDU-IXOPCIAXSA-N	data/antibiotics/antibacterial/cefotetan.yaml	3c3fd7ba6faf4216bed7e571338be03b2e7d07da54586a2371b1c70481854e95	PENDING_PRIMARY_REVIEW	2	0	0				0	0	0
CHEBI:31374	cefotiam dihydrochloride	BWRRTAXZCKVRON-DGPOFWGLSA-N	data/antibiotics/antibacterial/cefotiam-dihydrochloride.yaml	8b8faf5bb17340b6712a60b02e7488178c7c03decec549b593f6a71746f9d0dc	PENDING_DISCOVERY	0	0	0				0	0	0
CHEBI:31373	cefotiam hexetil dihydrochloride	FFSANQNELHESQJ-LWBICVDYSA-N	data/antibiotics/antibacterial/cefotiam-hexetil-dihydrochloride.yaml	7505e76cb8cd6cbb91862f6d9fb3f6c1d1627bb98b0889acd41424d93b9b085a	PENDING_DISCOVERY	0	0	0				0	0	0
CHEBI:355510	cefotiam	QYQDKDWGWDOFFU-IUODEOHRSA-N	data/antibiotics/antibacterial/cefotiam.yaml	9f2dd3fc32485faa595d9e90cd17a530b633502396ffff69a19b8f131413a060	PENDING_DISCOVERY	0	0	0				0	0	0
antibioticmech:aro-c73757ed91	cefovecin	ZJGQFXVQDVCVOK-QFKLAVHZSA-N	data/antibiotics/antibacterial/cefovecin.yaml	1a9d21184e216fe11d5206f7af421f4f15577de1e1e9ef5d4b1c7d93b2641d53	PENDING_DISCOVERY	0	0	0				0	0	0
CHEBI:209807	cefoxitin	WZOZEZRFJCJXNZ-ZBFHGGJFSA-N	data/antibiotics/antibacterial/cefoxitin.yaml	f965fea71486b27fc14a56e1a6b69260ef241712114fd55c9f621b68dd1bbc84	PENDING_PRIMARY_REVIEW	23	0	20				0	0	0
CHEBI:3502	cefozopran	QDUIJCOKQCCXQY-WHJQOFBOSA-N	data/antibiotics/antibacterial/cefozopran.yaml	8e2ac0736a79bd0f5d83d487c6c4ecf6c7f323f1a2102fb11a211ccb10242fa1	PENDING_DISCOVERY	0	0	0				0	0	0
CHEBI:59213	cefpiramide	PWAUCHMQEXVFJR-PMAPCBKXSA-N	data/antibiotics/antibacterial/cefpiramide.yaml	805f738eb84ae4ca52ea189c4629545e1b08aa5962b955262dad83fb009371db	PENDING_DISCOVERY	0	0	0				0	0	0
CHEBI:3503	cefpirome	DKOQGJHPHLTOJR-WHRDSVKCSA-N	data/antibiotics/antibacterial/cefpirome.yaml	3b1380a7084ed7473372af6fb56014c2e642063d4f7179a47a0a44f167e0b4ed	PENDING_PRIMARY_REVIEW	2	0	0				0	0	0
CHEBI:3505	cefpodoxime proxetil	LTINZAODLRIQIX-FBXRGJNPSA-N	data/antibiotics/antibacterial/cefpodoxime-proxetil.yaml	2f72300339c7a0cd8f8873823821017306c0413f23aee41ebab72972fa063670	PENDING_DISCOVERY	0	0	0				0	0	0
CHEBI:3504	cefpodoxime	WYUSVOMTXWRGEK-HBWVYFAYSA-N	data/antibiotics/antibacterial/cefpodoxime.yaml	0b4fc5aebf18e302c15da363d203c881f01df98f6c0ec1bfd5ccebd5e5d87332	PENDING_DISCOVERY	0	0	0				0	0	0
CHEBI:3506	cefprozil	WDLWHQDACQUCJR-PBFPGSCMSA-N	data/antibiotics/antibacterial/cefprozil.yaml	cad990b21bf7d40548ed557514b2d8a29a1dd085095a746fe4e5c64624cb6202	PENDING_DISCOVERY	0	0	0				0	0	0
antibioticmech:aro-ac9a833c42	cefquinome	YWKJNRNSJKEFMK-PQFQYKRASA-N	data/antibiotics/antibacterial/cefquinome.yaml	973cd1f0d4bd44c25a0931f4c0ff385dc2d22e99b3df219c1712eb7f66b22cd3	PENDING_DISCOVERY	0	0	0				0	0	0
CHEBI:31379	cefroxadine	RDMOROXKXONCAL-UEKVPHQBSA-N	data/antibiotics/antibacterial/cefroxadine.yaml	b388c0d7befcfaceb96f0afbca26c02a9e42cce48819cfe40b8754765d2155e9	PENDING_DISCOVERY	0	0	0				0	0	0
CHEBI:3507	cefsulodin	SYLKGLMBLAAGSC-QLVMHMETSA-N	data/antibiotics/antibacterial/cefsulodin.yaml	4d82e52ba22b1107bd6628b12793af9dcd59a42177a16772bb201e7b8314e1cb	PENDING_DISCOVERY	0	0	0				0	0	0
CHEBI:70714	ceftaroline fosamil acetate monohydrate	KRWPPVCZNGQQHZ-IINIBMQSSA-N	data/antibiotics/antibacterial/ceftaroline-fosamil-acetate-monohydrate.yaml	2cca302e8f83403d3f6f72e6f43577384647e9501ea7ca3e2ad634ff789ac064	PENDING_DISCOVERY	0	0	0				0	0	0
CHEBI:70715	ceftaroline fosamil acetate	UGHHNQFYEVOFIV-VRDMTWHKSA-N	data/antibiotics/antibacterial/ceftaroline-fosamil-acetate.yaml	74f45074091e4addc5692995fe2be4aaa49dda7d424267881fdcad483ddbde2f	PENDING_DISCOVERY	0	0	0				0	0	0
CHEBI:70718	ceftaroline fosamil	ZCCUWMICIWSJIX-NQJJCJBVSA-N	data/antibiotics/antibacterial/ceftaroline-fosamil.yaml	dcf3221d46d355e8d7408a6976a9a6a65b667f958ea4eeb40901dc6cf99a8a8c	PENDING_DISCOVERY	0	0	0				0	0	0
CHEBI:70729	ceftaroline	RGFBRLNVZCCMSV-BIRGHMBHSA-N	data/antibiotics/antibacterial/ceftaroline.yaml	fdf89f4a5873e81ccf63ea08cd072ed8864fb94cb40acdd98f024fc56d4442c0	PENDING_PRIMARY_REVIEW	2	0	0				0	0	0
CHEBI:3508	ceftazidime	ORFOPKXBNMVMKC-DWVKKRMSSA-N	data/antibiotics/antibacterial/ceftazidime.yaml	51c8151de51d168a17f89ac72d4a11ac67ca40f881071d1061476444f1332ac1	PENDING_PRIMARY_REVIEW	258	0	34				0	0	0
CHEBI:135776	cefteram	XSPUSVIQHBDITA-RKYNPMAHSA-N	data/antibiotics/antibacterial/cefteram.yaml	6e42120a9477abba4ff265f317ec978f9d45aad697665289589a8d70b554c29c	PENDING_DISCOVERY	0	0	0				0	0	0
CHEBI:135716	ceftezole	DZMVCVMFETWNIU-LDYMZIIASA-N	data/antibiotics/antibacterial/ceftezole.yaml	74c7a7a88267111e0df08e02b80ac2f544023321d4b737ff6fc4c3336593435d	PENDING_DISCOVERY	0	0	0				0	0	0
CHEBI:34618	ceftibuten dihydrate	SSWTVBYDDFPFAF-DKOGRLLHSA-N	data/antibiotics/antibacterial/ceftibuten-dihydrate.yaml	bb705f34e7e292bedc83a731f9509228f7659fab58e9a3b3b5e4a4c46dce1a60	PENDING_DISCOVERY	0	0	0				0	0	0
CHEBI:3510	ceftibuten	UNJFKXSSGBWRBZ-BJCIPQKHSA-N	data/antibiotics/antibacterial/ceftibuten.yaml	678219c43f3f94c0b9b050ef58da2f2ba8799fb72bd0eb7dc554eeba891adbf6	PENDING_DISCOVERY	0	0	0				0	0	0
CHEBI:31383	ceftiofur	RFLHUYUQCKHUKS-JUODUXDSSA-M	data/antibiotics/antibacterial/ceftiofur.yaml	a5bb84123d6f54f25599e00501a58a474bc18edcd19a676a33dabd7af3f4bc08	PENDING_PRIMARY_REVIEW	1	0	0				0	0	0
CHEBI:140116	ceftiolene	WJXAHFZIHLTPFR-JLRJEBFFSA-N	data/antibiotics/antibacterial/ceftiolene.yaml	cfb1c9a873e5fe297fbcdfb7b4b8f2fecef7c422433bf625a0acce21bc285091	PENDING_DISCOVERY	0	0	0				0	0	0
CHEBI:553473	ceftizoxime	NNULBSISHYWZJU-LLKWHZGFSA-N	data/antibiotics/antibacterial/ceftizoxime.yaml	00b83dde491918e2ad2c41c57d69f08a271328208b46c2bc9a4b9c9177b4ac77	PENDING_DISCOVERY	0	0	0				0	0	0
CHEBI:140407	ceftobiprole	VOAZJEPQLGBXGO-SDAWRPRTSA-N	data/antibiotics/antibacterial/ceftobiprole.yaml	3e4e3cccfe2ee81ad19dbd23704f7e2f0acf5535fe921ad45a8a8de155815e3f	PENDING_DISCOVERY	0	0	0				0	0	0
CHEBI:134719	ceftolozane	JHFNIHVVXRKLEF-DCZLAGFPSA-N	data/antibiotics/antibacterial/ceftolozane.yaml	18654f1d8800e940b1fdf29fc83b90d501cacae430e8878163eee3270c4dd668	PENDING_PRIMARY_REVIEW	2	0	0				0	0	0
CHEBI:29007	ceftriaxone	VAAUVRVFOQPIGI-SPQHTLEESA-N	data/antibiotics/antibacterial/ceftriaxone.yaml	7294a0606c41257f1589c2aa54119527ccf09778c7d84f7258d74e4253f12135	PENDING_PRIMARY_REVIEW	23	0	13				0	0	0
CHEBI:3515	cefuroxime	JFPVXVDWJQMJEE-IZRZKJBUSA-N	data/antibiotics/antibacterial/cefuroxime.yaml	633e9f37482c6b643158430610d339544eee02cfd4b2b390ad41c1305078e713	PENDING_PRIMARY_REVIEW	10	0	0				0	0	0
CHEBI:55488	cefuzonam	CXHKZHZLDMQGFF-ZSDSSEDPSA-N	data/antibiotics/antibacterial/cefuzonam.yaml	9711dddc12b360a10c08151a906767590bc96b4e9d8cf6055d09b40d60937479	PENDING_DISCOVERY	0	0	0				0	0	0
antibioticmech:aro-94c19a1c3c	celesticetin	VMSQKUCYEMOKMM-UHFFFAOYSA-N	data/antibiotics/antibacterial/celesticetin.yaml	dd62c5c221873c28e02e8f01e30938c9d52553dd51ba05566c4dec4fc9394515	PENDING_PRIMARY_REVIEW	2	0	0				0	0	0
CHEBI:51763	cellocidin	JBTGHKUTYAMZEZ-UHFFFAOYSA-N	data/antibiotics/antibacterial/cellocidin.yaml	9e4436a152d36504cb2273bacd17907a33bc8e200936a646a82e914f85ebebe8	PENDING_DISCOVERY	0	0	0				0	0	0
CHEBI:3535	cephalexin monohydrate	AVGYWQBCYZHHPN-CYJZLJNKSA-N	data/antibiotics/antibacterial/cephalexin-monohydrate.yaml	e7eab9a846f19ec268dfc50bffb8cfe478ac09f0419c162755b10094608742a4	PENDING_DISCOVERY	0	0	0				0	0	0
CHEBI:3534	cephalexin	ZAIPMKNFIOOWCQ-UEKVPHQBSA-N	data/antibiotics/antibacterial/cephalexin.yaml	ed3ee91f0ac21ee2e83112650284e22d063baf64b192859bf647485c207f01ca	PENDING_DISCOVERY	0	0	0				0	0	0
CHEBI:3545	cephapirin sodium	VGEOUKPOQQEQSX-OALZAMAHSA-M	data/antibiotics/antibacterial/cephapirin-sodium.yaml	151b38effda390c1f0182efbdc046cb4ec0309fa64d829c9e17ab5be9b93130b	PENDING_DISCOVERY	0	0	0				0	0	0
CHEBI:554446	cephapirin	UQLLWWBDSUHNEB-CZUORRHYSA-N	data/antibiotics/antibacterial/cephapirin.yaml	69d83436efcdb8143754921963e98efe87e8a130a580ccd16e6e5470817c0b83	PENDING_DISCOVERY	0	0	0				0	0	0
CHEBI:3547	cephradine	RDLPVSKMFDYCOR-UEKVPHQBSA-N	data/antibiotics/antibacterial/cephradine.yaml	1d3ac80ac6ef4d80ec090bb2266ded16eba7baf93a10dba2e543e739d1a378c1	PENDING_DISCOVERY	0	0	0				0	0	0
antibioticmech:aro-da12e2d9fe	cervimycin A	DTTQURMKQUWCNN-ZVSUTAIVSA-N	data/antibiotics/antibacterial/cervimycin-a.yaml	60eb8fb5349acf7ae4f9853f26f3e8efb33dee67ff2d921396f6c456b2cbe289	PENDING_DISCOVERY	0	0	0				0	0	0
antibioticmech:aro-ec60046a85	cervimycin B	BWIAPPHQSUHPDB-IWCGXAMISA-N	data/antibiotics/antibacterial/cervimycin-b.yaml	2223033d806b5c15e2b6e771eb4634887f6772d54f192e5c5f469ce47e5595bf	PENDING_DISCOVERY	0	0	0				0	0	0
antibioticmech:aro-72f1180eb7	cervimycin C	CYKZTBKVWQAQLU-KSQSWLAPSA-N	data/antibiotics/antibacterial/cervimycin-c.yaml	123c0f78fa0a130dd0c252054cb978939a3ecbad29c4e07563e50efaf21a8b33	PENDING_DISCOVERY	0	0	0				0	0	0
antibioticmech:aro-5c527c4696	cervimycin D	YQSUNUWAYVGFKR-DIMVSIEISA-N	data/antibiotics/antibacterial/cervimycin-d.yaml	88ea51f4f11e8b2343d2e3f841d4503c4f5591f16b4b02db44a71dbc74dc8b79	PENDING_DISCOVERY	0	0	0				0	0	0
antibioticmech:aro-eeb30db614	cervimycin K1	JHZMFWWPPNBNOE-BTYMIDDJSA-N	data/antibiotics/antibacterial/cervimycin-k1.yaml	c5c7fc30f48d335fcf16f0c1e8d1b046a0fe3e44694e5d5d15663a80be5510c6	PENDING_DISCOVERY	0	0	0				0	0	0
antibioticmech:aro-819aa3adea	cervimycin K2	DEVSOSMRMRYYLQ-GCAGLVGWSA-N	data/antibiotics/antibacterial/cervimycin-k2.yaml	702866bf4c5b07aba746332fc3825738c282b4787338443557a4519d6f429574	PENDING_DISCOVERY	0	0	0				0	0	0
antibioticmech:aro-6feb53f4d2	cervimycin N	XBFFTJHNDMUQCQ-IVQVPZFMSA-N	data/antibiotics/antibacterial/cervimycin-n.yaml	268546f09396cd856c6ddf729634712eac018e6f86b581ccf6dbd5067dd621e1	PENDING_DISCOVERY	0	0	0				0	0	0
CHEBI:29506	cethromycin	PENDGIOBPJLVBT-AMXFZXBBSA-N	data/antibiotics/antibacterial/cethromycin.yaml	b3980524de4896d75777fe3cb47edf56b4d5545a0ef62dae8b4c32ec993e9401	PENDING_DISCOVERY	0	0	0				0	0	0
antibioticmech:aro-cc357c3b89	cezomycin	SFAOBXUZYBPOKX-KBVPZPMPSA-N	data/antibiotics/antibacterial/cezomycin.yaml	d32f3ce2edd819bd543a07495872e7d7bf255f321264b3eefc3d06a7f98b27a8	PENDING_DISCOVERY	0	0	0				0	0	0
CHEBI:68766	chaetoglocin A	DGBMMVBFYMZWHX-XVNBXDOJSA-N	data/antibiotics/antibacterial/chaetoglocin-a.yaml	3a1a7d2555f3c654ea6e58c906775b631b2c6eaaa97b3cb0abf843899748a387	PENDING_DISCOVERY	0	0	0				0	0	0
CHEBI:68767	chaetoglocin B	DGBMMVBFYMZWHX-CLTKARDFSA-N	data/antibiotics/antibacterial/chaetoglocin-b.yaml	61f62802fecdc306a232f27a2d355372759e8ba1e3d06de45a9904ce9ac9e00c	PENDING_DISCOVERY	0	0	0				0	0	0
CHEBI:80016	chalcomycin	KLGADJPDTCIJLO-LJUCOGSUSA-N	data/antibiotics/antibacterial/chalcomycin.yaml	fde1fffcdd4830fe0fc3736e6019c14bf0ea9f7ac8c0a237ca67d5bfe3b79015	PENDING_PRIMARY_REVIEW	3	0	0				0	0	0
CHEBI:78373	chelerythrine	LLEJIEBFSOEYIV-UHFFFAOYSA-N	data/antibiotics/antibacterial/chelerythrine.yaml	75e8dd21a3c03007983e3841b8f795693547481ca4f73f3c6d834e36959c79ef	PENDING_DISCOVERY	0	0	0				0	0	0
CHEBI:17698	chloramphenicol	WIIZWVCIJKGZOK-RKDXNWHRSA-N	data/antibiotics/antibacterial/chloramphenicol.yaml	b8acca553963ce724506af3e6001e8aacc882f0a8c4af63fe29638c154ff7162	PENDING_PRIMARY_REVIEW	87	0	2				0	0	0
CHEBI:81711	chlorhexidine acetate	WDRFFJWBUDTUCA-UHFFFAOYSA-N	data/antibiotics/antibacterial/chlorhexidine-acetate.yaml	4470af0ecb2fc043eb8389c838f9f07428dbaffaa88f3c47b67e284d832daee5	PENDING_DISCOVERY	0	0	0				0	0	0
CHEBI:28312	chlorhexidine gluconate	YZIYKJHYYHPJIB-UUPCJSQJSA-N	data/antibiotics/antibacterial/chlorhexidine-gluconate.yaml	21c27a12f3e2239e0667062873051bf62e4611cd12a86f157adfd43adc31c311	PENDING_DISCOVERY	0	0	0				0	0	0
CHEBI:3614	chlorhexidine	GHXZTYHSJHQHIJ-UHFFFAOYSA-N	data/antibiotics/antibacterial/chlorhexidine.yaml	09093926720375f83d1b246e80df4009a2200b51958ce3620d879c10efad2ce3	PENDING_PRIMARY_REVIEW	4	0	0				0	0	0
CHEBI:29556	chloroeremomycin	XJHXLMVKYIVZTE-LOALFDMRSA-N	data/antibiotics/antibacterial/chloroeremomycin.yaml	89a25d1a9b96de76420b57c114ce4d74481741b61cf16a77b58ef405967f2f5b	PENDING_DISCOVERY	0	0	0				0	0	0
CHEBI:59477	chloroxine	WDFKMLRRRCGAKS-UHFFFAOYSA-N	data/antibiotics/antibacterial/chloroxine.yaml	2256d6b8b5c527120d92986e7490ab443b39000540dacf4496a4728af56f2df7	PENDING_DISCOVERY	0	0	0				0	0	0
CHEBI:3642	chlorphenesin	MXOAEAUPQDYUQM-UHFFFAOYSA-N	data/antibiotics/antibacterial/chlorphenesin.yaml	2001cbc10f31117800c938074fc9c2c7a268888657454d34cd004b0e979f9541	PENDING_DISCOVERY	0	0	0				0	0	0
CHEBI:74500	chlorquinaldol	GPTXWRGISTZRIO-UHFFFAOYSA-N	data/antibiotics/antibacterial/chlorquinaldol.yaml	474c100872c6b87216b8c5a24db87a3a5649578bd440db7ecfe9ef30649dc59b	PENDING_DISCOVERY	0	0	0				0	0	0
CHEBI:27644	chlortetracycline	CYDMQBQPVICBEU-XRNKAMNCSA-N	data/antibiotics/antibacterial/chlortetracycline.yaml	a7c816be91942bd441b54611580cb972ea5d91ebdf566af54c7fea5ed23aa4a0	PENDING_PRIMARY_REVIEW	15	0	0				0	0	0
CHEBI:82751	cholesteryl arachidonate	IMXSFYNMSOULQS-BEDFLICRSA-N	data/antibiotics/antibacterial/cholesteryl-arachidonate.yaml	791b161e3dd8a6130aa5ebcbfcc547e4e539a7f7444d4808678215dd10ca83c3	PENDING_DISCOVERY	0	0	0				0	0	0
antibioticmech:aro-e0bba9e7d3	chrysomycin A	OMDANBMKOUVKAG-WZNMFJNZSA-N	data/antibiotics/antibacterial/chrysomycin-a.yaml	f2ff2b1896a69e7152f96d2638dd799641c07d0554207189b976c7e52ae053f8	PENDING_DISCOVERY	0	0	0				0	0	0
CHEBI:79391	(−)-chuangxinmycin	DKHFLDXCKWDVMF-UPONEAKYSA-N	data/antibiotics/antibacterial/chuangxinmycin.yaml	518d2af245f40120e7567c57a30ca639d30ba71b1a01d23213c8608267f0d6d7	PENDING_DISCOVERY	0	0	0				0	0	0
CHEBI:31398	ciclopirox olamine	HKUKJIQHPXYJTP-UHFFFAOYSA-O	data/antibiotics/antibacterial/ciclopirox-olamine.yaml	f3bf3b2007a77857cf56585534c70a0f1e08b139f7f4cc32f15979b40835fe94	PENDING_DISCOVERY	0	0	0				0	0	0
CHEBI:453011	ciclopirox	SCKYRAXSEDYPSA-UHFFFAOYSA-N	data/antibiotics/antibacterial/ciclopirox.yaml	9b77aba57969f8de2e529c917cb4529a7454b6c2f7cf461150f3ceb16ec692dc	PENDING_DISCOVERY	0	0	0				0	0	0
CHEBI:3716	cinoxacin	VDUWPHTZYNWKRN-UHFFFAOYSA-N	data/antibiotics/antibacterial/cinoxacin.yaml	94f901a5989c09619754c2018edfcb4a39adaab5a2d90546086a779fa80801ad	PENDING_DISCOVERY	0	0	0				0	0	0
CHEBI:59938	ciprofloxacin dihydrochloride	PWRKLYZVCZMDTC-UHFFFAOYSA-N	data/antibiotics/antibacterial/ciprofloxacin-dihydrochloride.yaml	007f91735fc108f66ada904d8eea9393b3212a4a96a5ed1b0f705115cc2c68ea	PENDING_DISCOVERY	0	0	0				0	0	0
CHEBI:310388	ciprofloxacin hydrochloride (anhydrous)	DIOIOSKKIYDRIQ-UHFFFAOYSA-N	data/antibiotics/antibacterial/ciprofloxacin-hydrochloride-anhydrous.yaml	154b7410a2395ba692abfb6f1439d63d3d757d7d2fa77e48eb561325bd48a0f2	PENDING_DISCOVERY	0	0	0				0	0	0
CHEBI:59936	ciprofloxacin hydrochloride hydrate	ARPUHYJMCVWYCZ-UHFFFAOYSA-N	data/antibiotics/antibacterial/ciprofloxacin-hydrochloride-hydrate.yaml	225febbf736920099043263cefdf69fbf476839d7b26b992a46e237a0ab60c5a	PENDING_DISCOVERY	0	0	0				0	0	0
CHEBI:100241	ciprofloxacin	MYSWGUAQZAJSOK-UHFFFAOYSA-N	data/antibiotics/antibacterial/ciprofloxacin.yaml	de4e65076e0a69a82637f3af5a824c0bd198a1b49ee22d85a424d67ca0c9fedd	PENDING_PRIMARY_REVIEW	188	0	59				0	0	0
CHEBI:7518	cis-trans-nepetalactone	ZDKZHVNKFOXMND-NBEYISGCSA-N	data/antibiotics/antibacterial/cis-trans-nepetalactone.yaml	d715ba8cbbb2640746781afa320866957a6a3f78b3e434d447fc8fc6ea4ebed7	PENDING_DISCOVERY	0	0	0				0	0	0
antibioticmech:curator-d33759f162	Cladribine	PTOAARAWEBMLNO-KVQBGUIXSA-N	data/antibiotics/antibacterial/cladribine.yaml	a024d4e03191b0ac456e759527642619e9ee88a55a5f11516cd013c29d111e24	PENDING_DISCOVERY	0	0	0				0	0	0
CHEBI:3732	clarithromycin	AGOYDEPGAOXOCK-KCBOHYOISA-N	data/antibiotics/antibacterial/clarithromycin.yaml	b61171d9337ec2346af8541586e3f54b71574d016adc1b922dfcd999b54e4783	PENDING_PRIMARY_REVIEW	44	0	6				0	0	0
CHEBI:48947	clavulanic acid	HZZVJAQRINQKSD-PBFISZAISA-N	data/antibiotics/antibacterial/clavulanic-acid.yaml	16c7ee5054b33f6e55caa15c59817103f91650f7a524b2ac6b57a6ac250af827	PENDING_DISCOVERY	0	0	0				0	0	0
antibioticmech:aro-df383601e2	clerocidin	LKJYEAJRWPUOGW-UHFFFAOYSA-N	data/antibiotics/antibacterial/clerocidin.yaml	967a1d77457199ee61fb1ae8d0d3ee66aa06f119d094fa3b343f939038445ad9	PENDING_DISCOVERY	0	0	0				0	0	0
antibioticmech:aro-86221775c0	clinafloxacin	QGPKADBNRMWEQR-UHFFFAOYSA-N	data/antibiotics/antibacterial/clinafloxacin.yaml	46657bdc2260c06a9c75cc1660e4b057e44f3f19ea27571f9ad2ea60b4126ec5	PENDING_DISCOVERY	0	0	0				0	0	0
CHEBI:3745	clindamycin	KDLRVYVGXIQJDK-AWPVFWJPSA-N	data/antibiotics/antibacterial/clindamycin.yaml	042c20cb84653c1aa1357fbc742c00835bca1ab71f79c95131c71ad5589bb8e7	PENDING_PRIMARY_REVIEW	62	0	3				0	0	0
CHEBI:131732	clometocillin	JKXQBIZCQJLVOS-GSNLGQFWSA-N	data/antibiotics/antibacterial/clometocillin.yaml	1c08261a20e334eb6d2718be9d5e1ea95bc6c488f4bc752a95a9270d6dc0981e	PENDING_DISCOVERY	0	0	0				0	0	0
CHEBI:59589	clomocycline	GJGDLRSSCNAKGL-KMVLDZISSA-N	data/antibiotics/antibacterial/clomocycline.yaml	93c889f23cbf8f5252141134c3e046604aa38b9169fbc8862188172ba2eef9fd	PENDING_DISCOVERY	0	0	0				0	0	0
antibioticmech:aro-e44e701df2	clorobiocin	FJAQNRBDVKIIKK-LFLQOBSNSA-N	data/antibiotics/antibacterial/clorobiocin.yaml	4e73efdaeff849a22524531769f50afc1392ca20336c536ca8b2ae9e222228cc	PENDING_PRIMARY_REVIEW	5	0	0				0	0	0
CHEBI:49566	cloxacillin	LQOLIRLGBULYKD-JKIFEVAISA-N	data/antibiotics/antibacterial/cloxacillin.yaml	0d494a57f97ab98d25f6679336374a7d415e1dfe755506effec977a405ef3790	PENDING_PRIMARY_REVIEW	1	0	0				0	0	0
CHEBI:59669	colistimethate A	BSSIRFLGSWHWDE-NHYGBIDUSA-N	data/antibiotics/antibacterial/colistimethate-a.yaml	29eaf91be31a379a919f9f2374a6ab616d9836adf6ae1c12710646c38ed6bcdd	PENDING_DISCOVERY	0	0	0				0	0	0
CHEBI:59671	colistimethate B	DFSJNVZGJOIDRT-BJISPZADSA-N	data/antibiotics/antibacterial/colistimethate-b.yaml	e0f66c739470bf091b939d3a0d9ffe35d062308757607adc79d5b23010b3486f	PENDING_DISCOVERY	0	0	0				0	0	0
CHEBI:59663	colistin A sodium methanesulfonate	IQWHCHZFYPIVRV-VLLYEMIKSA-I	data/antibiotics/antibacterial/colistin-a-sodium-methanesulfonate.yaml	c328352513cc15ebb29b7cf87b7498b73487621393c94ef09fd7de6ec47c9977	PENDING_DISCOVERY	0	0	0				0	0	0
CHEBI:59064	colistin A	XDJYMJULXQKGMM-RVYUQJQSSA-N	data/antibiotics/antibacterial/colistin-a.yaml	185868296f91137f4154d34980a5e7d2dc54b48cfc6b00fe33b1f682ab975ec2	PENDING_PRIMARY_REVIEW	123	0	0				0	0	0
CHEBI:59664	colistin B sodium methanesulfonate	WZLRYLCDDODFHL-WSNMVEPOSA-I	data/antibiotics/antibacterial/colistin-b-sodium-methanesulfonate.yaml	cb19d7261df2f7ec514771da3db8a04e56d27102da605850bd1a3a2a4839e563	PENDING_DISCOVERY	0	0	0				0	0	0
CHEBI:59673	colistin B	KNIWPHSUTGNZST-SSWRVQTPSA-N	data/antibiotics/antibacterial/colistin-b.yaml	0c6a2a63eb0235476c340f5fd8f5f0774125f4fc179fb7d24eb9ba3939945b91	PENDING_PRIMARY_REVIEW	123	0	0				0	0	0
CHEBI:70012	comazaphilone C	BVPLOPDDUJTCFL-JBAXFHHXSA-N	data/antibiotics/antibacterial/comazaphilone-c.yaml	b1d01573cadb378487af2dc0f4e00c20337868f30412da55a4eb3500ebfadf17	PENDING_DISCOVERY	0	0	0				0	0	0
CHEBI:70013	comazaphilone D	GIROBNCADSJPIJ-OQBWYENPSA-N	data/antibiotics/antibacterial/comazaphilone-d.yaml	27e75c957e81e5e6553bd71c82898f99b25463112dbeb3313a89a84a1b3da475	PENDING_DISCOVERY	0	0	0				0	0	0
CHEBI:70014	comazaphilone E	VWYGBXGOGQHZHM-JBAXFHHXSA-N	data/antibiotics/antibacterial/comazaphilone-e.yaml	c35e2b888fa1cbf8df34053bcb126e1dc59b3e06455e83c82af0384a44e869d7	PENDING_DISCOVERY	0	0	0				0	0	0
CHEBI:27965	conessine	GPLGAQQQNWMVMM-MYAJQUOBSA-N	data/antibiotics/antibacterial/conessine.yaml	f922743e46cc0abcb00a70c7a7eef3d1003e2e9210092ccdcbfe5bc610c0c7b3	PENDING_DISCOVERY	0	0	0				0	0	0
antibioticmech:aro-ca0e85f42a	contezolid	SULYVXZZUMRQAX-NSHDSACASA-N	data/antibiotics/antibacterial/contezolid.yaml	aed7655b59d80b1d0592b0757ac2c1ae1b299f02e09e947cdde62b9ab8fcbdfe	PENDING_DISCOVERY	0	0	0				0	0	0
antibioticmech:aro-e523675af2	corbomycin	YPKFJNUZFFXJND-XFKCSEFZSA-N	data/antibiotics/antibacterial/corbomycin.yaml	d3d3b48a1c4141683d7ff7c4423b304cf59f3eb9eaf26f75db3eb434eaa0b365	PENDING_DISCOVERY	0	0	0				0	0	0
CHEBI:29014	cordycepin	OFEZSBMBBKLLBJ-BAJZRUMYSA-N	data/antibiotics/antibacterial/cordycepin.yaml	721122b233eea1341feb863c2a7c82c555dbf5a6f8a5b576d71ec3b4014c6c73	PENDING_DISCOVERY	0	0	0				0	0	0
CHEBI:137081	CORM 3	KNIGBBVETQCJTQ-UHFFFAOYSA-L	data/antibiotics/antibacterial/corm-3.yaml	afd223d96e67b40683dcfd172dd9edc57145523b9ba238eaded435c34b876391	PENDING_DISCOVERY	0	0	0				0	0	0
antibioticmech:curator-452d38df8e	Corramycin	WVMKFROBDLCDEJ-LINZXDLISA-N	data/antibiotics/antibacterial/corramycin.yaml	59c5b39c3791493baad3f146a923c7ef4336d1d987143b64d64c7d07d0c1864d	PENDING_DISCOVERY	0	0	0				0	0	0
CHEBI:3907	coumermycin A1	WTIJXIZOODAMJT-DHFGXMAYSA-N	data/antibiotics/antibacterial/coumermycin-a1.yaml	2e77f06884f8afb05a79df534bd16df1fbd741a91f482091b4d4d5862cde0fbd	PENDING_PRIMARY_REVIEW	5	0	0				0	0	0
CHEBI:184373	cremeomycin	HTCPEWKHGGGJBI-UHFFFAOYSA-N	data/antibiotics/antibacterial/cremeomycin.yaml	b0c3d5a778fe74dd0b512a603c3ed2080f529d999f6327e1c4a97a9941f46078	PENDING_DISCOVERY	0	0	0				0	0	0
CHEBI:77181	crystal violet cation	LGLFFNDHMLKUMI-UHFFFAOYSA-N	data/antibiotics/antibacterial/crystal-violet-cation.yaml	6c15d517119dd4999b21014c16da56b3e6e09ee426371c3d4e18d74b9607bc11	PENDING_DISCOVERY	0	0	0				0	0	0
CHEBI:41688	crystal violet	ZXJXZNDDNMQXFV-UHFFFAOYSA-M	data/antibiotics/antibacterial/crystal-violet.yaml	a495449434cc65f0015358ed151051a430c4c01fd5cfcf14ef046426051dc136	PENDING_DISCOVERY	0	0	0				0	0	0
CHEBI:68023	cudraflavone C	MUUDYSFWQUSAOO-UHFFFAOYSA-N	data/antibiotics/antibacterial/cudraflavone-c.yaml	b8c8c6d383b295864e946c4666260fc24b7118a8e93702ea19e5877b995d93cc	PENDING_DISCOVERY	0	0	0				0	0	0
CHEBI:156426	curacomycin	CUXAULQHGRSWLF-IKVCUCANSA-N	data/antibiotics/antibacterial/curacomycin.yaml	4d6704d64c76c2d694c0d337c97c5b8938848a322968b9fb515525c693bd1eb7	PENDING_DISCOVERY	0	0	0				0	0	0
CHEBI:31444	cyclacillin	HGBLNBBNRORJKI-WCABBAIRSA-N	data/antibiotics/antibacterial/cyclacillin.yaml	6b8eb9e5e0c4fe5452652d789ebcdd63ff1930ed37a2573c790f374844455c5e	PENDING_DISCOVERY	0	0	0				0	0	0
antibioticmech:aro-c10ed01875	cyclomarin A	WCNJVJCYRBJSLC-BCJYPDSRSA-N	data/antibiotics/antibacterial/cyclomarin-a.yaml	4742dac2eb4f5e1d9f5a9d968b4c690b12bf73242c775e99c06f139934785470	PENDING_DISCOVERY	0	0	0				0	0	0
antibioticmech:aro-0f5084fe9f	cyclomarin B	HSTKEHHVGUSTOW-PMBWZYFTSA-N	data/antibiotics/antibacterial/cyclomarin-b.yaml	b4c1a8349aedeee21a7c6cce70a282e7a4179fe423a0c73aa502835598678346	PENDING_DISCOVERY	0	0	0				0	0	0
antibioticmech:aro-e45d4c195a	cyclomarin C	NCUTXLGVUNPWKM-XCLVBVFRSA-N	data/antibiotics/antibacterial/cyclomarin-c.yaml	a7b9df5b406cd500f83d9f8401ddaa0d1218d267a31180672c05e5fd40869553	PENDING_DISCOVERY	0	0	0				0	0	0
CHEBI:65720	cytotrienin A	HNVKTRONBDHSPT-QETCNUOWSA-N	data/antibiotics/antibacterial/cytotrienin-a.yaml	1d2b8ba4b24ea5dddb4e88ed9c7c0af87b8dce0013f77ef851dd43ecc941f7a6	PENDING_DISCOVERY	0	0	0				0	0	0
CHEBI:82721	dalbavancin	KGPGQDLTDHGEGT-SZUNQUCBSA-N	data/antibiotics/antibacterial/dalbavancin.yaml	2fffcf9c39b161cd5cfe21715d5feced0433dd9261fd31d64b31fdce32a7f850	PENDING_DISCOVERY	0	0	0				0	0	0
CHEBI:4309	dalfopristin	SUYRLXYYZQTJHF-VMBLUXKRSA-N	data/antibiotics/antibacterial/dalfopristin.yaml	8b9ccad82274b5dd01563bba31e463940b3d61150d51e711ed24bfac81aebdd8	PENDING_PRIMARY_REVIEW	30	0	0				0	0	0
CHEBI:600103	daptomycin	DOAKLVKFURWEDJ-RWDRXURGSA-N	data/antibiotics/antibacterial/daptomycin.yaml	4de6b2eda6d5db3c21fdd86fe918d25b5f4b09c06b41e4c25a83a8b23f400656	PENDING_PRIMARY_REVIEW	35	0	19				0	0	0
antibioticmech:aro-93dd2d4732	darobactin A	HRMCRRLPTVSYHJ-KUDSBEMESA-N	data/antibiotics/antibacterial/darobactin-a.yaml	da34bbd3dd4ea4806f15fca6f14763a11646037fb68a55d61a6bccd63fc82df4	PENDING_DISCOVERY	0	0	0				0	0	0
CHEBI:75212	dazomet	QAYICIQNSGETAS-UHFFFAOYSA-N	data/antibiotics/antibacterial/dazomet.yaml	99f818bdad005427eca6ffe20eb479f2b90745031227991c57669b7c8673e5c9	PENDING_DISCOVERY	0	0	0				0	0	0
CHEBI:30813	decanoic acid	GHVNFZFCNZKVNT-UHFFFAOYSA-N	data/antibiotics/antibacterial/decanoic-acid.yaml	1e7029d7105689f3b78ecfdce889b410991b74cab71f9deb29f9c59e1e53361d	PENDING_DISCOVERY	0	0	0				0	0	0
CHEBI:65728	decatromicin A	YKLXDAWPGVZXKC-NMNDIUEASA-N	data/antibiotics/antibacterial/decatromicin-a.yaml	961a83e349e64e696fc89ec2f40a4df7c8b9035c2debead901b91957625d763f	PENDING_DISCOVERY	0	0	0				0	0	0
CHEBI:65729	decatromicin B	OKYWSSBYCHUWKT-ZJOLZETKSA-N	data/antibiotics/antibacterial/decatromicin-b.yaml	015db22c9626186e5c226214740db13c38c618d624ce08502c5119ca62d9ac0e	PENDING_DISCOVERY	0	0	0				0	0	0
antibioticmech:aro-cb28770ae8	declovanillobiocin	JURYCYSCKRZQLD-UHFFFAOYSA-N	data/antibiotics/antibacterial/declovanillobiocin.yaml	f9e7f9bb96c60c69d6f1ee837033a39d458a6d51c39fec209ff88dffebe30585	PENDING_DISCOVERY	0	0	0				0	0	0
antibioticmech:aro-eb42322815	defensin	ZKALIGRYJXFMNS-XBDDSDALSA-N	data/antibiotics/antibacterial/defensin.yaml	a769fd3725efdb38352c315dcd5381968a50c6e881203c013476000d0189d9c3	PENDING_PRIMARY_REVIEW	9	0	0				0	0	0
CHEBI:137426	dehydroacetic acid	PGRHXDWITVMQBC-UHFFFAOYSA-N	data/antibiotics/antibacterial/dehydroacetic-acid.yaml	4839975b6ddb60b84843f36f8b22711871226460ed27eb1bc650994ba62e7581	PENDING_DISCOVERY	0	0	0				0	0	0
antibioticmech:aro-edae5f55a0	delafloxacin	DYDCPNMLZGFQTM-UHFFFAOYSA-N	data/antibiotics/antibacterial/delafloxacin.yaml	cd63f7cd8dce97ddb257ab1e11bfa80bc81ff432e89c0cfbecceca4390b1afbe	PENDING_DISCOVERY	0	0	1				0	0	0
CHEBI:134742	delamanid	XDAOLTSRNUSPPH-XMMPIXPASA-N	data/antibiotics/antibacterial/delamanid.yaml	c532d157179c1393d757f63226613e07175dc26683f798c1f6a44b827257e780	PENDING_PRIMARY_REVIEW	5	0	250				0	0	0
CHEBI:59725	demeclocycline hydrochloride	GVSJQNRGSCOSNJ-KBHRXELFSA-N	data/antibiotics/antibacterial/demeclocycline-hydrochloride.yaml	224fe20e109b873b2b9208e986f0b9eb5b4849dd8049ac6993abbfbd783b4dd0	PENDING_DISCOVERY	0	0	0				0	0	0
CHEBI:4392	demeclocycline	FMTDIUIBLCQGJB-SEYHBJAFSA-N	data/antibiotics/antibacterial/demeclocycline.yaml	2816d588aa9ff3e61c566f785c7c3f540b169bb316f78d719e664bb17916d813	PENDING_PRIMARY_REVIEW	12	0	0				0	0	0
CHEBI:145874	deoxyherqueinone(1−)	VZWSSCQUCMSKLE-MRVPVSSYSA-M	data/antibiotics/antibacterial/deoxyherqueinone-1.yaml	f92269e3b6999931a86233513b8a2bfa805b94f2334141d11fcf59acc7530140	PENDING_DISCOVERY	0	0	0				0	0	0
CHEBI:145901	deoxyherqueinone	VZWSSCQUCMSKLE-MRVPVSSYSA-N	data/antibiotics/antibacterial/deoxyherqueinone.yaml	53d6addc4a334f042bd7a101c8a1fedc2a1413d9f75542251d4032d2673083d1	PENDING_DISCOVERY	0	0	0				0	0	0
CHEBI:131915	deoxyviolacein	OJUJNNKCVPCATE-QGOAFFKASA-N	data/antibiotics/antibacterial/deoxyviolacein.yaml	f6c67c77b6af7b0d75df3ab4e5c36833f5914089429c89513fda751ba6920e5e	PENDING_DISCOVERY	0	0	0				0	0	0
CHEBI:46577	dextrofloxacin	GSDSWSVVBLHKDQ-SNVBAGLBSA-N	data/antibiotics/antibacterial/dextrofloxacin.yaml	c6f8ee7cd9ef679e209d636a283cf3a3a888046044159ddea60bab86b87b92e1	PENDING_DISCOVERY	0	0	0				0	0	0
CHEBI:37945	dibekacin	JJCQSGDBDPYCEO-XVZSLQNASA-N	data/antibiotics/antibacterial/dibekacin.yaml	fdad190d1d11d967c216429e5f8102b3df816d2ced39980be121337668b591a6	PENDING_PRIMARY_REVIEW	65	0	0				0	0	0
CHEBI:34690	dichlorvos	OEBRKCOSUFCWJD-UHFFFAOYSA-N	data/antibiotics/antibacterial/dichlorvos.yaml	5da28a1592ee3b0a0355e19a3102488e60752b92f74df3b345846ad362e82c40	PENDING_DISCOVERY	0	0	0				0	0	0
CHEBI:4511	dicloxacillin	YFAGHNZHGGCZAX-JKIFEVAISA-N	data/antibiotics/antibacterial/dicloxacillin.yaml	44b41dfac066e2b238f4cd1e7583837db1b62ab5749ca9138fca8d6b38d399a7	PENDING_DISCOVERY	0	0	0				0	0	0
CHEBI:4537	difloxacin	NOCJXYPHIIZEHN-UHFFFAOYSA-N	data/antibiotics/antibacterial/difloxacin.yaml	039746c7c855789aa4b241e10b9b283909194c4f89aa839845cf3d19a69abb14	PENDING_DISCOVERY	0	0	0				0	0	0
CHEBI:39669	diflunisal	HUPFGZXOMWLGNK-UHFFFAOYSA-N	data/antibiotics/antibacterial/diflunisal.yaml	f601fbaef95e1bc6c2b987ad15ead9396910f3789f479e6a625e364e89d1fed2	PENDING_DISCOVERY	0	0	0				0	0	0
CHEBI:4559	dihydroconiferyl alcohol	MWOMNLDJNQWJMK-UHFFFAOYSA-N	data/antibiotics/antibacterial/dihydroconiferyl-alcohol.yaml	0936a939e34f916e8c88a356c59ce97fd0d55c7da6e147483a98c6e9ed2cf1bd	PENDING_DISCOVERY	0	0	0				0	0	0
CHEBI:69091	dihydrolicoisoflavone A	BAEYWOSUJSUYFI-UHFFFAOYSA-N	data/antibiotics/antibacterial/dihydrolicoisoflavone-a.yaml	b96249bd8a578e8e5fb72834efb8aee10710692d81c7034145faccf2f8fc9770	PENDING_DISCOVERY	0	0	0				0	0	0
antibioticmech:aro-6e963f402b	dihydromocimycin	LWXUPCAADQWXRE-UPMFUDSQSA-N	data/antibiotics/antibacterial/dihydromocimycin.yaml	10faac0a353e8aa7fb9ac8e938988a0716d5b718869f97d154abaff9c5bede9b	PENDING_DISCOVERY	0	0	0				0	0	0
CHEBI:65799	diperamycin	IHQIMVZJVJTKSV-UHFFFAOYSA-N	data/antibiotics/antibacterial/diperamycin.yaml	eb8ba8f71edbd21115081da50f3973cc0d38d0e50a5e4a983644fd33e39aa742	PENDING_DISCOVERY	0	0	0				0	0	0
CHEBI:474014	dirithromycin	WLOHNSSYAXHWNR-DWIOZXRMSA-N	data/antibiotics/antibacterial/dirithromycin.yaml	59c79e64f19626ca95c5f0aa5df0045dfbd323d655c8e4294a6b2581e01af2f3	PENDING_PRIMARY_REVIEW	23	0	0				0	0	0
CHEBI:30805	dodecanoic acid	POULHZVOKOAJMA-UHFFFAOYSA-N	data/antibiotics/antibacterial/dodecanoic-acid.yaml	5e214b433cbc483424529e419433081b5cdd10aa7924d8e706aa30b48118e59f	PENDING_DISCOVERY	0	0	0				0	0	0
CHEBI:135928	doripenem	AVAACINZEOAHHE-VFZPANTDSA-N	data/antibiotics/antibacterial/doripenem.yaml	e32ebbf36f0120e3217df31283b7a83f010bae656b92e67f4881c23a99bdabde	PENDING_PRIMARY_REVIEW	3	0	6				0	0	0
CHEBI:34730	doxycycline hyclate	HALQELOKLVRWRI-VDBOFHIQSA-N	data/antibiotics/antibacterial/doxycycline-hyclate.yaml	b09109cae3ceb6e818152b433839b57b4397119af17c3329ff2083159b5de250	PENDING_DISCOVERY	0	0	0				0	0	0
CHEBI:60648	doxycycline monohydrate	XQTWDDCIUJNLTR-CVHRZJFOSA-N	data/antibiotics/antibacterial/doxycycline-monohydrate.yaml	061303dabca65ef6fc8008061043d22791a40757e2d2cd27510565031b77b284	PENDING_DISCOVERY	0	0	0				0	0	0
CHEBI:50845	doxycycline	JBIWCJUYHHGXTC-AKNGSSGZSA-N	data/antibiotics/antibacterial/doxycycline.yaml	e882cd7f14057c25a22688e168748d01103853c834614f531a722ee71243efb7	PENDING_PRIMARY_REVIEW	15	0	1				0	0	0
antibioticmech:aro-e9b96b6d23	dragmacidin A	XQSOLGAZPINGFW-RTWAWAEBSA-N	data/antibiotics/antibacterial/dragmacidin-a.yaml	6fbe543e45f9171bf58ce36487a802afa07204eed8a0d012b5d574ed02fa2c67	PENDING_DISCOVERY	0	0	0				0	0	0
antibioticmech:aro-2c3e119979	dragmacidin B	GRBPIEOBAMGKFD-UHFFFAOYSA-N	data/antibiotics/antibacterial/dragmacidin-b.yaml	8d0cf2cccb88afb22b75c7c1f936d2761b2386de6d1f66915d7baf965dd68ab4	PENDING_DISCOVERY	0	0	0				0	0	0
antibioticmech:aro-48bb80f5a5	dragmacidin D	XTUQWMCQNLFDOX-UHFFFAOYSA-N	data/antibiotics/antibacterial/dragmacidin-d.yaml	c8850340491212c7b42f210f6215878230db317bd155a6daf6ddffe1af60865e	PENDING_DISCOVERY	0	0	0				0	0	0
antibioticmech:aro-7a113ada2c	dragmacidin E	ZUCSTWKVHHAHLA-REFGNXHDSA-N	data/antibiotics/antibacterial/dragmacidin-e.yaml	4f1b6f97b3007be4f52de84a674ad1d0e904c553f0738c0cf3d4da30a81c6bd6	PENDING_DISCOVERY	0	0	0				0	0	0
antibioticmech:aro-6a4094ddb2	dragmacidin F	IIJUQWOGZFHFTN-FHUFSZDOSA-N	data/antibiotics/antibacterial/dragmacidin-f.yaml	56e67cebe73d874348f97c91a623bbb83d28dcf6343e82fbb23eee6a20fbe48c	PENDING_DISCOVERY	0	0	0				0	0	0
CHEBI:65809	drummondin D	VQJQJCKVOGLTOH-UHFFFAOYSA-N	data/antibiotics/antibacterial/drummondin-d.yaml	6b087e71c19e3f8cb9b0ef44d9aaf05ed386f1ab119af34853f416db481bad12	PENDING_DISCOVERY	0	0	0				0	0	0
CHEBI:65810	drummondin E	LACABBHUBUCHAU-UHFFFAOYSA-N	data/antibiotics/antibacterial/drummondin-e.yaml	d9646f0abab4d2349775119cb4a1d7a2f8494fc9f928a0a08996fa84f45f5663	PENDING_DISCOVERY	0	0	0				0	0	0
CHEBI:65811	drummondin F	WWTZMJRKACJQRR-UHFFFAOYSA-N	data/antibiotics/antibacterial/drummondin-f.yaml	602f8517431b998555064b282d51d71fa5a7345bc76590743431ec6815ffbc48	PENDING_DISCOVERY	0	0	0				0	0	0
CHEBI:229544	durlobactam sodium	WHHNOICWPZIYKI-IBTYICNHSA-M	data/antibiotics/antibacterial/durlobactam-sodium.yaml	a643866d328a48cc5143501faf5d4888e79b0198c06059666ce9fa64c6d509a1	PENDING_DISCOVERY	0	0	0				0	0	0
CHEBI:229539	durlobactam	BISPBXFUKNXOQY-RITPCOANSA-N	data/antibiotics/antibacterial/durlobactam.yaml	dcd5ef398e58414b555a074edb1f3290718ac41591932e5ce542b8ead7e4840f	PENDING_DISCOVERY	0	0	0				0	0	0
CHEBI:65817	dysoxyhainanin A	ZZTXYUVDEDOUDW-XYNNUCQCSA-N	data/antibiotics/antibacterial/dysoxyhainanin-a.yaml	5a5ffbe19e35b656e5f4a8f1f22525599672f753dde6ce73bca7318f9cf3fc86	PENDING_DISCOVERY	0	0	0				0	0	0
CHEBI:137441	(E)-1-hydroxy-2-(non-1-en-1-yl)quinolin-4-one	LOUOCBKBIWBTTR-DHZHZOJOSA-N	data/antibiotics/antibacterial/e-1-hydroxy-2-non-1-en-1-yl-quinolin-4-one.yaml	75a4bdb4bd41cc2142c16c139ef891811aad9d286606a96872ba242d70f7ddc4	PENDING_DISCOVERY	0	0	0				0	0	0
CHEBI:133741	(E)-dodec-2-enal	SSNZFFBDIMUILS-ZHACJKMWSA-N	data/antibiotics/antibacterial/e-dodec-2-enal.yaml	3ae8d45e2c23df164db51a4077ae95b1ba0803ecaa468870f94aa8d877bbc20a	PENDING_DISCOVERY	0	0	0				0	0	0
CHEBI:48935	(E)-roxithromycin	RXZBMPWDPOLZGW-XMRMVWPWSA-N	data/antibiotics/antibacterial/e-roxithromycin.yaml	2071aaeccf1ec45fe0ccca0ee260a20e344ba40f217c8d881804d94911b75366	PENDING_DISCOVERY	0	0	0				0	0	0
CHEBI:167317	(E)-tomaymycin	UQVNRKBFAXNOGA-LWTNMJDUSA-N	data/antibiotics/antibacterial/e-tomaymycin.yaml	a9a84f2ac3c47f7014fed96996d2a16bf3618d9b063cea45d458fdc320d48ee5	PENDING_DISCOVERY	0	0	0				0	0	0
CHEBI:77543	ebselen	DYEFUKCXAQOFHX-UHFFFAOYSA-N	data/antibiotics/antibacterial/ebselen.yaml	0b9b8a9effc290726092b48186d6c28eb02a73ec688807f9c92466178b5053f2	PENDING_DISCOVERY	0	0	0				0	0	0
antibioticmech:curator-34020091be	ECF transporter inhibitor 36	KBHNQPNHOFMZND-UHFFFAOYSA-N	data/antibiotics/antibacterial/ecf-transporter-inhibitor-36.yaml	0547a8ff15a920c52a73114cf1e4e0e4d09a227f76d025d398efbad241859d96	PENDING_DISCOVERY	0	0	0				0	0	0
antibioticmech:aro-68a16c2153	edeine A	HENXXJCYASTLGZ-UHFFFAOYSA-N	data/antibiotics/antibacterial/edeine-a.yaml	a4e018392bf577094d249a902b415c0ccb8615c6dbf9fd98131fb26e78fe3a67	PENDING_PRIMARY_REVIEW	2	0	0				0	0	0
antibioticmech:aro-d075cb1991	edeine B	WEPSNLBXXUYQJF-LQXCWRENSA-N	data/antibiotics/antibacterial/edeine-b.yaml	c42a330b239336dd38d2b8e672a8ae4e21ff523ddd7e05316cb9cdf1698b381f	PENDING_PRIMARY_REVIEW	2	0	0				0	0	0
antibioticmech:aro-1cc6dbd596	edeine D	FPJBIRIVZPUIOL-DDURVGIBSA-N	data/antibiotics/antibacterial/edeine-d.yaml	0a8133a21e7dba3489cf2e685e50aef5f46329670115eaadcad0b519ebcce4a0	PENDING_PRIMARY_REVIEW	2	0	0				0	0	0
antibioticmech:aro-43392693fd	edeine F	WMAKHNPKGVNAJY-DDURVGIBSA-N	data/antibiotics/antibacterial/edeine-f.yaml	d148204834fc271b6148098fd0f7960e14750976d3a98aa0a7bf75f6a531c1ed	PENDING_PRIMARY_REVIEW	2	0	0				0	0	0
antibioticmech:aro-5d5ecfee72	efrotomycin	ASOJLQIBBYOFDE-OUYMVFBDSA-N	data/antibiotics/antibacterial/efrotomycin.yaml	14ca62f268b3c49fff1e5e83e4bcf7baa516c589284cf9600811c27bb1309768	PENDING_DISCOVERY	0	0	0				0	0	0
CHEBI:65822	EI-1511-3	NUTSBYCZDOSSIV-FFXBEMEVSA-N	data/antibiotics/antibacterial/ei-1511-3.yaml	46b608460332cecb52febf492b4861fca74cccabd97b74d346cd9d7ab0e98ca2	PENDING_DISCOVERY	0	0	0				0	0	0
antibioticmech:aro-9fd72752cb	enacyloxin IIa	IWBADCVFZDCUTN-RYDLOJRTSA-N	data/antibiotics/antibacterial/enacyloxin-iia.yaml	900a4687b67dc2952123b01b90dab40fbe93a302260971f9e7b06ca762bfc2a0	PENDING_PRIMARY_REVIEW	1	0	0				0	0	0
CHEBI:157175	enoxacin	IDYZIJYBMGIQMJ-UHFFFAOYSA-N	data/antibiotics/antibacterial/enoxacin.yaml	634f340fe359de5ce62f2aa04523590a8c313fad7812c7b3b57cf611d534628d	PENDING_PRIMARY_REVIEW	22	0	0				0	0	0
antibioticmech:aro-bd55fbe0ca	enramycin	NJCUSQKMYNTYOW-MWUYRYRWSA-N	data/antibiotics/antibacterial/enramycin.yaml	1ba9ab2b2524a581ce68852df0655626a2a0baeaf1dd0ca79f4033d50fa9bcd2	PENDING_DISCOVERY	0	0	0				0	0	0
CHEBI:35720	enrofloxacin	SPFYMRJSYKOXGV-UHFFFAOYSA-N	data/antibiotics/antibacterial/enrofloxacin.yaml	9241d3152ad77d4f0fbe6233b5795fa97af92588a49faa88d165f899e8347377	PENDING_PRIMARY_REVIEW	2	0	0				0	0	0
CHEBI:195558	entrectinib	HAYYBYPASCDWEQ-UHFFFAOYSA-N	data/antibiotics/antibacterial/entrectinib.yaml	35b601b8398371bf8b361437d8290b34d573a5b6a5793aeada99a7dbfdda4bda	PENDING_DISCOVERY	0	0	0				0	0	0
CHEBI:58974	epicillin	RPBAFSBGYDKNRG-NJBDSQKTSA-N	data/antibiotics/antibacterial/epicillin.yaml	dc31dd3afde0a529c157af4e2835b6fb24c7711dce2ce3ea9ed64d581ab123ef	PENDING_DISCOVERY	0	0	0				0	0	0
CHEBI:71659	epidermin	CXTXHTVXPMOOSW-JUEJINBGSA-N	data/antibiotics/antibacterial/epidermin.yaml	8b20237219539ae5141380fea6c78c2d38c37aea0b99316e8af0d05361d33f10	PENDING_DISCOVERY	0	0	0				0	0	0
antibioticmech:aro-d623ec0929	epinecidin-1	IJMVGIBIGDBVLY-FIFJRYGNSA-N	data/antibiotics/antibacterial/epinecidin-1.yaml	fca215e00078fa6336a8646e496d908f76a1c18fd994cf1b7d6803dee4a2e990	PENDING_DISCOVERY	0	0	0				0	0	0
CHEBI:91030	epithienamycin E	FQQFFZPBGYGDSX-NJFHWYBASA-N	data/antibiotics/antibacterial/epithienamycin-e.yaml	07a41d909647d213195a03cf8ad14ad0d9251a8a13bc7053a53247bc98b0bc08	PENDING_DISCOVERY	0	0	0				0	0	0
CHEBI:142135	equisetin	QNQBPPQLRODXET-HMHJLHGTSA-N	data/antibiotics/antibacterial/equisetin.yaml	25ff4496a027e2dd0c94810e189a2b06f71de2e284d1ae290c077c8f62a9df48	PENDING_DISCOVERY	0	0	0				0	0	0
antibioticmech:aro-2d35d60097	eravacycline	AKLMFDDQCHURPW-ISIOAQNYSA-N	data/antibiotics/antibacterial/eravacycline.yaml	5ec5965c9a45c0bb71139d28fb3a53320a7e5e0b2c5a03271c603849b1c4beab	PENDING_DISCOVERY	0	0	0				0	0	0
CHEBI:156313	erdasporine A	WIKWOGJGVQUVBW-UHFFFAOYSA-N	data/antibiotics/antibacterial/erdasporine-a.yaml	3c8e52a88d87883308f5c5a3a3adcf8c1aec6e0e4f207bdfeb2d1cac3f4eac6a	PENDING_DISCOVERY	0	0	0				0	0	0
CHEBI:156314	erdasporine B	POAWNROCPSHGIZ-UHFFFAOYSA-N	data/antibiotics/antibacterial/erdasporine-b.yaml	a5d5cd5a1991ae831494226d33cef5792e6ac4f2535656bd78a0a1c52fe45c9b	PENDING_DISCOVERY	0	0	0				0	0	0
CHEBI:156315	erdasporine C	DOZODIABNANYHJ-UHFFFAOYSA-N	data/antibiotics/antibacterial/erdasporine-c.yaml	4bf808fac31a44ceaa5d3d92ea03d91ca8ca43b4cf572687ac52964a4edad680	PENDING_DISCOVERY	0	0	0				0	0	0
CHEBI:233659	erianin	UXDFUVFNIAJEGM-UHFFFAOYSA-N	data/antibiotics/antibacterial/erianin.yaml	c16a0e85a727c411120b017f6d05337199208d6330e34efbf2f132b1e3d25560	PENDING_DISCOVERY	0	0	0				0	0	0
CHEBI:60070	ertapenem sodium	ZXNAQFZBWUNWJM-HRXMHBOMSA-M	data/antibiotics/antibacterial/ertapenem-sodium.yaml	02b254ca86abee56bba72762553c410f685c139e0ec328785df3fe6fbc5f527f	PENDING_DISCOVERY	0	0	0				0	0	0
CHEBI:404903	ertapenem	JUZNIMUFDBIJCM-ANEDZVCMSA-N	data/antibiotics/antibacterial/ertapenem.yaml	b7b94d852b4dacac59e87a8a7e078d06bb24e97f59109dce87204096fa6f9de2	PENDING_PRIMARY_REVIEW	9	0	4				0	0	0
CHEBI:65862	erybraedin A	HOGHBEDTLGAJAS-CPJSRVTESA-N	data/antibiotics/antibacterial/erybraedin-a.yaml	dd79f51ea16455e6452b15d7d82433a1900d5dc237807d2d36aab90c162e6020	PENDING_DISCOVERY	0	0	0				0	0	0
CHEBI:42355	erythromycin A	ULGZDMOVFRHVEP-RWJQBGPGSA-N	data/antibiotics/antibacterial/erythromycin-a.yaml	4639a9ca3005a92edabbab64b412731187bbe2a540971f251ce4a856bd6fe65f	PENDING_PRIMARY_REVIEW	110	0	0				0	0	0
CHEBI:132364	ethyl 3,4-dihydroxybenzoate	KBPUBCVJHFXPOC-UHFFFAOYSA-N	data/antibiotics/antibacterial/ethyl-3-4-dihydroxybenzoate.yaml	eecbbf31ec5803b05a5f8df04c3257dbdbb6fe80466a24e8b4dcc4d663722d91	PENDING_DISCOVERY	0	0	0				0	0	0
CHEBI:4893	ethyl acetoacetate	XYIBRDXRRQCHLP-UHFFFAOYSA-N	data/antibiotics/antibacterial/ethyl-acetoacetate.yaml	294ad8330d4e41d4d938aa840cc731572ab0774292f27d1fed43d2156fe00b52	PENDING_DISCOVERY	0	0	0				0	0	0
CHEBI:67481	ethyl lansiolate	MBFTWDFKACXAAV-XXYMEPQGSA-N	data/antibiotics/antibacterial/ethyl-lansiolate.yaml	95d45c3f43a7b77f41da5b1d31e9bd436234e41cabd2b8a7f676dd357d35a41c	PENDING_DISCOVERY	0	0	0				0	0	0
CHEBI:172922	ethylzingerone	MXLOKFOWFPJWCW-UHFFFAOYSA-N	data/antibiotics/antibacterial/ethylzingerone.yaml	5c1928d6c532da4d9c540a485bcbc508032d26775f2d56f75995954fa4dd4ba9	PENDING_DISCOVERY	0	0	0				0	0	0
CHEBI:134705	etimicin	NZGMVSJQULXLHF-RAKCNUBFSA-N	data/antibiotics/antibacterial/etimicin.yaml	4e17237c2e7b9111d9869955958030330b23ab4d6102676dfcb1816b24271859	PENDING_DISCOVERY	0	0	0				0	0	0
CHEBI:65868	etnangien	VHPBIOVAVQXSJO-DLGDGFEOSA-N	data/antibiotics/antibacterial/etnangien.yaml	dff97583db1092529409c2fb3b72d6d590a925a34104fbebc0c4aa46b250cdde	PENDING_DISCOVERY	0	0	0				0	0	0
CHEBI:229230	etrasimod	MVGWUTBTXDYMND-QGZVFWFLSA-N	data/antibiotics/antibacterial/etrasimod.yaml	2c394efc5c9ad1a6e3320ff90b8742f55c879674d1d2505a191e7f5a48dd8156	PENDING_DISCOVERY	0	0	0				0	0	0
CHEBI:4917	eugenol	RRAFCDWBNXTKKO-UHFFFAOYSA-N	data/antibiotics/antibacterial/eugenol.yaml	dd84a79c8d75aa3cebbcb7889e2209f54a294041811eb2f80d1d0195648ddeb6	PENDING_DISCOVERY	0	0	0				0	0	0
antibioticmech:aro-985189abb0	evernimicin	UPADRKHAIMTUCC-OWALTSPQSA-N	data/antibiotics/antibacterial/evernimicin.yaml	80c1ec671299a546920c2af0684f95122c8e3602ac9757b348c595890b8e6be5	PENDING_PRIMARY_REVIEW	1	0	0				0	0	0
antibioticmech:aro-fdb0f4de1c	factumycin	HMBDLBWGDMNPDW-SUXULKRESA-N	data/antibiotics/antibacterial/factumycin.yaml	8b414bcc53c3e339dc082b536424a9d63746cc0bb87e8d48d826bb938ce76d0f	PENDING_PRIMARY_REVIEW	1	0	0				0	0	0
CHEBI:51788	faropenem	HGGAKXAHAYOLDJ-YZJVMBJSSA-N	data/antibiotics/antibacterial/faropenem.yaml	5bb9ca72fbb40b588c090329822ea8c56846e061ab9db9bcf32a1448d3c7e62d	PENDING_PRIMARY_REVIEW	1	0	0				0	0	0
antibioticmech:aro-251ff28ef6	fasamycin A	NCBUKYVWLOGAPQ-UHFFFAOYSA-N	data/antibiotics/antibacterial/fasamycin-a.yaml	7bb30f453f08c421a6fe18e8e6691349630c9ff9b62097b47bcc270544cdd385	PENDING_DISCOVERY	0	0	0				0	0	0
antibioticmech:aro-a1068a1a74	fasamycin B	GNOXRTCHZREFRE-UHFFFAOYSA-N	data/antibiotics/antibacterial/fasamycin-b.yaml	871f5af3a1a7755b494006a0bddefca9308012d92922c72ca292c2340179a436	PENDING_DISCOVERY	0	0	0				0	0	0
antibioticmech:aro-98a9bd6ff9	fasamycin G	WYAIRDUHOFECHX-UHFFFAOYSA-N	data/antibiotics/antibacterial/fasamycin-g.yaml	bad79c91c7b49a679f4a549ef8a08d709c38c1e7daceae85de5d8e77a8ffe565	PENDING_DISCOVERY	0	0	0				0	0	0
antibioticmech:aro-53ea9afd3e	fasamycin H	MTRMGJAIETUBQO-UHFFFAOYSA-N	data/antibiotics/antibacterial/fasamycin-h.yaml	4b58645caeb5736f462e5700f7e3c1c274e5ab7bae081550fdef391534354501	PENDING_DISCOVERY	0	0	0				0	0	0
antibioticmech:aro-4406f1da89	fasamycin I	ASZOUSIHEISETE-UHFFFAOYSA-N	data/antibiotics/antibacterial/fasamycin-i.yaml	db2035f733cd1cdce4d55f8212de5142c9be2f50a444acba3daa2d9b5f826168	PENDING_DISCOVERY	0	0	0				0	0	0
antibioticmech:aro-f3aad264a4	fasamycin J	SQAVVPNPTLMTMX-UHFFFAOYSA-N	data/antibiotics/antibacterial/fasamycin-j.yaml	e6d97bfb7b97e84771461b23ea6ff0938e50c832f0af20407a98defc55d1c410	PENDING_DISCOVERY	0	0	0				0	0	0
antibioticmech:aro-365d0d8bfd	fasamycin K	YYLAZAXBHRXJFC-UHFFFAOYSA-N	data/antibiotics/antibacterial/fasamycin-k.yaml	f6cce7b593bb00eca8975606259bf5b5cd31ce50832d16a31bf1abc661abdd78	PENDING_DISCOVERY	0	0	0				0	0	0
CHEBI:69216	fatsicarpain A	ZMKQRHHJEZOFLT-KFYXPMKRSA-N	data/antibiotics/antibacterial/fatsicarpain-a.yaml	f4fde55544a37bbdbb899af027a49e32bef353b9b855d78c41323f947e931879	PENDING_DISCOVERY	0	0	0				0	0	0
CHEBI:69218	fatsicarpain C	BICZFYRWUHELRT-KFYXPMKRSA-N	data/antibiotics/antibacterial/fatsicarpain-c.yaml	11a82cd40e2b6ac7112243860e7e0226f86471c807d36638bca9960d3d36100b	PENDING_DISCOVERY	0	0	0				0	0	0
CHEBI:69221	fatsicarpain F	XPGFAFLAVZYSFJ-AJNNAGPSSA-N	data/antibiotics/antibacterial/fatsicarpain-f.yaml	3608e89b515261cc47de8ff72e90ab8115ec49b6fd920fabb17ec578b79bc7f0	PENDING_DISCOVERY	0	0	0				0	0	0
CHEBI:70168	fellutanine	DNHODRZUCGXYKU-BGYRXZFFSA-N	data/antibiotics/antibacterial/fellutanine.yaml	8f8648c24a82d901dee27367f9086aa8e2a68466abaee278652536695387e2a9	PENDING_DISCOVERY	0	0	0				0	0	0
CHEBI:83606	fenticonazole nitrate	FJNRUWDGCVDXLU-UHFFFAOYSA-N	data/antibiotics/antibacterial/fenticonazole-nitrate.yaml	17774fcad7dda895dbd348326bdc2691ee73e06cf3ca9194b23ea81bc00adb3a	PENDING_DISCOVERY	0	0	0				0	0	0
CHEBI:78274	ferruginol	QXNWVJOHUAQHLM-AZUAARDMSA-N	data/antibiotics/antibacterial/ferruginol.yaml	dbccd6d24dc044aacc1dc13c1d55dca67f93049ff7961436351211faf71b3dc0	PENDING_DISCOVERY	0	0	0				0	0	0
CHEBI:68590	fidaxomicin	ZVGNESXIJDCBKN-KFGPIHIUSA-N	data/antibiotics/antibacterial/fidaxomicin.yaml	678f24edb26659bd4b66ed4f7a824f5912ada22f63bcb579dbec75d15c765c73	PENDING_DISCOVERY	0	0	0				0	0	0
CHEBI:85176	finafloxacin	FYMHQCNFKNMJAV-HOTGVXAUSA-N	data/antibiotics/antibacterial/finafloxacin.yaml	6662b43283e6f514aa8743818932655508c4b008a59c1973d229c0ae5c1c06b8	PENDING_DISCOVERY	0	0	0				0	0	0
antibioticmech:curator-68713b9d28	Fisetin	XHEFDIBZLJXQHF-UHFFFAOYSA-N	data/antibiotics/antibacterial/fisetin.yaml	dda0eaf619ee7624c6daf65bd4436477d19f63c4de6f5bbd3e83f810c86f4d4b	PENDING_DISCOVERY	0	0	0				0	0	0
CHEBI:65897	flavaspidic acid AB	XRWVZSPWRNDJNS-UHFFFAOYSA-N	data/antibiotics/antibacterial/flavaspidic-acid-ab.yaml	ef19893d31d2608e221ebc7410f7bba23b4c2090678dbdc2d018145f18eddcc9	PENDING_DISCOVERY	0	0	0				0	0	0
CHEBI:65898	flavaspidic acid PB	NGODKUCEKYYIFN-UHFFFAOYSA-N	data/antibiotics/antibacterial/flavaspidic-acid-pb.yaml	f25406af901ea5863d4cd834dfc3fd176a19a225375e8ce3a534dea4110b24f4	PENDING_DISCOVERY	0	0	0				0	0	0
CHEBI:194484	flavocillin	FBFNOKWBJGHOGZ-LROQTYINSA-N	data/antibiotics/antibacterial/flavocillin.yaml	07ba2cf005fb557fd9033d7007646b0f5c6adfaad5b8b04c59c16eba1963ccf3	PENDING_DISCOVERY	0	0	0				0	0	0
CHEBI:31810	fleroxacin	XBJBPGROQZJDOJ-UHFFFAOYSA-N	data/antibiotics/antibacterial/fleroxacin.yaml	c92d8c042d12053cec9cbedffd39b5f0a7ac3c3cde7e954219952e4fb4a8cede	PENDING_DISCOVERY	0	0	0				0	0	0
CHEBI:135813	flomoxef	UHRBTBZOWWGKMK-DOMZBBRYSA-N	data/antibiotics/antibacterial/flomoxef.yaml	1e7835c7dd7da6d5e86c74eed4944e4ffbfaf080039245d87cb008d795b4148b	PENDING_PRIMARY_REVIEW	2	0	0				0	0	0
CHEBI:87185	florfenicol	AYIRNRDRBQJXIF-NXEZZACHSA-N	data/antibiotics/antibacterial/florfenicol.yaml	4e06524e4be93575485ebe7a93d6d9fd466041cd7cfc6825e888bd387d1ea762	PENDING_PRIMARY_REVIEW	11	0	0				0	0	0
CHEBI:5098	flucloxacillin	UIOFUWFRIANQPC-JKIFEVAISA-N	data/antibiotics/antibacterial/flucloxacillin.yaml	26dcc8ad4a40b0561e36aca5634fffba8f56816294daaca568a3661ba258b670	PENDING_DISCOVERY	0	0	0				0	0	0
CHEBI:222417	fluopsin C	PGYZQLIUYISMJD-UHFFFAOYSA-N	data/antibiotics/antibacterial/fluopsin-c.yaml	88ad3ffbd660aac12b0c95ee9d5d8245b711d502ac6dc7e7a9472c7cdc96725b	PENDING_DISCOVERY	0	0	0				0	0	0
CHEBI:231919	fluopsin	LSLVHNSGLHQBDX-UHFFFAOYSA-N	data/antibiotics/antibacterial/fluopsin.yaml	81f2f4c7802d3ff3031b513690cbdb0f285380b716a21631469b504c9bd02b9c	PENDING_DISCOVERY	0	0	0				0	0	0
CHEBI:231921	fluquinometoate	JXNYQAJFIFYARB-UHFFFAOYSA-N	data/antibiotics/antibacterial/fluquinometoate.yaml	83c27747569cc4ff67d12e9ebdb2ee4e0d80a82c75af5914f0f376cf020f16ad	PENDING_DISCOVERY	0	0	0				0	0	0
CHEBI:131719	flurithromycin	XOEUHCONYHZURQ-HNUBZJOYSA-N	data/antibiotics/antibacterial/flurithromycin.yaml	fdaca7bac0c870586062e47c5069721bd5ea393e005d81d6a94d494ee1462219	PENDING_DISCOVERY	0	0	0				0	0	0
CHEBI:133759	fonsecinone A	FFNPXDMNZBCNMN-UHFFFAOYSA-N	data/antibiotics/antibacterial/fonsecinone-a.yaml	cada8c120c8b3fad0f163d024d67cf01e73d85b45e2f2a02a5c9ed6b9a4f076f	PENDING_DISCOVERY	0	0	0				0	0	0
CHEBI:133757	fonsecinone C	XWHLKURAEUPHAB-UHFFFAOYSA-N	data/antibiotics/antibacterial/fonsecinone-c.yaml	d3f0f230f5692785f5ef4c1481b1076590ed1ffc7df8225db55b4cef455cfed0	PENDING_DISCOVERY	0	0	0				0	0	0
CHEBI:30751	formic acid	BDAGIHXWWSANSR-UHFFFAOYSA-N	data/antibiotics/antibacterial/formic-acid.yaml	f57af624b1dc4c87684ee4d17484d1d8ca281f849adb4d0365bb0ea5779b4cb1	PENDING_DISCOVERY	0	0	0				0	0	0
antibioticmech:aro-35e3f4294f	formicamycin A	PYYNLZYNJIYAOW-YKGWIAGDSA-N	data/antibiotics/antibacterial/formicamycin-a.yaml	6cde6910796eba02ef4c64faf9a7243554a0a1c017de75090b2283bc7a44314f	PENDING_DISCOVERY	0	0	0				0	0	0
antibioticmech:aro-39c9b140ad	formicamycin B	DZLMIXIOUIFBDM-ACSYHNTCSA-N	data/antibiotics/antibacterial/formicamycin-b.yaml	0f9282954d03292cffe0b63e4ddfafd09ee2db19fe6f382fcef66619de12db72	PENDING_DISCOVERY	0	0	0				0	0	0
antibioticmech:aro-b3c99ef3d8	formicamycin C	BDNWOBBVDVIJGL-PRAQEBQASA-N	data/antibiotics/antibacterial/formicamycin-c.yaml	dca100ad7381336a2ebcc71bab6d366e0e9423628fe375b4c753fab4dceb2df0	PENDING_DISCOVERY	0	0	0				0	0	0
antibioticmech:aro-865dbced81	formicamycin D	RRDKRMMBMWKANR-LDLUVENISA-N	data/antibiotics/antibacterial/formicamycin-d.yaml	5415c894335e3056f85c83e0cc32eda8d63dfea87d682bd7971fb45fa821d576	PENDING_DISCOVERY	0	0	0				0	0	0
antibioticmech:aro-d39089d50d	formicamycin E	ITMXZWXSZNBZAO-HZAQMHFWSA-N	data/antibiotics/antibacterial/formicamycin-e.yaml	3622f07abe510163b8926d471e311e8a460a0ed404bb545eb75b7b7cab37dbfa	PENDING_DISCOVERY	0	0	0				0	0	0
antibioticmech:aro-d4b630f1d7	formicamycin F	UOFYXWHFYPFLPH-HZAQMHFWSA-N	data/antibiotics/antibacterial/formicamycin-f.yaml	e5761d6ca3fb2e8a7edfc6235e0181faed15266d1e60ac06e12f6f259ae42f60	PENDING_DISCOVERY	0	0	0				0	0	0
antibioticmech:aro-940323dd61	formicamycin G	XKPCUXOZLGRCDH-BJLXPSRBSA-N	data/antibiotics/antibacterial/formicamycin-g.yaml	87bd886d909ff99029290e970f8731300e3464275e582585c60a99a9c4d5415b	PENDING_DISCOVERY	0	0	0				0	0	0
antibioticmech:aro-19df9f1f8a	formicamycin H	WITUCWDZFNOOOS-BJLXPSRBSA-N	data/antibiotics/antibacterial/formicamycin-h.yaml	b3197b2a95247f4b1b629ce95913a8fae963ab03735e6efcc4d189be64562aed	PENDING_DISCOVERY	0	0	0				0	0	0
antibioticmech:aro-18bdab079e	formicamycin I	RAPTZTAHJXHERF-MHTXLSKPSA-N	data/antibiotics/antibacterial/formicamycin-i.yaml	cc51559ccda69afe02231a59a63c0d4d5d1d4ac392837ddc660a2930849156db	PENDING_DISCOVERY	0	0	0				0	0	0
antibioticmech:aro-274dd73c04	formicamycin J	TVYNBNZEEHEPOX-XHDOVSQSSA-N	data/antibiotics/antibacterial/formicamycin-j.yaml	9624ea40a76d107c5a8f29bc500e9abdacd7e41fb78c9a30743a1f8986ec27c5	PENDING_DISCOVERY	0	0	0				0	0	0
antibioticmech:aro-7c0cf8c565	formicamycin K	VBPSRGCJSHVRCC-BJLXPSRBSA-N	data/antibiotics/antibacterial/formicamycin-k.yaml	7ec3fba87cf92e75d8facfb8c3d0a0db567b2d8dc1dfede93575ba9866ae7eec	PENDING_DISCOVERY	0	0	0				0	0	0
antibioticmech:aro-c18438bef6	formicamycin L	VDYUYQSSBLFXNW-XHDOVSQSSA-N	data/antibiotics/antibacterial/formicamycin-l.yaml	b543291e84bdc598af494604b89096d865d9f2b9496757aa27e1552a558e5dbf	PENDING_DISCOVERY	0	0	0				0	0	0
antibioticmech:aro-4fcd06e09d	formicamycin M	KHXIDNHTRXJJNS-YKGWIAGDSA-N	data/antibiotics/antibacterial/formicamycin-m.yaml	17ec2d39683631944084f1ad5394f366001c8d883b3608e79781f4824dfa6e76	PENDING_DISCOVERY	0	0	0				0	0	0
antibioticmech:aro-a22b27492c	formicamycin N	GYMKHISEUBVBBR-ONOMSOESSA-N	data/antibiotics/antibacterial/formicamycin-n.yaml	08926ce753aa8944243a1de2ddd59ddb3349643cf0719cd8dca0ffa46279637e	PENDING_DISCOVERY	0	0	0				0	0	0
antibioticmech:aro-17e5b16969	formicamycin O	MSTGSKMQIWAVEE-ONOMSOESSA-N	data/antibiotics/antibacterial/formicamycin-o.yaml	c6388735b9e9c091f8601efcf1b81d6f4d25648d080db676598166972aec5ad6	PENDING_DISCOVERY	0	0	0				0	0	0
antibioticmech:aro-0c3c5e785d	formicamycin P	LWRJCRVGRLKUNI-PIIWDFAUSA-N	data/antibiotics/antibacterial/formicamycin-p.yaml	d09679f7b410d29ed2ba14a2d2e208462bf6ad362a2d6c3189cc1b9d1bf76cea	PENDING_DISCOVERY	0	0	0				0	0	0
antibioticmech:aro-63b276648e	formicamycin Q	CZOSIVQZBIQJDQ-IIMAJNMQSA-N	data/antibiotics/antibacterial/formicamycin-q.yaml	267d6fe15a69a97ffce7ccde068f495c73b71c4a21564da4f0cc4d6808c41da5	PENDING_DISCOVERY	0	0	0				0	0	0
antibioticmech:aro-1286e26ebd	formicin	HWJHZLJIIWOTGZ-UHFFFAOYSA-N	data/antibiotics/antibacterial/formicin.yaml	9aee1a2aae343d0d1ada062e93529261b1c933b2c0510487c6d5ab4196a9cbb9	PENDING_DISCOVERY	0	0	0				0	0	0
CHEBI:28915	fosfomycin	YMDXZJFXQJVXBF-STHAYSLISA-N	data/antibiotics/antibacterial/fosfomycin.yaml	8ec919ac0d58e58e036dfebcd51a1c8f24ce066c58633b389195b39801f37348	PENDING_PRIMARY_REVIEW	48	0	0				0	0	0
CHEBI:443725	fosmidomycin	GJXWDTUCERCKIX-UHFFFAOYSA-N	data/antibiotics/antibacterial/fosmidomycin.yaml	4e757e9e15addf26cb33c9cad2bcde1fd9ba7edd05d20e2b9737003d731b5c2f	PENDING_DISCOVERY	0	0	0				0	0	0
CHEBI:7508	framycetin	PGBHMTALBVVCIT-VCIWKGPPSA-N	data/antibiotics/antibacterial/framycetin.yaml	91daf6ad3d0921befa88fabaa8c0fa2e078059b8778d176e637a159a68f2b0ac	PENDING_PRIMARY_REVIEW	29	0	0				0	0	0
CHEBI:5169	fraxetin	HAVWRBANWNTOJX-UHFFFAOYSA-N	data/antibiotics/antibacterial/fraxetin.yaml	318a1727a69d15f918d1de80822247f033a4acea839f8fde0a3c4e929cab006e	PENDING_DISCOVERY	0	0	0				0	0	0
CHEBI:48635	fumagillin	NGGMYCMLYOUNGM-CSDLUJIJSA-N	data/antibiotics/antibacterial/fumagillin.yaml	e364dc524ed72f4e5587fecc8f872d5f41625715308ce3e1911ca478af977c8c	PENDING_DISCOVERY	0	0	0				0	0	0
CHEBI:65931	fumimycin	QWMZGLCXYLPQAZ-CJWQODIFSA-N	data/antibiotics/antibacterial/fumimycin.yaml	103495a8c1751fc4a7fffef5f5119848d3593819dda692d5ea6ae6ca18fb97a5	PENDING_DISCOVERY	0	0	0				0	0	0
CHEBI:131714	furagin	DECBQELQORZLLP-UHFFFAOYSA-N	data/antibiotics/antibacterial/furagin.yaml	b06bab9e8c14167df8e5249a12222da97d3820079c3761c483425a77378b58e7	PENDING_DISCOVERY	0	0	0				0	0	0
CHEBI:74803	furaltadone	YVQVOQKFMFRVGR-UHFFFAOYSA-N	data/antibiotics/antibacterial/furaltadone.yaml	d4e17f0966b29b0385bf98d2afbf694803ce175e422a5fd48bb509c85afc5723	PENDING_DISCOVERY	0	0	0				0	0	0
CHEBI:79390	furanomycin	PNOKUGWGMLEAPE-JKUQZMGJSA-N	data/antibiotics/antibacterial/furanomycin.yaml	1adf925481beaff7dc5fcee7fc686e1a51285ec7692eade9256c94aa75ce1308	PENDING_DISCOVERY	0	0	0				0	0	0
CHEBI:5195	furazolidone	PLHJDBGFXBMTGZ-UHFFFAOYSA-N	data/antibiotics/antibacterial/furazolidone.yaml	7174199268fa344d7a72b06a86036ac139856acf91004c42c9ff43d1d9e48d8c	PENDING_DISCOVERY	0	0	0				0	0	0
CHEBI:29013	fusidic acid	IECPWNUMDGFDKC-MZJAQBGESA-N	data/antibiotics/antibacterial/fusidic-acid.yaml	d44e12bee3046521b4196e7c55b7765a97679553354137470771673b9fd1ebd3	PENDING_PRIMARY_REVIEW	8	0	0				0	0	0
antibioticmech:aro-9047378d43	G418	BRZYSWJRSDMWLG-DJWUNRQOSA-N	data/antibiotics/antibacterial/g418.yaml	f59ed83b2cf79b0d898e7a5c126bb98e4024d73f32f7aad90687d901e598f2bd	PENDING_PRIMARY_REVIEW	6	0	0				0	0	0
CHEBI:231505	gallium nitrate	CHPZKNULDCNCBW-UHFFFAOYSA-N	data/antibiotics/antibacterial/gallium-nitrate.yaml	4528990af15711ad625a9d32469a19011d812ddb9a2d6bb0f8268664fd97102f	PENDING_DISCOVERY	0	0	0				0	0	0
CHEBI:195437	gamithromycin	VWAMTBXLZPEDQO-UZSBJOJWSA-N	data/antibiotics/antibacterial/gamithromycin.yaml	1024e78e7b408b4bfd2892a8471bafcc118694d3ae43915d19d8c7c1f523458e	PENDING_DISCOVERY	0	0	0				0	0	0
CHEBI:69099	gancaonin I	DKVBYQAVNNRVNN-UHFFFAOYSA-N	data/antibiotics/antibacterial/gancaonin-i.yaml	039a6a03395a8f7e4dc5d0eb9161b636817288e24eb452ff16788c27cad40b4f	PENDING_DISCOVERY	0	0	0				0	0	0
CHEBI:131716	garenoxacin	NJDRXTDGYFKORP-LLVKDONJSA-N	data/antibiotics/antibacterial/garenoxacin.yaml	6865390d76b965ae2a568741a643f4b2e4f940396f07a6085b680a69c8f979ab	PENDING_DISCOVERY	0	0	0				0	0	0
CHEBI:5280	gatifloxacin	XUBOMFCQGDBHNK-UHFFFAOYSA-N	data/antibiotics/antibacterial/gatifloxacin.yaml	e3883d708a297d9271617e256fdbbc2f7d50c5520e9a9995ef553861ddce4c27	PENDING_PRIMARY_REVIEW	22	0	10				0	0	0
CHEBI:29584	GE2270A	JMDULECOHIXMNX-UHFFFAOYSA-N	data/antibiotics/antibacterial/ge2270a.yaml	96a0384cdf3c3474a56af128eb22fd2bad2250f530e67035b8644fc51776974f	PENDING_PRIMARY_REVIEW	2	0	0				0	0	0
antibioticmech:aro-7d06ad4acd	GE37468	IZEAZUCUNIRFMQ-SBZMANJYSA-N	data/antibiotics/antibacterial/ge37468.yaml	caf08bff09e514a341af31d0018ccc8ee01da663364cde608f7c7b7477e974b4	PENDING_DISCOVERY	0	0	0				0	0	0
CHEBI:101853	gemifloxacin	ZRCVYEYHRGVLOC-HYARGMPZSA-N	data/antibiotics/antibacterial/gemifloxacin.yaml	51c75d31bee636bc3872d9bf214c48dc3b94c16f6ecd8ddfbfdc6d2badb4220c	PENDING_PRIMARY_REVIEW	1	0	0				0	0	0
antibioticmech:curator-a1214aecf9	Genipin	AZKVWQKMDGGDSV-BCMRRPTOSA-N	data/antibiotics/antibacterial/genipin.yaml	d40f85a5ec46f71df086e0b99f321d61395eaedb877a338451bd81eafbbeb6d3	PENDING_DISCOVERY	0	0	0				0	0	0
antibioticmech:aro-808cc3b683	gentamicin B	RHRAMPXHWHSKQB-GGEUKFTFSA-N	data/antibiotics/antibacterial/gentamicin-b.yaml	b23a05a88774ff27fa5f1296f4e9fb3493a878c9c9f8f66eae6be0c3acd2dbb3	PENDING_PRIMARY_REVIEW	13	0	0				0	0	0
antibioticmech:aro-6407ce57f1	gentamicin C	VEGXETMJINRLTH-ALRICIOSSA-N	data/antibiotics/antibacterial/gentamicin-c.yaml	b307020c0603c33989e7fcf9112897cdf36b7cbc17d10f1a2e9bb159c905836d	PENDING_PRIMARY_REVIEW	14	0	0				0	0	0
antibioticmech:aro-714bb3cd2d	gentamicin X	HFLKNINDVFJPQT-ZFAMMYHGSA-N	data/antibiotics/antibacterial/gentamicin-x.yaml	fa91a8f4c6486d888407efe763b8b9753b30bd644b522e457c8d55cf6df78031	PENDING_DISCOVERY	0	0	0				0	0	0
antibioticmech:aro-b380d64ee1	gentamicin	CEAZRRDELHUEMR-UHFFFAOYSA-N	data/antibiotics/antibacterial/gentamicin.yaml	fed1a91545302837eba2fa9dc4cf048db7e423556ef956f5d35cc226dd7ac5d8	PENDING_PRIMARY_REVIEW	32	0	12				0	0	0
CHEBI:28418	gentamycin A	LKKVGKXCMYHKSL-LLZRLKDCSA-N	data/antibiotics/antibacterial/gentamycin-a.yaml	30ac6f1f487c2b3a9a3d038d50c6bc86d8cd091ccb903b2b49c0fddae9771441	PENDING_PRIMARY_REVIEW	19	0	0				0	0	0
antibioticmech:aro-b2e68d25c8	gepotidacin	PZFAZQUREQIODZ-LJQANCHMSA-N	data/antibiotics/antibacterial/gepotidacin.yaml	669d3ca1ed4257c69f2442636ef93b6afe1874204de044d99fdf357114acc40c	PENDING_DISCOVERY	0	0	0				0	0	0
CHEBI:229666	geranylgeranyl acetate	NHYSRKKHKHCRGR-RFRQLJORSA-N	data/antibiotics/antibacterial/geranylgeranyl-acetate.yaml	90cfd177544fdbc38cca87a9bec8e6e3e5d20568e472df2eec95f59daff4b185	PENDING_DISCOVERY	0	0	0				0	0	0
CHEBI:156363	gibepyrone A	FEEGMVBAILJAQO-QPJJXVBHSA-N	data/antibiotics/antibacterial/gibepyrone-a.yaml	d880fc1a8effbf0fab8b047dfbf2aad391bd99d2bf0a25f9eb6ca522d584a592	PENDING_DISCOVERY	0	0	0				0	0	0
CHEBI:134347	glandicoline B	YEVSOYBNHBOQJZ-GCTRCSCRSA-N	data/antibiotics/antibacterial/glandicoline-b.yaml	537515d421eedfeb22e379dbbad16d8e8291e5dad4e760cf466f5a9253512470	PENDING_DISCOVERY	0	0	0				0	0	0
CHEBI:69086	glycyrin	FWWGXZYUURXJLK-UHFFFAOYSA-N	data/antibiotics/antibacterial/glycyrin.yaml	2685521a666391b20d0a785c2061d0a24d714bfed93d21832bb160146fb0083d	PENDING_DISCOVERY	0	0	0				0	0	0
CHEBI:65976	glycyrrhizol A	CBPFOSMNDISZLV-UHFFFAOYSA-N	data/antibiotics/antibacterial/glycyrrhizol-a.yaml	1bc2074fa74610501691ecea7c625cde51a8921e4e51123fc6812b55ecd4d96a	PENDING_DISCOVERY	0	0	0				0	0	0
CHEBI:65977	glycyrrhizol B	BKLGAGSBCOUJGV-UHFFFAOYSA-N	data/antibiotics/antibacterial/glycyrrhizol-b.yaml	22eeff098339cece62a785c0284d7d35b4912ca9bda0122bd90a804bfd96ea1e	PENDING_DISCOVERY	0	0	0				0	0	0
antibioticmech:aro-d384fdc29d	gramicidin A	ZWCXYZRRTRDGQE-LUPIJMBPSA-N	data/antibiotics/antibacterial/gramicidin-a.yaml	9253f5ea07ea19f30f42239a86db17709c72b5b2673986bfc6fae19b9a2749bd	PENDING_DISCOVERY	0	0	0				0	0	0
antibioticmech:aro-f2b46f8b0e	gramicidin B	LQSMEVHEYXACJP-DSHASFMGSA-N	data/antibiotics/antibacterial/gramicidin-b.yaml	575e96e642ca513d7c9e0ccc67b85d3c91f4875e7751d53aa8e06c4a2ac1f3d1	PENDING_DISCOVERY	0	0	0				0	0	0
antibioticmech:aro-bf39ac682c	gramicidin C	IUAYMJGZBVDSGL-XNNAEKOYSA-N	data/antibiotics/antibacterial/gramicidin-c.yaml	2d6f2a226f80e692f51313152f18929496e2c7ffd5de864926dfe1c1dd79140f	PENDING_DISCOVERY	0	0	0				0	0	0
antibioticmech:aro-edfe06b075	gramicidin D	NDAYQJDHGXTBJL-MWWSRJDJSA-N	data/antibiotics/antibacterial/gramicidin-d.yaml	fb3d0ba1d590d13e800eb375e898ed3e4446d87e7e75bf489966fa72fce724b9	PENDING_DISCOVERY	0	0	0				0	0	0
antibioticmech:aro-0734abf918	gramicidin S	IUAYMJGZBVDSGL-XNNAEKOYSA-N	data/antibiotics/antibacterial/gramicidin-s.yaml	d5b5bc269bda12fdcbc671ee93c42b9bdebacf4865201c912b843830da4cb917	PENDING_DISCOVERY	0	0	0				0	0	0
antibioticmech:aro-1204fa50d9	gramicidin	ZWCXYZRRTRDGQE-SORVKSEFSA-N	data/antibiotics/antibacterial/gramicidin.yaml	3d0450b108d67050a82b030bca07da99aaf5e292606e1566e61f5442ad70a4f6	PENDING_DISCOVERY	0	0	0				0	0	0
CHEBI:28948	gramine	OCDGBSUVYYVKQZ-UHFFFAOYSA-N	data/antibiotics/antibacterial/gramine.yaml	1b008c6dc33a3b482cf362f9b9cc914027d906cb14a7cbcd479819cfed309eab	PENDING_DISCOVERY	0	0	0				0	0	0
CHEBI:141130	grandiflorenic acid	RJIPNPHMQGDUBW-RFGKEDTNSA-N	data/antibiotics/antibacterial/grandiflorenic-acid.yaml	6e8d62bac8921ca64dde46b21e3fcc86db98d0ec498305678d1b348caf6c51ac	PENDING_DISCOVERY	0	0	0				0	0	0
CHEBI:5543	Grepafloxacin	AIJTTZAVMXIJGM-UHFFFAOYSA-N	data/antibiotics/antibacterial/grepafloxacin.yaml	20511dc1a7296b36409e28f12b48f73686fe44437bc4bc2ec5683306aa5332fa	PENDING_PRIMARY_REVIEW	20	0	0				0	0	0
CHEBI:27779	griseofulvin	DDUHZTYCFQRHIY-RBHXEPJQSA-N	data/antibiotics/antibacterial/griseofulvin.yaml	6e273b696bc7d35bfd2ffd14f54d92de0dd7c9ad8ee8dd815272c89beaafbcf1	PENDING_DISCOVERY	0	0	0				0	0	0
antibioticmech:aro-4a4590abba	griseoviridin	UXWOXTQWVMFRSE-SXTNSRNPSA-N	data/antibiotics/antibacterial/griseoviridin.yaml	2bf5f875d0d12b7c624625511bd824d33d26e032731221619295b1ba52aab13a	PENDING_PRIMARY_REVIEW	26	0	0				0	0	0
CHEBI:68289	(−)-gynuraone	COBAEYCUCRUGRP-MLUIRONXSA-N	data/antibiotics/antibacterial/gynuraone.yaml	9d7028867929b53d3125b2b95a39e266c6670077f9e90350be38f1c9322a4dbf	PENDING_DISCOVERY	0	0	0				0	0	0
CHEBI:71531	gypsogenic acid	PAIBKVQNJKUVCE-JUENUIDLSA-N	data/antibiotics/antibacterial/gypsogenic-acid.yaml	66fba9fa9a412b5e78a3a82546d03ec5d8d09314fe7da6f0147b58178cdb1227	PENDING_DISCOVERY	0	0	0				0	0	0
CHEBI:146227	halicin	NQQBNZBOOHHVQP-UHFFFAOYSA-N	data/antibiotics/antibacterial/halicin.yaml	2e3dd85437d923d152d6524c8919c33ce375fb543adc83b8a5af7d71b1aefce2	PENDING_DISCOVERY	0	0	0				0	0	0
CHEBI:135477	halocarban	ZFSXZJXLKAJIGS-UHFFFAOYSA-N	data/antibiotics/antibacterial/halocarban.yaml	86433e675ca9fea03be2bf9b90a77316f4a4b030ef64eb2b2be7febe89bd1e0a	PENDING_DISCOVERY	0	0	0				0	0	0
antibioticmech:aro-12bdf3352c	halolitoralin A	SXVHYPUSAGNSMU-HXZOEFROSA-N	data/antibiotics/antibacterial/halolitoralin-a.yaml	7fe9bcec20d07373de60320c50eaab2ea436d037e6fef7359fd91efb08d9ac9a	PENDING_DISCOVERY	0	0	0				0	0	0
antibioticmech:aro-a23579298c	halolitoralin B	AKSOODVGSHGQHA-VMXHOPILSA-N	data/antibiotics/antibacterial/halolitoralin-b.yaml	6fd6db6f73f00c17882dcb0d177cc224958d34e35f808151869a495f0d71a5f0	PENDING_DISCOVERY	0	0	0				0	0	0
antibioticmech:aro-e690d68430	halolitoralin C	ACTUUECIBHHYLY-DYKIIFRCSA-N	data/antibiotics/antibacterial/halolitoralin-c.yaml	e2ffd11f5ac0db9c2f05ba76539ef262eefb0c7dd0eb9abc12380f51753fd65f	PENDING_DISCOVERY	0	0	0				0	0	0
CHEBI:141360	helvolic acid methyl ester	JHEAWXMXAWIRAB-FTVOIDONSA-N	data/antibiotics/antibacterial/helvolic-acid-methyl-ester.yaml	1c0ce1c99f57d41951ca9fdec71946f9728e8af7fd6b3e725498167029b4dd52	PENDING_DISCOVERY	0	0	0				0	0	0
CHEBI:62460	helvolic acid	MDFZYGLOIJNNRM-OAJDADRGSA-N	data/antibiotics/antibacterial/helvolic-acid.yaml	03e75200631e515827f25f71eeaf317c79e528d7a5453f5c317ee59767ad45ac	PENDING_DISCOVERY	0	0	0				0	0	0
antibioticmech:aro-828c8da980	heneicomycin	VKGDSUWMXCVJEA-ZODLGNRVSA-N	data/antibiotics/antibacterial/heneicomycin.yaml	1254f27c2e5cdf677a3f3301c555a197b77ac7e81cc73cc8378f5ff77ff56746	PENDING_DISCOVERY	0	0	0				0	0	0
CHEBI:34785	heptachlor	FRCCEHPWNOQAEU-UHFFFAOYSA-N	data/antibiotics/antibacterial/heptachlor.yaml	1f9a9d3b29e59b55b2af947cf886a5320fe6dd6eb028d44e3b2534a061f22687	PENDING_DISCOVERY	0	0	0				0	0	0
CHEBI:5683	hetacillin	DXVUYOAEDJXBPY-NFFDBFGFSA-N	data/antibiotics/antibacterial/hetacillin.yaml	94430434cc4d3910e77053c8282d40bf1e52474d8078f46a0c99038cd509865d	PENDING_DISCOVERY	0	0	0				0	0	0
CHEBI:5693	hexachlorophene	ACGUYXCXAPNIKK-UHFFFAOYSA-N	data/antibiotics/antibacterial/hexachlorophene.yaml	4c3b1db8eb6cb1d30826bdb8ea9bb72f2bc6210b85752641601cdecf48d20bd4	PENDING_DISCOVERY	0	0	0				0	0	0
CHEBI:185029	hexadecan-2-ol	FVDRFBGMOWJEOR-UHFFFAOYSA-N	data/antibiotics/antibacterial/hexadecan-2-ol.yaml	18504674ccb7a6edb9252898f16f8e7d3af896995104c3d93c66166c73d49b78	PENDING_DISCOVERY	0	0	0				0	0	0
CHEBI:6824	hexamethylenetetramine	VKYKSIONXSXAKP-UHFFFAOYSA-N	data/antibiotics/antibacterial/hexamethylenetetramine.yaml	ee289fe18420da1bacc0305429119eaf287b6d97ee28364baf563c145cf1d51b	PENDING_DISCOVERY	0	0	0				0	0	0
CHEBI:87393	hexan-1-ol	ZSIAUFGUXNUGDI-UHFFFAOYSA-N	data/antibiotics/antibacterial/hexan-1-ol.yaml	59f405cc4c035c383de7ebef4ba2aafa35434f853dc13ff1a05ac5454341b7f9	PENDING_DISCOVERY	0	0	0				0	0	0
CHEBI:190009	himastatin	OZPNLJQULOIOGU-UPABGHPRSA-N	data/antibiotics/antibacterial/himastatin.yaml	c827b1c81d876c82607b4319482116e31d8c11512df7893af6c57548120a38c7	PENDING_DISCOVERY	0	0	0				0	0	0
antibioticmech:curator-b453af7884	Hispidulin	IHFBPDAQLQOCBX-UHFFFAOYSA-N	data/antibiotics/antibacterial/hispidulin.yaml	fee5ef69c7a6535effc03ddae7059a5a62fc0b155f6f181effed9e6290d5070a	PENDING_DISCOVERY	0	0	0				0	0	0
CHEBI:156451	holomycin	HBUNPJGMNVQSBX-UHFFFAOYSA-N	data/antibiotics/antibacterial/holomycin.yaml	4979a76d25ee21ce1535f55be56b0735a0aee386ebeece64e3a436496146ae45	PENDING_DISCOVERY	0	0	0				0	0	0
CHEBI:66022	hookerianamide J	UBWMSSICUOCSHT-BJHCZKLTSA-N	data/antibiotics/antibacterial/hookerianamide-j.yaml	6b57a21b0ace74616611202e2a93ad44346b87ce478c367673a3bf5e22fde007	PENDING_DISCOVERY	0	0	0				0	0	0
CHEBI:66023	hookerianamide K	JLDLXPZTQHZTBT-JYNQZMPESA-N	data/antibiotics/antibacterial/hookerianamide-k.yaml	6871b970db179382c0be1db930be6c660a0234847f47053343a3aa84a6315908	PENDING_DISCOVERY	0	0	0				0	0	0
CHEBI:73128	horminone	YVSUCPNWDPTGKM-JGRMJRGVSA-N	data/antibiotics/antibacterial/horminone.yaml	7ac8f77f202da4569205e01adc26be970ef0f558434b4b6e8cefb74c7eb67690	PENDING_DISCOVERY	0	0	0				0	0	0
CHEBI:5769	humulone	VMSLCPKYRPDHLN-OAQYLSRUSA-N	data/antibiotics/antibacterial/humulone.yaml	8243a9222eba731951b9bb0dfb206cd0bb66b717fb97fb969a4a7d9ca5bf99a7	PENDING_DISCOVERY	0	0	0				0	0	0
CHEBI:69414	hygromycin A	YQYJSBFKSSDGFO-IIHALWDASA-N	data/antibiotics/antibacterial/hygromycin-a.yaml	1b81cea3997ee93af41a39a952609fc40b53c1f3987b3ea6fb20004d0a84927d	PENDING_PRIMARY_REVIEW	3	0	0				0	0	0
CHEBI:16976	hygromycin B	GRRNUXAQVGOGFE-NZSRVPFOSA-N	data/antibiotics/antibacterial/hygromycin-b.yaml	e7068c03170e7b323adcd73ac643107c46c026c65d512d32c9d57d681a18403b	PENDING_PRIMARY_REVIEW	5	0	0				0	0	0
CHEBI:5834	hyperforin	IWBJJCOKGLUQIZ-HQKKAZOISA-N	data/antibiotics/antibacterial/hyperforin.yaml	665909ebe862219ffa629c44ab3c79d031251696993d20f72060ca8ca9c3ac61	PENDING_DISCOVERY	0	0	0				0	0	0
CHEBI:133907	hypothiocyanous acid	ZCZCOXLLICTZAH-UHFFFAOYSA-N	data/antibiotics/antibacterial/hypothiocyanous-acid.yaml	4d0b2be0c1c5906829b3f8ecaf36a0710ddb542d9415b0686a4a605f23ec0ed5	PENDING_DISCOVERY	0	0	0				0	0	0
antibioticmech:curator-9a2e3114cb	Ibipinabant	AXJQVVLKUYCICH-OAQYLSRUSA-N	data/antibiotics/antibacterial/ibipinabant.yaml	a02918c7703f42854d1457bc754f063adb66fa1590d2d75ca514be00baa8ee18	PENDING_DISCOVERY	0	0	0				0	0	0
antibioticmech:aro-6d3a6e6b69	iboxamycin	JPCLUJPDWMBCAA-SUTQZAMLSA-N	data/antibiotics/antibacterial/iboxamycin.yaml	ce633442fda1fded0df4553fda02e8cee0926b1689739ad33ad3e8edef6c54bb	PENDING_PRIMARY_REVIEW	5	0	0				0	0	0
CHEBI:137236	ilomastat	NITYDPDXAAFEIT-DYVFJYSZSA-N	data/antibiotics/antibacterial/ilomastat.yaml	91f511d44d4307d408a8f9b4419b786e84da694277d1341ab2d9af424cdfd8d0	PENDING_DISCOVERY	0	0	0				0	0	0
antibioticmech:aro-c1dea01a87	imazalil	PZBPKYOVPCNPJY-UHFFFAOYSA-N	data/antibiotics/antibacterial/imazalil.yaml	a21f68711db34df975cc2383bbd03647202e3dff3f84bbd9b89c53b771bc9552	PENDING_PRIMARY_REVIEW	1	0	0				0	0	0
CHEBI:51799	imipenem hydrate	GSOSVVULSKVSLQ-JJVRHELESA-N	data/antibiotics/antibacterial/imipenem-hydrate.yaml	bcf102425264d03a417b81a59aa45146a1c55d25fbed71c32db0b14478983525	PENDING_DISCOVERY	0	0	0				0	0	0
CHEBI:471744	imipenem	ZSKVGTPCRGIANV-ZXFLCMHBSA-N	data/antibiotics/antibacterial/imipenem.yaml	2abb3c8914d0c2f15fb9208e73a351e65a9d848e8106fc242fa44f01b7ac7e4c	PENDING_PRIMARY_REVIEW	24	0	28				0	0	0
CHEBI:141380	indanomycin	BAIPOTOKPGDCHA-MWBHXQFBSA-N	data/antibiotics/antibacterial/indanomycin.yaml	faef30d40f0c20d7e742c7c5078c9035f04db4c58babb1fdbacd0e0eb8b377ad	PENDING_DISCOVERY	0	0	0				0	0	0
CHEBI:79394	indolmycin	GNTVWGDQPXCYBV-PELKAZGASA-N	data/antibiotics/antibacterial/indolmycin.yaml	b21cd5ea1e7bc945d5b5f9a4b815c8485598e9d38399484e9bd0cfbfc3a4747b	PENDING_DISCOVERY	0	0	0				0	0	0
CHEBI:5950	iodoquinol	UXZFQZANDVDGMM-UHFFFAOYSA-N	data/antibiotics/antibacterial/iodoquinol.yaml	76050340cc005efff8489268f3cbfdfe8b6b615bf1db1c8728800b20e59122e6	PENDING_DISCOVERY	0	0	0				0	0	0
antibioticmech:curator-fb7e3bd3f5	IP-antibiotic 1	RSTGMHXUQRABLF-UHFFFAOYSA-N	data/antibiotics/antibacterial/ip-antibiotic-1.yaml	7ac03ca0e304faf444c4504f7940626e8f247d2c6a421725cdfeba7082173701	PENDING_DISCOVERY	0	0	0				0	0	0
antibioticmech:curator-ff4802fa87	IP-antibiotic 12	HXBWMQCIJTVDHU-UHFFFAOYSA-N	data/antibiotics/antibacterial/ip-antibiotic-12.yaml	da883c162b2e663e6699d1f2438000c204e21838005cea56de8a3ce30e8aff1a	PENDING_DISCOVERY	0	0	0				0	0	0
antibioticmech:curator-4c05f0ba47	IP-antibiotic 2	JYPKOOCWCAZLMI-UHFFFAOYSA-N	data/antibiotics/antibacterial/ip-antibiotic-2.yaml	c19e4a95960bf43b22113e5331133a819faf3029d4f761f3e06753520906c9a4	PENDING_DISCOVERY	0	0	0				0	0	0
antibioticmech:curator-e8d0b1491b	IP-antibiotic 3	WHUQFDQKVSTVHC-UHFFFAOYSA-N	data/antibiotics/antibacterial/ip-antibiotic-3.yaml	e96d752dfc152f36fe7fff989ae778f6f3ae5f716e6e6bad8020716d22275c04	PENDING_DISCOVERY	0	0	0				0	0	0
antibioticmech:curator-811a417697	IP-antibiotic 4	SSXGEVPIXTZCAB-UHFFFAOYSA-N	data/antibiotics/antibacterial/ip-antibiotic-4.yaml	8092ff5614d4f94db0e5b12324b0cd26c4b9278babcde74eb58f815ac486d5ea	PENDING_DISCOVERY	0	0	0				0	0	0
antibioticmech:curator-4b720a8dc7	IP-antibiotic 5	CRFNZPACFKDJLE-UHFFFAOYSA-N	data/antibiotics/antibacterial/ip-antibiotic-5.yaml	2725b99f4375e4ae699888410404e305724717f7ebaf2513ac1789e3ac9950c4	PENDING_DISCOVERY	0	0	0				0	0	0
antibioticmech:curator-64f422f0ff	IP-antibiotic 6	GSVYCWBAVLZMJE-UHFFFAOYSA-N	data/antibiotics/antibacterial/ip-antibiotic-6.yaml	426cb1706c7661c803899a03afdc7c6551613f3583a9ecd26112b6587e0b0645	PENDING_DISCOVERY	0	0	0				0	0	0
antibioticmech:curator-0f96f23968	IP-antibiotic 9	MFOPKMQUXATYFM-UHFFFAOYSA-N	data/antibiotics/antibacterial/ip-antibiotic-9.yaml	a1977c6a52aecfdc515acc33557dc0fdac0d5556e0f4d20924ef4bfacb9f39ad	PENDING_DISCOVERY	0	0	0				0	0	0
antibioticmech:aro-3116ad4253	isepamicin	UDIIBEDMEYAVNG-ZKFPOVNWSA-N	data/antibiotics/antibacterial/isepamicin.yaml	be12d203b97d0c9396bc7dfbcda9a66bfe7919618025dc411cd5de6db424998a	PENDING_PRIMARY_REVIEW	15	0	0				0	0	0
CHEBI:28106	isobavachalcone	DUWPGRAKHMEPCM-IZZDOVSWSA-N	data/antibiotics/antibacterial/isobavachalcone.yaml	683a5ef808041e32ce919c3890645e5bfda6390a97b0f7e0da6f3947f55b97a5	PENDING_DISCOVERY	0	0	0				0	0	0
CHEBI:65812	isodrummondin D	QDEXSBYEIYRPIT-UHFFFAOYSA-N	data/antibiotics/antibacterial/isodrummondin-d.yaml	59ae18b5896971f70dfcee72bf5c9cd283888e7b5332ced745831947467827d8	PENDING_DISCOVERY	0	0	0				0	0	0
antibioticmech:curator-35c6404d6e	Isoorientin	ODBRNZZJSYPIDI-VJXVFPJBSA-N	data/antibiotics/antibacterial/isoorientin.yaml	d45ae3678a02078f741ceeb2e82c0d9c2f5fed355e0c35be8150419110e6b68b	PENDING_DISCOVERY	0	0	0				0	0	0
CHEBI:145111	isopatulin	ZGBMSNKHUHZKEP-UHFFFAOYSA-N	data/antibiotics/antibacterial/isopatulin.yaml	f9cad59d34167ef9a3c6a5e6be43c9bce4a8133eb757161ab75a118c5472359f	PENDING_DISCOVERY	0	0	0				0	0	0
antibioticmech:aro-f538304a82	isovanillobiocin	AKYRQFMQZJFLAE-UHFFFAOYSA-N	data/antibiotics/antibacterial/isovanillobiocin.yaml	ffff760eee908ec5e9e5b3c52935b9ce416420dbceb895a8c4fe7726ede45860	PENDING_DISCOVERY	0	0	0				0	0	0
CHEBI:31738	jadomycin B	BSBSCJRAEMDCHC-LVOPHWFOSA-N	data/antibiotics/antibacterial/jadomycin-b.yaml	0521786ede2cd9dff248cb8fe16b08157504ae41f3b5405144a6841fa18fbcaf	PENDING_DISCOVERY	0	0	0				0	0	0
CHEBI:31739	josamycin	XJSFLOJWULLJQS-NGVXBBESSA-N	data/antibiotics/antibacterial/josamycin.yaml	a167baa7f81ecc83559408a7f5349b5b01cc7fe6559d8353302ae6f5c23b8480	PENDING_PRIMARY_REVIEW	6	0	0				0	0	0
CHEBI:28499	kaempferol	IYRMWMYZSQPJKC-UHFFFAOYSA-N	data/antibiotics/antibacterial/kaempferol.yaml	171e881326f4f5955dc80bb8bf3fdf1caa6951644b5f6db3e76f5552f0cad77e	PENDING_DISCOVERY	0	0	0				0	0	0
CHEBI:66135	kalimantacin A	GENAAYFYLGYPIQ-JOPGMDTFSA-N	data/antibiotics/antibacterial/kalimantacin-a.yaml	7fd317342c8ccda3166a20657417dabf41f379fabdeb8bedbd9296466b2fe908	PENDING_DISCOVERY	0	0	0				0	0	0
CHEBI:66136	kalimantacin B	GENAAYFYLGYPIQ-FFPWVZAVSA-N	data/antibiotics/antibacterial/kalimantacin-b.yaml	d86c951f04c63461874fc12f8433edddb677d4c8eadc41fb516154022abbafdc	PENDING_DISCOVERY	0	0	0				0	0	0
CHEBI:66137	kalimantacin C	VWVAAKIWHSCMIW-YHKKGOIFSA-N	data/antibiotics/antibacterial/kalimantacin-c.yaml	db2c4bb75e2232067eb49456783ba3999289b078b17d742a2447fe7463baf82b	PENDING_DISCOVERY	0	0	0				0	0	0
CHEBI:6109	kanamycin A sulfate	OOYGSFOGFJDDHP-KMCOLRRFSA-N	data/antibiotics/antibacterial/kanamycin-a-sulfate.yaml	85a9e9729bb5e52cca6d9f8bfde2b1a1df2b87932310b16511a0eb6980746cc3	PENDING_DISCOVERY	0	0	0				0	0	0
CHEBI:17630	kanamycin A	SBUJHOSQTJFQJX-NOAMYHISSA-N	data/antibiotics/antibacterial/kanamycin-a.yaml	ae1f4597070b1e1878d7e4454a53bcbcf0e5187bfa8b39940e73cd76f1bbcc38	PENDING_PRIMARY_REVIEW	78	0	0				0	0	0
antibioticmech:aro-8b2f0e38fa	kirromycin	HMSYAPGFKGSXAJ-GFNGQHCCSA-N	data/antibiotics/antibacterial/kirromycin.yaml	dccf09a75a6ad8b3c3e1d0c23840a63b3f26a05fe3908020567406167baab799	PENDING_PRIMARY_REVIEW	2	0	0				0	0	0
antibioticmech:aro-45efa31311	kirrothricin	SUMCRDMQIVHXRY-XRAYCMFKSA-N	data/antibiotics/antibacterial/kirrothricin.yaml	18eaee607eb5869be13f97449b8eb982719975c5c4a7896bb228d1c2ff1990f1	PENDING_DISCOVERY	0	0	0				0	0	0
antibioticmech:aro-2b2f71621c	klebsazolicin	RSVIJELKMXTPMI-CKSXXEILSA-N	data/antibiotics/antibacterial/klebsazolicin.yaml	771419f37751e2e532c37a1a399c08f7979f4daa56ad3999dfb688e27e18568a	PENDING_DISCOVERY	0	0	0				0	0	0
antibioticmech:aro-1d2367825f	klebsidin	XNBIEFNBLNDRGW-UHFFFAOYSA-N	data/antibiotics/antibacterial/klebsidin.yaml	3e9b0013b7de94b29a46e6fdb691af32813a8fd0338033cbaf5a2e0b379fc131	PENDING_DISCOVERY	0	0	0				0	0	0
antibioticmech:aro-ca1f16372a	L-681,217	OSKAZZUZQORABG-UQKUNJBPSA-N	data/antibiotics/antibacterial/l-681-217.yaml	3d61e5539fe2f48cbd3f963951ad16e3dfa54bfe3bef34b66ae377aec75c2468	PENDING_DISCOVERY	0	0	0				0	0	0
CHEBI:42600	L-fucitol	SKCKOFZKJLZSFA-KCDKBNATSA-N	data/antibiotics/antibacterial/l-fucitol.yaml	e830ff7bafc2acbba84400efc95fc555175b96b9343fecbe971ef423b31569b7	PENDING_DISCOVERY	0	0	0				0	0	0
CHEBI:144729	L-β-ethynylserine zwitterion	RBWXRFBKVDBXEG-DMTCNVIQSA-N	data/antibiotics/antibacterial/l-β-ethynylserine-zwitterion.yaml	47fd878485531d412d09b5f9945872d9069ec6d0ca61fd2a83038784c0fe2aba	PENDING_DISCOVERY	0	0	0				0	0	0
CHEBI:144833	L-β-ethynylserine	RBWXRFBKVDBXEG-DMTCNVIQSA-N	data/antibiotics/antibacterial/l-β-ethynylserine.yaml	7789588f5a11d938062eba3c22380bafe2e77926eaf2110590268b748775395c	PENDING_DISCOVERY	0	0	0				0	0	0
CHEBI:66553	lactonamycin	XFQJOLWXLJXJSV-VUAGTGNDSA-N	data/antibiotics/antibacterial/lactonamycin.yaml	551716d9d9d075756756118bb5ceef82b7496e242f9cb4841e843c360f180f5a	PENDING_DISCOVERY	0	0	0				0	0	0
CHEBI:67473	lamesticumin A	WWMHSLBXALTJEY-YTASFOGUSA-N	data/antibiotics/antibacterial/lamesticumin-a.yaml	08e0137f43bcdc4e5291dc86f8bd7a79cd84b0f96fff9f58705794c8c2137271	PENDING_DISCOVERY	0	0	0				0	0	0
CHEBI:67475	lamesticumin B	KYHATJJXUGJUJJ-LUFVGXTESA-N	data/antibiotics/antibacterial/lamesticumin-b.yaml	9cc4d240eb1dd3031039a701af8674191cf969059b9eba36feae18306735546d	PENDING_DISCOVERY	0	0	0				0	0	0
CHEBI:67476	lamesticumin C	DJHULNDUQFBXME-DVMOUVJLSA-N	data/antibiotics/antibacterial/lamesticumin-c.yaml	57a8220119e2edcb6c3866050d873110cd2934444b269fd7484985fc3debda39	PENDING_DISCOVERY	0	0	0				0	0	0
CHEBI:67477	lamesticumin D	MGVFDWIGIYHFIO-CKQYGLACSA-N	data/antibiotics/antibacterial/lamesticumin-d.yaml	86bcab082498739c4babd949336e6875b2a2ddc2c9710a81cc38fe864dedb551	PENDING_DISCOVERY	0	0	0				0	0	0
CHEBI:67478	lamesticumin E	JDTRJLXTQXQSSV-FJWCHDPXSA-N	data/antibiotics/antibacterial/lamesticumin-e.yaml	c13ce7cc2de1c59374a16cc09971320534ef74dda618c03d7f698440868474cb	PENDING_DISCOVERY	0	0	0				0	0	0
CHEBI:67479	lamesticumin F	RYDUWPYFQUMUJP-JAKYJIPASA-N	data/antibiotics/antibacterial/lamesticumin-f.yaml	cf49c09bd620a7b0eda21d53db1f131e1a781c6a05559780aeecfdd33ac31769	PENDING_DISCOVERY	0	0	0				0	0	0
CHEBI:66549	lanigerol	UZNOTFOFROXACM-ICSRJNTNSA-N	data/antibiotics/antibacterial/lanigerol.yaml	496c4e42c2940000d941e41f9db3eb430176755d6e35ee3fd9b7d946021ca63b	PENDING_DISCOVERY	0	0	0				0	0	0
CHEBI:67480	lansic acid 3-ethyl ester	ZLSDLEGKMGQSFU-BFIHGEENSA-N	data/antibiotics/antibacterial/lansic-acid-3-ethyl-ester.yaml	73f830a41aef7178e8dd855c90cb17c6788eb13cdf9871fe8dcad4072a4205d9	PENDING_DISCOVERY	0	0	0				0	0	0
CHEBI:6377	lapachol	CIEYTVIYYGTCCI-UHFFFAOYSA-N	data/antibiotics/antibacterial/lapachol.yaml	77d29f530d6eaabb51ed398331fb85fce52c5c17bdc209e628d5a50b589776f2	PENDING_DISCOVERY	0	0	0				0	0	0
antibioticmech:aro-65024a8863	lascufloxacin	ZFIOCUITTUUVPV-MEDUHNTESA-N	data/antibiotics/antibacterial/lascufloxacin.yaml	ec708ed5d823e1ee0cf050b6b0c70efaaced5893f0672f4dcd74c7a1c35673a5	PENDING_DISCOVERY	0	0	0				0	0	0
antibioticmech:aro-41b2842f38	lassomycin	NLWVIEFILMVVQV-OBXQOZEMSA-N	data/antibiotics/antibacterial/lassomycin.yaml	d5eeab69c63ea2006ee21de3442876b612d1de81a378a316576739ac939a6b88	PENDING_DISCOVERY	0	0	0				0	0	0
CHEBI:66555	laurinterol	UGGAHNIITODSKB-ONERCXAPSA-N	data/antibiotics/antibacterial/laurinterol.yaml	70ad77ac34b691169513541824708815db76efbe4037edac23846d99b1f77c05	PENDING_DISCOVERY	0	0	0				0	0	0
antibioticmech:aro-f8f4257b4b	lefamulin	KPVIXBKIJXZQJX-FCEONZPQSA-N	data/antibiotics/antibacterial/lefamulin.yaml	84854070cee781c6750bcd7499ab0628d37d1b31406b12b069e7577bcf1ff704	PENDING_DISCOVERY	0	0	0				0	0	0
CHEBI:63598	levofloxacin	GSDSWSVVBLHKDQ-JTQLQIEISA-N	data/antibiotics/antibacterial/levofloxacin.yaml	b82bb978640eed811d1b22f4e67bad840ff2fdd891f9cbd055d68449eb835d64	PENDING_PRIMARY_REVIEW	35	0	321				0	0	0
antibioticmech:aro-9abc576b69	LFF571	GNLYKLDXQZHYTR-QWSGWXDSSA-N	data/antibiotics/antibacterial/lff571.yaml	6791a1e14874437d1f86d37de6bec0e8b2360fa67cadb1b73b36ae7f629bb6fd	PENDING_PRIMARY_REVIEW	1	0	0				0	0	0
CHEBI:69098	licocoumarone	CNPMAFLUEHEXRE-UHFFFAOYSA-N	data/antibiotics/antibacterial/licocoumarone.yaml	2e5e463abba53e0342e10e9f1a0bc8dae037b4740d9c6b8bd986e3630d5b8296	PENDING_DISCOVERY	0	0	0				0	0	0
CHEBI:69082	licoricidin	GBRZTUJCDFSIHM-KRWDZBQOSA-N	data/antibiotics/antibacterial/licoricidin.yaml	7f36b9e9161f3075b04ef9f553996e51c01797b91384b8ff33052bbd8b00bf77	PENDING_DISCOVERY	0	0	0				0	0	0
CHEBI:69094	licoricone	GGWMNTNDTRKETA-UHFFFAOYSA-N	data/antibiotics/antibacterial/licoricone.yaml	79ff2f95be2a8e37e3ccdec3c0600afc6d0468a4bd647d27c32b86d7ffb111d5	PENDING_DISCOVERY	0	0	0				0	0	0
CHEBI:69083	licorisoflavan A	GDAAEAXMNLVRCZ-SFHVURJKSA-N	data/antibiotics/antibacterial/licorisoflavan-a.yaml	6530901b4c1ec61e21d693b0220ebb93e2462672a7503a79de9c47a22bf5ef5a	PENDING_DISCOVERY	0	0	0				0	0	0
CHEBI:6472	lincomycin	OJMMVQQUTAEWLP-KIDUDLJLSA-N	data/antibiotics/antibacterial/lincomycin.yaml	98440188b1f25a69728f2fdd546666634607a37ff4e7f05a7a96ab7c28f0c968	PENDING_PRIMARY_REVIEW	60	0	0				0	0	0
CHEBI:63607	linezolid	TYZROVQLWOKYKF-ZDUSSCGKSA-N	data/antibiotics/antibacterial/linezolid.yaml	a8c7f2e532c2069e2e11770d6bb73fe28220a47d92f518b46cb16721796f8601	PENDING_PRIMARY_REVIEW	10	0	273				0	0	0
CHEBI:17351	linoleic acid	OYHQOLUKZRVURQ-HZJYTTRNSA-N	data/antibiotics/antibacterial/linoleic-acid.yaml	bbd4f61b954c250b2c07bcbf1e5d357a4bae84e2f00611617e361667debf70b3	PENDING_PRIMARY_REVIEW	1	0	1				0	0	0
CHEBI:195298	loganetin	XWOHZIIPBYAMJX-KHBMLBSESA-N	data/antibiotics/antibacterial/loganetin.yaml	b76a23c084f218cfef72be7d3b35a1035f4f01a2138c03324fde9993a9972891	PENDING_DISCOVERY	0	0	0				0	0	0
CHEBI:47544	loracarbef	JAPHQRWPEGVNBT-UTUOFQBUSA-N	data/antibiotics/antibacterial/loracarbef.yaml	1c48e0f575cb6a26e023094ba7e928c6110a7c8ee79c0ba43469ca8e812f633b	PENDING_DISCOVERY	0	0	0				0	0	0
CHEBI:66592	lucensimycin E	PTLQDKFYOYMVQN-CECFYEBASA-N	data/antibiotics/antibacterial/lucensimycin-e.yaml	e8ad644338ffedd27f483512bfdd50c8af383f6d60eb11fb7e8da3cd4138bd0e	PENDING_DISCOVERY	0	0	0				0	0	0
CHEBI:133127	lugdunin	QZNGYMKAHFFKCJ-ZBQZSICZSA-N	data/antibiotics/antibacterial/lugdunin.yaml	54604e007195af17e30caad7c9bc117060f1347e9c782fcb802da4567d2c412d	PENDING_DISCOVERY	0	0	0				0	0	0
CHEBI:66597	lupulin A	UEZOFWAZJUOMCN-HKDNVZQMSA-N	data/antibiotics/antibacterial/lupulin-a.yaml	fdee9412b4d7a4a582266bdb600564d35bbe1cbb00c426a62a2674dbe0e5ad36	PENDING_DISCOVERY	0	0	0				0	0	0
CHEBI:31788	luteolin 7-O-neohesperidoside	SHPPXMGVUDNKLV-KMFFXDMSSA-N	data/antibiotics/antibacterial/luteolin-7-o-neohesperidoside.yaml	f13a86213a4d5afb860bfe682bcf4b2e56cdc55a5f77dd4a761dcb6bf63ba671	PENDING_DISCOVERY	0	0	0				0	0	0
antibioticmech:curator-d604421a09	Luteolin	IQPNAANSBPBGFQ-UHFFFAOYSA-N	data/antibiotics/antibacterial/luteolin.yaml	6fe7525ed8e5f9b076e201f7d2b43100f93f487bf017c761ad0439b6a6da7e90	PENDING_DISCOVERY	0	0	0				0	0	0
CHEBI:59040	lymecycline	AHEVKYYGXVEWNO-UEPZRUIBSA-N	data/antibiotics/antibacterial/lymecycline.yaml	3384cec77a4317ee8b8f00995515aba3480594e4076b150672f0572849412d93	PENDING_DISCOVERY	0	0	0				0	0	0
CHEBI:66606	(+)-lyoniresinol-3-α-O-β-D-glucopyranoside	PQQRNPDHSJDAGV-HQSXISOASA-N	data/antibiotics/antibacterial/lyoniresinol-3-α-o-β-d-glucopyranoside.yaml	d4022b9fa88ae5eb46d5a80e9488d40429d38a90d4a63bdea7f975ca76377359	PENDING_DISCOVERY	0	0	0				0	0	0
antibioticmech:aro-00a588048a	LYS228	FWTGYTRQUBRVDW-UWGJAOEXSA-N	data/antibiotics/antibacterial/lys228.yaml	3b1257a53ae2512d63b9c7736cbc8eb1e9f93ae0a467283feea86d7f35251928	PENDING_DISCOVERY	0	0	0				0	0	0
antibioticmech:aro-b6c9cc2b59	lysocin E	QJPVBLGWZKAQRW-BQBICWQZSA-N	data/antibiotics/antibacterial/lysocin-e.yaml	4ad84ad448ec7255fd3066ab01abfedd579268e2ab6c05bf9dc2d8bce7fc4a3d	PENDING_PRIMARY_REVIEW	1	0	0				0	0	0
CHEBI:146007	(M)-viriditoxin	GMCZVCXZGZGZPX-HOTGVXAUSA-N	data/antibiotics/antibacterial/m-viriditoxin.yaml	0f88e011c939a9a2a33b4edf68164e85e7fd90682c0c8773f718f1d8de8e84d4	PENDING_DISCOVERY	0	0	0				0	0	0
CHEBI:73058	madecassic acid	PRAUVHZJPXOEIF-AOLYGAPISA-N	data/antibiotics/antibacterial/madecassic-acid.yaml	88367388a7f7d5cfa017ec0bceab5338f6cd624f0ac9eec527c49ed91610eb8e	PENDING_DISCOVERY	0	0	0				0	0	0
antibioticmech:aro-59524d78a3	madumycin II	SAQNYTQFLPVTNJ-PPIFFTIDSA-N	data/antibiotics/antibacterial/madumycin-ii.yaml	bdc3da307d56c3e082ffe40ef962fa231a69e2c0f4ce1d1fc413a604cefbd895	PENDING_PRIMARY_REVIEW	26	0	0				0	0	0
CHEBI:6633	mafenide	TYMRLRRVMHJFTF-UHFFFAOYSA-N	data/antibiotics/antibacterial/mafenide.yaml	46c9cb7c06dcc0b832de9fa873e7721a2f88e934edd6bc3d709b59fd0b0ebc71	PENDING_PRIMARY_REVIEW	5	0	0				0	0	0
antibioticmech:aro-e57b52c636	magainin 1	OFIZOVDANLLTQD-ZVNXOKPXSA-N	data/antibiotics/antibacterial/magainin-1.yaml	cf96212b457f50f808621944667f339b077d1e92ca64b2fed50a30c3c265545c	PENDING_DISCOVERY	0	0	0				0	0	0
antibioticmech:aro-b18912d1c6	magainin 2	MGIUUAHJVPPFEV-ABXDCCGRSA-N	data/antibiotics/antibacterial/magainin-2.yaml	d038fdd2281ba79ba7093228e8eec6fef4da914e212c1da90f4612b26d74d722	PENDING_DISCOVERY	0	0	0				0	0	0
antibioticmech:aro-77a152a10f	magainin A	PIMDIROPKFPSDI-BXRJKVPUSA-N	data/antibiotics/antibacterial/magainin-a.yaml	a87afe79402b57578bb6b325140fbc82a435b76c36b6da0abdfc832639fca522	PENDING_DISCOVERY	0	0	0				0	0	0
antibioticmech:aro-832bfb6c2e	magainin B	KKNMJWFWBZQVFT-FIHNEYJFSA-N	data/antibiotics/antibacterial/magainin-b.yaml	f21f3cd34a2437a2c8a7da5c9e6db0a800160eadfa8feaf3c12519433a4a0d2c	PENDING_DISCOVERY	0	0	0				0	0	0
antibioticmech:aro-40a2a87cc8	magainin G	MGYZVMMHKLKEHR-QTRCTKFUSA-N	data/antibiotics/antibacterial/magainin-g.yaml	41f6d8ad5ffddd3e7f75cb018f095082b0bfa75a766ed1fc862151f33d44917a	PENDING_DISCOVERY	0	0	0				0	0	0
antibioticmech:aro-4e94f7ae64	magainin H	OUWDLUAYXCGSSS-KIKDIOEMSA-N	data/antibiotics/antibacterial/magainin-h.yaml	6c540c27f05744dd3543f0d14e0dc1277cd59675fd1bdfb1268af05e721b773d	PENDING_DISCOVERY	0	0	0				0	0	0
CHEBI:44107	malachite green cation	VFCNQNZNPKRXIT-UHFFFAOYSA-N	data/antibiotics/antibacterial/malachite-green-cation.yaml	def3607b9e857d7286dc65998c837b80def8e80689a1d1e2b1b32690f548cb1c	PENDING_DISCOVERY	0	0	0				0	0	0
CHEBI:72449	malachite green	FDZZZRQASAIRJF-UHFFFAOYSA-M	data/antibiotics/antibacterial/malachite-green.yaml	1104f8aa9ccb7ad6b12dc29de28f599cc7a12233f17360825929692bb7cf0458	PENDING_DISCOVERY	0	0	0				0	0	0
CHEBI:140173	malacidin A	USNOUEMKNKRWQT-ORRWAHHJSA-N	data/antibiotics/antibacterial/malacidin-a.yaml	4f088b92537bc6abab0200a53d833880c173cf92c1b7e9fc4f513b215dced10d	PENDING_DISCOVERY	0	0	0				0	0	0
CHEBI:140174	malacidin B	SMTCDPMWINUUKC-AVBBYWJWSA-N	data/antibiotics/antibacterial/malacidin-b.yaml	473bf9daecdba0fde931d62da386f29de413426cf2bde84fb6c54b708b585020	PENDING_DISCOVERY	0	0	0				0	0	0
CHEBI:28460	maltotetraose	UYQJCPNSAVWAFU-KVXMBEGHSA-N	data/antibiotics/antibacterial/maltotetraose.yaml	7a0f5134ca1ec4471d489d7bb1b2a245ce96c58a8236bfe42446a86d195c498d	PENDING_DISCOVERY	0	0	0				0	0	0
CHEBI:35825	mandelic acid	IWYDHOAUDWTVEP-UHFFFAOYSA-N	data/antibiotics/antibacterial/mandelic-acid.yaml	f60c88322d48d2ef06a343de3b2ab24add1b39ebf4249b29550c8fb4e689c61a	PENDING_DISCOVERY	0	0	0				0	0	0
CHEBI:76945	manool	CECREIRZLPLYDM-QGZVKYPTSA-N	data/antibiotics/antibacterial/manool.yaml	b3a3b2abe1ed4f0505460839f0977eac6fcf000c28a0d0d87c0200c871f0a096	PENDING_DISCOVERY	0	0	0				0	0	0
CHEBI:177359	mansouramycin A	SDLNCVBYFYLESJ-UHFFFAOYSA-N	data/antibiotics/antibacterial/mansouramycin-a.yaml	f2ad83f3ceb1bdb19d0747398f5cbe4c084568ba97c569da92358020709a9314	PENDING_DISCOVERY	0	0	0				0	0	0
CHEBI:132230	marbofloxacin	LPVVTHNMXSEIFM-UHFFFAOYSA-N	data/antibiotics/antibacterial/marbofloxacin.yaml	456587f5c509bc41868c85daef868a06c9f3df18ab214123c160e989fbcf1090	PENDING_DISCOVERY	0	0	0				0	0	0
antibioticmech:aro-980580724e	marinomycin A	GXBIDOSKEKEFEF-KEFGXSCNSA-N	data/antibiotics/antibacterial/marinomycin-a.yaml	f0a2409f6c9d4ce97d7bff923ce38954f98255d200fd2be5a8398f625c5260fa	PENDING_DISCOVERY	0	0	0				0	0	0
antibioticmech:aro-597d65f4ac	marinomycin B	GXBIDOSKEKEFEF-SGTJGWBUSA-N	data/antibiotics/antibacterial/marinomycin-b.yaml	b68f3cfb9f6bd4e1e57943820a4ea632beb64f38ca704f61e1f30d575dc34ed3	PENDING_DISCOVERY	0	0	0				0	0	0
antibioticmech:aro-4b92bbd5fb	marinomycin C	GXBIDOSKEKEFEF-LBJGFFSDSA-N	data/antibiotics/antibacterial/marinomycin-c.yaml	b0a29c1350b6fafd458a364baa75c3d69a45ffc6dcc3c4474a1aa5d2a86085cb	PENDING_DISCOVERY	0	0	0				0	0	0
antibioticmech:aro-026683b3b8	marinomycin D	VKKOVWWTIIRQQA-RJCVZUPRSA-N	data/antibiotics/antibacterial/marinomycin-d.yaml	3ea195d303a1118ec0c0a664b281236a9ad4d0730b9607850914db2d59965cf0	PENDING_DISCOVERY	0	0	0				0	0	0
CHEBI:66678	(−)-marinopyrrole A	QYPJBTMRYKRTFG-UHFFFAOYSA-N	data/antibiotics/antibacterial/marinopyrrole-a.yaml	7d2c2521debae0ba51e69709942e9aac789414d999bdc188e476ecf5b310c5c1	PENDING_DISCOVERY	0	0	0				0	0	0
CHEBI:66679	(−)-marinopyrrole B	XAANSONIBUCODQ-UHFFFAOYSA-N	data/antibiotics/antibacterial/marinopyrrole-b.yaml	0323788fdc80faf8ffa8d439754f8bc1309da430efd62ee46f73cfc497de6f19	PENDING_DISCOVERY	0	0	0				0	0	0
CHEBI:78509	mastoparan-A	CPTNXTSDQJQEFA-ZKOWQLKRSA-N	data/antibiotics/antibacterial/mastoparan-a.yaml	c281ddbe12780489b8c543c466030ee8401189559ae7ee1f438a11ea7b6bd7fc	PENDING_DISCOVERY	0	0	0				0	0	0
CHEBI:78507	mastoparan-AF	SBRZIHLYZVNBSC-HVXQVQMZSA-N	data/antibiotics/antibacterial/mastoparan-af.yaml	4a71e55c5060995edf753e6d3bd0995cf87ce3be1021a4894a9d9000372d9f58	PENDING_DISCOVERY	0	0	0				0	0	0
CHEBI:78511	mastoparan-B	NSFBOCKFBVQQKB-CQWNSWRRSA-N	data/antibiotics/antibacterial/mastoparan-b.yaml	156a8db4797ed83440b7273ddd53be663664ae155570be69ec41cf958ad2553e	PENDING_DISCOVERY	0	0	0				0	0	0
CHEBI:78514	mastoparan-D	QTEDUQSFCPUIOH-UEUBVZDRSA-N	data/antibiotics/antibacterial/mastoparan-d.yaml	3d2b9cc87809f7e1e64329c795838b14c1486c10877d5101da75131fa8c5ac1a	PENDING_DISCOVERY	0	0	0				0	0	0
CHEBI:78518	mastoparan-M	NPOAEKOTGBOUST-MVSGICTGSA-N	data/antibiotics/antibacterial/mastoparan-m.yaml	a99af15c5f9b134aecd5ec05359fc095271862560da2da23cf2c4693c8fc1bec	PENDING_DISCOVERY	0	0	0				0	0	0
CHEBI:78519	mastoparan-V	FYJKBFOGJAVCAL-MRBAVNCWSA-N	data/antibiotics/antibacterial/mastoparan-v.yaml	1d14843ff1b7fc05b886f8ee099786498c78f956c298b6b5a5d72f6d87fd68ea	PENDING_DISCOVERY	0	0	0				0	0	0
CHEBI:51208	mecillinam	BWWVAEOLVKTZFQ-NTZNESFSSA-N	data/antibiotics/antibacterial/mecillinam.yaml	82f29f83ed51365b9c73ce27904ff6a94ae39b626ded9eeafd64f4a5dd04c328	PENDING_DISCOVERY	0	0	0				0	0	0
antibioticmech:aro-d058164b57	megalomycin	LRWRQTMTYVZKQW-QIQQTWHTSA-N	data/antibiotics/antibacterial/megalomycin.yaml	09cb793491dc594ca603ac4800fdf3f5de29043030d30d4687239d301374c868	PENDING_DISCOVERY	0	0	0				0	0	0
CHEBI:6770	meropenem trihydrate	CTUAQTBUVLKNDJ-OBZXMJSBSA-N	data/antibiotics/antibacterial/meropenem-trihydrate.yaml	50d0fc4a9d7bf01d40046a7dfb4c3ed882247e68548563257a9d760a3ae99343	PENDING_DISCOVERY	0	0	0				0	0	0
CHEBI:43968	meropenem	DMJNNHOOLUXYBV-PQTSNVLCSA-N	data/antibiotics/antibacterial/meropenem.yaml	4973d4c24516b071d6195b63b4a82e66269b0cb5cb8932a6c49320c8585ff767	PENDING_PRIMARY_REVIEW	20	0	28				0	0	0
CHEBI:71658	mersacidin	JSWKNDSDVHJUKY-CYGWNLPQSA-N	data/antibiotics/antibacterial/mersacidin.yaml	95fefeddb42a05805443b0068553c475c17928cc38d9e7fc517a935276ac849d	PENDING_DISCOVERY	0	0	0				0	0	0
CHEBI:6805	methacycline	MHIGBKBJSQVXNH-IWVLMIASSA-N	data/antibiotics/antibacterial/methacycline.yaml	dd4918d50e5a661686507c3ff7b3294522675c3bcd07ad6e026664abcf5a5d2b	PENDING_DISCOVERY	0	0	0				0	0	0
CHEBI:6827	methicillin	RJQXTJLFIWVMTO-TYNCELHUSA-N	data/antibiotics/antibacterial/methicillin.yaml	5674573d52389b170009fa20e7e250ba123e302b0da546f27af92bb84b4ece4d	PENDING_PRIMARY_REVIEW	5	0	0				0	0	0
CHEBI:165218	methyl 3-hydroxybenzoate	YKUCHDXIBAQWSF-UHFFFAOYSA-N	data/antibiotics/antibacterial/methyl-3-hydroxybenzoate.yaml	7feaa52f3636f73cc66adb3890360e01f32e3bdfd7de84ab789a738717b40d72	PENDING_DISCOVERY	0	0	0				0	0	0
CHEBI:67484	methyl lansiolate	UCRMFRXIRGKEPT-NGVCODNXSA-N	data/antibiotics/antibacterial/methyl-lansiolate.yaml	0a92138a6b07484255b92544189fcdafbaef82330cefab14a2681de932dcd3f1	PENDING_DISCOVERY	0	0	0				0	0	0
CHEBI:194138	methyl trans-cinnamate	CCRCUPLGCSFEDV-BQYQJAHWSA-N	data/antibiotics/antibacterial/methyl-trans-cinnamate.yaml	c136db5d5cf995aae8fcd9e5aef9d65cbc7150d4bbcb872bb03b8570257e6661	PENDING_DISCOVERY	0	0	0				0	0	0
CHEBI:144354	methyl γ-linolenate	JFRWATCOFCPIBM-JPFHKJGASA-N	data/antibiotics/antibacterial/methyl-γ-linolenate.yaml	e10e1d7ecc67de5805bd831e08a9fbed2b87dfab494cf062a0fb7082edf94453	PENDING_DISCOVERY	0	0	0				0	0	0
CHEBI:134614	methylene bis(thiocyanate)	JWZXKXIUSSIAMR-UHFFFAOYSA-N	data/antibiotics/antibacterial/methylene-bis-thiocyanate.yaml	1e25722072d6cf964be124b3b77fb4b526859fbb7311d0c5e74d2d8385db879f	PENDING_DISCOVERY	0	0	0				0	0	0
CHEBI:29630	methymycin	HUKYPYXOBINMND-HYUJHOPRSA-N	data/antibiotics/antibacterial/methymycin.yaml	092a69625363b5c8cd9761fbf6589a68fe3b4cabb998c96d52452bc2fbaa7f24	PENDING_PRIMARY_REVIEW	5	0	0				0	0	0
CHEBI:50688	metronidazole benzoate	CUUCCLJJOWSASK-UHFFFAOYSA-N	data/antibiotics/antibacterial/metronidazole-benzoate.yaml	5fec0fce420028ce9689115fa84e08aa3ec99014f3eeb153bb696716d42176ce	PENDING_DISCOVERY	0	0	0				0	0	0
CHEBI:50687	metronidazole hydrochloride	FPTPAIQTXYFGJC-UHFFFAOYSA-N	data/antibiotics/antibacterial/metronidazole-hydrochloride.yaml	f7de168a2b84afb5b702d4bf7262beb189f2a8ef5d29acf9c333da6f60873785	PENDING_DISCOVERY	0	0	0				0	0	0
CHEBI:6909	metronidazole	VAOCPAMSLUNLGC-UHFFFAOYSA-N	data/antibiotics/antibacterial/metronidazole.yaml	fff04f6c19727cf87ad2abc2efe00f6f7491128b2fd75ab5e6a2d2a081dc8fb5	PENDING_PRIMARY_REVIEW	18	0	0				0	0	0
CHEBI:6919	mezlocillin	YPBATNHYBCGSSN-VWPFQQQWSA-N	data/antibiotics/antibacterial/mezlocillin.yaml	4a98384d30f7b181c0e4fd8000a8819c88f8a4aebefd04611421183843b8bb7f	PENDING_PRIMARY_REVIEW	1	0	0				0	0	0
CHEBI:167663	MI-1148	HXVPWVPTVOOCMV-UNCTUWKVSA-N	data/antibiotics/antibacterial/mi-1148.yaml	d946cbba483cb7cfdf51d4c58dda1d63e8bf7bbf9f5cd36995999a97778e4729	PENDING_DISCOVERY	0	0	0				0	0	0
antibioticmech:aro-0a1c492c45	microcin J25	TVZWTTNULXZYTK-UHFFFAOYSA-N	data/antibiotics/antibacterial/microcin-j25.yaml	d9a95a10437c7e73e9dd882093ac7efd68c53bde4965b5030398483ccdac79a2	PENDING_PRIMARY_REVIEW	1	0	0				0	0	0
CHEBI:68283	microdiplodiasol	SCOQIJBVVKZZHE-GVARAGBVSA-N	data/antibiotics/antibacterial/microdiplodiasol.yaml	c6573cffb2451b1811e8401d1937491c039766056db711abd6a6d89d27f26995	PENDING_DISCOVERY	0	0	0				0	0	0
CHEBI:68285	(−)-microdiplodiasolol	SIUXYUWNLUKHJD-FVQBIDKESA-N	data/antibiotics/antibacterial/microdiplodiasolol.yaml	441aafc1ace9a870d52b54f65d0a6c3dcaeec5ac506a130eeeb191e758481e1a	PENDING_DISCOVERY	0	0	0				0	0	0
CHEBI:68284	(+)-microdiplodiasone	KYUNATJAFQPBJE-BXUZGUMPSA-N	data/antibiotics/antibacterial/microdiplodiasone.yaml	1d27bf12365c358a3e557d78fdf8c130c691ee8c19c6a48fcc8a5a7629d78b93	PENDING_DISCOVERY	0	0	0				0	0	0
CHEBI:31845	midecamycin	DMUAPQTXSSNEDD-QALJCMCCSA-N	data/antibiotics/antibacterial/midecamycin.yaml	e9084ac3b6feca498ed2e2a0df9fbac41f932974d1a51bc2dd492c1349c4e66f	PENDING_DISCOVERY	0	0	0				0	0	0
CHEBI:50694	minocycline	DYKFCLLONBREIL-KVUCHLLUSA-N	data/antibiotics/antibacterial/minocycline.yaml	39ef89c2a1c785f7f175efeb04fd3ad81bbc193ac9d2e39a47faf8e97bc062b9	PENDING_PRIMARY_REVIEW	19	0	10				0	0	0
antibioticmech:aro-c1c0e2fcb2	moenomycin A1	SHSXEDBTKZLLOJ-JMAOHHPVSA-N	data/antibiotics/antibacterial/moenomycin-a1.yaml	b93b751ad2cc3702fdce61d5f871fef90523f54763a01cc7de15008f0f15fcbd	PENDING_PRIMARY_REVIEW	1	0	0				0	0	0
CHEBI:66401	morellic acid	ITPZQGLNWWAFMF-FXQQNLISSA-N	data/antibiotics/antibacterial/morellic-acid.yaml	d073b1de5beda385dccdc157ec45ba23683bbde698866bcaed3e04233de311e8	PENDING_DISCOVERY	0	0	0				0	0	0
CHEBI:75092	morin	YXOLAZRVSSWPPT-UHFFFAOYSA-N	data/antibiotics/antibacterial/morin.yaml	21245b0099cb38167099ce6643dea40ed7c51c8a1ab22ad4809b6f74bd961d78	PENDING_DISCOVERY	0	0	0				0	0	0
CHEBI:66405	motualevic acid A	ZLIHRGDEFDFVOK-ZRDIBKRKSA-N	data/antibiotics/antibacterial/motualevic-acid-a.yaml	85b8aff8747db634a89e7239751d02ef74eb2e4ba754f356b03c8e15d3e3f0a3	PENDING_DISCOVERY	0	0	0				0	0	0
CHEBI:66406	motualevic acid F	XWKHPPWOUIGVPT-SLZMIMFISA-N	data/antibiotics/antibacterial/motualevic-acid-f.yaml	f736c832b12337cf84edd8f88fc1460b3f39d79daf5e20868ac37c028adf72f7	PENDING_DISCOVERY	0	0	0				0	0	0
CHEBI:599928	moxalactam	JWCSIUVGFCSJCK-CAVRMKNVSA-N	data/antibiotics/antibacterial/moxalactam.yaml	b572a91b6bb67cbfce6d364a670ae611865b248e82f074f1c1780a83b8a1357c	PENDING_PRIMARY_REVIEW	2	0	0				0	0	0
CHEBI:7008	moxifloxacin hydrochloride	IDIIJJHBXUESQI-DFIJPDEKSA-N	data/antibiotics/antibacterial/moxifloxacin-hydrochloride.yaml	40d0bb6b19cf613b91958cb1b7517516eba1a03239dd946cb2d485c3e61c496b	PENDING_DISCOVERY	0	0	0				0	0	0
CHEBI:63611	moxifloxacin	FABPRXSRWADJSP-MEDUHNTESA-N	data/antibiotics/antibacterial/moxifloxacin.yaml	dc255b90dd786a273de2a1ae299d37fb8772e7ffbb1542df4c909227266f08e7	PENDING_PRIMARY_REVIEW	31	0	313				0	0	0
CHEBI:145818	mupirocin calcium (anhydrous)	HAXVBVDETFUQGV-LNQHITRNSA-L	data/antibiotics/antibacterial/mupirocin-calcium-anhydrous.yaml	6f9770515be13ce055aa9bf96324863ae498b567d5c60916149d840ef9cc98a4	PENDING_DISCOVERY	0	0	0				0	0	0
CHEBI:34858	mupirocin calcium hydrate	DDHVILIIHBIMQU-YJGQQKNPSA-L	data/antibiotics/antibacterial/mupirocin-calcium-hydrate.yaml	9272dbe3f993a2c330a7a215434ea7ba8e05a24dac5f86c1844ffb112cbe41cf	PENDING_DISCOVERY	0	0	0				0	0	0
CHEBI:7025	mupirocin	MINDHVHHQZYEEK-HBBNESRFSA-N	data/antibiotics/antibacterial/mupirocin.yaml	100721c12c942f6d975bda6a7c05186a295f8fe849cd18cf5c5d216001244997	PENDING_PRIMARY_REVIEW	4	0	0				0	0	0
antibioticmech:aro-0a013bd963	murepavadin	RIDRXGOBXZLKHZ-NZUANIILSA-N	data/antibiotics/antibacterial/murepavadin.yaml	ce5a488533267f0a078a497882c917963980e7cbb26216e5840743efe6d922f5	PENDING_DISCOVERY	0	0	0				0	0	0
antibioticmech:aro-7c2372afa7	mutanobactin	WDKYFUSPNIQGDO-IBCSGKGJSA-N	data/antibiotics/antibacterial/mutanobactin.yaml	74bf120323850d1c7a789ee2e6c568ee72379ff75234cf8dd060e9d17503d8a1	PENDING_DISCOVERY	0	0	0				0	0	0
CHEBI:63284	mycinamicin IV	DBTIHDIIXPQOFR-JMHKOBKLSA-N	data/antibiotics/antibacterial/mycinamicin-iv.yaml	041077cabd363187ddfb15c34eb541c6a3ecb2066c00152647290acd66a6c85f	PENDING_PRIMARY_REVIEW	4	0	0				0	0	0
CHEBI:64901	mygalin	LOUWELXLLQURSP-UHFFFAOYSA-N	data/antibiotics/antibacterial/mygalin.yaml	ab854ce5ed653798cca84b9b63200faf23c088cf1ebc22841326485e4325b8f6	PENDING_DISCOVERY	0	0	0				0	0	0
CHEBI:229635	N-lauryldiethanolamine	NKFNBVMJTSYZDV-UHFFFAOYSA-N	data/antibiotics/antibacterial/n-lauryldiethanolamine.yaml	cbec3cd0a7cbbe284a5e229688570938accc6ae99797365117bd23ce19994a77	PENDING_DISCOVERY	0	0	0				0	0	0
CHEBI:31889	nadifloxacin	JYJTVFIEFKZWCJ-UHFFFAOYSA-N	data/antibiotics/antibacterial/nadifloxacin.yaml	37d5699876a290aef202b0d1e76af20d22b0b558fd67116a69ce179b727afeb9	PENDING_DISCOVERY	0	0	0				0	0	0
CHEBI:7447	nafcillin	GPXLMGHLHQJAGZ-JTDSTZFVSA-N	data/antibiotics/antibacterial/nafcillin.yaml	e87126b0cf01560be7b58035c655553dda3b60d39fb5d54fbdb048ac2fde8465	PENDING_PRIMARY_REVIEW	2	0	0				0	0	0
antibioticmech:aro-d56d37db11	nafithromycin	RLFCSBSRGRJFRO-QAOQTAGDSA-N	data/antibiotics/antibacterial/nafithromycin.yaml	899137a56e379699c07f856abb4ef0b5e409cff442f3ebac586e27abe370ca44	PENDING_DISCOVERY	0	0	0				0	0	0
CHEBI:38729	naled	BUYMVQAILCEWRR-UHFFFAOYSA-N	data/antibiotics/antibacterial/naled.yaml	410f205bc55ad7578ef9cc019a242bf051d8283656aaade50e080561ee26399f	PENDING_DISCOVERY	0	0	0				0	0	0
CHEBI:100147	nalidixic acid	MHWLWQUZZRMNGJ-UHFFFAOYSA-N	data/antibiotics/antibacterial/nalidixic-acid.yaml	5470f715f502919e640578403614317d7bc8d06899756d6d1d08d2f065856aa6	PENDING_PRIMARY_REVIEW	35	0	0				0	0	0
CHEBI:28849	naphthazarin	RQNVIKXOOKXAJQ-UHFFFAOYSA-N	data/antibiotics/antibacterial/naphthazarin.yaml	ae06c153d2f74faac94f76a1b1c212d23d0b3ed49e451d0add05fa74bc9bbb32	PENDING_DISCOVERY	0	0	0				0	0	0
antibioticmech:aro-43b735a15d	narasin	VHKXXVVRRDYCIK-CWCPJSEDSA-N	data/antibiotics/antibacterial/narasin.yaml	49842b2d29c945eb7e7070fef0eca041be0f5b58599098a5ee9ea6ad3e2a146d	PENDING_DISCOVERY	0	0	0				0	0	0
CHEBI:29649	narbomycin	OXFYAOOMMKGGAI-JLTOUBQASA-N	data/antibiotics/antibacterial/narbomycin.yaml	3df9b0044d213ecbf4c92ae6a2a6e10f785f6daa6f7be5e11bf0cedf62fae648	PENDING_PRIMARY_REVIEW	3	0	0				0	0	0
CHEBI:28327	naringenin 7-O-β-D-glucoside	DLIKSSGEMUFQOK-SFTVRKLSSA-N	data/antibiotics/antibacterial/naringenin-7-o-β-d-glucoside.yaml	35692d887edc0ec7d50f9faf9cc1959fa49ebc6da39a2988888e1bf4ea1d2742	PENDING_DISCOVERY	0	0	0				0	0	0
CHEBI:152054	nataloe-emodin	WLOSKKPZIOUGFB-UHFFFAOYSA-N	data/antibiotics/antibacterial/nataloe-emodin.yaml	1d0561ecda14a084784a08b2fd6d73f0257f1f0be519870f939c4eeb0cd2d14d	PENDING_DISCOVERY	0	0	0				0	0	0
CHEBI:7489	neamine	SYJXFKPQNSDJLI-HKEUSBCWSA-N	data/antibiotics/antibacterial/neamine.yaml	fcb44f21fa0a36f83353985cee358ad717ea3f047bbca77105e9e9b5e372cc06	PENDING_DISCOVERY	0	0	0				0	0	0
CHEBI:136053	nemonoxacin	AVPQPGFLVZTJOR-RYUDHWBXSA-N	data/antibiotics/antibacterial/nemonoxacin.yaml	27cf12cc1b6e094c03c43c5202a998924b4baf4f51140ec811cd5ed687e3db6c	PENDING_DISCOVERY	0	0	0				0	0	0
CHEBI:66615	neopyrrolomycin B	NTKHEOJBPXFULD-UHFFFAOYSA-N	data/antibiotics/antibacterial/neopyrrolomycin-b.yaml	6e9e9cdc35cf29e177e93d27a8855c5bd8211f2c55dfee569bad71b07107eded	PENDING_DISCOVERY	0	0	0				0	0	0
CHEBI:7528	netilmycin	ZBGPYVZLYBDXKO-HILBYHGXSA-N	data/antibiotics/antibacterial/netilmycin.yaml	3311342bb85c7fda35cedbf8df5bf0f8105e1d2a2ab9ce7988dbf1b198d7c6d8	PENDING_PRIMARY_REVIEW	60	0	0				0	0	0
antibioticmech:aro-d473074d4a	neutramycin	RZLRMVZBGPHYJA-XXJPCBNGSA-N	data/antibiotics/antibacterial/neutramycin.yaml	82d83f384975ac5177388f2bb040259e4f6d835f7a6b129118af4f62f08dc659	PENDING_DISCOVERY	0	0	0				0	0	0
CHEBI:31908	niddamycin	REPPNUPKOJKPSP-ZZNWINOMSA-N	data/antibiotics/antibacterial/niddamycin.yaml	358f8dd1c9666723216358c7828cccae01da7c6232f9bd1acb86c0e4780ed329	PENDING_PRIMARY_REVIEW	1	0	0				0	0	0
CHEBI:135180	nifuratel	SRQKTCXJCCHINN-NYYWCZLTSA-N	data/antibiotics/antibacterial/nifuratel.yaml	5e36d45aa90e8f663e0455f21cfda564c46c0fbe0cc33814017fd837f9a9fb36	PENDING_DISCOVERY	0	0	0				0	0	0
CHEBI:135136	nifuroxazide	YCWSUKQGVSGXJO-NTUHNPAUSA-N	data/antibiotics/antibacterial/nifuroxazide.yaml	af0080e54a33a9f979e1b3dbac057b7422dc1fa4f6aa45abf6011db3fd404e44	PENDING_DISCOVERY	0	0	0				0	0	0
CHEBI:88255	nifurtoinol	UIDWQGRXEVDFCA-XCVCLJGOSA-N	data/antibiotics/antibacterial/nifurtoinol.yaml	c3710590d6f7cb5f3cb1f1057d4627382fe61154c5ed5c6b77ccbc1c2e3e822a	PENDING_DISCOVERY	0	0	0				0	0	0
CHEBI:7569	nigericin	DANUORFCFTYTSZ-SJSJOXFOSA-N	data/antibiotics/antibacterial/nigericin.yaml	49b59c47500d87eefe30535929d3a4f4cbc489b53b9388b629a081ae0eabcfa4	PENDING_DISCOVERY	0	0	0				0	0	0
CHEBI:71629	nisin	NVNLLIYOARQCIX-IPGQQNLLSA-N	data/antibiotics/antibacterial/nisin.yaml	55df49f4c876ca49e1c98000221a9ccbea65b2a1b552e83fd3148f13be3c125d	PENDING_DISCOVERY	0	0	0				0	0	0
antibioticmech:aro-f198f10971	nitazoxanide	YQNQNVDNTFHQSW-UHFFFAOYSA-N	data/antibiotics/antibacterial/nitazoxanide.yaml	a08e1f49e0e7f8903ead5c6444ce2eeaf0041c5709cd6ff635401323afc8d2e9	PENDING_DISCOVERY	0	0	0				0	0	0
CHEBI:81935	nitrapyrin	DCUJJWWUNKIJPH-UHFFFAOYSA-N	data/antibiotics/antibacterial/nitrapyrin.yaml	3c8e97eb834ef1ed6879acf5e1b48c60fc016fbc5308f6de1e90b3ac09e765c7	PENDING_DISCOVERY	0	0	0				0	0	0
CHEBI:71415	nitrofurantoin	NXFQHRVNIOXGAQ-YCRREMRBSA-N	data/antibiotics/antibacterial/nitrofurantoin.yaml	64752a81e7f86c127e78d03a04bbab061dc42e8a535d4c841f34c3be2d61afa6	PENDING_PRIMARY_REVIEW	3	0	4				0	0	0
CHEBI:44368	nitrofurazone	IAIWVQXQOWNYOU-UHFFFAOYSA-N	data/antibiotics/antibacterial/nitrofurazone.yaml	4bdd3594bdef55355522267b825bff8d2d774733d7030b5952a0eb2a53df2e50	PENDING_DISCOVERY	0	0	0				0	0	0
CHEBI:138066	nocamycin I	DTURANKMSHIDDI-GMYASLLUSA-N	data/antibiotics/antibacterial/nocamycin-i.yaml	872b27e5d455f3fdf1fa13caa01a382942e048ae84528c483c59ef1349183db2	PENDING_DISCOVERY	0	0	0				0	0	0
CHEBI:50437	nocardamine	NHKCCADZVLTPPO-UHFFFAOYSA-N	data/antibiotics/antibacterial/nocardamine.yaml	449bc5bd949461376f29c74b95c91e23fa7a34e7fd6d2bf3860147e2e33abc9e	PENDING_DISCOVERY	0	0	0				0	0	0
CHEBI:48131	nonanedioic acid	BDJRBEYXGGNYIS-UHFFFAOYSA-N	data/antibiotics/antibacterial/nonanedioic-acid.yaml	e005c632abe8cb8ec6731ceef377bfe97aaa2429a8d9e46a9918c9f7716d0b8b	PENDING_DISCOVERY	0	0	0				0	0	0
CHEBI:100246	norfloxacin	OGJPXUAPXNRGGI-UHFFFAOYSA-N	data/antibiotics/antibacterial/norfloxacin.yaml	a021e7b416bd35303fcb3762ba9627410c09052d5e0f08130c1503384c5cb1dc	PENDING_PRIMARY_REVIEW	48	0	0				0	0	0
antibioticmech:aro-515166b9c7	norvancomycin	NUAQIRUAZSJTAI-YRPZDAAMSA-N	data/antibiotics/antibacterial/norvancomycin.yaml	9fbb739834ee998352c554aafc8ab61f68f33f8775b44fdf5529ecf116fbb9f0	PENDING_DISCOVERY	0	0	0				0	0	0
CHEBI:28368	novobiocin	YJQPYGGHQPGBLI-KGSXXDOSSA-N	data/antibiotics/antibacterial/novobiocin.yaml	9ae7d270c772405bad59e0f394e797bc2d0c9550bd1e9dbd71f29e882e2081d3	PENDING_PRIMARY_REVIEW	14	0	0				0	0	0
antibioticmech:curator-8e9e4cae3e	NSC348884	KZOLQEUQAFTQFM-UHFFFAOYSA-N	data/antibiotics/antibacterial/nsc348884.yaml	90392b942c1a6bb9336fc70a00a2c68c0dc20b308fa6ce8ee120164942699216	PENDING_DISCOVERY	0	0	0				0	0	0
CHEBI:166872	nucleocidin	LTBCQBSAWAZBDF-MLTZYSBQSA-N	data/antibiotics/antibacterial/nucleocidin.yaml	a594a3426622f456acfbaae42d24288f9696d398854319142e2fd8d60e2ddc18	PENDING_DISCOVERY	0	0	0				0	0	0
antibioticmech:aro-6fbc93a42c	nybomycin	HKMUGCUFXWTNSP-UHFFFAOYSA-N	data/antibiotics/antibacterial/nybomycin.yaml	66080690edbcccd167320f5e18d4f58899cb96f1a200809e1e9b195812b135f4	PENDING_DISCOVERY	0	0	0				0	0	0
CHEBI:53654	O-formylcefamandole	RRJHESVQVSRQEX-SUYBPPKGSA-N	data/antibiotics/antibacterial/o-formylcefamandole.yaml	a368325f66f71b15a7e02fbd2fb4c3bc9e4e1242b1368445c1129bd252968c5f	PENDING_DISCOVERY	0	0	0				0	0	0
CHEBI:44514	O-methyl-L-threonine	FYCWLJLGIAUCCL-DMTCNVIQSA-N	data/antibiotics/antibacterial/o-methyl-l-threonine.yaml	5facf471083d7166ab217d967c907ae1e9d0a6d2c74bd5c191bee1f99113fddc	PENDING_DISCOVERY	0	0	0				0	0	0
CHEBI:194126	ochnaflavone	NNPGECDACGBKDH-UHFFFAOYSA-N	data/antibiotics/antibacterial/ochnaflavone.yaml	03ff63c913fc15b70e04862938575a645f90593599bc200f56a0fb5c5424de43	PENDING_DISCOVERY	0	0	0				0	0	0
CHEBI:66807	ochracenomicin A	HRKDTQUJICJRIH-UHFFFAOYSA-N	data/antibiotics/antibacterial/ochracenomicin-a.yaml	1f4f4f956a0dea4ec81c61825f684d0920994a0a2bb2e35bca8c4f49badff552	PENDING_DISCOVERY	0	0	0				0	0	0
CHEBI:167043	ochrindole A	YVQFFNCNPFQQKW-UHFFFAOYSA-N	data/antibiotics/antibacterial/ochrindole-a.yaml	7d449d5904fbdbb02a30b7f16deee5341684ec0ce83c4f357c8af3119c160142	PENDING_DISCOVERY	0	0	0				0	0	0
CHEBI:28837	octanoic acid	WWZKQHOCKIZLMA-UHFFFAOYSA-N	data/antibiotics/antibacterial/octanoic-acid.yaml	1850829bb2b301b5f15f9a2e41dbc2e67cea987a990a65f403903ef89e9d3b98	PENDING_DISCOVERY	0	0	0				0	0	0
CHEBI:81936	octhilinone	JPMIIZHYYWMHDT-UHFFFAOYSA-N	data/antibiotics/antibacterial/octhilinone.yaml	1fbe935bf40e7a87d9a350e734869e6b3fb1bd623e30b037170e74314c61450c	PENDING_DISCOVERY	0	0	0				0	0	0
antibioticmech:aro-2eea3233f3	ofloxacin	GSDSWSVVBLHKDQ-UHFFFAOYSA-N	data/antibiotics/antibacterial/ofloxacin.yaml	5ddd8f63ce90ff0d26ed37026628e52f56d1b75925adb269a832ed9e2b2bc407	PENDING_PRIMARY_REVIEW	35	0	76				0	0	0
CHEBI:16869	oleandomycin	RZPAKFUAFGMUPI-QESOVKLGSA-N	data/antibiotics/antibacterial/oleandomycin.yaml	54f3cef2361e85c145287aef108d9af84cfc1334353b8ca3c51a1c8bef6c5ae0	PENDING_PRIMARY_REVIEW	32	0	0				0	0	0
CHEBI:16196	oleic acid	ZQPPMHVWECSIRJ-KTKRTIGZSA-N	data/antibiotics/antibacterial/oleic-acid.yaml	b4abb1c8c658790afb2880f58e375455517c33476afad2e482f3850569fedc60	PENDING_PRIMARY_REVIEW	1	0	1				0	0	0
antibioticmech:aro-ea6589413a	omadacycline	VJYKVCURWJGLPG-IQZGDKDPSA-N	data/antibiotics/antibacterial/omadacycline.yaml	a8b3d5aca50a6a43761c7c57c58738dfe6eabf2cd2e6345a6227266ce9ec5cd6	PENDING_DISCOVERY	0	0	3				0	0	0
CHEBI:234346	ombuoside	VVSFMIXQNYRGMG-BDAFLREQSA-N	data/antibiotics/antibacterial/ombuoside.yaml	6f479fbc0130f2ebde2e187e0e8d4c2a4bdaed25fee7f6aa96fc231ef5834121	PENDING_DISCOVERY	0	0	0				0	0	0
antibioticmech:aro-d5fecb3190	oncocin	LFHRGUYKUBKTMG-BSRMMMFRSA-N	data/antibiotics/antibacterial/oncocin.yaml	61c192d545fec0ff1350b94f29051b5d6f6d48dd645c72c5bb0fe83e459d699f	PENDING_DISCOVERY	0	0	0				0	0	0
CHEBI:138236	oridonin	SDHTXBWLVGWJFT-XKCURVIJSA-N	data/antibiotics/antibacterial/oridonin.yaml	3b345f84c6e60d0ca79693d03f29a0481ca70553d7b57f5d438eba2645420bbf	PENDING_DISCOVERY	0	0	0				0	0	0
antibioticmech:curator-ee3df8bfee	Orientin	PLAPMLGJVGLZOV-VPRICQMDSA-N	data/antibiotics/antibacterial/orientin.yaml	30300e7803460fec5206dc4620cc73b34b2a87cb3c69d5be7fc91bd3541c6987	PENDING_DISCOVERY	0	0	0				0	0	0
CHEBI:83305	oritavancin bisphosphate	PWTROOMOPLCZHB-BHYQHFGMSA-N	data/antibiotics/antibacterial/oritavancin-bisphosphate.yaml	dc075b20183a8b920d8c159421cc6b4ea80c86a567a28d780e21179ee4024785	PENDING_DISCOVERY	0	0	0				0	0	0
CHEBI:82699	oritavancin	VHFGEBVPHAGQPI-LXKZPTCJSA-N	data/antibiotics/antibacterial/oritavancin.yaml	a3487b8665ebaa9f230abc9ef59a3155f9d88b75e15364ba64176f74e5b7499c	PENDING_DISCOVERY	0	0	0				0	0	0
CHEBI:75176	ornidazole	IPWKIXLWTCNBKN-UHFFFAOYSA-N	data/antibiotics/antibacterial/ornidazole.yaml	cca44ff96ac8542b448ecf9d54f6cb744ec8c4df1aa5a3a90d8a074d62a7759b	PENDING_DISCOVERY	0	0	0				0	0	0
antibioticmech:aro-f4906250fc	ostreogrycin B3	YGXCETJZBDTKRY-FULBRLTBSA-N	data/antibiotics/antibacterial/ostreogrycin-b3.yaml	7a5b88673741d8c01a885013c188d17f154fd1f98cd6c1a979d3d6deb0a8f575	PENDING_PRIMARY_REVIEW	23	0	0				0	0	0
CHEBI:7809	oxacillin	UWYHMGVUTGAWSP-JKIFEVAISA-N	data/antibiotics/antibacterial/oxacillin.yaml	a5188217bb7dc247b8c1a41c691856d75d3962405f2893666f0b55acc3127837	PENDING_PRIMARY_REVIEW	5	0	8				0	0	0
CHEBI:86012	oxetanocin A	LMJVXGOFWKVXAW-OXOINMOOSA-N	data/antibiotics/antibacterial/oxetanocin-a.yaml	cf4c517ef66e428cad16ed084e223cf0e13245ecff97d645e854d7a1d96ca30f	PENDING_DISCOVERY	0	0	0				0	0	0
CHEBI:138856	oxolinic acid	KYGZCKSPAKDVKC-UHFFFAOYSA-N	data/antibiotics/antibacterial/oxolinic-acid.yaml	f3458cdb8f8be2a6c2a5bcc3224c9f55a004457721bfd183f3c90292638c627b	PENDING_DISCOVERY	0	0	0				0	0	0
CHEBI:27701	oxytetracycline	IWVCMVBTMGNXQD-PXOLEDIWSA-N	data/antibiotics/antibacterial/oxytetracycline.yaml	943d63675e52158de56edf01a17e489bdce7f7b12eaec8f6fe051551f0227e6b	PENDING_PRIMARY_REVIEW	29	0	0				0	0	0
CHEBI:228289	pachyaximine A	ZTNBSFMIFOLVCM-MCTVSQGJSA-N	data/antibiotics/antibacterial/pachyaximine-a.yaml	4bd4de92b971cbae0d3450f34ba2af3d3a0588ff6d6f0851540c3b531ee878f0	PENDING_DISCOVERY	0	0	0				0	0	0
antibioticmech:aro-8218cfc5a1	pactamycin	WVIUOSJLUCTGFK-JUJPXXQGSA-N	data/antibiotics/antibacterial/pactamycin.yaml	fc7069b8fee12ab54138b2c477773a06be22fc6c0ea386d2ffe3ebfb424d4d7e	PENDING_PRIMARY_REVIEW	1	0	0				0	0	0
CHEBI:15756	palmitic acid	IPCSVZSSVZVIGE-UHFFFAOYSA-N	data/antibiotics/antibacterial/palmitic-acid.yaml	a60518b13cddc20d2709590aac93f0f46d6602e96861a596eb288e1043dbd3fb	PENDING_PRIMARY_REVIEW	1	0	0				0	0	0
CHEBI:7911	panipenem	TYMABNNERDVXID-DLYFRVTGSA-N	data/antibiotics/antibacterial/panipenem.yaml	01c96f6ed951acb012fa0f93133c18cc45b0a372f5b62e17d4328ba96bdefd59	PENDING_PRIMARY_REVIEW	1	0	0				0	0	0
CHEBI:172375	pantocin A	XSESHFKIXVTLOJ-CIUDSAMLSA-N	data/antibiotics/antibacterial/pantocin-a.yaml	ce4338284f8b55737a1c4939f950d807875946dbf6c4dce2a1695178bb8f3b14	PENDING_DISCOVERY	0	0	0				0	0	0
CHEBI:7935	paromomycin sulfate	LJRDOKAZOAKLDU-UDXJMMFXSA-N	data/antibiotics/antibacterial/paromomycin-sulfate.yaml	c01a5ca45c42562004d0c46de28e7e14ec5468f65717842572045d058927d105	PENDING_DISCOVERY	0	0	0				0	0	0
CHEBI:7934	paromomycin	UOZODPSAJZTQNH-LSWIJEOBSA-N	data/antibiotics/antibacterial/paromomycin.yaml	5eb48984ce7b431649122f2e0329986c3a8568c165045abdf262ed265f692822	PENDING_PRIMARY_REVIEW	16	0	0				0	0	0
antibioticmech:aro-2ea67cad76	patricin A	HASLPZZCXDUQET-OTXZUHDPSA-N	data/antibiotics/antibacterial/patricin-a.yaml	fb765cce6bb171e6be11769b37d270d7046864f095a34499fecc7654a987b177	PENDING_PRIMARY_REVIEW	23	0	0				0	0	0
antibioticmech:aro-0aefa62f74	patricin B	HASLPZZCXDUQET-OTXZUHDPSA-N	data/antibiotics/antibacterial/patricin-b.yaml	24fe977fbb934235e1bba3cf6a7c794b6db738d23ebcfbc148ba60f12a31f3c1	PENDING_PRIMARY_REVIEW	23	0	0				0	0	0
antibioticmech:curator-fe92479d4c	PBT2	YZPOQCQXOSEMAZ-UHFFFAOYSA-N	data/antibiotics/antibacterial/pbt2.yaml	67ec80cf8b5b601c8a08b1522a0c01f56c4a714f563ee42acfa342081941486b	PENDING_DISCOVERY	0	0	0				0	0	0
CHEBI:50194	pefloxacin mesylate	HQQSBEDKMRHYME-UHFFFAOYSA-N	data/antibiotics/antibacterial/pefloxacin-mesylate.yaml	96e9ec6a73b8c946e429d34fce2ab7e581bb7db8611eae9ff941d83869558999	PENDING_DISCOVERY	0	0	0				0	0	0
CHEBI:50199	pefloxacin	FHFYDNQZQSQIAI-UHFFFAOYSA-N	data/antibiotics/antibacterial/pefloxacin.yaml	0626ce3d51674b59c8cb7e00ee56c5320c46bc5def630ccb59bf5da0a9a121f8	PENDING_PRIMARY_REVIEW	22	0	0				0	0	0
CHEBI:131733	penamecillin	NLOOMWLTUVBWAW-HLLBOEOZSA-N	data/antibiotics/antibacterial/penamecillin.yaml	25bf3638ab8a9dd69ef25c8bbc995be407f83b142f6639d41d3de9c2f40f2e33	PENDING_DISCOVERY	0	0	0				0	0	0
antibioticmech:aro-1c565a1a6c	perchlozone	QTSJJDIDTYFLFC-YHYXMXQVSA-N	data/antibiotics/antibacterial/perchlozone.yaml	f09bc9c9c630dd9fd6c955269f5db610fde42191638e275e2fd03409dab9768e	PENDING_PRIMARY_REVIEW	1	0	0				0	0	0
antibioticmech:aro-2e5f698558	phenelfamycin A	STUFASHYXFEKNQ-CEKXONASSA-N	data/antibiotics/antibacterial/phenelfamycin-a.yaml	ec58381cafd60e0d260a80b7ef922ef12df840cc5b30b56f348232be8456473a	PENDING_DISCOVERY	0	0	0				0	0	0
antibioticmech:aro-3cd51688ea	phenelfamycin B	BQKXPBTYVGLILY-CEKXONASSA-N	data/antibiotics/antibacterial/phenelfamycin-b.yaml	8951c888bf46ecc486e0ba34a5e6055aa7a98a53648ce6a7bbff1a10274c77e3	PENDING_DISCOVERY	0	0	0				0	0	0
antibioticmech:aro-a78f888bde	phenelfamycin C	CFQHTKGGWFGEKG-WYJATRNTSA-N	data/antibiotics/antibacterial/phenelfamycin-c.yaml	f6891ea3a72b9b476b98bf073a5cd5a0e52a803163a5829e26b466d5108f87c7	PENDING_DISCOVERY	0	0	0				0	0	0
antibioticmech:aro-b4caf30bd7	phenelfamycin D	FKLIFBBUPUAJOL-VZLGSHJVSA-N	data/antibiotics/antibacterial/phenelfamycin-d.yaml	2967ea2a2aad5a1260b2dedf43a59e7f223013beb1c6f56e05185687f5ed14e0	PENDING_DISCOVERY	0	0	0				0	0	0
antibioticmech:aro-0ae735fe08	phenelfamycin E	UDVVGDCMWCVRCO-CUFFYTIGSA-N	data/antibiotics/antibacterial/phenelfamycin-e.yaml	c68bd5062167ffd38cebbcadbfabdd04d817d819199e55b3fac7038fc78e75f4	PENDING_DISCOVERY	0	0	0				0	0	0
antibioticmech:aro-e1509d505b	phenelfamycin F	LNHMLFJFDISYQH-YXDAFIJTSA-N	data/antibiotics/antibacterial/phenelfamycin-f.yaml	497079f952a0f57caf65152920cca38527ad9c0c8ecdea2001f672ccb4da7a4c	PENDING_DISCOVERY	0	0	0				0	0	0
antibioticmech:aro-7086196093	phenelfamycin G	VQOMZALHTLFROE-JUDPNWICSA-N	data/antibiotics/antibacterial/phenelfamycin-g.yaml	1e68ff4c1711fac03b528e49c9d97c4f2459b3405c38585e21e1f5700333a068	PENDING_DISCOVERY	0	0	0				0	0	0
antibioticmech:aro-e129595baa	phenelfamycin H	DXDHNOMQTFKZDB-HSXFPMABSA-N	data/antibiotics/antibacterial/phenelfamycin-h.yaml	d802ce522999a2685d90d6631c68da0baa34f8330bb486088ab7681c132cd00e	PENDING_DISCOVERY	0	0	0				0	0	0
CHEBI:52427	phenethicillin	NONJJLVGHLVQQM-JHXYUMNGSA-N	data/antibiotics/antibacterial/phenethicillin.yaml	f4cffed33cdec6cab9f581e3f890899ad3955565839e409ec7e1f27038cac5f5	PENDING_DISCOVERY	0	0	0				0	0	0
CHEBI:8062	phenethyl caffeate	SWUARLUWKZWEBQ-VQHVLOKHSA-N	data/antibiotics/antibacterial/phenethyl-caffeate.yaml	58c072a7868ef3bb647ec454d076db4d061553e39573c293bbbd74e01de1b9e7	PENDING_DISCOVERY	0	0	0				0	0	0
CHEBI:27446	phenoxymethylpenicillin	BPLBGHOLXOTWMN-MBNYWOFBSA-N	data/antibiotics/antibacterial/phenoxymethylpenicillin.yaml	cfcbfb3e09de8df9cc27b3549117c8bfd401c2b177913c82fb06ff1414a392c1	PENDING_DISCOVERY	0	0	0				0	0	0
CHEBI:75046	phleomycin D1	CWCMIVBLVUHDHK-ZSNHEYEWSA-N	data/antibiotics/antibacterial/phleomycin-d1.yaml	5d7bb7bcdb8eee0e758697939e5b20ba36246a3b188a736267d086efd719df65	PENDING_DISCOVERY	0	0	0				0	0	0
CHEBI:68297	phomalevone A	KMDRWTGFZLUZEY-NEUGYGHLSA-N	data/antibiotics/antibacterial/phomalevone-a.yaml	a8790a4dd62fbf4aef756d91e9e4379583a4b89a735bcc6816e915a9a0d3e632	PENDING_DISCOVERY	0	0	0				0	0	0
CHEBI:68298	phomalevone B	QNGZXAWVLALWLX-UHFFFAOYSA-N	data/antibiotics/antibacterial/phomalevone-b.yaml	ee75345db0c4bce96906d6857b46b1303022a31ce64cff2dc73903c83b0cddd0	PENDING_DISCOVERY	0	0	0				0	0	0
CHEBI:68299	phomalevone C	DRYAIORIKWDUCC-AHFZSLFQSA-N	data/antibiotics/antibacterial/phomalevone-c.yaml	92bcada2c4220172518231b113859b5d5c2bcd41200571c05529476fce96520c	PENDING_DISCOVERY	0	0	0				0	0	0
CHEBI:38167	physcion	FFWOKTFYGVYKIR-UHFFFAOYSA-N	data/antibiotics/antibacterial/physcion.yaml	85d326fc0dee9966dd0a22548d5b6b888640828f2d233e47746f81a30de8c0c8	PENDING_DISCOVERY	0	0	0				0	0	0
CHEBI:29665	pikromycin	UZQBOFAUUTZOQE-VSLWXVDYSA-N	data/antibiotics/antibacterial/pikromycin.yaml	6f00a13eee19447a1318be300fd0a623a1c0506610d1ceb712fb25424f14656a	PENDING_PRIMARY_REVIEW	3	0	0				0	0	0
CHEBI:75250	pipemidic acid	JOHZPMXAZQZXHR-UHFFFAOYSA-N	data/antibiotics/antibacterial/pipemidic-acid.yaml	958de558c8275d7e9093f3771d6d9efb6d6db7ddeb8add8d4f45a883b27f0613	PENDING_DISCOVERY	0	0	0				0	0	0
CHEBI:8232	piperacillin	IVBHGBMCVLDMKU-GXNBUGAJSA-N	data/antibiotics/antibacterial/piperacillin.yaml	929dbafa50c33137e706b4218f2b512294c6263ef2f40a6a9677cf1da56f9d05	PENDING_PRIMARY_REVIEW	16	0	0				0	0	0
antibioticmech:aro-b0cdef0f20	pirlimycin	HBJOXQRURQPDEX-MHXMMLMNSA-N	data/antibiotics/antibacterial/pirlimycin.yaml	2cfab8aebbf413acd5604931b5357d9ab6f654a4ec5401c82454675c683090e8	PENDING_PRIMARY_REVIEW	1	0	0				0	0	0
CHEBI:32019	piromidic acid	RCIMBBZXSXFZBV-UHFFFAOYSA-N	data/antibiotics/antibacterial/piromidic-acid.yaml	03c74231ba1e3760ad17a2eeff9c62d5021659b56b1ca24345b724a6823b45df	PENDING_DISCOVERY	0	0	0				0	0	0
CHEBI:70576	(+)-pisiferic acid	ATHWSPHADLLZSS-PXNSSMCTSA-N	data/antibiotics/antibacterial/pisiferic-acid.yaml	1c799e905dffeebadb3a3508d720f58d3c741fbfce10a04672b5f996a93d9f20	PENDING_DISCOVERY	0	0	0				0	0	0
CHEBI:8255	pivampicillin	ZEMIJUDPLILVNQ-ZXFNITATSA-N	data/antibiotics/antibacterial/pivampicillin.yaml	c46ced6456d797fc08d1fe067c579330d621e150e76d37b4e3badd9db23495fe	PENDING_DISCOVERY	0	0	0				0	0	0
CHEBI:51210	pivmecillinam	NPGNOVNWUSPMDP-HLLBOEOZSA-N	data/antibiotics/antibacterial/pivmecillinam.yaml	e9c6dad11871ad82eaf9668465af4fbc48b1c98d75925680675a361bcd77b938	PENDING_DISCOVERY	0	0	0				0	0	0
CHEBI:68241	platencin	DWUHGPPFFABTIY-RLWZQHMASA-N	data/antibiotics/antibacterial/platencin.yaml	f85dd2de00b370021d0ff2a6b875c51421e8b699135c89048bcc0a2056281358	PENDING_DISCOVERY	0	0	0				0	0	0
CHEBI:68236	platensimycin	CSOMAHTTWTVBFL-OFBLZTNGSA-N	data/antibiotics/antibacterial/platensimycin.yaml	028eb0e48c8783213fc18a7212a032f47db16cef28e94b227c94b93e7470481a	PENDING_DISCOVERY	0	0	0				0	0	0
CHEBI:32023	plaunotol	SUWYPNNPLSRNPS-UNTSEYQFSA-N	data/antibiotics/antibacterial/plaunotol.yaml	ca6bac1e6d9b96f12fd9a81482d799a289ce5f2fed2cc0d7f6e4ca4a91e8d657	PENDING_DISCOVERY	0	0	0				0	0	0
antibioticmech:aro-554b15fa7b	plazomicin	IYDYFVUFSPQPPV-PEXOCOHZSA-N	data/antibiotics/antibacterial/plazomicin.yaml	5a8112accae3a2f5b7a5d7e027f3a0bf8f85c3b309dada29abbf7bc8fefb6d06	PENDING_PRIMARY_REVIEW	1	0	3				0	0	0
CHEBI:66765	pleosporone	YUSJPHSHLVVZRA-DYQSUWPFSA-N	data/antibiotics/antibacterial/pleosporone.yaml	942d475f90d50457e252a2610d3587524fd77ea29d4224cf99a29b505752240b	PENDING_DISCOVERY	0	0	0				0	0	0
CHEBI:8269	pleuromutilin	ZRZNJUXESFHSIO-ZXVYJXQESA-N	data/antibiotics/antibacterial/pleuromutilin.yaml	068be77c7f217810e535cc6c301d52cd5756d7ed72e7f1253fc61fa2bbd26ee5	PENDING_PRIMARY_REVIEW	8	0	0				0	0	0
CHEBI:66771	polyketomycin	OWRCRVABZYJUES-FLJLGRLJSA-N	data/antibiotics/antibacterial/polyketomycin.yaml	902a9a710c0098830f7d2d211f31dac0ddfcf0009d7f5dca43803e099a688168	PENDING_DISCOVERY	0	0	0				0	0	0
CHEBI:8309	polymyxin B1	WQVJHHACXVLGBL-GOVYWFKWSA-N	data/antibiotics/antibacterial/polymyxin-b1.yaml	4c644d27e04665b6b423d87cf0ff74de85454a5335384543e2d3962e50671f97	PENDING_PRIMARY_REVIEW	3	0	0				0	0	0
CHEBI:59063	polymyxin B2	SGPYLFWAQBAXCZ-RUDZPDEXSA-N	data/antibiotics/antibacterial/polymyxin-b2.yaml	ad051f1e93e0e221baef06440028d74460989e6f823a734a15f61eea9aa7e2ea	PENDING_PRIMARY_REVIEW	12	0	0				0	0	0
antibioticmech:aro-180f92bec8	polymyxin B3	MUZYEKLWXWDOOD-RUDZPDEXSA-N	data/antibiotics/antibacterial/polymyxin-b3.yaml	666b64b9e3145bdcaabbd9572b0e24e4f70a71983c948cd270b81078ce682aba	PENDING_PRIMARY_REVIEW	3	0	0				0	0	0
antibioticmech:aro-d6a7012e5e	polymyxin B4	DFEINBRRTFYPQB-KOEMQTGPSA-N	data/antibiotics/antibacterial/polymyxin-b4.yaml	0494fdadbd9c5f61a1e56b2e8d4bcead76e528f7c9bb4003fec4e176ba3ba7f5	PENDING_PRIMARY_REVIEW	3	0	0				0	0	0
CHEBI:85264	potassium clavulanate	ABVRVIZBZKUTMK-JSYANWSFSA-M	data/antibiotics/antibacterial/potassium-clavulanate.yaml	871e2045059cbe738b575e231cf71d8117ac5da35116c7bd93cfd922c8150e7e	PENDING_DISCOVERY	0	0	0				0	0	0
CHEBI:131850	PR-39	JTJJGVCUEGCBHL-IWDHFESKSA-N	data/antibiotics/antibacterial/pr-39.yaml	272ab62a133779fb068f84c97fbeba1dfd1d3e101d7342d8994b2a632d6224bd	PENDING_PRIMARY_REVIEW	1	0	0			PMID:18519732	0	0	0
CHEBI:69023	preaustinoid A	IRPHRMHQEPXQQF-RFMSQVAGSA-N	data/antibiotics/antibacterial/preaustinoid-a.yaml	4bf9dbb9096f057f213a84d38feeb5cc2026c389997b78eb0bcabdb429c4dde1	PENDING_DISCOVERY	0	0	0				0	0	0
antibioticmech:aro-b4f5ca6a06	pretomanid	ZLHZLMOSPGACSZ-NSHDSACASA-N	data/antibiotics/antibacterial/pretomanid.yaml	ea804bbc686ef8cc3bb173dfe9e3ef7ef670e388b90dcb218161d3b9b19c1bd3	PENDING_PRIMARY_REVIEW	1	0	0				0	0	0
CHEBI:8417	pristinamycin IA	YGXCETJZBDTKRY-DZCVGBHJSA-N	data/antibiotics/antibacterial/pristinamycin-ia.yaml	48ce58e40c27acd5d72dc044ad9d8ec4ebe4815f68e9a2796d725693b9ca66ad	PENDING_PRIMARY_REVIEW	28	0	0				0	0	0
CHEBI:8418	pristinamycin IB	PCOXSOQWQVRJCH-UHFFFAOYSA-N	data/antibiotics/antibacterial/pristinamycin-ib.yaml	2658e30a7c30bda500edae25353957a15a096084773ff589e5316ca8e833d925	PENDING_PRIMARY_REVIEW	24	0	0				0	0	0
antibioticmech:aro-a324312fa2	pristinamycin IC	BYRKDHSWMQLYJB-UHFFFAOYSA-N	data/antibiotics/antibacterial/pristinamycin-ic.yaml	a751ebbe87e52622bfe10cb1f322309e1c5bfd1a3685a343c406dc29792541b4	PENDING_PRIMARY_REVIEW	25	0	0				0	0	0
CHEBI:9997	pristinamycin IIA	DAIKHDNSXMZDCU-FQTGFAPKSA-N	data/antibiotics/antibacterial/pristinamycin-iia.yaml	582701d2ba4955a973dbbd4db5dcadb309e3826c634c2965aa6d490718fa0488	PENDING_DISCOVERY	0	0	0				0	0	0
CHEBI:171658	promysalin	HDPPSWUQDQXSJU-UNWVZKJWSA-N	data/antibiotics/antibacterial/promysalin.yaml	5c87b1ea62aff2a4400b3152029e0c81c289a67e194493e6e3f5eed2e9d78d6e	PENDING_DISCOVERY	0	0	0				0	0	0
CHEBI:8464	prontosil	ABBQGOCHXSPKHJ-WUKNDPDISA-N	data/antibiotics/antibacterial/prontosil.yaml	e0c06f52ca954d473cf5ec3aa3796256ccdfac2816db9c7c22224a7842324fc1	PENDING_DISCOVERY	0	0	0				0	0	0
CHEBI:52429	propicillin	HOCWPKXKMNXINF-XQERAMJGSA-N	data/antibiotics/antibacterial/propicillin.yaml	825245a261d5f0b3759753c9c75b130c176267ae4c211dc3f71bd965d1f1c7a2	PENDING_DISCOVERY	0	0	0				0	0	0
CHEBI:32066	prothionamide	VRDIULHPQTYCLN-UHFFFAOYSA-N	data/antibiotics/antibacterial/prothionamide.yaml	cec764522fcd09c14b7764c7380a05688893812020108f712249987fa3b35471	PENDING_PRIMARY_REVIEW	4	0	19				0	0	0
CHEBI:32071	Prulifloxacin	PWNMXPDKBYZCOO-UHFFFAOYSA-N	data/antibiotics/antibacterial/prulifloxacin.yaml	9acd6047b51c28a19b35db4e902232955e56e05d277b75a295709dd6f7daeecf	PENDING_DISCOVERY	0	0	0				0	0	0
antibioticmech:aro-36b1a29715	pseudouridimycin	XDEYHXABZOKKDZ-YFKLLHAASA-N	data/antibiotics/antibacterial/pseudouridimycin.yaml	151b0160e7a2e4f8f6888b86f14bbe58603d5b05ecff7148a39e4c26314e1ab0	PENDING_DISCOVERY	0	0	0				0	0	0
CHEBI:29668	pulvomycin	FXSFWUNCIOIMAC-YHQXOMPPSA-N	data/antibiotics/antibacterial/pulvomycin.yaml	1e1a7ce9e894ba6276ecb4052252317f7ae0faea0975c55e65161ebbdecc23e5	PENDING_PRIMARY_REVIEW	1	0	0				0	0	0
CHEBI:167695	punicalagin	ZJVUMAFASBFUBG-UYMKNUMKSA-N	data/antibiotics/antibacterial/punicalagin.yaml	4bf7827614a89d8ce5cd77faf139a3ec5448ca0a513d2e1d01ead672d6d9a158	PENDING_DISCOVERY	0	0	0				0	0	0
CHEBI:17939	puromycin	RXWNCPJZOCPEPQ-NVWDDTSBSA-N	data/antibiotics/antibacterial/puromycin.yaml	ff0f0d0fd0bb8522bf88c3225e827cc8635fa7b7237abbba66e8b076758de522	PENDING_PRIMARY_REVIEW	4	0	0				0	0	0
CHEBI:8647	purpurogallin	WDGFFVCWBZVLCE-UHFFFAOYSA-N	data/antibiotics/antibacterial/purpurogallin.yaml	6bbd0231237a8a4427ccb7b58a059baf4a662dd233c13c30756a2e2669dd20c6	PENDING_DISCOVERY	0	0	0				0	0	0
CHEBI:8653	pyocyanine	YNCMLFHHXWETLD-UHFFFAOYSA-N	data/antibiotics/antibacterial/pyocyanine.yaml	ebbb3e8e86f49e4e5b1c7f727f05d4d58595df8982fc9bc2a3599abb8615c5c8	PENDING_DISCOVERY	0	0	0				0	0	0
CHEBI:156453	pyoluteorin	JPGWTZORMBTNMF-UHFFFAOYSA-N	data/antibiotics/antibacterial/pyoluteorin.yaml	53d043bf067a004f3212a9646cab0ac147371bf73d1dc06037170beaff5ce4fd	PENDING_DISCOVERY	0	0	0				0	0	0
CHEBI:156550	pyrrolomycin A	CDHAYBUDIPNGGJ-UHFFFAOYSA-N	data/antibiotics/antibacterial/pyrrolomycin-a.yaml	e14e8ce60cc28ea3aadd6ddfee1c0f427eaf4318fb497ba91f1c9e5ada2caca6	PENDING_DISCOVERY	0	0	0				0	0	0
antibioticmech:aro-dfad12d850	pyrrolomycin B	ZIOBWQJYKHDNKP-UHFFFAOYSA-N	data/antibiotics/antibacterial/pyrrolomycin-b.yaml	e6f2f5d6d63bd06514582a7530aa8ad5142b333e066cb2e0e1388866796d9708	PENDING_DISCOVERY	0	0	0				0	0	0
antibioticmech:aro-c8e528eadd	pyrrolomycin C	WEZZHODHNYWVJY-UHFFFAOYSA-N	data/antibiotics/antibacterial/pyrrolomycin-c.yaml	e0cb85eab62497595a925077a8f40ab70fb5f6bc45dabd8f4291943943299e0d	PENDING_DISCOVERY	0	0	0				0	0	0
antibioticmech:aro-ba8c8dd0ec	pyrrolomycin D	IJODRMYZNYTFTC-UHFFFAOYSA-N	data/antibiotics/antibacterial/pyrrolomycin-d.yaml	8e2347ee596f871be5845cd4888020ec1f2e9f5c89998ca32ea817b955a20539	PENDING_DISCOVERY	0	0	0				0	0	0
antibioticmech:aro-96ac9a7072	pyrrolomycin E	SGEOBHBCFXDBHD-UHFFFAOYSA-N	data/antibiotics/antibacterial/pyrrolomycin-e.yaml	1bcb85e9cfc016087309ef4cb5e803ba74a2973dd297706d3440cfacb7d3523c	PENDING_DISCOVERY	0	0	0				0	0	0
antibioticmech:aro-df2f0e08b4	pyrrolomycin F	LTKQHGHTROTART-UHFFFAOYSA-N	data/antibiotics/antibacterial/pyrrolomycin-f.yaml	92bd5aa6b2603f2b65c444736be15b16439be0218a160c40f2f3da5f939353e2	PENDING_DISCOVERY	0	0	0				0	0	0
antibioticmech:aro-74aa00cff4	pyrrolomycin F2a	QPLVRXNITVEQGA-UHFFFAOYSA-N	data/antibiotics/antibacterial/pyrrolomycin-f2a.yaml	17501d3c7695bbfb6fa61cfa7fcbe7d0a4ee7d15c1884c77e33605ecc24fc391	PENDING_DISCOVERY	0	0	0				0	0	0
antibioticmech:aro-ab6394287c	pyrrolomycin F2b	PEEAQGQIMNUWED-UHFFFAOYSA-N	data/antibiotics/antibacterial/pyrrolomycin-f2b.yaml	398fdedbf85206ca17ad659a04cb3590d32020f7ff208103b9f51bbf4403489f	PENDING_DISCOVERY	0	0	0				0	0	0
antibioticmech:aro-605696c899	pyrrolomycin F3	ICQSKHARNVQSEP-UHFFFAOYSA-N	data/antibiotics/antibacterial/pyrrolomycin-f3.yaml	def2982d43a71d3545b9a3d14a14988c8311dde2b181af563f185ec1d7a0b7bc	PENDING_DISCOVERY	0	0	0				0	0	0
antibioticmech:aro-bb69bd597e	pyrrolomycin G	WKEODUMIDZIAED-JTQLQIEISA-N	data/antibiotics/antibacterial/pyrrolomycin-g.yaml	c274edaa41c0d5b4aecabfb6973ae3a135f2934f1e18aa922c7504d8fbf00526	PENDING_DISCOVERY	0	0	0				0	0	0
antibioticmech:aro-d02a324bed	pyrrolomycin H	VVULWSWLJUXPTK-JTQLQIEISA-N	data/antibiotics/antibacterial/pyrrolomycin-h.yaml	8cfa8ad37f9d004c298fda876658676a517bceec047c621515f40989cf9d59a7	PENDING_DISCOVERY	0	0	0				0	0	0
antibioticmech:aro-07fd9f4191	pyrrolomycin I	VREXHRJVYHCJKY-UHFFFAOYSA-N	data/antibiotics/antibacterial/pyrrolomycin-i.yaml	ffc72526191f6bfc150f0b9722df0300391df17d7be36d3d3ebc5ee5e84dcd25	PENDING_DISCOVERY	0	0	0				0	0	0
antibioticmech:aro-6235078efd	pyrrolomycin J	OPEUDILCTNZYOP-UHFFFAOYSA-N	data/antibiotics/antibacterial/pyrrolomycin-j.yaml	727d353cc0ee27e9200477b26837300a7926c62f85c56f2c978fc32b3d1d9a1d	PENDING_DISCOVERY	0	0	0				0	0	0
CHEBI:59607	quaternium-15	UKHVLWKBNNSRRR-UHFFFAOYSA-M	data/antibiotics/antibacterial/quaternium-15.yaml	3a486ad581db6f6349690f84b211e4ae4507282e31aaec5c75906459e3cb617c	PENDING_DISCOVERY	0	0	0				0	0	0
CHEBI:16243	quercetin	REFJWTPEDVJJIY-UHFFFAOYSA-N	data/antibiotics/antibacterial/quercetin.yaml	986b98a5d0ade404ae6bc9ddd8577d3e223c1487bf6b31c9bf75bb7f4625a5c9	PENDING_DISCOVERY	0	0	0				0	0	0
CHEBI:192379	quinacillin	GPMSLJIYNWBYEL-TYNCELHUSA-N	data/antibiotics/antibacterial/quinacillin.yaml	4274cfd366c3b7ce93bbb97e8e9e8c6c16610ded83b338ab7e6d263517092fd0	PENDING_DISCOVERY	0	0	0				0	0	0
CHEBI:48981	quinolin-8-ol	MCJGNVYPOGVAJF-UHFFFAOYSA-N	data/antibiotics/antibacterial/quinolin-8-ol.yaml	5811775fc7ef3ef032ddf5e7acd99542d3b0d93eb7341001b183250dbdbdfcd9	PENDING_DISCOVERY	0	0	0				0	0	0
CHEBI:8732	quinupristin	WTHRRGMBUAHGNI-MJWHERSYSA-N	data/antibiotics/antibacterial/quinupristin.yaml	967ba62d716c63cbfbaae4ef73bcb94c3932d6b96177ade545bed3d47e0f83b6	PENDING_PRIMARY_REVIEW	28	0	0				0	0	0
CHEBI:59479	(R)-chlorphenesin	MXOAEAUPQDYUQM-MRVPVSSYSA-N	data/antibiotics/antibacterial/r-chlorphenesin.yaml	2e0546082c62a9870eb9bde1153dfd5e11b043c98bba449d490786eccc57ee6d	PENDING_DISCOVERY	0	0	0				0	0	0
CHEBI:131752	(R)-iclaprim	HWJPWWYTGBZDEG-AWEZNQCLSA-N	data/antibiotics/antibacterial/r-iclaprim.yaml	d9ae55d8a50117cd0fe9dd79daf9c493754b402f2acaedc623a8e3b63c6ac094	PENDING_DISCOVERY	0	0	0				0	0	0
CHEBI:17656	(R)-mandelic acid	IWYDHOAUDWTVEP-SSDOTTSWSA-N	data/antibiotics/antibacterial/r-mandelic-acid.yaml	32203a05e9b45591eebccc522df4aec473a29614cea3899cc1aaf6757c19b527	PENDING_DISCOVERY	0	0	0				0	0	0
CHEBI:37907	(R)-nadifloxacin	JYJTVFIEFKZWCJ-SNVBAGLBSA-N	data/antibiotics/antibacterial/r-nadifloxacin.yaml	95e5daf4dfd0f11d54afa301a049e67eae2b940898cd1f0d581462b49b78b010	PENDING_DISCOVERY	0	0	0				0	0	0
CHEBI:77794	(R)-temafloxacin	QKDHBVNJCZBTMR-LLVKDONJSA-N	data/antibiotics/antibacterial/r-temafloxacin.yaml	ce14ca6dfef72ca440ae7efb84f3f04f6c500a7b61c9d097b9f30f7816d661bf	PENDING_DISCOVERY	0	0	0				0	0	0
CHEBI:234200	rafoxanide	NEMNPWINWMHUMR-UHFFFAOYSA-N	data/antibiotics/antibacterial/rafoxanide.yaml	032e03d358821e03d6c15e0656c9832fa07a9d199ef66739f67d264162667f24	PENDING_DISCOVERY	0	0	0				0	0	0
CHEBI:29670	ramoplanin	KGZHFKDNSAEOJX-WIFQYKSHSA-N	data/antibiotics/antibacterial/ramoplanin.yaml	80feb56c587c6c722e52aae4eb3e135b636f047e417764b7b30ad571e9cb05ba	PENDING_DISCOVERY	0	0	0				0	0	0
CHEBI:66297	remangiflavanone A	NPTHXJUVZWZDJB-HXOBKFHXSA-N	data/antibiotics/antibacterial/remangiflavanone-a.yaml	a6e33c76fcf5283ecade4c1d096f6ecd5ab4064692f45f6a27d70fa2c74e71d0	PENDING_DISCOVERY	0	0	0				0	0	0
CHEBI:66298	remangiflavanone B	CBIZXZGHIBJYRA-CMJOXMDJSA-N	data/antibiotics/antibacterial/remangiflavanone-b.yaml	f4d00e4d3253be942ea319655214c9b97c9ad413dbc3e1058f83d1a0a597a261	PENDING_DISCOVERY	0	0	0				0	0	0
CHEBI:29672	resorcinol monoacetate	ZZPKZRHERLGEKA-UHFFFAOYSA-N	data/antibiotics/antibacterial/resorcinol-monoacetate.yaml	0411766a056cdaaf1a01f851e89e7e13b0126134ba5eb3aae764abc6ade81d2f	PENDING_DISCOVERY	0	0	0				0	0	0
antibioticmech:aro-556deb5a30	retapamulin	STZYTFJPGGDRJD-FJJJPKKESA-N	data/antibiotics/antibacterial/retapamulin.yaml	219fcd107c05ddd6d988b09c2f2c05799d63b698d18887537632a9bb5e371503	PENDING_PRIMARY_REVIEW	10	0	0				0	0	0
CHEBI:174376	rhapontigenin	PHMHDRYYFAYWEG-NSCUHMNNSA-N	data/antibiotics/antibacterial/rhapontigenin.yaml	6cfd0bf4f878c08339bbf08f7232ce29f77e787f3c3d569ae32f6a61df89c6bb	PENDING_DISCOVERY	0	0	0				0	0	0
CHEBI:10003	ribostamycin sulfate	RTCDDYYZMGGHOE-YMSVYGIHSA-N	data/antibiotics/antibacterial/ribostamycin-sulfate.yaml	fdfcab1b1b057560f59a1146d5def519c163d68243cf5aee74b65f1edff0edd8	PENDING_DISCOVERY	0	0	0				0	0	0
CHEBI:45257	ribostamycin	NSKGQURZWSPSBC-VVPCINPTSA-N	data/antibiotics/antibacterial/ribostamycin.yaml	3234aa6687ce5a9cd97ebe82f71456dcaff57ab0ea1354c9f268ea225f8cc4e5	PENDING_PRIMARY_REVIEW	14	0	0				0	0	0
CHEBI:45367	rifabutin	ATEBXHFBFRCZMA-VXTBVIBXSA-N	data/antibiotics/antibacterial/rifabutin.yaml	fdcf820d1eb37c4c3bbb21dc89ffe97d93b990fbebe7a8706811b475d43b18b1	PENDING_PRIMARY_REVIEW	17	0	268				0	0	0
antibioticmech:aro-cf6aac5f15	rifalazil	IXSVOCGZBUJEPI-HTQYORAHSA-N	data/antibiotics/antibacterial/rifalazil.yaml	0bf16156580cd3b31b664fd007dd1760812fd68f0db89fd0604e5592b6530a50	PENDING_DISCOVERY	0	0	0				0	0	0
CHEBI:75246	rifaximin	NZCRJKRKKOLAOJ-XRCRFVBUSA-N	data/antibiotics/antibacterial/rifaximin.yaml	397b16e308463d5dc1a993bca493e381c78d073b438cdf83d7de6c231c9839e0	PENDING_PRIMARY_REVIEW	16	0	0				0	0	0
CHEBI:85129	ristocetin	VUOPFFVAZTUEGW-FBMDODLCSA-N	data/antibiotics/antibacterial/ristocetin.yaml	e58b34a6230782af18d5d04e8a53a1811de29a8ba9787a7ddf8cafe424abaf6a	PENDING_DISCOVERY	0	0	0				0	0	0
CHEBI:32103	rokitamycin	VYWWNRMSAPEJLS-MDWYKHENSA-N	data/antibiotics/antibacterial/rokitamycin.yaml	718ed023bf7aec5abe8fd4bd85191bbcc1a55b8b3feeb1b43dd129b5511a8705	PENDING_PRIMARY_REVIEW	2	0	0				0	0	0
CHEBI:63334	rolitetracycline	HMEYVGGHISAPJR-IAHYZSEUSA-N	data/antibiotics/antibacterial/rolitetracycline.yaml	4c3c130c5216a253facdb170fefeb366d3c90a3f6964679e8c3893b798f764e1	PENDING_DISCOVERY	0	0	0				0	0	0
CHEBI:87084	rosaramicin	IUPCWCLVECYZRV-JZMZINANSA-N	data/antibiotics/antibacterial/rosaramicin.yaml	4c6ea771bd774de1b6501498959f92abaf245daff0167d796ed7436ccbbc3ad5	PENDING_DISCOVERY	0	0	0				0	0	0
CHEBI:131715	rosoxacin	XBPZXDSZHPDXQU-UHFFFAOYSA-N	data/antibiotics/antibacterial/rosoxacin.yaml	7ebdaf2b18369d6a27f865d0455e3be6f361d27ef2c7a7791b57a8de30a6914d	PENDING_DISCOVERY	0	0	0				0	0	0
CHEBI:35817	roxarsone	XMVJITFPVVRMHC-UHFFFAOYSA-N	data/antibiotics/antibacterial/roxarsone.yaml	71378c7b1cb516d1154d013e73b5ab1ba748cdb669875d67ff31df9026ce2b12	PENDING_DISCOVERY	0	0	0				0	0	0
CHEBI:48844	roxithromycin	RXZBMPWDPOLZGW-HITVVWEBSA-N	data/antibiotics/antibacterial/roxithromycin.yaml	01f4c4c700e13824fdb92ede57b1396378bc307ef080069ad844223f24335297	PENDING_PRIMARY_REVIEW	28	0	0				0	0	0
CHEBI:138243	rubesanolide D	XAPXKNWMZURWMY-VQEGESQYSA-N	data/antibiotics/antibacterial/rubesanolide-d.yaml	3456511220ef48f3d8472ac1d86869e1f68a183eb28a59bfd158310ea05dd7da	PENDING_DISCOVERY	0	0	0				0	0	0
CHEBI:69533	rubiadin	IRZTUXPRIUZXMP-UHFFFAOYSA-N	data/antibiotics/antibacterial/rubiadin.yaml	6dd10fd884ae8226e0e09c52b984993789dfe5cefa9e0f6836eb5b53d6f08a51	PENDING_DISCOVERY	0	0	0				0	0	0
CHEBI:66318	rubraxanthone	JLTSTSRANGPLOQ-RIYZIHGNSA-N	data/antibiotics/antibacterial/rubraxanthone.yaml	07b09744e530d7cd01305ae2d1de0dfecd959aea5e4d7802505a7f17e76cb34a	PENDING_DISCOVERY	0	0	0				0	0	0
CHEBI:69039	rutarin	JWWFVRMFYKPZNE-VVIWCBLHSA-N	data/antibiotics/antibacterial/rutarin.yaml	9fc2fe226d528e96c1a0e9a7bfae86a9bddc8c367732ca3d54a1f773b97245b3	PENDING_DISCOVERY	0	0	0				0	0	0
antibioticmech:curator-59edbdc708	Rutin	IKGXIBQEEMLURG-NVPNHPEKSA-N	data/antibiotics/antibacterial/rutin.yaml	d20795efff6e6b127a8000dad083ae786188d3aa8bc50f8f67af4e13b5e09640	PENDING_DISCOVERY	0	0	0				0	0	0
CHEBI:59480	(S)-chlorphenesin	MXOAEAUPQDYUQM-QMMMGPOBSA-N	data/antibiotics/antibacterial/s-chlorphenesin.yaml	df222abb479cc8755ca38434898f14c151d11b769fa455166bb502990d920b8f	PENDING_DISCOVERY	0	0	0				0	0	0
CHEBI:5373	(S)-glaucine	RUZIUYOSRDWYQF-HNNXBMFYSA-N	data/antibiotics/antibacterial/s-glaucine.yaml	fffb601e7f7cab3ec972153ff188433b351c03ef0534e8fd4ecc62a053f00b26	PENDING_DISCOVERY	0	0	0				0	0	0
CHEBI:131753	(S)-iclaprim	HWJPWWYTGBZDEG-CQSZACIVSA-N	data/antibiotics/antibacterial/s-iclaprim.yaml	ffc56e572666137ced43ad449fb2ec2f8724db50950759c519125459a87a53b7	PENDING_DISCOVERY	0	0	0				0	0	0
CHEBI:32800	(S)-mandelic acid	IWYDHOAUDWTVEP-ZETCQYMHSA-N	data/antibiotics/antibacterial/s-mandelic-acid.yaml	765c2e83d58327f415f8fd9067b7927ec4d60413c1f05655d41851735ce6dfa4	PENDING_DISCOVERY	0	0	0				0	0	0
CHEBI:37908	(S)-nadifloxacin	JYJTVFIEFKZWCJ-JTQLQIEISA-N	data/antibiotics/antibacterial/s-nadifloxacin.yaml	5415fe444e12b36ab312608133265f46fae53fa892ee6641ead12b246797503a	PENDING_DISCOVERY	0	0	0				0	0	0
CHEBI:91021	S-propyl propanethiosulfinate	XPRZAEWSYWTDSQ-UHFFFAOYSA-N	data/antibiotics/antibacterial/s-propyl-propanethiosulfinate.yaml	a191401e6979b1db11caed45e4b5038c8172e1cc06d443ad97ac49898a8e4f3a	PENDING_DISCOVERY	0	0	0				0	0	0
antibioticmech:curator-1a87ac78a7	(S,S)-4-F-Phe-Ala	HGNZUVLSZXGIAH-XVKPBYJWSA-N	data/antibiotics/antibacterial/s-s-4-f-phe-ala.yaml	2f6bfe2dba0c82c892614a705d12dd25bd7e32235dfcccc5a96312efb0706a31	PENDING_DISCOVERY	0	0	0				0	0	0
CHEBI:77795	(S)-temafloxacin	QKDHBVNJCZBTMR-NSHDSACASA-N	data/antibiotics/antibacterial/s-temafloxacin.yaml	c4ea1d27a0c0eafe383454310efd4c3dfa410097e527f9886a292b3dd123675d	PENDING_DISCOVERY	0	0	0				0	0	0
CHEBI:45615	salicylhydroxamic acid	HBROZNQEVUILML-UHFFFAOYSA-N	data/antibiotics/antibacterial/salicylhydroxamic-acid.yaml	86ce073f7407362c712a48090894022a5e8476a8833ae4ab14acb3bacddf9c36	PENDING_DISCOVERY	0	0	0				0	0	0
CHEBI:80025	salinomycin	KQXDHUJYNAXLNZ-XQSDOZFQSA-N	data/antibiotics/antibacterial/salinomycin.yaml	101ac3181def9036b56e44da7d2fee6635e528de44ab8d2b7568c54aa3d0e1c9	PENDING_DISCOVERY	0	0	0				0	0	0
CHEBI:76244	sapienic acid	NNNVXFKZMRGJPM-KHPPLWFESA-N	data/antibiotics/antibacterial/sapienic-acid.yaml	b0535dbb2247f1ba06f9ce3cac7bdf22cdcd1de2a8885069169550865dd12e3b	PENDING_DISCOVERY	0	0	0				0	0	0
antibioticmech:aro-26cedd2720	sarafloxacin	XBHBWNFJWIASRO-UHFFFAOYSA-N	data/antibiotics/antibacterial/sarafloxacin.yaml	0eac78ae52136f345df42d68630b10d925737f6783c374ee97dfdebdb9f57cae	PENDING_DISCOVERY	0	0	0				0	0	0
antibioticmech:aro-a39572002e	sarecycline	AYUMVPHUMFKFPJ-SBAJWEJLSA-N	data/antibiotics/antibacterial/sarecycline.yaml	64d6b75255e257b34e69620a9277156a9a420dc683c13fafe3cb1a39ede968b2	PENDING_DISCOVERY	0	0	0				0	0	0
CHEBI:201384	sartorypyrone D	YFZBONHCMBXFDD-JVRYRRRMSA-N	data/antibiotics/antibacterial/sartorypyrone-d.yaml	8b4278b325ef355d8e5ab7766ec2db288c183b2803fe648848093316f499e48c	PENDING_DISCOVERY	0	0	0				0	0	0
antibioticmech:aro-b7537957c3	SB22484	NIOCOUPGHASQHO-UHFFFAOYSA-N	data/antibiotics/antibacterial/sb22484.yaml	522ac2beeda4f53aaf881d0a867450ac3db4a48a833d113046291465bbaacb2f	PENDING_DISCOVERY	0	0	0				0	0	0
CHEBI:66177	scalusamide A	LCDBRGPJMWXDGF-RTEOAJGCSA-N	data/antibiotics/antibacterial/scalusamide-a.yaml	34cc8f0f95596ad3f311d043d63bfedce348c3e9e9383c2d9ef7a95ffc930fbb	PENDING_DISCOVERY	0	0	0				0	0	0
CHEBI:94998	SCH-79797	AVXQPEKZIGPIJW-UHFFFAOYSA-N	data/antibiotics/antibacterial/sch-79797.yaml	d910946bfd3250e6ffd9fa58c73ee909870bfd2fe8367e67aefd8bab75fa7f83	PENDING_DISCOVERY	0	0	0				0	0	0
CHEBI:140628	secnidazole	KPQZUUQMTUIKBP-UHFFFAOYSA-N	data/antibiotics/antibacterial/secnidazole.yaml	c9ac7f7fdfddbd0e8dbd13f9627249d4f0046288ec65cc7d35b318352434226a	PENDING_DISCOVERY	0	0	0				0	0	0
antibioticmech:aro-b2857d2845	selamectin	AFJYYKSVHJGXSN-XHKIUTQPSA-N	data/antibiotics/antibacterial/selamectin.yaml	ac285f44582ceb3515406b3cbf79423b562849b2b464f128e8a4dd2d27614bc2	PENDING_DISCOVERY	0	0	0				0	0	0
CHEBI:27461	selenohomocystine	NBQXBIDZPLKFHR-UHFFFAOYSA-N	data/antibiotics/antibacterial/selenohomocystine.yaml	5d94e6454efc76171720d31ac4fa0d857176dbfde0f76eca1dd92d5840c84795	PENDING_DISCOVERY	0	0	0				0	0	0
CHEBI:66482	sigmoidin A	BVHLNRAYBCPKOY-NRFANRHFSA-N	data/antibiotics/antibacterial/sigmoidin-a.yaml	6965fc34e946797aac7cbc6ab7f6338f23fb5f0a9cc82fd012037d9be3d575a5	PENDING_DISCOVERY	0	0	0				0	0	0
CHEBI:66483	sigmoidin B	SFQIGPZCFNTPOD-KRWDZBQOSA-N	data/antibiotics/antibacterial/sigmoidin-b.yaml	72b39b0883bfd1e7cb57faf0a012ce0eed384d1257cec4e67ab06cf867a6dd02	PENDING_DISCOVERY	0	0	0				0	0	0
CHEBI:9142	silver(1+) sulfadiazinate	UEJSSZHHYBHCEL-UHFFFAOYSA-N	data/antibiotics/antibacterial/silver-1-sulfadiazinate.yaml	95f37e7b23755aec772da926a3a1ed020ae5bcd9fc10139abae1cd7f64a2f945	PENDING_DISCOVERY	0	0	0				0	0	0
CHEBI:9168	sirolimus	QFJCIRLUMZQUOT-HPLJOQBZSA-N	data/antibiotics/antibacterial/sirolimus.yaml	27fcbe8f6b7789fcaf8b9bfba90a4c7b8e76a9967ac3a240978c59a9ec8fa375	PENDING_DISCOVERY	0	0	0				0	0	0
CHEBI:9169	sisomycin	URWAJWIAIPFPJE-YFMIWBNJSA-N	data/antibiotics/antibacterial/sisomycin.yaml	ab70f61115b369e67d18c4b997fa813b3c19370e43317caae0547cb2ebd7ea7d	PENDING_PRIMARY_REVIEW	64	0	0				0	0	0
CHEBI:4304	Sitafloxacin	PNUZDKCDAWUEGK-CYZMBNFOSA-N	data/antibiotics/antibacterial/sitafloxacin.yaml	0f02c35cf397c51a1f41bffa938b56e3d0dac0c1fd027886ebb61fda6cb2770f	PENDING_PRIMARY_REVIEW	3	0	6				0	0	0
CHEBI:36049	sodium arsanilate	OUFRIWNNMFWZTM-UHFFFAOYSA-M	data/antibiotics/antibacterial/sodium-arsanilate.yaml	9500bdd8d759416b36b91a14b0d41405d558f403ae924bdfec0d554c6b7ce65c	PENDING_DISCOVERY	0	0	0				0	0	0
CHEBI:29678	sodium arsenite	PTLRDCMBXHILCL-UHFFFAOYSA-M	data/antibiotics/antibacterial/sodium-arsenite.yaml	7bbe4f9ac7232c95f0cc5d41ebd8061efbd3de0a936f38ee0103172c4905ed51	PENDING_DISCOVERY	0	0	0				0	0	0
CHEBI:278547	sodium azide	PXIPVTKHYLBLMZ-UHFFFAOYSA-N	data/antibiotics/antibacterial/sodium-azide.yaml	f39ff136f7ab1f36218654fd5d11ff6d98831e1426eda100f7de565b601e783b	PENDING_DISCOVERY	0	0	0				0	0	0
CHEBI:234143	sodium (E)-nifurstyrenate	FGNXRHWAZABZSZ-ZIKNSQGESA-M	data/antibiotics/antibacterial/sodium-e-nifurstyrenate.yaml	08fb2384106266bbf711f428588b12c8a1af20fab91e7e371e1ec8730eb1b1cc	PENDING_DISCOVERY	0	0	0				0	0	0
CHEBI:86431	sodium fluorophosphate	BFDWBSRJQZPEEB-UHFFFAOYSA-L	data/antibiotics/antibacterial/sodium-fluorophosphate.yaml	7eb1eb544555c8d814526328f4e38c9485cc940f581006f4be2b8ea3fd83ed34	PENDING_DISCOVERY	0	0	0				0	0	0
CHEBI:234123	sodium nifurstyrenate	FGNXRHWAZABZSZ-UHFFFAOYSA-M	data/antibiotics/antibacterial/sodium-nifurstyrenate.yaml	5c319dd301681fc0575af7dbfafb0ea2ecff7341191b81f3fc877c18d1543c97	PENDING_DISCOVERY	0	0	0				0	0	0
CHEBI:234142	sodium (Z)-nifurstyrenate	FGNXRHWAZABZSZ-AQPBACSKSA-M	data/antibiotics/antibacterial/sodium-z-nifurstyrenate.yaml	61223acaa2ad8767990404fdc323e828dc692dcd7a36036c90e4dc82f27d0390	PENDING_DISCOVERY	0	0	0				0	0	0
CHEBI:135732	sofalcone	GFWRVVCDTLRWPK-KPKJPENVSA-N	data/antibiotics/antibacterial/sofalcone.yaml	e2ab29f66f575ff120bda08df9a48a425cbafdaeb70f2ec1f0a2b42ce3493974	PENDING_DISCOVERY	0	0	0				0	0	0
antibioticmech:aro-f9eb09229d	solithromycin	IXXFZUPTQVDPPK-QIFQIIIXSA-N	data/antibiotics/antibacterial/solithromycin.yaml	402c8597fd10446a08ca53adfba6a702e1757c74fd411ad8a0b448b9e20ea7f5	PENDING_DISCOVERY	0	0	0				0	0	0
CHEBI:70023	sophoraflavanone A	GOAUTULGLLBZSR-YLLUOSTHSA-N	data/antibiotics/antibacterial/sophoraflavanone-a.yaml	a656c70ba4f34cc89e62be87af01b412e6f5264b7f908ffe0744d1f1733f8114	PENDING_DISCOVERY	0	0	0				0	0	0
CHEBI:66514	sorocenol G	GOBAQYCCUYZMJY-HGLYATPPSA-N	data/antibiotics/antibacterial/sorocenol-g.yaml	b437ebb5362adde11ce03b3629adca70ea155a1464269ee1837468a650c8b5a0	PENDING_DISCOVERY	0	0	0				0	0	0
CHEBI:66515	sorocenol H	SEHVRKPXIDOTRX-CMUUVTEDSA-N	data/antibiotics/antibacterial/sorocenol-h.yaml	8f8160cfcedf8fffbd327a69a753789dd8a4c74daf438aa3de8cf5a8733e8f62	PENDING_DISCOVERY	0	0	0				0	0	0
CHEBI:9212	sparfloxacin	DZZWHBIBMUVIIW-DTORHVGOSA-N	data/antibiotics/antibacterial/sparfloxacin.yaml	924813552af17502f9756d5ac75534bc9a5739854a1064bd8882098f96f249c2	PENDING_PRIMARY_REVIEW	25	0	0				0	0	0
CHEBI:9216	spectinomycin dihydrochloride	FOGDPGQSHLLYIK-XYQGXRRISA-N	data/antibiotics/antibacterial/spectinomycin-dihydrochloride.yaml	4463cace4bd76bf2e17b441b4bc0dae8f6a093ea23e4fae8446308ac8051e339	PENDING_DISCOVERY	0	0	0				0	0	0
CHEBI:9217	spectinomycin hydrochloride hydrate	DCHJOVNPPSBWHK-UXXUFHFZSA-N	data/antibiotics/antibacterial/spectinomycin-hydrochloride-hydrate.yaml	a813d57ce4d27b395ea570e8967dcabf42f5290003051a862ae01d9ed1d4729a	PENDING_DISCOVERY	0	0	0				0	0	0
CHEBI:9215	spectinomycin	UNFWWIHTNXNPBV-WXKVUWSESA-N	data/antibiotics/antibacterial/spectinomycin.yaml	729204cc548676666dad892dce679af79e2eb6fd979e24addd8580979a760ea5	PENDING_PRIMARY_REVIEW	48	0	0				0	0	0
CHEBI:69494	sphaeropsidin A	FEKFUWWVNCCROX-SQWSIXGCSA-N	data/antibiotics/antibacterial/sphaeropsidin-a.yaml	78b193cfc811dab60f6bde1a4740f54955f8bdbe7bba35ab7b905a69593bf17a	PENDING_DISCOVERY	0	0	0				0	0	0
antibioticmech:curator-19908a5b89	Spinasterol	JZVFJDZBLUFKCA-FXIAWGAOSA-N	data/antibiotics/antibacterial/spinasterol.yaml	1789d3574e87658adceab1bfc993e8683fb73ffc9e4e8a54393ffcaadda0a397	PENDING_DISCOVERY	0	0	0				0	0	0
CHEBI:85260	spiramycin I	ACTOXUHEUCPTEW-KWBWCIJSSA-N	data/antibiotics/antibacterial/spiramycin-i.yaml	d4e47700833cd60e8c4dbb7c37085262ff61bc33f46aca231241838ba8a5c06a	PENDING_PRIMARY_REVIEW	32	0	0				0	0	0
CHEBI:31168	spiramycin II	ZPCCSZFPOXBNDL-RSMXASMKSA-N	data/antibiotics/antibacterial/spiramycin-ii.yaml	478f95f3831559509aad8453ea182728f042bffa7928b1cc763aa0f0e1731e69	PENDING_DISCOVERY	0	0	0				0	0	0
CHEBI:17076	streptomycin	UCSJYZPVAKXKNQ-HZYVHMACSA-N	data/antibiotics/antibacterial/streptomycin.yaml	d3189ed58bc9f837961881eab7963c2564c29c994457017d6bade0336bfb4f04	PENDING_PRIMARY_REVIEW	62	0	80				0	0	0
CHEBI:60821	streptothricin F	NRAUADCLPJTGSF-VLSXYIQESA-N	data/antibiotics/antibacterial/streptothricin-f.yaml	9650e764d766485ce118b670e4d99cc29580e0af9cc892f1b89be4b0ce1a6c1e	PENDING_PRIMARY_REVIEW	5	0	0				0	0	0
CHEBI:66530	suaveolindole	GVPCTDRGYRLXLX-AYPBNUJASA-N	data/antibiotics/antibacterial/suaveolindole.yaml	2f699cf1d0b8f43c79cd67b798c91da761e947a38cfb41490441db5415f7a2ca	PENDING_DISCOVERY	0	0	0				0	0	0
CHEBI:94677	sulfabenzamide	PBCZLFBEBARBBI-UHFFFAOYSA-N	data/antibiotics/antibacterial/sulfabenzamide.yaml	243468dd5420821d6825a4b39eba947d50f450a8b58d747687e3de22db10e41a	PENDING_DISCOVERY	0	0	0				0	0	0
CHEBI:145405	sulfabromomethazine	KWXCNODTHBHSIQ-UHFFFAOYSA-N	data/antibiotics/antibacterial/sulfabromomethazine.yaml	80ef154df63b0be5989cd90b35b910195ee27a13881cab41b07d0eab6c1e5479	PENDING_DISCOVERY	0	0	0				0	0	0
CHEBI:63845	sulfacetamide	SKIVFJLNDNKQPD-UHFFFAOYSA-N	data/antibiotics/antibacterial/sulfacetamide.yaml	cc371a3aaddff12da886ae7f4cce523a684b0a9c991e8a67ef446996d219c4d9	PENDING_PRIMARY_REVIEW	5	0	0				0	0	0
CHEBI:59057	sulfachloropyridazine	XOXHILFPRYWFOD-UHFFFAOYSA-N	data/antibiotics/antibacterial/sulfachloropyridazine.yaml	3dfa6ede08d2d7582dc85c4742c82cb2ed48e92846b3c7ab7e3b4390d55c3324	PENDING_DISCOVERY	0	0	0				0	0	0
CHEBI:9329	sulfadoxine	PJSFRIWCGOHTNF-UHFFFAOYSA-N	data/antibiotics/antibacterial/sulfadoxine.yaml	7226bd02a63df469db4690b90fcc448fbdd772ae737df6a4329f767d64fb8c38	PENDING_PRIMARY_REVIEW	6	0	0				0	0	0
CHEBI:145407	sulfaethoxypyridazine	FFJIWWBSBCOKLS-UHFFFAOYSA-N	data/antibiotics/antibacterial/sulfaethoxypyridazine.yaml	25d68dd70f22f2af852a2e797b4a30b13f5b591128674c822e7c7b81cd33a952	PENDING_DISCOVERY	0	0	0				0	0	0
CHEBI:102130	sulfamerazine	QPPBRPIAZZHUNT-UHFFFAOYSA-N	data/antibiotics/antibacterial/sulfamerazine.yaml	023758d4ec68d8bea2856985df25c4d975576b21eeba9683fb1558ed53d9942b	PENDING_DISCOVERY	0	0	0				0	0	0
CHEBI:102265	sulfamethazine	ASWVTGNCAZCNNR-UHFFFAOYSA-N	data/antibiotics/antibacterial/sulfamethazine.yaml	ed857740a40d13816752246e18eb094767b8646ac4063eb86b360505a94dd84a	PENDING_PRIMARY_REVIEW	5	0	0				0	0	0
CHEBI:9331	sulfamethizole	VACCAVUAMIDAGB-UHFFFAOYSA-N	data/antibiotics/antibacterial/sulfamethizole.yaml	084ddeefef0062f71204a7f3146d8f6de74004cdf5d5289cdccc9e189017040f	PENDING_PRIMARY_REVIEW	5	0	0				0	0	0
CHEBI:9332	sulfamethoxazole	JLKIGFTWXXRPMT-UHFFFAOYSA-N	data/antibiotics/antibacterial/sulfamethoxazole.yaml	651e9736049a794b1b283ca1f3cf6e8bfe157240f8bc96bf37380233e178190d	PENDING_PRIMARY_REVIEW	8	0	0				0	0	0
CHEBI:45373	sulfanilamide	FDDDEECHVMSUSB-UHFFFAOYSA-N	data/antibiotics/antibacterial/sulfanilamide.yaml	d8ea68bfbb71f1de032db541572d0be029de272df4b00327db70766d91605d47	PENDING_DISCOVERY	0	0	0				0	0	0
CHEBI:131722	sulfaperin	DZQVFHSCSRACSX-UHFFFAOYSA-N	data/antibiotics/antibacterial/sulfaperin.yaml	ef9d5bdbe2dbfaf617584ef30e657e2722916b8445cd1d80d92ef737b56b7bdd	PENDING_DISCOVERY	0	0	0				0	0	0
CHEBI:77780	sulfaphenazole	QWCJHSGMANYXCW-UHFFFAOYSA-N	data/antibiotics/antibacterial/sulfaphenazole.yaml	1f5e69b72da2946a51572b9b8bb53c0dbc5256b2a45ee73cb200b2b9e61eb546	PENDING_DISCOVERY	0	0	0				0	0	0
CHEBI:9334	sulfasalazine	NCEXYHBECQHGNR-QZQOTICOSA-N	data/antibiotics/antibacterial/sulfasalazine.yaml	7c4e931c4caac532e26ca77ef25f1b5263425f4403e998551956c6431750ab82	PENDING_PRIMARY_REVIEW	5	0	0				0	0	0
CHEBI:131723	sulfathiourea	UEMLYRZWLVXWRU-UHFFFAOYSA-N	data/antibiotics/antibacterial/sulfathiourea.yaml	c61e40e6636e2ab9df430edc738d952bf50dca283af67eeccc6b6bae37cd517f	PENDING_DISCOVERY	0	0	0				0	0	0
CHEBI:88263	sulfisoxazole diolamine	FEPTXVIRMZIGFY-UHFFFAOYSA-N	data/antibiotics/antibacterial/sulfisoxazole-diolamine.yaml	5c46d455858d6857d597c22f125ab3f01104019e4a62cd7e4a7d1a3c3bc33643	PENDING_DISCOVERY	0	0	0				0	0	0
CHEBI:102484	sulfisoxazole	NHUHCSRWZMLRLA-UHFFFAOYSA-N	data/antibiotics/antibacterial/sulfisoxazole.yaml	38a03ea8c0a749ebf78404a647652fc9d64563781ce6bf5f4c180f486d72112a	PENDING_PRIMARY_REVIEW	6	0	0				0	0	0
antibioticmech:aro-f9ecce9898	sulopenem	FLSUCZWOEMTFAQ-PRBGKLEPSA-N	data/antibiotics/antibacterial/sulopenem.yaml	2fcff4dc79edafd329f150c063b862257630b536043b61de557622af9535ee1c	PENDING_DISCOVERY	0	0	0				0	0	0
CHEBI:71976	surfactin A	PBEDWPIWZYHNPL-RHKAOURMSA-N	data/antibiotics/antibacterial/surfactin-a.yaml	4716948fbfd365b033a7aee46c2606183816d0fb0af211f005eaffe2fae72991	PENDING_DISCOVERY	0	0	0				0	0	0
CHEBI:71977	surfactin B	DDULCZLFAKVKJB-JIXKVBNCSA-N	data/antibiotics/antibacterial/surfactin-b.yaml	bc140a4c5a35b227204b07f41d2ae431fe0336d5fcac929ee7ccccab3c5d2560	PENDING_DISCOVERY	0	0	0				0	0	0
CHEBI:71978	surfactin C	NJGWOFRZMQRKHT-WGVNQGGSSA-N	data/antibiotics/antibacterial/surfactin-c.yaml	95f7c0598504ceff367ad4b3ee69d2ba1828ab6807ba80d3403c3d615027316c	PENDING_DISCOVERY	0	0	0				0	0	0
CHEBI:71979	surfactin D	HPBKRTWLUQRMNA-PTYDTDROSA-N	data/antibiotics/antibacterial/surfactin-d.yaml	f469f3cc975f31c661562fe466f389c4283bce88a642b34389a3d0afbcfecb48	PENDING_DISCOVERY	0	0	0				0	0	0
antibioticmech:aro-b8680d8080	tartrolon A	XQJJKTZLLUVWBB-RTPDCJFMSA-N	data/antibiotics/antibacterial/tartrolon-a.yaml	64d61bbc86d08558f8cac7d4b224dabd50ad2e1f8f258a7cc5dc3267556ca74d	PENDING_DISCOVERY	0	0	0				0	0	0
antibioticmech:aro-ae741f3893	tartrolon B	SDHWTVQPAMCPFR-WTZVVYLDSA-N	data/antibiotics/antibacterial/tartrolon-b.yaml	a65df83c7446daf37ea6e2cbc728f8e58655f3c9b18a6a55d043f6f71d5c2ffc	PENDING_DISCOVERY	0	0	0				0	0	0
antibioticmech:aro-a1f2f7e07d	tartrolon D	OHYKIDCHGZQVCM-ZMXWBCPCSA-N	data/antibiotics/antibacterial/tartrolon-d.yaml	0cd6cf682b9f4f5dbfe739178996a21b1608fd7e543dc78d92ab8f498f953f9f	PENDING_DISCOVERY	0	0	0				0	0	0
antibioticmech:aro-4b163fa344	tartrolon F	QZOYYXRCNOZKAN-NSHSNTAOSA-N	data/antibiotics/antibacterial/tartrolon-f.yaml	057e99656a9c901adcc1d595a5084b7b253072ce17672c330f9909de03e71a48	PENDING_DISCOVERY	0	0	0				0	0	0
antibioticmech:aro-6bb73d1eab	tartrolon G	FXGOCVGCVFBLCI-JTEBNOBLSA-N	data/antibiotics/antibacterial/tartrolon-g.yaml	c521f6ab7ac3b485bca36ec6f22d5b31a429743b23db8ca57db507d8dfff8813	PENDING_DISCOVERY	0	0	0				0	0	0
CHEBI:135173	taurolidine	AJKIRUJIDFJUKJ-UHFFFAOYSA-N	data/antibiotics/antibacterial/taurolidine.yaml	1b9b7703f213e8b351d93a4fa030c090f049892eb3a109bf4c5077689ff1ced3	PENDING_DISCOVERY	0	0	0				0	0	0
antibioticmech:aro-67d13cef91	TBI-223	ZNBRXLSWXJKKLJ-LBPRGKRZSA-N	data/antibiotics/antibacterial/tbi-223.yaml	33889f957c29b872ed303c63e2adb67845ff787456bddef185f4e7da14296632	PENDING_DISCOVERY	0	0	0				0	0	0
antibioticmech:aro-7f38f83f7d	tebipenem	GXXLUDOKHXEFBQ-YJFSRANCSA-N	data/antibiotics/antibacterial/tebipenem.yaml	ab477a25e69fc2f9438909c4587450a1a155adb8afcf74d60ea181c9a76c839b	PENDING_DISCOVERY	0	0	0				0	0	0
CHEBI:83341	tecloftalam	ROZUQUDEWZIBHV-UHFFFAOYSA-N	data/antibiotics/antibacterial/tecloftalam.yaml	7d65b184084594669a843155242b8a0bfc5f572fffd05b4e8c9794c48f91e728	PENDING_DISCOVERY	0	0	0				0	0	0
CHEBI:82717	tedizolid	XFALPSLJIHVRKE-GFCCVEGCSA-N	data/antibiotics/antibacterial/tedizolid.yaml	9359a815808a8134c3294441b3723dd3b357c32d38e99ea897a4a04487a270ab	PENDING_PRIMARY_REVIEW	1	0	0				0	0	0
antibioticmech:aro-a71ef91d49	teicoplanin	FHBQKTSCJKPYIO-OXIGXJDJSA-N	data/antibiotics/antibacterial/teicoplanin.yaml	3a589e1ed74ed45dd92916865f7d7306bd03e6de6dee66930de044d9520ee636	PENDING_PRIMARY_REVIEW	7	0	1				0	0	0
CHEBI:84192	teixobactin	LMBFAGIMSUYTBN-MPZNNTNKSA-N	data/antibiotics/antibacterial/teixobactin.yaml	a47b1491688aa166e37b39198181e2938246355e334e62a8c198197cddb9d856	PENDING_DISCOVERY	0	0	0				0	0	0
CHEBI:71226	telavancin hydrochloride	GSSIWSIRBWAZHG-ACOPVEIWSA-N	data/antibiotics/antibacterial/telavancin-hydrochloride.yaml	b0c585e0f2cf647b8a99c64d2c7173c6e691e3443d3d223dec58e42a9cdfbd56	PENDING_DISCOVERY	0	0	0				0	0	0
CHEBI:71229	telavancin	ONUMZHGUFYIKPM-MXNFEBESSA-N	data/antibiotics/antibacterial/telavancin.yaml	6a888f43912667c7cd402bdda8d461625fb09b2ec91d7277aac3ef3feb4f7010	PENDING_DISCOVERY	0	0	0				0	0	0
CHEBI:29688	telithromycin	LJVAJPDWBABPEJ-PNUFFHFMSA-N	data/antibiotics/antibacterial/telithromycin.yaml	80911bedbfef0738e2c2a9628e8a83ce65dc79f84f7ae0ecd206cc65784d40db	PENDING_PRIMARY_REVIEW	30	0	0				0	0	0
CHEBI:51817	temocillin	BVCKFLJARNKCSS-DWPRYXJFSA-N	data/antibiotics/antibacterial/temocillin.yaml	6684aa0983249ee64f020a0a08e3fac2afc5ce2ad9dcec968e37030b94f3bd7d	PENDING_PRIMARY_REVIEW	2	0	0				0	0	0
CHEBI:133829	tensyuic acid C	STUMFFBVBKIJSG-UHFFFAOYSA-N	data/antibiotics/antibacterial/tensyuic-acid-c.yaml	8861491394f9144de9ceeda4ce1bef206dbd27c36e3bcfb2e2714262cdc10a99	PENDING_DISCOVERY	0	0	0				0	0	0
CHEBI:66202	termilignan B	OUIGYUDPNSGJSX-UHFFFAOYSA-N	data/antibiotics/antibacterial/termilignan-b.yaml	3cd230698e1083bc6f4610f9926412c8ab20b5713f75bed3cbfb1a63c299ef57	PENDING_DISCOVERY	0	0	0				0	0	0
CHEBI:64090	tert-butyl hydroperoxide	CIHOLLKRGTVIJN-UHFFFAOYSA-N	data/antibiotics/antibacterial/tert-butyl-hydroperoxide.yaml	1f20c85480ceed15c3e546a2898efb90748364961845005f2bda0e0b1fe1ba7b	PENDING_DISCOVERY	0	0	0				0	0	0
CHEBI:32197	tetracenomycin A2	BXLGPMDGOMEFBX-UHFFFAOYSA-N	data/antibiotics/antibacterial/tetracenomycin-a2.yaml	8574ad8f14216d1c2011ee591e665aa1075683483a94a52c626341e5d86eb31b	PENDING_DISCOVERY	0	0	0				0	0	0
CHEBI:9470	tetracenomycin C	ULHJWHCSSAEMLW-UEVCKROQSA-N	data/antibiotics/antibacterial/tetracenomycin-c.yaml	0d02e86d0d7e413314a887fa74bd6950dc7245e5930490189a9259f925d47c7b	PENDING_PRIMARY_REVIEW	1	0	0				0	0	0
CHEBI:32209	tetracenomycin X	CCDBRFCICQZPPE-DNQXCXABSA-N	data/antibiotics/antibacterial/tetracenomycin-x.yaml	4994e01a65583c0629830b9a134cb3bde712efc23ae2eebca922faca5507a875	PENDING_DISCOVERY	0	0	0				0	0	0
CHEBI:77932	tetracycline zwitterion	OFVLGDICTFRJMM-WESIUVDSSA-N	data/antibiotics/antibacterial/tetracycline-zwitterion.yaml	09ae2a9f835e6a5249a035a8819d24f189a0654793efefe443936f8db3d1199a	PENDING_DISCOVERY	0	0	0				0	0	0
CHEBI:27902	tetracycline	OFVLGDICTFRJMM-WESIUVDSSA-N	data/antibiotics/antibacterial/tetracycline.yaml	68de808f0457c1c59f0c1decf4ad4b958d872b52b175e37795db0e85bccc8258	PENDING_PRIMARY_REVIEW	116	0	20				0	0	0
antibioticmech:aro-8013b9b55a	tetronomycin	PYNSBUJNGRHFPI-REIOUMPOSA-M	data/antibiotics/antibacterial/tetronomycin.yaml	c8ef058a69d6099f1eebec039d0c48ddb97289ad05173e0af4f3d6db0b8cb54c	PENDING_DISCOVERY	0	0	0				0	0	0
CHEBI:135420	tetroxoprim	WSWJIZXMAUYHOE-UHFFFAOYSA-N	data/antibiotics/antibacterial/tetroxoprim.yaml	e4dc236847c1f9f03481b2fee5e107290a9e75c4361c95436dd7fb8c796fed9a	PENDING_DISCOVERY	0	0	0				0	0	0
CHEBI:136609	theaflavin	IPMYMEWFZKHGAX-ZKSIBHASSA-N	data/antibiotics/antibacterial/theaflavin.yaml	c50981c26aa73b34c325f404da900aa2f209a7d21c2ea889b45cd57030682600	PENDING_DISCOVERY	0	0	0				0	0	0
CHEBI:32215	thiamphenicol	OTVAEFIXJLOWRX-NXEZZACHSA-N	data/antibiotics/antibacterial/thiamphenicol.yaml	7d369c9774ef31eed80990dfbc0c9ef4b84651d264e88936729fbe943f3cd4f7	PENDING_PRIMARY_REVIEW	28	0	0				0	0	0
CHEBI:66219	thiazomycin	GYOHFSLEKIIJMU-UMNFMQIXSA-N	data/antibiotics/antibacterial/thiazomycin.yaml	df1b8228e777a83d9b1269a7b54c5263224646173ca56ebb02ffa3ef7df934f9	PENDING_DISCOVERY	0	0	0				0	0	0
CHEBI:134958	thioacetazone	SRVJKTDHMYAMHA-UHFFFAOYSA-N	data/antibiotics/antibacterial/thioacetazone.yaml	14c6467be869f748f8c770321b80f8f99f48fea4d0836cead8d22f639c279fcd	PENDING_DISCOVERY	0	0	1				0	0	0
CHEBI:156450	thiolutin	MHMRAFONCSQAIA-UHFFFAOYSA-N	data/antibiotics/antibacterial/thiolutin.yaml	186fbdf8291be8dc4107840a63562e7745d39284fee6d8a3aa0ff5c9bec48607	PENDING_DISCOVERY	0	0	0				0	0	0
CHEBI:66220	thiomarinol A	JIEMCPGFAXNCQW-XVYZEKPJSA-N	data/antibiotics/antibacterial/thiomarinol-a.yaml	f148254553d1fad1afd274dd2e35f5d74c42bf3fc62a1b225c87c2e451d61de5	PENDING_DISCOVERY	0	0	0				0	0	0
CHEBI:66221	thiomarinol B	DVQBKROGZULVGL-XVYZEKPJSA-N	data/antibiotics/antibacterial/thiomarinol-b.yaml	c93dcd649fc3921ee1c2e320f219cb0607652a4c4eef3dab38665abe7a357496	PENDING_DISCOVERY	0	0	0				0	0	0
CHEBI:66222	thiomarinol C	KYCIRSXXQPEBCI-UYGPANRWSA-N	data/antibiotics/antibacterial/thiomarinol-c.yaml	0ec6b314bd4db38f8ffb892ac60b627dc9e9d8c2f2f09dd6fa4fe7fe2e27c2e6	PENDING_DISCOVERY	0	0	0				0	0	0
CHEBI:66223	thiomarinol D	WJDAODOGPRMXNX-ZFNRTSIQSA-N	data/antibiotics/antibacterial/thiomarinol-d.yaml	880df769f4b2bd0802486addd2024bdc9fd9a647e47853bea07518d1d9ee72c2	PENDING_DISCOVERY	0	0	0				0	0	0
CHEBI:66224	thiomarinol E	DIZXGLMCRBSVBM-WCCSBUKDSA-N	data/antibiotics/antibacterial/thiomarinol-e.yaml	777c54702f35f7e48582adac8c88ae992a5f6c73e6889a3ed99644384c7ec788	PENDING_DISCOVERY	0	0	0				0	0	0
CHEBI:66225	thiomarinol F	FALNLLBJTDMUIP-KJTKGZELSA-N	data/antibiotics/antibacterial/thiomarinol-f.yaml	12726c689e760ce2214a7d272e7d3897f3861986aabe3586696b097f2dc1f938	PENDING_DISCOVERY	0	0	0				0	0	0
CHEBI:66226	thiomarinol G	FCMYPMGTCIMUMZ-DJKNXTBSSA-N	data/antibiotics/antibacterial/thiomarinol-g.yaml	937d23e26895dfd82eba3b6723380191d43e0cc86f3c35852064378cdb642747	PENDING_DISCOVERY	0	0	0				0	0	0
CHEBI:29693	thiostrepton	NSFFHOGKXHRQEW-AIHSUZKVSA-N	data/antibiotics/antibacterial/thiostrepton.yaml	e4b2e0aab90d5233c4f3981c86ac04e36ffbf2ad7f4a253eea957bc27e4407db	PENDING_PRIMARY_REVIEW	1	0	0				0	0	0
CHEBI:29694	thiotropocin	DQGOJKVIMNNGAH-UHFFFAOYSA-N	data/antibiotics/antibacterial/thiotropocin.yaml	affe9c4795ec22a02d4d42a3c8566a0e8311a09f5fd37efc3548f0dd16d7ae72	PENDING_DISCOVERY	0	0	0				0	0	0
CHEBI:9495	thiram	KUAZQDVKQLNFPE-UHFFFAOYSA-N	data/antibiotics/antibacterial/thiram.yaml	020a30220310a13fc8e5a89d22b24ec0e343a7046bb042e5d9fe3d6f76777bbc	PENDING_DISCOVERY	0	0	0				0	0	0
CHEBI:44137	tiamulin	UURAUHCOJAIIRQ-QGLSALSOSA-N	data/antibiotics/antibacterial/tiamulin.yaml	3da2c914f198b43bf5451d7f911d894fab3efa44a311b731ef45e2ed73c27367	PENDING_PRIMARY_REVIEW	20	0	0				0	0	0
CHEBI:9587	ticarcillin	OHKOGUYZJXTSFX-KZFFXBSXSA-N	data/antibiotics/antibacterial/ticarcillin.yaml	8ecab5ce09e0ecab755d6de212f8904bfc82cb8a26a23a5a49b4b166e9316e28	PENDING_PRIMARY_REVIEW	15	0	0				0	0	0
CHEBI:149836	tigecycline	FPZLLRFZJZRHSY-HJYUBDRYSA-N	data/antibiotics/antibacterial/tigecycline.yaml	ae6e16a2a47b26efd26dd8a6f0b215fcda1a04e79a09414c333fbd0e40b21c31	PENDING_PRIMARY_REVIEW	11	0	0				0	0	0
antibioticmech:aro-28273ec780	tildipirosin	HNDXPZPJZGTJLJ-UEJFNEDBSA-N	data/antibiotics/antibacterial/tildipirosin.yaml	6c4745e084ba3e4ff3531b6840c733f6fc65ac454d4aa058f1a7e18f9f41c90b	PENDING_DISCOVERY	0	0	0				0	0	0
CHEBI:195409	tilmicosin	JTSDBFGMPLKDCD-XVFHVFLVSA-N	data/antibiotics/antibacterial/tilmicosin.yaml	f653f45f8675063f1da14237b3f18e877531092ff8fdd2fe3806f3285e11abca	PENDING_PRIMARY_REVIEW	1	0	0				0	0	0
CHEBI:63627	tinidazole	HJLSLZFTEKNLFI-UHFFFAOYSA-N	data/antibiotics/antibacterial/tinidazole.yaml	beed8e8a5707a8cc60b698d1c17654077cc5ee3d692d8c1a825b0d773fe6c46b	PENDING_DISCOVERY	0	0	0				0	0	0
CHEBI:78887	tirapazamine	ORYDPOVDJJZGHQ-UHFFFAOYSA-N	data/antibiotics/antibacterial/tirapazamine.yaml	471500bececef080b42ca797407da204790ad4f91035355d6b69e61dbab99461	PENDING_DISCOVERY	0	0	0				0	0	0
antibioticmech:aro-4bf8cc8c16	TNP-2198	OZUTUJQHZGJOKZ-AIGATTFSSA-N	data/antibiotics/antibacterial/tnp-2198.yaml	f44978fcb7a6811e9cfb54e887ffde1fb7e10b202ff4ded8d5bc2a336f15b5c1	PENDING_DISCOVERY	0	0	0				0	0	0
CHEBI:28864	tobramycin	NLVFBUXFDBBNBW-PBSUHMDJSA-N	data/antibiotics/antibacterial/tobramycin.yaml	c5345d9b0ca08f480c6fe8df7c58431f300ef6782e464ee4f266e399f8ce178a	PENDING_PRIMARY_REVIEW	116	0	32				0	0	0
CHEBI:157681	tomaymycin	UQVNRKBFAXNOGA-SWLSCSKDSA-N	data/antibiotics/antibacterial/tomaymycin.yaml	fdb774bafca16044dee7c0c4f817df913faf78d8ac31d763d61d142c1676b82f	PENDING_DISCOVERY	0	0	0				0	0	0
CHEBI:80729	toxoflavin	SLGRAIAQIAUZAQ-UHFFFAOYSA-N	data/antibiotics/antibacterial/toxoflavin.yaml	1de275662bbde7b27cbc9e137322a5c358a5f918b2cdcb7cd12fd779e2121fe9	PENDING_DISCOVERY	0	0	0				0	0	0
CHEBI:7519	trans-cis-nepetalactone	ZDKZHVNKFOXMND-ZQARSLAVSA-N	data/antibiotics/antibacterial/trans-cis-nepetalactone.yaml	860accde7236cb05015dfac226a61e822eb38d01ebb0dc3f6bed6465b85bf3b9	PENDING_DISCOVERY	0	0	0				0	0	0
CHEBI:142061	trichosetin(1−)	TYCWBBBQIATAJE-GEZPOGBYSA-M	data/antibiotics/antibacterial/trichosetin-1.yaml	200730c943e0a6fe406430d335d1dfb69a67cdc9a3678aa0e87b7831264dc552	PENDING_DISCOVERY	0	0	0				0	0	0
CHEBI:142133	trichosetin	TYCWBBBQIATAJE-GEZPOGBYSA-N	data/antibiotics/antibacterial/trichosetin.yaml	aab28d4d164f4748260fada66d3645f23206c9ffa2c312225bf6e5a8a6c27bac	PENDING_DISCOVERY	0	0	0				0	0	0
CHEBI:164200	triclosan	XEFQLINVKFYRCS-UHFFFAOYSA-N	data/antibiotics/antibacterial/triclosan.yaml	e8b29e87dcd8e0d2347eb6bc395b72435ff06faf01fe434083e572ed87063530	PENDING_PRIMARY_REVIEW	10	0	0				0	0	0
CHEBI:45924	trimethoprim	IEDVJHCEMCRBQM-UHFFFAOYSA-N	data/antibiotics/antibacterial/trimethoprim.yaml	c0075bad95a554b6efe10f2809586830788196cdd961df99f2e2e1eabb588958	PENDING_PRIMARY_REVIEW	69	0	0				0	0	0
CHEBI:156455	tropodithietic acid	BLFCMITWMARUSM-UHFFFAOYSA-N	data/antibiotics/antibacterial/tropodithietic-acid.yaml	23379050abc6522274455c3ae96d4d509b06e2c84974c09e961b488e9f5382ce	PENDING_DISCOVERY	0	0	0				0	0	0
CHEBI:77568	trovafloxacin mesylate	DYNZICQDCVYXFW-AHZSKCOESA-N	data/antibiotics/antibacterial/trovafloxacin-mesylate.yaml	df267bc17dd179e57e512a217c8b86fa08c33af00e55282279bda023aee02c94	PENDING_DISCOVERY	0	0	0				0	0	0
CHEBI:9763	trovafloxacin	WVPSKSLAZQPAKQ-CDMJZVDBSA-N	data/antibiotics/antibacterial/trovafloxacin.yaml	cf5a408c9e221962c84822511365e9038d3435214d8584fdf0723ce8baeb787c	PENDING_PRIMARY_REVIEW	20	0	0				0	0	0
antibioticmech:aro-4c6e0c1ff0	tuberactinomycin	JCTPGOAHEVLZAB-KIXAZQDESA-N	data/antibiotics/antibacterial/tuberactinomycin.yaml	b198004fecc0a680400bbbf868e42ca57bea73a5e5229daf054975b174218990	PENDING_DISCOVERY	0	0	0				0	0	0
antibioticmech:aro-b855439125	tulathromycin	GUARTUJKFNAVIK-QPTWMBCESA-N	data/antibiotics/antibacterial/tulathromycin.yaml	01f712514d0e2436184b066364311e55901c8e34eb9025252575bf28d4a0e25c	PENDING_DISCOVERY	0	0	0				0	0	0
CHEBI:87123	tulipalin B	BFLSLERVRLOFCX-BYPYZUCNSA-N	data/antibiotics/antibacterial/tulipalin-b.yaml	100324ff91bd35d36bc1cb38edb4ac4fc594bae4ab9e9cddf5863627eca369f7	PENDING_DISCOVERY	0	0	0				0	0	0
antibioticmech:aro-be005cca98	tunicamycin	YJQCOFNZVFGCAF-ACCUITESSA-N	data/antibiotics/antibacterial/tunicamycin.yaml	44fe9a0f90d401d43e58ff9c272a178cec9b68e6c8bf33daebfa901516d18584	PENDING_PRIMARY_REVIEW	2	0	0				0	0	0
CHEBI:17658	tylosin	WBPYTXDJUQJLPQ-VMXQISHHSA-N	data/antibiotics/antibacterial/tylosin.yaml	2e55e30b4cb9dbff7da053610ade1066fa06b8da75fe5a6a142703625bbcac11	PENDING_PRIMARY_REVIEW	40	0	0				0	0	0
antibioticmech:aro-1a019a94dc	tylvalosin	KCJJINQANFZSAM-HZDSEHBESA-N	data/antibiotics/antibacterial/tylvalosin.yaml	b76749ee045016262e8e078955dca62ee6fd7753fa964d6ef74a22cf9c0a9df8	PENDING_DISCOVERY	0	0	0				0	0	0
CHEBI:29701	tyrocidine A	GSXRBRIWJGAPDU-BBVRJQLQSA-N	data/antibiotics/antibacterial/tyrocidine-a.yaml	788cb38d71b6e4a175167ed6bbef3398c71f1c0eb7f1dda01c2cfd25109f18a7	PENDING_DISCOVERY	0	0	0				0	0	0
CHEBI:71948	tyrocidine B	PUVWPDQSNYAMEH-UQHIYWQBSA-N	data/antibiotics/antibacterial/tyrocidine-b.yaml	f21a3ab4d879b65b6dfeb45c4c1fec81e82702f410ac3f33a778c209c571922f	PENDING_DISCOVERY	0	0	0				0	0	0
CHEBI:71949	tyrocidine C	NJMWWUADORPGGY-AJOXBXEMSA-N	data/antibiotics/antibacterial/tyrocidine-c.yaml	f78b71d04b803cc7e6025d2278b302b9bb6b3369d8d8902f1af1d7f19f770ce0	PENDING_DISCOVERY	0	0	0				0	0	0
CHEBI:71950	tyrocidine D	MSPVTUIBMQIOJP-ZFQMPNKVSA-N	data/antibiotics/antibacterial/tyrocidine-d.yaml	ab5e9355f430d9099ec042316d05af0275d2276af4825233de91c972c079e77f	PENDING_DISCOVERY	0	0	0				0	0	0
antibioticmech:aro-1c243155df	tyrothricin	NLJVXZFCYKWXLH-DXTIXLATSA-N	data/antibiotics/antibacterial/tyrothricin.yaml	1194909fe23cfc2e96e32d040b9537ebf169ae9ebb9ebf4f80da18d880e36455	PENDING_DISCOVERY	0	0	0				0	0	0
CHEBI:66338	UCS1025 A	WOAILDKFDXKSIY-OMKDVXPQSA-N	data/antibiotics/antibacterial/ucs1025-a.yaml	881da1ddf15d24459e579cb1c6c3378838d424f64044590c5ac898b85c5e9249	PENDING_DISCOVERY	0	0	0				0	0	0
antibioticmech:aro-3e4204a292	UK-69,753	JTENRUUFNJYAKN-COBKFSOWSA-N	data/antibiotics/antibacterial/uk-69-753.yaml	c565171f72958075909ffdbdf989caf77a0c3ccc17e61c45ec87951840b5f9a4	PENDING_DISCOVERY	0	0	0				0	0	0
antibioticmech:curator-c59ef1b1f4	Uliginosin B	JJUVIYDZIBWTQA-UHFFFAOYSA-N	data/antibiotics/antibacterial/uliginosin-b.yaml	22c9443a962ceac97250e7b2309873602fe0477679957100cdbb1b742b6891ea	PENDING_DISCOVERY	0	0	0				0	0	0
CHEBI:29702	undecylprodigiosin	HIYSWASSDOXZLC-MOHJPFBDSA-N	data/antibiotics/antibacterial/undecylprodigiosin.yaml	a75d3c1d92c75a576cd55e8c2259569a76aff0d41184ce5db49c34481d166b6e	PENDING_DISCOVERY	0	0	0				0	0	0
antibioticmech:aro-890fe891a5	unphenelfamycin	HNIKNQLZTDKDEB-JVSQKCCUSA-N	data/antibiotics/antibacterial/unphenelfamycin.yaml	2d2da1de5529e474694b63c0acec39bc2c2cba282cc86af0915fe68e4e735058	PENDING_DISCOVERY	0	0	0				0	0	0
CHEBI:29705	valnemulin	LLYYNOVSVPBRGV-NFQTWZMKSA-N	data/antibiotics/antibacterial/valnemulin.yaml	1683eaf999ca1541099bc0baf23b492a22aafde0a045b95b276114cbbdcaa455	PENDING_PRIMARY_REVIEW	2	0	0				0	0	0
CHEBI:38990	vamidothion	LESVOLZBIFDZGS-UHFFFAOYSA-N	data/antibiotics/antibacterial/vamidothion.yaml	4a29c355e28495a15a9d205434e34941ed016dc00780f7629ae7d80ee398aa28	PENDING_DISCOVERY	0	0	0				0	0	0
CHEBI:28001	vancomycin	MYPYJXKWCTUITO-LYRMYLQWSA-N	data/antibiotics/antibacterial/vancomycin.yaml	6bd289af5f5e569870f56e66c3cde211aae4f15ee2802a87ee941cbfdef5d750	PENDING_PRIMARY_REVIEW	20	0	3				0	0	0
antibioticmech:aro-96ff58856f	vanillobiocin	LNDDBMXOCFEELJ-UHFFFAOYSA-N	data/antibiotics/antibacterial/vanillobiocin.yaml	af6f45e7cb73709389c7e919ce53a6e77bf28d9d00f7d471595753a70860108a	PENDING_DISCOVERY	0	0	0				0	0	0
CHEBI:177047	velutin	ROCUOVBWAWAQFD-UHFFFAOYSA-N	data/antibiotics/antibacterial/velutin.yaml	e8b85c1d6185ee2007b8deea1a4cae9c964b8fc613603f94107c8be9a0ec0054	PENDING_DISCOVERY	0	0	0				0	0	0
antibioticmech:aro-e52262d6b8	verdamicin	XUSXOPRDIDWMFO-CTMSJIKGSA-N	data/antibiotics/antibacterial/verdamicin.yaml	0a344c4bfebf5f801b02127af0996bfb867f4df1de155196978c3f9a7ada06cc	PENDING_DISCOVERY	0	0	0				0	0	0
antibioticmech:aro-6536d0e3bb	vernamycin C	PCRZFPGJPKPMQB-LNQSXZRDSA-N	data/antibiotics/antibacterial/vernamycin-c.yaml	87f33ad5b707a4aa96ab151bb77cef1d3d8dfc004fe71a782fefb2b542b0c4a3	PENDING_PRIMARY_REVIEW	23	0	0				0	0	0
antibioticmech:aro-ddcacf705e	vertilimicin	QVRLHIRFLRXFIW-MLDHBKOMSA-N	data/antibiotics/antibacterial/vertilimicin.yaml	629a59b658098c6cfee4bc6ea6d51ec7cd5bca642ae72a3c1a09e0c95eca1f02	PENDING_DISCOVERY	0	0	0				0	0	0
CHEBI:16786	vestitone	WQCJOKYOIJVEFN-ZDUSSCGKSA-N	data/antibiotics/antibacterial/vestitone.yaml	989ae8c110166ce2a899fba0842211b9a8b9a626ac3ce1f66064717a5e5663f8	PENDING_DISCOVERY	0	0	0				0	0	0
CHEBI:66360	vinylamycin	ONGSLGFACDWAIV-OIXFFAKGSA-N	data/antibiotics/antibacterial/vinylamycin.yaml	798ee8d289e225bb2de0b3e80d824e944e62829a352505c3a16d2425e9b3fde6	PENDING_DISCOVERY	0	0	0				0	0	0
CHEBI:131914	violacein	XAPNKXIRQFHCHN-QGOAFFKASA-N	data/antibiotics/antibacterial/violacein.yaml	45a7ad854d07020f5daa517b03ec55e29aab70f6aea24664248ccd6787747749	PENDING_DISCOVERY	0	0	0				0	0	0
antibioticmech:aro-88dda0e2d9	virginiamycin M1	DAIKHDNSXMZDCU-ZFPSYPIXSA-N	data/antibiotics/antibacterial/virginiamycin-m1.yaml	a971f8a7e268b2993698f3afd15af63f598c0ea4ac26c48973d5fa5c5e13c230	PENDING_PRIMARY_REVIEW	50	0	0				0	0	0
CHEBI:46416	virginiamycin S1	FEPMHVLSLDOMQC-IYPFLVAKSA-N	data/antibiotics/antibacterial/virginiamycin-s1.yaml	4bdd21156c20ce3793a81e05654683f0daa4a9a92dede6ebb67e4ffcaf321052	PENDING_DISCOVERY	0	0	0				0	0	0
antibioticmech:aro-2a1d8b8631	virginiamycin S2	LRSRCZBNIGNEHL-NTXCPLLSSA-N	data/antibiotics/antibacterial/virginiamycin-s2.yaml	6104bdf05c531995cf11c2cf82a160674760160ca1fee0cb706692ea243f5f86	PENDING_PRIMARY_REVIEW	24	0	0				0	0	0
CHEBI:140443	viridicatin	QSRVMXWVVMILDI-UHFFFAOYSA-N	data/antibiotics/antibacterial/viridicatin.yaml	77f898afff3b458abcdc707c6f262129b21fdfbb08722dfc712853857b8ab44a	PENDING_DISCOVERY	0	0	0				0	0	0
antibioticmech:curator-96ae7dffd3	Visomitin	WYHFWTRUGAFNKW-UHFFFAOYSA-M	data/antibiotics/antibacterial/visomitin.yaml	15ee87c8c628a10feb42f838f42a50061e8dd35697e3a798db7f61915f942cd8	PENDING_DISCOVERY	0	0	0				0	0	0
antibioticmech:curator-c27816fecf	Vitexin	SGEWCQFRYRRZDC-VPRICQMDSA-N	data/antibiotics/antibacterial/vitexin.yaml	17d510e1ad6938432c01a7a159af96439ebc3c6b510423b6a7aee1212c57d484	PENDING_DISCOVERY	0	0	0				0	0	0
antibioticmech:aro-df43621fb3	wychimicin A	HHJJMAYDQLUZRZ-YNCOMUOBSA-N	data/antibiotics/antibacterial/wychimicin-a.yaml	079925d331f7e1f2c62555ce88f933d4138b8dd252e5fc08507beb0f6fbe74c5	PENDING_DISCOVERY	0	0	0				0	0	0
antibioticmech:aro-9612379da5	wychimicin C	IVEKQRBIUFGUSE-RZSWSVIESA-N	data/antibiotics/antibacterial/wychimicin-c.yaml	0a54180d5e0f53e6e07ac04b4cf0e2159c283bccd0bd211860dc937358138cb2	PENDING_DISCOVERY	0	0	0				0	0	0
CHEBI:131713	xibornol	RNRHMQWZFJXKLZ-XUWXXGDYSA-N	data/antibiotics/antibacterial/xibornol.yaml	8536ec1766fcc77d8f883198b139a465e43bf555692d2fd91e7eca4a4a2b2e86	PENDING_DISCOVERY	0	0	0				0	0	0
CHEBI:32109	(Z)-roxithromycin	RXZBMPWDPOLZGW-HEWSMUCTSA-N	data/antibiotics/antibacterial/z-roxithromycin.yaml	015b860100e6f54e2bc8d50c4944f76013aebff44eeca1cde2e1c2e5450e8f18	PENDING_DISCOVERY	0	0	0				0	0	0
CHEBI:167318	(Z)-tomaymycin	UQVNRKBFAXNOGA-OHLDGCSVSA-N	data/antibiotics/antibacterial/z-tomaymycin.yaml	e19266764439fae8b673f252e85b527e36e8059a0844986649fc6bdebd1cd1f2	PENDING_DISCOVERY	0	0	0				0	0	0
antibioticmech:aro-f75c158ac2	zabofloxacin	ZNPOCLHDJCAZAH-UHFFFAOYSA-N	data/antibiotics/antibacterial/zabofloxacin.yaml	56f21000df7babc5c41216e438c6ba846574b55ea60da92b7122bbb54c83fc6a	PENDING_DISCOVERY	0	0	0				0	0	0
CHEBI:67556	zeaenol	BPOLRDGTYHVUAY-YMFWJEOZSA-N	data/antibiotics/antibacterial/zeaenol.yaml	61fa2cc602a324e05b1fc8ddeed4ee43ae8970453198ef1d8b00b6c01d4d38f5	PENDING_DISCOVERY	0	0	0				0	0	0
antibioticmech:aro-88c211f0f6	zoliflodacin	ZSWMIFNWDQEXDT-ZESJGQACSA-N	data/antibiotics/antibacterial/zoliflodacin.yaml	24599ab934159a9dc5d1daa3b89020ce813d304252a98e795e2dc543116e9839	PENDING_PRIMARY_REVIEW	1	0	0				0	0	0
antibioticmech:aro-53b7643d5c	zosurabalpin	NJFUXFYUHIHHOJ-FSEITFBQSA-N	data/antibiotics/antibacterial/zosurabalpin.yaml	0c3c8b02cd133762ded9bcf80536c479eca076a75650d7d7edb764ee92508cca	PENDING_DISCOVERY	0	0	0				0	0	0
CHEBI:61699	(−)-α-gurjunene	SPCXZDDGSGTVAW-XIDUGBJDSA-N	data/antibiotics/antibacterial/α-gurjunene.yaml	8ef8bfb1efcbd1f52c28f14741d2787b85c0c230a64097e4b6a37b647250c11b	PENDING_DISCOVERY	0	0	0				0	0	0
CHEBI:233620	α-punicalagin	ZJVUMAFASBFUBG-OGJBWQGYSA-N	data/antibiotics/antibacterial/α-punicalagin.yaml	63fa90a7612f4c601e72118f7a02a6ee6edcd30a767d06780214bfd7d087a617	PENDING_DISCOVERY	0	0	0				0	0	0
CHEBI:233621	β-punicalagin	ZJVUMAFASBFUBG-RILGRMFESA-N	data/antibiotics/antibacterial/β-punicalagin.yaml	c0e9841ec8a6503ce9541bb68a63c73f1fe43caa320bc7ae577b56da9f6d900b	PENDING_DISCOVERY	0	0	0				0	0	0
CHEBI:10447	β-thujaplicin	FUWUEFKEXZQKKA-UHFFFAOYSA-N	data/antibiotics/antibacterial/β-thujaplicin.yaml	2cd64cade8cb3946d1e1731eb147a9bcbeb96f4d7c924529128e8f0fbe45f3ef	PENDING_DISCOVERY	0	0	0				0	0	0
CHEBI:32888	γ-hexachlorocyclohexane	JLYXXMFPNIAWKQ-GNIYUCBRSA-N	data/antibiotics/antibacterial/γ-hexachlorocyclohexane.yaml	7dd321bdd3e693aa3637a611d6bb49e29da14e847e8d6ee742df1e370c43bd8c	PENDING_DISCOVERY	0	0	0				0	0	0
CHEBI:141405	1,2,3-benzothiadiazole-7-carboxylic acid	COAIOOWBEPAOFY-UHFFFAOYSA-N	data/antibiotics/antifungal/1-2-3-benzothiadiazole-7-carboxylic-acid.yaml	51cd409762671110e75f4e7e330f0c38c0f04e48f389e36cf2de6fb049c48337	PENDING_DISCOVERY	0	0	0				0	0	0
CHEBI:70402	1-(2,3-dihydro-1H-pyrrol-1-yl)-2-methyldecane-1,3-dione	HMWIYUSLKIYYER-UHFFFAOYSA-N	data/antibiotics/antifungal/1-2-3-dihydro-1h-pyrrol-1-yl-2-methyldecane-1-3-dione.yaml	9547275bdeabb3f064c689b73bfa239d9e513541ef197b735f52ac266317cfcc	PENDING_DISCOVERY	0	0	0				0	0	0
CHEBI:35045	10-undecenoic acid	FRPZMMHWLSIFAZ-UHFFFAOYSA-N	data/antibiotics/antifungal/10-undecenoic-acid.yaml	a864c8f65178e353446589a431ae97a6e64e2a52a07b89b13fe992d4b5642e35	PENDING_DISCOVERY	0	0	0				0	0	0
CHEBI:91218	(10E,15Z)-9,12,13-trihydroxy-10,15-octadecadienoic acid	MKYUCBXUUSZMQB-MKZMYESJSA-N	data/antibiotics/antifungal/10e-15z-9-12-13-trihydroxy-10-15-octadecadienoic-acid.yaml	65ae7fdd38ff74ee96e97179199d812a308f5c4ac07d720618c76ef8197527f1	PENDING_DISCOVERY	0	0	0				0	0	0
CHEBI:192538	(12Z)-10-hydroxyoctadec-12-enoic acid	WVYIZGMCLSGZGG-FLIBITNWSA-N	data/antibiotics/antifungal/12z-10-hydroxyoctadec-12-enoic-acid.yaml	6b766dd8a45291d98c9f65352878b648c34d27a3cf5cb0ea5d12e0243c99c46c	PENDING_DISCOVERY	0	0	0				0	0	0
CHEBI:76944	13-epi-manool	CECREIRZLPLYDM-RAUXBKROSA-N	data/antibiotics/antifungal/13-epi-manool.yaml	b12812e9aa4c80639793a678488d7ca9785e65bbb149a7a122683ab3aee55c69	PENDING_DISCOVERY	0	0	0				0	0	0
CHEBI:70508	(16R,19E)-isositsirikine	RGXKJLTVROJBKZ-LZNZQLKFSA-N	data/antibiotics/antifungal/16r-19e-isositsirikine.yaml	b0ca84ba45f7feeb3aded8c01b2fdc43b4b0499aefdcc78ebe5528a1cf3216e6	PENDING_DISCOVERY	0	0	0				0	0	0
CHEBI:141296	(1R,4R,5R,8S)-8-hydroxy-4,8-dimethyl-2-oxabicyclo[3.3.1]nonan-3-one	NIVFCUNTHUULDF-DQUBFYRCSA-N	data/antibiotics/antifungal/1r-4r-5r-8s-8-hydroxy-4-8-dimethyl-2-oxabicyclo-3-3-1-nonan-3-one.yaml	c9b319de0ddd6fdb55168f0fc1baacadc671edd2811c02de83ade41ae6fc44bf	PENDING_DISCOVERY	0	0	0				0	0	0
CHEBI:47351	(1S,3R)-2,2-dichloro-N-[(1R)-1-(4-chlorophenyl)ethyl]-1-ethyl-3-methylcyclopropanecarboxamide	RXDMAYSSBPYBFW-RULNRJAQSA-N	data/antibiotics/antifungal/1s-3r-2-2-dichloro-n-1r-1-4-chlorophenyl-ethyl-1-ethyl-3-methylcyclopr.yaml	a9fd6bb8705c0282089834d40881de1f18e55cc670b3090529ca7e9b66c933de	PENDING_DISCOVERY	0	0	0				0	0	0
CHEBI:15712	2,3-dihydrobiochanin A	XPZQBSCTDLGDBP-UHFFFAOYSA-N	data/antibiotics/antifungal/2-3-dihydrobiochanin-a.yaml	0cd0988f7346d9de197a4634d3aad643b46cdfd13ce6a3c812dcbaec52a4a637	PENDING_DISCOVERY	0	0	0				0	0	0
CHEBI:47696	2,4,6-tribromophenol	BSWWXRFVMJHFBN-UHFFFAOYSA-N	data/antibiotics/antifungal/2-4-6-tribromophenol.yaml	a87c885bf0eebd56e0a59ad7ee3e1eaf01cfc86b1f95376f0809a14cb9a35ce3	PENDING_DISCOVERY	0	0	0				0	0	0
CHEBI:140662	2,4-diacetylphloroglucinol(1−)	PIFFQYJYNWXNGE-UHFFFAOYSA-M	data/antibiotics/antifungal/2-4-diacetylphloroglucinol-1.yaml	18ea74898090eac7c1face5230c33717eae91fdfacdef55cbdef74dd00b9c8c4	PENDING_DISCOVERY	0	0	0				0	0	0
CHEBI:78688	2,4-diacetylphloroglucinol	PIFFQYJYNWXNGE-UHFFFAOYSA-N	data/antibiotics/antifungal/2-4-diacetylphloroglucinol.yaml	b196c39e2fbc0ceaebf963e68a3635aaac1b6e9ce568c73832c2e046b1136e8e	PENDING_DISCOVERY	0	0	0				0	0	0
CHEBI:34241	2,4-xylenol	KUFFULVDNCHOFZ-UHFFFAOYSA-N	data/antibiotics/antifungal/2-4-xylenol.yaml	20c4983124a422c0c4a3bb086059d5d5bbd014f7da3cd3cdb0d33c2d06cf2726	PENDING_DISCOVERY	0	0	0				0	0	0
CHEBI:89052	2,5-dimethylfuran	GSNUFIFRDBKVIE-UHFFFAOYSA-N	data/antibiotics/antifungal/2-5-dimethylfuran.yaml	1fb8e0bb86c8d18d9fd3450887a3d7ad7524e554a9efa7d98069fbd19e8450ad	PENDING_DISCOVERY	0	0	0				0	0	0
CHEBI:27864	2,6-dichloro-4-nitroaniline	BIXZHMJUSMUDOQ-UHFFFAOYSA-N	data/antibiotics/antifungal/2-6-dichloro-4-nitroaniline.yaml	a4133f16b777ebcacb3e17c07b72daa412f44ecb6f7fb645c45d219dd0aedad8	PENDING_DISCOVERY	0	0	0				0	0	0
CHEBI:83370	2,6-dimethyl-4-tetradecylmorpholine	RHIAIJKBSAWEJK-UHFFFAOYSA-N	data/antibiotics/antifungal/2-6-dimethyl-4-tetradecylmorpholine.yaml	92bd1de9056c21b290ed57ea621a57135179bc239b003bde2a00437296d765bc	PENDING_DISCOVERY	0	0	0				0	0	0
CHEBI:83365	2,6-dimethyl-4-tridecylmorpholine	YTOPFCCWCSOHFV-UHFFFAOYSA-N	data/antibiotics/antifungal/2-6-dimethyl-4-tridecylmorpholine.yaml	26ad5944bf031b64d364967ab88b348f0939aa1f20cf5deb0edab6bd5dbbf494	PENDING_DISCOVERY	0	0	0				0	0	0
CHEBI:83368	2,6-dimethyl-4-undecylmorpholine	LVHAEMOCOJOUOD-UHFFFAOYSA-N	data/antibiotics/antifungal/2-6-dimethyl-4-undecylmorpholine.yaml	13107a74e55e8b684847ae86c3842f5435730ce8ecbe4e7e15c9fb912f744b3a	PENDING_DISCOVERY	0	0	0				0	0	0
CHEBI:39826	2-allylphenol	QIRNGVVZBINFMX-UHFFFAOYSA-N	data/antibiotics/antifungal/2-allylphenol.yaml	37b7bba085343a9651fc772798b39f9964eff7fb09e9569f4c516a784be8dfbc	PENDING_DISCOVERY	0	0	0				0	0	0
CHEBI:234507	2-chloroacetamide	VXIVSQZSERGHQP-UHFFFAOYSA-N	data/antibiotics/antifungal/2-chloroacetamide.yaml	0ae34cda6f25ca90e20b96efb8764bee14eb8e464d49a36d13946d75f6ea7160	PENDING_DISCOVERY	0	0	0				0	0	0
CHEBI:141317	2-phenylethyl 1H-indol-3-ylacetate	IRHVVAKMDAHHAI-UHFFFAOYSA-N	data/antibiotics/antifungal/2-phenylethyl-1h-indol-3-ylacetate.yaml	ff191ee39160fff90350b643439450c07e52714f6555f8ed9932b92c785cea78	PENDING_DISCOVERY	0	0	0				0	0	0
CHEBI:141292	(2R)-2-[(1R)-4-methylcyclohex-3-en-1-yl]propanoic acid	QOGOGJNRMJOCKH-BDAKNGLRSA-N	data/antibiotics/antifungal/2r-2-1r-4-methylcyclohex-3-en-1-yl-propanoic-acid.yaml	2dffb263ae58e7edfc4754867b7d15be25528eab5d90b732f7a1f7e5946c22db	PENDING_DISCOVERY	0	0	0				0	0	0
CHEBI:83301	(2R,6R)-4-dodecyl-2,6-dimethylmorpholine	SBUKOHLFHYSZNG-QZTJIDSGSA-N	data/antibiotics/antifungal/2r-6r-4-dodecyl-2-6-dimethylmorpholine.yaml	7330d98c1466cd68c3f1a66b23a5bbc1b7b48baccec9e0a15a1bfabae423a1e5	PENDING_DISCOVERY	0	0	0				0	0	0
CHEBI:83300	(2S,6S)-4-dodecyl-2,6-dimethylmorpholine	SBUKOHLFHYSZNG-ROUUACIJSA-N	data/antibiotics/antifungal/2s-6s-4-dodecyl-2-6-dimethylmorpholine.yaml	d4f9845c99c0b3f2800fa75f3aa3bebfe0ed9fa3b0a2bbb5e4b78619d842b74e	PENDING_DISCOVERY	0	0	0				0	0	0
CHEBI:143904	3-(4-methyl-1,2,3-thiadiazolyl)-6-trichloromethyl[1,2,4]triazolo[3,4-b][1,3,4]thiadizole	AJJFYSYXUHCPMZ-UHFFFAOYSA-N	data/antibiotics/antifungal/3-4-methyl-1-2-3-thiadiazolyl-6-trichloromethyl-1-2-4-triazolo-3-4-b-1.yaml	7244158d514e51957bbbfe12aab7ba04854250d31e22a9555072d380a9cdb148	PENDING_DISCOVERY	0	0	0				0	0	0
CHEBI:141284	3-acetylbenzamide	VTBUZDRQHQPEQY-UHFFFAOYSA-N	data/antibiotics/antifungal/3-acetylbenzamide.yaml	c3966d897fade40c644639e4e60943b38843838b60e0375981f6643c3c686f69	PENDING_DISCOVERY	0	0	0				0	0	0
CHEBI:83279	3-iodoprop-2-yn-1-yl butylcarbamate	WYVVKGNFXHOCQV-UHFFFAOYSA-N	data/antibiotics/antifungal/3-iodoprop-2-yn-1-yl-butylcarbamate.yaml	97025e763f33032fa9a4200fc4a1df4087cd8fde840910f85e2ec681adac5ac4	PENDING_DISCOVERY	0	0	0				0	0	0
CHEBI:28631	3-phenylpropionic acid	XMIIGOLPHOKFCH-UHFFFAOYSA-N	data/antibiotics/antifungal/3-phenylpropionic-acid.yaml	3616d736d9fed49178ce6d1674c31cebce0f9b6fc7bd7a398b9738233d2a2f2f	PENDING_DISCOVERY	0	0	0				0	0	0
CHEBI:66698	(3R,4R)-(−)-6-methoxy-1-oxo-3-n-pentyl-3,4-dihydro-1H-isochromen-4-yl-acetate	XFZDFYYRUDDKBS-HZPDHXFCSA-N	data/antibiotics/antifungal/3r-4r-6-methoxy-1-oxo-3-n-pentyl-3-4-dihydro-1h-isochromen-4-yl-acetat.yaml	90a5ef9daec1f1d4777797f683a8312931071c1db64b800d9de94c7dce73c6a1	PENDING_DISCOVERY	0	0	0				0	0	0
CHEBI:176336	(3R,6Z)-nerolidol	FQTLCLSUCSAZDY-SZGZABIGSA-N	data/antibiotics/antifungal/3r-6z-nerolidol.yaml	1f658ef6f942e02d0d20daddece0838f5f8fc7f6c0291da31eb061ffa1aea1e6	PENDING_DISCOVERY	0	0	0				0	0	0
CHEBI:176337	(3S,6Z)-nerolidol	FQTLCLSUCSAZDY-QKXCFHHRSA-N	data/antibiotics/antifungal/3s-6z-nerolidol.yaml	9f456abc0ad70a9e2dea138bb6ff2f5495c5bd3165989e1079c116501c1dd906	PENDING_DISCOVERY	0	0	0				0	0	0
CHEBI:141302	4-(2,4,7-trioxa-bicyclo[4.1.0]heptan-3-yl)phenol	VAVWPUISYXXUCV-UHFFFAOYSA-N	data/antibiotics/antifungal/4-2-4-7-trioxa-bicyclo-4-1-0-heptan-3-yl-phenol.yaml	5729cd6455a863c6d07674bf24a4ff99f5852513ff33e3ae04b725d4b8dfb075	PENDING_DISCOVERY	0	0	0				0	0	0
CHEBI:47617	4,5,6,7-tetrachloro-2-benzofuran-1(3H)-one	NMWKWBPNKPGATC-UHFFFAOYSA-N	data/antibiotics/antifungal/4-5-6-7-tetrachloro-2-benzofuran-1-3h-one.yaml	819034920c23dc3679f7326209246e6f38239177eddd96ddfca5f150d79ff7de	PENDING_DISCOVERY	0	0	0				0	0	0
CHEBI:83518	4,5-dichloro-2-n-octyl-3(2H)-isothiazolone	PORQOHRXAJJKGK-UHFFFAOYSA-N	data/antibiotics/antifungal/4-5-dichloro-2-n-octyl-3-2h-isothiazolone.yaml	d2b3fac6a3230e7fe05edc751f4da6a7a9b3b40b99489093c65f947323fd7793	PENDING_DISCOVERY	0	0	0				0	0	0
CHEBI:39349	4,6-dinitro-o-cresol	ZXVONLUNISGICL-UHFFFAOYSA-N	data/antibiotics/antifungal/4-6-dinitro-o-cresol.yaml	619eaf1907522c0bc9cdf2cf8a535ff30b70a2881a4efa41dd2ad1cb0b35d070	PENDING_DISCOVERY	0	0	0				0	0	0
CHEBI:86904	4-coumaric acid methyl ester	NITWSHWHQAQBAW-UHFFFAOYSA-N	data/antibiotics/antifungal/4-coumaric-acid-methyl-ester.yaml	282827668e8f8fb7143437f082675c77f459bb6ba68d5020eb65b43175697aab	PENDING_DISCOVERY	0	0	0				0	0	0
CHEBI:83297	4-dodecyl-2,6-dimethylmorpholine	SBUKOHLFHYSZNG-UHFFFAOYSA-N	data/antibiotics/antifungal/4-dodecyl-2-6-dimethylmorpholine.yaml	916d9ece32effbacd2141ee64223ced43b40716b39f9b41402aaa33b1e5e1abc	PENDING_DISCOVERY	0	0	0				0	0	0
CHEBI:141335	4-hydroxymellein	STSOHAOGZMLWFR-UHFFFAOYSA-N	data/antibiotics/antifungal/4-hydroxymellein.yaml	46e9f68917e7e77f23c00f538ba984e9be12069ae22882dfdc68b83b36028a57	PENDING_DISCOVERY	0	0	0				0	0	0
CHEBI:156434	5-[[3-(1-phenylethoxy)-4-(2-phenylethoxy)phenyl]methylene]-4-oxo-2-thioxo-3-thiazolidineacetic acid	FFYJVTLTZYPAAB-UQQQWYQISA-N	data/antibiotics/antifungal/5-3-1-phenylethoxy-4-2-phenylethoxy-phenyl-methylene-4-oxo-2-thioxo-3-.yaml	a6402a8bf163ce9488896826ff0a33793ca8f9d6e3bde72003f719268e339450	PENDING_DISCOVERY	0	0	0				0	0	0
CHEBI:131494	5,6-dehydrotomatine	BYMOGFTUZUEFHY-SIUCFGLGSA-N	data/antibiotics/antifungal/5-6-dehydrotomatine.yaml	d766861459b1db6d33172f59ad3044b546b6955d96999b0b2198f503255aa8db	PENDING_DISCOVERY	0	0	0				0	0	0
CHEBI:46345	5-Fluorouracil	GHASVSINZRGABV-UHFFFAOYSA-N	data/antibiotics/antifungal/5-fluorouracil.yaml	1f2b52ea3406f055a8644c313e76227b0c11453664906727a717fecb55d2c445	PENDING_PRIMARY_REVIEW	2	0	0			PMID:37856537	0	0	0
CHEBI:141354	5-hydroxy-8-methoxy-4-phenylisoquinolin-1(2H)-one	ZOITXTLCKPXXHV-UHFFFAOYSA-N	data/antibiotics/antifungal/5-hydroxy-8-methoxy-4-phenylisoquinolin-1-2h-one.yaml	0933bab43feceadfc9a150093c6221456ca0438dab4da4d685836e9fd106f0bf	PENDING_DISCOVERY	0	0	0				0	0	0
CHEBI:141343	5-hydroxybenzofuran-2-one	POUITAHNNRJWMA-UHFFFAOYSA-N	data/antibiotics/antifungal/5-hydroxybenzofuran-2-one.yaml	7877a54dca2d3450e2f707a913dbfa6b7270eee4309fc84e0a02d5b360430417	PENDING_DISCOVERY	0	0	0				0	0	0
CHEBI:65742	5-O-demethylpaxanthonin	LYMUFMGSOHLCHO-WCQYABFASA-N	data/antibiotics/antifungal/5-o-demethylpaxanthonin.yaml	3f1c6d96eee2918e77326bbe42189508660fcb761fa449d8e013f29c487e0aeb	PENDING_DISCOVERY	0	0	0				0	0	0
CHEBI:141341	5-(undeca-3,5,7-trien-1-yl)furan-2-ol	VNMQLLMDZZVYRC-UHFFFAOYSA-N	data/antibiotics/antifungal/5-undeca-3-5-7-trien-1-yl-furan-2-ol.yaml	575fe4b83dc29145892157536e22e7284fa6171607b70e3d53085b8b3640ef31	PENDING_DISCOVERY	0	0	0				0	0	0
CHEBI:20651	5α-ergosta-7,22-dien-3β-ol	QOXPZVASXWSKKU-UEIWAABPSA-N	data/antibiotics/antifungal/5α-ergosta-7-22-dien-3β-ol.yaml	2237378ed3a17c237e9fa08940b7710c993351af0860bb764e0b1d70662d49eb	PENDING_DISCOVERY	0	0	0				0	0	0
CHEBI:173119	(6Z)-nerolidol	FQTLCLSUCSAZDY-KAMYIIQDSA-N	data/antibiotics/antifungal/6z-nerolidol.yaml	84c4c169988865c99c3411b4120c35ce5f56ad50c021cb5ff85371751f699e21	PENDING_DISCOVERY	0	0	0				0	0	0
CHEBI:65367	8-acetoxyheterophyllisine	IYIKMJOMHPPBMO-FTTJKWPISA-N	data/antibiotics/antifungal/8-acetoxyheterophyllisine.yaml	f2c3af5e27c718162026cc3a929ae3acf495bbfca79abc4459574c813bcf2d09	PENDING_DISCOVERY	0	0	0				0	0	0
CHEBI:84328	(9Z)-heptadecenoic acid	QSBYPNXLFMSGKH-HJWRWDBZSA-N	data/antibiotics/antifungal/9z-heptadecenoic-acid.yaml	1ed166b5921b4dd2cfd76ea51d0d7fd4f8ee1c80ba1972f9dafa2a2531978558	PENDING_DISCOVERY	0	0	0				0	0	0
CHEBI:228372	(9ξ,14ξ,25S)-cholestane-3β,4β,6β,7α,8,15α,16β,26-octol	VYOXQPQXOVKJIA-NMTBNCKFSA-N	data/antibiotics/antifungal/9ξ-14ξ-25s-cholestane-3β-4β-6β-7α-8-15α-16β-26-octol.yaml	374c64c3ad8cb6d4dadf5063eb62468c81a41d08f4e52759ac653026649031f1	PENDING_DISCOVERY	0	0	0				0	0	0
CHEBI:76005	abafungin	TYBHXIFFPVFXQW-UHFFFAOYSA-N	data/antibiotics/antifungal/abafungin.yaml	2801f62f6f417ba831f39a6725bddf6933a6867dbcdeb5eb5b9eae1ecb64a719	PENDING_DISCOVERY	0	0	0				0	0	0
CHEBI:73178	acibenzolar-S-methyl	UELITFHSCLAHKR-UHFFFAOYSA-N	data/antibiotics/antifungal/acibenzolar-s-methyl.yaml	0b657cf357c47a36dacef6070c5ed016be5f6cd40518cfe01ab227051d5ed135	PENDING_DISCOVERY	0	0	0				0	0	0
CHEBI:73185	acibenzolar	CGIHPACLZJDCBQ-UHFFFAOYSA-N	data/antibiotics/antifungal/acibenzolar.yaml	401c7c13a1158aeb8255526d6a4a5456f60e07ea79b41da365f5d0bb12ae85b9	PENDING_DISCOVERY	0	0	0				0	0	0
CHEBI:167054	acrophiarin	QZRPBFSNQQUAAB-QZXUYJGCSA-N	data/antibiotics/antifungal/acrophiarin.yaml	5ae35d22340829dedfcc77f8e34e47932a60902b2d77397c72d467367a2bce85	PENDING_DISCOVERY	0	0	0				0	0	0
CHEBI:28217	acrylonitrile	NLHHRLWOUZZQLW-UHFFFAOYSA-N	data/antibiotics/antifungal/acrylonitrile.yaml	1767f547e4bc1a23eea1045740d69317c63dce59142018c10d61ca02558a26f6	PENDING_DISCOVERY	0	0	0				0	0	0
CHEBI:2450	aculeacin A	FBCLKBXYZRAXNA-PDIPHZEPSA-N	data/antibiotics/antifungal/aculeacin-a.yaml	35137dae602556e4c165ffac59ed56d887ad9f5024d2b9d4c52cfa5855930b6d	PENDING_DISCOVERY	0	0	0				0	0	0
CHEBI:83155	adenosine 5'-hexadecylphosphate	XNBFNPXGEIQVBJ-HUBRGWSESA-N	data/antibiotics/antifungal/adenosine-5-hexadecylphosphate.yaml	5006bccb2c21487a9e3ec39e468575df5cc7c7863d5478fb66506d0b35033cbf	PENDING_DISCOVERY	0	0	0				0	0	0
CHEBI:141361	aigialone	YVCGKKHYXVEPMA-MMYVAXCBSA-N	data/antibiotics/antifungal/aigialone.yaml	a2ff75df88d8593f7f1030813f78d4a4d4f89a562d499a0032996eb099ba2baa	PENDING_DISCOVERY	0	0	0				0	0	0
CHEBI:16664	albendazole	HXHWSAZORRCQMX-UHFFFAOYSA-N	data/antibiotics/antifungal/albendazole.yaml	2140133a5e034d28a149cf07d0bf80f8ac5c73e531768597d10a97b73c64e4eb	PENDING_DISCOVERY	0	0	0				0	0	0
CHEBI:155904	(+)-albicanol	ZPTSRWNMMWXEHX-KCQAQPDRSA-N	data/antibiotics/antifungal/albicanol.yaml	052c1458fff50b656a8bacaff7a1d7098df92a634cf268e549ab467ac48a59a4	PENDING_DISCOVERY	0	0	0				0	0	0
CHEBI:141340	altenusin	ADPBTBPPIIKLEH-UHFFFAOYSA-N	data/antibiotics/antifungal/altenusin.yaml	bd8e6030a569afdd4666e789aecea8316309ad662648b5ad79f807d49be17b3f	PENDING_DISCOVERY	0	0	0				0	0	0
CHEBI:83398	ametoctradin	GGKQIOFASHYUJZ-UHFFFAOYSA-N	data/antibiotics/antifungal/ametoctradin.yaml	17dcb4afb12714b3bdf30d0aa32b0d08691b5e6cdc0957254d6c374aee1fdd5a	PENDING_DISCOVERY	0	0	0				0	0	0
CHEBI:84073	aminocandin	UMNFJRNUJIBDSK-NMVZEWDOSA-N	data/antibiotics/antifungal/aminocandin.yaml	c515dfd9f831212afdc71d5badca8c321499e4475c380ba3e899078bc52eaec0	PENDING_DISCOVERY	0	0	0				0	0	0
CHEBI:233987	aminotipyr	FAYVBMMWMRQVMB-UHFFFAOYSA-N	data/antibiotics/antifungal/aminotipyr.yaml	066a58e03b6b8f6356c45dc0a762c9d7a7dbee850d837fabcf5d38d835fb60b8	PENDING_DISCOVERY	0	0	0				0	0	0
CHEBI:81846	amisulbrom	BREATYVWRHIPIY-UHFFFAOYSA-N	data/antibiotics/antifungal/amisulbrom.yaml	d55b91653f3fdfc87bd5f1a7a2b868d01c7cdb907cbfc85b34044f9aa0cafa8b	PENDING_DISCOVERY	0	0	0				0	0	0
CHEBI:81754	amobam	FROZIYRKKUFAOC-UHFFFAOYSA-N	data/antibiotics/antifungal/amobam.yaml	3f26037cda25a4be9c6ebabab3844f642d7187775b9e28164f28b5927b322283	PENDING_DISCOVERY	0	0	0				0	0	0
CHEBI:59649	amorolfine hydrochloride	XZKWIPVTHGWDCF-KUZYQSSXSA-N	data/antibiotics/antifungal/amorolfine-hydrochloride.yaml	f94098d8cd2247346cf7d36959d980702dedd4edf9ddddadbf80685e428e734a	PENDING_DISCOVERY	0	0	0				0	0	0
CHEBI:599440	amorolfine	MQHLMHIZUIDKOO-AYHJJNSGSA-N	data/antibiotics/antifungal/amorolfine.yaml	843f42bbf57d58cbb04ebff35e016cf553bc663755c8daee0a0c00f1ffeee335	PENDING_DISCOVERY	0	0	0				0	0	0
CHEBI:277842	amphotericin B methyl ester	UAZIZEMIKKIBCA-TYVGYKFWSA-N	data/antibiotics/antifungal/amphotericin-b-methyl-ester.yaml	eeb679c72251245fb25766e2bbd7058fda39530c93c79b725bb5639242969078	PENDING_DISCOVERY	0	0	0				0	0	0
CHEBI:2682	amphotericin B	APKFDSVGJQXUKY-INPOYWNPSA-N	data/antibiotics/antifungal/amphotericin-b.yaml	fd29f27e983ef9fe87c109eed9968682e82bb13c42b230dc426ce228c4e12033	PENDING_PRIMARY_REVIEW	3	0	0				0	0	0
CHEBI:55346	anidulafungin	JHVAMHSQVVQIOT-MFAJLEFUSA-N	data/antibiotics/antifungal/anidulafungin.yaml	9316b3899b889427a6a5849c6eef2a2e54f869cd3c9b573655a81037605313ed	PENDING_PRIMARY_REVIEW	21	0	0	UniProtKB:A0A1D8PCT0|UniProtKB:P38631	NCBITaxon:4932|NCBITaxon:5476	DOI:10.1128/aac.00262-08|DOI:10.1128/aac.01653-05|PMID:16723566|PMID:18443110	0	5	0
CHEBI:82076	anilazine	IMHBYKMAHXWHRP-UHFFFAOYSA-N	data/antibiotics/antifungal/anilazine.yaml	cb6ea5fb8c3ff70137de30138fe4a2de35505d8b304672c97f0d48634f17f1a5	PENDING_DISCOVERY	0	0	0				0	0	0
CHEBI:2762	antimycin A	UIFFUZWRFRDZJC-SBOOETFBSA-N	data/antibiotics/antifungal/antimycin-a.yaml	0e0dc57c30c3a312ee24d19be2f057dc8d72abc439aa14f541ab2ef8f568e1bc	PENDING_DISCOVERY	0	0	0				0	0	0
CHEBI:83692	arasertaconazole nitrate	HAAITRDZHUANGT-FYZYNONXSA-N	data/antibiotics/antifungal/arasertaconazole-nitrate.yaml	70badf797f8d1c95aceffb294954bc3bc59c159fe6dfe41893580cc373567462	PENDING_DISCOVERY	0	0	0				0	0	0
CHEBI:156219	ascochlorin	SETVRSKZJJWOPA-FLDGXQSCSA-N	data/antibiotics/antifungal/ascochlorin.yaml	90e9ba060105489ea6c2ab1a128f47176b69254210c77e939d41e0ca497837e3	PENDING_DISCOVERY	0	0	0				0	0	0
CHEBI:29582	ascomycin	ZDQSOHOQTUFQEM-NURRSENYSA-N	data/antibiotics/antifungal/ascomycin.yaml	7f18fbee6261ac22fbf286f5091e7e4afc7022dc099b682c34ecd92ec17c5dab	PENDING_DISCOVERY	0	0	0				0	0	0
CHEBI:68792	asperentin	WOMKDMUZNBFXKG-XAWKZAOJSA-N	data/antibiotics/antifungal/asperentin.yaml	f1826cb0764c595e3bfe33ec5f6098d6b83c3024743805b5fbaef945c59b2d19	PENDING_DISCOVERY	0	0	0				0	0	0
CHEBI:575568	atovaquone	KUCQYCKVKVOKAY-CTYIDZIISA-N	data/antibiotics/antifungal/atovaquone.yaml	3c4df8f2791e8c7ce755fc977d7368f4de77129d3ca8e14fcd9b7ca378263baa	PENDING_PRIMARY_REVIEW	1	0	0				0	0	0
CHEBI:156298	aurafuron A	AQQYZHDRTDSOER-LYKBUVKOSA-N	data/antibiotics/antifungal/aurafuron-a.yaml	ba640334e658247ce4bf6944578ff490c2136735a3ed3d4f9d1fd0b25fde93a0	PENDING_DISCOVERY	0	0	0				0	0	0
CHEBI:65459	australifungin	QURROFPXYUFYAZ-GFHGMWMXSA-N	data/antibiotics/antifungal/australifungin.yaml	1ad9cd37d95c2dfde25442c9391a2b0a4ee3bff234ad0145b1e7b682cf5bf644	PENDING_DISCOVERY	0	0	0				0	0	0
CHEBI:81898	azaconazole	AKNQMEBLVAMSNZ-UHFFFAOYSA-N	data/antibiotics/antifungal/azaconazole.yaml	b95e1bfafc954ac1a822222a29d486b37eba410490eac69bd607304bdcdbe3e3	PENDING_DISCOVERY	0	0	0				0	0	0
CHEBI:74846	azaserine	MZZGOOYMKKIOOX-VKHMYHEASA-N	data/antibiotics/antifungal/azaserine.yaml	1e902d119941247bdd25b57c9f0045685cb40bf58857f45236bbf3eeff7a2b97	PENDING_DISCOVERY	0	0	0				0	0	0
CHEBI:65461	azoxybacilin	KFZWEFIJHQUPCM-JMRMDATBSA-N	data/antibiotics/antifungal/azoxybacilin.yaml	0f2250248d7768471be69bd7412cbc8a04d75ed7d53f349f75a30f9d98219bd4	PENDING_DISCOVERY	0	0	0				0	0	0
CHEBI:40909	azoxystrobin	WFDXOXNFNRHQEC-GHRIWEEISA-N	data/antibiotics/antifungal/azoxystrobin.yaml	09a62059ec49ec2451f1796ac3d0b1f1df8b7a2d916b2860d21a97c2450fb10a	PENDING_PRIMARY_REVIEW	11	0	0	UniProtKB:A0A089QDC9|UniProtKB:A0A8E5ME34|UniProtKB:P53373|UniProtKB:W7MZ22	NCBITaxon:1159556|NCBITaxon:117187|NCBITaxon:318829|NCBITaxon:40559	DOI:10.1038/srep16881|DOI:10.1080/21505594.2025.2555419|DOI:10.3390/jof12020111|PMID:12612806|PMID:26596626|PMID:40934067|PMID:41745253	0	0	2
CHEBI:22689	bafilomycin A1	XDHNQDDQEHDUTM-JQWOJBOSSA-N	data/antibiotics/antifungal/bafilomycin-a1.yaml	ad6d948e4dc15e65af08f0d99154e02becbaabe12811cc0a03bd5aae0fcc0cd7	PENDING_DISCOVERY	0	0	0				0	0	0
CHEBI:79384	BAR0329	MPNSEMULLQLQCF-UHFFFAOYSA-N	data/antibiotics/antifungal/bar0329.yaml	d74e9be2079d67bf563bfe8376b273b9d266ef8d14bd1391f15832b51371c19a	PENDING_DISCOVERY	0	0	0				0	0	0
CHEBI:3000	beauvericin	GYSCAQFHASJXRS-FFCOJMSVSA-N	data/antibiotics/antifungal/beauvericin.yaml	49cb71e413056090d4bbca954252b52ad6297a0d53a981f0c570289bf5be6239	PENDING_DISCOVERY	0	0	0				0	0	0
CHEBI:82779	benalaxyl-M	CJPQIRJHIZUAQP-MRXNPFEDSA-N	data/antibiotics/antifungal/benalaxyl-m.yaml	3c0aa142eefc70684c80d2950fdbe70c91fa06f74f42045011e6a84056223ea3	PENDING_DISCOVERY	0	0	0				0	0	0
CHEBI:82052	benodanil	LJOZMWRYMKECFF-UHFFFAOYSA-N	data/antibiotics/antifungal/benodanil.yaml	c24c1c64caf4ffe5ffbfaa0cbdd63a69ca21421f010126c4bf4c4a7571553148	PENDING_DISCOVERY	0	0	0				0	0	0
CHEBI:3015	benomyl	RIOXQFHNBCKOKP-UHFFFAOYSA-N	data/antibiotics/antifungal/benomyl.yaml	960550ab712276f4e781904f0afa8734eb3bc56baa570ccbc112073b2e19f3da	PENDING_PRIMARY_REVIEW	2	0	0				0	0	0
CHEBI:81732	benthiavalicarb-isopropyl	USRKFGIXLGKMKU-ABAIWWIYSA-N	data/antibiotics/antifungal/benthiavalicarb-isopropyl.yaml	c3544c0bf855c2a21e6151f63982274f3e924c01292e1679d76ea824bc9a73b6	PENDING_DISCOVERY	0	0	0				0	0	0
CHEBI:83601	benthiavalicarb	VVSLYIKSEBPRSN-PELKAZGASA-N	data/antibiotics/antifungal/benthiavalicarb.yaml	02727d5faface8d76a381ad3d5e971f17d64ac3e84755997165b840442cc6fb2	PENDING_DISCOVERY	0	0	0				0	0	0
antibioticmech:aro-dfdbce9a83	benzothiostrobin	OMGAIUZPUSZZME-WJDWOHSUSA-N	data/antibiotics/antifungal/benzothiostrobin.yaml	91ce384b3c751d4c5b77bdf7342fe9bf7b8725a0bc30c45b6d3fe8cc625ac0d8	PENDING_PRIMARY_REVIEW	1	0	0				0	0	0
CHEBI:16118	berberine	YBHILYKTIRIUTE-UHFFFAOYSA-N	data/antibiotics/antifungal/berberine.yaml	259347b4fa47b047aed131ca85bf8302b96345bcb761f1a31fa08f666c346a2e	PENDING_DISCOVERY	0	0	0				0	0	0
CHEBI:231944	bifemetstrobin	IWSICNFCWDNIOY-ATVHPVEESA-N	data/antibiotics/antifungal/bifemetstrobin.yaml	23543a0860546da260d711f5d90f43d86a29257c7c59671ecf61216905722927	PENDING_DISCOVERY	0	0	0				0	0	0
CHEBI:78692	bifonazole	OCAPBUJLXMYKEJ-UHFFFAOYSA-N	data/antibiotics/antifungal/bifonazole.yaml	dc54d88ad760da45ad540175e575e9854367518f45c45dabf8141d219eec0838	PENDING_DISCOVERY	0	0	0				0	0	0
CHEBI:17043	biphenyl-2-ol	LLEMOWNGBBNAJR-UHFFFAOYSA-N	data/antibiotics/antifungal/biphenyl-2-ol.yaml	806aa5033a05709161548207eaa952a767856f40596323d6701b685a79df2b76	PENDING_DISCOVERY	0	0	0				0	0	0
CHEBI:17097	biphenyl	ZUOUZKKEUPVFJK-UHFFFAOYSA-N	data/antibiotics/antifungal/biphenyl.yaml	29d6e42b841e9303672eb60d35c7a6079128ba5160dde56974a436a98af780c6	PENDING_DISCOVERY	0	0	0				0	0	0
CHEBI:3131	bithionol	JFIOVJDNOJYLKP-UHFFFAOYSA-N	data/antibiotics/antifungal/bithionol.yaml	abc441a7e69e17178be6fcf105dcfd6ceccfa3a812ad3b8d8b5a973d658c7d26	PENDING_DISCOVERY	0	0	0				0	0	0
CHEBI:83106	bixafen	LDLMOOXUCMHBMZ-UHFFFAOYSA-N	data/antibiotics/antifungal/bixafen.yaml	9a9d9001fc63d1385206642591c39060adab77334806b07e796cc03536d24c81	PENDING_DISCOVERY	0	0	0				0	0	0
CHEBI:57289	blasticidin S(1+)	CXNPLSGKWMLZPZ-ZNIXKSQXSA-O	data/antibiotics/antifungal/blasticidin-s-1.yaml	a862fcf8039323dcaf4a77dc0e716303a051a27d38af2040a6b955c796e898ce	PENDING_DISCOVERY	0	0	0				0	0	0
CHEBI:15353	blasticidin S	CXNPLSGKWMLZPZ-ZNIXKSQXSA-N	data/antibiotics/antifungal/blasticidin-s.yaml	1a488bae1fbed0d26950a8150b7b8c315860c1b43b9be4d179ef9a163e3e4468	PENDING_DISCOVERY	0	0	0				0	0	0
CHEBI:78661	borrelidin	OJCKRNPLOZHAOU-JTHVHBRGSA-N	data/antibiotics/antifungal/borrelidin.yaml	264f89429273999ddda4f850bf45929897b8b5f33ef0ae6a01433811a9a8ee58	PENDING_PRIMARY_REVIEW	1	0	0				0	0	0
CHEBI:81822	boscalid	WYEMLYFITZORAB-UHFFFAOYSA-N	data/antibiotics/antifungal/boscalid.yaml	6ab17e3dbe5a36e2156a7fcc94c916ffc6d479dc044d939d36a944d5aee56792	PENDING_PRIMARY_REVIEW	3	0	0				0	0	0
CHEBI:141337	botrallin	WNZWXVOIYRJRSM-UHFFFAOYSA-N	data/antibiotics/antifungal/botrallin.yaml	2be77f640ed9ff4898ec5b234df5f74bfb3766c7f8b2cdeb8cfb1975830900da	PENDING_DISCOVERY	0	0	0				0	0	0
CHEBI:141329	botryosphaerin H	YSEQPMYIGMORKQ-DIEKJCKJSA-N	data/antibiotics/antifungal/botryosphaerin-h.yaml	e1b8b3cc74dcf4ba216c2c053bb8c753c77fc2ded6908f087f6d6d7c40f2a0ca	PENDING_DISCOVERY	0	0	0				0	0	0
CHEBI:65514	brasilinolide A	MVSIZSYJQDRVAV-XMTLADTRSA-N	data/antibiotics/antifungal/brasilinolide-a.yaml	01db634edb2af06f15d5449919e7ef798c8aa80a8f1d2b34c7cccb283e3b8fb5	PENDING_DISCOVERY	0	0	0				0	0	0
CHEBI:65515	brasilinolide B	AXFOSMASHUQEMX-QWVZVQMISA-N	data/antibiotics/antifungal/brasilinolide-b.yaml	1f944188015b759f1238204461dafd15f52ae8671f60e1bb9c7b524130517345	PENDING_DISCOVERY	0	0	0				0	0	0
CHEBI:81900	bromuconazole	HJJVPARKXDDIQD-UHFFFAOYSA-N	data/antibiotics/antifungal/bromuconazole.yaml	f08c01f3dc6a0723f7a2aa6dc879676745311b72279c5f0f4d43df93f380fa97	PENDING_PRIMARY_REVIEW	2	0	0				0	0	0
CHEBI:81952	bupirimate	DSKJPMWIHSOYEA-UHFFFAOYSA-N	data/antibiotics/antifungal/bupirimate.yaml	f39d12181aba5b2e522be8b353bc7d00d0ff55e30d6ac21c95be99abeff9b48a	PENDING_DISCOVERY	0	0	0				0	0	0
CHEBI:31325	butenafine hydrochloride	LJBSAUIFGPSHCN-UHFFFAOYSA-N	data/antibiotics/antifungal/butenafine-hydrochloride.yaml	8ed5eae7a666963c2536c63e5bc80fe33a359a11631448cdef5d20e7f03adbad	PENDING_DISCOVERY	0	0	0				0	0	0
CHEBI:3238	butenafine	ABJKWBDEJIDSJZ-UHFFFAOYSA-N	data/antibiotics/antifungal/butenafine.yaml	73c8b6cf27167774f52743b2b764e5a826959a1df0c0828ff7f754a867fc962b	PENDING_DISCOVERY	0	0	0				0	0	0
CHEBI:3241	butoconazole nitrate	ZHPWRQIPPNZNML-UHFFFAOYSA-N	data/antibiotics/antifungal/butoconazole-nitrate.yaml	cdab6941a86c9eea17bff56c17413d32732d9f11ab0b3b3858c79e9deb86d536	PENDING_DISCOVERY	0	0	0				0	0	0
CHEBI:3240	butoconazole	SWLMUYACZKCSHZ-UHFFFAOYSA-N	data/antibiotics/antifungal/butoconazole.yaml	0499925eacf9abbbb331c61106a500ae7a4c3277e82ce283e01dc6d22191b951	PENDING_DISCOVERY	0	0	0				0	0	0
CHEBI:65546	CAF-603	WBVHJGBFCZGJRZ-CBBWQLFWSA-N	data/antibiotics/antifungal/caf-603.yaml	06ee0ac13449156533e405fa21ddb9c97be5c889399171838dd22ebc808f4d51	PENDING_DISCOVERY	0	0	0				0	0	0
CHEBI:65556	callipeltin A	UDTRUOCOOZKCCT-QVVVRIHHSA-N	data/antibiotics/antifungal/callipeltin-a.yaml	f8de94a3bfd2330963829c2e6d39bdcf8bbba8990842a351a8723361da2f7a55	PENDING_DISCOVERY	0	0	0				0	0	0
CHEBI:3349	candicidin D	OPGSFDUODIJJGF-JBUZINEHSA-N	data/antibiotics/antifungal/candicidin-d.yaml	aa568cf3f4891c53016946f84a995ede2f9f10c9f1f597fda58e76e7b5e6d684	PENDING_DISCOVERY	0	0	0				0	0	0
CHEBI:28283	capsidiol	BXXSHQYDJWZXPB-OKNSCYNVSA-N	data/antibiotics/antifungal/capsidiol.yaml	544dd5cbc7723459ce1d5b71dbdc7a85d445302218976efb400feab6ec4f14b2	PENDING_DISCOVERY	0	0	0				0	0	0
CHEBI:81938	captafol	JHRWWRDRBPCWTF-UHFFFAOYSA-N	data/antibiotics/antifungal/captafol.yaml	1b6d01d81ceb6bcaaced8d39e3e0644a0c7530e61d55e936264b2f511c961562	PENDING_DISCOVERY	0	0	0				0	0	0
CHEBI:34608	captan	LDVVMCZRFWMZSG-UHFFFAOYSA-N	data/antibiotics/antifungal/captan.yaml	8f99d15ac4c4050734bfa521e3b39d929a1c718219b3cf8dd0fbb30419ecba52	PENDING_DISCOVERY	0	0	0				0	0	0
CHEBI:3392	carbendazim	TWFZGCMQGLPBSX-UHFFFAOYSA-N	data/antibiotics/antifungal/carbendazim.yaml	ec3877f836c2ae83311b6e2e0d3432d4019b18fbdebf17a2b19cedfd06c2672c	PENDING_PRIMARY_REVIEW	19	0	0	UniProtKB:G2XFG4|UniProtKB:P02557|UniProtKB:P05220|UniProtKB:P53374|UniProtKB:Q4HZS8|UniProtKB:W7M0I3	NCBITaxon:117187|NCBITaxon:27337|NCBITaxon:4932|NCBITaxon:5127|NCBITaxon:5141|NCBITaxon:5518	DOI:10.1016/0014-5793(96)00334-1|DOI:10.1128/spectrum.02761-25|DOI:10.1186/s12864-019-5479-6|PMID:1388107|PMID:19900007|PMID:21077124|PMID:30732567|PMID:42112916|PMID:8641470	0	11	0
CHEBI:3405	carboxin	GYSSRZJIHXQEHQ-UHFFFAOYSA-N	data/antibiotics/antifungal/carboxin.yaml	e124daf7d195c913f0e77fa51561a066916e49ff1a3963ef5540207efe8923d7	PENDING_PRIMARY_REVIEW	36	0	0	UniProtKB:A0A1S6KZ79|UniProtKB:A0A1S6KZ87|UniProtKB:A7EGE3|UniProtKB:F9X9V6|UniProtKB:F9XH52|UniProtKB:G4NE45|UniProtKB:O42772|UniProtKB:P32420|UniProtKB:Q2TWM0|UniProtKB:Q2U3V9	NCBITaxon:1047171|NCBITaxon:112498|NCBITaxon:318829|NCBITaxon:5062|NCBITaxon:5180|NCBITaxon:5270	DOI:10.1002/ps.4442|DOI:10.1016/j.fgb.2015.03.018|DOI:10.1111/j.1364-3703.2011.00746.x|DOI:10.1111/mpp.12222|DOI:10.1186/s13568-016-0232-x|DOI:10.1271/bbb.100687|DOI:10.1371/journal.pone.0035429|PMID:1423716|PMID:18992352|PMID:21933337|PMID:22536383|PMID:25441450|PMID:26092798|PMID:27558019|PMID:27644008|PMID:9871122	0	3	0
CHEBI:3434	carpropamid	RXDMAYSSBPYBFW-UHFFFAOYSA-N	data/antibiotics/antifungal/carpropamid.yaml	5ff268a9774ca16f8bfc1dab3082d7c1f32081eed0a6bae181cadf93f2eca734	PENDING_DISCOVERY	0	0	0				0	0	0
CHEBI:3440	carvacrol	RECUKUPTGUEGMW-UHFFFAOYSA-N	data/antibiotics/antifungal/carvacrol.yaml	c63ca7fd96e653700a46bef91def2ced3edeed874d0ec4146eb94d62053c1950	PENDING_DISCOVERY	0	0	0				0	0	0
CHEBI:15400	(−)-carvone	ULDHMXUKGWMISQ-SECBINFHSA-N	data/antibiotics/antifungal/carvone-15400.yaml	0db460ca82a8cd403a9daba966536e1297c19b6cadb071af5a01fc4c2a1e1908	PENDING_DISCOVERY	0	0	0				0	0	0
CHEBI:38265	carvone	ULDHMXUKGWMISQ-UHFFFAOYSA-N	data/antibiotics/antifungal/carvone-38265.yaml	f180f9e652885fa4e835d469dda5a82bfb533c61d53ce7c014ea0b8007490f1a	PENDING_DISCOVERY	0	0	0				0	0	0
CHEBI:15399	(+)-carvone	ULDHMXUKGWMISQ-VIFPVBQESA-N	data/antibiotics/antifungal/carvone.yaml	f4f5d15019cd214ab0104243266b60b9b1d0299d5fccbb8c3038cf151080b3a5	PENDING_DISCOVERY	0	0	0				0	0	0
CHEBI:17695	casbene	ZJMVJDFTNPZVMB-QOCMWZQCSA-N	data/antibiotics/antifungal/casbene.yaml	e1d605523ae5dff3e2976bd4e1629fde192cd31549cfbb9792f9e1d7619a34d3	PENDING_DISCOVERY	0	0	0				0	0	0
CHEBI:59900	caspofungin acetate	OGUJBRYAAJYXQP-LLXMLGLCSA-N	data/antibiotics/antifungal/caspofungin-acetate.yaml	16292ff901f9d397d0936a0b01e4cb4fd2dd6acb4dd3fa0964c0a20ba4c06da5	PENDING_DISCOVERY	0	0	0				0	0	0
CHEBI:474180	caspofungin	JYIKNQVWKBUSNH-WVDDFWQHSA-N	data/antibiotics/antifungal/caspofungin.yaml	a4f783f645b5dc8718f4b1cf0643b9dca1d864113821f04d5d492d13f13dbd62	PENDING_PRIMARY_REVIEW	33	0	0	UniProtKB:A0A1D8PCT0|UniProtKB:P38631	NCBITaxon:4932|NCBITaxon:5476	DOI:10.1128/aac.00262-08|DOI:10.1128/aac.01653-05|DOI:10.1128/aac.49.8.3264-3273.2005|PMID:16048935|PMID:16723566|PMID:18443110	0	6	0
CHEBI:78696	cercosporamide	GEWLYFZWVLXQME-MRXNPFEDSA-N	data/antibiotics/antifungal/cercosporamide.yaml	bb5a85a161096a7cdbe396cc24cb6f29c45ab65078894c99419c9975815b8390	PENDING_DISCOVERY	0	0	0				0	0	0
CHEBI:171741	cerulenin	GVEZIHKRYBHEFX-NQQPLRFYSA-N	data/antibiotics/antifungal/cerulenin.yaml	b7044c3753d7b4e7f96357592b449e9967616b889056c43bf837b87e9ccb96b1	PENDING_PRIMARY_REVIEW	2	0	0			PMID:24641521	0	0	0
CHEBI:68775	chaetoglobosin L	PBKVAXUNUBEUPO-OSHWNDANSA-N	data/antibiotics/antifungal/chaetoglobosin-l.yaml	2f01bb085e0b3f1c57680acae2ea0912eb1ffef1a6869ef93d29fe051c9eeec8	PENDING_DISCOVERY	0	0	0				0	0	0
CHEBI:67610	chaetoviridin A	HWSQVPGTQUYLEQ-CCBHEJLASA-N	data/antibiotics/antifungal/chaetoviridin-a.yaml	272dc1e8339b48562c011ee1c07c6d02d1e97f26e0b3622f50ac58fdfac48755	PENDING_DISCOVERY	0	0	0				0	0	0
CHEBI:67611	chaetoviridin B	VFAOIGZBHFMFIU-WGJHMWEWSA-N	data/antibiotics/antifungal/chaetoviridin-b.yaml	29351061997dfe069d47453342e96d254cff5eeb73e910d42ecbe3e16b3c483f	PENDING_DISCOVERY	0	0	0				0	0	0
CHEBI:65614	chamaejasmenin A	BTCICADMSGBCKA-COWFKMKXSA-N	data/antibiotics/antifungal/chamaejasmenin-a.yaml	84676e06504ff0f290594b8a5b20b86123b47bd251796a13f8e427d83b5d559e	PENDING_DISCOVERY	0	0	0				0	0	0
CHEBI:65615	chamaejasmenin D	BFPJOJFVZXWMSM-QWWQXMGCSA-N	data/antibiotics/antifungal/chamaejasmenin-d.yaml	eba8c35b5d8e642a09d8f64542d14b450b8d637ec2c009fc3ff4fb9895313dfc	PENDING_DISCOVERY	0	0	0				0	0	0
CHEBI:3613	chlorflavonin	JLSQXYITDXJTKL-UHFFFAOYSA-N	data/antibiotics/antifungal/chlorflavonin.yaml	001385616df1d1f789f045efc65436df9a50a499b7a299e9df48304ead0bfcee	PENDING_DISCOVERY	0	0	0				0	0	0
CHEBI:228238	chloroinconazide	KMNVHTXBKWKMBA-KMRULJOSSA-N	data/antibiotics/antifungal/chloroinconazide.yaml	621fc0639b7694aa9eb892a4202ddae7d568958d48ee68057f1618bb73b1446a	PENDING_DISCOVERY	0	0	0				0	0	0
CHEBI:3628	chloroneb	PFIADAMVCJPXSF-UHFFFAOYSA-N	data/antibiotics/antifungal/chloroneb.yaml	c103eeafb4defc58ba348705d8f5e3ba18ba73e5dcdc205d361cd4b5b836ce3a	PENDING_DISCOVERY	0	0	0				0	0	0
CHEBI:39285	chloropicrin	LFHISGNCFUNFFM-UHFFFAOYSA-N	data/antibiotics/antifungal/chloropicrin.yaml	21cd08be455ef450806525a87fdbf91a0c3a61b099674e59e2a89bc4d52377f8	PENDING_DISCOVERY	0	0	0				0	0	0
CHEBI:3639	chlorothalonil	CRQQGFGUEAVUIL-UHFFFAOYSA-N	data/antibiotics/antifungal/chlorothalonil.yaml	84e95f8c9f18474629a7772e9dd76f5c02309e7e86cb5ab4c2c0e17e2937e9e8	PENDING_DISCOVERY	0	0	0				0	0	0
CHEBI:315019	cilofungin	ZKZKCEAHVFVZDJ-MTUMARHDSA-N	data/antibiotics/antifungal/cilofungin.yaml	5e63a5cb4b7488b5de68004976e786da6323d025780ec548e60845b40e4b9a14	PENDING_DISCOVERY	0	0	0				0	0	0
CHEBI:83298	cis-4-dodecyl-2,6-dimethylmorpholine	SBUKOHLFHYSZNG-HDICACEKSA-N	data/antibiotics/antifungal/cis-4-dodecyl-2-6-dimethylmorpholine.yaml	bb791de71fa6bfb4159dca1e55cb5265da5d929dd2bdb04b07be49ce2722a552	PENDING_DISCOVERY	0	0	0				0	0	0
CHEBI:65635	citrafungin A	ILSZYBVYZFASML-KRZMJZBHSA-N	data/antibiotics/antifungal/citrafungin-a.yaml	10436209b5327c344d6be98bbc912161d7127e6de9472ec013ea7fe0072b7fb3	PENDING_DISCOVERY	0	0	0				0	0	0
CHEBI:65636	citrafungin B	BUDVJTLKHWKZFS-PCIDIATHSA-N	data/antibiotics/antifungal/citrafungin-b.yaml	f750f09aa6c14640e30b03ca102edd1fadf44d59b1acc54f5c69c3683cdc1f68	PENDING_DISCOVERY	0	0	0				0	0	0
CHEBI:47856	citronellal	NEHNMFOYXAPHSD-UHFFFAOYSA-N	data/antibiotics/antifungal/citronellal.yaml	c6b52b88b41e732e6ef31c8690ce94fc034ca0e4fe00e8444f87789a4bbdba4e	PENDING_DISCOVERY	0	0	0				0	0	0
CHEBI:65638	CJ-01	PJUXIGJXLKHONL-WFASDCNBSA-N	data/antibiotics/antifungal/cj-01.yaml	72316e3b8fdb51739fbbaef46054ec8cce77d3a386584ee22ade5969dee5c8e4	PENDING_DISCOVERY	0	0	0				0	0	0
CHEBI:3764	clotrimazole	VNFPBHJOKIVQEB-UHFFFAOYSA-N	data/antibiotics/antifungal/clotrimazole.yaml	a20523175943481166351a5178707948ef52441c2a907cf1a286695f66ad95a6	PENDING_PRIMARY_REVIEW	4	0	0				0	0	0
CHEBI:73167	concanamycin A	DJZCTUVALDDONK-HQMSUKCRSA-N	data/antibiotics/antifungal/concanamycin-a.yaml	7c5504432734e8e438328d88f00733eb9d8010294051355da360cbc77f454954	PENDING_DISCOVERY	0	0	0				0	0	0
CHEBI:16547	coniferyl aldehyde	DKZBBWMURDFHNE-NSCUHMNNSA-N	data/antibiotics/antifungal/coniferyl-aldehyde.yaml	666e7b5969758c209643b91e3f9a4f3185c0d93ef2efae252d87f3dcb93ed23e	PENDING_DISCOVERY	0	0	0				0	0	0
CHEBI:52316	cordycepin triphosphate	NLIHPCYXRYQPSD-BAJZRUMYSA-N	data/antibiotics/antifungal/cordycepin-triphosphate.yaml	806180b58cfcfa939b66b8af923952b61fdfd12a6985792b66dee9ff8010cebc	PENDING_DISCOVERY	0	0	0				0	0	0
CHEBI:83185	coumoxystrobin	CWVRPJSBNHNJSI-XQNSMLJCSA-N	data/antibiotics/antifungal/coumoxystrobin.yaml	cddc1bbb1c494a58ef56345c4bded38611a32c02025ac680e5d14e6e7780d944	PENDING_DISCOVERY	0	0	0				0	0	0
CHEBI:65678	CT2108A	DHOBWLDZMMCUPR-QBINLZOGSA-N	data/antibiotics/antifungal/ct2108a.yaml	e47994f423b6107d3827598fca7b908c8dadfa6197f4179ea02f9920d423dcca	PENDING_DISCOVERY	0	0	0				0	0	0
CHEBI:65679	CT2108B	DWEOLLYPKQIHIN-JOAINMFFSA-N	data/antibiotics/antifungal/ct2108b.yaml	61f5328325ee442bc53c402c2d9a1663e7346f7e4f6bfd4aa9871232215be80b	PENDING_DISCOVERY	0	0	0				0	0	0
CHEBI:77693	CTBT	MFYMBIZGFDNLPT-UHFFFAOYSA-N	data/antibiotics/antifungal/ctbt.yaml	645ae4072e8f007ebb8bbee7e664e187d460f27ce83f9d15423cc72eb6bc9565	PENDING_DISCOVERY	0	0	0				0	0	0
CHEBI:3962	curcumin	VFLDPWHFBUODDF-FCXRPNKRSA-N	data/antibiotics/antifungal/curcumin.yaml	57d96f232a998d4dbec676828497bbba1e3dceb2304b581e94417140d4c19428	PENDING_DISCOVERY	0	0	0				0	0	0
CHEBI:81841	cyazofamid	YXKMMRDKEKCERS-UHFFFAOYSA-N	data/antibiotics/antifungal/cyazofamid.yaml	06130348e3b7fee4cb64d80ef32c818e105dbd876f23d6ebccf4fb5dc10dc284	PENDING_DISCOVERY	0	0	0				0	0	0
CHEBI:148439	cyclanilide	GLWWLNJJJCTFMZ-UHFFFAOYSA-N	data/antibiotics/antifungal/cyclanilide.yaml	8fd901f9f9a2aab3f513542d477de4b2ed3d3e2cac91afe6ec1c70bf1830e292	PENDING_DISCOVERY	0	0	0				0	0	0
CHEBI:27641	cycloheximide	YPHMISFOHDHNIV-FSZOTQKASA-N	data/antibiotics/antifungal/cycloheximide.yaml	fa31a9debef833431a13b4c5fec590cee8e21b7bc6819c34a09dc99add377524	PENDING_PRIMARY_REVIEW	3	0	0	UniProtKB:P38637	NCBITaxon:4932	DOI:10.1016/S0021-9258(17)41760-1|PMID:8307980	0	1	0
CHEBI:4031	cyclosporin A	PMATZTZNYRCHOR-CGLBZJNRSA-N	data/antibiotics/antifungal/cyclosporin-a.yaml	e0d390d0eb1e3ee5652ecf1e8e7e3c5eb95293e57f8ce7b8e06902f22f1a27b9	PENDING_DISCOVERY	0	0	0				0	0	0
CHEBI:81797	cyflufenamid	ACMXQHFNODYQAT-UHFFFAOYSA-N	data/antibiotics/antifungal/cyflufenamid.yaml	2cf473c6a7bd10445b86b6fddae2417ee5064cfb860650d18b4accc5c49dd637	PENDING_DISCOVERY	0	0	0				0	0	0
CHEBI:81788	cymoxanil	XERJKGMBORTKEO-UHFFFAOYSA-N	data/antibiotics/antifungal/cymoxanil.yaml	21d07f3ef48a86705ddfd8a55992064774961c7d17f4dd4c5ecdcf1e58827180	PENDING_DISCOVERY	0	0	0				0	0	0
CHEBI:83748	cyproconazole	UFNOUKDBUJZYDE-UHFFFAOYSA-N	data/antibiotics/antifungal/cyproconazole.yaml	274217bcdb3f3930bea5338d433c44421858e858a1bffb09b8f59c46fc63acb5	PENDING_PRIMARY_REVIEW	2	0	0				0	0	0
CHEBI:4045	cyprodinil	HAORKNGNJCEJBX-UHFFFAOYSA-N	data/antibiotics/antifungal/cyprodinil.yaml	48c2cf22e94fe81305efe19a735dc76706ce33b6a7fbf104c944c4631aa1857b	PENDING_DISCOVERY	0	0	0				0	0	0
CHEBI:65716	cystothiazole A	LRTJMINIVSPVMX-ZVJWTWILSA-N	data/antibiotics/antifungal/cystothiazole-a.yaml	ffd80361b53993bd1477e5305c8cbe5a5d8b52bcfcdb409b2a148c144688c42b	PENDING_DISCOVERY	0	0	0				0	0	0
CHEBI:4316	danielone	ZTBAPEIDNUHRNC-UHFFFAOYSA-N	data/antibiotics/antifungal/danielone.yaml	08c72917b1a19430ff91380716db31c24a88d61c3c4e866c949bef46860e1794	PENDING_DISCOVERY	0	0	0				0	0	0
CHEBI:31457	decanal	KSMVZQYAVGTKIV-UHFFFAOYSA-N	data/antibiotics/antifungal/decanal.yaml	d531445a6164752690b926be0efe7559e97f65446362fc4580834c1677271d25	PENDING_DISCOVERY	0	0	0				0	0	0
CHEBI:4414	deoxylapachol	OSDFYZPKJKRCRR-UHFFFAOYSA-N	data/antibiotics/antifungal/deoxylapachol.yaml	6cdaf730393cb21e8ea1ff2e57677d5ce9846c1bfc88ac18af0c754ab0b85b2f	PENDING_DISCOVERY	0	0	0				0	0	0
CHEBI:31466	dequalinium chloride	LTNZEXKYNRNOGT-UHFFFAOYSA-N	data/antibiotics/antifungal/dequalinium-chloride.yaml	3be968b6467aebade8f5735d6ccb1686a10c652000ddbcf3cf6fcc7793b281cd	PENDING_DISCOVERY	0	0	0				0	0	0
CHEBI:41872	dequalinium	PCSWXVJAIHCTMO-UHFFFAOYSA-P	data/antibiotics/antifungal/dequalinium.yaml	7e93c5af6a95dfa09425db91f4cebda4cc477d649d2766e133a3ec626d1160f3	PENDING_DISCOVERY	0	0	0				0	0	0
CHEBI:4488	diallyl disulfide	PFRGXCVKLLPLIP-UHFFFAOYSA-N	data/antibiotics/antifungal/diallyl-disulfide.yaml	03f9c364c617f0ef514b98ffdea1a4d6654794927e4a96ad44e60626744bc3ec	PENDING_DISCOVERY	0	0	0				0	0	0
CHEBI:74875	dichlofluanid	WURGXGVFSMYFCG-UHFFFAOYSA-N	data/antibiotics/antifungal/dichlofluanid.yaml	0220c93c3d7f6a5f6e36bae533ba678d15208cbfaca89b4a584dcbb9de2d62d2	PENDING_DISCOVERY	0	0	0				0	0	0
CHEBI:81799	diclocymet	YEJGPFZQLRMXOI-PKEIRNPWSA-N	data/antibiotics/antifungal/diclocymet.yaml	e7cf263fc7b47557e8a1fd32f036dc9c130080a43edadb4fcbefc3b36109ab13	PENDING_DISCOVERY	0	0	0				0	0	0
CHEBI:81759	diclomezine	UWQMKVBQKFHLCE-UHFFFAOYSA-N	data/antibiotics/antifungal/diclomezine.yaml	763e983f3b8e89d3f8635a6d8af26396a53aa8817a71b16aceaecd7c6b2a612d	PENDING_DISCOVERY	0	0	0				0	0	0
CHEBI:4520	diethofencarb	LNJNFVJKDJYTEU-UHFFFAOYSA-N	data/antibiotics/antifungal/diethofencarb.yaml	a365f9f71840c4419e51f3274da30ea2cf7702263f22f31711276c81fda0b87a	PENDING_PRIMARY_REVIEW	1	0	0				0	0	0
CHEBI:41922	diethylstilbestrol	RGLYKWWBQGJZGM-ISLYRVAYSA-N	data/antibiotics/antifungal/diethylstilbestrol.yaml	a840c8e5461314b556886277c0e2d021e72990c8535f9d35f8fce9e4d1ec5cba	PENDING_DISCOVERY	0	0	0				0	0	0
CHEBI:81760	difenoconazole	BQYJATMQXGBDHF-UHFFFAOYSA-N	data/antibiotics/antifungal/difenoconazole.yaml	9fa1e8686f5bc2fc2aac7492af414f3c3ce1e11e7e0d480851b2d0641cea4ab8	PENDING_PRIMARY_REVIEW	7	0	0	UniProtKB:I1RJR2|UniProtKB:L2FD62	NCBITaxon:5518|NCBITaxon:690256	DOI:10.1002/ps.5964|DOI:10.1016/j.pestbp.2018.08.011|PMID:30497711|PMID:32569396	1	4	0
CHEBI:17209	dihydrosanguinarine	CIUHLXZTZWTVFL-UHFFFAOYSA-N	data/antibiotics/antifungal/dihydrosanguinarine.yaml	0101f15245e9ffde67e93b87fb664b5bd59dfcc92c0af0e7816d7b50ec916cac	PENDING_DISCOVERY	0	0	0				0	0	0
CHEBI:16016	dihydroxyacetone	RXKJFZQQPQGTFL-UHFFFAOYSA-N	data/antibiotics/antifungal/dihydroxyacetone.yaml	e7591e4358452d98a6063886cb4a5744b1b0eafa049ad9729e9c7040183d046e	PENDING_DISCOVERY	0	0	0				0	0	0
CHEBI:81958	dimethirimol	CJHXCRMKMMBYJQ-UHFFFAOYSA-N	data/antibiotics/antifungal/dimethirimol.yaml	82b6b1255057f08e425f6e38c90eda10ff3e996f4adb0f4737db977e6f649a63	PENDING_DISCOVERY	0	0	0				0	0	0
CHEBI:81848	dimethomorph	QNBTYORWCCMPQP-UHFFFAOYSA-N	data/antibiotics/antifungal/dimethomorph.yaml	b2c3f8ef716f2b597f2eef0c3afc5d441ffdfcdc3492bd574a98b106580dfa21	PENDING_DISCOVERY	0	0	0				0	0	0
CHEBI:83218	dimoxystrobin	WXUZAHCNPWONDH-DYTRJAOYSA-N	data/antibiotics/antifungal/dimoxystrobin.yaml	ac5350175348cc641b47ce12a121d03e93aaf9cc93452a4ae3001026fb168dff	PENDING_DISCOVERY	0	0	0				0	0	0
CHEBI:83911	diniconazole-M	FBOUIAKEJMZPQG-BLXFFLACSA-N	data/antibiotics/antifungal/diniconazole-m.yaml	554547fd33f4f4bbc1b16f9b5f1af8687945a32fc7e92cb7ebf15b18c323a96a	PENDING_DISCOVERY	0	0	0				0	0	0
CHEBI:31504	dioncophylline A	MXIZZLBQRBAZEX-HUUCEWRRSA-N	data/antibiotics/antifungal/dioncophylline-a.yaml	7631a19056ae2a71a7b08aaa3350fcb01b0cc30fb55e813a17e9ac3a0aa13c3c	PENDING_DISCOVERY	0	0	0				0	0	0
CHEBI:74023	dioscin	VNONINPVFQTJOC-ZGXDEBHDSA-N	data/antibiotics/antifungal/dioscin.yaml	1e616502c8989f4792be667a99e2fe3d6e9417f614d56ddd73cf50ada3a547b1	PENDING_DISCOVERY	0	0	0				0	0	0
CHEBI:4640	diphenylamine	DMBHHRLKUKUOEG-UHFFFAOYSA-N	data/antibiotics/antifungal/diphenylamine.yaml	6180ad06079c0e62e67d0f10863e1e2408d0bb7dedd2e97f20d9471c284dc701	PENDING_DISCOVERY	0	0	0				0	0	0
CHEBI:131600	dipymetitrone	FPKXBFWMIYHCID-UHFFFAOYSA-N	data/antibiotics/antifungal/dipymetitrone.yaml	7cd0c90a72dd12a9821266ae6a9de57c37e6ffebb4a4f1cd5af062cc7a3c20f6	PENDING_DISCOVERY	0	0	0				0	0	0
CHEBI:4659	disulfiram	AUZONCFQVSMFAP-UHFFFAOYSA-N	data/antibiotics/antifungal/disulfiram.yaml	a6ac235fccdc63a97a5f7ca21f792ce714b5c2415efe09fec7dacdff84183c66	PENDING_DISCOVERY	0	0	0				0	0	0
CHEBI:81842	dithianon	PYZSVQVRHDXQSL-UHFFFAOYSA-N	data/antibiotics/antifungal/dithianon.yaml	85f6e0b034e043b83d8040d514830234334bf90653d9337568bf035800942959	PENDING_DISCOVERY	0	0	0				0	0	0
CHEBI:141315	djalonensone	LCSDQFNUYFTXMT-UHFFFAOYSA-N	data/antibiotics/antifungal/djalonensone.yaml	7f7e3a9e8cff2192d88a5a8abfee7bddc9325f25e60c0c01f50804dcefc82acd	PENDING_DISCOVERY	0	0	0				0	0	0
CHEBI:81960	dodemorph	JMXKCYUTURMERF-UHFFFAOYSA-N	data/antibiotics/antifungal/dodemorph.yaml	6b84ecb954a30f37dd093e9acfbbc099c1bc5f6e042236ec4be776e4281457d9	PENDING_DISCOVERY	0	0	0				0	0	0
CHEBI:70401	(E)-1-(2,3-dihydro-1H-pyrrol-1-yl)-2-methyldec-8-ene-1,3-dione	JGNMZTXDOHXIJQ-ONEGZZNKSA-N	data/antibiotics/antifungal/e-1-2-3-dihydro-1h-pyrrol-1-yl-2-methyldec-8-ene-1-3-dione.yaml	203e055370b0cb6a05c6994016b9d19dd2dd0c984f6ca8fefceebf88dc90e9d0	PENDING_DISCOVERY	0	0	0				0	0	0
CHEBI:16731	(E)-cinnamaldehyde	KJPRLNWUNMBNBZ-QPJJXVBHSA-N	data/antibiotics/antifungal/e-cinnamaldehyde.yaml	b6084965d59ab36b97e926343afdd977b3f0e22553c8e8fcea270cd2e259ca2b	PENDING_DISCOVERY	0	0	0				0	0	0
CHEBI:80830	(E,E)-germacrone	CAULGCQHVOVVRN-SWZPTJTJSA-N	data/antibiotics/antifungal/e-e-germacrone.yaml	84a65b952bbd528c95737830793de50aa6e7cf0f042001cd111271c8c375f7c1	PENDING_DISCOVERY	0	0	0				0	0	0
CHEBI:61748	(E)-oct-2-enal	LVBXEMGDVWVTGY-VOTSOKGWSA-N	data/antibiotics/antifungal/e-oct-2-enal.yaml	354649c37d458676bce40157081d56a98fe54c82645b2572a96f37249afee011	PENDING_DISCOVERY	0	0	0				0	0	0
CHEBI:27949	(E)-sinapaldehyde	CDICDSOGTRCHMG-ONEGZZNKSA-N	data/antibiotics/antifungal/e-sinapaldehyde.yaml	6a0295b6285ed766d666cf411edd80e4815dcefd13f46639e992e7400aca33e3	PENDING_DISCOVERY	0	0	0				0	0	0
CHEBI:315018	echinocandin B	FAUOJMHVEYMQQG-HVYQDZECSA-N	data/antibiotics/antifungal/echinocandin-b.yaml	4dfc8af1ba680deb05b99d10faad8eba4c156e483b5892d25c16d5cc390f356f	PENDING_DISCOVERY	0	0	0				0	0	0
antibioticmech:aro-e05d19b916	econazole	LEZWWPYKPKIXLL-UHFFFAOYSA-N	data/antibiotics/antifungal/econazole.yaml	85a69c0a4373f95039bc4b3942493fb1dbd93ffce7c316cfbb42b724e5110b7b	PENDING_DISCOVERY	0	0	0				0	0	0
CHEBI:34735	edifenphos	AWZOLILCOUMRDG-UHFFFAOYSA-N	data/antibiotics/antifungal/edifenphos.yaml	a4a9ebed5f3efbab15d918ef003d44d6b1696db8312e15dcf8b05aea04f88a5c	PENDING_DISCOVERY	0	0	0				0	0	0
CHEBI:82718	efinaconazole	NFEZZTICAUWDHU-RDTXWAMCSA-N	data/antibiotics/antifungal/efinaconazole.yaml	60745518fa7ebe8bf5e40a585200ddb9f5af743b7f4e291026f9c12338dae2ed	PENDING_DISCOVERY	0	0	0				0	0	0
CHEBI:77879	elaiophylin	OSERMIPXNLXAPD-MJMYBOKFSA-N	data/antibiotics/antifungal/elaiophylin.yaml	1a9cee8ae88d479439c147fd12a6b672b9317793d576c00208568c8cf7918454	PENDING_DISCOVERY	0	0	0				0	0	0
CHEBI:61749	enfumafungin	IAOFPTKYKOAKGZ-CRWQHXLTSA-N	data/antibiotics/antifungal/enfumafungin.yaml	119c8331f0a114ef3ce39a1e9ad8ef18e0f5c3242930e461fb94989531b08472	PENDING_DISCOVERY	0	0	0				0	0	0
CHEBI:83187	enoxastrobin	VMNULHCTRPXWFJ-UJSVPXBISA-N	data/antibiotics/antifungal/enoxastrobin.yaml	f13ee918848f797f00c3037d289ece441a0bd39478b223d98fbc1d73dd2566f8	PENDING_DISCOVERY	0	0	0				0	0	0
CHEBI:68700	epi-isochromophilone II	QEPMTPAOVMUVBT-NJCRSHSXSA-N	data/antibiotics/antifungal/epi-isochromophilone-ii.yaml	2d657eb8c7d3c015f775bb93e47f09ff06cf7e9cb0097e9873076204e868b4e4	PENDING_DISCOVERY	0	0	0				0	0	0
CHEBI:65849	epichlicin	QPLUQODTAQYAFC-FVBCJJOCSA-N	data/antibiotics/antifungal/epichlicin.yaml	0468182fbc06983c54e75eb34d5d53ac0591db3bed47f9f6b144469e9665c06e	PENDING_DISCOVERY	0	0	0				0	0	0
antibioticmech:aro-e63825b7e1	epoxiconazole	ZMYFCFLJBGAQRS-IAGOWNOFSA-N	data/antibiotics/antifungal/epoxiconazole.yaml	323f9511185c623815d33900730a37d6e09bbd88bf2e0ec38556a783a2b41466	PENDING_PRIMARY_REVIEW	8	0	0				0	0	0
CHEBI:4874	etaconazole	DWRKFAJEBUWTQM-UHFFFAOYSA-N	data/antibiotics/antifungal/etaconazole.yaml	b6ab4e45a23f1adb860c861cb247240a8e925e25cf6a0ab488558fa1cfeaa6e5	PENDING_DISCOVERY	0	0	0				0	0	0
CHEBI:81989	ethirimol	BBXXLROWFHWFQY-UHFFFAOYSA-N	data/antibiotics/antifungal/ethirimol.yaml	8201907ebbb8a767b1e89b884d47f2b3f3d9cf980c4ad2ebed66c52854ed82da	PENDING_DISCOVERY	0	0	0				0	0	0
CHEBI:77323	ethoxyquin	DECIPOUIJURFOJ-UHFFFAOYSA-N	data/antibiotics/antifungal/ethoxyquin.yaml	052d53fc9e9c2e15f3f399e900ece8f43f911526b5b04f71dfb15665f8bae828	PENDING_DISCOVERY	0	0	0				0	0	0
CHEBI:141398	ethyl 2-hydroxy-5-methylpyrazolo[1,5-a]pyrimidine-6-carboxylate	ZUAAVNLKGAEZDG-UHFFFAOYSA-N	data/antibiotics/antifungal/ethyl-2-hydroxy-5-methylpyrazolo-1-5-a-pyrimidine-6-carboxylate.yaml	1164358c75caf5382aa9ceb9b84a79afdb4d7d501c432eb5f6be25c3151dc560	PENDING_DISCOVERY	0	0	0				0	0	0
CHEBI:152058	ethylmercuric chloride	QWUGXIXRFGEYBD-UHFFFAOYSA-M	data/antibiotics/antifungal/ethylmercuric-chloride.yaml	23810accc5774817842f51628b16ee86eb93b2e79789c727ae78500468cebdf4	PENDING_DISCOVERY	0	0	0				0	0	0
CHEBI:31575	ethylparaben	NUVBSKCKDOMJSU-UHFFFAOYSA-N	data/antibiotics/antifungal/ethylparaben.yaml	0e39c40f8efc3c55245a7d7e60a96ce65849a2f480a42af475269c13211aa416	PENDING_DISCOVERY	0	0	0				0	0	0
CHEBI:81761	etridiazole	KQTVWCSONPJJPE-UHFFFAOYSA-N	data/antibiotics/antifungal/etridiazole.yaml	80e69eb30bdb2fc67e5521a6bca8131bf00ed85dee0a89109f3858a2a1c796e2	PENDING_DISCOVERY	0	0	0				0	0	0
CHEBI:4916	eugeniin	JCGHAEBIBSEQAD-UUUCSUBKSA-N	data/antibiotics/antifungal/eugeniin.yaml	ab85cc0b517b52632685c536ab722d2f70ac3b0dff02afe56d4a2fa06bd4fd19	PENDING_DISCOVERY	0	0	0				0	0	0
CHEBI:68591	eurysterol A sulfonic acid	MWTQCWZOXMULHF-QZSJCTLHSA-N	data/antibiotics/antifungal/eurysterol-a-sulfonic-acid.yaml	877d9c30504b6cc459d22b0b988c0b342f23ec074a2eb9fd20c75d59cc7a4373	PENDING_DISCOVERY	0	0	0				0	0	0
CHEBI:65888	eurysterol A	NPTYMHRTUPEDPI-WQTFAPJPSA-M	data/antibiotics/antifungal/eurysterol-a.yaml	b30385a59d32447704095fe5df5bd63c3e052009aa76575696ee9548b0a8aa17	PENDING_DISCOVERY	0	0	0				0	0	0
CHEBI:68594	eurysterol B sulfonic acid	QPVBWEUWNJWRLD-XPVUCKRVSA-N	data/antibiotics/antifungal/eurysterol-b-sulfonic-acid.yaml	c88b19aed494d423b47ab37552c0c5ea097e6f3ed504aa657cf41f99c790db11	PENDING_DISCOVERY	0	0	0				0	0	0
CHEBI:65889	eurysterol B	OZULCLLLPIEFBL-FUPZROSBSA-M	data/antibiotics/antifungal/eurysterol-b.yaml	ce4c1004fabf21a0f4797eb74a7cefd849fe6d9815cf2f4e3a1ba3a75c2da870	PENDING_DISCOVERY	0	0	0				0	0	0
CHEBI:31585	exalamide	CKSJXOVLXUMMFF-UHFFFAOYSA-N	data/antibiotics/antifungal/exalamide.yaml	1f8914d12e0c4add4a8fa72aac04a6029ce5633a306f6ded5ea48c476e85d100	PENDING_DISCOVERY	0	0	0				0	0	0
CHEBI:69204	fellutamide C	DRAFAQFSRNBNLD-UDWHBACZSA-N	data/antibiotics/antifungal/fellutamide-c.yaml	9191209276e6349e7c8c1d71d31552755b3a20c9b63421963c91edb8fc368c5c	PENDING_DISCOVERY	0	0	0				0	0	0
CHEBI:69205	fellutamide D	GTUJBZDZEFIEQV-MRCGXDCXSA-N	data/antibiotics/antifungal/fellutamide-d.yaml	9485df2c00d0f3cffc7935782c7b1d9d07480fe4a41d7c6adf58e413c80db8e3	PENDING_DISCOVERY	0	0	0				0	0	0
CHEBI:83258	fenamidone	LMVPQMGRYSRMIW-KRWDZBQOSA-N	data/antibiotics/antifungal/fenamidone.yaml	f76d9cd2648535ad8760b80ed57421431e28b6a24e4d4463beffb53b8d1e8d60	PENDING_DISCOVERY	0	0	0				0	0	0
CHEBI:83220	fenaminstrobin	RBWGTZRSEOIHFD-UHUFKFKFSA-N	data/antibiotics/antifungal/fenaminstrobin.yaml	447141c15efcd74c25b0a39a43f5a85e9232b3fd5a474aba7026b922c9e91944	PENDING_DISCOVERY	0	0	0				0	0	0
CHEBI:83920	fenbuconazole	RQDJADAKIFFEKQ-UHFFFAOYSA-N	data/antibiotics/antifungal/fenbuconazole.yaml	501d6166c8db6264093ee061293646ed3cf16c7638eac8ff7013ccbc6e10c965	PENDING_PRIMARY_REVIEW	1	0	0				0	0	0
CHEBI:81994	fenfuram	JFSPBVWPKOEZCB-UHFFFAOYSA-N	data/antibiotics/antifungal/fenfuram.yaml	91166a182d4f800e628fb23835260cd75d80c6b3167c3a47979328a1c5a3ccce	PENDING_DISCOVERY	0	0	0				0	0	0
CHEBI:29583	fengycin	CUOJDWBMJMRDHN-RLLVTFBRSA-N	data/antibiotics/antifungal/fengycin.yaml	69a22052df0397e410f4c4346d7344024fc476fdf19a52db02f91a30d96291bb	PENDING_DISCOVERY	0	0	0				0	0	0
CHEBI:81853	fenhexamid	VDLGAVXLJYLFDH-UHFFFAOYSA-N	data/antibiotics/antifungal/fenhexamid.yaml	eb3833fa486d78a5ce35b4bea9a7651b956e76103a0765e15fc4b3f6a8e41ea2	PENDING_DISCOVERY	0	0	0				0	0	0
CHEBI:229753	fenopyramid	NYJBDYAABVMJOF-UHFFFAOYSA-N	data/antibiotics/antifungal/fenopyramid.yaml	eb94fb30e7f89813f723955ee5d2410d40cf9354ffb77bd8030f36ace5ed138e	PENDING_DISCOVERY	0	0	0				0	0	0
CHEBI:34759	fenpiclonil	FKLFBQCQQYDUAM-UHFFFAOYSA-N	data/antibiotics/antifungal/fenpiclonil.yaml	090641b178f1913752a664bbaf06b4f6c412693a4ab7e2161a0631bc3d585299	PENDING_DISCOVERY	0	0	0				0	0	0
CHEBI:136340	fenpicoxamid	QGTOTYJSCYHYFK-RBODFLQRSA-N	data/antibiotics/antifungal/fenpicoxamid.yaml	c3d7dc14d3885ded1d0cfd6cb02c2fb79556385fc4b3b2a3e742879929b586c0	PENDING_PRIMARY_REVIEW	2	0	0	UniProtKB:Q6X9S4	NCBITaxon:1047171	DOI:10.1111/1462-2920.15760|PMID:34490974	0	0	0
CHEBI:83327	fenpyrazamine	UTOHZQYBSYOOGC-UHFFFAOYSA-N	data/antibiotics/antifungal/fenpyrazamine.yaml	c2fb83b325079a2c978f77b11a427e3a7ebfc00d757fd37fd3aa28db2ef4d3e4	PENDING_DISCOVERY	0	0	0				0	0	0
CHEBI:556580	fenticlor	ANUSOIHIIPAHJV-UHFFFAOYSA-N	data/antibiotics/antifungal/fenticlor.yaml	27237036ca06b86e70a77a650caa203e1aac87f9f3f4fb21c45d52d563ba43da	PENDING_DISCOVERY	0	0	0				0	0	0
CHEBI:81918	fentin acetate	WDQNIWFZKXZFAY-UHFFFAOYSA-M	data/antibiotics/antifungal/fentin-acetate.yaml	96569785f3e20e8b5ea7a5724ec0ef79083ae959169ac830a62b86ef05fa1dda	PENDING_DISCOVERY	0	0	0				0	0	0
CHEBI:35036	fentin chloride	NJVOZLGKTAPUTQ-UHFFFAOYSA-M	data/antibiotics/antifungal/fentin-chloride.yaml	13829130400d4dcf536bce5c72d19829b8d256545337bddfb959871b4a17cbc2	PENDING_DISCOVERY	0	0	0				0	0	0
CHEBI:30473	fentin hydroxide	BFWMWWXRWVJXSE-UHFFFAOYSA-M	data/antibiotics/antifungal/fentin-hydroxide.yaml	f7229f5c61682d33e35f73c2b3ab44834f75d063b30ec46ec142997de9e2c306	PENDING_DISCOVERY	0	0	0				0	0	0
CHEBI:81844	ferimzone	GOWLARCWZRESHU-AQTBWJFISA-N	data/antibiotics/antifungal/ferimzone.yaml	cc175599ef281dda24774a681988d0e0bf1de9a4fa0e6f43aa4d2536307fdbab	PENDING_DISCOVERY	0	0	0				0	0	0
CHEBI:173086	ferrostatin-1	UJHBVMHOBZBWMX-UHFFFAOYSA-N	data/antibiotics/antifungal/ferrostatin-1.yaml	0721526f1860479303a8ea28fe4305f68e4e31ae01f8b6a86c9b18bc409b4274	PENDING_DISCOVERY	0	0	0				0	0	0
CHEBI:75544	feruloylagmatine	UBMDAKWARMURDL-FNORWQNLSA-N	data/antibiotics/antifungal/feruloylagmatine.yaml	a8f6e3a7d3d5e4c0d211cbd58dc2d49532bb38ad416774f63ae88dbea9a22371	PENDING_DISCOVERY	0	0	0				0	0	0
CHEBI:156432	florylpicoxamid	ATZHVIVDMUCBEY-HOTGVXAUSA-N	data/antibiotics/antifungal/florylpicoxamid.yaml	e8e55d17aa24887a24d71c95e66f6a8f87f41f4456403f97ea256679d0d77530	PENDING_DISCOVERY	0	0	0				0	0	0
CHEBI:81843	fluazinam	UZCGKGPEKUCDTF-UHFFFAOYSA-N	data/antibiotics/antifungal/fluazinam.yaml	be85f4e665628335f832db8b2ce6b269372ebdb57c22d0ad3e9b4fb49e626e29	PENDING_DISCOVERY	0	0	0				0	0	0
CHEBI:46081	fluconazole	RFHAOTPXVQNOHP-UHFFFAOYSA-N	data/antibiotics/antifungal/fluconazole.yaml	8e99a6672effa7533da2ab8298e2b232de907e84687c4f5f4dfe1096e9e2ddda	PENDING_PRIMARY_REVIEW	77	0	2	UniProtKB:A0A1D8PGP5|UniProtKB:G8B7T4|UniProtKB:N0A5G3|UniProtKB:P10613|UniProtKB:P14263|UniProtKB:P50859|UniProtKB:Q59VG6|UniProtKB:Q59X67|UniProtKB:Q5A4G2|UniProtKB:Q5ALV2|UniProtKB:Q870D1|UniProtKB:Q8X0Z3	NCBITaxon:5207|NCBITaxon:5476|NCBITaxon:5478|NCBITaxon:5480|NCBITaxon:5482	DOI:10.1046/j.1365-2958.2003.03281.x|DOI:10.1080/21505594.2024.2405000|DOI:10.1128/aac.00555-13|DOI:10.1128/aac.00651-17|DOI:10.1128/aac.03470-14|DOI:10.1128/aac.05502-11|DOI:10.1128/aac.44.11.2985-2990.2000|DOI:10.1128/aac.45.11.3037-3045.2001|DOI:10.2147/idr.s483623|PMID:11036010|PMID:11600353|PMID:12519188|PMID:22155829|PMID:23629718|PMID:25385095|PMID:28630186|PMID:39403939|PMID:39464835	0	3	0
CHEBI:5100	flucytosine	XRECTZIEBJDKEO-UHFFFAOYSA-N	data/antibiotics/antifungal/flucytosine.yaml	4ffd0f50d00448664a2aec8b152d62231ec7c6fabc5e91a67fc42c27a3ed7ada	PENDING_PRIMARY_REVIEW	10	0	0			PMID:37856537	0	0	0
CHEBI:81763	fludioxonil	MUJOIMFVNIBMKC-UHFFFAOYSA-N	data/antibiotics/antifungal/fludioxonil.yaml	56142e12c1841028397d683d421f3f995eaaa8f081f962b5593c120d43f39b79	PENDING_PRIMARY_REVIEW	13	0	0	UniProtKB:A0A384J5Y1|UniProtKB:A7EQI8|UniProtKB:A7F519|UniProtKB:I1RAE5|UniProtKB:P0C431|UniProtKB:Q1KTF2|UniProtKB:W7LTW3|UniProtKB:W7LX41|UniProtKB:W7M468	NCBITaxon:1047171|NCBITaxon:117187|NCBITaxon:40559|NCBITaxon:5180|NCBITaxon:5518	DOI:10.1007/s44297-025-00052-5|DOI:10.1094/mpmi-19-1262|DOI:10.1094/pdis-11-15-1290-re|PMID:17073308|PMID:22591226|PMID:24903410|PMID:30686204|PMID:38374637|PMID:41649761	0	9	0
CHEBI:83194	flufenoxystrobin	MBHXIQDIVCJZTD-RVDMUPIBSA-N	data/antibiotics/antifungal/flufenoxystrobin.yaml	50589e653d94a8742ebf7c1f3978d14a83f7e7be23f027291451134d57714a6e	PENDING_DISCOVERY	0	0	0				0	0	0
CHEBI:83428	flumorph	BKBSMMUEEAWFRX-UHFFFAOYSA-N	data/antibiotics/antifungal/flumorph.yaml	b3e2ad32a018df2090571683beff2ea5ce409d152ca2af8ada9030876d83a160	PENDING_DISCOVERY	0	0	0				0	0	0
CHEBI:81764	fluopicolide	GBOYJIHYACSLGN-UHFFFAOYSA-N	data/antibiotics/antifungal/fluopicolide.yaml	f36a86727febb6f090902166e10dafffabfdfe416fb3243dfc68c3a2b5c12060	PENDING_DISCOVERY	0	0	0				0	0	0
CHEBI:145667	fluopimomide	DNJKFZQFTZJKDK-UHFFFAOYSA-N	data/antibiotics/antifungal/fluopimomide.yaml	b79f8971f0e2f008da4ded782de2d1cad95ba9aa7e0be3f69c07537b28f1ca92	PENDING_DISCOVERY	0	0	0				0	0	0
CHEBI:83070	fluopyram	KVDJTXBXMWJJEF-UHFFFAOYSA-N	data/antibiotics/antifungal/fluopyram.yaml	12a1fb771f9ea33a67b94ab1b9ab136851d9c1b47522cef05bc68a199d64b626	PENDING_PRIMARY_REVIEW	1	0	0				0	0	0
CHEBI:81826	fluoroimide	IPENDKRRWFURRE-UHFFFAOYSA-N	data/antibiotics/antifungal/fluoroimide.yaml	c6ea614f55735760360ad4c99b47f4e8e35729caaa74a065c96c0af56f86a2a6	PENDING_DISCOVERY	0	0	0				0	0	0
CHEBI:83253	fluoxastrobin	UFEODZBUAFNAEU-NLRVBDNBSA-N	data/antibiotics/antifungal/fluoxastrobin.yaml	2b65dc6e5851cc740a3a3b20a178f191c80d4655c33d557a35ae5d2f0f5899e8	PENDING_DISCOVERY	0	0	0				0	0	0
CHEBI:229760	flupyroxystrobin	SEEIKOSFZLBRHO-JLHYYAGUSA-N	data/antibiotics/antifungal/flupyroxystrobin.yaml	89628ad40f722f20517c2d37a5c29bff2b7d36ee374a44fed31f9ecb25c37c8c	PENDING_DISCOVERY	0	0	0				0	0	0
CHEBI:83923	fluquinconazole	IJJVMEJXYNJXOJ-UHFFFAOYSA-N	data/antibiotics/antifungal/fluquinconazole.yaml	a72f6512c5f7f5f8b667fbffa78780688bbc8e6700493803415c6eeab1ff9a37	PENDING_DISCOVERY	0	0	0				0	0	0
CHEBI:81922	flusilazole	FQKUGOMFVDPBIZ-UHFFFAOYSA-N	data/antibiotics/antifungal/flusilazole.yaml	154f41135daf7fbbdb193166406616284fca65dc5cf225d147a79ce2efca16b0	PENDING_PRIMARY_REVIEW	4	0	0				0	0	0
CHEBI:81801	flusulfamide	GNVDAZSPJWCIQZ-UHFFFAOYSA-N	data/antibiotics/antifungal/flusulfamide.yaml	0856bcdd0446496e2d59484a5d32fb792d99845b4e7ee452dfd138ce3bf784c8	PENDING_DISCOVERY	0	0	0				0	0	0
CHEBI:83277	flutianil	KGXUEPOHGFWQKF-ZCXUNETKSA-N	data/antibiotics/antifungal/flutianil.yaml	fb01a8adddcc4e94d7eeaeee6deef9180c87762279098f124269ae3fae4385e8	PENDING_DISCOVERY	0	0	0				0	0	0
CHEBI:81792	flutolanil	PTCGDEVVHUXTMP-UHFFFAOYSA-N	data/antibiotics/antifungal/flutolanil.yaml	7efca73aeb466b0fe6002257c9bd9dfae46bc2626853fa4182448a75b4be8110	PENDING_DISCOVERY	0	0	0				0	0	0
CHEBI:83707	flutriafol	JWUCHKBSVLQQCO-UHFFFAOYSA-N	data/antibiotics/antifungal/flutriafol.yaml	911308e6c8c46fff29fa3c91b35b5c790b54a94ccfd550e6b8ed8e8ee7f8415f	PENDING_PRIMARY_REVIEW	1	0	0				0	0	0
CHEBI:82864	flutrimazole	QHMWCHQXCUNUAK-UHFFFAOYSA-N	data/antibiotics/antifungal/flutrimazole.yaml	f0e971f95cbdb70cd6cd010b73c4ca85b39229ba9c455a7200ffcf00870185b6	PENDING_DISCOVERY	0	0	0				0	0	0
CHEBI:83113	fluxapyroxad	SXSGXWCSHSVPGB-UHFFFAOYSA-N	data/antibiotics/antifungal/fluxapyroxad.yaml	f4eb57b5d8132525d6935da68f72230b83316100535da3d49cbdbc3e8ce58576	PENDING_DISCOVERY	0	0	0				0	0	0
CHEBI:82019	folpet	HKIOYBQGHSTUDB-UHFFFAOYSA-N	data/antibiotics/antifungal/folpet.yaml	5a4249a66f4cb85765501cf0d9f0e9421363128ce01fc896b9f4bb8b33ab53e7	PENDING_DISCOVERY	0	0	0				0	0	0
CHEBI:84033	fosetyl-Al	ZKZMJOFIHHZSRW-UHFFFAOYSA-K	data/antibiotics/antifungal/fosetyl-al.yaml	d7c711ee2742bcc4664f53cfab562efe072e7a0fd75a89eae598e111981a2930	PENDING_DISCOVERY	0	0	0				0	0	0
CHEBI:40926	fosetyl	VUERQRKTYBIULR-UHFFFAOYSA-N	data/antibiotics/antifungal/fosetyl.yaml	da22a40ff89ac4c14d731514ce75bb3d139652435a58869527abc66ffd8c052c	PENDING_DISCOVERY	0	0	0				0	0	0
CHEBI:88298	FR171456	JAHGNOXPMXOEJS-BSPLYONXSA-N	data/antibiotics/antifungal/fr171456.yaml	33143ba30833e56efdfe27d692ee59becb1353e7a7ba0350b62276b6d8e9e580	PENDING_DISCOVERY	0	0	0				0	0	0
CHEBI:65913	FR207944	VAULMUOCCMYLIA-SQBLQFOUSA-N	data/antibiotics/antifungal/fr207944.yaml	40c2f5d2f458bec104c00aa74bfa2d39752a7a2b4a4d4048bac4524b09d20be5	PENDING_DISCOVERY	0	0	0				0	0	0
CHEBI:65917	FR901469 hydrochloride	VZZJOONOWFZKHA-PVFJZINBSA-N	data/antibiotics/antifungal/fr901469-hydrochloride.yaml	c0e2264060153704f7ba5aaa0e5be7d60e08ff01a41df6e4f9e35fcc17d0c368	PENDING_DISCOVERY	0	0	0				0	0	0
CHEBI:68660	FR901469	LTLDDYQPSWDOBJ-UNEDFBIISA-N	data/antibiotics/antifungal/fr901469.yaml	5d906d7c225bd5ec177836710477ea5373f2d4fb91e47bb2bdcfc7c38d7e156e	PENDING_DISCOVERY	0	0	0				0	0	0
CHEBI:81926	fuberidazole	UYJUZNLFJAWNEZ-UHFFFAOYSA-N	data/antibiotics/antifungal/fuberidazole.yaml	d8bf321b3fa5a2d88f02ed4b939f0563375cf2739b28c7cde51c6c851b3c5a77	PENDING_DISCOVERY	0	0	0				0	0	0
CHEBI:65933	furanocandin	YMDCFNDLUOCAGK-WTKRVALCSA-N	data/antibiotics/antifungal/furanocandin.yaml	3cf20a79f26092c3277f1dad7c0854610b830ff7c250be8f3afbdcf7bf05b55c	PENDING_DISCOVERY	0	0	0				0	0	0
CHEBI:141359	fusarithioamide A	DQGIXJCPVVNGMY-KCJUWKMLSA-N	data/antibiotics/antifungal/fusarithioamide-a.yaml	98a4d88218885433933b25d3f8099644f15075699b44a5017b51b5f3990f9792	PENDING_DISCOVERY	0	0	0				0	0	0
CHEBI:82641	gepinacin	JNQHDEHVHXLCAL-UHFFFAOYSA-N	data/antibiotics/antifungal/gepinacin.yaml	8298ea800f9d29b9b743113298b52ae1c246cac04e77c242e99b59d433ccef42	PENDING_DISCOVERY	0	0	0				0	0	0
CHEBI:67264	geranic acid	ZHYZQXUYZJNEHD-VQHVLOKHSA-N	data/antibiotics/antifungal/geranic-acid.yaml	51ce520b082cae87a711b44f2660fa6185a0c1fc00f7b4c2a6ed64142a740387	PENDING_DISCOVERY	0	0	0				0	0	0
CHEBI:5385	gliotoxin	FIVPIPIDMRVLAY-RBJBARPLSA-N	data/antibiotics/antifungal/gliotoxin.yaml	18290880050a873741d014da1454c5a4236d197dfb7a5a46e89546fe0ae9bdec	PENDING_DISCOVERY	0	0	0				0	0	0
CHEBI:65975	glomosporin	INJLZOSCEJMAGG-ADTDQJCQSA-N	data/antibiotics/antifungal/glomosporin.yaml	11223afbb89628f3bdf95f7853d69d514993f87fc34a5c3572fbd38c308f3df0	PENDING_DISCOVERY	0	0	0				0	0	0
CHEBI:52086	glyceollin III	MIYTVBARXCVVHZ-RYGJVYDSSA-N	data/antibiotics/antifungal/glyceollin-iii.yaml	2d68ccf8bfe27f4a34dcc0c5f575a88fb295ac9425ced237023cf6ba7276fe8a	PENDING_DISCOVERY	0	0	0				0	0	0
CHEBI:27744	glyphosate	XDDAORKBJWWYJS-UHFFFAOYSA-N	data/antibiotics/antifungal/glyphosate.yaml	ab966546c687f1c0d249a120b680cf3949f9647ba96e45fd23306d7cfc5eded4	PENDING_DISCOVERY	0	0	0				0	0	0
CHEBI:77908	GM 193663	YIJXUKFDZCRZIC-MYOGCEHNSA-N	data/antibiotics/antifungal/gm-193663.yaml	1b3c9d7c426e1774cc5faa037c047d40ea4251658faafb2c77d54dd169668684	PENDING_PRIMARY_REVIEW	5	0	0			PMID:18285480	0	0	0
CHEBI:141332	guignardone N	OPYPWMGWBUCOSQ-RZNLEFLGSA-N	data/antibiotics/antifungal/guignardone-n.yaml	5b5746b824fd09eddca70881be6fb63d54bd27541d612db4b219fe00f02b5289	PENDING_DISCOVERY	0	0	0				0	0	0
CHEBI:66000	hamacanthin A	MYXLDFYXMNSXDR-UHFFFAOYSA-N	data/antibiotics/antifungal/hamacanthin-a.yaml	80941505cfd6beb333411ec9a74ee21b222fe20c8a295feda2033d46c2e6056b	PENDING_DISCOVERY	0	0	0				0	0	0
CHEBI:66001	hamacanthin B	MYXLDFYXMNSXDR-GOSISDBHSA-N	data/antibiotics/antifungal/hamacanthin-b.yaml	8f4b40262f3a5bb46a61cd0819f040f98d2c4b5e3bd3909ade8914948ed97fe3	PENDING_DISCOVERY	0	0	0				0	0	0
CHEBI:5692	hexachlorobenzene	CKAPSXZOOQJIBF-UHFFFAOYSA-N	data/antibiotics/antifungal/hexachlorobenzene.yaml	0d52c908520f2568d28eda9644c8e3d4e231e3dcfe5f43af6bcf2bed7e248da6	PENDING_DISCOVERY	0	0	0				0	0	0
CHEBI:83711	hexaconazole	STMIIPIFODONDC-UHFFFAOYSA-N	data/antibiotics/antifungal/hexaconazole.yaml	c5f0876a081ac83956fb431f40bb0b38c2c622bdc1cb897f16db0272683dc59b	PENDING_DISCOVERY	0	0	0				0	0	0
CHEBI:5827	hymexazol	KGVPNLBXJKTABS-UHFFFAOYSA-N	data/antibiotics/antifungal/hymexazol.yaml	8332cf1f5124f080ad06a9b60d3a305df4bc94c9873cbbbae60aeb90195f0423	PENDING_DISCOVERY	0	0	0				0	0	0
CHEBI:83275	hypothemycin	SSNQAUBBJYCSMY-KNTMUCJRSA-N	data/antibiotics/antifungal/hypothemycin.yaml	4e6eabe95626eb1311310dc80cf24069c3c32ad127be07d04671b74f1feec4d6	PENDING_DISCOVERY	0	0	0				0	0	0
CHEBI:81767	imibenconazole	AGKSTYPVMZODRV-UHFFFAOYSA-N	data/antibiotics/antifungal/imibenconazole.yaml	db0d586d85a5ed6d79b64ee5f80e79532c3f89c4d6abbac9edb2f4bf5c7ac2e5	PENDING_DISCOVERY	0	0	0				0	0	0
CHEBI:5569	iminoctadine	RONFGUROBZGJKP-UHFFFAOYSA-N	data/antibiotics/antifungal/iminoctadine.yaml	33573072570665250a590e3a387f3e272085c691c2c91936d637a7920d0d21bf	PENDING_DISCOVERY	0	0	0				0	0	0
CHEBI:166908	inpyrfluxam	YTCIYOXHHQLDEI-SNVBAGLBSA-N	data/antibiotics/antifungal/inpyrfluxam.yaml	8485a6309526518ba58dace8b057025a854997f83e7e3fc78b83d11605285b8a	PENDING_DISCOVERY	0	0	0				0	0	0
CHEBI:171660	inuloxin A	YDOSHXAMLRSCKS-IPANDGBHSA-N	data/antibiotics/antifungal/inuloxin-a.yaml	6105814630653a4d4418275ff02fcdcf8c159b0576ba2a74c9b33032ce1bb2a9	PENDING_DISCOVERY	0	0	0				0	0	0
CHEBI:81770	ipconazole	QTYCMDBMOLSEAM-UHFFFAOYSA-N	data/antibiotics/antifungal/ipconazole.yaml	f9dad053591fa0dc3027fa999884ddeb50716667e3713d7edee0e42e5257e9e8	PENDING_DISCOVERY	0	0	0				0	0	0
CHEBI:143596	ipflufenoquin	DSXOWZNZGWXWMX-UHFFFAOYSA-N	data/antibiotics/antifungal/ipflufenoquin.yaml	90beb68fd2a4214dbba128b632732a6deb45458731438098789e748bdc5f68a9	PENDING_DISCOVERY	0	0	0				0	0	0
CHEBI:79737	iprobenfos	FCOAHACKGGIURQ-UHFFFAOYSA-N	data/antibiotics/antifungal/iprobenfos.yaml	c7fd4427a87159a9ce932b6b4a67d58f291afb6d9aa83b80d96b190b1556529c	PENDING_DISCOVERY	0	0	0				0	0	0
CHEBI:28909	iprodione	ONUFESLQCSAYKA-UHFFFAOYSA-N	data/antibiotics/antifungal/iprodione.yaml	57c6d3b06cd44cad644c2556e8758f7bcef19f6194aaaca20acaa9409a2df58f	PENDING_PRIMARY_REVIEW	15	0	0	UniProtKB:A0A384J5Y1|UniProtKB:A7EQI8|UniProtKB:A7F519|UniProtKB:Q1KTF2	NCBITaxon:1047171|NCBITaxon:40559|NCBITaxon:5180	DOI:10.1094/mpmi-19-1262|DOI:10.1094/pdis-11-15-1290-re|DOI:10.1371/journal.pone.0042520|PMID:17073308|PMID:22912706|PMID:30686204|PMID:38374637	0	6	0
CHEBI:82023	iprovalicarb	NWUWYYSKZYIQAE-WMCAAGNKSA-N	data/antibiotics/antifungal/iprovalicarb.yaml	b7244f76983650c13e8cbf96149f3f36869a53d3b63b4b076c1dab4d13814dcb	PENDING_DISCOVERY	0	0	0				0	0	0
CHEBI:66087	isatinone A	VRJYLVZCUCQVBL-CCEZHUSRSA-N	data/antibiotics/antifungal/isatinone-a.yaml	71591ad7f79e54c3f92979f1310dd3392532df73c8b82dc9736e716d8b4a7b93	PENDING_DISCOVERY	0	0	0				0	0	0
CHEBI:66088	isatinone B	DGWRIHOXTOJRIO-QVIHXGFCSA-N	data/antibiotics/antifungal/isatinone-b.yaml	e3365860974f4e5fe37af36d7f57f5ad0e509d047bb00e6d7bc276a032f38158	PENDING_DISCOVERY	0	0	0				0	0	0
CHEBI:85979	isavuconazole	DDFOUSQFMYRUQK-RCDICMHDSA-N	data/antibiotics/antifungal/isavuconazole.yaml	08fa39a3216a656630f4b21f671b75f8406e1d6189d766327156dcf7b52c680a	PENDING_PRIMARY_REVIEW	10	0	0				0	0	0
CHEBI:85977	isavuconazonium sulfate	LWXUIUUOMSMZKJ-KLFWAVJMSA-M	data/antibiotics/antifungal/isavuconazonium-sulfate.yaml	f5f6a3446c4d03cec42b85d1529a89cdc837fe1941b8122b1e483063b1cac5eb	PENDING_DISCOVERY	0	0	0				0	0	0
CHEBI:85978	isavuconazonium	RSWOJTICKMKTER-QXLBVTBOSA-N	data/antibiotics/antifungal/isavuconazonium.yaml	f4113179bc3472952f449089c88f65a715ed58931d5d5f60d81c0825f6fd0b47	PENDING_DISCOVERY	0	0	0				0	0	0
CHEBI:141363	isoaigialone B	VVQFDQXQOOFTTF-MMYVAXCBSA-N	data/antibiotics/antifungal/isoaigialone-b.yaml	d561ac9160ed6cca6b7e48bb75c9e2757b1e045b27ab08ba0ca2646452c0c69b	PENDING_DISCOVERY	0	0	0				0	0	0
CHEBI:5981	isoalantolactone	CVUANYCQTOGILD-QVHKTLOISA-N	data/antibiotics/antifungal/isoalantolactone.yaml	ce1fe49af7bf5b26454c2234380218c11a4063f2e1872bbbbe5bea0098a02f57	PENDING_DISCOVERY	0	0	0				0	0	0
CHEBI:15837	isoamylol	PHTQWCKDNZKARW-UHFFFAOYSA-N	data/antibiotics/antifungal/isoamylol.yaml	af817344e8c2ea7491566ba53cbb30ed85156d8d561f8989c31a332366e1e3b0	PENDING_DISCOVERY	0	0	0				0	0	0
CHEBI:66091	isochamaejasmenin B	BTCICADMSGBCKA-WVKQWSHJSA-N	data/antibiotics/antifungal/isochamaejasmenin-b.yaml	ecf4945b2d94586e79feb06f3ce98bcd564ca6b7a9fb6b779de65d40f658a352	PENDING_DISCOVERY	0	0	0				0	0	0
CHEBI:83065	isofetamid	WMKZDPFZIZQROT-UHFFFAOYSA-N	data/antibiotics/antifungal/isofetamid.yaml	f30ee134b3a2db973ac24809e65a8606e87163567117610d525c0817569bbdf2	PENDING_DISCOVERY	0	0	0				0	0	0
CHEBI:228225	isoflucypram	JEFUQUGZXLEHLD-UHFFFAOYSA-N	data/antibiotics/antifungal/isoflucypram.yaml	43f6f1ffc69bef7ad411632f01257a8d293297e08bae60e4008fe35a7b971d93	PENDING_DISCOVERY	0	0	0				0	0	0
CHEBI:6047	isoprothiolane	UFHLMYOGRXOCSL-UHFFFAOYSA-N	data/antibiotics/antifungal/isoprothiolane.yaml	077d0877ca41ac1e4ac5f92deb12e70f11a9d21c25c82116f6fc843f0167324e	PENDING_DISCOVERY	0	0	0				0	0	0
antibioticmech:aro-5fd4e54f15	isopyrazam	XTDZGXBTXBEZDN-UHFFFAOYSA-N	data/antibiotics/antifungal/isopyrazam.yaml	e39dc672c1c63b7f81f357bb0f1363f596c4dd08b1a4d982d8b5f066158b35ba	PENDING_DISCOVERY	0	0	0				0	0	0
CHEBI:83657	isotianil	WLPCAERCXQSYLQ-UHFFFAOYSA-N	data/antibiotics/antifungal/isotianil.yaml	d9dc70ce9a2f9dce993fc6d32d9ac7491682763de5bada564c5bd26b921e7710	PENDING_DISCOVERY	0	0	0				0	0	0
CHEBI:193161	isovanillin	JVTZFYYHCGSXJV-UHFFFAOYSA-N	data/antibiotics/antifungal/isovanillin.yaml	20db6aa05e3dcaec28b1e7e507af0458bbe18d2e116d34abdf7f8e696e3871a6	PENDING_DISCOVERY	0	0	0				0	0	0
CHEBI:6076	itraconazole	VHVPQPYKVGDNFY-ZPGVKDDISA-N	data/antibiotics/antifungal/itraconazole.yaml	970ff9d085b16919b3e0fde32e1374f4833a90999dfd93daf8432de67d2edda7	PENDING_PRIMARY_REVIEW	54	0	0	UniProtKB:B0XYD8|UniProtKB:B0Y628|UniProtKB:G8B7T4|UniProtKB:P10613|UniProtKB:Q4WDM9|UniProtKB:Q4WNT5|UniProtKB:Q59VG6	NCBITaxon:5476|NCBITaxon:5480|NCBITaxon:746128	DOI:10.1128/aac.00651-17|DOI:10.1128/aac.01092-06|DOI:10.1128/aac.02101-16|DOI:10.1128/aac.03470-14|DOI:10.1128/aac.47.2.577-581.2003|DOI:10.1128/aac.47.3.1120-1124.2003|DOI:10.1128/aac.47.5.1719-1726.2003|DOI:10.1128/aac.48.11.4405-4413.2004|DOI:10.1128/aac.48.7.2747-2750.2004|DOI:10.1371/journal.pone.0050034|PMID:12543662|PMID:12604551|PMID:12709346|PMID:15215142|PMID:15504870|PMID:17371828|PMID:23226235|PMID:25385095|PMID:27799210|PMID:28630186	0	17	0
CHEBI:66104	jaspamide	GQWYWHOHRVVHAP-DHKPLNAMSA-N	data/antibiotics/antifungal/jaspamide.yaml	c40bd7cdf803736077f2cb1cb020eae8bfa6dc3e37bb4564bdf5903b743f5b8f	PENDING_DISCOVERY	0	0	0				0	0	0
CHEBI:156382	jawsamycin	QOOORVUXEUQEKV-KNLYTHMISA-N	data/antibiotics/antifungal/jawsamycin.yaml	80fec5222ff8b1477b34b7ea9520a487b19eb92740920e476daaf8ea9efa5396	PENDING_DISCOVERY	0	0	0				0	0	0
CHEBI:6088	jervine	CLEXYFLHGFJONT-DNMILWOZSA-N	data/antibiotics/antifungal/jervine.yaml	c8e2d9934df81c89080a1cf79698b8deecb2367bd3b612363d91e4808635afa8	PENDING_DISCOVERY	0	0	0				0	0	0
CHEBI:31742	kaempferol 3-O-β-D-galactoside	JPUKWEQWGBDDQB-DTGCRPNFSA-N	data/antibiotics/antifungal/kaempferol-3-o-β-d-galactoside.yaml	ef2e83d9d2257620cf4b8828c2460d28f6b63428f6083448172f776a04445d64	PENDING_DISCOVERY	0	0	0				0	0	0
CHEBI:81419	kasugamycin	PVTHJAPFENJVNC-MHRBZPPQSA-N	data/antibiotics/antifungal/kasugamycin.yaml	e11ba477fd0df8c964dd57efc14786575cfd7ddf1992fe3c94790e0f768ea40f	PENDING_PRIMARY_REVIEW	3	0	0				0	0	0
antibioticmech:aro-4655b07df9	ketoconazole	XMAYWYJOQHXEEK-OZXSUGGESA-N	data/antibiotics/antifungal/ketoconazole.yaml	35328fcc1bc0fc058210835a0f87c255fd542141877aa6ed79fdcb592af8c367	PENDING_PRIMARY_REVIEW	8	0	0				0	0	0
CHEBI:2962	kresoxim-methyl	ZOTBXTZVPHCKPN-HTXNQAPBSA-N	data/antibiotics/antifungal/kresoxim-methyl.yaml	ed31ac691818fd5e49281a22463a73316d543b1860a149ca34d64e3fa2f3a008	PENDING_PRIMARY_REVIEW	1	0	0				0	0	0
CHEBI:67246	(+)-lariciresinol	MHXCIKYXNYCMHY-AUSJPIAWSA-N	data/antibiotics/antifungal/lariciresinol.yaml	a2ef98e042d876f39bbe05502fa416f85555d5197dddbcc9d8205207d38873bb	PENDING_DISCOVERY	0	0	0				0	0	0
CHEBI:44401	lawsone	CSFWPUWCSPOLJW-UHFFFAOYSA-N	data/antibiotics/antifungal/lawsone.yaml	32b983457b4904be44a562f174b8aec6a433966f69d46fd48f500bf33412c932	PENDING_DISCOVERY	0	0	0				0	0	0
CHEBI:52650	leptomycin A	QECBVZBMGUAZDL-JSADDXMJSA-N	data/antibiotics/antifungal/leptomycin-a.yaml	abe55cd72d58f0268630374634d27ce274093972f9b2208fd7413fb1932dccf1	PENDING_DISCOVERY	0	0	0				0	0	0
CHEBI:52646	leptomycin B	YACHGFWEQXFSBS-XYERBDPFSA-N	data/antibiotics/antifungal/leptomycin-b.yaml	f2224ab839752b03f843e49841d5162eeb01e75c05622c9fbfb4238026d5297d	PENDING_DISCOVERY	0	0	0				0	0	0
CHEBI:82622	leucascandrolide A congener	OHDYRIXQCGVPSA-HTNAZZBXSA-N	data/antibiotics/antifungal/leucascandrolide-a-congener.yaml	72fc283baf99b93d493aef417731fb4d297ca44c89393597d85ad8c1d7132396	PENDING_DISCOVERY	0	0	0				0	0	0
CHEBI:70649	liriodenine	MUMCCPUVOAUBAN-UHFFFAOYSA-N	data/antibiotics/antifungal/liriodenine.yaml	7198fdaa369ee70cccb34aeaa699bfa8fced64751f5028a4913f0425466ca9a5	PENDING_DISCOVERY	0	0	0				0	0	0
CHEBI:27774	lubimin	CEVNHRPKRNTGKO-ZSAUSMIDSA-N	data/antibiotics/antifungal/lubimin.yaml	559f9a78329b1ce42e4c43f5cca30e2768e471cfc4abd224221bbb3ea648aa38	PENDING_DISCOVERY	0	0	0				0	0	0
CHEBI:17231	m-cresol	RLSSMJSEOOYNOY-UHFFFAOYSA-N	data/antibiotics/antifungal/m-cresol.yaml	aedb188eb61bdde8783ac03595e054693e94870f03676aeba6dbff004e4461a3	PENDING_DISCOVERY	0	0	0				0	0	0
CHEBI:167566	maremycin G	NRFFIDZDMKFXMS-FAYKFVSFSA-N	data/antibiotics/antifungal/maremycin-g.yaml	f080222edfc135272bf04b2c3f4645a78b402a1a48a97a1c479615822ecc01a5	PENDING_DISCOVERY	0	0	0				0	0	0
antibioticmech:aro-adaab5b65b	mebendazole	OPXLLQIJSORQAM-UHFFFAOYSA-N	data/antibiotics/antifungal/mebendazole.yaml	4640c0b58afb044b261ce978abfc59e7dc8481863d0c896946b14c4df392e98f	PENDING_PRIMARY_REVIEW	1	0	0				0	0	0
CHEBI:66687	mediomycin A	RDEZRSOXSQHNOU-SMVKTZMVSA-N	data/antibiotics/antifungal/mediomycin-a.yaml	e18e0cfbf0108e6cd3e2411a0a9a22478a910fb89ae7ba24d3acfc46344d93f4	PENDING_DISCOVERY	0	0	0				0	0	0
CHEBI:66688	mediomycin B	NVVJCDZZKMPNHL-LMFUHVRBSA-N	data/antibiotics/antifungal/mediomycin-b.yaml	2e4acc2a9319bce09d0c490f5072ef9ed0b0c8f7ec4b13c2356deb70e0b92634	PENDING_DISCOVERY	0	0	0				0	0	0
CHEBI:6751	mepanipyrim	CIFWZNRJIBNXRE-UHFFFAOYSA-N	data/antibiotics/antifungal/mepanipyrim.yaml	945e2c69cb8999385ca4c5ab6360fbd7e575472789d8c23c9c49397b23b014d0	PENDING_DISCOVERY	0	0	0				0	0	0
CHEBI:81823	mepronil	BCTQJXQXJVLSIG-UHFFFAOYSA-N	data/antibiotics/antifungal/mepronil.yaml	a350aefcd7629dfd3f2ae90628a6c689cc4daa02e9299c36e1bff579532ed9f6	PENDING_DISCOVERY	0	0	0				0	0	0
CHEBI:60607	metalaxyl-M	ZQEIXNIJLIKNTD-GFCCVEGCSA-N	data/antibiotics/antifungal/metalaxyl-m.yaml	3aaed848e2fb2bb94797a600beef930e947dbb968c3f69913ae24901152ef313	PENDING_DISCOVERY	0	0	0				0	0	0
CHEBI:141326	metam(1−)	HYVVJDQGXFXBRZ-UHFFFAOYSA-M	data/antibiotics/antifungal/metam-1.yaml	56472c38ee1930a2a873777db781f66796d0c5bce0a6b668874fe3921ac7f233	PENDING_DISCOVERY	0	0	0				0	0	0
CHEBI:141319	metam	HYVVJDQGXFXBRZ-UHFFFAOYSA-N	data/antibiotics/antifungal/metam.yaml	3506ebcbed4b4eb1dbec4e20e234b831551d2f00643c51401dc7740d6ea16f65	PENDING_DISCOVERY	0	0	0				0	0	0
CHEBI:192263	metarylpicoxamid	CAUHWGTUUBORAX-IKGGRYGDSA-N	data/antibiotics/antifungal/metarylpicoxamid.yaml	0f4b722571dd9f4fe2a9e44b13185e911e848e1312470ba86c7193ef49f80011	PENDING_DISCOVERY	0	0	0				0	0	0
CHEBI:81773	metconazole	XWPZUHJBOLQNMN-UHFFFAOYSA-N	data/antibiotics/antifungal/metconazole.yaml	437512fec4896e717ce267983106e6911d52357690fb28ccc8c058e7f6800586	PENDING_PRIMARY_REVIEW	6	0	0				0	0	0
CHEBI:142825	methfuroxam	ZWJNEYVWPYIKMB-UHFFFAOYSA-N	data/antibiotics/antifungal/methfuroxam.yaml	6391766ce109035991fa8d97e1cb18356597e7ade1942c5b207d24579051f05b	PENDING_DISCOVERY	0	0	0				0	0	0
CHEBI:132299	methyl 2,5-dichlorobenzoate	SPJQBGGHUDNAIC-UHFFFAOYSA-N	data/antibiotics/antifungal/methyl-2-5-dichlorobenzoate.yaml	280fb29dd057d258e083d2485de2f2aa32cf71885a16942fd6732ed2ae802f92	PENDING_DISCOVERY	0	0	0				0	0	0
CHEBI:44499	methyl nonanoate	IJXHLVMUNBOGRR-UHFFFAOYSA-N	data/antibiotics/antifungal/methyl-nonanoate.yaml	a0e2f766d12067538b9483b9dad93fd5075172df302e4d944e860b242531c165	PENDING_DISCOVERY	0	0	0				0	0	0
CHEBI:53620	methylisothiazolinone	BEGLCMHJXHIJLR-UHFFFAOYSA-N	data/antibiotics/antifungal/methylisothiazolinone.yaml	22f26c605b629aa0e84ae28ffa8b71a8f63dab5a207d8ae4b2b303ab5f58f257	PENDING_DISCOVERY	0	0	0				0	0	0
CHEBI:31835	methylparaben	LXCFILQKKLGQFO-UHFFFAOYSA-N	data/antibiotics/antifungal/methylparaben.yaml	9dcf5676b7e42ca5e1fa59f3d7e3913261a15cb54bc5b4f47d24af1b60962dda	PENDING_DISCOVERY	0	0	0				0	0	0
CHEBI:81831	metominostrobin	HIIRDDUVRXCDBN-OBGWFSINSA-N	data/antibiotics/antifungal/metominostrobin.yaml	2405306cb2afed7f0b064999ee1245ba9e967a99ad2893975377b1cd343a5681	PENDING_DISCOVERY	0	0	0				0	0	0
CHEBI:83345	metrafenone	AMSPWOYQQAWRRM-UHFFFAOYSA-N	data/antibiotics/antifungal/metrafenone.yaml	211dd2764cad3c453d983af96a1321da58b1bc546e6217a6943965c558710136	PENDING_DISCOVERY	0	0	0				0	0	0
CHEBI:141152	metyltetraprole	XUQQRGKFXLAPNV-UHFFFAOYSA-N	data/antibiotics/antifungal/metyltetraprole.yaml	6e979c9ee58e71b351abc5ddfaa1a981864cacf1b84a7adb6606783867f67528	PENDING_DISCOVERY	0	0	0				0	0	0
CHEBI:34848	mevastatin	AJLFOPYRIVGYMJ-INTXDZFKSA-N	data/antibiotics/antifungal/mevastatin.yaml	82dfa80e25c122f40678ae744677768e011fc91d8db67bed991b8313c1cfe44b	PENDING_DISCOVERY	0	0	0				0	0	0
CHEBI:600520	micafungin	PIEUQSKUWLMALL-YABMTYFHSA-N	data/antibiotics/antifungal/micafungin.yaml	0eac9035ac1a3115fa792860a26aa4281032aceea18d58d1901e76295b6ebf35	PENDING_PRIMARY_REVIEW	22	0	0	UniProtKB:A0A1D8PCT0|UniProtKB:P38631	NCBITaxon:4932|NCBITaxon:5476	DOI:10.1128/aac.00262-08|DOI:10.1128/aac.01653-05|PMID:16723566|PMID:18443110	0	5	0
antibioticmech:aro-11ab0a98bf	miconazole	BYBLEWFAAKGYCD-UHFFFAOYSA-N	data/antibiotics/antifungal/miconazole.yaml	663c997eb1d5da9ea97d4679e9c3fd9c2fccdc1e468245af3addb0980ce62612	PENDING_PRIMARY_REVIEW	8	0	0				0	0	0
CHEBI:75283	miltefosine	PQLXHQMOHUQAKB-UHFFFAOYSA-N	data/antibiotics/antifungal/miltefosine.yaml	3e6ed86fb2d939e51215c3a8cab8da4101b0178fc41320e6ce4539e4bd74dd30	PENDING_DISCOVERY	0	0	0				0	0	0
CHEBI:27617	monensin A	GAOZTHIDHYLHMS-KEOBGNEYSA-N	data/antibiotics/antifungal/monensin-a.yaml	4c052326eb6b7c4a7d1909ed32a66bb6af362f86e21b4f20c3d76992f4c3390b	PENDING_DISCOVERY	0	0	0				0	0	0
CHEBI:66400	monotesone A	UIFXCAYUHZVWHR-SFHVURJKSA-N	data/antibiotics/antifungal/monotesone-a.yaml	50083f9182fecca49b536c8e4311051a19a0f966dc8b2731743a8bb9755ca0a2	PENDING_DISCOVERY	0	0	0				0	0	0
CHEBI:78156	mucidin	JSCQSBGXKRTPHZ-SYKZHUKTSA-N	data/antibiotics/antifungal/mucidin.yaml	2d2fba7e0da7a1e3580fb37caf1bd06e3aace8d13edaa62bfe9c9ded7aff503f	PENDING_DISCOVERY	0	0	0				0	0	0
CHEBI:66411	multiplolide A	GSXXKILAEILYRX-JRSSMJHLSA-N	data/antibiotics/antifungal/multiplolide-a.yaml	2759c7e3ad517d1effc5922cb7238c252c3599463c985e8659ad6b9431622929	PENDING_DISCOVERY	0	0	0				0	0	0
CHEBI:66412	multiplolide B	MKNCRDRXKFGNDG-BGEOUFIESA-N	data/antibiotics/antifungal/multiplolide-b.yaml	223b8988f6d7e51aef48b1c32ebabe891f3e75a019195a1c306bf04157fe9822	PENDING_DISCOVERY	0	0	0				0	0	0
antibioticmech:aro-14f45eb5b3	myclobutanil	HZJKXKUJVSEEFU-UHFFFAOYSA-N	data/antibiotics/antifungal/myclobutanil.yaml	ff87ebb22992641e74b44de7c8b57cd1c70dfbf780937b47b4f8db92b639b480	PENDING_PRIMARY_REVIEW	1	0	0				0	0	0
CHEBI:582124	myriocin	ZZIKIHCNFWXKDY-GNTQXERDSA-N	data/antibiotics/antifungal/myriocin.yaml	b9b468983efe2d35de340c675cbb59525a5dcf6a80e0585cd2a3f33468f256c0	PENDING_DISCOVERY	0	0	0				0	0	0
CHEBI:25461	myxothiazole	XKTFQMCPGMTBMD-FYHMSGCOSA-N	data/antibiotics/antifungal/myxothiazole.yaml	f9ffb40945e309de8be4309b397e990f40c0934959be31baed9d0fb9c3d9b951	PENDING_DISCOVERY	0	0	0				0	0	0
CHEBI:76002	N-[5-(1-naphthylmethyl)-1,3-thiazol-2-yl]cyclohexanecarboxamide	WJAMFZVSJYMDDT-UHFFFAOYSA-N	data/antibiotics/antifungal/n-5-1-naphthylmethyl-1-3-thiazol-2-yl-cyclohexanecarboxamide.yaml	c253d7d929f263d1a2e62534b843fdd2b5c80176a5830a0f00860c6650767094	PENDING_DISCOVERY	0	0	0				0	0	0
CHEBI:82658	N-benzyl-N-methyl-2-(3-oxo-1,2-benzothiazol-2-yl)acetamide	ANTPCIKREGVPQT-UHFFFAOYSA-N	data/antibiotics/antifungal/n-benzyl-n-methyl-2-3-oxo-1-2-benzothiazol-2-yl-acetamide.yaml	6ff32f4aeb2c09d6cb3223b34af9efd0d4c70356fac62e36d3a911eb77f5dcaf	PENDING_DISCOVERY	0	0	0				0	0	0
CHEBI:64855	N-carbamoyl-L-cysteine	APFSAMXTZRYBKF-REOHCLBHSA-N	data/antibiotics/antifungal/n-carbamoyl-l-cysteine.yaml	11d344f24749b664ae774830eecb978543f7dcd7fc077e1fd78b6f31f222a0b2	PENDING_DISCOVERY	0	0	0				0	0	0
CHEBI:81934	nabam	UQJQVUOTMVCFHX-UHFFFAOYSA-L	data/antibiotics/antifungal/nabam.yaml	b327e51aa7f31c5691a152aa9831c856bb53afa065ed850af493bd4dc7bb93d8	PENDING_DISCOVERY	0	0	0				0	0	0
CHEBI:7451	naftifine	OZGNYLLQHRPOBR-DHZHZOJOSA-N	data/antibiotics/antifungal/naftifine.yaml	c1e64079bf925589c6ad44b7e1c073f6465b7591863446cbdd1900226da148d0	PENDING_DISCOVERY	0	0	0				0	0	0
CHEBI:7488	natamycin	NCXMLFZGDNKEPB-FFPOYIOWSA-N	data/antibiotics/antifungal/natamycin.yaml	b5bf855075cf4a8675a8b359b4c62ef1415cfd05bcb731e4be7916c976cb2c2a	PENDING_DISCOVERY	0	0	0				0	0	0
CHEBI:233566	NCX-4040	CTHNKWFUDCMLIQ-UHFFFAOYSA-N	data/antibiotics/antifungal/ncx-4040.yaml	f935f60c0c38528c6dc4dfd3bdb796d042cf1aa8cf9f102495094a2d1f776cb2	PENDING_DISCOVERY	0	0	0				0	0	0
CHEBI:82825	neothyonidioside	OQBFQOOZNQRQAW-INFQXDPISA-N	data/antibiotics/antifungal/neothyonidioside.yaml	97ce233a77882001b3ea40ea0a17b0f9762ecc67b5e0ee2d60824407058a9e35	PENDING_DISCOVERY	0	0	0				0	0	0
CHEBI:7524	nerolidol	FQTLCLSUCSAZDY-UHFFFAOYSA-N	data/antibiotics/antifungal/nerolidol.yaml	8af44c4454ee81040152e0c78ddc68def539e6514d3827fdc9d2ceabeaec54b9	PENDING_DISCOVERY	0	0	0				0	0	0
CHEBI:31900	neticonazole hydrochloride	HAHMABKERDVYCH-ZUQRMPMESA-N	data/antibiotics/antifungal/neticonazole-hydrochloride.yaml	81232dd9149f14010ac796551bd8241130c50a73901606645196baf87ac06659	PENDING_DISCOVERY	0	0	0				0	0	0
CHEBI:135281	neticonazole	VWOIKFDZQQLJBJ-DTQAZKPQSA-N	data/antibiotics/antifungal/neticonazole.yaml	113c9571faafc58ac22a222701fa506bf7407bfe02d0eee36728e53241cd9594	PENDING_DISCOVERY	0	0	0				0	0	0
CHEBI:145950	nigerone	MBDIPBHBEVOYQB-UHFFFAOYSA-N	data/antibiotics/antifungal/nigerone.yaml	af3fbb030a047822975c81170ec4be1e3dba0e17f079ef9204699a90993455b8	PENDING_DISCOVERY	0	0	0				0	0	0
CHEBI:623918	nikkomycin Z	WWJFFVUVFNBJTN-VHDFTHOZSA-N	data/antibiotics/antifungal/nikkomycin-z.yaml	630af483a8b8a4697f36582bb843bf616b5870850a8e5fd883958e8ffdd06c74	PENDING_DISCOVERY	0	0	0				0	0	0
CHEBI:67121	nitroxoline	RJIWZDNTCBHXAL-UHFFFAOYSA-N	data/antibiotics/antifungal/nitroxoline.yaml	784d0058bf88e3b4d2399380a2d21cd213a29852255ff0b31ebedac540b81137	PENDING_DISCOVERY	0	0	0				0	0	0
CHEBI:66629	NK154183A	ZACXIZMUUXGJHL-QTBZMJKBSA-N	data/antibiotics/antifungal/nk154183a.yaml	f376e1e964bf0b8e6bdbf68da0de798d2eddde865c8a556071e05244b6dfd909	PENDING_DISCOVERY	0	0	0				0	0	0
CHEBI:66630	NK154183B	XGECDDPXIKFBTE-WXJXXXITSA-N	data/antibiotics/antifungal/nk154183b.yaml	bb72c13d0b884c4ac523ec1194aa9b338063e9387e4eb4fd357478dce053165a	PENDING_DISCOVERY	0	0	0				0	0	0
CHEBI:66631	NK372135A	QUPRNMGEDWRDBX-GZTJUZNOSA-N	data/antibiotics/antifungal/nk372135a.yaml	9087d7237c339abe34df52db4f103a94b3ce586ec21e1a335ce8ee00ff8e7e4f	PENDING_DISCOVERY	0	0	0				0	0	0
CHEBI:66632	NK372135B	KGCCITMWQZHGKS-WOJGMQOQSA-N	data/antibiotics/antifungal/nk372135b.yaml	dca3201198b3839fe7b17080cc889cae4031a5cf3b0694ec60775c0f8ddaba2a	PENDING_DISCOVERY	0	0	0				0	0	0
CHEBI:66633	NK372135C	OSJAZSFVURTOLX-LICLKQGHSA-N	data/antibiotics/antifungal/nk372135c.yaml	41d5db4d5a420e26f983bdc23ce6830a3a255bc39f9fde6140649e0a06d25e9e	PENDING_DISCOVERY	0	0	0				0	0	0
CHEBI:66634	nocardione A	FTSDAQTXFRWHEN-LURJTMIESA-N	data/antibiotics/antifungal/nocardione-a.yaml	1cb34141c9c392724c944ece11fc350885d3f623a5f9da4ea9292e776b2013a8	PENDING_DISCOVERY	0	0	0				0	0	0
CHEBI:35986	nonan-1-ol	ZWRUINPWMLAQRD-UHFFFAOYSA-N	data/antibiotics/antifungal/nonan-1-ol.yaml	2961c9b3be99cd9bdade0bd34e55fba079c6b97dd6017269560c55cc182369be	PENDING_DISCOVERY	0	0	0				0	0	0
CHEBI:66639	NP-101A	WFKPHYKFAOXUTI-UHFFFAOYSA-N	data/antibiotics/antifungal/np-101a.yaml	4a9c5bbff75a81f815508a92475aea3d39b347c3ef600e0141282f86e09cab0b	PENDING_DISCOVERY	0	0	0				0	0	0
CHEBI:195528	NPD6433	IXWNPEOFLGJGLY-WCWDXBQESA-N	data/antibiotics/antifungal/npd6433.yaml	74ebc6e63ac752879407906f7a403463355276f32fd4c3d65cff171d7ca09047	PENDING_DISCOVERY	0	0	0				0	0	0
CHEBI:473992	nystatin A1	VQOXZBDYSJBXMA-NQTDYLQESA-N	data/antibiotics/antifungal/nystatin-a1.yaml	d32929224219b15fcc19621ad7e4062336a6e7d92b99de5c1da354aa69bc297c	PENDING_DISCOVERY	0	0	0				0	0	0
CHEBI:192979	nystatin A2	RALQCAVZSAUESR-XTEMEEEFSA-N	data/antibiotics/antifungal/nystatin-a2.yaml	fc3911d0b78f358b1b6befca0eac3aaa6f7f60f047a88bd2a00a2d41275706df	PENDING_DISCOVERY	0	0	0				0	0	0
CHEBI:31927	nystatin A3	IKYMLQOHQLVORI-PLAPNZKPSA-N	data/antibiotics/antifungal/nystatin-a3.yaml	59d7084bf083004a9e3e0bcba995ea6296711ac67a9037ab662f3fb76f20530e	PENDING_DISCOVERY	0	0	0				0	0	0
antibioticmech:aro-b799d457ed	nystatin	VQOXZBDYSJBXMA-RKEBNKJGSA-N	data/antibiotics/antifungal/nystatin.yaml	9e0ccff8e5b5a85a8117cd8b1be507fa85b988e04a99344725c33ed5ab76bf47	PENDING_DISCOVERY	0	0	0				0	0	0
CHEBI:28054	o-cresol	QWVGKYWNOKOFNN-UHFFFAOYSA-N	data/antibiotics/antifungal/o-cresol.yaml	ee6534ee14d13fdd8bd6424eb8a4a06105e84fc1a5b0bedd5a341edbcbb61416	PENDING_DISCOVERY	0	0	0				0	0	0
CHEBI:66806	oceanalin A	HIPXPNHGBRGNFB-WWQAAKFXSA-N	data/antibiotics/antifungal/oceanalin-a.yaml	2abaeffe5ef0e81be459f4a58b472d26a17ace63a31a58c8f1d93b7cc07069ee	PENDING_DISCOVERY	0	0	0				0	0	0
CHEBI:16188	octan-1-ol	KBPLFHHGFOOTCA-UHFFFAOYSA-N	data/antibiotics/antifungal/octan-1-ol.yaml	0c865dd52845da022e4d79d888a884b86cbdf764454d681e40bbced9c26e261d	PENDING_DISCOVERY	0	0	0				0	0	0
CHEBI:28285	oligomycin A	MNULEGDCPYONBU-AWJDAWNUSA-N	data/antibiotics/antifungal/oligomycin-a.yaml	6aa3063293998315a8397e4599cbb0b28dcb3f59dccb0a15ccaadb91473ff97b	PENDING_DISCOVERY	0	0	0				0	0	0
CHEBI:7753	oligomycin D	LVWVMRBMGDJZLM-BONFEJLISA-N	data/antibiotics/antifungal/oligomycin-d.yaml	57f7c68816632f7f3108fc0ece44500390bb1958c88b909e3eafbddec0f3c084	PENDING_DISCOVERY	0	0	0				0	0	0
CHEBI:81832	orysastrobin	JHIPUJPTQJYEQK-ZLHHXESBSA-N	data/antibiotics/antifungal/orysastrobin.yaml	21fdc6dc56ebbbd7d719ff4de092d150e0be5bc0a413a8d858edafb3291fc65a	PENDING_DISCOVERY	0	0	0				0	0	0
CHEBI:81485	osthenol	RAKJVIPCCGXHHS-UHFFFAOYSA-N	data/antibiotics/antifungal/osthenol.yaml	89d4b6c1f380638ca2ba3164cf123217ded00af36b58de50aafd3f815cf56fa2	PENDING_DISCOVERY	0	0	0				0	0	0
CHEBI:131196	OSU-03012	YULUCECVQOCQFQ-UHFFFAOYSA-N	data/antibiotics/antifungal/osu-03012.yaml	dd22ac276e37bb44872980493d790e10de5fb57f53af7eb8b4b1372407e39e04	PENDING_DISCOVERY	0	0	0				0	0	0
CHEBI:81937	oxadixyl	UWVQIROCRJWDKL-UHFFFAOYSA-N	data/antibiotics/antifungal/oxadixyl.yaml	e1d0c5e7f49e1fca21b460bff7fbb3427ab6908c13c0c970c806f9b683cb641e	PENDING_DISCOVERY	0	0	0				0	0	0
CHEBI:7826	oxiconazole nitrate	WVNOAGNOIPTWPT-NDUABGMUSA-N	data/antibiotics/antifungal/oxiconazole-nitrate.yaml	4eea7485e9b70d72cefbd3e42e3dc816324b8988b7026c9150096c3ba6f461f3	PENDING_DISCOVERY	0	0	0				0	0	0
CHEBI:7825	oxiconazole	QRJJEGAJXVEBNE-HKOYGPOVSA-N	data/antibiotics/antifungal/oxiconazole.yaml	c77f2719a432f78c653ae7e8543a5090c7bc6b205a0df55d470ae2beaad1336a	PENDING_DISCOVERY	0	0	0				0	0	0
antibioticmech:aro-1224dc3554	oxpoconazole	FJBGIXKIXPUXBY-UHFFFAOYSA-N	data/antibiotics/antifungal/oxpoconazole.yaml	5b97baa954f25ba2dee1ff0fffbf55209c898bf84ecce5be51eb879c5bb85ea1	PENDING_PRIMARY_REVIEW	1	0	0				0	0	0
CHEBI:7858	oxycarboxin	AMEKQAFGQBKLKX-UHFFFAOYSA-N	data/antibiotics/antifungal/oxycarboxin.yaml	6d287521fab2f14554f5dfcadb5e3b694956bb4576c43da0115b5fdd8387b4f2	PENDING_DISCOVERY	0	0	0				0	0	0
CHEBI:17847	p-cresol	IWDCLRJOBJJRNH-UHFFFAOYSA-N	data/antibiotics/antifungal/p-cresol.yaml	a6ecafda9ad93ef948ec13024cbcd493e4de994e644f7013cf544713b2858ea9	PENDING_DISCOVERY	0	0	0				0	0	0
CHEBI:76173	pallidol	YNVJOQCPHWKWSO-ZBVBGGFBSA-N	data/antibiotics/antifungal/pallidol.yaml	79f6b3a4ca55aaa66270981208d69923ef82be65a4cd2fe3447886c8b0984353	PENDING_DISCOVERY	0	0	0				0	0	0
CHEBI:141334	palmariol B	WMOJBLDBGQOTOS-UHFFFAOYSA-N	data/antibiotics/antifungal/palmariol-b.yaml	acd164d81a01f055c5212f1f67b08061e58fd375294ad34c6e97d077d6659af2	PENDING_DISCOVERY	0	0	0				0	0	0
CHEBI:72611	papulacandin A	DPVWBQZOSHCQTG-NVTMJBNDSA-N	data/antibiotics/antifungal/papulacandin-a.yaml	1d1e5a92498149d47a42527f1169594338423932e1c2738cb634c725febbb667	PENDING_DISCOVERY	0	0	0				0	0	0
CHEBI:569624	papulacandin B	UJLFRJFJTPPIOK-RZGJRGQUSA-N	data/antibiotics/antifungal/papulacandin-b.yaml	7c22a84a3ed7d336a105781830aabb303401e145387906577d3f3927d572bd7f	PENDING_PRIMARY_REVIEW	2	0	0			PMID:7592316	0	0	0
CHEBI:72622	papulacandin C	UJLFRJFJTPPIOK-JPWNLYTBSA-N	data/antibiotics/antifungal/papulacandin-c.yaml	16043ddd4a46d617c957ea51362dccb5e10fbb5ecf13fccbeca356057bec1ffb	PENDING_DISCOVERY	0	0	0				0	0	0
CHEBI:72630	papulacandin D	XKSZJTQIZHUMGA-HPZFVNCBSA-N	data/antibiotics/antifungal/papulacandin-d.yaml	c0ea8cbc905dd2afd18ad143f9eb7c95a17cc87a23d1d6718ee0ccf531711b6b	PENDING_PRIMARY_REVIEW	1	0	0			PMID:7592316	0	0	0
CHEBI:38746	parathion-methyl	RLBIQVVOMOPOHC-UHFFFAOYSA-N	data/antibiotics/antifungal/parathion-methyl.yaml	b89c4135d77fa685cf3c6226716243cd8d4cbab7083d36a3c2d430bc20409d6c	PENDING_DISCOVERY	0	0	0				0	0	0
CHEBI:7957	pencycuron	OGYFATSSENRIKG-UHFFFAOYSA-N	data/antibiotics/antifungal/pencycuron.yaml	d71d66e422dce95aa30911a1cefabd2dd72bdbbcf8d6490ac12418b6e9923091	PENDING_DISCOVERY	0	0	0				0	0	0
CHEBI:34908	pentachloronitrobenzene	LKPLKUMXSAEKID-UHFFFAOYSA-N	data/antibiotics/antifungal/pentachloronitrobenzene.yaml	e11bd84a24340bf18b8776c12b8527e252c4eead5d18655961539e519d2d9662	PENDING_DISCOVERY	0	0	0				0	0	0
CHEBI:17642	pentachlorophenol	IZUPBVBPLAPZRR-UHFFFAOYSA-N	data/antibiotics/antifungal/pentachlorophenol.yaml	384f224fb7a48522afcbc345ffabe8fb678ca953405c97a68430fb6a880fa35f	PENDING_DISCOVERY	0	0	0				0	0	0
CHEBI:45081	pentamidine	XDRYMKDFEDOLFX-UHFFFAOYSA-N	data/antibiotics/antifungal/pentamidine.yaml	0ccb81c9dd8962d3fcd12a8f70b18a5ff77cfd74da24763d8c6acc77e4b1c712	PENDING_DISCOVERY	0	0	0				0	0	0
CHEBI:66740	PF 1163A	SDBGPLZSWIQIOV-VQPAQMSKSA-N	data/antibiotics/antifungal/pf-1163a.yaml	492251a3aa21e4803ba5067cb75cd5e7f2417f110d86cf4d575bc26e77983fcc	PENDING_DISCOVERY	0	0	0				0	0	0
CHEBI:66741	PF 1163B	PCRJJAXIHTZHNU-SDUSCBPUSA-N	data/antibiotics/antifungal/pf-1163b.yaml	c4f171e14f848418b4fb470397c73e24ca55ffb84c256dd5cf15a4f70a737787	PENDING_DISCOVERY	0	0	0				0	0	0
antibioticmech:aro-2c567f176b	phenamacril	YKRQBWKLHCEKQH-UHFFFAOYSA-N	data/antibiotics/antifungal/phenamacril.yaml	23d51a091198b92f03c3cd89d9bf2441117c8c64aac7fe33a90c33ca92439e04	PENDING_PRIMARY_REVIEW	6	0	0				0	0	0
CHEBI:62412	phenazine-1-carboxylic acid	JGCSKOVQDXEQHI-UHFFFAOYSA-N	data/antibiotics/antifungal/phenazine-1-carboxylic-acid.yaml	783c9db382334f9e09fd74634fc7705bb6b87f6f8f40bd8e21b801dbadf27537	PENDING_DISCOVERY	0	0	0				0	0	0
CHEBI:44976	phosphonic acid	ABLZXFCXXLZCGV-UHFFFAOYSA-N	data/antibiotics/antifungal/phosphonic-acid.yaml	85c42fdfcacb38ddc4dc5fefedc3b56b3a3f53985aa05fdabcc5ee7ccb0b9cbc	PENDING_DISCOVERY	0	0	0				0	0	0
CHEBI:72664	(+)-phytocassane A	XVEOIKIXOSKAFL-BJASISCMSA-N	data/antibiotics/antifungal/phytocassane-a.yaml	559e4c21dfcfdf1464029269b5c01f869c43cfe9b5db6911eefc642cbd7fc4ab	PENDING_DISCOVERY	0	0	0				0	0	0
CHEBI:72666	(+)-phytocassane B	XFRCVLKGZMPUFQ-SUIMNPQMSA-N	data/antibiotics/antifungal/phytocassane-b.yaml	505958d02f54fc9934db8e9b96d912156cd63b86601ab8fdea4f6da267f5b485	PENDING_DISCOVERY	0	0	0				0	0	0
CHEBI:72668	(+)-phytocassane C	YQESGDRIAQDEQE-ONNBHGNJSA-N	data/antibiotics/antifungal/phytocassane-c.yaml	6f6ca01d6811789613a68e805d636e5a945992151cd20c06334ef199d7b3658c	PENDING_DISCOVERY	0	0	0				0	0	0
CHEBI:72669	(+)-phytocassane D	DGUIKAVSMBLZCL-MKSLXUROSA-N	data/antibiotics/antifungal/phytocassane-d.yaml	7050f5f1c1523d9dd463b01fffb3d24711d0c4344074ca8ac1089824365d2ae1	PENDING_DISCOVERY	0	0	0				0	0	0
CHEBI:72675	(+)-phytocassane E	MMRGGLJWHXYKLZ-NEYRYYQWSA-N	data/antibiotics/antifungal/phytocassane-e.yaml	e44131034245e6ebef84cddbad05ea18b6a0962b88aa8e2a0d8e7ca3d5d4a6e3	PENDING_DISCOVERY	0	0	0				0	0	0
CHEBI:85627	picarbutrazox	URHWNXDZOULUHC-ULJHMMPZSA-N	data/antibiotics/antifungal/picarbutrazox.yaml	39016ed3c4980a7255d9a7b02d2fa7e4c01a7b7ae6c91ea49f59367ee77ea8ab	PENDING_DISCOVERY	0	0	0				0	0	0
CHEBI:83197	picoxystrobin	IBSNKSODLGJUMQ-SDNWHVSQSA-N	data/antibiotics/antifungal/picoxystrobin.yaml	fd0f82bd0341aa81cfa5e8a71c430e77c26e99174cb7111509bd168517c09780	PENDING_DISCOVERY	0	0	0				0	0	0
CHEBI:80484	pinocembrin chalcone	LOYXTWZXLWHMBX-VOTSOKGWSA-N	data/antibiotics/antifungal/pinocembrin-chalcone.yaml	2027c7474b20a288bf7a6e526bf4fa421f32904f5ac0746c271828cd10ab0f45	PENDING_DISCOVERY	0	0	0				0	0	0
CHEBI:107644	piperonylic acid	VDVJGIYXDVPQLP-UHFFFAOYSA-N	data/antibiotics/antifungal/piperonylic-acid.yaml	31bcee4f8c294e667259ddac7f72cffdebdb500f29fb305b691c76c66221dab5	PENDING_DISCOVERY	0	0	0				0	0	0
CHEBI:9691	piperyline	GQIJYUMTOUBHSH-IJIVKGSJSA-N	data/antibiotics/antifungal/piperyline.yaml	1d3a9d3ce12f22c9b9eee5e4ac5b72c78183594b2ba9e4f87dd043241c5f70af	PENDING_DISCOVERY	0	0	0				0	0	0
CHEBI:59008	piroctone olamine	GHPFVSRTGHIHCD-UHFFFAOYSA-O	data/antibiotics/antifungal/piroctone-olamine.yaml	7a250df0aff30c60c03c8ae7b8adec6bf1705cd9eadeccf285e9509f5170a9f0	PENDING_DISCOVERY	0	0	0				0	0	0
CHEBI:59009	piroctone	OIQJEQLSYJSNDS-UHFFFAOYSA-N	data/antibiotics/antifungal/piroctone.yaml	4f080cbabda6fee5a001099fb904678639d6c3e7b4dc8e3d3ec9a994a19ca7b2	PENDING_DISCOVERY	0	0	0				0	0	0
CHEBI:78769	plakortide F free acid	KCBAKIPOBYUWOG-QIKPMYDRSA-N	data/antibiotics/antifungal/plakortide-f-free-acid.yaml	ace3bb1fa7fc5b305551dece6f9e4113d8455dd39b23933ae0bad8a1bea95d85	PENDING_DISCOVERY	0	0	0				0	0	0
CHEBI:131609	pneumocandin B0	DQXPFAADCTZLNL-FXDJFZINSA-N	data/antibiotics/antifungal/pneumocandin-b0.yaml	473465708fe02c9b8d48c19ed2d676c02b8a9fcab3221027e25f8c8de9ace0ad	PENDING_DISCOVERY	0	0	0				0	0	0
CHEBI:156511	poacic acid	SLIMCXCSQXYCGL-JENUQAQBSA-N	data/antibiotics/antifungal/poacic-acid.yaml	906acb734bbd002490ae85f86d487defa1c11d9e3934f9786abc955a8501eff5	PENDING_DISCOVERY	0	0	0				0	0	0
CHEBI:78777	polyoxorim	JPFWJDMDPLEUBD-ITJAGOAWSA-N	data/antibiotics/antifungal/polyoxorim.yaml	91959b5109047fde004828e40a21692808851168f57b5f1828aaa7dd7d1f957b	PENDING_DISCOVERY	0	0	0				0	0	0
CHEBI:17909	polysulfur	NVSDADJBGGUCLP-UHFFFAOYSA-N	data/antibiotics/antifungal/polysulfur.yaml	90b0108db104b4d85011ab1a4e7035a333af72a270ee4c4e815bae98ea979ab1	PENDING_DISCOVERY	0	0	0				0	0	0
CHEBI:82672	pomecin A	AKBAHATYKFKXLG-RQOWECAXSA-N	data/antibiotics/antifungal/pomecin-a.yaml	8dff6552e00edefc32bc0a0ea87ce7dbaa26c28254dcbb2cfc13a63246582a1e	PENDING_DISCOVERY	0	0	0				0	0	0
CHEBI:64355	posaconazole	RAGOYPUPXAKGKH-XAKZXMRKSA-N	data/antibiotics/antifungal/posaconazole.yaml	75b7c391c26cbbf7a7167f0968df21b8338b85000a4ad83c9836ca9c3512ff02	PENDING_PRIMARY_REVIEW	28	0	0	UniProtKB:Q4WDM9|UniProtKB:Q4WNT5	NCBITaxon:746128	DOI:10.1128/aac.47.2.577-581.2003|DOI:10.1371/journal.pone.0050034|PMID:12543662|PMID:23226235	0	5	0
CHEBI:81862	potassium hydrogencarbonate	TYJJADVDDVDEDZ-UHFFFAOYSA-M	data/antibiotics/antifungal/potassium-hydrogencarbonate.yaml	730d3b0af0fba3193f8dae9bc0e0e711a1298eaf35373e6b07138e9bf42706da	PENDING_DISCOVERY	0	0	0				0	0	0
CHEBI:8349	pradimicin A	WPICPWIIIBCXCV-NJGWPHBESA-N	data/antibiotics/antifungal/pradimicin-a.yaml	56c56d06aa16c5f1866f2152def92e4853ed615eaff2ab70e35ee55910ed6f5c	PENDING_DISCOVERY	0	0	0				0	0	0
CHEBI:8350	pradimicin B	DHQWPIXFALDZDJ-LPEZYDJLSA-N	data/antibiotics/antifungal/pradimicin-b.yaml	4fdd4ed5629119bce7590c5e6761b8ae29eaa0a097fa15dbd186eb4f8c23d0df	PENDING_DISCOVERY	0	0	0				0	0	0
CHEBI:8351	pradimicin C	IHIIRQILYAXIOH-NUVDETJMSA-N	data/antibiotics/antifungal/pradimicin-c.yaml	1bdd56d1cee9e4dece2d3569ae3405fcc683e87adf27b948fa5e9073529d1bc9	PENDING_DISCOVERY	0	0	0				0	0	0
CHEBI:81778	probenazole	WHHIPMZEDGBUCC-UHFFFAOYSA-N	data/antibiotics/antifungal/probenazole.yaml	a1456315a449f18a43a5c4a88610603e4ad21ab654e263285665c31f0c62f801	PENDING_DISCOVERY	0	0	0				0	0	0
CHEBI:8434	prochloraz	TVLSRXXIMLFWEO-UHFFFAOYSA-N	data/antibiotics/antifungal/prochloraz.yaml	1c317b0e9d1aaeafbe3cfc23f0a88dd98aeafbdeffb38a41327402e87f7ea4d2	PENDING_PRIMARY_REVIEW	7	0	0	UniProtKB:I1RJR2|UniProtKB:L2FQR9	NCBITaxon:5518|NCBITaxon:690256	DOI:10.1002/ps.5964|DOI:10.1016/j.pestbp.2018.08.011|PMID:30497711|PMID:32569396	1	3	0
CHEBI:8450	procymidone	QXJKBPAVAHBARF-BETUJISGSA-N	data/antibiotics/antifungal/procymidone.yaml	3514a39780b37ee0358d7a0bfc9342ceda357150dd48744fc24f35dc2bb9960c	PENDING_DISCOVERY	0	0	0				0	0	0
CHEBI:28905	prop-2-yn-1-ol	TVDSBUOJIPERQY-UHFFFAOYSA-N	data/antibiotics/antifungal/prop-2-yn-1-ol.yaml	7eaea06882610165ea31e9ef729b44a60f74784c171e045a969e947b54b70626	PENDING_DISCOVERY	0	0	0				0	0	0
CHEBI:82033	propamocarb	WZZLDXDUQPOXNW-UHFFFAOYSA-N	data/antibiotics/antifungal/propamocarb.yaml	ae0426aff1bc6c5d000f63daab82042511594164206b47ee80ffd8ca5386aea4	PENDING_DISCOVERY	0	0	0				0	0	0
CHEBI:8489	propiconazole	STJLVHWMYQXCPB-UHFFFAOYSA-N	data/antibiotics/antifungal/propiconazole.yaml	cd8831ee145625a5367f68b379c6fcc9d75d7fa03155d1df017d9d756108d4c2	PENDING_PRIMARY_REVIEW	6	0	0	UniProtKB:L2FD62	NCBITaxon:690256	DOI:10.1002/ps.5964|PMID:32569396	1	1	0
CHEBI:81755	propineb	KKMLIVYBGSAJPM-UHFFFAOYSA-L	data/antibiotics/antifungal/propineb.yaml	2e76c16038ae14eca834e1a6f4745b1b3ba352083563095c67f9da6db18381c1	PENDING_DISCOVERY	0	0	0				0	0	0
CHEBI:30768	propionic acid	XBDQKXXYIPTUBI-UHFFFAOYSA-N	data/antibiotics/antifungal/propionic-acid.yaml	eb664dca72934795f8eeaff0250ec7fb39458c8260953a9078ca374289cb990d	PENDING_DISCOVERY	0	0	0				0	0	0
CHEBI:32063	propylparaben	QELSKZZBTMNZEB-UHFFFAOYSA-N	data/antibiotics/antifungal/propylparaben.yaml	2d267c8aeafbd2fadcfa772ea62a827c8cd924f814e90643ed697d6e5b763f5d	PENDING_DISCOVERY	0	0	0				0	0	0
CHEBI:83555	proquinazid	FLVBXVXXXMLMOX-UHFFFAOYSA-N	data/antibiotics/antifungal/proquinazid.yaml	c93eeaa9109d73d64f6f4ff8e5031f19ebc02b66723a0bb60ffe9c5f1f7cab3a	PENDING_DISCOVERY	0	0	0				0	0	0
CHEBI:82084	prothiocarb	YRRBXJLFCBCKNW-UHFFFAOYSA-N	data/antibiotics/antifungal/prothiocarb.yaml	16a5256b6b403465c1b6c87862fe4fbff8e4eb2ed9f91a3ef2c29f37a4c49bc0	PENDING_DISCOVERY	0	0	0				0	0	0
antibioticmech:aro-a441fc6b50	prothioconazole	MNHVNIJQQRJYDH-UHFFFAOYSA-N	data/antibiotics/antifungal/prothioconazole.yaml	3b9cc481f83e005316e132e8b5c778eb7d61541a36efb3b303028cabb57b7634	PENDING_PRIMARY_REVIEW	2	0	0				0	0	0
CHEBI:73086	protobassic acid	IDQVFXZQPGAVAM-YPRSBIJBSA-N	data/antibiotics/antifungal/protobassic-acid.yaml	3c187b76f3658229df74c083b54ab217162ee08e756136aa168d4bb69a13c0cb	PENDING_DISCOVERY	0	0	0				0	0	0
CHEBI:78780	pyraclostrobin	HZRSNVGNWUDEFX-UHFFFAOYSA-N	data/antibiotics/antifungal/pyraclostrobin.yaml	9ef00a401f2ca54eb0b6457eb1e0a9994ec6776e1dac2a56cddace18cd8de1e0	PENDING_PRIMARY_REVIEW	3	0	0				0	0	0
CHEBI:83212	pyrametostrobin	DWTVBEZBWMDXIY-UHFFFAOYSA-N	data/antibiotics/antifungal/pyrametostrobin.yaml	8bf12320578eab34ca42de796def47c19ded9fef44a3199a406d2012cb170fdf	PENDING_DISCOVERY	0	0	0				0	0	0
CHEBI:83202	pyraoxystrobin	URXNNPCNKVAQRA-XMHGGMMESA-N	data/antibiotics/antifungal/pyraoxystrobin.yaml	edb599f58fec68f618fb4eaa4e1f7eb3a69c97463b38ded4c2e2abf1482c088c	PENDING_DISCOVERY	0	0	0				0	0	0
CHEBI:131601	pyraziflumid	KKEJMLAPZVXPOF-UHFFFAOYSA-N	data/antibiotics/antifungal/pyraziflumid.yaml	b14fa87daef1038bb0f8312738b0afb39aaaa5d7a4efb5cd732c196ad826f46e	PENDING_DISCOVERY	0	0	0				0	0	0
CHEBI:81942	pyrazophos	JOOMJVFZQRQWKR-UHFFFAOYSA-N	data/antibiotics/antifungal/pyrazophos.yaml	06edb50afaac818ecc87be8b96c991849cefccb60cb981163a5e95d5fb115858	PENDING_DISCOVERY	0	0	0				0	0	0
CHEBI:83261	pyribencarb	CRFYLQMIDWBKRT-LPYMAVHISA-N	data/antibiotics/antifungal/pyribencarb.yaml	d7cecdeb142ebe5f717bc2f271c21462e5bbccf24aba7a883e3176e3a5a99448	PENDING_DISCOVERY	0	0	0				0	0	0
CHEBI:81736	pyributicarb	VTRWMTJQBQJKQH-UHFFFAOYSA-N	data/antibiotics/antifungal/pyributicarb.yaml	c374cc7a55b5ba39e78776d895131af54a6fb32b67082a54c3f59c52b7f6282e	PENDING_DISCOVERY	0	0	0				0	0	0
CHEBI:81972	pyrifenox	CKPCAYZTYMHQEX-UHFFFAOYSA-N	data/antibiotics/antifungal/pyrifenox.yaml	f834e3ba8de6082e6bd1bba8027240239ad17c9d39461a1c4f509254d870482f	PENDING_PRIMARY_REVIEW	2	0	0	UniProtKB:Q9P340	NCBITaxon:36651	DOI:10.1128/aem.66.8.3421-3426.2000|PMID:10919801	0	0	0
CHEBI:8674	pyrimethanil	ZLIBICFPKPWGIZ-UHFFFAOYSA-N	data/antibiotics/antifungal/pyrimethanil.yaml	26223beb268147e85546877439037dff166a14177f108019a97345506227165e	PENDING_DISCOVERY	0	0	0				0	0	0
CHEBI:83663	pyrimorph	BAUQXSYUDSNRHL-UHFFFAOYSA-N	data/antibiotics/antifungal/pyrimorph.yaml	62d7496093d2b8b5b0320a9d64f9616a3ef984fd3600b15e383d9883ebe28ed1	PENDING_DISCOVERY	0	0	0				0	0	0
CHEBI:83346	pyriofenone	NMVCBWZLCXANER-UHFFFAOYSA-N	data/antibiotics/antifungal/pyriofenone.yaml	304aa94a8957d415c78155a7529b273e7028d4c6fb559915ce516e5fa37d88df	PENDING_DISCOVERY	0	0	0				0	0	0
CHEBI:83823	pyrisoxazole	DHTJFQWHCVTNRY-OEMAIJDKSA-N	data/antibiotics/antifungal/pyrisoxazole.yaml	0e2ee936a93d7638a1c3cf49f9335f99874692fa8d0b95c8860c975f80a41e1a	PENDING_PRIMARY_REVIEW	3	0	0			PMID:32714305	0	0	0
CHEBI:45141	pyroquilon	XRJLAOUDSILTFT-UHFFFAOYSA-N	data/antibiotics/antifungal/pyroquilon.yaml	bd7e25f9d113c12ccb4d1bc736c84286942914dc6cad2f8c56668512f5180944	PENDING_DISCOVERY	0	0	0				0	0	0
CHEBI:32079	pyrrolnitrin	QJBZDBLBQWFTPZ-UHFFFAOYSA-N	data/antibiotics/antifungal/pyrrolnitrin.yaml	459d39076266bfef05a9b514ea56676b218c8d0cd6c26307ef83435236364c17	PENDING_DISCOVERY	0	0	0				0	0	0
CHEBI:233600	quinaminoprole	XZMCIUKVFDRUPM-UHFFFAOYSA-N	data/antibiotics/antifungal/quinaminoprole.yaml	3ca0bfcd97815cde495d5c22e120771174ed4b6d75230a7a5215d4e1a0d4d2df	PENDING_DISCOVERY	0	0	0				0	0	0
CHEBI:82040	quinoxyfen	WRPIRSINYZBGPK-UHFFFAOYSA-N	data/antibiotics/antifungal/quinoxyfen.yaml	9f8aa489be17b7ea1dd6a3377900830eb8149508394762ff5409c7a690e34e2f	PENDING_DISCOVERY	0	0	0				0	0	0
CHEBI:141345	(R)-3-hydroxybutanenitrile	BYJAJQGCMSBKPB-SCSAIBSYSA-N	data/antibiotics/antifungal/r-3-hydroxybutanenitrile.yaml	85f55f99ade17fdcd7d9a16d639639fe1edffca9f6a60c49d28242e66b207d65	PENDING_DISCOVERY	0	0	0				0	0	0
CHEBI:59287	(R)-butaconazole	SWLMUYACZKCSHZ-MRXNPFEDSA-N	data/antibiotics/antifungal/r-butaconazole.yaml	4b6c16ecf167af8b251121609773193ad4e98b9fa1d6ec452c4748d2535d62f1	PENDING_DISCOVERY	0	0	0				0	0	0
CHEBI:59289	(R)-butoconazole nitrate	ZHPWRQIPPNZNML-PKLMIRHRSA-N	data/antibiotics/antifungal/r-butoconazole-nitrate.yaml	1d880cf57b4360d5fb63ae55a9f293e360db2f28f0d2e76c400be5a566921461	PENDING_DISCOVERY	0	0	0				0	0	0
CHEBI:299	(R)-(+)-citronellal	NEHNMFOYXAPHSD-SNVBAGLBSA-N	data/antibiotics/antifungal/r-citronellal.yaml	8d3dbc54c13ee0a3489a3e38c2d8fbcbe22bb5ce9558f7d67c0386140ebda1aa	PENDING_DISCOVERY	0	0	0				0	0	0
CHEBI:145868	(R)-fluoxapiprolin	ZEXXEODAXHSRDJ-HXUWFJFHSA-N	data/antibiotics/antifungal/r-fluoxapiprolin.yaml	ee3be0f107e2f5b28044ffbdaade79cb8dcb0217c6fefd69d968ed3a555bee74	PENDING_DISCOVERY	0	0	0				0	0	0
CHEBI:556075	radicicol	WYZWZEOGROVVHK-GTMNPGAYSA-N	data/antibiotics/antifungal/radicicol.yaml	d5838a617a62b6963863d2281aa38f9089da02f1c379181f85954710fb02b2ff	PENDING_DISCOVERY	0	0	0				0	0	0
CHEBI:143825	ravuconazole	OPAHEYNNJWPQPX-RCDICMHDSA-N	data/antibiotics/antifungal/ravuconazole.yaml	a8d8760cecf9ed3900898ac3e85e42e8a77bed90c9de9aeca04e0f8021d6e15b	PENDING_PRIMARY_REVIEW	2	0	0				0	0	0
CHEBI:219363	reedsmycin A	XVBIZWCWDZDOMC-VNYSJGGHSA-N	data/antibiotics/antifungal/reedsmycin-a.yaml	38f9f8415be3dcb060f1192e70af9000b6411b3b883aba45ccd2154b467fd8c5	PENDING_DISCOVERY	0	0	0				0	0	0
CHEBI:219367	reedsmycin B	XVBIZWCWDZDOMC-UEPNLKFNSA-N	data/antibiotics/antifungal/reedsmycin-b.yaml	08b70ae4670f917484d80bb01fd7dc96c849fa2d7076b10b512ece74e15b0820	PENDING_DISCOVERY	0	0	0				0	0	0
CHEBI:219375	reedsmycin C	XVBIZWCWDZDOMC-DTNXCNQSSA-N	data/antibiotics/antifungal/reedsmycin-c.yaml	31da9a11eeaf770af39bea0f93672b6a55806165fcc61f15401c6d471748be44	PENDING_DISCOVERY	0	0	0				0	0	0
CHEBI:219380	reedsmycin D	XVBIZWCWDZDOMC-KHGBDAPZSA-N	data/antibiotics/antifungal/reedsmycin-d.yaml	0e0c99bb41897b97fa0351e46bb1244d9e7b1921dab3b5230e57b9da7b8173e9	PENDING_DISCOVERY	0	0	0				0	0	0
CHEBI:219386	reedsmycin E	XVBIZWCWDZDOMC-ZIDJWUOVSA-N	data/antibiotics/antifungal/reedsmycin-e.yaml	db8dc9c600c3e38157bd8c3763b036259a8e18399c50be30a8a4d4fef6592bd2	PENDING_DISCOVERY	0	0	0				0	0	0
CHEBI:230470	rezafungin acetate	MXMWJAPNUIKPGF-YOFVRWEXSA-N	data/antibiotics/antifungal/rezafungin-acetate.yaml	50fc556c5e29e0ef7480b33899d6390c941ebcb5f98d1545c1a0396d63a4cc15	PENDING_DISCOVERY	0	0	0				0	0	0
CHEBI:229680	rezafungin	LNFCWEXGZIEGJW-TXSVMFMRSA-O	data/antibiotics/antifungal/rezafungin.yaml	003e8bd8d524a7d938f0d2f4c24d22107067896c33ecf5a58a654b00a5f8e1cb	PENDING_DISCOVERY	0	0	0				0	0	0
CHEBI:141316	rhizopycnolide A	DXDVGVFRBGQXNB-WPZAJUNFSA-N	data/antibiotics/antifungal/rhizopycnolide-a.yaml	c6cc090f6379beb9cf15492f77812c967bb3acc70ee800ffdcd26f1b30f86d7a	PENDING_DISCOVERY	0	0	0				0	0	0
CHEBI:68699	(−)-rotiorin	CJMOMVNHRUTOJX-SEAFAFSMSA-N	data/antibiotics/antifungal/rotiorin.yaml	20f6545fff2c0486aad919c2105ad7c39887cded8620d5cda271813c157fe86b	PENDING_DISCOVERY	0	0	0				0	0	0
CHEBI:68785	rotiorinol A	QXVIQXFZWZQGMX-CBNFSBMOSA-N	data/antibiotics/antifungal/rotiorinol-a.yaml	c6a411ce8b0acaae4b0f7bac1154fb85c92107452fee234870264d0f485a96e2	PENDING_DISCOVERY	0	0	0				0	0	0
CHEBI:68786	rotiorinol C	KRCVYHUEUHHWKT-XOEIKTSYSA-N	data/antibiotics/antifungal/rotiorinol-c.yaml	08aa478dfdf3787dc2878e9fd61c30cc043731a045cf42a31a87c69713bfc46e	PENDING_DISCOVERY	0	0	0				0	0	0
CHEBI:68787	rubrorotiorin	QJSWSNAZIVGTFZ-NPQXMUAYSA-N	data/antibiotics/antifungal/rubrorotiorin.yaml	d03f2cd36dd921c9513439a4496230e2ae004938ec988885935619a8d391bc43	PENDING_DISCOVERY	0	0	0				0	0	0
CHEBI:59290	(S)-butoconazole nitrate	ZHPWRQIPPNZNML-NTISSMGPSA-N	data/antibiotics/antifungal/s-butoconazole-nitrate.yaml	e2df63fea2a2460f98b6b3bf208be60cd96d6852a789e0313a343fe9dae2048a	PENDING_DISCOVERY	0	0	0				0	0	0
CHEBI:59288	(S)-butoconazole	SWLMUYACZKCSHZ-INIZCTEOSA-N	data/antibiotics/antifungal/s-butoconazole.yaml	24da2bf9bbbc863d0880646d51fe0fdc35ee760c6cbca5bc9ce8951346c71fa6	PENDING_DISCOVERY	0	0	0				0	0	0
CHEBI:368	(S)-(−)-citronellal	NEHNMFOYXAPHSD-JTQLQIEISA-N	data/antibiotics/antifungal/s-citronellal.yaml	76fb85c528d9d4e4df4f1962515c2a8100cdfbffd831d5ccbcdf23e6923ad6b2	PENDING_DISCOVERY	0	0	0				0	0	0
CHEBI:106738	(S)-famoxadone	PCCSBWNGDMYFCW-QFIPXVFZSA-N	data/antibiotics/antifungal/s-famoxadone.yaml	0d6073490dee814b6f5490a00e6b4eb301e3297352a3669f1c95ae18933f9fe7	PENDING_DISCOVERY	0	0	0				0	0	0
CHEBI:145869	(S)-fluoxapiprolin	ZEXXEODAXHSRDJ-FQEVSTJZSA-N	data/antibiotics/antifungal/s-fluoxapiprolin.yaml	264e1f9cc6da942633d72c391d125aade5ffacf3ae1c1f668e8f8cb3f5317114	PENDING_DISCOVERY	0	0	0				0	0	0
CHEBI:239133	salicylanilide	WKEDVNSFRWHDNR-UHFFFAOYSA-N	data/antibiotics/antifungal/salicylanilide.yaml	2a3fdc9faa9390b932d3586326d91f7d08b8d6ab9cf21412534dc2d052d516ff	PENDING_DISCOVERY	0	0	0				0	0	0
CHEBI:16914	salicylic acid	YGSDEFSMJLZEOE-UHFFFAOYSA-N	data/antibiotics/antifungal/salicylic-acid.yaml	312a71aff1b43dddb957fe7bb2d06ef0b0c816fa4f92ac61e1db12bfaac3764a	PENDING_DISCOVERY	0	0	0				0	0	0
CHEBI:66157	salzmannianoside A	SKHHYJVYSRMYHD-YDIXZRNLSA-N	data/antibiotics/antifungal/salzmannianoside-a.yaml	2a6a0652efb477ee5b66bfca8d7585a754d7d333a4edaf6904e5ca903e05f271	PENDING_DISCOVERY	0	0	0				0	0	0
CHEBI:66158	salzmannianoside B	YEIXSARWQBTGKU-IQEICKHKSA-N	data/antibiotics/antifungal/salzmannianoside-b.yaml	a3ba32de4aa1fb23f70dc21c5923191e7172c5bc81c9f92b6fb50024e4af3e70	PENDING_DISCOVERY	0	0	0				0	0	0
CHEBI:67606	sampangine	BWQKHOMAOVUASZ-UHFFFAOYSA-N	data/antibiotics/antifungal/sampangine.yaml	843cf2c01380c7976925e02425b425b1ed9dbf477ab2411cd507335c77f3c92c	PENDING_DISCOVERY	0	0	0				0	0	0
CHEBI:17183	sanguinarine	INVGWHRKADIJHF-UHFFFAOYSA-N	data/antibiotics/antifungal/sanguinarine.yaml	6babb2ffd7b859d705a2b55f85adac8d63917e0e9a82b59ea150c1489dad61ce	PENDING_DISCOVERY	0	0	0				0	0	0
CHEBI:193157	sceliphrolactam	HRAPIHJIKATMEB-GWVUBWKVSA-N	data/antibiotics/antifungal/sceliphrolactam.yaml	fbb8ccd8e027caac1bc587f0713bb2720c98741f1b4d37d2d0138e4831f0eb04	PENDING_DISCOVERY	0	0	0				0	0	0
CHEBI:68748	sch 210971	AVZATKWNGXCSDN-UPZXKQCMSA-N	data/antibiotics/antifungal/sch-210971.yaml	b362824d442f70bfd0445d33ea9c75372445b3ed0403b97109f35f3893c0a9f3	PENDING_DISCOVERY	0	0	0				0	0	0
CHEBI:66180	sch 54445	LGOPVBMUGSRUOT-NLGWJYKOSA-N	data/antibiotics/antifungal/sch-54445.yaml	8ff70d064118aeb162eb7e78055211eca46b747804c82e3985c11e919b72f227	PENDING_DISCOVERY	0	0	0				0	0	0
CHEBI:66179	sch 725432	RCNNSAWFPVOGAA-QCDYRJBNSA-N	data/antibiotics/antifungal/sch-725432.yaml	ee5d1cf5bdf8d3761b01e8f726c4a749a92efc956cda2d4aefe837c1f8dbc031	PENDING_DISCOVERY	0	0	0				0	0	0
CHEBI:9053	sclareol	XVULBTBTFGYVRC-HHUCQEJWSA-N	data/antibiotics/antifungal/sclareol.yaml	dec8b25c803da17b7d18b6229d0eb23a79bf65938290d95b5f1e632e1d8f34f4	PENDING_DISCOVERY	0	0	0				0	0	0
CHEBI:141365	sclerodol B	KMUGSJNEBPVLKO-PWUQRKGSSA-N	data/antibiotics/antifungal/sclerodol-b.yaml	aac3716c49ecc17f109dfcec707680e70d10ba8ded51589caf26f26773c74d79	PENDING_DISCOVERY	0	0	0				0	0	0
CHEBI:74526	sec-butylamine	BHRZNVHARXXAHW-UHFFFAOYSA-N	data/antibiotics/antifungal/sec-butylamine.yaml	9df3aadcc435004533f5d0df35e717f64265aba04d9be1bfd38509750c1b5f10	PENDING_DISCOVERY	0	0	0				0	0	0
CHEBI:66460	selinone	GYSDUVRPSWKYDJ-SFHVURJKSA-N	data/antibiotics/antifungal/selinone.yaml	272c7bb3753dbeb77e7a27293b918e4bea9213e9e52ca3e55f1f049758ec7f59	PENDING_DISCOVERY	0	0	0				0	0	0
CHEBI:83393	silthiofam	MXMXHPPIGKYTAR-UHFFFAOYSA-N	data/antibiotics/antifungal/silthiofam.yaml	49172ae054d382b36eb77975f053a9bd0c3c3a129b21f3ff5021a553d5e46004	PENDING_DISCOVERY	0	0	0				0	0	0
CHEBI:45453	sinefungin	LMXOHSDXUQEUSF-YECHIGJVSA-N	data/antibiotics/antifungal/sinefungin.yaml	09998401b1ff09a558b42971bb901e26a228fd77e362814f8b37f84174245a34	PENDING_DISCOVERY	0	0	0				0	0	0
CHEBI:132106	sodium propionate	JXKPEJDQGNYQSM-UHFFFAOYSA-M	data/antibiotics/antifungal/sodium-propionate.yaml	637084d621380320c9e595b1221d791ee678af5ab08c11c82088bda40079f4d9	PENDING_DISCOVERY	0	0	0				0	0	0
CHEBI:32150	sodium thiosulfate pentahydrate	PODWXQQNRWNDGD-UHFFFAOYSA-L	data/antibiotics/antifungal/sodium-thiosulfate-pentahydrate.yaml	6cff304a1cc3f9a2163d5eceba9bfdd54316e366a9655bbdc087cbed3d93040f	PENDING_DISCOVERY	0	0	0				0	0	0
CHEBI:132112	sodium thiosulfate	AKHNMLFCWUSKQB-UHFFFAOYSA-L	data/antibiotics/antifungal/sodium-thiosulfate.yaml	4e6790dcd784a67c22d4a798de0666ceced0d354635b18beea32b38e0696a03a	PENDING_DISCOVERY	0	0	0				0	0	0
CHEBI:145043	solasodine(1+)	KWVISVAMQJWJSZ-VKROHFNGSA-O	data/antibiotics/antifungal/solasodine-1.yaml	7f882a0d965600e8e781a79953ba055a6d49b8a342a24a47cf4848f2ab03c700	PENDING_DISCOVERY	0	0	0				0	0	0
CHEBI:229720	solasodine 3-β-D-glucoside	XMLLJGHZPHTUKK-GAMIEDRGSA-N	data/antibiotics/antifungal/solasodine-3-β-d-glucoside.yaml	2ae457a59d04ffd0917c6b3c13abc229a07df0059c7d61b97a9b44ef3f0bfd6d	PENDING_DISCOVERY	0	0	0				0	0	0
CHEBI:9190	solasodine	KWVISVAMQJWJSZ-VKROHFNGSA-N	data/antibiotics/antifungal/solasodine.yaml	aca345da88f383a2cfa3fa955c9074a97ed78e5878625326d8c21cd9287ce420	PENDING_DISCOVERY	0	0	0				0	0	0
CHEBI:140259	sordaricin	QIMCUSGGYZHVEF-VULLPXFTSA-N	data/antibiotics/antifungal/sordaricin.yaml	d0ea727666c04b1198f8d9cb5bbbb0986af6a2ee4d668939044338bd265f041c	PENDING_DISCOVERY	0	0	0				0	0	0
CHEBI:52549	sordarin	OGGVRVMISBQNMQ-YPBSLCSMSA-N	data/antibiotics/antifungal/sordarin.yaml	f93e6e2ad964a36c83da7ebcefe1344f04252b7999a6fa4f92d763d3a59f85b7	PENDING_DISCOVERY	0	0	0				0	0	0
CHEBI:9242	spiroxamine	PUYXTUJWRLOUCW-UHFFFAOYSA-N	data/antibiotics/antifungal/spiroxamine.yaml	70857d5f831e05736e889ba761fb48ee3f0501dc268ba6568b8199e80ea7c964	PENDING_DISCOVERY	0	0	0				0	0	0
CHEBI:141338	sporothriolide	AENZSPQGLJVLND-VWYCJHECSA-N	data/antibiotics/antifungal/sporothriolide.yaml	d51136a5b3f0a99867a9429fe0d10f9b3fffa5d924291b35f25c2fa92eff9b57	PENDING_DISCOVERY	0	0	0				0	0	0
CHEBI:141330	stemphyperylenol	MCWOXLPZYFOWRX-YXAMBPQSSA-N	data/antibiotics/antifungal/stemphyperylenol.yaml	e95bce8e4899ec7060cf1e20096987ff119428092bfb2fed96e98e54779e4b6a	PENDING_DISCOVERY	0	0	0				0	0	0
CHEBI:52551	stichloroside C1	OHVCWYKNFLTBKL-KEHXOTTASA-N	data/antibiotics/antifungal/stichloroside-c1.yaml	1c39398862f4f618a5f201c596d2cf2d0d4600eff27de7b2dede138e32447c8f	PENDING_DISCOVERY	0	0	0				0	0	0
CHEBI:66525	streptoverticillin	BSCARUQHRDHPML-SNVBAGLBSA-N	data/antibiotics/antifungal/streptoverticillin.yaml	f09f3db33af4ce0c5d4296fb0aa31437ea2e13f0ebc0ab6f84ff8f5eba79bde7	PENDING_DISCOVERY	0	0	0				0	0	0
CHEBI:83924	strobilurin B	ZDIQYKMDNQULMX-PJUQCDRASA-N	data/antibiotics/antifungal/strobilurin-b.yaml	eadaec79d0105e06455cb1e317f40c4d414522d0e23e765ccab00135c94e515c	PENDING_DISCOVERY	0	0	0				0	0	0
CHEBI:77762	syringomycin E	ZQVJBRJGDVZANE-MTGUCJNSSA-N	data/antibiotics/antifungal/syringomycin-e.yaml	1731a6718d89e95494d9d8b1c9c621ef538e9a4fd1993f6b952f11d7d0cd96bc	PENDING_DISCOVERY	0	0	0				0	0	0
CHEBI:66186	talosin A	YRHHFFMCCMEVTR-GBXJYZSASA-N	data/antibiotics/antifungal/talosin-a.yaml	0841cd18d76445cf62c76d54a1d58a92a684615195915793d73e1d2815ca460b	PENDING_DISCOVERY	0	0	0				0	0	0
CHEBI:66187	talosin B	GJBRADPPUCQNGC-YYMHJPMMSA-N	data/antibiotics/antifungal/talosin-b.yaml	ce0defa3e95f0267ea8fdc465869c5ac683793f5bbe3542e7c941897a19f3e97	PENDING_DISCOVERY	0	0	0				0	0	0
CHEBI:77942	tavaborole	LFQDNHWZDQTITF-UHFFFAOYSA-N	data/antibiotics/antifungal/tavaborole.yaml	9170d8fc4b59c636d7c39f86be1b5c1ddc789344fc74ae46bdd8e64156571d13	PENDING_DISCOVERY	0	0	0				0	0	0
CHEBI:83779	tebuconazole	PXMNMQRDXWABCY-UHFFFAOYSA-N	data/antibiotics/antifungal/tebuconazole.yaml	0c6380aed52552a312323986c4baddb7f3e065d9c553876b127bbdf357db6dda	PENDING_PRIMARY_REVIEW	13	0	0				0	0	0
CHEBI:83266	tebufloquin	LWLJEQHTPVPKSJ-UHFFFAOYSA-N	data/antibiotics/antifungal/tebufloquin.yaml	ae289f08bdd8987e7d774e395bef45c271e8d20b8f5714a33e0a44318f66ad39	PENDING_DISCOVERY	0	0	0				0	0	0
CHEBI:82044	tecnazene	XQTLDIFVVHJORV-UHFFFAOYSA-N	data/antibiotics/antifungal/tecnazene.yaml	6a3032a76f4b720b47a91fc83c6ec331d404630f03d1223d4591f8b94a88882c	PENDING_DISCOVERY	0	0	0				0	0	0
CHEBI:77614	terbinafine hydrochloride	BWMISRWJRUSYEX-SZKNIZGXSA-N	data/antibiotics/antifungal/terbinafine-hydrochloride.yaml	e03e878f94c188ef911344336583466d56d72f195f224bac32822379c0452c8f	PENDING_DISCOVERY	0	0	0				0	0	0
CHEBI:9448	terbinafine	DOMXUEMWDBAQBQ-WEVVVXLNSA-N	data/antibiotics/antifungal/terbinafine.yaml	d483410a916c9bf4f742b01be99b5413ce1b310cc0474271064515e06a2512a9	PENDING_PRIMARY_REVIEW	11	0	0	UniProtKB:B0Y628|UniProtKB:E9R5G2	NCBITaxon:746128	DOI:10.1128/aac.00187-06|DOI:10.1128/aac.02101-16|DOI:10.1128/aac.48.7.2490-2496.2004|PMID:15215099|PMID:16801438|PMID:27799210	0	3	0
CHEBI:52550	theopalauamide	WYWWBYFHNAICRK-OYJWPUFYSA-N	data/antibiotics/antifungal/theopalauamide.yaml	807b4ed1e81692d59823a770dfd947314849184ae1c447abd1d9b22685670a0e	PENDING_DISCOVERY	0	0	0				0	0	0
CHEBI:45979	thiabendazole	WJCNZQLZVWNLKY-UHFFFAOYSA-N	data/antibiotics/antifungal/thiabendazole.yaml	fd0b03ccd7afa700ed14171197ac6f6156d4df756a4f2ab7833f92a34b7a1d21	PENDING_PRIMARY_REVIEW	9	0	0	UniProtKB:P10653	NCBITaxon:162425	PMID:1423663	0	6	0
CHEBI:81794	thifluzamide	WOSNCVAPUOFXEH-UHFFFAOYSA-N	data/antibiotics/antifungal/thifluzamide.yaml	a839babe1805246c8f3d18921138cc018fe08c6fc33f28f50bb85f84fa21c1a9	PENDING_DISCOVERY	0	0	0				0	0	0
CHEBI:9546	thimerosal	RTKIYNMVFMVABJ-UHFFFAOYSA-L	data/antibiotics/antifungal/thimerosal.yaml	4e18483d0b58a12ad306bcb3d336c6bd7e792c13ff9b7638607dcc32b7c4b4a1	PENDING_DISCOVERY	0	0	0				0	0	0
CHEBI:35014	thiophanate-methyl	QGHREAKMXXNCOA-UHFFFAOYSA-N	data/antibiotics/antifungal/thiophanate-methyl.yaml	32950fe670c0138102aa71434f2b4a6ae0f486c33ef6b2d11bc02b689991132c	PENDING_DISCOVERY	0	0	0				0	0	0
CHEBI:82060	thiophanate	YFNCATAIYKQPOO-UHFFFAOYSA-N	data/antibiotics/antifungal/thiophanate.yaml	b781f3953a1daa8f9384f93a455695acbe6dc258662c01651b3c04053fb04ef2	PENDING_DISCOVERY	0	0	0				0	0	0
CHEBI:81825	tiadinil	VJQYLJSMBWXGDV-UHFFFAOYSA-N	data/antibiotics/antifungal/tiadinil.yaml	3835a3d46ba25943f68a7f2e77dcaa22c23ad5cfc1faa8afa16be1479aeba12b	PENDING_DISCOVERY	0	0	0				0	0	0
CHEBI:66230	tianshic acid	YFCZLXRIKFCQFU-BUHFOSPRSA-N	data/antibiotics/antifungal/tianshic-acid.yaml	a9406a9fb7950460dc1a941dadbed0da16d652951fd81aecc20ccf98afe6c875	PENDING_DISCOVERY	0	0	0				0	0	0
CHEBI:81731	tolclofos-methyl	OBZIQQJJIKNWNO-UHFFFAOYSA-N	data/antibiotics/antifungal/tolclofos-methyl.yaml	33eb9dfc0aa1b989161a047bc6cd3e82bcedde2f3021fe524df558a28d0c4592	PENDING_DISCOVERY	0	0	0				0	0	0
CHEBI:38628	tolfenpyrad	WPALTCMYPARVNV-UHFFFAOYSA-N	data/antibiotics/antifungal/tolfenpyrad.yaml	92d6d7687493a8e0f203ce8cc389222553f9555d9e47ac7ebca1039bf8060ecc	PENDING_DISCOVERY	0	0	0				0	0	0
CHEBI:9620	tolnaftate	FUSNMLFNXJSCDI-UHFFFAOYSA-N	data/antibiotics/antifungal/tolnaftate.yaml	d328963ad21e9e85cbcd96fd6227e2fd6c7a068f73ce585f403e8ee3aeb16c6f	PENDING_DISCOVERY	0	0	0				0	0	0
CHEBI:85628	tolprocarb	RSOBJVBYZCMJOS-CYBMUJFWSA-N	data/antibiotics/antifungal/tolprocarb.yaml	5d53f079467f0943caf076f0248f5ea870c37b91ce23213dd9647753eb5d4b11	PENDING_DISCOVERY	0	0	0				0	0	0
CHEBI:66249	tolybyssidin A	ZWXCBGUTACBDRV-BAGIKNQXSA-N	data/antibiotics/antifungal/tolybyssidin-a.yaml	4f852f4c07159f1eb0aa986747e0f881a65b667dbbb870bdc58fa1ba8dc2bfc1	PENDING_DISCOVERY	0	0	0				0	0	0
CHEBI:66250	tolybyssidin B	QONBOMKYCJJCSL-WPQAJTLNSA-N	data/antibiotics/antifungal/tolybyssidin-b.yaml	efaa6e09dbc5eacea8dfabbc48559219aadd4920cda122bbbe405daee9bda176	PENDING_DISCOVERY	0	0	0				0	0	0
CHEBI:75182	tolylfluanid	HYVWIQDYBVKITD-UHFFFAOYSA-N	data/antibiotics/antifungal/tolylfluanid.yaml	0f6a5dbb65e93840815f60e5a4c82c2db91321625e0698dcd67ce042677ae779	PENDING_DISCOVERY	0	0	0				0	0	0
CHEBI:9630	tomatine	REJLGAUYTKNVJM-SGXCCWNXSA-N	data/antibiotics/antifungal/tomatine.yaml	8979427a83c48186769f64cd834e7282c0c03d8a5bec3fb836f7501feb45309e	PENDING_DISCOVERY	0	0	0				0	0	0
CHEBI:134606	toyocamycin	XOKJUSAYZUAMGJ-WOUKDFQISA-N	data/antibiotics/antifungal/toyocamycin.yaml	02c14af668d4affd93dbfa538b4623ba34494636caf439885958e0edb97d8092	PENDING_DISCOVERY	0	0	0				0	0	0
CHEBI:65857	trans-2,3-epoxydeca-4,6,8-triyn-1-ol	DLTRTPLJAAMGPB-UWVGGRQHSA-N	data/antibiotics/antifungal/trans-2-3-epoxydeca-4-6-8-triyn-1-ol.yaml	d1d5c6ca3cdfddcdde74e27a1c59af43c3e88d74763c0161b37dee31cb2e05a9	PENDING_DISCOVERY	0	0	0				0	0	0
CHEBI:9661	triacetin	URAYPUMNDPQOKB-UHFFFAOYSA-N	data/antibiotics/antifungal/triacetin.yaml	2103c1e51bee7502ad5a15f9ce6942b7ae1e221375ad2695d156d4b59ac44185	PENDING_DISCOVERY	0	0	0				0	0	0
CHEBI:9666	triadimenol	BAZVSMNPJJMILC-UHFFFAOYSA-N	data/antibiotics/antifungal/triadimenol.yaml	2400b529a62d4d6e83c4a032710712a181420c7631d7327d756a5ae82c6dc5b6	PENDING_DISCOVERY	0	0	0				0	0	0
CHEBI:83335	triazoxide	IQGKIPDJXCAMSM-UHFFFAOYSA-N	data/antibiotics/antifungal/triazoxide.yaml	f4a9f263555c19e4c6f8eb8c201557d1a60743e26f8946db73ef250023c86c55	PENDING_DISCOVERY	0	0	0				0	0	0
CHEBI:9688	trichodermin	HNEGCRMUYSKRRR-NWHWRWDZSA-N	data/antibiotics/antifungal/trichodermin.yaml	b610f578772d66235c320e2c56877625d7008f8762b1d676ee64cabf6d00141b	PENDING_DISCOVERY	0	0	0				0	0	0
CHEBI:46024	trichostatin A	RTKIYFITIVXBLE-QEQCGCAPSA-N	data/antibiotics/antifungal/trichostatin-a.yaml	a0a5d69dbbfe0454d4895346e66560b86348553d99d68d9c24161b4c4057381e	PENDING_DISCOVERY	0	0	0				0	0	0
CHEBI:69621	trichothecin	LJWZOKOFCBPNAG-HULHSAFCSA-N	data/antibiotics/antifungal/trichothecin.yaml	159ced6d28f531be9b2df72f95d777ec3711a6bfa80911b6cec5313c97a9aa62	PENDING_DISCOVERY	0	0	0				0	0	0
CHEBI:83213	triclopyricarb	QFNFRZHOXWNWAQ-UHFFFAOYSA-N	data/antibiotics/antifungal/triclopyricarb.yaml	648248cb347403c18aa6f6fbe0abfcaf893535ed5e991a3d2926b531f1d6fed5	PENDING_DISCOVERY	0	0	0				0	0	0
CHEBI:81783	tricyclazole	DQJCHOQLCLEDLL-UHFFFAOYSA-N	data/antibiotics/antifungal/tricyclazole.yaml	c7d7da2d2ebb8aeb9af8a2f1384191fdca0781bcf7042fe50c26af4baa7f6137	PENDING_DISCOVERY	0	0	0				0	0	0
CHEBI:9699	tridec-1-ene-3,5,7,9,11-pentayne	KKBHBCOJHHCOCL-UHFFFAOYSA-N	data/antibiotics/antifungal/tridec-1-ene-3-5-7-9-11-pentayne.yaml	f7a27cde0e626c220613ff1458eb6b0889863ccf5aca0ddc9aa3c0d597914a5b	PENDING_DISCOVERY	0	0	0				0	0	0
CHEBI:81833	trifloxystrobin	ONCZDRURRATYFI-TVJDWZFNSA-N	data/antibiotics/antifungal/trifloxystrobin.yaml	eafe04c68f5faf79ce33bbbbdb9daa8f09d68dc23aa463edd76250fe70bfa945	PENDING_DISCOVERY	0	0	0				0	0	0
antibioticmech:aro-d53850fc72	triflumizole	HSMVPDGQOIQYSR-UHFFFAOYSA-N	data/antibiotics/antifungal/triflumizole-aro-d53850fc72.yaml	993e9e08c33f22c384fb139ef5f09641e96ba553127aa2bbc0ea955c3843994f	PENDING_PRIMARY_REVIEW	1	0	0				0	0	0
CHEBI:81784	triflumizole	HSMVPDGQOIQYSR-KGENOOAVSA-N	data/antibiotics/antifungal/triflumizole.yaml	099ce4c68ee2128f3a662aef29433edf2b2c95d9ec4bb8687f366427afb95e9e	PENDING_PRIMARY_REVIEW	2	0	0	UniProtKB:Q9P340	NCBITaxon:36651	DOI:10.1128/aem.66.8.3421-3426.2000|PMID:10919801	0	0	0
CHEBI:9715	triforine	RROQIUMZODEXOR-UHFFFAOYSA-N	data/antibiotics/antifungal/triforine.yaml	11577476e034c61984f75d0a10eee46aa0e483cf2c75b09cd64bddf06fecba51	PENDING_DISCOVERY	0	0	0				0	0	0
CHEBI:79966	tropolone	MDYOLVRUBBJPFM-UHFFFAOYSA-N	data/antibiotics/antifungal/tropolone.yaml	0871397796885cca41f76fc261e3bb12be77e8fa851a36f7fc165863d9ed9fcb	PENDING_DISCOVERY	0	0	0				0	0	0
CHEBI:48267	tubercidin	HDZZVAMISRMYHH-KCGFPETGSA-N	data/antibiotics/antifungal/tubercidin.yaml	68f43e55af1ac377e2ff416b2000e6bbf35e52ec3f54a52ca8d5c655d43da976	PENDING_DISCOVERY	0	0	0				0	0	0
CHEBI:66339	UK-2A	MLGCATYQZVMGBG-DRHHIBKESA-N	data/antibiotics/antifungal/uk-2a.yaml	b17602f0680a12ff13a1773ed52ca2cf858ec3f5b7cd5e54337785a51480e9c6	PENDING_DISCOVERY	0	0	0				0	0	0
CHEBI:66340	UK-2B	NRCFYQYMBDTOBT-PJQLUOCWSA-N	data/antibiotics/antifungal/uk-2b.yaml	62a84ec7623bc64312e26e974ad1651d9a65ccc94b1cfec5e921235e9ca88063	PENDING_DISCOVERY	0	0	0				0	0	0
CHEBI:66341	UK-3A	LATFDMCUVSRKNK-DKXUYOFUSA-N	data/antibiotics/antifungal/uk-3a.yaml	d461cbd7170da547bd2f082f97f9138057145712278affcfaa6d93216ca1f76f	PENDING_DISCOVERY	0	0	0				0	0	0
CHEBI:32368	undecanoic acid	ZDPHROOEEOARMN-UHFFFAOYSA-N	data/antibiotics/antifungal/undecanoic-acid.yaml	8af57c249fa0436f37661c0f5f7469f7e92872aa5e6307a55a73b663a291f239	PENDING_DISCOVERY	0	0	0				0	0	0
CHEBI:81785	uniconazole P	YNWVFADWVLCOPU-MAUPQMMJSA-N	data/antibiotics/antifungal/uniconazole-p.yaml	91b0fdd75730b619b39edea70a13c49576e4cdd4c7bbd02c28629f45f8a67a2b	PENDING_DISCOVERY	0	0	0				0	0	0
CHEBI:38319	usnic acid	WEYVVCKOOFYHRW-UHFFFAOYSA-N	data/antibiotics/antifungal/usnic-acid-38319.yaml	905cfd6195935bba4aadf256e743d539c0ee33ec846ef8a71e85e768b4e0107c	PENDING_DISCOVERY	0	0	0				0	0	0
CHEBI:38320	(+)-usnic acid	WEYVVCKOOFYHRW-SFHVURJKSA-N	data/antibiotics/antifungal/usnic-acid-38320.yaml	1c710caaee8eefe543f37b38ad3475afb10e9ba4d08b3059186cf71a4875d415	PENDING_DISCOVERY	0	0	0				0	0	0
CHEBI:122	(−)-usnic acid	WEYVVCKOOFYHRW-GOSISDBHSA-N	data/antibiotics/antifungal/usnic-acid.yaml	f33fd0948c6b3a2981ec57a9a92111a1c6838905affbfafcf9fae5150c351b86	PENDING_DISCOVERY	0	0	0				0	0	0
CHEBI:90869	validamycin A(1+)	JARYYMUOCXVXNK-CSLFJTBJSA-O	data/antibiotics/antifungal/validamycin-a-1.yaml	31132141e3b3c19a2a6cd4909645ec5f9efdba47fd736fe4aebe833fb428e69c	PENDING_DISCOVERY	0	0	0				0	0	0
CHEBI:29703	validamycin A	JARYYMUOCXVXNK-CSLFJTBJSA-N	data/antibiotics/antifungal/validamycin-a.yaml	dd09a47a3ae1260ebb4c31781c96ac77162549b121bd74b3aea208e1102aa178	PENDING_DISCOVERY	0	0	0				0	0	0
CHEBI:90868	validamycin B	QYKWCMVFBWGYRE-XROCGEGMSA-N	data/antibiotics/antifungal/validamycin-b.yaml	39fccc0b71e80a692382bf911e96ece7a388bea52b5a90418c753b54f45194a9	PENDING_DISCOVERY	0	0	0				0	0	0
CHEBI:83610	valifenalate	DBXFMOWZRXXBRN-LWKPJOBUSA-N	data/antibiotics/antifungal/valifenalate.yaml	1bebd4fc35ce3c1875122175633e6dec4ff1885b52f1d811bd43e29effbd1d89	PENDING_DISCOVERY	0	0	0				0	0	0
CHEBI:17098	veratraldehyde	WJUFSDZVCOTFON-UHFFFAOYSA-N	data/antibiotics/antifungal/veratraldehyde.yaml	c70c05006c837dcd22b091490ea191f73c36ebfe335897b9622b27fcc87f43e5	PENDING_DISCOVERY	0	0	0				0	0	0
CHEBI:10023	voriconazole	BCEHBSKCWLPMDN-MGPLVRAMSA-N	data/antibiotics/antifungal/voriconazole.yaml	678abcf3255bfb768da7d2db313e25561c5b352d4bb71b259559900cdc1c8f83	PENDING_PRIMARY_REVIEW	62	0	3	UniProtKB:B0Y628|UniProtKB:B8N2C8|UniProtKB:B8NFL5|UniProtKB:B8NUK6|UniProtKB:G8B7T4|UniProtKB:N0A5G3|UniProtKB:P10613|UniProtKB:P14263|UniProtKB:Q4WDM9|UniProtKB:Q4WNT5|UniProtKB:Q59VG6|UniProtKB:Q870D1	NCBITaxon:5059|NCBITaxon:5207|NCBITaxon:5476|NCBITaxon:5480|NCBITaxon:5482|NCBITaxon:746128	DOI:10.1016/j.ijantimicag.2008.06.018|DOI:10.1128/aac.00555-13|DOI:10.1128/aac.00651-17|DOI:10.1128/aac.01092-06|DOI:10.1128/aac.02101-16|DOI:10.1128/aac.03470-14|DOI:10.1128/aac.05477-11|DOI:10.1128/aac.05502-11|DOI:10.1371/journal.pone.0050034|PMID:17371828|PMID:18775650|PMID:22155829|PMID:22314539|PMID:22897872|PMID:23226235|PMID:23629718|PMID:25385095|PMID:27799210|PMID:28630186	0	13	7
CHEBI:10038	wighteone	KIMDVVKVNNSHGZ-UHFFFAOYSA-N	data/antibiotics/antifungal/wighteone.yaml	2afb924143c055727bbe26fcdcc4c65a4719c5f08789b0ee9783b28c4bf70f8f	PENDING_DISCOVERY	0	0	0				0	0	0
CHEBI:133841	yanuthone D	NIBXHVDVUJEQPO-MHVGILDJSA-N	data/antibiotics/antifungal/yanuthone-d.yaml	325096661c1ea788fac8ae34044358404f1c366f085bffc8c1dcc1d4392c53d3	PENDING_DISCOVERY	0	0	0				0	0	0
CHEBI:133035	yanuthone K	DOKAHTTXUSOTHL-YVCJEVKHSA-N	data/antibiotics/antifungal/yanuthone-k.yaml	0a7651ad63c2a2a95c95397d92da4d4de00965fac9b95a87ab60bc72f72f01d1	PENDING_DISCOVERY	0	0	0				0	0	0
CHEBI:133034	yanuthone L	ULUIYCOUZXIMPX-XXMQOAAMSA-N	data/antibiotics/antifungal/yanuthone-l.yaml	72b0b974883469e64d3ce4cb0600826997497d299d4bf660b36077914d992fb7	PENDING_DISCOVERY	0	0	0				0	0	0
CHEBI:133036	yanuthone M	UDCFQVYVEMPFKM-CTPBMWBYSA-N	data/antibiotics/antifungal/yanuthone-m.yaml	7e7c30a6925b0e9582f17ce830bd0fe1aaf0695a41bffe09d375c9f60ed06360	PENDING_DISCOVERY	0	0	0				0	0	0
CHEBI:133037	yanuthone X2	URXBIEAAUGXNIJ-ITGDQCKOSA-N	data/antibiotics/antifungal/yanuthone-x2.yaml	df8372020cbbefb440f4f4cc749c1c7130f3b51ddd602299763555799e287bde	PENDING_DISCOVERY	0	0	0				0	0	0
CHEBI:66496	YM-47522	OJAGQZQYWOJBHT-PKJHRQCFSA-N	data/antibiotics/antifungal/ym-47522.yaml	9e820acdb3b27fbb9f216566e7cb98d16da2ff048ca11dbd2c85a64b13b1f95f	PENDING_DISCOVERY	0	0	0				0	0	0
CHEBI:66497	Ys-II	MMTWXUQMLQGAPC-KQRWKONWSA-N	data/antibiotics/antifungal/ys-ii.yaml	911b8cda0e4168422b124e2f0ab3a21c405167a3b922579a11cfe6f327cde5d7	PENDING_DISCOVERY	0	0	0				0	0	0
CHEBI:66498	Ys-IV	DKEFDSJGKPNAQN-DHNDSWACSA-N	data/antibiotics/antifungal/ys-iv.yaml	5e4d489ac13604f2eb041a89358a0cce7ce7c7284b47f88f762a19741e4df353	PENDING_DISCOVERY	0	0	0				0	0	0
CHEBI:66499	yuccalan	ALKMFECERUDLEI-UBXCSCSKSA-N	data/antibiotics/antifungal/yuccalan.yaml	6d29cea4d4099cbd24d07cdffac403ec9a10c084376cce1eb94165b5661d97d7	PENDING_DISCOVERY	0	0	0				0	0	0
CHEBI:83427	(Z)-dimethomorph	QNBTYORWCCMPQP-JXAWBTAJSA-N	data/antibiotics/antifungal/z-dimethomorph.yaml	c3f7ea437f2c730a0b4d747a0067664bb8c03f13c0e99a8f55d3b44d159be5b7	PENDING_DISCOVERY	0	0	0				0	0	0
CHEBI:144323	zinc dibutyldithiocarbamate	BOXSVZNGTQTENJ-UHFFFAOYSA-L	data/antibiotics/antifungal/zinc-dibutyldithiocarbamate.yaml	0b7d1e2c1c742ba5a4ddaf816875cb203ffcef740d2d4088e2b79c48f313e4cf	PENDING_DISCOVERY	0	0	0				0	0	0
CHEBI:144351	zinc diethyldithiocarbamate	RKQOSDAEEGPRER-UHFFFAOYSA-L	data/antibiotics/antifungal/zinc-diethyldithiocarbamate.yaml	442a67f57927e26c84f97276acf065bc881355fbc17a9729daaca3fee8947950	PENDING_DISCOVERY	0	0	0				0	0	0
CHEBI:52498	zineb	AMHNZOICSMBGDH-UHFFFAOYSA-L	data/antibiotics/antifungal/zineb.yaml	c38dc91e68a1ad1aab045ab9dd3435cb3781d3f511efb11fc70b59c4a387f738	PENDING_DISCOVERY	0	0	0				0	0	0
CHEBI:79736	ziram	DUBNHZYBDBBJHD-UHFFFAOYSA-L	data/antibiotics/antifungal/ziram.yaml	a48845c7051e3e08313072f071ef722e5554167a760779cca21817e9ee030438	PENDING_DISCOVERY	0	0	0				0	0	0
CHEBI:80056	(+)-zwittermicin A	FYIPKJHNWFVEIR-FXQWNPMTSA-N	data/antibiotics/antifungal/zwittermicin-a.yaml	8a14a4f0153b908b27b4db12b4166790b58d139de4e14fc29be701f25159b8a8	PENDING_DISCOVERY	0	0	0				0	0	0
CHEBI:132905	α-cadinol	LHYHMMRYTDARSZ-BYNSBNAKSA-N	data/antibiotics/antifungal/α-cadinol.yaml	4b01f85b2637a1c03b8c434a575bc0378ccafe1d85a9377a1e4c90a991984a73	PENDING_DISCOVERY	0	0	0				0	0	0
CHEBI:16363	α-santonin	XJHDMGJURBVLLE-BOCCBSBMSA-N	data/antibiotics/antifungal/α-santonin.yaml	4e76859b4e21be166bf83c6f7735da496066abb18187e9a799a1d53c337f2bff	PENDING_DISCOVERY	0	0	0				0	0	0
CHEBI:132906	(−)-Τ-muurolol	LHYHMMRYTDARSZ-AJNGGQMLSA-N	data/antibiotics/antifungal/τ-muurolol.yaml	32837842a6b44dd8d54f911d9c67c14feb2cc0d845fb4da5273f7e36b83c3c83	PENDING_DISCOVERY	0	0	0				0	0	0
CHEBI:69704	1-(2-hydroxy-4-methoxyphenyl)-3-(4-hydroxy-3-methoxyphenyl)propane	UDWSABBWZXKLLQ-UHFFFAOYSA-N	data/antibiotics/antimycobacterial/1-2-hydroxy-4-methoxyphenyl-3-4-hydroxy-3-methoxyphenyl-propane.yaml	d73d5c176501649e4e61333f5c40ebfba65dcd0a1b5511ef77e41b0c2d46326f	PENDING_DISCOVERY	0	0	0				0	0	0
CHEBI:66408	12-demethylmulticaulin	ZMSKUQUFEKLXGK-UHFFFAOYSA-N	data/antibiotics/antimycobacterial/12-demethylmulticaulin.yaml	a3dade7de6932d8fe7b813cf090f1e7d234afa3c0b0ce2b44e9c68607f6f5218	PENDING_DISCOVERY	0	0	0				0	0	0
CHEBI:66410	12-demethylmultiorthoquinone	OVYJWDSHGYTZSE-UHFFFAOYSA-N	data/antibiotics/antimycobacterial/12-demethylmultiorthoquinone.yaml	0612fb8cf657ca013899d4982a6ea9b61f4cbfadd801fbf4f6d657b17fc1dc31	PENDING_DISCOVERY	0	0	0				0	0	0
CHEBI:66365	12-methyl-5-dehydroacetylhorminone	KRHKKRFFQDNBIN-FATZIPQQSA-N	data/antibiotics/antimycobacterial/12-methyl-5-dehydroacetylhorminone.yaml	d89add7fd52514b6aa8bef92002b4e053ac94ecbe7cebb339b345e27de6ee121	PENDING_DISCOVERY	0	0	0				0	0	0
CHEBI:66364	12-methyl-5-dehydrohorminone	RUONQJYGQKYSSL-GTJPDFRWSA-N	data/antibiotics/antimycobacterial/12-methyl-5-dehydrohorminone.yaml	12c4cdd62f05c7e5c1b2bcd8e6747854865cf67bd2a1030ffe9d0187989d739d	PENDING_DISCOVERY	0	0	0				0	0	0
CHEBI:65364	15-acetoxyorbiculin G	YOWBCRNBOMRTPW-NPIRVHPYSA-N	data/antibiotics/antimycobacterial/15-acetoxyorbiculin-g.yaml	1201a0d835ff1fb72e257bbe2023361d4b737feb1849e6153696210ce626cfa0	PENDING_DISCOVERY	0	0	0				0	0	0
CHEBI:65774	1α-acetoxy-2α-hydroxy-6β,9β,15-tribenzoyloxy-β-dihydroagarofuran	FCQBGPOADKWYEG-MNRUEBDGSA-N	data/antibiotics/antimycobacterial/1α-acetoxy-2α-hydroxy-6β-9β-15-tribenzoyloxy-β-dihydroagarofuran.yaml	4cc1db696ddafdc238c168264c255b187e71ea5b7fcab600f803b1d662a8f098	PENDING_DISCOVERY	0	0	0				0	0	0
CHEBI:67135	2-nitroimidazole	YZEUHQHUFTYLPH-UHFFFAOYSA-N	data/antibiotics/antimycobacterial/2-nitroimidazole.yaml	e58ce2678de90fa31296339ee3490d2a4a053ca0e072862ac9a320af15e3d0b5	PENDING_DISCOVERY	0	0	0				0	0	0
CHEBI:67371	(2S)-2'-hydroxydemethoxymatteucinol	WOGYXYDORXIAGE-ZDUSSCGKSA-N	data/antibiotics/antimycobacterial/2s-2-hydroxydemethoxymatteucinol.yaml	3c1f48e18e054df9c1422a175029954984325292a96a6079d6d3770ef0f3f9f1	PENDING_DISCOVERY	0	0	0				0	0	0
CHEBI:65775	2α-acetoxy-1α-hydroxy-6β,9β,15-tribenzoyloxy-β-dihydroagarofuran	ZKSJYLLIQBNONM-MYQHGJAJSA-N	data/antibiotics/antimycobacterial/2α-acetoxy-1α-hydroxy-6β-9β-15-tribenzoyloxy-β-dihydroagarofuran.yaml	fdd33add44fe7533fec5f0598614b792bc4002649232aa87a550a4467415253f	PENDING_DISCOVERY	0	0	0				0	0	0
CHEBI:146142	3,4'-dimethylkaempferol	RJCJVIFSIXKSAH-UHFFFAOYSA-N	data/antibiotics/antimycobacterial/3-4-dimethylkaempferol.yaml	cd56b58b72e93246a947eacff07ceb76b88a0de824e79baf08a88e8b29c6a67a	PENDING_DISCOVERY	0	0	0				0	0	0
CHEBI:16348	3-nitropropanoic acid	WBLZUCOIBUDNBV-UHFFFAOYSA-N	data/antibiotics/antimycobacterial/3-nitropropanoic-acid.yaml	eda14b668b463d94d5c3d32e5d30f83b4ebdf7227c020cd09185de4f5baa9dfd	PENDING_DISCOVERY	0	0	0				0	0	0
CHEBI:27565	4-aminosalicylic acid	WUBBRNOQWQTFEX-UHFFFAOYSA-N	data/antibiotics/antimycobacterial/4-aminosalicylic-acid.yaml	4de90695db67d3ead9f52080a1c468a0b7bec5bd1bdb03b5b863e02e2385142c	PENDING_PRIMARY_REVIEW	3	0	163				0	0	0
CHEBI:65856	5α-epoxyalantolactone	YIQKVCDNUFDAHB-HKKVUVRFSA-N	data/antibiotics/antimycobacterial/5α-epoxyalantolactone.yaml	c7a588f53034725f01b363b3c20f2a96bbbe4fc62e750689e43e95ffe20a205b	PENDING_DISCOVERY	0	0	0				0	0	0
CHEBI:67280	azadiradione	KWAMDQVQFVBEAU-HMWIRDDCSA-N	data/antibiotics/antimycobacterial/azadiradione.yaml	885e1ff580a4923d00b1e0a0ce36dde409b1a730b12c9cdb1bed4f01e88917ec	PENDING_DISCOVERY	0	0	0				0	0	0
CHEBI:65468	bauhinoxepin A	BQFBLGBPUARBGM-UHFFFAOYSA-N	data/antibiotics/antimycobacterial/bauhinoxepin-a.yaml	5d3a38d80cd7b67d90c5dfd6a0c01fdbbc5ac29d538d349205a70cae08e94f25	PENDING_DISCOVERY	0	0	0				0	0	0
CHEBI:65469	bauhinoxepin B	LSRDCIRGVJBGRF-UHFFFAOYSA-N	data/antibiotics/antimycobacterial/bauhinoxepin-b.yaml	89d3dec894efcd900c28930aacc3491d8f4ec9db4d364ce139aa986896bffdb3	PENDING_DISCOVERY	0	0	0				0	0	0
CHEBI:65470	bauhinoxepin F	XVMLDDFWHNGJME-UHFFFAOYSA-N	data/antibiotics/antimycobacterial/bauhinoxepin-f.yaml	4a3d099ed479f5337afea0d6473dde5bef26f7b462c1be62e018623c01888c2c	PENDING_DISCOVERY	0	0	0				0	0	0
CHEBI:65471	bauhinoxepin I	ATBQBNKWWGOEFJ-UHFFFAOYSA-N	data/antibiotics/antimycobacterial/bauhinoxepin-i.yaml	45cdff3c5e9b5ee7da67689330e59dc634e60c03f11a8c7a48086cb004c73f7f	PENDING_DISCOVERY	0	0	0				0	0	0
CHEBI:65472	bauhinoxepin J	LAAFMXBDDPXIKZ-UHFFFAOYSA-N	data/antibiotics/antimycobacterial/bauhinoxepin-j.yaml	1d8e91dc21ebb758ad642d54a0c6c67479d813dcef496e6a85c58593ba1af610	PENDING_DISCOVERY	0	0	0				0	0	0
CHEBI:72295	bedaquiline fumarate	ZLVSPMRFRHMMOY-WWCCMVHESA-N	data/antibiotics/antimycobacterial/bedaquiline-fumarate.yaml	b77dd98cf647e6da0915e55325a78961e94582b68bd6b029ee94ee67da013764	PENDING_DISCOVERY	0	0	0				0	0	0
CHEBI:72292	bedaquiline	QUIJNHUBAXPXFS-XLJNKUFUSA-N	data/antibiotics/antimycobacterial/bedaquiline.yaml	47da49357205aecb2b9ebe386f43e6ae93a7eb40dee0599719826a36a195c702	PENDING_PRIMARY_REVIEW	4	0	284				0	0	0
CHEBI:3363	canthin-6-one	ZERVJPYNQLONEK-UHFFFAOYSA-N	data/antibiotics/antimycobacterial/canthin-6-one.yaml	52208d3cd68878a512dc579026094a0125f2dac3125bc9fa5b4f7e795ee2dbe9	PENDING_PRIMARY_REVIEW	2	0	0			PMID:23912082	0	0	0
CHEBI:65580	caribenol A	JHCPXISTONUFKB-UUBMZHIOSA-N	data/antibiotics/antimycobacterial/caribenol-a.yaml	f9989290060897f0459a9665265bf8e0772bba9880a590c79f8bb1bc7dcbe326	PENDING_DISCOVERY	0	0	0				0	0	0
CHEBI:65592	caseargrewiin A	OSFRHUJJEKKRCH-GTMUTZHESA-N	data/antibiotics/antimycobacterial/caseargrewiin-a.yaml	53cb51a52e92c9c911956afa7674ab4accc23a920275926fd7e9a95ca4d85432	PENDING_DISCOVERY	0	0	0				0	0	0
CHEBI:65593	caseargrewiin B	YJKQLKAAMAXUDU-LRBOKHHASA-N	data/antibiotics/antimycobacterial/caseargrewiin-b.yaml	5deb4a7fffdb2ae56529eff55f5ddc39fc0136872a8b0e8c6771de2335c094c5	PENDING_DISCOVERY	0	0	0				0	0	0
CHEBI:65594	caseargrewiin C	FKSLEDQKNYSZPO-BQLSBOTOSA-N	data/antibiotics/antimycobacterial/caseargrewiin-c.yaml	548478ee8a0bd3484e23a8ab7fc59efb7ba13a19b47360b6709850a690f8e21d	PENDING_DISCOVERY	0	0	0				0	0	0
CHEBI:65595	caseargrewiin D	CLMGAZWYZXAAJO-FURQXPDPSA-N	data/antibiotics/antimycobacterial/caseargrewiin-d.yaml	58d6333f360776728bf5d4a2b66c96f8032fd0d4a9d251a4f44cd8a7e7b5272d	PENDING_DISCOVERY	0	0	0				0	0	0
CHEBI:3749	clofazimine	WDQPAMHFFCXSNU-UHFFFAOYSA-N	data/antibiotics/antimycobacterial/clofazimine.yaml	287aacde7aba3971a418c7c4d656e94dda1cfb933b70807e35ad4095f5a1a2c8	PENDING_PRIMARY_REVIEW	3	0	242				0	0	0
CHEBI:64518	cordyol C	SCUIHYCLCWYXKC-UHFFFAOYSA-N	data/antibiotics/antimycobacterial/cordyol-c.yaml	5b98882fb6b00a51454a41c083773f1f9b16eff7678c69eb9c1a9f4409879521	PENDING_DISCOVERY	0	0	0				0	0	0
CHEBI:40009	D-cycloserine	DYDCUQKUCUHJBH-UWTATZPHSA-N	data/antibiotics/antimycobacterial/d-cycloserine.yaml	bc948eecb9c8f60a333399aabed1bc40c17603aa38d539802884019f5b826d1d	PENDING_PRIMARY_REVIEW	3	0	7				0	0	0
CHEBI:4325	dapsone	MQJKPEGWNLWLTK-UHFFFAOYSA-N	data/antibiotics/antimycobacterial/dapsone.yaml	222997ea858cfc348a7bbd83ac3a76684f31f378356fdfec83fc1e414620db93	PENDING_PRIMARY_REVIEW	1	0	0				0	0	0
CHEBI:244418	dehydrocostus lactone	NETSQGRTUNRXEO-XUXIUFHCSA-N	data/antibiotics/antimycobacterial/dehydrocostus-lactone.yaml	928435b28f551090a3ce91a7919ceb1f4d9a0c05e95e49da5320e533084be2dc	PENDING_DISCOVERY	0	0	0				0	0	0
CHEBI:65748	desacetylpyramidaglain D	XFSOIGVOVJTBKR-ISCMDCNBSA-N	data/antibiotics/antimycobacterial/desacetylpyramidaglain-d.yaml	f9faafc569b4aa7a0309ddac5e8397d43d88dd5015b64cee7f18183769792819	PENDING_DISCOVERY	0	0	0				0	0	0
CHEBI:67376	dihydrooroxylin A	QUAPPCXFYKSDSV-UHFFFAOYSA-N	data/antibiotics/antimycobacterial/dihydrooroxylin-a.yaml	11f8c0d5e38f1b68f747cb7be9f543d66d6c553cb949d9fd66d700d1e6ab6428	PENDING_DISCOVERY	0	0	0				0	0	0
CHEBI:65858	ergosterol peroxide	VXOZCESVZIRHCJ-KGHQQZOUSA-N	data/antibiotics/antimycobacterial/ergosterol-peroxide.yaml	f70e28f403a9dd323bc596f7b946f02437f3be7560d20222822b4e96cf43290f	PENDING_DISCOVERY	0	0	0				0	0	0
CHEBI:4878	ethambutol dihydrochloride	AUAHHJJRFHRVPV-BZDVOYDHSA-N	data/antibiotics/antimycobacterial/ethambutol-dihydrochloride.yaml	35e1c89e8fa8dac4b5fb568d78b7f05bd01a080481ca5f708b1f22c976652695	PENDING_DISCOVERY	0	0	0				0	0	0
CHEBI:4877	ethambutol	AEUTYOVWOVBAKS-UWVGGRQHSA-N	data/antibiotics/antimycobacterial/ethambutol.yaml	1d921e91cfc250de4e6a9ec85363ee66fe1285dd68c82fac8ff1c3c2092d9ac1	PENDING_PRIMARY_REVIEW	19	0	338				0	0	0
CHEBI:87805	ethionamide S-oxide	QDQQNGZRIJPDGA-UHFFFAOYSA-N	data/antibiotics/antimycobacterial/ethionamide-s-oxide.yaml	287015507012bcfa8761946f03e57f4af3c8b552d208f6b6075fcbf4bfea1605	PENDING_DISCOVERY	0	0	0				0	0	0
CHEBI:4885	ethionamide	AEOCXXJPGCBFJA-UHFFFAOYSA-N	data/antibiotics/antimycobacterial/ethionamide.yaml	13005c9ee4a343b00be1cea9fb80263a48166d0cf83e92365c1fe8a27984a589	PENDING_PRIMARY_REVIEW	6	0	283				0	0	0
CHEBI:5659	hentriacontane	IUJAMGNYPWYUPM-UHFFFAOYSA-N	data/antibiotics/antimycobacterial/hentriacontane.yaml	43b05543c21946d49b36bba00d3f35f19a0b6050a0d178f091bd5cf711b7eab2	PENDING_DISCOVERY	0	0	0				0	0	0
CHEBI:66016	hirsutellide A	PMRINUPHTRWJOC-BZPSDGNJSA-N	data/antibiotics/antimycobacterial/hirsutellide-a.yaml	a666964829cf7c080eab1a70f705cae68adfdb24aafdc041cc03f18801eca6a0	PENDING_DISCOVERY	0	0	0				0	0	0
CHEBI:6030	isoniazide	QRXWMOHMRWLFEY-UHFFFAOYSA-N	data/antibiotics/antimycobacterial/isoniazide.yaml	8ec79d9afdcd2b9cdd4dbb975f6dc4f3d9b17b1cda5fefcafd357ee07f518db9	PENDING_PRIMARY_REVIEW	22	0	400				0	0	0
CHEBI:167048	levesquamide	DZVHAUSOBYTBDX-ZOCIIQOWSA-N	data/antibiotics/antimycobacterial/levesquamide.yaml	a302ff2a65a41ac29d39d1cd9d729330e223647e0a0d041fb7b25878957ef493	PENDING_DISCOVERY	0	0	0				0	0	0
CHEBI:91402	linsitinib	PKCDDUHJAFVJJB-VLZXCDOPSA-N	data/antibiotics/antimycobacterial/linsitinib.yaml	940cd936ccd5958af9d48b1e49b5526f03ae24990c5952a56a7fc53044bd022a	PENDING_DISCOVERY	0	0	0				0	0	0
CHEBI:71961	lividomycin A	DBLVDAUGBTYDFR-SWMBIRFSSA-N	data/antibiotics/antimycobacterial/lividomycin-a.yaml	72211228879ac89178c92d48448b6dfcb331569365416d08e78309910915a23a	PENDING_PRIMARY_REVIEW	5	0	0				0	0	0
CHEBI:71962	lividomycin B	BRSBFYLXCMGALM-CDEWKRIDSA-N	data/antibiotics/antimycobacterial/lividomycin-b.yaml	2bed45c07dafb77422b8a1eb18604695424d4a461a14773a64ddd08afb64a616	PENDING_DISCOVERY	0	0	0				0	0	0
CHEBI:6518	lomefloxacin hydrochloride	KXEBLAPZMOQCKO-UHFFFAOYSA-N	data/antibiotics/antimycobacterial/lomefloxacin-hydrochloride.yaml	a28cbfa5bfdad36b2178e9c9c461ce6d66ac17876aa5d34bcfa2fe9cf94bc824	PENDING_DISCOVERY	0	0	0				0	0	0
CHEBI:116278	lomefloxacin	ZEKZLJVOYLTDKK-UHFFFAOYSA-N	data/antibiotics/antimycobacterial/lomefloxacin.yaml	36671240485980d7a7439b31a482520f454fc054f17f4d7207de499ae5b15159	PENDING_PRIMARY_REVIEW	20	0	0				0	0	0
CHEBI:138945	maniladiol	VLRYIIPJIVGFIV-QQSFYHFXSA-N	data/antibiotics/antimycobacterial/maniladiol.yaml	ee235eee7482feba5b42d3e5bfd2a71577251f7e5312304d0deb481f611fbea1	PENDING_DISCOVERY	0	0	0				0	0	0
CHEBI:68724	mollicellin K	GRJLKDCRKHDXSZ-UHFFFAOYSA-N	data/antibiotics/antimycobacterial/mollicellin-k.yaml	02474f122b8e036e5871c927047750b7141abe29477c022f8db8e625ab9dda5c	PENDING_DISCOVERY	0	0	0				0	0	0
CHEBI:66407	multicaulin	QSZDTCGHFRXGFB-UHFFFAOYSA-N	data/antibiotics/antimycobacterial/multicaulin.yaml	bc426fb9a400b27a54a4d1ce3ca213c46945e7b88fa147ce4d2f9b88a8f10b2c	PENDING_DISCOVERY	0	0	0				0	0	0
CHEBI:66409	multiorthoquinone	YJIHLYMLQOIPEU-UHFFFAOYSA-N	data/antibiotics/antimycobacterial/multiorthoquinone.yaml	b04f13a6bd2555adb6cbe6c231f2629999ba52dee246ecec98908e80ce89d20a	PENDING_DISCOVERY	0	0	0				0	0	0
CHEBI:167182	N-butyl-5-(4-hydroxyphenyl)-6-oxo-1,6-dihydropyrazine-2-carboxamide	HURXYEZMLXEXLD-UHFFFAOYSA-N	data/antibiotics/antimycobacterial/n-butyl-5-4-hydroxyphenyl-6-oxo-1-6-dihydropyrazine-2-carboxamide.yaml	616403fcb3ada577a9ac94382a82e2dfef0165924d88cc65a2651939b21adde9	PENDING_DISCOVERY	0	0	0				0	0	0
CHEBI:66638	nothramicin	XXHMZNPASHQZPM-UHFFFAOYSA-N	data/antibiotics/antimycobacterial/nothramicin.yaml	a0f8abb96c2e32dc92f8e140d51d7ad273eb5f3460af6aba54599e7386d845af	PENDING_DISCOVERY	0	0	0				0	0	0
CHEBI:66828	orbiculin G	ULAZFRGMLIIKAD-MNRUEBDGSA-N	data/antibiotics/antimycobacterial/orbiculin-g.yaml	8632c1cd42bcfa897b536ef50128031585525cf16b1b2f78fbe33af7df0dbfe5	PENDING_DISCOVERY	0	0	0				0	0	0
CHEBI:66749	phomoxanthone A	OHHXJWHRQGZQJM-ACMZUNAXSA-N	data/antibiotics/antimycobacterial/phomoxanthone-a.yaml	e674cf53319d8d89ed0dac57ba236fab2ddff2fd3e463850e3f9dae7b589da89	PENDING_DISCOVERY	0	0	0				0	0	0
CHEBI:66750	phomoxanthone B	RAKGKFLUJPUROQ-ACMZUNAXSA-N	data/antibiotics/antimycobacterial/phomoxanthone-b.yaml	7dc3ced2a674d2909bee47662f988dc899a44fd6dca2a29e0dbcd646a191382b	PENDING_DISCOVERY	0	0	0				0	0	0
CHEBI:69018	physalin D	DUGJJSWZRHBJJK-IFSNGKJOSA-N	data/antibiotics/antimycobacterial/physalin-d.yaml	408046ad0a0c5f189a5c80a954e7feb10e0b6abee2090889667045f0896f6655	PENDING_DISCOVERY	0	0	0				0	0	0
CHEBI:67359	pisonin B	WXEVCWAPVMCHML-UHFFFAOYSA-N	data/antibiotics/antimycobacterial/pisonin-b.yaml	a6a1e1dd1b3c850b5e3dc787651ca2e674375fb98b41c3ab27eee3691d743cfe	PENDING_DISCOVERY	0	0	0				0	0	0
CHEBI:67364	pisonivanone	SEHDRAXGPBPQKE-AWEZNQCLSA-N	data/antibiotics/antimycobacterial/pisonivanone.yaml	aec6ee84ba8159c5ee187c82136cc7c356fd8ad83775965f893ac564f8e6bca5	PENDING_DISCOVERY	0	0	0				0	0	0
CHEBI:71311	pyrazine-2-carboxylic acid	NIPZZXUFJPQHNH-UHFFFAOYSA-N	data/antibiotics/antimycobacterial/pyrazine-2-carboxylic-acid.yaml	1a396e49e43167fe7be9a5551b8d0022329301140febf7dc159937d65e4f3263	PENDING_DISCOVERY	0	0	0				0	0	0
CHEBI:45285	pyrazinecarboxamide	IPEHBUMCGVEMRF-UHFFFAOYSA-N	data/antibiotics/antimycobacterial/pyrazinecarboxamide.yaml	a25f8135be38a2d8656bf69a1f9e3455e720c318b8cf9df7489f1465511aae7d	PENDING_PRIMARY_REVIEW	12	0	57				0	0	0
CHEBI:65537	(R)-7-butyl-6,8-dihydroxy-3-[(3E)-pent-3-en-1-yl]-3,4-dihydroisochromen-1-one	RNIKQZXKWIZFHL-MASHWEEQSA-N	data/antibiotics/antimycobacterial/r-7-butyl-6-8-dihydroxy-3-3e-pent-3-en-1-yl-3-4-dihydroisochromen-1-on.yaml	1e33483b0c50990a1dc6ced21da42171946f1b92077f74ff82fcdbd4a1dba0f2	PENDING_DISCOVERY	0	0	0				0	0	0
CHEBI:67373	(R)-N-trans-feruloyloctopamine	VJSCHQMOTSXAKB-CFZDNBDDSA-N	data/antibiotics/antimycobacterial/r-n-trans-feruloyloctopamine.yaml	05706e2f3e3e70a0d5c70b804d2dd4034967d25299058eae1eea64a6e0075990	PENDING_DISCOVERY	0	0	0				0	0	0
CHEBI:28077	rifampicin	JQXXHWHPUNPDRT-WLSIYKJHSA-N	data/antibiotics/antimycobacterial/rifampicin.yaml	581ff192574e250dd94d983822cd8e202baded4899e64348af062e99c390dcee	PENDING_PRIMARY_REVIEW	40	0	363				0	0	0
CHEBI:29673	rifamycin SV	HJYYPODYNSCCOU-ODRIEIDWSA-N	data/antibiotics/antimycobacterial/rifamycin-sv.yaml	e6f3f5010710957f85c3925ab19c3a534bb72739384cf86b3f328ce3b781bd99	PENDING_DISCOVERY	0	0	0				0	0	0
CHEBI:45304	rifapentine	WDZCUPBHRAEYDL-GZAUEHORSA-N	data/antibiotics/antimycobacterial/rifapentine.yaml	e06a64a17277e3724665f87100171d4a70e0275c42b8d921f632813a95ab48f2	PENDING_PRIMARY_REVIEW	14	0	0				0	0	0
CHEBI:156209	S-ethyl-L-cysteine	ULXKXLZEOGLCRJ-BYPYZUCNSA-N	data/antibiotics/antimycobacterial/s-ethyl-l-cysteine.yaml	2e7a0579079ae8bdf8c9715dce79194623202895c6d75f21ea915c4ed3e31e1a	PENDING_DISCOVERY	0	0	0				0	0	0
CHEBI:28927	sakuranetin	DJOJDHGQRNZXQQ-AWEZNQCLSA-N	data/antibiotics/antimycobacterial/sakuranetin.yaml	da1ab52b9d71df2c0f1df9c0a68429587f19b497fe19bf606c485d9d926b3bd3	PENDING_DISCOVERY	0	0	0				0	0	0
CHEBI:66440	scleropyric acid	PZTFGAULNIGNTB-UHFFFAOYSA-N	data/antibiotics/antimycobacterial/scleropyric-acid.yaml	98c808fbade2dae00401770dbc7f544d58f5dbe79186b5a9cde5d470880bede4	PENDING_DISCOVERY	0	0	0				0	0	0
CHEBI:145030	steviolbioside	OMHUCGDTACNQEX-OSHKXICASA-N	data/antibiotics/antimycobacterial/steviolbioside.yaml	e3967fa2d7bca3894cce0f485f9fc84fe63c9371272a52ce2841648babb465d5	PENDING_DISCOVERY	0	0	0				0	0	0
CHEBI:53727	sulfamethoxydiazine	GPTONYMQFTZPKC-UHFFFAOYSA-N	data/antibiotics/antimycobacterial/sulfamethoxydiazine.yaml	c8d5c08d5ef82649d284224eae5280018bdba464957b32c9a8ca9ef3c57fc7a5	PENDING_DISCOVERY	0	0	0				0	0	0
CHEBI:66216	tetrahydroxysqualene	YMMHDITUHQNNKU-DKTKHUEWSA-N	data/antibiotics/antimycobacterial/tetrahydroxysqualene.yaml	3fe6ffce15e2750f32ce36e06c2563ba2f99e85259d4451fcff8fb713376cf00	PENDING_DISCOVERY	0	0	0				0	0	0
CHEBI:66279	tubelactomicin A	LWPAZPOZBPFAAE-WSQSGNSCSA-N	data/antibiotics/antimycobacterial/tubelactomicin-a.yaml	bc8e3429f83a33b51af75d60688becce2869a56ec6420bb446a84a12c8589792	PENDING_DISCOVERY	0	0	0				0	0	0
CHEBI:46202	undecanal	KMPQYAYAQWNLME-UHFFFAOYSA-N	data/antibiotics/antimycobacterial/undecanal.yaml	8e6b9b5392cd86a8e23997216571ab4c14ffd0f8d71c99550fdd29c593b3c977	PENDING_DISCOVERY	0	0	0				0	0	0
CHEBI:15782	viomycin	GXFAIFRPOKBQRV-GHXCTMGLSA-N	data/antibiotics/antimycobacterial/viomycin.yaml	18414e970066804dedd28000bfd1e82c63d1d895506bff8c8082fd12233bc11e	PENDING_PRIMARY_REVIEW	4	0	0				0	0	0
CHEBI:156228	viridiflorol	AYXPYQRXGNDJFU-IMNVLQEYSA-N	data/antibiotics/antimycobacterial/viridiflorol.yaml	8b50259d21ecca2d22e6fad7c24cb11bf36f3113da93f2c7020d494cef831087	PENDING_DISCOVERY	0	0	0				0	0	0
CHEBI:65736	1,2-dehydrogeissoschizoline	XJEKUKWZYMNSDW-XTXPVBGVSA-N	data/antibiotics/antiprotozoal/1-2-dehydrogeissoschizoline.yaml	5435ea519081cbf5e3cb7aaebdb97072cbd479781bece25d18d9fe83745c6ab4	PENDING_DISCOVERY	0	0	0				0	0	0
CHEBI:66472	10α-hydroperoxy-guaia-1,11-diene	WVEJIBNZNZLFEF-SFDCQRBFSA-N	data/antibiotics/antiprotozoal/10α-hydroperoxy-guaia-1-11-diene.yaml	ee44b6d4c7f03ddb79f20c88ca5b905b1686fe856710040e777dc58d553869c0	PENDING_DISCOVERY	0	0	0				0	0	0
CHEBI:63684	(+)-(11R,2'S)-erythro-mefloquine	XEEQGYMUWCZPDN-SWLSCSKDSA-N	data/antibiotics/antiprotozoal/11r-2-s-erythro-mefloquine.yaml	8d167f3c71dbcd32256f70a44678dda422335b3f362cc0613ab04607f46d53d3	PENDING_DISCOVERY	0	0	0				0	0	0
CHEBI:63687	(−)-(11S,2'R)-erythro-mefloquine	XEEQGYMUWCZPDN-DOMZBBRYSA-N	data/antibiotics/antiprotozoal/11s-2-r-erythro-mefloquine.yaml	bc444258a442a1acff157ac64accf96dcf4296240f9ceb974583aeb7b009cce8	PENDING_DISCOVERY	0	0	0				0	0	0
CHEBI:66474	15α-hydroperoxy-guaia-1(10),11-diene	OYLVRNLKRWKWJA-ZOWXZIJZSA-N	data/antibiotics/antiprotozoal/15α-hydroperoxy-guaia-1-10-11-diene.yaml	2265d8c772e1af0c7ab054865a5ee31816d22b2d1597242d379e71380baa65b3	PENDING_DISCOVERY	0	0	0				0	0	0
CHEBI:65935	19-(2-furyl)nonadeca-5,7-diynoic acid	AZDANMRNWNLXOP-UHFFFAOYSA-N	data/antibiotics/antiprotozoal/19-2-furyl-nonadeca-5-7-diynoic-acid.yaml	4e0eeedd372194ec8b776a77033d04ea5924ffbe132a4564711d49ff282aaedb	PENDING_DISCOVERY	0	0	0				0	0	0
CHEBI:66035	(1R,4S)-1-hydroperoxy-p-menth-2-en-8-ol acetate	VIUQTXYGNHOJBD-PWSUYJOCSA-N	data/antibiotics/antiprotozoal/1r-4s-1-hydroperoxy-p-menth-2-en-8-ol-acetate.yaml	0c303b69680fea32117178da49a408cfe73cd6f1dd0bd47e24ff84b29a29c58e	PENDING_DISCOVERY	0	0	0				0	0	0
CHEBI:65845	1R,4S,6R-1,4-endoperoxy-bisabola-2,10-diene	LJPSCRDRIZSODI-ATGSNQNLSA-N	data/antibiotics/antiprotozoal/1r-4s-6r-1-4-endoperoxy-bisabola-2-10-diene.yaml	de8c0b703e16838a9cf9e5a8d84c3a95921d72919ca7dd57a34860ef76448878	PENDING_DISCOVERY	0	0	0				0	0	0
CHEBI:65905	(1S,3S,4R,7S,8S,11S,12S,13S,15R,20R)-7-formamido-20-isocyanoisocycloamphilectane	XBSPNOJIQRUQDQ-OXEUSEQRSA-N	data/antibiotics/antiprotozoal/1s-3s-4r-7s-8s-11s-12s-13s-15r-20r-7-formamido-20-isocyanoisocycloamph.yaml	0384fbea99d226547461a0a290452adbab57ddb499b34f6fb5c8c044dfa3c88c	PENDING_DISCOVERY	0	0	0				0	0	0
CHEBI:65844	1S,4R,6R-1,4-endoperoxy-bisabola-2,10-diene	LJPSCRDRIZSODI-ZGKBOVNRSA-N	data/antibiotics/antiprotozoal/1s-4r-6r-1-4-endoperoxy-bisabola-2-10-diene.yaml	3708064df01a2d8509a2d56e1630af78ed6207276eb8ca494e4bc4614c321490	PENDING_DISCOVERY	0	0	0				0	0	0
CHEBI:66473	1α-hydroperoxy-guaia-10(15),11-diene	LSSAEGXLQBRSBC-PMOUVXMZSA-N	data/antibiotics/antiprotozoal/1α-hydroperoxy-guaia-10-15-11-diene.yaml	bb83edc82051b2acb56e95b6618ae301b1c8b5a15c4cc2e9423bb1ed06e8f50a	PENDING_DISCOVERY	0	0	0				0	0	0
CHEBI:66265	2,2',4'-trihydroxy-6'-methoxy-3',5'-dimethylchalcone	SPWBEELZNSXNME-CMDGGOBGSA-N	data/antibiotics/antiprotozoal/2-2-4-trihydroxy-6-methoxy-3-5-dimethylchalcone.yaml	abf3536d62d5d8899d3bdd27c80d7aea3848f9c4eec54d9823fdd99d8b572a64	PENDING_DISCOVERY	0	0	0				0	0	0
CHEBI:28523	2',6'-dihydroxy-4'-methoxydihydrochalcone	MDMCODCJMHTFIZ-UHFFFAOYSA-N	data/antibiotics/antiprotozoal/2-6-dihydroxy-4-methoxydihydrochalcone.yaml	34e113b45bebc68961dd976809abd11e4e814e4bf1f4689462740bd4834e4f9c	PENDING_DISCOVERY	0	0	0				0	0	0
CHEBI:67926	2''-acetylastragalin	MWEQHAGXLGTSKL-OPCQMSRDSA-N	data/antibiotics/antiprotozoal/2-acetylastragalin.yaml	5d1258fd5705e43fef0822bed64fdaad533711bf43524b399be9c949f791fea9	PENDING_DISCOVERY	0	0	0				0	0	0
CHEBI:67929	2''-acetylpaeonoside	UNCGSIXTLZAFKK-RXRZWAIISA-N	data/antibiotics/antiprotozoal/2-acetylpaeonoside.yaml	01b55782dac8bdbc71eba1d834ec2fac05d0714c6c7dd07f2c88660b04f90bc6	PENDING_DISCOVERY	0	0	0				0	0	0
CHEBI:67932	2''-acetylpetiolaroside	RZRIJLLGEUPKNZ-BIENJXGCSA-N	data/antibiotics/antiprotozoal/2-acetylpetiolaroside.yaml	212b21a686941b54055e4eb433982ff01d2ef29a4bcb331974aaf5b766928dcb	PENDING_DISCOVERY	0	0	0				0	0	0
CHEBI:65662	2-O-E-p-coumaroyl alphitolic acid	LCHMSLHVXVQJDG-GLDUGTPFSA-N	data/antibiotics/antiprotozoal/2-o-e-p-coumaroyl-alphitolic-acid.yaml	e67cfd58d888fc8fdef51bc3787940b8f1339173be635ed87f49fb13890abc79	PENDING_DISCOVERY	0	0	0				0	0	0
CHEBI:66095	20-epi-isoiguesterinol	RRKSDDREVOXSJD-TXARQUJHSA-N	data/antibiotics/antiprotozoal/20-epi-isoiguesterinol.yaml	f14fd5e3a7ae75299cfca472e30c954cef1946f58bc9772d98e03493b85394bc	PENDING_DISCOVERY	0	0	0				0	0	0
CHEBI:66049	21β-hydroxyolean-12-en-3-one	CYAGVDMNRPMVDV-ZMIVVTAWSA-N	data/antibiotics/antiprotozoal/21β-hydroxyolean-12-en-3-one.yaml	d3b1f63ae55539d1e18be5fc076e56f4904c801151bf13c2e2c3775938df933b	PENDING_DISCOVERY	0	0	0				0	0	0
CHEBI:65534	22α-methoxy-3-β-O-{β-D-Xylp(1→3)-[β-D-Glcp-(1→2)]-β-D-Glcp-(1→4)-β-D-Glcp}-furost-3β,26-diol 26-O-β-D-Glcp	QOKZNLCOQRNCTQ-XFBOQIBUSA-N	data/antibiotics/antiprotozoal/22α-methoxy-3-β-o-β-d-xylp-13-β-d-glcp-12-β-d-glcp-14-β-d-glcp-furost-.yaml	073a04190a1408c24d1ea1ae55300d0e8de3add08b4e3d1835cfa55e418646fb	PENDING_DISCOVERY	0	0	0				0	0	0
CHEBI:65532	3,15-di-O-acetylbruceolide	ZDBJNNBVIRSCJN-LFVFYYESSA-N	data/antibiotics/antiprotozoal/3-15-di-o-acetylbruceolide.yaml	984d8bccf2ba43e98ba6a5fa67dd2661235f52abd28c8d6d51dfb909b8362d7b	PENDING_DISCOVERY	0	0	0				0	0	0
CHEBI:65958	3-geranyl-2,4,6-trihydroxybenzophenone	ZAIQNYMNZNXUAF-FOWTUZBSSA-N	data/antibiotics/antiprotozoal/3-geranyl-2-4-6-trihydroxybenzophenone.yaml	5268f887bf39c48ca3def1435e900665755e2cc698742bcfcede2ac1092272c4	PENDING_DISCOVERY	0	0	0				0	0	0
CHEBI:65549	3-(Z)-caffeoyllupeol	NIKLINODNHPPMX-JPXCXHODSA-N	data/antibiotics/antiprotozoal/3-z-caffeoyllupeol.yaml	a101b1acd6471b50212d64d5b564627709511a0ee58ca9f1f4fa462cb4768f0f	PENDING_DISCOVERY	0	0	0				0	0	0
CHEBI:65741	4'-O-demethylknipholone-4'-O-β-D-glucopyranoside	AOJYFODHRHWWEN-GQUXZSRASA-N	data/antibiotics/antiprotozoal/4-o-demethylknipholone-4-o-β-d-glucopyranoside.yaml	0e0e113562eb310878ee7683111fab8677a59a88bde72e327659969a3c45b881	PENDING_DISCOVERY	0	0	0				0	0	0
CHEBI:66212	5,7,3',4'-tetrahydroxy-2'-(3,3-dimethylallyl)isoflavone	XIUMMQJDWWYGHD-UHFFFAOYSA-N	data/antibiotics/antiprotozoal/5-7-3-4-tetrahydroxy-2-3-3-dimethylallyl-isoflavone.yaml	8f4fe8644ad5f7ed435f413e15d2630c52ac35f8807eda080528d75756c03333	PENDING_DISCOVERY	0	0	0				0	0	0
CHEBI:66267	5,7,3'-trihydroxy-4',5'-(2'''',2''''-dimethylpyran)-8,2'-di(3-methyl-2-butenyl)-(2S)-flavanone	WHMJSNMIIPVCHC-VWLOTQADSA-N	data/antibiotics/antiprotozoal/5-7-3-trihydroxy-4-5-2-2-dimethylpyran-8-2-di-3-methyl-2-butenyl-2s-fl.yaml	0b676c924b410977276aa7514a723460900cd3f64017b73a27b52c68e325decb	PENDING_DISCOVERY	0	0	0				0	0	0
CHEBI:65942	5-galloylquercetin-3-O-α-L-arabinofuranoside	GUMSRJAIAPTKAF-CSEOLDMBSA-N	data/antibiotics/antiprotozoal/5-galloylquercetin-3-o-α-l-arabinofuranoside.yaml	90ac06908b80ea3c6ce804bbe99a8b9f9d2942dcead551a2956fd9e54ca257c5	PENDING_DISCOVERY	0	0	0				0	0	0
CHEBI:65842	5-O-methyl embelin	KHBJLRRAMCJZLZ-UHFFFAOYSA-N	data/antibiotics/antiprotozoal/5-o-methyl-embelin.yaml	71d8980564d20bf0a568b2356cc9f85026e93f89072ba13bce9b09f896baae86	PENDING_DISCOVERY	0	0	0				0	0	0
CHEBI:65607	5-O-methylcelebixanthone	AIBPYVNEBSHOCZ-UHFFFAOYSA-N	data/antibiotics/antiprotozoal/5-o-methylcelebixanthone.yaml	821c19bcdf1f81f23e3a5c914341fb7b371d56dea901da9636edbea803ae2580	PENDING_DISCOVERY	0	0	0				0	0	0
CHEBI:65780	7,4'-dihydroxy-3'-methoxyisoflavone	MUYAUELJBWQNDH-UHFFFAOYSA-N	data/antibiotics/antiprotozoal/7-4-dihydroxy-3-methoxyisoflavone.yaml	15dadecb06c4a5e4fc68c81b4be43ad720ba87a54f6ff8955b44e87ebafcb991	PENDING_DISCOVERY	0	0	0				0	0	0
CHEBI:67296	7-deacetylgedunin	HCEYJYMNIQHPPK-DXTZDJJUSA-N	data/antibiotics/antiprotozoal/7-deacetylgedunin.yaml	9f718fb44f0f230bc91adc007e184de389778e5b88e00fac169af5a3d3c89f5e	PENDING_DISCOVERY	0	0	0				0	0	0
CHEBI:65740	7'-O-demethylisocephaeline	HGQNZTBYUKKJLH-CQOCVSQPSA-N	data/antibiotics/antiprotozoal/7-o-demethylisocephaeline.yaml	a7d7228e248f000920a1cc88da702166112ad154c4e215a4587fabc8b210009b	PENDING_DISCOVERY	0	0	0				0	0	0
CHEBI:136532	8-azahypoxanthine	OEEYCNOOAHGFHL-UHFFFAOYSA-N	data/antibiotics/antiprotozoal/8-azahypoxanthine.yaml	4b27c02893cf5dd0847d8526382f2078f9b40b7f7589db2ca643158bf4727abf	PENDING_DISCOVERY	0	0	0				0	0	0
CHEBI:66699	9-methoxycanthin-6-one	OWCRARVHWCCRAG-UHFFFAOYSA-N	data/antibiotics/antiprotozoal/9-methoxycanthin-6-one.yaml	cd453c45eb65e03ca7650d292c65e3ff1a043ce23e1e013252c3f577bcd57f62	PENDING_DISCOVERY	0	0	0				0	0	0
CHEBI:139474	acedapsone	AMTPYFGPPVFBBI-UHFFFAOYSA-N	data/antibiotics/antiprotozoal/acedapsone.yaml	3fd4934a7922601428039549b160d7628960f5bef4baabe998c20f8317b80c73	PENDING_DISCOVERY	0	0	0				0	0	0
CHEBI:74545	acivicin	QAWIHIJWNYOLBE-OKKQSCSOSA-N	data/antibiotics/antiprotozoal/acivicin.yaml	94f913821370cdb91987aeed13d8507cd2cb5acb8e51a08cfc103c6b447fcc2d	PENDING_DISCOVERY	0	0	0				0	0	0
CHEBI:40629	AEE788	OONFNUWBHFSNBT-HXUWFJFHSA-N	data/antibiotics/antiprotozoal/aee788.yaml	d67957519d8b5d175249ed26cb637ac3dcfe94f9cee389b45955769d9953f326	PENDING_DISCOVERY	0	0	0				0	0	0
CHEBI:65385	alisiaquinol	OBXVUUWPKYYYBL-NCYKPQTJSA-N	data/antibiotics/antiprotozoal/alisiaquinol.yaml	05d6591bd89e0288dd62ae462235bc0c3ddd0b208d2b09b94628cf96e05ad343	PENDING_DISCOVERY	0	0	0				0	0	0
CHEBI:65382	alisiaquinone A	HKHLFNJYCWZXPO-NCYKPQTJSA-N	data/antibiotics/antiprotozoal/alisiaquinone-a.yaml	5290063a613a30ca6a75d03d4df0fd8cce41bde7a699e8b166deb405e303c5ff	PENDING_DISCOVERY	0	0	0				0	0	0
CHEBI:65383	alisiaquinone B	FYMHBDYBAOKOHD-YSFYHYPLSA-N	data/antibiotics/antiprotozoal/alisiaquinone-b.yaml	5b301eb7c85eb8a09be4469588ebbbf98b8e98badfdf2b1d6b4d1c10d03f68c1	PENDING_DISCOVERY	0	0	0				0	0	0
CHEBI:65384	alisiaquninone C	SFWTYJIXVMNTBL-ODAXIHTASA-N	data/antibiotics/antiprotozoal/alisiaquninone-c.yaml	349074973c62d7fdf228acf1247eb515b08cded8b0fbe2b9ed7d5c8a6959577c	PENDING_DISCOVERY	0	0	0				0	0	0
CHEBI:65387	allanxanthone C	QEJCXVUCARKGSY-UHFFFAOYSA-N	data/antibiotics/antiprotozoal/allanxanthone-c.yaml	94a8925625327ffe0b49307fb115321009a74c34b191a7dbba5097ad3be710ea	PENDING_DISCOVERY	0	0	0				0	0	0
CHEBI:65402	amburoside A	LRFIKYDSTHZRKW-BFMVXSJESA-N	data/antibiotics/antiprotozoal/amburoside-a.yaml	c957461d553c5dd80125c668dd70322cad7154a22e8fa680ae20f369e1b677db	PENDING_DISCOVERY	0	0	0				0	0	0
CHEBI:2674	amodiaquine	OVCDSSHSILBFBN-UHFFFAOYSA-N	data/antibiotics/antiprotozoal/amodiaquine.yaml	a7d6f236a391f66a1b21847b625ca6962fbb9a8038e0a5e3b6ad306f9a1825f6	PENDING_DISCOVERY	0	0	0				0	0	0
CHEBI:85266	amprolium(1+)	IPZFPROOBOUEIG-UHFFFAOYSA-N	data/antibiotics/antiprotozoal/amprolium-1.yaml	422b39c8f8877b3ae7f92f2e6645453b3c8ec561078a5ad186c00ee91ff7607d	PENDING_DISCOVERY	0	0	0				0	0	0
CHEBI:85265	amprolium	LCTXBFGHZLGBNU-UHFFFAOYSA-M	data/antibiotics/antiprotozoal/amprolium.yaml	c123049bc831244e1edb4e296357b7b97eafec77e4bc23b5cca0ed7e8325ad57	PENDING_DISCOVERY	0	0	0				0	0	0
CHEBI:65406	ancistrotanzanine A	QGIHYQPVZRSTNP-AWEZNQCLSA-N	data/antibiotics/antiprotozoal/ancistrotanzanine-a.yaml	525cbccb2ddbf3f45c484cf7f514f658e8d43f85d46eaa02cf0bfbdc73758f7d	PENDING_DISCOVERY	0	0	0				0	0	0
CHEBI:65407	ancistrotanzanine B	MIMNIDIHOQDTFD-HNNXBMFYSA-N	data/antibiotics/antiprotozoal/ancistrotanzanine-b.yaml	101a6c1e6ed0966833bbd6b9da272e2b1bfa6681b4fccb49f7f5f3da3aace6b2	PENDING_DISCOVERY	0	0	0				0	0	0
CHEBI:76	(−)-annonaine	VZTUKBKUWSHDFM-CYBMUJFWSA-N	data/antibiotics/antiprotozoal/annonaine.yaml	e9587b5462036d107f8abb4fc48c33e45aff8926132743a1ffd497eba75200f6	PENDING_DISCOVERY	0	0	0				0	0	0
CHEBI:195280	artemether	SXYIRMFQILZOAM-HVNFFKDJSA-N	data/antibiotics/antiprotozoal/artemether.yaml	58dc04b66257bc1c234076045ca6adb80aeef3949b8611dfecf850aedb067925	PENDING_DISCOVERY	0	0	0				0	0	0
CHEBI:223316	(+)-artemisinin	BLUAFEHZUWYNDE-NNWCWBAJSA-N	data/antibiotics/antiprotozoal/artemisinin.yaml	91a34a2f1a0b0a0fb076f6e3dd523bd75c57bdffc8be1641d5f05cfcbf6edb7f	PENDING_DISCOVERY	0	0	0				0	0	0
CHEBI:155927	arterolane maleate	SVDSPJJUJMMDFX-CXCXETQFSA-N	data/antibiotics/antiprotozoal/arterolane-maleate.yaml	1c9384bae9f39a7c2607d771cc50c6f3b55790e8dcf339818708c85d57d94bfc	PENDING_DISCOVERY	0	0	0				0	0	0
CHEBI:136054	arterolane	VXYZBLXGCYNIHP-MMNSZCNZSA-N	data/antibiotics/antiprotozoal/arterolane.yaml	deb6675595f29a8fad3650bd3b9347ad1a1f08abd64ceb1c949c6e46c0489f46	PENDING_DISCOVERY	0	0	0				0	0	0
CHEBI:63918	artesunate	FIHJKUPKCHIPAT-AHIGJZGOSA-N	data/antibiotics/antiprotozoal/artesunate.yaml	826b893f06c22720686f8bad7810e46d4f249b9d3677b20455aeaf7a2ff9471e	PENDING_DISCOVERY	0	0	0				0	0	0
CHEBI:2866	ascaridole	MGYMHQJELJYRQS-UHFFFAOYSA-N	data/antibiotics/antiprotozoal/ascaridole.yaml	55d0f8945b1a4044d276afcc051f18abaaea8076b82aef50cb4f6629a7605764	PENDING_DISCOVERY	0	0	0				0	0	0
CHEBI:156148	ascofuranone	VGYPZLGWVQQOST-JUERRSSISA-N	data/antibiotics/antiprotozoal/ascofuranone.yaml	b10756c8428df336be06f52c4a46b2a526752f55f2f331f9f01fb3cab7a43e1f	PENDING_DISCOVERY	0	0	0				0	0	0
CHEBI:167650	ASP-3026	MGGBYMDAPCCKCT-UHFFFAOYSA-N	data/antibiotics/antiprotozoal/asp-3026.yaml	c485466c3e042f35974a32b02ded26d302f00718ff6a6bdef3a468ef11c2a579	PENDING_DISCOVERY	0	0	0				0	0	0
CHEBI:67927	astragalin heptaacetate	XNIDEUYQVRRKJJ-FZPNTLRJSA-N	data/antibiotics/antiprotozoal/astragalin-heptaacetate.yaml	94fd6597d65cba3c8f2f04d31c335c249948c0ff852b1e67945f8fdae7004984	PENDING_DISCOVERY	0	0	0				0	0	0
CHEBI:133760	aurasperone A	QAHRSPAZSGMZMT-UHFFFAOYSA-N	data/antibiotics/antiprotozoal/aurasperone-a.yaml	0f8290bd106df9dfe6409a0e931256d101590d1294f64ade10d97f1b7bb1d81e	PENDING_DISCOVERY	0	0	0				0	0	0
CHEBI:76293	azadirone	XXIKKMLIDXLAIK-RFKFVWFBSA-N	data/antibiotics/antiprotozoal/azadirone.yaml	8ef3a61224b9e310418424de8f23587032a985def3306c57dd21967172e7d59f	PENDING_DISCOVERY	0	0	0				0	0	0
CHEBI:133833	benznidazole	CULUWZNBISUWAS-UHFFFAOYSA-N	data/antibiotics/antiprotozoal/benznidazole.yaml	69d88e05b1ea2751160634e942352a975e07947b1e4de890f16002c397748421	PENDING_DISCOVERY	0	0	0				0	0	0
CHEBI:3087	betulinic acid	QGJZLNKBHJESQX-FZFNOLFKSA-N	data/antibiotics/antiprotozoal/betulinic-acid.yaml	e69242199230fdbbb9e40f413324ca29a3e3a093ab804c96b7cfa0fa71e36df9	PENDING_DISCOVERY	0	0	0				0	0	0
CHEBI:65492	bidebiline C	OJNKDUUHVWZPHM-UHFFFAOYSA-N	data/antibiotics/antiprotozoal/bidebiline-c.yaml	3fa9481eea92b77010db3982aeda540e0b32e896083300121971ea76fa796807	PENDING_DISCOVERY	0	0	0				0	0	0
CHEBI:65493	bidebiline D	HXKKJKCNOAUCEJ-UHFFFAOYSA-N	data/antibiotics/antiprotozoal/bidebiline-d.yaml	6db24556fa8f02123a042a5c1a99b8b55d867d58d14af1ef20a7341bab00083c	PENDING_DISCOVERY	0	0	0				0	0	0
CHEBI:65497	bielschowskysin	BILSMHBWRCOPGJ-RASNQSQESA-N	data/antibiotics/antiprotozoal/bielschowskysin.yaml	383caf47375d84ad4c6d3705ee943cc997cb45b2694a053f94b05ce0403af352	PENDING_DISCOVERY	0	0	0				0	0	0
CHEBI:65498	bipinnatone A	SJBBGMVJNAOUOI-VLURGLOZSA-N	data/antibiotics/antiprotozoal/bipinnatone-a.yaml	f00e7cdbd75ce14d39403514863ccb368ff2b44bb3bc71adea13ca6c59471c48	PENDING_DISCOVERY	0	0	0				0	0	0
CHEBI:65499	bipinnatone B	NJIYMLLTXNGJHV-REZTVBANSA-N	data/antibiotics/antiprotozoal/bipinnatone-b.yaml	aadd0b368b196d7faea4366a201bb867a5013fe5cb11c1f7c1815b30bf338b60	PENDING_DISCOVERY	0	0	0				0	0	0
CHEBI:52717	bortezomib	GXJABQQUPOEUTA-RDJZCZTQSA-N	data/antibiotics/antiprotozoal/bortezomib.yaml	a7050b9ee672a8bfb9cbad4189e92c0a29abb44b80bce8186359604eee486791	PENDING_DISCOVERY	0	0	0				0	0	0
CHEBI:65529	bruceolide	YLWQKYSDNGHLAO-PWRINDRCSA-N	data/antibiotics/antiprotozoal/bruceolide.yaml	0a29b4067678e12bd4136b0ea20fb3154b72d6b36d2009f28f222a14f4005dd5	PENDING_DISCOVERY	0	0	0				0	0	0
CHEBI:132650	burchellin	SOLJFAQVSWXZEQ-CFGAKRJMSA-N	data/antibiotics/antiprotozoal/burchellin.yaml	a74e1440ecb363cf1aadf3af74dde678e1186a72f79cfb74670c01f158619374	PENDING_DISCOVERY	0	0	0				0	0	0
CHEBI:65539	caesalpinin C	MYVHVFGKOZGBLW-RAMHWAOYSA-N	data/antibiotics/antiprotozoal/caesalpinin-c.yaml	d5276e83548da777105db6ea4a4305ff282f029cfa222000efa6d9dc180d0ceb	PENDING_DISCOVERY	0	0	0				0	0	0
CHEBI:65540	caesalpinin D	QAYOIGPJKWWLOT-WXRFRXGMSA-N	data/antibiotics/antiprotozoal/caesalpinin-d.yaml	a417cb38e1592afbd38c2a3f4bbfce05bf15fafa4ab92c8f034393e9275eb2a1	PENDING_DISCOVERY	0	0	0				0	0	0
CHEBI:65541	caesalpinin F	FGVVZVPAVGZHMX-SHLUOHGRSA-N	data/antibiotics/antiprotozoal/caesalpinin-f.yaml	571884ccc923a61122c1e534ef5b8a4f53402d25a1e94fdd93e2f34738960450	PENDING_DISCOVERY	0	0	0				0	0	0
CHEBI:65581	caribenol B	UZKZXPWGNRCNCM-NDNLJYSTSA-N	data/antibiotics/antiprotozoal/caribenol-b.yaml	158379a9d677dc4418f323bb47fb4049e7ef7fa5f65c1532b32dcef86df2b624	PENDING_DISCOVERY	0	0	0				0	0	0
CHEBI:65596	cassiarin A	PEFIRMBVFBVVGZ-UHFFFAOYSA-N	data/antibiotics/antiprotozoal/cassiarin-a.yaml	fcb2c4dc8feb55a2dd3853687de834be328e9dd38509e436ff9d7d2360e3d8d4	PENDING_DISCOVERY	0	0	0				0	0	0
CHEBI:65597	cassiarin B	OTLORQJLOJHVHW-UHFFFAOYSA-N	data/antibiotics/antiprotozoal/cassiarin-b.yaml	996badecdf4c2e8bc5266146b21fb78cade95f4c2283ab2aa12d315eb4f7338f	PENDING_DISCOVERY	0	0	0				0	0	0
CHEBI:65606	celebixanthone	OQPZXQVAOOHEFP-UHFFFAOYSA-N	data/antibiotics/antiprotozoal/celebixanthone.yaml	4ed376e5074d8b698a13b1b04970bba159a1be1fb0ab0777cedced91a48712b7	PENDING_DISCOVERY	0	0	0				0	0	0
CHEBI:65611	chaetoxanthone A	PYEDKAHYOPGAKC-PDXJJUDESA-N	data/antibiotics/antiprotozoal/chaetoxanthone-a.yaml	ad934b59cdadf125332e34316388477fc5511096a379c29c73a39f4415f13813	PENDING_DISCOVERY	0	0	0				0	0	0
CHEBI:65612	chaetoxanthone B	ZUEKQPJBVORAFH-UHFFFAOYSA-N	data/antibiotics/antiprotozoal/chaetoxanthone-b.yaml	b201ebdebc048dc38c9829d68fdebc0b26033022bb1e968c55c6ebd7ebf730c5	PENDING_DISCOVERY	0	0	0				0	0	0
CHEBI:65613	chaetoxanthone C	MWYMVCYBLZZWPG-BXKDBHETSA-N	data/antibiotics/antiprotozoal/chaetoxanthone-c.yaml	23c503824698147ad2a6bfbbcbd7f659e087f650b78b747ff808dcd12fef8968	PENDING_DISCOVERY	0	0	0				0	0	0
CHEBI:3638	chloroquine	WHTVZRBIWZFKQO-UHFFFAOYSA-N	data/antibiotics/antiprotozoal/chloroquine.yaml	c065dc6d735cabf0859e7d4c4a54e499675ee2d26f6ff2ab04957f9dc079bdfb	PENDING_DISCOVERY	0	0	0				0	0	0
CHEBI:65630	ciliatamide A	UNVIKJZRLTXMOH-DHIUTWEWSA-N	data/antibiotics/antiprotozoal/ciliatamide-a.yaml	cee509b542434fd93c2f34de1fe96ea1edab6eceecd4e0fabe0dd37783022ede	PENDING_DISCOVERY	0	0	0				0	0	0
CHEBI:65631	ciliatamide B	FNPKNWJUFWGJJV-NHCUHLMSSA-N	data/antibiotics/antiprotozoal/ciliatamide-b.yaml	9f52890aced5d964c8aabbd6c56566f8691e7fd5902f22cc882b2497ff504b2b	PENDING_DISCOVERY	0	0	0				0	0	0
CHEBI:65648	cochinchinone C	XWFNYKWKDWAAMZ-OWYCYUENSA-N	data/antibiotics/antiprotozoal/cochinchinone-c.yaml	c1094c4cb93e35f2068bb3d02db59498155f8b56f268fd5d6ea8c4e02b5f3a4f	PENDING_DISCOVERY	0	0	0				0	0	0
CHEBI:70005	combretol	SUNUQCQIFHHEOW-UHFFFAOYSA-N	data/antibiotics/antiprotozoal/combretol.yaml	9f826d2805a347b013bac92141f105f052311b5574cb0f9846c2b2f161cf4852	PENDING_DISCOVERY	0	0	0				0	0	0
CHEBI:65658	cordyheptapeptide A	ZXPWAGZHBVVLJM-PPLXTMPISA-N	data/antibiotics/antiprotozoal/cordyheptapeptide-a.yaml	d94bbc4363388dc9e8b148bca87c54f2a8b45ee1c3df049dbfff056ff84e8aa6	PENDING_DISCOVERY	0	0	0				0	0	0
CHEBI:3887	(−)-coronaridine	NVVDQMVGALBDGE-PZXGUROGSA-N	data/antibiotics/antiprotozoal/coronaridine.yaml	366c0272c4cec78f428eebb7af30388ed3423b2cf991844a89b6b3194bc7acec	PENDING_DISCOVERY	0	0	0				0	0	0
CHEBI:65666	crambescidin 800	PPZWAJHYVRKUKB-BPXWMNIUSA-N	data/antibiotics/antiprotozoal/crambescidin-800.yaml	aa61d29b1db808f62629392d7b9c116461fc0f7e4ef0afb18a3e9458873e0931	PENDING_DISCOVERY	0	0	0				0	0	0
CHEBI:3930	cryptolepine	KURWKDDWCJELSV-UHFFFAOYSA-N	data/antibiotics/antiprotozoal/cryptolepine.yaml	50e9495f2718aad237a1568b346b40bde52071a6dfb134bec0fb1bcdf3573299	PENDING_DISCOVERY	0	0	0				0	0	0
CHEBI:231816	CT3	JDTWUDDOSHJEIZ-UHFFFAOYSA-N	data/antibiotics/antiprotozoal/ct3.yaml	aed2b9661376188e3c447762acb09337c5247410cddfd61ed96a17f0105300ec	PENDING_DISCOVERY	0	0	0				0	0	0
CHEBI:65684	(−)-cubebin	DIYWRNLYKJKHAM-MDOVXXIYSA-N	data/antibiotics/antiprotozoal/cubebin.yaml	b1d118568d83b72baa7504c1505bebfaff2b8309dc300e3e28cc698bb2d55ed0	PENDING_DISCOVERY	0	0	0				0	0	0
CHEBI:135029	cycloguanil	QMNFFXRFOJIOKZ-UHFFFAOYSA-N	data/antibiotics/antiprotozoal/cycloguanil.yaml	383462282c2feb6435b920b25da11e9aec99639f63feba2d868111f35d5b613b	PENDING_DISCOVERY	0	0	0				0	0	0
CHEBI:65735	dehydrodiconiferyl dibenzoate	VSDDOTKKJQUPSV-MDZDMXLPSA-N	data/antibiotics/antiprotozoal/dehydrodiconiferyl-dibenzoate.yaml	bf92ce7ffd4a56f7c722d5088ed33fde421e5375101ddae0620de06c8f3faf7a	PENDING_DISCOVERY	0	0	0				0	0	0
CHEBI:149634	dehydroemetine	XXLZPUYGHQWHRN-RPBOFIJWSA-N	data/antibiotics/antiprotozoal/dehydroemetine.yaml	8ed6ce061e2457e074660ffd51f0bc1540b987a77cc0814cc1adf19e69b70121	PENDING_DISCOVERY	0	0	0				0	0	0
CHEBI:78492	diallyl trisulfide	UBAXRAHSPKWNCX-UHFFFAOYSA-N	data/antibiotics/antiprotozoal/diallyl-trisulfide.yaml	9f574f4fa4cbc1480884eef86ac8eeaf51ed3248c1b45698611ca29ffcec8103	PENDING_DISCOVERY	0	0	0				0	0	0
CHEBI:207229	dihydroartemisinin	BJDCWCLMFKKGEE-HVDUHBCDSA-N	data/antibiotics/antiprotozoal/dihydroartemisinin.yaml	306854ab709a149c22116b00df1aa6556c059f725aaf977d8f41e7dd75a4beb6	PENDING_DISCOVERY	0	0	0				0	0	0
CHEBI:65485	dihydrobetulinic acid	PZXJOHSZQAEJFE-FZFNOLFKSA-N	data/antibiotics/antiprotozoal/dihydrobetulinic-acid.yaml	5ef68e9443550f99d33aa94814d96ea668b6473fe85e89961279437cfc1d26e3	PENDING_DISCOVERY	0	0	0				0	0	0
CHEBI:141155	dimetridazole	IBXPYPUJPLLOIN-UHFFFAOYSA-N	data/antibiotics/antiprotozoal/dimetridazole.yaml	5c9b79bf2527f0088112e4eee8ef35ab07d7bd6de32b6b374cde060a527d3990	PENDING_DISCOVERY	0	0	0				0	0	0
CHEBI:82614	diminazene(2+)	XNYZHCFCZNMTFY-UHFFFAOYSA-P	data/antibiotics/antiprotozoal/diminazene-2.yaml	3d4a1d7f71e67bacd126e2d3fe1e77b04b913e1c723246e1e3632ff81ed04b32	PENDING_DISCOVERY	0	0	0				0	0	0
CHEBI:82615	diminazene diaceturate	OKQSSSVVBOUMNZ-UHFFFAOYSA-N	data/antibiotics/antiprotozoal/diminazene-diaceturate.yaml	4d7fa10258a682ebba57bc84ed7a93a5c5fd4acf037e820889122f527870b5b8	PENDING_DISCOVERY	0	0	0				0	0	0
CHEBI:81724	diminazene	XNYZHCFCZNMTFY-UHFFFAOYSA-N	data/antibiotics/antiprotozoal/diminazene.yaml	8dea24c6b0a9c94ab923f2a4ee0e7615bc7797894c3b285755f196b00b0634b3	PENDING_DISCOVERY	0	0	0				0	0	0
CHEBI:31503	dioncopeltine A	ZQSUAGVTKAZDJV-CHWSQXEVSA-N	data/antibiotics/antiprotozoal/dioncopeltine-a.yaml	9e3437cb21e32b2d7bf6270710b03e701a8795eab43c435c619b77ca287e0c0b	PENDING_DISCOVERY	0	0	0				0	0	0
CHEBI:31505	dioncophylline C	NALOMJPIDNQZKW-ZIAGYGMSSA-N	data/antibiotics/antiprotozoal/dioncophylline-c.yaml	a6f5f074757918dc331c1f2a8c8f013577aa0a30ea136c28685ed9e4b4d13be7	PENDING_DISCOVERY	0	0	0				0	0	0
CHEBI:65802	diuvaretin	KDEMELRYKGOXDL-UHFFFAOYSA-N	data/antibiotics/antiprotozoal/diuvaretin.yaml	80356e60941e20fdc69389625cdc2c33e625190d6df76371ee99e7db4771f07c	PENDING_DISCOVERY	0	0	0				0	0	0
CHEBI:4672	docetaxel anhydrous	ZDZOTLJHXYCWBA-VCVYQWHSSA-N	data/antibiotics/antiprotozoal/docetaxel-anhydrous.yaml	d69446e13d1ce60fad74e99efd6f0364aaa5a5da862731051a9d0272a18bc672	PENDING_DISCOVERY	0	0	0				0	0	0
CHEBI:65583	dragomabin	JAYHQHZOWYDLDQ-PONGSQKHSA-N	data/antibiotics/antiprotozoal/dragomabin.yaml	58f9e2cb95da1b869611a10c34b85f9b16c271cd9b4d00882b037e2d4b8472e3	PENDING_DISCOVERY	0	0	0				0	0	0
CHEBI:65584	dragonamide A	LFBMRFDBJDFLTN-QDNWXXHKSA-N	data/antibiotics/antiprotozoal/dragonamide-a.yaml	3a26a43fcf11f940a69b555b1d87323ec16743f0ce56e8dbed241ffe6808ecc8	PENDING_DISCOVERY	0	0	0				0	0	0
CHEBI:65818	dzununcanone	RJLTUQKBCWHJFJ-ACCWSZCWSA-N	data/antibiotics/antiprotozoal/dzununcanone.yaml	f12eb6dcdc1bc03694c74631c99ce9e9cf722035a66ee0704f7be1bbf8c9400c	PENDING_DISCOVERY	0	0	0				0	0	0
CHEBI:46762	(E,E,E)-geranylgeraniol	OJISWRZIEWCUBN-QIRCYJPOSA-N	data/antibiotics/antiprotozoal/e-e-e-geranylgeraniol.yaml	38ca18f032e9b5cfce433b5a9ba9d4fcddab77e5867359561c9ae0b30ebcc0b8	PENDING_DISCOVERY	0	0	0				0	0	0
CHEBI:30270	E64	LTLYEAJONXGNFG-DCAQKATOSA-N	data/antibiotics/antiprotozoal/e64.yaml	b3bf47801f9773308738e66ed6dfeec47b33091b6ca11705eb4fe2a1c0fb9651	PENDING_DISCOVERY	0	0	0				0	0	0
CHEBI:41948	eflornithine	VLCYCQAOQCDTCN-UHFFFAOYSA-N	data/antibiotics/antiprotozoal/eflornithine.yaml	f717ced124bad30ff7e497182b229cd13f084e668ca3c8c3e76f2ff1cb807b72	PENDING_DISCOVERY	0	0	0				0	0	0
CHEBI:146000	emetine dihydrochloride hydrate	IZTPMTAWOCEKKM-VXMYZLRESA-N	data/antibiotics/antiprotozoal/emetine-dihydrochloride-hydrate.yaml	ad797cc5e3da26f9865662490dfe16810a797bc8db0064500066f57964d56988	PENDING_DISCOVERY	0	0	0				0	0	0
CHEBI:149551	emetine dihydrochloride	JROGBPMEKVAPEH-GXGBFOEMSA-N	data/antibiotics/antiprotozoal/emetine-dihydrochloride.yaml	3a48ea6d5166f4c4c6437f82e5f01ddd532c8f2c2bea33d24825a96ea8837559	PENDING_DISCOVERY	0	0	0				0	0	0
CHEBI:4781	emetine	AUVVAXYIELKVAI-CKBKHPSWSA-N	data/antibiotics/antiprotozoal/emetine.yaml	58f454ebed3c6dc04a459e74fdee89f548557d4c06768500beb147dba275cd97	PENDING_DISCOVERY	0	0	0				0	0	0
CHEBI:4883	ethidium bromide	ZMMJGEGLRURXTF-UHFFFAOYSA-N	data/antibiotics/antiprotozoal/ethidium-bromide.yaml	7aac5cd8f94c29566e19ea2fc4457d738d0e265dcb301c6ca8141fd01726d9ff	PENDING_DISCOVERY	0	0	0				0	0	0
CHEBI:65873	Eunicea sesquiterpenoid 2	JWBPWNWPEVPCMJ-JVFXBBKESA-N	data/antibiotics/antiprotozoal/eunicea-sesquiterpenoid-2.yaml	fd9dbb182b9ba8f48ce6496bb35ba234f53776c756911dbd033bb885ff1e7a0d	PENDING_DISCOVERY	0	0	0				0	0	0
CHEBI:65877	Eunicea sesquiterpenoid 7	WNLDPFSWPBREOU-SURQFZOFSA-N	data/antibiotics/antiprotozoal/eunicea-sesquiterpenoid-7.yaml	65f8e69919f6e88f17dd18095bb6381230e8efb91ae588c6c857817b8ba15554	PENDING_DISCOVERY	0	0	0				0	0	0
CHEBI:65887	eurycomanone	UCUWZJWAQQRCOR-AIMGAIMTSA-N	data/antibiotics/antiprotozoal/eurycomanone.yaml	9d0ddc15691f8b4b2b7cc910d45f02d3403e9e8f1618668c14de54783c2e0867	PENDING_DISCOVERY	0	0	0				0	0	0
CHEBI:65891	exiguaflavanone A	FPUREMWTZVLZBZ-QRQCRPRQSA-N	data/antibiotics/antiprotozoal/exiguaflavanone-a.yaml	c54d5110d8641fd113e976f9dc9abfaa1f935c6a8ef01d38ca4fe05e34443f37	PENDING_DISCOVERY	0	0	0				0	0	0
CHEBI:65892	exiguaflavanone B	COKUCRXLRIRZQM-MWTRTKDXSA-N	data/antibiotics/antiprotozoal/exiguaflavanone-b.yaml	96f525f70366e02de3a4a350205cac25bb486c989ebd0b878412cb592b753fff	PENDING_DISCOVERY	0	0	0				0	0	0
CHEBI:65899	flavokawain B	QKQLSQLKXBHUSO-CMDGGOBGSA-N	data/antibiotics/antiprotozoal/flavokawain-b.yaml	321602c306cb6787e43c70172c1b00367d1a5264412576608c8a717c5797dc0c	PENDING_DISCOVERY	0	0	0				0	0	0
CHEBI:65940	gaboroquinone A	KUDYATBIEOTCGT-UHFFFAOYSA-N	data/antibiotics/antiprotozoal/gaboroquinone-a.yaml	1383db88519e978270d7b4c8d2875baa95a5d08de03e0dc150df3faaf839b978	PENDING_DISCOVERY	0	0	0				0	0	0
CHEBI:65954	gedunin	YJXDGWUNRYLINJ-BHAPSIHVSA-N	data/antibiotics/antiprotozoal/gedunin.yaml	3a71ee13954d80eb5e646e0a216e0dd978bc6ede4ddff580f3eedbc7334a3ff4	PENDING_DISCOVERY	0	0	0				0	0	0
CHEBI:5283	geissoschizoline	FAQGZHFLASTWAV-RWANUPMISA-N	data/antibiotics/antiprotozoal/geissoschizoline.yaml	a27253573ce0c9b9b9183cfbfcb84b004fad5176e2813d75077faa7cab07621c	PENDING_DISCOVERY	0	0	0				0	0	0
CHEBI:42768	geneticin	BRZYSWJRSDMWLG-CAXSIQPQSA-N	data/antibiotics/antiprotozoal/geneticin.yaml	1bc515f09559082f7ff6177acda5ec9fd2020759ee36b3d76eb0d6aebf9730e1	PENDING_DISCOVERY	0	0	0				0	0	0
CHEBI:24229	geranylgeraniol	OJISWRZIEWCUBN-UHFFFAOYSA-N	data/antibiotics/antiprotozoal/geranylgeraniol.yaml	716fe3b65d62c7cdc33ec58bf51e16ae2d010c96cccf0f118bba8eca3361a71f	PENDING_DISCOVERY	0	0	0				0	0	0
CHEBI:5369	glabridin	LBQIJVLKGVZRIW-ZDUSSCGKSA-N	data/antibiotics/antiprotozoal/glabridin.yaml	f6c29f4ef497a5133fe1509bbbf21a3f1ba0deb78a800bab19d46c4901a295a1	PENDING_DISCOVERY	0	0	0				0	0	0
CHEBI:5371	glaucarubinone	WRBGCYVAJRRQKP-STDAJNJZSA-N	data/antibiotics/antiprotozoal/glaucarubinone.yaml	a7c0c3dc7f2adf551d5c4a23afe2dac91baf40e64494890e1335b917ff6c0393	PENDING_DISCOVERY	0	0	0				0	0	0
CHEBI:133824	GNF6702	WXZFCGRYVWYYTG-UHFFFAOYSA-N	data/antibiotics/antiprotozoal/gnf6702.yaml	eeab18eb3124f6cad94d55741bd6540486d40d49785e7658b3c6464202c251fa	PENDING_DISCOVERY	0	0	0				0	0	0
CHEBI:195185	gravacridonediol	RQAGSTDFTGSIGB-UHFFFAOYSA-N	data/antibiotics/antiprotozoal/gravacridonediol.yaml	1208bf40cc3534b2302eaf96531e03e680939fa1130ad9624d6322eff22cd508	PENDING_DISCOVERY	0	0	0				0	0	0
CHEBI:65989	gutolactone	WSUNNCJENRRPLS-DQVMPRLHSA-N	data/antibiotics/antiprotozoal/gutolactone.yaml	78335ebe14e218694a2876164efe0c62ec6c93f01f0efab1df7147327d450a4a	PENDING_DISCOVERY	0	0	0				0	0	0
CHEBI:65991	guttiferone F	QDKLRKZQSOQWJQ-LPEHXNHASA-N	data/antibiotics/antiprotozoal/guttiferone-f.yaml	8dc41e367f13456136883f6fb021eb056245b67e09280edd4ac8b6106f30d6b6	PENDING_DISCOVERY	0	0	0				0	0	0
CHEBI:38344	hellebrigenin	TVKPTWJPKVSGJB-XHCIOXAKSA-N	data/antibiotics/antiprotozoal/hellebrigenin.yaml	2d93e2b5a76759d40f91b1ffdc2a1f34af9eaf7c92543f5c646c5323e75918ad	PENDING_DISCOVERY	0	0	0				0	0	0
CHEBI:5722	hinokinin	DDWGQGZPYDSYEL-LSDHHAIUSA-N	data/antibiotics/antiprotozoal/hinokinin.yaml	34be52a9aae2fa0d7f686a2b0c6262c03f76b859e58d13553e9ff1592c63536b	PENDING_DISCOVERY	0	0	0				0	0	0
CHEBI:66020	hookerianamide H	BRKREXSOPCTPTI-BLXLMBLLSA-N	data/antibiotics/antiprotozoal/hookerianamide-h.yaml	391cc5ae923dfd4955d15774d98f076c5e5225134a36953126910c7036b97788	PENDING_DISCOVERY	0	0	0				0	0	0
CHEBI:66021	hookerianamide I	NISGMKNSSUMSSN-IBWRYCSWSA-N	data/antibiotics/antiprotozoal/hookerianamide-i.yaml	58234698104bacdb939106347eee349e98229270a08484b2f6f4840dd0d9c214	PENDING_DISCOVERY	0	0	0				0	0	0
CHEBI:5801	hydroxychloroquine	XXSMGPRMXLTPCZ-UHFFFAOYSA-N	data/antibiotics/antiprotozoal/hydroxychloroquine.yaml	86a375fb7ea970febba97881c620932692cc6ff2236b78c93b550222864bbb40	PENDING_DISCOVERY	0	0	0				0	0	0
CHEBI:75276	ikarugamycin	WSUGGLXIPUHOSG-QOMLVTEJSA-N	data/antibiotics/antiprotozoal/ikarugamycin.yaml	7cadb9a8496a12694457dc73d0a712415c23ecea61271556c4ea88345afbd542	PENDING_DISCOVERY	0	0	0				0	0	0
CHEBI:92257	IKK16	BWZJBXAPRCVCKQ-UHFFFAOYSA-N	data/antibiotics/antiprotozoal/ikk16.yaml	159b965b80badf0dd9cc35804b1bcee169d0e75d1781ee5d0290bec660291f62	PENDING_DISCOVERY	0	0	0				0	0	0
CHEBI:51804	imidocarb	SCEVFJUWLLRELN-UHFFFAOYSA-N	data/antibiotics/antiprotozoal/imidocarb.yaml	e69e5a2b0513cc1b95b204348154acddb64e76642c0c70e2c70ee0a7fad3aac4	PENDING_DISCOVERY	0	0	0				0	0	0
CHEBI:66086	isariotin F	BQBLZAMUHGIEFL-JRVIZFGFSA-N	data/antibiotics/antiprotozoal/isariotin-f.yaml	92f81965239da30461c78a21416d5362d8df94d84fb3fe8aac11413b5e93f29c	PENDING_DISCOVERY	0	0	0				0	0	0
CHEBI:66094	isoiguesterin	RUVGAOXZLPFVKY-VAPXRUTMSA-N	data/antibiotics/antiprotozoal/isoiguesterin.yaml	e9539e35d9623eea55afe6f7cb1aae6743bcf0522b1cd894ac950107a33b0177	PENDING_DISCOVERY	0	0	0				0	0	0
CHEBI:66612	isonordoperoxide	BDBRZURCDWHOCK-GBALPHGKSA-N	data/antibiotics/antiprotozoal/isonordoperoxide.yaml	f7d96b5cbfffa64a46caec748084f864455b8c30f159a893220a96dbe574482d	PENDING_DISCOVERY	0	0	0				0	0	0
CHEBI:177533	itarnafloxin	WOQIDNWTQOYDLF-CGAIIQECSA-N	data/antibiotics/antiprotozoal/itarnafloxin.yaml	f75dee5ac98ef00197e7e224b0692c152cf13f390e18f7fd2c4393ca386b5cd1	PENDING_DISCOVERY	0	0	0				0	0	0
CHEBI:133224	kaempferol 3,7-di-O-β-D-glucoside	XFFQVRFGLSBFON-DEFKTLOSSA-N	data/antibiotics/antiprotozoal/kaempferol-3-7-di-o-β-d-glucoside.yaml	7d7f07f1d1021303f47e5bd4cfa0128e11d378574d4d1262e8abc81524858384	PENDING_DISCOVERY	0	0	0				0	0	0
CHEBI:30200	kaempferol 3-O-β-D-glucoside	JPUKWEQWGBDDQB-QSOFNFLRSA-N	data/antibiotics/antiprotozoal/kaempferol-3-o-β-d-glucoside.yaml	7937329e4ba025eedd3254b98f4beb83a60ce1ac999d5896ecb67b3f9c957583	PENDING_DISCOVERY	0	0	0				0	0	0
CHEBI:6116	kavapyrone	MLGUXXSGWWCJQW-KBPBESRZSA-N	data/antibiotics/antiprotozoal/kavapyrone.yaml	ea3b62248885ecac3ddeaf071ec56b3317abb5a47f53180268f2cbf99e896a1f	PENDING_DISCOVERY	0	0	0				0	0	0
CHEBI:66147	klugine	IIFHKWNCTVOSKL-OKGGWNPJSA-N	data/antibiotics/antiprotozoal/klugine.yaml	fcba034f68f6a839946462007cf7bac6c397d5c7800564ad3935a4b7cd5ae01f	PENDING_DISCOVERY	0	0	0				0	0	0
CHEBI:6141	knipholone	DUENHQWYLVQDQK-UHFFFAOYSA-N	data/antibiotics/antiprotozoal/knipholone.yaml	8a7c8f4b38edaa9304c3ccc43eee2d97e6bce012ed8b877674216c09fc548ec4	PENDING_DISCOVERY	0	0	0				0	0	0
CHEBI:66148	komaroviquinone	DUWHKUPNNGPNFK-ZEWGMFERSA-N	data/antibiotics/antiprotozoal/komaroviquinone.yaml	2390152e1ba63ae8b75cbb8b45e4b70f03cbec82454252b67d243acc2cb7ac42	PENDING_DISCOVERY	0	0	0				0	0	0
CHEBI:6358	lactucin	VJQAFLAZRVKAKM-VZLIPTOUSA-N	data/antibiotics/antiprotozoal/lactucin.yaml	bd3b29cedd5bdbcf1fa4b479ecd2fd2a0d494b6230ee0c6847bf941079c541d2	PENDING_DISCOVERY	0	0	0				0	0	0
CHEBI:91848	lasalocid sodium	RDHDUYAKDYQPEW-HWLWSTNVSA-M	data/antibiotics/antiprotozoal/lasalocid-sodium.yaml	921f44af238645b0ef9fd551dd2448bd04c3114e5a3958a8e865fd41ea106dfd	PENDING_DISCOVERY	0	0	0				0	0	0
CHEBI:92181	lasalocid	BBMULGJBVDDDNI-OWKLGTHSSA-N	data/antibiotics/antiprotozoal/lasalocid.yaml	c3f60d86def54e6389dc1b419065df7234fc3674233e5f90b1d64b9fa8b2be8c	PENDING_DISCOVERY	0	0	0				0	0	0
CHEBI:66559	leachianone A	YLTPWCZXKJSORQ-GYCJOSAFSA-N	data/antibiotics/antiprotozoal/leachianone-a.yaml	a35b0c81d61193482607fe1b54691db637ac1a9383a53f27541cb63182206791	PENDING_DISCOVERY	0	0	0				0	0	0
CHEBI:6521	lonchocarpenin	CCYKXDPVYWRNMH-UHFFFAOYSA-N	data/antibiotics/antiprotozoal/lonchocarpenin.yaml	1f0e7988048541a6d9a921fb598072cfb4333340213b60a072131d15279c3b89	PENDING_DISCOVERY	0	0	0				0	0	0
CHEBI:68980	longirostrerone A	IAPUSMZQQSXGDI-QXHNIIHBSA-N	data/antibiotics/antiprotozoal/longirostrerone-a.yaml	7e58ce7ecce29d4e449b2973381f7515c313cf39f738591693763c27e721e7e9	PENDING_DISCOVERY	0	0	0				0	0	0
CHEBI:68981	longirostrerone B	PZWVXQVKPAZYRZ-GIIUFEGQSA-N	data/antibiotics/antiprotozoal/longirostrerone-b.yaml	bf092bb21de19d912c156fff93aa8c4e9dbf19347eeaab96d63b018bc5ba450b	PENDING_DISCOVERY	0	0	0				0	0	0
CHEBI:68982	longirostrerone C	HOGGEAXXACLKBX-OPYHNVJQSA-N	data/antibiotics/antiprotozoal/longirostrerone-c.yaml	e416247d048375ca0cd144c3dbd5cbe851f1c4c8402fef274c81b5fcb86f28cc	PENDING_DISCOVERY	0	0	0				0	0	0
CHEBI:156095	lumefantrine	DYLGFOYVTXJFJP-MYYYXRDXSA-N	data/antibiotics/antiprotozoal/lumefantrine.yaml	9fadc5b2fb651a56eb225609dadc7ab8c3efb356708f68bff332f9ceb8d72d1c	PENDING_DISCOVERY	0	0	0				0	0	0
CHEBI:6601	lycorine	XGVJWXAYKUHDOO-DANNLKNASA-N	data/antibiotics/antiprotozoal/lycorine.yaml	05c8606674314a4f9771fcdd70d212235c0dcfec0c0244be99e86262023cd774	PENDING_DISCOVERY	0	0	0				0	0	0
CHEBI:66667	manzamine A	FUCSLKWLLSEMDQ-MKYGIPPKSA-N	data/antibiotics/antiprotozoal/manzamine-a.yaml	79fb0daa1b6390783dcd13b45cb59e151d300eb3fa77f9640ee95efd40387189	PENDING_DISCOVERY	0	0	0				0	0	0
CHEBI:82818	MDL-28170	NGBKFLTYGSREKK-PMACEKPBSA-N	data/antibiotics/antiprotozoal/mdl-28170.yaml	79387acf6b6ad4ac628279fc0823d94a3ffb4af119ccf25faaefe3938ff0131d	PENDING_DISCOVERY	0	0	0				0	0	0
CHEBI:66709	methyl 3,4-dihydroxy-5-(3'-methyl-2'-butenyl)benzoate	ZVMALUVLYJRPEZ-UHFFFAOYSA-N	data/antibiotics/antiprotozoal/methyl-3-4-dihydroxy-5-3-methyl-2-butenyl-benzoate.yaml	c1e3e081e971f6bb847f114f223133daf7ec75168b9481c20006057ffab69a9f	PENDING_DISCOVERY	0	0	0				0	0	0
CHEBI:6872	methylene blue	CXKWCBBOMKCUKX-UHFFFAOYSA-M	data/antibiotics/antiprotozoal/methylene-blue.yaml	34787f37bae633b080a5b4ea4c21ce3fe486095f95540626d660f706ab3f7249	PENDING_DISCOVERY	0	0	0				0	0	0
CHEBI:542606	minquartynoic acid	MTWGWIOCIREVRF-KRWDZBQOSA-N	data/antibiotics/antiprotozoal/minquartynoic-acid.yaml	5c6e05b8f587d174cb8f2cb8034090cdba88295921f8a697c02df3d0a5a155f8	PENDING_DISCOVERY	0	0	0				0	0	0
CHEBI:68801	mollicellin B	OMOOHFQAZTVBPK-UHFFFAOYSA-N	data/antibiotics/antiprotozoal/mollicellin-b.yaml	e1161cfdd0c2a9a83aeed9ac98c98bee7b33fa313ff36ad8c313896441c5e1d4	PENDING_DISCOVERY	0	0	0				0	0	0
CHEBI:68802	mollicellin C	RPSLZGPKLQLZGH-UHFFFAOYSA-N	data/antibiotics/antiprotozoal/mollicellin-c.yaml	c00ab8d171dfaab9dc9440613d9d28950ae01cad023a5ffa616fff5c9bb13bce	PENDING_DISCOVERY	0	0	0				0	0	0
CHEBI:68803	mollicellin E	JTGLZOMMRQOKBM-UHFFFAOYSA-N	data/antibiotics/antiprotozoal/mollicellin-e.yaml	f21013ee5916c2eb120d1d2c11af4bdb189c1e5ab306bf0656e423daf9563032	PENDING_DISCOVERY	0	0	0				0	0	0
CHEBI:68723	mollicellin J	NKSQSZYYPUIJDD-UHFFFAOYSA-N	data/antibiotics/antiprotozoal/mollicellin-j.yaml	977f2629f446a29fc6cbfdefcc45c4baf68b6b391debf67cf64c29a51e78025b	PENDING_DISCOVERY	0	0	0				0	0	0
CHEBI:68725	mollicellin L	SEGGMMXRZJRNCN-UHFFFAOYSA-N	data/antibiotics/antiprotozoal/mollicellin-l.yaml	079a047b229cea72dafbc711763f85214a944faeacac45883a3fa0c5171c7c10	PENDING_DISCOVERY	0	0	0				0	0	0
CHEBI:68726	mollicellin M	LBLDXSZDCOFIAT-UHFFFAOYSA-N	data/antibiotics/antiprotozoal/mollicellin-m.yaml	e6447e8b23980d43eec9703e4e1920014c3075a8316ace0812d9b94712d7e99a	PENDING_DISCOVERY	0	0	0				0	0	0
CHEBI:75382	monastrol	LOBCDGHHHHGHFA-UHFFFAOYSA-N	data/antibiotics/antiprotozoal/monastrol.yaml	a9558be61fffe6c1678789d7f350c4cfcebd337f3b28a636a48774d40ccad2e1	PENDING_DISCOVERY	0	0	0				0	0	0
CHEBI:66416	mustakone	CTFSUCDHRVDRKG-MGZXXMPLSA-N	data/antibiotics/antiprotozoal/mustakone.yaml	a793d32b1fc5447e80d1162235de13e9d00ee43bdd200888acb27087b25c8ea7	PENDING_DISCOVERY	0	0	0				0	0	0
CHEBI:66611	nardoperoxide	BDBRZURCDWHOCK-SEWBAHNZSA-N	data/antibiotics/antiprotozoal/nardoperoxide.yaml	b93b4c09f9ea2e727b5ed6e834cca0585d998f4b59bbc904a5af7e6a5086ac27	PENDING_DISCOVERY	0	0	0				0	0	0
CHEBI:66620	neurolenin A	ZGBPQHPXBVYXCV-IJZJBVBSSA-N	data/antibiotics/antiprotozoal/neurolenin-a.yaml	bb5975afe378b91a8188fba6abea90a5532623964252e63a546700017a2a5348	PENDING_DISCOVERY	0	0	0				0	0	0
CHEBI:66621	neurolenin B	UVRIFAYGSSDVER-MBZNIOTRSA-N	data/antibiotics/antiprotozoal/neurolenin-b.yaml	01c87f22be99c1d5f2bca31c68a77f3c273103f1b166d29add00821add132aa8	PENDING_DISCOVERY	0	0	0				0	0	0
CHEBI:66622	neurolenin C	PBRMNFXOHFGVPZ-HVACLVPVSA-N	data/antibiotics/antiprotozoal/neurolenin-c.yaml	bbdc6cef0694ec067c7341afad5f20aa1d156afc29946d262fac50939f4ac991	PENDING_DISCOVERY	0	0	0				0	0	0
CHEBI:66623	neurolenin D	QPYBAPKWMFWJOS-HVACLVPVSA-N	data/antibiotics/antiprotozoal/neurolenin-d.yaml	f32b26e5eb21c6415a428ed83c8a95f3b22ef53e13099aa780e4dbeeb872e2d3	PENDING_DISCOVERY	0	0	0				0	0	0
CHEBI:62629	nitarsone	FUUFQLXAIUOWML-UHFFFAOYSA-N	data/antibiotics/antiprotozoal/nitarsone.yaml	441793701d5a3da54954399fe5ddab310e7c30026d1c2fb3566b87f59dce107a	PENDING_DISCOVERY	0	0	0				0	0	0
CHEBI:65544	norcaesalpinin D	SJZIFWGVHGVKAH-AVZLBZSXSA-N	data/antibiotics/antiprotozoal/norcaesalpinin-d.yaml	2bc8661a961ab256e3528ae57c076edd22af33d359187585ee681c1deca90472	PENDING_DISCOVERY	0	0	0				0	0	0
CHEBI:65545	norcaesalpinin E	IBALQPBIWZLHPR-SJEMMDPOSA-N	data/antibiotics/antiprotozoal/norcaesalpinin-e.yaml	1befac5bcb3f89705e489fe138f27f772985f2e6e57c0a7d564b53eeeaeb478c	PENDING_DISCOVERY	0	0	0				0	0	0
CHEBI:7632	norlichexanthone	AQZHBCDRWFMXIN-UHFFFAOYSA-N	data/antibiotics/antiprotozoal/norlichexanthone.yaml	d81af8a736105836f086023cb6ccc223e8a37b7de9f42a7e359db4e56112e588	PENDING_DISCOVERY	0	0	0				0	0	0
CHEBI:66637	nostocarboline	RGQUDRQSJYJYAQ-UHFFFAOYSA-O	data/antibiotics/antiprotozoal/nostocarboline.yaml	e09fa59514b8ceac6bd390efdb95523b75b39a15c854c71a19ea31f4b3b4fbb0	PENDING_DISCOVERY	0	0	0				0	0	0
CHEBI:66804	obtusafuran	FRERFZXINXYHDY-QLJPJBMISA-N	data/antibiotics/antiprotozoal/obtusafuran.yaml	cd9067bf93e9be09dc0d8298adef9081b34b168fb27316d95717c4bac1062026	PENDING_DISCOVERY	0	0	0				0	0	0
CHEBI:67930	paeonoside decaacetate	NLVNWKWBXDAKIC-GHNQEIAISA-N	data/antibiotics/antiprotozoal/paeonoside-decaacetate.yaml	6da216888b1e11f5c086081b0d4b0b49bfe065206698923daf4468f7295959d0	PENDING_DISCOVERY	0	0	0				0	0	0
CHEBI:7977	pentamidine isethionate	YBVNFKZSMZGRAD-UHFFFAOYSA-N	data/antibiotics/antiprotozoal/pentamidine-isethionate.yaml	64310c7d7735169169f84aaf2c1db374b002af23a9f3e39136835c962971ca4a	PENDING_DISCOVERY	0	0	0				0	0	0
CHEBI:67933	petiolaroside decaacetate	WVTZEWYTKKLYOF-RFTFDKKMSA-N	data/antibiotics/antiprotozoal/petiolaroside-decaacetate.yaml	0e606c8c19566047d486cd8fdc83a9231ac78fd3b5770e3af8ac98eadcf68671	PENDING_DISCOVERY	0	0	0				0	0	0
CHEBI:67931	petiolaroside	OTUCXMIQUNROBJ-JFNZIVIESA-N	data/antibiotics/antiprotozoal/petiolaroside.yaml	7a6c3686bc2f1e13a9f245ea77eb9ddeb3bcdc42637df2a3fb9a8b6b9000de50	PENDING_DISCOVERY	0	0	0				0	0	0
CHEBI:69017	physalin B	HVTFEHJSUSPQBK-IIOAQAAUSA-N	data/antibiotics/antiprotozoal/physalin-b.yaml	a00cebe7cd46efc82677644f8ed18fbc7593cd522f3036d8c32d440b178bdfd3	PENDING_DISCOVERY	0	0	0				0	0	0
CHEBI:69019	physalin F	VSLWNSSUMFSGFF-DKOLRWHASA-N	data/antibiotics/antiprotozoal/physalin-f.yaml	77fbef8979c617c23f7a10b16829c40c213e0b6edb134819d0dbefee44e5377f	PENDING_DISCOVERY	0	0	0				0	0	0
CHEBI:69020	physalin G	CGVBSJOSWAZUIF-IOMVKLDJSA-N	data/antibiotics/antiprotozoal/physalin-g.yaml	ee10094c15d29055c5a25b7fd120a36fdf528550a70f2b85cdd6e589f92be2ff	PENDING_DISCOVERY	0	0	0				0	0	0
CHEBI:91231	piperaquine	UCRHFBCYFMIWHC-UHFFFAOYSA-N	data/antibiotics/antiprotozoal/piperaquine.yaml	bbe32c63198b025b73d80e744c43bd96856ecfdf8068f39368f826e880932bbd	PENDING_DISCOVERY	0	0	0				0	0	0
CHEBI:95071	pracinostat	JHDKZFFAIZKUCU-ZRDIBKRKSA-N	data/antibiotics/antiprotozoal/pracinostat.yaml	571cf520636d9af787d85c99f21d637dac7c2ff3bf71ef101838848b96373abd	PENDING_DISCOVERY	0	0	0				0	0	0
CHEBI:8405	primaquine	INDBQLZJXZLFIT-UHFFFAOYSA-N	data/antibiotics/antiprotozoal/primaquine.yaml	0927632ae786857e98ac8f0d3a20e9d6a991c1cc85d671ccfa76b7be6adb28fd	PENDING_DISCOVERY	0	0	0				0	0	0
CHEBI:8455	proguanil	SSOLNOMRVKKSON-UHFFFAOYSA-N	data/antibiotics/antiprotozoal/proguanil.yaml	b650f3a92115d33be702355d2a26521564f7567df4876277350aa13af9bd4719	PENDING_DISCOVERY	0	0	0				0	0	0
CHEBI:78327	pseudobaptigenin(1−)	KNJNBKINYHZUGC-UHFFFAOYSA-M	data/antibiotics/antiprotozoal/pseudobaptigenin-1.yaml	d85484dd310b46c9682378a7c1b971102f9f509b2c763eb924fe9dbf73db75b9	PENDING_DISCOVERY	0	0	0				0	0	0
CHEBI:8602	pseudobaptigenin	KNJNBKINYHZUGC-UHFFFAOYSA-N	data/antibiotics/antiprotozoal/pseudobaptigenin.yaml	8612b409928f3a3b9dd072cb14e267c9618bf6c6be8345b7343f9d5210970c8a	PENDING_DISCOVERY	0	0	0				0	0	0
CHEBI:8673	pyrimethamine	WKSAUQYGYAYLPV-UHFFFAOYSA-N	data/antibiotics/antiprotozoal/pyrimethamine.yaml	2903bba5458167ec933b05f90d9d69b3941b8f9a83d55a2a1f463b5825e1c478	PENDING_PRIMARY_REVIEW	2	0	0				0	0	0
CHEBI:70147	quercetin-7-O-[α-L-rhamnopyranosyl(1→6)-β-D-galactopyranoside]	IVTMALDHFAHOGL-GJRUVZIXSA-N	data/antibiotics/antiprotozoal/quercetin-7-o-α-l-rhamnopyranosyl-16-β-d-galactopyranoside.yaml	62ab6ad85d3c8dbfe8f92ab514c945cf59955bef81a55f5badd8e339dac31eb1	PENDING_DISCOVERY	0	0	0				0	0	0
CHEBI:17558	quercitrin	OXGUCUVFOIWWQJ-HQBVPOQASA-N	data/antibiotics/antiprotozoal/quercitrin.yaml	a1b38f73fc27c32857345aa760e5f5fa5f9322b224ebf91b234e2ee7bf909888	PENDING_DISCOVERY	0	0	0				0	0	0
CHEBI:8711	quinacrine	GPKJTRJOBQGKQK-UHFFFAOYSA-N	data/antibiotics/antiprotozoal/quinacrine.yaml	69ab0181f4b3e42ea45cfa7033f1d6a274692b4500b05a15b8bca44fc6e2ea12	PENDING_DISCOVERY	0	0	0				0	0	0
CHEBI:28593	quinidine	LOUPRKONTZGTKE-LHHVKLHASA-N	data/antibiotics/antiprotozoal/quinidine.yaml	fa51a16bee50b9c85618cc4b880faaaac432344853ec82f56fe900d5ed1292a4	PENDING_DISCOVERY	0	0	0				0	0	0
CHEBI:137041	quinine(1+)	LOUPRKONTZGTKE-WZBLMQSHSA-O	data/antibiotics/antiprotozoal/quinine-1.yaml	f65988997ec13879521251af0d86a67954f8dd69ee0be7c2608d5b4e831ff817	PENDING_DISCOVERY	0	0	0				0	0	0
CHEBI:52250	quinine sulfate	RONWGALEIBILOG-VMJVVOMYSA-N	data/antibiotics/antiprotozoal/quinine-sulfate.yaml	bb78fd21a579c39ee5530e2889015d18ea9a442cc3fd5412eaeed8a676e145e6	PENDING_DISCOVERY	0	0	0				0	0	0
CHEBI:15854	quinine	LOUPRKONTZGTKE-WZBLMQSHSA-N	data/antibiotics/antiprotozoal/quinine.yaml	5a3be22056174f7887f033a6b6889955793f8b0c064ddf705bf3940fa7db4d4d	PENDING_DISCOVERY	0	0	0				0	0	0
CHEBI:94771	quisinostat	PAWIYAYFNXQGAP-UHFFFAOYSA-N	data/antibiotics/antiprotozoal/quisinostat.yaml	635c3d2157dd9c9dbebbe92de7c32373f722c015ac5f8f3533baf7dd6637cd58	PENDING_DISCOVERY	0	0	0				0	0	0
CHEBI:66703	(R)-4''-methoxydalbergione	RGSUZUQISVAJJF-GFCCVEGCSA-N	data/antibiotics/antiprotozoal/r-4-methoxydalbergione.yaml	3b4a1ed13c8af9c2a3aaee1c63b3b53ef91091cdabe8f4988c266b699d28e1e5	PENDING_DISCOVERY	0	0	0				0	0	0
CHEBI:48811	(R)-chloroquine	WHTVZRBIWZFKQO-CQSZACIVSA-N	data/antibiotics/antiprotozoal/r-chloroquine.yaml	4e89a11ba79e70e2294780205c5fe80537d91e2d038633c5de3cc4b5e9433ff1	PENDING_DISCOVERY	0	0	0				0	0	0
CHEBI:49845	(R)-quinacrine	GPKJTRJOBQGKQK-MRXNPFEDSA-N	data/antibiotics/antiprotozoal/r-quinacrine.yaml	9e977d2abe39a9cf7589f2801a802d01274761dfeeae2428e397ee0877bbd1aa	PENDING_DISCOVERY	0	0	0				0	0	0
CHEBI:70146	robustaside D	KQIQKULTIAJZKL-VHFDLOJPSA-N	data/antibiotics/antiprotozoal/robustaside-d.yaml	da13511333dc62d5cd71950e380afb4c2c5389b21e389f07c22c5fb43f231e10	PENDING_DISCOVERY	0	0	0				0	0	0
CHEBI:70143	robustaside E	MJKRDLMPYUENAA-OANOARFOSA-N	data/antibiotics/antiprotozoal/robustaside-e.yaml	e8194e5ae801957e90a727eebcd0fa1d2c7cc5e8fa44eb1e619d4f5f2e2c740a	PENDING_DISCOVERY	0	0	0				0	0	0
CHEBI:70144	robustaside F	VZMAYTGBKKDAOI-KNPJAZBNSA-N	data/antibiotics/antiprotozoal/robustaside-f.yaml	75e98de2761efa63170d5e65c4ea686a0acd4f0c84585e28f0f376ad7cd2066c	PENDING_DISCOVERY	0	0	0				0	0	0
CHEBI:70145	robustaside G	DKNCSDJNWFKXEC-GEQWPRKQSA-N	data/antibiotics/antiprotozoal/robustaside-g.yaml	44887572a54a46279ad2b2176d6be7fb26ded4ad74e1f56315a6ede6f8e033a7	PENDING_DISCOVERY	0	0	0				0	0	0
CHEBI:66309	rocaglamide	DAPAQENNNINUPW-IDAMAFBJSA-N	data/antibiotics/antiprotozoal/rocaglamide.yaml	8ad7ea3621073397fdbfa29ca8341a5226d9a4f5aef5a54af85fe9b5cf0f3e27	PENDING_DISCOVERY	0	0	0				0	0	0
CHEBI:156498	rohitukine	MOCVYVBNJQIVOV-TVQRCGJNSA-N	data/antibiotics/antiprotozoal/rohitukine.yaml	383e938e3f5da74ade746e2e6f8dcc3e20439b8fa49806ae49c51de98bfe5931	PENDING_DISCOVERY	0	0	0				0	0	0
CHEBI:141154	ronidazole	PQFRTXSWDXZRRS-UHFFFAOYSA-N	data/antibiotics/antiprotozoal/ronidazole.yaml	6e29c591c4010213616834650ff072975a94ceee1df1f8d3b546eae7166628e7	PENDING_DISCOVERY	0	0	0				0	0	0
CHEBI:70482	(S)-1'-methylbutyl caffeate	AGXDVPULWUXVDT-PCGIRMHASA-N	data/antibiotics/antiprotozoal/s-1-methylbutyl-caffeate.yaml	3454ec9aa1a78e5ec081e4c57699ddc7fca062c2245a77b73b82bd68eabb5ebb	PENDING_DISCOVERY	0	0	0				0	0	0
CHEBI:70484	(S)-1'-methyloctyl caffeate	DEXGFPWDAXJBTA-WONIAPNHSA-N	data/antibiotics/antiprotozoal/s-1-methyloctyl-caffeate.yaml	f4faf942069540a72ef4c8350b50d05932e311aef829dffa2b1f60e23f7dc484	PENDING_DISCOVERY	0	0	0				0	0	0
CHEBI:39254	(S)-chloroquine	WHTVZRBIWZFKQO-AWEZNQCLSA-N	data/antibiotics/antiprotozoal/s-chloroquine.yaml	42d61642661b16350bf605d49e9004dd1cdcd4a99e10c21359d1d464fb6a4e89	PENDING_DISCOVERY	0	0	0				0	0	0
CHEBI:37597	(S)-quinacrine	GPKJTRJOBQGKQK-INIZCTEOSA-N	data/antibiotics/antiprotozoal/s-quinacrine.yaml	f80a78458bce1d82e1985e11ff389b5221f9c26f26face04ee0ae457eaf3644a	PENDING_DISCOVERY	0	0	0				0	0	0
CHEBI:66159	samaderine B	CVLVYBSPYHCGGU-VQXUUFQGSA-N	data/antibiotics/antiprotozoal/samaderine-b.yaml	bbf6b933706d39201dfc7f0a34a5ac8784f5a92f570cb1e4546f2b34fac9f5d6	PENDING_DISCOVERY	0	0	0				0	0	0
CHEBI:66161	samaderine E	MGGPOESVKAWHRB-KZOVRTNRSA-N	data/antibiotics/antiprotozoal/samaderine-e.yaml	d5f2e2ebe3ba6e4765b19097c484145dcdaba2f597115af6efe2e461b1344f41	PENDING_DISCOVERY	0	0	0				0	0	0
CHEBI:66162	samaderine X	PLUUPKMBPOFNDA-JEFQDFFJSA-N	data/antibiotics/antiprotozoal/samaderine-x.yaml	e0b81892ffbfcb181e245c8da4ac2622a327f4bbf77c4ced4adf23908755363f	PENDING_DISCOVERY	0	0	0				0	0	0
CHEBI:66164	samaderine Z	KDVYRSSTPWSAJC-GGUABDNCSA-N	data/antibiotics/antiprotozoal/samaderine-z.yaml	af33d502336bda34ff5936a5e82faea45b9a1fac1e26538f698db2c65826334c	PENDING_DISCOVERY	0	0	0				0	0	0
CHEBI:66453	scutianthraquinone A	LUBCWELSQUOSLN-UHFFFAOYSA-N	data/antibiotics/antiprotozoal/scutianthraquinone-a.yaml	3dec5c70c6e0d6b421dcca356d439be41900b268b65920ffa09c55d8755b184f	PENDING_DISCOVERY	0	0	0				0	0	0
CHEBI:66454	scutianthraquinone B	OWDCXJMCKGCGEQ-UHFFFAOYSA-N	data/antibiotics/antiprotozoal/scutianthraquinone-b.yaml	0ca2979d08f96d9efc967d700e2d1a241f8dde8a0b1ee6b8ae3a3bca599f0b53	PENDING_DISCOVERY	0	0	0				0	0	0
CHEBI:66455	scutianthraquinone C	JFUFATWECSQGDK-UHFFFAOYSA-N	data/antibiotics/antiprotozoal/scutianthraquinone-c.yaml	c238102aa256a8081c6ba378f50c02841002c1b1909fe0d6f86d835e5357687b	PENDING_DISCOVERY	0	0	0				0	0	0
CHEBI:156193	serratol	ZVWXZFYWLABNOW-UYSOGGTPSA-N	data/antibiotics/antiprotozoal/serratol.yaml	8d7fe0ef0dbe9ff004597869279ed833a0f3dbfa9dfb9b139cd566a0ea63059f	PENDING_DISCOVERY	0	0	0				0	0	0
CHEBI:167893	SID 26681509	OTIWAYTTYNFEKL-QFIPXVFZSA-N	data/antibiotics/antiprotozoal/sid-26681509.yaml	9b7b08a2b6628a4b613c110dae91ace85995893bfa52589b695e9d6240f33700	PENDING_DISCOVERY	0	0	0				0	0	0
CHEBI:66486	simalikalactone D	OKIKYYZNNZCZRX-ZPUVFWQWSA-N	data/antibiotics/antiprotozoal/simalikalactone-d.yaml	807662e7c9784ad664d2e92cace8b673a03cbc76107a2e705cbd48b919ea2368	PENDING_DISCOVERY	0	0	0				0	0	0
CHEBI:28148	sodium stibogluconate	YQDGWZZYGYKDLR-UZVLBLASSA-K	data/antibiotics/antiprotozoal/sodium-stibogluconate.yaml	9307dad2fcd1e28e771465a69df62acf4d4663d394161bbbef3ec29b03ea2a23	PENDING_DISCOVERY	0	0	0				0	0	0
CHEBI:50209	sophoraflavanone G	XRYVAQQLDYTHCL-CMJOXMDJSA-N	data/antibiotics/antiprotozoal/sophoraflavanone-g.yaml	a5219fa365906a5ca0c30568d0c3a77fe8c807cbf0cbf3cd84709490c840c44e	PENDING_DISCOVERY	0	0	0				0	0	0
CHEBI:142841	spectinabilin	IZICQJAGBLBAMJ-QDYRYYKCSA-N	data/antibiotics/antiprotozoal/spectinabilin.yaml	484b8afee7011ea69d0b80df3d4bd477565e92f54ee418c6d5dc7cfa9bf95604	PENDING_DISCOVERY	0	0	0				0	0	0
CHEBI:66528	strychnogucine A	PXWJNFJRUYWQOX-DSNAYJLUSA-N	data/antibiotics/antiprotozoal/strychnogucine-a.yaml	33b8233a6888f18eba3b7cb3b2a28857fe7d7631cad073b26a5ea186dd96de8e	PENDING_DISCOVERY	0	0	0				0	0	0
CHEBI:66529	strychnogucine B	MMKIAHOGFMPKCT-LUNGMMDTSA-N	data/antibiotics/antiprotozoal/strychnogucine-b.yaml	963514eea8d68e8fb57f7e843e203a0ab6d6f2b388e3fbe4536ac19f585c45dd	PENDING_DISCOVERY	0	0	0				0	0	0
CHEBI:9328	sulfadiazine	SEEPANYCNGTZFQ-UHFFFAOYSA-N	data/antibiotics/antiprotozoal/sulfadiazine.yaml	24d65b6cee76bb0c106ea1c75482a54745c0ba8509a33d63a9c7e5400bdc4e98	PENDING_PRIMARY_REVIEW	5	0	0				0	0	0
CHEBI:9364	suramin sodium	VAPNKLKDKUDFHK-UHFFFAOYSA-H	data/antibiotics/antiprotozoal/suramin-sodium.yaml	e391459733478103699480dfc5eacf15bbaec910555716170e1d2e724591c0c7	PENDING_DISCOVERY	0	0	0				0	0	0
CHEBI:45906	suramin	FIAFUQMPZJWCLV-UHFFFAOYSA-N	data/antibiotics/antiprotozoal/suramin.yaml	7e84d395dc9bfe2809c71dd68b7da326960628ee70d3c1c213f8b1b903fc045d	PENDING_DISCOVERY	0	0	0				0	0	0
CHEBI:66539	syncarpamide	CUXXAUBWEIJETF-AMVLLGRPSA-N	data/antibiotics/antiprotozoal/syncarpamide.yaml	34919e23c8653276941c36d32cc15ec5270ed80f1cb9f93e270ed17462e5cb3e	PENDING_DISCOVERY	0	0	0				0	0	0
CHEBI:144441	triacsin C	NKTGCVUIESDXPU-YLEPRARLSA-N	data/antibiotics/antiprotozoal/triacsin-c.yaml	e69b1e0828d912f200408ca27a2f29ff8174bbc1ab00fff407627b17c8870c92	PENDING_DISCOVERY	0	0	0				0	0	0
CHEBI:77570	tropisetron hydrochloride	XIEGSJAEZIGKSA-LUNMCBQDSA-N	data/antibiotics/antiprotozoal/tropisetron-hydrochloride.yaml	1769916c607535c5fd39d57dc81b289d22a75c43d5be1826d65e34ea40ce7181	PENDING_DISCOVERY	0	0	0				0	0	0
CHEBI:32269	tropisetron	ZNRGQMMCGHDTEI-ITGUQSILSA-N	data/antibiotics/antiprotozoal/tropisetron.yaml	41e0fd23085abcae8fb371000590d6f5249a5d2746ee43bc5bdd24dcc489b6ca	PENDING_DISCOVERY	0	0	0				0	0	0
CHEBI:66353	venturamide A	OJMSNONHTSXZKM-GPCCPHFNSA-N	data/antibiotics/antiprotozoal/venturamide-a.yaml	1d50a3cff327fe0e3e57b3aa915f50c1f6dcb5a8d849cc1e0e51ec0bb6e109a5	PENDING_DISCOVERY	0	0	0				0	0	0
CHEBI:66354	venturamide B	BJJVHBJYOXGRRO-XEQNPHJVSA-N	data/antibiotics/antiprotozoal/venturamide-b.yaml	8986d657e0781dc46bd1dd6d457646dac0d437ea26d8c93c97b1ad2b453f933e	PENDING_DISCOVERY	0	0	0				0	0	0
CHEBI:70507	(−)-vincadifformine	GIGFIWJRTMBSRP-ACRUOGEOSA-N	data/antibiotics/antiprotozoal/vincadifformine.yaml	cac9b3e3ade98c6d1d2495aef369551d19b44b27e36633ad1e52a7df7b3cb7fa	PENDING_DISCOVERY	0	0	0				0	0	0
CHEBI:91210	WLL-vs	DKBAFRHAWTVKAD-ODGLJRBPSA-N	data/antibiotics/antiprotozoal/wll-vs.yaml	687e308ed9e229396690419686a38df236a7ccfd0200ca6f6ca98a405423e3c5	PENDING_DISCOVERY	0	0	0				0	0	0
CHEBI:18822	(Z,Z,Z)-geranylgeraniol	OJISWRZIEWCUBN-XBQSVVNOSA-N	data/antibiotics/antiprotozoal/z-z-z-geranylgeraniol.yaml	f401a63ce7e03d532aea481a2726791d150891e900e76c620d567ef047a1ed7b	PENDING_DISCOVERY	0	0	0				0	0	0
CHEBI:66500	zaluzanin D	GKMFOEIZCLMZDE-QXKUPLGCSA-N	data/antibiotics/antiprotozoal/zaluzanin-d.yaml	b18e8fcb9a2026cc31257776ef0ca0a27f6d4a5c96315e0a9de01079fd5cf0cc	PENDING_DISCOVERY	0	0	0				0	0	0
CHEBI:43060	1-[(2-hydroxyethoxy)methyl]-6-(phenylsulfanyl)thymine	HDMHBHNRWDNNCD-UHFFFAOYSA-N	data/antibiotics/antiviral/1-2-hydroxyethoxy-methyl-6-phenylsulfanyl-thymine.yaml	ca669d8593daa95458ad36c2f6e659246262dc64afa21f887852e1733650058c	PENDING_DISCOVERY	0	0	0				0	0	0
CHEBI:75561	1-linoleoyl-sn-glycerol	WECGLUPZRHILCT-GSNKCQISSA-N	data/antibiotics/antiviral/1-linoleoyl-sn-glycerol.yaml	2fd170a59ce7b7fd7a5e24ea0d691d468a7e9036c02d94f563174d991d5d456f	PENDING_DISCOVERY	0	0	0				0	0	0
CHEBI:66700	1-methoxycanthinone	LEPXKGXTXIACRO-UHFFFAOYSA-N	data/antibiotics/antiviral/1-methoxycanthinone.yaml	bda00e60f139813d6d95e0e0ef90104be69c58bb7953bc11b560e2a65fa5d85d	PENDING_DISCOVERY	0	0	0				0	0	0
CHEBI:75568	1-monolinolein	WECGLUPZRHILCT-HZJYTTRNSA-N	data/antibiotics/antiviral/1-monolinolein.yaml	c8b8c35937e8b914e385bbca973c32cab259f5a6f8123c3acc6f725589c6a575	PENDING_DISCOVERY	0	0	0				0	0	0
CHEBI:65747	12-deoxyphorbol-13-(3E,5E-decadienoate)	AZEXNJIEBDRVJS-OSHOESKRSA-N	data/antibiotics/antiviral/12-deoxyphorbol-13-3e-5e-decadienoate.yaml	68c4ded69febc1d220564248ac732bbfebf7804c5ffed2309d775fcafde88101	PENDING_DISCOVERY	0	0	0				0	0	0
CHEBI:28130	13,14-dihydro-Δ12-prostaglandin J2	TUXFWOHFPFBNEJ-GJGHEGAFSA-N	data/antibiotics/antiviral/13-14-dihydro-δ12-prostaglandin-j2.yaml	741136aeb9aa3c4b9b481e0d7a55927d30f76acc77994af2703b36ea1b1b159a	PENDING_DISCOVERY	0	0	0				0	0	0
CHEBI:65778	16β,17-dihydroxy-ent-kaurane-19-oic acid	MRBLTWPEPGRXQN-WMUQSPHGSA-N	data/antibiotics/antiviral/16β-17-dihydroxy-ent-kaurane-19-oic-acid.yaml	9b1d8926b9b1999511cf1dfcdfcbfe693c303e45d896b57d0b0de3e829681077	PENDING_DISCOVERY	0	0	0				0	0	0
CHEBI:66587	17-dimethylaminolobohedleolide	HRPBIJBOFQXOTL-JEJSWHNFSA-N	data/antibiotics/antiviral/17-dimethylaminolobohedleolide.yaml	cd795ceb944f7d63b8714d5a9ef77f5ef9d984e3ca0cb8f240ec713f6346a436	PENDING_DISCOVERY	0	0	0				0	0	0
CHEBI:66671	1β-hydroxymaprounic acid 3-p-hydroxybenzoate	VGODRAUARQJBJM-FCWPOGGHSA-N	data/antibiotics/antiviral/1β-hydroxymaprounic-acid-3-p-hydroxybenzoate.yaml	71960447d1584fe9ae05f8be1b7cb0094cf32c094c493de0377bf65ed9911362	PENDING_DISCOVERY	0	0	0				0	0	0
CHEBI:105887	2,2'-spirobi[3,6,7,8-tetrahydro-1H-cyclopenta[g]naphthalene]-5,5'-dione	AKPUCJQSLKCIIJ-UHFFFAOYSA-N	data/antibiotics/antiviral/2-2-spirobi-3-6-7-8-tetrahydro-1h-cyclopenta-g-naphthalene-5-5-dione.yaml	98ee6c9f3df67d15e2b771b5f2a950f591196dc824e604e00b803f0d687b23d0	PENDING_DISCOVERY	0	0	0				0	0	0
CHEBI:70659	2',4'-dihydroxy-3'-methyl-6'-methoxychalcone	JUZVHLGKYJTCKP-CMDGGOBGSA-N	data/antibiotics/antiviral/2-4-dihydroxy-3-methyl-6-methoxychalcone.yaml	0a9e94a486e4bd6c5b87714a93e6ba4520ada8beb8c14694d72b8060819e5999	PENDING_DISCOVERY	0	0	0				0	0	0
CHEBI:70658	2',4'-dihydroxy-6'-methoxy-3',5'-dimethylchalcone	TZEQDSMFACWASC-MDZDMXLPSA-N	data/antibiotics/antiviral/2-4-dihydroxy-6-methoxy-3-5-dimethylchalcone.yaml	d4928e62f903bc65bd607d31647f8e52da66b30bf100c60182ef18a2465040fe	PENDING_DISCOVERY	0	0	0				0	0	0
CHEBI:66048	2'-hydroxyneobavaisoflavanone	LNXMEHXPWCVVID-UHFFFAOYSA-N	data/antibiotics/antiviral/2-hydroxyneobavaisoflavanone.yaml	0465cc1b4e4dccf01cec2b0c6f3b09c028ce333d1962def755f373c4818eb0ef	PENDING_DISCOVERY	0	0	0				0	0	0
CHEBI:180645	2CN113	XNUMKBHURGKYTO-JWSDNSILSA-N	data/antibiotics/antiviral/2cn113.yaml	084938b6e8409e7ba1551ff3d9d07f1fc27ee47092f7f1c0eb101658d9730e97	PENDING_DISCOVERY	0	0	0				0	0	0
CHEBI:180646	2CN115	AYTVESLXVZAGIT-ARZGSZHJSA-N	data/antibiotics/antiviral/2cn115.yaml	915eff6ad8c95d80913441d70920115842841a7165993b54f6b85e6cedb7c3c6	PENDING_DISCOVERY	0	0	0				0	0	0
CHEBI:70654	(2S)-2,7-dihydroxy-5-methoxy-6,8-dimethylflavanone	BIMVXOYXXZYVJF-SFHVURJKSA-N	data/antibiotics/antiviral/2s-2-7-dihydroxy-5-methoxy-6-8-dimethylflavanone.yaml	a6074a632471edc84470b2a94205081906a632037ed0f505097a33aaf16a8b6e	PENDING_DISCOVERY	0	0	0				0	0	0
CHEBI:70653	(2S,3S)-3,5,7-trihydroxy-6,8-dimethylflavanone	HDEMWSJTNCFIGR-WBVHZDCISA-N	data/antibiotics/antiviral/2s-3s-3-5-7-trihydroxy-6-8-dimethylflavanone.yaml	8a325cdb4ff8abc6d5feade1ce19faa8dc7e3f796508e483e281cb51f3280b84	PENDING_DISCOVERY	0	0	0				0	0	0
CHEBI:70664	(2S)-5,7-dihydroxy-6,8-dimethylflavanone	HAIHGFWQOPJMPV-ZDUSSCGKSA-N	data/antibiotics/antiviral/2s-5-7-dihydroxy-6-8-dimethylflavanone.yaml	09f94ef37a2a401f5cfc3e7cefe3680ee458180609df7d536253c3d41be35b12	PENDING_DISCOVERY	0	0	0				0	0	0
CHEBI:70660	(2S)-6-formyl-8-methyl-7-O-methylpinocembrin	HGTSZOYDQGUVER-AWEZNQCLSA-N	data/antibiotics/antiviral/2s-6-formyl-8-methyl-7-o-methylpinocembrin.yaml	b8458b8c096964b9574c7f67431ed0c60390a7f0c8e6abf5adfccc965e2b7c10	PENDING_DISCOVERY	0	0	0				0	0	0
CHEBI:70661	(2S)-8-formyl-5-hydroxy-7-methoxy-6-methylflavanone	QJQJKEWQUOORFC-AWEZNQCLSA-N	data/antibiotics/antiviral/2s-8-formyl-5-hydroxy-7-methoxy-6-methylflavanone.yaml	29b7645c1ba0f79b63ccd40f407ca41967887548a6636b47ad482ee405d3f276	PENDING_DISCOVERY	0	0	0				0	0	0
CHEBI:65783	2α,19α-dihydroxy-3-oxo-12-ursen-28-oic acid	LJORXTIGOHMBOS-OTRVPSFMSA-N	data/antibiotics/antiviral/2α-19α-dihydroxy-3-oxo-12-ursen-28-oic-acid.yaml	d8aa8469768fa383a2bcf578a7e77fb27277ec5f002ef561b227fbe25d92b87f	PENDING_DISCOVERY	0	0	0				0	0	0
CHEBI:66672	2α-hydroxymaprounic acid 2,3-bis-p-hydroxybenzoate	XPEVLOSUULAUFH-AHHVVZNJSA-N	data/antibiotics/antiviral/2α-hydroxymaprounic-acid-2-3-bis-p-hydroxybenzoate.yaml	03d3712d617f9d6ab5b74f8663ea8ca2d62c5a9d8fd151951f929f2cf3b89d70	PENDING_DISCOVERY	0	0	0				0	0	0
CHEBI:233499	3,4,5-tri-(E)-caffeoylquinic acid	OAFXTKGAKYAFSI-YOWOTECTSA-N	data/antibiotics/antiviral/3-4-5-tri-e-caffeoylquinic-acid.yaml	893e723f3473f0c9101475d4db1694c0faf39fbc54c89c1193c4079a961aae82	PENDING_DISCOVERY	0	0	0				0	0	0
CHEBI:233498	3,4,5-tricaffeoylquinic acid	OAFXTKGAKYAFSI-UPHZGLEOSA-N	data/antibiotics/antiviral/3-4-5-tricaffeoylquinic-acid.yaml	0342fc6574041aeb2663a3fc727912986af1f93770934720ac89a7a0bcce16f2	PENDING_DISCOVERY	0	0	0				0	0	0
CHEBI:156336	3'-deoxy-3',4'-didehydro-CTP	DGUQXKKDZHTKIE-HTRCEHHLSA-N	data/antibiotics/antiviral/3-deoxy-3-4-didehydro-ctp.yaml	3d78baa74e201dba32b79f72243708446959f600195267bb796e8e51bea58485	PENDING_DISCOVERY	0	0	0				0	0	0
CHEBI:156331	3'-deoxy-3',4'-didehydro-cytidine	VQMYKNBUURJYAP-HTRCEHHLSA-N	data/antibiotics/antiviral/3-deoxy-3-4-didehydro-cytidine.yaml	e85f9a0ea67a7b8b96e133337f9df46990a7eb3efc0de5bd93dae6b1a73cc768	PENDING_DISCOVERY	0	0	0				0	0	0
CHEBI:152561	3-fluoro-Nα-(1H-indol-2-ylcarbonyl)-N-{(2S)-1-oxo-3-[(3S)-2-oxopyrrolidin-3-yl]propan-2-yl}-L-phenylalaninamide	HCRBVFBQANEDDM-CUWPLCDZSA-N	data/antibiotics/antiviral/3-fluoro-nα-1h-indol-2-ylcarbonyl-n-2s-1-oxo-3-3s-2-oxopyrrolidin-3-yl.yaml	c4a7c2bc3fe86fd99f91fb79686b3a7f46f850ef3cc48b3117d00ecd5a467535	PENDING_DISCOVERY	0	0	0				0	0	0
CHEBI:75563	3-linoleoyl-sn-glycerol	WECGLUPZRHILCT-KKFOGOCZSA-N	data/antibiotics/antiviral/3-linoleoyl-sn-glycerol.yaml	ea347baa9d5540700522f64717a232680e473433f47697052282ebf076dd4b5f	PENDING_DISCOVERY	0	0	0				0	0	0
CHEBI:66369	3-O-methylcalopocarpin	FZFGGNNUYSILSL-UWJYYQICSA-N	data/antibiotics/antiviral/3-o-methylcalopocarpin.yaml	641437dabea83629717fd1c4db4038e1b76aa5e94816a5a3d6dc01b351eba0a8	PENDING_DISCOVERY	0	0	0				0	0	0
CHEBI:190404	3β-(2-diethylaminoethoxy)androst-5-en-17-one hydrochloride	GZFYZYBWLCYBMI-MYZJJQSMSA-N	data/antibiotics/antiviral/3β-2-diethylaminoethoxy-androst-5-en-17-one-hydrochloride.yaml	e9f2bf112686f8d34540dbd058f997b4e78ccb8f464832f5b3578d530ec1c49d	PENDING_DISCOVERY	0	0	0				0	0	0
CHEBI:42082	(4R,5S,6S,7R)-4,7-dibenzyl-5,6-dihydroxy-1,3-bis[4-(hydroxymethyl)benzyl]-1,3-diazepan-2-one	XCVGQMUMMDXKCY-WZJLIZBTSA-N	data/antibiotics/antiviral/4r-5s-6s-7r-4-7-dibenzyl-5-6-dihydroxy-1-3-bis-4-hydroxymethyl-benzyl-.yaml	cfaa3c941971be1c7ac1d0159875a30cb59e2d73b5316bc3f13dc110051bd1ec	PENDING_DISCOVERY	0	0	0				0	0	0
CHEBI:65776	4β,14-dihydroxy-6α,7β-H-1(10)-cadinene	AEIGTUFAPRNEKB-YUELXQCFSA-N	data/antibiotics/antiviral/4β-14-dihydroxy-6α-7β-h-1-10-cadinene.yaml	ba67d80c9661b548d56f302c1b690c23117c14985bedcd1250b6aefec5d05c7b	PENDING_DISCOVERY	0	0	0				0	0	0
CHEBI:47727	5-{5-[2-chloro-4-(4,5-dihydro-1,3-oxazol-2-yl)phenoxy]pentyl}-3-methylisoxazole	FCSKOFQQCWLGMV-UHFFFAOYSA-N	data/antibiotics/antiviral/5-5-2-chloro-4-4-5-dihydro-1-3-oxazol-2-yl-phenoxy-pentyl-3-methylisox.yaml	8be97951944b0f58fb6f454edccf9f804a360fc676fc022c469e38a229541131	PENDING_DISCOVERY	0	0	0				0	0	0
CHEBI:2980	5,6,7-trimethoxyflavone	HJNJAUYFFFOFBW-UHFFFAOYSA-N	data/antibiotics/antiviral/5-6-7-trimethoxyflavone.yaml	9d1650c985d3349f4073db7d6ff2bde26d391c678f38f88338e2d49ac3f2bb30	PENDING_DISCOVERY	0	0	0				0	0	0
CHEBI:65746	5-deoxyglyasperin F	NUHWTADXTBESTA-UHFFFAOYSA-N	data/antibiotics/antiviral/5-deoxyglyasperin-f.yaml	6bbd04d5d462493b2a3fcef6ca0fa4817caf952115e55e63db5bc3e9f3a861cb	PENDING_DISCOVERY	0	0	0				0	0	0
CHEBI:195253	5-hydroxy-3-methylfuran-2(5H)-one	HQIZYPQNJWENRT-UHFFFAOYSA-N	data/antibiotics/antiviral/5-hydroxy-3-methylfuran-2-5h-one.yaml	1b3c2542dde2b315445209116bfa921801a9e7e69dfe8e88c61bf48706c7c19c	PENDING_DISCOVERY	0	0	0				0	0	0
CHEBI:147675	5-iodo-2'-deoxyuridine	XQFRJNBWHJMXHO-RRKCRQDMSA-N	data/antibiotics/antiviral/5-iodo-2-deoxyuridine.yaml	f74bd93ff2f0d30455aca413ef1a3f17f0b41eba276554cff525a60278129c5d	PENDING_DISCOVERY	0	0	0				0	0	0
CHEBI:140314	5'-triphosphoadenylyl-(2'→5')-adenosine	YHHSPPDBQDMAPZ-XPWFQUROSA-N	data/antibiotics/antiviral/5-triphosphoadenylyl-2-5-adenosine.yaml	7daaba8410b65fb07ac4d44004cac947a7e09ef69cf9c298ff0f0f993b2c0e1d	PENDING_DISCOVERY	0	0	0				0	0	0
CHEBI:66027	(5R)-5-hydroxy-7-(4''-hydroxy-3''-methoxyphenyl)-1-phenyl-3-heptanone	JHJPDDBIHSFERA-GOSISDBHSA-N	data/antibiotics/antiviral/5r-5-hydroxy-7-4-hydroxy-3-methoxyphenyl-1-phenyl-3-heptanone.yaml	52ebb1cb5b0e70ff9529589841e11cb7de1c1ea7db64b896a18a384d67e7e484	PENDING_DISCOVERY	0	0	0				0	0	0
CHEBI:65496	6,6'-bieckol	HBJNTPFHQKXWOY-UHFFFAOYSA-N	data/antibiotics/antiviral/6-6-bieckol.yaml	6822dace6337076d9aec2d582d6d2ab99b40a74ba43f669be1739cd7650dece3	PENDING_DISCOVERY	0	0	0				0	0	0
CHEBI:131580	6-azathymidine	LXHOFEUVCQUXRZ-RRKCRQDMSA-N	data/antibiotics/antiviral/6-azathymidine.yaml	058d9b1e5ce49822189f4c3bd419f2ef2fe6cf47d54c7264cf1b2f8de4de66f2	PENDING_DISCOVERY	0	0	0				0	0	0
CHEBI:72481	6-bromoharmine	YRYJSDPQWKIQRL-UHFFFAOYSA-N	data/antibiotics/antiviral/6-bromoharmine.yaml	d7d129b5b1245e75fb9687f1e4c6e2045203f4ada8c0cc67fbc273d86e510a27	PENDING_DISCOVERY	0	0	0				0	0	0
CHEBI:149430	6-de(cyclopropylamino)-6-(2,2-dimethylazetidin-1-yl)abacavir	AZNKZYXEUMQLIU-MNOVXSKESA-N	data/antibiotics/antiviral/6-de-cyclopropylamino-6-2-2-dimethylazetidin-1-yl-abacavir.yaml	2197f0a98509279d3c414482e6428c504c9981053a94f6a7e1d3a0f98f90e4c7	PENDING_DISCOVERY	0	0	0				0	0	0
CHEBI:149426	6-de(cyclopropylamino)-6-(2-methylazetidin-1-yl)abacavir	OQWZETPYVIVWBB-ZOCYIJKUSA-N	data/antibiotics/antiviral/6-de-cyclopropylamino-6-2-methylazetidin-1-yl-abacavir.yaml	1cfd4cf33215655b79c315afe09d12a1c3fc611aaefcaa83878f9aef8e61fbb3	PENDING_DISCOVERY	0	0	0				0	0	0
CHEBI:149436	6-de(cyclopropylamino)-6-(3-cyclopropyl-3-fluoroazetidin-1-yl)abacavir	PVCSYQLWBAGPTF-PWSUYJOCSA-N	data/antibiotics/antiviral/6-de-cyclopropylamino-6-3-cyclopropyl-3-fluoroazetidin-1-yl-abacavir.yaml	f160bdbbcc4461a8450e223dac60d191fdaf774c501f24049b35fcf585590790	PENDING_DISCOVERY	0	0	0				0	0	0
CHEBI:149434	6-de(cyclopropylamino)-6-(3-fluoroazetidin-1-yl)abacavir	AJAFGTUGXORIBL-SCZZXKLOSA-N	data/antibiotics/antiviral/6-de-cyclopropylamino-6-3-fluoroazetidin-1-yl-abacavir.yaml	168c781cc34787704b490da73d878d00b9f26da49f2743368bbf57288712af75	PENDING_DISCOVERY	0	0	0				0	0	0
CHEBI:149432	6-de(cyclopropylamino)-6-(3-isopropoxyazetidin-1-yl)abacavir	MALXRGLKOHFCJX-NEPJUHHUSA-N	data/antibiotics/antiviral/6-de-cyclopropylamino-6-3-isopropoxyazetidin-1-yl-abacavir.yaml	1fa93ab7c122669a0505f868ae963767f2402ea17113704dd5305a04d0ff6b78	PENDING_DISCOVERY	0	0	0				0	0	0
CHEBI:149435	6-de(cyclopropylamino)-6-(3-methoxyazetidin-1-yl)abacavir	MXGYFZAWHDLLFI-ZJUUUORDSA-N	data/antibiotics/antiviral/6-de-cyclopropylamino-6-3-methoxyazetidin-1-yl-abacavir.yaml	10f88729cbe86eea84f70f0291e8312f44b1f04c6ea9afc48bb95f4fd0080279	PENDING_DISCOVERY	0	0	0				0	0	0
CHEBI:149431	6-de(cyclopropylamino)-6-(azetidin-1-yl)abacavir	ARAIATBRBSWLHC-ZJUUUORDSA-N	data/antibiotics/antiviral/6-de-cyclopropylamino-6-azetidin-1-yl-abacavir.yaml	962986877c0080b10366a2d5b2ab1668f3a7395426ceb627bbb56495020a3513	PENDING_DISCOVERY	0	0	0				0	0	0
CHEBI:149437	6-de(cyclopropylamino)-6-(isobutylamino)abacavir	UHZARYILKCVWLR-MNOVXSKESA-N	data/antibiotics/antiviral/6-de-cyclopropylamino-6-isobutylamino-abacavir.yaml	62030b86b379490237905f8025023aa41f38c9655e9dabc8c7eca5390d833398	PENDING_DISCOVERY	0	0	0				0	0	0
CHEBI:149438	6-de(cyclopropylamino)-6-[(S)-sec-butylamino]abacavir	IRUQDNIRWKAXRV-AXFHLTTASA-N	data/antibiotics/antiviral/6-de-cyclopropylamino-6-s-sec-butylamino-abacavir.yaml	d6be5a1aaa4db7635df11b9c0d4f74d80f3a1a3935d7bf6295fc5ad0a0fb2c57	PENDING_DISCOVERY	0	0	0				0	0	0
CHEBI:65944	7,4'-di-O-galloyltricetiflavan	LRBYDVJXPROTLX-UHFFFAOYSA-N	data/antibiotics/antiviral/7-4-di-o-galloyltricetiflavan.yaml	6c4c7c0aefac43032a6c8e777d73404bd135b5cf47bfaf6b58351c0420e77db1	PENDING_DISCOVERY	0	0	0				0	0	0
CHEBI:70656	7-hydroxy-5-methoxy-6,8-dimethylflavone	NXIOJDXYHLKSSC-UHFFFAOYSA-N	data/antibiotics/antiviral/7-hydroxy-5-methoxy-6-8-dimethylflavone.yaml	5b9737d6d5d6c0353a92b2b55394d0d41a04ae37d3dd5d143819e8b08f80c7b2	PENDING_DISCOVERY	0	0	0				0	0	0
CHEBI:70652	7-hydroxy-5-methoxy-6,8-dimethylisoflavone	RJYIZTVVOPZJCP-UHFFFAOYSA-N	data/antibiotics/antiviral/7-hydroxy-5-methoxy-6-8-dimethylisoflavone.yaml	7fe77decabd0fc265412e0ac1269ba2f27e158ce6afac360c9c2ab2b513ef190	PENDING_DISCOVERY	0	0	0				0	0	0
CHEBI:65943	7-O-galloyltricetiflavan	XQLJWQWRTLHKGO-UHFFFAOYSA-N	data/antibiotics/antiviral/7-o-galloyltricetiflavan.yaml	d200bce366f2b9ceaf28ec73ccaf826dde13071ef24a326054e4f8c4784998f6	PENDING_DISCOVERY	0	0	0				0	0	0
CHEBI:66841	7-oxohernangerine	IVWNIIWOWTWWKH-UHFFFAOYSA-N	data/antibiotics/antiviral/7-oxohernangerine.yaml	5b9649a4459fd3e50015f9e167d0f1adf46e95ade75a09bf6613d403265c4e90	PENDING_DISCOVERY	0	0	0				0	0	0
CHEBI:66586	(7Z)-lobohedleolide	SORYERHBQFTRIK-JMQTVVQQSA-N	data/antibiotics/antiviral/7z-lobohedleolide.yaml	b29ffc08af50ac6ad9ff94654e414efd6655d47cd5381b3f632ba145b031bea8	PENDING_DISCOVERY	0	0	0				0	0	0
CHEBI:66402	8,8a-epoxymorellic acid	DHCUJGJZVIRMQU-ZZBIGSJJSA-N	data/antibiotics/antiviral/8-8a-epoxymorellic-acid.yaml	5dce864895fe726d54996638bcbdf78c9b1ee9d58309c14744d60efb98296f76	PENDING_DISCOVERY	0	0	0				0	0	0
CHEBI:66669	8-hydroxymanzamine A	AMSNINGPDSUBHZ-WAUQNXBMSA-N	data/antibiotics/antiviral/8-hydroxymanzamine-a.yaml	86d71c544ce1be0bfaadd31c8d8e51589d111583f29588d6c8f8282c5ec9ad6e	PENDING_DISCOVERY	0	0	0				0	0	0
CHEBI:421707	abacavir	MCGSCOLBFJQGHM-SCZZXKLOSA-N	data/antibiotics/antiviral/abacavir.yaml	1ba78bb4a4d321c69acc936b766f69ceaca465adf57fb3c35c20256f5048a56d	PENDING_PRIMARY_REVIEW	0	31	0				0	0	0
CHEBI:65361	acacetin-7-O-β-D-galactopyranoside	NLZCOTZRUWYPTP-WHCFWRGISA-N	data/antibiotics/antiviral/acacetin-7-o-β-d-galactopyranoside.yaml	3f4a1e738c2ad2ba7e73be27eb68ef6625217fb86944be37e4f0e041874d205e	PENDING_DISCOVERY	0	0	0				0	0	0
CHEBI:2453	acyclovir	MKUXAQIIEYXACX-UHFFFAOYSA-N	data/antibiotics/antiviral/acyclovir.yaml	f5adda3f449a35e159fbc78197a2931e8c6d2f8e6a3922e153164ff07bc9ded0	PENDING_DISCOVERY	0	0	0				0	0	0
CHEBI:31175	adefovir pivoxil	WOZSCQDILHKSGG-UHFFFAOYSA-N	data/antibiotics/antiviral/adefovir-pivoxil.yaml	5336de11423a1e30d9750aeb10bf01600ec06221a30bbd09645f428bfcf9144d	PENDING_DISCOVERY	0	0	0				0	0	0
CHEBI:2469	adefovir	SUPKOOSCJHTBAH-UHFFFAOYSA-N	data/antibiotics/antiviral/adefovir.yaml	b2c29b8ab6d10af9bc75bc4b2d16ad2a609ec6b2bcabd05acae6d010c3713844	PENDING_DISCOVERY	0	0	0				0	0	0
CHEBI:2512	agathisflavone	BACLASYRJRZXMY-UHFFFAOYSA-N	data/antibiotics/antiviral/agathisflavone.yaml	5c80b5e9c145e24d3a9e190ab324e7898657a78ab8d3c12127ce3b6efdc9dbcf	PENDING_DISCOVERY	0	0	0				0	0	0
CHEBI:65386	alismorientol A	MAZFBCJNIUKTID-MNQBEEPXSA-N	data/antibiotics/antiviral/alismorientol-a.yaml	f692600665c2c7fdc0d3c2689ef3d6f3ed6d6865e5b763d9087274fedd7559bf	PENDING_DISCOVERY	0	0	0				0	0	0
CHEBI:101381	aloxistatin	SRVFFFJZQVENJC-IHRRRGAJSA-N	data/antibiotics/antiviral/aloxistatin.yaml	473126fc8a54de392fd4d9034244786f7fbe93753d1061aaa0fbb4e73c487711	PENDING_DISCOVERY	0	0	0				0	0	0
CHEBI:138488	alsterpaullone	OLUKILHGKRVDCT-UHFFFAOYSA-N	data/antibiotics/antiviral/alsterpaullone.yaml	f8ce3a6d12336f7e12fdd74f41bc4f08a88efe369230b8bd98092d6d321ddc2c	PENDING_DISCOVERY	0	0	0				0	0	0
CHEBI:2619	amantadine hydrochloride	WOLHOYHSEKDWQH-UHFFFAOYSA-N	data/antibiotics/antiviral/amantadine-hydrochloride.yaml	3c0723a06d3aff183140a0da4a9213542f2b045b4758546792bcd33ec9ae86fa	PENDING_DISCOVERY	0	0	0				0	0	0
CHEBI:78351	amantadine sulfate	MYWTWSQFJLXGGQ-UHFFFAOYSA-N	data/antibiotics/antiviral/amantadine-sulfate.yaml	7b96ddc9799d05bed3c5174b0b9036719b14ea103dd52abef2ff348d02817168	PENDING_DISCOVERY	0	0	0				0	0	0
CHEBI:2618	amantadine	DKNWSYNQZKUICI-UHFFFAOYSA-N	data/antibiotics/antiviral/amantadine.yaml	acee0479ca5650ecccb31daa2b15daee125e98600872209e15eeee9822a0e648	PENDING_DISCOVERY	0	0	0				0	0	0
CHEBI:2631	amentoflavone	YUSWMAULDXZHPY-UHFFFAOYSA-N	data/antibiotics/antiviral/amentoflavone.yaml	e5357782d0133fd1114eab980c76c9316731fdccba7bfeefa53e5b2c9fbf0ccd	PENDING_DISCOVERY	0	0	0				0	0	0
CHEBI:50652	amodiaquine hydrochloride	YVNAYSHNIILOJS-UHFFFAOYSA-N	data/antibiotics/antiviral/amodiaquine-hydrochloride.yaml	c57df96daca2315c5ef54604e69ea8c645380b0898211d84a92e8a91b395f5e4	PENDING_DISCOVERY	0	0	0				0	0	0
CHEBI:40050	amprenavir	YMARZQAQMVYCKC-OEMFJLHTSA-N	data/antibiotics/antiviral/amprenavir.yaml	b3074fb9bde43e876811f5c6cfce5e4435db31be7400dbd67775c9ea23ccda1f	PENDING_DISCOVERY	0	0	0				0	0	0
CHEBI:65408	andrographolide	BOJKULTULYSRAS-OTESTREVSA-N	data/antibiotics/antiviral/andrographolide.yaml	4ce40890f2e031c9afdbbba0a9322d5efbe94e161c9aa44d18a417aae2ee362d	PENDING_DISCOVERY	0	0	0				0	0	0
CHEBI:338412	(−)-anisomycin	YKJYKKNCCRKFSL-RDBSUJKOSA-N	data/antibiotics/antiviral/anisomycin.yaml	c6389c4d91a9cdb501e4ed2dcf6c456d8286ecbd3b65d0e2becd5621bdac6213	PENDING_DISCOVERY	0	0	0				0	0	0
CHEBI:65410	anolignan A	HFSAUGRJONZEDN-UHFFFAOYSA-N	data/antibiotics/antiviral/anolignan-a.yaml	0fd8df98a36ddf42b6cd794a7fe23587538bf3a210d1ca660ea2d9d8f9b8ca69	PENDING_DISCOVERY	0	0	0				0	0	0
CHEBI:65411	anolignan B	VVKZAZVVUAFFGF-UHFFFAOYSA-N	data/antibiotics/antiviral/anolignan-b.yaml	02ce3101d99fa7086c0872012fe7d76304bfb6adedd7fab3614320f54240b6a1	PENDING_DISCOVERY	0	0	0				0	0	0
CHEBI:143911	(−)-antofine	NCVWJDISIZHFQS-CQSZACIVSA-N	data/antibiotics/antiviral/antofine.yaml	4d7997743ac7b47350f311e637dce11523e44c5b1d877863e96ac41976cdb7ac	PENDING_DISCOVERY	0	0	0				0	0	0
CHEBI:2766	aphidicolin	NOFOAYPPHIUXJR-APNQCZIXSA-N	data/antibiotics/antiviral/aphidicolin.yaml	b76a3a9d60806b4714b8d403082e076cf026458516b916a1cdfb7b274d682d09	PENDING_DISCOVERY	0	0	0				0	0	0
CHEBI:15932	apiin	NTDLXWMIWOECHG-YRCFQSNFSA-N	data/antibiotics/antiviral/apiin.yaml	ce4b2e4639e58c2a27886041016e2466dbbe9b81138472786f8e1a9636d7795c	PENDING_DISCOVERY	0	0	0				0	0	0
CHEBI:88274	aranotin	HXWOWBFXYUFFKS-PSJNWGMYSA-N	data/antibiotics/antiviral/aranotin.yaml	b8034bf91417bb2e26268ee17cee1ce7f5583c13bebd45bac75c86a0f8bb7593	PENDING_DISCOVERY	0	0	0				0	0	0
CHEBI:65423	ardimerin digallate	DXKGWDISVOGUDQ-XHWFIBSOSA-N	data/antibiotics/antiviral/ardimerin-digallate.yaml	857dafd3f8a29b4193742034c84e8a6b4d90fe13aa935c667e9263077b97a4c1	PENDING_DISCOVERY	0	0	0				0	0	0
CHEBI:193597	ARS-1620	ZRPZPNYZFSJUPA-UHFFFAOYSA-N	data/antibiotics/antiviral/ars-1620.yaml	4cb4626dd7981d5051bff4fd7bc89b05cb056bd8f94e7962cd059ad2bb9ecb04	PENDING_DISCOVERY	0	0	0				0	0	0
CHEBI:138179	aspirin-triggered resolvin D1	OIWTWACQMDFHJG-BJEBZIPWSA-N	data/antibiotics/antiviral/aspirin-triggered-resolvin-d1.yaml	a3ce698a9bfd9010035d60b392d6833d7b344ace6a1db2a7c2977db4927ef64f	PENDING_DISCOVERY	0	0	0				0	0	0
CHEBI:17704	aspulvinone E	BNNVVTQUWNGKPH-ZROIWOOFSA-N	data/antibiotics/antiviral/aspulvinone-e.yaml	b54267066cdb29874cadf2ac008467a8bbc4608def3e56c5b2077f40bd7ddda6	PENDING_DISCOVERY	0	0	0				0	0	0
CHEBI:2896	astemizole	GXDALQBWZGODGZ-UHFFFAOYSA-N	data/antibiotics/antiviral/astemizole.yaml	ed95c62e4c41e169a7e34908d3f3794e17391a08a55603a2a5c2cc9b7894bb58	PENDING_DISCOVERY	0	0	0				0	0	0
CHEBI:192555	asterriquinone C1	BKRWGHXVQLNRMR-UHFFFAOYSA-N	data/antibiotics/antiviral/asterriquinone-c1.yaml	85fe62d7f2d9a22acb087113cf06b58d074ff1ac02bef494352ba43058e0dffd	PENDING_DISCOVERY	0	0	0				0	0	0
CHEBI:37924	atazanavir	AXRYRYVKAWYZBR-GASGPIRDSA-N	data/antibiotics/antiviral/atazanavir.yaml	2f136a3a8d5754aedd4b58c6e6617b42180399241e36e2b4275c67d0d01c4a7b	PENDING_DISCOVERY	0	0	0				0	0	0
CHEBI:95341	baricitinib	XUZMWHLSFXCVMG-UHFFFAOYSA-N	data/antibiotics/antiviral/baricitinib.yaml	cc369645c0ae8132920e3861bbd395d6bd2c7c389ad7787100f1f9aaf1a1fcda	PENDING_DISCOVERY	0	0	0				0	0	0
CHEBI:65466	batzelladine A	WZGMBJKFYVONHF-LJQXCJTBSA-N	data/antibiotics/antiviral/batzelladine-a.yaml	55d99cf84a8a6955924deffa232c4c224a7068a6b5fa74155ed729543b1da620	PENDING_DISCOVERY	0	0	0				0	0	0
CHEBI:65467	batzelladine B	CFRXQGXKLCOKGG-BNKKYZKKSA-N	data/antibiotics/antiviral/batzelladine-b.yaml	9e4c8c5affe9fdb2208f65e5025a01a91ae8d027f7a0375d5ecc97b2b290b398	PENDING_DISCOVERY	0	0	0				0	0	0
CHEBI:65483	benzastatin C	AHGKSZXKDPGMQU-IEBWSBKVSA-N	data/antibiotics/antiviral/benzastatin-c.yaml	e42c579bd836c23282e20a5fd915552fd47a3264ee29ffb6e845c172b3ba4eab	PENDING_DISCOVERY	0	0	0				0	0	0
CHEBI:3049	benzatropine mesylate	CPFJLLXFNPCTDW-BWSPSPBFSA-N	data/antibiotics/antiviral/benzatropine-mesylate.yaml	cbaace9000eb597c0e94303292f353f7b820f8da0a2fd080a78a8dcd97dcda7d	PENDING_DISCOVERY	0	0	0				0	0	0
CHEBI:3086	betulin	FVWJYYTZTCVBKE-ROUWMTJPSA-N	data/antibiotics/antiviral/betulin.yaml	f2288c364241c0db59539ccc97b51b8fbce5495b349493aa41fd1464539d9fb7	PENDING_DISCOVERY	0	0	0				0	0	0
CHEBI:65484	bevirimat	YJEJKUQEXFSVCJ-WRFMNRASSA-N	data/antibiotics/antiviral/bevirimat.yaml	2894f5b4c56f5716b102720362a56e69279661421faff7dcc5c30a0954f01566	PENDING_PRIMARY_REVIEW	1	0	0			PMID:19279107|PMID:20406463	0	0	0
CHEBI:172961	bictegravir sodium	WJNFBIVCQMPPJC-FQYDJHLKSA-M	data/antibiotics/antiviral/bictegravir-sodium.yaml	2a218bfc2a1419d4d9686f7f02ba598e625d5dba68e57e40866beb04fc25465a	PENDING_DISCOVERY	0	0	0				0	0	0
CHEBI:172943	bictegravir	SOLUWJRYJLAZCX-LYOVBCGYSA-N	data/antibiotics/antiviral/bictegravir.yaml	ac88ec7d91f9fe520740a84623e1024bfce36c338d16da4c63398a5f2079466e	PENDING_PRIMARY_REVIEW	1	44	0			PMID:27645238	0	0	0
CHEBI:65511	blancoxanthone	VCRGQEOJJJBBNZ-UHFFFAOYSA-N	data/antibiotics/antiviral/blancoxanthone.yaml	850a9b521e556060daa2df53b86fca2012a00f69f4b41edb2e4891eddaceffe3	PENDING_DISCOVERY	0	0	0				0	0	0
CHEBI:68621	boceprevir	LHHCSNFAOIFYRV-DOVBMPENSA-N	data/antibiotics/antiviral/boceprevir.yaml	c036d67aac15570797be6a7ad39b51a3373f12c83a1d65afa0a28f1f303e7fa4	PENDING_PRIMARY_REVIEW	1	0	0			PMID:18201776	0	0	0
CHEBI:177871	brequinar sodium	PZOHOALJQOFNTB-UHFFFAOYSA-M	data/antibiotics/antiviral/brequinar-sodium.yaml	5bc2582995f959d113f43e7cf5534230564c3bfa2ae9685611084f921f7e0411	PENDING_DISCOVERY	0	0	0				0	0	0
CHEBI:177387	brequinar	PHEZJEYUWHETKO-UHFFFAOYSA-N	data/antibiotics/antiviral/brequinar.yaml	dc16a1920c1d4469b96d443649451daf5ca718dac974cadc4f4ffdd25ae183a1	PENDING_DISCOVERY	0	0	0				0	0	0
CHEBI:47278	brivudine	ODZBBRURCPAEIQ-PIXDULNESA-N	data/antibiotics/antiviral/brivudine.yaml	44763bc547b3d33537a7027fe647964c1f6a57368a18d6e04655fd85b02fb281	PENDING_DISCOVERY	0	0	0				0	0	0
CHEBI:144088	bromotopsentin	YHGQVXFIJGWOFP-UHFFFAOYSA-N	data/antibiotics/antiviral/bromotopsentin.yaml	7ad9f2f74242c5643ecebe737fc898776f37580888cc0b79ccc2d6b3ca0583be	PENDING_DISCOVERY	0	0	0				0	0	0
CHEBI:88353	bryostatin 1	MJQUEDHRCUIRLF-TVIXENOKSA-N	data/antibiotics/antiviral/bryostatin-1.yaml	d4d75329921aa6f44a09b6d69228b4dd2fcc4c2501d4ad51e79be625bdec45ad	PENDING_DISCOVERY	0	0	0				0	0	0
CHEBI:3209	buformin	XSEUMFJMFFMCIU-UHFFFAOYSA-N	data/antibiotics/antiviral/buformin.yaml	4804f0642033086ca5e2b0f63f5eefcd96f32c47b430f8cef89d74bd4c430ea5	PENDING_DISCOVERY	0	0	0				0	0	0
CHEBI:172948	cabotegravir sodium	AEZBWGMXBKPGFP-KIUAEZIZSA-M	data/antibiotics/antiviral/cabotegravir-sodium.yaml	77045a9341143d89746cc9221c0818140bffbbab1f58c8006c83d5b66cf2c72c	PENDING_DISCOVERY	0	0	0				0	0	0
CHEBI:172944	cabotegravir	WCWSTNLSLKSJPK-LKFCYVNXSA-N	data/antibiotics/antiviral/cabotegravir.yaml	9044ba7d298ab01260bad8b601185ae361b52f0017e113f065249129b9d007ea	PENDING_PRIMARY_REVIEW	0	39	0				0	0	0
CHEBI:65552	(+)-calanolide A	NIDRYBLTWYFCFV-FMTVUPSXSA-N	data/antibiotics/antiviral/calanolide-a.yaml	84f223bcae626edd91b9089a2525ac31a10e649a70de355c56d60f79229b58d6	PENDING_DISCOVERY	0	0	0				0	0	0
CHEBI:65553	(−)-calanolide B	NIDRYBLTWYFCFV-PZROIBLQSA-N	data/antibiotics/antiviral/calanolide-b.yaml	bc3113d12d002404e25cafe44a5710d6cebf883865b83ce2b4a64ec5dbca9a9f	PENDING_DISCOVERY	0	0	0				0	0	0
CHEBI:31347	camostat mesylate	FSEKIHNIDBATFG-UHFFFAOYSA-N	data/antibiotics/antiviral/camostat-mesylate.yaml	42ff789646ceca699ad43b4a5c3c57fe77045b1318e279ba5c2514452d9c04f1	PENDING_DISCOVERY	0	0	0				0	0	0
CHEBI:135632	camostat	XASIMHXSUQUHLV-UHFFFAOYSA-N	data/antibiotics/antiviral/camostat.yaml	c5635e3c74f23e59209346acd381adb2677392a0f911b621e74dd51bf7f1ecf1	PENDING_DISCOVERY	0	0	0				0	0	0
CHEBI:421843	(−)-carbovir	XSSYCIGJYCVRRK-RQJHMYQMSA-N	data/antibiotics/antiviral/carbovir.yaml	52f3cd633d61746e8583605f1979a3e68c11b877512d241a50c59dd02d7fda24	PENDING_DISCOVERY	0	0	0				0	0	0
CHEBI:65585	carnosic acid	QRYRORQUOLYVBU-VBKZILBWSA-N	data/antibiotics/antiviral/carnosic-acid.yaml	ca00d9345dbe9ab65923359b0c2140a34078574879f938750f257fb83d6badb2	PENDING_DISCOVERY	0	0	0				0	0	0
CHEBI:27860	castanospermine	JDVVGAQPNNXQDW-TVNFTVLESA-N	data/antibiotics/antiviral/castanospermine.yaml	3e02dbbcfa792e5c324987ac2ebd44a1d463350d210bde112333770eaadac511	PENDING_DISCOVERY	0	0	0				0	0	0
CHEBI:65605	celasdin B	ZGPGTQGECMDFNI-OJEITCFUSA-N	data/antibiotics/antiviral/celasdin-b.yaml	76923451656827a0689e4b08e6fc63ef9a232c95282225a7a805eea610f2e3e4	PENDING_DISCOVERY	0	0	0				0	0	0
CHEBI:149636	cenicriviroc	PNDKCRDVVKJPKG-WHERJAGFSA-N	data/antibiotics/antiviral/cenicriviroc.yaml	2f46025a9729974d2cfd85abbb1735b647946aaaf178e1949b7fd5fbb7e673ea	PENDING_DISCOVERY	0	0	0				0	0	0
CHEBI:68935	(±)-chartaceone C	RGZSPQYXJSDKAN-FWSOMWAYSA-N	data/antibiotics/antiviral/chartaceone-c.yaml	81b21215e335a154797d8b2c2201c69fba083141986ca98368ff520f8e7f4f6b	PENDING_DISCOVERY	0	0	0				0	0	0
CHEBI:68936	(±)-chartaceone D	RAGZNEMPFYNJSA-KQFLDCGVSA-N	data/antibiotics/antiviral/chartaceone-d.yaml	acdaf1627049d4c994a10b79ff9f32156d16f6c8d4a6ac4fbe088ab960ed8756	PENDING_DISCOVERY	0	0	0				0	0	0
CHEBI:68937	(±)-chartaceone E	HAZLNOUWLROAAU-KQFLDCGVSA-N	data/antibiotics/antiviral/chartaceone-e.yaml	1c8da5fa83866d17fc6c17a2b5d8f14e20b5e0929790e2ecf5dcf75750c978dc	PENDING_DISCOVERY	0	0	0				0	0	0
CHEBI:68938	(±)-chartaceone F	VDGBAYIBHQEDHS-BQASJOSNSA-N	data/antibiotics/antiviral/chartaceone-f.yaml	cc24b68cfaf8056975bcd0f027c351ac22233b805ac648286e7031985f2aae87	PENDING_DISCOVERY	0	0	0				0	0	0
CHEBI:91451	CHIR-265	YABJJWZLRMPFSI-UHFFFAOYSA-N	data/antibiotics/antiviral/chir-265.yaml	fa8ac79f99da3d551b8d75469a1155e35ed77f59b9700537d50f12d4be43ba72	PENDING_DISCOVERY	0	0	0				0	0	0
CHEBI:65618	chloropeptin I	FRRCHJPQSWYJSH-OZICGBTHSA-N	data/antibiotics/antiviral/chloropeptin-i.yaml	737a6f0f29d3a8cbc606ada03b33a8697e9ebc786c376735c8d34a3f498c07f5	PENDING_DISCOVERY	0	0	0				0	0	0
CHEBI:65619	chloropeptin II	JJGZGELTZPACID-OTLJHNKQSA-N	data/antibiotics/antiviral/chloropeptin-ii.yaml	517d1ff9e64682e35a3cb6ae4947f836358191e8a47fc06577660b6041208ebd	PENDING_DISCOVERY	0	0	0				0	0	0
CHEBI:3649	chlorpromazine hydrochloride	FBSMERQALIEGJT-UHFFFAOYSA-N	data/antibiotics/antiviral/chlorpromazine-hydrochloride.yaml	0ec7f0568dbd372e9f9241e388fcee4461d2e4b761b282922acead8d4759487d	PENDING_DISCOVERY	0	0	0				0	0	0
CHEBI:3647	chlorpromazine	ZPEIMTDSQAKGNT-UHFFFAOYSA-N	data/antibiotics/antiviral/chlorpromazine.yaml	6f6667d1cd67dadd0628d8b46e0ec5e24b699d15831c23ff7b9b75742dbb5375	PENDING_DISCOVERY	0	0	0				0	0	0
CHEBI:3687	chrysophanol	LQGUBLBATBMXHT-UHFFFAOYSA-N	data/antibiotics/antiviral/chrysophanol.yaml	541b38c42a2d11946b137d5a0f4c2c6865e30d533a3b9d0e185845d83d389f09	PENDING_DISCOVERY	0	0	0				0	0	0
CHEBI:3689	chrysosplenetin	NBVTYGIYKCPHQN-UHFFFAOYSA-N	data/antibiotics/antiviral/chrysosplenetin.yaml	feee737c3a83746b3833a4e0d9fb61c7c53e64bc3128120d55a70123f6c4e3ca	PENDING_DISCOVERY	0	0	0				0	0	0
CHEBI:3690	chrysosplenol C	QQBSPLCHDUCBNM-UHFFFAOYSA-N	data/antibiotics/antiviral/chrysosplenol-c.yaml	887d169a3ffd30f2e1afc3eb9f7100459fcd9d8328d2747111a558a5c5d45948	PENDING_DISCOVERY	0	0	0				0	0	0
CHEBI:3696	cidofovir anhydrous	VWFCHDSQECPREK-LURJTMIESA-N	data/antibiotics/antiviral/cidofovir-anhydrous.yaml	1cb3d21672b44cab5939d31939429af889d9372a11fa66306fe72cd97ddaca75	PENDING_DISCOVERY	0	0	0				0	0	0
CHEBI:59495	cidofovir dihydrate	FPKARFMSZDBYQF-ILKKLZGPSA-N	data/antibiotics/antiviral/cidofovir-dihydrate.yaml	ad3d6a0b06a4e2aaa9323e8046a402ef6698eb37ca57857931ef4a98417b6e54	PENDING_DISCOVERY	0	0	0				0	0	0
CHEBI:147284	cinanserin hydrochloride	LXGJPDKYMJJWRB-IERUDJENSA-N	data/antibiotics/antiviral/cinanserin-hydrochloride.yaml	4e92fa356d9ee18bc4845a59afbef91574105ba38d14a5f7bfcc5c8dc4676a59	PENDING_DISCOVERY	0	0	0				0	0	0
CHEBI:145999	cinanserin	RSUVYMGADVXGOU-BUHFOSPRSA-N	data/antibiotics/antiviral/cinanserin.yaml	0d3750fdec9b0e1a7c9a3cc4df640bae8049cf8000c79072995f182df358f902	PENDING_DISCOVERY	0	0	0				0	0	0
CHEBI:36802	cis-dothiepin	PHTUQLWOUWZIMZ-BOPFTXTBSA-N	data/antibiotics/antiviral/cis-dothiepin.yaml	c1c84ced4e120f08070d30a21de934288d93584d3137f4013f7cbeb1b13f82c0	PENDING_DISCOVERY	0	0	0				0	0	0
CHEBI:68598	clathsterol disulfonic acid	QZCHAQYTIIGVHJ-HXIPBOOUSA-N	data/antibiotics/antiviral/clathsterol-disulfonic-acid.yaml	c64fdf2b1995d58f0585dc9eb4a56013637b228793b089cf86abe1476b72f6dd	PENDING_DISCOVERY	0	0	0				0	0	0
CHEBI:65640	clathsterol	HACDCFFQGRQGEQ-FYVHBMJCSA-L	data/antibiotics/antiviral/clathsterol.yaml	578a9561b0cb68b612c91093455063582b409d4596c8341c5221f15f096f6778	PENDING_DISCOVERY	0	0	0				0	0	0
CHEBI:3755	clomipramine hydrochloride	WIMWMKZEIBHDTH-UHFFFAOYSA-N	data/antibiotics/antiviral/clomipramine-hydrochloride.yaml	21d0f02021e373a722e9d2cf94fadb026cca255aa1ffc0c0a69a1bec19bd4cc8	PENDING_DISCOVERY	0	0	0				0	0	0
CHEBI:47780	clomipramine	GDLIGKIOYRNHDA-UHFFFAOYSA-N	data/antibiotics/antiviral/clomipramine.yaml	c8c1136b9b1613d2c9aa43b3121cba1c17ae7d3233e7fa5b2a2eaa7d3cdc4019	PENDING_DISCOVERY	0	0	0				0	0	0
CHEBI:65649	colossolactone V	NAIJFFZGPGRMSV-SGTCUYSDSA-N	data/antibiotics/antiviral/colossolactone-v.yaml	6801a08642f9aff90021eeaf31965788a53fa223613459f0fc36eef1a1c6ac86	PENDING_DISCOVERY	0	0	0				0	0	0
CHEBI:65650	colossolactone VII	YIMPDIICGCPBOQ-BDZANIHZSA-N	data/antibiotics/antiviral/colossolactone-vii.yaml	3137b1160aac6482b79adad4a89f7b76577c54ca9a076fd9ea37b5735ff55d21	PENDING_DISCOVERY	0	0	0				0	0	0
CHEBI:65651	colossolactone VIII	XNFBOJFRJTXMJL-OZXCYFAESA-N	data/antibiotics/antiviral/colossolactone-viii.yaml	a7e4d2131ab4732734f86147cd72328bb378c62e87230f58c10194d6add02cf9	PENDING_DISCOVERY	0	0	0				0	0	0
CHEBI:65655	complestatin A	ZFUGTFLRENMBAG-HYTWXIRXSA-N	data/antibiotics/antiviral/complestatin-a.yaml	5e5dd8bf816b3e968121e127bbc2e5746785d20fea52d22700cfc4a2af3a5554	PENDING_DISCOVERY	0	0	0				0	0	0
CHEBI:65656	complestatin B	NGSUYOQYYVLKJJ-NAZRFLCCSA-N	data/antibiotics/antiviral/complestatin-b.yaml	6b1f2ca74f5e7acadb265c4e826a1c728444c36e0ec507199e2858697e407abc	PENDING_DISCOVERY	0	0	0				0	0	0
CHEBI:66093	isocomplestatin	JJGZGELTZPACID-OTLJHNKQSA-N	data/antibiotics/antiviral/complestatin.yaml	fcf0ff511427c8dce3d0d75fd59689adc1db66474247494b39cfea85bdd9df8e	PENDING_DISCOVERY	0	0	0				0	0	0
CHEBI:3900	costunolide	HRYLQFBHBWLLLL-AHNJNIBGSA-N	data/antibiotics/antiviral/costunolide.yaml	a22a2104523f19a66d8bb3e63c4cece1688dd01a02ab8556680998174dca3e13	PENDING_DISCOVERY	0	0	0				0	0	0
CHEBI:65667	crambescidin 826	FIZFMEDRNMJYPL-XMXBVVCASA-N	data/antibiotics/antiviral/crambescidin-826.yaml	4b602e110e42110fe10bcbb643af7ca0fe87e59ed7e101e3ce0646d9a37c7c91	PENDING_DISCOVERY	0	0	0				0	0	0
CHEBI:3932	cryptopleurine	RSHYSOGXGSUUIJ-OAHLLOKOSA-N	data/antibiotics/antiviral/cryptopleurine.yaml	bf2fdb2f853bd86e7df30eede9f3d982078d6e1768399938c08f19b3f66c3f3e	PENDING_DISCOVERY	0	0	0				0	0	0
CHEBI:28680	cytarabine	UHDGCWIWMRVCDJ-CCXZUQQUSA-N	data/antibiotics/antiviral/cytarabine.yaml	6af17cb797c4b4b0d289b00c287b3951f59a68d6a75e6ef1dcb0e630e8c7d20a	PENDING_DISCOVERY	0	0	0				0	0	0
CHEBI:65717	cytonic acid A	SQZYUOYBTIOEEA-UHFFFAOYSA-N	data/antibiotics/antiviral/cytonic-acid-a.yaml	e6024c3c1c4cbd81344e7180c2b10819e2ccf1a1deb7bb68b01b514a6a769f6e	PENDING_DISCOVERY	0	0	0				0	0	0
CHEBI:65718	cytonic acid B	NUJLMXRQKUYQKE-UHFFFAOYSA-N	data/antibiotics/antiviral/cytonic-acid-b.yaml	490d4bde1c5c6bdb538038cad77a04e1d053b6b384cf58c6578850ee21078827	PENDING_DISCOVERY	0	0	0				0	0	0
CHEBI:65719	cytosporic acid	DHAUNSINPICAFU-DSGRLQPCSA-N	data/antibiotics/antiviral/cytosporic-acid.yaml	99bbf0dcca3afe8e13e3844c95ea2b70a8bb4719d6675220d98a217537d85b31	PENDING_DISCOVERY	0	0	0				0	0	0
CHEBI:75045	dabrafenib	BFSMGDJOXZAERB-UHFFFAOYSA-N	data/antibiotics/antiviral/dabrafenib.yaml	51390fd756555a7aa65ed3af818026b1144c0e50fe2233832941f24dbb35a6fc	PENDING_DISCOVERY	0	0	0				0	0	0
CHEBI:83800	daclatasvir hydrochloride	BVZLLUDATICXCI-JMSCDMLISA-N	data/antibiotics/antiviral/daclatasvir-hydrochloride.yaml	fc69278bcbd01e65ae236da4f1bf92ea368be635822ac6044a0d7e51b5eaa472	PENDING_DISCOVERY	0	0	0				0	0	0
CHEBI:82977	daclatasvir	FKRSSPOQAMALKA-CUPIEXAXSA-N	data/antibiotics/antiviral/daclatasvir.yaml	064fbd4d73b33b7d4f56d5733ec36b8639db814750e47f0d4e2cec9cc87b1515	PENDING_PRIMARY_REVIEW	1	0	0			PMID:23403428	0	0	0
CHEBI:4324	daphnoretin	JRHMMVBOTXEHGJ-UHFFFAOYSA-N	data/antibiotics/antiviral/daphnoretin.yaml	0ee6a295975efd2bf4075e0cacd9df16ee80f144336bca380afb6eabbeeb0c41	PENDING_DISCOVERY	0	0	0				0	0	0
CHEBI:229223	daprodustat	RUEYEZADQJCKGV-UHFFFAOYSA-N	data/antibiotics/antiviral/daprodustat.yaml	24efd71db61f7ada42a3618c84cbad8cc3a4349011e9615648d8d446fc3074aa	PENDING_DISCOVERY	0	0	0				0	0	0
CHEBI:367163	darunavir	CJBJHOAVZSMMDJ-HEXNFIEUSA-N	data/antibiotics/antiviral/darunavir.yaml	3bfe83e6f39c6a50f56d8918aaf89684551e25f9b5c05e806d43f4b2987c8188	PENDING_DISCOVERY	0	0	0				0	0	0
CHEBI:85178	dasabuvir sodium hydrate	OGXIDVVYYFRBGF-UHFFFAOYSA-N	data/antibiotics/antiviral/dasabuvir-sodium-hydrate.yaml	6b58c1915ef9460ef584c99bd5a388fb2a3ffcaff83c2669c04cf6192db130a8	PENDING_DISCOVERY	0	0	0				0	0	0
CHEBI:85179	dasabuvir sodium	VZCGKKLFRJCTFM-UHFFFAOYSA-N	data/antibiotics/antiviral/dasabuvir-sodium.yaml	0bcdd98cd8e3a938a395a233dd9d49793656f34a0d03bf94fa3f8da3466ab378	PENDING_DISCOVERY	0	0	0				0	0	0
CHEBI:85182	dasabuvir	NBRBXGKOEOGLOI-UHFFFAOYSA-N	data/antibiotics/antiviral/dasabuvir.yaml	367120ff65cc002649525ff2db1b21c77b7cb6e5d33ebad97cc6fe0aa8710629	PENDING_PRIMARY_REVIEW	1	0	0			PMID:25534735	0	0	0
CHEBI:49375	dasatinib (anhydrous)	ZBNZXTGUTAYRHI-UHFFFAOYSA-N	data/antibiotics/antiviral/dasatinib-anhydrous.yaml	1d5913d73753f9ecdd7b02c82ee54c3373c47494b46901232bf92186d982340d	PENDING_DISCOVERY	0	0	0				0	0	0
CHEBI:156289	decanoyl-L-Arg-L-Val-L-Lys-L-Arg-chloromethylketone	NHBJTTGFHCHQHS-VZTVMPNDSA-N	data/antibiotics/antiviral/decanoyl-l-arg-l-val-l-lys-l-arg-chloromethylketone.yaml	315720ca36f3f635bba971e77bdf9d4c34ed83a0a1fef1a94e438d4bec164c4c	PENDING_DISCOVERY	0	0	0				0	0	0
CHEBI:4357	deguelin	ORDAZKGHSNRHTD-UXHICEINSA-N	data/antibiotics/antiviral/deguelin.yaml	39eabcfe72ef71040ed3316aa0770cf6ca8ee80f54eaf2c108050f716da72ec7	PENDING_DISCOVERY	0	0	0				0	0	0
CHEBI:4379	delavirdine mesylate	MEPNHSOMXMALDZ-UHFFFAOYSA-N	data/antibiotics/antiviral/delavirdine-mesylate.yaml	cfcf50ac06fa4cfadf5b2672c149fe5727b4b6795ec113bd2b4f969224e2e486	PENDING_DISCOVERY	0	0	0				0	0	0
CHEBI:119573	delavirdine	WHBIGIKBNXZKFE-UHFFFAOYSA-N	data/antibiotics/antiviral/delavirdine.yaml	1c0b70327480073f9123d47b9bff7ae9bfdc0a95c85504668e576ad54be1eeb9	PENDING_DISCOVERY	0	0	0				0	0	0
CHEBI:490877	didanosine	BXZVVICBKDXVGW-NKWVEPMBSA-N	data/antibiotics/antiviral/didanosine.yaml	5ae6bda5a6c0971ffd23b20697241a807361e92a56b8ab50ffb4cb5f32f3ce38	PENDING_PRIMARY_REVIEW	0	26	0				0	0	0
CHEBI:4629	diosgenin	WQLVFSAGQJTQCK-VKROHFNGSA-N	data/antibiotics/antiviral/diosgenin.yaml	90a9667a2a7f7419d281f8ed2670258231b9949293d829da9f0565cb13a42f31	PENDING_DISCOVERY	0	0	0				0	0	0
CHEBI:38947	dithiodiphosphoric acid	CIFZCCWGXMYJEU-UHFFFAOYSA-N	data/antibiotics/antiviral/dithiodiphosphoric-acid.yaml	8fcd465eb8f683fb3474b3822853646aca07570f50a8df565c9e7591a11aa3b9	PENDING_DISCOVERY	0	0	0				0	0	0
CHEBI:31000	docosan-1-ol	NOPFSRXAKWQILS-UHFFFAOYSA-N	data/antibiotics/antiviral/docosan-1-ol.yaml	148a49c3efe31eb534e80d3d0ba56e9f225a63558907c3ddc696806206e21b1a	PENDING_DISCOVERY	0	0	0				0	0	0
CHEBI:76007	dolutegravir sodium	UGWJRRXTMKRYNK-VSLILLSYSA-M	data/antibiotics/antiviral/dolutegravir-sodium.yaml	11eb4693e358a2c4001cdb7c6cbc5100512a0c7365ffa512f52bbde0f90f1d83	PENDING_DISCOVERY	0	0	0				0	0	0
CHEBI:76010	dolutegravir	RHWKPHLQXYSBKR-BMIGLBTASA-N	data/antibiotics/antiviral/dolutegravir.yaml	95c9b587032a25eeda8ddc9d0b5bcc2e3e565e8b5e8e743260bcd6ab1ea11d5e	PENDING_PRIMARY_REVIEW	1	40	0			PMID:22205735	0	0	0
CHEBI:36798	dothiepin	PHTUQLWOUWZIMZ-UHFFFAOYSA-N	data/antibiotics/antiviral/dothiepin.yaml	255944d63d3e07e02ad586703dcd85dd0b84d218ba0b5ae2b078ac3430347120	PENDING_DISCOVERY	0	0	0				0	0	0
CHEBI:65813	drymaritin	DRUBOMIDMLWOQH-UHFFFAOYSA-N	data/antibiotics/antiviral/drymaritin.yaml	fa8268bff915269907ca4eb20e152519d1b581b1a14c4d9776383257184d2b1b	PENDING_DISCOVERY	0	0	0				0	0	0
CHEBI:65814	durhamycin A	GKQPKEYSNFSHDQ-JVYPXMHJSA-N	data/antibiotics/antiviral/durhamycin-a.yaml	043ebb0b5dec4228dc06feb335cafd6ff0f053af052ef164f658a467b8ed9b3f	PENDING_DISCOVERY	0	0	0				0	0	0
CHEBI:65815	durhamycin B	ICFBIVXFINBMRC-SRFJPACDSA-N	data/antibiotics/antiviral/durhamycin-b.yaml	97c9a8136b431528c91a2738d2a6d33bab3ed150b76c8537d310352b59097743	PENDING_DISCOVERY	0	0	0				0	0	0
CHEBI:44369	duvoglustat	LXBIFEVIBLOUGU-JGWLITMVSA-N	data/antibiotics/antiviral/duvoglustat.yaml	8b3601eff01e2e16eaddc5c58a3f0d693876b475b1e914d87792a6abfbdf2355	PENDING_DISCOVERY	0	0	0				0	0	0
CHEBI:167669	(E)-2-[[[4-(2-chlorophenyl)-1,3-thiazol-2-yl]hydrazinylidene]methyl]benzoic acid	DDEIFUOYHWEWSS-DJKKODMXSA-N	data/antibiotics/antiviral/e-2-4-2-chlorophenyl-1-3-thiazol-2-yl-hydrazinylidene-methyl-benzoic-a.yaml	185bb540893748abde0136e431434b540d677641cc063a592bf8873fa1255eaa	PENDING_DISCOVERY	0	0	0				0	0	0
CHEBI:70655	(E)-4,2',4'-trihydroxy-6'-methoxy-3',5'-dimethylchalcone	HTDSMOBGCNRBHQ-RMKNXTFCSA-N	data/antibiotics/antiviral/e-4-2-4-trihydroxy-6-methoxy-3-5-dimethylchalcone.yaml	f0dda571418e31ff9fd110d4349b9871e3909a98118d97245c1c39118957e658	PENDING_DISCOVERY	0	0	0				0	0	0
CHEBI:119486	efavirenz	XPOQHMRABVBWPR-ZDUSSCGKSA-N	data/antibiotics/antiviral/efavirenz.yaml	3922346640e0299042aa1ea64b94d68279bba1e0a986c8592c9b9c75cb3f7f7d	PENDING_PRIMARY_REVIEW	0	23	0				0	0	0
CHEBI:132967	elbasvir	BVAZQCUMNICBAQ-PZHYSIFUSA-N	data/antibiotics/antiviral/elbasvir.yaml	faeedf917832dae5bf006c6cdcc315df267377b3eb4e4396ad42c837c7d59361	PENDING_PRIMARY_REVIEW	1	0	0			PMID:26303801	0	0	0
CHEBI:72289	elvitegravir	JUZYLCPPVHEVSV-LJQANCHMSA-N	data/antibiotics/antiviral/elvitegravir.yaml	fc001ad119a1c8b276478f5cc398783558050e7c93afdde1b3632eeca9962288	PENDING_PRIMARY_REVIEW	0	34	0				0	0	0
CHEBI:44143	emivirine	MLILORUFDVLTSP-UHFFFAOYSA-N	data/antibiotics/antiviral/emivirine.yaml	467b350c6fc14249f435d2a4576f6391dc67b4b3ca8ede778a7c9ff4957d4e9c	PENDING_DISCOVERY	0	0	0				0	0	0
CHEBI:31536	emtricitabine	XQSPYNMVSIKCOC-NTSWFWBYSA-N	data/antibiotics/antiviral/emtricitabine.yaml	f1b805ca475442639637ed8f6cbe22089a86e9b6cd232b6c95f42ed23c19cf53	PENDING_PRIMARY_REVIEW	0	14	0				0	0	0
CHEBI:608828	enfuvirtide	PEASPLKKXBYDKL-FXEVSJAOSA-N	data/antibiotics/antiviral/enfuvirtide.yaml	a57e185a052213da31b084cf1f8616512dbe0ed169d15a636b208b420d7777a9	PENDING_DISCOVERY	0	0	0				0	0	0
CHEBI:15417	ent-kaur-16-en-19-oic acid	NIKHGUQULKYIGE-OTCXFQBHSA-N	data/antibiotics/antiviral/ent-kaur-16-en-19-oic-acid.yaml	16afc5abbb773e2131532473db9d96431d0cafa75494ef683a80d79479923e40	PENDING_DISCOVERY	0	0	0				0	0	0
CHEBI:473990	entecavir (anhydrous)	QDGZDCVAUDNJFG-FXQIFTODSA-N	data/antibiotics/antiviral/entecavir-anhydrous.yaml	0675b379f185a93a21c64fce7ed625a693038ce373ba8e0d89d1b26833a9650f	PENDING_DISCOVERY	0	0	0				0	0	0
CHEBI:59902	entecavir hydrate	YXPVEXCTPGULBZ-WQYNNSOESA-N	data/antibiotics/antiviral/entecavir-hydrate.yaml	eade64d44bd086961e39d670e1dace477c7a277ae21a238e6ed78864d3799853	PENDING_DISCOVERY	0	0	0				0	0	0
CHEBI:65854	epigallocatechin-(4β→8,2β→O-7)-epicatechin	WODBGULXKVZGQF-QCPBNORNSA-N	data/antibiotics/antiviral/epigallocatechin-4β8-2βo-7-epicatechin.yaml	e7e6eb582b82f8b295bbbf1936f8695ec1256adce9a03ffa65bc59e2fbdb1f93	PENDING_DISCOVERY	0	0	0				0	0	0
CHEBI:63589	etravirine	PYGWGZALEOIKDF-UHFFFAOYSA-N	data/antibiotics/antiviral/etravirine.yaml	da53924869a0d5d12c555455a9d1dc1672002feaa3429ebe222d47af1e3c42d7	PENDING_PRIMARY_REVIEW	0	21	0				0	0	0
CHEBI:80955	eudistomin C	XHYJPORPMFTSBP-YGRLFVJLSA-N	data/antibiotics/antiviral/eudistomin-c.yaml	93da5b44d88e7b17c9fe3e90d23ad89aabc876a926235d5356f0686ac1e6880c	PENDING_DISCOVERY	0	0	0				0	0	0
CHEBI:68478	everolimus	HKVAMNSJSFKALM-GKUWKFKPSA-N	data/antibiotics/antiviral/everolimus.yaml	cd2bdab5660a1547d2103d6e50d2b375b67d771187a35aeed3f4c43c50fb6d8c	PENDING_DISCOVERY	0	0	0				0	0	0
CHEBI:232062	exophillic acid	GBXMNTLQBMLGFM-IHQQTPIISA-N	data/antibiotics/antiviral/exophillic-acid.yaml	455caceba43b1a5381f140ec8ac729f1cafddfc9d0bb4856b822aec3f3775cc2	PENDING_DISCOVERY	0	0	0				0	0	0
CHEBI:4974	famciclovir	GGXKWVWZWMLJEH-UHFFFAOYSA-N	data/antibiotics/antiviral/famciclovir.yaml	f685ae47092c7de0f89953608389611efe825118891190776b96ba66cf7da47f	PENDING_DISCOVERY	0	0	0				0	0	0
CHEBI:132893	fangchinoline	IIQSJHUEZBTSAT-VMPREFPWSA-N	data/antibiotics/antiviral/fangchinoline.yaml	7d90dcca759fce5d4fbde2fb118a7b416165be3ee8f7d48c5483d3b20abb384b	PENDING_DISCOVERY	0	0	0				0	0	0
CHEBI:145520	Fasnall	VSXRMURGJRAOCU-UHFFFAOYSA-N	data/antibiotics/antiviral/fasnall.yaml	643eb15333fe5604927512e15429266964a4265f6a2d04e04f6227fa453783a5	PENDING_DISCOVERY	0	0	0				0	0	0
CHEBI:69219	fatsicarpain D	KICUTMUDQMLBSF-DDJNVBRHSA-N	data/antibiotics/antiviral/fatsicarpain-d.yaml	f0bac55d039e5bccc97fb2fd4fd05a8d85b3d2e058754692c38c450d6b050410	PENDING_DISCOVERY	0	0	0				0	0	0
CHEBI:69222	fatsicarpain G	CEBUWXCYJVYZSN-XEMCBIIJSA-N	data/antibiotics/antiviral/fatsicarpain-g.yaml	b4566f3e37b67ec01db6f99da96c9470896526bd88410a84903a09a1b3a6b07f	PENDING_DISCOVERY	0	0	0				0	0	0
CHEBI:65895	fattiviracin A1	YQYKMOMCJFNBBQ-MJSFJGRCSA-N	data/antibiotics/antiviral/fattiviracin-a1.yaml	b807f4e7864631dc409089e552421dad3dc304ce69b3358ddeb0465159161240	PENDING_DISCOVERY	0	0	0				0	0	0
CHEBI:170009	favipiravir-RTP	UUKPXXBDUCDZDA-KAFVXXCXSA-N	data/antibiotics/antiviral/favipiravir-rtp.yaml	ae6f4bc7b661ac7597ed21183446c5aca5693154eb3b01b95742214607b0b7aa	PENDING_DISCOVERY	0	0	0				0	0	0
CHEBI:134722	favipiravir	ZCGNOVWYSGBHAU-UHFFFAOYSA-N	data/antibiotics/antiviral/favipiravir.yaml	33c52ddebf2061e06266d7bafd1fd38716e5f121e4bcaf30924ba9db34a559fc	PENDING_DISCOVERY	0	0	0				0	0	0
CHEBI:133814	flavasperone	ARXPDHLVDOYIPX-UHFFFAOYSA-N	data/antibiotics/antiviral/flavasperone.yaml	7de025bd3383f78198ded7a939b2c7b09680a2b66d1760aa2831530ec0abc342	PENDING_DISCOVERY	0	0	0				0	0	0
CHEBI:65900	fleephilone	UOPRBHLVKJBASE-XVSBCJMYSA-N	data/antibiotics/antiviral/fleephilone.yaml	11b27f8ca852e4735f66d9bcec676a6236785cecb9440777e10d089953a5f58b	PENDING_DISCOVERY	0	0	0				0	0	0
CHEBI:60761	floxuridine	ODKNJVUHOIMIIZ-RRKCRQDMSA-N	data/antibiotics/antiviral/floxuridine.yaml	a7bc73e6e9db5f48466e997395085daa8238f6f1f72110dacc2a190511194b84	PENDING_DISCOVERY	0	0	0				0	0	0
CHEBI:63599	fludarabine phosphate	GIUYCYHIANZCFB-FJFJXFQQSA-N	data/antibiotics/antiviral/fludarabine-phosphate.yaml	3fcc2bedcf09fb62a534844c530b662d41a183fbc4486cd1e716cf21e4d48b79	PENDING_DISCOVERY	0	0	0				0	0	0
CHEBI:5123	fluphenazine	PLDUPXSUYLZYBN-UHFFFAOYSA-N	data/antibiotics/antiviral/fluphenazine.yaml	626ecf71d8f83cd64f37902f31a25dd6eb4240425009404c58ec925d7005752b	PENDING_DISCOVERY	0	0	0				0	0	0
CHEBI:71508	fluvirucin A1	ZRJBXPCQRSLIKK-BDPAYSQHSA-N	data/antibiotics/antiviral/fluvirucin-a1.yaml	1d4043310ed65b35db3e33b2162588b38c9ddd6fcf29d0b99d57c3e0edf49740	PENDING_DISCOVERY	0	0	0				0	0	0
CHEBI:42471	forskolin	OHCQJHSOBUTRHG-KGGHGJDLSA-N	data/antibiotics/antiviral/forskolin.yaml	4695c18498120d6b92823dfae2aec17b7f2a7946e82d4fcda73f05fd27510b4c	PENDING_DISCOVERY	0	0	0				0	0	0
CHEBI:65912	FR191512	HCXQIVLHUHTXGC-UHFFFAOYSA-N	data/antibiotics/antiviral/fr191512.yaml	b87ff4eaa5f18d287cce2dcb33906701813eb4a721410e89fe53eb1a9a9bc4ab	PENDING_DISCOVERY	0	0	0				0	0	0
CHEBI:5202	fustin	FNUPUYFWZXZMIE-UHFFFAOYSA-N	data/antibiotics/antiviral/fustin.yaml	d9392fb3b10c450ebcc2a8573bca348ad8cb360f3114fca40dc597b6b5b8b9b9	PENDING_DISCOVERY	0	0	0				0	0	0
CHEBI:465284	ganciclovir	IRSCQMHQWWYFCW-UHFFFAOYSA-N	data/antibiotics/antiviral/ganciclovir.yaml	5e215ce25c9969671b4f8bf32c51213062e66bdd9589f0771d4ebd21a515507e	PENDING_DISCOVERY	0	0	0				0	0	0
CHEBI:142261	ganoderol B	AOXXVRDKZLRGTJ-AZIDVCJLSA-N	data/antibiotics/antiviral/ganoderol-b.yaml	0ca6d177a78e33342fd1b67c7ae6287973fa57ceadf3e52ca3a7a84dd13bef57	PENDING_DISCOVERY	0	0	0				0	0	0
CHEBI:65945	ganoderone A	SDAWCNCFVWQZDP-GOUGDUPLSA-N	data/antibiotics/antiviral/ganoderone-a.yaml	0bd2b5b9681a3dac63174818c07eef89b897b5fd10967e6af1075419f2ab8e5b	PENDING_DISCOVERY	0	0	0				0	0	0
CHEBI:65946	ganoderone C	DHGMYNLRIYMOGS-ZWETUDJHSA-N	data/antibiotics/antiviral/ganoderone-c.yaml	22bc30d49c43d35cfecab4312015ec74c3056479cf70feb14eb4bf9b85a92eb2	PENDING_DISCOVERY	0	0	0				0	0	0
CHEBI:234430	gardiquimod	FHJATBIERQTCTN-UHFFFAOYSA-N	data/antibiotics/antiviral/gardiquimod.yaml	008e08f427bc58c5c627f1490ff3b16115f783a308aebd29e8265c0e42ac48c0	PENDING_DISCOVERY	0	0	0				0	0	0
CHEBI:5292	geldanamycin	QTQAWLPCGQOSGP-KSRBKZBZSA-N	data/antibiotics/antiviral/geldanamycin.yaml	80d27d088eb4b732c2abc4b413335b6cd1ed5dba9b644663863e6643aebeedca	PENDING_DISCOVERY	0	0	0				0	0	0
CHEBI:31647	gemcitabine hydrochloride	OKKDEIYWILRZIA-OSZBKLCCSA-N	data/antibiotics/antiviral/gemcitabine-hydrochloride.yaml	a03cb4297a8d1cb8bfc147b320a377bfa01fa265da991a68a6e07024790c5574	PENDING_DISCOVERY	0	0	0				0	0	0
CHEBI:175901	gemcitabine	SDUQYLNIPVEERB-QPPQHZFASA-N	data/antibiotics/antiviral/gemcitabine.yaml	47790da7c60df328b0981e32fb00a46bc7311aef59967373cce266962ccb10bb	PENDING_DISCOVERY	0	0	0				0	0	0
CHEBI:65959	geumonoid	JYKBQWDGVKFSAL-FAPPRUROSA-N	data/antibiotics/antiviral/geumonoid.yaml	d7f05cc2b040f01f6f69b5c81c72aa124e960b22d86fa068f7bae7c16ec104cb	PENDING_DISCOVERY	0	0	0				0	0	0
CHEBI:5353	ginkgetin	AIFCFBUSLAEIBR-UHFFFAOYSA-N	data/antibiotics/antiviral/ginkgetin.yaml	6a5428080de634a9e2e8ccc77f86540a7e5e93bd9fad186d1682633b279fca53	PENDING_DISCOVERY	0	0	0				0	0	0
CHEBI:77152	ginsenoside Rb2	NODILNFGTFIURN-GZPRDHCNSA-N	data/antibiotics/antiviral/ginsenoside-rb2.yaml	57779b11367614e1cd620ceecf49f3373656b5cfb179792f20d9f39a4962f095	PENDING_DISCOVERY	0	0	0				0	0	0
CHEBI:132975	grazoprevir	OBMNJSNZOWALQB-NCQNOWPTSA-N	data/antibiotics/antiviral/grazoprevir.yaml	9bec74acfbdd47fca7182cfdde9a957dc7b4242d15d864c5d79303a8ec42f33f	PENDING_DISCOVERY	0	0	0				0	0	0
CHEBI:167176	GRL-0617	UVERBUNNCOKGNZ-CQSZACIVSA-N	data/antibiotics/antiviral/grl-0617.yaml	fdc04579e5996696b7bb5009af41255a7c3f6c34285e52b934f4bc77e106d1f0	PENDING_DISCOVERY	0	0	0				0	0	0
CHEBI:150866	GS-441524 monophosphate	ZBHOHJWLOOFLMW-LTGWCKQJSA-N	data/antibiotics/antiviral/gs-441524-monophosphate.yaml	1704b5e99185c386b5aa784196f16b974caea5c8b0031f107194c5a296465cf0	PENDING_DISCOVERY	0	0	0				0	0	0
CHEBI:147281	GS-441524	BRDWIEOJOWJCLU-LTGWCKQJSA-N	data/antibiotics/antiviral/gs-441524.yaml	c575d137bf75890c8265294bb2cfe2a3f3207ea0bf9b9f86928d77e7f985671d	PENDING_DISCOVERY	0	0	0				0	0	0
CHEBI:150869	GS-443902	DFVPCNAMNAPBCX-LTGWCKQJSA-N	data/antibiotics/antiviral/gs-443902.yaml	c02bf632230bb38f9c6d88fbd05f171e8ebc2970b55c92e78d7b8342956dabed	PENDING_DISCOVERY	0	0	0				0	0	0
CHEBI:65996	halistanol sulfate F	YMPFBLQGUNEWQH-FLZIPAQVSA-K	data/antibiotics/antiviral/halistanol-sulfate-f.yaml	913ecdd636b6a7af62ca36683cb44d8d8859eaf924f6e4d3e5edb7af492c5b5a	PENDING_DISCOVERY	0	0	0				0	0	0
CHEBI:65997	halistanol sulfate G	LGOWVXRSYXXXNZ-GTQHFPFQSA-K	data/antibiotics/antiviral/halistanol-sulfate-g.yaml	82187b3df7ed56c6d02d831e4ec5ea5a32a8e7baf8318b9ccfee0f0a22c7048f	PENDING_DISCOVERY	0	0	0				0	0	0
CHEBI:72477	halistanol sulfonic acid F	XUMJIMYIZJLITA-TZVJEUQOSA-N	data/antibiotics/antiviral/halistanol-sulfonic-acid-f.yaml	0e2a5ead5591b28133b3bb7226520f36a48c59d4bace7b5df5bc0a62511fad04	PENDING_DISCOVERY	0	0	0				0	0	0
CHEBI:72479	halistanol sulfonic acid G	WBHAMVHLRVKJRH-VZAWWNCJSA-N	data/antibiotics/antiviral/halistanol-sulfonic-acid-g.yaml	c900fbf5339e99af769163ee997e40152203c7d8d285353c34c5c8e2c2d05c22	PENDING_DISCOVERY	0	0	0				0	0	0
CHEBI:5623	harman	PSFDQSOCUJVVGF-UHFFFAOYSA-N	data/antibiotics/antiviral/harman.yaml	e1a0f5b8342062146f67f7366169dba3285fc165f0d4c5981fd7fda44fcb5e65	PENDING_DISCOVERY	0	0	0				0	0	0
CHEBI:28121	harmine	BXNJHAXVSOCGBA-UHFFFAOYSA-N	data/antibiotics/antiviral/harmine.yaml	4c00d8be0d823bb5a2042fa4b57f71112ed7788621183c9d2313be77069c1795	PENDING_DISCOVERY	0	0	0				0	0	0
CHEBI:66006	harziphilone	GFTDIFRKHSPLIX-VNLWOOSYSA-N	data/antibiotics/antiviral/harziphilone.yaml	2bf2741d0a906c6dbaa567125cd5c47f47f5e13bf78c6935084367eec97d9ed2	PENDING_DISCOVERY	0	0	0				0	0	0
CHEBI:191856	helioxanthin	JUBRYHUFFFYTGR-UHFFFAOYSA-N	data/antibiotics/antiviral/helioxanthin.yaml	8b12fd64ca791a6a67c10ce5915a3676b5a94bab149a3a71b1c5493263651e79	PENDING_DISCOVERY	0	0	0				0	0	0
CHEBI:66011	hernandonine	QHFWZNALDDSHFJ-UHFFFAOYSA-N	data/antibiotics/antiviral/hernandonine.yaml	42bf8736fb5d8d01ee0a2cc807de26c4d44068b1e9bea6d9be65e5d263805d25	PENDING_DISCOVERY	0	0	0				0	0	0
CHEBI:229724	herquline A	UFKNDVKQCSBIQE-OCANJJRCSA-N	data/antibiotics/antiviral/herquline-a.yaml	f061f0738875891c45564e9dc342040ca3f1f3abae9e23117e450a840d778e9d	PENDING_DISCOVERY	0	0	0				0	0	0
CHEBI:66013	hesseltin A	LFPBILWIIIPSMS-IEBSNVMFSA-N	data/antibiotics/antiviral/hesseltin-a.yaml	8a7ee9eb207032f95a0213eaa7476aa9cde006e1f846c0872279e270d6edd509	PENDING_DISCOVERY	0	0	0				0	0	0
CHEBI:5818	hydroxyzine	ZQDWXGKKHFNSQK-UHFFFAOYSA-N	data/antibiotics/antiviral/hydroxyzine.yaml	ac3c8d6c5c928c32572b480d3983d12f6f9b1ab7d089086f027dc718c8dc12fb	PENDING_DISCOVERY	0	0	0				0	0	0
CHEBI:66051	hyemaloside A	DTLDDZWHEMEXCO-ILYYIXHASA-N	data/antibiotics/antiviral/hyemaloside-a.yaml	9f54ffb550553242f5b84f251e3cd49732fb5b6c55b603212e22a2d4b5ff25d3	PENDING_DISCOVERY	0	0	0				0	0	0
CHEBI:66052	hyemaloside C	BIUWKTLZFMHRQE-RYQQTUIDSA-N	data/antibiotics/antiviral/hyemaloside-c.yaml	e86268d62fefc3ca309286bc9fa4de860861c5554389b77f3a892369d5d51f49	PENDING_DISCOVERY	0	0	0				0	0	0
CHEBI:66060	hypoglaunine B	JXQXTWWCCNHEQZ-PEWXIWONSA-N	data/antibiotics/antiviral/hypoglaunine-b.yaml	82e53bcfb4a6368f2b4b28e51a151554a53982d2741029ce653b442cd5e31486	PENDING_DISCOVERY	0	0	0				0	0	0
CHEBI:31690	imatinib methanesulfonate	YLMAHDNUQAMNNX-UHFFFAOYSA-N	data/antibiotics/antiviral/imatinib-methanesulfonate.yaml	00ce4f179e5dac9e3e2a19cc6fc61275e43b3208ffc8c817e80c9eb2eca2ebae	PENDING_DISCOVERY	0	0	0				0	0	0
CHEBI:44032	indinavir	CBVCZFGXHXORBI-PXQQMZJSSA-N	data/antibiotics/antiviral/indinavir.yaml	bb61ad0ab22049e831bbcb8f8b2ccdedbe63306c65305036a8e5c9bf63edeb5e	PENDING_DISCOVERY	0	0	0				0	0	0
CHEBI:66076	integracin A	LCCCZIASPPCLCU-KKLWWLSJSA-N	data/antibiotics/antiviral/integracin-a.yaml	ac866974e5ee12a7442ad7d516d5d5a63187091727ba1b8c740fa23894d83520	PENDING_DISCOVERY	0	0	0				0	0	0
CHEBI:66077	integracin B	IKNYNBVDLOWJFN-AKGWNBJDSA-N	data/antibiotics/antiviral/integracin-b.yaml	f5d52313aa4c9d0f76f85bd5a245943c5f0a99942215ccbbfa96cf96c8ce33cc	PENDING_DISCOVERY	0	0	0				0	0	0
CHEBI:66078	integracin C	LYMWNVVWPGMTHS-VOTSOKGWSA-N	data/antibiotics/antiviral/integracin-c.yaml	5b5cdf4b7b3f16762ccb0059b4cfb48fb1e6ee4e56664741563755190d34fac3	PENDING_DISCOVERY	0	0	0				0	0	0
CHEBI:66079	integrastatin A	LNYIJBSSELCSKA-UHFFFAOYSA-N	data/antibiotics/antiviral/integrastatin-a.yaml	9bc21a294f7400cdf1b23b80b89df43559896fd1b381823972bb55b4774ee153	PENDING_DISCOVERY	0	0	0				0	0	0
CHEBI:66080	integrastatin B	PECRJLBPKXQZDC-UHFFFAOYSA-N	data/antibiotics/antiviral/integrastatin-b.yaml	55ee5de8a069cbc3fe0b019e383a0f54e54a1f301b96cb1ad7e4213d986c9e09	PENDING_DISCOVERY	0	0	0				0	0	0
CHEBI:66081	integric acid	UIXJDFDDMXCJCT-DVRXSGNOSA-N	data/antibiotics/antiviral/integric-acid.yaml	b95c027f61579f8a3e496f51b95a777b0290496ee1a2161f758f6d13ba250cd0	PENDING_DISCOVERY	0	0	0				0	0	0
CHEBI:66082	interiotherin A	MBGKPRSARHEFAG-CCHLGUQTSA-N	data/antibiotics/antiviral/interiotherin-a.yaml	b34fdaacc605a8595d9fed04be718014e7708dafddad563c246bf296259b4f0c	PENDING_DISCOVERY	0	0	0				0	0	0
CHEBI:66083	interiotherin B	KIOQRWNZGHZFHB-UFZBKZSQSA-N	data/antibiotics/antiviral/interiotherin-b.yaml	2add11361319e651a8962c8c7001ecdf57e9947020dc082d69897e1d156bc4c0	PENDING_DISCOVERY	0	0	0				0	0	0
CHEBI:149619	isoaspulvinone E	BNNVVTQUWNGKPH-NTEUORMPSA-N	data/antibiotics/antiviral/isoaspulvinone-e.yaml	53ea8dc1e6c18e9c1ddc185e7fbd058e7f7d24c1df3356a7188a7c1adca6b419	PENDING_DISCOVERY	0	0	0				0	0	0
CHEBI:80840	isomangiferin	CDYBOKJASDEORM-HBVDJMOISA-N	data/antibiotics/antiviral/isomangiferin.yaml	c3a064aee0220f36f72d0a658205b3b6add0804d3a229b9dd0166204f4882a50	PENDING_DISCOVERY	0	0	0				0	0	0
CHEBI:167830	isorhapontigenin	ANNNBEZJTNCXHY-NSCUHMNNSA-N	data/antibiotics/antiviral/isorhapontigenin.yaml	51ea6d6deb17a204c78fe67a4a39754747074151e42a9645e719fd6152665e1e	PENDING_DISCOVERY	0	0	0				0	0	0
CHEBI:66130	kadsuphilactone B	FSLAFDXATUXTAG-JHKRTFPPSA-N	data/antibiotics/antiviral/kadsuphilactone-b.yaml	96110ab59380f2114462d41089af7a9207d6b8323db8a6f508cb8921c385d4c3	PENDING_DISCOVERY	0	0	0				0	0	0
CHEBI:66140	karalicin	JATBUOZGJQJSGA-UHFFFAOYSA-N	data/antibiotics/antiviral/karalicin.yaml	51c1641e66c0f221f54b3ad7ed10f78add1d5c3a956993c91ea226aca2e7c5d1	PENDING_DISCOVERY	0	0	0				0	0	0
CHEBI:167314	KOM70144	KGPYBLOBHQLIET-OAHLLOKOSA-N	data/antibiotics/antiviral/kom70144.yaml	65f4b2716e920c338fad0ae08bdc7332b103e1bc7c0b82ec18a4015a7474f0b3	PENDING_DISCOVERY	0	0	0				0	0	0
CHEBI:75592	L-cycloserine	DYDCUQKUCUHJBH-REOHCLBHSA-N	data/antibiotics/antiviral/l-cycloserine.yaml	790e0078b902772cb6d4cc1156e24930dcab3b0150a12ca03d7c397f3ced890a	PENDING_DISCOVERY	0	0	0				0	0	0
CHEBI:145026	L-psicose	BJHIKXHVCXFQLS-ZXEDONINSA-N	data/antibiotics/antiviral/l-psicose.yaml	7e17687b0cc5fd6ef79fae564df4379e6da3b0ccf2ca38dd98ab8cfb62de590a	PENDING_DISCOVERY	0	0	0				0	0	0
CHEBI:192702	ladanein	UUQJTIHOVGMQIH-UHFFFAOYSA-N	data/antibiotics/antiviral/ladanein.yaml	4842324816e0ccbe64612bb5939178bda742deb2b130843f22cc285b15b63c14	PENDING_DISCOVERY	0	0	0				0	0	0
CHEBI:72792	lamellarin α 20-hydrogen sulfate	JMOHRMCZYHDLSW-UHFFFAOYSA-N	data/antibiotics/antiviral/lamellarin-α-20-hydrogen-sulfate.yaml	f245c0dad360bdbc6d92e7394646bb4c4730498fea29247a9edec4345840470b	PENDING_DISCOVERY	0	0	0				0	0	0
CHEBI:66548	lamellarin α 20-sulfate	XFFQTURHMBFHKK-UHFFFAOYSA-M	data/antibiotics/antiviral/lamellarin-α-20-sulfate.yaml	3565c856f833981bca03d512b63d26ccdcbdf310b6bc6f62ad78613c5ce21050	PENDING_DISCOVERY	0	0	0				0	0	0
CHEBI:63577	lamivudine	JTEGQNOMFQHVDC-NKWVEPMBSA-N	data/antibiotics/antiviral/lamivudine.yaml	831bfc4d2282f64b9906cbecd854f5606704adc77735a252185b63e2e73f6a1a	PENDING_PRIMARY_REVIEW	0	14	0				0	0	0
CHEBI:66542	lancifodilactone F	GFRDTMTUJTYIJJ-IUSUREMMSA-N	data/antibiotics/antiviral/lancifodilactone-f.yaml	da95643071ed378dc4e35eac90bcab7da430ebfe4e1663f31447fac8a9233e5f	PENDING_DISCOVERY	0	0	0				0	0	0
CHEBI:66543	lancifodilactone G	LTHLIQFAHGGQPW-OQURKPEFSA-N	data/antibiotics/antiviral/lancifodilactone-g.yaml	fcf3a4f8922cc086780246261e3edc41c05eda731ec822a2d34b9dd38b646d1b	PENDING_DISCOVERY	0	0	0				0	0	0
CHEBI:66544	lancilactone C	TYAJEEFQBLTASC-NNIFVFKYSA-N	data/antibiotics/antiviral/lancilactone-c.yaml	aecc6a9a99a0d9fe8083f044efdf90ed851609860486a2f78797022a239de6bb	PENDING_DISCOVERY	0	0	0				0	0	0
CHEBI:67153	(+)-larreatricin	PIBJADPEZQHMQS-FVEFGIFQSA-N	data/antibiotics/antiviral/larreatricin.yaml	43ca7c8adf8a7891719a8bf464254ae2bdb550add94641d9fe7a44ec0fe68023	PENDING_DISCOVERY	0	0	0				0	0	0
CHEBI:66557	laurolistine	KYVJVURXKAZJRK-LBPRGKRZSA-N	data/antibiotics/antiviral/laurolistine.yaml	bd8143abf55da36dfd47da0d03a722ad490d3f0cc8a1ca8e5c1ce32f18046559	PENDING_DISCOVERY	0	0	0				0	0	0
CHEBI:144671	LDC4297	LSGRZENCFIIHNV-UHFFFAOYSA-N	data/antibiotics/antiviral/ldc4297.yaml	70bb9792c1de8e71d1e9ad6c40717ddf3d2c7dd88706b038c1c0550dafc5300e	PENDING_DISCOVERY	0	0	0				0	0	0
CHEBI:85089	ledipasvir	VRTWBAAJJOHBQU-KMWAZVGDSA-N	data/antibiotics/antiviral/ledipasvir.yaml	adfb1b1833e234e39e7cf54a29c080ae1b0106c4ce323307496b45b87300c830	PENDING_DISCOVERY	0	0	0				0	0	0
CHEBI:66577	lindechunine A	ZLFKJSKABHQLAQ-UHFFFAOYSA-N	data/antibiotics/antiviral/lindechunine-a.yaml	52b8b5b2f9df7c96533b1d36c6bbeeb64b4367d10445e1cd03f670566f7cd258	PENDING_DISCOVERY	0	0	0				0	0	0
CHEBI:80845	liquiritin	DEMKZLAVQYISIA-ZRWXNEIDSA-N	data/antibiotics/antiviral/liquiritin.yaml	6f266559b112f8ccb7eaac3f11d84a1d1554faaa4cf306af269ff49ce5bf67f8	PENDING_DISCOVERY	0	0	0				0	0	0
CHEBI:66585	lobohedleolide	SORYERHBQFTRIK-AQJYKDKHSA-N	data/antibiotics/antiviral/lobohedleolide.yaml	5242115960ae7ccebf305fb91e9e9b376b4ba4792b96c9580f51162977532555	PENDING_DISCOVERY	0	0	0				0	0	0
CHEBI:66591	longipedumin A	MWCNCFCBBXKOCI-CMTGZUNTSA-N	data/antibiotics/antiviral/longipedumin-a.yaml	a54cf2761de7408523fbbdb455c891308d5ac3a7e9b7947ba192cb54d0160dad	PENDING_DISCOVERY	0	0	0				0	0	0
CHEBI:6533	loperamide hydrochloride	PGYPOBZJRVSMDS-UHFFFAOYSA-N	data/antibiotics/antiviral/loperamide-hydrochloride.yaml	717a4eafc93b01d7fae261c9840d490d38f6977db72f5a11a924962773c9d312	PENDING_DISCOVERY	0	0	0				0	0	0
CHEBI:6532	loperamide	RDOIQAHITMMDAJ-UHFFFAOYSA-N	data/antibiotics/antiviral/loperamide.yaml	2fbee82cf921a7573e3b180711c4bd49e433c9b44d547c39c69555b9c8efa899	PENDING_DISCOVERY	0	0	0				0	0	0
CHEBI:31781	lopinavir	KJHKTHWMRKYKJE-SUGCFTRWSA-N	data/antibiotics/antiviral/lopinavir.yaml	f61f13a9492ad4e3cfddc0cb0b7d6cc8aef3f09c0989897fd1a44590b4166382	PENDING_DISCOVERY	0	0	0				0	0	0
CHEBI:66593	lucialdehyde B	KZOBOICRKKYGAQ-GOUGDUPLSA-N	data/antibiotics/antiviral/lucialdehyde-b.yaml	a597163e142edf31f986f3a4643dc33e6de40a163d2d60151aad41ffd7486fc3	PENDING_DISCOVERY	0	0	0				0	0	0
CHEBI:66596	lucidumoside C	RDLNVCALMXCDOJ-QUVQPCEGSA-N	data/antibiotics/antiviral/lucidumoside-c.yaml	72622ca537e7f797a5a38a17d8d1c6256d7e16ccf71f2e72d5286608a34e8335	PENDING_DISCOVERY	0	0	0				0	0	0
CHEBI:66603	lycojapodine A	QZNUIODTYIUAMN-KNPMLCFXSA-N	data/antibiotics/antiviral/lycojapodine-a.yaml	2587f4aea782858c202d56b803a45da89184d3b40c23b2ce6cce83cddc8bf1d6	PENDING_DISCOVERY	0	0	0				0	0	0
CHEBI:66649	macluraxanthone B	QFYDCUMYVXSZFJ-UHFFFAOYSA-N	data/antibiotics/antiviral/macluraxanthone-b.yaml	a63ac610f1699c80f54f0055ad34ef43c95413c6ac07e40d3dccb59e17782394	PENDING_DISCOVERY	0	0	0				0	0	0
CHEBI:66650	macluraxanthone C	INSDJDFCZJWKAI-UHFFFAOYSA-N	data/antibiotics/antiviral/macluraxanthone-c.yaml	48874274553d44279bfe734376cdc4580dbc221e339659467c1ca31fd0f6a9e3	PENDING_DISCOVERY	0	0	0				0	0	0
CHEBI:73107	maprounic acid	BHHPRAFMEFGOLZ-QVUWEPBXSA-N	data/antibiotics/antiviral/maprounic-acid.yaml	491defc2ca736ad86a569330538d28562dfc6d186090c3d11c9edc9a08b77511	PENDING_DISCOVERY	0	0	0				0	0	0
CHEBI:63608	maraviroc	GSNHKUDZZFZSJB-QYOOZWMWSA-N	data/antibiotics/antiviral/maraviroc.yaml	8d03fcaa7404fc7df123a1d676c8ffa0056795c4c32c02f8e814b865986546a4	PENDING_DISCOVERY	0	0	0				0	0	0
CHEBI:66686	maytenfolone A	BVZOXPCXYRGXKC-RUXXHOCVSA-N	data/antibiotics/antiviral/maytenfolone-a.yaml	4e4a356fbea72d1c791e66108b285b33c4c247ae56a3991785f5b5cb7a5d1a56	PENDING_DISCOVERY	0	0	0				0	0	0
CHEBI:167899	mefuparib hydrochloride	GPFWTAVHQKERKY-UHFFFAOYSA-N	data/antibiotics/antiviral/mefuparib-hydrochloride.yaml	f90f4f7421e97e5e9c3fcf21c44c373e08a845e5537b2213ee17eae29e6f0ac3	PENDING_DISCOVERY	0	0	0				0	0	0
CHEBI:167905	mefuparib	ROBJKLPZIPNAMV-UHFFFAOYSA-N	data/antibiotics/antiviral/mefuparib.yaml	615a2137647a6dba2502d08b7d64949a2ce977373745e2f65ceec5fad00dc076	PENDING_DISCOVERY	0	0	0				0	0	0
CHEBI:50667	mercaptopurine	GLVAUDGFNGKCSF-UHFFFAOYSA-N	data/antibiotics/antiviral/mercaptopurine.yaml	42aadf2d2e40ffae1103e51847754d0bcceeacf752e39a0baeb29a7b7c32d064	PENDING_DISCOVERY	0	0	0				0	0	0
CHEBI:37447	meso-tetrakis(N-methyl-4-pyridyl)porphine(4+)	ABCGFHPGHXSVKI-LWQDQPMZSA-O	data/antibiotics/antiviral/meso-tetrakis-n-methyl-4-pyridyl-porphine-4.yaml	a21c72f099b7b735ce57f47f8f7a6580458e32ae3d4f3532500cebcc105884d0	PENDING_DISCOVERY	0	0	0				0	0	0
CHEBI:78039	meso-tetrakis(N-methyl-4-pyridyl)porphine tetrakis(p-toluenesulfonate)	AKZFRMNXBLFDNN-GVHKZQBISA-K	data/antibiotics/antiviral/meso-tetrakis-n-methyl-4-pyridyl-porphine-tetrakis-p-toluenesulfonate.yaml	bc9f3672fd6b6ba7a0c87a4341ee603640bf80866c3440ee70e8d417f4674b99	PENDING_DISCOVERY	0	0	0				0	0	0
CHEBI:6838	methotrimeprazine	VRQVVMDWGGWHTJ-CQSZACIVSA-N	data/antibiotics/antiviral/methotrimeprazine.yaml	64f15bdd2a883e1d4eb5da3e2cb0b52b7da05555a6b078dd8815ccbe8a0f518e	PENDING_DISCOVERY	0	0	0				0	0	0
CHEBI:66385	michellamine A	GMLBVLXDRNJFGR-ZJZGAYNASA-N	data/antibiotics/antiviral/michellamine-a.yaml	7fda0e92decfafd6368b46cdd0795566499ec648f54503a8799d99a550f2e2de	PENDING_DISCOVERY	0	0	0				0	0	0
CHEBI:66386	michellamine B	GMLBVLXDRNJFGR-ZJZGAYNASA-N	data/antibiotics/antiviral/michellamine-b.yaml	5396277fc6a06521bc15de4b9800347ac87962d29e186638be1d0af6aedf17f7	PENDING_DISCOVERY	0	0	0				0	0	0
CHEBI:66388	microspinosamide	GUGALNGMVNRENE-DPOFQXJLSA-N	data/antibiotics/antiviral/microspinosamide.yaml	35a8a033709733aeb2b273b584307dc42752f45465e7180467331fd9ec744131	PENDING_DISCOVERY	0	0	0				0	0	0
CHEBI:50381	miglustat	UQRORFVVSGFNRO-UTINFBMNSA-N	data/antibiotics/antiviral/miglustat.yaml	6be7c4f80a76c1dbe45254572732ef840b409942c9a1838a67a3eaf40cb7942a	PENDING_DISCOVERY	0	0	0				0	0	0
CHEBI:180653	molnupiravir	HTNPEHXGEKVIHG-QCNRFFRDSA-N	data/antibiotics/antiviral/molnupiravir.yaml	97c6b8096934fa2af32af9fadca8901cf51dd7df0735a35ced0b04660b1e13d8	PENDING_DISCOVERY	0	0	0				0	0	0
CHEBI:30815	moronic acid	UMYJVVZWBKIXQQ-QALSDZMNSA-N	data/antibiotics/antiviral/moronic-acid.yaml	17086cbee5d69d3227d984eb86502d6b59e821226b5b0bc7c06464a045925704	PENDING_DISCOVERY	0	0	0				0	0	0
CHEBI:95003	MST-312	MIQUEZGHEJGPJB-UHFFFAOYSA-N	data/antibiotics/antiviral/mst-312.yaml	d2a7aee772ed594f29590112e02144d84211c4f502fcd1b1836adab4ff5f3889	PENDING_DISCOVERY	0	0	0				0	0	0
CHEBI:66415	muqubilone	UCWHHFGTUDDROG-DNKDVBPTSA-N	data/antibiotics/antiviral/muqubilone.yaml	d0397591c9a91faec46a133f1d547cdb078b438b38e213ee8ae863f46b14b360	PENDING_DISCOVERY	0	0	0				0	0	0
CHEBI:8764	mycophenolate mofetil	RTGDFNSFWBGLEC-SYZQJQIISA-N	data/antibiotics/antiviral/mycophenolate-mofetil.yaml	d8b7af50c81b024d24defe59a2ed8172726197951b1112e0f4adabf3f67c5b20	PENDING_DISCOVERY	0	0	0				0	0	0
CHEBI:168396	mycophenolic acid	HPNSFSBZBAHARI-RUDMXATFSA-N	data/antibiotics/antiviral/mycophenolic-acid.yaml	36014dc9ddbd32288e27e051c676ad82bcb6ba8bfb24c793800fcc673fdabe4c	PENDING_DISCOVERY	0	0	0				0	0	0
CHEBI:145998	N-(2-aminoethyl)-1-aziridine-ethanamine	XJNAQZHMIAKQOK-UHFFFAOYSA-N	data/antibiotics/antiviral/n-2-aminoethyl-1-aziridine-ethanamine.yaml	555936ddeba0c33e18c1585d820fa191a86339ce70eda47e84fbcceaaa265500	PENDING_DISCOVERY	0	0	0				0	0	0
CHEBI:52611	N'-(2-hydroxybenzoyl)-2,6-dimethoxybenzohydrazide	NHBHUPPOSSJZSN-UHFFFAOYSA-N	data/antibiotics/antiviral/n-2-hydroxybenzoyl-2-6-dimethoxybenzohydrazide.yaml	ddf93b3fdc56699b24c0a838dc6d235cd1d3f389fc2cd6f3423a914a447295b3	PENDING_DISCOVERY	0	0	0				0	0	0
CHEBI:152560	N-[(2S)-3-cyclohexyl-1-oxo-1-({(2S)-1-oxo-3-[(3S)-2-oxopyrrolidin-3-yl]propan-2-yl}amino)propan-2-yl]-1H-indole-2-carboxamide	HPKJGHVHQWJOOT-ZJOUEHCJSA-N	data/antibiotics/antiviral/n-2s-3-cyclohexyl-1-oxo-1-2s-1-oxo-3-3s-2-oxopyrrolidin-3-yl-propan-2-.yaml	67de07d698875766575a9fc0c096ffdcb80ba51603daa66340c3a8f776327120	PENDING_DISCOVERY	0	0	0				0	0	0
CHEBI:149680	N-(4-{[(1H-benzotriazol-1-yl)acetyl][(thiophen-3-yl)methyl]amino}phenyl)propanamide	TWIVXCFEBRGEKY-UHFFFAOYSA-N	data/antibiotics/antiviral/n-4-1h-benzotriazol-1-yl-acetyl-thiophen-3-yl-methyl-amino-phenyl-prop.yaml	787e9224c9b202b96f86125ecb3235d62d0ae95eab4437fff12476aa6e5f7826	PENDING_DISCOVERY	0	0	0				0	0	0
CHEBI:149693	N-{4-[(1H-benzotriazol-1-ylacetyl)(thiophen-3-ylmethyl)amino]phenyl}-2-methylpropanamide	LTKZCHKSOAHTRI-UHFFFAOYSA-N	data/antibiotics/antiviral/n-4-1h-benzotriazol-1-ylacetyl-thiophen-3-ylmethyl-amino-phenyl-2-meth.yaml	2ff8d2c668aa47a17f2ebf41be97e38f39015531147d15f314cc0c790cd377b6	PENDING_DISCOVERY	0	0	0				0	0	0
CHEBI:39900	N-[(5-methyl-1,2-oxazol-3-yl)carbonyl]-L-alanyl-L-valyl-N-{(2S,3E)-5-(benzyloxy)-5-oxo-1-[(3S)-2-oxopyrrolidin-3-yl]pent-3-en-2-yl}-L-leucinamide	IDBWWEGDLCFCTD-VNEMRZQUSA-N	data/antibiotics/antiviral/n-5-methyl-1-2-oxazol-3-yl-carbonyl-l-alanyl-l-valyl-n-2s-3e-5-benzylo.yaml	734861030ba49b24b40682d0eab2b575d0166e18d22d636e089b8af5f979ec27	PENDING_DISCOVERY	0	0	0				0	0	0
CHEBI:78236	N-acetyl-L-cysteinate	PWKSKIMOESPYIA-BYPYZUCNSA-M	data/antibiotics/antiviral/n-acetyl-l-cysteinate.yaml	cf6ef5069c301e727cfb1b18d5d77a449818dc549d261730fd8d192510f2223b	PENDING_DISCOVERY	0	0	0				0	0	0
CHEBI:28939	N-acetyl-L-cysteine	PWKSKIMOESPYIA-BYPYZUCNSA-N	data/antibiotics/antiviral/n-acetyl-l-cysteine.yaml	4ed6d68a4276b97c8162b830882c521ce4d3ec94b348f2e8eb3193cba06c4ef2	PENDING_DISCOVERY	0	0	0				0	0	0
CHEBI:49026	N-acetyl-α-neuraminic acid	SQVRNKJHWKZAKO-YRMXFSIDSA-N	data/antibiotics/antiviral/n-acetyl-α-neuraminic-acid.yaml	4f0037607f16a4e34e65169bac890ef540a255ca9e3d1cab008007730ee28446	PENDING_DISCOVERY	0	0	0				0	0	0
CHEBI:45744	N-acetyl-β-neuraminic acid	SQVRNKJHWKZAKO-PFQGKNLYSA-N	data/antibiotics/antiviral/n-acetyl-β-neuraminic-acid.yaml	c531e5c24516abad18051a606a8b79899952c0f302b0bbe2d8b9ca55d80d7b13	PENDING_DISCOVERY	0	0	0				0	0	0
CHEBI:17012	N-acetylneuraminic acid	SQVRNKJHWKZAKO-LUWBGTNYSA-N	data/antibiotics/antiviral/n-acetylneuraminic-acid.yaml	6dd62d125640566efa31000ed6fda97a16a399e1552473bce4cfbc6e151865ee	PENDING_DISCOVERY	0	0	0				0	0	0
CHEBI:66002	N-butylharmine	ZTHNVHJIFDQKKE-UHFFFAOYSA-N	data/antibiotics/antiviral/n-butylharmine.yaml	3874794519e1d539e125f91b2aa4d3b49b0d94be8178afb25d21d18f20d4425f	PENDING_DISCOVERY	0	0	0				0	0	0
CHEBI:167666	N-ethyl-1-deoxynojirimycin	DAYOICKCVBMUPS-ULAWRXDQSA-N	data/antibiotics/antiviral/n-ethyl-1-deoxynojirimycin.yaml	114a5af7c72044597c0945bb0d4a1c14b81c7e4db45c718c07b0f0c524b1228d	PENDING_DISCOVERY	0	0	0				0	0	0
CHEBI:66003	N-ethylharmine	IPKUPGYEVPMEEL-UHFFFAOYSA-N	data/antibiotics/antiviral/n-ethylharmine.yaml	9ffd559db2bf33c3867b0d0a77617907b3e68e2c736e51736860b21ebfa7e7a7	PENDING_DISCOVERY	0	0	0				0	0	0
CHEBI:44485	N-ethylmaleimide	HDFGOPSGAURCEO-UHFFFAOYSA-N	data/antibiotics/antiviral/n-ethylmaleimide.yaml	46eaf1af5de9d4f517c0171a42a6e08be09a233ad1d0425b089dbe19e6901b55	PENDING_DISCOVERY	0	0	0				0	0	0
CHEBI:43089	N-hydroxyguanidine	WFBHRSAKANVBKH-UHFFFAOYSA-N	data/antibiotics/antiviral/n-hydroxyguanidine.yaml	70e0be5a7755c9dc73c1e0edd8e889a8dc76b6fee9bfac988ee192110b490ea9	PENDING_DISCOVERY	0	0	0				0	0	0
CHEBI:166564	N-methyl-1-deoxynojirimycin	AAKDPDFZMNYDLR-XZBKPIIZSA-N	data/antibiotics/antiviral/n-methyl-1-deoxynojirimycin.yaml	e1c7d22035a6d40553dd9b8a40181a91be00cc996bca1e831183662a1a2ecb92	PENDING_DISCOVERY	0	0	0				0	0	0
CHEBI:76399	N-nonyldeoxynojirimycin	FTSCEGKYKXESFF-LXTVHRRPSA-N	data/antibiotics/antiviral/n-nonyldeoxynojirimycin.yaml	b20516df8053aeed15d3d180ea91f4e27ee7ffeaa22abde4e68f5ac972085fa5	PENDING_DISCOVERY	0	0	0				0	0	0
CHEBI:46414	N-s-butyl-N-[(2R,3S)-3-({[(3aS,5R,6aR)-hexahydro-2H-cyclopenta[b]furan-5-yloxy]carbonyl}amino)-2-hydroxy-4-phenylbutyl]-4-(hydroxymethyl)benzenesulfonamide	VYBDPVQMILRSMK-GRXYLYAXSA-N	data/antibiotics/antiviral/n-s-butyl-n-2r-3s-3-3as-5r-6ar-hexahydro-2h-cyclopenta-b-furan-5-yloxy.yaml	6b9cd9c2e8fe429d0f1393cfdab1e1d01a60072c7149457956e8b885e1049a76	PENDING_DISCOVERY	0	0	0				0	0	0
CHEBI:149679	N-(tert-butoxycarbonyl)-L-seryl-L-valyl-N-{(2S,3E)-5-ethoxy-5-oxo-1-[(3S)-2-oxopyrrolidin-3-yl]pent-3-en-2-yl}-L-leucinamide	JQGRQEJSWFZWOD-IDAOPYDCSA-N	data/antibiotics/antiviral/n-tert-butoxycarbonyl-l-seryl-l-valyl-n-2s-3e-5-ethoxy-5-oxo-1-3s-2-ox.yaml	c9b48dffeb221d94193a787cfa3326a9de0b5a68a9379fa7a4b75775f23f7559	PENDING_DISCOVERY	0	0	0				0	0	0
CHEBI:66005	N2-methylharmine	SNPOLGTUMADPOR-UHFFFAOYSA-N	data/antibiotics/antiviral/n2-methylharmine.yaml	65fa01b245accefde6be2ecf2591a719396107643264854b469c8fc36cd45930	PENDING_DISCOVERY	0	0	0				0	0	0
CHEBI:180654	N4-hydroxycytidine	XCUAIINAJCDIPM-XVFCMESISA-N	data/antibiotics/antiviral/n4-hydroxycytidine.yaml	730a38a4db39d0895d13e0470c05a9bc86cd28d4d7b7bdf172ee90976c41dc8b	PENDING_DISCOVERY	0	0	0				0	0	0
CHEBI:173104	narlaprevir	RICZEKWVNZFTNZ-LFGITCQGSA-N	data/antibiotics/antiviral/narlaprevir.yaml	9c3e565a664311dec750fe2950471e1abfca6f7770f7676e5b48fc99b71482c7	PENDING_PRIMARY_REVIEW	1	0	0			PMID:24168257	0	0	0
CHEBI:7497	nelfinavir mesylate	NQHXCOAXSHGTIA-SKXNDZRYSA-N	data/antibiotics/antiviral/nelfinavir-mesylate.yaml	b9288f9f59f963ed72a50a44a2e637e24bea3b549820b8f8404c1bea9b775ed7	PENDING_DISCOVERY	0	0	0				0	0	0
CHEBI:7496	nelfinavir	QAGYKUNXZHXKMR-HKWSIXNMSA-N	data/antibiotics/antiviral/nelfinavir.yaml	212dad58ce7c6448509b72827db513c375739da1c4b48bc416c8f063c447f1f8	PENDING_PRIMARY_REVIEW	0	44	0				0	0	0
CHEBI:63613	nevirapine	NQDJXKOVJZTUJA-UHFFFAOYSA-N	data/antibiotics/antiviral/nevirapine.yaml	d95d87f0d78d95dcbe89974dee37506357ff483fbaa4aa679b298e3b3b760b4a	PENDING_PRIMARY_REVIEW	0	22	0				0	0	0
CHEBI:7553	niclosamide	RJMUSRYZPJIFPJ-UHFFFAOYSA-N	data/antibiotics/antiviral/niclosamide.yaml	dbe368e84ddd36c94d5fe272267d6b0f288c8637a71ade7ac095a85b1d50bcf8	PENDING_DISCOVERY	0	0	0				0	0	0
CHEBI:66626	nigranoic acid	NJFOSFIPGRXARF-BRTULJEKSA-N	data/antibiotics/antiviral/nigranoic-acid.yaml	e59c2bc623989bff1dcbd126d60ab0ace284f5edc7d6f6d7e821c6000bf02de8	PENDING_DISCOVERY	0	0	0				0	0	0
CHEBI:52172	nilotinib	HHZIURLSWUIHRB-UHFFFAOYSA-N	data/antibiotics/antiviral/nilotinib.yaml	8e6be3277529b049d0a2ff5ba8d1345d404e08ccd3c8413a425da55575c3cf87	PENDING_DISCOVERY	0	0	0				0	0	0
CHEBI:170007	nirmatrelvir	LIENCHBZNNMNKG-OJFNHCPVSA-N	data/antibiotics/antiviral/nirmatrelvir.yaml	1b2a2a689d33902eaa8ac3a47d866d8d9be4f9a72fbcd5f647d15cdcbff6c3bc	PENDING_DISCOVERY	0	0	0				0	0	0
CHEBI:66627	niruriside	KUZYDHCVYKUFKF-LPLPFJSBSA-N	data/antibiotics/antiviral/niruriside.yaml	c080f460f3fe9596b7c4bd2aa7df50258add15c2a211594393de1b39ebcb826f	PENDING_DISCOVERY	0	0	0				0	0	0
CHEBI:7609	nomilin	KPDOJFFZKAUIOE-WNGDLQANSA-N	data/antibiotics/antiviral/nomilin.yaml	8d9e1eaaf39d45c8b9fe148b016c1df8bff03c51331af73ba2276fb79a2b4c27	PENDING_DISCOVERY	0	0	0				0	0	0
CHEBI:144949	NSC 23766 trihydrochloride	CPUHORIUXPQCHW-UHFFFAOYSA-N	data/antibiotics/antiviral/nsc-23766-trihydrochloride.yaml	b13eab3055cfa34009813b9dc7d0c8f93b0c042a6a2f0416fa2347ce0a7cdc64	PENDING_DISCOVERY	0	0	0				0	0	0
CHEBI:144984	NSC 23766	DEFBCZWQLILOJF-UHFFFAOYSA-N	data/antibiotics/antiviral/nsc-23766.yaml	228992587a0f0bda7455278bac40f5da8e8b9277ae8f9037ae8149a365bb95a0	PENDING_DISCOVERY	0	0	0				0	0	0
CHEBI:46742	Nutlin-3	BDUHCSBCVGXTJM-IZLXSDGUSA-N	data/antibiotics/antiviral/nutlin-3.yaml	c1025d3e1533a63f898d4593178065e448df847dbc2c384033e65219cdfed7d8	PENDING_DISCOVERY	0	0	0				0	0	0
CHEBI:65739	O-demethylbuchenavianine	BBZGOLNDVQZCIH-UHFFFAOYSA-N	data/antibiotics/antiviral/o-demethylbuchenavianine.yaml	aff902dead519f18c0e6c22caa610d1cd4af592f7c9e820e101f89d919e93277	PENDING_DISCOVERY	0	0	0				0	0	0
CHEBI:66801	oblonganoside A	XNXBBAVPDDPLJE-IUFVKNBISA-N	data/antibiotics/antiviral/oblonganoside-a.yaml	00dead8f7f5e5972bccdb47cf83f7696014dd1efa27392c02f167e9bbbd141b3	PENDING_DISCOVERY	0	0	0				0	0	0
CHEBI:71019	omacetaxine mepesuccinate	HYFHYPWGAURHIV-JFIAXGOJSA-N	data/antibiotics/antiviral/omacetaxine-mepesuccinate.yaml	2e350da49c781ce585e3354189e0792656c0c856b2c18bec30b375ecf82bd1f7	PENDING_DISCOVERY	0	0	0				0	0	0
CHEBI:85183	ombitasvir	PIDFDZJZLOTZTM-KHVQSSSXSA-N	data/antibiotics/antiviral/ombitasvir.yaml	fe671e66ce09b290fdd5eb4c1599b4a3700da88ecfed265d4eb9df05edf1107c	PENDING_DISCOVERY	0	0	0				0	0	0
CHEBI:95093	omipalisib	CGBJSGAELGCMKE-UHFFFAOYSA-N	data/antibiotics/antiviral/omipalisib.yaml	775710ffc0f39cd5be8e5522dff2231dfb5a87599fe486aa504727250449bb68	PENDING_DISCOVERY	0	0	0				0	0	0
CHEBI:66823	ophioglonin	XUFSGVREMRKLBR-UHFFFAOYSA-N	data/antibiotics/antiviral/ophioglonin.yaml	496a8a7626bc8235c2d47b349349f413009e407e14dabb964cd96dea8d3c8ef5	PENDING_DISCOVERY	0	0	0				0	0	0
CHEBI:73139	oseltamivir acid	NENPYTRHICXVCS-YNEHKIRRSA-N	data/antibiotics/antiviral/oseltamivir-acid.yaml	6ce63dae550c09fed746715f8e27d2387ca5c6db44194fca9481bd526f3a86a8	PENDING_DISCOVERY	0	0	0				0	0	0
CHEBI:7798	oseltamivir	VSZGPKBBMSAYNT-RRFJBIMHSA-N	data/antibiotics/antiviral/oseltamivir.yaml	f516021197a2cec3e20c68a241a49f5da929f4fa167d9545eb1f7b102c081968	PENDING_DISCOVERY	0	0	0				0	0	0
CHEBI:83265	papuamide B	HQVFHDUBRNXXHV-LZHJWXOHSA-N	data/antibiotics/antiviral/papuamide-b.yaml	7589bfd64fa2e9712c915e967d56da3ba1c6204dba583e8c8573c03319b1d4dd	PENDING_DISCOVERY	0	0	0				0	0	0
CHEBI:85188	paritaprevir	UAUIUKWPKRJZJV-MDJGTQRPSA-N	data/antibiotics/antiviral/paritaprevir.yaml	2e089bd121c42d0e98921909d958e69259f141f5cdf09f653d258a365dfab73c	PENDING_PRIMARY_REVIEW	1	0	0			PMID:25451053	0	0	0
CHEBI:134184	pateamine	DSPNTLCJTJBXTD-IRNRRZNASA-N	data/antibiotics/antiviral/pateamine.yaml	3070c61f471d26797ab6b00fd6410ef145c87d0ea30aedef5f46c608b090abb6	PENDING_DISCOVERY	0	0	0				0	0	0
CHEBI:189648	PB28	PHRCDWVPTULQMT-UHFFFAOYSA-N	data/antibiotics/antiviral/pb28.yaml	9b2e5eed5adeb0e5f5c0ef69a46df80b575c9c8968778f73b92af9022a259530	PENDING_DISCOVERY	0	0	0				0	0	0
CHEBI:93358	PD169316	BGIYKDUASORTBB-UHFFFAOYSA-N	data/antibiotics/antiviral/pd169316.yaml	1a1ba036b57f7a04a9926a9f7be6d55b903ca2f850cc349ed8d1fbf5d0cf5991	PENDING_DISCOVERY	0	0	0				0	0	0
CHEBI:67873	pedunculosumoside A	XWEFVEFGSLLUFG-LKAUHASFSA-N	data/antibiotics/antiviral/pedunculosumoside-a.yaml	b183d46a0c565aec80924be6a47ee14171fed9985cedc8ec9eae6098e8e8f3c2	PENDING_DISCOVERY	0	0	0				0	0	0
CHEBI:67875	pedunculosumoside C	ZDGISMQFYIDRSP-KZGGGLRYSA-N	data/antibiotics/antiviral/pedunculosumoside-c.yaml	7003439345227c710f8191e7a517214c51c7ae2df7549f2470697518ac121f0d	PENDING_DISCOVERY	0	0	0				0	0	0
CHEBI:7956	penciclovir	JNTOCHDNEULJHD-UHFFFAOYSA-N	data/antibiotics/antiviral/penciclovir.yaml	2323ac4cb9bdb2832d80a97391e0f0ec2368d502cab789781a99d5fc58043f4b	PENDING_DISCOVERY	0	0	0				0	0	0
CHEBI:85196	peramivir hydrate	UGTYTOKVOXBJBZ-LINPMSLLSA-N	data/antibiotics/antiviral/peramivir-hydrate.yaml	117ceabd7ad625b36738e276d9f750c889b9597f563a263e83158dd770b000a7	PENDING_DISCOVERY	0	0	0				0	0	0
CHEBI:85202	peramivir	XRQDFNLINLXZLB-CKIKVBCHSA-N	data/antibiotics/antiviral/peramivir.yaml	666512fc5ee94b232c7374fb236361f7530db290296c2053cf0e2f1f83910b92	PENDING_DISCOVERY	0	0	0				0	0	0
CHEBI:172918	PF-00835231	QDIMHKWNHMVDJB-WBAXXEDZSA-N	data/antibiotics/antiviral/pf-00835231.yaml	9301c30b44ae0edb46ada160a858fa97272b8dbd4b64f938e9e4d6d4beda9d57	PENDING_DISCOVERY	0	0	0				0	0	0
CHEBI:173073	PF-07304814	FQKALOFOWPDTED-WBAXXEDZSA-N	data/antibiotics/antiviral/pf-07304814.yaml	f90bf765fd71bc7888240d5d49c9070046b8b15746ee0158bd3f0f849bf1c6f3	PENDING_DISCOVERY	0	0	0				0	0	0
CHEBI:71416	phenazopyridine	QPFYXYFORQJZEC-UHFFFAOYSA-N	data/antibiotics/antiviral/phenazopyridine.yaml	8310ccd328bb56a075a52e20e8221357d64690f0fa4f9b021871975e4cc35789	PENDING_DISCOVERY	0	0	0				0	0	0
CHEBI:15732	phosphonoacetic acid	XUYJLQHKOGNDPB-UHFFFAOYSA-N	data/antibiotics/antiviral/phosphonoacetic-acid.yaml	79998f4fb1e3c6ecd5e4e6724bd56da63978f27444bf652a7f81a34c728205e9	PENDING_DISCOVERY	0	0	0				0	0	0
CHEBI:127780	phosphonoformic acid	ZJAOAACCNHFJAH-UHFFFAOYSA-N	data/antibiotics/antiviral/phosphonoformic-acid.yaml	14827194ae8ade5809c39b62c04339ee23f6d08322422dee7445b23cfcc2bb0c	PENDING_DISCOVERY	0	0	0				0	0	0
CHEBI:65487	platanic acid	RVMPLOSJMIQORE-FUAAEJBOSA-N	data/antibiotics/antiviral/platanic-acid.yaml	d78159a3774f7fbbc841f548020a11e9a7863ada145688a9624b9e8efbcd3726	PENDING_DISCOVERY	0	0	0				0	0	0
CHEBI:125354	plerixafor	YIQPUIGJQJDJOS-UHFFFAOYSA-N	data/antibiotics/antiviral/plerixafor.yaml	898ad09c2912c6990054b02d2fc8bc49399786322de2e40b9bf24854911792e9	PENDING_DISCOVERY	0	0	0				0	0	0
CHEBI:90205	plitidepsin	UUSZLLQJYRSZIS-LXNNNBEUSA-N	data/antibiotics/antiviral/plitidepsin.yaml	c5151032a100ba74557091be4a3020ac2c1e8e5cb4d94441c9ce39919ca1238b	PENDING_DISCOVERY	0	0	0				0	0	0
CHEBI:28472	proanthocyanidin A2	NSEWTSAADLNHNH-LSBOWGMISA-N	data/antibiotics/antiviral/proanthocyanidin-a2.yaml	52dc5e37415cc56e1229e44ace156dfd6dbbb4573d5f793c153e1d5c251d2625	PENDING_DISCOVERY	0	0	0				0	0	0
CHEBI:8462	promethazine hydrochloride	XXPDBLUZJRXNNZ-UHFFFAOYSA-N	data/antibiotics/antiviral/promethazine-hydrochloride.yaml	8966bbc186d36d5d44392308412525b2c499d86724fd56c90d2aa949064dff34	PENDING_DISCOVERY	0	0	0				0	0	0
CHEBI:8461	promethazine	PWWVAXIEGOYWEE-UHFFFAOYSA-N	data/antibiotics/antiviral/promethazine.yaml	7d52c3a8d75759bd02a500f0aef8367ee65350231b5c2d8ff61362496f665cf8	PENDING_DISCOVERY	0	0	0				0	0	0
CHEBI:69472	purpurester A	CHYNVNQRYJSKBG-ZDUSSCGKSA-N	data/antibiotics/antiviral/purpurester-a.yaml	8bee908fe876cfdfc1c1d48ac08b07d426474c4c7f75aa6dfef244df5e745342	PENDING_DISCOVERY	0	0	0				0	0	0
CHEBI:69470	purpurquinone B	PLTDHXZQZPWZBC-QWOQCBQGSA-N	data/antibiotics/antiviral/purpurquinone-b.yaml	32a3326b3a37209f22370f14534f2f955699efd92c3e23bf273970ccdf859ff0	PENDING_DISCOVERY	0	0	0				0	0	0
CHEBI:66302	pyranojacareubin	ZMJXZBDITYZMTK-UHFFFAOYSA-N	data/antibiotics/antiviral/pyranojacareubin.yaml	52120b4748dfc7e023686e9c87758505a5421e1b28857b8450f4780745bc132d	PENDING_DISCOVERY	0	0	0				0	0	0
CHEBI:8695	quercetagetin	ZVOLCUVKHLEPEV-UHFFFAOYSA-N	data/antibiotics/antiviral/quercetagetin.yaml	6757d74e79945b0a4e4a7e05927638a2d8501ebcee5bdb5434f1b1ba2c2d4c28	PENDING_DISCOVERY	0	0	0				0	0	0
CHEBI:134543	(R)-4-hydroxy-1-methyl-L-proline	FMIPNAUMSPFTHK-UHNVWZDZSA-N	data/antibiotics/antiviral/r-4-hydroxy-1-methyl-l-proline.yaml	f96156046fa43d50577f99c2c97a05be0940682081c4879e801b426c860665c5	PENDING_DISCOVERY	0	0	0				0	0	0
CHEBI:183228	(R)-goitrin	UZQVYLOFLQICCT-SCSAIBSYSA-N	data/antibiotics/antiviral/r-goitrin.yaml	d8fc99f146f5d55586ca0fc21783f3cfa7eb96b71a1e6778bec46ecd6aaea0ed	PENDING_DISCOVERY	0	0	0				0	0	0
CHEBI:18145	(R,R,R)-α-tocopherol	GVJHHUAWPYXKBD-IEOSBIPESA-N	data/antibiotics/antiviral/r-r-r-α-tocopherol.yaml	9a71a8cf7dbfc82797705620967a7db8a6cfef75159ab676adc7a364af694af5	PENDING_DISCOVERY	0	0	0				0	0	0
CHEBI:156041	rac5c	MMIABLSMKGWQKD-UHFFFAOYSA-N	data/antibiotics/antiviral/rac5c.yaml	13c1db550ec4b6eb6e977559f6dc6e896832fd4bc3aaa1d6816096231ad37768	PENDING_DISCOVERY	0	0	0				0	0	0
CHEBI:82960	raltegravir	CZFFBEXEKNGXKS-UHFFFAOYSA-N	data/antibiotics/antiviral/raltegravir.yaml	3ce790333486ab41006febeb577ad2da813e3c86bc2a0cde10d1dea2ef99c7a7	PENDING_PRIMARY_REVIEW	2	35	0			PMID:21030679	0	0	0
CHEBI:145994	remdesivir	RWWYLEGWBNMMLJ-YSOARWBDSA-N	data/antibiotics/antiviral/remdesivir.yaml	7ac723353a588829e131a45df204841fb20dd0b1401db438d0c853134fc4e214	PENDING_DISCOVERY	0	0	0				0	0	0
CHEBI:66303	rhinacanthin C	HBWJZSWEQJLURT-QIGLBIQCSA-N	data/antibiotics/antiviral/rhinacanthin-c.yaml	cc60c86f1d28cb7c3b3c0f628f107eef95908397b9b5b64e07b1976deb6393d6	PENDING_DISCOVERY	0	0	0				0	0	0
CHEBI:66304	rhinacanthin D	QWHPVCGUVBLEQF-UHFFFAOYSA-N	data/antibiotics/antiviral/rhinacanthin-d.yaml	10614a36b6a0f8c0415bec045cfc3700852be8143c6ec30359f4dcac597f8e97	PENDING_DISCOVERY	0	0	0				0	0	0
CHEBI:66306	rhuscholide A	LPJLAXYRFCLYIG-HBKYZHKXSA-N	data/antibiotics/antiviral/rhuscholide-a.yaml	57a59e2a13de2f1a7db9d381c37084849b69d1503721b74687eb1462dbe2b14a	PENDING_DISCOVERY	0	0	0				0	0	0
CHEBI:180481	ribavirin 5'-diphosphate	HWSPXPQHONXITJ-AFCXAGJDSA-N	data/antibiotics/antiviral/ribavirin-5-diphosphate.yaml	92cb6fcc9bda1d2f61e8f54970b8c381c128e9fc9092966b18801ca8102b967d	PENDING_DISCOVERY	0	0	0				0	0	0
CHEBI:45490	ribavirin 5'-monophosphate	SDWIOXKHTFOULX-AFCXAGJDSA-N	data/antibiotics/antiviral/ribavirin-5-monophosphate.yaml	0be3a8b80ef7732af5794bc0752ec450912ec24fa17178413cfde691c8320ded	PENDING_DISCOVERY	0	0	0				0	0	0
CHEBI:45578	ribavirin 5'-triphosphate	MMJOCKKLRMRSEQ-AFCXAGJDSA-N	data/antibiotics/antiviral/ribavirin-5-triphosphate.yaml	478b8a71667fc1d92a8414f4682b06ab3ec00b6a470178cf79b8a146c374785f	PENDING_DISCOVERY	0	0	0				0	0	0
CHEBI:63580	ribavirin	IWUCXVSUMQZMFG-AFCXAGJDSA-N	data/antibiotics/antiviral/ribavirin.yaml	e30c81331919df045777fc230ee79bf1387ae0d60badafff2fece582a0302f88	PENDING_DISCOVERY	0	0	0				0	0	0
CHEBI:68602	rilpivirine hydrochloride	KZVVGZKAVZUACK-BJILWQEISA-N	data/antibiotics/antiviral/rilpivirine-hydrochloride.yaml	ffdd7e5687bbbdc497ec8c8dd8b8a3359bdf7dabe569485b4cc614db1a3204b2	PENDING_DISCOVERY	0	0	0				0	0	0
CHEBI:68606	rilpivirine	YIBOMRUWOWDFLG-ONEGZZNKSA-N	data/antibiotics/antiviral/rilpivirine.yaml	0fe52b034ebd51186eaf00675e2a2b76c60f537caa8adcf48e1f798751a1d04d	PENDING_PRIMARY_REVIEW	0	28	0				0	0	0
CHEBI:45409	ritonavir	NCDNCNXCDXHOMX-XGKFQTDJSA-N	data/antibiotics/antiviral/ritonavir.yaml	20120be36fc255a093673f283024a0efa3d5d9f3ed7c837f883344d4f1fd5449	PENDING_DISCOVERY	0	0	0				0	0	0
CHEBI:131785	Ro 5-3335	XWNMORIHKRROGW-UHFFFAOYSA-N	data/antibiotics/antiviral/ro-5-3335.yaml	81ada890addf536e5e56d4cbd12cf5d85bb7bcc9ccb58300d5bc3dc409ce49ec	PENDING_DISCOVERY	0	0	0				0	0	0
CHEBI:8881	robustaflavone	BORWSEZUWHQTOK-UHFFFAOYSA-N	data/antibiotics/antiviral/robustaflavone.yaml	f444cc306fd4559de9b0566b081eee5b29c810d50979787d27dbf5ccde5de12d	PENDING_DISCOVERY	0	0	0				0	0	0
CHEBI:66319	rubriflordilactone B	JGSLSHOXBXVVTQ-NEUKEVNNSA-N	data/antibiotics/antiviral/rubriflordilactone-b.yaml	65e0f15f97079a150b72ce76e310a253da60338316db1b70d40dc9f69d0d7ebb	PENDING_DISCOVERY	0	0	0				0	0	0
CHEBI:133876	S-acetylglutathione	FVRWSIPJNWXCEO-YUMQZZPRSA-N	data/antibiotics/antiviral/s-acetylglutathione.yaml	2f5c02455f852a209cab8aa8bd96a2525b0df5e5ddc297a73c43fa247d92ce03	PENDING_DISCOVERY	0	0	0				0	0	0
CHEBI:80751	(S)-goitrin	UZQVYLOFLQICCT-BYPYZUCNSA-N	data/antibiotics/antiviral/s-goitrin.yaml	742ec53281915ddf7adcf2fc2a47029513821e58327220c263c6a94897aeec4a	PENDING_DISCOVERY	0	0	0				0	0	0
CHEBI:189704	saikosaponin C	VJEMOEYSQDKAQF-JDRYWMLESA-N	data/antibiotics/antiviral/saikosaponin-c.yaml	08f570592978d9bb4908167826d71636af55bd6e7af9d503cef1298d51bd875a	PENDING_DISCOVERY	0	0	0				0	0	0
CHEBI:66153	salaspermic acid	ZXENWDWQTWYUGY-UUZWCOCASA-N	data/antibiotics/antiviral/salaspermic-acid.yaml	4e9e39d253d877d82fcf9ed84074ea4e3a2bbb9c83215270e5a487eaa712f297	PENDING_DISCOVERY	0	0	0				0	0	0
CHEBI:17225	salutaridine	GVTRUVGBZQJVTF-YJYMSZOUSA-N	data/antibiotics/antiviral/salutaridine.yaml	bb04f6b4b0f782d0a025c069e40ce0f0abc7ee4e34872b4beef5f9dd52cebf02	PENDING_DISCOVERY	0	0	0				0	0	0
CHEBI:66165	sandwicensin	ZFUZIYGRFSXEIQ-UWJYYQICSA-N	data/antibiotics/antiviral/sandwicensin.yaml	9dc23500c1069020a9e50df81b9fc1cc44c09a08df1b42b732686d245377a1e4	PENDING_DISCOVERY	0	0	0				0	0	0
CHEBI:63621	saquinavir	QWAXKHKRTORLEM-UGJKXSETSA-N	data/antibiotics/antiviral/saquinavir.yaml	c939910ff48b26c5d2213c2fda8be1d379c04bc84e7844ccdecd09ace113447d	PENDING_DISCOVERY	0	0	0				0	0	0
CHEBI:47458	saracatinib	OUKYUETWWIPKQR-UHFFFAOYSA-N	data/antibiotics/antiviral/saracatinib.yaml	19a89e3aaf720944e96c4a921266eb33b459b2174f42f575ef8af99736d3730d	PENDING_DISCOVERY	0	0	0				0	0	0
CHEBI:9044	savinin	CMJGAYUQSLJSCR-ULIPXBITSA-N	data/antibiotics/antiviral/savinin.yaml	0b1d2f1c95f71e78d8104b963a4f60d27717a1532a39b08dab9b437d0c51fb67	PENDING_DISCOVERY	0	0	0				0	0	0
CHEBI:66431	schisanlactone A	VJNOAOVMGNCSPJ-ZCTPSQTASA-N	data/antibiotics/antiviral/schisanlactone-a.yaml	664c6243f12725ec68488bda29595c46273995733de83c37158035bfff0b3b02	PENDING_DISCOVERY	0	0	0				0	0	0
CHEBI:66432	schisanwilsonene A	QNYUIPNTIJJURA-UMVBOHGHSA-N	data/antibiotics/antiviral/schisanwilsonene-a.yaml	8f8c4988b95107bb51df330e8bc47413fb3ac9fa1d7842014bf8764270bdc71d	PENDING_DISCOVERY	0	0	0				0	0	0
CHEBI:45666	SDZ 35-682	BZJHCQBNFUNZPJ-UHFFFAOYSA-N	data/antibiotics/antiviral/sdz-35-682.yaml	ac3cb12cc0bee281446875817465300b821b130a9c1b2645d681ea488dc80b0f	PENDING_DISCOVERY	0	0	0				0	0	0
CHEBI:45307	seliciclib	BTIHMVBBUGXLCJ-OAHLLOKOSA-N	data/antibiotics/antiviral/seliciclib.yaml	0c413b9544719a657f39d4f0c9f8514181a224704cfadd7bd8eecacd6a0b2f78	PENDING_DISCOVERY	0	0	0				0	0	0
CHEBI:90227	selumetinib	CYOHGALHFOKKQC-UHFFFAOYSA-N	data/antibiotics/antiviral/selumetinib.yaml	6960a8f02978df7f653b60eee080f9249a515929466470595a1303af858606a6	PENDING_DISCOVERY	0	0	0				0	0	0
CHEBI:66461	semicochliodinol A	XNQAJERZSLDENY-UHFFFAOYSA-N	data/antibiotics/antiviral/semicochliodinol-a.yaml	b9d4d4600cf23c0b198d34993c41024a5a0aa92d8fbadc0d80aac5e3fe2108e1	PENDING_DISCOVERY	0	0	0				0	0	0
CHEBI:66462	semicochliodinol B	JWHQWQQROAZMII-UHFFFAOYSA-N	data/antibiotics/antiviral/semicochliodinol-b.yaml	4b23502f05fc77eb7255cd02e2c0a4fe680ecf277345f4a4467e311fdfd1c78e	PENDING_DISCOVERY	0	0	0				0	0	0
CHEBI:231676	SF2523	BYTKNUOMWLJVNQ-UHFFFAOYSA-N	data/antibiotics/antiviral/sf2523.yaml	ca5e3f1222f9840a43c27575ce107614c4b076cd4dcb6667e8bb4809fb9ea2a0	PENDING_DISCOVERY	0	0	0				0	0	0
CHEBI:147346	SG85	CTAXDRJNQQBEIB-VCJIVHKYSA-N	data/antibiotics/antiviral/sg85.yaml	2e13d0c8b1bdf2effa5eba43600381f47703d948aebe326b65f122ee991948e3	PENDING_PRIMARY_REVIEW	1	0	0			PMID:26055377	0	0	0
CHEBI:66479	siamenol	BBPNJGRZPSCZBB-UHFFFAOYSA-N	data/antibiotics/antiviral/siamenol.yaml	242b66545b5866e1304bad9a1bbd073dc4fb926e6acc7a827563fea4e53087a6	PENDING_DISCOVERY	0	0	0				0	0	0
CHEBI:230532	SMIP004	ZFVMECVBUGMWIX-UHFFFAOYSA-N	data/antibiotics/antiviral/smip004.yaml	f2f4ff9a574fb3aeaa56b732ba2b1ec3e031d8089db7512fcfae972147eecc7e	PENDING_DISCOVERY	0	0	0				0	0	0
CHEBI:85083	sofosbuvir	TTZHDVOVKQGIBA-IQWMDFIBSA-N	data/antibiotics/antiviral/sofosbuvir.yaml	683a8590a8d0af70f57765efdb330474a3dd0ced4cb9d68d2c4ecb69e1f39fe7	PENDING_DISCOVERY	0	0	0				0	0	0
CHEBI:50924	sorafenib	MLDQJTXFUGDVEO-UHFFFAOYSA-N	data/antibiotics/antiviral/sorafenib.yaml	f746fea0191bb5c1da669b6bede5a7e147a8ccb2a48263363197859efa4cdfef	PENDING_DISCOVERY	0	0	0				0	0	0
CHEBI:90531	sotrastaurin	OAVGBZOFDPFGPJ-UHFFFAOYSA-N	data/antibiotics/antiviral/sotrastaurin.yaml	b426417ddd6bfc01384547f1a348a7905ac2771a8cda494f81207f4e511e32b6	PENDING_DISCOVERY	0	0	0				0	0	0
CHEBI:66516	soulattrolide	BXENDTPSKAICGV-RXSFTSLZSA-N	data/antibiotics/antiviral/soulattrolide.yaml	c0107a7fbae26d460ff3f561ff6949350546f6d2cef7a7aebd8122f2c9d8250e	PENDING_DISCOVERY	0	0	0				0	0	0
CHEBI:63581	stavudine	XNKLLVCARDGLGL-JGVFFNPUSA-N	data/antibiotics/antiviral/stavudine.yaml	506ce9bd5d2061866b94a3526f86a076c8968197fad4f106582a1bb89791ca49	PENDING_PRIMARY_REVIEW	0	27	0				0	0	0
CHEBI:231728	stibavirin	ZTQRMGDLUGQTTF-MNPOOLNOSA-L	data/antibiotics/antiviral/stibavirin.yaml	9ebaeac811b0c27d1b1c724fdd4cb1e731baadf859daf64f514426699f654de7	PENDING_DISCOVERY	0	0	0				0	0	0
CHEBI:66526	strongylin A	AHDRBWCUVQGBTR-DNEUNLEDSA-N	data/antibiotics/antiviral/strongylin-a.yaml	3aa50d90f9e46e5c042103ac78a46d5613d0d3dd3e19cb949ad38d95c5d955db	PENDING_DISCOVERY	0	0	0				0	0	0
CHEBI:66531	suberosol	MJRURUDEESYVHI-UJZFCZBUSA-N	data/antibiotics/antiviral/suberosol.yaml	8385c61d17b5a0bd03ce265c770d9d0b5e25a4e105316a18f0c5322f9b9e01e9	PENDING_DISCOVERY	0	0	0				0	0	0
CHEBI:138961	sugiol	IPEHJNRNYPOFII-AZUAARDMSA-N	data/antibiotics/antiviral/sugiol.yaml	7d83b88372ce66b7f6e905c7180066d9f8161a6fcc03a02ce1b984e7aaaee1d4	PENDING_DISCOVERY	0	0	0				0	0	0
CHEBI:66537	swertifrancheside	JAANJQNFIJSRTK-KYRPIRIWSA-N	data/antibiotics/antiviral/swertifrancheside.yaml	d4397e5eee189d970e2ba061d3fc266cccb27218686b6e0f2c4190708d7e5fc4	PENDING_DISCOVERY	0	0	0				0	0	0
CHEBI:66538	swertipunicoside	GNMLPEJAIRBAAO-FLJAPRSHSA-N	data/antibiotics/antiviral/swertipunicoside.yaml	e7b67077d1f0a1efba23daac7a7b2e168989f16bc91cf6197a8888deb5ff9dca	PENDING_DISCOVERY	0	0	0				0	0	0
CHEBI:9397	tamoxifen citrate	FQZYTYWMLGAPFJ-OQKDUQJOSA-N	data/antibiotics/antiviral/tamoxifen-citrate.yaml	18890819cf9749ea1018e3bc2c6dbf74cb7cbad2eb90215f5ebc5585c20e64e7	PENDING_DISCOVERY	0	0	0				0	0	0
CHEBI:69475	TAN-931	INVAPAXTQZQLGN-UHFFFAOYSA-N	data/antibiotics/antiviral/tan-931.yaml	bda76de232404971cb4b3ed4bfc549d6c7101276045a0d64b40bbfc486f8cc31	PENDING_DISCOVERY	0	0	0				0	0	0
CHEBI:68595	telaprevir	BBAWEDCPNXPBQM-GDEBMMAJSA-N	data/antibiotics/antiviral/telaprevir.yaml	733e8cb4af2097bb45515ab2f2da39aca42501b24a1ff73753f7aa9994e005bc	PENDING_DISCOVERY	0	0	0				0	0	0
CHEBI:63624	telbivudine	IQFYYKKMVGJFEH-CSMHCCOUSA-N	data/antibiotics/antiviral/telbivudine.yaml	f609b46eeee0bb47164bc7973e7c0197fe848d1fde3fa0161fcd8d34b746fa90	PENDING_DISCOVERY	0	0	0				0	0	0
CHEBI:134504	tenofovir(1−)	SGOIRFVFHAKUTI-ZCFIWIBFSA-M	data/antibiotics/antiviral/tenofovir-1.yaml	12dcb1b85a74ed102fee97c41afb87607d772d727c0e3907df25880decd82987	PENDING_DISCOVERY	0	0	0				0	0	0
CHEBI:90923	tenofovir alafenamide fumarate	SVUJNSGGPUCLQZ-FQQAACOVSA-N	data/antibiotics/antiviral/tenofovir-alafenamide-fumarate.yaml	f50e23c39c116587f33219b2aef891ca80e59d3797ccbfccd1f274222c7d2c02	PENDING_DISCOVERY	0	0	0				0	0	0
CHEBI:90926	tenofovir alafenamide	LDEKQSIMHVQZJK-CAQYMETFSA-N	data/antibiotics/antiviral/tenofovir-alafenamide.yaml	df71ae962ec1971aeb3f6ceac69548ccf41fc7b9d8628ad35c668bddf180fc61	PENDING_DISCOVERY	0	0	0				0	0	0
CHEBI:63625	tenofovir (anhydrous)	SGOIRFVFHAKUTI-ZCFIWIBFSA-N	data/antibiotics/antiviral/tenofovir-anhydrous.yaml	4e8a546fa3dbb892787e790ee081ac1b75e738dbe2b80150a088a2079510ef7e	PENDING_DISCOVERY	0	0	0				0	0	0
CHEBI:63718	tenofovir disoproxil fumarate	VCMJCVGFSROFHV-WZGZYPNHSA-N	data/antibiotics/antiviral/tenofovir-disoproxil-fumarate.yaml	d272463c1b8393c2f843d43059c1e4f2c5597a4cfc2f0d986de3d0ca10f31dbb	PENDING_DISCOVERY	0	0	0				0	0	0
CHEBI:63717	tenofovir disoproxil	JFVZFKDSXNQEJW-CQSZACIVSA-N	data/antibiotics/antiviral/tenofovir-disoproxil.yaml	719999df68698d31c2437c1a2e36615c3a895f30998d532fd3fd16bc77977ea9	PENDING_DISCOVERY	0	0	0				0	0	0
CHEBI:63716	tenofovir hydrate	PINIEAOMWQJGBW-FYZOBXCZSA-N	data/antibiotics/antiviral/tenofovir-hydrate.yaml	5fcbdf1f167d82cf37790e8cc6eaedb6e20919ea718e5b71555eb9fc172ec9e4	PENDING_DISCOVERY	0	0	0				0	0	0
CHEBI:147409	tert-butyl N-{1-[(1S)-1-{[(1R,2S)-1-(benzylcarbamoyl)-1-hydroxy-3-[(3S)-2-oxopyrrolidin-3-yl]propan-2-yl]carbamoyl}-2-cyclopropylethyl]-2-oxopyridin-3-yl}carbamate	FRACPXUHUTXLCX-BELIEFIBSA-N	data/antibiotics/antiviral/tert-butyl-n-1-1s-1-1r-2s-1-benzylcarbamoyl-1-hydroxy-3-3s-2-oxopyrrol.yaml	9f1705c63057ace7499178a1b58cdff87e5322a915a87895397c6aee4453ce2d	PENDING_DISCOVERY	0	0	0				0	0	0
CHEBI:9518	theasinensin A	YUULFXAQUWEYNP-GXAWFILRSA-N	data/antibiotics/antiviral/theasinensin-a.yaml	deae210746f70fe61c6a6a27ec4bdbe530706aba29a5223f8af99c73af805abc	PENDING_DISCOVERY	0	0	0				0	0	0
CHEBI:32216	thiethylperazine maleate	RVBRTNPNFYFDMZ-SPIKMXEPSA-N	data/antibiotics/antiviral/thiethylperazine-maleate.yaml	9951c492b75b7be57a43018488fff41d766db449cdcf27eb5f19b33c6bb7f3bc	PENDING_DISCOVERY	0	0	0				0	0	0
CHEBI:147356	tilorone dihydrochloride	BSVYJQAWONIOOU-UHFFFAOYSA-N	data/antibiotics/antiviral/tilorone-dihydrochloride.yaml	6180d1de521fb18e669e7fcac6409e510893c408e1d375738216df3060246f2d	PENDING_DISCOVERY	0	0	0				0	0	0
CHEBI:147347	tilorone	MPMFCABZENCRHV-UHFFFAOYSA-N	data/antibiotics/antiviral/tilorone.yaml	bc09aed0ab7a07dd3d75e4e776454da18d4f1b32016a9c03404bc071af9bad37	PENDING_DISCOVERY	0	0	0				0	0	0
CHEBI:9555	tioguanine	WYWHKKSPHMUBEB-UHFFFAOYSA-N	data/antibiotics/antiviral/tioguanine.yaml	624f8bcd3720de3b11468efbbbbc589d0548cedb43f6ee58bb787b0da263d3c0	PENDING_DISCOVERY	0	0	0				0	0	0
CHEBI:63628	tipranavir	SUJUHGSWHZTSEU-FYBSXPHGSA-N	data/antibiotics/antiviral/tipranavir.yaml	cbb1c78ee281cf6143af65f5aa32f444dd28df57dae0a1553c67e073024072e7	PENDING_DISCOVERY	0	0	0				0	0	0
CHEBI:40021	tiratricol	UOWZUVNAGUAEQC-UHFFFAOYSA-N	data/antibiotics/antiviral/tiratricol.yaml	96a81144435e2a6e91a1542f233cc89b19e78d2ff2483d1e3dc01a9806381a02	PENDING_DISCOVERY	0	0	0				0	0	0
CHEBI:66252	topopyrone A	KUCMIJRMIDNZCP-UHFFFAOYSA-N	data/antibiotics/antiviral/topopyrone-a.yaml	4af62fa810303f056660daab79353e9c7977ade8af87d03fcb62c1fa07cb619a	PENDING_DISCOVERY	0	0	0				0	0	0
CHEBI:66253	topopyrone B	XQMOGUIQWMFPBF-UHFFFAOYSA-N	data/antibiotics/antiviral/topopyrone-b.yaml	65a029e282e954d664374207e9f44e5101838a8ae5fdfd439aa800a6ed77756c	PENDING_DISCOVERY	0	0	0				0	0	0
CHEBI:66254	topopyrone C	AWDAPFGGFWZKGB-UHFFFAOYSA-N	data/antibiotics/antiviral/topopyrone-c.yaml	752d8bde510178802ba07b73a7b8c1877b075116ee11064b996473008701978a	PENDING_DISCOVERY	0	0	0				0	0	0
CHEBI:66255	topopyrone D	WKOUXLOBNJWENY-UHFFFAOYSA-N	data/antibiotics/antiviral/topopyrone-d.yaml	00305a049d913903da08435528971d46d0d8e778bc8afe135e435cf8501fdfbb	PENDING_DISCOVERY	0	0	0				0	0	0
CHEBI:66258	torvanol A	OYAPXMLXMKSIDT-WSCZMHPESA-M	data/antibiotics/antiviral/torvanol-a.yaml	e6576e75c85eda73f6704b2f80bd41a5bfdef5b50a17377a7d8b88c5a0a46740	PENDING_DISCOVERY	0	0	0				0	0	0
CHEBI:66259	torvoside H	DPXGNIHBGKCXMA-GXBWQGRMSA-N	data/antibiotics/antiviral/torvoside-h.yaml	85f7866ae540909af7d9c5b35f1f10c81da186df70b478e702ac434789581f30	PENDING_DISCOVERY	0	0	0				0	0	0
CHEBI:75998	trametinib	LIRYPHYGHXZJBZ-UHFFFAOYSA-N	data/antibiotics/antiviral/trametinib.yaml	6a6e13fa14197d866b1338b95c7675e40b99438de00b6f9e146bc7311a01f5ff	PENDING_DISCOVERY	0	0	0				0	0	0
CHEBI:36803	trans-dothiepin	PHTUQLWOUWZIMZ-GZTJUZNOSA-N	data/antibiotics/antiviral/trans-dothiepin.yaml	3717154197c9f621ed543b2a82d26368491b20f232213e7f82e16e3f2558a75f	PENDING_DISCOVERY	0	0	0				0	0	0
CHEBI:228235	(−)-trans-fustin	FNUPUYFWZXZMIE-CABCVRRESA-N	data/antibiotics/antiviral/trans-fustin-228235.yaml	4731ab7708d10b21a7e4e22c41c2f6e777e36127dfdd3428ab73fa05d4afbe67	PENDING_DISCOVERY	0	0	0				0	0	0
CHEBI:228234	(+)-trans-fustin	FNUPUYFWZXZMIE-LSDHHAIUSA-N	data/antibiotics/antiviral/trans-fustin.yaml	a31c32116270daa744e6377c8a6514bab097b9fd2dbd0573d71db36ea905b920	PENDING_DISCOVERY	0	0	0				0	0	0
CHEBI:9712	triflupromazine hydrochloride	FTNWXGFYRHWUKG-UHFFFAOYSA-N	data/antibiotics/antiviral/triflupromazine-hydrochloride.yaml	03b83aefae8a6d57df488ad5d87345f599be89843b180812130db84c761cdde4	PENDING_DISCOVERY	0	0	0				0	0	0
CHEBI:9711	triflupromazine	XSCGXQMFQXDFCW-UHFFFAOYSA-N	data/antibiotics/antiviral/triflupromazine.yaml	e16ea58fb747ac86e738e3f040efa4501034b1ac8c1ef509170c447312e142ab	PENDING_DISCOVERY	0	0	0				0	0	0
CHEBI:75179	trifluridine	VSQQQLOSPVPRAZ-RRKCRQDMSA-N	data/antibiotics/antiviral/trifluridine.yaml	45b4be6217521e0795819939f0ab7bcd6c11464bcf1079ed0452cb4bd236099a	PENDING_DISCOVERY	0	0	0				0	0	0
CHEBI:66269	trikendiol	BIILLAVODXFDEL-NBGPHLIOSA-N	data/antibiotics/antiviral/trikendiol.yaml	9c974124ecf3c310bc25067136d4cd0c82a3277accb63b7376839e35d59fd134	PENDING_DISCOVERY	0	0	0				0	0	0
CHEBI:66275	tripterifordin	KLMZPLYXGZZBCX-TYOHIEAGSA-N	data/antibiotics/antiviral/tripterifordin.yaml	8d8dd79091576a17d5de5af3e4f239ab89c67e24c02e2464048328bb838b7a7b	PENDING_DISCOVERY	0	0	0				0	0	0
CHEBI:132152	triptofordin C 2	FOIOSVGAFMLLDU-UDIRGPGZSA-N	data/antibiotics/antiviral/triptofordin-c-2.yaml	2b40be22d708466096273f276294c22720a22d6785059bcde4908cdb06972fb5	PENDING_DISCOVERY	0	0	0				0	0	0
CHEBI:66276	triptonine A	GHLDKPNDMMVFDQ-OFWWAFBUSA-N	data/antibiotics/antiviral/triptonine-a.yaml	4a841abd338272762c61b40175e976deb3b26f0042bd7d7b1f5a2b91d3398d1f	PENDING_DISCOVERY	0	0	0				0	0	0
CHEBI:66277	triptonine B	GSBZVVMZYQMZBG-XMOOUNKUSA-N	data/antibiotics/antiviral/triptonine-b.yaml	1b0eb73a96372cf75728bf31b19e1966dfbd2eacb02030c25a9bfab6a0e1150c	PENDING_DISCOVERY	0	0	0				0	0	0
CHEBI:60269	trisodium phosphonoformate hexahydrate	ILRVASBWNRYBFD-UHFFFAOYSA-K	data/antibiotics/antiviral/trisodium-phosphonoformate-hexahydrate.yaml	7900cf709368fea2372fcba25f054dab61e62e51d5a1d1edef4659c62a986d7d	PENDING_DISCOVERY	0	0	0				0	0	0
CHEBI:141644	trisodium phosphonoformate	DFHAXXVZCFXGOQ-UHFFFAOYSA-K	data/antibiotics/antiviral/trisodium-phosphonoformate.yaml	2419f1f32dc4f281c4d40d7984331204a903e2d0b82fb5e73dc626244324bb90	PENDING_DISCOVERY	0	0	0				0	0	0
CHEBI:75404	tyrphostin AG 1478	GFNNBHLJANVSQV-UHFFFAOYSA-N	data/antibiotics/antiviral/tyrphostin-ag-1478.yaml	de9eef5e1ceb71fca98d82c9d49312844ba4e7f305c1c6b4fe5ab4492d1bbaa7	PENDING_DISCOVERY	0	0	0				0	0	0
CHEBI:46238	U100313	OORLDLMDGJZAFM-MNNSJKJDSA-N	data/antibiotics/antiviral/u100313.yaml	028b7ecd9e0c6b2e06c80db253cd4c8f6a4cca7e6f8d7361752c4b767d14990b	PENDING_DISCOVERY	0	0	0				0	0	0
CHEBI:95074	UNC0638	QOECJCJVIMVJGX-UHFFFAOYSA-N	data/antibiotics/antiviral/unc0638.yaml	ee73963bb7f5c932e6eccb2da39817ac6f9d39ecd193e1cbf4b33ab63e1db2b3	PENDING_DISCOVERY	0	0	0				0	0	0
CHEBI:195170	uranidine	WXBCVQJUZIAXDB-UHFFFAOYSA-N	data/antibiotics/antiviral/uranidine.yaml	439f61d4e84da0e1bb0e3c3ec4643c2e86e6860ca6929b56dcfea25720371048	PENDING_DISCOVERY	0	0	0				0	0	0
CHEBI:35854	valacyclovir	HDOVUKNUBWVHOX-QMMMGPOBSA-N	data/antibiotics/antiviral/valacyclovir.yaml	7a8a9ac6557c62ea3de8c903426ec64066519d8b35de65ce7b31f8b7ec4add81	PENDING_DISCOVERY	0	0	0				0	0	0
CHEBI:63635	valganciclovir	WPVFJKSGQUFQAP-GKAPJAKFSA-N	data/antibiotics/antiviral/valganciclovir.yaml	6cd2acf650ed28dddbe0e4d0dee550c771881e139cc3131bbe931f9c3eea6a04	PENDING_DISCOVERY	0	0	0				0	0	0
CHEBI:28545	valinomycin	FCFNRCROJUBPLU-DNDCDFAISA-N	data/antibiotics/antiviral/valinomycin.yaml	5e207a225e71935edff0300cef97a9e86121f7a7faaa274d17b0902fde697760	PENDING_DISCOVERY	0	0	0				0	0	0
CHEBI:136047	vaniprevir	KUQWGLQLLVFLSM-ONAXAZCASA-N	data/antibiotics/antiviral/vaniprevir.yaml	490200454d25d51d874cc3286dd4f6c01986a1dee51adf046340b2f0ef35f3cf	PENDING_PRIMARY_REVIEW	1	0	0			PMID:23747481	0	0	0
CHEBI:133009	velpatasvir	FHCUMDQMBHQXKK-CDIODLITSA-N	data/antibiotics/antiviral/velpatasvir.yaml	c78c620b667466dae3cb333f58752b5e110c79b60105c967d9ad04435c79befd	PENDING_DISCOVERY	0	0	0				0	0	0
CHEBI:10015	vobasine	TYPMTMPLTVSOBU-XJHWFDBESA-N	data/antibiotics/antiviral/vobasine.yaml	828b5186aa2686b8f875fda2a24fc8bb4b8a895ed04be0db28606a0711bd26cb	PENDING_DISCOVERY	0	0	0				0	0	0
CHEBI:52289	wortmannin	QDLHCMPXEPAAMD-QAIWCSMKSA-N	data/antibiotics/antiviral/wortmannin.yaml	306863dc4a689393513fd9419241a605eebb60657f35a52c597cc4a0847a1a63	PENDING_DISCOVERY	0	0	0				0	0	0
CHEBI:66331	xanthohumol	ORXQGKIUCDPEAJ-YRNVUSSQSA-N	data/antibiotics/antiviral/xanthohumol.yaml	67a81a0a20314f9c9733ef1778858d4a3a866d6cb23e9358552263dd099b6d5e	PENDING_DISCOVERY	0	0	0				0	0	0
CHEBI:10050	XV638	JDALSSGOBMTZEP-NWJWHWDBSA-N	data/antibiotics/antiviral/xv638.yaml	e92f4e5e233fab88ad8d8ee59e13c2799f3d65c256be0d241e868a0fdf00d1a0	PENDING_DISCOVERY	0	0	0				0	0	0
CHEBI:10101	zalcitabine	WREGKURFCTUGRC-POYBYMJQSA-N	data/antibiotics/antiviral/zalcitabine.yaml	cf7aa09036bc17cc211a48803bcd672d7ae510676183eba57e8ca0e873b595af	PENDING_DISCOVERY	0	0	0				0	0	0
CHEBI:50663	zanamivir	ARAIBEBZBOPLMB-UFGQHTETSA-N	data/antibiotics/antiviral/zanamivir.yaml	b0bded21a66491cc34c4caaad75e17fda6ae573031d4bb2db15fbcd4da5ca46b	PENDING_DISCOVERY	0	0	0				0	0	0
CHEBI:10110	zidovudine	HBOMLICNUCNMMY-XLPZGREQSA-N	data/antibiotics/antiviral/zidovudine.yaml	da408fd9999bc2ae90fd89dc4dde30a9c1552b1d42fafeb6e270dbd94276d8c6	PENDING_PRIMARY_REVIEW	0	25	0				0	0	0
CHEBI:140779	1,3,6,8-tetraazatricyclo[4,4,1,13,8]dodecane	YHNNUDUEGSHVGJ-UHFFFAOYSA-N	data/antibiotics/biocide/1-3-6-8-tetraazatricyclo-4-4-1-13-8-dodecane.yaml	e4f212897c7fd0bc62eee56a399513f03f8fac6ecb7cbbe904e24a52d8939524	PENDING_DISCOVERY	0	0	0				0	0	0
CHEBI:34393	4-chloro-3,5-dimethylphenol	OSDLLIBGSJNGJE-UHFFFAOYSA-N	data/antibiotics/biocide/4-chloro-3-5-dimethylphenol.yaml	810cee1470c441eb4d1a79eeae9a947e7eef3b9d375dc0c832e9d3905aa4a188	PENDING_DISCOVERY	0	0	0				0	0	0
CHEBI:34395	4-chloro-m-cresol	CFKMVGJGLGKFKI-UHFFFAOYSA-N	data/antibiotics/biocide/4-chloro-m-cresol.yaml	984097e50a03fd47584ba43d4f7c6e27825c36cb16f7cec2027aa9e79423c56c	PENDING_DISCOVERY	0	0	0				0	0	0
CHEBI:15366	acetic acid	QTBSBXVTEAMEQO-UHFFFAOYSA-N	data/antibiotics/biocide/acetic-acid.yaml	e96702041737279421a5b33ee2bddfbec26ae35d3ab4ec375df7d327d0f3e0b0	PENDING_DISCOVERY	0	0	0				0	0	0
antibioticmech:aro-1fe0873afd	acriflavine	PEJLNXHANOHNSU-UHFFFAOYSA-N	data/antibiotics/biocide/acriflavine.yaml	194ab8a3bfec7eef5ee10d299935bc5ee9f21412836cd8329949bc6115deeaf7	PENDING_PRIMARY_REVIEW	19	0	0				0	0	0
CHEBI:167099	benzo[d]isothiazol-3-one	DMSMPAJRVJJAGA-UHFFFAOYSA-N	data/antibiotics/biocide/benzo-d-isothiazol-3-one.yaml	6074630426661a98854beae56ba7a415e05a1cbdb621969beb51063014bbfddd	PENDING_DISCOVERY	0	0	0				0	0	0
CHEBI:167207	benzododecinium bromide	KHSLHYAUZSPBIU-UHFFFAOYSA-M	data/antibiotics/biocide/benzododecinium-bromide.yaml	ad692536fa6930d79502775ab54e39d709fcb69ba2bf78f3b8227bda8304c955	PENDING_DISCOVERY	0	0	0				0	0	0
CHEBI:167208	benzododecinium chloride	JBIROUFYLSSYDX-UHFFFAOYSA-M	data/antibiotics/biocide/benzododecinium-chloride.yaml	3f7eb52ca9a6af40891efe29d924e9b059b902730a6749eeba51de92c498825b	PENDING_DISCOVERY	0	0	0				0	0	0
CHEBI:30746	benzoic acid	WPYMKLBDIGXBTP-UHFFFAOYSA-N	data/antibiotics/biocide/benzoic-acid.yaml	69e8b0e3deb700496d300d95c5a97b7fd37ba92c140a99a6464e75d15ccbaa48	PENDING_DISCOVERY	0	0	0				0	0	0
CHEBI:156070	butyl benzoate	XSIFPSYPOVKYCO-UHFFFAOYSA-N	data/antibiotics/biocide/butyl-benzoate.yaml	275bffc0abf8d1cbaf6fee0addfdfaf281f7d1886aff4bb05f4290350e2be224	PENDING_DISCOVERY	0	0	0				0	0	0
CHEBI:90702	carboxy-PTIO	KWNDLWPKCDMGTN-UHFFFAOYSA-N	data/antibiotics/biocide/carboxy-ptio.yaml	d2cd2f223e09e8b7becd705a18b0a16f966d509b1cf5c03220097ddeba603c4f	PENDING_DISCOVERY	0	0	0				0	0	0
CHEBI:53767	chloramine T	VDQQXEISLMTGAB-UHFFFAOYSA-N	data/antibiotics/biocide/chloramine-t.yaml	cdea2bc8bdd3bfc760cfc879084341e97e7d995995640c96db9331fcf19c9d4a	PENDING_DISCOVERY	0	0	0				0	0	0
CHEBI:16236	ethanol	LFQSCWFLJHTTHZ-UHFFFAOYSA-N	data/antibiotics/biocide/ethanol.yaml	82b4e4ab78fcde8d079433ff11e386d8408a6ec8f2829457320730e857413baa	PENDING_DISCOVERY	0	0	0				0	0	0
CHEBI:16842	formaldehyde	WSFSSNUMVMOOMR-UHFFFAOYSA-N	data/antibiotics/biocide/formaldehyde.yaml	d08fcf405a7209c76c0f33749e3aa7a609504eff8c6de91737cc5f8e05c5b15c	PENDING_DISCOVERY	0	0	0				0	0	0
CHEBI:64276	glutaraldehyde	SXRSQZLOMIGNAQ-UHFFFAOYSA-N	data/antibiotics/biocide/glutaraldehyde.yaml	31362f3c33d64b1a24033c0b4214c83ae61af0859280a5125ac183de4b7560d0	PENDING_DISCOVERY	0	0	0				0	0	0
CHEBI:28591	guaiacol	LHGVFZTZFXWLCP-UHFFFAOYSA-N	data/antibiotics/biocide/guaiacol.yaml	b1c33cdc83e675915622df471e7d725acd628cb715eb8f245ad6026d7625843c	PENDING_DISCOVERY	0	0	0				0	0	0
CHEBI:16240	hydrogen peroxide	MHAJPDPJQMAIIY-UHFFFAOYSA-N	data/antibiotics/biocide/hydrogen-peroxide.yaml	d05267ec191f0e5cd0001fa0c53cc20557fc71b8fa327acd861edd8fd82b3189	PENDING_PRIMARY_REVIEW	6	0	0	UniProtKB:G4N021|UniProtKB:I1RCN2|UniProtKB:I1RPK0|UniProtKB:I1S9X9|UniProtKB:P0C431|UniProtKB:P9WHZ3	NCBITaxon:1773|NCBITaxon:318829|NCBITaxon:5518	DOI:10.1094/MPMI-10-10-0233|DOI:10.1111/mpp.70174|DOI:10.1371/journal.pgen.1007546|PMID:21138346|PMID:22591226|PMID:28743081|PMID:30044782|PMID:38056173|PMID:41277790	0	1	0
CHEBI:25812	ozone	CBENFWSGALASAD-UHFFFAOYSA-N	data/antibiotics/biocide/ozone.yaml	bb67e4a9509f0a66568e403f140efeba1cc603b1dc522e2d6158a4752343b6ea	PENDING_DISCOVERY	0	0	0				0	0	0
CHEBI:42530	peracetic acid	KFSLWBXXFJQRDL-UHFFFAOYSA-N	data/antibiotics/biocide/peracetic-acid.yaml	2ac074b836bb7f43b790c9d70a3c6be43e82efd6ead13eeaf157f9e5144c62ef	PENDING_DISCOVERY	0	0	0				0	0	0
CHEBI:15882	phenol	ISWSIDIOOBJBQZ-UHFFFAOYSA-N	data/antibiotics/biocide/phenol.yaml	2e1b390118c0fd00f1a7faeef2756c781362cebbfc1aca0028512911b8f12253	PENDING_DISCOVERY	0	0	0				0	0	0
CHEBI:231501	potassium permanganate	VZJVWSHVAAUDKD-UHFFFAOYSA-N	data/antibiotics/biocide/potassium-permanganate.yaml	81b51b87889775117cdbf6b33a5a0ca4b96deb110a368ebb59247ddc30052558	PENDING_DISCOVERY	0	0	0				0	0	0
CHEBI:77868	potassium sorbate	CHHHXKFHOYLYRE-STWYSWDKSA-M	data/antibiotics/biocide/potassium-sorbate.yaml	cdce2ca37e0c42d315b8b0c190a0af9dae7a39c2c2e4c3371a856d6475da39bc	PENDING_DISCOVERY	0	0	0				0	0	0
CHEBI:156072	propyl benzoate	UDEWPOVQBGFNGE-UHFFFAOYSA-N	data/antibiotics/biocide/propyl-benzoate.yaml	e4128f988b698353110c8a340d443c39b5ff5d46a4685fc7ae953d9f1144f52a	PENDING_DISCOVERY	0	0	0				0	0	0
CHEBI:113455	sodium benzoate	WXMKPNITSTVMEF-UHFFFAOYSA-M	data/antibiotics/biocide/sodium-benzoate.yaml	d3a6f3789c1094c0329b7b00574859b66a16b560e492dc50c322aec8d9c7da35	PENDING_DISCOVERY	0	0	0				0	0	0
CHEBI:32146	sodium hypochlorite	SUKJFIGYRHOWBL-UHFFFAOYSA-N	data/antibiotics/biocide/sodium-hypochlorite.yaml	532a4a7511fbeab99db93120eb448f114b40e758981d584f7aca7cff1138818e	PENDING_DISCOVERY	0	0	0				0	0	0
CHEBI:78870	sodium nitrite	LPXPTNMVRIOKMN-UHFFFAOYSA-M	data/antibiotics/biocide/sodium-nitrite.yaml	81491f7397c490c38d4d869d4a9b8e63cc83867adc609557ef44a9ef6a2b4253	PENDING_DISCOVERY	0	0	0				0	0	0
CHEBI:52476	sodium phenolate	NESLWCLHZZISNB-UHFFFAOYSA-M	data/antibiotics/biocide/sodium-phenolate.yaml	f64a90c2892da6ed38695afd7b5194e0e66cb82b8b48be3ae27f1810c2015e9c	PENDING_DISCOVERY	0	0	0				0	0	0
antibioticmech:aro-13aab8b73c	thiacalixarene derivatives	NVKLTRSBZLYZHK-UHFFFAOYSA-N	data/antibiotics/biocide/thiacalixarene-derivatives.yaml	83e35cc84b1899b01b6ffc8e44d00a7f8f73cf02ba190a9e1d28891345e1cbf7	PENDING_DISCOVERY	0	0	0				0	0	0
CHEBI:48347	triclocarban	ICUTUKXCWQYESQ-UHFFFAOYSA-N	data/antibiotics/biocide/triclocarban.yaml	eb9804514ce2b885295af1eecd32a4ee47aa5a4614d290145a62f2cbe499bd5e	PENDING_DISCOVERY	0	0	0				0	0	0
CHEBI:75178	urea hydrogen peroxide	AQLJVWUFPCUVLO-UHFFFAOYSA-N	data/antibiotics/biocide/urea-hydrogen-peroxide.yaml	fd3a0752fde8b766838e0e48c7ee06d781b89eb3fae6c0c836cdb0d66f17fb0b	PENDING_DISCOVERY	0	0	0				0	0	0
CHEBI:49976	zinc dichloride	JIAARYAFYJHUJI-UHFFFAOYSA-L	data/antibiotics/biocide/zinc-dichloride.yaml	da471d9ccd292624768d2bd797a531efa1dec83468bc3663a705429b70ae627a	PENDING_DISCOVERY	0	0	0				0	0	0
CHEBI:77796	1-(2,4-difluorophenyl)-6-fluoro-7-(3-methylpiperazin-1-yl)-4-oxo-1,4-dihydroquinoline-3-carboxylic acid	QKDHBVNJCZBTMR-UHFFFAOYSA-N	data/antibiotics/unspecified/1-2-4-difluorophenyl-6-fluoro-7-3-methylpiperazin-1-yl-4-oxo-1-4-dihyd.yaml	67262f31b755e670b42929ee8574e1ef1213d81931f625a34b52a3f61b74ed5e	PENDING_DISCOVERY	0	0	0				0	0	0
CHEBI:143246	1-(hydroxymethyl)-5,5-dimethylhydantoin	SIQZJFKTROUNPI-UHFFFAOYSA-N	data/antibiotics/unspecified/1-hydroxymethyl-5-5-dimethylhydantoin.yaml	5fa1a1d0b31589f8fda87e5c6abf530bba1bfde09dec322055be19767137856a	PENDING_DISCOVERY	0	0	0				0	0	0
CHEBI:31047	10-carboxy-13-deoxycarminomycin	MMYTYGXIKKVLES-AGMCFEMXSA-N	data/antibiotics/unspecified/10-carboxy-13-deoxycarminomycin.yaml	b72986ddfefaab9924aabf56b3b4b22c0883f2f29ceacc3fee6fd65e4be5cd95	PENDING_DISCOVERY	0	0	0				0	0	0
CHEBI:77195	10-carboxy-13-deoxydaunorubicin	ROYGEIBVSIXOBH-QWWLYEKJSA-N	data/antibiotics/unspecified/10-carboxy-13-deoxydaunorubicin.yaml	7af14421a20084ffa224f3b85eb7481fff05fdca742d6ab0c73bd76519ee92cf	PENDING_DISCOVERY	0	0	0				0	0	0
CHEBI:29706	10-deoxymethymycin	DZGHWPQKGWXOHD-NHLONWFASA-N	data/antibiotics/unspecified/10-deoxymethymycin.yaml	f98c3a530130c7e973cc1190fff88057939ab37d40196d9b4a220af1c2163ad8	PENDING_DISCOVERY	0	0	0				0	0	0
CHEBI:31056	13-deoxycarminomycin	UHYFCDBUKBJSFA-JYFLSIMMSA-N	data/antibiotics/unspecified/13-deoxycarminomycin.yaml	88bf6cfd24ec5aa281d216d9304a317ec35fdfbb28e7461cff4c5e5248c3ccca	PENDING_DISCOVERY	0	0	0				0	0	0
CHEBI:31057	13-deoxydaunorubicin	XAMIMZAWZUSOPA-JIGXQNLBSA-N	data/antibiotics/unspecified/13-deoxydaunorubicin.yaml	1231d2c1a9ede858e011ffa6f91b16317835b8bd211357d5d4b429b64d29c82d	PENDING_DISCOVERY	0	0	0				0	0	0
CHEBI:31059	13-dihydrodaunorubicin	HJEZFVLKJYFNQW-FKKRWUELSA-N	data/antibiotics/unspecified/13-dihydrodaunorubicin.yaml	8add952c429ed1247b3daa8b631b32221f54291474f1a6d698529ffdd2d1ba34	PENDING_DISCOVERY	0	0	0				0	0	0
CHEBI:31058	(13R)-13-dihydrocarminomycin	YXBSCYMMPXQFDS-LBIZDXDESA-N	data/antibiotics/unspecified/13r-13-dihydrocarminomycin.yaml	578251e0fd5cc646cd2d27f569526531cf099cbd8b12e0913a798ae345039764	PENDING_DISCOVERY	0	0	0				0	0	0
CHEBI:31031	(13S)-13-dihydrodaunorubicin	HJEZFVLKJYFNQW-PRFXOSGESA-N	data/antibiotics/unspecified/13s-13-dihydrodaunorubicin.yaml	d38e89b5e0b7b06937addbf40d4c07e1d5f4bb3d7cdb30a5b6c3368883599797	PENDING_DISCOVERY	0	0	0				0	0	0
CHEBI:62247	(1R,2S)-epoxypropylphosphonate(1−)	YMDXZJFXQJVXBF-STHAYSLISA-M	data/antibiotics/unspecified/1r-2s-epoxypropylphosphonate-1.yaml	0ee58a9bca843e9167531c3ca6d4c46bdc1350f11859aaa72c1a745e642e4b7e	PENDING_DISCOVERY	0	0	0				0	0	0
CHEBI:42680	(2-cis,6-cis)-farnesol	CRDAMVZIKSXKFV-FBXUGWQNSA-N	data/antibiotics/unspecified/2-cis-6-cis-farnesol.yaml	323dbf017b2979694cbbcda2443741d86872e2d6aef68a5abb6e4b896ddeef15	PENDING_DISCOVERY	0	0	0				0	0	0
CHEBI:16774	(2-cis,6-trans)-farnesol	CRDAMVZIKSXKFV-PVMFERMNSA-N	data/antibiotics/unspecified/2-cis-6-trans-farnesol.yaml	2e33b34420105b130174fe8d0ebc712506ba783752728bf0d32e8c190540d9b5	PENDING_DISCOVERY	0	0	0				0	0	0
CHEBI:67223	2'-deamino-2'-hydroxyneamine	AWRLKTYNEGEURZ-JCLMPDJQSA-N	data/antibiotics/unspecified/2-deamino-2-hydroxyneamine.yaml	f4f0d6ddd2e43efd75a0dd2126dc0eea67d767bc61b5a0457e438fe870ce4fc9	PENDING_DISCOVERY	0	0	0				0	0	0
CHEBI:69522	2-methoxy-1,4-naphthoquinone	OBGBGHKYJAOXRR-UHFFFAOYSA-N	data/antibiotics/unspecified/2-methoxy-1-4-naphthoquinone.yaml	d4caf7a4f6e85c9cea9a4c6e28cceab1ccf6a6e87376cae2b7a3ccba75d6edc4	PENDING_DISCOVERY	0	0	0				0	0	0
CHEBI:72769	2'-oxokanamycin	FQALWUBUOWECTR-WSWRBCCJSA-N	data/antibiotics/unspecified/2-oxokanamycin.yaml	c3075e88d6e7358c86826216cde03dee90b10bfa602c6737c7919119aa18a3f7	PENDING_DISCOVERY	0	0	0				0	0	0
CHEBI:35966	(2-trans,6-cis)-farnesol	CRDAMVZIKSXKFV-GNESMGCMSA-N	data/antibiotics/unspecified/2-trans-6-cis-farnesol.yaml	91dde74dd8dbbbaf79f8e79235023aab5a497a4a91126cc77868cde29bf0f387	PENDING_DISCOVERY	0	0	0				0	0	0
CHEBI:16619	(2-trans,6-trans)-farnesol	CRDAMVZIKSXKFV-YFVJMOTDSA-N	data/antibiotics/unspecified/2-trans-6-trans-farnesol.yaml	5abefa452f487657dc6885dd78254c6b2f9d9fd270b1461d0669ffc53f11b885	PENDING_DISCOVERY	0	0	0				0	0	0
CHEBI:134191	20-oxo-5-O-β-mycaminosyltylactone	FERSDKADYZRIAA-CQGKBTLCSA-N	data/antibiotics/unspecified/20-oxo-5-o-β-mycaminosyltylactone.yaml	4ed96de8c9a2cebbab5a2c6f91a23dbcf6287d21efccadd06cba3d9d61f78864	PENDING_DISCOVERY	0	0	0				0	0	0
CHEBI:77921	21-deoxyconcanamycin A	XCZVWWKOXCRUSR-WKCHOFOOSA-N	data/antibiotics/unspecified/21-deoxyconcanamycin-a.yaml	128907eb4cabe78e34d7bd2f77e1c282c285aa93f9a657eec8110b4b6489b781	PENDING_DISCOVERY	0	0	0				0	0	0
CHEBI:75319	3,3'-neotrehalosadiamine	ZPEFXARQZVAHGO-DCSYEGIMSA-N	data/antibiotics/unspecified/3-3-neotrehalosadiamine.yaml	3e6359b683c596255dc66714b623606996da6692bd2b0b66d345827d58efa4ff	PENDING_DISCOVERY	0	0	0				0	0	0
CHEBI:16860	3',4',5,7-tetrahydroxy-3-methoxyflavone	WEPBGSIAWZTEJR-UHFFFAOYSA-N	data/antibiotics/unspecified/3-4-5-7-tetrahydroxy-3-methoxyflavone.yaml	b5799c04b5fc3ba647373ff3086a694ac937dacefa271a80f2bda1c696efd975	PENDING_DISCOVERY	0	0	0				0	0	0
CHEBI:38009	3'',6'-di-N-acetylkanamycin A	HUAYXMGRIABALH-CHOMWAFYSA-N	data/antibiotics/unspecified/3-6-di-n-acetylkanamycin-a.yaml	5467e877d79d559b420e458474a2226b8c4b0ad52899bb227b7d6f596dab7b2a	PENDING_DISCOVERY	0	0	0				0	0	0
CHEBI:29076	3''-adenylylstreptomycin	XXCKFFAFJMNLBC-YSLWDUGSSA-N	data/antibiotics/unspecified/3-adenylylstreptomycin.yaml	e49f24666319ec1093db1cec1ab6dc4a3da8169544320681b157178d696fb744	PENDING_DISCOVERY	0	0	0				0	0	0
CHEBI:72990	3''-deamino-3''-hydroxykanamycin B	MOWMHIINUAQFMU-DNBVWFFRSA-N	data/antibiotics/unspecified/3-deamino-3-hydroxykanamycin-b.yaml	a806c4fc30524f9225f89f724f5846f973380d3a41a870ebf52e13d39e2cdfde	PENDING_DISCOVERY	0	0	0				0	0	0
CHEBI:73078	3''-deamino-3''-hydroxykanamycin C	UPPJKCYSMDGLRE-DNBVWFFRSA-N	data/antibiotics/unspecified/3-deamino-3-hydroxykanamycin-c.yaml	d631637202c86e25b18af1038a3186aae0db11a56e6cfc95b8f7e7900b6348a2	PENDING_DISCOVERY	0	0	0				0	0	0
CHEBI:72992	3''-deamino-3''-hydroxykanamycin X	LSQKHXZMWRRDRU-GUKOCFKPSA-N	data/antibiotics/unspecified/3-deamino-3-hydroxykanamycin-x.yaml	95d852050c4ec40f2520cd426bb308acd41e830c30eaec1298d7e57e06512c5d	PENDING_DISCOVERY	0	0	0				0	0	0
CHEBI:27944	3'-deoxydihydrostreptomycin 3'',6-bisphosphate	PVNBAUCASRIGKP-AWMQQPGVSA-N	data/antibiotics/unspecified/3-deoxydihydrostreptomycin-3-6-bisphosphate.yaml	214a1a3bd1a22ae343eac043468545484936d55804baa80f1d53ca9cc5380e1a	PENDING_DISCOVERY	0	0	0				0	0	0
CHEBI:27599	3'-deoxydihydrostreptomycin 3''-phosphate	IVYIIYNMXYWZJH-SPEROGKNSA-N	data/antibiotics/unspecified/3-deoxydihydrostreptomycin-3-phosphate.yaml	e459b280fb2679eee2ee699ca70803c3f1e8d9aff70f6e58d2d72de1ca64780c	PENDING_DISCOVERY	0	0	0				0	0	0
CHEBI:27553	3'-deoxydihydrostreptomycin 3'α,6-bisphosphate	GAODGIPKEKRVEC-MLIDHZNVSA-N	data/antibiotics/unspecified/3-deoxydihydrostreptomycin-3-α-6-bisphosphate.yaml	22030a275523a9bca19a60a0c240d98b96c7f5e1f45ac8ec9b74aaee095e6f88	PENDING_DISCOVERY	0	0	0				0	0	0
CHEBI:28590	3'-deoxydihydrostreptomycin 6-phosphate	LJIOWVLIRDRGSB-MLIDHZNVSA-N	data/antibiotics/unspecified/3-deoxydihydrostreptomycin-6-phosphate.yaml	3412d7230389c46956a763cac4d37e9b061810ede721e37f8aacd1f5a511ed00	PENDING_DISCOVERY	0	0	0				0	0	0
CHEBI:55482	4-(2-nitrobutyl)morpholine	GQHVWDKJTDUZRP-UHFFFAOYSA-N	data/antibiotics/unspecified/4-2-nitrobutyl-morpholine.yaml	bdde93733dcc9e8284948afef13449da16a6d716b8690d3115ad22934dcab345	PENDING_DISCOVERY	0	0	0				0	0	0
CHEBI:47898	4'-epidoxorubicin	AOJJSUZBOXZQNB-VTZDEGQISA-N	data/antibiotics/unspecified/4-epidoxorubicin.yaml	e8fff829b954d06f4549028352684f86ec4efe3717e01ef2b2c9180cf8204cca	PENDING_DISCOVERY	0	0	0				0	0	0
CHEBI:77179	4-O-methylrhodomycin D	KPBSBYSJFXROOJ-FUXNZPHBSA-N	data/antibiotics/unspecified/4-o-methylrhodomycin-d.yaml	7928603d8055901ad4c7fa30a008f01b9b9c822637f9fef11c8db87ac4056969	PENDING_DISCOVERY	0	0	0				0	0	0
CHEBI:65910	4849F	DKHBOZGVMLZLLL-UHFFFAOYSA-N	data/antibiotics/unspecified/4849f.yaml	a2a4c25ec0d52acd972569f962c6cbfa0d6602459f70f1d6efcaa7ac31d63b13	PENDING_DISCOVERY	0	0	0				0	0	0
CHEBI:65800	5-hydroxy-7-prop-2-en-(E)-ylidene-7,7a-dihydro- 2H-cyclopenta[b]pyran-6-one	CCVQPAZRNPBPPA-DAXSKMNVSA-N	data/antibiotics/unspecified/5-hydroxy-7-prop-2-en-e-ylidene-7-7a-dihydro-2h-cyclopenta-b-pyran-6-o.yaml	e6ba9c64754aec5f5a57ed24eec4d8e814f815082dfa6d0af97dbee88c2a9f43	PENDING_DISCOVERY	0	0	0				0	0	0
CHEBI:65801	5-hydroxy-7-prop-2-en-(Z)-ylidene-7,7a-dihydro- 2H-cyclopenta[b]pyran-6-one	CCVQPAZRNPBPPA-QPJJXVBHSA-N	data/antibiotics/unspecified/5-hydroxy-7-prop-2-en-z-ylidene-7-7a-dihydro-2h-cyclopenta-b-pyran-6-o.yaml	c16b271fca1b6c611c82931435f75fbec12b5b0c1406c04e3b345c7f18866e58	PENDING_DISCOVERY	0	0	0				0	0	0
CHEBI:24750	5'-hydroxystreptomycin	OFNXOACBUMGOPC-HZYVHMACSA-N	data/antibiotics/unspecified/5-hydroxystreptomycin.yaml	d6153e80bf51438a8e17d93230ef6cefb15b51f5bb56635fbcaafd8cadc576d7	PENDING_DISCOVERY	0	0	0				0	0	0
CHEBI:77009	5-O-β-D-mycaminosyl-20-oxotylonolide	FERSDKADYZRIAA-CQGKBTLCSA-N	data/antibiotics/unspecified/5-o-β-d-mycaminosyl-20-oxotylonolide.yaml	7e46c1ec246d94b34085a8e061a745435f96dc824eaa2770b07d1fca23797963	PENDING_DISCOVERY	0	0	0				0	0	0
CHEBI:29491	5-O-β-D-mycaminosyltylactone	BMKVJAXXBOWJEE-BPFVPZITSA-N	data/antibiotics/unspecified/5-o-β-d-mycaminosyltylactone.yaml	8618b8dbdd3a7b3a8d122d7fd35c06ae54c3d2a0899dbeecb852c6354df8e9a6	PENDING_DISCOVERY	0	0	0				0	0	0
CHEBI:16705	6-aminopenicillanic acid	NGHVIOIJCVXTGV-ALEPSDHESA-N	data/antibiotics/unspecified/6-aminopenicillanic-acid.yaml	9513df5415217078b84d7d896b515d9871b02a02bda32ddeb9f70ad0336da21a	PENDING_DISCOVERY	0	0	0				0	0	0
CHEBI:59004	6-formamidopenicillanic acid	MDQGTDMBVJCTBN-JCGDXUMPSA-N	data/antibiotics/unspecified/6-formamidopenicillanic-acid.yaml	fdd0ca1fb93c4d711bcc92a110a89b3bdc0c2114a7f33ebd013b25675dffc961	PENDING_DISCOVERY	0	0	0				0	0	0
CHEBI:73683	6''-O-carbamoylkanamycin A	PRWQRPNQDIKFBR-NOAMYHISSA-N	data/antibiotics/unspecified/6-o-carbamoylkanamycin-a.yaml	14ffe5b24fd54ecaebf45be8bb6aeeb3c1cb6095d15c7acd09f1eb8869c2c32a	PENDING_DISCOVERY	0	0	0				0	0	0
CHEBI:51795	6α-[(R)-1-hydroxyethyl]-2-[(R)-tetrahydrofuran-2-yl]pen-2-em-3-carboxylate	HGGAKXAHAYOLDJ-FHZUQPTBSA-M	data/antibiotics/unspecified/6α-r-1-hydroxyethyl-2-r-tetrahydrofuran-2-yl-pen-2-em-3-carboxylate.yaml	bba5ebfea26554654c1c88591e30ba4ae2ed8ac2b9de581c17b43b372a3dac32	PENDING_DISCOVERY	0	0	0				0	0	0
CHEBI:51257	6α-[(R)-1-hydroxyethyl]-2-[(R)-tetrahydrofuran-2-yl]pen-2-em-3-carboxylic acid	HGGAKXAHAYOLDJ-FHZUQPTBSA-N	data/antibiotics/unspecified/6α-r-1-hydroxyethyl-2-r-tetrahydrofuran-2-yl-pen-2-em-3-carboxylic-aci.yaml	4fd6f3b1f0935e4cbb495ebf9c40aafdc09c42246f141524aa5082ca024fb33b	PENDING_DISCOVERY	0	0	0				0	0	0
CHEBI:51797	6α-[(S)-1-hydroxyethyl]-2-[(R)-tetrahydrofuran-2-yl]pen-2-em-3-carboxylate	HGGAKXAHAYOLDJ-QMWPFBOUSA-M	data/antibiotics/unspecified/6α-s-1-hydroxyethyl-2-r-tetrahydrofuran-2-yl-pen-2-em-3-carboxylate.yaml	f9b5e94375ce2b131457aadfd1ad802afe110696f3dfaf048cf5fac90a7536ce	PENDING_DISCOVERY	0	0	0				0	0	0
CHEBI:73188	6β-({5-[(p-aminophenyl)imino]pentylidene}amino)penicillanic acid	BHEVULAQHTXCQV-HLLBOEOZSA-N	data/antibiotics/unspecified/6β-5-p-aminophenyl-imino-pentylidene-amino-penicillanic-acid.yaml	dc3344070c66a3689498be6773e33f10af078a08a205136b3f24324995f933b2	PENDING_DISCOVERY	0	0	0				0	0	0
CHEBI:73187	6β-[(p-hydroxybenzylidene)amino]penicillanic acid	MCTUMEOQLDXESY-NTZNESFSSA-N	data/antibiotics/unspecified/6β-p-hydroxybenzylidene-amino-penicillanic-acid.yaml	5961863fa273b6dfb8d6c82828088f6dbd034e054a6802f6098b3a406449fc1a	PENDING_DISCOVERY	0	0	0				0	0	0
CHEBI:51792	6β-[(S)-1-hydroxyethyl]-2-[(R)-tetrahydrofuran-2-yl]pen-2-em-3-carboxylate	HGGAKXAHAYOLDJ-ZSJKCOSDSA-M	data/antibiotics/unspecified/6β-s-1-hydroxyethyl-2-r-tetrahydrofuran-2-yl-pen-2-em-3-carboxylate.yaml	82d1775a523d6973fa2fce8274f0ec03ed4a58eb30fba182f4267e17ed32bc48	PENDING_DISCOVERY	0	0	0				0	0	0
CHEBI:51790	6β-[(S)-1-hydroxyethyl]-2-[(R)-tetrahydrofuran-2-yl]pen-2-em-3-carboxylic acid	HGGAKXAHAYOLDJ-ZSJKCOSDSA-N	data/antibiotics/unspecified/6β-s-1-hydroxyethyl-2-r-tetrahydrofuran-2-yl-pen-2-em-3-carboxylic-aci.yaml	1e0cc60cc413229f498ef8179258860e7a0202961bc90ed51a9761549819c07a	PENDING_DISCOVERY	0	0	0				0	0	0
CHEBI:52304	7-aminoactinomycin D	YXHLJMWYDTXDHS-IRFLANFNSA-N	data/antibiotics/unspecified/7-aminoactinomycin-d.yaml	a75a7895726800f840556defcf36cf643bc3e6223b783b385a69e2fdeec8c71c	PENDING_DISCOVERY	0	0	0				0	0	0
CHEBI:16861	7''-O-phosphohygromycin B	DDJWTKQJOKVHBW-NZSRVPFOSA-N	data/antibiotics/unspecified/7-o-phosphohygromycin-b.yaml	5da14550befddf590d77a9c0c3a46871342c36373d011c6338112c3e18b8f1d7	PENDING_DISCOVERY	0	0	0				0	0	0
CHEBI:41425	(7R)-7-(4-carboxybutanamido)cephalosporanic acid	IXUSDMGLUJZNFO-BXUZGUMPSA-N	data/antibiotics/unspecified/7r-7-4-carboxybutanamido-cephalosporanic-acid.yaml	9d70aaf88f25f3fd4f1e468acf91c33e0ea36b9f81f569b9dadcde6e1573c814	PENDING_DISCOVERY	0	0	0				0	0	0
CHEBI:15838	(7R)-7-(5-carboxy-5-oxopentanamido)cephalosporanic acid	UKRMDFPJXIVYCZ-BXUZGUMPSA-N	data/antibiotics/unspecified/7r-7-5-carboxy-5-oxopentanamido-cephalosporanic-acid.yaml	058719c6407e60ee513659ee70381a984e37cc2026dbcbc3bc7be757cf1d1bc0	PENDING_DISCOVERY	0	0	0				0	0	0
CHEBI:64984	7β-aminodeacetoxycephalosporanic acid	NVIAYEIXYQCDAN-CLZZGJSISA-N	data/antibiotics/unspecified/7β-aminodeacetoxycephalosporanic-acid.yaml	2f633d1900e929373409ffd72a59d4ecd06599f52ff3d8bed8cf56a5ce8665ba	PENDING_DISCOVERY	0	0	0				0	0	0
CHEBI:78286	8-demethyl-8-(2,3-O-dimethyl-α-L-rhamnosyl)tetracenomycin C	NIRLIWMQNRJEDG-RARRKIFNSA-N	data/antibiotics/unspecified/8-demethyl-8-2-3-o-dimethyl-α-l-rhamnosyl-tetracenomycin-c.yaml	5307d7672f0e4cf39ff0c07dfdf4595a3b18ac578b9a53fe931dc312ae5524ed	PENDING_DISCOVERY	0	0	0				0	0	0
CHEBI:78285	8-demethyl-8-(2-O-methyl-α-L-rhamnosyl)tetracenomycin C	HDQAHAYFRSTUFM-LMEYJBJCSA-N	data/antibiotics/unspecified/8-demethyl-8-2-o-methyl-α-l-rhamnosyl-tetracenomycin-c.yaml	3b0f99ba8f96a80176e2a298f8c44d669fa94522e498aa12b82c4d5798f02772	PENDING_DISCOVERY	0	0	0				0	0	0
CHEBI:78283	8-demethyl-8-(α-L-rhamnosyl)tetracenomycin C	QIJXKOOPLDVFLW-DWENXZEQSA-N	data/antibiotics/unspecified/8-demethyl-8-α-l-rhamnosyl-tetracenomycin-c.yaml	62e8c6aa1f244614c03955d63102a7e7e2be0936cfdedccb8ca4916c57bb4064	PENDING_DISCOVERY	0	0	0				0	0	0
CHEBI:31144	8-demethyltetracenomycin C	DFURSAVCHZIKSU-STZQEDGTSA-N	data/antibiotics/unspecified/8-demethyltetracenomycin-c.yaml	87a9e6813912175351ea16e98e2ddeb77acf7501d80cb629297ed2c7302d46e7	PENDING_DISCOVERY	0	0	0				0	0	0
CHEBI:73708	(9S)-erythromycyclamine	XCLJRCAJSCMIND-JCTYMORFSA-N	data/antibiotics/unspecified/9s-erythromycyclamine.yaml	8452e09b445f2b8cfdf55a376cc08c26890782f01fd99d4d509020bad29e6acd	PENDING_DISCOVERY	0	0	0				0	0	0
CHEBI:77036	A41030A	KJTFTWQSEBLIPM-RIZHWKQXSA-N	data/antibiotics/unspecified/a41030a.yaml	2194e8097d3aad9ecbdb893638b533ff48ac2bc63838bb408a5bdebe5f949b18	PENDING_DISCOVERY	0	0	0				0	0	0
CHEBI:2413	acetylblasticidin S	KKMQGSAQSNGBOY-RKLWJJNISA-N	data/antibiotics/unspecified/acetylblasticidin-s.yaml	1cb6e9625ddb7fc3df8d9204083de20c95f27d8c2af9c845422034accbfa81b9	PENDING_DISCOVERY	0	0	0				0	0	0
CHEBI:77980	aclacinomycin A zwitterion	USZYSDMBJDPRIF-SVEJIMAYSA-N	data/antibiotics/unspecified/aclacinomycin-a-zwitterion.yaml	6f7c056d8c928edb191939dbb89431e3265a07cb99b61870ed24f983c49d9951	PENDING_DISCOVERY	0	0	0				0	0	0
CHEBI:74619	aclacinomycin A	USZYSDMBJDPRIF-SVEJIMAYSA-N	data/antibiotics/unspecified/aclacinomycin-a.yaml	e51226c28663c564cd39b1261253ba14340b910ae6058988721f275bb51bff3b	PENDING_DISCOVERY	0	0	0				0	0	0
CHEBI:75091	aclacinomycin N	CPUWOKRFRYWIHK-BPPBZOKFSA-N	data/antibiotics/unspecified/aclacinomycin-n.yaml	5c321e900fd1123865608917fb12c76a7c3a8cc1dc9d4864e39174bb90778c7c	PENDING_DISCOVERY	0	0	0				0	0	0
CHEBI:78303	aclacinomycin S zwitterion	DNZPQXXGAMXDHH-FCNQEGBTSA-N	data/antibiotics/unspecified/aclacinomycin-s-zwitterion.yaml	7ef51b1ed68defb293f819d29d08520880484cb64bb124879897bce6033e9a77	PENDING_DISCOVERY	0	0	0				0	0	0
CHEBI:79176	aclacinomycin S	DNZPQXXGAMXDHH-FCNQEGBTSA-N	data/antibiotics/unspecified/aclacinomycin-s.yaml	34eba28de8590c46a99702dc8bb691ffa98bdaf4bc6576e88a35f710680ead43	PENDING_DISCOVERY	0	0	0				0	0	0
CHEBI:74758	aclacinomycin T hydrochloride	KTSRCTOUNGGQEI-RHYYRQJGSA-N	data/antibiotics/unspecified/aclacinomycin-t-hydrochloride.yaml	33112b0a8580626236689e3d48191eea514dca16389a0abe36353074a5aa0144	PENDING_DISCOVERY	0	0	0				0	0	0
CHEBI:77979	aclacinomycin T zwitterion	LJZPVWKMAYDYAS-QKKPTTNWSA-N	data/antibiotics/unspecified/aclacinomycin-t-zwitterion.yaml	60fc52e8d81602c65541c6b20b261f0c61b99835bc352ae48ad89be88feb083f	PENDING_DISCOVERY	0	0	0				0	0	0
CHEBI:74351	aclacinomycin T	LJZPVWKMAYDYAS-QKKPTTNWSA-N	data/antibiotics/unspecified/aclacinomycin-t.yaml	c87263816c61926fc740af80002bded399b0c58b75d82df99674e21603baf7ac	PENDING_DISCOVERY	0	0	0				0	0	0
CHEBI:77985	aclacinomycin Y zwitterion	ADCDIHNCUQOKFP-SVEJIMAYSA-N	data/antibiotics/unspecified/aclacinomycin-y-zwitterion.yaml	719320c2fe16a5a9d06f841b2d55ff10e054f1901d259f710940cd363aaffc2b	PENDING_DISCOVERY	0	0	0				0	0	0
CHEBI:75093	aclacinomycin Y	ADCDIHNCUQOKFP-SVEJIMAYSA-N	data/antibiotics/unspecified/aclacinomycin-y.yaml	a3418ef17718babfdea7495dc0ef2a1eb5752d3682bdb7970e7ee2e44c4c698d	PENDING_DISCOVERY	0	0	0				0	0	0
CHEBI:2448	actinorhodin	VTIKDEXOEJDMJP-WYUUTHIRSA-N	data/antibiotics/unspecified/actinorhodin.yaml	684c257841fb430d9196423d8dca7a5be80b1732eeeecdcc1005bd6566cf3234	PENDING_DISCOVERY	0	0	0				0	0	0
CHEBI:45327	adenine arabinoside	OIRDTQYFTABQOQ-UHTZMRCNSA-N	data/antibiotics/unspecified/adenine-arabinoside.yaml	fbe1d8074f9ca91a32d531de658452707ab839be7e92cbada5ff144e9147be6c	PENDING_DISCOVERY	0	0	0				0	0	0
CHEBI:65371	adxanthromycin A	JQXRWMLDLWYXKW-KWEXCAGTSA-N	data/antibiotics/unspecified/adxanthromycin-a.yaml	24047d031d02b5018bcc4ed2b579d0406d71934f874e6f096c9f700c8723a0ef	PENDING_DISCOVERY	0	0	0				0	0	0
CHEBI:65372	adxanthromycin B	MVIOXXHCLPZAAQ-UMLDZSFSSA-N	data/antibiotics/unspecified/adxanthromycin-b.yaml	f6075076c632a180defbd5fc2d68792ba55428347711e9eb18b9fca0a5a5e7a6	PENDING_DISCOVERY	0	0	0				0	0	0
CHEBI:65375	agrochelin	QZBCDLLHQSDFIG-ZEVBXJOLSA-N	data/antibiotics/unspecified/agrochelin.yaml	8b86017344489dd625af513fa7c5d23c057fdfb292f0719fb4d016e7d32c65b3	PENDING_DISCOVERY	0	0	0				0	0	0
CHEBI:82809	agrocin 84	YNCRAYSPLQSJIP-JHNPATRKSA-N	data/antibiotics/unspecified/agrocin-84.yaml	dd9560fde8668ed034449df1b6334a39286913a6f5c9a0352221fde4d14273c6	PENDING_DISCOVERY	0	0	0				0	0	0
CHEBI:75244	aklaviketone	MHAXMIHGEZOCTQ-HTAPYJJXSA-N	data/antibiotics/unspecified/aklaviketone.yaml	3de5f0109fd7fd97147028862e74f336f90fbd14a1cc4f419493b4daf7181b19	PENDING_DISCOVERY	0	0	0				0	0	0
CHEBI:51460	albaflavenone	SHUZZAXJEJPUGA-CCUNJIBTSA-N	data/antibiotics/unspecified/albaflavenone.yaml	ccff75d6d0c7854a4c99875a6306edeb5ac646e2b969ebb55fd234a52ccadbec	PENDING_DISCOVERY	0	0	0				0	0	0
CHEBI:77940	alborixin	WWDHGOLBPBWCNJ-GXXSWWTOSA-N	data/antibiotics/unspecified/alborixin.yaml	80a5b0e59dcb7138b9945c0826860afadb20ee313dd5333bc5b9a6a232ea1e97	PENDING_DISCOVERY	0	0	0				0	0	0
CHEBI:132987	alliin zwitterion	XUHLIQGRKRUKPH-DYEAUMGKSA-N	data/antibiotics/unspecified/alliin-zwitterion.yaml	bfe9ed2171c893cc9c36e500b25bed79e3e76abca13e90f8c8ce58e2f977c1d0	PENDING_DISCOVERY	0	0	0				0	0	0
CHEBI:2596	alliin	XUHLIQGRKRUKPH-DYEAUMGKSA-N	data/antibiotics/unspecified/alliin.yaml	3a6ed4c03ebdf8934236bb335efa7d94571b6b590405261738f49a9f4d99d6b5	PENDING_DISCOVERY	0	0	0				0	0	0
CHEBI:73224	allyl isothiocyanate	ZOJBYZNEUISWFT-UHFFFAOYSA-N	data/antibiotics/unspecified/allyl-isothiocyanate.yaml	e7987a5520bfbc9267c398be6e6ec97f5ef2c07711f8fab340ae0c4552bdc352	PENDING_DISCOVERY	0	0	0				0	0	0
CHEBI:135779	amrubicin	VJZITPJGSQKZMX-XDPRQOKASA-N	data/antibiotics/unspecified/amrubicin.yaml	f4d2b85f670912f74582a0d9ab4219f632ae038d4e4c14585c00478db0d9e39c	PENDING_DISCOVERY	0	0	0				0	0	0
CHEBI:29515	ansamitocin P3	OPQNCARIZFLNLF-JBHFWYGFSA-N	data/antibiotics/unspecified/ansamitocin-p3.yaml	4197129ba7633450c185f2d2573b1cb1cfb90643fb9557c1e6719ba7007ddc9a	PENDING_DISCOVERY	0	0	0				0	0	0
CHEBI:88275	antelmycin	VQQSDVBOXQHCHU-SKPOXZENSA-N	data/antibiotics/unspecified/antelmycin.yaml	1a88c72ed0627e2fba9ad452a6848983c2c1e30177e717da82dc18aea717100d	PENDING_DISCOVERY	0	0	0				0	0	0
CHEBI:84310	anticapsin zwitterion	KHVZXXWDPSCGEK-MGVQOFIGSA-N	data/antibiotics/unspecified/anticapsin-zwitterion.yaml	5f7bd1c204c48fdfca5c9158d70955195b0b48e9538c5e582cfe58625601e559	PENDING_DISCOVERY	0	0	0				0	0	0
CHEBI:85005	anticapsin	KHVZXXWDPSCGEK-MGVQOFIGSA-N	data/antibiotics/unspecified/anticapsin.yaml	4eb5a4f917974c25cd69e04d221cf3fa9028736932ff8c13908e649edf0612b3	PENDING_DISCOVERY	0	0	0				0	0	0
CHEBI:65413	antimycin A9	NAEDADOYRYAJDM-UHFFFAOYSA-N	data/antibiotics/unspecified/antimycin-a9.yaml	f2f09f284da74e717164de1cfab02e94fdf3921dbffce17c72529da2af9a2423	PENDING_DISCOVERY	0	0	0				0	0	0
CHEBI:51691	apalcillin	XMQVYNAURODYCQ-SLFBBCNNSA-N	data/antibiotics/unspecified/apalcillin.yaml	9cef5a9bf75cbfb8712d5e6dab03c79ca97de7a1fa9446a9ffd4cab2d0afdc48	PENDING_DISCOVERY	0	0	0				0	0	0
CHEBI:65435	arisugacin A	MIHBCQWIBJDVPX-JUDWXZBOSA-N	data/antibiotics/unspecified/arisugacin-a.yaml	28c337fbb7376a1e20e4e57535e354a97c9ed19ebb5b4209adc1b0f15cbb9c05	PENDING_DISCOVERY	0	0	0				0	0	0
CHEBI:65436	arisugacin B	FNHNBWWIASUEQH-HVWQDESWSA-N	data/antibiotics/unspecified/arisugacin-b.yaml	1de11726e41453343727ae67d19a0b2ab9f4e08dcad79f2523e07f48ae100e6a	PENDING_DISCOVERY	0	0	0				0	0	0
CHEBI:65437	arisugacin C	XKDGQMPLQPRTCS-HHPVDLARSA-N	data/antibiotics/unspecified/arisugacin-c.yaml	6f9dfcf3e2248e5c6b0f8ae9f1049032e26dbed005441629644d0132f20b6ff7	PENDING_DISCOVERY	0	0	0				0	0	0
CHEBI:65438	arisugacin D	LHKWCVMCNOROFZ-MCPFUKIPSA-N	data/antibiotics/unspecified/arisugacin-d.yaml	ae68b36915fed80e7746374a16fe91071c0b18bbb9bf69102aaced0bfb4fab8d	PENDING_DISCOVERY	0	0	0				0	0	0
CHEBI:65443	AS-186a	UOWGLBYIKHMCIS-HNNXBMFYSA-N	data/antibiotics/unspecified/as-186a.yaml	3ef08a42fa85745735a67dcfeb902161f117c64a0a7588f13ad4d04fc27d48c9	PENDING_DISCOVERY	0	0	0				0	0	0
CHEBI:65444	AS-186b	NUYFKDBCHFKOBT-IBGZPJMESA-N	data/antibiotics/unspecified/as-186b.yaml	12bef639a4c01a6edc373545b9b8731b03becbfc2253e89b1c7e6491f4fcf39c	PENDING_DISCOVERY	0	0	0				0	0	0
CHEBI:65445	AS-186c	MQLUFEFCCDNPMA-UHFFFAOYSA-N	data/antibiotics/unspecified/as-186c.yaml	29ffffe143a647dcad8a772e327dc4337ce346b240760c9972518462264d284f	PENDING_DISCOVERY	0	0	0				0	0	0
CHEBI:65446	AS-186g	MQLUFEFCCDNPMA-UHFFFAOYSA-N	data/antibiotics/unspecified/as-186g.yaml	e8c6cc66c0bbd8529fc31bc88d10aa5c35707c3dfb0c6090c6ee77993ae5ff5f	PENDING_DISCOVERY	0	0	0				0	0	0
CHEBI:61739	aureobasidin A	YHSKJPXGXIYLHB-OTNPUQRPSA-N	data/antibiotics/unspecified/aureobasidin-a.yaml	f0fddda36b21db7225e27f8aa236cc6e1bd6539649da69c4a6358caeadee5a94	PENDING_DISCOVERY	0	0	0				0	0	0
CHEBI:156301	auricin	DIESPMSGQPRWLG-VLKAYIDRSA-N	data/antibiotics/unspecified/auricin.yaml	d5d4b6a6618f82dceffa6ab3f5889b37b21377e5cae12b6b051d15ba928a53ec	PENDING_DISCOVERY	0	0	0				0	0	0
CHEBI:85646	avilamycin A	XIRGHRXBGGPPKY-FCNCREMHSA-N	data/antibiotics/unspecified/avilamycin-a.yaml	f24d3b5ea24e99f972bc10b2b49066eb3a053ca40a5206a893a00f63f0d72eef	PENDING_DISCOVERY	0	0	0				0	0	0
CHEBI:327119	azetidin-2-one	MNFORVFSTILPAW-UHFFFAOYSA-N	data/antibiotics/unspecified/azetidin-2-one.yaml	e97dcb3c1f70a4c5140b4a7b1a88d01912158624068a0ff2f866158d22abc9ad	PENDING_DISCOVERY	0	0	0				0	0	0
CHEBI:2968	bacampicillin	PFOLLRNADZZWEX-FFGRCDKISA-N	data/antibiotics/unspecified/bacampicillin.yaml	51a2279fd508ef08bb1d9fca020ac0b1d711e055eed1e5a4d438f39a17d6d53e	PENDING_DISCOVERY	0	0	0				0	0	0
CHEBI:72687	bacilysin	XFOUAXMJRHNTOP-PFQXTLEHSA-N	data/antibiotics/unspecified/bacilysin.yaml	cbcfda66b7ec629e1140d7d4c61604161b62d83ce5e96452bc580159a8a140fa	PENDING_DISCOVERY	0	0	0				0	0	0
CHEBI:132468	bacteriohopane-32,33,34,35-tetrol	JMKBTQYGOKJMBJ-ZQPPIKFSSA-N	data/antibiotics/unspecified/bacteriohopane-32-33-34-35-tetrol.yaml	a2382e09f097dee2a6ba7bcee209cf12c70254ef0b54dbc93738c569ef388bc1	PENDING_DISCOVERY	0	0	0				0	0	0
CHEBI:28908	bambermycin	PERZMHJGZKHNGU-JGYWJTCASA-N	data/antibiotics/unspecified/bambermycin.yaml	48d151f53b25204ffa20f80837f2949efea30434a56e9b1d87bc684031aa602e	PENDING_DISCOVERY	0	0	0				0	0	0
CHEBI:65465	bassiatin	YOKBTBNVNCFOBF-QWHCGFSZSA-N	data/antibiotics/unspecified/bassiatin.yaml	73950982fc2f1d8001686c76e1f5d10c7a78dc7a7ca74eab32360bd686d60848	PENDING_DISCOVERY	0	0	0				0	0	0
CHEBI:65473	BE-23372M	TZBZGNPXKXHFKI-VZUCSPMQSA-N	data/antibiotics/unspecified/be-23372m.yaml	22ccd0185b0560739fc7f985bc3231d3c26e105c1adfc3c9726a5dda31da80e2	PENDING_DISCOVERY	0	0	0				0	0	0
CHEBI:65475	BE-54238A	AWMWNWIBOOYESP-UHFFFAOYSA-N	data/antibiotics/unspecified/be-54238a.yaml	f30efcf800a86779a0037bad21097bae7560023bceecc48f7b0392437f482430	PENDING_DISCOVERY	0	0	0				0	0	0
CHEBI:65476	BE-54238B	GROPDRMIDADBEP-UHFFFAOYSA-N	data/antibiotics/unspecified/be-54238b.yaml	48389b4e92f2d7f7d157834a379b05c4609feb8aa24bdaa55f7af29aa2490603	PENDING_DISCOVERY	0	0	0				0	0	0
CHEBI:3088	bilanafos	GINJFDRNADDBIN-FXQIFTODSA-N	data/antibiotics/unspecified/bilanafos.yaml	9b33899faaf6182b144c49554074b3842c9d5bc2f9aac17f1127c08caa997d57	PENDING_DISCOVERY	0	0	0				0	0	0
CHEBI:15391	(−)-bisdechlorogeodin	JCMPRFCVZKOFIT-QGZVFWFLSA-N	data/antibiotics/unspecified/bisdechlorogeodin-15391.yaml	943a10c3a2552ef6cb2410a5f8a75ab7e25c8b1ce87fe2e8963e67697c9d524b	PENDING_DISCOVERY	0	0	0				0	0	0
CHEBI:22899	bisdechlorogeodin	JCMPRFCVZKOFIT-UHFFFAOYSA-N	data/antibiotics/unspecified/bisdechlorogeodin-22899.yaml	9abbf1421769b8d3d6ad6acf36430eca24a5351e62aeee510c1da8aefa7ea4b5	PENDING_DISCOVERY	0	0	0				0	0	0
CHEBI:15390	(+)-bisdechlorogeodin	JCMPRFCVZKOFIT-KRWDZBQOSA-N	data/antibiotics/unspecified/bisdechlorogeodin.yaml	bb9bb166d69334c3b44bc4c01fcc7dfd998fd58abd9f93ae6bd24166b86d1ac5	PENDING_DISCOVERY	0	0	0				0	0	0
CHEBI:78160	bleomycin A5	QYOAUOAXCQAEMW-UTXKDXHTSA-N	data/antibiotics/unspecified/bleomycin-a5.yaml	fceced3fc169d15e754638b975666a31894e56626d08535c854db9ac5aa60865	PENDING_DISCOVERY	0	0	0				0	0	0
CHEBI:65512	brartemicin	UZVUYEBJQAEAGM-SHSJKSAASA-N	data/antibiotics/unspecified/brartemicin.yaml	eec8173212f58ad077e52a5288f5606e974e98c170a5318a7e85c51d8c3c9782	PENDING_DISCOVERY	0	0	0				0	0	0
CHEBI:65513	brasilicardin A	SAZHWKBRJJLWKC-YFSQLXLCSA-N	data/antibiotics/unspecified/brasilicardin-a.yaml	de87761024385002802ea67fca692c54b157bea01dbd7aa7261db0aa45f3403a	PENDING_DISCOVERY	0	0	0				0	0	0
CHEBI:59178	bromazine hydrochloride	ZQDJSWUEGOYDGT-UHFFFAOYSA-N	data/antibiotics/unspecified/bromazine-hydrochloride.yaml	0773b4180aa764bdaa0c1b805483fc75a47cd6cefe6186d3dc7e8f170f648674	PENDING_DISCOVERY	0	0	0				0	0	0
CHEBI:59177	bromazine	NUNIWXHYABYXKF-UHFFFAOYSA-N	data/antibiotics/unspecified/bromazine.yaml	5b0657c9faf87cc2cf4d2d7405d28bcdcd40f2506a7db055e4a552f9dea70f0b	PENDING_DISCOVERY	0	0	0				0	0	0
CHEBI:65112	butirosin A	XEQLFNPSYWZPOW-SVRMBHBBSA-N	data/antibiotics/unspecified/butirosin-a.yaml	0518107c95631a6acf7cc13aac4450ecff85f09a95f584fe78320ae1a40de744	PENDING_DISCOVERY	0	0	0				0	0	0
CHEBI:65110	butirosin B	XEQLFNPSYWZPOW-HBYCGHPUSA-N	data/antibiotics/unspecified/butirosin-b.yaml	9f2573b9875aed8f824a8f30479005b01cc6dff47298497f6ed56522393f0d16	PENDING_DISCOVERY	0	0	0				0	0	0
CHEBI:3252	C-1027 chromophore	DGGZCXUXASNDAC-QQNGCVSVSA-N	data/antibiotics/unspecified/c-1027-chromophore.yaml	89f7084dd5556121f6f5b30f06c8c8482f12b221dfe54856a378aa88773732aa	PENDING_DISCOVERY	0	0	0				0	0	0
CHEBI:3319	calicheamicin γ1I	HXCHCVDVKSCDHU-PJKCJEBCSA-N	data/antibiotics/unspecified/calicheamicin-γ1i.yaml	feca82ef1c37d4b14e73f459ff4882a9f7911c10b2e10f44a33c5add9397017f	PENDING_DISCOVERY	0	0	0				0	0	0
CHEBI:69478	cannabidiol	QHMBSVQNZZTUGM-ZWKOTPCHSA-N	data/antibiotics/unspecified/cannabidiol.yaml	d1dd5d27863bad642898409f028c920cee88163ac4ed9c1033dfbb437f5c6436	PENDING_DISCOVERY	0	0	0				0	0	0
CHEBI:3414	carfecillin	NZDASSHFKWDBBU-KVMCETHSSA-N	data/antibiotics/unspecified/carfecillin.yaml	4e4c8ab44a37b53cd30436d6ada96d8edb0541f2e49aa07f8f87c43e6c4305d2	PENDING_DISCOVERY	0	0	0				0	0	0
CHEBI:52015	carindacillin	JIRBAUWICKGBFE-MNRDOXJOSA-N	data/antibiotics/unspecified/carindacillin.yaml	fa701ba7126ba91294ec4c69ac9f1926258ffc2264457f92ca8ff5668b839efd	PENDING_DISCOVERY	0	0	0				0	0	0
CHEBI:31359	carminomycin	XREUEWVEMYWFFA-CSKJXFQVSA-N	data/antibiotics/unspecified/carminomycin.yaml	9b88518541fdb9a010868cf14c538a9a24356dfffe64dd8660b8a56f9fa0b52a	PENDING_DISCOVERY	0	0	0				0	0	0
CHEBI:65599	cathestatin A	ZERGYHMBBZCBJM-IHRRRGAJSA-N	data/antibiotics/unspecified/cathestatin-a.yaml	116feb2123dbd09530bb8d2f039cc6649afaec8222fc736c77a30478203032b1	PENDING_DISCOVERY	0	0	0				0	0	0
CHEBI:65600	cathestatin B	JAJMETBQBCMJSZ-IHRRRGAJSA-N	data/antibiotics/unspecified/cathestatin-b.yaml	43ded1a02331517a89256ae0efde1b555b9d2d5b192a83f59eea057bbcbda024	PENDING_DISCOVERY	0	0	0				0	0	0
CHEBI:34613	cefaloglycin	FUBBGQLTSCSAON-PBFPGSCMSA-N	data/antibiotics/unspecified/cefaloglycin.yaml	7010a38b623248428ecd3af6c08255cf388ceecee5375e3ca02001d902ac83e8	PENDING_DISCOVERY	0	0	0				0	0	0
CHEBI:3484	cefclidin	JUVHVMCKLDZLGN-TVNFHGJBSA-N	data/antibiotics/unspecified/cefclidin.yaml	ca979a840dfe0416d2b9ba26a284ac4fd4b42a888b9ff13e105bf57ccbc6bb07	PENDING_DISCOVERY	0	0	0				0	0	0
CHEBI:59349	cefepime(1+)	HVFLCNVBZFFHBT-ZKDACBOMSA-O	data/antibiotics/unspecified/cefepime-1.yaml	2942c22762cec33ea3c3bd7030261cd448b6b54a1c8a0ef9866bcc448ce85d63	PENDING_DISCOVERY	0	0	0				0	0	0
CHEBI:3488	cefluprenam	XAKKNLNAJBNLPC-MAYKBZFQSA-N	data/antibiotics/unspecified/cefluprenam.yaml	1852098e8dd2aac1a5bf2e98717ca19ead698af0983a1cb4cc5f466811ac7c46	PENDING_DISCOVERY	0	0	0				0	0	0
CHEBI:3490	cefmetazole sodium	BITQGIOJQWZUPL-PBCQUBLHSA-M	data/antibiotics/unspecified/cefmetazole-sodium.yaml	486cd8ff8fded2d179f55ba3918b550153a31f6e4faf2cb7fc52aeccc20ce480	PENDING_DISCOVERY	0	0	0				0	0	0
CHEBI:3496	cefoselis	ZINFAXPQMLDEEJ-GFVOIPPFSA-N	data/antibiotics/unspecified/cefoselis.yaml	04d767e35729250b1eb70a1447063de53590006c513e934fcf40aebcdca7bd70	PENDING_DISCOVERY	0	0	0				0	0	0
CHEBI:23064	cephalosporanic acid	YGBFLZPYDUKSPT-MRVPVSSYSA-N	data/antibiotics/unspecified/cephalosporanic-acid.yaml	57497bb4c14954a67b8f903d9df29e2d6790bdf15be20d02678aab56efd88614	PENDING_DISCOVERY	0	0	0				0	0	0
CHEBI:15776	cephalosporin C	HOKIDJSKDBPKTQ-GLXFQSAKSA-N	data/antibiotics/unspecified/cephalosporin-c.yaml	cb73b707f930e70099df9de989fb7781329a5ae3932bf30fa3ffeb9f2332dde3	PENDING_DISCOVERY	0	0	0				0	0	0
CHEBI:35993	cepham	QHTOIDKCEPKVCM-ZCFIWIBFSA-N	data/antibiotics/unspecified/cepham.yaml	8b75d252c74a9c022eb92147891da06cf5cd8f90b8fd023703469993b6086d2c	PENDING_DISCOVERY	0	0	0				0	0	0
CHEBI:3543	cephamycin C	LXWBXEWUSAABOA-VXSYNFHWSA-N	data/antibiotics/unspecified/cephamycin-c.yaml	81b478eee571aa26b1eb7a46124227f532d15f71c7edef320c2bab3f1c9201f4	PENDING_DISCOVERY	0	0	0				0	0	0
CHEBI:31389	chelidonine	GHKISGDRQRSCII-ZOCIIQOWSA-N	data/antibiotics/unspecified/chelidonine.yaml	30c705d2853a9a59534b9bc487450098a0e92738d801fd75dcfd2d3518629cc4	PENDING_DISCOVERY	0	0	0				0	0	0
CHEBI:134107	CHIR-090	FQYBTYFKOHPWQT-VGSWGCGISA-N	data/antibiotics/unspecified/chir-090.yaml	456ef905557a72444f3eda75d5737930ed82f856f71ff765cc5cb6bd035c169e	PENDING_DISCOVERY	0	0	0				0	0	0
CHEBI:53621	chloromethylisothiazolinone	DHNRXBZYEKSXIM-UHFFFAOYSA-N	data/antibiotics/unspecified/chloromethylisothiazolinone.yaml	fa27cc58fb8f2754ab0c20cebd7692b8e56e8d0c57be0f9fe46c781b8159235a	PENDING_DISCOVERY	0	0	0				0	0	0
CHEBI:76058	chloroorienticin B	ATHQCOUEZPBNLP-JWYJDYCQSA-N	data/antibiotics/unspecified/chloroorienticin-b.yaml	12b16b3fb3fab56385c6cbeb2de8fa30858dffb9ee813f9eacfc98b7f53d0bb7	PENDING_DISCOVERY	0	0	0				0	0	0
CHEBI:132426	chondrochloren A	FYBGSKAWXCBCIQ-JRAUAZSASA-N	data/antibiotics/unspecified/chondrochloren-a.yaml	cd2662496dd0a00c022f1ea1388bbd24868a049c80a7894a112486bd985902a8	PENDING_DISCOVERY	0	0	0				0	0	0
CHEBI:132442	chondrochloren B	BIBQKWSSQXEIHK-IRFDLBBPSA-N	data/antibiotics/unspecified/chondrochloren-b.yaml	5f5bbd191ab70ecc92aa2cf7b0530d8f501d7a8ee16de836ec3df695324250f9	PENDING_DISCOVERY	0	0	0				0	0	0
CHEBI:34638	chromomycin A3	ZYVSOIYQKUDENJ-WKSBCEQHSA-N	data/antibiotics/unspecified/chromomycin-a3.yaml	4497f7a3a1e5a3c6df18d323f3c79a7cb90f985df1026d8bf544e0df17709e0b	PENDING_DISCOVERY	0	0	0				0	0	0
CHEBI:68070	chrysogeside B	ZVSKJEHFCITPQT-XCEJTAPFSA-N	data/antibiotics/unspecified/chrysogeside-b.yaml	769a16e1499f7c6910d6ce6354790d37241c0a4a52c55ee62af753df6f5c4db8	PENDING_DISCOVERY	0	0	0				0	0	0
CHEBI:141991	cinnamycin	QJDWKBINWOWJNZ-OURZNGJWSA-N	data/antibiotics/unspecified/cinnamycin.yaml	33ce59d3d24735b754fe56c7de8c37af4235e355324eb974dfde3e8cabfef214	PENDING_DISCOVERY	0	0	0				0	0	0
CHEBI:30769	citric acid	KRKNYBCHXYNGOX-UHFFFAOYSA-N	data/antibiotics/unspecified/citric-acid.yaml	e08e72eb97f146c8294a8110f5a292d3dd29c5791426db0048171e4075d5cdd9	PENDING_DISCOVERY	0	0	0				0	0	0
CHEBI:16213	coformycin	YOOVTUPUBVHMPG-LODYRLCVSA-N	data/antibiotics/unspecified/coformycin.yaml	2da5573ca6877ee6a867bb681dc5a06c71420b493281971df92286784f5f10fd	PENDING_DISCOVERY	0	0	0				0	0	0
CHEBI:34652	compactin diol lactone	WWSNTLOVYSRDEL-DZSDEGEFSA-N	data/antibiotics/unspecified/compactin-diol-lactone.yaml	ee66971a555ed15941d39072147304396cf06ded4dcf437a1b9453946e620ec5	PENDING_DISCOVERY	0	0	0				0	0	0
CHEBI:71987	curamycin A	VVIAOPGTVSECTI-QPNFVAJLSA-N	data/antibiotics/unspecified/curamycin-a.yaml	fab8ef2e2453f8bb1c3a82a1f5d76c91a3acddca0124ba7e052ab4f0857ff1b8	PENDING_DISCOVERY	0	0	0				0	0	0
CHEBI:85330	dapdiamide A	JAGLEOBXISHNNM-BRUQVKLWSA-N	data/antibiotics/unspecified/dapdiamide-a.yaml	01f606f3f0dd83dcbf572c3843c4c082ed547fbced9eab006da99b2cd3cc539a	PENDING_DISCOVERY	0	0	0				0	0	0
CHEBI:85332	dapdiamide B	WSFQKSIBZODGPB-RWWNVWANSA-N	data/antibiotics/unspecified/dapdiamide-b.yaml	547ac7eba9209cab781a0c457e9971725c3ac650a4ab180de2d95e7ab429dac0	PENDING_DISCOVERY	0	0	0				0	0	0
CHEBI:85333	dapdiamide C	MJPKMDAPFRGJGV-FBFNWGNUSA-N	data/antibiotics/unspecified/dapdiamide-c.yaml	e62571983994498598ae07ddcf2d59043fb3bd476418dce49c92fa83e6166f30	PENDING_DISCOVERY	0	0	0				0	0	0
CHEBI:85337	dapdiamide E	BQMJFERCSPVSGR-RULNZFCNSA-N	data/antibiotics/unspecified/dapdiamide-e.yaml	eb5d706eb08fb6acee7cb0c5814ca9c9a9950b430840bf9d37a55454b45537b3	PENDING_DISCOVERY	0	0	0				0	0	0
CHEBI:41977	daunorubicin	STQGQHZAVUOBTE-VGBVRHCVSA-N	data/antibiotics/unspecified/daunorubicin.yaml	31b53061c14dfd717d1a5bd6f42d2fd786a5976d7f239390381ee8602fdf136a	PENDING_DISCOVERY	0	0	0				0	0	0
CHEBI:18229	deacetoxycephalosporin C	NNQIJOYQWYKBOW-JWKOBGCHSA-N	data/antibiotics/unspecified/deacetoxycephalosporin-c.yaml	5e5f2372e564515d63198ef2329448a734db520676db2f423e368976c86dbd1a	PENDING_DISCOVERY	0	0	0				0	0	0
CHEBI:18065	deacetylcephalosporin C	XWCFYHBHOFBVIV-JWKOBGCHSA-N	data/antibiotics/unspecified/deacetylcephalosporin-c.yaml	148f8ff4c1829d94b341c3d9c1457b2959bdaee1fada095acc4dfde1d6da0cbe	PENDING_DISCOVERY	0	0	0				0	0	0
CHEBI:16251	deaminohydroxyblasticidin S	REIIQZAQCCFGIJ-LBLJTAPMSA-N	data/antibiotics/unspecified/deaminohydroxyblasticidin-s.yaml	82452bfd2cfd889b3472b71b255aab8f20d2b6251ccbc448c88ae28cc755c4c5	PENDING_DISCOVERY	0	0	0				0	0	0
CHEBI:66556	debromolaurinterol	XQATUTRQDIODTL-UGFHNGPFSA-N	data/antibiotics/unspecified/debromolaurinterol.yaml	a3518c94c64b3638539c3938f16b1ee6ee68887e8715db40865adabd1d4f24ef	PENDING_DISCOVERY	0	0	0				0	0	0
CHEBI:16299	dehydrocoformycin	PICFAMQFTUCMDC-PNHWDRBUSA-N	data/antibiotics/unspecified/dehydrocoformycin.yaml	ffef9f4c530221829db75e7dbf7c69e3ff6605d6b49aad161129d7115a35fc6b	PENDING_DISCOVERY	0	0	0				0	0	0
CHEBI:27419	dehydrodeoxycoformycin	PNAAOYLIDNSLKV-NBEYISGCSA-N	data/antibiotics/unspecified/dehydrodeoxycoformycin.yaml	16f676290cde43d74eaf216db12625cf1bd75fa8af769b29d86565a3b7d29d91	PENDING_DISCOVERY	0	0	0				0	0	0
CHEBI:29572	demethyllactenocin	QZCOVMJUGCBXHV-AVCFMDPFSA-N	data/antibiotics/unspecified/demethyllactenocin.yaml	f195e6379ff08a5deedde9e5c6735566a8114e664719fabd5bae674505caa412	PENDING_DISCOVERY	0	0	0				0	0	0
CHEBI:15906	demethylmacrocin	ALZAOGATQMXJKX-UQRCBBHQSA-N	data/antibiotics/unspecified/demethylmacrocin.yaml	bcda46e4834ab021997ac074095a228775ec370288d0313a8862f65762600360	PENDING_DISCOVERY	0	0	0				0	0	0
CHEBI:47395	devancoaminyl vancomycin	QCHYVJAUGVHJHX-PZIRYZLHSA-N	data/antibiotics/unspecified/devancoaminyl-vancomycin.yaml	8216905d3237e396f074d35d7c7cb1d3abfeb05e3701001cb1bdbfc748585839	PENDING_DISCOVERY	0	0	0				0	0	0
CHEBI:48958	diamide	VLSDXINSOMDCBK-UHFFFAOYSA-N	data/antibiotics/unspecified/diamide.yaml	53b769e00451802ca0a178946f53b1dfe08eca63c6e2076cc696194a9f829bd1	PENDING_DISCOVERY	0	0	0				0	0	0
CHEBI:65764	dicerandrol A	LMADRJRTQXNOEP-FNCICBJWSA-N	data/antibiotics/unspecified/dicerandrol-a.yaml	b36dd5cf9c9db06b378c92769c72f9bea87ad97e3258b9a780f8c23360eda3ba	PENDING_DISCOVERY	0	0	0				0	0	0
CHEBI:65765	dicerandrol B	WRLHYRADHSNDLJ-NKSNWBLISA-N	data/antibiotics/unspecified/dicerandrol-b.yaml	fa46c6f0c282714a1105b06c57182b09788430c5057433c25b0c545f1ce0546a	PENDING_DISCOVERY	0	0	0				0	0	0
CHEBI:65766	dicerandrol C	LYWOIRXBEDUAPM-ACMZUNAXSA-N	data/antibiotics/unspecified/dicerandrol-c.yaml	d231de93b7fe522c8b5337478c689e70993def356c5e5f97462bcd8499cd7f2e	PENDING_DISCOVERY	0	0	0				0	0	0
CHEBI:28333	dihydrostreptomycin 3'',6-bisphosphate	CWOLTUKRSULKST-PNUZMXECSA-N	data/antibiotics/unspecified/dihydrostreptomycin-3-6-bisphosphate.yaml	c25643e55eb721c03137c28fead31b98c9b88c13b1104920ae6f0f10732e0aa5	PENDING_DISCOVERY	0	0	0				0	0	0
CHEBI:27918	dihydrostreptomycin 3''-phosphate	ISHZQVDNXXXTHD-GOUKQLAUSA-N	data/antibiotics/unspecified/dihydrostreptomycin-3-phosphate.yaml	ac916022d453a60fa3656f421bf3ae6367f6d63b3f1021dd144676dee3dc49e3	PENDING_DISCOVERY	0	0	0				0	0	0
CHEBI:17751	dihydrostreptomycin 3'α,6-bisphosphate	ZDDYYKRGKUKSLN-TWBNDLJKSA-N	data/antibiotics/unspecified/dihydrostreptomycin-3-α-6-bisphosphate.yaml	38b06c245f76029f298a263fe9d206b4465a8356d7895fd95e9315be5b1daa4d	PENDING_DISCOVERY	0	0	0				0	0	0
CHEBI:28703	dihydrostreptomycin 3'α-phosphate	CYLJNXXMQIXPAD-PQMJGINDSA-N	data/antibiotics/unspecified/dihydrostreptomycin-3-α-phosphate.yaml	e80f6b65dfc7d763eb15bd882c5a708046315850e0fde77f5054df4c47d4330e	PENDING_DISCOVERY	0	0	0				0	0	0
CHEBI:16505	dihydrostreptomycin 6-phosphate	DCRWHJGCOKPJBN-TWBNDLJKSA-N	data/antibiotics/unspecified/dihydrostreptomycin-6-phosphate.yaml	a2dab951dcc08c70855510b1336b669dd92beadca2f7053bd32c5216038c24f2	PENDING_DISCOVERY	0	0	0				0	0	0
CHEBI:38291	dihydrostreptomycin	ASXBYYWOLISCLQ-HZYVHMACSA-N	data/antibiotics/unspecified/dihydrostreptomycin.yaml	0f90143969cd8cd7c9f5d03564606d46bbeb08e30a1563566a190fc179b761ff	PENDING_DISCOVERY	0	0	0				0	0	0
CHEBI:28748	doxorubicin	AOJJSUZBOXZQNB-TZSSRYMLSA-N	data/antibiotics/unspecified/doxorubicin.yaml	13c73bc33a9212a71dff2f3ddb523d5a829db0f450c463c7375a2cf2403321a8	PENDING_DISCOVERY	0	0	0				0	0	0
CHEBI:133817	doxorubicinol	NKZRZOVSJNSBFR-FEMMEMONSA-N	data/antibiotics/unspecified/doxorubicinol.yaml	7add01664d09259aa9d4d906fd067340a6c66f5879c5dce78fd319a8d4dee36e	PENDING_DISCOVERY	0	0	0				0	0	0
CHEBI:171673	dutomycin	XLXKPBAXLAAHEN-WNMWLNICSA-N	data/antibiotics/unspecified/dutomycin.yaml	8744a22c0827b9b862a7103a78ae5ba7023ffa9c50e2a80225f1aa45665f7707	PENDING_DISCOVERY	0	0	0				0	0	0
CHEBI:65823	EI-1511-5	OTILGUINRVYYKM-BSZZVILASA-N	data/antibiotics/unspecified/ei-1511-5.yaml	254ab9bd25b2ab3c04963e41802abe8782f75f453877ec78e138d604bf4cfe47	PENDING_DISCOVERY	0	0	0				0	0	0
CHEBI:65824	EI-1625-2	LEERCZRUWSNMMK-GIWWSJOHSA-N	data/antibiotics/unspecified/ei-1625-2.yaml	f2041a4167fe564c236f038ca15cf391f865411476ea26ac0588deab63440cc1	PENDING_DISCOVERY	0	0	0				0	0	0
CHEBI:78288	elloramycin A	OYEXGNNKRQPUBW-FJYHMNRNSA-N	data/antibiotics/unspecified/elloramycin-a.yaml	dec2a6e907ec7082efbfd6874cc6b1d56d36881a62fffe8f162e21a67fa5ed14	PENDING_DISCOVERY	0	0	0				0	0	0
CHEBI:4778	embelin	IRSFLDGTOHBADP-UHFFFAOYSA-N	data/antibiotics/unspecified/embelin.yaml	bc1c0248244322eabb5201e63ce8b925623d61ac825bdec996932151d8826ffc	PENDING_DISCOVERY	0	0	0				0	0	0
CHEBI:64651	enniatin A	TWHBYJSVDCWICV-BHZTXFQCSA-N	data/antibiotics/unspecified/enniatin-a.yaml	33a7011992401829c946a7f2815834db480b74186f662902b6f6844f572af023	PENDING_DISCOVERY	0	0	0				0	0	0
CHEBI:64649	enniatin B	MIZMDSVSLSIMSC-VYLWARHZSA-N	data/antibiotics/unspecified/enniatin-b.yaml	adce78296387a5161841c542280884cde3560dd3000607615c9ea4c8de64807d	PENDING_DISCOVERY	0	0	0				0	0	0
CHEBI:65863	erylatissin A	CEXYMYPXHMUTTJ-UHFFFAOYSA-N	data/antibiotics/unspecified/erylatissin-a.yaml	c1b01ec1d445a55e16acad1114494e38cb1697bb1afa3281f8f4812ef719a46f	PENDING_DISCOVERY	0	0	0				0	0	0
CHEBI:65864	erylatissin B	XOMNYGJNLZNDOL-UHFFFAOYSA-N	data/antibiotics/unspecified/erylatissin-b.yaml	b81152caae9acb14ed31de72ea5df40b1ae8351035d0600d0709b11e682d2aee	PENDING_DISCOVERY	0	0	0				0	0	0
CHEBI:65865	erylatissin C	NGSGHHXJBXTNFJ-IBGZPJMESA-N	data/antibiotics/unspecified/erylatissin-c.yaml	8faf70005f85be3dcd6eee8e93f0e3a523b7ca05abf3f65bf796137119e82709	PENDING_DISCOVERY	0	0	0				0	0	0
CHEBI:48913	erythromycin A 2'-propanoate	TYQXKHPOXXXCTP-CSLYCKPJSA-N	data/antibiotics/unspecified/erythromycin-a-2-propanoate.yaml	92d7732bc6f4d2dc1a23a380eb4d124da0dfda2923c080e13715b4ad397da39c	PENDING_DISCOVERY	0	0	0				0	0	0
CHEBI:28196	erythromycin B	IDRYSCOQVVUBIJ-PPGFLMPOSA-N	data/antibiotics/unspecified/erythromycin-b.yaml	d76e98278d2f06af511d2f4f073199bc47ca2bc9bf6249d2374e56f8f7074908	PENDING_DISCOVERY	0	0	0				0	0	0
CHEBI:64273	erythromycin C	MWFRKHPRXPSWNT-QNPWSHAKSA-N	data/antibiotics/unspecified/erythromycin-c.yaml	cfba0a146175087f6e4ab77c9165887f3667d99dc41cfbf4f834f566199034d4	PENDING_DISCOVERY	0	0	0				0	0	0
CHEBI:28331	erythromycin D	CLQUUOKNEOQBSW-KEGKUKQHSA-N	data/antibiotics/unspecified/erythromycin-d.yaml	3b03c7f44299cdd6e19ba0682dc8086ef9e72e990ca82a90e4e2cebbaff6741f	PENDING_DISCOVERY	0	0	0				0	0	0
CHEBI:28239	erythromycin E	PRUSTPADOGZAML-LMXGZOGMSA-N	data/antibiotics/unspecified/erythromycin-e.yaml	275e4f518a7a57b0e1484e33c25c2b04e0fa5c0e49652ac28e1e27e51d93ce4e	PENDING_DISCOVERY	0	0	0				0	0	0
CHEBI:4846	erythromycin estolate	AWMFUEJKWXESNL-JZBHMOKNSA-N	data/antibiotics/unspecified/erythromycin-estolate.yaml	3495296dfed7dafd9cfdd527f1b276afc16f94112c7c7310c4e6ab91d2cc473f	PENDING_DISCOVERY	0	0	0				0	0	0
CHEBI:31555	erythromycin ethylsuccinate	NSYZCCDSJNWWJL-YXOIYICCSA-N	data/antibiotics/unspecified/erythromycin-ethylsuccinate.yaml	6ea201d49828260c79a43914bcef840be40198563e2f5cfa4aa85f299db43f5b	PENDING_DISCOVERY	0	0	0				0	0	0
CHEBI:145339	erythromycin-[N-methyl-14C]	ULGZDMOVFRHVEP-RFAHSBMDSA-N	data/antibiotics/unspecified/erythromycin-n-methyl-14c.yaml	1dbc6a0d5c4da40d08e657811c880e17c1b3b2345b49a4fdc1258e283f67d63f	PENDING_DISCOVERY	0	0	0				0	0	0
CHEBI:53273	esperamicin A1	LJQQFQHBKUKHIS-KSFFZXMPSA-N	data/antibiotics/unspecified/esperamicin-a1.yaml	8728a5fd1b78add0ddf8997a9cff504b5596ecef711bc80e22859ca13937bfe7	PENDING_DISCOVERY	0	0	0				0	0	0
CHEBI:65867	espicufolin	HXAZTNIVBVVFJS-SNVBAGLBSA-N	data/antibiotics/unspecified/espicufolin.yaml	7fac302ce15c03bdc0a910faaa7b3b47c01fe04c0cb0fcea5440168d1344a9dd	PENDING_DISCOVERY	0	0	0				0	0	0
CHEBI:65893	F390B	OOXFQLGEGVNXBG-KDOFPFPSSA-N	data/antibiotics/unspecified/f390b.yaml	c36fbfeee5c19eb7ff3d08ecb3a89505dee1043870d71f13cc0a8f8aa9cf7b32	PENDING_DISCOVERY	0	0	0				0	0	0
CHEBI:65894	F390C	PMHCAQUSIVAZPO-WBMJQRKESA-N	data/antibiotics/unspecified/f390c.yaml	336f991915dfc17f413d582dd945119b15aa68715ffeb60c26652be2cd11419a	PENDING_DISCOVERY	0	0	0				0	0	0
CHEBI:28600	farnesol	CRDAMVZIKSXKFV-UHFFFAOYSA-N	data/antibiotics/unspecified/farnesol.yaml	4a08560c8c386d27d30157004c1694b215a6943e4f2e51c9b4234838a2060901	PENDING_DISCOVERY	0	0	0				0	0	0
CHEBI:51791	faropenem(1−)	HGGAKXAHAYOLDJ-YZJVMBJSSA-M	data/antibiotics/unspecified/faropenem-1.yaml	4c5c2f6af14dda9e461d84ee48204e02f136c8cb45455fc9c7b8a9269377b492	PENDING_DISCOVERY	0	0	0				0	0	0
CHEBI:65906	formobactin	ZZBSPTCNZDTZBR-QGXZNONUSA-N	data/antibiotics/unspecified/formobactin.yaml	b7e26a1abb0bb6cc0a45262a1d39f8a2548c0709058556577c63f635566cd018	PENDING_DISCOVERY	0	0	0				0	0	0
CHEBI:42452	formycin A	KBHMEHLJSZMEMI-KSYZLYKTSA-N	data/antibiotics/unspecified/formycin-a.yaml	951940ba6ef14ce901525973e40913455be26b32f9af4645ad0d1631ec28fb81	PENDING_DISCOVERY	0	0	0				0	0	0
CHEBI:42654	formycin B	MTCJZZBQNCXKAP-KSYZLYKTSA-N	data/antibiotics/unspecified/formycin-b.yaml	99b5d74c91e2c42f7f2e7f40d7d36e342afc524a3476c3ab03f816f3ff1d0b00	PENDING_DISCOVERY	0	0	0				0	0	0
CHEBI:86409	fortimicin KK1	WVUDHRISQRHHPW-NHJHCJIZSA-N	data/antibiotics/unspecified/fortimicin-kk1.yaml	2757b123785338a61f0d77203dfc90e6efe8bc9b5a2fdd3a9bd7d1b0b5ea4248	PENDING_DISCOVERY	0	0	0				0	0	0
CHEBI:65914	FR901463	RONUKPQOBQKEHX-FOUIGEGESA-N	data/antibiotics/unspecified/fr901463.yaml	f518f4ba2ebff0fc9ecc48d4cfa6c7f46b943ac78b4dc7911c84202441d47601	PENDING_DISCOVERY	0	0	0				0	0	0
CHEBI:65915	FR901464	PJKVJJDQXZARCA-QHYZBLTGSA-N	data/antibiotics/unspecified/fr901464.yaml	8c627b88aab5c6a7004a3e40952d7d98eb0b3396c581bb625376eb271add8dac	PENDING_DISCOVERY	0	0	0				0	0	0
CHEBI:48201	frenolicin B	AVCPRTNVVRPELB-YRUZYCQGSA-N	data/antibiotics/unspecified/frenolicin-b.yaml	b1db2c6f5667e36d64840edbcf9c0619714fecfc467f4ed66163959c6562716f	PENDING_DISCOVERY	0	0	0				0	0	0
CHEBI:30986	frequentin	MHZVWXOKIRZLCJ-RVZXZRSKSA-N	data/antibiotics/unspecified/frequentin.yaml	bd705e2296a76afb45195197ad5091c622fc5ac9f0e003f63b401cf126fbb132	PENDING_DISCOVERY	0	0	0				0	0	0
CHEBI:324935	fumagillol	CEVCTNCUIVEQOY-JQOWZUPLSA-N	data/antibiotics/unspecified/fumagillol.yaml	3153fc69e76fc6f39b97d3fd02b062ec0a84fe96102ceb7affcd7dc3f19bdc59	PENDING_DISCOVERY	0	0	0				0	0	0
CHEBI:5262	galangin	VCCRNZQBSJXYJD-UHFFFAOYSA-N	data/antibiotics/unspecified/galangin.yaml	9d7226a354a2cb27a695a76427b3df51846eefb6bd3b480301649ec9380c05b0	PENDING_DISCOVERY	0	0	0				0	0	0
CHEBI:53749	gemifloxacin mesylate	JIYMVSQRGZEYAX-CWUUNJJBSA-N	data/antibiotics/unspecified/gemifloxacin-mesylate.yaml	b8b51af0d4882888ae1f086d167868cde64b3d5d8dd9fc6fcb74dc95f82c31c9	PENDING_DISCOVERY	0	0	0				0	0	0
CHEBI:27412	gentamycin C1	CEAZRRDELHUEMR-URQXQFDESA-N	data/antibiotics/unspecified/gentamycin-c1.yaml	47e0ca106aca5f65a0d31bd89bd9cc696ceb12a5ba0e6457f4110497d3ade1b2	PENDING_DISCOVERY	0	0	0				0	0	0
CHEBI:27784	gentamycin C1a	VEGXETMJINRLTH-BOZYPMBZSA-N	data/antibiotics/unspecified/gentamycin-c1a.yaml	3746bf2039380ae25be846afe60b3d3e41ee7846135f7e002b4005dd6de8859d	PENDING_DISCOVERY	0	0	0				0	0	0
CHEBI:28292	gentamycin C2	XUFIWSHGXVLULG-JYDJLPLMSA-N	data/antibiotics/unspecified/gentamycin-c2.yaml	ae906acff8e581efade0035f790523e75d8f888fdf981c21020d8003f4ee2eb3	PENDING_DISCOVERY	0	0	0				0	0	0
CHEBI:65964	gilvusmycin	XUBJLJZOSKJNMY-UHFFFAOYSA-N	data/antibiotics/unspecified/gilvusmycin.yaml	0c846191df1545e67a4a1f3e88c9e02fc90c68e7890140f924e3c7b4a2f49240	PENDING_DISCOVERY	0	0	0				0	0	0
CHEBI:65967	glionitrin A	VRFJINVAZRAFHH-STQMWFEESA-N	data/antibiotics/unspecified/glionitrin-a.yaml	7e3c33819e370966a299aa2262ee852eea597f4e02e518c3b9bd56bad4bb07ea	PENDING_DISCOVERY	0	0	0				0	0	0
CHEBI:5533	granaticin	QBQXQYSJPWXZJL-NWVAQQJZSA-N	data/antibiotics/unspecified/granaticin.yaml	ca0c48d8af38b19f785e0d988a462ca82dd2ae93df693ed04b33f9ab0122331b	PENDING_DISCOVERY	0	0	0				0	0	0
CHEBI:48200	griseusin B	ZALAFWZWSLVCID-VXUQJGMHSA-N	data/antibiotics/unspecified/griseusin-b.yaml	5f16bb68de86c7c38f464548495c7e1026f90bd9b9f4e8df286cccb263dcd341	PENDING_DISCOVERY	0	0	0				0	0	0
CHEBI:43040	hadacidin	URJHVPKUWOUENU-UHFFFAOYSA-N	data/antibiotics/unspecified/hadacidin.yaml	36722d71668117bb5952098efa931348bc2b95bbb3b2f56df86b0e99d6179c28	PENDING_DISCOVERY	0	0	0				0	0	0
CHEBI:5674	herbimycin	MCAHMSDENAOJFZ-BVXDHVRPSA-N	data/antibiotics/unspecified/herbimycin.yaml	e7b94943118ce8e55178ad0c31a193523e1ab3146aaac380e4ff082329b40a39	PENDING_DISCOVERY	0	0	0				0	0	0
CHEBI:87184	hexamidine	OQLKNTOKMBVBKV-UHFFFAOYSA-N	data/antibiotics/unspecified/hexamidine.yaml	0f5c495c270628d12f949b45a68c81d9fb55a6d4a22ed31f2ea6160120a71f70	PENDING_DISCOVERY	0	0	0				0	0	0
CHEBI:83959	hygrolidin	GEZBIZMDLMTFDB-KJKHOEIASA-N	data/antibiotics/unspecified/hygrolidin.yaml	5505f1410a3d881315d25f36dd89e56bb72ff3779f5f980bed20e27310956418	PENDING_DISCOVERY	0	0	0				0	0	0
CHEBI:66065	IC202A	BVRULQCEMCYBAM-UHFFFAOYSA-N	data/antibiotics/unspecified/ic202a.yaml	930f03e7593f16c123e7e784c5c1cd9a3f074044339e58819a7ef040f68ad0ee	PENDING_DISCOVERY	0	0	0				0	0	0
CHEBI:66066	IC202B	BHNYEXHOBOECJW-UHFFFAOYSA-N	data/antibiotics/unspecified/ic202b.yaml	f56b99d3882d639065a27caa02b9b7fc18d93cede7df766796cd3fec3937e7a5	PENDING_DISCOVERY	0	0	0				0	0	0
CHEBI:66067	IC202C	RPHCJSPQKSVBSH-UHFFFAOYSA-N	data/antibiotics/unspecified/ic202c.yaml	fae944286346b228d8a91eb3a53957a0967d6786b53518c716f7a5e900945e6d	PENDING_DISCOVERY	0	0	0				0	0	0
CHEBI:42068	idarubicin	XDXDZDZNSLXDNA-TZNDIEGXSA-N	data/antibiotics/unspecified/idarubicin.yaml	cd36ae3696fc81df2f7d2e1ff052647efd87fbba16ca65693b8c5697a158804c	PENDING_DISCOVERY	0	0	0				0	0	0
CHEBI:146153	ilicicolin B	QAPOXOGEDXIOHD-VZRGJMDUSA-N	data/antibiotics/unspecified/ilicicolin-b.yaml	038ce809bba70aaba3cebc0edc8d84f53a2b0c6037c0630ce8244650c0cf3cc3	PENDING_DISCOVERY	0	0	0				0	0	0
CHEBI:77772	ilicicolin H	BYVVOONSAAQMKI-RFKCMYLBSA-N	data/antibiotics/unspecified/ilicicolin-h.yaml	483ae9d57d15e77005e8966d088b90c9bab30d2b7e3fb2a7186d4791241b6cf3	PENDING_DISCOVERY	0	0	0				0	0	0
CHEBI:51805	imidurea	ZCTXEAQXZGPWFG-UHFFFAOYSA-N	data/antibiotics/unspecified/imidurea.yaml	790196bc8755e3c6401ae776265cc8c7eed51969c830c301a62fd1ca662cd930	PENDING_DISCOVERY	0	0	0				0	0	0
CHEBI:16483	isonocardicin A	CTNZOGJNVIFEBA-MOKAZRKYSA-N	data/antibiotics/unspecified/isonocardicin-a.yaml	5e90a1687d41f7c4cb276c7ae2bd59af50b07b85d597ad7a37bf409ec1531701	PENDING_DISCOVERY	0	0	0				0	0	0
CHEBI:81022	isonocardicin C	CWTCWGGPTVMMLT-INDMIFKZSA-N	data/antibiotics/unspecified/isonocardicin-c.yaml	1787d817fa7f8d676b7ddb683a040e9d1d3169bb955f506c12ddc9dd7974c991	PENDING_DISCOVERY	0	0	0				0	0	0
CHEBI:18165	isopenicillin N	MIFYHUACUWQUKT-GTQWGBSQSA-N	data/antibiotics/unspecified/isopenicillin-n.yaml	c63d8a6bf45c19d252ac15a905f0fc6f4927d35a3d032c55e260229bd3d2bc2a	PENDING_DISCOVERY	0	0	0				0	0	0
CHEBI:43616	K-252a	KOZFSFOOLUUIGY-SOLYNIJKSA-N	data/antibiotics/unspecified/k-252a.yaml	f464a8b9db9b9fdcc106125d7dd36f113395cb8c47ef51ca9033df9f34fd00d8	PENDING_DISCOVERY	0	0	0				0	0	0
CHEBI:28098	kanamycin B	SKKLOUVUUNMCJE-FQSMHNGLSA-N	data/antibiotics/unspecified/kanamycin-b.yaml	fc165037f769eea9db8be9d1125b93170e9cf62f24a98c37b436f0146643d5df	PENDING_DISCOVERY	0	0	0				0	0	0
CHEBI:28185	kanamycin C	WZDRWYJKESFZMB-FQSMHNGLSA-N	data/antibiotics/unspecified/kanamycin-c.yaml	ea8b75e3a46cddaa48545a34e41900cb438b2d4d7a8643c825ced4d0407d97dc	PENDING_DISCOVERY	0	0	0				0	0	0
CHEBI:73079	kanamycin D	NZCOZAMBHLSNDW-HNDNCJINSA-N	data/antibiotics/unspecified/kanamycin-d.yaml	0ac0930cc696691edc017c37200464b9551116207db2ea6bb8b09168e12d6772	PENDING_DISCOVERY	0	0	0				0	0	0
CHEBI:72797	kanamycin X	OHNBRQGGOHMIAP-NOAMYHISSA-N	data/antibiotics/unspecified/kanamycin-x.yaml	a22b965e20c2d572fa5ff7ddb1bc67c1407a407107076ed614ca2417a63d0866	PENDING_DISCOVERY	0	0	0				0	0	0
CHEBI:143285	L-propargylglycine zwitterion	DGYHPLMPMRKMPD-BYPYZUCNSA-N	data/antibiotics/unspecified/l-propargylglycine-zwitterion.yaml	f464777f3e75232bbd3d4f82270e8a3defac93ac3b2db55d1577dfbc93674255	PENDING_DISCOVERY	0	0	0				0	0	0
CHEBI:77834	lancovutide	SFWLDKQAUHFCBS-WWXQEMPQSA-N	data/antibiotics/unspecified/lancovutide.yaml	8a6d4cd692aa30e634f4bf91b977aac9996044add22591fec5bd77c638b7918b	PENDING_DISCOVERY	0	0	0				0	0	0
CHEBI:135748	lenampicillin	ZKUKMWMSYCIYRD-ZXFNITATSA-N	data/antibiotics/unspecified/lenampicillin.yaml	02a03ae546bc95f28cdc0f65dced264ac840aac7a03b93fccff4cd832fefc5fa	PENDING_DISCOVERY	0	0	0				0	0	0
CHEBI:31753	leucomycin V	XYJOGTQLTFNMQG-KJHBSLKPSA-N	data/antibiotics/unspecified/leucomycin-v.yaml	0352d1138b8e241516c877f60703d10246b7299d63fb1407a4d366061b902caa	PENDING_DISCOVERY	0	0	0				0	0	0
CHEBI:17580	linalool	CDOSHBSSFJOMGT-UHFFFAOYSA-N	data/antibiotics/unspecified/linalool.yaml	a5538f347cbc90a2cd1779d7b0a51ac9f83a4d0600b10ab96afa9b5eeb41be24	PENDING_DISCOVERY	0	0	0				0	0	0
CHEBI:6469	linalyl acetate	UWKAYLJWKGQEPM-LBPRGKRZSA-N	data/antibiotics/unspecified/linalyl-acetate.yaml	c93b8ba919d76b98222abee091d63a002e840c29346d3589ae8c5e391792d718	PENDING_DISCOVERY	0	0	0				0	0	0
CHEBI:281056	loracarbef anion	JAPHQRWPEGVNBT-UTUOFQBUSA-M	data/antibiotics/unspecified/loracarbef-anion.yaml	605c414601d351edbf8f48aee17d9b4fad10cc5066352f7a1d7ef078d8b92d50	PENDING_DISCOVERY	0	0	0				0	0	0
CHEBI:214480	loracarbef zwitterion	JAPHQRWPEGVNBT-UTUOFQBUSA-N	data/antibiotics/unspecified/loracarbef-zwitterion.yaml	b817701f843205097ea5f589179afe95c6bba2d05b0d6f15c4ce84e7dedbdb79	PENDING_DISCOVERY	0	0	0				0	0	0
CHEBI:77752	LTX-109	ZVOYWSKEBVVLGW-ZDCRTTOTSA-N	data/antibiotics/unspecified/ltx-109.yaml	023e5806fc3f957dd25f1640965e69f57ad859e837f2aa4f0619aed7ad50408e	PENDING_DISCOVERY	0	0	0				0	0	0
CHEBI:6574	lupulone	LSDULPZJLTZEFD-UHFFFAOYSA-N	data/antibiotics/unspecified/lupulone.yaml	1e2f0f245bcd0c5fb1efe99cba6a8901ddd7dd62b2e75716b0f932ae660bff63	PENDING_DISCOVERY	0	0	0				0	0	0
CHEBI:17371	macrocin	UFUYRGNJTFAODM-HQCAVAADSA-N	data/antibiotics/unspecified/macrocin.yaml	c9f0db3a2fb41821bbf59e6b800c045f0adce8568857e9fa8e96d7502bdf4860	PENDING_DISCOVERY	0	0	0				0	0	0
CHEBI:29623	manumycin A	TWWQHCKLTXDWBD-MVTGTTCWSA-N	data/antibiotics/unspecified/manumycin-a.yaml	d1e85fc4537f3504d78661ad662791bc554a71073ed53212c04699896b4d632b	PENDING_DISCOVERY	0	0	0				0	0	0
CHEBI:78496	mastoparan	MASXKPLGZRMBJF-MVSGICTGSA-N	data/antibiotics/unspecified/mastoparan.yaml	dfd481d7fb249c183188653b3733934c0b978b8df29d806a38be9db42dad1937	PENDING_DISCOVERY	0	0	0				0	0	0
CHEBI:6701	maytansine	WKPWGQKGSOKKOO-RSFHAFMBSA-N	data/antibiotics/unspecified/maytansine.yaml	d7d3831bfec67db40a72bd3d69bba3aebde10cc1f5c0762b093b1de511372da9	PENDING_DISCOVERY	0	0	0				0	0	0
CHEBI:52060	metampicillin	FZECHKJQHUVANE-MCYUEQNJSA-N	data/antibiotics/unspecified/metampicillin.yaml	ef6d3982e49d3c4b803bd5103a4537d719dc193a31955346e61ca5ff9e275d19	PENDING_DISCOVERY	0	0	0				0	0	0
CHEBI:64624	microcin B17	DPWKTZRJGMZNFS-IGRUFWJISA-N	data/antibiotics/unspecified/microcin-b17.yaml	5ab959497aba3592d7f8deccd2873c74cccbc1c9b1ad863956d76327076ac39b	PENDING_DISCOVERY	0	0	0				0	0	0
CHEBI:82754	microcin c	PQZVLCSYKIYYRQ-CRNXWWIHSA-N	data/antibiotics/unspecified/microcin-c.yaml	3b6ccce461fb0ba619bdb8d4c9e95b9b46d5f50b68650cd2554abbae89664057	PENDING_DISCOVERY	0	0	0				0	0	0
CHEBI:66389	migrastatin	OGYMUMAKGYYNHV-IJMHZYIBSA-N	data/antibiotics/unspecified/migrastatin.yaml	bd9eeb6363de9db99c0e3bd7d9bf64009e7efde95665522966533d339bbee2e0	PENDING_DISCOVERY	0	0	0				0	0	0
CHEBI:31856	mithramycin	CFCUWKMKBJTWLW-BKHRDMLASA-N	data/antibiotics/unspecified/mithramycin.yaml	f855f26616c332d2eb0ec27a609fca0c15897afd7fb5c352829dda143813504a	PENDING_DISCOVERY	0	0	0				0	0	0
CHEBI:85412	mitomycin A	HYFMSAFINFJTFH-NGSRAFSJSA-N	data/antibiotics/unspecified/mitomycin-a.yaml	3ec1075f1875811e39567bc3f9a308be67ed4fc867456acaf2e5aef8bd840f1d	PENDING_DISCOVERY	0	0	0				0	0	0
CHEBI:85416	mitomycin B	UZUUQCBCWDBYCG-DQRAMIIBSA-N	data/antibiotics/unspecified/mitomycin-b.yaml	06f549b4e277e5b227277f16f1467238e0b2d158d391df2eee5bdea897533249	PENDING_DISCOVERY	0	0	0				0	0	0
CHEBI:34828	ML-236C	NXIASLUNMKAUTN-WFKFIOEPSA-N	data/antibiotics/unspecified/ml-236c.yaml	6f151a76e875c402d21b9b1b5a3cd7f7bfcb45bc9a8ff907d492504f613a8fdc	PENDING_DISCOVERY	0	0	0				0	0	0
CHEBI:79034	monacolin J	ZDFOBOYQVYMVCW-IRUSZSJRSA-N	data/antibiotics/unspecified/monacolin-j.yaml	c7ff0af2cc11e59828c1ce4d6acf6ae3c8a51eb73a4fbfbe59db022a2e171b11	PENDING_DISCOVERY	0	0	0				0	0	0
CHEBI:66403	moromycin A	YXQYFVURWVZIMD-CZMJNFCQSA-N	data/antibiotics/unspecified/moromycin-a.yaml	c4a2751885154239ae8134cc8a26920ee009b13f96c36c9ec58538d3e54df353	PENDING_DISCOVERY	0	0	0				0	0	0
CHEBI:66404	moromycin B	IVVLBSCKLIYBCU-GEMPFEMJSA-N	data/antibiotics/unspecified/moromycin-b.yaml	639d1425fedf53f090f179536c256fa0cd9b2c6b1b1a676b11ccfbcd3628cc16	PENDING_DISCOVERY	0	0	0				0	0	0
CHEBI:77912	mutalomycin sodium salt	CPFAJMOABNHQTP-ZPZSSQNXSA-M	data/antibiotics/unspecified/mutalomycin-sodium-salt.yaml	0321ae75d8fe74e864f2e2e81775126000197a853bf22271a44f79307c906216	PENDING_DISCOVERY	0	0	0				0	0	0
CHEBI:77918	mutalomycin	WWEDNBWYGGJQOV-RIWLGXEFSA-N	data/antibiotics/unspecified/mutalomycin.yaml	dde98dfbb4307ac969dcd50b50e3161e930445d8f2b64ddf786510cad5e2a760	PENDING_DISCOVERY	0	0	0				0	0	0
CHEBI:63207	mycinamicin III	FPIDCOOKEJFXFI-WKUFBULYSA-N	data/antibiotics/unspecified/mycinamicin-iii.yaml	f2c34d2e1b516d3b928a8c7bc518981580397ad4b440db57819783a1d36dcfe7	PENDING_DISCOVERY	0	0	0				0	0	0
CHEBI:63285	mycinamicin VI	ORPUAOXOPLNKNG-GEUQSOIWSA-N	data/antibiotics/unspecified/mycinamicin-vi.yaml	897893ac1eab800ce8b5158dc1988f29634d7a2735a75876addc36602fc7ab78	PENDING_DISCOVERY	0	0	0				0	0	0
CHEBI:51033	myxopyronin A	UQFNCSLGZUJVQP-IDWZVPEXSA-N	data/antibiotics/unspecified/myxopyronin-a.yaml	be1cda069edb067ac418551fe79d92136895d8978f61105d9118592881cbd48c	PENDING_DISCOVERY	0	0	0				0	0	0
CHEBI:63221	N-benzoylampicillin	CXJJYKZWBRYMST-PZTGFMGMSA-N	data/antibiotics/unspecified/n-benzoylampicillin.yaml	8867794a8d52e04288850e1bd1bdf985c7e6babf1bee2e4de94ccd935bb9cb8a	PENDING_DISCOVERY	0	0	0				0	0	0
CHEBI:66701	(+)-N-(methoxycarbonyl)-N-norboldine	RYEXLSDOKVGMTN-ZDUSSCGKSA-N	data/antibiotics/unspecified/n-methoxycarbonyl-n-norboldine.yaml	e48da259c23915b146450d672ea932129938f2019b7e23d29c4ac78a9c4379ee	PENDING_DISCOVERY	0	0	0				0	0	0
CHEBI:134411	N-palmitoyl-S-[2,3-bis(palmitoyloxy)propyl]-Cys-Ser-Lys-Lys-Lys-Lys	ACYXXCRNFRQHBB-RXUNMRDHSA-N	data/antibiotics/unspecified/n-palmitoyl-s-2-3-bis-palmitoyloxy-propyl-cys-ser-lys-lys-lys-lys.yaml	6cf390e0524008841e784131db99e12d23273a0566229d8c750281c543ace96d	PENDING_DISCOVERY	0	0	0				0	0	0
CHEBI:177872	N-trans-cinnamoyltyramine	KGOYCHSKGXJDND-DHZHZOJOSA-N	data/antibiotics/unspecified/n-trans-cinnamoyltyramine.yaml	ff7a2b1edb2fa4464b27ef38db9fc0e684ed8476a1d772685c2733740dfb5a6b	PENDING_DISCOVERY	0	0	0				0	0	0
CHEBI:28147	N2'-acetylgentamycin C1a	RLGSXXMFPPOROB-JOYMZIHVSA-N	data/antibiotics/unspecified/n2-acetylgentamycin-c1a.yaml	8d87d9f5a6d66bf0c83dac37f0c3cecf1e82d7a53faff138f72ff78c95eb7ed7	PENDING_DISCOVERY	0	0	0				0	0	0
CHEBI:21826	N3'-acetylgentamycin	KEIJCRBIDGPDMU-VSTVETRJSA-N	data/antibiotics/unspecified/n3-acetylgentamycin.yaml	f725e202ce77d56c5b3bd78ec640927972850028aacd1fa5e9751c354a51faa9	PENDING_DISCOVERY	0	0	0				0	0	0
CHEBI:18142	N6'-acetylkanamycin B	JVNRAWAXQAGKBK-HLIGCJFYSA-N	data/antibiotics/unspecified/n6-acetylkanamycin-b.yaml	9140605797705734bc642a261255f3977d7d2623ab699e392b028a709fc55765	PENDING_DISCOVERY	0	0	0				0	0	0
CHEBI:48202	nanaomycin A	ZCJHPTKRISJQTN-JGVFFNPUSA-N	data/antibiotics/unspecified/nanaomycin-a.yaml	c3a4ea7c2047502289d4b5f60b393b0166fe5d2484e00e1651d782e6a34b7cf0	PENDING_DISCOVERY	0	0	0				0	0	0
CHEBI:73686	nebramycin 5'	YPPFEJHOHNPKLT-PBSUHMDJSA-N	data/antibiotics/unspecified/nebramycin-5.yaml	b02a2c27ca4b9d858557ba901116626125661195695e4bc040173a6286c25413	PENDING_DISCOVERY	0	0	0				0	0	0
CHEBI:42053	nemorubicin	CTMCWCONSULRHO-UHQPFXKFSA-N	data/antibiotics/unspecified/nemorubicin.yaml	c0564471213752c1eff1da1186ff4f293333f99de4ab0e12b4b719a9ee2bdf71	PENDING_DISCOVERY	0	0	0				0	0	0
CHEBI:29656	neomethymycin	UEIVQYHYALXCBD-OTUJEKPESA-N	data/antibiotics/unspecified/neomethymycin.yaml	c5032691a12f68eba23cd96e79608b44557de324f5e1ce245d8439e0614ffe37	PENDING_DISCOVERY	0	0	0				0	0	0
CHEBI:145817	neophytadiene	NIDGCIPAMWNKOA-UHFFFAOYSA-N	data/antibiotics/unspecified/neophytadiene.yaml	46dad2f70d0dc0d06e7f6c663904f8ab882db80e7de1fed8a34f16b64cae1b49	PENDING_DISCOVERY	0	0	0				0	0	0
CHEBI:85614	neopikromycin	SXXXXTQMWPXIES-VJNSTPMQSA-N	data/antibiotics/unspecified/neopikromycin.yaml	ce209a94fa2743a4b28a7ea361ae437f6f4aa630848c1d4e79081c2341558e01	PENDING_DISCOVERY	0	0	0				0	0	0
CHEBI:66625	nidulalin A	BVPTZDRKEDPTOX-WBMJQRKESA-N	data/antibiotics/unspecified/nidulalin-a.yaml	974f3b2ea139417daf4ac691edfb1c2b59cc88515cb140579aefe37c4ea9922d	PENDING_DISCOVERY	0	0	0				0	0	0
CHEBI:172596	nifursol	XXUXXCZCUGIGPP-UHFFFAOYSA-N	data/antibiotics/unspecified/nifursol.yaml	eb6ad33d74b5410b8c7b454af5974d361578a4e65dc870193aa4696c3e4ef795	PENDING_DISCOVERY	0	0	0				0	0	0
CHEBI:17711	nocardicin A	CTNZOGJNVIFEBA-UPSUJEDGSA-N	data/antibiotics/unspecified/nocardicin-a.yaml	2680c11b3e5e94268300a5228ec8204d66d9f2f3a49a597d977a432407c17636	PENDING_DISCOVERY	0	0	0				0	0	0
CHEBI:81021	nocardicin C	CWTCWGGPTVMMLT-FCGDIQPGSA-N	data/antibiotics/unspecified/nocardicin-c.yaml	386f9f60e26e73d953f5bd4cc377b837b137a955c7382abfb121dab478a179f5	PENDING_DISCOVERY	0	0	0				0	0	0
CHEBI:77885	nocardicin E(2−)	NMMOYDKOFASOBV-HKHZIIAMSA-L	data/antibiotics/unspecified/nocardicin-e-2.yaml	02fb9049534d21fc029a269f13fcf6a6062e44ec1cb1d622e215478e659127d2	PENDING_DISCOVERY	0	0	0				0	0	0
CHEBI:29091	nocardicin E	NMMOYDKOFASOBV-HKHZIIAMSA-N	data/antibiotics/unspecified/nocardicin-e.yaml	f0ef17e059606ab7ae30f5b0d6dedcca554affde036a6ea4bcf064e6bd9b47ae	PENDING_DISCOVERY	0	0	0				0	0	0
CHEBI:33012	nocardicin F	NMMOYDKOFASOBV-ORWLQXDRSA-N	data/antibiotics/unspecified/nocardicin-f.yaml	c519d2d2853c03028cd2030113158f084d9619fda78eed41b820da4a73e62eb5	PENDING_DISCOVERY	0	0	0				0	0	0
CHEBI:81024	nocardicin G	SAVAPYNOQXYBJS-ARFHVFGLSA-N	data/antibiotics/unspecified/nocardicin-g.yaml	7159f149bf74ada99535463aa8d2edb41c1b72fe109e843984bd1251e116f914	PENDING_DISCOVERY	0	0	0				0	0	0
CHEBI:44504	nogalamycin	KGTDRFCXGRULNK-JYOBTZKQSA-N	data/antibiotics/unspecified/nogalamycin.yaml	2e854f7a12057341d789fef10ca3f627dc33a62e62bfceba8ccb92b876f2fdaa	PENDING_DISCOVERY	0	0	0				0	0	0
CHEBI:77652	novamethymycin	HYJMTIGQCJGKFQ-CGNAQTDSSA-N	data/antibiotics/unspecified/novamethymycin.yaml	d1bf8be2557ea3ea715cc55202f7c10ac219ed125f8651df06c24bdc142237c8	PENDING_DISCOVERY	0	0	0				0	0	0
CHEBI:77648	novapikromycin	JGNNRPWTNULSRW-BLNRMBNUSA-N	data/antibiotics/unspecified/novapikromycin.yaml	d3ba9cb9d99072d47708e7b8d0bd06ddd29e708e3052e2453a0e687cea72909d	PENDING_DISCOVERY	0	0	0				0	0	0
CHEBI:132424	novclobiocin 109	PKUNXGQLUGXWJB-ZQZBKPNISA-N	data/antibiotics/unspecified/novclobiocin-109.yaml	78d6f1dac18486cc8c3ca8ea369d09877794f145e4f42f3f88e5b915bf4a3f11	PENDING_DISCOVERY	0	0	0				0	0	0
CHEBI:72341	O-(2-aminoethyl)-L-serine	SLTGLTLBIVDQKE-BYPYZUCNSA-N	data/antibiotics/unspecified/o-2-aminoethyl-l-serine.yaml	5f3beb2992b1e4848acb3ab4074f77a93b5e5d614b5284b16b4fcfac024b3b90	PENDING_DISCOVERY	0	0	0				0	0	0
CHEBI:17161	O-demethylpuromycin	NVZJDPXVSWFFJJ-YXDKPKCJSA-N	data/antibiotics/unspecified/o-demethylpuromycin.yaml	df2ad34c1a34b48c4cdaac8315af6ba50d558c9b8677339cac7155f345cfbd64	PENDING_DISCOVERY	0	0	0				0	0	0
CHEBI:34118	oct-1-en-3-ol	VSMOENVRRABVKN-UHFFFAOYSA-N	data/antibiotics/unspecified/oct-1-en-3-ol.yaml	3e1b58dc7452f49151d6c9a1b4897600c14df19ae00bade168a7998617a5bca2	PENDING_DISCOVERY	0	0	0				0	0	0
CHEBI:7751	oligomycin B	QPRQJOHKNJIMGN-WVUAJZTGSA-N	data/antibiotics/unspecified/oligomycin-b.yaml	6b082f4d48cd4884495bf9be4024f1917f1086daf8b7803fdd3422600f55908a	PENDING_DISCOVERY	0	0	0				0	0	0
CHEBI:7752	oligomycin C	CMMLZMMKTYEOKV-RDKHTNMBSA-N	data/antibiotics/unspecified/oligomycin-c.yaml	545a1a275a3d03ae279fed5f418c9027eca4fd0db63c6b2e01a60e919fe8a674	PENDING_DISCOVERY	0	0	0				0	0	0
CHEBI:52511	olivomycin A	OCOLTXUAPMAMPP-AJVJTBPOSA-N	data/antibiotics/unspecified/olivomycin-a.yaml	04100387d1387d6f829c7ae3100dfd22b2ce69b0e8e288d6366f055b311e0dd2	PENDING_DISCOVERY	0	0	0				0	0	0
CHEBI:7777	ophiobolin A	MWYYLZRWWNBROW-BDZRSQQBSA-N	data/antibiotics/unspecified/ophiobolin-a.yaml	bf7ecfac7bffeae72065f4a4ebe2c4e97a6a5da9ad5f7c4c37a7ddda2eede1af	PENDING_DISCOVERY	0	0	0				0	0	0
CHEBI:77735	ossamycin	XGECDDPXIKFBTE-AUFVQPSPSA-N	data/antibiotics/unspecified/ossamycin.yaml	1385db91cc9ec98b31bbaa3828f8957ecb77e934d3e62373871f9f86c77a3f08	PENDING_DISCOVERY	0	0	0				0	0	0
CHEBI:156291	oviedomycin	LRVJUCBWMNTDLP-UHFFFAOYSA-N	data/antibiotics/unspecified/oviedomycin.yaml	aef42430185ef080b796235177e123bcead7f61238de4209bc8effa912d24f79	PENDING_DISCOVERY	0	0	0				0	0	0
CHEBI:70651	oxonantenine	NFDVJYPMLVMXRR-UHFFFAOYSA-N	data/antibiotics/unspecified/oxonantenine.yaml	e6274236627a3f86fe8ca617e0346686a88c5575284d536fb53ca5dcef981af5	PENDING_DISCOVERY	0	0	0				0	0	0
CHEBI:76259	oxyphenbutazone hydrate	CNDQSXOVEQXJOE-UHFFFAOYSA-N	data/antibiotics/unspecified/oxyphenbutazone-hydrate.yaml	a23a1ed9900838c62d806205ac43f350019b2c7dabbeef6cc690df9fb609296c	PENDING_DISCOVERY	0	0	0				0	0	0
CHEBI:76258	oxyphenbutazone	HFHZKZSRXITVMK-UHFFFAOYSA-N	data/antibiotics/unspecified/oxyphenbutazone.yaml	c334d379caa95f6b7779ce6b840576a4b948d0048885a3c9bc0a5f3bcfeeb402	PENDING_DISCOVERY	0	0	0				0	0	0
CHEBI:144185	pannarin	LVGKNESDSKGROR-UHFFFAOYSA-N	data/antibiotics/unspecified/pannarin.yaml	a7bbea2871a4a2681b0f7af99ee5fc3da1ad6060d93e6ffbcb0d0cea8bf30203	PENDING_DISCOVERY	0	0	0				0	0	0
CHEBI:74926	patulin	ZRWPUFFVAOMMNM-UHFFFAOYSA-N	data/antibiotics/unspecified/patulin.yaml	62e385ef4b1288f60db377bb463f360ae6b9b5316e601b85b07e3dab95148c01	PENDING_DISCOVERY	0	0	0				0	0	0
CHEBI:71520	paxanthonin	GYBUSKWANOPNPI-GXTWGEPZSA-N	data/antibiotics/unspecified/paxanthonin.yaml	c7cfa27f0450df27182bc143e4623a75a5fb631bf142a9a877c575a8c34b9a3e	PENDING_DISCOVERY	0	0	0				0	0	0
CHEBI:35991	penam	WSHJJCPTKWSMRR-RXMQYKEDSA-N	data/antibiotics/unspecified/penam.yaml	943c4a592e5a64eff011d4db71c4186734260e3be9ab11d2b4010de67e51fddd	PENDING_DISCOVERY	0	0	0				0	0	0
CHEBI:35994	penem	HHXMXAQDOUCLDN-RXMQYKEDSA-N	data/antibiotics/unspecified/penem.yaml	1ce19fc3ad927f1837ecf4a1307d9c5029f5f333dbe8ef8e33c1ee96270b29c8	PENDING_DISCOVERY	0	0	0				0	0	0
CHEBI:37806	penicillanic acid	RBKMMJSQKNKNEV-RITPCOANSA-N	data/antibiotics/unspecified/penicillanic-acid.yaml	898dfe3a35a5c03d0b0bc628b09850a668c53ee112b1b5084264e29242c1ecd6	PENDING_DISCOVERY	0	0	0				0	0	0
CHEBI:18203	penicillin N	MIFYHUACUWQUKT-GPUHXXMPSA-N	data/antibiotics/unspecified/penicillin-n.yaml	164f8b9797673d0a86b0dddfa55a936ba0a73fd6ffb90af1414ef24bad7aba72	PENDING_DISCOVERY	0	0	0				0	0	0
CHEBI:51207	penicillin O	QULKGELYPOJSLP-WCABBAIRSA-N	data/antibiotics/unspecified/penicillin-o.yaml	fb46326157d8c29746a7f1f321b8e731d4a865c844369053d76355872b5261d4	PENDING_DISCOVERY	0	0	0				0	0	0
CHEBI:75258	penimepicycline	MEGKRPMNPGTIIG-VNYBMUHKSA-N	data/antibiotics/unspecified/penimepicycline.yaml	e7f9c05bbc65cb38b1fe9d67c475d5ad5a567ca0bbf68513254b725f5390cde5	PENDING_DISCOVERY	0	0	0				0	0	0
CHEBI:17302	pentadecanal	XGQJZNCFDLXSIJ-UHFFFAOYSA-N	data/antibiotics/unspecified/pentadecanal.yaml	50f99598b670b8b304566dd756b66448e4aa2c3c42b6227ce3872c85bae846bc	PENDING_DISCOVERY	0	0	0				0	0	0
CHEBI:70816	pentalenolactone	NUPNVWUYFVEAIT-UJJBCWTCSA-N	data/antibiotics/unspecified/pentalenolactone.yaml	879528637230688b1bb3a2f7532e3d9d15bd5a46f31497b4e1207701a12fff7c	PENDING_DISCOVERY	0	0	0				0	0	0
CHEBI:27834	pentostatin	FPVKHBSQESCIEP-JQCXWYLXSA-N	data/antibiotics/unspecified/pentostatin.yaml	d71ddcad75396389638b66b2e63bb1c5812d839384a44c3b2bdc89b655f4e1c9	PENDING_DISCOVERY	0	0	0				0	0	0
CHEBI:66746	phomacin A	CTCWWHNYPVOMQP-WXZOGCPCSA-N	data/antibiotics/unspecified/phomacin-a.yaml	3e6a5c89d3125529b837a3a0518fd001d3ae623ad835d2c5f3038d737e95c2c1	PENDING_DISCOVERY	0	0	0				0	0	0
CHEBI:66747	phomacin B	IXONDWQZWWLZDF-ZCMVJGEESA-N	data/antibiotics/unspecified/phomacin-b.yaml	bb33a13f5d468c89bdaf48d25081a4f8fdec1b444aeeec76416871c6c7f7e5f8	PENDING_DISCOVERY	0	0	0				0	0	0
CHEBI:66748	phomacin C	AQAFUDMWTUOKSI-USVVNQICSA-N	data/antibiotics/unspecified/phomacin-c.yaml	6c4c638107d86313c8ff507c71aff2fded054b6dde1b2f975e25153b0c8a5810	PENDING_DISCOVERY	0	0	0				0	0	0
CHEBI:66751	phosphatoquinone A	QTORDDSSLVGNHO-BGTMZHHNSA-N	data/antibiotics/unspecified/phosphatoquinone-a.yaml	95d2f35587b819c3f4f1aabdf791a347dcfe745c4d7bcf5d60516cd927eb003e	PENDING_DISCOVERY	0	0	0				0	0	0
CHEBI:66752	phosphatoquinone B	HFMUGRCEDVYMSK-MDWZMJQESA-N	data/antibiotics/unspecified/phosphatoquinone-b.yaml	c157ca70f955d75d79601147675703c6b3e532fc12e524eefd6886f13b437898	PENDING_DISCOVERY	0	0	0				0	0	0
CHEBI:9336	phthalylsulfathiazole	PBMSWVPMRUJMPE-UHFFFAOYSA-N	data/antibiotics/unspecified/phthalylsulfathiazole.yaml	7a25e48d39298f9fb6f47fedabf5caafcc8a43f0cbcb0bbec4970ad1e5bef3ec	PENDING_DISCOVERY	0	0	0				0	0	0
CHEBI:138511	piericidin A	BBLGCDSLCDDALX-LKGBESRRSA-N	data/antibiotics/unspecified/piericidin-a.yaml	973faa9f5e23b605fec97999e5b82f775bcf30eef17c65e5eba09b747f82a30b	PENDING_DISCOVERY	0	0	0				0	0	0
CHEBI:75262	pipacycline	XATZHCXBMKRRDO-REHNUXHNSA-N	data/antibiotics/unspecified/pipacycline.yaml	1f82bd30a3741349bd5955a5f7ea8cf8fafabbc642113ac0a11871aa1ebc2663	PENDING_DISCOVERY	0	0	0				0	0	0
CHEBI:90284	pirazofurin	XESARGFCSKSFID-FLLFQEBCSA-N	data/antibiotics/unspecified/pirazofurin.yaml	4963de126978cc779e511cb464d82a9582a59837787387b45b000f2a2f5bc42f	PENDING_DISCOVERY	0	0	0				0	0	0
CHEBI:66766	PM-94128	ZGMSHKBULLTJHQ-UHBFJLORSA-N	data/antibiotics/unspecified/pm-94128.yaml	2d0e5cf890160146e7c3dd846a0ddfefeefafc93aa19b810c2f4054883bf3a58	PENDING_DISCOVERY	0	0	0				0	0	0
CHEBI:32034	potassium bitartrate	KYKNRZGSIGMXFH-ZVGUSBNCSA-M	data/antibiotics/unspecified/potassium-bitartrate.yaml	0ec44a24b1da2c1c144a8a6b77221defefcad83ab150068c493db027086f0585	PENDING_DISCOVERY	0	0	0				0	0	0
CHEBI:32047	premithramycin A2'	FANJWAKCIVIYMP-JYVXNHNOSA-N	data/antibiotics/unspecified/premithramycin-a2.yaml	bcc8b966f42c3e0fcd0be1bfe387998aa938a3e8c736cecdd35d1a86d40f5896	PENDING_DISCOVERY	0	0	0				0	0	0
CHEBI:32049	premithramycin A3'	HEXWXHDQRMEJNB-QGYAIUEGSA-N	data/antibiotics/unspecified/premithramycin-a3.yaml	c29f0d5c3dcd8d23bc0615586d173bd6c2b42b0064a6ff640012fce7999ac87f	PENDING_DISCOVERY	0	0	0				0	0	0
CHEBI:8413	primin	WLWIMKWZMGJRBS-UHFFFAOYSA-N	data/antibiotics/unspecified/primin.yaml	1435e68527f8581ce0b1a500002d4b607cb2f6de288ce5558c79e6a7fa3b22f1	PENDING_DISCOVERY	0	0	0				0	0	0
CHEBI:82758	prodigiosin	SZXDNGVQRDTJSD-VBKFSLOCSA-N	data/antibiotics/unspecified/prodigiosin.yaml	e31dcc4f54831d070c5a0fb2e13b1eb8255e619a317f487836f5641512724021	PENDING_DISCOVERY	0	0	0				0	0	0
CHEBI:87175	propamidine isethionate	WSOSYBUSMXEYDO-UHFFFAOYSA-N	data/antibiotics/unspecified/propamidine-isethionate.yaml	7c6cb5b30bcff178574b206ea60d886761f2c9a5e98d73bef55d0c61eae525a7	PENDING_DISCOVERY	0	0	0				0	0	0
CHEBI:87462	propamidine	WTFXJFJYEJZMFO-UHFFFAOYSA-N	data/antibiotics/unspecified/propamidine.yaml	32907c024aa52d0b71412e6b8ddd5f2b1bdeeeb8df1d7a0ef1340a79cf840cf0	PENDING_DISCOVERY	0	0	0				0	0	0
CHEBI:15795	protoaphin aglucone	KLZOEWZFKUESNU-UYFDZFGUSA-N	data/antibiotics/unspecified/protoaphin-aglucone.yaml	f09bc91b275d29dddae9cbc75643df5ce009a290ed1eac572986bc11c13ff0bc	PENDING_DISCOVERY	0	0	0				0	0	0
CHEBI:84035	pyridoxatin	OQJADHLOEAOIGC-NOHGZBONSA-N	data/antibiotics/unspecified/pyridoxatin.yaml	d7ab7454d7c378e5ef2f0ae3e4a08aa5b1a51342f38ee3b34a2881b4d6ad8a31	PENDING_DISCOVERY	0	0	0				0	0	0
CHEBI:45395	pyrithiamine pyrophosphate	ZHKSTKOYQKNDSJ-UHFFFAOYSA-O	data/antibiotics/unspecified/pyrithiamine-pyrophosphate.yaml	84fcc77ede04da71712b935284f4c066ed6867b024a2218bdb8660273a261da1	PENDING_DISCOVERY	0	0	0				0	0	0
CHEBI:59304	(R)-bromazine hydrochloride	ZQDJSWUEGOYDGT-UNTBIKODSA-N	data/antibiotics/unspecified/r-bromazine-hydrochloride.yaml	9d69566e5bdc92555df1ba61c1139dd28dc2086ad87f13f7811e359ca2bf7edd	PENDING_DISCOVERY	0	0	0				0	0	0
CHEBI:59301	(R)-bromazine	NUNIWXHYABYXKF-QGZVFWFLSA-N	data/antibiotics/unspecified/r-bromazine.yaml	d55a4c430c7ce627cb1087950484cfd3afeb239e0dae68e3910c045a66819880	PENDING_DISCOVERY	0	0	0				0	0	0
CHEBI:85273	(R)-flumequine	DPSPPJIUMHPXMA-SSDOTTSWSA-N	data/antibiotics/unspecified/r-flumequine.yaml	9c7aa59a752f33c2536bf91f62f25441f58200745ebe9789ed1d44e9e8d81796	PENDING_DISCOVERY	0	0	0				0	0	0
CHEBI:53560	(R)-gatifloxacin	XUBOMFCQGDBHNK-SNVBAGLBSA-N	data/antibiotics/unspecified/r-gatifloxacin.yaml	ac240a42ee333475d9ca4a9bcd419ce097fbb45e6c955a3d1481cab750dc666d	PENDING_DISCOVERY	0	0	0				0	0	0
CHEBI:28	(R)-linalool	CDOSHBSSFJOMGT-JTQLQIEISA-N	data/antibiotics/unspecified/r-linalool.yaml	8954e5bb2bcbf18ae64ce77f6006ecb1643488c2af286039aaaf196148a96b37	PENDING_DISCOVERY	0	0	0				0	0	0
CHEBI:39932	(R)-oct-1-en-3-ol	VSMOENVRRABVKN-QMMMGPOBSA-N	data/antibiotics/unspecified/r-oct-1-en-3-ol.yaml	ae46aed35aa2a491c5d341ac1530b7dfc429101d0c13b5b1e17319f3e3572145	PENDING_DISCOVERY	0	0	0				0	0	0
CHEBI:77584	(R)-tosufloxacin	WUWFMDMBOJLQIV-SNVBAGLBSA-N	data/antibiotics/unspecified/r-tosufloxacin.yaml	e0b1ed2acfa6a7ccbba915f3558c8dae8b96d98617cd8e186d4ddffb6bac1843	PENDING_DISCOVERY	0	0	0				0	0	0
CHEBI:84037	ravidomycin	GHLIFBNIGXVDHM-VQXSZRIGSA-N	data/antibiotics/unspecified/ravidomycin.yaml	1607ce83e0bdb856ae0b5bbe3361806a1d782e5836329fd44b66a0e9281e6349	PENDING_DISCOVERY	0	0	0				0	0	0
CHEBI:66299	respirantin	HJNZTHHOZWMVPB-WCSXKIRISA-N	data/antibiotics/unspecified/respirantin.yaml	f567d5861bcabe0c2a730f2db78eead1e94fe9775e5444b3ff6b168e73ae7374	PENDING_DISCOVERY	0	0	0				0	0	0
CHEBI:121196	reumycin	ZLLAXLPOOMLVRF-UHFFFAOYSA-N	data/antibiotics/unspecified/reumycin.yaml	f42560720d43cc63e0b24c417f1a715f798ffa19b4dcaf543234ca783f4a4cac	PENDING_DISCOVERY	0	0	0				0	0	0
CHEBI:72590	rhizoxin	OWPCHSCAPHNHAV-QIPOKPRISA-N	data/antibiotics/unspecified/rhizoxin.yaml	f726a23e6f8eb6d57a4b1a07cc0aeba11776abf33e6029ee2c57e53ce79030d4	PENDING_DISCOVERY	0	0	0				0	0	0
CHEBI:32096	rhodomycin D	CADJZGPRUYOSGU-QWWLYEKJSA-N	data/antibiotics/unspecified/rhodomycin-d.yaml	940264d5536c8f252b34be3135341d6bca63566f26973b4b015b71906dfdd95f	PENDING_DISCOVERY	0	0	0				0	0	0
CHEBI:61080	romidepsin	OHRURASPPZQGQM-GCCNXGTGSA-N	data/antibiotics/unspecified/romidepsin.yaml	7fc08a3df364456a5157861fe717e55af7f9da0643c36b79d68f2e271c75b152	PENDING_DISCOVERY	0	0	0				0	0	0
CHEBI:72346	roseoflavin	IGQLDUYTWDABFK-GUTXKFCHSA-N	data/antibiotics/unspecified/roseoflavin.yaml	b909a226e048e389fb89d920eb1762cbb2a7b5a7044753f1a11cdc0dad303eb9	PENDING_DISCOVERY	0	0	0				0	0	0
CHEBI:69518	rubiarbonol G	IPFJEJXCPFOYQR-CRBXCGNKSA-N	data/antibiotics/unspecified/rubiarbonol-g.yaml	e7f17a302ed9baa6cb2e35b6fd6801f2345ed3469f274e6cf094df980a11ab72	PENDING_DISCOVERY	0	0	0				0	0	0
CHEBI:59305	(S)-bromazine hydrochloride	ZQDJSWUEGOYDGT-LMOVPXPDSA-N	data/antibiotics/unspecified/s-bromazine-hydrochloride.yaml	ec6e649d3d1a2d7a5b68eb919068f22479d1f859d3c30af87a67e3b9146e8d41	PENDING_DISCOVERY	0	0	0				0	0	0
CHEBI:59302	(S)-bromazine	NUNIWXHYABYXKF-KRWDZBQOSA-N	data/antibiotics/unspecified/s-bromazine.yaml	c3b73b177982bedb2353407764f33861b080950970c9bfccd428f2f269dbd6ce	PENDING_DISCOVERY	0	0	0				0	0	0
CHEBI:85272	(S)-flumequine	DPSPPJIUMHPXMA-ZETCQYMHSA-N	data/antibiotics/unspecified/s-flumequine.yaml	d54605af8008fbaaf9da251c50d7a688994c3df10e3aaa22cc7a3342eba27a49	PENDING_DISCOVERY	0	0	0				0	0	0
CHEBI:53562	(S)-gatifloxacin	XUBOMFCQGDBHNK-JTQLQIEISA-N	data/antibiotics/unspecified/s-gatifloxacin.yaml	eee17cf550860e29b74bebfe4f0ee13d096794e7f972e78ea303acdab5078c45	PENDING_DISCOVERY	0	0	0				0	0	0
CHEBI:98	(S)-linalool	CDOSHBSSFJOMGT-SNVBAGLBSA-N	data/antibiotics/unspecified/s-linalool.yaml	b8ae213504331e9f1a6e143e0fe4a1e89a0375daa7b9d08d3a08c235e3a8abd1	PENDING_DISCOVERY	0	0	0				0	0	0
CHEBI:46735	(S)-oct-1-en-3-ol	VSMOENVRRABVKN-MRVPVSSYSA-N	data/antibiotics/unspecified/s-oct-1-en-3-ol.yaml	1f7d6ed6c4ee392b093c9d8b53702c4e4b5bea88a4c6d73f5dc79696b57dff33	PENDING_DISCOVERY	0	0	0				0	0	0
CHEBI:77582	(S)-tosufloxacin	WUWFMDMBOJLQIV-JTQLQIEISA-N	data/antibiotics/unspecified/s-tosufloxacin.yaml	a9ef32cf0c0883572269ef5297a51e55762c4cf4642f7bd253a98abad79a7a00	PENDING_DISCOVERY	0	0	0				0	0	0
CHEBI:66173	sarasinoside J	IFLLFJMUKCVLRY-KMTMZHINSA-N	data/antibiotics/unspecified/sarasinoside-j.yaml	3a5a947666a464b47b19fa23ffee48aeef8b8af3179852dc5c780da12aa2aa45	PENDING_DISCOVERY	0	0	0				0	0	0
CHEBI:87042	seldomycin 5	HJKXMQLJTKUBMG-BAOVJYBRSA-N	data/antibiotics/unspecified/seldomycin-5.yaml	fa2895291f4205efeb281a16b957e82de1577d206451794f523bbf82f34e8e48	PENDING_DISCOVERY	0	0	0				0	0	0
CHEBI:90941	sibiromycin	RAGFPHFDFVNLCG-INYQBOQCSA-N	data/antibiotics/unspecified/sibiromycin.yaml	078c2ee09d51718a81e54665e21a1e485603481e7be3908a2e7d679e9433ee48	PENDING_DISCOVERY	0	0	0				0	0	0
CHEBI:27494	sophoraisoflavanone A	AALISTBXLBQUEH-UHFFFAOYSA-N	data/antibiotics/unspecified/sophoraisoflavanone-a.yaml	4823f19814b97d3922a6e443640511f3e02b57b1d055c6f10e576ae9e5f75fec	PENDING_DISCOVERY	0	0	0				0	0	0
CHEBI:66517	SPF-32629A	ATDHCZKCFPIQOT-UHFFFAOYSA-N	data/antibiotics/unspecified/spf-32629a.yaml	d802169dde73beb29abc12823509d8336ab5e4ae3e71e723feb2889cdfc4dadd	PENDING_DISCOVERY	0	0	0				0	0	0
CHEBI:66518	SPF-32629B	RQSUJBPFSUWQSA-UHFFFAOYSA-N	data/antibiotics/unspecified/spf-32629b.yaml	91c4fe68eb95bf6d86de4b65ff68161a76e7880e2008886955c977045a4318f0	PENDING_DISCOVERY	0	0	0				0	0	0
CHEBI:9230	spinosyn A	SRJQTHAZUNRMPR-UYQKXTDMSA-N	data/antibiotics/unspecified/spinosyn-a.yaml	d7e271132bb845433fe8d2e6b977493d0611e32f421575cf42e8ddd9e09ab0da	PENDING_DISCOVERY	0	0	0				0	0	0
CHEBI:9232	spinosyn D	RDECBWLKMPEKPM-PSCJHHPTSA-N	data/antibiotics/unspecified/spinosyn-d.yaml	f5fc7c5aa7a1abcc6439b4abfc0ab3539ee6e1ed46e8e97a20d8ac0cb4b6b9e1	PENDING_DISCOVERY	0	0	0				0	0	0
CHEBI:156294	steffimycin D	FAXXYXLNSNAHOO-MICZPBMFSA-N	data/antibiotics/unspecified/steffimycin-d.yaml	42998ac5d9391f8935e12431ab36b228f767681864072f27af27f33ca502cd35	PENDING_DISCOVERY	0	0	0				0	0	0
CHEBI:66524	streptokordin	JCPDZXJDYRLFMC-UHFFFAOYSA-N	data/antibiotics/unspecified/streptokordin.yaml	6ae885299299bd107932ea2a764a5074ec18260486f6a8814ecdd7916399644f	PENDING_DISCOVERY	0	0	0				0	0	0
CHEBI:45773	streptolydigin	KVTPRMVXYZKLIG-NCAOFHFGSA-N	data/antibiotics/unspecified/streptolydigin.yaml	3359f30663039e8a8f4c989c5bf641925089a13b5dfaeab222121830b52884d7	PENDING_DISCOVERY	0	0	0				0	0	0
CHEBI:15715	streptomycin 3''-phosphate	BFUAJTIVTIKBSB-GOUKQLAUSA-N	data/antibiotics/unspecified/streptomycin-3-phosphate.yaml	94dca3d91cc5db8a5a69046050e7964eb259de001a38cd18c150413b642afbbe	PENDING_DISCOVERY	0	0	0				0	0	0
CHEBI:16479	streptomycin 6-phosphate	BWVNOTYEDMJNDA-TWBNDLJKSA-N	data/antibiotics/unspecified/streptomycin-6-phosphate.yaml	8d517a092b157463fc596f4f6b69741dbd44b05a590744d95b4c99c8332c1a7d	PENDING_DISCOVERY	0	0	0				0	0	0
CHEBI:9287	streptonigrin	PVYJZLYGTZKPJE-UHFFFAOYSA-N	data/antibiotics/unspecified/streptonigrin.yaml	ce6f00c89a22e08496bfe96b26e4e6fd6c6670fd188d0fa028e506d5b1657e40	PENDING_DISCOVERY	0	0	0				0	0	0
CHEBI:60828	streptothricin D	WUJTXMVGXDQPNN-OTQKCRDJSA-N	data/antibiotics/unspecified/streptothricin-d.yaml	04e6dd9619a0aeab83c97ae6350f5764615f5b6d0e88dcc1be8ee5a7fb6b2ed5	PENDING_DISCOVERY	0	0	0				0	0	0
CHEBI:60822	streptothricin F(3+)	NRAUADCLPJTGSF-VLSXYIQESA-Q	data/antibiotics/unspecified/streptothricin-f-3.yaml	5a65c0bd4deea7e305916e4b2e1fea19b940f8f953beec316f217c1a9045f68a	PENDING_DISCOVERY	0	0	0				0	0	0
CHEBI:9288	streptozocin	ZSJLQEPLLKMAKR-GKHCUFPYSA-N	data/antibiotics/unspecified/streptozocin.yaml	a736812f43e950255d5319665bf7de1a84830de67f6ad960a5a21dd6cf54d430	PENDING_DISCOVERY	0	0	0				0	0	0
CHEBI:135467	sulbactam pivoxil	OHPVYKXTRACOSQ-ZJUUUORDSA-N	data/antibiotics/unspecified/sulbactam-pivoxil.yaml	4236ad9e1e9e2a6e8a40be68a0ece438dbcd26e2534bc5e800dc1276212918d1	PENDING_DISCOVERY	0	0	0				0	0	0
CHEBI:157785	sulbactam sodium	NKZMPZCWBSWAOX-IBTYICNHSA-M	data/antibiotics/unspecified/sulbactam-sodium.yaml	61f74a5979cacf44697578112fca78dafbddfba8d866456bc7d174c5d0c79c64	PENDING_DISCOVERY	0	0	0				0	0	0
CHEBI:9321	sulbactam	FKENQMMABCRJMK-RITPCOANSA-N	data/antibiotics/unspecified/sulbactam.yaml	2b6bc5fe5b98d02bd80734aee1563e27d00b99043aeaa5133feb9b3da73322c7	PENDING_DISCOVERY	0	0	0				0	0	0
CHEBI:9322	sulbenicillin	JETQIUPBHQNHNZ-OAYJICASSA-N	data/antibiotics/unspecified/sulbenicillin.yaml	edcdd429522910eb3c25a383bdea5c38add44a99b86200b9f5b7620f16cded1f	PENDING_DISCOVERY	0	0	0				0	0	0
CHEBI:9327	sulfacetamide sodium anhydrous	PQMSFAORUFMASU-UHFFFAOYSA-M	data/antibiotics/unspecified/sulfacetamide-sodium-anhydrous.yaml	8a323e32fe17a4cde0f84bd5e70f18e0bc7f5dc5bea1ca08540e770ba651e813	PENDING_DISCOVERY	0	0	0				0	0	0
CHEBI:63858	sulfacetamide sodium	IHCDKJZZFOUARO-UHFFFAOYSA-M	data/antibiotics/unspecified/sulfacetamide-sodium.yaml	b016dee3020a9eb04a5fd6f63756a5cbd520f75843f9b25efe6493e9c0d0e8d8	PENDING_DISCOVERY	0	0	0				0	0	0
CHEBI:32161	sulfadimethoxine	ZZORFUFYDOWNEF-UHFFFAOYSA-N	data/antibiotics/unspecified/sulfadimethoxine.yaml	8d3bf779a40fd8b0d624e64dd103b9c141ae00e25873602f878b40eb3ba6b285	PENDING_DISCOVERY	0	0	0				0	0	0
CHEBI:94621	sulfaguanidine	BRBKOPJOKNSWSG-UHFFFAOYSA-N	data/antibiotics/unspecified/sulfaguanidine.yaml	cc91edfdc5a38d77de4acac22383e7b30815f1fb1ea440e9365d78904b693d3b	PENDING_DISCOVERY	0	0	0				0	0	0
CHEBI:102516	sulfamethoxypyridazine	VLYWMPOKSSWJAL-UHFFFAOYSA-N	data/antibiotics/unspecified/sulfamethoxypyridazine.yaml	76304ec22ba711e28305777da9a5972ee08f91778d41f66048826fe87f7d0f7a	PENDING_DISCOVERY	0	0	0				0	0	0
CHEBI:88258	sulfametrole	IZOYMGQQVNAMHS-UHFFFAOYSA-N	data/antibiotics/unspecified/sulfametrole.yaml	8be24464032b7b4653a6a76c1c07647edf960d8fa74d03e9d1236b8841ed5c79	PENDING_DISCOVERY	0	0	0				0	0	0
CHEBI:55548	sulfamoxole	CYFLXLSBHQBMFT-UHFFFAOYSA-N	data/antibiotics/unspecified/sulfamoxole.yaml	f34871da5e83d3c353269b6606f9be8bf36b5417c5dc9291e8c393596e13a818	PENDING_DISCOVERY	0	0	0				0	0	0
CHEBI:132842	sulfapyridine	GECHUMIMRBOMGK-UHFFFAOYSA-N	data/antibiotics/unspecified/sulfapyridine.yaml	69b99188c5acc8214558a3cef1ad73f89379374947b10c0aa607916f9972e3d3	PENDING_DISCOVERY	0	0	0				0	0	0
CHEBI:9337	sulfathiazole	JNMRHUJNCSQMMB-UHFFFAOYSA-N	data/antibiotics/unspecified/sulfathiazole.yaml	4d15a1b9d6617cde9c2b397e0d5d5c9aef7f72c41299174aa39f978d34961992	PENDING_DISCOVERY	0	0	0				0	0	0
CHEBI:32166	sulfisomidine	YZMCKZRAOLZXAZ-UHFFFAOYSA-N	data/antibiotics/unspecified/sulfisomidine.yaml	e5761e25ff7755a8e0694d0360400d9eb1bab3482be71b7ede433a4955eb1af5	PENDING_DISCOVERY	0	0	0				0	0	0
CHEBI:192798	sulfociprofloxacin	SDLYZOYQWKDWJG-UHFFFAOYSA-N	data/antibiotics/unspecified/sulfociprofloxacin.yaml	7efecb8b9e13ecfeed4bb642c4b2f29ead1961659e58f5aff9c39cc07b0e3fc2	PENDING_DISCOVERY	0	0	0				0	0	0
CHEBI:51770	sultamicillin	OPYGFNJSCUDTBT-PMLPCWDUSA-N	data/antibiotics/unspecified/sultamicillin.yaml	8a759a420952dd03b69be0c2f1800b2c07991731ee36cf121e92ee248f21c95b	PENDING_DISCOVERY	0	0	0				0	0	0
CHEBI:156429	tabtoxin	BFSBNVPBVGFFCF-WDOVLDDZSA-N	data/antibiotics/unspecified/tabtoxin.yaml	b1d91e4dc11352b04dd4a3d8f8e39468496c6908d78d80636995aeee9e14f81e	PENDING_DISCOVERY	0	0	0				0	0	0
antibioticmech:aro-2e3b34cc67	tacrolimus	QJJXYPPXXYFBGM-LFZNUXCKSA-N	data/antibiotics/unspecified/tacrolimus.yaml	c78b76727b23e17eb186b45746e63a146fc21e4e1608b6c09591822e21154e08	PENDING_PRIMARY_REVIEW	2	0	0				0	0	0
CHEBI:9391	talampicillin	SOROUYSPFADXSN-SUWVAFIASA-N	data/antibiotics/unspecified/talampicillin.yaml	22c188d16d4f72cc300b77260157be292835bf7e626e375d5953bfb41973b6a7	PENDING_DISCOVERY	0	0	0				0	0	0
CHEBI:85192	tazobactam sodium	RFMIKMMOLPNEDG-QVUDESDKSA-M	data/antibiotics/unspecified/tazobactam-sodium.yaml	62be085a38f2152dc318e47b39229045bbf980d55dfd7a4143f1fe3cedb43c32	PENDING_DISCOVERY	0	0	0				0	0	0
CHEBI:9421	tazobactam	LPQZKKCYTLCDGQ-WEDXCCLWSA-N	data/antibiotics/unspecified/tazobactam.yaml	cd41a3bc7ed664b4180468aeb8c1dfeb7ad92890a0a6c5ff8c6ceed17fc0fd70	PENDING_DISCOVERY	0	0	0				0	0	0
CHEBI:83326	tedizolid phosphate	QCGUSIANLFXSGE-GFCCVEGCSA-N	data/antibiotics/unspecified/tedizolid-phosphate.yaml	10ff3db6e139900e03a714594fcc4206009413e7b945ee42fe9b3a2ef59bbe79	PENDING_DISCOVERY	0	0	0				0	0	0
CHEBI:34995	teicoplanin A2-1	SGSMSXWFVXNLOG-UCNABHHISA-N	data/antibiotics/unspecified/teicoplanin-a2-1.yaml	35da583c072efa947698e7c48addd8027143582cf7751558bbd00a20636b646d	PENDING_DISCOVERY	0	0	0				0	0	0
CHEBI:85251	teicoplanin A2-2	GHOXVFYORXUCPY-PKMGYIMSSA-N	data/antibiotics/unspecified/teicoplanin-a2-2.yaml	a8deb7167cd60a03c331458c8c9cb9f99f8a130bbeea2f4f6da7f9ba44527a9c	PENDING_DISCOVERY	0	0	0				0	0	0
CHEBI:34996	teicoplanin A2-3	BJNLLBUOHPVGFT-PKMGYIMSSA-N	data/antibiotics/unspecified/teicoplanin-a2-3.yaml	5e1eb6c0c2a1b1e308d498876d052770eb88be5f9baed3cf0f6698018660780d	PENDING_DISCOVERY	0	0	0				0	0	0
CHEBI:34997	teicoplanin A2-4	KSPOYQQCANXEDC-WNTLLCOUSA-N	data/antibiotics/unspecified/teicoplanin-a2-4.yaml	64b6fc0305e80491007591deef8a1d8c7d40905a8e326aa1c3ea5146f214baba	PENDING_DISCOVERY	0	0	0				0	0	0
CHEBI:34998	teicoplanin A2-5	FHBQKTSCJKPYIO-RLDSMAAISA-N	data/antibiotics/unspecified/teicoplanin-a2-5.yaml	8cd6df24d61437f3a4ab17659dd9e1a411b277c490e1e4d450bb53485b76c6f1	PENDING_DISCOVERY	0	0	0				0	0	0
CHEBI:50301	terpentecin	ISTOHHFNKVUOKP-BRUMOIPRSA-N	data/antibiotics/unspecified/terpentecin.yaml	67515f33e367a8c9c365e401d4fe2d3187ca05c892aae6fc597ac18349f7336d	PENDING_DISCOVERY	0	0	0				0	0	0
CHEBI:32198	tetracenomycin B1	CXOLVKMMHKZPPM-UHFFFAOYSA-N	data/antibiotics/unspecified/tetracenomycin-b1.yaml	696b76bed8e57829ec6ddfcee2e850d9812a1d01965ba06236f6122ad2037986	PENDING_DISCOVERY	0	0	0				0	0	0
CHEBI:32199	tetracenomycin B2	IPQJRJBZGLDTMW-UHFFFAOYSA-N	data/antibiotics/unspecified/tetracenomycin-b2.yaml	8e3806bc29d48757f8a32b9937edb6a4381ca65c9eb60465bd5cd6d9f2efbf9e	PENDING_DISCOVERY	0	0	0				0	0	0
CHEBI:32200	tetracenomycin B3	NSKLWYCTXNPUBB-UHFFFAOYSA-N	data/antibiotics/unspecified/tetracenomycin-b3.yaml	c3acb04794dc0acd742171ff533d21ff0d2b7601cbf858d444d338731dc87192	PENDING_DISCOVERY	0	0	0				0	0	0
CHEBI:32201	tetracenomycin D1	RZKZJERAFMFNMF-UHFFFAOYSA-N	data/antibiotics/unspecified/tetracenomycin-d1.yaml	8984bccdfe542bbb884ebe2f25df1e2a2988faaa6ee359679659647ad2d97b58	PENDING_DISCOVERY	0	0	0				0	0	0
CHEBI:32202	tetracenomycin D3	OXCNORDLEQIUCT-UHFFFAOYSA-N	data/antibiotics/unspecified/tetracenomycin-d3.yaml	299947ac38b30e2b0aa006b2ea1d7b30a526d75b0368c6f423e7c0f2caf482f1	PENDING_DISCOVERY	0	0	0				0	0	0
CHEBI:32204	tetracenomycin E	UBGPMJPFKHUCCA-UHFFFAOYSA-N	data/antibiotics/unspecified/tetracenomycin-e.yaml	79d11db383bbe1474ccc46df2ad54694700f9a920b7f4b8e91d3761a585b65a4	PENDING_DISCOVERY	0	0	0				0	0	0
CHEBI:32205	tetracenomycin F1	BJSNGVYBQJIGRT-UHFFFAOYSA-N	data/antibiotics/unspecified/tetracenomycin-f1.yaml	75018dad13376383672a6567294cf987f201a0d3087e8f9d75057b23e08b0d73	PENDING_DISCOVERY	0	0	0				0	0	0
CHEBI:32207	tetracenomycin F2	OVIPDYYHLHEFDF-YIXHJXPBSA-N	data/antibiotics/unspecified/tetracenomycin-f2.yaml	0df06142819fbd9e0ad768448ca01bdc99b5418b015684fa658193a76b573b88	PENDING_DISCOVERY	0	0	0				0	0	0
CHEBI:32208	tetracenomycin M	WBICYHCOBLVBMM-UHFFFAOYSA-N	data/antibiotics/unspecified/tetracenomycin-m.yaml	ad85847df845d40d365632f9dce1f167b6fef22ab39afabe5cd660ff6a77b7c1	PENDING_DISCOVERY	0	0	0				0	0	0
CHEBI:32211	tetrangomycin	UGEKKXLEYACFTD-LJQANCHMSA-N	data/antibiotics/unspecified/tetrangomycin.yaml	b2e952207e6365502a39382d205d1c0c9c5a05436761c2f68f9bc4993fffea57	PENDING_DISCOVERY	0	0	0				0	0	0
CHEBI:66232	TMC-135A	DLJPEMIJOQUTRD-KLLBSFIHSA-N	data/antibiotics/unspecified/tmc-135a.yaml	21a2101a7dae1695af90057ce40b34aa16d55cc30bafb1cede6b694364d68ecf	PENDING_DISCOVERY	0	0	0				0	0	0
CHEBI:66233	TMC-135B	YIMYDHUFVYSTEY-WUWQZELJSA-N	data/antibiotics/unspecified/tmc-135b.yaml	fd8a65a0d59064e0c718e3740f239cfd12f06b57fb39501a0e69f89b6ea46847	PENDING_DISCOVERY	0	0	0				0	0	0
CHEBI:66234	TMC-1A	CCZRQXWCDVXNHR-GFLRHUPZSA-N	data/antibiotics/unspecified/tmc-1a.yaml	76b7b05914b5cf496706f47e0a3685afc9587ab50dacda5c7a290b929df0ddc0	PENDING_DISCOVERY	0	0	0				0	0	0
CHEBI:66235	TMC-1B	LTZQMADYCMVTKI-UVJPKDHBSA-N	data/antibiotics/unspecified/tmc-1b.yaml	421c8c0409f9d2958f8869d5d6689612e01e783b00a6da4072b19f2a9d9d4618	PENDING_DISCOVERY	0	0	0				0	0	0
CHEBI:66236	TMC-1C	WDPVYGCEBGDANZ-CXLBDHTJSA-N	data/antibiotics/unspecified/tmc-1c.yaml	2a1ede37472c8f2cbad24b309bb5029e1ccbbbbbae4efee2e14da271a3736132	PENDING_DISCOVERY	0	0	0				0	0	0
CHEBI:66237	TMC-1D	VAHXVYDDBKCOFD-NGQXCVFISA-N	data/antibiotics/unspecified/tmc-1d.yaml	113b6f85c4240bf65d09d336c296f046fdbf49dae78fd9112742e743bcc70088	PENDING_DISCOVERY	0	0	0				0	0	0
CHEBI:66238	TMC-52A	PRCZPOBZJVCPKL-GTPINHCMSA-N	data/antibiotics/unspecified/tmc-52a.yaml	4ef950161becc56e7f273f1590c3d85bf5eed322edf7ccd3ba490a64a144c2cc	PENDING_DISCOVERY	0	0	0				0	0	0
CHEBI:66239	TMC-52B	MQQOZPYNKMAOLT-GTPINHCMSA-N	data/antibiotics/unspecified/tmc-52b.yaml	afd513a641e228ff0a722bf57131ca36185625af4194a66dbb4683876fb8dc35	PENDING_DISCOVERY	0	0	0				0	0	0
CHEBI:66240	TMC-52C	LYAOVDVXUUARTK-GTPINHCMSA-N	data/antibiotics/unspecified/tmc-52c.yaml	d7a9bb0a78305fa6fe3b8d32dec9e0085e54f0302cd275218c2fd77dd1ea85d5	PENDING_DISCOVERY	0	0	0				0	0	0
CHEBI:66241	TMC-52D	VMUJCCBLIGGNAX-GTPINHCMSA-N	data/antibiotics/unspecified/tmc-52d.yaml	9f1c35308ac05fd935fbce0be4c9acf8b472f312376ace4c36f32714ee3175ca	PENDING_DISCOVERY	0	0	0				0	0	0
CHEBI:66242	TMC-86A	JVPIPRZCKOLWKU-BGMSHATGSA-N	data/antibiotics/unspecified/tmc-86a.yaml	1614f6d1cef97e6cccbd7ee868fd01f308ceff89f36b0ee84be7ac5f33539092	PENDING_DISCOVERY	0	0	0				0	0	0
CHEBI:66243	TMC-86B	UUYGJEDLSUBYHW-CHWWFWEZSA-N	data/antibiotics/unspecified/tmc-86b.yaml	f3c056d15d9b3adc83dad443802e255c74def0d923548a4c2b702ebec964d72b	PENDING_DISCOVERY	0	0	0				0	0	0
CHEBI:66281	TMC-89A	SCVCWUHUBWSKHS-CRHDNEEASA-N	data/antibiotics/unspecified/tmc-89a.yaml	45affffadd24f7bdaa5c06c8394b08f9f7085f14efa62063beac3f196f35dbea	PENDING_DISCOVERY	0	0	0				0	0	0
CHEBI:66282	TMC-89B	SCVCWUHUBWSKHS-VJUMYARRSA-N	data/antibiotics/unspecified/tmc-89b.yaml	a76313cf9316bf707c75ab4e5de3799592055a64a02a387ff210d66b38badfd0	PENDING_DISCOVERY	0	0	0				0	0	0
CHEBI:40322	TMC-95A	ZIAXNZCTODBCKW-BOYGTWLISA-N	data/antibiotics/unspecified/tmc-95a.yaml	231f5e89e665e046e9d73fa3826dc9aea0b0dcf928673301726328ccda188624	PENDING_DISCOVERY	0	0	0				0	0	0
CHEBI:66246	TMC-95B	ZIAXNZCTODBCKW-NKGUOCGVSA-N	data/antibiotics/unspecified/tmc-95b.yaml	6ee21af64eb4788795bdde40e35ff8a079fdad150aac3a780d0a4403345c01dc	PENDING_DISCOVERY	0	0	0				0	0	0
CHEBI:66247	TMC-95C	ZIAXNZCTODBCKW-QDRDEZGCSA-N	data/antibiotics/unspecified/tmc-95c.yaml	1f5f6d2f362c2d8332cf2499e041df344e4baf89875a2da35bcc7ae72bedf310	PENDING_DISCOVERY	0	0	0				0	0	0
CHEBI:66248	TMC-95D	ZIAXNZCTODBCKW-WYRJOJSMSA-N	data/antibiotics/unspecified/tmc-95d.yaml	8042937f15a5a34fd1a4423c8593970c57227aa3ac8344202afcdfce60fc18fe	PENDING_DISCOVERY	0	0	0				0	0	0
CHEBI:66244	TMC-96	CEWYDURMTVVVNH-QMOGDXDJSA-N	data/antibiotics/unspecified/tmc-96.yaml	8dd8e7a4264d850d037fad008e901ff2c70cca2127749c9e03e2942ed72638cc	PENDING_DISCOVERY	0	0	0				0	0	0
CHEBI:32248	tosufloxacin tosylate hydrate	SSULTCPIIYRGFQ-UHFFFAOYSA-N	data/antibiotics/unspecified/tosufloxacin-tosylate-hydrate.yaml	f1eaaa3c747a0a2f26d3f7a5f7ea10170622a560879578602d81ea641f069b84	PENDING_DISCOVERY	0	0	0				0	0	0
CHEBI:77605	tosufloxacin tosylate	CSSQVOKOWWIUCX-UHFFFAOYSA-N	data/antibiotics/unspecified/tosufloxacin-tosylate.yaml	963bab79932af1e7195f488e2b46c41d129d061dbb56b81168ef49a27b3271a0	PENDING_DISCOVERY	0	0	0				0	0	0
CHEBI:9683	trichlormethiazide	LMJSLTNSBFUCMU-UHFFFAOYSA-N	data/antibiotics/unspecified/trichlormethiazide.yaml	3618314be33e5d2a3465c9f37c7a6b8ca8df69f7f681abadd64e6140c239f18c	PENDING_DISCOVERY	0	0	0				0	0	0
CHEBI:39148	trichostatin B	WTWHYHPOGZUENL-KZKGWZQBSA-N	data/antibiotics/unspecified/trichostatin-b.yaml	c4d7568abba3cd4cae97d434f99b906605850f931b0d819034a1ad9883c3f6e2	PENDING_DISCOVERY	0	0	0				0	0	0
CHEBI:39147	trichostatin C	YECWTLGLNDDPGE-PIFXLSLCSA-N	data/antibiotics/unspecified/trichostatin-c.yaml	e160b2e79c57e0aad50bbb4315dbb4a8d7e9316b8769b384dfb33882f821b9e6	PENDING_DISCOVERY	0	0	0				0	0	0
CHEBI:39160	trichostatin D	YECWTLGLNDDPGE-YPBJGXFISA-N	data/antibiotics/unspecified/trichostatin-d.yaml	f2d6ece5ecdedc011ca6bc5abccc62012bd800f11606dc07a93348d474301c52	PENDING_DISCOVERY	0	0	0				0	0	0
CHEBI:66262	trierixin	JYAJEGBJMODZBK-GTRHLNJYSA-N	data/antibiotics/unspecified/trierixin.yaml	1fbe45079e93aa4c3ed9ef20023609efb04c940d464831942c9c4f47a6a06c37	PENDING_DISCOVERY	0	0	0				0	0	0
CHEBI:45735	troleandomycin	LQCLVBQBTUVCEQ-QTFUVMRISA-N	data/antibiotics/unspecified/troleandomycin.yaml	d4db3ad98634c2065cafb9eb4c934a798e96c5deecb68768a23e7a54d7c158b8	PENDING_DISCOVERY	0	0	0				0	0	0
CHEBI:142517	tschimganine	KTOAGBIQQPGNIR-WBHUJUFNSA-N	data/antibiotics/unspecified/tschimganine.yaml	95be2ce39e3feceb883a3f4ea2bbc91664ec846a2165ada8b978f976e2da49df	PENDING_DISCOVERY	0	0	0				0	0	0
CHEBI:64228	tunicamycin A0	FIIRBPHYBLFBSD-MZPZZZQLSA-N	data/antibiotics/unspecified/tunicamycin-a0.yaml	c71b97c1300101a7dc62fa12082a41eeb48e2238abf8632d0c5a312167c40196	PENDING_DISCOVERY	0	0	0				0	0	0
CHEBI:64245	tunicamycin A1	YJQCOFNZVFGCAF-LLXUUZRASA-N	data/antibiotics/unspecified/tunicamycin-a1.yaml	56a63302b4ca6af82dbc703d4bc1e99a8a9c6bd01ec48f3df5ad9ad1151fa37b	PENDING_DISCOVERY	0	0	0				0	0	0
CHEBI:64246	tunicamycin A2	MMDMXWRRAOLMDC-ZNZAGFTISA-N	data/antibiotics/unspecified/tunicamycin-a2.yaml	2fef7502ddd41ecb74df45e447dc6b1efa4ecbb7dfed29fda600bf3075aa39a0	PENDING_DISCOVERY	0	0	0				0	0	0
CHEBI:64248	tunicamycin B1	QYVMTFXNKNWWFX-YGTZKZKGSA-N	data/antibiotics/unspecified/tunicamycin-b1.yaml	62b4151afe7c630f630294f01b2e0280f11d3b18e5b74061f9689cca98d27c45	PENDING_DISCOVERY	0	0	0				0	0	0
CHEBI:64250	tunicamycin B2	MEYZYGMYMLNUHJ-DIRMKAHISA-N	data/antibiotics/unspecified/tunicamycin-b2.yaml	f6835c611fe8c2b2d14f8c31315fd0513c35509ac617c3f088bd1c1bf4b6dcae	PENDING_DISCOVERY	0	0	0				0	0	0
CHEBI:64255	tunicamycin B3	XAFNQFHOQPRGAK-KTVOANSYSA-N	data/antibiotics/unspecified/tunicamycin-b3.yaml	fe50003cedd6b1b6a300fc214223e30cbb13bc8f9e46e95cf51230852e39f433	PENDING_DISCOVERY	0	0	0				0	0	0
CHEBI:64256	tunicamycin C1	ZOCXUHJGZXXIGQ-NPXWYGMKSA-N	data/antibiotics/unspecified/tunicamycin-c1.yaml	86e06c8aff084999918c6e67c1fefcc8c2db3a5e157988a4ef44a03d27bd1cec	PENDING_DISCOVERY	0	0	0				0	0	0
CHEBI:64257	tunicamycin C2	NKDRZEIENXWUCE-VDIUWDQWSA-N	data/antibiotics/unspecified/tunicamycin-c2.yaml	1314c0f2f5c21a39a9bd864cc5dba3da48ab1223cfc18d851eb69247e8568c35	PENDING_DISCOVERY	0	0	0				0	0	0
CHEBI:64271	tunicamycin D1	DYGXSHBNTGWENQ-YTXMDVFISA-N	data/antibiotics/unspecified/tunicamycin-d1.yaml	2400af9acc2fa03042bb03c4b44328d504401ffd546b5d28a44c83f778159df0	PENDING_DISCOVERY	0	0	0				0	0	0
CHEBI:64272	tunicamycin D2	XCEPHNBEHQJSSB-LGJGITPNSA-N	data/antibiotics/unspecified/tunicamycin-d2.yaml	987b00917332b9d3edc928c6a1677d167a4a4da2f20f435bd69bb37d879da62b	PENDING_DISCOVERY	0	0	0				0	0	0
CHEBI:87401	UK 63052	VABRZWDEEDQLRD-VGGJGGOJSA-N	data/antibiotics/unspecified/uk-63052.yaml	d90c9c98fb76cbad6c4839ae1ce998e3278b62817651bf531563e2229c4915a2	PENDING_DISCOVERY	0	0	0				0	0	0
CHEBI:87399	UK 63598	HBQDLHJADJTNRK-LIXMYSHJSA-N	data/antibiotics/unspecified/uk-63598.yaml	e5d8a5f94ee1cfb1103535b9269e2bc9150a4d7c92419d7edea93eef06b031f6	PENDING_DISCOVERY	0	0	0				0	0	0
CHEBI:87400	UK 65662	HDMUZLQWDPUHND-PGKBBLNOSA-N	data/antibiotics/unspecified/uk-65662.yaml	b5915f748d26105884a454f3788dcdcec36da14dc3135df405c5d157d199007c	PENDING_DISCOVERY	0	0	0				0	0	0
CHEBI:32279	urdamycin A	FJSYXNOFZQFOAN-FXPMUEKOSA-N	data/antibiotics/unspecified/urdamycin-a.yaml	fb2815cb852c05756a9cba8189fd8eb42bac14a961d02ecb40ec72932bb7cdff	PENDING_DISCOVERY	0	0	0				0	0	0
CHEBI:133621	valanimycin	DTXMRELKPKEPSO-HJWRWDBZSA-N	data/antibiotics/unspecified/valanimycin.yaml	7475e3086e45c36727cde6c8faca62fca0b13a081c8151691fc9b2e7f77add4e	PENDING_DISCOVERY	0	0	0				0	0	0
CHEBI:47724	vancomycin aglycone	JHIKFOISFAQTJQ-YZANBJIASA-N	data/antibiotics/unspecified/vancomycin-aglycone.yaml	36ceeb8018a118fb49c5478347ec12fb8ca453346ed576661eb881d83ef76d1e	PENDING_DISCOVERY	0	0	0				0	0	0
CHEBI:230243	verrucarin A	NLUGUZJQJYVUHS-IDXDZYHTSA-N	data/antibiotics/unspecified/verrucarin-a.yaml	0dd4eaa28ef85d9ce3042f3520fc60597159482420b0298a04a939279cc6b202	PENDING_DISCOVERY	0	0	0				0	0	0
CHEBI:85616	viridicatumtoxin	SUWQGLGDFGHZNH-WBWZXODPSA-N	data/antibiotics/unspecified/viridicatumtoxin.yaml	cd09f74405606e46b19a6c96a26a893921fac2d6f8eacb5033dfdb09aa323574	PENDING_DISCOVERY	0	0	0				0	0	0
CHEBI:66494	YM-47141	RLFDHDLZRRLOSI-VFLTUTPWSA-N	data/antibiotics/unspecified/ym-47141.yaml	22607d200b8b11761430869c87ca5a63ebe0a8a9743a4415399978cbe3ae3c27	PENDING_DISCOVERY	0	0	0				0	0	0
CHEBI:66495	YM-47142	WDOYVAJHZHVZQI-KNFAUAPHSA-N	data/antibiotics/unspecified/ym-47142.yaml	55d4f697a5e2c37a8fc37b836077d7b3e56736d7f07d8c5f5d55f9e0e34766fd	PENDING_DISCOVERY	0	0	0				0	0	0
CHEBI:15660	(Z)-2-(2-furyl)-3-(5-nitro-2-furyl)acrylamide	LYAHJFZLDZDIOH-VURMDHGXSA-N	data/antibiotics/unspecified/z-2-2-furyl-3-5-nitro-2-furyl-acrylamide.yaml	e455774009f2343928d32a3273beea85c372a52440016d09c5f085adc3ae46ae	PENDING_DISCOVERY	0	0	0				0	0	0
CHEBI:67811	zorbamycin	UJKRUPHWCPAJIL-CPLCKGKLSA-N	data/antibiotics/unspecified/zorbamycin.yaml	257083ae607cf542b02ca48b2576e9b87ed89499e6f28575768473274755e51a	PENDING_DISCOVERY	0	0	0				0	0	0
CHEBI:67547	α-mangostin	GNRIZKKCNOBBMO-UHFFFAOYSA-N	data/antibiotics/unspecified/α-mangostin.yaml	aac0d6f3c7eeaed249731a16f21fdd1d1dd0df97c5439792558c91ca948bb3c9	PENDING_DISCOVERY	0	0	0				0	0	0
CHEBI:367	(+)-α-phellandrene	OGLDWXZKYODSOB-JTQLQIEISA-N	data/antibiotics/unspecified/α-phellandrene-367.yaml	a9014cdd1c6568addfec3345ceca5964b923e3cb6da1b01edad5c1db12d8620c	PENDING_DISCOVERY	0	0	0				0	0	0
CHEBI:50035	α-phellandrene	OGLDWXZKYODSOB-UHFFFAOYSA-N	data/antibiotics/unspecified/α-phellandrene-50035.yaml	72ecf193efd9d8762ab3d7e30fc6b815ba22d58efad51e2baed02c5df86b1c95	PENDING_DISCOVERY	0	0	0				0	0	0
CHEBI:301	(−)-α-phellandrene	OGLDWXZKYODSOB-SNVBAGLBSA-N	data/antibiotics/unspecified/α-phellandrene.yaml	6e8ef1606b9eb149d16b5f0981e7b806e62ef348e111f5b334f0f7d871b8fa7c	PENDING_DISCOVERY	0	0	0				0	0	0
CHEBI:65108	γ-L-glutamylbutirosin B	YGLNWHGPOZHVMV-BHZFYAMWSA-N	data/antibiotics/unspecified/γ-l-glutamylbutirosin-b.yaml	ff0c0adcc3aacd76820c240254a8c0c3efa26eb26c315246502d4b54d8c97afc	PENDING_DISCOVERY	0	0	0				0	0	0
CHEBI:75291	ε-rhodomycinone	PYFOXRACBORDCT-GOSXWKPOSA-N	data/antibiotics/unspecified/ε-rhodomycinone.yaml	4fa4493e25b255551c9ffd34e96523560295ad51436548635f6f5d0d66c43d16	PENDING_DISCOVERY	0	0	0				0	0	0
