queue	key	label	source	source_id	hint
review-readiness	CHEBI:63684	(+)-(11R,2'S)-erythro-mefloquine	CHEBI		MECHANISM_REVIEW: mechanism is absent; 0 source literature lead(s), 0 record evidence item(s), 0 target(s)
review-readiness	CHEBI:155904	(+)-albicanol	CHEBI	PMID:10959585|PMID:11440150|PMID:12130851|PMID:12350155|PMID:16913486	MECHANISM_REVIEW: mechanism is absent; 9 source literature lead(s), 0 record evidence item(s), 0 target(s)
review-readiness	CHEBI:32617	(+)-aplasmomycin	ARO+CHEBI	PMID:30089869	MECHANISM_REVIEW: mechanism is absent; 1 source literature lead(s), 0 record evidence item(s), 0 target(s)
review-readiness	CHEBI:223316	(+)-artemisinin	CHEBI	PMID:15330155|PMID:18008167|PMID:19090980|PMID:22174561|PMID:7877142	MECHANISM_REVIEW: mechanism is absent; 6 source literature lead(s), 0 record evidence item(s), 0 target(s)
review-readiness	CHEBI:15390	(+)-bisdechlorogeodin	CHEBI		MECHANISM_REVIEW: mechanism is absent; 0 source literature lead(s), 0 record evidence item(s), 0 target(s)
review-readiness	CHEBI:65552	(+)-calanolide A	CHEBI	PMID:10901131|PMID:12501127|PMID:14980631|PMID:15340243|PMID:9784162	MECHANISM_REVIEW: mechanism is source-seeded and not curator-checked; 5 source literature lead(s), 0 record evidence item(s), 0 target(s)
review-readiness	CHEBI:15399	(+)-carvone	CHEBI	PMID:11380545	MECHANISM_REVIEW: mechanism is absent; 1 source literature lead(s), 0 record evidence item(s), 0 target(s)
review-readiness	CHEBI:67246	(+)-lariciresinol	CHEBI	PMID:21138310|PMID:21679690|PMID:21973054|PMID:22218086|PMID:8262939	MECHANISM_REVIEW: mechanism is absent; 5 source literature lead(s), 0 record evidence item(s), 0 target(s)
review-readiness	CHEBI:67153	(+)-larreatricin	CHEBI	PMID:12960376	MECHANISM_REVIEW: mechanism is absent; 1 source literature lead(s), 0 record evidence item(s), 0 target(s)
review-readiness	CHEBI:66606	(+)-lyoniresinol-3-α-O-β-D-glucopyranoside	CHEBI	PMID:16212233|PMID:17226467	MECHANISM_REVIEW: mechanism is absent; 2 source literature lead(s), 0 record evidence item(s), 0 target(s)
review-readiness	CHEBI:68284	(+)-microdiplodiasone	CHEBI	PMID:21244021	MECHANISM_REVIEW: mechanism is absent; 1 source literature lead(s), 0 record evidence item(s), 0 target(s)
review-readiness	CHEBI:66701	(+)-N-(methoxycarbonyl)-N-norboldine	CHEBI	PMID:18991207	MECHANISM_REVIEW: mechanism is absent; 1 source literature lead(s), 0 record evidence item(s), 0 target(s)
review-readiness	CHEBI:72664	(+)-phytocassane A	CHEBI		MECHANISM_REVIEW: mechanism is absent; 0 source literature lead(s), 0 record evidence item(s), 0 target(s)
review-readiness	CHEBI:72666	(+)-phytocassane B	CHEBI		MECHANISM_REVIEW: mechanism is absent; 0 source literature lead(s), 0 record evidence item(s), 0 target(s)
review-readiness	CHEBI:72668	(+)-phytocassane C	CHEBI		MECHANISM_REVIEW: mechanism is absent; 0 source literature lead(s), 0 record evidence item(s), 0 target(s)
review-readiness	CHEBI:72669	(+)-phytocassane D	CHEBI		MECHANISM_REVIEW: mechanism is absent; 0 source literature lead(s), 0 record evidence item(s), 0 target(s)
review-readiness	CHEBI:72675	(+)-phytocassane E	CHEBI		MECHANISM_REVIEW: mechanism is absent; 0 source literature lead(s), 0 record evidence item(s), 0 target(s)
review-readiness	CHEBI:70576	(+)-pisiferic acid	CHEBI	PMID:20961093|PMID:26697686	MECHANISM_REVIEW: mechanism is absent; 2 source literature lead(s), 0 record evidence item(s), 0 target(s)
review-readiness	CHEBI:228234	(+)-trans-fustin	CHEBI		MECHANISM_REVIEW: mechanism is absent; 0 source literature lead(s), 0 record evidence item(s), 0 target(s)
review-readiness	CHEBI:38320	(+)-usnic acid	CHEBI		MECHANISM_REVIEW: mechanism is absent; 0 source literature lead(s), 0 record evidence item(s), 0 target(s)
review-readiness	CHEBI:80056	(+)-zwittermicin A	CHEBI	PMID:10464220|PMID:10521664|PMID:14711631|PMID:15281929|PMID:17225146	MECHANISM_REVIEW: mechanism is absent; 10 source literature lead(s), 0 record evidence item(s), 0 target(s)
review-readiness	CHEBI:367	(+)-α-phellandrene	CHEBI		MECHANISM_REVIEW: mechanism is absent; 0 source literature lead(s), 0 record evidence item(s), 0 target(s)
review-readiness	CHEBI:91218	(10E,15Z)-9,12,13-trihydroxy-10,15-octadecadienoic acid	CHEBI	PMID:15668923|PMID:19731587|PMID:25457500|PMID:9658577	MECHANISM_REVIEW: mechanism is absent; 4 source literature lead(s), 0 record evidence item(s), 0 target(s)
review-readiness	CHEBI:31058	(13R)-13-dihydrocarminomycin	CHEBI	PMID:1037188|PMID:623453|PMID:6889513|PMID:7083181|PMID:7181464	MECHANISM_REVIEW: mechanism is absent; 7 source literature lead(s), 0 record evidence item(s), 0 target(s)
review-readiness	CHEBI:138224	(13R)-epi-8,13-epoxylabd-14-ene	CHEBI	PMID:11301869|PMID:12443786|PMID:15564689|PMID:17236091|PMID:26077765	MECHANISM_REVIEW: mechanism is absent; 6 source literature lead(s), 0 record evidence item(s), 0 target(s)
review-readiness	CHEBI:31031	(13S)-13-dihydrodaunorubicin	CHEBI		MECHANISM_REVIEW: mechanism is absent; 0 source literature lead(s), 0 record evidence item(s), 0 target(s)
review-readiness	CHEBI:70508	(16R,19E)-isositsirikine	CHEBI	PMID:17340304|PMID:21043460|PMID:28827772|PMID:29511102|PMID:33477682	MECHANISM_REVIEW: mechanism is absent; 7 source literature lead(s), 0 record evidence item(s), 0 target(s)
review-readiness	CHEBI:62247	(1R,2S)-epoxypropylphosphonate(1−)	CHEBI	PMID:18656958	MECHANISM_REVIEW: mechanism is absent; 1 source literature lead(s), 0 record evidence item(s), 0 target(s)
review-readiness	CHEBI:141296	(1R,4R,5R,8S)-8-hydroxy-4,8-dimethyl-2-oxabicyclo[3.3.1]nonan-3-one	CHEBI	PMID:27448166	MECHANISM_REVIEW: mechanism is absent; 1 source literature lead(s), 0 record evidence item(s), 0 target(s)
review-readiness	CHEBI:66035	(1R,4S)-1-hydroperoxy-p-menth-2-en-8-ol acetate	CHEBI	PMID:12419922	MECHANISM_REVIEW: mechanism is absent; 1 source literature lead(s), 0 record evidence item(s), 0 target(s)
review-readiness	CHEBI:47351	(1S,3R)-2,2-dichloro-N-[(1R)-1-(4-chlorophenyl)ethyl]-1-ethyl-3-methylcyclopropanecarboxamide	CHEBI		MECHANISM_REVIEW: mechanism is absent; 0 source literature lead(s), 0 record evidence item(s), 0 target(s)
review-readiness	CHEBI:65905	(1S,3S,4R,7S,8S,11S,12S,13S,15R,20R)-7-formamido-20-isocyanoisocycloamphilectane	CHEBI	PMID:19199790	MECHANISM_REVIEW: mechanism is absent; 1 source literature lead(s), 0 record evidence item(s), 0 target(s)
review-readiness	CHEBI:42680	(2-cis,6-cis)-farnesol	CHEBI		MECHANISM_REVIEW: mechanism is absent; 0 source literature lead(s), 0 record evidence item(s), 0 target(s)
review-readiness	CHEBI:16774	(2-cis,6-trans)-farnesol	CHEBI		MECHANISM_REVIEW: mechanism is absent; 0 source literature lead(s), 0 record evidence item(s), 0 target(s)
review-readiness	CHEBI:35966	(2-trans,6-cis)-farnesol	CHEBI		MECHANISM_REVIEW: mechanism is absent; 0 source literature lead(s), 0 record evidence item(s), 0 target(s)
review-readiness	CHEBI:16619	(2-trans,6-trans)-farnesol	CHEBI		MECHANISM_REVIEW: mechanism is absent; 0 source literature lead(s), 0 record evidence item(s), 0 target(s)
review-readiness	CHEBI:28913	(2E)-hexenal	CHEBI	PMID:21548650|PMID:22177713|PMID:22417509|PMID:22420267|PMID:22978292	MECHANISM_REVIEW: mechanism is absent; 10 source literature lead(s), 0 record evidence item(s), 0 target(s)
review-readiness	CHEBI:65995	(2E,6Z)-13-hydroxy-1-(2-hydroxy-5-methoxy-3-methylphenyl)-3,7,11,15-tetramethylhexadeca-2,6,14-triene-5,12-dione	CHEBI	PMID:18529079	MECHANISM_REVIEW: mechanism is absent; 1 source literature lead(s), 0 record evidence item(s), 0 target(s)
review-readiness	CHEBI:141292	(2R)-2-[(1R)-4-methylcyclohex-3-en-1-yl]propanoic acid	CHEBI	PMID:27448166	MECHANISM_REVIEW: mechanism is absent; 1 source literature lead(s), 0 record evidence item(s), 0 target(s)
review-readiness	CHEBI:83301	(2R,6R)-4-dodecyl-2,6-dimethylmorpholine	CHEBI		MECHANISM_REVIEW: mechanism is absent; 0 source literature lead(s), 0 record evidence item(s), 0 target(s)
review-readiness	CHEBI:67371	(2S)-2'-hydroxydemethoxymatteucinol	CHEBI	PMID:21542597	MECHANISM_REVIEW: mechanism is absent; 1 source literature lead(s), 0 record evidence item(s), 0 target(s)
review-readiness	CHEBI:70654	(2S)-2,7-dihydroxy-5-methoxy-6,8-dimethylflavanone	CHEBI	PMID:20886838	MECHANISM_REVIEW: mechanism is source-seeded and not curator-checked; 1 source literature lead(s), 0 record evidence item(s), 0 target(s)
review-readiness	CHEBI:70664	(2S)-5,7-dihydroxy-6,8-dimethylflavanone	CHEBI	PMID:20886838	MECHANISM_REVIEW: mechanism is source-seeded and not curator-checked; 1 source literature lead(s), 0 record evidence item(s), 0 target(s)
review-readiness	CHEBI:70660	(2S)-6-formyl-8-methyl-7-O-methylpinocembrin	CHEBI	PMID:20886838	MECHANISM_REVIEW: mechanism is source-seeded and not curator-checked; 1 source literature lead(s), 0 record evidence item(s), 0 target(s)
review-readiness	CHEBI:70661	(2S)-8-formyl-5-hydroxy-7-methoxy-6-methylflavanone	CHEBI	PMID:20886838	MECHANISM_REVIEW: mechanism is source-seeded and not curator-checked; 1 source literature lead(s), 0 record evidence item(s), 0 target(s)
review-readiness	CHEBI:70653	(2S,3S)-3,5,7-trihydroxy-6,8-dimethylflavanone	CHEBI	PMID:20886838	MECHANISM_REVIEW: mechanism is source-seeded and not curator-checked; 1 source literature lead(s), 0 record evidence item(s), 0 target(s)
review-readiness	CHEBI:83300	(2S,6S)-4-dodecyl-2,6-dimethylmorpholine	CHEBI		MECHANISM_REVIEW: mechanism is absent; 0 source literature lead(s), 0 record evidence item(s), 0 target(s)
review-readiness	CHEBI:66698	(3R,4R)-(−)-6-methoxy-1-oxo-3-n-pentyl-3,4-dihydro-1H-isochromen-4-yl-acetate	CHEBI	PMID:17870137	MECHANISM_REVIEW: mechanism is absent; 1 source literature lead(s), 0 record evidence item(s), 0 target(s)
review-readiness	CHEBI:176336	(3R,6Z)-nerolidol	CHEBI	PMID:1602301	MECHANISM_REVIEW: mechanism is absent; 1 source literature lead(s), 0 record evidence item(s), 0 target(s)
review-readiness	CHEBI:176337	(3S,6Z)-nerolidol	CHEBI		MECHANISM_REVIEW: mechanism is absent; 0 source literature lead(s), 0 record evidence item(s), 0 target(s)
review-readiness	CHEBI:66291	(3Z)-ravenic acid	CHEBI	PMID:12350167|PMID:20066698	MECHANISM_REVIEW: mechanism is absent; 2 source literature lead(s), 0 record evidence item(s), 0 target(s)
review-readiness	CHEBI:42082	(4R,5S,6S,7R)-4,7-dibenzyl-5,6-dihydroxy-1,3-bis[4-(hydroxymethyl)benzyl]-1,3-diazepan-2-one	CHEBI		MECHANISM_REVIEW: mechanism is absent; 0 source literature lead(s), 0 record evidence item(s), 0 target(s)
review-readiness	CHEBI:66027	(5R)-5-hydroxy-7-(4''-hydroxy-3''-methoxyphenyl)-1-phenyl-3-heptanone	CHEBI	PMID:20091245|PMID:731398	MECHANISM_REVIEW: mechanism is source-seeded and not curator-checked; 2 source literature lead(s), 0 record evidence item(s), 0 target(s)
review-readiness	CHEBI:173119	(6Z)-nerolidol	CHEBI	PMID:18266156|PMID:18640201|PMID:21240765|PMID:23294484|PMID:23586988	MECHANISM_REVIEW: mechanism is absent; 10 source literature lead(s), 0 record evidence item(s), 0 target(s)
review-readiness	CHEBI:41425	(7R)-7-(4-carboxybutanamido)cephalosporanic acid	CHEBI		MECHANISM_REVIEW: mechanism is absent; 0 source literature lead(s), 0 record evidence item(s), 0 target(s)
review-readiness	CHEBI:15838	(7R)-7-(5-carboxy-5-oxopentanamido)cephalosporanic acid	CHEBI		MECHANISM_REVIEW: mechanism is absent; 0 source literature lead(s), 0 record evidence item(s), 0 target(s)
review-readiness	CHEBI:66586	(7Z)-lobohedleolide	CHEBI	PMID:10785433	MECHANISM_REVIEW: mechanism is absent; 1 source literature lead(s), 0 record evidence item(s), 0 target(s)
review-readiness	CHEBI:73708	(9S)-erythromycyclamine	CHEBI		MECHANISM_REVIEW: mechanism is absent; 0 source literature lead(s), 0 record evidence item(s), 0 target(s)
review-readiness	CHEBI:84328	(9Z)-heptadecenoic acid	CHEBI	PMID:11157268|PMID:14263140|PMID:1854634	MECHANISM_REVIEW: mechanism is absent; 3 source literature lead(s), 0 record evidence item(s), 0 target(s)
review-readiness	CHEBI:65768	(9Z,12Z,15Z)-octadeca-9,12,15-trien-6-ynoic acid	CHEBI	PMID:1632297|PMID:1636161|PMID:21604791|PMID:8377015	MECHANISM_REVIEW: mechanism is absent; 4 source literature lead(s), 0 record evidence item(s), 0 target(s)
review-readiness	CHEBI:77474	(9Z,12Z,15Z)-octadecatrien-1-ol	CHEBI	PMID:16186620|PMID:21338674|PMID:6508262|PMID:6763859	MECHANISM_REVIEW: mechanism is absent; 4 source literature lead(s), 0 record evidence item(s), 0 target(s)
review-readiness	CHEBI:228372	(9ξ,14ξ,25S)-cholestane-3β,4β,6β,7α,8,15α,16β,26-octol	CHEBI		MECHANISM_REVIEW: mechanism is absent; 0 source literature lead(s), 0 record evidence item(s), 0 target(s)
review-readiness	CHEBI:70401	(E)-1-(2,3-dihydro-1H-pyrrol-1-yl)-2-methyldec-8-ene-1,3-dione	CHEBI	PMID:21053938	MECHANISM_REVIEW: mechanism is absent; 1 source literature lead(s), 0 record evidence item(s), 0 target(s)
review-readiness	CHEBI:137441	(E)-1-hydroxy-2-(non-1-en-1-yl)quinolin-4-one	CHEBI	PMID:15144975|PMID:28523838	MECHANISM_REVIEW: mechanism is absent; 2 source literature lead(s), 0 record evidence item(s), 0 target(s)
review-readiness	CHEBI:167669	(E)-2-[[[4-(2-chlorophenyl)-1,3-thiazol-2-yl]hydrazinylidene]methyl]benzoic acid	CHEBI	PMID:32754890	MECHANISM_REVIEW: mechanism is absent; 1 source literature lead(s), 0 record evidence item(s), 0 target(s)
review-readiness	CHEBI:70655	(E)-4,2',4'-trihydroxy-6'-methoxy-3',5'-dimethylchalcone	CHEBI	PMID:20886838	MECHANISM_REVIEW: mechanism is source-seeded and not curator-checked; 1 source literature lead(s), 0 record evidence item(s), 0 target(s)
review-readiness	CHEBI:16731	(E)-cinnamaldehyde	CHEBI	PMID:11975643|PMID:17140783|PMID:17662960|PMID:18218683|PMID:19845671	MECHANISM_REVIEW: mechanism is absent; 10 source literature lead(s), 0 record evidence item(s), 0 target(s)
review-readiness	CHEBI:133741	(E)-dodec-2-enal	CHEBI	PMID:14194100|PMID:15012807|PMID:15161192|PMID:15612802|PMID:21062639	MECHANISM_REVIEW: mechanism is absent; 10 source literature lead(s), 0 record evidence item(s), 0 target(s)
review-readiness	CHEBI:61748	(E)-oct-2-enal	CHEBI	PMID:19323756|PMID:20643751|PMID:20736172|PMID:33167323|PMID:35489259	MECHANISM_REVIEW: mechanism is absent; 7 source literature lead(s), 0 record evidence item(s), 0 target(s)
review-readiness	CHEBI:48935	(E)-roxithromycin	CHEBI	PMID:12575424|PMID:24462419	MECHANISM_REVIEW: mechanism is absent; 2 source literature lead(s), 0 record evidence item(s), 0 target(s)
review-readiness	CHEBI:27949	(E)-sinapaldehyde	CHEBI	PMID:21080014|PMID:22034160|PMID:22466741|PMID:23561163|PMID:28878036	MECHANISM_REVIEW: mechanism is absent; 5 source literature lead(s), 0 record evidence item(s), 0 target(s)
review-readiness	CHEBI:167317	(E)-tomaymycin	CHEBI	PMID:6833147	MECHANISM_REVIEW: mechanism is absent; 1 source literature lead(s), 0 record evidence item(s), 0 target(s)
review-readiness	CHEBI:80830	(E,E)-germacrone	CHEBI	PMID:24095670|PMID:26997613|PMID:27178541|PMID:28148897|PMID:29138518	MECHANISM_REVIEW: mechanism is absent; 10 source literature lead(s), 0 record evidence item(s), 0 target(s)
review-readiness	CHEBI:46762	(E,E,E)-geranylgeraniol	CHEBI		MECHANISM_REVIEW: mechanism is absent; 0 source literature lead(s), 0 record evidence item(s), 0 target(s)
review-readiness	CHEBI:146007	(M)-viriditoxin	CHEBI	PMID:21413107|PMID:23049144|PMID:25231051|PMID:29037949|PMID:31045362	MECHANISM_REVIEW: mechanism is absent; 6 source literature lead(s), 0 record evidence item(s), 0 target(s)
review-readiness	CHEBI:299	(R)-(+)-citronellal	CHEBI		MECHANISM_REVIEW: mechanism is absent; 0 source literature lead(s), 0 record evidence item(s), 0 target(s)
review-readiness	CHEBI:141345	(R)-3-hydroxybutanenitrile	CHEBI		MECHANISM_REVIEW: mechanism is absent; 0 source literature lead(s), 0 record evidence item(s), 0 target(s)
review-readiness	CHEBI:66703	(R)-4''-methoxydalbergione	CHEBI	PMID:14640516	MECHANISM_REVIEW: mechanism is absent; 1 source literature lead(s), 0 record evidence item(s), 0 target(s)
review-readiness	CHEBI:134543	(R)-4-hydroxy-1-methyl-L-proline	CHEBI	PMID:11199132|PMID:12903959|PMID:16425210|PMID:22071447|PMID:26427611	MECHANISM_REVIEW: mechanism is absent; 5 source literature lead(s), 0 record evidence item(s), 0 target(s)
review-readiness	CHEBI:65537	(R)-7-butyl-6,8-dihydroxy-3-[(3E)-pent-3-en-1-yl]-3,4-dihydroisochromen-1-one	CHEBI	PMID:12762815	MECHANISM_REVIEW: mechanism is absent; 1 source literature lead(s), 0 record evidence item(s), 0 target(s)
review-readiness	CHEBI:59301	(R)-bromazine	CHEBI		MECHANISM_REVIEW: mechanism is absent; 0 source literature lead(s), 0 record evidence item(s), 0 target(s)
review-readiness	CHEBI:59304	(R)-bromazine hydrochloride	CHEBI		MECHANISM_REVIEW: mechanism is absent; 0 source literature lead(s), 0 record evidence item(s), 0 target(s)
review-readiness	CHEBI:59287	(R)-butaconazole	CHEBI		MECHANISM_REVIEW: mechanism is source-seeded and not curator-checked; 0 source literature lead(s), 0 record evidence item(s), 0 target(s)
review-readiness	CHEBI:59289	(R)-butoconazole nitrate	CHEBI		MECHANISM_REVIEW: mechanism is source-seeded and not curator-checked; 0 source literature lead(s), 0 record evidence item(s), 0 target(s)
review-readiness	CHEBI:48811	(R)-chloroquine	CHEBI		MECHANISM_REVIEW: mechanism is absent; 0 source literature lead(s), 0 record evidence item(s), 0 target(s)
review-readiness	CHEBI:59479	(R)-chlorphenesin	CHEBI		MECHANISM_REVIEW: mechanism is absent; 0 source literature lead(s), 0 record evidence item(s), 0 target(s)
review-readiness	CHEBI:85273	(R)-flumequine	CHEBI		MECHANISM_REVIEW: mechanism is absent; 0 source literature lead(s), 0 record evidence item(s), 0 target(s)
review-readiness	CHEBI:145868	(R)-fluoxapiprolin	CHEBI		MECHANISM_REVIEW: mechanism is absent; 0 source literature lead(s), 0 record evidence item(s), 0 target(s)
review-readiness	CHEBI:53560	(R)-gatifloxacin	CHEBI		MECHANISM_REVIEW: mechanism is source-seeded and not curator-checked; 0 source literature lead(s), 0 record evidence item(s), 0 target(s)
review-readiness	CHEBI:183228	(R)-goitrin	CHEBI	PMID:11170613|PMID:17401984|PMID:19160787|PMID:23901642|PMID:25345127	MECHANISM_REVIEW: mechanism is absent; 10 source literature lead(s), 0 record evidence item(s), 0 target(s)
review-readiness	CHEBI:131752	(R)-iclaprim	CHEBI	PMID:19622858	MECHANISM_REVIEW: mechanism is source-seeded and not curator-checked; 1 source literature lead(s), 0 record evidence item(s), 0 target(s)
review-readiness	CHEBI:28	(R)-linalool	CHEBI	PMID:18579302	MECHANISM_REVIEW: mechanism is absent; 1 source literature lead(s), 0 record evidence item(s), 0 target(s)
review-readiness	CHEBI:17656	(R)-mandelic acid	CHEBI	PMID:11196078	MECHANISM_REVIEW: mechanism is absent; 1 source literature lead(s), 0 record evidence item(s), 0 target(s)
review-readiness	CHEBI:67373	(R)-N-trans-feruloyloctopamine	CHEBI	PMID:21542597	MECHANISM_REVIEW: mechanism is absent; 1 source literature lead(s), 0 record evidence item(s), 0 target(s)
review-readiness	CHEBI:37907	(R)-nadifloxacin	CHEBI		MECHANISM_REVIEW: mechanism is absent; 0 source literature lead(s), 0 record evidence item(s), 0 target(s)
review-readiness	CHEBI:39932	(R)-oct-1-en-3-ol	CHEBI	PMID:11114310|PMID:19238325|PMID:26126831|PMID:26581402|PMID:28018630	MECHANISM_REVIEW: mechanism is absent; 8 source literature lead(s), 0 record evidence item(s), 0 target(s)
review-readiness	CHEBI:49845	(R)-quinacrine	CHEBI		MECHANISM_REVIEW: mechanism is absent; 0 source literature lead(s), 0 record evidence item(s), 0 target(s)
review-readiness	CHEBI:77794	(R)-temafloxacin	CHEBI	PMID:1846917	MECHANISM_REVIEW: mechanism is source-seeded and not curator-checked; 1 source literature lead(s), 0 record evidence item(s), 0 target(s)
review-readiness	CHEBI:77584	(R)-tosufloxacin	CHEBI		MECHANISM_REVIEW: mechanism is absent; 0 source literature lead(s), 0 record evidence item(s), 0 target(s)
review-readiness	CHEBI:18145	(R,R,R)-α-tocopherol	CHEBI	PMID:11427352|PMID:12899840|PMID:14657365|PMID:16512933|PMID:17031012	MECHANISM_REVIEW: mechanism is absent; 10 source literature lead(s), 0 record evidence item(s), 0 target(s)
review-readiness	CHEBI:368	(S)-(−)-citronellal	CHEBI		MECHANISM_REVIEW: mechanism is absent; 0 source literature lead(s), 0 record evidence item(s), 0 target(s)
review-readiness	CHEBI:70482	(S)-1'-methylbutyl caffeate	CHEBI	PMID:20954722	MECHANISM_REVIEW: mechanism is absent; 1 source literature lead(s), 0 record evidence item(s), 0 target(s)
review-readiness	CHEBI:70484	(S)-1'-methyloctyl caffeate	CHEBI	PMID:20954722	MECHANISM_REVIEW: mechanism is absent; 1 source literature lead(s), 0 record evidence item(s), 0 target(s)
review-readiness	CHEBI:59302	(S)-bromazine	CHEBI		MECHANISM_REVIEW: mechanism is absent; 0 source literature lead(s), 0 record evidence item(s), 0 target(s)
review-readiness	CHEBI:59305	(S)-bromazine hydrochloride	CHEBI		MECHANISM_REVIEW: mechanism is absent; 0 source literature lead(s), 0 record evidence item(s), 0 target(s)
review-readiness	CHEBI:59288	(S)-butoconazole	CHEBI		MECHANISM_REVIEW: mechanism is source-seeded and not curator-checked; 0 source literature lead(s), 0 record evidence item(s), 0 target(s)
review-readiness	CHEBI:59290	(S)-butoconazole nitrate	CHEBI		MECHANISM_REVIEW: mechanism is source-seeded and not curator-checked; 0 source literature lead(s), 0 record evidence item(s), 0 target(s)
review-readiness	CHEBI:39254	(S)-chloroquine	CHEBI		MECHANISM_REVIEW: mechanism is absent; 0 source literature lead(s), 0 record evidence item(s), 0 target(s)
review-readiness	CHEBI:59480	(S)-chlorphenesin	CHEBI		MECHANISM_REVIEW: mechanism is absent; 0 source literature lead(s), 0 record evidence item(s), 0 target(s)
review-readiness	CHEBI:106738	(S)-famoxadone	CHEBI	PMID:10843216	MECHANISM_REVIEW: mechanism is source-seeded and not curator-checked; 1 source literature lead(s), 0 record evidence item(s), 0 target(s)
review-readiness	CHEBI:85272	(S)-flumequine	CHEBI		MECHANISM_REVIEW: mechanism is absent; 0 source literature lead(s), 0 record evidence item(s), 0 target(s)
review-readiness	CHEBI:145869	(S)-fluoxapiprolin	CHEBI		MECHANISM_REVIEW: mechanism is absent; 0 source literature lead(s), 0 record evidence item(s), 0 target(s)
review-readiness	CHEBI:53562	(S)-gatifloxacin	CHEBI		MECHANISM_REVIEW: mechanism is source-seeded and not curator-checked; 0 source literature lead(s), 0 record evidence item(s), 0 target(s)
review-readiness	CHEBI:5373	(S)-glaucine	CHEBI	PMID:23194502|PMID:23303745|PMID:23988488|PMID:24317429|PMID:24897106	MECHANISM_REVIEW: mechanism is absent; 10 source literature lead(s), 0 record evidence item(s), 0 target(s)
review-readiness	CHEBI:80751	(S)-goitrin	CHEBI	PMID:20551074|PMID:22023255|PMID:26946249|PMID:27022502|PMID:28894621	MECHANISM_REVIEW: mechanism is absent; 10 source literature lead(s), 0 record evidence item(s), 0 target(s)
review-readiness	CHEBI:131753	(S)-iclaprim	CHEBI	PMID:19622858	MECHANISM_REVIEW: mechanism is source-seeded and not curator-checked; 1 source literature lead(s), 0 record evidence item(s), 0 target(s)
review-readiness	CHEBI:98	(S)-linalool	CHEBI		MECHANISM_REVIEW: mechanism is absent; 0 source literature lead(s), 0 record evidence item(s), 0 target(s)
review-readiness	CHEBI:32800	(S)-mandelic acid	CHEBI		MECHANISM_REVIEW: mechanism is absent; 0 source literature lead(s), 0 record evidence item(s), 0 target(s)
review-readiness	CHEBI:37908	(S)-nadifloxacin	ARO+CHEBI	PMID:31920285	MECHANISM_REVIEW: mechanism is absent; 1 source literature lead(s), 0 record evidence item(s), 0 target(s)
review-readiness	CHEBI:46735	(S)-oct-1-en-3-ol	CHEBI	PMID:26126831|PMID:26543554|PMID:30923972|PMID:34023691	MECHANISM_REVIEW: mechanism is absent; 4 source literature lead(s), 0 record evidence item(s), 0 target(s)
review-readiness	CHEBI:37597	(S)-quinacrine	CHEBI		MECHANISM_REVIEW: mechanism is absent; 0 source literature lead(s), 0 record evidence item(s), 0 target(s)
review-readiness	CHEBI:77795	(S)-temafloxacin	CHEBI	PMID:1846917	MECHANISM_REVIEW: mechanism is source-seeded and not curator-checked; 1 source literature lead(s), 0 record evidence item(s), 0 target(s)
review-readiness	CHEBI:77582	(S)-tosufloxacin	CHEBI		MECHANISM_REVIEW: mechanism is absent; 0 source literature lead(s), 0 record evidence item(s), 0 target(s)
review-readiness	CHEBI:15660	(Z)-2-(2-furyl)-3-(5-nitro-2-furyl)acrylamide	CHEBI		MECHANISM_REVIEW: mechanism is absent; 0 source literature lead(s), 0 record evidence item(s), 0 target(s)
review-readiness	CHEBI:83427	(Z)-dimethomorph	CHEBI	PMID:12033804|PMID:20623489|PMID:22902184|PMID:23496017	MECHANISM_REVIEW: mechanism is absent; 4 source literature lead(s), 0 record evidence item(s), 0 target(s)
review-readiness	CHEBI:32109	(Z)-roxithromycin	CHEBI		MECHANISM_REVIEW: mechanism is absent; 0 source literature lead(s), 0 record evidence item(s), 0 target(s)
review-readiness	CHEBI:167318	(Z)-tomaymycin	CHEBI	PMID:6833147	MECHANISM_REVIEW: mechanism is absent; 1 source literature lead(s), 0 record evidence item(s), 0 target(s)
review-readiness	CHEBI:18822	(Z,Z,Z)-geranylgeraniol	CHEBI		MECHANISM_REVIEW: mechanism is absent; 0 source literature lead(s), 0 record evidence item(s), 0 target(s)
review-readiness	CHEBI:68935	(±)-chartaceone C	CHEBI	PMID:22050318	MECHANISM_REVIEW: mechanism is absent; 1 source literature lead(s), 0 record evidence item(s), 0 target(s)
review-readiness	CHEBI:68936	(±)-chartaceone D	CHEBI	PMID:22050318	MECHANISM_REVIEW: mechanism is absent; 1 source literature lead(s), 0 record evidence item(s), 0 target(s)
review-readiness	CHEBI:68937	(±)-chartaceone E	CHEBI	PMID:22050318	MECHANISM_REVIEW: mechanism is absent; 1 source literature lead(s), 0 record evidence item(s), 0 target(s)
review-readiness	CHEBI:68938	(±)-chartaceone F	CHEBI	PMID:22050318	MECHANISM_REVIEW: mechanism is absent; 1 source literature lead(s), 0 record evidence item(s), 0 target(s)
review-readiness	CHEBI:63687	(−)-(11S,2'R)-erythro-mefloquine	CHEBI		MECHANISM_REVIEW: mechanism is absent; 0 source literature lead(s), 0 record evidence item(s), 0 target(s)
review-readiness	CHEBI:338412	(−)-anisomycin	CHEBI	PMID:16005213|PMID:22004851|PMID:23192275|PMID:23525555|PMID:23582782	MECHANISM_REVIEW: mechanism is source-seeded and not curator-checked; 7 source literature lead(s), 0 record evidence item(s), 0 target(s)
review-readiness	CHEBI:76	(−)-annonaine	CHEBI	PMID:18305432|PMID:20826204|PMID:21361287|PMID:22101086	MECHANISM_REVIEW: mechanism is absent; 4 source literature lead(s), 0 record evidence item(s), 0 target(s)
review-readiness	CHEBI:143911	(−)-antofine	CHEBI	PMID:12350151|PMID:12868894|PMID:17049857|PMID:20151387|PMID:21739223	MECHANISM_REVIEW: mechanism is absent; 10 source literature lead(s), 0 record evidence item(s), 0 target(s)
review-readiness	CHEBI:15391	(−)-bisdechlorogeodin	CHEBI		MECHANISM_REVIEW: mechanism is absent; 0 source literature lead(s), 0 record evidence item(s), 0 target(s)
review-readiness	CHEBI:65553	(−)-calanolide B	CHEBI	PMID:10428899|PMID:11142630|PMID:15340243|PMID:9784162|PMID:9934455	MECHANISM_REVIEW: mechanism is source-seeded and not curator-checked; 5 source literature lead(s), 0 record evidence item(s), 0 target(s)
review-readiness	CHEBI:421843	(−)-carbovir	CHEBI	PMID:15887959|PMID:17373782|PMID:18549801	MECHANISM_REVIEW: mechanism is source-seeded and not curator-checked; 3 source literature lead(s), 0 record evidence item(s), 0 target(s)
review-readiness	CHEBI:15400	(−)-carvone	CHEBI	PMID:11380545	MECHANISM_REVIEW: mechanism is absent; 1 source literature lead(s), 0 record evidence item(s), 0 target(s)
review-readiness	CHEBI:79391	(−)-chuangxinmycin	CHEBI	PMID:11558613|PMID:12372526|PMID:22500807|PMID:2800539|PMID:327539	MECHANISM_REVIEW: mechanism is absent; 9 source literature lead(s), 0 record evidence item(s), 0 target(s)
review-readiness	CHEBI:3887	(−)-coronaridine	CHEBI	PMID:11302794|PMID:12069962|PMID:1211783|PMID:14122038|PMID:17265301	MECHANISM_REVIEW: mechanism is absent; 10 source literature lead(s), 0 record evidence item(s), 0 target(s)
review-readiness	CHEBI:65684	(−)-cubebin	CHEBI	PMID:15467205|PMID:17053932|PMID:17236178|PMID:21385598|PMID:21941916	MECHANISM_REVIEW: mechanism is absent; 5 source literature lead(s), 0 record evidence item(s), 0 target(s)
review-readiness	CHEBI:68289	(−)-gynuraone	CHEBI	PMID:21244021	MECHANISM_REVIEW: mechanism is absent; 1 source literature lead(s), 0 record evidence item(s), 0 target(s)
review-readiness	CHEBI:66678	(−)-marinopyrrole A	CHEBI	PMID:18205372|PMID:19673475|PMID:21499535|PMID:21502631|PMID:22311987	MECHANISM_REVIEW: mechanism is absent; 6 source literature lead(s), 0 record evidence item(s), 0 target(s)
review-readiness	CHEBI:66679	(−)-marinopyrrole B	CHEBI	PMID:18205372|PMID:20405892	MECHANISM_REVIEW: mechanism is absent; 2 source literature lead(s), 0 record evidence item(s), 0 target(s)
review-readiness	CHEBI:68285	(−)-microdiplodiasolol	CHEBI	PMID:21244021	MECHANISM_REVIEW: mechanism is absent; 1 source literature lead(s), 0 record evidence item(s), 0 target(s)
review-readiness	CHEBI:68699	(−)-rotiorin	CHEBI	PMID:16792406	MECHANISM_REVIEW: mechanism is absent; 1 source literature lead(s), 0 record evidence item(s), 0 target(s)
review-readiness	CHEBI:228235	(−)-trans-fustin	CHEBI		MECHANISM_REVIEW: mechanism is absent; 0 source literature lead(s), 0 record evidence item(s), 0 target(s)
review-readiness	CHEBI:122	(−)-usnic acid	CHEBI		MECHANISM_REVIEW: mechanism is absent; 0 source literature lead(s), 0 record evidence item(s), 0 target(s)
review-readiness	CHEBI:70507	(−)-vincadifformine	CHEBI	PMID:13900664|PMID:13935801|PMID:13943964|PMID:21043460|PMID:21753848	MECHANISM_REVIEW: mechanism is absent; 9 source literature lead(s), 0 record evidence item(s), 0 target(s)
review-readiness	CHEBI:61699	(−)-α-gurjunene	CHEBI	PMID:10190971|PMID:19731610|PMID:23365607|PMID:24371539	MECHANISM_REVIEW: mechanism is absent; 4 source literature lead(s), 0 record evidence item(s), 0 target(s)
review-readiness	CHEBI:301	(−)-α-phellandrene	CHEBI	PMID:16780354	MECHANISM_REVIEW: mechanism is absent; 1 source literature lead(s), 0 record evidence item(s), 0 target(s)
review-readiness	CHEBI:132906	(−)-Τ-muurolol	CHEBI	PMID:18206367|PMID:19072130|PMID:22129092|PMID:22888533|PMID:23177818	MECHANISM_REVIEW: mechanism is absent; 6 source literature lead(s), 0 record evidence item(s), 0 target(s)
review-readiness	CHEBI:141405	1,2,3-benzothiadiazole-7-carboxylic acid	CHEBI	PMID:11455656|PMID:21726155	MECHANISM_REVIEW: mechanism is absent; 2 source literature lead(s), 0 record evidence item(s), 0 target(s)
review-readiness	CHEBI:65736	1,2-dehydrogeissoschizoline	CHEBI	PMID:11809075	MECHANISM_REVIEW: mechanism is absent; 1 source literature lead(s), 0 record evidence item(s), 0 target(s)
review-readiness	CHEBI:228133	1,2-dodecanediol	CHEBI	PMID:19820828|PMID:21435649|PMID:2245210|PMID:24831550|PMID:33967172	MECHANISM_REVIEW: mechanism is absent; 5 source literature lead(s), 0 record evidence item(s), 0 target(s)
review-readiness	CHEBI:140779	1,3,6,8-tetraazatricyclo[4,4,1,13,8]dodecane	CHEBI	PMID:11672395|PMID:11772072|PMID:11772073|PMID:16833400|PMID:17909502	MECHANISM_REVIEW: mechanism is absent; 7 source literature lead(s), 0 record evidence item(s), 0 target(s)
review-readiness	CHEBI:69532	1,6-dihydroxy-2-methyl-9,10-anthraquinone	CHEBI	PMID:13678245|PMID:15629252|PMID:18513778|PMID:20965744|PMID:21214480	MECHANISM_REVIEW: mechanism is absent; 7 source literature lead(s), 0 record evidence item(s), 0 target(s)
review-readiness	CHEBI:70402	1-(2,3-dihydro-1H-pyrrol-1-yl)-2-methyldecane-1,3-dione	CHEBI	PMID:21053938	MECHANISM_REVIEW: mechanism is absent; 1 source literature lead(s), 0 record evidence item(s), 0 target(s)
review-readiness	CHEBI:77796	1-(2,4-difluorophenyl)-6-fluoro-7-(3-methylpiperazin-1-yl)-4-oxo-1,4-dihydroquinoline-3-carboxylic acid	CHEBI		MECHANISM_REVIEW: mechanism is absent; 0 source literature lead(s), 0 record evidence item(s), 0 target(s)
review-readiness	CHEBI:69704	1-(2-hydroxy-4-methoxyphenyl)-3-(4-hydroxy-3-methoxyphenyl)propane	CHEBI	PMID:21919533	MECHANISM_REVIEW: mechanism is absent; 1 source literature lead(s), 0 record evidence item(s), 0 target(s)
review-readiness	CHEBI:143246	1-(hydroxymethyl)-5,5-dimethylhydantoin	CHEBI	PMID:22633837	MECHANISM_REVIEW: mechanism is absent; 1 source literature lead(s), 0 record evidence item(s), 0 target(s)
review-readiness	CHEBI:43060	1-[(2-hydroxyethoxy)methyl]-6-(phenylsulfanyl)thymine	CHEBI	PMID:1683214|PMID:17191775|PMID:1992136	MECHANISM_REVIEW: mechanism is source-seeded and not curator-checked; 3 source literature lead(s), 0 record evidence item(s), 0 target(s)
review-readiness	CHEBI:615	1-carbapenem-3-carboxylic acid	CHEBI		MECHANISM_REVIEW: mechanism is absent; 0 source literature lead(s), 0 record evidence item(s), 0 target(s)
review-readiness	CHEBI:74880	1-dodecylguanidine	CHEBI	PMID:7623770	MECHANISM_REVIEW: mechanism is absent; 1 source literature lead(s), 0 record evidence item(s), 0 target(s)
review-readiness	CHEBI:74889	1-dodecylguanidine acetate	CHEBI	PMID:13761521|PMID:1381663|PMID:17617418|PMID:21391507|PMID:23175430	MECHANISM_REVIEW: mechanism is absent; 10 source literature lead(s), 0 record evidence item(s), 0 target(s)
review-readiness	CHEBI:66042	1-hydroxycrisamicin A	CHEBI	PMID:9531992	MECHANISM_REVIEW: mechanism is absent; 1 source literature lead(s), 0 record evidence item(s), 0 target(s)
review-readiness	CHEBI:75561	1-linoleoyl-sn-glycerol	CHEBI		MECHANISM_REVIEW: mechanism is absent; 0 source literature lead(s), 0 record evidence item(s), 0 target(s)
review-readiness	CHEBI:66700	1-methoxycanthinone	CHEBI	PMID:11141127|PMID:12590453|PMID:6619885	MECHANISM_REVIEW: mechanism is absent; 3 source literature lead(s), 0 record evidence item(s), 0 target(s)
review-readiness	CHEBI:75568	1-monolinolein	CHEBI	PMID:14661857|PMID:18973338|PMID:3707358	MECHANISM_REVIEW: mechanism is absent; 3 source literature lead(s), 0 record evidence item(s), 0 target(s)
review-readiness	CHEBI:31047	10-carboxy-13-deoxycarminomycin	CHEBI	PMID:1880908|PMID:3700249|PMID:7490224|PMID:8436560|PMID:9098063	MECHANISM_REVIEW: mechanism is absent; 5 source literature lead(s), 0 record evidence item(s), 0 target(s)
review-readiness	CHEBI:77195	10-carboxy-13-deoxydaunorubicin	CHEBI		MECHANISM_REVIEW: mechanism is absent; 0 source literature lead(s), 0 record evidence item(s), 0 target(s)
review-readiness	CHEBI:29706	10-deoxymethymycin	CHEBI	PMID:17049185|PMID:18548476|PMID:20695498	MECHANISM_REVIEW: mechanism is absent; 3 source literature lead(s), 0 record evidence item(s), 0 target(s)
review-readiness	CHEBI:35045	10-undecenoic acid	CHEBI	PMID:19650106|PMID:20270055|PMID:22947450	MECHANISM_REVIEW: mechanism is absent; 3 source literature lead(s), 0 record evidence item(s), 0 target(s)
review-readiness	CHEBI:66472	10α-hydroperoxy-guaia-1,11-diene	CHEBI	PMID:15577255	MECHANISM_REVIEW: mechanism is absent; 1 source literature lead(s), 0 record evidence item(s), 0 target(s)
review-readiness	CHEBI:68380	11α-hydroxyasiatic acid	CHEBI	PMID:21288041	MECHANISM_REVIEW: mechanism is absent; 1 source literature lead(s), 0 record evidence item(s), 0 target(s)
review-readiness	CHEBI:66408	12-demethylmulticaulin	CHEBI	PMID:9428161	MECHANISM_REVIEW: mechanism is absent; 1 source literature lead(s), 0 record evidence item(s), 0 target(s)
review-readiness	CHEBI:66410	12-demethylmultiorthoquinone	CHEBI	PMID:9428161	MECHANISM_REVIEW: mechanism is absent; 1 source literature lead(s), 0 record evidence item(s), 0 target(s)
review-readiness	CHEBI:65747	12-deoxyphorbol-13-(3E,5E-decadienoate)	CHEBI	PMID:7623051	MECHANISM_REVIEW: mechanism is absent; 1 source literature lead(s), 0 record evidence item(s), 0 target(s)
review-readiness	CHEBI:66365	12-methyl-5-dehydroacetylhorminone	CHEBI	PMID:9428161	MECHANISM_REVIEW: mechanism is absent; 1 source literature lead(s), 0 record evidence item(s), 0 target(s)
review-readiness	CHEBI:66364	12-methyl-5-dehydrohorminone	CHEBI	PMID:9428161	MECHANISM_REVIEW: mechanism is absent; 1 source literature lead(s), 0 record evidence item(s), 0 target(s)
review-readiness	CHEBI:28130	13,14-dihydro-Δ12-prostaglandin J2	CHEBI		MECHANISM_REVIEW: mechanism is absent; 0 source literature lead(s), 0 record evidence item(s), 0 target(s)
review-readiness	CHEBI:31056	13-deoxycarminomycin	CHEBI	PMID:1577664|PMID:3700249|PMID:3861771|PMID:9098063	MECHANISM_REVIEW: mechanism is absent; 4 source literature lead(s), 0 record evidence item(s), 0 target(s)
review-readiness	CHEBI:31057	13-deoxydaunorubicin	CHEBI	PMID:7328065|PMID:9098063|PMID:9864343	MECHANISM_REVIEW: mechanism is absent; 3 source literature lead(s), 0 record evidence item(s), 0 target(s)
review-readiness	CHEBI:31059	13-dihydrodaunorubicin	CHEBI	PMID:9098063|PMID:9864343	MECHANISM_REVIEW: mechanism is absent; 2 source literature lead(s), 0 record evidence item(s), 0 target(s)
review-readiness	CHEBI:76944	13-epi-manool	CHEBI	PMID:14558770|PMID:21290071|PMID:22129092	MECHANISM_REVIEW: mechanism is absent; 3 source literature lead(s), 0 record evidence item(s), 0 target(s)
review-readiness	CHEBI:66636	14-norpseurotin A	CHEBI	PMID:18505285|PMID:22474943	MECHANISM_REVIEW: mechanism is absent; 2 source literature lead(s), 0 record evidence item(s), 0 target(s)
review-readiness	CHEBI:65364	15-acetoxyorbiculin G	CHEBI	PMID:18471021	MECHANISM_REVIEW: mechanism is absent; 1 source literature lead(s), 0 record evidence item(s), 0 target(s)
review-readiness	CHEBI:66474	15α-hydroperoxy-guaia-1(10),11-diene	CHEBI	PMID:15577255	MECHANISM_REVIEW: mechanism is absent; 1 source literature lead(s), 0 record evidence item(s), 0 target(s)
review-readiness	CHEBI:65778	16β,17-dihydroxy-ent-kaurane-19-oic acid	CHEBI	PMID:8786370	MECHANISM_REVIEW: mechanism is absent; 1 source literature lead(s), 0 record evidence item(s), 0 target(s)
review-readiness	CHEBI:66587	17-dimethylaminolobohedleolide	CHEBI	PMID:10785433	MECHANISM_REVIEW: mechanism is absent; 1 source literature lead(s), 0 record evidence item(s), 0 target(s)
review-readiness	CHEBI:65935	19-(2-furyl)nonadeca-5,7-diynoic acid	CHEBI	PMID:16441071	MECHANISM_REVIEW: mechanism is absent; 1 source literature lead(s), 0 record evidence item(s), 0 target(s)
review-readiness	CHEBI:65845	1R,4S,6R-1,4-endoperoxy-bisabola-2,10-diene	CHEBI	PMID:10836741|PMID:17252501	MECHANISM_REVIEW: mechanism is absent; 2 source literature lead(s), 0 record evidence item(s), 0 target(s)
review-readiness	CHEBI:65844	1S,4R,6R-1,4-endoperoxy-bisabola-2,10-diene	CHEBI	PMID:10836741|PMID:17252501	MECHANISM_REVIEW: mechanism is absent; 2 source literature lead(s), 0 record evidence item(s), 0 target(s)
review-readiness	CHEBI:65774	1α-acetoxy-2α-hydroxy-6β,9β,15-tribenzoyloxy-β-dihydroagarofuran	CHEBI	PMID:17315960	MECHANISM_REVIEW: mechanism is absent; 1 source literature lead(s), 0 record evidence item(s), 0 target(s)
review-readiness	CHEBI:66473	1α-hydroperoxy-guaia-10(15),11-diene	CHEBI	PMID:15577255	MECHANISM_REVIEW: mechanism is absent; 1 source literature lead(s), 0 record evidence item(s), 0 target(s)
review-readiness	CHEBI:66671	1β-hydroxymaprounic acid 3-p-hydroxybenzoate	CHEBI	PMID:7515410	MECHANISM_REVIEW: mechanism is source-seeded and not curator-checked; 1 source literature lead(s), 0 record evidence item(s), 0 target(s)
review-readiness	CHEBI:46764	1β-methylcarbapenem	CHEBI		MECHANISM_REVIEW: mechanism is absent; 0 source literature lead(s), 0 record evidence item(s), 0 target(s)
review-readiness	CHEBI:67926	2''-acetylastragalin	CHEBI	PMID:21466157	MECHANISM_REVIEW: mechanism is absent; 1 source literature lead(s), 0 record evidence item(s), 0 target(s)
review-readiness	CHEBI:67929	2''-acetylpaeonoside	CHEBI	PMID:21466157	MECHANISM_REVIEW: mechanism is absent; 1 source literature lead(s), 0 record evidence item(s), 0 target(s)
review-readiness	CHEBI:67932	2''-acetylpetiolaroside	CHEBI	PMID:21466157	MECHANISM_REVIEW: mechanism is absent; 1 source literature lead(s), 0 record evidence item(s), 0 target(s)
review-readiness	CHEBI:65777	2',4'-dihydroxy-3'-(2-hydroxy benzyl)-6'-methoxy chalcone	CHEBI	PMID:16833018	MECHANISM_REVIEW: mechanism is absent; 1 source literature lead(s), 0 record evidence item(s), 0 target(s)
review-readiness	CHEBI:70659	2',4'-dihydroxy-3'-methyl-6'-methoxychalcone	CHEBI	PMID:20886838	MECHANISM_REVIEW: mechanism is source-seeded and not curator-checked; 1 source literature lead(s), 0 record evidence item(s), 0 target(s)
review-readiness	CHEBI:70658	2',4'-dihydroxy-6'-methoxy-3',5'-dimethylchalcone	CHEBI	PMID:20886838	MECHANISM_REVIEW: mechanism is source-seeded and not curator-checked; 1 source literature lead(s), 0 record evidence item(s), 0 target(s)
review-readiness	CHEBI:28523	2',6'-dihydroxy-4'-methoxydihydrochalcone	CHEBI	PMID:17397884|PMID:21680165|PMID:22516933|PMID:8158163	MECHANISM_REVIEW: mechanism is absent; 4 source literature lead(s), 0 record evidence item(s), 0 target(s)
review-readiness	CHEBI:67223	2'-deamino-2'-hydroxyneamine	CHEBI	PMID:21983602	MECHANISM_REVIEW: mechanism is absent; 1 source literature lead(s), 0 record evidence item(s), 0 target(s)
review-readiness	CHEBI:66048	2'-hydroxyneobavaisoflavanone	CHEBI	PMID:9170286	MECHANISM_REVIEW: mechanism is absent; 1 source literature lead(s), 0 record evidence item(s), 0 target(s)
review-readiness	CHEBI:72769	2'-oxokanamycin	CHEBI	PMID:22374809	MECHANISM_REVIEW: mechanism is absent; 1 source literature lead(s), 0 record evidence item(s), 0 target(s)
review-readiness	CHEBI:66265	2,2',4'-trihydroxy-6'-methoxy-3',5'-dimethylchalcone	CHEBI	PMID:15679330	MECHANISM_REVIEW: mechanism is absent; 1 source literature lead(s), 0 record evidence item(s), 0 target(s)
review-readiness	CHEBI:105887	2,2'-spirobi[3,6,7,8-tetrahydro-1H-cyclopenta[g]naphthalene]-5,5'-dione	CHEBI		MECHANISM_REVIEW: mechanism is absent; 0 source literature lead(s), 0 record evidence item(s), 0 target(s)
review-readiness	CHEBI:78857	2,2,3,3-tetrahydroxy-2,3-dihydronaphthalene-1,4-dione	CHEBI	PMID:3016268|PMID:4932223	MECHANISM_REVIEW: mechanism is absent; 2 source literature lead(s), 0 record evidence item(s), 0 target(s)
review-readiness	CHEBI:15712	2,3-dihydrobiochanin A	CHEBI	PMID:1477911|PMID:16462085|PMID:17442349|PMID:21345747|PMID:23030687	MECHANISM_REVIEW: mechanism is absent; 6 source literature lead(s), 0 record evidence item(s), 0 target(s)
review-readiness	CHEBI:47696	2,4,6-tribromophenol	CHEBI	PMID:16134480|PMID:18460800|PMID:19701836|PMID:19931292|PMID:24263137	MECHANISM_REVIEW: mechanism is absent; 5 source literature lead(s), 0 record evidence item(s), 0 target(s)
review-readiness	CHEBI:78688	2,4-diacetylphloroglucinol	ARO+CHEBI	PMID:37653049|PMID:15759041|PMID:15826166|PMID:18058176|PMID:22448105	MECHANISM_REVIEW: mechanism is absent; 8 source literature lead(s), 0 record evidence item(s), 0 target(s)
review-readiness	CHEBI:140662	2,4-diacetylphloroglucinol(1−)	CHEBI		MECHANISM_REVIEW: mechanism is absent; 0 source literature lead(s), 0 record evidence item(s), 0 target(s)
review-readiness	CHEBI:73908	2,4-diamino-6,7-diisopropylpteridine	CHEBI	PMID:11394182|PMID:13132906|PMID:1353821|PMID:3008635|PMID:6394970	MECHANISM_REVIEW: mechanism is absent; 6 source literature lead(s), 0 record evidence item(s), 0 target(s)
review-readiness	CHEBI:155860	2,4-dihydroxy-3-methyl-6-(2-oxopropyl)benzaldehyde	CHEBI	PMID:22510154|PMID:23001671|PMID:25142695|PMID:28550524	MECHANISM_REVIEW: mechanism is absent; 4 source literature lead(s), 0 record evidence item(s), 0 target(s)
review-readiness	CHEBI:34241	2,4-xylenol	CHEBI	PMID:18602751|PMID:18949436|PMID:18962311|PMID:19430139|PMID:20441950	MECHANISM_REVIEW: mechanism is absent; 10 source literature lead(s), 0 record evidence item(s), 0 target(s)
review-readiness	CHEBI:65779	2,5-dihydroxy-3-methanesulfinylbenzyl alcohol	CHEBI	PMID:18603789	MECHANISM_REVIEW: mechanism is absent; 1 source literature lead(s), 0 record evidence item(s), 0 target(s)
review-readiness	CHEBI:89052	2,5-dimethylfuran	CHEBI	PMID:19167006|PMID:22284503|PMID:29697832|PMID:31679033|PMID:32181345	MECHANISM_REVIEW: mechanism is absent; 10 source literature lead(s), 0 record evidence item(s), 0 target(s)
review-readiness	CHEBI:27864	2,6-dichloro-4-nitroaniline	CHEBI	PMID:1692105|PMID:2625222|PMID:8720094	MECHANISM_REVIEW: mechanism is absent; 3 source literature lead(s), 0 record evidence item(s), 0 target(s)
review-readiness	CHEBI:83370	2,6-dimethyl-4-tetradecylmorpholine	CHEBI		MECHANISM_REVIEW: mechanism is absent; 0 source literature lead(s), 0 record evidence item(s), 0 target(s)
review-readiness	CHEBI:83365	2,6-dimethyl-4-tridecylmorpholine	CHEBI		MECHANISM_REVIEW: mechanism is absent; 0 source literature lead(s), 0 record evidence item(s), 0 target(s)
review-readiness	CHEBI:83368	2,6-dimethyl-4-undecylmorpholine	CHEBI		MECHANISM_REVIEW: mechanism is absent; 0 source literature lead(s), 0 record evidence item(s), 0 target(s)
review-readiness	CHEBI:66373	2-(methyldithio)pyridine-N-oxide	CHEBI	PMID:19093848	MECHANISM_REVIEW: mechanism is absent; 1 source literature lead(s), 0 record evidence item(s), 0 target(s)
review-readiness	CHEBI:39826	2-allylphenol	CHEBI	PMID:16083132|PMID:19685448|PMID:24530843	MECHANISM_REVIEW: mechanism is absent; 3 source literature lead(s), 0 record evidence item(s), 0 target(s)
review-readiness	CHEBI:234507	2-chloroacetamide	CHEBI	PMID:36126388|PMID:39052523|PMID:39076293|PMID:39299082	MECHANISM_REVIEW: mechanism is absent; 4 source literature lead(s), 0 record evidence item(s), 0 target(s)
review-readiness	CHEBI:28295	2-deoxystreptamine	CHEBI	PMID:23108876|PMID:24440302	MECHANISM_REVIEW: mechanism is absent; 2 source literature lead(s), 0 record evidence item(s), 0 target(s)
review-readiness	CHEBI:75306	2-heptyl-4-hydroxyquinoline	CHEBI	PMID:11846436|PMID:14739337|PMID:17083468|PMID:17126377|PMID:18539738	MECHANISM_REVIEW: mechanism is absent; 10 source literature lead(s), 0 record evidence item(s), 0 target(s)
review-readiness	CHEBI:62219	2-heptyl-4-quinolone	CHEBI	PMID:21965567	MECHANISM_REVIEW: mechanism is absent; 1 source literature lead(s), 0 record evidence item(s), 0 target(s)
review-readiness	CHEBI:69522	2-methoxy-1,4-naphthoquinone	CHEBI	PMID:21973054	MECHANISM_REVIEW: mechanism is absent; 1 source literature lead(s), 0 record evidence item(s), 0 target(s)
review-readiness	CHEBI:67135	2-nitroimidazole	CHEBI	PMID:21244596|PMID:22710102|PMID:22816283	MECHANISM_REVIEW: mechanism is absent; 3 source literature lead(s), 0 record evidence item(s), 0 target(s)
review-readiness	CHEBI:65662	2-O-E-p-coumaroyl alphitolic acid	CHEBI	PMID:16595959	MECHANISM_REVIEW: mechanism is absent; 1 source literature lead(s), 0 record evidence item(s), 0 target(s)
review-readiness	CHEBI:141317	2-phenylethyl 1H-indol-3-ylacetate	CHEBI	PMID:25421415	MECHANISM_REVIEW: mechanism is absent; 1 source literature lead(s), 0 record evidence item(s), 0 target(s)
review-readiness	CHEBI:66095	20-epi-isoiguesterinol	CHEBI	PMID:15730255	MECHANISM_REVIEW: mechanism is absent; 1 source literature lead(s), 0 record evidence item(s), 0 target(s)
review-readiness	CHEBI:134191	20-oxo-5-O-β-mycaminosyltylactone	CHEBI	PMID:2817858	MECHANISM_REVIEW: mechanism is absent; 1 source literature lead(s), 0 record evidence item(s), 0 target(s)
review-readiness	CHEBI:77921	21-deoxyconcanamycin A	CHEBI	PMID:11258892	MECHANISM_REVIEW: mechanism is absent; 1 source literature lead(s), 0 record evidence item(s), 0 target(s)
review-readiness	CHEBI:66049	21β-hydroxyolean-12-en-3-one	CHEBI	PMID:17385912	MECHANISM_REVIEW: mechanism is absent; 1 source literature lead(s), 0 record evidence item(s), 0 target(s)
review-readiness	CHEBI:65534	22α-methoxy-3-β-O-{β-D-Xylp(1→3)-[β-D-Glcp-(1→2)]-β-D-Glcp-(1→4)-β-D-Glcp}-furost-3β,26-diol 26-O-β-D-Glcp	CHEBI	PMID:18175984	MECHANISM_REVIEW: mechanism is absent; 1 source literature lead(s), 0 record evidence item(s), 0 target(s)
review-readiness	CHEBI:180645	2CN113	CHEBI	PMID:34544279	MECHANISM_REVIEW: mechanism is source-seeded and not curator-checked; 1 source literature lead(s), 0 record evidence item(s), 0 target(s)
review-readiness	CHEBI:180646	2CN115	CHEBI	PMID:34544279	MECHANISM_REVIEW: mechanism is source-seeded and not curator-checked; 1 source literature lead(s), 0 record evidence item(s), 0 target(s)
review-readiness	CHEBI:65783	2α,19α-dihydroxy-3-oxo-12-ursen-28-oic acid	CHEBI	PMID:8759159	MECHANISM_REVIEW: mechanism is source-seeded and not curator-checked; 1 source literature lead(s), 0 record evidence item(s), 0 target(s)
review-readiness	CHEBI:65775	2α-acetoxy-1α-hydroxy-6β,9β,15-tribenzoyloxy-β-dihydroagarofuran	CHEBI	PMID:17315960	MECHANISM_REVIEW: mechanism is absent; 1 source literature lead(s), 0 record evidence item(s), 0 target(s)
review-readiness	CHEBI:66672	2α-hydroxymaprounic acid 2,3-bis-p-hydroxybenzoate	CHEBI	PMID:7515410	MECHANISM_REVIEW: mechanism is source-seeded and not curator-checked; 1 source literature lead(s), 0 record evidence item(s), 0 target(s)
review-readiness	CHEBI:38009	3'',6'-di-N-acetylkanamycin A	CHEBI		MECHANISM_REVIEW: mechanism is absent; 0 source literature lead(s), 0 record evidence item(s), 0 target(s)
review-readiness	CHEBI:29076	3''-adenylylstreptomycin	CHEBI		MECHANISM_REVIEW: mechanism is absent; 0 source literature lead(s), 0 record evidence item(s), 0 target(s)
review-readiness	CHEBI:72990	3''-deamino-3''-hydroxykanamycin B	CHEBI	PMID:22374809	MECHANISM_REVIEW: mechanism is absent; 1 source literature lead(s), 0 record evidence item(s), 0 target(s)
review-readiness	CHEBI:73078	3''-deamino-3''-hydroxykanamycin C	CHEBI	PMID:22374809	MECHANISM_REVIEW: mechanism is absent; 1 source literature lead(s), 0 record evidence item(s), 0 target(s)
review-readiness	CHEBI:72992	3''-deamino-3''-hydroxykanamycin X	CHEBI		MECHANISM_REVIEW: mechanism is absent; 0 source literature lead(s), 0 record evidence item(s), 0 target(s)
review-readiness	CHEBI:16860	3',4',5,7-tetrahydroxy-3-methoxyflavone	CHEBI	PMID:16213685|PMID:22418930|PMID:23207251|PMID:9396391	MECHANISM_REVIEW: mechanism is absent; 4 source literature lead(s), 0 record evidence item(s), 0 target(s)
review-readiness	CHEBI:156336	3'-deoxy-3',4'-didehydro-CTP	CHEBI	PMID:29925952|PMID:30872404|PMID:31917549|PMID:31951306|PMID:31977203	MECHANISM_REVIEW: mechanism is source-seeded and not curator-checked; 10 source literature lead(s), 0 record evidence item(s), 0 target(s)
review-readiness	CHEBI:156331	3'-deoxy-3',4'-didehydro-cytidine	CHEBI	PMID:29925952|PMID:32061099|PMID:34126010|PMID:34661397|PMID:35128501	MECHANISM_REVIEW: mechanism is source-seeded and not curator-checked; 5 source literature lead(s), 0 record evidence item(s), 0 target(s)
review-readiness	CHEBI:27944	3'-deoxydihydrostreptomycin 3'',6-bisphosphate	CHEBI		MECHANISM_REVIEW: mechanism is absent; 0 source literature lead(s), 0 record evidence item(s), 0 target(s)
review-readiness	CHEBI:27599	3'-deoxydihydrostreptomycin 3''-phosphate	CHEBI		MECHANISM_REVIEW: mechanism is absent; 0 source literature lead(s), 0 record evidence item(s), 0 target(s)
review-readiness	CHEBI:27553	3'-deoxydihydrostreptomycin 3'α,6-bisphosphate	CHEBI		MECHANISM_REVIEW: mechanism is absent; 0 source literature lead(s), 0 record evidence item(s), 0 target(s)
review-readiness	CHEBI:28590	3'-deoxydihydrostreptomycin 6-phosphate	CHEBI		MECHANISM_REVIEW: mechanism is absent; 0 source literature lead(s), 0 record evidence item(s), 0 target(s)
review-readiness	CHEBI:65532	3,15-di-O-acetylbruceolide	CHEBI		MECHANISM_REVIEW: mechanism is absent; 0 source literature lead(s), 0 record evidence item(s), 0 target(s)
review-readiness	CHEBI:146138	3,3'-dimethylquercetin	CHEBI	PMID:15202557|PMID:16722375|PMID:20877205|PMID:21343428|PMID:21526045	MECHANISM_REVIEW: mechanism is absent; 10 source literature lead(s), 0 record evidence item(s), 0 target(s)
review-readiness	CHEBI:75319	3,3'-neotrehalosadiamine	CHEBI	PMID:19342798|PMID:23586652	MECHANISM_REVIEW: mechanism is absent; 2 source literature lead(s), 0 record evidence item(s), 0 target(s)
review-readiness	CHEBI:146142	3,4'-dimethylkaempferol	CHEBI	PMID:11520237|PMID:12727485|PMID:12946427|PMID:14765290|PMID:21343428	MECHANISM_REVIEW: mechanism is absent; 8 source literature lead(s), 0 record evidence item(s), 0 target(s)
review-readiness	CHEBI:233499	3,4,5-tri-(E)-caffeoylquinic acid	CHEBI		MECHANISM_REVIEW: mechanism is absent; 0 source literature lead(s), 0 record evidence item(s), 0 target(s)
review-readiness	CHEBI:233498	3,4,5-tricaffeoylquinic acid	CHEBI	PMID:16598806|PMID:21704193|PMID:22947851|PMID:24825618|PMID:26224159	MECHANISM_REVIEW: mechanism is absent; 8 source literature lead(s), 0 record evidence item(s), 0 target(s)
review-readiness	CHEBI:66459	3,4-secoisopimara-4(18),7,15-triene-3-oic acid	CHEBI	PMID:11301863|PMID:17978757	MECHANISM_REVIEW: mechanism is absent; 2 source literature lead(s), 0 record evidence item(s), 0 target(s)
review-readiness	CHEBI:65753	3,5-di-O-acetyl-1-O-[(5β,8α,9β,10α)-18-oxokaur-16-en-18-yl]-β-L-arabinofuranose	CHEBI	PMID:17315313	MECHANISM_REVIEW: mechanism is absent; 1 source literature lead(s), 0 record evidence item(s), 0 target(s)
review-readiness	CHEBI:15649	3,6,9-trihydroxypterocarpan	CHEBI	PMID:16250441|PMID:16661917|PMID:16663042|PMID:19116342|PMID:19943626	MECHANISM_REVIEW: mechanism is absent; 6 source literature lead(s), 0 record evidence item(s), 0 target(s)
review-readiness	CHEBI:383703	3,6-diamino-10-methylacridinium chloride	CHEBI	PMID:6737429	MECHANISM_REVIEW: mechanism is absent; 1 source literature lead(s), 0 record evidence item(s), 0 target(s)
review-readiness	CHEBI:74727	3,6-diamino-10-methylacridinium chloride.HCl	CHEBI		MECHANISM_REVIEW: mechanism is absent; 0 source literature lead(s), 0 record evidence item(s), 0 target(s)
review-readiness	CHEBI:8452	3,6-diaminoacridine	ARO+CHEBI	PMID:36240541|PMID:11960666|PMID:20178341|PMID:21435875|PMID:2242050	MECHANISM_REVIEW: mechanism is absent; 10 source literature lead(s), 0 record evidence item(s), 1 target(s)
review-readiness	CHEBI:74723	3,6-diaminoacridine dihydrochloride	CHEBI	PMID:4639267|PMID:7009393	MECHANISM_REVIEW: mechanism is absent; 2 source literature lead(s), 0 record evidence item(s), 0 target(s)
review-readiness	CHEBI:74718	3,6-diaminoacridine monohydrochloride	CHEBI	PMID:7009393	MECHANISM_REVIEW: mechanism is absent; 1 source literature lead(s), 0 record evidence item(s), 0 target(s)
review-readiness	CHEBI:143904	3-(4-methyl-1,2,3-thiadiazolyl)-6-trichloromethyl[1,2,4]triazolo[3,4-b][1,3,4]thiadizole	CHEBI	PMID:20014761|PMID:30350975	MECHANISM_REVIEW: mechanism is absent; 2 source literature lead(s), 0 record evidence item(s), 0 target(s)
review-readiness	CHEBI:143030	3-(phenethylamino)-butan-2-one	CHEBI	PMID:27720237|PMID:30442919	MECHANISM_REVIEW: mechanism is absent; 2 source literature lead(s), 0 record evidence item(s), 0 target(s)
review-readiness	CHEBI:65549	3-(Z)-caffeoyllupeol	CHEBI	PMID:15635238	MECHANISM_REVIEW: mechanism is absent; 1 source literature lead(s), 0 record evidence item(s), 0 target(s)
review-readiness	CHEBI:67474	3-[(1S,2S,6S)-2-{2-[(1S,2R,3R)-2-(3-ethoxy-3-oxopropyl)-3-(2-hydroxypropan-2-yl)-2-methyl-6-methylidenecyclohexyl]ethyl}-1,3-dimethyl-6-(prop-1-en-2-yl)cyclohex-3-en-1-yl]propanoic acid	CHEBI	PMID:21401117	MECHANISM_REVIEW: mechanism is absent; 1 source literature lead(s), 0 record evidence item(s), 0 target(s)
review-readiness	CHEBI:140434	3-[(Z)-2-isocyanovinyl]indole	CHEBI	PMID:26629885|PMID:26740122|PMID:28212039|PMID:29677386|PMID:29861925	MECHANISM_REVIEW: mechanism is absent; 6 source literature lead(s), 0 record evidence item(s), 0 target(s)
review-readiness	CHEBI:141284	3-acetylbenzamide	CHEBI	PMID:29956124	MECHANISM_REVIEW: mechanism is absent; 1 source literature lead(s), 0 record evidence item(s), 0 target(s)
review-readiness	CHEBI:152561	3-fluoro-Nα-(1H-indol-2-ylcarbonyl)-N-{(2S)-1-oxo-3-[(3S)-2-oxopyrrolidin-3-yl]propan-2-yl}-L-phenylalaninamide	CHEBI	PMID:32321856	MECHANISM_REVIEW: mechanism is source-seeded and not curator-checked; 1 source literature lead(s), 0 record evidence item(s), 0 target(s)
review-readiness	CHEBI:65958	3-geranyl-2,4,6-trihydroxybenzophenone	CHEBI	PMID:11842327|PMID:16562847|PMID:17826924	MECHANISM_REVIEW: mechanism is absent; 3 source literature lead(s), 0 record evidence item(s), 0 target(s)
review-readiness	CHEBI:63798	3-hydroxy-4-methoxybenzoic acid	CHEBI	PMID:23477143|PMID:24820992|PMID:24956816	MECHANISM_REVIEW: mechanism is absent; 3 source literature lead(s), 0 record evidence item(s), 0 target(s)
review-readiness	CHEBI:83279	3-iodoprop-2-yn-1-yl butylcarbamate	CHEBI	PMID:11011936|PMID:12022126|PMID:15377347|PMID:16854476|PMID:23514087	MECHANISM_REVIEW: mechanism is absent; 6 source literature lead(s), 0 record evidence item(s), 0 target(s)
review-readiness	CHEBI:75563	3-linoleoyl-sn-glycerol	CHEBI		MECHANISM_REVIEW: mechanism is absent; 0 source literature lead(s), 0 record evidence item(s), 0 target(s)
review-readiness	CHEBI:171656	3-methylarginine	CHEBI	PMID:18655083|PMID:20190091	MECHANISM_REVIEW: mechanism is absent; 2 source literature lead(s), 0 record evidence item(s), 0 target(s)
review-readiness	CHEBI:146309	3-methylorsellinic acid	CHEBI	PMID:1155879|PMID:15307685|PMID:18494879|PMID:28029061|PMID:30469376	MECHANISM_REVIEW: mechanism is absent; 6 source literature lead(s), 0 record evidence item(s), 0 target(s)
review-readiness	CHEBI:16348	3-nitropropanoic acid	CHEBI	PMID:11409756|PMID:11785916|PMID:14700739|PMID:16038559|PMID:16300642	MECHANISM_REVIEW: mechanism is source-seeded and not curator-checked; 10 source literature lead(s), 0 record evidence item(s), 0 target(s)
review-readiness	CHEBI:68378	3-O-[β-D-glucopyranosyl]-28-O-[α-L-rhamnopyranosyl-(1→2)-β-D-glucopyranosyl]arjunolic acid	CHEBI	PMID:21288041	MECHANISM_REVIEW: mechanism is absent; 1 source literature lead(s), 0 record evidence item(s), 0 target(s)
review-readiness	CHEBI:68377	3-O-[β-D-glucopyranosyl]-28-O-[α-L-rhamnopyranosyl-(1→2)-β-D-glucopyranosyl]maslinic acid	CHEBI	PMID:21288041	MECHANISM_REVIEW: mechanism is absent; 1 source literature lead(s), 0 record evidence item(s), 0 target(s)
review-readiness	CHEBI:66369	3-O-methylcalopocarpin	CHEBI	PMID:12770595|PMID:9170286	MECHANISM_REVIEW: mechanism is absent; 2 source literature lead(s), 0 record evidence item(s), 0 target(s)
review-readiness	CHEBI:166657	3-phenylbutyric acid	CHEBI	PMID:10470142|PMID:16535265|PMID:20143352|PMID:22925447|PMID:23727774	MECHANISM_REVIEW: mechanism is absent; 7 source literature lead(s), 0 record evidence item(s), 0 target(s)
review-readiness	CHEBI:28631	3-phenylpropionic acid	CHEBI	PMID:18062653|PMID:20972783|PMID:23470767|PMID:24216280	MECHANISM_REVIEW: mechanism is absent; 4 source literature lead(s), 0 record evidence item(s), 0 target(s)
review-readiness	CHEBI:190404	3β-(2-diethylaminoethoxy)androst-5-en-17-one hydrochloride	CHEBI	PMID:12622792|PMID:16149744|PMID:16771828|PMID:18855586|PMID:19158313	MECHANISM_REVIEW: mechanism is absent; 10 source literature lead(s), 0 record evidence item(s), 0 target(s)
review-readiness	CHEBI:47898	4'-epidoxorubicin	CHEBI	PMID:11432615|PMID:15821120|PMID:16005104|PMID:17604344|PMID:18838875	MECHANISM_REVIEW: mechanism is source-seeded and not curator-checked; 5 source literature lead(s), 0 record evidence item(s), 0 target(s)
review-readiness	CHEBI:65741	4'-O-demethylknipholone-4'-O-β-D-glucopyranoside	CHEBI	PMID:12193014	MECHANISM_REVIEW: mechanism is absent; 1 source literature lead(s), 0 record evidence item(s), 0 target(s)
review-readiness	CHEBI:47617	4,5,6,7-tetrachloro-2-benzofuran-1(3H)-one	CHEBI	PMID:18670728|PMID:18966786|PMID:19218402|PMID:23313696	MECHANISM_REVIEW: mechanism is absent; 4 source literature lead(s), 0 record evidence item(s), 0 target(s)
review-readiness	CHEBI:83518	4,5-dichloro-2-n-octyl-3(2H)-isothiazolone	CHEBI	PMID:24850171	MECHANISM_REVIEW: mechanism is absent; 1 source literature lead(s), 0 record evidence item(s), 0 target(s)
review-readiness	CHEBI:39349	4,6-dinitro-o-cresol	CHEBI	PMID:11775154|PMID:1960763	MECHANISM_REVIEW: mechanism is absent; 2 source literature lead(s), 0 record evidence item(s), 0 target(s)
review-readiness	CHEBI:141302	4-(2,4,7-trioxa-bicyclo[4.1.0]heptan-3-yl)phenol	CHEBI	PMID:22950879	MECHANISM_REVIEW: mechanism is absent; 1 source literature lead(s), 0 record evidence item(s), 0 target(s)
review-readiness	CHEBI:55482	4-(2-nitrobutyl)morpholine	CHEBI	PMID:8930473	MECHANISM_REVIEW: mechanism is absent; 1 source literature lead(s), 0 record evidence item(s), 0 target(s)
review-readiness	CHEBI:218817	4-[(3,4,5-tribromo-1H-pyrrol-2-yl)methyl]phenol	CHEBI	PMID:24828288	MECHANISM_REVIEW: mechanism is absent; 1 source literature lead(s), 0 record evidence item(s), 0 target(s)
review-readiness	CHEBI:27565	4-aminosalicylic acid	ARO+CHEBI	PMID:21008766|PMID:11621575|PMID:1650428|PMID:23118010|PMID:24663015	MECHANISM_REVIEW: mechanism is absent; 11 source literature lead(s), 0 record evidence item(s), 0 target(s)
review-readiness	CHEBI:34393	4-chloro-3,5-dimethylphenol	CHEBI	PMID:12927380|PMID:15167195|PMID:1608902|PMID:17498419|PMID:19818989	MECHANISM_REVIEW: mechanism is absent; 10 source literature lead(s), 0 record evidence item(s), 0 target(s)
review-readiness	CHEBI:34395	4-chloro-m-cresol	CHEBI	PMID:10360873|PMID:10625004|PMID:12761215|PMID:12884985|PMID:12944669	MECHANISM_REVIEW: mechanism is absent; 10 source literature lead(s), 0 record evidence item(s), 0 target(s)
review-readiness	CHEBI:86904	4-coumaric acid methyl ester	CHEBI	PMID:13595927|PMID:13662007|PMID:15388162|PMID:18338881|PMID:21246114	MECHANISM_REVIEW: mechanism is absent; 10 source literature lead(s), 0 record evidence item(s), 0 target(s)
review-readiness	CHEBI:83297	4-dodecyl-2,6-dimethylmorpholine	CHEBI		MECHANISM_REVIEW: mechanism is absent; 0 source literature lead(s), 0 record evidence item(s), 0 target(s)
review-readiness	CHEBI:144586	4-hydroxy-2-oxobutanal	CHEBI	PMID:15705060|PMID:19422225|PMID:19711949|PMID:21885436|PMID:25164824	MECHANISM_REVIEW: mechanism is absent; 6 source literature lead(s), 0 record evidence item(s), 0 target(s)
review-readiness	CHEBI:70080	4-hydroxycordoin	CHEBI	PMID:21158427|PMID:21353508	MECHANISM_REVIEW: mechanism is absent; 2 source literature lead(s), 0 record evidence item(s), 0 target(s)
review-readiness	CHEBI:141335	4-hydroxymellein	CHEBI	PMID:18213494|PMID:20479969|PMID:21315382|PMID:23011274|PMID:27556953	MECHANISM_REVIEW: mechanism is absent; 6 source literature lead(s), 0 record evidence item(s), 0 target(s)
review-readiness	CHEBI:77179	4-O-methylrhodomycin D	CHEBI		MECHANISM_REVIEW: mechanism is absent; 0 source literature lead(s), 0 record evidence item(s), 0 target(s)
review-readiness	CHEBI:78884	4-terpineol	CHEBI	PMID:21760828|PMID:22998411|PMID:23292030|PMID:23469686|PMID:23649340	MECHANISM_REVIEW: mechanism is absent; 8 source literature lead(s), 0 record evidence item(s), 0 target(s)
review-readiness	CHEBI:65910	4849F	CHEBI	PMID:17551212	MECHANISM_REVIEW: mechanism is absent; 1 source literature lead(s), 0 record evidence item(s), 0 target(s)
review-readiness	CHEBI:65776	4β,14-dihydroxy-6α,7β-H-1(10)-cadinene	CHEBI	PMID:17551214	MECHANISM_REVIEW: mechanism is absent; 1 source literature lead(s), 0 record evidence item(s), 0 target(s)
review-readiness	CHEBI:24750	5'-hydroxystreptomycin	CHEBI		MECHANISM_REVIEW: mechanism is absent; 0 source literature lead(s), 0 record evidence item(s), 0 target(s)
review-readiness	CHEBI:140314	5'-triphosphoadenylyl-(2'→5')-adenosine	CHEBI	PMID:2482032|PMID:2960522|PMID:6090695|PMID:6276660|PMID:6933509	MECHANISM_REVIEW: mechanism is absent; 6 source literature lead(s), 0 record evidence item(s), 0 target(s)
review-readiness	CHEBI:28126	5,6,7-trimethoxycoumarin	CHEBI	PMID:11295313|PMID:14661854|PMID:17613825|PMID:18058380|PMID:9434601	MECHANISM_REVIEW: mechanism is absent; 5 source literature lead(s), 0 record evidence item(s), 0 target(s)
review-readiness	CHEBI:2980	5,6,7-trimethoxyflavone	CHEBI	PMID:15642351|PMID:18470630|PMID:9222055	MECHANISM_REVIEW: mechanism is absent; 3 source literature lead(s), 0 record evidence item(s), 0 target(s)
review-readiness	CHEBI:131494	5,6-dehydrotomatine	CHEBI	PMID:12358437|PMID:15053555|PMID:15553139|PMID:16200652|PMID:17979099	MECHANISM_REVIEW: mechanism is absent; 10 source literature lead(s), 0 record evidence item(s), 0 target(s)
review-readiness	CHEBI:66212	5,7,3',4'-tetrahydroxy-2'-(3,3-dimethylallyl)isoflavone	CHEBI	PMID:16441066	MECHANISM_REVIEW: mechanism is absent; 1 source literature lead(s), 0 record evidence item(s), 0 target(s)
review-readiness	CHEBI:66267	5,7,3'-trihydroxy-4',5'-(2'''',2''''-dimethylpyran)-8,2'-di(3-methyl-2-butenyl)-(2S)-flavanone	CHEBI	PMID:15217275	MECHANISM_REVIEW: mechanism is absent; 1 source literature lead(s), 0 record evidence item(s), 0 target(s)
review-readiness	CHEBI:66263	5,7,4'-trihydroxy-6,8-diprenylisoflavone	CHEBI	PMID:16441081	MECHANISM_REVIEW: mechanism is absent; 1 source literature lead(s), 0 record evidence item(s), 0 target(s)
review-readiness	CHEBI:141341	5-(undeca-3,5,7-trien-1-yl)furan-2-ol	CHEBI	PMID:28927292|PMID:29941838	MECHANISM_REVIEW: mechanism is absent; 2 source literature lead(s), 0 record evidence item(s), 0 target(s)
review-readiness	CHEBI:156434	5-[[3-(1-phenylethoxy)-4-(2-phenylethoxy)phenyl]methylene]-4-oxo-2-thioxo-3-thiazolidineacetic acid	CHEBI	PMID:15225710|PMID:21231968|PMID:24297939|PMID:28598353	MECHANISM_REVIEW: mechanism is absent; 4 source literature lead(s), 0 record evidence item(s), 0 target(s)
review-readiness	CHEBI:65524	5-bromo-8-methoxy-1-methyl-β-carboline	CHEBI	PMID:19220033	MECHANISM_REVIEW: mechanism is absent; 1 source literature lead(s), 0 record evidence item(s), 0 target(s)
review-readiness	CHEBI:74460	5-chloro-7-iodoquinolin-8-ol	CHEBI	PMID:15074181|PMID:15651505|PMID:16087879|PMID:185949|PMID:20651355	MECHANISM_REVIEW: mechanism is absent; 10 source literature lead(s), 0 record evidence item(s), 0 target(s)
review-readiness	CHEBI:65746	5-deoxyglyasperin F	CHEBI	PMID:9170286	MECHANISM_REVIEW: mechanism is absent; 1 source literature lead(s), 0 record evidence item(s), 0 target(s)
review-readiness	CHEBI:46345	5-Fluorouracil	ARO	PMID:20823283	MECHANISM_REVIEW: mechanism is absent; 1 source literature lead(s), 0 record evidence item(s), 0 target(s)
review-readiness	CHEBI:65942	5-galloylquercetin-3-O-α-L-arabinofuranoside	CHEBI	PMID:16724851	MECHANISM_REVIEW: mechanism is absent; 1 source literature lead(s), 0 record evidence item(s), 0 target(s)
review-readiness	CHEBI:195253	5-hydroxy-3-methylfuran-2(5H)-one	CHEBI	PMID:15931585|PMID:24336200|PMID:27479325|PMID:31317630	MECHANISM_REVIEW: mechanism is absent; 4 source literature lead(s), 0 record evidence item(s), 0 target(s)
review-readiness	CHEBI:66040	5-hydroxy-7,2',4',5'-tetramethoxyflavone	CHEBI	PMID:7798967	MECHANISM_REVIEW: mechanism is absent; 1 source literature lead(s), 0 record evidence item(s), 0 target(s)
review-readiness	CHEBI:65800	5-hydroxy-7-prop-2-en-(E)-ylidene-7,7a-dihydro- 2H-cyclopenta[b]pyran-6-one	CHEBI	PMID:18463568	MECHANISM_REVIEW: mechanism is absent; 1 source literature lead(s), 0 record evidence item(s), 0 target(s)
review-readiness	CHEBI:65801	5-hydroxy-7-prop-2-en-(Z)-ylidene-7,7a-dihydro- 2H-cyclopenta[b]pyran-6-one	CHEBI	PMID:18463568	MECHANISM_REVIEW: mechanism is absent; 1 source literature lead(s), 0 record evidence item(s), 0 target(s)
review-readiness	CHEBI:141354	5-hydroxy-8-methoxy-4-phenylisoquinolin-1(2H)-one	CHEBI	PMID:27910702|PMID:29867466|PMID:29941838	MECHANISM_REVIEW: mechanism is absent; 3 source literature lead(s), 0 record evidence item(s), 0 target(s)
review-readiness	CHEBI:141343	5-hydroxybenzofuran-2-one	CHEBI	PMID:15984210|PMID:27598120	MECHANISM_REVIEW: mechanism is absent; 2 source literature lead(s), 0 record evidence item(s), 0 target(s)
review-readiness	CHEBI:147675	5-iodo-2'-deoxyuridine	CHEBI	PMID:17341060|PMID:17438061|PMID:18555978|PMID:3950402	MECHANISM_REVIEW: mechanism is source-seeded and not curator-checked; 4 source literature lead(s), 0 record evidence item(s), 0 target(s)
review-readiness	CHEBI:28281	5-methoxyindole-3-acetic acid	CHEBI	PMID:11459072|PMID:11701394|PMID:12106902|PMID:15950974|PMID:16141651	MECHANISM_REVIEW: mechanism is absent; 10 source literature lead(s), 0 record evidence item(s), 0 target(s)
review-readiness	CHEBI:65742	5-O-demethylpaxanthonin	CHEBI	PMID:15165152|PMID:8862040	MECHANISM_REVIEW: mechanism is absent; 2 source literature lead(s), 0 record evidence item(s), 0 target(s)
review-readiness	CHEBI:65842	5-O-methyl embelin	CHEBI	PMID:11054840|PMID:12963150|PMID:16254827|PMID:21989371	MECHANISM_REVIEW: mechanism is source-seeded and not curator-checked; 4 source literature lead(s), 0 record evidence item(s), 0 target(s)
review-readiness	CHEBI:65607	5-O-methylcelebixanthone	CHEBI	PMID:16651783	MECHANISM_REVIEW: mechanism is absent; 1 source literature lead(s), 0 record evidence item(s), 0 target(s)
review-readiness	CHEBI:77011	5-O-mycaminosyltylonolide	ARO+CHEBI	PMID:37208456	MECHANISM_REVIEW: mechanism is absent; 1 source literature lead(s), 0 record evidence item(s), 0 target(s)
review-readiness	CHEBI:77009	5-O-β-D-mycaminosyl-20-oxotylonolide	CHEBI		MECHANISM_REVIEW: mechanism is absent; 0 source literature lead(s), 0 record evidence item(s), 0 target(s)
review-readiness	CHEBI:29491	5-O-β-D-mycaminosyltylactone	CHEBI	PMID:7126228	MECHANISM_REVIEW: mechanism is absent; 1 source literature lead(s), 0 record evidence item(s), 0 target(s)
review-readiness	CHEBI:47727	5-{5-[2-chloro-4-(4,5-dihydro-1,3-oxazol-2-yl)phenoxy]pentyl}-3-methylisoxazole	CHEBI	PMID:1318384	MECHANISM_REVIEW: mechanism is absent; 1 source literature lead(s), 0 record evidence item(s), 0 target(s)
review-readiness	CHEBI:67558	5E-7-oxozeaenol	CHEBI	PMID:21513293	MECHANISM_REVIEW: mechanism is absent; 1 source literature lead(s), 0 record evidence item(s), 0 target(s)
review-readiness	CHEBI:67559	5Z-7-oxozeaenol	CHEBI	PMID:21513293	MECHANISM_REVIEW: mechanism is absent; 1 source literature lead(s), 0 record evidence item(s), 0 target(s)
review-readiness	CHEBI:228296	5α-cholesta-24-en-3β,20β-diol-23-one	CHEBI	PMID:34969331	MECHANISM_REVIEW: mechanism is absent; 1 source literature lead(s), 0 record evidence item(s), 0 target(s)
review-readiness	CHEBI:228298	5α-cholesta-9(11)-en-3β, 20β-diol	CHEBI	PMID:34969331	MECHANISM_REVIEW: mechanism is absent; 1 source literature lead(s), 0 record evidence item(s), 0 target(s)
review-readiness	CHEBI:65856	5α-epoxyalantolactone	CHEBI	PMID:10364842	MECHANISM_REVIEW: mechanism is absent; 1 source literature lead(s), 0 record evidence item(s), 0 target(s)
review-readiness	CHEBI:20651	5α-ergosta-7,22-dien-3β-ol	CHEBI	PMID:10785434|PMID:12781809|PMID:16378363	MECHANISM_REVIEW: mechanism is source-seeded and not curator-checked; 3 source literature lead(s), 0 record evidence item(s), 0 target(s)
review-readiness	CHEBI:73683	6''-O-carbamoylkanamycin A	CHEBI		MECHANISM_REVIEW: mechanism is absent; 0 source literature lead(s), 0 record evidence item(s), 0 target(s)
review-readiness	CHEBI:65496	6,6'-bieckol	CHEBI	PMID:18693022|PMID:19201199|PMID:20132738|PMID:22259673|PMID:22289571	MECHANISM_REVIEW: mechanism is absent; 5 source literature lead(s), 0 record evidence item(s), 0 target(s)
review-readiness	CHEBI:2156	6,8-diprenylnaringenin	CHEBI	PMID:11325248|PMID:16972201|PMID:9599265	MECHANISM_REVIEW: mechanism is absent; 3 source literature lead(s), 0 record evidence item(s), 0 target(s)
review-readiness	CHEBI:16705	6-aminopenicillanic acid	CHEBI	PMID:12569987|PMID:1384868|PMID:14687482|PMID:1701026|PMID:20970923	MECHANISM_REVIEW: mechanism is absent; 10 source literature lead(s), 0 record evidence item(s), 0 target(s)
review-readiness	CHEBI:131580	6-azathymidine	CHEBI	PMID:13299319|PMID:13315367|PMID:14421504|PMID:14435160|PMID:4291096	MECHANISM_REVIEW: mechanism is absent; 5 source literature lead(s), 0 record evidence item(s), 0 target(s)
review-readiness	CHEBI:72481	6-bromoharmine	CHEBI		MECHANISM_REVIEW: mechanism is absent; 0 source literature lead(s), 0 record evidence item(s), 0 target(s)
review-readiness	CHEBI:149430	6-de(cyclopropylamino)-6-(2,2-dimethylazetidin-1-yl)abacavir	CHEBI	PMID:31549414	MECHANISM_REVIEW: mechanism is absent; 1 source literature lead(s), 0 record evidence item(s), 0 target(s)
review-readiness	CHEBI:149426	6-de(cyclopropylamino)-6-(2-methylazetidin-1-yl)abacavir	CHEBI	PMID:31549414	MECHANISM_REVIEW: mechanism is absent; 1 source literature lead(s), 0 record evidence item(s), 0 target(s)
review-readiness	CHEBI:149436	6-de(cyclopropylamino)-6-(3-cyclopropyl-3-fluoroazetidin-1-yl)abacavir	CHEBI	PMID:31549414	MECHANISM_REVIEW: mechanism is source-seeded and not curator-checked; 1 source literature lead(s), 0 record evidence item(s), 0 target(s)
review-readiness	CHEBI:149434	6-de(cyclopropylamino)-6-(3-fluoroazetidin-1-yl)abacavir	CHEBI	PMID:31549414	MECHANISM_REVIEW: mechanism is absent; 1 source literature lead(s), 0 record evidence item(s), 0 target(s)
review-readiness	CHEBI:149432	6-de(cyclopropylamino)-6-(3-isopropoxyazetidin-1-yl)abacavir	CHEBI	PMID:31549414	MECHANISM_REVIEW: mechanism is absent; 1 source literature lead(s), 0 record evidence item(s), 0 target(s)
review-readiness	CHEBI:149435	6-de(cyclopropylamino)-6-(3-methoxyazetidin-1-yl)abacavir	CHEBI	PMID:31549414	MECHANISM_REVIEW: mechanism is absent; 1 source literature lead(s), 0 record evidence item(s), 0 target(s)
review-readiness	CHEBI:149431	6-de(cyclopropylamino)-6-(azetidin-1-yl)abacavir	CHEBI	PMID:31549414	MECHANISM_REVIEW: mechanism is absent; 1 source literature lead(s), 0 record evidence item(s), 0 target(s)
review-readiness	CHEBI:149437	6-de(cyclopropylamino)-6-(isobutylamino)abacavir	CHEBI	PMID:31549414	MECHANISM_REVIEW: mechanism is absent; 1 source literature lead(s), 0 record evidence item(s), 0 target(s)
review-readiness	CHEBI:149438	6-de(cyclopropylamino)-6-[(S)-sec-butylamino]abacavir	CHEBI	PMID:31549414	MECHANISM_REVIEW: mechanism is absent; 1 source literature lead(s), 0 record evidence item(s), 0 target(s)
review-readiness	CHEBI:138889	6-diazo-5-oxo-L-norleucine	CHEBI	PMID:1412455|PMID:2108451|PMID:25584882|PMID:26425550|PMID:27489275	MECHANISM_REVIEW: mechanism is absent; 10 source literature lead(s), 0 record evidence item(s), 0 target(s)
review-readiness	CHEBI:59004	6-formamidopenicillanic acid	CHEBI	PMID:41925|PMID:6166603	MECHANISM_REVIEW: mechanism is absent; 2 source literature lead(s), 0 record evidence item(s), 0 target(s)
review-readiness	CHEBI:195240	6-methoxy-2-benzoxazolinone	CHEBI	PMID:11701394|PMID:16154300|PMID:16425448|PMID:16478219|PMID:18160321	MECHANISM_REVIEW: mechanism is absent; 10 source literature lead(s), 0 record evidence item(s), 0 target(s)
review-readiness	CHEBI:87124	6-tuliposide B	CHEBI	PMID:10385332|PMID:19939419|PMID:21512240|PMID:24317075|PMID:25126881	MECHANISM_REVIEW: mechanism is absent; 7 source literature lead(s), 0 record evidence item(s), 0 target(s)
review-readiness	CHEBI:51795	6α-[(R)-1-hydroxyethyl]-2-[(R)-tetrahydrofuran-2-yl]pen-2-em-3-carboxylate	CHEBI		MECHANISM_REVIEW: mechanism is absent; 0 source literature lead(s), 0 record evidence item(s), 0 target(s)
review-readiness	CHEBI:51257	6α-[(R)-1-hydroxyethyl]-2-[(R)-tetrahydrofuran-2-yl]pen-2-em-3-carboxylic acid	CHEBI		MECHANISM_REVIEW: mechanism is absent; 0 source literature lead(s), 0 record evidence item(s), 0 target(s)
review-readiness	CHEBI:51797	6α-[(S)-1-hydroxyethyl]-2-[(R)-tetrahydrofuran-2-yl]pen-2-em-3-carboxylate	CHEBI		MECHANISM_REVIEW: mechanism is absent; 0 source literature lead(s), 0 record evidence item(s), 0 target(s)
review-readiness	CHEBI:66662	6α-malonyloxymanoyl oxide	CHEBI	PMID:18582112	MECHANISM_REVIEW: mechanism is absent; 1 source literature lead(s), 0 record evidence item(s), 0 target(s)
review-readiness	CHEBI:65752	6β,16β-diacetoxy-25-hydroxy-3,7-dioxy-29-nordammara-1,17(20)-dien-21-oic acid	CHEBI	PMID:18505285	MECHANISM_REVIEW: mechanism is absent; 1 source literature lead(s), 0 record evidence item(s), 0 target(s)
review-readiness	CHEBI:73188	6β-({5-[(p-aminophenyl)imino]pentylidene}amino)penicillanic acid	CHEBI	PMID:23452214	MECHANISM_REVIEW: mechanism is absent; 1 source literature lead(s), 0 record evidence item(s), 0 target(s)
review-readiness	CHEBI:73187	6β-[(p-hydroxybenzylidene)amino]penicillanic acid	CHEBI	PMID:23452214	MECHANISM_REVIEW: mechanism is absent; 1 source literature lead(s), 0 record evidence item(s), 0 target(s)
review-readiness	CHEBI:51792	6β-[(S)-1-hydroxyethyl]-2-[(R)-tetrahydrofuran-2-yl]pen-2-em-3-carboxylate	CHEBI		MECHANISM_REVIEW: mechanism is absent; 0 source literature lead(s), 0 record evidence item(s), 0 target(s)
review-readiness	CHEBI:51790	6β-[(S)-1-hydroxyethyl]-2-[(R)-tetrahydrofuran-2-yl]pen-2-em-3-carboxylic acid	CHEBI		MECHANISM_REVIEW: mechanism is absent; 0 source literature lead(s), 0 record evidence item(s), 0 target(s)
review-readiness	CHEBI:16861	7''-O-phosphohygromycin B	CHEBI		MECHANISM_REVIEW: mechanism is absent; 0 source literature lead(s), 0 record evidence item(s), 0 target(s)
review-readiness	CHEBI:65740	7'-O-demethylisocephaeline	CHEBI	PMID:12880315	MECHANISM_REVIEW: mechanism is absent; 1 source literature lead(s), 0 record evidence item(s), 0 target(s)
review-readiness	CHEBI:65944	7,4'-di-O-galloyltricetiflavan	CHEBI	PMID:16724853	MECHANISM_REVIEW: mechanism is absent; 1 source literature lead(s), 0 record evidence item(s), 0 target(s)
review-readiness	CHEBI:65780	7,4'-dihydroxy-3'-methoxyisoflavone	CHEBI	PMID:14640516	MECHANISM_REVIEW: mechanism is absent; 1 source literature lead(s), 0 record evidence item(s), 0 target(s)
review-readiness	CHEBI:77581	7-(3-aminopyrrolidin-1-yl)-1-(2,4-difluorophenyl)-6-fluoro-4-oxo-1,4-dihydro-1,8-naphthyridine-3-carboxylic acid	ARO+CHEBI	PMID:1906696	MECHANISM_REVIEW: mechanism is absent; 1 source literature lead(s), 0 record evidence item(s), 0 target(s)
review-readiness	CHEBI:52304	7-aminoactinomycin D	CHEBI		MECHANISM_REVIEW: mechanism is absent; 0 source literature lead(s), 0 record evidence item(s), 0 target(s)
review-readiness	CHEBI:77845	7-aminocholesterol	CHEBI	PMID:22129104|PMID:7896083|PMID:8056288	MECHANISM_REVIEW: mechanism is absent; 3 source literature lead(s), 0 record evidence item(s), 0 target(s)
review-readiness	CHEBI:67296	7-deacetylgedunin	CHEBI	PMID:19003936|PMID:21381696|PMID:21733687|PMID:22659195	MECHANISM_REVIEW: mechanism is absent; 4 source literature lead(s), 0 record evidence item(s), 0 target(s)
review-readiness	CHEBI:65850	7-epiclusianone	CHEBI	PMID:10075791|PMID:16716915|PMID:17562491|PMID:19653314|PMID:21924261	MECHANISM_REVIEW: mechanism is absent; 5 source literature lead(s), 0 record evidence item(s), 0 target(s)
review-readiness	CHEBI:66030	7-hydroxy-5-hydroxymethyl-2H-benzo[1,4]thiazin-3-one	CHEBI	PMID:18603789	MECHANISM_REVIEW: mechanism is absent; 1 source literature lead(s), 0 record evidence item(s), 0 target(s)
review-readiness	CHEBI:70656	7-hydroxy-5-methoxy-6,8-dimethylflavone	CHEBI	PMID:20886838	MECHANISM_REVIEW: mechanism is source-seeded and not curator-checked; 1 source literature lead(s), 0 record evidence item(s), 0 target(s)
review-readiness	CHEBI:70652	7-hydroxy-5-methoxy-6,8-dimethylisoflavone	CHEBI	PMID:20886838	MECHANISM_REVIEW: mechanism is source-seeded and not curator-checked; 1 source literature lead(s), 0 record evidence item(s), 0 target(s)
review-readiness	CHEBI:65943	7-O-galloyltricetiflavan	CHEBI	PMID:16724853	MECHANISM_REVIEW: mechanism is absent; 1 source literature lead(s), 0 record evidence item(s), 0 target(s)
review-readiness	CHEBI:66841	7-oxohernangerine	CHEBI	PMID:12237535	MECHANISM_REVIEW: mechanism is source-seeded and not curator-checked; 1 source literature lead(s), 0 record evidence item(s), 0 target(s)
review-readiness	CHEBI:64984	7β-aminodeacetoxycephalosporanic acid	CHEBI	PMID:22371438	MECHANISM_REVIEW: mechanism is absent; 1 source literature lead(s), 0 record evidence item(s), 0 target(s)
review-readiness	CHEBI:66402	8,8a-epoxymorellic acid	CHEBI	PMID:17117343	MECHANISM_REVIEW: mechanism is absent; 1 source literature lead(s), 0 record evidence item(s), 0 target(s)
review-readiness	CHEBI:65367	8-acetoxyheterophyllisine	CHEBI	PMID:9170290	MECHANISM_REVIEW: mechanism is absent; 1 source literature lead(s), 0 record evidence item(s), 0 target(s)
review-readiness	CHEBI:136532	8-azahypoxanthine	CHEBI	PMID:2604836|PMID:5166378|PMID:6709851	MECHANISM_REVIEW: mechanism is absent; 3 source literature lead(s), 0 record evidence item(s), 0 target(s)
review-readiness	CHEBI:78286	8-demethyl-8-(2,3-O-dimethyl-α-L-rhamnosyl)tetracenomycin C	CHEBI	PMID:11376004	MECHANISM_REVIEW: mechanism is absent; 1 source literature lead(s), 0 record evidence item(s), 0 target(s)
review-readiness	CHEBI:78285	8-demethyl-8-(2-O-methyl-α-L-rhamnosyl)tetracenomycin C	CHEBI	PMID:11376004	MECHANISM_REVIEW: mechanism is absent; 1 source literature lead(s), 0 record evidence item(s), 0 target(s)
review-readiness	CHEBI:78283	8-demethyl-8-(α-L-rhamnosyl)tetracenomycin C	CHEBI	PMID:11376004	MECHANISM_REVIEW: mechanism is absent; 1 source literature lead(s), 0 record evidence item(s), 0 target(s)
review-readiness	CHEBI:31144	8-demethyltetracenomycin C	CHEBI	PMID:12444703|PMID:18310024|PMID:3460987	MECHANISM_REVIEW: mechanism is absent; 3 source literature lead(s), 0 record evidence item(s), 0 target(s)
review-readiness	CHEBI:66669	8-hydroxymanzamine A	CHEBI	PMID:17708655|PMID:8158160	MECHANISM_REVIEW: mechanism is absent; 2 source literature lead(s), 0 record evidence item(s), 0 target(s)
review-readiness	CHEBI:85269	9-fluoro-5-methyl-1-oxo-6,7-dihydro-1H,5H-pyrido[3,2,1-ij]quinoline-2-carboxylic acid	ARO+CHEBI	PMID:34729090	MECHANISM_REVIEW: mechanism is absent; 1 source literature lead(s), 0 record evidence item(s), 0 target(s)
review-readiness	CHEBI:66699	9-methoxycanthin-6-one	CHEBI	PMID:11249106|PMID:11988862|PMID:15138004|PMID:1800638|PMID:19521859	MECHANISM_REVIEW: mechanism is absent; 5 source literature lead(s), 0 record evidence item(s), 0 target(s)
review-readiness	CHEBI:77036	A41030A	CHEBI	PMID:17329243|PMID:3838299	MECHANISM_REVIEW: mechanism is absent; 2 source literature lead(s), 0 record evidence item(s), 0 target(s)
review-readiness	CHEBI:29505	A47934	ARO+CHEBI	PMID:16492565|PMID:12060705|PMID:9435111|PMID:17884639|PMID:17329243	MECHANISM_REVIEW: mechanism is absent; 7 source literature lead(s), 0 record evidence item(s), 1 target(s)
review-readiness	CHEBI:421707	abacavir	CHEBI	PMID:11678376|PMID:11806176|PMID:12781181|PMID:15887959|PMID:16458506	MECHANISM_REVIEW: mechanism is source-seeded and not curator-checked; 10 source literature lead(s), 0 record evidence item(s), 0 target(s)
review-readiness	CHEBI:76005	abafungin	CHEBI	PMID:18587237|PMID:20383346	MECHANISM_REVIEW: mechanism is absent; 2 source literature lead(s), 0 record evidence item(s), 0 target(s)
review-readiness	CHEBI:65361	acacetin-7-O-β-D-galactopyranoside	CHEBI	PMID:22226544|PMID:8158164|PMID:9781305	MECHANISM_REVIEW: mechanism is absent; 3 source literature lead(s), 0 record evidence item(s), 0 target(s)
review-readiness	CHEBI:139474	acedapsone	CHEBI	PMID:29045131|PMID:3543161|PMID:3794408|PMID:4793795|PMID:6991817	MECHANISM_REVIEW: mechanism is absent; 5 source literature lead(s), 0 record evidence item(s), 0 target(s)
review-readiness	CHEBI:15366	acetic acid	CHEBI	PMID:12005138|PMID:15107950|PMID:16630552|PMID:16774200|PMID:17190852	MECHANISM_REVIEW: mechanism is absent; 9 source literature lead(s), 0 record evidence item(s), 0 target(s)
review-readiness	CHEBI:2413	acetylblasticidin S	CHEBI	PMID:236272|PMID:23879927	MECHANISM_REVIEW: mechanism is absent; 2 source literature lead(s), 0 record evidence item(s), 0 target(s)
review-readiness	CHEBI:73185	acibenzolar	CHEBI		MECHANISM_REVIEW: mechanism is absent; 0 source literature lead(s), 0 record evidence item(s), 0 target(s)
review-readiness	CHEBI:73178	acibenzolar-S-methyl	CHEBI	PMID:11838287|PMID:19265983|PMID:20377227|PMID:20621100|PMID:20652832	MECHANISM_REVIEW: mechanism is absent; 10 source literature lead(s), 0 record evidence item(s), 0 target(s)
review-readiness	CHEBI:74545	acivicin	CHEBI	PMID:11478776|PMID:14586123|PMID:2383250|PMID:2894949|PMID:3112985	MECHANISM_REVIEW: mechanism is absent; 10 source literature lead(s), 0 record evidence item(s), 0 target(s)
review-readiness	CHEBI:74619	aclacinomycin A	CHEBI	PMID:19626543|PMID:19744710|PMID:20047095|PMID:20399885|PMID:20855424	MECHANISM_REVIEW: mechanism is source-seeded and not curator-checked; 10 source literature lead(s), 0 record evidence item(s), 0 target(s)
review-readiness	CHEBI:77980	aclacinomycin A zwitterion	CHEBI		MECHANISM_REVIEW: mechanism is source-seeded and not curator-checked; 0 source literature lead(s), 0 record evidence item(s), 0 target(s)
review-readiness	CHEBI:75091	aclacinomycin N	CHEBI	PMID:17395717|PMID:2759016|PMID:6929356	MECHANISM_REVIEW: mechanism is absent; 3 source literature lead(s), 0 record evidence item(s), 0 target(s)
review-readiness	CHEBI:79176	aclacinomycin S	CHEBI	PMID:3917377|PMID:6931828|PMID:6941952|PMID:6956531|PMID:7411850	MECHANISM_REVIEW: mechanism is absent; 5 source literature lead(s), 0 record evidence item(s), 0 target(s)
review-readiness	CHEBI:78303	aclacinomycin S zwitterion	CHEBI	PMID:15078101	MECHANISM_REVIEW: mechanism is absent; 1 source literature lead(s), 0 record evidence item(s), 0 target(s)
review-readiness	CHEBI:74351	aclacinomycin T	CHEBI	PMID:11004563|PMID:11934504|PMID:12427929|PMID:12878604|PMID:13345780	MECHANISM_REVIEW: mechanism is absent; 8 source literature lead(s), 0 record evidence item(s), 0 target(s)
review-readiness	CHEBI:74758	aclacinomycin T hydrochloride	CHEBI		MECHANISM_REVIEW: mechanism is absent; 0 source literature lead(s), 0 record evidence item(s), 0 target(s)
review-readiness	CHEBI:77979	aclacinomycin T zwitterion	CHEBI		MECHANISM_REVIEW: mechanism is absent; 0 source literature lead(s), 0 record evidence item(s), 0 target(s)
review-readiness	CHEBI:75093	aclacinomycin Y	CHEBI	PMID:17395717|PMID:528393	MECHANISM_REVIEW: mechanism is absent; 2 source literature lead(s), 0 record evidence item(s), 0 target(s)
review-readiness	CHEBI:77985	aclacinomycin Y zwitterion	CHEBI	PMID:17395717|PMID:528393	MECHANISM_REVIEW: mechanism is absent; 2 source literature lead(s), 0 record evidence item(s), 0 target(s)
review-readiness	CHEBI:167054	acrophiarin	CHEBI	PMID:27494047|PMID:32239586	MECHANISM_REVIEW: mechanism is source-seeded and not curator-checked; 2 source literature lead(s), 0 record evidence item(s), 0 target(s)
review-readiness	CHEBI:28217	acrylonitrile	CHEBI	PMID:12075111|PMID:23043843|PMID:24248151|PMID:28782019|PMID:28965700	MECHANISM_REVIEW: mechanism is absent; 9 source literature lead(s), 0 record evidence item(s), 0 target(s)
review-readiness	CHEBI:132853	acteoside	CHEBI	PMID:10432210|PMID:25628651|PMID:25900014|PMID:25900087|PMID:26427909	MECHANISM_REVIEW: mechanism is absent; 10 source literature lead(s), 0 record evidence item(s), 0 target(s)
review-readiness	CHEBI:2444	actinodaphnine	CHEBI	PMID:16168547|PMID:2609975|PMID:3267205	MECHANISM_REVIEW: mechanism is absent; 3 source literature lead(s), 0 record evidence item(s), 0 target(s)
review-readiness	CHEBI:27666	actinomycin D	ARO+CHEBI	PMID:2410919	MECHANISM_REVIEW: mechanism is absent; 1 source literature lead(s), 0 record evidence item(s), 1 target(s)
review-readiness	CHEBI:2448	actinorhodin	CHEBI	PMID:15054568|PMID:17579485|PMID:18207163|PMID:24240146|PMID:24963940	MECHANISM_REVIEW: mechanism is absent; 6 source literature lead(s), 0 record evidence item(s), 0 target(s)
review-readiness	CHEBI:2453	acyclovir	CHEBI	PMID:11687127|PMID:11994034|PMID:24346595|PMID:26024233|PMID:28166217	MECHANISM_REVIEW: mechanism is absent; 6 source literature lead(s), 0 record evidence item(s), 0 target(s)
review-readiness	CHEBI:2469	adefovir	CHEBI	PMID:10676990|PMID:11796353|PMID:14647052|PMID:14978283|PMID:15866657	MECHANISM_REVIEW: mechanism is source-seeded and not curator-checked; 10 source literature lead(s), 0 record evidence item(s), 0 target(s)
review-readiness	CHEBI:31175	adefovir pivoxil	CHEBI	PMID:10728465|PMID:12099163|PMID:25237370|PMID:25493022|PMID:25834334	MECHANISM_REVIEW: mechanism is source-seeded and not curator-checked; 10 source literature lead(s), 0 record evidence item(s), 0 target(s)
review-readiness	CHEBI:45327	adenine arabinoside	CHEBI		MECHANISM_REVIEW: mechanism is absent; 0 source literature lead(s), 0 record evidence item(s), 0 target(s)
review-readiness	CHEBI:83155	adenosine 5'-hexadecylphosphate	CHEBI	PMID:10708376|PMID:16233132|PMID:16233300|PMID:9037758	MECHANISM_REVIEW: mechanism is absent; 4 source literature lead(s), 0 record evidence item(s), 0 target(s)
review-readiness	CHEBI:65371	adxanthromycin A	CHEBI	PMID:10344578	MECHANISM_REVIEW: mechanism is absent; 1 source literature lead(s), 0 record evidence item(s), 0 target(s)
review-readiness	CHEBI:65372	adxanthromycin B	CHEBI	PMID:10344578	MECHANISM_REVIEW: mechanism is absent; 1 source literature lead(s), 0 record evidence item(s), 0 target(s)
review-readiness	CHEBI:40629	AEE788	CHEBI	PMID:15256466|PMID:15520205|PMID:15756022|PMID:15827337|PMID:16740767	MECHANISM_REVIEW: mechanism is absent; 10 source literature lead(s), 0 record evidence item(s), 0 target(s)
review-readiness	CHEBI:80790	afzelin	CHEBI	PMID:23626759|PMID:24423008|PMID:24642906|PMID:27287415|PMID:27861739	MECHANISM_REVIEW: mechanism is absent; 10 source literature lead(s), 0 record evidence item(s), 0 target(s)
review-readiness	CHEBI:2512	agathisflavone	CHEBI	PMID:1484886|PMID:21106357|PMID:21281018|PMID:21594945	MECHANISM_REVIEW: mechanism is absent; 4 source literature lead(s), 0 record evidence item(s), 0 target(s)
review-readiness	CHEBI:65375	agrochelin	CHEBI	PMID:10656570	MECHANISM_REVIEW: mechanism is absent; 1 source literature lead(s), 0 record evidence item(s), 0 target(s)
review-readiness	CHEBI:82809	agrocin 84	CHEBI	PMID:1152843|PMID:12549403|PMID:16347881|PMID:16731618|PMID:18944744	MECHANISM_REVIEW: mechanism is absent; 10 source literature lead(s), 0 record evidence item(s), 0 target(s)
review-readiness	CHEBI:141361	aigialone	CHEBI	PMID:15043431|PMID:28425292	MECHANISM_REVIEW: mechanism is absent; 2 source literature lead(s), 0 record evidence item(s), 0 target(s)
review-readiness	CHEBI:75244	aklaviketone	CHEBI	PMID:11910122|PMID:3165374|PMID:7601857	MECHANISM_REVIEW: mechanism is absent; 3 source literature lead(s), 0 record evidence item(s), 0 target(s)
review-readiness	CHEBI:51460	albaflavenone	CHEBI	PMID:18234666|PMID:19385616|PMID:19858213|PMID:21342464|PMID:22151149	MECHANISM_REVIEW: mechanism is absent; 7 source literature lead(s), 0 record evidence item(s), 0 target(s)
review-readiness	CHEBI:16664	albendazole	ARO+CHEBI	PMID:35453279|PMID:22152396|PMID:24403707|PMID:24411094	MECHANISM_REVIEW: mechanism is absent; 4 source literature lead(s), 0 record evidence item(s), 0 target(s)
review-readiness	CHEBI:83206	albomycin δ1	CHEBI		MECHANISM_REVIEW: mechanism is absent; 0 source literature lead(s), 0 record evidence item(s), 0 target(s)
review-readiness	CHEBI:83215	albomycin δ2	CHEBI	PMID:11217799|PMID:22704654	MECHANISM_REVIEW: mechanism is absent; 2 source literature lead(s), 0 record evidence item(s), 0 target(s)
review-readiness	CHEBI:83217	albomycin ε	CHEBI		MECHANISM_REVIEW: mechanism is absent; 0 source literature lead(s), 0 record evidence item(s), 0 target(s)
review-readiness	CHEBI:77940	alborixin	CHEBI	PMID:1929322|PMID:28761|PMID:3572663|PMID:3823605|PMID:511789	MECHANISM_REVIEW: mechanism is source-seeded and not curator-checked; 10 source literature lead(s), 0 record evidence item(s), 0 target(s)
review-readiness	CHEBI:53661	alexidine	CHEBI	PMID:10848923|PMID:22152633|PMID:22495680|PMID:23492900|PMID:23970139	MECHANISM_REVIEW: mechanism is absent; 8 source literature lead(s), 0 record evidence item(s), 0 target(s)
review-readiness	CHEBI:65385	alisiaquinol	CHEBI	PMID:18512987	MECHANISM_REVIEW: mechanism is absent; 1 source literature lead(s), 0 record evidence item(s), 0 target(s)
review-readiness	CHEBI:65382	alisiaquinone A	CHEBI	PMID:18512987	MECHANISM_REVIEW: mechanism is absent; 1 source literature lead(s), 0 record evidence item(s), 0 target(s)
review-readiness	CHEBI:65383	alisiaquinone B	CHEBI	PMID:18512987	MECHANISM_REVIEW: mechanism is absent; 1 source literature lead(s), 0 record evidence item(s), 0 target(s)
review-readiness	CHEBI:65384	alisiaquninone C	CHEBI	PMID:18512987	MECHANISM_REVIEW: mechanism is absent; 1 source literature lead(s), 0 record evidence item(s), 0 target(s)
review-readiness	CHEBI:65386	alismorientol A	CHEBI	PMID:17541191|PMID:19639784	MECHANISM_REVIEW: mechanism is absent; 2 source literature lead(s), 0 record evidence item(s), 0 target(s)
review-readiness	CHEBI:65387	allanxanthone C	CHEBI	PMID:16394561|PMID:17244407|PMID:19053018|PMID:21138552	MECHANISM_REVIEW: mechanism is absent; 4 source literature lead(s), 0 record evidence item(s), 0 target(s)
review-readiness	CHEBI:28411	allicin	CHEBI		MECHANISM_REVIEW: mechanism is absent; 0 source literature lead(s), 0 record evidence item(s), 0 target(s)
review-readiness	CHEBI:2596	alliin	CHEBI	PMID:16999975|PMID:17262437|PMID:17702402|PMID:18034739|PMID:18172887	MECHANISM_REVIEW: mechanism is absent; 10 source literature lead(s), 0 record evidence item(s), 0 target(s)
review-readiness	CHEBI:132987	alliin zwitterion	CHEBI		MECHANISM_REVIEW: mechanism is absent; 0 source literature lead(s), 0 record evidence item(s), 0 target(s)
review-readiness	CHEBI:16605	allyl alcohol	CHEBI	PMID:18383315|PMID:24594943	MECHANISM_REVIEW: mechanism is absent; 2 source literature lead(s), 0 record evidence item(s), 0 target(s)
review-readiness	CHEBI:73224	allyl isothiocyanate	CHEBI	PMID:20174640|PMID:21237300|PMID:21711355|PMID:22093285|PMID:22104119	MECHANISM_REVIEW: mechanism is absent; 10 source literature lead(s), 0 record evidence item(s), 0 target(s)
review-readiness	CHEBI:101381	aloxistatin	CHEBI	PMID:26388830	MECHANISM_REVIEW: mechanism is absent; 1 source literature lead(s), 0 record evidence item(s), 0 target(s)
review-readiness	CHEBI:138488	alsterpaullone	CHEBI	PMID:10425100|PMID:12669310|PMID:20334651|PMID:22052821|PMID:23577282	MECHANISM_REVIEW: mechanism is absent; 7 source literature lead(s), 0 record evidence item(s), 0 target(s)
review-readiness	CHEBI:141340	altenusin	CHEBI	PMID:10470682|PMID:18494522|PMID:19835393|PMID:22366718|PMID:22967766	MECHANISM_REVIEW: mechanism is absent; 10 source literature lead(s), 0 record evidence item(s), 0 target(s)
review-readiness	CHEBI:2618	amantadine	CHEBI	PMID:23011311|PMID:24371305|PMID:24427376	MECHANISM_REVIEW: mechanism is absent; 3 source literature lead(s), 0 record evidence item(s), 0 target(s)
review-readiness	CHEBI:2619	amantadine hydrochloride	CHEBI	PMID:11054856|PMID:16170253|PMID:20020057|PMID:24263176|PMID:24614731	MECHANISM_REVIEW: mechanism is absent; 6 source literature lead(s), 0 record evidence item(s), 0 target(s)
review-readiness	CHEBI:78351	amantadine sulfate	CHEBI	PMID:10907729|PMID:11003631|PMID:11454179|PMID:11981240|PMID:12618292	MECHANISM_REVIEW: mechanism is absent; 9 source literature lead(s), 0 record evidence item(s), 0 target(s)
review-readiness	CHEBI:65400	ambiguine H	CHEBI	PMID:17315959|PMID:25983347|PMID:30336678	MECHANISM_REVIEW: mechanism is absent; 3 source literature lead(s), 0 record evidence item(s), 0 target(s)
review-readiness	CHEBI:65401	ambiguine I	CHEBI	PMID:17315959	MECHANISM_REVIEW: mechanism is absent; 1 source literature lead(s), 0 record evidence item(s), 0 target(s)
review-readiness	CHEBI:65402	amburoside A	CHEBI	PMID:14577630|PMID:16039060|PMID:18404596|PMID:19053991|PMID:20638258	MECHANISM_REVIEW: mechanism is absent; 5 source literature lead(s), 0 record evidence item(s), 0 target(s)
review-readiness	CHEBI:2631	amentoflavone	CHEBI	PMID:11256492|PMID:12372862|PMID:15130600|PMID:16084098|PMID:18298378	MECHANISM_REVIEW: mechanism is absent; 5 source literature lead(s), 0 record evidence item(s), 1 target(s)
review-readiness	CHEBI:83398	ametoctradin	CHEBI	PMID:24176337|PMID:25577097|PMID:25784492|PMID:25914236|PMID:26551250	MECHANISM_REVIEW: mechanism is source-seeded and not curator-checked; 10 source literature lead(s), 0 record evidence item(s), 0 target(s)
review-readiness	CHEBI:2637	amikacin	ARO+CHEBI	PMID:10103173|PMID:11083623|PMID:8385262|PMID:11744283|PMID:15305513	MECHANISM_REVIEW: mechanism is absent; 13 source literature lead(s), 0 record evidence item(s), 1 target(s)
review-readiness	CHEBI:2638	amikacin disulfate	CHEBI	PMID:109983|PMID:3174816|PMID:6162275|PMID:6800084	MECHANISM_REVIEW: mechanism is absent; 4 source literature lead(s), 0 record evidence item(s), 0 target(s)
review-readiness	CHEBI:84073	aminocandin	CHEBI	PMID:16046462|PMID:16634699|PMID:17021057|PMID:17242032|PMID:17391387	MECHANISM_REVIEW: mechanism is source-seeded and not curator-checked; 10 source literature lead(s), 0 record evidence item(s), 0 target(s)
review-readiness	CHEBI:233987	aminotipyr	CHEBI		MECHANISM_REVIEW: mechanism is absent; 0 source literature lead(s), 0 record evidence item(s), 0 target(s)
review-readiness	CHEBI:81846	amisulbrom	CHEBI	PMID:28560618|PMID:31077540|PMID:32303813|PMID:32442369|PMID:32760462	MECHANISM_REVIEW: mechanism is source-seeded and not curator-checked; 7 source literature lead(s), 0 record evidence item(s), 0 target(s)
review-readiness	CHEBI:81754	amobam	CHEBI		MECHANISM_REVIEW: mechanism is absent; 0 source literature lead(s), 0 record evidence item(s), 0 target(s)
review-readiness	CHEBI:2674	amodiaquine	CHEBI	PMID:11044276|PMID:11971651|PMID:17046445|PMID:17222819|PMID:18419816	MECHANISM_REVIEW: mechanism is absent; 10 source literature lead(s), 0 record evidence item(s), 3 target(s)
review-readiness	CHEBI:50652	amodiaquine hydrochloride	CHEBI		MECHANISM_REVIEW: mechanism is absent; 0 source literature lead(s), 0 record evidence item(s), 0 target(s)
review-readiness	CHEBI:599440	amorolfine	CHEBI	PMID:17620378	MECHANISM_REVIEW: mechanism is source-seeded and not curator-checked; 1 source literature lead(s), 0 record evidence item(s), 0 target(s)
review-readiness	CHEBI:59649	amorolfine hydrochloride	CHEBI		MECHANISM_REVIEW: mechanism is source-seeded and not curator-checked; 0 source literature lead(s), 0 record evidence item(s), 0 target(s)
review-readiness	CHEBI:2676	amoxicillin	ARO+CHEBI	PMID:19236222|PMID:10930630|PMID:11431418|PMID:11906332|PMID:12569987	MECHANISM_REVIEW: mechanism is absent; 11 source literature lead(s), 0 record evidence item(s), 1 target(s)
review-readiness	CHEBI:51254	amoxicillin trihydrate	CHEBI		MECHANISM_REVIEW: mechanism is absent; 0 source literature lead(s), 0 record evidence item(s), 0 target(s)
review-readiness	CHEBI:2682	amphotericin B	ARO+CHEBI	PMID:33523419|PMID:11429202|PMID:11930683|PMID:15793154|PMID:16120633	MECHANISM_REVIEW: mechanism is absent; 9 source literature lead(s), 0 record evidence item(s), 0 target(s)
review-readiness	CHEBI:277842	amphotericin B methyl ester	CHEBI	PMID:22788845	MECHANISM_REVIEW: mechanism is absent; 1 source literature lead(s), 0 record evidence item(s), 0 target(s)
review-readiness	CHEBI:28971	ampicillin	ARO+CHEBI	PMID:44765|PMID:3224398|PMID:10930630|PMID:12562703|PMID:12569987	MECHANISM_REVIEW: mechanism is absent; 12 source literature lead(s), 0 record evidence item(s), 1 target(s)
review-readiness	CHEBI:40050	amprenavir	CHEBI		MECHANISM_REVIEW: mechanism is source-seeded and not curator-checked; 0 source literature lead(s), 0 record evidence item(s), 0 target(s)
review-readiness	CHEBI:85265	amprolium	CHEBI	PMID:23334897|PMID:24431547|PMID:25523045	MECHANISM_REVIEW: mechanism is absent; 3 source literature lead(s), 0 record evidence item(s), 0 target(s)
review-readiness	CHEBI:85266	amprolium(1+)	CHEBI		MECHANISM_REVIEW: mechanism is absent; 0 source literature lead(s), 0 record evidence item(s), 0 target(s)
review-readiness	CHEBI:135779	amrubicin	CHEBI	PMID:31505087|PMID:31557562|PMID:31901017|PMID:32462731|PMID:32569168	MECHANISM_REVIEW: mechanism is absent; 8 source literature lead(s), 0 record evidence item(s), 0 target(s)
review-readiness	CHEBI:2696	anacardic acid	CHEBI	PMID:26371858|PMID:28012059|PMID:29795261|PMID:30642401|PMID:30712293	MECHANISM_REVIEW: mechanism is source-seeded and not curator-checked; 10 source literature lead(s), 0 record evidence item(s), 1 target(s)
review-readiness	CHEBI:65406	ancistrotanzanine A	CHEBI	PMID:12889879|PMID:14510589|PMID:15165131	MECHANISM_REVIEW: mechanism is absent; 3 source literature lead(s), 0 record evidence item(s), 0 target(s)
review-readiness	CHEBI:65407	ancistrotanzanine B	CHEBI	PMID:12889879|PMID:14510589	MECHANISM_REVIEW: mechanism is absent; 2 source literature lead(s), 0 record evidence item(s), 0 target(s)
review-readiness	CHEBI:65408	andrographolide	CHEBI	PMID:15894448|PMID:18464090|PMID:19110075|PMID:22026410|PMID:22512591	MECHANISM_REVIEW: mechanism is absent; 6 source literature lead(s), 0 record evidence item(s), 0 target(s)
review-readiness	CHEBI:55346	anidulafungin	ARO+CHEBI	PMID:15456342|PMID:15482216|PMID:16770294|PMID:17316149|PMID:19072176	MECHANISM_REVIEW: mechanism is source-seeded and not curator-checked; 11 source literature lead(s), 0 record evidence item(s), 0 target(s)
review-readiness	CHEBI:82076	anilazine	CHEBI	PMID:4682330|PMID:6108427|PMID:9066850	MECHANISM_REVIEW: mechanism is absent; 3 source literature lead(s), 0 record evidence item(s), 0 target(s)
review-readiness	CHEBI:65410	anolignan A	CHEBI	PMID:11777463|PMID:7525878	MECHANISM_REVIEW: mechanism is source-seeded and not curator-checked; 2 source literature lead(s), 0 record evidence item(s), 0 target(s)
review-readiness	CHEBI:65411	anolignan B	CHEBI	PMID:16257162|PMID:17828718|PMID:7525878|PMID:9249982	MECHANISM_REVIEW: mechanism is source-seeded and not curator-checked; 4 source literature lead(s), 0 record evidence item(s), 0 target(s)
review-readiness	CHEBI:29515	ansamitocin P3	CHEBI	PMID:11071278|PMID:1517150|PMID:1530630|PMID:15533675|PMID:15674857	MECHANISM_REVIEW: mechanism is absent; 10 source literature lead(s), 0 record evidence item(s), 0 target(s)
review-readiness	CHEBI:88275	antelmycin	CHEBI	PMID:14171214|PMID:16196060|PMID:371683|PMID:4616934|PMID:4754193	MECHANISM_REVIEW: mechanism is absent; 8 source literature lead(s), 0 record evidence item(s), 0 target(s)
review-readiness	CHEBI:40699	anthramycin	CHEBI	PMID:15599|PMID:1695729|PMID:17134232|PMID:17584616|PMID:18512205	MECHANISM_REVIEW: mechanism is absent; 10 source literature lead(s), 0 record evidence item(s), 0 target(s)
review-readiness	CHEBI:85005	anticapsin	CHEBI	PMID:16349914|PMID:3450099|PMID:3527630|PMID:3884731|PMID:5481496	MECHANISM_REVIEW: mechanism is absent; 8 source literature lead(s), 0 record evidence item(s), 0 target(s)
review-readiness	CHEBI:84310	anticapsin zwitterion	CHEBI		MECHANISM_REVIEW: mechanism is absent; 0 source literature lead(s), 0 record evidence item(s), 0 target(s)
review-readiness	CHEBI:65413	antimycin A9	CHEBI	PMID:15813185	MECHANISM_REVIEW: mechanism is absent; 1 source literature lead(s), 0 record evidence item(s), 0 target(s)
review-readiness	CHEBI:51691	apalcillin	CHEBI		MECHANISM_REVIEW: mechanism is absent; 0 source literature lead(s), 0 record evidence item(s), 0 target(s)
review-readiness	CHEBI:2766	aphidicolin	CHEBI	PMID:10592317|PMID:1483268|PMID:19735659|PMID:21212237|PMID:21444690	MECHANISM_REVIEW: mechanism is source-seeded and not curator-checked; 10 source literature lead(s), 0 record evidence item(s), 0 target(s)
review-readiness	CHEBI:16778	apigenin 7-O-β-D-glucoside	CHEBI	PMID:17186490|PMID:19112896|PMID:21656359|PMID:21756194	MECHANISM_REVIEW: mechanism is absent; 4 source literature lead(s), 0 record evidence item(s), 0 target(s)
review-readiness	CHEBI:77722	apigenin 7-O-β-D-glucoside(1−)	CHEBI		MECHANISM_REVIEW: mechanism is absent; 0 source literature lead(s), 0 record evidence item(s), 0 target(s)
review-readiness	CHEBI:15932	apiin	CHEBI	PMID:10722209|PMID:15813363|PMID:17637182|PMID:18553272|PMID:21834233	MECHANISM_REVIEW: mechanism is source-seeded and not curator-checked; 5 source literature lead(s), 0 record evidence item(s), 0 target(s)
review-readiness	CHEBI:2790	apramycin	ARO+CHEBI	PMID:10103173|PMID:8385262|PMID:11083623|PMID:1249675|PMID:340441	MECHANISM_REVIEW: mechanism is absent; 7 source literature lead(s), 0 record evidence item(s), 1 target(s)
review-readiness	CHEBI:88274	aranotin	CHEBI	PMID:20809554|PMID:4637543|PMID:4645597|PMID:4645598|PMID:4698552	MECHANISM_REVIEW: mechanism is absent; 8 source literature lead(s), 0 record evidence item(s), 0 target(s)
review-readiness	CHEBI:83685	arasertaconazole	CHEBI		MECHANISM_REVIEW: mechanism is source-seeded and not curator-checked; 0 source literature lead(s), 0 record evidence item(s), 0 target(s)
review-readiness	CHEBI:83692	arasertaconazole nitrate	CHEBI		MECHANISM_REVIEW: mechanism is source-seeded and not curator-checked; 0 source literature lead(s), 0 record evidence item(s), 0 target(s)
review-readiness	CHEBI:37922	arbekacin	ARO+CHEBI	PMID:7559197|PMID:10858356|PMID:14982763|PMID:15616309|PMID:15808488	MECHANISM_REVIEW: mechanism is source-seeded and not curator-checked; 9 source literature lead(s), 0 record evidence item(s), 1 target(s)
review-readiness	CHEBI:65423	ardimerin digallate	CHEBI	PMID:17397219	MECHANISM_REVIEW: mechanism is source-seeded and not curator-checked; 1 source literature lead(s), 0 record evidence item(s), 0 target(s)
review-readiness	CHEBI:65435	arisugacin A	CHEBI	PMID:7649881	MECHANISM_REVIEW: mechanism is absent; 1 source literature lead(s), 0 record evidence item(s), 0 target(s)
review-readiness	CHEBI:65436	arisugacin B	CHEBI	PMID:7649881	MECHANISM_REVIEW: mechanism is absent; 1 source literature lead(s), 0 record evidence item(s), 0 target(s)
review-readiness	CHEBI:65437	arisugacin C	CHEBI	PMID:10724008	MECHANISM_REVIEW: mechanism is absent; 1 source literature lead(s), 0 record evidence item(s), 0 target(s)
review-readiness	CHEBI:65438	arisugacin D	CHEBI	PMID:10724008	MECHANISM_REVIEW: mechanism is absent; 1 source literature lead(s), 0 record evidence item(s), 0 target(s)
review-readiness	CHEBI:68381	arjunolic acid	CHEBI	PMID:21046976|PMID:21732908|PMID:22486656|PMID:23402784	MECHANISM_REVIEW: mechanism is absent; 4 source literature lead(s), 0 record evidence item(s), 0 target(s)
review-readiness	CHEBI:193597	ARS-1620	CHEBI	PMID:35158284|PMID:35281897|PMID:36099883	MECHANISM_REVIEW: mechanism is absent; 3 source literature lead(s), 0 record evidence item(s), 0 target(s)
review-readiness	CHEBI:9016	arsphenamine	ARO+CHEBI	PMID:18679046	MECHANISM_REVIEW: mechanism is absent; 1 source literature lead(s), 0 record evidence item(s), 0 target(s)
review-readiness	CHEBI:195280	artemether	CHEBI	PMID:11141088|PMID:12781185|PMID:16033274|PMID:17242150|PMID:17404003	MECHANISM_REVIEW: mechanism is absent; 7 source literature lead(s), 0 record evidence item(s), 0 target(s)
review-readiness	CHEBI:136054	arterolane	CHEBI	PMID:15318224|PMID:17087929|PMID:17145800|PMID:17562801|PMID:19646936	MECHANISM_REVIEW: mechanism is absent; 10 source literature lead(s), 0 record evidence item(s), 0 target(s)
review-readiness	CHEBI:155927	arterolane maleate	CHEBI	PMID:21148048|PMID:22586253|PMID:26608469|PMID:26818020|PMID:26908796	MECHANISM_REVIEW: mechanism is absent; 6 source literature lead(s), 0 record evidence item(s), 0 target(s)
review-readiness	CHEBI:63918	artesunate	CHEBI	PMID:26097885|PMID:30704910|PMID:33652561|PMID:33792170|PMID:33814617	MECHANISM_REVIEW: mechanism is absent; 6 source literature lead(s), 0 record evidence item(s), 0 target(s)
review-readiness	CHEBI:68859	arugosin B	CHEBI	PMID:16872131	MECHANISM_REVIEW: mechanism is absent; 1 source literature lead(s), 0 record evidence item(s), 0 target(s)
review-readiness	CHEBI:65443	AS-186a	CHEBI	PMID:8119857	MECHANISM_REVIEW: mechanism is absent; 1 source literature lead(s), 0 record evidence item(s), 0 target(s)
review-readiness	CHEBI:65444	AS-186b	CHEBI	PMID:17390588|PMID:1750931|PMID:2010354|PMID:2010355|PMID:8119857	MECHANISM_REVIEW: mechanism is absent; 5 source literature lead(s), 0 record evidence item(s), 0 target(s)
review-readiness	CHEBI:65445	AS-186c	CHEBI	PMID:8119857	MECHANISM_REVIEW: mechanism is absent; 1 source literature lead(s), 0 record evidence item(s), 0 target(s)
review-readiness	CHEBI:65446	AS-186g	CHEBI	PMID:8119857	MECHANISM_REVIEW: mechanism is absent; 1 source literature lead(s), 0 record evidence item(s), 0 target(s)
review-readiness	CHEBI:2866	ascaridole	CHEBI	PMID:24184772|PMID:24645715	MECHANISM_REVIEW: mechanism is absent; 2 source literature lead(s), 0 record evidence item(s), 0 target(s)
review-readiness	CHEBI:156219	ascochlorin	CHEBI	PMID:11029223|PMID:11374942|PMID:19253369|PMID:20025846|PMID:20558137	MECHANISM_REVIEW: mechanism is absent; 10 source literature lead(s), 0 record evidence item(s), 0 target(s)
review-readiness	CHEBI:156148	ascofuranone	CHEBI	PMID:10511901|PMID:12798927|PMID:16288933|PMID:17114644|PMID:19306296	MECHANISM_REVIEW: mechanism is absent; 10 source literature lead(s), 0 record evidence item(s), 0 target(s)
review-readiness	CHEBI:29582	ascomycin	CHEBI	PMID:21833838|PMID:23435975|PMID:24628911|PMID:3198493|PMID:7520900	MECHANISM_REVIEW: mechanism is absent; 5 source literature lead(s), 0 record evidence item(s), 0 target(s)
review-readiness	CHEBI:167650	ASP-3026	CHEBI	PMID:24419060|PMID:25026277|PMID:25727400|PMID:25749034|PMID:25888090	MECHANISM_REVIEW: mechanism is absent; 10 source literature lead(s), 0 record evidence item(s), 0 target(s)
review-readiness	CHEBI:68792	asperentin	CHEBI	PMID:17125234|PMID:22663064|PMID:22704625|PMID:23413753|PMID:4629903	MECHANISM_REVIEW: mechanism is absent; 6 source literature lead(s), 0 record evidence item(s), 0 target(s)
review-readiness	CHEBI:156386	asperlactone	CHEBI	PMID:18661951|PMID:19589392|PMID:31880876|PMID:32875235	MECHANISM_REVIEW: mechanism is absent; 4 source literature lead(s), 0 record evidence item(s), 0 target(s)
review-readiness	CHEBI:65453	asphodelin A	CHEBI	PMID:17253862	MECHANISM_REVIEW: mechanism is absent; 1 source literature lead(s), 0 record evidence item(s), 0 target(s)
review-readiness	CHEBI:65454	asphodelin A-4'-O-β-glucoside	CHEBI	PMID:17253862	MECHANISM_REVIEW: mechanism is absent; 1 source literature lead(s), 0 record evidence item(s), 0 target(s)
review-readiness	CHEBI:138179	aspirin-triggered resolvin D1	CHEBI	PMID:17244615|PMID:21418187|PMID:22785226|PMID:22802419|PMID:23462912	MECHANISM_REVIEW: mechanism is absent; 10 source literature lead(s), 0 record evidence item(s), 0 target(s)
review-readiness	CHEBI:31240	aspoxicillin	ARO	PMID:6833130	MECHANISM_REVIEW: mechanism is absent; 1 source literature lead(s), 0 record evidence item(s), 0 target(s)
review-readiness	CHEBI:17704	aspulvinone E	CHEBI	PMID:23411074	MECHANISM_REVIEW: mechanism is absent; 1 source literature lead(s), 0 record evidence item(s), 0 target(s)
review-readiness	CHEBI:156387	aspyrone	CHEBI	PMID:18661951|PMID:19589392|PMID:28958507|PMID:31284571|PMID:8534985	MECHANISM_REVIEW: mechanism is absent; 5 source literature lead(s), 0 record evidence item(s), 0 target(s)
review-readiness	CHEBI:2896	astemizole	CHEBI		MECHANISM_REVIEW: mechanism is absent; 0 source literature lead(s), 0 record evidence item(s), 2 target(s)
review-readiness	CHEBI:192555	asterriquinone C1	CHEBI	PMID:14695798|PMID:16562864|PMID:1703412|PMID:17704773|PMID:18029206	MECHANISM_REVIEW: mechanism is source-seeded and not curator-checked; 5 source literature lead(s), 0 record evidence item(s), 0 target(s)
review-readiness	CHEBI:67927	astragalin heptaacetate	CHEBI	PMID:21466157	MECHANISM_REVIEW: mechanism is absent; 1 source literature lead(s), 0 record evidence item(s), 0 target(s)
review-readiness	CHEBI:37923	astromicin	ARO+CHEBI	PMID:10103173|PMID:8385262|PMID:11083623|PMID:1494349|PMID:2737953	MECHANISM_REVIEW: mechanism is absent; 8 source literature lead(s), 0 record evidence item(s), 1 target(s)
review-readiness	CHEBI:73481	asukamycin	CHEBI	PMID:15038738|PMID:16816183|PMID:19787206|PMID:20522559|PMID:21854515	MECHANISM_REVIEW: mechanism is absent; 8 source literature lead(s), 0 record evidence item(s), 0 target(s)
review-readiness	CHEBI:37924	atazanavir	CHEBI	PMID:15156449|PMID:15353575|PMID:15645003|PMID:15737947|PMID:17376023	MECHANISM_REVIEW: mechanism is source-seeded and not curator-checked; 10 source literature lead(s), 0 record evidence item(s), 0 target(s)
review-readiness	CHEBI:575568	atovaquone	ARO+CHEBI	PMID:12936966|PMID:10658902|PMID:11956677|PMID:12791689|PMID:14727190	MECHANISM_REVIEW: mechanism is absent; 9 source literature lead(s), 0 record evidence item(s), 0 target(s)
review-readiness	CHEBI:149660	atromentin	CHEBI	PMID:12872944|PMID:12895540|PMID:17323650|PMID:18805498|PMID:19809251	MECHANISM_REVIEW: mechanism is absent; 10 source literature lead(s), 0 record evidence item(s), 0 target(s)
review-readiness	CHEBI:90924	aurachin A	CHEBI	PMID:18989924|PMID:21979787|PMID:24367422|PMID:3106289	MECHANISM_REVIEW: mechanism is absent; 4 source literature lead(s), 0 record evidence item(s), 0 target(s)
review-readiness	CHEBI:90888	aurachin C	CHEBI	PMID:18989924|PMID:22907798|PMID:23103448|PMID:25130733|PMID:25209961	MECHANISM_REVIEW: mechanism is absent; 9 source literature lead(s), 0 record evidence item(s), 0 target(s)
review-readiness	CHEBI:156298	aurafuron A	CHEBI	PMID:15981410|PMID:17919655|PMID:22632656	MECHANISM_REVIEW: mechanism is absent; 3 source literature lead(s), 0 record evidence item(s), 0 target(s)
review-readiness	CHEBI:133760	aurasperone A	CHEBI	PMID:16155971|PMID:21176790|PMID:22377027|PMID:25809933|PMID:26669099	MECHANISM_REVIEW: mechanism is absent; 10 source literature lead(s), 0 record evidence item(s), 0 target(s)
review-readiness	CHEBI:61739	aureobasidin A	CHEBI		MECHANISM_REVIEW: mechanism is absent; 0 source literature lead(s), 0 record evidence item(s), 0 target(s)
review-readiness	CHEBI:65458	aureoquinone	CHEBI	PMID:11213290	MECHANISM_REVIEW: mechanism is absent; 1 source literature lead(s), 0 record evidence item(s), 0 target(s)
review-readiness	CHEBI:80024	aureothin	CHEBI	PMID:11079808|PMID:13174453|PMID:14700630|PMID:15038705|PMID:15612710	MECHANISM_REVIEW: mechanism is absent; 10 source literature lead(s), 0 record evidence item(s), 0 target(s)
review-readiness	CHEBI:156452	aureothricin	CHEBI	PMID:11433393|PMID:1171186|PMID:13084502|PMID:13096448|PMID:14275485	MECHANISM_REVIEW: mechanism is source-seeded and not curator-checked; 10 source literature lead(s), 0 record evidence item(s), 0 target(s)
review-readiness	CHEBI:156301	auricin	CHEBI	PMID:12384301|PMID:16079347|PMID:20466770|PMID:20490753|PMID:21393365	MECHANISM_REVIEW: mechanism is absent; 10 source literature lead(s), 0 record evidence item(s), 0 target(s)
review-readiness	CHEBI:65459	australifungin	CHEBI	PMID:10563338|PMID:12684378|PMID:18952903|PMID:22226824|PMID:7797434	MECHANISM_REVIEW: mechanism is source-seeded and not curator-checked; 6 source literature lead(s), 0 record evidence item(s), 0 target(s)
review-readiness	CHEBI:85984	avibactam	CHEBI	PMID:25361682|PMID:25406838|PMID:25444674|PMID:25487794|PMID:25534728	MECHANISM_REVIEW: mechanism is absent; 10 source literature lead(s), 0 record evidence item(s), 0 target(s)
review-readiness	CHEBI:85982	avibactam sodium	CHEBI	PMID:22587688|PMID:24217692|PMID:25050826	MECHANISM_REVIEW: mechanism is absent; 3 source literature lead(s), 0 record evidence item(s), 0 target(s)
review-readiness	CHEBI:85646	avilamycin A	CHEBI	PMID:11410376|PMID:15519487|PMID:15578738|PMID:15640214|PMID:16537546	MECHANISM_REVIEW: mechanism is absent; 8 source literature lead(s), 0 record evidence item(s), 0 target(s)
review-readiness	CHEBI:81898	azaconazole	CHEBI	PMID:3969677	MECHANISM_REVIEW: mechanism is source-seeded and not curator-checked; 1 source literature lead(s), 0 record evidence item(s), 0 target(s)
review-readiness	CHEBI:67280	azadiradione	CHEBI	PMID:12713364|PMID:1593280|PMID:18617378|PMID:19475987|PMID:22928548	MECHANISM_REVIEW: mechanism is absent; 5 source literature lead(s), 0 record evidence item(s), 0 target(s)
review-readiness	CHEBI:76293	azadirone	CHEBI	PMID:14592518|PMID:1593280|PMID:16401554|PMID:17917286|PMID:20669933	MECHANISM_REVIEW: mechanism is absent; 7 source literature lead(s), 0 record evidence item(s), 0 target(s)
review-readiness	CHEBI:74846	azaserine	CHEBI	PMID:19136606|PMID:23101568|PMID:23301939|PMID:4951003|PMID:7048085	MECHANISM_REVIEW: mechanism is absent; 6 source literature lead(s), 0 record evidence item(s), 0 target(s)
review-readiness	CHEBI:327119	azetidin-2-one	CHEBI	PMID:11063627|PMID:12569987|PMID:22296309|PMID:22799571	MECHANISM_REVIEW: mechanism is absent; 4 source literature lead(s), 0 record evidence item(s), 0 target(s)
review-readiness	CHEBI:135238	azidamfenicol	ARO	PMID:15539072	MECHANISM_REVIEW: mechanism is absent; 1 source literature lead(s), 0 record evidence item(s), 1 target(s)
review-readiness	CHEBI:51758	azidocillin	ARO+CHEBI	PMID:4999682	MECHANISM_REVIEW: mechanism is absent; 1 source literature lead(s), 0 record evidence item(s), 0 target(s)
review-readiness	CHEBI:41879	azimycin	ARO	PMID:3904612	MECHANISM_REVIEW: mechanism is absent; 1 source literature lead(s), 0 record evidence item(s), 0 target(s)
review-readiness	CHEBI:2955	azithromycin	ARO+CHEBI	PMID:1662624|PMID:15143799|PMID:18253999	MECHANISM_REVIEW: mechanism is absent; 3 source literature lead(s), 0 record evidence item(s), 1 target(s)
review-readiness	CHEBI:2956	azlocillin	ARO+CHEBI	PMID:6369480|PMID:11036013|PMID:11397088|PMID:19292999|PMID:20363776	MECHANISM_REVIEW: mechanism is absent; 11 source literature lead(s), 0 record evidence item(s), 1 target(s)
review-readiness	CHEBI:65461	azoxybacilin	CHEBI	PMID:8071129	MECHANISM_REVIEW: mechanism is absent; 1 source literature lead(s), 0 record evidence item(s), 0 target(s)
review-readiness	CHEBI:40909	azoxystrobin	ARO+CHEBI	PMID:8206299|PMID:9850581|PMID:20818521|PMID:21153804|PMID:21671616	MECHANISM_REVIEW: mechanism is source-seeded and not curator-checked; 12 source literature lead(s), 0 record evidence item(s), 0 target(s)
review-readiness	CHEBI:161680	aztreonam	ARO+CHEBI	PMID:3871589|PMID:1384868|PMID:15123864|PMID:24119095|PMID:24176390	MECHANISM_REVIEW: mechanism is absent; 11 source literature lead(s), 0 record evidence item(s), 1 target(s)
review-readiness	CHEBI:2968	bacampicillin	CHEBI	PMID:1211909|PMID:29017833|PMID:464583|PMID:7012993|PMID:7012998	MECHANISM_REVIEW: mechanism is absent; 6 source literature lead(s), 0 record evidence item(s), 0 target(s)
review-readiness	CHEBI:71623	bacillaene	CHEBI	PMID:17234808|PMID:17482575|PMID:17886826|PMID:18723688|PMID:20087918	MECHANISM_REVIEW: mechanism is absent; 7 source literature lead(s), 0 record evidence item(s), 0 target(s)
review-readiness	CHEBI:72687	bacilysin	CHEBI	PMID:15609023|PMID:19061923|PMID:19776011|PMID:20052993|PMID:20070370	MECHANISM_REVIEW: mechanism is absent; 10 source literature lead(s), 0 record evidence item(s), 0 target(s)
review-readiness	CHEBI:71621	bacilysocin	CHEBI	PMID:11796336	MECHANISM_REVIEW: mechanism is absent; 1 source literature lead(s), 0 record evidence item(s), 0 target(s)
review-readiness	CHEBI:35862	bacitracin A	ARO+CHEBI	PMID:6752975	MECHANISM_REVIEW: mechanism is absent; 1 source literature lead(s), 0 record evidence item(s), 2 target(s)
review-readiness	CHEBI:132468	bacteriohopane-32,33,34,35-tetrol	CHEBI	PMID:14673828|PMID:15997292|PMID:19222571|PMID:22221333|PMID:23413216	MECHANISM_REVIEW: mechanism is absent; 10 source literature lead(s), 0 record evidence item(s), 0 target(s)
review-readiness	CHEBI:22689	bafilomycin A1	CHEBI	PMID:10519916|PMID:11533151|PMID:17917797|PMID:19067440|PMID:19289106	MECHANISM_REVIEW: mechanism is source-seeded and not curator-checked; 10 source literature lead(s), 0 record evidence item(s), 0 target(s)
review-readiness	CHEBI:2979	baicalein	CHEBI	PMID:10724177|PMID:11513834|PMID:15853750|PMID:22114686|PMID:22891631	MECHANISM_REVIEW: mechanism is source-seeded and not curator-checked; 10 source literature lead(s), 0 record evidence item(s), 1 target(s)
review-readiness	CHEBI:2981	baicalin	CHEBI	PMID:10724177|PMID:18650094|PMID:21087019|PMID:22467027|PMID:23142347	MECHANISM_REVIEW: mechanism is source-seeded and not curator-checked; 9 source literature lead(s), 0 record evidence item(s), 0 target(s)
review-readiness	CHEBI:34553	Balofloxacin	ARO+CHEBI	PMID:1329626|PMID:7492097|PMID:15646539|PMID:20493593|PMID:30179746	MECHANISM_REVIEW: mechanism is absent; 6 source literature lead(s), 0 record evidence item(s), 0 target(s)
review-readiness	CHEBI:28908	bambermycin	CHEBI		MECHANISM_REVIEW: mechanism is absent; 0 source literature lead(s), 0 record evidence item(s), 0 target(s)
review-readiness	CHEBI:79384	BAR0329	CHEBI	PMID:20726898	MECHANISM_REVIEW: mechanism is absent; 1 source literature lead(s), 0 record evidence item(s), 0 target(s)
review-readiness	CHEBI:95341	baricitinib	CHEBI	PMID:26853940|PMID:27910962|PMID:30036348|PMID:30871014|PMID:30907116	MECHANISM_REVIEW: mechanism is absent; 9 source literature lead(s), 0 record evidence item(s), 0 target(s)
review-readiness	CHEBI:65465	bassiatin	CHEBI	PMID:8557595	MECHANISM_REVIEW: mechanism is absent; 1 source literature lead(s), 0 record evidence item(s), 0 target(s)
review-readiness	CHEBI:65466	batzelladine A	CHEBI	PMID:11388864	MECHANISM_REVIEW: mechanism is absent; 1 source literature lead(s), 0 record evidence item(s), 0 target(s)
review-readiness	CHEBI:65467	batzelladine B	CHEBI	PMID:11674213	MECHANISM_REVIEW: mechanism is absent; 1 source literature lead(s), 0 record evidence item(s), 0 target(s)
review-readiness	CHEBI:65468	bauhinoxepin A	CHEBI		MECHANISM_REVIEW: mechanism is absent; 0 source literature lead(s), 0 record evidence item(s), 0 target(s)
review-readiness	CHEBI:65469	bauhinoxepin B	CHEBI		MECHANISM_REVIEW: mechanism is absent; 0 source literature lead(s), 0 record evidence item(s), 0 target(s)
review-readiness	CHEBI:65470	bauhinoxepin F	CHEBI	PMID:17480099	MECHANISM_REVIEW: mechanism is absent; 1 source literature lead(s), 0 record evidence item(s), 0 target(s)
review-readiness	CHEBI:65471	bauhinoxepin I	CHEBI	PMID:17480099	MECHANISM_REVIEW: mechanism is absent; 1 source literature lead(s), 0 record evidence item(s), 0 target(s)
review-readiness	CHEBI:65472	bauhinoxepin J	CHEBI	PMID:17480099	MECHANISM_REVIEW: mechanism is absent; 1 source literature lead(s), 0 record evidence item(s), 0 target(s)
review-readiness	CHEBI:176500	BAY11-7085	CHEBI	PMID:14560113|PMID:15004016|PMID:16129475|PMID:16699956|PMID:16766531	MECHANISM_REVIEW: mechanism is absent; 10 source literature lead(s), 0 record evidence item(s), 0 target(s)
review-readiness	CHEBI:65473	BE-23372M	CHEBI	PMID:8175480|PMID:8175481	MECHANISM_REVIEW: mechanism is absent; 2 source literature lead(s), 0 record evidence item(s), 0 target(s)
review-readiness	CHEBI:65474	BE-24566B	CHEBI	PMID:16180833|PMID:8557611	MECHANISM_REVIEW: mechanism is absent; 2 source literature lead(s), 0 record evidence item(s), 0 target(s)
review-readiness	CHEBI:65475	BE-54238A	CHEBI	PMID:10724004	MECHANISM_REVIEW: mechanism is absent; 1 source literature lead(s), 0 record evidence item(s), 0 target(s)
review-readiness	CHEBI:65476	BE-54238B	CHEBI	PMID:10724004	MECHANISM_REVIEW: mechanism is absent; 1 source literature lead(s), 0 record evidence item(s), 0 target(s)
review-readiness	CHEBI:3000	beauvericin	CHEBI	PMID:12067253|PMID:15892576|PMID:16343425|PMID:18804027|PMID:18956271	MECHANISM_REVIEW: mechanism is source-seeded and not curator-checked; 10 source literature lead(s), 0 record evidence item(s), 0 target(s)
review-readiness	CHEBI:72292	bedaquiline	ARO+CHEBI	PMID:24130398|PMID:18948422|PMID:19954909|PMID:20038615|PMID:21659613	MECHANISM_REVIEW: mechanism is source-seeded and not curator-checked; 11 source literature lead(s), 0 record evidence item(s), 0 target(s)
review-readiness	CHEBI:72295	bedaquiline fumarate	CHEBI		MECHANISM_REVIEW: mechanism is source-seeded and not curator-checked; 0 source literature lead(s), 0 record evidence item(s), 0 target(s)
review-readiness	CHEBI:82779	benalaxyl-M	CHEBI	PMID:23052585	MECHANISM_REVIEW: mechanism is absent; 1 source literature lead(s), 0 record evidence item(s), 0 target(s)
review-readiness	CHEBI:82052	benodanil	CHEBI	PMID:6732737|PMID:7171370	MECHANISM_REVIEW: mechanism is source-seeded and not curator-checked; 2 source literature lead(s), 0 record evidence item(s), 0 target(s)
review-readiness	CHEBI:3015	benomyl	ARO+CHEBI	PMID:34152819|PMID:15813220|PMID:16903866|PMID:19049291|PMID:24693254	MECHANISM_REVIEW: mechanism is absent; 9 source literature lead(s), 0 record evidence item(s), 0 target(s)
review-readiness	CHEBI:83601	benthiavalicarb	CHEBI		MECHANISM_REVIEW: mechanism is absent; 0 source literature lead(s), 0 record evidence item(s), 0 target(s)
review-readiness	CHEBI:81732	benthiavalicarb-isopropyl	CHEBI	PMID:24176337	MECHANISM_REVIEW: mechanism is absent; 1 source literature lead(s), 0 record evidence item(s), 0 target(s)
review-readiness	CHEBI:65483	benzastatin C	CHEBI	PMID:17409523|PMID:8609080|PMID:8609081	MECHANISM_REVIEW: mechanism is absent; 3 source literature lead(s), 0 record evidence item(s), 0 target(s)
review-readiness	CHEBI:3049	benzatropine mesylate	CHEBI		MECHANISM_REVIEW: mechanism is absent; 0 source literature lead(s), 0 record evidence item(s), 0 target(s)
review-readiness	CHEBI:31264	benzethonium chloride	CHEBI	PMID:11453769|PMID:11606328|PMID:12595925|PMID:16750419|PMID:17867553	MECHANISM_REVIEW: mechanism is absent; 10 source literature lead(s), 0 record evidence item(s), 0 target(s)
review-readiness	CHEBI:133833	benznidazole	CHEBI	PMID:26760092|PMID:26760093|PMID:26760094|PMID:26760095|PMID:26974551	MECHANISM_REVIEW: mechanism is absent; 10 source literature lead(s), 0 record evidence item(s), 0 target(s)
review-readiness	CHEBI:167099	benzo[d]isothiazol-3-one	CHEBI	PMID:10201825|PMID:10604041|PMID:17988285|PMID:21903403|PMID:23429043	MECHANISM_REVIEW: mechanism is absent; 9 source literature lead(s), 0 record evidence item(s), 1 target(s)
review-readiness	CHEBI:167207	benzododecinium bromide	CHEBI	PMID:15028484|PMID:15250425|PMID:18653213|PMID:19013584|PMID:1909133	MECHANISM_REVIEW: mechanism is absent; 9 source literature lead(s), 0 record evidence item(s), 0 target(s)
review-readiness	CHEBI:167208	benzododecinium chloride	CHEBI	PMID:10502386|PMID:1218610|PMID:20993|PMID:21393196|PMID:22563942	MECHANISM_REVIEW: mechanism is absent; 10 source literature lead(s), 0 record evidence item(s), 0 target(s)
review-readiness	CHEBI:30746	benzoic acid	CHEBI	PMID:16728954|PMID:17439666|PMID:18314336	MECHANISM_REVIEW: mechanism is absent; 3 source literature lead(s), 0 record evidence item(s), 0 target(s)
review-readiness	CHEBI:17484	benzyl isothiocyanate	CHEBI		MECHANISM_REVIEW: mechanism is absent; 0 source literature lead(s), 0 record evidence item(s), 0 target(s)
review-readiness	CHEBI:18208	benzylpenicillin	ARO+CHEBI	PMID:4610013|PMID:10930630|PMID:11431418|PMID:11906332|PMID:12569987	MECHANISM_REVIEW: mechanism is absent; 11 source literature lead(s), 0 record evidence item(s), 1 target(s)
review-readiness	CHEBI:16118	berberine	CHEBI	PMID:11860742|PMID:12232209|PMID:12428952|PMID:12433089|PMID:12468268	MECHANISM_REVIEW: mechanism is absent; 10 source literature lead(s), 0 record evidence item(s), 0 target(s)
review-readiness	CHEBI:3086	betulin	CHEBI	PMID:10075776|PMID:19222115|PMID:19537177|PMID:19821831|PMID:21537960	MECHANISM_REVIEW: mechanism is absent; 10 source literature lead(s), 0 record evidence item(s), 0 target(s)
review-readiness	CHEBI:3087	betulinic acid	CHEBI	PMID:14595673|PMID:15083202|PMID:20075711|PMID:7489361|PMID:8176401	MECHANISM_REVIEW: mechanism is source-seeded and not curator-checked; 5 source literature lead(s), 0 record evidence item(s), 0 target(s)
review-readiness	CHEBI:3089	biapenem	ARO+CHEBI	PMID:12381221|PMID:8031067|PMID:28543395	MECHANISM_REVIEW: mechanism is absent; 3 source literature lead(s), 0 record evidence item(s), 0 target(s)
review-readiness	CHEBI:60584	bicozamycin	ARO+CHEBI	PMID:16181146|PMID:7487110	MECHANISM_REVIEW: mechanism is absent; 2 source literature lead(s), 0 record evidence item(s), 1 target(s)
review-readiness	CHEBI:172961	bictegravir sodium	CHEBI	PMID:30958667	MECHANISM_REVIEW: mechanism is source-seeded and not curator-checked; 1 source literature lead(s), 0 record evidence item(s), 0 target(s)
review-readiness	CHEBI:65492	bidebiline C	CHEBI	PMID:12762793	MECHANISM_REVIEW: mechanism is absent; 1 source literature lead(s), 0 record evidence item(s), 0 target(s)
review-readiness	CHEBI:65493	bidebiline D	CHEBI	PMID:12762793	MECHANISM_REVIEW: mechanism is absent; 1 source literature lead(s), 0 record evidence item(s), 0 target(s)
review-readiness	CHEBI:65497	bielschowskysin	CHEBI	PMID:16494470|PMID:21523870|PMID:22506798	MECHANISM_REVIEW: mechanism is absent; 3 source literature lead(s), 0 record evidence item(s), 0 target(s)
review-readiness	CHEBI:231944	bifemetstrobin	CHEBI		MECHANISM_REVIEW: mechanism is absent; 0 source literature lead(s), 0 record evidence item(s), 0 target(s)
review-readiness	CHEBI:78692	bifonazole	ARO	PMID:27799210	MECHANISM_REVIEW: mechanism is absent; 1 source literature lead(s), 0 record evidence item(s), 0 target(s)
review-readiness	CHEBI:3096	bikaverin	CHEBI	PMID:24183988|PMID:24291181	MECHANISM_REVIEW: mechanism is absent; 2 source literature lead(s), 0 record evidence item(s), 0 target(s)
review-readiness	CHEBI:3088	bilanafos	CHEBI	PMID:17632514|PMID:21530973	MECHANISM_REVIEW: mechanism is absent; 2 source literature lead(s), 0 record evidence item(s), 0 target(s)
review-readiness	CHEBI:17097	biphenyl	CHEBI	PMID:21337247|PMID:21575716	MECHANISM_REVIEW: mechanism is absent; 2 source literature lead(s), 0 record evidence item(s), 0 target(s)
review-readiness	CHEBI:17043	biphenyl-2-ol	CHEBI	PMID:14753781|PMID:23156781|PMID:23665931|PMID:24525378	MECHANISM_REVIEW: mechanism is absent; 4 source literature lead(s), 0 record evidence item(s), 0 target(s)
review-readiness	CHEBI:65498	bipinnatone A	CHEBI	PMID:18662038	MECHANISM_REVIEW: mechanism is absent; 1 source literature lead(s), 0 record evidence item(s), 0 target(s)
review-readiness	CHEBI:65499	bipinnatone B	CHEBI	PMID:18662038	MECHANISM_REVIEW: mechanism is absent; 1 source literature lead(s), 0 record evidence item(s), 0 target(s)
review-readiness	CHEBI:22899	bisdechlorogeodin	CHEBI		MECHANISM_REVIEW: mechanism is absent; 0 source literature lead(s), 0 record evidence item(s), 0 target(s)
review-readiness	CHEBI:3131	bithionol	CHEBI	PMID:17129675|PMID:24495391	MECHANISM_REVIEW: mechanism is absent; 2 source literature lead(s), 0 record evidence item(s), 1 target(s)
review-readiness	CHEBI:83106	bixafen	CHEBI	PMID:22999200|PMID:25146353|PMID:25796526|PMID:27141753	MECHANISM_REVIEW: mechanism is source-seeded and not curator-checked; 4 source literature lead(s), 0 record evidence item(s), 0 target(s)
review-readiness	CHEBI:65511	blancoxanthone	CHEBI	PMID:15684529	MECHANISM_REVIEW: mechanism is absent; 1 source literature lead(s), 0 record evidence item(s), 0 target(s)
review-readiness	CHEBI:57289	blasticidin S(1+)	CHEBI		MECHANISM_REVIEW: mechanism is absent; 0 source literature lead(s), 0 record evidence item(s), 0 target(s)
review-readiness	CHEBI:3139	bleomycin A2	ARO+CHEBI	PMID:15700963|PMID:12477361	MECHANISM_REVIEW: mechanism is absent; 2 source literature lead(s), 0 record evidence item(s), 2 target(s)
review-readiness	CHEBI:78160	bleomycin A5	CHEBI	PMID:14675139|PMID:19740258|PMID:20843632|PMID:22378834|PMID:22932480	MECHANISM_REVIEW: mechanism is absent; 10 source literature lead(s), 0 record evidence item(s), 0 target(s)
review-readiness	CHEBI:68621	boceprevir	CHEBI	PMID:18201776|PMID:19456105|PMID:20004570|PMID:20945949|PMID:21123164	MECHANISM_REVIEW: mechanism is source-seeded and not curator-checked; 10 source literature lead(s), 0 record evidence item(s), 0 target(s)
review-readiness	CHEBI:77880	boromycin	ARO+CHEBI	PMID:30089869|PMID:11952157|PMID:15638327|PMID:17991498|PMID:19055422	MECHANISM_REVIEW: mechanism is absent; 11 source literature lead(s), 0 record evidence item(s), 0 target(s)
review-readiness	CHEBI:78661	borrelidin	CHEBI	PMID:21343942|PMID:21472957|PMID:21678129|PMID:22242825|PMID:22313786	MECHANISM_REVIEW: mechanism is absent; 10 source literature lead(s), 0 record evidence item(s), 0 target(s)
review-readiness	CHEBI:52717	bortezomib	CHEBI	PMID:18484921|PMID:18980173|PMID:21504411|PMID:21865767	MECHANISM_REVIEW: mechanism is absent; 4 source literature lead(s), 0 record evidence item(s), 0 target(s)
review-readiness	CHEBI:81822	boscalid	ARO+CHEBI	PMID:24481672|PMID:35430062|PMID:30731698|PMID:21469935|PMID:24380616	MECHANISM_REVIEW: mechanism is source-seeded and not curator-checked; 9 source literature lead(s), 0 record evidence item(s), 0 target(s)
review-readiness	CHEBI:141337	botrallin	CHEBI	PMID:23011274|PMID:24898177|PMID:25211003	MECHANISM_REVIEW: mechanism is absent; 3 source literature lead(s), 0 record evidence item(s), 0 target(s)
review-readiness	CHEBI:141329	botryosphaerin H	CHEBI	PMID:26393542|PMID:29941838	MECHANISM_REVIEW: mechanism is absent; 2 source literature lead(s), 0 record evidence item(s), 0 target(s)
review-readiness	CHEBI:65512	brartemicin	CHEBI	PMID:19358565	MECHANISM_REVIEW: mechanism is absent; 1 source literature lead(s), 0 record evidence item(s), 0 target(s)
review-readiness	CHEBI:65513	brasilicardin A	CHEBI	PMID:10092191|PMID:10724013|PMID:11672311|PMID:15698766|PMID:17113997	MECHANISM_REVIEW: mechanism is absent; 7 source literature lead(s), 0 record evidence item(s), 0 target(s)
review-readiness	CHEBI:65514	brasilinolide A	CHEBI	PMID:14987008|PMID:9510911	MECHANISM_REVIEW: mechanism is absent; 2 source literature lead(s), 0 record evidence item(s), 0 target(s)
review-readiness	CHEBI:65515	brasilinolide B	CHEBI	PMID:10724012	MECHANISM_REVIEW: mechanism is absent; 1 source literature lead(s), 0 record evidence item(s), 0 target(s)
review-readiness	CHEBI:65516	brasiliquinone A	CHEBI	PMID:9066761	MECHANISM_REVIEW: mechanism is absent; 1 source literature lead(s), 0 record evidence item(s), 0 target(s)
review-readiness	CHEBI:65517	brasiliquinone B	CHEBI	PMID:9066761	MECHANISM_REVIEW: mechanism is absent; 1 source literature lead(s), 0 record evidence item(s), 0 target(s)
review-readiness	CHEBI:65518	brasiliquinone C	CHEBI	PMID:9066761	MECHANISM_REVIEW: mechanism is absent; 1 source literature lead(s), 0 record evidence item(s), 0 target(s)
review-readiness	CHEBI:69196	brazilein	CHEBI	PMID:16319518|PMID:16428078|PMID:17504570|PMID:23554834|PMID:23657435	MECHANISM_REVIEW: mechanism is absent; 10 source literature lead(s), 0 record evidence item(s), 0 target(s)
review-readiness	CHEBI:3170	brazilin	CHEBI	PMID:18021765|PMID:18983903|PMID:22044921|PMID:22920671|PMID:24095700	MECHANISM_REVIEW: mechanism is absent; 10 source literature lead(s), 0 record evidence item(s), 0 target(s)
review-readiness	CHEBI:48080	brefeldin A	ARO+CHEBI	PMID:13967812|PMID:13541371	MECHANISM_REVIEW: mechanism is absent; 2 source literature lead(s), 0 record evidence item(s), 0 target(s)
review-readiness	CHEBI:177387	brequinar	CHEBI	PMID:20606073|PMID:21840180|PMID:24013224|PMID:28833638|PMID:30663496	MECHANISM_REVIEW: mechanism is absent; 10 source literature lead(s), 0 record evidence item(s), 0 target(s)
review-readiness	CHEBI:177871	brequinar sodium	CHEBI	PMID:1599514|PMID:1617622|PMID:1739622|PMID:2078489|PMID:2153375	MECHANISM_REVIEW: mechanism is absent; 10 source literature lead(s), 0 record evidence item(s), 0 target(s)
review-readiness	CHEBI:88173	brilliant green	CHEBI	PMID:25286113|PMID:25286114|PMID:25514135|PMID:26177467|PMID:26231977	MECHANISM_REVIEW: mechanism is absent; 8 source literature lead(s), 0 record evidence item(s), 0 target(s)
review-readiness	CHEBI:88176	brilliant green cation	CHEBI		MECHANISM_REVIEW: mechanism is absent; 0 source literature lead(s), 0 record evidence item(s), 0 target(s)
review-readiness	CHEBI:47278	brivudine	CHEBI	PMID:15341504|PMID:18608718|PMID:19165642|PMID:19692139|PMID:20029444	MECHANISM_REVIEW: mechanism is absent; 10 source literature lead(s), 0 record evidence item(s), 0 target(s)
review-readiness	CHEBI:131726	brodimoprim	ARO+CHEBI	PMID:8195838|PMID:7562018|PMID:10026296|PMID:6363003|PMID:7164825	MECHANISM_REVIEW: mechanism is source-seeded and not curator-checked; 9 source literature lead(s), 0 record evidence item(s), 1 target(s)
review-readiness	CHEBI:59177	bromazine	CHEBI		MECHANISM_REVIEW: mechanism is absent; 0 source literature lead(s), 0 record evidence item(s), 0 target(s)
review-readiness	CHEBI:59178	bromazine hydrochloride	CHEBI		MECHANISM_REVIEW: mechanism is absent; 0 source literature lead(s), 0 record evidence item(s), 0 target(s)
review-readiness	CHEBI:144087	bromodeoxytopsentin	CHEBI	PMID:10217734|PMID:22030393|PMID:24995289|PMID:25372480|PMID:26473891	MECHANISM_REVIEW: mechanism is absent; 5 source literature lead(s), 0 record evidence item(s), 0 target(s)
review-readiness	CHEBI:65525	bromophycolide A	CHEBI	PMID:16268553|PMID:21309525|PMID:22214291	MECHANISM_REVIEW: mechanism is absent; 3 source literature lead(s), 0 record evidence item(s), 0 target(s)
review-readiness	CHEBI:144088	bromotopsentin	CHEBI	PMID:16236327|PMID:22030393|PMID:25490431|PMID:27933985	MECHANISM_REVIEW: mechanism is absent; 4 source literature lead(s), 0 record evidence item(s), 0 target(s)
review-readiness	CHEBI:81900	bromuconazole	ARO+CHEBI	PMID:15146917|PMID:17573638|PMID:19517438|PMID:22532344|PMID:23616354	MECHANISM_REVIEW: mechanism is source-seeded and not curator-checked; 5 source literature lead(s), 0 record evidence item(s), 0 target(s)
review-readiness	CHEBI:65529	bruceolide	CHEBI	PMID:11227768|PMID:2062960|PMID:3325613|PMID:9313855|PMID:9871598	MECHANISM_REVIEW: mechanism is absent; 5 source literature lead(s), 0 record evidence item(s), 0 target(s)
review-readiness	CHEBI:88353	bryostatin 1	CHEBI	PMID:10502742|PMID:14735696|PMID:16834754|PMID:20354984|PMID:21175177	MECHANISM_REVIEW: mechanism is absent; 10 source literature lead(s), 0 record evidence item(s), 0 target(s)
review-readiness	CHEBI:3209	buformin	CHEBI	PMID:11337146|PMID:12378556|PMID:12681211|PMID:14618027|PMID:15162388	MECHANISM_REVIEW: mechanism is absent; 10 source literature lead(s), 0 record evidence item(s), 0 target(s)
review-readiness	CHEBI:81952	bupirimate	CHEBI	PMID:11271705|PMID:11407590|PMID:1322478|PMID:1333747|PMID:20736058	MECHANISM_REVIEW: mechanism is absent; 9 source literature lead(s), 0 record evidence item(s), 0 target(s)
review-readiness	CHEBI:132650	burchellin	CHEBI	PMID:11002977|PMID:11130672|PMID:11449462|PMID:11570558|PMID:15302525	MECHANISM_REVIEW: mechanism is absent; 10 source literature lead(s), 0 record evidence item(s), 0 target(s)
review-readiness	CHEBI:3238	butenafine	ARO+CHEBI	PMID:2056447|PMID:2073116|PMID:17371821|PMID:8340915	MECHANISM_REVIEW: mechanism is source-seeded and not curator-checked; 4 source literature lead(s), 0 record evidence item(s), 0 target(s)
review-readiness	CHEBI:31325	butenafine hydrochloride	CHEBI		MECHANISM_REVIEW: mechanism is source-seeded and not curator-checked; 0 source literature lead(s), 0 record evidence item(s), 0 target(s)
review-readiness	CHEBI:65112	butirosin A	CHEBI		MECHANISM_REVIEW: mechanism is absent; 0 source literature lead(s), 0 record evidence item(s), 0 target(s)
review-readiness	CHEBI:65110	butirosin B	CHEBI	PMID:17462573	MECHANISM_REVIEW: mechanism is absent; 1 source literature lead(s), 0 record evidence item(s), 0 target(s)
review-readiness	CHEBI:3240	butoconazole	CHEBI		MECHANISM_REVIEW: mechanism is source-seeded and not curator-checked; 0 source literature lead(s), 0 record evidence item(s), 0 target(s)
review-readiness	CHEBI:3241	butoconazole nitrate	CHEBI		MECHANISM_REVIEW: mechanism is source-seeded and not curator-checked; 0 source literature lead(s), 0 record evidence item(s), 0 target(s)
review-readiness	CHEBI:152570	butremycin	CHEBI	PMID:24534843|PMID:25711294	MECHANISM_REVIEW: mechanism is absent; 2 source literature lead(s), 0 record evidence item(s), 0 target(s)
review-readiness	CHEBI:156070	butyl benzoate	CHEBI	PMID:11513276|PMID:12799010|PMID:21450321|PMID:26852620|PMID:30453004	MECHANISM_REVIEW: mechanism is absent; 5 source literature lead(s), 0 record evidence item(s), 0 target(s)
review-readiness	CHEBI:3252	C-1027 chromophore	CHEBI	PMID:12183628|PMID:15469361|PMID:15578773|PMID:15979878|PMID:16887797	MECHANISM_REVIEW: mechanism is absent; 10 source literature lead(s), 0 record evidence item(s), 0 target(s)
review-readiness	CHEBI:172944	cabotegravir	CHEBI	PMID:24144896|PMID:24594934|PMID:25469523|PMID:25589630|PMID:25589631	MECHANISM_REVIEW: mechanism is source-seeded and not curator-checked; 9 source literature lead(s), 0 record evidence item(s), 0 target(s)
review-readiness	CHEBI:172948	cabotegravir sodium	CHEBI	PMID:32856172|PMID:33439592|PMID:33439593|PMID:33443991|PMID:33821887	MECHANISM_REVIEW: mechanism is source-seeded and not curator-checked; 5 source literature lead(s), 0 record evidence item(s), 0 target(s)
review-readiness	CHEBI:65539	caesalpinin C	CHEBI	PMID:15921414	MECHANISM_REVIEW: mechanism is absent; 1 source literature lead(s), 0 record evidence item(s), 0 target(s)
review-readiness	CHEBI:65540	caesalpinin D	CHEBI	PMID:15921414	MECHANISM_REVIEW: mechanism is absent; 1 source literature lead(s), 0 record evidence item(s), 0 target(s)
review-readiness	CHEBI:65541	caesalpinin F	CHEBI	PMID:15921414	MECHANISM_REVIEW: mechanism is absent; 1 source literature lead(s), 0 record evidence item(s), 0 target(s)
review-readiness	CHEBI:65546	CAF-603	CHEBI	PMID:2292685|PMID:8691204|PMID:9369368	MECHANISM_REVIEW: mechanism is absent; 3 source literature lead(s), 0 record evidence item(s), 0 target(s)
review-readiness	CHEBI:3305	calcimycin	ARO	PMID:38103757	MECHANISM_REVIEW: mechanism is absent; 1 source literature lead(s), 0 record evidence item(s), 0 target(s)
review-readiness	CHEBI:65556	callipeltin A	CHEBI	PMID:11112442	MECHANISM_REVIEW: mechanism is absent; 1 source literature lead(s), 0 record evidence item(s), 0 target(s)
review-readiness	CHEBI:65557	callophycoic acid A	CHEBI	PMID:17715978	MECHANISM_REVIEW: mechanism is absent; 1 source literature lead(s), 0 record evidence item(s), 0 target(s)
review-readiness	CHEBI:65558	callophycoic acid B	CHEBI	PMID:17715978	MECHANISM_REVIEW: mechanism is absent; 1 source literature lead(s), 0 record evidence item(s), 0 target(s)
review-readiness	CHEBI:65559	callophycoic acid C	CHEBI	PMID:17715978	MECHANISM_REVIEW: mechanism is absent; 1 source literature lead(s), 0 record evidence item(s), 0 target(s)
review-readiness	CHEBI:65560	callophycoic acid D	CHEBI	PMID:17715978	MECHANISM_REVIEW: mechanism is absent; 1 source literature lead(s), 0 record evidence item(s), 0 target(s)
review-readiness	CHEBI:65561	callophycoic acid E	CHEBI	PMID:17715978	MECHANISM_REVIEW: mechanism is absent; 1 source literature lead(s), 0 record evidence item(s), 0 target(s)
review-readiness	CHEBI:65562	callophycoic acid F	CHEBI	PMID:17715978	MECHANISM_REVIEW: mechanism is absent; 1 source literature lead(s), 0 record evidence item(s), 0 target(s)
review-readiness	CHEBI:65563	callophycoic acid G	CHEBI	PMID:17715978	MECHANISM_REVIEW: mechanism is absent; 1 source literature lead(s), 0 record evidence item(s), 0 target(s)
review-readiness	CHEBI:65564	callophycoic acid H	CHEBI	PMID:17715978	MECHANISM_REVIEW: mechanism is absent; 1 source literature lead(s), 0 record evidence item(s), 0 target(s)
review-readiness	CHEBI:65565	callophycol A	CHEBI	PMID:17715978	MECHANISM_REVIEW: mechanism is absent; 1 source literature lead(s), 0 record evidence item(s), 0 target(s)
review-readiness	CHEBI:65566	callophycol B	CHEBI	PMID:17715978	MECHANISM_REVIEW: mechanism is absent; 1 source literature lead(s), 0 record evidence item(s), 0 target(s)
review-readiness	CHEBI:65570	caminoside A	CHEBI	PMID:12423093|PMID:15547902	MECHANISM_REVIEW: mechanism is absent; 2 source literature lead(s), 0 record evidence item(s), 0 target(s)
review-readiness	CHEBI:135632	camostat	CHEBI	PMID:23412700|PMID:26166259|PMID:26887332|PMID:33176395|PMID:33225308	MECHANISM_REVIEW: mechanism is absent; 9 source literature lead(s), 0 record evidence item(s), 1 target(s)
review-readiness	CHEBI:31347	camostat mesylate	CHEBI	PMID:15796165|PMID:16677167|PMID:17433371|PMID:1879802|PMID:19876587	MECHANISM_REVIEW: mechanism is absent; 10 source literature lead(s), 0 record evidence item(s), 0 target(s)
review-readiness	CHEBI:3349	candicidin D	CHEBI	PMID:5674962	MECHANISM_REVIEW: mechanism is absent; 1 source literature lead(s), 0 record evidence item(s), 0 target(s)
review-readiness	CHEBI:167557	cannabichromenic acid	CHEBI	PMID:29619743|PMID:30053500|PMID:31686510|PMID:32608035|PMID:32728233	MECHANISM_REVIEW: mechanism is absent; 9 source literature lead(s), 0 record evidence item(s), 0 target(s)
review-readiness	CHEBI:69478	cannabidiol	CHEBI	PMID:25703248|PMID:26845349|PMID:26976797|PMID:27067870|PMID:27157263	MECHANISM_REVIEW: mechanism is absent; 10 source literature lead(s), 0 record evidence item(s), 0 target(s)
review-readiness	CHEBI:69477	cannabigerol	CHEBI	PMID:20614687|PMID:21902175|PMID:23415610|PMID:25269802|PMID:27503475	MECHANISM_REVIEW: mechanism is absent; 10 source literature lead(s), 0 record evidence item(s), 0 target(s)
review-readiness	CHEBI:234469	cannabinolic acid	CHEBI	PMID:17354173|PMID:18303850|PMID:3161287|PMID:33839545|PMID:33887133	MECHANISM_REVIEW: mechanism is absent; 10 source literature lead(s), 0 record evidence item(s), 0 target(s)
review-readiness	CHEBI:132345	canophyllal	CHEBI	PMID:10075776|PMID:11849847|PMID:16864458|PMID:17487607|PMID:18310952	MECHANISM_REVIEW: mechanism is absent; 8 source literature lead(s), 0 record evidence item(s), 0 target(s)
review-readiness	CHEBI:3363	canthin-6-one	CHEBI	PMID:19325221|PMID:21134431|PMID:21236329	MECHANISM_REVIEW: mechanism is absent; 3 source literature lead(s), 0 record evidence item(s), 0 target(s)
review-readiness	CHEBI:28283	capsidiol	CHEBI	PMID:12009313|PMID:12135497|PMID:15497966|PMID:18066498|PMID:19420326	MECHANISM_REVIEW: mechanism is absent; 10 source literature lead(s), 0 record evidence item(s), 0 target(s)
review-readiness	CHEBI:81938	captafol	CHEBI	PMID:159800|PMID:1842583|PMID:21822319|PMID:8426061	MECHANISM_REVIEW: mechanism is absent; 4 source literature lead(s), 0 record evidence item(s), 0 target(s)
review-readiness	CHEBI:34608	captan	CHEBI	PMID:20433167|PMID:20569196|PMID:21121628|PMID:21381057|PMID:21381058	MECHANISM_REVIEW: mechanism is absent; 9 source literature lead(s), 0 record evidence item(s), 0 target(s)
review-readiness	CHEBI:46765	carbapenem	CHEBI		MECHANISM_REVIEW: mechanism is absent; 0 source literature lead(s), 0 record evidence item(s), 0 target(s)
review-readiness	CHEBI:58998	carbapenem MM22383	CHEBI	PMID:3338858	MECHANISM_REVIEW: mechanism is absent; 1 source literature lead(s), 0 record evidence item(s), 0 target(s)
review-readiness	CHEBI:3392	carbendazim	ARO+CHEBI	PMID:4850738|PMID:20833408|PMID:21315898|PMID:22077925|PMID:22903170	MECHANISM_REVIEW: mechanism is absent; 5 source literature lead(s), 0 record evidence item(s), 0 target(s)
review-readiness	CHEBI:3393	carbenicillin	ARO+CHEBI	PMID:11585791|PMID:15673804|PMID:4248289|PMID:12569987|PMID:22648337	MECHANISM_REVIEW: mechanism is absent; 6 source literature lead(s), 0 record evidence item(s), 1 target(s)
review-readiness	CHEBI:3405	carboxin	CHEBI	PMID:21228470|PMID:23047320|PMID:23261124|PMID:24119086|PMID:24785712	MECHANISM_REVIEW: mechanism is source-seeded and not curator-checked; 10 source literature lead(s), 0 record evidence item(s), 0 target(s)
review-readiness	CHEBI:90702	carboxy-PTIO	CHEBI	PMID:25331675|PMID:25589143|PMID:25594849|PMID:25724690|PMID:26187694	MECHANISM_REVIEW: mechanism is absent; 10 source literature lead(s), 0 record evidence item(s), 0 target(s)
review-readiness	CHEBI:3414	carfecillin	CHEBI		MECHANISM_REVIEW: mechanism is absent; 0 source literature lead(s), 0 record evidence item(s), 0 target(s)
review-readiness	CHEBI:65580	caribenol A	CHEBI	PMID:17715964|PMID:20831198	MECHANISM_REVIEW: mechanism is absent; 2 source literature lead(s), 0 record evidence item(s), 0 target(s)
review-readiness	CHEBI:65581	caribenol B	CHEBI	PMID:17715964	MECHANISM_REVIEW: mechanism is absent; 1 source literature lead(s), 0 record evidence item(s), 0 target(s)
review-readiness	CHEBI:52015	carindacillin	CHEBI		MECHANISM_REVIEW: mechanism is absent; 0 source literature lead(s), 0 record evidence item(s), 0 target(s)
review-readiness	CHEBI:31359	carminomycin	CHEBI	PMID:1020931|PMID:1020945|PMID:1037187|PMID:1037188|PMID:1101812	MECHANISM_REVIEW: mechanism is absent; 10 source literature lead(s), 0 record evidence item(s), 0 target(s)
review-readiness	CHEBI:65585	carnosic acid	CHEBI	PMID:11504768|PMID:17177234|PMID:22232247|PMID:22246562|PMID:22687582	MECHANISM_REVIEW: mechanism is source-seeded and not curator-checked; 10 source literature lead(s), 0 record evidence item(s), 0 target(s)
review-readiness	CHEBI:3434	carpropamid	CHEBI	PMID:11455653|PMID:9665698	MECHANISM_REVIEW: mechanism is absent; 2 source literature lead(s), 0 record evidence item(s), 0 target(s)
review-readiness	CHEBI:55486	carumonam	ARO+CHEBI	PMID:4073864|PMID:1384868|PMID:3056245|PMID:3087280|PMID:3377459	MECHANISM_REVIEW: mechanism is absent; 11 source literature lead(s), 0 record evidence item(s), 0 target(s)
review-readiness	CHEBI:3440	carvacrol	CHEBI	PMID:21447440|PMID:21544887|PMID:21815724|PMID:21879312|PMID:21938469	MECHANISM_REVIEW: mechanism is absent; 10 source literature lead(s), 0 record evidence item(s), 0 target(s)
review-readiness	CHEBI:38265	carvone	CHEBI	PMID:16638680|PMID:19876560|PMID:20233552|PMID:21428701	MECHANISM_REVIEW: mechanism is absent; 4 source literature lead(s), 0 record evidence item(s), 0 target(s)
review-readiness	CHEBI:17695	casbene	CHEBI	PMID:16660566|PMID:16662367|PMID:16664817	MECHANISM_REVIEW: mechanism is absent; 3 source literature lead(s), 0 record evidence item(s), 0 target(s)
review-readiness	CHEBI:65592	caseargrewiin A	CHEBI	PMID:15730240	MECHANISM_REVIEW: mechanism is absent; 1 source literature lead(s), 0 record evidence item(s), 0 target(s)
review-readiness	CHEBI:65593	caseargrewiin B	CHEBI	PMID:15730240	MECHANISM_REVIEW: mechanism is absent; 1 source literature lead(s), 0 record evidence item(s), 0 target(s)
review-readiness	CHEBI:65594	caseargrewiin C	CHEBI	PMID:15730240	MECHANISM_REVIEW: mechanism is absent; 1 source literature lead(s), 0 record evidence item(s), 0 target(s)
review-readiness	CHEBI:65595	caseargrewiin D	CHEBI	PMID:15730240	MECHANISM_REVIEW: mechanism is absent; 1 source literature lead(s), 0 record evidence item(s), 0 target(s)
review-readiness	CHEBI:474180	caspofungin	ARO+CHEBI	PMID:11465873|PMID:24270605	MECHANISM_REVIEW: mechanism is source-seeded and not curator-checked; 2 source literature lead(s), 0 record evidence item(s), 0 target(s)
review-readiness	CHEBI:59900	caspofungin acetate	CHEBI		MECHANISM_REVIEW: mechanism is absent; 0 source literature lead(s), 0 record evidence item(s), 0 target(s)
review-readiness	CHEBI:65596	cassiarin A	CHEBI	PMID:17685627|PMID:18412353|PMID:18570405|PMID:19892554|PMID:20460764	MECHANISM_REVIEW: mechanism is absent; 5 source literature lead(s), 0 record evidence item(s), 0 target(s)
review-readiness	CHEBI:65597	cassiarin B	CHEBI	PMID:17685627|PMID:18570405	MECHANISM_REVIEW: mechanism is absent; 2 source literature lead(s), 0 record evidence item(s), 0 target(s)
review-readiness	CHEBI:27860	castanospermine	CHEBI	PMID:20552113|PMID:22647882	MECHANISM_REVIEW: mechanism is absent; 2 source literature lead(s), 0 record evidence item(s), 0 target(s)
review-readiness	CHEBI:65599	cathestatin A	CHEBI	PMID:7766039|PMID:8642005	MECHANISM_REVIEW: mechanism is absent; 2 source literature lead(s), 0 record evidence item(s), 0 target(s)
review-readiness	CHEBI:65600	cathestatin B	CHEBI	PMID:7766039|PMID:8642005	MECHANISM_REVIEW: mechanism is absent; 2 source literature lead(s), 0 record evidence item(s), 0 target(s)
review-readiness	CHEBI:3259	CCCP	CHEBI	PMID:19442682|PMID:25557480|PMID:26208452|PMID:26351918|PMID:29241732	MECHANISM_REVIEW: mechanism is source-seeded and not curator-checked; 10 source literature lead(s), 0 record evidence item(s), 0 target(s)
review-readiness	CHEBI:135437	cefacetrile	ARO+CHEBI	PMID:4661097|PMID:15646539|PMID:319233|PMID:37468498	MECHANISM_REVIEW: mechanism is absent; 4 source literature lead(s), 0 record evidence item(s), 0 target(s)
review-readiness	CHEBI:3478	cefaclor	ARO+CHEBI	PMID:10435677|PMID:10230635|PMID:10930630|PMID:11963587|PMID:12485718	MECHANISM_REVIEW: mechanism is absent; 9 source literature lead(s), 0 record evidence item(s), 1 target(s)
review-readiness	CHEBI:3479	cefadroxil	ARO+CHEBI	PMID:3542485|PMID:12833570|PMID:21425867|PMID:23224978|PMID:23959853	MECHANISM_REVIEW: mechanism is absent; 10 source literature lead(s), 0 record evidence item(s), 1 target(s)
review-readiness	CHEBI:34613	cefaloglycin	CHEBI	PMID:2083978|PMID:2133431|PMID:29017833|PMID:6631918	MECHANISM_REVIEW: mechanism is absent; 4 source literature lead(s), 0 record evidence item(s), 0 target(s)
review-readiness	CHEBI:192380	cefaloram	CHEBI	PMID:4108368	MECHANISM_REVIEW: mechanism is absent; 1 source literature lead(s), 0 record evidence item(s), 0 target(s)
review-readiness	CHEBI:3537	cefaloridine	ARO+CHEBI	PMID:5175748|PMID:2907014|PMID:12569987|PMID:14226120|PMID:2083978	MECHANISM_REVIEW: mechanism is absent; 10 source literature lead(s), 0 record evidence item(s), 0 target(s)
review-readiness	CHEBI:124991	cefalotin	ARO+CHEBI	PMID:7571387|PMID:14251901|PMID:10930630|PMID:12569987|PMID:12833570	MECHANISM_REVIEW: mechanism is absent; 12 source literature lead(s), 0 record evidence item(s), 1 target(s)
review-readiness	CHEBI:3480	cefamandole	ARO+CHEBI	PMID:4790616|PMID:12569987|PMID:12833570|PMID:15828189|PMID:29017833	MECHANISM_REVIEW: mechanism is absent; 5 source literature lead(s), 0 record evidence item(s), 0 target(s)
review-readiness	CHEBI:3481	cefamandole nafate	CHEBI	PMID:10412|PMID:17548491|PMID:41479|PMID:533268|PMID:7000857	MECHANISM_REVIEW: mechanism is absent; 6 source literature lead(s), 0 record evidence item(s), 0 target(s)
review-readiness	CHEBI:34614	cefamandole sodium	CHEBI		MECHANISM_REVIEW: mechanism is absent; 0 source literature lead(s), 0 record evidence item(s), 0 target(s)
review-readiness	CHEBI:131730	cefatrizine	ARO+CHEBI	PMID:808525|PMID:1137381|PMID:2329468|PMID:23894823|PMID:239917	MECHANISM_REVIEW: mechanism is absent; 10 source literature lead(s), 0 record evidence item(s), 0 target(s)
review-readiness	CHEBI:131731	cefazedone	ARO+CHEBI	PMID:39575|PMID:114187|PMID:25464101|PMID:25947397|PMID:29017833	MECHANISM_REVIEW: mechanism is absent; 10 source literature lead(s), 0 record evidence item(s), 0 target(s)
review-readiness	CHEBI:474053	cefazolin	ARO+CHEBI	PMID:27572414|PMID:4790605|PMID:12569987|PMID:2083978|PMID:22011388	MECHANISM_REVIEW: mechanism is absent; 10 source literature lead(s), 0 record evidence item(s), 1 target(s)
review-readiness	CHEBI:135856	cefbuperazone	ARO+CHEBI	PMID:7143714|PMID:29017833|PMID:8904147	MECHANISM_REVIEW: mechanism is absent; 3 source literature lead(s), 0 record evidence item(s), 0 target(s)
review-readiness	CHEBI:131729	cefcapene	ARO+CHEBI	PMID:36872372|PMID:12373482|PMID:29017833	MECHANISM_REVIEW: mechanism is absent; 3 source literature lead(s), 0 record evidence item(s), 0 target(s)
review-readiness	CHEBI:3484	cefclidin	CHEBI	PMID:1399855|PMID:1429239|PMID:1490920|PMID:29017833|PMID:8455329	MECHANISM_REVIEW: mechanism is absent; 5 source literature lead(s), 0 record evidence item(s), 0 target(s)
review-readiness	CHEBI:140109	cefdaloxime	CHEBI	PMID:1478050|PMID:1583135|PMID:29017833|PMID:8150978	MECHANISM_REVIEW: mechanism is absent; 4 source literature lead(s), 0 record evidence item(s), 0 target(s)
review-readiness	CHEBI:3485	cefdinir	ARO+CHEBI	PMID:8026155	MECHANISM_REVIEW: mechanism is absent; 1 source literature lead(s), 0 record evidence item(s), 1 target(s)
review-readiness	CHEBI:59343	cefditoren	ARO+CHEBI	PMID:7813385|PMID:11687308|PMID:11856949|PMID:22521692|PMID:22675264	MECHANISM_REVIEW: mechanism is absent; 9 source literature lead(s), 0 record evidence item(s), 1 target(s)
review-readiness	CHEBI:560555	cefditoren pivoxil	CHEBI		MECHANISM_REVIEW: mechanism is absent; 0 source literature lead(s), 0 record evidence item(s), 0 target(s)
review-readiness	CHEBI:478164	cefepime	ARO+CHEBI	PMID:8150771|PMID:11084674|PMID:11179650|PMID:11191931|PMID:11260566	MECHANISM_REVIEW: mechanism is absent; 11 source literature lead(s), 0 record evidence item(s), 1 target(s)
review-readiness	CHEBI:31368	cefepime hydrochloride	CHEBI		MECHANISM_REVIEW: mechanism is absent; 0 source literature lead(s), 0 record evidence item(s), 0 target(s)
review-readiness	CHEBI:59349	cefepime(1+)	CHEBI		MECHANISM_REVIEW: mechanism is absent; 0 source literature lead(s), 0 record evidence item(s), 0 target(s)
review-readiness	CHEBI:135629	cefetamet	ARO+CHEBI	PMID:2504597|PMID:29017833	MECHANISM_REVIEW: mechanism is absent; 2 source literature lead(s), 0 record evidence item(s), 0 target(s)
review-readiness	CHEBI:140376	cefiderocol	ARO+CHEBI	PMID:29960205|PMID:27139465|PMID:28369471|PMID:28748397|PMID:28848004	MECHANISM_REVIEW: mechanism is absent; 8 source literature lead(s), 0 record evidence item(s), 0 target(s)
review-readiness	CHEBI:472657	cefixime	ARO+CHEBI	PMID:2684593|PMID:17116681|PMID:29017833	MECHANISM_REVIEW: mechanism is absent; 3 source literature lead(s), 0 record evidence item(s), 1 target(s)
review-readiness	CHEBI:3488	cefluprenam	CHEBI	PMID:18611779|PMID:29017833|PMID:9311195	MECHANISM_REVIEW: mechanism is absent; 3 source literature lead(s), 0 record evidence item(s), 0 target(s)
review-readiness	CHEBI:55490	cefmenoxime	ARO+CHEBI	PMID:6941742|PMID:1384868|PMID:28543395|PMID:29017833|PMID:6097123	MECHANISM_REVIEW: mechanism is absent; 11 source literature lead(s), 0 record evidence item(s), 0 target(s)
review-readiness	CHEBI:3489	cefmetazole	ARO+CHEBI	PMID:2692950|DOI:10.1007/BF03298293|PMID:10109799|PMID:23140947|PMID:23705013	MECHANISM_REVIEW: mechanism is absent; 8 source literature lead(s), 0 record evidence item(s), 1 target(s)
review-readiness	CHEBI:3490	cefmetazole sodium	CHEBI	PMID:17939016|PMID:6176550	MECHANISM_REVIEW: mechanism is absent; 2 source literature lead(s), 0 record evidence item(s), 0 target(s)
review-readiness	CHEBI:135817	cefminox	ARO+CHEBI	PMID:6434763|PMID:6434760|PMID:10620685|PMID:10855011|PMID:11073141	MECHANISM_REVIEW: mechanism is absent; 12 source literature lead(s), 0 record evidence item(s), 0 target(s)
review-readiness	CHEBI:63214	cefodizime	ARO+CHEBI	PMID:6275785|PMID:6295264|PMID:18830875|PMID:21425867|PMID:21518570	MECHANISM_REVIEW: mechanism is absent; 7 source literature lead(s), 0 record evidence item(s), 0 target(s)
review-readiness	CHEBI:3491	cefonicid	ARO+CHEBI	PMID:6975269|PMID:96734|PMID:12041774|PMID:21425867|PMID:29017833	MECHANISM_REVIEW: mechanism is absent; 5 source literature lead(s), 0 record evidence item(s), 1 target(s)
review-readiness	CHEBI:3493	cefoperazone	ARO+CHEBI	PMID:6221381|PMID:1384868|PMID:15073933|PMID:17560751|PMID:19241941	MECHANISM_REVIEW: mechanism is absent; 7 source literature lead(s), 0 record evidence item(s), 0 target(s)
review-readiness	CHEBI:3495	ceforanide	ARO+CHEBI	PMID:315929|PMID:426520	MECHANISM_REVIEW: mechanism is absent; 2 source literature lead(s), 0 record evidence item(s), 0 target(s)
review-readiness	CHEBI:3496	cefoselis	CHEBI	PMID:10729661|PMID:11211699|PMID:11815378|PMID:11866715|PMID:25027339	MECHANISM_REVIEW: mechanism is absent; 6 source literature lead(s), 0 record evidence item(s), 0 target(s)
review-readiness	CHEBI:204928	cefotaxime	ARO+CHEBI	PMID:2083516|PMID:10866367|PMID:11034276|PMID:11061623|PMID:11677129	MECHANISM_REVIEW: mechanism is absent; 11 source literature lead(s), 0 record evidence item(s), 1 target(s)
review-readiness	CHEBI:3499	cefotetan	ARO+CHEBI	PMID:6945066|PMID:6953260|PMID:17664321|PMID:29017833	MECHANISM_REVIEW: mechanism is absent; 4 source literature lead(s), 0 record evidence item(s), 0 target(s)
review-readiness	CHEBI:34617	cefotetan disodium	CHEBI		MECHANISM_REVIEW: mechanism is absent; 0 source literature lead(s), 0 record evidence item(s), 0 target(s)
review-readiness	CHEBI:355510	cefotiam	ARO+CHEBI	PMID:18611654|PMID:28543395|PMID:6341590	MECHANISM_REVIEW: mechanism is absent; 3 source literature lead(s), 0 record evidence item(s), 1 target(s)
review-readiness	CHEBI:31374	cefotiam dihydrochloride	CHEBI		MECHANISM_REVIEW: mechanism is absent; 0 source literature lead(s), 0 record evidence item(s), 0 target(s)
review-readiness	CHEBI:31373	cefotiam hexetil dihydrochloride	CHEBI		MECHANISM_REVIEW: mechanism is absent; 0 source literature lead(s), 0 record evidence item(s), 0 target(s)
review-readiness	CHEBI:209807	cefoxitin	ARO+CHEBI	PMID:3487346|PMID:15673804|PMID:11585791|PMID:12569987|PMID:17043131	MECHANISM_REVIEW: mechanism is absent; 13 source literature lead(s), 0 record evidence item(s), 1 target(s)
review-readiness	CHEBI:3502	cefozopran	ARO+CHEBI	PMID:1889877|PMID:22888513|PMID:25644122|PMID:29017833	MECHANISM_REVIEW: mechanism is absent; 4 source literature lead(s), 0 record evidence item(s), 0 target(s)
review-readiness	CHEBI:59213	cefpiramide	ARO+CHEBI	PMID:6275785|PMID:29017833	MECHANISM_REVIEW: mechanism is absent; 2 source literature lead(s), 0 record evidence item(s), 0 target(s)
review-readiness	CHEBI:3503	cefpirome	ARO+CHEBI	PMID:9211085|PMID:1287135|PMID:26004702|PMID:26870331|PMID:29017833	MECHANISM_REVIEW: mechanism is absent; 5 source literature lead(s), 0 record evidence item(s), 0 target(s)
review-readiness	CHEBI:3504	cefpodoxime	ARO+CHEBI	PMID:18611588|PMID:1280571|PMID:20606336|PMID:20821175|PMID:21395603	MECHANISM_REVIEW: mechanism is absent; 11 source literature lead(s), 0 record evidence item(s), 1 target(s)
review-readiness	CHEBI:3505	cefpodoxime proxetil	CHEBI		MECHANISM_REVIEW: mechanism is absent; 0 source literature lead(s), 0 record evidence item(s), 0 target(s)
review-readiness	CHEBI:3506	cefprozil	ARO+CHEBI	PMID:12841400|PMID:29017833	MECHANISM_REVIEW: mechanism is absent; 2 source literature lead(s), 0 record evidence item(s), 1 target(s)
review-readiness	CHEBI:31379	cefroxadine	ARO+CHEBI	PMID:6998373|PMID:2258253|PMID:29017833|PMID:6752462|PMID:7334594	MECHANISM_REVIEW: mechanism is absent; 5 source literature lead(s), 0 record evidence item(s), 0 target(s)
review-readiness	CHEBI:3507	cefsulodin	ARO+CHEBI	PMID:119787|PMID:1384868|PMID:23139798|PMID:29017833	MECHANISM_REVIEW: mechanism is absent; 4 source literature lead(s), 0 record evidence item(s), 0 target(s)
review-readiness	CHEBI:70729	ceftaroline	ARO+CHEBI	PMID:18827379|PMID:27721280|PMID:21467022|PMID:16048970|PMID:22294860	MECHANISM_REVIEW: mechanism is absent; 13 source literature lead(s), 0 record evidence item(s), 1 target(s)
review-readiness	CHEBI:70718	ceftaroline fosamil	CHEBI	PMID:21076711|PMID:21115453|PMID:21115454|PMID:21115455|PMID:21115456	MECHANISM_REVIEW: mechanism is absent; 10 source literature lead(s), 0 record evidence item(s), 0 target(s)
review-readiness	CHEBI:70715	ceftaroline fosamil acetate	CHEBI	PMID:18625769	MECHANISM_REVIEW: mechanism is absent; 1 source literature lead(s), 0 record evidence item(s), 0 target(s)
review-readiness	CHEBI:70714	ceftaroline fosamil acetate monohydrate	CHEBI	PMID:21115454|PMID:21115455|PMID:21162631|PMID:21252841|PMID:21482565	MECHANISM_REVIEW: mechanism is absent; 10 source literature lead(s), 0 record evidence item(s), 0 target(s)
review-readiness	CHEBI:3508	ceftazidime	ARO+CHEBI	PMID:6805421|PMID:11252323|PMID:11284241|PMID:11591698|PMID:11605815	MECHANISM_REVIEW: mechanism is absent; 11 source literature lead(s), 0 record evidence item(s), 1 target(s)
review-readiness	CHEBI:135776	cefteram	ARO+CHEBI	PMID:3840213|PMID:3761550|PMID:16944260|PMID:29017833	MECHANISM_REVIEW: mechanism is absent; 4 source literature lead(s), 0 record evidence item(s), 0 target(s)
review-readiness	CHEBI:135716	ceftezole	ARO+CHEBI	PMID:994325|PMID:825020|PMID:17671744|PMID:29017833|PMID:783103	MECHANISM_REVIEW: mechanism is absent; 5 source literature lead(s), 0 record evidence item(s), 0 target(s)
review-readiness	CHEBI:3510	ceftibuten	ARO+CHEBI	PMID:7520858|PMID:9296244|PMID:29017833|PMID:9250548	MECHANISM_REVIEW: mechanism is absent; 4 source literature lead(s), 0 record evidence item(s), 1 target(s)
review-readiness	CHEBI:34618	ceftibuten dihydrate	CHEBI		MECHANISM_REVIEW: mechanism is absent; 0 source literature lead(s), 0 record evidence item(s), 0 target(s)
review-readiness	CHEBI:31383	ceftiofur	ARO	PMID:3631686	MECHANISM_REVIEW: mechanism is absent; 1 source literature lead(s), 0 record evidence item(s), 1 target(s)
review-readiness	CHEBI:140116	ceftiolene	CHEBI	PMID:29017833|PMID:3733516|PMID:6394571|PMID:6739141	MECHANISM_REVIEW: mechanism is absent; 4 source literature lead(s), 0 record evidence item(s), 0 target(s)
review-readiness	CHEBI:553473	ceftizoxime	ARO+CHEBI	PMID:6326062|PMID:11452157|PMID:11711261|PMID:1384868|PMID:15716453	MECHANISM_REVIEW: mechanism is absent; 8 source literature lead(s), 0 record evidence item(s), 1 target(s)
review-readiness	CHEBI:140407	ceftobiprole	ARO+CHEBI	PMID:22064544|PMID:25753637|PMID:26316697|PMID:26443816|PMID:28264613	MECHANISM_REVIEW: mechanism is absent; 8 source literature lead(s), 0 record evidence item(s), 1 target(s)
review-readiness	CHEBI:134719	ceftolozane	ARO+CHEBI	PMID:27522066|PMID:28689923|PMID:28923865|PMID:28980834|PMID:28993338	MECHANISM_REVIEW: mechanism is absent; 10 source literature lead(s), 0 record evidence item(s), 0 target(s)
review-readiness	CHEBI:29007	ceftriaxone	ARO+CHEBI	PMID:6810737|PMID:11067716|PMID:11285492|PMID:11431418|PMID:11432680	MECHANISM_REVIEW: mechanism is absent; 11 source literature lead(s), 0 record evidence item(s), 1 target(s)
review-readiness	CHEBI:3515	cefuroxime	ARO+CHEBI	PMID:1259408|PMID:11168076|PMID:11322179|PMID:11581233|PMID:12141712	MECHANISM_REVIEW: mechanism is absent; 11 source literature lead(s), 0 record evidence item(s), 1 target(s)
review-readiness	CHEBI:55488	cefuzonam	CHEBI	PMID:2041152|PMID:2042464|PMID:3329242|PMID:3530123|PMID:3599391	MECHANISM_REVIEW: mechanism is absent; 6 source literature lead(s), 0 record evidence item(s), 0 target(s)
review-readiness	CHEBI:65605	celasdin B	CHEBI	PMID:9115698|PMID:9525100	MECHANISM_REVIEW: mechanism is absent; 2 source literature lead(s), 0 record evidence item(s), 0 target(s)
review-readiness	CHEBI:65606	celebixanthone	CHEBI	PMID:16651783	MECHANISM_REVIEW: mechanism is absent; 1 source literature lead(s), 0 record evidence item(s), 0 target(s)
review-readiness	CHEBI:51763	cellocidin	CHEBI	PMID:13563326|PMID:13563327|PMID:4736298|PMID:711614	MECHANISM_REVIEW: mechanism is absent; 4 source literature lead(s), 0 record evidence item(s), 0 target(s)
review-readiness	CHEBI:149636	cenicriviroc	CHEBI	PMID:16251299|PMID:20721836|PMID:25394040|PMID:26247470|PMID:26525792	MECHANISM_REVIEW: mechanism is absent; 10 source literature lead(s), 0 record evidence item(s), 0 target(s)
review-readiness	CHEBI:3534	cephalexin	ARO+CHEBI	PMID:4559812|PMID:10930630|PMID:12569987|PMID:12833570|PMID:1384868	MECHANISM_REVIEW: mechanism is absent; 11 source literature lead(s), 0 record evidence item(s), 1 target(s)
review-readiness	CHEBI:3535	cephalexin monohydrate	CHEBI		MECHANISM_REVIEW: mechanism is absent; 0 source literature lead(s), 0 record evidence item(s), 0 target(s)
review-readiness	CHEBI:23064	cephalosporanic acid	CHEBI		MECHANISM_REVIEW: mechanism is absent; 0 source literature lead(s), 0 record evidence item(s), 0 target(s)
review-readiness	CHEBI:15776	cephalosporin C	CHEBI	PMID:13315229|PMID:14370161|PMID:18279889|PMID:19787461|PMID:20171092	MECHANISM_REVIEW: mechanism is absent; 10 source literature lead(s), 0 record evidence item(s), 0 target(s)
review-readiness	CHEBI:35993	cepham	CHEBI		MECHANISM_REVIEW: mechanism is absent; 0 source literature lead(s), 0 record evidence item(s), 0 target(s)
review-readiness	CHEBI:3543	cephamycin C	CHEBI	PMID:7419473	MECHANISM_REVIEW: mechanism is absent; 1 source literature lead(s), 0 record evidence item(s), 0 target(s)
review-readiness	CHEBI:554446	cephapirin	ARO+CHEBI	PMID:4208896|PMID:19246140|PMID:2083978|PMID:23948762|PMID:24224523	MECHANISM_REVIEW: mechanism is absent; 6 source literature lead(s), 0 record evidence item(s), 1 target(s)
review-readiness	CHEBI:3545	cephapirin sodium	CHEBI		MECHANISM_REVIEW: mechanism is absent; 0 source literature lead(s), 0 record evidence item(s), 0 target(s)
review-readiness	CHEBI:3547	cephradine	ARO+CHEBI	PMID:4572639|PMID:20188984|PMID:2083978|PMID:22305202|PMID:24035952	MECHANISM_REVIEW: mechanism is absent; 7 source literature lead(s), 0 record evidence item(s), 1 target(s)
review-readiness	CHEBI:78696	cercosporamide	CHEBI	PMID:15302826|PMID:21814808|PMID:23509154|PMID:8289782	MECHANISM_REVIEW: mechanism is absent; 4 source literature lead(s), 0 record evidence item(s), 0 target(s)
review-readiness	CHEBI:171741	cerulenin	ARO+CHEBI	PMID:14084120|PMID:11671457	MECHANISM_REVIEW: mechanism is absent; 2 source literature lead(s), 0 record evidence item(s), 0 target(s)
review-readiness	CHEBI:29506	cethromycin	ARO+CHEBI	PMID:37081393|PMID:10639382|PMID:12623020|PMID:12805263|PMID:15380262	MECHANISM_REVIEW: mechanism is source-seeded and not curator-checked; 11 source literature lead(s), 0 record evidence item(s), 0 target(s)
review-readiness	CHEBI:68775	chaetoglobosin L	CHEBI	PMID:22112725	MECHANISM_REVIEW: mechanism is absent; 1 source literature lead(s), 0 record evidence item(s), 0 target(s)
review-readiness	CHEBI:68766	chaetoglocin A	CHEBI	PMID:20814854	MECHANISM_REVIEW: mechanism is absent; 1 source literature lead(s), 0 record evidence item(s), 0 target(s)
review-readiness	CHEBI:68767	chaetoglocin B	CHEBI	PMID:20814854	MECHANISM_REVIEW: mechanism is absent; 1 source literature lead(s), 0 record evidence item(s), 0 target(s)
review-readiness	CHEBI:67610	chaetoviridin A	CHEBI	PMID:16209910|PMID:21548578	MECHANISM_REVIEW: mechanism is absent; 2 source literature lead(s), 0 record evidence item(s), 0 target(s)
review-readiness	CHEBI:67611	chaetoviridin B	CHEBI	PMID:10344570|PMID:16209910|PMID:21548578	MECHANISM_REVIEW: mechanism is absent; 3 source literature lead(s), 0 record evidence item(s), 0 target(s)
review-readiness	CHEBI:65611	chaetoxanthone A	CHEBI	PMID:18683985	MECHANISM_REVIEW: mechanism is absent; 1 source literature lead(s), 0 record evidence item(s), 0 target(s)
review-readiness	CHEBI:65612	chaetoxanthone B	CHEBI	PMID:18683985	MECHANISM_REVIEW: mechanism is absent; 1 source literature lead(s), 0 record evidence item(s), 0 target(s)
review-readiness	CHEBI:65613	chaetoxanthone C	CHEBI	PMID:18683985	MECHANISM_REVIEW: mechanism is absent; 1 source literature lead(s), 0 record evidence item(s), 0 target(s)
review-readiness	CHEBI:80016	chalcomycin	ARO	DOI:10.1139/m63-088	MECHANISM_REVIEW: mechanism is absent; 1 source literature lead(s), 0 record evidence item(s), 0 target(s)
review-readiness	CHEBI:65614	chamaejasmenin A	CHEBI	PMID:15997133	MECHANISM_REVIEW: mechanism is absent; 1 source literature lead(s), 0 record evidence item(s), 0 target(s)
review-readiness	CHEBI:65615	chamaejasmenin D	CHEBI	PMID:15997133	MECHANISM_REVIEW: mechanism is absent; 1 source literature lead(s), 0 record evidence item(s), 0 target(s)
review-readiness	CHEBI:78373	chelerythrine	CHEBI	PMID:23390024|PMID:23900672|PMID:24295957|PMID:24300194|PMID:24824737	MECHANISM_REVIEW: mechanism is absent; 8 source literature lead(s), 0 record evidence item(s), 0 target(s)
review-readiness	CHEBI:31389	chelidonine	CHEBI		MECHANISM_REVIEW: mechanism is absent; 0 source literature lead(s), 0 record evidence item(s), 0 target(s)
review-readiness	CHEBI:134107	CHIR-090	CHEBI	PMID:17335290|PMID:18025458|PMID:20516283|PMID:21171638|PMID:22024823	MECHANISM_REVIEW: mechanism is absent; 8 source literature lead(s), 0 record evidence item(s), 0 target(s)
review-readiness	CHEBI:91451	CHIR-265	CHEBI	PMID:20124452|PMID:20356670|PMID:21317202|PMID:21390189|PMID:21527556	MECHANISM_REVIEW: mechanism is absent; 10 source literature lead(s), 0 record evidence item(s), 0 target(s)
review-readiness	CHEBI:53767	chloramine T	CHEBI	PMID:10513008|PMID:11601449|PMID:24195278|PMID:24213014|PMID:2758361	MECHANISM_REVIEW: mechanism is absent; 5 source literature lead(s), 0 record evidence item(s), 0 target(s)
review-readiness	CHEBI:17698	chloramphenicol	ARO+CHEBI	PMID:17737966|PMID:11468347|PMID:12217690|PMID:16659995|PMID:16897441	MECHANISM_REVIEW: mechanism is source-seeded and not curator-checked; 11 source literature lead(s), 0 record evidence item(s), 1 target(s)
review-readiness	CHEBI:3613	chlorflavonin	CHEBI	PMID:4775434|PMID:5391291|PMID:5463573	MECHANISM_REVIEW: mechanism is absent; 3 source literature lead(s), 0 record evidence item(s), 0 target(s)
review-readiness	CHEBI:3614	chlorhexidine	ARO+CHEBI	PMID:13172429|PMID:10848923|PMID:11564456|PMID:16238008|PMID:17602516	MECHANISM_REVIEW: mechanism is absent; 10 source literature lead(s), 0 record evidence item(s), 1 target(s)
review-readiness	CHEBI:81711	chlorhexidine acetate	CHEBI	PMID:19924977|PMID:22058347|PMID:22563792|PMID:24815823|PMID:28012407	MECHANISM_REVIEW: mechanism is absent; 10 source literature lead(s), 0 record evidence item(s), 0 target(s)
review-readiness	CHEBI:28312	chlorhexidine gluconate	CHEBI		MECHANISM_REVIEW: mechanism is absent; 0 source literature lead(s), 0 record evidence item(s), 0 target(s)
review-readiness	CHEBI:29556	chloroeremomycin	ARO+CHEBI	PMID:9545426|PMID:11035791|PMID:11942828|PMID:11294642|PMID:25940955	MECHANISM_REVIEW: mechanism is absent; 5 source literature lead(s), 0 record evidence item(s), 1 target(s)
review-readiness	CHEBI:228238	chloroinconazide	CHEBI	PMID:32418274|PMID:33904309|PMID:34370905|PMID:36070563	MECHANISM_REVIEW: mechanism is absent; 4 source literature lead(s), 0 record evidence item(s), 0 target(s)
review-readiness	CHEBI:53621	chloromethylisothiazolinone	CHEBI	PMID:10416701|PMID:20492831|PMID:20566902|PMID:21616561|PMID:22994269	MECHANISM_REVIEW: mechanism is absent; 7 source literature lead(s), 0 record evidence item(s), 0 target(s)
review-readiness	CHEBI:3628	chloroneb	CHEBI	PMID:21428337|PMID:5163857|PMID:5786562|PMID:6750388|PMID:8000181	MECHANISM_REVIEW: mechanism is absent; 5 source literature lead(s), 0 record evidence item(s), 0 target(s)
review-readiness	CHEBI:76058	chloroorienticin B	CHEBI	PMID:15070728|PMID:16045364	MECHANISM_REVIEW: mechanism is absent; 2 source literature lead(s), 0 record evidence item(s), 0 target(s)
review-readiness	CHEBI:65618	chloropeptin I	CHEBI	PMID:9066768	MECHANISM_REVIEW: mechanism is absent; 1 source literature lead(s), 0 record evidence item(s), 0 target(s)
review-readiness	CHEBI:65619	chloropeptin II	CHEBI	PMID:9066767	MECHANISM_REVIEW: mechanism is absent; 1 source literature lead(s), 0 record evidence item(s), 0 target(s)
review-readiness	CHEBI:39285	chloropicrin	CHEBI	PMID:18207489|PMID:19287772|PMID:22516760|PMID:23958081|PMID:24475954	MECHANISM_REVIEW: mechanism is absent; 10 source literature lead(s), 0 record evidence item(s), 0 target(s)
review-readiness	CHEBI:3638	chloroquine	CHEBI	PMID:11198399|PMID:17594118|PMID:18052874|PMID:19426658|PMID:23288916	MECHANISM_REVIEW: mechanism is absent; 10 source literature lead(s), 0 record evidence item(s), 0 target(s)
review-readiness	CHEBI:3639	chlorothalonil	CHEBI	PMID:11016668|PMID:14575671|PMID:17482661|PMID:23116300|PMID:23866729	MECHANISM_REVIEW: mechanism is absent; 8 source literature lead(s), 0 record evidence item(s), 0 target(s)
review-readiness	CHEBI:59477	chloroxine	CHEBI	PMID:18963921|PMID:28166217|PMID:443855	MECHANISM_REVIEW: mechanism is absent; 3 source literature lead(s), 0 record evidence item(s), 0 target(s)
review-readiness	CHEBI:3642	chlorphenesin	CHEBI	PMID:17178228	MECHANISM_REVIEW: mechanism is absent; 1 source literature lead(s), 0 record evidence item(s), 0 target(s)
review-readiness	CHEBI:3647	chlorpromazine	CHEBI	PMID:14354584|PMID:14404586|PMID:15170372|PMID:1650428|PMID:16653219	MECHANISM_REVIEW: mechanism is absent; 8 source literature lead(s), 0 record evidence item(s), 4 target(s)
review-readiness	CHEBI:3649	chlorpromazine hydrochloride	CHEBI	PMID:18968700|PMID:18969944|PMID:20541454|PMID:22527301|PMID:24521912	MECHANISM_REVIEW: mechanism is absent; 6 source literature lead(s), 0 record evidence item(s), 0 target(s)
review-readiness	CHEBI:74500	chlorquinaldol	CHEBI	PMID:13307049|PMID:478062|PMID:6228382	MECHANISM_REVIEW: mechanism is absent; 3 source literature lead(s), 0 record evidence item(s), 0 target(s)
review-readiness	CHEBI:27644	chlortetracycline	ARO+CHEBI	PMID:11381101|PMID:19862477|PMID:23530364|PMID:24845506|PMID:25131164	MECHANISM_REVIEW: mechanism is absent; 9 source literature lead(s), 0 record evidence item(s), 1 target(s)
review-readiness	CHEBI:82751	cholesteryl arachidonate	CHEBI	PMID:12083928|PMID:12605870|PMID:18768875|PMID:7213606|PMID:9020103	MECHANISM_REVIEW: mechanism is absent; 5 source literature lead(s), 0 record evidence item(s), 0 target(s)
review-readiness	CHEBI:132426	chondrochloren A	CHEBI	PMID:19171307|PMID:20080978	MECHANISM_REVIEW: mechanism is absent; 2 source literature lead(s), 0 record evidence item(s), 0 target(s)
review-readiness	CHEBI:132442	chondrochloren B	CHEBI	PMID:19171307	MECHANISM_REVIEW: mechanism is absent; 1 source literature lead(s), 0 record evidence item(s), 0 target(s)
review-readiness	CHEBI:34638	chromomycin A3	CHEBI		MECHANISM_REVIEW: mechanism is absent; 0 source literature lead(s), 0 record evidence item(s), 0 target(s)
review-readiness	CHEBI:68070	chrysogeside B	CHEBI	PMID:21381678	MECHANISM_REVIEW: mechanism is absent; 1 source literature lead(s), 0 record evidence item(s), 0 target(s)
review-readiness	CHEBI:3687	chrysophanol	CHEBI	PMID:19742131|PMID:24136708|PMID:24358188|PMID:24395532	MECHANISM_REVIEW: mechanism is absent; 4 source literature lead(s), 0 record evidence item(s), 0 target(s)
review-readiness	CHEBI:3689	chrysosplenetin	CHEBI	PMID:20506820|PMID:21914477|PMID:24422409|PMID:25335290|PMID:25898584	MECHANISM_REVIEW: mechanism is absent; 5 source literature lead(s), 0 record evidence item(s), 0 target(s)
review-readiness	CHEBI:3690	chrysosplenol C	CHEBI	PMID:15043427|PMID:16124409|PMID:21052017|PMID:25233586	MECHANISM_REVIEW: mechanism is absent; 4 source literature lead(s), 0 record evidence item(s), 0 target(s)
review-readiness	CHEBI:453011	ciclopirox	CHEBI	PMID:16854048|PMID:17253868	MECHANISM_REVIEW: mechanism is absent; 2 source literature lead(s), 0 record evidence item(s), 0 target(s)
review-readiness	CHEBI:31398	ciclopirox olamine	CHEBI	PMID:17346860|PMID:17540482|PMID:20196642|PMID:22114686|PMID:24273151	MECHANISM_REVIEW: mechanism is absent; 10 source literature lead(s), 0 record evidence item(s), 0 target(s)
review-readiness	CHEBI:3696	cidofovir anhydrous	CHEBI		MECHANISM_REVIEW: mechanism is absent; 0 source literature lead(s), 0 record evidence item(s), 0 target(s)
review-readiness	CHEBI:59495	cidofovir dihydrate	CHEBI		MECHANISM_REVIEW: mechanism is absent; 0 source literature lead(s), 0 record evidence item(s), 0 target(s)
review-readiness	CHEBI:65630	ciliatamide A	CHEBI	PMID:18257536|PMID:18788742	MECHANISM_REVIEW: mechanism is absent; 2 source literature lead(s), 0 record evidence item(s), 0 target(s)
review-readiness	CHEBI:65631	ciliatamide B	CHEBI	PMID:18257536|PMID:18788742	MECHANISM_REVIEW: mechanism is absent; 2 source literature lead(s), 0 record evidence item(s), 0 target(s)
review-readiness	CHEBI:315019	cilofungin	CHEBI	PMID:2504601|PMID:2589848|PMID:2802565|PMID:3058017|PMID:3243737	MECHANISM_REVIEW: mechanism is source-seeded and not curator-checked; 5 source literature lead(s), 0 record evidence item(s), 0 target(s)
review-readiness	CHEBI:145999	cinanserin	CHEBI	PMID:1178659|PMID:1301238|PMID:142996|PMID:15890949|PMID:18827378	MECHANISM_REVIEW: mechanism is source-seeded and not curator-checked; 10 source literature lead(s), 0 record evidence item(s), 0 target(s)
review-readiness	CHEBI:147284	cinanserin hydrochloride	CHEBI	PMID:14248340|PMID:14328912|PMID:4971651|PMID:5834938	MECHANISM_REVIEW: mechanism is source-seeded and not curator-checked; 4 source literature lead(s), 0 record evidence item(s), 0 target(s)
review-readiness	CHEBI:141991	cinnamycin	CHEBI	PMID:11827543|PMID:12446685|PMID:1623138|PMID:2070795|PMID:21770392	MECHANISM_REVIEW: mechanism is absent; 10 source literature lead(s), 0 record evidence item(s), 0 target(s)
review-readiness	CHEBI:3716	cinoxacin	ARO+CHEBI	PMID:7017171|PMID:12204384|PMID:16295658|PMID:29438107|PMID:3005575	MECHANISM_REVIEW: mechanism is absent; 7 source literature lead(s), 0 record evidence item(s), 2 target(s)
review-readiness	CHEBI:100241	ciprofloxacin	ARO+CHEBI	PMID:15914491|PMID:15700957|PMID:10397494|PMID:10737746	MECHANISM_REVIEW: mechanism is source-seeded and not curator-checked; 4 source literature lead(s), 0 record evidence item(s), 4 target(s)
review-readiness	CHEBI:59938	ciprofloxacin dihydrochloride	CHEBI		MECHANISM_REVIEW: mechanism is source-seeded and not curator-checked; 0 source literature lead(s), 0 record evidence item(s), 0 target(s)
review-readiness	CHEBI:310388	ciprofloxacin hydrochloride (anhydrous)	CHEBI		MECHANISM_REVIEW: mechanism is source-seeded and not curator-checked; 0 source literature lead(s), 0 record evidence item(s), 0 target(s)
review-readiness	CHEBI:59936	ciprofloxacin hydrochloride hydrate	CHEBI		MECHANISM_REVIEW: mechanism is source-seeded and not curator-checked; 0 source literature lead(s), 0 record evidence item(s), 0 target(s)
review-readiness	CHEBI:83298	cis-4-dodecyl-2,6-dimethylmorpholine	CHEBI		MECHANISM_REVIEW: mechanism is absent; 0 source literature lead(s), 0 record evidence item(s), 0 target(s)
review-readiness	CHEBI:36802	cis-dothiepin	CHEBI		MECHANISM_REVIEW: mechanism is absent; 0 source literature lead(s), 0 record evidence item(s), 0 target(s)
review-readiness	CHEBI:7518	cis-trans-nepetalactone	CHEBI	PMID:15974613|PMID:18166192|PMID:20307630|PMID:21056438|PMID:25956798	MECHANISM_REVIEW: mechanism is absent; 10 source literature lead(s), 0 record evidence item(s), 0 target(s)
review-readiness	CHEBI:65635	citrafungin A	CHEBI	PMID:14748587	MECHANISM_REVIEW: mechanism is absent; 1 source literature lead(s), 0 record evidence item(s), 0 target(s)
review-readiness	CHEBI:65636	citrafungin B	CHEBI	PMID:14748587	MECHANISM_REVIEW: mechanism is absent; 1 source literature lead(s), 0 record evidence item(s), 0 target(s)
review-readiness	CHEBI:30769	citric acid	CHEBI	PMID:11762832|PMID:11782123|PMID:11857437|PMID:14537820|PMID:15311880	MECHANISM_REVIEW: mechanism is absent; 10 source literature lead(s), 0 record evidence item(s), 0 target(s)
review-readiness	CHEBI:47856	citronellal	CHEBI	PMID:10771133|PMID:22382815|PMID:22559719|PMID:22972327|PMID:23047114	MECHANISM_REVIEW: mechanism is absent; 9 source literature lead(s), 0 record evidence item(s), 0 target(s)
review-readiness	CHEBI:65638	CJ-01	CHEBI	PMID:18451544	MECHANISM_REVIEW: mechanism is source-seeded and not curator-checked; 1 source literature lead(s), 0 record evidence item(s), 0 target(s)
review-readiness	CHEBI:3732	clarithromycin	ARO+CHEBI	PMID:7683018|PMID:16387493	MECHANISM_REVIEW: mechanism is source-seeded and not curator-checked; 2 source literature lead(s), 0 record evidence item(s), 1 target(s)
review-readiness	CHEBI:65640	clathsterol	CHEBI	PMID:11720531	MECHANISM_REVIEW: mechanism is source-seeded and not curator-checked; 1 source literature lead(s), 0 record evidence item(s), 0 target(s)
review-readiness	CHEBI:68598	clathsterol disulfonic acid	CHEBI		MECHANISM_REVIEW: mechanism is source-seeded and not curator-checked; 0 source literature lead(s), 0 record evidence item(s), 0 target(s)
review-readiness	CHEBI:48947	clavulanic acid	CHEBI	PMID:11092620|PMID:12413541|PMID:18450406|PMID:19394358|PMID:25047044	MECHANISM_REVIEW: mechanism is absent; 10 source literature lead(s), 0 record evidence item(s), 0 target(s)
review-readiness	CHEBI:3749	clofazimine	ARO+CHEBI	PMID:7829710|PMID:17210775|PMID:3279207	MECHANISM_REVIEW: mechanism is absent; 3 source literature lead(s), 0 record evidence item(s), 2 target(s)
review-readiness	CHEBI:131732	clometocillin	ARO+CHEBI	PMID:14128892|PMID:4218940|PMID:9578165	MECHANISM_REVIEW: mechanism is absent; 3 source literature lead(s), 0 record evidence item(s), 0 target(s)
review-readiness	CHEBI:47780	clomipramine	CHEBI	PMID:12007764|PMID:12084414|PMID:16085036|PMID:17471183|PMID:19747949	MECHANISM_REVIEW: mechanism is absent; 6 source literature lead(s), 0 record evidence item(s), 2 target(s)
review-readiness	CHEBI:3755	clomipramine hydrochloride	CHEBI		MECHANISM_REVIEW: mechanism is absent; 0 source literature lead(s), 0 record evidence item(s), 0 target(s)
review-readiness	CHEBI:59589	clomocycline	CHEBI		MECHANISM_REVIEW: mechanism is source-seeded and not curator-checked; 0 source literature lead(s), 0 record evidence item(s), 0 target(s)
review-readiness	CHEBI:3764	clotrimazole	ARO+CHEBI	PMID:4677595|PMID:5579860|PMID:18728240|PMID:24892421	MECHANISM_REVIEW: mechanism is source-seeded and not curator-checked; 4 source literature lead(s), 0 record evidence item(s), 0 target(s)
review-readiness	CHEBI:49566	cloxacillin	ARO+CHEBI	PMID:1234495|PMID:11585791|PMID:15673804|PMID:16540070|PMID:16853954	MECHANISM_REVIEW: mechanism is absent; 13 source literature lead(s), 0 record evidence item(s), 1 target(s)
review-readiness	CHEBI:65648	cochinchinone C	CHEBI	PMID:16310231|PMID:16651783	MECHANISM_REVIEW: mechanism is absent; 2 source literature lead(s), 0 record evidence item(s), 0 target(s)
review-readiness	CHEBI:16213	coformycin	CHEBI	PMID:11913523|PMID:14630012|PMID:6860359|PMID:7204504	MECHANISM_REVIEW: mechanism is absent; 4 source literature lead(s), 0 record evidence item(s), 0 target(s)
review-readiness	CHEBI:59669	colistimethate A	CHEBI	PMID:16931410	MECHANISM_REVIEW: mechanism is absent; 1 source literature lead(s), 0 record evidence item(s), 0 target(s)
review-readiness	CHEBI:59671	colistimethate B	CHEBI	PMID:16931410	MECHANISM_REVIEW: mechanism is absent; 1 source literature lead(s), 0 record evidence item(s), 0 target(s)
review-readiness	CHEBI:59064	colistin A	ARO+CHEBI	PMID:20818945|PMID:19157746|PMID:13058849|PMID:1650428|PMID:16931410	MECHANISM_REVIEW: mechanism is absent; 9 source literature lead(s), 0 record evidence item(s), 1 target(s)
review-readiness	CHEBI:59663	colistin A sodium methanesulfonate	CHEBI	PMID:16931410	MECHANISM_REVIEW: mechanism is absent; 1 source literature lead(s), 0 record evidence item(s), 0 target(s)
review-readiness	CHEBI:59673	colistin B	ARO+CHEBI	PMID:19157746|PMID:20818945|PMID:16931410|PMID:18625681	MECHANISM_REVIEW: mechanism is absent; 4 source literature lead(s), 0 record evidence item(s), 1 target(s)
review-readiness	CHEBI:59664	colistin B sodium methanesulfonate	CHEBI	PMID:16931410	MECHANISM_REVIEW: mechanism is absent; 1 source literature lead(s), 0 record evidence item(s), 0 target(s)
review-readiness	CHEBI:65649	colossolactone V	CHEBI	PMID:18547117	MECHANISM_REVIEW: mechanism is source-seeded and not curator-checked; 1 source literature lead(s), 0 record evidence item(s), 0 target(s)
review-readiness	CHEBI:65650	colossolactone VII	CHEBI	PMID:18547117	MECHANISM_REVIEW: mechanism is source-seeded and not curator-checked; 1 source literature lead(s), 0 record evidence item(s), 0 target(s)
review-readiness	CHEBI:65651	colossolactone VIII	CHEBI	PMID:18547117	MECHANISM_REVIEW: mechanism is source-seeded and not curator-checked; 1 source literature lead(s), 0 record evidence item(s), 0 target(s)
review-readiness	CHEBI:70012	comazaphilone C	CHEBI	PMID:21226488	MECHANISM_REVIEW: mechanism is absent; 1 source literature lead(s), 0 record evidence item(s), 0 target(s)
review-readiness	CHEBI:70013	comazaphilone D	CHEBI	PMID:21226488	MECHANISM_REVIEW: mechanism is absent; 1 source literature lead(s), 0 record evidence item(s), 0 target(s)
review-readiness	CHEBI:70014	comazaphilone E	CHEBI	PMID:21226488	MECHANISM_REVIEW: mechanism is absent; 1 source literature lead(s), 0 record evidence item(s), 0 target(s)
review-readiness	CHEBI:70005	combretol	CHEBI	PMID:16499334|PMID:20665372|PMID:21265555|PMID:6068757	MECHANISM_REVIEW: mechanism is absent; 4 source literature lead(s), 0 record evidence item(s), 0 target(s)
review-readiness	CHEBI:34652	compactin diol lactone	CHEBI	PMID:1010803|PMID:12929390|PMID:15531273|PMID:16386050|PMID:2280672	MECHANISM_REVIEW: mechanism is absent; 10 source literature lead(s), 0 record evidence item(s), 0 target(s)
review-readiness	CHEBI:65655	complestatin A	CHEBI	PMID:11473415	MECHANISM_REVIEW: mechanism is source-seeded and not curator-checked; 1 source literature lead(s), 0 record evidence item(s), 0 target(s)
review-readiness	CHEBI:65656	complestatin B	CHEBI	PMID:11473415|PMID:21991993	MECHANISM_REVIEW: mechanism is source-seeded and not curator-checked; 2 source literature lead(s), 0 record evidence item(s), 0 target(s)
review-readiness	CHEBI:73167	concanamycin A	CHEBI	PMID:11297425|PMID:12186879|PMID:15638326|PMID:18387916|PMID:23038011	MECHANISM_REVIEW: mechanism is source-seeded and not curator-checked; 10 source literature lead(s), 0 record evidence item(s), 0 target(s)
review-readiness	CHEBI:27965	conessine	CHEBI	PMID:15413865|PMID:18683917|PMID:20161899|PMID:21834632|PMID:23758861	MECHANISM_REVIEW: mechanism is absent; 5 source literature lead(s), 0 record evidence item(s), 0 target(s)
review-readiness	CHEBI:16547	coniferyl aldehyde	CHEBI	PMID:22034160|PMID:22466741|PMID:23302528|PMID:23725839|PMID:24010325	MECHANISM_REVIEW: mechanism is absent; 5 source literature lead(s), 0 record evidence item(s), 0 target(s)
review-readiness	CHEBI:29014	cordycepin	ARO+CHEBI	PMID:35191475	MECHANISM_REVIEW: mechanism is absent; 1 source literature lead(s), 0 record evidence item(s), 0 target(s)
review-readiness	CHEBI:52316	cordycepin triphosphate	CHEBI		MECHANISM_REVIEW: mechanism is absent; 0 source literature lead(s), 0 record evidence item(s), 0 target(s)
review-readiness	CHEBI:65658	cordyheptapeptide A	CHEBI	PMID:16499340|PMID:17887724	MECHANISM_REVIEW: mechanism is absent; 2 source literature lead(s), 0 record evidence item(s), 0 target(s)
review-readiness	CHEBI:64518	cordyol C	CHEBI	PMID:17268106	MECHANISM_REVIEW: mechanism is absent; 1 source literature lead(s), 0 record evidence item(s), 0 target(s)
review-readiness	CHEBI:137081	CORM 3	CHEBI	PMID:21376373|PMID:21382478|PMID:21926571|PMID:22038495|PMID:22210380	MECHANISM_REVIEW: mechanism is absent; 10 source literature lead(s), 0 record evidence item(s), 0 target(s)
review-readiness	CHEBI:3900	costunolide	CHEBI	PMID:11534769|PMID:11912066|PMID:14510592|PMID:18409040|PMID:6476889	MECHANISM_REVIEW: mechanism is absent; 5 source literature lead(s), 0 record evidence item(s), 0 target(s)
review-readiness	CHEBI:3907	coumermycin A1	ARO+CHEBI	PMID:11036020|PMID:8231802|PMID:14285468|PMID:14285469|PMID:23123663	MECHANISM_REVIEW: mechanism is source-seeded and not curator-checked; 8 source literature lead(s), 0 record evidence item(s), 4 target(s)
review-readiness	CHEBI:83185	coumoxystrobin	CHEBI	PMID:22312739|PMID:31836058|PMID:32388572|PMID:33782814	MECHANISM_REVIEW: mechanism is source-seeded and not curator-checked; 4 source literature lead(s), 0 record evidence item(s), 0 target(s)
review-readiness	CHEBI:65666	crambescidin 800	CHEBI	PMID:14640525|PMID:15330179|PMID:17136890|PMID:8377012	MECHANISM_REVIEW: mechanism is absent; 4 source literature lead(s), 0 record evidence item(s), 0 target(s)
review-readiness	CHEBI:65667	crambescidin 826	CHEBI	PMID:14640525	MECHANISM_REVIEW: mechanism is absent; 1 source literature lead(s), 0 record evidence item(s), 0 target(s)
review-readiness	CHEBI:184373	cremeomycin	CHEBI	PMID:26278892|PMID:26689788|PMID:29505698|PMID:29771512|PMID:30120394	MECHANISM_REVIEW: mechanism is absent; 6 source literature lead(s), 0 record evidence item(s), 0 target(s)
review-readiness	CHEBI:3930	cryptolepine	CHEBI	PMID:20623717|PMID:21369934|PMID:21946165|PMID:22091398|PMID:22221099	MECHANISM_REVIEW: mechanism is absent; 10 source literature lead(s), 0 record evidence item(s), 0 target(s)
review-readiness	CHEBI:3932	cryptopleurine	CHEBI	PMID:17523674|PMID:20843097|PMID:22768286|PMID:24357989|PMID:4341628	MECHANISM_REVIEW: mechanism is source-seeded and not curator-checked; 7 source literature lead(s), 0 record evidence item(s), 0 target(s)
review-readiness	CHEBI:41688	crystal violet	CHEBI	PMID:18464526|PMID:21095530|PMID:21324408|PMID:21444708|PMID:2272286	MECHANISM_REVIEW: mechanism is absent; 10 source literature lead(s), 0 record evidence item(s), 0 target(s)
review-readiness	CHEBI:77181	crystal violet cation	CHEBI		MECHANISM_REVIEW: mechanism is absent; 0 source literature lead(s), 0 record evidence item(s), 0 target(s)
review-readiness	CHEBI:65678	CT2108A	CHEBI	PMID:12932120	MECHANISM_REVIEW: mechanism is absent; 1 source literature lead(s), 0 record evidence item(s), 0 target(s)
review-readiness	CHEBI:65679	CT2108B	CHEBI	PMID:12932120	MECHANISM_REVIEW: mechanism is absent; 1 source literature lead(s), 0 record evidence item(s), 0 target(s)
review-readiness	CHEBI:231816	CT3	CHEBI	PMID:37384702	MECHANISM_REVIEW: mechanism is absent; 1 source literature lead(s), 0 record evidence item(s), 0 target(s)
review-readiness	CHEBI:77693	CTBT	CHEBI	PMID:17204400|PMID:20202201|PMID:22212016|PMID:22909133|PMID:23176778	MECHANISM_REVIEW: mechanism is absent; 6 source literature lead(s), 0 record evidence item(s), 0 target(s)
review-readiness	CHEBI:68023	cudraflavone C	CHEBI	PMID:10821057|PMID:12391560|PMID:19686821|PMID:20020453|PMID:20628938	MECHANISM_REVIEW: mechanism is absent; 9 source literature lead(s), 0 record evidence item(s), 0 target(s)
review-readiness	CHEBI:156426	curacomycin	CHEBI	PMID:32727132	MECHANISM_REVIEW: mechanism is absent; 1 source literature lead(s), 0 record evidence item(s), 0 target(s)
review-readiness	CHEBI:71987	curamycin A	CHEBI	PMID:14346980|PMID:8252527	MECHANISM_REVIEW: mechanism is absent; 2 source literature lead(s), 0 record evidence item(s), 0 target(s)
review-readiness	CHEBI:3962	curcumin	CHEBI	PMID:10923784|PMID:12083767|PMID:12450549|PMID:12826232|PMID:14561543	MECHANISM_REVIEW: mechanism is absent; 10 source literature lead(s), 0 record evidence item(s), 0 target(s)
review-readiness	CHEBI:81841	cyazofamid	CHEBI	PMID:11852638|PMID:12639045|PMID:23919901|PMID:24176337|PMID:25173365	MECHANISM_REVIEW: mechanism is source-seeded and not curator-checked; 5 source literature lead(s), 0 record evidence item(s), 0 target(s)
review-readiness	CHEBI:31444	cyclacillin	CHEBI		MECHANISM_REVIEW: mechanism is absent; 0 source literature lead(s), 0 record evidence item(s), 0 target(s)
review-readiness	CHEBI:148439	cyclanilide	CHEBI	PMID:25255562	MECHANISM_REVIEW: mechanism is absent; 1 source literature lead(s), 0 record evidence item(s), 0 target(s)
review-readiness	CHEBI:135029	cycloguanil	CHEBI	PMID:15228254|PMID:29061131|PMID:29882324|PMID:6385887|PMID:8494394	MECHANISM_REVIEW: mechanism is source-seeded and not curator-checked; 6 source literature lead(s), 0 record evidence item(s), 0 target(s)
review-readiness	CHEBI:27641	cycloheximide	ARO+CHEBI	PMID:9271421|PMID:11972861|PMID:16659174|PMID:25209664|PMID:26715760	MECHANISM_REVIEW: mechanism is source-seeded and not curator-checked; 11 source literature lead(s), 0 record evidence item(s), 1 target(s)
review-readiness	CHEBI:4031	cyclosporin A	CHEBI	PMID:11058832|PMID:11069928|PMID:11079273|PMID:11080188|PMID:11238591	MECHANISM_REVIEW: mechanism is absent; 10 source literature lead(s), 0 record evidence item(s), 0 target(s)
review-readiness	CHEBI:81797	cyflufenamid	CHEBI	PMID:18959256	MECHANISM_REVIEW: mechanism is absent; 1 source literature lead(s), 0 record evidence item(s), 0 target(s)
review-readiness	CHEBI:81788	cymoxanil	CHEBI	PMID:24791955|PMID:25212392|PMID:25236328|PMID:25306333	MECHANISM_REVIEW: mechanism is absent; 4 source literature lead(s), 0 record evidence item(s), 0 target(s)
review-readiness	CHEBI:83748	cyproconazole	ARO	PMID:23589453	MECHANISM_REVIEW: mechanism is absent; 1 source literature lead(s), 0 record evidence item(s), 0 target(s)
review-readiness	CHEBI:4045	cyprodinil	CHEBI	PMID:23073993|PMID:23228475|PMID:23436777|PMID:23799251|PMID:24598029	MECHANISM_REVIEW: mechanism is absent; 8 source literature lead(s), 0 record evidence item(s), 0 target(s)
review-readiness	CHEBI:65716	cystothiazole A	CHEBI	PMID:12817811|PMID:14572275|PMID:14981303|PMID:17978521|PMID:22621309	MECHANISM_REVIEW: mechanism is absent; 6 source literature lead(s), 0 record evidence item(s), 0 target(s)
review-readiness	CHEBI:28680	cytarabine	CHEBI	PMID:15492802	MECHANISM_REVIEW: mechanism is absent; 1 source literature lead(s), 0 record evidence item(s), 0 target(s)
review-readiness	CHEBI:65717	cytonic acid A	CHEBI	PMID:10843568	MECHANISM_REVIEW: mechanism is absent; 1 source literature lead(s), 0 record evidence item(s), 0 target(s)
review-readiness	CHEBI:65718	cytonic acid B	CHEBI	PMID:10843568	MECHANISM_REVIEW: mechanism is absent; 1 source literature lead(s), 0 record evidence item(s), 0 target(s)
review-readiness	CHEBI:65719	cytosporic acid	CHEBI	PMID:12713414	MECHANISM_REVIEW: mechanism is source-seeded and not curator-checked; 1 source literature lead(s), 0 record evidence item(s), 0 target(s)
review-readiness	CHEBI:65720	cytotrienin A	CHEBI	PMID:18646025|PMID:20943818|PMID:21323372|PMID:21663740|PMID:37212460	MECHANISM_REVIEW: mechanism is absent; 7 source literature lead(s), 0 record evidence item(s), 0 target(s)
review-readiness	CHEBI:40009	D-cycloserine	ARO+CHEBI	PMID:4555420|PMID:14479178|PMID:12076471|PMID:17707326|PMID:18316423	MECHANISM_REVIEW: mechanism is absent; 12 source literature lead(s), 0 record evidence item(s), 2 target(s)
review-readiness	CHEBI:75045	dabrafenib	CHEBI	PMID:22981500|PMID:23237741|PMID:23249624|PMID:23276366|PMID:23290787	MECHANISM_REVIEW: mechanism is absent; 10 source literature lead(s), 0 record evidence item(s), 0 target(s)
review-readiness	CHEBI:82977	daclatasvir	CHEBI	PMID:23089758|PMID:23177287|PMID:23403428|PMID:23431163|PMID:23684844	MECHANISM_REVIEW: mechanism is source-seeded and not curator-checked; 10 source literature lead(s), 0 record evidence item(s), 0 target(s)
review-readiness	CHEBI:83800	daclatasvir hydrochloride	CHEBI	PMID:25117197	MECHANISM_REVIEW: mechanism is source-seeded and not curator-checked; 1 source literature lead(s), 0 record evidence item(s), 0 target(s)
review-readiness	CHEBI:82721	dalbavancin	ARO+CHEBI	PMID:27904526|PMID:17461743|PMID:15566329|PMID:22951648|PMID:23357293	MECHANISM_REVIEW: mechanism is absent; 13 source literature lead(s), 0 record evidence item(s), 1 target(s)
review-readiness	CHEBI:4309	dalfopristin	ARO+CHEBI	PMID:15700955|PMID:11985218|PMID:12771141|PMID:1328138|PMID:15059283	MECHANISM_REVIEW: mechanism is source-seeded and not curator-checked; 11 source literature lead(s), 0 record evidence item(s), 1 target(s)
review-readiness	CHEBI:4316	danielone	CHEBI	PMID:9004541	MECHANISM_REVIEW: mechanism is absent; 1 source literature lead(s), 0 record evidence item(s), 0 target(s)
review-readiness	CHEBI:85330	dapdiamide A	CHEBI	PMID:19807062|PMID:20041689|PMID:20945916|PMID:21520904	MECHANISM_REVIEW: mechanism is absent; 4 source literature lead(s), 0 record evidence item(s), 0 target(s)
review-readiness	CHEBI:85332	dapdiamide B	CHEBI	PMID:19807062|PMID:20041689	MECHANISM_REVIEW: mechanism is absent; 2 source literature lead(s), 0 record evidence item(s), 0 target(s)
review-readiness	CHEBI:85333	dapdiamide C	CHEBI	PMID:19807062|PMID:20041689	MECHANISM_REVIEW: mechanism is absent; 2 source literature lead(s), 0 record evidence item(s), 0 target(s)
review-readiness	CHEBI:85337	dapdiamide E	CHEBI	PMID:19807062|PMID:20041689	MECHANISM_REVIEW: mechanism is absent; 2 source literature lead(s), 0 record evidence item(s), 0 target(s)
review-readiness	CHEBI:4324	daphnoretin	CHEBI	PMID:19610034|PMID:22231496|PMID:22570931|PMID:23462531|PMID:7774678	MECHANISM_REVIEW: mechanism is absent; 6 source literature lead(s), 0 record evidence item(s), 0 target(s)
review-readiness	CHEBI:229223	daprodustat	CHEBI	PMID:25343825|PMID:31640478|PMID:32880805|PMID:34739196|PMID:34824467	MECHANISM_REVIEW: mechanism is absent; 10 source literature lead(s), 0 record evidence item(s), 0 target(s)
review-readiness	CHEBI:4325	dapsone	ARO+CHEBI	PMID:11511841|PMID:16361748|PMID:18035772|PMID:24232126|PMID:24512442	MECHANISM_REVIEW: mechanism is absent; 11 source literature lead(s), 0 record evidence item(s), 1 target(s)
review-readiness	CHEBI:600103	daptomycin	ARO+CHEBI	PMID:20522545|PMID:16311632|PMID:15870461|PMID:11353654|PMID:22083474	MECHANISM_REVIEW: mechanism is absent; 15 source literature lead(s), 0 record evidence item(s), 5 target(s)
review-readiness	CHEBI:367163	darunavir	CHEBI	PMID:15771427|PMID:16480273|PMID:25017682	MECHANISM_REVIEW: mechanism is source-seeded and not curator-checked; 3 source literature lead(s), 0 record evidence item(s), 0 target(s)
review-readiness	CHEBI:85179	dasabuvir sodium	CHEBI	PMID:25534735	MECHANISM_REVIEW: mechanism is absent; 1 source literature lead(s), 0 record evidence item(s), 0 target(s)
review-readiness	CHEBI:85178	dasabuvir sodium hydrate	CHEBI	PMID:24882169	MECHANISM_REVIEW: mechanism is absent; 1 source literature lead(s), 0 record evidence item(s), 0 target(s)
review-readiness	CHEBI:49375	dasatinib (anhydrous)	CHEBI	PMID:16775234|PMID:17154512|PMID:18020922|PMID:18784745|PMID:18797457	MECHANISM_REVIEW: mechanism is absent; 10 source literature lead(s), 0 record evidence item(s), 2 target(s)
review-readiness	CHEBI:41977	daunorubicin	CHEBI	PMID:10820108|PMID:23414337|PMID:23900905|PMID:24396448	MECHANISM_REVIEW: mechanism is absent; 4 source literature lead(s), 0 record evidence item(s), 0 target(s)
review-readiness	CHEBI:75212	dazomet	CHEBI	PMID:18399425|PMID:22228481|PMID:22522815|PMID:4736772|PMID:786239	MECHANISM_REVIEW: mechanism is absent; 5 source literature lead(s), 0 record evidence item(s), 0 target(s)
review-readiness	CHEBI:18229	deacetoxycephalosporin C	CHEBI		MECHANISM_REVIEW: mechanism is absent; 0 source literature lead(s), 0 record evidence item(s), 0 target(s)
review-readiness	CHEBI:18065	deacetylcephalosporin C	CHEBI		MECHANISM_REVIEW: mechanism is absent; 0 source literature lead(s), 0 record evidence item(s), 0 target(s)
review-readiness	CHEBI:16251	deaminohydroxyblasticidin S	CHEBI		MECHANISM_REVIEW: mechanism is absent; 0 source literature lead(s), 0 record evidence item(s), 0 target(s)
review-readiness	CHEBI:66556	debromolaurinterol	CHEBI	PMID:11302194|PMID:1137385	MECHANISM_REVIEW: mechanism is absent; 2 source literature lead(s), 0 record evidence item(s), 0 target(s)
review-readiness	CHEBI:31457	decanal	CHEBI	PMID:23513747|PMID:24444903|PMID:24491729	MECHANISM_REVIEW: mechanism is absent; 3 source literature lead(s), 0 record evidence item(s), 0 target(s)
review-readiness	CHEBI:30813	decanoic acid	CHEBI	PMID:19168249|PMID:20661498|PMID:24284257|PMID:24357269	MECHANISM_REVIEW: mechanism is absent; 4 source literature lead(s), 0 record evidence item(s), 0 target(s)
review-readiness	CHEBI:156289	decanoyl-L-Arg-L-Val-L-Lys-L-Arg-chloromethylketone	CHEBI	PMID:12794637|PMID:15161629|PMID:15584904|PMID:17043102|PMID:17905609	MECHANISM_REVIEW: mechanism is absent; 10 source literature lead(s), 0 record evidence item(s), 0 target(s)
review-readiness	CHEBI:65728	decatromicin A	CHEBI	PMID:10726925	MECHANISM_REVIEW: mechanism is absent; 1 source literature lead(s), 0 record evidence item(s), 0 target(s)
review-readiness	CHEBI:65729	decatromicin B	CHEBI	PMID:10726925	MECHANISM_REVIEW: mechanism is absent; 1 source literature lead(s), 0 record evidence item(s), 0 target(s)
review-readiness	CHEBI:4357	deguelin	CHEBI	PMID:27771933|PMID:28471807|PMID:29157837|PMID:30018008|PMID:30078209	MECHANISM_REVIEW: mechanism is absent; 10 source literature lead(s), 0 record evidence item(s), 0 target(s)
review-readiness	CHEBI:137426	dehydroacetic acid	CHEBI	PMID:18960990|PMID:23790920|PMID:25813167|PMID:28166217|PMID:4030634	MECHANISM_REVIEW: mechanism is absent; 6 source literature lead(s), 0 record evidence item(s), 0 target(s)
review-readiness	CHEBI:16299	dehydrocoformycin	CHEBI		MECHANISM_REVIEW: mechanism is absent; 0 source literature lead(s), 0 record evidence item(s), 0 target(s)
review-readiness	CHEBI:244418	dehydrocostus lactone	CHEBI	PMID:10193198|PMID:12419922|PMID:14192430|PMID:15209353|PMID:15881118	MECHANISM_REVIEW: mechanism is absent; 10 source literature lead(s), 0 record evidence item(s), 0 target(s)
review-readiness	CHEBI:27419	dehydrodeoxycoformycin	CHEBI		MECHANISM_REVIEW: mechanism is absent; 0 source literature lead(s), 0 record evidence item(s), 0 target(s)
review-readiness	CHEBI:65735	dehydrodiconiferyl dibenzoate	CHEBI	PMID:12502338	MECHANISM_REVIEW: mechanism is absent; 1 source literature lead(s), 0 record evidence item(s), 0 target(s)
review-readiness	CHEBI:134742	delamanid	ARO	PMID:25210407	MECHANISM_REVIEW: mechanism is absent; 1 source literature lead(s), 0 record evidence item(s), 0 target(s)
review-readiness	CHEBI:119573	delavirdine	CHEBI	PMID:11124228|PMID:11225565|PMID:11327199|PMID:11363651|PMID:11363709	MECHANISM_REVIEW: mechanism is source-seeded and not curator-checked; 10 source literature lead(s), 0 record evidence item(s), 4 target(s)
review-readiness	CHEBI:4379	delavirdine mesylate	CHEBI		MECHANISM_REVIEW: mechanism is source-seeded and not curator-checked; 0 source literature lead(s), 0 record evidence item(s), 0 target(s)
review-readiness	CHEBI:4392	demeclocycline	ARO+CHEBI	PMID:194065|PMID:24134630	MECHANISM_REVIEW: mechanism is absent; 2 source literature lead(s), 0 record evidence item(s), 1 target(s)
review-readiness	CHEBI:59725	demeclocycline hydrochloride	CHEBI		MECHANISM_REVIEW: mechanism is absent; 0 source literature lead(s), 0 record evidence item(s), 0 target(s)
review-readiness	CHEBI:29572	demethyllactenocin	CHEBI	PMID:3170602	MECHANISM_REVIEW: mechanism is absent; 1 source literature lead(s), 0 record evidence item(s), 0 target(s)
review-readiness	CHEBI:15906	demethylmacrocin	CHEBI		MECHANISM_REVIEW: mechanism is absent; 0 source literature lead(s), 0 record evidence item(s), 0 target(s)
review-readiness	CHEBI:145901	deoxyherqueinone	CHEBI	PMID:11676006|PMID:13269383|PMID:25079041|PMID:26978228|PMID:28240554	MECHANISM_REVIEW: mechanism is absent; 6 source literature lead(s), 0 record evidence item(s), 0 target(s)
review-readiness	CHEBI:145874	deoxyherqueinone(1−)	CHEBI	PMID:28240554	MECHANISM_REVIEW: mechanism is absent; 1 source literature lead(s), 0 record evidence item(s), 0 target(s)
review-readiness	CHEBI:4414	deoxylapachol	CHEBI	PMID:11260236|PMID:16972200|PMID:1791483|PMID:24671613|PMID:34885752	MECHANISM_REVIEW: mechanism is absent; 9 source literature lead(s), 0 record evidence item(s), 0 target(s)
review-readiness	CHEBI:131915	deoxyviolacein	CHEBI	PMID:21779844|PMID:22187076|PMID:22391969|PMID:23994489|PMID:24889673	MECHANISM_REVIEW: mechanism is absent; 7 source literature lead(s), 0 record evidence item(s), 0 target(s)
review-readiness	CHEBI:41872	dequalinium	CHEBI		MECHANISM_REVIEW: mechanism is absent; 0 source literature lead(s), 0 record evidence item(s), 0 target(s)
review-readiness	CHEBI:31466	dequalinium chloride	CHEBI	PMID:1156545|PMID:12404886|PMID:13623606|PMID:1818603|PMID:18968413	MECHANISM_REVIEW: mechanism is absent; 10 source literature lead(s), 0 record evidence item(s), 0 target(s)
review-readiness	CHEBI:65748	desacetylpyramidaglain D	CHEBI	PMID:17707871	MECHANISM_REVIEW: mechanism is absent; 1 source literature lead(s), 0 record evidence item(s), 0 target(s)
review-readiness	CHEBI:47395	devancoaminyl vancomycin	CHEBI	PMID:11294642	MECHANISM_REVIEW: mechanism is absent; 1 source literature lead(s), 0 record evidence item(s), 0 target(s)
review-readiness	CHEBI:46577	dextrofloxacin	CHEBI	PMID:15769740|PMID:17870541|PMID:17937485|PMID:1992111|PMID:2079448	MECHANISM_REVIEW: mechanism is source-seeded and not curator-checked; 10 source literature lead(s), 0 record evidence item(s), 0 target(s)
review-readiness	CHEBI:4488	diallyl disulfide	CHEBI	PMID:11375895|PMID:16462049|PMID:17534841	MECHANISM_REVIEW: mechanism is absent; 3 source literature lead(s), 0 record evidence item(s), 0 target(s)
review-readiness	CHEBI:78492	diallyl trisulfide	CHEBI	PMID:10757551|PMID:11020449|PMID:22020565|PMID:22137902|PMID:22143535	MECHANISM_REVIEW: mechanism is absent; 10 source literature lead(s), 0 record evidence item(s), 0 target(s)
review-readiness	CHEBI:48958	diamide	ARO	PMID:21015756	MECHANISM_REVIEW: mechanism is absent; 1 source literature lead(s), 0 record evidence item(s), 0 target(s)
review-readiness	CHEBI:37945	dibekacin	ARO+CHEBI	PMID:11083623|PMID:8385262|PMID:10103173|PMID:20922036|PMID:20936279	MECHANISM_REVIEW: mechanism is source-seeded and not curator-checked; 5 source literature lead(s), 0 record evidence item(s), 1 target(s)
review-readiness	CHEBI:65764	dicerandrol A	CHEBI	PMID:11520215	MECHANISM_REVIEW: mechanism is absent; 1 source literature lead(s), 0 record evidence item(s), 0 target(s)
review-readiness	CHEBI:65765	dicerandrol B	CHEBI	PMID:11520215	MECHANISM_REVIEW: mechanism is absent; 1 source literature lead(s), 0 record evidence item(s), 0 target(s)
review-readiness	CHEBI:65766	dicerandrol C	CHEBI	PMID:11520215	MECHANISM_REVIEW: mechanism is absent; 1 source literature lead(s), 0 record evidence item(s), 0 target(s)
review-readiness	CHEBI:74875	dichlofluanid	CHEBI	PMID:1864270|PMID:19680886|PMID:1991455|PMID:7758314|PMID:9325584	MECHANISM_REVIEW: mechanism is absent; 5 source literature lead(s), 0 record evidence item(s), 0 target(s)
review-readiness	CHEBI:34690	dichlorvos	CHEBI	PMID:24021659|PMID:24231740|PMID:24374570	MECHANISM_REVIEW: mechanism is absent; 3 source literature lead(s), 0 record evidence item(s), 0 target(s)
review-readiness	CHEBI:81799	diclocymet	CHEBI		MECHANISM_REVIEW: mechanism is absent; 0 source literature lead(s), 0 record evidence item(s), 0 target(s)
review-readiness	CHEBI:81759	diclomezine	CHEBI	PMID:21589541	MECHANISM_REVIEW: mechanism is absent; 1 source literature lead(s), 0 record evidence item(s), 0 target(s)
review-readiness	CHEBI:4511	dicloxacillin	ARO+CHEBI	PMID:3764352|PMID:3588519|PMID:26962156|PMID:28721014|PMID:29017833	MECHANISM_REVIEW: mechanism is absent; 8 source literature lead(s), 0 record evidence item(s), 1 target(s)
review-readiness	CHEBI:490877	didanosine	CHEBI	PMID:10386939|PMID:1619614|PMID:17046264|PMID:18549801|PMID:29438107	MECHANISM_REVIEW: mechanism is source-seeded and not curator-checked; 6 source literature lead(s), 0 record evidence item(s), 0 target(s)
review-readiness	CHEBI:4520	diethofencarb	ARO+CHEBI	PMID:1388107|PMID:21174194|PMID:21763813|PMID:22921656|PMID:23404952	MECHANISM_REVIEW: mechanism is absent; 11 source literature lead(s), 0 record evidence item(s), 0 target(s)
review-readiness	CHEBI:41922	diethylstilbestrol	CHEBI	PMID:12877905|PMID:15322263|PMID:16665969|PMID:19303142|PMID:21795073	MECHANISM_REVIEW: mechanism is absent; 10 source literature lead(s), 0 record evidence item(s), 0 target(s)
review-readiness	CHEBI:81760	difenoconazole	ARO+CHEBI	PMID:26863444|PMID:24405376|PMID:25172726|PMID:25306325	MECHANISM_REVIEW: mechanism is source-seeded and not curator-checked; 4 source literature lead(s), 0 record evidence item(s), 0 target(s)
review-readiness	CHEBI:4537	difloxacin	CHEBI	PMID:19751946|PMID:22751072|PMID:23742101|PMID:23962048|PMID:25229385	MECHANISM_REVIEW: mechanism is absent; 6 source literature lead(s), 0 record evidence item(s), 0 target(s)
review-readiness	CHEBI:39669	diflunisal	ARO	PMID:35453279	MECHANISM_REVIEW: mechanism is absent; 1 source literature lead(s), 0 record evidence item(s), 0 target(s)
review-readiness	CHEBI:207229	dihydroartemisinin	CHEBI	PMID:10893313|PMID:3669021	MECHANISM_REVIEW: mechanism is absent; 2 source literature lead(s), 0 record evidence item(s), 0 target(s)
review-readiness	CHEBI:65485	dihydrobetulinic acid	CHEBI	PMID:12765337|PMID:8176401|PMID:8676334|PMID:9459011	MECHANISM_REVIEW: mechanism is source-seeded and not curator-checked; 4 source literature lead(s), 0 record evidence item(s), 0 target(s)
review-readiness	CHEBI:4559	dihydroconiferyl alcohol	CHEBI	PMID:21664814|PMID:23944031	MECHANISM_REVIEW: mechanism is absent; 2 source literature lead(s), 0 record evidence item(s), 0 target(s)
review-readiness	CHEBI:69091	dihydrolicoisoflavone A	CHEBI	PMID:12127165|PMID:22074222|PMID:7623042	MECHANISM_REVIEW: mechanism is absent; 3 source literature lead(s), 0 record evidence item(s), 0 target(s)
review-readiness	CHEBI:67376	dihydrooroxylin A	CHEBI	PMID:15279992|PMID:19555121|PMID:21542597|PMID:9621415|PMID:9667023	MECHANISM_REVIEW: mechanism is absent; 5 source literature lead(s), 0 record evidence item(s), 0 target(s)
review-readiness	CHEBI:17209	dihydrosanguinarine	CHEBI	PMID:11488455|PMID:11488467|PMID:12898646|PMID:17260290|PMID:18309269	MECHANISM_REVIEW: mechanism is absent; 10 source literature lead(s), 0 record evidence item(s), 0 target(s)
review-readiness	CHEBI:38291	dihydrostreptomycin	CHEBI		MECHANISM_REVIEW: mechanism is absent; 0 source literature lead(s), 0 record evidence item(s), 0 target(s)
review-readiness	CHEBI:28333	dihydrostreptomycin 3'',6-bisphosphate	CHEBI		MECHANISM_REVIEW: mechanism is absent; 0 source literature lead(s), 0 record evidence item(s), 0 target(s)
review-readiness	CHEBI:27918	dihydrostreptomycin 3''-phosphate	CHEBI		MECHANISM_REVIEW: mechanism is absent; 0 source literature lead(s), 0 record evidence item(s), 0 target(s)
review-readiness	CHEBI:17751	dihydrostreptomycin 3'α,6-bisphosphate	CHEBI		MECHANISM_REVIEW: mechanism is absent; 0 source literature lead(s), 0 record evidence item(s), 0 target(s)
review-readiness	CHEBI:28703	dihydrostreptomycin 3'α-phosphate	CHEBI		MECHANISM_REVIEW: mechanism is absent; 0 source literature lead(s), 0 record evidence item(s), 0 target(s)
review-readiness	CHEBI:16505	dihydrostreptomycin 6-phosphate	CHEBI		MECHANISM_REVIEW: mechanism is absent; 0 source literature lead(s), 0 record evidence item(s), 0 target(s)
review-readiness	CHEBI:16016	dihydroxyacetone	CHEBI	PMID:20936361|PMID:21549029|PMID:21598406|PMID:23543734|PMID:23554234	MECHANISM_REVIEW: mechanism is absent; 7 source literature lead(s), 0 record evidence item(s), 0 target(s)
review-readiness	CHEBI:81958	dimethirimol	CHEBI	PMID:4833650|PMID:5083102|PMID:5675634	MECHANISM_REVIEW: mechanism is absent; 3 source literature lead(s), 0 record evidence item(s), 0 target(s)
review-readiness	CHEBI:81848	dimethomorph	CHEBI	PMID:23496017|PMID:25306333	MECHANISM_REVIEW: mechanism is absent; 2 source literature lead(s), 0 record evidence item(s), 0 target(s)
review-readiness	CHEBI:141155	dimetridazole	CHEBI	PMID:11321219|PMID:1542990|PMID:21383535|PMID:26731310|PMID:26911000	MECHANISM_REVIEW: mechanism is absent; 10 source literature lead(s), 0 record evidence item(s), 0 target(s)
review-readiness	CHEBI:81724	diminazene	CHEBI	PMID:24533295|PMID:7902657	MECHANISM_REVIEW: mechanism is absent; 2 source literature lead(s), 0 record evidence item(s), 0 target(s)
review-readiness	CHEBI:82615	diminazene diaceturate	CHEBI	PMID:23665493|PMID:23959549|PMID:24476993|PMID:24893117|PMID:35885036	MECHANISM_REVIEW: mechanism is absent; 10 source literature lead(s), 0 record evidence item(s), 0 target(s)
review-readiness	CHEBI:82614	diminazene(2+)	CHEBI	PMID:7902657	MECHANISM_REVIEW: mechanism is absent; 1 source literature lead(s), 0 record evidence item(s), 0 target(s)
review-readiness	CHEBI:83218	dimoxystrobin	CHEBI	PMID:22063534|PMID:23786000	MECHANISM_REVIEW: mechanism is source-seeded and not curator-checked; 2 source literature lead(s), 0 record evidence item(s), 0 target(s)
review-readiness	CHEBI:83911	diniconazole-M	CHEBI	PMID:23056532|PMID:30401538	MECHANISM_REVIEW: mechanism is source-seeded and not curator-checked; 2 source literature lead(s), 0 record evidence item(s), 0 target(s)
review-readiness	CHEBI:31503	dioncopeltine A	CHEBI	PMID:17088484|PMID:9371362	MECHANISM_REVIEW: mechanism is absent; 2 source literature lead(s), 0 record evidence item(s), 0 target(s)
review-readiness	CHEBI:31504	dioncophylline A	CHEBI	PMID:16971341|PMID:17252498|PMID:17263326|PMID:8953426|PMID:9134743	MECHANISM_REVIEW: mechanism is absent; 6 source literature lead(s), 0 record evidence item(s), 0 target(s)
review-readiness	CHEBI:31505	dioncophylline C	CHEBI	PMID:17263326|PMID:17315144|PMID:22459968|PMID:8762401|PMID:9272557	MECHANISM_REVIEW: mechanism is absent; 5 source literature lead(s), 0 record evidence item(s), 0 target(s)
review-readiness	CHEBI:74023	dioscin	CHEBI	PMID:16079518|PMID:20622501|PMID:22231406|PMID:22334414|PMID:22386816	MECHANISM_REVIEW: mechanism is absent; 10 source literature lead(s), 0 record evidence item(s), 0 target(s)
review-readiness	CHEBI:4629	diosgenin	CHEBI	PMID:20622501|PMID:21391660|PMID:21990007|PMID:22266324|PMID:22719792	MECHANISM_REVIEW: mechanism is absent; 10 source literature lead(s), 0 record evidence item(s), 0 target(s)
review-readiness	CHEBI:65799	diperamycin	CHEBI	PMID:10048567	MECHANISM_REVIEW: mechanism is absent; 1 source literature lead(s), 0 record evidence item(s), 0 target(s)
review-readiness	CHEBI:4640	diphenylamine	CHEBI	PMID:16172927|PMID:16336182|PMID:23200380|PMID:23311914|PMID:6446435	MECHANISM_REVIEW: mechanism is absent; 6 source literature lead(s), 0 record evidence item(s), 0 target(s)
review-readiness	CHEBI:131600	dipymetitrone	CHEBI		MECHANISM_REVIEW: mechanism is absent; 0 source literature lead(s), 0 record evidence item(s), 0 target(s)
review-readiness	CHEBI:474014	dirithromycin	ARO+CHEBI	PMID:7683018	MECHANISM_REVIEW: mechanism is absent; 1 source literature lead(s), 0 record evidence item(s), 1 target(s)
review-readiness	CHEBI:4659	disulfiram	CHEBI	PMID:10841824|PMID:11005259|PMID:11716515|PMID:14978246|PMID:15325261	MECHANISM_REVIEW: mechanism is absent; 10 source literature lead(s), 0 record evidence item(s), 1 target(s)
review-readiness	CHEBI:81842	dithianon	CHEBI	PMID:10454242|PMID:15092966|PMID:15327854|PMID:19130372|PMID:23165602	MECHANISM_REVIEW: mechanism is absent; 6 source literature lead(s), 0 record evidence item(s), 0 target(s)
review-readiness	CHEBI:38947	dithiodiphosphoric acid	CHEBI		MECHANISM_REVIEW: mechanism is absent; 0 source literature lead(s), 0 record evidence item(s), 0 target(s)
review-readiness	CHEBI:65802	diuvaretin	CHEBI	PMID:12168763|PMID:14709883|PMID:15635168|PMID:1775574|PMID:845713	MECHANISM_REVIEW: mechanism is absent; 5 source literature lead(s), 0 record evidence item(s), 0 target(s)
review-readiness	CHEBI:141315	djalonensone	CHEBI	PMID:12357398|PMID:22792370|PMID:23087499|PMID:23154127|PMID:23606124	MECHANISM_REVIEW: mechanism is absent; 10 source literature lead(s), 0 record evidence item(s), 0 target(s)
review-readiness	CHEBI:4672	docetaxel anhydrous	CHEBI		MECHANISM_REVIEW: mechanism is absent; 0 source literature lead(s), 0 record evidence item(s), 0 target(s)
review-readiness	CHEBI:31000	docosan-1-ol	CHEBI	PMID:12196766|PMID:12367721|PMID:12383719|PMID:12383720|PMID:17055542	MECHANISM_REVIEW: mechanism is absent; 10 source literature lead(s), 0 record evidence item(s), 0 target(s)
review-readiness	CHEBI:30805	dodecanoic acid	CHEBI	PMID:19387482|PMID:26884207	MECHANISM_REVIEW: mechanism is absent; 2 source literature lead(s), 0 record evidence item(s), 0 target(s)
review-readiness	CHEBI:81960	dodemorph	CHEBI	PMID:12948534|PMID:1400862	MECHANISM_REVIEW: mechanism is absent; 2 source literature lead(s), 0 record evidence item(s), 0 target(s)
review-readiness	CHEBI:76007	dolutegravir sodium	CHEBI	PMID:24081387	MECHANISM_REVIEW: mechanism is source-seeded and not curator-checked; 1 source literature lead(s), 0 record evidence item(s), 0 target(s)
review-readiness	CHEBI:135928	doripenem	ARO+CHEBI	PMID:15047550|PMID:16307551	MECHANISM_REVIEW: mechanism is absent; 2 source literature lead(s), 0 record evidence item(s), 1 target(s)
review-readiness	CHEBI:36798	dothiepin	CHEBI		MECHANISM_REVIEW: mechanism is absent; 0 source literature lead(s), 0 record evidence item(s), 0 target(s)
review-readiness	CHEBI:28748	doxorubicin	CHEBI		MECHANISM_REVIEW: mechanism is absent; 0 source literature lead(s), 0 record evidence item(s), 0 target(s)
review-readiness	CHEBI:133817	doxorubicinol	CHEBI	PMID:10408701|PMID:11448472|PMID:12647011|PMID:16168722|PMID:1628370	MECHANISM_REVIEW: mechanism is absent; 10 source literature lead(s), 0 record evidence item(s), 0 target(s)
review-readiness	CHEBI:50845	doxycycline	ARO+CHEBI	PMID:11381101|PMID:19862477|PMID:11477376|PMID:11850258|PMID:11891205	MECHANISM_REVIEW: mechanism is absent; 10 source literature lead(s), 0 record evidence item(s), 1 target(s)
review-readiness	CHEBI:34730	doxycycline hyclate	CHEBI		MECHANISM_REVIEW: mechanism is absent; 0 source literature lead(s), 0 record evidence item(s), 0 target(s)
review-readiness	CHEBI:60648	doxycycline monohydrate	CHEBI		MECHANISM_REVIEW: mechanism is absent; 0 source literature lead(s), 0 record evidence item(s), 0 target(s)
review-readiness	CHEBI:65583	dragomabin	CHEBI	PMID:17441769|PMID:19424997	MECHANISM_REVIEW: mechanism is absent; 2 source literature lead(s), 0 record evidence item(s), 0 target(s)
review-readiness	CHEBI:65584	dragonamide A	CHEBI	PMID:17441769	MECHANISM_REVIEW: mechanism is absent; 1 source literature lead(s), 0 record evidence item(s), 0 target(s)
review-readiness	CHEBI:65809	drummondin D	CHEBI	PMID:1800634	MECHANISM_REVIEW: mechanism is absent; 1 source literature lead(s), 0 record evidence item(s), 0 target(s)
review-readiness	CHEBI:65810	drummondin E	CHEBI	PMID:1800634	MECHANISM_REVIEW: mechanism is absent; 1 source literature lead(s), 0 record evidence item(s), 0 target(s)
review-readiness	CHEBI:65811	drummondin F	CHEBI	PMID:1800634	MECHANISM_REVIEW: mechanism is absent; 1 source literature lead(s), 0 record evidence item(s), 0 target(s)
review-readiness	CHEBI:65813	drymaritin	CHEBI	PMID:15270576|PMID:19848436	MECHANISM_REVIEW: mechanism is absent; 2 source literature lead(s), 0 record evidence item(s), 0 target(s)
review-readiness	CHEBI:65814	durhamycin A	CHEBI	PMID:12193009|PMID:12762675	MECHANISM_REVIEW: mechanism is absent; 2 source literature lead(s), 0 record evidence item(s), 0 target(s)
review-readiness	CHEBI:65815	durhamycin B	CHEBI	PMID:12193009|PMID:12762675	MECHANISM_REVIEW: mechanism is absent; 2 source literature lead(s), 0 record evidence item(s), 0 target(s)
review-readiness	CHEBI:229539	durlobactam	CHEBI	PMID:28835096|PMID:37452667|PMID:37523122|PMID:37603677|PMID:37740370	MECHANISM_REVIEW: mechanism is absent; 8 source literature lead(s), 0 record evidence item(s), 0 target(s)
review-readiness	CHEBI:229544	durlobactam sodium	CHEBI	PMID:37452667	MECHANISM_REVIEW: mechanism is absent; 1 source literature lead(s), 0 record evidence item(s), 0 target(s)
review-readiness	CHEBI:171673	dutomycin	CHEBI	PMID:1490891|PMID:27195476|PMID:32474644|PMID:33517652	MECHANISM_REVIEW: mechanism is absent; 4 source literature lead(s), 0 record evidence item(s), 0 target(s)
review-readiness	CHEBI:44369	duvoglustat	CHEBI	PMID:23265519|PMID:23391926|PMID:23536174|PMID:23561072|PMID:23570294	MECHANISM_REVIEW: mechanism is absent; 10 source literature lead(s), 0 record evidence item(s), 0 target(s)
review-readiness	CHEBI:65817	dysoxyhainanin A	CHEBI	PMID:18771268	MECHANISM_REVIEW: mechanism is absent; 1 source literature lead(s), 0 record evidence item(s), 0 target(s)
review-readiness	CHEBI:65818	dzununcanone	CHEBI	PMID:17385912	MECHANISM_REVIEW: mechanism is absent; 1 source literature lead(s), 0 record evidence item(s), 0 target(s)
review-readiness	CHEBI:30270	E64	CHEBI		MECHANISM_REVIEW: mechanism is absent; 0 source literature lead(s), 0 record evidence item(s), 0 target(s)
review-readiness	CHEBI:77543	ebselen	CHEBI	PMID:11060699|PMID:14588151|PMID:16239596|PMID:16962325|PMID:17030476	MECHANISM_REVIEW: mechanism is source-seeded and not curator-checked; 9 source literature lead(s), 0 record evidence item(s), 2 target(s)
review-readiness	CHEBI:315018	echinocandin B	CHEBI		MECHANISM_REVIEW: mechanism is source-seeded and not curator-checked; 0 source literature lead(s), 0 record evidence item(s), 0 target(s)
review-readiness	CHEBI:34735	edifenphos	CHEBI	PMID:15198308|PMID:25129879|PMID:6836611|PMID:8360628|PMID:9536649	MECHANISM_REVIEW: mechanism is source-seeded and not curator-checked; 6 source literature lead(s), 0 record evidence item(s), 0 target(s)
review-readiness	CHEBI:119486	efavirenz	CHEBI	PMID:10576692|PMID:10673109|PMID:25017682	MECHANISM_REVIEW: mechanism is source-seeded and not curator-checked; 3 source literature lead(s), 0 record evidence item(s), 0 target(s)
review-readiness	CHEBI:82718	efinaconazole	CHEBI	PMID:23177180|PMID:23318803|PMID:23377392|PMID:23459486|PMID:23556032	MECHANISM_REVIEW: mechanism is source-seeded and not curator-checked; 10 source literature lead(s), 0 record evidence item(s), 0 target(s)
review-readiness	CHEBI:41948	eflornithine	CHEBI	PMID:16541214|PMID:23771434|PMID:24144414	MECHANISM_REVIEW: mechanism is absent; 3 source literature lead(s), 0 record evidence item(s), 0 target(s)
review-readiness	CHEBI:65822	EI-1511-3	CHEBI	PMID:8982334	MECHANISM_REVIEW: mechanism is absent; 1 source literature lead(s), 0 record evidence item(s), 0 target(s)
review-readiness	CHEBI:65823	EI-1511-5	CHEBI	PMID:8982334	MECHANISM_REVIEW: mechanism is absent; 1 source literature lead(s), 0 record evidence item(s), 0 target(s)
review-readiness	CHEBI:65824	EI-1625-2	CHEBI	PMID:8982334	MECHANISM_REVIEW: mechanism is absent; 1 source literature lead(s), 0 record evidence item(s), 0 target(s)
review-readiness	CHEBI:77879	elaiophylin	CHEBI	PMID:10805576|PMID:11506969|PMID:1298407|PMID:15881411|PMID:22016996	MECHANISM_REVIEW: mechanism is absent; 10 source literature lead(s), 0 record evidence item(s), 0 target(s)
review-readiness	CHEBI:132967	elbasvir	CHEBI	PMID:24127258|PMID:25467591|PMID:26303801|PMID:26371152|PMID:26456905	MECHANISM_REVIEW: mechanism is absent; 10 source literature lead(s), 0 record evidence item(s), 0 target(s)
review-readiness	CHEBI:78288	elloramycin A	CHEBI	PMID:11306350|PMID:11325225|PMID:11376004|PMID:18310024|PMID:19233921	MECHANISM_REVIEW: mechanism is absent; 9 source literature lead(s), 0 record evidence item(s), 0 target(s)
review-readiness	CHEBI:72289	elvitegravir	CHEBI	PMID:20040702|PMID:21044030|PMID:21505303|PMID:22015077|PMID:22197635	MECHANISM_REVIEW: mechanism is source-seeded and not curator-checked; 10 source literature lead(s), 0 record evidence item(s), 0 target(s)
review-readiness	CHEBI:4778	embelin	CHEBI	PMID:11054840|PMID:12963150|PMID:15890461|PMID:17124632	MECHANISM_REVIEW: mechanism is source-seeded and not curator-checked; 4 source literature lead(s), 0 record evidence item(s), 0 target(s)
review-readiness	CHEBI:4781	emetine	CHEBI	PMID:14119536|PMID:16109351|PMID:17094176|PMID:19227966|PMID:29872540	MECHANISM_REVIEW: mechanism is source-seeded and not curator-checked; 10 source literature lead(s), 0 record evidence item(s), 0 target(s)
review-readiness	CHEBI:149551	emetine dihydrochloride	CHEBI	PMID:11294031|PMID:13904259|PMID:14266439|PMID:14852643|PMID:24045224	MECHANISM_REVIEW: mechanism is source-seeded and not curator-checked; 10 source literature lead(s), 0 record evidence item(s), 0 target(s)
review-readiness	CHEBI:146000	emetine dihydrochloride hydrate	CHEBI	PMID:24107123|PMID:28257497	MECHANISM_REVIEW: mechanism is source-seeded and not curator-checked; 2 source literature lead(s), 0 record evidence item(s), 0 target(s)
review-readiness	CHEBI:44143	emivirine	CHEBI	PMID:10602732|PMID:16898805|PMID:17388601	MECHANISM_REVIEW: mechanism is source-seeded and not curator-checked; 3 source literature lead(s), 0 record evidence item(s), 1 target(s)
review-readiness	CHEBI:31536	emtricitabine	CHEBI	PMID:11491420|PMID:14609348|PMID:14693538|PMID:15206508|PMID:15249567	MECHANISM_REVIEW: mechanism is source-seeded and not curator-checked; 10 source literature lead(s), 0 record evidence item(s), 0 target(s)
review-readiness	CHEBI:61749	enfumafungin	CHEBI	PMID:10639364	MECHANISM_REVIEW: mechanism is absent; 1 source literature lead(s), 0 record evidence item(s), 0 target(s)
review-readiness	CHEBI:608828	enfuvirtide	CHEBI	PMID:17485501|PMID:25017682	MECHANISM_REVIEW: mechanism is source-seeded and not curator-checked; 2 source literature lead(s), 0 record evidence item(s), 0 target(s)
review-readiness	CHEBI:64651	enniatin A	CHEBI	PMID:16562855|PMID:21621786|PMID:21823219|PMID:22070284|PMID:4752338	MECHANISM_REVIEW: mechanism is source-seeded and not curator-checked; 7 source literature lead(s), 0 record evidence item(s), 0 target(s)
review-readiness	CHEBI:64649	enniatin B	CHEBI	PMID:18847210|PMID:19065580|PMID:19360736|PMID:19472887|PMID:20621153	MECHANISM_REVIEW: mechanism is source-seeded and not curator-checked; 10 source literature lead(s), 0 record evidence item(s), 0 target(s)
review-readiness	CHEBI:157175	enoxacin	ARO+CHEBI	PMID:15914491|PMID:16644219|PMID:8741236	MECHANISM_REVIEW: mechanism is source-seeded and not curator-checked; 3 source literature lead(s), 0 record evidence item(s), 1 target(s)
review-readiness	CHEBI:83187	enoxastrobin	CHEBI	PMID:24717155|PMID:24974113|PMID:35914604	MECHANISM_REVIEW: mechanism is source-seeded and not curator-checked; 3 source literature lead(s), 0 record evidence item(s), 0 target(s)
review-readiness	CHEBI:35720	enrofloxacin	ARO+CHEBI	PMID:9278889|PMID:15967281|PMID:19376344|PMID:24380725|PMID:26963935	MECHANISM_REVIEW: mechanism is absent; 6 source literature lead(s), 0 record evidence item(s), 0 target(s)
review-readiness	CHEBI:15417	ent-kaur-16-en-19-oic acid	CHEBI	PMID:20013639|PMID:20496227|PMID:20552528|PMID:21823454|PMID:21884778	MECHANISM_REVIEW: mechanism is absent; 7 source literature lead(s), 0 record evidence item(s), 0 target(s)
review-readiness	CHEBI:473990	entecavir (anhydrous)	CHEBI		MECHANISM_REVIEW: mechanism is source-seeded and not curator-checked; 0 source literature lead(s), 0 record evidence item(s), 0 target(s)
review-readiness	CHEBI:59902	entecavir hydrate	CHEBI		MECHANISM_REVIEW: mechanism is source-seeded and not curator-checked; 0 source literature lead(s), 0 record evidence item(s), 0 target(s)
review-readiness	CHEBI:195558	entrectinib	CHEBI	PMID:26633560|PMID:27003761|PMID:32907817|PMID:33290717|PMID:34209967	MECHANISM_REVIEW: mechanism is absent; 10 source literature lead(s), 0 record evidence item(s), 0 target(s)
review-readiness	CHEBI:68700	epi-isochromophilone II	CHEBI	PMID:16792406	MECHANISM_REVIEW: mechanism is absent; 1 source literature lead(s), 0 record evidence item(s), 0 target(s)
review-readiness	CHEBI:65849	epichlicin	CHEBI	PMID:17587677	MECHANISM_REVIEW: mechanism is absent; 1 source literature lead(s), 0 record evidence item(s), 0 target(s)
review-readiness	CHEBI:58974	epicillin	ARO+CHEBI	PMID:4343402|PMID:1170316|PMID:1701026|PMID:4404324|PMID:7191790	MECHANISM_REVIEW: mechanism is absent; 6 source literature lead(s), 0 record evidence item(s), 0 target(s)
review-readiness	CHEBI:71659	epidermin	CHEBI	PMID:1551392|PMID:16586024|PMID:3769923|PMID:8135526|PMID:8775972	MECHANISM_REVIEW: mechanism is absent; 5 source literature lead(s), 0 record evidence item(s), 0 target(s)
review-readiness	CHEBI:65854	epigallocatechin-(4β→8,2β→O-7)-epicatechin	CHEBI	PMID:10691716	MECHANISM_REVIEW: mechanism is source-seeded and not curator-checked; 1 source literature lead(s), 0 record evidence item(s), 0 target(s)
review-readiness	CHEBI:91030	epithienamycin E	CHEBI		MECHANISM_REVIEW: mechanism is absent; 0 source literature lead(s), 0 record evidence item(s), 0 target(s)
review-readiness	CHEBI:142135	equisetin	CHEBI	PMID:11073657|PMID:15632969|PMID:15724180|PMID:24038394|PMID:2536535	MECHANISM_REVIEW: mechanism is source-seeded and not curator-checked; 10 source literature lead(s), 0 record evidence item(s), 0 target(s)
review-readiness	CHEBI:156313	erdasporine A	CHEBI	PMID:24171465	MECHANISM_REVIEW: mechanism is absent; 1 source literature lead(s), 0 record evidence item(s), 0 target(s)
review-readiness	CHEBI:156314	erdasporine B	CHEBI	PMID:24171465|PMID:25872030	MECHANISM_REVIEW: mechanism is absent; 2 source literature lead(s), 0 record evidence item(s), 0 target(s)
review-readiness	CHEBI:156315	erdasporine C	CHEBI	PMID:24171465	MECHANISM_REVIEW: mechanism is absent; 1 source literature lead(s), 0 record evidence item(s), 0 target(s)
review-readiness	CHEBI:65858	ergosterol peroxide	CHEBI	PMID:10423860|PMID:11014261|PMID:15665489|PMID:21341709|PMID:21428374	MECHANISM_REVIEW: mechanism is absent; 8 source literature lead(s), 0 record evidence item(s), 0 target(s)
review-readiness	CHEBI:233659	erianin	CHEBI	PMID:11749794|PMID:16378617|PMID:35060996|PMID:37608888|PMID:38374284	MECHANISM_REVIEW: mechanism is absent; 10 source literature lead(s), 0 record evidence item(s), 0 target(s)
review-readiness	CHEBI:404903	ertapenem	ARO+CHEBI	PMID:12951340|PMID:27572414	MECHANISM_REVIEW: mechanism is absent; 2 source literature lead(s), 0 record evidence item(s), 1 target(s)
review-readiness	CHEBI:60070	ertapenem sodium	CHEBI		MECHANISM_REVIEW: mechanism is absent; 0 source literature lead(s), 0 record evidence item(s), 0 target(s)
review-readiness	CHEBI:65862	erybraedin A	CHEBI	PMID:15597305|PMID:17055201|PMID:18087807|PMID:20521535|PMID:8590641	MECHANISM_REVIEW: mechanism is absent; 5 source literature lead(s), 0 record evidence item(s), 0 target(s)
review-readiness	CHEBI:65863	erylatissin A	CHEBI	PMID:15649516	MECHANISM_REVIEW: mechanism is absent; 1 source literature lead(s), 0 record evidence item(s), 0 target(s)
review-readiness	CHEBI:65864	erylatissin B	CHEBI	PMID:15649516	MECHANISM_REVIEW: mechanism is absent; 1 source literature lead(s), 0 record evidence item(s), 0 target(s)
review-readiness	CHEBI:65865	erylatissin C	CHEBI	PMID:15649516	MECHANISM_REVIEW: mechanism is absent; 1 source literature lead(s), 0 record evidence item(s), 0 target(s)
review-readiness	CHEBI:42355	erythromycin A	ARO+CHEBI	PMID:7683018|PMID:10582867|PMID:15980346	MECHANISM_REVIEW: mechanism is absent; 3 source literature lead(s), 0 record evidence item(s), 1 target(s)
review-readiness	CHEBI:48913	erythromycin A 2'-propanoate	CHEBI		MECHANISM_REVIEW: mechanism is absent; 0 source literature lead(s), 0 record evidence item(s), 0 target(s)
review-readiness	CHEBI:28196	erythromycin B	CHEBI	PMID:10669574|PMID:20381987|PMID:21175699	MECHANISM_REVIEW: mechanism is absent; 3 source literature lead(s), 0 record evidence item(s), 0 target(s)
review-readiness	CHEBI:64273	erythromycin C	CHEBI	PMID:15530995|PMID:15870344|PMID:4587460|PMID:4995842	MECHANISM_REVIEW: mechanism is absent; 4 source literature lead(s), 0 record evidence item(s), 0 target(s)
review-readiness	CHEBI:28331	erythromycin D	CHEBI		MECHANISM_REVIEW: mechanism is absent; 0 source literature lead(s), 0 record evidence item(s), 0 target(s)
review-readiness	CHEBI:28239	erythromycin E	CHEBI		MECHANISM_REVIEW: mechanism is absent; 0 source literature lead(s), 0 record evidence item(s), 0 target(s)
review-readiness	CHEBI:4846	erythromycin estolate	CHEBI		MECHANISM_REVIEW: mechanism is absent; 0 source literature lead(s), 0 record evidence item(s), 0 target(s)
review-readiness	CHEBI:31555	erythromycin ethylsuccinate	CHEBI	PMID:10613930|PMID:1400845|PMID:14718172|PMID:15014787|PMID:15338913	MECHANISM_REVIEW: mechanism is absent; 10 source literature lead(s), 0 record evidence item(s), 0 target(s)
review-readiness	CHEBI:145339	erythromycin-[N-methyl-14C]	CHEBI	PMID:12803574|PMID:15200453|PMID:15270556|PMID:15679319|PMID:16842395	MECHANISM_REVIEW: mechanism is absent; 9 source literature lead(s), 0 record evidence item(s), 0 target(s)
review-readiness	CHEBI:53273	esperamicin A1	CHEBI	PMID:2813351	MECHANISM_REVIEW: mechanism is absent; 1 source literature lead(s), 0 record evidence item(s), 0 target(s)
review-readiness	CHEBI:65867	espicufolin	CHEBI	PMID:8931733	MECHANISM_REVIEW: mechanism is absent; 1 source literature lead(s), 0 record evidence item(s), 0 target(s)
review-readiness	CHEBI:4874	etaconazole	CHEBI		MECHANISM_REVIEW: mechanism is source-seeded and not curator-checked; 0 source literature lead(s), 0 record evidence item(s), 0 target(s)
review-readiness	CHEBI:4877	ethambutol	ARO+CHEBI	PMID:18242089|PMID:10649975|PMID:10891117|PMID:10966749|PMID:12182855	MECHANISM_REVIEW: mechanism is absent; 11 source literature lead(s), 0 record evidence item(s), 5 target(s)
review-readiness	CHEBI:4878	ethambutol dihydrochloride	CHEBI		MECHANISM_REVIEW: mechanism is absent; 0 source literature lead(s), 0 record evidence item(s), 0 target(s)
review-readiness	CHEBI:16236	ethanol	CHEBI	PMID:11046114|PMID:11090978|PMID:11198720|PMID:11200745|PMID:11262320	MECHANISM_REVIEW: mechanism is absent; 10 source literature lead(s), 0 record evidence item(s), 0 target(s)
review-readiness	CHEBI:4883	ethidium bromide	CHEBI	PMID:12485345|PMID:14744029|PMID:17824384|PMID:17905818|PMID:23698443	MECHANISM_REVIEW: mechanism is absent; 10 source literature lead(s), 0 record evidence item(s), 0 target(s)
review-readiness	CHEBI:4885	ethionamide	ARO+CHEBI	PMID:13827430|PMID:14651620|PMID:15673755|PMID:15850780	MECHANISM_REVIEW: mechanism is absent; 4 source literature lead(s), 0 record evidence item(s), 1 target(s)
review-readiness	CHEBI:87805	ethionamide S-oxide	CHEBI	PMID:11823459|PMID:21268048|PMID:5204733|PMID:5944589	MECHANISM_REVIEW: mechanism is absent; 4 source literature lead(s), 0 record evidence item(s), 0 target(s)
review-readiness	CHEBI:81989	ethirimol	CHEBI	PMID:11407590|PMID:18944340|PMID:4833650|PMID:4927739	MECHANISM_REVIEW: mechanism is absent; 4 source literature lead(s), 0 record evidence item(s), 0 target(s)
review-readiness	CHEBI:77323	ethoxyquin	CHEBI	PMID:16199076|PMID:20093172|PMID:20334189|PMID:21902931|PMID:23063794	MECHANISM_REVIEW: mechanism is absent; 10 source literature lead(s), 0 record evidence item(s), 0 target(s)
review-readiness	CHEBI:141398	ethyl 2-hydroxy-5-methylpyrazolo[1,5-a]pyrimidine-6-carboxylate	CHEBI		MECHANISM_REVIEW: mechanism is source-seeded and not curator-checked; 0 source literature lead(s), 0 record evidence item(s), 0 target(s)
review-readiness	CHEBI:132364	ethyl 3,4-dihydroxybenzoate	CHEBI	PMID:12372619|PMID:12670184|PMID:18799519|PMID:2159480|PMID:24784993	MECHANISM_REVIEW: mechanism is absent; 10 source literature lead(s), 0 record evidence item(s), 0 target(s)
review-readiness	CHEBI:4893	ethyl acetoacetate	CHEBI	PMID:15084322|PMID:1521830|PMID:16233006|PMID:23142514|PMID:24010347	MECHANISM_REVIEW: mechanism is absent; 10 source literature lead(s), 0 record evidence item(s), 0 target(s)
review-readiness	CHEBI:67481	ethyl lansiolate	CHEBI	PMID:21401117	MECHANISM_REVIEW: mechanism is absent; 1 source literature lead(s), 0 record evidence item(s), 0 target(s)
review-readiness	CHEBI:152058	ethylmercuric chloride	CHEBI	PMID:12657006|PMID:13770900|PMID:18524619|PMID:30515546|PMID:3087824	MECHANISM_REVIEW: mechanism is absent; 10 source literature lead(s), 0 record evidence item(s), 0 target(s)
review-readiness	CHEBI:31575	ethylparaben	CHEBI	PMID:26901724|PMID:27106519|PMID:27377865	MECHANISM_REVIEW: mechanism is absent; 3 source literature lead(s), 0 record evidence item(s), 0 target(s)
review-readiness	CHEBI:172922	ethylzingerone	CHEBI	PMID:19367122|PMID:28487064|PMID:31170420|PMID:32186482|PMID:32737133	MECHANISM_REVIEW: mechanism is absent; 6 source literature lead(s), 0 record evidence item(s), 0 target(s)
review-readiness	CHEBI:134705	etimicin	CHEBI	PMID:11776118|PMID:11931698|PMID:22918626|PMID:22983905|PMID:25233899	MECHANISM_REVIEW: mechanism is absent; 10 source literature lead(s), 0 record evidence item(s), 0 target(s)
review-readiness	CHEBI:65868	etnangien	CHEBI	PMID:17547459|PMID:19645468|PMID:22832317	MECHANISM_REVIEW: mechanism is absent; 3 source literature lead(s), 0 record evidence item(s), 0 target(s)
review-readiness	CHEBI:229230	etrasimod	CHEBI	PMID:25516790|PMID:30872391|PMID:31711921|PMID:33475734|PMID:33566519	MECHANISM_REVIEW: mechanism is absent; 8 source literature lead(s), 0 record evidence item(s), 0 target(s)
review-readiness	CHEBI:63589	etravirine	CHEBI	PMID:21114458|PMID:21142266|PMID:21173188|PMID:21189339|PMID:21383098	MECHANISM_REVIEW: mechanism is source-seeded and not curator-checked; 10 source literature lead(s), 0 record evidence item(s), 1 target(s)
review-readiness	CHEBI:81761	etridiazole	CHEBI	PMID:1747060|PMID:19476968	MECHANISM_REVIEW: mechanism is absent; 2 source literature lead(s), 0 record evidence item(s), 0 target(s)
review-readiness	CHEBI:80955	eudistomin C	CHEBI	PMID:16248638|PMID:18498172|PMID:27304596	MECHANISM_REVIEW: mechanism is source-seeded and not curator-checked; 3 source literature lead(s), 0 record evidence item(s), 0 target(s)
review-readiness	CHEBI:4916	eugeniin	CHEBI	PMID:10737184|PMID:11259565|PMID:14599517|PMID:20922478|PMID:8476228	MECHANISM_REVIEW: mechanism is absent; 5 source literature lead(s), 0 record evidence item(s), 0 target(s)
review-readiness	CHEBI:4917	eugenol	CHEBI	PMID:11033063|PMID:11806158|PMID:14745850|PMID:15574415|PMID:18218839	MECHANISM_REVIEW: mechanism is absent; 10 source literature lead(s), 0 record evidence item(s), 0 target(s)
review-readiness	CHEBI:65873	Eunicea sesquiterpenoid 2	CHEBI	PMID:16180813	MECHANISM_REVIEW: mechanism is absent; 1 source literature lead(s), 0 record evidence item(s), 0 target(s)
review-readiness	CHEBI:65877	Eunicea sesquiterpenoid 7	CHEBI	PMID:16180813	MECHANISM_REVIEW: mechanism is absent; 1 source literature lead(s), 0 record evidence item(s), 0 target(s)
review-readiness	CHEBI:65887	eurycomanone	CHEBI	PMID:1800638	MECHANISM_REVIEW: mechanism is absent; 1 source literature lead(s), 0 record evidence item(s), 0 target(s)
review-readiness	CHEBI:65888	eurysterol A	CHEBI	PMID:17378608	MECHANISM_REVIEW: mechanism is absent; 1 source literature lead(s), 0 record evidence item(s), 0 target(s)
review-readiness	CHEBI:68591	eurysterol A sulfonic acid	CHEBI		MECHANISM_REVIEW: mechanism is absent; 0 source literature lead(s), 0 record evidence item(s), 0 target(s)
review-readiness	CHEBI:65889	eurysterol B	CHEBI	PMID:17378608	MECHANISM_REVIEW: mechanism is absent; 1 source literature lead(s), 0 record evidence item(s), 0 target(s)
review-readiness	CHEBI:68594	eurysterol B sulfonic acid	CHEBI		MECHANISM_REVIEW: mechanism is absent; 0 source literature lead(s), 0 record evidence item(s), 0 target(s)
review-readiness	CHEBI:68478	everolimus	CHEBI	PMID:22363408|PMID:22404500|PMID:22461124|PMID:22683823|PMID:22967800	MECHANISM_REVIEW: mechanism is absent; 10 source literature lead(s), 0 record evidence item(s), 0 target(s)
review-readiness	CHEBI:31585	exalamide	CHEBI	PMID:1171959|PMID:6386917|PMID:6981011	MECHANISM_REVIEW: mechanism is absent; 3 source literature lead(s), 0 record evidence item(s), 0 target(s)
review-readiness	CHEBI:65891	exiguaflavanone A	CHEBI	PMID:9748386	MECHANISM_REVIEW: mechanism is absent; 1 source literature lead(s), 0 record evidence item(s), 0 target(s)
review-readiness	CHEBI:65892	exiguaflavanone B	CHEBI	PMID:9748386	MECHANISM_REVIEW: mechanism is absent; 1 source literature lead(s), 0 record evidence item(s), 0 target(s)
review-readiness	CHEBI:232062	exophillic acid	CHEBI	PMID:15015729|PMID:26296744|PMID:26441896|PMID:35458494|PMID:38545685	MECHANISM_REVIEW: mechanism is absent; 5 source literature lead(s), 0 record evidence item(s), 0 target(s)
review-readiness	CHEBI:65893	F390B	CHEBI	PMID:10784438|PMID:9711252	MECHANISM_REVIEW: mechanism is absent; 2 source literature lead(s), 0 record evidence item(s), 0 target(s)
review-readiness	CHEBI:65894	F390C	CHEBI	PMID:10784438|PMID:9711252	MECHANISM_REVIEW: mechanism is absent; 2 source literature lead(s), 0 record evidence item(s), 0 target(s)
review-readiness	CHEBI:4974	famciclovir	CHEBI	PMID:17870541|PMID:2754699|PMID:9719596	MECHANISM_REVIEW: mechanism is absent; 3 source literature lead(s), 0 record evidence item(s), 0 target(s)
review-readiness	CHEBI:132893	fangchinoline	CHEBI	PMID:18161288|PMID:19428795|PMID:19764054|PMID:20030508|PMID:20208355	MECHANISM_REVIEW: mechanism is absent; 10 source literature lead(s), 0 record evidence item(s), 0 target(s)
review-readiness	CHEBI:28600	farnesol	CHEBI	PMID:17640272|PMID:19402910|PMID:23902158|PMID:24987733	MECHANISM_REVIEW: mechanism is absent; 4 source literature lead(s), 0 record evidence item(s), 0 target(s)
review-readiness	CHEBI:51788	faropenem	ARO+CHEBI	PMID:12615878	MECHANISM_REVIEW: mechanism is absent; 1 source literature lead(s), 0 record evidence item(s), 0 target(s)
review-readiness	CHEBI:51791	faropenem(1−)	CHEBI		MECHANISM_REVIEW: mechanism is absent; 0 source literature lead(s), 0 record evidence item(s), 0 target(s)
review-readiness	CHEBI:145520	Fasnall	CHEBI	PMID:27265747|PMID:28962653|PMID:29177652|PMID:31769890	MECHANISM_REVIEW: mechanism is absent; 4 source literature lead(s), 0 record evidence item(s), 0 target(s)
review-readiness	CHEBI:69216	fatsicarpain A	CHEBI	PMID:21766884	MECHANISM_REVIEW: mechanism is absent; 1 source literature lead(s), 0 record evidence item(s), 0 target(s)
review-readiness	CHEBI:69218	fatsicarpain C	CHEBI	PMID:21766884	MECHANISM_REVIEW: mechanism is absent; 1 source literature lead(s), 0 record evidence item(s), 0 target(s)
review-readiness	CHEBI:69219	fatsicarpain D	CHEBI	PMID:21766884	MECHANISM_REVIEW: mechanism is absent; 1 source literature lead(s), 0 record evidence item(s), 0 target(s)
review-readiness	CHEBI:69221	fatsicarpain F	CHEBI	PMID:21766884	MECHANISM_REVIEW: mechanism is absent; 1 source literature lead(s), 0 record evidence item(s), 0 target(s)
review-readiness	CHEBI:69222	fatsicarpain G	CHEBI	PMID:21766884	MECHANISM_REVIEW: mechanism is absent; 1 source literature lead(s), 0 record evidence item(s), 0 target(s)
review-readiness	CHEBI:65895	fattiviracin A1	CHEBI	PMID:9820232|PMID:9918397	MECHANISM_REVIEW: mechanism is source-seeded and not curator-checked; 2 source literature lead(s), 0 record evidence item(s), 0 target(s)
review-readiness	CHEBI:134722	favipiravir	CHEBI	PMID:28105854|PMID:28324644|PMID:28465146|PMID:28769016|PMID:29289664	MECHANISM_REVIEW: mechanism is source-seeded and not curator-checked; 9 source literature lead(s), 0 record evidence item(s), 1 target(s)
review-readiness	CHEBI:69204	fellutamide C	CHEBI	PMID:21761939	MECHANISM_REVIEW: mechanism is absent; 1 source literature lead(s), 0 record evidence item(s), 0 target(s)
review-readiness	CHEBI:69205	fellutamide D	CHEBI	PMID:21761939	MECHANISM_REVIEW: mechanism is absent; 1 source literature lead(s), 0 record evidence item(s), 0 target(s)
review-readiness	CHEBI:70168	fellutanine	CHEBI	PMID:10867952|PMID:14520967|PMID:21126094	MECHANISM_REVIEW: mechanism is absent; 3 source literature lead(s), 0 record evidence item(s), 0 target(s)
review-readiness	CHEBI:83258	fenamidone	CHEBI	PMID:17763039|PMID:21726147|PMID:22102420|PMID:22349284|PMID:24041529	MECHANISM_REVIEW: mechanism is source-seeded and not curator-checked; 5 source literature lead(s), 0 record evidence item(s), 0 target(s)
review-readiness	CHEBI:83220	fenaminstrobin	CHEBI	PMID:25175653|PMID:37668008	MECHANISM_REVIEW: mechanism is source-seeded and not curator-checked; 2 source literature lead(s), 0 record evidence item(s), 0 target(s)
review-readiness	CHEBI:83920	fenbuconazole	ARO	PMID:30870889	MECHANISM_REVIEW: mechanism is absent; 1 source literature lead(s), 0 record evidence item(s), 0 target(s)
review-readiness	CHEBI:81994	fenfuram	CHEBI		MECHANISM_REVIEW: mechanism is source-seeded and not curator-checked; 0 source literature lead(s), 0 record evidence item(s), 0 target(s)
review-readiness	CHEBI:29583	fengycin	ARO	PMID:38092837|PMID:29376372	MECHANISM_REVIEW: mechanism is absent; 2 source literature lead(s), 0 record evidence item(s), 0 target(s)
review-readiness	CHEBI:81853	fenhexamid	CHEBI	PMID:17390774|PMID:19285148|PMID:22045588|PMID:23052036|PMID:23139232	MECHANISM_REVIEW: mechanism is absent; 5 source literature lead(s), 0 record evidence item(s), 0 target(s)
review-readiness	CHEBI:229753	fenopyramid	CHEBI		MECHANISM_REVIEW: mechanism is source-seeded and not curator-checked; 0 source literature lead(s), 0 record evidence item(s), 0 target(s)
review-readiness	CHEBI:34759	fenpiclonil	CHEBI	PMID:11310744	MECHANISM_REVIEW: mechanism is absent; 1 source literature lead(s), 0 record evidence item(s), 0 target(s)
review-readiness	CHEBI:136340	fenpicoxamid	CHEBI		MECHANISM_REVIEW: mechanism is absent; 0 source literature lead(s), 0 record evidence item(s), 0 target(s)
review-readiness	CHEBI:83327	fenpyrazamine	CHEBI		MECHANISM_REVIEW: mechanism is absent; 0 source literature lead(s), 0 record evidence item(s), 0 target(s)
review-readiness	CHEBI:556580	fenticlor	CHEBI	PMID:23474448|PMID:2970943|PMID:3679565|PMID:6210158	MECHANISM_REVIEW: mechanism is absent; 4 source literature lead(s), 0 record evidence item(s), 0 target(s)
review-readiness	CHEBI:83606	fenticonazole nitrate	CHEBI	PMID:12017948|PMID:15216954|PMID:2019858|PMID:8704823|PMID:9273113	MECHANISM_REVIEW: mechanism is source-seeded and not curator-checked; 5 source literature lead(s), 0 record evidence item(s), 0 target(s)
review-readiness	CHEBI:81918	fentin acetate	CHEBI	PMID:15669734|PMID:3567403	MECHANISM_REVIEW: mechanism is absent; 2 source literature lead(s), 0 record evidence item(s), 0 target(s)
review-readiness	CHEBI:35036	fentin chloride	CHEBI	PMID:1280083|PMID:1677872|PMID:19882143|PMID:20591183|PMID:20708649	MECHANISM_REVIEW: mechanism is absent; 10 source literature lead(s), 0 record evidence item(s), 0 target(s)
review-readiness	CHEBI:30473	fentin hydroxide	CHEBI	PMID:16162336|PMID:16806747|PMID:20563930|PMID:3232835|PMID:5675476	MECHANISM_REVIEW: mechanism is absent; 5 source literature lead(s), 0 record evidence item(s), 0 target(s)
review-readiness	CHEBI:81844	ferimzone	CHEBI		MECHANISM_REVIEW: mechanism is absent; 0 source literature lead(s), 0 record evidence item(s), 0 target(s)
review-readiness	CHEBI:173086	ferrostatin-1	CHEBI	PMID:22632970|PMID:26385697|PMID:26410073|PMID:26696014|PMID:28250973	MECHANISM_REVIEW: mechanism is absent; 10 source literature lead(s), 0 record evidence item(s), 0 target(s)
review-readiness	CHEBI:78274	ferruginol	CHEBI	PMID:16202980|PMID:18237473|PMID:18294971|PMID:23812755|PMID:24417091	MECHANISM_REVIEW: mechanism is absent; 8 source literature lead(s), 0 record evidence item(s), 0 target(s)
review-readiness	CHEBI:75544	feruloylagmatine	CHEBI	PMID:10993146|PMID:18270436|PMID:18649321|PMID:19521717	MECHANISM_REVIEW: mechanism is absent; 4 source literature lead(s), 0 record evidence item(s), 0 target(s)
review-readiness	CHEBI:68590	fidaxomicin	ARO+CHEBI	PMID:24064437|PMID:22752863|PMID:21862392|PMID:21288078|PMID:20509714	MECHANISM_REVIEW: mechanism is source-seeded and not curator-checked; 14 source literature lead(s), 0 record evidence item(s), 1 target(s)
review-readiness	CHEBI:85176	finafloxacin	ARO+CHEBI	PMID:21596526|PMID:28438936|PMID:20100879|PMID:20940181|PMID:21245444	MECHANISM_REVIEW: mechanism is absent; 10 source literature lead(s), 0 record evidence item(s), 0 target(s)
review-readiness	CHEBI:133814	flavasperone	CHEBI	PMID:18205129|PMID:18823067|PMID:19160525|PMID:21652743|PMID:25809933	MECHANISM_REVIEW: mechanism is absent; 7 source literature lead(s), 0 record evidence item(s), 0 target(s)
review-readiness	CHEBI:65897	flavaspidic acid AB	CHEBI	PMID:12951487	MECHANISM_REVIEW: mechanism is absent; 1 source literature lead(s), 0 record evidence item(s), 0 target(s)
review-readiness	CHEBI:65898	flavaspidic acid PB	CHEBI	PMID:12951487|PMID:19471878	MECHANISM_REVIEW: mechanism is absent; 2 source literature lead(s), 0 record evidence item(s), 0 target(s)
review-readiness	CHEBI:194484	flavocillin	CHEBI		MECHANISM_REVIEW: mechanism is absent; 0 source literature lead(s), 0 record evidence item(s), 0 target(s)
review-readiness	CHEBI:65899	flavokawain B	CHEBI	PMID:11830162|PMID:17354169|PMID:19537711|PMID:20112340|PMID:21543203	MECHANISM_REVIEW: mechanism is absent; 6 source literature lead(s), 0 record evidence item(s), 0 target(s)
review-readiness	CHEBI:65900	fleephilone	CHEBI	PMID:8968392	MECHANISM_REVIEW: mechanism is absent; 1 source literature lead(s), 0 record evidence item(s), 0 target(s)
review-readiness	CHEBI:31810	fleroxacin	ARO+CHEBI	PMID:2112571|PMID:25143490|PMID:26963935|PMID:27301999|PMID:3095363	MECHANISM_REVIEW: mechanism is source-seeded and not curator-checked; 5 source literature lead(s), 0 record evidence item(s), 2 target(s)
review-readiness	CHEBI:135813	flomoxef	ARO+CHEBI	PMID:37610203|PMID:4008339|PMID:12803802|PMID:18606583|PMID:25694055	MECHANISM_REVIEW: mechanism is absent; 9 source literature lead(s), 0 record evidence item(s), 0 target(s)
review-readiness	CHEBI:87185	florfenicol	ARO+CHEBI	PMID:15539072|PMID:25287575|PMID:25395188|PMID:25567063|PMID:25572306	MECHANISM_REVIEW: mechanism is absent; 11 source literature lead(s), 0 record evidence item(s), 1 target(s)
review-readiness	CHEBI:156432	florylpicoxamid	CHEBI		MECHANISM_REVIEW: mechanism is absent; 0 source literature lead(s), 0 record evidence item(s), 0 target(s)
review-readiness	CHEBI:60761	floxuridine	CHEBI	PMID:12520460|PMID:19744858|PMID:19917528|PMID:20218622|PMID:20363130	MECHANISM_REVIEW: mechanism is absent; 9 source literature lead(s), 0 record evidence item(s), 0 target(s)
review-readiness	CHEBI:81843	fluazinam	CHEBI	PMID:19837458|PMID:21907236|PMID:22465686|PMID:23464902|PMID:24427089	MECHANISM_REVIEW: mechanism is absent; 7 source literature lead(s), 0 record evidence item(s), 0 target(s)
review-readiness	CHEBI:5098	flucloxacillin	ARO+CHEBI	PMID:3588519|PMID:12569987|PMID:15773973|PMID:23032409|PMID:23542420	MECHANISM_REVIEW: mechanism is absent; 8 source literature lead(s), 0 record evidence item(s), 1 target(s)
review-readiness	CHEBI:46081	fluconazole	ARO+CHEBI	PMID:8448970|PMID:10830059|PMID:11366931|PMID:16822276|PMID:23171950	MECHANISM_REVIEW: mechanism is source-seeded and not curator-checked; 6 source literature lead(s), 0 record evidence item(s), 0 target(s)
review-readiness	CHEBI:5100	flucytosine	ARO+CHEBI	PMID:37051439|PMID:14274962|PMID:11519290|PMID:14871609|PMID:18731030	MECHANISM_REVIEW: mechanism is absent; 9 source literature lead(s), 0 record evidence item(s), 0 target(s)
review-readiness	CHEBI:63599	fludarabine phosphate	CHEBI	PMID:10720130|PMID:19283354|PMID:19567212|PMID:19862681|PMID:19915381	MECHANISM_REVIEW: mechanism is source-seeded and not curator-checked; 10 source literature lead(s), 0 record evidence item(s), 0 target(s)
review-readiness	CHEBI:81763	fludioxonil	ARO+CHEBI	PMID:9241848|PMID:10552734|PMID:23052036|PMID:23256745|PMID:23436777	MECHANISM_REVIEW: mechanism is absent; 9 source literature lead(s), 0 record evidence item(s), 0 target(s)
review-readiness	CHEBI:83194	flufenoxystrobin	CHEBI		MECHANISM_REVIEW: mechanism is source-seeded and not curator-checked; 0 source literature lead(s), 0 record evidence item(s), 0 target(s)
review-readiness	CHEBI:83428	flumorph	CHEBI	PMID:18095384|PMID:18712878|PMID:18943584|PMID:19202809|PMID:19807099	MECHANISM_REVIEW: mechanism is absent; 9 source literature lead(s), 0 record evidence item(s), 0 target(s)
review-readiness	CHEBI:81764	fluopicolide	CHEBI	PMID:21253700|PMID:24432637|PMID:25132333|PMID:25146353	MECHANISM_REVIEW: mechanism is absent; 4 source literature lead(s), 0 record evidence item(s), 0 target(s)
review-readiness	CHEBI:145667	fluopimomide	CHEBI	PMID:31169087	MECHANISM_REVIEW: mechanism is absent; 1 source literature lead(s), 0 record evidence item(s), 0 target(s)
review-readiness	CHEBI:231919	fluopsin	CHEBI	PMID:34793213|PMID:4219752|PMID:4468081|PMID:4927254|PMID:5549384	MECHANISM_REVIEW: mechanism is absent; 5 source literature lead(s), 0 record evidence item(s), 0 target(s)
review-readiness	CHEBI:222417	fluopsin C	CHEBI	PMID:23708552|PMID:31708901|PMID:32242758|PMID:32582065|PMID:33123105	MECHANISM_REVIEW: mechanism is absent; 10 source literature lead(s), 0 record evidence item(s), 0 target(s)
review-readiness	CHEBI:83070	fluopyram	ARO+CHEBI	PMID:32216079|PMID:21394880|PMID:22076736|PMID:22262495|PMID:23175430	MECHANISM_REVIEW: mechanism is source-seeded and not curator-checked; 8 source literature lead(s), 0 record evidence item(s), 0 target(s)
review-readiness	CHEBI:81826	fluoroimide	CHEBI		MECHANISM_REVIEW: mechanism is absent; 0 source literature lead(s), 0 record evidence item(s), 0 target(s)
review-readiness	CHEBI:83253	fluoxastrobin	CHEBI		MECHANISM_REVIEW: mechanism is source-seeded and not curator-checked; 0 source literature lead(s), 0 record evidence item(s), 0 target(s)
review-readiness	CHEBI:5123	fluphenazine	CHEBI	PMID:13950763|PMID:16117689|PMID:1650428|PMID:16839522|PMID:25595294	MECHANISM_REVIEW: mechanism is absent; 6 source literature lead(s), 0 record evidence item(s), 0 target(s)
review-readiness	CHEBI:229760	flupyroxystrobin	CHEBI		MECHANISM_REVIEW: mechanism is source-seeded and not curator-checked; 0 source literature lead(s), 0 record evidence item(s), 0 target(s)
review-readiness	CHEBI:83923	fluquinconazole	CHEBI	PMID:23993516|PMID:24861743	MECHANISM_REVIEW: mechanism is source-seeded and not curator-checked; 2 source literature lead(s), 0 record evidence item(s), 0 target(s)
review-readiness	CHEBI:231921	fluquinometoate	CHEBI		MECHANISM_REVIEW: mechanism is absent; 0 source literature lead(s), 0 record evidence item(s), 0 target(s)
review-readiness	CHEBI:131719	flurithromycin	CHEBI	PMID:10783037|PMID:11165121|PMID:1452490|PMID:15216949|PMID:2722307	MECHANISM_REVIEW: mechanism is absent; 10 source literature lead(s), 0 record evidence item(s), 0 target(s)
review-readiness	CHEBI:81922	flusilazole	ARO+CHEBI	PMID:33357544|PMID:17187383|PMID:21238576|PMID:21290102|PMID:22382673	MECHANISM_REVIEW: mechanism is source-seeded and not curator-checked; 7 source literature lead(s), 0 record evidence item(s), 0 target(s)
review-readiness	CHEBI:81801	flusulfamide	CHEBI		MECHANISM_REVIEW: mechanism is absent; 0 source literature lead(s), 0 record evidence item(s), 0 target(s)
review-readiness	CHEBI:83277	flutianil	CHEBI		MECHANISM_REVIEW: mechanism is absent; 0 source literature lead(s), 0 record evidence item(s), 0 target(s)
review-readiness	CHEBI:81792	flutolanil	CHEBI	PMID:21587472	MECHANISM_REVIEW: mechanism is source-seeded and not curator-checked; 1 source literature lead(s), 0 record evidence item(s), 0 target(s)
review-readiness	CHEBI:83707	flutriafol	ARO	PMID:10879820	MECHANISM_REVIEW: mechanism is absent; 1 source literature lead(s), 0 record evidence item(s), 0 target(s)
review-readiness	CHEBI:82864	flutrimazole	CHEBI	PMID:10680442|PMID:11105539|PMID:12825997|PMID:12870201|PMID:1418042	MECHANISM_REVIEW: mechanism is source-seeded and not curator-checked; 10 source literature lead(s), 0 record evidence item(s), 0 target(s)
review-readiness	CHEBI:71508	fluvirucin A1	CHEBI	PMID:1880065|PMID:1938616	MECHANISM_REVIEW: mechanism is source-seeded and not curator-checked; 2 source literature lead(s), 0 record evidence item(s), 0 target(s)
review-readiness	CHEBI:83113	fluxapyroxad	ARO+CHEBI	PMID:23593940|PMID:22999200|PMID:25039069|PMID:25146353|PMID:25151827	MECHANISM_REVIEW: mechanism is source-seeded and not curator-checked; 5 source literature lead(s), 0 record evidence item(s), 0 target(s)
review-readiness	CHEBI:82019	folpet	CHEBI	PMID:10725173|PMID:12909534|PMID:20569196|PMID:21381057|PMID:21381058	MECHANISM_REVIEW: mechanism is absent; 7 source literature lead(s), 0 record evidence item(s), 0 target(s)
review-readiness	CHEBI:133759	fonsecinone A	CHEBI	PMID:12542363|PMID:15556711|PMID:16038560|PMID:16155971|PMID:21176790	MECHANISM_REVIEW: mechanism is absent; 7 source literature lead(s), 0 record evidence item(s), 0 target(s)
review-readiness	CHEBI:133757	fonsecinone C	CHEBI	PMID:21176790|PMID:27063778	MECHANISM_REVIEW: mechanism is absent; 2 source literature lead(s), 0 record evidence item(s), 0 target(s)
review-readiness	CHEBI:16842	formaldehyde	CHEBI	PMID:110589|PMID:12686735|PMID:15091529|PMID:16423181|PMID:17618393	MECHANISM_REVIEW: mechanism is absent; 10 source literature lead(s), 0 record evidence item(s), 0 target(s)
review-readiness	CHEBI:30751	formic acid	CHEBI	PMID:12591956|PMID:14637377|PMID:15811469|PMID:16120414|PMID:16185830	MECHANISM_REVIEW: mechanism is absent; 10 source literature lead(s), 0 record evidence item(s), 0 target(s)
review-readiness	CHEBI:65906	formobactin	CHEBI	PMID:8931715	MECHANISM_REVIEW: mechanism is absent; 1 source literature lead(s), 0 record evidence item(s), 0 target(s)
review-readiness	CHEBI:42452	formycin A	CHEBI		MECHANISM_REVIEW: mechanism is absent; 0 source literature lead(s), 0 record evidence item(s), 0 target(s)
review-readiness	CHEBI:42654	formycin B	CHEBI		MECHANISM_REVIEW: mechanism is absent; 0 source literature lead(s), 0 record evidence item(s), 0 target(s)
review-readiness	CHEBI:42471	forskolin	CHEBI	PMID:11816015|PMID:12676767|PMID:12836714|PMID:14691682|PMID:15135319	MECHANISM_REVIEW: mechanism is absent; 10 source literature lead(s), 0 record evidence item(s), 0 target(s)
review-readiness	CHEBI:86409	fortimicin KK1	CHEBI	PMID:1494349|PMID:7490235	MECHANISM_REVIEW: mechanism is absent; 2 source literature lead(s), 0 record evidence item(s), 0 target(s)
review-readiness	CHEBI:40926	fosetyl	CHEBI		MECHANISM_REVIEW: mechanism is absent; 0 source literature lead(s), 0 record evidence item(s), 0 target(s)
review-readiness	CHEBI:84033	fosetyl-Al	CHEBI	PMID:17390852|PMID:20352944|PMID:24361796	MECHANISM_REVIEW: mechanism is absent; 3 source literature lead(s), 0 record evidence item(s), 0 target(s)
review-readiness	CHEBI:28915	fosfomycin	ARO+CHEBI	PMID:18701452|PMID:5809587|PMID:8994972|PMID:17567049|PMID:8075064	MECHANISM_REVIEW: mechanism is absent; 15 source literature lead(s), 0 record evidence item(s), 1 target(s)
review-readiness	CHEBI:443725	fosmidomycin	ARO+CHEBI	PMID:10477522|PMID:15339150|PMID:16439126|PMID:16610809|PMID:17149863	MECHANISM_REVIEW: mechanism is absent; 7 source literature lead(s), 0 record evidence item(s), 1 target(s)
review-readiness	CHEBI:88298	FR171456	CHEBI	PMID:15217189|PMID:15217190|PMID:26456460	MECHANISM_REVIEW: mechanism is source-seeded and not curator-checked; 3 source literature lead(s), 0 record evidence item(s), 0 target(s)
review-readiness	CHEBI:65912	FR191512	CHEBI	PMID:11217797|PMID:11217798	MECHANISM_REVIEW: mechanism is source-seeded and not curator-checked; 2 source literature lead(s), 0 record evidence item(s), 0 target(s)
review-readiness	CHEBI:65913	FR207944	CHEBI	PMID:15784979|PMID:15914927	MECHANISM_REVIEW: mechanism is absent; 2 source literature lead(s), 0 record evidence item(s), 0 target(s)
review-readiness	CHEBI:65914	FR901463	CHEBI	PMID:9031664|PMID:9031665|PMID:9066774	MECHANISM_REVIEW: mechanism is absent; 3 source literature lead(s), 0 record evidence item(s), 0 target(s)
review-readiness	CHEBI:65915	FR901464	CHEBI	PMID:17279752|PMID:21226105|PMID:9031664	MECHANISM_REVIEW: mechanism is absent; 3 source literature lead(s), 0 record evidence item(s), 0 target(s)
review-readiness	CHEBI:68660	FR901469	CHEBI	PMID:11099224|PMID:11099225|PMID:11229752|PMID:11459644|PMID:11560378	MECHANISM_REVIEW: mechanism is absent; 5 source literature lead(s), 0 record evidence item(s), 0 target(s)
review-readiness	CHEBI:65917	FR901469 hydrochloride	CHEBI	PMID:11099224|PMID:11099225|PMID:11560378	MECHANISM_REVIEW: mechanism is absent; 3 source literature lead(s), 0 record evidence item(s), 0 target(s)
review-readiness	CHEBI:7508	framycetin	ARO+CHEBI	PMID:10103173|PMID:11083623|PMID:8385262|PMID:25129497|PMID:25230155	MECHANISM_REVIEW: mechanism is absent; 8 source literature lead(s), 0 record evidence item(s), 1 target(s)
review-readiness	CHEBI:5169	fraxetin	CHEBI	PMID:11456117|PMID:12860476|PMID:15120578|PMID:15904944|PMID:15996779	MECHANISM_REVIEW: mechanism is absent; 10 source literature lead(s), 0 record evidence item(s), 0 target(s)
review-readiness	CHEBI:48201	frenolicin B	CHEBI		MECHANISM_REVIEW: mechanism is absent; 0 source literature lead(s), 0 record evidence item(s), 0 target(s)
review-readiness	CHEBI:30986	frequentin	CHEBI		MECHANISM_REVIEW: mechanism is absent; 0 source literature lead(s), 0 record evidence item(s), 0 target(s)
review-readiness	CHEBI:81926	fuberidazole	CHEBI	PMID:20396835|PMID:22648814|PMID:24380615|PMID:24528840	MECHANISM_REVIEW: mechanism is absent; 4 source literature lead(s), 0 record evidence item(s), 0 target(s)
review-readiness	CHEBI:48635	fumagillin	CHEBI	PMID:14514693|PMID:14809278|PMID:15723631|PMID:23121865|PMID:23488861	MECHANISM_REVIEW: mechanism is absent; 6 source literature lead(s), 0 record evidence item(s), 0 target(s)
review-readiness	CHEBI:324935	fumagillol	CHEBI	PMID:11506622|PMID:12520508	MECHANISM_REVIEW: mechanism is absent; 2 source literature lead(s), 0 record evidence item(s), 0 target(s)
review-readiness	CHEBI:65931	fumimycin	CHEBI	PMID:17523650|PMID:20024097|PMID:20859963|PMID:21031188	MECHANISM_REVIEW: mechanism is absent; 4 source literature lead(s), 0 record evidence item(s), 0 target(s)
review-readiness	CHEBI:131714	furagin	ARO+CHEBI	PMID:37629208|PMID:10809412|PMID:18060746|PMID:468451|PMID:9172693	MECHANISM_REVIEW: mechanism is absent; 6 source literature lead(s), 0 record evidence item(s), 0 target(s)
review-readiness	CHEBI:74803	furaltadone	CHEBI	PMID:13689146|PMID:21109284|PMID:22011291|PMID:22486660|PMID:23200392	MECHANISM_REVIEW: mechanism is absent; 7 source literature lead(s), 0 record evidence item(s), 0 target(s)
review-readiness	CHEBI:65933	furanocandin	CHEBI	PMID:8698646	MECHANISM_REVIEW: mechanism is absent; 1 source literature lead(s), 0 record evidence item(s), 0 target(s)
review-readiness	CHEBI:79390	furanomycin	CHEBI	PMID:10814415|PMID:2182633|PMID:22500807|PMID:23688329|PMID:4861779	MECHANISM_REVIEW: mechanism is absent; 5 source literature lead(s), 0 record evidence item(s), 0 target(s)
review-readiness	CHEBI:5195	furazolidone	ARO+CHEBI	PMID:3514312|PMID:10735922|PMID:14500876|PMID:15666977|PMID:16225499	MECHANISM_REVIEW: mechanism is absent; 11 source literature lead(s), 0 record evidence item(s), 0 target(s)
review-readiness	CHEBI:141359	fusarithioamide A	CHEBI	PMID:27634222|PMID:29317147	MECHANISM_REVIEW: mechanism is absent; 2 source literature lead(s), 0 record evidence item(s), 0 target(s)
review-readiness	CHEBI:29013	fusidic acid	ARO+CHEBI	PMID:7730233|PMID:17980694|PMID:11412963|PMID:12937375|PMID:13899435	MECHANISM_REVIEW: mechanism is source-seeded and not curator-checked; 12 source literature lead(s), 0 record evidence item(s), 1 target(s)
review-readiness	CHEBI:5202	fustin	CHEBI	PMID:13744045|PMID:1384499|PMID:17603285|PMID:19533734|PMID:22538659	MECHANISM_REVIEW: mechanism is absent; 10 source literature lead(s), 0 record evidence item(s), 0 target(s)
review-readiness	CHEBI:65940	gaboroquinone A	CHEBI	PMID:12193014	MECHANISM_REVIEW: mechanism is absent; 1 source literature lead(s), 0 record evidence item(s), 0 target(s)
review-readiness	CHEBI:5262	galangin	CHEBI	PMID:22887049|PMID:22908567|PMID:22985747|PMID:23143152|PMID:23363068	MECHANISM_REVIEW: mechanism is absent; 6 source literature lead(s), 0 record evidence item(s), 0 target(s)
review-readiness	CHEBI:231505	gallium nitrate	CHEBI	PMID:23959335|PMID:24060870|PMID:24656780|PMID:26055478|PMID:26149986	MECHANISM_REVIEW: mechanism is absent; 10 source literature lead(s), 0 record evidence item(s), 0 target(s)
review-readiness	CHEBI:195437	gamithromycin	ARO+CHEBI	PMID:31680940|PMID:20557439|PMID:25241389|PMID:25619521|PMID:26547885	MECHANISM_REVIEW: mechanism is source-seeded and not curator-checked; 10 source literature lead(s), 0 record evidence item(s), 0 target(s)
review-readiness	CHEBI:69099	gancaonin I	CHEBI	PMID:12127165|PMID:22074222	MECHANISM_REVIEW: mechanism is absent; 2 source literature lead(s), 0 record evidence item(s), 0 target(s)
review-readiness	CHEBI:465284	ganciclovir	CHEBI	PMID:10197958|PMID:10377226|PMID:10411487|PMID:10447945|PMID:10560739	MECHANISM_REVIEW: mechanism is absent; 10 source literature lead(s), 0 record evidence item(s), 0 target(s)
review-readiness	CHEBI:142261	ganoderol B	CHEBI	PMID:11908995|PMID:12628419|PMID:17313101|PMID:17499997|PMID:21596546	MECHANISM_REVIEW: mechanism is absent; 9 source literature lead(s), 0 record evidence item(s), 0 target(s)
review-readiness	CHEBI:65945	ganoderone A	CHEBI	PMID:16378363	MECHANISM_REVIEW: mechanism is absent; 1 source literature lead(s), 0 record evidence item(s), 0 target(s)
review-readiness	CHEBI:65946	ganoderone C	CHEBI	PMID:16378363	MECHANISM_REVIEW: mechanism is source-seeded and not curator-checked; 1 source literature lead(s), 0 record evidence item(s), 0 target(s)
review-readiness	CHEBI:234430	gardiquimod	CHEBI	PMID:18439678|PMID:20481492|PMID:20543857|PMID:23316755|PMID:23867290	MECHANISM_REVIEW: mechanism is source-seeded and not curator-checked; 10 source literature lead(s), 0 record evidence item(s), 0 target(s)
review-readiness	CHEBI:131716	garenoxacin	CHEBI	PMID:11711258|PMID:11892932|PMID:12572531|PMID:21762685|PMID:21796376	MECHANISM_REVIEW: mechanism is absent; 10 source literature lead(s), 0 record evidence item(s), 0 target(s)
review-readiness	CHEBI:5280	gatifloxacin	ARO+CHEBI	PMID:8522459|PMID:10737746|PMID:12190308|PMID:12620077|PMID:12873512	MECHANISM_REVIEW: mechanism is source-seeded and not curator-checked; 11 source literature lead(s), 0 record evidence item(s), 1 target(s)
review-readiness	CHEBI:29584	GE2270A	ARO	PMID:10625477|PMID:8899707|PMID:20522549|PMID:20111801|PMID:16734421	MECHANISM_REVIEW: mechanism is absent; 5 source literature lead(s), 0 record evidence item(s), 1 target(s)
review-readiness	CHEBI:65954	gedunin	CHEBI	PMID:10661881|PMID:10820113|PMID:16134059|PMID:16154614|PMID:16989525	MECHANISM_REVIEW: mechanism is absent; 10 source literature lead(s), 0 record evidence item(s), 0 target(s)
review-readiness	CHEBI:5283	geissoschizoline	CHEBI	PMID:11809075|PMID:14435279|PMID:22143154	MECHANISM_REVIEW: mechanism is absent; 3 source literature lead(s), 0 record evidence item(s), 0 target(s)
review-readiness	CHEBI:5292	geldanamycin	CHEBI	PMID:21983172|PMID:21985437|PMID:22050565|PMID:22136518|PMID:22138446	MECHANISM_REVIEW: mechanism is absent; 8 source literature lead(s), 0 record evidence item(s), 0 target(s)
review-readiness	CHEBI:175901	gemcitabine	CHEBI	PMID:11034044|PMID:11061612|PMID:11088063|PMID:11122828|PMID:11132538	MECHANISM_REVIEW: mechanism is source-seeded and not curator-checked; 10 source literature lead(s), 0 record evidence item(s), 0 target(s)
review-readiness	CHEBI:31647	gemcitabine hydrochloride	CHEBI		MECHANISM_REVIEW: mechanism is absent; 0 source literature lead(s), 0 record evidence item(s), 0 target(s)
review-readiness	CHEBI:101853	gemifloxacin	ARO+CHEBI	PMID:12764426	MECHANISM_REVIEW: mechanism is source-seeded and not curator-checked; 1 source literature lead(s), 0 record evidence item(s), 0 target(s)
review-readiness	CHEBI:53749	gemifloxacin mesylate	CHEBI		MECHANISM_REVIEW: mechanism is source-seeded and not curator-checked; 0 source literature lead(s), 0 record evidence item(s), 0 target(s)
review-readiness	CHEBI:42768	geneticin	CHEBI		MECHANISM_REVIEW: mechanism is absent; 0 source literature lead(s), 0 record evidence item(s), 0 target(s)
review-readiness	CHEBI:28418	gentamycin A	ARO+CHEBI	PMID:11083623|PMID:10103173	MECHANISM_REVIEW: mechanism is absent; 2 source literature lead(s), 0 record evidence item(s), 0 target(s)
review-readiness	CHEBI:27412	gentamycin C1	CHEBI		MECHANISM_REVIEW: mechanism is absent; 0 source literature lead(s), 0 record evidence item(s), 0 target(s)
review-readiness	CHEBI:27784	gentamycin C1a	CHEBI		MECHANISM_REVIEW: mechanism is absent; 0 source literature lead(s), 0 record evidence item(s), 0 target(s)
review-readiness	CHEBI:28292	gentamycin C2	CHEBI		MECHANISM_REVIEW: mechanism is absent; 0 source literature lead(s), 0 record evidence item(s), 0 target(s)
review-readiness	CHEBI:82641	gepinacin	CHEBI	PMID:22724584	MECHANISM_REVIEW: mechanism is absent; 1 source literature lead(s), 0 record evidence item(s), 0 target(s)
review-readiness	CHEBI:67264	geranic acid	CHEBI	PMID:18081247|PMID:21033696|PMID:21296182|PMID:22286981|PMID:22536331	MECHANISM_REVIEW: mechanism is absent; 6 source literature lead(s), 0 record evidence item(s), 0 target(s)
review-readiness	CHEBI:24229	geranylgeraniol	CHEBI	PMID:23304195|PMID:23983115|PMID:24006306|PMID:24762323	MECHANISM_REVIEW: mechanism is absent; 4 source literature lead(s), 0 record evidence item(s), 0 target(s)
review-readiness	CHEBI:229666	geranylgeranyl acetate	CHEBI	PMID:11382068|PMID:16839173|PMID:17193334|PMID:17924309|PMID:19730955	MECHANISM_REVIEW: mechanism is absent; 9 source literature lead(s), 0 record evidence item(s), 0 target(s)
review-readiness	CHEBI:65959	geumonoid	CHEBI	PMID:10993241	MECHANISM_REVIEW: mechanism is source-seeded and not curator-checked; 1 source literature lead(s), 0 record evidence item(s), 0 target(s)
review-readiness	CHEBI:156363	gibepyrone A	CHEBI	PMID:27856636|PMID:30200525|PMID:31344458	MECHANISM_REVIEW: mechanism is absent; 3 source literature lead(s), 0 record evidence item(s), 0 target(s)
review-readiness	CHEBI:65964	gilvusmycin	CHEBI	PMID:10348041	MECHANISM_REVIEW: mechanism is absent; 1 source literature lead(s), 0 record evidence item(s), 0 target(s)
review-readiness	CHEBI:5353	ginkgetin	CHEBI	PMID:1329635|PMID:16327145|PMID:9134745	MECHANISM_REVIEW: mechanism is absent; 3 source literature lead(s), 0 record evidence item(s), 1 target(s)
review-readiness	CHEBI:77152	ginsenoside Rb2	CHEBI	PMID:21811908|PMID:21811928|PMID:22031031|PMID:22534302|PMID:22717707	MECHANISM_REVIEW: mechanism is absent; 10 source literature lead(s), 0 record evidence item(s), 0 target(s)
review-readiness	CHEBI:5369	glabridin	CHEBI	PMID:24361284|PMID:25737160	MECHANISM_REVIEW: mechanism is absent; 2 source literature lead(s), 0 record evidence item(s), 0 target(s)
review-readiness	CHEBI:134347	glandicoline B	CHEBI	PMID:22118684|PMID:23776469|PMID:25998659|PMID:26668029	MECHANISM_REVIEW: mechanism is absent; 4 source literature lead(s), 0 record evidence item(s), 0 target(s)
review-readiness	CHEBI:5371	glaucarubinone	CHEBI	PMID:12560029|PMID:17340307|PMID:19199792|PMID:19501276|PMID:21264793	MECHANISM_REVIEW: mechanism is absent; 10 source literature lead(s), 0 record evidence item(s), 0 target(s)
review-readiness	CHEBI:65967	glionitrin A	CHEBI	PMID:19159274|PMID:22947415	MECHANISM_REVIEW: mechanism is absent; 2 source literature lead(s), 0 record evidence item(s), 0 target(s)
review-readiness	CHEBI:5385	gliotoxin	CHEBI	PMID:16020669|PMID:23832115|PMID:24368570|PMID:24847038|PMID:25062268	MECHANISM_REVIEW: mechanism is absent; 9 source literature lead(s), 0 record evidence item(s), 0 target(s)
review-readiness	CHEBI:65975	glomosporin	CHEBI	PMID:10908117|PMID:10966075	MECHANISM_REVIEW: mechanism is absent; 2 source literature lead(s), 0 record evidence item(s), 0 target(s)
review-readiness	CHEBI:64276	glutaraldehyde	CHEBI	PMID:10672649|PMID:11378863|PMID:22020189|PMID:22221459|PMID:22233542	MECHANISM_REVIEW: mechanism is absent; 10 source literature lead(s), 0 record evidence item(s), 0 target(s)
review-readiness	CHEBI:52086	glyceollin III	CHEBI	PMID:29608946|PMID:34152141|PMID:36443895|PMID:38110428	MECHANISM_REVIEW: mechanism is absent; 4 source literature lead(s), 0 record evidence item(s), 0 target(s)
review-readiness	CHEBI:69086	glycyrin	CHEBI	PMID:11575586|PMID:12127165|PMID:14608046|PMID:14643306|PMID:22074222	MECHANISM_REVIEW: mechanism is absent; 5 source literature lead(s), 0 record evidence item(s), 0 target(s)
review-readiness	CHEBI:65976	glycyrrhizol A	CHEBI	PMID:16441081|PMID:21449211|PMID:22030309	MECHANISM_REVIEW: mechanism is absent; 3 source literature lead(s), 0 record evidence item(s), 0 target(s)
review-readiness	CHEBI:65977	glycyrrhizol B	CHEBI	PMID:16441081	MECHANISM_REVIEW: mechanism is absent; 1 source literature lead(s), 0 record evidence item(s), 0 target(s)
review-readiness	CHEBI:27744	glyphosate	CHEBI	PMID:27758090|PMID:28266132|PMID:28474816|PMID:28643882|PMID:28711546	MECHANISM_REVIEW: mechanism is absent; 9 source literature lead(s), 0 record evidence item(s), 0 target(s)
review-readiness	CHEBI:77908	GM 193663	CHEBI	PMID:10770763|PMID:10858347|PMID:11083645|PMID:9737960|PMID:9756779	MECHANISM_REVIEW: mechanism is source-seeded and not curator-checked; 6 source literature lead(s), 0 record evidence item(s), 0 target(s)
review-readiness	CHEBI:133824	GNF6702	CHEBI	PMID:27501246	MECHANISM_REVIEW: mechanism is absent; 1 source literature lead(s), 0 record evidence item(s), 0 target(s)
review-readiness	CHEBI:28948	gramine	CHEBI	PMID:23700450|PMID:24332729|PMID:24979400|PMID:25149234|PMID:25281166	MECHANISM_REVIEW: mechanism is absent; 10 source literature lead(s), 0 record evidence item(s), 0 target(s)
review-readiness	CHEBI:5533	granaticin	CHEBI		MECHANISM_REVIEW: mechanism is absent; 0 source literature lead(s), 0 record evidence item(s), 0 target(s)
review-readiness	CHEBI:141130	grandiflorenic acid	CHEBI	PMID:15787248|PMID:19581023|PMID:20116261|PMID:29427474|PMID:30097110	MECHANISM_REVIEW: mechanism is absent; 9 source literature lead(s), 0 record evidence item(s), 0 target(s)
review-readiness	CHEBI:195185	gravacridonediol	CHEBI	PMID:15081302|PMID:15110689|PMID:16271733|PMID:27272785|PMID:36009907	MECHANISM_REVIEW: mechanism is absent; 5 source literature lead(s), 0 record evidence item(s), 0 target(s)
review-readiness	CHEBI:132975	grazoprevir	CHEBI	PMID:24666106|PMID:24727022|PMID:25266288|PMID:25467560|PMID:25467591	MECHANISM_REVIEW: mechanism is source-seeded and not curator-checked; 9 source literature lead(s), 0 record evidence item(s), 0 target(s)
review-readiness	CHEBI:5543	Grepafloxacin	ARO+CHEBI	PMID:18159374|PMID:15992094|PMID:10525100|PMID:10991972|PMID:10992002	MECHANISM_REVIEW: mechanism is absent; 12 source literature lead(s), 0 record evidence item(s), 1 target(s)
review-readiness	CHEBI:27779	griseofulvin	CHEBI	PMID:14407521|PMID:15078340|PMID:16922553|PMID:23111828|PMID:25476923	MECHANISM_REVIEW: mechanism is absent; 6 source literature lead(s), 0 record evidence item(s), 0 target(s)
review-readiness	CHEBI:48200	griseusin B	CHEBI		MECHANISM_REVIEW: mechanism is absent; 0 source literature lead(s), 0 record evidence item(s), 0 target(s)
review-readiness	CHEBI:167176	GRL-0617	CHEBI	PMID:32428392|PMID:32726803|PMID:32895623|PMID:33024071|PMID:33350309	MECHANISM_REVIEW: mechanism is absent; 6 source literature lead(s), 0 record evidence item(s), 0 target(s)
review-readiness	CHEBI:147281	GS-441524	CHEBI	PMID:22446091|PMID:28124907|PMID:29778200|PMID:30755068	MECHANISM_REVIEW: mechanism is absent; 4 source literature lead(s), 0 record evidence item(s), 0 target(s)
review-readiness	CHEBI:150866	GS-441524 monophosphate	CHEBI	PMID:32358203|PMID:32428865	MECHANISM_REVIEW: mechanism is absent; 2 source literature lead(s), 0 record evidence item(s), 0 target(s)
review-readiness	CHEBI:150869	GS-443902	CHEBI	PMID:22446091|PMID:26934220|PMID:28124907|PMID:32247927|PMID:32358203	MECHANISM_REVIEW: mechanism is absent; 6 source literature lead(s), 0 record evidence item(s), 0 target(s)
review-readiness	CHEBI:28591	guaiacol	CHEBI	PMID:22103597|PMID:23587706|PMID:24295708	MECHANISM_REVIEW: mechanism is absent; 3 source literature lead(s), 0 record evidence item(s), 0 target(s)
review-readiness	CHEBI:141332	guignardone N	CHEBI	PMID:26577190|PMID:29941838|PMID:35541335	MECHANISM_REVIEW: mechanism is absent; 3 source literature lead(s), 0 record evidence item(s), 0 target(s)
review-readiness	CHEBI:65989	gutolactone	CHEBI	PMID:8289064	MECHANISM_REVIEW: mechanism is absent; 1 source literature lead(s), 0 record evidence item(s), 0 target(s)
review-readiness	CHEBI:65991	guttiferone F	CHEBI	PMID:17960072|PMID:18322848|PMID:20681570|PMID:9917299	MECHANISM_REVIEW: mechanism is absent; 4 source literature lead(s), 0 record evidence item(s), 0 target(s)
review-readiness	CHEBI:71531	gypsogenic acid	CHEBI	PMID:17827765|PMID:18069238	MECHANISM_REVIEW: mechanism is absent; 2 source literature lead(s), 0 record evidence item(s), 0 target(s)
review-readiness	CHEBI:43040	hadacidin	CHEBI	PMID:13911878|PMID:14000306|PMID:14020377|PMID:16655897|PMID:5938955	MECHANISM_REVIEW: mechanism is absent; 5 source literature lead(s), 0 record evidence item(s), 0 target(s)
review-readiness	CHEBI:146227	halicin	CHEBI	PMID:19271755|PMID:24838066|PMID:25423094|PMID:26491845|PMID:32084340	MECHANISM_REVIEW: mechanism is absent; 5 source literature lead(s), 0 record evidence item(s), 0 target(s)
review-readiness	CHEBI:65996	halistanol sulfate F	CHEBI	PMID:8158159	MECHANISM_REVIEW: mechanism is absent; 1 source literature lead(s), 0 record evidence item(s), 0 target(s)
review-readiness	CHEBI:65997	halistanol sulfate G	CHEBI	PMID:8158159	MECHANISM_REVIEW: mechanism is absent; 1 source literature lead(s), 0 record evidence item(s), 0 target(s)
review-readiness	CHEBI:72477	halistanol sulfonic acid F	CHEBI		MECHANISM_REVIEW: mechanism is absent; 0 source literature lead(s), 0 record evidence item(s), 0 target(s)
review-readiness	CHEBI:72479	halistanol sulfonic acid G	CHEBI		MECHANISM_REVIEW: mechanism is absent; 0 source literature lead(s), 0 record evidence item(s), 0 target(s)
review-readiness	CHEBI:135477	halocarban	CHEBI	PMID:30033524	MECHANISM_REVIEW: mechanism is absent; 1 source literature lead(s), 0 record evidence item(s), 0 target(s)
review-readiness	CHEBI:66000	hamacanthin A	CHEBI	PMID:17253840|PMID:7807127	MECHANISM_REVIEW: mechanism is absent; 2 source literature lead(s), 0 record evidence item(s), 0 target(s)
review-readiness	CHEBI:66001	hamacanthin B	CHEBI	PMID:11846695|PMID:17253840|PMID:7807127	MECHANISM_REVIEW: mechanism is absent; 3 source literature lead(s), 0 record evidence item(s), 0 target(s)
review-readiness	CHEBI:5623	harman	CHEBI	PMID:11473435|PMID:19645722|PMID:20732341|PMID:22757671|PMID:22981972	MECHANISM_REVIEW: mechanism is absent; 9 source literature lead(s), 0 record evidence item(s), 0 target(s)
review-readiness	CHEBI:28121	harmine	CHEBI	PMID:11473435|PMID:22877698	MECHANISM_REVIEW: mechanism is absent; 2 source literature lead(s), 0 record evidence item(s), 0 target(s)
review-readiness	CHEBI:66006	harziphilone	CHEBI	PMID:15232001|PMID:8968392	MECHANISM_REVIEW: mechanism is absent; 2 source literature lead(s), 0 record evidence item(s), 0 target(s)
review-readiness	CHEBI:191856	helioxanthin	CHEBI	PMID:12392817|PMID:15658867|PMID:16004082|PMID:17488817|PMID:18249449	MECHANISM_REVIEW: mechanism is absent; 10 source literature lead(s), 0 record evidence item(s), 0 target(s)
review-readiness	CHEBI:38344	hellebrigenin	CHEBI	PMID:23621895|PMID:24954031|PMID:30272276|PMID:32426183|PMID:34513690	MECHANISM_REVIEW: mechanism is absent; 10 source literature lead(s), 0 record evidence item(s), 0 target(s)
review-readiness	CHEBI:62460	helvolic acid	CHEBI	PMID:19216560|PMID:27604096|PMID:30070829|PMID:30341897|PMID:30822136	MECHANISM_REVIEW: mechanism is absent; 8 source literature lead(s), 0 record evidence item(s), 0 target(s)
review-readiness	CHEBI:141360	helvolic acid methyl ester	CHEBI	PMID:13018119|PMID:13293169|PMID:27265219|PMID:29941838	MECHANISM_REVIEW: mechanism is absent; 4 source literature lead(s), 0 record evidence item(s), 0 target(s)
review-readiness	CHEBI:5659	hentriacontane	CHEBI		MECHANISM_REVIEW: mechanism is absent; 0 source literature lead(s), 0 record evidence item(s), 0 target(s)
review-readiness	CHEBI:34785	heptachlor	CHEBI	PMID:24177859|PMID:24577234	MECHANISM_REVIEW: mechanism is absent; 2 source literature lead(s), 0 record evidence item(s), 0 target(s)
review-readiness	CHEBI:5674	herbimycin	CHEBI	PMID:21198874|PMID:21488197|PMID:21505853|PMID:21543765|PMID:21743149	MECHANISM_REVIEW: mechanism is absent; 7 source literature lead(s), 0 record evidence item(s), 0 target(s)
review-readiness	CHEBI:66011	hernandonine	CHEBI	PMID:12094305|PMID:12237535|PMID:9000885	MECHANISM_REVIEW: mechanism is source-seeded and not curator-checked; 3 source literature lead(s), 0 record evidence item(s), 0 target(s)
review-readiness	CHEBI:229724	herquline A	CHEBI	PMID:26999706|PMID:27690412|PMID:30561198|PMID:34591372|PMID:35244406	MECHANISM_REVIEW: mechanism is absent; 8 source literature lead(s), 0 record evidence item(s), 0 target(s)
review-readiness	CHEBI:66013	hesseltin A	CHEBI	PMID:15387518	MECHANISM_REVIEW: mechanism is absent; 1 source literature lead(s), 0 record evidence item(s), 0 target(s)
review-readiness	CHEBI:5683	hetacillin	ARO+CHEBI	PMID:5907864	MECHANISM_REVIEW: mechanism is absent; 1 source literature lead(s), 0 record evidence item(s), 0 target(s)
review-readiness	CHEBI:5692	hexachlorobenzene	CHEBI	PMID:10641019|PMID:12117784|PMID:17150971|PMID:23336922|PMID:23462309	MECHANISM_REVIEW: mechanism is absent; 10 source literature lead(s), 0 record evidence item(s), 0 target(s)
review-readiness	CHEBI:5693	hexachlorophene	CHEBI	PMID:1133685|PMID:22313968|PMID:23251633|PMID:397166|PMID:894425	MECHANISM_REVIEW: mechanism is absent; 6 source literature lead(s), 0 record evidence item(s), 3 target(s)
review-readiness	CHEBI:83711	hexaconazole	ARO	PMID:24084639	MECHANISM_REVIEW: mechanism is absent; 1 source literature lead(s), 0 record evidence item(s), 0 target(s)
review-readiness	CHEBI:185029	hexadecan-2-ol	CHEBI	PMID:11538137|PMID:16952239|PMID:32222494|PMID:4840837|PMID:5785950	MECHANISM_REVIEW: mechanism is absent; 7 source literature lead(s), 0 record evidence item(s), 0 target(s)
review-readiness	CHEBI:6824	hexamethylenetetramine	CHEBI	PMID:13186006|PMID:22365691|PMID:24641608	MECHANISM_REVIEW: mechanism is absent; 3 source literature lead(s), 0 record evidence item(s), 0 target(s)
review-readiness	CHEBI:87184	hexamidine	CHEBI	PMID:25169145|PMID:25779009|PMID:26235920	MECHANISM_REVIEW: mechanism is absent; 3 source literature lead(s), 0 record evidence item(s), 0 target(s)
review-readiness	CHEBI:87393	hexan-1-ol	CHEBI	PMID:20055983|PMID:24508043|PMID:24634069|PMID:29402559|PMID:29431748	MECHANISM_REVIEW: mechanism is absent; 10 source literature lead(s), 0 record evidence item(s), 0 target(s)
review-readiness	CHEBI:190009	himastatin	CHEBI	PMID:11205026|PMID:21726028|PMID:2211362|PMID:2211363|PMID:23611984	MECHANISM_REVIEW: mechanism is absent; 10 source literature lead(s), 0 record evidence item(s), 0 target(s)
review-readiness	CHEBI:5722	hinokinin	CHEBI	PMID:11684179|PMID:12748977|PMID:16562897|PMID:17141387|PMID:17408282	MECHANISM_REVIEW: mechanism is absent; 10 source literature lead(s), 0 record evidence item(s), 0 target(s)
review-readiness	CHEBI:66016	hirsutellide A	CHEBI	PMID:12350163|PMID:18007294	MECHANISM_REVIEW: mechanism is absent; 2 source literature lead(s), 0 record evidence item(s), 0 target(s)
review-readiness	CHEBI:156451	holomycin	CHEBI	PMID:11158751|PMID:12426344|PMID:16890414|PMID:17606690|PMID:21041678	MECHANISM_REVIEW: mechanism is source-seeded and not curator-checked; 10 source literature lead(s), 0 record evidence item(s), 0 target(s)
review-readiness	CHEBI:66020	hookerianamide H	CHEBI	PMID:17827771	MECHANISM_REVIEW: mechanism is absent; 1 source literature lead(s), 0 record evidence item(s), 0 target(s)
review-readiness	CHEBI:66021	hookerianamide I	CHEBI	PMID:17827771	MECHANISM_REVIEW: mechanism is absent; 1 source literature lead(s), 0 record evidence item(s), 0 target(s)
review-readiness	CHEBI:66022	hookerianamide J	CHEBI	PMID:18681480	MECHANISM_REVIEW: mechanism is absent; 1 source literature lead(s), 0 record evidence item(s), 0 target(s)
review-readiness	CHEBI:66023	hookerianamide K	CHEBI	PMID:18681480	MECHANISM_REVIEW: mechanism is absent; 1 source literature lead(s), 0 record evidence item(s), 0 target(s)
review-readiness	CHEBI:73128	horminone	CHEBI	PMID:11325249|PMID:21615011|PMID:22436445|PMID:3236010|PMID:9324001	MECHANISM_REVIEW: mechanism is absent; 5 source literature lead(s), 0 record evidence item(s), 0 target(s)
review-readiness	CHEBI:5769	humulone	CHEBI	PMID:10631313|PMID:14920156|PMID:14948476|PMID:16695762|PMID:17372274	MECHANISM_REVIEW: mechanism is absent; 9 source literature lead(s), 0 record evidence item(s), 0 target(s)
review-readiness	CHEBI:16240	hydrogen peroxide	CHEBI	PMID:10455187|PMID:10557015|PMID:10849784|PMID:11033421|PMID:11105916	MECHANISM_REVIEW: mechanism is absent; 10 source literature lead(s), 0 record evidence item(s), 0 target(s)
review-readiness	CHEBI:5801	hydroxychloroquine	CHEBI	PMID:23216212|PMID:23218706|PMID:23481418|PMID:23485647|PMID:23581274	MECHANISM_REVIEW: mechanism is absent; 9 source literature lead(s), 0 record evidence item(s), 1 target(s)
review-readiness	CHEBI:5818	hydroxyzine	CHEBI	PMID:15233966|PMID:19057127|PMID:19348661	MECHANISM_REVIEW: mechanism is absent; 3 source literature lead(s), 0 record evidence item(s), 0 target(s)
review-readiness	CHEBI:66051	hyemaloside A	CHEBI	PMID:18763827	MECHANISM_REVIEW: mechanism is source-seeded and not curator-checked; 1 source literature lead(s), 0 record evidence item(s), 0 target(s)
review-readiness	CHEBI:66052	hyemaloside C	CHEBI	PMID:18763827	MECHANISM_REVIEW: mechanism is source-seeded and not curator-checked; 1 source literature lead(s), 0 record evidence item(s), 0 target(s)
review-readiness	CHEBI:83959	hygrolidin	CHEBI	PMID:12379237	MECHANISM_REVIEW: mechanism is absent; 1 source literature lead(s), 0 record evidence item(s), 0 target(s)
review-readiness	CHEBI:69414	hygromycin A	ARO	PMID:26028538	MECHANISM_REVIEW: mechanism is absent; 1 source literature lead(s), 0 record evidence item(s), 0 target(s)
review-readiness	CHEBI:16976	hygromycin B	ARO+CHEBI	PMID:10103173|PMID:11163189	MECHANISM_REVIEW: mechanism is absent; 2 source literature lead(s), 0 record evidence item(s), 1 target(s)
review-readiness	CHEBI:5827	hymexazol	CHEBI	PMID:21959994|PMID:22307860	MECHANISM_REVIEW: mechanism is absent; 2 source literature lead(s), 0 record evidence item(s), 0 target(s)
review-readiness	CHEBI:5834	hyperforin	CHEBI	PMID:12578355|PMID:16973193|PMID:21947285|PMID:22226089|PMID:22924417	MECHANISM_REVIEW: mechanism is absent; 10 source literature lead(s), 0 record evidence item(s), 0 target(s)
review-readiness	CHEBI:66060	hypoglaunine B	CHEBI	PMID:10757718	MECHANISM_REVIEW: mechanism is absent; 1 source literature lead(s), 0 record evidence item(s), 0 target(s)
review-readiness	CHEBI:83275	hypothemycin	CHEBI	PMID:10421424|PMID:10595743|PMID:10598882|PMID:17691074|PMID:18567690	MECHANISM_REVIEW: mechanism is absent; 9 source literature lead(s), 0 record evidence item(s), 0 target(s)
review-readiness	CHEBI:133907	hypothiocyanous acid	CHEBI	PMID:19705807|PMID:19821602|PMID:22031955|PMID:22053976|PMID:23088652	MECHANISM_REVIEW: mechanism is absent; 10 source literature lead(s), 0 record evidence item(s), 0 target(s)
review-readiness	CHEBI:66065	IC202A	CHEBI	PMID:10092192|PMID:10092193|PMID:10726924	MECHANISM_REVIEW: mechanism is absent; 3 source literature lead(s), 0 record evidence item(s), 0 target(s)
review-readiness	CHEBI:66066	IC202B	CHEBI	PMID:10726924	MECHANISM_REVIEW: mechanism is absent; 1 source literature lead(s), 0 record evidence item(s), 0 target(s)
review-readiness	CHEBI:66067	IC202C	CHEBI	PMID:10726924|PMID:11217808|PMID:11592505	MECHANISM_REVIEW: mechanism is absent; 3 source literature lead(s), 0 record evidence item(s), 0 target(s)
review-readiness	CHEBI:31724	iclaprim	ARO	PMID:19289528|PMID:19622858	MECHANISM_REVIEW: mechanism is absent; 2 source literature lead(s), 0 record evidence item(s), 1 target(s)
review-readiness	CHEBI:42068	idarubicin	CHEBI		MECHANISM_REVIEW: mechanism is absent; 0 source literature lead(s), 0 record evidence item(s), 0 target(s)
review-readiness	CHEBI:75276	ikarugamycin	CHEBI	PMID:11160755|PMID:1572375|PMID:21392513|PMID:23584286|PMID:24519911	MECHANISM_REVIEW: mechanism is absent; 10 source literature lead(s), 0 record evidence item(s), 0 target(s)
review-readiness	CHEBI:92257	IKK16	CHEBI	PMID:24854310|PMID:29434604|PMID:30300821|PMID:30445257|PMID:30684549	MECHANISM_REVIEW: mechanism is absent; 10 source literature lead(s), 0 record evidence item(s), 0 target(s)
review-readiness	CHEBI:146153	ilicicolin B	CHEBI	PMID:24694571|PMID:30952781	MECHANISM_REVIEW: mechanism is absent; 2 source literature lead(s), 0 record evidence item(s), 0 target(s)
review-readiness	CHEBI:77772	ilicicolin H	CHEBI	PMID:14670947|PMID:16987808|PMID:17584742|PMID:18022381|PMID:23562597	MECHANISM_REVIEW: mechanism is absent; 8 source literature lead(s), 0 record evidence item(s), 0 target(s)
review-readiness	CHEBI:137236	ilomastat	CHEBI	PMID:12410973|PMID:14568001|PMID:15350544|PMID:16565079|PMID:16712832	MECHANISM_REVIEW: mechanism is absent; 10 source literature lead(s), 0 record evidence item(s), 0 target(s)
review-readiness	CHEBI:31690	imatinib methanesulfonate	CHEBI	PMID:12047970|PMID:12616857|PMID:12669406|PMID:12975485|PMID:14760091	MECHANISM_REVIEW: mechanism is absent; 10 source literature lead(s), 0 record evidence item(s), 0 target(s)
review-readiness	CHEBI:81767	imibenconazole	CHEBI	PMID:22289359	MECHANISM_REVIEW: mechanism is source-seeded and not curator-checked; 1 source literature lead(s), 0 record evidence item(s), 0 target(s)
review-readiness	CHEBI:51804	imidocarb	CHEBI		MECHANISM_REVIEW: mechanism is absent; 0 source literature lead(s), 0 record evidence item(s), 0 target(s)
review-readiness	CHEBI:51805	imidurea	CHEBI		MECHANISM_REVIEW: mechanism is absent; 0 source literature lead(s), 0 record evidence item(s), 0 target(s)
review-readiness	CHEBI:5569	iminoctadine	CHEBI		MECHANISM_REVIEW: mechanism is absent; 0 source literature lead(s), 0 record evidence item(s), 0 target(s)
review-readiness	CHEBI:471744	imipenem	ARO+CHEBI	PMID:12084099|PMID:10629005|PMID:1384868|PMID:17361077|PMID:24112243	MECHANISM_REVIEW: mechanism is absent; 11 source literature lead(s), 0 record evidence item(s), 1 target(s)
review-readiness	CHEBI:51799	imipenem hydrate	CHEBI		MECHANISM_REVIEW: mechanism is absent; 0 source literature lead(s), 0 record evidence item(s), 0 target(s)
review-readiness	CHEBI:141380	indanomycin	CHEBI	PMID:19072095|PMID:19301315|PMID:21491871|PMID:23180592|PMID:374323	MECHANISM_REVIEW: mechanism is source-seeded and not curator-checked; 7 source literature lead(s), 0 record evidence item(s), 0 target(s)
review-readiness	CHEBI:44032	indinavir	CHEBI		MECHANISM_REVIEW: mechanism is source-seeded and not curator-checked; 0 source literature lead(s), 0 record evidence item(s), 0 target(s)
review-readiness	CHEBI:79394	indolmycin	CHEBI	PMID:11767081|PMID:14421508|PMID:14436229|PMID:15243028|PMID:22500807	MECHANISM_REVIEW: mechanism is absent; 9 source literature lead(s), 0 record evidence item(s), 0 target(s)
review-readiness	CHEBI:166908	inpyrfluxam	CHEBI	PMID:31012823|PMID:33132734|PMID:33141650	MECHANISM_REVIEW: mechanism is source-seeded and not curator-checked; 3 source literature lead(s), 0 record evidence item(s), 0 target(s)
review-readiness	CHEBI:66076	integracin A	CHEBI	PMID:22544479	MECHANISM_REVIEW: mechanism is source-seeded and not curator-checked; 1 source literature lead(s), 0 record evidence item(s), 0 target(s)
review-readiness	CHEBI:66077	integracin B	CHEBI	PMID:22544479	MECHANISM_REVIEW: mechanism is source-seeded and not curator-checked; 1 source literature lead(s), 0 record evidence item(s), 0 target(s)
review-readiness	CHEBI:66078	integracin C	CHEBI		MECHANISM_REVIEW: mechanism is source-seeded and not curator-checked; 0 source literature lead(s), 0 record evidence item(s), 0 target(s)
review-readiness	CHEBI:66079	integrastatin A	CHEBI		MECHANISM_REVIEW: mechanism is source-seeded and not curator-checked; 0 source literature lead(s), 0 record evidence item(s), 0 target(s)
review-readiness	CHEBI:66080	integrastatin B	CHEBI		MECHANISM_REVIEW: mechanism is source-seeded and not curator-checked; 0 source literature lead(s), 0 record evidence item(s), 0 target(s)
review-readiness	CHEBI:66081	integric acid	CHEBI	PMID:10335400|PMID:10698443|PMID:10934347|PMID:14529524|PMID:19860426	MECHANISM_REVIEW: mechanism is source-seeded and not curator-checked; 5 source literature lead(s), 0 record evidence item(s), 0 target(s)
review-readiness	CHEBI:66082	interiotherin A	CHEBI	PMID:11402723|PMID:12350139|PMID:15844922|PMID:16238330|PMID:22906629	MECHANISM_REVIEW: mechanism is absent; 7 source literature lead(s), 0 record evidence item(s), 0 target(s)
review-readiness	CHEBI:66083	interiotherin B	CHEBI	PMID:12350139|PMID:21232955|PMID:23945017|PMID:8946749	MECHANISM_REVIEW: mechanism is absent; 4 source literature lead(s), 0 record evidence item(s), 0 target(s)
review-readiness	CHEBI:171660	inuloxin A	CHEBI	PMID:25817835|PMID:30758008|PMID:30807039|PMID:33296597	MECHANISM_REVIEW: mechanism is absent; 4 source literature lead(s), 0 record evidence item(s), 0 target(s)
review-readiness	CHEBI:5950	iodoquinol	CHEBI	PMID:1090898|PMID:122845|PMID:126030|PMID:13513741|PMID:13568180	MECHANISM_REVIEW: mechanism is absent; 10 source literature lead(s), 0 record evidence item(s), 0 target(s)
review-readiness	CHEBI:81770	ipconazole	CHEBI		MECHANISM_REVIEW: mechanism is source-seeded and not curator-checked; 0 source literature lead(s), 0 record evidence item(s), 0 target(s)
review-readiness	CHEBI:143596	ipflufenoquin	CHEBI		MECHANISM_REVIEW: mechanism is absent; 0 source literature lead(s), 0 record evidence item(s), 0 target(s)
review-readiness	CHEBI:79737	iprobenfos	CHEBI	PMID:16235270|PMID:21674152	MECHANISM_REVIEW: mechanism is source-seeded and not curator-checked; 2 source literature lead(s), 0 record evidence item(s), 0 target(s)
review-readiness	CHEBI:28909	iprodione	CHEBI	PMID:11451425|PMID:22115616|PMID:22262495	MECHANISM_REVIEW: mechanism is absent; 3 source literature lead(s), 0 record evidence item(s), 0 target(s)
review-readiness	CHEBI:82023	iprovalicarb	CHEBI	PMID:15084099|PMID:15506800|PMID:19330276|PMID:20932164|PMID:21591740	MECHANISM_REVIEW: mechanism is absent; 5 source literature lead(s), 0 record evidence item(s), 0 target(s)
review-readiness	CHEBI:66086	isariotin F	CHEBI	PMID:19265430|PMID:19921667	MECHANISM_REVIEW: mechanism is absent; 2 source literature lead(s), 0 record evidence item(s), 0 target(s)
review-readiness	CHEBI:66087	isatinone A	CHEBI	PMID:17846565	MECHANISM_REVIEW: mechanism is absent; 1 source literature lead(s), 0 record evidence item(s), 0 target(s)
review-readiness	CHEBI:66088	isatinone B	CHEBI	PMID:17846565	MECHANISM_REVIEW: mechanism is absent; 1 source literature lead(s), 0 record evidence item(s), 0 target(s)
review-readiness	CHEBI:85979	isavuconazole	ARO+CHEBI	PMID:16284102|PMID:25313209|PMID:25488140|PMID:25561337|PMID:25624327	MECHANISM_REVIEW: mechanism is source-seeded and not curator-checked; 9 source literature lead(s), 0 record evidence item(s), 0 target(s)
review-readiness	CHEBI:85978	isavuconazonium	CHEBI		MECHANISM_REVIEW: mechanism is source-seeded and not curator-checked; 0 source literature lead(s), 0 record evidence item(s), 0 target(s)
review-readiness	CHEBI:85977	isavuconazonium sulfate	CHEBI	PMID:24100500|PMID:24492363|PMID:25488140|PMID:25561337|PMID:25753636	MECHANISM_REVIEW: mechanism is source-seeded and not curator-checked; 7 source literature lead(s), 0 record evidence item(s), 0 target(s)
review-readiness	CHEBI:141363	isoaigialone B	CHEBI	PMID:28425292|PMID:29941838	MECHANISM_REVIEW: mechanism is absent; 2 source literature lead(s), 0 record evidence item(s), 0 target(s)
review-readiness	CHEBI:5981	isoalantolactone	CHEBI	PMID:1444579|PMID:20658657|PMID:22532787|PMID:22799093|PMID:23881702	MECHANISM_REVIEW: mechanism is absent; 6 source literature lead(s), 0 record evidence item(s), 0 target(s)
review-readiness	CHEBI:15837	isoamylol	CHEBI	PMID:23043843|PMID:23698045|PMID:24487533|PMID:24767042|PMID:24804072	MECHANISM_REVIEW: mechanism is absent; 6 source literature lead(s), 0 record evidence item(s), 0 target(s)
review-readiness	CHEBI:149619	isoaspulvinone E	CHEBI	PMID:23411074|PMID:29305695	MECHANISM_REVIEW: mechanism is absent; 2 source literature lead(s), 0 record evidence item(s), 0 target(s)
review-readiness	CHEBI:28106	isobavachalcone	CHEBI	PMID:17069433|PMID:20160051|PMID:20622433|PMID:22772918|PMID:23164691	MECHANISM_REVIEW: mechanism is absent; 6 source literature lead(s), 0 record evidence item(s), 0 target(s)
review-readiness	CHEBI:66091	isochamaejasmenin B	CHEBI	PMID:15997133	MECHANISM_REVIEW: mechanism is absent; 1 source literature lead(s), 0 record evidence item(s), 0 target(s)
review-readiness	CHEBI:66093	isocomplestatin	ARO+CHEBI	PMID:32051588|PMID:11473415|PMID:15898781	MECHANISM_REVIEW: mechanism is source-seeded and not curator-checked; 3 source literature lead(s), 0 record evidence item(s), 0 target(s)
review-readiness	CHEBI:65812	isodrummondin D	CHEBI	PMID:1800634	MECHANISM_REVIEW: mechanism is absent; 1 source literature lead(s), 0 record evidence item(s), 0 target(s)
review-readiness	CHEBI:83065	isofetamid	CHEBI		MECHANISM_REVIEW: mechanism is source-seeded and not curator-checked; 0 source literature lead(s), 0 record evidence item(s), 0 target(s)
review-readiness	CHEBI:228225	isoflucypram	CHEBI	PMID:32506626|PMID:33438844|PMID:33991914|PMID:34830252|PMID:34999466	MECHANISM_REVIEW: mechanism is source-seeded and not curator-checked; 9 source literature lead(s), 0 record evidence item(s), 0 target(s)
review-readiness	CHEBI:66094	isoiguesterin	CHEBI	PMID:15730255|PMID:7288445	MECHANISM_REVIEW: mechanism is absent; 2 source literature lead(s), 0 record evidence item(s), 0 target(s)
review-readiness	CHEBI:80840	isomangiferin	CHEBI	PMID:19272608|PMID:2167819|PMID:22312730|PMID:2554669	MECHANISM_REVIEW: mechanism is absent; 4 source literature lead(s), 0 record evidence item(s), 0 target(s)
review-readiness	CHEBI:6030	isoniazide	ARO+CHEBI	PMID:8143118|PMID:19139099|PMID:15013786|PMID:18220565|PMID:19183459	MECHANISM_REVIEW: mechanism is absent; 6 source literature lead(s), 0 record evidence item(s), 3 target(s)
review-readiness	CHEBI:16483	isonocardicin A	CHEBI	PMID:15252031	MECHANISM_REVIEW: mechanism is absent; 1 source literature lead(s), 0 record evidence item(s), 0 target(s)
review-readiness	CHEBI:81022	isonocardicin C	CHEBI	PMID:15252031	MECHANISM_REVIEW: mechanism is absent; 1 source literature lead(s), 0 record evidence item(s), 0 target(s)
review-readiness	CHEBI:66612	isonordoperoxide	CHEBI		MECHANISM_REVIEW: mechanism is absent; 0 source literature lead(s), 0 record evidence item(s), 0 target(s)
review-readiness	CHEBI:145111	isopatulin	CHEBI	PMID:1518888|PMID:19583231|PMID:2605253|PMID:30680886	MECHANISM_REVIEW: mechanism is absent; 4 source literature lead(s), 0 record evidence item(s), 0 target(s)
review-readiness	CHEBI:18165	isopenicillin N	CHEBI		MECHANISM_REVIEW: mechanism is absent; 0 source literature lead(s), 0 record evidence item(s), 0 target(s)
review-readiness	CHEBI:6047	isoprothiolane	CHEBI	PMID:19757109|PMID:23500396|PMID:23537300|PMID:24617140|PMID:2927019	MECHANISM_REVIEW: mechanism is source-seeded and not curator-checked; 5 source literature lead(s), 0 record evidence item(s), 0 target(s)
review-readiness	CHEBI:167830	isorhapontigenin	CHEBI	PMID:11440571|PMID:31461638|PMID:31512108|PMID:32178518|PMID:33777675	MECHANISM_REVIEW: mechanism is absent; 10 source literature lead(s), 0 record evidence item(s), 0 target(s)
review-readiness	CHEBI:83657	isotianil	CHEBI	PMID:24025577	MECHANISM_REVIEW: mechanism is absent; 1 source literature lead(s), 0 record evidence item(s), 0 target(s)
review-readiness	CHEBI:193161	isovanillin	CHEBI	PMID:1154798|PMID:12444671|PMID:13382059|PMID:14390790|PMID:15625566	MECHANISM_REVIEW: mechanism is source-seeded and not curator-checked; 10 source literature lead(s), 0 record evidence item(s), 0 target(s)
review-readiness	CHEBI:177533	itarnafloxin	CHEBI	PMID:17344945|PMID:19738048|PMID:21113409|PMID:24108400|PMID:28211448	MECHANISM_REVIEW: mechanism is absent; 9 source literature lead(s), 0 record evidence item(s), 0 target(s)
review-readiness	CHEBI:6076	itraconazole	ARO+CHEBI	PMID:2561187|PMID:11219548|PMID:11403818|PMID:11422002|PMID:15521894	MECHANISM_REVIEW: mechanism is source-seeded and not curator-checked; 8 source literature lead(s), 0 record evidence item(s), 0 target(s)
review-readiness	CHEBI:31738	jadomycin B	CHEBI	PMID:11932454|PMID:15070349|PMID:15776503|PMID:16468745|PMID:16568271	MECHANISM_REVIEW: mechanism is absent; 10 source literature lead(s), 0 record evidence item(s), 0 target(s)
review-readiness	CHEBI:66104	jaspamide	CHEBI	PMID:10339509|PMID:11154977|PMID:20678932|PMID:21241058|PMID:22115418	MECHANISM_REVIEW: mechanism is absent; 10 source literature lead(s), 0 record evidence item(s), 0 target(s)
review-readiness	CHEBI:156382	jawsamycin	CHEBI	PMID:17136894|PMID:19030571|PMID:2387768|PMID:24756819|PMID:28059412	MECHANISM_REVIEW: mechanism is absent; 7 source literature lead(s), 0 record evidence item(s), 0 target(s)
review-readiness	CHEBI:6088	jervine	CHEBI	PMID:11021639|PMID:1144444|PMID:15390391|PMID:17260275|PMID:18873278	MECHANISM_REVIEW: mechanism is absent; 10 source literature lead(s), 0 record evidence item(s), 0 target(s)
review-readiness	CHEBI:31739	josamycin	ARO+CHEBI	PMID:5482762|PMID:1838760|PMID:18343618|PMID:22326844|PMID:6072799	MECHANISM_REVIEW: mechanism is absent; 5 source literature lead(s), 0 record evidence item(s), 0 target(s)
review-readiness	CHEBI:43616	K-252a	CHEBI	PMID:24356881|PMID:24406154|PMID:24612679|PMID:3759657	MECHANISM_REVIEW: mechanism is absent; 4 source literature lead(s), 0 record evidence item(s), 0 target(s)
review-readiness	CHEBI:66130	kadsuphilactone B	CHEBI	PMID:16018647	MECHANISM_REVIEW: mechanism is absent; 1 source literature lead(s), 0 record evidence item(s), 0 target(s)
review-readiness	CHEBI:28499	kaempferol	CHEBI	PMID:12592675|PMID:15234754|PMID:17426744|PMID:17551714|PMID:28166217	MECHANISM_REVIEW: mechanism is absent; 5 source literature lead(s), 0 record evidence item(s), 0 target(s)
review-readiness	CHEBI:133224	kaempferol 3,7-di-O-β-D-glucoside	CHEBI	PMID:15595414|PMID:17666861|PMID:19768983|PMID:21466157|PMID:22070681	MECHANISM_REVIEW: mechanism is absent; 8 source literature lead(s), 0 record evidence item(s), 0 target(s)
review-readiness	CHEBI:31742	kaempferol 3-O-β-D-galactoside	CHEBI	PMID:13534567|PMID:15631505|PMID:21923561|PMID:22117193|PMID:630002	MECHANISM_REVIEW: mechanism is absent; 5 source literature lead(s), 0 record evidence item(s), 0 target(s)
review-readiness	CHEBI:30200	kaempferol 3-O-β-D-glucoside	CHEBI	PMID:21329934|PMID:21466157|PMID:22210036|PMID:22489129|PMID:22766709	MECHANISM_REVIEW: mechanism is absent; 5 source literature lead(s), 0 record evidence item(s), 0 target(s)
review-readiness	CHEBI:66135	kalimantacin A	CHEBI	PMID:8621352	MECHANISM_REVIEW: mechanism is absent; 1 source literature lead(s), 0 record evidence item(s), 0 target(s)
review-readiness	CHEBI:66136	kalimantacin B	CHEBI	PMID:8621352	MECHANISM_REVIEW: mechanism is absent; 1 source literature lead(s), 0 record evidence item(s), 0 target(s)
review-readiness	CHEBI:66137	kalimantacin C	CHEBI	PMID:8621352	MECHANISM_REVIEW: mechanism is absent; 1 source literature lead(s), 0 record evidence item(s), 0 target(s)
review-readiness	CHEBI:17630	kanamycin A	ARO+CHEBI	PMID:10103173|PMID:8385262|PMID:11083623|PMID:22907688|PMID:24336356	MECHANISM_REVIEW: mechanism is absent; 6 source literature lead(s), 0 record evidence item(s), 1 target(s)
review-readiness	CHEBI:6109	kanamycin A sulfate	CHEBI	PMID:18248662	MECHANISM_REVIEW: mechanism is absent; 1 source literature lead(s), 0 record evidence item(s), 0 target(s)
review-readiness	CHEBI:28098	kanamycin B	CHEBI		MECHANISM_REVIEW: mechanism is absent; 0 source literature lead(s), 0 record evidence item(s), 0 target(s)
review-readiness	CHEBI:28185	kanamycin C	CHEBI		MECHANISM_REVIEW: mechanism is absent; 0 source literature lead(s), 0 record evidence item(s), 0 target(s)
review-readiness	CHEBI:73079	kanamycin D	CHEBI	PMID:22374809|PMID:9134733	MECHANISM_REVIEW: mechanism is absent; 2 source literature lead(s), 0 record evidence item(s), 0 target(s)
review-readiness	CHEBI:72797	kanamycin X	CHEBI	PMID:21983602	MECHANISM_REVIEW: mechanism is absent; 1 source literature lead(s), 0 record evidence item(s), 0 target(s)
review-readiness	CHEBI:66140	karalicin	CHEBI	PMID:8626241|PMID:8626242	MECHANISM_REVIEW: mechanism is absent; 2 source literature lead(s), 0 record evidence item(s), 0 target(s)
review-readiness	CHEBI:81419	kasugamycin	ARO+CHEBI	PMID:5883494|PMID:16998486|PMID:16998488|PMID:19187763|PMID:20477873	MECHANISM_REVIEW: mechanism is source-seeded and not curator-checked; 10 source literature lead(s), 0 record evidence item(s), 0 target(s)
review-readiness	CHEBI:6116	kavapyrone	CHEBI	PMID:17354169	MECHANISM_REVIEW: mechanism is absent; 1 source literature lead(s), 0 record evidence item(s), 0 target(s)
review-readiness	CHEBI:66147	klugine	CHEBI	PMID:12880315|PMID:15974627	MECHANISM_REVIEW: mechanism is absent; 2 source literature lead(s), 0 record evidence item(s), 0 target(s)
review-readiness	CHEBI:6141	knipholone	CHEBI	PMID:10630123|PMID:16716917|PMID:17388630|PMID:18663391|PMID:19345716	MECHANISM_REVIEW: mechanism is absent; 6 source literature lead(s), 0 record evidence item(s), 0 target(s)
review-readiness	CHEBI:167314	KOM70144	CHEBI	PMID:18852458|PMID:32428392|PMID:33251371	MECHANISM_REVIEW: mechanism is absent; 3 source literature lead(s), 0 record evidence item(s), 0 target(s)
review-readiness	CHEBI:66148	komaroviquinone	CHEBI	PMID:12542361|PMID:16149801|PMID:16304182|PMID:19461991	MECHANISM_REVIEW: mechanism is absent; 4 source literature lead(s), 0 record evidence item(s), 0 target(s)
review-readiness	CHEBI:2962	kresoxim-methyl	ARO+CHEBI	PMID:8206296|PMID:9850581|PMID:8206295|PMID:23197469|PMID:23277369	MECHANISM_REVIEW: mechanism is source-seeded and not curator-checked; 11 source literature lead(s), 0 record evidence item(s), 0 target(s)
review-readiness	CHEBI:75592	L-cycloserine	CHEBI	PMID:19932170|PMID:3430071|PMID:3771514|PMID:4150977|PMID:638858	MECHANISM_REVIEW: mechanism is absent; 9 source literature lead(s), 0 record evidence item(s), 0 target(s)
review-readiness	CHEBI:42600	L-fucitol	CHEBI	PMID:12377243|PMID:20123133|PMID:21203146|PMID:24333485|PMID:6053331	MECHANISM_REVIEW: mechanism is absent; 7 source literature lead(s), 0 record evidence item(s), 0 target(s)
review-readiness	CHEBI:143285	L-propargylglycine zwitterion	CHEBI	PMID:23772385|PMID:30867596|PMID:387077|PMID:3994731|PMID:7094918	MECHANISM_REVIEW: mechanism is absent; 7 source literature lead(s), 0 record evidence item(s), 0 target(s)
review-readiness	CHEBI:145026	L-psicose	CHEBI	PMID:16243286|PMID:19111643|PMID:25888171|PMID:26020767|PMID:27262904	MECHANISM_REVIEW: mechanism is absent; 6 source literature lead(s), 0 record evidence item(s), 0 target(s)
review-readiness	CHEBI:144833	L-β-ethynylserine	CHEBI	PMID:3082841	MECHANISM_REVIEW: mechanism is absent; 1 source literature lead(s), 0 record evidence item(s), 0 target(s)
review-readiness	CHEBI:144729	L-β-ethynylserine zwitterion	CHEBI	PMID:3082841|PMID:30867596	MECHANISM_REVIEW: mechanism is absent; 2 source literature lead(s), 0 record evidence item(s), 0 target(s)
review-readiness	CHEBI:66553	lactonamycin	CHEBI	PMID:15606108|PMID:8931735	MECHANISM_REVIEW: mechanism is absent; 2 source literature lead(s), 0 record evidence item(s), 0 target(s)
review-readiness	CHEBI:6358	lactucin	CHEBI	PMID:10858433|PMID:15507374|PMID:16621374|PMID:24176340|PMID:24333270	MECHANISM_REVIEW: mechanism is absent; 5 source literature lead(s), 0 record evidence item(s), 0 target(s)
review-readiness	CHEBI:192702	ladanein	CHEBI	PMID:11086900|PMID:12677524|PMID:17342612|PMID:17639984|PMID:19361824	MECHANISM_REVIEW: mechanism is absent; 10 source literature lead(s), 0 record evidence item(s), 0 target(s)
review-readiness	CHEBI:72792	lamellarin α 20-hydrogen sulfate	CHEBI		MECHANISM_REVIEW: mechanism is source-seeded and not curator-checked; 0 source literature lead(s), 0 record evidence item(s), 0 target(s)
review-readiness	CHEBI:66548	lamellarin α 20-sulfate	CHEBI	PMID:10354398|PMID:12150874|PMID:22071527	MECHANISM_REVIEW: mechanism is source-seeded and not curator-checked; 3 source literature lead(s), 0 record evidence item(s), 0 target(s)
review-readiness	CHEBI:67473	lamesticumin A	CHEBI	PMID:21401117	MECHANISM_REVIEW: mechanism is absent; 1 source literature lead(s), 0 record evidence item(s), 0 target(s)
review-readiness	CHEBI:67475	lamesticumin B	CHEBI	PMID:21401117	MECHANISM_REVIEW: mechanism is absent; 1 source literature lead(s), 0 record evidence item(s), 0 target(s)
review-readiness	CHEBI:67476	lamesticumin C	CHEBI	PMID:21401117	MECHANISM_REVIEW: mechanism is absent; 1 source literature lead(s), 0 record evidence item(s), 0 target(s)
review-readiness	CHEBI:67477	lamesticumin D	CHEBI	PMID:21401117	MECHANISM_REVIEW: mechanism is absent; 1 source literature lead(s), 0 record evidence item(s), 0 target(s)
review-readiness	CHEBI:67478	lamesticumin E	CHEBI	PMID:21401117	MECHANISM_REVIEW: mechanism is absent; 1 source literature lead(s), 0 record evidence item(s), 0 target(s)
review-readiness	CHEBI:67479	lamesticumin F	CHEBI	PMID:21401117	MECHANISM_REVIEW: mechanism is absent; 1 source literature lead(s), 0 record evidence item(s), 0 target(s)
review-readiness	CHEBI:63577	lamivudine	CHEBI	PMID:12135009|PMID:19783232|PMID:21465499|PMID:21721935|PMID:21851334	MECHANISM_REVIEW: mechanism is source-seeded and not curator-checked; 10 source literature lead(s), 0 record evidence item(s), 0 target(s)
review-readiness	CHEBI:66542	lancifodilactone F	CHEBI	PMID:15787482|PMID:18303901|PMID:22133065	MECHANISM_REVIEW: mechanism is absent; 3 source literature lead(s), 0 record evidence item(s), 0 target(s)
review-readiness	CHEBI:66543	lancifodilactone G	CHEBI	PMID:15901155	MECHANISM_REVIEW: mechanism is absent; 1 source literature lead(s), 0 record evidence item(s), 0 target(s)
review-readiness	CHEBI:66544	lancilactone C	CHEBI	PMID:37326375|PMID:9917290	MECHANISM_REVIEW: mechanism is absent; 2 source literature lead(s), 0 record evidence item(s), 0 target(s)
review-readiness	CHEBI:77834	lancovutide	CHEBI	PMID:19747007|PMID:20873825|PMID:21091780|PMID:22534031|PMID:22543977	MECHANISM_REVIEW: mechanism is absent; 7 source literature lead(s), 0 record evidence item(s), 0 target(s)
review-readiness	CHEBI:66549	lanigerol	CHEBI	PMID:8824952	MECHANISM_REVIEW: mechanism is absent; 1 source literature lead(s), 0 record evidence item(s), 0 target(s)
review-readiness	CHEBI:67480	lansic acid 3-ethyl ester	CHEBI	PMID:21401117	MECHANISM_REVIEW: mechanism is absent; 1 source literature lead(s), 0 record evidence item(s), 0 target(s)
review-readiness	CHEBI:6377	lapachol	CHEBI	PMID:11180522|PMID:30797783|PMID:30896339|PMID:31183610|PMID:31935485	MECHANISM_REVIEW: mechanism is absent; 10 source literature lead(s), 0 record evidence item(s), 0 target(s)
review-readiness	CHEBI:92181	lasalocid	ARO+CHEBI	PMID:38069118|PMID:1705820|PMID:25364932|PMID:25535803|PMID:25556006	MECHANISM_REVIEW: mechanism is source-seeded and not curator-checked; 10 source literature lead(s), 0 record evidence item(s), 0 target(s)
review-readiness	CHEBI:91848	lasalocid sodium	CHEBI	PMID:16028484|PMID:18567291|PMID:25155027|PMID:2619553|PMID:27580396	MECHANISM_REVIEW: mechanism is source-seeded and not curator-checked; 10 source literature lead(s), 0 record evidence item(s), 0 target(s)
review-readiness	CHEBI:66555	laurinterol	CHEBI	PMID:11302194|PMID:15549668|PMID:18598167|PMID:32486286|PMID:33082417	MECHANISM_REVIEW: mechanism is absent; 6 source literature lead(s), 0 record evidence item(s), 0 target(s)
review-readiness	CHEBI:66557	laurolistine	CHEBI	PMID:12237535	MECHANISM_REVIEW: mechanism is source-seeded and not curator-checked; 1 source literature lead(s), 0 record evidence item(s), 0 target(s)
review-readiness	CHEBI:44401	lawsone	CHEBI		MECHANISM_REVIEW: mechanism is absent; 0 source literature lead(s), 0 record evidence item(s), 0 target(s)
review-readiness	CHEBI:144671	LDC4297	CHEBI	PMID:25047832|PMID:25624324|PMID:30452929	MECHANISM_REVIEW: mechanism is absent; 3 source literature lead(s), 0 record evidence item(s), 0 target(s)
review-readiness	CHEBI:66559	leachianone A	CHEBI	PMID:10843587	MECHANISM_REVIEW: mechanism is absent; 1 source literature lead(s), 0 record evidence item(s), 0 target(s)
review-readiness	CHEBI:85089	ledipasvir	CHEBI	PMID:25553890|PMID:25591505|PMID:25619871|PMID:25627448|PMID:25674516	MECHANISM_REVIEW: mechanism is source-seeded and not curator-checked; 9 source literature lead(s), 0 record evidence item(s), 0 target(s)
review-readiness	CHEBI:135748	lenampicillin	CHEBI	PMID:16312302|PMID:16312500|PMID:16312550|PMID:16312570|PMID:1761182	MECHANISM_REVIEW: mechanism is absent; 10 source literature lead(s), 0 record evidence item(s), 0 target(s)
review-readiness	CHEBI:52650	leptomycin A	CHEBI	PMID:4077736|PMID:6874585|PMID:6874586	MECHANISM_REVIEW: mechanism is absent; 3 source literature lead(s), 0 record evidence item(s), 0 target(s)
review-readiness	CHEBI:52646	leptomycin B	CHEBI	PMID:10421839|PMID:10430904|PMID:11134317|PMID:12468543|PMID:16964287	MECHANISM_REVIEW: mechanism is absent; 7 source literature lead(s), 0 record evidence item(s), 0 target(s)
review-readiness	CHEBI:82622	leucascandrolide A congener	CHEBI	PMID:18516048	MECHANISM_REVIEW: mechanism is absent; 1 source literature lead(s), 0 record evidence item(s), 0 target(s)
review-readiness	CHEBI:31753	leucomycin V	CHEBI	PMID:10383920|PMID:17724653|PMID:3172452|PMID:3221431|PMID:3613074	MECHANISM_REVIEW: mechanism is absent; 5 source literature lead(s), 0 record evidence item(s), 0 target(s)
review-readiness	CHEBI:167048	levesquamide	CHEBI	PMID:32363877	MECHANISM_REVIEW: mechanism is absent; 1 source literature lead(s), 0 record evidence item(s), 0 target(s)
review-readiness	CHEBI:63598	levofloxacin	ARO+CHEBI	PMID:15700957|PMID:10803495|PMID:11141388|PMID:11181130|PMID:11249554	MECHANISM_REVIEW: mechanism is source-seeded and not curator-checked; 11 source literature lead(s), 0 record evidence item(s), 2 target(s)
review-readiness	CHEBI:69098	licocoumarone	CHEBI	PMID:10993226|PMID:12392103|PMID:1913999|PMID:1941536|PMID:20724155	MECHANISM_REVIEW: mechanism is absent; 7 source literature lead(s), 0 record evidence item(s), 0 target(s)
review-readiness	CHEBI:69082	licoricidin	CHEBI	PMID:12127165|PMID:20487583|PMID:20722535|PMID:21851508|PMID:22074222	MECHANISM_REVIEW: mechanism is absent; 5 source literature lead(s), 0 record evidence item(s), 0 target(s)
review-readiness	CHEBI:69094	licoricone	CHEBI	PMID:12127165|PMID:1950571|PMID:22074222	MECHANISM_REVIEW: mechanism is absent; 3 source literature lead(s), 0 record evidence item(s), 0 target(s)
review-readiness	CHEBI:69083	licorisoflavan A	CHEBI	PMID:22074222	MECHANISM_REVIEW: mechanism is absent; 1 source literature lead(s), 0 record evidence item(s), 0 target(s)
review-readiness	CHEBI:17580	linalool	CHEBI	PMID:18695915|PMID:24570447|PMID:24758511	MECHANISM_REVIEW: mechanism is absent; 3 source literature lead(s), 0 record evidence item(s), 0 target(s)
review-readiness	CHEBI:6469	linalyl acetate	CHEBI	PMID:23157022|PMID:23707744|PMID:24237351|PMID:24599102|PMID:24706627	MECHANISM_REVIEW: mechanism is absent; 5 source literature lead(s), 0 record evidence item(s), 0 target(s)
review-readiness	CHEBI:6472	lincomycin	ARO+CHEBI	PMID:15135500|PMID:10582867|PMID:24324587	MECHANISM_REVIEW: mechanism is absent; 3 source literature lead(s), 0 record evidence item(s), 1 target(s)
review-readiness	CHEBI:66577	lindechunine A	CHEBI	PMID:12237535	MECHANISM_REVIEW: mechanism is source-seeded and not curator-checked; 1 source literature lead(s), 0 record evidence item(s), 0 target(s)
review-readiness	CHEBI:63607	linezolid	ARO+CHEBI	PMID:15700955|PMID:18757750|PMID:21740298|PMID:21815204|PMID:21899392	MECHANISM_REVIEW: mechanism is source-seeded and not curator-checked; 12 source literature lead(s), 0 record evidence item(s), 1 target(s)
review-readiness	CHEBI:91402	linsitinib	CHEBI	PMID:20530704|PMID:24726739|PMID:25335932|PMID:25795408|PMID:26831715	MECHANISM_REVIEW: mechanism is absent; 9 source literature lead(s), 0 record evidence item(s), 0 target(s)
review-readiness	CHEBI:80845	liquiritin	CHEBI	PMID:13829014|PMID:25744461|PMID:25746576|PMID:25993793|PMID:27892811	MECHANISM_REVIEW: mechanism is absent; 10 source literature lead(s), 0 record evidence item(s), 0 target(s)
review-readiness	CHEBI:70649	liriodenine	CHEBI	PMID:19764006|PMID:21790492|PMID:21950162|PMID:21960256|PMID:22119096	MECHANISM_REVIEW: mechanism is absent; 6 source literature lead(s), 0 record evidence item(s), 0 target(s)
review-readiness	CHEBI:71961	lividomycin A	ARO+CHEBI	PMID:4586150|PMID:5091208|PMID:5092786|PMID:1047630|PMID:1052072	MECHANISM_REVIEW: mechanism is absent; 12 source literature lead(s), 0 record evidence item(s), 2 target(s)
review-readiness	CHEBI:71962	lividomycin B	ARO+CHEBI	PMID:4586150|PMID:5034809	MECHANISM_REVIEW: mechanism is absent; 2 source literature lead(s), 0 record evidence item(s), 1 target(s)
review-readiness	CHEBI:66585	lobohedleolide	CHEBI	PMID:10785433	MECHANISM_REVIEW: mechanism is absent; 1 source literature lead(s), 0 record evidence item(s), 0 target(s)
review-readiness	CHEBI:195298	loganetin	CHEBI	PMID:12943773|PMID:19967996|PMID:21799001|PMID:22466563|PMID:26749820	MECHANISM_REVIEW: mechanism is absent; 10 source literature lead(s), 0 record evidence item(s), 0 target(s)
review-readiness	CHEBI:116278	lomefloxacin	ARO+CHEBI	PMID:8394795|PMID:11195849|PMID:3134843|PMID:3348607|PMID:3476021	MECHANISM_REVIEW: mechanism is absent; 5 source literature lead(s), 0 record evidence item(s), 1 target(s)
review-readiness	CHEBI:6518	lomefloxacin hydrochloride	CHEBI		MECHANISM_REVIEW: mechanism is absent; 0 source literature lead(s), 0 record evidence item(s), 0 target(s)
review-readiness	CHEBI:6521	lonchocarpenin	CHEBI	PMID:24079177|PMID:24705564	MECHANISM_REVIEW: mechanism is absent; 2 source literature lead(s), 0 record evidence item(s), 0 target(s)
review-readiness	CHEBI:66591	longipedumin A	CHEBI	PMID:16394567	MECHANISM_REVIEW: mechanism is source-seeded and not curator-checked; 1 source literature lead(s), 0 record evidence item(s), 0 target(s)
review-readiness	CHEBI:68980	longirostrerone A	CHEBI	PMID:22004007	MECHANISM_REVIEW: mechanism is absent; 1 source literature lead(s), 0 record evidence item(s), 0 target(s)
review-readiness	CHEBI:68981	longirostrerone B	CHEBI	PMID:22004007	MECHANISM_REVIEW: mechanism is absent; 1 source literature lead(s), 0 record evidence item(s), 0 target(s)
review-readiness	CHEBI:68982	longirostrerone C	CHEBI	PMID:22004007	MECHANISM_REVIEW: mechanism is absent; 1 source literature lead(s), 0 record evidence item(s), 0 target(s)
review-readiness	CHEBI:6532	loperamide	CHEBI	PMID:15900907|PMID:19034106|PMID:24398461	MECHANISM_REVIEW: mechanism is absent; 3 source literature lead(s), 0 record evidence item(s), 4 target(s)
review-readiness	CHEBI:6533	loperamide hydrochloride	CHEBI		MECHANISM_REVIEW: mechanism is absent; 0 source literature lead(s), 0 record evidence item(s), 0 target(s)
review-readiness	CHEBI:31781	lopinavir	CHEBI	PMID:24014186|PMID:24518130|PMID:24566184|PMID:24805184|PMID:24906762	MECHANISM_REVIEW: mechanism is source-seeded and not curator-checked; 7 source literature lead(s), 0 record evidence item(s), 0 target(s)
review-readiness	CHEBI:47544	loracarbef	ARO+CHEBI	PMID:3501757|PMID:8453172|PMID:1553350|PMID:1621740|PMID:1621742	MECHANISM_REVIEW: mechanism is absent; 7 source literature lead(s), 0 record evidence item(s), 1 target(s)
review-readiness	CHEBI:281056	loracarbef anion	CHEBI		MECHANISM_REVIEW: mechanism is absent; 0 source literature lead(s), 0 record evidence item(s), 0 target(s)
review-readiness	CHEBI:214480	loracarbef zwitterion	CHEBI		MECHANISM_REVIEW: mechanism is absent; 0 source literature lead(s), 0 record evidence item(s), 0 target(s)
review-readiness	CHEBI:77752	LTX-109	CHEBI	PMID:21732630|PMID:22585222	MECHANISM_REVIEW: mechanism is absent; 2 source literature lead(s), 0 record evidence item(s), 0 target(s)
review-readiness	CHEBI:27774	lubimin	CHEBI		MECHANISM_REVIEW: mechanism is absent; 0 source literature lead(s), 0 record evidence item(s), 0 target(s)
review-readiness	CHEBI:66592	lucensimycin E	CHEBI	PMID:19115838	MECHANISM_REVIEW: mechanism is absent; 1 source literature lead(s), 0 record evidence item(s), 0 target(s)
review-readiness	CHEBI:66593	lucialdehyde B	CHEBI	PMID:12045343|PMID:16378363	MECHANISM_REVIEW: mechanism is absent; 2 source literature lead(s), 0 record evidence item(s), 0 target(s)
review-readiness	CHEBI:66596	lucidumoside C	CHEBI	PMID:11411539|PMID:11724241|PMID:22987739	MECHANISM_REVIEW: mechanism is absent; 3 source literature lead(s), 0 record evidence item(s), 0 target(s)
review-readiness	CHEBI:133127	lugdunin	ARO+CHEBI	PMID:27466123	MECHANISM_REVIEW: mechanism is absent; 1 source literature lead(s), 0 record evidence item(s), 0 target(s)
review-readiness	CHEBI:156095	lumefantrine	CHEBI	PMID:12565929|PMID:12699750|PMID:12798326	MECHANISM_REVIEW: mechanism is absent; 3 source literature lead(s), 0 record evidence item(s), 0 target(s)
review-readiness	CHEBI:66597	lupulin A	CHEBI	PMID:17191906|PMID:19946570|PMID:21073945|PMID:8759163	MECHANISM_REVIEW: mechanism is absent; 4 source literature lead(s), 0 record evidence item(s), 0 target(s)
review-readiness	CHEBI:6574	lupulone	CHEBI	PMID:14827882|PMID:14920156|PMID:17434926|PMID:18276602|PMID:18383859	MECHANISM_REVIEW: mechanism is absent; 10 source literature lead(s), 0 record evidence item(s), 0 target(s)
review-readiness	CHEBI:31788	luteolin 7-O-neohesperidoside	CHEBI	PMID:18600298|PMID:19771866|PMID:21656372	MECHANISM_REVIEW: mechanism is absent; 3 source literature lead(s), 0 record evidence item(s), 0 target(s)
review-readiness	CHEBI:66603	lycojapodine A	CHEBI	PMID:19245240|PMID:20095616|PMID:22924746|PMID:22973823	MECHANISM_REVIEW: mechanism is absent; 4 source literature lead(s), 0 record evidence item(s), 0 target(s)
review-readiness	CHEBI:6601	lycorine	CHEBI	PMID:12232602|PMID:14669261|PMID:15386196|PMID:19788245	MECHANISM_REVIEW: mechanism is source-seeded and not curator-checked; 4 source literature lead(s), 0 record evidence item(s), 0 target(s)
review-readiness	CHEBI:59040	lymecycline	CHEBI	PMID:1650428|PMID:24985054|PMID:25672310	MECHANISM_REVIEW: mechanism is source-seeded and not curator-checked; 3 source literature lead(s), 0 record evidence item(s), 0 target(s)
review-readiness	CHEBI:17231	m-cresol	CHEBI	PMID:15687000|PMID:23190556	MECHANISM_REVIEW: mechanism is absent; 2 source literature lead(s), 0 record evidence item(s), 0 target(s)
review-readiness	CHEBI:66649	macluraxanthone B	CHEBI	PMID:11087602|PMID:15051062|PMID:15742807|PMID:15787460|PMID:17191926	MECHANISM_REVIEW: mechanism is absent; 5 source literature lead(s), 0 record evidence item(s), 0 target(s)
review-readiness	CHEBI:66650	macluraxanthone C	CHEBI	PMID:11087602|PMID:17191926|PMID:18274278	MECHANISM_REVIEW: mechanism is absent; 3 source literature lead(s), 0 record evidence item(s), 0 target(s)
review-readiness	CHEBI:17371	macrocin	CHEBI		MECHANISM_REVIEW: mechanism is absent; 0 source literature lead(s), 0 record evidence item(s), 0 target(s)
review-readiness	CHEBI:73058	madecassic acid	CHEBI	PMID:22816768|PMID:22966846|PMID:23346217|PMID:24965394|PMID:25685908	MECHANISM_REVIEW: mechanism is absent; 10 source literature lead(s), 0 record evidence item(s), 0 target(s)
review-readiness	CHEBI:6633	mafenide	ARO	PMID:4948236	MECHANISM_REVIEW: mechanism is absent; 1 source literature lead(s), 0 record evidence item(s), 3 target(s)
review-readiness	CHEBI:72449	malachite green	CHEBI	PMID:22236952|PMID:22526306|PMID:22623907|PMID:23122763|PMID:23199816	MECHANISM_REVIEW: mechanism is absent; 10 source literature lead(s), 0 record evidence item(s), 0 target(s)
review-readiness	CHEBI:44107	malachite green cation	CHEBI	PMID:21487207|PMID:22236952|PMID:22526306|PMID:23122763|PMID:23199816	MECHANISM_REVIEW: mechanism is absent; 10 source literature lead(s), 0 record evidence item(s), 0 target(s)
review-readiness	CHEBI:140173	malacidin A	ARO+CHEBI	PMID:29434326	MECHANISM_REVIEW: mechanism is absent; 1 source literature lead(s), 0 record evidence item(s), 0 target(s)
review-readiness	CHEBI:140174	malacidin B	CHEBI	PMID:29434326	MECHANISM_REVIEW: mechanism is absent; 1 source literature lead(s), 0 record evidence item(s), 0 target(s)
review-readiness	CHEBI:28460	maltotetraose	CHEBI	PMID:1295602|PMID:14074622|PMID:18587768|PMID:18597275|PMID:365247	MECHANISM_REVIEW: mechanism is absent; 7 source literature lead(s), 0 record evidence item(s), 0 target(s)
review-readiness	CHEBI:35825	mandelic acid	CHEBI	PMID:22770225|PMID:24278065|PMID:4813698	MECHANISM_REVIEW: mechanism is absent; 3 source literature lead(s), 0 record evidence item(s), 0 target(s)
review-readiness	CHEBI:138945	maniladiol	CHEBI	PMID:11543977|PMID:11809525|PMID:14987059|PMID:15490326|PMID:15635183	MECHANISM_REVIEW: mechanism is absent; 10 source literature lead(s), 0 record evidence item(s), 0 target(s)
review-readiness	CHEBI:76945	manool	CHEBI	PMID:14695810|PMID:20132046|PMID:20397107|PMID:20438328|PMID:20839641	MECHANISM_REVIEW: mechanism is absent; 10 source literature lead(s), 0 record evidence item(s), 0 target(s)
review-readiness	CHEBI:177359	mansouramycin A	CHEBI	PMID:19921834|PMID:30816348	MECHANISM_REVIEW: mechanism is absent; 2 source literature lead(s), 0 record evidence item(s), 0 target(s)
review-readiness	CHEBI:29623	manumycin A	CHEBI	PMID:12699746|PMID:15787434|PMID:17363690|PMID:21349982|PMID:22272079	MECHANISM_REVIEW: mechanism is absent; 9 source literature lead(s), 0 record evidence item(s), 0 target(s)
review-readiness	CHEBI:66667	manzamine A	CHEBI	PMID:10817722|PMID:17708655|PMID:18520099|PMID:20017491|PMID:20352293	MECHANISM_REVIEW: mechanism is absent; 8 source literature lead(s), 0 record evidence item(s), 0 target(s)
review-readiness	CHEBI:73107	maprounic acid	CHEBI	PMID:22493952|PMID:2723669|PMID:6631436|PMID:7515410	MECHANISM_REVIEW: mechanism is source-seeded and not curator-checked; 4 source literature lead(s), 0 record evidence item(s), 0 target(s)
review-readiness	CHEBI:63608	maraviroc	CHEBI	PMID:21134404|PMID:21383098|PMID:21393136|PMID:21505306|PMID:21595497	MECHANISM_REVIEW: mechanism is source-seeded and not curator-checked; 10 source literature lead(s), 0 record evidence item(s), 0 target(s)
review-readiness	CHEBI:132230	marbofloxacin	ARO+CHEBI	PMID:8583541|PMID:8383902|PMID:8235542|PMID:25470431|PMID:25567298	MECHANISM_REVIEW: mechanism is absent; 13 source literature lead(s), 0 record evidence item(s), 0 target(s)
review-readiness	CHEBI:167566	maremycin G	CHEBI	PMID:30020298|PMID:31394779	MECHANISM_REVIEW: mechanism is absent; 2 source literature lead(s), 0 record evidence item(s), 0 target(s)
review-readiness	CHEBI:78496	mastoparan	CHEBI	PMID:16714348|PMID:2044701|PMID:2175826|PMID:2204429|PMID:23463512	MECHANISM_REVIEW: mechanism is absent; 7 source literature lead(s), 0 record evidence item(s), 0 target(s)
review-readiness	CHEBI:78509	mastoparan-A	CHEBI	PMID:21884742	MECHANISM_REVIEW: mechanism is absent; 1 source literature lead(s), 0 record evidence item(s), 0 target(s)
review-readiness	CHEBI:78507	mastoparan-AF	CHEBI	PMID:21884742|PMID:22561066	MECHANISM_REVIEW: mechanism is absent; 2 source literature lead(s), 0 record evidence item(s), 0 target(s)
review-readiness	CHEBI:78511	mastoparan-B	CHEBI	PMID:10667861|PMID:11245254|PMID:11478963|PMID:17298553|PMID:2006909	MECHANISM_REVIEW: mechanism is absent; 10 source literature lead(s), 0 record evidence item(s), 0 target(s)
review-readiness	CHEBI:78514	mastoparan-D	CHEBI	PMID:21884742	MECHANISM_REVIEW: mechanism is absent; 1 source literature lead(s), 0 record evidence item(s), 0 target(s)
review-readiness	CHEBI:78518	mastoparan-M	CHEBI	PMID:10568222|PMID:10571667|PMID:10724025|PMID:21884742	MECHANISM_REVIEW: mechanism is absent; 4 source literature lead(s), 0 record evidence item(s), 0 target(s)
review-readiness	CHEBI:78519	mastoparan-V	CHEBI	PMID:21884742	MECHANISM_REVIEW: mechanism is absent; 1 source literature lead(s), 0 record evidence item(s), 0 target(s)
review-readiness	CHEBI:6701	maytansine	CHEBI	PMID:1241159|PMID:20937594|PMID:367597|PMID:3834790|PMID:628025	MECHANISM_REVIEW: mechanism is absent; 5 source literature lead(s), 0 record evidence item(s), 0 target(s)
review-readiness	CHEBI:66686	maytenfolone A	CHEBI	PMID:9115698	MECHANISM_REVIEW: mechanism is absent; 1 source literature lead(s), 0 record evidence item(s), 0 target(s)
review-readiness	CHEBI:82818	MDL-28170	CHEBI	PMID:12001809|PMID:12820680|PMID:15275793|PMID:15282090|PMID:15777753	MECHANISM_REVIEW: mechanism is absent; 10 source literature lead(s), 0 record evidence item(s), 0 target(s)
review-readiness	CHEBI:51208	mecillinam	ARO+CHEBI	PMID:6310995	MECHANISM_REVIEW: mechanism is absent; 1 source literature lead(s), 0 record evidence item(s), 1 target(s)
review-readiness	CHEBI:66687	mediomycin A	CHEBI	PMID:17315962	MECHANISM_REVIEW: mechanism is absent; 1 source literature lead(s), 0 record evidence item(s), 0 target(s)
review-readiness	CHEBI:66688	mediomycin B	CHEBI	PMID:17315962	MECHANISM_REVIEW: mechanism is absent; 1 source literature lead(s), 0 record evidence item(s), 0 target(s)
review-readiness	CHEBI:167905	mefuparib	CHEBI	PMID:27926532|PMID:31671946|PMID:32984792|PMID:33063092|PMID:33151287	MECHANISM_REVIEW: mechanism is absent; 5 source literature lead(s), 0 record evidence item(s), 0 target(s)
review-readiness	CHEBI:167899	mefuparib hydrochloride	CHEBI	PMID:27926532|PMID:31671946|PMID:33770364	MECHANISM_REVIEW: mechanism is absent; 3 source literature lead(s), 0 record evidence item(s), 0 target(s)
review-readiness	CHEBI:6751	mepanipyrim	CHEBI	PMID:12619685|PMID:21047134|PMID:22562348|PMID:23285970|PMID:23410121	MECHANISM_REVIEW: mechanism is absent; 10 source literature lead(s), 0 record evidence item(s), 0 target(s)
review-readiness	CHEBI:81823	mepronil	CHEBI	PMID:20088408	MECHANISM_REVIEW: mechanism is source-seeded and not curator-checked; 1 source literature lead(s), 0 record evidence item(s), 0 target(s)
review-readiness	CHEBI:50667	mercaptopurine	CHEBI	PMID:16267626|PMID:28011186|PMID:28166217|PMID:28212467|PMID:28295989	MECHANISM_REVIEW: mechanism is absent; 10 source literature lead(s), 0 record evidence item(s), 0 target(s)
review-readiness	CHEBI:43968	meropenem	ARO+CHEBI	PMID:18416587|PMID:10776838|PMID:11069213|PMID:18611786|PMID:18645546	MECHANISM_REVIEW: mechanism is absent; 11 source literature lead(s), 0 record evidence item(s), 1 target(s)
review-readiness	CHEBI:6770	meropenem trihydrate	CHEBI		MECHANISM_REVIEW: mechanism is absent; 0 source literature lead(s), 0 record evidence item(s), 0 target(s)
review-readiness	CHEBI:71658	mersacidin	CHEBI	PMID:10818347|PMID:10831439|PMID:1500347|PMID:1500348|PMID:15282239	MECHANISM_REVIEW: mechanism is absent; 10 source literature lead(s), 0 record evidence item(s), 0 target(s)
review-readiness	CHEBI:78039	meso-tetrakis(N-methyl-4-pyridyl)porphine tetrakis(p-toluenesulfonate)	CHEBI		MECHANISM_REVIEW: mechanism is source-seeded and not curator-checked; 0 source literature lead(s), 0 record evidence item(s), 0 target(s)
review-readiness	CHEBI:37447	meso-tetrakis(N-methyl-4-pyridyl)porphine(4+)	CHEBI	PMID:11814846|PMID:12747777|PMID:16871639|PMID:19623552|PMID:21118720	MECHANISM_REVIEW: mechanism is source-seeded and not curator-checked; 9 source literature lead(s), 0 record evidence item(s), 0 target(s)
review-readiness	CHEBI:60607	metalaxyl-M	CHEBI	PMID:19809773|PMID:20582630|PMID:21174493|PMID:21272886|PMID:21315406	MECHANISM_REVIEW: mechanism is absent; 7 source literature lead(s), 0 record evidence item(s), 0 target(s)
review-readiness	CHEBI:141319	metam	CHEBI		MECHANISM_REVIEW: mechanism is absent; 0 source literature lead(s), 0 record evidence item(s), 0 target(s)
review-readiness	CHEBI:141326	metam(1−)	CHEBI		MECHANISM_REVIEW: mechanism is absent; 0 source literature lead(s), 0 record evidence item(s), 0 target(s)
review-readiness	CHEBI:52060	metampicillin	CHEBI	PMID:12569987|PMID:349485|PMID:4556172|PMID:4574199|PMID:4775221	MECHANISM_REVIEW: mechanism is absent; 7 source literature lead(s), 0 record evidence item(s), 0 target(s)
review-readiness	CHEBI:192263	metarylpicoxamid	CHEBI		MECHANISM_REVIEW: mechanism is absent; 0 source literature lead(s), 0 record evidence item(s), 0 target(s)
review-readiness	CHEBI:81773	metconazole	ARO+CHEBI	PMID:11282607|PMID:24317365	MECHANISM_REVIEW: mechanism is source-seeded and not curator-checked; 2 source literature lead(s), 0 record evidence item(s), 0 target(s)
review-readiness	CHEBI:6805	methacycline	CHEBI	PMID:1650428	MECHANISM_REVIEW: mechanism is absent; 1 source literature lead(s), 0 record evidence item(s), 0 target(s)
review-readiness	CHEBI:142825	methfuroxam	CHEBI	PMID:20693447|PMID:23061605|PMID:8535367	MECHANISM_REVIEW: mechanism is absent; 3 source literature lead(s), 0 record evidence item(s), 0 target(s)
review-readiness	CHEBI:6827	methicillin	ARO+CHEBI	PMID:11585791|PMID:15673804|PMID:3889939|PMID:11969119|PMID:12569987	MECHANISM_REVIEW: mechanism is absent; 8 source literature lead(s), 0 record evidence item(s), 1 target(s)
review-readiness	CHEBI:6838	methotrimeprazine	CHEBI	PMID:11026079|PMID:11260766|PMID:15700129|PMID:20825390	MECHANISM_REVIEW: mechanism is absent; 4 source literature lead(s), 0 record evidence item(s), 0 target(s)
review-readiness	CHEBI:132299	methyl 2,5-dichlorobenzoate	CHEBI	PMID:21664860	MECHANISM_REVIEW: mechanism is absent; 1 source literature lead(s), 0 record evidence item(s), 0 target(s)
review-readiness	CHEBI:66709	methyl 3,4-dihydroxy-5-(3'-methyl-2'-butenyl)benzoate	CHEBI	PMID:18712933	MECHANISM_REVIEW: mechanism is absent; 1 source literature lead(s), 0 record evidence item(s), 0 target(s)
review-readiness	CHEBI:165218	methyl 3-hydroxybenzoate	CHEBI	PMID:11274592|PMID:11758930|PMID:12556461|PMID:25111267	MECHANISM_REVIEW: mechanism is absent; 4 source literature lead(s), 0 record evidence item(s), 0 target(s)
review-readiness	CHEBI:67484	methyl lansiolate	CHEBI	PMID:21401117	MECHANISM_REVIEW: mechanism is absent; 1 source literature lead(s), 0 record evidence item(s), 0 target(s)
review-readiness	CHEBI:44499	methyl nonanoate	CHEBI	PMID:11999404|PMID:19274268|PMID:23961166|PMID:27084021|PMID:2768835	MECHANISM_REVIEW: mechanism is absent; 5 source literature lead(s), 0 record evidence item(s), 0 target(s)
review-readiness	CHEBI:194138	methyl trans-cinnamate	CHEBI	PMID:15137854|PMID:17951447|PMID:19231901|PMID:31078779|PMID:31353197	MECHANISM_REVIEW: mechanism is absent; 10 source literature lead(s), 0 record evidence item(s), 0 target(s)
review-readiness	CHEBI:144354	methyl γ-linolenate	CHEBI	PMID:1155030|PMID:19152021|PMID:20541177|PMID:25466915|PMID:26238515	MECHANISM_REVIEW: mechanism is absent; 6 source literature lead(s), 0 record evidence item(s), 0 target(s)
review-readiness	CHEBI:134614	methylene bis(thiocyanate)	CHEBI	PMID:12209192|PMID:16608508	MECHANISM_REVIEW: mechanism is absent; 2 source literature lead(s), 0 record evidence item(s), 0 target(s)
review-readiness	CHEBI:6872	methylene blue	CHEBI	PMID:11145393|PMID:11246319|PMID:11287762|PMID:11376884|PMID:11427637	MECHANISM_REVIEW: mechanism is absent; 10 source literature lead(s), 0 record evidence item(s), 0 target(s)
review-readiness	CHEBI:53620	methylisothiazolinone	CHEBI	PMID:18198720|PMID:21504436|PMID:21616561|PMID:21777214|PMID:23340392	MECHANISM_REVIEW: mechanism is absent; 8 source literature lead(s), 0 record evidence item(s), 0 target(s)
review-readiness	CHEBI:31835	methylparaben	CHEBI	PMID:12115834|PMID:12387298|PMID:16938376|PMID:17306434|PMID:17351650	MECHANISM_REVIEW: mechanism is absent; 10 source literature lead(s), 0 record evidence item(s), 0 target(s)
review-readiness	CHEBI:29630	methymycin	ARO+CHEBI	PMID:19830295|PMID:5439234|PMID:10421766|PMID:10713461|PMID:11720530	MECHANISM_REVIEW: mechanism is absent; 11 source literature lead(s), 0 record evidence item(s), 0 target(s)
review-readiness	CHEBI:81831	metominostrobin	CHEBI		MECHANISM_REVIEW: mechanism is source-seeded and not curator-checked; 0 source literature lead(s), 0 record evidence item(s), 0 target(s)
review-readiness	CHEBI:83345	metrafenone	CHEBI	PMID:16602071|PMID:25123185	MECHANISM_REVIEW: mechanism is absent; 2 source literature lead(s), 0 record evidence item(s), 0 target(s)
review-readiness	CHEBI:6909	metronidazole	ARO+CHEBI	PMID:8444678|PMID:11906111|PMID:14702395|PMID:15739364|PMID:16304169	MECHANISM_REVIEW: mechanism is absent; 10 source literature lead(s), 0 record evidence item(s), 1 target(s)
review-readiness	CHEBI:50688	metronidazole benzoate	CHEBI	PMID:10529896|PMID:22393879|PMID:3759732|PMID:7028437|PMID:7104172	MECHANISM_REVIEW: mechanism is absent; 6 source literature lead(s), 0 record evidence item(s), 0 target(s)
review-readiness	CHEBI:50687	metronidazole hydrochloride	CHEBI	PMID:4003408|PMID:4083286|PMID:7064251|PMID:7464682	MECHANISM_REVIEW: mechanism is absent; 4 source literature lead(s), 0 record evidence item(s), 0 target(s)
review-readiness	CHEBI:141152	metyltetraprole	CHEBI		MECHANISM_REVIEW: mechanism is source-seeded and not curator-checked; 0 source literature lead(s), 0 record evidence item(s), 0 target(s)
review-readiness	CHEBI:34848	mevastatin	CHEBI	PMID:11283400|PMID:12403272|PMID:15274361|PMID:15531285|PMID:15786722	MECHANISM_REVIEW: mechanism is absent; 10 source literature lead(s), 0 record evidence item(s), 0 target(s)
review-readiness	CHEBI:6919	mezlocillin	ARO+CHEBI	PMID:6369480|PMID:1701026|PMID:29017833|PMID:6460964|PMID:9403281	MECHANISM_REVIEW: mechanism is absent; 5 source literature lead(s), 0 record evidence item(s), 1 target(s)
review-readiness	CHEBI:167663	MI-1148	CHEBI	PMID:21757345|PMID:22539349|PMID:25974265|PMID:29059503	MECHANISM_REVIEW: mechanism is absent; 4 source literature lead(s), 0 record evidence item(s), 0 target(s)
review-readiness	CHEBI:600520	micafungin	ARO+CHEBI	PMID:18424132|PMID:17194830|PMID:17307974|PMID:17325217|PMID:17325225	MECHANISM_REVIEW: mechanism is source-seeded and not curator-checked; 7 source literature lead(s), 0 record evidence item(s), 0 target(s)
review-readiness	CHEBI:66385	michellamine A	CHEBI	PMID:10368651|PMID:1766007	MECHANISM_REVIEW: mechanism is absent; 2 source literature lead(s), 0 record evidence item(s), 0 target(s)
review-readiness	CHEBI:66386	michellamine B	CHEBI	PMID:1766007|PMID:7537029|PMID:7695336|PMID:7895724|PMID:8021914	MECHANISM_REVIEW: mechanism is absent; 6 source literature lead(s), 0 record evidence item(s), 0 target(s)
review-readiness	CHEBI:64624	microcin B17	CHEBI	PMID:11222617|PMID:11571616|PMID:21235262|PMID:21429787|PMID:21628468	MECHANISM_REVIEW: mechanism is source-seeded and not curator-checked; 10 source literature lead(s), 0 record evidence item(s), 0 target(s)
review-readiness	CHEBI:82754	microcin c	CHEBI	PMID:16574659|PMID:17158672|PMID:17873039|PMID:18223070|PMID:19168611	MECHANISM_REVIEW: mechanism is absent; 10 source literature lead(s), 0 record evidence item(s), 0 target(s)
review-readiness	CHEBI:68283	microdiplodiasol	CHEBI	PMID:21244021	MECHANISM_REVIEW: mechanism is absent; 1 source literature lead(s), 0 record evidence item(s), 0 target(s)
review-readiness	CHEBI:66388	microspinosamide	CHEBI	PMID:11170684|PMID:20411126	MECHANISM_REVIEW: mechanism is absent; 2 source literature lead(s), 0 record evidence item(s), 0 target(s)
review-readiness	CHEBI:31845	midecamycin	ARO	PMID:5581351	MECHANISM_REVIEW: mechanism is absent; 1 source literature lead(s), 0 record evidence item(s), 0 target(s)
review-readiness	CHEBI:50381	miglustat	CHEBI		MECHANISM_REVIEW: mechanism is absent; 0 source literature lead(s), 0 record evidence item(s), 0 target(s)
review-readiness	CHEBI:66389	migrastatin	CHEBI	PMID:11132958|PMID:20676392|PMID:21486209|PMID:21808037	MECHANISM_REVIEW: mechanism is absent; 4 source literature lead(s), 0 record evidence item(s), 0 target(s)
review-readiness	CHEBI:75283	miltefosine	CHEBI	PMID:22385017|PMID:22935677|PMID:22995097|PMID:23136856|PMID:23165465	MECHANISM_REVIEW: mechanism is absent; 10 source literature lead(s), 0 record evidence item(s), 0 target(s)
review-readiness	CHEBI:50694	minocycline	ARO+CHEBI	PMID:11381101|PMID:19862477|PMID:22330257|PMID:28709717|PMID:31630007	MECHANISM_REVIEW: mechanism is absent; 10 source literature lead(s), 0 record evidence item(s), 1 target(s)
review-readiness	CHEBI:542606	minquartynoic acid	CHEBI	PMID:11000043|PMID:11547419|PMID:12123365	MECHANISM_REVIEW: mechanism is absent; 3 source literature lead(s), 0 record evidence item(s), 0 target(s)
review-readiness	CHEBI:31856	mithramycin	CHEBI	PMID:19799886|PMID:31644044|PMID:32686008|PMID:34968486|PMID:37366593	MECHANISM_REVIEW: mechanism is source-seeded and not curator-checked; 10 source literature lead(s), 0 record evidence item(s), 0 target(s)
review-readiness	CHEBI:85412	mitomycin A	CHEBI	PMID:11529757|PMID:1458553|PMID:1905153|PMID:23639828|PMID:36046571	MECHANISM_REVIEW: mechanism is absent; 8 source literature lead(s), 0 record evidence item(s), 0 target(s)
review-readiness	CHEBI:85416	mitomycin B	CHEBI	PMID:27289|PMID:3965712	MECHANISM_REVIEW: mechanism is absent; 2 source literature lead(s), 0 record evidence item(s), 0 target(s)
review-readiness	CHEBI:34828	ML-236C	CHEBI	PMID:1010803|PMID:7726991	MECHANISM_REVIEW: mechanism is absent; 2 source literature lead(s), 0 record evidence item(s), 0 target(s)
review-readiness	CHEBI:68801	mollicellin B	CHEBI	PMID:19663417	MECHANISM_REVIEW: mechanism is absent; 1 source literature lead(s), 0 record evidence item(s), 0 target(s)
review-readiness	CHEBI:68802	mollicellin C	CHEBI	PMID:19663417	MECHANISM_REVIEW: mechanism is absent; 1 source literature lead(s), 0 record evidence item(s), 0 target(s)
review-readiness	CHEBI:68803	mollicellin E	CHEBI	PMID:19663417	MECHANISM_REVIEW: mechanism is absent; 1 source literature lead(s), 0 record evidence item(s), 0 target(s)
review-readiness	CHEBI:68723	mollicellin J	CHEBI	PMID:19663417	MECHANISM_REVIEW: mechanism is absent; 1 source literature lead(s), 0 record evidence item(s), 0 target(s)
review-readiness	CHEBI:68724	mollicellin K	CHEBI	PMID:19663417	MECHANISM_REVIEW: mechanism is absent; 1 source literature lead(s), 0 record evidence item(s), 0 target(s)
review-readiness	CHEBI:68725	mollicellin L	CHEBI	PMID:19663417	MECHANISM_REVIEW: mechanism is absent; 1 source literature lead(s), 0 record evidence item(s), 0 target(s)
review-readiness	CHEBI:68726	mollicellin M	CHEBI	PMID:19663417	MECHANISM_REVIEW: mechanism is absent; 1 source literature lead(s), 0 record evidence item(s), 0 target(s)
review-readiness	CHEBI:180653	molnupiravir	CHEBI	PMID:31645453|PMID:31910262|PMID:31945316|PMID:32253226|PMID:32503814	MECHANISM_REVIEW: mechanism is absent; 9 source literature lead(s), 0 record evidence item(s), 1 target(s)
review-readiness	CHEBI:79034	monacolin J	CHEBI	PMID:20648024|PMID:21495633|PMID:2276983|PMID:2708134|PMID:3839227	MECHANISM_REVIEW: mechanism is absent; 5 source literature lead(s), 0 record evidence item(s), 0 target(s)
review-readiness	CHEBI:75382	monastrol	CHEBI	PMID:20519355|PMID:23292345|PMID:23727895|PMID:25300040|PMID:26035434	MECHANISM_REVIEW: mechanism is absent; 10 source literature lead(s), 0 record evidence item(s), 0 target(s)
review-readiness	CHEBI:27617	monensin A	ARO+CHEBI	PMID:37219624|PMID:21215424	MECHANISM_REVIEW: mechanism is source-seeded and not curator-checked; 2 source literature lead(s), 0 record evidence item(s), 0 target(s)
review-readiness	CHEBI:66400	monotesone A	CHEBI	PMID:17518107|PMID:18404558	MECHANISM_REVIEW: mechanism is absent; 2 source literature lead(s), 0 record evidence item(s), 0 target(s)
review-readiness	CHEBI:66401	morellic acid	CHEBI	PMID:15997152|PMID:17117343|PMID:20730041|PMID:21067206|PMID:8835458	MECHANISM_REVIEW: mechanism is absent; 5 source literature lead(s), 0 record evidence item(s), 0 target(s)
review-readiness	CHEBI:75092	morin	CHEBI	PMID:15516722|PMID:16806951|PMID:18629640|PMID:19539802|PMID:19774509	MECHANISM_REVIEW: mechanism is absent; 10 source literature lead(s), 0 record evidence item(s), 0 target(s)
review-readiness	CHEBI:66403	moromycin A	CHEBI	PMID:18666798	MECHANISM_REVIEW: mechanism is absent; 1 source literature lead(s), 0 record evidence item(s), 0 target(s)
review-readiness	CHEBI:66404	moromycin B	CHEBI	PMID:18666798	MECHANISM_REVIEW: mechanism is absent; 1 source literature lead(s), 0 record evidence item(s), 0 target(s)
review-readiness	CHEBI:30815	moronic acid	CHEBI	PMID:10086989|PMID:11488459|PMID:11678650	MECHANISM_REVIEW: mechanism is absent; 3 source literature lead(s), 0 record evidence item(s), 0 target(s)
review-readiness	CHEBI:66405	motualevic acid A	CHEBI	PMID:19191563|PMID:20538459	MECHANISM_REVIEW: mechanism is absent; 2 source literature lead(s), 0 record evidence item(s), 0 target(s)
review-readiness	CHEBI:66406	motualevic acid F	CHEBI	PMID:19191563	MECHANISM_REVIEW: mechanism is absent; 1 source literature lead(s), 0 record evidence item(s), 0 target(s)
review-readiness	CHEBI:599928	moxalactam	ARO+CHEBI	PMID:315938|PMID:6218558|PMID:24956910|PMID:29017833|PMID:3296254	MECHANISM_REVIEW: mechanism is absent; 10 source literature lead(s), 0 record evidence item(s), 1 target(s)
review-readiness	CHEBI:63611	moxifloxacin	ARO+CHEBI	PMID:10193688|PMID:11858629	MECHANISM_REVIEW: mechanism is absent; 2 source literature lead(s), 0 record evidence item(s), 1 target(s)
review-readiness	CHEBI:7008	moxifloxacin hydrochloride	CHEBI	PMID:20158483|PMID:21746982|PMID:22015966|PMID:22219661	MECHANISM_REVIEW: mechanism is absent; 4 source literature lead(s), 0 record evidence item(s), 0 target(s)
review-readiness	CHEBI:95003	MST-312	CHEBI	PMID:12479362|PMID:25596016|PMID:26022158|PMID:26022559|PMID:26178994	MECHANISM_REVIEW: mechanism is source-seeded and not curator-checked; 10 source literature lead(s), 0 record evidence item(s), 0 target(s)
review-readiness	CHEBI:78156	mucidin	CHEBI	PMID:10639374|PMID:138589|PMID:14533481|PMID:15666540|PMID:1823647	MECHANISM_REVIEW: mechanism is absent; 10 source literature lead(s), 0 record evidence item(s), 0 target(s)
review-readiness	CHEBI:66407	multicaulin	CHEBI	PMID:9428161	MECHANISM_REVIEW: mechanism is absent; 1 source literature lead(s), 0 record evidence item(s), 0 target(s)
review-readiness	CHEBI:66409	multiorthoquinone	CHEBI	PMID:9428161	MECHANISM_REVIEW: mechanism is absent; 1 source literature lead(s), 0 record evidence item(s), 0 target(s)
review-readiness	CHEBI:66411	multiplolide A	CHEBI	PMID:11473437	MECHANISM_REVIEW: mechanism is absent; 1 source literature lead(s), 0 record evidence item(s), 0 target(s)
review-readiness	CHEBI:66412	multiplolide B	CHEBI	PMID:11473437	MECHANISM_REVIEW: mechanism is absent; 1 source literature lead(s), 0 record evidence item(s), 0 target(s)
review-readiness	CHEBI:7025	mupirocin	ARO+CHEBI	PMID:21336932|PMID:22500807|PMID:23337107|PMID:23535880|PMID:23543635	MECHANISM_REVIEW: mechanism is source-seeded and not curator-checked; 7 source literature lead(s), 0 record evidence item(s), 1 target(s)
review-readiness	CHEBI:145818	mupirocin calcium (anhydrous)	CHEBI		MECHANISM_REVIEW: mechanism is source-seeded and not curator-checked; 0 source literature lead(s), 0 record evidence item(s), 0 target(s)
review-readiness	CHEBI:34858	mupirocin calcium hydrate	CHEBI	PMID:10457937|PMID:11831004|PMID:12410222|PMID:12599924|PMID:12945073	MECHANISM_REVIEW: mechanism is source-seeded and not curator-checked; 10 source literature lead(s), 0 record evidence item(s), 0 target(s)
review-readiness	CHEBI:66415	muqubilone	CHEBI	PMID:11325240	MECHANISM_REVIEW: mechanism is absent; 1 source literature lead(s), 0 record evidence item(s), 0 target(s)
review-readiness	CHEBI:66416	mustakone	CHEBI	PMID:18234452	MECHANISM_REVIEW: mechanism is absent; 1 source literature lead(s), 0 record evidence item(s), 0 target(s)
review-readiness	CHEBI:77918	mutalomycin	CHEBI	PMID:528398|PMID:591458|PMID:7440419	MECHANISM_REVIEW: mechanism is source-seeded and not curator-checked; 3 source literature lead(s), 0 record evidence item(s), 0 target(s)
review-readiness	CHEBI:77912	mutalomycin sodium salt	CHEBI	PMID:591458	MECHANISM_REVIEW: mechanism is source-seeded and not curator-checked; 1 source literature lead(s), 0 record evidence item(s), 0 target(s)
review-readiness	CHEBI:63207	mycinamicin III	CHEBI	PMID:12583909|PMID:19415708|PMID:20158522|PMID:7275809|PMID:7410205	MECHANISM_REVIEW: mechanism is absent; 5 source literature lead(s), 0 record evidence item(s), 0 target(s)
review-readiness	CHEBI:63284	mycinamicin IV	ARO+CHEBI	PMID:7410205|PMID:12583909|PMID:18804032|PMID:19415708|PMID:2737943	MECHANISM_REVIEW: mechanism is absent; 5 source literature lead(s), 0 record evidence item(s), 0 target(s)
review-readiness	CHEBI:63285	mycinamicin VI	CHEBI	PMID:12583909|PMID:19415708|PMID:20158522|PMID:21884704|PMID:6833134	MECHANISM_REVIEW: mechanism is absent; 5 source literature lead(s), 0 record evidence item(s), 0 target(s)
review-readiness	CHEBI:8764	mycophenolate mofetil	CHEBI	PMID:11099793|PMID:11490743|PMID:15572389|PMID:15992049|PMID:16979992	MECHANISM_REVIEW: mechanism is absent; 10 source literature lead(s), 0 record evidence item(s), 0 target(s)
review-readiness	CHEBI:168396	mycophenolic acid	CHEBI	PMID:11272311|PMID:15470161|PMID:16629948|PMID:16640327|PMID:17482154	MECHANISM_REVIEW: mechanism is absent; 10 source literature lead(s), 0 record evidence item(s), 0 target(s)
review-readiness	CHEBI:64901	mygalin	CHEBI	PMID:17157805	MECHANISM_REVIEW: mechanism is absent; 1 source literature lead(s), 0 record evidence item(s), 0 target(s)
review-readiness	CHEBI:582124	myriocin	CHEBI	PMID:15679316|PMID:21456524|PMID:23178537|PMID:23659342|PMID:23802886	MECHANISM_REVIEW: mechanism is absent; 10 source literature lead(s), 0 record evidence item(s), 0 target(s)
review-readiness	CHEBI:51033	myxopyronin A	CHEBI		MECHANISM_REVIEW: mechanism is absent; 0 source literature lead(s), 0 record evidence item(s), 0 target(s)
review-readiness	CHEBI:25461	myxothiazole	ARO	PMID:2547800	MECHANISM_REVIEW: mechanism is source-seeded and not curator-checked; 1 source literature lead(s), 0 record evidence item(s), 0 target(s)
review-readiness	CHEBI:52611	N'-(2-hydroxybenzoyl)-2,6-dimethoxybenzohydrazide	CHEBI		MECHANISM_REVIEW: mechanism is source-seeded and not curator-checked; 0 source literature lead(s), 0 record evidence item(s), 0 target(s)
review-readiness	CHEBI:145998	N-(2-aminoethyl)-1-aziridine-ethanamine	CHEBI	PMID:15492138|PMID:18243695	MECHANISM_REVIEW: mechanism is absent; 2 source literature lead(s), 0 record evidence item(s), 0 target(s)
review-readiness	CHEBI:149680	N-(4-{[(1H-benzotriazol-1-yl)acetyl][(thiophen-3-yl)methyl]amino}phenyl)propanamide	CHEBI	PMID:24080461|PMID:26055715|PMID:26190463	MECHANISM_REVIEW: mechanism is source-seeded and not curator-checked; 3 source literature lead(s), 0 record evidence item(s), 2 target(s)
review-readiness	CHEBI:149679	N-(tert-butoxycarbonyl)-L-seryl-L-valyl-N-{(2S,3E)-5-ethoxy-5-oxo-1-[(3S)-2-oxopyrrolidin-3-yl]pent-3-en-2-yl}-L-leucinamide	CHEBI	PMID:17855091|PMID:26055715	MECHANISM_REVIEW: mechanism is source-seeded and not curator-checked; 2 source literature lead(s), 0 record evidence item(s), 0 target(s)
review-readiness	CHEBI:152560	N-[(2S)-3-cyclohexyl-1-oxo-1-({(2S)-1-oxo-3-[(3S)-2-oxopyrrolidin-3-yl]propan-2-yl}amino)propan-2-yl]-1H-indole-2-carboxamide	CHEBI	PMID:32321856	MECHANISM_REVIEW: mechanism is source-seeded and not curator-checked; 1 source literature lead(s), 0 record evidence item(s), 0 target(s)
review-readiness	CHEBI:39900	N-[(5-methyl-1,2-oxazol-3-yl)carbonyl]-L-alanyl-L-valyl-N-{(2S,3E)-5-(benzyloxy)-5-oxo-1-[(3S)-2-oxopyrrolidin-3-yl]pent-3-en-2-yl}-L-leucinamide	CHEBI	PMID:16128623|PMID:18094151	MECHANISM_REVIEW: mechanism is source-seeded and not curator-checked; 2 source literature lead(s), 0 record evidence item(s), 0 target(s)
review-readiness	CHEBI:76002	N-[5-(1-naphthylmethyl)-1,3-thiazol-2-yl]cyclohexanecarboxamide	CHEBI	PMID:23817367	MECHANISM_REVIEW: mechanism is absent; 1 source literature lead(s), 0 record evidence item(s), 0 target(s)
review-readiness	CHEBI:78236	N-acetyl-L-cysteinate	CHEBI	PMID:19268377	MECHANISM_REVIEW: mechanism is absent; 1 source literature lead(s), 0 record evidence item(s), 0 target(s)
review-readiness	CHEBI:28939	N-acetyl-L-cysteine	CHEBI	PMID:10651166|PMID:11544433|PMID:12057717|PMID:15025780|PMID:15647642	MECHANISM_REVIEW: mechanism is absent; 10 source literature lead(s), 0 record evidence item(s), 0 target(s)
review-readiness	CHEBI:49026	N-acetyl-α-neuraminic acid	CHEBI	PMID:19443021|PMID:25568069|PMID:31537530	MECHANISM_REVIEW: mechanism is source-seeded and not curator-checked; 3 source literature lead(s), 0 record evidence item(s), 0 target(s)
review-readiness	CHEBI:45744	N-acetyl-β-neuraminic acid	CHEBI	PMID:10768179|PMID:19443021|PMID:25568069|PMID:27373998|PMID:31537530	MECHANISM_REVIEW: mechanism is source-seeded and not curator-checked; 7 source literature lead(s), 0 record evidence item(s), 0 target(s)
review-readiness	CHEBI:17012	N-acetylneuraminic acid	CHEBI	PMID:14960498|PMID:16209099|PMID:16624269|PMID:18487279|PMID:19329108	MECHANISM_REVIEW: mechanism is source-seeded and not curator-checked; 7 source literature lead(s), 0 record evidence item(s), 0 target(s)
review-readiness	CHEBI:63221	N-benzoylampicillin	CHEBI	PMID:11397088|PMID:8714593	MECHANISM_REVIEW: mechanism is absent; 2 source literature lead(s), 0 record evidence item(s), 0 target(s)
review-readiness	CHEBI:82658	N-benzyl-N-methyl-2-(3-oxo-1,2-benzothiazol-2-yl)acetamide	CHEBI	PMID:22687516	MECHANISM_REVIEW: mechanism is absent; 1 source literature lead(s), 0 record evidence item(s), 0 target(s)
review-readiness	CHEBI:167182	N-butyl-5-(4-hydroxyphenyl)-6-oxo-1,6-dihydropyrazine-2-carboxamide	CHEBI	PMID:33292516	MECHANISM_REVIEW: mechanism is absent; 1 source literature lead(s), 0 record evidence item(s), 0 target(s)
review-readiness	CHEBI:66002	N-butylharmine	CHEBI	PMID:11473435	MECHANISM_REVIEW: mechanism is absent; 1 source literature lead(s), 0 record evidence item(s), 0 target(s)
review-readiness	CHEBI:64855	N-carbamoyl-L-cysteine	CHEBI	PMID:22350333	MECHANISM_REVIEW: mechanism is absent; 1 source literature lead(s), 0 record evidence item(s), 0 target(s)
review-readiness	CHEBI:167666	N-ethyl-1-deoxynojirimycin	CHEBI	PMID:17110502|PMID:3169233|PMID:3264071	MECHANISM_REVIEW: mechanism is absent; 3 source literature lead(s), 0 record evidence item(s), 0 target(s)
review-readiness	CHEBI:66003	N-ethylharmine	CHEBI	PMID:11473435	MECHANISM_REVIEW: mechanism is absent; 1 source literature lead(s), 0 record evidence item(s), 0 target(s)
review-readiness	CHEBI:44485	N-ethylmaleimide	CHEBI	PMID:12232209|PMID:18499511|PMID:24211707|PMID:6501266	MECHANISM_REVIEW: mechanism is absent; 4 source literature lead(s), 0 record evidence item(s), 1 target(s)
review-readiness	CHEBI:43089	N-hydroxyguanidine	CHEBI	PMID:10722697|PMID:20346907|PMID:21625725|PMID:22295904|PMID:27135258	MECHANISM_REVIEW: mechanism is absent; 9 source literature lead(s), 0 record evidence item(s), 0 target(s)
review-readiness	CHEBI:229635	N-lauryldiethanolamine	CHEBI	PMID:23410|PMID:29909458|PMID:30861230|PMID:37846851|PMID:796627	MECHANISM_REVIEW: mechanism is absent; 6 source literature lead(s), 0 record evidence item(s), 0 target(s)
review-readiness	CHEBI:166564	N-methyl-1-deoxynojirimycin	CHEBI	PMID:11429386|PMID:11446504|PMID:11766064|PMID:1373610|PMID:1475231	MECHANISM_REVIEW: mechanism is absent; 10 source literature lead(s), 0 record evidence item(s), 0 target(s)
review-readiness	CHEBI:76399	N-nonyldeoxynojirimycin	CHEBI	PMID:14757169|PMID:17666401	MECHANISM_REVIEW: mechanism is absent; 2 source literature lead(s), 0 record evidence item(s), 0 target(s)
review-readiness	CHEBI:134411	N-palmitoyl-S-[2,3-bis(palmitoyloxy)propyl]-Cys-Ser-Lys-Lys-Lys-Lys	CHEBI	PMID:17578764|PMID:18644025|PMID:19617307|PMID:20081527|PMID:20808895	MECHANISM_REVIEW: mechanism is absent; 10 source literature lead(s), 0 record evidence item(s), 0 target(s)
review-readiness	CHEBI:46414	N-s-butyl-N-[(2R,3S)-3-({[(3aS,5R,6aR)-hexahydro-2H-cyclopenta[b]furan-5-yloxy]carbonyl}amino)-2-hydroxy-4-phenylbutyl]-4-(hydroxymethyl)benzenesulfonamide	CHEBI		MECHANISM_REVIEW: mechanism is source-seeded and not curator-checked; 0 source literature lead(s), 0 record evidence item(s), 0 target(s)
review-readiness	CHEBI:177872	N-trans-cinnamoyltyramine	CHEBI	PMID:12579800|PMID:14643446|PMID:17319684|PMID:21128731|PMID:25212867	MECHANISM_REVIEW: mechanism is absent; 9 source literature lead(s), 0 record evidence item(s), 0 target(s)
review-readiness	CHEBI:149693	N-{4-[(1H-benzotriazol-1-ylacetyl)(thiophen-3-ylmethyl)amino]phenyl}-2-methylpropanamide	CHEBI	PMID:24080461|PMID:26055715|PMID:26190463	MECHANISM_REVIEW: mechanism is source-seeded and not curator-checked; 3 source literature lead(s), 0 record evidence item(s), 1 target(s)
review-readiness	CHEBI:28147	N2'-acetylgentamycin C1a	CHEBI		MECHANISM_REVIEW: mechanism is absent; 0 source literature lead(s), 0 record evidence item(s), 0 target(s)
review-readiness	CHEBI:66005	N2-methylharmine	CHEBI	PMID:11473435	MECHANISM_REVIEW: mechanism is absent; 1 source literature lead(s), 0 record evidence item(s), 0 target(s)
review-readiness	CHEBI:21826	N3'-acetylgentamycin	CHEBI		MECHANISM_REVIEW: mechanism is absent; 0 source literature lead(s), 0 record evidence item(s), 0 target(s)
review-readiness	CHEBI:180654	N4-hydroxycytidine	CHEBI	PMID:31494195|PMID:31578288|PMID:31645453|PMID:32253226|PMID:33290476	MECHANISM_REVIEW: mechanism is absent; 10 source literature lead(s), 0 record evidence item(s), 0 target(s)
review-readiness	CHEBI:18142	N6'-acetylkanamycin B	CHEBI		MECHANISM_REVIEW: mechanism is absent; 0 source literature lead(s), 0 record evidence item(s), 0 target(s)
review-readiness	CHEBI:81934	nabam	CHEBI	PMID:1161698|PMID:17797593|PMID:18966479|PMID:1904852|PMID:1929852	MECHANISM_REVIEW: mechanism is absent; 6 source literature lead(s), 0 record evidence item(s), 0 target(s)
review-readiness	CHEBI:31889	nadifloxacin	CHEBI		MECHANISM_REVIEW: mechanism is absent; 0 source literature lead(s), 0 record evidence item(s), 0 target(s)
review-readiness	CHEBI:7447	nafcillin	ARO+CHEBI	PMID:14274914|PMID:14274910|PMID:29017833	MECHANISM_REVIEW: mechanism is absent; 3 source literature lead(s), 0 record evidence item(s), 0 target(s)
review-readiness	CHEBI:7451	naftifine	ARO+CHEBI	PMID:1723367|PMID:18346400|PMID:18212112|PMID:24196340|PMID:25294700	MECHANISM_REVIEW: mechanism is source-seeded and not curator-checked; 6 source literature lead(s), 0 record evidence item(s), 0 target(s)
review-readiness	CHEBI:38729	naled	CHEBI		MECHANISM_REVIEW: mechanism is absent; 0 source literature lead(s), 0 record evidence item(s), 0 target(s)
review-readiness	CHEBI:100147	nalidixic acid	ARO+CHEBI	PMID:18159374|PMID:11321869|PMID:12002106|PMID:12399485|PMID:12702698	MECHANISM_REVIEW: mechanism is source-seeded and not curator-checked; 11 source literature lead(s), 0 record evidence item(s), 2 target(s)
review-readiness	CHEBI:48202	nanaomycin A	CHEBI		MECHANISM_REVIEW: mechanism is absent; 0 source literature lead(s), 0 record evidence item(s), 0 target(s)
review-readiness	CHEBI:28849	naphthazarin	CHEBI	PMID:11667447|PMID:15644912|PMID:16019186|PMID:17432383|PMID:18309277	MECHANISM_REVIEW: mechanism is absent; 10 source literature lead(s), 0 record evidence item(s), 0 target(s)
review-readiness	CHEBI:29649	narbomycin	ARO+CHEBI	PMID:1133401|PMID:5439233|PMID:12089557|PMID:20695498|PMID:21959378	MECHANISM_REVIEW: mechanism is absent; 8 source literature lead(s), 0 record evidence item(s), 0 target(s)
review-readiness	CHEBI:66611	nardoperoxide	CHEBI		MECHANISM_REVIEW: mechanism is absent; 0 source literature lead(s), 0 record evidence item(s), 0 target(s)
review-readiness	CHEBI:28327	naringenin 7-O-β-D-glucoside	CHEBI	PMID:1896517|PMID:20553344|PMID:21941631|PMID:23202537|PMID:23354392	MECHANISM_REVIEW: mechanism is absent; 5 source literature lead(s), 0 record evidence item(s), 0 target(s)
review-readiness	CHEBI:152054	nataloe-emodin	CHEBI	PMID:15043409|PMID:18163590|PMID:27274078|PMID:28616631	MECHANISM_REVIEW: mechanism is absent; 4 source literature lead(s), 0 record evidence item(s), 0 target(s)
review-readiness	CHEBI:233566	NCX-4040	CHEBI	PMID:15326075|PMID:18302761|PMID:26511379|PMID:28493889|PMID:32744307	MECHANISM_REVIEW: mechanism is absent; 9 source literature lead(s), 0 record evidence item(s), 0 target(s)
review-readiness	CHEBI:7489	neamine	CHEBI	PMID:1008820|PMID:16361562|PMID:16870442|PMID:16942021|PMID:17317190	MECHANISM_REVIEW: mechanism is absent; 9 source literature lead(s), 0 record evidence item(s), 0 target(s)
review-readiness	CHEBI:73686	nebramycin 5'	CHEBI	PMID:20113718	MECHANISM_REVIEW: mechanism is absent; 1 source literature lead(s), 0 record evidence item(s), 0 target(s)
review-readiness	CHEBI:7496	nelfinavir	CHEBI	PMID:23109184|PMID:23386514|PMID:23454896|PMID:23647753|PMID:23872785	MECHANISM_REVIEW: mechanism is source-seeded and not curator-checked; 10 source literature lead(s), 0 record evidence item(s), 0 target(s)
review-readiness	CHEBI:7497	nelfinavir mesylate	CHEBI	PMID:10452644|PMID:10698844|PMID:11106345|PMID:16189129|PMID:16545536	MECHANISM_REVIEW: mechanism is source-seeded and not curator-checked; 10 source literature lead(s), 0 record evidence item(s), 0 target(s)
review-readiness	CHEBI:136053	nemonoxacin	ARO	PMID:22650326|PMID:25529577	MECHANISM_REVIEW: mechanism is absent; 2 source literature lead(s), 0 record evidence item(s), 0 target(s)
review-readiness	CHEBI:42053	nemorubicin	CHEBI		MECHANISM_REVIEW: mechanism is absent; 0 source literature lead(s), 0 record evidence item(s), 0 target(s)
review-readiness	CHEBI:29656	neomethymycin	CHEBI	PMID:11720530|PMID:20695498|PMID:23866020|PMID:5439233|PMID:9831532	MECHANISM_REVIEW: mechanism is absent; 6 source literature lead(s), 0 record evidence item(s), 0 target(s)
review-readiness	CHEBI:145817	neophytadiene	CHEBI	PMID:22349896|PMID:29261270|PMID:29770713|PMID:29997607|PMID:30549905	MECHANISM_REVIEW: mechanism is absent; 9 source literature lead(s), 0 record evidence item(s), 0 target(s)
review-readiness	CHEBI:85614	neopikromycin	CHEBI	PMID:16724858|PMID:18245260	MECHANISM_REVIEW: mechanism is absent; 2 source literature lead(s), 0 record evidence item(s), 0 target(s)
review-readiness	CHEBI:66615	neopyrrolomycin B	CHEBI	PMID:19191549	MECHANISM_REVIEW: mechanism is absent; 1 source literature lead(s), 0 record evidence item(s), 0 target(s)
review-readiness	CHEBI:82825	neothyonidioside	CHEBI	PMID:22271309	MECHANISM_REVIEW: mechanism is absent; 1 source literature lead(s), 0 record evidence item(s), 0 target(s)
review-readiness	CHEBI:7524	nerolidol	CHEBI	PMID:25880240|PMID:27136520|PMID:31715307|PMID:31827712|PMID:32048763	MECHANISM_REVIEW: mechanism is absent; 10 source literature lead(s), 0 record evidence item(s), 0 target(s)
review-readiness	CHEBI:135281	neticonazole	CHEBI	PMID:11156023|PMID:16651719|PMID:8254891|PMID:8734665|PMID:9062749	MECHANISM_REVIEW: mechanism is source-seeded and not curator-checked; 5 source literature lead(s), 0 record evidence item(s), 0 target(s)
review-readiness	CHEBI:31900	neticonazole hydrochloride	CHEBI	PMID:11516941|PMID:19942790|PMID:8734665|PMID:9330830	MECHANISM_REVIEW: mechanism is source-seeded and not curator-checked; 4 source literature lead(s), 0 record evidence item(s), 0 target(s)
review-readiness	CHEBI:7528	netilmycin	ARO+CHEBI	PMID:10103173|PMID:8385262|PMID:11083623	MECHANISM_REVIEW: mechanism is absent; 3 source literature lead(s), 0 record evidence item(s), 1 target(s)
review-readiness	CHEBI:66620	neurolenin A	CHEBI	PMID:10479310|PMID:12116880	MECHANISM_REVIEW: mechanism is absent; 2 source literature lead(s), 0 record evidence item(s), 0 target(s)
review-readiness	CHEBI:66621	neurolenin B	CHEBI	PMID:10479310|PMID:12116880	MECHANISM_REVIEW: mechanism is absent; 2 source literature lead(s), 0 record evidence item(s), 0 target(s)
review-readiness	CHEBI:66622	neurolenin C	CHEBI	PMID:10479310|PMID:12116880	MECHANISM_REVIEW: mechanism is absent; 2 source literature lead(s), 0 record evidence item(s), 0 target(s)
review-readiness	CHEBI:66623	neurolenin D	CHEBI	PMID:10479310|PMID:12116880	MECHANISM_REVIEW: mechanism is absent; 2 source literature lead(s), 0 record evidence item(s), 0 target(s)
review-readiness	CHEBI:63613	nevirapine	CHEBI	PMID:1712395|PMID:25017682|PMID:28782122|PMID:28786740|PMID:28819312	MECHANISM_REVIEW: mechanism is source-seeded and not curator-checked; 7 source literature lead(s), 0 record evidence item(s), 20 target(s)
review-readiness	CHEBI:31908	niddamycin	ARO	PMID:13955393	MECHANISM_REVIEW: mechanism is absent; 1 source literature lead(s), 0 record evidence item(s), 0 target(s)
review-readiness	CHEBI:66625	nidulalin A	CHEBI	PMID:10509910|PMID:10784438|PMID:16595963|PMID:19575043|PMID:9711252	MECHANISM_REVIEW: mechanism is absent; 5 source literature lead(s), 0 record evidence item(s), 0 target(s)
review-readiness	CHEBI:135180	nifuratel	ARO	PMID:37732770	MECHANISM_REVIEW: mechanism is absent; 1 source literature lead(s), 0 record evidence item(s), 0 target(s)
review-readiness	CHEBI:135136	nifuroxazide	ARO	PMID:37409934	MECHANISM_REVIEW: mechanism is absent; 1 source literature lead(s), 0 record evidence item(s), 0 target(s)
review-readiness	CHEBI:172596	nifursol	CHEBI	PMID:1150608|PMID:130714|PMID:15824001|PMID:15852149|PMID:17386733	MECHANISM_REVIEW: mechanism is absent; 10 source literature lead(s), 0 record evidence item(s), 0 target(s)
review-readiness	CHEBI:88255	nifurtoinol	CHEBI	PMID:1272430|PMID:3243175|PMID:3371877|PMID:6624626|PMID:6741394	MECHANISM_REVIEW: mechanism is absent; 6 source literature lead(s), 0 record evidence item(s), 0 target(s)
review-readiness	CHEBI:7569	nigericin	ARO+CHEBI	PMID:37247906|PMID:10341035|PMID:10516103|PMID:10996433|PMID:15595852	MECHANISM_REVIEW: mechanism is absent; 11 source literature lead(s), 0 record evidence item(s), 0 target(s)
review-readiness	CHEBI:145950	nigerone	CHEBI	PMID:17249768|PMID:18205129|PMID:19847351|PMID:30582365|PMID:31067027	MECHANISM_REVIEW: mechanism is absent; 5 source literature lead(s), 0 record evidence item(s), 0 target(s)
review-readiness	CHEBI:66626	nigranoic acid	CHEBI	PMID:11395273|PMID:14661856|PMID:16499331|PMID:16557460|PMID:20860030	MECHANISM_REVIEW: mechanism is source-seeded and not curator-checked; 7 source literature lead(s), 0 record evidence item(s), 0 target(s)
review-readiness	CHEBI:623918	nikkomycin Z	CHEBI	PMID:10888330|PMID:12205060|PMID:12729648|PMID:1992114|PMID:19930628	MECHANISM_REVIEW: mechanism is source-seeded and not curator-checked; 7 source literature lead(s), 0 record evidence item(s), 0 target(s)
review-readiness	CHEBI:52172	nilotinib	CHEBI	PMID:16775235|PMID:17068153|PMID:17090651|PMID:17611564|PMID:17720881	MECHANISM_REVIEW: mechanism is absent; 10 source literature lead(s), 0 record evidence item(s), 0 target(s)
review-readiness	CHEBI:66627	niruriside	CHEBI	PMID:8991954	MECHANISM_REVIEW: mechanism is absent; 1 source literature lead(s), 0 record evidence item(s), 0 target(s)
review-readiness	CHEBI:71629	nisin	CHEBI	PMID:16247668|PMID:21294231|PMID:22265294|PMID:22691226|PMID:22850391	MECHANISM_REVIEW: mechanism is absent; 5 source literature lead(s), 0 record evidence item(s), 0 target(s)
review-readiness	CHEBI:62629	nitarsone	CHEBI	PMID:16550417|PMID:21388897|PMID:4674928	MECHANISM_REVIEW: mechanism is absent; 3 source literature lead(s), 0 record evidence item(s), 0 target(s)
review-readiness	CHEBI:81935	nitrapyrin	CHEBI	PMID:14535319|PMID:16346465|PMID:16346799|PMID:18367300|PMID:28481923	MECHANISM_REVIEW: mechanism is absent; 10 source literature lead(s), 0 record evidence item(s), 0 target(s)
review-readiness	CHEBI:71415	nitrofurantoin	ARO+CHEBI	PMID:7928834|PMID:1100114|PMID:21567157|PMID:22240115|PMID:22252772	MECHANISM_REVIEW: mechanism is absent; 12 source literature lead(s), 0 record evidence item(s), 1 target(s)
review-readiness	CHEBI:44368	nitrofurazone	CHEBI	PMID:14703769|PMID:2137394|PMID:22355582|PMID:2292799|PMID:23957951	MECHANISM_REVIEW: mechanism is absent; 5 source literature lead(s), 0 record evidence item(s), 0 target(s)
review-readiness	CHEBI:67121	nitroxoline	CHEBI	PMID:1650428|PMID:19530075|PMID:20833114|PMID:21088277|PMID:21598397	MECHANISM_REVIEW: mechanism is absent; 10 source literature lead(s), 0 record evidence item(s), 0 target(s)
review-readiness	CHEBI:66629	NK154183A	CHEBI	PMID:9031676	MECHANISM_REVIEW: mechanism is absent; 1 source literature lead(s), 0 record evidence item(s), 0 target(s)
review-readiness	CHEBI:66630	NK154183B	CHEBI	PMID:9031676	MECHANISM_REVIEW: mechanism is absent; 1 source literature lead(s), 0 record evidence item(s), 0 target(s)
review-readiness	CHEBI:66631	NK372135A	CHEBI	PMID:7844048	MECHANISM_REVIEW: mechanism is absent; 1 source literature lead(s), 0 record evidence item(s), 0 target(s)
review-readiness	CHEBI:66632	NK372135B	CHEBI	PMID:7844048	MECHANISM_REVIEW: mechanism is absent; 1 source literature lead(s), 0 record evidence item(s), 0 target(s)
review-readiness	CHEBI:66633	NK372135C	CHEBI	PMID:7844048	MECHANISM_REVIEW: mechanism is absent; 1 source literature lead(s), 0 record evidence item(s), 0 target(s)
review-readiness	CHEBI:138066	nocamycin I	CHEBI	PMID:28818448|PMID:6920296	MECHANISM_REVIEW: mechanism is absent; 2 source literature lead(s), 0 record evidence item(s), 0 target(s)
review-readiness	CHEBI:50437	nocardamine	ARO	PMID:31395970|PMID:38338462	MECHANISM_REVIEW: mechanism is absent; 2 source literature lead(s), 0 record evidence item(s), 0 target(s)
review-readiness	CHEBI:17711	nocardicin A	CHEBI		MECHANISM_REVIEW: mechanism is absent; 0 source literature lead(s), 0 record evidence item(s), 0 target(s)
review-readiness	CHEBI:81021	nocardicin C	CHEBI	PMID:15252031|PMID:15629944	MECHANISM_REVIEW: mechanism is absent; 2 source literature lead(s), 0 record evidence item(s), 0 target(s)
review-readiness	CHEBI:29091	nocardicin E	CHEBI		MECHANISM_REVIEW: mechanism is absent; 0 source literature lead(s), 0 record evidence item(s), 0 target(s)
review-readiness	CHEBI:77885	nocardicin E(2−)	CHEBI		MECHANISM_REVIEW: mechanism is absent; 0 source literature lead(s), 0 record evidence item(s), 0 target(s)
review-readiness	CHEBI:33012	nocardicin F	CHEBI		MECHANISM_REVIEW: mechanism is absent; 0 source literature lead(s), 0 record evidence item(s), 0 target(s)
review-readiness	CHEBI:81024	nocardicin G	CHEBI	PMID:15629944	MECHANISM_REVIEW: mechanism is absent; 1 source literature lead(s), 0 record evidence item(s), 0 target(s)
review-readiness	CHEBI:66634	nocardione A	CHEBI	PMID:10866214|PMID:14587733|PMID:15132533	MECHANISM_REVIEW: mechanism is absent; 3 source literature lead(s), 0 record evidence item(s), 0 target(s)
review-readiness	CHEBI:44504	nogalamycin	CHEBI	PMID:10395824|PMID:15159574|PMID:15299703|PMID:17046298|PMID:18640097	MECHANISM_REVIEW: mechanism is absent; 10 source literature lead(s), 0 record evidence item(s), 0 target(s)
review-readiness	CHEBI:7609	nomilin	CHEBI	PMID:10995325|PMID:14648393|PMID:16719503|PMID:21665879|PMID:21693102	MECHANISM_REVIEW: mechanism is absent; 10 source literature lead(s), 0 record evidence item(s), 0 target(s)
review-readiness	CHEBI:35986	nonan-1-ol	CHEBI	PMID:15612735|PMID:19926216|PMID:23793896|PMID:32750448|PMID:34550439	MECHANISM_REVIEW: mechanism is absent; 7 source literature lead(s), 0 record evidence item(s), 0 target(s)
review-readiness	CHEBI:48131	nonanedioic acid	CHEBI	PMID:22770225|PMID:24280644|PMID:28600633	MECHANISM_REVIEW: mechanism is absent; 3 source literature lead(s), 0 record evidence item(s), 0 target(s)
review-readiness	CHEBI:65544	norcaesalpinin D	CHEBI	PMID:15921414	MECHANISM_REVIEW: mechanism is absent; 1 source literature lead(s), 0 record evidence item(s), 0 target(s)
review-readiness	CHEBI:65545	norcaesalpinin E	CHEBI	PMID:15921414	MECHANISM_REVIEW: mechanism is absent; 1 source literature lead(s), 0 record evidence item(s), 0 target(s)
review-readiness	CHEBI:100246	norfloxacin	ARO+CHEBI	PMID:3908074|PMID:3317294|PMID:6211142|PMID:6224685|PMID:6234465	MECHANISM_REVIEW: mechanism is source-seeded and not curator-checked; 7 source literature lead(s), 0 record evidence item(s), 2 target(s)
review-readiness	CHEBI:7632	norlichexanthone	CHEBI	PMID:14613627|PMID:21568875|PMID:22061662	MECHANISM_REVIEW: mechanism is absent; 3 source literature lead(s), 0 record evidence item(s), 0 target(s)
review-readiness	CHEBI:66637	nostocarboline	CHEBI	PMID:16378379|PMID:16468755|PMID:20714150|PMID:21797171|PMID:22289366	MECHANISM_REVIEW: mechanism is absent; 5 source literature lead(s), 0 record evidence item(s), 0 target(s)
review-readiness	CHEBI:66638	nothramicin	CHEBI	PMID:9544933	MECHANISM_REVIEW: mechanism is absent; 1 source literature lead(s), 0 record evidence item(s), 0 target(s)
review-readiness	CHEBI:77652	novamethymycin	CHEBI	PMID:11720530|PMID:18239422|PMID:23866020	MECHANISM_REVIEW: mechanism is absent; 3 source literature lead(s), 0 record evidence item(s), 0 target(s)
review-readiness	CHEBI:77648	novapikromycin	CHEBI	PMID:16724858	MECHANISM_REVIEW: mechanism is absent; 1 source literature lead(s), 0 record evidence item(s), 0 target(s)
review-readiness	CHEBI:132424	novclobiocin 109	CHEBI	PMID:17308937	MECHANISM_REVIEW: mechanism is absent; 1 source literature lead(s), 0 record evidence item(s), 0 target(s)
review-readiness	CHEBI:28368	novobiocin	ARO+CHEBI	PMID:10770754|PMID:4680802|PMID:8231802|PMID:17132020|PMID:18418407	MECHANISM_REVIEW: mechanism is source-seeded and not curator-checked; 13 source literature lead(s), 0 record evidence item(s), 4 target(s)
review-readiness	CHEBI:66639	NP-101A	CHEBI	PMID:8784436	MECHANISM_REVIEW: mechanism is absent; 1 source literature lead(s), 0 record evidence item(s), 0 target(s)
review-readiness	CHEBI:195528	NPD6433	CHEBI	PMID:37369212	MECHANISM_REVIEW: mechanism is absent; 1 source literature lead(s), 0 record evidence item(s), 0 target(s)
review-readiness	CHEBI:144984	NSC 23766	CHEBI	PMID:15128949|PMID:18183417|PMID:19052208|PMID:19491337|PMID:20515940	MECHANISM_REVIEW: mechanism is absent; 10 source literature lead(s), 0 record evidence item(s), 0 target(s)
review-readiness	CHEBI:144949	NSC 23766 trihydrochloride	CHEBI		MECHANISM_REVIEW: mechanism is absent; 0 source literature lead(s), 0 record evidence item(s), 0 target(s)
review-readiness	CHEBI:166872	nucleocidin	CHEBI	PMID:1085509|PMID:1262649|PMID:13425454|PMID:13425455|PMID:13439466	MECHANISM_REVIEW: mechanism is source-seeded and not curator-checked; 10 source literature lead(s), 0 record evidence item(s), 0 target(s)
review-readiness	CHEBI:46742	Nutlin-3	CHEBI		MECHANISM_REVIEW: mechanism is absent; 0 source literature lead(s), 0 record evidence item(s), 0 target(s)
review-readiness	CHEBI:473992	nystatin A1	CHEBI	PMID:1086913|PMID:12230565|PMID:15034898|PMID:19362643|PMID:2010357	MECHANISM_REVIEW: mechanism is absent; 10 source literature lead(s), 0 record evidence item(s), 0 target(s)
review-readiness	CHEBI:192979	nystatin A2	CHEBI	PMID:15504830	MECHANISM_REVIEW: mechanism is absent; 1 source literature lead(s), 0 record evidence item(s), 0 target(s)
review-readiness	CHEBI:31927	nystatin A3	CHEBI	PMID:15504830|PMID:27803316|PMID:3182406|PMID:468732	MECHANISM_REVIEW: mechanism is absent; 4 source literature lead(s), 0 record evidence item(s), 0 target(s)
review-readiness	CHEBI:72341	O-(2-aminoethyl)-L-serine	CHEBI	PMID:1479355|PMID:1807083|PMID:4876092|PMID:6815904|PMID:9698211	MECHANISM_REVIEW: mechanism is absent; 5 source literature lead(s), 0 record evidence item(s), 0 target(s)
review-readiness	CHEBI:28054	o-cresol	CHEBI	PMID:15687000	MECHANISM_REVIEW: mechanism is absent; 1 source literature lead(s), 0 record evidence item(s), 0 target(s)
review-readiness	CHEBI:65739	O-demethylbuchenavianine	CHEBI	PMID:1624941	MECHANISM_REVIEW: mechanism is absent; 1 source literature lead(s), 0 record evidence item(s), 0 target(s)
review-readiness	CHEBI:17161	O-demethylpuromycin	CHEBI		MECHANISM_REVIEW: mechanism is absent; 0 source literature lead(s), 0 record evidence item(s), 0 target(s)
review-readiness	CHEBI:53654	O-formylcefamandole	CHEBI		MECHANISM_REVIEW: mechanism is absent; 0 source literature lead(s), 0 record evidence item(s), 0 target(s)
review-readiness	CHEBI:44514	O-methyl-L-threonine	CHEBI	PMID:1123337|PMID:1183442|PMID:12228340|PMID:12722656|PMID:13858772	MECHANISM_REVIEW: mechanism is absent; 10 source literature lead(s), 0 record evidence item(s), 0 target(s)
review-readiness	CHEBI:66801	oblonganoside A	CHEBI	PMID:17329884	MECHANISM_REVIEW: mechanism is absent; 1 source literature lead(s), 0 record evidence item(s), 0 target(s)
review-readiness	CHEBI:66804	obtusafuran	CHEBI	PMID:14640516|PMID:15473661	MECHANISM_REVIEW: mechanism is absent; 2 source literature lead(s), 0 record evidence item(s), 0 target(s)
review-readiness	CHEBI:66806	oceanalin A	CHEBI	PMID:15987164	MECHANISM_REVIEW: mechanism is absent; 1 source literature lead(s), 0 record evidence item(s), 0 target(s)
review-readiness	CHEBI:194126	ochnaflavone	CHEBI	PMID:16527246|PMID:16681032|PMID:16795041|PMID:17142963|PMID:21811929	MECHANISM_REVIEW: mechanism is absent; 10 source literature lead(s), 0 record evidence item(s), 0 target(s)
review-readiness	CHEBI:66807	ochracenomicin A	CHEBI	PMID:7775274	MECHANISM_REVIEW: mechanism is absent; 1 source literature lead(s), 0 record evidence item(s), 0 target(s)
review-readiness	CHEBI:167043	ochrindole A	CHEBI	PMID:8064296	MECHANISM_REVIEW: mechanism is absent; 1 source literature lead(s), 0 record evidence item(s), 0 target(s)
review-readiness	CHEBI:34118	oct-1-en-3-ol	CHEBI	PMID:17314143|PMID:18387089|PMID:24392920|PMID:24418774|PMID:24502386	MECHANISM_REVIEW: mechanism is absent; 9 source literature lead(s), 0 record evidence item(s), 0 target(s)
review-readiness	CHEBI:16188	octan-1-ol	CHEBI	PMID:19846748|PMID:20954704|PMID:21485271|PMID:24290301|PMID:29881455	MECHANISM_REVIEW: mechanism is absent; 10 source literature lead(s), 0 record evidence item(s), 0 target(s)
review-readiness	CHEBI:28837	octanoic acid	CHEBI	PMID:16162522|PMID:16872526|PMID:19096058	MECHANISM_REVIEW: mechanism is absent; 3 source literature lead(s), 0 record evidence item(s), 0 target(s)
review-readiness	CHEBI:81936	octhilinone	CHEBI	PMID:20960358|PMID:23182288	MECHANISM_REVIEW: mechanism is absent; 2 source literature lead(s), 0 record evidence item(s), 0 target(s)
review-readiness	CHEBI:16869	oleandomycin	ARO	PMID:13425352	MECHANISM_REVIEW: mechanism is absent; 1 source literature lead(s), 0 record evidence item(s), 0 target(s)
review-readiness	CHEBI:28285	oligomycin A	CHEBI	PMID:22869738|PMID:233519|PMID:24084683|PMID:25849761|PMID:28420869	MECHANISM_REVIEW: mechanism is source-seeded and not curator-checked; 6 source literature lead(s), 0 record evidence item(s), 0 target(s)
review-readiness	CHEBI:7751	oligomycin B	CHEBI	PMID:11946434|PMID:12902194|PMID:21784985|PMID:25300113|PMID:26672111	MECHANISM_REVIEW: mechanism is source-seeded and not curator-checked; 8 source literature lead(s), 0 record evidence item(s), 0 target(s)
review-readiness	CHEBI:7752	oligomycin C	CHEBI	PMID:11304197|PMID:25300113|PMID:25849761|PMID:26883908|PMID:34119221	MECHANISM_REVIEW: mechanism is source-seeded and not curator-checked; 5 source literature lead(s), 0 record evidence item(s), 0 target(s)
review-readiness	CHEBI:7753	oligomycin D	CHEBI	PMID:29741854	MECHANISM_REVIEW: mechanism is source-seeded and not curator-checked; 1 source literature lead(s), 0 record evidence item(s), 0 target(s)
review-readiness	CHEBI:52511	olivomycin A	CHEBI		MECHANISM_REVIEW: mechanism is absent; 0 source literature lead(s), 0 record evidence item(s), 0 target(s)
review-readiness	CHEBI:71019	omacetaxine mepesuccinate	CHEBI	PMID:20971952|PMID:21152934|PMID:21258877|PMID:21294709|PMID:21415308	MECHANISM_REVIEW: mechanism is source-seeded and not curator-checked; 10 source literature lead(s), 0 record evidence item(s), 0 target(s)
review-readiness	CHEBI:85183	ombitasvir	CHEBI	PMID:25246359|PMID:25365973|PMID:25451055|PMID:25644279|PMID:25646891	MECHANISM_REVIEW: mechanism is absent; 7 source literature lead(s), 0 record evidence item(s), 0 target(s)
review-readiness	CHEBI:234346	ombuoside	CHEBI	PMID:13132915|PMID:17067757|PMID:2619894|PMID:27993866|PMID:29734446	MECHANISM_REVIEW: mechanism is absent; 10 source literature lead(s), 0 record evidence item(s), 0 target(s)
review-readiness	CHEBI:95093	omipalisib	CHEBI	PMID:21464613|PMID:22297110|PMID:22389471|PMID:24392766|PMID:24900173	MECHANISM_REVIEW: mechanism is absent; 10 source literature lead(s), 0 record evidence item(s), 0 target(s)
review-readiness	CHEBI:7777	ophiobolin A	ARO	PMID:38131643	MECHANISM_REVIEW: mechanism is absent; 1 source literature lead(s), 0 record evidence item(s), 0 target(s)
review-readiness	CHEBI:66823	ophioglonin	CHEBI	PMID:15787440|PMID:21401115	MECHANISM_REVIEW: mechanism is absent; 2 source literature lead(s), 0 record evidence item(s), 0 target(s)
review-readiness	CHEBI:66828	orbiculin G	CHEBI	PMID:10346948|PMID:17315960	MECHANISM_REVIEW: mechanism is absent; 2 source literature lead(s), 0 record evidence item(s), 0 target(s)
review-readiness	CHEBI:138236	oridonin	CHEBI	PMID:27431862|PMID:27563888|PMID:28128329|PMID:28230866|PMID:28259901	MECHANISM_REVIEW: mechanism is absent; 10 source literature lead(s), 0 record evidence item(s), 0 target(s)
review-readiness	CHEBI:82699	oritavancin	ARO+CHEBI	PMID:15954849|PMID:18258256|PMID:27904526|PMID:22941898|PMID:23089749	MECHANISM_REVIEW: mechanism is absent; 13 source literature lead(s), 0 record evidence item(s), 2 target(s)
review-readiness	CHEBI:83305	oritavancin bisphosphate	CHEBI	PMID:20852166	MECHANISM_REVIEW: mechanism is absent; 1 source literature lead(s), 0 record evidence item(s), 0 target(s)
review-readiness	CHEBI:75176	ornidazole	ARO+CHEBI	PMID:18220342|PMID:1863621|PMID:15825069|PMID:22529484|PMID:23167572	MECHANISM_REVIEW: mechanism is absent; 7 source literature lead(s), 0 record evidence item(s), 0 target(s)
review-readiness	CHEBI:81832	orysastrobin	CHEBI	PMID:21942277	MECHANISM_REVIEW: mechanism is source-seeded and not curator-checked; 1 source literature lead(s), 0 record evidence item(s), 0 target(s)
review-readiness	CHEBI:7798	oseltamivir	CHEBI	PMID:11075941|PMID:11270942|PMID:11825310|PMID:17912363|PMID:18559644	MECHANISM_REVIEW: mechanism is source-seeded and not curator-checked; 10 source literature lead(s), 0 record evidence item(s), 0 target(s)
review-readiness	CHEBI:73139	oseltamivir acid	CHEBI	PMID:10628898|PMID:21338262|PMID:21495632|PMID:21803598|PMID:22145997	MECHANISM_REVIEW: mechanism is source-seeded and not curator-checked; 10 source literature lead(s), 0 record evidence item(s), 0 target(s)
review-readiness	CHEBI:77735	ossamycin	CHEBI	PMID:14326088|PMID:160974|PMID:2661266|PMID:2859888|PMID:4228672	MECHANISM_REVIEW: mechanism is absent; 7 source literature lead(s), 0 record evidence item(s), 0 target(s)
review-readiness	CHEBI:81485	osthenol	CHEBI	PMID:18386483|PMID:20931624|PMID:24354545|PMID:26552172|PMID:26918393	MECHANISM_REVIEW: mechanism is absent; 7 source literature lead(s), 0 record evidence item(s), 0 target(s)
review-readiness	CHEBI:131196	OSU-03012	CHEBI	PMID:22354011|PMID:23652278|PMID:23706161|PMID:25103559|PMID:25267669	MECHANISM_REVIEW: mechanism is absent; 10 source literature lead(s), 0 record evidence item(s), 0 target(s)
review-readiness	CHEBI:156291	oviedomycin	CHEBI	PMID:12027768|PMID:15368568|PMID:18988223|PMID:25303210|PMID:28972184	MECHANISM_REVIEW: mechanism is absent; 5 source literature lead(s), 0 record evidence item(s), 0 target(s)
review-readiness	CHEBI:7809	oxacillin	ARO+CHEBI	PMID:7928809|PMID:14010809|PMID:20407237|PMID:24295979|PMID:24936596	MECHANISM_REVIEW: mechanism is absent; 7 source literature lead(s), 0 record evidence item(s), 1 target(s)
review-readiness	CHEBI:81937	oxadixyl	CHEBI	PMID:22702207	MECHANISM_REVIEW: mechanism is absent; 1 source literature lead(s), 0 record evidence item(s), 0 target(s)
review-readiness	CHEBI:86012	oxetanocin A	CHEBI	PMID:2787618|PMID:3025147	MECHANISM_REVIEW: mechanism is absent; 2 source literature lead(s), 0 record evidence item(s), 0 target(s)
review-readiness	CHEBI:7825	oxiconazole	ARO+CHEBI	PMID:7037014|PMID:583212|PMID:15797782|PMID:2029718|PMID:22569007	MECHANISM_REVIEW: mechanism is source-seeded and not curator-checked; 7 source literature lead(s), 0 record evidence item(s), 0 target(s)
review-readiness	CHEBI:7826	oxiconazole nitrate	CHEBI		MECHANISM_REVIEW: mechanism is source-seeded and not curator-checked; 0 source literature lead(s), 0 record evidence item(s), 0 target(s)
review-readiness	CHEBI:138856	oxolinic acid	CHEBI	PMID:1245092|PMID:1650428|PMID:19596082|PMID:20151406|PMID:22670590	MECHANISM_REVIEW: mechanism is absent; 10 source literature lead(s), 0 record evidence item(s), 0 target(s)
review-readiness	CHEBI:70651	oxonantenine	CHEBI	PMID:17401850|PMID:17402008|PMID:20944522	MECHANISM_REVIEW: mechanism is absent; 3 source literature lead(s), 0 record evidence item(s), 0 target(s)
review-readiness	CHEBI:7858	oxycarboxin	CHEBI	PMID:21587625|PMID:4772377|PMID:5441309|PMID:6732737|PMID:6776177	MECHANISM_REVIEW: mechanism is source-seeded and not curator-checked; 5 source literature lead(s), 0 record evidence item(s), 0 target(s)
review-readiness	CHEBI:76258	oxyphenbutazone	CHEBI	PMID:1222682|PMID:141661|PMID:14345781|PMID:18963985|PMID:19161668	MECHANISM_REVIEW: mechanism is absent; 10 source literature lead(s), 0 record evidence item(s), 0 target(s)
review-readiness	CHEBI:76259	oxyphenbutazone hydrate	CHEBI		MECHANISM_REVIEW: mechanism is absent; 0 source literature lead(s), 0 record evidence item(s), 0 target(s)
review-readiness	CHEBI:27701	oxytetracycline	ARO+CHEBI	PMID:11381101|PMID:1650428|PMID:17386724|PMID:17638695|PMID:17870541	MECHANISM_REVIEW: mechanism is source-seeded and not curator-checked; 11 source literature lead(s), 0 record evidence item(s), 1 target(s)
review-readiness	CHEBI:25812	ozone	CHEBI	PMID:10205911|PMID:10226494|PMID:10552743|PMID:11029342|PMID:11203434	MECHANISM_REVIEW: mechanism is absent; 10 source literature lead(s), 0 record evidence item(s), 0 target(s)
review-readiness	CHEBI:17847	p-cresol	CHEBI	PMID:12427124|PMID:17660685	MECHANISM_REVIEW: mechanism is absent; 2 source literature lead(s), 0 record evidence item(s), 0 target(s)
review-readiness	CHEBI:228289	pachyaximine A	CHEBI	PMID:15795993|PMID:16431389|PMID:28377714|PMID:29762510|PMID:9784163	MECHANISM_REVIEW: mechanism is absent; 5 source literature lead(s), 0 record evidence item(s), 0 target(s)
review-readiness	CHEBI:67930	paeonoside decaacetate	CHEBI	PMID:21466157	MECHANISM_REVIEW: mechanism is absent; 1 source literature lead(s), 0 record evidence item(s), 0 target(s)
review-readiness	CHEBI:76173	pallidol	CHEBI	PMID:19101516|PMID:23778119	MECHANISM_REVIEW: mechanism is absent; 2 source literature lead(s), 0 record evidence item(s), 0 target(s)
review-readiness	CHEBI:141334	palmariol B	CHEBI	PMID:23011274|PMID:27441892	MECHANISM_REVIEW: mechanism is absent; 2 source literature lead(s), 0 record evidence item(s), 0 target(s)
review-readiness	CHEBI:15756	palmitic acid	ARO	PMID:10447892|PMID:19956944|PMID:11744302	MECHANISM_REVIEW: mechanism is absent; 3 source literature lead(s), 0 record evidence item(s), 0 target(s)
review-readiness	CHEBI:7911	panipenem	ARO	PMID:12678575	MECHANISM_REVIEW: mechanism is absent; 1 source literature lead(s), 0 record evidence item(s), 0 target(s)
review-readiness	CHEBI:144185	pannarin	CHEBI	PMID:17075315|PMID:18721817|PMID:22459282|PMID:24170172|PMID:8289110	MECHANISM_REVIEW: mechanism is absent; 7 source literature lead(s), 0 record evidence item(s), 0 target(s)
review-readiness	CHEBI:172375	pantocin A	CHEBI	PMID:11133457|PMID:12833353|PMID:12833354|PMID:21789243|PMID:22705381	MECHANISM_REVIEW: mechanism is absent; 10 source literature lead(s), 0 record evidence item(s), 0 target(s)
review-readiness	CHEBI:83265	papuamide B	CHEBI	PMID:16095304|PMID:18318032|PMID:22223369	MECHANISM_REVIEW: mechanism is absent; 3 source literature lead(s), 0 record evidence item(s), 0 target(s)
review-readiness	CHEBI:72611	papulacandin A	CHEBI	PMID:20711516|PMID:7440418	MECHANISM_REVIEW: mechanism is absent; 2 source literature lead(s), 0 record evidence item(s), 0 target(s)
review-readiness	CHEBI:569624	papulacandin B	CHEBI	PMID:20711516|PMID:3735029|PMID:380990|PMID:6396177|PMID:7440418	MECHANISM_REVIEW: mechanism is absent; 6 source literature lead(s), 0 record evidence item(s), 0 target(s)
review-readiness	CHEBI:72622	papulacandin C	CHEBI	PMID:20711516|PMID:7440418	MECHANISM_REVIEW: mechanism is absent; 2 source literature lead(s), 0 record evidence item(s), 0 target(s)
review-readiness	CHEBI:72630	papulacandin D	CHEBI	PMID:17305346|PMID:20711516|PMID:7440418	MECHANISM_REVIEW: mechanism is absent; 3 source literature lead(s), 0 record evidence item(s), 0 target(s)
review-readiness	CHEBI:38746	parathion-methyl	CHEBI	PMID:14188063|PMID:17852161|PMID:24468856|PMID:24470377|PMID:24657944	MECHANISM_REVIEW: mechanism is absent; 5 source literature lead(s), 0 record evidence item(s), 0 target(s)
review-readiness	CHEBI:85188	paritaprevir	CHEBI	PMID:25644279|PMID:25646891|PMID:25680759|PMID:25706092	MECHANISM_REVIEW: mechanism is source-seeded and not curator-checked; 4 source literature lead(s), 0 record evidence item(s), 0 target(s)
review-readiness	CHEBI:7934	paromomycin	ARO+CHEBI	PMID:8182014|PMID:11083628|PMID:18447603|PMID:18947845|PMID:8036682	MECHANISM_REVIEW: mechanism is absent; 5 source literature lead(s), 0 record evidence item(s), 1 target(s)
review-readiness	CHEBI:7935	paromomycin sulfate	CHEBI	PMID:17582067|PMID:18447603|PMID:8036682	MECHANISM_REVIEW: mechanism is absent; 3 source literature lead(s), 0 record evidence item(s), 0 target(s)
review-readiness	CHEBI:134184	pateamine	CHEBI	PMID:22623775|PMID:22692539|PMID:24459774|PMID:24471581|PMID:26057151	MECHANISM_REVIEW: mechanism is absent; 10 source literature lead(s), 0 record evidence item(s), 0 target(s)
review-readiness	CHEBI:74926	patulin	CHEBI	PMID:21656641|PMID:22410236|PMID:22988003|PMID:23192667|PMID:23384314	MECHANISM_REVIEW: mechanism is absent; 9 source literature lead(s), 0 record evidence item(s), 0 target(s)
review-readiness	CHEBI:71520	paxanthonin	CHEBI	PMID:15715262|PMID:19062051	MECHANISM_REVIEW: mechanism is absent; 2 source literature lead(s), 0 record evidence item(s), 0 target(s)
review-readiness	CHEBI:189648	PB28	CHEBI	PMID:15322732|PMID:16687172|PMID:16891467|PMID:18178434|PMID:19200007	MECHANISM_REVIEW: mechanism is absent; 10 source literature lead(s), 0 record evidence item(s), 0 target(s)
review-readiness	CHEBI:93358	PD169316	CHEBI	PMID:10820206|PMID:11306695|PMID:11544639|PMID:12181122|PMID:12694807	MECHANISM_REVIEW: mechanism is absent; 10 source literature lead(s), 0 record evidence item(s), 0 target(s)
review-readiness	CHEBI:67873	pedunculosumoside A	CHEBI	PMID:21401115	MECHANISM_REVIEW: mechanism is absent; 1 source literature lead(s), 0 record evidence item(s), 0 target(s)
review-readiness	CHEBI:67875	pedunculosumoside C	CHEBI	PMID:21401115	MECHANISM_REVIEW: mechanism is absent; 1 source literature lead(s), 0 record evidence item(s), 0 target(s)
review-readiness	CHEBI:50199	pefloxacin	ARO+CHEBI	PMID:2663414|PMID:25879817|PMID:26292292|PMID:26963935|PMID:7622257	MECHANISM_REVIEW: mechanism is source-seeded and not curator-checked; 6 source literature lead(s), 0 record evidence item(s), 2 target(s)
review-readiness	CHEBI:50194	pefloxacin mesylate	CHEBI		MECHANISM_REVIEW: mechanism is absent; 0 source literature lead(s), 0 record evidence item(s), 0 target(s)
review-readiness	CHEBI:35991	penam	CHEBI		MECHANISM_REVIEW: mechanism is absent; 0 source literature lead(s), 0 record evidence item(s), 0 target(s)
review-readiness	CHEBI:131733	penamecillin	ARO+CHEBI	PMID:4959939|PMID:15214080|PMID:19108231|PMID:6791463	MECHANISM_REVIEW: mechanism is absent; 4 source literature lead(s), 0 record evidence item(s), 0 target(s)
review-readiness	CHEBI:7956	penciclovir	CHEBI	PMID:3040998	MECHANISM_REVIEW: mechanism is absent; 1 source literature lead(s), 0 record evidence item(s), 0 target(s)
review-readiness	CHEBI:7957	pencycuron	CHEBI	PMID:11405276|PMID:16052708|PMID:16083758|PMID:16187259|PMID:17090495	MECHANISM_REVIEW: mechanism is absent; 9 source literature lead(s), 0 record evidence item(s), 0 target(s)
review-readiness	CHEBI:35994	penem	CHEBI		MECHANISM_REVIEW: mechanism is absent; 0 source literature lead(s), 0 record evidence item(s), 0 target(s)
review-readiness	CHEBI:37806	penicillanic acid	CHEBI		MECHANISM_REVIEW: mechanism is absent; 0 source literature lead(s), 0 record evidence item(s), 0 target(s)
review-readiness	CHEBI:18203	penicillin N	CHEBI		MECHANISM_REVIEW: mechanism is absent; 0 source literature lead(s), 0 record evidence item(s), 0 target(s)
review-readiness	CHEBI:51207	penicillin O	CHEBI	PMID:13761469	MECHANISM_REVIEW: mechanism is absent; 1 source literature lead(s), 0 record evidence item(s), 0 target(s)
review-readiness	CHEBI:75258	penimepicycline	CHEBI	PMID:13878321|PMID:13941890|PMID:13943999|PMID:13959587|PMID:13960511	MECHANISM_REVIEW: mechanism is absent; 10 source literature lead(s), 0 record evidence item(s), 0 target(s)
review-readiness	CHEBI:34908	pentachloronitrobenzene	CHEBI	PMID:18294675|PMID:19298997|PMID:19429557|PMID:19959285|PMID:20022079	MECHANISM_REVIEW: mechanism is absent; 10 source literature lead(s), 0 record evidence item(s), 0 target(s)
review-readiness	CHEBI:17642	pentachlorophenol	CHEBI	PMID:17497895|PMID:23636589|PMID:24123209	MECHANISM_REVIEW: mechanism is absent; 3 source literature lead(s), 0 record evidence item(s), 1 target(s)
review-readiness	CHEBI:17302	pentadecanal	CHEBI	PMID:22136358|PMID:23513740	MECHANISM_REVIEW: mechanism is absent; 2 source literature lead(s), 0 record evidence item(s), 0 target(s)
review-readiness	CHEBI:70816	pentalenolactone	CHEBI	PMID:11137857|PMID:11440152|PMID:13425447|PMID:13425448|PMID:16681390	MECHANISM_REVIEW: mechanism is absent; 10 source literature lead(s), 0 record evidence item(s), 0 target(s)
review-readiness	CHEBI:45081	pentamidine	CHEBI	PMID:10415905|PMID:10917591|PMID:11438428|PMID:11584934|PMID:14603035	MECHANISM_REVIEW: mechanism is absent; 10 source literature lead(s), 0 record evidence item(s), 0 target(s)
review-readiness	CHEBI:7977	pentamidine isethionate	CHEBI	PMID:1589716|PMID:18155842|PMID:18349360|PMID:18408970|PMID:18509543	MECHANISM_REVIEW: mechanism is absent; 10 source literature lead(s), 0 record evidence item(s), 0 target(s)
review-readiness	CHEBI:27834	pentostatin	CHEBI	PMID:10877055|PMID:14748654|PMID:16321875|PMID:18602399|PMID:23361035	MECHANISM_REVIEW: mechanism is absent; 10 source literature lead(s), 0 record evidence item(s), 1 target(s)
review-readiness	CHEBI:42530	peracetic acid	CHEBI	PMID:12542698|PMID:32668349|PMID:32668774|PMID:33338779|PMID:33487017	MECHANISM_REVIEW: mechanism is absent; 10 source literature lead(s), 0 record evidence item(s), 0 target(s)
review-readiness	CHEBI:85202	peramivir	CHEBI	PMID:24517996|PMID:25231091|PMID:25277670|PMID:25523716|PMID:25547357	MECHANISM_REVIEW: mechanism is source-seeded and not curator-checked; 8 source literature lead(s), 0 record evidence item(s), 0 target(s)
review-readiness	CHEBI:85196	peramivir hydrate	CHEBI	PMID:24517996|PMID:25231091|PMID:25277670|PMID:25523716|PMID:25547357	MECHANISM_REVIEW: mechanism is source-seeded and not curator-checked; 8 source literature lead(s), 0 record evidence item(s), 0 target(s)
review-readiness	CHEBI:67931	petiolaroside	CHEBI	PMID:21466157	MECHANISM_REVIEW: mechanism is absent; 1 source literature lead(s), 0 record evidence item(s), 0 target(s)
review-readiness	CHEBI:67933	petiolaroside decaacetate	CHEBI	PMID:21466157	MECHANISM_REVIEW: mechanism is absent; 1 source literature lead(s), 0 record evidence item(s), 0 target(s)
review-readiness	CHEBI:66740	PF 1163A	CHEBI	PMID:10695680|PMID:10724005|PMID:10724006|PMID:12546418	MECHANISM_REVIEW: mechanism is absent; 4 source literature lead(s), 0 record evidence item(s), 0 target(s)
review-readiness	CHEBI:66741	PF 1163B	CHEBI	PMID:10695680|PMID:10724005|PMID:10724006|PMID:14572246	MECHANISM_REVIEW: mechanism is absent; 4 source literature lead(s), 0 record evidence item(s), 0 target(s)
review-readiness	CHEBI:172918	PF-00835231	CHEBI	PMID:32045235|PMID:32935104|PMID:33054210|PMID:33515606|PMID:33622961	MECHANISM_REVIEW: mechanism is source-seeded and not curator-checked; 6 source literature lead(s), 0 record evidence item(s), 0 target(s)
review-readiness	CHEBI:173073	PF-07304814	CHEBI	PMID:32935104	MECHANISM_REVIEW: mechanism is source-seeded and not curator-checked; 1 source literature lead(s), 0 record evidence item(s), 0 target(s)
review-readiness	CHEBI:62412	phenazine-1-carboxylic acid	CHEBI	PMID:12458768|PMID:14711317|PMID:22138981|PMID:22724439|PMID:23636695	MECHANISM_REVIEW: mechanism is absent; 5 source literature lead(s), 0 record evidence item(s), 0 target(s)
review-readiness	CHEBI:71416	phenazopyridine	CHEBI	PMID:19300288|PMID:19744778|PMID:20196783|PMID:20467292|PMID:20636989	MECHANISM_REVIEW: mechanism is absent; 10 source literature lead(s), 0 record evidence item(s), 0 target(s)
review-readiness	CHEBI:52427	phenethicillin	ARO+CHEBI	PMID:13849468|PMID:1701026	MECHANISM_REVIEW: mechanism is absent; 2 source literature lead(s), 0 record evidence item(s), 0 target(s)
review-readiness	CHEBI:8062	phenethyl caffeate	CHEBI	PMID:22206942|PMID:22610380|PMID:22646141|PMID:22964505|PMID:22996076	MECHANISM_REVIEW: mechanism is absent; 10 source literature lead(s), 0 record evidence item(s), 0 target(s)
review-readiness	CHEBI:15882	phenol	CHEBI	PMID:12058733|PMID:16953321|PMID:17852157|PMID:19029204|PMID:20886261	MECHANISM_REVIEW: mechanism is absent; 9 source literature lead(s), 0 record evidence item(s), 0 target(s)
review-readiness	CHEBI:27446	phenoxymethylpenicillin	ARO+CHEBI	PMID:3924086|PMID:10930630|PMID:12569987|PMID:13377278|PMID:14687482	MECHANISM_REVIEW: mechanism is absent; 11 source literature lead(s), 0 record evidence item(s), 1 target(s)
review-readiness	CHEBI:75046	phleomycin D1	CHEBI	PMID:22500807|PMID:6162468|PMID:6180762|PMID:6189587|PMID:818624	MECHANISM_REVIEW: mechanism is absent; 5 source literature lead(s), 0 record evidence item(s), 0 target(s)
review-readiness	CHEBI:66746	phomacin A	CHEBI	PMID:11671521	MECHANISM_REVIEW: mechanism is absent; 1 source literature lead(s), 0 record evidence item(s), 0 target(s)
review-readiness	CHEBI:66747	phomacin B	CHEBI	PMID:11671521	MECHANISM_REVIEW: mechanism is absent; 1 source literature lead(s), 0 record evidence item(s), 0 target(s)
review-readiness	CHEBI:66748	phomacin C	CHEBI	PMID:11671521	MECHANISM_REVIEW: mechanism is absent; 1 source literature lead(s), 0 record evidence item(s), 0 target(s)
review-readiness	CHEBI:68297	phomalevone A	CHEBI	PMID:21247198	MECHANISM_REVIEW: mechanism is absent; 1 source literature lead(s), 0 record evidence item(s), 0 target(s)
review-readiness	CHEBI:68298	phomalevone B	CHEBI	PMID:21247198	MECHANISM_REVIEW: mechanism is absent; 1 source literature lead(s), 0 record evidence item(s), 0 target(s)
review-readiness	CHEBI:68299	phomalevone C	CHEBI	PMID:21247198	MECHANISM_REVIEW: mechanism is absent; 1 source literature lead(s), 0 record evidence item(s), 0 target(s)
review-readiness	CHEBI:66749	phomoxanthone A	CHEBI	PMID:11520217|PMID:20839612	MECHANISM_REVIEW: mechanism is absent; 2 source literature lead(s), 0 record evidence item(s), 0 target(s)
review-readiness	CHEBI:66750	phomoxanthone B	CHEBI	PMID:11520217	MECHANISM_REVIEW: mechanism is absent; 1 source literature lead(s), 0 record evidence item(s), 0 target(s)
review-readiness	CHEBI:66751	phosphatoquinone A	CHEBI	PMID:10344559	MECHANISM_REVIEW: mechanism is absent; 1 source literature lead(s), 0 record evidence item(s), 0 target(s)
review-readiness	CHEBI:66752	phosphatoquinone B	CHEBI	PMID:10344559	MECHANISM_REVIEW: mechanism is absent; 1 source literature lead(s), 0 record evidence item(s), 0 target(s)
review-readiness	CHEBI:44976	phosphonic acid	CHEBI		MECHANISM_REVIEW: mechanism is absent; 0 source literature lead(s), 0 record evidence item(s), 0 target(s)
review-readiness	CHEBI:15732	phosphonoacetic acid	CHEBI	PMID:16282466|PMID:24335308|PMID:24570323	MECHANISM_REVIEW: mechanism is absent; 3 source literature lead(s), 0 record evidence item(s), 0 target(s)
review-readiness	CHEBI:9336	phthalylsulfathiazole	CHEBI	PMID:13152646|PMID:1628169|PMID:18869728|PMID:18898751|PMID:18914633	MECHANISM_REVIEW: mechanism is absent; 7 source literature lead(s), 0 record evidence item(s), 0 target(s)
review-readiness	CHEBI:69017	physalin B	CHEBI	PMID:1503404|PMID:16410969|PMID:18577376|PMID:19232405|PMID:21954931	MECHANISM_REVIEW: mechanism is absent; 9 source literature lead(s), 0 record evidence item(s), 0 target(s)
review-readiness	CHEBI:69018	physalin D	CHEBI	PMID:12203265|PMID:1622143|PMID:16451752|PMID:20645830|PMID:21269892	MECHANISM_REVIEW: mechanism is absent; 6 source literature lead(s), 0 record evidence item(s), 0 target(s)
review-readiness	CHEBI:69019	physalin F	CHEBI	PMID:1503404|PMID:15888378|PMID:1622143|PMID:19454526|PMID:20681573	MECHANISM_REVIEW: mechanism is absent; 8 source literature lead(s), 0 record evidence item(s), 0 target(s)
review-readiness	CHEBI:69020	physalin G	CHEBI	PMID:21954931|PMID:21996065|PMID:22197662	MECHANISM_REVIEW: mechanism is absent; 3 source literature lead(s), 0 record evidence item(s), 0 target(s)
review-readiness	CHEBI:38167	physcion	CHEBI	PMID:16272711|PMID:17091434|PMID:17125234|PMID:17397111|PMID:17917292	MECHANISM_REVIEW: mechanism is absent; 10 source literature lead(s), 0 record evidence item(s), 0 target(s)
review-readiness	CHEBI:85627	picarbutrazox	CHEBI		MECHANISM_REVIEW: mechanism is absent; 0 source literature lead(s), 0 record evidence item(s), 0 target(s)
review-readiness	CHEBI:83197	picoxystrobin	CHEBI	PMID:21056720|PMID:21651885|PMID:23371808|PMID:23818971|PMID:24374376	MECHANISM_REVIEW: mechanism is source-seeded and not curator-checked; 5 source literature lead(s), 0 record evidence item(s), 0 target(s)
review-readiness	CHEBI:138511	piericidin A	CHEBI	PMID:12400692|PMID:16277503|PMID:16953619|PMID:17721005|PMID:17941090	MECHANISM_REVIEW: mechanism is absent; 10 source literature lead(s), 0 record evidence item(s), 0 target(s)
review-readiness	CHEBI:29665	pikromycin	ARO+CHEBI	PMID:14862824|PMID:10421766|PMID:10713461|PMID:12733905|PMID:14531700	MECHANISM_REVIEW: mechanism is absent; 11 source literature lead(s), 0 record evidence item(s), 0 target(s)
review-readiness	CHEBI:80484	pinocembrin chalcone	CHEBI	PMID:11809068|PMID:20921932	MECHANISM_REVIEW: mechanism is absent; 2 source literature lead(s), 0 record evidence item(s), 0 target(s)
review-readiness	CHEBI:75262	pipacycline	CHEBI	PMID:13944906|PMID:13949714|PMID:13949715|PMID:4625269|PMID:4958219	MECHANISM_REVIEW: mechanism is absent; 7 source literature lead(s), 0 record evidence item(s), 0 target(s)
review-readiness	CHEBI:75250	pipemidic acid	CHEBI	PMID:16259938|PMID:16908137|PMID:20872568|PMID:23799358|PMID:28166217	MECHANISM_REVIEW: mechanism is source-seeded and not curator-checked; 6 source literature lead(s), 0 record evidence item(s), 0 target(s)
review-readiness	CHEBI:8232	piperacillin	ARO+CHEBI	PMID:11735679|PMID:1701026|PMID:17116662|PMID:17158942|PMID:17851079	MECHANISM_REVIEW: mechanism is absent; 9 source literature lead(s), 0 record evidence item(s), 1 target(s)
review-readiness	CHEBI:91231	piperaquine	CHEBI	PMID:15610051|PMID:18378269|PMID:19773652|PMID:21914092|PMID:22515619	MECHANISM_REVIEW: mechanism is absent; 10 source literature lead(s), 0 record evidence item(s), 0 target(s)
review-readiness	CHEBI:107644	piperonylic acid	CHEBI	PMID:1083208|PMID:11946937|PMID:15007421|PMID:17585974|PMID:21489652	MECHANISM_REVIEW: mechanism is absent; 9 source literature lead(s), 0 record evidence item(s), 0 target(s)
review-readiness	CHEBI:9691	piperyline	CHEBI	PMID:11853747|PMID:1271969|PMID:18386929|PMID:20085307|PMID:21854175	MECHANISM_REVIEW: mechanism is absent; 10 source literature lead(s), 0 record evidence item(s), 0 target(s)
review-readiness	CHEBI:90284	pirazofurin	CHEBI	PMID:26513594	MECHANISM_REVIEW: mechanism is absent; 1 source literature lead(s), 0 record evidence item(s), 0 target(s)
review-readiness	CHEBI:59009	piroctone	CHEBI		MECHANISM_REVIEW: mechanism is absent; 0 source literature lead(s), 0 record evidence item(s), 0 target(s)
review-readiness	CHEBI:59008	piroctone olamine	CHEBI	PMID:18837732	MECHANISM_REVIEW: mechanism is absent; 1 source literature lead(s), 0 record evidence item(s), 0 target(s)
review-readiness	CHEBI:32019	piromidic acid	CHEBI	PMID:1021250|PMID:1274382|PMID:3227506|PMID:346547|PMID:4939730	MECHANISM_REVIEW: mechanism is source-seeded and not curator-checked; 10 source literature lead(s), 0 record evidence item(s), 0 target(s)
review-readiness	CHEBI:67359	pisonin B	CHEBI	PMID:21542597	MECHANISM_REVIEW: mechanism is absent; 1 source literature lead(s), 0 record evidence item(s), 0 target(s)
review-readiness	CHEBI:67364	pisonivanone	CHEBI	PMID:21542597	MECHANISM_REVIEW: mechanism is absent; 1 source literature lead(s), 0 record evidence item(s), 0 target(s)
review-readiness	CHEBI:8255	pivampicillin	ARO+CHEBI	PMID:5521364|PMID:10830765|PMID:15793098|PMID:21144541|PMID:29017833	MECHANISM_REVIEW: mechanism is absent; 6 source literature lead(s), 0 record evidence item(s), 0 target(s)
review-readiness	CHEBI:51210	pivmecillinam	ARO+CHEBI	PMID:31067667	MECHANISM_REVIEW: mechanism is absent; 1 source literature lead(s), 0 record evidence item(s), 0 target(s)
review-readiness	CHEBI:78769	plakortide F free acid	CHEBI	PMID:11720540|PMID:21300833	MECHANISM_REVIEW: mechanism is absent; 2 source literature lead(s), 0 record evidence item(s), 0 target(s)
review-readiness	CHEBI:65487	platanic acid	CHEBI	PMID:22260251|PMID:8176401|PMID:9548878	MECHANISM_REVIEW: mechanism is absent; 3 source literature lead(s), 0 record evidence item(s), 0 target(s)
review-readiness	CHEBI:68241	platencin	CHEBI	PMID:17456595|PMID:19581087|PMID:21214253|PMID:21322068|PMID:21915133	MECHANISM_REVIEW: mechanism is absent; 10 source literature lead(s), 0 record evidence item(s), 0 target(s)
review-readiness	CHEBI:68236	platensimycin	CHEBI	PMID:16710421|PMID:19581087|PMID:20158476|PMID:21214253|PMID:21808805	MECHANISM_REVIEW: mechanism is absent; 10 source literature lead(s), 0 record evidence item(s), 0 target(s)
review-readiness	CHEBI:32023	plaunotol	CHEBI	PMID:10817427|PMID:10824880|PMID:12096020|PMID:17827146|PMID:18805546	MECHANISM_REVIEW: mechanism is absent; 10 source literature lead(s), 0 record evidence item(s), 0 target(s)
review-readiness	CHEBI:66765	pleosporone	CHEBI	PMID:18442914	MECHANISM_REVIEW: mechanism is absent; 1 source literature lead(s), 0 record evidence item(s), 0 target(s)
review-readiness	CHEBI:125354	plerixafor	CHEBI	PMID:17324009|PMID:18847313|PMID:24179472|PMID:26106388|PMID:26154069	MECHANISM_REVIEW: mechanism is absent; 10 source literature lead(s), 0 record evidence item(s), 0 target(s)
review-readiness	CHEBI:8269	pleuromutilin	ARO	PMID:23589420	MECHANISM_REVIEW: mechanism is absent; 1 source literature lead(s), 0 record evidence item(s), 0 target(s)
review-readiness	CHEBI:90205	plitidepsin	CHEBI	PMID:16278386|PMID:18941750|PMID:19513942|PMID:19687728|PMID:21747745	MECHANISM_REVIEW: mechanism is absent; 10 source literature lead(s), 0 record evidence item(s), 0 target(s)
review-readiness	CHEBI:66766	PM-94128	CHEBI	PMID:14572254|PMID:19722511|PMID:9099230	MECHANISM_REVIEW: mechanism is absent; 3 source literature lead(s), 0 record evidence item(s), 0 target(s)
review-readiness	CHEBI:131609	pneumocandin B0	CHEBI	PMID:24086376|PMID:24270605|PMID:25527531	MECHANISM_REVIEW: mechanism is source-seeded and not curator-checked; 3 source literature lead(s), 0 record evidence item(s), 0 target(s)
review-readiness	CHEBI:156511	poacic acid	CHEBI	PMID:15495409|PMID:25775513|PMID:28787158|PMID:30370375	MECHANISM_REVIEW: mechanism is absent; 4 source literature lead(s), 0 record evidence item(s), 0 target(s)
review-readiness	CHEBI:66771	polyketomycin	CHEBI	PMID:10344562|PMID:19266534|PMID:9531983|PMID:9531984	MECHANISM_REVIEW: mechanism is absent; 4 source literature lead(s), 0 record evidence item(s), 0 target(s)
review-readiness	CHEBI:8309	polymyxin B1	ARO+CHEBI	PMID:11330807|PMID:13058849|PMID:14212410|PMID:1650428|PMID:26803416	MECHANISM_REVIEW: mechanism is absent; 5 source literature lead(s), 0 record evidence item(s), 1 target(s)
review-readiness	CHEBI:59063	polymyxin B2	ARO+CHEBI	PMID:17201926|PMID:11330807|PMID:13058849	MECHANISM_REVIEW: mechanism is absent; 3 source literature lead(s), 0 record evidence item(s), 1 target(s)
review-readiness	CHEBI:78777	polyoxorim	CHEBI	PMID:12049463|PMID:1749403|PMID:2014972|PMID:3543207|PMID:4604393	MECHANISM_REVIEW: mechanism is source-seeded and not curator-checked; 10 source literature lead(s), 0 record evidence item(s), 0 target(s)
review-readiness	CHEBI:17909	polysulfur	CHEBI		MECHANISM_REVIEW: mechanism is absent; 0 source literature lead(s), 0 record evidence item(s), 0 target(s)
review-readiness	CHEBI:82672	pomecin A	CHEBI	PMID:24189258	MECHANISM_REVIEW: mechanism is absent; 1 source literature lead(s), 0 record evidence item(s), 0 target(s)
review-readiness	CHEBI:64355	posaconazole	ARO+CHEBI	PMID:10898669|PMID:21762211|PMID:21967490|PMID:22058198|PMID:22176629	MECHANISM_REVIEW: mechanism is source-seeded and not curator-checked; 11 source literature lead(s), 0 record evidence item(s), 0 target(s)
review-readiness	CHEBI:32034	potassium bitartrate	CHEBI	PMID:22926733|PMID:25477685|PMID:27374600|PMID:28972743|PMID:31005706	MECHANISM_REVIEW: mechanism is absent; 7 source literature lead(s), 0 record evidence item(s), 0 target(s)
review-readiness	CHEBI:85264	potassium clavulanate	CHEBI		MECHANISM_REVIEW: mechanism is absent; 0 source literature lead(s), 0 record evidence item(s), 0 target(s)
review-readiness	CHEBI:81862	potassium hydrogencarbonate	CHEBI	PMID:12122134|PMID:2067205	MECHANISM_REVIEW: mechanism is absent; 2 source literature lead(s), 0 record evidence item(s), 0 target(s)
review-readiness	CHEBI:231501	potassium permanganate	CHEBI	PMID:34667765|PMID:35888207|PMID:36376055|PMID:37032714|PMID:37177343	MECHANISM_REVIEW: mechanism is absent; 10 source literature lead(s), 0 record evidence item(s), 0 target(s)
review-readiness	CHEBI:77868	potassium sorbate	CHEBI	PMID:22985004|PMID:23498172|PMID:23790859|PMID:24001567	MECHANISM_REVIEW: mechanism is absent; 4 source literature lead(s), 0 record evidence item(s), 0 target(s)
review-readiness	CHEBI:131850	PR-39	CHEBI	PMID:12969801|PMID:17081280|PMID:1765098|PMID:17683376|PMID:18519732	MECHANISM_REVIEW: mechanism is absent; 10 source literature lead(s), 0 record evidence item(s), 0 target(s)
review-readiness	CHEBI:95071	pracinostat	CHEBI	PMID:21873472|PMID:22475363|PMID:22508312|PMID:23556431|PMID:23893953	MECHANISM_REVIEW: mechanism is absent; 10 source literature lead(s), 0 record evidence item(s), 0 target(s)
review-readiness	CHEBI:8349	pradimicin A	CHEBI	PMID:17050611|PMID:21598364|PMID:2167304|PMID:21942374|PMID:2199421	MECHANISM_REVIEW: mechanism is absent; 8 source literature lead(s), 0 record evidence item(s), 0 target(s)
review-readiness	CHEBI:8350	pradimicin B	CHEBI	PMID:2167304|PMID:8478261	MECHANISM_REVIEW: mechanism is absent; 2 source literature lead(s), 0 record evidence item(s), 0 target(s)
review-readiness	CHEBI:8351	pradimicin C	CHEBI	PMID:15900522|PMID:17907132|PMID:21119678|PMID:2167304	MECHANISM_REVIEW: mechanism is absent; 4 source literature lead(s), 0 record evidence item(s), 0 target(s)
review-readiness	CHEBI:69023	preaustinoid A	CHEBI	PMID:12453515|PMID:21581839|PMID:21916432|PMID:23865690|PMID:27809506	MECHANISM_REVIEW: mechanism is absent; 5 source literature lead(s), 0 record evidence item(s), 0 target(s)
review-readiness	CHEBI:32047	premithramycin A2'	CHEBI	PMID:12813091|PMID:9733697	MECHANISM_REVIEW: mechanism is absent; 2 source literature lead(s), 0 record evidence item(s), 0 target(s)
review-readiness	CHEBI:32049	premithramycin A3'	CHEBI	PMID:10652287	MECHANISM_REVIEW: mechanism is absent; 1 source literature lead(s), 0 record evidence item(s), 0 target(s)
review-readiness	CHEBI:8405	primaquine	CHEBI	PMID:10928454|PMID:11303037|PMID:12036132|PMID:14917959|PMID:15494911	MECHANISM_REVIEW: mechanism is absent; 10 source literature lead(s), 0 record evidence item(s), 0 target(s)
review-readiness	CHEBI:8413	primin	CHEBI	PMID:11170656|PMID:15462465|PMID:17193236|PMID:17577376|PMID:17827773	MECHANISM_REVIEW: mechanism is absent; 5 source literature lead(s), 0 record evidence item(s), 0 target(s)
review-readiness	CHEBI:8417	pristinamycin IA	ARO+CHEBI	PMID:13672900	MECHANISM_REVIEW: mechanism is absent; 1 source literature lead(s), 0 record evidence item(s), 1 target(s)
review-readiness	CHEBI:8418	pristinamycin IB	ARO	PMID:15700955	MECHANISM_REVIEW: mechanism is absent; 1 source literature lead(s), 0 record evidence item(s), 1 target(s)
review-readiness	CHEBI:9997	pristinamycin IIA	CHEBI	PMID:15480455|PMID:24324222|PMID:24687494|PMID:25223995|PMID:3096930	MECHANISM_REVIEW: mechanism is absent; 6 source literature lead(s), 0 record evidence item(s), 0 target(s)
review-readiness	CHEBI:28472	proanthocyanidin A2	CHEBI	PMID:22020306|PMID:23195766|PMID:23268742	MECHANISM_REVIEW: mechanism is absent; 3 source literature lead(s), 0 record evidence item(s), 0 target(s)
review-readiness	CHEBI:81778	probenazole	CHEBI	PMID:11169191|PMID:16529792|PMID:19799551|PMID:21110127	MECHANISM_REVIEW: mechanism is absent; 4 source literature lead(s), 0 record evidence item(s), 0 target(s)
review-readiness	CHEBI:8434	prochloraz	ARO+CHEBI	PMID:16466539|PMID:24401010|PMID:24964350|PMID:25163568	MECHANISM_REVIEW: mechanism is source-seeded and not curator-checked; 4 source literature lead(s), 0 record evidence item(s), 0 target(s)
review-readiness	CHEBI:8450	procymidone	CHEBI	PMID:22689906|PMID:23620351|PMID:23722685|PMID:25111804|PMID:25306325	MECHANISM_REVIEW: mechanism is absent; 5 source literature lead(s), 0 record evidence item(s), 0 target(s)
review-readiness	CHEBI:82758	prodigiosin	CHEBI	PMID:15853884|PMID:24247721|PMID:24372158|PMID:24440841|PMID:24587717	MECHANISM_REVIEW: mechanism is absent; 10 source literature lead(s), 0 record evidence item(s), 0 target(s)
review-readiness	CHEBI:8455	proguanil	CHEBI	PMID:10348748|PMID:10848923|PMID:15504827|PMID:8866915	MECHANISM_REVIEW: mechanism is source-seeded and not curator-checked; 4 source literature lead(s), 0 record evidence item(s), 0 target(s)
review-readiness	CHEBI:8461	promethazine	CHEBI		MECHANISM_REVIEW: mechanism is absent; 0 source literature lead(s), 0 record evidence item(s), 0 target(s)
review-readiness	CHEBI:8462	promethazine hydrochloride	CHEBI	PMID:20541454|PMID:21125640|PMID:21134682|PMID:21788155|PMID:21871787	MECHANISM_REVIEW: mechanism is absent; 9 source literature lead(s), 0 record evidence item(s), 0 target(s)
review-readiness	CHEBI:171658	promysalin	CHEBI	PMID:22035801|PMID:26024439|PMID:26860469|PMID:27096543|PMID:28821717	MECHANISM_REVIEW: mechanism is absent; 10 source literature lead(s), 0 record evidence item(s), 0 target(s)
review-readiness	CHEBI:8464	prontosil	CHEBI	PMID:19283418|PMID:20781405|PMID:2080660	MECHANISM_REVIEW: mechanism is absent; 3 source literature lead(s), 0 record evidence item(s), 0 target(s)
review-readiness	CHEBI:28905	prop-2-yn-1-ol	CHEBI	PMID:18974778|PMID:20151225|PMID:23043843	MECHANISM_REVIEW: mechanism is absent; 3 source literature lead(s), 0 record evidence item(s), 0 target(s)
review-readiness	CHEBI:87462	propamidine	CHEBI	PMID:26101555	MECHANISM_REVIEW: mechanism is absent; 1 source literature lead(s), 0 record evidence item(s), 0 target(s)
review-readiness	CHEBI:87175	propamidine isethionate	CHEBI	PMID:23601234	MECHANISM_REVIEW: mechanism is absent; 1 source literature lead(s), 0 record evidence item(s), 0 target(s)
review-readiness	CHEBI:82033	propamocarb	CHEBI	PMID:14985943|PMID:15204535|PMID:22699710|PMID:24791956	MECHANISM_REVIEW: mechanism is absent; 4 source literature lead(s), 0 record evidence item(s), 0 target(s)
review-readiness	CHEBI:52429	propicillin	ARO+CHEBI	PMID:3588519|PMID:14056922	MECHANISM_REVIEW: mechanism is absent; 2 source literature lead(s), 0 record evidence item(s), 1 target(s)
review-readiness	CHEBI:8489	propiconazole	ARO+CHEBI	PMID:29507067|PMID:19128860	MECHANISM_REVIEW: mechanism is source-seeded and not curator-checked; 2 source literature lead(s), 0 record evidence item(s), 0 target(s)
review-readiness	CHEBI:81755	propineb	CHEBI	PMID:18822360|PMID:19911290|PMID:21442209|PMID:982313	MECHANISM_REVIEW: mechanism is absent; 4 source literature lead(s), 0 record evidence item(s), 0 target(s)
review-readiness	CHEBI:30768	propionic acid	CHEBI	PMID:15868474|PMID:1628870|PMID:16763906	MECHANISM_REVIEW: mechanism is absent; 3 source literature lead(s), 0 record evidence item(s), 0 target(s)
review-readiness	CHEBI:156072	propyl benzoate	CHEBI	PMID:11829642|PMID:15844481|PMID:18392755|PMID:19503938|PMID:21450321	MECHANISM_REVIEW: mechanism is absent; 8 source literature lead(s), 0 record evidence item(s), 0 target(s)
review-readiness	CHEBI:32063	propylparaben	CHEBI	PMID:21492176|PMID:21549034|PMID:21608130|PMID:21645663|PMID:21705745	MECHANISM_REVIEW: mechanism is absent; 10 source literature lead(s), 0 record evidence item(s), 0 target(s)
review-readiness	CHEBI:83555	proquinazid	CHEBI	PMID:19418441	MECHANISM_REVIEW: mechanism is absent; 1 source literature lead(s), 0 record evidence item(s), 0 target(s)
review-readiness	CHEBI:82084	prothiocarb	CHEBI	PMID:1063650	MECHANISM_REVIEW: mechanism is absent; 1 source literature lead(s), 0 record evidence item(s), 0 target(s)
review-readiness	CHEBI:32066	prothionamide	ARO	PMID:6459296	MECHANISM_REVIEW: mechanism is absent; 1 source literature lead(s), 0 record evidence item(s), 0 target(s)
review-readiness	CHEBI:15795	protoaphin aglucone	CHEBI		MECHANISM_REVIEW: mechanism is absent; 0 source literature lead(s), 0 record evidence item(s), 0 target(s)
review-readiness	CHEBI:73086	protobassic acid	CHEBI	PMID:14559279|PMID:20603877	MECHANISM_REVIEW: mechanism is absent; 2 source literature lead(s), 0 record evidence item(s), 0 target(s)
review-readiness	CHEBI:32071	Prulifloxacin	ARO+CHEBI	PMID:1667252|PMID:9531524|PMID:34905092|PMID:1335082|PMID:15646539	MECHANISM_REVIEW: mechanism is absent; 6 source literature lead(s), 0 record evidence item(s), 0 target(s)
review-readiness	CHEBI:8602	pseudobaptigenin	CHEBI	PMID:15283457|PMID:16413562|PMID:23265844	MECHANISM_REVIEW: mechanism is absent; 3 source literature lead(s), 0 record evidence item(s), 0 target(s)
review-readiness	CHEBI:78327	pseudobaptigenin(1−)	CHEBI		MECHANISM_REVIEW: mechanism is absent; 0 source literature lead(s), 0 record evidence item(s), 0 target(s)
review-readiness	CHEBI:29668	pulvomycin	ARO	PMID:16734421|PMID:15581367|PMID:364475|PMID:7957075	MECHANISM_REVIEW: mechanism is absent; 4 source literature lead(s), 0 record evidence item(s), 1 target(s)
review-readiness	CHEBI:167695	punicalagin	CHEBI	PMID:38085406|PMID:38266943|PMID:38455601|PMID:38609050|PMID:38625605	MECHANISM_REVIEW: mechanism is absent; 9 source literature lead(s), 0 record evidence item(s), 0 target(s)
review-readiness	CHEBI:17939	puromycin	ARO+CHEBI	PMID:7608059|PMID:13945541|PMID:15843471|PMID:18322149|PMID:323854	MECHANISM_REVIEW: mechanism is source-seeded and not curator-checked; 5 source literature lead(s), 0 record evidence item(s), 1 target(s)
review-readiness	CHEBI:69472	purpurester A	CHEBI	PMID:21879714	MECHANISM_REVIEW: mechanism is absent; 1 source literature lead(s), 0 record evidence item(s), 0 target(s)
review-readiness	CHEBI:8647	purpurogallin	CHEBI	PMID:1799443|PMID:18878807|PMID:8326817|PMID:9178568|PMID:9568088	MECHANISM_REVIEW: mechanism is absent; 5 source literature lead(s), 0 record evidence item(s), 0 target(s)
review-readiness	CHEBI:69470	purpurquinone B	CHEBI	PMID:21879714	MECHANISM_REVIEW: mechanism is absent; 1 source literature lead(s), 0 record evidence item(s), 0 target(s)
review-readiness	CHEBI:8653	pyocyanine	CHEBI	PMID:21888766|PMID:27322205|PMID:27517959|PMID:27559393|PMID:27940577	MECHANISM_REVIEW: mechanism is absent; 10 source literature lead(s), 0 record evidence item(s), 0 target(s)
review-readiness	CHEBI:156453	pyoluteorin	CHEBI	PMID:10094695|PMID:15989223|PMID:16269724|PMID:16391073|PMID:17308941	MECHANISM_REVIEW: mechanism is absent; 10 source literature lead(s), 0 record evidence item(s), 0 target(s)
review-readiness	CHEBI:78780	pyraclostrobin	ARO+CHEBI	PMID:12226492|PMID:22730168|PMID:23554042|PMID:23793800|PMID:23998307	MECHANISM_REVIEW: mechanism is source-seeded and not curator-checked; 10 source literature lead(s), 0 record evidence item(s), 0 target(s)
review-readiness	CHEBI:83212	pyrametostrobin	CHEBI		MECHANISM_REVIEW: mechanism is source-seeded and not curator-checked; 0 source literature lead(s), 0 record evidence item(s), 0 target(s)
review-readiness	CHEBI:66302	pyranojacareubin	CHEBI	PMID:15684529|PMID:17826924|PMID:19408685|PMID:21972812	MECHANISM_REVIEW: mechanism is absent; 4 source literature lead(s), 0 record evidence item(s), 0 target(s)
review-readiness	CHEBI:83202	pyraoxystrobin	CHEBI	PMID:24752609|PMID:24972875	MECHANISM_REVIEW: mechanism is source-seeded and not curator-checked; 2 source literature lead(s), 0 record evidence item(s), 0 target(s)
review-readiness	CHEBI:131601	pyraziflumid	CHEBI		MECHANISM_REVIEW: mechanism is absent; 0 source literature lead(s), 0 record evidence item(s), 0 target(s)
review-readiness	CHEBI:71311	pyrazine-2-carboxylic acid	CHEBI	PMID:19298694|PMID:19963078|PMID:20099263|PMID:20382083|PMID:20429806	MECHANISM_REVIEW: mechanism is absent; 10 source literature lead(s), 0 record evidence item(s), 0 target(s)
review-readiness	CHEBI:45285	pyrazinecarboxamide	ARO+CHEBI	PMID:26104205|PMID:14977529|PMID:18517115|PMID:18604033	MECHANISM_REVIEW: mechanism is absent; 4 source literature lead(s), 0 record evidence item(s), 0 target(s)
review-readiness	CHEBI:81942	pyrazophos	CHEBI	PMID:1063720|PMID:2742999|PMID:7881218	MECHANISM_REVIEW: mechanism is source-seeded and not curator-checked; 3 source literature lead(s), 0 record evidence item(s), 0 target(s)
review-readiness	CHEBI:83261	pyribencarb	CHEBI	PMID:24674936	MECHANISM_REVIEW: mechanism is source-seeded and not curator-checked; 1 source literature lead(s), 0 record evidence item(s), 0 target(s)
review-readiness	CHEBI:81736	pyributicarb	CHEBI	PMID:15853388|PMID:16233493|PMID:17293382|PMID:21115097	MECHANISM_REVIEW: mechanism is absent; 4 source literature lead(s), 0 record evidence item(s), 0 target(s)
review-readiness	CHEBI:84035	pyridoxatin	CHEBI	PMID:2071495|PMID:24663111	MECHANISM_REVIEW: mechanism is source-seeded and not curator-checked; 2 source literature lead(s), 0 record evidence item(s), 0 target(s)
review-readiness	CHEBI:81972	pyrifenox	ARO+CHEBI	PMID:10919801|PMID:15884838|PMID:23878964|PMID:24792151	MECHANISM_REVIEW: mechanism is source-seeded and not curator-checked; 4 source literature lead(s), 0 record evidence item(s), 0 target(s)
review-readiness	CHEBI:8673	pyrimethamine	ARO+CHEBI	PMID:24543765|PMID:11512524|PMID:11257045|PMID:11313656|PMID:12543697	MECHANISM_REVIEW: mechanism is source-seeded and not curator-checked; 9 source literature lead(s), 0 record evidence item(s), 0 target(s)
review-readiness	CHEBI:8674	pyrimethanil	CHEBI	PMID:22949075|PMID:23246620|PMID:23258318|PMID:23410121|PMID:23436777	MECHANISM_REVIEW: mechanism is absent; 10 source literature lead(s), 0 record evidence item(s), 0 target(s)
review-readiness	CHEBI:83663	pyrimorph	CHEBI	PMID:20000417|PMID:21298253|PMID:21567892|PMID:23431382|PMID:24093920	MECHANISM_REVIEW: mechanism is absent; 5 source literature lead(s), 0 record evidence item(s), 0 target(s)
review-readiness	CHEBI:83346	pyriofenone	CHEBI		MECHANISM_REVIEW: mechanism is absent; 0 source literature lead(s), 0 record evidence item(s), 0 target(s)
review-readiness	CHEBI:45395	pyrithiamine pyrophosphate	CHEBI	PMID:16356850|PMID:16365036|PMID:16728979|PMID:179991|PMID:18533652	MECHANISM_REVIEW: mechanism is absent; 5 source literature lead(s), 0 record evidence item(s), 0 target(s)
review-readiness	CHEBI:45141	pyroquilon	CHEBI	PMID:24646830	MECHANISM_REVIEW: mechanism is absent; 1 source literature lead(s), 0 record evidence item(s), 0 target(s)
review-readiness	CHEBI:32079	pyrrolnitrin	CHEBI	PMID:20373823|PMID:23149469|PMID:23990066|PMID:25679537|PMID:25901993	MECHANISM_REVIEW: mechanism is absent; 10 source literature lead(s), 0 record evidence item(s), 0 target(s)
review-readiness	CHEBI:156550	pyrrolomycin A	ARO+CHEBI	PMID:36171648|PMID:17158935|PMID:26798098|PMID:7309630|PMID:7333969	MECHANISM_REVIEW: mechanism is absent; 5 source literature lead(s), 0 record evidence item(s), 0 target(s)
review-readiness	CHEBI:59607	quaternium-15	CHEBI	PMID:15462465|PMID:20433443|PMID:20448270|PMID:21616561|PMID:22653068	MECHANISM_REVIEW: mechanism is absent; 6 source literature lead(s), 0 record evidence item(s), 0 target(s)
review-readiness	CHEBI:8695	quercetagetin	CHEBI	PMID:20685402|PMID:22223143|PMID:23000494|PMID:23142567	MECHANISM_REVIEW: mechanism is absent; 4 source literature lead(s), 0 record evidence item(s), 0 target(s)
review-readiness	CHEBI:16243	quercetin	CHEBI	PMID:16226777|PMID:17015250|PMID:17135030|PMID:17426744|PMID:18096136	MECHANISM_REVIEW: mechanism is absent; 10 source literature lead(s), 0 record evidence item(s), 3 target(s)
review-readiness	CHEBI:70147	quercetin-7-O-[α-L-rhamnopyranosyl(1→6)-β-D-galactopyranoside]	CHEBI	PMID:21155593	MECHANISM_REVIEW: mechanism is absent; 1 source literature lead(s), 0 record evidence item(s), 0 target(s)
review-readiness	CHEBI:17558	quercitrin	CHEBI	PMID:10963295|PMID:11714358|PMID:11816040|PMID:12008093|PMID:15388977	MECHANISM_REVIEW: mechanism is absent; 10 source literature lead(s), 0 record evidence item(s), 0 target(s)
review-readiness	CHEBI:192379	quinacillin	CHEBI	PMID:4108368	MECHANISM_REVIEW: mechanism is absent; 1 source literature lead(s), 0 record evidence item(s), 0 target(s)
review-readiness	CHEBI:8711	quinacrine	CHEBI	PMID:11339632|PMID:11908878|PMID:19747949	MECHANISM_REVIEW: mechanism is absent; 3 source literature lead(s), 0 record evidence item(s), 0 target(s)
review-readiness	CHEBI:233600	quinaminoprole	CHEBI		MECHANISM_REVIEW: mechanism is absent; 0 source literature lead(s), 0 record evidence item(s), 0 target(s)
review-readiness	CHEBI:28593	quinidine	CHEBI	PMID:12477351|PMID:12699389|PMID:14971904|PMID:14973303|PMID:15089813	MECHANISM_REVIEW: mechanism is absent; 10 source literature lead(s), 0 record evidence item(s), 0 target(s)
review-readiness	CHEBI:15854	quinine	CHEBI	PMID:10821711|PMID:10891117|PMID:10937718|PMID:11212126|PMID:11549443	MECHANISM_REVIEW: mechanism is absent; 10 source literature lead(s), 0 record evidence item(s), 0 target(s)
review-readiness	CHEBI:52250	quinine sulfate	CHEBI		MECHANISM_REVIEW: mechanism is absent; 0 source literature lead(s), 0 record evidence item(s), 0 target(s)
review-readiness	CHEBI:137041	quinine(1+)	CHEBI		MECHANISM_REVIEW: mechanism is absent; 0 source literature lead(s), 0 record evidence item(s), 0 target(s)
review-readiness	CHEBI:48981	quinolin-8-ol	CHEBI	PMID:16914038|PMID:24206710|PMID:24445658|PMID:26067700|PMID:8877786	MECHANISM_REVIEW: mechanism is absent; 6 source literature lead(s), 0 record evidence item(s), 0 target(s)
review-readiness	CHEBI:82040	quinoxyfen	CHEBI	PMID:21337673|PMID:23175987|PMID:23182285|PMID:23534560|PMID:24674876	MECHANISM_REVIEW: mechanism is absent; 6 source literature lead(s), 0 record evidence item(s), 0 target(s)
review-readiness	CHEBI:8732	quinupristin	ARO	PMID:9746015|PMID:15700955	MECHANISM_REVIEW: mechanism is absent; 2 source literature lead(s), 0 record evidence item(s), 1 target(s)
review-readiness	CHEBI:94771	quisinostat	CHEBI	PMID:19322073|PMID:19494837|PMID:19531653|PMID:19682743|PMID:19861438	MECHANISM_REVIEW: mechanism is absent; 10 source literature lead(s), 0 record evidence item(s), 0 target(s)
review-readiness	CHEBI:156041	rac5c	CHEBI	PMID:24568342	MECHANISM_REVIEW: mechanism is absent; 1 source literature lead(s), 0 record evidence item(s), 0 target(s)
review-readiness	CHEBI:556075	radicicol	CHEBI	PMID:16232632|PMID:16920739|PMID:18667483|PMID:20093793|PMID:20961859	MECHANISM_REVIEW: mechanism is absent; 6 source literature lead(s), 0 record evidence item(s), 0 target(s)
review-readiness	CHEBI:234200	rafoxanide	CHEBI	PMID:28371477|PMID:28375620|PMID:28761836|PMID:29956794|PMID:30360618	MECHANISM_REVIEW: mechanism is source-seeded and not curator-checked; 9 source literature lead(s), 0 record evidence item(s), 0 target(s)
review-readiness	CHEBI:29670	ramoplanin	ARO	PMID:25182650	MECHANISM_REVIEW: mechanism is absent; 1 source literature lead(s), 0 record evidence item(s), 0 target(s)
review-readiness	CHEBI:84037	ravidomycin	CHEBI	PMID:20140934|PMID:3729344|PMID:6421790|PMID:6853365	MECHANISM_REVIEW: mechanism is absent; 4 source literature lead(s), 0 record evidence item(s), 0 target(s)
review-readiness	CHEBI:143825	ravuconazole	ARO+CHEBI	PMID:18775650|PMID:10566016|PMID:11709320|PMID:18548464|PMID:20112166	MECHANISM_REVIEW: mechanism is source-seeded and not curator-checked; 10 source literature lead(s), 0 record evidence item(s), 0 target(s)
review-readiness	CHEBI:219363	reedsmycin A	CHEBI	PMID:29616210|PMID:29914489|PMID:31018512|PMID:36499372	MECHANISM_REVIEW: mechanism is absent; 4 source literature lead(s), 0 record evidence item(s), 0 target(s)
review-readiness	CHEBI:219367	reedsmycin B	CHEBI	PMID:31018512	MECHANISM_REVIEW: mechanism is absent; 1 source literature lead(s), 0 record evidence item(s), 0 target(s)
review-readiness	CHEBI:219375	reedsmycin C	CHEBI		MECHANISM_REVIEW: mechanism is absent; 0 source literature lead(s), 0 record evidence item(s), 0 target(s)
review-readiness	CHEBI:219380	reedsmycin D	CHEBI		MECHANISM_REVIEW: mechanism is absent; 0 source literature lead(s), 0 record evidence item(s), 0 target(s)
review-readiness	CHEBI:219386	reedsmycin E	CHEBI		MECHANISM_REVIEW: mechanism is absent; 0 source literature lead(s), 0 record evidence item(s), 0 target(s)
review-readiness	CHEBI:66297	remangiflavanone A	CHEBI	PMID:10978202	MECHANISM_REVIEW: mechanism is absent; 1 source literature lead(s), 0 record evidence item(s), 0 target(s)
review-readiness	CHEBI:66298	remangiflavanone B	CHEBI	PMID:10978202	MECHANISM_REVIEW: mechanism is absent; 1 source literature lead(s), 0 record evidence item(s), 0 target(s)
review-readiness	CHEBI:145994	remdesivir	CHEBI	PMID:26934220|PMID:28124907|PMID:28262699|PMID:28659436|PMID:29511076	MECHANISM_REVIEW: mechanism is absent; 9 source literature lead(s), 0 record evidence item(s), 0 target(s)
review-readiness	CHEBI:29672	resorcinol monoacetate	CHEBI	PMID:14397848|PMID:20383916|PMID:21013033|PMID:3219416|PMID:4705689	MECHANISM_REVIEW: mechanism is absent; 7 source literature lead(s), 0 record evidence item(s), 0 target(s)
review-readiness	CHEBI:66299	respirantin	CHEBI	PMID:17608530|PMID:17608531|PMID:8501018	MECHANISM_REVIEW: mechanism is absent; 3 source literature lead(s), 0 record evidence item(s), 0 target(s)
review-readiness	CHEBI:121196	reumycin	CHEBI	PMID:1656661|PMID:3566230|PMID:4026251|PMID:4062279|PMID:4322358	MECHANISM_REVIEW: mechanism is absent; 8 source literature lead(s), 0 record evidence item(s), 0 target(s)
review-readiness	CHEBI:229680	rezafungin	CHEBI	PMID:35249367	MECHANISM_REVIEW: mechanism is source-seeded and not curator-checked; 1 source literature lead(s), 0 record evidence item(s), 0 target(s)
review-readiness	CHEBI:230470	rezafungin acetate	CHEBI	PMID:31763045|PMID:37212966|PMID:37471252|PMID:38502709	MECHANISM_REVIEW: mechanism is source-seeded and not curator-checked; 4 source literature lead(s), 0 record evidence item(s), 0 target(s)
review-readiness	CHEBI:174376	rhapontigenin	CHEBI	PMID:11259321|PMID:16401387|PMID:17132206|PMID:17558811|PMID:20134237	MECHANISM_REVIEW: mechanism is absent; 10 source literature lead(s), 0 record evidence item(s), 0 target(s)
review-readiness	CHEBI:66303	rhinacanthin C	CHEBI	PMID:15256742|PMID:19303271|PMID:19403288|PMID:23025179|PMID:23393336	MECHANISM_REVIEW: mechanism is absent; 6 source literature lead(s), 0 record evidence item(s), 0 target(s)
review-readiness	CHEBI:66304	rhinacanthin D	CHEBI	PMID:19303271|PMID:19403288|PMID:19772749|PMID:8792629	MECHANISM_REVIEW: mechanism is absent; 4 source literature lead(s), 0 record evidence item(s), 0 target(s)
review-readiness	CHEBI:141316	rhizopycnolide A	CHEBI	PMID:27441892	MECHANISM_REVIEW: mechanism is absent; 1 source literature lead(s), 0 record evidence item(s), 0 target(s)
review-readiness	CHEBI:72590	rhizoxin	CHEBI	PMID:11169722|PMID:18344330|PMID:2364385|PMID:3120782|PMID:3753552	MECHANISM_REVIEW: mechanism is absent; 7 source literature lead(s), 0 record evidence item(s), 0 target(s)
review-readiness	CHEBI:32096	rhodomycin D	CHEBI	PMID:10631513|PMID:1473988|PMID:16545946|PMID:9098063	MECHANISM_REVIEW: mechanism is absent; 4 source literature lead(s), 0 record evidence item(s), 0 target(s)
review-readiness	CHEBI:66306	rhuscholide A	CHEBI	PMID:17290322	MECHANISM_REVIEW: mechanism is absent; 1 source literature lead(s), 0 record evidence item(s), 0 target(s)
review-readiness	CHEBI:63580	ribavirin	CHEBI	PMID:21827730|PMID:22052088|PMID:22052220|PMID:22156853|PMID:22158703	MECHANISM_REVIEW: mechanism is source-seeded and not curator-checked; 10 source literature lead(s), 0 record evidence item(s), 0 target(s)
review-readiness	CHEBI:180481	ribavirin 5'-diphosphate	CHEBI	PMID:10349689|PMID:10961691|PMID:15633995|PMID:17029670|PMID:22943620	MECHANISM_REVIEW: mechanism is absent; 10 source literature lead(s), 0 record evidence item(s), 0 target(s)
review-readiness	CHEBI:45490	ribavirin 5'-monophosphate	CHEBI	PMID:10878288|PMID:12235158|PMID:12458963|PMID:12950173|PMID:1430786	MECHANISM_REVIEW: mechanism is absent; 10 source literature lead(s), 0 record evidence item(s), 0 target(s)
review-readiness	CHEBI:45578	ribavirin 5'-triphosphate	CHEBI	PMID:11833782|PMID:12606760|PMID:15152003|PMID:15649562|PMID:15917509	MECHANISM_REVIEW: mechanism is source-seeded and not curator-checked; 10 source literature lead(s), 0 record evidence item(s), 0 target(s)
review-readiness	CHEBI:45257	ribostamycin	ARO+CHEBI	PMID:8385262|PMID:11083623|PMID:10103173|PMID:11741285|PMID:1551291	MECHANISM_REVIEW: mechanism is absent; 10 source literature lead(s), 0 record evidence item(s), 1 target(s)
review-readiness	CHEBI:10003	ribostamycin sulfate	CHEBI		MECHANISM_REVIEW: mechanism is absent; 0 source literature lead(s), 0 record evidence item(s), 0 target(s)
review-readiness	CHEBI:45367	rifabutin	ARO	PMID:15700959	MECHANISM_REVIEW: mechanism is absent; 1 source literature lead(s), 0 record evidence item(s), 1 target(s)
review-readiness	CHEBI:28077	rifampicin	ARO+CHEBI	PMID:15667909|PMID:6356275|PMID:11600355|PMID:14665784|PMID:14670633	MECHANISM_REVIEW: mechanism is source-seeded and not curator-checked; 12 source literature lead(s), 0 record evidence item(s), 1 target(s)
review-readiness	CHEBI:29673	rifamycin SV	CHEBI	PMID:25256628	MECHANISM_REVIEW: mechanism is absent; 1 source literature lead(s), 0 record evidence item(s), 0 target(s)
review-readiness	CHEBI:45304	rifapentine	ARO+CHEBI	PMID:15700959	MECHANISM_REVIEW: mechanism is absent; 1 source literature lead(s), 0 record evidence item(s), 1 target(s)
review-readiness	CHEBI:75246	rifaximin	ARO+CHEBI	PMID:15667909|PMID:23092785|PMID:23095030|PMID:23183443|PMID:23216382	MECHANISM_REVIEW: mechanism is absent; 11 source literature lead(s), 0 record evidence item(s), 1 target(s)
review-readiness	CHEBI:68602	rilpivirine hydrochloride	CHEBI	PMID:21225012|PMID:22257626	MECHANISM_REVIEW: mechanism is source-seeded and not curator-checked; 2 source literature lead(s), 0 record evidence item(s), 0 target(s)
review-readiness	CHEBI:85129	ristocetin	ARO+CHEBI	PMID:17620|PMID:2532132|PMID:25323720|PMID:25359910|PMID:25701765	MECHANISM_REVIEW: mechanism is absent; 5 source literature lead(s), 0 record evidence item(s), 1 target(s)
review-readiness	CHEBI:45409	ritonavir	CHEBI	PMID:11363086|PMID:11363184|PMID:11363300|PMID:11363329|PMID:11363397	MECHANISM_REVIEW: mechanism is source-seeded and not curator-checked; 10 source literature lead(s), 0 record evidence item(s), 0 target(s)
review-readiness	CHEBI:131785	Ro 5-3335	CHEBI	PMID:1282790|PMID:1362952|PMID:1397654|PMID:22912405|PMID:24651404	MECHANISM_REVIEW: mechanism is absent; 8 source literature lead(s), 0 record evidence item(s), 0 target(s)
review-readiness	CHEBI:8881	robustaflavone	CHEBI	PMID:10843573|PMID:19280159|PMID:9806485	MECHANISM_REVIEW: mechanism is absent; 3 source literature lead(s), 0 record evidence item(s), 0 target(s)
review-readiness	CHEBI:70146	robustaside D	CHEBI	PMID:21155593	MECHANISM_REVIEW: mechanism is absent; 1 source literature lead(s), 0 record evidence item(s), 0 target(s)
review-readiness	CHEBI:70143	robustaside E	CHEBI	PMID:21155593	MECHANISM_REVIEW: mechanism is absent; 1 source literature lead(s), 0 record evidence item(s), 0 target(s)
review-readiness	CHEBI:70144	robustaside F	CHEBI	PMID:21155593	MECHANISM_REVIEW: mechanism is absent; 1 source literature lead(s), 0 record evidence item(s), 0 target(s)
review-readiness	CHEBI:70145	robustaside G	CHEBI	PMID:21155593	MECHANISM_REVIEW: mechanism is absent; 1 source literature lead(s), 0 record evidence item(s), 0 target(s)
review-readiness	CHEBI:66309	rocaglamide	CHEBI	PMID:20685036|PMID:20706274|PMID:21417924|PMID:22283818	MECHANISM_REVIEW: mechanism is absent; 4 source literature lead(s), 0 record evidence item(s), 0 target(s)
review-readiness	CHEBI:156498	rohitukine	CHEBI	PMID:17963866|PMID:19686817|PMID:19757855|PMID:21898150|PMID:22113419	MECHANISM_REVIEW: mechanism is absent; 10 source literature lead(s), 0 record evidence item(s), 0 target(s)
review-readiness	CHEBI:32103	rokitamycin	ARO	PMID:1779258	MECHANISM_REVIEW: mechanism is absent; 1 source literature lead(s), 0 record evidence item(s), 0 target(s)
review-readiness	CHEBI:63334	rolitetracycline	CHEBI	PMID:1650428	MECHANISM_REVIEW: mechanism is source-seeded and not curator-checked; 1 source literature lead(s), 0 record evidence item(s), 0 target(s)
review-readiness	CHEBI:61080	romidepsin	CHEBI	PMID:18205373|PMID:20645688|PMID:21110829|PMID:7513682|PMID:8175483	MECHANISM_REVIEW: mechanism is absent; 5 source literature lead(s), 0 record evidence item(s), 0 target(s)
review-readiness	CHEBI:141154	ronidazole	CHEBI	PMID:15287575|PMID:21257565|PMID:22711930|PMID:25059163|PMID:25141357	MECHANISM_REVIEW: mechanism is absent; 10 source literature lead(s), 0 record evidence item(s), 0 target(s)
review-readiness	CHEBI:87084	rosaramicin	ARO+CHEBI	PMID:475368|PMID:2088343|PMID:3890223|PMID:3988965|PMID:43705	MECHANISM_REVIEW: mechanism is absent; 11 source literature lead(s), 0 record evidence item(s), 0 target(s)
review-readiness	CHEBI:72346	roseoflavin	CHEBI	PMID:11112846|PMID:16592946|PMID:18156273|PMID:19246992|PMID:19333008	MECHANISM_REVIEW: mechanism is absent; 10 source literature lead(s), 0 record evidence item(s), 0 target(s)
review-readiness	CHEBI:131715	rosoxacin	CHEBI	PMID:17804284|PMID:1966732|PMID:2934234|PMID:2958947|PMID:3122279	MECHANISM_REVIEW: mechanism is absent; 8 source literature lead(s), 0 record evidence item(s), 0 target(s)
review-readiness	CHEBI:68785	rotiorinol A	CHEBI	PMID:16792406	MECHANISM_REVIEW: mechanism is absent; 1 source literature lead(s), 0 record evidence item(s), 0 target(s)
review-readiness	CHEBI:68786	rotiorinol C	CHEBI	PMID:16792406	MECHANISM_REVIEW: mechanism is absent; 1 source literature lead(s), 0 record evidence item(s), 0 target(s)
review-readiness	CHEBI:35817	roxarsone	CHEBI	PMID:12724787|PMID:12731831|PMID:12731832|PMID:18414637|PMID:21388897	MECHANISM_REVIEW: mechanism is absent; 5 source literature lead(s), 0 record evidence item(s), 0 target(s)
review-readiness	CHEBI:48844	roxithromycin	ARO+CHEBI	PMID:15980346|PMID:10582867	MECHANISM_REVIEW: mechanism is absent; 2 source literature lead(s), 0 record evidence item(s), 1 target(s)
review-readiness	CHEBI:138243	rubesanolide D	CHEBI	PMID:22565549|PMID:28381502	MECHANISM_REVIEW: mechanism is absent; 2 source literature lead(s), 0 record evidence item(s), 0 target(s)
review-readiness	CHEBI:69533	rubiadin	CHEBI	PMID:10410466|PMID:16213120|PMID:19793347|PMID:20965744|PMID:21973054	MECHANISM_REVIEW: mechanism is absent; 8 source literature lead(s), 0 record evidence item(s), 0 target(s)
review-readiness	CHEBI:69518	rubiarbonol G	CHEBI	PMID:21973054	MECHANISM_REVIEW: mechanism is absent; 1 source literature lead(s), 0 record evidence item(s), 0 target(s)
review-readiness	CHEBI:66318	rubraxanthone	CHEBI	PMID:12494345|PMID:15451317|PMID:16394561|PMID:18523924|PMID:19652408	MECHANISM_REVIEW: mechanism is absent; 7 source literature lead(s), 0 record evidence item(s), 0 target(s)
review-readiness	CHEBI:66319	rubriflordilactone B	CHEBI	PMID:16494492|PMID:23210932	MECHANISM_REVIEW: mechanism is absent; 2 source literature lead(s), 0 record evidence item(s), 0 target(s)
review-readiness	CHEBI:68787	rubrorotiorin	CHEBI	PMID:16792406	MECHANISM_REVIEW: mechanism is absent; 1 source literature lead(s), 0 record evidence item(s), 0 target(s)
review-readiness	CHEBI:69039	rutarin	CHEBI	PMID:17262257|PMID:21985060|PMID:23477142	MECHANISM_REVIEW: mechanism is absent; 3 source literature lead(s), 0 record evidence item(s), 0 target(s)
review-readiness	CHEBI:133876	S-acetylglutathione	CHEBI	PMID:11743644|PMID:11888210|PMID:14624358|PMID:15617191|PMID:18164447	MECHANISM_REVIEW: mechanism is absent; 10 source literature lead(s), 0 record evidence item(s), 0 target(s)
review-readiness	CHEBI:156209	S-ethyl-L-cysteine	CHEBI	PMID:13207633|PMID:13327216|PMID:13327228|PMID:13440933|PMID:13606236	MECHANISM_REVIEW: mechanism is absent; 10 source literature lead(s), 0 record evidence item(s), 0 target(s)
review-readiness	CHEBI:91021	S-propyl propanethiosulfinate	CHEBI	PMID:10820136|PMID:21445384|PMID:26661932	MECHANISM_REVIEW: mechanism is absent; 3 source literature lead(s), 0 record evidence item(s), 0 target(s)
review-readiness	CHEBI:189704	saikosaponin C	CHEBI	PMID:10389276|PMID:14531019|PMID:15581913|PMID:18982483|PMID:24565837	MECHANISM_REVIEW: mechanism is absent; 10 source literature lead(s), 0 record evidence item(s), 0 target(s)
review-readiness	CHEBI:28927	sakuranetin	CHEBI	PMID:18522800|PMID:22148193|PMID:22512738|PMID:22895058|PMID:23170811	MECHANISM_REVIEW: mechanism is absent; 5 source literature lead(s), 0 record evidence item(s), 0 target(s)
review-readiness	CHEBI:66153	salaspermic acid	CHEBI	PMID:1375626|PMID:17972583|PMID:7720147|PMID:8158155	MECHANISM_REVIEW: mechanism is source-seeded and not curator-checked; 4 source literature lead(s), 0 record evidence item(s), 0 target(s)
review-readiness	CHEBI:239133	salicylanilide	CHEBI		MECHANISM_REVIEW: mechanism is absent; 0 source literature lead(s), 0 record evidence item(s), 0 target(s)
review-readiness	CHEBI:45615	salicylhydroxamic acid	CHEBI	PMID:16667326|PMID:1847381|PMID:22554042|PMID:23416493|PMID:24603484	MECHANISM_REVIEW: mechanism is absent; 7 source literature lead(s), 0 record evidence item(s), 0 target(s)
review-readiness	CHEBI:16914	salicylic acid	CHEBI	PMID:11016405|PMID:12865403|PMID:1650428|PMID:19400653|PMID:19816125	MECHANISM_REVIEW: mechanism is absent; 9 source literature lead(s), 0 record evidence item(s), 0 target(s)
review-readiness	CHEBI:80025	salinomycin	ARO	PMID:37276926	MECHANISM_REVIEW: mechanism is absent; 1 source literature lead(s), 0 record evidence item(s), 1 target(s)
review-readiness	CHEBI:17225	salutaridine	CHEBI	PMID:17226487|PMID:17611928	MECHANISM_REVIEW: mechanism is absent; 2 source literature lead(s), 0 record evidence item(s), 0 target(s)
review-readiness	CHEBI:66157	salzmannianoside A	CHEBI	PMID:8699187	MECHANISM_REVIEW: mechanism is absent; 1 source literature lead(s), 0 record evidence item(s), 0 target(s)
review-readiness	CHEBI:66158	salzmannianoside B	CHEBI	PMID:8699187	MECHANISM_REVIEW: mechanism is absent; 1 source literature lead(s), 0 record evidence item(s), 0 target(s)
review-readiness	CHEBI:66159	samaderine B	CHEBI	PMID:16253298|PMID:8945767	MECHANISM_REVIEW: mechanism is absent; 2 source literature lead(s), 0 record evidence item(s), 0 target(s)
review-readiness	CHEBI:66161	samaderine E	CHEBI	PMID:8945767	MECHANISM_REVIEW: mechanism is absent; 1 source literature lead(s), 0 record evidence item(s), 0 target(s)
review-readiness	CHEBI:66162	samaderine X	CHEBI	PMID:8945767	MECHANISM_REVIEW: mechanism is absent; 1 source literature lead(s), 0 record evidence item(s), 0 target(s)
review-readiness	CHEBI:66164	samaderine Z	CHEBI	PMID:8945767|PMID:9644063	MECHANISM_REVIEW: mechanism is absent; 2 source literature lead(s), 0 record evidence item(s), 0 target(s)
review-readiness	CHEBI:67606	sampangine	CHEBI	PMID:10425122|PMID:10843589|PMID:11374943|PMID:1433213|PMID:15033745	MECHANISM_REVIEW: mechanism is absent; 10 source literature lead(s), 0 record evidence item(s), 0 target(s)
review-readiness	CHEBI:66165	sandwicensin	CHEBI	PMID:12803562|PMID:18087807|PMID:19721263|PMID:20079815|PMID:9170286	MECHANISM_REVIEW: mechanism is absent; 5 source literature lead(s), 0 record evidence item(s), 0 target(s)
review-readiness	CHEBI:17183	sanguinarine	CHEBI	PMID:19346183	MECHANISM_REVIEW: mechanism is absent; 1 source literature lead(s), 0 record evidence item(s), 0 target(s)
review-readiness	CHEBI:76244	sapienic acid	CHEBI	PMID:16205069|PMID:18023803|PMID:21628132|PMID:22119675|PMID:22155833	MECHANISM_REVIEW: mechanism is absent; 10 source literature lead(s), 0 record evidence item(s), 0 target(s)
review-readiness	CHEBI:63621	saquinavir	CHEBI	PMID:21135186|PMID:21600016|PMID:21683096|PMID:21819645|PMID:21819804	MECHANISM_REVIEW: mechanism is source-seeded and not curator-checked; 10 source literature lead(s), 0 record evidence item(s), 0 target(s)
review-readiness	CHEBI:47458	saracatinib	CHEBI	PMID:17064066|PMID:22452946|PMID:23151808|PMID:24111605|PMID:26009269	MECHANISM_REVIEW: mechanism is absent; 10 source literature lead(s), 0 record evidence item(s), 1 target(s)
review-readiness	CHEBI:66173	sarasinoside J	CHEBI	PMID:16124767	MECHANISM_REVIEW: mechanism is absent; 1 source literature lead(s), 0 record evidence item(s), 0 target(s)
review-readiness	CHEBI:9044	savinin	CHEBI	PMID:11217086|PMID:12392817|PMID:15852488|PMID:17291735|PMID:17663539	MECHANISM_REVIEW: mechanism is source-seeded and not curator-checked; 10 source literature lead(s), 0 record evidence item(s), 0 target(s)
review-readiness	CHEBI:66177	scalusamide A	CHEBI	PMID:15730261	MECHANISM_REVIEW: mechanism is absent; 1 source literature lead(s), 0 record evidence item(s), 0 target(s)
review-readiness	CHEBI:193157	sceliphrolactam	CHEBI	PMID:21247188|PMID:21364940|PMID:29371699|PMID:31899637|PMID:34576875	MECHANISM_REVIEW: mechanism is absent; 5 source literature lead(s), 0 record evidence item(s), 0 target(s)
review-readiness	CHEBI:68748	sch 210971	CHEBI	PMID:16872138|PMID:23519550|PMID:25885659|PMID:26360642	MECHANISM_REVIEW: mechanism is absent; 4 source literature lead(s), 0 record evidence item(s), 0 target(s)
review-readiness	CHEBI:66180	sch 54445	CHEBI	PMID:9170295	MECHANISM_REVIEW: mechanism is absent; 1 source literature lead(s), 0 record evidence item(s), 0 target(s)
review-readiness	CHEBI:66179	sch 725432	CHEBI	PMID:19183048	MECHANISM_REVIEW: mechanism is absent; 1 source literature lead(s), 0 record evidence item(s), 0 target(s)
review-readiness	CHEBI:94998	SCH-79797	CHEBI	PMID:11020444|PMID:17468933|PMID:17577318|PMID:22592635|PMID:23000356	MECHANISM_REVIEW: mechanism is absent; 10 source literature lead(s), 0 record evidence item(s), 0 target(s)
review-readiness	CHEBI:66431	schisanlactone A	CHEBI	PMID:16394567|PMID:18547117|PMID:19813754	MECHANISM_REVIEW: mechanism is source-seeded and not curator-checked; 3 source literature lead(s), 0 record evidence item(s), 0 target(s)
review-readiness	CHEBI:66432	schisanwilsonene A	CHEBI	PMID:19228000	MECHANISM_REVIEW: mechanism is absent; 1 source literature lead(s), 0 record evidence item(s), 0 target(s)
review-readiness	CHEBI:9053	sclareol	CHEBI	PMID:16527443|PMID:22834731|PMID:23133579|PMID:23502334	MECHANISM_REVIEW: mechanism is absent; 4 source literature lead(s), 0 record evidence item(s), 0 target(s)
review-readiness	CHEBI:141365	sclerodol B	CHEBI	PMID:26826733	MECHANISM_REVIEW: mechanism is absent; 1 source literature lead(s), 0 record evidence item(s), 0 target(s)
review-readiness	CHEBI:66440	scleropyric acid	CHEBI	PMID:16204994	MECHANISM_REVIEW: mechanism is absent; 1 source literature lead(s), 0 record evidence item(s), 0 target(s)
review-readiness	CHEBI:66453	scutianthraquinone A	CHEBI	PMID:19282186	MECHANISM_REVIEW: mechanism is absent; 1 source literature lead(s), 0 record evidence item(s), 0 target(s)
review-readiness	CHEBI:66454	scutianthraquinone B	CHEBI	PMID:19282186	MECHANISM_REVIEW: mechanism is absent; 1 source literature lead(s), 0 record evidence item(s), 0 target(s)
review-readiness	CHEBI:66455	scutianthraquinone C	CHEBI	PMID:19282186	MECHANISM_REVIEW: mechanism is absent; 1 source literature lead(s), 0 record evidence item(s), 0 target(s)
review-readiness	CHEBI:45666	SDZ 35-682	CHEBI	PMID:7741522	MECHANISM_REVIEW: mechanism is absent; 1 source literature lead(s), 0 record evidence item(s), 0 target(s)
review-readiness	CHEBI:74526	sec-butylamine	CHEBI	PMID:5464092	MECHANISM_REVIEW: mechanism is absent; 1 source literature lead(s), 0 record evidence item(s), 0 target(s)
review-readiness	CHEBI:140628	secnidazole	CHEBI	PMID:27744624|PMID:28337876|PMID:28372197|PMID:28697102|PMID:28967984	MECHANISM_REVIEW: mechanism is absent; 10 source literature lead(s), 0 record evidence item(s), 0 target(s)
review-readiness	CHEBI:87042	seldomycin 5	CHEBI	PMID:838631	MECHANISM_REVIEW: mechanism is absent; 1 source literature lead(s), 0 record evidence item(s), 0 target(s)
review-readiness	CHEBI:27461	selenohomocystine	CHEBI	PMID:12003007|PMID:20825195|PMID:9701644	MECHANISM_REVIEW: mechanism is absent; 3 source literature lead(s), 0 record evidence item(s), 0 target(s)
review-readiness	CHEBI:45307	seliciclib	CHEBI	PMID:25148827|PMID:25378060|PMID:25650699|PMID:25726754|PMID:25747275	MECHANISM_REVIEW: mechanism is absent; 7 source literature lead(s), 0 record evidence item(s), 0 target(s)
review-readiness	CHEBI:66460	selinone	CHEBI	PMID:17518107	MECHANISM_REVIEW: mechanism is absent; 1 source literature lead(s), 0 record evidence item(s), 0 target(s)
review-readiness	CHEBI:90227	selumetinib	CHEBI	PMID:20407895|PMID:20978926|PMID:21594619|PMID:22241789|PMID:22343622	MECHANISM_REVIEW: mechanism is absent; 10 source literature lead(s), 0 record evidence item(s), 0 target(s)
review-readiness	CHEBI:66461	semicochliodinol A	CHEBI	PMID:9207909	MECHANISM_REVIEW: mechanism is source-seeded and not curator-checked; 1 source literature lead(s), 0 record evidence item(s), 0 target(s)
review-readiness	CHEBI:66462	semicochliodinol B	CHEBI	PMID:9207909	MECHANISM_REVIEW: mechanism is source-seeded and not curator-checked; 1 source literature lead(s), 0 record evidence item(s), 0 target(s)
review-readiness	CHEBI:156193	serratol	CHEBI	PMID:21157686|PMID:27352042|PMID:28738439|PMID:28847018|PMID:29492734	MECHANISM_REVIEW: mechanism is absent; 6 source literature lead(s), 0 record evidence item(s), 0 target(s)
review-readiness	CHEBI:231676	SF2523	CHEBI	PMID:23410005|PMID:27559828|PMID:28137841|PMID:29133261|PMID:29139214	MECHANISM_REVIEW: mechanism is absent; 10 source literature lead(s), 0 record evidence item(s), 0 target(s)
review-readiness	CHEBI:66479	siamenol	CHEBI	PMID:10757740|PMID:17036106|PMID:17602532	MECHANISM_REVIEW: mechanism is absent; 3 source literature lead(s), 0 record evidence item(s), 0 target(s)
review-readiness	CHEBI:90941	sibiromycin	CHEBI	PMID:1119795|PMID:18983|PMID:20544978|PMID:21111423|PMID:21612226	MECHANISM_REVIEW: mechanism is absent; 10 source literature lead(s), 0 record evidence item(s), 0 target(s)
review-readiness	CHEBI:167893	SID 26681509	CHEBI	PMID:18060772|PMID:18403718|PMID:18499453|PMID:22589721|PMID:26349060	MECHANISM_REVIEW: mechanism is absent; 6 source literature lead(s), 0 record evidence item(s), 0 target(s)
review-readiness	CHEBI:66482	sigmoidin A	CHEBI	PMID:14994185|PMID:19941260|PMID:22978690|PMID:2343463	MECHANISM_REVIEW: mechanism is absent; 4 source literature lead(s), 0 record evidence item(s), 0 target(s)
review-readiness	CHEBI:66483	sigmoidin B	CHEBI	PMID:14994185|PMID:2343463	MECHANISM_REVIEW: mechanism is absent; 2 source literature lead(s), 0 record evidence item(s), 0 target(s)
review-readiness	CHEBI:83393	silthiofam	CHEBI	PMID:22411909|PMID:24432637	MECHANISM_REVIEW: mechanism is absent; 2 source literature lead(s), 0 record evidence item(s), 0 target(s)
review-readiness	CHEBI:9142	silver(1+) sulfadiazinate	CHEBI		MECHANISM_REVIEW: mechanism is absent; 0 source literature lead(s), 0 record evidence item(s), 0 target(s)
review-readiness	CHEBI:66486	simalikalactone D	CHEBI	PMID:11141127|PMID:11842321|PMID:16730421|PMID:17340534|PMID:8289064	MECHANISM_REVIEW: mechanism is absent; 5 source literature lead(s), 0 record evidence item(s), 0 target(s)
review-readiness	CHEBI:45453	sinefungin	CHEBI	PMID:20347768|PMID:20859291|PMID:21738746|PMID:21781040|PMID:22342622	MECHANISM_REVIEW: mechanism is absent; 7 source literature lead(s), 0 record evidence item(s), 0 target(s)
review-readiness	CHEBI:9168	sirolimus	CHEBI	PMID:19587680|PMID:22960739|PMID:22981852|PMID:22984623|PMID:24341993	MECHANISM_REVIEW: mechanism is absent; 6 source literature lead(s), 0 record evidence item(s), 0 target(s)
review-readiness	CHEBI:9169	sisomycin	ARO+CHEBI	PMID:10103173|PMID:11083623|PMID:8385262	MECHANISM_REVIEW: mechanism is absent; 3 source literature lead(s), 0 record evidence item(s), 1 target(s)
review-readiness	CHEBI:4304	Sitafloxacin	ARO+CHEBI	PMID:21504249|PMID:15163198|PMID:15646539|PMID:17220419|PMID:17325221	MECHANISM_REVIEW: mechanism is absent; 11 source literature lead(s), 0 record evidence item(s), 0 target(s)
review-readiness	CHEBI:230532	SMIP004	CHEBI	PMID:21182779|PMID:23902736|PMID:28176922|PMID:30502341|PMID:30760284	MECHANISM_REVIEW: mechanism is absent; 10 source literature lead(s), 0 record evidence item(s), 0 target(s)
review-readiness	CHEBI:234143	sodium (E)-nifurstyrenate	CHEBI		MECHANISM_REVIEW: mechanism is absent; 0 source literature lead(s), 0 record evidence item(s), 0 target(s)
review-readiness	CHEBI:234142	sodium (Z)-nifurstyrenate	CHEBI		MECHANISM_REVIEW: mechanism is absent; 0 source literature lead(s), 0 record evidence item(s), 0 target(s)
review-readiness	CHEBI:36049	sodium arsanilate	CHEBI		MECHANISM_REVIEW: mechanism is absent; 0 source literature lead(s), 0 record evidence item(s), 0 target(s)
review-readiness	CHEBI:29678	sodium arsenite	CHEBI	PMID:17070520|PMID:19131511|PMID:20423156|PMID:20598115|PMID:23194016	MECHANISM_REVIEW: mechanism is absent; 10 source literature lead(s), 0 record evidence item(s), 0 target(s)
review-readiness	CHEBI:278547	sodium azide	CHEBI	PMID:25916484|PMID:28712037|PMID:28849152|PMID:29947902|PMID:30664159	MECHANISM_REVIEW: mechanism is absent; 10 source literature lead(s), 0 record evidence item(s), 0 target(s)
review-readiness	CHEBI:113455	sodium benzoate	CHEBI	PMID:25377186|PMID:25582668|PMID:26585641|PMID:26706697|PMID:26749113	MECHANISM_REVIEW: mechanism is absent; 10 source literature lead(s), 0 record evidence item(s), 0 target(s)
review-readiness	CHEBI:86431	sodium fluorophosphate	CHEBI	PMID:10413892|PMID:25403148|PMID:25834655|PMID:25864240|PMID:26015669	MECHANISM_REVIEW: mechanism is absent; 7 source literature lead(s), 0 record evidence item(s), 0 target(s)
review-readiness	CHEBI:32146	sodium hypochlorite	CHEBI	PMID:19707590|PMID:23011474|PMID:23355285|PMID:23701220|PMID:23710836	MECHANISM_REVIEW: mechanism is absent; 10 source literature lead(s), 0 record evidence item(s), 0 target(s)
review-readiness	CHEBI:234123	sodium nifurstyrenate	CHEBI	PMID:1352214|PMID:2016391|PMID:21081291|PMID:32069135|PMID:38100875	MECHANISM_REVIEW: mechanism is absent; 6 source literature lead(s), 0 record evidence item(s), 0 target(s)
review-readiness	CHEBI:78870	sodium nitrite	CHEBI	PMID:24200576|PMID:24266433|PMID:24333935|PMID:24363302|PMID:24535441	MECHANISM_REVIEW: mechanism is absent; 10 source literature lead(s), 0 record evidence item(s), 0 target(s)
review-readiness	CHEBI:52476	sodium phenolate	CHEBI		MECHANISM_REVIEW: mechanism is absent; 0 source literature lead(s), 0 record evidence item(s), 0 target(s)
review-readiness	CHEBI:132106	sodium propionate	CHEBI	PMID:26141376|PMID:27173555	MECHANISM_REVIEW: mechanism is absent; 2 source literature lead(s), 0 record evidence item(s), 0 target(s)
review-readiness	CHEBI:28148	sodium stibogluconate	CHEBI		MECHANISM_REVIEW: mechanism is absent; 0 source literature lead(s), 0 record evidence item(s), 0 target(s)
review-readiness	CHEBI:132112	sodium thiosulfate	CHEBI	PMID:26269005|PMID:26494591|PMID:26623950|PMID:26723482|PMID:26799451	MECHANISM_REVIEW: mechanism is absent; 10 source literature lead(s), 0 record evidence item(s), 0 target(s)
review-readiness	CHEBI:32150	sodium thiosulfate pentahydrate	CHEBI	PMID:31393123|PMID:36517667	MECHANISM_REVIEW: mechanism is absent; 2 source literature lead(s), 0 record evidence item(s), 0 target(s)
review-readiness	CHEBI:135732	sofalcone	CHEBI	PMID:11979875|PMID:15786539|PMID:17586104|PMID:19239904|PMID:20586860	MECHANISM_REVIEW: mechanism is absent; 10 source literature lead(s), 0 record evidence item(s), 0 target(s)
review-readiness	CHEBI:85083	sofosbuvir	CHEBI	PMID:25123381|PMID:25159822|PMID:25261839|PMID:25304641|PMID:25322962	MECHANISM_REVIEW: mechanism is source-seeded and not curator-checked; 10 source literature lead(s), 0 record evidence item(s), 0 target(s)
review-readiness	CHEBI:9190	solasodine	CHEBI	PMID:21062107|PMID:21496476|PMID:21605251|PMID:22399274|PMID:22460423	MECHANISM_REVIEW: mechanism is absent; 10 source literature lead(s), 0 record evidence item(s), 0 target(s)
review-readiness	CHEBI:229720	solasodine 3-β-D-glucoside	CHEBI	PMID:23229144|PMID:29731848	MECHANISM_REVIEW: mechanism is absent; 2 source literature lead(s), 0 record evidence item(s), 0 target(s)
review-readiness	CHEBI:145043	solasodine(1+)	CHEBI	PMID:25888493	MECHANISM_REVIEW: mechanism is absent; 1 source literature lead(s), 0 record evidence item(s), 0 target(s)
review-readiness	CHEBI:70023	sophoraflavanone A	CHEBI	PMID:11429999|PMID:19653666|PMID:21275386|PMID:22738984	MECHANISM_REVIEW: mechanism is absent; 4 source literature lead(s), 0 record evidence item(s), 0 target(s)
review-readiness	CHEBI:50209	sophoraflavanone G	CHEBI	PMID:10839220|PMID:10843587|PMID:17137127	MECHANISM_REVIEW: mechanism is absent; 3 source literature lead(s), 0 record evidence item(s), 0 target(s)
review-readiness	CHEBI:27494	sophoraisoflavanone A	CHEBI	PMID:11705451|PMID:15636183|PMID:17658714|PMID:19557362|PMID:31619703	MECHANISM_REVIEW: mechanism is absent; 5 source literature lead(s), 0 record evidence item(s), 0 target(s)
review-readiness	CHEBI:50924	sorafenib	CHEBI	PMID:18520294|PMID:19568496|PMID:19633425|PMID:19821497|PMID:36029544	MECHANISM_REVIEW: mechanism is absent; 5 source literature lead(s), 0 record evidence item(s), 0 target(s)
review-readiness	CHEBI:140259	sordaricin	CHEBI	PMID:12688749|PMID:15730285|PMID:16018317|PMID:16719473|PMID:18495187	MECHANISM_REVIEW: mechanism is absent; 6 source literature lead(s), 0 record evidence item(s), 0 target(s)
review-readiness	CHEBI:52549	sordarin	CHEBI		MECHANISM_REVIEW: mechanism is source-seeded and not curator-checked; 0 source literature lead(s), 0 record evidence item(s), 0 target(s)
review-readiness	CHEBI:66514	sorocenol G	CHEBI	PMID:18847244	MECHANISM_REVIEW: mechanism is absent; 1 source literature lead(s), 0 record evidence item(s), 0 target(s)
review-readiness	CHEBI:66515	sorocenol H	CHEBI	PMID:18847244	MECHANISM_REVIEW: mechanism is absent; 1 source literature lead(s), 0 record evidence item(s), 0 target(s)
review-readiness	CHEBI:90531	sotrastaurin	CHEBI	PMID:19491325|PMID:19827831|PMID:20003043|PMID:20683390|PMID:21142580	MECHANISM_REVIEW: mechanism is absent; 10 source literature lead(s), 0 record evidence item(s), 1 target(s)
review-readiness	CHEBI:66516	soulattrolide	CHEBI	PMID:15340243|PMID:7506311|PMID:8864237	MECHANISM_REVIEW: mechanism is source-seeded and not curator-checked; 3 source literature lead(s), 0 record evidence item(s), 0 target(s)
review-readiness	CHEBI:9212	sparfloxacin	ARO+CHEBI	PMID:1317145	MECHANISM_REVIEW: mechanism is absent; 1 source literature lead(s), 0 record evidence item(s), 1 target(s)
review-readiness	CHEBI:142841	spectinabilin	CHEBI	PMID:15932226|PMID:17763486|PMID:20094652|PMID:23968564|PMID:24402879	MECHANISM_REVIEW: mechanism is absent; 8 source literature lead(s), 0 record evidence item(s), 0 target(s)
review-readiness	CHEBI:9215	spectinomycin	ARO+CHEBI	PMID:11083623|PMID:8385262|PMID:10103173|PMID:23183436|PMID:23847609	MECHANISM_REVIEW: mechanism is absent; 10 source literature lead(s), 0 record evidence item(s), 1 target(s)
review-readiness	CHEBI:9216	spectinomycin dihydrochloride	CHEBI	PMID:124184|PMID:21710577|PMID:2977438|PMID:4235809|PMID:4263096	MECHANISM_REVIEW: mechanism is absent; 7 source literature lead(s), 0 record evidence item(s), 0 target(s)
review-readiness	CHEBI:9217	spectinomycin hydrochloride hydrate	CHEBI	PMID:139968|PMID:140849|PMID:144543|PMID:158782|PMID:20468746	MECHANISM_REVIEW: mechanism is absent; 10 source literature lead(s), 0 record evidence item(s), 0 target(s)
review-readiness	CHEBI:66517	SPF-32629A	CHEBI	PMID:16568716|PMID:21397370	MECHANISM_REVIEW: mechanism is absent; 2 source literature lead(s), 0 record evidence item(s), 0 target(s)
review-readiness	CHEBI:66518	SPF-32629B	CHEBI	PMID:16568716|PMID:21397370	MECHANISM_REVIEW: mechanism is absent; 2 source literature lead(s), 0 record evidence item(s), 0 target(s)
review-readiness	CHEBI:69494	sphaeropsidin A	ARO	PMID:38131643	MECHANISM_REVIEW: mechanism is absent; 1 source literature lead(s), 0 record evidence item(s), 0 target(s)
review-readiness	CHEBI:9230	spinosyn A	CHEBI	PMID:21544146|PMID:21834600|PMID:22097790|PMID:22200799|PMID:22686274	MECHANISM_REVIEW: mechanism is absent; 6 source literature lead(s), 0 record evidence item(s), 0 target(s)
review-readiness	CHEBI:9232	spinosyn D	CHEBI	PMID:11735521|PMID:11829646|PMID:12052185|PMID:15276725|PMID:17370806	MECHANISM_REVIEW: mechanism is absent; 10 source literature lead(s), 0 record evidence item(s), 0 target(s)
review-readiness	CHEBI:85260	spiramycin I	ARO+CHEBI	PMID:7683018|PMID:11913495|PMID:15925222|PMID:17849607|PMID:19692628	MECHANISM_REVIEW: mechanism is absent; 8 source literature lead(s), 0 record evidence item(s), 1 target(s)
review-readiness	CHEBI:31168	spiramycin II	CHEBI	PMID:15127585|PMID:16496680|PMID:20843520|PMID:2232146|PMID:23866271	MECHANISM_REVIEW: mechanism is absent; 10 source literature lead(s), 0 record evidence item(s), 0 target(s)
review-readiness	CHEBI:9242	spiroxamine	CHEBI	PMID:16366700|PMID:16526469|PMID:17804411|PMID:19733892|PMID:20060629	MECHANISM_REVIEW: mechanism is absent; 5 source literature lead(s), 0 record evidence item(s), 0 target(s)
review-readiness	CHEBI:141338	sporothriolide	CHEBI	PMID:11483061|PMID:25379335|PMID:27017876|PMID:29043802|PMID:8119853	MECHANISM_REVIEW: mechanism is absent; 5 source literature lead(s), 0 record evidence item(s), 0 target(s)
review-readiness	CHEBI:63581	stavudine	CHEBI		MECHANISM_REVIEW: mechanism is source-seeded and not curator-checked; 0 source literature lead(s), 0 record evidence item(s), 0 target(s)
review-readiness	CHEBI:156294	steffimycin D	CHEBI	PMID:16751529|PMID:1741962	MECHANISM_REVIEW: mechanism is absent; 2 source literature lead(s), 0 record evidence item(s), 0 target(s)
review-readiness	CHEBI:141330	stemphyperylenol	CHEBI	PMID:19670161|PMID:19967977|PMID:2036005|PMID:24114180|PMID:24689437	MECHANISM_REVIEW: mechanism is absent; 8 source literature lead(s), 0 record evidence item(s), 0 target(s)
review-readiness	CHEBI:145030	steviolbioside	CHEBI	PMID:15340201|PMID:15610349|PMID:1814608|PMID:22096997|PMID:26003514	MECHANISM_REVIEW: mechanism is absent; 10 source literature lead(s), 0 record evidence item(s), 0 target(s)
review-readiness	CHEBI:231728	stibavirin	CHEBI	PMID:15840499|PMID:15857997|PMID:18508107|PMID:20176111|PMID:20362353	MECHANISM_REVIEW: mechanism is absent; 9 source literature lead(s), 0 record evidence item(s), 0 target(s)
review-readiness	CHEBI:52551	stichloroside C1	CHEBI		MECHANISM_REVIEW: mechanism is absent; 0 source literature lead(s), 0 record evidence item(s), 0 target(s)
review-readiness	CHEBI:66524	streptokordin	CHEBI	PMID:16830891	MECHANISM_REVIEW: mechanism is absent; 1 source literature lead(s), 0 record evidence item(s), 0 target(s)
review-readiness	CHEBI:45773	streptolydigin	CHEBI	PMID:16122422|PMID:16167380|PMID:22820841|PMID:23494621|PMID:23591156	MECHANISM_REVIEW: mechanism is source-seeded and not curator-checked; 7 source literature lead(s), 0 record evidence item(s), 0 target(s)
review-readiness	CHEBI:17076	streptomycin	ARO+CHEBI	PMID:10103173|PMID:11083623|PMID:8385262|PMID:11228320|PMID:11905029	MECHANISM_REVIEW: mechanism is source-seeded and not curator-checked; 13 source literature lead(s), 0 record evidence item(s), 2 target(s)
review-readiness	CHEBI:15715	streptomycin 3''-phosphate	CHEBI		MECHANISM_REVIEW: mechanism is absent; 0 source literature lead(s), 0 record evidence item(s), 0 target(s)
review-readiness	CHEBI:16479	streptomycin 6-phosphate	CHEBI		MECHANISM_REVIEW: mechanism is absent; 0 source literature lead(s), 0 record evidence item(s), 0 target(s)
review-readiness	CHEBI:9287	streptonigrin	CHEBI	PMID:10328288|PMID:10465544|PMID:1905760|PMID:2738877	MECHANISM_REVIEW: mechanism is absent; 4 source literature lead(s), 0 record evidence item(s), 0 target(s)
review-readiness	CHEBI:60828	streptothricin D	CHEBI	PMID:16641084|PMID:19897889	MECHANISM_REVIEW: mechanism is absent; 2 source literature lead(s), 0 record evidence item(s), 0 target(s)
review-readiness	CHEBI:60821	streptothricin F	ARO+CHEBI	PMID:10103173|PMID:8385262|PMID:11083623|PMID:16641084|PMID:19897889	MECHANISM_REVIEW: mechanism is absent; 5 source literature lead(s), 0 record evidence item(s), 1 target(s)
review-readiness	CHEBI:60822	streptothricin F(3+)	CHEBI	PMID:16641084|PMID:19897889	MECHANISM_REVIEW: mechanism is absent; 2 source literature lead(s), 0 record evidence item(s), 0 target(s)
review-readiness	CHEBI:66525	streptoverticillin	CHEBI	PMID:17446689	MECHANISM_REVIEW: mechanism is absent; 1 source literature lead(s), 0 record evidence item(s), 0 target(s)
review-readiness	CHEBI:9288	streptozocin	CHEBI	PMID:12613763|PMID:23151907|PMID:23333576|PMID:23600389|PMID:23612842	MECHANISM_REVIEW: mechanism is source-seeded and not curator-checked; 7 source literature lead(s), 0 record evidence item(s), 0 target(s)
review-readiness	CHEBI:83924	strobilurin B	CHEBI	PMID:11561403|PMID:16493822|PMID:17474024|PMID:20329738|PMID:563391	MECHANISM_REVIEW: mechanism is source-seeded and not curator-checked; 6 source literature lead(s), 0 record evidence item(s), 0 target(s)
review-readiness	CHEBI:66526	strongylin A	CHEBI	PMID:1791476	MECHANISM_REVIEW: mechanism is source-seeded and not curator-checked; 1 source literature lead(s), 0 record evidence item(s), 0 target(s)
review-readiness	CHEBI:66528	strychnogucine A	CHEBI	PMID:11170658	MECHANISM_REVIEW: mechanism is absent; 1 source literature lead(s), 0 record evidence item(s), 0 target(s)
review-readiness	CHEBI:66529	strychnogucine B	CHEBI	PMID:11170658	MECHANISM_REVIEW: mechanism is absent; 1 source literature lead(s), 0 record evidence item(s), 0 target(s)
review-readiness	CHEBI:66530	suaveolindole	CHEBI	PMID:15679334|PMID:17696355	MECHANISM_REVIEW: mechanism is absent; 2 source literature lead(s), 0 record evidence item(s), 0 target(s)
review-readiness	CHEBI:66531	suberosol	CHEBI	PMID:12205865|PMID:8377018	MECHANISM_REVIEW: mechanism is absent; 2 source literature lead(s), 0 record evidence item(s), 0 target(s)
review-readiness	CHEBI:138961	sugiol	CHEBI	PMID:15856404|PMID:16828933|PMID:22010351|PMID:22174076|PMID:22436445	MECHANISM_REVIEW: mechanism is absent; 10 source literature lead(s), 0 record evidence item(s), 0 target(s)
review-readiness	CHEBI:9321	sulbactam	CHEBI	PMID:11220688|PMID:17422866|PMID:17422867|PMID:17630699|PMID:18611714	MECHANISM_REVIEW: mechanism is absent; 10 source literature lead(s), 0 record evidence item(s), 0 target(s)
review-readiness	CHEBI:135467	sulbactam pivoxil	CHEBI	PMID:10782385|PMID:21680260|PMID:2296030|PMID:3547627|PMID:6294045	MECHANISM_REVIEW: mechanism is absent; 5 source literature lead(s), 0 record evidence item(s), 0 target(s)
review-readiness	CHEBI:157785	sulbactam sodium	CHEBI	PMID:22041274|PMID:24495837|PMID:28099605|PMID:33302688|PMID:34017455	MECHANISM_REVIEW: mechanism is absent; 10 source literature lead(s), 0 record evidence item(s), 0 target(s)
review-readiness	CHEBI:9322	sulbenicillin	CHEBI	PMID:11317344|PMID:1384868|PMID:3114912|PMID:4347548|PMID:6176550	MECHANISM_REVIEW: mechanism is absent; 6 source literature lead(s), 0 record evidence item(s), 0 target(s)
review-readiness	CHEBI:94677	sulfabenzamide	CHEBI	PMID:19028005|PMID:25086620|PMID:30580515	MECHANISM_REVIEW: mechanism is absent; 3 source literature lead(s), 0 record evidence item(s), 0 target(s)
review-readiness	CHEBI:145405	sulfabromomethazine	CHEBI	PMID:13533757|PMID:30580515	MECHANISM_REVIEW: mechanism is absent; 2 source literature lead(s), 0 record evidence item(s), 0 target(s)
review-readiness	CHEBI:63845	sulfacetamide	ARO+CHEBI	PMID:8133250|PMID:21486528	MECHANISM_REVIEW: mechanism is source-seeded and not curator-checked; 2 source literature lead(s), 0 record evidence item(s), 1 target(s)
review-readiness	CHEBI:63858	sulfacetamide sodium	CHEBI		MECHANISM_REVIEW: mechanism is source-seeded and not curator-checked; 0 source literature lead(s), 0 record evidence item(s), 0 target(s)
review-readiness	CHEBI:9327	sulfacetamide sodium anhydrous	CHEBI	PMID:1133718|PMID:19271381|PMID:19330270|PMID:20073032|PMID:20232584	MECHANISM_REVIEW: mechanism is source-seeded and not curator-checked; 10 source literature lead(s), 0 record evidence item(s), 0 target(s)
review-readiness	CHEBI:59057	sulfachloropyridazine	CHEBI	PMID:18969712|PMID:24234758|PMID:24806993|PMID:26291757|PMID:3237218	MECHANISM_REVIEW: mechanism is source-seeded and not curator-checked; 6 source literature lead(s), 0 record evidence item(s), 0 target(s)
review-readiness	CHEBI:9328	sulfadiazine	ARO+CHEBI	PMID:4597736|PMID:11431418|PMID:12811231|PMID:13037579|PMID:15907564	MECHANISM_REVIEW: mechanism is source-seeded and not curator-checked; 11 source literature lead(s), 0 record evidence item(s), 1 target(s)
review-readiness	CHEBI:32161	sulfadimethoxine	CHEBI	PMID:11431418|PMID:12038137|PMID:13831481|PMID:13840927|PMID:14435331	MECHANISM_REVIEW: mechanism is absent; 10 source literature lead(s), 0 record evidence item(s), 0 target(s)
review-readiness	CHEBI:9329	sulfadoxine	ARO+CHEBI	PMID:21029476|PMID:11431418|PMID:14711594|PMID:23183348	MECHANISM_REVIEW: mechanism is absent; 4 source literature lead(s), 0 record evidence item(s), 1 target(s)
review-readiness	CHEBI:145407	sulfaethoxypyridazine	CHEBI	PMID:30580515|PMID:5189754|PMID:5831049|PMID:5963854|PMID:6059670	MECHANISM_REVIEW: mechanism is absent; 5 source literature lead(s), 0 record evidence item(s), 0 target(s)
review-readiness	CHEBI:94621	sulfaguanidine	CHEBI	PMID:17393284|PMID:20726233|PMID:22197018|PMID:26327456|PMID:29145096	MECHANISM_REVIEW: mechanism is absent; 6 source literature lead(s), 0 record evidence item(s), 0 target(s)
review-readiness	CHEBI:102130	sulfamerazine	ARO+CHEBI	PMID:37081146|PMID:11431418|PMID:13037579|PMID:23627444|PMID:2434548	MECHANISM_REVIEW: mechanism is absent; 7 source literature lead(s), 0 record evidence item(s), 0 target(s)
review-readiness	CHEBI:102265	sulfamethazine	ARO+CHEBI	PMID:15673783|PMID:11431418|PMID:14552772|PMID:15603963|PMID:17311370	MECHANISM_REVIEW: mechanism is source-seeded and not curator-checked; 11 source literature lead(s), 0 record evidence item(s), 1 target(s)
review-readiness	CHEBI:9331	sulfamethizole	ARO+CHEBI	PMID:2372557|PMID:11431418|PMID:17180970|PMID:20303138|PMID:21275251	MECHANISM_REVIEW: mechanism is source-seeded and not curator-checked; 5 source literature lead(s), 0 record evidence item(s), 1 target(s)
review-readiness	CHEBI:9332	sulfamethoxazole	ARO+CHEBI	PMID:1093654|PMID:10843725|PMID:10891117|PMID:10969989|PMID:11350866	MECHANISM_REVIEW: mechanism is source-seeded and not curator-checked; 11 source literature lead(s), 0 record evidence item(s), 1 target(s)
review-readiness	CHEBI:53727	sulfamethoxydiazine	CHEBI	PMID:11431418	MECHANISM_REVIEW: mechanism is absent; 1 source literature lead(s), 0 record evidence item(s), 0 target(s)
review-readiness	CHEBI:102516	sulfamethoxypyridazine	CHEBI	PMID:11431418|PMID:13363378|PMID:13488278|PMID:13521763|PMID:13559967	MECHANISM_REVIEW: mechanism is source-seeded and not curator-checked; 10 source literature lead(s), 0 record evidence item(s), 0 target(s)
review-readiness	CHEBI:88258	sulfametrole	CHEBI	PMID:24257317|PMID:25830929|PMID:3764627|PMID:578421|PMID:6343878	MECHANISM_REVIEW: mechanism is absent; 10 source literature lead(s), 0 record evidence item(s), 0 target(s)
review-readiness	CHEBI:55548	sulfamoxole	CHEBI	PMID:13882073|PMID:13888264|PMID:3237218|PMID:3876325|PMID:9886437	MECHANISM_REVIEW: mechanism is absent; 5 source literature lead(s), 0 record evidence item(s), 0 target(s)
review-readiness	CHEBI:45373	sulfanilamide	ARO+CHEBI	PMID:37081146|PMID:22214209|PMID:22342371|PMID:22974493|PMID:23061287	MECHANISM_REVIEW: mechanism is absent; 11 source literature lead(s), 0 record evidence item(s), 3 target(s)
review-readiness	CHEBI:131722	sulfaperin	CHEBI	PMID:13998307|PMID:14456012|PMID:22279018	MECHANISM_REVIEW: mechanism is absent; 3 source literature lead(s), 0 record evidence item(s), 0 target(s)
review-readiness	CHEBI:77780	sulfaphenazole	CHEBI	PMID:13873771|PMID:18845175|PMID:22785021|PMID:24519941|PMID:9864343	MECHANISM_REVIEW: mechanism is absent; 5 source literature lead(s), 0 record evidence item(s), 0 target(s)
review-readiness	CHEBI:132842	sulfapyridine	CHEBI	PMID:11431418|PMID:17964793|PMID:6136612|PMID:6993682|PMID:7021831	MECHANISM_REVIEW: mechanism is absent; 5 source literature lead(s), 0 record evidence item(s), 0 target(s)
review-readiness	CHEBI:9334	sulfasalazine	ARO	PMID:22555	MECHANISM_REVIEW: mechanism is absent; 1 source literature lead(s), 0 record evidence item(s), 1 target(s)
review-readiness	CHEBI:9337	sulfathiazole	CHEBI	PMID:11431418|PMID:7486915	MECHANISM_REVIEW: mechanism is source-seeded and not curator-checked; 2 source literature lead(s), 0 record evidence item(s), 0 target(s)
review-readiness	CHEBI:131723	sulfathiourea	CHEBI	PMID:13137202|PMID:15198720|PMID:1911981|PMID:21024878|PMID:24544024	MECHANISM_REVIEW: mechanism is source-seeded and not curator-checked; 6 source literature lead(s), 0 record evidence item(s), 0 target(s)
review-readiness	CHEBI:32166	sulfisomidine	CHEBI	PMID:11431418|PMID:13316533|PMID:24727175|PMID:621636|PMID:6483571	MECHANISM_REVIEW: mechanism is absent; 6 source literature lead(s), 0 record evidence item(s), 0 target(s)
review-readiness	CHEBI:102484	sulfisoxazole	ARO+CHEBI	PMID:978409|PMID:1861917|PMID:4960234|PMID:7356572	MECHANISM_REVIEW: mechanism is absent; 4 source literature lead(s), 0 record evidence item(s), 1 target(s)
review-readiness	CHEBI:88263	sulfisoxazole diolamine	CHEBI	PMID:13011090|PMID:14080864|PMID:272602|PMID:641660|PMID:7224931	MECHANISM_REVIEW: mechanism is absent; 5 source literature lead(s), 0 record evidence item(s), 0 target(s)
review-readiness	CHEBI:192798	sulfociprofloxacin	CHEBI	PMID:1937996|PMID:2612228|PMID:2731404|PMID:3292209|PMID:34624141	MECHANISM_REVIEW: mechanism is absent; 7 source literature lead(s), 0 record evidence item(s), 0 target(s)
review-readiness	CHEBI:51770	sultamicillin	CHEBI		MECHANISM_REVIEW: mechanism is absent; 0 source literature lead(s), 0 record evidence item(s), 0 target(s)
review-readiness	CHEBI:45906	suramin	CHEBI	PMID:11549724|PMID:15733555|PMID:15774519|PMID:28457855|PMID:29414872	MECHANISM_REVIEW: mechanism is absent; 10 source literature lead(s), 0 record evidence item(s), 1 target(s)
review-readiness	CHEBI:9364	suramin sodium	CHEBI	PMID:10763460|PMID:13065125|PMID:13291367|PMID:13586201|PMID:13661600	MECHANISM_REVIEW: mechanism is absent; 10 source literature lead(s), 0 record evidence item(s), 0 target(s)
review-readiness	CHEBI:71976	surfactin A	CHEBI	PMID:20134245	MECHANISM_REVIEW: mechanism is absent; 1 source literature lead(s), 0 record evidence item(s), 0 target(s)
review-readiness	CHEBI:71977	surfactin B	CHEBI		MECHANISM_REVIEW: mechanism is absent; 0 source literature lead(s), 0 record evidence item(s), 0 target(s)
review-readiness	CHEBI:71978	surfactin C	CHEBI	PMID:12007605|PMID:16245181|PMID:16734989|PMID:17126323|PMID:17928958	MECHANISM_REVIEW: mechanism is absent; 5 source literature lead(s), 0 record evidence item(s), 0 target(s)
review-readiness	CHEBI:71979	surfactin D	CHEBI		MECHANISM_REVIEW: mechanism is absent; 0 source literature lead(s), 0 record evidence item(s), 0 target(s)
review-readiness	CHEBI:66537	swertifrancheside	CHEBI	PMID:7513747|PMID:7561895|PMID:8615799	MECHANISM_REVIEW: mechanism is source-seeded and not curator-checked; 3 source literature lead(s), 0 record evidence item(s), 0 target(s)
review-readiness	CHEBI:66538	swertipunicoside	CHEBI		MECHANISM_REVIEW: mechanism is source-seeded and not curator-checked; 0 source literature lead(s), 0 record evidence item(s), 0 target(s)
review-readiness	CHEBI:66539	syncarpamide	CHEBI	PMID:14738394	MECHANISM_REVIEW: mechanism is absent; 1 source literature lead(s), 0 record evidence item(s), 0 target(s)
review-readiness	CHEBI:77762	syringomycin E	CHEBI	PMID:10770748|PMID:10922463|PMID:11916856|PMID:12829286|PMID:1420960	MECHANISM_REVIEW: mechanism is absent; 10 source literature lead(s), 0 record evidence item(s), 0 target(s)
review-readiness	CHEBI:156429	tabtoxin	CHEBI	PMID:10047897|PMID:11264746|PMID:11922760|PMID:12425044|PMID:12527305	MECHANISM_REVIEW: mechanism is absent; 10 source literature lead(s), 0 record evidence item(s), 0 target(s)
review-readiness	CHEBI:9391	talampicillin	CHEBI	PMID:12026108|PMID:1253699|PMID:29017833|PMID:328109|PMID:776328	MECHANISM_REVIEW: mechanism is absent; 6 source literature lead(s), 0 record evidence item(s), 0 target(s)
review-readiness	CHEBI:66186	talosin A	CHEBI	PMID:17191678|PMID:17191679|PMID:19214388|PMID:21586869	MECHANISM_REVIEW: mechanism is absent; 4 source literature lead(s), 0 record evidence item(s), 0 target(s)
review-readiness	CHEBI:66187	talosin B	CHEBI	PMID:17191678|PMID:17191679	MECHANISM_REVIEW: mechanism is absent; 2 source literature lead(s), 0 record evidence item(s), 0 target(s)
review-readiness	CHEBI:9397	tamoxifen citrate	CHEBI		MECHANISM_REVIEW: mechanism is absent; 0 source literature lead(s), 0 record evidence item(s), 0 target(s)
review-readiness	CHEBI:69475	TAN-931	CHEBI	PMID:2071487|PMID:2071488|PMID:21879714	MECHANISM_REVIEW: mechanism is absent; 3 source literature lead(s), 0 record evidence item(s), 0 target(s)
review-readiness	CHEBI:135173	taurolidine	CHEBI	PMID:31208832|PMID:31264069|PMID:31859763|PMID:33844787|PMID:34034903	MECHANISM_REVIEW: mechanism is absent; 9 source literature lead(s), 0 record evidence item(s), 0 target(s)
review-readiness	CHEBI:77942	tavaborole	CHEBI	PMID:16854048|PMID:17588934|PMID:17621679|PMID:17668368|PMID:19426743	MECHANISM_REVIEW: mechanism is source-seeded and not curator-checked; 10 source literature lead(s), 0 record evidence item(s), 0 target(s)
review-readiness	CHEBI:9421	tazobactam	CHEBI	PMID:25098503|PMID:25512410|PMID:25529765|PMID:25609660|PMID:25662788	MECHANISM_REVIEW: mechanism is absent; 6 source literature lead(s), 0 record evidence item(s), 0 target(s)
review-readiness	CHEBI:85192	tazobactam sodium	CHEBI	PMID:22667102|PMID:7876373	MECHANISM_REVIEW: mechanism is absent; 2 source literature lead(s), 0 record evidence item(s), 0 target(s)
review-readiness	CHEBI:83779	tebuconazole	ARO	PMID:32186508	MECHANISM_REVIEW: mechanism is absent; 1 source literature lead(s), 0 record evidence item(s), 0 target(s)
review-readiness	CHEBI:83266	tebufloquin	CHEBI		MECHANISM_REVIEW: mechanism is absent; 0 source literature lead(s), 0 record evidence item(s), 0 target(s)
review-readiness	CHEBI:83341	tecloftalam	CHEBI	PMID:7251992|PMID:7320333	MECHANISM_REVIEW: mechanism is absent; 2 source literature lead(s), 0 record evidence item(s), 0 target(s)
review-readiness	CHEBI:82044	tecnazene	CHEBI	PMID:11409977|PMID:18800534|PMID:8851822|PMID:9064247	MECHANISM_REVIEW: mechanism is absent; 4 source literature lead(s), 0 record evidence item(s), 0 target(s)
review-readiness	CHEBI:82717	tedizolid	ARO+CHEBI	PMID:22324973|PMID:27904526|PMID:23571550|PMID:23589680|PMID:23926058	MECHANISM_REVIEW: mechanism is source-seeded and not curator-checked; 12 source literature lead(s), 0 record evidence item(s), 0 target(s)
review-readiness	CHEBI:83326	tedizolid phosphate	CHEBI		MECHANISM_REVIEW: mechanism is source-seeded and not curator-checked; 0 source literature lead(s), 0 record evidence item(s), 0 target(s)
review-readiness	CHEBI:34995	teicoplanin A2-1	CHEBI		MECHANISM_REVIEW: mechanism is absent; 0 source literature lead(s), 0 record evidence item(s), 0 target(s)
review-readiness	CHEBI:85251	teicoplanin A2-2	CHEBI	PMID:11833531|PMID:25095906|PMID:25147913	MECHANISM_REVIEW: mechanism is absent; 3 source literature lead(s), 0 record evidence item(s), 0 target(s)
review-readiness	CHEBI:34996	teicoplanin A2-3	CHEBI		MECHANISM_REVIEW: mechanism is absent; 0 source literature lead(s), 0 record evidence item(s), 0 target(s)
review-readiness	CHEBI:34997	teicoplanin A2-4	CHEBI		MECHANISM_REVIEW: mechanism is absent; 0 source literature lead(s), 0 record evidence item(s), 0 target(s)
review-readiness	CHEBI:34998	teicoplanin A2-5	CHEBI		MECHANISM_REVIEW: mechanism is absent; 0 source literature lead(s), 0 record evidence item(s), 0 target(s)
review-readiness	CHEBI:84192	teixobactin	ARO+CHEBI	PMID:25561178|PMID:32457238|PMID:32503964|PMID:32520557|PMID:32971758	MECHANISM_REVIEW: mechanism is absent; 10 source literature lead(s), 0 record evidence item(s), 2 target(s)
review-readiness	CHEBI:68595	telaprevir	CHEBI	PMID:20945948|PMID:21884670|PMID:21940388|PMID:22039291|PMID:22095516	MECHANISM_REVIEW: mechanism is source-seeded and not curator-checked; 10 source literature lead(s), 0 record evidence item(s), 0 target(s)
review-readiness	CHEBI:71229	telavancin	ARO+CHEBI	PMID:19401479|PMID:19436839|PMID:18671473|PMID:18443115|PMID:21740298	MECHANISM_REVIEW: mechanism is absent; 13 source literature lead(s), 0 record evidence item(s), 1 target(s)
review-readiness	CHEBI:71226	telavancin hydrochloride	CHEBI	PMID:14576125|PMID:15834452|PMID:16894408|PMID:17073522|PMID:18850047	MECHANISM_REVIEW: mechanism is absent; 10 source literature lead(s), 0 record evidence item(s), 0 target(s)
review-readiness	CHEBI:63624	telbivudine	CHEBI	PMID:21040410|PMID:21147187|PMID:21457439|PMID:21586234|PMID:21642814	MECHANISM_REVIEW: mechanism is source-seeded and not curator-checked; 10 source literature lead(s), 0 record evidence item(s), 0 target(s)
review-readiness	CHEBI:29688	telithromycin	ARO	PMID:15700954	MECHANISM_REVIEW: mechanism is absent; 1 source literature lead(s), 0 record evidence item(s), 1 target(s)
review-readiness	CHEBI:51817	temocillin	ARO+CHEBI	PMID:22294983|PMID:22115539|PMID:29017833	MECHANISM_REVIEW: mechanism is absent; 3 source literature lead(s), 0 record evidence item(s), 0 target(s)
review-readiness	CHEBI:63625	tenofovir (anhydrous)	CHEBI	PMID:11777298|PMID:25017682|PMID:28166217|PMID:28503983	MECHANISM_REVIEW: mechanism is source-seeded and not curator-checked; 4 source literature lead(s), 0 record evidence item(s), 0 target(s)
review-readiness	CHEBI:90926	tenofovir alafenamide	CHEBI		MECHANISM_REVIEW: mechanism is source-seeded and not curator-checked; 0 source literature lead(s), 0 record evidence item(s), 0 target(s)
review-readiness	CHEBI:90923	tenofovir alafenamide fumarate	CHEBI	PMID:24289800|PMID:25102336|PMID:25134808|PMID:25745115|PMID:25965310	MECHANISM_REVIEW: mechanism is source-seeded and not curator-checked; 8 source literature lead(s), 0 record evidence item(s), 0 target(s)
review-readiness	CHEBI:63717	tenofovir disoproxil	CHEBI		MECHANISM_REVIEW: mechanism is source-seeded and not curator-checked; 0 source literature lead(s), 0 record evidence item(s), 0 target(s)
review-readiness	CHEBI:63718	tenofovir disoproxil fumarate	CHEBI	PMID:12064015|PMID:15482138|PMID:15669881|PMID:18434949|PMID:19372836	MECHANISM_REVIEW: mechanism is source-seeded and not curator-checked; 9 source literature lead(s), 0 record evidence item(s), 0 target(s)
review-readiness	CHEBI:63716	tenofovir hydrate	CHEBI		MECHANISM_REVIEW: mechanism is source-seeded and not curator-checked; 0 source literature lead(s), 0 record evidence item(s), 0 target(s)
review-readiness	CHEBI:134504	tenofovir(1−)	CHEBI		MECHANISM_REVIEW: mechanism is source-seeded and not curator-checked; 0 source literature lead(s), 0 record evidence item(s), 0 target(s)
review-readiness	CHEBI:133829	tensyuic acid C	CHEBI	PMID:17827758	MECHANISM_REVIEW: mechanism is absent; 1 source literature lead(s), 0 record evidence item(s), 0 target(s)
review-readiness	CHEBI:9448	terbinafine	ARO+CHEBI	PMID:1372222|PMID:23750489|PMID:23802806|PMID:23841559|PMID:23895037	MECHANISM_REVIEW: mechanism is source-seeded and not curator-checked; 11 source literature lead(s), 0 record evidence item(s), 0 target(s)
review-readiness	CHEBI:77614	terbinafine hydrochloride	CHEBI	PMID:22297749|PMID:22873754|PMID:22923986|PMID:23057672|PMID:23263751	MECHANISM_REVIEW: mechanism is source-seeded and not curator-checked; 10 source literature lead(s), 0 record evidence item(s), 0 target(s)
review-readiness	CHEBI:66202	termilignan B	CHEBI	PMID:18484533	MECHANISM_REVIEW: mechanism is absent; 1 source literature lead(s), 0 record evidence item(s), 0 target(s)
review-readiness	CHEBI:50301	terpentecin	CHEBI		MECHANISM_REVIEW: mechanism is absent; 0 source literature lead(s), 0 record evidence item(s), 0 target(s)
review-readiness	CHEBI:64090	tert-butyl hydroperoxide	CHEBI	PMID:21418283|PMID:22037478|PMID:22039964|PMID:22326806|PMID:22337620	MECHANISM_REVIEW: mechanism is absent; 6 source literature lead(s), 0 record evidence item(s), 0 target(s)
review-readiness	CHEBI:147409	tert-butyl N-{1-[(1S)-1-{[(1R,2S)-1-(benzylcarbamoyl)-1-hydroxy-3-[(3S)-2-oxopyrrolidin-3-yl]propan-2-yl]carbamoyl}-2-cyclopropylethyl]-2-oxopyridin-3-yl}carbamate	CHEBI	PMID:32198291	MECHANISM_REVIEW: mechanism is source-seeded and not curator-checked; 1 source literature lead(s), 0 record evidence item(s), 0 target(s)
review-readiness	CHEBI:32197	tetracenomycin A2	ARO+CHEBI	PMID:7982994|PMID:3460987	MECHANISM_REVIEW: mechanism is absent; 2 source literature lead(s), 0 record evidence item(s), 0 target(s)
review-readiness	CHEBI:32198	tetracenomycin B1	CHEBI		MECHANISM_REVIEW: mechanism is absent; 0 source literature lead(s), 0 record evidence item(s), 0 target(s)
review-readiness	CHEBI:32199	tetracenomycin B2	CHEBI	PMID:11325225|PMID:3460987	MECHANISM_REVIEW: mechanism is absent; 2 source literature lead(s), 0 record evidence item(s), 0 target(s)
review-readiness	CHEBI:32200	tetracenomycin B3	CHEBI		MECHANISM_REVIEW: mechanism is absent; 0 source literature lead(s), 0 record evidence item(s), 0 target(s)
review-readiness	CHEBI:9470	tetracenomycin C	ARO+CHEBI	PMID:11851469	MECHANISM_REVIEW: mechanism is absent; 1 source literature lead(s), 0 record evidence item(s), 0 target(s)
review-readiness	CHEBI:32201	tetracenomycin D1	CHEBI		MECHANISM_REVIEW: mechanism is absent; 0 source literature lead(s), 0 record evidence item(s), 0 target(s)
review-readiness	CHEBI:32202	tetracenomycin D3	CHEBI	PMID:3170342	MECHANISM_REVIEW: mechanism is absent; 1 source literature lead(s), 0 record evidence item(s), 0 target(s)
review-readiness	CHEBI:32204	tetracenomycin E	CHEBI		MECHANISM_REVIEW: mechanism is absent; 0 source literature lead(s), 0 record evidence item(s), 0 target(s)
review-readiness	CHEBI:32205	tetracenomycin F1	CHEBI	PMID:8218177|PMID:8229013|PMID:8244926|PMID:8329392	MECHANISM_REVIEW: mechanism is absent; 4 source literature lead(s), 0 record evidence item(s), 0 target(s)
review-readiness	CHEBI:32207	tetracenomycin F2	CHEBI		MECHANISM_REVIEW: mechanism is absent; 0 source literature lead(s), 0 record evidence item(s), 0 target(s)
review-readiness	CHEBI:32208	tetracenomycin M	CHEBI		MECHANISM_REVIEW: mechanism is absent; 0 source literature lead(s), 0 record evidence item(s), 0 target(s)
review-readiness	CHEBI:27902	tetracycline	ARO+CHEBI	PMID:19862477|PMID:11381101|PMID:11061623|PMID:11550419|PMID:11744940	MECHANISM_REVIEW: mechanism is source-seeded and not curator-checked; 12 source literature lead(s), 0 record evidence item(s), 1 target(s)
review-readiness	CHEBI:77932	tetracycline zwitterion	CHEBI		MECHANISM_REVIEW: mechanism is source-seeded and not curator-checked; 0 source literature lead(s), 0 record evidence item(s), 0 target(s)
review-readiness	CHEBI:66216	tetrahydroxysqualene	CHEBI	PMID:18710283	MECHANISM_REVIEW: mechanism is absent; 1 source literature lead(s), 0 record evidence item(s), 0 target(s)
review-readiness	CHEBI:32211	tetrangomycin	CHEBI	PMID:11671566|PMID:5883506|PMID:5919937|PMID:8990300	MECHANISM_REVIEW: mechanism is absent; 4 source literature lead(s), 0 record evidence item(s), 0 target(s)
review-readiness	CHEBI:135420	tetroxoprim	ARO	PMID:3043259|PMID:7036848	MECHANISM_REVIEW: mechanism is absent; 2 source literature lead(s), 0 record evidence item(s), 1 target(s)
review-readiness	CHEBI:136609	theaflavin	CHEBI	PMID:26386739|PMID:26851019|PMID:27237789|PMID:27756182|PMID:27838465	MECHANISM_REVIEW: mechanism is absent; 9 source literature lead(s), 0 record evidence item(s), 0 target(s)
review-readiness	CHEBI:9518	theasinensin A	CHEBI	PMID:11312805|PMID:14735433|PMID:21082860|PMID:21864060|PMID:21881268	MECHANISM_REVIEW: mechanism is absent; 10 source literature lead(s), 0 record evidence item(s), 0 target(s)
review-readiness	CHEBI:52550	theopalauamide	CHEBI		MECHANISM_REVIEW: mechanism is absent; 0 source literature lead(s), 0 record evidence item(s), 0 target(s)
review-readiness	CHEBI:45979	thiabendazole	ARO+CHEBI	PMID:19854306|PMID:26969433|PMID:11226373|PMID:13900465|PMID:23790859	MECHANISM_REVIEW: mechanism is absent; 6 source literature lead(s), 0 record evidence item(s), 0 target(s)
review-readiness	CHEBI:32215	thiamphenicol	ARO+CHEBI	PMID:15539072	MECHANISM_REVIEW: mechanism is absent; 1 source literature lead(s), 0 record evidence item(s), 1 target(s)
review-readiness	CHEBI:66219	thiazomycin	CHEBI	PMID:17917239	MECHANISM_REVIEW: mechanism is absent; 1 source literature lead(s), 0 record evidence item(s), 0 target(s)
review-readiness	CHEBI:32216	thiethylperazine maleate	CHEBI		MECHANISM_REVIEW: mechanism is absent; 0 source literature lead(s), 0 record evidence item(s), 0 target(s)
review-readiness	CHEBI:81794	thifluzamide	CHEBI	PMID:15350409	MECHANISM_REVIEW: mechanism is source-seeded and not curator-checked; 1 source literature lead(s), 0 record evidence item(s), 0 target(s)
review-readiness	CHEBI:9546	thimerosal	CHEBI	PMID:18837732|PMID:21616561|PMID:21785120|PMID:22015977|PMID:22366633	MECHANISM_REVIEW: mechanism is absent; 10 source literature lead(s), 0 record evidence item(s), 1 target(s)
review-readiness	CHEBI:134958	thioacetazone	ARO	PMID:18094751	MECHANISM_REVIEW: mechanism is absent; 1 source literature lead(s), 0 record evidence item(s), 0 target(s)
review-readiness	CHEBI:156450	thiolutin	CHEBI	PMID:11433393|PMID:17036064|PMID:17914747|PMID:18720982|PMID:19579057	MECHANISM_REVIEW: mechanism is source-seeded and not curator-checked; 10 source literature lead(s), 0 record evidence item(s), 0 target(s)
review-readiness	CHEBI:66220	thiomarinol A	CHEBI	PMID:7592043|PMID:8294241	MECHANISM_REVIEW: mechanism is absent; 2 source literature lead(s), 0 record evidence item(s), 0 target(s)
review-readiness	CHEBI:66221	thiomarinol B	CHEBI	PMID:7592043	MECHANISM_REVIEW: mechanism is absent; 1 source literature lead(s), 0 record evidence item(s), 0 target(s)
review-readiness	CHEBI:66222	thiomarinol C	CHEBI	PMID:7592043	MECHANISM_REVIEW: mechanism is absent; 1 source literature lead(s), 0 record evidence item(s), 0 target(s)
review-readiness	CHEBI:66223	thiomarinol D	CHEBI	PMID:9207918	MECHANISM_REVIEW: mechanism is absent; 1 source literature lead(s), 0 record evidence item(s), 0 target(s)
review-readiness	CHEBI:66224	thiomarinol E	CHEBI	PMID:9207918	MECHANISM_REVIEW: mechanism is absent; 1 source literature lead(s), 0 record evidence item(s), 0 target(s)
review-readiness	CHEBI:66225	thiomarinol F	CHEBI	PMID:9207918	MECHANISM_REVIEW: mechanism is absent; 1 source literature lead(s), 0 record evidence item(s), 0 target(s)
review-readiness	CHEBI:66226	thiomarinol G	CHEBI	PMID:9207918	MECHANISM_REVIEW: mechanism is absent; 1 source literature lead(s), 0 record evidence item(s), 0 target(s)
review-readiness	CHEBI:82060	thiophanate	CHEBI		MECHANISM_REVIEW: mechanism is absent; 0 source literature lead(s), 0 record evidence item(s), 0 target(s)
review-readiness	CHEBI:35014	thiophanate-methyl	CHEBI	PMID:22057426|PMID:22667099|PMID:23242258|PMID:23775824|PMID:23978278	MECHANISM_REVIEW: mechanism is absent; 7 source literature lead(s), 0 record evidence item(s), 0 target(s)
review-readiness	CHEBI:29693	thiostrepton	ARO+CHEBI	PMID:5409975|PMID:14405296|PMID:16076225|PMID:19652535|PMID:21107477	MECHANISM_REVIEW: mechanism is source-seeded and not curator-checked; 11 source literature lead(s), 0 record evidence item(s), 1 target(s)
review-readiness	CHEBI:29694	thiotropocin	CHEBI	PMID:11671526|PMID:16269767|PMID:18062698|PMID:21430694|PMID:6511658	MECHANISM_REVIEW: mechanism is absent; 5 source literature lead(s), 0 record evidence item(s), 0 target(s)
review-readiness	CHEBI:9495	thiram	CHEBI	PMID:14587840|PMID:1842585|PMID:20940038|PMID:3055654|PMID:3176026	MECHANISM_REVIEW: mechanism is absent; 5 source literature lead(s), 0 record evidence item(s), 0 target(s)
review-readiness	CHEBI:81825	tiadinil	CHEBI	PMID:21726399|PMID:22669277|PMID:23653630|PMID:23825350	MECHANISM_REVIEW: mechanism is absent; 4 source literature lead(s), 0 record evidence item(s), 0 target(s)
review-readiness	CHEBI:44137	tiamulin	ARO+CHEBI	PMID:20112168|PMID:15554968|PMID:19362093|PMID:11555289|PMID:15013817	MECHANISM_REVIEW: mechanism is absent; 9 source literature lead(s), 0 record evidence item(s), 0 target(s)
review-readiness	CHEBI:66230	tianshic acid	CHEBI	PMID:12381110|PMID:16651764|PMID:18619265|PMID:23186307	MECHANISM_REVIEW: mechanism is absent; 4 source literature lead(s), 0 record evidence item(s), 0 target(s)
review-readiness	CHEBI:9587	ticarcillin	ARO+CHEBI	PMID:21504594|PMID:22252797|PMID:12569987|PMID:1384868|PMID:23775821	MECHANISM_REVIEW: mechanism is absent; 7 source literature lead(s), 0 record evidence item(s), 0 target(s)
review-readiness	CHEBI:149836	tigecycline	ARO+CHEBI	PMID:11381101|PMID:19862477|PMID:17194827|PMID:17210772|PMID:17220399	MECHANISM_REVIEW: mechanism is absent; 8 source literature lead(s), 0 record evidence item(s), 1 target(s)
review-readiness	CHEBI:195409	tilmicosin	ARO+CHEBI	PMID:37110187|PMID:16343900|PMID:25891984|PMID:32759764|PMID:33248551	MECHANISM_REVIEW: mechanism is absent; 11 source literature lead(s), 0 record evidence item(s), 0 target(s)
review-readiness	CHEBI:147347	tilorone	CHEBI	PMID:17571857|PMID:18157163|PMID:22281189|PMID:23665799|PMID:29133569	MECHANISM_REVIEW: mechanism is absent; 10 source literature lead(s), 0 record evidence item(s), 2 target(s)
review-readiness	CHEBI:147356	tilorone dihydrochloride	CHEBI	PMID:10769698|PMID:124872|PMID:16758904|PMID:17279|PMID:176928	MECHANISM_REVIEW: mechanism is absent; 10 source literature lead(s), 0 record evidence item(s), 0 target(s)
review-readiness	CHEBI:63627	tinidazole	ARO+CHEBI	PMID:3733593|PMID:5458368	MECHANISM_REVIEW: mechanism is absent; 2 source literature lead(s), 0 record evidence item(s), 0 target(s)
review-readiness	CHEBI:9555	tioguanine	CHEBI	PMID:21803983|PMID:22178190|PMID:22245861|PMID:22261533|PMID:22280519	MECHANISM_REVIEW: mechanism is absent; 10 source literature lead(s), 0 record evidence item(s), 0 target(s)
review-readiness	CHEBI:63628	tipranavir	CHEBI	PMID:17620375|PMID:20368406|PMID:21041916|PMID:21571982|PMID:21576452	MECHANISM_REVIEW: mechanism is source-seeded and not curator-checked; 10 source literature lead(s), 0 record evidence item(s), 0 target(s)
review-readiness	CHEBI:78887	tirapazamine	CHEBI	PMID:22331808|PMID:22531857|PMID:22666522|PMID:22946564|PMID:23033890	MECHANISM_REVIEW: mechanism is absent; 10 source literature lead(s), 0 record evidence item(s), 0 target(s)
review-readiness	CHEBI:40021	tiratricol	CHEBI	PMID:12059130|PMID:12660410|PMID:15148977|PMID:1517383|PMID:18715309	MECHANISM_REVIEW: mechanism is absent; 10 source literature lead(s), 0 record evidence item(s), 0 target(s)
review-readiness	CHEBI:66232	TMC-135A	CHEBI	PMID:10994816	MECHANISM_REVIEW: mechanism is absent; 1 source literature lead(s), 0 record evidence item(s), 0 target(s)
review-readiness	CHEBI:66233	TMC-135B	CHEBI	PMID:10994816	MECHANISM_REVIEW: mechanism is absent; 1 source literature lead(s), 0 record evidence item(s), 0 target(s)
review-readiness	CHEBI:66234	TMC-1A	CHEBI	PMID:9031666	MECHANISM_REVIEW: mechanism is absent; 1 source literature lead(s), 0 record evidence item(s), 0 target(s)
review-readiness	CHEBI:66235	TMC-1B	CHEBI	PMID:9031666	MECHANISM_REVIEW: mechanism is absent; 1 source literature lead(s), 0 record evidence item(s), 0 target(s)
review-readiness	CHEBI:66236	TMC-1C	CHEBI	PMID:9031666	MECHANISM_REVIEW: mechanism is absent; 1 source literature lead(s), 0 record evidence item(s), 0 target(s)
review-readiness	CHEBI:66237	TMC-1D	CHEBI	PMID:9031666	MECHANISM_REVIEW: mechanism is absent; 1 source literature lead(s), 0 record evidence item(s), 0 target(s)
review-readiness	CHEBI:66238	TMC-52A	CHEBI	PMID:9727388	MECHANISM_REVIEW: mechanism is absent; 1 source literature lead(s), 0 record evidence item(s), 0 target(s)
review-readiness	CHEBI:66239	TMC-52B	CHEBI	PMID:9727388	MECHANISM_REVIEW: mechanism is absent; 1 source literature lead(s), 0 record evidence item(s), 0 target(s)
review-readiness	CHEBI:66240	TMC-52C	CHEBI	PMID:9727388	MECHANISM_REVIEW: mechanism is absent; 1 source literature lead(s), 0 record evidence item(s), 0 target(s)
review-readiness	CHEBI:66241	TMC-52D	CHEBI	PMID:9727388	MECHANISM_REVIEW: mechanism is absent; 1 source literature lead(s), 0 record evidence item(s), 0 target(s)
review-readiness	CHEBI:66242	TMC-86A	CHEBI	PMID:10695669|PMID:10724010	MECHANISM_REVIEW: mechanism is absent; 2 source literature lead(s), 0 record evidence item(s), 0 target(s)
review-readiness	CHEBI:66243	TMC-86B	CHEBI	PMID:10695669|PMID:10724010	MECHANISM_REVIEW: mechanism is absent; 2 source literature lead(s), 0 record evidence item(s), 0 target(s)
review-readiness	CHEBI:66281	TMC-89A	CHEBI	PMID:11099231	MECHANISM_REVIEW: mechanism is absent; 1 source literature lead(s), 0 record evidence item(s), 0 target(s)
review-readiness	CHEBI:66282	TMC-89B	CHEBI	PMID:11099231	MECHANISM_REVIEW: mechanism is absent; 1 source literature lead(s), 0 record evidence item(s), 0 target(s)
review-readiness	CHEBI:40322	TMC-95A	CHEBI	PMID:10814045	MECHANISM_REVIEW: mechanism is absent; 1 source literature lead(s), 0 record evidence item(s), 0 target(s)
review-readiness	CHEBI:66246	TMC-95B	CHEBI	PMID:10814045	MECHANISM_REVIEW: mechanism is absent; 1 source literature lead(s), 0 record evidence item(s), 0 target(s)
review-readiness	CHEBI:66247	TMC-95C	CHEBI	PMID:10814045	MECHANISM_REVIEW: mechanism is absent; 1 source literature lead(s), 0 record evidence item(s), 0 target(s)
review-readiness	CHEBI:66248	TMC-95D	CHEBI	PMID:10814045	MECHANISM_REVIEW: mechanism is absent; 1 source literature lead(s), 0 record evidence item(s), 0 target(s)
review-readiness	CHEBI:66244	TMC-96	CHEBI	PMID:10695669|PMID:10724010	MECHANISM_REVIEW: mechanism is absent; 2 source literature lead(s), 0 record evidence item(s), 0 target(s)
review-readiness	CHEBI:28864	tobramycin	ARO+CHEBI	PMID:10103173|PMID:8385262|PMID:11083623|PMID:11000679|PMID:11072877	MECHANISM_REVIEW: mechanism is absent; 13 source literature lead(s), 0 record evidence item(s), 1 target(s)
review-readiness	CHEBI:81731	tolclofos-methyl	CHEBI	PMID:11258873	MECHANISM_REVIEW: mechanism is absent; 1 source literature lead(s), 0 record evidence item(s), 0 target(s)
review-readiness	CHEBI:38628	tolfenpyrad	CHEBI	PMID:21268826|PMID:22606819|PMID:22743356|PMID:22802573|PMID:23785993	MECHANISM_REVIEW: mechanism is source-seeded and not curator-checked; 7 source literature lead(s), 0 record evidence item(s), 0 target(s)
review-readiness	CHEBI:9620	tolnaftate	ARO+CHEBI	PMID:14287998|PMID:20347664|PMID:2061794|PMID:20635527|PMID:21565546	MECHANISM_REVIEW: mechanism is absent; 11 source literature lead(s), 0 record evidence item(s), 0 target(s)
review-readiness	CHEBI:85628	tolprocarb	CHEBI		MECHANISM_REVIEW: mechanism is absent; 0 source literature lead(s), 0 record evidence item(s), 0 target(s)
review-readiness	CHEBI:66249	tolybyssidin A	CHEBI	PMID:11429991	MECHANISM_REVIEW: mechanism is absent; 1 source literature lead(s), 0 record evidence item(s), 0 target(s)
review-readiness	CHEBI:66250	tolybyssidin B	CHEBI	PMID:11429991	MECHANISM_REVIEW: mechanism is absent; 1 source literature lead(s), 0 record evidence item(s), 0 target(s)
review-readiness	CHEBI:75182	tolylfluanid	CHEBI	PMID:15941588|PMID:17390776|PMID:1854993|PMID:19927138|PMID:20803363	MECHANISM_REVIEW: mechanism is absent; 10 source literature lead(s), 0 record evidence item(s), 0 target(s)
review-readiness	CHEBI:9630	tomatine	CHEBI	PMID:17585910|PMID:17979099|PMID:19457446|PMID:19514731|PMID:20300588	MECHANISM_REVIEW: mechanism is absent; 9 source literature lead(s), 0 record evidence item(s), 0 target(s)
review-readiness	CHEBI:157681	tomaymycin	CHEBI	PMID:1501225|PMID:18925745|PMID:19270147|PMID:21809870|PMID:28890318	MECHANISM_REVIEW: mechanism is absent; 10 source literature lead(s), 0 record evidence item(s), 0 target(s)
review-readiness	CHEBI:66252	topopyrone A	CHEBI	PMID:11099218|PMID:11099219|PMID:19097800|PMID:22462811	MECHANISM_REVIEW: mechanism is absent; 4 source literature lead(s), 0 record evidence item(s), 0 target(s)
review-readiness	CHEBI:66253	topopyrone B	CHEBI	PMID:11099218|PMID:11099219|PMID:17020299	MECHANISM_REVIEW: mechanism is absent; 3 source literature lead(s), 0 record evidence item(s), 0 target(s)
review-readiness	CHEBI:66254	topopyrone C	CHEBI	PMID:11099218|PMID:11099219|PMID:18248813	MECHANISM_REVIEW: mechanism is absent; 3 source literature lead(s), 0 record evidence item(s), 0 target(s)
review-readiness	CHEBI:66255	topopyrone D	CHEBI	PMID:11099218|PMID:11099219|PMID:17020299	MECHANISM_REVIEW: mechanism is absent; 3 source literature lead(s), 0 record evidence item(s), 0 target(s)
review-readiness	CHEBI:66258	torvanol A	CHEBI	PMID:11830167	MECHANISM_REVIEW: mechanism is absent; 1 source literature lead(s), 0 record evidence item(s), 0 target(s)
review-readiness	CHEBI:66259	torvoside H	CHEBI	PMID:16289258	MECHANISM_REVIEW: mechanism is absent; 1 source literature lead(s), 0 record evidence item(s), 0 target(s)
review-readiness	CHEBI:77605	tosufloxacin tosylate	CHEBI		MECHANISM_REVIEW: mechanism is source-seeded and not curator-checked; 0 source literature lead(s), 0 record evidence item(s), 0 target(s)
review-readiness	CHEBI:32248	tosufloxacin tosylate hydrate	CHEBI		MECHANISM_REVIEW: mechanism is source-seeded and not curator-checked; 0 source literature lead(s), 0 record evidence item(s), 0 target(s)
review-readiness	CHEBI:80729	toxoflavin	CHEBI	PMID:14749129|PMID:19662654|PMID:24542943|PMID:25806356|PMID:25845410	MECHANISM_REVIEW: mechanism is absent; 10 source literature lead(s), 0 record evidence item(s), 0 target(s)
review-readiness	CHEBI:134606	toyocamycin	CHEBI	PMID:22629386|PMID:22852048|PMID:23775805|PMID:23900861|PMID:24057064	MECHANISM_REVIEW: mechanism is absent; 10 source literature lead(s), 0 record evidence item(s), 0 target(s)
review-readiness	CHEBI:75998	trametinib	CHEBI	PMID:21523318|PMID:22245957|PMID:23035153|PMID:23237773|PMID:23248257	MECHANISM_REVIEW: mechanism is absent; 9 source literature lead(s), 0 record evidence item(s), 0 target(s)
review-readiness	CHEBI:65857	trans-2,3-epoxydeca-4,6,8-triyn-1-ol	CHEBI	PMID:8201314	MECHANISM_REVIEW: mechanism is absent; 1 source literature lead(s), 0 record evidence item(s), 0 target(s)
review-readiness	CHEBI:7519	trans-cis-nepetalactone	CHEBI	PMID:15586679|PMID:15974613|PMID:19469289|PMID:21056438|PMID:22382713	MECHANISM_REVIEW: mechanism is absent; 8 source literature lead(s), 0 record evidence item(s), 0 target(s)
review-readiness	CHEBI:36803	trans-dothiepin	CHEBI		MECHANISM_REVIEW: mechanism is absent; 0 source literature lead(s), 0 record evidence item(s), 0 target(s)
review-readiness	CHEBI:9661	triacetin	CHEBI	PMID:14555416|PMID:23293041|PMID:23996800|PMID:24574778	MECHANISM_REVIEW: mechanism is absent; 4 source literature lead(s), 0 record evidence item(s), 0 target(s)
review-readiness	CHEBI:144441	triacsin C	CHEBI	PMID:15249192|PMID:17446697|PMID:18653998|PMID:1999415|PMID:23565210	MECHANISM_REVIEW: mechanism is absent; 10 source literature lead(s), 0 record evidence item(s), 0 target(s)
review-readiness	CHEBI:9666	triadimenol	CHEBI	PMID:21341686|PMID:22102610|PMID:22944149|PMID:23661341|PMID:23876258	MECHANISM_REVIEW: mechanism is source-seeded and not curator-checked; 8 source literature lead(s), 0 record evidence item(s), 0 target(s)
review-readiness	CHEBI:83335	triazoxide	CHEBI	PMID:25269251	MECHANISM_REVIEW: mechanism is absent; 1 source literature lead(s), 0 record evidence item(s), 0 target(s)
review-readiness	CHEBI:9683	trichlormethiazide	CHEBI	PMID:21605415|PMID:24678944|PMID:25692026|PMID:25938807|PMID:28089902	MECHANISM_REVIEW: mechanism is absent; 7 source literature lead(s), 0 record evidence item(s), 0 target(s)
review-readiness	CHEBI:9688	trichodermin	CHEBI	PMID:4750433|PMID:6757231	MECHANISM_REVIEW: mechanism is source-seeded and not curator-checked; 2 source literature lead(s), 0 record evidence item(s), 0 target(s)
review-readiness	CHEBI:142133	trichosetin	CHEBI	PMID:12132686|PMID:12620323|PMID:15724180|PMID:28379186	MECHANISM_REVIEW: mechanism is absent; 4 source literature lead(s), 0 record evidence item(s), 0 target(s)
review-readiness	CHEBI:142061	trichosetin(1−)	CHEBI	PMID:12132686|PMID:12620323|PMID:25415350|PMID:28379186	MECHANISM_REVIEW: mechanism is absent; 4 source literature lead(s), 0 record evidence item(s), 0 target(s)
review-readiness	CHEBI:46024	trichostatin A	CHEBI	PMID:10490031|PMID:15346199|PMID:16010430|PMID:18285338|PMID:19038231	MECHANISM_REVIEW: mechanism is absent; 10 source literature lead(s), 0 record evidence item(s), 0 target(s)
review-readiness	CHEBI:39148	trichostatin B	CHEBI		MECHANISM_REVIEW: mechanism is absent; 0 source literature lead(s), 0 record evidence item(s), 0 target(s)
review-readiness	CHEBI:39147	trichostatin C	CHEBI		MECHANISM_REVIEW: mechanism is absent; 0 source literature lead(s), 0 record evidence item(s), 0 target(s)
review-readiness	CHEBI:39160	trichostatin D	CHEBI		MECHANISM_REVIEW: mechanism is absent; 0 source literature lead(s), 0 record evidence item(s), 0 target(s)
review-readiness	CHEBI:69621	trichothecin	CHEBI	PMID:10650079|PMID:12757719|PMID:19938595|PMID:21221935|PMID:21978324	MECHANISM_REVIEW: mechanism is source-seeded and not curator-checked; 10 source literature lead(s), 0 record evidence item(s), 0 target(s)
review-readiness	CHEBI:48347	triclocarban	CHEBI	PMID:18048496|PMID:24461429|PMID:24464075|PMID:24562054|PMID:30033524	MECHANISM_REVIEW: mechanism is absent; 5 source literature lead(s), 0 record evidence item(s), 0 target(s)
review-readiness	CHEBI:83213	triclopyricarb	CHEBI	PMID:36104645	MECHANISM_REVIEW: mechanism is source-seeded and not curator-checked; 1 source literature lead(s), 0 record evidence item(s), 0 target(s)
review-readiness	CHEBI:164200	triclosan	ARO+CHEBI	PMID:19768684|PMID:10196195|PMID:11175846|PMID:11418506|PMID:15269185	MECHANISM_REVIEW: mechanism is source-seeded and not curator-checked; 12 source literature lead(s), 0 record evidence item(s), 3 target(s)
review-readiness	CHEBI:81783	tricyclazole	ARO+CHEBI	PMID:24084639|PMID:10888518|PMID:15996714|PMID:18488130|PMID:19062069	MECHANISM_REVIEW: mechanism is absent; 9 source literature lead(s), 0 record evidence item(s), 0 target(s)
review-readiness	CHEBI:9699	tridec-1-ene-3,5,7,9,11-pentayne	CHEBI	PMID:10821050|PMID:14252071|PMID:22474978|PMID:26009695|PMID:32226639	MECHANISM_REVIEW: mechanism is absent; 5 source literature lead(s), 0 record evidence item(s), 0 target(s)
review-readiness	CHEBI:66262	trierixin	CHEBI	PMID:17917237|PMID:17917242|PMID:21448188	MECHANISM_REVIEW: mechanism is absent; 3 source literature lead(s), 0 record evidence item(s), 0 target(s)
review-readiness	CHEBI:81833	trifloxystrobin	CHEBI	PMID:23452212|PMID:23545189|PMID:23554042|PMID:23710563|PMID:24328546	MECHANISM_REVIEW: mechanism is source-seeded and not curator-checked; 10 source literature lead(s), 0 record evidence item(s), 0 target(s)
review-readiness	CHEBI:81784	triflumizole	CHEBI	PMID:17723736|PMID:21589122|PMID:23086663|PMID:23211365|PMID:3624378	MECHANISM_REVIEW: mechanism is source-seeded and not curator-checked; 5 source literature lead(s), 0 record evidence item(s), 0 target(s)
review-readiness	CHEBI:9711	triflupromazine	CHEBI	PMID:1650428|PMID:24959397	MECHANISM_REVIEW: mechanism is absent; 2 source literature lead(s), 0 record evidence item(s), 0 target(s)
review-readiness	CHEBI:9712	triflupromazine hydrochloride	CHEBI		MECHANISM_REVIEW: mechanism is absent; 0 source literature lead(s), 0 record evidence item(s), 0 target(s)
review-readiness	CHEBI:75179	trifluridine	CHEBI	PMID:19816940|PMID:19886911|PMID:20861476|PMID:21278209|PMID:21491084	MECHANISM_REVIEW: mechanism is absent; 10 source literature lead(s), 0 record evidence item(s), 0 target(s)
review-readiness	CHEBI:9715	triforine	CHEBI	PMID:1002932|PMID:1267484|PMID:15052559|PMID:24122157|PMID:2471555	MECHANISM_REVIEW: mechanism is source-seeded and not curator-checked; 9 source literature lead(s), 0 record evidence item(s), 0 target(s)
review-readiness	CHEBI:66269	trikendiol	CHEBI		MECHANISM_REVIEW: mechanism is absent; 0 source literature lead(s), 0 record evidence item(s), 0 target(s)
review-readiness	CHEBI:45924	trimethoprim	ARO+CHEBI	PMID:11432417|PMID:18024520|PMID:10423629|PMID:10969053|PMID:11051625	MECHANISM_REVIEW: mechanism is source-seeded and not curator-checked; 12 source literature lead(s), 0 record evidence item(s), 6 target(s)
review-readiness	CHEBI:66275	tripterifordin	CHEBI	PMID:10579865|PMID:1602302|PMID:8328267	MECHANISM_REVIEW: mechanism is absent; 3 source literature lead(s), 0 record evidence item(s), 0 target(s)
review-readiness	CHEBI:132152	triptofordin C 2	CHEBI	PMID:8722541	MECHANISM_REVIEW: mechanism is absent; 1 source literature lead(s), 0 record evidence item(s), 0 target(s)
review-readiness	CHEBI:66276	triptonine A	CHEBI	PMID:10757718	MECHANISM_REVIEW: mechanism is absent; 1 source literature lead(s), 0 record evidence item(s), 0 target(s)
review-readiness	CHEBI:66277	triptonine B	CHEBI	PMID:10757718	MECHANISM_REVIEW: mechanism is absent; 1 source literature lead(s), 0 record evidence item(s), 0 target(s)
review-readiness	CHEBI:141644	trisodium phosphonoformate	CHEBI		MECHANISM_REVIEW: mechanism is absent; 0 source literature lead(s), 0 record evidence item(s), 0 target(s)
review-readiness	CHEBI:60269	trisodium phosphonoformate hexahydrate	CHEBI		MECHANISM_REVIEW: mechanism is absent; 0 source literature lead(s), 0 record evidence item(s), 0 target(s)
review-readiness	CHEBI:45735	troleandomycin	CHEBI	PMID:24335510|PMID:24479850|PMID:24889073|PMID:24985121|PMID:25392348	MECHANISM_REVIEW: mechanism is absent; 6 source literature lead(s), 0 record evidence item(s), 0 target(s)
review-readiness	CHEBI:32269	tropisetron	CHEBI	PMID:22905891|PMID:23135693|PMID:23415734|PMID:23440693|PMID:23515583	MECHANISM_REVIEW: mechanism is absent; 10 source literature lead(s), 0 record evidence item(s), 0 target(s)
review-readiness	CHEBI:77570	tropisetron hydrochloride	CHEBI	PMID:12239690|PMID:16086881|PMID:17697550|PMID:17876159|PMID:21924384	MECHANISM_REVIEW: mechanism is absent; 6 source literature lead(s), 0 record evidence item(s), 0 target(s)
review-readiness	CHEBI:156455	tropodithietic acid	CHEBI	PMID:18062698|PMID:18192410|PMID:20601479|PMID:21263047|PMID:21430694	MECHANISM_REVIEW: mechanism is absent; 10 source literature lead(s), 0 record evidence item(s), 0 target(s)
review-readiness	CHEBI:79966	tropolone	CHEBI	PMID:11561410|PMID:1847521|PMID:21598903|PMID:27002128|PMID:27908108	MECHANISM_REVIEW: mechanism is absent; 10 source literature lead(s), 0 record evidence item(s), 0 target(s)
review-readiness	CHEBI:9763	trovafloxacin	ARO+CHEBI	PMID:8043036|PMID:20022474|PMID:20462743|PMID:20538741|PMID:20655887	MECHANISM_REVIEW: mechanism is source-seeded and not curator-checked; 10 source literature lead(s), 0 record evidence item(s), 1 target(s)
review-readiness	CHEBI:77568	trovafloxacin mesylate	CHEBI	PMID:11684402|PMID:14718297|PMID:23986008|PMID:9222073	MECHANISM_REVIEW: mechanism is source-seeded and not curator-checked; 4 source literature lead(s), 0 record evidence item(s), 0 target(s)
review-readiness	CHEBI:142517	tschimganine	CHEBI	PMID:20350297|PMID:21589808|PMID:23521895|PMID:29900664|PMID:29912155	MECHANISM_REVIEW: mechanism is absent; 6 source literature lead(s), 0 record evidence item(s), 0 target(s)
review-readiness	CHEBI:66279	tubelactomicin A	CHEBI	PMID:11132953|PMID:11132954|PMID:15901184|PMID:15901185	MECHANISM_REVIEW: mechanism is absent; 4 source literature lead(s), 0 record evidence item(s), 0 target(s)
review-readiness	CHEBI:48267	tubercidin	CHEBI		MECHANISM_REVIEW: mechanism is absent; 0 source literature lead(s), 0 record evidence item(s), 0 target(s)
review-readiness	CHEBI:87123	tulipalin B	CHEBI	PMID:19939419|PMID:24317075|PMID:25126881|PMID:25997073	MECHANISM_REVIEW: mechanism is absent; 4 source literature lead(s), 0 record evidence item(s), 0 target(s)
review-readiness	CHEBI:64228	tunicamycin A0	CHEBI	PMID:7061468	MECHANISM_REVIEW: mechanism is absent; 1 source literature lead(s), 0 record evidence item(s), 0 target(s)
review-readiness	CHEBI:64245	tunicamycin A1	CHEBI	PMID:7061468	MECHANISM_REVIEW: mechanism is absent; 1 source literature lead(s), 0 record evidence item(s), 0 target(s)
review-readiness	CHEBI:64246	tunicamycin A2	CHEBI	PMID:7061468	MECHANISM_REVIEW: mechanism is absent; 1 source literature lead(s), 0 record evidence item(s), 0 target(s)
review-readiness	CHEBI:64248	tunicamycin B1	CHEBI	PMID:7061468	MECHANISM_REVIEW: mechanism is absent; 1 source literature lead(s), 0 record evidence item(s), 0 target(s)
review-readiness	CHEBI:64250	tunicamycin B2	CHEBI	PMID:7061468	MECHANISM_REVIEW: mechanism is absent; 1 source literature lead(s), 0 record evidence item(s), 0 target(s)
review-readiness	CHEBI:64255	tunicamycin B3	CHEBI	PMID:7061468	MECHANISM_REVIEW: mechanism is absent; 1 source literature lead(s), 0 record evidence item(s), 0 target(s)
review-readiness	CHEBI:64256	tunicamycin C1	CHEBI	PMID:29844049|PMID:29973921|PMID:30445836|PMID:33636028|PMID:7061468	MECHANISM_REVIEW: mechanism is absent; 5 source literature lead(s), 0 record evidence item(s), 0 target(s)
review-readiness	CHEBI:64257	tunicamycin C2	CHEBI	PMID:7061468	MECHANISM_REVIEW: mechanism is absent; 1 source literature lead(s), 0 record evidence item(s), 0 target(s)
review-readiness	CHEBI:64271	tunicamycin D1	CHEBI	PMID:7061468	MECHANISM_REVIEW: mechanism is absent; 1 source literature lead(s), 0 record evidence item(s), 0 target(s)
review-readiness	CHEBI:64272	tunicamycin D2	CHEBI	PMID:7061468	MECHANISM_REVIEW: mechanism is absent; 1 source literature lead(s), 0 record evidence item(s), 0 target(s)
review-readiness	CHEBI:17658	tylosin	ARO+CHEBI	PMID:19793461|PMID:18836909|PMID:23013044|PMID:23352520|PMID:23397987	MECHANISM_REVIEW: mechanism is absent; 11 source literature lead(s), 0 record evidence item(s), 1 target(s)
review-readiness	CHEBI:29701	tyrocidine A	CHEBI	PMID:4320358|PMID:5900549	MECHANISM_REVIEW: mechanism is absent; 2 source literature lead(s), 0 record evidence item(s), 0 target(s)
review-readiness	CHEBI:71948	tyrocidine B	CHEBI	PMID:4987425|PMID:5009436	MECHANISM_REVIEW: mechanism is absent; 2 source literature lead(s), 0 record evidence item(s), 0 target(s)
review-readiness	CHEBI:71949	tyrocidine C	CHEBI		MECHANISM_REVIEW: mechanism is absent; 0 source literature lead(s), 0 record evidence item(s), 0 target(s)
review-readiness	CHEBI:71950	tyrocidine D	CHEBI		MECHANISM_REVIEW: mechanism is absent; 0 source literature lead(s), 0 record evidence item(s), 0 target(s)
review-readiness	CHEBI:75404	tyrphostin AG 1478	CHEBI	PMID:11997261|PMID:20008468|PMID:22363408|PMID:22646904|PMID:23758273	MECHANISM_REVIEW: mechanism is absent; 7 source literature lead(s), 0 record evidence item(s), 0 target(s)
review-readiness	CHEBI:46238	U100313	CHEBI	PMID:9184138	MECHANISM_REVIEW: mechanism is source-seeded and not curator-checked; 1 source literature lead(s), 0 record evidence item(s), 0 target(s)
review-readiness	CHEBI:66338	UCS1025 A	CHEBI	PMID:10819301|PMID:12465894|PMID:16402826|PMID:16492035	MECHANISM_REVIEW: mechanism is absent; 4 source literature lead(s), 0 record evidence item(s), 0 target(s)
review-readiness	CHEBI:87401	UK 63052	CHEBI	PMID:19514719	MECHANISM_REVIEW: mechanism is absent; 1 source literature lead(s), 0 record evidence item(s), 0 target(s)
review-readiness	CHEBI:87399	UK 63598	CHEBI	PMID:18071270|PMID:19514719|PMID:21102595|PMID:2925512	MECHANISM_REVIEW: mechanism is absent; 4 source literature lead(s), 0 record evidence item(s), 0 target(s)
review-readiness	CHEBI:87400	UK 65662	CHEBI	PMID:18071270|PMID:19514719|PMID:2925512	MECHANISM_REVIEW: mechanism is absent; 3 source literature lead(s), 0 record evidence item(s), 0 target(s)
review-readiness	CHEBI:66339	UK-2A	CHEBI	PMID:10048572|PMID:10580388|PMID:11560380|PMID:12760689|PMID:8784423	MECHANISM_REVIEW: mechanism is absent; 6 source literature lead(s), 0 record evidence item(s), 0 target(s)
review-readiness	CHEBI:66340	UK-2B	CHEBI	PMID:10048572|PMID:10580388|PMID:11560380|PMID:12760689|PMID:8784423	MECHANISM_REVIEW: mechanism is absent; 6 source literature lead(s), 0 record evidence item(s), 0 target(s)
review-readiness	CHEBI:66341	UK-3A	CHEBI	PMID:20621723|PMID:9510913|PMID:9711246	MECHANISM_REVIEW: mechanism is absent; 3 source literature lead(s), 0 record evidence item(s), 0 target(s)
review-readiness	CHEBI:95074	UNC0638	CHEBI	PMID:21743462|PMID:21769094|PMID:24467723|PMID:27252354|PMID:28246360	MECHANISM_REVIEW: mechanism is absent; 10 source literature lead(s), 0 record evidence item(s), 0 target(s)
review-readiness	CHEBI:46202	undecanal	CHEBI	PMID:22797778|PMID:23857364	MECHANISM_REVIEW: mechanism is absent; 2 source literature lead(s), 0 record evidence item(s), 0 target(s)
review-readiness	CHEBI:32368	undecanoic acid	CHEBI	PMID:16332663|PMID:1739406|PMID:18516670	MECHANISM_REVIEW: mechanism is absent; 3 source literature lead(s), 0 record evidence item(s), 0 target(s)
review-readiness	CHEBI:29702	undecylprodigiosin	CHEBI	PMID:17881028|PMID:20878541|PMID:21222119|PMID:22136753|PMID:22767180	MECHANISM_REVIEW: mechanism is absent; 10 source literature lead(s), 0 record evidence item(s), 0 target(s)
review-readiness	CHEBI:81785	uniconazole P	CHEBI	PMID:11542470|PMID:15695465|PMID:16519290|PMID:18666948|PMID:21545802	MECHANISM_REVIEW: mechanism is source-seeded and not curator-checked; 5 source literature lead(s), 0 record evidence item(s), 0 target(s)
review-readiness	CHEBI:195170	uranidine	CHEBI	PMID:10098659|PMID:19526725	MECHANISM_REVIEW: mechanism is source-seeded and not curator-checked; 2 source literature lead(s), 0 record evidence item(s), 0 target(s)
review-readiness	CHEBI:32279	urdamycin A	CHEBI	PMID:10658661|PMID:12512084|PMID:2925521|PMID:7592377	MECHANISM_REVIEW: mechanism is absent; 4 source literature lead(s), 0 record evidence item(s), 0 target(s)
review-readiness	CHEBI:75178	urea hydrogen peroxide	CHEBI		MECHANISM_REVIEW: mechanism is absent; 0 source literature lead(s), 0 record evidence item(s), 0 target(s)
review-readiness	CHEBI:38319	usnic acid	CHEBI	PMID:11034349|PMID:18887895|PMID:19034791|PMID:19349177|PMID:20379653	MECHANISM_REVIEW: mechanism is absent; 6 source literature lead(s), 0 record evidence item(s), 0 target(s)
review-readiness	CHEBI:35854	valacyclovir	CHEBI		MECHANISM_REVIEW: mechanism is absent; 0 source literature lead(s), 0 record evidence item(s), 0 target(s)
review-readiness	CHEBI:133621	valanimycin	CHEBI	PMID:12406225|PMID:12688722|PMID:16857674|PMID:18451033|PMID:19548668	MECHANISM_REVIEW: mechanism is absent; 8 source literature lead(s), 0 record evidence item(s), 0 target(s)
review-readiness	CHEBI:63635	valganciclovir	CHEBI		MECHANISM_REVIEW: mechanism is absent; 0 source literature lead(s), 0 record evidence item(s), 0 target(s)
review-readiness	CHEBI:29703	validamycin A	CHEBI	PMID:18943474|PMID:20952185|PMID:22036231|PMID:22481376|PMID:22521597	MECHANISM_REVIEW: mechanism is absent; 10 source literature lead(s), 0 record evidence item(s), 0 target(s)
review-readiness	CHEBI:90869	validamycin A(1+)	CHEBI	PMID:18943474|PMID:20952185|PMID:22036231|PMID:22481376|PMID:22521597	MECHANISM_REVIEW: mechanism is absent; 10 source literature lead(s), 0 record evidence item(s), 0 target(s)
review-readiness	CHEBI:90868	validamycin B	CHEBI	PMID:22961651|PMID:5549382	MECHANISM_REVIEW: mechanism is absent; 2 source literature lead(s), 0 record evidence item(s), 0 target(s)
review-readiness	CHEBI:83610	valifenalate	CHEBI		MECHANISM_REVIEW: mechanism is absent; 0 source literature lead(s), 0 record evidence item(s), 0 target(s)
review-readiness	CHEBI:28545	valinomycin	ARO+CHEBI	PMID:1068473|PMID:10603383|PMID:18633285|PMID:19347893|PMID:22683555	MECHANISM_REVIEW: mechanism is absent; 6 source literature lead(s), 0 record evidence item(s), 0 target(s)
review-readiness	CHEBI:29705	valnemulin	ARO	PMID:22070694|PMID:11555289	MECHANISM_REVIEW: mechanism is absent; 2 source literature lead(s), 0 record evidence item(s), 0 target(s)
review-readiness	CHEBI:38990	vamidothion	CHEBI		MECHANISM_REVIEW: mechanism is absent; 0 source literature lead(s), 0 record evidence item(s), 0 target(s)
review-readiness	CHEBI:28001	vancomycin	ARO+CHEBI	PMID:16323116|PMID:11028184|PMID:11408222|PMID:11688538|PMID:11864951	MECHANISM_REVIEW: mechanism is absent; 11 source literature lead(s), 0 record evidence item(s), 1 target(s)
review-readiness	CHEBI:47724	vancomycin aglycone	CHEBI	PMID:11470430|PMID:14649827|PMID:15785812|PMID:22177724	MECHANISM_REVIEW: mechanism is absent; 4 source literature lead(s), 0 record evidence item(s), 0 target(s)
review-readiness	CHEBI:133009	velpatasvir	CHEBI	PMID:26183611|PMID:26519191|PMID:26551051|PMID:26551263|PMID:26569658	MECHANISM_REVIEW: mechanism is absent; 10 source literature lead(s), 0 record evidence item(s), 0 target(s)
review-readiness	CHEBI:177047	velutin	CHEBI	PMID:1144213|PMID:22137267|PMID:26942689|PMID:28898790|PMID:29451865	MECHANISM_REVIEW: mechanism is absent; 10 source literature lead(s), 0 record evidence item(s), 0 target(s)
review-readiness	CHEBI:66353	venturamide A	CHEBI	PMID:17328572	MECHANISM_REVIEW: mechanism is absent; 1 source literature lead(s), 0 record evidence item(s), 0 target(s)
review-readiness	CHEBI:66354	venturamide B	CHEBI	PMID:17328572	MECHANISM_REVIEW: mechanism is absent; 1 source literature lead(s), 0 record evidence item(s), 0 target(s)
review-readiness	CHEBI:17098	veratraldehyde	CHEBI	PMID:24639673|PMID:2486268	MECHANISM_REVIEW: mechanism is absent; 2 source literature lead(s), 0 record evidence item(s), 0 target(s)
review-readiness	CHEBI:230243	verrucarin A	CHEBI		MECHANISM_REVIEW: mechanism is absent; 0 source literature lead(s), 0 record evidence item(s), 0 target(s)
review-readiness	CHEBI:16786	vestitone	CHEBI	PMID:20079815|PMID:22117168	MECHANISM_REVIEW: mechanism is absent; 2 source literature lead(s), 0 record evidence item(s), 0 target(s)
review-readiness	CHEBI:66360	vinylamycin	CHEBI	PMID:10604756|PMID:22591554	MECHANISM_REVIEW: mechanism is absent; 2 source literature lead(s), 0 record evidence item(s), 0 target(s)
review-readiness	CHEBI:131914	violacein	CHEBI	PMID:21779844|PMID:25592762|PMID:25652759|PMID:26339614|PMID:26428920	MECHANISM_REVIEW: mechanism is absent; 7 source literature lead(s), 0 record evidence item(s), 0 target(s)
review-readiness	CHEBI:15782	viomycin	ARO+CHEBI	PMID:211438	MECHANISM_REVIEW: mechanism is absent; 1 source literature lead(s), 0 record evidence item(s), 2 target(s)
review-readiness	CHEBI:46416	virginiamycin S1	CHEBI	PMID:1493906|PMID:22934408|PMID:3097264|PMID:4142724	MECHANISM_REVIEW: mechanism is absent; 4 source literature lead(s), 0 record evidence item(s), 0 target(s)
review-readiness	CHEBI:140443	viridicatin	CHEBI	PMID:12526198|PMID:13018322|PMID:13032073|PMID:19256518|PMID:24773150	MECHANISM_REVIEW: mechanism is absent; 10 source literature lead(s), 0 record evidence item(s), 0 target(s)
review-readiness	CHEBI:85616	viridicatumtoxin	CHEBI	PMID:18204818|PMID:22590971|PMID:23168407|PMID:24287995|PMID:25356913	MECHANISM_REVIEW: mechanism is absent; 7 source literature lead(s), 0 record evidence item(s), 0 target(s)
review-readiness	CHEBI:156228	viridiflorol	CHEBI	PMID:17402115|PMID:20536237|PMID:20554297|PMID:24867775|PMID:26057223	MECHANISM_REVIEW: mechanism is absent; 10 source literature lead(s), 0 record evidence item(s), 0 target(s)
review-readiness	CHEBI:10015	vobasine	CHEBI	PMID:17265301|PMID:17404903|PMID:19525111|PMID:21353756|PMID:35671807	MECHANISM_REVIEW: mechanism is absent; 7 source literature lead(s), 0 record evidence item(s), 0 target(s)
review-readiness	CHEBI:10023	voriconazole	ARO+CHEBI	PMID:16278744|PMID:12940129|PMID:22718362|PMID:23392902|PMID:23527908	MECHANISM_REVIEW: mechanism is source-seeded and not curator-checked; 7 source literature lead(s), 0 record evidence item(s), 0 target(s)
review-readiness	CHEBI:10038	wighteone	CHEBI	PMID:12150799|PMID:16369693|PMID:21619045|PMID:22837700|PMID:23850732	MECHANISM_REVIEW: mechanism is absent; 5 source literature lead(s), 0 record evidence item(s), 0 target(s)
review-readiness	CHEBI:91210	WLL-vs	CHEBI	PMID:26863983	MECHANISM_REVIEW: mechanism is absent; 1 source literature lead(s), 0 record evidence item(s), 0 target(s)
review-readiness	CHEBI:52289	wortmannin	CHEBI	PMID:11090628|PMID:18703838|PMID:19805105|PMID:20017609|PMID:22003059	MECHANISM_REVIEW: mechanism is absent; 10 source literature lead(s), 0 record evidence item(s), 0 target(s)
review-readiness	CHEBI:66331	xanthohumol	CHEBI	PMID:14670594|PMID:15550272|PMID:15679315|PMID:15723722|PMID:19634869	MECHANISM_REVIEW: mechanism is absent; 6 source literature lead(s), 0 record evidence item(s), 0 target(s)
review-readiness	CHEBI:131713	xibornol	CHEBI	PMID:17531411|PMID:3146238|PMID:3253223|PMID:3366502|PMID:3396117	MECHANISM_REVIEW: mechanism is absent; 10 source literature lead(s), 0 record evidence item(s), 0 target(s)
review-readiness	CHEBI:10050	XV638	CHEBI	PMID:16054372|PMID:9003516|PMID:9575185|PMID:9790666	MECHANISM_REVIEW: mechanism is source-seeded and not curator-checked; 4 source literature lead(s), 0 record evidence item(s), 0 target(s)
review-readiness	CHEBI:133841	yanuthone D	CHEBI	PMID:11031048|PMID:24684908|PMID:25293978|PMID:26729047	MECHANISM_REVIEW: mechanism is absent; 4 source literature lead(s), 0 record evidence item(s), 0 target(s)
review-readiness	CHEBI:133035	yanuthone K	CHEBI	PMID:25293978	MECHANISM_REVIEW: mechanism is absent; 1 source literature lead(s), 0 record evidence item(s), 0 target(s)
review-readiness	CHEBI:133034	yanuthone L	CHEBI	PMID:25293978	MECHANISM_REVIEW: mechanism is absent; 1 source literature lead(s), 0 record evidence item(s), 0 target(s)
review-readiness	CHEBI:133036	yanuthone M	CHEBI	PMID:25293978	MECHANISM_REVIEW: mechanism is absent; 1 source literature lead(s), 0 record evidence item(s), 0 target(s)
review-readiness	CHEBI:133037	yanuthone X2	CHEBI	PMID:25293978	MECHANISM_REVIEW: mechanism is absent; 1 source literature lead(s), 0 record evidence item(s), 0 target(s)
review-readiness	CHEBI:66494	YM-47141	CHEBI	PMID:8557598|PMID:8557599|PMID:9204394	MECHANISM_REVIEW: mechanism is absent; 3 source literature lead(s), 0 record evidence item(s), 0 target(s)
review-readiness	CHEBI:66495	YM-47142	CHEBI	PMID:8557598|PMID:8557599	MECHANISM_REVIEW: mechanism is absent; 2 source literature lead(s), 0 record evidence item(s), 0 target(s)
review-readiness	CHEBI:66496	YM-47522	CHEBI	PMID:8641995|PMID:8641996	MECHANISM_REVIEW: mechanism is absent; 2 source literature lead(s), 0 record evidence item(s), 0 target(s)
review-readiness	CHEBI:66497	Ys-II	CHEBI	PMID:17675194	MECHANISM_REVIEW: mechanism is absent; 1 source literature lead(s), 0 record evidence item(s), 0 target(s)
review-readiness	CHEBI:66498	Ys-IV	CHEBI	PMID:17675194	MECHANISM_REVIEW: mechanism is absent; 1 source literature lead(s), 0 record evidence item(s), 0 target(s)
review-readiness	CHEBI:66499	yuccalan	CHEBI	PMID:17615670	MECHANISM_REVIEW: mechanism is absent; 1 source literature lead(s), 0 record evidence item(s), 0 target(s)
review-readiness	CHEBI:10101	zalcitabine	CHEBI	PMID:11905988|PMID:7727578	MECHANISM_REVIEW: mechanism is source-seeded and not curator-checked; 2 source literature lead(s), 0 record evidence item(s), 0 target(s)
review-readiness	CHEBI:66500	zaluzanin D	CHEBI	PMID:12419922	MECHANISM_REVIEW: mechanism is absent; 1 source literature lead(s), 0 record evidence item(s), 0 target(s)
review-readiness	CHEBI:50663	zanamivir	CHEBI		MECHANISM_REVIEW: mechanism is source-seeded and not curator-checked; 0 source literature lead(s), 0 record evidence item(s), 0 target(s)
review-readiness	CHEBI:67556	zeaenol	CHEBI	PMID:20429578|PMID:21348465|PMID:21513293	MECHANISM_REVIEW: mechanism is absent; 3 source literature lead(s), 0 record evidence item(s), 0 target(s)
review-readiness	CHEBI:10110	zidovudine	ARO+CHEBI	PMID:37660210|PMID:19112024|PMID:26859826|PMID:29438107|PMID:9203666	MECHANISM_REVIEW: mechanism is source-seeded and not curator-checked; 5 source literature lead(s), 0 record evidence item(s), 0 target(s)
review-readiness	CHEBI:144323	zinc dibutyldithiocarbamate	CHEBI	PMID:30697834	MECHANISM_REVIEW: mechanism is absent; 1 source literature lead(s), 0 record evidence item(s), 0 target(s)
review-readiness	CHEBI:49976	zinc dichloride	CHEBI	PMID:23021350|PMID:23399499|PMID:23471775|PMID:23514640|PMID:23546181	MECHANISM_REVIEW: mechanism is absent; 10 source literature lead(s), 0 record evidence item(s), 0 target(s)
review-readiness	CHEBI:144351	zinc diethyldithiocarbamate	CHEBI	PMID:18413101|PMID:18759874|PMID:26672276|PMID:26961605|PMID:27633770	MECHANISM_REVIEW: mechanism is absent; 6 source literature lead(s), 0 record evidence item(s), 0 target(s)
review-readiness	CHEBI:52498	zineb	CHEBI	PMID:22155123|PMID:23871785|PMID:465777	MECHANISM_REVIEW: mechanism is absent; 3 source literature lead(s), 0 record evidence item(s), 0 target(s)
review-readiness	CHEBI:79736	ziram	CHEBI	PMID:16007644|PMID:1842586|PMID:18818210|PMID:20842346|PMID:22159898	MECHANISM_REVIEW: mechanism is absent; 8 source literature lead(s), 0 record evidence item(s), 0 target(s)
review-readiness	CHEBI:67811	zorbamycin	CHEBI	PMID:21210656	MECHANISM_REVIEW: mechanism is absent; 1 source literature lead(s), 0 record evidence item(s), 0 target(s)
review-readiness	CHEBI:132905	α-cadinol	CHEBI	PMID:20803379|PMID:21366055|PMID:21425687|PMID:21922925|PMID:21941915	MECHANISM_REVIEW: mechanism is absent; 10 source literature lead(s), 0 record evidence item(s), 0 target(s)
review-readiness	CHEBI:67547	α-mangostin	CHEBI	PMID:20380307|PMID:21428375|PMID:22832848|PMID:22982495|PMID:23232053	MECHANISM_REVIEW: mechanism is absent; 8 source literature lead(s), 0 record evidence item(s), 2 target(s)
review-readiness	CHEBI:50035	α-phellandrene	CHEBI	PMID:22428261|PMID:23738471|PMID:24292586|PMID:24427963	MECHANISM_REVIEW: mechanism is absent; 4 source literature lead(s), 0 record evidence item(s), 0 target(s)
review-readiness	CHEBI:233620	α-punicalagin	CHEBI	PMID:35807697|PMID:39252640|PMID:39337480	MECHANISM_REVIEW: mechanism is absent; 3 source literature lead(s), 0 record evidence item(s), 0 target(s)
review-readiness	CHEBI:16363	α-santonin	CHEBI	PMID:11098821|PMID:15241928|PMID:2185125	MECHANISM_REVIEW: mechanism is absent; 3 source literature lead(s), 0 record evidence item(s), 0 target(s)
review-readiness	CHEBI:233621	β-punicalagin	CHEBI	PMID:35807697|PMID:39252640|PMID:39337480	MECHANISM_REVIEW: mechanism is absent; 3 source literature lead(s), 0 record evidence item(s), 0 target(s)
review-readiness	CHEBI:10447	β-thujaplicin	CHEBI	PMID:10973816|PMID:15917561|PMID:17927050|PMID:18118412|PMID:18379073	MECHANISM_REVIEW: mechanism is absent; 6 source literature lead(s), 0 record evidence item(s), 0 target(s)
review-readiness	CHEBI:32888	γ-hexachlorocyclohexane	CHEBI	PMID:17634937|PMID:37651265	MECHANISM_REVIEW: mechanism is absent; 2 source literature lead(s), 0 record evidence item(s), 0 target(s)
review-readiness	CHEBI:65108	γ-L-glutamylbutirosin B	CHEBI	PMID:17462573	MECHANISM_REVIEW: mechanism is absent; 1 source literature lead(s), 0 record evidence item(s), 0 target(s)
review-readiness	CHEBI:75291	ε-rhodomycinone	CHEBI	PMID:10757705|PMID:15480939|PMID:15497950|PMID:16797766|PMID:19651502	MECHANISM_REVIEW: mechanism is absent; 10 source literature lead(s), 0 record evidence item(s), 0 target(s)
review-readiness	CHEBI:192538	(12Z)-10-hydroxyoctadec-12-enoic acid	CHEBI	PMID:18060400|PMID:18197675|PMID:20058923|PMID:24750362|PMID:24967938	STRUCTURE_REVIEW: one or more canonical structure fields are absent; 10 source literature lead(s), 0 record evidence item(s), 0 target(s)
review-readiness	CHEBI:2762	antimycin A	CHEBI	PMID:16819166|PMID:29790043|PMID:30914247|PMID:31079230|PMID:32662599	STRUCTURE_REVIEW: one or more canonical structure fields are absent; 5 source literature lead(s), 0 record evidence item(s), 0 target(s)
review-readiness	CHEBI:3319	calicheamicin γ1I	CHEBI	PMID:12606118|PMID:15099529|PMID:1584797|PMID:2753814	STRUCTURE_REVIEW: one or more canonical structure fields are absent; 4 source literature lead(s), 0 record evidence item(s), 0 target(s)
review-readiness	CHEBI:3745	clindamycin	ARO+CHEBI	PMID:20876128|PMID:11691576|PMID:18695329|PMID:24310902	STRUCTURE_REVIEW: one or more canonical structure fields are absent; 4 source literature lead(s), 0 record evidence item(s), 1 target(s)
review-readiness	CHEBI:149634	dehydroemetine	CHEBI	PMID:13749080|PMID:13990811|PMID:13991475|PMID:14040651|PMID:14292163	STRUCTURE_REVIEW: one or more canonical structure fields are absent; 10 source literature lead(s), 0 record evidence item(s), 0 target(s)
review-readiness	CHEBI:7553	niclosamide	CHEBI	PMID:24900231|PMID:33325188|PMID:33772737|PMID:33855343|PMID:33860549	STRUCTURE_REVIEW: one or more canonical structure fields are absent; 8 source literature lead(s), 0 record evidence item(s), 2 target(s)
review-readiness	CHEBI:201384	sartorypyrone D	CHEBI	PMID:25586023|PMID:35255990|PMID:35408769|PMID:37860661	STRUCTURE_REVIEW: one or more canonical structure fields are absent; 4 source literature lead(s), 0 record evidence item(s), 0 target(s)
review-readiness	antibioticmech:aro-ab7143cd24	2'-N-ethylnetilmicin	ARO	PMID:8385262	IDENTITY_REVIEW: grounding is MINTED; 1 source literature lead(s), 0 record evidence item(s), 0 target(s)
review-readiness	antibioticmech:aro-3b4e0b6d96	5-episisomicin	ARO	PMID:697347	IDENTITY_REVIEW: grounding is MINTED; 1 source literature lead(s), 0 record evidence item(s), 0 target(s)
review-readiness	antibioticmech:aro-e4e652725f	6'-N-ethylnetilmicin	ARO	PMID:8385262	IDENTITY_REVIEW: grounding is MINTED; 1 source literature lead(s), 0 record evidence item(s), 0 target(s)
review-readiness	antibioticmech:aro-e83eaf8a8a	A201A	ARO	PMID:26028538	IDENTITY_REVIEW: grounding is MINTED; 1 source literature lead(s), 0 record evidence item(s), 0 target(s)
review-readiness	antibioticmech:aro-1fe0873afd	acriflavine	ARO	PMID:11566977	IDENTITY_REVIEW: grounding is MINTED; 1 source literature lead(s), 0 record evidence item(s), 0 target(s)
review-readiness	antibioticmech:aro-34c0642a61	albicidin	ARO	PMID:31451755|PMID:17074789	IDENTITY_REVIEW: grounding is MINTED; 2 source literature lead(s), 0 record evidence item(s), 0 target(s)
review-readiness	antibioticmech:aro-b0e6c47827	amythiamicin A	ARO	PMID:7706132	IDENTITY_REVIEW: grounding is MINTED; 1 source literature lead(s), 0 record evidence item(s), 0 target(s)
review-readiness	antibioticmech:aro-59d21b914e	antibiotic A40926	ARO	PMID:12837387|PMID:15664522	IDENTITY_REVIEW: grounding is MINTED; 2 source literature lead(s), 0 record evidence item(s), 1 target(s)
review-readiness	antibioticmech:aro-de2f58b0cc	arborcandin C	ARO	PMID:11132955	IDENTITY_REVIEW: grounding is MINTED; 1 source literature lead(s), 0 record evidence item(s), 0 target(s)
review-readiness	antibioticmech:aro-d03e1e5b82	arsinothricin	ARO	PMID:36785875	IDENTITY_REVIEW: grounding is MINTED; 1 source literature lead(s), 0 record evidence item(s), 0 target(s)
review-readiness	antibioticmech:aro-0cf530b2c3	arylomycin	ARO	PMID:21545107	IDENTITY_REVIEW: grounding is MINTED; 1 source literature lead(s), 0 record evidence item(s), 1 target(s)
review-readiness	antibioticmech:aro-5086cca2e7	aurodox	ARO	PMID:4781274	IDENTITY_REVIEW: grounding is MINTED; 1 source literature lead(s), 0 record evidence item(s), 0 target(s)
review-readiness	antibioticmech:aro-e3f7a82f17	avilamycin	ARO	PMID:27330110	IDENTITY_REVIEW: grounding is MINTED; 1 source literature lead(s), 0 record evidence item(s), 0 target(s)
review-readiness	antibioticmech:aro-9aee56c696	avoparcin	ARO	PMID:2532132|PMID:9458981	IDENTITY_REVIEW: grounding is MINTED; 2 source literature lead(s), 0 record evidence item(s), 1 target(s)
review-readiness	antibioticmech:aro-bf7dc59121	azalomycin F	ARO	PMID:38398608|PMID:34770873	IDENTITY_REVIEW: grounding is MINTED; 2 source literature lead(s), 0 record evidence item(s), 0 target(s)
review-readiness	antibioticmech:aro-148ae939a4	azamulin	ARO	PMID:14709627	IDENTITY_REVIEW: grounding is MINTED; 1 source literature lead(s), 0 record evidence item(s), 0 target(s)
review-readiness	antibioticmech:aro-736d7660a3	bacitracin	ARO	PMID:8389741	IDENTITY_REVIEW: grounding is MINTED; 1 source literature lead(s), 0 record evidence item(s), 2 target(s)
review-readiness	antibioticmech:aro-d2b8d66d15	bacitracin B	ARO	PMID:6752975	IDENTITY_REVIEW: grounding is MINTED; 1 source literature lead(s), 0 record evidence item(s), 2 target(s)
review-readiness	antibioticmech:aro-fb45bd17a5	bacitracin F	ARO	PMID:6752975	IDENTITY_REVIEW: grounding is MINTED; 1 source literature lead(s), 0 record evidence item(s), 2 target(s)
review-readiness	antibioticmech:aro-ae576e4688	BAL30072	ARO	PMID:23449829|PMID:20308379	IDENTITY_REVIEW: grounding is MINTED; 2 source literature lead(s), 0 record evidence item(s), 0 target(s)
review-readiness	antibioticmech:aro-7abbaadfab	balhimycin	ARO	PMID:11495926|PMID:9761883|PMID:11932455|PMID:16730832|PMID:10390204	IDENTITY_REVIEW: grounding is MINTED; 5 source literature lead(s), 0 record evidence item(s), 1 target(s)
review-readiness	antibioticmech:aro-e9c8697a8e	battacin	ARO	PMID:22183171	IDENTITY_REVIEW: grounding is MINTED; 1 source literature lead(s), 0 record evidence item(s), 0 target(s)
review-readiness	antibioticmech:aro-34500a4f2b	benzalkonium chloride	ARO	PMID:9079913	IDENTITY_REVIEW: grounding is MINTED; 1 source literature lead(s), 0 record evidence item(s), 0 target(s)
review-readiness	antibioticmech:aro-dfdbce9a83	benzothiostrobin	ARO	DOI:10.1111/ppa.13372	IDENTITY_REVIEW: grounding is MINTED; 1 source literature lead(s), 0 record evidence item(s), 0 target(s)
review-readiness	antibioticmech:aro-1504589de3	bleomycin	ARO	PMID:15700963	IDENTITY_REVIEW: grounding is MINTED; 1 source literature lead(s), 0 record evidence item(s), 2 target(s)
review-readiness	antibioticmech:aro-e05426a76f	bleomycin B2	ARO	PMID:15700963	IDENTITY_REVIEW: grounding is MINTED; 1 source literature lead(s), 0 record evidence item(s), 2 target(s)
review-readiness	antibioticmech:aro-3cfb065f35	bleomycinic acid	ARO	PMID:15700963	IDENTITY_REVIEW: grounding is MINTED; 1 source literature lead(s), 0 record evidence item(s), 2 target(s)
review-readiness	antibioticmech:aro-63094b52cf	butirosin	ARO	PMID:10103173|PMID:11083623|PMID:8385262	IDENTITY_REVIEW: grounding is MINTED; 3 source literature lead(s), 0 record evidence item(s), 1 target(s)
review-readiness	antibioticmech:aro-07e4fbc49d	cadaside A	ARO	PMID:36168660	IDENTITY_REVIEW: grounding is MINTED; 1 source literature lead(s), 0 record evidence item(s), 0 target(s)
review-readiness	antibioticmech:aro-36682fe25f	cadaside B	ARO	PMID:36168660	IDENTITY_REVIEW: grounding is MINTED; 1 source literature lead(s), 0 record evidence item(s), 0 target(s)
review-readiness	antibioticmech:aro-cd72e61879	caprazamycin	ARO	PMID:36697788	IDENTITY_REVIEW: grounding is MINTED; 1 source literature lead(s), 0 record evidence item(s), 0 target(s)
review-readiness	antibioticmech:aro-27630f7c54	carbomycin	ARO	PMID:24542077	IDENTITY_REVIEW: grounding is MINTED; 1 source literature lead(s), 0 record evidence item(s), 0 target(s)
review-readiness	antibioticmech:aro-340d45af79	carrimycin	ARO	PMID:37113529	IDENTITY_REVIEW: grounding is MINTED; 1 source literature lead(s), 0 record evidence item(s), 0 target(s)
review-readiness	antibioticmech:aro-c73757ed91	cefovecin	ARO	PMID:37107106	IDENTITY_REVIEW: grounding is MINTED; 1 source literature lead(s), 0 record evidence item(s), 0 target(s)
review-readiness	antibioticmech:aro-ac9a833c42	cefquinome	ARO	PMID:37280708	IDENTITY_REVIEW: grounding is MINTED; 1 source literature lead(s), 0 record evidence item(s), 0 target(s)
review-readiness	antibioticmech:aro-94c19a1c3c	celesticetin	ARO	PMID:5638307	IDENTITY_REVIEW: grounding is MINTED; 1 source literature lead(s), 0 record evidence item(s), 0 target(s)
review-readiness	antibioticmech:aro-da12e2d9fe	cervimycin A	ARO	PMID:36173303	IDENTITY_REVIEW: grounding is MINTED; 1 source literature lead(s), 0 record evidence item(s), 0 target(s)
review-readiness	antibioticmech:aro-ec60046a85	cervimycin B	ARO	PMID:36173303	IDENTITY_REVIEW: grounding is MINTED; 1 source literature lead(s), 0 record evidence item(s), 0 target(s)
review-readiness	antibioticmech:aro-72f1180eb7	cervimycin C	ARO	PMID:36173303	IDENTITY_REVIEW: grounding is MINTED; 1 source literature lead(s), 0 record evidence item(s), 0 target(s)
review-readiness	antibioticmech:aro-5c527c4696	cervimycin D	ARO	PMID:36173303	IDENTITY_REVIEW: grounding is MINTED; 1 source literature lead(s), 0 record evidence item(s), 0 target(s)
review-readiness	antibioticmech:aro-eeb30db614	cervimycin K1	ARO	PMID:36173303	IDENTITY_REVIEW: grounding is MINTED; 1 source literature lead(s), 0 record evidence item(s), 0 target(s)
review-readiness	antibioticmech:aro-819aa3adea	cervimycin K2	ARO	PMID:36173303	IDENTITY_REVIEW: grounding is MINTED; 1 source literature lead(s), 0 record evidence item(s), 0 target(s)
review-readiness	antibioticmech:aro-6feb53f4d2	cervimycin N	ARO	PMID:36173303	IDENTITY_REVIEW: grounding is MINTED; 1 source literature lead(s), 0 record evidence item(s), 0 target(s)
review-readiness	antibioticmech:aro-cc357c3b89	cezomycin	ARO	PMID:29654174	IDENTITY_REVIEW: grounding is MINTED; 1 source literature lead(s), 0 record evidence item(s), 0 target(s)
review-readiness	antibioticmech:aro-e0bba9e7d3	chrysomycin A	ARO	PMID:37540745	IDENTITY_REVIEW: grounding is MINTED; 1 source literature lead(s), 0 record evidence item(s), 0 target(s)
review-readiness	antibioticmech:aro-df383601e2	clerocidin	ARO	PMID:12930966	IDENTITY_REVIEW: grounding is MINTED; 1 source literature lead(s), 0 record evidence item(s), 0 target(s)
review-readiness	antibioticmech:aro-86221775c0	clinafloxacin	ARO	PMID:3142350	IDENTITY_REVIEW: grounding is MINTED; 1 source literature lead(s), 0 record evidence item(s), 2 target(s)
review-readiness	antibioticmech:aro-e44e701df2	clorobiocin	ARO	PMID:6154685|PMID:8231802|PMID:12044152	IDENTITY_REVIEW: grounding is MINTED; 3 source literature lead(s), 0 record evidence item(s), 4 target(s)
review-readiness	antibioticmech:aro-ca0e85f42a	contezolid	ARO	PMID:36992830	IDENTITY_REVIEW: grounding is MINTED; 1 source literature lead(s), 0 record evidence item(s), 0 target(s)
review-readiness	antibioticmech:aro-e523675af2	corbomycin	ARO	PMID:32051588	IDENTITY_REVIEW: grounding is MINTED; 1 source literature lead(s), 0 record evidence item(s), 0 target(s)
review-readiness	antibioticmech:aro-c10ed01875	cyclomarin A	ARO	PMID:27241518|PMID:36748577	IDENTITY_REVIEW: grounding is MINTED; 2 source literature lead(s), 0 record evidence item(s), 0 target(s)
review-readiness	antibioticmech:aro-0f5084fe9f	cyclomarin B	ARO	PMID:27241518	IDENTITY_REVIEW: grounding is MINTED; 1 source literature lead(s), 0 record evidence item(s), 0 target(s)
review-readiness	antibioticmech:aro-e45d4c195a	cyclomarin C	ARO	PMID:27241518	IDENTITY_REVIEW: grounding is MINTED; 1 source literature lead(s), 0 record evidence item(s), 0 target(s)
review-readiness	antibioticmech:aro-93dd2d4732	darobactin A	ARO	PMID:35926121	IDENTITY_REVIEW: grounding is MINTED; 1 source literature lead(s), 0 record evidence item(s), 0 target(s)
review-readiness	antibioticmech:aro-cb28770ae8	declovanillobiocin	ARO	PMID:15152806	IDENTITY_REVIEW: grounding is MINTED; 1 source literature lead(s), 0 record evidence item(s), 0 target(s)
review-readiness	antibioticmech:aro-eb42322815	defensin	ARO	PMID:12949495	IDENTITY_REVIEW: grounding is MINTED; 1 source literature lead(s), 0 record evidence item(s), 1 target(s)
review-readiness	antibioticmech:aro-edae5f55a0	delafloxacin	ARO	PMID:29605887	IDENTITY_REVIEW: grounding is MINTED; 1 source literature lead(s), 0 record evidence item(s), 0 target(s)
review-readiness	antibioticmech:aro-6e963f402b	dihydromocimycin	ARO	PMID:2272911|PMID:3781906	IDENTITY_REVIEW: grounding is MINTED; 2 source literature lead(s), 0 record evidence item(s), 0 target(s)
review-readiness	antibioticmech:aro-e9b96b6d23	dragmacidin A	ARO	PMID:38206835|PMID:28085024	IDENTITY_REVIEW: grounding is MINTED; 2 source literature lead(s), 0 record evidence item(s), 0 target(s)
review-readiness	antibioticmech:aro-2c3e119979	dragmacidin B	ARO	PMID:28085024|PMID:38206835	IDENTITY_REVIEW: grounding is MINTED; 2 source literature lead(s), 0 record evidence item(s), 0 target(s)
review-readiness	antibioticmech:aro-48bb80f5a5	dragmacidin D	ARO	PMID:38206835|PMID:28085024	IDENTITY_REVIEW: grounding is MINTED; 2 source literature lead(s), 0 record evidence item(s), 0 target(s)
review-readiness	antibioticmech:aro-7a113ada2c	dragmacidin E	ARO	PMID:38206835|PMID:28085024	IDENTITY_REVIEW: grounding is MINTED; 2 source literature lead(s), 0 record evidence item(s), 0 target(s)
review-readiness	antibioticmech:aro-6a4094ddb2	dragmacidin F	ARO	PMID:38206835|PMID:28085024	IDENTITY_REVIEW: grounding is MINTED; 2 source literature lead(s), 0 record evidence item(s), 0 target(s)
review-readiness	antibioticmech:aro-e05d19b916	econazole	ARO	PMID:1173036|PMID:4417140	IDENTITY_REVIEW: grounding is MINTED; 2 source literature lead(s), 0 record evidence item(s), 0 target(s)
review-readiness	antibioticmech:aro-68a16c2153	edeine A	ARO	PMID:4984939|PMID:14731399|PMID:70202	IDENTITY_REVIEW: grounding is MINTED; 3 source literature lead(s), 0 record evidence item(s), 1 target(s)
review-readiness	antibioticmech:aro-d075cb1991	edeine B	ARO	PMID:4984939|PMID:20410587|PMID:70202	IDENTITY_REVIEW: grounding is MINTED; 3 source literature lead(s), 0 record evidence item(s), 1 target(s)
review-readiness	antibioticmech:aro-1cc6dbd596	edeine D	ARO	PMID:70202	IDENTITY_REVIEW: grounding is MINTED; 1 source literature lead(s), 0 record evidence item(s), 1 target(s)
review-readiness	antibioticmech:aro-43392693fd	edeine F	ARO	PMID:6615592	IDENTITY_REVIEW: grounding is MINTED; 1 source literature lead(s), 0 record evidence item(s), 1 target(s)
review-readiness	antibioticmech:aro-5d5ecfee72	efrotomycin	ARO	PMID:1590753|PMID:950325|PMID:8515234|PMID:16677683	IDENTITY_REVIEW: grounding is MINTED; 4 source literature lead(s), 0 record evidence item(s), 0 target(s)
review-readiness	antibioticmech:aro-9fd72752cb	enacyloxin IIa	ARO	PMID:8665868|PMID:12370016	IDENTITY_REVIEW: grounding is MINTED; 2 source literature lead(s), 0 record evidence item(s), 1 target(s)
review-readiness	antibioticmech:aro-bd55fbe0ca	enramycin	ARO	PMID:35841645	IDENTITY_REVIEW: grounding is MINTED; 1 source literature lead(s), 0 record evidence item(s), 0 target(s)
review-readiness	antibioticmech:aro-d623ec0929	epinecidin-1	ARO	PMID:17570764	IDENTITY_REVIEW: grounding is MINTED; 1 source literature lead(s), 0 record evidence item(s), 0 target(s)
review-readiness	antibioticmech:aro-e63825b7e1	epoxiconazole	ARO	PMID:29507067	IDENTITY_REVIEW: grounding is MINTED; 1 source literature lead(s), 0 record evidence item(s), 0 target(s)
review-readiness	antibioticmech:aro-2d35d60097	eravacycline	ARO	PMID:23979750	IDENTITY_REVIEW: grounding is MINTED; 1 source literature lead(s), 0 record evidence item(s), 0 target(s)
review-readiness	antibioticmech:aro-985189abb0	evernimicin	ARO	PMID:27330110	IDENTITY_REVIEW: grounding is MINTED; 1 source literature lead(s), 0 record evidence item(s), 0 target(s)
review-readiness	antibioticmech:aro-fdb0f4de1c	factumycin	ARO	PMID:7166535	IDENTITY_REVIEW: grounding is MINTED; 1 source literature lead(s), 0 record evidence item(s), 0 target(s)
review-readiness	antibioticmech:aro-251ff28ef6	fasamycin A	ARO	PMID:37327570	IDENTITY_REVIEW: grounding is MINTED; 1 source literature lead(s), 0 record evidence item(s), 0 target(s)
review-readiness	antibioticmech:aro-a1068a1a74	fasamycin B	ARO	PMID:37327570	IDENTITY_REVIEW: grounding is MINTED; 1 source literature lead(s), 0 record evidence item(s), 0 target(s)
review-readiness	antibioticmech:aro-98a9bd6ff9	fasamycin G	ARO	PMID:37327570	IDENTITY_REVIEW: grounding is MINTED; 1 source literature lead(s), 0 record evidence item(s), 0 target(s)
review-readiness	antibioticmech:aro-53ea9afd3e	fasamycin H	ARO	PMID:37327570	IDENTITY_REVIEW: grounding is MINTED; 1 source literature lead(s), 0 record evidence item(s), 0 target(s)
review-readiness	antibioticmech:aro-4406f1da89	fasamycin I	ARO	PMID:37327570	IDENTITY_REVIEW: grounding is MINTED; 1 source literature lead(s), 0 record evidence item(s), 0 target(s)
review-readiness	antibioticmech:aro-f3aad264a4	fasamycin J	ARO	PMID:37327570	IDENTITY_REVIEW: grounding is MINTED; 1 source literature lead(s), 0 record evidence item(s), 0 target(s)
review-readiness	antibioticmech:aro-365d0d8bfd	fasamycin K	ARO	PMID:37327570	IDENTITY_REVIEW: grounding is MINTED; 1 source literature lead(s), 0 record evidence item(s), 0 target(s)
review-readiness	antibioticmech:aro-35e3f4294f	formicamycin A	ARO	PMID:33440167	IDENTITY_REVIEW: grounding is MINTED; 1 source literature lead(s), 0 record evidence item(s), 0 target(s)
review-readiness	antibioticmech:aro-39c9b140ad	formicamycin B	ARO	PMID:33440167	IDENTITY_REVIEW: grounding is MINTED; 1 source literature lead(s), 0 record evidence item(s), 0 target(s)
review-readiness	antibioticmech:aro-b3c99ef3d8	formicamycin C	ARO	PMID:33440167	IDENTITY_REVIEW: grounding is MINTED; 1 source literature lead(s), 0 record evidence item(s), 0 target(s)
review-readiness	antibioticmech:aro-865dbced81	formicamycin D	ARO	PMID:33440167	IDENTITY_REVIEW: grounding is MINTED; 1 source literature lead(s), 0 record evidence item(s), 0 target(s)
review-readiness	antibioticmech:aro-d39089d50d	formicamycin E	ARO	PMID:33440167	IDENTITY_REVIEW: grounding is MINTED; 1 source literature lead(s), 0 record evidence item(s), 0 target(s)
review-readiness	antibioticmech:aro-d4b630f1d7	formicamycin F	ARO	PMID:33440167	IDENTITY_REVIEW: grounding is MINTED; 1 source literature lead(s), 0 record evidence item(s), 0 target(s)
review-readiness	antibioticmech:aro-940323dd61	formicamycin G	ARO	PMID:33440167	IDENTITY_REVIEW: grounding is MINTED; 1 source literature lead(s), 0 record evidence item(s), 0 target(s)
review-readiness	antibioticmech:aro-19df9f1f8a	formicamycin H	ARO	PMID:33440167	IDENTITY_REVIEW: grounding is MINTED; 1 source literature lead(s), 0 record evidence item(s), 0 target(s)
review-readiness	antibioticmech:aro-18bdab079e	formicamycin I	ARO	PMID:33440167	IDENTITY_REVIEW: grounding is MINTED; 1 source literature lead(s), 0 record evidence item(s), 0 target(s)
review-readiness	antibioticmech:aro-274dd73c04	formicamycin J	ARO	PMID:33440167	IDENTITY_REVIEW: grounding is MINTED; 1 source literature lead(s), 0 record evidence item(s), 0 target(s)
review-readiness	antibioticmech:aro-7c0cf8c565	formicamycin K	ARO	PMID:33440167	IDENTITY_REVIEW: grounding is MINTED; 1 source literature lead(s), 0 record evidence item(s), 0 target(s)
review-readiness	antibioticmech:aro-c18438bef6	formicamycin L	ARO	PMID:33440167	IDENTITY_REVIEW: grounding is MINTED; 1 source literature lead(s), 0 record evidence item(s), 0 target(s)
review-readiness	antibioticmech:aro-4fcd06e09d	formicamycin M	ARO	PMID:33440167	IDENTITY_REVIEW: grounding is MINTED; 1 source literature lead(s), 0 record evidence item(s), 0 target(s)
review-readiness	antibioticmech:aro-a22b27492c	formicamycin N	ARO	PMID:33440167	IDENTITY_REVIEW: grounding is MINTED; 1 source literature lead(s), 0 record evidence item(s), 0 target(s)
review-readiness	antibioticmech:aro-17e5b16969	formicamycin O	ARO	PMID:33440167	IDENTITY_REVIEW: grounding is MINTED; 1 source literature lead(s), 0 record evidence item(s), 0 target(s)
review-readiness	antibioticmech:aro-0c3c5e785d	formicamycin P	ARO	PMID:33440167	IDENTITY_REVIEW: grounding is MINTED; 1 source literature lead(s), 0 record evidence item(s), 0 target(s)
review-readiness	antibioticmech:aro-63b276648e	formicamycin Q	ARO	PMID:33440167	IDENTITY_REVIEW: grounding is MINTED; 1 source literature lead(s), 0 record evidence item(s), 0 target(s)
review-readiness	antibioticmech:aro-1286e26ebd	formicin	ARO	PMID:27450592	IDENTITY_REVIEW: grounding is MINTED; 1 source literature lead(s), 0 record evidence item(s), 0 target(s)
review-readiness	antibioticmech:aro-9047378d43	G418	ARO	PMID:4007271|PMID:6378088	IDENTITY_REVIEW: grounding is MINTED; 2 source literature lead(s), 0 record evidence item(s), 1 target(s)
review-readiness	antibioticmech:aro-7d06ad4acd	GE37468	ARO	PMID:21788474	IDENTITY_REVIEW: grounding is MINTED; 1 source literature lead(s), 0 record evidence item(s), 0 target(s)
review-readiness	antibioticmech:aro-b380d64ee1	gentamicin	ARO	PMID:28507482	IDENTITY_REVIEW: grounding is MINTED; 1 source literature lead(s), 0 record evidence item(s), 0 target(s)
review-readiness	antibioticmech:aro-808cc3b683	gentamicin B	ARO	PMID:9872733	IDENTITY_REVIEW: grounding is MINTED; 1 source literature lead(s), 0 record evidence item(s), 1 target(s)
review-readiness	antibioticmech:aro-6407ce57f1	gentamicin C	ARO	PMID:8385262|PMID:11083623|PMID:10103173	IDENTITY_REVIEW: grounding is MINTED; 3 source literature lead(s), 0 record evidence item(s), 1 target(s)
review-readiness	antibioticmech:aro-714bb3cd2d	gentamicin X	ARO	PMID:25641167	IDENTITY_REVIEW: grounding is MINTED; 1 source literature lead(s), 0 record evidence item(s), 0 target(s)
review-readiness	antibioticmech:aro-b2e68d25c8	gepotidacin	ARO	PMID:26729499	IDENTITY_REVIEW: grounding is MINTED; 1 source literature lead(s), 0 record evidence item(s), 0 target(s)
review-readiness	antibioticmech:aro-1204fa50d9	gramicidin	ARO	PMID:18745784	IDENTITY_REVIEW: grounding is MINTED; 1 source literature lead(s), 0 record evidence item(s), 1 target(s)
review-readiness	antibioticmech:aro-d384fdc29d	gramicidin A	ARO	PMID:17572379	IDENTITY_REVIEW: grounding is MINTED; 1 source literature lead(s), 0 record evidence item(s), 1 target(s)
review-readiness	antibioticmech:aro-f2b46f8b0e	gramicidin B	ARO	PMID:17572379	IDENTITY_REVIEW: grounding is MINTED; 1 source literature lead(s), 0 record evidence item(s), 1 target(s)
review-readiness	antibioticmech:aro-bf39ac682c	gramicidin C	ARO	PMID:17572379	IDENTITY_REVIEW: grounding is MINTED; 1 source literature lead(s), 0 record evidence item(s), 1 target(s)
review-readiness	antibioticmech:aro-edfe06b075	gramicidin D	ARO	PMID:9672588|PMID:17572379	IDENTITY_REVIEW: grounding is MINTED; 2 source literature lead(s), 0 record evidence item(s), 0 target(s)
review-readiness	antibioticmech:aro-0734abf918	gramicidin S	ARO	PMID:10590309|PMID:8836773	IDENTITY_REVIEW: grounding is MINTED; 2 source literature lead(s), 0 record evidence item(s), 1 target(s)
review-readiness	antibioticmech:aro-4a4590abba	griseoviridin	ARO	PMID:15700955	IDENTITY_REVIEW: grounding is MINTED; 1 source literature lead(s), 0 record evidence item(s), 1 target(s)
review-readiness	antibioticmech:aro-12bdf3352c	halolitoralin A	ARO	PMID:34677431	IDENTITY_REVIEW: grounding is MINTED; 1 source literature lead(s), 0 record evidence item(s), 0 target(s)
review-readiness	antibioticmech:aro-a23579298c	halolitoralin B	ARO	PMID:34677431	IDENTITY_REVIEW: grounding is MINTED; 1 source literature lead(s), 0 record evidence item(s), 0 target(s)
review-readiness	antibioticmech:aro-e690d68430	halolitoralin C	ARO	PMID:34677431	IDENTITY_REVIEW: grounding is MINTED; 1 source literature lead(s), 0 record evidence item(s), 0 target(s)
review-readiness	antibioticmech:aro-828c8da980	heneicomycin	ARO	PMID:1917698|PMID:468738	IDENTITY_REVIEW: grounding is MINTED; 2 source literature lead(s), 0 record evidence item(s), 0 target(s)
review-readiness	antibioticmech:aro-6d3a6e6b69	iboxamycin	ARO	PMID:34707295	IDENTITY_REVIEW: grounding is MINTED; 1 source literature lead(s), 0 record evidence item(s), 0 target(s)
review-readiness	antibioticmech:aro-c1dea01a87	imazalil	ARO	PMID:29507067	IDENTITY_REVIEW: grounding is MINTED; 1 source literature lead(s), 0 record evidence item(s), 0 target(s)
review-readiness	antibioticmech:aro-3116ad4253	isepamicin	ARO	PMID:8622111	IDENTITY_REVIEW: grounding is MINTED; 1 source literature lead(s), 0 record evidence item(s), 1 target(s)
review-readiness	antibioticmech:aro-5fd4e54f15	isopyrazam	ARO	PMID:35973770	IDENTITY_REVIEW: grounding is MINTED; 1 source literature lead(s), 0 record evidence item(s), 0 target(s)
review-readiness	antibioticmech:aro-f538304a82	isovanillobiocin	ARO	PMID:15152806	IDENTITY_REVIEW: grounding is MINTED; 1 source literature lead(s), 0 record evidence item(s), 0 target(s)
review-readiness	antibioticmech:aro-4655b07df9	ketoconazole	ARO	PMID:707893|PMID:6276122	IDENTITY_REVIEW: grounding is MINTED; 2 source literature lead(s), 0 record evidence item(s), 0 target(s)
review-readiness	antibioticmech:aro-8b2f0e38fa	kirromycin	ARO	PMID:4373734|PMID:2499247|PMID:3904612|PMID:3356609|PMID:9043138	IDENTITY_REVIEW: grounding is MINTED; 7 source literature lead(s), 0 record evidence item(s), 0 target(s)
review-readiness	antibioticmech:aro-45efa31311	kirrothricin	ARO	PMID:7142013	IDENTITY_REVIEW: grounding is MINTED; 1 source literature lead(s), 0 record evidence item(s), 0 target(s)
review-readiness	antibioticmech:aro-2b2f71621c	klebsazolicin	ARO	PMID:28846667	IDENTITY_REVIEW: grounding is MINTED; 1 source literature lead(s), 0 record evidence item(s), 0 target(s)
review-readiness	antibioticmech:aro-1d2367825f	klebsidin	ARO	PMID:35315272	IDENTITY_REVIEW: grounding is MINTED; 1 source literature lead(s), 0 record evidence item(s), 0 target(s)
review-readiness	antibioticmech:aro-ca1f16372a	L-681,217	ARO	PMID:3781906	IDENTITY_REVIEW: grounding is MINTED; 1 source literature lead(s), 0 record evidence item(s), 0 target(s)
review-readiness	antibioticmech:aro-65024a8863	lascufloxacin	ARO	PMID:28320717	IDENTITY_REVIEW: grounding is MINTED; 1 source literature lead(s), 0 record evidence item(s), 0 target(s)
review-readiness	antibioticmech:aro-41b2842f38	lassomycin	ARO	PMID:24684906	IDENTITY_REVIEW: grounding is MINTED; 1 source literature lead(s), 0 record evidence item(s), 0 target(s)
review-readiness	antibioticmech:aro-f8f4257b4b	lefamulin	ARO	PMID:32493034|PMID:27958389	IDENTITY_REVIEW: grounding is MINTED; 2 source literature lead(s), 0 record evidence item(s), 0 target(s)
review-readiness	antibioticmech:aro-9abc576b69	LFF571	ARO	PMID:22644023	IDENTITY_REVIEW: grounding is MINTED; 1 source literature lead(s), 0 record evidence item(s), 1 target(s)
review-readiness	antibioticmech:aro-00a588048a	LYS228	ARO	PMID:30038040	IDENTITY_REVIEW: grounding is MINTED; 1 source literature lead(s), 0 record evidence item(s), 0 target(s)
review-readiness	antibioticmech:aro-b6c9cc2b59	lysocin E	ARO	PMID:25485686	IDENTITY_REVIEW: grounding is MINTED; 1 source literature lead(s), 0 record evidence item(s), 0 target(s)
review-readiness	antibioticmech:aro-59524d78a3	madumycin II	ARO	PMID:15700955	IDENTITY_REVIEW: grounding is MINTED; 1 source literature lead(s), 0 record evidence item(s), 1 target(s)
review-readiness	antibioticmech:aro-e57b52c636	magainin 1	ARO	PMID:3277183	IDENTITY_REVIEW: grounding is MINTED; 1 source literature lead(s), 0 record evidence item(s), 0 target(s)
review-readiness	antibioticmech:aro-b18912d1c6	magainin 2	ARO	PMID:3277183	IDENTITY_REVIEW: grounding is MINTED; 1 source literature lead(s), 0 record evidence item(s), 0 target(s)
review-readiness	antibioticmech:aro-77a152a10f	magainin A	ARO	PMID:2285300	IDENTITY_REVIEW: grounding is MINTED; 1 source literature lead(s), 0 record evidence item(s), 0 target(s)
review-readiness	antibioticmech:aro-832bfb6c2e	magainin B	ARO	PMID:2285300	IDENTITY_REVIEW: grounding is MINTED; 1 source literature lead(s), 0 record evidence item(s), 0 target(s)
review-readiness	antibioticmech:aro-40a2a87cc8	magainin G	ARO	PMID:2285300	IDENTITY_REVIEW: grounding is MINTED; 1 source literature lead(s), 0 record evidence item(s), 0 target(s)
review-readiness	antibioticmech:aro-4e94f7ae64	magainin H	ARO	PMID:2285300	IDENTITY_REVIEW: grounding is MINTED; 1 source literature lead(s), 0 record evidence item(s), 0 target(s)
review-readiness	antibioticmech:aro-980580724e	marinomycin A	ARO	PMID:16448135	IDENTITY_REVIEW: grounding is MINTED; 1 source literature lead(s), 0 record evidence item(s), 0 target(s)
review-readiness	antibioticmech:aro-597d65f4ac	marinomycin B	ARO	PMID:16448135	IDENTITY_REVIEW: grounding is MINTED; 1 source literature lead(s), 0 record evidence item(s), 0 target(s)
review-readiness	antibioticmech:aro-4b92bbd5fb	marinomycin C	ARO	PMID:16448135	IDENTITY_REVIEW: grounding is MINTED; 1 source literature lead(s), 0 record evidence item(s), 0 target(s)
review-readiness	antibioticmech:aro-026683b3b8	marinomycin D	ARO	PMID:16448135	IDENTITY_REVIEW: grounding is MINTED; 1 source literature lead(s), 0 record evidence item(s), 0 target(s)
review-readiness	antibioticmech:aro-adaab5b65b	mebendazole	ARO	PMID:35149760	IDENTITY_REVIEW: grounding is MINTED; 1 source literature lead(s), 0 record evidence item(s), 0 target(s)
review-readiness	antibioticmech:aro-d058164b57	megalomycin	ARO	PMID:5810991	IDENTITY_REVIEW: grounding is MINTED; 1 source literature lead(s), 0 record evidence item(s), 0 target(s)
review-readiness	antibioticmech:aro-11ab0a98bf	miconazole	ARO	PMID:4919243|PMID:4563141	IDENTITY_REVIEW: grounding is MINTED; 2 source literature lead(s), 0 record evidence item(s), 0 target(s)
review-readiness	antibioticmech:aro-0a1c492c45	microcin J25	ARO	PMID:15200952	IDENTITY_REVIEW: grounding is MINTED; 1 source literature lead(s), 0 record evidence item(s), 0 target(s)
review-readiness	antibioticmech:aro-c1c0e2fcb2	moenomycin A1	ARO	PMID:17117848	IDENTITY_REVIEW: grounding is MINTED; 1 source literature lead(s), 0 record evidence item(s), 0 target(s)
review-readiness	antibioticmech:aro-0a013bd963	murepavadin	ARO	PMID:20167788|PMID:33367642	IDENTITY_REVIEW: grounding is MINTED; 2 source literature lead(s), 0 record evidence item(s), 0 target(s)
review-readiness	antibioticmech:aro-7c2372afa7	mutanobactin	ARO	PMID:37745448	IDENTITY_REVIEW: grounding is MINTED; 1 source literature lead(s), 0 record evidence item(s), 0 target(s)
review-readiness	antibioticmech:aro-14f45eb5b3	myclobutanil	ARO	PMID:33080784	IDENTITY_REVIEW: grounding is MINTED; 1 source literature lead(s), 0 record evidence item(s), 0 target(s)
review-readiness	antibioticmech:aro-d56d37db11	nafithromycin	ARO	PMID:40833448	IDENTITY_REVIEW: grounding is MINTED; 1 source literature lead(s), 0 record evidence item(s), 0 target(s)
review-readiness	antibioticmech:aro-43b735a15d	narasin	ARO	PMID:37119567	IDENTITY_REVIEW: grounding is MINTED; 1 source literature lead(s), 0 record evidence item(s), 0 target(s)
review-readiness	antibioticmech:aro-d473074d4a	neutramycin	ARO	PMID:14510587|PMID:14274934|PMID:5766558|PMID:5870757|PMID:27199910	IDENTITY_REVIEW: grounding is MINTED; 5 source literature lead(s), 0 record evidence item(s), 0 target(s)
review-readiness	antibioticmech:aro-f198f10971	nitazoxanide	ARO	PMID:35587063	IDENTITY_REVIEW: grounding is MINTED; 1 source literature lead(s), 0 record evidence item(s), 0 target(s)
review-readiness	antibioticmech:aro-515166b9c7	norvancomycin	ARO	PMID:36823383	IDENTITY_REVIEW: grounding is MINTED; 1 source literature lead(s), 0 record evidence item(s), 0 target(s)
review-readiness	antibioticmech:aro-6fbc93a42c	nybomycin	ARO	PMID:16589716|PMID:22534508	IDENTITY_REVIEW: grounding is MINTED; 2 source literature lead(s), 0 record evidence item(s), 1 target(s)
review-readiness	antibioticmech:aro-b799d457ed	nystatin	ARO	PMID:4919155	IDENTITY_REVIEW: grounding is MINTED; 1 source literature lead(s), 0 record evidence item(s), 0 target(s)
review-readiness	antibioticmech:aro-2eea3233f3	ofloxacin	ARO	PMID:18159374|PMID:3028966|PMID:1611900	IDENTITY_REVIEW: grounding is MINTED; 3 source literature lead(s), 0 record evidence item(s), 2 target(s)
review-readiness	antibioticmech:aro-ea6589413a	omadacycline	ARO	PMID:27669321	IDENTITY_REVIEW: grounding is MINTED; 1 source literature lead(s), 0 record evidence item(s), 0 target(s)
review-readiness	antibioticmech:aro-d5fecb3190	oncocin	ARO	PMID:29256010|PMID:37797458	IDENTITY_REVIEW: grounding is MINTED; 2 source literature lead(s), 0 record evidence item(s), 0 target(s)
review-readiness	antibioticmech:aro-f4906250fc	ostreogrycin B3	ARO	PMID:15700955	IDENTITY_REVIEW: grounding is MINTED; 1 source literature lead(s), 0 record evidence item(s), 1 target(s)
review-readiness	antibioticmech:aro-1224dc3554	oxpoconazole	ARO	PMID:12324349	IDENTITY_REVIEW: grounding is MINTED; 1 source literature lead(s), 0 record evidence item(s), 0 target(s)
review-readiness	antibioticmech:aro-8218cfc5a1	pactamycin	ARO	PMID:9398510	IDENTITY_REVIEW: grounding is MINTED; 1 source literature lead(s), 0 record evidence item(s), 0 target(s)
review-readiness	antibioticmech:aro-2ea67cad76	patricin A	ARO	PMID:15700955	IDENTITY_REVIEW: grounding is MINTED; 1 source literature lead(s), 0 record evidence item(s), 1 target(s)
review-readiness	antibioticmech:aro-0aefa62f74	patricin B	ARO	PMID:15700955	IDENTITY_REVIEW: grounding is MINTED; 1 source literature lead(s), 0 record evidence item(s), 1 target(s)
review-readiness	antibioticmech:aro-1c565a1a6c	perchlozone	ARO	PMID:25704063|PMID:33022959	IDENTITY_REVIEW: grounding is MINTED; 2 source literature lead(s), 0 record evidence item(s), 0 target(s)
review-readiness	antibioticmech:aro-2c567f176b	phenamacril	ARO	PMID:32163521	IDENTITY_REVIEW: grounding is MINTED; 1 source literature lead(s), 0 record evidence item(s), 0 target(s)
review-readiness	antibioticmech:aro-2e5f698558	phenelfamycin A	ARO	PMID:3192489|PMID:3192490|PMID:2921230	IDENTITY_REVIEW: grounding is MINTED; 3 source literature lead(s), 0 record evidence item(s), 0 target(s)
review-readiness	antibioticmech:aro-3cd51688ea	phenelfamycin B	ARO	PMID:3192489|PMID:3192490|PMID:2921230	IDENTITY_REVIEW: grounding is MINTED; 3 source literature lead(s), 0 record evidence item(s), 0 target(s)
review-readiness	antibioticmech:aro-a78f888bde	phenelfamycin C	ARO	PMID:3192489|PMID:3192490|PMID:2921230	IDENTITY_REVIEW: grounding is MINTED; 3 source literature lead(s), 0 record evidence item(s), 0 target(s)
review-readiness	antibioticmech:aro-b4caf30bd7	phenelfamycin D	ARO	PMID:2921230|PMID:3192490|PMID:3192489	IDENTITY_REVIEW: grounding is MINTED; 3 source literature lead(s), 0 record evidence item(s), 0 target(s)
review-readiness	antibioticmech:aro-0ae735fe08	phenelfamycin E	ARO	PMID:3192490|PMID:3192489|PMID:2921230	IDENTITY_REVIEW: grounding is MINTED; 3 source literature lead(s), 0 record evidence item(s), 0 target(s)
review-readiness	antibioticmech:aro-e1509d505b	phenelfamycin F	ARO	PMID:3192490|PMID:3192489|PMID:2921230	IDENTITY_REVIEW: grounding is MINTED; 3 source literature lead(s), 0 record evidence item(s), 0 target(s)
review-readiness	antibioticmech:aro-7086196093	phenelfamycin G	ARO	PMID:21285962	IDENTITY_REVIEW: grounding is MINTED; 1 source literature lead(s), 0 record evidence item(s), 0 target(s)
review-readiness	antibioticmech:aro-e129595baa	phenelfamycin H	ARO	PMID:21285962	IDENTITY_REVIEW: grounding is MINTED; 1 source literature lead(s), 0 record evidence item(s), 0 target(s)
review-readiness	antibioticmech:aro-b0cdef0f20	pirlimycin	ARO	PMID:12584673	IDENTITY_REVIEW: grounding is MINTED; 1 source literature lead(s), 0 record evidence item(s), 0 target(s)
review-readiness	antibioticmech:aro-554b15fa7b	plazomicin	ARO	PMID:21131322	IDENTITY_REVIEW: grounding is MINTED; 1 source literature lead(s), 0 record evidence item(s), 0 target(s)
review-readiness	antibioticmech:aro-180f92bec8	polymyxin B3	ARO	PMID:11330807	IDENTITY_REVIEW: grounding is MINTED; 1 source literature lead(s), 0 record evidence item(s), 1 target(s)
review-readiness	antibioticmech:aro-d6a7012e5e	polymyxin B4	ARO	PMID:11330807	IDENTITY_REVIEW: grounding is MINTED; 1 source literature lead(s), 0 record evidence item(s), 1 target(s)
review-readiness	antibioticmech:aro-b4f5ca6a06	pretomanid	ARO	PMID:36409105	IDENTITY_REVIEW: grounding is MINTED; 1 source literature lead(s), 0 record evidence item(s), 0 target(s)
review-readiness	antibioticmech:aro-a324312fa2	pristinamycin IC	ARO	PMID:15700955	IDENTITY_REVIEW: grounding is MINTED; 1 source literature lead(s), 0 record evidence item(s), 1 target(s)
review-readiness	antibioticmech:aro-a441fc6b50	prothioconazole	ARO	PMID:23275516	IDENTITY_REVIEW: grounding is MINTED; 1 source literature lead(s), 0 record evidence item(s), 0 target(s)
review-readiness	antibioticmech:aro-36b1a29715	pseudouridimycin	ARO	PMID:36873015	IDENTITY_REVIEW: grounding is MINTED; 1 source literature lead(s), 0 record evidence item(s), 0 target(s)
review-readiness	antibioticmech:aro-dfad12d850	pyrrolomycin B	ARO	PMID:36171648	IDENTITY_REVIEW: grounding is MINTED; 1 source literature lead(s), 0 record evidence item(s), 0 target(s)
review-readiness	antibioticmech:aro-c8e528eadd	pyrrolomycin C	ARO	PMID:36171648	IDENTITY_REVIEW: grounding is MINTED; 1 source literature lead(s), 0 record evidence item(s), 0 target(s)
review-readiness	antibioticmech:aro-ba8c8dd0ec	pyrrolomycin D	ARO	PMID:36171648	IDENTITY_REVIEW: grounding is MINTED; 1 source literature lead(s), 0 record evidence item(s), 0 target(s)
review-readiness	antibioticmech:aro-96ac9a7072	pyrrolomycin E	ARO	PMID:36171648	IDENTITY_REVIEW: grounding is MINTED; 1 source literature lead(s), 0 record evidence item(s), 0 target(s)
review-readiness	antibioticmech:aro-df2f0e08b4	pyrrolomycin F	ARO	PMID:36171648	IDENTITY_REVIEW: grounding is MINTED; 1 source literature lead(s), 0 record evidence item(s), 0 target(s)
review-readiness	antibioticmech:aro-74aa00cff4	pyrrolomycin F2a	ARO	PMID:36171648	IDENTITY_REVIEW: grounding is MINTED; 1 source literature lead(s), 0 record evidence item(s), 0 target(s)
review-readiness	antibioticmech:aro-ab6394287c	pyrrolomycin F2b	ARO	PMID:36171648	IDENTITY_REVIEW: grounding is MINTED; 1 source literature lead(s), 0 record evidence item(s), 0 target(s)
review-readiness	antibioticmech:aro-605696c899	pyrrolomycin F3	ARO	PMID:36171648	IDENTITY_REVIEW: grounding is MINTED; 1 source literature lead(s), 0 record evidence item(s), 0 target(s)
review-readiness	antibioticmech:aro-bb69bd597e	pyrrolomycin G	ARO	PMID:36171648	IDENTITY_REVIEW: grounding is MINTED; 1 source literature lead(s), 0 record evidence item(s), 0 target(s)
review-readiness	antibioticmech:aro-d02a324bed	pyrrolomycin H	ARO	PMID:36171648	IDENTITY_REVIEW: grounding is MINTED; 1 source literature lead(s), 0 record evidence item(s), 0 target(s)
review-readiness	antibioticmech:aro-07fd9f4191	pyrrolomycin I	ARO	PMID:36171648	IDENTITY_REVIEW: grounding is MINTED; 1 source literature lead(s), 0 record evidence item(s), 0 target(s)
review-readiness	antibioticmech:aro-6235078efd	pyrrolomycin J	ARO	PMID:36171648	IDENTITY_REVIEW: grounding is MINTED; 1 source literature lead(s), 0 record evidence item(s), 0 target(s)
review-readiness	antibioticmech:aro-556deb5a30	retapamulin	ARO	PMID:17360517|PMID:16801451|PMID:16940066|PMID:17065625	IDENTITY_REVIEW: grounding is MINTED; 4 source literature lead(s), 0 record evidence item(s), 0 target(s)
review-readiness	antibioticmech:aro-cf6aac5f15	rifalazil	ARO	PMID:12556219	IDENTITY_REVIEW: grounding is MINTED; 1 source literature lead(s), 0 record evidence item(s), 0 target(s)
review-readiness	antibioticmech:aro-26cedd2720	sarafloxacin	ARO	PMID:37250042	IDENTITY_REVIEW: grounding is MINTED; 1 source literature lead(s), 0 record evidence item(s), 0 target(s)
review-readiness	antibioticmech:aro-a39572002e	sarecycline	ARO	PMID:30397052	IDENTITY_REVIEW: grounding is MINTED; 1 source literature lead(s), 0 record evidence item(s), 0 target(s)
review-readiness	antibioticmech:aro-b7537957c3	SB22484	ARO	PMID:2272911	IDENTITY_REVIEW: grounding is MINTED; 1 source literature lead(s), 0 record evidence item(s), 0 target(s)
review-readiness	antibioticmech:aro-b2857d2845	selamectin	ARO	PMID:37764086	IDENTITY_REVIEW: grounding is MINTED; 1 source literature lead(s), 0 record evidence item(s), 0 target(s)
review-readiness	antibioticmech:aro-f9eb09229d	solithromycin	ARO	PMID:27909995	IDENTITY_REVIEW: grounding is MINTED; 1 source literature lead(s), 0 record evidence item(s), 0 target(s)
review-readiness	antibioticmech:aro-f9ecce9898	sulopenem	ARO	PMID:35294769	IDENTITY_REVIEW: grounding is MINTED; 1 source literature lead(s), 0 record evidence item(s), 0 target(s)
review-readiness	antibioticmech:aro-2e3b34cc67	tacrolimus	ARO	PMID:31537789	IDENTITY_REVIEW: grounding is MINTED; 1 source literature lead(s), 0 record evidence item(s), 0 target(s)
review-readiness	antibioticmech:aro-b8680d8080	tartrolon A	ARO	PMID:7532644	IDENTITY_REVIEW: grounding is MINTED; 1 source literature lead(s), 0 record evidence item(s), 0 target(s)
review-readiness	antibioticmech:aro-ae741f3893	tartrolon B	ARO	PMID:7532644	IDENTITY_REVIEW: grounding is MINTED; 1 source literature lead(s), 0 record evidence item(s), 0 target(s)
review-readiness	antibioticmech:aro-a1f2f7e07d	tartrolon D	ARO	PMID:7532644	IDENTITY_REVIEW: grounding is MINTED; 1 source literature lead(s), 0 record evidence item(s), 0 target(s)
review-readiness	antibioticmech:aro-4b163fa344	tartrolon F	ARO	PMID:7532644	IDENTITY_REVIEW: grounding is MINTED; 1 source literature lead(s), 0 record evidence item(s), 0 target(s)
review-readiness	antibioticmech:aro-6bb73d1eab	tartrolon G	ARO	PMID:7532644	IDENTITY_REVIEW: grounding is MINTED; 1 source literature lead(s), 0 record evidence item(s), 0 target(s)
review-readiness	antibioticmech:aro-67d13cef91	TBI-223	ARO	PMID:36106881	IDENTITY_REVIEW: grounding is MINTED; 1 source literature lead(s), 0 record evidence item(s), 0 target(s)
review-readiness	antibioticmech:aro-7f38f83f7d	tebipenem	ARO	PMID:30014729	IDENTITY_REVIEW: grounding is MINTED; 1 source literature lead(s), 0 record evidence item(s), 0 target(s)
review-readiness	antibioticmech:aro-a71ef91d49	teicoplanin	ARO	PMID:16323116|PMID:6240963|PMID:11131961|PMID:6235205|PMID:6239854	IDENTITY_REVIEW: grounding is MINTED; 5 source literature lead(s), 0 record evidence item(s), 1 target(s)
review-readiness	antibioticmech:aro-8013b9b55a	tetronomycin	ARO	PMID:7076564	IDENTITY_REVIEW: grounding is MINTED; 1 source literature lead(s), 0 record evidence item(s), 0 target(s)
review-readiness	antibioticmech:aro-13aab8b73c	thiacalixarene derivatives	ARO	PMID:33310546	IDENTITY_REVIEW: grounding is MINTED; 1 source literature lead(s), 0 record evidence item(s), 0 target(s)
review-readiness	antibioticmech:aro-28273ec780	tildipirosin	ARO	PMID:29867911	IDENTITY_REVIEW: grounding is MINTED; 1 source literature lead(s), 0 record evidence item(s), 0 target(s)
review-readiness	antibioticmech:aro-4bf8cc8c16	TNP-2198	ARO	PMID:35175750	IDENTITY_REVIEW: grounding is MINTED; 1 source literature lead(s), 0 record evidence item(s), 0 target(s)
review-readiness	antibioticmech:aro-d53850fc72	triflumizole	ARO	PMID:10919801	IDENTITY_REVIEW: grounding is MINTED; 1 source literature lead(s), 0 record evidence item(s), 0 target(s)
review-readiness	antibioticmech:aro-4c6e0c1ff0	tuberactinomycin	ARO	PMID:7509881|PMID:12936980	IDENTITY_REVIEW: grounding is MINTED; 2 source literature lead(s), 0 record evidence item(s), 2 target(s)
review-readiness	antibioticmech:aro-b855439125	tulathromycin	ARO	PMID:16094557	IDENTITY_REVIEW: grounding is MINTED; 1 source literature lead(s), 0 record evidence item(s), 0 target(s)
review-readiness	antibioticmech:aro-be005cca98	tunicamycin	ARO	PMID:1624425	IDENTITY_REVIEW: grounding is MINTED; 1 source literature lead(s), 0 record evidence item(s), 0 target(s)
review-readiness	antibioticmech:aro-1a019a94dc	tylvalosin	ARO	PMID:34729086	IDENTITY_REVIEW: grounding is MINTED; 1 source literature lead(s), 0 record evidence item(s), 0 target(s)
review-readiness	antibioticmech:aro-1c243155df	tyrothricin	ARO	PMID:16560680	IDENTITY_REVIEW: grounding is MINTED; 1 source literature lead(s), 0 record evidence item(s), 0 target(s)
review-readiness	antibioticmech:aro-3e4204a292	UK-69,753	ARO	PMID:2584145	IDENTITY_REVIEW: grounding is MINTED; 1 source literature lead(s), 0 record evidence item(s), 0 target(s)
review-readiness	antibioticmech:aro-890fe891a5	unphenelfamycin	ARO	PMID:2921230|PMID:3192489|PMID:3192490	IDENTITY_REVIEW: grounding is MINTED; 3 source literature lead(s), 0 record evidence item(s), 0 target(s)
review-readiness	antibioticmech:aro-96ff58856f	vanillobiocin	ARO	PMID:15152806	IDENTITY_REVIEW: grounding is MINTED; 1 source literature lead(s), 0 record evidence item(s), 0 target(s)
review-readiness	antibioticmech:aro-e52262d6b8	verdamicin	ARO	PMID:1137376	IDENTITY_REVIEW: grounding is MINTED; 1 source literature lead(s), 0 record evidence item(s), 0 target(s)
review-readiness	antibioticmech:aro-6536d0e3bb	vernamycin C	ARO	PMID:15700955	IDENTITY_REVIEW: grounding is MINTED; 1 source literature lead(s), 0 record evidence item(s), 1 target(s)
review-readiness	antibioticmech:aro-ddcacf705e	vertilimicin	ARO	PMID:19635958	IDENTITY_REVIEW: grounding is MINTED; 1 source literature lead(s), 0 record evidence item(s), 0 target(s)
review-readiness	antibioticmech:aro-88dda0e2d9	virginiamycin M1	ARO	PMID:15700955	IDENTITY_REVIEW: grounding is MINTED; 1 source literature lead(s), 0 record evidence item(s), 1 target(s)
review-readiness	antibioticmech:aro-2a1d8b8631	virginiamycin S2	ARO	PMID:15700955	IDENTITY_REVIEW: grounding is MINTED; 1 source literature lead(s), 0 record evidence item(s), 1 target(s)
review-readiness	antibioticmech:aro-df43621fb3	wychimicin A	ARO	PMID:36071214	IDENTITY_REVIEW: grounding is MINTED; 1 source literature lead(s), 0 record evidence item(s), 0 target(s)
review-readiness	antibioticmech:aro-9612379da5	wychimicin C	ARO	PMID:36071214	IDENTITY_REVIEW: grounding is MINTED; 1 source literature lead(s), 0 record evidence item(s), 0 target(s)
review-readiness	antibioticmech:aro-f75c158ac2	zabofloxacin	ARO	PMID:27869677|PMID:16873394	IDENTITY_REVIEW: grounding is MINTED; 2 source literature lead(s), 0 record evidence item(s), 0 target(s)
review-readiness	antibioticmech:aro-88c211f0f6	zoliflodacin	ARO	PMID:31730160	IDENTITY_REVIEW: grounding is MINTED; 1 source literature lead(s), 0 record evidence item(s), 0 target(s)
review-readiness	antibioticmech:aro-53b7643d5c	zosurabalpin	ARO	PMID:38453528|PMID:38172634	IDENTITY_REVIEW: grounding is MINTED; 2 source literature lead(s), 0 record evidence item(s), 0 target(s)
