source_version	source_table	activity_group_id	drug_code	source_name	identifier	standard_inchi_key	mic_value	mic_qualifier	mic_units	row_count	isolate_count	site_count	source	method_1	method_2	method_3	method_cc	method_mic	phenotype	quality	platedesign	belongs_gpi	phenotype_quality	readingday	primary_method	phenotype_description	mic	log2mic	binary_phenotype
3.4.0	DST_MEASUREMENTS	dst_measurements:3a063be345a0c705	AMI	AMIKACIN	CHEBI:2637	LKCWBDHBTVXHDL-RMDFUYIESA-N				270	270		CLIRES2020	liquid media	MGIT	MGIT960			R	MEDIUM
3.4.0	DST_MEASUREMENTS	dst_measurements:ea1e50ff34b6d97f	AMI	AMIKACIN	CHEBI:2637	LKCWBDHBTVXHDL-RMDFUYIESA-N				4066	4066		CLIRES2020	liquid media	MGIT	MGIT960			S	MEDIUM
3.4.0	DST_MEASUREMENTS	dst_measurements:260f0637fd5e8d95	AMI	AMIKACIN	CHEBI:2637	LKCWBDHBTVXHDL-RMDFUYIESA-N				2	2		CLIRES2020	not specified					R	MEDIUM
3.4.0	DST_MEASUREMENTS	dst_measurements:8e924b7ff2bd130f	AMI	AMIKACIN	CHEBI:2637	LKCWBDHBTVXHDL-RMDFUYIESA-N				3	3		CLIRES2020	not specified					S	MEDIUM
3.4.0	DST_MEASUREMENTS	dst_measurements:747fee5f826d38b0	AMI	AMIKACIN	CHEBI:2637	LKCWBDHBTVXHDL-RMDFUYIESA-N				24	24		CLIRES2020	solid media					R	MEDIUM
3.4.0	DST_MEASUREMENTS	dst_measurements:68dff900c11d0927	AMI	AMIKACIN	CHEBI:2637	LKCWBDHBTVXHDL-RMDFUYIESA-N				225	225		CLIRES2020	solid media					S	MEDIUM
3.4.0	DST_MEASUREMENTS	dst_measurements:430272646e33f339	AMI	AMIKACIN	CHEBI:2637	LKCWBDHBTVXHDL-RMDFUYIESA-N				1	1		CLIRES2023	liquid media	MGIT	MGIT960			I	MEDIUM
3.4.0	DST_MEASUREMENTS	dst_measurements:15aa72d65a8bff79	AMI	AMIKACIN	CHEBI:2637	LKCWBDHBTVXHDL-RMDFUYIESA-N				46	46		CLIRES2023	liquid media	MGIT	MGIT960			R	MEDIUM
3.4.0	DST_MEASUREMENTS	dst_measurements:a3a9eda6a1138e68	AMI	AMIKACIN	CHEBI:2637	LKCWBDHBTVXHDL-RMDFUYIESA-N				850	850		CLIRES2023	liquid media	MGIT	MGIT960			S	MEDIUM
3.4.0	DST_MEASUREMENTS	dst_measurements:3902aca480300814	AMI	AMIKACIN	CHEBI:2637	LKCWBDHBTVXHDL-RMDFUYIESA-N				1	1		CLIRES2023	not specified					S	MEDIUM
3.4.0	DST_MEASUREMENTS	dst_measurements:8ef2e15f209cc48f	AMI	AMIKACIN	CHEBI:2637	LKCWBDHBTVXHDL-RMDFUYIESA-N	0.5		mg/L	1323	1323		CRyPTIC	liquid media	microdilution plate	UKMYC5	1.0	0.5	S	HIGH
3.4.0	DST_MEASUREMENTS	dst_measurements:ee4ff28135f66829	AMI	AMIKACIN	CHEBI:2637	LKCWBDHBTVXHDL-RMDFUYIESA-N	0.5		mg/L	93	93		CRyPTIC	liquid media	microdilution plate	UKMYC5	1.0	0.5	S	LOW
3.4.0	DST_MEASUREMENTS	dst_measurements:8d8b361830c095b7	AMI	AMIKACIN	CHEBI:2637	LKCWBDHBTVXHDL-RMDFUYIESA-N	0.5		mg/L	302	302		CRyPTIC	liquid media	microdilution plate	UKMYC5	1.0	0.5	S	MEDIUM
3.4.0	DST_MEASUREMENTS	dst_measurements:e6140a3c47aeb2b6	AMI	AMIKACIN	CHEBI:2637	LKCWBDHBTVXHDL-RMDFUYIESA-N	1.0		mg/L	117	117		CRyPTIC	liquid media	microdilution plate	UKMYC5	1.0	1.0	S	HIGH
3.4.0	DST_MEASUREMENTS	dst_measurements:9bdff4ce7588c40b	AMI	AMIKACIN	CHEBI:2637	LKCWBDHBTVXHDL-RMDFUYIESA-N	1.0		mg/L	38	38		CRyPTIC	liquid media	microdilution plate	UKMYC5	1.0	1.0	S	LOW
3.4.0	DST_MEASUREMENTS	dst_measurements:1824af38b8b744a5	AMI	AMIKACIN	CHEBI:2637	LKCWBDHBTVXHDL-RMDFUYIESA-N	1.0		mg/L	29	29		CRyPTIC	liquid media	microdilution plate	UKMYC5	1.0	1.0	S	MEDIUM
3.4.0	DST_MEASUREMENTS	dst_measurements:10fd22e404aebf23	AMI	AMIKACIN	CHEBI:2637	LKCWBDHBTVXHDL-RMDFUYIESA-N	2.0		mg/L	18	18		CRyPTIC	liquid media	microdilution plate	UKMYC5	1.0	2.0	R	HIGH
3.4.0	DST_MEASUREMENTS	dst_measurements:1b6359faae1e7fb6	AMI	AMIKACIN	CHEBI:2637	LKCWBDHBTVXHDL-RMDFUYIESA-N	2.0		mg/L	17	17		CRyPTIC	liquid media	microdilution plate	UKMYC5	1.0	2.0	R	LOW
3.4.0	DST_MEASUREMENTS	dst_measurements:447c1dcea45f0452	AMI	AMIKACIN	CHEBI:2637	LKCWBDHBTVXHDL-RMDFUYIESA-N	2.0		mg/L	8	8		CRyPTIC	liquid media	microdilution plate	UKMYC5	1.0	2.0	R	MEDIUM
3.4.0	DST_MEASUREMENTS	dst_measurements:2714a101a8e0bc97	AMI	AMIKACIN	CHEBI:2637	LKCWBDHBTVXHDL-RMDFUYIESA-N	4.0		mg/L	20	20		CRyPTIC	liquid media	microdilution plate	UKMYC5	1.0	4.0	R	HIGH
3.4.0	DST_MEASUREMENTS	dst_measurements:7d1448f69f65e964	AMI	AMIKACIN	CHEBI:2637	LKCWBDHBTVXHDL-RMDFUYIESA-N	4.0		mg/L	9	9		CRyPTIC	liquid media	microdilution plate	UKMYC5	1.0	4.0	R	LOW
3.4.0	DST_MEASUREMENTS	dst_measurements:a439afb789cd3938	AMI	AMIKACIN	CHEBI:2637	LKCWBDHBTVXHDL-RMDFUYIESA-N	4.0		mg/L	2	2		CRyPTIC	liquid media	microdilution plate	UKMYC5	1.0	4.0	R	MEDIUM
3.4.0	DST_MEASUREMENTS	dst_measurements:a7c6f36ab7de0570	AMI	AMIKACIN	CHEBI:2637	LKCWBDHBTVXHDL-RMDFUYIESA-N	8.0		mg/L	18	18		CRyPTIC	liquid media	microdilution plate	UKMYC5	1.0	8.0	R	HIGH
3.4.0	DST_MEASUREMENTS	dst_measurements:b5d0e519c469c78d	AMI	AMIKACIN	CHEBI:2637	LKCWBDHBTVXHDL-RMDFUYIESA-N	8.0		mg/L	4	4		CRyPTIC	liquid media	microdilution plate	UKMYC5	1.0	8.0	R	LOW
3.4.0	DST_MEASUREMENTS	dst_measurements:e95d2d321f31fba2	AMI	AMIKACIN	CHEBI:2637	LKCWBDHBTVXHDL-RMDFUYIESA-N	8.0		mg/L	3	3		CRyPTIC	liquid media	microdilution plate	UKMYC5	1.0	8.0	R	MEDIUM
3.4.0	DST_MEASUREMENTS	dst_measurements:4507779f8b801cc1	AMI	AMIKACIN	CHEBI:2637	LKCWBDHBTVXHDL-RMDFUYIESA-N	0.25	<=	mg/L	3462	3462		CRyPTIC	liquid media	microdilution plate	UKMYC5	1.0	<=0.25	S	HIGH
3.4.0	DST_MEASUREMENTS	dst_measurements:b5376e1c51e7a23e	AMI	AMIKACIN	CHEBI:2637	LKCWBDHBTVXHDL-RMDFUYIESA-N	0.25	<=	mg/L	345	345		CRyPTIC	liquid media	microdilution plate	UKMYC5	1.0	<=0.25	S	LOW
3.4.0	DST_MEASUREMENTS	dst_measurements:a5b30cdfa691f6bf	AMI	AMIKACIN	CHEBI:2637	LKCWBDHBTVXHDL-RMDFUYIESA-N	0.25	<=	mg/L	659	659		CRyPTIC	liquid media	microdilution plate	UKMYC5	1.0	<=0.25	S	MEDIUM
3.4.0	DST_MEASUREMENTS	dst_measurements:af5627b2a3bd4245	AMI	AMIKACIN	CHEBI:2637	LKCWBDHBTVXHDL-RMDFUYIESA-N	8	>	mg/L	366	366		CRyPTIC	liquid media	microdilution plate	UKMYC5	1.0	>8	R	HIGH
3.4.0	DST_MEASUREMENTS	dst_measurements:0233a6cf1d0e5877	AMI	AMIKACIN	CHEBI:2637	LKCWBDHBTVXHDL-RMDFUYIESA-N	8	>	mg/L	6	6		CRyPTIC	liquid media	microdilution plate	UKMYC5	1.0	>8	R	LOW
3.4.0	DST_MEASUREMENTS	dst_measurements:8215184e72c5d770	AMI	AMIKACIN	CHEBI:2637	LKCWBDHBTVXHDL-RMDFUYIESA-N	8	>	mg/L	71	71		CRyPTIC	liquid media	microdilution plate	UKMYC5	1.0	>8	R	MEDIUM
3.4.0	DST_MEASUREMENTS	dst_measurements:3c8188e5546b3f14	AMI	AMIKACIN	CHEBI:2637	LKCWBDHBTVXHDL-RMDFUYIESA-N				12	12		CRyPTIC	liquid media	microdilution plate	UKMYC5	1.0			HIGH
3.4.0	DST_MEASUREMENTS	dst_measurements:c3ff1246080e531c	AMI	AMIKACIN	CHEBI:2637	LKCWBDHBTVXHDL-RMDFUYIESA-N				13	13		CRyPTIC	liquid media	microdilution plate	UKMYC5	1.0			LOW
3.4.0	DST_MEASUREMENTS	dst_measurements:c339b57c86af4a06	AMI	AMIKACIN	CHEBI:2637	LKCWBDHBTVXHDL-RMDFUYIESA-N				106	106		CRyPTIC	liquid media	microdilution plate	UKMYC5	1.0			MEDIUM
3.4.0	DST_MEASUREMENTS	dst_measurements:42dfb77ce66b7d48	AMI	AMIKACIN	CHEBI:2637	LKCWBDHBTVXHDL-RMDFUYIESA-N	0.5		mg/L	3712	3712		CRyPTIC	liquid media	microdilution plate	UKMYC6	1.0	0.5	S	HIGH
3.4.0	DST_MEASUREMENTS	dst_measurements:c1fb6e9266cc24df	AMI	AMIKACIN	CHEBI:2637	LKCWBDHBTVXHDL-RMDFUYIESA-N	0.5		mg/L	596	596		CRyPTIC	liquid media	microdilution plate	UKMYC6	1.0	0.5	S	LOW
3.4.0	DST_MEASUREMENTS	dst_measurements:5b8ac61ea072d553	AMI	AMIKACIN	CHEBI:2637	LKCWBDHBTVXHDL-RMDFUYIESA-N	0.5		mg/L	296	296		CRyPTIC	liquid media	microdilution plate	UKMYC6	1.0	0.5	S	MEDIUM
3.4.0	DST_MEASUREMENTS	dst_measurements:5e80697faeca80d3	AMI	AMIKACIN	CHEBI:2637	LKCWBDHBTVXHDL-RMDFUYIESA-N	1.0		mg/L	542	542		CRyPTIC	liquid media	microdilution plate	UKMYC6	1.0	1.0	S	HIGH
3.4.0	DST_MEASUREMENTS	dst_measurements:63017f64a455ac60	AMI	AMIKACIN	CHEBI:2637	LKCWBDHBTVXHDL-RMDFUYIESA-N	1.0		mg/L	113	113		CRyPTIC	liquid media	microdilution plate	UKMYC6	1.0	1.0	S	LOW
3.4.0	DST_MEASUREMENTS	dst_measurements:d884ba14f19c9111	AMI	AMIKACIN	CHEBI:2637	LKCWBDHBTVXHDL-RMDFUYIESA-N	1.0		mg/L	78	78		CRyPTIC	liquid media	microdilution plate	UKMYC6	1.0	1.0	S	MEDIUM
3.4.0	DST_MEASUREMENTS	dst_measurements:14336490e8ab7341	AMI	AMIKACIN	CHEBI:2637	LKCWBDHBTVXHDL-RMDFUYIESA-N	16.0		mg/L	52	52		CRyPTIC	liquid media	microdilution plate	UKMYC6	1.0	16.0	R	HIGH
3.4.0	DST_MEASUREMENTS	dst_measurements:9cfed3a5c0894c69	AMI	AMIKACIN	CHEBI:2637	LKCWBDHBTVXHDL-RMDFUYIESA-N	16.0		mg/L	22	22		CRyPTIC	liquid media	microdilution plate	UKMYC6	1.0	16.0	R	LOW
3.4.0	DST_MEASUREMENTS	dst_measurements:de7fc763cf2e2b9f	AMI	AMIKACIN	CHEBI:2637	LKCWBDHBTVXHDL-RMDFUYIESA-N	16.0		mg/L	25	25		CRyPTIC	liquid media	microdilution plate	UKMYC6	1.0	16.0	R	MEDIUM
3.4.0	DST_MEASUREMENTS	dst_measurements:5c07401eb6ee1432	AMI	AMIKACIN	CHEBI:2637	LKCWBDHBTVXHDL-RMDFUYIESA-N	2.0		mg/L	41	41		CRyPTIC	liquid media	microdilution plate	UKMYC6	1.0	2.0	R	HIGH
3.4.0	DST_MEASUREMENTS	dst_measurements:ec77789a5699dd36	AMI	AMIKACIN	CHEBI:2637	LKCWBDHBTVXHDL-RMDFUYIESA-N	2.0		mg/L	29	29		CRyPTIC	liquid media	microdilution plate	UKMYC6	1.0	2.0	R	LOW
3.4.0	DST_MEASUREMENTS	dst_measurements:7cf3299feace3e2c	AMI	AMIKACIN	CHEBI:2637	LKCWBDHBTVXHDL-RMDFUYIESA-N	2.0		mg/L	18	18		CRyPTIC	liquid media	microdilution plate	UKMYC6	1.0	2.0	R	MEDIUM
3.4.0	DST_MEASUREMENTS	dst_measurements:39d99efa7cc2b0fd	AMI	AMIKACIN	CHEBI:2637	LKCWBDHBTVXHDL-RMDFUYIESA-N	4.0		mg/L	26	26		CRyPTIC	liquid media	microdilution plate	UKMYC6	1.0	4.0	R	HIGH
3.4.0	DST_MEASUREMENTS	dst_measurements:ecfdb6df28abc1a9	AMI	AMIKACIN	CHEBI:2637	LKCWBDHBTVXHDL-RMDFUYIESA-N	4.0		mg/L	7	7		CRyPTIC	liquid media	microdilution plate	UKMYC6	1.0	4.0	R	LOW
3.4.0	DST_MEASUREMENTS	dst_measurements:aacf353b695aeea9	AMI	AMIKACIN	CHEBI:2637	LKCWBDHBTVXHDL-RMDFUYIESA-N	4.0		mg/L	7	7		CRyPTIC	liquid media	microdilution plate	UKMYC6	1.0	4.0	R	MEDIUM
3.4.0	DST_MEASUREMENTS	dst_measurements:9c18d45efecffb70	AMI	AMIKACIN	CHEBI:2637	LKCWBDHBTVXHDL-RMDFUYIESA-N	8.0		mg/L	20	20		CRyPTIC	liquid media	microdilution plate	UKMYC6	1.0	8.0	R	HIGH
3.4.0	DST_MEASUREMENTS	dst_measurements:51ea33cd00c5a5a6	AMI	AMIKACIN	CHEBI:2637	LKCWBDHBTVXHDL-RMDFUYIESA-N	8.0		mg/L	14	14		CRyPTIC	liquid media	microdilution plate	UKMYC6	1.0	8.0	R	LOW
3.4.0	DST_MEASUREMENTS	dst_measurements:d3eee3adf34bfd3a	AMI	AMIKACIN	CHEBI:2637	LKCWBDHBTVXHDL-RMDFUYIESA-N	8.0		mg/L	7	7		CRyPTIC	liquid media	microdilution plate	UKMYC6	1.0	8.0	R	MEDIUM
3.4.0	DST_MEASUREMENTS	dst_measurements:054f14fd50462191	AMI	AMIKACIN	CHEBI:2637	LKCWBDHBTVXHDL-RMDFUYIESA-N	0.25	<=	mg/L	6983	6983		CRyPTIC	liquid media	microdilution plate	UKMYC6	1.0	<=0.25	S	HIGH
3.4.0	DST_MEASUREMENTS	dst_measurements:2f43a950886941da	AMI	AMIKACIN	CHEBI:2637	LKCWBDHBTVXHDL-RMDFUYIESA-N	0.25	<=	mg/L	730	730		CRyPTIC	liquid media	microdilution plate	UKMYC6	1.0	<=0.25	S	LOW
3.4.0	DST_MEASUREMENTS	dst_measurements:4eced01eb53069c3	AMI	AMIKACIN	CHEBI:2637	LKCWBDHBTVXHDL-RMDFUYIESA-N	0.25	<=	mg/L	671	671		CRyPTIC	liquid media	microdilution plate	UKMYC6	1.0	<=0.25	S	MEDIUM
3.4.0	DST_MEASUREMENTS	dst_measurements:4e223f7a9716dc5d	AMI	AMIKACIN	CHEBI:2637	LKCWBDHBTVXHDL-RMDFUYIESA-N	16	>	mg/L	467	467		CRyPTIC	liquid media	microdilution plate	UKMYC6	1.0	>16	R	HIGH
3.4.0	DST_MEASUREMENTS	dst_measurements:30e7d003f341fadd	AMI	AMIKACIN	CHEBI:2637	LKCWBDHBTVXHDL-RMDFUYIESA-N	16	>	mg/L	5	5		CRyPTIC	liquid media	microdilution plate	UKMYC6	1.0	>16	R	LOW
3.4.0	DST_MEASUREMENTS	dst_measurements:706125b1b811b126	AMI	AMIKACIN	CHEBI:2637	LKCWBDHBTVXHDL-RMDFUYIESA-N	16	>	mg/L	104	104		CRyPTIC	liquid media	microdilution plate	UKMYC6	1.0	>16	R	MEDIUM
3.4.0	DST_MEASUREMENTS	dst_measurements:4c768953bfcea0b4	AMI	AMIKACIN	CHEBI:2637	LKCWBDHBTVXHDL-RMDFUYIESA-N				31	31		CRyPTIC	liquid media	microdilution plate	UKMYC6	1.0			HIGH
3.4.0	DST_MEASUREMENTS	dst_measurements:7168e95caa2f8b9f	AMI	AMIKACIN	CHEBI:2637	LKCWBDHBTVXHDL-RMDFUYIESA-N				26	26		CRyPTIC	liquid media	microdilution plate	UKMYC6	1.0			LOW
3.4.0	DST_MEASUREMENTS	dst_measurements:7b20a30f82eb4e6c	AMI	AMIKACIN	CHEBI:2637	LKCWBDHBTVXHDL-RMDFUYIESA-N				22	22		CRyPTIC	liquid media	microdilution plate	UKMYC6	1.0			MEDIUM
3.4.0	DST_MEASUREMENTS	dst_measurements:93ed1447e7cee91e	AMI	AMIKACIN	CHEBI:2637	LKCWBDHBTVXHDL-RMDFUYIESA-N				18	18		KMMYKROBE2025	not specified					R	MEDIUM
3.4.0	DST_MEASUREMENTS	dst_measurements:099e23006c9c1866	AMI	AMIKACIN	CHEBI:2637	LKCWBDHBTVXHDL-RMDFUYIESA-N				108	108		KMMYKROBE2025	not specified					S	MEDIUM
3.4.0	DST_MEASUREMENTS	dst_measurements:6097b76d5282e84f	AMI	AMIKACIN	CHEBI:2637	LKCWBDHBTVXHDL-RMDFUYIESA-N				590	590		KMVALIDATION2025	not specified					R	MEDIUM
3.4.0	DST_MEASUREMENTS	dst_measurements:dda72482d0485ec3	AMI	AMIKACIN	CHEBI:2637	LKCWBDHBTVXHDL-RMDFUYIESA-N				3859	3859		KMVALIDATION2025	not specified					S	MEDIUM
3.4.0	DST_MEASUREMENTS	dst_measurements:44c77e73eeb814ba	AMI	AMIKACIN	CHEBI:2637	LKCWBDHBTVXHDL-RMDFUYIESA-N				63	63		LID2015	liquid media	MGIT	MGIT960	WHO		R	MEDIUM
3.4.0	DST_MEASUREMENTS	dst_measurements:6ebd8eee400598f2	AMI	AMIKACIN	CHEBI:2637	LKCWBDHBTVXHDL-RMDFUYIESA-N				715	715		LID2015	liquid media	MGIT	MGIT960	WHO		S	MEDIUM
3.4.0	DST_MEASUREMENTS	dst_measurements:50c617f9112747b8	AMI	AMIKACIN	CHEBI:2637	LKCWBDHBTVXHDL-RMDFUYIESA-N				99	99		MUMBAI2018	liquid media	MGIT	MGIT960			R	MEDIUM
3.4.0	DST_MEASUREMENTS	dst_measurements:8626027761a63e5a	AMI	AMIKACIN	CHEBI:2637	LKCWBDHBTVXHDL-RMDFUYIESA-N				1309	1309		MUMBAI2018	liquid media	MGIT	MGIT960			S	MEDIUM
3.4.0	DST_MEASUREMENTS	dst_measurements:76d4d7b8ef883f3f	AMI	AMIKACIN	CHEBI:2637	LKCWBDHBTVXHDL-RMDFUYIESA-N				120	120		NEJM2018	liquid media	MGIT	MGIT960			R	MEDIUM
3.4.0	DST_MEASUREMENTS	dst_measurements:34cc5089d3ac69fb	AMI	AMIKACIN	CHEBI:2637	LKCWBDHBTVXHDL-RMDFUYIESA-N				1247	1247		NEJM2018	liquid media	MGIT	MGIT960			S	MEDIUM
3.4.0	DST_MEASUREMENTS	dst_measurements:18347ceb03936b07	AMI	AMIKACIN	CHEBI:2637	LKCWBDHBTVXHDL-RMDFUYIESA-N				85	85		NEJM2018	solid media	LJ	resistance ratio			R	MEDIUM
3.4.0	DST_MEASUREMENTS	dst_measurements:471f9fb5c7138a6a	AMI	AMIKACIN	CHEBI:2637	LKCWBDHBTVXHDL-RMDFUYIESA-N				690	690		NEJM2018	solid media	LJ	resistance ratio			S	MEDIUM
3.4.0	DST_MEASUREMENTS	dst_measurements:8745d14d02ae8a6f	AMI	AMIKACIN	CHEBI:2637	LKCWBDHBTVXHDL-RMDFUYIESA-N				13	13		PHE2019	liquid media	MGIT	MGIT960	WHO		R	MEDIUM
3.4.0	DST_MEASUREMENTS	dst_measurements:4678ebef41482467	AMI	AMIKACIN	CHEBI:2637	LKCWBDHBTVXHDL-RMDFUYIESA-N				185	185		PHE2019	liquid media	MGIT	MGIT960	WHO		S	MEDIUM
3.4.0	DST_MEASUREMENTS	dst_measurements:9607b0a88769bcb0	AMI	AMIKACIN	CHEBI:2637	LKCWBDHBTVXHDL-RMDFUYIESA-N				1	1		SEQTREAT2020	liquid media	MGIT	BACTEC460	1.0		R	MEDIUM
3.4.0	DST_MEASUREMENTS	dst_measurements:af360adc33ea2560	AMI	AMIKACIN	CHEBI:2637	LKCWBDHBTVXHDL-RMDFUYIESA-N				16	16		SEQTREAT2020	liquid media	MGIT	BACTEC460	1.0		S	MEDIUM
3.4.0	DST_MEASUREMENTS	dst_measurements:c6e8fc093c6e4689	AMI	AMIKACIN	CHEBI:2637	LKCWBDHBTVXHDL-RMDFUYIESA-N				36	36		SEQTREAT2020	liquid media	MGIT	MGIT960	1.0		R	MEDIUM
3.4.0	DST_MEASUREMENTS	dst_measurements:63daed4593727e05	AMI	AMIKACIN	CHEBI:2637	LKCWBDHBTVXHDL-RMDFUYIESA-N				164	164		SEQTREAT2020	liquid media	MGIT	MGIT960	1.0		S	MEDIUM
3.4.0	DST_MEASUREMENTS	dst_measurements:d16cc6155643fb76	AMI	AMIKACIN	CHEBI:2637	LKCWBDHBTVXHDL-RMDFUYIESA-N				401	401		SEQTREAT2020	liquid media	MGIT	MGIT960	1.0		U	MEDIUM
3.4.0	DST_MEASUREMENTS	dst_measurements:6f3144fe01b0a72f	AMI	AMIKACIN	CHEBI:2637	LKCWBDHBTVXHDL-RMDFUYIESA-N				36	36		SEQTREAT2020	liquid media	MGIT	MGIT960	WHO		R	MEDIUM
3.4.0	DST_MEASUREMENTS	dst_measurements:069f386b33b13f84	AMI	AMIKACIN	CHEBI:2637	LKCWBDHBTVXHDL-RMDFUYIESA-N				353	353		SEQTREAT2020	liquid media	MGIT	MGIT960	WHO		S	MEDIUM
3.4.0	DST_MEASUREMENTS	dst_measurements:e731a580f3252031	AMI	AMIKACIN	CHEBI:2637	LKCWBDHBTVXHDL-RMDFUYIESA-N				367	367		SEQTREAT2020	liquid media	MGIT	MGIT960	WHO		U	MEDIUM
3.4.0	DST_MEASUREMENTS	dst_measurements:1a35167cbbe6d3c4	AMI	AMIKACIN	CHEBI:2637	LKCWBDHBTVXHDL-RMDFUYIESA-N				165	165		SEQTREAT2020	liquid media	MGIT		WHO		R	MEDIUM
3.4.0	DST_MEASUREMENTS	dst_measurements:c63a1e2500e69e70	AMI	AMIKACIN	CHEBI:2637	LKCWBDHBTVXHDL-RMDFUYIESA-N				866	866		SEQTREAT2020	liquid media	MGIT		WHO		S	MEDIUM
3.4.0	DST_MEASUREMENTS	dst_measurements:20d1e3dd3fbbb4f0	AMI	AMIKACIN	CHEBI:2637	LKCWBDHBTVXHDL-RMDFUYIESA-N				449	449		SEQTREAT2020	liquid media	MGIT		WHO		U	MEDIUM
3.4.0	DST_MEASUREMENTS	dst_measurements:cb358d09212f8170	AMI	AMIKACIN	CHEBI:2637	LKCWBDHBTVXHDL-RMDFUYIESA-N	0.25		mg/L	36	36		SEQTREAT2020	liquid media	microdilution plate	MYCOTB		0.25	S	MEDIUM
3.4.0	DST_MEASUREMENTS	dst_measurements:c0c6108bc6ff6aa2	AMI	AMIKACIN	CHEBI:2637	LKCWBDHBTVXHDL-RMDFUYIESA-N	0.5		mg/L	17	17		SEQTREAT2020	liquid media	microdilution plate	MYCOTB		0.5	S	MEDIUM
3.4.0	DST_MEASUREMENTS	dst_measurements:8c825dbcac01d26b	AMI	AMIKACIN	CHEBI:2637	LKCWBDHBTVXHDL-RMDFUYIESA-N	1.0		mg/L	3	3		SEQTREAT2020	liquid media	microdilution plate	MYCOTB		1.0	S	MEDIUM
3.4.0	DST_MEASUREMENTS	dst_measurements:b3a77f535e5fe91d	AMI	AMIKACIN	CHEBI:2637	LKCWBDHBTVXHDL-RMDFUYIESA-N	16.0		mg/L	1	1		SEQTREAT2020	liquid media	microdilution plate	MYCOTB		16.0	R	MEDIUM
3.4.0	DST_MEASUREMENTS	dst_measurements:c385a88e18f58da5	AMI	AMIKACIN	CHEBI:2637	LKCWBDHBTVXHDL-RMDFUYIESA-N	8.0		mg/L	2	2		SEQTREAT2020	liquid media	microdilution plate	MYCOTB		8.0	R	MEDIUM
3.4.0	DST_MEASUREMENTS	dst_measurements:de688bdcaa336a7d	AMI	AMIKACIN	CHEBI:2637	LKCWBDHBTVXHDL-RMDFUYIESA-N	0.12	<=	mg/L	12	12		SEQTREAT2020	liquid media	microdilution plate	MYCOTB		<=0.12	S	MEDIUM
3.4.0	DST_MEASUREMENTS	dst_measurements:e40dfa15691a04ea	AMI	AMIKACIN	CHEBI:2637	LKCWBDHBTVXHDL-RMDFUYIESA-N	16	>	mg/L	19	19		SEQTREAT2020	liquid media	microdilution plate	MYCOTB		>16	R	MEDIUM
3.4.0	DST_MEASUREMENTS	dst_measurements:0e869fa8901a9d4d	AMI	AMIKACIN	CHEBI:2637	LKCWBDHBTVXHDL-RMDFUYIESA-N	0.5		mg/L	90	90		SEQTREAT2020	liquid media	microdilution plate	UKMYC5		0.5	S	MEDIUM
3.4.0	DST_MEASUREMENTS	dst_measurements:12e00a792c7fc2db	AMI	AMIKACIN	CHEBI:2637	LKCWBDHBTVXHDL-RMDFUYIESA-N	1.0		mg/L	34	34		SEQTREAT2020	liquid media	microdilution plate	UKMYC5		1.0	S	MEDIUM
3.4.0	DST_MEASUREMENTS	dst_measurements:4fe0b75fde1f7e29	AMI	AMIKACIN	CHEBI:2637	LKCWBDHBTVXHDL-RMDFUYIESA-N	2.0		mg/L	6	6		SEQTREAT2020	liquid media	microdilution plate	UKMYC5		2.0	R	MEDIUM
3.4.0	DST_MEASUREMENTS	dst_measurements:a64ddc955c8d6ab0	AMI	AMIKACIN	CHEBI:2637	LKCWBDHBTVXHDL-RMDFUYIESA-N	4.0		mg/L	1	1		SEQTREAT2020	liquid media	microdilution plate	UKMYC5		4.0	R	MEDIUM
3.4.0	DST_MEASUREMENTS	dst_measurements:fd521182422cf406	AMI	AMIKACIN	CHEBI:2637	LKCWBDHBTVXHDL-RMDFUYIESA-N	0.25	<=	mg/L	132	132		SEQTREAT2020	liquid media	microdilution plate	UKMYC5		<=0.25	S	MEDIUM
3.4.0	DST_MEASUREMENTS	dst_measurements:bd74ecfa3dbf5280	AMI	AMIKACIN	CHEBI:2637	LKCWBDHBTVXHDL-RMDFUYIESA-N				20	20		SEQTREAT2020	liquid media	microdilution plate	UKMYC5			U	MEDIUM
3.4.0	DST_MEASUREMENTS	dst_measurements:badb804045c110ca	AMI	AMIKACIN	CHEBI:2637	LKCWBDHBTVXHDL-RMDFUYIESA-N				1	1		SEQTREAT2020	not specified					R	MEDIUM
3.4.0	DST_MEASUREMENTS	dst_measurements:0407c717eeeca10d	AMI	AMIKACIN	CHEBI:2637	LKCWBDHBTVXHDL-RMDFUYIESA-N				1	1		SEQTREAT2020	not specified					S	MEDIUM
3.4.0	DST_MEASUREMENTS	dst_measurements:a8fdc0308f6eb3ba	AMI	AMIKACIN	CHEBI:2637	LKCWBDHBTVXHDL-RMDFUYIESA-N				442	442		SEQTREAT2020	not specified					U	MEDIUM
3.4.0	DST_MEASUREMENTS	dst_measurements:b7b15b70fa77d161	AMI	AMIKACIN	CHEBI:2637	LKCWBDHBTVXHDL-RMDFUYIESA-N				5	5		SEQTREAT2020	solid media	LJ		WHO		R	MEDIUM
3.4.0	DST_MEASUREMENTS	dst_measurements:714e7c00828f7c91	AMI	AMIKACIN	CHEBI:2637	LKCWBDHBTVXHDL-RMDFUYIESA-N				52	52		SEQTREAT2020	solid media	LJ		WHO		S	MEDIUM
3.4.0	DST_MEASUREMENTS	dst_measurements:b43597ef40f6394b	AMI	AMIKACIN	CHEBI:2637	LKCWBDHBTVXHDL-RMDFUYIESA-N				121	121		SEQTREAT2020	solid media	LJ		WHO		U	MEDIUM
3.4.0	DST_MEASUREMENTS	dst_measurements:e744540ecd4e85b2	AMI	AMIKACIN	CHEBI:2637	LKCWBDHBTVXHDL-RMDFUYIESA-N				27	27		SEQTREAT2020	solid media	middlebrook	7H10	6.0		R	MEDIUM
3.4.0	DST_MEASUREMENTS	dst_measurements:0f17ed3779962577	AMI	AMIKACIN	CHEBI:2637	LKCWBDHBTVXHDL-RMDFUYIESA-N				154	154		SEQTREAT2020	solid media	middlebrook	7H10	6.0		S	MEDIUM
3.4.0	DST_MEASUREMENTS	dst_measurements:4cacff230dabd079	AMI	AMIKACIN	CHEBI:2637	LKCWBDHBTVXHDL-RMDFUYIESA-N				4	4		SEQTREAT2020	solid media	middlebrook		1.0		R	MEDIUM
3.4.0	DST_MEASUREMENTS	dst_measurements:b6d29aadf589abc6	AMI	AMIKACIN	CHEBI:2637	LKCWBDHBTVXHDL-RMDFUYIESA-N				10	10		SEQTREAT2020	solid media	middlebrook		1.0		S	MEDIUM
3.4.0	DST_MEASUREMENTS	dst_measurements:257ff3fea2c25a28	AMI	AMIKACIN	CHEBI:2637	LKCWBDHBTVXHDL-RMDFUYIESA-N				2	2		SEQTREAT2020	solid media	middlebrook		1.0		U	MEDIUM
3.4.0	DST_MEASUREMENTS	dst_measurements:33aca1b2000b2b01	AMI	AMIKACIN	CHEBI:2637	LKCWBDHBTVXHDL-RMDFUYIESA-N				3	3		SEQTREAT2020	solid media	middlebrook		2.0		R	MEDIUM
3.4.0	DST_MEASUREMENTS	dst_measurements:3dacfb00b68db83e	AMI	AMIKACIN	CHEBI:2637	LKCWBDHBTVXHDL-RMDFUYIESA-N				11	11		SEQTREAT2020	solid media	middlebrook		2.0		S	MEDIUM
3.4.0	DST_MEASUREMENTS	dst_measurements:38ccfd5a68b8f76d	AMI	AMIKACIN	CHEBI:2637	LKCWBDHBTVXHDL-RMDFUYIESA-N				2	2		SEQTREAT2020	solid media	middlebrook		2.0		U	MEDIUM
3.4.0	DST_MEASUREMENTS	dst_measurements:a75fc8b9929e0bde	AMI	AMIKACIN	CHEBI:2637	LKCWBDHBTVXHDL-RMDFUYIESA-N				36	36		SEQTREAT2020	solid media	middlebrook		4		R	MEDIUM
3.4.0	DST_MEASUREMENTS	dst_measurements:9f3c2bc91495b8a1	AMI	AMIKACIN	CHEBI:2637	LKCWBDHBTVXHDL-RMDFUYIESA-N				387	387		SEQTREAT2020	solid media	middlebrook		4		S	MEDIUM
3.4.0	DST_MEASUREMENTS	dst_measurements:30e7f64995ae8ec7	AMI	AMIKACIN	CHEBI:2637	LKCWBDHBTVXHDL-RMDFUYIESA-N				21	21		SEQTREAT2020	solid media	middlebrook		4		U	MEDIUM
3.4.0	DST_MEASUREMENTS	dst_measurements:ffb06fd76a7a6af4	AMI	AMIKACIN	CHEBI:2637	LKCWBDHBTVXHDL-RMDFUYIESA-N				3	3		SEQTREAT2020	solid media	middlebrook		4.0		R	MEDIUM
3.4.0	DST_MEASUREMENTS	dst_measurements:a96c440aa8fe1bc8	AMI	AMIKACIN	CHEBI:2637	LKCWBDHBTVXHDL-RMDFUYIESA-N				11	11		SEQTREAT2020	solid media	middlebrook		4.0		S	MEDIUM
3.4.0	DST_MEASUREMENTS	dst_measurements:6e24a684f907a42a	AMI	AMIKACIN	CHEBI:2637	LKCWBDHBTVXHDL-RMDFUYIESA-N				2	2		SEQTREAT2020	solid media	middlebrook		4.0		U	MEDIUM
3.4.0	DST_MEASUREMENTS	dst_measurements:2bd57417ba16869a	AMI	AMIKACIN	CHEBI:2637	LKCWBDHBTVXHDL-RMDFUYIESA-N				21	21		WHO2019	liquid media	MGIT	MGIT960	1.0		R	MEDIUM
3.4.0	DST_MEASUREMENTS	dst_measurements:652b443fa013b3ac	AMI	AMIKACIN	CHEBI:2637	LKCWBDHBTVXHDL-RMDFUYIESA-N				145	145		WHO2019	liquid media	MGIT	MGIT960	1.0		S	MEDIUM
3.4.0	DST_MEASUREMENTS	dst_measurements:8988105ecbf97069	AMI	AMIKACIN	CHEBI:2637	LKCWBDHBTVXHDL-RMDFUYIESA-N				59	59		WHO2019	solid media	LJ		30.0		R	MEDIUM
3.4.0	DST_MEASUREMENTS	dst_measurements:5cfe556e5e43b30a	AMI	AMIKACIN	CHEBI:2637	LKCWBDHBTVXHDL-RMDFUYIESA-N				1079	1079		WHO2019	solid media	LJ		30.0		S	MEDIUM
3.4.0	DST_MEASUREMENTS	dst_measurements:4d1e7eca77db3e10	AZM	AZITHROMYCIN	CHEBI:2955	MQTOSJVFKKJCRP-BICOPXKESA-N				6	6		SEQTREAT2020	solid media	middlebrook	7H10	3.0		R	MEDIUM
3.4.0	DST_MEASUREMENTS	dst_measurements:09cce2353be38ee1	BDQ	BEDAQUILINE	CHEBI:72292	QUIJNHUBAXPXFS-XLJNKUFUSA-N				10	10		CLIRES2020	not specified					S	MEDIUM
3.4.0	DST_MEASUREMENTS	dst_measurements:bb03ffa228dda6ea	BDQ	BEDAQUILINE	CHEBI:72292	QUIJNHUBAXPXFS-XLJNKUFUSA-N				1	1		CLIRES2020	solid media					I	MEDIUM
3.4.0	DST_MEASUREMENTS	dst_measurements:fb55723ecd6b9f49	BDQ	BEDAQUILINE	CHEBI:72292	QUIJNHUBAXPXFS-XLJNKUFUSA-N				7	7		CLIRES2020	solid media					R	MEDIUM
3.4.0	DST_MEASUREMENTS	dst_measurements:42b2319448dff224	BDQ	BEDAQUILINE	CHEBI:72292	QUIJNHUBAXPXFS-XLJNKUFUSA-N				79	79		CLIRES2020	solid media					S	MEDIUM
3.4.0	DST_MEASUREMENTS	dst_measurements:6e5dea5c2fd53447	BDQ	BEDAQUILINE	CHEBI:72292	QUIJNHUBAXPXFS-XLJNKUFUSA-N				5	5		CLIRES2023	solid media					R	MEDIUM
3.4.0	DST_MEASUREMENTS	dst_measurements:9a8a814747732491	BDQ	BEDAQUILINE	CHEBI:72292	QUIJNHUBAXPXFS-XLJNKUFUSA-N				5	5		CLIRES2023	solid media					S	MEDIUM
3.4.0	DST_MEASUREMENTS	dst_measurements:fe42ddce8fd2327b	BDQ	BEDAQUILINE	CHEBI:72292	QUIJNHUBAXPXFS-XLJNKUFUSA-N	0.03		mg/L	1704	1704		CRyPTIC	liquid media	microdilution plate	UKMYC5	0.25	0.03	S	HIGH
3.4.0	DST_MEASUREMENTS	dst_measurements:8419ea4935d78a3d	BDQ	BEDAQUILINE	CHEBI:72292	QUIJNHUBAXPXFS-XLJNKUFUSA-N	0.03		mg/L	227	227		CRyPTIC	liquid media	microdilution plate	UKMYC5	0.25	0.03	S	LOW
3.4.0	DST_MEASUREMENTS	dst_measurements:d9d18737af922c2b	BDQ	BEDAQUILINE	CHEBI:72292	QUIJNHUBAXPXFS-XLJNKUFUSA-N	0.03		mg/L	378	378		CRyPTIC	liquid media	microdilution plate	UKMYC5	0.25	0.03	S	MEDIUM
3.4.0	DST_MEASUREMENTS	dst_measurements:95f57c3784de3894	BDQ	BEDAQUILINE	CHEBI:72292	QUIJNHUBAXPXFS-XLJNKUFUSA-N	0.06		mg/L	1795	1795		CRyPTIC	liquid media	microdilution plate	UKMYC5	0.25	0.06	S	HIGH
3.4.0	DST_MEASUREMENTS	dst_measurements:c8746665a50797f7	BDQ	BEDAQUILINE	CHEBI:72292	QUIJNHUBAXPXFS-XLJNKUFUSA-N	0.06		mg/L	117	117		CRyPTIC	liquid media	microdilution plate	UKMYC5	0.25	0.06	S	LOW
3.4.0	DST_MEASUREMENTS	dst_measurements:bf3db8902e002a0e	BDQ	BEDAQUILINE	CHEBI:72292	QUIJNHUBAXPXFS-XLJNKUFUSA-N	0.06		mg/L	371	371		CRyPTIC	liquid media	microdilution plate	UKMYC5	0.25	0.06	S	MEDIUM
3.4.0	DST_MEASUREMENTS	dst_measurements:7af4d4b7ed0ad58b	BDQ	BEDAQUILINE	CHEBI:72292	QUIJNHUBAXPXFS-XLJNKUFUSA-N	0.12		mg/L	383	383		CRyPTIC	liquid media	microdilution plate	UKMYC5	0.25	0.12	S	HIGH
3.4.0	DST_MEASUREMENTS	dst_measurements:3610c5eeb134b27a	BDQ	BEDAQUILINE	CHEBI:72292	QUIJNHUBAXPXFS-XLJNKUFUSA-N	0.12		mg/L	42	42		CRyPTIC	liquid media	microdilution plate	UKMYC5	0.25	0.12	S	LOW
3.4.0	DST_MEASUREMENTS	dst_measurements:7bfe4aa3c4f790c7	BDQ	BEDAQUILINE	CHEBI:72292	QUIJNHUBAXPXFS-XLJNKUFUSA-N	0.12		mg/L	81	81		CRyPTIC	liquid media	microdilution plate	UKMYC5	0.25	0.12	S	MEDIUM
3.4.0	DST_MEASUREMENTS	dst_measurements:add15459700ef405	BDQ	BEDAQUILINE	CHEBI:72292	QUIJNHUBAXPXFS-XLJNKUFUSA-N	0.25		mg/L	77	77		CRyPTIC	liquid media	microdilution plate	UKMYC5	0.25	0.25	S	HIGH
3.4.0	DST_MEASUREMENTS	dst_measurements:f999183d5f04e211	BDQ	BEDAQUILINE	CHEBI:72292	QUIJNHUBAXPXFS-XLJNKUFUSA-N	0.25		mg/L	13	13		CRyPTIC	liquid media	microdilution plate	UKMYC5	0.25	0.25	S	LOW
3.4.0	DST_MEASUREMENTS	dst_measurements:c5d72f66f2c50dba	BDQ	BEDAQUILINE	CHEBI:72292	QUIJNHUBAXPXFS-XLJNKUFUSA-N	0.25		mg/L	7	7		CRyPTIC	liquid media	microdilution plate	UKMYC5	0.25	0.25	S	MEDIUM
3.4.0	DST_MEASUREMENTS	dst_measurements:be5df7a7c74fffeb	BDQ	BEDAQUILINE	CHEBI:72292	QUIJNHUBAXPXFS-XLJNKUFUSA-N	0.5		mg/L	32	32		CRyPTIC	liquid media	microdilution plate	UKMYC5	0.25	0.5	R	HIGH
3.4.0	DST_MEASUREMENTS	dst_measurements:1787ecc25d0646fa	BDQ	BEDAQUILINE	CHEBI:72292	QUIJNHUBAXPXFS-XLJNKUFUSA-N	0.5		mg/L	3	3		CRyPTIC	liquid media	microdilution plate	UKMYC5	0.25	0.5	R	LOW
3.4.0	DST_MEASUREMENTS	dst_measurements:987611c8ec639666	BDQ	BEDAQUILINE	CHEBI:72292	QUIJNHUBAXPXFS-XLJNKUFUSA-N	0.5		mg/L	1	1		CRyPTIC	liquid media	microdilution plate	UKMYC5	0.25	0.5	R	MEDIUM
3.4.0	DST_MEASUREMENTS	dst_measurements:4aed5e2a6de68be4	BDQ	BEDAQUILINE	CHEBI:72292	QUIJNHUBAXPXFS-XLJNKUFUSA-N	1.0		mg/L	1	1		CRyPTIC	liquid media	microdilution plate	UKMYC5	0.25	1.0	R	HIGH
3.4.0	DST_MEASUREMENTS	dst_measurements:94fa16dd1f290d65	BDQ	BEDAQUILINE	CHEBI:72292	QUIJNHUBAXPXFS-XLJNKUFUSA-N	1.0		mg/L	1	1		CRyPTIC	liquid media	microdilution plate	UKMYC5	0.25	1.0	R	LOW
3.4.0	DST_MEASUREMENTS	dst_measurements:3e24363fdffb5598	BDQ	BEDAQUILINE	CHEBI:72292	QUIJNHUBAXPXFS-XLJNKUFUSA-N	1.0		mg/L	1	1		CRyPTIC	liquid media	microdilution plate	UKMYC5	0.25	1.0	R	MEDIUM
3.4.0	DST_MEASUREMENTS	dst_measurements:77b8a46d754a9f3f	BDQ	BEDAQUILINE	CHEBI:72292	QUIJNHUBAXPXFS-XLJNKUFUSA-N	2.0		mg/L	3	3		CRyPTIC	liquid media	microdilution plate	UKMYC5	0.25	2.0	R	HIGH
3.4.0	DST_MEASUREMENTS	dst_measurements:8e8cdde1937e913e	BDQ	BEDAQUILINE	CHEBI:72292	QUIJNHUBAXPXFS-XLJNKUFUSA-N	2.0		mg/L	3	3		CRyPTIC	liquid media	microdilution plate	UKMYC5	0.25	2.0	R	LOW
3.4.0	DST_MEASUREMENTS	dst_measurements:3f49d1bddc7d805d	BDQ	BEDAQUILINE	CHEBI:72292	QUIJNHUBAXPXFS-XLJNKUFUSA-N	2.0		mg/L	1	1		CRyPTIC	liquid media	microdilution plate	UKMYC5	0.25	2.0	R	MEDIUM
3.4.0	DST_MEASUREMENTS	dst_measurements:ad7931b450ade4f7	BDQ	BEDAQUILINE	CHEBI:72292	QUIJNHUBAXPXFS-XLJNKUFUSA-N	0.015	<=	mg/L	1153	1153		CRyPTIC	liquid media	microdilution plate	UKMYC5	0.25	<=0.015	S	HIGH
3.4.0	DST_MEASUREMENTS	dst_measurements:95b4f384af8288aa	BDQ	BEDAQUILINE	CHEBI:72292	QUIJNHUBAXPXFS-XLJNKUFUSA-N	0.015	<=	mg/L	232	232		CRyPTIC	liquid media	microdilution plate	UKMYC5	0.25	<=0.015	S	LOW
3.4.0	DST_MEASUREMENTS	dst_measurements:ccc11600db6fad2c	BDQ	BEDAQUILINE	CHEBI:72292	QUIJNHUBAXPXFS-XLJNKUFUSA-N	0.015	<=	mg/L	234	234		CRyPTIC	liquid media	microdilution plate	UKMYC5	0.25	<=0.015	S	MEDIUM
3.4.0	DST_MEASUREMENTS	dst_measurements:15feab6f09e1bc1c	BDQ	BEDAQUILINE	CHEBI:72292	QUIJNHUBAXPXFS-XLJNKUFUSA-N	2	>	mg/L	15	15		CRyPTIC	liquid media	microdilution plate	UKMYC5	0.25	>2	R	HIGH
3.4.0	DST_MEASUREMENTS	dst_measurements:ae9bc45cd66aaf9c	BDQ	BEDAQUILINE	CHEBI:72292	QUIJNHUBAXPXFS-XLJNKUFUSA-N	2	>	mg/L	5	5		CRyPTIC	liquid media	microdilution plate	UKMYC5	0.25	>2	R	MEDIUM
3.4.0	DST_MEASUREMENTS	dst_measurements:08af12dc9b12ba8e	BDQ	BEDAQUILINE	CHEBI:72292	QUIJNHUBAXPXFS-XLJNKUFUSA-N				38	38		CRyPTIC	liquid media	microdilution plate	UKMYC5	0.25			HIGH
3.4.0	DST_MEASUREMENTS	dst_measurements:7442e76004e6bf86	BDQ	BEDAQUILINE	CHEBI:72292	QUIJNHUBAXPXFS-XLJNKUFUSA-N				16	16		CRyPTIC	liquid media	microdilution plate	UKMYC5	0.25			LOW
3.4.0	DST_MEASUREMENTS	dst_measurements:663d170e3bc594df	BDQ	BEDAQUILINE	CHEBI:72292	QUIJNHUBAXPXFS-XLJNKUFUSA-N				103	103		CRyPTIC	liquid media	microdilution plate	UKMYC5	0.25			MEDIUM
3.4.0	DST_MEASUREMENTS	dst_measurements:8f0093d2e0d99b6d	BDQ	BEDAQUILINE	CHEBI:72292	QUIJNHUBAXPXFS-XLJNKUFUSA-N	0.015		mg/L	1713	1713		CRyPTIC	liquid media	microdilution plate	UKMYC6	0.25	0.015	S	HIGH
3.4.0	DST_MEASUREMENTS	dst_measurements:7c939950ab7b7517	BDQ	BEDAQUILINE	CHEBI:72292	QUIJNHUBAXPXFS-XLJNKUFUSA-N	0.015		mg/L	336	336		CRyPTIC	liquid media	microdilution plate	UKMYC6	0.25	0.015	S	LOW
3.4.0	DST_MEASUREMENTS	dst_measurements:f82f8b0c53ee8ea4	BDQ	BEDAQUILINE	CHEBI:72292	QUIJNHUBAXPXFS-XLJNKUFUSA-N	0.015		mg/L	256	256		CRyPTIC	liquid media	microdilution plate	UKMYC6	0.25	0.015	S	MEDIUM
3.4.0	DST_MEASUREMENTS	dst_measurements:c7cb1849bfa07565	BDQ	BEDAQUILINE	CHEBI:72292	QUIJNHUBAXPXFS-XLJNKUFUSA-N	0.03		mg/L	4231	4231		CRyPTIC	liquid media	microdilution plate	UKMYC6	0.25	0.03	S	HIGH
3.4.0	DST_MEASUREMENTS	dst_measurements:116ed7db92784c49	BDQ	BEDAQUILINE	CHEBI:72292	QUIJNHUBAXPXFS-XLJNKUFUSA-N	0.03		mg/L	515	515		CRyPTIC	liquid media	microdilution plate	UKMYC6	0.25	0.03	S	LOW
3.4.0	DST_MEASUREMENTS	dst_measurements:7c3d0d7e687806b3	BDQ	BEDAQUILINE	CHEBI:72292	QUIJNHUBAXPXFS-XLJNKUFUSA-N	0.03		mg/L	422	422		CRyPTIC	liquid media	microdilution plate	UKMYC6	0.25	0.03	S	MEDIUM
3.4.0	DST_MEASUREMENTS	dst_measurements:d2046d7d40d78d3f	BDQ	BEDAQUILINE	CHEBI:72292	QUIJNHUBAXPXFS-XLJNKUFUSA-N	0.06		mg/L	3736	3736		CRyPTIC	liquid media	microdilution plate	UKMYC6	0.25	0.06	S	HIGH
3.4.0	DST_MEASUREMENTS	dst_measurements:8399080fb779349e	BDQ	BEDAQUILINE	CHEBI:72292	QUIJNHUBAXPXFS-XLJNKUFUSA-N	0.06		mg/L	437	437		CRyPTIC	liquid media	microdilution plate	UKMYC6	0.25	0.06	S	LOW
3.4.0	DST_MEASUREMENTS	dst_measurements:3cd1fcd2fcac4a71	BDQ	BEDAQUILINE	CHEBI:72292	QUIJNHUBAXPXFS-XLJNKUFUSA-N	0.06		mg/L	275	275		CRyPTIC	liquid media	microdilution plate	UKMYC6	0.25	0.06	S	MEDIUM
3.4.0	DST_MEASUREMENTS	dst_measurements:7220d649c6cda1ed	BDQ	BEDAQUILINE	CHEBI:72292	QUIJNHUBAXPXFS-XLJNKUFUSA-N	0.12		mg/L	918	918		CRyPTIC	liquid media	microdilution plate	UKMYC6	0.25	0.12	S	HIGH
3.4.0	DST_MEASUREMENTS	dst_measurements:c774b5f8149e0b5f	BDQ	BEDAQUILINE	CHEBI:72292	QUIJNHUBAXPXFS-XLJNKUFUSA-N	0.12		mg/L	147	147		CRyPTIC	liquid media	microdilution plate	UKMYC6	0.25	0.12	S	LOW
3.4.0	DST_MEASUREMENTS	dst_measurements:6a32223ba01174e2	BDQ	BEDAQUILINE	CHEBI:72292	QUIJNHUBAXPXFS-XLJNKUFUSA-N	0.12		mg/L	105	105		CRyPTIC	liquid media	microdilution plate	UKMYC6	0.25	0.12	S	MEDIUM
3.4.0	DST_MEASUREMENTS	dst_measurements:9196c4c4b33abad2	BDQ	BEDAQUILINE	CHEBI:72292	QUIJNHUBAXPXFS-XLJNKUFUSA-N	0.25		mg/L	316	316		CRyPTIC	liquid media	microdilution plate	UKMYC6	0.25	0.25	S	HIGH
3.4.0	DST_MEASUREMENTS	dst_measurements:dfc59438bdc365ee	BDQ	BEDAQUILINE	CHEBI:72292	QUIJNHUBAXPXFS-XLJNKUFUSA-N	0.25		mg/L	40	40		CRyPTIC	liquid media	microdilution plate	UKMYC6	0.25	0.25	S	LOW
3.4.0	DST_MEASUREMENTS	dst_measurements:da3f187b33320526	BDQ	BEDAQUILINE	CHEBI:72292	QUIJNHUBAXPXFS-XLJNKUFUSA-N	0.25		mg/L	31	31		CRyPTIC	liquid media	microdilution plate	UKMYC6	0.25	0.25	S	MEDIUM
3.4.0	DST_MEASUREMENTS	dst_measurements:7842cfa1049ef2f1	BDQ	BEDAQUILINE	CHEBI:72292	QUIJNHUBAXPXFS-XLJNKUFUSA-N	0.5		mg/L	86	86		CRyPTIC	liquid media	microdilution plate	UKMYC6	0.25	0.5	R	HIGH
3.4.0	DST_MEASUREMENTS	dst_measurements:90e0d94deb291b7c	BDQ	BEDAQUILINE	CHEBI:72292	QUIJNHUBAXPXFS-XLJNKUFUSA-N	0.5		mg/L	5	5		CRyPTIC	liquid media	microdilution plate	UKMYC6	0.25	0.5	R	LOW
3.4.0	DST_MEASUREMENTS	dst_measurements:022af5ee9350dc8a	BDQ	BEDAQUILINE	CHEBI:72292	QUIJNHUBAXPXFS-XLJNKUFUSA-N	0.5		mg/L	16	16		CRyPTIC	liquid media	microdilution plate	UKMYC6	0.25	0.5	R	MEDIUM
3.4.0	DST_MEASUREMENTS	dst_measurements:ac6a5dcab1cc8455	BDQ	BEDAQUILINE	CHEBI:72292	QUIJNHUBAXPXFS-XLJNKUFUSA-N	1.0		mg/L	44	44		CRyPTIC	liquid media	microdilution plate	UKMYC6	0.25	1.0	R	HIGH
3.4.0	DST_MEASUREMENTS	dst_measurements:ecde1f5c80e37ac7	BDQ	BEDAQUILINE	CHEBI:72292	QUIJNHUBAXPXFS-XLJNKUFUSA-N	1.0		mg/L	1	1		CRyPTIC	liquid media	microdilution plate	UKMYC6	0.25	1.0	R	LOW
3.4.0	DST_MEASUREMENTS	dst_measurements:7d0c2aeada7cdcc9	BDQ	BEDAQUILINE	CHEBI:72292	QUIJNHUBAXPXFS-XLJNKUFUSA-N	1.0		mg/L	24	24		CRyPTIC	liquid media	microdilution plate	UKMYC6	0.25	1.0	R	MEDIUM
3.4.0	DST_MEASUREMENTS	dst_measurements:df4a0d09b1092700	BDQ	BEDAQUILINE	CHEBI:72292	QUIJNHUBAXPXFS-XLJNKUFUSA-N	0.008	<=	mg/L	619	619		CRyPTIC	liquid media	microdilution plate	UKMYC6	0.25	<=0.008	S	HIGH
3.4.0	DST_MEASUREMENTS	dst_measurements:e66bd660106c9dda	BDQ	BEDAQUILINE	CHEBI:72292	QUIJNHUBAXPXFS-XLJNKUFUSA-N	0.008	<=	mg/L	143	143		CRyPTIC	liquid media	microdilution plate	UKMYC6	0.25	<=0.008	S	LOW
3.4.0	DST_MEASUREMENTS	dst_measurements:32d05efcd27e9c0a	BDQ	BEDAQUILINE	CHEBI:72292	QUIJNHUBAXPXFS-XLJNKUFUSA-N	0.008	<=	mg/L	115	115		CRyPTIC	liquid media	microdilution plate	UKMYC6	0.25	<=0.008	S	MEDIUM
3.4.0	DST_MEASUREMENTS	dst_measurements:99124f30a143d13e	BDQ	BEDAQUILINE	CHEBI:72292	QUIJNHUBAXPXFS-XLJNKUFUSA-N	1	>	mg/L	25	25		CRyPTIC	liquid media	microdilution plate	UKMYC6	0.25	>1	R	HIGH
3.4.0	DST_MEASUREMENTS	dst_measurements:0fd5f579e51adbed	BDQ	BEDAQUILINE	CHEBI:72292	QUIJNHUBAXPXFS-XLJNKUFUSA-N	1	>	mg/L	1	1		CRyPTIC	liquid media	microdilution plate	UKMYC6	0.25	>1	R	MEDIUM
3.4.0	DST_MEASUREMENTS	dst_measurements:0f5644605ee0afa2	BDQ	BEDAQUILINE	CHEBI:72292	QUIJNHUBAXPXFS-XLJNKUFUSA-N				58	58		CRyPTIC	liquid media	microdilution plate	UKMYC6	0.25			HIGH
3.4.0	DST_MEASUREMENTS	dst_measurements:4b8667ff3d92a275	BDQ	BEDAQUILINE	CHEBI:72292	QUIJNHUBAXPXFS-XLJNKUFUSA-N				12	12		CRyPTIC	liquid media	microdilution plate	UKMYC6	0.25			LOW
3.4.0	DST_MEASUREMENTS	dst_measurements:e7f22846d60ad574	BDQ	BEDAQUILINE	CHEBI:72292	QUIJNHUBAXPXFS-XLJNKUFUSA-N				17	17		CRyPTIC	liquid media	microdilution plate	UKMYC6	0.25			MEDIUM
3.4.0	DST_MEASUREMENTS	dst_measurements:9d36c49b538ac06b	BDQ	BEDAQUILINE	CHEBI:72292	QUIJNHUBAXPXFS-XLJNKUFUSA-N				35	35		KMVALIDATION2025	not specified					R	MEDIUM
3.4.0	DST_MEASUREMENTS	dst_measurements:dafb951e6f721f64	BDQ	BEDAQUILINE	CHEBI:72292	QUIJNHUBAXPXFS-XLJNKUFUSA-N				757	757		KMVALIDATION2025	not specified					S	MEDIUM
3.4.0	DST_MEASUREMENTS	dst_measurements:8621ea40ff9ed375	BDQ	BEDAQUILINE	CHEBI:72292	QUIJNHUBAXPXFS-XLJNKUFUSA-N	0.25		mg/L	37	37		NICD	liquid media	MGIT	MGIT960	1.0	0.25	S	MEDIUM
3.4.0	DST_MEASUREMENTS	dst_measurements:dfdff228cab406d8	BDQ	BEDAQUILINE	CHEBI:72292	QUIJNHUBAXPXFS-XLJNKUFUSA-N	0.5		mg/L	60	60		NICD	liquid media	MGIT	MGIT960	1.0	0.5	S	MEDIUM
3.4.0	DST_MEASUREMENTS	dst_measurements:4d363dd65e4a556f	BDQ	BEDAQUILINE	CHEBI:72292	QUIJNHUBAXPXFS-XLJNKUFUSA-N	1		mg/L	54	54		NICD	liquid media	MGIT	MGIT960	1.0	1	S	MEDIUM
3.4.0	DST_MEASUREMENTS	dst_measurements:f843b800d4b3c9d9	BDQ	BEDAQUILINE	CHEBI:72292	QUIJNHUBAXPXFS-XLJNKUFUSA-N	2		mg/L	138	138		NICD	liquid media	MGIT	MGIT960	1.0	2	R	MEDIUM
3.4.0	DST_MEASUREMENTS	dst_measurements:4f6ccf916f4fe22f	BDQ	BEDAQUILINE	CHEBI:72292	QUIJNHUBAXPXFS-XLJNKUFUSA-N	4		mg/L	205	205		NICD	liquid media	MGIT	MGIT960	1.0	4	R	MEDIUM
3.4.0	DST_MEASUREMENTS	dst_measurements:74be8a6595d65587	BDQ	BEDAQUILINE	CHEBI:72292	QUIJNHUBAXPXFS-XLJNKUFUSA-N	8		mg/L	123	123		NICD	liquid media	MGIT	MGIT960	1.0	8	R	MEDIUM
3.4.0	DST_MEASUREMENTS	dst_measurements:d69a0a997571e7b3	BDQ	BEDAQUILINE	CHEBI:72292	QUIJNHUBAXPXFS-XLJNKUFUSA-N	0.125	<=	mg/L	26	26		NICD	liquid media	MGIT	MGIT960	1.0	<=0.125	S	MEDIUM
3.4.0	DST_MEASUREMENTS	dst_measurements:f52aa4de0532294a	BDQ	BEDAQUILINE	CHEBI:72292	QUIJNHUBAXPXFS-XLJNKUFUSA-N	2	>	mg/L	4	4		NICD	liquid media	MGIT	MGIT960	1.0	>2	R	MEDIUM
3.4.0	DST_MEASUREMENTS	dst_measurements:08521470f08c82e2	BDQ	BEDAQUILINE	CHEBI:72292	QUIJNHUBAXPXFS-XLJNKUFUSA-N	8	>	mg/L	6	6		NICD	liquid media	MGIT	MGIT960	1.0	>8	R	MEDIUM
3.4.0	DST_MEASUREMENTS	dst_measurements:a937c1c254ac012d	BDQ	BEDAQUILINE	CHEBI:72292	QUIJNHUBAXPXFS-XLJNKUFUSA-N				788	788		NICD	liquid media	MGIT	MGIT960	WHO		R	MEDIUM
3.4.0	DST_MEASUREMENTS	dst_measurements:88ec236b328ca32c	BDQ	BEDAQUILINE	CHEBI:72292	QUIJNHUBAXPXFS-XLJNKUFUSA-N				380	380		NICD	liquid media	MGIT	MGIT960	WHO		S	MEDIUM
3.4.0	DST_MEASUREMENTS	dst_measurements:342818f175326d7a	BDQ	BEDAQUILINE	CHEBI:72292	QUIJNHUBAXPXFS-XLJNKUFUSA-N				9	9		SEQTREAT2020	liquid media	MGIT	MGIT960	0.06		S	MEDIUM
3.4.0	DST_MEASUREMENTS	dst_measurements:a97e0f584dbaa56f	BDQ	BEDAQUILINE	CHEBI:72292	QUIJNHUBAXPXFS-XLJNKUFUSA-N				455	455		SEQTREAT2020	liquid media	MGIT	MGIT960	0.06		U	MEDIUM
3.4.0	DST_MEASUREMENTS	dst_measurements:1c380d6839011565	BDQ	BEDAQUILINE	CHEBI:72292	QUIJNHUBAXPXFS-XLJNKUFUSA-N				538	538		SEQTREAT2020	liquid media	MGIT	MGIT960	WHO		U	MEDIUM
3.4.0	DST_MEASUREMENTS	dst_measurements:2b9546891af65459	BDQ	BEDAQUILINE	CHEBI:72292	QUIJNHUBAXPXFS-XLJNKUFUSA-N				3	3		SEQTREAT2020	liquid media	MGIT		WHO		R	MEDIUM
3.4.0	DST_MEASUREMENTS	dst_measurements:5eb1010e83b19260	BDQ	BEDAQUILINE	CHEBI:72292	QUIJNHUBAXPXFS-XLJNKUFUSA-N				86	86		SEQTREAT2020	liquid media	MGIT		WHO		S	MEDIUM
3.4.0	DST_MEASUREMENTS	dst_measurements:17153a2cbd864979	BDQ	BEDAQUILINE	CHEBI:72292	QUIJNHUBAXPXFS-XLJNKUFUSA-N				1391	1391		SEQTREAT2020	liquid media	MGIT		WHO		U	MEDIUM
3.4.0	DST_MEASUREMENTS	dst_measurements:89a002044268dda0	BDQ	BEDAQUILINE	CHEBI:72292	QUIJNHUBAXPXFS-XLJNKUFUSA-N	0.03		mg/L	63	63		SEQTREAT2020	liquid media	microdilution plate	UKMYC5		0.03	S	MEDIUM
3.4.0	DST_MEASUREMENTS	dst_measurements:018735cf44b241e8	BDQ	BEDAQUILINE	CHEBI:72292	QUIJNHUBAXPXFS-XLJNKUFUSA-N	0.06		mg/L	56	56		SEQTREAT2020	liquid media	microdilution plate	UKMYC5		0.06	S	MEDIUM
3.4.0	DST_MEASUREMENTS	dst_measurements:420c92500a4822cc	BDQ	BEDAQUILINE	CHEBI:72292	QUIJNHUBAXPXFS-XLJNKUFUSA-N	0.12		mg/L	26	26		SEQTREAT2020	liquid media	microdilution plate	UKMYC5		0.12	S	MEDIUM
3.4.0	DST_MEASUREMENTS	dst_measurements:d60747185b393259	BDQ	BEDAQUILINE	CHEBI:72292	QUIJNHUBAXPXFS-XLJNKUFUSA-N	0.25		mg/L	2	2		SEQTREAT2020	liquid media	microdilution plate	UKMYC5		0.25	S	MEDIUM
3.4.0	DST_MEASUREMENTS	dst_measurements:6f1fe4aae51e459c	BDQ	BEDAQUILINE	CHEBI:72292	QUIJNHUBAXPXFS-XLJNKUFUSA-N	1.0		mg/L	1	1		SEQTREAT2020	liquid media	microdilution plate	UKMYC5		1.0	R	MEDIUM
3.4.0	DST_MEASUREMENTS	dst_measurements:c253d29c67d1f72a	BDQ	BEDAQUILINE	CHEBI:72292	QUIJNHUBAXPXFS-XLJNKUFUSA-N	0.015	<=	mg/L	115	115		SEQTREAT2020	liquid media	microdilution plate	UKMYC5		<=0.015	S	MEDIUM
3.4.0	DST_MEASUREMENTS	dst_measurements:1aa21137fd3bb9f6	BDQ	BEDAQUILINE	CHEBI:72292	QUIJNHUBAXPXFS-XLJNKUFUSA-N				20	20		SEQTREAT2020	liquid media	microdilution plate	UKMYC5			U	MEDIUM
3.4.0	DST_MEASUREMENTS	dst_measurements:5baa8d01faca096b	BDQ	BEDAQUILINE	CHEBI:72292	QUIJNHUBAXPXFS-XLJNKUFUSA-N	0.016		mg/L	1	1		SEQTREAT2020	liquid media	microdilution plate	non-colourmetric		0.016		MEDIUM
3.4.0	DST_MEASUREMENTS	dst_measurements:3e06eb97cfbdfbd8	BDQ	BEDAQUILINE	CHEBI:72292	QUIJNHUBAXPXFS-XLJNKUFUSA-N				463	463		SEQTREAT2020	liquid media	microdilution plate	non-colourmetric			U	MEDIUM
3.4.0	DST_MEASUREMENTS	dst_measurements:9252c6e0ee435f26	BDQ	BEDAQUILINE	CHEBI:72292	QUIJNHUBAXPXFS-XLJNKUFUSA-N				122	122		SEQTREAT2020	solid media	LJ		WHO		U	MEDIUM
3.4.0	DST_MEASUREMENTS	dst_measurements:f0882a425442f45b	BDQ	BEDAQUILINE	CHEBI:72292	QUIJNHUBAXPXFS-XLJNKUFUSA-N	0.003		mg/L	1	1		SEQTREAT2020	solid media	middlebrook	7H11		0.003		MEDIUM
3.4.0	DST_MEASUREMENTS	dst_measurements:1c25b3c605809dad	BDQ	BEDAQUILINE	CHEBI:72292	QUIJNHUBAXPXFS-XLJNKUFUSA-N	0.03		mg/L	1	1		SEQTREAT2020	solid media	middlebrook	7H11		0.03		MEDIUM
3.4.0	DST_MEASUREMENTS	dst_measurements:1082510ff6610c94	BDQ	BEDAQUILINE	CHEBI:72292	QUIJNHUBAXPXFS-XLJNKUFUSA-N	0.06		mg/L	1	1		SEQTREAT2020	solid media	middlebrook	7H11		0.06		MEDIUM
3.4.0	DST_MEASUREMENTS	dst_measurements:08c5dca60fbd43f8	BDQ	BEDAQUILINE	CHEBI:72292	QUIJNHUBAXPXFS-XLJNKUFUSA-N				463	463		SEQTREAT2020	solid media	middlebrook	7H11			U	MEDIUM
3.4.0	DST_MEASUREMENTS	dst_measurements:065cd4b9ebaf0ea1	CFZ	CLOFAZIMINE	CHEBI:3749	WDQPAMHFFCXSNU-UHFFFAOYSA-N				18	18		CLIRES2020	liquid media	MGIT	MGIT960			R	MEDIUM
3.4.0	DST_MEASUREMENTS	dst_measurements:bec01bba6cd7cbb7	CFZ	CLOFAZIMINE	CHEBI:3749	WDQPAMHFFCXSNU-UHFFFAOYSA-N				4366	4366		CLIRES2020	liquid media	MGIT	MGIT960			S	MEDIUM
3.4.0	DST_MEASUREMENTS	dst_measurements:ffeb1a0ace31ca22	CFZ	CLOFAZIMINE	CHEBI:3749	WDQPAMHFFCXSNU-UHFFFAOYSA-N				2	2		CLIRES2020	not specified					R	MEDIUM
3.4.0	DST_MEASUREMENTS	dst_measurements:9e93e4f09511f37a	CFZ	CLOFAZIMINE	CHEBI:3749	WDQPAMHFFCXSNU-UHFFFAOYSA-N				2	2		CLIRES2020	not specified					S	MEDIUM
3.4.0	DST_MEASUREMENTS	dst_measurements:98882c5ea5c30c02	CFZ	CLOFAZIMINE	CHEBI:3749	WDQPAMHFFCXSNU-UHFFFAOYSA-N				1	1		CLIRES2020	solid media					I	MEDIUM
3.4.0	DST_MEASUREMENTS	dst_measurements:3ee19400b13fa46a	CFZ	CLOFAZIMINE	CHEBI:3749	WDQPAMHFFCXSNU-UHFFFAOYSA-N				32	32		CLIRES2020	solid media					R	MEDIUM
3.4.0	DST_MEASUREMENTS	dst_measurements:1b4cf0654a86bd15	CFZ	CLOFAZIMINE	CHEBI:3749	WDQPAMHFFCXSNU-UHFFFAOYSA-N				63	63		CLIRES2020	solid media					S	MEDIUM
3.4.0	DST_MEASUREMENTS	dst_measurements:1e84747a762f50b3	CFZ	CLOFAZIMINE	CHEBI:3749	WDQPAMHFFCXSNU-UHFFFAOYSA-N				8	8		CLIRES2023	liquid media	MGIT	MGIT960			R	MEDIUM
3.4.0	DST_MEASUREMENTS	dst_measurements:8c4f4b4e7b96aa72	CFZ	CLOFAZIMINE	CHEBI:3749	WDQPAMHFFCXSNU-UHFFFAOYSA-N				858	858		CLIRES2023	liquid media	MGIT	MGIT960			S	MEDIUM
3.4.0	DST_MEASUREMENTS	dst_measurements:883f0b07858fca15	CFZ	CLOFAZIMINE	CHEBI:3749	WDQPAMHFFCXSNU-UHFFFAOYSA-N				1	1		CLIRES2023	not specified					S	MEDIUM
3.4.0	DST_MEASUREMENTS	dst_measurements:2cd31fdd1c4ec0b1	CFZ	CLOFAZIMINE	CHEBI:3749	WDQPAMHFFCXSNU-UHFFFAOYSA-N				7	7		CLIRES2023	solid media					R	MEDIUM
3.4.0	DST_MEASUREMENTS	dst_measurements:5510bec23a526d78	CFZ	CLOFAZIMINE	CHEBI:3749	WDQPAMHFFCXSNU-UHFFFAOYSA-N				4	4		CLIRES2023	solid media					S	MEDIUM
3.4.0	DST_MEASUREMENTS	dst_measurements:b462fa1a80b54094	CFZ	CLOFAZIMINE	CHEBI:3749	WDQPAMHFFCXSNU-UHFFFAOYSA-N	0.12		mg/L	1151	1151		CRyPTIC	liquid media	microdilution plate	UKMYC5	0.25	0.12	S	HIGH
3.4.0	DST_MEASUREMENTS	dst_measurements:10f41c3c6b2f7281	CFZ	CLOFAZIMINE	CHEBI:3749	WDQPAMHFFCXSNU-UHFFFAOYSA-N	0.12		mg/L	217	217		CRyPTIC	liquid media	microdilution plate	UKMYC5	0.25	0.12	S	LOW
3.4.0	DST_MEASUREMENTS	dst_measurements:61f22c9321e0dfe8	CFZ	CLOFAZIMINE	CHEBI:3749	WDQPAMHFFCXSNU-UHFFFAOYSA-N	0.12		mg/L	257	257		CRyPTIC	liquid media	microdilution plate	UKMYC5	0.25	0.12	S	MEDIUM
3.4.0	DST_MEASUREMENTS	dst_measurements:efae192fcccf86c9	CFZ	CLOFAZIMINE	CHEBI:3749	WDQPAMHFFCXSNU-UHFFFAOYSA-N	0.25		mg/L	410	410		CRyPTIC	liquid media	microdilution plate	UKMYC5	0.25	0.25	S	HIGH
3.4.0	DST_MEASUREMENTS	dst_measurements:251e1dafd397b4a0	CFZ	CLOFAZIMINE	CHEBI:3749	WDQPAMHFFCXSNU-UHFFFAOYSA-N	0.25		mg/L	160	160		CRyPTIC	liquid media	microdilution plate	UKMYC5	0.25	0.25	S	LOW
3.4.0	DST_MEASUREMENTS	dst_measurements:60bd6740bce250c4	CFZ	CLOFAZIMINE	CHEBI:3749	WDQPAMHFFCXSNU-UHFFFAOYSA-N	0.25		mg/L	101	101		CRyPTIC	liquid media	microdilution plate	UKMYC5	0.25	0.25	S	MEDIUM
3.4.0	DST_MEASUREMENTS	dst_measurements:3e400806f8fbd8b0	CFZ	CLOFAZIMINE	CHEBI:3749	WDQPAMHFFCXSNU-UHFFFAOYSA-N	0.5		mg/L	113	113		CRyPTIC	liquid media	microdilution plate	UKMYC5	0.25	0.5	R	HIGH
3.4.0	DST_MEASUREMENTS	dst_measurements:76f4f268da70151c	CFZ	CLOFAZIMINE	CHEBI:3749	WDQPAMHFFCXSNU-UHFFFAOYSA-N	0.5		mg/L	54	54		CRyPTIC	liquid media	microdilution plate	UKMYC5	0.25	0.5	R	LOW
3.4.0	DST_MEASUREMENTS	dst_measurements:34ffa12e17f0fc8b	CFZ	CLOFAZIMINE	CHEBI:3749	WDQPAMHFFCXSNU-UHFFFAOYSA-N	0.5		mg/L	21	21		CRyPTIC	liquid media	microdilution plate	UKMYC5	0.25	0.5	R	MEDIUM
3.4.0	DST_MEASUREMENTS	dst_measurements:e2fa537d4f5f5ce8	CFZ	CLOFAZIMINE	CHEBI:3749	WDQPAMHFFCXSNU-UHFFFAOYSA-N	1.0		mg/L	38	38		CRyPTIC	liquid media	microdilution plate	UKMYC5	0.25	1.0	R	HIGH
3.4.0	DST_MEASUREMENTS	dst_measurements:fa040b6da6659330	CFZ	CLOFAZIMINE	CHEBI:3749	WDQPAMHFFCXSNU-UHFFFAOYSA-N	1.0		mg/L	31	31		CRyPTIC	liquid media	microdilution plate	UKMYC5	0.25	1.0	R	LOW
3.4.0	DST_MEASUREMENTS	dst_measurements:345a40400078dedb	CFZ	CLOFAZIMINE	CHEBI:3749	WDQPAMHFFCXSNU-UHFFFAOYSA-N	1.0		mg/L	8	8		CRyPTIC	liquid media	microdilution plate	UKMYC5	0.25	1.0	R	MEDIUM
3.4.0	DST_MEASUREMENTS	dst_measurements:a6f80e1a991d1eac	CFZ	CLOFAZIMINE	CHEBI:3749	WDQPAMHFFCXSNU-UHFFFAOYSA-N	2.0		mg/L	13	13		CRyPTIC	liquid media	microdilution plate	UKMYC5	0.25	2.0	R	HIGH
3.4.0	DST_MEASUREMENTS	dst_measurements:e8d5e237e0e759e3	CFZ	CLOFAZIMINE	CHEBI:3749	WDQPAMHFFCXSNU-UHFFFAOYSA-N	2.0		mg/L	12	12		CRyPTIC	liquid media	microdilution plate	UKMYC5	0.25	2.0	R	LOW
3.4.0	DST_MEASUREMENTS	dst_measurements:9ece13ce3d9ee57c	CFZ	CLOFAZIMINE	CHEBI:3749	WDQPAMHFFCXSNU-UHFFFAOYSA-N	2.0		mg/L	2	2		CRyPTIC	liquid media	microdilution plate	UKMYC5	0.25	2.0	R	MEDIUM
3.4.0	DST_MEASUREMENTS	dst_measurements:b807de4e0b86f058	CFZ	CLOFAZIMINE	CHEBI:3749	WDQPAMHFFCXSNU-UHFFFAOYSA-N	4.0		mg/L	7	7		CRyPTIC	liquid media	microdilution plate	UKMYC5	0.25	4.0	R	LOW
3.4.0	DST_MEASUREMENTS	dst_measurements:05d4516674872621	CFZ	CLOFAZIMINE	CHEBI:3749	WDQPAMHFFCXSNU-UHFFFAOYSA-N	4.0		mg/L	1	1		CRyPTIC	liquid media	microdilution plate	UKMYC5	0.25	4.0	R	MEDIUM
3.4.0	DST_MEASUREMENTS	dst_measurements:2ebaa12c2a9e3ab3	CFZ	CLOFAZIMINE	CHEBI:3749	WDQPAMHFFCXSNU-UHFFFAOYSA-N	0.06	<=	mg/L	3088	3088		CRyPTIC	liquid media	microdilution plate	UKMYC5	0.25	<=0.06	S	HIGH
3.4.0	DST_MEASUREMENTS	dst_measurements:54e3f6d687e8f285	CFZ	CLOFAZIMINE	CHEBI:3749	WDQPAMHFFCXSNU-UHFFFAOYSA-N	0.06	<=	mg/L	497	497		CRyPTIC	liquid media	microdilution plate	UKMYC5	0.25	<=0.06	S	LOW
3.4.0	DST_MEASUREMENTS	dst_measurements:a1b0a44c16c4e886	CFZ	CLOFAZIMINE	CHEBI:3749	WDQPAMHFFCXSNU-UHFFFAOYSA-N	0.06	<=	mg/L	685	685		CRyPTIC	liquid media	microdilution plate	UKMYC5	0.25	<=0.06	S	MEDIUM
3.4.0	DST_MEASUREMENTS	dst_measurements:d9098d2726133925	CFZ	CLOFAZIMINE	CHEBI:3749	WDQPAMHFFCXSNU-UHFFFAOYSA-N	4	>	mg/L	9	9		CRyPTIC	liquid media	microdilution plate	UKMYC5	0.25	>4	R	HIGH
3.4.0	DST_MEASUREMENTS	dst_measurements:4bfe059d96171f95	CFZ	CLOFAZIMINE	CHEBI:3749	WDQPAMHFFCXSNU-UHFFFAOYSA-N	4	>	mg/L	9	9		CRyPTIC	liquid media	microdilution plate	UKMYC5	0.25	>4	R	LOW
3.4.0	DST_MEASUREMENTS	dst_measurements:f580841decc9bb79	CFZ	CLOFAZIMINE	CHEBI:3749	WDQPAMHFFCXSNU-UHFFFAOYSA-N				33	33		CRyPTIC	liquid media	microdilution plate	UKMYC5	0.25			HIGH
3.4.0	DST_MEASUREMENTS	dst_measurements:7a127832dc3628de	CFZ	CLOFAZIMINE	CHEBI:3749	WDQPAMHFFCXSNU-UHFFFAOYSA-N				16	16		CRyPTIC	liquid media	microdilution plate	UKMYC5	0.25			LOW
3.4.0	DST_MEASUREMENTS	dst_measurements:979e5b44e936db7f	CFZ	CLOFAZIMINE	CHEBI:3749	WDQPAMHFFCXSNU-UHFFFAOYSA-N				106	106		CRyPTIC	liquid media	microdilution plate	UKMYC5	0.25			MEDIUM
3.4.0	DST_MEASUREMENTS	dst_measurements:af5e2ab6eb137920	CFZ	CLOFAZIMINE	CHEBI:3749	WDQPAMHFFCXSNU-UHFFFAOYSA-N	0.06		mg/L	4281	4281		CRyPTIC	liquid media	microdilution plate	UKMYC6	0.25	0.06	S	HIGH
3.4.0	DST_MEASUREMENTS	dst_measurements:274817e83fb6583a	CFZ	CLOFAZIMINE	CHEBI:3749	WDQPAMHFFCXSNU-UHFFFAOYSA-N	0.06		mg/L	658	658		CRyPTIC	liquid media	microdilution plate	UKMYC6	0.25	0.06	S	LOW
3.4.0	DST_MEASUREMENTS	dst_measurements:e6b13b1c592cb8cc	CFZ	CLOFAZIMINE	CHEBI:3749	WDQPAMHFFCXSNU-UHFFFAOYSA-N	0.06		mg/L	492	492		CRyPTIC	liquid media	microdilution plate	UKMYC6	0.25	0.06	S	MEDIUM
3.4.0	DST_MEASUREMENTS	dst_measurements:d7a94eb6650cb2a9	CFZ	CLOFAZIMINE	CHEBI:3749	WDQPAMHFFCXSNU-UHFFFAOYSA-N	0.12		mg/L	2850	2850		CRyPTIC	liquid media	microdilution plate	UKMYC6	0.25	0.12	S	HIGH
3.4.0	DST_MEASUREMENTS	dst_measurements:80c8e59f32d292b1	CFZ	CLOFAZIMINE	CHEBI:3749	WDQPAMHFFCXSNU-UHFFFAOYSA-N	0.12		mg/L	761	761		CRyPTIC	liquid media	microdilution plate	UKMYC6	0.25	0.12	S	LOW
3.4.0	DST_MEASUREMENTS	dst_measurements:d66e5b3e1217a933	CFZ	CLOFAZIMINE	CHEBI:3749	WDQPAMHFFCXSNU-UHFFFAOYSA-N	0.12		mg/L	317	317		CRyPTIC	liquid media	microdilution plate	UKMYC6	0.25	0.12	S	MEDIUM
3.4.0	DST_MEASUREMENTS	dst_measurements:13af96a2dff85393	CFZ	CLOFAZIMINE	CHEBI:3749	WDQPAMHFFCXSNU-UHFFFAOYSA-N	0.25		mg/L	998	998		CRyPTIC	liquid media	microdilution plate	UKMYC6	0.25	0.25	S	HIGH
3.4.0	DST_MEASUREMENTS	dst_measurements:7267f41d9b32ddbe	CFZ	CLOFAZIMINE	CHEBI:3749	WDQPAMHFFCXSNU-UHFFFAOYSA-N	0.25		mg/L	385	385		CRyPTIC	liquid media	microdilution plate	UKMYC6	0.25	0.25	S	LOW
3.4.0	DST_MEASUREMENTS	dst_measurements:515a5547e53d330d	CFZ	CLOFAZIMINE	CHEBI:3749	WDQPAMHFFCXSNU-UHFFFAOYSA-N	0.25		mg/L	85	85		CRyPTIC	liquid media	microdilution plate	UKMYC6	0.25	0.25	S	MEDIUM
3.4.0	DST_MEASUREMENTS	dst_measurements:4b9aa4c055c46b5f	CFZ	CLOFAZIMINE	CHEBI:3749	WDQPAMHFFCXSNU-UHFFFAOYSA-N	0.5		mg/L	320	320		CRyPTIC	liquid media	microdilution plate	UKMYC6	0.25	0.5	R	HIGH
3.4.0	DST_MEASUREMENTS	dst_measurements:1ede55c461544f5b	CFZ	CLOFAZIMINE	CHEBI:3749	WDQPAMHFFCXSNU-UHFFFAOYSA-N	0.5		mg/L	119	119		CRyPTIC	liquid media	microdilution plate	UKMYC6	0.25	0.5	R	LOW
3.4.0	DST_MEASUREMENTS	dst_measurements:3d02bbdae1e40142	CFZ	CLOFAZIMINE	CHEBI:3749	WDQPAMHFFCXSNU-UHFFFAOYSA-N	0.5		mg/L	53	53		CRyPTIC	liquid media	microdilution plate	UKMYC6	0.25	0.5	R	MEDIUM
3.4.0	DST_MEASUREMENTS	dst_measurements:f0aa7e3894ba477f	CFZ	CLOFAZIMINE	CHEBI:3749	WDQPAMHFFCXSNU-UHFFFAOYSA-N	1.0		mg/L	81	81		CRyPTIC	liquid media	microdilution plate	UKMYC6	0.25	1.0	R	HIGH
3.4.0	DST_MEASUREMENTS	dst_measurements:0650fa9a7da71795	CFZ	CLOFAZIMINE	CHEBI:3749	WDQPAMHFFCXSNU-UHFFFAOYSA-N	1.0		mg/L	36	36		CRyPTIC	liquid media	microdilution plate	UKMYC6	0.25	1.0	R	LOW
3.4.0	DST_MEASUREMENTS	dst_measurements:75bb0621d5413334	CFZ	CLOFAZIMINE	CHEBI:3749	WDQPAMHFFCXSNU-UHFFFAOYSA-N	1.0		mg/L	11	11		CRyPTIC	liquid media	microdilution plate	UKMYC6	0.25	1.0	R	MEDIUM
3.4.0	DST_MEASUREMENTS	dst_measurements:bcb64ccb76908f44	CFZ	CLOFAZIMINE	CHEBI:3749	WDQPAMHFFCXSNU-UHFFFAOYSA-N	2.0		mg/L	29	29		CRyPTIC	liquid media	microdilution plate	UKMYC6	0.25	2.0	R	HIGH
3.4.0	DST_MEASUREMENTS	dst_measurements:bf1f585156105fbf	CFZ	CLOFAZIMINE	CHEBI:3749	WDQPAMHFFCXSNU-UHFFFAOYSA-N	2.0		mg/L	14	14		CRyPTIC	liquid media	microdilution plate	UKMYC6	0.25	2.0	R	LOW
3.4.0	DST_MEASUREMENTS	dst_measurements:315e6bf325cf4ce4	CFZ	CLOFAZIMINE	CHEBI:3749	WDQPAMHFFCXSNU-UHFFFAOYSA-N	2.0		mg/L	2	2		CRyPTIC	liquid media	microdilution plate	UKMYC6	0.25	2.0	R	MEDIUM
3.4.0	DST_MEASUREMENTS	dst_measurements:2242e720bad191f5	CFZ	CLOFAZIMINE	CHEBI:3749	WDQPAMHFFCXSNU-UHFFFAOYSA-N	0.03	<=	mg/L	2329	2329		CRyPTIC	liquid media	microdilution plate	UKMYC6	0.25	<=0.03	S	HIGH
3.4.0	DST_MEASUREMENTS	dst_measurements:f70c8829a9f540f3	CFZ	CLOFAZIMINE	CHEBI:3749	WDQPAMHFFCXSNU-UHFFFAOYSA-N	0.03	<=	mg/L	369	369		CRyPTIC	liquid media	microdilution plate	UKMYC6	0.25	<=0.03	S	LOW
3.4.0	DST_MEASUREMENTS	dst_measurements:1347230308620a02	CFZ	CLOFAZIMINE	CHEBI:3749	WDQPAMHFFCXSNU-UHFFFAOYSA-N	0.03	<=	mg/L	370	370		CRyPTIC	liquid media	microdilution plate	UKMYC6	0.25	<=0.03	S	MEDIUM
3.4.0	DST_MEASUREMENTS	dst_measurements:5376bb641bc55fe5	CFZ	CLOFAZIMINE	CHEBI:3749	WDQPAMHFFCXSNU-UHFFFAOYSA-N	2	>	mg/L	29	29		CRyPTIC	liquid media	microdilution plate	UKMYC6	0.25	>2	R	HIGH
3.4.0	DST_MEASUREMENTS	dst_measurements:de7640961f86258d	CFZ	CLOFAZIMINE	CHEBI:3749	WDQPAMHFFCXSNU-UHFFFAOYSA-N	2	>	mg/L	1	1		CRyPTIC	liquid media	microdilution plate	UKMYC6	0.25	>2	R	MEDIUM
3.4.0	DST_MEASUREMENTS	dst_measurements:19022008675a6d61	CFZ	CLOFAZIMINE	CHEBI:3749	WDQPAMHFFCXSNU-UHFFFAOYSA-N				21	21		CRyPTIC	liquid media	microdilution plate	UKMYC6	0.25			HIGH
3.4.0	DST_MEASUREMENTS	dst_measurements:ee83b41be0b9d9f9	CFZ	CLOFAZIMINE	CHEBI:3749	WDQPAMHFFCXSNU-UHFFFAOYSA-N				16	16		CRyPTIC	liquid media	microdilution plate	UKMYC6	0.25			LOW
3.4.0	DST_MEASUREMENTS	dst_measurements:78eb316fcf788ee4	CFZ	CLOFAZIMINE	CHEBI:3749	WDQPAMHFFCXSNU-UHFFFAOYSA-N				17	17		CRyPTIC	liquid media	microdilution plate	UKMYC6	0.25			MEDIUM
3.4.0	DST_MEASUREMENTS	dst_measurements:04a37bd01f507949	CFZ	CLOFAZIMINE	CHEBI:3749	WDQPAMHFFCXSNU-UHFFFAOYSA-N				29	29		KMVALIDATION2025	not specified					R	MEDIUM
3.4.0	DST_MEASUREMENTS	dst_measurements:0abd78682e7b6acd	CFZ	CLOFAZIMINE	CHEBI:3749	WDQPAMHFFCXSNU-UHFFFAOYSA-N				397	397		KMVALIDATION2025	not specified					S	MEDIUM
3.4.0	DST_MEASUREMENTS	dst_measurements:ed9934ee3f58d7f9	CFZ	CLOFAZIMINE	CHEBI:3749	WDQPAMHFFCXSNU-UHFFFAOYSA-N				5	5		MUMBAI2018	liquid media	MGIT	MGIT960			R	MEDIUM
3.4.0	DST_MEASUREMENTS	dst_measurements:80cc7492f2f78298	CFZ	CLOFAZIMINE	CHEBI:3749	WDQPAMHFFCXSNU-UHFFFAOYSA-N				1527	1527		MUMBAI2018	liquid media	MGIT	MGIT960			S	MEDIUM
3.4.0	DST_MEASUREMENTS	dst_measurements:795af39582104ca8	CFZ	CLOFAZIMINE	CHEBI:3749	WDQPAMHFFCXSNU-UHFFFAOYSA-N				17	17		SEQTREAT2020	liquid media	MGIT	BACTEC460	0.5		S	MEDIUM
3.4.0	DST_MEASUREMENTS	dst_measurements:95d3b0782452884e	CFZ	CLOFAZIMINE	CHEBI:3749	WDQPAMHFFCXSNU-UHFFFAOYSA-N				2	2		SEQTREAT2020	liquid media	MGIT	MGIT960	4.0		R	MEDIUM
3.4.0	DST_MEASUREMENTS	dst_measurements:4792b4b7ad90997b	CFZ	CLOFAZIMINE	CHEBI:3749	WDQPAMHFFCXSNU-UHFFFAOYSA-N				39	39		SEQTREAT2020	liquid media	MGIT	MGIT960	4.0		S	MEDIUM
3.4.0	DST_MEASUREMENTS	dst_measurements:35fd40318499599b	CFZ	CLOFAZIMINE	CHEBI:3749	WDQPAMHFFCXSNU-UHFFFAOYSA-N				423	423		SEQTREAT2020	liquid media	MGIT	MGIT960	4.0		U	MEDIUM
3.4.0	DST_MEASUREMENTS	dst_measurements:87db6420daeb6b8b	CFZ	CLOFAZIMINE	CHEBI:3749	WDQPAMHFFCXSNU-UHFFFAOYSA-N				3	3		SEQTREAT2020	liquid media	MGIT	MGIT960	WHO		R	MEDIUM
3.4.0	DST_MEASUREMENTS	dst_measurements:21acdb843e4821f2	CFZ	CLOFAZIMINE	CHEBI:3749	WDQPAMHFFCXSNU-UHFFFAOYSA-N				535	535		SEQTREAT2020	liquid media	MGIT	MGIT960	WHO		U	MEDIUM
3.4.0	DST_MEASUREMENTS	dst_measurements:763ca0cdb09ce5c0	CFZ	CLOFAZIMINE	CHEBI:3749	WDQPAMHFFCXSNU-UHFFFAOYSA-N				3	3		SEQTREAT2020	liquid media	MGIT		WHO		R	MEDIUM
3.4.0	DST_MEASUREMENTS	dst_measurements:fb09ac50755c114a	CFZ	CLOFAZIMINE	CHEBI:3749	WDQPAMHFFCXSNU-UHFFFAOYSA-N				88	88		SEQTREAT2020	liquid media	MGIT		WHO		S	MEDIUM
3.4.0	DST_MEASUREMENTS	dst_measurements:22084e542aa2b0cf	CFZ	CLOFAZIMINE	CHEBI:3749	WDQPAMHFFCXSNU-UHFFFAOYSA-N				1389	1389		SEQTREAT2020	liquid media	MGIT		WHO		U	MEDIUM
3.4.0	DST_MEASUREMENTS	dst_measurements:cbf4488f64ccaa02	CFZ	CLOFAZIMINE	CHEBI:3749	WDQPAMHFFCXSNU-UHFFFAOYSA-N	0.12		mg/L	57	57		SEQTREAT2020	liquid media	microdilution plate	UKMYC5		0.12	S	MEDIUM
3.4.0	DST_MEASUREMENTS	dst_measurements:5d942e99c5a6cd77	CFZ	CLOFAZIMINE	CHEBI:3749	WDQPAMHFFCXSNU-UHFFFAOYSA-N	0.25		mg/L	21	21		SEQTREAT2020	liquid media	microdilution plate	UKMYC5		0.25	S	MEDIUM
3.4.0	DST_MEASUREMENTS	dst_measurements:da8969fb621579e8	CFZ	CLOFAZIMINE	CHEBI:3749	WDQPAMHFFCXSNU-UHFFFAOYSA-N	0.5		mg/L	9	9		SEQTREAT2020	liquid media	microdilution plate	UKMYC5		0.5	R	MEDIUM
3.4.0	DST_MEASUREMENTS	dst_measurements:120421f69b16c6fc	CFZ	CLOFAZIMINE	CHEBI:3749	WDQPAMHFFCXSNU-UHFFFAOYSA-N	1.0		mg/L	6	6		SEQTREAT2020	liquid media	microdilution plate	UKMYC5		1.0	R	MEDIUM
3.4.0	DST_MEASUREMENTS	dst_measurements:212c7c0af6f2cbc6	CFZ	CLOFAZIMINE	CHEBI:3749	WDQPAMHFFCXSNU-UHFFFAOYSA-N	2.0		mg/L	1	1		SEQTREAT2020	liquid media	microdilution plate	UKMYC5		2.0	R	MEDIUM
3.4.0	DST_MEASUREMENTS	dst_measurements:70ea4afd1325873b	CFZ	CLOFAZIMINE	CHEBI:3749	WDQPAMHFFCXSNU-UHFFFAOYSA-N	0.06	<=	mg/L	169	169		SEQTREAT2020	liquid media	microdilution plate	UKMYC5		<=0.06	S	MEDIUM
3.4.0	DST_MEASUREMENTS	dst_measurements:e90075384ecc46c2	CFZ	CLOFAZIMINE	CHEBI:3749	WDQPAMHFFCXSNU-UHFFFAOYSA-N				20	20		SEQTREAT2020	liquid media	microdilution plate	UKMYC5			U	MEDIUM
3.4.0	DST_MEASUREMENTS	dst_measurements:bc6e4f625ed586be	CFZ	CLOFAZIMINE	CHEBI:3749	WDQPAMHFFCXSNU-UHFFFAOYSA-N				122	122		SEQTREAT2020	solid media	LJ		WHO		U	MEDIUM
3.4.0	DST_MEASUREMENTS	dst_measurements:5535972b13b61e34	CFZ	CLOFAZIMINE	CHEBI:3749	WDQPAMHFFCXSNU-UHFFFAOYSA-N	0.125		mg/L	2	2		SEQTREAT2020	solid media	middlebrook	7H11		0.125		MEDIUM
3.4.0	DST_MEASUREMENTS	dst_measurements:c146c51744cda795	CFZ	CLOFAZIMINE	CHEBI:3749	WDQPAMHFFCXSNU-UHFFFAOYSA-N	0.25		mg/L	1	1		SEQTREAT2020	solid media	middlebrook	7H11		0.25		MEDIUM
3.4.0	DST_MEASUREMENTS	dst_measurements:1cb05d8fceb211a9	CIP	CIPROFLOXACIN	CHEBI:100241	MYSWGUAQZAJSOK-UHFFFAOYSA-N				3	3		CLIRES2020	liquid media	MGIT	MGIT960			R	MEDIUM
3.4.0	DST_MEASUREMENTS	dst_measurements:ee2404a1144460f9	CIP	CIPROFLOXACIN	CHEBI:100241	MYSWGUAQZAJSOK-UHFFFAOYSA-N				8	8		CLIRES2020	liquid media	MGIT	MGIT960			S	MEDIUM
3.4.0	DST_MEASUREMENTS	dst_measurements:eeb33aac2d531d9d	CIP	CIPROFLOXACIN	CHEBI:100241	MYSWGUAQZAJSOK-UHFFFAOYSA-N				2	2		CLIRES2020	not specified					S	MEDIUM
3.4.0	DST_MEASUREMENTS	dst_measurements:f8dbf2751dcf8692	CIP	CIPROFLOXACIN	CHEBI:100241	MYSWGUAQZAJSOK-UHFFFAOYSA-N				40	40		CLIRES2020	solid media					R	MEDIUM
3.4.0	DST_MEASUREMENTS	dst_measurements:5c4cc08efde7efbe	CIP	CIPROFLOXACIN	CHEBI:100241	MYSWGUAQZAJSOK-UHFFFAOYSA-N				265	265		CLIRES2020	solid media					S	MEDIUM
3.4.0	DST_MEASUREMENTS	dst_measurements:7865b7ff9a4fad6a	CIP	CIPROFLOXACIN	CHEBI:100241	MYSWGUAQZAJSOK-UHFFFAOYSA-N				1	1		CLIRES2023	liquid media	MGIT	MGIT960			R	MEDIUM
3.4.0	DST_MEASUREMENTS	dst_measurements:5820bfd476cb01d6	CIP	CIPROFLOXACIN	CHEBI:100241	MYSWGUAQZAJSOK-UHFFFAOYSA-N				1	1		CLIRES2023	liquid media	MGIT	MGIT960			S	MEDIUM
3.4.0	DST_MEASUREMENTS	dst_measurements:bb0df8a78374efa4	CIP	CIPROFLOXACIN	CHEBI:100241	MYSWGUAQZAJSOK-UHFFFAOYSA-N				5	5		CLIRES2023	solid media					R	MEDIUM
3.4.0	DST_MEASUREMENTS	dst_measurements:638bcd05f3a355b6	CIP	CIPROFLOXACIN	CHEBI:100241	MYSWGUAQZAJSOK-UHFFFAOYSA-N				23	23		CLIRES2023	solid media					S	MEDIUM
3.4.0	DST_MEASUREMENTS	dst_measurements:98b7d7b0abe6d738	CIP	CIPROFLOXACIN	CHEBI:100241	MYSWGUAQZAJSOK-UHFFFAOYSA-N				1	1		KMMYKROBE2025	not specified					R	MEDIUM
3.4.0	DST_MEASUREMENTS	dst_measurements:bdaca9e613af9969	CIP	CIPROFLOXACIN	CHEBI:100241	MYSWGUAQZAJSOK-UHFFFAOYSA-N				3	3		KMMYKROBE2025	not specified					S	MEDIUM
3.4.0	DST_MEASUREMENTS	dst_measurements:8884bdfa630a42c1	CIP	CIPROFLOXACIN	CHEBI:100241	MYSWGUAQZAJSOK-UHFFFAOYSA-N				42	42		KMVALIDATION2025	not specified					R	MEDIUM
3.4.0	DST_MEASUREMENTS	dst_measurements:c3dad46e1bd87bf8	CIP	CIPROFLOXACIN	CHEBI:100241	MYSWGUAQZAJSOK-UHFFFAOYSA-N				50	50		KMVALIDATION2025	not specified					S	MEDIUM
3.4.0	DST_MEASUREMENTS	dst_measurements:d2cafa4e336911a0	CIP	CIPROFLOXACIN	CHEBI:100241	MYSWGUAQZAJSOK-UHFFFAOYSA-N				23	23		LID2015	liquid media	MGIT	MGIT960	WHO		R	MEDIUM
3.4.0	DST_MEASUREMENTS	dst_measurements:14ddd662cb6aec03	CIP	CIPROFLOXACIN	CHEBI:100241	MYSWGUAQZAJSOK-UHFFFAOYSA-N				286	286		LID2015	liquid media	MGIT	MGIT960	WHO		S	MEDIUM
3.4.0	DST_MEASUREMENTS	dst_measurements:17602a326b19e9af	CIP	CIPROFLOXACIN	CHEBI:100241	MYSWGUAQZAJSOK-UHFFFAOYSA-N				54	54		NEJM2018	liquid media	MGIT	MGIT960			R	MEDIUM
3.4.0	DST_MEASUREMENTS	dst_measurements:e9a9aca2443fc905	CIP	CIPROFLOXACIN	CHEBI:100241	MYSWGUAQZAJSOK-UHFFFAOYSA-N				239	239		NEJM2018	liquid media	MGIT	MGIT960			S	MEDIUM
3.4.0	DST_MEASUREMENTS	dst_measurements:089e9e5088db5acb	CIP	CIPROFLOXACIN	CHEBI:100241	MYSWGUAQZAJSOK-UHFFFAOYSA-N				1	1		SEQTREAT2020	liquid media	MGIT	BACTEC460			S	MEDIUM
3.4.0	DST_MEASUREMENTS	dst_measurements:7d73355e9f05c414	CIP	CIPROFLOXACIN	CHEBI:100241	MYSWGUAQZAJSOK-UHFFFAOYSA-N				2	2		SEQTREAT2020	liquid media	microdilution plate	MYCOTB	1.0		R	MEDIUM
3.4.0	DST_MEASUREMENTS	dst_measurements:722747bb36085f57	CIP	CIPROFLOXACIN	CHEBI:100241	MYSWGUAQZAJSOK-UHFFFAOYSA-N				14	14		SEQTREAT2020	liquid media	microdilution plate	MYCOTB	1.0		S	MEDIUM
3.4.0	DST_MEASUREMENTS	dst_measurements:44a4e92ca0b9e5a8	CIP	CIPROFLOXACIN	CHEBI:100241	MYSWGUAQZAJSOK-UHFFFAOYSA-N				447	447		SEQTREAT2020	liquid media	microdilution plate	MYCOTB	1.0		U	MEDIUM
3.4.0	DST_MEASUREMENTS	dst_measurements:fff2e0f064b5d20b	CIP	CIPROFLOXACIN	CHEBI:100241	MYSWGUAQZAJSOK-UHFFFAOYSA-N				4	4		SEQTREAT2020	solid media	middlebrook	7H10	2.0		R	MEDIUM
3.4.0	DST_MEASUREMENTS	dst_measurements:daf9826d32a4788a	CIP	CIPROFLOXACIN	CHEBI:100241	MYSWGUAQZAJSOK-UHFFFAOYSA-N				1	1		SEQTREAT2020	solid media	middlebrook	7H10	2.0		S	MEDIUM
3.4.0	DST_MEASUREMENTS	dst_measurements:7ad2dae30611c786	CLR	CLARITHROMYCIN	CHEBI:3732	AGOYDEPGAOXOCK-KCBOHYOISA-N				1	1		CLIRES2020	not specified					R	MEDIUM
3.4.0	DST_MEASUREMENTS	dst_measurements:8dfbc8268f59c44e	CLR	CLARITHROMYCIN	CHEBI:3732	AGOYDEPGAOXOCK-KCBOHYOISA-N				6	6		SEQTREAT2020	liquid media	microdilution plate	MYCOTB	0.5		R	MEDIUM
3.4.0	DST_MEASUREMENTS	dst_measurements:2570281013579230	CLR	CLARITHROMYCIN	CHEBI:3732	AGOYDEPGAOXOCK-KCBOHYOISA-N				6	6		SEQTREAT2020	liquid media	microdilution plate	MYCOTB	0.5		S	MEDIUM
3.4.0	DST_MEASUREMENTS	dst_measurements:47146be3ceed881e	CLR	CLARITHROMYCIN	CHEBI:3732	AGOYDEPGAOXOCK-KCBOHYOISA-N				451	451		SEQTREAT2020	liquid media	microdilution plate	MYCOTB	0.5		U	MEDIUM
3.4.0	DST_MEASUREMENTS	dst_measurements:8dced4f3a41a403e	CLR	CLARITHROMYCIN	CHEBI:3732	AGOYDEPGAOXOCK-KCBOHYOISA-N				52	52		SEQTREAT2020	solid media	middlebrook	7H10	3.0		R	MEDIUM
3.4.0	DST_MEASUREMENTS	dst_measurements:c93b3887119912c3	CLR	CLARITHROMYCIN	CHEBI:3732	AGOYDEPGAOXOCK-KCBOHYOISA-N				21	21		SEQTREAT2020	solid media	middlebrook	7H10	3.0		S	MEDIUM
3.4.0	DST_MEASUREMENTS	dst_measurements:64455973d766eb8e	DCS	D-CYCLOSERINE	CHEBI:40009	DYDCUQKUCUHJBH-UWTATZPHSA-N				7	7		SEQTREAT2020	liquid media	MGIT	MGIT960	UK		R	MEDIUM
3.4.0	DST_MEASUREMENTS	dst_measurements:c99da496ddc4951b	DCS	D-CYCLOSERINE	CHEBI:40009	DYDCUQKUCUHJBH-UWTATZPHSA-N				4	4		SEQTREAT2020	liquid media	MGIT	MGIT960	WHO		R	MEDIUM
3.4.0	DST_MEASUREMENTS	dst_measurements:f9323435c5f9674e	DCS	D-CYCLOSERINE	CHEBI:40009	DYDCUQKUCUHJBH-UWTATZPHSA-N				13	13		SEQTREAT2020	liquid media	MGIT	MGIT960	WHO		S	MEDIUM
3.4.0	DST_MEASUREMENTS	dst_measurements:fab73a1627a66f4d	DCS	D-CYCLOSERINE	CHEBI:40009	DYDCUQKUCUHJBH-UWTATZPHSA-N				521	521		SEQTREAT2020	liquid media	MGIT	MGIT960	WHO		U	MEDIUM
3.4.0	DST_MEASUREMENTS	dst_measurements:d4135aca2fff38a3	DCS	D-CYCLOSERINE	CHEBI:40009	DYDCUQKUCUHJBH-UWTATZPHSA-N				22	22		SEQTREAT2020	solid media	LJ		WHO		R	MEDIUM
3.4.0	DST_MEASUREMENTS	dst_measurements:d43b39af3d2b8674	DCS	D-CYCLOSERINE	CHEBI:40009	DYDCUQKUCUHJBH-UWTATZPHSA-N				1301	1301		SEQTREAT2020	solid media	LJ		WHO		S	MEDIUM
3.4.0	DST_MEASUREMENTS	dst_measurements:def514ad5bed9fa3	DCS	D-CYCLOSERINE	CHEBI:40009	DYDCUQKUCUHJBH-UWTATZPHSA-N				279	279		SEQTREAT2020	solid media	LJ		WHO		U	MEDIUM
3.4.0	DST_MEASUREMENTS	dst_measurements:022e79f5674af025	DLM	DELAMANID	CHEBI:134742	XDAOLTSRNUSPPH-XMMPIXPASA-N				1	1		CLIRES2020	solid media					I	MEDIUM
3.4.0	DST_MEASUREMENTS	dst_measurements:e26649383d6369e8	DLM	DELAMANID	CHEBI:134742	XDAOLTSRNUSPPH-XMMPIXPASA-N	0.03		mg/L	581	581		CRyPTIC	liquid media	microdilution plate	UKMYC5	0.12	0.03	S	HIGH
3.4.0	DST_MEASUREMENTS	dst_measurements:0030a80e19dcf487	DLM	DELAMANID	CHEBI:134742	XDAOLTSRNUSPPH-XMMPIXPASA-N	0.03		mg/L	122	122		CRyPTIC	liquid media	microdilution plate	UKMYC5	0.12	0.03	S	LOW
3.4.0	DST_MEASUREMENTS	dst_measurements:ed92ca436fe9a508	DLM	DELAMANID	CHEBI:134742	XDAOLTSRNUSPPH-XMMPIXPASA-N	0.03		mg/L	101	101		CRyPTIC	liquid media	microdilution plate	UKMYC5	0.12	0.03	S	MEDIUM
3.4.0	DST_MEASUREMENTS	dst_measurements:71ba802cf381b2ab	DLM	DELAMANID	CHEBI:134742	XDAOLTSRNUSPPH-XMMPIXPASA-N	0.06		mg/L	307	307		CRyPTIC	liquid media	microdilution plate	UKMYC5	0.12	0.06	S	HIGH
3.4.0	DST_MEASUREMENTS	dst_measurements:f4bfa4f123804052	DLM	DELAMANID	CHEBI:134742	XDAOLTSRNUSPPH-XMMPIXPASA-N	0.06		mg/L	66	66		CRyPTIC	liquid media	microdilution plate	UKMYC5	0.12	0.06	S	LOW
3.4.0	DST_MEASUREMENTS	dst_measurements:9f3cbeb286999348	DLM	DELAMANID	CHEBI:134742	XDAOLTSRNUSPPH-XMMPIXPASA-N	0.06		mg/L	52	52		CRyPTIC	liquid media	microdilution plate	UKMYC5	0.12	0.06	S	MEDIUM
3.4.0	DST_MEASUREMENTS	dst_measurements:4a0219feab987cb7	DLM	DELAMANID	CHEBI:134742	XDAOLTSRNUSPPH-XMMPIXPASA-N	0.12		mg/L	128	128		CRyPTIC	liquid media	microdilution plate	UKMYC5	0.12	0.12	S	HIGH
3.4.0	DST_MEASUREMENTS	dst_measurements:d62fa30dde3b7493	DLM	DELAMANID	CHEBI:134742	XDAOLTSRNUSPPH-XMMPIXPASA-N	0.12		mg/L	27	27		CRyPTIC	liquid media	microdilution plate	UKMYC5	0.12	0.12	S	LOW
3.4.0	DST_MEASUREMENTS	dst_measurements:f317b6b269391aa5	DLM	DELAMANID	CHEBI:134742	XDAOLTSRNUSPPH-XMMPIXPASA-N	0.12		mg/L	9	9		CRyPTIC	liquid media	microdilution plate	UKMYC5	0.12	0.12	S	MEDIUM
3.4.0	DST_MEASUREMENTS	dst_measurements:65adaf945baac2bb	DLM	DELAMANID	CHEBI:134742	XDAOLTSRNUSPPH-XMMPIXPASA-N	0.25		mg/L	16	16		CRyPTIC	liquid media	microdilution plate	UKMYC5	0.12	0.25	R	HIGH
3.4.0	DST_MEASUREMENTS	dst_measurements:b090a9248d20264c	DLM	DELAMANID	CHEBI:134742	XDAOLTSRNUSPPH-XMMPIXPASA-N	0.25		mg/L	9	9		CRyPTIC	liquid media	microdilution plate	UKMYC5	0.12	0.25	R	LOW
3.4.0	DST_MEASUREMENTS	dst_measurements:9f08b6774ca97987	DLM	DELAMANID	CHEBI:134742	XDAOLTSRNUSPPH-XMMPIXPASA-N	0.25		mg/L	2	2		CRyPTIC	liquid media	microdilution plate	UKMYC5	0.12	0.25	R	MEDIUM
3.4.0	DST_MEASUREMENTS	dst_measurements:23cc2bcf5e1ecb93	DLM	DELAMANID	CHEBI:134742	XDAOLTSRNUSPPH-XMMPIXPASA-N	0.5		mg/L	11	11		CRyPTIC	liquid media	microdilution plate	UKMYC5	0.12	0.5	R	HIGH
3.4.0	DST_MEASUREMENTS	dst_measurements:b5a97485a9918110	DLM	DELAMANID	CHEBI:134742	XDAOLTSRNUSPPH-XMMPIXPASA-N	0.5		mg/L	12	12		CRyPTIC	liquid media	microdilution plate	UKMYC5	0.12	0.5	R	LOW
3.4.0	DST_MEASUREMENTS	dst_measurements:1e6826b85e1f3021	DLM	DELAMANID	CHEBI:134742	XDAOLTSRNUSPPH-XMMPIXPASA-N	0.5		mg/L	2	2		CRyPTIC	liquid media	microdilution plate	UKMYC5	0.12	0.5	R	MEDIUM
3.4.0	DST_MEASUREMENTS	dst_measurements:3a00e1af11f6be38	DLM	DELAMANID	CHEBI:134742	XDAOLTSRNUSPPH-XMMPIXPASA-N	1.0		mg/L	6	6		CRyPTIC	liquid media	microdilution plate	UKMYC5	0.12	1.0	R	HIGH
3.4.0	DST_MEASUREMENTS	dst_measurements:71a490686c18044e	DLM	DELAMANID	CHEBI:134742	XDAOLTSRNUSPPH-XMMPIXPASA-N	1.0		mg/L	9	9		CRyPTIC	liquid media	microdilution plate	UKMYC5	0.12	1.0	R	LOW
3.4.0	DST_MEASUREMENTS	dst_measurements:2f8157a63db785a4	DLM	DELAMANID	CHEBI:134742	XDAOLTSRNUSPPH-XMMPIXPASA-N	1.0		mg/L	4	4		CRyPTIC	liquid media	microdilution plate	UKMYC5	0.12	1.0	R	MEDIUM
3.4.0	DST_MEASUREMENTS	dst_measurements:d1d974a59532cedd	DLM	DELAMANID	CHEBI:134742	XDAOLTSRNUSPPH-XMMPIXPASA-N	0.015	<=	mg/L	3890	3890		CRyPTIC	liquid media	microdilution plate	UKMYC5	0.12	<=0.015	S	HIGH
3.4.0	DST_MEASUREMENTS	dst_measurements:d33234dd8d679a72	DLM	DELAMANID	CHEBI:134742	XDAOLTSRNUSPPH-XMMPIXPASA-N	0.015	<=	mg/L	530	530		CRyPTIC	liquid media	microdilution plate	UKMYC5	0.12	<=0.015	S	LOW
3.4.0	DST_MEASUREMENTS	dst_measurements:7796748879764cda	DLM	DELAMANID	CHEBI:134742	XDAOLTSRNUSPPH-XMMPIXPASA-N	0.015	<=	mg/L	889	889		CRyPTIC	liquid media	microdilution plate	UKMYC5	0.12	<=0.015	S	MEDIUM
3.4.0	DST_MEASUREMENTS	dst_measurements:d3309d137074ad32	DLM	DELAMANID	CHEBI:134742	XDAOLTSRNUSPPH-XMMPIXPASA-N	1	>	mg/L	63	63		CRyPTIC	liquid media	microdilution plate	UKMYC5	0.12	>1	R	HIGH
3.4.0	DST_MEASUREMENTS	dst_measurements:942faa3aaecc82fa	DLM	DELAMANID	CHEBI:134742	XDAOLTSRNUSPPH-XMMPIXPASA-N	1	>	mg/L	3	3		CRyPTIC	liquid media	microdilution plate	UKMYC5	0.12	>1	R	LOW
3.4.0	DST_MEASUREMENTS	dst_measurements:2b2530eddcef4429	DLM	DELAMANID	CHEBI:134742	XDAOLTSRNUSPPH-XMMPIXPASA-N	1	>	mg/L	11	11		CRyPTIC	liquid media	microdilution plate	UKMYC5	0.12	>1	R	MEDIUM
3.4.0	DST_MEASUREMENTS	dst_measurements:bca8f349800fc2ca	DLM	DELAMANID	CHEBI:134742	XDAOLTSRNUSPPH-XMMPIXPASA-N				64	64		CRyPTIC	liquid media	microdilution plate	UKMYC5	0.12			HIGH
3.4.0	DST_MEASUREMENTS	dst_measurements:bcf44d64eedc11de	DLM	DELAMANID	CHEBI:134742	XDAOLTSRNUSPPH-XMMPIXPASA-N				15	15		CRyPTIC	liquid media	microdilution plate	UKMYC5	0.12			LOW
3.4.0	DST_MEASUREMENTS	dst_measurements:442055951c71acb6	DLM	DELAMANID	CHEBI:134742	XDAOLTSRNUSPPH-XMMPIXPASA-N				110	110		CRyPTIC	liquid media	microdilution plate	UKMYC5	0.12			MEDIUM
3.4.0	DST_MEASUREMENTS	dst_measurements:f7b59beb8bc3dbc0	DLM	DELAMANID	CHEBI:134742	XDAOLTSRNUSPPH-XMMPIXPASA-N	0.015		mg/L	2981	2981		CRyPTIC	liquid media	microdilution plate	UKMYC6	0.12	0.015	S	HIGH
3.4.0	DST_MEASUREMENTS	dst_measurements:46d3953383621fb1	DLM	DELAMANID	CHEBI:134742	XDAOLTSRNUSPPH-XMMPIXPASA-N	0.015		mg/L	802	802		CRyPTIC	liquid media	microdilution plate	UKMYC6	0.12	0.015	S	LOW
3.4.0	DST_MEASUREMENTS	dst_measurements:957f911f47e3517b	DLM	DELAMANID	CHEBI:134742	XDAOLTSRNUSPPH-XMMPIXPASA-N	0.015		mg/L	272	272		CRyPTIC	liquid media	microdilution plate	UKMYC6	0.12	0.015	S	MEDIUM
3.4.0	DST_MEASUREMENTS	dst_measurements:07b90b29d27fda4b	DLM	DELAMANID	CHEBI:134742	XDAOLTSRNUSPPH-XMMPIXPASA-N	0.03		mg/L	1011	1011		CRyPTIC	liquid media	microdilution plate	UKMYC6	0.12	0.03	S	HIGH
3.4.0	DST_MEASUREMENTS	dst_measurements:a9bce501333c475d	DLM	DELAMANID	CHEBI:134742	XDAOLTSRNUSPPH-XMMPIXPASA-N	0.03		mg/L	324	324		CRyPTIC	liquid media	microdilution plate	UKMYC6	0.12	0.03	S	LOW
3.4.0	DST_MEASUREMENTS	dst_measurements:165bd8dba3cddb07	DLM	DELAMANID	CHEBI:134742	XDAOLTSRNUSPPH-XMMPIXPASA-N	0.03		mg/L	88	88		CRyPTIC	liquid media	microdilution plate	UKMYC6	0.12	0.03	S	MEDIUM
3.4.0	DST_MEASUREMENTS	dst_measurements:a2e0255b36dd8690	DLM	DELAMANID	CHEBI:134742	XDAOLTSRNUSPPH-XMMPIXPASA-N	0.06		mg/L	455	455		CRyPTIC	liquid media	microdilution plate	UKMYC6	0.12	0.06	S	HIGH
3.4.0	DST_MEASUREMENTS	dst_measurements:8b00f11f0aaf90aa	DLM	DELAMANID	CHEBI:134742	XDAOLTSRNUSPPH-XMMPIXPASA-N	0.06		mg/L	203	203		CRyPTIC	liquid media	microdilution plate	UKMYC6	0.12	0.06	S	LOW
3.4.0	DST_MEASUREMENTS	dst_measurements:8424352afc253d2a	DLM	DELAMANID	CHEBI:134742	XDAOLTSRNUSPPH-XMMPIXPASA-N	0.06		mg/L	44	44		CRyPTIC	liquid media	microdilution plate	UKMYC6	0.12	0.06	S	MEDIUM
3.4.0	DST_MEASUREMENTS	dst_measurements:c3155591f8275fc7	DLM	DELAMANID	CHEBI:134742	XDAOLTSRNUSPPH-XMMPIXPASA-N	0.12		mg/L	194	194		CRyPTIC	liquid media	microdilution plate	UKMYC6	0.12	0.12	S	HIGH
3.4.0	DST_MEASUREMENTS	dst_measurements:7d3eba60f905c83b	DLM	DELAMANID	CHEBI:134742	XDAOLTSRNUSPPH-XMMPIXPASA-N	0.12		mg/L	73	73		CRyPTIC	liquid media	microdilution plate	UKMYC6	0.12	0.12	S	LOW
3.4.0	DST_MEASUREMENTS	dst_measurements:8fa94f9e0146f5c4	DLM	DELAMANID	CHEBI:134742	XDAOLTSRNUSPPH-XMMPIXPASA-N	0.12		mg/L	37	37		CRyPTIC	liquid media	microdilution plate	UKMYC6	0.12	0.12	S	MEDIUM
3.4.0	DST_MEASUREMENTS	dst_measurements:b4f1e9a5904151d1	DLM	DELAMANID	CHEBI:134742	XDAOLTSRNUSPPH-XMMPIXPASA-N	0.25		mg/L	54	54		CRyPTIC	liquid media	microdilution plate	UKMYC6	0.12	0.25	R	HIGH
3.4.0	DST_MEASUREMENTS	dst_measurements:02b1c63aa6bdcdf1	DLM	DELAMANID	CHEBI:134742	XDAOLTSRNUSPPH-XMMPIXPASA-N	0.25		mg/L	28	28		CRyPTIC	liquid media	microdilution plate	UKMYC6	0.12	0.25	R	LOW
3.4.0	DST_MEASUREMENTS	dst_measurements:37ba3c389d1c7e18	DLM	DELAMANID	CHEBI:134742	XDAOLTSRNUSPPH-XMMPIXPASA-N	0.25		mg/L	23	23		CRyPTIC	liquid media	microdilution plate	UKMYC6	0.12	0.25	R	MEDIUM
3.4.0	DST_MEASUREMENTS	dst_measurements:a8a6a017d7358a05	DLM	DELAMANID	CHEBI:134742	XDAOLTSRNUSPPH-XMMPIXPASA-N	0.5		mg/L	15	15		CRyPTIC	liquid media	microdilution plate	UKMYC6	0.12	0.5	R	HIGH
3.4.0	DST_MEASUREMENTS	dst_measurements:0c42f64ce912818a	DLM	DELAMANID	CHEBI:134742	XDAOLTSRNUSPPH-XMMPIXPASA-N	0.5		mg/L	32	32		CRyPTIC	liquid media	microdilution plate	UKMYC6	0.12	0.5	R	LOW
3.4.0	DST_MEASUREMENTS	dst_measurements:28ab1fbcf113972b	DLM	DELAMANID	CHEBI:134742	XDAOLTSRNUSPPH-XMMPIXPASA-N	0.5		mg/L	13	13		CRyPTIC	liquid media	microdilution plate	UKMYC6	0.12	0.5	R	MEDIUM
3.4.0	DST_MEASUREMENTS	dst_measurements:c4d1e61085a44f81	DLM	DELAMANID	CHEBI:134742	XDAOLTSRNUSPPH-XMMPIXPASA-N	0.008	<=	mg/L	5918	5918		CRyPTIC	liquid media	microdilution plate	UKMYC6	0.12	<=0.008	S	HIGH
3.4.0	DST_MEASUREMENTS	dst_measurements:2033e89de81da9dd	DLM	DELAMANID	CHEBI:134742	XDAOLTSRNUSPPH-XMMPIXPASA-N	0.008	<=	mg/L	1003	1003		CRyPTIC	liquid media	microdilution plate	UKMYC6	0.12	<=0.008	S	LOW
3.4.0	DST_MEASUREMENTS	dst_measurements:0cfdd7e3ae0d803d	DLM	DELAMANID	CHEBI:134742	XDAOLTSRNUSPPH-XMMPIXPASA-N	0.008	<=	mg/L	790	790		CRyPTIC	liquid media	microdilution plate	UKMYC6	0.12	<=0.008	S	MEDIUM
3.4.0	DST_MEASUREMENTS	dst_measurements:2f52b1a5e17473d2	DLM	DELAMANID	CHEBI:134742	XDAOLTSRNUSPPH-XMMPIXPASA-N	0.5	>	mg/L	146	146		CRyPTIC	liquid media	microdilution plate	UKMYC6	0.12	>0.5	R	HIGH
3.4.0	DST_MEASUREMENTS	dst_measurements:619029bbd50cc31b	DLM	DELAMANID	CHEBI:134742	XDAOLTSRNUSPPH-XMMPIXPASA-N	0.5	>	mg/L	3	3		CRyPTIC	liquid media	microdilution plate	UKMYC6	0.12	>0.5	R	LOW
3.4.0	DST_MEASUREMENTS	dst_measurements:45b77ea88fc8e826	DLM	DELAMANID	CHEBI:134742	XDAOLTSRNUSPPH-XMMPIXPASA-N	0.5	>	mg/L	8	8		CRyPTIC	liquid media	microdilution plate	UKMYC6	0.12	>0.5	R	MEDIUM
3.4.0	DST_MEASUREMENTS	dst_measurements:633d1c91485a605c	DLM	DELAMANID	CHEBI:134742	XDAOLTSRNUSPPH-XMMPIXPASA-N				65	65		CRyPTIC	liquid media	microdilution plate	UKMYC6	0.12			HIGH
3.4.0	DST_MEASUREMENTS	dst_measurements:1fa4cc9bab7dc95e	DLM	DELAMANID	CHEBI:134742	XDAOLTSRNUSPPH-XMMPIXPASA-N				45	45		CRyPTIC	liquid media	microdilution plate	UKMYC6	0.12			LOW
3.4.0	DST_MEASUREMENTS	dst_measurements:ff2a1dc975922661	DLM	DELAMANID	CHEBI:134742	XDAOLTSRNUSPPH-XMMPIXPASA-N				17	17		CRyPTIC	liquid media	microdilution plate	UKMYC6	0.12			MEDIUM
3.4.0	DST_MEASUREMENTS	dst_measurements:adefc4b509b27284	DLM	DELAMANID	CHEBI:134742	XDAOLTSRNUSPPH-XMMPIXPASA-N				17	17		KMVALIDATION2025	not specified					R	MEDIUM
3.4.0	DST_MEASUREMENTS	dst_measurements:e1904b992b8c8aa7	DLM	DELAMANID	CHEBI:134742	XDAOLTSRNUSPPH-XMMPIXPASA-N				448	448		KMVALIDATION2025	not specified					S	MEDIUM
3.4.0	DST_MEASUREMENTS	dst_measurements:61473b683966f16d	DLM	DELAMANID	CHEBI:134742	XDAOLTSRNUSPPH-XMMPIXPASA-N				9	9		SEQTREAT2020	liquid media	MGIT	MGIT960	1.0		S	MEDIUM
3.4.0	DST_MEASUREMENTS	dst_measurements:5378cdfac558e20b	DLM	DELAMANID	CHEBI:134742	XDAOLTSRNUSPPH-XMMPIXPASA-N				455	455		SEQTREAT2020	liquid media	MGIT	MGIT960	1.0		U	MEDIUM
3.4.0	DST_MEASUREMENTS	dst_measurements:ffbf7be2ca6d00de	DLM	DELAMANID	CHEBI:134742	XDAOLTSRNUSPPH-XMMPIXPASA-N				538	538		SEQTREAT2020	liquid media	MGIT	MGIT960	WHO		U	MEDIUM
3.4.0	DST_MEASUREMENTS	dst_measurements:9f3bf41471dbb452	DLM	DELAMANID	CHEBI:134742	XDAOLTSRNUSPPH-XMMPIXPASA-N				2	2		SEQTREAT2020	liquid media	MGIT		WHO		R	MEDIUM
3.4.0	DST_MEASUREMENTS	dst_measurements:0b9444541e6cc706	DLM	DELAMANID	CHEBI:134742	XDAOLTSRNUSPPH-XMMPIXPASA-N				88	88		SEQTREAT2020	liquid media	MGIT		WHO		S	MEDIUM
3.4.0	DST_MEASUREMENTS	dst_measurements:b41752b751fa5eb8	DLM	DELAMANID	CHEBI:134742	XDAOLTSRNUSPPH-XMMPIXPASA-N				1390	1390		SEQTREAT2020	liquid media	MGIT		WHO		U	MEDIUM
3.4.0	DST_MEASUREMENTS	dst_measurements:11a28c9aa6ced78a	DLM	DELAMANID	CHEBI:134742	XDAOLTSRNUSPPH-XMMPIXPASA-N	0.03		mg/L	21	21		SEQTREAT2020	liquid media	microdilution plate	UKMYC5		0.03	S	MEDIUM
3.4.0	DST_MEASUREMENTS	dst_measurements:44353415f50e20a3	DLM	DELAMANID	CHEBI:134742	XDAOLTSRNUSPPH-XMMPIXPASA-N	0.06		mg/L	4	4		SEQTREAT2020	liquid media	microdilution plate	UKMYC5		0.06	S	MEDIUM
3.4.0	DST_MEASUREMENTS	dst_measurements:8b0be58e69b116aa	DLM	DELAMANID	CHEBI:134742	XDAOLTSRNUSPPH-XMMPIXPASA-N	0.12		mg/L	2	2		SEQTREAT2020	liquid media	microdilution plate	UKMYC5		0.12	S	MEDIUM
3.4.0	DST_MEASUREMENTS	dst_measurements:026e53ba11718452	DLM	DELAMANID	CHEBI:134742	XDAOLTSRNUSPPH-XMMPIXPASA-N	0.25		mg/L	1	1		SEQTREAT2020	liquid media	microdilution plate	UKMYC5		0.25	R	MEDIUM
3.4.0	DST_MEASUREMENTS	dst_measurements:e7200e1b9d358ff7	DLM	DELAMANID	CHEBI:134742	XDAOLTSRNUSPPH-XMMPIXPASA-N	0.5		mg/L	1	1		SEQTREAT2020	liquid media	microdilution plate	UKMYC5		0.5	R	MEDIUM
3.4.0	DST_MEASUREMENTS	dst_measurements:1dcbe5ac47821a20	DLM	DELAMANID	CHEBI:134742	XDAOLTSRNUSPPH-XMMPIXPASA-N	0.015	<=	mg/L	228	228		SEQTREAT2020	liquid media	microdilution plate	UKMYC5		<=0.015	S	MEDIUM
3.4.0	DST_MEASUREMENTS	dst_measurements:b5a9f18d78b22a3b	DLM	DELAMANID	CHEBI:134742	XDAOLTSRNUSPPH-XMMPIXPASA-N	1	>	mg/L	5	5		SEQTREAT2020	liquid media	microdilution plate	UKMYC5		>1	R	MEDIUM
3.4.0	DST_MEASUREMENTS	dst_measurements:c9770beb6a2b93c6	DLM	DELAMANID	CHEBI:134742	XDAOLTSRNUSPPH-XMMPIXPASA-N				20	20		SEQTREAT2020	liquid media	microdilution plate	UKMYC5			U	MEDIUM
3.4.0	DST_MEASUREMENTS	dst_measurements:99d3aea3b054aeb9	DLM	DELAMANID	CHEBI:134742	XDAOLTSRNUSPPH-XMMPIXPASA-N	0.002		mg/L	1	1		SEQTREAT2020	liquid media	microdilution plate	non-colourmetric		0.002		MEDIUM
3.4.0	DST_MEASUREMENTS	dst_measurements:75eebea4c0dd9523	DLM	DELAMANID	CHEBI:134742	XDAOLTSRNUSPPH-XMMPIXPASA-N				463	463		SEQTREAT2020	liquid media	microdilution plate	non-colourmetric			U	MEDIUM
3.4.0	DST_MEASUREMENTS	dst_measurements:612f32ed87107ee0	DLM	DELAMANID	CHEBI:134742	XDAOLTSRNUSPPH-XMMPIXPASA-N				122	122		SEQTREAT2020	solid media	LJ		WHO		U	MEDIUM
3.4.0	DST_MEASUREMENTS	dst_measurements:eaa8cf908e1e4145	DLM	DELAMANID	CHEBI:134742	XDAOLTSRNUSPPH-XMMPIXPASA-N	0.002		mg/L	2	2		SEQTREAT2020	solid media	middlebrook	7H11		0.002		MEDIUM
3.4.0	DST_MEASUREMENTS	dst_measurements:79dbf222e6f6d82f	DLM	DELAMANID	CHEBI:134742	XDAOLTSRNUSPPH-XMMPIXPASA-N	0.004		mg/L	1	1		SEQTREAT2020	solid media	middlebrook	7H11		0.004		MEDIUM
3.4.0	DST_MEASUREMENTS	dst_measurements:87d45c6c7d3aef4c	DLM	DELAMANID	CHEBI:134742	XDAOLTSRNUSPPH-XMMPIXPASA-N	0.016		mg/L	1	1		SEQTREAT2020	solid media	middlebrook	7H11		0.016		MEDIUM
3.4.0	DST_MEASUREMENTS	dst_measurements:aa700256a87ebefc	DLM	DELAMANID	CHEBI:134742	XDAOLTSRNUSPPH-XMMPIXPASA-N	0.06		mg/L	1	1		SEQTREAT2020	solid media	middlebrook	7H11		0.06		MEDIUM
3.4.0	DST_MEASUREMENTS	dst_measurements:74864f1ad532d132	DLM	DELAMANID	CHEBI:134742	XDAOLTSRNUSPPH-XMMPIXPASA-N				463	463		SEQTREAT2020	solid media	middlebrook	7H11			U	MEDIUM
3.4.0	DST_MEASUREMENTS	dst_measurements:e8be82d3ba7b0a37	EMB	ETHAMBUTOL	CHEBI:4877	AEUTYOVWOVBAKS-UWVGGRQHSA-N	0.12		mg/L	10	10		CRyPTIC	liquid media	microdilution plate	UKMYC5	4.0	0.12	S	HIGH
3.4.0	DST_MEASUREMENTS	dst_measurements:74f2d7c5c5fff0d5	EMB	ETHAMBUTOL	CHEBI:4877	AEUTYOVWOVBAKS-UWVGGRQHSA-N	0.12		mg/L	5	5		CRyPTIC	liquid media	microdilution plate	UKMYC5	4.0	0.12	S	LOW
3.4.0	DST_MEASUREMENTS	dst_measurements:040464b7fd6d76dc	EMB	ETHAMBUTOL	CHEBI:4877	AEUTYOVWOVBAKS-UWVGGRQHSA-N	0.12		mg/L	2	2		CRyPTIC	liquid media	microdilution plate	UKMYC5	4.0	0.12	S	MEDIUM
3.4.0	DST_MEASUREMENTS	dst_measurements:8dc1cbd2e7953213	EMB	ETHAMBUTOL	CHEBI:4877	AEUTYOVWOVBAKS-UWVGGRQHSA-N	0.25		mg/L	80	80		CRyPTIC	liquid media	microdilution plate	UKMYC5	4.0	0.25	S	HIGH
3.4.0	DST_MEASUREMENTS	dst_measurements:ff1a8967aaa94c0e	EMB	ETHAMBUTOL	CHEBI:4877	AEUTYOVWOVBAKS-UWVGGRQHSA-N	0.25		mg/L	26	26		CRyPTIC	liquid media	microdilution plate	UKMYC5	4.0	0.25	S	LOW
3.4.0	DST_MEASUREMENTS	dst_measurements:7a86f2b2d82c98a7	EMB	ETHAMBUTOL	CHEBI:4877	AEUTYOVWOVBAKS-UWVGGRQHSA-N	0.25		mg/L	3	3		CRyPTIC	liquid media	microdilution plate	UKMYC5	4.0	0.25	S	MEDIUM
3.4.0	DST_MEASUREMENTS	dst_measurements:1ba093236221bd98	EMB	ETHAMBUTOL	CHEBI:4877	AEUTYOVWOVBAKS-UWVGGRQHSA-N	0.5		mg/L	286	286		CRyPTIC	liquid media	microdilution plate	UKMYC5	4.0	0.5	S	HIGH
3.4.0	DST_MEASUREMENTS	dst_measurements:999fc0cb3b59f289	EMB	ETHAMBUTOL	CHEBI:4877	AEUTYOVWOVBAKS-UWVGGRQHSA-N	0.5		mg/L	91	91		CRyPTIC	liquid media	microdilution plate	UKMYC5	4.0	0.5	S	LOW
3.4.0	DST_MEASUREMENTS	dst_measurements:0d15c278e97e8456	EMB	ETHAMBUTOL	CHEBI:4877	AEUTYOVWOVBAKS-UWVGGRQHSA-N	0.5		mg/L	148	148		CRyPTIC	liquid media	microdilution plate	UKMYC5	4.0	0.5	S	MEDIUM
3.4.0	DST_MEASUREMENTS	dst_measurements:fdfe25ca4d5b877f	EMB	ETHAMBUTOL	CHEBI:4877	AEUTYOVWOVBAKS-UWVGGRQHSA-N	1.0		mg/L	1514	1514		CRyPTIC	liquid media	microdilution plate	UKMYC5	4.0	1.0	S	HIGH
3.4.0	DST_MEASUREMENTS	dst_measurements:00612d363c974771	EMB	ETHAMBUTOL	CHEBI:4877	AEUTYOVWOVBAKS-UWVGGRQHSA-N	1.0		mg/L	202	202		CRyPTIC	liquid media	microdilution plate	UKMYC5	4.0	1.0	S	LOW
3.4.0	DST_MEASUREMENTS	dst_measurements:eb61ba72518609d1	EMB	ETHAMBUTOL	CHEBI:4877	AEUTYOVWOVBAKS-UWVGGRQHSA-N	1.0		mg/L	325	325		CRyPTIC	liquid media	microdilution plate	UKMYC5	4.0	1.0	S	MEDIUM
3.4.0	DST_MEASUREMENTS	dst_measurements:33cc9258c1b7392a	EMB	ETHAMBUTOL	CHEBI:4877	AEUTYOVWOVBAKS-UWVGGRQHSA-N	2.0		mg/L	1462	1462		CRyPTIC	liquid media	microdilution plate	UKMYC5	4.0	2.0	S	HIGH
3.4.0	DST_MEASUREMENTS	dst_measurements:be2c98ba1aa0916b	EMB	ETHAMBUTOL	CHEBI:4877	AEUTYOVWOVBAKS-UWVGGRQHSA-N	2.0		mg/L	123	123		CRyPTIC	liquid media	microdilution plate	UKMYC5	4.0	2.0	S	LOW
3.4.0	DST_MEASUREMENTS	dst_measurements:c9beee560d7750ca	EMB	ETHAMBUTOL	CHEBI:4877	AEUTYOVWOVBAKS-UWVGGRQHSA-N	2.0		mg/L	266	266		CRyPTIC	liquid media	microdilution plate	UKMYC5	4.0	2.0	S	MEDIUM
3.4.0	DST_MEASUREMENTS	dst_measurements:c042bbdfa2bfb908	EMB	ETHAMBUTOL	CHEBI:4877	AEUTYOVWOVBAKS-UWVGGRQHSA-N	4.0		mg/L	590	590		CRyPTIC	liquid media	microdilution plate	UKMYC5	4.0	4.0	S	HIGH
3.4.0	DST_MEASUREMENTS	dst_measurements:2cfa912e89f1f290	EMB	ETHAMBUTOL	CHEBI:4877	AEUTYOVWOVBAKS-UWVGGRQHSA-N	4.0		mg/L	104	104		CRyPTIC	liquid media	microdilution plate	UKMYC5	4.0	4.0	S	LOW
3.4.0	DST_MEASUREMENTS	dst_measurements:c3984d6d8ef87809	EMB	ETHAMBUTOL	CHEBI:4877	AEUTYOVWOVBAKS-UWVGGRQHSA-N	4.0		mg/L	171	171		CRyPTIC	liquid media	microdilution plate	UKMYC5	4.0	4.0	S	MEDIUM
3.4.0	DST_MEASUREMENTS	dst_measurements:080083bafd69e5f8	EMB	ETHAMBUTOL	CHEBI:4877	AEUTYOVWOVBAKS-UWVGGRQHSA-N	8.0		mg/L	737	737		CRyPTIC	liquid media	microdilution plate	UKMYC5	4.0	8.0	R	HIGH
3.4.0	DST_MEASUREMENTS	dst_measurements:48a7900a9815b540	EMB	ETHAMBUTOL	CHEBI:4877	AEUTYOVWOVBAKS-UWVGGRQHSA-N	8.0		mg/L	23	23		CRyPTIC	liquid media	microdilution plate	UKMYC5	4.0	8.0	R	LOW
3.4.0	DST_MEASUREMENTS	dst_measurements:0f053fd735958580	EMB	ETHAMBUTOL	CHEBI:4877	AEUTYOVWOVBAKS-UWVGGRQHSA-N	8.0		mg/L	126	126		CRyPTIC	liquid media	microdilution plate	UKMYC5	4.0	8.0	R	MEDIUM
3.4.0	DST_MEASUREMENTS	dst_measurements:85915b961c82c2aa	EMB	ETHAMBUTOL	CHEBI:4877	AEUTYOVWOVBAKS-UWVGGRQHSA-N	0.06	<=	mg/L	9	9		CRyPTIC	liquid media	microdilution plate	UKMYC5	4.0	<=0.06	S	HIGH
3.4.0	DST_MEASUREMENTS	dst_measurements:b326bb7c679b9828	EMB	ETHAMBUTOL	CHEBI:4877	AEUTYOVWOVBAKS-UWVGGRQHSA-N	0.06	<=	mg/L	6	6		CRyPTIC	liquid media	microdilution plate	UKMYC5	4.0	<=0.06	S	LOW
3.4.0	DST_MEASUREMENTS	dst_measurements:3a88b1d1ec1a3d98	EMB	ETHAMBUTOL	CHEBI:4877	AEUTYOVWOVBAKS-UWVGGRQHSA-N	0.06	<=	mg/L	4	4		CRyPTIC	liquid media	microdilution plate	UKMYC5	4.0	<=0.06	S	MEDIUM
3.4.0	DST_MEASUREMENTS	dst_measurements:8479870258df83fb	EMB	ETHAMBUTOL	CHEBI:4877	AEUTYOVWOVBAKS-UWVGGRQHSA-N	8	>	mg/L	567	567		CRyPTIC	liquid media	microdilution plate	UKMYC5	4.0	>8	R	HIGH
3.4.0	DST_MEASUREMENTS	dst_measurements:eff0c6361fbab988	EMB	ETHAMBUTOL	CHEBI:4877	AEUTYOVWOVBAKS-UWVGGRQHSA-N	8	>	mg/L	9	9		CRyPTIC	liquid media	microdilution plate	UKMYC5	4.0	>8	R	LOW
3.4.0	DST_MEASUREMENTS	dst_measurements:47fb05615094689e	EMB	ETHAMBUTOL	CHEBI:4877	AEUTYOVWOVBAKS-UWVGGRQHSA-N	8	>	mg/L	34	34		CRyPTIC	liquid media	microdilution plate	UKMYC5	4.0	>8	R	MEDIUM
3.4.0	DST_MEASUREMENTS	dst_measurements:e07dac2cfed980ba	EMB	ETHAMBUTOL	CHEBI:4877	AEUTYOVWOVBAKS-UWVGGRQHSA-N				9	9		CRyPTIC	liquid media	microdilution plate	UKMYC5	4.0			HIGH
3.4.0	DST_MEASUREMENTS	dst_measurements:352a81656fafc826	EMB	ETHAMBUTOL	CHEBI:4877	AEUTYOVWOVBAKS-UWVGGRQHSA-N				2	2		CRyPTIC	liquid media	microdilution plate	UKMYC5	4.0			LOW
3.4.0	DST_MEASUREMENTS	dst_measurements:dd2d538f9c9935a1	EMB	ETHAMBUTOL	CHEBI:4877	AEUTYOVWOVBAKS-UWVGGRQHSA-N				103	103		CRyPTIC	liquid media	microdilution plate	UKMYC5	4.0			MEDIUM
3.4.0	DST_MEASUREMENTS	dst_measurements:85326a1dad242275	EMB	ETHAMBUTOL	CHEBI:4877	AEUTYOVWOVBAKS-UWVGGRQHSA-N	0.5		mg/L	1278	1278		CRyPTIC	liquid media	microdilution plate	UKMYC6	4.0	0.5	S	HIGH
3.4.0	DST_MEASUREMENTS	dst_measurements:f82027a1e6f2195b	EMB	ETHAMBUTOL	CHEBI:4877	AEUTYOVWOVBAKS-UWVGGRQHSA-N	0.5		mg/L	309	309		CRyPTIC	liquid media	microdilution plate	UKMYC6	4.0	0.5	S	LOW
3.4.0	DST_MEASUREMENTS	dst_measurements:fa9db1b59d9c4194	EMB	ETHAMBUTOL	CHEBI:4877	AEUTYOVWOVBAKS-UWVGGRQHSA-N	0.5		mg/L	185	185		CRyPTIC	liquid media	microdilution plate	UKMYC6	4.0	0.5	S	MEDIUM
3.4.0	DST_MEASUREMENTS	dst_measurements:c533f50f4a20f72c	EMB	ETHAMBUTOL	CHEBI:4877	AEUTYOVWOVBAKS-UWVGGRQHSA-N	1.0		mg/L	4844	4844		CRyPTIC	liquid media	microdilution plate	UKMYC6	4.0	1.0	S	HIGH
3.4.0	DST_MEASUREMENTS	dst_measurements:66a48a5bcff24a23	EMB	ETHAMBUTOL	CHEBI:4877	AEUTYOVWOVBAKS-UWVGGRQHSA-N	1.0		mg/L	689	689		CRyPTIC	liquid media	microdilution plate	UKMYC6	4.0	1.0	S	LOW
3.4.0	DST_MEASUREMENTS	dst_measurements:efec97fb6b5f7da6	EMB	ETHAMBUTOL	CHEBI:4877	AEUTYOVWOVBAKS-UWVGGRQHSA-N	1.0		mg/L	301	301		CRyPTIC	liquid media	microdilution plate	UKMYC6	4.0	1.0	S	MEDIUM
3.4.0	DST_MEASUREMENTS	dst_measurements:cec08ad21428d9d0	EMB	ETHAMBUTOL	CHEBI:4877	AEUTYOVWOVBAKS-UWVGGRQHSA-N	16.0		mg/L	329	329		CRyPTIC	liquid media	microdilution plate	UKMYC6	4.0	16.0	R	HIGH
3.4.0	DST_MEASUREMENTS	dst_measurements:dd1b489b0495af6c	EMB	ETHAMBUTOL	CHEBI:4877	AEUTYOVWOVBAKS-UWVGGRQHSA-N	16.0		mg/L	41	41		CRyPTIC	liquid media	microdilution plate	UKMYC6	4.0	16.0	R	LOW
3.4.0	DST_MEASUREMENTS	dst_measurements:9b1878bb67fce6aa	EMB	ETHAMBUTOL	CHEBI:4877	AEUTYOVWOVBAKS-UWVGGRQHSA-N	16.0		mg/L	121	121		CRyPTIC	liquid media	microdilution plate	UKMYC6	4.0	16.0	R	MEDIUM
3.4.0	DST_MEASUREMENTS	dst_measurements:8cc1db2f8b360741	EMB	ETHAMBUTOL	CHEBI:4877	AEUTYOVWOVBAKS-UWVGGRQHSA-N	2.0		mg/L	2623	2623		CRyPTIC	liquid media	microdilution plate	UKMYC6	4.0	2.0	S	HIGH
3.4.0	DST_MEASUREMENTS	dst_measurements:b233c6f3b44744be	EMB	ETHAMBUTOL	CHEBI:4877	AEUTYOVWOVBAKS-UWVGGRQHSA-N	2.0		mg/L	273	273		CRyPTIC	liquid media	microdilution plate	UKMYC6	4.0	2.0	S	LOW
3.4.0	DST_MEASUREMENTS	dst_measurements:0c61c53a484a7180	EMB	ETHAMBUTOL	CHEBI:4877	AEUTYOVWOVBAKS-UWVGGRQHSA-N	2.0		mg/L	188	188		CRyPTIC	liquid media	microdilution plate	UKMYC6	4.0	2.0	S	MEDIUM
3.4.0	DST_MEASUREMENTS	dst_measurements:250622a71ff801be	EMB	ETHAMBUTOL	CHEBI:4877	AEUTYOVWOVBAKS-UWVGGRQHSA-N	32.0		mg/L	141	141		CRyPTIC	liquid media	microdilution plate	UKMYC6	4.0	32.0	R	HIGH
3.4.0	DST_MEASUREMENTS	dst_measurements:8a2219fee04d3cc4	EMB	ETHAMBUTOL	CHEBI:4877	AEUTYOVWOVBAKS-UWVGGRQHSA-N	32.0		mg/L	19	19		CRyPTIC	liquid media	microdilution plate	UKMYC6	4.0	32.0	R	LOW
3.4.0	DST_MEASUREMENTS	dst_measurements:d178b2407b6e77e3	EMB	ETHAMBUTOL	CHEBI:4877	AEUTYOVWOVBAKS-UWVGGRQHSA-N	32.0		mg/L	32	32		CRyPTIC	liquid media	microdilution plate	UKMYC6	4.0	32.0	R	MEDIUM
3.4.0	DST_MEASUREMENTS	dst_measurements:33a944b46ab31d56	EMB	ETHAMBUTOL	CHEBI:4877	AEUTYOVWOVBAKS-UWVGGRQHSA-N	4.0		mg/L	1332	1332		CRyPTIC	liquid media	microdilution plate	UKMYC6	4.0	4.0	S	HIGH
3.4.0	DST_MEASUREMENTS	dst_measurements:3dae33010cab4648	EMB	ETHAMBUTOL	CHEBI:4877	AEUTYOVWOVBAKS-UWVGGRQHSA-N	4.0		mg/L	197	197		CRyPTIC	liquid media	microdilution plate	UKMYC6	4.0	4.0	S	LOW
3.4.0	DST_MEASUREMENTS	dst_measurements:127d0c1bb48e2d3a	EMB	ETHAMBUTOL	CHEBI:4877	AEUTYOVWOVBAKS-UWVGGRQHSA-N	4.0		mg/L	237	237		CRyPTIC	liquid media	microdilution plate	UKMYC6	4.0	4.0	S	MEDIUM
3.4.0	DST_MEASUREMENTS	dst_measurements:dc8f96781f663e24	EMB	ETHAMBUTOL	CHEBI:4877	AEUTYOVWOVBAKS-UWVGGRQHSA-N	8.0		mg/L	910	910		CRyPTIC	liquid media	microdilution plate	UKMYC6	4.0	8.0	R	HIGH
3.4.0	DST_MEASUREMENTS	dst_measurements:059b48a04dac8d66	EMB	ETHAMBUTOL	CHEBI:4877	AEUTYOVWOVBAKS-UWVGGRQHSA-N	8.0		mg/L	167	167		CRyPTIC	liquid media	microdilution plate	UKMYC6	4.0	8.0	R	LOW
3.4.0	DST_MEASUREMENTS	dst_measurements:badf3bcecc0b909c	EMB	ETHAMBUTOL	CHEBI:4877	AEUTYOVWOVBAKS-UWVGGRQHSA-N	8.0		mg/L	181	181		CRyPTIC	liquid media	microdilution plate	UKMYC6	4.0	8.0	R	MEDIUM
3.4.0	DST_MEASUREMENTS	dst_measurements:372a4d986ae4b219	EMB	ETHAMBUTOL	CHEBI:4877	AEUTYOVWOVBAKS-UWVGGRQHSA-N	0.25	<=	mg/L	47	47		CRyPTIC	liquid media	microdilution plate	UKMYC6	4.0	<=0.25	S	HIGH
3.4.0	DST_MEASUREMENTS	dst_measurements:98bd4a7d5486022d	EMB	ETHAMBUTOL	CHEBI:4877	AEUTYOVWOVBAKS-UWVGGRQHSA-N	0.25	<=	mg/L	43	43		CRyPTIC	liquid media	microdilution plate	UKMYC6	4.0	<=0.25	S	LOW
3.4.0	DST_MEASUREMENTS	dst_measurements:08959960f0c39d17	EMB	ETHAMBUTOL	CHEBI:4877	AEUTYOVWOVBAKS-UWVGGRQHSA-N	0.25	<=	mg/L	28	28		CRyPTIC	liquid media	microdilution plate	UKMYC6	4.0	<=0.25	S	MEDIUM
3.4.0	DST_MEASUREMENTS	dst_measurements:1f0c97676697e205	EMB	ETHAMBUTOL	CHEBI:4877	AEUTYOVWOVBAKS-UWVGGRQHSA-N	32	>	mg/L	39	39		CRyPTIC	liquid media	microdilution plate	UKMYC6	4.0	>32	R	HIGH
3.4.0	DST_MEASUREMENTS	dst_measurements:3152d0cd0bca4b5a	EMB	ETHAMBUTOL	CHEBI:4877	AEUTYOVWOVBAKS-UWVGGRQHSA-N	32	>	mg/L	1	1		CRyPTIC	liquid media	microdilution plate	UKMYC6	4.0	>32	R	LOW
3.4.0	DST_MEASUREMENTS	dst_measurements:f59fb9734c92cdaa	EMB	ETHAMBUTOL	CHEBI:4877	AEUTYOVWOVBAKS-UWVGGRQHSA-N	32	>	mg/L	7	7		CRyPTIC	liquid media	microdilution plate	UKMYC6	4.0	>32	R	MEDIUM
3.4.0	DST_MEASUREMENTS	dst_measurements:6ec19aacd45a6d9c	EMB	ETHAMBUTOL	CHEBI:4877	AEUTYOVWOVBAKS-UWVGGRQHSA-N				49	49		CRyPTIC	liquid media	microdilution plate	UKMYC6	4.0			HIGH
3.4.0	DST_MEASUREMENTS	dst_measurements:f4726cab7465c395	EMB	ETHAMBUTOL	CHEBI:4877	AEUTYOVWOVBAKS-UWVGGRQHSA-N				14	14		CRyPTIC	liquid media	microdilution plate	UKMYC6	4.0			LOW
3.4.0	DST_MEASUREMENTS	dst_measurements:8cbb8e988715387a	EMB	ETHAMBUTOL	CHEBI:4877	AEUTYOVWOVBAKS-UWVGGRQHSA-N				19	19		CRyPTIC	liquid media	microdilution plate	UKMYC6	4.0			MEDIUM
3.4.0	DST_MEASUREMENTS	dst_measurements:defc5dadb9df4c88	EMB	ETHAMBUTOL	CHEBI:4877	AEUTYOVWOVBAKS-UWVGGRQHSA-N				80	80		KMMYKROBE2025	not specified					R	MEDIUM
3.4.0	DST_MEASUREMENTS	dst_measurements:05f8474f57518b31	EMB	ETHAMBUTOL	CHEBI:4877	AEUTYOVWOVBAKS-UWVGGRQHSA-N				69	69		KMMYKROBE2025	not specified					S	MEDIUM
3.4.0	DST_MEASUREMENTS	dst_measurements:1779f51aa7caacaf	EMB	ETHAMBUTOL	CHEBI:4877	AEUTYOVWOVBAKS-UWVGGRQHSA-N				1605	1605		KMVALIDATION2025	not specified					R	MEDIUM
3.4.0	DST_MEASUREMENTS	dst_measurements:839b671ba39f0c1a	EMB	ETHAMBUTOL	CHEBI:4877	AEUTYOVWOVBAKS-UWVGGRQHSA-N				2486	2486		KMVALIDATION2025	not specified					S	MEDIUM
3.4.0	DST_MEASUREMENTS	dst_measurements:867bec1ebd27befb	EMB	ETHAMBUTOL	CHEBI:4877	AEUTYOVWOVBAKS-UWVGGRQHSA-N				206	206		LID2015	liquid media	MGIT	MGIT960	WHO		R	MEDIUM
3.4.0	DST_MEASUREMENTS	dst_measurements:89829baffdd031bf	EMB	ETHAMBUTOL	CHEBI:4877	AEUTYOVWOVBAKS-UWVGGRQHSA-N				2720	2720		LID2015	liquid media	MGIT	MGIT960	WHO		S	MEDIUM
3.4.0	DST_MEASUREMENTS	dst_measurements:5ea19299df26c2cf	EMB	ETHAMBUTOL	CHEBI:4877	AEUTYOVWOVBAKS-UWVGGRQHSA-N				41	41		LID2015	solid media	LJ	resistance ratio	WHO		R	MEDIUM
3.4.0	DST_MEASUREMENTS	dst_measurements:032c68c632af1454	EMB	ETHAMBUTOL	CHEBI:4877	AEUTYOVWOVBAKS-UWVGGRQHSA-N				465	465		LID2015	solid media	LJ	resistance ratio	WHO		S	MEDIUM
3.4.0	DST_MEASUREMENTS	dst_measurements:5d897c9387643aa6	EMB	ETHAMBUTOL	CHEBI:4877	AEUTYOVWOVBAKS-UWVGGRQHSA-N				621	621		MUMBAI2018	liquid media	MGIT	MGIT960			R	MEDIUM
3.4.0	DST_MEASUREMENTS	dst_measurements:85d30620484256f3	EMB	ETHAMBUTOL	CHEBI:4877	AEUTYOVWOVBAKS-UWVGGRQHSA-N				798	798		MUMBAI2018	liquid media	MGIT	MGIT960			S	MEDIUM
3.4.0	DST_MEASUREMENTS	dst_measurements:b7b06cbbc60ac9d5	EMB	ETHAMBUTOL	CHEBI:4877	AEUTYOVWOVBAKS-UWVGGRQHSA-N				12	12		NEJM2018	liquid media	MGIT	MGIT960	2.0		R	MEDIUM
3.4.0	DST_MEASUREMENTS	dst_measurements:f9cab79ef269edff	EMB	ETHAMBUTOL	CHEBI:4877	AEUTYOVWOVBAKS-UWVGGRQHSA-N				5	5		NEJM2018	liquid media	MGIT	MGIT960	2.0		S	MEDIUM
3.4.0	DST_MEASUREMENTS	dst_measurements:a7456975995391f9	EMB	ETHAMBUTOL	CHEBI:4877	AEUTYOVWOVBAKS-UWVGGRQHSA-N				869	869		NEJM2018	liquid media	MGIT	MGIT960	5.0		R	MEDIUM
3.4.0	DST_MEASUREMENTS	dst_measurements:c4d39f4ad959ecdb	EMB	ETHAMBUTOL	CHEBI:4877	AEUTYOVWOVBAKS-UWVGGRQHSA-N				7019	7019		NEJM2018	liquid media	MGIT	MGIT960	5.0		S	MEDIUM
3.4.0	DST_MEASUREMENTS	dst_measurements:7e98d85179ca4afa	EMB	ETHAMBUTOL	CHEBI:4877	AEUTYOVWOVBAKS-UWVGGRQHSA-N				237	237		NEJM2018	solid media	LJ	proportion method	2.0		R	MEDIUM
3.4.0	DST_MEASUREMENTS	dst_measurements:16295b7665bec125	EMB	ETHAMBUTOL	CHEBI:4877	AEUTYOVWOVBAKS-UWVGGRQHSA-N				169	169		NEJM2018	solid media	LJ	proportion method	2.0		S	MEDIUM
3.4.0	DST_MEASUREMENTS	dst_measurements:8c72ed87aa4bcfe9	EMB	ETHAMBUTOL	CHEBI:4877	AEUTYOVWOVBAKS-UWVGGRQHSA-N				343	343		NEJM2018	solid media	LJ	resistance ratio			R	MEDIUM
3.4.0	DST_MEASUREMENTS	dst_measurements:20ece4243db352b5	EMB	ETHAMBUTOL	CHEBI:4877	AEUTYOVWOVBAKS-UWVGGRQHSA-N				758	758		NEJM2018	solid media	LJ	resistance ratio			S	MEDIUM
3.4.0	DST_MEASUREMENTS	dst_measurements:29477d9c5367ba15	EMB	ETHAMBUTOL	CHEBI:4877	AEUTYOVWOVBAKS-UWVGGRQHSA-N				114	114		NEJM2018	solid media	middlebrook	7H10	5.0		R	MEDIUM
3.4.0	DST_MEASUREMENTS	dst_measurements:60c20d28fb9becc6	EMB	ETHAMBUTOL	CHEBI:4877	AEUTYOVWOVBAKS-UWVGGRQHSA-N				107	107		NEJM2018	solid media	middlebrook	7H10	5.0		S	MEDIUM
3.4.0	DST_MEASUREMENTS	dst_measurements:d4d48e2322543c12	EMB	ETHAMBUTOL	CHEBI:4877	AEUTYOVWOVBAKS-UWVGGRQHSA-N				65	65		NEJM2018	solid media	middlebrook	proportion method	2.0		R	MEDIUM
3.4.0	DST_MEASUREMENTS	dst_measurements:111a6e1145a975c7	EMB	ETHAMBUTOL	CHEBI:4877	AEUTYOVWOVBAKS-UWVGGRQHSA-N				94	94		NEJM2018	solid media	middlebrook	proportion method	2.0		S	MEDIUM
3.4.0	DST_MEASUREMENTS	dst_measurements:e67b43604df8db33	EMB	ETHAMBUTOL	CHEBI:4877	AEUTYOVWOVBAKS-UWVGGRQHSA-N				23	23		PHE2019	liquid media	MGIT	MGIT960	WHO		R	MEDIUM
3.4.0	DST_MEASUREMENTS	dst_measurements:83baa0914d41827c	EMB	ETHAMBUTOL	CHEBI:4877	AEUTYOVWOVBAKS-UWVGGRQHSA-N				1502	1502		PHE2019	liquid media	MGIT	MGIT960	WHO		S	MEDIUM
3.4.0	DST_MEASUREMENTS	dst_measurements:28c13c37b48a6b45	EMB	ETHAMBUTOL	CHEBI:4877	AEUTYOVWOVBAKS-UWVGGRQHSA-N				81	81		PHE2019	solid media	LJ	resistance ratio	WHO		R	MEDIUM
3.4.0	DST_MEASUREMENTS	dst_measurements:17dd8e4a98b3d771	EMB	ETHAMBUTOL	CHEBI:4877	AEUTYOVWOVBAKS-UWVGGRQHSA-N				2581	2581		PHE2019	solid media	LJ	resistance ratio	WHO		S	MEDIUM
3.4.0	DST_MEASUREMENTS	dst_measurements:e129e856cb3965d9	EMB	ETHAMBUTOL	CHEBI:4877	AEUTYOVWOVBAKS-UWVGGRQHSA-N				1	1		SEQTREAT2020	liquid media	MGIT	BACTEC460	5.0		R	MEDIUM
3.4.0	DST_MEASUREMENTS	dst_measurements:b3c6f2532457885f	EMB	ETHAMBUTOL	CHEBI:4877	AEUTYOVWOVBAKS-UWVGGRQHSA-N				70	70		SEQTREAT2020	liquid media	MGIT	BACTEC460	5.0		S	MEDIUM
3.4.0	DST_MEASUREMENTS	dst_measurements:7a126a1b678b8923	EMB	ETHAMBUTOL	CHEBI:4877	AEUTYOVWOVBAKS-UWVGGRQHSA-N				204	204		SEQTREAT2020	liquid media	MGIT	MGIT960	5.0		R	MEDIUM
3.4.0	DST_MEASUREMENTS	dst_measurements:bdac12beacf3c5f9	EMB	ETHAMBUTOL	CHEBI:4877	AEUTYOVWOVBAKS-UWVGGRQHSA-N				4390	4390		SEQTREAT2020	liquid media	MGIT	MGIT960	5.0		S	MEDIUM
3.4.0	DST_MEASUREMENTS	dst_measurements:dfe0ecb93bec2617	EMB	ETHAMBUTOL	CHEBI:4877	AEUTYOVWOVBAKS-UWVGGRQHSA-N				81	81		SEQTREAT2020	liquid media	MGIT	MGIT960	5.0		U	MEDIUM
3.4.0	DST_MEASUREMENTS	dst_measurements:d40efab3adec5509	EMB	ETHAMBUTOL	CHEBI:4877	AEUTYOVWOVBAKS-UWVGGRQHSA-N				239	239		SEQTREAT2020	liquid media	MGIT	MGIT960	WHO		R	MEDIUM
3.4.0	DST_MEASUREMENTS	dst_measurements:4fdfcad4f99721cb	EMB	ETHAMBUTOL	CHEBI:4877	AEUTYOVWOVBAKS-UWVGGRQHSA-N				472	472		SEQTREAT2020	liquid media	MGIT	MGIT960	WHO		S	MEDIUM
3.4.0	DST_MEASUREMENTS	dst_measurements:f13f298f31b3d70a	EMB	ETHAMBUTOL	CHEBI:4877	AEUTYOVWOVBAKS-UWVGGRQHSA-N				45	45		SEQTREAT2020	liquid media	MGIT	MGIT960	WHO		U	MEDIUM
3.4.0	DST_MEASUREMENTS	dst_measurements:4ae89fef4d892e6a	EMB	ETHAMBUTOL	CHEBI:4877	AEUTYOVWOVBAKS-UWVGGRQHSA-N				827	827		SEQTREAT2020	liquid media	MGIT		WHO		R	MEDIUM
3.4.0	DST_MEASUREMENTS	dst_measurements:ab5209ab86bcddeb	EMB	ETHAMBUTOL	CHEBI:4877	AEUTYOVWOVBAKS-UWVGGRQHSA-N				584	584		SEQTREAT2020	liquid media	MGIT		WHO		S	MEDIUM
3.4.0	DST_MEASUREMENTS	dst_measurements:1607dd3c6aa45f1d	EMB	ETHAMBUTOL	CHEBI:4877	AEUTYOVWOVBAKS-UWVGGRQHSA-N				69	69		SEQTREAT2020	liquid media	MGIT		WHO		U	MEDIUM
3.4.0	DST_MEASUREMENTS	dst_measurements:1e517850974c2a7c	EMB	ETHAMBUTOL	CHEBI:4877	AEUTYOVWOVBAKS-UWVGGRQHSA-N	1.0		mg/L	27	27		SEQTREAT2020	liquid media	microdilution plate	MYCOTB		1.0	S	MEDIUM
3.4.0	DST_MEASUREMENTS	dst_measurements:948c8b49caad6076	EMB	ETHAMBUTOL	CHEBI:4877	AEUTYOVWOVBAKS-UWVGGRQHSA-N	16.0		mg/L	5	5		SEQTREAT2020	liquid media	microdilution plate	MYCOTB		16.0	R	MEDIUM
3.4.0	DST_MEASUREMENTS	dst_measurements:0076a4a6275c0dfe	EMB	ETHAMBUTOL	CHEBI:4877	AEUTYOVWOVBAKS-UWVGGRQHSA-N	2.0		mg/L	18	18		SEQTREAT2020	liquid media	microdilution plate	MYCOTB		2.0	S	MEDIUM
3.4.0	DST_MEASUREMENTS	dst_measurements:1d0a06edf7b71bd7	EMB	ETHAMBUTOL	CHEBI:4877	AEUTYOVWOVBAKS-UWVGGRQHSA-N	32.0		mg/L	2	2		SEQTREAT2020	liquid media	microdilution plate	MYCOTB		32.0	R	MEDIUM
3.4.0	DST_MEASUREMENTS	dst_measurements:948f3f0df3bac8bc	EMB	ETHAMBUTOL	CHEBI:4877	AEUTYOVWOVBAKS-UWVGGRQHSA-N	4.0		mg/L	30	30		SEQTREAT2020	liquid media	microdilution plate	MYCOTB		4.0	S	MEDIUM
3.4.0	DST_MEASUREMENTS	dst_measurements:62c493e5a679c369	EMB	ETHAMBUTOL	CHEBI:4877	AEUTYOVWOVBAKS-UWVGGRQHSA-N	8.0		mg/L	28	28		SEQTREAT2020	liquid media	microdilution plate	MYCOTB		8.0	R	MEDIUM
3.4.0	DST_MEASUREMENTS	dst_measurements:f52540a34f43dd41	EMB	ETHAMBUTOL	CHEBI:4877	AEUTYOVWOVBAKS-UWVGGRQHSA-N	0.5	<=	mg/L	4	4		SEQTREAT2020	liquid media	microdilution plate	MYCOTB		<=0.5	S	MEDIUM
3.4.0	DST_MEASUREMENTS	dst_measurements:8cdc4c52149cac82	EMB	ETHAMBUTOL	CHEBI:4877	AEUTYOVWOVBAKS-UWVGGRQHSA-N	0.12		mg/L	3	3		SEQTREAT2020	liquid media	microdilution plate	UKMYC5		0.12	S	MEDIUM
3.4.0	DST_MEASUREMENTS	dst_measurements:cf66df941e562d9a	EMB	ETHAMBUTOL	CHEBI:4877	AEUTYOVWOVBAKS-UWVGGRQHSA-N	0.25		mg/L	17	17		SEQTREAT2020	liquid media	microdilution plate	UKMYC5		0.25	S	MEDIUM
3.4.0	DST_MEASUREMENTS	dst_measurements:ce592d42786349f1	EMB	ETHAMBUTOL	CHEBI:4877	AEUTYOVWOVBAKS-UWVGGRQHSA-N	0.5		mg/L	51	51		SEQTREAT2020	liquid media	microdilution plate	UKMYC5		0.5	S	MEDIUM
3.4.0	DST_MEASUREMENTS	dst_measurements:b25b0d7842fb4dc3	EMB	ETHAMBUTOL	CHEBI:4877	AEUTYOVWOVBAKS-UWVGGRQHSA-N	1.0		mg/L	103	103		SEQTREAT2020	liquid media	microdilution plate	UKMYC5		1.0	S	MEDIUM
3.4.0	DST_MEASUREMENTS	dst_measurements:32e806e5ae9d3016	EMB	ETHAMBUTOL	CHEBI:4877	AEUTYOVWOVBAKS-UWVGGRQHSA-N	2.0		mg/L	70	70		SEQTREAT2020	liquid media	microdilution plate	UKMYC5		2.0	S	MEDIUM
3.4.0	DST_MEASUREMENTS	dst_measurements:073e649ede4ef146	EMB	ETHAMBUTOL	CHEBI:4877	AEUTYOVWOVBAKS-UWVGGRQHSA-N	4.0		mg/L	13	13		SEQTREAT2020	liquid media	microdilution plate	UKMYC5		4.0	S	MEDIUM
3.4.0	DST_MEASUREMENTS	dst_measurements:ad14f4cd06498923	EMB	ETHAMBUTOL	CHEBI:4877	AEUTYOVWOVBAKS-UWVGGRQHSA-N	8.0		mg/L	1	1		SEQTREAT2020	liquid media	microdilution plate	UKMYC5		8.0	R	MEDIUM
3.4.0	DST_MEASUREMENTS	dst_measurements:59604ff0e6a688ac	EMB	ETHAMBUTOL	CHEBI:4877	AEUTYOVWOVBAKS-UWVGGRQHSA-N	8	>	mg/L	3	3		SEQTREAT2020	liquid media	microdilution plate	UKMYC5		>8	R	MEDIUM
3.4.0	DST_MEASUREMENTS	dst_measurements:a43d086a94762a44	EMB	ETHAMBUTOL	CHEBI:4877	AEUTYOVWOVBAKS-UWVGGRQHSA-N				9	9		SEQTREAT2020	not specified					R	MEDIUM
3.4.0	DST_MEASUREMENTS	dst_measurements:f4a91bc6b6cb67aa	EMB	ETHAMBUTOL	CHEBI:4877	AEUTYOVWOVBAKS-UWVGGRQHSA-N				508	508		SEQTREAT2020	not specified					S	MEDIUM
3.4.0	DST_MEASUREMENTS	dst_measurements:67ac98993a9a150a	EMB	ETHAMBUTOL	CHEBI:4877	AEUTYOVWOVBAKS-UWVGGRQHSA-N				506	506		SEQTREAT2020	not specified					U	MEDIUM
3.4.0	DST_MEASUREMENTS	dst_measurements:11f6acff914dfcc1	EMB	ETHAMBUTOL	CHEBI:4877	AEUTYOVWOVBAKS-UWVGGRQHSA-N				69	69		SEQTREAT2020	solid media	LJ		2.0		R	MEDIUM
3.4.0	DST_MEASUREMENTS	dst_measurements:a6883648728249f6	EMB	ETHAMBUTOL	CHEBI:4877	AEUTYOVWOVBAKS-UWVGGRQHSA-N				97	97		SEQTREAT2020	solid media	LJ		2.0		S	MEDIUM
3.4.0	DST_MEASUREMENTS	dst_measurements:59a1f9586d6a2498	EMB	ETHAMBUTOL	CHEBI:4877	AEUTYOVWOVBAKS-UWVGGRQHSA-N				21	21		SEQTREAT2020	solid media	LJ		2.0		U	MEDIUM
3.4.0	DST_MEASUREMENTS	dst_measurements:8d17699817d617fe	EMB	ETHAMBUTOL	CHEBI:4877	AEUTYOVWOVBAKS-UWVGGRQHSA-N				99	99		SEQTREAT2020	solid media	LJ		WHO		R	MEDIUM
3.4.0	DST_MEASUREMENTS	dst_measurements:f0be6a5d43b81a48	EMB	ETHAMBUTOL	CHEBI:4877	AEUTYOVWOVBAKS-UWVGGRQHSA-N				78	78		SEQTREAT2020	solid media	LJ		WHO		S	MEDIUM
3.4.0	DST_MEASUREMENTS	dst_measurements:78902dc735938638	EMB	ETHAMBUTOL	CHEBI:4877	AEUTYOVWOVBAKS-UWVGGRQHSA-N				1	1		SEQTREAT2020	solid media	LJ		WHO		U	MEDIUM
3.4.0	DST_MEASUREMENTS	dst_measurements:292816f592e4aab5	EMB	ETHAMBUTOL	CHEBI:4877	AEUTYOVWOVBAKS-UWVGGRQHSA-N				133	133		SEQTREAT2020	solid media	middlebrook	7H10	5.0		R	MEDIUM
3.4.0	DST_MEASUREMENTS	dst_measurements:a3f4cbdc836b25b2	EMB	ETHAMBUTOL	CHEBI:4877	AEUTYOVWOVBAKS-UWVGGRQHSA-N				123	123		SEQTREAT2020	solid media	middlebrook	7H10	5.0		S	MEDIUM
3.4.0	DST_MEASUREMENTS	dst_measurements:e36105fbb3d010bc	EMB	ETHAMBUTOL	CHEBI:4877	AEUTYOVWOVBAKS-UWVGGRQHSA-N				8	8		SEQTREAT2020	solid media	middlebrook		10.0		R	MEDIUM
3.4.0	DST_MEASUREMENTS	dst_measurements:3a1cb42d53cd29db	EMB	ETHAMBUTOL	CHEBI:4877	AEUTYOVWOVBAKS-UWVGGRQHSA-N				72	72		SEQTREAT2020	solid media	middlebrook		10.0		S	MEDIUM
3.4.0	DST_MEASUREMENTS	dst_measurements:81a861648259f8e0	EMB	ETHAMBUTOL	CHEBI:4877	AEUTYOVWOVBAKS-UWVGGRQHSA-N				8	8		SEQTREAT2020	solid media	middlebrook		10.0		U	MEDIUM
3.4.0	DST_MEASUREMENTS	dst_measurements:0c40d670073a0323	EMB	ETHAMBUTOL	CHEBI:4877	AEUTYOVWOVBAKS-UWVGGRQHSA-N				18	18		SEQTREAT2020	solid media	middlebrook		5.0		R	MEDIUM
3.4.0	DST_MEASUREMENTS	dst_measurements:68ec00e7eccfb44b	EMB	ETHAMBUTOL	CHEBI:4877	AEUTYOVWOVBAKS-UWVGGRQHSA-N				62	62		SEQTREAT2020	solid media	middlebrook		5.0		S	MEDIUM
3.4.0	DST_MEASUREMENTS	dst_measurements:aef31f6f9c483492	EMB	ETHAMBUTOL	CHEBI:4877	AEUTYOVWOVBAKS-UWVGGRQHSA-N				8	8		SEQTREAT2020	solid media	middlebrook		5.0		U	MEDIUM
3.4.0	DST_MEASUREMENTS	dst_measurements:69f09d3b4579c259	EMB	ETHAMBUTOL	CHEBI:4877	AEUTYOVWOVBAKS-UWVGGRQHSA-N				4	4		SEQTREAT2020	solid media	middlebrook		UK		R	MEDIUM
3.4.0	DST_MEASUREMENTS	dst_measurements:287201d34b526150	EMB	ETHAMBUTOL	CHEBI:4877	AEUTYOVWOVBAKS-UWVGGRQHSA-N				75	75		SEQTREAT2020	solid media	middlebrook		UK		S	MEDIUM
3.4.0	DST_MEASUREMENTS	dst_measurements:66259b4a9704bd94	EMB	ETHAMBUTOL	CHEBI:4877	AEUTYOVWOVBAKS-UWVGGRQHSA-N				365	365		SEQTREAT2020	solid media	middlebrook		UK		U	MEDIUM
3.4.0	DST_MEASUREMENTS	dst_measurements:49cfd6f92e13d930	EMB	ETHAMBUTOL	CHEBI:4877	AEUTYOVWOVBAKS-UWVGGRQHSA-N				57	57		WHO2019	liquid media	MGIT	MGIT960	WHO		R	MEDIUM
3.4.0	DST_MEASUREMENTS	dst_measurements:72088313807087ce	EMB	ETHAMBUTOL	CHEBI:4877	AEUTYOVWOVBAKS-UWVGGRQHSA-N				117	117		WHO2019	liquid media	MGIT	MGIT960	WHO		S	MEDIUM
3.4.0	DST_MEASUREMENTS	dst_measurements:5d6d2a63f05e10ee	EMB	ETHAMBUTOL	CHEBI:4877	AEUTYOVWOVBAKS-UWVGGRQHSA-N				304	304		WHO2019	solid media	LJ		WHO		R	MEDIUM
3.4.0	DST_MEASUREMENTS	dst_measurements:43bc32fed02143ff	EMB	ETHAMBUTOL	CHEBI:4877	AEUTYOVWOVBAKS-UWVGGRQHSA-N				1764	1764		WHO2019	solid media	LJ		WHO		S	MEDIUM
3.4.0	DST_MEASUREMENTS	dst_measurements:aa635b2f3e5e1212	ETH	ETHIONAMIDE	CHEBI:4885	AEOCXXJPGCBFJA-UHFFFAOYSA-N				1382	1382		CLIRES2020	liquid media	MGIT	MGIT960			R	MEDIUM
3.4.0	DST_MEASUREMENTS	dst_measurements:3060bdd545186ca3	ETH	ETHIONAMIDE	CHEBI:4885	AEOCXXJPGCBFJA-UHFFFAOYSA-N				2935	2935		CLIRES2020	liquid media	MGIT	MGIT960			S	MEDIUM
3.4.0	DST_MEASUREMENTS	dst_measurements:3a58c5bd1a953519	ETH	ETHIONAMIDE	CHEBI:4885	AEOCXXJPGCBFJA-UHFFFAOYSA-N				1	1		CLIRES2020	liquid media	microdilution plate	MODS			S	MEDIUM
3.4.0	DST_MEASUREMENTS	dst_measurements:92c05e7d24fd97e1	ETH	ETHIONAMIDE	CHEBI:4885	AEOCXXJPGCBFJA-UHFFFAOYSA-N				8	8		CLIRES2020	not specified					S	MEDIUM
3.4.0	DST_MEASUREMENTS	dst_measurements:358e711ed5411698	ETH	ETHIONAMIDE	CHEBI:4885	AEOCXXJPGCBFJA-UHFFFAOYSA-N				4	4		CLIRES2020	solid media					I	MEDIUM
3.4.0	DST_MEASUREMENTS	dst_measurements:8fd6fa9877dbdf68	ETH	ETHIONAMIDE	CHEBI:4885	AEOCXXJPGCBFJA-UHFFFAOYSA-N				362	362		CLIRES2020	solid media					R	MEDIUM
3.4.0	DST_MEASUREMENTS	dst_measurements:76421ac5c4ac30bd	ETH	ETHIONAMIDE	CHEBI:4885	AEOCXXJPGCBFJA-UHFFFAOYSA-N				804	804		CLIRES2020	solid media					S	MEDIUM
3.4.0	DST_MEASUREMENTS	dst_measurements:637b0a67fae71b1c	ETH	ETHIONAMIDE	CHEBI:4885	AEOCXXJPGCBFJA-UHFFFAOYSA-N				1	1		CLIRES2023	liquid media	MGIT	MGIT960			I	MEDIUM
3.4.0	DST_MEASUREMENTS	dst_measurements:270bb362c2fe8714	ETH	ETHIONAMIDE	CHEBI:4885	AEOCXXJPGCBFJA-UHFFFAOYSA-N				264	264		CLIRES2023	liquid media	MGIT	MGIT960			R	MEDIUM
3.4.0	DST_MEASUREMENTS	dst_measurements:85539049b3a90a59	ETH	ETHIONAMIDE	CHEBI:4885	AEOCXXJPGCBFJA-UHFFFAOYSA-N				650	650		CLIRES2023	liquid media	MGIT	MGIT960			S	MEDIUM
3.4.0	DST_MEASUREMENTS	dst_measurements:a4125fc842f79ef7	ETH	ETHIONAMIDE	CHEBI:4885	AEOCXXJPGCBFJA-UHFFFAOYSA-N				1	1		CLIRES2023	not specified					S	MEDIUM
3.4.0	DST_MEASUREMENTS	dst_measurements:0c2bb8204eb3c125	ETH	ETHIONAMIDE	CHEBI:4885	AEOCXXJPGCBFJA-UHFFFAOYSA-N				1	1		CLIRES2023	solid media					I	MEDIUM
3.4.0	DST_MEASUREMENTS	dst_measurements:61e32deea7a6e613	ETH	ETHIONAMIDE	CHEBI:4885	AEOCXXJPGCBFJA-UHFFFAOYSA-N				211	211		CLIRES2023	solid media					R	MEDIUM
3.4.0	DST_MEASUREMENTS	dst_measurements:3ce62fe5bfcc385d	ETH	ETHIONAMIDE	CHEBI:4885	AEOCXXJPGCBFJA-UHFFFAOYSA-N				644	644		CLIRES2023	solid media					S	MEDIUM
3.4.0	DST_MEASUREMENTS	dst_measurements:06240149591e58e9	ETH	ETHIONAMIDE	CHEBI:4885	AEOCXXJPGCBFJA-UHFFFAOYSA-N	0.5		mg/L	833	833		CRyPTIC	liquid media	microdilution plate	UKMYC5	4.0	0.5	S	HIGH
3.4.0	DST_MEASUREMENTS	dst_measurements:3a2e7fdd8380c80c	ETH	ETHIONAMIDE	CHEBI:4885	AEOCXXJPGCBFJA-UHFFFAOYSA-N	0.5		mg/L	69	69		CRyPTIC	liquid media	microdilution plate	UKMYC5	4.0	0.5	S	LOW
3.4.0	DST_MEASUREMENTS	dst_measurements:5f4a9d0c446479a8	ETH	ETHIONAMIDE	CHEBI:4885	AEOCXXJPGCBFJA-UHFFFAOYSA-N	0.5		mg/L	170	170		CRyPTIC	liquid media	microdilution plate	UKMYC5	4.0	0.5	S	MEDIUM
3.4.0	DST_MEASUREMENTS	dst_measurements:f05cb7107dabedda	ETH	ETHIONAMIDE	CHEBI:4885	AEOCXXJPGCBFJA-UHFFFAOYSA-N	1.0		mg/L	2103	2103		CRyPTIC	liquid media	microdilution plate	UKMYC5	4.0	1.0	S	HIGH
3.4.0	DST_MEASUREMENTS	dst_measurements:261bbf9a63361891	ETH	ETHIONAMIDE	CHEBI:4885	AEOCXXJPGCBFJA-UHFFFAOYSA-N	1.0		mg/L	126	126		CRyPTIC	liquid media	microdilution plate	UKMYC5	4.0	1.0	S	LOW
3.4.0	DST_MEASUREMENTS	dst_measurements:a79ad9377adeb6f4	ETH	ETHIONAMIDE	CHEBI:4885	AEOCXXJPGCBFJA-UHFFFAOYSA-N	1.0		mg/L	449	449		CRyPTIC	liquid media	microdilution plate	UKMYC5	4.0	1.0	S	MEDIUM
3.4.0	DST_MEASUREMENTS	dst_measurements:d080769a5d445b8a	ETH	ETHIONAMIDE	CHEBI:4885	AEOCXXJPGCBFJA-UHFFFAOYSA-N	2.0		mg/L	1224	1224		CRyPTIC	liquid media	microdilution plate	UKMYC5	4.0	2.0	S	HIGH
3.4.0	DST_MEASUREMENTS	dst_measurements:cc7ad79bb5fc4242	ETH	ETHIONAMIDE	CHEBI:4885	AEOCXXJPGCBFJA-UHFFFAOYSA-N	2.0		mg/L	63	63		CRyPTIC	liquid media	microdilution plate	UKMYC5	4.0	2.0	S	LOW
3.4.0	DST_MEASUREMENTS	dst_measurements:19f4f9d8048e3b62	ETH	ETHIONAMIDE	CHEBI:4885	AEOCXXJPGCBFJA-UHFFFAOYSA-N	2.0		mg/L	210	210		CRyPTIC	liquid media	microdilution plate	UKMYC5	4.0	2.0	S	MEDIUM
3.4.0	DST_MEASUREMENTS	dst_measurements:5a2cf672f3028443	ETH	ETHIONAMIDE	CHEBI:4885	AEOCXXJPGCBFJA-UHFFFAOYSA-N	4.0		mg/L	428	428		CRyPTIC	liquid media	microdilution plate	UKMYC5	4.0	4.0	S	HIGH
3.4.0	DST_MEASUREMENTS	dst_measurements:cf0a8794266cab05	ETH	ETHIONAMIDE	CHEBI:4885	AEOCXXJPGCBFJA-UHFFFAOYSA-N	4.0		mg/L	43	43		CRyPTIC	liquid media	microdilution plate	UKMYC5	4.0	4.0	S	LOW
3.4.0	DST_MEASUREMENTS	dst_measurements:ec791929a92b45b4	ETH	ETHIONAMIDE	CHEBI:4885	AEOCXXJPGCBFJA-UHFFFAOYSA-N	4.0		mg/L	81	81		CRyPTIC	liquid media	microdilution plate	UKMYC5	4.0	4.0	S	MEDIUM
3.4.0	DST_MEASUREMENTS	dst_measurements:9c524806041a14a0	ETH	ETHIONAMIDE	CHEBI:4885	AEOCXXJPGCBFJA-UHFFFAOYSA-N	8.0		mg/L	237	237		CRyPTIC	liquid media	microdilution plate	UKMYC5	4.0	8.0	R	HIGH
3.4.0	DST_MEASUREMENTS	dst_measurements:f0b543022ee792b5	ETH	ETHIONAMIDE	CHEBI:4885	AEOCXXJPGCBFJA-UHFFFAOYSA-N	8.0		mg/L	26	26		CRyPTIC	liquid media	microdilution plate	UKMYC5	4.0	8.0	R	LOW
3.4.0	DST_MEASUREMENTS	dst_measurements:643c81e5df565f4d	ETH	ETHIONAMIDE	CHEBI:4885	AEOCXXJPGCBFJA-UHFFFAOYSA-N	8.0		mg/L	60	60		CRyPTIC	liquid media	microdilution plate	UKMYC5	4.0	8.0	R	MEDIUM
3.4.0	DST_MEASUREMENTS	dst_measurements:a5c82703d5ecf79d	ETH	ETHIONAMIDE	CHEBI:4885	AEOCXXJPGCBFJA-UHFFFAOYSA-N	0.25	<=	mg/L	80	80		CRyPTIC	liquid media	microdilution plate	UKMYC5	4.0	<=0.25	S	HIGH
3.4.0	DST_MEASUREMENTS	dst_measurements:f05f8db4cf2d2423	ETH	ETHIONAMIDE	CHEBI:4885	AEOCXXJPGCBFJA-UHFFFAOYSA-N	0.25	<=	mg/L	25	25		CRyPTIC	liquid media	microdilution plate	UKMYC5	4.0	<=0.25	S	LOW
3.4.0	DST_MEASUREMENTS	dst_measurements:2a54e76b5fd49935	ETH	ETHIONAMIDE	CHEBI:4885	AEOCXXJPGCBFJA-UHFFFAOYSA-N	0.25	<=	mg/L	21	21		CRyPTIC	liquid media	microdilution plate	UKMYC5	4.0	<=0.25	S	MEDIUM
3.4.0	DST_MEASUREMENTS	dst_measurements:993f2b6c3a21439a	ETH	ETHIONAMIDE	CHEBI:4885	AEOCXXJPGCBFJA-UHFFFAOYSA-N	8	>	mg/L	538	538		CRyPTIC	liquid media	microdilution plate	UKMYC5	4.0	>8	R	HIGH
3.4.0	DST_MEASUREMENTS	dst_measurements:c4df83379e204734	ETH	ETHIONAMIDE	CHEBI:4885	AEOCXXJPGCBFJA-UHFFFAOYSA-N	8	>	mg/L	2	2		CRyPTIC	liquid media	microdilution plate	UKMYC5	4.0	>8	R	LOW
3.4.0	DST_MEASUREMENTS	dst_measurements:f5629cb028ce0b8a	ETH	ETHIONAMIDE	CHEBI:4885	AEOCXXJPGCBFJA-UHFFFAOYSA-N	8	>	mg/L	85	85		CRyPTIC	liquid media	microdilution plate	UKMYC5	4.0	>8	R	MEDIUM
3.4.0	DST_MEASUREMENTS	dst_measurements:f5035bc141566d5d	ETH	ETHIONAMIDE	CHEBI:4885	AEOCXXJPGCBFJA-UHFFFAOYSA-N				55	55		CRyPTIC	liquid media	microdilution plate	UKMYC5	4.0			HIGH
3.4.0	DST_MEASUREMENTS	dst_measurements:3561dd52b1162429	ETH	ETHIONAMIDE	CHEBI:4885	AEOCXXJPGCBFJA-UHFFFAOYSA-N				4	4		CRyPTIC	liquid media	microdilution plate	UKMYC5	4.0			LOW
3.4.0	DST_MEASUREMENTS	dst_measurements:33ccb3658a38ad46	ETH	ETHIONAMIDE	CHEBI:4885	AEOCXXJPGCBFJA-UHFFFAOYSA-N				105	105		CRyPTIC	liquid media	microdilution plate	UKMYC5	4.0			MEDIUM
3.4.0	DST_MEASUREMENTS	dst_measurements:49a74f97acec39e5	ETH	ETHIONAMIDE	CHEBI:4885	AEOCXXJPGCBFJA-UHFFFAOYSA-N	0.5		mg/L	1922	1922		CRyPTIC	liquid media	microdilution plate	UKMYC6	4.0	0.5	S	HIGH
3.4.0	DST_MEASUREMENTS	dst_measurements:4505aa2c9d79e0fa	ETH	ETHIONAMIDE	CHEBI:4885	AEOCXXJPGCBFJA-UHFFFAOYSA-N	0.5		mg/L	326	326		CRyPTIC	liquid media	microdilution plate	UKMYC6	4.0	0.5	S	LOW
3.4.0	DST_MEASUREMENTS	dst_measurements:61677e485c0a3923	ETH	ETHIONAMIDE	CHEBI:4885	AEOCXXJPGCBFJA-UHFFFAOYSA-N	0.5		mg/L	172	172		CRyPTIC	liquid media	microdilution plate	UKMYC6	4.0	0.5	S	MEDIUM
3.4.0	DST_MEASUREMENTS	dst_measurements:8da58a0678d0fb4d	ETH	ETHIONAMIDE	CHEBI:4885	AEOCXXJPGCBFJA-UHFFFAOYSA-N	1.0		mg/L	4489	4489		CRyPTIC	liquid media	microdilution plate	UKMYC6	4.0	1.0	S	HIGH
3.4.0	DST_MEASUREMENTS	dst_measurements:099390c9ea264f00	ETH	ETHIONAMIDE	CHEBI:4885	AEOCXXJPGCBFJA-UHFFFAOYSA-N	1.0		mg/L	454	454		CRyPTIC	liquid media	microdilution plate	UKMYC6	4.0	1.0	S	LOW
3.4.0	DST_MEASUREMENTS	dst_measurements:3bed8c0cfa8c6a65	ETH	ETHIONAMIDE	CHEBI:4885	AEOCXXJPGCBFJA-UHFFFAOYSA-N	1.0		mg/L	304	304		CRyPTIC	liquid media	microdilution plate	UKMYC6	4.0	1.0	S	MEDIUM
3.4.0	DST_MEASUREMENTS	dst_measurements:04223bf432c993fa	ETH	ETHIONAMIDE	CHEBI:4885	AEOCXXJPGCBFJA-UHFFFAOYSA-N	2.0		mg/L	3089	3089		CRyPTIC	liquid media	microdilution plate	UKMYC6	4.0	2.0	S	HIGH
3.4.0	DST_MEASUREMENTS	dst_measurements:8f50b18ae53629c3	ETH	ETHIONAMIDE	CHEBI:4885	AEOCXXJPGCBFJA-UHFFFAOYSA-N	2.0		mg/L	283	283		CRyPTIC	liquid media	microdilution plate	UKMYC6	4.0	2.0	S	LOW
3.4.0	DST_MEASUREMENTS	dst_measurements:d2e1d908c31e4e6e	ETH	ETHIONAMIDE	CHEBI:4885	AEOCXXJPGCBFJA-UHFFFAOYSA-N	2.0		mg/L	231	231		CRyPTIC	liquid media	microdilution plate	UKMYC6	4.0	2.0	S	MEDIUM
3.4.0	DST_MEASUREMENTS	dst_measurements:1f9473e3a119ebce	ETH	ETHIONAMIDE	CHEBI:4885	AEOCXXJPGCBFJA-UHFFFAOYSA-N	4.0		mg/L	785	785		CRyPTIC	liquid media	microdilution plate	UKMYC6	4.0	4.0	S	HIGH
3.4.0	DST_MEASUREMENTS	dst_measurements:8459cb733b708772	ETH	ETHIONAMIDE	CHEBI:4885	AEOCXXJPGCBFJA-UHFFFAOYSA-N	4.0		mg/L	98	98		CRyPTIC	liquid media	microdilution plate	UKMYC6	4.0	4.0	S	LOW
3.4.0	DST_MEASUREMENTS	dst_measurements:4e2e85edee12549b	ETH	ETHIONAMIDE	CHEBI:4885	AEOCXXJPGCBFJA-UHFFFAOYSA-N	4.0		mg/L	207	207		CRyPTIC	liquid media	microdilution plate	UKMYC6	4.0	4.0	S	MEDIUM
3.4.0	DST_MEASUREMENTS	dst_measurements:73b487422a7ef3dd	ETH	ETHIONAMIDE	CHEBI:4885	AEOCXXJPGCBFJA-UHFFFAOYSA-N	8.0		mg/L	463	463		CRyPTIC	liquid media	microdilution plate	UKMYC6	4.0	8.0	R	HIGH
3.4.0	DST_MEASUREMENTS	dst_measurements:1e43b7b241e6cfe0	ETH	ETHIONAMIDE	CHEBI:4885	AEOCXXJPGCBFJA-UHFFFAOYSA-N	8.0		mg/L	48	48		CRyPTIC	liquid media	microdilution plate	UKMYC6	4.0	8.0	R	LOW
3.4.0	DST_MEASUREMENTS	dst_measurements:36aecee0c1be7e2f	ETH	ETHIONAMIDE	CHEBI:4885	AEOCXXJPGCBFJA-UHFFFAOYSA-N	8.0		mg/L	122	122		CRyPTIC	liquid media	microdilution plate	UKMYC6	4.0	8.0	R	MEDIUM
3.4.0	DST_MEASUREMENTS	dst_measurements:5aea31fd17eb86d8	ETH	ETHIONAMIDE	CHEBI:4885	AEOCXXJPGCBFJA-UHFFFAOYSA-N	0.25	<=	mg/L	277	277		CRyPTIC	liquid media	microdilution plate	UKMYC6	4.0	<=0.25	S	HIGH
3.4.0	DST_MEASUREMENTS	dst_measurements:0b2ef5d3225dc126	ETH	ETHIONAMIDE	CHEBI:4885	AEOCXXJPGCBFJA-UHFFFAOYSA-N	0.25	<=	mg/L	80	80		CRyPTIC	liquid media	microdilution plate	UKMYC6	4.0	<=0.25	S	LOW
3.4.0	DST_MEASUREMENTS	dst_measurements:63d622f662ab08e2	ETH	ETHIONAMIDE	CHEBI:4885	AEOCXXJPGCBFJA-UHFFFAOYSA-N	0.25	<=	mg/L	34	34		CRyPTIC	liquid media	microdilution plate	UKMYC6	4.0	<=0.25	S	MEDIUM
3.4.0	DST_MEASUREMENTS	dst_measurements:93cda73c3ed6b24a	ETH	ETHIONAMIDE	CHEBI:4885	AEOCXXJPGCBFJA-UHFFFAOYSA-N	8	>	mg/L	1008	1008		CRyPTIC	liquid media	microdilution plate	UKMYC6	4.0	>8	R	HIGH
3.4.0	DST_MEASUREMENTS	dst_measurements:d1fec336508fac26	ETH	ETHIONAMIDE	CHEBI:4885	AEOCXXJPGCBFJA-UHFFFAOYSA-N	8	>	mg/L	3	3		CRyPTIC	liquid media	microdilution plate	UKMYC6	4.0	>8	R	LOW
3.4.0	DST_MEASUREMENTS	dst_measurements:06c036d346505f21	ETH	ETHIONAMIDE	CHEBI:4885	AEOCXXJPGCBFJA-UHFFFAOYSA-N	8	>	mg/L	199	199		CRyPTIC	liquid media	microdilution plate	UKMYC6	4.0	>8	R	MEDIUM
3.4.0	DST_MEASUREMENTS	dst_measurements:4de22b6621643929	ETH	ETHIONAMIDE	CHEBI:4885	AEOCXXJPGCBFJA-UHFFFAOYSA-N				20	20		CRyPTIC	liquid media	microdilution plate	UKMYC6	4.0			HIGH
3.4.0	DST_MEASUREMENTS	dst_measurements:39983a736069b65d	ETH	ETHIONAMIDE	CHEBI:4885	AEOCXXJPGCBFJA-UHFFFAOYSA-N				12	12		CRyPTIC	liquid media	microdilution plate	UKMYC6	4.0			LOW
3.4.0	DST_MEASUREMENTS	dst_measurements:23807139e2ab0b21	ETH	ETHIONAMIDE	CHEBI:4885	AEOCXXJPGCBFJA-UHFFFAOYSA-N				18	18		CRyPTIC	liquid media	microdilution plate	UKMYC6	4.0			MEDIUM
3.4.0	DST_MEASUREMENTS	dst_measurements:83c49a7f3d7c8b1f	ETH	ETHIONAMIDE	CHEBI:4885	AEOCXXJPGCBFJA-UHFFFAOYSA-N				12	12		KMMYKROBE2025	not specified					R	MEDIUM
3.4.0	DST_MEASUREMENTS	dst_measurements:e3532fd02b31e300	ETH	ETHIONAMIDE	CHEBI:4885	AEOCXXJPGCBFJA-UHFFFAOYSA-N				55	55		KMMYKROBE2025	not specified					S	MEDIUM
3.4.0	DST_MEASUREMENTS	dst_measurements:ec8aab876e26e754	ETH	ETHIONAMIDE	CHEBI:4885	AEOCXXJPGCBFJA-UHFFFAOYSA-N				419	419		KMVALIDATION2025	not specified					R	MEDIUM
3.4.0	DST_MEASUREMENTS	dst_measurements:f85e517ed3da82db	ETH	ETHIONAMIDE	CHEBI:4885	AEOCXXJPGCBFJA-UHFFFAOYSA-N				1061	1061		KMVALIDATION2025	not specified					S	MEDIUM
3.4.0	DST_MEASUREMENTS	dst_measurements:703fc5fbedbe6e34	ETH	ETHIONAMIDE	CHEBI:4885	AEOCXXJPGCBFJA-UHFFFAOYSA-N				464	464		MUMBAI2018	liquid media	MGIT	MGIT960			R	MEDIUM
3.4.0	DST_MEASUREMENTS	dst_measurements:c36b69f5e5763741	ETH	ETHIONAMIDE	CHEBI:4885	AEOCXXJPGCBFJA-UHFFFAOYSA-N				891	891		MUMBAI2018	liquid media	MGIT	MGIT960			S	MEDIUM
3.4.0	DST_MEASUREMENTS	dst_measurements:0ea7082585b1aee9	ETH	ETHIONAMIDE	CHEBI:4885	AEOCXXJPGCBFJA-UHFFFAOYSA-N				12	12		PHE2019	liquid media	MGIT	MGIT960	WHO		R	MEDIUM
3.4.0	DST_MEASUREMENTS	dst_measurements:8c1284efb6d288c7	ETH	ETHIONAMIDE	CHEBI:4885	AEOCXXJPGCBFJA-UHFFFAOYSA-N				11	11		PHE2019	liquid media	MGIT	MGIT960	WHO		S	MEDIUM
3.4.0	DST_MEASUREMENTS	dst_measurements:f753d67d0d6f36ee	ETH	ETHIONAMIDE	CHEBI:4885	AEOCXXJPGCBFJA-UHFFFAOYSA-N				4	4		SEQTREAT2020	liquid media	MGIT	BACTEC460	2.5		R	MEDIUM
3.4.0	DST_MEASUREMENTS	dst_measurements:cca5bfdef7aafde7	ETH	ETHIONAMIDE	CHEBI:4885	AEOCXXJPGCBFJA-UHFFFAOYSA-N				13	13		SEQTREAT2020	liquid media	MGIT	BACTEC460	2.5		S	MEDIUM
3.4.0	DST_MEASUREMENTS	dst_measurements:706d5a2ee074b3bf	ETH	ETHIONAMIDE	CHEBI:4885	AEOCXXJPGCBFJA-UHFFFAOYSA-N				37	37		SEQTREAT2020	liquid media	MGIT	MGIT960	5.0		R	MEDIUM
3.4.0	DST_MEASUREMENTS	dst_measurements:af7a4869a23e25c4	ETH	ETHIONAMIDE	CHEBI:4885	AEOCXXJPGCBFJA-UHFFFAOYSA-N				85	85		SEQTREAT2020	liquid media	MGIT	MGIT960	5.0		S	MEDIUM
3.4.0	DST_MEASUREMENTS	dst_measurements:b4885610b9805bab	ETH	ETHIONAMIDE	CHEBI:4885	AEOCXXJPGCBFJA-UHFFFAOYSA-N				9	9		SEQTREAT2020	liquid media	microdilution plate	MYCOTB	5.0		R	MEDIUM
3.4.0	DST_MEASUREMENTS	dst_measurements:ede09a9cf53b8d0b	ETH	ETHIONAMIDE	CHEBI:4885	AEOCXXJPGCBFJA-UHFFFAOYSA-N				25	25		SEQTREAT2020	liquid media	microdilution plate	MYCOTB	5.0		S	MEDIUM
3.4.0	DST_MEASUREMENTS	dst_measurements:85480680040ea766	ETH	ETHIONAMIDE	CHEBI:4885	AEOCXXJPGCBFJA-UHFFFAOYSA-N				430	430		SEQTREAT2020	liquid media	microdilution plate	MYCOTB	5.0		U	MEDIUM
3.4.0	DST_MEASUREMENTS	dst_measurements:69c842e2f0dfe46e	ETH	ETHIONAMIDE	CHEBI:4885	AEOCXXJPGCBFJA-UHFFFAOYSA-N	0.6		mg/L	24	24		SEQTREAT2020	liquid media	microdilution plate	MYCOTB		0.6	S	MEDIUM
3.4.0	DST_MEASUREMENTS	dst_measurements:c8e220451077c1a6	ETH	ETHIONAMIDE	CHEBI:4885	AEOCXXJPGCBFJA-UHFFFAOYSA-N	1.2		mg/L	38	38		SEQTREAT2020	liquid media	microdilution plate	MYCOTB		1.2	S	MEDIUM
3.4.0	DST_MEASUREMENTS	dst_measurements:130c18395c531327	ETH	ETHIONAMIDE	CHEBI:4885	AEOCXXJPGCBFJA-UHFFFAOYSA-N	10.0		mg/L	7	7		SEQTREAT2020	liquid media	microdilution plate	MYCOTB		10.0	R	MEDIUM
3.4.0	DST_MEASUREMENTS	dst_measurements:fa742f0b4e0bbe61	ETH	ETHIONAMIDE	CHEBI:4885	AEOCXXJPGCBFJA-UHFFFAOYSA-N	2.5		mg/L	24	24		SEQTREAT2020	liquid media	microdilution plate	MYCOTB		2.5	S	MEDIUM
3.4.0	DST_MEASUREMENTS	dst_measurements:b96f038f55dd4740	ETH	ETHIONAMIDE	CHEBI:4885	AEOCXXJPGCBFJA-UHFFFAOYSA-N	20.0		mg/L	2	2		SEQTREAT2020	liquid media	microdilution plate	MYCOTB		20.0	R	MEDIUM
3.4.0	DST_MEASUREMENTS	dst_measurements:3de50be4bd68d9cf	ETH	ETHIONAMIDE	CHEBI:4885	AEOCXXJPGCBFJA-UHFFFAOYSA-N	40.0		mg/L	1	1		SEQTREAT2020	liquid media	microdilution plate	MYCOTB		40.0	R	MEDIUM
3.4.0	DST_MEASUREMENTS	dst_measurements:430f51e52b5e8f25	ETH	ETHIONAMIDE	CHEBI:4885	AEOCXXJPGCBFJA-UHFFFAOYSA-N	5.0		mg/L	12	12		SEQTREAT2020	liquid media	microdilution plate	MYCOTB		5.0	R	MEDIUM
3.4.0	DST_MEASUREMENTS	dst_measurements:847282e540cdc436	ETH	ETHIONAMIDE	CHEBI:4885	AEOCXXJPGCBFJA-UHFFFAOYSA-N	0.3	<=	mg/L	3	3		SEQTREAT2020	liquid media	microdilution plate	MYCOTB		<=0.3	S	MEDIUM
3.4.0	DST_MEASUREMENTS	dst_measurements:7c563b0d687be53b	ETH	ETHIONAMIDE	CHEBI:4885	AEOCXXJPGCBFJA-UHFFFAOYSA-N	40	>	mg/L	5	5		SEQTREAT2020	liquid media	microdilution plate	MYCOTB		>40	R	MEDIUM
3.4.0	DST_MEASUREMENTS	dst_measurements:d6fd81d66790b1fd	ETH	ETHIONAMIDE	CHEBI:4885	AEOCXXJPGCBFJA-UHFFFAOYSA-N	0.5		mg/L	50	50		SEQTREAT2020	liquid media	microdilution plate	UKMYC5		0.5	S	MEDIUM
3.4.0	DST_MEASUREMENTS	dst_measurements:922cb6ea5f49338e	ETH	ETHIONAMIDE	CHEBI:4885	AEOCXXJPGCBFJA-UHFFFAOYSA-N	1.0		mg/L	79	79		SEQTREAT2020	liquid media	microdilution plate	UKMYC5		1.0	S	MEDIUM
3.4.0	DST_MEASUREMENTS	dst_measurements:1bdedc5407948d30	ETH	ETHIONAMIDE	CHEBI:4885	AEOCXXJPGCBFJA-UHFFFAOYSA-N	2.0		mg/L	54	54		SEQTREAT2020	liquid media	microdilution plate	UKMYC5		2.0	S	MEDIUM
3.4.0	DST_MEASUREMENTS	dst_measurements:3d09b54bd4ac09fc	ETH	ETHIONAMIDE	CHEBI:4885	AEOCXXJPGCBFJA-UHFFFAOYSA-N	4.0		mg/L	46	46		SEQTREAT2020	liquid media	microdilution plate	UKMYC5		4.0	S	MEDIUM
3.4.0	DST_MEASUREMENTS	dst_measurements:886bd4b320e9485c	ETH	ETHIONAMIDE	CHEBI:4885	AEOCXXJPGCBFJA-UHFFFAOYSA-N	8.0		mg/L	13	13		SEQTREAT2020	liquid media	microdilution plate	UKMYC5		8.0	R	MEDIUM
3.4.0	DST_MEASUREMENTS	dst_measurements:f2ec7ad8b0f03ae4	ETH	ETHIONAMIDE	CHEBI:4885	AEOCXXJPGCBFJA-UHFFFAOYSA-N	0.25	<=	mg/L	12	12		SEQTREAT2020	liquid media	microdilution plate	UKMYC5		<=0.25	S	MEDIUM
3.4.0	DST_MEASUREMENTS	dst_measurements:100fc58f2db01864	ETH	ETHIONAMIDE	CHEBI:4885	AEOCXXJPGCBFJA-UHFFFAOYSA-N	8	>	mg/L	9	9		SEQTREAT2020	liquid media	microdilution plate	UKMYC5		>8	R	MEDIUM
3.4.0	DST_MEASUREMENTS	dst_measurements:e0e605b683dbf032	ETH	ETHIONAMIDE	CHEBI:4885	AEOCXXJPGCBFJA-UHFFFAOYSA-N				20	20		SEQTREAT2020	liquid media	microdilution plate	UKMYC5			U	MEDIUM
3.4.0	DST_MEASUREMENTS	dst_measurements:c121d587e5ff1a08	ETH	ETHIONAMIDE	CHEBI:4885	AEOCXXJPGCBFJA-UHFFFAOYSA-N				25	25		SEQTREAT2020	solid media	middlebrook	7H10	5.0		R	MEDIUM
3.4.0	DST_MEASUREMENTS	dst_measurements:4fbe77e8dcda7f2c	ETH	ETHIONAMIDE	CHEBI:4885	AEOCXXJPGCBFJA-UHFFFAOYSA-N				38	38		SEQTREAT2020	solid media	middlebrook	7H10	5.0		S	MEDIUM
3.4.0	DST_MEASUREMENTS	dst_measurements:6b630072e7f05283	ETH	ETHIONAMIDE	CHEBI:4885	AEOCXXJPGCBFJA-UHFFFAOYSA-N				5	5		SEQTREAT2020	solid media	middlebrook		10		R	MEDIUM
3.4.0	DST_MEASUREMENTS	dst_measurements:6ad4d8f4632363d1	ETH	ETHIONAMIDE	CHEBI:4885	AEOCXXJPGCBFJA-UHFFFAOYSA-N				267	267		SEQTREAT2020	solid media	middlebrook		10		S	MEDIUM
3.4.0	DST_MEASUREMENTS	dst_measurements:6d3e2142048dac6d	ETH	ETHIONAMIDE	CHEBI:4885	AEOCXXJPGCBFJA-UHFFFAOYSA-N				172	172		SEQTREAT2020	solid media	middlebrook		10		U	MEDIUM
3.4.0	DST_MEASUREMENTS	dst_measurements:95e521dba9ddf3c4	ETH	ETHIONAMIDE	CHEBI:4885	AEOCXXJPGCBFJA-UHFFFAOYSA-N				42	42		SEQTREAT2020	solid media	middlebrook		5.0		R	MEDIUM
3.4.0	DST_MEASUREMENTS	dst_measurements:02a0b21530ea9fa9	ETH	ETHIONAMIDE	CHEBI:4885	AEOCXXJPGCBFJA-UHFFFAOYSA-N				77	77		SEQTREAT2020	solid media	middlebrook		5.0		S	MEDIUM
3.4.0	DST_MEASUREMENTS	dst_measurements:e3d56f8f5fa2047f	ETH	ETHIONAMIDE	CHEBI:4885	AEOCXXJPGCBFJA-UHFFFAOYSA-N				10	10		SEQTREAT2020	solid media	middlebrook		5.0		U	MEDIUM
3.4.0	DST_MEASUREMENTS	dst_measurements:447fda76072c1a14	GFX	GATIFLOXACIN	CHEBI:5280	XUBOMFCQGDBHNK-UHFFFAOYSA-N				1	1		CLIRES2020	liquid media	MGIT	MGIT960			R	MEDIUM
3.4.0	DST_MEASUREMENTS	dst_measurements:d49fa8e9b6577913	GFX	GATIFLOXACIN	CHEBI:5280	XUBOMFCQGDBHNK-UHFFFAOYSA-N				3	3		CLIRES2020	liquid media	MGIT	MGIT960			S	MEDIUM
3.4.0	DST_MEASUREMENTS	dst_measurements:d5d2cc62a132fefe	GFX	GATIFLOXACIN	CHEBI:5280	XUBOMFCQGDBHNK-UHFFFAOYSA-N				1	1		CLIRES2023	liquid media	MGIT	MGIT960			S	MEDIUM
3.4.0	DST_MEASUREMENTS	dst_measurements:17481243e52fa112	GFX	GATIFLOXACIN	CHEBI:5280	XUBOMFCQGDBHNK-UHFFFAOYSA-N				3	3		KMVALIDATION2025	not specified					R	MEDIUM
3.4.0	DST_MEASUREMENTS	dst_measurements:bfd1e18ea94d24de	GFX	GATIFLOXACIN	CHEBI:5280	XUBOMFCQGDBHNK-UHFFFAOYSA-N				44	44		KMVALIDATION2025	not specified					S	MEDIUM
3.4.0	DST_MEASUREMENTS	dst_measurements:a66b6d4182b2add9	GFX	GATIFLOXACIN	CHEBI:5280	XUBOMFCQGDBHNK-UHFFFAOYSA-N				9	9		SEQTREAT2020	solid media	middlebrook	7H10	2.0		R	MEDIUM
3.4.0	DST_MEASUREMENTS	dst_measurements:a60d04a20f7be5f0	GFX	GATIFLOXACIN	CHEBI:5280	XUBOMFCQGDBHNK-UHFFFAOYSA-N				126	126		SEQTREAT2020	solid media	middlebrook	7H10	2.0		S	MEDIUM
3.4.0	DST_MEASUREMENTS	dst_measurements:5feb7ba01f95142a	GFX	GATIFLOXACIN	CHEBI:5280	XUBOMFCQGDBHNK-UHFFFAOYSA-N				3	3		WHO2019	liquid media	MGIT	MGIT960	2.0		R	MEDIUM
3.4.0	DST_MEASUREMENTS	dst_measurements:b8c832ee3accf2a0	GFX	GATIFLOXACIN	CHEBI:5280	XUBOMFCQGDBHNK-UHFFFAOYSA-N				34	34		WHO2019	liquid media	MGIT	MGIT960	2.0		S	MEDIUM
3.4.0	DST_MEASUREMENTS	dst_measurements:0600668ff179a303	GFX	GATIFLOXACIN	CHEBI:5280	XUBOMFCQGDBHNK-UHFFFAOYSA-N				69	69		WHO2019	liquid media	MGIT	MGIT960	WHO		S	MEDIUM
3.4.0	DST_MEASUREMENTS	dst_measurements:e470d24220d2992c	IMI	IMIPENEM	CHEBI:471744	ZSKVGTPCRGIANV-ZXFLCMHBSA-N				1	1		CLIRES2020	solid media					S	MEDIUM
3.4.0	DST_MEASUREMENTS	dst_measurements:240d376bf13acfa0	INH	ISONIAZID	CHEBI:6030	QRXWMOHMRWLFEY-UHFFFAOYSA-N				942	942		CLIRES2020	liquid media	MGIT	MGIT960			R	MEDIUM
3.4.0	DST_MEASUREMENTS	dst_measurements:29784586636f3843	INH	ISONIAZID	CHEBI:6030	QRXWMOHMRWLFEY-UHFFFAOYSA-N				738	738		CLIRES2020	liquid media	MGIT	MGIT960			S	MEDIUM
3.4.0	DST_MEASUREMENTS	dst_measurements:1f138d72b7aee2d2	INH	ISONIAZID	CHEBI:6030	QRXWMOHMRWLFEY-UHFFFAOYSA-N				23	23		CLIRES2020	liquid media	microdilution plate	MODS	0.4		I	MEDIUM
3.4.0	DST_MEASUREMENTS	dst_measurements:7b208a5d084d6945	INH	ISONIAZID	CHEBI:6030	QRXWMOHMRWLFEY-UHFFFAOYSA-N				591	591		CLIRES2020	liquid media	microdilution plate	MODS	0.4		R	MEDIUM
3.4.0	DST_MEASUREMENTS	dst_measurements:ed6cfbfc7a608ed8	INH	ISONIAZID	CHEBI:6030	QRXWMOHMRWLFEY-UHFFFAOYSA-N				1489	1489		CLIRES2020	liquid media	microdilution plate	MODS	0.4		S	MEDIUM
3.4.0	DST_MEASUREMENTS	dst_measurements:36a6819bc675fa42	INH	ISONIAZID	CHEBI:6030	QRXWMOHMRWLFEY-UHFFFAOYSA-N				1	1		CLIRES2020	not specified					I	MEDIUM
3.4.0	DST_MEASUREMENTS	dst_measurements:2109627371de3fba	INH	ISONIAZID	CHEBI:6030	QRXWMOHMRWLFEY-UHFFFAOYSA-N				303	303		CLIRES2020	not specified					R	MEDIUM
3.4.0	DST_MEASUREMENTS	dst_measurements:7ffbe7915e739ae7	INH	ISONIAZID	CHEBI:6030	QRXWMOHMRWLFEY-UHFFFAOYSA-N				408	408		CLIRES2020	not specified					S	MEDIUM
3.4.0	DST_MEASUREMENTS	dst_measurements:60a5005923062f41	INH	ISONIAZID	CHEBI:6030	QRXWMOHMRWLFEY-UHFFFAOYSA-N				3	3		CLIRES2020	solid media					I	MEDIUM
3.4.0	DST_MEASUREMENTS	dst_measurements:9d4ca9c15604eee4	INH	ISONIAZID	CHEBI:6030	QRXWMOHMRWLFEY-UHFFFAOYSA-N				952	952		CLIRES2020	solid media					R	MEDIUM
3.4.0	DST_MEASUREMENTS	dst_measurements:7b41de11f5792c2d	INH	ISONIAZID	CHEBI:6030	QRXWMOHMRWLFEY-UHFFFAOYSA-N				765	765		CLIRES2020	solid media					S	MEDIUM
3.4.0	DST_MEASUREMENTS	dst_measurements:85c487a3c304d98f	INH	ISONIAZID	CHEBI:6030	QRXWMOHMRWLFEY-UHFFFAOYSA-N				1	1		CLIRES2023	liquid media	MGIT	MGIT960			I	MEDIUM
3.4.0	DST_MEASUREMENTS	dst_measurements:f6b94a7dbd5bad98	INH	ISONIAZID	CHEBI:6030	QRXWMOHMRWLFEY-UHFFFAOYSA-N				524	524		CLIRES2023	liquid media	MGIT	MGIT960			R	MEDIUM
3.4.0	DST_MEASUREMENTS	dst_measurements:3fb80d5030a7ba0c	INH	ISONIAZID	CHEBI:6030	QRXWMOHMRWLFEY-UHFFFAOYSA-N				735	735		CLIRES2023	liquid media	MGIT	MGIT960			S	MEDIUM
3.4.0	DST_MEASUREMENTS	dst_measurements:f9b220335eed341d	INH	ISONIAZID	CHEBI:6030	QRXWMOHMRWLFEY-UHFFFAOYSA-N				3	3		CLIRES2023	liquid media	microdilution plate	MODS	0.4		I	MEDIUM
3.4.0	DST_MEASUREMENTS	dst_measurements:8c0f2e94b5e1a272	INH	ISONIAZID	CHEBI:6030	QRXWMOHMRWLFEY-UHFFFAOYSA-N				238	238		CLIRES2023	liquid media	microdilution plate	MODS	0.4		R	MEDIUM
3.4.0	DST_MEASUREMENTS	dst_measurements:f4b6d03f9cbb2b12	INH	ISONIAZID	CHEBI:6030	QRXWMOHMRWLFEY-UHFFFAOYSA-N				59	59		CLIRES2023	liquid media	microdilution plate	MODS	0.4		S	MEDIUM
3.4.0	DST_MEASUREMENTS	dst_measurements:a00524ec1ea49d4b	INH	ISONIAZID	CHEBI:6030	QRXWMOHMRWLFEY-UHFFFAOYSA-N				1	1		CLIRES2023	not specified					I	MEDIUM
3.4.0	DST_MEASUREMENTS	dst_measurements:485e0194aeadd6b6	INH	ISONIAZID	CHEBI:6030	QRXWMOHMRWLFEY-UHFFFAOYSA-N				3	3		CLIRES2023	not specified					R	MEDIUM
3.4.0	DST_MEASUREMENTS	dst_measurements:b52396a50fa11f4d	INH	ISONIAZID	CHEBI:6030	QRXWMOHMRWLFEY-UHFFFAOYSA-N				15	15		CLIRES2023	not specified					S	MEDIUM
3.4.0	DST_MEASUREMENTS	dst_measurements:0b567c9587cbf556	INH	ISONIAZID	CHEBI:6030	QRXWMOHMRWLFEY-UHFFFAOYSA-N				3	3		CLIRES2023	solid media					I	MEDIUM
3.4.0	DST_MEASUREMENTS	dst_measurements:7b8c0e779eb9ef82	INH	ISONIAZID	CHEBI:6030	QRXWMOHMRWLFEY-UHFFFAOYSA-N				529	529		CLIRES2023	solid media					R	MEDIUM
3.4.0	DST_MEASUREMENTS	dst_measurements:74cb5e088970b79b	INH	ISONIAZID	CHEBI:6030	QRXWMOHMRWLFEY-UHFFFAOYSA-N				101	101		CLIRES2023	solid media					S	MEDIUM
3.4.0	DST_MEASUREMENTS	dst_measurements:d22f1aa1459cd594	INH	ISONIAZID	CHEBI:6030	QRXWMOHMRWLFEY-UHFFFAOYSA-N	0.05		mg/L	1605	1605		CRyPTIC	liquid media	microdilution plate	UKMYC5	0.1	0.05	S	HIGH
3.4.0	DST_MEASUREMENTS	dst_measurements:35bcc855206c0c91	INH	ISONIAZID	CHEBI:6030	QRXWMOHMRWLFEY-UHFFFAOYSA-N	0.05		mg/L	57	57		CRyPTIC	liquid media	microdilution plate	UKMYC5	0.1	0.05	S	LOW
3.4.0	DST_MEASUREMENTS	dst_measurements:897f5fd9b060416b	INH	ISONIAZID	CHEBI:6030	QRXWMOHMRWLFEY-UHFFFAOYSA-N	0.05		mg/L	305	305		CRyPTIC	liquid media	microdilution plate	UKMYC5	0.1	0.05	S	MEDIUM
3.4.0	DST_MEASUREMENTS	dst_measurements:9566fb2f57aaaf2a	INH	ISONIAZID	CHEBI:6030	QRXWMOHMRWLFEY-UHFFFAOYSA-N	0.1		mg/L	127	127		CRyPTIC	liquid media	microdilution plate	UKMYC5	0.1	0.1	S	HIGH
3.4.0	DST_MEASUREMENTS	dst_measurements:8404f523fdabba28	INH	ISONIAZID	CHEBI:6030	QRXWMOHMRWLFEY-UHFFFAOYSA-N	0.1		mg/L	28	28		CRyPTIC	liquid media	microdilution plate	UKMYC5	0.1	0.1	S	LOW
3.4.0	DST_MEASUREMENTS	dst_measurements:63f1d4ee6bb4eb45	INH	ISONIAZID	CHEBI:6030	QRXWMOHMRWLFEY-UHFFFAOYSA-N	0.1		mg/L	28	28		CRyPTIC	liquid media	microdilution plate	UKMYC5	0.1	0.1	S	MEDIUM
3.4.0	DST_MEASUREMENTS	dst_measurements:23393a396beb0eb5	INH	ISONIAZID	CHEBI:6030	QRXWMOHMRWLFEY-UHFFFAOYSA-N	0.2		mg/L	147	147		CRyPTIC	liquid media	microdilution plate	UKMYC5	0.1	0.2	R	HIGH
3.4.0	DST_MEASUREMENTS	dst_measurements:05e712ebbad3ffc2	INH	ISONIAZID	CHEBI:6030	QRXWMOHMRWLFEY-UHFFFAOYSA-N	0.2		mg/L	25	25		CRyPTIC	liquid media	microdilution plate	UKMYC5	0.1	0.2	R	LOW
3.4.0	DST_MEASUREMENTS	dst_measurements:e08009efef0075d7	INH	ISONIAZID	CHEBI:6030	QRXWMOHMRWLFEY-UHFFFAOYSA-N	0.2		mg/L	18	18		CRyPTIC	liquid media	microdilution plate	UKMYC5	0.1	0.2	R	MEDIUM
3.4.0	DST_MEASUREMENTS	dst_measurements:e37cd7ca1f7c3184	INH	ISONIAZID	CHEBI:6030	QRXWMOHMRWLFEY-UHFFFAOYSA-N	0.4		mg/L	103	103		CRyPTIC	liquid media	microdilution plate	UKMYC5	0.1	0.4	R	HIGH
3.4.0	DST_MEASUREMENTS	dst_measurements:23e518264cb038a7	INH	ISONIAZID	CHEBI:6030	QRXWMOHMRWLFEY-UHFFFAOYSA-N	0.4		mg/L	23	23		CRyPTIC	liquid media	microdilution plate	UKMYC5	0.1	0.4	R	LOW
3.4.0	DST_MEASUREMENTS	dst_measurements:53fdfec8ac30b676	INH	ISONIAZID	CHEBI:6030	QRXWMOHMRWLFEY-UHFFFAOYSA-N	0.4		mg/L	10	10		CRyPTIC	liquid media	microdilution plate	UKMYC5	0.1	0.4	R	MEDIUM
3.4.0	DST_MEASUREMENTS	dst_measurements:74206a74d8659cd0	INH	ISONIAZID	CHEBI:6030	QRXWMOHMRWLFEY-UHFFFAOYSA-N	0.8		mg/L	147	147		CRyPTIC	liquid media	microdilution plate	UKMYC5	0.1	0.8	R	HIGH
3.4.0	DST_MEASUREMENTS	dst_measurements:f386a4dcb32cff08	INH	ISONIAZID	CHEBI:6030	QRXWMOHMRWLFEY-UHFFFAOYSA-N	0.8		mg/L	27	27		CRyPTIC	liquid media	microdilution plate	UKMYC5	0.1	0.8	R	LOW
3.4.0	DST_MEASUREMENTS	dst_measurements:99e2d0ba621a8644	INH	ISONIAZID	CHEBI:6030	QRXWMOHMRWLFEY-UHFFFAOYSA-N	0.8		mg/L	32	32		CRyPTIC	liquid media	microdilution plate	UKMYC5	0.1	0.8	R	MEDIUM
3.4.0	DST_MEASUREMENTS	dst_measurements:ce19541e7ac1efd6	INH	ISONIAZID	CHEBI:6030	QRXWMOHMRWLFEY-UHFFFAOYSA-N	1.6		mg/L	657	657		CRyPTIC	liquid media	microdilution plate	UKMYC5	0.1	1.6	R	HIGH
3.4.0	DST_MEASUREMENTS	dst_measurements:718c82f1253e0af8	INH	ISONIAZID	CHEBI:6030	QRXWMOHMRWLFEY-UHFFFAOYSA-N	1.6		mg/L	22	22		CRyPTIC	liquid media	microdilution plate	UKMYC5	0.1	1.6	R	LOW
3.4.0	DST_MEASUREMENTS	dst_measurements:8de03b1e73a4192a	INH	ISONIAZID	CHEBI:6030	QRXWMOHMRWLFEY-UHFFFAOYSA-N	1.6		mg/L	155	155		CRyPTIC	liquid media	microdilution plate	UKMYC5	0.1	1.6	R	MEDIUM
3.4.0	DST_MEASUREMENTS	dst_measurements:a475a707a2febfec	INH	ISONIAZID	CHEBI:6030	QRXWMOHMRWLFEY-UHFFFAOYSA-N	0.025	<=	mg/L	1138	1138		CRyPTIC	liquid media	microdilution plate	UKMYC5	0.1	<=0.025	S	HIGH
3.4.0	DST_MEASUREMENTS	dst_measurements:22ce3e6caa6bc9be	INH	ISONIAZID	CHEBI:6030	QRXWMOHMRWLFEY-UHFFFAOYSA-N	0.025	<=	mg/L	142	142		CRyPTIC	liquid media	microdilution plate	UKMYC5	0.1	<=0.025	S	LOW
3.4.0	DST_MEASUREMENTS	dst_measurements:8952bab454eff88d	INH	ISONIAZID	CHEBI:6030	QRXWMOHMRWLFEY-UHFFFAOYSA-N	0.025	<=	mg/L	222	222		CRyPTIC	liquid media	microdilution plate	UKMYC5	0.1	<=0.025	S	MEDIUM
3.4.0	DST_MEASUREMENTS	dst_measurements:a4a373c4e38aa0a5	INH	ISONIAZID	CHEBI:6030	QRXWMOHMRWLFEY-UHFFFAOYSA-N	1.6	>	mg/L	1574	1574		CRyPTIC	liquid media	microdilution plate	UKMYC5	0.1	>1.6	R	HIGH
3.4.0	DST_MEASUREMENTS	dst_measurements:42a36c0a500183ce	INH	ISONIAZID	CHEBI:6030	QRXWMOHMRWLFEY-UHFFFAOYSA-N	1.6	>	mg/L	17	17		CRyPTIC	liquid media	microdilution plate	UKMYC5	0.1	>1.6	R	LOW
3.4.0	DST_MEASUREMENTS	dst_measurements:1e104ed7ed9b94f8	INH	ISONIAZID	CHEBI:6030	QRXWMOHMRWLFEY-UHFFFAOYSA-N	1.6	>	mg/L	304	304		CRyPTIC	liquid media	microdilution plate	UKMYC5	0.1	>1.6	R	MEDIUM
3.4.0	DST_MEASUREMENTS	dst_measurements:828f8f998f974fc9	INH	ISONIAZID	CHEBI:6030	QRXWMOHMRWLFEY-UHFFFAOYSA-N				12	12		CRyPTIC	liquid media	microdilution plate	UKMYC5	0.1			HIGH
3.4.0	DST_MEASUREMENTS	dst_measurements:c5084b343c9a6696	INH	ISONIAZID	CHEBI:6030	QRXWMOHMRWLFEY-UHFFFAOYSA-N				6	6		CRyPTIC	liquid media	microdilution plate	UKMYC5	0.1			LOW
3.4.0	DST_MEASUREMENTS	dst_measurements:69b0300b29caad93	INH	ISONIAZID	CHEBI:6030	QRXWMOHMRWLFEY-UHFFFAOYSA-N				107	107		CRyPTIC	liquid media	microdilution plate	UKMYC5	0.1			MEDIUM
3.4.0	DST_MEASUREMENTS	dst_measurements:4c79dd29d4655eb8	INH	ISONIAZID	CHEBI:6030	QRXWMOHMRWLFEY-UHFFFAOYSA-N	0.05		mg/L	4048	4048		CRyPTIC	liquid media	microdilution plate	UKMYC6	0.1	0.05	S	HIGH
3.4.0	DST_MEASUREMENTS	dst_measurements:ce9f5a79713fcdbd	INH	ISONIAZID	CHEBI:6030	QRXWMOHMRWLFEY-UHFFFAOYSA-N	0.05		mg/L	160	160		CRyPTIC	liquid media	microdilution plate	UKMYC6	0.1	0.05	S	LOW
3.4.0	DST_MEASUREMENTS	dst_measurements:a2d22fb0ca26de26	INH	ISONIAZID	CHEBI:6030	QRXWMOHMRWLFEY-UHFFFAOYSA-N	0.05		mg/L	194	194		CRyPTIC	liquid media	microdilution plate	UKMYC6	0.1	0.05	S	MEDIUM
3.4.0	DST_MEASUREMENTS	dst_measurements:74e5c90b86b4f81a	INH	ISONIAZID	CHEBI:6030	QRXWMOHMRWLFEY-UHFFFAOYSA-N	0.1		mg/L	271	271		CRyPTIC	liquid media	microdilution plate	UKMYC6	0.1	0.1	S	HIGH
3.4.0	DST_MEASUREMENTS	dst_measurements:0f7d90c16bd9fec2	INH	ISONIAZID	CHEBI:6030	QRXWMOHMRWLFEY-UHFFFAOYSA-N	0.1		mg/L	53	53		CRyPTIC	liquid media	microdilution plate	UKMYC6	0.1	0.1	S	LOW
3.4.0	DST_MEASUREMENTS	dst_measurements:8fe7d54dfdc13228	INH	ISONIAZID	CHEBI:6030	QRXWMOHMRWLFEY-UHFFFAOYSA-N	0.1		mg/L	40	40		CRyPTIC	liquid media	microdilution plate	UKMYC6	0.1	0.1	S	MEDIUM
3.4.0	DST_MEASUREMENTS	dst_measurements:f94b0e709b798587	INH	ISONIAZID	CHEBI:6030	QRXWMOHMRWLFEY-UHFFFAOYSA-N	0.2		mg/L	411	411		CRyPTIC	liquid media	microdilution plate	UKMYC6	0.1	0.2	R	HIGH
3.4.0	DST_MEASUREMENTS	dst_measurements:9d7faeca542498d5	INH	ISONIAZID	CHEBI:6030	QRXWMOHMRWLFEY-UHFFFAOYSA-N	0.2		mg/L	26	26		CRyPTIC	liquid media	microdilution plate	UKMYC6	0.1	0.2	R	LOW
3.4.0	DST_MEASUREMENTS	dst_measurements:72b906aa5f6bcdbc	INH	ISONIAZID	CHEBI:6030	QRXWMOHMRWLFEY-UHFFFAOYSA-N	0.2		mg/L	66	66		CRyPTIC	liquid media	microdilution plate	UKMYC6	0.1	0.2	R	MEDIUM
3.4.0	DST_MEASUREMENTS	dst_measurements:b8f58933ab8c708f	INH	ISONIAZID	CHEBI:6030	QRXWMOHMRWLFEY-UHFFFAOYSA-N	0.4		mg/L	294	294		CRyPTIC	liquid media	microdilution plate	UKMYC6	0.1	0.4	R	HIGH
3.4.0	DST_MEASUREMENTS	dst_measurements:bf0e03490a7367f6	INH	ISONIAZID	CHEBI:6030	QRXWMOHMRWLFEY-UHFFFAOYSA-N	0.4		mg/L	36	36		CRyPTIC	liquid media	microdilution plate	UKMYC6	0.1	0.4	R	LOW
3.4.0	DST_MEASUREMENTS	dst_measurements:be666801a67a562f	INH	ISONIAZID	CHEBI:6030	QRXWMOHMRWLFEY-UHFFFAOYSA-N	0.4		mg/L	26	26		CRyPTIC	liquid media	microdilution plate	UKMYC6	0.1	0.4	R	MEDIUM
3.4.0	DST_MEASUREMENTS	dst_measurements:9c7af7f86247b351	INH	ISONIAZID	CHEBI:6030	QRXWMOHMRWLFEY-UHFFFAOYSA-N	0.8		mg/L	244	244		CRyPTIC	liquid media	microdilution plate	UKMYC6	0.1	0.8	R	HIGH
3.4.0	DST_MEASUREMENTS	dst_measurements:3378695a61eac95c	INH	ISONIAZID	CHEBI:6030	QRXWMOHMRWLFEY-UHFFFAOYSA-N	0.8		mg/L	33	33		CRyPTIC	liquid media	microdilution plate	UKMYC6	0.1	0.8	R	LOW
3.4.0	DST_MEASUREMENTS	dst_measurements:dc61aedf4095166e	INH	ISONIAZID	CHEBI:6030	QRXWMOHMRWLFEY-UHFFFAOYSA-N	0.8		mg/L	54	54		CRyPTIC	liquid media	microdilution plate	UKMYC6	0.1	0.8	R	MEDIUM
3.4.0	DST_MEASUREMENTS	dst_measurements:26e79ae98943576d	INH	ISONIAZID	CHEBI:6030	QRXWMOHMRWLFEY-UHFFFAOYSA-N	1.6		mg/L	1308	1308		CRyPTIC	liquid media	microdilution plate	UKMYC6	0.1	1.6	R	HIGH
3.4.0	DST_MEASUREMENTS	dst_measurements:e55769c14967e653	INH	ISONIAZID	CHEBI:6030	QRXWMOHMRWLFEY-UHFFFAOYSA-N	1.6		mg/L	83	83		CRyPTIC	liquid media	microdilution plate	UKMYC6	0.1	1.6	R	LOW
3.4.0	DST_MEASUREMENTS	dst_measurements:bb04a13dc041d3c0	INH	ISONIAZID	CHEBI:6030	QRXWMOHMRWLFEY-UHFFFAOYSA-N	1.6		mg/L	189	189		CRyPTIC	liquid media	microdilution plate	UKMYC6	0.1	1.6	R	MEDIUM
3.4.0	DST_MEASUREMENTS	dst_measurements:92d972f52cc050f3	INH	ISONIAZID	CHEBI:6030	QRXWMOHMRWLFEY-UHFFFAOYSA-N	12.8		mg/L	226	226		CRyPTIC	liquid media	microdilution plate	UKMYC6	0.1	12.8	R	HIGH
3.4.0	DST_MEASUREMENTS	dst_measurements:b6693335090ae734	INH	ISONIAZID	CHEBI:6030	QRXWMOHMRWLFEY-UHFFFAOYSA-N	12.8		mg/L	17	17		CRyPTIC	liquid media	microdilution plate	UKMYC6	0.1	12.8	R	LOW
3.4.0	DST_MEASUREMENTS	dst_measurements:46699383fb2e1d6b	INH	ISONIAZID	CHEBI:6030	QRXWMOHMRWLFEY-UHFFFAOYSA-N	12.8		mg/L	132	132		CRyPTIC	liquid media	microdilution plate	UKMYC6	0.1	12.8	R	MEDIUM
3.4.0	DST_MEASUREMENTS	dst_measurements:adc958e0bb0531cf	INH	ISONIAZID	CHEBI:6030	QRXWMOHMRWLFEY-UHFFFAOYSA-N	3.2		mg/L	1856	1856		CRyPTIC	liquid media	microdilution plate	UKMYC6	0.1	3.2	R	HIGH
3.4.0	DST_MEASUREMENTS	dst_measurements:2d47589a6bd52f80	INH	ISONIAZID	CHEBI:6030	QRXWMOHMRWLFEY-UHFFFAOYSA-N	3.2		mg/L	71	71		CRyPTIC	liquid media	microdilution plate	UKMYC6	0.1	3.2	R	LOW
3.4.0	DST_MEASUREMENTS	dst_measurements:7bea449577f1722e	INH	ISONIAZID	CHEBI:6030	QRXWMOHMRWLFEY-UHFFFAOYSA-N	3.2		mg/L	112	112		CRyPTIC	liquid media	microdilution plate	UKMYC6	0.1	3.2	R	MEDIUM
3.4.0	DST_MEASUREMENTS	dst_measurements:f6fcb48093edaeaa	INH	ISONIAZID	CHEBI:6030	QRXWMOHMRWLFEY-UHFFFAOYSA-N	6.4		mg/L	471	471		CRyPTIC	liquid media	microdilution plate	UKMYC6	0.1	6.4	R	HIGH
3.4.0	DST_MEASUREMENTS	dst_measurements:f12778d304b0bf6b	INH	ISONIAZID	CHEBI:6030	QRXWMOHMRWLFEY-UHFFFAOYSA-N	6.4		mg/L	24	24		CRyPTIC	liquid media	microdilution plate	UKMYC6	0.1	6.4	R	LOW
3.4.0	DST_MEASUREMENTS	dst_measurements:97ffe9aabba5c53a	INH	ISONIAZID	CHEBI:6030	QRXWMOHMRWLFEY-UHFFFAOYSA-N	6.4		mg/L	136	136		CRyPTIC	liquid media	microdilution plate	UKMYC6	0.1	6.4	R	MEDIUM
3.4.0	DST_MEASUREMENTS	dst_measurements:48e3c1f1ec18e11c	INH	ISONIAZID	CHEBI:6030	QRXWMOHMRWLFEY-UHFFFAOYSA-N	0.025	<=	mg/L	2795	2795		CRyPTIC	liquid media	microdilution plate	UKMYC6	0.1	<=0.025	S	HIGH
3.4.0	DST_MEASUREMENTS	dst_measurements:1f8fb40a45bae010	INH	ISONIAZID	CHEBI:6030	QRXWMOHMRWLFEY-UHFFFAOYSA-N	0.025	<=	mg/L	73	73		CRyPTIC	liquid media	microdilution plate	UKMYC6	0.1	<=0.025	S	LOW
3.4.0	DST_MEASUREMENTS	dst_measurements:300514d7ae020037	INH	ISONIAZID	CHEBI:6030	QRXWMOHMRWLFEY-UHFFFAOYSA-N	0.025	<=	mg/L	301	301		CRyPTIC	liquid media	microdilution plate	UKMYC6	0.1	<=0.025	S	MEDIUM
3.4.0	DST_MEASUREMENTS	dst_measurements:4c25fc497ef862f2	INH	ISONIAZID	CHEBI:6030	QRXWMOHMRWLFEY-UHFFFAOYSA-N	12.8	>	mg/L	531	531		CRyPTIC	liquid media	microdilution plate	UKMYC6	0.1	>12.8	R	HIGH
3.4.0	DST_MEASUREMENTS	dst_measurements:99cde4115a2d5666	INH	ISONIAZID	CHEBI:6030	QRXWMOHMRWLFEY-UHFFFAOYSA-N	12.8	>	mg/L	4	4		CRyPTIC	liquid media	microdilution plate	UKMYC6	0.1	>12.8	R	LOW
3.4.0	DST_MEASUREMENTS	dst_measurements:c8d11468f4e81756	INH	ISONIAZID	CHEBI:6030	QRXWMOHMRWLFEY-UHFFFAOYSA-N	12.8	>	mg/L	118	118		CRyPTIC	liquid media	microdilution plate	UKMYC6	0.1	>12.8	R	MEDIUM
3.4.0	DST_MEASUREMENTS	dst_measurements:859fb78e40346046	INH	ISONIAZID	CHEBI:6030	QRXWMOHMRWLFEY-UHFFFAOYSA-N				192	192		CRyPTIC	liquid media	microdilution plate	UKMYC6	0.1			HIGH
3.4.0	DST_MEASUREMENTS	dst_measurements:85acc17cf3799ff2	INH	ISONIAZID	CHEBI:6030	QRXWMOHMRWLFEY-UHFFFAOYSA-N				18	18		CRyPTIC	liquid media	microdilution plate	UKMYC6	0.1			LOW
3.4.0	DST_MEASUREMENTS	dst_measurements:0b80be92bdb4943a	INH	ISONIAZID	CHEBI:6030	QRXWMOHMRWLFEY-UHFFFAOYSA-N				31	31		CRyPTIC	liquid media	microdilution plate	UKMYC6	0.1			MEDIUM
3.4.0	DST_MEASUREMENTS	dst_measurements:c7d488ddead0780e	INH	ISONIAZID	CHEBI:6030	QRXWMOHMRWLFEY-UHFFFAOYSA-N				133	133		KMMYKROBE2025	not specified					R	MEDIUM
3.4.0	DST_MEASUREMENTS	dst_measurements:826e97b6731ec3b6	INH	ISONIAZID	CHEBI:6030	QRXWMOHMRWLFEY-UHFFFAOYSA-N				19	19		KMMYKROBE2025	not specified					S	MEDIUM
3.4.0	DST_MEASUREMENTS	dst_measurements:f83dfb219470cf4e	INH	ISONIAZID	CHEBI:6030	QRXWMOHMRWLFEY-UHFFFAOYSA-N				3221	3221		KMVALIDATION2025	not specified					R	MEDIUM
3.4.0	DST_MEASUREMENTS	dst_measurements:d88ccc554a97851c	INH	ISONIAZID	CHEBI:6030	QRXWMOHMRWLFEY-UHFFFAOYSA-N				4347	4347		KMVALIDATION2025	not specified					S	MEDIUM
3.4.0	DST_MEASUREMENTS	dst_measurements:109d44ac8d0607e3	INH	ISONIAZID	CHEBI:6030	QRXWMOHMRWLFEY-UHFFFAOYSA-N				394	394		LID2015	liquid media	MGIT	MGIT960	WHO		R	MEDIUM
3.4.0	DST_MEASUREMENTS	dst_measurements:9f1606cb2894a231	INH	ISONIAZID	CHEBI:6030	QRXWMOHMRWLFEY-UHFFFAOYSA-N				2537	2537		LID2015	liquid media	MGIT	MGIT960	WHO		S	MEDIUM
3.4.0	DST_MEASUREMENTS	dst_measurements:8e5d522a98b241e7	INH	ISONIAZID	CHEBI:6030	QRXWMOHMRWLFEY-UHFFFAOYSA-N				274	274		LID2015	solid media	LJ	resistance ratio	WHO		R	MEDIUM
3.4.0	DST_MEASUREMENTS	dst_measurements:00941dfb71fc2a97	INH	ISONIAZID	CHEBI:6030	QRXWMOHMRWLFEY-UHFFFAOYSA-N				235	235		LID2015	solid media	LJ	resistance ratio	WHO		S	MEDIUM
3.4.0	DST_MEASUREMENTS	dst_measurements:31b217b20def4805	INH	ISONIAZID	CHEBI:6030	QRXWMOHMRWLFEY-UHFFFAOYSA-N				929	929		MUMBAI2018	liquid media	MGIT	MGIT960			R	MEDIUM
3.4.0	DST_MEASUREMENTS	dst_measurements:4ec9d372cc2c4a4c	INH	ISONIAZID	CHEBI:6030	QRXWMOHMRWLFEY-UHFFFAOYSA-N				648	648		MUMBAI2018	liquid media	MGIT	MGIT960			S	MEDIUM
3.4.0	DST_MEASUREMENTS	dst_measurements:18556a115ddc23c1	INH	ISONIAZID	CHEBI:6030	QRXWMOHMRWLFEY-UHFFFAOYSA-N				1476	1476		NEJM2018	liquid media	MGIT	MGIT960	0.1		R	MEDIUM
3.4.0	DST_MEASUREMENTS	dst_measurements:a8c0a7a1f4b8268e	INH	ISONIAZID	CHEBI:6030	QRXWMOHMRWLFEY-UHFFFAOYSA-N				6113	6113		NEJM2018	liquid media	MGIT	MGIT960	0.1		S	MEDIUM
3.4.0	DST_MEASUREMENTS	dst_measurements:03337be059398522	INH	ISONIAZID	CHEBI:6030	QRXWMOHMRWLFEY-UHFFFAOYSA-N				180	180		NEJM2018	liquid media	MGIT	MGIT960	0.2		R	MEDIUM
3.4.0	DST_MEASUREMENTS	dst_measurements:935efae3dd3aed6c	INH	ISONIAZID	CHEBI:6030	QRXWMOHMRWLFEY-UHFFFAOYSA-N				37	37		NEJM2018	liquid media	MGIT	MGIT960	0.2		S	MEDIUM
3.4.0	DST_MEASUREMENTS	dst_measurements:e1197ed0f0dc4588	INH	ISONIAZID	CHEBI:6030	QRXWMOHMRWLFEY-UHFFFAOYSA-N				85	85		NEJM2018	liquid media	microdilution plate	MODS	0.4		R	MEDIUM
3.4.0	DST_MEASUREMENTS	dst_measurements:97c779e91cfc4049	INH	ISONIAZID	CHEBI:6030	QRXWMOHMRWLFEY-UHFFFAOYSA-N				30	30		NEJM2018	liquid media	microdilution plate	MODS	0.4		S	MEDIUM
3.4.0	DST_MEASUREMENTS	dst_measurements:5848c36bc13dd016	INH	ISONIAZID	CHEBI:6030	QRXWMOHMRWLFEY-UHFFFAOYSA-N				356	356		NEJM2018	solid media	LJ	proportion method	0.2		R	MEDIUM
3.4.0	DST_MEASUREMENTS	dst_measurements:08977f8d77c4a5e3	INH	ISONIAZID	CHEBI:6030	QRXWMOHMRWLFEY-UHFFFAOYSA-N				59	59		NEJM2018	solid media	LJ	proportion method	0.2		S	MEDIUM
3.4.0	DST_MEASUREMENTS	dst_measurements:db19bd9ca55e4303	INH	ISONIAZID	CHEBI:6030	QRXWMOHMRWLFEY-UHFFFAOYSA-N				887	887		NEJM2018	solid media	LJ	resistance ratio			R	MEDIUM
3.4.0	DST_MEASUREMENTS	dst_measurements:9d7fdc3036b2581b	INH	ISONIAZID	CHEBI:6030	QRXWMOHMRWLFEY-UHFFFAOYSA-N				368	368		NEJM2018	solid media	LJ	resistance ratio			S	MEDIUM
3.4.0	DST_MEASUREMENTS	dst_measurements:971b72944e77f773	INH	ISONIAZID	CHEBI:6030	QRXWMOHMRWLFEY-UHFFFAOYSA-N				195	195		NEJM2018	solid media	middlebrook	7H10	0.2		R	MEDIUM
3.4.0	DST_MEASUREMENTS	dst_measurements:56af83e42a93e0ab	INH	ISONIAZID	CHEBI:6030	QRXWMOHMRWLFEY-UHFFFAOYSA-N				57	57		NEJM2018	solid media	middlebrook	7H10	0.2		S	MEDIUM
3.4.0	DST_MEASUREMENTS	dst_measurements:8565013c597b5043	INH	ISONIAZID	CHEBI:6030	QRXWMOHMRWLFEY-UHFFFAOYSA-N				115	115		NEJM2018	solid media	middlebrook	proportion method	0.2		R	MEDIUM
3.4.0	DST_MEASUREMENTS	dst_measurements:d97439dfd144d924	INH	ISONIAZID	CHEBI:6030	QRXWMOHMRWLFEY-UHFFFAOYSA-N				44	44		NEJM2018	solid media	middlebrook	proportion method	0.2		S	MEDIUM
3.4.0	DST_MEASUREMENTS	dst_measurements:9fc426cdadc412ae	INH	ISONIAZID	CHEBI:6030	QRXWMOHMRWLFEY-UHFFFAOYSA-N				127	127		PHE2019	liquid media	MGIT	MGIT960	WHO		R	MEDIUM
3.4.0	DST_MEASUREMENTS	dst_measurements:734f17985d5c8c18	INH	ISONIAZID	CHEBI:6030	QRXWMOHMRWLFEY-UHFFFAOYSA-N				1408	1408		PHE2019	liquid media	MGIT	MGIT960	WHO		S	MEDIUM
3.4.0	DST_MEASUREMENTS	dst_measurements:92c05d06092d5615	INH	ISONIAZID	CHEBI:6030	QRXWMOHMRWLFEY-UHFFFAOYSA-N				486	486		PHE2019	solid media	LJ	resistance ratio	WHO		R	MEDIUM
3.4.0	DST_MEASUREMENTS	dst_measurements:66b851b2ef9e8cde	INH	ISONIAZID	CHEBI:6030	QRXWMOHMRWLFEY-UHFFFAOYSA-N				2177	2177		PHE2019	solid media	LJ	resistance ratio	WHO		S	MEDIUM
3.4.0	DST_MEASUREMENTS	dst_measurements:aafde61c1f21a395	INH	ISONIAZID	CHEBI:6030	QRXWMOHMRWLFEY-UHFFFAOYSA-N				19	19		SEQTREAT2020	liquid media	MGIT	BACTEC460	0.1		R	MEDIUM
3.4.0	DST_MEASUREMENTS	dst_measurements:ba2247923738dbb7	INH	ISONIAZID	CHEBI:6030	QRXWMOHMRWLFEY-UHFFFAOYSA-N				52	52		SEQTREAT2020	liquid media	MGIT	BACTEC460	0.1		S	MEDIUM
3.4.0	DST_MEASUREMENTS	dst_measurements:66a40c38cb54f96c	INH	ISONIAZID	CHEBI:6030	QRXWMOHMRWLFEY-UHFFFAOYSA-N				4	4		SEQTREAT2020	liquid media	MGIT	BACTEC460	0.4		R	MEDIUM
3.4.0	DST_MEASUREMENTS	dst_measurements:e3346d76a6b53c1d	INH	ISONIAZID	CHEBI:6030	QRXWMOHMRWLFEY-UHFFFAOYSA-N				827	827		SEQTREAT2020	liquid media	MGIT	MGIT960	0.1		R	MEDIUM
3.4.0	DST_MEASUREMENTS	dst_measurements:697fc953e7cd8875	INH	ISONIAZID	CHEBI:6030	QRXWMOHMRWLFEY-UHFFFAOYSA-N				3434	3434		SEQTREAT2020	liquid media	MGIT	MGIT960	0.1		S	MEDIUM
3.4.0	DST_MEASUREMENTS	dst_measurements:9af964550d700e8f	INH	ISONIAZID	CHEBI:6030	QRXWMOHMRWLFEY-UHFFFAOYSA-N				76	76		SEQTREAT2020	liquid media	MGIT	MGIT960	0.1		U	MEDIUM
3.4.0	DST_MEASUREMENTS	dst_measurements:a204cfc9283e74ab	INH	ISONIAZID	CHEBI:6030	QRXWMOHMRWLFEY-UHFFFAOYSA-N				193	193		SEQTREAT2020	liquid media	MGIT	MGIT960	0.4		R	MEDIUM
3.4.0	DST_MEASUREMENTS	dst_measurements:f74ff008a3f62bc0	INH	ISONIAZID	CHEBI:6030	QRXWMOHMRWLFEY-UHFFFAOYSA-N				435	435		SEQTREAT2020	liquid media	MGIT	MGIT960	0.4		S	MEDIUM
3.4.0	DST_MEASUREMENTS	dst_measurements:9c2b218d0257ad9f	INH	ISONIAZID	CHEBI:6030	QRXWMOHMRWLFEY-UHFFFAOYSA-N				409	409		SEQTREAT2020	liquid media	MGIT	MGIT960	0.4		U	MEDIUM
3.4.0	DST_MEASUREMENTS	dst_measurements:f24f2f170bf5fc74	INH	ISONIAZID	CHEBI:6030	QRXWMOHMRWLFEY-UHFFFAOYSA-N				422	422		SEQTREAT2020	liquid media	MGIT	MGIT960	WHO		R	MEDIUM
3.4.0	DST_MEASUREMENTS	dst_measurements:37c262e088cb7c16	INH	ISONIAZID	CHEBI:6030	QRXWMOHMRWLFEY-UHFFFAOYSA-N				292	292		SEQTREAT2020	liquid media	MGIT	MGIT960	WHO		S	MEDIUM
3.4.0	DST_MEASUREMENTS	dst_measurements:25dd8ae4280cf2ab	INH	ISONIAZID	CHEBI:6030	QRXWMOHMRWLFEY-UHFFFAOYSA-N				42	42		SEQTREAT2020	liquid media	MGIT	MGIT960	WHO		U	MEDIUM
3.4.0	DST_MEASUREMENTS	dst_measurements:96d547a19b2e43ad	INH	ISONIAZID	CHEBI:6030	QRXWMOHMRWLFEY-UHFFFAOYSA-N				1406	1406		SEQTREAT2020	liquid media	MGIT		WHO		R	MEDIUM
3.4.0	DST_MEASUREMENTS	dst_measurements:520b25e28dd00f2c	INH	ISONIAZID	CHEBI:6030	QRXWMOHMRWLFEY-UHFFFAOYSA-N				9	9		SEQTREAT2020	liquid media	MGIT		WHO		S	MEDIUM
3.4.0	DST_MEASUREMENTS	dst_measurements:d9102375f2e61150	INH	ISONIAZID	CHEBI:6030	QRXWMOHMRWLFEY-UHFFFAOYSA-N				65	65		SEQTREAT2020	liquid media	MGIT		WHO		U	MEDIUM
3.4.0	DST_MEASUREMENTS	dst_measurements:b5af05afcd6f2896	INH	ISONIAZID	CHEBI:6030	QRXWMOHMRWLFEY-UHFFFAOYSA-N	0.06		mg/L	4	4		SEQTREAT2020	liquid media	microdilution plate	MYCOTB		0.06	S	MEDIUM
3.4.0	DST_MEASUREMENTS	dst_measurements:bc848e193bafe604	INH	ISONIAZID	CHEBI:6030	QRXWMOHMRWLFEY-UHFFFAOYSA-N	0.12		mg/L	2	2		SEQTREAT2020	liquid media	microdilution plate	MYCOTB		0.12	R	MEDIUM
3.4.0	DST_MEASUREMENTS	dst_measurements:8b0ea0dee0fa6899	INH	ISONIAZID	CHEBI:6030	QRXWMOHMRWLFEY-UHFFFAOYSA-N	0.25		mg/L	3	3		SEQTREAT2020	liquid media	microdilution plate	MYCOTB		0.25	R	MEDIUM
3.4.0	DST_MEASUREMENTS	dst_measurements:4cd976fd59571df3	INH	ISONIAZID	CHEBI:6030	QRXWMOHMRWLFEY-UHFFFAOYSA-N	0.5		mg/L	7	7		SEQTREAT2020	liquid media	microdilution plate	MYCOTB		0.5	R	MEDIUM
3.4.0	DST_MEASUREMENTS	dst_measurements:de6aa5f0229cb067	INH	ISONIAZID	CHEBI:6030	QRXWMOHMRWLFEY-UHFFFAOYSA-N	1.0		mg/L	16	16		SEQTREAT2020	liquid media	microdilution plate	MYCOTB		1.0	R	MEDIUM
3.4.0	DST_MEASUREMENTS	dst_measurements:4117695504239135	INH	ISONIAZID	CHEBI:6030	QRXWMOHMRWLFEY-UHFFFAOYSA-N	2.0		mg/L	25	25		SEQTREAT2020	liquid media	microdilution plate	MYCOTB		2.0	R	MEDIUM
3.4.0	DST_MEASUREMENTS	dst_measurements:1b3652e222f53b37	INH	ISONIAZID	CHEBI:6030	QRXWMOHMRWLFEY-UHFFFAOYSA-N	4.0		mg/L	15	15		SEQTREAT2020	liquid media	microdilution plate	MYCOTB		4.0	R	MEDIUM
3.4.0	DST_MEASUREMENTS	dst_measurements:50bbd9d38cd90339	INH	ISONIAZID	CHEBI:6030	QRXWMOHMRWLFEY-UHFFFAOYSA-N	0.03	<=	mg/L	6	6		SEQTREAT2020	liquid media	microdilution plate	MYCOTB		<=0.03	S	MEDIUM
3.4.0	DST_MEASUREMENTS	dst_measurements:e786589ab9ddc483	INH	ISONIAZID	CHEBI:6030	QRXWMOHMRWLFEY-UHFFFAOYSA-N	4	>	mg/L	7	7		SEQTREAT2020	liquid media	microdilution plate	MYCOTB		>4	R	MEDIUM
3.4.0	DST_MEASUREMENTS	dst_measurements:ce3c373fd8f1a7d7	INH	ISONIAZID	CHEBI:6030	QRXWMOHMRWLFEY-UHFFFAOYSA-N	0.05		mg/L	65	65		SEQTREAT2020	liquid media	microdilution plate	UKMYC5		0.05	S	MEDIUM
3.4.0	DST_MEASUREMENTS	dst_measurements:1b7820f16ada7362	INH	ISONIAZID	CHEBI:6030	QRXWMOHMRWLFEY-UHFFFAOYSA-N	0.1		mg/L	14	14		SEQTREAT2020	liquid media	microdilution plate	UKMYC5		0.1	S	MEDIUM
3.4.0	DST_MEASUREMENTS	dst_measurements:aabe7c680c73af3d	INH	ISONIAZID	CHEBI:6030	QRXWMOHMRWLFEY-UHFFFAOYSA-N	0.2		mg/L	7	7		SEQTREAT2020	liquid media	microdilution plate	UKMYC5		0.2	R	MEDIUM
3.4.0	DST_MEASUREMENTS	dst_measurements:6296165a406e75f1	INH	ISONIAZID	CHEBI:6030	QRXWMOHMRWLFEY-UHFFFAOYSA-N	0.4		mg/L	1	1		SEQTREAT2020	liquid media	microdilution plate	UKMYC5		0.4	R	MEDIUM
3.4.0	DST_MEASUREMENTS	dst_measurements:c770f3fc10264e48	INH	ISONIAZID	CHEBI:6030	QRXWMOHMRWLFEY-UHFFFAOYSA-N	0.8		mg/L	3	3		SEQTREAT2020	liquid media	microdilution plate	UKMYC5		0.8	R	MEDIUM
3.4.0	DST_MEASUREMENTS	dst_measurements:0210056767fb364b	INH	ISONIAZID	CHEBI:6030	QRXWMOHMRWLFEY-UHFFFAOYSA-N	1.6		mg/L	12	12		SEQTREAT2020	liquid media	microdilution plate	UKMYC5		1.6	R	MEDIUM
3.4.0	DST_MEASUREMENTS	dst_measurements:7c2f92c91d565413	INH	ISONIAZID	CHEBI:6030	QRXWMOHMRWLFEY-UHFFFAOYSA-N	0.025	<=	mg/L	130	130		SEQTREAT2020	liquid media	microdilution plate	UKMYC5		<=0.025	S	MEDIUM
3.4.0	DST_MEASUREMENTS	dst_measurements:b95ae5bdbb9695f3	INH	ISONIAZID	CHEBI:6030	QRXWMOHMRWLFEY-UHFFFAOYSA-N	1.6	>	mg/L	31	31		SEQTREAT2020	liquid media	microdilution plate	UKMYC5		>1.6	R	MEDIUM
3.4.0	DST_MEASUREMENTS	dst_measurements:78f7e9d910c9f65c	INH	ISONIAZID	CHEBI:6030	QRXWMOHMRWLFEY-UHFFFAOYSA-N				434	434		SEQTREAT2020	not specified					R	MEDIUM
3.4.0	DST_MEASUREMENTS	dst_measurements:4441f8fe7b2cd746	INH	ISONIAZID	CHEBI:6030	QRXWMOHMRWLFEY-UHFFFAOYSA-N				512	512		SEQTREAT2020	not specified					S	MEDIUM
3.4.0	DST_MEASUREMENTS	dst_measurements:c441ee7136f341d0	INH	ISONIAZID	CHEBI:6030	QRXWMOHMRWLFEY-UHFFFAOYSA-N				522	522		SEQTREAT2020	not specified					U	MEDIUM
3.4.0	DST_MEASUREMENTS	dst_measurements:746b6e7de75dc8d7	INH	ISONIAZID	CHEBI:6030	QRXWMOHMRWLFEY-UHFFFAOYSA-N				155	155		SEQTREAT2020	solid media	LJ		0.2		R	MEDIUM
3.4.0	DST_MEASUREMENTS	dst_measurements:46ca8d3c5d712395	INH	ISONIAZID	CHEBI:6030	QRXWMOHMRWLFEY-UHFFFAOYSA-N				20	20		SEQTREAT2020	solid media	LJ		0.2		S	MEDIUM
3.4.0	DST_MEASUREMENTS	dst_measurements:b5753469f8a28d7d	INH	ISONIAZID	CHEBI:6030	QRXWMOHMRWLFEY-UHFFFAOYSA-N				12	12		SEQTREAT2020	solid media	LJ		0.2		U	MEDIUM
3.4.0	DST_MEASUREMENTS	dst_measurements:f04c609ab6f3e165	INH	ISONIAZID	CHEBI:6030	QRXWMOHMRWLFEY-UHFFFAOYSA-N				177	177		SEQTREAT2020	solid media	LJ		WHO		R	MEDIUM
3.4.0	DST_MEASUREMENTS	dst_measurements:266e865845f5f1e3	INH	ISONIAZID	CHEBI:6030	QRXWMOHMRWLFEY-UHFFFAOYSA-N				1	1		SEQTREAT2020	solid media	LJ		WHO		U	MEDIUM
3.4.0	DST_MEASUREMENTS	dst_measurements:d0e187fe28a67e68	INH	ISONIAZID	CHEBI:6030	QRXWMOHMRWLFEY-UHFFFAOYSA-N				226	226		SEQTREAT2020	solid media	middlebrook	7H10	0.2		R	MEDIUM
3.4.0	DST_MEASUREMENTS	dst_measurements:4eda033b989f1ea5	INH	ISONIAZID	CHEBI:6030	QRXWMOHMRWLFEY-UHFFFAOYSA-N				59	59		SEQTREAT2020	solid media	middlebrook	7H10	0.2		S	MEDIUM
3.4.0	DST_MEASUREMENTS	dst_measurements:4992d84998fe8435	INH	ISONIAZID	CHEBI:6030	QRXWMOHMRWLFEY-UHFFFAOYSA-N				336	336		SEQTREAT2020	solid media	middlebrook	7H10	1		R	MEDIUM
3.4.0	DST_MEASUREMENTS	dst_measurements:75e50ad3f9292f53	INH	ISONIAZID	CHEBI:6030	QRXWMOHMRWLFEY-UHFFFAOYSA-N				88	88		SEQTREAT2020	solid media	middlebrook		0.2		R	MEDIUM
3.4.0	DST_MEASUREMENTS	dst_measurements:6bab14a64afbea8f	INH	ISONIAZID	CHEBI:6030	QRXWMOHMRWLFEY-UHFFFAOYSA-N				42	42		SEQTREAT2020	solid media	middlebrook		0.2		S	MEDIUM
3.4.0	DST_MEASUREMENTS	dst_measurements:fc71e6cfe6991d0e	INH	ISONIAZID	CHEBI:6030	QRXWMOHMRWLFEY-UHFFFAOYSA-N				389	389		SEQTREAT2020	solid media	middlebrook		0.2		U	MEDIUM
3.4.0	DST_MEASUREMENTS	dst_measurements:12beb3e4c9db8620	INH	ISONIAZID	CHEBI:6030	QRXWMOHMRWLFEY-UHFFFAOYSA-N				1	1		SEQTREAT2020	solid media	middlebrook		1.0		R	MEDIUM
3.4.0	DST_MEASUREMENTS	dst_measurements:82836d86cf3c1d8d	INH	ISONIAZID	CHEBI:6030	QRXWMOHMRWLFEY-UHFFFAOYSA-N				107	107		WHO2019	liquid media	MGIT	MGIT960	0.1		R	MEDIUM
3.4.0	DST_MEASUREMENTS	dst_measurements:ca1e860d625b62be	INH	ISONIAZID	CHEBI:6030	QRXWMOHMRWLFEY-UHFFFAOYSA-N				67	67		WHO2019	liquid media	MGIT	MGIT960	0.1		S	MEDIUM
3.4.0	DST_MEASUREMENTS	dst_measurements:f361698e9d253311	INH	ISONIAZID	CHEBI:6030	QRXWMOHMRWLFEY-UHFFFAOYSA-N				646	646		WHO2019	solid media	LJ		0.2		R	MEDIUM
3.4.0	DST_MEASUREMENTS	dst_measurements:e6c92f59a410b838	INH	ISONIAZID	CHEBI:6030	QRXWMOHMRWLFEY-UHFFFAOYSA-N				1422	1422		WHO2019	solid media	LJ		0.2		S	MEDIUM
3.4.0	DST_MEASUREMENTS	dst_measurements:ba4e85a6853ab0ed	LEV	LEVOFLOXACIN	CHEBI:63598	GSDSWSVVBLHKDQ-JTQLQIEISA-N				59	59		CLIRES2020	liquid media	MGIT	MGIT960			R	MEDIUM
3.4.0	DST_MEASUREMENTS	dst_measurements:5547d6c7a0deb43d	LEV	LEVOFLOXACIN	CHEBI:63598	GSDSWSVVBLHKDQ-JTQLQIEISA-N				104	104		CLIRES2020	liquid media	MGIT	MGIT960			S	MEDIUM
3.4.0	DST_MEASUREMENTS	dst_measurements:c8eb44daf8041232	LEV	LEVOFLOXACIN	CHEBI:63598	GSDSWSVVBLHKDQ-JTQLQIEISA-N				1	1		CLIRES2020	solid media					I	MEDIUM
3.4.0	DST_MEASUREMENTS	dst_measurements:9ba7783724cf5f02	LEV	LEVOFLOXACIN	CHEBI:63598	GSDSWSVVBLHKDQ-JTQLQIEISA-N				109	109		CLIRES2020	solid media					R	MEDIUM
3.4.0	DST_MEASUREMENTS	dst_measurements:b0feb01629e00db6	LEV	LEVOFLOXACIN	CHEBI:63598	GSDSWSVVBLHKDQ-JTQLQIEISA-N				657	657		CLIRES2020	solid media					S	MEDIUM
3.4.0	DST_MEASUREMENTS	dst_measurements:8f171ade97f35797	LEV	LEVOFLOXACIN	CHEBI:63598	GSDSWSVVBLHKDQ-JTQLQIEISA-N				24	24		CLIRES2023	liquid media	MGIT	MGIT960			R	MEDIUM
3.4.0	DST_MEASUREMENTS	dst_measurements:0c8cf45e46fd9963	LEV	LEVOFLOXACIN	CHEBI:63598	GSDSWSVVBLHKDQ-JTQLQIEISA-N				23	23		CLIRES2023	liquid media	MGIT	MGIT960			S	MEDIUM
3.4.0	DST_MEASUREMENTS	dst_measurements:533dd982284d8f9c	LEV	LEVOFLOXACIN	CHEBI:63598	GSDSWSVVBLHKDQ-JTQLQIEISA-N				2	2		CLIRES2023	solid media					I	MEDIUM
3.4.0	DST_MEASUREMENTS	dst_measurements:6ff429e172c26c00	LEV	LEVOFLOXACIN	CHEBI:63598	GSDSWSVVBLHKDQ-JTQLQIEISA-N				116	116		CLIRES2023	solid media					R	MEDIUM
3.4.0	DST_MEASUREMENTS	dst_measurements:52e56b0a6a4c6c6a	LEV	LEVOFLOXACIN	CHEBI:63598	GSDSWSVVBLHKDQ-JTQLQIEISA-N				692	692		CLIRES2023	solid media					S	MEDIUM
3.4.0	DST_MEASUREMENTS	dst_measurements:4af7cb3b90b41e43	LEV	LEVOFLOXACIN	CHEBI:63598	GSDSWSVVBLHKDQ-JTQLQIEISA-N	0.25		mg/L	1230	1230		CRyPTIC	liquid media	microdilution plate	UKMYC5	1.0	0.25	S	HIGH
3.4.0	DST_MEASUREMENTS	dst_measurements:f0647e1cdde21dd5	LEV	LEVOFLOXACIN	CHEBI:63598	GSDSWSVVBLHKDQ-JTQLQIEISA-N	0.25		mg/L	185	185		CRyPTIC	liquid media	microdilution plate	UKMYC5	1.0	0.25	S	LOW
3.4.0	DST_MEASUREMENTS	dst_measurements:7b9efc0a77c1b98d	LEV	LEVOFLOXACIN	CHEBI:63598	GSDSWSVVBLHKDQ-JTQLQIEISA-N	0.25		mg/L	344	344		CRyPTIC	liquid media	microdilution plate	UKMYC5	1.0	0.25	S	MEDIUM
3.4.0	DST_MEASUREMENTS	dst_measurements:5900af4e0d2021ec	LEV	LEVOFLOXACIN	CHEBI:63598	GSDSWSVVBLHKDQ-JTQLQIEISA-N	0.5		mg/L	2447	2447		CRyPTIC	liquid media	microdilution plate	UKMYC5	1.0	0.5	S	HIGH
3.4.0	DST_MEASUREMENTS	dst_measurements:4c9a883afd070b53	LEV	LEVOFLOXACIN	CHEBI:63598	GSDSWSVVBLHKDQ-JTQLQIEISA-N	0.5		mg/L	169	169		CRyPTIC	liquid media	microdilution plate	UKMYC5	1.0	0.5	S	LOW
3.4.0	DST_MEASUREMENTS	dst_measurements:3c0318034182ddc5	LEV	LEVOFLOXACIN	CHEBI:63598	GSDSWSVVBLHKDQ-JTQLQIEISA-N	0.5		mg/L	411	411		CRyPTIC	liquid media	microdilution plate	UKMYC5	1.0	0.5	S	MEDIUM
3.4.0	DST_MEASUREMENTS	dst_measurements:cc7e5451822975d1	LEV	LEVOFLOXACIN	CHEBI:63598	GSDSWSVVBLHKDQ-JTQLQIEISA-N	1.0		mg/L	325	325		CRyPTIC	liquid media	microdilution plate	UKMYC5	1.0	1.0	S	HIGH
3.4.0	DST_MEASUREMENTS	dst_measurements:4f0c45890e9af6db	LEV	LEVOFLOXACIN	CHEBI:63598	GSDSWSVVBLHKDQ-JTQLQIEISA-N	1.0		mg/L	63	63		CRyPTIC	liquid media	microdilution plate	UKMYC5	1.0	1.0	S	LOW
3.4.0	DST_MEASUREMENTS	dst_measurements:d1e479932a77a81d	LEV	LEVOFLOXACIN	CHEBI:63598	GSDSWSVVBLHKDQ-JTQLQIEISA-N	1.0		mg/L	50	50		CRyPTIC	liquid media	microdilution plate	UKMYC5	1.0	1.0	S	MEDIUM
3.4.0	DST_MEASUREMENTS	dst_measurements:c857c1d4225a84f3	LEV	LEVOFLOXACIN	CHEBI:63598	GSDSWSVVBLHKDQ-JTQLQIEISA-N	2.0		mg/L	143	143		CRyPTIC	liquid media	microdilution plate	UKMYC5	1.0	2.0	R	HIGH
3.4.0	DST_MEASUREMENTS	dst_measurements:567736dacb7eda1a	LEV	LEVOFLOXACIN	CHEBI:63598	GSDSWSVVBLHKDQ-JTQLQIEISA-N	2.0		mg/L	48	48		CRyPTIC	liquid media	microdilution plate	UKMYC5	1.0	2.0	R	LOW
3.4.0	DST_MEASUREMENTS	dst_measurements:96bf31f174001c3e	LEV	LEVOFLOXACIN	CHEBI:63598	GSDSWSVVBLHKDQ-JTQLQIEISA-N	2.0		mg/L	44	44		CRyPTIC	liquid media	microdilution plate	UKMYC5	1.0	2.0	R	MEDIUM
3.4.0	DST_MEASUREMENTS	dst_measurements:d4756f1b210ffc80	LEV	LEVOFLOXACIN	CHEBI:63598	GSDSWSVVBLHKDQ-JTQLQIEISA-N	4.0		mg/L	302	302		CRyPTIC	liquid media	microdilution plate	UKMYC5	1.0	4.0	R	HIGH
3.4.0	DST_MEASUREMENTS	dst_measurements:3a2e678bdd563fb4	LEV	LEVOFLOXACIN	CHEBI:63598	GSDSWSVVBLHKDQ-JTQLQIEISA-N	4.0		mg/L	64	64		CRyPTIC	liquid media	microdilution plate	UKMYC5	1.0	4.0	R	LOW
3.4.0	DST_MEASUREMENTS	dst_measurements:796c85783726bc24	LEV	LEVOFLOXACIN	CHEBI:63598	GSDSWSVVBLHKDQ-JTQLQIEISA-N	4.0		mg/L	92	92		CRyPTIC	liquid media	microdilution plate	UKMYC5	1.0	4.0	R	MEDIUM
3.4.0	DST_MEASUREMENTS	dst_measurements:5ec7e65ed009f68e	LEV	LEVOFLOXACIN	CHEBI:63598	GSDSWSVVBLHKDQ-JTQLQIEISA-N	8.0		mg/L	316	316		CRyPTIC	liquid media	microdilution plate	UKMYC5	1.0	8.0	R	HIGH
3.4.0	DST_MEASUREMENTS	dst_measurements:ef6e09cf97c566c5	LEV	LEVOFLOXACIN	CHEBI:63598	GSDSWSVVBLHKDQ-JTQLQIEISA-N	8.0		mg/L	27	27		CRyPTIC	liquid media	microdilution plate	UKMYC5	1.0	8.0	R	LOW
3.4.0	DST_MEASUREMENTS	dst_measurements:3e46a5bfb7590996	LEV	LEVOFLOXACIN	CHEBI:63598	GSDSWSVVBLHKDQ-JTQLQIEISA-N	8.0		mg/L	77	77		CRyPTIC	liquid media	microdilution plate	UKMYC5	1.0	8.0	R	MEDIUM
3.4.0	DST_MEASUREMENTS	dst_measurements:fcd19eb99bc14a68	LEV	LEVOFLOXACIN	CHEBI:63598	GSDSWSVVBLHKDQ-JTQLQIEISA-N	0.12	<=	mg/L	214	214		CRyPTIC	liquid media	microdilution plate	UKMYC5	1.0	<=0.12	S	HIGH
3.4.0	DST_MEASUREMENTS	dst_measurements:87ab254972b833d7	LEV	LEVOFLOXACIN	CHEBI:63598	GSDSWSVVBLHKDQ-JTQLQIEISA-N	0.12	<=	mg/L	56	56		CRyPTIC	liquid media	microdilution plate	UKMYC5	1.0	<=0.12	S	LOW
3.4.0	DST_MEASUREMENTS	dst_measurements:d5f17105a5ca245f	LEV	LEVOFLOXACIN	CHEBI:63598	GSDSWSVVBLHKDQ-JTQLQIEISA-N	0.12	<=	mg/L	37	37		CRyPTIC	liquid media	microdilution plate	UKMYC5	1.0	<=0.12	S	MEDIUM
3.4.0	DST_MEASUREMENTS	dst_measurements:cc00eb4f986202ad	LEV	LEVOFLOXACIN	CHEBI:63598	GSDSWSVVBLHKDQ-JTQLQIEISA-N	8	>	mg/L	246	246		CRyPTIC	liquid media	microdilution plate	UKMYC5	1.0	>8	R	HIGH
3.4.0	DST_MEASUREMENTS	dst_measurements:92642f93b186beb7	LEV	LEVOFLOXACIN	CHEBI:63598	GSDSWSVVBLHKDQ-JTQLQIEISA-N	8	>	mg/L	7	7		CRyPTIC	liquid media	microdilution plate	UKMYC5	1.0	>8	R	LOW
3.4.0	DST_MEASUREMENTS	dst_measurements:c384c5e21c65e2c4	LEV	LEVOFLOXACIN	CHEBI:63598	GSDSWSVVBLHKDQ-JTQLQIEISA-N	8	>	mg/L	26	26		CRyPTIC	liquid media	microdilution plate	UKMYC5	1.0	>8	R	MEDIUM
3.4.0	DST_MEASUREMENTS	dst_measurements:932152fa8221020b	LEV	LEVOFLOXACIN	CHEBI:63598	GSDSWSVVBLHKDQ-JTQLQIEISA-N				9	9		CRyPTIC	liquid media	microdilution plate	UKMYC5	1.0			HIGH
3.4.0	DST_MEASUREMENTS	dst_measurements:b63102f15b0c6b53	LEV	LEVOFLOXACIN	CHEBI:63598	GSDSWSVVBLHKDQ-JTQLQIEISA-N				3	3		CRyPTIC	liquid media	microdilution plate	UKMYC5	1.0			LOW
3.4.0	DST_MEASUREMENTS	dst_measurements:cd43aaa2b90389ce	LEV	LEVOFLOXACIN	CHEBI:63598	GSDSWSVVBLHKDQ-JTQLQIEISA-N				102	102		CRyPTIC	liquid media	microdilution plate	UKMYC5	1.0			MEDIUM
3.4.0	DST_MEASUREMENTS	dst_measurements:e1b3b8d18f3e4b1b	LEV	LEVOFLOXACIN	CHEBI:63598	GSDSWSVVBLHKDQ-JTQLQIEISA-N	0.25		mg/L	3606	3606		CRyPTIC	liquid media	microdilution plate	UKMYC6	1.0	0.25	S	HIGH
3.4.0	DST_MEASUREMENTS	dst_measurements:4c5aac435e1ff3b0	LEV	LEVOFLOXACIN	CHEBI:63598	GSDSWSVVBLHKDQ-JTQLQIEISA-N	0.25		mg/L	507	507		CRyPTIC	liquid media	microdilution plate	UKMYC6	1.0	0.25	S	LOW
3.4.0	DST_MEASUREMENTS	dst_measurements:162017ba87602e91	LEV	LEVOFLOXACIN	CHEBI:63598	GSDSWSVVBLHKDQ-JTQLQIEISA-N	0.25		mg/L	348	348		CRyPTIC	liquid media	microdilution plate	UKMYC6	1.0	0.25	S	MEDIUM
3.4.0	DST_MEASUREMENTS	dst_measurements:f7420e62943a530f	LEV	LEVOFLOXACIN	CHEBI:63598	GSDSWSVVBLHKDQ-JTQLQIEISA-N	0.5		mg/L	5892	5892		CRyPTIC	liquid media	microdilution plate	UKMYC6	1.0	0.5	S	HIGH
3.4.0	DST_MEASUREMENTS	dst_measurements:bdda35c69788793c	LEV	LEVOFLOXACIN	CHEBI:63598	GSDSWSVVBLHKDQ-JTQLQIEISA-N	0.5		mg/L	621	621		CRyPTIC	liquid media	microdilution plate	UKMYC6	1.0	0.5	S	LOW
3.4.0	DST_MEASUREMENTS	dst_measurements:00b247420c466c42	LEV	LEVOFLOXACIN	CHEBI:63598	GSDSWSVVBLHKDQ-JTQLQIEISA-N	0.5		mg/L	312	312		CRyPTIC	liquid media	microdilution plate	UKMYC6	1.0	0.5	S	MEDIUM
3.4.0	DST_MEASUREMENTS	dst_measurements:232a815f9a41a09a	LEV	LEVOFLOXACIN	CHEBI:63598	GSDSWSVVBLHKDQ-JTQLQIEISA-N	1.0		mg/L	843	843		CRyPTIC	liquid media	microdilution plate	UKMYC6	1.0	1.0	S	HIGH
3.4.0	DST_MEASUREMENTS	dst_measurements:ebbed6d1c434848b	LEV	LEVOFLOXACIN	CHEBI:63598	GSDSWSVVBLHKDQ-JTQLQIEISA-N	1.0		mg/L	134	134		CRyPTIC	liquid media	microdilution plate	UKMYC6	1.0	1.0	S	LOW
3.4.0	DST_MEASUREMENTS	dst_measurements:08fcc8ddf5c09bd5	LEV	LEVOFLOXACIN	CHEBI:63598	GSDSWSVVBLHKDQ-JTQLQIEISA-N	1.0		mg/L	71	71		CRyPTIC	liquid media	microdilution plate	UKMYC6	1.0	1.0	S	MEDIUM
3.4.0	DST_MEASUREMENTS	dst_measurements:46b51bc591ace6a2	LEV	LEVOFLOXACIN	CHEBI:63598	GSDSWSVVBLHKDQ-JTQLQIEISA-N	2.0		mg/L	239	239		CRyPTIC	liquid media	microdilution plate	UKMYC6	1.0	2.0	R	HIGH
3.4.0	DST_MEASUREMENTS	dst_measurements:a2b0dcdb2ee7224b	LEV	LEVOFLOXACIN	CHEBI:63598	GSDSWSVVBLHKDQ-JTQLQIEISA-N	2.0		mg/L	65	65		CRyPTIC	liquid media	microdilution plate	UKMYC6	1.0	2.0	R	LOW
3.4.0	DST_MEASUREMENTS	dst_measurements:5c31bd58c0b0c75b	LEV	LEVOFLOXACIN	CHEBI:63598	GSDSWSVVBLHKDQ-JTQLQIEISA-N	2.0		mg/L	82	82		CRyPTIC	liquid media	microdilution plate	UKMYC6	1.0	2.0	R	MEDIUM
3.4.0	DST_MEASUREMENTS	dst_measurements:5de37665f0363340	LEV	LEVOFLOXACIN	CHEBI:63598	GSDSWSVVBLHKDQ-JTQLQIEISA-N	4.0		mg/L	388	388		CRyPTIC	liquid media	microdilution plate	UKMYC6	1.0	4.0	R	HIGH
3.4.0	DST_MEASUREMENTS	dst_measurements:38b4d2e4521f8bd7	LEV	LEVOFLOXACIN	CHEBI:63598	GSDSWSVVBLHKDQ-JTQLQIEISA-N	4.0		mg/L	53	53		CRyPTIC	liquid media	microdilution plate	UKMYC6	1.0	4.0	R	LOW
3.4.0	DST_MEASUREMENTS	dst_measurements:0cf7842305489e20	LEV	LEVOFLOXACIN	CHEBI:63598	GSDSWSVVBLHKDQ-JTQLQIEISA-N	4.0		mg/L	125	125		CRyPTIC	liquid media	microdilution plate	UKMYC6	1.0	4.0	R	MEDIUM
3.4.0	DST_MEASUREMENTS	dst_measurements:2fb5ac687fcad7e5	LEV	LEVOFLOXACIN	CHEBI:63598	GSDSWSVVBLHKDQ-JTQLQIEISA-N	8.0		mg/L	446	446		CRyPTIC	liquid media	microdilution plate	UKMYC6	1.0	8.0	R	HIGH
3.4.0	DST_MEASUREMENTS	dst_measurements:cfac24f7aec05d98	LEV	LEVOFLOXACIN	CHEBI:63598	GSDSWSVVBLHKDQ-JTQLQIEISA-N	8.0		mg/L	27	27		CRyPTIC	liquid media	microdilution plate	UKMYC6	1.0	8.0	R	LOW
3.4.0	DST_MEASUREMENTS	dst_measurements:9dc142d9f7666ed8	LEV	LEVOFLOXACIN	CHEBI:63598	GSDSWSVVBLHKDQ-JTQLQIEISA-N	8.0		mg/L	98	98		CRyPTIC	liquid media	microdilution plate	UKMYC6	1.0	8.0	R	MEDIUM
3.4.0	DST_MEASUREMENTS	dst_measurements:b4aef922d06967c8	LEV	LEVOFLOXACIN	CHEBI:63598	GSDSWSVVBLHKDQ-JTQLQIEISA-N	0.12	<=	mg/L	284	284		CRyPTIC	liquid media	microdilution plate	UKMYC6	1.0	<=0.12	S	HIGH
3.4.0	DST_MEASUREMENTS	dst_measurements:bd4b35147bd40f67	LEV	LEVOFLOXACIN	CHEBI:63598	GSDSWSVVBLHKDQ-JTQLQIEISA-N	0.12	<=	mg/L	83	83		CRyPTIC	liquid media	microdilution plate	UKMYC6	1.0	<=0.12	S	LOW
3.4.0	DST_MEASUREMENTS	dst_measurements:5230fb28732c2d4f	LEV	LEVOFLOXACIN	CHEBI:63598	GSDSWSVVBLHKDQ-JTQLQIEISA-N	0.12	<=	mg/L	85	85		CRyPTIC	liquid media	microdilution plate	UKMYC6	1.0	<=0.12	S	MEDIUM
3.4.0	DST_MEASUREMENTS	dst_measurements:dea085821233dd6a	LEV	LEVOFLOXACIN	CHEBI:63598	GSDSWSVVBLHKDQ-JTQLQIEISA-N	8	>	mg/L	240	240		CRyPTIC	liquid media	microdilution plate	UKMYC6	1.0	>8	R	HIGH
3.4.0	DST_MEASUREMENTS	dst_measurements:7c055ddf42f1e16f	LEV	LEVOFLOXACIN	CHEBI:63598	GSDSWSVVBLHKDQ-JTQLQIEISA-N	8	>	mg/L	3	3		CRyPTIC	liquid media	microdilution plate	UKMYC6	1.0	>8	R	LOW
3.4.0	DST_MEASUREMENTS	dst_measurements:939e829b5b5980f5	LEV	LEVOFLOXACIN	CHEBI:63598	GSDSWSVVBLHKDQ-JTQLQIEISA-N	8	>	mg/L	44	44		CRyPTIC	liquid media	microdilution plate	UKMYC6	1.0	>8	R	MEDIUM
3.4.0	DST_MEASUREMENTS	dst_measurements:e3443f2d52e508c9	LEV	LEVOFLOXACIN	CHEBI:63598	GSDSWSVVBLHKDQ-JTQLQIEISA-N				17	17		CRyPTIC	liquid media	microdilution plate	UKMYC6	1.0			HIGH
3.4.0	DST_MEASUREMENTS	dst_measurements:757a5ce60198ee81	LEV	LEVOFLOXACIN	CHEBI:63598	GSDSWSVVBLHKDQ-JTQLQIEISA-N				10	10		CRyPTIC	liquid media	microdilution plate	UKMYC6	1.0			LOW
3.4.0	DST_MEASUREMENTS	dst_measurements:04f160da83e317ef	LEV	LEVOFLOXACIN	CHEBI:63598	GSDSWSVVBLHKDQ-JTQLQIEISA-N				21	21		CRyPTIC	liquid media	microdilution plate	UKMYC6	1.0			MEDIUM
3.4.0	DST_MEASUREMENTS	dst_measurements:1d797455263cd39c	LEV	LEVOFLOXACIN	CHEBI:63598	GSDSWSVVBLHKDQ-JTQLQIEISA-N				172	172		KMVALIDATION2025	not specified					R	MEDIUM
3.4.0	DST_MEASUREMENTS	dst_measurements:0cce50b26e655dca	LEV	LEVOFLOXACIN	CHEBI:63598	GSDSWSVVBLHKDQ-JTQLQIEISA-N				660	660		KMVALIDATION2025	not specified					S	MEDIUM
3.4.0	DST_MEASUREMENTS	dst_measurements:6261369701f49587	LEV	LEVOFLOXACIN	CHEBI:63598	GSDSWSVVBLHKDQ-JTQLQIEISA-N				60	60		MUMBAI2018	liquid media	MGIT	MGIT960			R	MEDIUM
3.4.0	DST_MEASUREMENTS	dst_measurements:8e9fa9d757a1379b	LEV	LEVOFLOXACIN	CHEBI:63598	GSDSWSVVBLHKDQ-JTQLQIEISA-N				64	64		MUMBAI2018	liquid media	MGIT	MGIT960			S	MEDIUM
3.4.0	DST_MEASUREMENTS	dst_measurements:84bb54b77fab57b5	LEV	LEVOFLOXACIN	CHEBI:63598	GSDSWSVVBLHKDQ-JTQLQIEISA-N				1	1		SEQTREAT2020	liquid media	MGIT	MGIT960	1.5		R	MEDIUM
3.4.0	DST_MEASUREMENTS	dst_measurements:1729838086d72f24	LEV	LEVOFLOXACIN	CHEBI:63598	GSDSWSVVBLHKDQ-JTQLQIEISA-N				2	2		SEQTREAT2020	liquid media	MGIT	MGIT960	1.5		S	MEDIUM
3.4.0	DST_MEASUREMENTS	dst_measurements:d344a2a4d6ed9484	LEV	LEVOFLOXACIN	CHEBI:63598	GSDSWSVVBLHKDQ-JTQLQIEISA-N				42	42		SEQTREAT2020	liquid media	MGIT	MGIT960	WHO		R	MEDIUM
3.4.0	DST_MEASUREMENTS	dst_measurements:b1384d830174b937	LEV	LEVOFLOXACIN	CHEBI:63598	GSDSWSVVBLHKDQ-JTQLQIEISA-N				206	206		SEQTREAT2020	liquid media	MGIT	MGIT960	WHO		S	MEDIUM
3.4.0	DST_MEASUREMENTS	dst_measurements:8049a6b59faaf5e2	LEV	LEVOFLOXACIN	CHEBI:63598	GSDSWSVVBLHKDQ-JTQLQIEISA-N				508	508		SEQTREAT2020	liquid media	MGIT	MGIT960	WHO		U	MEDIUM
3.4.0	DST_MEASUREMENTS	dst_measurements:3e1b4fbb5d390dae	LEV	LEVOFLOXACIN	CHEBI:63598	GSDSWSVVBLHKDQ-JTQLQIEISA-N				127	127		SEQTREAT2020	liquid media	MGIT		WHO		R	MEDIUM
3.4.0	DST_MEASUREMENTS	dst_measurements:205d054c95fcd47a	LEV	LEVOFLOXACIN	CHEBI:63598	GSDSWSVVBLHKDQ-JTQLQIEISA-N				71	71		SEQTREAT2020	liquid media	MGIT		WHO		S	MEDIUM
3.4.0	DST_MEASUREMENTS	dst_measurements:ea743c67cbda2dd3	LEV	LEVOFLOXACIN	CHEBI:63598	GSDSWSVVBLHKDQ-JTQLQIEISA-N				1282	1282		SEQTREAT2020	liquid media	MGIT		WHO		U	MEDIUM
3.4.0	DST_MEASUREMENTS	dst_measurements:d4673ae7877c2295	LEV	LEVOFLOXACIN	CHEBI:63598	GSDSWSVVBLHKDQ-JTQLQIEISA-N	0.25		mg/L	91	91		SEQTREAT2020	liquid media	microdilution plate	UKMYC5		0.25	S	MEDIUM
3.4.0	DST_MEASUREMENTS	dst_measurements:30b6cb1d3b74021a	LEV	LEVOFLOXACIN	CHEBI:63598	GSDSWSVVBLHKDQ-JTQLQIEISA-N	0.5		mg/L	106	106		SEQTREAT2020	liquid media	microdilution plate	UKMYC5		0.5	S	MEDIUM
3.4.0	DST_MEASUREMENTS	dst_measurements:d4110f1696fbfddf	LEV	LEVOFLOXACIN	CHEBI:63598	GSDSWSVVBLHKDQ-JTQLQIEISA-N	1.0		mg/L	23	23		SEQTREAT2020	liquid media	microdilution plate	UKMYC5		1.0	S	MEDIUM
3.4.0	DST_MEASUREMENTS	dst_measurements:497a4571e990f58e	LEV	LEVOFLOXACIN	CHEBI:63598	GSDSWSVVBLHKDQ-JTQLQIEISA-N	2.0		mg/L	5	5		SEQTREAT2020	liquid media	microdilution plate	UKMYC5		2.0	R	MEDIUM
3.4.0	DST_MEASUREMENTS	dst_measurements:fac714354faa014d	LEV	LEVOFLOXACIN	CHEBI:63598	GSDSWSVVBLHKDQ-JTQLQIEISA-N	4.0		mg/L	2	2		SEQTREAT2020	liquid media	microdilution plate	UKMYC5		4.0	R	MEDIUM
3.4.0	DST_MEASUREMENTS	dst_measurements:78d989625b8c48e2	LEV	LEVOFLOXACIN	CHEBI:63598	GSDSWSVVBLHKDQ-JTQLQIEISA-N	0.12	<=	mg/L	36	36		SEQTREAT2020	liquid media	microdilution plate	UKMYC5		<=0.12	S	MEDIUM
3.4.0	DST_MEASUREMENTS	dst_measurements:0bbbd3d83d947418	LEV	LEVOFLOXACIN	CHEBI:63598	GSDSWSVVBLHKDQ-JTQLQIEISA-N				20	20		SEQTREAT2020	liquid media	microdilution plate	UKMYC5			U	MEDIUM
3.4.0	DST_MEASUREMENTS	dst_measurements:90a6da504c02b5d1	LEV	LEVOFLOXACIN	CHEBI:63598	GSDSWSVVBLHKDQ-JTQLQIEISA-N				1	1		SEQTREAT2020	solid media	LJ		WHO		S	MEDIUM
3.4.0	DST_MEASUREMENTS	dst_measurements:e43c24f879b5650a	LEV	LEVOFLOXACIN	CHEBI:63598	GSDSWSVVBLHKDQ-JTQLQIEISA-N				177	177		SEQTREAT2020	solid media	LJ		WHO		U	MEDIUM
3.4.0	DST_MEASUREMENTS	dst_measurements:4fbc309ac800d21a	LEV	LEVOFLOXACIN	CHEBI:63598	GSDSWSVVBLHKDQ-JTQLQIEISA-N				49	49		SEQTREAT2020	solid media	middlebrook	7H10	2.0		R	MEDIUM
3.4.0	DST_MEASUREMENTS	dst_measurements:484ff88581f6f830	LEV	LEVOFLOXACIN	CHEBI:63598	GSDSWSVVBLHKDQ-JTQLQIEISA-N				86	86		SEQTREAT2020	solid media	middlebrook	7H10	2.0		S	MEDIUM
3.4.0	DST_MEASUREMENTS	dst_measurements:dc50bbc95b756a4b	LEV	LEVOFLOXACIN	CHEBI:63598	GSDSWSVVBLHKDQ-JTQLQIEISA-N				17	17		WHO2019	liquid media	MGIT	MGIT960	1.5		R	MEDIUM
3.4.0	DST_MEASUREMENTS	dst_measurements:36f398229e50bdab	LEV	LEVOFLOXACIN	CHEBI:63598	GSDSWSVVBLHKDQ-JTQLQIEISA-N				20	20		WHO2019	liquid media	MGIT	MGIT960	1.5		S	MEDIUM
3.4.0	DST_MEASUREMENTS	dst_measurements:30ce7eff294d893b	LEV	LEVOFLOXACIN	CHEBI:63598	GSDSWSVVBLHKDQ-JTQLQIEISA-N				52	52		WHO2019	liquid media	MGIT	MGIT960	WHO		R	MEDIUM
3.4.0	DST_MEASUREMENTS	dst_measurements:6c6b6c32cca484da	LEV	LEVOFLOXACIN	CHEBI:63598	GSDSWSVVBLHKDQ-JTQLQIEISA-N				17	17		WHO2019	liquid media	MGIT	MGIT960	WHO		S	MEDIUM
3.4.0	DST_MEASUREMENTS	dst_measurements:484725f5f920242d	LZD	LINEZOLID	CHEBI:63607	TYZROVQLWOKYKF-ZDUSSCGKSA-N				79	79		CLIRES2020	liquid media	MGIT	MGIT960			R	MEDIUM
3.4.0	DST_MEASUREMENTS	dst_measurements:0f1fa54787c02608	LZD	LINEZOLID	CHEBI:63607	TYZROVQLWOKYKF-ZDUSSCGKSA-N				4536	4536		CLIRES2020	liquid media	MGIT	MGIT960			S	MEDIUM
3.4.0	DST_MEASUREMENTS	dst_measurements:22d048bf0ee4dc35	LZD	LINEZOLID	CHEBI:63607	TYZROVQLWOKYKF-ZDUSSCGKSA-N				5	5		CLIRES2020	not specified					S	MEDIUM
3.4.0	DST_MEASUREMENTS	dst_measurements:1af76e0694c4bbf4	LZD	LINEZOLID	CHEBI:63607	TYZROVQLWOKYKF-ZDUSSCGKSA-N				1	1		CLIRES2020	solid media					R	MEDIUM
3.4.0	DST_MEASUREMENTS	dst_measurements:e6e5027b89cecef3	LZD	LINEZOLID	CHEBI:63607	TYZROVQLWOKYKF-ZDUSSCGKSA-N				97	97		CLIRES2020	solid media					S	MEDIUM
3.4.0	DST_MEASUREMENTS	dst_measurements:554aabd52214d712	LZD	LINEZOLID	CHEBI:63607	TYZROVQLWOKYKF-ZDUSSCGKSA-N				24	24		CLIRES2023	liquid media	MGIT	MGIT960			R	MEDIUM
3.4.0	DST_MEASUREMENTS	dst_measurements:25f8846dec1c3df1	LZD	LINEZOLID	CHEBI:63607	TYZROVQLWOKYKF-ZDUSSCGKSA-N				1065	1065		CLIRES2023	liquid media	MGIT	MGIT960			S	MEDIUM
3.4.0	DST_MEASUREMENTS	dst_measurements:7fb9392380e9c727	LZD	LINEZOLID	CHEBI:63607	TYZROVQLWOKYKF-ZDUSSCGKSA-N				1	1		CLIRES2023	not specified					S	MEDIUM
3.4.0	DST_MEASUREMENTS	dst_measurements:72c1091a943dbd9e	LZD	LINEZOLID	CHEBI:63607	TYZROVQLWOKYKF-ZDUSSCGKSA-N				10	10		CLIRES2023	solid media					S	MEDIUM
3.4.0	DST_MEASUREMENTS	dst_measurements:431c6a2cf9b253df	LZD	LINEZOLID	CHEBI:63607	TYZROVQLWOKYKF-ZDUSSCGKSA-N	0.06		mg/L	138	138		CRyPTIC	liquid media	microdilution plate	UKMYC5	1.0	0.06	S	HIGH
3.4.0	DST_MEASUREMENTS	dst_measurements:b0d64ad0aa8789a4	LZD	LINEZOLID	CHEBI:63607	TYZROVQLWOKYKF-ZDUSSCGKSA-N	0.06		mg/L	50	50		CRyPTIC	liquid media	microdilution plate	UKMYC5	1.0	0.06	S	LOW
3.4.0	DST_MEASUREMENTS	dst_measurements:4a2bf4f70b6697f1	LZD	LINEZOLID	CHEBI:63607	TYZROVQLWOKYKF-ZDUSSCGKSA-N	0.06		mg/L	11	11		CRyPTIC	liquid media	microdilution plate	UKMYC5	1.0	0.06	S	MEDIUM
3.4.0	DST_MEASUREMENTS	dst_measurements:ed5b1701d7d84416	LZD	LINEZOLID	CHEBI:63607	TYZROVQLWOKYKF-ZDUSSCGKSA-N	0.12		mg/L	380	380		CRyPTIC	liquid media	microdilution plate	UKMYC5	1.0	0.12	S	HIGH
3.4.0	DST_MEASUREMENTS	dst_measurements:e6f5fe97bc0546f6	LZD	LINEZOLID	CHEBI:63607	TYZROVQLWOKYKF-ZDUSSCGKSA-N	0.12		mg/L	88	88		CRyPTIC	liquid media	microdilution plate	UKMYC5	1.0	0.12	S	LOW
3.4.0	DST_MEASUREMENTS	dst_measurements:7c541b83aacfcea2	LZD	LINEZOLID	CHEBI:63607	TYZROVQLWOKYKF-ZDUSSCGKSA-N	0.12		mg/L	84	84		CRyPTIC	liquid media	microdilution plate	UKMYC5	1.0	0.12	S	MEDIUM
3.4.0	DST_MEASUREMENTS	dst_measurements:06f8916143184e81	LZD	LINEZOLID	CHEBI:63607	TYZROVQLWOKYKF-ZDUSSCGKSA-N	0.25		mg/L	1138	1138		CRyPTIC	liquid media	microdilution plate	UKMYC5	1.0	0.25	S	HIGH
3.4.0	DST_MEASUREMENTS	dst_measurements:986502fddec56d44	LZD	LINEZOLID	CHEBI:63607	TYZROVQLWOKYKF-ZDUSSCGKSA-N	0.25		mg/L	184	184		CRyPTIC	liquid media	microdilution plate	UKMYC5	1.0	0.25	S	LOW
3.4.0	DST_MEASUREMENTS	dst_measurements:3be81662b0f2c7c9	LZD	LINEZOLID	CHEBI:63607	TYZROVQLWOKYKF-ZDUSSCGKSA-N	0.25		mg/L	330	330		CRyPTIC	liquid media	microdilution plate	UKMYC5	1.0	0.25	S	MEDIUM
3.4.0	DST_MEASUREMENTS	dst_measurements:b63beca2f8a1e9c8	LZD	LINEZOLID	CHEBI:63607	TYZROVQLWOKYKF-ZDUSSCGKSA-N	0.5		mg/L	2644	2644		CRyPTIC	liquid media	microdilution plate	UKMYC5	1.0	0.5	S	HIGH
3.4.0	DST_MEASUREMENTS	dst_measurements:034cb4cab6610924	LZD	LINEZOLID	CHEBI:63607	TYZROVQLWOKYKF-ZDUSSCGKSA-N	0.5		mg/L	218	218		CRyPTIC	liquid media	microdilution plate	UKMYC5	1.0	0.5	S	LOW
3.4.0	DST_MEASUREMENTS	dst_measurements:7c10b5fc4cb2a15c	LZD	LINEZOLID	CHEBI:63607	TYZROVQLWOKYKF-ZDUSSCGKSA-N	0.5		mg/L	511	511		CRyPTIC	liquid media	microdilution plate	UKMYC5	1.0	0.5	S	MEDIUM
3.4.0	DST_MEASUREMENTS	dst_measurements:008af3065bcac49a	LZD	LINEZOLID	CHEBI:63607	TYZROVQLWOKYKF-ZDUSSCGKSA-N	1.0		mg/L	775	775		CRyPTIC	liquid media	microdilution plate	UKMYC5	1.0	1.0	S	HIGH
3.4.0	DST_MEASUREMENTS	dst_measurements:ea49ae0155ed772a	LZD	LINEZOLID	CHEBI:63607	TYZROVQLWOKYKF-ZDUSSCGKSA-N	1.0		mg/L	55	55		CRyPTIC	liquid media	microdilution plate	UKMYC5	1.0	1.0	S	LOW
3.4.0	DST_MEASUREMENTS	dst_measurements:8a110eb51c849cf2	LZD	LINEZOLID	CHEBI:63607	TYZROVQLWOKYKF-ZDUSSCGKSA-N	1.0		mg/L	106	106		CRyPTIC	liquid media	microdilution plate	UKMYC5	1.0	1.0	S	MEDIUM
3.4.0	DST_MEASUREMENTS	dst_measurements:57295674b46c8fea	LZD	LINEZOLID	CHEBI:63607	TYZROVQLWOKYKF-ZDUSSCGKSA-N	2.0		mg/L	47	47		CRyPTIC	liquid media	microdilution plate	UKMYC5	1.0	2.0	R	HIGH
3.4.0	DST_MEASUREMENTS	dst_measurements:13fd7f89082f2709	LZD	LINEZOLID	CHEBI:63607	TYZROVQLWOKYKF-ZDUSSCGKSA-N	2.0		mg/L	8	8		CRyPTIC	liquid media	microdilution plate	UKMYC5	1.0	2.0	R	LOW
3.4.0	DST_MEASUREMENTS	dst_measurements:1c4817a63ad07ca4	LZD	LINEZOLID	CHEBI:63607	TYZROVQLWOKYKF-ZDUSSCGKSA-N	2.0		mg/L	6	6		CRyPTIC	liquid media	microdilution plate	UKMYC5	1.0	2.0	R	MEDIUM
3.4.0	DST_MEASUREMENTS	dst_measurements:61f3610f592053a4	LZD	LINEZOLID	CHEBI:63607	TYZROVQLWOKYKF-ZDUSSCGKSA-N	0.03	<=	mg/L	37	37		CRyPTIC	liquid media	microdilution plate	UKMYC5	1.0	<=0.03	S	HIGH
3.4.0	DST_MEASUREMENTS	dst_measurements:f7e245dce32df810	LZD	LINEZOLID	CHEBI:63607	TYZROVQLWOKYKF-ZDUSSCGKSA-N	0.03	<=	mg/L	29	29		CRyPTIC	liquid media	microdilution plate	UKMYC5	1.0	<=0.03	S	LOW
3.4.0	DST_MEASUREMENTS	dst_measurements:895500683ce38b42	LZD	LINEZOLID	CHEBI:63607	TYZROVQLWOKYKF-ZDUSSCGKSA-N	0.03	<=	mg/L	22	22		CRyPTIC	liquid media	microdilution plate	UKMYC5	1.0	<=0.03	S	MEDIUM
3.4.0	DST_MEASUREMENTS	dst_measurements:80553d120cc349ac	LZD	LINEZOLID	CHEBI:63607	TYZROVQLWOKYKF-ZDUSSCGKSA-N	2	>	mg/L	53	53		CRyPTIC	liquid media	microdilution plate	UKMYC5	1.0	>2	R	HIGH
3.4.0	DST_MEASUREMENTS	dst_measurements:fd469b5223608669	LZD	LINEZOLID	CHEBI:63607	TYZROVQLWOKYKF-ZDUSSCGKSA-N	2	>	mg/L	2	2		CRyPTIC	liquid media	microdilution plate	UKMYC5	1.0	>2	R	LOW
3.4.0	DST_MEASUREMENTS	dst_measurements:58d8aad2b9fdab61	LZD	LINEZOLID	CHEBI:63607	TYZROVQLWOKYKF-ZDUSSCGKSA-N	2	>	mg/L	8	8		CRyPTIC	liquid media	microdilution plate	UKMYC5	1.0	>2	R	MEDIUM
3.4.0	DST_MEASUREMENTS	dst_measurements:dbf6a0ee101f39ec	LZD	LINEZOLID	CHEBI:63607	TYZROVQLWOKYKF-ZDUSSCGKSA-N				6	6		CRyPTIC	liquid media	microdilution plate	UKMYC5	1.0			HIGH
3.4.0	DST_MEASUREMENTS	dst_measurements:4790e369792888f9	LZD	LINEZOLID	CHEBI:63607	TYZROVQLWOKYKF-ZDUSSCGKSA-N				4	4		CRyPTIC	liquid media	microdilution plate	UKMYC5	1.0			LOW
3.4.0	DST_MEASUREMENTS	dst_measurements:39c5660f8f3a94db	LZD	LINEZOLID	CHEBI:63607	TYZROVQLWOKYKF-ZDUSSCGKSA-N				103	103		CRyPTIC	liquid media	microdilution plate	UKMYC5	1.0			MEDIUM
3.4.0	DST_MEASUREMENTS	dst_measurements:84f9d3d0c217f29a	LZD	LINEZOLID	CHEBI:63607	TYZROVQLWOKYKF-ZDUSSCGKSA-N	0.12		mg/L	661	661		CRyPTIC	liquid media	microdilution plate	UKMYC6	1.0	0.12	S	HIGH
3.4.0	DST_MEASUREMENTS	dst_measurements:63ab858fdb77e54a	LZD	LINEZOLID	CHEBI:63607	TYZROVQLWOKYKF-ZDUSSCGKSA-N	0.12		mg/L	190	190		CRyPTIC	liquid media	microdilution plate	UKMYC6	1.0	0.12	S	LOW
3.4.0	DST_MEASUREMENTS	dst_measurements:97b5474c99df6c32	LZD	LINEZOLID	CHEBI:63607	TYZROVQLWOKYKF-ZDUSSCGKSA-N	0.12		mg/L	228	228		CRyPTIC	liquid media	microdilution plate	UKMYC6	1.0	0.12	S	MEDIUM
3.4.0	DST_MEASUREMENTS	dst_measurements:aa063477966d20e6	LZD	LINEZOLID	CHEBI:63607	TYZROVQLWOKYKF-ZDUSSCGKSA-N	0.25		mg/L	3471	3471		CRyPTIC	liquid media	microdilution plate	UKMYC6	1.0	0.25	S	HIGH
3.4.0	DST_MEASUREMENTS	dst_measurements:5752df4275366c48	LZD	LINEZOLID	CHEBI:63607	TYZROVQLWOKYKF-ZDUSSCGKSA-N	0.25		mg/L	621	621		CRyPTIC	liquid media	microdilution plate	UKMYC6	1.0	0.25	S	LOW
3.4.0	DST_MEASUREMENTS	dst_measurements:7c18377342cd15b5	LZD	LINEZOLID	CHEBI:63607	TYZROVQLWOKYKF-ZDUSSCGKSA-N	0.25		mg/L	659	659		CRyPTIC	liquid media	microdilution plate	UKMYC6	1.0	0.25	S	MEDIUM
3.4.0	DST_MEASUREMENTS	dst_measurements:fe604d7fb3e646d9	LZD	LINEZOLID	CHEBI:63607	TYZROVQLWOKYKF-ZDUSSCGKSA-N	0.5		mg/L	5421	5421		CRyPTIC	liquid media	microdilution plate	UKMYC6	1.0	0.5	S	HIGH
3.4.0	DST_MEASUREMENTS	dst_measurements:4de944ad2fc66abd	LZD	LINEZOLID	CHEBI:63607	TYZROVQLWOKYKF-ZDUSSCGKSA-N	0.5		mg/L	717	717		CRyPTIC	liquid media	microdilution plate	UKMYC6	1.0	0.5	S	LOW
3.4.0	DST_MEASUREMENTS	dst_measurements:66c9ba194a5cd7a7	LZD	LINEZOLID	CHEBI:63607	TYZROVQLWOKYKF-ZDUSSCGKSA-N	0.5		mg/L	399	399		CRyPTIC	liquid media	microdilution plate	UKMYC6	1.0	0.5	S	MEDIUM
3.4.0	DST_MEASUREMENTS	dst_measurements:b4b93612d4f899a7	LZD	LINEZOLID	CHEBI:63607	TYZROVQLWOKYKF-ZDUSSCGKSA-N	1.0		mg/L	1614	1614		CRyPTIC	liquid media	microdilution plate	UKMYC6	1.0	1.0	S	HIGH
3.4.0	DST_MEASUREMENTS	dst_measurements:c904ba50e9de1f5d	LZD	LINEZOLID	CHEBI:63607	TYZROVQLWOKYKF-ZDUSSCGKSA-N	1.0		mg/L	191	191		CRyPTIC	liquid media	microdilution plate	UKMYC6	1.0	1.0	S	LOW
3.4.0	DST_MEASUREMENTS	dst_measurements:4908b5cec7e8f2a4	LZD	LINEZOLID	CHEBI:63607	TYZROVQLWOKYKF-ZDUSSCGKSA-N	1.0		mg/L	49	49		CRyPTIC	liquid media	microdilution plate	UKMYC6	1.0	1.0	S	MEDIUM
3.4.0	DST_MEASUREMENTS	dst_measurements:1e35514fffefc1b2	LZD	LINEZOLID	CHEBI:63607	TYZROVQLWOKYKF-ZDUSSCGKSA-N	2.0		mg/L	81	81		CRyPTIC	liquid media	microdilution plate	UKMYC6	1.0	2.0	R	HIGH
3.4.0	DST_MEASUREMENTS	dst_measurements:bc746f4419d8093e	LZD	LINEZOLID	CHEBI:63607	TYZROVQLWOKYKF-ZDUSSCGKSA-N	2.0		mg/L	33	33		CRyPTIC	liquid media	microdilution plate	UKMYC6	1.0	2.0	R	LOW
3.4.0	DST_MEASUREMENTS	dst_measurements:907a08e73a919887	LZD	LINEZOLID	CHEBI:63607	TYZROVQLWOKYKF-ZDUSSCGKSA-N	2.0		mg/L	3	3		CRyPTIC	liquid media	microdilution plate	UKMYC6	1.0	2.0	R	MEDIUM
3.4.0	DST_MEASUREMENTS	dst_measurements:d62880e68be1cff5	LZD	LINEZOLID	CHEBI:63607	TYZROVQLWOKYKF-ZDUSSCGKSA-N	4.0		mg/L	29	29		CRyPTIC	liquid media	microdilution plate	UKMYC6	1.0	4.0	R	HIGH
3.4.0	DST_MEASUREMENTS	dst_measurements:ed938d9a2ca40a98	LZD	LINEZOLID	CHEBI:63607	TYZROVQLWOKYKF-ZDUSSCGKSA-N	4.0		mg/L	16	16		CRyPTIC	liquid media	microdilution plate	UKMYC6	1.0	4.0	R	LOW
3.4.0	DST_MEASUREMENTS	dst_measurements:28d5bec40f88fce3	LZD	LINEZOLID	CHEBI:63607	TYZROVQLWOKYKF-ZDUSSCGKSA-N	4.0		mg/L	6	6		CRyPTIC	liquid media	microdilution plate	UKMYC6	1.0	4.0	R	MEDIUM
3.4.0	DST_MEASUREMENTS	dst_measurements:a1078ac5cd3ed4f1	LZD	LINEZOLID	CHEBI:63607	TYZROVQLWOKYKF-ZDUSSCGKSA-N	0.06	<=	mg/L	48	48		CRyPTIC	liquid media	microdilution plate	UKMYC6	1.0	<=0.06	S	HIGH
3.4.0	DST_MEASUREMENTS	dst_measurements:4b0188ed32af345b	LZD	LINEZOLID	CHEBI:63607	TYZROVQLWOKYKF-ZDUSSCGKSA-N	0.06	<=	mg/L	36	36		CRyPTIC	liquid media	microdilution plate	UKMYC6	1.0	<=0.06	S	LOW
3.4.0	DST_MEASUREMENTS	dst_measurements:e9a84fe62feb63c1	LZD	LINEZOLID	CHEBI:63607	TYZROVQLWOKYKF-ZDUSSCGKSA-N	0.06	<=	mg/L	40	40		CRyPTIC	liquid media	microdilution plate	UKMYC6	1.0	<=0.06	S	MEDIUM
3.4.0	DST_MEASUREMENTS	dst_measurements:6918b83dfc41dc79	LZD	LINEZOLID	CHEBI:63607	TYZROVQLWOKYKF-ZDUSSCGKSA-N	4	>	mg/L	75	75		CRyPTIC	liquid media	microdilution plate	UKMYC6	1.0	>4	R	HIGH
3.4.0	DST_MEASUREMENTS	dst_measurements:973f181eaffdc337	LZD	LINEZOLID	CHEBI:63607	TYZROVQLWOKYKF-ZDUSSCGKSA-N	4	>	mg/L	3	3		CRyPTIC	liquid media	microdilution plate	UKMYC6	1.0	>4	R	LOW
3.4.0	DST_MEASUREMENTS	dst_measurements:7239d9591df34315	LZD	LINEZOLID	CHEBI:63607	TYZROVQLWOKYKF-ZDUSSCGKSA-N	4	>	mg/L	5	5		CRyPTIC	liquid media	microdilution plate	UKMYC6	1.0	>4	R	MEDIUM
3.4.0	DST_MEASUREMENTS	dst_measurements:a65a652d3f402565	LZD	LINEZOLID	CHEBI:63607	TYZROVQLWOKYKF-ZDUSSCGKSA-N				19	19		CRyPTIC	liquid media	microdilution plate	UKMYC6	1.0			HIGH
3.4.0	DST_MEASUREMENTS	dst_measurements:face12ea8e19f045	LZD	LINEZOLID	CHEBI:63607	TYZROVQLWOKYKF-ZDUSSCGKSA-N				11	11		CRyPTIC	liquid media	microdilution plate	UKMYC6	1.0			LOW
3.4.0	DST_MEASUREMENTS	dst_measurements:72b1f6c186ab792b	LZD	LINEZOLID	CHEBI:63607	TYZROVQLWOKYKF-ZDUSSCGKSA-N				18	18		CRyPTIC	liquid media	microdilution plate	UKMYC6	1.0			MEDIUM
3.4.0	DST_MEASUREMENTS	dst_measurements:13404514bf1a30e1	LZD	LINEZOLID	CHEBI:63607	TYZROVQLWOKYKF-ZDUSSCGKSA-N				33	33		KMMYKROBE2025	not specified					S	MEDIUM
3.4.0	DST_MEASUREMENTS	dst_measurements:6ad157bb4c8d1f1b	LZD	LINEZOLID	CHEBI:63607	TYZROVQLWOKYKF-ZDUSSCGKSA-N				34	34		KMVALIDATION2025	not specified					R	MEDIUM
3.4.0	DST_MEASUREMENTS	dst_measurements:887fee4ae913ebe0	LZD	LINEZOLID	CHEBI:63607	TYZROVQLWOKYKF-ZDUSSCGKSA-N				513	513		KMVALIDATION2025	not specified					S	MEDIUM
3.4.0	DST_MEASUREMENTS	dst_measurements:c8e52604bc0ec3f4	LZD	LINEZOLID	CHEBI:63607	TYZROVQLWOKYKF-ZDUSSCGKSA-N				19	19		MUMBAI2018	liquid media	MGIT	MGIT960			R	MEDIUM
3.4.0	DST_MEASUREMENTS	dst_measurements:a042389ce7e51245	LZD	LINEZOLID	CHEBI:63607	TYZROVQLWOKYKF-ZDUSSCGKSA-N				1367	1367		MUMBAI2018	liquid media	MGIT	MGIT960			S	MEDIUM
3.4.0	DST_MEASUREMENTS	dst_measurements:f913a375c998e3e3	LZD	LINEZOLID	CHEBI:63607	TYZROVQLWOKYKF-ZDUSSCGKSA-N				57	57		NICD	liquid media	MGIT	MGIT960	WHO		R	MEDIUM
3.4.0	DST_MEASUREMENTS	dst_measurements:4bc0f4ce5da200c7	LZD	LINEZOLID	CHEBI:63607	TYZROVQLWOKYKF-ZDUSSCGKSA-N				515	515		NICD	liquid media	MGIT	MGIT960	WHO		S	MEDIUM
3.4.0	DST_MEASUREMENTS	dst_measurements:93e24f15fa12ba8f	LZD	LINEZOLID	CHEBI:63607	TYZROVQLWOKYKF-ZDUSSCGKSA-N				4	4		PHE2019	liquid media	MGIT	MGIT960	WHO		R	MEDIUM
3.4.0	DST_MEASUREMENTS	dst_measurements:8ef2af4310a5742e	LZD	LINEZOLID	CHEBI:63607	TYZROVQLWOKYKF-ZDUSSCGKSA-N				159	159		PHE2019	liquid media	MGIT	MGIT960	WHO		S	MEDIUM
3.4.0	DST_MEASUREMENTS	dst_measurements:02bb2f9d8f639e9b	LZD	LINEZOLID	CHEBI:63607	TYZROVQLWOKYKF-ZDUSSCGKSA-N				86	86		SEQTREAT2020	liquid media	MGIT	MGIT960	1.0		S	MEDIUM
3.4.0	DST_MEASUREMENTS	dst_measurements:c64f7e1ec68e99d5	LZD	LINEZOLID	CHEBI:63607	TYZROVQLWOKYKF-ZDUSSCGKSA-N				428	428		SEQTREAT2020	liquid media	MGIT	MGIT960	1.0		U	MEDIUM
3.4.0	DST_MEASUREMENTS	dst_measurements:90443a49d88eae23	LZD	LINEZOLID	CHEBI:63607	TYZROVQLWOKYKF-ZDUSSCGKSA-N				756	756		SEQTREAT2020	liquid media	MGIT	MGIT960	WHO		U	MEDIUM
3.4.0	DST_MEASUREMENTS	dst_measurements:d5066634a670118d	LZD	LINEZOLID	CHEBI:63607	TYZROVQLWOKYKF-ZDUSSCGKSA-N				10	10		SEQTREAT2020	liquid media	MGIT		WHO		R	MEDIUM
3.4.0	DST_MEASUREMENTS	dst_measurements:673436037fa82c55	LZD	LINEZOLID	CHEBI:63607	TYZROVQLWOKYKF-ZDUSSCGKSA-N				1130	1130		SEQTREAT2020	liquid media	MGIT		WHO		S	MEDIUM
3.4.0	DST_MEASUREMENTS	dst_measurements:b45c82a17e8854ea	LZD	LINEZOLID	CHEBI:63607	TYZROVQLWOKYKF-ZDUSSCGKSA-N				340	340		SEQTREAT2020	liquid media	MGIT		WHO		U	MEDIUM
3.4.0	DST_MEASUREMENTS	dst_measurements:e9d7579df7ac40b8	LZD	LINEZOLID	CHEBI:63607	TYZROVQLWOKYKF-ZDUSSCGKSA-N	0.06		mg/L	9	9		SEQTREAT2020	liquid media	microdilution plate	UKMYC5		0.06	S	MEDIUM
3.4.0	DST_MEASUREMENTS	dst_measurements:f4b05d98a06a55b3	LZD	LINEZOLID	CHEBI:63607	TYZROVQLWOKYKF-ZDUSSCGKSA-N	0.12		mg/L	39	39		SEQTREAT2020	liquid media	microdilution plate	UKMYC5		0.12	S	MEDIUM
3.4.0	DST_MEASUREMENTS	dst_measurements:3880439ae18c7557	LZD	LINEZOLID	CHEBI:63607	TYZROVQLWOKYKF-ZDUSSCGKSA-N	0.25		mg/L	47	47		SEQTREAT2020	liquid media	microdilution plate	UKMYC5		0.25	S	MEDIUM
3.4.0	DST_MEASUREMENTS	dst_measurements:4eb15217537e7f5a	LZD	LINEZOLID	CHEBI:63607	TYZROVQLWOKYKF-ZDUSSCGKSA-N	0.5		mg/L	129	129		SEQTREAT2020	liquid media	microdilution plate	UKMYC5		0.5	S	MEDIUM
3.4.0	DST_MEASUREMENTS	dst_measurements:29e64d90844a89f4	LZD	LINEZOLID	CHEBI:63607	TYZROVQLWOKYKF-ZDUSSCGKSA-N	1.0		mg/L	27	27		SEQTREAT2020	liquid media	microdilution plate	UKMYC5		1.0	S	MEDIUM
3.4.0	DST_MEASUREMENTS	dst_measurements:342f01f4be6a5899	LZD	LINEZOLID	CHEBI:63607	TYZROVQLWOKYKF-ZDUSSCGKSA-N	2.0		mg/L	3	3		SEQTREAT2020	liquid media	microdilution plate	UKMYC5		2.0	R	MEDIUM
3.4.0	DST_MEASUREMENTS	dst_measurements:2e01e387b90ba18e	LZD	LINEZOLID	CHEBI:63607	TYZROVQLWOKYKF-ZDUSSCGKSA-N	0.03	<=	mg/L	9	9		SEQTREAT2020	liquid media	microdilution plate	UKMYC5		<=0.03	S	MEDIUM
3.4.0	DST_MEASUREMENTS	dst_measurements:10b38c941d7e9c94	LZD	LINEZOLID	CHEBI:63607	TYZROVQLWOKYKF-ZDUSSCGKSA-N				20	20		SEQTREAT2020	liquid media	microdilution plate	UKMYC5			U	MEDIUM
3.4.0	DST_MEASUREMENTS	dst_measurements:4cb1d67e68d99cd4	LZD	LINEZOLID	CHEBI:63607	TYZROVQLWOKYKF-ZDUSSCGKSA-N				178	178		SEQTREAT2020	solid media	LJ		WHO		U	MEDIUM
3.4.0	DST_MEASUREMENTS	dst_measurements:528907b032c6adb2	LZD	LINEZOLID	CHEBI:63607	TYZROVQLWOKYKF-ZDUSSCGKSA-N				2	2		SEQTREAT2020	solid media	middlebrook	7H10	1.0		S	MEDIUM
3.4.0	DST_MEASUREMENTS	dst_measurements:31fa8f98b081fbcd	MPM	MEROPENEM	CHEBI:43968	DMJNNHOOLUXYBV-PQTSNVLCSA-N				1	1		CLIRES2020	solid media					S	MEDIUM
3.4.0	DST_MEASUREMENTS	dst_measurements:37b8a17836a27597	MXF	MOXIFLOXACIN	CHEBI:63611	FABPRXSRWADJSP-MEDUHNTESA-N				1087	1087		CLIRES2020	liquid media	MGIT	MGIT960			R	MEDIUM
3.4.0	DST_MEASUREMENTS	dst_measurements:b352430d2d7c5db8	MXF	MOXIFLOXACIN	CHEBI:63611	FABPRXSRWADJSP-MEDUHNTESA-N				3205	3205		CLIRES2020	liquid media	MGIT	MGIT960			S	MEDIUM
3.4.0	DST_MEASUREMENTS	dst_measurements:7cffbb5e48546021	MXF	MOXIFLOXACIN	CHEBI:63611	FABPRXSRWADJSP-MEDUHNTESA-N				3	3		CLIRES2020	not specified					R	MEDIUM
3.4.0	DST_MEASUREMENTS	dst_measurements:824e130327f7eabc	MXF	MOXIFLOXACIN	CHEBI:63611	FABPRXSRWADJSP-MEDUHNTESA-N				5	5		CLIRES2020	not specified					S	MEDIUM
3.4.0	DST_MEASUREMENTS	dst_measurements:e72b01abc3a3016b	MXF	MOXIFLOXACIN	CHEBI:63611	FABPRXSRWADJSP-MEDUHNTESA-N				17	17		CLIRES2020	solid media					R	MEDIUM
3.4.0	DST_MEASUREMENTS	dst_measurements:74fb0200452f20d9	MXF	MOXIFLOXACIN	CHEBI:63611	FABPRXSRWADJSP-MEDUHNTESA-N				88	88		CLIRES2020	solid media					S	MEDIUM
3.4.0	DST_MEASUREMENTS	dst_measurements:6c8f707f87b21a53	MXF	MOXIFLOXACIN	CHEBI:63611	FABPRXSRWADJSP-MEDUHNTESA-N				295	295		CLIRES2023	liquid media	MGIT	MGIT960			R	MEDIUM
3.4.0	DST_MEASUREMENTS	dst_measurements:bec271c0bb59d725	MXF	MOXIFLOXACIN	CHEBI:63611	FABPRXSRWADJSP-MEDUHNTESA-N				886	886		CLIRES2023	liquid media	MGIT	MGIT960			S	MEDIUM
3.4.0	DST_MEASUREMENTS	dst_measurements:8ba257859e99e09f	MXF	MOXIFLOXACIN	CHEBI:63611	FABPRXSRWADJSP-MEDUHNTESA-N				1	1		CLIRES2023	not specified					R	MEDIUM
3.4.0	DST_MEASUREMENTS	dst_measurements:c67b9f675c23ca95	MXF	MOXIFLOXACIN	CHEBI:63611	FABPRXSRWADJSP-MEDUHNTESA-N				8	8		CLIRES2023	solid media					R	MEDIUM
3.4.0	DST_MEASUREMENTS	dst_measurements:16871ce1e09170fd	MXF	MOXIFLOXACIN	CHEBI:63611	FABPRXSRWADJSP-MEDUHNTESA-N				7	7		CLIRES2023	solid media					S	MEDIUM
3.4.0	DST_MEASUREMENTS	dst_measurements:0a2e62c183581b6b	MXF	MOXIFLOXACIN	CHEBI:63611	FABPRXSRWADJSP-MEDUHNTESA-N	0.12		mg/L	880	880		CRyPTIC	liquid media	microdilution plate	UKMYC5	1.0	0.12	S	HIGH
3.4.0	DST_MEASUREMENTS	dst_measurements:ed41074280addb4f	MXF	MOXIFLOXACIN	CHEBI:63611	FABPRXSRWADJSP-MEDUHNTESA-N	0.12		mg/L	183	183		CRyPTIC	liquid media	microdilution plate	UKMYC5	1.0	0.12	S	LOW
3.4.0	DST_MEASUREMENTS	dst_measurements:86feed2e3ffa861c	MXF	MOXIFLOXACIN	CHEBI:63611	FABPRXSRWADJSP-MEDUHNTESA-N	0.12		mg/L	244	244		CRyPTIC	liquid media	microdilution plate	UKMYC5	1.0	0.12	S	MEDIUM
3.4.0	DST_MEASUREMENTS	dst_measurements:edbbaf315e104a04	MXF	MOXIFLOXACIN	CHEBI:63611	FABPRXSRWADJSP-MEDUHNTESA-N	0.25		mg/L	1710	1710		CRyPTIC	liquid media	microdilution plate	UKMYC5	1.0	0.25	S	HIGH
3.4.0	DST_MEASUREMENTS	dst_measurements:a7ee3d78c0158176	MXF	MOXIFLOXACIN	CHEBI:63611	FABPRXSRWADJSP-MEDUHNTESA-N	0.25		mg/L	232	232		CRyPTIC	liquid media	microdilution plate	UKMYC5	1.0	0.25	S	LOW
3.4.0	DST_MEASUREMENTS	dst_measurements:fef9edea57b16d39	MXF	MOXIFLOXACIN	CHEBI:63611	FABPRXSRWADJSP-MEDUHNTESA-N	0.25		mg/L	339	339		CRyPTIC	liquid media	microdilution plate	UKMYC5	1.0	0.25	S	MEDIUM
3.4.0	DST_MEASUREMENTS	dst_measurements:bc99da055f696450	MXF	MOXIFLOXACIN	CHEBI:63611	FABPRXSRWADJSP-MEDUHNTESA-N	0.5		mg/L	986	986		CRyPTIC	liquid media	microdilution plate	UKMYC5	1.0	0.5	S	HIGH
3.4.0	DST_MEASUREMENTS	dst_measurements:664ff50a6994a05b	MXF	MOXIFLOXACIN	CHEBI:63611	FABPRXSRWADJSP-MEDUHNTESA-N	0.5		mg/L	93	93		CRyPTIC	liquid media	microdilution plate	UKMYC5	1.0	0.5	S	LOW
3.4.0	DST_MEASUREMENTS	dst_measurements:e0d94f06ec1d8ecf	MXF	MOXIFLOXACIN	CHEBI:63611	FABPRXSRWADJSP-MEDUHNTESA-N	0.5		mg/L	151	151		CRyPTIC	liquid media	microdilution plate	UKMYC5	1.0	0.5	S	MEDIUM
3.4.0	DST_MEASUREMENTS	dst_measurements:dfcbc9d806fb1925	MXF	MOXIFLOXACIN	CHEBI:63611	FABPRXSRWADJSP-MEDUHNTESA-N	1.0		mg/L	205	205		CRyPTIC	liquid media	microdilution plate	UKMYC5	1.0	1.0	S	HIGH
3.4.0	DST_MEASUREMENTS	dst_measurements:f6112dd1c358f5c0	MXF	MOXIFLOXACIN	CHEBI:63611	FABPRXSRWADJSP-MEDUHNTESA-N	1.0		mg/L	58	58		CRyPTIC	liquid media	microdilution plate	UKMYC5	1.0	1.0	S	LOW
3.4.0	DST_MEASUREMENTS	dst_measurements:c21908289cdced06	MXF	MOXIFLOXACIN	CHEBI:63611	FABPRXSRWADJSP-MEDUHNTESA-N	1.0		mg/L	56	56		CRyPTIC	liquid media	microdilution plate	UKMYC5	1.0	1.0	S	MEDIUM
3.4.0	DST_MEASUREMENTS	dst_measurements:c6a3131d2dffa354	MXF	MOXIFLOXACIN	CHEBI:63611	FABPRXSRWADJSP-MEDUHNTESA-N	2.0		mg/L	234	234		CRyPTIC	liquid media	microdilution plate	UKMYC5	1.0	2.0	R	HIGH
3.4.0	DST_MEASUREMENTS	dst_measurements:d81f35cd03856adc	MXF	MOXIFLOXACIN	CHEBI:63611	FABPRXSRWADJSP-MEDUHNTESA-N	2.0		mg/L	61	61		CRyPTIC	liquid media	microdilution plate	UKMYC5	1.0	2.0	R	LOW
3.4.0	DST_MEASUREMENTS	dst_measurements:7601cce9da4e27e0	MXF	MOXIFLOXACIN	CHEBI:63611	FABPRXSRWADJSP-MEDUHNTESA-N	2.0		mg/L	78	78		CRyPTIC	liquid media	microdilution plate	UKMYC5	1.0	2.0	R	MEDIUM
3.4.0	DST_MEASUREMENTS	dst_measurements:54c4e1c92c1c600a	MXF	MOXIFLOXACIN	CHEBI:63611	FABPRXSRWADJSP-MEDUHNTESA-N	4.0		mg/L	234	234		CRyPTIC	liquid media	microdilution plate	UKMYC5	1.0	4.0	R	HIGH
3.4.0	DST_MEASUREMENTS	dst_measurements:ae7c442fcd9ba0ad	MXF	MOXIFLOXACIN	CHEBI:63611	FABPRXSRWADJSP-MEDUHNTESA-N	4.0		mg/L	31	31		CRyPTIC	liquid media	microdilution plate	UKMYC5	1.0	4.0	R	LOW
3.4.0	DST_MEASUREMENTS	dst_measurements:2d86ac76cf5ddf57	MXF	MOXIFLOXACIN	CHEBI:63611	FABPRXSRWADJSP-MEDUHNTESA-N	4.0		mg/L	58	58		CRyPTIC	liquid media	microdilution plate	UKMYC5	1.0	4.0	R	MEDIUM
3.4.0	DST_MEASUREMENTS	dst_measurements:85470e73dd1d8507	MXF	MOXIFLOXACIN	CHEBI:63611	FABPRXSRWADJSP-MEDUHNTESA-N	0.06	<=	mg/L	422	422		CRyPTIC	liquid media	microdilution plate	UKMYC5	1.0	<=0.06	S	HIGH
3.4.0	DST_MEASUREMENTS	dst_measurements:52dad2062e329773	MXF	MOXIFLOXACIN	CHEBI:63611	FABPRXSRWADJSP-MEDUHNTESA-N	0.06	<=	mg/L	131	131		CRyPTIC	liquid media	microdilution plate	UKMYC5	1.0	<=0.06	S	LOW
3.4.0	DST_MEASUREMENTS	dst_measurements:11d48478e8f35ed5	MXF	MOXIFLOXACIN	CHEBI:63611	FABPRXSRWADJSP-MEDUHNTESA-N	0.06	<=	mg/L	116	116		CRyPTIC	liquid media	microdilution plate	UKMYC5	1.0	<=0.06	S	MEDIUM
3.4.0	DST_MEASUREMENTS	dst_measurements:e1f4b68faf749d25	MXF	MOXIFLOXACIN	CHEBI:63611	FABPRXSRWADJSP-MEDUHNTESA-N	4	>	mg/L	384	384		CRyPTIC	liquid media	microdilution plate	UKMYC5	1.0	>4	R	HIGH
3.4.0	DST_MEASUREMENTS	dst_measurements:2a220fa65b1ebeeb	MXF	MOXIFLOXACIN	CHEBI:63611	FABPRXSRWADJSP-MEDUHNTESA-N	4	>	mg/L	2	2		CRyPTIC	liquid media	microdilution plate	UKMYC5	1.0	>4	R	LOW
3.4.0	DST_MEASUREMENTS	dst_measurements:95d06da49aeccc63	MXF	MOXIFLOXACIN	CHEBI:63611	FABPRXSRWADJSP-MEDUHNTESA-N	4	>	mg/L	36	36		CRyPTIC	liquid media	microdilution plate	UKMYC5	1.0	>4	R	MEDIUM
3.4.0	DST_MEASUREMENTS	dst_measurements:3cea694157328199	MXF	MOXIFLOXACIN	CHEBI:63611	FABPRXSRWADJSP-MEDUHNTESA-N				4	4		CRyPTIC	liquid media	microdilution plate	UKMYC5	1.0			HIGH
3.4.0	DST_MEASUREMENTS	dst_measurements:942a2eaeaf9a021d	MXF	MOXIFLOXACIN	CHEBI:63611	FABPRXSRWADJSP-MEDUHNTESA-N				6	6		CRyPTIC	liquid media	microdilution plate	UKMYC5	1.0			LOW
3.4.0	DST_MEASUREMENTS	dst_measurements:2735e573938af6ec	MXF	MOXIFLOXACIN	CHEBI:63611	FABPRXSRWADJSP-MEDUHNTESA-N				103	103		CRyPTIC	liquid media	microdilution plate	UKMYC5	1.0			MEDIUM
3.4.0	DST_MEASUREMENTS	dst_measurements:c2e27924004b60cf	MXF	MOXIFLOXACIN	CHEBI:63611	FABPRXSRWADJSP-MEDUHNTESA-N	0.12		mg/L	2223	2223		CRyPTIC	liquid media	microdilution plate	UKMYC6	1.0	0.12	S	HIGH
3.4.0	DST_MEASUREMENTS	dst_measurements:cb8a72f9bb7ce788	MXF	MOXIFLOXACIN	CHEBI:63611	FABPRXSRWADJSP-MEDUHNTESA-N	0.12		mg/L	521	521		CRyPTIC	liquid media	microdilution plate	UKMYC6	1.0	0.12	S	LOW
3.4.0	DST_MEASUREMENTS	dst_measurements:87037c0e2f3a299b	MXF	MOXIFLOXACIN	CHEBI:63611	FABPRXSRWADJSP-MEDUHNTESA-N	0.12		mg/L	326	326		CRyPTIC	liquid media	microdilution plate	UKMYC6	1.0	0.12	S	MEDIUM
3.4.0	DST_MEASUREMENTS	dst_measurements:9cda9ba6d15c8002	MXF	MOXIFLOXACIN	CHEBI:63611	FABPRXSRWADJSP-MEDUHNTESA-N	0.25		mg/L	4218	4218		CRyPTIC	liquid media	microdilution plate	UKMYC6	1.0	0.25	S	HIGH
3.4.0	DST_MEASUREMENTS	dst_measurements:da9772b211e5e9cf	MXF	MOXIFLOXACIN	CHEBI:63611	FABPRXSRWADJSP-MEDUHNTESA-N	0.25		mg/L	688	688		CRyPTIC	liquid media	microdilution plate	UKMYC6	1.0	0.25	S	LOW
3.4.0	DST_MEASUREMENTS	dst_measurements:eb21668d9e28d0c3	MXF	MOXIFLOXACIN	CHEBI:63611	FABPRXSRWADJSP-MEDUHNTESA-N	0.25		mg/L	369	369		CRyPTIC	liquid media	microdilution plate	UKMYC6	1.0	0.25	S	MEDIUM
3.4.0	DST_MEASUREMENTS	dst_measurements:2c72c5db8e576e3d	MXF	MOXIFLOXACIN	CHEBI:63611	FABPRXSRWADJSP-MEDUHNTESA-N	0.5		mg/L	2885	2885		CRyPTIC	liquid media	microdilution plate	UKMYC6	1.0	0.5	S	HIGH
3.4.0	DST_MEASUREMENTS	dst_measurements:563484dc4fda16b3	MXF	MOXIFLOXACIN	CHEBI:63611	FABPRXSRWADJSP-MEDUHNTESA-N	0.5		mg/L	376	376		CRyPTIC	liquid media	microdilution plate	UKMYC6	1.0	0.5	S	LOW
3.4.0	DST_MEASUREMENTS	dst_measurements:0db02e59f697eb07	MXF	MOXIFLOXACIN	CHEBI:63611	FABPRXSRWADJSP-MEDUHNTESA-N	0.5		mg/L	147	147		CRyPTIC	liquid media	microdilution plate	UKMYC6	1.0	0.5	S	MEDIUM
3.4.0	DST_MEASUREMENTS	dst_measurements:d2279be9ddecc689	MXF	MOXIFLOXACIN	CHEBI:63611	FABPRXSRWADJSP-MEDUHNTESA-N	1.0		mg/L	390	390		CRyPTIC	liquid media	microdilution plate	UKMYC6	1.0	1.0	S	HIGH
3.4.0	DST_MEASUREMENTS	dst_measurements:ac9db36cbd470916	MXF	MOXIFLOXACIN	CHEBI:63611	FABPRXSRWADJSP-MEDUHNTESA-N	1.0		mg/L	125	125		CRyPTIC	liquid media	microdilution plate	UKMYC6	1.0	1.0	S	LOW
3.4.0	DST_MEASUREMENTS	dst_measurements:41840de2aba244c4	MXF	MOXIFLOXACIN	CHEBI:63611	FABPRXSRWADJSP-MEDUHNTESA-N	1.0		mg/L	66	66		CRyPTIC	liquid media	microdilution plate	UKMYC6	1.0	1.0	S	MEDIUM
3.4.0	DST_MEASUREMENTS	dst_measurements:f7d07961d0bbcf0d	MXF	MOXIFLOXACIN	CHEBI:63611	FABPRXSRWADJSP-MEDUHNTESA-N	2.0		mg/L	266	266		CRyPTIC	liquid media	microdilution plate	UKMYC6	1.0	2.0	R	HIGH
3.4.0	DST_MEASUREMENTS	dst_measurements:c6030866e5ff66d4	MXF	MOXIFLOXACIN	CHEBI:63611	FABPRXSRWADJSP-MEDUHNTESA-N	2.0		mg/L	43	43		CRyPTIC	liquid media	microdilution plate	UKMYC6	1.0	2.0	R	LOW
3.4.0	DST_MEASUREMENTS	dst_measurements:3f21d91c47e6f265	MXF	MOXIFLOXACIN	CHEBI:63611	FABPRXSRWADJSP-MEDUHNTESA-N	2.0		mg/L	84	84		CRyPTIC	liquid media	microdilution plate	UKMYC6	1.0	2.0	R	MEDIUM
3.4.0	DST_MEASUREMENTS	dst_measurements:ca5af73b1bfc9395	MXF	MOXIFLOXACIN	CHEBI:63611	FABPRXSRWADJSP-MEDUHNTESA-N	4.0		mg/L	408	408		CRyPTIC	liquid media	microdilution plate	UKMYC6	1.0	4.0	R	HIGH
3.4.0	DST_MEASUREMENTS	dst_measurements:df15b529a9fe3cc8	MXF	MOXIFLOXACIN	CHEBI:63611	FABPRXSRWADJSP-MEDUHNTESA-N	4.0		mg/L	37	37		CRyPTIC	liquid media	microdilution plate	UKMYC6	1.0	4.0	R	LOW
3.4.0	DST_MEASUREMENTS	dst_measurements:e2be1161ab59637b	MXF	MOXIFLOXACIN	CHEBI:63611	FABPRXSRWADJSP-MEDUHNTESA-N	4.0		mg/L	95	95		CRyPTIC	liquid media	microdilution plate	UKMYC6	1.0	4.0	R	MEDIUM
3.4.0	DST_MEASUREMENTS	dst_measurements:5ec7fe5fd3f4ce39	MXF	MOXIFLOXACIN	CHEBI:63611	FABPRXSRWADJSP-MEDUHNTESA-N	0.06	<=	mg/L	506	506		CRyPTIC	liquid media	microdilution plate	UKMYC6	1.0	<=0.06	S	HIGH
3.4.0	DST_MEASUREMENTS	dst_measurements:2499b61cbd375020	MXF	MOXIFLOXACIN	CHEBI:63611	FABPRXSRWADJSP-MEDUHNTESA-N	0.06	<=	mg/L	140	140		CRyPTIC	liquid media	microdilution plate	UKMYC6	1.0	<=0.06	S	LOW
3.4.0	DST_MEASUREMENTS	dst_measurements:3be1f99587a39c0c	MXF	MOXIFLOXACIN	CHEBI:63611	FABPRXSRWADJSP-MEDUHNTESA-N	0.06	<=	mg/L	107	107		CRyPTIC	liquid media	microdilution plate	UKMYC6	1.0	<=0.06	S	MEDIUM
3.4.0	DST_MEASUREMENTS	dst_measurements:4f4a2f3a8e0babbb	MXF	MOXIFLOXACIN	CHEBI:63611	FABPRXSRWADJSP-MEDUHNTESA-N	4	>	mg/L	457	457		CRyPTIC	liquid media	microdilution plate	UKMYC6	1.0	>4	R	HIGH
3.4.0	DST_MEASUREMENTS	dst_measurements:00b53f83050d3f2c	MXF	MOXIFLOXACIN	CHEBI:63611	FABPRXSRWADJSP-MEDUHNTESA-N	4	>	mg/L	3	3		CRyPTIC	liquid media	microdilution plate	UKMYC6	1.0	>4	R	LOW
3.4.0	DST_MEASUREMENTS	dst_measurements:2be5d2b8fa72a9e7	MXF	MOXIFLOXACIN	CHEBI:63611	FABPRXSRWADJSP-MEDUHNTESA-N	4	>	mg/L	112	112		CRyPTIC	liquid media	microdilution plate	UKMYC6	1.0	>4	R	MEDIUM
3.4.0	DST_MEASUREMENTS	dst_measurements:90bd9166997021a1	MXF	MOXIFLOXACIN	CHEBI:63611	FABPRXSRWADJSP-MEDUHNTESA-N				27	27		CRyPTIC	liquid media	microdilution plate	UKMYC6	1.0			HIGH
3.4.0	DST_MEASUREMENTS	dst_measurements:e7a82e1717ed2dac	MXF	MOXIFLOXACIN	CHEBI:63611	FABPRXSRWADJSP-MEDUHNTESA-N				7	7		CRyPTIC	liquid media	microdilution plate	UKMYC6	1.0			LOW
3.4.0	DST_MEASUREMENTS	dst_measurements:247e1e68cf43d290	MXF	MOXIFLOXACIN	CHEBI:63611	FABPRXSRWADJSP-MEDUHNTESA-N				18	18		CRyPTIC	liquid media	microdilution plate	UKMYC6	1.0			MEDIUM
3.4.0	DST_MEASUREMENTS	dst_measurements:9eb937c9bc5bde74	MXF	MOXIFLOXACIN	CHEBI:63611	FABPRXSRWADJSP-MEDUHNTESA-N				1	1		KMMYKROBE2025	not specified					R	MEDIUM
3.4.0	DST_MEASUREMENTS	dst_measurements:1f9320af47bf440c	MXF	MOXIFLOXACIN	CHEBI:63611	FABPRXSRWADJSP-MEDUHNTESA-N				34	34		KMMYKROBE2025	not specified					S	MEDIUM
3.4.0	DST_MEASUREMENTS	dst_measurements:b4b938386bdd2b47	MXF	MOXIFLOXACIN	CHEBI:63611	FABPRXSRWADJSP-MEDUHNTESA-N				419	419		KMVALIDATION2025	not specified					R	MEDIUM
3.4.0	DST_MEASUREMENTS	dst_measurements:e5dfb39808ff5c3c	MXF	MOXIFLOXACIN	CHEBI:63611	FABPRXSRWADJSP-MEDUHNTESA-N				3617	3617		KMVALIDATION2025	not specified					S	MEDIUM
3.4.0	DST_MEASUREMENTS	dst_measurements:dbd486b418ff51a6	MXF	MOXIFLOXACIN	CHEBI:63611	FABPRXSRWADJSP-MEDUHNTESA-N				23	23		LID2015	liquid media	MGIT	MGIT960	WHO		R	MEDIUM
3.4.0	DST_MEASUREMENTS	dst_measurements:be54614643929942	MXF	MOXIFLOXACIN	CHEBI:63611	FABPRXSRWADJSP-MEDUHNTESA-N				561	561		LID2015	liquid media	MGIT	MGIT960	WHO		S	MEDIUM
3.4.0	DST_MEASUREMENTS	dst_measurements:065e9ef07cf7ec50	MXF	MOXIFLOXACIN	CHEBI:63611	FABPRXSRWADJSP-MEDUHNTESA-N				555	555		MUMBAI2018	liquid media	MGIT	MGIT960	0.5		R	MEDIUM
3.4.0	DST_MEASUREMENTS	dst_measurements:2359dc751cbc8d94	MXF	MOXIFLOXACIN	CHEBI:63611	FABPRXSRWADJSP-MEDUHNTESA-N				980	980		MUMBAI2018	liquid media	MGIT	MGIT960	0.5		S	MEDIUM
3.4.0	DST_MEASUREMENTS	dst_measurements:34c761e4c4de4ede	MXF	MOXIFLOXACIN	CHEBI:63611	FABPRXSRWADJSP-MEDUHNTESA-N				122	122		MUMBAI2018	liquid media	MGIT	MGIT960	2.0		R	MEDIUM
3.4.0	DST_MEASUREMENTS	dst_measurements:987351efd2408e23	MXF	MOXIFLOXACIN	CHEBI:63611	FABPRXSRWADJSP-MEDUHNTESA-N				1252	1252		MUMBAI2018	liquid media	MGIT	MGIT960	2.0		S	MEDIUM
3.4.0	DST_MEASUREMENTS	dst_measurements:d330cb925db1f600	MXF	MOXIFLOXACIN	CHEBI:63611	FABPRXSRWADJSP-MEDUHNTESA-N				62	62		NEJM2018	liquid media	MGIT	MGIT960			R	MEDIUM
3.4.0	DST_MEASUREMENTS	dst_measurements:1855234c37a46f87	MXF	MOXIFLOXACIN	CHEBI:63611	FABPRXSRWADJSP-MEDUHNTESA-N				110	110		NEJM2018	liquid media	MGIT	MGIT960			S	MEDIUM
3.4.0	DST_MEASUREMENTS	dst_measurements:299cd6e366f4e7b2	MXF	MOXIFLOXACIN	CHEBI:63611	FABPRXSRWADJSP-MEDUHNTESA-N				173	173		NEJM2018	solid media	LJ	resistance ratio			R	MEDIUM
3.4.0	DST_MEASUREMENTS	dst_measurements:86a79ed67fc5e333	MXF	MOXIFLOXACIN	CHEBI:63611	FABPRXSRWADJSP-MEDUHNTESA-N				555	555		NEJM2018	solid media	LJ	resistance ratio			S	MEDIUM
3.4.0	DST_MEASUREMENTS	dst_measurements:1912512b2a18af99	MXF	MOXIFLOXACIN	CHEBI:63611	FABPRXSRWADJSP-MEDUHNTESA-N				39	39		PHE2019	liquid media	MGIT	MGIT960	WHO		R	MEDIUM
3.4.0	DST_MEASUREMENTS	dst_measurements:16bbd8b634fa482b	MXF	MOXIFLOXACIN	CHEBI:63611	FABPRXSRWADJSP-MEDUHNTESA-N				166	166		PHE2019	liquid media	MGIT	MGIT960	WHO		S	MEDIUM
3.4.0	DST_MEASUREMENTS	dst_measurements:52e26ad6d58c1d40	MXF	MOXIFLOXACIN	CHEBI:63611	FABPRXSRWADJSP-MEDUHNTESA-N				1	1		SEQTREAT2020	liquid media	MGIT	MGIT960	0.125		S	MEDIUM
3.4.0	DST_MEASUREMENTS	dst_measurements:44c042e4486ff23e	MXF	MOXIFLOXACIN	CHEBI:63611	FABPRXSRWADJSP-MEDUHNTESA-N				19	19		SEQTREAT2020	liquid media	MGIT	MGIT960	0.25		R	MEDIUM
3.4.0	DST_MEASUREMENTS	dst_measurements:bad3ccf8b11d28f4	MXF	MOXIFLOXACIN	CHEBI:63611	FABPRXSRWADJSP-MEDUHNTESA-N				174	174		SEQTREAT2020	liquid media	MGIT	MGIT960	0.25		S	MEDIUM
3.4.0	DST_MEASUREMENTS	dst_measurements:84a3487294447dfc	MXF	MOXIFLOXACIN	CHEBI:63611	FABPRXSRWADJSP-MEDUHNTESA-N				411	411		SEQTREAT2020	liquid media	MGIT	MGIT960	0.25		U	MEDIUM
3.4.0	DST_MEASUREMENTS	dst_measurements:8589bfc2e081077e	MXF	MOXIFLOXACIN	CHEBI:63611	FABPRXSRWADJSP-MEDUHNTESA-N				6	6		SEQTREAT2020	liquid media	MGIT	MGIT960	2.0		R	MEDIUM
3.4.0	DST_MEASUREMENTS	dst_measurements:d29481acb8f9b7d4	MXF	MOXIFLOXACIN	CHEBI:63611	FABPRXSRWADJSP-MEDUHNTESA-N				44	44		SEQTREAT2020	liquid media	MGIT	MGIT960	2.0		S	MEDIUM
3.4.0	DST_MEASUREMENTS	dst_measurements:4efbd1d5777360da	MXF	MOXIFLOXACIN	CHEBI:63611	FABPRXSRWADJSP-MEDUHNTESA-N				414	414		SEQTREAT2020	liquid media	MGIT	MGIT960	2.0		U	MEDIUM
3.4.0	DST_MEASUREMENTS	dst_measurements:edfc23b92daa8d15	MXF	MOXIFLOXACIN	CHEBI:63611	FABPRXSRWADJSP-MEDUHNTESA-N				12	12		SEQTREAT2020	liquid media	MGIT	MGIT960	WHO		R	MEDIUM
3.4.0	DST_MEASUREMENTS	dst_measurements:17785768c738880b	MXF	MOXIFLOXACIN	CHEBI:63611	FABPRXSRWADJSP-MEDUHNTESA-N				213	213		SEQTREAT2020	liquid media	MGIT	MGIT960	WHO		S	MEDIUM
3.4.0	DST_MEASUREMENTS	dst_measurements:3682d403758cb890	MXF	MOXIFLOXACIN	CHEBI:63611	FABPRXSRWADJSP-MEDUHNTESA-N				313	313		SEQTREAT2020	liquid media	MGIT	MGIT960	WHO		U	MEDIUM
3.4.0	DST_MEASUREMENTS	dst_measurements:272eeaf10782a421	MXF	MOXIFLOXACIN	CHEBI:63611	FABPRXSRWADJSP-MEDUHNTESA-N				133	133		SEQTREAT2020	liquid media	MGIT		WHO		R	MEDIUM
3.4.0	DST_MEASUREMENTS	dst_measurements:4d7426e312bcb912	MXF	MOXIFLOXACIN	CHEBI:63611	FABPRXSRWADJSP-MEDUHNTESA-N				165	165		SEQTREAT2020	liquid media	MGIT		WHO		S	MEDIUM
3.4.0	DST_MEASUREMENTS	dst_measurements:513588512371272b	MXF	MOXIFLOXACIN	CHEBI:63611	FABPRXSRWADJSP-MEDUHNTESA-N				1182	1182		SEQTREAT2020	liquid media	MGIT		WHO		U	MEDIUM
3.4.0	DST_MEASUREMENTS	dst_measurements:edaa016cb42e31dd	MXF	MOXIFLOXACIN	CHEBI:63611	FABPRXSRWADJSP-MEDUHNTESA-N	0.12		mg/L	22	22		SEQTREAT2020	liquid media	microdilution plate	MYCOTB		0.12	S	MEDIUM
3.4.0	DST_MEASUREMENTS	dst_measurements:7875ba15ac78a1b6	MXF	MOXIFLOXACIN	CHEBI:63611	FABPRXSRWADJSP-MEDUHNTESA-N	0.25		mg/L	41	41		SEQTREAT2020	liquid media	microdilution plate	MYCOTB		0.25	S	MEDIUM
3.4.0	DST_MEASUREMENTS	dst_measurements:4d04113af31c0540	MXF	MOXIFLOXACIN	CHEBI:63611	FABPRXSRWADJSP-MEDUHNTESA-N	0.5		mg/L	49	49		SEQTREAT2020	liquid media	microdilution plate	MYCOTB		0.5	S	MEDIUM
3.4.0	DST_MEASUREMENTS	dst_measurements:15848b6a804e6815	MXF	MOXIFLOXACIN	CHEBI:63611	FABPRXSRWADJSP-MEDUHNTESA-N	1.0		mg/L	11	11		SEQTREAT2020	liquid media	microdilution plate	MYCOTB		1.0	S	MEDIUM
3.4.0	DST_MEASUREMENTS	dst_measurements:c4331693db589f4c	MXF	MOXIFLOXACIN	CHEBI:63611	FABPRXSRWADJSP-MEDUHNTESA-N	2.0		mg/L	12	12		SEQTREAT2020	liquid media	microdilution plate	MYCOTB		2.0	R	MEDIUM
3.4.0	DST_MEASUREMENTS	dst_measurements:df5a2bea2bb98a49	MXF	MOXIFLOXACIN	CHEBI:63611	FABPRXSRWADJSP-MEDUHNTESA-N	4.0		mg/L	22	22		SEQTREAT2020	liquid media	microdilution plate	MYCOTB		4.0	R	MEDIUM
3.4.0	DST_MEASUREMENTS	dst_measurements:c635d7ea2b55a7f0	MXF	MOXIFLOXACIN	CHEBI:63611	FABPRXSRWADJSP-MEDUHNTESA-N	8.0		mg/L	4	4		SEQTREAT2020	liquid media	microdilution plate	MYCOTB		8.0	R	MEDIUM
3.4.0	DST_MEASUREMENTS	dst_measurements:d3fc8ad5baa3d624	MXF	MOXIFLOXACIN	CHEBI:63611	FABPRXSRWADJSP-MEDUHNTESA-N	0.06	<=	mg/L	7	7		SEQTREAT2020	liquid media	microdilution plate	MYCOTB		<=0.06	S	MEDIUM
3.4.0	DST_MEASUREMENTS	dst_measurements:17ba141e84180dde	MXF	MOXIFLOXACIN	CHEBI:63611	FABPRXSRWADJSP-MEDUHNTESA-N	8	>	mg/L	4	4		SEQTREAT2020	liquid media	microdilution plate	MYCOTB		>8	R	MEDIUM
3.4.0	DST_MEASUREMENTS	dst_measurements:e81af6a2ef55d863	MXF	MOXIFLOXACIN	CHEBI:63611	FABPRXSRWADJSP-MEDUHNTESA-N	0.12		mg/L	78	78		SEQTREAT2020	liquid media	microdilution plate	UKMYC5		0.12	S	MEDIUM
3.4.0	DST_MEASUREMENTS	dst_measurements:397946356a13475e	MXF	MOXIFLOXACIN	CHEBI:63611	FABPRXSRWADJSP-MEDUHNTESA-N	0.25		mg/L	69	69		SEQTREAT2020	liquid media	microdilution plate	UKMYC5		0.25	S	MEDIUM
3.4.0	DST_MEASUREMENTS	dst_measurements:2712674f30dc52d4	MXF	MOXIFLOXACIN	CHEBI:63611	FABPRXSRWADJSP-MEDUHNTESA-N	0.5		mg/L	46	46		SEQTREAT2020	liquid media	microdilution plate	UKMYC5		0.5	S	MEDIUM
3.4.0	DST_MEASUREMENTS	dst_measurements:b0cad2de8e0cd235	MXF	MOXIFLOXACIN	CHEBI:63611	FABPRXSRWADJSP-MEDUHNTESA-N	1.0		mg/L	8	8		SEQTREAT2020	liquid media	microdilution plate	UKMYC5		1.0	S	MEDIUM
3.4.0	DST_MEASUREMENTS	dst_measurements:f531447a56ac36fe	MXF	MOXIFLOXACIN	CHEBI:63611	FABPRXSRWADJSP-MEDUHNTESA-N	2.0		mg/L	1	1		SEQTREAT2020	liquid media	microdilution plate	UKMYC5		2.0	R	MEDIUM
3.4.0	DST_MEASUREMENTS	dst_measurements:7ee7753cbb6b9914	MXF	MOXIFLOXACIN	CHEBI:63611	FABPRXSRWADJSP-MEDUHNTESA-N	4.0		mg/L	1	1		SEQTREAT2020	liquid media	microdilution plate	UKMYC5		4.0	R	MEDIUM
3.4.0	DST_MEASUREMENTS	dst_measurements:20dcd97a455f9560	MXF	MOXIFLOXACIN	CHEBI:63611	FABPRXSRWADJSP-MEDUHNTESA-N	0.06	<=	mg/L	60	60		SEQTREAT2020	liquid media	microdilution plate	UKMYC5		<=0.06	S	MEDIUM
3.4.0	DST_MEASUREMENTS	dst_measurements:35721c395dd1a8a0	MXF	MOXIFLOXACIN	CHEBI:63611	FABPRXSRWADJSP-MEDUHNTESA-N				20	20		SEQTREAT2020	liquid media	microdilution plate	UKMYC5			U	MEDIUM
3.4.0	DST_MEASUREMENTS	dst_measurements:cd83e19bf935c340	MXF	MOXIFLOXACIN	CHEBI:63611	FABPRXSRWADJSP-MEDUHNTESA-N				15	15		SEQTREAT2020	solid media	LJ		WHO		S	MEDIUM
3.4.0	DST_MEASUREMENTS	dst_measurements:fecbabac42fd7aa2	MXF	MOXIFLOXACIN	CHEBI:63611	FABPRXSRWADJSP-MEDUHNTESA-N				107	107		SEQTREAT2020	solid media	LJ		WHO		U	MEDIUM
3.4.0	DST_MEASUREMENTS	dst_measurements:a6fcab54f14f2d7c	MXF	MOXIFLOXACIN	CHEBI:63611	FABPRXSRWADJSP-MEDUHNTESA-N				49	49		SEQTREAT2020	solid media	middlebrook	7H10	2.0		R	MEDIUM
3.4.0	DST_MEASUREMENTS	dst_measurements:fd3428b63e7f7d4a	MXF	MOXIFLOXACIN	CHEBI:63611	FABPRXSRWADJSP-MEDUHNTESA-N				129	129		SEQTREAT2020	solid media	middlebrook	7H10	2.0		S	MEDIUM
3.4.0	DST_MEASUREMENTS	dst_measurements:910ad38164e477ed	MXF	MOXIFLOXACIN	CHEBI:63611	FABPRXSRWADJSP-MEDUHNTESA-N				118	118		WHO2019	liquid media	MGIT	MGIT960	0.5		R	MEDIUM
3.4.0	DST_MEASUREMENTS	dst_measurements:12caecc797cf2723	MXF	MOXIFLOXACIN	CHEBI:63611	FABPRXSRWADJSP-MEDUHNTESA-N				1793	1793		WHO2019	liquid media	MGIT	MGIT960	0.5		S	MEDIUM
3.4.0	DST_MEASUREMENTS	dst_measurements:8b15fe71700a84e7	MXF	MOXIFLOXACIN	CHEBI:63611	FABPRXSRWADJSP-MEDUHNTESA-N				17	17		WHO2019	liquid media	MGIT	MGIT960	2.0		R	MEDIUM
3.4.0	DST_MEASUREMENTS	dst_measurements:322b72ad5faaa49e	MXF	MOXIFLOXACIN	CHEBI:63611	FABPRXSRWADJSP-MEDUHNTESA-N				1884	1884		WHO2019	liquid media	MGIT	MGIT960	2.0		S	MEDIUM
3.4.0	DST_MEASUREMENTS	dst_measurements:24b76dd105340d48	OFX	OFLOXACIN	antibioticmech:aro-2eea3233f3	GSDSWSVVBLHKDQ-UHFFFAOYSA-N				1559	1559		CLIRES2020	liquid media	MGIT	MGIT960			R	MEDIUM
3.4.0	DST_MEASUREMENTS	dst_measurements:38a5349b5729c64e	OFX	OFLOXACIN	antibioticmech:aro-2eea3233f3	GSDSWSVVBLHKDQ-UHFFFAOYSA-N				2902	2902		CLIRES2020	liquid media	MGIT	MGIT960			S	MEDIUM
3.4.0	DST_MEASUREMENTS	dst_measurements:0d7afc0a6ffdab61	OFX	OFLOXACIN	antibioticmech:aro-2eea3233f3	GSDSWSVVBLHKDQ-UHFFFAOYSA-N				3	3		CLIRES2020	not specified					R	MEDIUM
3.4.0	DST_MEASUREMENTS	dst_measurements:19a378ae1dc19d8c	OFX	OFLOXACIN	antibioticmech:aro-2eea3233f3	GSDSWSVVBLHKDQ-UHFFFAOYSA-N				14	14		CLIRES2020	not specified					S	MEDIUM
3.4.0	DST_MEASUREMENTS	dst_measurements:9ed3bce78dcf1a58	OFX	OFLOXACIN	antibioticmech:aro-2eea3233f3	GSDSWSVVBLHKDQ-UHFFFAOYSA-N				1	1		CLIRES2020	solid media					I	MEDIUM
3.4.0	DST_MEASUREMENTS	dst_measurements:cda7cb5278daac14	OFX	OFLOXACIN	antibioticmech:aro-2eea3233f3	GSDSWSVVBLHKDQ-UHFFFAOYSA-N				147	147		CLIRES2020	solid media					R	MEDIUM
3.4.0	DST_MEASUREMENTS	dst_measurements:9fdaa47ebc33c7e8	OFX	OFLOXACIN	antibioticmech:aro-2eea3233f3	GSDSWSVVBLHKDQ-UHFFFAOYSA-N				816	816		CLIRES2020	solid media					S	MEDIUM
3.4.0	DST_MEASUREMENTS	dst_measurements:679dc09fadbc845c	OFX	OFLOXACIN	antibioticmech:aro-2eea3233f3	GSDSWSVVBLHKDQ-UHFFFAOYSA-N				321	321		CLIRES2023	liquid media	MGIT	MGIT960			R	MEDIUM
3.4.0	DST_MEASUREMENTS	dst_measurements:c7eaed9024ac7b45	OFX	OFLOXACIN	antibioticmech:aro-2eea3233f3	GSDSWSVVBLHKDQ-UHFFFAOYSA-N				579	579		CLIRES2023	liquid media	MGIT	MGIT960			S	MEDIUM
3.4.0	DST_MEASUREMENTS	dst_measurements:22b3ccdcb45484d4	OFX	OFLOXACIN	antibioticmech:aro-2eea3233f3	GSDSWSVVBLHKDQ-UHFFFAOYSA-N				1	1		CLIRES2023	not specified					R	MEDIUM
3.4.0	DST_MEASUREMENTS	dst_measurements:498430d9780c8ea0	OFX	OFLOXACIN	antibioticmech:aro-2eea3233f3	GSDSWSVVBLHKDQ-UHFFFAOYSA-N				8	8		CLIRES2023	solid media					R	MEDIUM
3.4.0	DST_MEASUREMENTS	dst_measurements:5069992b4fe3b8d8	OFX	OFLOXACIN	antibioticmech:aro-2eea3233f3	GSDSWSVVBLHKDQ-UHFFFAOYSA-N				1	1		CLIRES2023	solid media					S	MEDIUM
3.4.0	DST_MEASUREMENTS	dst_measurements:4bfee9e260a464d9	OFX	OFLOXACIN	antibioticmech:aro-2eea3233f3	GSDSWSVVBLHKDQ-UHFFFAOYSA-N				24	24		KMMYKROBE2025	not specified					R	MEDIUM
3.4.0	DST_MEASUREMENTS	dst_measurements:2568e716d9739101	OFX	OFLOXACIN	antibioticmech:aro-2eea3233f3	GSDSWSVVBLHKDQ-UHFFFAOYSA-N				122	122		KMMYKROBE2025	not specified					S	MEDIUM
3.4.0	DST_MEASUREMENTS	dst_measurements:1fdfb66432c79e9e	OFX	OFLOXACIN	antibioticmech:aro-2eea3233f3	GSDSWSVVBLHKDQ-UHFFFAOYSA-N				396	396		KMVALIDATION2025	not specified					R	MEDIUM
3.4.0	DST_MEASUREMENTS	dst_measurements:0457f35bd9760e41	OFX	OFLOXACIN	antibioticmech:aro-2eea3233f3	GSDSWSVVBLHKDQ-UHFFFAOYSA-N				3315	3315		KMVALIDATION2025	not specified					S	MEDIUM
3.4.0	DST_MEASUREMENTS	dst_measurements:e57fc6fcd3573b6e	OFX	OFLOXACIN	antibioticmech:aro-2eea3233f3	GSDSWSVVBLHKDQ-UHFFFAOYSA-N				27	27		LID2015	liquid media	MGIT	MGIT960	WHO		R	MEDIUM
3.4.0	DST_MEASUREMENTS	dst_measurements:ace888cc65b04ec2	OFX	OFLOXACIN	antibioticmech:aro-2eea3233f3	GSDSWSVVBLHKDQ-UHFFFAOYSA-N				775	775		LID2015	liquid media	MGIT	MGIT960	WHO		S	MEDIUM
3.4.0	DST_MEASUREMENTS	dst_measurements:d1136c0576b5f1a5	OFX	OFLOXACIN	antibioticmech:aro-2eea3233f3	GSDSWSVVBLHKDQ-UHFFFAOYSA-N				326	326		MUMBAI2018	liquid media	MGIT	MGIT960			R	MEDIUM
3.4.0	DST_MEASUREMENTS	dst_measurements:06c7ee09d84e429c	OFX	OFLOXACIN	antibioticmech:aro-2eea3233f3	GSDSWSVVBLHKDQ-UHFFFAOYSA-N				503	503		MUMBAI2018	liquid media	MGIT	MGIT960			S	MEDIUM
3.4.0	DST_MEASUREMENTS	dst_measurements:764b458ae4cf5706	OFX	OFLOXACIN	antibioticmech:aro-2eea3233f3	GSDSWSVVBLHKDQ-UHFFFAOYSA-N				182	182		NEJM2018	liquid media	MGIT	MGIT960			R	MEDIUM
3.4.0	DST_MEASUREMENTS	dst_measurements:8fb051920d8eda5d	OFX	OFLOXACIN	antibioticmech:aro-2eea3233f3	GSDSWSVVBLHKDQ-UHFFFAOYSA-N				1115	1115		NEJM2018	liquid media	MGIT	MGIT960			S	MEDIUM
3.4.0	DST_MEASUREMENTS	dst_measurements:ffd74400e836fad8	OFX	OFLOXACIN	antibioticmech:aro-2eea3233f3	GSDSWSVVBLHKDQ-UHFFFAOYSA-N				190	190		NEJM2018	solid media	LJ	resistance ratio			R	MEDIUM
3.4.0	DST_MEASUREMENTS	dst_measurements:14362ae5097ab63e	OFX	OFLOXACIN	antibioticmech:aro-2eea3233f3	GSDSWSVVBLHKDQ-UHFFFAOYSA-N				584	584		NEJM2018	solid media	LJ	resistance ratio			S	MEDIUM
3.4.0	DST_MEASUREMENTS	dst_measurements:0071c0bfd186a6ca	OFX	OFLOXACIN	antibioticmech:aro-2eea3233f3	GSDSWSVVBLHKDQ-UHFFFAOYSA-N				53	53		NEJM2018	solid media	middlebrook	proportion method			R	MEDIUM
3.4.0	DST_MEASUREMENTS	dst_measurements:340266d3ae5e5088	OFX	OFLOXACIN	antibioticmech:aro-2eea3233f3	GSDSWSVVBLHKDQ-UHFFFAOYSA-N				102	102		NEJM2018	solid media	middlebrook	proportion method			S	MEDIUM
3.4.0	DST_MEASUREMENTS	dst_measurements:e8e3a9afe06d76f8	OFX	OFLOXACIN	antibioticmech:aro-2eea3233f3	GSDSWSVVBLHKDQ-UHFFFAOYSA-N				36	36		PHE2019	liquid media	MGIT	MGIT960	WHO		R	MEDIUM
3.4.0	DST_MEASUREMENTS	dst_measurements:4fc81613818ae747	OFX	OFLOXACIN	antibioticmech:aro-2eea3233f3	GSDSWSVVBLHKDQ-UHFFFAOYSA-N				158	158		PHE2019	liquid media	MGIT	MGIT960	WHO		S	MEDIUM
3.4.0	DST_MEASUREMENTS	dst_measurements:57229e99cd834b76	OFX	OFLOXACIN	antibioticmech:aro-2eea3233f3	GSDSWSVVBLHKDQ-UHFFFAOYSA-N				4	4		SEQTREAT2020	liquid media	MGIT	BACTEC460	2.0		R	MEDIUM
3.4.0	DST_MEASUREMENTS	dst_measurements:d1a95f5929465139	OFX	OFLOXACIN	antibioticmech:aro-2eea3233f3	GSDSWSVVBLHKDQ-UHFFFAOYSA-N				13	13		SEQTREAT2020	liquid media	MGIT	BACTEC460	2.0		S	MEDIUM
3.4.0	DST_MEASUREMENTS	dst_measurements:04f5d3430bfc36da	OFX	OFLOXACIN	antibioticmech:aro-2eea3233f3	GSDSWSVVBLHKDQ-UHFFFAOYSA-N				27	27		SEQTREAT2020	liquid media	MGIT	MGIT960	2.0		R	MEDIUM
3.4.0	DST_MEASUREMENTS	dst_measurements:7b904163bbf8708f	OFX	OFLOXACIN	antibioticmech:aro-2eea3233f3	GSDSWSVVBLHKDQ-UHFFFAOYSA-N				163	163		SEQTREAT2020	liquid media	MGIT	MGIT960	2.0		S	MEDIUM
3.4.0	DST_MEASUREMENTS	dst_measurements:cf3e4b6508aad6dd	OFX	OFLOXACIN	antibioticmech:aro-2eea3233f3	GSDSWSVVBLHKDQ-UHFFFAOYSA-N				412	412		SEQTREAT2020	liquid media	MGIT	MGIT960	2.0		U	MEDIUM
3.4.0	DST_MEASUREMENTS	dst_measurements:066755d0c713bfbf	OFX	OFLOXACIN	antibioticmech:aro-2eea3233f3	GSDSWSVVBLHKDQ-UHFFFAOYSA-N				31	31		SEQTREAT2020	liquid media	MGIT	MGIT960	WHO		R	MEDIUM
3.4.0	DST_MEASUREMENTS	dst_measurements:26f56a7de8bf16c3	OFX	OFLOXACIN	antibioticmech:aro-2eea3233f3	GSDSWSVVBLHKDQ-UHFFFAOYSA-N				238	238		SEQTREAT2020	liquid media	MGIT	MGIT960	WHO		S	MEDIUM
3.4.0	DST_MEASUREMENTS	dst_measurements:4ccf1dec2c39c795	OFX	OFLOXACIN	antibioticmech:aro-2eea3233f3	GSDSWSVVBLHKDQ-UHFFFAOYSA-N				487	487		SEQTREAT2020	liquid media	MGIT	MGIT960	WHO		U	MEDIUM
3.4.0	DST_MEASUREMENTS	dst_measurements:2c9b03a1b6febb27	OFX	OFLOXACIN	antibioticmech:aro-2eea3233f3	GSDSWSVVBLHKDQ-UHFFFAOYSA-N	0.5		mg/L	20	20		SEQTREAT2020	liquid media	microdilution plate	MYCOTB		0.5		MEDIUM
3.4.0	DST_MEASUREMENTS	dst_measurements:07a5d3da59a0f208	OFX	OFLOXACIN	antibioticmech:aro-2eea3233f3	GSDSWSVVBLHKDQ-UHFFFAOYSA-N	1.0		mg/L	48	48		SEQTREAT2020	liquid media	microdilution plate	MYCOTB		1.0		MEDIUM
3.4.0	DST_MEASUREMENTS	dst_measurements:46c5d2fa6a49e8b6	OFX	OFLOXACIN	antibioticmech:aro-2eea3233f3	GSDSWSVVBLHKDQ-UHFFFAOYSA-N	16.0		mg/L	10	10		SEQTREAT2020	liquid media	microdilution plate	MYCOTB		16.0		MEDIUM
3.4.0	DST_MEASUREMENTS	dst_measurements:38fdd592a595d4e1	OFX	OFLOXACIN	antibioticmech:aro-2eea3233f3	GSDSWSVVBLHKDQ-UHFFFAOYSA-N	2.0		mg/L	11	11		SEQTREAT2020	liquid media	microdilution plate	MYCOTB		2.0		MEDIUM
3.4.0	DST_MEASUREMENTS	dst_measurements:fac3f80b0f052cf4	OFX	OFLOXACIN	antibioticmech:aro-2eea3233f3	GSDSWSVVBLHKDQ-UHFFFAOYSA-N	32.0		mg/L	3	3		SEQTREAT2020	liquid media	microdilution plate	MYCOTB		32.0		MEDIUM
3.4.0	DST_MEASUREMENTS	dst_measurements:76560f5e78d8354d	OFX	OFLOXACIN	antibioticmech:aro-2eea3233f3	GSDSWSVVBLHKDQ-UHFFFAOYSA-N	4.0		mg/L	7	7		SEQTREAT2020	liquid media	microdilution plate	MYCOTB		4.0		MEDIUM
3.4.0	DST_MEASUREMENTS	dst_measurements:5eb758d1ccfec94c	OFX	OFLOXACIN	antibioticmech:aro-2eea3233f3	GSDSWSVVBLHKDQ-UHFFFAOYSA-N	8.0		mg/L	17	17		SEQTREAT2020	liquid media	microdilution plate	MYCOTB		8.0		MEDIUM
3.4.0	DST_MEASUREMENTS	dst_measurements:339219fe698441b6	OFX	OFLOXACIN	antibioticmech:aro-2eea3233f3	GSDSWSVVBLHKDQ-UHFFFAOYSA-N	0.25	<=	mg/L	4	4		SEQTREAT2020	liquid media	microdilution plate	MYCOTB		<=0.25		MEDIUM
3.4.0	DST_MEASUREMENTS	dst_measurements:d4272210cfd369d3	OFX	OFLOXACIN	antibioticmech:aro-2eea3233f3	GSDSWSVVBLHKDQ-UHFFFAOYSA-N	16		mg/L	1	1		SEQTREAT2020	liquid media	microdilution plate	colourmetric		16		MEDIUM
3.4.0	DST_MEASUREMENTS	dst_measurements:798cf712885221ae	OFX	OFLOXACIN	antibioticmech:aro-2eea3233f3	GSDSWSVVBLHKDQ-UHFFFAOYSA-N	2		mg/L	2	2		SEQTREAT2020	liquid media	microdilution plate	colourmetric		2		MEDIUM
3.4.0	DST_MEASUREMENTS	dst_measurements:6dd7d82119e3d74a	OFX	OFLOXACIN	antibioticmech:aro-2eea3233f3	GSDSWSVVBLHKDQ-UHFFFAOYSA-N	4		mg/L	2	2		SEQTREAT2020	liquid media	microdilution plate	colourmetric		4		MEDIUM
3.4.0	DST_MEASUREMENTS	dst_measurements:1171388dbfd03bff	OFX	OFLOXACIN	antibioticmech:aro-2eea3233f3	GSDSWSVVBLHKDQ-UHFFFAOYSA-N	8		mg/L	10	10		SEQTREAT2020	liquid media	microdilution plate	colourmetric		8		MEDIUM
3.4.0	DST_MEASUREMENTS	dst_measurements:0a675837edfd3823	OFX	OFLOXACIN	antibioticmech:aro-2eea3233f3	GSDSWSVVBLHKDQ-UHFFFAOYSA-N	16	>	mg/L	1	1		SEQTREAT2020	liquid media	microdilution plate	colourmetric		>16		MEDIUM
3.4.0	DST_MEASUREMENTS	dst_measurements:42bff4c80cbfe363	OFX	OFLOXACIN	antibioticmech:aro-2eea3233f3	GSDSWSVVBLHKDQ-UHFFFAOYSA-N				2	2		SEQTREAT2020	not specified					S	MEDIUM
3.4.0	DST_MEASUREMENTS	dst_measurements:8489bfc2aaa995ff	OFX	OFLOXACIN	antibioticmech:aro-2eea3233f3	GSDSWSVVBLHKDQ-UHFFFAOYSA-N				442	442		SEQTREAT2020	not specified					U	MEDIUM
3.4.0	DST_MEASUREMENTS	dst_measurements:e87bbd5ef7f33075	OFX	OFLOXACIN	antibioticmech:aro-2eea3233f3	GSDSWSVVBLHKDQ-UHFFFAOYSA-N				3	3		SEQTREAT2020	solid media	LJ		2.0		R	MEDIUM
3.4.0	DST_MEASUREMENTS	dst_measurements:e52c2a2e65aa5635	OFX	OFLOXACIN	antibioticmech:aro-2eea3233f3	GSDSWSVVBLHKDQ-UHFFFAOYSA-N				168	168		SEQTREAT2020	solid media	LJ		2.0		S	MEDIUM
3.4.0	DST_MEASUREMENTS	dst_measurements:18ac62a84d58e2b5	OFX	OFLOXACIN	antibioticmech:aro-2eea3233f3	GSDSWSVVBLHKDQ-UHFFFAOYSA-N				16	16		SEQTREAT2020	solid media	LJ		2.0		U	MEDIUM
3.4.0	DST_MEASUREMENTS	dst_measurements:51d360ee7b34cdf7	OFX	OFLOXACIN	antibioticmech:aro-2eea3233f3	GSDSWSVVBLHKDQ-UHFFFAOYSA-N				206	206		SEQTREAT2020	solid media	LJ		WHO		R	MEDIUM
3.4.0	DST_MEASUREMENTS	dst_measurements:e6c13565ad25ce9f	OFX	OFLOXACIN	antibioticmech:aro-2eea3233f3	GSDSWSVVBLHKDQ-UHFFFAOYSA-N				1223	1223		SEQTREAT2020	solid media	LJ		WHO		S	MEDIUM
3.4.0	DST_MEASUREMENTS	dst_measurements:1fd9a2128518cd0a	OFX	OFLOXACIN	antibioticmech:aro-2eea3233f3	GSDSWSVVBLHKDQ-UHFFFAOYSA-N				229	229		SEQTREAT2020	solid media	LJ		WHO		U	MEDIUM
3.4.0	DST_MEASUREMENTS	dst_measurements:05347283f9fdf5bf	OFX	OFLOXACIN	antibioticmech:aro-2eea3233f3	GSDSWSVVBLHKDQ-UHFFFAOYSA-N				336	336		SEQTREAT2020	solid media	middlebrook	7H10	2		R	MEDIUM
3.4.0	DST_MEASUREMENTS	dst_measurements:5ea701c0331b5fcd	OFX	OFLOXACIN	antibioticmech:aro-2eea3233f3	GSDSWSVVBLHKDQ-UHFFFAOYSA-N				87	87		SEQTREAT2020	solid media	middlebrook	7H10	2.0		R	MEDIUM
3.4.0	DST_MEASUREMENTS	dst_measurements:fed186e946a0282d	OFX	OFLOXACIN	antibioticmech:aro-2eea3233f3	GSDSWSVVBLHKDQ-UHFFFAOYSA-N				93	93		SEQTREAT2020	solid media	middlebrook	7H10	2.0		S	MEDIUM
3.4.0	DST_MEASUREMENTS	dst_measurements:4c35aa1149f366c0	OFX	OFLOXACIN	antibioticmech:aro-2eea3233f3	GSDSWSVVBLHKDQ-UHFFFAOYSA-N				16	16		SEQTREAT2020	solid media	middlebrook		1.0		R	MEDIUM
3.4.0	DST_MEASUREMENTS	dst_measurements:62ec02bb9ac17ca2	OFX	OFLOXACIN	antibioticmech:aro-2eea3233f3	GSDSWSVVBLHKDQ-UHFFFAOYSA-N				69	69		SEQTREAT2020	solid media	middlebrook		1.0		S	MEDIUM
3.4.0	DST_MEASUREMENTS	dst_measurements:ea69e80b9fef70e0	OFX	OFLOXACIN	antibioticmech:aro-2eea3233f3	GSDSWSVVBLHKDQ-UHFFFAOYSA-N				9	9		SEQTREAT2020	solid media	middlebrook		1.0		U	MEDIUM
3.4.0	DST_MEASUREMENTS	dst_measurements:dd91cf9258c7cc10	OFX	OFLOXACIN	antibioticmech:aro-2eea3233f3	GSDSWSVVBLHKDQ-UHFFFAOYSA-N				41	41		SEQTREAT2020	solid media	middlebrook		2		R	MEDIUM
3.4.0	DST_MEASUREMENTS	dst_measurements:9fb72520bee9c742	OFX	OFLOXACIN	antibioticmech:aro-2eea3233f3	GSDSWSVVBLHKDQ-UHFFFAOYSA-N				381	381		SEQTREAT2020	solid media	middlebrook		2		S	MEDIUM
3.4.0	DST_MEASUREMENTS	dst_measurements:e04cb7f2c24dbad4	OFX	OFLOXACIN	antibioticmech:aro-2eea3233f3	GSDSWSVVBLHKDQ-UHFFFAOYSA-N				22	22		SEQTREAT2020	solid media	middlebrook		2		U	MEDIUM
3.4.0	DST_MEASUREMENTS	dst_measurements:f04fafdb5f9b1a1b	OFX	OFLOXACIN	antibioticmech:aro-2eea3233f3	GSDSWSVVBLHKDQ-UHFFFAOYSA-N				14	14		SEQTREAT2020	solid media	middlebrook		2.0		R	MEDIUM
3.4.0	DST_MEASUREMENTS	dst_measurements:07767f4e834f2cc4	OFX	OFLOXACIN	antibioticmech:aro-2eea3233f3	GSDSWSVVBLHKDQ-UHFFFAOYSA-N				70	70		SEQTREAT2020	solid media	middlebrook		2.0		S	MEDIUM
3.4.0	DST_MEASUREMENTS	dst_measurements:20d2f4acb2b1cb1d	OFX	OFLOXACIN	antibioticmech:aro-2eea3233f3	GSDSWSVVBLHKDQ-UHFFFAOYSA-N				9	9		SEQTREAT2020	solid media	middlebrook		2.0		U	MEDIUM
3.4.0	DST_MEASUREMENTS	dst_measurements:404840468428fde4	OFX	OFLOXACIN	antibioticmech:aro-2eea3233f3	GSDSWSVVBLHKDQ-UHFFFAOYSA-N				10	10		SEQTREAT2020	solid media	middlebrook		4.0		R	MEDIUM
3.4.0	DST_MEASUREMENTS	dst_measurements:70af1eced612f774	OFX	OFLOXACIN	antibioticmech:aro-2eea3233f3	GSDSWSVVBLHKDQ-UHFFFAOYSA-N				74	74		SEQTREAT2020	solid media	middlebrook		4.0		S	MEDIUM
3.4.0	DST_MEASUREMENTS	dst_measurements:8d3e27c8c2f46ea2	OFX	OFLOXACIN	antibioticmech:aro-2eea3233f3	GSDSWSVVBLHKDQ-UHFFFAOYSA-N				9	9		SEQTREAT2020	solid media	middlebrook		4.0		U	MEDIUM
3.4.0	DST_MEASUREMENTS	dst_measurements:b117e65761dbb69a	OFX	OFLOXACIN	antibioticmech:aro-2eea3233f3	GSDSWSVVBLHKDQ-UHFFFAOYSA-N				95	95		WHO2019	liquid media	MGIT	MGIT960	2.0		R	MEDIUM
3.4.0	DST_MEASUREMENTS	dst_measurements:6af3d2a3216b04e8	OFX	OFLOXACIN	antibioticmech:aro-2eea3233f3	GSDSWSVVBLHKDQ-UHFFFAOYSA-N				985	985		WHO2019	liquid media	MGIT	MGIT960	2.0		S	MEDIUM
3.4.0	DST_MEASUREMENTS	dst_measurements:e62da4f0dd33884d	OFX	OFLOXACIN	antibioticmech:aro-2eea3233f3	GSDSWSVVBLHKDQ-UHFFFAOYSA-N				70	70		WHO2019	solid media	LJ		4.0		R	MEDIUM
3.4.0	DST_MEASUREMENTS	dst_measurements:992a04f34a0e49b3	OFX	OFLOXACIN	antibioticmech:aro-2eea3233f3	GSDSWSVVBLHKDQ-UHFFFAOYSA-N				1068	1068		WHO2019	solid media	LJ		4.0		S	MEDIUM
3.4.0	DST_MEASUREMENTS	dst_measurements:6aae6b5420c1dcd1	PAS	PAS	CHEBI:27565	WUBBRNOQWQTFEX-UHFFFAOYSA-N				269	269		CLIRES2020	liquid media	MGIT	MGIT960			R	MEDIUM
3.4.0	DST_MEASUREMENTS	dst_measurements:6801162fdae3957e	PAS	PAS	CHEBI:27565	WUBBRNOQWQTFEX-UHFFFAOYSA-N				4112	4112		CLIRES2020	liquid media	MGIT	MGIT960			S	MEDIUM
3.4.0	DST_MEASUREMENTS	dst_measurements:c5fb6a9ac7a103d4	PAS	PAS	CHEBI:27565	WUBBRNOQWQTFEX-UHFFFAOYSA-N				1	1		CLIRES2020	not specified					R	MEDIUM
3.4.0	DST_MEASUREMENTS	dst_measurements:5430fefdb283930d	PAS	PAS	CHEBI:27565	WUBBRNOQWQTFEX-UHFFFAOYSA-N				7	7		CLIRES2020	not specified					S	MEDIUM
3.4.0	DST_MEASUREMENTS	dst_measurements:5da08385473ccce7	PAS	PAS	CHEBI:27565	WUBBRNOQWQTFEX-UHFFFAOYSA-N				3	3		CLIRES2020	solid media					I	MEDIUM
3.4.0	DST_MEASUREMENTS	dst_measurements:8151e45439481095	PAS	PAS	CHEBI:27565	WUBBRNOQWQTFEX-UHFFFAOYSA-N				88	88		CLIRES2020	solid media					R	MEDIUM
3.4.0	DST_MEASUREMENTS	dst_measurements:15d8058005461619	PAS	PAS	CHEBI:27565	WUBBRNOQWQTFEX-UHFFFAOYSA-N				1959	1959		CLIRES2020	solid media					S	MEDIUM
3.4.0	DST_MEASUREMENTS	dst_measurements:01155a868a711e52	PAS	PAS	CHEBI:27565	WUBBRNOQWQTFEX-UHFFFAOYSA-N				33	33		CLIRES2023	liquid media	MGIT	MGIT960			R	MEDIUM
3.4.0	DST_MEASUREMENTS	dst_measurements:7e837f5d96776b46	PAS	PAS	CHEBI:27565	WUBBRNOQWQTFEX-UHFFFAOYSA-N				854	854		CLIRES2023	liquid media	MGIT	MGIT960			S	MEDIUM
3.4.0	DST_MEASUREMENTS	dst_measurements:339cf66cb675d9c1	PAS	PAS	CHEBI:27565	WUBBRNOQWQTFEX-UHFFFAOYSA-N				1	1		CLIRES2023	not specified					I	MEDIUM
3.4.0	DST_MEASUREMENTS	dst_measurements:c137d4543fb206cc	PAS	PAS	CHEBI:27565	WUBBRNOQWQTFEX-UHFFFAOYSA-N				1	1		CLIRES2023	not specified					S	MEDIUM
3.4.0	DST_MEASUREMENTS	dst_measurements:984616610bcf171e	PAS	PAS	CHEBI:27565	WUBBRNOQWQTFEX-UHFFFAOYSA-N				2	2		CLIRES2023	solid media					I	MEDIUM
3.4.0	DST_MEASUREMENTS	dst_measurements:a0121db329b9dc5f	PAS	PAS	CHEBI:27565	WUBBRNOQWQTFEX-UHFFFAOYSA-N				11	11		CLIRES2023	solid media					R	MEDIUM
3.4.0	DST_MEASUREMENTS	dst_measurements:bbb692553de33aba	PAS	PAS	CHEBI:27565	WUBBRNOQWQTFEX-UHFFFAOYSA-N				839	839		CLIRES2023	solid media					S	MEDIUM
3.4.0	DST_MEASUREMENTS	dst_measurements:45cd01a2a64a6177	PAS	PAS	CHEBI:27565	WUBBRNOQWQTFEX-UHFFFAOYSA-N	0.25		mg/L	539	539		CRyPTIC	liquid media	microdilution plate	UKMYC5		0.25		HIGH
3.4.0	DST_MEASUREMENTS	dst_measurements:06093e7be27b257b	PAS	PAS	CHEBI:27565	WUBBRNOQWQTFEX-UHFFFAOYSA-N	0.25		mg/L	386	386		CRyPTIC	liquid media	microdilution plate	UKMYC5		0.25		LOW
3.4.0	DST_MEASUREMENTS	dst_measurements:7a523dba8a753d20	PAS	PAS	CHEBI:27565	WUBBRNOQWQTFEX-UHFFFAOYSA-N	0.25		mg/L	248	248		CRyPTIC	liquid media	microdilution plate	UKMYC5		0.25		MEDIUM
3.4.0	DST_MEASUREMENTS	dst_measurements:01f4e83a9bd33419	PAS	PAS	CHEBI:27565	WUBBRNOQWQTFEX-UHFFFAOYSA-N	0.5		mg/L	384	384		CRyPTIC	liquid media	microdilution plate	UKMYC5		0.5		HIGH
3.4.0	DST_MEASUREMENTS	dst_measurements:33c917f23611a5e7	PAS	PAS	CHEBI:27565	WUBBRNOQWQTFEX-UHFFFAOYSA-N	0.5		mg/L	390	390		CRyPTIC	liquid media	microdilution plate	UKMYC5		0.5		LOW
3.4.0	DST_MEASUREMENTS	dst_measurements:fb264c4fedb3f561	PAS	PAS	CHEBI:27565	WUBBRNOQWQTFEX-UHFFFAOYSA-N	0.5		mg/L	148	148		CRyPTIC	liquid media	microdilution plate	UKMYC5		0.5		MEDIUM
3.4.0	DST_MEASUREMENTS	dst_measurements:8c14ffc483efdac0	PAS	PAS	CHEBI:27565	WUBBRNOQWQTFEX-UHFFFAOYSA-N	1.0		mg/L	441	441		CRyPTIC	liquid media	microdilution plate	UKMYC5		1.0		HIGH
3.4.0	DST_MEASUREMENTS	dst_measurements:e7b5c1f14c70606c	PAS	PAS	CHEBI:27565	WUBBRNOQWQTFEX-UHFFFAOYSA-N	1.0		mg/L	252	252		CRyPTIC	liquid media	microdilution plate	UKMYC5		1.0		LOW
3.4.0	DST_MEASUREMENTS	dst_measurements:b2485f4acd091f7c	PAS	PAS	CHEBI:27565	WUBBRNOQWQTFEX-UHFFFAOYSA-N	1.0		mg/L	105	105		CRyPTIC	liquid media	microdilution plate	UKMYC5		1.0		MEDIUM
3.4.0	DST_MEASUREMENTS	dst_measurements:066aeccf3fc7277e	PAS	PAS	CHEBI:27565	WUBBRNOQWQTFEX-UHFFFAOYSA-N	2.0		mg/L	233	233		CRyPTIC	liquid media	microdilution plate	UKMYC5		2.0		HIGH
3.4.0	DST_MEASUREMENTS	dst_measurements:2ce4e0be2bdfd375	PAS	PAS	CHEBI:27565	WUBBRNOQWQTFEX-UHFFFAOYSA-N	2.0		mg/L	143	143		CRyPTIC	liquid media	microdilution plate	UKMYC5		2.0		LOW
3.4.0	DST_MEASUREMENTS	dst_measurements:d710f277d1b57b37	PAS	PAS	CHEBI:27565	WUBBRNOQWQTFEX-UHFFFAOYSA-N	2.0		mg/L	78	78		CRyPTIC	liquid media	microdilution plate	UKMYC5		2.0		MEDIUM
3.4.0	DST_MEASUREMENTS	dst_measurements:27423df3ac090a6b	PAS	PAS	CHEBI:27565	WUBBRNOQWQTFEX-UHFFFAOYSA-N	4.0		mg/L	233	233		CRyPTIC	liquid media	microdilution plate	UKMYC5		4.0		HIGH
3.4.0	DST_MEASUREMENTS	dst_measurements:c4d4e881c1ad6aa4	PAS	PAS	CHEBI:27565	WUBBRNOQWQTFEX-UHFFFAOYSA-N	4.0		mg/L	68	68		CRyPTIC	liquid media	microdilution plate	UKMYC5		4.0		LOW
3.4.0	DST_MEASUREMENTS	dst_measurements:7b8ca57e6614990f	PAS	PAS	CHEBI:27565	WUBBRNOQWQTFEX-UHFFFAOYSA-N	4.0		mg/L	43	43		CRyPTIC	liquid media	microdilution plate	UKMYC5		4.0		MEDIUM
3.4.0	DST_MEASUREMENTS	dst_measurements:50f7cb3c9642ce20	PAS	PAS	CHEBI:27565	WUBBRNOQWQTFEX-UHFFFAOYSA-N	0.12	<=	mg/L	1549	1549		CRyPTIC	liquid media	microdilution plate	UKMYC5		<=0.12		HIGH
3.4.0	DST_MEASUREMENTS	dst_measurements:0121818ad3b7e2f0	PAS	PAS	CHEBI:27565	WUBBRNOQWQTFEX-UHFFFAOYSA-N	0.12	<=	mg/L	290	290		CRyPTIC	liquid media	microdilution plate	UKMYC5		<=0.12		LOW
3.4.0	DST_MEASUREMENTS	dst_measurements:ea9d81405a3c5adc	PAS	PAS	CHEBI:27565	WUBBRNOQWQTFEX-UHFFFAOYSA-N	0.12	<=	mg/L	576	576		CRyPTIC	liquid media	microdilution plate	UKMYC5		<=0.12		MEDIUM
3.4.0	DST_MEASUREMENTS	dst_measurements:789fe45450a5847b	PAS	PAS	CHEBI:27565	WUBBRNOQWQTFEX-UHFFFAOYSA-N	4	>	mg/L	676	676		CRyPTIC	liquid media	microdilution plate	UKMYC5		>4		HIGH
3.4.0	DST_MEASUREMENTS	dst_measurements:46a3645f6af19ee8	PAS	PAS	CHEBI:27565	WUBBRNOQWQTFEX-UHFFFAOYSA-N	4	>	mg/L	38	38		CRyPTIC	liquid media	microdilution plate	UKMYC5		>4		LOW
3.4.0	DST_MEASUREMENTS	dst_measurements:0848b2665458266f	PAS	PAS	CHEBI:27565	WUBBRNOQWQTFEX-UHFFFAOYSA-N	4	>	mg/L	62	62		CRyPTIC	liquid media	microdilution plate	UKMYC5		>4		MEDIUM
3.4.0	DST_MEASUREMENTS	dst_measurements:0f773ef355925e62	PAS	PAS	CHEBI:27565	WUBBRNOQWQTFEX-UHFFFAOYSA-N				21	21		CRyPTIC	liquid media	microdilution plate	UKMYC5				HIGH
3.4.0	DST_MEASUREMENTS	dst_measurements:84c3a899f75598cf	PAS	PAS	CHEBI:27565	WUBBRNOQWQTFEX-UHFFFAOYSA-N				10	10		CRyPTIC	liquid media	microdilution plate	UKMYC5				LOW
3.4.0	DST_MEASUREMENTS	dst_measurements:fb6390803d357c0d	PAS	PAS	CHEBI:27565	WUBBRNOQWQTFEX-UHFFFAOYSA-N				125	125		CRyPTIC	liquid media	microdilution plate	UKMYC5				MEDIUM
3.4.0	DST_MEASUREMENTS	dst_measurements:dbb8f383d3ab8952	PAS	PAS	CHEBI:27565	WUBBRNOQWQTFEX-UHFFFAOYSA-N				8	8		KMMYKROBE2025	not specified					R	MEDIUM
3.4.0	DST_MEASUREMENTS	dst_measurements:beee56a87bb381e3	PAS	PAS	CHEBI:27565	WUBBRNOQWQTFEX-UHFFFAOYSA-N				126	126		KMMYKROBE2025	not specified					S	MEDIUM
3.4.0	DST_MEASUREMENTS	dst_measurements:5ee82aee904bb056	PAS	PAS	CHEBI:27565	WUBBRNOQWQTFEX-UHFFFAOYSA-N				81	81		KMVALIDATION2025	not specified					R	MEDIUM
3.4.0	DST_MEASUREMENTS	dst_measurements:03fcd9c474447113	PAS	PAS	CHEBI:27565	WUBBRNOQWQTFEX-UHFFFAOYSA-N				717	717		KMVALIDATION2025	not specified					S	MEDIUM
3.4.0	DST_MEASUREMENTS	dst_measurements:1e9fa36bdf5756ed	PAS	PAS	CHEBI:27565	WUBBRNOQWQTFEX-UHFFFAOYSA-N				82	82		MUMBAI2018	liquid media	MGIT	MGIT960			R	MEDIUM
3.4.0	DST_MEASUREMENTS	dst_measurements:e225ad752f88beb5	PAS	PAS	CHEBI:27565	WUBBRNOQWQTFEX-UHFFFAOYSA-N				1325	1325		MUMBAI2018	liquid media	MGIT	MGIT960			S	MEDIUM
3.4.0	DST_MEASUREMENTS	dst_measurements:c13b305cd394cb7f	PAS	PAS	CHEBI:27565	WUBBRNOQWQTFEX-UHFFFAOYSA-N				2	2		PHE2019	solid media	LJ	resistance ratio	WHO		R	MEDIUM
3.4.0	DST_MEASUREMENTS	dst_measurements:f4f8d91ab780cc4d	PAS	PAS	CHEBI:27565	WUBBRNOQWQTFEX-UHFFFAOYSA-N				27	27		PHE2019	solid media	LJ	resistance ratio	WHO		S	MEDIUM
3.4.0	DST_MEASUREMENTS	dst_measurements:06731bd8f0f22f1d	PAS	PAS	CHEBI:27565	WUBBRNOQWQTFEX-UHFFFAOYSA-N				1	1		SEQTREAT2020	liquid media	MGIT	BACTEC460	4.0		R	MEDIUM
3.4.0	DST_MEASUREMENTS	dst_measurements:6081b26ea8e9e474	PAS	PAS	CHEBI:27565	WUBBRNOQWQTFEX-UHFFFAOYSA-N				4	4		SEQTREAT2020	liquid media	MGIT	BACTEC460	4.0		S	MEDIUM
3.4.0	DST_MEASUREMENTS	dst_measurements:bd4f1105c7df5eb1	PAS	PAS	CHEBI:27565	WUBBRNOQWQTFEX-UHFFFAOYSA-N				10	10		SEQTREAT2020	liquid media	MGIT	MGIT960	4.0		R	MEDIUM
3.4.0	DST_MEASUREMENTS	dst_measurements:03444318b7abb618	PAS	PAS	CHEBI:27565	WUBBRNOQWQTFEX-UHFFFAOYSA-N				44	44		SEQTREAT2020	liquid media	MGIT	MGIT960	4.0		S	MEDIUM
3.4.0	DST_MEASUREMENTS	dst_measurements:10a5f56fc7c53250	PAS	PAS	CHEBI:27565	WUBBRNOQWQTFEX-UHFFFAOYSA-N				104	104		SEQTREAT2020	liquid media	MGIT	MGIT960	WHO		R	MEDIUM
3.4.0	DST_MEASUREMENTS	dst_measurements:69bce93fbe358777	PAS	PAS	CHEBI:27565	WUBBRNOQWQTFEX-UHFFFAOYSA-N				208	208		SEQTREAT2020	liquid media	MGIT	MGIT960	WHO		S	MEDIUM
3.4.0	DST_MEASUREMENTS	dst_measurements:c4e5e758fa83c759	PAS	PAS	CHEBI:27565	WUBBRNOQWQTFEX-UHFFFAOYSA-N				444	444		SEQTREAT2020	liquid media	MGIT	MGIT960	WHO		U	MEDIUM
3.4.0	DST_MEASUREMENTS	dst_measurements:76dd2182c7caf952	PAS	PAS	CHEBI:27565	WUBBRNOQWQTFEX-UHFFFAOYSA-N				54	54		SEQTREAT2020	liquid media	MGIT		WHO		R	MEDIUM
3.4.0	DST_MEASUREMENTS	dst_measurements:75583f358b824b45	PAS	PAS	CHEBI:27565	WUBBRNOQWQTFEX-UHFFFAOYSA-N				351	351		SEQTREAT2020	liquid media	MGIT		WHO		S	MEDIUM
3.4.0	DST_MEASUREMENTS	dst_measurements:e2477c34bae01cf1	PAS	PAS	CHEBI:27565	WUBBRNOQWQTFEX-UHFFFAOYSA-N				34	34		SEQTREAT2020	liquid media	MGIT		WHO		U	MEDIUM
3.4.0	DST_MEASUREMENTS	dst_measurements:43e391b3d1a0f257	PAS	PAS	CHEBI:27565	WUBBRNOQWQTFEX-UHFFFAOYSA-N	1.0		mg/L	20	20		SEQTREAT2020	liquid media	microdilution plate	MYCOTB		1.0		MEDIUM
3.4.0	DST_MEASUREMENTS	dst_measurements:54417a580717ccfd	PAS	PAS	CHEBI:27565	WUBBRNOQWQTFEX-UHFFFAOYSA-N	16.0		mg/L	3	3		SEQTREAT2020	liquid media	microdilution plate	MYCOTB		16.0		MEDIUM
3.4.0	DST_MEASUREMENTS	dst_measurements:d74b8b4851ff37cd	PAS	PAS	CHEBI:27565	WUBBRNOQWQTFEX-UHFFFAOYSA-N	2.0		mg/L	7	7		SEQTREAT2020	liquid media	microdilution plate	MYCOTB		2.0		MEDIUM
3.4.0	DST_MEASUREMENTS	dst_measurements:6a1e394008cbffa3	PAS	PAS	CHEBI:27565	WUBBRNOQWQTFEX-UHFFFAOYSA-N	32.0		mg/L	4	4		SEQTREAT2020	liquid media	microdilution plate	MYCOTB		32.0		MEDIUM
3.4.0	DST_MEASUREMENTS	dst_measurements:b43ab5f78b46de9e	PAS	PAS	CHEBI:27565	WUBBRNOQWQTFEX-UHFFFAOYSA-N	4.0		mg/L	9	9		SEQTREAT2020	liquid media	microdilution plate	MYCOTB		4.0		MEDIUM
3.4.0	DST_MEASUREMENTS	dst_measurements:ee70851de6c75236	PAS	PAS	CHEBI:27565	WUBBRNOQWQTFEX-UHFFFAOYSA-N	64.0		mg/L	2	2		SEQTREAT2020	liquid media	microdilution plate	MYCOTB		64.0		MEDIUM
3.4.0	DST_MEASUREMENTS	dst_measurements:04225df1654bca9f	PAS	PAS	CHEBI:27565	WUBBRNOQWQTFEX-UHFFFAOYSA-N	8.0		mg/L	3	3		SEQTREAT2020	liquid media	microdilution plate	MYCOTB		8.0		MEDIUM
3.4.0	DST_MEASUREMENTS	dst_measurements:ecb6f9a8455c21e1	PAS	PAS	CHEBI:27565	WUBBRNOQWQTFEX-UHFFFAOYSA-N	0.5	<=	mg/L	43	43		SEQTREAT2020	liquid media	microdilution plate	MYCOTB		<=0.5		MEDIUM
3.4.0	DST_MEASUREMENTS	dst_measurements:f4e11c2f4a7fb887	PAS	PAS	CHEBI:27565	WUBBRNOQWQTFEX-UHFFFAOYSA-N	64	>	mg/L	5	5		SEQTREAT2020	liquid media	microdilution plate	MYCOTB		>64		MEDIUM
3.4.0	DST_MEASUREMENTS	dst_measurements:7d711d8a004fa9ad	PAS	PAS	CHEBI:27565	WUBBRNOQWQTFEX-UHFFFAOYSA-N	0.25		mg/L	31	31		SEQTREAT2020	liquid media	microdilution plate	UKMYC5		0.25		MEDIUM
3.4.0	DST_MEASUREMENTS	dst_measurements:e047f7abc77f3b10	PAS	PAS	CHEBI:27565	WUBBRNOQWQTFEX-UHFFFAOYSA-N	0.5		mg/L	32	32		SEQTREAT2020	liquid media	microdilution plate	UKMYC5		0.5		MEDIUM
3.4.0	DST_MEASUREMENTS	dst_measurements:735df81f3cdab85a	PAS	PAS	CHEBI:27565	WUBBRNOQWQTFEX-UHFFFAOYSA-N	1.0		mg/L	35	35		SEQTREAT2020	liquid media	microdilution plate	UKMYC5		1.0		MEDIUM
3.4.0	DST_MEASUREMENTS	dst_measurements:bf751b84355e708e	PAS	PAS	CHEBI:27565	WUBBRNOQWQTFEX-UHFFFAOYSA-N	2.0		mg/L	25	25		SEQTREAT2020	liquid media	microdilution plate	UKMYC5		2.0		MEDIUM
3.4.0	DST_MEASUREMENTS	dst_measurements:0d4bd664373c1a61	PAS	PAS	CHEBI:27565	WUBBRNOQWQTFEX-UHFFFAOYSA-N	4.0		mg/L	29	29		SEQTREAT2020	liquid media	microdilution plate	UKMYC5		4.0		MEDIUM
3.4.0	DST_MEASUREMENTS	dst_measurements:10c008f9ca761522	PAS	PAS	CHEBI:27565	WUBBRNOQWQTFEX-UHFFFAOYSA-N	0.12	<=	mg/L	61	61		SEQTREAT2020	liquid media	microdilution plate	UKMYC5		<=0.12		MEDIUM
3.4.0	DST_MEASUREMENTS	dst_measurements:a2cf123c805b2685	PAS	PAS	CHEBI:27565	WUBBRNOQWQTFEX-UHFFFAOYSA-N	4	>	mg/L	50	50		SEQTREAT2020	liquid media	microdilution plate	UKMYC5		>4		MEDIUM
3.4.0	DST_MEASUREMENTS	dst_measurements:b4da03ae4311a846	PAS	PAS	CHEBI:27565	WUBBRNOQWQTFEX-UHFFFAOYSA-N				20	20		SEQTREAT2020	liquid media	microdilution plate	UKMYC5			U	MEDIUM
3.4.0	DST_MEASUREMENTS	dst_measurements:c3db0200fb7b7110	PAS	PAS	CHEBI:27565	WUBBRNOQWQTFEX-UHFFFAOYSA-N				88	88		SEQTREAT2020	solid media	LJ		WHO		R	MEDIUM
3.4.0	DST_MEASUREMENTS	dst_measurements:f3cb3c3b7b8ad90f	PAS	PAS	CHEBI:27565	WUBBRNOQWQTFEX-UHFFFAOYSA-N				521	521		SEQTREAT2020	solid media	LJ		WHO		S	MEDIUM
3.4.0	DST_MEASUREMENTS	dst_measurements:0e6e21d661e13b4d	PAS	PAS	CHEBI:27565	WUBBRNOQWQTFEX-UHFFFAOYSA-N				610	610		SEQTREAT2020	solid media	LJ		WHO		U	MEDIUM
3.4.0	DST_MEASUREMENTS	dst_measurements:745efedc47ed1b87	PAS	PAS	CHEBI:27565	WUBBRNOQWQTFEX-UHFFFAOYSA-N				59	59		SEQTREAT2020	solid media	middlebrook	7H10	2.0		R	MEDIUM
3.4.0	DST_MEASUREMENTS	dst_measurements:6f7a8ee539a19010	PAS	PAS	CHEBI:27565	WUBBRNOQWQTFEX-UHFFFAOYSA-N				121	121		SEQTREAT2020	solid media	middlebrook	7H10	2.0		S	MEDIUM
3.4.0	DST_MEASUREMENTS	dst_measurements:a4bd9cc7a21cf90e	PAS	PAS	CHEBI:27565	WUBBRNOQWQTFEX-UHFFFAOYSA-N				1	1		SEQTREAT2020	solid media	middlebrook		10.0		R	MEDIUM
3.4.0	DST_MEASUREMENTS	dst_measurements:960d5114f32e5f42	PAS	PAS	CHEBI:27565	WUBBRNOQWQTFEX-UHFFFAOYSA-N				81	81		SEQTREAT2020	solid media	middlebrook		10.0		S	MEDIUM
3.4.0	DST_MEASUREMENTS	dst_measurements:7055fee3347ff690	PAS	PAS	CHEBI:27565	WUBBRNOQWQTFEX-UHFFFAOYSA-N				9	9		SEQTREAT2020	solid media	middlebrook		10.0		U	MEDIUM
3.4.0	DST_MEASUREMENTS	dst_measurements:9ae84b6b3f2cf07d	PAS	PAS	CHEBI:27565	WUBBRNOQWQTFEX-UHFFFAOYSA-N				6	6		SEQTREAT2020	solid media	middlebrook		2.0		R	MEDIUM
3.4.0	DST_MEASUREMENTS	dst_measurements:593dfb2bae6efa1c	PAS	PAS	CHEBI:27565	WUBBRNOQWQTFEX-UHFFFAOYSA-N				77	77		SEQTREAT2020	solid media	middlebrook		2.0		S	MEDIUM
3.4.0	DST_MEASUREMENTS	dst_measurements:88c9c566bdef8701	PAS	PAS	CHEBI:27565	WUBBRNOQWQTFEX-UHFFFAOYSA-N				9	9		SEQTREAT2020	solid media	middlebrook		2.0		U	MEDIUM
3.4.0	DST_MEASUREMENTS	dst_measurements:6b0adadbde2e2f2c	PTO	PROTHIONAMIDE	CHEBI:32066	VRDIULHPQTYCLN-UHFFFAOYSA-N				1	1		CLIRES2020	liquid media	MGIT	MGIT960			R	MEDIUM
3.4.0	DST_MEASUREMENTS	dst_measurements:40ccd1a0487baa60	PTO	PROTHIONAMIDE	CHEBI:32066	VRDIULHPQTYCLN-UHFFFAOYSA-N				5	5		CLIRES2020	liquid media	MGIT	MGIT960			S	MEDIUM
3.4.0	DST_MEASUREMENTS	dst_measurements:27a16a335a7ce7a7	PTO	PROTHIONAMIDE	CHEBI:32066	VRDIULHPQTYCLN-UHFFFAOYSA-N				2	2		CLIRES2020	not specified					S	MEDIUM
3.4.0	DST_MEASUREMENTS	dst_measurements:416dd5674e6d9a9a	PTO	PROTHIONAMIDE	CHEBI:32066	VRDIULHPQTYCLN-UHFFFAOYSA-N				11	11		CLIRES2020	solid media					R	MEDIUM
3.4.0	DST_MEASUREMENTS	dst_measurements:4a20a9492fd6a2ea	PTO	PROTHIONAMIDE	CHEBI:32066	VRDIULHPQTYCLN-UHFFFAOYSA-N				757	757		CLIRES2020	solid media					S	MEDIUM
3.4.0	DST_MEASUREMENTS	dst_measurements:d223b68a813ffa04	PTO	PROTHIONAMIDE	CHEBI:32066	VRDIULHPQTYCLN-UHFFFAOYSA-N				1	1		CLIRES2023	liquid media	MGIT	MGIT960			R	MEDIUM
3.4.0	DST_MEASUREMENTS	dst_measurements:63c841cafb15b9eb	PTO	PROTHIONAMIDE	CHEBI:32066	VRDIULHPQTYCLN-UHFFFAOYSA-N				1	1		CLIRES2023	liquid media	MGIT	MGIT960			S	MEDIUM
3.4.0	DST_MEASUREMENTS	dst_measurements:46cd7b14e02ddc3a	PTO	PROTHIONAMIDE	CHEBI:32066	VRDIULHPQTYCLN-UHFFFAOYSA-N				1	1		CLIRES2023	not specified					S	MEDIUM
3.4.0	DST_MEASUREMENTS	dst_measurements:99dd5b6528758a8f	PTO	PROTHIONAMIDE	CHEBI:32066	VRDIULHPQTYCLN-UHFFFAOYSA-N				45	45		PHE2019	liquid media	MGIT	MGIT960	WHO		R	MEDIUM
3.4.0	DST_MEASUREMENTS	dst_measurements:c1b8cbd078951df8	PTO	PROTHIONAMIDE	CHEBI:32066	VRDIULHPQTYCLN-UHFFFAOYSA-N				149	149		PHE2019	liquid media	MGIT	MGIT960	WHO		S	MEDIUM
3.4.0	DST_MEASUREMENTS	dst_measurements:82ce8b56ab0db063	PTO	PROTHIONAMIDE	CHEBI:32066	VRDIULHPQTYCLN-UHFFFAOYSA-N				246	246		SEQTREAT2020	liquid media	MGIT	MGIT960	WHO		R	MEDIUM
3.4.0	DST_MEASUREMENTS	dst_measurements:8934544d5c3d2e2b	PTO	PROTHIONAMIDE	CHEBI:32066	VRDIULHPQTYCLN-UHFFFAOYSA-N				214	214		SEQTREAT2020	liquid media	MGIT	MGIT960	WHO		S	MEDIUM
3.4.0	DST_MEASUREMENTS	dst_measurements:07661828ee840c12	PTO	PROTHIONAMIDE	CHEBI:32066	VRDIULHPQTYCLN-UHFFFAOYSA-N				296	296		SEQTREAT2020	liquid media	MGIT	MGIT960	WHO		U	MEDIUM
3.4.0	DST_MEASUREMENTS	dst_measurements:c7076e9e23a09a18	PTO	PROTHIONAMIDE	CHEBI:32066	VRDIULHPQTYCLN-UHFFFAOYSA-N				535	535		SEQTREAT2020	liquid media	MGIT		WHO		R	MEDIUM
3.4.0	DST_MEASUREMENTS	dst_measurements:42ea52292a0eae1f	PTO	PROTHIONAMIDE	CHEBI:32066	VRDIULHPQTYCLN-UHFFFAOYSA-N				888	888		SEQTREAT2020	liquid media	MGIT		WHO		S	MEDIUM
3.4.0	DST_MEASUREMENTS	dst_measurements:4ef711516036d03e	PTO	PROTHIONAMIDE	CHEBI:32066	VRDIULHPQTYCLN-UHFFFAOYSA-N				57	57		SEQTREAT2020	liquid media	MGIT		WHO		U	MEDIUM
3.4.0	DST_MEASUREMENTS	dst_measurements:feec06d230f44c78	PTO	PROTHIONAMIDE	CHEBI:32066	VRDIULHPQTYCLN-UHFFFAOYSA-N				83	83		SEQTREAT2020	solid media	LJ		WHO		R	MEDIUM
3.4.0	DST_MEASUREMENTS	dst_measurements:48a725b7db7f5c5c	PTO	PROTHIONAMIDE	CHEBI:32066	VRDIULHPQTYCLN-UHFFFAOYSA-N				80	80		SEQTREAT2020	solid media	LJ		WHO		S	MEDIUM
3.4.0	DST_MEASUREMENTS	dst_measurements:3dc47a069a688ecf	PTO	PROTHIONAMIDE	CHEBI:32066	VRDIULHPQTYCLN-UHFFFAOYSA-N				15	15		SEQTREAT2020	solid media	LJ		WHO		U	MEDIUM
3.4.0	DST_MEASUREMENTS	dst_measurements:473ae03c6a95eb02	PZA	PYRAZINAMIDE	CHEBI:45285	IPEHBUMCGVEMRF-UHFFFAOYSA-N				2	2		CLIRES2020	liquid media	MGIT	MGIT960			I	MEDIUM
3.4.0	DST_MEASUREMENTS	dst_measurements:6e8f1193639c5e3d	PZA	PYRAZINAMIDE	CHEBI:45285	IPEHBUMCGVEMRF-UHFFFAOYSA-N				168	168		CLIRES2020	liquid media	MGIT	MGIT960			R	MEDIUM
3.4.0	DST_MEASUREMENTS	dst_measurements:7dfd655a1a4ca6a0	PZA	PYRAZINAMIDE	CHEBI:45285	IPEHBUMCGVEMRF-UHFFFAOYSA-N				410	410		CLIRES2020	liquid media	MGIT	MGIT960			S	MEDIUM
3.4.0	DST_MEASUREMENTS	dst_measurements:5a87a1fd6dfba203	PZA	PYRAZINAMIDE	CHEBI:45285	IPEHBUMCGVEMRF-UHFFFAOYSA-N				88	88		CLIRES2020	not specified					R	MEDIUM
3.4.0	DST_MEASUREMENTS	dst_measurements:b0539131e5a2c819	PZA	PYRAZINAMIDE	CHEBI:45285	IPEHBUMCGVEMRF-UHFFFAOYSA-N				320	320		CLIRES2020	not specified					S	MEDIUM
3.4.0	DST_MEASUREMENTS	dst_measurements:4f7e1c8a36a07d87	PZA	PYRAZINAMIDE	CHEBI:45285	IPEHBUMCGVEMRF-UHFFFAOYSA-N				2	2		CLIRES2020	solid media					I	MEDIUM
3.4.0	DST_MEASUREMENTS	dst_measurements:be63acf3a799315e	PZA	PYRAZINAMIDE	CHEBI:45285	IPEHBUMCGVEMRF-UHFFFAOYSA-N				357	357		CLIRES2020	solid media					R	MEDIUM
3.4.0	DST_MEASUREMENTS	dst_measurements:fb6ae8fb0df78f96	PZA	PYRAZINAMIDE	CHEBI:45285	IPEHBUMCGVEMRF-UHFFFAOYSA-N				466	466		CLIRES2020	solid media					S	MEDIUM
3.4.0	DST_MEASUREMENTS	dst_measurements:8b8c2f9b3d74d74b	PZA	PYRAZINAMIDE	CHEBI:45285	IPEHBUMCGVEMRF-UHFFFAOYSA-N				2	2		CLIRES2023	liquid media	MGIT	MGIT960			I	MEDIUM
3.4.0	DST_MEASUREMENTS	dst_measurements:4a0c5e76579e0ef9	PZA	PYRAZINAMIDE	CHEBI:45285	IPEHBUMCGVEMRF-UHFFFAOYSA-N				44	44		CLIRES2023	liquid media	MGIT	MGIT960			R	MEDIUM
3.4.0	DST_MEASUREMENTS	dst_measurements:6335d82aed14cb3a	PZA	PYRAZINAMIDE	CHEBI:45285	IPEHBUMCGVEMRF-UHFFFAOYSA-N				60	60		CLIRES2023	liquid media	MGIT	MGIT960			S	MEDIUM
3.4.0	DST_MEASUREMENTS	dst_measurements:36c9177b34a18f2f	PZA	PYRAZINAMIDE	CHEBI:45285	IPEHBUMCGVEMRF-UHFFFAOYSA-N				3	3		CLIRES2023	not specified					R	MEDIUM
3.4.0	DST_MEASUREMENTS	dst_measurements:b26d8580d252699e	PZA	PYRAZINAMIDE	CHEBI:45285	IPEHBUMCGVEMRF-UHFFFAOYSA-N				2	2		CLIRES2023	not specified					S	MEDIUM
3.4.0	DST_MEASUREMENTS	dst_measurements:a9b88f9e381629e7	PZA	PYRAZINAMIDE	CHEBI:45285	IPEHBUMCGVEMRF-UHFFFAOYSA-N				2	2		CLIRES2023	solid media					I	MEDIUM
3.4.0	DST_MEASUREMENTS	dst_measurements:c37a95ed16c6ad2d	PZA	PYRAZINAMIDE	CHEBI:45285	IPEHBUMCGVEMRF-UHFFFAOYSA-N				196	196		CLIRES2023	solid media					R	MEDIUM
3.4.0	DST_MEASUREMENTS	dst_measurements:06008574cc594099	PZA	PYRAZINAMIDE	CHEBI:45285	IPEHBUMCGVEMRF-UHFFFAOYSA-N				476	476		CLIRES2023	solid media					S	MEDIUM
3.4.0	DST_MEASUREMENTS	dst_measurements:395fb45a2a1d569b	PZA	PYRAZINAMIDE	CHEBI:45285	IPEHBUMCGVEMRF-UHFFFAOYSA-N				2	2		KMMYKROBE2025	not specified					R	MEDIUM
3.4.0	DST_MEASUREMENTS	dst_measurements:33b743063780e363	PZA	PYRAZINAMIDE	CHEBI:45285	IPEHBUMCGVEMRF-UHFFFAOYSA-N				8	8		KMMYKROBE2025	not specified					S	MEDIUM
3.4.0	DST_MEASUREMENTS	dst_measurements:75bf67e39e296c78	PZA	PYRAZINAMIDE	CHEBI:45285	IPEHBUMCGVEMRF-UHFFFAOYSA-N				1470	1470		KMVALIDATION2025	not specified					R	MEDIUM
3.4.0	DST_MEASUREMENTS	dst_measurements:f44749e179adf391	PZA	PYRAZINAMIDE	CHEBI:45285	IPEHBUMCGVEMRF-UHFFFAOYSA-N				4379	4379		KMVALIDATION2025	not specified					S	MEDIUM
3.4.0	DST_MEASUREMENTS	dst_measurements:9e2e57965f30c60a	PZA	PYRAZINAMIDE	CHEBI:45285	IPEHBUMCGVEMRF-UHFFFAOYSA-N				187	187		LID2015	liquid media	MGIT	MGIT960	WHO		R	MEDIUM
3.4.0	DST_MEASUREMENTS	dst_measurements:f10bb9822ad82a0b	PZA	PYRAZINAMIDE	CHEBI:45285	IPEHBUMCGVEMRF-UHFFFAOYSA-N				2697	2697		LID2015	liquid media	MGIT	MGIT960	WHO		S	MEDIUM
3.4.0	DST_MEASUREMENTS	dst_measurements:76578b99540acf02	PZA	PYRAZINAMIDE	CHEBI:45285	IPEHBUMCGVEMRF-UHFFFAOYSA-N				52	52		LID2015	solid media	marks biphasic method		WHO		R	MEDIUM
3.4.0	DST_MEASUREMENTS	dst_measurements:57a4e832b4824e93	PZA	PYRAZINAMIDE	CHEBI:45285	IPEHBUMCGVEMRF-UHFFFAOYSA-N				454	454		LID2015	solid media	marks biphasic method		WHO		S	MEDIUM
3.4.0	DST_MEASUREMENTS	dst_measurements:ee9d093d619c083c	PZA	PYRAZINAMIDE	CHEBI:45285	IPEHBUMCGVEMRF-UHFFFAOYSA-N				692	692		NEJM2018	liquid media	MGIT	MGIT960	100.0		R	MEDIUM
3.4.0	DST_MEASUREMENTS	dst_measurements:e94f6ae9d20a38ce	PZA	PYRAZINAMIDE	CHEBI:45285	IPEHBUMCGVEMRF-UHFFFAOYSA-N				5303	5303		NEJM2018	liquid media	MGIT	MGIT960	100.0		S	MEDIUM
3.4.0	DST_MEASUREMENTS	dst_measurements:6751cf7d3d384247	PZA	PYRAZINAMIDE	CHEBI:45285	IPEHBUMCGVEMRF-UHFFFAOYSA-N				20	20		NEJM2018	liquid media	MGIT	MGIT960			R	MEDIUM
3.4.0	DST_MEASUREMENTS	dst_measurements:038a52b4fe0c2f82	PZA	PYRAZINAMIDE	CHEBI:45285	IPEHBUMCGVEMRF-UHFFFAOYSA-N				152	152		NEJM2018	liquid media	MGIT	MGIT960			S	MEDIUM
3.4.0	DST_MEASUREMENTS	dst_measurements:91b6f8873520d8b8	PZA	PYRAZINAMIDE	CHEBI:45285	IPEHBUMCGVEMRF-UHFFFAOYSA-N				145	145		NEJM2018	solid media	LJ	proportion method	100.0		R	MEDIUM
3.4.0	DST_MEASUREMENTS	dst_measurements:8e6e9cad5013bf3a	PZA	PYRAZINAMIDE	CHEBI:45285	IPEHBUMCGVEMRF-UHFFFAOYSA-N				258	258		NEJM2018	solid media	LJ	proportion method	100.0		S	MEDIUM
3.4.0	DST_MEASUREMENTS	dst_measurements:ea68459b5435cc34	PZA	PYRAZINAMIDE	CHEBI:45285	IPEHBUMCGVEMRF-UHFFFAOYSA-N				282	282		NEJM2018	solid media	marks biphasic method				R	MEDIUM
3.4.0	DST_MEASUREMENTS	dst_measurements:248eb475420cd315	PZA	PYRAZINAMIDE	CHEBI:45285	IPEHBUMCGVEMRF-UHFFFAOYSA-N				942	942		NEJM2018	solid media	marks biphasic method				S	MEDIUM
3.4.0	DST_MEASUREMENTS	dst_measurements:57d3372a57395ba3	PZA	PYRAZINAMIDE	CHEBI:45285	IPEHBUMCGVEMRF-UHFFFAOYSA-N				152	152		PHE2019	liquid media	MGIT	MGIT960	WHO		R	MEDIUM
3.4.0	DST_MEASUREMENTS	dst_measurements:3ccdfd335efe675e	PZA	PYRAZINAMIDE	CHEBI:45285	IPEHBUMCGVEMRF-UHFFFAOYSA-N				1405	1405		PHE2019	liquid media	MGIT	MGIT960	WHO		S	MEDIUM
3.4.0	DST_MEASUREMENTS	dst_measurements:b71b2d1271820f60	PZA	PYRAZINAMIDE	CHEBI:45285	IPEHBUMCGVEMRF-UHFFFAOYSA-N				115	115		PHE2019	solid media	marks biphasic method		WHO		R	MEDIUM
3.4.0	DST_MEASUREMENTS	dst_measurements:bffa99add84e7b20	PZA	PYRAZINAMIDE	CHEBI:45285	IPEHBUMCGVEMRF-UHFFFAOYSA-N				2540	2540		PHE2019	solid media	marks biphasic method		WHO		S	MEDIUM
3.4.0	DST_MEASUREMENTS	dst_measurements:4a20e56ebf8a98c2	PZA	PYRAZINAMIDE	CHEBI:45285	IPEHBUMCGVEMRF-UHFFFAOYSA-N				2	2		SEQTREAT2020	liquid media	MGIT	BACTEC460	100.0		R	MEDIUM
3.4.0	DST_MEASUREMENTS	dst_measurements:7ccfd39d57d874d3	PZA	PYRAZINAMIDE	CHEBI:45285	IPEHBUMCGVEMRF-UHFFFAOYSA-N				68	68		SEQTREAT2020	liquid media	MGIT	BACTEC460	100.0		S	MEDIUM
3.4.0	DST_MEASUREMENTS	dst_measurements:2a1413499da99515	PZA	PYRAZINAMIDE	CHEBI:45285	IPEHBUMCGVEMRF-UHFFFAOYSA-N				221	221		SEQTREAT2020	liquid media	MGIT	MGIT960	100.0		R	MEDIUM
3.4.0	DST_MEASUREMENTS	dst_measurements:6fa4cfc884263f5b	PZA	PYRAZINAMIDE	CHEBI:45285	IPEHBUMCGVEMRF-UHFFFAOYSA-N				2606	2606		SEQTREAT2020	liquid media	MGIT	MGIT960	100.0		S	MEDIUM
3.4.0	DST_MEASUREMENTS	dst_measurements:4793212e3df193a6	PZA	PYRAZINAMIDE	CHEBI:45285	IPEHBUMCGVEMRF-UHFFFAOYSA-N				19	19		SEQTREAT2020	liquid media	MGIT	MGIT960	100.0		U	MEDIUM
3.4.0	DST_MEASUREMENTS	dst_measurements:b2e2e0fef06e4ca8	PZA	PYRAZINAMIDE	CHEBI:45285	IPEHBUMCGVEMRF-UHFFFAOYSA-N				146	146		SEQTREAT2020	liquid media	MGIT	MGIT960	WHO		R	MEDIUM
3.4.0	DST_MEASUREMENTS	dst_measurements:8ca8ef569db77b20	PZA	PYRAZINAMIDE	CHEBI:45285	IPEHBUMCGVEMRF-UHFFFAOYSA-N				356	356		SEQTREAT2020	liquid media	MGIT	MGIT960	WHO		S	MEDIUM
3.4.0	DST_MEASUREMENTS	dst_measurements:4830643c77aa9126	PZA	PYRAZINAMIDE	CHEBI:45285	IPEHBUMCGVEMRF-UHFFFAOYSA-N				254	254		SEQTREAT2020	liquid media	MGIT	MGIT960	WHO		U	MEDIUM
3.4.0	DST_MEASUREMENTS	dst_measurements:e26189d4b3cddce0	PZA	PYRAZINAMIDE	CHEBI:45285	IPEHBUMCGVEMRF-UHFFFAOYSA-N				676	676		SEQTREAT2020	liquid media	MGIT		WHO		R	MEDIUM
3.4.0	DST_MEASUREMENTS	dst_measurements:a630f3406aef12ef	PZA	PYRAZINAMIDE	CHEBI:45285	IPEHBUMCGVEMRF-UHFFFAOYSA-N				733	733		SEQTREAT2020	liquid media	MGIT		WHO		S	MEDIUM
3.4.0	DST_MEASUREMENTS	dst_measurements:7b167d2950c4fcfd	PZA	PYRAZINAMIDE	CHEBI:45285	IPEHBUMCGVEMRF-UHFFFAOYSA-N				71	71		SEQTREAT2020	liquid media	MGIT		WHO		U	MEDIUM
3.4.0	DST_MEASUREMENTS	dst_measurements:f07860cecc5ad356	PZA	PYRAZINAMIDE	CHEBI:45285	IPEHBUMCGVEMRF-UHFFFAOYSA-N				10	10		SEQTREAT2020	not specified					R	MEDIUM
3.4.0	DST_MEASUREMENTS	dst_measurements:327b9e0b4694f500	PZA	PYRAZINAMIDE	CHEBI:45285	IPEHBUMCGVEMRF-UHFFFAOYSA-N				479	479		SEQTREAT2020	not specified					S	MEDIUM
3.4.0	DST_MEASUREMENTS	dst_measurements:de724738d1a7e469	PZA	PYRAZINAMIDE	CHEBI:45285	IPEHBUMCGVEMRF-UHFFFAOYSA-N				71	71		SEQTREAT2020	not specified					U	MEDIUM
3.4.0	DST_MEASUREMENTS	dst_measurements:b81257feaa975ecd	PZA	PYRAZINAMIDE	CHEBI:45285	IPEHBUMCGVEMRF-UHFFFAOYSA-N				51	51		SEQTREAT2020	solid media	LJ		WHO		R	MEDIUM
3.4.0	DST_MEASUREMENTS	dst_measurements:1cecc0faaab8e4ff	PZA	PYRAZINAMIDE	CHEBI:45285	IPEHBUMCGVEMRF-UHFFFAOYSA-N				70	70		SEQTREAT2020	solid media	LJ		WHO		S	MEDIUM
3.4.0	DST_MEASUREMENTS	dst_measurements:fdd393176ae3cdbb	PZA	PYRAZINAMIDE	CHEBI:45285	IPEHBUMCGVEMRF-UHFFFAOYSA-N				57	57		SEQTREAT2020	solid media	LJ		WHO		U	MEDIUM
3.4.0	DST_MEASUREMENTS	dst_measurements:210adb158687041b	PZA	PYRAZINAMIDE	CHEBI:45285	IPEHBUMCGVEMRF-UHFFFAOYSA-N				70	70		WHO2019	liquid media	MGIT	MGIT960	100.0		R	MEDIUM
3.4.0	DST_MEASUREMENTS	dst_measurements:ae23517ef01e0316	PZA	PYRAZINAMIDE	CHEBI:45285	IPEHBUMCGVEMRF-UHFFFAOYSA-N				104	104		WHO2019	liquid media	MGIT	MGIT960	100.0		S	MEDIUM
3.4.0	DST_MEASUREMENTS	dst_measurements:9887f7a75d563bbd	PZA	PYRAZINAMIDE	CHEBI:45285	IPEHBUMCGVEMRF-UHFFFAOYSA-N				317	317		WHO2019	liquid media	MGIT	MGIT960	WHO		R	MEDIUM
3.4.0	DST_MEASUREMENTS	dst_measurements:d7664fe5e84de61b	PZA	PYRAZINAMIDE	CHEBI:45285	IPEHBUMCGVEMRF-UHFFFAOYSA-N				618	618		WHO2019	liquid media	MGIT	MGIT960	WHO		S	MEDIUM
3.4.0	DST_MEASUREMENTS	dst_measurements:aeb85a97ff72e21a	RFB	RIFABUTIN	CHEBI:45367	ATEBXHFBFRCZMA-VXTBVIBXSA-N				118	118		CLIRES2020	liquid media	MGIT	MGIT960			R	MEDIUM
3.4.0	DST_MEASUREMENTS	dst_measurements:4836465128041f5b	RFB	RIFABUTIN	CHEBI:45367	ATEBXHFBFRCZMA-VXTBVIBXSA-N				69	69		CLIRES2020	liquid media	MGIT	MGIT960			S	MEDIUM
3.4.0	DST_MEASUREMENTS	dst_measurements:44c7c57b9cededcd	RFB	RIFABUTIN	CHEBI:45367	ATEBXHFBFRCZMA-VXTBVIBXSA-N				3	3		CLIRES2020	not specified					R	MEDIUM
3.4.0	DST_MEASUREMENTS	dst_measurements:bb9618ab00b751a1	RFB	RIFABUTIN	CHEBI:45367	ATEBXHFBFRCZMA-VXTBVIBXSA-N				1	1		CLIRES2020	not specified					S	MEDIUM
3.4.0	DST_MEASUREMENTS	dst_measurements:3230225acccb0376	RFB	RIFABUTIN	CHEBI:45367	ATEBXHFBFRCZMA-VXTBVIBXSA-N				1	1		CLIRES2020	solid media					I	MEDIUM
3.4.0	DST_MEASUREMENTS	dst_measurements:ac2a6e202015dce4	RFB	RIFABUTIN	CHEBI:45367	ATEBXHFBFRCZMA-VXTBVIBXSA-N				8	8		CLIRES2020	solid media					R	MEDIUM
3.4.0	DST_MEASUREMENTS	dst_measurements:9bf154c952c20b93	RFB	RIFABUTIN	CHEBI:45367	ATEBXHFBFRCZMA-VXTBVIBXSA-N				7	7		CLIRES2020	solid media					S	MEDIUM
3.4.0	DST_MEASUREMENTS	dst_measurements:ba02ab6b93cc838b	RFB	RIFABUTIN	CHEBI:45367	ATEBXHFBFRCZMA-VXTBVIBXSA-N				1	1		CLIRES2023	not specified					R	MEDIUM
3.4.0	DST_MEASUREMENTS	dst_measurements:5be561f69d5aedf6	RFB	RIFABUTIN	CHEBI:45367	ATEBXHFBFRCZMA-VXTBVIBXSA-N	0.12		mg/L	249	249		CRyPTIC	liquid media	microdilution plate	UKMYC5	0.12	0.12	S	HIGH
3.4.0	DST_MEASUREMENTS	dst_measurements:fbd533f721700769	RFB	RIFABUTIN	CHEBI:45367	ATEBXHFBFRCZMA-VXTBVIBXSA-N	0.12		mg/L	63	63		CRyPTIC	liquid media	microdilution plate	UKMYC5	0.12	0.12	S	LOW
3.4.0	DST_MEASUREMENTS	dst_measurements:cf49f0bac14d0355	RFB	RIFABUTIN	CHEBI:45367	ATEBXHFBFRCZMA-VXTBVIBXSA-N	0.12		mg/L	45	45		CRyPTIC	liquid media	microdilution plate	UKMYC5	0.12	0.12	S	MEDIUM
3.4.0	DST_MEASUREMENTS	dst_measurements:b71eccd71f1337b7	RFB	RIFABUTIN	CHEBI:45367	ATEBXHFBFRCZMA-VXTBVIBXSA-N	0.25		mg/L	147	147		CRyPTIC	liquid media	microdilution plate	UKMYC5	0.12	0.25	R	HIGH
3.4.0	DST_MEASUREMENTS	dst_measurements:66b927102dbb08d4	RFB	RIFABUTIN	CHEBI:45367	ATEBXHFBFRCZMA-VXTBVIBXSA-N	0.25		mg/L	31	31		CRyPTIC	liquid media	microdilution plate	UKMYC5	0.12	0.25	R	LOW
3.4.0	DST_MEASUREMENTS	dst_measurements:206756273b0e08ad	RFB	RIFABUTIN	CHEBI:45367	ATEBXHFBFRCZMA-VXTBVIBXSA-N	0.25		mg/L	18	18		CRyPTIC	liquid media	microdilution plate	UKMYC5	0.12	0.25	R	MEDIUM
3.4.0	DST_MEASUREMENTS	dst_measurements:c8d4ff0ae8d48c63	RFB	RIFABUTIN	CHEBI:45367	ATEBXHFBFRCZMA-VXTBVIBXSA-N	0.5		mg/L	106	106		CRyPTIC	liquid media	microdilution plate	UKMYC5	0.12	0.5	R	HIGH
3.4.0	DST_MEASUREMENTS	dst_measurements:d9c6d951e2d2a701	RFB	RIFABUTIN	CHEBI:45367	ATEBXHFBFRCZMA-VXTBVIBXSA-N	0.5		mg/L	30	30		CRyPTIC	liquid media	microdilution plate	UKMYC5	0.12	0.5	R	LOW
3.4.0	DST_MEASUREMENTS	dst_measurements:5f9f73666dd3deda	RFB	RIFABUTIN	CHEBI:45367	ATEBXHFBFRCZMA-VXTBVIBXSA-N	0.5		mg/L	15	15		CRyPTIC	liquid media	microdilution plate	UKMYC5	0.12	0.5	R	MEDIUM
3.4.0	DST_MEASUREMENTS	dst_measurements:8d44a0bd364a2a16	RFB	RIFABUTIN	CHEBI:45367	ATEBXHFBFRCZMA-VXTBVIBXSA-N	1.0		mg/L	162	162		CRyPTIC	liquid media	microdilution plate	UKMYC5	0.12	1.0	R	HIGH
3.4.0	DST_MEASUREMENTS	dst_measurements:ee8e37bb803118f9	RFB	RIFABUTIN	CHEBI:45367	ATEBXHFBFRCZMA-VXTBVIBXSA-N	1.0		mg/L	41	41		CRyPTIC	liquid media	microdilution plate	UKMYC5	0.12	1.0	R	LOW
3.4.0	DST_MEASUREMENTS	dst_measurements:7d93ff9913ba9825	RFB	RIFABUTIN	CHEBI:45367	ATEBXHFBFRCZMA-VXTBVIBXSA-N	1.0		mg/L	33	33		CRyPTIC	liquid media	microdilution plate	UKMYC5	0.12	1.0	R	MEDIUM
3.4.0	DST_MEASUREMENTS	dst_measurements:91e8741458080894	RFB	RIFABUTIN	CHEBI:45367	ATEBXHFBFRCZMA-VXTBVIBXSA-N	2.0		mg/L	171	171		CRyPTIC	liquid media	microdilution plate	UKMYC5	0.12	2.0	R	HIGH
3.4.0	DST_MEASUREMENTS	dst_measurements:323a3971922c98e6	RFB	RIFABUTIN	CHEBI:45367	ATEBXHFBFRCZMA-VXTBVIBXSA-N	2.0		mg/L	16	16		CRyPTIC	liquid media	microdilution plate	UKMYC5	0.12	2.0	R	LOW
3.4.0	DST_MEASUREMENTS	dst_measurements:d40f3b13853a56ba	RFB	RIFABUTIN	CHEBI:45367	ATEBXHFBFRCZMA-VXTBVIBXSA-N	2.0		mg/L	59	59		CRyPTIC	liquid media	microdilution plate	UKMYC5	0.12	2.0	R	MEDIUM
3.4.0	DST_MEASUREMENTS	dst_measurements:a78ae4c3f8f48418	RFB	RIFABUTIN	CHEBI:45367	ATEBXHFBFRCZMA-VXTBVIBXSA-N	0.06	<=	mg/L	3274	3274		CRyPTIC	liquid media	microdilution plate	UKMYC5	0.12	<=0.06	S	HIGH
3.4.0	DST_MEASUREMENTS	dst_measurements:a9374f5f8bed1042	RFB	RIFABUTIN	CHEBI:45367	ATEBXHFBFRCZMA-VXTBVIBXSA-N	0.06	<=	mg/L	126	126		CRyPTIC	liquid media	microdilution plate	UKMYC5	0.12	<=0.06	S	LOW
3.4.0	DST_MEASUREMENTS	dst_measurements:f071e8e7143faf68	RFB	RIFABUTIN	CHEBI:45367	ATEBXHFBFRCZMA-VXTBVIBXSA-N	0.06	<=	mg/L	586	586		CRyPTIC	liquid media	microdilution plate	UKMYC5	0.12	<=0.06	S	MEDIUM
3.4.0	DST_MEASUREMENTS	dst_measurements:50ae5d2e1d248b07	RFB	RIFABUTIN	CHEBI:45367	ATEBXHFBFRCZMA-VXTBVIBXSA-N	2	>	mg/L	1418	1418		CRyPTIC	liquid media	microdilution plate	UKMYC5	0.12	>2	R	HIGH
3.4.0	DST_MEASUREMENTS	dst_measurements:6e933b212031ff25	RFB	RIFABUTIN	CHEBI:45367	ATEBXHFBFRCZMA-VXTBVIBXSA-N	2	>	mg/L	9	9		CRyPTIC	liquid media	microdilution plate	UKMYC5	0.12	>2	R	LOW
3.4.0	DST_MEASUREMENTS	dst_measurements:e53216cca7b240fd	RFB	RIFABUTIN	CHEBI:45367	ATEBXHFBFRCZMA-VXTBVIBXSA-N	2	>	mg/L	320	320		CRyPTIC	liquid media	microdilution plate	UKMYC5	0.12	>2	R	MEDIUM
3.4.0	DST_MEASUREMENTS	dst_measurements:5ab9f54a6f01f77f	RFB	RIFABUTIN	CHEBI:45367	ATEBXHFBFRCZMA-VXTBVIBXSA-N				9	9		CRyPTIC	liquid media	microdilution plate	UKMYC5	0.12			HIGH
3.4.0	DST_MEASUREMENTS	dst_measurements:c5ca319507f01ccb	RFB	RIFABUTIN	CHEBI:45367	ATEBXHFBFRCZMA-VXTBVIBXSA-N				6	6		CRyPTIC	liquid media	microdilution plate	UKMYC5	0.12			LOW
3.4.0	DST_MEASUREMENTS	dst_measurements:36e10207e8191982	RFB	RIFABUTIN	CHEBI:45367	ATEBXHFBFRCZMA-VXTBVIBXSA-N				104	104		CRyPTIC	liquid media	microdilution plate	UKMYC5	0.12			MEDIUM
3.4.0	DST_MEASUREMENTS	dst_measurements:5ac46a4cd6cc93eb	RFB	RIFABUTIN	CHEBI:45367	ATEBXHFBFRCZMA-VXTBVIBXSA-N	0.12		mg/L	538	538		CRyPTIC	liquid media	microdilution plate	UKMYC6	0.12	0.12	S	HIGH
3.4.0	DST_MEASUREMENTS	dst_measurements:adc460c22101c7c4	RFB	RIFABUTIN	CHEBI:45367	ATEBXHFBFRCZMA-VXTBVIBXSA-N	0.12		mg/L	132	132		CRyPTIC	liquid media	microdilution plate	UKMYC6	0.12	0.12	S	LOW
3.4.0	DST_MEASUREMENTS	dst_measurements:2042f95eb6b909a9	RFB	RIFABUTIN	CHEBI:45367	ATEBXHFBFRCZMA-VXTBVIBXSA-N	0.12		mg/L	85	85		CRyPTIC	liquid media	microdilution plate	UKMYC6	0.12	0.12	S	MEDIUM
3.4.0	DST_MEASUREMENTS	dst_measurements:71ab2fd5e3d85289	RFB	RIFABUTIN	CHEBI:45367	ATEBXHFBFRCZMA-VXTBVIBXSA-N	0.25		mg/L	267	267		CRyPTIC	liquid media	microdilution plate	UKMYC6	0.12	0.25	R	HIGH
3.4.0	DST_MEASUREMENTS	dst_measurements:db4b183fcf255c7d	RFB	RIFABUTIN	CHEBI:45367	ATEBXHFBFRCZMA-VXTBVIBXSA-N	0.25		mg/L	46	46		CRyPTIC	liquid media	microdilution plate	UKMYC6	0.12	0.25	R	LOW
3.4.0	DST_MEASUREMENTS	dst_measurements:0b493ff787f347d3	RFB	RIFABUTIN	CHEBI:45367	ATEBXHFBFRCZMA-VXTBVIBXSA-N	0.25		mg/L	29	29		CRyPTIC	liquid media	microdilution plate	UKMYC6	0.12	0.25	R	MEDIUM
3.4.0	DST_MEASUREMENTS	dst_measurements:1e2b652c27efa38d	RFB	RIFABUTIN	CHEBI:45367	ATEBXHFBFRCZMA-VXTBVIBXSA-N	0.5		mg/L	151	151		CRyPTIC	liquid media	microdilution plate	UKMYC6	0.12	0.5	R	HIGH
3.4.0	DST_MEASUREMENTS	dst_measurements:6c55067cfea4f68b	RFB	RIFABUTIN	CHEBI:45367	ATEBXHFBFRCZMA-VXTBVIBXSA-N	0.5		mg/L	42	42		CRyPTIC	liquid media	microdilution plate	UKMYC6	0.12	0.5	R	LOW
3.4.0	DST_MEASUREMENTS	dst_measurements:30795db50768b46f	RFB	RIFABUTIN	CHEBI:45367	ATEBXHFBFRCZMA-VXTBVIBXSA-N	0.5		mg/L	44	44		CRyPTIC	liquid media	microdilution plate	UKMYC6	0.12	0.5	R	MEDIUM
3.4.0	DST_MEASUREMENTS	dst_measurements:0d18b31060cdccb3	RFB	RIFABUTIN	CHEBI:45367	ATEBXHFBFRCZMA-VXTBVIBXSA-N	1.0		mg/L	182	182		CRyPTIC	liquid media	microdilution plate	UKMYC6	0.12	1.0	R	HIGH
3.4.0	DST_MEASUREMENTS	dst_measurements:4838975e0e5268a0	RFB	RIFABUTIN	CHEBI:45367	ATEBXHFBFRCZMA-VXTBVIBXSA-N	1.0		mg/L	65	65		CRyPTIC	liquid media	microdilution plate	UKMYC6	0.12	1.0	R	LOW
3.4.0	DST_MEASUREMENTS	dst_measurements:e8cc0604c76dc4e0	RFB	RIFABUTIN	CHEBI:45367	ATEBXHFBFRCZMA-VXTBVIBXSA-N	1.0		mg/L	80	80		CRyPTIC	liquid media	microdilution plate	UKMYC6	0.12	1.0	R	MEDIUM
3.4.0	DST_MEASUREMENTS	dst_measurements:153749f86a114690	RFB	RIFABUTIN	CHEBI:45367	ATEBXHFBFRCZMA-VXTBVIBXSA-N	2.0		mg/L	279	279		CRyPTIC	liquid media	microdilution plate	UKMYC6	0.12	2.0	R	HIGH
3.4.0	DST_MEASUREMENTS	dst_measurements:dbfca82795e21620	RFB	RIFABUTIN	CHEBI:45367	ATEBXHFBFRCZMA-VXTBVIBXSA-N	2.0		mg/L	21	21		CRyPTIC	liquid media	microdilution plate	UKMYC6	0.12	2.0	R	LOW
3.4.0	DST_MEASUREMENTS	dst_measurements:b9c1031448b3e67d	RFB	RIFABUTIN	CHEBI:45367	ATEBXHFBFRCZMA-VXTBVIBXSA-N	2.0		mg/L	75	75		CRyPTIC	liquid media	microdilution plate	UKMYC6	0.12	2.0	R	MEDIUM
3.4.0	DST_MEASUREMENTS	dst_measurements:eff9914bcc0f3692	RFB	RIFABUTIN	CHEBI:45367	ATEBXHFBFRCZMA-VXTBVIBXSA-N	0.06	<=	mg/L	8642	8642		CRyPTIC	liquid media	microdilution plate	UKMYC6	0.12	<=0.06	S	HIGH
3.4.0	DST_MEASUREMENTS	dst_measurements:1898adbda33d03ca	RFB	RIFABUTIN	CHEBI:45367	ATEBXHFBFRCZMA-VXTBVIBXSA-N	0.06	<=	mg/L	177	177		CRyPTIC	liquid media	microdilution plate	UKMYC6	0.12	<=0.06	S	LOW
3.4.0	DST_MEASUREMENTS	dst_measurements:1be625e826626ad0	RFB	RIFABUTIN	CHEBI:45367	ATEBXHFBFRCZMA-VXTBVIBXSA-N	0.06	<=	mg/L	264	264		CRyPTIC	liquid media	microdilution plate	UKMYC6	0.12	<=0.06	S	MEDIUM
3.4.0	DST_MEASUREMENTS	dst_measurements:249826b27f052afe	RFB	RIFABUTIN	CHEBI:45367	ATEBXHFBFRCZMA-VXTBVIBXSA-N	2	>	mg/L	2976	2976		CRyPTIC	liquid media	microdilution plate	UKMYC6	0.12	>2	R	HIGH
3.4.0	DST_MEASUREMENTS	dst_measurements:fc3c8dc2afb3fb84	RFB	RIFABUTIN	CHEBI:45367	ATEBXHFBFRCZMA-VXTBVIBXSA-N	2	>	mg/L	19	19		CRyPTIC	liquid media	microdilution plate	UKMYC6	0.12	>2	R	LOW
3.4.0	DST_MEASUREMENTS	dst_measurements:ed053372d69117d0	RFB	RIFABUTIN	CHEBI:45367	ATEBXHFBFRCZMA-VXTBVIBXSA-N	2	>	mg/L	447	447		CRyPTIC	liquid media	microdilution plate	UKMYC6	0.12	>2	R	MEDIUM
3.4.0	DST_MEASUREMENTS	dst_measurements:ffdc8fd44f4185a2	RFB	RIFABUTIN	CHEBI:45367	ATEBXHFBFRCZMA-VXTBVIBXSA-N				30	30		CRyPTIC	liquid media	microdilution plate	UKMYC6	0.12			HIGH
3.4.0	DST_MEASUREMENTS	dst_measurements:d798d6abd3b9d2a9	RFB	RIFABUTIN	CHEBI:45367	ATEBXHFBFRCZMA-VXTBVIBXSA-N				35	35		CRyPTIC	liquid media	microdilution plate	UKMYC6	0.12			LOW
3.4.0	DST_MEASUREMENTS	dst_measurements:34f436670939de0d	RFB	RIFABUTIN	CHEBI:45367	ATEBXHFBFRCZMA-VXTBVIBXSA-N				18	18		CRyPTIC	liquid media	microdilution plate	UKMYC6	0.12			MEDIUM
3.4.0	DST_MEASUREMENTS	dst_measurements:6590a0b8603671d6	RFB	RIFABUTIN	CHEBI:45367	ATEBXHFBFRCZMA-VXTBVIBXSA-N				21	21		KMMYKROBE2025	not specified					R	MEDIUM
3.4.0	DST_MEASUREMENTS	dst_measurements:32e7da8de153eb78	RFB	RIFABUTIN	CHEBI:45367	ATEBXHFBFRCZMA-VXTBVIBXSA-N				29	29		KMMYKROBE2025	not specified					S	MEDIUM
3.4.0	DST_MEASUREMENTS	dst_measurements:8379a5595e61422b	RFB	RIFABUTIN	CHEBI:45367	ATEBXHFBFRCZMA-VXTBVIBXSA-N				22	22		KMVALIDATION2025	not specified					R	MEDIUM
3.4.0	DST_MEASUREMENTS	dst_measurements:8bee15dd0759d1c6	RFB	RIFABUTIN	CHEBI:45367	ATEBXHFBFRCZMA-VXTBVIBXSA-N				1	1		KMVALIDATION2025	not specified					S	MEDIUM
3.4.0	DST_MEASUREMENTS	dst_measurements:ee1838909f20eb1e	RFB	RIFABUTIN	CHEBI:45367	ATEBXHFBFRCZMA-VXTBVIBXSA-N				9	9		SEQTREAT2020	liquid media	MGIT	BACTEC460	0.5		R	MEDIUM
3.4.0	DST_MEASUREMENTS	dst_measurements:cc9543cc16e41e0f	RFB	RIFABUTIN	CHEBI:45367	ATEBXHFBFRCZMA-VXTBVIBXSA-N				7	7		SEQTREAT2020	liquid media	MGIT	BACTEC460	0.5		S	MEDIUM
3.4.0	DST_MEASUREMENTS	dst_measurements:b6e28f1f3f306958	RFB	RIFABUTIN	CHEBI:45367	ATEBXHFBFRCZMA-VXTBVIBXSA-N				1	1		SEQTREAT2020	liquid media	MGIT	MGIT960	0.1		R	MEDIUM
3.4.0	DST_MEASUREMENTS	dst_measurements:4f4da0a027068d3e	RFB	RIFABUTIN	CHEBI:45367	ATEBXHFBFRCZMA-VXTBVIBXSA-N				35	35		SEQTREAT2020	liquid media	MGIT	MGIT960	0.5		R	MEDIUM
3.4.0	DST_MEASUREMENTS	dst_measurements:3e0eac7058abc59b	RFB	RIFABUTIN	CHEBI:45367	ATEBXHFBFRCZMA-VXTBVIBXSA-N				10	10		SEQTREAT2020	liquid media	MGIT	MGIT960	0.5		S	MEDIUM
3.4.0	DST_MEASUREMENTS	dst_measurements:8279ee12ccb8d30e	RFB	RIFABUTIN	CHEBI:45367	ATEBXHFBFRCZMA-VXTBVIBXSA-N				35	35		SEQTREAT2020	liquid media	microdilution plate	MYCOTB	0.5		R	MEDIUM
3.4.0	DST_MEASUREMENTS	dst_measurements:bc7aeb11ce28143e	RFB	RIFABUTIN	CHEBI:45367	ATEBXHFBFRCZMA-VXTBVIBXSA-N				12	12		SEQTREAT2020	liquid media	microdilution plate	MYCOTB	0.5		S	MEDIUM
3.4.0	DST_MEASUREMENTS	dst_measurements:2fef9567fe1412f0	RFB	RIFABUTIN	CHEBI:45367	ATEBXHFBFRCZMA-VXTBVIBXSA-N				417	417		SEQTREAT2020	liquid media	microdilution plate	MYCOTB	0.5		U	MEDIUM
3.4.0	DST_MEASUREMENTS	dst_measurements:c10ac261ddec189c	RFB	RIFABUTIN	CHEBI:45367	ATEBXHFBFRCZMA-VXTBVIBXSA-N	0.25		mg/L	6	6		SEQTREAT2020	liquid media	microdilution plate	MYCOTB		0.25	R	MEDIUM
3.4.0	DST_MEASUREMENTS	dst_measurements:7bfa36f7ddb3c376	RFB	RIFABUTIN	CHEBI:45367	ATEBXHFBFRCZMA-VXTBVIBXSA-N	0.5		mg/L	8	8		SEQTREAT2020	liquid media	microdilution plate	MYCOTB		0.5	R	MEDIUM
3.4.0	DST_MEASUREMENTS	dst_measurements:341a2078708c77f5	RFB	RIFABUTIN	CHEBI:45367	ATEBXHFBFRCZMA-VXTBVIBXSA-N	1.0		mg/L	16	16		SEQTREAT2020	liquid media	microdilution plate	MYCOTB		1.0	R	MEDIUM
3.4.0	DST_MEASUREMENTS	dst_measurements:f37b7e67ac56f34a	RFB	RIFABUTIN	CHEBI:45367	ATEBXHFBFRCZMA-VXTBVIBXSA-N	16.0		mg/L	10	10		SEQTREAT2020	liquid media	microdilution plate	MYCOTB		16.0	R	MEDIUM
3.4.0	DST_MEASUREMENTS	dst_measurements:599c7eac3383b061	RFB	RIFABUTIN	CHEBI:45367	ATEBXHFBFRCZMA-VXTBVIBXSA-N	2.0		mg/L	11	11		SEQTREAT2020	liquid media	microdilution plate	MYCOTB		2.0	R	MEDIUM
3.4.0	DST_MEASUREMENTS	dst_measurements:b357c728b6bac374	RFB	RIFABUTIN	CHEBI:45367	ATEBXHFBFRCZMA-VXTBVIBXSA-N	4.0		mg/L	17	17		SEQTREAT2020	liquid media	microdilution plate	MYCOTB		4.0	R	MEDIUM
3.4.0	DST_MEASUREMENTS	dst_measurements:af85a90fe7b4bee0	RFB	RIFABUTIN	CHEBI:45367	ATEBXHFBFRCZMA-VXTBVIBXSA-N	8.0		mg/L	10	10		SEQTREAT2020	liquid media	microdilution plate	MYCOTB		8.0	R	MEDIUM
3.4.0	DST_MEASUREMENTS	dst_measurements:c7fafbe3015facc2	RFB	RIFABUTIN	CHEBI:45367	ATEBXHFBFRCZMA-VXTBVIBXSA-N	0.12	<=	mg/L	39	39		SEQTREAT2020	liquid media	microdilution plate	MYCOTB		<=0.12	S	MEDIUM
3.4.0	DST_MEASUREMENTS	dst_measurements:de6ef478dbbd4d86	RFB	RIFABUTIN	CHEBI:45367	ATEBXHFBFRCZMA-VXTBVIBXSA-N	16	>	mg/L	6	6		SEQTREAT2020	liquid media	microdilution plate	MYCOTB		>16	R	MEDIUM
3.4.0	DST_MEASUREMENTS	dst_measurements:45130e398f24c676	RFB	RIFABUTIN	CHEBI:45367	ATEBXHFBFRCZMA-VXTBVIBXSA-N	0.12		mg/L	24	24		SEQTREAT2020	liquid media	microdilution plate	UKMYC5		0.12	S	MEDIUM
3.4.0	DST_MEASUREMENTS	dst_measurements:268aab928c009c21	RFB	RIFABUTIN	CHEBI:45367	ATEBXHFBFRCZMA-VXTBVIBXSA-N	0.25		mg/L	6	6		SEQTREAT2020	liquid media	microdilution plate	UKMYC5		0.25	R	MEDIUM
3.4.0	DST_MEASUREMENTS	dst_measurements:7eeab5991752c92c	RFB	RIFABUTIN	CHEBI:45367	ATEBXHFBFRCZMA-VXTBVIBXSA-N	0.5		mg/L	5	5		SEQTREAT2020	liquid media	microdilution plate	UKMYC5		0.5	R	MEDIUM
3.4.0	DST_MEASUREMENTS	dst_measurements:fbaa4deb557fadba	RFB	RIFABUTIN	CHEBI:45367	ATEBXHFBFRCZMA-VXTBVIBXSA-N	1.0		mg/L	1	1		SEQTREAT2020	liquid media	microdilution plate	UKMYC5		1.0	R	MEDIUM
3.4.0	DST_MEASUREMENTS	dst_measurements:dd9268501ff36c80	RFB	RIFABUTIN	CHEBI:45367	ATEBXHFBFRCZMA-VXTBVIBXSA-N	0.06	<=	mg/L	223	223		SEQTREAT2020	liquid media	microdilution plate	UKMYC5		<=0.06	S	MEDIUM
3.4.0	DST_MEASUREMENTS	dst_measurements:d76b56b1efebb1ad	RFB	RIFABUTIN	CHEBI:45367	ATEBXHFBFRCZMA-VXTBVIBXSA-N	2	>	mg/L	4	4		SEQTREAT2020	liquid media	microdilution plate	UKMYC5		>2	R	MEDIUM
3.4.0	DST_MEASUREMENTS	dst_measurements:2359aad994e5745c	RFB	RIFABUTIN	CHEBI:45367	ATEBXHFBFRCZMA-VXTBVIBXSA-N				20	20		SEQTREAT2020	liquid media	microdilution plate	UKMYC5			U	MEDIUM
3.4.0	DST_MEASUREMENTS	dst_measurements:e612cf2bb4832b44	RFB	RIFABUTIN	CHEBI:45367	ATEBXHFBFRCZMA-VXTBVIBXSA-N				22	22		SEQTREAT2020	solid media	middlebrook		0.5		R	MEDIUM
3.4.0	DST_MEASUREMENTS	dst_measurements:823f393591ea1ee1	RFB	RIFABUTIN	CHEBI:45367	ATEBXHFBFRCZMA-VXTBVIBXSA-N				62	62		SEQTREAT2020	solid media	middlebrook		0.5		S	MEDIUM
3.4.0	DST_MEASUREMENTS	dst_measurements:cf7e673a1bee22d3	RFB	RIFABUTIN	CHEBI:45367	ATEBXHFBFRCZMA-VXTBVIBXSA-N				9	9		SEQTREAT2020	solid media	middlebrook		0.5		U	MEDIUM
3.4.0	DST_MEASUREMENTS	dst_measurements:30fb8fe2e2f92ed8	RFB	RIFABUTIN	CHEBI:45367	ATEBXHFBFRCZMA-VXTBVIBXSA-N				21	21		SEQTREAT2020	solid media	middlebrook		1.0		R	MEDIUM
3.4.0	DST_MEASUREMENTS	dst_measurements:b0e7af4969c1f34f	RFB	RIFABUTIN	CHEBI:45367	ATEBXHFBFRCZMA-VXTBVIBXSA-N				63	63		SEQTREAT2020	solid media	middlebrook		1.0		S	MEDIUM
3.4.0	DST_MEASUREMENTS	dst_measurements:281c522b0425da1a	RFB	RIFABUTIN	CHEBI:45367	ATEBXHFBFRCZMA-VXTBVIBXSA-N				9	9		SEQTREAT2020	solid media	middlebrook		1.0		U	MEDIUM
3.4.0	DST_MEASUREMENTS	dst_measurements:f4253f7e83375683	RFB	RIFABUTIN	CHEBI:45367	ATEBXHFBFRCZMA-VXTBVIBXSA-N				17	17		SEQTREAT2020	solid media	middlebrook		2.0		R	MEDIUM
3.4.0	DST_MEASUREMENTS	dst_measurements:30ac6a86e5dfad1e	RFB	RIFABUTIN	CHEBI:45367	ATEBXHFBFRCZMA-VXTBVIBXSA-N				67	67		SEQTREAT2020	solid media	middlebrook		2.0		S	MEDIUM
3.4.0	DST_MEASUREMENTS	dst_measurements:d3011a5863417bf9	RFB	RIFABUTIN	CHEBI:45367	ATEBXHFBFRCZMA-VXTBVIBXSA-N				9	9		SEQTREAT2020	solid media	middlebrook		2.0		U	MEDIUM
3.4.0	DST_MEASUREMENTS	dst_measurements:352b158141c6a663	RIF	RIFAMPICIN	CHEBI:28077	JQXXHWHPUNPDRT-WLSIYKJHSA-N				690	690		CLIRES2020	liquid media	MGIT	MGIT960			R	MEDIUM
3.4.0	DST_MEASUREMENTS	dst_measurements:f2220fa5ec0c210f	RIF	RIFAMPICIN	CHEBI:28077	JQXXHWHPUNPDRT-WLSIYKJHSA-N				961	961		CLIRES2020	liquid media	MGIT	MGIT960			S	MEDIUM
3.4.0	DST_MEASUREMENTS	dst_measurements:833cab73490b725e	RIF	RIFAMPICIN	CHEBI:28077	JQXXHWHPUNPDRT-WLSIYKJHSA-N				22	22		CLIRES2020	liquid media	microdilution plate	MODS	1.0		I	MEDIUM
3.4.0	DST_MEASUREMENTS	dst_measurements:8ba3c0fcac53d2b7	RIF	RIFAMPICIN	CHEBI:28077	JQXXHWHPUNPDRT-WLSIYKJHSA-N				499	499		CLIRES2020	liquid media	microdilution plate	MODS	1.0		R	MEDIUM
3.4.0	DST_MEASUREMENTS	dst_measurements:a4f4d862a9bdf4e9	RIF	RIFAMPICIN	CHEBI:28077	JQXXHWHPUNPDRT-WLSIYKJHSA-N				1594	1594		CLIRES2020	liquid media	microdilution plate	MODS	1.0		S	MEDIUM
3.4.0	DST_MEASUREMENTS	dst_measurements:e6dda4064f80fb26	RIF	RIFAMPICIN	CHEBI:28077	JQXXHWHPUNPDRT-WLSIYKJHSA-N				212	212		CLIRES2020	not specified					R	MEDIUM
3.4.0	DST_MEASUREMENTS	dst_measurements:041729d2bafd83ad	RIF	RIFAMPICIN	CHEBI:28077	JQXXHWHPUNPDRT-WLSIYKJHSA-N				466	466		CLIRES2020	not specified					S	MEDIUM
3.4.0	DST_MEASUREMENTS	dst_measurements:a56d70fe6cb5cc9d	RIF	RIFAMPICIN	CHEBI:28077	JQXXHWHPUNPDRT-WLSIYKJHSA-N				2	2		CLIRES2020	solid media					I	MEDIUM
3.4.0	DST_MEASUREMENTS	dst_measurements:e48f1e509cabc986	RIF	RIFAMPICIN	CHEBI:28077	JQXXHWHPUNPDRT-WLSIYKJHSA-N				989	989		CLIRES2020	solid media					R	MEDIUM
3.4.0	DST_MEASUREMENTS	dst_measurements:9bc59db6e7b6389e	RIF	RIFAMPICIN	CHEBI:28077	JQXXHWHPUNPDRT-WLSIYKJHSA-N				722	722		CLIRES2020	solid media					S	MEDIUM
3.4.0	DST_MEASUREMENTS	dst_measurements:926d7456cefacadd	RIF	RIFAMPICIN	CHEBI:28077	JQXXHWHPUNPDRT-WLSIYKJHSA-N				1	1		CLIRES2023	liquid media	MGIT	MGIT960			I	MEDIUM
3.4.0	DST_MEASUREMENTS	dst_measurements:70ef2f97e43f9272	RIF	RIFAMPICIN	CHEBI:28077	JQXXHWHPUNPDRT-WLSIYKJHSA-N				455	455		CLIRES2023	liquid media	MGIT	MGIT960			R	MEDIUM
3.4.0	DST_MEASUREMENTS	dst_measurements:090fa9e378556d0d	RIF	RIFAMPICIN	CHEBI:28077	JQXXHWHPUNPDRT-WLSIYKJHSA-N				514	514		CLIRES2023	liquid media	MGIT	MGIT960			S	MEDIUM
3.4.0	DST_MEASUREMENTS	dst_measurements:708fec4cb6599881	RIF	RIFAMPICIN	CHEBI:28077	JQXXHWHPUNPDRT-WLSIYKJHSA-N				2	2		CLIRES2023	liquid media	microdilution plate	MODS	1.0		I	MEDIUM
3.4.0	DST_MEASUREMENTS	dst_measurements:6117ba67f8fa7f4b	RIF	RIFAMPICIN	CHEBI:28077	JQXXHWHPUNPDRT-WLSIYKJHSA-N				149	149		CLIRES2023	liquid media	microdilution plate	MODS	1.0		R	MEDIUM
3.4.0	DST_MEASUREMENTS	dst_measurements:8be8fd59cd612828	RIF	RIFAMPICIN	CHEBI:28077	JQXXHWHPUNPDRT-WLSIYKJHSA-N				149	149		CLIRES2023	liquid media	microdilution plate	MODS	1.0		S	MEDIUM
3.4.0	DST_MEASUREMENTS	dst_measurements:9cfb8a20a7d769f1	RIF	RIFAMPICIN	CHEBI:28077	JQXXHWHPUNPDRT-WLSIYKJHSA-N				2	2		CLIRES2023	not specified					R	MEDIUM
3.4.0	DST_MEASUREMENTS	dst_measurements:c0f1dd81be02c3ac	RIF	RIFAMPICIN	CHEBI:28077	JQXXHWHPUNPDRT-WLSIYKJHSA-N				3	3		CLIRES2023	not specified					S	MEDIUM
3.4.0	DST_MEASUREMENTS	dst_measurements:552be9ac3cab28b2	RIF	RIFAMPICIN	CHEBI:28077	JQXXHWHPUNPDRT-WLSIYKJHSA-N				2	2		CLIRES2023	solid media					I	MEDIUM
3.4.0	DST_MEASUREMENTS	dst_measurements:a3d6e8361d5b3b1c	RIF	RIFAMPICIN	CHEBI:28077	JQXXHWHPUNPDRT-WLSIYKJHSA-N				514	514		CLIRES2023	solid media					R	MEDIUM
3.4.0	DST_MEASUREMENTS	dst_measurements:c4188d88628b21ef	RIF	RIFAMPICIN	CHEBI:28077	JQXXHWHPUNPDRT-WLSIYKJHSA-N				118	118		CLIRES2023	solid media					S	MEDIUM
3.4.0	DST_MEASUREMENTS	dst_measurements:4e813245c35ff56a	RIF	RIFAMPICIN	CHEBI:28077	JQXXHWHPUNPDRT-WLSIYKJHSA-N	0.12		mg/L	924	924		CRyPTIC	liquid media	microdilution plate	UKMYC5	0.5	0.12	S	HIGH
3.4.0	DST_MEASUREMENTS	dst_measurements:b0bb5d69e1dfde20	RIF	RIFAMPICIN	CHEBI:28077	JQXXHWHPUNPDRT-WLSIYKJHSA-N	0.12		mg/L	87	87		CRyPTIC	liquid media	microdilution plate	UKMYC5	0.5	0.12	S	LOW
3.4.0	DST_MEASUREMENTS	dst_measurements:fdedba7dc4fe69c5	RIF	RIFAMPICIN	CHEBI:28077	JQXXHWHPUNPDRT-WLSIYKJHSA-N	0.12		mg/L	198	198		CRyPTIC	liquid media	microdilution plate	UKMYC5	0.5	0.12	S	MEDIUM
3.4.0	DST_MEASUREMENTS	dst_measurements:1e9e079ed0cdd42a	RIF	RIFAMPICIN	CHEBI:28077	JQXXHWHPUNPDRT-WLSIYKJHSA-N	0.25		mg/L	246	246		CRyPTIC	liquid media	microdilution plate	UKMYC5	0.5	0.25	S	HIGH
3.4.0	DST_MEASUREMENTS	dst_measurements:677254dc0381a0bb	RIF	RIFAMPICIN	CHEBI:28077	JQXXHWHPUNPDRT-WLSIYKJHSA-N	0.25		mg/L	56	56		CRyPTIC	liquid media	microdilution plate	UKMYC5	0.5	0.25	S	LOW
3.4.0	DST_MEASUREMENTS	dst_measurements:09d54f24d54db67d	RIF	RIFAMPICIN	CHEBI:28077	JQXXHWHPUNPDRT-WLSIYKJHSA-N	0.25		mg/L	74	74		CRyPTIC	liquid media	microdilution plate	UKMYC5	0.5	0.25	S	MEDIUM
3.4.0	DST_MEASUREMENTS	dst_measurements:606b99ff7fc128bc	RIF	RIFAMPICIN	CHEBI:28077	JQXXHWHPUNPDRT-WLSIYKJHSA-N	0.5		mg/L	72	72		CRyPTIC	liquid media	microdilution plate	UKMYC5	0.5	0.5	S	HIGH
3.4.0	DST_MEASUREMENTS	dst_measurements:b01f2c9daa83afd6	RIF	RIFAMPICIN	CHEBI:28077	JQXXHWHPUNPDRT-WLSIYKJHSA-N	0.5		mg/L	24	24		CRyPTIC	liquid media	microdilution plate	UKMYC5	0.5	0.5	S	LOW
3.4.0	DST_MEASUREMENTS	dst_measurements:f045522e0e0b0af5	RIF	RIFAMPICIN	CHEBI:28077	JQXXHWHPUNPDRT-WLSIYKJHSA-N	0.5		mg/L	17	17		CRyPTIC	liquid media	microdilution plate	UKMYC5	0.5	0.5	S	MEDIUM
3.4.0	DST_MEASUREMENTS	dst_measurements:d62595c8f577eed5	RIF	RIFAMPICIN	CHEBI:28077	JQXXHWHPUNPDRT-WLSIYKJHSA-N	1.0		mg/L	39	39		CRyPTIC	liquid media	microdilution plate	UKMYC5	0.5	1.0	R	HIGH
3.4.0	DST_MEASUREMENTS	dst_measurements:17ad11bd1dfd1f0e	RIF	RIFAMPICIN	CHEBI:28077	JQXXHWHPUNPDRT-WLSIYKJHSA-N	1.0		mg/L	22	22		CRyPTIC	liquid media	microdilution plate	UKMYC5	0.5	1.0	R	LOW
3.4.0	DST_MEASUREMENTS	dst_measurements:11af02265a56e35d	RIF	RIFAMPICIN	CHEBI:28077	JQXXHWHPUNPDRT-WLSIYKJHSA-N	1.0		mg/L	15	15		CRyPTIC	liquid media	microdilution plate	UKMYC5	0.5	1.0	R	MEDIUM
3.4.0	DST_MEASUREMENTS	dst_measurements:3e7fd4fcb2784a87	RIF	RIFAMPICIN	CHEBI:28077	JQXXHWHPUNPDRT-WLSIYKJHSA-N	2.0		mg/L	53	53		CRyPTIC	liquid media	microdilution plate	UKMYC5	0.5	2.0	R	HIGH
3.4.0	DST_MEASUREMENTS	dst_measurements:30b37a93b8d0e3e5	RIF	RIFAMPICIN	CHEBI:28077	JQXXHWHPUNPDRT-WLSIYKJHSA-N	2.0		mg/L	30	30		CRyPTIC	liquid media	microdilution plate	UKMYC5	0.5	2.0	R	LOW
3.4.0	DST_MEASUREMENTS	dst_measurements:9c928ba7f71e1cd4	RIF	RIFAMPICIN	CHEBI:28077	JQXXHWHPUNPDRT-WLSIYKJHSA-N	2.0		mg/L	15	15		CRyPTIC	liquid media	microdilution plate	UKMYC5	0.5	2.0	R	MEDIUM
3.4.0	DST_MEASUREMENTS	dst_measurements:fd91716f8bb3e25f	RIF	RIFAMPICIN	CHEBI:28077	JQXXHWHPUNPDRT-WLSIYKJHSA-N	4.0		mg/L	56	56		CRyPTIC	liquid media	microdilution plate	UKMYC5	0.5	4.0	R	HIGH
3.4.0	DST_MEASUREMENTS	dst_measurements:393a4af49fd28ec2	RIF	RIFAMPICIN	CHEBI:28077	JQXXHWHPUNPDRT-WLSIYKJHSA-N	4.0		mg/L	16	16		CRyPTIC	liquid media	microdilution plate	UKMYC5	0.5	4.0	R	LOW
3.4.0	DST_MEASUREMENTS	dst_measurements:880a2ef961cf0dc8	RIF	RIFAMPICIN	CHEBI:28077	JQXXHWHPUNPDRT-WLSIYKJHSA-N	4.0		mg/L	18	18		CRyPTIC	liquid media	microdilution plate	UKMYC5	0.5	4.0	R	MEDIUM
3.4.0	DST_MEASUREMENTS	dst_measurements:7f5c66357a09bb02	RIF	RIFAMPICIN	CHEBI:28077	JQXXHWHPUNPDRT-WLSIYKJHSA-N	0.06	<=	mg/L	1963	1963		CRyPTIC	liquid media	microdilution plate	UKMYC5	0.5	<=0.06	S	HIGH
3.4.0	DST_MEASUREMENTS	dst_measurements:b40a04c0b0b6860f	RIF	RIFAMPICIN	CHEBI:28077	JQXXHWHPUNPDRT-WLSIYKJHSA-N	0.06	<=	mg/L	178	178		CRyPTIC	liquid media	microdilution plate	UKMYC5	0.5	<=0.06	S	LOW
3.4.0	DST_MEASUREMENTS	dst_measurements:7f4f59180f32fa2a	RIF	RIFAMPICIN	CHEBI:28077	JQXXHWHPUNPDRT-WLSIYKJHSA-N	0.06	<=	mg/L	311	311		CRyPTIC	liquid media	microdilution plate	UKMYC5	0.5	<=0.06	S	MEDIUM
3.4.0	DST_MEASUREMENTS	dst_measurements:c26e3ddba0426787	RIF	RIFAMPICIN	CHEBI:28077	JQXXHWHPUNPDRT-WLSIYKJHSA-N	4	>	mg/L	2061	2061		CRyPTIC	liquid media	microdilution plate	UKMYC5	0.5	>4	R	HIGH
3.4.0	DST_MEASUREMENTS	dst_measurements:27173befe817ea37	RIF	RIFAMPICIN	CHEBI:28077	JQXXHWHPUNPDRT-WLSIYKJHSA-N	4	>	mg/L	15	15		CRyPTIC	liquid media	microdilution plate	UKMYC5	0.5	>4	R	LOW
3.4.0	DST_MEASUREMENTS	dst_measurements:dbdbc63e8d8855b0	RIF	RIFAMPICIN	CHEBI:28077	JQXXHWHPUNPDRT-WLSIYKJHSA-N	4	>	mg/L	427	427		CRyPTIC	liquid media	microdilution plate	UKMYC5	0.5	>4	R	MEDIUM
3.4.0	DST_MEASUREMENTS	dst_measurements:b8ac4ecde165141e	RIF	RIFAMPICIN	CHEBI:28077	JQXXHWHPUNPDRT-WLSIYKJHSA-N				8	8		CRyPTIC	liquid media	microdilution plate	UKMYC5	0.5			HIGH
3.4.0	DST_MEASUREMENTS	dst_measurements:8a8e18a07bc12518	RIF	RIFAMPICIN	CHEBI:28077	JQXXHWHPUNPDRT-WLSIYKJHSA-N				8	8		CRyPTIC	liquid media	microdilution plate	UKMYC5	0.5			LOW
3.4.0	DST_MEASUREMENTS	dst_measurements:f14407477838d753	RIF	RIFAMPICIN	CHEBI:28077	JQXXHWHPUNPDRT-WLSIYKJHSA-N				104	104		CRyPTIC	liquid media	microdilution plate	UKMYC5	0.5			MEDIUM
3.4.0	DST_MEASUREMENTS	dst_measurements:bcde54bdc41fa023	RIF	RIFAMPICIN	CHEBI:28077	JQXXHWHPUNPDRT-WLSIYKJHSA-N	0.06		mg/L	2906	2906		CRyPTIC	liquid media	microdilution plate	UKMYC6	0.5	0.06	S	HIGH
3.4.0	DST_MEASUREMENTS	dst_measurements:23e3ee4d837c2adb	RIF	RIFAMPICIN	CHEBI:28077	JQXXHWHPUNPDRT-WLSIYKJHSA-N	0.06		mg/L	251	251		CRyPTIC	liquid media	microdilution plate	UKMYC6	0.5	0.06	S	LOW
3.4.0	DST_MEASUREMENTS	dst_measurements:a207c9402ef1a380	RIF	RIFAMPICIN	CHEBI:28077	JQXXHWHPUNPDRT-WLSIYKJHSA-N	0.06		mg/L	137	137		CRyPTIC	liquid media	microdilution plate	UKMYC6	0.5	0.06	S	MEDIUM
3.4.0	DST_MEASUREMENTS	dst_measurements:d88ccf455e242925	RIF	RIFAMPICIN	CHEBI:28077	JQXXHWHPUNPDRT-WLSIYKJHSA-N	0.12		mg/L	2852	2852		CRyPTIC	liquid media	microdilution plate	UKMYC6	0.5	0.12	S	HIGH
3.4.0	DST_MEASUREMENTS	dst_measurements:70c3daaffdba0ae0	RIF	RIFAMPICIN	CHEBI:28077	JQXXHWHPUNPDRT-WLSIYKJHSA-N	0.12		mg/L	241	241		CRyPTIC	liquid media	microdilution plate	UKMYC6	0.5	0.12	S	LOW
3.4.0	DST_MEASUREMENTS	dst_measurements:c5415cccf28e64cb	RIF	RIFAMPICIN	CHEBI:28077	JQXXHWHPUNPDRT-WLSIYKJHSA-N	0.12		mg/L	100	100		CRyPTIC	liquid media	microdilution plate	UKMYC6	0.5	0.12	S	MEDIUM
3.4.0	DST_MEASUREMENTS	dst_measurements:365cc709e7e5a299	RIF	RIFAMPICIN	CHEBI:28077	JQXXHWHPUNPDRT-WLSIYKJHSA-N	0.25		mg/L	1116	1116		CRyPTIC	liquid media	microdilution plate	UKMYC6	0.5	0.25	S	HIGH
3.4.0	DST_MEASUREMENTS	dst_measurements:baa8b6700f32a51b	RIF	RIFAMPICIN	CHEBI:28077	JQXXHWHPUNPDRT-WLSIYKJHSA-N	0.25		mg/L	143	143		CRyPTIC	liquid media	microdilution plate	UKMYC6	0.5	0.25	S	LOW
3.4.0	DST_MEASUREMENTS	dst_measurements:f7bfb8a423632b77	RIF	RIFAMPICIN	CHEBI:28077	JQXXHWHPUNPDRT-WLSIYKJHSA-N	0.25		mg/L	62	62		CRyPTIC	liquid media	microdilution plate	UKMYC6	0.5	0.25	S	MEDIUM
3.4.0	DST_MEASUREMENTS	dst_measurements:e5c514ec6061e80c	RIF	RIFAMPICIN	CHEBI:28077	JQXXHWHPUNPDRT-WLSIYKJHSA-N	0.5		mg/L	237	237		CRyPTIC	liquid media	microdilution plate	UKMYC6	0.5	0.5	S	HIGH
3.4.0	DST_MEASUREMENTS	dst_measurements:c2101e843506af14	RIF	RIFAMPICIN	CHEBI:28077	JQXXHWHPUNPDRT-WLSIYKJHSA-N	0.5		mg/L	38	38		CRyPTIC	liquid media	microdilution plate	UKMYC6	0.5	0.5	S	LOW
3.4.0	DST_MEASUREMENTS	dst_measurements:566ffe86ba212434	RIF	RIFAMPICIN	CHEBI:28077	JQXXHWHPUNPDRT-WLSIYKJHSA-N	0.5		mg/L	24	24		CRyPTIC	liquid media	microdilution plate	UKMYC6	0.5	0.5	S	MEDIUM
3.4.0	DST_MEASUREMENTS	dst_measurements:31268c2f163ff57a	RIF	RIFAMPICIN	CHEBI:28077	JQXXHWHPUNPDRT-WLSIYKJHSA-N	1.0		mg/L	79	79		CRyPTIC	liquid media	microdilution plate	UKMYC6	0.5	1.0	R	HIGH
3.4.0	DST_MEASUREMENTS	dst_measurements:0f68b4519c83e326	RIF	RIFAMPICIN	CHEBI:28077	JQXXHWHPUNPDRT-WLSIYKJHSA-N	1.0		mg/L	41	41		CRyPTIC	liquid media	microdilution plate	UKMYC6	0.5	1.0	R	LOW
3.4.0	DST_MEASUREMENTS	dst_measurements:19dc1a17610bd53c	RIF	RIFAMPICIN	CHEBI:28077	JQXXHWHPUNPDRT-WLSIYKJHSA-N	1.0		mg/L	16	16		CRyPTIC	liquid media	microdilution plate	UKMYC6	0.5	1.0	R	MEDIUM
3.4.0	DST_MEASUREMENTS	dst_measurements:d3d75c4e8bca73eb	RIF	RIFAMPICIN	CHEBI:28077	JQXXHWHPUNPDRT-WLSIYKJHSA-N	2.0		mg/L	74	74		CRyPTIC	liquid media	microdilution plate	UKMYC6	0.5	2.0	R	HIGH
3.4.0	DST_MEASUREMENTS	dst_measurements:1923b77584998de4	RIF	RIFAMPICIN	CHEBI:28077	JQXXHWHPUNPDRT-WLSIYKJHSA-N	2.0		mg/L	29	29		CRyPTIC	liquid media	microdilution plate	UKMYC6	0.5	2.0	R	LOW
3.4.0	DST_MEASUREMENTS	dst_measurements:5d317135d3b8a0ce	RIF	RIFAMPICIN	CHEBI:28077	JQXXHWHPUNPDRT-WLSIYKJHSA-N	2.0		mg/L	23	23		CRyPTIC	liquid media	microdilution plate	UKMYC6	0.5	2.0	R	MEDIUM
3.4.0	DST_MEASUREMENTS	dst_measurements:fba346f8e3a61714	RIF	RIFAMPICIN	CHEBI:28077	JQXXHWHPUNPDRT-WLSIYKJHSA-N	4.0		mg/L	87	87		CRyPTIC	liquid media	microdilution plate	UKMYC6	0.5	4.0	R	HIGH
3.4.0	DST_MEASUREMENTS	dst_measurements:76573b0844fcbc29	RIF	RIFAMPICIN	CHEBI:28077	JQXXHWHPUNPDRT-WLSIYKJHSA-N	4.0		mg/L	30	30		CRyPTIC	liquid media	microdilution plate	UKMYC6	0.5	4.0	R	LOW
3.4.0	DST_MEASUREMENTS	dst_measurements:23d5f87fea935bdb	RIF	RIFAMPICIN	CHEBI:28077	JQXXHWHPUNPDRT-WLSIYKJHSA-N	4.0		mg/L	31	31		CRyPTIC	liquid media	microdilution plate	UKMYC6	0.5	4.0	R	MEDIUM
3.4.0	DST_MEASUREMENTS	dst_measurements:3fd96b100619ecef	RIF	RIFAMPICIN	CHEBI:28077	JQXXHWHPUNPDRT-WLSIYKJHSA-N	8.0		mg/L	170	170		CRyPTIC	liquid media	microdilution plate	UKMYC6	0.5	8.0	R	HIGH
3.4.0	DST_MEASUREMENTS	dst_measurements:e2cbaac26ccd9c51	RIF	RIFAMPICIN	CHEBI:28077	JQXXHWHPUNPDRT-WLSIYKJHSA-N	8.0		mg/L	55	55		CRyPTIC	liquid media	microdilution plate	UKMYC6	0.5	8.0	R	LOW
3.4.0	DST_MEASUREMENTS	dst_measurements:689d9384aebcad9d	RIF	RIFAMPICIN	CHEBI:28077	JQXXHWHPUNPDRT-WLSIYKJHSA-N	8.0		mg/L	61	61		CRyPTIC	liquid media	microdilution plate	UKMYC6	0.5	8.0	R	MEDIUM
3.4.0	DST_MEASUREMENTS	dst_measurements:9d4d99ceff8a6e2b	RIF	RIFAMPICIN	CHEBI:28077	JQXXHWHPUNPDRT-WLSIYKJHSA-N	0.03	<=	mg/L	1388	1388		CRyPTIC	liquid media	microdilution plate	UKMYC6	0.5	<=0.03	S	HIGH
3.4.0	DST_MEASUREMENTS	dst_measurements:a36f29d1daf37b48	RIF	RIFAMPICIN	CHEBI:28077	JQXXHWHPUNPDRT-WLSIYKJHSA-N	0.03	<=	mg/L	228	228		CRyPTIC	liquid media	microdilution plate	UKMYC6	0.5	<=0.03	S	LOW
3.4.0	DST_MEASUREMENTS	dst_measurements:20ec1a923fc31e78	RIF	RIFAMPICIN	CHEBI:28077	JQXXHWHPUNPDRT-WLSIYKJHSA-N	0.03	<=	mg/L	129	129		CRyPTIC	liquid media	microdilution plate	UKMYC6	0.5	<=0.03	S	MEDIUM
3.4.0	DST_MEASUREMENTS	dst_measurements:f1ead4e091b2bf9b	RIF	RIFAMPICIN	CHEBI:28077	JQXXHWHPUNPDRT-WLSIYKJHSA-N	8	>	mg/L	3380	3380		CRyPTIC	liquid media	microdilution plate	UKMYC6	0.5	>8	R	HIGH
3.4.0	DST_MEASUREMENTS	dst_measurements:80b4cfb3dd6144b2	RIF	RIFAMPICIN	CHEBI:28077	JQXXHWHPUNPDRT-WLSIYKJHSA-N	8	>	mg/L	24	24		CRyPTIC	liquid media	microdilution plate	UKMYC6	0.5	>8	R	LOW
3.4.0	DST_MEASUREMENTS	dst_measurements:612a7f9e75660e51	RIF	RIFAMPICIN	CHEBI:28077	JQXXHWHPUNPDRT-WLSIYKJHSA-N	8	>	mg/L	489	489		CRyPTIC	liquid media	microdilution plate	UKMYC6	0.5	>8	R	MEDIUM
3.4.0	DST_MEASUREMENTS	dst_measurements:d78fdd6f16060a74	RIF	RIFAMPICIN	CHEBI:28077	JQXXHWHPUNPDRT-WLSIYKJHSA-N				133	133		CRyPTIC	liquid media	microdilution plate	UKMYC6	0.5			HIGH
3.4.0	DST_MEASUREMENTS	dst_measurements:db4910ab235fd507	RIF	RIFAMPICIN	CHEBI:28077	JQXXHWHPUNPDRT-WLSIYKJHSA-N				36	36		CRyPTIC	liquid media	microdilution plate	UKMYC6	0.5			LOW
3.4.0	DST_MEASUREMENTS	dst_measurements:5367322ced70c6a4	RIF	RIFAMPICIN	CHEBI:28077	JQXXHWHPUNPDRT-WLSIYKJHSA-N				34	34		CRyPTIC	liquid media	microdilution plate	UKMYC6	0.5			MEDIUM
3.4.0	DST_MEASUREMENTS	dst_measurements:341ffd1c150c02dc	RIF	RIFAMPICIN	CHEBI:28077	JQXXHWHPUNPDRT-WLSIYKJHSA-N				131	131		KMMYKROBE2025	not specified					R	MEDIUM
3.4.0	DST_MEASUREMENTS	dst_measurements:421f571559c9c7ab	RIF	RIFAMPICIN	CHEBI:28077	JQXXHWHPUNPDRT-WLSIYKJHSA-N				21	21		KMMYKROBE2025	not specified					S	MEDIUM
3.4.0	DST_MEASUREMENTS	dst_measurements:d396cbb429484a41	RIF	RIFAMPICIN	CHEBI:28077	JQXXHWHPUNPDRT-WLSIYKJHSA-N				2580	2580		KMVALIDATION2025	not specified					R	MEDIUM
3.4.0	DST_MEASUREMENTS	dst_measurements:edfaa779d2ce13cd	RIF	RIFAMPICIN	CHEBI:28077	JQXXHWHPUNPDRT-WLSIYKJHSA-N				4956	4956		KMVALIDATION2025	not specified					S	MEDIUM
3.4.0	DST_MEASUREMENTS	dst_measurements:515f661b3fc8ae57	RIF	RIFAMPICIN	CHEBI:28077	JQXXHWHPUNPDRT-WLSIYKJHSA-N				315	315		LID2015	liquid media	MGIT	MGIT960	WHO		R	MEDIUM
3.4.0	DST_MEASUREMENTS	dst_measurements:941cb1d1f9e7a8dc	RIF	RIFAMPICIN	CHEBI:28077	JQXXHWHPUNPDRT-WLSIYKJHSA-N				2585	2585		LID2015	liquid media	MGIT	MGIT960	WHO		S	MEDIUM
3.4.0	DST_MEASUREMENTS	dst_measurements:6ff36fda88281716	RIF	RIFAMPICIN	CHEBI:28077	JQXXHWHPUNPDRT-WLSIYKJHSA-N				92	92		LID2015	solid media	LJ	resistance ratio	WHO		R	MEDIUM
3.4.0	DST_MEASUREMENTS	dst_measurements:4c268a00f4f84152	RIF	RIFAMPICIN	CHEBI:28077	JQXXHWHPUNPDRT-WLSIYKJHSA-N				417	417		LID2015	solid media	LJ	resistance ratio	WHO		S	MEDIUM
3.4.0	DST_MEASUREMENTS	dst_measurements:54ac6a46ec8b4ccd	RIF	RIFAMPICIN	CHEBI:28077	JQXXHWHPUNPDRT-WLSIYKJHSA-N				812	812		MUMBAI2018	liquid media	MGIT	MGIT960			R	MEDIUM
3.4.0	DST_MEASUREMENTS	dst_measurements:2d7d8ccd7c6345af	RIF	RIFAMPICIN	CHEBI:28077	JQXXHWHPUNPDRT-WLSIYKJHSA-N				725	725		MUMBAI2018	liquid media	MGIT	MGIT960			S	MEDIUM
3.4.0	DST_MEASUREMENTS	dst_measurements:5a28f269ebe1af70	RIF	RIFAMPICIN	CHEBI:28077	JQXXHWHPUNPDRT-WLSIYKJHSA-N				1391	1391		NEJM2018	liquid media	MGIT	MGIT960	1.0		R	MEDIUM
3.4.0	DST_MEASUREMENTS	dst_measurements:8dc7a26b9fe0d1a7	RIF	RIFAMPICIN	CHEBI:28077	JQXXHWHPUNPDRT-WLSIYKJHSA-N				6529	6529		NEJM2018	liquid media	MGIT	MGIT960	1.0		S	MEDIUM
3.4.0	DST_MEASUREMENTS	dst_measurements:11be9677e14fe4e8	RIF	RIFAMPICIN	CHEBI:28077	JQXXHWHPUNPDRT-WLSIYKJHSA-N				16	16		NEJM2018	liquid media	MGIT	MGIT960	40.0		R	MEDIUM
3.4.0	DST_MEASUREMENTS	dst_measurements:aecc62cc7434d0e9	RIF	RIFAMPICIN	CHEBI:28077	JQXXHWHPUNPDRT-WLSIYKJHSA-N				1	1		NEJM2018	liquid media	MGIT	MGIT960	40.0		S	MEDIUM
3.4.0	DST_MEASUREMENTS	dst_measurements:84da895353f37a5e	RIF	RIFAMPICIN	CHEBI:28077	JQXXHWHPUNPDRT-WLSIYKJHSA-N				63	63		NEJM2018	liquid media	microdilution plate	MODS	1.0		R	MEDIUM
3.4.0	DST_MEASUREMENTS	dst_measurements:bc9318881f1df9dd	RIF	RIFAMPICIN	CHEBI:28077	JQXXHWHPUNPDRT-WLSIYKJHSA-N				52	52		NEJM2018	liquid media	microdilution plate	MODS	1.0		S	MEDIUM
3.4.0	DST_MEASUREMENTS	dst_measurements:893891c88d83d7ed	RIF	RIFAMPICIN	CHEBI:28077	JQXXHWHPUNPDRT-WLSIYKJHSA-N				351	351		NEJM2018	solid media	LJ	proportion method	40.0		R	MEDIUM
3.4.0	DST_MEASUREMENTS	dst_measurements:35418df8a5ff7e9c	RIF	RIFAMPICIN	CHEBI:28077	JQXXHWHPUNPDRT-WLSIYKJHSA-N				64	64		NEJM2018	solid media	LJ	proportion method	40.0		S	MEDIUM
3.4.0	DST_MEASUREMENTS	dst_measurements:bd915eb688c82df9	RIF	RIFAMPICIN	CHEBI:28077	JQXXHWHPUNPDRT-WLSIYKJHSA-N				775	775		NEJM2018	solid media	LJ	resistance ratio			R	MEDIUM
3.4.0	DST_MEASUREMENTS	dst_measurements:90de6377bd4a3027	RIF	RIFAMPICIN	CHEBI:28077	JQXXHWHPUNPDRT-WLSIYKJHSA-N				475	475		NEJM2018	solid media	LJ	resistance ratio			S	MEDIUM
3.4.0	DST_MEASUREMENTS	dst_measurements:80b740f5a2ba5ccc	RIF	RIFAMPICIN	CHEBI:28077	JQXXHWHPUNPDRT-WLSIYKJHSA-N				192	192		NEJM2018	solid media	middlebrook	7H10	1.0		R	MEDIUM
3.4.0	DST_MEASUREMENTS	dst_measurements:ca3398dbd95db6a0	RIF	RIFAMPICIN	CHEBI:28077	JQXXHWHPUNPDRT-WLSIYKJHSA-N				60	60		NEJM2018	solid media	middlebrook	7H10	1.0		S	MEDIUM
3.4.0	DST_MEASUREMENTS	dst_measurements:d4a6caf101cd739c	RIF	RIFAMPICIN	CHEBI:28077	JQXXHWHPUNPDRT-WLSIYKJHSA-N				115	115		NEJM2018	solid media	middlebrook	proportion method	40.0		R	MEDIUM
3.4.0	DST_MEASUREMENTS	dst_measurements:14403c3def3ca1fc	RIF	RIFAMPICIN	CHEBI:28077	JQXXHWHPUNPDRT-WLSIYKJHSA-N				44	44		NEJM2018	solid media	middlebrook	proportion method	40.0		S	MEDIUM
3.4.0	DST_MEASUREMENTS	dst_measurements:6ce9240ed8bbff4b	RIF	RIFAMPICIN	CHEBI:28077	JQXXHWHPUNPDRT-WLSIYKJHSA-N				33	33		PHE2019	liquid media	MGIT	MGIT960	WHO		R	MEDIUM
3.4.0	DST_MEASUREMENTS	dst_measurements:5caf6faec8547243	RIF	RIFAMPICIN	CHEBI:28077	JQXXHWHPUNPDRT-WLSIYKJHSA-N				1520	1520		PHE2019	liquid media	MGIT	MGIT960	WHO		S	MEDIUM
3.4.0	DST_MEASUREMENTS	dst_measurements:cfe5470b8ff3e7e7	RIF	RIFAMPICIN	CHEBI:28077	JQXXHWHPUNPDRT-WLSIYKJHSA-N				93	93		PHE2019	solid media	LJ	resistance ratio	WHO		R	MEDIUM
3.4.0	DST_MEASUREMENTS	dst_measurements:7b12002df426c756	RIF	RIFAMPICIN	CHEBI:28077	JQXXHWHPUNPDRT-WLSIYKJHSA-N				2566	2566		PHE2019	solid media	LJ	resistance ratio	WHO		S	MEDIUM
3.4.0	DST_MEASUREMENTS	dst_measurements:56ed8ef2e542e6b2	RIF	RIFAMPICIN	CHEBI:28077	JQXXHWHPUNPDRT-WLSIYKJHSA-N				7	7		SEQTREAT2020	liquid media	MGIT	BACTEC460	1.0		R	MEDIUM
3.4.0	DST_MEASUREMENTS	dst_measurements:b7024326645f3d90	RIF	RIFAMPICIN	CHEBI:28077	JQXXHWHPUNPDRT-WLSIYKJHSA-N				64	64		SEQTREAT2020	liquid media	MGIT	BACTEC460	1.0		S	MEDIUM
3.4.0	DST_MEASUREMENTS	dst_measurements:6b3cf0a3528bd9f6	RIF	RIFAMPICIN	CHEBI:28077	JQXXHWHPUNPDRT-WLSIYKJHSA-N				326	326		SEQTREAT2020	liquid media	MGIT	MGIT960	1.0		R	MEDIUM
3.4.0	DST_MEASUREMENTS	dst_measurements:1b952cdf95ef4d68	RIF	RIFAMPICIN	CHEBI:28077	JQXXHWHPUNPDRT-WLSIYKJHSA-N				4251	4251		SEQTREAT2020	liquid media	MGIT	MGIT960	1.0		S	MEDIUM
3.4.0	DST_MEASUREMENTS	dst_measurements:fbd77f42f9fb0862	RIF	RIFAMPICIN	CHEBI:28077	JQXXHWHPUNPDRT-WLSIYKJHSA-N				76	76		SEQTREAT2020	liquid media	MGIT	MGIT960	1.0		U	MEDIUM
3.4.0	DST_MEASUREMENTS	dst_measurements:7f12405437c03b03	RIF	RIFAMPICIN	CHEBI:28077	JQXXHWHPUNPDRT-WLSIYKJHSA-N				329	329		SEQTREAT2020	liquid media	MGIT	MGIT960	WHO		R	MEDIUM
3.4.0	DST_MEASUREMENTS	dst_measurements:398663e77fb8ceed	RIF	RIFAMPICIN	CHEBI:28077	JQXXHWHPUNPDRT-WLSIYKJHSA-N				385	385		SEQTREAT2020	liquid media	MGIT	MGIT960	WHO		S	MEDIUM
3.4.0	DST_MEASUREMENTS	dst_measurements:5f1667df01488988	RIF	RIFAMPICIN	CHEBI:28077	JQXXHWHPUNPDRT-WLSIYKJHSA-N				42	42		SEQTREAT2020	liquid media	MGIT	MGIT960	WHO		U	MEDIUM
3.4.0	DST_MEASUREMENTS	dst_measurements:e2e8302eb39db3b9	RIF	RIFAMPICIN	CHEBI:28077	JQXXHWHPUNPDRT-WLSIYKJHSA-N				1411	1411		SEQTREAT2020	liquid media	MGIT		WHO		R	MEDIUM
3.4.0	DST_MEASUREMENTS	dst_measurements:26fd38900dc104b5	RIF	RIFAMPICIN	CHEBI:28077	JQXXHWHPUNPDRT-WLSIYKJHSA-N				13	13		SEQTREAT2020	liquid media	MGIT		WHO		S	MEDIUM
3.4.0	DST_MEASUREMENTS	dst_measurements:fb87d9f5a09036cf	RIF	RIFAMPICIN	CHEBI:28077	JQXXHWHPUNPDRT-WLSIYKJHSA-N				56	56		SEQTREAT2020	liquid media	MGIT		WHO		U	MEDIUM
3.4.0	DST_MEASUREMENTS	dst_measurements:448047b15dc443e6	RIF	RIFAMPICIN	CHEBI:28077	JQXXHWHPUNPDRT-WLSIYKJHSA-N	0.25		mg/L	10	10		SEQTREAT2020	liquid media	microdilution plate	MYCOTB		0.25	S	MEDIUM
3.4.0	DST_MEASUREMENTS	dst_measurements:88ab8b47238f991b	RIF	RIFAMPICIN	CHEBI:28077	JQXXHWHPUNPDRT-WLSIYKJHSA-N	0.5		mg/L	1	1		SEQTREAT2020	liquid media	microdilution plate	MYCOTB		0.5	S	MEDIUM
3.4.0	DST_MEASUREMENTS	dst_measurements:41f5420da1459cff	RIF	RIFAMPICIN	CHEBI:28077	JQXXHWHPUNPDRT-WLSIYKJHSA-N	1.0		mg/L	5	5		SEQTREAT2020	liquid media	microdilution plate	MYCOTB		1.0	R	MEDIUM
3.4.0	DST_MEASUREMENTS	dst_measurements:e4a4fc0c178a2126	RIF	RIFAMPICIN	CHEBI:28077	JQXXHWHPUNPDRT-WLSIYKJHSA-N	16.0		mg/L	2	2		SEQTREAT2020	liquid media	microdilution plate	MYCOTB		16.0	R	MEDIUM
3.4.0	DST_MEASUREMENTS	dst_measurements:755e6bf86371136b	RIF	RIFAMPICIN	CHEBI:28077	JQXXHWHPUNPDRT-WLSIYKJHSA-N	2.0		mg/L	3	3		SEQTREAT2020	liquid media	microdilution plate	MYCOTB		2.0	R	MEDIUM
3.4.0	DST_MEASUREMENTS	dst_measurements:70b7c7f3372b63ca	RIF	RIFAMPICIN	CHEBI:28077	JQXXHWHPUNPDRT-WLSIYKJHSA-N	4.0		mg/L	2	2		SEQTREAT2020	liquid media	microdilution plate	MYCOTB		4.0	R	MEDIUM
3.4.0	DST_MEASUREMENTS	dst_measurements:28f72b489211526f	RIF	RIFAMPICIN	CHEBI:28077	JQXXHWHPUNPDRT-WLSIYKJHSA-N	8.0		mg/L	4	4		SEQTREAT2020	liquid media	microdilution plate	MYCOTB		8.0	R	MEDIUM
3.4.0	DST_MEASUREMENTS	dst_measurements:a7608be5fe82da49	RIF	RIFAMPICIN	CHEBI:28077	JQXXHWHPUNPDRT-WLSIYKJHSA-N	0.12	<=	mg/L	8	8		SEQTREAT2020	liquid media	microdilution plate	MYCOTB		<=0.12	S	MEDIUM
3.4.0	DST_MEASUREMENTS	dst_measurements:acf59352a568a7c5	RIF	RIFAMPICIN	CHEBI:28077	JQXXHWHPUNPDRT-WLSIYKJHSA-N	16	>	mg/L	61	61		SEQTREAT2020	liquid media	microdilution plate	MYCOTB		>16	R	MEDIUM
3.4.0	DST_MEASUREMENTS	dst_measurements:a5e03794d0d92679	RIF	RIFAMPICIN	CHEBI:28077	JQXXHWHPUNPDRT-WLSIYKJHSA-N	0.12		mg/L	47	47		SEQTREAT2020	liquid media	microdilution plate	UKMYC5		0.12	S	MEDIUM
3.4.0	DST_MEASUREMENTS	dst_measurements:736583aadcb21828	RIF	RIFAMPICIN	CHEBI:28077	JQXXHWHPUNPDRT-WLSIYKJHSA-N	0.25		mg/L	23	23		SEQTREAT2020	liquid media	microdilution plate	UKMYC5		0.25	S	MEDIUM
3.4.0	DST_MEASUREMENTS	dst_measurements:2d50876008852b95	RIF	RIFAMPICIN	CHEBI:28077	JQXXHWHPUNPDRT-WLSIYKJHSA-N	0.5		mg/L	7	7		SEQTREAT2020	liquid media	microdilution plate	UKMYC5		0.5	S	MEDIUM
3.4.0	DST_MEASUREMENTS	dst_measurements:c192e17b135eaa69	RIF	RIFAMPICIN	CHEBI:28077	JQXXHWHPUNPDRT-WLSIYKJHSA-N	1.0		mg/L	1	1		SEQTREAT2020	liquid media	microdilution plate	UKMYC5		1.0	R	MEDIUM
3.4.0	DST_MEASUREMENTS	dst_measurements:8168aa73ba1c9049	RIF	RIFAMPICIN	CHEBI:28077	JQXXHWHPUNPDRT-WLSIYKJHSA-N	2.0		mg/L	1	1		SEQTREAT2020	liquid media	microdilution plate	UKMYC5		2.0	R	MEDIUM
3.4.0	DST_MEASUREMENTS	dst_measurements:5a41e1873317de15	RIF	RIFAMPICIN	CHEBI:28077	JQXXHWHPUNPDRT-WLSIYKJHSA-N	0.06	<=	mg/L	176	176		SEQTREAT2020	liquid media	microdilution plate	UKMYC5		<=0.06	S	MEDIUM
3.4.0	DST_MEASUREMENTS	dst_measurements:15005fdea47e1c51	RIF	RIFAMPICIN	CHEBI:28077	JQXXHWHPUNPDRT-WLSIYKJHSA-N	4	>	mg/L	8	8		SEQTREAT2020	liquid media	microdilution plate	UKMYC5		>4	R	MEDIUM
3.4.0	DST_MEASUREMENTS	dst_measurements:496486bfb363f3ef	RIF	RIFAMPICIN	CHEBI:28077	JQXXHWHPUNPDRT-WLSIYKJHSA-N				454	439		SEQTREAT2020	not specified					R	MEDIUM
3.4.0	DST_MEASUREMENTS	dst_measurements:cdcd55e080de5d5a	RIF	RIFAMPICIN	CHEBI:28077	JQXXHWHPUNPDRT-WLSIYKJHSA-N				514	514		SEQTREAT2020	not specified					S	MEDIUM
3.4.0	DST_MEASUREMENTS	dst_measurements:ae1838fa04ba2722	RIF	RIFAMPICIN	CHEBI:28077	JQXXHWHPUNPDRT-WLSIYKJHSA-N				1408	961		SEQTREAT2020	not specified					U	MEDIUM
3.4.0	DST_MEASUREMENTS	dst_measurements:79eb86729296d84b	RIF	RIFAMPICIN	CHEBI:28077	JQXXHWHPUNPDRT-WLSIYKJHSA-N				174	174		SEQTREAT2020	solid media	LJ		40.0		R	MEDIUM
3.4.0	DST_MEASUREMENTS	dst_measurements:a29441c0b49c8c5c	RIF	RIFAMPICIN	CHEBI:28077	JQXXHWHPUNPDRT-WLSIYKJHSA-N				1	1		SEQTREAT2020	solid media	LJ		40.0		S	MEDIUM
3.4.0	DST_MEASUREMENTS	dst_measurements:18151fc86057ce0b	RIF	RIFAMPICIN	CHEBI:28077	JQXXHWHPUNPDRT-WLSIYKJHSA-N				12	12		SEQTREAT2020	solid media	LJ		40.0		U	MEDIUM
3.4.0	DST_MEASUREMENTS	dst_measurements:d6953fa7d1c40f72	RIF	RIFAMPICIN	CHEBI:28077	JQXXHWHPUNPDRT-WLSIYKJHSA-N				170	170		SEQTREAT2020	solid media	LJ		WHO		R	MEDIUM
3.4.0	DST_MEASUREMENTS	dst_measurements:a34495de9b92ce4a	RIF	RIFAMPICIN	CHEBI:28077	JQXXHWHPUNPDRT-WLSIYKJHSA-N				7	7		SEQTREAT2020	solid media	LJ		WHO		S	MEDIUM
3.4.0	DST_MEASUREMENTS	dst_measurements:67060a4ab2e50a18	RIF	RIFAMPICIN	CHEBI:28077	JQXXHWHPUNPDRT-WLSIYKJHSA-N				1	1		SEQTREAT2020	solid media	LJ		WHO		U	MEDIUM
3.4.0	DST_MEASUREMENTS	dst_measurements:d93ee348d5c77e66	RIF	RIFAMPICIN	CHEBI:28077	JQXXHWHPUNPDRT-WLSIYKJHSA-N				223	223		SEQTREAT2020	solid media	middlebrook	7H10	1.0		R	MEDIUM
3.4.0	DST_MEASUREMENTS	dst_measurements:828c78051990e066	RIF	RIFAMPICIN	CHEBI:28077	JQXXHWHPUNPDRT-WLSIYKJHSA-N				62	62		SEQTREAT2020	solid media	middlebrook	7H10	1.0		S	MEDIUM
3.4.0	DST_MEASUREMENTS	dst_measurements:558187092ed4ff8d	RIF	RIFAMPICIN	CHEBI:28077	JQXXHWHPUNPDRT-WLSIYKJHSA-N				336	336		SEQTREAT2020	solid media	middlebrook	7H10	2		R	MEDIUM
3.4.0	DST_MEASUREMENTS	dst_measurements:641d1cc28bb6ab9b	RIF	RIFAMPICIN	CHEBI:28077	JQXXHWHPUNPDRT-WLSIYKJHSA-N				22	22		SEQTREAT2020	solid media	middlebrook		1		R	MEDIUM
3.4.0	DST_MEASUREMENTS	dst_measurements:cdf7120c19928111	RIF	RIFAMPICIN	CHEBI:28077	JQXXHWHPUNPDRT-WLSIYKJHSA-N				2	2		SEQTREAT2020	solid media	middlebrook		1		S	MEDIUM
3.4.0	DST_MEASUREMENTS	dst_measurements:e12fe0615481acf0	RIF	RIFAMPICIN	CHEBI:28077	JQXXHWHPUNPDRT-WLSIYKJHSA-N				420	420		SEQTREAT2020	solid media	middlebrook		1		U	MEDIUM
3.4.0	DST_MEASUREMENTS	dst_measurements:5ba96f1a17386bf4	RIF	RIFAMPICIN	CHEBI:28077	JQXXHWHPUNPDRT-WLSIYKJHSA-N				19	19		SEQTREAT2020	solid media	middlebrook		1.0		R	MEDIUM
3.4.0	DST_MEASUREMENTS	dst_measurements:e5e3f76bc9764b21	RIF	RIFAMPICIN	CHEBI:28077	JQXXHWHPUNPDRT-WLSIYKJHSA-N				60	60		SEQTREAT2020	solid media	middlebrook		1.0		S	MEDIUM
3.4.0	DST_MEASUREMENTS	dst_measurements:c1f497a7f311af76	RIF	RIFAMPICIN	CHEBI:28077	JQXXHWHPUNPDRT-WLSIYKJHSA-N				8	8		SEQTREAT2020	solid media	middlebrook		1.0		U	MEDIUM
3.4.0	DST_MEASUREMENTS	dst_measurements:cdfd41f52069af98	RIF	RIFAMPICIN	CHEBI:28077	JQXXHWHPUNPDRT-WLSIYKJHSA-N				85	85		WHO2019	liquid media	MGIT	MGIT960	1.0		R	MEDIUM
3.4.0	DST_MEASUREMENTS	dst_measurements:26f531b8a9ffdfe3	RIF	RIFAMPICIN	CHEBI:28077	JQXXHWHPUNPDRT-WLSIYKJHSA-N				89	89		WHO2019	liquid media	MGIT	MGIT960	1.0		S	MEDIUM
3.4.0	DST_MEASUREMENTS	dst_measurements:5cd87507b0b55d56	RIF	RIFAMPICIN	CHEBI:28077	JQXXHWHPUNPDRT-WLSIYKJHSA-N				483	483		WHO2019	solid media	LJ		40.0		R	MEDIUM
3.4.0	DST_MEASUREMENTS	dst_measurements:623eb0df3431c20b	RIF	RIFAMPICIN	CHEBI:28077	JQXXHWHPUNPDRT-WLSIYKJHSA-N				1585	1585		WHO2019	solid media	LJ		40.0		S	MEDIUM
3.4.0	DST_MEASUREMENTS	dst_measurements:658d1ecc702e76ae	STM	STREPTOMYCIN	CHEBI:17076	UCSJYZPVAKXKNQ-HZYVHMACSA-N				142	142		CLIRES2020	liquid media	MGIT	MGIT960			R	MEDIUM
3.4.0	DST_MEASUREMENTS	dst_measurements:e97860126599aec9	STM	STREPTOMYCIN	CHEBI:17076	UCSJYZPVAKXKNQ-HZYVHMACSA-N				196	196		CLIRES2020	liquid media	MGIT	MGIT960			S	MEDIUM
3.4.0	DST_MEASUREMENTS	dst_measurements:e5242b35792df6d0	STM	STREPTOMYCIN	CHEBI:17076	UCSJYZPVAKXKNQ-HZYVHMACSA-N				1	1		CLIRES2020	liquid media	microdilution plate	MODS			S	MEDIUM
3.4.0	DST_MEASUREMENTS	dst_measurements:7a0e80a5752969c3	STM	STREPTOMYCIN	CHEBI:17076	UCSJYZPVAKXKNQ-HZYVHMACSA-N				6	6		CLIRES2020	not specified					R	MEDIUM
3.4.0	DST_MEASUREMENTS	dst_measurements:77fc11e4625e2681	STM	STREPTOMYCIN	CHEBI:17076	UCSJYZPVAKXKNQ-HZYVHMACSA-N				10	10		CLIRES2020	not specified					S	MEDIUM
3.4.0	DST_MEASUREMENTS	dst_measurements:ea4a95098ceb1e81	STM	STREPTOMYCIN	CHEBI:17076	UCSJYZPVAKXKNQ-HZYVHMACSA-N				1	1		CLIRES2020	solid media					I	MEDIUM
3.4.0	DST_MEASUREMENTS	dst_measurements:007b663e0a2b8acc	STM	STREPTOMYCIN	CHEBI:17076	UCSJYZPVAKXKNQ-HZYVHMACSA-N				823	823		CLIRES2020	solid media					R	MEDIUM
3.4.0	DST_MEASUREMENTS	dst_measurements:eeefd2e00aee29c9	STM	STREPTOMYCIN	CHEBI:17076	UCSJYZPVAKXKNQ-HZYVHMACSA-N				1270	1270		CLIRES2020	solid media					S	MEDIUM
3.4.0	DST_MEASUREMENTS	dst_measurements:e9b575c143fd3e07	STM	STREPTOMYCIN	CHEBI:17076	UCSJYZPVAKXKNQ-HZYVHMACSA-N				1	1		CLIRES2023	liquid media	MGIT	MGIT960			I	MEDIUM
3.4.0	DST_MEASUREMENTS	dst_measurements:10298c237725d3eb	STM	STREPTOMYCIN	CHEBI:17076	UCSJYZPVAKXKNQ-HZYVHMACSA-N				44	44		CLIRES2023	liquid media	MGIT	MGIT960			R	MEDIUM
3.4.0	DST_MEASUREMENTS	dst_measurements:ab434b9c2a4901c5	STM	STREPTOMYCIN	CHEBI:17076	UCSJYZPVAKXKNQ-HZYVHMACSA-N				102	102		CLIRES2023	liquid media	MGIT	MGIT960			S	MEDIUM
3.4.0	DST_MEASUREMENTS	dst_measurements:95e5860bc683b1f1	STM	STREPTOMYCIN	CHEBI:17076	UCSJYZPVAKXKNQ-HZYVHMACSA-N				2	2		CLIRES2023	not specified					R	MEDIUM
3.4.0	DST_MEASUREMENTS	dst_measurements:769c63f293036440	STM	STREPTOMYCIN	CHEBI:17076	UCSJYZPVAKXKNQ-HZYVHMACSA-N				2	2		CLIRES2023	solid media					I	MEDIUM
3.4.0	DST_MEASUREMENTS	dst_measurements:8b32f3b219c2af20	STM	STREPTOMYCIN	CHEBI:17076	UCSJYZPVAKXKNQ-HZYVHMACSA-N				360	360		CLIRES2023	solid media					R	MEDIUM
3.4.0	DST_MEASUREMENTS	dst_measurements:39631ba3bbb003e0	STM	STREPTOMYCIN	CHEBI:17076	UCSJYZPVAKXKNQ-HZYVHMACSA-N				496	496		CLIRES2023	solid media					S	MEDIUM
3.4.0	DST_MEASUREMENTS	dst_measurements:b4eff9c9dddfdb87	STM	STREPTOMYCIN	CHEBI:17076	UCSJYZPVAKXKNQ-HZYVHMACSA-N				4	4		KMMYKROBE2025	not specified					R	MEDIUM
3.4.0	DST_MEASUREMENTS	dst_measurements:64d7ae3330478b38	STM	STREPTOMYCIN	CHEBI:17076	UCSJYZPVAKXKNQ-HZYVHMACSA-N				9	9		KMMYKROBE2025	not specified					S	MEDIUM
3.4.0	DST_MEASUREMENTS	dst_measurements:f8ed8d77cc843042	STM	STREPTOMYCIN	CHEBI:17076	UCSJYZPVAKXKNQ-HZYVHMACSA-N				1111	1111		KMVALIDATION2025	not specified					R	MEDIUM
3.4.0	DST_MEASUREMENTS	dst_measurements:de42ef5152292e39	STM	STREPTOMYCIN	CHEBI:17076	UCSJYZPVAKXKNQ-HZYVHMACSA-N				1224	1224		KMVALIDATION2025	not specified					S	MEDIUM
3.4.0	DST_MEASUREMENTS	dst_measurements:430e955deceef8bb	STM	STREPTOMYCIN	CHEBI:17076	UCSJYZPVAKXKNQ-HZYVHMACSA-N				385	385		LID2015	liquid media	MGIT	MGIT960	WHO		R	MEDIUM
3.4.0	DST_MEASUREMENTS	dst_measurements:fc6a7906608a08c0	STM	STREPTOMYCIN	CHEBI:17076	UCSJYZPVAKXKNQ-HZYVHMACSA-N				1284	1284		LID2015	liquid media	MGIT	MGIT960	WHO		S	MEDIUM
3.4.0	DST_MEASUREMENTS	dst_measurements:4beebeceab4f3fc8	STM	STREPTOMYCIN	CHEBI:17076	UCSJYZPVAKXKNQ-HZYVHMACSA-N				30	30		LID2015	solid media	LJ	resistance ratio	WHO		R	MEDIUM
3.4.0	DST_MEASUREMENTS	dst_measurements:01f21401d37a9081	STM	STREPTOMYCIN	CHEBI:17076	UCSJYZPVAKXKNQ-HZYVHMACSA-N				168	168		LID2015	solid media	LJ	resistance ratio	WHO		S	MEDIUM
3.4.0	DST_MEASUREMENTS	dst_measurements:13ce5dac6106e8bb	STM	STREPTOMYCIN	CHEBI:17076	UCSJYZPVAKXKNQ-HZYVHMACSA-N				43	43		MUMBAI2018	liquid media	MGIT	MGIT960			R	MEDIUM
3.4.0	DST_MEASUREMENTS	dst_measurements:24dd115629a665c4	STM	STREPTOMYCIN	CHEBI:17076	UCSJYZPVAKXKNQ-HZYVHMACSA-N				56	56		MUMBAI2018	liquid media	MGIT	MGIT960			S	MEDIUM
3.4.0	DST_MEASUREMENTS	dst_measurements:a02b77e81f2d8e3e	STM	STREPTOMYCIN	CHEBI:17076	UCSJYZPVAKXKNQ-HZYVHMACSA-N				714	714		NEJM2018	liquid media	MGIT	MGIT960			R	MEDIUM
3.4.0	DST_MEASUREMENTS	dst_measurements:389f78c8235978da	STM	STREPTOMYCIN	CHEBI:17076	UCSJYZPVAKXKNQ-HZYVHMACSA-N				2981	2981		NEJM2018	liquid media	MGIT	MGIT960			S	MEDIUM
3.4.0	DST_MEASUREMENTS	dst_measurements:31df29c9ea0ffc8c	STM	STREPTOMYCIN	CHEBI:17076	UCSJYZPVAKXKNQ-HZYVHMACSA-N				280	280		NEJM2018	solid media	LJ	proportion method			R	MEDIUM
3.4.0	DST_MEASUREMENTS	dst_measurements:ca6c4ba857fa4a19	STM	STREPTOMYCIN	CHEBI:17076	UCSJYZPVAKXKNQ-HZYVHMACSA-N				115	115		NEJM2018	solid media	LJ	proportion method			S	MEDIUM
3.4.0	DST_MEASUREMENTS	dst_measurements:f3f311f695da43da	STM	STREPTOMYCIN	CHEBI:17076	UCSJYZPVAKXKNQ-HZYVHMACSA-N				481	481		NEJM2018	solid media	LJ	resistance ratio			R	MEDIUM
3.4.0	DST_MEASUREMENTS	dst_measurements:e736e4179a295a54	STM	STREPTOMYCIN	CHEBI:17076	UCSJYZPVAKXKNQ-HZYVHMACSA-N				370	370		NEJM2018	solid media	LJ	resistance ratio			S	MEDIUM
3.4.0	DST_MEASUREMENTS	dst_measurements:e0aecb189bf65a20	STM	STREPTOMYCIN	CHEBI:17076	UCSJYZPVAKXKNQ-HZYVHMACSA-N				124	124		NEJM2018	solid media	middlebrook	7H10			R	MEDIUM
3.4.0	DST_MEASUREMENTS	dst_measurements:e7369cb6eb790fa4	STM	STREPTOMYCIN	CHEBI:17076	UCSJYZPVAKXKNQ-HZYVHMACSA-N				128	128		NEJM2018	solid media	middlebrook	7H10			S	MEDIUM
3.4.0	DST_MEASUREMENTS	dst_measurements:9d5df01a099839e1	STM	STREPTOMYCIN	CHEBI:17076	UCSJYZPVAKXKNQ-HZYVHMACSA-N				81	81		NEJM2018	solid media	middlebrook	proportion method			R	MEDIUM
3.4.0	DST_MEASUREMENTS	dst_measurements:c8055b62b75e6b30	STM	STREPTOMYCIN	CHEBI:17076	UCSJYZPVAKXKNQ-HZYVHMACSA-N				78	78		NEJM2018	solid media	middlebrook	proportion method			S	MEDIUM
3.4.0	DST_MEASUREMENTS	dst_measurements:6ea251f4dc7ba763	STM	STREPTOMYCIN	CHEBI:17076	UCSJYZPVAKXKNQ-HZYVHMACSA-N				25	25		PHE2019	solid media	LJ	resistance ratio	WHO		R	MEDIUM
3.4.0	DST_MEASUREMENTS	dst_measurements:ec64939426e33e34	STM	STREPTOMYCIN	CHEBI:17076	UCSJYZPVAKXKNQ-HZYVHMACSA-N				138	138		PHE2019	solid media	LJ	resistance ratio	WHO		S	MEDIUM
3.4.0	DST_MEASUREMENTS	dst_measurements:989e442acc7476f3	STM	STREPTOMYCIN	CHEBI:17076	UCSJYZPVAKXKNQ-HZYVHMACSA-N				6	6		SEQTREAT2020	liquid media	MGIT	BACTEC460	2.0		R	MEDIUM
3.4.0	DST_MEASUREMENTS	dst_measurements:aa532f4a21a04d24	STM	STREPTOMYCIN	CHEBI:17076	UCSJYZPVAKXKNQ-HZYVHMACSA-N				65	65		SEQTREAT2020	liquid media	MGIT	BACTEC460	2.0		S	MEDIUM
3.4.0	DST_MEASUREMENTS	dst_measurements:f2007722052bcc87	STM	STREPTOMYCIN	CHEBI:17076	UCSJYZPVAKXKNQ-HZYVHMACSA-N				835	835		SEQTREAT2020	liquid media	MGIT	MGIT960	1.0		R	MEDIUM
3.4.0	DST_MEASUREMENTS	dst_measurements:e5381e31c7127cd2	STM	STREPTOMYCIN	CHEBI:17076	UCSJYZPVAKXKNQ-HZYVHMACSA-N				2766	2766		SEQTREAT2020	liquid media	MGIT	MGIT960	1.0		S	MEDIUM
3.4.0	DST_MEASUREMENTS	dst_measurements:ad3a874ccd65f6c8	STM	STREPTOMYCIN	CHEBI:17076	UCSJYZPVAKXKNQ-HZYVHMACSA-N				116	116		SEQTREAT2020	liquid media	MGIT	MGIT960	1.0		U	MEDIUM
3.4.0	DST_MEASUREMENTS	dst_measurements:7c628c8206af3feb	STM	STREPTOMYCIN	CHEBI:17076	UCSJYZPVAKXKNQ-HZYVHMACSA-N				19	19		SEQTREAT2020	liquid media	MGIT	MGIT960	4.0		R	MEDIUM
3.4.0	DST_MEASUREMENTS	dst_measurements:ffb127a0a3449edc	STM	STREPTOMYCIN	CHEBI:17076	UCSJYZPVAKXKNQ-HZYVHMACSA-N				3	3		SEQTREAT2020	liquid media	MGIT	MGIT960	4.0		S	MEDIUM
3.4.0	DST_MEASUREMENTS	dst_measurements:aa4f12b5b74e43e3	STM	STREPTOMYCIN	CHEBI:17076	UCSJYZPVAKXKNQ-HZYVHMACSA-N				442	442		SEQTREAT2020	liquid media	MGIT	MGIT960	4.0		U	MEDIUM
3.4.0	DST_MEASUREMENTS	dst_measurements:37101f8712408ce5	STM	STREPTOMYCIN	CHEBI:17076	UCSJYZPVAKXKNQ-HZYVHMACSA-N				358	358		SEQTREAT2020	liquid media	MGIT	MGIT960	WHO		R	MEDIUM
3.4.0	DST_MEASUREMENTS	dst_measurements:b0cb3663844568cc	STM	STREPTOMYCIN	CHEBI:17076	UCSJYZPVAKXKNQ-HZYVHMACSA-N				226	226		SEQTREAT2020	liquid media	MGIT	MGIT960	WHO		S	MEDIUM
3.4.0	DST_MEASUREMENTS	dst_measurements:4fe6fa9af5080146	STM	STREPTOMYCIN	CHEBI:17076	UCSJYZPVAKXKNQ-HZYVHMACSA-N				172	172		SEQTREAT2020	liquid media	MGIT	MGIT960	WHO		U	MEDIUM
3.4.0	DST_MEASUREMENTS	dst_measurements:a37ebedc284ee9a2	STM	STREPTOMYCIN	CHEBI:17076	UCSJYZPVAKXKNQ-HZYVHMACSA-N				858	858		SEQTREAT2020	liquid media	MGIT		WHO		R	MEDIUM
3.4.0	DST_MEASUREMENTS	dst_measurements:7b2a4e61a3b9f00b	STM	STREPTOMYCIN	CHEBI:17076	UCSJYZPVAKXKNQ-HZYVHMACSA-N				113	113		SEQTREAT2020	liquid media	MGIT		WHO		S	MEDIUM
3.4.0	DST_MEASUREMENTS	dst_measurements:06fb0032c578de89	STM	STREPTOMYCIN	CHEBI:17076	UCSJYZPVAKXKNQ-HZYVHMACSA-N				509	509		SEQTREAT2020	liquid media	MGIT		WHO		U	MEDIUM
3.4.0	DST_MEASUREMENTS	dst_measurements:c1e58ccdf70ac927	STM	STREPTOMYCIN	CHEBI:17076	UCSJYZPVAKXKNQ-HZYVHMACSA-N	0.5		mg/L	22	22		SEQTREAT2020	liquid media	microdilution plate	MYCOTB		0.5		MEDIUM
3.4.0	DST_MEASUREMENTS	dst_measurements:e2166ff1184ed5d4	STM	STREPTOMYCIN	CHEBI:17076	UCSJYZPVAKXKNQ-HZYVHMACSA-N	1.0		mg/L	6	6		SEQTREAT2020	liquid media	microdilution plate	MYCOTB		1.0		MEDIUM
3.4.0	DST_MEASUREMENTS	dst_measurements:1386bcc7ca07423a	STM	STREPTOMYCIN	CHEBI:17076	UCSJYZPVAKXKNQ-HZYVHMACSA-N	16.0		mg/L	4	4		SEQTREAT2020	liquid media	microdilution plate	MYCOTB		16.0		MEDIUM
3.4.0	DST_MEASUREMENTS	dst_measurements:6269959ac3099fb8	STM	STREPTOMYCIN	CHEBI:17076	UCSJYZPVAKXKNQ-HZYVHMACSA-N	2.0		mg/L	6	6		SEQTREAT2020	liquid media	microdilution plate	MYCOTB		2.0		MEDIUM
3.4.0	DST_MEASUREMENTS	dst_measurements:aa699c58989f55eb	STM	STREPTOMYCIN	CHEBI:17076	UCSJYZPVAKXKNQ-HZYVHMACSA-N	32.0		mg/L	2	2		SEQTREAT2020	liquid media	microdilution plate	MYCOTB		32.0		MEDIUM
3.4.0	DST_MEASUREMENTS	dst_measurements:eb750d34aabe7402	STM	STREPTOMYCIN	CHEBI:17076	UCSJYZPVAKXKNQ-HZYVHMACSA-N	4.0		mg/L	8	8		SEQTREAT2020	liquid media	microdilution plate	MYCOTB		4.0		MEDIUM
3.4.0	DST_MEASUREMENTS	dst_measurements:b7b567e111112fda	STM	STREPTOMYCIN	CHEBI:17076	UCSJYZPVAKXKNQ-HZYVHMACSA-N	8.0		mg/L	2	2		SEQTREAT2020	liquid media	microdilution plate	MYCOTB		8.0		MEDIUM
3.4.0	DST_MEASUREMENTS	dst_measurements:f12f2df9555b8c4a	STM	STREPTOMYCIN	CHEBI:17076	UCSJYZPVAKXKNQ-HZYVHMACSA-N	0.25	<=	mg/L	27	27		SEQTREAT2020	liquid media	microdilution plate	MYCOTB		<=0.25		MEDIUM
3.4.0	DST_MEASUREMENTS	dst_measurements:e8a074d375ef6599	STM	STREPTOMYCIN	CHEBI:17076	UCSJYZPVAKXKNQ-HZYVHMACSA-N	32	>	mg/L	43	43		SEQTREAT2020	liquid media	microdilution plate	MYCOTB		>32		MEDIUM
3.4.0	DST_MEASUREMENTS	dst_measurements:75d29efc1d8051c0	STM	STREPTOMYCIN	CHEBI:17076	UCSJYZPVAKXKNQ-HZYVHMACSA-N				20	20		SEQTREAT2020	liquid media	microdilution plate	UKMYC5			U	MEDIUM
3.4.0	DST_MEASUREMENTS	dst_measurements:2923de574af6d1c3	STM	STREPTOMYCIN	CHEBI:17076	UCSJYZPVAKXKNQ-HZYVHMACSA-N				40	40		SEQTREAT2020	not specified					R	MEDIUM
3.4.0	DST_MEASUREMENTS	dst_measurements:b332b05f3e05844f	STM	STREPTOMYCIN	CHEBI:17076	UCSJYZPVAKXKNQ-HZYVHMACSA-N				444	444		SEQTREAT2020	not specified					S	MEDIUM
3.4.0	DST_MEASUREMENTS	dst_measurements:75e5bbdd8db7e114	STM	STREPTOMYCIN	CHEBI:17076	UCSJYZPVAKXKNQ-HZYVHMACSA-N				76	76		SEQTREAT2020	not specified					U	MEDIUM
3.4.0	DST_MEASUREMENTS	dst_measurements:1848fcb62c66fd88	STM	STREPTOMYCIN	CHEBI:17076	UCSJYZPVAKXKNQ-HZYVHMACSA-N				96	96		SEQTREAT2020	solid media	LJ		WHO		R	MEDIUM
3.4.0	DST_MEASUREMENTS	dst_measurements:3a85dbe3ddb3cab4	STM	STREPTOMYCIN	CHEBI:17076	UCSJYZPVAKXKNQ-HZYVHMACSA-N				29	29		SEQTREAT2020	solid media	LJ		WHO		S	MEDIUM
3.4.0	DST_MEASUREMENTS	dst_measurements:d801f1b4c12fbda4	STM	STREPTOMYCIN	CHEBI:17076	UCSJYZPVAKXKNQ-HZYVHMACSA-N				53	53		SEQTREAT2020	solid media	LJ		WHO		U	MEDIUM
3.4.0	DST_MEASUREMENTS	dst_measurements:59efc3464829a41a	STM	STREPTOMYCIN	CHEBI:17076	UCSJYZPVAKXKNQ-HZYVHMACSA-N				136	136		SEQTREAT2020	solid media	middlebrook	7H10	2.0		R	MEDIUM
3.4.0	DST_MEASUREMENTS	dst_measurements:391440c85231b6cb	STM	STREPTOMYCIN	CHEBI:17076	UCSJYZPVAKXKNQ-HZYVHMACSA-N				102	102		SEQTREAT2020	solid media	middlebrook	7H10	2.0		S	MEDIUM
3.4.0	DST_MEASUREMENTS	dst_measurements:86f59b1490ab58a1	STM	STREPTOMYCIN	CHEBI:17076	UCSJYZPVAKXKNQ-HZYVHMACSA-N				336	336		SEQTREAT2020	solid media	middlebrook	7H10	UK		R	MEDIUM
3.4.0	DST_MEASUREMENTS	dst_measurements:4901781e7ec906f0	STM	STREPTOMYCIN	CHEBI:17076	UCSJYZPVAKXKNQ-HZYVHMACSA-N				22	22		SEQTREAT2020	solid media	middlebrook		10.0		R	MEDIUM
3.4.0	DST_MEASUREMENTS	dst_measurements:720d2f94dd382ca7	STM	STREPTOMYCIN	CHEBI:17076	UCSJYZPVAKXKNQ-HZYVHMACSA-N				55	55		SEQTREAT2020	solid media	middlebrook		10.0		S	MEDIUM
3.4.0	DST_MEASUREMENTS	dst_measurements:e82d43223471f772	STM	STREPTOMYCIN	CHEBI:17076	UCSJYZPVAKXKNQ-HZYVHMACSA-N				7	7		SEQTREAT2020	solid media	middlebrook		10.0		U	MEDIUM
3.4.0	DST_MEASUREMENTS	dst_measurements:1cacee3866945f86	STM	STREPTOMYCIN	CHEBI:17076	UCSJYZPVAKXKNQ-HZYVHMACSA-N				29	29		SEQTREAT2020	solid media	middlebrook		2.0		R	MEDIUM
3.4.0	DST_MEASUREMENTS	dst_measurements:98d733228f9fd92e	STM	STREPTOMYCIN	CHEBI:17076	UCSJYZPVAKXKNQ-HZYVHMACSA-N				48	48		SEQTREAT2020	solid media	middlebrook		2.0		S	MEDIUM
3.4.0	DST_MEASUREMENTS	dst_measurements:427b1ca6ca12da5d	STM	STREPTOMYCIN	CHEBI:17076	UCSJYZPVAKXKNQ-HZYVHMACSA-N				7	7		SEQTREAT2020	solid media	middlebrook		2.0		U	MEDIUM
3.4.0	DST_MEASUREMENTS	dst_measurements:384d6a9be8268d61	STM	STREPTOMYCIN	CHEBI:17076	UCSJYZPVAKXKNQ-HZYVHMACSA-N				108	108		WHO2019	liquid media	MGIT	MGIT960	WHO		R	MEDIUM
3.4.0	DST_MEASUREMENTS	dst_measurements:69c2f9d933632a47	STM	STREPTOMYCIN	CHEBI:17076	UCSJYZPVAKXKNQ-HZYVHMACSA-N				66	66		WHO2019	liquid media	MGIT	MGIT960	WHO		S	MEDIUM
3.4.0	DST_MEASUREMENTS	dst_measurements:298cb7ec4e38d4e7	STM	STREPTOMYCIN	CHEBI:17076	UCSJYZPVAKXKNQ-HZYVHMACSA-N				648	648		WHO2019	solid media	LJ		WHO		R	MEDIUM
3.4.0	DST_MEASUREMENTS	dst_measurements:7cc06210c0e477d1	STM	STREPTOMYCIN	CHEBI:17076	UCSJYZPVAKXKNQ-HZYVHMACSA-N				1420	1420		WHO2019	solid media	LJ		WHO		S	MEDIUM
3.4.0	DST_MEASUREMENTS	dst_measurements:ad04fdb05e0e7a79	STX	SITAFLOXACIN	CHEBI:4304	PNUZDKCDAWUEGK-CYZMBNFOSA-N	0.0312		mg/L	7	7		SEQTREAT2020	liquid media	microdilution plate	colourmetric		0.0312		MEDIUM
3.4.0	DST_MEASUREMENTS	dst_measurements:8e262c515b9aeffb	STX	SITAFLOXACIN	CHEBI:4304	PNUZDKCDAWUEGK-CYZMBNFOSA-N	0.0625		mg/L	5	5		SEQTREAT2020	liquid media	microdilution plate	colourmetric		0.0625		MEDIUM
3.4.0	DST_MEASUREMENTS	dst_measurements:3580b3aaeaeb6163	STX	SITAFLOXACIN	CHEBI:4304	PNUZDKCDAWUEGK-CYZMBNFOSA-N	0.125		mg/L	6	6		SEQTREAT2020	liquid media	microdilution plate	colourmetric		0.125		MEDIUM
3.4.0	DST_MEASUREMENTS	dst_measurements:20e267f9c175aaeb	STX	SITAFLOXACIN	CHEBI:4304	PNUZDKCDAWUEGK-CYZMBNFOSA-N	0.25		mg/L	13	13		SEQTREAT2020	liquid media	microdilution plate	colourmetric		0.25		MEDIUM
3.4.0	DST_MEASUREMENTS	dst_measurements:477a610b089bf8f9	STX	SITAFLOXACIN	CHEBI:4304	PNUZDKCDAWUEGK-CYZMBNFOSA-N	0.5		mg/L	5	5		SEQTREAT2020	liquid media	microdilution plate	colourmetric		0.5		MEDIUM
3.4.0	DST_MEASUREMENTS	dst_measurements:7571dc008555871e	STX	SITAFLOXACIN	CHEBI:4304	PNUZDKCDAWUEGK-CYZMBNFOSA-N				36	36		SEQTREAT2020	solid media	middlebrook	7H10	2.0		S	MEDIUM
3.4.0	DST_MEASUREMENTS	dst_measurements:63b184ae5799038b	TZE	THIOACETAZONE	CHEBI:134958	SRVJKTDHMYAMHA-UHFFFAOYSA-N				68	68		KMVALIDATION2025	not specified					R	MEDIUM
3.4.0	UKMYC_PHENOTYPES	ukmyc_phenotypes:786a1ac445a52384	AMI	AMIKACIN	CHEBI:2637	LKCWBDHBTVXHDL-RMDFUYIESA-N	0.5		mg/L	332	332	8									UKMYC5	false	HIGH	14	VZ	BB,TM AGREE	0.5	-1.0	S
3.4.0	UKMYC_PHENOTYPES	ukmyc_phenotypes:6bd7cb1d4d3f452b	AMI	AMIKACIN	CHEBI:2637	LKCWBDHBTVXHDL-RMDFUYIESA-N	1.0		mg/L	39	39	7									UKMYC5	false	HIGH	14	VZ	BB,TM AGREE	1.0	0.0	S
3.4.0	UKMYC_PHENOTYPES	ukmyc_phenotypes:9115f37326eaf538	AMI	AMIKACIN	CHEBI:2637	LKCWBDHBTVXHDL-RMDFUYIESA-N	2.0		mg/L	1	1	1									UKMYC5	false	HIGH	14	VZ	BB,TM AGREE	2.0	1.0	R
3.4.0	UKMYC_PHENOTYPES	ukmyc_phenotypes:558295347e142afc	AMI	AMIKACIN	CHEBI:2637	LKCWBDHBTVXHDL-RMDFUYIESA-N	4.0		mg/L	5	5	3									UKMYC5	false	HIGH	14	VZ	BB,TM AGREE	4.0	2.0	R
3.4.0	UKMYC_PHENOTYPES	ukmyc_phenotypes:c92f4474df8b19ea	AMI	AMIKACIN	CHEBI:2637	LKCWBDHBTVXHDL-RMDFUYIESA-N	8.0		mg/L	2	2	2									UKMYC5	false	HIGH	14	VZ	BB,TM AGREE	8.0	3.0	R
3.4.0	UKMYC_PHENOTYPES	ukmyc_phenotypes:a423dadb4d8c3478	AMI	AMIKACIN	CHEBI:2637	LKCWBDHBTVXHDL-RMDFUYIESA-N	0.25	<=	mg/L	197	197	7									UKMYC5	false	HIGH	14	VZ	BB,TM AGREE	<=0.25	-2.0	S
3.4.0	UKMYC_PHENOTYPES	ukmyc_phenotypes:fc34503f50d2c60b	AMI	AMIKACIN	CHEBI:2637	LKCWBDHBTVXHDL-RMDFUYIESA-N	8	>	mg/L	14	14	3									UKMYC5	false	HIGH	14	VZ	BB,TM AGREE	>8	4.0	R
3.4.0	UKMYC_PHENOTYPES	ukmyc_phenotypes:fb285d991ba70cc5	AMI	AMIKACIN	CHEBI:2637	LKCWBDHBTVXHDL-RMDFUYIESA-N				6	6	2									UKMYC5	false	HIGH	14	VZ	BB,TM AGREE
3.4.0	UKMYC_PHENOTYPES	ukmyc_phenotypes:e4a9fc1557c1488f	AMI	AMIKACIN	CHEBI:2637	LKCWBDHBTVXHDL-RMDFUYIESA-N	0.5		mg/L	49	49	7									UKMYC5	false	HIGH	14	VZ	VZ,BB AGREE	0.5	-1.0	S
3.4.0	UKMYC_PHENOTYPES	ukmyc_phenotypes:ade953a12fafcf6b	AMI	AMIKACIN	CHEBI:2637	LKCWBDHBTVXHDL-RMDFUYIESA-N	1.0		mg/L	25	25	2									UKMYC5	false	HIGH	14	VZ	VZ,BB AGREE	1.0	0.0	S
3.4.0	UKMYC_PHENOTYPES	ukmyc_phenotypes:fe802f3fc94f003f	AMI	AMIKACIN	CHEBI:2637	LKCWBDHBTVXHDL-RMDFUYIESA-N	2.0		mg/L	7	7	3									UKMYC5	false	HIGH	14	VZ	VZ,BB AGREE	2.0	1.0	R
3.4.0	UKMYC_PHENOTYPES	ukmyc_phenotypes:4bb0b0ea1d0baddc	AMI	AMIKACIN	CHEBI:2637	LKCWBDHBTVXHDL-RMDFUYIESA-N	4.0		mg/L	5	5	2									UKMYC5	false	HIGH	14	VZ	VZ,BB AGREE	4.0	2.0	R
3.4.0	UKMYC_PHENOTYPES	ukmyc_phenotypes:ce51988c94b18e99	AMI	AMIKACIN	CHEBI:2637	LKCWBDHBTVXHDL-RMDFUYIESA-N	8.0		mg/L	1	1	1									UKMYC5	false	HIGH	14	VZ	VZ,BB AGREE	8.0	3.0	R
3.4.0	UKMYC_PHENOTYPES	ukmyc_phenotypes:6024cc2b3f3a947c	AMI	AMIKACIN	CHEBI:2637	LKCWBDHBTVXHDL-RMDFUYIESA-N	0.25	<=	mg/L	256	256	6									UKMYC5	false	HIGH	14	VZ	VZ,BB AGREE	<=0.25	-2.0	S
3.4.0	UKMYC_PHENOTYPES	ukmyc_phenotypes:ff634a1e0c191d4e	AMI	AMIKACIN	CHEBI:2637	LKCWBDHBTVXHDL-RMDFUYIESA-N	8	>	mg/L	10	10	4									UKMYC5	false	HIGH	14	VZ	VZ,BB AGREE	>8	4.0	R
3.4.0	UKMYC_PHENOTYPES	ukmyc_phenotypes:95ad6a59d5dfe424	AMI	AMIKACIN	CHEBI:2637	LKCWBDHBTVXHDL-RMDFUYIESA-N				6	6	3									UKMYC5	false	HIGH	14	VZ	VZ,BB AGREE
3.4.0	UKMYC_PHENOTYPES	ukmyc_phenotypes:e1897b2747523b97	AMI	AMIKACIN	CHEBI:2637	LKCWBDHBTVXHDL-RMDFUYIESA-N	0.5		mg/L	911	911	8									UKMYC5	false	HIGH	14	VZ	VZ,TM AGREE	0.5	-1.0	S
3.4.0	UKMYC_PHENOTYPES	ukmyc_phenotypes:a0e0c1771f212716	AMI	AMIKACIN	CHEBI:2637	LKCWBDHBTVXHDL-RMDFUYIESA-N	1.0		mg/L	50	50	8									UKMYC5	false	HIGH	14	VZ	VZ,TM AGREE	1.0	0.0	S
3.4.0	UKMYC_PHENOTYPES	ukmyc_phenotypes:1f8ebe5760c83322	AMI	AMIKACIN	CHEBI:2637	LKCWBDHBTVXHDL-RMDFUYIESA-N	2.0		mg/L	10	10	5									UKMYC5	false	HIGH	14	VZ	VZ,TM AGREE	2.0	1.0	R
3.4.0	UKMYC_PHENOTYPES	ukmyc_phenotypes:373a359fcd0ffad6	AMI	AMIKACIN	CHEBI:2637	LKCWBDHBTVXHDL-RMDFUYIESA-N	4.0		mg/L	10	10	3									UKMYC5	false	HIGH	14	VZ	VZ,TM AGREE	4.0	2.0	R
3.4.0	UKMYC_PHENOTYPES	ukmyc_phenotypes:3806e461dc6d36f3	AMI	AMIKACIN	CHEBI:2637	LKCWBDHBTVXHDL-RMDFUYIESA-N	8.0		mg/L	14	14	2									UKMYC5	false	HIGH	14	VZ	VZ,TM AGREE	8.0	3.0	R
3.4.0	UKMYC_PHENOTYPES	ukmyc_phenotypes:a2d1588c2d39679a	AMI	AMIKACIN	CHEBI:2637	LKCWBDHBTVXHDL-RMDFUYIESA-N	0.25	<=	mg/L	2941	2941	7									UKMYC5	false	HIGH	14	VZ	VZ,TM AGREE	<=0.25	-2.0	S
3.4.0	UKMYC_PHENOTYPES	ukmyc_phenotypes:5ba6734957f05fa9	AMI	AMIKACIN	CHEBI:2637	LKCWBDHBTVXHDL-RMDFUYIESA-N	8	>	mg/L	332	332	7									UKMYC5	false	HIGH	14	VZ	VZ,TM AGREE	>8	4.0	R
3.4.0	UKMYC_PHENOTYPES	ukmyc_phenotypes:78c12c4881d350a0	AMI	AMIKACIN	CHEBI:2637	LKCWBDHBTVXHDL-RMDFUYIESA-N	0.5		mg/L	7	7	3									UKMYC5	false	HIGH	21	VZ	BB,TM AGREE	0.5	-1.0	S
3.4.0	UKMYC_PHENOTYPES	ukmyc_phenotypes:8af67cc7eeb44d9a	AMI	AMIKACIN	CHEBI:2637	LKCWBDHBTVXHDL-RMDFUYIESA-N	1.0		mg/L	2	2	2									UKMYC5	false	HIGH	21	VZ	BB,TM AGREE	1.0	0.0	S
3.4.0	UKMYC_PHENOTYPES	ukmyc_phenotypes:481219d161c955ae	AMI	AMIKACIN	CHEBI:2637	LKCWBDHBTVXHDL-RMDFUYIESA-N	8.0		mg/L	1	1	1									UKMYC5	false	HIGH	21	VZ	BB,TM AGREE	8.0	3.0	R
3.4.0	UKMYC_PHENOTYPES	ukmyc_phenotypes:db018ee3e78b480a	AMI	AMIKACIN	CHEBI:2637	LKCWBDHBTVXHDL-RMDFUYIESA-N	0.25	<=	mg/L	3	3	2									UKMYC5	false	HIGH	21	VZ	BB,TM AGREE	<=0.25	-2.0	S
3.4.0	UKMYC_PHENOTYPES	ukmyc_phenotypes:d19746a288a7f5f6	AMI	AMIKACIN	CHEBI:2637	LKCWBDHBTVXHDL-RMDFUYIESA-N	8	>	mg/L	3	3	2									UKMYC5	false	HIGH	21	VZ	BB,TM AGREE	>8	4.0	R
3.4.0	UKMYC_PHENOTYPES	ukmyc_phenotypes:4cd7e85a57151b20	AMI	AMIKACIN	CHEBI:2637	LKCWBDHBTVXHDL-RMDFUYIESA-N	0.25	<=	mg/L	6	6	3									UKMYC5	false	HIGH	21	VZ	VZ,BB AGREE	<=0.25	-2.0	S
3.4.0	UKMYC_PHENOTYPES	ukmyc_phenotypes:90015b5242c7edd8	AMI	AMIKACIN	CHEBI:2637	LKCWBDHBTVXHDL-RMDFUYIESA-N	0.5		mg/L	24	24	4									UKMYC5	false	HIGH	21	VZ	VZ,TM AGREE	0.5	-1.0	S
3.4.0	UKMYC_PHENOTYPES	ukmyc_phenotypes:7cee67c2bc9b0ecc	AMI	AMIKACIN	CHEBI:2637	LKCWBDHBTVXHDL-RMDFUYIESA-N	1.0		mg/L	1	1	1									UKMYC5	false	HIGH	21	VZ	VZ,TM AGREE	1.0	0.0	S
3.4.0	UKMYC_PHENOTYPES	ukmyc_phenotypes:9e444fbdb44caf48	AMI	AMIKACIN	CHEBI:2637	LKCWBDHBTVXHDL-RMDFUYIESA-N	0.25	<=	mg/L	59	59	5									UKMYC5	false	HIGH	21	VZ	VZ,TM AGREE	<=0.25	-2.0	S
3.4.0	UKMYC_PHENOTYPES	ukmyc_phenotypes:4dc3e60f2b444f8f	AMI	AMIKACIN	CHEBI:2637	LKCWBDHBTVXHDL-RMDFUYIESA-N	8	>	mg/L	7	7	5									UKMYC5	false	HIGH	21	VZ	VZ,TM AGREE	>8	4.0	R
3.4.0	UKMYC_PHENOTYPES	ukmyc_phenotypes:e80cba37be19be0c	AMI	AMIKACIN	CHEBI:2637	LKCWBDHBTVXHDL-RMDFUYIESA-N	0.5		mg/L	92	92	8									UKMYC5	false	LOW	14	VZ	ALL DISAGREE	0.5	-1.0	S
3.4.0	UKMYC_PHENOTYPES	ukmyc_phenotypes:25bf2dfe48bd42b5	AMI	AMIKACIN	CHEBI:2637	LKCWBDHBTVXHDL-RMDFUYIESA-N	1.0		mg/L	38	38	5									UKMYC5	false	LOW	14	VZ	ALL DISAGREE	1.0	0.0	S
3.4.0	UKMYC_PHENOTYPES	ukmyc_phenotypes:e11b4360fd5ad8af	AMI	AMIKACIN	CHEBI:2637	LKCWBDHBTVXHDL-RMDFUYIESA-N	2.0		mg/L	17	17	5									UKMYC5	false	LOW	14	VZ	ALL DISAGREE	2.0	1.0	R
3.4.0	UKMYC_PHENOTYPES	ukmyc_phenotypes:7fb804dc65ca12ce	AMI	AMIKACIN	CHEBI:2637	LKCWBDHBTVXHDL-RMDFUYIESA-N	4.0		mg/L	9	9	2									UKMYC5	false	LOW	14	VZ	ALL DISAGREE	4.0	2.0	R
3.4.0	UKMYC_PHENOTYPES	ukmyc_phenotypes:0269a5a189477a33	AMI	AMIKACIN	CHEBI:2637	LKCWBDHBTVXHDL-RMDFUYIESA-N	8.0		mg/L	4	4	3									UKMYC5	false	LOW	14	VZ	ALL DISAGREE	8.0	3.0	R
3.4.0	UKMYC_PHENOTYPES	ukmyc_phenotypes:7c55c09fbef5fa00	AMI	AMIKACIN	CHEBI:2637	LKCWBDHBTVXHDL-RMDFUYIESA-N	0.25	<=	mg/L	326	326	7									UKMYC5	false	LOW	14	VZ	ALL DISAGREE	<=0.25	-2.0	S
3.4.0	UKMYC_PHENOTYPES	ukmyc_phenotypes:af9dcc16dcf28ed6	AMI	AMIKACIN	CHEBI:2637	LKCWBDHBTVXHDL-RMDFUYIESA-N	8	>	mg/L	6	6	3									UKMYC5	false	LOW	14	VZ	ALL DISAGREE	>8	4.0	R
3.4.0	UKMYC_PHENOTYPES	ukmyc_phenotypes:1e2d721e1493266b	AMI	AMIKACIN	CHEBI:2637	LKCWBDHBTVXHDL-RMDFUYIESA-N				12	12	1									UKMYC5	false	LOW	14	VZ	ALL DISAGREE
3.4.0	UKMYC_PHENOTYPES	ukmyc_phenotypes:be00bb890e29e3b9	AMI	AMIKACIN	CHEBI:2637	LKCWBDHBTVXHDL-RMDFUYIESA-N	0.5		mg/L	1	1	1									UKMYC5	false	LOW	21	VZ	ALL DISAGREE	0.5	-1.0	S
3.4.0	UKMYC_PHENOTYPES	ukmyc_phenotypes:a15549b3e1a67cc3	AMI	AMIKACIN	CHEBI:2637	LKCWBDHBTVXHDL-RMDFUYIESA-N	0.25	<=	mg/L	19	19	3									UKMYC5	false	LOW	21	VZ	ALL DISAGREE	<=0.25	-2.0	S
3.4.0	UKMYC_PHENOTYPES	ukmyc_phenotypes:13191700a2a78870	AMI	AMIKACIN	CHEBI:2637	LKCWBDHBTVXHDL-RMDFUYIESA-N				1	1	1									UKMYC5	false	LOW	21	VZ	ALL DISAGREE
3.4.0	UKMYC_PHENOTYPES	ukmyc_phenotypes:e5b4092d5eef62c4	AMI	AMIKACIN	CHEBI:2637	LKCWBDHBTVXHDL-RMDFUYIESA-N				80	80	1									UKMYC5	false	MEDIUM	10	VZ	VZ ONLY
3.4.0	UKMYC_PHENOTYPES	ukmyc_phenotypes:7508599627f56137	AMI	AMIKACIN	CHEBI:2637	LKCWBDHBTVXHDL-RMDFUYIESA-N	0.25	<=	mg/L	1	1	1									UKMYC5	false	MEDIUM	14	VZ	BB RUNNING	<=0.25	-2.0	S
3.4.0	UKMYC_PHENOTYPES	ukmyc_phenotypes:975f7cb35d212956	AMI	AMIKACIN	CHEBI:2637	LKCWBDHBTVXHDL-RMDFUYIESA-N				1	1	1									UKMYC5	false	MEDIUM	14	VZ	BB RUNNING
3.4.0	UKMYC_PHENOTYPES	ukmyc_phenotypes:8663d09e0704246e	AMI	AMIKACIN	CHEBI:2637	LKCWBDHBTVXHDL-RMDFUYIESA-N	0.5		mg/L	300	300	5									UKMYC5	false	MEDIUM	14	VZ	VZ ONLY	0.5	-1.0	S
3.4.0	UKMYC_PHENOTYPES	ukmyc_phenotypes:e9de958184e393d9	AMI	AMIKACIN	CHEBI:2637	LKCWBDHBTVXHDL-RMDFUYIESA-N	1.0		mg/L	29	29	3									UKMYC5	false	MEDIUM	14	VZ	VZ ONLY	1.0	0.0	S
3.4.0	UKMYC_PHENOTYPES	ukmyc_phenotypes:4d336826dc34729d	AMI	AMIKACIN	CHEBI:2637	LKCWBDHBTVXHDL-RMDFUYIESA-N	2.0		mg/L	8	8	2									UKMYC5	false	MEDIUM	14	VZ	VZ ONLY	2.0	1.0	R
3.4.0	UKMYC_PHENOTYPES	ukmyc_phenotypes:979378fac0e7d8e1	AMI	AMIKACIN	CHEBI:2637	LKCWBDHBTVXHDL-RMDFUYIESA-N	4.0		mg/L	2	2	1									UKMYC5	false	MEDIUM	14	VZ	VZ ONLY	4.0	2.0	R
3.4.0	UKMYC_PHENOTYPES	ukmyc_phenotypes:dc307c40e19db00a	AMI	AMIKACIN	CHEBI:2637	LKCWBDHBTVXHDL-RMDFUYIESA-N	8.0		mg/L	3	3	2									UKMYC5	false	MEDIUM	14	VZ	VZ ONLY	8.0	3.0	R
3.4.0	UKMYC_PHENOTYPES	ukmyc_phenotypes:bd4ce8ba45b7a596	AMI	AMIKACIN	CHEBI:2637	LKCWBDHBTVXHDL-RMDFUYIESA-N	0.25	<=	mg/L	648	648	7									UKMYC5	false	MEDIUM	14	VZ	VZ ONLY	<=0.25	-2.0	S
3.4.0	UKMYC_PHENOTYPES	ukmyc_phenotypes:f3caf7629a8f8e2f	AMI	AMIKACIN	CHEBI:2637	LKCWBDHBTVXHDL-RMDFUYIESA-N	8	>	mg/L	70	70	5									UKMYC5	false	MEDIUM	14	VZ	VZ ONLY	>8	4.0	R
3.4.0	UKMYC_PHENOTYPES	ukmyc_phenotypes:d6170bfc5cac76fc	AMI	AMIKACIN	CHEBI:2637	LKCWBDHBTVXHDL-RMDFUYIESA-N				23	23	3									UKMYC5	false	MEDIUM	14	VZ	VZ ONLY
3.4.0	UKMYC_PHENOTYPES	ukmyc_phenotypes:25a3a27a27adfdaf	AMI	AMIKACIN	CHEBI:2637	LKCWBDHBTVXHDL-RMDFUYIESA-N	0.5		mg/L	2	2	1									UKMYC5	false	MEDIUM	21	VZ	VZ ONLY	0.5	-1.0	S
3.4.0	UKMYC_PHENOTYPES	ukmyc_phenotypes:e0265168308d06a0	AMI	AMIKACIN	CHEBI:2637	LKCWBDHBTVXHDL-RMDFUYIESA-N	0.25	<=	mg/L	10	10	3									UKMYC5	false	MEDIUM	21	VZ	VZ ONLY	<=0.25	-2.0	S
3.4.0	UKMYC_PHENOTYPES	ukmyc_phenotypes:464f89c562944f9f	AMI	AMIKACIN	CHEBI:2637	LKCWBDHBTVXHDL-RMDFUYIESA-N	8	>	mg/L	1	1	1									UKMYC5	false	MEDIUM	21	VZ	VZ ONLY	>8	4.0	R
3.4.0	UKMYC_PHENOTYPES	ukmyc_phenotypes:f2789c625e33405f	AMI	AMIKACIN	CHEBI:2637	LKCWBDHBTVXHDL-RMDFUYIESA-N				2	2	1									UKMYC5	false	MEDIUM	21	VZ	VZ ONLY
3.4.0	UKMYC_PHENOTYPES	ukmyc_phenotypes:b0ae511c74c4612e	AMI	AMIKACIN	CHEBI:2637	LKCWBDHBTVXHDL-RMDFUYIESA-N	0.5		mg/L	260	260	8									UKMYC6	false	HIGH	14	VZ	BB,TM AGREE	0.5	-1.0	S
3.4.0	UKMYC_PHENOTYPES	ukmyc_phenotypes:a9a829b82c0d9858	AMI	AMIKACIN	CHEBI:2637	LKCWBDHBTVXHDL-RMDFUYIESA-N	1.0		mg/L	69	69	7									UKMYC6	false	HIGH	14	VZ	BB,TM AGREE	1.0	0.0	S
3.4.0	UKMYC_PHENOTYPES	ukmyc_phenotypes:a2fa41d468f0f489	AMI	AMIKACIN	CHEBI:2637	LKCWBDHBTVXHDL-RMDFUYIESA-N	16.0		mg/L	9	9	3									UKMYC6	false	HIGH	14	VZ	BB,TM AGREE	16.0	4.0	R
3.4.0	UKMYC_PHENOTYPES	ukmyc_phenotypes:d55cca3c38e3ba52	AMI	AMIKACIN	CHEBI:2637	LKCWBDHBTVXHDL-RMDFUYIESA-N	2.0		mg/L	8	8	4									UKMYC6	false	HIGH	14	VZ	BB,TM AGREE	2.0	1.0	R
3.4.0	UKMYC_PHENOTYPES	ukmyc_phenotypes:e3f4fc5d0c9cbef8	AMI	AMIKACIN	CHEBI:2637	LKCWBDHBTVXHDL-RMDFUYIESA-N	0.25	<=	mg/L	79	79	8									UKMYC6	false	HIGH	14	VZ	BB,TM AGREE	<=0.25	-2.0	S
3.4.0	UKMYC_PHENOTYPES	ukmyc_phenotypes:3a95bd1f288f001f	AMI	AMIKACIN	CHEBI:2637	LKCWBDHBTVXHDL-RMDFUYIESA-N	16	>	mg/L	176	176	7									UKMYC6	false	HIGH	14	VZ	BB,TM AGREE	>16	5.0	R
3.4.0	UKMYC_PHENOTYPES	ukmyc_phenotypes:ad7b03ead876e4cd	AMI	AMIKACIN	CHEBI:2637	LKCWBDHBTVXHDL-RMDFUYIESA-N				13	13	6									UKMYC6	false	HIGH	14	VZ	BB,TM AGREE
3.4.0	UKMYC_PHENOTYPES	ukmyc_phenotypes:53e9773e79115490	AMI	AMIKACIN	CHEBI:2637	LKCWBDHBTVXHDL-RMDFUYIESA-N	0.5		mg/L	84	84	8									UKMYC6	false	HIGH	14	VZ	VZ,BB AGREE	0.5	-1.0	S
3.4.0	UKMYC_PHENOTYPES	ukmyc_phenotypes:21f65b9c0783c21e	AMI	AMIKACIN	CHEBI:2637	LKCWBDHBTVXHDL-RMDFUYIESA-N	1.0		mg/L	9	9	5									UKMYC6	false	HIGH	14	VZ	VZ,BB AGREE	1.0	0.0	S
3.4.0	UKMYC_PHENOTYPES	ukmyc_phenotypes:450485a88a655080	AMI	AMIKACIN	CHEBI:2637	LKCWBDHBTVXHDL-RMDFUYIESA-N	16.0		mg/L	3	3	3									UKMYC6	false	HIGH	14	VZ	VZ,BB AGREE	16.0	4.0	R
3.4.0	UKMYC_PHENOTYPES	ukmyc_phenotypes:0d51f95c2c4fc088	AMI	AMIKACIN	CHEBI:2637	LKCWBDHBTVXHDL-RMDFUYIESA-N	2.0		mg/L	9	9	3									UKMYC6	false	HIGH	14	VZ	VZ,BB AGREE	2.0	1.0	R
3.4.0	UKMYC_PHENOTYPES	ukmyc_phenotypes:10721f2382797fd7	AMI	AMIKACIN	CHEBI:2637	LKCWBDHBTVXHDL-RMDFUYIESA-N	4.0		mg/L	4	4	3									UKMYC6	false	HIGH	14	VZ	VZ,BB AGREE	4.0	2.0	R
3.4.0	UKMYC_PHENOTYPES	ukmyc_phenotypes:01f9f1571a438176	AMI	AMIKACIN	CHEBI:2637	LKCWBDHBTVXHDL-RMDFUYIESA-N	0.25	<=	mg/L	171	171	7									UKMYC6	false	HIGH	14	VZ	VZ,BB AGREE	<=0.25	-2.0	S
3.4.0	UKMYC_PHENOTYPES	ukmyc_phenotypes:09d854435cc19483	AMI	AMIKACIN	CHEBI:2637	LKCWBDHBTVXHDL-RMDFUYIESA-N	16	>	mg/L	16	16	7									UKMYC6	false	HIGH	14	VZ	VZ,BB AGREE	>16	5.0	R
3.4.0	UKMYC_PHENOTYPES	ukmyc_phenotypes:16582b6b6e0aef79	AMI	AMIKACIN	CHEBI:2637	LKCWBDHBTVXHDL-RMDFUYIESA-N				11	11	3									UKMYC6	false	HIGH	14	VZ	VZ,BB AGREE
3.4.0	UKMYC_PHENOTYPES	ukmyc_phenotypes:5dfa61a95c1da91e	AMI	AMIKACIN	CHEBI:2637	LKCWBDHBTVXHDL-RMDFUYIESA-N	0.5		mg/L	3041	3041	12									UKMYC6	false	HIGH	14	VZ	VZ,TM AGREE	0.5	-1.0	S
3.4.0	UKMYC_PHENOTYPES	ukmyc_phenotypes:f6862b4aad0423d0	AMI	AMIKACIN	CHEBI:2637	LKCWBDHBTVXHDL-RMDFUYIESA-N	1.0		mg/L	440	440	10									UKMYC6	false	HIGH	14	VZ	VZ,TM AGREE	1.0	0.0	S
3.4.0	UKMYC_PHENOTYPES	ukmyc_phenotypes:91884976c64d554d	AMI	AMIKACIN	CHEBI:2637	LKCWBDHBTVXHDL-RMDFUYIESA-N	16.0		mg/L	32	32	5									UKMYC6	false	HIGH	14	VZ	VZ,TM AGREE	16.0	4.0	R
3.4.0	UKMYC_PHENOTYPES	ukmyc_phenotypes:b49f36b585b63911	AMI	AMIKACIN	CHEBI:2637	LKCWBDHBTVXHDL-RMDFUYIESA-N	2.0		mg/L	23	23	7									UKMYC6	false	HIGH	14	VZ	VZ,TM AGREE	2.0	1.0	R
3.4.0	UKMYC_PHENOTYPES	ukmyc_phenotypes:0000ba7d9182f5f1	AMI	AMIKACIN	CHEBI:2637	LKCWBDHBTVXHDL-RMDFUYIESA-N	4.0		mg/L	22	22	5									UKMYC6	false	HIGH	14	VZ	VZ,TM AGREE	4.0	2.0	R
3.4.0	UKMYC_PHENOTYPES	ukmyc_phenotypes:08839a0e86e5502e	AMI	AMIKACIN	CHEBI:2637	LKCWBDHBTVXHDL-RMDFUYIESA-N	8.0		mg/L	20	20	6									UKMYC6	false	HIGH	14	VZ	VZ,TM AGREE	8.0	3.0	R
3.4.0	UKMYC_PHENOTYPES	ukmyc_phenotypes:8c21fba6f1b08383	AMI	AMIKACIN	CHEBI:2637	LKCWBDHBTVXHDL-RMDFUYIESA-N	0.25	<=	mg/L	6184	6184	11									UKMYC6	false	HIGH	14	VZ	VZ,TM AGREE	<=0.25	-2.0	S
3.4.0	UKMYC_PHENOTYPES	ukmyc_phenotypes:75e50316f9f6c463	AMI	AMIKACIN	CHEBI:2637	LKCWBDHBTVXHDL-RMDFUYIESA-N	16	>	mg/L	257	257	8									UKMYC6	false	HIGH	14	VZ	VZ,TM AGREE	>16	5.0	R
3.4.0	UKMYC_PHENOTYPES	ukmyc_phenotypes:720d7922c8640456	AMI	AMIKACIN	CHEBI:2637	LKCWBDHBTVXHDL-RMDFUYIESA-N				5	5	3									UKMYC6	false	HIGH	14	VZ	VZ,TM AGREE
3.4.0	UKMYC_PHENOTYPES	ukmyc_phenotypes:aef7b1b1d85fbcea	AMI	AMIKACIN	CHEBI:2637	LKCWBDHBTVXHDL-RMDFUYIESA-N	0.5		mg/L	4	4	4									UKMYC6	false	HIGH	21	VZ	BB,TM AGREE	0.5	-1.0	S
3.4.0	UKMYC_PHENOTYPES	ukmyc_phenotypes:2caf27aa82e3d787	AMI	AMIKACIN	CHEBI:2637	LKCWBDHBTVXHDL-RMDFUYIESA-N	16.0		mg/L	3	3	1									UKMYC6	false	HIGH	21	VZ	BB,TM AGREE	16.0	4.0	R
3.4.0	UKMYC_PHENOTYPES	ukmyc_phenotypes:9c52cee37c83ff50	AMI	AMIKACIN	CHEBI:2637	LKCWBDHBTVXHDL-RMDFUYIESA-N	0.25	<=	mg/L	4	4	3									UKMYC6	false	HIGH	21	VZ	BB,TM AGREE	<=0.25	-2.0	S
3.4.0	UKMYC_PHENOTYPES	ukmyc_phenotypes:5d3b97e1dd64001b	AMI	AMIKACIN	CHEBI:2637	LKCWBDHBTVXHDL-RMDFUYIESA-N	16	>	mg/L	8	8	4									UKMYC6	false	HIGH	21	VZ	BB,TM AGREE	>16	5.0	R
3.4.0	UKMYC_PHENOTYPES	ukmyc_phenotypes:6af8aa6c407f1f48	AMI	AMIKACIN	CHEBI:2637	LKCWBDHBTVXHDL-RMDFUYIESA-N				1	1	1									UKMYC6	false	HIGH	21	VZ	BB,TM AGREE
3.4.0	UKMYC_PHENOTYPES	ukmyc_phenotypes:2093376c78d948f5	AMI	AMIKACIN	CHEBI:2637	LKCWBDHBTVXHDL-RMDFUYIESA-N	0.5		mg/L	1	1	1									UKMYC6	false	HIGH	21	VZ	VZ,BB AGREE	0.5	-1.0	S
3.4.0	UKMYC_PHENOTYPES	ukmyc_phenotypes:7ff8cf83ffba203e	AMI	AMIKACIN	CHEBI:2637	LKCWBDHBTVXHDL-RMDFUYIESA-N	16.0		mg/L	1	1	1									UKMYC6	false	HIGH	21	VZ	VZ,BB AGREE	16.0	4.0	R
3.4.0	UKMYC_PHENOTYPES	ukmyc_phenotypes:005c33ac2e4b746e	AMI	AMIKACIN	CHEBI:2637	LKCWBDHBTVXHDL-RMDFUYIESA-N	0.25	<=	mg/L	5	5	2									UKMYC6	false	HIGH	21	VZ	VZ,BB AGREE	<=0.25	-2.0	S
3.4.0	UKMYC_PHENOTYPES	ukmyc_phenotypes:3332a4d09679130f	AMI	AMIKACIN	CHEBI:2637	LKCWBDHBTVXHDL-RMDFUYIESA-N	16	>	mg/L	3	3	2									UKMYC6	false	HIGH	21	VZ	VZ,BB AGREE	>16	5.0	R
3.4.0	UKMYC_PHENOTYPES	ukmyc_phenotypes:a9686af511cb2af7	AMI	AMIKACIN	CHEBI:2637	LKCWBDHBTVXHDL-RMDFUYIESA-N				1	1	1									UKMYC6	false	HIGH	21	VZ	VZ,BB AGREE
3.4.0	UKMYC_PHENOTYPES	ukmyc_phenotypes:05c76580f43d328e	AMI	AMIKACIN	CHEBI:2637	LKCWBDHBTVXHDL-RMDFUYIESA-N	0.5		mg/L	322	322	8									UKMYC6	false	HIGH	21	VZ	VZ,TM AGREE	0.5	-1.0	S
3.4.0	UKMYC_PHENOTYPES	ukmyc_phenotypes:0440f4b7b1372c15	AMI	AMIKACIN	CHEBI:2637	LKCWBDHBTVXHDL-RMDFUYIESA-N	1.0		mg/L	24	24	5									UKMYC6	false	HIGH	21	VZ	VZ,TM AGREE	1.0	0.0	S
3.4.0	UKMYC_PHENOTYPES	ukmyc_phenotypes:f8d74af6935a3e50	AMI	AMIKACIN	CHEBI:2637	LKCWBDHBTVXHDL-RMDFUYIESA-N	16.0		mg/L	4	4	1									UKMYC6	false	HIGH	21	VZ	VZ,TM AGREE	16.0	4.0	R
3.4.0	UKMYC_PHENOTYPES	ukmyc_phenotypes:c179ba6403e0565b	AMI	AMIKACIN	CHEBI:2637	LKCWBDHBTVXHDL-RMDFUYIESA-N	2.0		mg/L	1	1	1									UKMYC6	false	HIGH	21	VZ	VZ,TM AGREE	2.0	1.0	R
3.4.0	UKMYC_PHENOTYPES	ukmyc_phenotypes:b1cd4ce43beb061b	AMI	AMIKACIN	CHEBI:2637	LKCWBDHBTVXHDL-RMDFUYIESA-N	0.25	<=	mg/L	540	540	8									UKMYC6	false	HIGH	21	VZ	VZ,TM AGREE	<=0.25	-2.0	S
3.4.0	UKMYC_PHENOTYPES	ukmyc_phenotypes:2ed6feb0761ebaf4	AMI	AMIKACIN	CHEBI:2637	LKCWBDHBTVXHDL-RMDFUYIESA-N	16	>	mg/L	7	7	4									UKMYC6	false	HIGH	21	VZ	VZ,TM AGREE	>16	5.0	R
3.4.0	UKMYC_PHENOTYPES	ukmyc_phenotypes:48cf864168b8369b	AMI	AMIKACIN	CHEBI:2637	LKCWBDHBTVXHDL-RMDFUYIESA-N	0.5		mg/L	575	575	9									UKMYC6	false	LOW	14	VZ	ALL DISAGREE	0.5	-1.0	S
3.4.0	UKMYC_PHENOTYPES	ukmyc_phenotypes:d8f4f43d7a8aec41	AMI	AMIKACIN	CHEBI:2637	LKCWBDHBTVXHDL-RMDFUYIESA-N	1.0		mg/L	109	109	9									UKMYC6	false	LOW	14	VZ	ALL DISAGREE	1.0	0.0	S
3.4.0	UKMYC_PHENOTYPES	ukmyc_phenotypes:ca2f8055c7a0e7c2	AMI	AMIKACIN	CHEBI:2637	LKCWBDHBTVXHDL-RMDFUYIESA-N	16.0		mg/L	22	22	4									UKMYC6	false	LOW	14	VZ	ALL DISAGREE	16.0	4.0	R
3.4.0	UKMYC_PHENOTYPES	ukmyc_phenotypes:811eb82811c562f0	AMI	AMIKACIN	CHEBI:2637	LKCWBDHBTVXHDL-RMDFUYIESA-N	2.0		mg/L	24	24	6									UKMYC6	false	LOW	14	VZ	ALL DISAGREE	2.0	1.0	R
3.4.0	UKMYC_PHENOTYPES	ukmyc_phenotypes:96fe3120d80d9211	AMI	AMIKACIN	CHEBI:2637	LKCWBDHBTVXHDL-RMDFUYIESA-N	4.0		mg/L	7	7	4									UKMYC6	false	LOW	14	VZ	ALL DISAGREE	4.0	2.0	R
3.4.0	UKMYC_PHENOTYPES	ukmyc_phenotypes:caedf7b12583d837	AMI	AMIKACIN	CHEBI:2637	LKCWBDHBTVXHDL-RMDFUYIESA-N	8.0		mg/L	12	12	5									UKMYC6	false	LOW	14	VZ	ALL DISAGREE	8.0	3.0	R
3.4.0	UKMYC_PHENOTYPES	ukmyc_phenotypes:891cd6ced2acef81	AMI	AMIKACIN	CHEBI:2637	LKCWBDHBTVXHDL-RMDFUYIESA-N	0.25	<=	mg/L	669	669	9									UKMYC6	false	LOW	14	VZ	ALL DISAGREE	<=0.25	-2.0	S
3.4.0	UKMYC_PHENOTYPES	ukmyc_phenotypes:82a2abd0060c501d	AMI	AMIKACIN	CHEBI:2637	LKCWBDHBTVXHDL-RMDFUYIESA-N	16	>	mg/L	4	4	2									UKMYC6	false	LOW	14	VZ	ALL DISAGREE	>16	5.0	R
3.4.0	UKMYC_PHENOTYPES	ukmyc_phenotypes:f91e35e9e1208a12	AMI	AMIKACIN	CHEBI:2637	LKCWBDHBTVXHDL-RMDFUYIESA-N				22	22	3									UKMYC6	false	LOW	14	VZ	ALL DISAGREE
3.4.0	UKMYC_PHENOTYPES	ukmyc_phenotypes:3c182f2a1833bb42	AMI	AMIKACIN	CHEBI:2637	LKCWBDHBTVXHDL-RMDFUYIESA-N	0.5		mg/L	21	21	4									UKMYC6	false	LOW	21	VZ	ALL DISAGREE	0.5	-1.0	S
3.4.0	UKMYC_PHENOTYPES	ukmyc_phenotypes:0e8dbd055449a3db	AMI	AMIKACIN	CHEBI:2637	LKCWBDHBTVXHDL-RMDFUYIESA-N	1.0		mg/L	4	4	3									UKMYC6	false	LOW	21	VZ	ALL DISAGREE	1.0	0.0	S
3.4.0	UKMYC_PHENOTYPES	ukmyc_phenotypes:9737a4aaa07ce943	AMI	AMIKACIN	CHEBI:2637	LKCWBDHBTVXHDL-RMDFUYIESA-N	2.0		mg/L	5	5	2									UKMYC6	false	LOW	21	VZ	ALL DISAGREE	2.0	1.0	R
3.4.0	UKMYC_PHENOTYPES	ukmyc_phenotypes:47a5b1b7e9202d02	AMI	AMIKACIN	CHEBI:2637	LKCWBDHBTVXHDL-RMDFUYIESA-N	8.0		mg/L	2	2	2									UKMYC6	false	LOW	21	VZ	ALL DISAGREE	8.0	3.0	R
3.4.0	UKMYC_PHENOTYPES	ukmyc_phenotypes:bab0153cefea7d37	AMI	AMIKACIN	CHEBI:2637	LKCWBDHBTVXHDL-RMDFUYIESA-N	0.25	<=	mg/L	61	61	6									UKMYC6	false	LOW	21	VZ	ALL DISAGREE	<=0.25	-2.0	S
3.4.0	UKMYC_PHENOTYPES	ukmyc_phenotypes:f971721327c1c218	AMI	AMIKACIN	CHEBI:2637	LKCWBDHBTVXHDL-RMDFUYIESA-N	16	>	mg/L	1	1	1									UKMYC6	false	LOW	21	VZ	ALL DISAGREE	>16	5.0	R
3.4.0	UKMYC_PHENOTYPES	ukmyc_phenotypes:f44e48502d94875b	AMI	AMIKACIN	CHEBI:2637	LKCWBDHBTVXHDL-RMDFUYIESA-N				4	4	1									UKMYC6	false	LOW	21	VZ	ALL DISAGREE
3.4.0	UKMYC_PHENOTYPES	ukmyc_phenotypes:3f8f2035c4a7f5e7	AMI	AMIKACIN	CHEBI:2637	LKCWBDHBTVXHDL-RMDFUYIESA-N	0.5		mg/L	30	30	1									UKMYC6	false	MEDIUM	14	MB	VZ ONLY	0.5	-1.0	S
3.4.0	UKMYC_PHENOTYPES	ukmyc_phenotypes:425b1c0a65c9ffd0	AMI	AMIKACIN	CHEBI:2637	LKCWBDHBTVXHDL-RMDFUYIESA-N	1.0		mg/L	10	10	1									UKMYC6	false	MEDIUM	14	MB	VZ ONLY	1.0	0.0	S
3.4.0	UKMYC_PHENOTYPES	ukmyc_phenotypes:8507aaa44c69c914	AMI	AMIKACIN	CHEBI:2637	LKCWBDHBTVXHDL-RMDFUYIESA-N	16.0		mg/L	2	2	1									UKMYC6	false	MEDIUM	14	MB	VZ ONLY	16.0	4.0	R
3.4.0	UKMYC_PHENOTYPES	ukmyc_phenotypes:2e4bf842d91cadb6	AMI	AMIKACIN	CHEBI:2637	LKCWBDHBTVXHDL-RMDFUYIESA-N	2.0		mg/L	2	2	1									UKMYC6	false	MEDIUM	14	MB	VZ ONLY	2.0	1.0	R
3.4.0	UKMYC_PHENOTYPES	ukmyc_phenotypes:505152d9f0ad0f48	AMI	AMIKACIN	CHEBI:2637	LKCWBDHBTVXHDL-RMDFUYIESA-N	0.25	<=	mg/L	11	11	1									UKMYC6	false	MEDIUM	14	MB	VZ ONLY	<=0.25	-2.0	S
3.4.0	UKMYC_PHENOTYPES	ukmyc_phenotypes:095361de7e73c77d	AMI	AMIKACIN	CHEBI:2637	LKCWBDHBTVXHDL-RMDFUYIESA-N	16	>	mg/L	6	6	1									UKMYC6	false	MEDIUM	14	MB	VZ ONLY	>16	5.0	R
3.4.0	UKMYC_PHENOTYPES	ukmyc_phenotypes:6d912167974272dc	AMI	AMIKACIN	CHEBI:2637	LKCWBDHBTVXHDL-RMDFUYIESA-N	0.5		mg/L	34	34	4									UKMYC6	false	MEDIUM	14	VZ	BB RUNNING	0.5	-1.0	S
3.4.0	UKMYC_PHENOTYPES	ukmyc_phenotypes:e1d8d502cc292363	AMI	AMIKACIN	CHEBI:2637	LKCWBDHBTVXHDL-RMDFUYIESA-N	1.0		mg/L	1	1	1									UKMYC6	false	MEDIUM	14	VZ	BB RUNNING	1.0	0.0	S
3.4.0	UKMYC_PHENOTYPES	ukmyc_phenotypes:fd5127e22a80978e	AMI	AMIKACIN	CHEBI:2637	LKCWBDHBTVXHDL-RMDFUYIESA-N	16.0		mg/L	1	1	1									UKMYC6	false	MEDIUM	14	VZ	BB RUNNING	16.0	4.0	R
3.4.0	UKMYC_PHENOTYPES	ukmyc_phenotypes:03042a6962d2a358	AMI	AMIKACIN	CHEBI:2637	LKCWBDHBTVXHDL-RMDFUYIESA-N	2.0		mg/L	4	4	2									UKMYC6	false	MEDIUM	14	VZ	BB RUNNING	2.0	1.0	R
3.4.0	UKMYC_PHENOTYPES	ukmyc_phenotypes:1834cf3e0acd2244	AMI	AMIKACIN	CHEBI:2637	LKCWBDHBTVXHDL-RMDFUYIESA-N	4.0		mg/L	2	2	2									UKMYC6	false	MEDIUM	14	VZ	BB RUNNING	4.0	2.0	R
3.4.0	UKMYC_PHENOTYPES	ukmyc_phenotypes:5e8c64844c44643d	AMI	AMIKACIN	CHEBI:2637	LKCWBDHBTVXHDL-RMDFUYIESA-N	0.25	<=	mg/L	293	293	5									UKMYC6	false	MEDIUM	14	VZ	BB RUNNING	<=0.25	-2.0	S
3.4.0	UKMYC_PHENOTYPES	ukmyc_phenotypes:1722d77779fe2b22	AMI	AMIKACIN	CHEBI:2637	LKCWBDHBTVXHDL-RMDFUYIESA-N				5	5	3									UKMYC6	false	MEDIUM	14	VZ	BB RUNNING
3.4.0	UKMYC_PHENOTYPES	ukmyc_phenotypes:c59b38a32b9352a7	AMI	AMIKACIN	CHEBI:2637	LKCWBDHBTVXHDL-RMDFUYIESA-N	0.5		mg/L	145	145	9									UKMYC6	false	MEDIUM	14	VZ	VZ ONLY	0.5	-1.0	S
3.4.0	UKMYC_PHENOTYPES	ukmyc_phenotypes:6fe11ba938bf31ac	AMI	AMIKACIN	CHEBI:2637	LKCWBDHBTVXHDL-RMDFUYIESA-N	1.0		mg/L	45	45	5									UKMYC6	false	MEDIUM	14	VZ	VZ ONLY	1.0	0.0	S
3.4.0	UKMYC_PHENOTYPES	ukmyc_phenotypes:e5322a495c5986f7	AMI	AMIKACIN	CHEBI:2637	LKCWBDHBTVXHDL-RMDFUYIESA-N	16.0		mg/L	18	18	3									UKMYC6	false	MEDIUM	14	VZ	VZ ONLY	16.0	4.0	R
3.4.0	UKMYC_PHENOTYPES	ukmyc_phenotypes:05d831440faefc62	AMI	AMIKACIN	CHEBI:2637	LKCWBDHBTVXHDL-RMDFUYIESA-N	2.0		mg/L	5	5	2									UKMYC6	false	MEDIUM	14	VZ	VZ ONLY	2.0	1.0	R
3.4.0	UKMYC_PHENOTYPES	ukmyc_phenotypes:2a71ca167d6435e3	AMI	AMIKACIN	CHEBI:2637	LKCWBDHBTVXHDL-RMDFUYIESA-N	4.0		mg/L	5	5	1									UKMYC6	false	MEDIUM	14	VZ	VZ ONLY	4.0	2.0	R
3.4.0	UKMYC_PHENOTYPES	ukmyc_phenotypes:739f08a560f8e6c7	AMI	AMIKACIN	CHEBI:2637	LKCWBDHBTVXHDL-RMDFUYIESA-N	8.0		mg/L	6	6	1									UKMYC6	false	MEDIUM	14	VZ	VZ ONLY	8.0	3.0	R
3.4.0	UKMYC_PHENOTYPES	ukmyc_phenotypes:fa7b7e97f398dd51	AMI	AMIKACIN	CHEBI:2637	LKCWBDHBTVXHDL-RMDFUYIESA-N	0.25	<=	mg/L	238	238	10									UKMYC6	false	MEDIUM	14	VZ	VZ ONLY	<=0.25	-2.0	S
3.4.0	UKMYC_PHENOTYPES	ukmyc_phenotypes:e2e6462c0016f07e	AMI	AMIKACIN	CHEBI:2637	LKCWBDHBTVXHDL-RMDFUYIESA-N	16	>	mg/L	71	71	5									UKMYC6	false	MEDIUM	14	VZ	VZ ONLY	>16	5.0	R
3.4.0	UKMYC_PHENOTYPES	ukmyc_phenotypes:ef4004a20d843424	AMI	AMIKACIN	CHEBI:2637	LKCWBDHBTVXHDL-RMDFUYIESA-N	0.5		mg/L	34	34	1									UKMYC6	false	MEDIUM	21	MB	VZ ONLY	0.5	-1.0	S
3.4.0	UKMYC_PHENOTYPES	ukmyc_phenotypes:194e47c8dd474741	AMI	AMIKACIN	CHEBI:2637	LKCWBDHBTVXHDL-RMDFUYIESA-N	1.0		mg/L	11	11	1									UKMYC6	false	MEDIUM	21	MB	VZ ONLY	1.0	0.0	S
3.4.0	UKMYC_PHENOTYPES	ukmyc_phenotypes:8f3067fc3cf577fa	AMI	AMIKACIN	CHEBI:2637	LKCWBDHBTVXHDL-RMDFUYIESA-N	2.0		mg/L	2	2	1									UKMYC6	false	MEDIUM	21	MB	VZ ONLY	2.0	1.0	R
3.4.0	UKMYC_PHENOTYPES	ukmyc_phenotypes:baef1983138f6210	AMI	AMIKACIN	CHEBI:2637	LKCWBDHBTVXHDL-RMDFUYIESA-N	0.25	<=	mg/L	5	5	1									UKMYC6	false	MEDIUM	21	MB	VZ ONLY	<=0.25	-2.0	S
3.4.0	UKMYC_PHENOTYPES	ukmyc_phenotypes:c1559d7ed73e3af8	AMI	AMIKACIN	CHEBI:2637	LKCWBDHBTVXHDL-RMDFUYIESA-N	16	>	mg/L	11	11	1									UKMYC6	false	MEDIUM	21	MB	VZ ONLY	>16	5.0	R
3.4.0	UKMYC_PHENOTYPES	ukmyc_phenotypes:69338a62f9abb2c0	AMI	AMIKACIN	CHEBI:2637	LKCWBDHBTVXHDL-RMDFUYIESA-N	0.5		mg/L	21	21	2									UKMYC6	false	MEDIUM	21	VZ	BB RUNNING	0.5	-1.0	S
3.4.0	UKMYC_PHENOTYPES	ukmyc_phenotypes:3b077c01c1a1f5cd	AMI	AMIKACIN	CHEBI:2637	LKCWBDHBTVXHDL-RMDFUYIESA-N	16.0		mg/L	1	1	1									UKMYC6	false	MEDIUM	21	VZ	BB RUNNING	16.0	4.0	R
3.4.0	UKMYC_PHENOTYPES	ukmyc_phenotypes:29dc6a2523825c52	AMI	AMIKACIN	CHEBI:2637	LKCWBDHBTVXHDL-RMDFUYIESA-N	0.25	<=	mg/L	32	32	3									UKMYC6	false	MEDIUM	21	VZ	BB RUNNING	<=0.25	-2.0	S
3.4.0	UKMYC_PHENOTYPES	ukmyc_phenotypes:abbe073ef1487761	AMI	AMIKACIN	CHEBI:2637	LKCWBDHBTVXHDL-RMDFUYIESA-N				16	16	1									UKMYC6	false	MEDIUM	21	VZ	BB RUNNING
3.4.0	UKMYC_PHENOTYPES	ukmyc_phenotypes:8066d00d7c8b8f45	AMI	AMIKACIN	CHEBI:2637	LKCWBDHBTVXHDL-RMDFUYIESA-N	0.5		mg/L	32	32	3									UKMYC6	false	MEDIUM	21	VZ	VZ ONLY	0.5	-1.0	S
3.4.0	UKMYC_PHENOTYPES	ukmyc_phenotypes:3bbe8240b2fe927d	AMI	AMIKACIN	CHEBI:2637	LKCWBDHBTVXHDL-RMDFUYIESA-N	1.0		mg/L	11	11	1									UKMYC6	false	MEDIUM	21	VZ	VZ ONLY	1.0	0.0	S
3.4.0	UKMYC_PHENOTYPES	ukmyc_phenotypes:f7a5e7db3f626f20	AMI	AMIKACIN	CHEBI:2637	LKCWBDHBTVXHDL-RMDFUYIESA-N	16.0		mg/L	3	3	2									UKMYC6	false	MEDIUM	21	VZ	VZ ONLY	16.0	4.0	R
3.4.0	UKMYC_PHENOTYPES	ukmyc_phenotypes:2f6620035a9a62ee	AMI	AMIKACIN	CHEBI:2637	LKCWBDHBTVXHDL-RMDFUYIESA-N	2.0		mg/L	5	5	1									UKMYC6	false	MEDIUM	21	VZ	VZ ONLY	2.0	1.0	R
3.4.0	UKMYC_PHENOTYPES	ukmyc_phenotypes:7deadc7d0ecf377f	AMI	AMIKACIN	CHEBI:2637	LKCWBDHBTVXHDL-RMDFUYIESA-N	8.0		mg/L	1	1	1									UKMYC6	false	MEDIUM	21	VZ	VZ ONLY	8.0	3.0	R
3.4.0	UKMYC_PHENOTYPES	ukmyc_phenotypes:efeeced9a2fbf037	AMI	AMIKACIN	CHEBI:2637	LKCWBDHBTVXHDL-RMDFUYIESA-N	0.25	<=	mg/L	92	92	6									UKMYC6	false	MEDIUM	21	VZ	VZ ONLY	<=0.25	-2.0	S
3.4.0	UKMYC_PHENOTYPES	ukmyc_phenotypes:8c81fad4638f50a0	AMI	AMIKACIN	CHEBI:2637	LKCWBDHBTVXHDL-RMDFUYIESA-N	16	>	mg/L	16	16	2									UKMYC6	false	MEDIUM	21	VZ	VZ ONLY	>16	5.0	R
3.4.0	UKMYC_PHENOTYPES	ukmyc_phenotypes:29317dbb0929abd5	AMI	AMIKACIN	CHEBI:2637	LKCWBDHBTVXHDL-RMDFUYIESA-N				1	1	1									UKMYC6	false	MEDIUM	21	VZ	VZ ONLY
3.4.0	UKMYC_PHENOTYPES	ukmyc_phenotypes:59ee62f25cac4c3e	BDQ	BEDAQUILINE	CHEBI:72292	QUIJNHUBAXPXFS-XLJNKUFUSA-N	0.03		mg/L	168	168	7									UKMYC5	false	HIGH	14	VZ	BB,TM AGREE	0.03	-5.06	S
3.4.0	UKMYC_PHENOTYPES	ukmyc_phenotypes:484a27af7ebefe9a	BDQ	BEDAQUILINE	CHEBI:72292	QUIJNHUBAXPXFS-XLJNKUFUSA-N	0.06		mg/L	236	236	7									UKMYC5	false	HIGH	14	VZ	BB,TM AGREE	0.06	-4.06	S
3.4.0	UKMYC_PHENOTYPES	ukmyc_phenotypes:5ac84f194c9f42e9	BDQ	BEDAQUILINE	CHEBI:72292	QUIJNHUBAXPXFS-XLJNKUFUSA-N	0.12		mg/L	82	82	7									UKMYC5	false	HIGH	14	VZ	BB,TM AGREE	0.12	-3.06	S
3.4.0	UKMYC_PHENOTYPES	ukmyc_phenotypes:669963d0e5a58cb4	BDQ	BEDAQUILINE	CHEBI:72292	QUIJNHUBAXPXFS-XLJNKUFUSA-N	0.25		mg/L	15	15	5									UKMYC5	false	HIGH	14	VZ	BB,TM AGREE	0.25	-2.0	S
3.4.0	UKMYC_PHENOTYPES	ukmyc_phenotypes:c65e42e9d2e9369d	BDQ	BEDAQUILINE	CHEBI:72292	QUIJNHUBAXPXFS-XLJNKUFUSA-N	0.5		mg/L	4	4	3									UKMYC5	false	HIGH	14	VZ	BB,TM AGREE	0.5	-1.0	R
3.4.0	UKMYC_PHENOTYPES	ukmyc_phenotypes:1c6e99531c3f766d	BDQ	BEDAQUILINE	CHEBI:72292	QUIJNHUBAXPXFS-XLJNKUFUSA-N	1.0		mg/L	1	1	1									UKMYC5	false	HIGH	14	VZ	BB,TM AGREE	1.0	0.0	R
3.4.0	UKMYC_PHENOTYPES	ukmyc_phenotypes:3d684d477067f90d	BDQ	BEDAQUILINE	CHEBI:72292	QUIJNHUBAXPXFS-XLJNKUFUSA-N	2.0		mg/L	2	2	2									UKMYC5	false	HIGH	14	VZ	BB,TM AGREE	2.0	1.0	R
3.4.0	UKMYC_PHENOTYPES	ukmyc_phenotypes:d8d457818416f395	BDQ	BEDAQUILINE	CHEBI:72292	QUIJNHUBAXPXFS-XLJNKUFUSA-N	0.015	<=	mg/L	125	125	7									UKMYC5	false	HIGH	14	VZ	BB,TM AGREE	<=0.015	-6.06	S
3.4.0	UKMYC_PHENOTYPES	ukmyc_phenotypes:5d30503dedd8c462	BDQ	BEDAQUILINE	CHEBI:72292	QUIJNHUBAXPXFS-XLJNKUFUSA-N	2	>	mg/L	9	9	2									UKMYC5	false	HIGH	14	VZ	BB,TM AGREE	>2	2.0	R
3.4.0	UKMYC_PHENOTYPES	ukmyc_phenotypes:ed5f4379444cc7d1	BDQ	BEDAQUILINE	CHEBI:72292	QUIJNHUBAXPXFS-XLJNKUFUSA-N				32	32	4									UKMYC5	false	HIGH	14	VZ	BB,TM AGREE
3.4.0	UKMYC_PHENOTYPES	ukmyc_phenotypes:872d53f0c06b8bc1	BDQ	BEDAQUILINE	CHEBI:72292	QUIJNHUBAXPXFS-XLJNKUFUSA-N	0.03		mg/L	108	108	7									UKMYC5	false	HIGH	14	VZ	VZ,BB AGREE	0.03	-5.06	S
3.4.0	UKMYC_PHENOTYPES	ukmyc_phenotypes:d09b7d765ab568ea	BDQ	BEDAQUILINE	CHEBI:72292	QUIJNHUBAXPXFS-XLJNKUFUSA-N	0.06		mg/L	74	74	7									UKMYC5	false	HIGH	14	VZ	VZ,BB AGREE	0.06	-4.06	S
3.4.0	UKMYC_PHENOTYPES	ukmyc_phenotypes:a1533df948b7d9ad	BDQ	BEDAQUILINE	CHEBI:72292	QUIJNHUBAXPXFS-XLJNKUFUSA-N	0.12		mg/L	18	18	4									UKMYC5	false	HIGH	14	VZ	VZ,BB AGREE	0.12	-3.06	S
3.4.0	UKMYC_PHENOTYPES	ukmyc_phenotypes:efd126ed61419a6d	BDQ	BEDAQUILINE	CHEBI:72292	QUIJNHUBAXPXFS-XLJNKUFUSA-N	0.25		mg/L	8	8	3									UKMYC5	false	HIGH	14	VZ	VZ,BB AGREE	0.25	-2.0	S
3.4.0	UKMYC_PHENOTYPES	ukmyc_phenotypes:224a13a5c83df53b	BDQ	BEDAQUILINE	CHEBI:72292	QUIJNHUBAXPXFS-XLJNKUFUSA-N	0.5		mg/L	2	2	1									UKMYC5	false	HIGH	14	VZ	VZ,BB AGREE	0.5	-1.0	R
3.4.0	UKMYC_PHENOTYPES	ukmyc_phenotypes:844c6ffebc6e406b	BDQ	BEDAQUILINE	CHEBI:72292	QUIJNHUBAXPXFS-XLJNKUFUSA-N	2.0		mg/L	1	1	1									UKMYC5	false	HIGH	14	VZ	VZ,BB AGREE	2.0	1.0	R
3.4.0	UKMYC_PHENOTYPES	ukmyc_phenotypes:b39f0cb3ab899e53	BDQ	BEDAQUILINE	CHEBI:72292	QUIJNHUBAXPXFS-XLJNKUFUSA-N	0.015	<=	mg/L	112	112	7									UKMYC5	false	HIGH	14	VZ	VZ,BB AGREE	<=0.015	-6.06	S
3.4.0	UKMYC_PHENOTYPES	ukmyc_phenotypes:68ae157325f13920	BDQ	BEDAQUILINE	CHEBI:72292	QUIJNHUBAXPXFS-XLJNKUFUSA-N	2	>	mg/L	1	1	1									UKMYC5	false	HIGH	14	VZ	VZ,BB AGREE	>2	2.0	R
3.4.0	UKMYC_PHENOTYPES	ukmyc_phenotypes:9732a6d3af68fc50	BDQ	BEDAQUILINE	CHEBI:72292	QUIJNHUBAXPXFS-XLJNKUFUSA-N				5	5	1									UKMYC5	false	HIGH	14	VZ	VZ,BB AGREE
3.4.0	UKMYC_PHENOTYPES	ukmyc_phenotypes:be05c315290966f5	BDQ	BEDAQUILINE	CHEBI:72292	QUIJNHUBAXPXFS-XLJNKUFUSA-N	0.03		mg/L	1400	1400	8									UKMYC5	false	HIGH	14	VZ	VZ,TM AGREE	0.03	-5.06	S
3.4.0	UKMYC_PHENOTYPES	ukmyc_phenotypes:efb08e84c1487084	BDQ	BEDAQUILINE	CHEBI:72292	QUIJNHUBAXPXFS-XLJNKUFUSA-N	0.06		mg/L	1463	1463	8									UKMYC5	false	HIGH	14	VZ	VZ,TM AGREE	0.06	-4.06	S
3.4.0	UKMYC_PHENOTYPES	ukmyc_phenotypes:90dc19ef96ad1e60	BDQ	BEDAQUILINE	CHEBI:72292	QUIJNHUBAXPXFS-XLJNKUFUSA-N	0.12		mg/L	271	271	8									UKMYC5	false	HIGH	14	VZ	VZ,TM AGREE	0.12	-3.06	S
3.4.0	UKMYC_PHENOTYPES	ukmyc_phenotypes:ff1368146124cd37	BDQ	BEDAQUILINE	CHEBI:72292	QUIJNHUBAXPXFS-XLJNKUFUSA-N	0.25		mg/L	53	53	5									UKMYC5	false	HIGH	14	VZ	VZ,TM AGREE	0.25	-2.0	S
3.4.0	UKMYC_PHENOTYPES	ukmyc_phenotypes:7f4e49f6c6efbf79	BDQ	BEDAQUILINE	CHEBI:72292	QUIJNHUBAXPXFS-XLJNKUFUSA-N	0.5		mg/L	24	24	5									UKMYC5	false	HIGH	14	VZ	VZ,TM AGREE	0.5	-1.0	R
3.4.0	UKMYC_PHENOTYPES	ukmyc_phenotypes:c5f106bb1fc594ce	BDQ	BEDAQUILINE	CHEBI:72292	QUIJNHUBAXPXFS-XLJNKUFUSA-N	0.015	<=	mg/L	877	877	7									UKMYC5	false	HIGH	14	VZ	VZ,TM AGREE	<=0.015	-6.06	S
3.4.0	UKMYC_PHENOTYPES	ukmyc_phenotypes:ab136ebce8948fe3	BDQ	BEDAQUILINE	CHEBI:72292	QUIJNHUBAXPXFS-XLJNKUFUSA-N	2	>	mg/L	3	3	1									UKMYC5	false	HIGH	14	VZ	VZ,TM AGREE	>2	2.0	R
3.4.0	UKMYC_PHENOTYPES	ukmyc_phenotypes:c1e2695dc22c07b2	BDQ	BEDAQUILINE	CHEBI:72292	QUIJNHUBAXPXFS-XLJNKUFUSA-N	0.03		mg/L	2	2	2									UKMYC5	false	HIGH	21	VZ	BB,TM AGREE	0.03	-5.06	S
3.4.0	UKMYC_PHENOTYPES	ukmyc_phenotypes:adc74eaeaa4d7b8e	BDQ	BEDAQUILINE	CHEBI:72292	QUIJNHUBAXPXFS-XLJNKUFUSA-N	0.06		mg/L	5	5	2									UKMYC5	false	HIGH	21	VZ	BB,TM AGREE	0.06	-4.06	S
3.4.0	UKMYC_PHENOTYPES	ukmyc_phenotypes:306812febfeb4d1b	BDQ	BEDAQUILINE	CHEBI:72292	QUIJNHUBAXPXFS-XLJNKUFUSA-N	0.12		mg/L	4	4	2									UKMYC5	false	HIGH	21	VZ	BB,TM AGREE	0.12	-3.06	S
3.4.0	UKMYC_PHENOTYPES	ukmyc_phenotypes:c8aad3053122a22a	BDQ	BEDAQUILINE	CHEBI:72292	QUIJNHUBAXPXFS-XLJNKUFUSA-N	0.015	<=	mg/L	2	2	2									UKMYC5	false	HIGH	21	VZ	BB,TM AGREE	<=0.015	-6.06	S
3.4.0	UKMYC_PHENOTYPES	ukmyc_phenotypes:4da5f580b427408b	BDQ	BEDAQUILINE	CHEBI:72292	QUIJNHUBAXPXFS-XLJNKUFUSA-N	2	>	mg/L	2	2	1									UKMYC5	false	HIGH	21	VZ	BB,TM AGREE	>2	2.0	R
3.4.0	UKMYC_PHENOTYPES	ukmyc_phenotypes:74cf4e7e8fd691f2	BDQ	BEDAQUILINE	CHEBI:72292	QUIJNHUBAXPXFS-XLJNKUFUSA-N				1	1	1									UKMYC5	false	HIGH	21	VZ	BB,TM AGREE
3.4.0	UKMYC_PHENOTYPES	ukmyc_phenotypes:5dd5a6a0d500dfc9	BDQ	BEDAQUILINE	CHEBI:72292	QUIJNHUBAXPXFS-XLJNKUFUSA-N	0.03		mg/L	2	2	2									UKMYC5	false	HIGH	21	VZ	VZ,BB AGREE	0.03	-5.06	S
3.4.0	UKMYC_PHENOTYPES	ukmyc_phenotypes:c3c2e2dad6f7a019	BDQ	BEDAQUILINE	CHEBI:72292	QUIJNHUBAXPXFS-XLJNKUFUSA-N	0.06		mg/L	1	1	1									UKMYC5	false	HIGH	21	VZ	VZ,BB AGREE	0.06	-4.06	S
3.4.0	UKMYC_PHENOTYPES	ukmyc_phenotypes:f422cd51d4826807	BDQ	BEDAQUILINE	CHEBI:72292	QUIJNHUBAXPXFS-XLJNKUFUSA-N	0.5		mg/L	1	1	1									UKMYC5	false	HIGH	21	VZ	VZ,BB AGREE	0.5	-1.0	R
3.4.0	UKMYC_PHENOTYPES	ukmyc_phenotypes:71ae8390c5c988f8	BDQ	BEDAQUILINE	CHEBI:72292	QUIJNHUBAXPXFS-XLJNKUFUSA-N	0.015	<=	mg/L	6	6	3									UKMYC5	false	HIGH	21	VZ	VZ,BB AGREE	<=0.015	-6.06	S
3.4.0	UKMYC_PHENOTYPES	ukmyc_phenotypes:362ea3ea4a2aa5b3	BDQ	BEDAQUILINE	CHEBI:72292	QUIJNHUBAXPXFS-XLJNKUFUSA-N	0.03		mg/L	24	24	5									UKMYC5	false	HIGH	21	VZ	VZ,TM AGREE	0.03	-5.06	S
3.4.0	UKMYC_PHENOTYPES	ukmyc_phenotypes:230151836f5577d5	BDQ	BEDAQUILINE	CHEBI:72292	QUIJNHUBAXPXFS-XLJNKUFUSA-N	0.06		mg/L	16	16	4									UKMYC5	false	HIGH	21	VZ	VZ,TM AGREE	0.06	-4.06	S
3.4.0	UKMYC_PHENOTYPES	ukmyc_phenotypes:46758b74fe82ee9a	BDQ	BEDAQUILINE	CHEBI:72292	QUIJNHUBAXPXFS-XLJNKUFUSA-N	0.12		mg/L	8	8	3									UKMYC5	false	HIGH	21	VZ	VZ,TM AGREE	0.12	-3.06	S
3.4.0	UKMYC_PHENOTYPES	ukmyc_phenotypes:17d10a17a04685b5	BDQ	BEDAQUILINE	CHEBI:72292	QUIJNHUBAXPXFS-XLJNKUFUSA-N	0.25		mg/L	1	1	1									UKMYC5	false	HIGH	21	VZ	VZ,TM AGREE	0.25	-2.0	S
3.4.0	UKMYC_PHENOTYPES	ukmyc_phenotypes:f64dae11417351ca	BDQ	BEDAQUILINE	CHEBI:72292	QUIJNHUBAXPXFS-XLJNKUFUSA-N	0.5		mg/L	1	1	1									UKMYC5	false	HIGH	21	VZ	VZ,TM AGREE	0.5	-1.0	R
3.4.0	UKMYC_PHENOTYPES	ukmyc_phenotypes:da40f5185c6aadb9	BDQ	BEDAQUILINE	CHEBI:72292	QUIJNHUBAXPXFS-XLJNKUFUSA-N	0.015	<=	mg/L	31	31	5									UKMYC5	false	HIGH	21	VZ	VZ,TM AGREE	<=0.015	-6.06	S
3.4.0	UKMYC_PHENOTYPES	ukmyc_phenotypes:b623321c48c9f014	BDQ	BEDAQUILINE	CHEBI:72292	QUIJNHUBAXPXFS-XLJNKUFUSA-N	0.03		mg/L	217	217	8									UKMYC5	false	LOW	14	VZ	ALL DISAGREE	0.03	-5.06	S
3.4.0	UKMYC_PHENOTYPES	ukmyc_phenotypes:df61d5c17d199980	BDQ	BEDAQUILINE	CHEBI:72292	QUIJNHUBAXPXFS-XLJNKUFUSA-N	0.06		mg/L	113	113	8									UKMYC5	false	LOW	14	VZ	ALL DISAGREE	0.06	-4.06	S
3.4.0	UKMYC_PHENOTYPES	ukmyc_phenotypes:898e56d824755ec9	BDQ	BEDAQUILINE	CHEBI:72292	QUIJNHUBAXPXFS-XLJNKUFUSA-N	0.12		mg/L	41	41	7									UKMYC5	false	LOW	14	VZ	ALL DISAGREE	0.12	-3.06	S
3.4.0	UKMYC_PHENOTYPES	ukmyc_phenotypes:3fcede678bd44c8c	BDQ	BEDAQUILINE	CHEBI:72292	QUIJNHUBAXPXFS-XLJNKUFUSA-N	0.25		mg/L	13	13	4									UKMYC5	false	LOW	14	VZ	ALL DISAGREE	0.25	-2.0	S
3.4.0	UKMYC_PHENOTYPES	ukmyc_phenotypes:03650c1f99ac2832	BDQ	BEDAQUILINE	CHEBI:72292	QUIJNHUBAXPXFS-XLJNKUFUSA-N	0.5		mg/L	3	3	2									UKMYC5	false	LOW	14	VZ	ALL DISAGREE	0.5	-1.0	R
3.4.0	UKMYC_PHENOTYPES	ukmyc_phenotypes:c8773eb2891eb1d4	BDQ	BEDAQUILINE	CHEBI:72292	QUIJNHUBAXPXFS-XLJNKUFUSA-N	1.0		mg/L	1	1	1									UKMYC5	false	LOW	14	VZ	ALL DISAGREE	1.0	0.0	R
3.4.0	UKMYC_PHENOTYPES	ukmyc_phenotypes:d58eeedc5dcffd3b	BDQ	BEDAQUILINE	CHEBI:72292	QUIJNHUBAXPXFS-XLJNKUFUSA-N	2.0		mg/L	3	3	1									UKMYC5	false	LOW	14	VZ	ALL DISAGREE	2.0	1.0	R
3.4.0	UKMYC_PHENOTYPES	ukmyc_phenotypes:e864cfc8b99f331f	BDQ	BEDAQUILINE	CHEBI:72292	QUIJNHUBAXPXFS-XLJNKUFUSA-N	0.015	<=	mg/L	224	224	8									UKMYC5	false	LOW	14	VZ	ALL DISAGREE	<=0.015	-6.06	S
3.4.0	UKMYC_PHENOTYPES	ukmyc_phenotypes:7c22874965c52d5d	BDQ	BEDAQUILINE	CHEBI:72292	QUIJNHUBAXPXFS-XLJNKUFUSA-N				14	14	3									UKMYC5	false	LOW	14	VZ	ALL DISAGREE
3.4.0	UKMYC_PHENOTYPES	ukmyc_phenotypes:b8eb1cfd6a237a97	BDQ	BEDAQUILINE	CHEBI:72292	QUIJNHUBAXPXFS-XLJNKUFUSA-N	0.03		mg/L	10	10	4									UKMYC5	false	LOW	21	VZ	ALL DISAGREE	0.03	-5.06	S
3.4.0	UKMYC_PHENOTYPES	ukmyc_phenotypes:9d687639dd04358b	BDQ	BEDAQUILINE	CHEBI:72292	QUIJNHUBAXPXFS-XLJNKUFUSA-N	0.06		mg/L	4	4	3									UKMYC5	false	LOW	21	VZ	ALL DISAGREE	0.06	-4.06	S
3.4.0	UKMYC_PHENOTYPES	ukmyc_phenotypes:73698481a16a0733	BDQ	BEDAQUILINE	CHEBI:72292	QUIJNHUBAXPXFS-XLJNKUFUSA-N	0.12		mg/L	1	1	1									UKMYC5	false	LOW	21	VZ	ALL DISAGREE	0.12	-3.06	S
3.4.0	UKMYC_PHENOTYPES	ukmyc_phenotypes:67b983c071dbb718	BDQ	BEDAQUILINE	CHEBI:72292	QUIJNHUBAXPXFS-XLJNKUFUSA-N	0.015	<=	mg/L	8	8	2									UKMYC5	false	LOW	21	VZ	ALL DISAGREE	<=0.015	-6.06	S
3.4.0	UKMYC_PHENOTYPES	ukmyc_phenotypes:b1570f6babd4d81b	BDQ	BEDAQUILINE	CHEBI:72292	QUIJNHUBAXPXFS-XLJNKUFUSA-N				2	2	1									UKMYC5	false	LOW	21	VZ	ALL DISAGREE
3.4.0	UKMYC_PHENOTYPES	ukmyc_phenotypes:e171899867428704	BDQ	BEDAQUILINE	CHEBI:72292	QUIJNHUBAXPXFS-XLJNKUFUSA-N				80	80	1									UKMYC5	false	MEDIUM	10	VZ	VZ ONLY
3.4.0	UKMYC_PHENOTYPES	ukmyc_phenotypes:63b8966e2eb3a29a	BDQ	BEDAQUILINE	CHEBI:72292	QUIJNHUBAXPXFS-XLJNKUFUSA-N	0.06		mg/L	2	2	2									UKMYC5	false	MEDIUM	14	VZ	BB RUNNING	0.06	-4.06	S
3.4.0	UKMYC_PHENOTYPES	ukmyc_phenotypes:142b08b839a3956a	BDQ	BEDAQUILINE	CHEBI:72292	QUIJNHUBAXPXFS-XLJNKUFUSA-N	0.015	<=	mg/L	1	1	1									UKMYC5	false	MEDIUM	14	VZ	BB RUNNING	<=0.015	-6.06	S
3.4.0	UKMYC_PHENOTYPES	ukmyc_phenotypes:d1508d9d985f1a57	BDQ	BEDAQUILINE	CHEBI:72292	QUIJNHUBAXPXFS-XLJNKUFUSA-N				1	1	1									UKMYC5	false	MEDIUM	14	VZ	BB RUNNING
3.4.0	UKMYC_PHENOTYPES	ukmyc_phenotypes:9969569a405debf5	BDQ	BEDAQUILINE	CHEBI:72292	QUIJNHUBAXPXFS-XLJNKUFUSA-N	0.03		mg/L	373	373	6									UKMYC5	false	MEDIUM	14	VZ	VZ ONLY	0.03	-5.06	S
3.4.0	UKMYC_PHENOTYPES	ukmyc_phenotypes:6ea8ceccf13765bf	BDQ	BEDAQUILINE	CHEBI:72292	QUIJNHUBAXPXFS-XLJNKUFUSA-N	0.06		mg/L	367	367	6									UKMYC5	false	MEDIUM	14	VZ	VZ ONLY	0.06	-4.06	S
3.4.0	UKMYC_PHENOTYPES	ukmyc_phenotypes:39d162aab78dfdac	BDQ	BEDAQUILINE	CHEBI:72292	QUIJNHUBAXPXFS-XLJNKUFUSA-N	0.12		mg/L	81	81	4									UKMYC5	false	MEDIUM	14	VZ	VZ ONLY	0.12	-3.06	S
3.4.0	UKMYC_PHENOTYPES	ukmyc_phenotypes:82ceb8a532a9f096	BDQ	BEDAQUILINE	CHEBI:72292	QUIJNHUBAXPXFS-XLJNKUFUSA-N	0.25		mg/L	7	7	2									UKMYC5	false	MEDIUM	14	VZ	VZ ONLY	0.25	-2.0	S
3.4.0	UKMYC_PHENOTYPES	ukmyc_phenotypes:2e7f510b327b9b21	BDQ	BEDAQUILINE	CHEBI:72292	QUIJNHUBAXPXFS-XLJNKUFUSA-N	0.5		mg/L	1	1	1									UKMYC5	false	MEDIUM	14	VZ	VZ ONLY	0.5	-1.0	R
3.4.0	UKMYC_PHENOTYPES	ukmyc_phenotypes:3303d4a6c712fdbb	BDQ	BEDAQUILINE	CHEBI:72292	QUIJNHUBAXPXFS-XLJNKUFUSA-N	1.0		mg/L	1	1	1									UKMYC5	false	MEDIUM	14	VZ	VZ ONLY	1.0	0.0	R
3.4.0	UKMYC_PHENOTYPES	ukmyc_phenotypes:2dddaf187a318918	BDQ	BEDAQUILINE	CHEBI:72292	QUIJNHUBAXPXFS-XLJNKUFUSA-N	2.0		mg/L	1	1	1									UKMYC5	false	MEDIUM	14	VZ	VZ ONLY	2.0	1.0	R
3.4.0	UKMYC_PHENOTYPES	ukmyc_phenotypes:b0b2315492dab55e	BDQ	BEDAQUILINE	CHEBI:72292	QUIJNHUBAXPXFS-XLJNKUFUSA-N	0.015	<=	mg/L	225	225	6									UKMYC5	false	MEDIUM	14	VZ	VZ ONLY	<=0.015	-6.06	S
3.4.0	UKMYC_PHENOTYPES	ukmyc_phenotypes:dc17a393b8f7ebd5	BDQ	BEDAQUILINE	CHEBI:72292	QUIJNHUBAXPXFS-XLJNKUFUSA-N	2	>	mg/L	5	5	2									UKMYC5	false	MEDIUM	14	VZ	VZ ONLY	>2	2.0	R
3.4.0	UKMYC_PHENOTYPES	ukmyc_phenotypes:084cc866d1726043	BDQ	BEDAQUILINE	CHEBI:72292	QUIJNHUBAXPXFS-XLJNKUFUSA-N				22	22	2									UKMYC5	false	MEDIUM	14	VZ	VZ ONLY
3.4.0	UKMYC_PHENOTYPES	ukmyc_phenotypes:8b6c9a60dd139cef	BDQ	BEDAQUILINE	CHEBI:72292	QUIJNHUBAXPXFS-XLJNKUFUSA-N	0.03		mg/L	5	5	2									UKMYC5	false	MEDIUM	21	VZ	VZ ONLY	0.03	-5.06	S
3.4.0	UKMYC_PHENOTYPES	ukmyc_phenotypes:0b445bb0d115ff93	BDQ	BEDAQUILINE	CHEBI:72292	QUIJNHUBAXPXFS-XLJNKUFUSA-N	0.06		mg/L	2	2	1									UKMYC5	false	MEDIUM	21	VZ	VZ ONLY	0.06	-4.06	S
3.4.0	UKMYC_PHENOTYPES	ukmyc_phenotypes:366402cef0756658	BDQ	BEDAQUILINE	CHEBI:72292	QUIJNHUBAXPXFS-XLJNKUFUSA-N	0.015	<=	mg/L	8	8	2									UKMYC5	false	MEDIUM	21	VZ	VZ ONLY	<=0.015	-6.06	S
3.4.0	UKMYC_PHENOTYPES	ukmyc_phenotypes:3d4495a095ef4e50	BDQ	BEDAQUILINE	CHEBI:72292	QUIJNHUBAXPXFS-XLJNKUFUSA-N	0.015		mg/L	105	105	10									UKMYC6	false	HIGH	14	VZ	BB,TM AGREE	0.015	-6.06	S
3.4.0	UKMYC_PHENOTYPES	ukmyc_phenotypes:a81da194110aab07	BDQ	BEDAQUILINE	CHEBI:72292	QUIJNHUBAXPXFS-XLJNKUFUSA-N	0.03		mg/L	330	330	8									UKMYC6	false	HIGH	14	VZ	BB,TM AGREE	0.03	-5.06	S
3.4.0	UKMYC_PHENOTYPES	ukmyc_phenotypes:e6a840832b57349c	BDQ	BEDAQUILINE	CHEBI:72292	QUIJNHUBAXPXFS-XLJNKUFUSA-N	0.06		mg/L	285	285	10									UKMYC6	false	HIGH	14	VZ	BB,TM AGREE	0.06	-4.06	S
3.4.0	UKMYC_PHENOTYPES	ukmyc_phenotypes:8f78c2f688942c48	BDQ	BEDAQUILINE	CHEBI:72292	QUIJNHUBAXPXFS-XLJNKUFUSA-N	0.12		mg/L	103	103	8									UKMYC6	false	HIGH	14	VZ	BB,TM AGREE	0.12	-3.06	S
3.4.0	UKMYC_PHENOTYPES	ukmyc_phenotypes:4797a34e5ab7acee	BDQ	BEDAQUILINE	CHEBI:72292	QUIJNHUBAXPXFS-XLJNKUFUSA-N	0.25		mg/L	35	35	8									UKMYC6	false	HIGH	14	VZ	BB,TM AGREE	0.25	-2.0	S
3.4.0	UKMYC_PHENOTYPES	ukmyc_phenotypes:052de500ca739fef	BDQ	BEDAQUILINE	CHEBI:72292	QUIJNHUBAXPXFS-XLJNKUFUSA-N	0.5		mg/L	7	7	2									UKMYC6	false	HIGH	14	VZ	BB,TM AGREE	0.5	-1.0	R
3.4.0	UKMYC_PHENOTYPES	ukmyc_phenotypes:468f4a0b35d4241f	BDQ	BEDAQUILINE	CHEBI:72292	QUIJNHUBAXPXFS-XLJNKUFUSA-N	1.0		mg/L	18	18	5									UKMYC6	false	HIGH	14	VZ	BB,TM AGREE	1.0	0.0	R
3.4.0	UKMYC_PHENOTYPES	ukmyc_phenotypes:bbe4a5c0e2b3517f	BDQ	BEDAQUILINE	CHEBI:72292	QUIJNHUBAXPXFS-XLJNKUFUSA-N	0.008	<=	mg/L	41	41	4									UKMYC6	false	HIGH	14	VZ	BB,TM AGREE	<=0.008	-6.97	S
3.4.0	UKMYC_PHENOTYPES	ukmyc_phenotypes:59b34faa92fa145b	BDQ	BEDAQUILINE	CHEBI:72292	QUIJNHUBAXPXFS-XLJNKUFUSA-N	1	>	mg/L	8	8	6									UKMYC6	false	HIGH	14	VZ	BB,TM AGREE	>1	1.0	R
3.4.0	UKMYC_PHENOTYPES	ukmyc_phenotypes:fa889c290f1f9a81	BDQ	BEDAQUILINE	CHEBI:72292	QUIJNHUBAXPXFS-XLJNKUFUSA-N				49	49	6									UKMYC6	false	HIGH	14	VZ	BB,TM AGREE
3.4.0	UKMYC_PHENOTYPES	ukmyc_phenotypes:acb19f780ac225b4	BDQ	BEDAQUILINE	CHEBI:72292	QUIJNHUBAXPXFS-XLJNKUFUSA-N	0.015		mg/L	71	71	6									UKMYC6	false	HIGH	14	VZ	VZ,BB AGREE	0.015	-6.06	S
3.4.0	UKMYC_PHENOTYPES	ukmyc_phenotypes:63ed288d5a5ca1c0	BDQ	BEDAQUILINE	CHEBI:72292	QUIJNHUBAXPXFS-XLJNKUFUSA-N	0.03		mg/L	125	125	9									UKMYC6	false	HIGH	14	VZ	VZ,BB AGREE	0.03	-5.06	S
3.4.0	UKMYC_PHENOTYPES	ukmyc_phenotypes:e90d8293d9eedfb8	BDQ	BEDAQUILINE	CHEBI:72292	QUIJNHUBAXPXFS-XLJNKUFUSA-N	0.06		mg/L	81	81	8									UKMYC6	false	HIGH	14	VZ	VZ,BB AGREE	0.06	-4.06	S
3.4.0	UKMYC_PHENOTYPES	ukmyc_phenotypes:e804f781a13b0f2a	BDQ	BEDAQUILINE	CHEBI:72292	QUIJNHUBAXPXFS-XLJNKUFUSA-N	0.12		mg/L	20	20	5									UKMYC6	false	HIGH	14	VZ	VZ,BB AGREE	0.12	-3.06	S
3.4.0	UKMYC_PHENOTYPES	ukmyc_phenotypes:0a769064288ea8b6	BDQ	BEDAQUILINE	CHEBI:72292	QUIJNHUBAXPXFS-XLJNKUFUSA-N	0.25		mg/L	17	17	4									UKMYC6	false	HIGH	14	VZ	VZ,BB AGREE	0.25	-2.0	S
3.4.0	UKMYC_PHENOTYPES	ukmyc_phenotypes:7f94350b36117ec4	BDQ	BEDAQUILINE	CHEBI:72292	QUIJNHUBAXPXFS-XLJNKUFUSA-N	0.5		mg/L	3	3	2									UKMYC6	false	HIGH	14	VZ	VZ,BB AGREE	0.5	-1.0	R
3.4.0	UKMYC_PHENOTYPES	ukmyc_phenotypes:1a1aed426aa727b9	BDQ	BEDAQUILINE	CHEBI:72292	QUIJNHUBAXPXFS-XLJNKUFUSA-N	1.0		mg/L	7	7	4									UKMYC6	false	HIGH	14	VZ	VZ,BB AGREE	1.0	0.0	R
3.4.0	UKMYC_PHENOTYPES	ukmyc_phenotypes:9cd43fa4ac1f20eb	BDQ	BEDAQUILINE	CHEBI:72292	QUIJNHUBAXPXFS-XLJNKUFUSA-N	0.008	<=	mg/L	56	56	7									UKMYC6	false	HIGH	14	VZ	VZ,BB AGREE	<=0.008	-6.97	S
3.4.0	UKMYC_PHENOTYPES	ukmyc_phenotypes:f3cea49ada555029	BDQ	BEDAQUILINE	CHEBI:72292	QUIJNHUBAXPXFS-XLJNKUFUSA-N	1	>	mg/L	1	1	1									UKMYC6	false	HIGH	14	VZ	VZ,BB AGREE	>1	1.0	R
3.4.0	UKMYC_PHENOTYPES	ukmyc_phenotypes:2c27be60c790cafe	BDQ	BEDAQUILINE	CHEBI:72292	QUIJNHUBAXPXFS-XLJNKUFUSA-N				5	5	2									UKMYC6	false	HIGH	14	VZ	VZ,BB AGREE
3.4.0	UKMYC_PHENOTYPES	ukmyc_phenotypes:8d777c761d001adc	BDQ	BEDAQUILINE	CHEBI:72292	QUIJNHUBAXPXFS-XLJNKUFUSA-N	0.015		mg/L	1416	1416	11									UKMYC6	false	HIGH	14	VZ	VZ,TM AGREE	0.015	-6.06	S
3.4.0	UKMYC_PHENOTYPES	ukmyc_phenotypes:c31ecee1899f4618	BDQ	BEDAQUILINE	CHEBI:72292	QUIJNHUBAXPXFS-XLJNKUFUSA-N	0.03		mg/L	3564	3564	11									UKMYC6	false	HIGH	14	VZ	VZ,TM AGREE	0.03	-5.06	S
3.4.0	UKMYC_PHENOTYPES	ukmyc_phenotypes:62a9208414390c5a	BDQ	BEDAQUILINE	CHEBI:72292	QUIJNHUBAXPXFS-XLJNKUFUSA-N	0.06		mg/L	3144	3144	12									UKMYC6	false	HIGH	14	VZ	VZ,TM AGREE	0.06	-4.06	S
3.4.0	UKMYC_PHENOTYPES	ukmyc_phenotypes:3e74c3f48c46aaa5	BDQ	BEDAQUILINE	CHEBI:72292	QUIJNHUBAXPXFS-XLJNKUFUSA-N	0.12		mg/L	660	660	11									UKMYC6	false	HIGH	14	VZ	VZ,TM AGREE	0.12	-3.06	S
3.4.0	UKMYC_PHENOTYPES	ukmyc_phenotypes:3edeeb2a2b1524b9	BDQ	BEDAQUILINE	CHEBI:72292	QUIJNHUBAXPXFS-XLJNKUFUSA-N	0.25		mg/L	206	206	9									UKMYC6	false	HIGH	14	VZ	VZ,TM AGREE	0.25	-2.0	S
3.4.0	UKMYC_PHENOTYPES	ukmyc_phenotypes:f31147f7daa16c48	BDQ	BEDAQUILINE	CHEBI:72292	QUIJNHUBAXPXFS-XLJNKUFUSA-N	0.5		mg/L	70	70	9									UKMYC6	false	HIGH	14	VZ	VZ,TM AGREE	0.5	-1.0	R
3.4.0	UKMYC_PHENOTYPES	ukmyc_phenotypes:b6d749c73c512210	BDQ	BEDAQUILINE	CHEBI:72292	QUIJNHUBAXPXFS-XLJNKUFUSA-N	1.0		mg/L	16	16	4									UKMYC6	false	HIGH	14	VZ	VZ,TM AGREE	1.0	0.0	R
3.4.0	UKMYC_PHENOTYPES	ukmyc_phenotypes:0bab72cc6464832c	BDQ	BEDAQUILINE	CHEBI:72292	QUIJNHUBAXPXFS-XLJNKUFUSA-N	0.008	<=	mg/L	420	420	8									UKMYC6	false	HIGH	14	VZ	VZ,TM AGREE	<=0.008	-6.97	S
3.4.0	UKMYC_PHENOTYPES	ukmyc_phenotypes:a799085f2d4e671d	BDQ	BEDAQUILINE	CHEBI:72292	QUIJNHUBAXPXFS-XLJNKUFUSA-N	1	>	mg/L	14	14	3									UKMYC6	false	HIGH	14	VZ	VZ,TM AGREE	>1	1.0	R
3.4.0	UKMYC_PHENOTYPES	ukmyc_phenotypes:20ee921caa02400b	BDQ	BEDAQUILINE	CHEBI:72292	QUIJNHUBAXPXFS-XLJNKUFUSA-N				1	1	1									UKMYC6	false	HIGH	14	VZ	VZ,TM AGREE
3.4.0	UKMYC_PHENOTYPES	ukmyc_phenotypes:fbfad54c64a63ea0	BDQ	BEDAQUILINE	CHEBI:72292	QUIJNHUBAXPXFS-XLJNKUFUSA-N	0.015		mg/L	3	3	2									UKMYC6	false	HIGH	21	VZ	BB,TM AGREE	0.015	-6.06	S
3.4.0	UKMYC_PHENOTYPES	ukmyc_phenotypes:e0c12b4cf03b8ed2	BDQ	BEDAQUILINE	CHEBI:72292	QUIJNHUBAXPXFS-XLJNKUFUSA-N	0.03		mg/L	17	17	3									UKMYC6	false	HIGH	21	VZ	BB,TM AGREE	0.03	-5.06	S
3.4.0	UKMYC_PHENOTYPES	ukmyc_phenotypes:858010e27cd44f88	BDQ	BEDAQUILINE	CHEBI:72292	QUIJNHUBAXPXFS-XLJNKUFUSA-N	0.06		mg/L	10	10	5									UKMYC6	false	HIGH	21	VZ	BB,TM AGREE	0.06	-4.06	S
3.4.0	UKMYC_PHENOTYPES	ukmyc_phenotypes:1bf5d69b0fc12ef0	BDQ	BEDAQUILINE	CHEBI:72292	QUIJNHUBAXPXFS-XLJNKUFUSA-N	0.12		mg/L	2	2	1									UKMYC6	false	HIGH	21	VZ	BB,TM AGREE	0.12	-3.06	S
3.4.0	UKMYC_PHENOTYPES	ukmyc_phenotypes:64f1427bbe227795	BDQ	BEDAQUILINE	CHEBI:72292	QUIJNHUBAXPXFS-XLJNKUFUSA-N	0.5		mg/L	1	1	1									UKMYC6	false	HIGH	21	VZ	BB,TM AGREE	0.5	-1.0	R
3.4.0	UKMYC_PHENOTYPES	ukmyc_phenotypes:58f289fec0f2b21e	BDQ	BEDAQUILINE	CHEBI:72292	QUIJNHUBAXPXFS-XLJNKUFUSA-N	1.0		mg/L	1	1	1									UKMYC6	false	HIGH	21	VZ	BB,TM AGREE	1.0	0.0	R
3.4.0	UKMYC_PHENOTYPES	ukmyc_phenotypes:8724c829499015f1	BDQ	BEDAQUILINE	CHEBI:72292	QUIJNHUBAXPXFS-XLJNKUFUSA-N	0.008	<=	mg/L	4	4	3									UKMYC6	false	HIGH	21	VZ	BB,TM AGREE	<=0.008	-6.97	S
3.4.0	UKMYC_PHENOTYPES	ukmyc_phenotypes:b6e229e30cca25f8	BDQ	BEDAQUILINE	CHEBI:72292	QUIJNHUBAXPXFS-XLJNKUFUSA-N	1	>	mg/L	1	1	1									UKMYC6	false	HIGH	21	VZ	BB,TM AGREE	>1	1.0	R
3.4.0	UKMYC_PHENOTYPES	ukmyc_phenotypes:0bb856b7d143eafc	BDQ	BEDAQUILINE	CHEBI:72292	QUIJNHUBAXPXFS-XLJNKUFUSA-N	0.015		mg/L	5	5	5									UKMYC6	false	HIGH	21	VZ	VZ,BB AGREE	0.015	-6.06	S
3.4.0	UKMYC_PHENOTYPES	ukmyc_phenotypes:2060b721188b6b90	BDQ	BEDAQUILINE	CHEBI:72292	QUIJNHUBAXPXFS-XLJNKUFUSA-N	0.03		mg/L	2	2	2									UKMYC6	false	HIGH	21	VZ	VZ,BB AGREE	0.03	-5.06	S
3.4.0	UKMYC_PHENOTYPES	ukmyc_phenotypes:7b1e33df26de50a1	BDQ	BEDAQUILINE	CHEBI:72292	QUIJNHUBAXPXFS-XLJNKUFUSA-N	0.06		mg/L	5	5	3									UKMYC6	false	HIGH	21	VZ	VZ,BB AGREE	0.06	-4.06	S
3.4.0	UKMYC_PHENOTYPES	ukmyc_phenotypes:381784d725d5ae6a	BDQ	BEDAQUILINE	CHEBI:72292	QUIJNHUBAXPXFS-XLJNKUFUSA-N	0.25		mg/L	1	1	1									UKMYC6	false	HIGH	21	VZ	VZ,BB AGREE	0.25	-2.0	S
3.4.0	UKMYC_PHENOTYPES	ukmyc_phenotypes:8daafaba3efd6aec	BDQ	BEDAQUILINE	CHEBI:72292	QUIJNHUBAXPXFS-XLJNKUFUSA-N	0.008	<=	mg/L	12	12	5									UKMYC6	false	HIGH	21	VZ	VZ,BB AGREE	<=0.008	-6.97	S
3.4.0	UKMYC_PHENOTYPES	ukmyc_phenotypes:f4c265928477f400	BDQ	BEDAQUILINE	CHEBI:72292	QUIJNHUBAXPXFS-XLJNKUFUSA-N	1	>	mg/L	1	1	1									UKMYC6	false	HIGH	21	VZ	VZ,BB AGREE	>1	1.0	R
3.4.0	UKMYC_PHENOTYPES	ukmyc_phenotypes:51ab4bc7be21cab2	BDQ	BEDAQUILINE	CHEBI:72292	QUIJNHUBAXPXFS-XLJNKUFUSA-N				1	1	1									UKMYC6	false	HIGH	21	VZ	VZ,BB AGREE
3.4.0	UKMYC_PHENOTYPES	ukmyc_phenotypes:d4b8279ea6e4f861	BDQ	BEDAQUILINE	CHEBI:72292	QUIJNHUBAXPXFS-XLJNKUFUSA-N	0.015		mg/L	113	113	8									UKMYC6	false	HIGH	21	VZ	VZ,TM AGREE	0.015	-6.06	S
3.4.0	UKMYC_PHENOTYPES	ukmyc_phenotypes:ed463ee9dfcf443f	BDQ	BEDAQUILINE	CHEBI:72292	QUIJNHUBAXPXFS-XLJNKUFUSA-N	0.03		mg/L	193	193	8									UKMYC6	false	HIGH	21	VZ	VZ,TM AGREE	0.03	-5.06	S
3.4.0	UKMYC_PHENOTYPES	ukmyc_phenotypes:2b1ba1625ff9dea4	BDQ	BEDAQUILINE	CHEBI:72292	QUIJNHUBAXPXFS-XLJNKUFUSA-N	0.06		mg/L	211	211	8									UKMYC6	false	HIGH	21	VZ	VZ,TM AGREE	0.06	-4.06	S
3.4.0	UKMYC_PHENOTYPES	ukmyc_phenotypes:38b0ec2da4bf9dd1	BDQ	BEDAQUILINE	CHEBI:72292	QUIJNHUBAXPXFS-XLJNKUFUSA-N	0.12		mg/L	133	133	8									UKMYC6	false	HIGH	21	VZ	VZ,TM AGREE	0.12	-3.06	S
3.4.0	UKMYC_PHENOTYPES	ukmyc_phenotypes:5881e3a8e93f315d	BDQ	BEDAQUILINE	CHEBI:72292	QUIJNHUBAXPXFS-XLJNKUFUSA-N	0.25		mg/L	57	57	6									UKMYC6	false	HIGH	21	VZ	VZ,TM AGREE	0.25	-2.0	S
3.4.0	UKMYC_PHENOTYPES	ukmyc_phenotypes:3e11838525bf6e88	BDQ	BEDAQUILINE	CHEBI:72292	QUIJNHUBAXPXFS-XLJNKUFUSA-N	0.5		mg/L	5	5	3									UKMYC6	false	HIGH	21	VZ	VZ,TM AGREE	0.5	-1.0	R
3.4.0	UKMYC_PHENOTYPES	ukmyc_phenotypes:b834e608e959a150	BDQ	BEDAQUILINE	CHEBI:72292	QUIJNHUBAXPXFS-XLJNKUFUSA-N	1.0		mg/L	2	2	2									UKMYC6	false	HIGH	21	VZ	VZ,TM AGREE	1.0	0.0	R
3.4.0	UKMYC_PHENOTYPES	ukmyc_phenotypes:22255c7924fe610f	BDQ	BEDAQUILINE	CHEBI:72292	QUIJNHUBAXPXFS-XLJNKUFUSA-N	0.008	<=	mg/L	86	86	7									UKMYC6	false	HIGH	21	VZ	VZ,TM AGREE	<=0.008	-6.97	S
3.4.0	UKMYC_PHENOTYPES	ukmyc_phenotypes:75fab91436386486	BDQ	BEDAQUILINE	CHEBI:72292	QUIJNHUBAXPXFS-XLJNKUFUSA-N				2	2	1									UKMYC6	false	HIGH	21	VZ	VZ,TM AGREE
3.4.0	UKMYC_PHENOTYPES	ukmyc_phenotypes:0a5ee5fdc9afbc08	BDQ	BEDAQUILINE	CHEBI:72292	QUIJNHUBAXPXFS-XLJNKUFUSA-N	0.015		mg/L	307	307	9									UKMYC6	false	LOW	14	VZ	ALL DISAGREE	0.015	-6.06	S
3.4.0	UKMYC_PHENOTYPES	ukmyc_phenotypes:a01aa959ee9f9dce	BDQ	BEDAQUILINE	CHEBI:72292	QUIJNHUBAXPXFS-XLJNKUFUSA-N	0.03		mg/L	475	475	9									UKMYC6	false	LOW	14	VZ	ALL DISAGREE	0.03	-5.06	S
3.4.0	UKMYC_PHENOTYPES	ukmyc_phenotypes:33262ea6727dd8bd	BDQ	BEDAQUILINE	CHEBI:72292	QUIJNHUBAXPXFS-XLJNKUFUSA-N	0.06		mg/L	417	417	8									UKMYC6	false	LOW	14	VZ	ALL DISAGREE	0.06	-4.06	S
3.4.0	UKMYC_PHENOTYPES	ukmyc_phenotypes:38ccebecbd8b4c9b	BDQ	BEDAQUILINE	CHEBI:72292	QUIJNHUBAXPXFS-XLJNKUFUSA-N	0.12		mg/L	143	143	8									UKMYC6	false	LOW	14	VZ	ALL DISAGREE	0.12	-3.06	S
3.4.0	UKMYC_PHENOTYPES	ukmyc_phenotypes:c9da031b575ef7fa	BDQ	BEDAQUILINE	CHEBI:72292	QUIJNHUBAXPXFS-XLJNKUFUSA-N	0.25		mg/L	40	40	7									UKMYC6	false	LOW	14	VZ	ALL DISAGREE	0.25	-2.0	S
3.4.0	UKMYC_PHENOTYPES	ukmyc_phenotypes:3a119b8a0350faf4	BDQ	BEDAQUILINE	CHEBI:72292	QUIJNHUBAXPXFS-XLJNKUFUSA-N	0.5		mg/L	5	5	4									UKMYC6	false	LOW	14	VZ	ALL DISAGREE	0.5	-1.0	R
3.4.0	UKMYC_PHENOTYPES	ukmyc_phenotypes:99d773467cf9175c	BDQ	BEDAQUILINE	CHEBI:72292	QUIJNHUBAXPXFS-XLJNKUFUSA-N	1.0		mg/L	1	1	1									UKMYC6	false	LOW	14	VZ	ALL DISAGREE	1.0	0.0	R
3.4.0	UKMYC_PHENOTYPES	ukmyc_phenotypes:bbc72c55519cfc87	BDQ	BEDAQUILINE	CHEBI:72292	QUIJNHUBAXPXFS-XLJNKUFUSA-N	0.008	<=	mg/L	123	123	8									UKMYC6	false	LOW	14	VZ	ALL DISAGREE	<=0.008	-6.97	S
3.4.0	UKMYC_PHENOTYPES	ukmyc_phenotypes:cf4271342e40a5fa	BDQ	BEDAQUILINE	CHEBI:72292	QUIJNHUBAXPXFS-XLJNKUFUSA-N				6	6	2									UKMYC6	false	LOW	14	VZ	ALL DISAGREE
3.4.0	UKMYC_PHENOTYPES	ukmyc_phenotypes:ba42ef4013ec7aa9	BDQ	BEDAQUILINE	CHEBI:72292	QUIJNHUBAXPXFS-XLJNKUFUSA-N	0.015		mg/L	29	29	4									UKMYC6	false	LOW	21	VZ	ALL DISAGREE	0.015	-6.06	S
3.4.0	UKMYC_PHENOTYPES	ukmyc_phenotypes:7c56751de532f87e	BDQ	BEDAQUILINE	CHEBI:72292	QUIJNHUBAXPXFS-XLJNKUFUSA-N	0.03		mg/L	40	40	6									UKMYC6	false	LOW	21	VZ	ALL DISAGREE	0.03	-5.06	S
3.4.0	UKMYC_PHENOTYPES	ukmyc_phenotypes:efb54fd935550b40	BDQ	BEDAQUILINE	CHEBI:72292	QUIJNHUBAXPXFS-XLJNKUFUSA-N	0.06		mg/L	20	20	4									UKMYC6	false	LOW	21	VZ	ALL DISAGREE	0.06	-4.06	S
3.4.0	UKMYC_PHENOTYPES	ukmyc_phenotypes:bfa0bb3f0402e98f	BDQ	BEDAQUILINE	CHEBI:72292	QUIJNHUBAXPXFS-XLJNKUFUSA-N	0.12		mg/L	4	4	3									UKMYC6	false	LOW	21	VZ	ALL DISAGREE	0.12	-3.06	S
3.4.0	UKMYC_PHENOTYPES	ukmyc_phenotypes:4ff32ddbb4a20473	BDQ	BEDAQUILINE	CHEBI:72292	QUIJNHUBAXPXFS-XLJNKUFUSA-N	0.008	<=	mg/L	20	20	4									UKMYC6	false	LOW	21	VZ	ALL DISAGREE	<=0.008	-6.97	S
3.4.0	UKMYC_PHENOTYPES	ukmyc_phenotypes:1d8f30a415e61d22	BDQ	BEDAQUILINE	CHEBI:72292	QUIJNHUBAXPXFS-XLJNKUFUSA-N				6	6	2									UKMYC6	false	LOW	21	VZ	ALL DISAGREE
3.4.0	UKMYC_PHENOTYPES	ukmyc_phenotypes:946c6f15c48802ce	BDQ	BEDAQUILINE	CHEBI:72292	QUIJNHUBAXPXFS-XLJNKUFUSA-N	0.015		mg/L	10	10	1									UKMYC6	false	MEDIUM	14	MB	VZ ONLY	0.015	-6.06	S
3.4.0	UKMYC_PHENOTYPES	ukmyc_phenotypes:a00f504e7bb7960e	BDQ	BEDAQUILINE	CHEBI:72292	QUIJNHUBAXPXFS-XLJNKUFUSA-N	0.03		mg/L	19	19	1									UKMYC6	false	MEDIUM	14	MB	VZ ONLY	0.03	-5.06	S
3.4.0	UKMYC_PHENOTYPES	ukmyc_phenotypes:4e6bddce5d9f9a0b	BDQ	BEDAQUILINE	CHEBI:72292	QUIJNHUBAXPXFS-XLJNKUFUSA-N	0.06		mg/L	19	19	1									UKMYC6	false	MEDIUM	14	MB	VZ ONLY	0.06	-4.06	S
3.4.0	UKMYC_PHENOTYPES	ukmyc_phenotypes:40bcd1c9728453dd	BDQ	BEDAQUILINE	CHEBI:72292	QUIJNHUBAXPXFS-XLJNKUFUSA-N	0.12		mg/L	7	7	1									UKMYC6	false	MEDIUM	14	MB	VZ ONLY	0.12	-3.06	S
3.4.0	UKMYC_PHENOTYPES	ukmyc_phenotypes:f57b57c2884b1d0e	BDQ	BEDAQUILINE	CHEBI:72292	QUIJNHUBAXPXFS-XLJNKUFUSA-N	0.25		mg/L	3	3	1									UKMYC6	false	MEDIUM	14	MB	VZ ONLY	0.25	-2.0	S
3.4.0	UKMYC_PHENOTYPES	ukmyc_phenotypes:f36bac4a8d9d89d8	BDQ	BEDAQUILINE	CHEBI:72292	QUIJNHUBAXPXFS-XLJNKUFUSA-N	0.5		mg/L	2	2	1									UKMYC6	false	MEDIUM	14	MB	VZ ONLY	0.5	-1.0	R
3.4.0	UKMYC_PHENOTYPES	ukmyc_phenotypes:fc2af6902616a5b5	BDQ	BEDAQUILINE	CHEBI:72292	QUIJNHUBAXPXFS-XLJNKUFUSA-N	0.008	<=	mg/L	1	1	1									UKMYC6	false	MEDIUM	14	MB	VZ ONLY	<=0.008	-6.97	S
3.4.0	UKMYC_PHENOTYPES	ukmyc_phenotypes:c519a630f139f11f	BDQ	BEDAQUILINE	CHEBI:72292	QUIJNHUBAXPXFS-XLJNKUFUSA-N	0.015		mg/L	69	69	4									UKMYC6	false	MEDIUM	14	VZ	BB RUNNING	0.015	-6.06	S
3.4.0	UKMYC_PHENOTYPES	ukmyc_phenotypes:0471a8ee45fd7803	BDQ	BEDAQUILINE	CHEBI:72292	QUIJNHUBAXPXFS-XLJNKUFUSA-N	0.03		mg/L	119	119	5									UKMYC6	false	MEDIUM	14	VZ	BB RUNNING	0.03	-5.06	S
3.4.0	UKMYC_PHENOTYPES	ukmyc_phenotypes:9bc4c94363f65afe	BDQ	BEDAQUILINE	CHEBI:72292	QUIJNHUBAXPXFS-XLJNKUFUSA-N	0.06		mg/L	78	78	5									UKMYC6	false	MEDIUM	14	VZ	BB RUNNING	0.06	-4.06	S
3.4.0	UKMYC_PHENOTYPES	ukmyc_phenotypes:45e936a4637ba269	BDQ	BEDAQUILINE	CHEBI:72292	QUIJNHUBAXPXFS-XLJNKUFUSA-N	0.12		mg/L	25	25	4									UKMYC6	false	MEDIUM	14	VZ	BB RUNNING	0.12	-3.06	S
3.4.0	UKMYC_PHENOTYPES	ukmyc_phenotypes:13f7b3f561134ae6	BDQ	BEDAQUILINE	CHEBI:72292	QUIJNHUBAXPXFS-XLJNKUFUSA-N	0.25		mg/L	6	6	3									UKMYC6	false	MEDIUM	14	VZ	BB RUNNING	0.25	-2.0	S
3.4.0	UKMYC_PHENOTYPES	ukmyc_phenotypes:8c5d133534bd6049	BDQ	BEDAQUILINE	CHEBI:72292	QUIJNHUBAXPXFS-XLJNKUFUSA-N	0.5		mg/L	1	1	1									UKMYC6	false	MEDIUM	14	VZ	BB RUNNING	0.5	-1.0	R
3.4.0	UKMYC_PHENOTYPES	ukmyc_phenotypes:e0266b3cdfc33e22	BDQ	BEDAQUILINE	CHEBI:72292	QUIJNHUBAXPXFS-XLJNKUFUSA-N	0.008	<=	mg/L	35	35	4									UKMYC6	false	MEDIUM	14	VZ	BB RUNNING	<=0.008	-6.97	S
3.4.0	UKMYC_PHENOTYPES	ukmyc_phenotypes:d91cf4fb5aa551a5	BDQ	BEDAQUILINE	CHEBI:72292	QUIJNHUBAXPXFS-XLJNKUFUSA-N				1	1	1									UKMYC6	false	MEDIUM	14	VZ	BB RUNNING
3.4.0	UKMYC_PHENOTYPES	ukmyc_phenotypes:d8d4ba23ed640de5	BDQ	BEDAQUILINE	CHEBI:72292	QUIJNHUBAXPXFS-XLJNKUFUSA-N	0.015		mg/L	110	110	7									UKMYC6	false	MEDIUM	14	VZ	VZ ONLY	0.015	-6.06	S
3.4.0	UKMYC_PHENOTYPES	ukmyc_phenotypes:2217227f6f1e97e3	BDQ	BEDAQUILINE	CHEBI:72292	QUIJNHUBAXPXFS-XLJNKUFUSA-N	0.03		mg/L	196	196	9									UKMYC6	false	MEDIUM	14	VZ	VZ ONLY	0.03	-5.06	S
3.4.0	UKMYC_PHENOTYPES	ukmyc_phenotypes:d694c084137e6244	BDQ	BEDAQUILINE	CHEBI:72292	QUIJNHUBAXPXFS-XLJNKUFUSA-N	0.06		mg/L	91	91	9									UKMYC6	false	MEDIUM	14	VZ	VZ ONLY	0.06	-4.06	S
3.4.0	UKMYC_PHENOTYPES	ukmyc_phenotypes:3f903155e6bab818	BDQ	BEDAQUILINE	CHEBI:72292	QUIJNHUBAXPXFS-XLJNKUFUSA-N	0.12		mg/L	33	33	8									UKMYC6	false	MEDIUM	14	VZ	VZ ONLY	0.12	-3.06	S
3.4.0	UKMYC_PHENOTYPES	ukmyc_phenotypes:9c613cf09e1368f1	BDQ	BEDAQUILINE	CHEBI:72292	QUIJNHUBAXPXFS-XLJNKUFUSA-N	0.25		mg/L	12	12	5									UKMYC6	false	MEDIUM	14	VZ	VZ ONLY	0.25	-2.0	S
3.4.0	UKMYC_PHENOTYPES	ukmyc_phenotypes:b009b2a1838a9df0	BDQ	BEDAQUILINE	CHEBI:72292	QUIJNHUBAXPXFS-XLJNKUFUSA-N	0.5		mg/L	11	11	3									UKMYC6	false	MEDIUM	14	VZ	VZ ONLY	0.5	-1.0	R
3.4.0	UKMYC_PHENOTYPES	ukmyc_phenotypes:3b0812329e13ca55	BDQ	BEDAQUILINE	CHEBI:72292	QUIJNHUBAXPXFS-XLJNKUFUSA-N	1.0		mg/L	17	17	3									UKMYC6	false	MEDIUM	14	VZ	VZ ONLY	1.0	0.0	R
3.4.0	UKMYC_PHENOTYPES	ukmyc_phenotypes:cf1bddc2627354dc	BDQ	BEDAQUILINE	CHEBI:72292	QUIJNHUBAXPXFS-XLJNKUFUSA-N	0.008	<=	mg/L	62	62	5									UKMYC6	false	MEDIUM	14	VZ	VZ ONLY	<=0.008	-6.97	S
3.4.0	UKMYC_PHENOTYPES	ukmyc_phenotypes:95cb31181a9000a6	BDQ	BEDAQUILINE	CHEBI:72292	QUIJNHUBAXPXFS-XLJNKUFUSA-N				1	1	1									UKMYC6	false	MEDIUM	14	VZ	VZ ONLY
3.4.0	UKMYC_PHENOTYPES	ukmyc_phenotypes:e6ac74f88cd120a6	BDQ	BEDAQUILINE	CHEBI:72292	QUIJNHUBAXPXFS-XLJNKUFUSA-N	0.015		mg/L	8	8	1									UKMYC6	false	MEDIUM	21	MB	VZ ONLY	0.015	-6.06	S
3.4.0	UKMYC_PHENOTYPES	ukmyc_phenotypes:ccdeb125a814d3cf	BDQ	BEDAQUILINE	CHEBI:72292	QUIJNHUBAXPXFS-XLJNKUFUSA-N	0.03		mg/L	21	21	1									UKMYC6	false	MEDIUM	21	MB	VZ ONLY	0.03	-5.06	S
3.4.0	UKMYC_PHENOTYPES	ukmyc_phenotypes:09b46e0fe94a8a0b	BDQ	BEDAQUILINE	CHEBI:72292	QUIJNHUBAXPXFS-XLJNKUFUSA-N	0.06		mg/L	25	25	1									UKMYC6	false	MEDIUM	21	MB	VZ ONLY	0.06	-4.06	S
3.4.0	UKMYC_PHENOTYPES	ukmyc_phenotypes:a1f68c60a775f318	BDQ	BEDAQUILINE	CHEBI:72292	QUIJNHUBAXPXFS-XLJNKUFUSA-N	0.12		mg/L	4	4	1									UKMYC6	false	MEDIUM	21	MB	VZ ONLY	0.12	-3.06	S
3.4.0	UKMYC_PHENOTYPES	ukmyc_phenotypes:74120ea580534753	BDQ	BEDAQUILINE	CHEBI:72292	QUIJNHUBAXPXFS-XLJNKUFUSA-N	0.25		mg/L	3	3	1									UKMYC6	false	MEDIUM	21	MB	VZ ONLY	0.25	-2.0	S
3.4.0	UKMYC_PHENOTYPES	ukmyc_phenotypes:f433d2aa31538ba8	BDQ	BEDAQUILINE	CHEBI:72292	QUIJNHUBAXPXFS-XLJNKUFUSA-N	0.5		mg/L	2	2	1									UKMYC6	false	MEDIUM	21	MB	VZ ONLY	0.5	-1.0	R
3.4.0	UKMYC_PHENOTYPES	ukmyc_phenotypes:a8bc060e38275fc5	BDQ	BEDAQUILINE	CHEBI:72292	QUIJNHUBAXPXFS-XLJNKUFUSA-N	0.015		mg/L	10	10	4									UKMYC6	false	MEDIUM	21	VZ	BB RUNNING	0.015	-6.06	S
3.4.0	UKMYC_PHENOTYPES	ukmyc_phenotypes:8621b162d06e52c9	BDQ	BEDAQUILINE	CHEBI:72292	QUIJNHUBAXPXFS-XLJNKUFUSA-N	0.03		mg/L	14	14	5									UKMYC6	false	MEDIUM	21	VZ	BB RUNNING	0.03	-5.06	S
3.4.0	UKMYC_PHENOTYPES	ukmyc_phenotypes:e48e81fc51ebfdc1	BDQ	BEDAQUILINE	CHEBI:72292	QUIJNHUBAXPXFS-XLJNKUFUSA-N	0.06		mg/L	29	29	2									UKMYC6	false	MEDIUM	21	VZ	BB RUNNING	0.06	-4.06	S
3.4.0	UKMYC_PHENOTYPES	ukmyc_phenotypes:f9dd68f8d99c7d84	BDQ	BEDAQUILINE	CHEBI:72292	QUIJNHUBAXPXFS-XLJNKUFUSA-N	0.12		mg/L	27	27	3									UKMYC6	false	MEDIUM	21	VZ	BB RUNNING	0.12	-3.06	S
3.4.0	UKMYC_PHENOTYPES	ukmyc_phenotypes:9d9cdef5ad8270df	BDQ	BEDAQUILINE	CHEBI:72292	QUIJNHUBAXPXFS-XLJNKUFUSA-N	0.25		mg/L	5	5	1									UKMYC6	false	MEDIUM	21	VZ	BB RUNNING	0.25	-2.0	S
3.4.0	UKMYC_PHENOTYPES	ukmyc_phenotypes:1e6e8f102c5e6a18	BDQ	BEDAQUILINE	CHEBI:72292	QUIJNHUBAXPXFS-XLJNKUFUSA-N	0.008	<=	mg/L	10	10	4									UKMYC6	false	MEDIUM	21	VZ	BB RUNNING	<=0.008	-6.97	S
3.4.0	UKMYC_PHENOTYPES	ukmyc_phenotypes:ccac22a3e3e11739	BDQ	BEDAQUILINE	CHEBI:72292	QUIJNHUBAXPXFS-XLJNKUFUSA-N				15	15	1									UKMYC6	false	MEDIUM	21	VZ	BB RUNNING
3.4.0	UKMYC_PHENOTYPES	ukmyc_phenotypes:4557ce55d26d9305	BDQ	BEDAQUILINE	CHEBI:72292	QUIJNHUBAXPXFS-XLJNKUFUSA-N	0.015		mg/L	49	49	2									UKMYC6	false	MEDIUM	21	VZ	VZ ONLY	0.015	-6.06	S
3.4.0	UKMYC_PHENOTYPES	ukmyc_phenotypes:67910783b5a7ff5a	BDQ	BEDAQUILINE	CHEBI:72292	QUIJNHUBAXPXFS-XLJNKUFUSA-N	0.03		mg/L	53	53	5									UKMYC6	false	MEDIUM	21	VZ	VZ ONLY	0.03	-5.06	S
3.4.0	UKMYC_PHENOTYPES	ukmyc_phenotypes:f8a102d52ec54cee	BDQ	BEDAQUILINE	CHEBI:72292	QUIJNHUBAXPXFS-XLJNKUFUSA-N	0.06		mg/L	33	33	3									UKMYC6	false	MEDIUM	21	VZ	VZ ONLY	0.06	-4.06	S
3.4.0	UKMYC_PHENOTYPES	ukmyc_phenotypes:3131cc19fdf2af84	BDQ	BEDAQUILINE	CHEBI:72292	QUIJNHUBAXPXFS-XLJNKUFUSA-N	0.12		mg/L	9	9	3									UKMYC6	false	MEDIUM	21	VZ	VZ ONLY	0.12	-3.06	S
3.4.0	UKMYC_PHENOTYPES	ukmyc_phenotypes:54307688e73f0a7e	BDQ	BEDAQUILINE	CHEBI:72292	QUIJNHUBAXPXFS-XLJNKUFUSA-N	0.25		mg/L	2	2	1									UKMYC6	false	MEDIUM	21	VZ	VZ ONLY	0.25	-2.0	S
3.4.0	UKMYC_PHENOTYPES	ukmyc_phenotypes:bfa98618171fc2a6	BDQ	BEDAQUILINE	CHEBI:72292	QUIJNHUBAXPXFS-XLJNKUFUSA-N	1.0		mg/L	7	7	1									UKMYC6	false	MEDIUM	21	VZ	VZ ONLY	1.0	0.0	R
3.4.0	UKMYC_PHENOTYPES	ukmyc_phenotypes:65da8c99bdeca217	BDQ	BEDAQUILINE	CHEBI:72292	QUIJNHUBAXPXFS-XLJNKUFUSA-N	0.008	<=	mg/L	7	7	3									UKMYC6	false	MEDIUM	21	VZ	VZ ONLY	<=0.008	-6.97	S
3.4.0	UKMYC_PHENOTYPES	ukmyc_phenotypes:925c56a8d44d138a	BDQ	BEDAQUILINE	CHEBI:72292	QUIJNHUBAXPXFS-XLJNKUFUSA-N	1	>	mg/L	1	1	1									UKMYC6	false	MEDIUM	21	VZ	VZ ONLY	>1	1.0	R
3.4.0	UKMYC_PHENOTYPES	ukmyc_phenotypes:333f698ce6f4ad49	CFZ	CLOFAZIMINE	CHEBI:3749	WDQPAMHFFCXSNU-UHFFFAOYSA-N	0.12		mg/L	223	223	8									UKMYC5	false	HIGH	14	VZ	BB,TM AGREE	0.12	-3.06	S
3.4.0	UKMYC_PHENOTYPES	ukmyc_phenotypes:d529994657da56c9	CFZ	CLOFAZIMINE	CHEBI:3749	WDQPAMHFFCXSNU-UHFFFAOYSA-N	0.25		mg/L	102	102	8									UKMYC5	false	HIGH	14	VZ	BB,TM AGREE	0.25	-2.0	S
3.4.0	UKMYC_PHENOTYPES	ukmyc_phenotypes:b5f27b44202145e6	CFZ	CLOFAZIMINE	CHEBI:3749	WDQPAMHFFCXSNU-UHFFFAOYSA-N	0.5		mg/L	42	42	7									UKMYC5	false	HIGH	14	VZ	BB,TM AGREE	0.5	-1.0	R
3.4.0	UKMYC_PHENOTYPES	ukmyc_phenotypes:4c03c0768347fad6	CFZ	CLOFAZIMINE	CHEBI:3749	WDQPAMHFFCXSNU-UHFFFAOYSA-N	1.0		mg/L	18	18	5									UKMYC5	false	HIGH	14	VZ	BB,TM AGREE	1.0	0.0	R
3.4.0	UKMYC_PHENOTYPES	ukmyc_phenotypes:0996c2a2e54dd110	CFZ	CLOFAZIMINE	CHEBI:3749	WDQPAMHFFCXSNU-UHFFFAOYSA-N	2.0		mg/L	8	8	3									UKMYC5	false	HIGH	14	VZ	BB,TM AGREE	2.0	1.0	R
3.4.0	UKMYC_PHENOTYPES	ukmyc_phenotypes:84fad7488f8f6d14	CFZ	CLOFAZIMINE	CHEBI:3749	WDQPAMHFFCXSNU-UHFFFAOYSA-N	0.06	<=	mg/L	137	137	7									UKMYC5	false	HIGH	14	VZ	BB,TM AGREE	<=0.06	-4.06	S
3.4.0	UKMYC_PHENOTYPES	ukmyc_phenotypes:0dfeb6cc8c4af042	CFZ	CLOFAZIMINE	CHEBI:3749	WDQPAMHFFCXSNU-UHFFFAOYSA-N	4	>	mg/L	4	4	3									UKMYC5	false	HIGH	14	VZ	BB,TM AGREE	>4	3.0	R
3.4.0	UKMYC_PHENOTYPES	ukmyc_phenotypes:ad25fea84bf97dea	CFZ	CLOFAZIMINE	CHEBI:3749	WDQPAMHFFCXSNU-UHFFFAOYSA-N				30	30	5									UKMYC5	false	HIGH	14	VZ	BB,TM AGREE
3.4.0	UKMYC_PHENOTYPES	ukmyc_phenotypes:fbf26c39755e6f37	CFZ	CLOFAZIMINE	CHEBI:3749	WDQPAMHFFCXSNU-UHFFFAOYSA-N	0.12		mg/L	63	63	7									UKMYC5	false	HIGH	14	VZ	VZ,BB AGREE	0.12	-3.06	S
3.4.0	UKMYC_PHENOTYPES	ukmyc_phenotypes:8e60f457c21b9bde	CFZ	CLOFAZIMINE	CHEBI:3749	WDQPAMHFFCXSNU-UHFFFAOYSA-N	0.25		mg/L	40	40	4									UKMYC5	false	HIGH	14	VZ	VZ,BB AGREE	0.25	-2.0	S
3.4.0	UKMYC_PHENOTYPES	ukmyc_phenotypes:bdf378156ce65368	CFZ	CLOFAZIMINE	CHEBI:3749	WDQPAMHFFCXSNU-UHFFFAOYSA-N	0.5		mg/L	5	5	3									UKMYC5	false	HIGH	14	VZ	VZ,BB AGREE	0.5	-1.0	R
3.4.0	UKMYC_PHENOTYPES	ukmyc_phenotypes:9f684fa54461eee2	CFZ	CLOFAZIMINE	CHEBI:3749	WDQPAMHFFCXSNU-UHFFFAOYSA-N	1.0		mg/L	1	1	1									UKMYC5	false	HIGH	14	VZ	VZ,BB AGREE	1.0	0.0	R
3.4.0	UKMYC_PHENOTYPES	ukmyc_phenotypes:afd9abb2f3b6c5c4	CFZ	CLOFAZIMINE	CHEBI:3749	WDQPAMHFFCXSNU-UHFFFAOYSA-N	2.0		mg/L	1	1	1									UKMYC5	false	HIGH	14	VZ	VZ,BB AGREE	2.0	1.0	R
3.4.0	UKMYC_PHENOTYPES	ukmyc_phenotypes:faea91ea8828108e	CFZ	CLOFAZIMINE	CHEBI:3749	WDQPAMHFFCXSNU-UHFFFAOYSA-N	0.06	<=	mg/L	475	475	8									UKMYC5	false	HIGH	14	VZ	VZ,BB AGREE	<=0.06	-4.06	S
3.4.0	UKMYC_PHENOTYPES	ukmyc_phenotypes:d3b977f8122599b2	CFZ	CLOFAZIMINE	CHEBI:3749	WDQPAMHFFCXSNU-UHFFFAOYSA-N	4	>	mg/L	2	2	1									UKMYC5	false	HIGH	14	VZ	VZ,BB AGREE	>4	3.0	R
3.4.0	UKMYC_PHENOTYPES	ukmyc_phenotypes:fe6699bc695e4a77	CFZ	CLOFAZIMINE	CHEBI:3749	WDQPAMHFFCXSNU-UHFFFAOYSA-N				3	3	2									UKMYC5	false	HIGH	14	VZ	VZ,BB AGREE
3.4.0	UKMYC_PHENOTYPES	ukmyc_phenotypes:31dbb17250b73143	CFZ	CLOFAZIMINE	CHEBI:3749	WDQPAMHFFCXSNU-UHFFFAOYSA-N	0.12		mg/L	844	844	8									UKMYC5	false	HIGH	14	VZ	VZ,TM AGREE	0.12	-3.06	S
3.4.0	UKMYC_PHENOTYPES	ukmyc_phenotypes:7ca766ad87a24527	CFZ	CLOFAZIMINE	CHEBI:3749	WDQPAMHFFCXSNU-UHFFFAOYSA-N	0.25		mg/L	263	263	7									UKMYC5	false	HIGH	14	VZ	VZ,TM AGREE	0.25	-2.0	S
3.4.0	UKMYC_PHENOTYPES	ukmyc_phenotypes:e551112393faa0d4	CFZ	CLOFAZIMINE	CHEBI:3749	WDQPAMHFFCXSNU-UHFFFAOYSA-N	0.5		mg/L	64	64	6									UKMYC5	false	HIGH	14	VZ	VZ,TM AGREE	0.5	-1.0	R
3.4.0	UKMYC_PHENOTYPES	ukmyc_phenotypes:f94f200facbae427	CFZ	CLOFAZIMINE	CHEBI:3749	WDQPAMHFFCXSNU-UHFFFAOYSA-N	1.0		mg/L	19	19	5									UKMYC5	false	HIGH	14	VZ	VZ,TM AGREE	1.0	0.0	R
3.4.0	UKMYC_PHENOTYPES	ukmyc_phenotypes:fd754e8485a3e63b	CFZ	CLOFAZIMINE	CHEBI:3749	WDQPAMHFFCXSNU-UHFFFAOYSA-N	2.0		mg/L	4	4	1									UKMYC5	false	HIGH	14	VZ	VZ,TM AGREE	2.0	1.0	R
3.4.0	UKMYC_PHENOTYPES	ukmyc_phenotypes:dbc64f7ca150aa08	CFZ	CLOFAZIMINE	CHEBI:3749	WDQPAMHFFCXSNU-UHFFFAOYSA-N	0.06	<=	mg/L	2401	2401	8									UKMYC5	false	HIGH	14	VZ	VZ,TM AGREE	<=0.06	-4.06	S
3.4.0	UKMYC_PHENOTYPES	ukmyc_phenotypes:d741ce29e3053827	CFZ	CLOFAZIMINE	CHEBI:3749	WDQPAMHFFCXSNU-UHFFFAOYSA-N	4	>	mg/L	3	3	1									UKMYC5	false	HIGH	14	VZ	VZ,TM AGREE	>4	3.0	R
3.4.0	UKMYC_PHENOTYPES	ukmyc_phenotypes:aa0e9fb7a36c48ee	CFZ	CLOFAZIMINE	CHEBI:3749	WDQPAMHFFCXSNU-UHFFFAOYSA-N	0.12		mg/L	5	5	3									UKMYC5	false	HIGH	21	VZ	BB,TM AGREE	0.12	-3.06	S
3.4.0	UKMYC_PHENOTYPES	ukmyc_phenotypes:d7279abdaf15c294	CFZ	CLOFAZIMINE	CHEBI:3749	WDQPAMHFFCXSNU-UHFFFAOYSA-N	0.25		mg/L	2	2	2									UKMYC5	false	HIGH	21	VZ	BB,TM AGREE	0.25	-2.0	S
3.4.0	UKMYC_PHENOTYPES	ukmyc_phenotypes:72ed3d90e888dc88	CFZ	CLOFAZIMINE	CHEBI:3749	WDQPAMHFFCXSNU-UHFFFAOYSA-N	0.5		mg/L	2	2	2									UKMYC5	false	HIGH	21	VZ	BB,TM AGREE	0.5	-1.0	R
3.4.0	UKMYC_PHENOTYPES	ukmyc_phenotypes:210b6b7943f6f868	CFZ	CLOFAZIMINE	CHEBI:3749	WDQPAMHFFCXSNU-UHFFFAOYSA-N	0.06	<=	mg/L	2	2	1									UKMYC5	false	HIGH	21	VZ	BB,TM AGREE	<=0.06	-4.06	S
3.4.0	UKMYC_PHENOTYPES	ukmyc_phenotypes:172dd971fdaf17b7	CFZ	CLOFAZIMINE	CHEBI:3749	WDQPAMHFFCXSNU-UHFFFAOYSA-N	0.12		mg/L	2	2	2									UKMYC5	false	HIGH	21	VZ	VZ,BB AGREE	0.12	-3.06	S
3.4.0	UKMYC_PHENOTYPES	ukmyc_phenotypes:a42b54ebbfbf7811	CFZ	CLOFAZIMINE	CHEBI:3749	WDQPAMHFFCXSNU-UHFFFAOYSA-N	0.06	<=	mg/L	5	5	3									UKMYC5	false	HIGH	21	VZ	VZ,BB AGREE	<=0.06	-4.06	S
3.4.0	UKMYC_PHENOTYPES	ukmyc_phenotypes:c8cc620e9f69a25e	CFZ	CLOFAZIMINE	CHEBI:3749	WDQPAMHFFCXSNU-UHFFFAOYSA-N	0.12		mg/L	14	14	4									UKMYC5	false	HIGH	21	VZ	VZ,TM AGREE	0.12	-3.06	S
3.4.0	UKMYC_PHENOTYPES	ukmyc_phenotypes:2c60fc160c47dca3	CFZ	CLOFAZIMINE	CHEBI:3749	WDQPAMHFFCXSNU-UHFFFAOYSA-N	0.25		mg/L	3	3	3									UKMYC5	false	HIGH	21	VZ	VZ,TM AGREE	0.25	-2.0	S
3.4.0	UKMYC_PHENOTYPES	ukmyc_phenotypes:d6c82bec93c3c3cc	CFZ	CLOFAZIMINE	CHEBI:3749	WDQPAMHFFCXSNU-UHFFFAOYSA-N	0.06	<=	mg/L	68	68	6									UKMYC5	false	HIGH	21	VZ	VZ,TM AGREE	<=0.06	-4.06	S
3.4.0	UKMYC_PHENOTYPES	ukmyc_phenotypes:2d874c157a45d242	CFZ	CLOFAZIMINE	CHEBI:3749	WDQPAMHFFCXSNU-UHFFFAOYSA-N	0.12		mg/L	213	213	7									UKMYC5	false	LOW	14	VZ	ALL DISAGREE	0.12	-3.06	S
3.4.0	UKMYC_PHENOTYPES	ukmyc_phenotypes:e29e1577d8e60d63	CFZ	CLOFAZIMINE	CHEBI:3749	WDQPAMHFFCXSNU-UHFFFAOYSA-N	0.25		mg/L	153	153	7									UKMYC5	false	LOW	14	VZ	ALL DISAGREE	0.25	-2.0	S
3.4.0	UKMYC_PHENOTYPES	ukmyc_phenotypes:6ba1d00d2592d19f	CFZ	CLOFAZIMINE	CHEBI:3749	WDQPAMHFFCXSNU-UHFFFAOYSA-N	0.5		mg/L	54	54	7									UKMYC5	false	LOW	14	VZ	ALL DISAGREE	0.5	-1.0	R
3.4.0	UKMYC_PHENOTYPES	ukmyc_phenotypes:8f191ec4f97afd6d	CFZ	CLOFAZIMINE	CHEBI:3749	WDQPAMHFFCXSNU-UHFFFAOYSA-N	1.0		mg/L	30	30	5									UKMYC5	false	LOW	14	VZ	ALL DISAGREE	1.0	0.0	R
3.4.0	UKMYC_PHENOTYPES	ukmyc_phenotypes:c45eeb937b551cae	CFZ	CLOFAZIMINE	CHEBI:3749	WDQPAMHFFCXSNU-UHFFFAOYSA-N	2.0		mg/L	11	11	3									UKMYC5	false	LOW	14	VZ	ALL DISAGREE	2.0	1.0	R
3.4.0	UKMYC_PHENOTYPES	ukmyc_phenotypes:8eb360796cd7be5a	CFZ	CLOFAZIMINE	CHEBI:3749	WDQPAMHFFCXSNU-UHFFFAOYSA-N	4.0		mg/L	7	7	1									UKMYC5	false	LOW	14	VZ	ALL DISAGREE	4.0	2.0	R
3.4.0	UKMYC_PHENOTYPES	ukmyc_phenotypes:94d4efb4c73d1286	CFZ	CLOFAZIMINE	CHEBI:3749	WDQPAMHFFCXSNU-UHFFFAOYSA-N	0.06	<=	mg/L	480	480	7									UKMYC5	false	LOW	14	VZ	ALL DISAGREE	<=0.06	-4.06	S
3.4.0	UKMYC_PHENOTYPES	ukmyc_phenotypes:1d00b658dbd5d3d1	CFZ	CLOFAZIMINE	CHEBI:3749	WDQPAMHFFCXSNU-UHFFFAOYSA-N	4	>	mg/L	9	9	1									UKMYC5	false	LOW	14	VZ	ALL DISAGREE	>4	3.0	R
3.4.0	UKMYC_PHENOTYPES	ukmyc_phenotypes:69c11e092dbde946	CFZ	CLOFAZIMINE	CHEBI:3749	WDQPAMHFFCXSNU-UHFFFAOYSA-N				16	16	3									UKMYC5	false	LOW	14	VZ	ALL DISAGREE
3.4.0	UKMYC_PHENOTYPES	ukmyc_phenotypes:05fd25e11fb83671	CFZ	CLOFAZIMINE	CHEBI:3749	WDQPAMHFFCXSNU-UHFFFAOYSA-N	0.12		mg/L	4	4	1									UKMYC5	false	LOW	21	VZ	ALL DISAGREE	0.12	-3.06	S
3.4.0	UKMYC_PHENOTYPES	ukmyc_phenotypes:de6e6c39e258c055	CFZ	CLOFAZIMINE	CHEBI:3749	WDQPAMHFFCXSNU-UHFFFAOYSA-N	0.25		mg/L	7	7	3									UKMYC5	false	LOW	21	VZ	ALL DISAGREE	0.25	-2.0	S
3.4.0	UKMYC_PHENOTYPES	ukmyc_phenotypes:a4aaf91f44e080f8	CFZ	CLOFAZIMINE	CHEBI:3749	WDQPAMHFFCXSNU-UHFFFAOYSA-N	1.0		mg/L	1	1	1									UKMYC5	false	LOW	21	VZ	ALL DISAGREE	1.0	0.0	R
3.4.0	UKMYC_PHENOTYPES	ukmyc_phenotypes:2287a64352aa01c8	CFZ	CLOFAZIMINE	CHEBI:3749	WDQPAMHFFCXSNU-UHFFFAOYSA-N	2.0		mg/L	1	1	1									UKMYC5	false	LOW	21	VZ	ALL DISAGREE	2.0	1.0	R
3.4.0	UKMYC_PHENOTYPES	ukmyc_phenotypes:557c131d0331ef25	CFZ	CLOFAZIMINE	CHEBI:3749	WDQPAMHFFCXSNU-UHFFFAOYSA-N	0.06	<=	mg/L	17	17	4									UKMYC5	false	LOW	21	VZ	ALL DISAGREE	<=0.06	-4.06	S
3.4.0	UKMYC_PHENOTYPES	ukmyc_phenotypes:55b0b47347de664c	CFZ	CLOFAZIMINE	CHEBI:3749	WDQPAMHFFCXSNU-UHFFFAOYSA-N				80	80	1									UKMYC5	false	MEDIUM	10	VZ	VZ ONLY
3.4.0	UKMYC_PHENOTYPES	ukmyc_phenotypes:4ab01e6c6031a2bd	CFZ	CLOFAZIMINE	CHEBI:3749	WDQPAMHFFCXSNU-UHFFFAOYSA-N	0.25		mg/L	1	1	1									UKMYC5	false	MEDIUM	14	VZ	BB RUNNING	0.25	-2.0	S
3.4.0	UKMYC_PHENOTYPES	ukmyc_phenotypes:e46becd294eff70d	CFZ	CLOFAZIMINE	CHEBI:3749	WDQPAMHFFCXSNU-UHFFFAOYSA-N	0.06	<=	mg/L	1	1	1									UKMYC5	false	MEDIUM	14	VZ	BB RUNNING	<=0.06	-4.06	S
3.4.0	UKMYC_PHENOTYPES	ukmyc_phenotypes:15917d2f7b9767de	CFZ	CLOFAZIMINE	CHEBI:3749	WDQPAMHFFCXSNU-UHFFFAOYSA-N				1	1	1									UKMYC5	false	MEDIUM	14	VZ	BB RUNNING
3.4.0	UKMYC_PHENOTYPES	ukmyc_phenotypes:72ab1661f856e0ef	CFZ	CLOFAZIMINE	CHEBI:3749	WDQPAMHFFCXSNU-UHFFFAOYSA-N	0.12		mg/L	255	255	6									UKMYC5	false	MEDIUM	14	VZ	VZ ONLY	0.12	-3.06	S
3.4.0	UKMYC_PHENOTYPES	ukmyc_phenotypes:150078bc23b7a747	CFZ	CLOFAZIMINE	CHEBI:3749	WDQPAMHFFCXSNU-UHFFFAOYSA-N	0.25		mg/L	100	100	5									UKMYC5	false	MEDIUM	14	VZ	VZ ONLY	0.25	-2.0	S
3.4.0	UKMYC_PHENOTYPES	ukmyc_phenotypes:aef032612b218621	CFZ	CLOFAZIMINE	CHEBI:3749	WDQPAMHFFCXSNU-UHFFFAOYSA-N	0.5		mg/L	21	21	4									UKMYC5	false	MEDIUM	14	VZ	VZ ONLY	0.5	-1.0	R
3.4.0	UKMYC_PHENOTYPES	ukmyc_phenotypes:7f203e71dcb46b01	CFZ	CLOFAZIMINE	CHEBI:3749	WDQPAMHFFCXSNU-UHFFFAOYSA-N	1.0		mg/L	8	8	3									UKMYC5	false	MEDIUM	14	VZ	VZ ONLY	1.0	0.0	R
3.4.0	UKMYC_PHENOTYPES	ukmyc_phenotypes:ec522583dd754223	CFZ	CLOFAZIMINE	CHEBI:3749	WDQPAMHFFCXSNU-UHFFFAOYSA-N	2.0		mg/L	2	2	1									UKMYC5	false	MEDIUM	14	VZ	VZ ONLY	2.0	1.0	R
3.4.0	UKMYC_PHENOTYPES	ukmyc_phenotypes:939e8f032ac9ee5a	CFZ	CLOFAZIMINE	CHEBI:3749	WDQPAMHFFCXSNU-UHFFFAOYSA-N	4.0		mg/L	1	1	1									UKMYC5	false	MEDIUM	14	VZ	VZ ONLY	4.0	2.0	R
3.4.0	UKMYC_PHENOTYPES	ukmyc_phenotypes:91012fa85dcaf78e	CFZ	CLOFAZIMINE	CHEBI:3749	WDQPAMHFFCXSNU-UHFFFAOYSA-N	0.06	<=	mg/L	673	673	7									UKMYC5	false	MEDIUM	14	VZ	VZ ONLY	<=0.06	-4.06	S
3.4.0	UKMYC_PHENOTYPES	ukmyc_phenotypes:6c87622f6c403fea	CFZ	CLOFAZIMINE	CHEBI:3749	WDQPAMHFFCXSNU-UHFFFAOYSA-N				23	23	3									UKMYC5	false	MEDIUM	14	VZ	VZ ONLY
3.4.0	UKMYC_PHENOTYPES	ukmyc_phenotypes:b07b39a187d502a2	CFZ	CLOFAZIMINE	CHEBI:3749	WDQPAMHFFCXSNU-UHFFFAOYSA-N	0.12		mg/L	2	2	2									UKMYC5	false	MEDIUM	21	VZ	VZ ONLY	0.12	-3.06	S
3.4.0	UKMYC_PHENOTYPES	ukmyc_phenotypes:009d3c39b0d144f9	CFZ	CLOFAZIMINE	CHEBI:3749	WDQPAMHFFCXSNU-UHFFFAOYSA-N	0.06	<=	mg/L	11	11	3									UKMYC5	false	MEDIUM	21	VZ	VZ ONLY	<=0.06	-4.06	S
3.4.0	UKMYC_PHENOTYPES	ukmyc_phenotypes:47c8778a285a8e26	CFZ	CLOFAZIMINE	CHEBI:3749	WDQPAMHFFCXSNU-UHFFFAOYSA-N				2	2	1									UKMYC5	false	MEDIUM	21	VZ	VZ ONLY
3.4.0	UKMYC_PHENOTYPES	ukmyc_phenotypes:8fbb6ad59df63d77	CFZ	CLOFAZIMINE	CHEBI:3749	WDQPAMHFFCXSNU-UHFFFAOYSA-N	0.06		mg/L	174	174	8									UKMYC6	false	HIGH	14	VZ	BB,TM AGREE	0.06	-4.06	S
3.4.0	UKMYC_PHENOTYPES	ukmyc_phenotypes:6314c194af6bfeaa	CFZ	CLOFAZIMINE	CHEBI:3749	WDQPAMHFFCXSNU-UHFFFAOYSA-N	0.12		mg/L	245	245	9									UKMYC6	false	HIGH	14	VZ	BB,TM AGREE	0.12	-3.06	S
3.4.0	UKMYC_PHENOTYPES	ukmyc_phenotypes:642fa545aa9e0f34	CFZ	CLOFAZIMINE	CHEBI:3749	WDQPAMHFFCXSNU-UHFFFAOYSA-N	0.25		mg/L	164	164	9									UKMYC6	false	HIGH	14	VZ	BB,TM AGREE	0.25	-2.0	S
3.4.0	UKMYC_PHENOTYPES	ukmyc_phenotypes:b194cec1c0b884a0	CFZ	CLOFAZIMINE	CHEBI:3749	WDQPAMHFFCXSNU-UHFFFAOYSA-N	0.5		mg/L	59	59	7									UKMYC6	false	HIGH	14	VZ	BB,TM AGREE	0.5	-1.0	R
3.4.0	UKMYC_PHENOTYPES	ukmyc_phenotypes:bfd0d1e707751562	CFZ	CLOFAZIMINE	CHEBI:3749	WDQPAMHFFCXSNU-UHFFFAOYSA-N	1.0		mg/L	9	9	3									UKMYC6	false	HIGH	14	VZ	BB,TM AGREE	1.0	0.0	R
3.4.0	UKMYC_PHENOTYPES	ukmyc_phenotypes:f8f990f8fbc0d2dc	CFZ	CLOFAZIMINE	CHEBI:3749	WDQPAMHFFCXSNU-UHFFFAOYSA-N	2.0		mg/L	4	4	2									UKMYC6	false	HIGH	14	VZ	BB,TM AGREE	2.0	1.0	R
3.4.0	UKMYC_PHENOTYPES	ukmyc_phenotypes:a04371c0ea244045	CFZ	CLOFAZIMINE	CHEBI:3749	WDQPAMHFFCXSNU-UHFFFAOYSA-N	0.03	<=	mg/L	35	35	6									UKMYC6	false	HIGH	14	VZ	BB,TM AGREE	<=0.03	-5.06	S
3.4.0	UKMYC_PHENOTYPES	ukmyc_phenotypes:4b7bca5849f9acad	CFZ	CLOFAZIMINE	CHEBI:3749	WDQPAMHFFCXSNU-UHFFFAOYSA-N	2	>	mg/L	19	19	5									UKMYC6	false	HIGH	14	VZ	BB,TM AGREE	>2	2.0	R
3.4.0	UKMYC_PHENOTYPES	ukmyc_phenotypes:426f915d9137f8fb	CFZ	CLOFAZIMINE	CHEBI:3749	WDQPAMHFFCXSNU-UHFFFAOYSA-N				10	10	6									UKMYC6	false	HIGH	14	VZ	BB,TM AGREE
3.4.0	UKMYC_PHENOTYPES	ukmyc_phenotypes:311c0d1ee76987dd	CFZ	CLOFAZIMINE	CHEBI:3749	WDQPAMHFFCXSNU-UHFFFAOYSA-N	0.06		mg/L	99	99	9									UKMYC6	false	HIGH	14	VZ	VZ,BB AGREE	0.06	-4.06	S
3.4.0	UKMYC_PHENOTYPES	ukmyc_phenotypes:288d8517b4aa1fb9	CFZ	CLOFAZIMINE	CHEBI:3749	WDQPAMHFFCXSNU-UHFFFAOYSA-N	0.12		mg/L	89	89	9									UKMYC6	false	HIGH	14	VZ	VZ,BB AGREE	0.12	-3.06	S
3.4.0	UKMYC_PHENOTYPES	ukmyc_phenotypes:daa7fb0c581371d6	CFZ	CLOFAZIMINE	CHEBI:3749	WDQPAMHFFCXSNU-UHFFFAOYSA-N	0.25		mg/L	24	24	6									UKMYC6	false	HIGH	14	VZ	VZ,BB AGREE	0.25	-2.0	S
3.4.0	UKMYC_PHENOTYPES	ukmyc_phenotypes:67e302c8414acda2	CFZ	CLOFAZIMINE	CHEBI:3749	WDQPAMHFFCXSNU-UHFFFAOYSA-N	0.5		mg/L	10	10	4									UKMYC6	false	HIGH	14	VZ	VZ,BB AGREE	0.5	-1.0	R
3.4.0	UKMYC_PHENOTYPES	ukmyc_phenotypes:c2c80d5c96178d91	CFZ	CLOFAZIMINE	CHEBI:3749	WDQPAMHFFCXSNU-UHFFFAOYSA-N	1.0		mg/L	8	8	3									UKMYC6	false	HIGH	14	VZ	VZ,BB AGREE	1.0	0.0	R
3.4.0	UKMYC_PHENOTYPES	ukmyc_phenotypes:a02d36c73dbbc325	CFZ	CLOFAZIMINE	CHEBI:3749	WDQPAMHFFCXSNU-UHFFFAOYSA-N	2.0		mg/L	6	6	1									UKMYC6	false	HIGH	14	VZ	VZ,BB AGREE	2.0	1.0	R
3.4.0	UKMYC_PHENOTYPES	ukmyc_phenotypes:4057fe7d03a9663b	CFZ	CLOFAZIMINE	CHEBI:3749	WDQPAMHFFCXSNU-UHFFFAOYSA-N	0.03	<=	mg/L	80	80	8									UKMYC6	false	HIGH	14	VZ	VZ,BB AGREE	<=0.03	-5.06	S
3.4.0	UKMYC_PHENOTYPES	ukmyc_phenotypes:783a22293acfbacc	CFZ	CLOFAZIMINE	CHEBI:3749	WDQPAMHFFCXSNU-UHFFFAOYSA-N	2	>	mg/L	3	3	2									UKMYC6	false	HIGH	14	VZ	VZ,BB AGREE	>2	2.0	R
3.4.0	UKMYC_PHENOTYPES	ukmyc_phenotypes:8b8ff631fdd01387	CFZ	CLOFAZIMINE	CHEBI:3749	WDQPAMHFFCXSNU-UHFFFAOYSA-N				9	9	4									UKMYC6	false	HIGH	14	VZ	VZ,BB AGREE
3.4.0	UKMYC_PHENOTYPES	ukmyc_phenotypes:4277f717004b2c76	CFZ	CLOFAZIMINE	CHEBI:3749	WDQPAMHFFCXSNU-UHFFFAOYSA-N	0.06		mg/L	3730	3730	12									UKMYC6	false	HIGH	14	VZ	VZ,TM AGREE	0.06	-4.06	S
3.4.0	UKMYC_PHENOTYPES	ukmyc_phenotypes:4e194c9dc924f1f2	CFZ	CLOFAZIMINE	CHEBI:3749	WDQPAMHFFCXSNU-UHFFFAOYSA-N	0.12		mg/L	2311	2311	10									UKMYC6	false	HIGH	14	VZ	VZ,TM AGREE	0.12	-3.06	S
3.4.0	UKMYC_PHENOTYPES	ukmyc_phenotypes:d6a8e5ab5feaca30	CFZ	CLOFAZIMINE	CHEBI:3749	WDQPAMHFFCXSNU-UHFFFAOYSA-N	0.25		mg/L	753	753	11									UKMYC6	false	HIGH	14	VZ	VZ,TM AGREE	0.25	-2.0	S
3.4.0	UKMYC_PHENOTYPES	ukmyc_phenotypes:3038a3075714ca49	CFZ	CLOFAZIMINE	CHEBI:3749	WDQPAMHFFCXSNU-UHFFFAOYSA-N	0.5		mg/L	227	227	9									UKMYC6	false	HIGH	14	VZ	VZ,TM AGREE	0.5	-1.0	R
3.4.0	UKMYC_PHENOTYPES	ukmyc_phenotypes:065da46bec5615f4	CFZ	CLOFAZIMINE	CHEBI:3749	WDQPAMHFFCXSNU-UHFFFAOYSA-N	1.0		mg/L	61	61	7									UKMYC6	false	HIGH	14	VZ	VZ,TM AGREE	1.0	0.0	R
3.4.0	UKMYC_PHENOTYPES	ukmyc_phenotypes:258eb8b3c948346a	CFZ	CLOFAZIMINE	CHEBI:3749	WDQPAMHFFCXSNU-UHFFFAOYSA-N	2.0		mg/L	18	18	5									UKMYC6	false	HIGH	14	VZ	VZ,TM AGREE	2.0	1.0	R
3.4.0	UKMYC_PHENOTYPES	ukmyc_phenotypes:2d4e8a0992e6b48a	CFZ	CLOFAZIMINE	CHEBI:3749	WDQPAMHFFCXSNU-UHFFFAOYSA-N	0.03	<=	mg/L	1941	1941	9									UKMYC6	false	HIGH	14	VZ	VZ,TM AGREE	<=0.03	-5.06	S
3.4.0	UKMYC_PHENOTYPES	ukmyc_phenotypes:bb6ded5d47de382a	CFZ	CLOFAZIMINE	CHEBI:3749	WDQPAMHFFCXSNU-UHFFFAOYSA-N	2	>	mg/L	7	7	2									UKMYC6	false	HIGH	14	VZ	VZ,TM AGREE	>2	2.0	R
3.4.0	UKMYC_PHENOTYPES	ukmyc_phenotypes:6b5f02fadc9639f8	CFZ	CLOFAZIMINE	CHEBI:3749	WDQPAMHFFCXSNU-UHFFFAOYSA-N	0.06		mg/L	9	9	4									UKMYC6	false	HIGH	21	VZ	BB,TM AGREE	0.06	-4.06	S
3.4.0	UKMYC_PHENOTYPES	ukmyc_phenotypes:9ef6350ac3307f46	CFZ	CLOFAZIMINE	CHEBI:3749	WDQPAMHFFCXSNU-UHFFFAOYSA-N	0.12		mg/L	8	8	4									UKMYC6	false	HIGH	21	VZ	BB,TM AGREE	0.12	-3.06	S
3.4.0	UKMYC_PHENOTYPES	ukmyc_phenotypes:7376f4882f82f37d	CFZ	CLOFAZIMINE	CHEBI:3749	WDQPAMHFFCXSNU-UHFFFAOYSA-N	0.25		mg/L	1	1	1									UKMYC6	false	HIGH	21	VZ	BB,TM AGREE	0.25	-2.0	S
3.4.0	UKMYC_PHENOTYPES	ukmyc_phenotypes:ec5e890e54ad17d3	CFZ	CLOFAZIMINE	CHEBI:3749	WDQPAMHFFCXSNU-UHFFFAOYSA-N	0.03	<=	mg/L	4	4	3									UKMYC6	false	HIGH	21	VZ	BB,TM AGREE	<=0.03	-5.06	S
3.4.0	UKMYC_PHENOTYPES	ukmyc_phenotypes:c66ae1998e47291e	CFZ	CLOFAZIMINE	CHEBI:3749	WDQPAMHFFCXSNU-UHFFFAOYSA-N	0.06		mg/L	1	1	1									UKMYC6	false	HIGH	21	VZ	VZ,BB AGREE	0.06	-4.06	S
3.4.0	UKMYC_PHENOTYPES	ukmyc_phenotypes:36ca34fbee3e7885	CFZ	CLOFAZIMINE	CHEBI:3749	WDQPAMHFFCXSNU-UHFFFAOYSA-N	0.12		mg/L	2	2	1									UKMYC6	false	HIGH	21	VZ	VZ,BB AGREE	0.12	-3.06	S
3.4.0	UKMYC_PHENOTYPES	ukmyc_phenotypes:5227c3f11c7f6627	CFZ	CLOFAZIMINE	CHEBI:3749	WDQPAMHFFCXSNU-UHFFFAOYSA-N	0.03	<=	mg/L	8	8	5									UKMYC6	false	HIGH	21	VZ	VZ,BB AGREE	<=0.03	-5.06	S
3.4.0	UKMYC_PHENOTYPES	ukmyc_phenotypes:0db37ea2307d3198	CFZ	CLOFAZIMINE	CHEBI:3749	WDQPAMHFFCXSNU-UHFFFAOYSA-N	0.06		mg/L	268	268	8									UKMYC6	false	HIGH	21	VZ	VZ,TM AGREE	0.06	-4.06	S
3.4.0	UKMYC_PHENOTYPES	ukmyc_phenotypes:2f8c162833a16b10	CFZ	CLOFAZIMINE	CHEBI:3749	WDQPAMHFFCXSNU-UHFFFAOYSA-N	0.12		mg/L	195	195	8									UKMYC6	false	HIGH	21	VZ	VZ,TM AGREE	0.12	-3.06	S
3.4.0	UKMYC_PHENOTYPES	ukmyc_phenotypes:12255c4713514363	CFZ	CLOFAZIMINE	CHEBI:3749	WDQPAMHFFCXSNU-UHFFFAOYSA-N	0.25		mg/L	56	56	5									UKMYC6	false	HIGH	21	VZ	VZ,TM AGREE	0.25	-2.0	S
3.4.0	UKMYC_PHENOTYPES	ukmyc_phenotypes:00cf21cd596daea7	CFZ	CLOFAZIMINE	CHEBI:3749	WDQPAMHFFCXSNU-UHFFFAOYSA-N	0.5		mg/L	24	24	4									UKMYC6	false	HIGH	21	VZ	VZ,TM AGREE	0.5	-1.0	R
3.4.0	UKMYC_PHENOTYPES	ukmyc_phenotypes:a414d8d8ef2c0306	CFZ	CLOFAZIMINE	CHEBI:3749	WDQPAMHFFCXSNU-UHFFFAOYSA-N	1.0		mg/L	3	3	3									UKMYC6	false	HIGH	21	VZ	VZ,TM AGREE	1.0	0.0	R
3.4.0	UKMYC_PHENOTYPES	ukmyc_phenotypes:3ef714837434db31	CFZ	CLOFAZIMINE	CHEBI:3749	WDQPAMHFFCXSNU-UHFFFAOYSA-N	2.0		mg/L	1	1	1									UKMYC6	false	HIGH	21	VZ	VZ,TM AGREE	2.0	1.0	R
3.4.0	UKMYC_PHENOTYPES	ukmyc_phenotypes:22cfbfb2246fe589	CFZ	CLOFAZIMINE	CHEBI:3749	WDQPAMHFFCXSNU-UHFFFAOYSA-N	0.03	<=	mg/L	261	261	8									UKMYC6	false	HIGH	21	VZ	VZ,TM AGREE	<=0.03	-5.06	S
3.4.0	UKMYC_PHENOTYPES	ukmyc_phenotypes:bf1d527f3f3e6cba	CFZ	CLOFAZIMINE	CHEBI:3749	WDQPAMHFFCXSNU-UHFFFAOYSA-N				2	2	1									UKMYC6	false	HIGH	21	VZ	VZ,TM AGREE
3.4.0	UKMYC_PHENOTYPES	ukmyc_phenotypes:71d92407f5114c0d	CFZ	CLOFAZIMINE	CHEBI:3749	WDQPAMHFFCXSNU-UHFFFAOYSA-N	0.06		mg/L	615	615	9									UKMYC6	false	LOW	14	VZ	ALL DISAGREE	0.06	-4.06	S
3.4.0	UKMYC_PHENOTYPES	ukmyc_phenotypes:be7293110d01998f	CFZ	CLOFAZIMINE	CHEBI:3749	WDQPAMHFFCXSNU-UHFFFAOYSA-N	0.12		mg/L	746	746	9									UKMYC6	false	LOW	14	VZ	ALL DISAGREE	0.12	-3.06	S
3.4.0	UKMYC_PHENOTYPES	ukmyc_phenotypes:9988547b4fef03a5	CFZ	CLOFAZIMINE	CHEBI:3749	WDQPAMHFFCXSNU-UHFFFAOYSA-N	0.25		mg/L	376	376	9									UKMYC6	false	LOW	14	VZ	ALL DISAGREE	0.25	-2.0	S
3.4.0	UKMYC_PHENOTYPES	ukmyc_phenotypes:0e318dd7fe51d00c	CFZ	CLOFAZIMINE	CHEBI:3749	WDQPAMHFFCXSNU-UHFFFAOYSA-N	0.5		mg/L	117	117	7									UKMYC6	false	LOW	14	VZ	ALL DISAGREE	0.5	-1.0	R
3.4.0	UKMYC_PHENOTYPES	ukmyc_phenotypes:947b149c331a2535	CFZ	CLOFAZIMINE	CHEBI:3749	WDQPAMHFFCXSNU-UHFFFAOYSA-N	1.0		mg/L	35	35	6									UKMYC6	false	LOW	14	VZ	ALL DISAGREE	1.0	0.0	R
3.4.0	UKMYC_PHENOTYPES	ukmyc_phenotypes:046d81b479d8c9b7	CFZ	CLOFAZIMINE	CHEBI:3749	WDQPAMHFFCXSNU-UHFFFAOYSA-N	2.0		mg/L	14	14	5									UKMYC6	false	LOW	14	VZ	ALL DISAGREE	2.0	1.0	R
3.4.0	UKMYC_PHENOTYPES	ukmyc_phenotypes:d13de321d69bfc89	CFZ	CLOFAZIMINE	CHEBI:3749	WDQPAMHFFCXSNU-UHFFFAOYSA-N	0.03	<=	mg/L	326	326	8									UKMYC6	false	LOW	14	VZ	ALL DISAGREE	<=0.03	-5.06	S
3.4.0	UKMYC_PHENOTYPES	ukmyc_phenotypes:fab48b12b1cefcca	CFZ	CLOFAZIMINE	CHEBI:3749	WDQPAMHFFCXSNU-UHFFFAOYSA-N				12	12	3									UKMYC6	false	LOW	14	VZ	ALL DISAGREE
3.4.0	UKMYC_PHENOTYPES	ukmyc_phenotypes:037680951a44bb6a	CFZ	CLOFAZIMINE	CHEBI:3749	WDQPAMHFFCXSNU-UHFFFAOYSA-N	0.06		mg/L	43	43	4									UKMYC6	false	LOW	21	VZ	ALL DISAGREE	0.06	-4.06	S
3.4.0	UKMYC_PHENOTYPES	ukmyc_phenotypes:b165de5cde9fbb26	CFZ	CLOFAZIMINE	CHEBI:3749	WDQPAMHFFCXSNU-UHFFFAOYSA-N	0.12		mg/L	15	15	4									UKMYC6	false	LOW	21	VZ	ALL DISAGREE	0.12	-3.06	S
3.4.0	UKMYC_PHENOTYPES	ukmyc_phenotypes:654ae4e9dffa3135	CFZ	CLOFAZIMINE	CHEBI:3749	WDQPAMHFFCXSNU-UHFFFAOYSA-N	0.25		mg/L	9	9	4									UKMYC6	false	LOW	21	VZ	ALL DISAGREE	0.25	-2.0	S
3.4.0	UKMYC_PHENOTYPES	ukmyc_phenotypes:629f85b912ff3619	CFZ	CLOFAZIMINE	CHEBI:3749	WDQPAMHFFCXSNU-UHFFFAOYSA-N	0.5		mg/L	2	2	2									UKMYC6	false	LOW	21	VZ	ALL DISAGREE	0.5	-1.0	R
3.4.0	UKMYC_PHENOTYPES	ukmyc_phenotypes:decdd62aa899f7ea	CFZ	CLOFAZIMINE	CHEBI:3749	WDQPAMHFFCXSNU-UHFFFAOYSA-N	1.0		mg/L	1	1	1									UKMYC6	false	LOW	21	VZ	ALL DISAGREE	1.0	0.0	R
3.4.0	UKMYC_PHENOTYPES	ukmyc_phenotypes:42a06e0ecdede9f9	CFZ	CLOFAZIMINE	CHEBI:3749	WDQPAMHFFCXSNU-UHFFFAOYSA-N	0.03	<=	mg/L	43	43	4									UKMYC6	false	LOW	21	VZ	ALL DISAGREE	<=0.03	-5.06	S
3.4.0	UKMYC_PHENOTYPES	ukmyc_phenotypes:6fbc64c4d5972b55	CFZ	CLOFAZIMINE	CHEBI:3749	WDQPAMHFFCXSNU-UHFFFAOYSA-N				4	4	1									UKMYC6	false	LOW	21	VZ	ALL DISAGREE
3.4.0	UKMYC_PHENOTYPES	ukmyc_phenotypes:4d38c054b5cd514c	CFZ	CLOFAZIMINE	CHEBI:3749	WDQPAMHFFCXSNU-UHFFFAOYSA-N	0.06		mg/L	18	18	1									UKMYC6	false	MEDIUM	14	MB	VZ ONLY	0.06	-4.06	S
3.4.0	UKMYC_PHENOTYPES	ukmyc_phenotypes:bdf5c7b6d79b4268	CFZ	CLOFAZIMINE	CHEBI:3749	WDQPAMHFFCXSNU-UHFFFAOYSA-N	0.12		mg/L	26	26	1									UKMYC6	false	MEDIUM	14	MB	VZ ONLY	0.12	-3.06	S
3.4.0	UKMYC_PHENOTYPES	ukmyc_phenotypes:b787b99f4fe4e0ec	CFZ	CLOFAZIMINE	CHEBI:3749	WDQPAMHFFCXSNU-UHFFFAOYSA-N	0.25		mg/L	6	6	1									UKMYC6	false	MEDIUM	14	MB	VZ ONLY	0.25	-2.0	S
3.4.0	UKMYC_PHENOTYPES	ukmyc_phenotypes:139ceacf7e75b62c	CFZ	CLOFAZIMINE	CHEBI:3749	WDQPAMHFFCXSNU-UHFFFAOYSA-N	0.5		mg/L	1	1	1									UKMYC6	false	MEDIUM	14	MB	VZ ONLY	0.5	-1.0	R
3.4.0	UKMYC_PHENOTYPES	ukmyc_phenotypes:f6f52437e63aa93a	CFZ	CLOFAZIMINE	CHEBI:3749	WDQPAMHFFCXSNU-UHFFFAOYSA-N	1.0		mg/L	1	1	1									UKMYC6	false	MEDIUM	14	MB	VZ ONLY	1.0	0.0	R
3.4.0	UKMYC_PHENOTYPES	ukmyc_phenotypes:6e66cfe048507c37	CFZ	CLOFAZIMINE	CHEBI:3749	WDQPAMHFFCXSNU-UHFFFAOYSA-N	2.0		mg/L	1	1	1									UKMYC6	false	MEDIUM	14	MB	VZ ONLY	2.0	1.0	R
3.4.0	UKMYC_PHENOTYPES	ukmyc_phenotypes:7756f325b834c088	CFZ	CLOFAZIMINE	CHEBI:3749	WDQPAMHFFCXSNU-UHFFFAOYSA-N	0.03	<=	mg/L	7	7	1									UKMYC6	false	MEDIUM	14	MB	VZ ONLY	<=0.03	-5.06	S
3.4.0	UKMYC_PHENOTYPES	ukmyc_phenotypes:5f2e9c9bbdc35eb1	CFZ	CLOFAZIMINE	CHEBI:3749	WDQPAMHFFCXSNU-UHFFFAOYSA-N				1	1	1									UKMYC6	false	MEDIUM	14	MB	VZ ONLY
3.4.0	UKMYC_PHENOTYPES	ukmyc_phenotypes:6fa1e6f41280edbe	CFZ	CLOFAZIMINE	CHEBI:3749	WDQPAMHFFCXSNU-UHFFFAOYSA-N	0.06		mg/L	173	173	7									UKMYC6	false	MEDIUM	14	VZ	BB RUNNING	0.06	-4.06	S
3.4.0	UKMYC_PHENOTYPES	ukmyc_phenotypes:6f66d7a848e0230b	CFZ	CLOFAZIMINE	CHEBI:3749	WDQPAMHFFCXSNU-UHFFFAOYSA-N	0.12		mg/L	77	77	5									UKMYC6	false	MEDIUM	14	VZ	BB RUNNING	0.12	-3.06	S
3.4.0	UKMYC_PHENOTYPES	ukmyc_phenotypes:e65c2de43c22b4f1	CFZ	CLOFAZIMINE	CHEBI:3749	WDQPAMHFFCXSNU-UHFFFAOYSA-N	0.25		mg/L	16	16	2									UKMYC6	false	MEDIUM	14	VZ	BB RUNNING	0.25	-2.0	S
3.4.0	UKMYC_PHENOTYPES	ukmyc_phenotypes:817bc9889ef1d19b	CFZ	CLOFAZIMINE	CHEBI:3749	WDQPAMHFFCXSNU-UHFFFAOYSA-N	0.5		mg/L	7	7	3									UKMYC6	false	MEDIUM	14	VZ	BB RUNNING	0.5	-1.0	R
3.4.0	UKMYC_PHENOTYPES	ukmyc_phenotypes:5a09579e530d4143	CFZ	CLOFAZIMINE	CHEBI:3749	WDQPAMHFFCXSNU-UHFFFAOYSA-N	0.03	<=	mg/L	120	120	5									UKMYC6	false	MEDIUM	14	VZ	BB RUNNING	<=0.03	-5.06	S
3.4.0	UKMYC_PHENOTYPES	ukmyc_phenotypes:b474f10fc559c8f0	CFZ	CLOFAZIMINE	CHEBI:3749	WDQPAMHFFCXSNU-UHFFFAOYSA-N	0.06		mg/L	161	161	10									UKMYC6	false	MEDIUM	14	VZ	VZ ONLY	0.06	-4.06	S
3.4.0	UKMYC_PHENOTYPES	ukmyc_phenotypes:248edd325dd676a0	CFZ	CLOFAZIMINE	CHEBI:3749	WDQPAMHFFCXSNU-UHFFFAOYSA-N	0.12		mg/L	123	123	9									UKMYC6	false	MEDIUM	14	VZ	VZ ONLY	0.12	-3.06	S
3.4.0	UKMYC_PHENOTYPES	ukmyc_phenotypes:ef134cb9a6393686	CFZ	CLOFAZIMINE	CHEBI:3749	WDQPAMHFFCXSNU-UHFFFAOYSA-N	0.25		mg/L	34	34	6									UKMYC6	false	MEDIUM	14	VZ	VZ ONLY	0.25	-2.0	S
3.4.0	UKMYC_PHENOTYPES	ukmyc_phenotypes:d4f1bcd2e55736cb	CFZ	CLOFAZIMINE	CHEBI:3749	WDQPAMHFFCXSNU-UHFFFAOYSA-N	0.5		mg/L	37	37	7									UKMYC6	false	MEDIUM	14	VZ	VZ ONLY	0.5	-1.0	R
3.4.0	UKMYC_PHENOTYPES	ukmyc_phenotypes:1e26382b04b846c9	CFZ	CLOFAZIMINE	CHEBI:3749	WDQPAMHFFCXSNU-UHFFFAOYSA-N	1.0		mg/L	8	8	3									UKMYC6	false	MEDIUM	14	VZ	VZ ONLY	1.0	0.0	R
3.4.0	UKMYC_PHENOTYPES	ukmyc_phenotypes:2f531ce3edfa6197	CFZ	CLOFAZIMINE	CHEBI:3749	WDQPAMHFFCXSNU-UHFFFAOYSA-N	0.03	<=	mg/L	170	170	7									UKMYC6	false	MEDIUM	14	VZ	VZ ONLY	<=0.03	-5.06	S
3.4.0	UKMYC_PHENOTYPES	ukmyc_phenotypes:8780107647d6e43f	CFZ	CLOFAZIMINE	CHEBI:3749	WDQPAMHFFCXSNU-UHFFFAOYSA-N	0.06		mg/L	25	25	1									UKMYC6	false	MEDIUM	21	MB	VZ ONLY	0.06	-4.06	S
3.4.0	UKMYC_PHENOTYPES	ukmyc_phenotypes:8438e62c19ba3c43	CFZ	CLOFAZIMINE	CHEBI:3749	WDQPAMHFFCXSNU-UHFFFAOYSA-N	0.12		mg/L	22	22	1									UKMYC6	false	MEDIUM	21	MB	VZ ONLY	0.12	-3.06	S
3.4.0	UKMYC_PHENOTYPES	ukmyc_phenotypes:92f07b9ddc50db0e	CFZ	CLOFAZIMINE	CHEBI:3749	WDQPAMHFFCXSNU-UHFFFAOYSA-N	0.25		mg/L	6	6	1									UKMYC6	false	MEDIUM	21	MB	VZ ONLY	0.25	-2.0	S
3.4.0	UKMYC_PHENOTYPES	ukmyc_phenotypes:96247a0d80e7329b	CFZ	CLOFAZIMINE	CHEBI:3749	WDQPAMHFFCXSNU-UHFFFAOYSA-N	0.5		mg/L	3	3	1									UKMYC6	false	MEDIUM	21	MB	VZ ONLY	0.5	-1.0	R
3.4.0	UKMYC_PHENOTYPES	ukmyc_phenotypes:0b3c5e9e56cba4dc	CFZ	CLOFAZIMINE	CHEBI:3749	WDQPAMHFFCXSNU-UHFFFAOYSA-N	0.03	<=	mg/L	7	7	1									UKMYC6	false	MEDIUM	21	MB	VZ ONLY	<=0.03	-5.06	S
3.4.0	UKMYC_PHENOTYPES	ukmyc_phenotypes:753395a7701a739b	CFZ	CLOFAZIMINE	CHEBI:3749	WDQPAMHFFCXSNU-UHFFFAOYSA-N	0.06		mg/L	36	36	5									UKMYC6	false	MEDIUM	21	VZ	BB RUNNING	0.06	-4.06	S
3.4.0	UKMYC_PHENOTYPES	ukmyc_phenotypes:695e8b049538a9fc	CFZ	CLOFAZIMINE	CHEBI:3749	WDQPAMHFFCXSNU-UHFFFAOYSA-N	0.12		mg/L	48	48	3									UKMYC6	false	MEDIUM	21	VZ	BB RUNNING	0.12	-3.06	S
3.4.0	UKMYC_PHENOTYPES	ukmyc_phenotypes:a4aeba4a6949f69e	CFZ	CLOFAZIMINE	CHEBI:3749	WDQPAMHFFCXSNU-UHFFFAOYSA-N	0.25		mg/L	17	17	2									UKMYC6	false	MEDIUM	21	VZ	BB RUNNING	0.25	-2.0	S
3.4.0	UKMYC_PHENOTYPES	ukmyc_phenotypes:07f88724896573dd	CFZ	CLOFAZIMINE	CHEBI:3749	WDQPAMHFFCXSNU-UHFFFAOYSA-N	0.5		mg/L	3	3	1									UKMYC6	false	MEDIUM	21	VZ	BB RUNNING	0.5	-1.0	R
3.4.0	UKMYC_PHENOTYPES	ukmyc_phenotypes:df1f86672fb194e6	CFZ	CLOFAZIMINE	CHEBI:3749	WDQPAMHFFCXSNU-UHFFFAOYSA-N	1.0		mg/L	2	2	1									UKMYC6	false	MEDIUM	21	VZ	BB RUNNING	1.0	0.0	R
3.4.0	UKMYC_PHENOTYPES	ukmyc_phenotypes:b2a5adae02fbdfbb	CFZ	CLOFAZIMINE	CHEBI:3749	WDQPAMHFFCXSNU-UHFFFAOYSA-N	2.0		mg/L	1	1	1									UKMYC6	false	MEDIUM	21	VZ	BB RUNNING	2.0	1.0	R
3.4.0	UKMYC_PHENOTYPES	ukmyc_phenotypes:d2fbea5cc2b4ae3e	CFZ	CLOFAZIMINE	CHEBI:3749	WDQPAMHFFCXSNU-UHFFFAOYSA-N	0.03	<=	mg/L	15	15	4									UKMYC6	false	MEDIUM	21	VZ	BB RUNNING	<=0.03	-5.06	S
3.4.0	UKMYC_PHENOTYPES	ukmyc_phenotypes:25069a9dfa051974	CFZ	CLOFAZIMINE	CHEBI:3749	WDQPAMHFFCXSNU-UHFFFAOYSA-N				15	15	1									UKMYC6	false	MEDIUM	21	VZ	BB RUNNING
3.4.0	UKMYC_PHENOTYPES	ukmyc_phenotypes:4dfd7ba2c688ca3b	CFZ	CLOFAZIMINE	CHEBI:3749	WDQPAMHFFCXSNU-UHFFFAOYSA-N	0.06		mg/L	79	79	5									UKMYC6	false	MEDIUM	21	VZ	VZ ONLY	0.06	-4.06	S
3.4.0	UKMYC_PHENOTYPES	ukmyc_phenotypes:2a6f8fe164b05761	CFZ	CLOFAZIMINE	CHEBI:3749	WDQPAMHFFCXSNU-UHFFFAOYSA-N	0.12		mg/L	21	21	3									UKMYC6	false	MEDIUM	21	VZ	VZ ONLY	0.12	-3.06	S
3.4.0	UKMYC_PHENOTYPES	ukmyc_phenotypes:61a0380edb01de38	CFZ	CLOFAZIMINE	CHEBI:3749	WDQPAMHFFCXSNU-UHFFFAOYSA-N	0.25		mg/L	6	6	2									UKMYC6	false	MEDIUM	21	VZ	VZ ONLY	0.25	-2.0	S
3.4.0	UKMYC_PHENOTYPES	ukmyc_phenotypes:8ddeb1cad449a04d	CFZ	CLOFAZIMINE	CHEBI:3749	WDQPAMHFFCXSNU-UHFFFAOYSA-N	0.5		mg/L	2	2	2									UKMYC6	false	MEDIUM	21	VZ	VZ ONLY	0.5	-1.0	R
3.4.0	UKMYC_PHENOTYPES	ukmyc_phenotypes:3f53f3363b0a5479	CFZ	CLOFAZIMINE	CHEBI:3749	WDQPAMHFFCXSNU-UHFFFAOYSA-N	0.03	<=	mg/L	51	51	4									UKMYC6	false	MEDIUM	21	VZ	VZ ONLY	<=0.03	-5.06	S
3.4.0	UKMYC_PHENOTYPES	ukmyc_phenotypes:52b29499639863f8	CFZ	CLOFAZIMINE	CHEBI:3749	WDQPAMHFFCXSNU-UHFFFAOYSA-N	2	>	mg/L	1	1	1									UKMYC6	false	MEDIUM	21	VZ	VZ ONLY	>2	2.0	R
3.4.0	UKMYC_PHENOTYPES	ukmyc_phenotypes:731edefdaec1fe6a	CFZ	CLOFAZIMINE	CHEBI:3749	WDQPAMHFFCXSNU-UHFFFAOYSA-N				1	1	1									UKMYC6	false	MEDIUM	21	VZ	VZ ONLY
3.4.0	UKMYC_PHENOTYPES	ukmyc_phenotypes:2b428b69130d653f	DLM	DELAMANID	CHEBI:134742	XDAOLTSRNUSPPH-XMMPIXPASA-N	0.03		mg/L	121	121	8									UKMYC5	false	HIGH	14	VZ	BB,TM AGREE	0.03	-5.06	S
3.4.0	UKMYC_PHENOTYPES	ukmyc_phenotypes:5ca49ed51e6733ca	DLM	DELAMANID	CHEBI:134742	XDAOLTSRNUSPPH-XMMPIXPASA-N	0.06		mg/L	60	60	6									UKMYC5	false	HIGH	14	VZ	BB,TM AGREE	0.06	-4.06	S
3.4.0	UKMYC_PHENOTYPES	ukmyc_phenotypes:073cf9448f946daf	DLM	DELAMANID	CHEBI:134742	XDAOLTSRNUSPPH-XMMPIXPASA-N	0.12		mg/L	29	29	5									UKMYC5	false	HIGH	14	VZ	BB,TM AGREE	0.12	-3.06	S
3.4.0	UKMYC_PHENOTYPES	ukmyc_phenotypes:64f3d204b01e2287	DLM	DELAMANID	CHEBI:134742	XDAOLTSRNUSPPH-XMMPIXPASA-N	0.25		mg/L	5	5	2									UKMYC5	false	HIGH	14	VZ	BB,TM AGREE	0.25	-2.0	R
3.4.0	UKMYC_PHENOTYPES	ukmyc_phenotypes:81e672e30c1663a6	DLM	DELAMANID	CHEBI:134742	XDAOLTSRNUSPPH-XMMPIXPASA-N	1.0		mg/L	2	2	2									UKMYC5	false	HIGH	14	VZ	BB,TM AGREE	1.0	0.0	R
3.4.0	UKMYC_PHENOTYPES	ukmyc_phenotypes:732b0060074187b4	DLM	DELAMANID	CHEBI:134742	XDAOLTSRNUSPPH-XMMPIXPASA-N	0.015	<=	mg/L	78	78	7									UKMYC5	false	HIGH	14	VZ	BB,TM AGREE	<=0.015	-6.06	S
3.4.0	UKMYC_PHENOTYPES	ukmyc_phenotypes:3813edb7d87e2120	DLM	DELAMANID	CHEBI:134742	XDAOLTSRNUSPPH-XMMPIXPASA-N	1	>	mg/L	8	8	4									UKMYC5	false	HIGH	14	VZ	BB,TM AGREE	>1	1.0	R
3.4.0	UKMYC_PHENOTYPES	ukmyc_phenotypes:f5ef6c18c49be21f	DLM	DELAMANID	CHEBI:134742	XDAOLTSRNUSPPH-XMMPIXPASA-N				32	32	7									UKMYC5	false	HIGH	14	VZ	BB,TM AGREE
3.4.0	UKMYC_PHENOTYPES	ukmyc_phenotypes:20ae48c8236a9e03	DLM	DELAMANID	CHEBI:134742	XDAOLTSRNUSPPH-XMMPIXPASA-N	0.03		mg/L	22	22	5									UKMYC5	false	HIGH	14	VZ	VZ,BB AGREE	0.03	-5.06	S
3.4.0	UKMYC_PHENOTYPES	ukmyc_phenotypes:f4ce7cfc580e37e9	DLM	DELAMANID	CHEBI:134742	XDAOLTSRNUSPPH-XMMPIXPASA-N	0.06		mg/L	7	7	4									UKMYC5	false	HIGH	14	VZ	VZ,BB AGREE	0.06	-4.06	S
3.4.0	UKMYC_PHENOTYPES	ukmyc_phenotypes:f668f3e4f2f02158	DLM	DELAMANID	CHEBI:134742	XDAOLTSRNUSPPH-XMMPIXPASA-N	0.12		mg/L	2	2	2									UKMYC5	false	HIGH	14	VZ	VZ,BB AGREE	0.12	-3.06	S
3.4.0	UKMYC_PHENOTYPES	ukmyc_phenotypes:649c465aa1a2804a	DLM	DELAMANID	CHEBI:134742	XDAOLTSRNUSPPH-XMMPIXPASA-N	0.5		mg/L	1	1	1									UKMYC5	false	HIGH	14	VZ	VZ,BB AGREE	0.5	-1.0	R
3.4.0	UKMYC_PHENOTYPES	ukmyc_phenotypes:d631fd2d23e2aa2e	DLM	DELAMANID	CHEBI:134742	XDAOLTSRNUSPPH-XMMPIXPASA-N	0.015	<=	mg/L	576	576	8									UKMYC5	false	HIGH	14	VZ	VZ,BB AGREE	<=0.015	-6.06	S
3.4.0	UKMYC_PHENOTYPES	ukmyc_phenotypes:9a030bd9043a6944	DLM	DELAMANID	CHEBI:134742	XDAOLTSRNUSPPH-XMMPIXPASA-N	1	>	mg/L	12	12	4									UKMYC5	false	HIGH	14	VZ	VZ,BB AGREE	>1	1.0	R
3.4.0	UKMYC_PHENOTYPES	ukmyc_phenotypes:091f62870aa9bac3	DLM	DELAMANID	CHEBI:134742	XDAOLTSRNUSPPH-XMMPIXPASA-N				24	24	3									UKMYC5	false	HIGH	14	VZ	VZ,BB AGREE
3.4.0	UKMYC_PHENOTYPES	ukmyc_phenotypes:ed5d36c8700a9414	DLM	DELAMANID	CHEBI:134742	XDAOLTSRNUSPPH-XMMPIXPASA-N	0.03		mg/L	425	425	7									UKMYC5	false	HIGH	14	VZ	VZ,TM AGREE	0.03	-5.06	S
3.4.0	UKMYC_PHENOTYPES	ukmyc_phenotypes:620a8c78ebeb1d8c	DLM	DELAMANID	CHEBI:134742	XDAOLTSRNUSPPH-XMMPIXPASA-N	0.06		mg/L	236	236	7									UKMYC5	false	HIGH	14	VZ	VZ,TM AGREE	0.06	-4.06	S
3.4.0	UKMYC_PHENOTYPES	ukmyc_phenotypes:19b1146cbef49871	DLM	DELAMANID	CHEBI:134742	XDAOLTSRNUSPPH-XMMPIXPASA-N	0.12		mg/L	96	96	7									UKMYC5	false	HIGH	14	VZ	VZ,TM AGREE	0.12	-3.06	S
3.4.0	UKMYC_PHENOTYPES	ukmyc_phenotypes:935c63e8d5e9fa1a	DLM	DELAMANID	CHEBI:134742	XDAOLTSRNUSPPH-XMMPIXPASA-N	0.25		mg/L	11	11	3									UKMYC5	false	HIGH	14	VZ	VZ,TM AGREE	0.25	-2.0	R
3.4.0	UKMYC_PHENOTYPES	ukmyc_phenotypes:ffda0888eb7ae952	DLM	DELAMANID	CHEBI:134742	XDAOLTSRNUSPPH-XMMPIXPASA-N	0.5		mg/L	10	10	2									UKMYC5	false	HIGH	14	VZ	VZ,TM AGREE	0.5	-1.0	R
3.4.0	UKMYC_PHENOTYPES	ukmyc_phenotypes:64ad1705a23d54f9	DLM	DELAMANID	CHEBI:134742	XDAOLTSRNUSPPH-XMMPIXPASA-N	1.0		mg/L	4	4	2									UKMYC5	false	HIGH	14	VZ	VZ,TM AGREE	1.0	0.0	R
3.4.0	UKMYC_PHENOTYPES	ukmyc_phenotypes:a70858ee52cfbcc0	DLM	DELAMANID	CHEBI:134742	XDAOLTSRNUSPPH-XMMPIXPASA-N	0.015	<=	mg/L	3160	3160	8									UKMYC5	false	HIGH	14	VZ	VZ,TM AGREE	<=0.015	-6.06	S
3.4.0	UKMYC_PHENOTYPES	ukmyc_phenotypes:a5cd7595ad6fac51	DLM	DELAMANID	CHEBI:134742	XDAOLTSRNUSPPH-XMMPIXPASA-N	1	>	mg/L	42	42	5									UKMYC5	false	HIGH	14	VZ	VZ,TM AGREE	>1	1.0	R
3.4.0	UKMYC_PHENOTYPES	ukmyc_phenotypes:e4e279d2713fe6ca	DLM	DELAMANID	CHEBI:134742	XDAOLTSRNUSPPH-XMMPIXPASA-N				5	5	4									UKMYC5	false	HIGH	14	VZ	VZ,TM AGREE
3.4.0	UKMYC_PHENOTYPES	ukmyc_phenotypes:f0576e6a2069f9b7	DLM	DELAMANID	CHEBI:134742	XDAOLTSRNUSPPH-XMMPIXPASA-N	0.03		mg/L	4	4	1									UKMYC5	false	HIGH	21	VZ	BB,TM AGREE	0.03	-5.06	S
3.4.0	UKMYC_PHENOTYPES	ukmyc_phenotypes:9de05a600677e737	DLM	DELAMANID	CHEBI:134742	XDAOLTSRNUSPPH-XMMPIXPASA-N	0.06		mg/L	2	2	2									UKMYC5	false	HIGH	21	VZ	BB,TM AGREE	0.06	-4.06	S
3.4.0	UKMYC_PHENOTYPES	ukmyc_phenotypes:d30fac0e8a9a89bb	DLM	DELAMANID	CHEBI:134742	XDAOLTSRNUSPPH-XMMPIXPASA-N	0.015	<=	mg/L	4	4	2									UKMYC5	false	HIGH	21	VZ	BB,TM AGREE	<=0.015	-6.06	S
3.4.0	UKMYC_PHENOTYPES	ukmyc_phenotypes:bf0f024a70e1212f	DLM	DELAMANID	CHEBI:134742	XDAOLTSRNUSPPH-XMMPIXPASA-N				2	2	2									UKMYC5	false	HIGH	21	VZ	BB,TM AGREE
3.4.0	UKMYC_PHENOTYPES	ukmyc_phenotypes:5fdbff3b1d7145cd	DLM	DELAMANID	CHEBI:134742	XDAOLTSRNUSPPH-XMMPIXPASA-N	0.03		mg/L	1	1	1									UKMYC5	false	HIGH	21	VZ	VZ,BB AGREE	0.03	-5.06	S
3.4.0	UKMYC_PHENOTYPES	ukmyc_phenotypes:bdc7fe7c13a9a4b1	DLM	DELAMANID	CHEBI:134742	XDAOLTSRNUSPPH-XMMPIXPASA-N	0.015	<=	mg/L	5	5	2									UKMYC5	false	HIGH	21	VZ	VZ,BB AGREE	<=0.015	-6.06	S
3.4.0	UKMYC_PHENOTYPES	ukmyc_phenotypes:70ebe0aa40953a73	DLM	DELAMANID	CHEBI:134742	XDAOLTSRNUSPPH-XMMPIXPASA-N	1	>	mg/L	1	1	1									UKMYC5	false	HIGH	21	VZ	VZ,BB AGREE	>1	1.0	R
3.4.0	UKMYC_PHENOTYPES	ukmyc_phenotypes:a079e22fea065880	DLM	DELAMANID	CHEBI:134742	XDAOLTSRNUSPPH-XMMPIXPASA-N	0.03		mg/L	8	8	2									UKMYC5	false	HIGH	21	VZ	VZ,TM AGREE	0.03	-5.06	S
3.4.0	UKMYC_PHENOTYPES	ukmyc_phenotypes:1df122a1bb4ab8a5	DLM	DELAMANID	CHEBI:134742	XDAOLTSRNUSPPH-XMMPIXPASA-N	0.06		mg/L	2	2	1									UKMYC5	false	HIGH	21	VZ	VZ,TM AGREE	0.06	-4.06	S
3.4.0	UKMYC_PHENOTYPES	ukmyc_phenotypes:652b7ca13c7d7e6a	DLM	DELAMANID	CHEBI:134742	XDAOLTSRNUSPPH-XMMPIXPASA-N	0.12		mg/L	1	1	1									UKMYC5	false	HIGH	21	VZ	VZ,TM AGREE	0.12	-3.06	S
3.4.0	UKMYC_PHENOTYPES	ukmyc_phenotypes:421b459de86d369e	DLM	DELAMANID	CHEBI:134742	XDAOLTSRNUSPPH-XMMPIXPASA-N	0.015	<=	mg/L	67	67	7									UKMYC5	false	HIGH	21	VZ	VZ,TM AGREE	<=0.015	-6.06	S
3.4.0	UKMYC_PHENOTYPES	ukmyc_phenotypes:d3d9477dd319d203	DLM	DELAMANID	CHEBI:134742	XDAOLTSRNUSPPH-XMMPIXPASA-N				1	1	1									UKMYC5	false	HIGH	21	VZ	VZ,TM AGREE
3.4.0	UKMYC_PHENOTYPES	ukmyc_phenotypes:b4a8b168f9cc1958	DLM	DELAMANID	CHEBI:134742	XDAOLTSRNUSPPH-XMMPIXPASA-N	0.03		mg/L	115	115	6									UKMYC5	false	LOW	14	VZ	ALL DISAGREE	0.03	-5.06	S
3.4.0	UKMYC_PHENOTYPES	ukmyc_phenotypes:8480ac94632ccc71	DLM	DELAMANID	CHEBI:134742	XDAOLTSRNUSPPH-XMMPIXPASA-N	0.06		mg/L	63	63	7									UKMYC5	false	LOW	14	VZ	ALL DISAGREE	0.06	-4.06	S
3.4.0	UKMYC_PHENOTYPES	ukmyc_phenotypes:5bbf0d31229b0fcd	DLM	DELAMANID	CHEBI:134742	XDAOLTSRNUSPPH-XMMPIXPASA-N	0.12		mg/L	25	25	5									UKMYC5	false	LOW	14	VZ	ALL DISAGREE	0.12	-3.06	S
3.4.0	UKMYC_PHENOTYPES	ukmyc_phenotypes:b9017ad18edf23fb	DLM	DELAMANID	CHEBI:134742	XDAOLTSRNUSPPH-XMMPIXPASA-N	0.25		mg/L	8	8	3									UKMYC5	false	LOW	14	VZ	ALL DISAGREE	0.25	-2.0	R
3.4.0	UKMYC_PHENOTYPES	ukmyc_phenotypes:5e8e791de7eeb308	DLM	DELAMANID	CHEBI:134742	XDAOLTSRNUSPPH-XMMPIXPASA-N	0.5		mg/L	12	12	4									UKMYC5	false	LOW	14	VZ	ALL DISAGREE	0.5	-1.0	R
3.4.0	UKMYC_PHENOTYPES	ukmyc_phenotypes:79957d470debaf70	DLM	DELAMANID	CHEBI:134742	XDAOLTSRNUSPPH-XMMPIXPASA-N	1.0		mg/L	9	9	3									UKMYC5	false	LOW	14	VZ	ALL DISAGREE	1.0	0.0	R
3.4.0	UKMYC_PHENOTYPES	ukmyc_phenotypes:bffa220fb76c0f36	DLM	DELAMANID	CHEBI:134742	XDAOLTSRNUSPPH-XMMPIXPASA-N	0.015	<=	mg/L	507	507	7									UKMYC5	false	LOW	14	VZ	ALL DISAGREE	<=0.015	-6.06	S
3.4.0	UKMYC_PHENOTYPES	ukmyc_phenotypes:d5bc6abb7abf3961	DLM	DELAMANID	CHEBI:134742	XDAOLTSRNUSPPH-XMMPIXPASA-N	1	>	mg/L	3	3	2									UKMYC5	false	LOW	14	VZ	ALL DISAGREE	>1	1.0	R
3.4.0	UKMYC_PHENOTYPES	ukmyc_phenotypes:1b8f7a2efa10a73c	DLM	DELAMANID	CHEBI:134742	XDAOLTSRNUSPPH-XMMPIXPASA-N				15	15	4									UKMYC5	false	LOW	14	VZ	ALL DISAGREE
3.4.0	UKMYC_PHENOTYPES	ukmyc_phenotypes:a91366ba2f74270f	DLM	DELAMANID	CHEBI:134742	XDAOLTSRNUSPPH-XMMPIXPASA-N	0.03		mg/L	7	7	2									UKMYC5	false	LOW	21	VZ	ALL DISAGREE	0.03	-5.06	S
3.4.0	UKMYC_PHENOTYPES	ukmyc_phenotypes:82d6a331e8d77956	DLM	DELAMANID	CHEBI:134742	XDAOLTSRNUSPPH-XMMPIXPASA-N	0.06		mg/L	3	3	1									UKMYC5	false	LOW	21	VZ	ALL DISAGREE	0.06	-4.06	S
3.4.0	UKMYC_PHENOTYPES	ukmyc_phenotypes:7deddc36b2e863ca	DLM	DELAMANID	CHEBI:134742	XDAOLTSRNUSPPH-XMMPIXPASA-N	0.12		mg/L	2	2	2									UKMYC5	false	LOW	21	VZ	ALL DISAGREE	0.12	-3.06	S
3.4.0	UKMYC_PHENOTYPES	ukmyc_phenotypes:dad47cf78c8b7067	DLM	DELAMANID	CHEBI:134742	XDAOLTSRNUSPPH-XMMPIXPASA-N	0.25		mg/L	1	1	1									UKMYC5	false	LOW	21	VZ	ALL DISAGREE	0.25	-2.0	R
3.4.0	UKMYC_PHENOTYPES	ukmyc_phenotypes:902a93fa03a23776	DLM	DELAMANID	CHEBI:134742	XDAOLTSRNUSPPH-XMMPIXPASA-N	0.015	<=	mg/L	23	23	4									UKMYC5	false	LOW	21	VZ	ALL DISAGREE	<=0.015	-6.06	S
3.4.0	UKMYC_PHENOTYPES	ukmyc_phenotypes:f84a02812dec2b05	DLM	DELAMANID	CHEBI:134742	XDAOLTSRNUSPPH-XMMPIXPASA-N				80	80	1									UKMYC5	false	MEDIUM	10	VZ	VZ ONLY
3.4.0	UKMYC_PHENOTYPES	ukmyc_phenotypes:1361211b498c7b0b	DLM	DELAMANID	CHEBI:134742	XDAOLTSRNUSPPH-XMMPIXPASA-N	0.03		mg/L	1	1	1									UKMYC5	false	MEDIUM	14	VZ	BB RUNNING	0.03	-5.06	S
3.4.0	UKMYC_PHENOTYPES	ukmyc_phenotypes:8d284768c52c5ed0	DLM	DELAMANID	CHEBI:134742	XDAOLTSRNUSPPH-XMMPIXPASA-N				1	1	1									UKMYC5	false	MEDIUM	14	VZ	BB RUNNING
3.4.0	UKMYC_PHENOTYPES	ukmyc_phenotypes:4ad7158386a03f45	DLM	DELAMANID	CHEBI:134742	XDAOLTSRNUSPPH-XMMPIXPASA-N	0.03		mg/L	98	98	5									UKMYC5	false	MEDIUM	14	VZ	VZ ONLY	0.03	-5.06	S
3.4.0	UKMYC_PHENOTYPES	ukmyc_phenotypes:1730d3cd97d67574	DLM	DELAMANID	CHEBI:134742	XDAOLTSRNUSPPH-XMMPIXPASA-N	0.06		mg/L	51	51	3									UKMYC5	false	MEDIUM	14	VZ	VZ ONLY	0.06	-4.06	S
3.4.0	UKMYC_PHENOTYPES	ukmyc_phenotypes:7ce371fd2b3c5653	DLM	DELAMANID	CHEBI:134742	XDAOLTSRNUSPPH-XMMPIXPASA-N	0.12		mg/L	9	9	3									UKMYC5	false	MEDIUM	14	VZ	VZ ONLY	0.12	-3.06	S
3.4.0	UKMYC_PHENOTYPES	ukmyc_phenotypes:b82e5c2753104294	DLM	DELAMANID	CHEBI:134742	XDAOLTSRNUSPPH-XMMPIXPASA-N	0.25		mg/L	2	2	2									UKMYC5	false	MEDIUM	14	VZ	VZ ONLY	0.25	-2.0	R
3.4.0	UKMYC_PHENOTYPES	ukmyc_phenotypes:bdcf545202932c47	DLM	DELAMANID	CHEBI:134742	XDAOLTSRNUSPPH-XMMPIXPASA-N	0.5		mg/L	2	2	2									UKMYC5	false	MEDIUM	14	VZ	VZ ONLY	0.5	-1.0	R
3.4.0	UKMYC_PHENOTYPES	ukmyc_phenotypes:31285f8ca152f8e4	DLM	DELAMANID	CHEBI:134742	XDAOLTSRNUSPPH-XMMPIXPASA-N	1.0		mg/L	4	4	2									UKMYC5	false	MEDIUM	14	VZ	VZ ONLY	1.0	0.0	R
3.4.0	UKMYC_PHENOTYPES	ukmyc_phenotypes:6fe2d72513dcf6a6	DLM	DELAMANID	CHEBI:134742	XDAOLTSRNUSPPH-XMMPIXPASA-N	0.015	<=	mg/L	878	878	6									UKMYC5	false	MEDIUM	14	VZ	VZ ONLY	<=0.015	-6.06	S
3.4.0	UKMYC_PHENOTYPES	ukmyc_phenotypes:9f7016d710c9dbf3	DLM	DELAMANID	CHEBI:134742	XDAOLTSRNUSPPH-XMMPIXPASA-N	1	>	mg/L	11	11	3									UKMYC5	false	MEDIUM	14	VZ	VZ ONLY	>1	1.0	R
3.4.0	UKMYC_PHENOTYPES	ukmyc_phenotypes:f7ce47e46bdcd02f	DLM	DELAMANID	CHEBI:134742	XDAOLTSRNUSPPH-XMMPIXPASA-N				28	28	4									UKMYC5	false	MEDIUM	14	VZ	VZ ONLY
3.4.0	UKMYC_PHENOTYPES	ukmyc_phenotypes:57cd476b38041b6d	DLM	DELAMANID	CHEBI:134742	XDAOLTSRNUSPPH-XMMPIXPASA-N	0.03		mg/L	2	2	2									UKMYC5	false	MEDIUM	21	VZ	VZ ONLY	0.03	-5.06	S
3.4.0	UKMYC_PHENOTYPES	ukmyc_phenotypes:435b06249fe19cbc	DLM	DELAMANID	CHEBI:134742	XDAOLTSRNUSPPH-XMMPIXPASA-N	0.06		mg/L	1	1	1									UKMYC5	false	MEDIUM	21	VZ	VZ ONLY	0.06	-4.06	S
3.4.0	UKMYC_PHENOTYPES	ukmyc_phenotypes:e426244ee022a322	DLM	DELAMANID	CHEBI:134742	XDAOLTSRNUSPPH-XMMPIXPASA-N	0.015	<=	mg/L	11	11	3									UKMYC5	false	MEDIUM	21	VZ	VZ ONLY	<=0.015	-6.06	S
3.4.0	UKMYC_PHENOTYPES	ukmyc_phenotypes:6f08620d3123c228	DLM	DELAMANID	CHEBI:134742	XDAOLTSRNUSPPH-XMMPIXPASA-N				1	1	1									UKMYC5	false	MEDIUM	21	VZ	VZ ONLY
3.4.0	UKMYC_PHENOTYPES	ukmyc_phenotypes:7adf1f044449d2e6	DLM	DELAMANID	CHEBI:134742	XDAOLTSRNUSPPH-XMMPIXPASA-N	0.015		mg/L	326	326	9									UKMYC6	false	HIGH	14	VZ	BB,TM AGREE	0.015	-6.06	S
3.4.0	UKMYC_PHENOTYPES	ukmyc_phenotypes:52622dade5928f3a	DLM	DELAMANID	CHEBI:134742	XDAOLTSRNUSPPH-XMMPIXPASA-N	0.03		mg/L	133	133	9									UKMYC6	false	HIGH	14	VZ	BB,TM AGREE	0.03	-5.06	S
3.4.0	UKMYC_PHENOTYPES	ukmyc_phenotypes:4aaabed340d06817	DLM	DELAMANID	CHEBI:134742	XDAOLTSRNUSPPH-XMMPIXPASA-N	0.06		mg/L	70	70	8									UKMYC6	false	HIGH	14	VZ	BB,TM AGREE	0.06	-4.06	S
3.4.0	UKMYC_PHENOTYPES	ukmyc_phenotypes:09058f38b4323635	DLM	DELAMANID	CHEBI:134742	XDAOLTSRNUSPPH-XMMPIXPASA-N	0.12		mg/L	28	28	5									UKMYC6	false	HIGH	14	VZ	BB,TM AGREE	0.12	-3.06	S
3.4.0	UKMYC_PHENOTYPES	ukmyc_phenotypes:70bf2a56a03158c7	DLM	DELAMANID	CHEBI:134742	XDAOLTSRNUSPPH-XMMPIXPASA-N	0.25		mg/L	2	2	2									UKMYC6	false	HIGH	14	VZ	BB,TM AGREE	0.25	-2.0	R
3.4.0	UKMYC_PHENOTYPES	ukmyc_phenotypes:57ceb33bf576edc3	DLM	DELAMANID	CHEBI:134742	XDAOLTSRNUSPPH-XMMPIXPASA-N	0.5		mg/L	1	1	1									UKMYC6	false	HIGH	14	VZ	BB,TM AGREE	0.5	-1.0	R
3.4.0	UKMYC_PHENOTYPES	ukmyc_phenotypes:a5dd136d4c281086	DLM	DELAMANID	CHEBI:134742	XDAOLTSRNUSPPH-XMMPIXPASA-N	0.008	<=	mg/L	90	90	6									UKMYC6	false	HIGH	14	VZ	BB,TM AGREE	<=0.008	-6.97	S
3.4.0	UKMYC_PHENOTYPES	ukmyc_phenotypes:b64b16a7943d5c48	DLM	DELAMANID	CHEBI:134742	XDAOLTSRNUSPPH-XMMPIXPASA-N	0.5	>	mg/L	30	30	8									UKMYC6	false	HIGH	14	VZ	BB,TM AGREE	>0.5	0.0	R
3.4.0	UKMYC_PHENOTYPES	ukmyc_phenotypes:c36d920c9c0e82f3	DLM	DELAMANID	CHEBI:134742	XDAOLTSRNUSPPH-XMMPIXPASA-N				32	32	7									UKMYC6	false	HIGH	14	VZ	BB,TM AGREE
3.4.0	UKMYC_PHENOTYPES	ukmyc_phenotypes:2bf6a4853972757d	DLM	DELAMANID	CHEBI:134742	XDAOLTSRNUSPPH-XMMPIXPASA-N	0.015		mg/L	55	55	8									UKMYC6	false	HIGH	14	VZ	VZ,BB AGREE	0.015	-6.06	S
3.4.0	UKMYC_PHENOTYPES	ukmyc_phenotypes:94f11e8e04ee9771	DLM	DELAMANID	CHEBI:134742	XDAOLTSRNUSPPH-XMMPIXPASA-N	0.03		mg/L	13	13	4									UKMYC6	false	HIGH	14	VZ	VZ,BB AGREE	0.03	-5.06	S
3.4.0	UKMYC_PHENOTYPES	ukmyc_phenotypes:6c9c5076e761b998	DLM	DELAMANID	CHEBI:134742	XDAOLTSRNUSPPH-XMMPIXPASA-N	0.06		mg/L	11	11	4									UKMYC6	false	HIGH	14	VZ	VZ,BB AGREE	0.06	-4.06	S
3.4.0	UKMYC_PHENOTYPES	ukmyc_phenotypes:263c43237df21171	DLM	DELAMANID	CHEBI:134742	XDAOLTSRNUSPPH-XMMPIXPASA-N	0.12		mg/L	6	6	3									UKMYC6	false	HIGH	14	VZ	VZ,BB AGREE	0.12	-3.06	S
3.4.0	UKMYC_PHENOTYPES	ukmyc_phenotypes:86b1c88abed989a1	DLM	DELAMANID	CHEBI:134742	XDAOLTSRNUSPPH-XMMPIXPASA-N	0.25		mg/L	3	3	3									UKMYC6	false	HIGH	14	VZ	VZ,BB AGREE	0.25	-2.0	R
3.4.0	UKMYC_PHENOTYPES	ukmyc_phenotypes:15d1737a866e0150	DLM	DELAMANID	CHEBI:134742	XDAOLTSRNUSPPH-XMMPIXPASA-N	0.5		mg/L	4	4	4									UKMYC6	false	HIGH	14	VZ	VZ,BB AGREE	0.5	-1.0	R
3.4.0	UKMYC_PHENOTYPES	ukmyc_phenotypes:6eb8367c38ab7d4e	DLM	DELAMANID	CHEBI:134742	XDAOLTSRNUSPPH-XMMPIXPASA-N	0.008	<=	mg/L	348	348	8									UKMYC6	false	HIGH	14	VZ	VZ,BB AGREE	<=0.008	-6.97	S
3.4.0	UKMYC_PHENOTYPES	ukmyc_phenotypes:5c7803441257f66e	DLM	DELAMANID	CHEBI:134742	XDAOLTSRNUSPPH-XMMPIXPASA-N	0.5	>	mg/L	20	20	5									UKMYC6	false	HIGH	14	VZ	VZ,BB AGREE	>0.5	0.0	R
3.4.0	UKMYC_PHENOTYPES	ukmyc_phenotypes:2652f6250035c9b1	DLM	DELAMANID	CHEBI:134742	XDAOLTSRNUSPPH-XMMPIXPASA-N				20	20	4									UKMYC6	false	HIGH	14	VZ	VZ,BB AGREE
3.4.0	UKMYC_PHENOTYPES	ukmyc_phenotypes:1b7281cfe96b3483	DLM	DELAMANID	CHEBI:134742	XDAOLTSRNUSPPH-XMMPIXPASA-N	0.015		mg/L	2388	2388	11									UKMYC6	false	HIGH	14	VZ	VZ,TM AGREE	0.015	-6.06	S
3.4.0	UKMYC_PHENOTYPES	ukmyc_phenotypes:4fd6318b3c91ae4d	DLM	DELAMANID	CHEBI:134742	XDAOLTSRNUSPPH-XMMPIXPASA-N	0.03		mg/L	716	716	11									UKMYC6	false	HIGH	14	VZ	VZ,TM AGREE	0.03	-5.06	S
3.4.0	UKMYC_PHENOTYPES	ukmyc_phenotypes:1129d6078ce25225	DLM	DELAMANID	CHEBI:134742	XDAOLTSRNUSPPH-XMMPIXPASA-N	0.06		mg/L	305	305	9									UKMYC6	false	HIGH	14	VZ	VZ,TM AGREE	0.06	-4.06	S
3.4.0	UKMYC_PHENOTYPES	ukmyc_phenotypes:61a226a6d1951bdd	DLM	DELAMANID	CHEBI:134742	XDAOLTSRNUSPPH-XMMPIXPASA-N	0.12		mg/L	130	130	8									UKMYC6	false	HIGH	14	VZ	VZ,TM AGREE	0.12	-3.06	S
3.4.0	UKMYC_PHENOTYPES	ukmyc_phenotypes:375bf7f1a2049653	DLM	DELAMANID	CHEBI:134742	XDAOLTSRNUSPPH-XMMPIXPASA-N	0.25		mg/L	46	46	7									UKMYC6	false	HIGH	14	VZ	VZ,TM AGREE	0.25	-2.0	R
3.4.0	UKMYC_PHENOTYPES	ukmyc_phenotypes:04658ae2e4b33a4a	DLM	DELAMANID	CHEBI:134742	XDAOLTSRNUSPPH-XMMPIXPASA-N	0.5		mg/L	10	10	3									UKMYC6	false	HIGH	14	VZ	VZ,TM AGREE	0.5	-1.0	R
3.4.0	UKMYC_PHENOTYPES	ukmyc_phenotypes:b7505a5f6f6d36f2	DLM	DELAMANID	CHEBI:134742	XDAOLTSRNUSPPH-XMMPIXPASA-N	0.008	<=	mg/L	5122	5122	10									UKMYC6	false	HIGH	14	VZ	VZ,TM AGREE	<=0.008	-6.97	S
3.4.0	UKMYC_PHENOTYPES	ukmyc_phenotypes:59d13ab780e18de9	DLM	DELAMANID	CHEBI:134742	XDAOLTSRNUSPPH-XMMPIXPASA-N	0.5	>	mg/L	94	94	7									UKMYC6	false	HIGH	14	VZ	VZ,TM AGREE	>0.5	0.0	R
3.4.0	UKMYC_PHENOTYPES	ukmyc_phenotypes:e6c9209296a2f8a5	DLM	DELAMANID	CHEBI:134742	XDAOLTSRNUSPPH-XMMPIXPASA-N				5	5	3									UKMYC6	false	HIGH	14	VZ	VZ,TM AGREE
3.4.0	UKMYC_PHENOTYPES	ukmyc_phenotypes:1955dc5ad5fa9669	DLM	DELAMANID	CHEBI:134742	XDAOLTSRNUSPPH-XMMPIXPASA-N	0.015		mg/L	4	4	4									UKMYC6	false	HIGH	21	VZ	BB,TM AGREE	0.015	-6.06	S
3.4.0	UKMYC_PHENOTYPES	ukmyc_phenotypes:b7dcb8954b68368d	DLM	DELAMANID	CHEBI:134742	XDAOLTSRNUSPPH-XMMPIXPASA-N	0.03		mg/L	9	9	3									UKMYC6	false	HIGH	21	VZ	BB,TM AGREE	0.03	-5.06	S
3.4.0	UKMYC_PHENOTYPES	ukmyc_phenotypes:a28bd12b99e38c9d	DLM	DELAMANID	CHEBI:134742	XDAOLTSRNUSPPH-XMMPIXPASA-N	0.06		mg/L	1	1	1									UKMYC6	false	HIGH	21	VZ	BB,TM AGREE	0.06	-4.06	S
3.4.0	UKMYC_PHENOTYPES	ukmyc_phenotypes:ef0cff827f926754	DLM	DELAMANID	CHEBI:134742	XDAOLTSRNUSPPH-XMMPIXPASA-N	0.008	<=	mg/L	3	3	2									UKMYC6	false	HIGH	21	VZ	BB,TM AGREE	<=0.008	-6.97	S
3.4.0	UKMYC_PHENOTYPES	ukmyc_phenotypes:0db966b338ec09f3	DLM	DELAMANID	CHEBI:134742	XDAOLTSRNUSPPH-XMMPIXPASA-N	0.5	>	mg/L	1	1	1									UKMYC6	false	HIGH	21	VZ	BB,TM AGREE	>0.5	0.0	R
3.4.0	UKMYC_PHENOTYPES	ukmyc_phenotypes:4430e90b04f76ade	DLM	DELAMANID	CHEBI:134742	XDAOLTSRNUSPPH-XMMPIXPASA-N				2	2	2									UKMYC6	false	HIGH	21	VZ	BB,TM AGREE
3.4.0	UKMYC_PHENOTYPES	ukmyc_phenotypes:962715482ba83a1b	DLM	DELAMANID	CHEBI:134742	XDAOLTSRNUSPPH-XMMPIXPASA-N	0.03		mg/L	1	1	1									UKMYC6	false	HIGH	21	VZ	VZ,BB AGREE	0.03	-5.06	S
3.4.0	UKMYC_PHENOTYPES	ukmyc_phenotypes:ca7b4f32aacef357	DLM	DELAMANID	CHEBI:134742	XDAOLTSRNUSPPH-XMMPIXPASA-N	0.06		mg/L	1	1	1									UKMYC6	false	HIGH	21	VZ	VZ,BB AGREE	0.06	-4.06	S
3.4.0	UKMYC_PHENOTYPES	ukmyc_phenotypes:32b80d0ec5875cc4	DLM	DELAMANID	CHEBI:134742	XDAOLTSRNUSPPH-XMMPIXPASA-N	0.008	<=	mg/L	7	7	4									UKMYC6	false	HIGH	21	VZ	VZ,BB AGREE	<=0.008	-6.97	S
3.4.0	UKMYC_PHENOTYPES	ukmyc_phenotypes:b4ec5d8a802a4ba5	DLM	DELAMANID	CHEBI:134742	XDAOLTSRNUSPPH-XMMPIXPASA-N				2	2	1									UKMYC6	false	HIGH	21	VZ	VZ,BB AGREE
3.4.0	UKMYC_PHENOTYPES	ukmyc_phenotypes:17646ac3841b8a3f	DLM	DELAMANID	CHEBI:134742	XDAOLTSRNUSPPH-XMMPIXPASA-N	0.015		mg/L	208	208	8									UKMYC6	false	HIGH	21	VZ	VZ,TM AGREE	0.015	-6.06	S
3.4.0	UKMYC_PHENOTYPES	ukmyc_phenotypes:cff8ebbea804ef43	DLM	DELAMANID	CHEBI:134742	XDAOLTSRNUSPPH-XMMPIXPASA-N	0.03		mg/L	139	139	6									UKMYC6	false	HIGH	21	VZ	VZ,TM AGREE	0.03	-5.06	S
3.4.0	UKMYC_PHENOTYPES	ukmyc_phenotypes:9e1fc93b3b89f2dc	DLM	DELAMANID	CHEBI:134742	XDAOLTSRNUSPPH-XMMPIXPASA-N	0.06		mg/L	67	67	6									UKMYC6	false	HIGH	21	VZ	VZ,TM AGREE	0.06	-4.06	S
3.4.0	UKMYC_PHENOTYPES	ukmyc_phenotypes:2629f0c3c56a8c0b	DLM	DELAMANID	CHEBI:134742	XDAOLTSRNUSPPH-XMMPIXPASA-N	0.12		mg/L	30	30	3									UKMYC6	false	HIGH	21	VZ	VZ,TM AGREE	0.12	-3.06	S
3.4.0	UKMYC_PHENOTYPES	ukmyc_phenotypes:fed0c542e4b1eb41	DLM	DELAMANID	CHEBI:134742	XDAOLTSRNUSPPH-XMMPIXPASA-N	0.25		mg/L	3	3	1									UKMYC6	false	HIGH	21	VZ	VZ,TM AGREE	0.25	-2.0	R
3.4.0	UKMYC_PHENOTYPES	ukmyc_phenotypes:c2ebb313172f08b3	DLM	DELAMANID	CHEBI:134742	XDAOLTSRNUSPPH-XMMPIXPASA-N	0.008	<=	mg/L	348	348	8									UKMYC6	false	HIGH	21	VZ	VZ,TM AGREE	<=0.008	-6.97	S
3.4.0	UKMYC_PHENOTYPES	ukmyc_phenotypes:12fef983bde55af7	DLM	DELAMANID	CHEBI:134742	XDAOLTSRNUSPPH-XMMPIXPASA-N	0.5	>	mg/L	1	1	1									UKMYC6	false	HIGH	21	VZ	VZ,TM AGREE	>0.5	0.0	R
3.4.0	UKMYC_PHENOTYPES	ukmyc_phenotypes:9e8bae54f15e580e	DLM	DELAMANID	CHEBI:134742	XDAOLTSRNUSPPH-XMMPIXPASA-N				4	4	2									UKMYC6	false	HIGH	21	VZ	VZ,TM AGREE
3.4.0	UKMYC_PHENOTYPES	ukmyc_phenotypes:a4d8b536545e894f	DLM	DELAMANID	CHEBI:134742	XDAOLTSRNUSPPH-XMMPIXPASA-N	0.015		mg/L	775	775	9									UKMYC6	false	LOW	14	VZ	ALL DISAGREE	0.015	-6.06	S
3.4.0	UKMYC_PHENOTYPES	ukmyc_phenotypes:1f4a4fd6c990b108	DLM	DELAMANID	CHEBI:134742	XDAOLTSRNUSPPH-XMMPIXPASA-N	0.03		mg/L	312	312	9									UKMYC6	false	LOW	14	VZ	ALL DISAGREE	0.03	-5.06	S
3.4.0	UKMYC_PHENOTYPES	ukmyc_phenotypes:8f45d704aee6429d	DLM	DELAMANID	CHEBI:134742	XDAOLTSRNUSPPH-XMMPIXPASA-N	0.06		mg/L	193	193	8									UKMYC6	false	LOW	14	VZ	ALL DISAGREE	0.06	-4.06	S
3.4.0	UKMYC_PHENOTYPES	ukmyc_phenotypes:8c39bce9ae4292aa	DLM	DELAMANID	CHEBI:134742	XDAOLTSRNUSPPH-XMMPIXPASA-N	0.12		mg/L	71	71	5									UKMYC6	false	LOW	14	VZ	ALL DISAGREE	0.12	-3.06	S
3.4.0	UKMYC_PHENOTYPES	ukmyc_phenotypes:8a79749c6f12aaea	DLM	DELAMANID	CHEBI:134742	XDAOLTSRNUSPPH-XMMPIXPASA-N	0.25		mg/L	27	27	7									UKMYC6	false	LOW	14	VZ	ALL DISAGREE	0.25	-2.0	R
3.4.0	UKMYC_PHENOTYPES	ukmyc_phenotypes:e4d16aaf32b95b77	DLM	DELAMANID	CHEBI:134742	XDAOLTSRNUSPPH-XMMPIXPASA-N	0.5		mg/L	28	28	7									UKMYC6	false	LOW	14	VZ	ALL DISAGREE	0.5	-1.0	R
3.4.0	UKMYC_PHENOTYPES	ukmyc_phenotypes:ff8e0edc512f9d92	DLM	DELAMANID	CHEBI:134742	XDAOLTSRNUSPPH-XMMPIXPASA-N	0.008	<=	mg/L	933	933	10									UKMYC6	false	LOW	14	VZ	ALL DISAGREE	<=0.008	-6.97	S
3.4.0	UKMYC_PHENOTYPES	ukmyc_phenotypes:11a84e2deb66850e	DLM	DELAMANID	CHEBI:134742	XDAOLTSRNUSPPH-XMMPIXPASA-N	0.5	>	mg/L	3	3	1									UKMYC6	false	LOW	14	VZ	ALL DISAGREE	>0.5	0.0	R
3.4.0	UKMYC_PHENOTYPES	ukmyc_phenotypes:fb47e908ed942d90	DLM	DELAMANID	CHEBI:134742	XDAOLTSRNUSPPH-XMMPIXPASA-N				39	39	4									UKMYC6	false	LOW	14	VZ	ALL DISAGREE
3.4.0	UKMYC_PHENOTYPES	ukmyc_phenotypes:44e72c53682e3c94	DLM	DELAMANID	CHEBI:134742	XDAOLTSRNUSPPH-XMMPIXPASA-N	0.015		mg/L	27	27	5									UKMYC6	false	LOW	21	VZ	ALL DISAGREE	0.015	-6.06	S
3.4.0	UKMYC_PHENOTYPES	ukmyc_phenotypes:61fb1fc95f105af3	DLM	DELAMANID	CHEBI:134742	XDAOLTSRNUSPPH-XMMPIXPASA-N	0.03		mg/L	12	12	5									UKMYC6	false	LOW	21	VZ	ALL DISAGREE	0.03	-5.06	S
3.4.0	UKMYC_PHENOTYPES	ukmyc_phenotypes:6254926dfd88556a	DLM	DELAMANID	CHEBI:134742	XDAOLTSRNUSPPH-XMMPIXPASA-N	0.06		mg/L	10	10	1									UKMYC6	false	LOW	21	VZ	ALL DISAGREE	0.06	-4.06	S
3.4.0	UKMYC_PHENOTYPES	ukmyc_phenotypes:d045fc7f0c1366f8	DLM	DELAMANID	CHEBI:134742	XDAOLTSRNUSPPH-XMMPIXPASA-N	0.12		mg/L	2	2	2									UKMYC6	false	LOW	21	VZ	ALL DISAGREE	0.12	-3.06	S
3.4.0	UKMYC_PHENOTYPES	ukmyc_phenotypes:a12e76d4e741c685	DLM	DELAMANID	CHEBI:134742	XDAOLTSRNUSPPH-XMMPIXPASA-N	0.25		mg/L	1	1	1									UKMYC6	false	LOW	21	VZ	ALL DISAGREE	0.25	-2.0	R
3.4.0	UKMYC_PHENOTYPES	ukmyc_phenotypes:b6aa1018a5c6bb32	DLM	DELAMANID	CHEBI:134742	XDAOLTSRNUSPPH-XMMPIXPASA-N	0.5		mg/L	4	4	2									UKMYC6	false	LOW	21	VZ	ALL DISAGREE	0.5	-1.0	R
3.4.0	UKMYC_PHENOTYPES	ukmyc_phenotypes:fc46743e1aa5a5bc	DLM	DELAMANID	CHEBI:134742	XDAOLTSRNUSPPH-XMMPIXPASA-N	0.008	<=	mg/L	70	70	5									UKMYC6	false	LOW	21	VZ	ALL DISAGREE	<=0.008	-6.97	S
3.4.0	UKMYC_PHENOTYPES	ukmyc_phenotypes:9342ac29f9ac7d28	DLM	DELAMANID	CHEBI:134742	XDAOLTSRNUSPPH-XMMPIXPASA-N				6	6	1									UKMYC6	false	LOW	21	VZ	ALL DISAGREE
3.4.0	UKMYC_PHENOTYPES	ukmyc_phenotypes:4c178b5bdaffb293	DLM	DELAMANID	CHEBI:134742	XDAOLTSRNUSPPH-XMMPIXPASA-N	0.015		mg/L	34	34	1									UKMYC6	false	MEDIUM	14	MB	VZ ONLY	0.015	-6.06	S
3.4.0	UKMYC_PHENOTYPES	ukmyc_phenotypes:ce6caa699c30fcc5	DLM	DELAMANID	CHEBI:134742	XDAOLTSRNUSPPH-XMMPIXPASA-N	0.03		mg/L	11	11	1									UKMYC6	false	MEDIUM	14	MB	VZ ONLY	0.03	-5.06	S
3.4.0	UKMYC_PHENOTYPES	ukmyc_phenotypes:737414354f2e72d5	DLM	DELAMANID	CHEBI:134742	XDAOLTSRNUSPPH-XMMPIXPASA-N	0.06		mg/L	1	1	1									UKMYC6	false	MEDIUM	14	MB	VZ ONLY	0.06	-4.06	S
3.4.0	UKMYC_PHENOTYPES	ukmyc_phenotypes:b6b6a31c4a57dcb4	DLM	DELAMANID	CHEBI:134742	XDAOLTSRNUSPPH-XMMPIXPASA-N	0.008	<=	mg/L	14	14	1									UKMYC6	false	MEDIUM	14	MB	VZ ONLY	<=0.008	-6.97	S
3.4.0	UKMYC_PHENOTYPES	ukmyc_phenotypes:6c3a25ba5f63ad93	DLM	DELAMANID	CHEBI:134742	XDAOLTSRNUSPPH-XMMPIXPASA-N	0.5	>	mg/L	1	1	1									UKMYC6	false	MEDIUM	14	MB	VZ ONLY	>0.5	0.0	R
3.4.0	UKMYC_PHENOTYPES	ukmyc_phenotypes:5aea48a81b9cfd22	DLM	DELAMANID	CHEBI:134742	XDAOLTSRNUSPPH-XMMPIXPASA-N	0.015		mg/L	52	52	5									UKMYC6	false	MEDIUM	14	VZ	BB RUNNING	0.015	-6.06	S
3.4.0	UKMYC_PHENOTYPES	ukmyc_phenotypes:98a125896770b13d	DLM	DELAMANID	CHEBI:134742	XDAOLTSRNUSPPH-XMMPIXPASA-N	0.03		mg/L	20	20	5									UKMYC6	false	MEDIUM	14	VZ	BB RUNNING	0.03	-5.06	S
3.4.0	UKMYC_PHENOTYPES	ukmyc_phenotypes:26ac08418b65b9eb	DLM	DELAMANID	CHEBI:134742	XDAOLTSRNUSPPH-XMMPIXPASA-N	0.06		mg/L	14	14	2									UKMYC6	false	MEDIUM	14	VZ	BB RUNNING	0.06	-4.06	S
3.4.0	UKMYC_PHENOTYPES	ukmyc_phenotypes:3116a3e8d76f4dde	DLM	DELAMANID	CHEBI:134742	XDAOLTSRNUSPPH-XMMPIXPASA-N	0.12		mg/L	9	9	1									UKMYC6	false	MEDIUM	14	VZ	BB RUNNING	0.12	-3.06	S
3.4.0	UKMYC_PHENOTYPES	ukmyc_phenotypes:746e39e52bc22ad1	DLM	DELAMANID	CHEBI:134742	XDAOLTSRNUSPPH-XMMPIXPASA-N	0.25		mg/L	4	4	1									UKMYC6	false	MEDIUM	14	VZ	BB RUNNING	0.25	-2.0	R
3.4.0	UKMYC_PHENOTYPES	ukmyc_phenotypes:c9c5e9d2fdb138e1	DLM	DELAMANID	CHEBI:134742	XDAOLTSRNUSPPH-XMMPIXPASA-N	0.5		mg/L	1	1	1									UKMYC6	false	MEDIUM	14	VZ	BB RUNNING	0.5	-1.0	R
3.4.0	UKMYC_PHENOTYPES	ukmyc_phenotypes:eb815c03e2b2fd01	DLM	DELAMANID	CHEBI:134742	XDAOLTSRNUSPPH-XMMPIXPASA-N	0.008	<=	mg/L	237	237	5									UKMYC6	false	MEDIUM	14	VZ	BB RUNNING	<=0.008	-6.97	S
3.4.0	UKMYC_PHENOTYPES	ukmyc_phenotypes:752596e73a674637	DLM	DELAMANID	CHEBI:134742	XDAOLTSRNUSPPH-XMMPIXPASA-N	0.5	>	mg/L	1	1	1									UKMYC6	false	MEDIUM	14	VZ	BB RUNNING	>0.5	0.0	R
3.4.0	UKMYC_PHENOTYPES	ukmyc_phenotypes:3876a9939331a505	DLM	DELAMANID	CHEBI:134742	XDAOLTSRNUSPPH-XMMPIXPASA-N				2	2	1									UKMYC6	false	MEDIUM	14	VZ	BB RUNNING
3.4.0	UKMYC_PHENOTYPES	ukmyc_phenotypes:7c704a50e7fa9c03	DLM	DELAMANID	CHEBI:134742	XDAOLTSRNUSPPH-XMMPIXPASA-N	0.015		mg/L	96	96	9									UKMYC6	false	MEDIUM	14	VZ	VZ ONLY	0.015	-6.06	S
3.4.0	UKMYC_PHENOTYPES	ukmyc_phenotypes:d41cfaffb5db9388	DLM	DELAMANID	CHEBI:134742	XDAOLTSRNUSPPH-XMMPIXPASA-N	0.03		mg/L	15	15	8									UKMYC6	false	MEDIUM	14	VZ	VZ ONLY	0.03	-5.06	S
3.4.0	UKMYC_PHENOTYPES	ukmyc_phenotypes:58a60b87f1178b4a	DLM	DELAMANID	CHEBI:134742	XDAOLTSRNUSPPH-XMMPIXPASA-N	0.06		mg/L	12	12	4									UKMYC6	false	MEDIUM	14	VZ	VZ ONLY	0.06	-4.06	S
3.4.0	UKMYC_PHENOTYPES	ukmyc_phenotypes:7d68f38cfafe21fd	DLM	DELAMANID	CHEBI:134742	XDAOLTSRNUSPPH-XMMPIXPASA-N	0.12		mg/L	9	9	5									UKMYC6	false	MEDIUM	14	VZ	VZ ONLY	0.12	-3.06	S
3.4.0	UKMYC_PHENOTYPES	ukmyc_phenotypes:2379d5c842e9c880	DLM	DELAMANID	CHEBI:134742	XDAOLTSRNUSPPH-XMMPIXPASA-N	0.25		mg/L	8	8	4									UKMYC6	false	MEDIUM	14	VZ	VZ ONLY	0.25	-2.0	R
3.4.0	UKMYC_PHENOTYPES	ukmyc_phenotypes:548476b88ae1196b	DLM	DELAMANID	CHEBI:134742	XDAOLTSRNUSPPH-XMMPIXPASA-N	0.5		mg/L	8	8	1									UKMYC6	false	MEDIUM	14	VZ	VZ ONLY	0.5	-1.0	R
3.4.0	UKMYC_PHENOTYPES	ukmyc_phenotypes:da173df8366bfdff	DLM	DELAMANID	CHEBI:134742	XDAOLTSRNUSPPH-XMMPIXPASA-N	0.008	<=	mg/L	383	383	9									UKMYC6	false	MEDIUM	14	VZ	VZ ONLY	<=0.008	-6.97	S
3.4.0	UKMYC_PHENOTYPES	ukmyc_phenotypes:0676d6b3d3baf2af	DLM	DELAMANID	CHEBI:134742	XDAOLTSRNUSPPH-XMMPIXPASA-N	0.5	>	mg/L	1	1	1									UKMYC6	false	MEDIUM	14	VZ	VZ ONLY	>0.5	0.0	R
3.4.0	UKMYC_PHENOTYPES	ukmyc_phenotypes:4ccbf4d1f0d2be84	DLM	DELAMANID	CHEBI:134742	XDAOLTSRNUSPPH-XMMPIXPASA-N				1	1	1									UKMYC6	false	MEDIUM	14	VZ	VZ ONLY
3.4.0	UKMYC_PHENOTYPES	ukmyc_phenotypes:7cdc5c3f9b142456	DLM	DELAMANID	CHEBI:134742	XDAOLTSRNUSPPH-XMMPIXPASA-N	0.015		mg/L	33	33	1									UKMYC6	false	MEDIUM	21	MB	VZ ONLY	0.015	-6.06	S
3.4.0	UKMYC_PHENOTYPES	ukmyc_phenotypes:2092bcf36497a661	DLM	DELAMANID	CHEBI:134742	XDAOLTSRNUSPPH-XMMPIXPASA-N	0.03		mg/L	17	17	1									UKMYC6	false	MEDIUM	21	MB	VZ ONLY	0.03	-5.06	S
3.4.0	UKMYC_PHENOTYPES	ukmyc_phenotypes:712f65cc20b0c710	DLM	DELAMANID	CHEBI:134742	XDAOLTSRNUSPPH-XMMPIXPASA-N	0.06		mg/L	6	6	1									UKMYC6	false	MEDIUM	21	MB	VZ ONLY	0.06	-4.06	S
3.4.0	UKMYC_PHENOTYPES	ukmyc_phenotypes:565588b9dcfb764d	DLM	DELAMANID	CHEBI:134742	XDAOLTSRNUSPPH-XMMPIXPASA-N	0.008	<=	mg/L	7	7	1									UKMYC6	false	MEDIUM	21	MB	VZ ONLY	<=0.008	-6.97	S
3.4.0	UKMYC_PHENOTYPES	ukmyc_phenotypes:6e607f4d5951e0e7	DLM	DELAMANID	CHEBI:134742	XDAOLTSRNUSPPH-XMMPIXPASA-N	0.015		mg/L	19	19	4									UKMYC6	false	MEDIUM	21	VZ	BB RUNNING	0.015	-6.06	S
3.4.0	UKMYC_PHENOTYPES	ukmyc_phenotypes:0fe73f426099b935	DLM	DELAMANID	CHEBI:134742	XDAOLTSRNUSPPH-XMMPIXPASA-N	0.03		mg/L	20	20	3									UKMYC6	false	MEDIUM	21	VZ	BB RUNNING	0.03	-5.06	S
3.4.0	UKMYC_PHENOTYPES	ukmyc_phenotypes:02cf6974c21d9d9b	DLM	DELAMANID	CHEBI:134742	XDAOLTSRNUSPPH-XMMPIXPASA-N	0.06		mg/L	10	10	1									UKMYC6	false	MEDIUM	21	VZ	BB RUNNING	0.06	-4.06	S
3.4.0	UKMYC_PHENOTYPES	ukmyc_phenotypes:a3afe44a68b6842c	DLM	DELAMANID	CHEBI:134742	XDAOLTSRNUSPPH-XMMPIXPASA-N	0.12		mg/L	16	16	1									UKMYC6	false	MEDIUM	21	VZ	BB RUNNING	0.12	-3.06	S
3.4.0	UKMYC_PHENOTYPES	ukmyc_phenotypes:7add88731c69b4d0	DLM	DELAMANID	CHEBI:134742	XDAOLTSRNUSPPH-XMMPIXPASA-N	0.25		mg/L	11	11	2									UKMYC6	false	MEDIUM	21	VZ	BB RUNNING	0.25	-2.0	R
3.4.0	UKMYC_PHENOTYPES	ukmyc_phenotypes:479fed5a6822c942	DLM	DELAMANID	CHEBI:134742	XDAOLTSRNUSPPH-XMMPIXPASA-N	0.5		mg/L	3	3	1									UKMYC6	false	MEDIUM	21	VZ	BB RUNNING	0.5	-1.0	R
3.4.0	UKMYC_PHENOTYPES	ukmyc_phenotypes:8f9dbfd21fab155e	DLM	DELAMANID	CHEBI:134742	XDAOLTSRNUSPPH-XMMPIXPASA-N	0.008	<=	mg/L	37	37	5									UKMYC6	false	MEDIUM	21	VZ	BB RUNNING	<=0.008	-6.97	S
3.4.0	UKMYC_PHENOTYPES	ukmyc_phenotypes:982cd8b349c25a11	DLM	DELAMANID	CHEBI:134742	XDAOLTSRNUSPPH-XMMPIXPASA-N	0.5	>	mg/L	4	4	1									UKMYC6	false	MEDIUM	21	VZ	BB RUNNING	>0.5	0.0	R
3.4.0	UKMYC_PHENOTYPES	ukmyc_phenotypes:4149db06728286f2	DLM	DELAMANID	CHEBI:134742	XDAOLTSRNUSPPH-XMMPIXPASA-N				14	14	1									UKMYC6	false	MEDIUM	21	VZ	BB RUNNING
3.4.0	UKMYC_PHENOTYPES	ukmyc_phenotypes:5cca23d2eafd2487	DLM	DELAMANID	CHEBI:134742	XDAOLTSRNUSPPH-XMMPIXPASA-N	0.015		mg/L	38	38	3									UKMYC6	false	MEDIUM	21	VZ	VZ ONLY	0.015	-6.06	S
3.4.0	UKMYC_PHENOTYPES	ukmyc_phenotypes:a6ee839fb1fdcb8d	DLM	DELAMANID	CHEBI:134742	XDAOLTSRNUSPPH-XMMPIXPASA-N	0.03		mg/L	5	5	3									UKMYC6	false	MEDIUM	21	VZ	VZ ONLY	0.03	-5.06	S
3.4.0	UKMYC_PHENOTYPES	ukmyc_phenotypes:71916418c88b95c3	DLM	DELAMANID	CHEBI:134742	XDAOLTSRNUSPPH-XMMPIXPASA-N	0.06		mg/L	1	1	1									UKMYC6	false	MEDIUM	21	VZ	VZ ONLY	0.06	-4.06	S
3.4.0	UKMYC_PHENOTYPES	ukmyc_phenotypes:3403367c380675fa	DLM	DELAMANID	CHEBI:134742	XDAOLTSRNUSPPH-XMMPIXPASA-N	0.12		mg/L	3	3	2									UKMYC6	false	MEDIUM	21	VZ	VZ ONLY	0.12	-3.06	S
3.4.0	UKMYC_PHENOTYPES	ukmyc_phenotypes:0a0462be3c828439	DLM	DELAMANID	CHEBI:134742	XDAOLTSRNUSPPH-XMMPIXPASA-N	0.5		mg/L	1	1	1									UKMYC6	false	MEDIUM	21	VZ	VZ ONLY	0.5	-1.0	R
3.4.0	UKMYC_PHENOTYPES	ukmyc_phenotypes:4659bbe36b93266b	DLM	DELAMANID	CHEBI:134742	XDAOLTSRNUSPPH-XMMPIXPASA-N	0.008	<=	mg/L	112	112	5									UKMYC6	false	MEDIUM	21	VZ	VZ ONLY	<=0.008	-6.97	S
3.4.0	UKMYC_PHENOTYPES	ukmyc_phenotypes:19a33019b51db375	DLM	DELAMANID	CHEBI:134742	XDAOLTSRNUSPPH-XMMPIXPASA-N	0.5	>	mg/L	1	1	1									UKMYC6	false	MEDIUM	21	VZ	VZ ONLY	>0.5	0.0	R
3.4.0	UKMYC_PHENOTYPES	ukmyc_phenotypes:4d9fc0af4bf9d6f0	EMB	ETHAMBUTOL	CHEBI:4877	AEUTYOVWOVBAKS-UWVGGRQHSA-N	0.12		mg/L	7	7	2									UKMYC5	false	HIGH	14	VZ	BB,TM AGREE	0.12	-3.06	S
3.4.0	UKMYC_PHENOTYPES	ukmyc_phenotypes:4921d34b1a06eda7	EMB	ETHAMBUTOL	CHEBI:4877	AEUTYOVWOVBAKS-UWVGGRQHSA-N	0.25		mg/L	27	27	3									UKMYC5	false	HIGH	14	VZ	BB,TM AGREE	0.25	-2.0	S
3.4.0	UKMYC_PHENOTYPES	ukmyc_phenotypes:ca8f72617bf5ea4f	EMB	ETHAMBUTOL	CHEBI:4877	AEUTYOVWOVBAKS-UWVGGRQHSA-N	0.5		mg/L	69	69	5									UKMYC5	false	HIGH	14	VZ	BB,TM AGREE	0.5	-1.0	S
3.4.0	UKMYC_PHENOTYPES	ukmyc_phenotypes:1cb5e982a3fd4839	EMB	ETHAMBUTOL	CHEBI:4877	AEUTYOVWOVBAKS-UWVGGRQHSA-N	1.0		mg/L	144	144	7									UKMYC5	false	HIGH	14	VZ	BB,TM AGREE	1.0	0.0	S
3.4.0	UKMYC_PHENOTYPES	ukmyc_phenotypes:e457c5168e1dca45	EMB	ETHAMBUTOL	CHEBI:4877	AEUTYOVWOVBAKS-UWVGGRQHSA-N	2.0		mg/L	251	251	7									UKMYC5	false	HIGH	14	VZ	BB,TM AGREE	2.0	1.0	S
3.4.0	UKMYC_PHENOTYPES	ukmyc_phenotypes:5307a89f55c92286	EMB	ETHAMBUTOL	CHEBI:4877	AEUTYOVWOVBAKS-UWVGGRQHSA-N	4.0		mg/L	70	70	8									UKMYC5	false	HIGH	14	VZ	BB,TM AGREE	4.0	2.0	S
3.4.0	UKMYC_PHENOTYPES	ukmyc_phenotypes:4bf789f1dc7c7a95	EMB	ETHAMBUTOL	CHEBI:4877	AEUTYOVWOVBAKS-UWVGGRQHSA-N	8.0		mg/L	96	96	7									UKMYC5	false	HIGH	14	VZ	BB,TM AGREE	8.0	3.0	R
3.4.0	UKMYC_PHENOTYPES	ukmyc_phenotypes:859a5dbd38a047b7	EMB	ETHAMBUTOL	CHEBI:4877	AEUTYOVWOVBAKS-UWVGGRQHSA-N	0.06	<=	mg/L	6	6	1									UKMYC5	false	HIGH	14	VZ	BB,TM AGREE	<=0.06	-4.06	S
3.4.0	UKMYC_PHENOTYPES	ukmyc_phenotypes:edd920add80af16d	EMB	ETHAMBUTOL	CHEBI:4877	AEUTYOVWOVBAKS-UWVGGRQHSA-N	8	>	mg/L	137	137	6									UKMYC5	false	HIGH	14	VZ	BB,TM AGREE	>8	4.0	R
3.4.0	UKMYC_PHENOTYPES	ukmyc_phenotypes:a2bb025c82a19b14	EMB	ETHAMBUTOL	CHEBI:4877	AEUTYOVWOVBAKS-UWVGGRQHSA-N				7	7	2									UKMYC5	false	HIGH	14	VZ	BB,TM AGREE
3.4.0	UKMYC_PHENOTYPES	ukmyc_phenotypes:26efa9f3081bc292	EMB	ETHAMBUTOL	CHEBI:4877	AEUTYOVWOVBAKS-UWVGGRQHSA-N	0.25		mg/L	4	4	3									UKMYC5	false	HIGH	14	VZ	VZ,BB AGREE	0.25	-2.0	S
3.4.0	UKMYC_PHENOTYPES	ukmyc_phenotypes:3889149a635cc65e	EMB	ETHAMBUTOL	CHEBI:4877	AEUTYOVWOVBAKS-UWVGGRQHSA-N	0.5		mg/L	13	13	6									UKMYC5	false	HIGH	14	VZ	VZ,BB AGREE	0.5	-1.0	S
3.4.0	UKMYC_PHENOTYPES	ukmyc_phenotypes:f71389252f808c1f	EMB	ETHAMBUTOL	CHEBI:4877	AEUTYOVWOVBAKS-UWVGGRQHSA-N	1.0		mg/L	57	57	5									UKMYC5	false	HIGH	14	VZ	VZ,BB AGREE	1.0	0.0	S
3.4.0	UKMYC_PHENOTYPES	ukmyc_phenotypes:aa24342212c01744	EMB	ETHAMBUTOL	CHEBI:4877	AEUTYOVWOVBAKS-UWVGGRQHSA-N	2.0		mg/L	89	89	7									UKMYC5	false	HIGH	14	VZ	VZ,BB AGREE	2.0	1.0	S
3.4.0	UKMYC_PHENOTYPES	ukmyc_phenotypes:46996f4921487089	EMB	ETHAMBUTOL	CHEBI:4877	AEUTYOVWOVBAKS-UWVGGRQHSA-N	4.0		mg/L	44	44	6									UKMYC5	false	HIGH	14	VZ	VZ,BB AGREE	4.0	2.0	S
3.4.0	UKMYC_PHENOTYPES	ukmyc_phenotypes:efb8a8a576c49826	EMB	ETHAMBUTOL	CHEBI:4877	AEUTYOVWOVBAKS-UWVGGRQHSA-N	8.0		mg/L	37	37	6									UKMYC5	false	HIGH	14	VZ	VZ,BB AGREE	8.0	3.0	R
3.4.0	UKMYC_PHENOTYPES	ukmyc_phenotypes:8609fff509fb2cdf	EMB	ETHAMBUTOL	CHEBI:4877	AEUTYOVWOVBAKS-UWVGGRQHSA-N	0.06	<=	mg/L	2	2	1									UKMYC5	false	HIGH	14	VZ	VZ,BB AGREE	<=0.06	-4.06	S
3.4.0	UKMYC_PHENOTYPES	ukmyc_phenotypes:50e11fc3540fd715	EMB	ETHAMBUTOL	CHEBI:4877	AEUTYOVWOVBAKS-UWVGGRQHSA-N	8	>	mg/L	28	28	7									UKMYC5	false	HIGH	14	VZ	VZ,BB AGREE	>8	4.0	R
3.4.0	UKMYC_PHENOTYPES	ukmyc_phenotypes:0b28cee4fb76284f	EMB	ETHAMBUTOL	CHEBI:4877	AEUTYOVWOVBAKS-UWVGGRQHSA-N				1	1	1									UKMYC5	false	HIGH	14	VZ	VZ,BB AGREE
3.4.0	UKMYC_PHENOTYPES	ukmyc_phenotypes:858dbfa8c199b517	EMB	ETHAMBUTOL	CHEBI:4877	AEUTYOVWOVBAKS-UWVGGRQHSA-N	0.12		mg/L	2	2	2									UKMYC5	false	HIGH	14	VZ	VZ,TM AGREE	0.12	-3.06	S
3.4.0	UKMYC_PHENOTYPES	ukmyc_phenotypes:f3085db2aafc10a1	EMB	ETHAMBUTOL	CHEBI:4877	AEUTYOVWOVBAKS-UWVGGRQHSA-N	0.25		mg/L	44	44	4									UKMYC5	false	HIGH	14	VZ	VZ,TM AGREE	0.25	-2.0	S
3.4.0	UKMYC_PHENOTYPES	ukmyc_phenotypes:16f200a2afb7c14d	EMB	ETHAMBUTOL	CHEBI:4877	AEUTYOVWOVBAKS-UWVGGRQHSA-N	0.5		mg/L	191	191	8									UKMYC5	false	HIGH	14	VZ	VZ,TM AGREE	0.5	-1.0	S
3.4.0	UKMYC_PHENOTYPES	ukmyc_phenotypes:7dad77aa93d772e0	EMB	ETHAMBUTOL	CHEBI:4877	AEUTYOVWOVBAKS-UWVGGRQHSA-N	1.0		mg/L	1288	1288	8									UKMYC5	false	HIGH	14	VZ	VZ,TM AGREE	1.0	0.0	S
3.4.0	UKMYC_PHENOTYPES	ukmyc_phenotypes:bd66d1e6494db9f3	EMB	ETHAMBUTOL	CHEBI:4877	AEUTYOVWOVBAKS-UWVGGRQHSA-N	2.0		mg/L	1096	1096	8									UKMYC5	false	HIGH	14	VZ	VZ,TM AGREE	2.0	1.0	S
3.4.0	UKMYC_PHENOTYPES	ukmyc_phenotypes:cbc4d4e03e153872	EMB	ETHAMBUTOL	CHEBI:4877	AEUTYOVWOVBAKS-UWVGGRQHSA-N	4.0		mg/L	461	461	8									UKMYC5	false	HIGH	14	VZ	VZ,TM AGREE	4.0	2.0	S
3.4.0	UKMYC_PHENOTYPES	ukmyc_phenotypes:d248e9c30297eb66	EMB	ETHAMBUTOL	CHEBI:4877	AEUTYOVWOVBAKS-UWVGGRQHSA-N	8.0		mg/L	595	595	7									UKMYC5	false	HIGH	14	VZ	VZ,TM AGREE	8.0	3.0	R
3.4.0	UKMYC_PHENOTYPES	ukmyc_phenotypes:cd5ad875a33f8200	EMB	ETHAMBUTOL	CHEBI:4877	AEUTYOVWOVBAKS-UWVGGRQHSA-N	0.06	<=	mg/L	1	1	1									UKMYC5	false	HIGH	14	VZ	VZ,TM AGREE	<=0.06	-4.06	S
3.4.0	UKMYC_PHENOTYPES	ukmyc_phenotypes:1f6daa63196e937b	EMB	ETHAMBUTOL	CHEBI:4877	AEUTYOVWOVBAKS-UWVGGRQHSA-N	8	>	mg/L	391	391	5									UKMYC5	false	HIGH	14	VZ	VZ,TM AGREE	>8	4.0	R
3.4.0	UKMYC_PHENOTYPES	ukmyc_phenotypes:af9aae5f2d72f78d	EMB	ETHAMBUTOL	CHEBI:4877	AEUTYOVWOVBAKS-UWVGGRQHSA-N				1	1	1									UKMYC5	false	HIGH	14	VZ	VZ,TM AGREE
3.4.0	UKMYC_PHENOTYPES	ukmyc_phenotypes:c79fbfc1ec821416	EMB	ETHAMBUTOL	CHEBI:4877	AEUTYOVWOVBAKS-UWVGGRQHSA-N	0.25		mg/L	2	2	1									UKMYC5	false	HIGH	21	VZ	BB,TM AGREE	0.25	-2.0	S
3.4.0	UKMYC_PHENOTYPES	ukmyc_phenotypes:5b3fd900da73eb63	EMB	ETHAMBUTOL	CHEBI:4877	AEUTYOVWOVBAKS-UWVGGRQHSA-N	0.5		mg/L	4	4	2									UKMYC5	false	HIGH	21	VZ	BB,TM AGREE	0.5	-1.0	S
3.4.0	UKMYC_PHENOTYPES	ukmyc_phenotypes:66ccb95977f9dec9	EMB	ETHAMBUTOL	CHEBI:4877	AEUTYOVWOVBAKS-UWVGGRQHSA-N	1.0		mg/L	3	3	3									UKMYC5	false	HIGH	21	VZ	BB,TM AGREE	1.0	0.0	S
3.4.0	UKMYC_PHENOTYPES	ukmyc_phenotypes:4eba2ccc4a2ac6f4	EMB	ETHAMBUTOL	CHEBI:4877	AEUTYOVWOVBAKS-UWVGGRQHSA-N	2.0		mg/L	6	6	4									UKMYC5	false	HIGH	21	VZ	BB,TM AGREE	2.0	1.0	S
3.4.0	UKMYC_PHENOTYPES	ukmyc_phenotypes:63216d507110e057	EMB	ETHAMBUTOL	CHEBI:4877	AEUTYOVWOVBAKS-UWVGGRQHSA-N	4.0		mg/L	8	8	6									UKMYC5	false	HIGH	21	VZ	BB,TM AGREE	4.0	2.0	S
3.4.0	UKMYC_PHENOTYPES	ukmyc_phenotypes:2b4ce2616174aeca	EMB	ETHAMBUTOL	CHEBI:4877	AEUTYOVWOVBAKS-UWVGGRQHSA-N	8.0		mg/L	3	3	2									UKMYC5	false	HIGH	21	VZ	BB,TM AGREE	8.0	3.0	R
3.4.0	UKMYC_PHENOTYPES	ukmyc_phenotypes:db397026169aa112	EMB	ETHAMBUTOL	CHEBI:4877	AEUTYOVWOVBAKS-UWVGGRQHSA-N	8	>	mg/L	5	5	2									UKMYC5	false	HIGH	21	VZ	BB,TM AGREE	>8	4.0	R
3.4.0	UKMYC_PHENOTYPES	ukmyc_phenotypes:108c1760a6aaf024	EMB	ETHAMBUTOL	CHEBI:4877	AEUTYOVWOVBAKS-UWVGGRQHSA-N	0.12		mg/L	1	1	1									UKMYC5	false	HIGH	21	VZ	VZ,BB AGREE	0.12	-3.06	S
3.4.0	UKMYC_PHENOTYPES	ukmyc_phenotypes:c4f105ff6a1a0951	EMB	ETHAMBUTOL	CHEBI:4877	AEUTYOVWOVBAKS-UWVGGRQHSA-N	0.5		mg/L	1	1	1									UKMYC5	false	HIGH	21	VZ	VZ,BB AGREE	0.5	-1.0	S
3.4.0	UKMYC_PHENOTYPES	ukmyc_phenotypes:cb40fdd73ad6f177	EMB	ETHAMBUTOL	CHEBI:4877	AEUTYOVWOVBAKS-UWVGGRQHSA-N	1.0		mg/L	4	4	1									UKMYC5	false	HIGH	21	VZ	VZ,BB AGREE	1.0	0.0	S
3.4.0	UKMYC_PHENOTYPES	ukmyc_phenotypes:638ca302081f748e	EMB	ETHAMBUTOL	CHEBI:4877	AEUTYOVWOVBAKS-UWVGGRQHSA-N	8.0		mg/L	1	1	1									UKMYC5	false	HIGH	21	VZ	VZ,BB AGREE	8.0	3.0	R
3.4.0	UKMYC_PHENOTYPES	ukmyc_phenotypes:817829ab6641eeb9	EMB	ETHAMBUTOL	CHEBI:4877	AEUTYOVWOVBAKS-UWVGGRQHSA-N	8	>	mg/L	1	1	1									UKMYC5	false	HIGH	21	VZ	VZ,BB AGREE	>8	4.0	R
3.4.0	UKMYC_PHENOTYPES	ukmyc_phenotypes:51fb5970b9dfd303	EMB	ETHAMBUTOL	CHEBI:4877	AEUTYOVWOVBAKS-UWVGGRQHSA-N	0.25		mg/L	3	3	2									UKMYC5	false	HIGH	21	VZ	VZ,TM AGREE	0.25	-2.0	S
3.4.0	UKMYC_PHENOTYPES	ukmyc_phenotypes:3300b1af29181717	EMB	ETHAMBUTOL	CHEBI:4877	AEUTYOVWOVBAKS-UWVGGRQHSA-N	0.5		mg/L	8	8	5									UKMYC5	false	HIGH	21	VZ	VZ,TM AGREE	0.5	-1.0	S
3.4.0	UKMYC_PHENOTYPES	ukmyc_phenotypes:b6bcf57ca1dc7b31	EMB	ETHAMBUTOL	CHEBI:4877	AEUTYOVWOVBAKS-UWVGGRQHSA-N	1.0		mg/L	18	18	5									UKMYC5	false	HIGH	21	VZ	VZ,TM AGREE	1.0	0.0	S
3.4.0	UKMYC_PHENOTYPES	ukmyc_phenotypes:4ce4e99066d4a958	EMB	ETHAMBUTOL	CHEBI:4877	AEUTYOVWOVBAKS-UWVGGRQHSA-N	2.0		mg/L	20	20	5									UKMYC5	false	HIGH	21	VZ	VZ,TM AGREE	2.0	1.0	S
3.4.0	UKMYC_PHENOTYPES	ukmyc_phenotypes:057ebfef5e035c68	EMB	ETHAMBUTOL	CHEBI:4877	AEUTYOVWOVBAKS-UWVGGRQHSA-N	4.0		mg/L	7	7	4									UKMYC5	false	HIGH	21	VZ	VZ,TM AGREE	4.0	2.0	S
3.4.0	UKMYC_PHENOTYPES	ukmyc_phenotypes:dc3b7b5089d83534	EMB	ETHAMBUTOL	CHEBI:4877	AEUTYOVWOVBAKS-UWVGGRQHSA-N	8.0		mg/L	5	5	2									UKMYC5	false	HIGH	21	VZ	VZ,TM AGREE	8.0	3.0	R
3.4.0	UKMYC_PHENOTYPES	ukmyc_phenotypes:95e2e93f8f581f7b	EMB	ETHAMBUTOL	CHEBI:4877	AEUTYOVWOVBAKS-UWVGGRQHSA-N	8	>	mg/L	5	5	3									UKMYC5	false	HIGH	21	VZ	VZ,TM AGREE	>8	4.0	R
3.4.0	UKMYC_PHENOTYPES	ukmyc_phenotypes:71e2658069111c63	EMB	ETHAMBUTOL	CHEBI:4877	AEUTYOVWOVBAKS-UWVGGRQHSA-N	0.12		mg/L	5	5	1									UKMYC5	false	LOW	14	VZ	ALL DISAGREE	0.12	-3.06	S
3.4.0	UKMYC_PHENOTYPES	ukmyc_phenotypes:ef1bc2772accf512	EMB	ETHAMBUTOL	CHEBI:4877	AEUTYOVWOVBAKS-UWVGGRQHSA-N	0.25		mg/L	25	25	4									UKMYC5	false	LOW	14	VZ	ALL DISAGREE	0.25	-2.0	S
3.4.0	UKMYC_PHENOTYPES	ukmyc_phenotypes:c47b6bf269e63b4f	EMB	ETHAMBUTOL	CHEBI:4877	AEUTYOVWOVBAKS-UWVGGRQHSA-N	0.5		mg/L	86	86	6									UKMYC5	false	LOW	14	VZ	ALL DISAGREE	0.5	-1.0	S
3.4.0	UKMYC_PHENOTYPES	ukmyc_phenotypes:4fe5dfe33dafdbe7	EMB	ETHAMBUTOL	CHEBI:4877	AEUTYOVWOVBAKS-UWVGGRQHSA-N	1.0		mg/L	188	188	7									UKMYC5	false	LOW	14	VZ	ALL DISAGREE	1.0	0.0	S
3.4.0	UKMYC_PHENOTYPES	ukmyc_phenotypes:35dc77315d1f845a	EMB	ETHAMBUTOL	CHEBI:4877	AEUTYOVWOVBAKS-UWVGGRQHSA-N	2.0		mg/L	121	121	8									UKMYC5	false	LOW	14	VZ	ALL DISAGREE	2.0	1.0	S
3.4.0	UKMYC_PHENOTYPES	ukmyc_phenotypes:93e166c5c573b4d1	EMB	ETHAMBUTOL	CHEBI:4877	AEUTYOVWOVBAKS-UWVGGRQHSA-N	4.0		mg/L	101	101	8									UKMYC5	false	LOW	14	VZ	ALL DISAGREE	4.0	2.0	S
3.4.0	UKMYC_PHENOTYPES	ukmyc_phenotypes:81743813afbc04c5	EMB	ETHAMBUTOL	CHEBI:4877	AEUTYOVWOVBAKS-UWVGGRQHSA-N	8.0		mg/L	22	22	4									UKMYC5	false	LOW	14	VZ	ALL DISAGREE	8.0	3.0	R
3.4.0	UKMYC_PHENOTYPES	ukmyc_phenotypes:71b93cc86ed0ca9f	EMB	ETHAMBUTOL	CHEBI:4877	AEUTYOVWOVBAKS-UWVGGRQHSA-N	0.06	<=	mg/L	6	6	4									UKMYC5	false	LOW	14	VZ	ALL DISAGREE	<=0.06	-4.06	S
3.4.0	UKMYC_PHENOTYPES	ukmyc_phenotypes:ce3a5a0d0dd22694	EMB	ETHAMBUTOL	CHEBI:4877	AEUTYOVWOVBAKS-UWVGGRQHSA-N	8	>	mg/L	9	9	2									UKMYC5	false	LOW	14	VZ	ALL DISAGREE	>8	4.0	R
3.4.0	UKMYC_PHENOTYPES	ukmyc_phenotypes:2b02d9ddf40814f7	EMB	ETHAMBUTOL	CHEBI:4877	AEUTYOVWOVBAKS-UWVGGRQHSA-N				1	1	1									UKMYC5	false	LOW	14	VZ	ALL DISAGREE
3.4.0	UKMYC_PHENOTYPES	ukmyc_phenotypes:8f9c78933b875726	EMB	ETHAMBUTOL	CHEBI:4877	AEUTYOVWOVBAKS-UWVGGRQHSA-N	0.25		mg/L	1	1	1									UKMYC5	false	LOW	21	VZ	ALL DISAGREE	0.25	-2.0	S
3.4.0	UKMYC_PHENOTYPES	ukmyc_phenotypes:c8e0b56c22132b50	EMB	ETHAMBUTOL	CHEBI:4877	AEUTYOVWOVBAKS-UWVGGRQHSA-N	0.5		mg/L	5	5	3									UKMYC5	false	LOW	21	VZ	ALL DISAGREE	0.5	-1.0	S
3.4.0	UKMYC_PHENOTYPES	ukmyc_phenotypes:efe66302259abec5	EMB	ETHAMBUTOL	CHEBI:4877	AEUTYOVWOVBAKS-UWVGGRQHSA-N	1.0		mg/L	14	14	3									UKMYC5	false	LOW	21	VZ	ALL DISAGREE	1.0	0.0	S
3.4.0	UKMYC_PHENOTYPES	ukmyc_phenotypes:32ba0afb36e2e144	EMB	ETHAMBUTOL	CHEBI:4877	AEUTYOVWOVBAKS-UWVGGRQHSA-N	2.0		mg/L	2	2	1									UKMYC5	false	LOW	21	VZ	ALL DISAGREE	2.0	1.0	S
3.4.0	UKMYC_PHENOTYPES	ukmyc_phenotypes:d5a2d19fe13e9a78	EMB	ETHAMBUTOL	CHEBI:4877	AEUTYOVWOVBAKS-UWVGGRQHSA-N	4.0		mg/L	3	3	2									UKMYC5	false	LOW	21	VZ	ALL DISAGREE	4.0	2.0	S
3.4.0	UKMYC_PHENOTYPES	ukmyc_phenotypes:5d48100b4e93dbf5	EMB	ETHAMBUTOL	CHEBI:4877	AEUTYOVWOVBAKS-UWVGGRQHSA-N	8.0		mg/L	1	1	1									UKMYC5	false	LOW	21	VZ	ALL DISAGREE	8.0	3.0	R
3.4.0	UKMYC_PHENOTYPES	ukmyc_phenotypes:a0d47752ae6b6fa3	EMB	ETHAMBUTOL	CHEBI:4877	AEUTYOVWOVBAKS-UWVGGRQHSA-N				1	1	1									UKMYC5	false	LOW	21	VZ	ALL DISAGREE
3.4.0	UKMYC_PHENOTYPES	ukmyc_phenotypes:cccf4ffd0a1eb602	EMB	ETHAMBUTOL	CHEBI:4877	AEUTYOVWOVBAKS-UWVGGRQHSA-N				80	80	1									UKMYC5	false	MEDIUM	10	VZ	VZ ONLY
3.4.0	UKMYC_PHENOTYPES	ukmyc_phenotypes:9f664915c624276d	EMB	ETHAMBUTOL	CHEBI:4877	AEUTYOVWOVBAKS-UWVGGRQHSA-N	2.0		mg/L	1	1	1									UKMYC5	false	MEDIUM	14	VZ	BB RUNNING	2.0	1.0	S
3.4.0	UKMYC_PHENOTYPES	ukmyc_phenotypes:e45af562d661a41d	EMB	ETHAMBUTOL	CHEBI:4877	AEUTYOVWOVBAKS-UWVGGRQHSA-N	4.0		mg/L	2	2	2									UKMYC5	false	MEDIUM	14	VZ	BB RUNNING	4.0	2.0	S
3.4.0	UKMYC_PHENOTYPES	ukmyc_phenotypes:7b430d2821f70569	EMB	ETHAMBUTOL	CHEBI:4877	AEUTYOVWOVBAKS-UWVGGRQHSA-N				1	1	1									UKMYC5	false	MEDIUM	14	VZ	BB RUNNING
3.4.0	UKMYC_PHENOTYPES	ukmyc_phenotypes:385244663f1159b1	EMB	ETHAMBUTOL	CHEBI:4877	AEUTYOVWOVBAKS-UWVGGRQHSA-N	0.12		mg/L	2	2	1									UKMYC5	false	MEDIUM	14	VZ	VZ ONLY	0.12	-3.06	S
3.4.0	UKMYC_PHENOTYPES	ukmyc_phenotypes:b7a8e6d13af20964	EMB	ETHAMBUTOL	CHEBI:4877	AEUTYOVWOVBAKS-UWVGGRQHSA-N	0.25		mg/L	3	3	3									UKMYC5	false	MEDIUM	14	VZ	VZ ONLY	0.25	-2.0	S
3.4.0	UKMYC_PHENOTYPES	ukmyc_phenotypes:a50817705a42e897	EMB	ETHAMBUTOL	CHEBI:4877	AEUTYOVWOVBAKS-UWVGGRQHSA-N	0.5		mg/L	144	144	5									UKMYC5	false	MEDIUM	14	VZ	VZ ONLY	0.5	-1.0	S
3.4.0	UKMYC_PHENOTYPES	ukmyc_phenotypes:b0c101f2bc375ed9	EMB	ETHAMBUTOL	CHEBI:4877	AEUTYOVWOVBAKS-UWVGGRQHSA-N	1.0		mg/L	320	320	5									UKMYC5	false	MEDIUM	14	VZ	VZ ONLY	1.0	0.0	S
3.4.0	UKMYC_PHENOTYPES	ukmyc_phenotypes:9a95e5c901b429e6	EMB	ETHAMBUTOL	CHEBI:4877	AEUTYOVWOVBAKS-UWVGGRQHSA-N	2.0		mg/L	262	262	5									UKMYC5	false	MEDIUM	14	VZ	VZ ONLY	2.0	1.0	S
3.4.0	UKMYC_PHENOTYPES	ukmyc_phenotypes:8bd2f85bc537d752	EMB	ETHAMBUTOL	CHEBI:4877	AEUTYOVWOVBAKS-UWVGGRQHSA-N	4.0		mg/L	168	168	6									UKMYC5	false	MEDIUM	14	VZ	VZ ONLY	4.0	2.0	S
3.4.0	UKMYC_PHENOTYPES	ukmyc_phenotypes:6010ab19e4e29d90	EMB	ETHAMBUTOL	CHEBI:4877	AEUTYOVWOVBAKS-UWVGGRQHSA-N	8.0		mg/L	124	124	5									UKMYC5	false	MEDIUM	14	VZ	VZ ONLY	8.0	3.0	R
3.4.0	UKMYC_PHENOTYPES	ukmyc_phenotypes:e04ab19b244fc941	EMB	ETHAMBUTOL	CHEBI:4877	AEUTYOVWOVBAKS-UWVGGRQHSA-N	0.06	<=	mg/L	4	4	2									UKMYC5	false	MEDIUM	14	VZ	VZ ONLY	<=0.06	-4.06	S
3.4.0	UKMYC_PHENOTYPES	ukmyc_phenotypes:b155439ea03f6de6	EMB	ETHAMBUTOL	CHEBI:4877	AEUTYOVWOVBAKS-UWVGGRQHSA-N	8	>	mg/L	34	34	4									UKMYC5	false	MEDIUM	14	VZ	VZ ONLY	>8	4.0	R
3.4.0	UKMYC_PHENOTYPES	ukmyc_phenotypes:e6be989b515d11ef	EMB	ETHAMBUTOL	CHEBI:4877	AEUTYOVWOVBAKS-UWVGGRQHSA-N				22	22	2									UKMYC5	false	MEDIUM	14	VZ	VZ ONLY
3.4.0	UKMYC_PHENOTYPES	ukmyc_phenotypes:34a30432bf157b04	EMB	ETHAMBUTOL	CHEBI:4877	AEUTYOVWOVBAKS-UWVGGRQHSA-N	0.5		mg/L	4	4	2									UKMYC5	false	MEDIUM	21	VZ	VZ ONLY	0.5	-1.0	S
3.4.0	UKMYC_PHENOTYPES	ukmyc_phenotypes:e2ce798ea7376902	EMB	ETHAMBUTOL	CHEBI:4877	AEUTYOVWOVBAKS-UWVGGRQHSA-N	1.0		mg/L	5	5	2									UKMYC5	false	MEDIUM	21	VZ	VZ ONLY	1.0	0.0	S
3.4.0	UKMYC_PHENOTYPES	ukmyc_phenotypes:b9d8405dd1d9872a	EMB	ETHAMBUTOL	CHEBI:4877	AEUTYOVWOVBAKS-UWVGGRQHSA-N	2.0		mg/L	3	3	2									UKMYC5	false	MEDIUM	21	VZ	VZ ONLY	2.0	1.0	S
3.4.0	UKMYC_PHENOTYPES	ukmyc_phenotypes:76c80573cd222018	EMB	ETHAMBUTOL	CHEBI:4877	AEUTYOVWOVBAKS-UWVGGRQHSA-N	4.0		mg/L	1	1	1									UKMYC5	false	MEDIUM	21	VZ	VZ ONLY	4.0	2.0	S
3.4.0	UKMYC_PHENOTYPES	ukmyc_phenotypes:8f4b870ba50c8692	EMB	ETHAMBUTOL	CHEBI:4877	AEUTYOVWOVBAKS-UWVGGRQHSA-N	8.0		mg/L	2	2	2									UKMYC5	false	MEDIUM	21	VZ	VZ ONLY	8.0	3.0	R
3.4.0	UKMYC_PHENOTYPES	ukmyc_phenotypes:f5a935af8ef9fa79	EMB	ETHAMBUTOL	CHEBI:4877	AEUTYOVWOVBAKS-UWVGGRQHSA-N	0.5		mg/L	45	45	5									UKMYC6	false	HIGH	14	VZ	BB,TM AGREE	0.5	-1.0	S
3.4.0	UKMYC_PHENOTYPES	ukmyc_phenotypes:5238b095256100d3	EMB	ETHAMBUTOL	CHEBI:4877	AEUTYOVWOVBAKS-UWVGGRQHSA-N	1.0		mg/L	265	265	9									UKMYC6	false	HIGH	14	VZ	BB,TM AGREE	1.0	0.0	S
3.4.0	UKMYC_PHENOTYPES	ukmyc_phenotypes:af93a6ac877ee00a	EMB	ETHAMBUTOL	CHEBI:4877	AEUTYOVWOVBAKS-UWVGGRQHSA-N	16.0		mg/L	49	49	7									UKMYC6	false	HIGH	14	VZ	BB,TM AGREE	16.0	4.0	R
3.4.0	UKMYC_PHENOTYPES	ukmyc_phenotypes:16c6ac478cdd65c7	EMB	ETHAMBUTOL	CHEBI:4877	AEUTYOVWOVBAKS-UWVGGRQHSA-N	2.0		mg/L	260	260	9									UKMYC6	false	HIGH	14	VZ	BB,TM AGREE	2.0	1.0	S
3.4.0	UKMYC_PHENOTYPES	ukmyc_phenotypes:8060a029d6c2237f	EMB	ETHAMBUTOL	CHEBI:4877	AEUTYOVWOVBAKS-UWVGGRQHSA-N	32.0		mg/L	57	57	8									UKMYC6	false	HIGH	14	VZ	BB,TM AGREE	32.0	5.0	R
3.4.0	UKMYC_PHENOTYPES	ukmyc_phenotypes:a7648fb42d97e144	EMB	ETHAMBUTOL	CHEBI:4877	AEUTYOVWOVBAKS-UWVGGRQHSA-N	4.0		mg/L	78	78	8									UKMYC6	false	HIGH	14	VZ	BB,TM AGREE	4.0	2.0	S
3.4.0	UKMYC_PHENOTYPES	ukmyc_phenotypes:417e0641c2b23809	EMB	ETHAMBUTOL	CHEBI:4877	AEUTYOVWOVBAKS-UWVGGRQHSA-N	8.0		mg/L	70	70	9									UKMYC6	false	HIGH	14	VZ	BB,TM AGREE	8.0	3.0	R
3.4.0	UKMYC_PHENOTYPES	ukmyc_phenotypes:12d88347a8f6c719	EMB	ETHAMBUTOL	CHEBI:4877	AEUTYOVWOVBAKS-UWVGGRQHSA-N	0.25	<=	mg/L	12	12	1									UKMYC6	false	HIGH	14	VZ	BB,TM AGREE	<=0.25	-2.0	S
3.4.0	UKMYC_PHENOTYPES	ukmyc_phenotypes:8c669e1246076bbe	EMB	ETHAMBUTOL	CHEBI:4877	AEUTYOVWOVBAKS-UWVGGRQHSA-N	32	>	mg/L	20	20	7									UKMYC6	false	HIGH	14	VZ	BB,TM AGREE	>32	6.0	R
3.4.0	UKMYC_PHENOTYPES	ukmyc_phenotypes:01d326ae72f1c8b2	EMB	ETHAMBUTOL	CHEBI:4877	AEUTYOVWOVBAKS-UWVGGRQHSA-N				32	32	6									UKMYC6	false	HIGH	14	VZ	BB,TM AGREE
3.4.0	UKMYC_PHENOTYPES	ukmyc_phenotypes:b0fac8784b801275	EMB	ETHAMBUTOL	CHEBI:4877	AEUTYOVWOVBAKS-UWVGGRQHSA-N	0.5		mg/L	33	33	7									UKMYC6	false	HIGH	14	VZ	VZ,BB AGREE	0.5	-1.0	S
3.4.0	UKMYC_PHENOTYPES	ukmyc_phenotypes:d57a147908d00f3a	EMB	ETHAMBUTOL	CHEBI:4877	AEUTYOVWOVBAKS-UWVGGRQHSA-N	1.0		mg/L	139	139	8									UKMYC6	false	HIGH	14	VZ	VZ,BB AGREE	1.0	0.0	S
3.4.0	UKMYC_PHENOTYPES	ukmyc_phenotypes:4fb13f84235deb51	EMB	ETHAMBUTOL	CHEBI:4877	AEUTYOVWOVBAKS-UWVGGRQHSA-N	16.0		mg/L	6	6	2									UKMYC6	false	HIGH	14	VZ	VZ,BB AGREE	16.0	4.0	R
3.4.0	UKMYC_PHENOTYPES	ukmyc_phenotypes:698ecd6d8affad65	EMB	ETHAMBUTOL	CHEBI:4877	AEUTYOVWOVBAKS-UWVGGRQHSA-N	2.0		mg/L	50	50	8									UKMYC6	false	HIGH	14	VZ	VZ,BB AGREE	2.0	1.0	S
3.4.0	UKMYC_PHENOTYPES	ukmyc_phenotypes:cc20cd4ad824ea76	EMB	ETHAMBUTOL	CHEBI:4877	AEUTYOVWOVBAKS-UWVGGRQHSA-N	32.0		mg/L	20	20	5									UKMYC6	false	HIGH	14	VZ	VZ,BB AGREE	32.0	5.0	R
3.4.0	UKMYC_PHENOTYPES	ukmyc_phenotypes:f5b568032bbe6bb9	EMB	ETHAMBUTOL	CHEBI:4877	AEUTYOVWOVBAKS-UWVGGRQHSA-N	4.0		mg/L	29	29	7									UKMYC6	false	HIGH	14	VZ	VZ,BB AGREE	4.0	2.0	S
3.4.0	UKMYC_PHENOTYPES	ukmyc_phenotypes:3bdfd6f6920c3637	EMB	ETHAMBUTOL	CHEBI:4877	AEUTYOVWOVBAKS-UWVGGRQHSA-N	8.0		mg/L	28	28	7									UKMYC6	false	HIGH	14	VZ	VZ,BB AGREE	8.0	3.0	R
3.4.0	UKMYC_PHENOTYPES	ukmyc_phenotypes:407b8713b905de60	EMB	ETHAMBUTOL	CHEBI:4877	AEUTYOVWOVBAKS-UWVGGRQHSA-N	0.25	<=	mg/L	6	6	2									UKMYC6	false	HIGH	14	VZ	VZ,BB AGREE	<=0.25	-2.0	S
3.4.0	UKMYC_PHENOTYPES	ukmyc_phenotypes:e6b3222c7d0cd5d7	EMB	ETHAMBUTOL	CHEBI:4877	AEUTYOVWOVBAKS-UWVGGRQHSA-N	32	>	mg/L	2	2	2									UKMYC6	false	HIGH	14	VZ	VZ,BB AGREE	>32	6.0	R
3.4.0	UKMYC_PHENOTYPES	ukmyc_phenotypes:d1cb49c1f261068c	EMB	ETHAMBUTOL	CHEBI:4877	AEUTYOVWOVBAKS-UWVGGRQHSA-N				12	12	5									UKMYC6	false	HIGH	14	VZ	VZ,BB AGREE
3.4.0	UKMYC_PHENOTYPES	ukmyc_phenotypes:8008b31ab240239d	EMB	ETHAMBUTOL	CHEBI:4877	AEUTYOVWOVBAKS-UWVGGRQHSA-N	0.5		mg/L	1089	1089	8									UKMYC6	false	HIGH	14	VZ	VZ,TM AGREE	0.5	-1.0	S
3.4.0	UKMYC_PHENOTYPES	ukmyc_phenotypes:2932fe3e5b5c444c	EMB	ETHAMBUTOL	CHEBI:4877	AEUTYOVWOVBAKS-UWVGGRQHSA-N	1.0		mg/L	4222	4222	10									UKMYC6	false	HIGH	14	VZ	VZ,TM AGREE	1.0	0.0	S
3.4.0	UKMYC_PHENOTYPES	ukmyc_phenotypes:b23f3f3bd0514287	EMB	ETHAMBUTOL	CHEBI:4877	AEUTYOVWOVBAKS-UWVGGRQHSA-N	16.0		mg/L	253	253	10									UKMYC6	false	HIGH	14	VZ	VZ,TM AGREE	16.0	4.0	R
3.4.0	UKMYC_PHENOTYPES	ukmyc_phenotypes:00c0fdd5d1f6813a	EMB	ETHAMBUTOL	CHEBI:4877	AEUTYOVWOVBAKS-UWVGGRQHSA-N	2.0		mg/L	2128	2128	11									UKMYC6	false	HIGH	14	VZ	VZ,TM AGREE	2.0	1.0	S
3.4.0	UKMYC_PHENOTYPES	ukmyc_phenotypes:94991de33f944fdd	EMB	ETHAMBUTOL	CHEBI:4877	AEUTYOVWOVBAKS-UWVGGRQHSA-N	32.0		mg/L	64	64	6									UKMYC6	false	HIGH	14	VZ	VZ,TM AGREE	32.0	5.0	R
3.4.0	UKMYC_PHENOTYPES	ukmyc_phenotypes:6b48d9442d9514fb	EMB	ETHAMBUTOL	CHEBI:4877	AEUTYOVWOVBAKS-UWVGGRQHSA-N	4.0		mg/L	940	940	10									UKMYC6	false	HIGH	14	VZ	VZ,TM AGREE	4.0	2.0	S
3.4.0	UKMYC_PHENOTYPES	ukmyc_phenotypes:c5d19d8d691573c3	EMB	ETHAMBUTOL	CHEBI:4877	AEUTYOVWOVBAKS-UWVGGRQHSA-N	8.0		mg/L	744	744	11									UKMYC6	false	HIGH	14	VZ	VZ,TM AGREE	8.0	3.0	R
3.4.0	UKMYC_PHENOTYPES	ukmyc_phenotypes:6377d5e340fbbaad	EMB	ETHAMBUTOL	CHEBI:4877	AEUTYOVWOVBAKS-UWVGGRQHSA-N	0.25	<=	mg/L	19	19	6									UKMYC6	false	HIGH	14	VZ	VZ,TM AGREE	<=0.25	-2.0	S
3.4.0	UKMYC_PHENOTYPES	ukmyc_phenotypes:5396c00a2aa48efc	EMB	ETHAMBUTOL	CHEBI:4877	AEUTYOVWOVBAKS-UWVGGRQHSA-N	32	>	mg/L	17	17	4									UKMYC6	false	HIGH	14	VZ	VZ,TM AGREE	>32	6.0	R
3.4.0	UKMYC_PHENOTYPES	ukmyc_phenotypes:7ec0b42dc6d076d7	EMB	ETHAMBUTOL	CHEBI:4877	AEUTYOVWOVBAKS-UWVGGRQHSA-N				2	2	2									UKMYC6	false	HIGH	14	VZ	VZ,TM AGREE
3.4.0	UKMYC_PHENOTYPES	ukmyc_phenotypes:451f241150ff8d18	EMB	ETHAMBUTOL	CHEBI:4877	AEUTYOVWOVBAKS-UWVGGRQHSA-N	0.5		mg/L	6	6	4									UKMYC6	false	HIGH	21	VZ	BB,TM AGREE	0.5	-1.0	S
3.4.0	UKMYC_PHENOTYPES	ukmyc_phenotypes:b3d820e45961755e	EMB	ETHAMBUTOL	CHEBI:4877	AEUTYOVWOVBAKS-UWVGGRQHSA-N	1.0		mg/L	10	10	4									UKMYC6	false	HIGH	21	VZ	BB,TM AGREE	1.0	0.0	S
3.4.0	UKMYC_PHENOTYPES	ukmyc_phenotypes:3de8c49a63ece03f	EMB	ETHAMBUTOL	CHEBI:4877	AEUTYOVWOVBAKS-UWVGGRQHSA-N	16.0		mg/L	2	2	2									UKMYC6	false	HIGH	21	VZ	BB,TM AGREE	16.0	4.0	R
3.4.0	UKMYC_PHENOTYPES	ukmyc_phenotypes:669e9cfb36e1e05b	EMB	ETHAMBUTOL	CHEBI:4877	AEUTYOVWOVBAKS-UWVGGRQHSA-N	2.0		mg/L	5	5	5									UKMYC6	false	HIGH	21	VZ	BB,TM AGREE	2.0	1.0	S
3.4.0	UKMYC_PHENOTYPES	ukmyc_phenotypes:6bf15e17fe5ee176	EMB	ETHAMBUTOL	CHEBI:4877	AEUTYOVWOVBAKS-UWVGGRQHSA-N	4.0		mg/L	2	2	2									UKMYC6	false	HIGH	21	VZ	BB,TM AGREE	4.0	2.0	S
3.4.0	UKMYC_PHENOTYPES	ukmyc_phenotypes:f4511644ce21bc93	EMB	ETHAMBUTOL	CHEBI:4877	AEUTYOVWOVBAKS-UWVGGRQHSA-N	8.0		mg/L	3	3	1									UKMYC6	false	HIGH	21	VZ	BB,TM AGREE	8.0	3.0	R
3.4.0	UKMYC_PHENOTYPES	ukmyc_phenotypes:c7141948d085e9e8	EMB	ETHAMBUTOL	CHEBI:4877	AEUTYOVWOVBAKS-UWVGGRQHSA-N				2	2	2									UKMYC6	false	HIGH	21	VZ	BB,TM AGREE
3.4.0	UKMYC_PHENOTYPES	ukmyc_phenotypes:dd2bb1c4bfff7ed5	EMB	ETHAMBUTOL	CHEBI:4877	AEUTYOVWOVBAKS-UWVGGRQHSA-N	0.5		mg/L	3	3	2									UKMYC6	false	HIGH	21	VZ	VZ,BB AGREE	0.5	-1.0	S
3.4.0	UKMYC_PHENOTYPES	ukmyc_phenotypes:f11b6e3314ed12cf	EMB	ETHAMBUTOL	CHEBI:4877	AEUTYOVWOVBAKS-UWVGGRQHSA-N	1.0		mg/L	1	1	1									UKMYC6	false	HIGH	21	VZ	VZ,BB AGREE	1.0	0.0	S
3.4.0	UKMYC_PHENOTYPES	ukmyc_phenotypes:11d21832274b48cc	EMB	ETHAMBUTOL	CHEBI:4877	AEUTYOVWOVBAKS-UWVGGRQHSA-N	16.0		mg/L	2	2	2									UKMYC6	false	HIGH	21	VZ	VZ,BB AGREE	16.0	4.0	R
3.4.0	UKMYC_PHENOTYPES	ukmyc_phenotypes:3ad101da570c9619	EMB	ETHAMBUTOL	CHEBI:4877	AEUTYOVWOVBAKS-UWVGGRQHSA-N	2.0		mg/L	2	2	2									UKMYC6	false	HIGH	21	VZ	VZ,BB AGREE	2.0	1.0	S
3.4.0	UKMYC_PHENOTYPES	ukmyc_phenotypes:ea8b180e0b6d6fdf	EMB	ETHAMBUTOL	CHEBI:4877	AEUTYOVWOVBAKS-UWVGGRQHSA-N	8.0		mg/L	2	2	2									UKMYC6	false	HIGH	21	VZ	VZ,BB AGREE	8.0	3.0	R
3.4.0	UKMYC_PHENOTYPES	ukmyc_phenotypes:e6d2c20685e481a4	EMB	ETHAMBUTOL	CHEBI:4877	AEUTYOVWOVBAKS-UWVGGRQHSA-N	0.25	<=	mg/L	3	3	3									UKMYC6	false	HIGH	21	VZ	VZ,BB AGREE	<=0.25	-2.0	S
3.4.0	UKMYC_PHENOTYPES	ukmyc_phenotypes:da662b9d366034cf	EMB	ETHAMBUTOL	CHEBI:4877	AEUTYOVWOVBAKS-UWVGGRQHSA-N	0.5		mg/L	102	102	7									UKMYC6	false	HIGH	21	VZ	VZ,TM AGREE	0.5	-1.0	S
3.4.0	UKMYC_PHENOTYPES	ukmyc_phenotypes:fab51aa45af3bcae	EMB	ETHAMBUTOL	CHEBI:4877	AEUTYOVWOVBAKS-UWVGGRQHSA-N	1.0		mg/L	207	207	8									UKMYC6	false	HIGH	21	VZ	VZ,TM AGREE	1.0	0.0	S
3.4.0	UKMYC_PHENOTYPES	ukmyc_phenotypes:630dcca8f056eeaa	EMB	ETHAMBUTOL	CHEBI:4877	AEUTYOVWOVBAKS-UWVGGRQHSA-N	16.0		mg/L	17	17	6									UKMYC6	false	HIGH	21	VZ	VZ,TM AGREE	16.0	4.0	R
3.4.0	UKMYC_PHENOTYPES	ukmyc_phenotypes:0fe48e00f8e277bb	EMB	ETHAMBUTOL	CHEBI:4877	AEUTYOVWOVBAKS-UWVGGRQHSA-N	2.0		mg/L	178	178	8									UKMYC6	false	HIGH	21	VZ	VZ,TM AGREE	2.0	1.0	S
3.4.0	UKMYC_PHENOTYPES	ukmyc_phenotypes:1741ede737eabea8	EMB	ETHAMBUTOL	CHEBI:4877	AEUTYOVWOVBAKS-UWVGGRQHSA-N	4.0		mg/L	283	283	7									UKMYC6	false	HIGH	21	VZ	VZ,TM AGREE	4.0	2.0	S
3.4.0	UKMYC_PHENOTYPES	ukmyc_phenotypes:3ff65b3a9f74bf26	EMB	ETHAMBUTOL	CHEBI:4877	AEUTYOVWOVBAKS-UWVGGRQHSA-N	8.0		mg/L	63	63	8									UKMYC6	false	HIGH	21	VZ	VZ,TM AGREE	8.0	3.0	R
3.4.0	UKMYC_PHENOTYPES	ukmyc_phenotypes:2577d0c01bb3b497	EMB	ETHAMBUTOL	CHEBI:4877	AEUTYOVWOVBAKS-UWVGGRQHSA-N	0.25	<=	mg/L	7	7	5									UKMYC6	false	HIGH	21	VZ	VZ,TM AGREE	<=0.25	-2.0	S
3.4.0	UKMYC_PHENOTYPES	ukmyc_phenotypes:e646911ffa364dac	EMB	ETHAMBUTOL	CHEBI:4877	AEUTYOVWOVBAKS-UWVGGRQHSA-N				1	1	1									UKMYC6	false	HIGH	21	VZ	VZ,TM AGREE
3.4.0	UKMYC_PHENOTYPES	ukmyc_phenotypes:c0be50c35118b30b	EMB	ETHAMBUTOL	CHEBI:4877	AEUTYOVWOVBAKS-UWVGGRQHSA-N	0.5		mg/L	286	286	8									UKMYC6	false	LOW	14	VZ	ALL DISAGREE	0.5	-1.0	S
3.4.0	UKMYC_PHENOTYPES	ukmyc_phenotypes:355e29d0012cb51f	EMB	ETHAMBUTOL	CHEBI:4877	AEUTYOVWOVBAKS-UWVGGRQHSA-N	1.0		mg/L	655	655	10									UKMYC6	false	LOW	14	VZ	ALL DISAGREE	1.0	0.0	S
3.4.0	UKMYC_PHENOTYPES	ukmyc_phenotypes:2f0840992d6984f2	EMB	ETHAMBUTOL	CHEBI:4877	AEUTYOVWOVBAKS-UWVGGRQHSA-N	16.0		mg/L	39	39	7									UKMYC6	false	LOW	14	VZ	ALL DISAGREE	16.0	4.0	R
3.4.0	UKMYC_PHENOTYPES	ukmyc_phenotypes:7d0a348e2768ae0e	EMB	ETHAMBUTOL	CHEBI:4877	AEUTYOVWOVBAKS-UWVGGRQHSA-N	2.0		mg/L	261	261	8									UKMYC6	false	LOW	14	VZ	ALL DISAGREE	2.0	1.0	S
3.4.0	UKMYC_PHENOTYPES	ukmyc_phenotypes:ffcd3378c59c01c4	EMB	ETHAMBUTOL	CHEBI:4877	AEUTYOVWOVBAKS-UWVGGRQHSA-N	32.0		mg/L	18	18	7									UKMYC6	false	LOW	14	VZ	ALL DISAGREE	32.0	5.0	R
3.4.0	UKMYC_PHENOTYPES	ukmyc_phenotypes:278bad2dbeca9661	EMB	ETHAMBUTOL	CHEBI:4877	AEUTYOVWOVBAKS-UWVGGRQHSA-N	4.0		mg/L	182	182	9									UKMYC6	false	LOW	14	VZ	ALL DISAGREE	4.0	2.0	S
3.4.0	UKMYC_PHENOTYPES	ukmyc_phenotypes:359ae1c6d3d56d8b	EMB	ETHAMBUTOL	CHEBI:4877	AEUTYOVWOVBAKS-UWVGGRQHSA-N	8.0		mg/L	153	153	9									UKMYC6	false	LOW	14	VZ	ALL DISAGREE	8.0	3.0	R
3.4.0	UKMYC_PHENOTYPES	ukmyc_phenotypes:3e0cd2a13f8f4e58	EMB	ETHAMBUTOL	CHEBI:4877	AEUTYOVWOVBAKS-UWVGGRQHSA-N	0.25	<=	mg/L	36	36	7									UKMYC6	false	LOW	14	VZ	ALL DISAGREE	<=0.25	-2.0	S
3.4.0	UKMYC_PHENOTYPES	ukmyc_phenotypes:f314139d5886898e	EMB	ETHAMBUTOL	CHEBI:4877	AEUTYOVWOVBAKS-UWVGGRQHSA-N	32	>	mg/L	1	1	1									UKMYC6	false	LOW	14	VZ	ALL DISAGREE	>32	6.0	R
3.4.0	UKMYC_PHENOTYPES	ukmyc_phenotypes:933fcde4afe8b3e1	EMB	ETHAMBUTOL	CHEBI:4877	AEUTYOVWOVBAKS-UWVGGRQHSA-N				13	13	4									UKMYC6	false	LOW	14	VZ	ALL DISAGREE
3.4.0	UKMYC_PHENOTYPES	ukmyc_phenotypes:5c5b227125b429d3	EMB	ETHAMBUTOL	CHEBI:4877	AEUTYOVWOVBAKS-UWVGGRQHSA-N	0.5		mg/L	23	23	4									UKMYC6	false	LOW	21	VZ	ALL DISAGREE	0.5	-1.0	S
3.4.0	UKMYC_PHENOTYPES	ukmyc_phenotypes:6a645d9eb923e838	EMB	ETHAMBUTOL	CHEBI:4877	AEUTYOVWOVBAKS-UWVGGRQHSA-N	1.0		mg/L	34	34	5									UKMYC6	false	LOW	21	VZ	ALL DISAGREE	1.0	0.0	S
3.4.0	UKMYC_PHENOTYPES	ukmyc_phenotypes:316cb52825e7795f	EMB	ETHAMBUTOL	CHEBI:4877	AEUTYOVWOVBAKS-UWVGGRQHSA-N	16.0		mg/L	2	2	2									UKMYC6	false	LOW	21	VZ	ALL DISAGREE	16.0	4.0	R
3.4.0	UKMYC_PHENOTYPES	ukmyc_phenotypes:377fe84eefa6068a	EMB	ETHAMBUTOL	CHEBI:4877	AEUTYOVWOVBAKS-UWVGGRQHSA-N	2.0		mg/L	12	12	5									UKMYC6	false	LOW	21	VZ	ALL DISAGREE	2.0	1.0	S
3.4.0	UKMYC_PHENOTYPES	ukmyc_phenotypes:a8c98aecde53cb47	EMB	ETHAMBUTOL	CHEBI:4877	AEUTYOVWOVBAKS-UWVGGRQHSA-N	32.0		mg/L	1	1	1									UKMYC6	false	LOW	21	VZ	ALL DISAGREE	32.0	5.0	R
3.4.0	UKMYC_PHENOTYPES	ukmyc_phenotypes:531c9f78eff2c73a	EMB	ETHAMBUTOL	CHEBI:4877	AEUTYOVWOVBAKS-UWVGGRQHSA-N	4.0		mg/L	15	15	4									UKMYC6	false	LOW	21	VZ	ALL DISAGREE	4.0	2.0	S
3.4.0	UKMYC_PHENOTYPES	ukmyc_phenotypes:754f8bc3bfaef4d3	EMB	ETHAMBUTOL	CHEBI:4877	AEUTYOVWOVBAKS-UWVGGRQHSA-N	8.0		mg/L	14	14	4									UKMYC6	false	LOW	21	VZ	ALL DISAGREE	8.0	3.0	R
3.4.0	UKMYC_PHENOTYPES	ukmyc_phenotypes:3b9289c8244e84c6	EMB	ETHAMBUTOL	CHEBI:4877	AEUTYOVWOVBAKS-UWVGGRQHSA-N	0.25	<=	mg/L	7	7	3									UKMYC6	false	LOW	21	VZ	ALL DISAGREE	<=0.25	-2.0	S
3.4.0	UKMYC_PHENOTYPES	ukmyc_phenotypes:bec2263f451f453f	EMB	ETHAMBUTOL	CHEBI:4877	AEUTYOVWOVBAKS-UWVGGRQHSA-N				1	1	1									UKMYC6	false	LOW	21	VZ	ALL DISAGREE
3.4.0	UKMYC_PHENOTYPES	ukmyc_phenotypes:793f052c18056ee1	EMB	ETHAMBUTOL	CHEBI:4877	AEUTYOVWOVBAKS-UWVGGRQHSA-N	1.0		mg/L	15	15	1									UKMYC6	false	MEDIUM	14	MB	VZ ONLY	1.0	0.0	S
3.4.0	UKMYC_PHENOTYPES	ukmyc_phenotypes:ff5c27e319106e5e	EMB	ETHAMBUTOL	CHEBI:4877	AEUTYOVWOVBAKS-UWVGGRQHSA-N	16.0		mg/L	8	8	1									UKMYC6	false	MEDIUM	14	MB	VZ ONLY	16.0	4.0	R
3.4.0	UKMYC_PHENOTYPES	ukmyc_phenotypes:fd78591a100f1421	EMB	ETHAMBUTOL	CHEBI:4877	AEUTYOVWOVBAKS-UWVGGRQHSA-N	2.0		mg/L	14	14	1									UKMYC6	false	MEDIUM	14	MB	VZ ONLY	2.0	1.0	S
3.4.0	UKMYC_PHENOTYPES	ukmyc_phenotypes:6704e8d6f4c7c0b3	EMB	ETHAMBUTOL	CHEBI:4877	AEUTYOVWOVBAKS-UWVGGRQHSA-N	32.0		mg/L	6	6	1									UKMYC6	false	MEDIUM	14	MB	VZ ONLY	32.0	5.0	R
3.4.0	UKMYC_PHENOTYPES	ukmyc_phenotypes:5d84972852486b0f	EMB	ETHAMBUTOL	CHEBI:4877	AEUTYOVWOVBAKS-UWVGGRQHSA-N	4.0		mg/L	9	9	1									UKMYC6	false	MEDIUM	14	MB	VZ ONLY	4.0	2.0	S
3.4.0	UKMYC_PHENOTYPES	ukmyc_phenotypes:75c0f4806dee979b	EMB	ETHAMBUTOL	CHEBI:4877	AEUTYOVWOVBAKS-UWVGGRQHSA-N	8.0		mg/L	7	7	1									UKMYC6	false	MEDIUM	14	MB	VZ ONLY	8.0	3.0	R
3.4.0	UKMYC_PHENOTYPES	ukmyc_phenotypes:d03c38f1ecd5458c	EMB	ETHAMBUTOL	CHEBI:4877	AEUTYOVWOVBAKS-UWVGGRQHSA-N	32	>	mg/L	2	2	1									UKMYC6	false	MEDIUM	14	MB	VZ ONLY	>32	6.0	R
3.4.0	UKMYC_PHENOTYPES	ukmyc_phenotypes:a0fead97bf930c78	EMB	ETHAMBUTOL	CHEBI:4877	AEUTYOVWOVBAKS-UWVGGRQHSA-N	0.5		mg/L	127	127	5									UKMYC6	false	MEDIUM	14	VZ	BB RUNNING	0.5	-1.0	S
3.4.0	UKMYC_PHENOTYPES	ukmyc_phenotypes:f23eabec29024deb	EMB	ETHAMBUTOL	CHEBI:4877	AEUTYOVWOVBAKS-UWVGGRQHSA-N	1.0		mg/L	131	131	5									UKMYC6	false	MEDIUM	14	VZ	BB RUNNING	1.0	0.0	S
3.4.0	UKMYC_PHENOTYPES	ukmyc_phenotypes:6099fe4193a258e2	EMB	ETHAMBUTOL	CHEBI:4877	AEUTYOVWOVBAKS-UWVGGRQHSA-N	16.0		mg/L	3	3	2									UKMYC6	false	MEDIUM	14	VZ	BB RUNNING	16.0	4.0	R
3.4.0	UKMYC_PHENOTYPES	ukmyc_phenotypes:75cf2ee34a897165	EMB	ETHAMBUTOL	CHEBI:4877	AEUTYOVWOVBAKS-UWVGGRQHSA-N	2.0		mg/L	42	42	4									UKMYC6	false	MEDIUM	14	VZ	BB RUNNING	2.0	1.0	S
3.4.0	UKMYC_PHENOTYPES	ukmyc_phenotypes:7153521805d57ac5	EMB	ETHAMBUTOL	CHEBI:4877	AEUTYOVWOVBAKS-UWVGGRQHSA-N	4.0		mg/L	44	44	4									UKMYC6	false	MEDIUM	14	VZ	BB RUNNING	4.0	2.0	S
3.4.0	UKMYC_PHENOTYPES	ukmyc_phenotypes:71c25f0511e3d332	EMB	ETHAMBUTOL	CHEBI:4877	AEUTYOVWOVBAKS-UWVGGRQHSA-N	8.0		mg/L	29	29	4									UKMYC6	false	MEDIUM	14	VZ	BB RUNNING	8.0	3.0	R
3.4.0	UKMYC_PHENOTYPES	ukmyc_phenotypes:3d27186b1c82c918	EMB	ETHAMBUTOL	CHEBI:4877	AEUTYOVWOVBAKS-UWVGGRQHSA-N	0.25	<=	mg/L	15	15	3									UKMYC6	false	MEDIUM	14	VZ	BB RUNNING	<=0.25	-2.0	S
3.4.0	UKMYC_PHENOTYPES	ukmyc_phenotypes:5f5330a18346a34c	EMB	ETHAMBUTOL	CHEBI:4877	AEUTYOVWOVBAKS-UWVGGRQHSA-N				3	3	2									UKMYC6	false	MEDIUM	14	VZ	BB RUNNING
3.4.0	UKMYC_PHENOTYPES	ukmyc_phenotypes:9c0b175d663632d7	EMB	ETHAMBUTOL	CHEBI:4877	AEUTYOVWOVBAKS-UWVGGRQHSA-N	0.5		mg/L	30	30	5									UKMYC6	false	MEDIUM	14	VZ	VZ ONLY	0.5	-1.0	S
3.4.0	UKMYC_PHENOTYPES	ukmyc_phenotypes:b926936936419894	EMB	ETHAMBUTOL	CHEBI:4877	AEUTYOVWOVBAKS-UWVGGRQHSA-N	1.0		mg/L	115	115	10									UKMYC6	false	MEDIUM	14	VZ	VZ ONLY	1.0	0.0	S
3.4.0	UKMYC_PHENOTYPES	ukmyc_phenotypes:ac5ca224de38bcb0	EMB	ETHAMBUTOL	CHEBI:4877	AEUTYOVWOVBAKS-UWVGGRQHSA-N	16.0		mg/L	76	76	5									UKMYC6	false	MEDIUM	14	VZ	VZ ONLY	16.0	4.0	R
3.4.0	UKMYC_PHENOTYPES	ukmyc_phenotypes:847879888ea4937e	EMB	ETHAMBUTOL	CHEBI:4877	AEUTYOVWOVBAKS-UWVGGRQHSA-N	2.0		mg/L	67	67	9									UKMYC6	false	MEDIUM	14	VZ	VZ ONLY	2.0	1.0	S
3.4.0	UKMYC_PHENOTYPES	ukmyc_phenotypes:aea5acd02bffd4dd	EMB	ETHAMBUTOL	CHEBI:4877	AEUTYOVWOVBAKS-UWVGGRQHSA-N	32.0		mg/L	16	16	5									UKMYC6	false	MEDIUM	14	VZ	VZ ONLY	32.0	5.0	R
3.4.0	UKMYC_PHENOTYPES	ukmyc_phenotypes:cd37beea82949c6e	EMB	ETHAMBUTOL	CHEBI:4877	AEUTYOVWOVBAKS-UWVGGRQHSA-N	4.0		mg/L	116	116	8									UKMYC6	false	MEDIUM	14	VZ	VZ ONLY	4.0	2.0	S
3.4.0	UKMYC_PHENOTYPES	ukmyc_phenotypes:25b7b1e324f1b27f	EMB	ETHAMBUTOL	CHEBI:4877	AEUTYOVWOVBAKS-UWVGGRQHSA-N	8.0		mg/L	106	106	8									UKMYC6	false	MEDIUM	14	VZ	VZ ONLY	8.0	3.0	R
3.4.0	UKMYC_PHENOTYPES	ukmyc_phenotypes:977f880c945370a5	EMB	ETHAMBUTOL	CHEBI:4877	AEUTYOVWOVBAKS-UWVGGRQHSA-N	0.25	<=	mg/L	5	5	2									UKMYC6	false	MEDIUM	14	VZ	VZ ONLY	<=0.25	-2.0	S
3.4.0	UKMYC_PHENOTYPES	ukmyc_phenotypes:172b60634356cdca	EMB	ETHAMBUTOL	CHEBI:4877	AEUTYOVWOVBAKS-UWVGGRQHSA-N	32	>	mg/L	2	2	1									UKMYC6	false	MEDIUM	14	VZ	VZ ONLY	>32	6.0	R
3.4.0	UKMYC_PHENOTYPES	ukmyc_phenotypes:faeb8647e16a26b0	EMB	ETHAMBUTOL	CHEBI:4877	AEUTYOVWOVBAKS-UWVGGRQHSA-N	0.5		mg/L	1	1	1									UKMYC6	false	MEDIUM	21	MB	VZ ONLY	0.5	-1.0	S
3.4.0	UKMYC_PHENOTYPES	ukmyc_phenotypes:9455685a6fcbcc7c	EMB	ETHAMBUTOL	CHEBI:4877	AEUTYOVWOVBAKS-UWVGGRQHSA-N	1.0		mg/L	11	11	1									UKMYC6	false	MEDIUM	21	MB	VZ ONLY	1.0	0.0	S
3.4.0	UKMYC_PHENOTYPES	ukmyc_phenotypes:382ce0c8e6b6b267	EMB	ETHAMBUTOL	CHEBI:4877	AEUTYOVWOVBAKS-UWVGGRQHSA-N	16.0		mg/L	12	12	1									UKMYC6	false	MEDIUM	21	MB	VZ ONLY	16.0	4.0	R
3.4.0	UKMYC_PHENOTYPES	ukmyc_phenotypes:0704160ced80f407	EMB	ETHAMBUTOL	CHEBI:4877	AEUTYOVWOVBAKS-UWVGGRQHSA-N	2.0		mg/L	16	16	1									UKMYC6	false	MEDIUM	21	MB	VZ ONLY	2.0	1.0	S
3.4.0	UKMYC_PHENOTYPES	ukmyc_phenotypes:ae7541c4dc421b0c	EMB	ETHAMBUTOL	CHEBI:4877	AEUTYOVWOVBAKS-UWVGGRQHSA-N	32.0		mg/L	3	3	1									UKMYC6	false	MEDIUM	21	MB	VZ ONLY	32.0	5.0	R
3.4.0	UKMYC_PHENOTYPES	ukmyc_phenotypes:b4247babee68cb48	EMB	ETHAMBUTOL	CHEBI:4877	AEUTYOVWOVBAKS-UWVGGRQHSA-N	4.0		mg/L	6	6	1									UKMYC6	false	MEDIUM	21	MB	VZ ONLY	4.0	2.0	S
3.4.0	UKMYC_PHENOTYPES	ukmyc_phenotypes:a9c2b5d08c3b6e0b	EMB	ETHAMBUTOL	CHEBI:4877	AEUTYOVWOVBAKS-UWVGGRQHSA-N	8.0		mg/L	12	12	1									UKMYC6	false	MEDIUM	21	MB	VZ ONLY	8.0	3.0	R
3.4.0	UKMYC_PHENOTYPES	ukmyc_phenotypes:f2d8cc0e4fd8d44b	EMB	ETHAMBUTOL	CHEBI:4877	AEUTYOVWOVBAKS-UWVGGRQHSA-N	32	>	mg/L	2	2	1									UKMYC6	false	MEDIUM	21	MB	VZ ONLY	>32	6.0	R
3.4.0	UKMYC_PHENOTYPES	ukmyc_phenotypes:b7591c48146bc0d5	EMB	ETHAMBUTOL	CHEBI:4877	AEUTYOVWOVBAKS-UWVGGRQHSA-N	0.5		mg/L	9	9	4									UKMYC6	false	MEDIUM	21	VZ	BB RUNNING	0.5	-1.0	S
3.4.0	UKMYC_PHENOTYPES	ukmyc_phenotypes:a8a8ba73852ebbc8	EMB	ETHAMBUTOL	CHEBI:4877	AEUTYOVWOVBAKS-UWVGGRQHSA-N	1.0		mg/L	3	3	3									UKMYC6	false	MEDIUM	21	VZ	BB RUNNING	1.0	0.0	S
3.4.0	UKMYC_PHENOTYPES	ukmyc_phenotypes:d30da4c9f65221ed	EMB	ETHAMBUTOL	CHEBI:4877	AEUTYOVWOVBAKS-UWVGGRQHSA-N	2.0		mg/L	29	29	4									UKMYC6	false	MEDIUM	21	VZ	BB RUNNING	2.0	1.0	S
3.4.0	UKMYC_PHENOTYPES	ukmyc_phenotypes:7a55e380b0d503bb	EMB	ETHAMBUTOL	CHEBI:4877	AEUTYOVWOVBAKS-UWVGGRQHSA-N	4.0		mg/L	21	21	3									UKMYC6	false	MEDIUM	21	VZ	BB RUNNING	4.0	2.0	S
3.4.0	UKMYC_PHENOTYPES	ukmyc_phenotypes:fc38ec3cd41f5d9a	EMB	ETHAMBUTOL	CHEBI:4877	AEUTYOVWOVBAKS-UWVGGRQHSA-N	8.0		mg/L	2	2	2									UKMYC6	false	MEDIUM	21	VZ	BB RUNNING	8.0	3.0	R
3.4.0	UKMYC_PHENOTYPES	ukmyc_phenotypes:57a6375f7b7d69f8	EMB	ETHAMBUTOL	CHEBI:4877	AEUTYOVWOVBAKS-UWVGGRQHSA-N	0.25	<=	mg/L	7	7	3									UKMYC6	false	MEDIUM	21	VZ	BB RUNNING	<=0.25	-2.0	S
3.4.0	UKMYC_PHENOTYPES	ukmyc_phenotypes:d795581d7ee3504e	EMB	ETHAMBUTOL	CHEBI:4877	AEUTYOVWOVBAKS-UWVGGRQHSA-N				16	16	2									UKMYC6	false	MEDIUM	21	VZ	BB RUNNING
3.4.0	UKMYC_PHENOTYPES	ukmyc_phenotypes:5bddd36becc0014a	EMB	ETHAMBUTOL	CHEBI:4877	AEUTYOVWOVBAKS-UWVGGRQHSA-N	0.5		mg/L	18	18	3									UKMYC6	false	MEDIUM	21	VZ	VZ ONLY	0.5	-1.0	S
3.4.0	UKMYC_PHENOTYPES	ukmyc_phenotypes:92af6f679d8eff90	EMB	ETHAMBUTOL	CHEBI:4877	AEUTYOVWOVBAKS-UWVGGRQHSA-N	1.0		mg/L	26	26	4									UKMYC6	false	MEDIUM	21	VZ	VZ ONLY	1.0	0.0	S
3.4.0	UKMYC_PHENOTYPES	ukmyc_phenotypes:48cc3f6f1a6030a1	EMB	ETHAMBUTOL	CHEBI:4877	AEUTYOVWOVBAKS-UWVGGRQHSA-N	16.0		mg/L	22	22	1									UKMYC6	false	MEDIUM	21	VZ	VZ ONLY	16.0	4.0	R
3.4.0	UKMYC_PHENOTYPES	ukmyc_phenotypes:5cb615cc4a7ab268	EMB	ETHAMBUTOL	CHEBI:4877	AEUTYOVWOVBAKS-UWVGGRQHSA-N	2.0		mg/L	20	20	3									UKMYC6	false	MEDIUM	21	VZ	VZ ONLY	2.0	1.0	S
3.4.0	UKMYC_PHENOTYPES	ukmyc_phenotypes:118f24b13c997e8f	EMB	ETHAMBUTOL	CHEBI:4877	AEUTYOVWOVBAKS-UWVGGRQHSA-N	32.0		mg/L	7	7	1									UKMYC6	false	MEDIUM	21	VZ	VZ ONLY	32.0	5.0	R
3.4.0	UKMYC_PHENOTYPES	ukmyc_phenotypes:4f454c4a6b3182c9	EMB	ETHAMBUTOL	CHEBI:4877	AEUTYOVWOVBAKS-UWVGGRQHSA-N	4.0		mg/L	41	41	4									UKMYC6	false	MEDIUM	21	VZ	VZ ONLY	4.0	2.0	S
3.4.0	UKMYC_PHENOTYPES	ukmyc_phenotypes:519a108a7283fe67	EMB	ETHAMBUTOL	CHEBI:4877	AEUTYOVWOVBAKS-UWVGGRQHSA-N	8.0		mg/L	25	25	2									UKMYC6	false	MEDIUM	21	VZ	VZ ONLY	8.0	3.0	R
3.4.0	UKMYC_PHENOTYPES	ukmyc_phenotypes:4cab4cce71ad2004	EMB	ETHAMBUTOL	CHEBI:4877	AEUTYOVWOVBAKS-UWVGGRQHSA-N	0.25	<=	mg/L	1	1	1									UKMYC6	false	MEDIUM	21	VZ	VZ ONLY	<=0.25	-2.0	S
3.4.0	UKMYC_PHENOTYPES	ukmyc_phenotypes:ff6d065fae2d9a07	EMB	ETHAMBUTOL	CHEBI:4877	AEUTYOVWOVBAKS-UWVGGRQHSA-N	32	>	mg/L	1	1	1									UKMYC6	false	MEDIUM	21	VZ	VZ ONLY	>32	6.0	R
3.4.0	UKMYC_PHENOTYPES	ukmyc_phenotypes:2ff11c9f4f40d8da	ETH	ETHIONAMIDE	CHEBI:4885	AEOCXXJPGCBFJA-UHFFFAOYSA-N	0.5		mg/L	66	66	6									UKMYC5	false	HIGH	14	VZ	BB,TM AGREE	0.5	-1.0	S
3.4.0	UKMYC_PHENOTYPES	ukmyc_phenotypes:6053b01d2d0e2cc2	ETH	ETHIONAMIDE	CHEBI:4885	AEOCXXJPGCBFJA-UHFFFAOYSA-N	1.0		mg/L	164	164	7									UKMYC5	false	HIGH	14	VZ	BB,TM AGREE	1.0	0.0	S
3.4.0	UKMYC_PHENOTYPES	ukmyc_phenotypes:035e82ba3fd71539	ETH	ETHIONAMIDE	CHEBI:4885	AEOCXXJPGCBFJA-UHFFFAOYSA-N	2.0		mg/L	173	173	8									UKMYC5	false	HIGH	14	VZ	BB,TM AGREE	2.0	1.0	S
3.4.0	UKMYC_PHENOTYPES	ukmyc_phenotypes:45dd620c47df2d82	ETH	ETHIONAMIDE	CHEBI:4885	AEOCXXJPGCBFJA-UHFFFAOYSA-N	4.0		mg/L	59	59	7									UKMYC5	false	HIGH	14	VZ	BB,TM AGREE	4.0	2.0	S
3.4.0	UKMYC_PHENOTYPES	ukmyc_phenotypes:0949c5369076ca23	ETH	ETHIONAMIDE	CHEBI:4885	AEOCXXJPGCBFJA-UHFFFAOYSA-N	8.0		mg/L	32	32	7									UKMYC5	false	HIGH	14	VZ	BB,TM AGREE	8.0	3.0	R
3.4.0	UKMYC_PHENOTYPES	ukmyc_phenotypes:8c2f4cea4d282426	ETH	ETHIONAMIDE	CHEBI:4885	AEOCXXJPGCBFJA-UHFFFAOYSA-N	0.25	<=	mg/L	12	12	4									UKMYC5	false	HIGH	14	VZ	BB,TM AGREE	<=0.25	-2.0	S
3.4.0	UKMYC_PHENOTYPES	ukmyc_phenotypes:1aa21a0b896468e5	ETH	ETHIONAMIDE	CHEBI:4885	AEOCXXJPGCBFJA-UHFFFAOYSA-N	8	>	mg/L	124	124	7									UKMYC5	false	HIGH	14	VZ	BB,TM AGREE	>8	4.0	R
3.4.0	UKMYC_PHENOTYPES	ukmyc_phenotypes:eeae434614c4ee48	ETH	ETHIONAMIDE	CHEBI:4885	AEOCXXJPGCBFJA-UHFFFAOYSA-N				47	47	6									UKMYC5	false	HIGH	14	VZ	BB,TM AGREE
3.4.0	UKMYC_PHENOTYPES	ukmyc_phenotypes:b447c8068b028799	ETH	ETHIONAMIDE	CHEBI:4885	AEOCXXJPGCBFJA-UHFFFAOYSA-N	0.5		mg/L	51	51	7									UKMYC5	false	HIGH	14	VZ	VZ,BB AGREE	0.5	-1.0	S
3.4.0	UKMYC_PHENOTYPES	ukmyc_phenotypes:4691ce3131d614ab	ETH	ETHIONAMIDE	CHEBI:4885	AEOCXXJPGCBFJA-UHFFFAOYSA-N	1.0		mg/L	184	184	7									UKMYC5	false	HIGH	14	VZ	VZ,BB AGREE	1.0	0.0	S
3.4.0	UKMYC_PHENOTYPES	ukmyc_phenotypes:a6e3c40cb09ef0c7	ETH	ETHIONAMIDE	CHEBI:4885	AEOCXXJPGCBFJA-UHFFFAOYSA-N	2.0		mg/L	67	67	6									UKMYC5	false	HIGH	14	VZ	VZ,BB AGREE	2.0	1.0	S
3.4.0	UKMYC_PHENOTYPES	ukmyc_phenotypes:b2fcbe0095fccee2	ETH	ETHIONAMIDE	CHEBI:4885	AEOCXXJPGCBFJA-UHFFFAOYSA-N	4.0		mg/L	28	28	6									UKMYC5	false	HIGH	14	VZ	VZ,BB AGREE	4.0	2.0	S
3.4.0	UKMYC_PHENOTYPES	ukmyc_phenotypes:319d7752c5a941f5	ETH	ETHIONAMIDE	CHEBI:4885	AEOCXXJPGCBFJA-UHFFFAOYSA-N	8.0		mg/L	37	37	6									UKMYC5	false	HIGH	14	VZ	VZ,BB AGREE	8.0	3.0	R
3.4.0	UKMYC_PHENOTYPES	ukmyc_phenotypes:7b75d451f9ec0ec8	ETH	ETHIONAMIDE	CHEBI:4885	AEOCXXJPGCBFJA-UHFFFAOYSA-N	0.25	<=	mg/L	14	14	2									UKMYC5	false	HIGH	14	VZ	VZ,BB AGREE	<=0.25	-2.0	S
3.4.0	UKMYC_PHENOTYPES	ukmyc_phenotypes:1d6274bd4bf6226e	ETH	ETHIONAMIDE	CHEBI:4885	AEOCXXJPGCBFJA-UHFFFAOYSA-N	8	>	mg/L	15	15	6									UKMYC5	false	HIGH	14	VZ	VZ,BB AGREE	>8	4.0	R
3.4.0	UKMYC_PHENOTYPES	ukmyc_phenotypes:dc12417ef737d3b0	ETH	ETHIONAMIDE	CHEBI:4885	AEOCXXJPGCBFJA-UHFFFAOYSA-N				5	5	2									UKMYC5	false	HIGH	14	VZ	VZ,BB AGREE
3.4.0	UKMYC_PHENOTYPES	ukmyc_phenotypes:e507d3fc7c63e0a9	ETH	ETHIONAMIDE	CHEBI:4885	AEOCXXJPGCBFJA-UHFFFAOYSA-N	0.5		mg/L	703	703	8									UKMYC5	false	HIGH	14	VZ	VZ,TM AGREE	0.5	-1.0	S
3.4.0	UKMYC_PHENOTYPES	ukmyc_phenotypes:254bdea5eef6dde9	ETH	ETHIONAMIDE	CHEBI:4885	AEOCXXJPGCBFJA-UHFFFAOYSA-N	1.0		mg/L	1717	1717	8									UKMYC5	false	HIGH	14	VZ	VZ,TM AGREE	1.0	0.0	S
3.4.0	UKMYC_PHENOTYPES	ukmyc_phenotypes:5b4552922dc42a60	ETH	ETHIONAMIDE	CHEBI:4885	AEOCXXJPGCBFJA-UHFFFAOYSA-N	2.0		mg/L	948	948	8									UKMYC5	false	HIGH	14	VZ	VZ,TM AGREE	2.0	1.0	S
3.4.0	UKMYC_PHENOTYPES	ukmyc_phenotypes:3ee63638b5ed3326	ETH	ETHIONAMIDE	CHEBI:4885	AEOCXXJPGCBFJA-UHFFFAOYSA-N	4.0		mg/L	329	329	8									UKMYC5	false	HIGH	14	VZ	VZ,TM AGREE	4.0	2.0	S
3.4.0	UKMYC_PHENOTYPES	ukmyc_phenotypes:39546afbb2cfa12e	ETH	ETHIONAMIDE	CHEBI:4885	AEOCXXJPGCBFJA-UHFFFAOYSA-N	8.0		mg/L	162	162	7									UKMYC5	false	HIGH	14	VZ	VZ,TM AGREE	8.0	3.0	R
3.4.0	UKMYC_PHENOTYPES	ukmyc_phenotypes:1faaedcdd9e31b4e	ETH	ETHIONAMIDE	CHEBI:4885	AEOCXXJPGCBFJA-UHFFFAOYSA-N	0.25	<=	mg/L	52	52	6									UKMYC5	false	HIGH	14	VZ	VZ,TM AGREE	<=0.25	-2.0	S
3.4.0	UKMYC_PHENOTYPES	ukmyc_phenotypes:ad93706af75aceb4	ETH	ETHIONAMIDE	CHEBI:4885	AEOCXXJPGCBFJA-UHFFFAOYSA-N	8	>	mg/L	388	388	7									UKMYC5	false	HIGH	14	VZ	VZ,TM AGREE	>8	4.0	R
3.4.0	UKMYC_PHENOTYPES	ukmyc_phenotypes:1c77a29d2a5b987b	ETH	ETHIONAMIDE	CHEBI:4885	AEOCXXJPGCBFJA-UHFFFAOYSA-N				2	2	2									UKMYC5	false	HIGH	14	VZ	VZ,TM AGREE
3.4.0	UKMYC_PHENOTYPES	ukmyc_phenotypes:33743ad3fa483e7f	ETH	ETHIONAMIDE	CHEBI:4885	AEOCXXJPGCBFJA-UHFFFAOYSA-N	0.5		mg/L	1	1	1									UKMYC5	false	HIGH	21	VZ	BB,TM AGREE	0.5	-1.0	S
3.4.0	UKMYC_PHENOTYPES	ukmyc_phenotypes:a69d31c2f5c161f7	ETH	ETHIONAMIDE	CHEBI:4885	AEOCXXJPGCBFJA-UHFFFAOYSA-N	1.0		mg/L	1	1	1									UKMYC5	false	HIGH	21	VZ	BB,TM AGREE	1.0	0.0	S
3.4.0	UKMYC_PHENOTYPES	ukmyc_phenotypes:1543042d23974e3a	ETH	ETHIONAMIDE	CHEBI:4885	AEOCXXJPGCBFJA-UHFFFAOYSA-N	2.0		mg/L	6	6	2									UKMYC5	false	HIGH	21	VZ	BB,TM AGREE	2.0	1.0	S
3.4.0	UKMYC_PHENOTYPES	ukmyc_phenotypes:1a68dbe736775032	ETH	ETHIONAMIDE	CHEBI:4885	AEOCXXJPGCBFJA-UHFFFAOYSA-N	4.0		mg/L	4	4	2									UKMYC5	false	HIGH	21	VZ	BB,TM AGREE	4.0	2.0	S
3.4.0	UKMYC_PHENOTYPES	ukmyc_phenotypes:da4e81ca312ff066	ETH	ETHIONAMIDE	CHEBI:4885	AEOCXXJPGCBFJA-UHFFFAOYSA-N	8.0		mg/L	2	2	2									UKMYC5	false	HIGH	21	VZ	BB,TM AGREE	8.0	3.0	R
3.4.0	UKMYC_PHENOTYPES	ukmyc_phenotypes:d7179406145cd9a2	ETH	ETHIONAMIDE	CHEBI:4885	AEOCXXJPGCBFJA-UHFFFAOYSA-N	0.25	<=	mg/L	1	1	1									UKMYC5	false	HIGH	21	VZ	BB,TM AGREE	<=0.25	-2.0	S
3.4.0	UKMYC_PHENOTYPES	ukmyc_phenotypes:cfb62a6d8b7fb49a	ETH	ETHIONAMIDE	CHEBI:4885	AEOCXXJPGCBFJA-UHFFFAOYSA-N	8	>	mg/L	5	5	2									UKMYC5	false	HIGH	21	VZ	BB,TM AGREE	>8	4.0	R
3.4.0	UKMYC_PHENOTYPES	ukmyc_phenotypes:592ed7ac1eaee5b5	ETH	ETHIONAMIDE	CHEBI:4885	AEOCXXJPGCBFJA-UHFFFAOYSA-N				1	1	1									UKMYC5	false	HIGH	21	VZ	BB,TM AGREE
3.4.0	UKMYC_PHENOTYPES	ukmyc_phenotypes:ff1cea7a75307057	ETH	ETHIONAMIDE	CHEBI:4885	AEOCXXJPGCBFJA-UHFFFAOYSA-N	1.0		mg/L	3	3	3									UKMYC5	false	HIGH	21	VZ	VZ,BB AGREE	1.0	0.0	S
3.4.0	UKMYC_PHENOTYPES	ukmyc_phenotypes:21b28829fbf5f4c0	ETH	ETHIONAMIDE	CHEBI:4885	AEOCXXJPGCBFJA-UHFFFAOYSA-N	2.0		mg/L	2	2	2									UKMYC5	false	HIGH	21	VZ	VZ,BB AGREE	2.0	1.0	S
3.4.0	UKMYC_PHENOTYPES	ukmyc_phenotypes:10b10c5c26c35ee5	ETH	ETHIONAMIDE	CHEBI:4885	AEOCXXJPGCBFJA-UHFFFAOYSA-N	4.0		mg/L	1	1	1									UKMYC5	false	HIGH	21	VZ	VZ,BB AGREE	4.0	2.0	S
3.4.0	UKMYC_PHENOTYPES	ukmyc_phenotypes:192c65d3365518ba	ETH	ETHIONAMIDE	CHEBI:4885	AEOCXXJPGCBFJA-UHFFFAOYSA-N	8.0		mg/L	1	1	1									UKMYC5	false	HIGH	21	VZ	VZ,BB AGREE	8.0	3.0	R
3.4.0	UKMYC_PHENOTYPES	ukmyc_phenotypes:1d522d062a36cdd0	ETH	ETHIONAMIDE	CHEBI:4885	AEOCXXJPGCBFJA-UHFFFAOYSA-N	0.5		mg/L	12	12	5									UKMYC5	false	HIGH	21	VZ	VZ,TM AGREE	0.5	-1.0	S
3.4.0	UKMYC_PHENOTYPES	ukmyc_phenotypes:1cc9290664b559df	ETH	ETHIONAMIDE	CHEBI:4885	AEOCXXJPGCBFJA-UHFFFAOYSA-N	1.0		mg/L	34	34	6									UKMYC5	false	HIGH	21	VZ	VZ,TM AGREE	1.0	0.0	S
3.4.0	UKMYC_PHENOTYPES	ukmyc_phenotypes:208f4138ff0e489b	ETH	ETHIONAMIDE	CHEBI:4885	AEOCXXJPGCBFJA-UHFFFAOYSA-N	2.0		mg/L	28	28	6									UKMYC5	false	HIGH	21	VZ	VZ,TM AGREE	2.0	1.0	S
3.4.0	UKMYC_PHENOTYPES	ukmyc_phenotypes:83e1fec810840105	ETH	ETHIONAMIDE	CHEBI:4885	AEOCXXJPGCBFJA-UHFFFAOYSA-N	4.0		mg/L	7	7	4									UKMYC5	false	HIGH	21	VZ	VZ,TM AGREE	4.0	2.0	S
3.4.0	UKMYC_PHENOTYPES	ukmyc_phenotypes:e6c88bad0dce91c0	ETH	ETHIONAMIDE	CHEBI:4885	AEOCXXJPGCBFJA-UHFFFAOYSA-N	8.0		mg/L	3	3	2									UKMYC5	false	HIGH	21	VZ	VZ,TM AGREE	8.0	3.0	R
3.4.0	UKMYC_PHENOTYPES	ukmyc_phenotypes:0eff6e3642c505b6	ETH	ETHIONAMIDE	CHEBI:4885	AEOCXXJPGCBFJA-UHFFFAOYSA-N	0.25	<=	mg/L	1	1	1									UKMYC5	false	HIGH	21	VZ	VZ,TM AGREE	<=0.25	-2.0	S
3.4.0	UKMYC_PHENOTYPES	ukmyc_phenotypes:03eb929554378eb6	ETH	ETHIONAMIDE	CHEBI:4885	AEOCXXJPGCBFJA-UHFFFAOYSA-N	8	>	mg/L	6	6	4									UKMYC5	false	HIGH	21	VZ	VZ,TM AGREE	>8	4.0	R
3.4.0	UKMYC_PHENOTYPES	ukmyc_phenotypes:0d6a7ea9bb001002	ETH	ETHIONAMIDE	CHEBI:4885	AEOCXXJPGCBFJA-UHFFFAOYSA-N	0.5		mg/L	67	67	6									UKMYC5	false	LOW	14	VZ	ALL DISAGREE	0.5	-1.0	S
3.4.0	UKMYC_PHENOTYPES	ukmyc_phenotypes:2be5f5e1ff2399b9	ETH	ETHIONAMIDE	CHEBI:4885	AEOCXXJPGCBFJA-UHFFFAOYSA-N	1.0		mg/L	124	124	7									UKMYC5	false	LOW	14	VZ	ALL DISAGREE	1.0	0.0	S
3.4.0	UKMYC_PHENOTYPES	ukmyc_phenotypes:1d9974c6bb144cfd	ETH	ETHIONAMIDE	CHEBI:4885	AEOCXXJPGCBFJA-UHFFFAOYSA-N	2.0		mg/L	59	59	8									UKMYC5	false	LOW	14	VZ	ALL DISAGREE	2.0	1.0	S
3.4.0	UKMYC_PHENOTYPES	ukmyc_phenotypes:c8b627ebb372bbc3	ETH	ETHIONAMIDE	CHEBI:4885	AEOCXXJPGCBFJA-UHFFFAOYSA-N	4.0		mg/L	41	41	7									UKMYC5	false	LOW	14	VZ	ALL DISAGREE	4.0	2.0	S
3.4.0	UKMYC_PHENOTYPES	ukmyc_phenotypes:0adc257a51eac89d	ETH	ETHIONAMIDE	CHEBI:4885	AEOCXXJPGCBFJA-UHFFFAOYSA-N	8.0		mg/L	24	24	4									UKMYC5	false	LOW	14	VZ	ALL DISAGREE	8.0	3.0	R
3.4.0	UKMYC_PHENOTYPES	ukmyc_phenotypes:c9daef4287d111d5	ETH	ETHIONAMIDE	CHEBI:4885	AEOCXXJPGCBFJA-UHFFFAOYSA-N	0.25	<=	mg/L	25	25	5									UKMYC5	false	LOW	14	VZ	ALL DISAGREE	<=0.25	-2.0	S
3.4.0	UKMYC_PHENOTYPES	ukmyc_phenotypes:205506cf42ac616f	ETH	ETHIONAMIDE	CHEBI:4885	AEOCXXJPGCBFJA-UHFFFAOYSA-N	8	>	mg/L	1	1	1									UKMYC5	false	LOW	14	VZ	ALL DISAGREE	>8	4.0	R
3.4.0	UKMYC_PHENOTYPES	ukmyc_phenotypes:af022a6c62d0e76f	ETH	ETHIONAMIDE	CHEBI:4885	AEOCXXJPGCBFJA-UHFFFAOYSA-N				4	4	2									UKMYC5	false	LOW	14	VZ	ALL DISAGREE
3.4.0	UKMYC_PHENOTYPES	ukmyc_phenotypes:a2194a3a51c8173f	ETH	ETHIONAMIDE	CHEBI:4885	AEOCXXJPGCBFJA-UHFFFAOYSA-N	0.5		mg/L	2	2	2									UKMYC5	false	LOW	21	VZ	ALL DISAGREE	0.5	-1.0	S
3.4.0	UKMYC_PHENOTYPES	ukmyc_phenotypes:7cab6070a2beb44f	ETH	ETHIONAMIDE	CHEBI:4885	AEOCXXJPGCBFJA-UHFFFAOYSA-N	1.0		mg/L	2	2	2									UKMYC5	false	LOW	21	VZ	ALL DISAGREE	1.0	0.0	S
3.4.0	UKMYC_PHENOTYPES	ukmyc_phenotypes:6e534fca1da14818	ETH	ETHIONAMIDE	CHEBI:4885	AEOCXXJPGCBFJA-UHFFFAOYSA-N	2.0		mg/L	4	4	3									UKMYC5	false	LOW	21	VZ	ALL DISAGREE	2.0	1.0	S
3.4.0	UKMYC_PHENOTYPES	ukmyc_phenotypes:d0f703fcafbb8c79	ETH	ETHIONAMIDE	CHEBI:4885	AEOCXXJPGCBFJA-UHFFFAOYSA-N	4.0		mg/L	2	2	2									UKMYC5	false	LOW	21	VZ	ALL DISAGREE	4.0	2.0	S
3.4.0	UKMYC_PHENOTYPES	ukmyc_phenotypes:47407d2eb42b1305	ETH	ETHIONAMIDE	CHEBI:4885	AEOCXXJPGCBFJA-UHFFFAOYSA-N	8.0		mg/L	2	2	1									UKMYC5	false	LOW	21	VZ	ALL DISAGREE	8.0	3.0	R
3.4.0	UKMYC_PHENOTYPES	ukmyc_phenotypes:9830a79fb7f0c571	ETH	ETHIONAMIDE	CHEBI:4885	AEOCXXJPGCBFJA-UHFFFAOYSA-N	8	>	mg/L	1	1	1									UKMYC5	false	LOW	21	VZ	ALL DISAGREE	>8	4.0	R
3.4.0	UKMYC_PHENOTYPES	ukmyc_phenotypes:6516c09ead76ce83	ETH	ETHIONAMIDE	CHEBI:4885	AEOCXXJPGCBFJA-UHFFFAOYSA-N				80	80	1									UKMYC5	false	MEDIUM	10	VZ	VZ ONLY
3.4.0	UKMYC_PHENOTYPES	ukmyc_phenotypes:a76ce9f23d292bd5	ETH	ETHIONAMIDE	CHEBI:4885	AEOCXXJPGCBFJA-UHFFFAOYSA-N	0.5		mg/L	1	1	1									UKMYC5	false	MEDIUM	14	VZ	BB RUNNING	0.5	-1.0	S
3.4.0	UKMYC_PHENOTYPES	ukmyc_phenotypes:7f2f5c2b53e635f3	ETH	ETHIONAMIDE	CHEBI:4885	AEOCXXJPGCBFJA-UHFFFAOYSA-N	2.0		mg/L	1	1	1									UKMYC5	false	MEDIUM	14	VZ	BB RUNNING	2.0	1.0	S
3.4.0	UKMYC_PHENOTYPES	ukmyc_phenotypes:94a101b180bc1bf3	ETH	ETHIONAMIDE	CHEBI:4885	AEOCXXJPGCBFJA-UHFFFAOYSA-N				1	1	1									UKMYC5	false	MEDIUM	14	VZ	BB RUNNING
3.4.0	UKMYC_PHENOTYPES	ukmyc_phenotypes:eae81bba28471d9a	ETH	ETHIONAMIDE	CHEBI:4885	AEOCXXJPGCBFJA-UHFFFAOYSA-N	0.5		mg/L	169	169	5									UKMYC5	false	MEDIUM	14	VZ	VZ ONLY	0.5	-1.0	S
3.4.0	UKMYC_PHENOTYPES	ukmyc_phenotypes:cd7222f1df2f2d72	ETH	ETHIONAMIDE	CHEBI:4885	AEOCXXJPGCBFJA-UHFFFAOYSA-N	1.0		mg/L	442	442	7									UKMYC5	false	MEDIUM	14	VZ	VZ ONLY	1.0	0.0	S
3.4.0	UKMYC_PHENOTYPES	ukmyc_phenotypes:80887a6d19892cf5	ETH	ETHIONAMIDE	CHEBI:4885	AEOCXXJPGCBFJA-UHFFFAOYSA-N	2.0		mg/L	207	207	5									UKMYC5	false	MEDIUM	14	VZ	VZ ONLY	2.0	1.0	S
3.4.0	UKMYC_PHENOTYPES	ukmyc_phenotypes:fa3374e51b097145	ETH	ETHIONAMIDE	CHEBI:4885	AEOCXXJPGCBFJA-UHFFFAOYSA-N	4.0		mg/L	77	77	5									UKMYC5	false	MEDIUM	14	VZ	VZ ONLY	4.0	2.0	S
3.4.0	UKMYC_PHENOTYPES	ukmyc_phenotypes:ff19aea5ff048102	ETH	ETHIONAMIDE	CHEBI:4885	AEOCXXJPGCBFJA-UHFFFAOYSA-N	8.0		mg/L	60	60	4									UKMYC5	false	MEDIUM	14	VZ	VZ ONLY	8.0	3.0	R
3.4.0	UKMYC_PHENOTYPES	ukmyc_phenotypes:43c99f3a265ec453	ETH	ETHIONAMIDE	CHEBI:4885	AEOCXXJPGCBFJA-UHFFFAOYSA-N	0.25	<=	mg/L	20	20	4									UKMYC5	false	MEDIUM	14	VZ	VZ ONLY	<=0.25	-2.0	S
3.4.0	UKMYC_PHENOTYPES	ukmyc_phenotypes:82c0716ababf9443	ETH	ETHIONAMIDE	CHEBI:4885	AEOCXXJPGCBFJA-UHFFFAOYSA-N	8	>	mg/L	84	84	5									UKMYC5	false	MEDIUM	14	VZ	VZ ONLY	>8	4.0	R
3.4.0	UKMYC_PHENOTYPES	ukmyc_phenotypes:f28443adf55ba05a	ETH	ETHIONAMIDE	CHEBI:4885	AEOCXXJPGCBFJA-UHFFFAOYSA-N				24	24	3									UKMYC5	false	MEDIUM	14	VZ	VZ ONLY
3.4.0	UKMYC_PHENOTYPES	ukmyc_phenotypes:6b4fba27145a4aae	ETH	ETHIONAMIDE	CHEBI:4885	AEOCXXJPGCBFJA-UHFFFAOYSA-N	1.0		mg/L	7	7	3									UKMYC5	false	MEDIUM	21	VZ	VZ ONLY	1.0	0.0	S
3.4.0	UKMYC_PHENOTYPES	ukmyc_phenotypes:c94298a4318a3283	ETH	ETHIONAMIDE	CHEBI:4885	AEOCXXJPGCBFJA-UHFFFAOYSA-N	2.0		mg/L	2	2	1									UKMYC5	false	MEDIUM	21	VZ	VZ ONLY	2.0	1.0	S
3.4.0	UKMYC_PHENOTYPES	ukmyc_phenotypes:15b39efb6409c4a4	ETH	ETHIONAMIDE	CHEBI:4885	AEOCXXJPGCBFJA-UHFFFAOYSA-N	4.0		mg/L	4	4	2									UKMYC5	false	MEDIUM	21	VZ	VZ ONLY	4.0	2.0	S
3.4.0	UKMYC_PHENOTYPES	ukmyc_phenotypes:61903d029c663bcd	ETH	ETHIONAMIDE	CHEBI:4885	AEOCXXJPGCBFJA-UHFFFAOYSA-N	0.25	<=	mg/L	1	1	1									UKMYC5	false	MEDIUM	21	VZ	VZ ONLY	<=0.25	-2.0	S
3.4.0	UKMYC_PHENOTYPES	ukmyc_phenotypes:af01520f5e21d5c8	ETH	ETHIONAMIDE	CHEBI:4885	AEOCXXJPGCBFJA-UHFFFAOYSA-N	8	>	mg/L	1	1	1									UKMYC5	false	MEDIUM	21	VZ	VZ ONLY	>8	4.0	R
3.4.0	UKMYC_PHENOTYPES	ukmyc_phenotypes:2daadcdcc619839e	ETH	ETHIONAMIDE	CHEBI:4885	AEOCXXJPGCBFJA-UHFFFAOYSA-N	0.5		mg/L	63	63	7									UKMYC6	false	HIGH	14	VZ	BB,TM AGREE	0.5	-1.0	S
3.4.0	UKMYC_PHENOTYPES	ukmyc_phenotypes:ba239e0f3ceaf819	ETH	ETHIONAMIDE	CHEBI:4885	AEOCXXJPGCBFJA-UHFFFAOYSA-N	1.0		mg/L	198	198	8									UKMYC6	false	HIGH	14	VZ	BB,TM AGREE	1.0	0.0	S
3.4.0	UKMYC_PHENOTYPES	ukmyc_phenotypes:f73c7bbcb4d89b83	ETH	ETHIONAMIDE	CHEBI:4885	AEOCXXJPGCBFJA-UHFFFAOYSA-N	2.0		mg/L	214	214	9									UKMYC6	false	HIGH	14	VZ	BB,TM AGREE	2.0	1.0	S
3.4.0	UKMYC_PHENOTYPES	ukmyc_phenotypes:e16a2525836fac8d	ETH	ETHIONAMIDE	CHEBI:4885	AEOCXXJPGCBFJA-UHFFFAOYSA-N	4.0		mg/L	67	67	7									UKMYC6	false	HIGH	14	VZ	BB,TM AGREE	4.0	2.0	S
3.4.0	UKMYC_PHENOTYPES	ukmyc_phenotypes:630c33e064d605d8	ETH	ETHIONAMIDE	CHEBI:4885	AEOCXXJPGCBFJA-UHFFFAOYSA-N	8.0		mg/L	38	38	7									UKMYC6	false	HIGH	14	VZ	BB,TM AGREE	8.0	3.0	R
3.4.0	UKMYC_PHENOTYPES	ukmyc_phenotypes:4b7d69a262d04fc8	ETH	ETHIONAMIDE	CHEBI:4885	AEOCXXJPGCBFJA-UHFFFAOYSA-N	0.25	<=	mg/L	18	18	7									UKMYC6	false	HIGH	14	VZ	BB,TM AGREE	<=0.25	-2.0	S
3.4.0	UKMYC_PHENOTYPES	ukmyc_phenotypes:4e11beadeb349456	ETH	ETHIONAMIDE	CHEBI:4885	AEOCXXJPGCBFJA-UHFFFAOYSA-N	8	>	mg/L	318	318	10									UKMYC6	false	HIGH	14	VZ	BB,TM AGREE	>8	4.0	R
3.4.0	UKMYC_PHENOTYPES	ukmyc_phenotypes:2296055a5e656af9	ETH	ETHIONAMIDE	CHEBI:4885	AEOCXXJPGCBFJA-UHFFFAOYSA-N				5	5	3									UKMYC6	false	HIGH	14	VZ	BB,TM AGREE
3.4.0	UKMYC_PHENOTYPES	ukmyc_phenotypes:626e328157fcddf3	ETH	ETHIONAMIDE	CHEBI:4885	AEOCXXJPGCBFJA-UHFFFAOYSA-N	0.5		mg/L	40	40	8									UKMYC6	false	HIGH	14	VZ	VZ,BB AGREE	0.5	-1.0	S
3.4.0	UKMYC_PHENOTYPES	ukmyc_phenotypes:051e7b91840d577e	ETH	ETHIONAMIDE	CHEBI:4885	AEOCXXJPGCBFJA-UHFFFAOYSA-N	1.0		mg/L	59	59	7									UKMYC6	false	HIGH	14	VZ	VZ,BB AGREE	1.0	0.0	S
3.4.0	UKMYC_PHENOTYPES	ukmyc_phenotypes:370468b0fa1629b7	ETH	ETHIONAMIDE	CHEBI:4885	AEOCXXJPGCBFJA-UHFFFAOYSA-N	2.0		mg/L	54	54	7									UKMYC6	false	HIGH	14	VZ	VZ,BB AGREE	2.0	1.0	S
3.4.0	UKMYC_PHENOTYPES	ukmyc_phenotypes:53191a48d3998152	ETH	ETHIONAMIDE	CHEBI:4885	AEOCXXJPGCBFJA-UHFFFAOYSA-N	4.0		mg/L	34	34	5									UKMYC6	false	HIGH	14	VZ	VZ,BB AGREE	4.0	2.0	S
3.4.0	UKMYC_PHENOTYPES	ukmyc_phenotypes:8d104a969e8ed90a	ETH	ETHIONAMIDE	CHEBI:4885	AEOCXXJPGCBFJA-UHFFFAOYSA-N	8.0		mg/L	46	46	7									UKMYC6	false	HIGH	14	VZ	VZ,BB AGREE	8.0	3.0	R
3.4.0	UKMYC_PHENOTYPES	ukmyc_phenotypes:eb13487f15d84cdf	ETH	ETHIONAMIDE	CHEBI:4885	AEOCXXJPGCBFJA-UHFFFAOYSA-N	0.25	<=	mg/L	9	9	4									UKMYC6	false	HIGH	14	VZ	VZ,BB AGREE	<=0.25	-2.0	S
3.4.0	UKMYC_PHENOTYPES	ukmyc_phenotypes:0e46146fa85cc347	ETH	ETHIONAMIDE	CHEBI:4885	AEOCXXJPGCBFJA-UHFFFAOYSA-N	8	>	mg/L	24	24	7									UKMYC6	false	HIGH	14	VZ	VZ,BB AGREE	>8	4.0	R
3.4.0	UKMYC_PHENOTYPES	ukmyc_phenotypes:12dc080c14c28765	ETH	ETHIONAMIDE	CHEBI:4885	AEOCXXJPGCBFJA-UHFFFAOYSA-N				7	7	3									UKMYC6	false	HIGH	14	VZ	VZ,BB AGREE
3.4.0	UKMYC_PHENOTYPES	ukmyc_phenotypes:c846a1fa362a0107	ETH	ETHIONAMIDE	CHEBI:4885	AEOCXXJPGCBFJA-UHFFFAOYSA-N	0.5		mg/L	1724	1724	10									UKMYC6	false	HIGH	14	VZ	VZ,TM AGREE	0.5	-1.0	S
3.4.0	UKMYC_PHENOTYPES	ukmyc_phenotypes:3fd8922f2d2c2ea6	ETH	ETHIONAMIDE	CHEBI:4885	AEOCXXJPGCBFJA-UHFFFAOYSA-N	1.0		mg/L	4054	4054	11									UKMYC6	false	HIGH	14	VZ	VZ,TM AGREE	1.0	0.0	S
3.4.0	UKMYC_PHENOTYPES	ukmyc_phenotypes:c0ec1f34e8b4bd44	ETH	ETHIONAMIDE	CHEBI:4885	AEOCXXJPGCBFJA-UHFFFAOYSA-N	2.0		mg/L	2502	2502	11									UKMYC6	false	HIGH	14	VZ	VZ,TM AGREE	2.0	1.0	S
3.4.0	UKMYC_PHENOTYPES	ukmyc_phenotypes:8811992bbc4afd8f	ETH	ETHIONAMIDE	CHEBI:4885	AEOCXXJPGCBFJA-UHFFFAOYSA-N	4.0		mg/L	541	541	10									UKMYC6	false	HIGH	14	VZ	VZ,TM AGREE	4.0	2.0	S
3.4.0	UKMYC_PHENOTYPES	ukmyc_phenotypes:21b41bf0e65b22e3	ETH	ETHIONAMIDE	CHEBI:4885	AEOCXXJPGCBFJA-UHFFFAOYSA-N	8.0		mg/L	336	336	9									UKMYC6	false	HIGH	14	VZ	VZ,TM AGREE	8.0	3.0	R
3.4.0	UKMYC_PHENOTYPES	ukmyc_phenotypes:fa015126d422deaa	ETH	ETHIONAMIDE	CHEBI:4885	AEOCXXJPGCBFJA-UHFFFAOYSA-N	0.25	<=	mg/L	200	200	9									UKMYC6	false	HIGH	14	VZ	VZ,TM AGREE	<=0.25	-2.0	S
3.4.0	UKMYC_PHENOTYPES	ukmyc_phenotypes:8c324ea452988445	ETH	ETHIONAMIDE	CHEBI:4885	AEOCXXJPGCBFJA-UHFFFAOYSA-N	8	>	mg/L	581	581	8									UKMYC6	false	HIGH	14	VZ	VZ,TM AGREE	>8	4.0	R
3.4.0	UKMYC_PHENOTYPES	ukmyc_phenotypes:6f7d97e015a1f48c	ETH	ETHIONAMIDE	CHEBI:4885	AEOCXXJPGCBFJA-UHFFFAOYSA-N				3	3	2									UKMYC6	false	HIGH	14	VZ	VZ,TM AGREE
3.4.0	UKMYC_PHENOTYPES	ukmyc_phenotypes:2d8dc82ccdeef5ad	ETH	ETHIONAMIDE	CHEBI:4885	AEOCXXJPGCBFJA-UHFFFAOYSA-N	0.5		mg/L	7	7	4									UKMYC6	false	HIGH	21	VZ	BB,TM AGREE	0.5	-1.0	S
3.4.0	UKMYC_PHENOTYPES	ukmyc_phenotypes:d639a7a4b25c72d9	ETH	ETHIONAMIDE	CHEBI:4885	AEOCXXJPGCBFJA-UHFFFAOYSA-N	1.0		mg/L	8	8	5									UKMYC6	false	HIGH	21	VZ	BB,TM AGREE	1.0	0.0	S
3.4.0	UKMYC_PHENOTYPES	ukmyc_phenotypes:8ef5b5af4a6e78ec	ETH	ETHIONAMIDE	CHEBI:4885	AEOCXXJPGCBFJA-UHFFFAOYSA-N	2.0		mg/L	8	8	4									UKMYC6	false	HIGH	21	VZ	BB,TM AGREE	2.0	1.0	S
3.4.0	UKMYC_PHENOTYPES	ukmyc_phenotypes:9ef82fb93f6537c9	ETH	ETHIONAMIDE	CHEBI:4885	AEOCXXJPGCBFJA-UHFFFAOYSA-N	4.0		mg/L	7	7	2									UKMYC6	false	HIGH	21	VZ	BB,TM AGREE	4.0	2.0	S
3.4.0	UKMYC_PHENOTYPES	ukmyc_phenotypes:b869a452e62b9a77	ETH	ETHIONAMIDE	CHEBI:4885	AEOCXXJPGCBFJA-UHFFFAOYSA-N	8.0		mg/L	4	4	3									UKMYC6	false	HIGH	21	VZ	BB,TM AGREE	8.0	3.0	R
3.4.0	UKMYC_PHENOTYPES	ukmyc_phenotypes:3eb8a9b03f9cf23d	ETH	ETHIONAMIDE	CHEBI:4885	AEOCXXJPGCBFJA-UHFFFAOYSA-N	8	>	mg/L	13	13	4									UKMYC6	false	HIGH	21	VZ	BB,TM AGREE	>8	4.0	R
3.4.0	UKMYC_PHENOTYPES	ukmyc_phenotypes:7e445b9393e4536d	ETH	ETHIONAMIDE	CHEBI:4885	AEOCXXJPGCBFJA-UHFFFAOYSA-N				1	1	1									UKMYC6	false	HIGH	21	VZ	BB,TM AGREE
3.4.0	UKMYC_PHENOTYPES	ukmyc_phenotypes:01535bb7653ba548	ETH	ETHIONAMIDE	CHEBI:4885	AEOCXXJPGCBFJA-UHFFFAOYSA-N	0.5		mg/L	1	1	1									UKMYC6	false	HIGH	21	VZ	VZ,BB AGREE	0.5	-1.0	S
3.4.0	UKMYC_PHENOTYPES	ukmyc_phenotypes:4987cd0cc26dea09	ETH	ETHIONAMIDE	CHEBI:4885	AEOCXXJPGCBFJA-UHFFFAOYSA-N	1.0		mg/L	1	1	1									UKMYC6	false	HIGH	21	VZ	VZ,BB AGREE	1.0	0.0	S
3.4.0	UKMYC_PHENOTYPES	ukmyc_phenotypes:7fde119d4f062c88	ETH	ETHIONAMIDE	CHEBI:4885	AEOCXXJPGCBFJA-UHFFFAOYSA-N	2.0		mg/L	4	4	3									UKMYC6	false	HIGH	21	VZ	VZ,BB AGREE	2.0	1.0	S
3.4.0	UKMYC_PHENOTYPES	ukmyc_phenotypes:edfd3e86a7740252	ETH	ETHIONAMIDE	CHEBI:4885	AEOCXXJPGCBFJA-UHFFFAOYSA-N	4.0		mg/L	2	2	2									UKMYC6	false	HIGH	21	VZ	VZ,BB AGREE	4.0	2.0	S
3.4.0	UKMYC_PHENOTYPES	ukmyc_phenotypes:4e7bdd52583c9b13	ETH	ETHIONAMIDE	CHEBI:4885	AEOCXXJPGCBFJA-UHFFFAOYSA-N	8.0		mg/L	1	1	1									UKMYC6	false	HIGH	21	VZ	VZ,BB AGREE	8.0	3.0	R
3.4.0	UKMYC_PHENOTYPES	ukmyc_phenotypes:60ec4f78348c9a2c	ETH	ETHIONAMIDE	CHEBI:4885	AEOCXXJPGCBFJA-UHFFFAOYSA-N	0.25	<=	mg/L	2	2	2									UKMYC6	false	HIGH	21	VZ	VZ,BB AGREE	<=0.25	-2.0	S
3.4.0	UKMYC_PHENOTYPES	ukmyc_phenotypes:b1bea2b7b82b2162	ETH	ETHIONAMIDE	CHEBI:4885	AEOCXXJPGCBFJA-UHFFFAOYSA-N	8	>	mg/L	2	2	2									UKMYC6	false	HIGH	21	VZ	VZ,BB AGREE	>8	4.0	R
3.4.0	UKMYC_PHENOTYPES	ukmyc_phenotypes:7b864122d9919777	ETH	ETHIONAMIDE	CHEBI:4885	AEOCXXJPGCBFJA-UHFFFAOYSA-N				2	2	2									UKMYC6	false	HIGH	21	VZ	VZ,BB AGREE
3.4.0	UKMYC_PHENOTYPES	ukmyc_phenotypes:3ca12718e933d1ce	ETH	ETHIONAMIDE	CHEBI:4885	AEOCXXJPGCBFJA-UHFFFAOYSA-N	0.5		mg/L	87	87	8									UKMYC6	false	HIGH	21	VZ	VZ,TM AGREE	0.5	-1.0	S
3.4.0	UKMYC_PHENOTYPES	ukmyc_phenotypes:4dde2b7f13414708	ETH	ETHIONAMIDE	CHEBI:4885	AEOCXXJPGCBFJA-UHFFFAOYSA-N	1.0		mg/L	169	169	8									UKMYC6	false	HIGH	21	VZ	VZ,TM AGREE	1.0	0.0	S
3.4.0	UKMYC_PHENOTYPES	ukmyc_phenotypes:d3fba805d945ebe4	ETH	ETHIONAMIDE	CHEBI:4885	AEOCXXJPGCBFJA-UHFFFAOYSA-N	2.0		mg/L	307	307	8									UKMYC6	false	HIGH	21	VZ	VZ,TM AGREE	2.0	1.0	S
3.4.0	UKMYC_PHENOTYPES	ukmyc_phenotypes:c1f35e3906e7b647	ETH	ETHIONAMIDE	CHEBI:4885	AEOCXXJPGCBFJA-UHFFFAOYSA-N	4.0		mg/L	134	134	7									UKMYC6	false	HIGH	21	VZ	VZ,TM AGREE	4.0	2.0	S
3.4.0	UKMYC_PHENOTYPES	ukmyc_phenotypes:faafa87f82b75a05	ETH	ETHIONAMIDE	CHEBI:4885	AEOCXXJPGCBFJA-UHFFFAOYSA-N	8.0		mg/L	38	38	5									UKMYC6	false	HIGH	21	VZ	VZ,TM AGREE	8.0	3.0	R
3.4.0	UKMYC_PHENOTYPES	ukmyc_phenotypes:d8a38dc84f31e6e2	ETH	ETHIONAMIDE	CHEBI:4885	AEOCXXJPGCBFJA-UHFFFAOYSA-N	0.25	<=	mg/L	48	48	7									UKMYC6	false	HIGH	21	VZ	VZ,TM AGREE	<=0.25	-2.0	S
3.4.0	UKMYC_PHENOTYPES	ukmyc_phenotypes:d0585b5834ab4250	ETH	ETHIONAMIDE	CHEBI:4885	AEOCXXJPGCBFJA-UHFFFAOYSA-N	8	>	mg/L	70	70	7									UKMYC6	false	HIGH	21	VZ	VZ,TM AGREE	>8	4.0	R
3.4.0	UKMYC_PHENOTYPES	ukmyc_phenotypes:9738d04c5a148ff5	ETH	ETHIONAMIDE	CHEBI:4885	AEOCXXJPGCBFJA-UHFFFAOYSA-N				2	2	1									UKMYC6	false	HIGH	21	VZ	VZ,TM AGREE
3.4.0	UKMYC_PHENOTYPES	ukmyc_phenotypes:f4a68ab99e910caf	ETH	ETHIONAMIDE	CHEBI:4885	AEOCXXJPGCBFJA-UHFFFAOYSA-N	0.5		mg/L	311	311	9									UKMYC6	false	LOW	14	VZ	ALL DISAGREE	0.5	-1.0	S
3.4.0	UKMYC_PHENOTYPES	ukmyc_phenotypes:efa2693a68e2ac60	ETH	ETHIONAMIDE	CHEBI:4885	AEOCXXJPGCBFJA-UHFFFAOYSA-N	1.0		mg/L	434	434	9									UKMYC6	false	LOW	14	VZ	ALL DISAGREE	1.0	0.0	S
3.4.0	UKMYC_PHENOTYPES	ukmyc_phenotypes:95f168000c9d7051	ETH	ETHIONAMIDE	CHEBI:4885	AEOCXXJPGCBFJA-UHFFFAOYSA-N	2.0		mg/L	265	265	9									UKMYC6	false	LOW	14	VZ	ALL DISAGREE	2.0	1.0	S
3.4.0	UKMYC_PHENOTYPES	ukmyc_phenotypes:788b97745a831c04	ETH	ETHIONAMIDE	CHEBI:4885	AEOCXXJPGCBFJA-UHFFFAOYSA-N	4.0		mg/L	93	93	9									UKMYC6	false	LOW	14	VZ	ALL DISAGREE	4.0	2.0	S
3.4.0	UKMYC_PHENOTYPES	ukmyc_phenotypes:08b8bf6775390847	ETH	ETHIONAMIDE	CHEBI:4885	AEOCXXJPGCBFJA-UHFFFAOYSA-N	8.0		mg/L	47	47	8									UKMYC6	false	LOW	14	VZ	ALL DISAGREE	8.0	3.0	R
3.4.0	UKMYC_PHENOTYPES	ukmyc_phenotypes:923e62b428ed47c0	ETH	ETHIONAMIDE	CHEBI:4885	AEOCXXJPGCBFJA-UHFFFAOYSA-N	0.25	<=	mg/L	63	63	7									UKMYC6	false	LOW	14	VZ	ALL DISAGREE	<=0.25	-2.0	S
3.4.0	UKMYC_PHENOTYPES	ukmyc_phenotypes:1eb6d1b287e42da1	ETH	ETHIONAMIDE	CHEBI:4885	AEOCXXJPGCBFJA-UHFFFAOYSA-N	8	>	mg/L	3	3	3									UKMYC6	false	LOW	14	VZ	ALL DISAGREE	>8	4.0	R
3.4.0	UKMYC_PHENOTYPES	ukmyc_phenotypes:14a2f246cb4cd5d0	ETH	ETHIONAMIDE	CHEBI:4885	AEOCXXJPGCBFJA-UHFFFAOYSA-N				11	11	3									UKMYC6	false	LOW	14	VZ	ALL DISAGREE
3.4.0	UKMYC_PHENOTYPES	ukmyc_phenotypes:f2031d5c2594df83	ETH	ETHIONAMIDE	CHEBI:4885	AEOCXXJPGCBFJA-UHFFFAOYSA-N	0.5		mg/L	15	15	5									UKMYC6	false	LOW	21	VZ	ALL DISAGREE	0.5	-1.0	S
3.4.0	UKMYC_PHENOTYPES	ukmyc_phenotypes:f1e731768ce7af8e	ETH	ETHIONAMIDE	CHEBI:4885	AEOCXXJPGCBFJA-UHFFFAOYSA-N	1.0		mg/L	20	20	5									UKMYC6	false	LOW	21	VZ	ALL DISAGREE	1.0	0.0	S
3.4.0	UKMYC_PHENOTYPES	ukmyc_phenotypes:2aed65abf65dd41e	ETH	ETHIONAMIDE	CHEBI:4885	AEOCXXJPGCBFJA-UHFFFAOYSA-N	2.0		mg/L	18	18	5									UKMYC6	false	LOW	21	VZ	ALL DISAGREE	2.0	1.0	S
3.4.0	UKMYC_PHENOTYPES	ukmyc_phenotypes:9a484e250e35c0b0	ETH	ETHIONAMIDE	CHEBI:4885	AEOCXXJPGCBFJA-UHFFFAOYSA-N	4.0		mg/L	5	5	3									UKMYC6	false	LOW	21	VZ	ALL DISAGREE	4.0	2.0	S
3.4.0	UKMYC_PHENOTYPES	ukmyc_phenotypes:df06dd6a5ba83032	ETH	ETHIONAMIDE	CHEBI:4885	AEOCXXJPGCBFJA-UHFFFAOYSA-N	8.0		mg/L	1	1	1									UKMYC6	false	LOW	21	VZ	ALL DISAGREE	8.0	3.0	R
3.4.0	UKMYC_PHENOTYPES	ukmyc_phenotypes:8535b8e32c2fe29f	ETH	ETHIONAMIDE	CHEBI:4885	AEOCXXJPGCBFJA-UHFFFAOYSA-N	0.25	<=	mg/L	17	17	4									UKMYC6	false	LOW	21	VZ	ALL DISAGREE	<=0.25	-2.0	S
3.4.0	UKMYC_PHENOTYPES	ukmyc_phenotypes:1b856e5fc4b0ecad	ETH	ETHIONAMIDE	CHEBI:4885	AEOCXXJPGCBFJA-UHFFFAOYSA-N				1	1	1									UKMYC6	false	LOW	21	VZ	ALL DISAGREE
3.4.0	UKMYC_PHENOTYPES	ukmyc_phenotypes:8bff3990dd6646ae	ETH	ETHIONAMIDE	CHEBI:4885	AEOCXXJPGCBFJA-UHFFFAOYSA-N	0.5		mg/L	10	10	1									UKMYC6	false	MEDIUM	14	MB	VZ ONLY	0.5	-1.0	S
3.4.0	UKMYC_PHENOTYPES	ukmyc_phenotypes:eb227ebc111aa58c	ETH	ETHIONAMIDE	CHEBI:4885	AEOCXXJPGCBFJA-UHFFFAOYSA-N	1.0		mg/L	13	13	1									UKMYC6	false	MEDIUM	14	MB	VZ ONLY	1.0	0.0	S
3.4.0	UKMYC_PHENOTYPES	ukmyc_phenotypes:14f7d1bdae2fafe6	ETH	ETHIONAMIDE	CHEBI:4885	AEOCXXJPGCBFJA-UHFFFAOYSA-N	2.0		mg/L	7	7	1									UKMYC6	false	MEDIUM	14	MB	VZ ONLY	2.0	1.0	S
3.4.0	UKMYC_PHENOTYPES	ukmyc_phenotypes:5eb2b3a905557cd6	ETH	ETHIONAMIDE	CHEBI:4885	AEOCXXJPGCBFJA-UHFFFAOYSA-N	4.0		mg/L	6	6	1									UKMYC6	false	MEDIUM	14	MB	VZ ONLY	4.0	2.0	S
3.4.0	UKMYC_PHENOTYPES	ukmyc_phenotypes:22d74f8c2f96eef7	ETH	ETHIONAMIDE	CHEBI:4885	AEOCXXJPGCBFJA-UHFFFAOYSA-N	8.0		mg/L	6	6	1									UKMYC6	false	MEDIUM	14	MB	VZ ONLY	8.0	3.0	R
3.4.0	UKMYC_PHENOTYPES	ukmyc_phenotypes:df87032f787f974f	ETH	ETHIONAMIDE	CHEBI:4885	AEOCXXJPGCBFJA-UHFFFAOYSA-N	0.25	<=	mg/L	4	4	1									UKMYC6	false	MEDIUM	14	MB	VZ ONLY	<=0.25	-2.0	S
3.4.0	UKMYC_PHENOTYPES	ukmyc_phenotypes:bd8954563961ef72	ETH	ETHIONAMIDE	CHEBI:4885	AEOCXXJPGCBFJA-UHFFFAOYSA-N	8	>	mg/L	13	13	1									UKMYC6	false	MEDIUM	14	MB	VZ ONLY	>8	4.0	R
3.4.0	UKMYC_PHENOTYPES	ukmyc_phenotypes:fb41deeaa5069a42	ETH	ETHIONAMIDE	CHEBI:4885	AEOCXXJPGCBFJA-UHFFFAOYSA-N				2	2	1									UKMYC6	false	MEDIUM	14	MB	VZ ONLY
3.4.0	UKMYC_PHENOTYPES	ukmyc_phenotypes:167d9f8379587735	ETH	ETHIONAMIDE	CHEBI:4885	AEOCXXJPGCBFJA-UHFFFAOYSA-N	0.5		mg/L	81	81	5									UKMYC6	false	MEDIUM	14	VZ	BB RUNNING	0.5	-1.0	S
3.4.0	UKMYC_PHENOTYPES	ukmyc_phenotypes:8135496f9d1e5b21	ETH	ETHIONAMIDE	CHEBI:4885	AEOCXXJPGCBFJA-UHFFFAOYSA-N	1.0		mg/L	135	135	6									UKMYC6	false	MEDIUM	14	VZ	BB RUNNING	1.0	0.0	S
3.4.0	UKMYC_PHENOTYPES	ukmyc_phenotypes:b6e03813f8149e92	ETH	ETHIONAMIDE	CHEBI:4885	AEOCXXJPGCBFJA-UHFFFAOYSA-N	2.0		mg/L	75	75	5									UKMYC6	false	MEDIUM	14	VZ	BB RUNNING	2.0	1.0	S
3.4.0	UKMYC_PHENOTYPES	ukmyc_phenotypes:6a4b3e28e1b4fe94	ETH	ETHIONAMIDE	CHEBI:4885	AEOCXXJPGCBFJA-UHFFFAOYSA-N	4.0		mg/L	34	34	5									UKMYC6	false	MEDIUM	14	VZ	BB RUNNING	4.0	2.0	S
3.4.0	UKMYC_PHENOTYPES	ukmyc_phenotypes:df1d6b8e1c3f41b8	ETH	ETHIONAMIDE	CHEBI:4885	AEOCXXJPGCBFJA-UHFFFAOYSA-N	8.0		mg/L	26	26	5									UKMYC6	false	MEDIUM	14	VZ	BB RUNNING	8.0	3.0	R
3.4.0	UKMYC_PHENOTYPES	ukmyc_phenotypes:1a97d4378d8f8f6f	ETH	ETHIONAMIDE	CHEBI:4885	AEOCXXJPGCBFJA-UHFFFAOYSA-N	0.25	<=	mg/L	12	12	2									UKMYC6	false	MEDIUM	14	VZ	BB RUNNING	<=0.25	-2.0	S
3.4.0	UKMYC_PHENOTYPES	ukmyc_phenotypes:8eb803436bd79415	ETH	ETHIONAMIDE	CHEBI:4885	AEOCXXJPGCBFJA-UHFFFAOYSA-N	8	>	mg/L	3	3	2									UKMYC6	false	MEDIUM	14	VZ	BB RUNNING	>8	4.0	R
3.4.0	UKMYC_PHENOTYPES	ukmyc_phenotypes:b76b0f75595b6d27	ETH	ETHIONAMIDE	CHEBI:4885	AEOCXXJPGCBFJA-UHFFFAOYSA-N				1	1	1									UKMYC6	false	MEDIUM	14	VZ	BB RUNNING
3.4.0	UKMYC_PHENOTYPES	ukmyc_phenotypes:291d2c28d7e7bfc6	ETH	ETHIONAMIDE	CHEBI:4885	AEOCXXJPGCBFJA-UHFFFAOYSA-N	0.5		mg/L	48	48	10									UKMYC6	false	MEDIUM	14	VZ	VZ ONLY	0.5	-1.0	S
3.4.0	UKMYC_PHENOTYPES	ukmyc_phenotypes:48437f952e236b76	ETH	ETHIONAMIDE	CHEBI:4885	AEOCXXJPGCBFJA-UHFFFAOYSA-N	1.0		mg/L	87	87	10									UKMYC6	false	MEDIUM	14	VZ	VZ ONLY	1.0	0.0	S
3.4.0	UKMYC_PHENOTYPES	ukmyc_phenotypes:9fd94ac38bc6a8cb	ETH	ETHIONAMIDE	CHEBI:4885	AEOCXXJPGCBFJA-UHFFFAOYSA-N	2.0		mg/L	83	83	9									UKMYC6	false	MEDIUM	14	VZ	VZ ONLY	2.0	1.0	S
3.4.0	UKMYC_PHENOTYPES	ukmyc_phenotypes:3a81afe60b6117ea	ETH	ETHIONAMIDE	CHEBI:4885	AEOCXXJPGCBFJA-UHFFFAOYSA-N	4.0		mg/L	116	116	5									UKMYC6	false	MEDIUM	14	VZ	VZ ONLY	4.0	2.0	S
3.4.0	UKMYC_PHENOTYPES	ukmyc_phenotypes:21b8938de3d7a79b	ETH	ETHIONAMIDE	CHEBI:4885	AEOCXXJPGCBFJA-UHFFFAOYSA-N	8.0		mg/L	57	57	3									UKMYC6	false	MEDIUM	14	VZ	VZ ONLY	8.0	3.0	R
3.4.0	UKMYC_PHENOTYPES	ukmyc_phenotypes:980d591c2a0dd3ed	ETH	ETHIONAMIDE	CHEBI:4885	AEOCXXJPGCBFJA-UHFFFAOYSA-N	0.25	<=	mg/L	11	11	5									UKMYC6	false	MEDIUM	14	VZ	VZ ONLY	<=0.25	-2.0	S
3.4.0	UKMYC_PHENOTYPES	ukmyc_phenotypes:4080653b755f2ac4	ETH	ETHIONAMIDE	CHEBI:4885	AEOCXXJPGCBFJA-UHFFFAOYSA-N	8	>	mg/L	130	130	6									UKMYC6	false	MEDIUM	14	VZ	VZ ONLY	>8	4.0	R
3.4.0	UKMYC_PHENOTYPES	ukmyc_phenotypes:06a6efb7217c51cf	ETH	ETHIONAMIDE	CHEBI:4885	AEOCXXJPGCBFJA-UHFFFAOYSA-N				1	1	1									UKMYC6	false	MEDIUM	14	VZ	VZ ONLY
3.4.0	UKMYC_PHENOTYPES	ukmyc_phenotypes:3185c26e9909499b	ETH	ETHIONAMIDE	CHEBI:4885	AEOCXXJPGCBFJA-UHFFFAOYSA-N	0.5		mg/L	7	7	1									UKMYC6	false	MEDIUM	21	MB	VZ ONLY	0.5	-1.0	S
3.4.0	UKMYC_PHENOTYPES	ukmyc_phenotypes:f7987b622f55a3c6	ETH	ETHIONAMIDE	CHEBI:4885	AEOCXXJPGCBFJA-UHFFFAOYSA-N	1.0		mg/L	19	19	1									UKMYC6	false	MEDIUM	21	MB	VZ ONLY	1.0	0.0	S
3.4.0	UKMYC_PHENOTYPES	ukmyc_phenotypes:7ee2fd60b67af13d	ETH	ETHIONAMIDE	CHEBI:4885	AEOCXXJPGCBFJA-UHFFFAOYSA-N	2.0		mg/L	16	16	1									UKMYC6	false	MEDIUM	21	MB	VZ ONLY	2.0	1.0	S
3.4.0	UKMYC_PHENOTYPES	ukmyc_phenotypes:07f67b0a12b67a4c	ETH	ETHIONAMIDE	CHEBI:4885	AEOCXXJPGCBFJA-UHFFFAOYSA-N	4.0		mg/L	6	6	1									UKMYC6	false	MEDIUM	21	MB	VZ ONLY	4.0	2.0	S
3.4.0	UKMYC_PHENOTYPES	ukmyc_phenotypes:3d6eb80783d4d9d8	ETH	ETHIONAMIDE	CHEBI:4885	AEOCXXJPGCBFJA-UHFFFAOYSA-N	0.25	<=	mg/L	2	2	1									UKMYC6	false	MEDIUM	21	MB	VZ ONLY	<=0.25	-2.0	S
3.4.0	UKMYC_PHENOTYPES	ukmyc_phenotypes:37ad79ecd8d016e4	ETH	ETHIONAMIDE	CHEBI:4885	AEOCXXJPGCBFJA-UHFFFAOYSA-N	8	>	mg/L	13	13	1									UKMYC6	false	MEDIUM	21	MB	VZ ONLY	>8	4.0	R
3.4.0	UKMYC_PHENOTYPES	ukmyc_phenotypes:28058027f63a91d3	ETH	ETHIONAMIDE	CHEBI:4885	AEOCXXJPGCBFJA-UHFFFAOYSA-N	0.5		mg/L	16	16	4									UKMYC6	false	MEDIUM	21	VZ	BB RUNNING	0.5	-1.0	S
3.4.0	UKMYC_PHENOTYPES	ukmyc_phenotypes:3f0adb539a7e559c	ETH	ETHIONAMIDE	CHEBI:4885	AEOCXXJPGCBFJA-UHFFFAOYSA-N	1.0		mg/L	23	23	4									UKMYC6	false	MEDIUM	21	VZ	BB RUNNING	1.0	0.0	S
3.4.0	UKMYC_PHENOTYPES	ukmyc_phenotypes:413238b5274b60bc	ETH	ETHIONAMIDE	CHEBI:4885	AEOCXXJPGCBFJA-UHFFFAOYSA-N	2.0		mg/L	24	24	3									UKMYC6	false	MEDIUM	21	VZ	BB RUNNING	2.0	1.0	S
3.4.0	UKMYC_PHENOTYPES	ukmyc_phenotypes:044fbc92b5308b5a	ETH	ETHIONAMIDE	CHEBI:4885	AEOCXXJPGCBFJA-UHFFFAOYSA-N	4.0		mg/L	12	12	3									UKMYC6	false	MEDIUM	21	VZ	BB RUNNING	4.0	2.0	S
3.4.0	UKMYC_PHENOTYPES	ukmyc_phenotypes:ad931f2f58de96ad	ETH	ETHIONAMIDE	CHEBI:4885	AEOCXXJPGCBFJA-UHFFFAOYSA-N	8.0		mg/L	9	9	1									UKMYC6	false	MEDIUM	21	VZ	BB RUNNING	8.0	3.0	R
3.4.0	UKMYC_PHENOTYPES	ukmyc_phenotypes:2b4dcec58ef75d1f	ETH	ETHIONAMIDE	CHEBI:4885	AEOCXXJPGCBFJA-UHFFFAOYSA-N	0.25	<=	mg/L	3	3	2									UKMYC6	false	MEDIUM	21	VZ	BB RUNNING	<=0.25	-2.0	S
3.4.0	UKMYC_PHENOTYPES	ukmyc_phenotypes:a05ff7beb125a34e	ETH	ETHIONAMIDE	CHEBI:4885	AEOCXXJPGCBFJA-UHFFFAOYSA-N	8	>	mg/L	1	1	1									UKMYC6	false	MEDIUM	21	VZ	BB RUNNING	>8	4.0	R
3.4.0	UKMYC_PHENOTYPES	ukmyc_phenotypes:d0954aa4c8d86522	ETH	ETHIONAMIDE	CHEBI:4885	AEOCXXJPGCBFJA-UHFFFAOYSA-N				14	14	1									UKMYC6	false	MEDIUM	21	VZ	BB RUNNING
3.4.0	UKMYC_PHENOTYPES	ukmyc_phenotypes:3126cec508b877d3	ETH	ETHIONAMIDE	CHEBI:4885	AEOCXXJPGCBFJA-UHFFFAOYSA-N	0.5		mg/L	10	10	2									UKMYC6	false	MEDIUM	21	VZ	VZ ONLY	0.5	-1.0	S
3.4.0	UKMYC_PHENOTYPES	ukmyc_phenotypes:1b540ff92dde8b39	ETH	ETHIONAMIDE	CHEBI:4885	AEOCXXJPGCBFJA-UHFFFAOYSA-N	1.0		mg/L	27	27	4									UKMYC6	false	MEDIUM	21	VZ	VZ ONLY	1.0	0.0	S
3.4.0	UKMYC_PHENOTYPES	ukmyc_phenotypes:816cf3c00b4c5b1e	ETH	ETHIONAMIDE	CHEBI:4885	AEOCXXJPGCBFJA-UHFFFAOYSA-N	2.0		mg/L	26	26	5									UKMYC6	false	MEDIUM	21	VZ	VZ ONLY	2.0	1.0	S
3.4.0	UKMYC_PHENOTYPES	ukmyc_phenotypes:34649ccd45167c67	ETH	ETHIONAMIDE	CHEBI:4885	AEOCXXJPGCBFJA-UHFFFAOYSA-N	4.0		mg/L	33	33	3									UKMYC6	false	MEDIUM	21	VZ	VZ ONLY	4.0	2.0	S
3.4.0	UKMYC_PHENOTYPES	ukmyc_phenotypes:ba0c877579a9f034	ETH	ETHIONAMIDE	CHEBI:4885	AEOCXXJPGCBFJA-UHFFFAOYSA-N	8.0		mg/L	24	24	2									UKMYC6	false	MEDIUM	21	VZ	VZ ONLY	8.0	3.0	R
3.4.0	UKMYC_PHENOTYPES	ukmyc_phenotypes:5ce8089fe3e989c8	ETH	ETHIONAMIDE	CHEBI:4885	AEOCXXJPGCBFJA-UHFFFAOYSA-N	0.25	<=	mg/L	2	2	2									UKMYC6	false	MEDIUM	21	VZ	VZ ONLY	<=0.25	-2.0	S
3.4.0	UKMYC_PHENOTYPES	ukmyc_phenotypes:34ca65824dcf042a	ETH	ETHIONAMIDE	CHEBI:4885	AEOCXXJPGCBFJA-UHFFFAOYSA-N	8	>	mg/L	39	39	2									UKMYC6	false	MEDIUM	21	VZ	VZ ONLY	>8	4.0	R
3.4.0	UKMYC_PHENOTYPES	ukmyc_phenotypes:687be99d48bd91f3	INH	ISONIAZID	CHEBI:6030	QRXWMOHMRWLFEY-UHFFFAOYSA-N	0.05		mg/L	116	116	6									UKMYC5	false	HIGH	14	VZ	BB,TM AGREE	0.05	-4.32	S
3.4.0	UKMYC_PHENOTYPES	ukmyc_phenotypes:0adf998e1d464600	INH	ISONIAZID	CHEBI:6030	QRXWMOHMRWLFEY-UHFFFAOYSA-N	0.1		mg/L	27	27	5									UKMYC5	false	HIGH	14	VZ	BB,TM AGREE	0.1	-3.32	S
3.4.0	UKMYC_PHENOTYPES	ukmyc_phenotypes:ef24a1a9669c2233	INH	ISONIAZID	CHEBI:6030	QRXWMOHMRWLFEY-UHFFFAOYSA-N	0.2		mg/L	10	10	5									UKMYC5	false	HIGH	14	VZ	BB,TM AGREE	0.2	-2.32	R
3.4.0	UKMYC_PHENOTYPES	ukmyc_phenotypes:c520e3db93ed2cf1	INH	ISONIAZID	CHEBI:6030	QRXWMOHMRWLFEY-UHFFFAOYSA-N	0.4		mg/L	5	5	3									UKMYC5	false	HIGH	14	VZ	BB,TM AGREE	0.4	-1.32	R
3.4.0	UKMYC_PHENOTYPES	ukmyc_phenotypes:ef1efb2ea00a54c1	INH	ISONIAZID	CHEBI:6030	QRXWMOHMRWLFEY-UHFFFAOYSA-N	0.8		mg/L	11	11	5									UKMYC5	false	HIGH	14	VZ	BB,TM AGREE	0.8	-0.32	R
3.4.0	UKMYC_PHENOTYPES	ukmyc_phenotypes:72b96a438a765f7a	INH	ISONIAZID	CHEBI:6030	QRXWMOHMRWLFEY-UHFFFAOYSA-N	1.6		mg/L	44	44	6									UKMYC5	false	HIGH	14	VZ	BB,TM AGREE	1.6	0.68	R
3.4.0	UKMYC_PHENOTYPES	ukmyc_phenotypes:4b72ba4cbd317e42	INH	ISONIAZID	CHEBI:6030	QRXWMOHMRWLFEY-UHFFFAOYSA-N	0.025	<=	mg/L	88	88	7									UKMYC5	false	HIGH	14	VZ	BB,TM AGREE	<=0.025	-5.32	S
3.4.0	UKMYC_PHENOTYPES	ukmyc_phenotypes:dfdae760802369ff	INH	ISONIAZID	CHEBI:6030	QRXWMOHMRWLFEY-UHFFFAOYSA-N	1.6	>	mg/L	151	151	7									UKMYC5	false	HIGH	14	VZ	BB,TM AGREE	>1.6	1.68	R
3.4.0	UKMYC_PHENOTYPES	ukmyc_phenotypes:3332ff4a028bbfe1	INH	ISONIAZID	CHEBI:6030	QRXWMOHMRWLFEY-UHFFFAOYSA-N				6	6	5									UKMYC5	false	HIGH	14	VZ	BB,TM AGREE
3.4.0	UKMYC_PHENOTYPES	ukmyc_phenotypes:cc93106fdc110540	INH	ISONIAZID	CHEBI:6030	QRXWMOHMRWLFEY-UHFFFAOYSA-N	0.05		mg/L	60	60	8									UKMYC5	false	HIGH	14	VZ	VZ,BB AGREE	0.05	-4.32	S
3.4.0	UKMYC_PHENOTYPES	ukmyc_phenotypes:3c88ddf4dfa323b1	INH	ISONIAZID	CHEBI:6030	QRXWMOHMRWLFEY-UHFFFAOYSA-N	0.1		mg/L	5	5	4									UKMYC5	false	HIGH	14	VZ	VZ,BB AGREE	0.1	-3.32	S
3.4.0	UKMYC_PHENOTYPES	ukmyc_phenotypes:010a51d94838ad3b	INH	ISONIAZID	CHEBI:6030	QRXWMOHMRWLFEY-UHFFFAOYSA-N	0.2		mg/L	3	3	2									UKMYC5	false	HIGH	14	VZ	VZ,BB AGREE	0.2	-2.32	R
3.4.0	UKMYC_PHENOTYPES	ukmyc_phenotypes:f48ee06300933e0e	INH	ISONIAZID	CHEBI:6030	QRXWMOHMRWLFEY-UHFFFAOYSA-N	0.4		mg/L	5	5	3									UKMYC5	false	HIGH	14	VZ	VZ,BB AGREE	0.4	-1.32	R
3.4.0	UKMYC_PHENOTYPES	ukmyc_phenotypes:e6020a6a9be34df9	INH	ISONIAZID	CHEBI:6030	QRXWMOHMRWLFEY-UHFFFAOYSA-N	0.8		mg/L	10	10	4									UKMYC5	false	HIGH	14	VZ	VZ,BB AGREE	0.8	-0.32	R
3.4.0	UKMYC_PHENOTYPES	ukmyc_phenotypes:495600f130b9d19e	INH	ISONIAZID	CHEBI:6030	QRXWMOHMRWLFEY-UHFFFAOYSA-N	1.6		mg/L	32	32	7									UKMYC5	false	HIGH	14	VZ	VZ,BB AGREE	1.6	0.68	R
3.4.0	UKMYC_PHENOTYPES	ukmyc_phenotypes:ba96993307139f51	INH	ISONIAZID	CHEBI:6030	QRXWMOHMRWLFEY-UHFFFAOYSA-N	0.025	<=	mg/L	119	119	6									UKMYC5	false	HIGH	14	VZ	VZ,BB AGREE	<=0.025	-5.32	S
3.4.0	UKMYC_PHENOTYPES	ukmyc_phenotypes:dff16c2a2bf7bf83	INH	ISONIAZID	CHEBI:6030	QRXWMOHMRWLFEY-UHFFFAOYSA-N	1.6	>	mg/L	56	56	6									UKMYC5	false	HIGH	14	VZ	VZ,BB AGREE	>1.6	1.68	R
3.4.0	UKMYC_PHENOTYPES	ukmyc_phenotypes:34de5de02c519e74	INH	ISONIAZID	CHEBI:6030	QRXWMOHMRWLFEY-UHFFFAOYSA-N				4	4	2									UKMYC5	false	HIGH	14	VZ	VZ,BB AGREE
3.4.0	UKMYC_PHENOTYPES	ukmyc_phenotypes:221b739be40a5a6d	INH	ISONIAZID	CHEBI:6030	QRXWMOHMRWLFEY-UHFFFAOYSA-N	0.05		mg/L	1400	1400	8									UKMYC5	false	HIGH	14	VZ	VZ,TM AGREE	0.05	-4.32	S
3.4.0	UKMYC_PHENOTYPES	ukmyc_phenotypes:4aec3b3b636b075b	INH	ISONIAZID	CHEBI:6030	QRXWMOHMRWLFEY-UHFFFAOYSA-N	0.1		mg/L	90	90	7									UKMYC5	false	HIGH	14	VZ	VZ,TM AGREE	0.1	-3.32	S
3.4.0	UKMYC_PHENOTYPES	ukmyc_phenotypes:6c346f0300444e48	INH	ISONIAZID	CHEBI:6030	QRXWMOHMRWLFEY-UHFFFAOYSA-N	0.2		mg/L	128	128	8									UKMYC5	false	HIGH	14	VZ	VZ,TM AGREE	0.2	-2.32	R
3.4.0	UKMYC_PHENOTYPES	ukmyc_phenotypes:4aa0f4566bb74206	INH	ISONIAZID	CHEBI:6030	QRXWMOHMRWLFEY-UHFFFAOYSA-N	0.4		mg/L	93	93	7									UKMYC5	false	HIGH	14	VZ	VZ,TM AGREE	0.4	-1.32	R
3.4.0	UKMYC_PHENOTYPES	ukmyc_phenotypes:7c814bc27cb5c419	INH	ISONIAZID	CHEBI:6030	QRXWMOHMRWLFEY-UHFFFAOYSA-N	0.8		mg/L	120	120	7									UKMYC5	false	HIGH	14	VZ	VZ,TM AGREE	0.8	-0.32	R
3.4.0	UKMYC_PHENOTYPES	ukmyc_phenotypes:8ad3722686f2e2e0	INH	ISONIAZID	CHEBI:6030	QRXWMOHMRWLFEY-UHFFFAOYSA-N	1.6		mg/L	568	568	8									UKMYC5	false	HIGH	14	VZ	VZ,TM AGREE	1.6	0.68	R
3.4.0	UKMYC_PHENOTYPES	ukmyc_phenotypes:5b6a35a363ec2b46	INH	ISONIAZID	CHEBI:6030	QRXWMOHMRWLFEY-UHFFFAOYSA-N	0.025	<=	mg/L	905	905	7									UKMYC5	false	HIGH	14	VZ	VZ,TM AGREE	<=0.025	-5.32	S
3.4.0	UKMYC_PHENOTYPES	ukmyc_phenotypes:79a0c0b8e6d20d25	INH	ISONIAZID	CHEBI:6030	QRXWMOHMRWLFEY-UHFFFAOYSA-N	1.6	>	mg/L	1334	1334	8									UKMYC5	false	HIGH	14	VZ	VZ,TM AGREE	>1.6	1.68	R
3.4.0	UKMYC_PHENOTYPES	ukmyc_phenotypes:de36aff1d15e1a4f	INH	ISONIAZID	CHEBI:6030	QRXWMOHMRWLFEY-UHFFFAOYSA-N				2	2	2									UKMYC5	false	HIGH	14	VZ	VZ,TM AGREE
3.4.0	UKMYC_PHENOTYPES	ukmyc_phenotypes:99a0c31cf71135b5	INH	ISONIAZID	CHEBI:6030	QRXWMOHMRWLFEY-UHFFFAOYSA-N	0.05		mg/L	1	1	1									UKMYC5	false	HIGH	21	VZ	BB,TM AGREE	0.05	-4.32	S
3.4.0	UKMYC_PHENOTYPES	ukmyc_phenotypes:f86e28ea9a947fca	INH	ISONIAZID	CHEBI:6030	QRXWMOHMRWLFEY-UHFFFAOYSA-N	0.2		mg/L	1	1	1									UKMYC5	false	HIGH	21	VZ	BB,TM AGREE	0.2	-2.32	R
3.4.0	UKMYC_PHENOTYPES	ukmyc_phenotypes:069e026b3c1eed98	INH	ISONIAZID	CHEBI:6030	QRXWMOHMRWLFEY-UHFFFAOYSA-N	0.8		mg/L	1	1	1									UKMYC5	false	HIGH	21	VZ	BB,TM AGREE	0.8	-0.32	R
3.4.0	UKMYC_PHENOTYPES	ukmyc_phenotypes:fa37609f22a14407	INH	ISONIAZID	CHEBI:6030	QRXWMOHMRWLFEY-UHFFFAOYSA-N	1.6		mg/L	6	6	5									UKMYC5	false	HIGH	21	VZ	BB,TM AGREE	1.6	0.68	R
3.4.0	UKMYC_PHENOTYPES	ukmyc_phenotypes:80937b466064b2a5	INH	ISONIAZID	CHEBI:6030	QRXWMOHMRWLFEY-UHFFFAOYSA-N	0.025	<=	mg/L	1	1	1									UKMYC5	false	HIGH	21	VZ	BB,TM AGREE	<=0.025	-5.32	S
3.4.0	UKMYC_PHENOTYPES	ukmyc_phenotypes:bd9ace2fb1a30d20	INH	ISONIAZID	CHEBI:6030	QRXWMOHMRWLFEY-UHFFFAOYSA-N	1.6	>	mg/L	6	6	4									UKMYC5	false	HIGH	21	VZ	BB,TM AGREE	>1.6	1.68	R
3.4.0	UKMYC_PHENOTYPES	ukmyc_phenotypes:dd51c2da1b25dd88	INH	ISONIAZID	CHEBI:6030	QRXWMOHMRWLFEY-UHFFFAOYSA-N	0.05		mg/L	3	3	2									UKMYC5	false	HIGH	21	VZ	VZ,BB AGREE	0.05	-4.32	S
3.4.0	UKMYC_PHENOTYPES	ukmyc_phenotypes:3c3e3a5d59a76036	INH	ISONIAZID	CHEBI:6030	QRXWMOHMRWLFEY-UHFFFAOYSA-N	0.8		mg/L	1	1	1									UKMYC5	false	HIGH	21	VZ	VZ,BB AGREE	0.8	-0.32	R
3.4.0	UKMYC_PHENOTYPES	ukmyc_phenotypes:32bfd68d71b9229f	INH	ISONIAZID	CHEBI:6030	QRXWMOHMRWLFEY-UHFFFAOYSA-N	0.025	<=	mg/L	4	4	3									UKMYC5	false	HIGH	21	VZ	VZ,BB AGREE	<=0.025	-5.32	S
3.4.0	UKMYC_PHENOTYPES	ukmyc_phenotypes:801120ab9884fc5a	INH	ISONIAZID	CHEBI:6030	QRXWMOHMRWLFEY-UHFFFAOYSA-N	1.6	>	mg/L	3	3	2									UKMYC5	false	HIGH	21	VZ	VZ,BB AGREE	>1.6	1.68	R
3.4.0	UKMYC_PHENOTYPES	ukmyc_phenotypes:4b5c0bfb2381b747	INH	ISONIAZID	CHEBI:6030	QRXWMOHMRWLFEY-UHFFFAOYSA-N	0.05		mg/L	25	25	7									UKMYC5	false	HIGH	21	VZ	VZ,TM AGREE	0.05	-4.32	S
3.4.0	UKMYC_PHENOTYPES	ukmyc_phenotypes:edc7aec70bd8d2d9	INH	ISONIAZID	CHEBI:6030	QRXWMOHMRWLFEY-UHFFFAOYSA-N	0.1		mg/L	5	5	4									UKMYC5	false	HIGH	21	VZ	VZ,TM AGREE	0.1	-3.32	S
3.4.0	UKMYC_PHENOTYPES	ukmyc_phenotypes:10f2f7ba3a84f9ca	INH	ISONIAZID	CHEBI:6030	QRXWMOHMRWLFEY-UHFFFAOYSA-N	0.2		mg/L	5	5	5									UKMYC5	false	HIGH	21	VZ	VZ,TM AGREE	0.2	-2.32	R
3.4.0	UKMYC_PHENOTYPES	ukmyc_phenotypes:537f925100063dc5	INH	ISONIAZID	CHEBI:6030	QRXWMOHMRWLFEY-UHFFFAOYSA-N	0.8		mg/L	4	4	2									UKMYC5	false	HIGH	21	VZ	VZ,TM AGREE	0.8	-0.32	R
3.4.0	UKMYC_PHENOTYPES	ukmyc_phenotypes:9a2210189dbdc0f3	INH	ISONIAZID	CHEBI:6030	QRXWMOHMRWLFEY-UHFFFAOYSA-N	1.6		mg/L	7	7	3									UKMYC5	false	HIGH	21	VZ	VZ,TM AGREE	1.6	0.68	R
3.4.0	UKMYC_PHENOTYPES	ukmyc_phenotypes:b7cfa5ab30b9c333	INH	ISONIAZID	CHEBI:6030	QRXWMOHMRWLFEY-UHFFFAOYSA-N	0.025	<=	mg/L	21	21	4									UKMYC5	false	HIGH	21	VZ	VZ,TM AGREE	<=0.025	-5.32	S
3.4.0	UKMYC_PHENOTYPES	ukmyc_phenotypes:0372501a717d7e39	INH	ISONIAZID	CHEBI:6030	QRXWMOHMRWLFEY-UHFFFAOYSA-N	1.6	>	mg/L	24	24	7									UKMYC5	false	HIGH	21	VZ	VZ,TM AGREE	>1.6	1.68	R
3.4.0	UKMYC_PHENOTYPES	ukmyc_phenotypes:f86173fdd28d2f5e	INH	ISONIAZID	CHEBI:6030	QRXWMOHMRWLFEY-UHFFFAOYSA-N	0.05		mg/L	54	54	8									UKMYC5	false	LOW	14	VZ	ALL DISAGREE	0.05	-4.32	S
3.4.0	UKMYC_PHENOTYPES	ukmyc_phenotypes:3a1ad35a61a84d21	INH	ISONIAZID	CHEBI:6030	QRXWMOHMRWLFEY-UHFFFAOYSA-N	0.1		mg/L	27	27	7									UKMYC5	false	LOW	14	VZ	ALL DISAGREE	0.1	-3.32	S
3.4.0	UKMYC_PHENOTYPES	ukmyc_phenotypes:9af8c9a21b262867	INH	ISONIAZID	CHEBI:6030	QRXWMOHMRWLFEY-UHFFFAOYSA-N	0.2		mg/L	24	24	7									UKMYC5	false	LOW	14	VZ	ALL DISAGREE	0.2	-2.32	R
3.4.0	UKMYC_PHENOTYPES	ukmyc_phenotypes:206b633e3506ed3e	INH	ISONIAZID	CHEBI:6030	QRXWMOHMRWLFEY-UHFFFAOYSA-N	0.4		mg/L	23	23	6									UKMYC5	false	LOW	14	VZ	ALL DISAGREE	0.4	-1.32	R
3.4.0	UKMYC_PHENOTYPES	ukmyc_phenotypes:4fa1667a6a5cf3d1	INH	ISONIAZID	CHEBI:6030	QRXWMOHMRWLFEY-UHFFFAOYSA-N	0.8		mg/L	27	27	6									UKMYC5	false	LOW	14	VZ	ALL DISAGREE	0.8	-0.32	R
3.4.0	UKMYC_PHENOTYPES	ukmyc_phenotypes:9857b0cf492903e3	INH	ISONIAZID	CHEBI:6030	QRXWMOHMRWLFEY-UHFFFAOYSA-N	1.6		mg/L	19	19	6									UKMYC5	false	LOW	14	VZ	ALL DISAGREE	1.6	0.68	R
3.4.0	UKMYC_PHENOTYPES	ukmyc_phenotypes:c36d386e3e5143c3	INH	ISONIAZID	CHEBI:6030	QRXWMOHMRWLFEY-UHFFFAOYSA-N	0.025	<=	mg/L	138	138	7									UKMYC5	false	LOW	14	VZ	ALL DISAGREE	<=0.025	-5.32	S
3.4.0	UKMYC_PHENOTYPES	ukmyc_phenotypes:b58a57c577d2e42a	INH	ISONIAZID	CHEBI:6030	QRXWMOHMRWLFEY-UHFFFAOYSA-N	1.6	>	mg/L	16	16	2									UKMYC5	false	LOW	14	VZ	ALL DISAGREE	>1.6	1.68	R
3.4.0	UKMYC_PHENOTYPES	ukmyc_phenotypes:c7f36e3cb5cc1071	INH	ISONIAZID	CHEBI:6030	QRXWMOHMRWLFEY-UHFFFAOYSA-N				5	5	3									UKMYC5	false	LOW	14	VZ	ALL DISAGREE
3.4.0	UKMYC_PHENOTYPES	ukmyc_phenotypes:2ba0ae8806ce71ad	INH	ISONIAZID	CHEBI:6030	QRXWMOHMRWLFEY-UHFFFAOYSA-N	0.05		mg/L	3	3	2									UKMYC5	false	LOW	21	VZ	ALL DISAGREE	0.05	-4.32	S
3.4.0	UKMYC_PHENOTYPES	ukmyc_phenotypes:ca252e7d95b078b9	INH	ISONIAZID	CHEBI:6030	QRXWMOHMRWLFEY-UHFFFAOYSA-N	0.1		mg/L	1	1	1									UKMYC5	false	LOW	21	VZ	ALL DISAGREE	0.1	-3.32	S
3.4.0	UKMYC_PHENOTYPES	ukmyc_phenotypes:7fcea66c71177b0a	INH	ISONIAZID	CHEBI:6030	QRXWMOHMRWLFEY-UHFFFAOYSA-N	0.2		mg/L	1	1	1									UKMYC5	false	LOW	21	VZ	ALL DISAGREE	0.2	-2.32	R
3.4.0	UKMYC_PHENOTYPES	ukmyc_phenotypes:992d3319be371862	INH	ISONIAZID	CHEBI:6030	QRXWMOHMRWLFEY-UHFFFAOYSA-N	1.6		mg/L	3	3	2									UKMYC5	false	LOW	21	VZ	ALL DISAGREE	1.6	0.68	R
3.4.0	UKMYC_PHENOTYPES	ukmyc_phenotypes:5dcc330b1dd14ec3	INH	ISONIAZID	CHEBI:6030	QRXWMOHMRWLFEY-UHFFFAOYSA-N	0.025	<=	mg/L	4	4	2									UKMYC5	false	LOW	21	VZ	ALL DISAGREE	<=0.025	-5.32	S
3.4.0	UKMYC_PHENOTYPES	ukmyc_phenotypes:1a480e51922efdc2	INH	ISONIAZID	CHEBI:6030	QRXWMOHMRWLFEY-UHFFFAOYSA-N	1.6	>	mg/L	1	1	1									UKMYC5	false	LOW	21	VZ	ALL DISAGREE	>1.6	1.68	R
3.4.0	UKMYC_PHENOTYPES	ukmyc_phenotypes:50c72ca8c624c0f3	INH	ISONIAZID	CHEBI:6030	QRXWMOHMRWLFEY-UHFFFAOYSA-N				1	1	1									UKMYC5	false	LOW	21	VZ	ALL DISAGREE
3.4.0	UKMYC_PHENOTYPES	ukmyc_phenotypes:59d4845e95d2fad2	INH	ISONIAZID	CHEBI:6030	QRXWMOHMRWLFEY-UHFFFAOYSA-N				80	80	1									UKMYC5	false	MEDIUM	10	VZ	VZ ONLY
3.4.0	UKMYC_PHENOTYPES	ukmyc_phenotypes:4420213c06278b4f	INH	ISONIAZID	CHEBI:6030	QRXWMOHMRWLFEY-UHFFFAOYSA-N	0.8		mg/L	1	1	1									UKMYC5	false	MEDIUM	14	VZ	BB RUNNING	0.8	-0.32	R
3.4.0	UKMYC_PHENOTYPES	ukmyc_phenotypes:80ac7c0216e53e3a	INH	ISONIAZID	CHEBI:6030	QRXWMOHMRWLFEY-UHFFFAOYSA-N	1.6		mg/L	1	1	1									UKMYC5	false	MEDIUM	14	VZ	BB RUNNING	1.6	0.68	R
3.4.0	UKMYC_PHENOTYPES	ukmyc_phenotypes:95d4d83cf20540bb	INH	ISONIAZID	CHEBI:6030	QRXWMOHMRWLFEY-UHFFFAOYSA-N				1	1	1									UKMYC5	false	MEDIUM	14	VZ	BB RUNNING
3.4.0	UKMYC_PHENOTYPES	ukmyc_phenotypes:fa58163564cdd624	INH	ISONIAZID	CHEBI:6030	QRXWMOHMRWLFEY-UHFFFAOYSA-N	0.05		mg/L	300	300	5									UKMYC5	false	MEDIUM	14	VZ	VZ ONLY	0.05	-4.32	S
3.4.0	UKMYC_PHENOTYPES	ukmyc_phenotypes:cf38ced1d75755f2	INH	ISONIAZID	CHEBI:6030	QRXWMOHMRWLFEY-UHFFFAOYSA-N	0.1		mg/L	28	28	4									UKMYC5	false	MEDIUM	14	VZ	VZ ONLY	0.1	-3.32	S
3.4.0	UKMYC_PHENOTYPES	ukmyc_phenotypes:6a006b2b7cb0da5d	INH	ISONIAZID	CHEBI:6030	QRXWMOHMRWLFEY-UHFFFAOYSA-N	0.2		mg/L	18	18	3									UKMYC5	false	MEDIUM	14	VZ	VZ ONLY	0.2	-2.32	R
3.4.0	UKMYC_PHENOTYPES	ukmyc_phenotypes:eaaed7471f80f245	INH	ISONIAZID	CHEBI:6030	QRXWMOHMRWLFEY-UHFFFAOYSA-N	0.4		mg/L	10	10	3									UKMYC5	false	MEDIUM	14	VZ	VZ ONLY	0.4	-1.32	R
3.4.0	UKMYC_PHENOTYPES	ukmyc_phenotypes:a4d888085db48d90	INH	ISONIAZID	CHEBI:6030	QRXWMOHMRWLFEY-UHFFFAOYSA-N	0.8		mg/L	30	30	4									UKMYC5	false	MEDIUM	14	VZ	VZ ONLY	0.8	-0.32	R
3.4.0	UKMYC_PHENOTYPES	ukmyc_phenotypes:a7c854d661946eea	INH	ISONIAZID	CHEBI:6030	QRXWMOHMRWLFEY-UHFFFAOYSA-N	1.6		mg/L	153	153	5									UKMYC5	false	MEDIUM	14	VZ	VZ ONLY	1.6	0.68	R
3.4.0	UKMYC_PHENOTYPES	ukmyc_phenotypes:6dd2961b72e8ca64	INH	ISONIAZID	CHEBI:6030	QRXWMOHMRWLFEY-UHFFFAOYSA-N	0.025	<=	mg/L	219	219	6									UKMYC5	false	MEDIUM	14	VZ	VZ ONLY	<=0.025	-5.32	S
3.4.0	UKMYC_PHENOTYPES	ukmyc_phenotypes:30e03e6f5dc90610	INH	ISONIAZID	CHEBI:6030	QRXWMOHMRWLFEY-UHFFFAOYSA-N	1.6	>	mg/L	301	301	5									UKMYC5	false	MEDIUM	14	VZ	VZ ONLY	>1.6	1.68	R
3.4.0	UKMYC_PHENOTYPES	ukmyc_phenotypes:a172fdecaa56ce4f	INH	ISONIAZID	CHEBI:6030	QRXWMOHMRWLFEY-UHFFFAOYSA-N				24	24	4									UKMYC5	false	MEDIUM	14	VZ	VZ ONLY
3.4.0	UKMYC_PHENOTYPES	ukmyc_phenotypes:c7251e0e2f8b83b5	INH	ISONIAZID	CHEBI:6030	QRXWMOHMRWLFEY-UHFFFAOYSA-N	0.05		mg/L	5	5	2									UKMYC5	false	MEDIUM	21	VZ	VZ ONLY	0.05	-4.32	S
3.4.0	UKMYC_PHENOTYPES	ukmyc_phenotypes:190b2e0337bc90df	INH	ISONIAZID	CHEBI:6030	QRXWMOHMRWLFEY-UHFFFAOYSA-N	0.8		mg/L	1	1	1									UKMYC5	false	MEDIUM	21	VZ	VZ ONLY	0.8	-0.32	R
3.4.0	UKMYC_PHENOTYPES	ukmyc_phenotypes:659e800b57bca2ec	INH	ISONIAZID	CHEBI:6030	QRXWMOHMRWLFEY-UHFFFAOYSA-N	1.6		mg/L	1	1	1									UKMYC5	false	MEDIUM	21	VZ	VZ ONLY	1.6	0.68	R
3.4.0	UKMYC_PHENOTYPES	ukmyc_phenotypes:9f04572146153812	INH	ISONIAZID	CHEBI:6030	QRXWMOHMRWLFEY-UHFFFAOYSA-N	0.025	<=	mg/L	3	3	2									UKMYC5	false	MEDIUM	21	VZ	VZ ONLY	<=0.025	-5.32	S
3.4.0	UKMYC_PHENOTYPES	ukmyc_phenotypes:fba9ba5e570ed760	INH	ISONIAZID	CHEBI:6030	QRXWMOHMRWLFEY-UHFFFAOYSA-N	1.6	>	mg/L	3	3	2									UKMYC5	false	MEDIUM	21	VZ	VZ ONLY	>1.6	1.68	R
3.4.0	UKMYC_PHENOTYPES	ukmyc_phenotypes:b92c4b3635cb7eb9	INH	ISONIAZID	CHEBI:6030	QRXWMOHMRWLFEY-UHFFFAOYSA-N				2	2	1									UKMYC5	false	MEDIUM	21	VZ	VZ ONLY
3.4.0	UKMYC_PHENOTYPES	ukmyc_phenotypes:b0cf59d986a07837	INH	ISONIAZID	CHEBI:6030	QRXWMOHMRWLFEY-UHFFFAOYSA-N	0.05		mg/L	141	141	9									UKMYC6	false	HIGH	14	VZ	BB,TM AGREE	0.05	-4.32	S
3.4.0	UKMYC_PHENOTYPES	ukmyc_phenotypes:b6a46439392379e8	INH	ISONIAZID	CHEBI:6030	QRXWMOHMRWLFEY-UHFFFAOYSA-N	0.1		mg/L	48	48	8									UKMYC6	false	HIGH	14	VZ	BB,TM AGREE	0.1	-3.32	S
3.4.0	UKMYC_PHENOTYPES	ukmyc_phenotypes:a398000576872f02	INH	ISONIAZID	CHEBI:6030	QRXWMOHMRWLFEY-UHFFFAOYSA-N	0.2		mg/L	26	26	7									UKMYC6	false	HIGH	14	VZ	BB,TM AGREE	0.2	-2.32	R
3.4.0	UKMYC_PHENOTYPES	ukmyc_phenotypes:6d040af832b67087	INH	ISONIAZID	CHEBI:6030	QRXWMOHMRWLFEY-UHFFFAOYSA-N	0.4		mg/L	19	19	4									UKMYC6	false	HIGH	14	VZ	BB,TM AGREE	0.4	-1.32	R
3.4.0	UKMYC_PHENOTYPES	ukmyc_phenotypes:82339de59da6638f	INH	ISONIAZID	CHEBI:6030	QRXWMOHMRWLFEY-UHFFFAOYSA-N	0.8		mg/L	19	19	7									UKMYC6	false	HIGH	14	VZ	BB,TM AGREE	0.8	-0.32	R
3.4.0	UKMYC_PHENOTYPES	ukmyc_phenotypes:9778e5ddc6fc7b73	INH	ISONIAZID	CHEBI:6030	QRXWMOHMRWLFEY-UHFFFAOYSA-N	1.6		mg/L	63	63	7									UKMYC6	false	HIGH	14	VZ	BB,TM AGREE	1.6	0.68	R
3.4.0	UKMYC_PHENOTYPES	ukmyc_phenotypes:b989105224c84409	INH	ISONIAZID	CHEBI:6030	QRXWMOHMRWLFEY-UHFFFAOYSA-N	12.8		mg/L	22	22	7									UKMYC6	false	HIGH	14	VZ	BB,TM AGREE	12.8	3.68	R
3.4.0	UKMYC_PHENOTYPES	ukmyc_phenotypes:90e09cd926803e37	INH	ISONIAZID	CHEBI:6030	QRXWMOHMRWLFEY-UHFFFAOYSA-N	3.2		mg/L	170	170	8									UKMYC6	false	HIGH	14	VZ	BB,TM AGREE	3.2	1.68	R
3.4.0	UKMYC_PHENOTYPES	ukmyc_phenotypes:0cdc10bc019e1e4f	INH	ISONIAZID	CHEBI:6030	QRXWMOHMRWLFEY-UHFFFAOYSA-N	6.4		mg/L	72	72	9									UKMYC6	false	HIGH	14	VZ	BB,TM AGREE	6.4	2.68	R
3.4.0	UKMYC_PHENOTYPES	ukmyc_phenotypes:12c59bcb6d618412	INH	ISONIAZID	CHEBI:6030	QRXWMOHMRWLFEY-UHFFFAOYSA-N	0.025	<=	mg/L	86	86	7									UKMYC6	false	HIGH	14	VZ	BB,TM AGREE	<=0.025	-5.32	S
3.4.0	UKMYC_PHENOTYPES	ukmyc_phenotypes:e4ac411b6dd1994a	INH	ISONIAZID	CHEBI:6030	QRXWMOHMRWLFEY-UHFFFAOYSA-N	12.8	>	mg/L	230	230	9									UKMYC6	false	HIGH	14	VZ	BB,TM AGREE	>12.8	4.68	R
3.4.0	UKMYC_PHENOTYPES	ukmyc_phenotypes:0eae8322391a62e1	INH	ISONIAZID	CHEBI:6030	QRXWMOHMRWLFEY-UHFFFAOYSA-N				152	152	7									UKMYC6	false	HIGH	14	VZ	BB,TM AGREE
3.4.0	UKMYC_PHENOTYPES	ukmyc_phenotypes:09e641ba04e58e64	INH	ISONIAZID	CHEBI:6030	QRXWMOHMRWLFEY-UHFFFAOYSA-N	0.05		mg/L	146	146	7									UKMYC6	false	HIGH	14	VZ	VZ,BB AGREE	0.05	-4.32	S
3.4.0	UKMYC_PHENOTYPES	ukmyc_phenotypes:a45a1b24897b02bc	INH	ISONIAZID	CHEBI:6030	QRXWMOHMRWLFEY-UHFFFAOYSA-N	0.1		mg/L	21	21	4									UKMYC6	false	HIGH	14	VZ	VZ,BB AGREE	0.1	-3.32	S
3.4.0	UKMYC_PHENOTYPES	ukmyc_phenotypes:39faf072fe18e197	INH	ISONIAZID	CHEBI:6030	QRXWMOHMRWLFEY-UHFFFAOYSA-N	0.2		mg/L	20	20	7									UKMYC6	false	HIGH	14	VZ	VZ,BB AGREE	0.2	-2.32	R
3.4.0	UKMYC_PHENOTYPES	ukmyc_phenotypes:37d01401bbb3697f	INH	ISONIAZID	CHEBI:6030	QRXWMOHMRWLFEY-UHFFFAOYSA-N	0.4		mg/L	19	19	8									UKMYC6	false	HIGH	14	VZ	VZ,BB AGREE	0.4	-1.32	R
3.4.0	UKMYC_PHENOTYPES	ukmyc_phenotypes:24f53ecc780e2c86	INH	ISONIAZID	CHEBI:6030	QRXWMOHMRWLFEY-UHFFFAOYSA-N	0.8		mg/L	24	24	7									UKMYC6	false	HIGH	14	VZ	VZ,BB AGREE	0.8	-0.32	R
3.4.0	UKMYC_PHENOTYPES	ukmyc_phenotypes:d48d871d060d7d2f	INH	ISONIAZID	CHEBI:6030	QRXWMOHMRWLFEY-UHFFFAOYSA-N	1.6		mg/L	59	59	7									UKMYC6	false	HIGH	14	VZ	VZ,BB AGREE	1.6	0.68	R
3.4.0	UKMYC_PHENOTYPES	ukmyc_phenotypes:165311a89d61ffab	INH	ISONIAZID	CHEBI:6030	QRXWMOHMRWLFEY-UHFFFAOYSA-N	12.8		mg/L	10	10	3									UKMYC6	false	HIGH	14	VZ	VZ,BB AGREE	12.8	3.68	R
3.4.0	UKMYC_PHENOTYPES	ukmyc_phenotypes:6aeb5848fd0c7f91	INH	ISONIAZID	CHEBI:6030	QRXWMOHMRWLFEY-UHFFFAOYSA-N	3.2		mg/L	72	72	8									UKMYC6	false	HIGH	14	VZ	VZ,BB AGREE	3.2	1.68	R
3.4.0	UKMYC_PHENOTYPES	ukmyc_phenotypes:d08195baccecd74a	INH	ISONIAZID	CHEBI:6030	QRXWMOHMRWLFEY-UHFFFAOYSA-N	6.4		mg/L	15	15	3									UKMYC6	false	HIGH	14	VZ	VZ,BB AGREE	6.4	2.68	R
3.4.0	UKMYC_PHENOTYPES	ukmyc_phenotypes:d70ec4627f4365ce	INH	ISONIAZID	CHEBI:6030	QRXWMOHMRWLFEY-UHFFFAOYSA-N	0.025	<=	mg/L	132	132	8									UKMYC6	false	HIGH	14	VZ	VZ,BB AGREE	<=0.025	-5.32	S
3.4.0	UKMYC_PHENOTYPES	ukmyc_phenotypes:6ff2755a127797a4	INH	ISONIAZID	CHEBI:6030	QRXWMOHMRWLFEY-UHFFFAOYSA-N	12.8	>	mg/L	17	17	4									UKMYC6	false	HIGH	14	VZ	VZ,BB AGREE	>12.8	4.68	R
3.4.0	UKMYC_PHENOTYPES	ukmyc_phenotypes:1e34e466fa58f7dc	INH	ISONIAZID	CHEBI:6030	QRXWMOHMRWLFEY-UHFFFAOYSA-N				11	11	3									UKMYC6	false	HIGH	14	VZ	VZ,BB AGREE
3.4.0	UKMYC_PHENOTYPES	ukmyc_phenotypes:4d49e0dbd061ed7a	INH	ISONIAZID	CHEBI:6030	QRXWMOHMRWLFEY-UHFFFAOYSA-N	0.05		mg/L	3507	3507	11									UKMYC6	false	HIGH	14	VZ	VZ,TM AGREE	0.05	-4.32	S
3.4.0	UKMYC_PHENOTYPES	ukmyc_phenotypes:79a7042dc916aea3	INH	ISONIAZID	CHEBI:6030	QRXWMOHMRWLFEY-UHFFFAOYSA-N	0.1		mg/L	159	159	9									UKMYC6	false	HIGH	14	VZ	VZ,TM AGREE	0.1	-3.32	S
3.4.0	UKMYC_PHENOTYPES	ukmyc_phenotypes:99d6809d9a8a2213	INH	ISONIAZID	CHEBI:6030	QRXWMOHMRWLFEY-UHFFFAOYSA-N	0.2		mg/L	327	327	9									UKMYC6	false	HIGH	14	VZ	VZ,TM AGREE	0.2	-2.32	R
3.4.0	UKMYC_PHENOTYPES	ukmyc_phenotypes:1ce06c9883f51466	INH	ISONIAZID	CHEBI:6030	QRXWMOHMRWLFEY-UHFFFAOYSA-N	0.4		mg/L	239	239	9									UKMYC6	false	HIGH	14	VZ	VZ,TM AGREE	0.4	-1.32	R
3.4.0	UKMYC_PHENOTYPES	ukmyc_phenotypes:69ba5315f7f6b66c	INH	ISONIAZID	CHEBI:6030	QRXWMOHMRWLFEY-UHFFFAOYSA-N	0.8		mg/L	172	172	8									UKMYC6	false	HIGH	14	VZ	VZ,TM AGREE	0.8	-0.32	R
3.4.0	UKMYC_PHENOTYPES	ukmyc_phenotypes:c87d567fa3190dd7	INH	ISONIAZID	CHEBI:6030	QRXWMOHMRWLFEY-UHFFFAOYSA-N	1.6		mg/L	1083	1083	9									UKMYC6	false	HIGH	14	VZ	VZ,TM AGREE	1.6	0.68	R
3.4.0	UKMYC_PHENOTYPES	ukmyc_phenotypes:493d92f92efb3403	INH	ISONIAZID	CHEBI:6030	QRXWMOHMRWLFEY-UHFFFAOYSA-N	12.8		mg/L	182	182	10									UKMYC6	false	HIGH	14	VZ	VZ,TM AGREE	12.8	3.68	R
3.4.0	UKMYC_PHENOTYPES	ukmyc_phenotypes:5b520ae8ecd76009	INH	ISONIAZID	CHEBI:6030	QRXWMOHMRWLFEY-UHFFFAOYSA-N	3.2		mg/L	1505	1505	9									UKMYC6	false	HIGH	14	VZ	VZ,TM AGREE	3.2	1.68	R
3.4.0	UKMYC_PHENOTYPES	ukmyc_phenotypes:82e1be35dc23e329	INH	ISONIAZID	CHEBI:6030	QRXWMOHMRWLFEY-UHFFFAOYSA-N	6.4		mg/L	349	349	10									UKMYC6	false	HIGH	14	VZ	VZ,TM AGREE	6.4	2.68	R
3.4.0	UKMYC_PHENOTYPES	ukmyc_phenotypes:1d2f1f6b4d2271b2	INH	ISONIAZID	CHEBI:6030	QRXWMOHMRWLFEY-UHFFFAOYSA-N	0.025	<=	mg/L	2359	2359	10									UKMYC6	false	HIGH	14	VZ	VZ,TM AGREE	<=0.025	-5.32	S
3.4.0	UKMYC_PHENOTYPES	ukmyc_phenotypes:e9446a91c94b38d7	INH	ISONIAZID	CHEBI:6030	QRXWMOHMRWLFEY-UHFFFAOYSA-N	12.8	>	mg/L	254	254	7									UKMYC6	false	HIGH	14	VZ	VZ,TM AGREE	>12.8	4.68	R
3.4.0	UKMYC_PHENOTYPES	ukmyc_phenotypes:a3fb539427cbbdfc	INH	ISONIAZID	CHEBI:6030	QRXWMOHMRWLFEY-UHFFFAOYSA-N				12	12	5									UKMYC6	false	HIGH	14	VZ	VZ,TM AGREE
3.4.0	UKMYC_PHENOTYPES	ukmyc_phenotypes:5aa8b1a364b35ab3	INH	ISONIAZID	CHEBI:6030	QRXWMOHMRWLFEY-UHFFFAOYSA-N	0.05		mg/L	3	3	1									UKMYC6	false	HIGH	21	VZ	BB,TM AGREE	0.05	-4.32	S
3.4.0	UKMYC_PHENOTYPES	ukmyc_phenotypes:140e1a0b3494048d	INH	ISONIAZID	CHEBI:6030	QRXWMOHMRWLFEY-UHFFFAOYSA-N	0.2		mg/L	1	1	1									UKMYC6	false	HIGH	21	VZ	BB,TM AGREE	0.2	-2.32	R
3.4.0	UKMYC_PHENOTYPES	ukmyc_phenotypes:e8b42579f9ba9db3	INH	ISONIAZID	CHEBI:6030	QRXWMOHMRWLFEY-UHFFFAOYSA-N	0.4		mg/L	1	1	1									UKMYC6	false	HIGH	21	VZ	BB,TM AGREE	0.4	-1.32	R
3.4.0	UKMYC_PHENOTYPES	ukmyc_phenotypes:0b633e0465b38425	INH	ISONIAZID	CHEBI:6030	QRXWMOHMRWLFEY-UHFFFAOYSA-N	0.8		mg/L	1	1	1									UKMYC6	false	HIGH	21	VZ	BB,TM AGREE	0.8	-0.32	R
3.4.0	UKMYC_PHENOTYPES	ukmyc_phenotypes:0a1b411ed5316d4e	INH	ISONIAZID	CHEBI:6030	QRXWMOHMRWLFEY-UHFFFAOYSA-N	1.6		mg/L	8	8	3									UKMYC6	false	HIGH	21	VZ	BB,TM AGREE	1.6	0.68	R
3.4.0	UKMYC_PHENOTYPES	ukmyc_phenotypes:a17d5ca0b546f36b	INH	ISONIAZID	CHEBI:6030	QRXWMOHMRWLFEY-UHFFFAOYSA-N	12.8		mg/L	2	2	1									UKMYC6	false	HIGH	21	VZ	BB,TM AGREE	12.8	3.68	R
3.4.0	UKMYC_PHENOTYPES	ukmyc_phenotypes:77c9ef047f4aad4d	INH	ISONIAZID	CHEBI:6030	QRXWMOHMRWLFEY-UHFFFAOYSA-N	3.2		mg/L	12	12	5									UKMYC6	false	HIGH	21	VZ	BB,TM AGREE	3.2	1.68	R
3.4.0	UKMYC_PHENOTYPES	ukmyc_phenotypes:9d33ae972c9ff2a3	INH	ISONIAZID	CHEBI:6030	QRXWMOHMRWLFEY-UHFFFAOYSA-N	6.4		mg/L	2	2	1									UKMYC6	false	HIGH	21	VZ	BB,TM AGREE	6.4	2.68	R
3.4.0	UKMYC_PHENOTYPES	ukmyc_phenotypes:bf9d8f5166e8fac7	INH	ISONIAZID	CHEBI:6030	QRXWMOHMRWLFEY-UHFFFAOYSA-N	0.025	<=	mg/L	6	6	4									UKMYC6	false	HIGH	21	VZ	BB,TM AGREE	<=0.025	-5.32	S
3.4.0	UKMYC_PHENOTYPES	ukmyc_phenotypes:e270cd016cdcc4ad	INH	ISONIAZID	CHEBI:6030	QRXWMOHMRWLFEY-UHFFFAOYSA-N	12.8	>	mg/L	9	9	4									UKMYC6	false	HIGH	21	VZ	BB,TM AGREE	>12.8	4.68	R
3.4.0	UKMYC_PHENOTYPES	ukmyc_phenotypes:c73864290b2f6d37	INH	ISONIAZID	CHEBI:6030	QRXWMOHMRWLFEY-UHFFFAOYSA-N				12	12	5									UKMYC6	false	HIGH	21	VZ	BB,TM AGREE
3.4.0	UKMYC_PHENOTYPES	ukmyc_phenotypes:b1b8d418c0cfc1ab	INH	ISONIAZID	CHEBI:6030	QRXWMOHMRWLFEY-UHFFFAOYSA-N	0.05		mg/L	1	1	1									UKMYC6	false	HIGH	21	VZ	VZ,BB AGREE	0.05	-4.32	S
3.4.0	UKMYC_PHENOTYPES	ukmyc_phenotypes:24d07fa3eae71989	INH	ISONIAZID	CHEBI:6030	QRXWMOHMRWLFEY-UHFFFAOYSA-N	0.8		mg/L	1	1	1									UKMYC6	false	HIGH	21	VZ	VZ,BB AGREE	0.8	-0.32	R
3.4.0	UKMYC_PHENOTYPES	ukmyc_phenotypes:2323d3627277aeff	INH	ISONIAZID	CHEBI:6030	QRXWMOHMRWLFEY-UHFFFAOYSA-N	1.6		mg/L	1	1	1									UKMYC6	false	HIGH	21	VZ	VZ,BB AGREE	1.6	0.68	R
3.4.0	UKMYC_PHENOTYPES	ukmyc_phenotypes:84077271f2b14d66	INH	ISONIAZID	CHEBI:6030	QRXWMOHMRWLFEY-UHFFFAOYSA-N	3.2		mg/L	2	2	2									UKMYC6	false	HIGH	21	VZ	VZ,BB AGREE	3.2	1.68	R
3.4.0	UKMYC_PHENOTYPES	ukmyc_phenotypes:ddf1030c427ce60e	INH	ISONIAZID	CHEBI:6030	QRXWMOHMRWLFEY-UHFFFAOYSA-N	0.025	<=	mg/L	1	1	1									UKMYC6	false	HIGH	21	VZ	VZ,BB AGREE	<=0.025	-5.32	S
3.4.0	UKMYC_PHENOTYPES	ukmyc_phenotypes:064dbbef6ceea796	INH	ISONIAZID	CHEBI:6030	QRXWMOHMRWLFEY-UHFFFAOYSA-N	12.8	>	mg/L	2	2	2									UKMYC6	false	HIGH	21	VZ	VZ,BB AGREE	>12.8	4.68	R
3.4.0	UKMYC_PHENOTYPES	ukmyc_phenotypes:1e3141b0ab17f371	INH	ISONIAZID	CHEBI:6030	QRXWMOHMRWLFEY-UHFFFAOYSA-N				2	2	2									UKMYC6	false	HIGH	21	VZ	VZ,BB AGREE
3.4.0	UKMYC_PHENOTYPES	ukmyc_phenotypes:8e870eae0fefa517	INH	ISONIAZID	CHEBI:6030	QRXWMOHMRWLFEY-UHFFFAOYSA-N	0.05		mg/L	250	250	8									UKMYC6	false	HIGH	21	VZ	VZ,TM AGREE	0.05	-4.32	S
3.4.0	UKMYC_PHENOTYPES	ukmyc_phenotypes:3f92c42d9818c562	INH	ISONIAZID	CHEBI:6030	QRXWMOHMRWLFEY-UHFFFAOYSA-N	0.1		mg/L	43	43	7									UKMYC6	false	HIGH	21	VZ	VZ,TM AGREE	0.1	-3.32	S
3.4.0	UKMYC_PHENOTYPES	ukmyc_phenotypes:b0d101ec26fb4d29	INH	ISONIAZID	CHEBI:6030	QRXWMOHMRWLFEY-UHFFFAOYSA-N	0.2		mg/L	37	37	6									UKMYC6	false	HIGH	21	VZ	VZ,TM AGREE	0.2	-2.32	R
3.4.0	UKMYC_PHENOTYPES	ukmyc_phenotypes:344e0376c04d66cc	INH	ISONIAZID	CHEBI:6030	QRXWMOHMRWLFEY-UHFFFAOYSA-N	0.4		mg/L	16	16	5									UKMYC6	false	HIGH	21	VZ	VZ,TM AGREE	0.4	-1.32	R
3.4.0	UKMYC_PHENOTYPES	ukmyc_phenotypes:c4a33d9bc36a564d	INH	ISONIAZID	CHEBI:6030	QRXWMOHMRWLFEY-UHFFFAOYSA-N	0.8		mg/L	27	27	6									UKMYC6	false	HIGH	21	VZ	VZ,TM AGREE	0.8	-0.32	R
3.4.0	UKMYC_PHENOTYPES	ukmyc_phenotypes:5697ca0798e7fd05	INH	ISONIAZID	CHEBI:6030	QRXWMOHMRWLFEY-UHFFFAOYSA-N	1.6		mg/L	94	94	7									UKMYC6	false	HIGH	21	VZ	VZ,TM AGREE	1.6	0.68	R
3.4.0	UKMYC_PHENOTYPES	ukmyc_phenotypes:f301d63ab2d134ac	INH	ISONIAZID	CHEBI:6030	QRXWMOHMRWLFEY-UHFFFAOYSA-N	12.8		mg/L	10	10	5									UKMYC6	false	HIGH	21	VZ	VZ,TM AGREE	12.8	3.68	R
3.4.0	UKMYC_PHENOTYPES	ukmyc_phenotypes:6102f7b7b9e5ed2a	INH	ISONIAZID	CHEBI:6030	QRXWMOHMRWLFEY-UHFFFAOYSA-N	3.2		mg/L	95	95	7									UKMYC6	false	HIGH	21	VZ	VZ,TM AGREE	3.2	1.68	R
3.4.0	UKMYC_PHENOTYPES	ukmyc_phenotypes:89fb72fc38183411	INH	ISONIAZID	CHEBI:6030	QRXWMOHMRWLFEY-UHFFFAOYSA-N	6.4		mg/L	33	33	5									UKMYC6	false	HIGH	21	VZ	VZ,TM AGREE	6.4	2.68	R
3.4.0	UKMYC_PHENOTYPES	ukmyc_phenotypes:a5b788c3dbb88f07	INH	ISONIAZID	CHEBI:6030	QRXWMOHMRWLFEY-UHFFFAOYSA-N	0.025	<=	mg/L	211	211	8									UKMYC6	false	HIGH	21	VZ	VZ,TM AGREE	<=0.025	-5.32	S
3.4.0	UKMYC_PHENOTYPES	ukmyc_phenotypes:aabdfb203678e849	INH	ISONIAZID	CHEBI:6030	QRXWMOHMRWLFEY-UHFFFAOYSA-N	12.8	>	mg/L	19	19	5									UKMYC6	false	HIGH	21	VZ	VZ,TM AGREE	>12.8	4.68	R
3.4.0	UKMYC_PHENOTYPES	ukmyc_phenotypes:bc03fb50eaff64db	INH	ISONIAZID	CHEBI:6030	QRXWMOHMRWLFEY-UHFFFAOYSA-N				3	3	1									UKMYC6	false	HIGH	21	VZ	VZ,TM AGREE
3.4.0	UKMYC_PHENOTYPES	ukmyc_phenotypes:0b16f51e81446158	INH	ISONIAZID	CHEBI:6030	QRXWMOHMRWLFEY-UHFFFAOYSA-N	0.05		mg/L	152	152	8									UKMYC6	false	LOW	14	VZ	ALL DISAGREE	0.05	-4.32	S
3.4.0	UKMYC_PHENOTYPES	ukmyc_phenotypes:682a44a9d64c588c	INH	ISONIAZID	CHEBI:6030	QRXWMOHMRWLFEY-UHFFFAOYSA-N	0.1		mg/L	51	51	8									UKMYC6	false	LOW	14	VZ	ALL DISAGREE	0.1	-3.32	S
3.4.0	UKMYC_PHENOTYPES	ukmyc_phenotypes:4c795b708c462580	INH	ISONIAZID	CHEBI:6030	QRXWMOHMRWLFEY-UHFFFAOYSA-N	0.2		mg/L	24	24	8									UKMYC6	false	LOW	14	VZ	ALL DISAGREE	0.2	-2.32	R
3.4.0	UKMYC_PHENOTYPES	ukmyc_phenotypes:45a74d5e90060f5d	INH	ISONIAZID	CHEBI:6030	QRXWMOHMRWLFEY-UHFFFAOYSA-N	0.4		mg/L	33	33	8									UKMYC6	false	LOW	14	VZ	ALL DISAGREE	0.4	-1.32	R
3.4.0	UKMYC_PHENOTYPES	ukmyc_phenotypes:f82dca34f2c3457c	INH	ISONIAZID	CHEBI:6030	QRXWMOHMRWLFEY-UHFFFAOYSA-N	0.8		mg/L	30	30	7									UKMYC6	false	LOW	14	VZ	ALL DISAGREE	0.8	-0.32	R
3.4.0	UKMYC_PHENOTYPES	ukmyc_phenotypes:4372758989aedb09	INH	ISONIAZID	CHEBI:6030	QRXWMOHMRWLFEY-UHFFFAOYSA-N	1.6		mg/L	74	74	10									UKMYC6	false	LOW	14	VZ	ALL DISAGREE	1.6	0.68	R
3.4.0	UKMYC_PHENOTYPES	ukmyc_phenotypes:cf844c8a4299cbd7	INH	ISONIAZID	CHEBI:6030	QRXWMOHMRWLFEY-UHFFFAOYSA-N	12.8		mg/L	17	17	5									UKMYC6	false	LOW	14	VZ	ALL DISAGREE	12.8	3.68	R
3.4.0	UKMYC_PHENOTYPES	ukmyc_phenotypes:9385b65e057fb5de	INH	ISONIAZID	CHEBI:6030	QRXWMOHMRWLFEY-UHFFFAOYSA-N	3.2		mg/L	64	64	9									UKMYC6	false	LOW	14	VZ	ALL DISAGREE	3.2	1.68	R
3.4.0	UKMYC_PHENOTYPES	ukmyc_phenotypes:69bace4d30c3791c	INH	ISONIAZID	CHEBI:6030	QRXWMOHMRWLFEY-UHFFFAOYSA-N	6.4		mg/L	20	20	6									UKMYC6	false	LOW	14	VZ	ALL DISAGREE	6.4	2.68	R
3.4.0	UKMYC_PHENOTYPES	ukmyc_phenotypes:c378f5262d6c17fe	INH	ISONIAZID	CHEBI:6030	QRXWMOHMRWLFEY-UHFFFAOYSA-N	0.025	<=	mg/L	68	68	9									UKMYC6	false	LOW	14	VZ	ALL DISAGREE	<=0.025	-5.32	S
3.4.0	UKMYC_PHENOTYPES	ukmyc_phenotypes:72ab3bcc9cc62306	INH	ISONIAZID	CHEBI:6030	QRXWMOHMRWLFEY-UHFFFAOYSA-N	12.8	>	mg/L	3	3	3									UKMYC6	false	LOW	14	VZ	ALL DISAGREE	>12.8	4.68	R
3.4.0	UKMYC_PHENOTYPES	ukmyc_phenotypes:b930bbef92336dc5	INH	ISONIAZID	CHEBI:6030	QRXWMOHMRWLFEY-UHFFFAOYSA-N				15	15	3									UKMYC6	false	LOW	14	VZ	ALL DISAGREE
3.4.0	UKMYC_PHENOTYPES	ukmyc_phenotypes:ed82411acdb7b9d9	INH	ISONIAZID	CHEBI:6030	QRXWMOHMRWLFEY-UHFFFAOYSA-N	0.05		mg/L	8	8	4									UKMYC6	false	LOW	21	VZ	ALL DISAGREE	0.05	-4.32	S
3.4.0	UKMYC_PHENOTYPES	ukmyc_phenotypes:b3077d69b990592f	INH	ISONIAZID	CHEBI:6030	QRXWMOHMRWLFEY-UHFFFAOYSA-N	0.1		mg/L	2	2	2									UKMYC6	false	LOW	21	VZ	ALL DISAGREE	0.1	-3.32	S
3.4.0	UKMYC_PHENOTYPES	ukmyc_phenotypes:d463a98c5c492332	INH	ISONIAZID	CHEBI:6030	QRXWMOHMRWLFEY-UHFFFAOYSA-N	0.2		mg/L	2	2	2									UKMYC6	false	LOW	21	VZ	ALL DISAGREE	0.2	-2.32	R
3.4.0	UKMYC_PHENOTYPES	ukmyc_phenotypes:c7f3aca5db9b59c9	INH	ISONIAZID	CHEBI:6030	QRXWMOHMRWLFEY-UHFFFAOYSA-N	0.4		mg/L	3	3	2									UKMYC6	false	LOW	21	VZ	ALL DISAGREE	0.4	-1.32	R
3.4.0	UKMYC_PHENOTYPES	ukmyc_phenotypes:13c853ae4b8634ef	INH	ISONIAZID	CHEBI:6030	QRXWMOHMRWLFEY-UHFFFAOYSA-N	0.8		mg/L	3	3	2									UKMYC6	false	LOW	21	VZ	ALL DISAGREE	0.8	-0.32	R
3.4.0	UKMYC_PHENOTYPES	ukmyc_phenotypes:5bac7aa890263e77	INH	ISONIAZID	CHEBI:6030	QRXWMOHMRWLFEY-UHFFFAOYSA-N	1.6		mg/L	9	9	4									UKMYC6	false	LOW	21	VZ	ALL DISAGREE	1.6	0.68	R
3.4.0	UKMYC_PHENOTYPES	ukmyc_phenotypes:93fa16652f97dfd2	INH	ISONIAZID	CHEBI:6030	QRXWMOHMRWLFEY-UHFFFAOYSA-N	3.2		mg/L	7	7	2									UKMYC6	false	LOW	21	VZ	ALL DISAGREE	3.2	1.68	R
3.4.0	UKMYC_PHENOTYPES	ukmyc_phenotypes:ca2a40ba07b4399c	INH	ISONIAZID	CHEBI:6030	QRXWMOHMRWLFEY-UHFFFAOYSA-N	6.4		mg/L	4	4	3									UKMYC6	false	LOW	21	VZ	ALL DISAGREE	6.4	2.68	R
3.4.0	UKMYC_PHENOTYPES	ukmyc_phenotypes:a7d42add1f42f46b	INH	ISONIAZID	CHEBI:6030	QRXWMOHMRWLFEY-UHFFFAOYSA-N	0.025	<=	mg/L	5	5	3									UKMYC6	false	LOW	21	VZ	ALL DISAGREE	<=0.025	-5.32	S
3.4.0	UKMYC_PHENOTYPES	ukmyc_phenotypes:e59bf39a046dd979	INH	ISONIAZID	CHEBI:6030	QRXWMOHMRWLFEY-UHFFFAOYSA-N	12.8	>	mg/L	1	1	1									UKMYC6	false	LOW	21	VZ	ALL DISAGREE	>12.8	4.68	R
3.4.0	UKMYC_PHENOTYPES	ukmyc_phenotypes:bda00803d445bd5f	INH	ISONIAZID	CHEBI:6030	QRXWMOHMRWLFEY-UHFFFAOYSA-N				3	3	1									UKMYC6	false	LOW	21	VZ	ALL DISAGREE
3.4.0	UKMYC_PHENOTYPES	ukmyc_phenotypes:280b53f3d0f6f585	INH	ISONIAZID	CHEBI:6030	QRXWMOHMRWLFEY-UHFFFAOYSA-N	0.05		mg/L	14	14	1									UKMYC6	false	MEDIUM	14	MB	VZ ONLY	0.05	-4.32	S
3.4.0	UKMYC_PHENOTYPES	ukmyc_phenotypes:9accfb1ec97f517a	INH	ISONIAZID	CHEBI:6030	QRXWMOHMRWLFEY-UHFFFAOYSA-N	0.1		mg/L	1	1	1									UKMYC6	false	MEDIUM	14	MB	VZ ONLY	0.1	-3.32	S
3.4.0	UKMYC_PHENOTYPES	ukmyc_phenotypes:d891f11fd011a379	INH	ISONIAZID	CHEBI:6030	QRXWMOHMRWLFEY-UHFFFAOYSA-N	0.2		mg/L	1	1	1									UKMYC6	false	MEDIUM	14	MB	VZ ONLY	0.2	-2.32	R
3.4.0	UKMYC_PHENOTYPES	ukmyc_phenotypes:a699a65292a98c44	INH	ISONIAZID	CHEBI:6030	QRXWMOHMRWLFEY-UHFFFAOYSA-N	0.4		mg/L	1	1	1									UKMYC6	false	MEDIUM	14	MB	VZ ONLY	0.4	-1.32	R
3.4.0	UKMYC_PHENOTYPES	ukmyc_phenotypes:3d77003ac322e4f6	INH	ISONIAZID	CHEBI:6030	QRXWMOHMRWLFEY-UHFFFAOYSA-N	0.8		mg/L	2	2	1									UKMYC6	false	MEDIUM	14	MB	VZ ONLY	0.8	-0.32	R
3.4.0	UKMYC_PHENOTYPES	ukmyc_phenotypes:5bdd71c0063f8e56	INH	ISONIAZID	CHEBI:6030	QRXWMOHMRWLFEY-UHFFFAOYSA-N	1.6		mg/L	6	6	1									UKMYC6	false	MEDIUM	14	MB	VZ ONLY	1.6	0.68	R
3.4.0	UKMYC_PHENOTYPES	ukmyc_phenotypes:38653cf292a08160	INH	ISONIAZID	CHEBI:6030	QRXWMOHMRWLFEY-UHFFFAOYSA-N	12.8		mg/L	7	7	1									UKMYC6	false	MEDIUM	14	MB	VZ ONLY	12.8	3.68	R
3.4.0	UKMYC_PHENOTYPES	ukmyc_phenotypes:739fc1ef4bba733e	INH	ISONIAZID	CHEBI:6030	QRXWMOHMRWLFEY-UHFFFAOYSA-N	3.2		mg/L	8	8	1									UKMYC6	false	MEDIUM	14	MB	VZ ONLY	3.2	1.68	R
3.4.0	UKMYC_PHENOTYPES	ukmyc_phenotypes:e54bd5e41dd69240	INH	ISONIAZID	CHEBI:6030	QRXWMOHMRWLFEY-UHFFFAOYSA-N	6.4		mg/L	6	6	1									UKMYC6	false	MEDIUM	14	MB	VZ ONLY	6.4	2.68	R
3.4.0	UKMYC_PHENOTYPES	ukmyc_phenotypes:71ddb72314065e57	INH	ISONIAZID	CHEBI:6030	QRXWMOHMRWLFEY-UHFFFAOYSA-N	0.025	<=	mg/L	2	2	1									UKMYC6	false	MEDIUM	14	MB	VZ ONLY	<=0.025	-5.32	S
3.4.0	UKMYC_PHENOTYPES	ukmyc_phenotypes:1091f2d385b163e8	INH	ISONIAZID	CHEBI:6030	QRXWMOHMRWLFEY-UHFFFAOYSA-N	12.8	>	mg/L	13	13	1									UKMYC6	false	MEDIUM	14	MB	VZ ONLY	>12.8	4.68	R
3.4.0	UKMYC_PHENOTYPES	ukmyc_phenotypes:c77672b2e44e0ca2	INH	ISONIAZID	CHEBI:6030	QRXWMOHMRWLFEY-UHFFFAOYSA-N	0.05		mg/L	71	71	6									UKMYC6	false	MEDIUM	14	VZ	BB RUNNING	0.05	-4.32	S
3.4.0	UKMYC_PHENOTYPES	ukmyc_phenotypes:6139a3f07b1b0dad	INH	ISONIAZID	CHEBI:6030	QRXWMOHMRWLFEY-UHFFFAOYSA-N	0.1		mg/L	13	13	5									UKMYC6	false	MEDIUM	14	VZ	BB RUNNING	0.1	-3.32	S
3.4.0	UKMYC_PHENOTYPES	ukmyc_phenotypes:a5ab50802a8acdfa	INH	ISONIAZID	CHEBI:6030	QRXWMOHMRWLFEY-UHFFFAOYSA-N	0.2		mg/L	24	24	3									UKMYC6	false	MEDIUM	14	VZ	BB RUNNING	0.2	-2.32	R
3.4.0	UKMYC_PHENOTYPES	ukmyc_phenotypes:c25331b411fc314c	INH	ISONIAZID	CHEBI:6030	QRXWMOHMRWLFEY-UHFFFAOYSA-N	0.4		mg/L	7	7	2									UKMYC6	false	MEDIUM	14	VZ	BB RUNNING	0.4	-1.32	R
3.4.0	UKMYC_PHENOTYPES	ukmyc_phenotypes:4ba14b6737268c97	INH	ISONIAZID	CHEBI:6030	QRXWMOHMRWLFEY-UHFFFAOYSA-N	0.8		mg/L	29	29	3									UKMYC6	false	MEDIUM	14	VZ	BB RUNNING	0.8	-0.32	R
3.4.0	UKMYC_PHENOTYPES	ukmyc_phenotypes:fb7fb587623d9cc2	INH	ISONIAZID	CHEBI:6030	QRXWMOHMRWLFEY-UHFFFAOYSA-N	1.6		mg/L	83	83	7									UKMYC6	false	MEDIUM	14	VZ	BB RUNNING	1.6	0.68	R
3.4.0	UKMYC_PHENOTYPES	ukmyc_phenotypes:4583514f249e9711	INH	ISONIAZID	CHEBI:6030	QRXWMOHMRWLFEY-UHFFFAOYSA-N	12.8		mg/L	5	5	3									UKMYC6	false	MEDIUM	14	VZ	BB RUNNING	12.8	3.68	R
3.4.0	UKMYC_PHENOTYPES	ukmyc_phenotypes:8889f0ed09ea4ebb	INH	ISONIAZID	CHEBI:6030	QRXWMOHMRWLFEY-UHFFFAOYSA-N	3.2		mg/L	17	17	4									UKMYC6	false	MEDIUM	14	VZ	BB RUNNING	3.2	1.68	R
3.4.0	UKMYC_PHENOTYPES	ukmyc_phenotypes:22b5f54b51765d30	INH	ISONIAZID	CHEBI:6030	QRXWMOHMRWLFEY-UHFFFAOYSA-N	6.4		mg/L	4	4	4									UKMYC6	false	MEDIUM	14	VZ	BB RUNNING	6.4	2.68	R
3.4.0	UKMYC_PHENOTYPES	ukmyc_phenotypes:27cf0c2858a1ca7c	INH	ISONIAZID	CHEBI:6030	QRXWMOHMRWLFEY-UHFFFAOYSA-N	0.025	<=	mg/L	179	179	7									UKMYC6	false	MEDIUM	14	VZ	BB RUNNING	<=0.025	-5.32	S
3.4.0	UKMYC_PHENOTYPES	ukmyc_phenotypes:f7be5c1b492e83ea	INH	ISONIAZID	CHEBI:6030	QRXWMOHMRWLFEY-UHFFFAOYSA-N	12.8	>	mg/L	3	3	2									UKMYC6	false	MEDIUM	14	VZ	BB RUNNING	>12.8	4.68	R
3.4.0	UKMYC_PHENOTYPES	ukmyc_phenotypes:80a6057bfe566fd0	INH	ISONIAZID	CHEBI:6030	QRXWMOHMRWLFEY-UHFFFAOYSA-N				1	1	1									UKMYC6	false	MEDIUM	14	VZ	BB RUNNING
3.4.0	UKMYC_PHENOTYPES	ukmyc_phenotypes:b91099b4dbc94161	INH	ISONIAZID	CHEBI:6030	QRXWMOHMRWLFEY-UHFFFAOYSA-N	0.05		mg/L	53	53	8									UKMYC6	false	MEDIUM	14	VZ	VZ ONLY	0.05	-4.32	S
3.4.0	UKMYC_PHENOTYPES	ukmyc_phenotypes:8275362deb4d0e14	INH	ISONIAZID	CHEBI:6030	QRXWMOHMRWLFEY-UHFFFAOYSA-N	0.1		mg/L	8	8	4									UKMYC6	false	MEDIUM	14	VZ	VZ ONLY	0.1	-3.32	S
3.4.0	UKMYC_PHENOTYPES	ukmyc_phenotypes:3ffc21a751582c90	INH	ISONIAZID	CHEBI:6030	QRXWMOHMRWLFEY-UHFFFAOYSA-N	0.2		mg/L	31	31	3									UKMYC6	false	MEDIUM	14	VZ	VZ ONLY	0.2	-2.32	R
3.4.0	UKMYC_PHENOTYPES	ukmyc_phenotypes:73f96e72d4ea15f2	INH	ISONIAZID	CHEBI:6030	QRXWMOHMRWLFEY-UHFFFAOYSA-N	0.4		mg/L	11	11	4									UKMYC6	false	MEDIUM	14	VZ	VZ ONLY	0.4	-1.32	R
3.4.0	UKMYC_PHENOTYPES	ukmyc_phenotypes:a9cfc1ea0f870f27	INH	ISONIAZID	CHEBI:6030	QRXWMOHMRWLFEY-UHFFFAOYSA-N	0.8		mg/L	11	11	1									UKMYC6	false	MEDIUM	14	VZ	VZ ONLY	0.8	-0.32	R
3.4.0	UKMYC_PHENOTYPES	ukmyc_phenotypes:f525adec504c2f7c	INH	ISONIAZID	CHEBI:6030	QRXWMOHMRWLFEY-UHFFFAOYSA-N	1.6		mg/L	70	70	7									UKMYC6	false	MEDIUM	14	VZ	VZ ONLY	1.6	0.68	R
3.4.0	UKMYC_PHENOTYPES	ukmyc_phenotypes:8b75e5b6944dca60	INH	ISONIAZID	CHEBI:6030	QRXWMOHMRWLFEY-UHFFFAOYSA-N	12.8		mg/L	92	92	5									UKMYC6	false	MEDIUM	14	VZ	VZ ONLY	12.8	3.68	R
3.4.0	UKMYC_PHENOTYPES	ukmyc_phenotypes:ddd241948c54e9f6	INH	ISONIAZID	CHEBI:6030	QRXWMOHMRWLFEY-UHFFFAOYSA-N	3.2		mg/L	64	64	10									UKMYC6	false	MEDIUM	14	VZ	VZ ONLY	3.2	1.68	R
3.4.0	UKMYC_PHENOTYPES	ukmyc_phenotypes:d957e2a41948a4d8	INH	ISONIAZID	CHEBI:6030	QRXWMOHMRWLFEY-UHFFFAOYSA-N	6.4		mg/L	88	88	6									UKMYC6	false	MEDIUM	14	VZ	VZ ONLY	6.4	2.68	R
3.4.0	UKMYC_PHENOTYPES	ukmyc_phenotypes:927c5fa5a5462f5a	INH	ISONIAZID	CHEBI:6030	QRXWMOHMRWLFEY-UHFFFAOYSA-N	0.025	<=	mg/L	40	40	6									UKMYC6	false	MEDIUM	14	VZ	VZ ONLY	<=0.025	-5.32	S
3.4.0	UKMYC_PHENOTYPES	ukmyc_phenotypes:b0a5ff20eb765b38	INH	ISONIAZID	CHEBI:6030	QRXWMOHMRWLFEY-UHFFFAOYSA-N	12.8	>	mg/L	51	51	4									UKMYC6	false	MEDIUM	14	VZ	VZ ONLY	>12.8	4.68	R
3.4.0	UKMYC_PHENOTYPES	ukmyc_phenotypes:46c171adfc4676a5	INH	ISONIAZID	CHEBI:6030	QRXWMOHMRWLFEY-UHFFFAOYSA-N				14	14	2									UKMYC6	false	MEDIUM	14	VZ	VZ ONLY
3.4.0	UKMYC_PHENOTYPES	ukmyc_phenotypes:176907090898c599	INH	ISONIAZID	CHEBI:6030	QRXWMOHMRWLFEY-UHFFFAOYSA-N	0.05		mg/L	14	14	1									UKMYC6	false	MEDIUM	21	MB	VZ ONLY	0.05	-4.32	S
3.4.0	UKMYC_PHENOTYPES	ukmyc_phenotypes:924c709ea44f4350	INH	ISONIAZID	CHEBI:6030	QRXWMOHMRWLFEY-UHFFFAOYSA-N	0.1		mg/L	2	2	1									UKMYC6	false	MEDIUM	21	MB	VZ ONLY	0.1	-3.32	S
3.4.0	UKMYC_PHENOTYPES	ukmyc_phenotypes:6bb588b5b027fea6	INH	ISONIAZID	CHEBI:6030	QRXWMOHMRWLFEY-UHFFFAOYSA-N	0.2		mg/L	1	1	1									UKMYC6	false	MEDIUM	21	MB	VZ ONLY	0.2	-2.32	R
3.4.0	UKMYC_PHENOTYPES	ukmyc_phenotypes:938dcc4f7eb7f4db	INH	ISONIAZID	CHEBI:6030	QRXWMOHMRWLFEY-UHFFFAOYSA-N	0.8		mg/L	2	2	1									UKMYC6	false	MEDIUM	21	MB	VZ ONLY	0.8	-0.32	R
3.4.0	UKMYC_PHENOTYPES	ukmyc_phenotypes:510c91504b2e1d67	INH	ISONIAZID	CHEBI:6030	QRXWMOHMRWLFEY-UHFFFAOYSA-N	1.6		mg/L	6	6	1									UKMYC6	false	MEDIUM	21	MB	VZ ONLY	1.6	0.68	R
3.4.0	UKMYC_PHENOTYPES	ukmyc_phenotypes:b150e9f738fa2a70	INH	ISONIAZID	CHEBI:6030	QRXWMOHMRWLFEY-UHFFFAOYSA-N	12.8		mg/L	3	3	1									UKMYC6	false	MEDIUM	21	MB	VZ ONLY	12.8	3.68	R
3.4.0	UKMYC_PHENOTYPES	ukmyc_phenotypes:8b827a5abf9fb7c2	INH	ISONIAZID	CHEBI:6030	QRXWMOHMRWLFEY-UHFFFAOYSA-N	3.2		mg/L	6	6	1									UKMYC6	false	MEDIUM	21	MB	VZ ONLY	3.2	1.68	R
3.4.0	UKMYC_PHENOTYPES	ukmyc_phenotypes:0e6156cde08b1ae5	INH	ISONIAZID	CHEBI:6030	QRXWMOHMRWLFEY-UHFFFAOYSA-N	6.4		mg/L	5	5	1									UKMYC6	false	MEDIUM	21	MB	VZ ONLY	6.4	2.68	R
3.4.0	UKMYC_PHENOTYPES	ukmyc_phenotypes:e98831e3388a2e71	INH	ISONIAZID	CHEBI:6030	QRXWMOHMRWLFEY-UHFFFAOYSA-N	0.025	<=	mg/L	5	5	1									UKMYC6	false	MEDIUM	21	MB	VZ ONLY	<=0.025	-5.32	S
3.4.0	UKMYC_PHENOTYPES	ukmyc_phenotypes:5ecb9fb061664d01	INH	ISONIAZID	CHEBI:6030	QRXWMOHMRWLFEY-UHFFFAOYSA-N	12.8	>	mg/L	19	19	1									UKMYC6	false	MEDIUM	21	MB	VZ ONLY	>12.8	4.68	R
3.4.0	UKMYC_PHENOTYPES	ukmyc_phenotypes:0854a570720db4d8	INH	ISONIAZID	CHEBI:6030	QRXWMOHMRWLFEY-UHFFFAOYSA-N	0.05		mg/L	29	29	7									UKMYC6	false	MEDIUM	21	VZ	BB RUNNING	0.05	-4.32	S
3.4.0	UKMYC_PHENOTYPES	ukmyc_phenotypes:e02f4d093b0cdf9b	INH	ISONIAZID	CHEBI:6030	QRXWMOHMRWLFEY-UHFFFAOYSA-N	0.1		mg/L	16	16	3									UKMYC6	false	MEDIUM	21	VZ	BB RUNNING	0.1	-3.32	S
3.4.0	UKMYC_PHENOTYPES	ukmyc_phenotypes:a8116e0b87a5a5ce	INH	ISONIAZID	CHEBI:6030	QRXWMOHMRWLFEY-UHFFFAOYSA-N	0.2		mg/L	8	8	5									UKMYC6	false	MEDIUM	21	VZ	BB RUNNING	0.2	-2.32	R
3.4.0	UKMYC_PHENOTYPES	ukmyc_phenotypes:19cab3621bc91adf	INH	ISONIAZID	CHEBI:6030	QRXWMOHMRWLFEY-UHFFFAOYSA-N	0.4		mg/L	6	6	5									UKMYC6	false	MEDIUM	21	VZ	BB RUNNING	0.4	-1.32	R
3.4.0	UKMYC_PHENOTYPES	ukmyc_phenotypes:17e0619e574b9a38	INH	ISONIAZID	CHEBI:6030	QRXWMOHMRWLFEY-UHFFFAOYSA-N	0.8		mg/L	5	5	3									UKMYC6	false	MEDIUM	21	VZ	BB RUNNING	0.8	-0.32	R
3.4.0	UKMYC_PHENOTYPES	ukmyc_phenotypes:8dbe08b12f9c06b4	INH	ISONIAZID	CHEBI:6030	QRXWMOHMRWLFEY-UHFFFAOYSA-N	1.6		mg/L	6	6	3									UKMYC6	false	MEDIUM	21	VZ	BB RUNNING	1.6	0.68	R
3.4.0	UKMYC_PHENOTYPES	ukmyc_phenotypes:7e4f917436ac7374	INH	ISONIAZID	CHEBI:6030	QRXWMOHMRWLFEY-UHFFFAOYSA-N	12.8		mg/L	1	1	1									UKMYC6	false	MEDIUM	21	VZ	BB RUNNING	12.8	3.68	R
3.4.0	UKMYC_PHENOTYPES	ukmyc_phenotypes:1158d32b6ebad080	INH	ISONIAZID	CHEBI:6030	QRXWMOHMRWLFEY-UHFFFAOYSA-N	3.2		mg/L	1	1	1									UKMYC6	false	MEDIUM	21	VZ	BB RUNNING	3.2	1.68	R
3.4.0	UKMYC_PHENOTYPES	ukmyc_phenotypes:00eea1b798802b73	INH	ISONIAZID	CHEBI:6030	QRXWMOHMRWLFEY-UHFFFAOYSA-N	0.025	<=	mg/L	57	57	5									UKMYC6	false	MEDIUM	21	VZ	BB RUNNING	<=0.025	-5.32	S
3.4.0	UKMYC_PHENOTYPES	ukmyc_phenotypes:775b51e5db894118	INH	ISONIAZID	CHEBI:6030	QRXWMOHMRWLFEY-UHFFFAOYSA-N	12.8	>	mg/L	1	1	1									UKMYC6	false	MEDIUM	21	VZ	BB RUNNING	>12.8	4.68	R
3.4.0	UKMYC_PHENOTYPES	ukmyc_phenotypes:0508b36a14c7fcce	INH	ISONIAZID	CHEBI:6030	QRXWMOHMRWLFEY-UHFFFAOYSA-N				15	15	3									UKMYC6	false	MEDIUM	21	VZ	BB RUNNING
3.4.0	UKMYC_PHENOTYPES	ukmyc_phenotypes:f1c735d05d61ae33	INH	ISONIAZID	CHEBI:6030	QRXWMOHMRWLFEY-UHFFFAOYSA-N	0.05		mg/L	13	13	3									UKMYC6	false	MEDIUM	21	VZ	VZ ONLY	0.05	-4.32	S
3.4.0	UKMYC_PHENOTYPES	ukmyc_phenotypes:5aeb5290454bf652	INH	ISONIAZID	CHEBI:6030	QRXWMOHMRWLFEY-UHFFFAOYSA-N	0.2		mg/L	1	1	1									UKMYC6	false	MEDIUM	21	VZ	VZ ONLY	0.2	-2.32	R
3.4.0	UKMYC_PHENOTYPES	ukmyc_phenotypes:1f3e3e3b618b9cd5	INH	ISONIAZID	CHEBI:6030	QRXWMOHMRWLFEY-UHFFFAOYSA-N	0.4		mg/L	1	1	1									UKMYC6	false	MEDIUM	21	VZ	VZ ONLY	0.4	-1.32	R
3.4.0	UKMYC_PHENOTYPES	ukmyc_phenotypes:7b1473cb7b71e292	INH	ISONIAZID	CHEBI:6030	QRXWMOHMRWLFEY-UHFFFAOYSA-N	0.8		mg/L	5	5	2									UKMYC6	false	MEDIUM	21	VZ	VZ ONLY	0.8	-0.32	R
3.4.0	UKMYC_PHENOTYPES	ukmyc_phenotypes:4295afaee87db703	INH	ISONIAZID	CHEBI:6030	QRXWMOHMRWLFEY-UHFFFAOYSA-N	1.6		mg/L	18	18	2									UKMYC6	false	MEDIUM	21	VZ	VZ ONLY	1.6	0.68	R
3.4.0	UKMYC_PHENOTYPES	ukmyc_phenotypes:f44b2352f75a147c	INH	ISONIAZID	CHEBI:6030	QRXWMOHMRWLFEY-UHFFFAOYSA-N	12.8		mg/L	24	24	2									UKMYC6	false	MEDIUM	21	VZ	VZ ONLY	12.8	3.68	R
3.4.0	UKMYC_PHENOTYPES	ukmyc_phenotypes:8168b444db7e0370	INH	ISONIAZID	CHEBI:6030	QRXWMOHMRWLFEY-UHFFFAOYSA-N	3.2		mg/L	16	16	3									UKMYC6	false	MEDIUM	21	VZ	VZ ONLY	3.2	1.68	R
3.4.0	UKMYC_PHENOTYPES	ukmyc_phenotypes:da39ab68f0f2f5af	INH	ISONIAZID	CHEBI:6030	QRXWMOHMRWLFEY-UHFFFAOYSA-N	6.4		mg/L	33	33	3									UKMYC6	false	MEDIUM	21	VZ	VZ ONLY	6.4	2.68	R
3.4.0	UKMYC_PHENOTYPES	ukmyc_phenotypes:7cc511148c11a016	INH	ISONIAZID	CHEBI:6030	QRXWMOHMRWLFEY-UHFFFAOYSA-N	0.025	<=	mg/L	18	18	4									UKMYC6	false	MEDIUM	21	VZ	VZ ONLY	<=0.025	-5.32	S
3.4.0	UKMYC_PHENOTYPES	ukmyc_phenotypes:f6a568deca61e299	INH	ISONIAZID	CHEBI:6030	QRXWMOHMRWLFEY-UHFFFAOYSA-N	12.8	>	mg/L	31	31	1									UKMYC6	false	MEDIUM	21	VZ	VZ ONLY	>12.8	4.68	R
3.4.0	UKMYC_PHENOTYPES	ukmyc_phenotypes:9e593b1c1531e23a	INH	ISONIAZID	CHEBI:6030	QRXWMOHMRWLFEY-UHFFFAOYSA-N				1	1	1									UKMYC6	false	MEDIUM	21	VZ	VZ ONLY
3.4.0	UKMYC_PHENOTYPES	ukmyc_phenotypes:9301a52281ada5b4	LEV	LEVOFLOXACIN	CHEBI:63598	GSDSWSVVBLHKDQ-JTQLQIEISA-N	0.25		mg/L	105	105	7									UKMYC5	false	HIGH	14	VZ	BB,TM AGREE	0.25	-2.0	S
3.4.0	UKMYC_PHENOTYPES	ukmyc_phenotypes:c7dc754199e0c47f	LEV	LEVOFLOXACIN	CHEBI:63598	GSDSWSVVBLHKDQ-JTQLQIEISA-N	0.5		mg/L	196	196	8									UKMYC5	false	HIGH	14	VZ	BB,TM AGREE	0.5	-1.0	S
3.4.0	UKMYC_PHENOTYPES	ukmyc_phenotypes:dfebe12070b0979b	LEV	LEVOFLOXACIN	CHEBI:63598	GSDSWSVVBLHKDQ-JTQLQIEISA-N	1.0		mg/L	92	92	5									UKMYC5	false	HIGH	14	VZ	BB,TM AGREE	1.0	0.0	S
3.4.0	UKMYC_PHENOTYPES	ukmyc_phenotypes:613b4456fc8796ad	LEV	LEVOFLOXACIN	CHEBI:63598	GSDSWSVVBLHKDQ-JTQLQIEISA-N	2.0		mg/L	6	6	3									UKMYC5	false	HIGH	14	VZ	BB,TM AGREE	2.0	1.0	R
3.4.0	UKMYC_PHENOTYPES	ukmyc_phenotypes:679d9a91450180f3	LEV	LEVOFLOXACIN	CHEBI:63598	GSDSWSVVBLHKDQ-JTQLQIEISA-N	4.0		mg/L	22	22	4									UKMYC5	false	HIGH	14	VZ	BB,TM AGREE	4.0	2.0	R
3.4.0	UKMYC_PHENOTYPES	ukmyc_phenotypes:4e3e865deca7cf37	LEV	LEVOFLOXACIN	CHEBI:63598	GSDSWSVVBLHKDQ-JTQLQIEISA-N	8.0		mg/L	41	41	6									UKMYC5	false	HIGH	14	VZ	BB,TM AGREE	8.0	3.0	R
3.4.0	UKMYC_PHENOTYPES	ukmyc_phenotypes:ad70b17db5e2dd1b	LEV	LEVOFLOXACIN	CHEBI:63598	GSDSWSVVBLHKDQ-JTQLQIEISA-N	0.12	<=	mg/L	57	57	6									UKMYC5	false	HIGH	14	VZ	BB,TM AGREE	<=0.12	-3.06	S
3.4.0	UKMYC_PHENOTYPES	ukmyc_phenotypes:81600a428359b423	LEV	LEVOFLOXACIN	CHEBI:63598	GSDSWSVVBLHKDQ-JTQLQIEISA-N	8	>	mg/L	48	48	5									UKMYC5	false	HIGH	14	VZ	BB,TM AGREE	>8	4.0	R
3.4.0	UKMYC_PHENOTYPES	ukmyc_phenotypes:7e8c3713eae213d4	LEV	LEVOFLOXACIN	CHEBI:63598	GSDSWSVVBLHKDQ-JTQLQIEISA-N				5	5	3									UKMYC5	false	HIGH	14	VZ	BB,TM AGREE
3.4.0	UKMYC_PHENOTYPES	ukmyc_phenotypes:d75cecf93f9d74f5	LEV	LEVOFLOXACIN	CHEBI:63598	GSDSWSVVBLHKDQ-JTQLQIEISA-N	0.25		mg/L	135	135	7									UKMYC5	false	HIGH	14	VZ	VZ,BB AGREE	0.25	-2.0	S
3.4.0	UKMYC_PHENOTYPES	ukmyc_phenotypes:3a0979ee40fce71c	LEV	LEVOFLOXACIN	CHEBI:63598	GSDSWSVVBLHKDQ-JTQLQIEISA-N	0.5		mg/L	126	126	6									UKMYC5	false	HIGH	14	VZ	VZ,BB AGREE	0.5	-1.0	S
3.4.0	UKMYC_PHENOTYPES	ukmyc_phenotypes:be4fcdad24194518	LEV	LEVOFLOXACIN	CHEBI:63598	GSDSWSVVBLHKDQ-JTQLQIEISA-N	1.0		mg/L	34	34	5									UKMYC5	false	HIGH	14	VZ	VZ,BB AGREE	1.0	0.0	S
3.4.0	UKMYC_PHENOTYPES	ukmyc_phenotypes:cf4a60d081c0d7f9	LEV	LEVOFLOXACIN	CHEBI:63598	GSDSWSVVBLHKDQ-JTQLQIEISA-N	2.0		mg/L	9	9	5									UKMYC5	false	HIGH	14	VZ	VZ,BB AGREE	2.0	1.0	R
3.4.0	UKMYC_PHENOTYPES	ukmyc_phenotypes:a909e0aa8ba92f13	LEV	LEVOFLOXACIN	CHEBI:63598	GSDSWSVVBLHKDQ-JTQLQIEISA-N	4.0		mg/L	16	16	5									UKMYC5	false	HIGH	14	VZ	VZ,BB AGREE	4.0	2.0	R
3.4.0	UKMYC_PHENOTYPES	ukmyc_phenotypes:df0009d8e8d5bd1a	LEV	LEVOFLOXACIN	CHEBI:63598	GSDSWSVVBLHKDQ-JTQLQIEISA-N	8.0		mg/L	23	23	6									UKMYC5	false	HIGH	14	VZ	VZ,BB AGREE	8.0	3.0	R
3.4.0	UKMYC_PHENOTYPES	ukmyc_phenotypes:9238b377bc84f410	LEV	LEVOFLOXACIN	CHEBI:63598	GSDSWSVVBLHKDQ-JTQLQIEISA-N	0.12	<=	mg/L	17	17	6									UKMYC5	false	HIGH	14	VZ	VZ,BB AGREE	<=0.12	-3.06	S
3.4.0	UKMYC_PHENOTYPES	ukmyc_phenotypes:aa5ef205ef48b035	LEV	LEVOFLOXACIN	CHEBI:63598	GSDSWSVVBLHKDQ-JTQLQIEISA-N	8	>	mg/L	31	31	5									UKMYC5	false	HIGH	14	VZ	VZ,BB AGREE	>8	4.0	R
3.4.0	UKMYC_PHENOTYPES	ukmyc_phenotypes:995a332e565634f8	LEV	LEVOFLOXACIN	CHEBI:63598	GSDSWSVVBLHKDQ-JTQLQIEISA-N				4	4	1									UKMYC5	false	HIGH	14	VZ	VZ,BB AGREE
3.4.0	UKMYC_PHENOTYPES	ukmyc_phenotypes:8971b5d21118ed10	LEV	LEVOFLOXACIN	CHEBI:63598	GSDSWSVVBLHKDQ-JTQLQIEISA-N	0.25		mg/L	957	957	8									UKMYC5	false	HIGH	14	VZ	VZ,TM AGREE	0.25	-2.0	S
3.4.0	UKMYC_PHENOTYPES	ukmyc_phenotypes:911a6639da547db0	LEV	LEVOFLOXACIN	CHEBI:63598	GSDSWSVVBLHKDQ-JTQLQIEISA-N	0.5		mg/L	2085	2085	8									UKMYC5	false	HIGH	14	VZ	VZ,TM AGREE	0.5	-1.0	S
3.4.0	UKMYC_PHENOTYPES	ukmyc_phenotypes:263365fab840baaa	LEV	LEVOFLOXACIN	CHEBI:63598	GSDSWSVVBLHKDQ-JTQLQIEISA-N	1.0		mg/L	193	193	7									UKMYC5	false	HIGH	14	VZ	VZ,TM AGREE	1.0	0.0	S
3.4.0	UKMYC_PHENOTYPES	ukmyc_phenotypes:b0da1e3d43e4440c	LEV	LEVOFLOXACIN	CHEBI:63598	GSDSWSVVBLHKDQ-JTQLQIEISA-N	2.0		mg/L	126	126	8									UKMYC5	false	HIGH	14	VZ	VZ,TM AGREE	2.0	1.0	R
3.4.0	UKMYC_PHENOTYPES	ukmyc_phenotypes:b0fb3efd437fe85d	LEV	LEVOFLOXACIN	CHEBI:63598	GSDSWSVVBLHKDQ-JTQLQIEISA-N	4.0		mg/L	259	259	7									UKMYC5	false	HIGH	14	VZ	VZ,TM AGREE	4.0	2.0	R
3.4.0	UKMYC_PHENOTYPES	ukmyc_phenotypes:c968105a60ab764c	LEV	LEVOFLOXACIN	CHEBI:63598	GSDSWSVVBLHKDQ-JTQLQIEISA-N	8.0		mg/L	248	248	8									UKMYC5	false	HIGH	14	VZ	VZ,TM AGREE	8.0	3.0	R
3.4.0	UKMYC_PHENOTYPES	ukmyc_phenotypes:b26b60bcac4d067c	LEV	LEVOFLOXACIN	CHEBI:63598	GSDSWSVVBLHKDQ-JTQLQIEISA-N	0.12	<=	mg/L	130	130	7									UKMYC5	false	HIGH	14	VZ	VZ,TM AGREE	<=0.12	-3.06	S
3.4.0	UKMYC_PHENOTYPES	ukmyc_phenotypes:bbb16e54d792ca82	LEV	LEVOFLOXACIN	CHEBI:63598	GSDSWSVVBLHKDQ-JTQLQIEISA-N	8	>	mg/L	160	160	6									UKMYC5	false	HIGH	14	VZ	VZ,TM AGREE	>8	4.0	R
3.4.0	UKMYC_PHENOTYPES	ukmyc_phenotypes:17b92ec51ac40dfd	LEV	LEVOFLOXACIN	CHEBI:63598	GSDSWSVVBLHKDQ-JTQLQIEISA-N	0.5		mg/L	5	5	3									UKMYC5	false	HIGH	21	VZ	BB,TM AGREE	0.5	-1.0	S
3.4.0	UKMYC_PHENOTYPES	ukmyc_phenotypes:7e193103db737c01	LEV	LEVOFLOXACIN	CHEBI:63598	GSDSWSVVBLHKDQ-JTQLQIEISA-N	1.0		mg/L	4	4	2									UKMYC5	false	HIGH	21	VZ	BB,TM AGREE	1.0	0.0	S
3.4.0	UKMYC_PHENOTYPES	ukmyc_phenotypes:8de6cdabaf6ea711	LEV	LEVOFLOXACIN	CHEBI:63598	GSDSWSVVBLHKDQ-JTQLQIEISA-N	8.0		mg/L	2	2	2									UKMYC5	false	HIGH	21	VZ	BB,TM AGREE	8.0	3.0	R
3.4.0	UKMYC_PHENOTYPES	ukmyc_phenotypes:04bd30f95920e898	LEV	LEVOFLOXACIN	CHEBI:63598	GSDSWSVVBLHKDQ-JTQLQIEISA-N	8	>	mg/L	4	4	2									UKMYC5	false	HIGH	21	VZ	BB,TM AGREE	>8	4.0	R
3.4.0	UKMYC_PHENOTYPES	ukmyc_phenotypes:3de191594c4b4678	LEV	LEVOFLOXACIN	CHEBI:63598	GSDSWSVVBLHKDQ-JTQLQIEISA-N	0.25		mg/L	1	1	1									UKMYC5	false	HIGH	21	VZ	VZ,BB AGREE	0.25	-2.0	S
3.4.0	UKMYC_PHENOTYPES	ukmyc_phenotypes:2459f0a3646c26cd	LEV	LEVOFLOXACIN	CHEBI:63598	GSDSWSVVBLHKDQ-JTQLQIEISA-N	0.5		mg/L	1	1	1									UKMYC5	false	HIGH	21	VZ	VZ,BB AGREE	0.5	-1.0	S
3.4.0	UKMYC_PHENOTYPES	ukmyc_phenotypes:241d3176540a2026	LEV	LEVOFLOXACIN	CHEBI:63598	GSDSWSVVBLHKDQ-JTQLQIEISA-N	0.25		mg/L	32	32	6									UKMYC5	false	HIGH	21	VZ	VZ,TM AGREE	0.25	-2.0	S
3.4.0	UKMYC_PHENOTYPES	ukmyc_phenotypes:e3711245b6a3af29	LEV	LEVOFLOXACIN	CHEBI:63598	GSDSWSVVBLHKDQ-JTQLQIEISA-N	0.5		mg/L	34	34	6									UKMYC5	false	HIGH	21	VZ	VZ,TM AGREE	0.5	-1.0	S
3.4.0	UKMYC_PHENOTYPES	ukmyc_phenotypes:9503d1b70ba182c7	LEV	LEVOFLOXACIN	CHEBI:63598	GSDSWSVVBLHKDQ-JTQLQIEISA-N	1.0		mg/L	2	2	2									UKMYC5	false	HIGH	21	VZ	VZ,TM AGREE	1.0	0.0	S
3.4.0	UKMYC_PHENOTYPES	ukmyc_phenotypes:bc5992889838dd17	LEV	LEVOFLOXACIN	CHEBI:63598	GSDSWSVVBLHKDQ-JTQLQIEISA-N	2.0		mg/L	2	2	2									UKMYC5	false	HIGH	21	VZ	VZ,TM AGREE	2.0	1.0	R
3.4.0	UKMYC_PHENOTYPES	ukmyc_phenotypes:c7e557c1e6abbef6	LEV	LEVOFLOXACIN	CHEBI:63598	GSDSWSVVBLHKDQ-JTQLQIEISA-N	4.0		mg/L	5	5	4									UKMYC5	false	HIGH	21	VZ	VZ,TM AGREE	4.0	2.0	R
3.4.0	UKMYC_PHENOTYPES	ukmyc_phenotypes:9658752a9c17b1bc	LEV	LEVOFLOXACIN	CHEBI:63598	GSDSWSVVBLHKDQ-JTQLQIEISA-N	8.0		mg/L	2	2	2									UKMYC5	false	HIGH	21	VZ	VZ,TM AGREE	8.0	3.0	R
3.4.0	UKMYC_PHENOTYPES	ukmyc_phenotypes:61e29366f1906486	LEV	LEVOFLOXACIN	CHEBI:63598	GSDSWSVVBLHKDQ-JTQLQIEISA-N	0.12	<=	mg/L	10	10	2									UKMYC5	false	HIGH	21	VZ	VZ,TM AGREE	<=0.12	-3.06	S
3.4.0	UKMYC_PHENOTYPES	ukmyc_phenotypes:9f2c8aae33f74a00	LEV	LEVOFLOXACIN	CHEBI:63598	GSDSWSVVBLHKDQ-JTQLQIEISA-N	8	>	mg/L	3	3	3									UKMYC5	false	HIGH	21	VZ	VZ,TM AGREE	>8	4.0	R
3.4.0	UKMYC_PHENOTYPES	ukmyc_phenotypes:ffb65613f7f27d47	LEV	LEVOFLOXACIN	CHEBI:63598	GSDSWSVVBLHKDQ-JTQLQIEISA-N	0.25		mg/L	176	176	7									UKMYC5	false	LOW	14	VZ	ALL DISAGREE	0.25	-2.0	S
3.4.0	UKMYC_PHENOTYPES	ukmyc_phenotypes:381047088a7b6e0c	LEV	LEVOFLOXACIN	CHEBI:63598	GSDSWSVVBLHKDQ-JTQLQIEISA-N	0.5		mg/L	162	162	8									UKMYC5	false	LOW	14	VZ	ALL DISAGREE	0.5	-1.0	S
3.4.0	UKMYC_PHENOTYPES	ukmyc_phenotypes:bc4a00707a26855d	LEV	LEVOFLOXACIN	CHEBI:63598	GSDSWSVVBLHKDQ-JTQLQIEISA-N	1.0		mg/L	63	63	7									UKMYC5	false	LOW	14	VZ	ALL DISAGREE	1.0	0.0	S
3.4.0	UKMYC_PHENOTYPES	ukmyc_phenotypes:69ddc2584ef081b6	LEV	LEVOFLOXACIN	CHEBI:63598	GSDSWSVVBLHKDQ-JTQLQIEISA-N	2.0		mg/L	48	48	7									UKMYC5	false	LOW	14	VZ	ALL DISAGREE	2.0	1.0	R
3.4.0	UKMYC_PHENOTYPES	ukmyc_phenotypes:d9d77fe177888a02	LEV	LEVOFLOXACIN	CHEBI:63598	GSDSWSVVBLHKDQ-JTQLQIEISA-N	4.0		mg/L	62	62	5									UKMYC5	false	LOW	14	VZ	ALL DISAGREE	4.0	2.0	R
3.4.0	UKMYC_PHENOTYPES	ukmyc_phenotypes:f726eed11eecdccf	LEV	LEVOFLOXACIN	CHEBI:63598	GSDSWSVVBLHKDQ-JTQLQIEISA-N	8.0		mg/L	25	25	3									UKMYC5	false	LOW	14	VZ	ALL DISAGREE	8.0	3.0	R
3.4.0	UKMYC_PHENOTYPES	ukmyc_phenotypes:9c55d3f97ddf1d27	LEV	LEVOFLOXACIN	CHEBI:63598	GSDSWSVVBLHKDQ-JTQLQIEISA-N	0.12	<=	mg/L	52	52	6									UKMYC5	false	LOW	14	VZ	ALL DISAGREE	<=0.12	-3.06	S
3.4.0	UKMYC_PHENOTYPES	ukmyc_phenotypes:b4eb08619cabb485	LEV	LEVOFLOXACIN	CHEBI:63598	GSDSWSVVBLHKDQ-JTQLQIEISA-N	8	>	mg/L	6	6	3									UKMYC5	false	LOW	14	VZ	ALL DISAGREE	>8	4.0	R
3.4.0	UKMYC_PHENOTYPES	ukmyc_phenotypes:0a650c5563921ea8	LEV	LEVOFLOXACIN	CHEBI:63598	GSDSWSVVBLHKDQ-JTQLQIEISA-N				3	3	2									UKMYC5	false	LOW	14	VZ	ALL DISAGREE
3.4.0	UKMYC_PHENOTYPES	ukmyc_phenotypes:0fd41ded6f174a2d	LEV	LEVOFLOXACIN	CHEBI:63598	GSDSWSVVBLHKDQ-JTQLQIEISA-N	0.25		mg/L	9	9	4									UKMYC5	false	LOW	21	VZ	ALL DISAGREE	0.25	-2.0	S
3.4.0	UKMYC_PHENOTYPES	ukmyc_phenotypes:427746666a9f0cd3	LEV	LEVOFLOXACIN	CHEBI:63598	GSDSWSVVBLHKDQ-JTQLQIEISA-N	0.5		mg/L	7	7	3									UKMYC5	false	LOW	21	VZ	ALL DISAGREE	0.5	-1.0	S
3.4.0	UKMYC_PHENOTYPES	ukmyc_phenotypes:4f6103571be6f4c2	LEV	LEVOFLOXACIN	CHEBI:63598	GSDSWSVVBLHKDQ-JTQLQIEISA-N	4.0		mg/L	2	2	2									UKMYC5	false	LOW	21	VZ	ALL DISAGREE	4.0	2.0	R
3.4.0	UKMYC_PHENOTYPES	ukmyc_phenotypes:c6b25913fef0a6a6	LEV	LEVOFLOXACIN	CHEBI:63598	GSDSWSVVBLHKDQ-JTQLQIEISA-N	8.0		mg/L	2	2	2									UKMYC5	false	LOW	21	VZ	ALL DISAGREE	8.0	3.0	R
3.4.0	UKMYC_PHENOTYPES	ukmyc_phenotypes:3c590fd16148ef6a	LEV	LEVOFLOXACIN	CHEBI:63598	GSDSWSVVBLHKDQ-JTQLQIEISA-N	0.12	<=	mg/L	4	4	2									UKMYC5	false	LOW	21	VZ	ALL DISAGREE	<=0.12	-3.06	S
3.4.0	UKMYC_PHENOTYPES	ukmyc_phenotypes:eafc570b657809c1	LEV	LEVOFLOXACIN	CHEBI:63598	GSDSWSVVBLHKDQ-JTQLQIEISA-N	8	>	mg/L	1	1	1									UKMYC5	false	LOW	21	VZ	ALL DISAGREE	>8	4.0	R
3.4.0	UKMYC_PHENOTYPES	ukmyc_phenotypes:94438a5c1fb252ff	LEV	LEVOFLOXACIN	CHEBI:63598	GSDSWSVVBLHKDQ-JTQLQIEISA-N				80	80	1									UKMYC5	false	MEDIUM	10	VZ	VZ ONLY
3.4.0	UKMYC_PHENOTYPES	ukmyc_phenotypes:0fc19e3da1217ef1	LEV	LEVOFLOXACIN	CHEBI:63598	GSDSWSVVBLHKDQ-JTQLQIEISA-N	0.25		mg/L	1	1	1									UKMYC5	false	MEDIUM	14	VZ	BB RUNNING	0.25	-2.0	S
3.4.0	UKMYC_PHENOTYPES	ukmyc_phenotypes:b1e0ad3c36fea714	LEV	LEVOFLOXACIN	CHEBI:63598	GSDSWSVVBLHKDQ-JTQLQIEISA-N	4.0		mg/L	1	1	1									UKMYC5	false	MEDIUM	14	VZ	BB RUNNING	4.0	2.0	R
3.4.0	UKMYC_PHENOTYPES	ukmyc_phenotypes:cdd8c052c08932ae	LEV	LEVOFLOXACIN	CHEBI:63598	GSDSWSVVBLHKDQ-JTQLQIEISA-N	8.0		mg/L	1	1	1									UKMYC5	false	MEDIUM	14	VZ	BB RUNNING	8.0	3.0	R
3.4.0	UKMYC_PHENOTYPES	ukmyc_phenotypes:6c96ba1939fec239	LEV	LEVOFLOXACIN	CHEBI:63598	GSDSWSVVBLHKDQ-JTQLQIEISA-N	8	>	mg/L	1	1	1									UKMYC5	false	MEDIUM	14	VZ	BB RUNNING	>8	4.0	R
3.4.0	UKMYC_PHENOTYPES	ukmyc_phenotypes:bdc972855a5e556e	LEV	LEVOFLOXACIN	CHEBI:63598	GSDSWSVVBLHKDQ-JTQLQIEISA-N				1	1	1									UKMYC5	false	MEDIUM	14	VZ	BB RUNNING
3.4.0	UKMYC_PHENOTYPES	ukmyc_phenotypes:ae2c9b4dcc3aef1d	LEV	LEVOFLOXACIN	CHEBI:63598	GSDSWSVVBLHKDQ-JTQLQIEISA-N	0.25		mg/L	336	336	7									UKMYC5	false	MEDIUM	14	VZ	VZ ONLY	0.25	-2.0	S
3.4.0	UKMYC_PHENOTYPES	ukmyc_phenotypes:100e8765f8c5bca0	LEV	LEVOFLOXACIN	CHEBI:63598	GSDSWSVVBLHKDQ-JTQLQIEISA-N	0.5		mg/L	407	407	6									UKMYC5	false	MEDIUM	14	VZ	VZ ONLY	0.5	-1.0	S
3.4.0	UKMYC_PHENOTYPES	ukmyc_phenotypes:894168636d45f865	LEV	LEVOFLOXACIN	CHEBI:63598	GSDSWSVVBLHKDQ-JTQLQIEISA-N	1.0		mg/L	50	50	4									UKMYC5	false	MEDIUM	14	VZ	VZ ONLY	1.0	0.0	S
3.4.0	UKMYC_PHENOTYPES	ukmyc_phenotypes:b56eb573830f99fc	LEV	LEVOFLOXACIN	CHEBI:63598	GSDSWSVVBLHKDQ-JTQLQIEISA-N	2.0		mg/L	44	44	3									UKMYC5	false	MEDIUM	14	VZ	VZ ONLY	2.0	1.0	R
3.4.0	UKMYC_PHENOTYPES	ukmyc_phenotypes:4cd2e49985294331	LEV	LEVOFLOXACIN	CHEBI:63598	GSDSWSVVBLHKDQ-JTQLQIEISA-N	4.0		mg/L	89	89	5									UKMYC5	false	MEDIUM	14	VZ	VZ ONLY	4.0	2.0	R
3.4.0	UKMYC_PHENOTYPES	ukmyc_phenotypes:a680828cd90287c8	LEV	LEVOFLOXACIN	CHEBI:63598	GSDSWSVVBLHKDQ-JTQLQIEISA-N	8.0		mg/L	75	75	4									UKMYC5	false	MEDIUM	14	VZ	VZ ONLY	8.0	3.0	R
3.4.0	UKMYC_PHENOTYPES	ukmyc_phenotypes:839090fe744908e4	LEV	LEVOFLOXACIN	CHEBI:63598	GSDSWSVVBLHKDQ-JTQLQIEISA-N	0.12	<=	mg/L	37	37	5									UKMYC5	false	MEDIUM	14	VZ	VZ ONLY	<=0.12	-3.06	S
3.4.0	UKMYC_PHENOTYPES	ukmyc_phenotypes:a33cee8735fb5f65	LEV	LEVOFLOXACIN	CHEBI:63598	GSDSWSVVBLHKDQ-JTQLQIEISA-N	8	>	mg/L	25	25	4									UKMYC5	false	MEDIUM	14	VZ	VZ ONLY	>8	4.0	R
3.4.0	UKMYC_PHENOTYPES	ukmyc_phenotypes:bdf51afe6120a0d3	LEV	LEVOFLOXACIN	CHEBI:63598	GSDSWSVVBLHKDQ-JTQLQIEISA-N				20	20	1									UKMYC5	false	MEDIUM	14	VZ	VZ ONLY
3.4.0	UKMYC_PHENOTYPES	ukmyc_phenotypes:08c74c5b5df9083e	LEV	LEVOFLOXACIN	CHEBI:63598	GSDSWSVVBLHKDQ-JTQLQIEISA-N	0.25		mg/L	7	7	2									UKMYC5	false	MEDIUM	21	VZ	VZ ONLY	0.25	-2.0	S
3.4.0	UKMYC_PHENOTYPES	ukmyc_phenotypes:a786dec552065e20	LEV	LEVOFLOXACIN	CHEBI:63598	GSDSWSVVBLHKDQ-JTQLQIEISA-N	0.5		mg/L	4	4	2									UKMYC5	false	MEDIUM	21	VZ	VZ ONLY	0.5	-1.0	S
3.4.0	UKMYC_PHENOTYPES	ukmyc_phenotypes:f2d055d14aca4357	LEV	LEVOFLOXACIN	CHEBI:63598	GSDSWSVVBLHKDQ-JTQLQIEISA-N	4.0		mg/L	2	2	1									UKMYC5	false	MEDIUM	21	VZ	VZ ONLY	4.0	2.0	R
3.4.0	UKMYC_PHENOTYPES	ukmyc_phenotypes:2058cc3d2976231e	LEV	LEVOFLOXACIN	CHEBI:63598	GSDSWSVVBLHKDQ-JTQLQIEISA-N	8.0		mg/L	1	1	1									UKMYC5	false	MEDIUM	21	VZ	VZ ONLY	8.0	3.0	R
3.4.0	UKMYC_PHENOTYPES	ukmyc_phenotypes:24e719e0e193d3ed	LEV	LEVOFLOXACIN	CHEBI:63598	GSDSWSVVBLHKDQ-JTQLQIEISA-N				1	1	1									UKMYC5	false	MEDIUM	21	VZ	VZ ONLY
3.4.0	UKMYC_PHENOTYPES	ukmyc_phenotypes:bad085ee9b17cbf4	LEV	LEVOFLOXACIN	CHEBI:63598	GSDSWSVVBLHKDQ-JTQLQIEISA-N	0.25		mg/L	111	111	6									UKMYC6	false	HIGH	14	VZ	BB,TM AGREE	0.25	-2.0	S
3.4.0	UKMYC_PHENOTYPES	ukmyc_phenotypes:969e850c79f5e2e5	LEV	LEVOFLOXACIN	CHEBI:63598	GSDSWSVVBLHKDQ-JTQLQIEISA-N	0.5		mg/L	310	310	9									UKMYC6	false	HIGH	14	VZ	BB,TM AGREE	0.5	-1.0	S
3.4.0	UKMYC_PHENOTYPES	ukmyc_phenotypes:a621bea5ff5fbf74	LEV	LEVOFLOXACIN	CHEBI:63598	GSDSWSVVBLHKDQ-JTQLQIEISA-N	1.0		mg/L	105	105	9									UKMYC6	false	HIGH	14	VZ	BB,TM AGREE	1.0	0.0	S
3.4.0	UKMYC_PHENOTYPES	ukmyc_phenotypes:f9a420ce4a46b735	LEV	LEVOFLOXACIN	CHEBI:63598	GSDSWSVVBLHKDQ-JTQLQIEISA-N	2.0		mg/L	11	11	4									UKMYC6	false	HIGH	14	VZ	BB,TM AGREE	2.0	1.0	R
3.4.0	UKMYC_PHENOTYPES	ukmyc_phenotypes:827c658aed69a01e	LEV	LEVOFLOXACIN	CHEBI:63598	GSDSWSVVBLHKDQ-JTQLQIEISA-N	4.0		mg/L	16	16	6									UKMYC6	false	HIGH	14	VZ	BB,TM AGREE	4.0	2.0	R
3.4.0	UKMYC_PHENOTYPES	ukmyc_phenotypes:ed51166191d27ce5	LEV	LEVOFLOXACIN	CHEBI:63598	GSDSWSVVBLHKDQ-JTQLQIEISA-N	8.0		mg/L	27	27	6									UKMYC6	false	HIGH	14	VZ	BB,TM AGREE	8.0	3.0	R
3.4.0	UKMYC_PHENOTYPES	ukmyc_phenotypes:1c8c3b74d62a048e	LEV	LEVOFLOXACIN	CHEBI:63598	GSDSWSVVBLHKDQ-JTQLQIEISA-N	0.12	<=	mg/L	36	36	1									UKMYC6	false	HIGH	14	VZ	BB,TM AGREE	<=0.12	-3.06	S
3.4.0	UKMYC_PHENOTYPES	ukmyc_phenotypes:a1eb8999ede983db	LEV	LEVOFLOXACIN	CHEBI:63598	GSDSWSVVBLHKDQ-JTQLQIEISA-N	8	>	mg/L	88	88	8									UKMYC6	false	HIGH	14	VZ	BB,TM AGREE	>8	4.0	R
3.4.0	UKMYC_PHENOTYPES	ukmyc_phenotypes:72cecc694107835c	LEV	LEVOFLOXACIN	CHEBI:63598	GSDSWSVVBLHKDQ-JTQLQIEISA-N				2	2	1									UKMYC6	false	HIGH	14	VZ	BB,TM AGREE
3.4.0	UKMYC_PHENOTYPES	ukmyc_phenotypes:0f2d82858a8a8ad3	LEV	LEVOFLOXACIN	CHEBI:63598	GSDSWSVVBLHKDQ-JTQLQIEISA-N	0.25		mg/L	64	64	8									UKMYC6	false	HIGH	14	VZ	VZ,BB AGREE	0.25	-2.0	S
3.4.0	UKMYC_PHENOTYPES	ukmyc_phenotypes:dcd3afa5e8fc0870	LEV	LEVOFLOXACIN	CHEBI:63598	GSDSWSVVBLHKDQ-JTQLQIEISA-N	0.5		mg/L	94	94	8									UKMYC6	false	HIGH	14	VZ	VZ,BB AGREE	0.5	-1.0	S
3.4.0	UKMYC_PHENOTYPES	ukmyc_phenotypes:3f9b68505985ee51	LEV	LEVOFLOXACIN	CHEBI:63598	GSDSWSVVBLHKDQ-JTQLQIEISA-N	1.0		mg/L	29	29	7									UKMYC6	false	HIGH	14	VZ	VZ,BB AGREE	1.0	0.0	S
3.4.0	UKMYC_PHENOTYPES	ukmyc_phenotypes:bf1ea3b6b0b4f561	LEV	LEVOFLOXACIN	CHEBI:63598	GSDSWSVVBLHKDQ-JTQLQIEISA-N	2.0		mg/L	9	9	5									UKMYC6	false	HIGH	14	VZ	VZ,BB AGREE	2.0	1.0	R
3.4.0	UKMYC_PHENOTYPES	ukmyc_phenotypes:3703b9d8afc69761	LEV	LEVOFLOXACIN	CHEBI:63598	GSDSWSVVBLHKDQ-JTQLQIEISA-N	4.0		mg/L	7	7	4									UKMYC6	false	HIGH	14	VZ	VZ,BB AGREE	4.0	2.0	R
3.4.0	UKMYC_PHENOTYPES	ukmyc_phenotypes:83ba2ee5aa9f7240	LEV	LEVOFLOXACIN	CHEBI:63598	GSDSWSVVBLHKDQ-JTQLQIEISA-N	8.0		mg/L	19	19	5									UKMYC6	false	HIGH	14	VZ	VZ,BB AGREE	8.0	3.0	R
3.4.0	UKMYC_PHENOTYPES	ukmyc_phenotypes:c183e2327ed6addd	LEV	LEVOFLOXACIN	CHEBI:63598	GSDSWSVVBLHKDQ-JTQLQIEISA-N	0.12	<=	mg/L	17	17	3									UKMYC6	false	HIGH	14	VZ	VZ,BB AGREE	<=0.12	-3.06	S
3.4.0	UKMYC_PHENOTYPES	ukmyc_phenotypes:c09397a33b365cea	LEV	LEVOFLOXACIN	CHEBI:63598	GSDSWSVVBLHKDQ-JTQLQIEISA-N	8	>	mg/L	37	37	5									UKMYC6	false	HIGH	14	VZ	VZ,BB AGREE	>8	4.0	R
3.4.0	UKMYC_PHENOTYPES	ukmyc_phenotypes:9574bab17b43180b	LEV	LEVOFLOXACIN	CHEBI:63598	GSDSWSVVBLHKDQ-JTQLQIEISA-N				11	11	3									UKMYC6	false	HIGH	14	VZ	VZ,BB AGREE
3.4.0	UKMYC_PHENOTYPES	ukmyc_phenotypes:5a6b8795ff82b353	LEV	LEVOFLOXACIN	CHEBI:63598	GSDSWSVVBLHKDQ-JTQLQIEISA-N	0.25		mg/L	3137	3137	9									UKMYC6	false	HIGH	14	VZ	VZ,TM AGREE	0.25	-2.0	S
3.4.0	UKMYC_PHENOTYPES	ukmyc_phenotypes:3317d682bebb1a62	LEV	LEVOFLOXACIN	CHEBI:63598	GSDSWSVVBLHKDQ-JTQLQIEISA-N	0.5		mg/L	5175	5175	10									UKMYC6	false	HIGH	14	VZ	VZ,TM AGREE	0.5	-1.0	S
3.4.0	UKMYC_PHENOTYPES	ukmyc_phenotypes:841a59e90fcc7773	LEV	LEVOFLOXACIN	CHEBI:63598	GSDSWSVVBLHKDQ-JTQLQIEISA-N	1.0		mg/L	508	508	11									UKMYC6	false	HIGH	14	VZ	VZ,TM AGREE	1.0	0.0	S
3.4.0	UKMYC_PHENOTYPES	ukmyc_phenotypes:72b07a925271d191	LEV	LEVOFLOXACIN	CHEBI:63598	GSDSWSVVBLHKDQ-JTQLQIEISA-N	2.0		mg/L	202	202	10									UKMYC6	false	HIGH	14	VZ	VZ,TM AGREE	2.0	1.0	R
3.4.0	UKMYC_PHENOTYPES	ukmyc_phenotypes:b19a4f56ab2a03b2	LEV	LEVOFLOXACIN	CHEBI:63598	GSDSWSVVBLHKDQ-JTQLQIEISA-N	4.0		mg/L	350	350	10									UKMYC6	false	HIGH	14	VZ	VZ,TM AGREE	4.0	2.0	R
3.4.0	UKMYC_PHENOTYPES	ukmyc_phenotypes:ba638a19548646de	LEV	LEVOFLOXACIN	CHEBI:63598	GSDSWSVVBLHKDQ-JTQLQIEISA-N	8.0		mg/L	378	378	9									UKMYC6	false	HIGH	14	VZ	VZ,TM AGREE	8.0	3.0	R
3.4.0	UKMYC_PHENOTYPES	ukmyc_phenotypes:ea9e40a287e5e968	LEV	LEVOFLOXACIN	CHEBI:63598	GSDSWSVVBLHKDQ-JTQLQIEISA-N	0.12	<=	mg/L	187	187	6									UKMYC6	false	HIGH	14	VZ	VZ,TM AGREE	<=0.12	-3.06	S
3.4.0	UKMYC_PHENOTYPES	ukmyc_phenotypes:c52227af0fb14b97	LEV	LEVOFLOXACIN	CHEBI:63598	GSDSWSVVBLHKDQ-JTQLQIEISA-N	8	>	mg/L	98	98	6									UKMYC6	false	HIGH	14	VZ	VZ,TM AGREE	>8	4.0	R
3.4.0	UKMYC_PHENOTYPES	ukmyc_phenotypes:0b3e4bf20bfbcb4a	LEV	LEVOFLOXACIN	CHEBI:63598	GSDSWSVVBLHKDQ-JTQLQIEISA-N				2	2	1									UKMYC6	false	HIGH	14	VZ	VZ,TM AGREE
3.4.0	UKMYC_PHENOTYPES	ukmyc_phenotypes:7cf0e528fa1242b1	LEV	LEVOFLOXACIN	CHEBI:63598	GSDSWSVVBLHKDQ-JTQLQIEISA-N	0.25		mg/L	9	9	5									UKMYC6	false	HIGH	21	VZ	BB,TM AGREE	0.25	-2.0	S
3.4.0	UKMYC_PHENOTYPES	ukmyc_phenotypes:5081efd2b0cc3458	LEV	LEVOFLOXACIN	CHEBI:63598	GSDSWSVVBLHKDQ-JTQLQIEISA-N	0.5		mg/L	5	5	3									UKMYC6	false	HIGH	21	VZ	BB,TM AGREE	0.5	-1.0	S
3.4.0	UKMYC_PHENOTYPES	ukmyc_phenotypes:a5f1c21a7e9d1d1a	LEV	LEVOFLOXACIN	CHEBI:63598	GSDSWSVVBLHKDQ-JTQLQIEISA-N	1.0		mg/L	4	4	3									UKMYC6	false	HIGH	21	VZ	BB,TM AGREE	1.0	0.0	S
3.4.0	UKMYC_PHENOTYPES	ukmyc_phenotypes:f9f2002e40c7d79a	LEV	LEVOFLOXACIN	CHEBI:63598	GSDSWSVVBLHKDQ-JTQLQIEISA-N	2.0		mg/L	1	1	1									UKMYC6	false	HIGH	21	VZ	BB,TM AGREE	2.0	1.0	R
3.4.0	UKMYC_PHENOTYPES	ukmyc_phenotypes:9ea15715809e0ed9	LEV	LEVOFLOXACIN	CHEBI:63598	GSDSWSVVBLHKDQ-JTQLQIEISA-N	4.0		mg/L	1	1	1									UKMYC6	false	HIGH	21	VZ	BB,TM AGREE	4.0	2.0	R
3.4.0	UKMYC_PHENOTYPES	ukmyc_phenotypes:54230999686cad91	LEV	LEVOFLOXACIN	CHEBI:63598	GSDSWSVVBLHKDQ-JTQLQIEISA-N	0.12	<=	mg/L	3	3	3									UKMYC6	false	HIGH	21	VZ	BB,TM AGREE	<=0.12	-3.06	S
3.4.0	UKMYC_PHENOTYPES	ukmyc_phenotypes:e5c17291249ca3f1	LEV	LEVOFLOXACIN	CHEBI:63598	GSDSWSVVBLHKDQ-JTQLQIEISA-N	8	>	mg/L	2	2	2									UKMYC6	false	HIGH	21	VZ	BB,TM AGREE	>8	4.0	R
3.4.0	UKMYC_PHENOTYPES	ukmyc_phenotypes:b8ebdb41de136b02	LEV	LEVOFLOXACIN	CHEBI:63598	GSDSWSVVBLHKDQ-JTQLQIEISA-N				1	1	1									UKMYC6	false	HIGH	21	VZ	BB,TM AGREE
3.4.0	UKMYC_PHENOTYPES	ukmyc_phenotypes:e52a0cbd32d09d8f	LEV	LEVOFLOXACIN	CHEBI:63598	GSDSWSVVBLHKDQ-JTQLQIEISA-N	0.25		mg/L	1	1	1									UKMYC6	false	HIGH	21	VZ	VZ,BB AGREE	0.25	-2.0	S
3.4.0	UKMYC_PHENOTYPES	ukmyc_phenotypes:17ded312887e694b	LEV	LEVOFLOXACIN	CHEBI:63598	GSDSWSVVBLHKDQ-JTQLQIEISA-N	0.5		mg/L	3	3	2									UKMYC6	false	HIGH	21	VZ	VZ,BB AGREE	0.5	-1.0	S
3.4.0	UKMYC_PHENOTYPES	ukmyc_phenotypes:5195348a8551b3fc	LEV	LEVOFLOXACIN	CHEBI:63598	GSDSWSVVBLHKDQ-JTQLQIEISA-N	8.0		mg/L	2	2	2									UKMYC6	false	HIGH	21	VZ	VZ,BB AGREE	8.0	3.0	R
3.4.0	UKMYC_PHENOTYPES	ukmyc_phenotypes:eceb7fc75029d8ca	LEV	LEVOFLOXACIN	CHEBI:63598	GSDSWSVVBLHKDQ-JTQLQIEISA-N	0.12	<=	mg/L	2	2	1									UKMYC6	false	HIGH	21	VZ	VZ,BB AGREE	<=0.12	-3.06	S
3.4.0	UKMYC_PHENOTYPES	ukmyc_phenotypes:5aa30d8911ea5dec	LEV	LEVOFLOXACIN	CHEBI:63598	GSDSWSVVBLHKDQ-JTQLQIEISA-N	8	>	mg/L	2	2	2									UKMYC6	false	HIGH	21	VZ	VZ,BB AGREE	>8	4.0	R
3.4.0	UKMYC_PHENOTYPES	ukmyc_phenotypes:bdab850e83b7331f	LEV	LEVOFLOXACIN	CHEBI:63598	GSDSWSVVBLHKDQ-JTQLQIEISA-N				1	1	1									UKMYC6	false	HIGH	21	VZ	VZ,BB AGREE
3.4.0	UKMYC_PHENOTYPES	ukmyc_phenotypes:16f531c84b6fb353	LEV	LEVOFLOXACIN	CHEBI:63598	GSDSWSVVBLHKDQ-JTQLQIEISA-N	0.25		mg/L	284	284	8									UKMYC6	false	HIGH	21	VZ	VZ,TM AGREE	0.25	-2.0	S
3.4.0	UKMYC_PHENOTYPES	ukmyc_phenotypes:87f6483c2c75fd5d	LEV	LEVOFLOXACIN	CHEBI:63598	GSDSWSVVBLHKDQ-JTQLQIEISA-N	0.5		mg/L	305	305	8									UKMYC6	false	HIGH	21	VZ	VZ,TM AGREE	0.5	-1.0	S
3.4.0	UKMYC_PHENOTYPES	ukmyc_phenotypes:0a4a64f21c7b4137	LEV	LEVOFLOXACIN	CHEBI:63598	GSDSWSVVBLHKDQ-JTQLQIEISA-N	1.0		mg/L	197	197	5									UKMYC6	false	HIGH	21	VZ	VZ,TM AGREE	1.0	0.0	S
3.4.0	UKMYC_PHENOTYPES	ukmyc_phenotypes:0ccb26235499dc36	LEV	LEVOFLOXACIN	CHEBI:63598	GSDSWSVVBLHKDQ-JTQLQIEISA-N	2.0		mg/L	16	16	4									UKMYC6	false	HIGH	21	VZ	VZ,TM AGREE	2.0	1.0	R
3.4.0	UKMYC_PHENOTYPES	ukmyc_phenotypes:45025e3cde1a4179	LEV	LEVOFLOXACIN	CHEBI:63598	GSDSWSVVBLHKDQ-JTQLQIEISA-N	4.0		mg/L	14	14	5									UKMYC6	false	HIGH	21	VZ	VZ,TM AGREE	4.0	2.0	R
3.4.0	UKMYC_PHENOTYPES	ukmyc_phenotypes:a8ac0d67e76356ab	LEV	LEVOFLOXACIN	CHEBI:63598	GSDSWSVVBLHKDQ-JTQLQIEISA-N	8.0		mg/L	20	20	6									UKMYC6	false	HIGH	21	VZ	VZ,TM AGREE	8.0	3.0	R
3.4.0	UKMYC_PHENOTYPES	ukmyc_phenotypes:c4a56647a9de5081	LEV	LEVOFLOXACIN	CHEBI:63598	GSDSWSVVBLHKDQ-JTQLQIEISA-N	0.12	<=	mg/L	39	39	6									UKMYC6	false	HIGH	21	VZ	VZ,TM AGREE	<=0.12	-3.06	S
3.4.0	UKMYC_PHENOTYPES	ukmyc_phenotypes:fdc5dbb0b6cb9d96	LEV	LEVOFLOXACIN	CHEBI:63598	GSDSWSVVBLHKDQ-JTQLQIEISA-N	8	>	mg/L	13	13	2									UKMYC6	false	HIGH	21	VZ	VZ,TM AGREE	>8	4.0	R
3.4.0	UKMYC_PHENOTYPES	ukmyc_phenotypes:0d26be1d07962891	LEV	LEVOFLOXACIN	CHEBI:63598	GSDSWSVVBLHKDQ-JTQLQIEISA-N	0.25		mg/L	475	475	9									UKMYC6	false	LOW	14	VZ	ALL DISAGREE	0.25	-2.0	S
3.4.0	UKMYC_PHENOTYPES	ukmyc_phenotypes:d2cb7ed83a6b9a22	LEV	LEVOFLOXACIN	CHEBI:63598	GSDSWSVVBLHKDQ-JTQLQIEISA-N	0.5		mg/L	597	597	10									UKMYC6	false	LOW	14	VZ	ALL DISAGREE	0.5	-1.0	S
3.4.0	UKMYC_PHENOTYPES	ukmyc_phenotypes:fd20eb102a2e70fd	LEV	LEVOFLOXACIN	CHEBI:63598	GSDSWSVVBLHKDQ-JTQLQIEISA-N	1.0		mg/L	128	128	9									UKMYC6	false	LOW	14	VZ	ALL DISAGREE	1.0	0.0	S
3.4.0	UKMYC_PHENOTYPES	ukmyc_phenotypes:208cd929c2179f04	LEV	LEVOFLOXACIN	CHEBI:63598	GSDSWSVVBLHKDQ-JTQLQIEISA-N	2.0		mg/L	62	62	8									UKMYC6	false	LOW	14	VZ	ALL DISAGREE	2.0	1.0	R
3.4.0	UKMYC_PHENOTYPES	ukmyc_phenotypes:a651760fa5637950	LEV	LEVOFLOXACIN	CHEBI:63598	GSDSWSVVBLHKDQ-JTQLQIEISA-N	4.0		mg/L	50	50	8									UKMYC6	false	LOW	14	VZ	ALL DISAGREE	4.0	2.0	R
3.4.0	UKMYC_PHENOTYPES	ukmyc_phenotypes:07350ea899883175	LEV	LEVOFLOXACIN	CHEBI:63598	GSDSWSVVBLHKDQ-JTQLQIEISA-N	8.0		mg/L	24	24	6									UKMYC6	false	LOW	14	VZ	ALL DISAGREE	8.0	3.0	R
3.4.0	UKMYC_PHENOTYPES	ukmyc_phenotypes:63ef310ee56725a2	LEV	LEVOFLOXACIN	CHEBI:63598	GSDSWSVVBLHKDQ-JTQLQIEISA-N	0.12	<=	mg/L	64	64	8									UKMYC6	false	LOW	14	VZ	ALL DISAGREE	<=0.12	-3.06	S
3.4.0	UKMYC_PHENOTYPES	ukmyc_phenotypes:eb75ee9c3e80801d	LEV	LEVOFLOXACIN	CHEBI:63598	GSDSWSVVBLHKDQ-JTQLQIEISA-N	8	>	mg/L	3	3	2									UKMYC6	false	LOW	14	VZ	ALL DISAGREE	>8	4.0	R
3.4.0	UKMYC_PHENOTYPES	ukmyc_phenotypes:96128a09fcee285f	LEV	LEVOFLOXACIN	CHEBI:63598	GSDSWSVVBLHKDQ-JTQLQIEISA-N				9	9	3									UKMYC6	false	LOW	14	VZ	ALL DISAGREE
3.4.0	UKMYC_PHENOTYPES	ukmyc_phenotypes:2343572856bf88bb	LEV	LEVOFLOXACIN	CHEBI:63598	GSDSWSVVBLHKDQ-JTQLQIEISA-N	0.25		mg/L	32	32	6									UKMYC6	false	LOW	21	VZ	ALL DISAGREE	0.25	-2.0	S
3.4.0	UKMYC_PHENOTYPES	ukmyc_phenotypes:3e0e177a87a7b332	LEV	LEVOFLOXACIN	CHEBI:63598	GSDSWSVVBLHKDQ-JTQLQIEISA-N	0.5		mg/L	24	24	5									UKMYC6	false	LOW	21	VZ	ALL DISAGREE	0.5	-1.0	S
3.4.0	UKMYC_PHENOTYPES	ukmyc_phenotypes:413df0b7cf508311	LEV	LEVOFLOXACIN	CHEBI:63598	GSDSWSVVBLHKDQ-JTQLQIEISA-N	1.0		mg/L	6	6	5									UKMYC6	false	LOW	21	VZ	ALL DISAGREE	1.0	0.0	S
3.4.0	UKMYC_PHENOTYPES	ukmyc_phenotypes:aab8313a8e1f74c9	LEV	LEVOFLOXACIN	CHEBI:63598	GSDSWSVVBLHKDQ-JTQLQIEISA-N	2.0		mg/L	3	3	2									UKMYC6	false	LOW	21	VZ	ALL DISAGREE	2.0	1.0	R
3.4.0	UKMYC_PHENOTYPES	ukmyc_phenotypes:3becbaf1924dd7cc	LEV	LEVOFLOXACIN	CHEBI:63598	GSDSWSVVBLHKDQ-JTQLQIEISA-N	4.0		mg/L	3	3	2									UKMYC6	false	LOW	21	VZ	ALL DISAGREE	4.0	2.0	R
3.4.0	UKMYC_PHENOTYPES	ukmyc_phenotypes:b328bc217e08fe9b	LEV	LEVOFLOXACIN	CHEBI:63598	GSDSWSVVBLHKDQ-JTQLQIEISA-N	8.0		mg/L	3	3	3									UKMYC6	false	LOW	21	VZ	ALL DISAGREE	8.0	3.0	R
3.4.0	UKMYC_PHENOTYPES	ukmyc_phenotypes:36bbecc5fbd7b96a	LEV	LEVOFLOXACIN	CHEBI:63598	GSDSWSVVBLHKDQ-JTQLQIEISA-N	0.12	<=	mg/L	19	19	4									UKMYC6	false	LOW	21	VZ	ALL DISAGREE	<=0.12	-3.06	S
3.4.0	UKMYC_PHENOTYPES	ukmyc_phenotypes:e97e3e0e26c9768e	LEV	LEVOFLOXACIN	CHEBI:63598	GSDSWSVVBLHKDQ-JTQLQIEISA-N				1	1	1									UKMYC6	false	LOW	21	VZ	ALL DISAGREE
3.4.0	UKMYC_PHENOTYPES	ukmyc_phenotypes:4d8b2816e7221274	LEV	LEVOFLOXACIN	CHEBI:63598	GSDSWSVVBLHKDQ-JTQLQIEISA-N	0.25		mg/L	21	21	1									UKMYC6	false	MEDIUM	14	MB	VZ ONLY	0.25	-2.0	S
3.4.0	UKMYC_PHENOTYPES	ukmyc_phenotypes:df82e672ec665f09	LEV	LEVOFLOXACIN	CHEBI:63598	GSDSWSVVBLHKDQ-JTQLQIEISA-N	0.5		mg/L	24	24	1									UKMYC6	false	MEDIUM	14	MB	VZ ONLY	0.5	-1.0	S
3.4.0	UKMYC_PHENOTYPES	ukmyc_phenotypes:3a56fc2a5bc33f6d	LEV	LEVOFLOXACIN	CHEBI:63598	GSDSWSVVBLHKDQ-JTQLQIEISA-N	1.0		mg/L	3	3	1									UKMYC6	false	MEDIUM	14	MB	VZ ONLY	1.0	0.0	S
3.4.0	UKMYC_PHENOTYPES	ukmyc_phenotypes:077664686613f62b	LEV	LEVOFLOXACIN	CHEBI:63598	GSDSWSVVBLHKDQ-JTQLQIEISA-N	2.0		mg/L	2	2	1									UKMYC6	false	MEDIUM	14	MB	VZ ONLY	2.0	1.0	R
3.4.0	UKMYC_PHENOTYPES	ukmyc_phenotypes:6c88898b39934a74	LEV	LEVOFLOXACIN	CHEBI:63598	GSDSWSVVBLHKDQ-JTQLQIEISA-N	4.0		mg/L	5	5	1									UKMYC6	false	MEDIUM	14	MB	VZ ONLY	4.0	2.0	R
3.4.0	UKMYC_PHENOTYPES	ukmyc_phenotypes:d9b7ab5a2bffce6b	LEV	LEVOFLOXACIN	CHEBI:63598	GSDSWSVVBLHKDQ-JTQLQIEISA-N	8.0		mg/L	3	3	1									UKMYC6	false	MEDIUM	14	MB	VZ ONLY	8.0	3.0	R
3.4.0	UKMYC_PHENOTYPES	ukmyc_phenotypes:f840cffd90b3c128	LEV	LEVOFLOXACIN	CHEBI:63598	GSDSWSVVBLHKDQ-JTQLQIEISA-N	0.12	<=	mg/L	2	2	1									UKMYC6	false	MEDIUM	14	MB	VZ ONLY	<=0.12	-3.06	S
3.4.0	UKMYC_PHENOTYPES	ukmyc_phenotypes:d8daaa1193b8b67e	LEV	LEVOFLOXACIN	CHEBI:63598	GSDSWSVVBLHKDQ-JTQLQIEISA-N	8	>	mg/L	1	1	1									UKMYC6	false	MEDIUM	14	MB	VZ ONLY	>8	4.0	R
3.4.0	UKMYC_PHENOTYPES	ukmyc_phenotypes:808cbf08aad0edb7	LEV	LEVOFLOXACIN	CHEBI:63598	GSDSWSVVBLHKDQ-JTQLQIEISA-N	0.25		mg/L	140	140	5									UKMYC6	false	MEDIUM	14	VZ	BB RUNNING	0.25	-2.0	S
3.4.0	UKMYC_PHENOTYPES	ukmyc_phenotypes:e2d4f1355c659679	LEV	LEVOFLOXACIN	CHEBI:63598	GSDSWSVVBLHKDQ-JTQLQIEISA-N	0.5		mg/L	77	77	5									UKMYC6	false	MEDIUM	14	VZ	BB RUNNING	0.5	-1.0	S
3.4.0	UKMYC_PHENOTYPES	ukmyc_phenotypes:8975b831eed014fc	LEV	LEVOFLOXACIN	CHEBI:63598	GSDSWSVVBLHKDQ-JTQLQIEISA-N	1.0		mg/L	9	9	5									UKMYC6	false	MEDIUM	14	VZ	BB RUNNING	1.0	0.0	S
3.4.0	UKMYC_PHENOTYPES	ukmyc_phenotypes:516ee61d3627d042	LEV	LEVOFLOXACIN	CHEBI:63598	GSDSWSVVBLHKDQ-JTQLQIEISA-N	2.0		mg/L	7	7	5									UKMYC6	false	MEDIUM	14	VZ	BB RUNNING	2.0	1.0	R
3.4.0	UKMYC_PHENOTYPES	ukmyc_phenotypes:8946042dcfdc58cc	LEV	LEVOFLOXACIN	CHEBI:63598	GSDSWSVVBLHKDQ-JTQLQIEISA-N	4.0		mg/L	7	7	2									UKMYC6	false	MEDIUM	14	VZ	BB RUNNING	4.0	2.0	R
3.4.0	UKMYC_PHENOTYPES	ukmyc_phenotypes:e4b0104f14ebe2a2	LEV	LEVOFLOXACIN	CHEBI:63598	GSDSWSVVBLHKDQ-JTQLQIEISA-N	8.0		mg/L	1	1	1									UKMYC6	false	MEDIUM	14	VZ	BB RUNNING	8.0	3.0	R
3.4.0	UKMYC_PHENOTYPES	ukmyc_phenotypes:c0f35f7d1a9ca255	LEV	LEVOFLOXACIN	CHEBI:63598	GSDSWSVVBLHKDQ-JTQLQIEISA-N	0.12	<=	mg/L	44	44	3									UKMYC6	false	MEDIUM	14	VZ	BB RUNNING	<=0.12	-3.06	S
3.4.0	UKMYC_PHENOTYPES	ukmyc_phenotypes:a7b199682bc569de	LEV	LEVOFLOXACIN	CHEBI:63598	GSDSWSVVBLHKDQ-JTQLQIEISA-N				2	2	2									UKMYC6	false	MEDIUM	14	VZ	BB RUNNING
3.4.0	UKMYC_PHENOTYPES	ukmyc_phenotypes:3f7d026961f82f65	LEV	LEVOFLOXACIN	CHEBI:63598	GSDSWSVVBLHKDQ-JTQLQIEISA-N	0.25		mg/L	105	105	9									UKMYC6	false	MEDIUM	14	VZ	VZ ONLY	0.25	-2.0	S
3.4.0	UKMYC_PHENOTYPES	ukmyc_phenotypes:82d52c045d63b84c	LEV	LEVOFLOXACIN	CHEBI:63598	GSDSWSVVBLHKDQ-JTQLQIEISA-N	0.5		mg/L	130	130	11									UKMYC6	false	MEDIUM	14	VZ	VZ ONLY	0.5	-1.0	S
3.4.0	UKMYC_PHENOTYPES	ukmyc_phenotypes:152d2d4cd5525125	LEV	LEVOFLOXACIN	CHEBI:63598	GSDSWSVVBLHKDQ-JTQLQIEISA-N	1.0		mg/L	33	33	6									UKMYC6	false	MEDIUM	14	VZ	VZ ONLY	1.0	0.0	S
3.4.0	UKMYC_PHENOTYPES	ukmyc_phenotypes:efc618490f474eaa	LEV	LEVOFLOXACIN	CHEBI:63598	GSDSWSVVBLHKDQ-JTQLQIEISA-N	2.0		mg/L	53	53	4									UKMYC6	false	MEDIUM	14	VZ	VZ ONLY	2.0	1.0	R
3.4.0	UKMYC_PHENOTYPES	ukmyc_phenotypes:8fa00b5b51a683a4	LEV	LEVOFLOXACIN	CHEBI:63598	GSDSWSVVBLHKDQ-JTQLQIEISA-N	4.0		mg/L	83	83	5									UKMYC6	false	MEDIUM	14	VZ	VZ ONLY	4.0	2.0	R
3.4.0	UKMYC_PHENOTYPES	ukmyc_phenotypes:afef55cbc27b249d	LEV	LEVOFLOXACIN	CHEBI:63598	GSDSWSVVBLHKDQ-JTQLQIEISA-N	8.0		mg/L	75	75	5									UKMYC6	false	MEDIUM	14	VZ	VZ ONLY	8.0	3.0	R
3.4.0	UKMYC_PHENOTYPES	ukmyc_phenotypes:503a9d1e5b6d6a11	LEV	LEVOFLOXACIN	CHEBI:63598	GSDSWSVVBLHKDQ-JTQLQIEISA-N	0.12	<=	mg/L	22	22	2									UKMYC6	false	MEDIUM	14	VZ	VZ ONLY	<=0.12	-3.06	S
3.4.0	UKMYC_PHENOTYPES	ukmyc_phenotypes:e08a7046fc30c789	LEV	LEVOFLOXACIN	CHEBI:63598	GSDSWSVVBLHKDQ-JTQLQIEISA-N	8	>	mg/L	31	31	5									UKMYC6	false	MEDIUM	14	VZ	VZ ONLY	>8	4.0	R
3.4.0	UKMYC_PHENOTYPES	ukmyc_phenotypes:046e041a141f4e33	LEV	LEVOFLOXACIN	CHEBI:63598	GSDSWSVVBLHKDQ-JTQLQIEISA-N				1	1	1									UKMYC6	false	MEDIUM	14	VZ	VZ ONLY
3.4.0	UKMYC_PHENOTYPES	ukmyc_phenotypes:f31cc687521b320b	LEV	LEVOFLOXACIN	CHEBI:63598	GSDSWSVVBLHKDQ-JTQLQIEISA-N	0.25		mg/L	11	11	1									UKMYC6	false	MEDIUM	21	MB	VZ ONLY	0.25	-2.0	S
3.4.0	UKMYC_PHENOTYPES	ukmyc_phenotypes:33572b3e9300ce14	LEV	LEVOFLOXACIN	CHEBI:63598	GSDSWSVVBLHKDQ-JTQLQIEISA-N	0.5		mg/L	34	34	1									UKMYC6	false	MEDIUM	21	MB	VZ ONLY	0.5	-1.0	S
3.4.0	UKMYC_PHENOTYPES	ukmyc_phenotypes:4d239e42fce9d55e	LEV	LEVOFLOXACIN	CHEBI:63598	GSDSWSVVBLHKDQ-JTQLQIEISA-N	1.0		mg/L	1	1	1									UKMYC6	false	MEDIUM	21	MB	VZ ONLY	1.0	0.0	S
3.4.0	UKMYC_PHENOTYPES	ukmyc_phenotypes:bee62c5fc1e3f6af	LEV	LEVOFLOXACIN	CHEBI:63598	GSDSWSVVBLHKDQ-JTQLQIEISA-N	2.0		mg/L	1	1	1									UKMYC6	false	MEDIUM	21	MB	VZ ONLY	2.0	1.0	R
3.4.0	UKMYC_PHENOTYPES	ukmyc_phenotypes:386f589402055f10	LEV	LEVOFLOXACIN	CHEBI:63598	GSDSWSVVBLHKDQ-JTQLQIEISA-N	4.0		mg/L	7	7	1									UKMYC6	false	MEDIUM	21	MB	VZ ONLY	4.0	2.0	R
3.4.0	UKMYC_PHENOTYPES	ukmyc_phenotypes:471d35c92a5c3afb	LEV	LEVOFLOXACIN	CHEBI:63598	GSDSWSVVBLHKDQ-JTQLQIEISA-N	8.0		mg/L	5	5	1									UKMYC6	false	MEDIUM	21	MB	VZ ONLY	8.0	3.0	R
3.4.0	UKMYC_PHENOTYPES	ukmyc_phenotypes:e9e06776dab2e4ef	LEV	LEVOFLOXACIN	CHEBI:63598	GSDSWSVVBLHKDQ-JTQLQIEISA-N	0.12	<=	mg/L	2	2	1									UKMYC6	false	MEDIUM	21	MB	VZ ONLY	<=0.12	-3.06	S
3.4.0	UKMYC_PHENOTYPES	ukmyc_phenotypes:87c6b77a3ad3c440	LEV	LEVOFLOXACIN	CHEBI:63598	GSDSWSVVBLHKDQ-JTQLQIEISA-N	8	>	mg/L	1	1	1									UKMYC6	false	MEDIUM	21	MB	VZ ONLY	>8	4.0	R
3.4.0	UKMYC_PHENOTYPES	ukmyc_phenotypes:333dd0a934890350	LEV	LEVOFLOXACIN	CHEBI:63598	GSDSWSVVBLHKDQ-JTQLQIEISA-N				1	1	1									UKMYC6	false	MEDIUM	21	MB	VZ ONLY
3.4.0	UKMYC_PHENOTYPES	ukmyc_phenotypes:887be8657309318a	LEV	LEVOFLOXACIN	CHEBI:63598	GSDSWSVVBLHKDQ-JTQLQIEISA-N	0.25		mg/L	20	20	6									UKMYC6	false	MEDIUM	21	VZ	BB RUNNING	0.25	-2.0	S
3.4.0	UKMYC_PHENOTYPES	ukmyc_phenotypes:14d17d9cc23f4039	LEV	LEVOFLOXACIN	CHEBI:63598	GSDSWSVVBLHKDQ-JTQLQIEISA-N	0.5		mg/L	19	19	4									UKMYC6	false	MEDIUM	21	VZ	BB RUNNING	0.5	-1.0	S
3.4.0	UKMYC_PHENOTYPES	ukmyc_phenotypes:c9d0f86240f879bd	LEV	LEVOFLOXACIN	CHEBI:63598	GSDSWSVVBLHKDQ-JTQLQIEISA-N	1.0		mg/L	12	12	1									UKMYC6	false	MEDIUM	21	VZ	BB RUNNING	1.0	0.0	S
3.4.0	UKMYC_PHENOTYPES	ukmyc_phenotypes:14ab52f862904b18	LEV	LEVOFLOXACIN	CHEBI:63598	GSDSWSVVBLHKDQ-JTQLQIEISA-N	2.0		mg/L	1	1	1									UKMYC6	false	MEDIUM	21	VZ	BB RUNNING	2.0	1.0	R
3.4.0	UKMYC_PHENOTYPES	ukmyc_phenotypes:92610db139c810cd	LEV	LEVOFLOXACIN	CHEBI:63598	GSDSWSVVBLHKDQ-JTQLQIEISA-N	0.12	<=	mg/L	12	12	5									UKMYC6	false	MEDIUM	21	VZ	BB RUNNING	<=0.12	-3.06	S
3.4.0	UKMYC_PHENOTYPES	ukmyc_phenotypes:555033a0fc822056	LEV	LEVOFLOXACIN	CHEBI:63598	GSDSWSVVBLHKDQ-JTQLQIEISA-N	8	>	mg/L	1	1	1									UKMYC6	false	MEDIUM	21	VZ	BB RUNNING	>8	4.0	R
3.4.0	UKMYC_PHENOTYPES	ukmyc_phenotypes:d552642b62dab46c	LEV	LEVOFLOXACIN	CHEBI:63598	GSDSWSVVBLHKDQ-JTQLQIEISA-N				16	16	1									UKMYC6	false	MEDIUM	21	VZ	BB RUNNING
3.4.0	UKMYC_PHENOTYPES	ukmyc_phenotypes:d163f883bf438b7d	LEV	LEVOFLOXACIN	CHEBI:63598	GSDSWSVVBLHKDQ-JTQLQIEISA-N	0.25		mg/L	51	51	4									UKMYC6	false	MEDIUM	21	VZ	VZ ONLY	0.25	-2.0	S
3.4.0	UKMYC_PHENOTYPES	ukmyc_phenotypes:ff11a53aa81a45ca	LEV	LEVOFLOXACIN	CHEBI:63598	GSDSWSVVBLHKDQ-JTQLQIEISA-N	0.5		mg/L	28	28	2									UKMYC6	false	MEDIUM	21	VZ	VZ ONLY	0.5	-1.0	S
3.4.0	UKMYC_PHENOTYPES	ukmyc_phenotypes:46489d6c8a8537e6	LEV	LEVOFLOXACIN	CHEBI:63598	GSDSWSVVBLHKDQ-JTQLQIEISA-N	1.0		mg/L	13	13	3									UKMYC6	false	MEDIUM	21	VZ	VZ ONLY	1.0	0.0	S
3.4.0	UKMYC_PHENOTYPES	ukmyc_phenotypes:b8976183adf0284f	LEV	LEVOFLOXACIN	CHEBI:63598	GSDSWSVVBLHKDQ-JTQLQIEISA-N	2.0		mg/L	18	18	2									UKMYC6	false	MEDIUM	21	VZ	VZ ONLY	2.0	1.0	R
3.4.0	UKMYC_PHENOTYPES	ukmyc_phenotypes:5abaa2b28245a559	LEV	LEVOFLOXACIN	CHEBI:63598	GSDSWSVVBLHKDQ-JTQLQIEISA-N	4.0		mg/L	23	23	2									UKMYC6	false	MEDIUM	21	VZ	VZ ONLY	4.0	2.0	R
3.4.0	UKMYC_PHENOTYPES	ukmyc_phenotypes:d62aaa8aff8637d1	LEV	LEVOFLOXACIN	CHEBI:63598	GSDSWSVVBLHKDQ-JTQLQIEISA-N	8.0		mg/L	14	14	3									UKMYC6	false	MEDIUM	21	VZ	VZ ONLY	8.0	3.0	R
3.4.0	UKMYC_PHENOTYPES	ukmyc_phenotypes:fcfdd38d90fdb199	LEV	LEVOFLOXACIN	CHEBI:63598	GSDSWSVVBLHKDQ-JTQLQIEISA-N	0.12	<=	mg/L	3	3	2									UKMYC6	false	MEDIUM	21	VZ	VZ ONLY	<=0.12	-3.06	S
3.4.0	UKMYC_PHENOTYPES	ukmyc_phenotypes:21967db85b7a821e	LEV	LEVOFLOXACIN	CHEBI:63598	GSDSWSVVBLHKDQ-JTQLQIEISA-N	8	>	mg/L	10	10	2									UKMYC6	false	MEDIUM	21	VZ	VZ ONLY	>8	4.0	R
3.4.0	UKMYC_PHENOTYPES	ukmyc_phenotypes:35ad89d0af39453c	LEV	LEVOFLOXACIN	CHEBI:63598	GSDSWSVVBLHKDQ-JTQLQIEISA-N				1	1	1									UKMYC6	false	MEDIUM	21	VZ	VZ ONLY
3.4.0	UKMYC_PHENOTYPES	ukmyc_phenotypes:1461d01881a87b3b	LZD	LINEZOLID	CHEBI:63607	TYZROVQLWOKYKF-ZDUSSCGKSA-N	0.06		mg/L	26	26	5									UKMYC5	false	HIGH	14	VZ	BB,TM AGREE	0.06	-4.06	S
3.4.0	UKMYC_PHENOTYPES	ukmyc_phenotypes:20cb22e1c22264c0	LZD	LINEZOLID	CHEBI:63607	TYZROVQLWOKYKF-ZDUSSCGKSA-N	0.12		mg/L	63	63	7									UKMYC5	false	HIGH	14	VZ	BB,TM AGREE	0.12	-3.06	S
3.4.0	UKMYC_PHENOTYPES	ukmyc_phenotypes:6c1ae5fad36401f5	LZD	LINEZOLID	CHEBI:63607	TYZROVQLWOKYKF-ZDUSSCGKSA-N	0.25		mg/L	84	84	8									UKMYC5	false	HIGH	14	VZ	BB,TM AGREE	0.25	-2.0	S
3.4.0	UKMYC_PHENOTYPES	ukmyc_phenotypes:faff92e7e1bd86b0	LZD	LINEZOLID	CHEBI:63607	TYZROVQLWOKYKF-ZDUSSCGKSA-N	0.5		mg/L	232	232	8									UKMYC5	false	HIGH	14	VZ	BB,TM AGREE	0.5	-1.0	S
3.4.0	UKMYC_PHENOTYPES	ukmyc_phenotypes:9507d8d567697c45	LZD	LINEZOLID	CHEBI:63607	TYZROVQLWOKYKF-ZDUSSCGKSA-N	1.0		mg/L	292	292	8									UKMYC5	false	HIGH	14	VZ	BB,TM AGREE	1.0	0.0	S
3.4.0	UKMYC_PHENOTYPES	ukmyc_phenotypes:89fce713dce6de19	LZD	LINEZOLID	CHEBI:63607	TYZROVQLWOKYKF-ZDUSSCGKSA-N	2.0		mg/L	30	30	6									UKMYC5	false	HIGH	14	VZ	BB,TM AGREE	2.0	1.0	R
3.4.0	UKMYC_PHENOTYPES	ukmyc_phenotypes:78ed7a83a20536fd	LZD	LINEZOLID	CHEBI:63607	TYZROVQLWOKYKF-ZDUSSCGKSA-N	0.03	<=	mg/L	9	9	1									UKMYC5	false	HIGH	14	VZ	BB,TM AGREE	<=0.03	-5.06	S
3.4.0	UKMYC_PHENOTYPES	ukmyc_phenotypes:dfd027d4874fd9df	LZD	LINEZOLID	CHEBI:63607	TYZROVQLWOKYKF-ZDUSSCGKSA-N	2	>	mg/L	6	6	3									UKMYC5	false	HIGH	14	VZ	BB,TM AGREE	>2	2.0	R
3.4.0	UKMYC_PHENOTYPES	ukmyc_phenotypes:8e4985dde2b16b0d	LZD	LINEZOLID	CHEBI:63607	TYZROVQLWOKYKF-ZDUSSCGKSA-N				5	5	3									UKMYC5	false	HIGH	14	VZ	BB,TM AGREE
3.4.0	UKMYC_PHENOTYPES	ukmyc_phenotypes:62bf6e4e676bca10	LZD	LINEZOLID	CHEBI:63607	TYZROVQLWOKYKF-ZDUSSCGKSA-N	0.06		mg/L	8	8	4									UKMYC5	false	HIGH	14	VZ	VZ,BB AGREE	0.06	-4.06	S
3.4.0	UKMYC_PHENOTYPES	ukmyc_phenotypes:e70627b6e3b1df0f	LZD	LINEZOLID	CHEBI:63607	TYZROVQLWOKYKF-ZDUSSCGKSA-N	0.12		mg/L	16	16	5									UKMYC5	false	HIGH	14	VZ	VZ,BB AGREE	0.12	-3.06	S
3.4.0	UKMYC_PHENOTYPES	ukmyc_phenotypes:b458759eb342e703	LZD	LINEZOLID	CHEBI:63607	TYZROVQLWOKYKF-ZDUSSCGKSA-N	0.25		mg/L	94	94	8									UKMYC5	false	HIGH	14	VZ	VZ,BB AGREE	0.25	-2.0	S
3.4.0	UKMYC_PHENOTYPES	ukmyc_phenotypes:2363970a1e43b773	LZD	LINEZOLID	CHEBI:63607	TYZROVQLWOKYKF-ZDUSSCGKSA-N	0.5		mg/L	253	253	6									UKMYC5	false	HIGH	14	VZ	VZ,BB AGREE	0.5	-1.0	S
3.4.0	UKMYC_PHENOTYPES	ukmyc_phenotypes:5aa077b87259a5af	LZD	LINEZOLID	CHEBI:63607	TYZROVQLWOKYKF-ZDUSSCGKSA-N	1.0		mg/L	62	62	5									UKMYC5	false	HIGH	14	VZ	VZ,BB AGREE	1.0	0.0	S
3.4.0	UKMYC_PHENOTYPES	ukmyc_phenotypes:06fd50e85c9cc98e	LZD	LINEZOLID	CHEBI:63607	TYZROVQLWOKYKF-ZDUSSCGKSA-N	2.0		mg/L	4	4	2									UKMYC5	false	HIGH	14	VZ	VZ,BB AGREE	2.0	1.0	R
3.4.0	UKMYC_PHENOTYPES	ukmyc_phenotypes:cb10f1c980e1b7e2	LZD	LINEZOLID	CHEBI:63607	TYZROVQLWOKYKF-ZDUSSCGKSA-N	0.03	<=	mg/L	3	3	2									UKMYC5	false	HIGH	14	VZ	VZ,BB AGREE	<=0.03	-5.06	S
3.4.0	UKMYC_PHENOTYPES	ukmyc_phenotypes:46388e26840e6888	LZD	LINEZOLID	CHEBI:63607	TYZROVQLWOKYKF-ZDUSSCGKSA-N	2	>	mg/L	5	5	3									UKMYC5	false	HIGH	14	VZ	VZ,BB AGREE	>2	2.0	R
3.4.0	UKMYC_PHENOTYPES	ukmyc_phenotypes:dc1704fcddabb7d3	LZD	LINEZOLID	CHEBI:63607	TYZROVQLWOKYKF-ZDUSSCGKSA-N				1	1	1									UKMYC5	false	HIGH	14	VZ	VZ,BB AGREE
3.4.0	UKMYC_PHENOTYPES	ukmyc_phenotypes:a0eaee4eaa84d937	LZD	LINEZOLID	CHEBI:63607	TYZROVQLWOKYKF-ZDUSSCGKSA-N	0.06		mg/L	96	96	7									UKMYC5	false	HIGH	14	VZ	VZ,TM AGREE	0.06	-4.06	S
3.4.0	UKMYC_PHENOTYPES	ukmyc_phenotypes:58f9a214fa19a80c	LZD	LINEZOLID	CHEBI:63607	TYZROVQLWOKYKF-ZDUSSCGKSA-N	0.12		mg/L	271	271	7									UKMYC5	false	HIGH	14	VZ	VZ,TM AGREE	0.12	-3.06	S
3.4.0	UKMYC_PHENOTYPES	ukmyc_phenotypes:31a4d5256f4c0d0d	LZD	LINEZOLID	CHEBI:63607	TYZROVQLWOKYKF-ZDUSSCGKSA-N	0.25		mg/L	936	936	8									UKMYC5	false	HIGH	14	VZ	VZ,TM AGREE	0.25	-2.0	S
3.4.0	UKMYC_PHENOTYPES	ukmyc_phenotypes:4f259df9e47b55bf	LZD	LINEZOLID	CHEBI:63607	TYZROVQLWOKYKF-ZDUSSCGKSA-N	0.5		mg/L	2128	2128	8									UKMYC5	false	HIGH	14	VZ	VZ,TM AGREE	0.5	-1.0	S
3.4.0	UKMYC_PHENOTYPES	ukmyc_phenotypes:8e96c019ab1481dd	LZD	LINEZOLID	CHEBI:63607	TYZROVQLWOKYKF-ZDUSSCGKSA-N	1.0		mg/L	414	414	6									UKMYC5	false	HIGH	14	VZ	VZ,TM AGREE	1.0	0.0	S
3.4.0	UKMYC_PHENOTYPES	ukmyc_phenotypes:aa1581f97896c005	LZD	LINEZOLID	CHEBI:63607	TYZROVQLWOKYKF-ZDUSSCGKSA-N	2.0		mg/L	13	13	4									UKMYC5	false	HIGH	14	VZ	VZ,TM AGREE	2.0	1.0	R
3.4.0	UKMYC_PHENOTYPES	ukmyc_phenotypes:4298a0ce5ed35ce9	LZD	LINEZOLID	CHEBI:63607	TYZROVQLWOKYKF-ZDUSSCGKSA-N	0.03	<=	mg/L	23	23	3									UKMYC5	false	HIGH	14	VZ	VZ,TM AGREE	<=0.03	-5.06	S
3.4.0	UKMYC_PHENOTYPES	ukmyc_phenotypes:c259e2ea1f56841a	LZD	LINEZOLID	CHEBI:63607	TYZROVQLWOKYKF-ZDUSSCGKSA-N	2	>	mg/L	41	41	4									UKMYC5	false	HIGH	14	VZ	VZ,TM AGREE	>2	2.0	R
3.4.0	UKMYC_PHENOTYPES	ukmyc_phenotypes:23d6f268ce7c18a1	LZD	LINEZOLID	CHEBI:63607	TYZROVQLWOKYKF-ZDUSSCGKSA-N	0.12		mg/L	2	2	1									UKMYC5	false	HIGH	21	VZ	BB,TM AGREE	0.12	-3.06	S
3.4.0	UKMYC_PHENOTYPES	ukmyc_phenotypes:45088b391aebbc0d	LZD	LINEZOLID	CHEBI:63607	TYZROVQLWOKYKF-ZDUSSCGKSA-N	0.25		mg/L	2	2	1									UKMYC5	false	HIGH	21	VZ	BB,TM AGREE	0.25	-2.0	S
3.4.0	UKMYC_PHENOTYPES	ukmyc_phenotypes:e669057a26d0c885	LZD	LINEZOLID	CHEBI:63607	TYZROVQLWOKYKF-ZDUSSCGKSA-N	0.5		mg/L	1	1	1									UKMYC5	false	HIGH	21	VZ	BB,TM AGREE	0.5	-1.0	S
3.4.0	UKMYC_PHENOTYPES	ukmyc_phenotypes:40a850da0ce81823	LZD	LINEZOLID	CHEBI:63607	TYZROVQLWOKYKF-ZDUSSCGKSA-N	1.0		mg/L	2	2	2									UKMYC5	false	HIGH	21	VZ	BB,TM AGREE	1.0	0.0	S
3.4.0	UKMYC_PHENOTYPES	ukmyc_phenotypes:4f89dfd7365c3b6a	LZD	LINEZOLID	CHEBI:63607	TYZROVQLWOKYKF-ZDUSSCGKSA-N	0.06		mg/L	3	3	3									UKMYC5	false	HIGH	21	VZ	VZ,BB AGREE	0.06	-4.06	S
3.4.0	UKMYC_PHENOTYPES	ukmyc_phenotypes:838238ff7c8e505d	LZD	LINEZOLID	CHEBI:63607	TYZROVQLWOKYKF-ZDUSSCGKSA-N	0.12		mg/L	1	1	1									UKMYC5	false	HIGH	21	VZ	VZ,BB AGREE	0.12	-3.06	S
3.4.0	UKMYC_PHENOTYPES	ukmyc_phenotypes:a3d186d3e0762258	LZD	LINEZOLID	CHEBI:63607	TYZROVQLWOKYKF-ZDUSSCGKSA-N	0.25		mg/L	1	1	1									UKMYC5	false	HIGH	21	VZ	VZ,BB AGREE	0.25	-2.0	S
3.4.0	UKMYC_PHENOTYPES	ukmyc_phenotypes:3b068d5e181b0c9f	LZD	LINEZOLID	CHEBI:63607	TYZROVQLWOKYKF-ZDUSSCGKSA-N	0.5		mg/L	1	1	1									UKMYC5	false	HIGH	21	VZ	VZ,BB AGREE	0.5	-1.0	S
3.4.0	UKMYC_PHENOTYPES	ukmyc_phenotypes:e4127d52f820aa33	LZD	LINEZOLID	CHEBI:63607	TYZROVQLWOKYKF-ZDUSSCGKSA-N	1.0		mg/L	1	1	1									UKMYC5	false	HIGH	21	VZ	VZ,BB AGREE	1.0	0.0	S
3.4.0	UKMYC_PHENOTYPES	ukmyc_phenotypes:405ae6109506ed17	LZD	LINEZOLID	CHEBI:63607	TYZROVQLWOKYKF-ZDUSSCGKSA-N	0.03	<=	mg/L	1	1	1									UKMYC5	false	HIGH	21	VZ	VZ,BB AGREE	<=0.03	-5.06	S
3.4.0	UKMYC_PHENOTYPES	ukmyc_phenotypes:7fe3b24e87271599	LZD	LINEZOLID	CHEBI:63607	TYZROVQLWOKYKF-ZDUSSCGKSA-N	0.06		mg/L	5	5	3									UKMYC5	false	HIGH	21	VZ	VZ,TM AGREE	0.06	-4.06	S
3.4.0	UKMYC_PHENOTYPES	ukmyc_phenotypes:c01d50f27cc6661a	LZD	LINEZOLID	CHEBI:63607	TYZROVQLWOKYKF-ZDUSSCGKSA-N	0.12		mg/L	27	27	6									UKMYC5	false	HIGH	21	VZ	VZ,TM AGREE	0.12	-3.06	S
3.4.0	UKMYC_PHENOTYPES	ukmyc_phenotypes:9300d6133b584c8a	LZD	LINEZOLID	CHEBI:63607	TYZROVQLWOKYKF-ZDUSSCGKSA-N	0.25		mg/L	21	21	6									UKMYC5	false	HIGH	21	VZ	VZ,TM AGREE	0.25	-2.0	S
3.4.0	UKMYC_PHENOTYPES	ukmyc_phenotypes:a3b5455ce5612d9e	LZD	LINEZOLID	CHEBI:63607	TYZROVQLWOKYKF-ZDUSSCGKSA-N	0.5		mg/L	29	29	5									UKMYC5	false	HIGH	21	VZ	VZ,TM AGREE	0.5	-1.0	S
3.4.0	UKMYC_PHENOTYPES	ukmyc_phenotypes:d32132701b4a6d1d	LZD	LINEZOLID	CHEBI:63607	TYZROVQLWOKYKF-ZDUSSCGKSA-N	1.0		mg/L	4	4	2									UKMYC5	false	HIGH	21	VZ	VZ,TM AGREE	1.0	0.0	S
3.4.0	UKMYC_PHENOTYPES	ukmyc_phenotypes:c373452a5c41c1d9	LZD	LINEZOLID	CHEBI:63607	TYZROVQLWOKYKF-ZDUSSCGKSA-N	0.03	<=	mg/L	1	1	1									UKMYC5	false	HIGH	21	VZ	VZ,TM AGREE	<=0.03	-5.06	S
3.4.0	UKMYC_PHENOTYPES	ukmyc_phenotypes:07b2504b3f9242c3	LZD	LINEZOLID	CHEBI:63607	TYZROVQLWOKYKF-ZDUSSCGKSA-N	2	>	mg/L	1	1	1									UKMYC5	false	HIGH	21	VZ	VZ,TM AGREE	>2	2.0	R
3.4.0	UKMYC_PHENOTYPES	ukmyc_phenotypes:59a5b2da0453979c	LZD	LINEZOLID	CHEBI:63607	TYZROVQLWOKYKF-ZDUSSCGKSA-N	0.06		mg/L	45	45	7									UKMYC5	false	LOW	14	VZ	ALL DISAGREE	0.06	-4.06	S
3.4.0	UKMYC_PHENOTYPES	ukmyc_phenotypes:5d0c9d81ba705060	LZD	LINEZOLID	CHEBI:63607	TYZROVQLWOKYKF-ZDUSSCGKSA-N	0.12		mg/L	85	85	7									UKMYC5	false	LOW	14	VZ	ALL DISAGREE	0.12	-3.06	S
3.4.0	UKMYC_PHENOTYPES	ukmyc_phenotypes:4380d12ce11f330f	LZD	LINEZOLID	CHEBI:63607	TYZROVQLWOKYKF-ZDUSSCGKSA-N	0.25		mg/L	171	171	8									UKMYC5	false	LOW	14	VZ	ALL DISAGREE	0.25	-2.0	S
3.4.0	UKMYC_PHENOTYPES	ukmyc_phenotypes:e4f9e7567e07820b	LZD	LINEZOLID	CHEBI:63607	TYZROVQLWOKYKF-ZDUSSCGKSA-N	0.5		mg/L	213	213	7									UKMYC5	false	LOW	14	VZ	ALL DISAGREE	0.5	-1.0	S
3.4.0	UKMYC_PHENOTYPES	ukmyc_phenotypes:e9ee87a5cd7aaf65	LZD	LINEZOLID	CHEBI:63607	TYZROVQLWOKYKF-ZDUSSCGKSA-N	1.0		mg/L	55	55	6									UKMYC5	false	LOW	14	VZ	ALL DISAGREE	1.0	0.0	S
3.4.0	UKMYC_PHENOTYPES	ukmyc_phenotypes:6a8d81e62d159b13	LZD	LINEZOLID	CHEBI:63607	TYZROVQLWOKYKF-ZDUSSCGKSA-N	2.0		mg/L	7	7	3									UKMYC5	false	LOW	14	VZ	ALL DISAGREE	2.0	1.0	R
3.4.0	UKMYC_PHENOTYPES	ukmyc_phenotypes:c128eab6064e8fb3	LZD	LINEZOLID	CHEBI:63607	TYZROVQLWOKYKF-ZDUSSCGKSA-N	0.03	<=	mg/L	27	27	4									UKMYC5	false	LOW	14	VZ	ALL DISAGREE	<=0.03	-5.06	S
3.4.0	UKMYC_PHENOTYPES	ukmyc_phenotypes:f5abda4d65b9dcb8	LZD	LINEZOLID	CHEBI:63607	TYZROVQLWOKYKF-ZDUSSCGKSA-N	2	>	mg/L	2	2	1									UKMYC5	false	LOW	14	VZ	ALL DISAGREE	>2	2.0	R
3.4.0	UKMYC_PHENOTYPES	ukmyc_phenotypes:af3e82b9dd3367dc	LZD	LINEZOLID	CHEBI:63607	TYZROVQLWOKYKF-ZDUSSCGKSA-N				4	4	3									UKMYC5	false	LOW	14	VZ	ALL DISAGREE
3.4.0	UKMYC_PHENOTYPES	ukmyc_phenotypes:6f206ca36b568c9a	LZD	LINEZOLID	CHEBI:63607	TYZROVQLWOKYKF-ZDUSSCGKSA-N	0.06		mg/L	5	5	2									UKMYC5	false	LOW	21	VZ	ALL DISAGREE	0.06	-4.06	S
3.4.0	UKMYC_PHENOTYPES	ukmyc_phenotypes:28a418da9709e16f	LZD	LINEZOLID	CHEBI:63607	TYZROVQLWOKYKF-ZDUSSCGKSA-N	0.12		mg/L	3	3	2									UKMYC5	false	LOW	21	VZ	ALL DISAGREE	0.12	-3.06	S
3.4.0	UKMYC_PHENOTYPES	ukmyc_phenotypes:f6773d37e484bd59	LZD	LINEZOLID	CHEBI:63607	TYZROVQLWOKYKF-ZDUSSCGKSA-N	0.25		mg/L	13	13	3									UKMYC5	false	LOW	21	VZ	ALL DISAGREE	0.25	-2.0	S
3.4.0	UKMYC_PHENOTYPES	ukmyc_phenotypes:5ba14b58f67ef585	LZD	LINEZOLID	CHEBI:63607	TYZROVQLWOKYKF-ZDUSSCGKSA-N	0.5		mg/L	5	5	3									UKMYC5	false	LOW	21	VZ	ALL DISAGREE	0.5	-1.0	S
3.4.0	UKMYC_PHENOTYPES	ukmyc_phenotypes:a151abce244e9962	LZD	LINEZOLID	CHEBI:63607	TYZROVQLWOKYKF-ZDUSSCGKSA-N	2.0		mg/L	1	1	1									UKMYC5	false	LOW	21	VZ	ALL DISAGREE	2.0	1.0	R
3.4.0	UKMYC_PHENOTYPES	ukmyc_phenotypes:e4aab7e6259fe877	LZD	LINEZOLID	CHEBI:63607	TYZROVQLWOKYKF-ZDUSSCGKSA-N	0.03	<=	mg/L	2	2	2									UKMYC5	false	LOW	21	VZ	ALL DISAGREE	<=0.03	-5.06	S
3.4.0	UKMYC_PHENOTYPES	ukmyc_phenotypes:ea3f4fe91309c5ec	LZD	LINEZOLID	CHEBI:63607	TYZROVQLWOKYKF-ZDUSSCGKSA-N				80	80	1									UKMYC5	false	MEDIUM	10	VZ	VZ ONLY
3.4.0	UKMYC_PHENOTYPES	ukmyc_phenotypes:2c93d1bbdc531d36	LZD	LINEZOLID	CHEBI:63607	TYZROVQLWOKYKF-ZDUSSCGKSA-N	0.06		mg/L	1	1	1									UKMYC5	false	MEDIUM	14	VZ	BB RUNNING	0.06	-4.06	S
3.4.0	UKMYC_PHENOTYPES	ukmyc_phenotypes:86d72db65b5085c3	LZD	LINEZOLID	CHEBI:63607	TYZROVQLWOKYKF-ZDUSSCGKSA-N	0.5		mg/L	1	1	1									UKMYC5	false	MEDIUM	14	VZ	BB RUNNING	0.5	-1.0	S
3.4.0	UKMYC_PHENOTYPES	ukmyc_phenotypes:adff033b599fb98e	LZD	LINEZOLID	CHEBI:63607	TYZROVQLWOKYKF-ZDUSSCGKSA-N				1	1	1									UKMYC5	false	MEDIUM	14	VZ	BB RUNNING
3.4.0	UKMYC_PHENOTYPES	ukmyc_phenotypes:a5e764d2571eac35	LZD	LINEZOLID	CHEBI:63607	TYZROVQLWOKYKF-ZDUSSCGKSA-N	0.06		mg/L	10	10	4									UKMYC5	false	MEDIUM	14	VZ	VZ ONLY	0.06	-4.06	S
3.4.0	UKMYC_PHENOTYPES	ukmyc_phenotypes:9ac958ef5a79a70c	LZD	LINEZOLID	CHEBI:63607	TYZROVQLWOKYKF-ZDUSSCGKSA-N	0.12		mg/L	81	81	4									UKMYC5	false	MEDIUM	14	VZ	VZ ONLY	0.12	-3.06	S
3.4.0	UKMYC_PHENOTYPES	ukmyc_phenotypes:6aea9c882573fabb	LZD	LINEZOLID	CHEBI:63607	TYZROVQLWOKYKF-ZDUSSCGKSA-N	0.25		mg/L	325	325	6									UKMYC5	false	MEDIUM	14	VZ	VZ ONLY	0.25	-2.0	S
3.4.0	UKMYC_PHENOTYPES	ukmyc_phenotypes:9f18df30443b188f	LZD	LINEZOLID	CHEBI:63607	TYZROVQLWOKYKF-ZDUSSCGKSA-N	0.5		mg/L	505	505	7									UKMYC5	false	MEDIUM	14	VZ	VZ ONLY	0.5	-1.0	S
3.4.0	UKMYC_PHENOTYPES	ukmyc_phenotypes:948153bb214aa672	LZD	LINEZOLID	CHEBI:63607	TYZROVQLWOKYKF-ZDUSSCGKSA-N	1.0		mg/L	106	106	5									UKMYC5	false	MEDIUM	14	VZ	VZ ONLY	1.0	0.0	S
3.4.0	UKMYC_PHENOTYPES	ukmyc_phenotypes:59e8c856707c67bb	LZD	LINEZOLID	CHEBI:63607	TYZROVQLWOKYKF-ZDUSSCGKSA-N	2.0		mg/L	6	6	2									UKMYC5	false	MEDIUM	14	VZ	VZ ONLY	2.0	1.0	R
3.4.0	UKMYC_PHENOTYPES	ukmyc_phenotypes:1cac89fc9e73a062	LZD	LINEZOLID	CHEBI:63607	TYZROVQLWOKYKF-ZDUSSCGKSA-N	0.03	<=	mg/L	20	20	5									UKMYC5	false	MEDIUM	14	VZ	VZ ONLY	<=0.03	-5.06	S
3.4.0	UKMYC_PHENOTYPES	ukmyc_phenotypes:001e05d4734e50e8	LZD	LINEZOLID	CHEBI:63607	TYZROVQLWOKYKF-ZDUSSCGKSA-N	2	>	mg/L	8	8	3									UKMYC5	false	MEDIUM	14	VZ	VZ ONLY	>2	2.0	R
3.4.0	UKMYC_PHENOTYPES	ukmyc_phenotypes:9955c44b9633cc2b	LZD	LINEZOLID	CHEBI:63607	TYZROVQLWOKYKF-ZDUSSCGKSA-N				22	22	2									UKMYC5	false	MEDIUM	14	VZ	VZ ONLY
3.4.0	UKMYC_PHENOTYPES	ukmyc_phenotypes:81cb1b4fa286565f	LZD	LINEZOLID	CHEBI:63607	TYZROVQLWOKYKF-ZDUSSCGKSA-N	0.12		mg/L	3	3	2									UKMYC5	false	MEDIUM	21	VZ	VZ ONLY	0.12	-3.06	S
3.4.0	UKMYC_PHENOTYPES	ukmyc_phenotypes:324acd1065e008c5	LZD	LINEZOLID	CHEBI:63607	TYZROVQLWOKYKF-ZDUSSCGKSA-N	0.25		mg/L	5	5	2									UKMYC5	false	MEDIUM	21	VZ	VZ ONLY	0.25	-2.0	S
3.4.0	UKMYC_PHENOTYPES	ukmyc_phenotypes:4a44f23a0989c773	LZD	LINEZOLID	CHEBI:63607	TYZROVQLWOKYKF-ZDUSSCGKSA-N	0.5		mg/L	5	5	2									UKMYC5	false	MEDIUM	21	VZ	VZ ONLY	0.5	-1.0	S
3.4.0	UKMYC_PHENOTYPES	ukmyc_phenotypes:c1fd9da43df8c05e	LZD	LINEZOLID	CHEBI:63607	TYZROVQLWOKYKF-ZDUSSCGKSA-N	0.03	<=	mg/L	2	2	1									UKMYC5	false	MEDIUM	21	VZ	VZ ONLY	<=0.03	-5.06	S
3.4.0	UKMYC_PHENOTYPES	ukmyc_phenotypes:691d81f3e821bbb6	LZD	LINEZOLID	CHEBI:63607	TYZROVQLWOKYKF-ZDUSSCGKSA-N	0.12		mg/L	20	20	5									UKMYC6	false	HIGH	14	VZ	BB,TM AGREE	0.12	-3.06	S
3.4.0	UKMYC_PHENOTYPES	ukmyc_phenotypes:f33d558ba5963fa1	LZD	LINEZOLID	CHEBI:63607	TYZROVQLWOKYKF-ZDUSSCGKSA-N	0.25		mg/L	123	123	7									UKMYC6	false	HIGH	14	VZ	BB,TM AGREE	0.25	-2.0	S
3.4.0	UKMYC_PHENOTYPES	ukmyc_phenotypes:84cf805b43700ccc	LZD	LINEZOLID	CHEBI:63607	TYZROVQLWOKYKF-ZDUSSCGKSA-N	0.5		mg/L	464	464	9									UKMYC6	false	HIGH	14	VZ	BB,TM AGREE	0.5	-1.0	S
3.4.0	UKMYC_PHENOTYPES	ukmyc_phenotypes:5c8303cad2301f33	LZD	LINEZOLID	CHEBI:63607	TYZROVQLWOKYKF-ZDUSSCGKSA-N	1.0		mg/L	218	218	8									UKMYC6	false	HIGH	14	VZ	BB,TM AGREE	1.0	0.0	S
3.4.0	UKMYC_PHENOTYPES	ukmyc_phenotypes:32ffc7b1c0c53a82	LZD	LINEZOLID	CHEBI:63607	TYZROVQLWOKYKF-ZDUSSCGKSA-N	2.0		mg/L	10	10	3									UKMYC6	false	HIGH	14	VZ	BB,TM AGREE	2.0	1.0	R
3.4.0	UKMYC_PHENOTYPES	ukmyc_phenotypes:7ca99c3f05f7055c	LZD	LINEZOLID	CHEBI:63607	TYZROVQLWOKYKF-ZDUSSCGKSA-N	4.0		mg/L	1	1	1									UKMYC6	false	HIGH	14	VZ	BB,TM AGREE	4.0	2.0	R
3.4.0	UKMYC_PHENOTYPES	ukmyc_phenotypes:d3cddd03a0d9b22b	LZD	LINEZOLID	CHEBI:63607	TYZROVQLWOKYKF-ZDUSSCGKSA-N	0.06	<=	mg/L	3	3	2									UKMYC6	false	HIGH	14	VZ	BB,TM AGREE	<=0.06	-4.06	S
3.4.0	UKMYC_PHENOTYPES	ukmyc_phenotypes:c64ff34006486ffc	LZD	LINEZOLID	CHEBI:63607	TYZROVQLWOKYKF-ZDUSSCGKSA-N	4	>	mg/L	17	17	7									UKMYC6	false	HIGH	14	VZ	BB,TM AGREE	>4	3.0	R
3.4.0	UKMYC_PHENOTYPES	ukmyc_phenotypes:e9fd1c63e04bffe1	LZD	LINEZOLID	CHEBI:63607	TYZROVQLWOKYKF-ZDUSSCGKSA-N				4	4	2									UKMYC6	false	HIGH	14	VZ	BB,TM AGREE
3.4.0	UKMYC_PHENOTYPES	ukmyc_phenotypes:667132224bf55128	LZD	LINEZOLID	CHEBI:63607	TYZROVQLWOKYKF-ZDUSSCGKSA-N	0.12		mg/L	30	30	5									UKMYC6	false	HIGH	14	VZ	VZ,BB AGREE	0.12	-3.06	S
3.4.0	UKMYC_PHENOTYPES	ukmyc_phenotypes:c41894fe174b7040	LZD	LINEZOLID	CHEBI:63607	TYZROVQLWOKYKF-ZDUSSCGKSA-N	0.25		mg/L	108	108	7									UKMYC6	false	HIGH	14	VZ	VZ,BB AGREE	0.25	-2.0	S
3.4.0	UKMYC_PHENOTYPES	ukmyc_phenotypes:8583bc364d07b0dd	LZD	LINEZOLID	CHEBI:63607	TYZROVQLWOKYKF-ZDUSSCGKSA-N	0.5		mg/L	104	104	8									UKMYC6	false	HIGH	14	VZ	VZ,BB AGREE	0.5	-1.0	S
3.4.0	UKMYC_PHENOTYPES	ukmyc_phenotypes:cec0c791d8b99129	LZD	LINEZOLID	CHEBI:63607	TYZROVQLWOKYKF-ZDUSSCGKSA-N	1.0		mg/L	39	39	7									UKMYC6	false	HIGH	14	VZ	VZ,BB AGREE	1.0	0.0	S
3.4.0	UKMYC_PHENOTYPES	ukmyc_phenotypes:ac24158771abdb92	LZD	LINEZOLID	CHEBI:63607	TYZROVQLWOKYKF-ZDUSSCGKSA-N	2.0		mg/L	12	12	2									UKMYC6	false	HIGH	14	VZ	VZ,BB AGREE	2.0	1.0	R
3.4.0	UKMYC_PHENOTYPES	ukmyc_phenotypes:6c2d1a5787c38f80	LZD	LINEZOLID	CHEBI:63607	TYZROVQLWOKYKF-ZDUSSCGKSA-N	4.0		mg/L	7	7	2									UKMYC6	false	HIGH	14	VZ	VZ,BB AGREE	4.0	2.0	R
3.4.0	UKMYC_PHENOTYPES	ukmyc_phenotypes:2ea0fc00bb8cf84c	LZD	LINEZOLID	CHEBI:63607	TYZROVQLWOKYKF-ZDUSSCGKSA-N	0.06	<=	mg/L	2	2	2									UKMYC6	false	HIGH	14	VZ	VZ,BB AGREE	<=0.06	-4.06	S
3.4.0	UKMYC_PHENOTYPES	ukmyc_phenotypes:4c479c0713c37989	LZD	LINEZOLID	CHEBI:63607	TYZROVQLWOKYKF-ZDUSSCGKSA-N	4	>	mg/L	3	3	3									UKMYC6	false	HIGH	14	VZ	VZ,BB AGREE	>4	3.0	R
3.4.0	UKMYC_PHENOTYPES	ukmyc_phenotypes:f558bdfb539f6378	LZD	LINEZOLID	CHEBI:63607	TYZROVQLWOKYKF-ZDUSSCGKSA-N				12	12	3									UKMYC6	false	HIGH	14	VZ	VZ,BB AGREE
3.4.0	UKMYC_PHENOTYPES	ukmyc_phenotypes:d5ed4a5fbd64559c	LZD	LINEZOLID	CHEBI:63607	TYZROVQLWOKYKF-ZDUSSCGKSA-N	0.12		mg/L	466	466	11									UKMYC6	false	HIGH	14	VZ	VZ,TM AGREE	0.12	-3.06	S
3.4.0	UKMYC_PHENOTYPES	ukmyc_phenotypes:409ebab91e1256bf	LZD	LINEZOLID	CHEBI:63607	TYZROVQLWOKYKF-ZDUSSCGKSA-N	0.25		mg/L	2999	2999	11									UKMYC6	false	HIGH	14	VZ	VZ,TM AGREE	0.25	-2.0	S
3.4.0	UKMYC_PHENOTYPES	ukmyc_phenotypes:9f5f85cb7f2e24c4	LZD	LINEZOLID	CHEBI:63607	TYZROVQLWOKYKF-ZDUSSCGKSA-N	0.5		mg/L	4469	4469	11									UKMYC6	false	HIGH	14	VZ	VZ,TM AGREE	0.5	-1.0	S
3.4.0	UKMYC_PHENOTYPES	ukmyc_phenotypes:bc1fcf2b75a17a73	LZD	LINEZOLID	CHEBI:63607	TYZROVQLWOKYKF-ZDUSSCGKSA-N	1.0		mg/L	1293	1293	9									UKMYC6	false	HIGH	14	VZ	VZ,TM AGREE	1.0	0.0	S
3.4.0	UKMYC_PHENOTYPES	ukmyc_phenotypes:ccf02daf984e5d8b	LZD	LINEZOLID	CHEBI:63607	TYZROVQLWOKYKF-ZDUSSCGKSA-N	2.0		mg/L	58	58	7									UKMYC6	false	HIGH	14	VZ	VZ,TM AGREE	2.0	1.0	R
3.4.0	UKMYC_PHENOTYPES	ukmyc_phenotypes:44355496856861ca	LZD	LINEZOLID	CHEBI:63607	TYZROVQLWOKYKF-ZDUSSCGKSA-N	4.0		mg/L	20	20	5									UKMYC6	false	HIGH	14	VZ	VZ,TM AGREE	4.0	2.0	R
3.4.0	UKMYC_PHENOTYPES	ukmyc_phenotypes:75912e7bec10ed18	LZD	LINEZOLID	CHEBI:63607	TYZROVQLWOKYKF-ZDUSSCGKSA-N	0.06	<=	mg/L	22	22	5									UKMYC6	false	HIGH	14	VZ	VZ,TM AGREE	<=0.06	-4.06	S
3.4.0	UKMYC_PHENOTYPES	ukmyc_phenotypes:8b7a382ec02d10c6	LZD	LINEZOLID	CHEBI:63607	TYZROVQLWOKYKF-ZDUSSCGKSA-N	4	>	mg/L	54	54	6									UKMYC6	false	HIGH	14	VZ	VZ,TM AGREE	>4	3.0	R
3.4.0	UKMYC_PHENOTYPES	ukmyc_phenotypes:b230cbd7b2c4cff5	LZD	LINEZOLID	CHEBI:63607	TYZROVQLWOKYKF-ZDUSSCGKSA-N				1	1	1									UKMYC6	false	HIGH	14	VZ	VZ,TM AGREE
3.4.0	UKMYC_PHENOTYPES	ukmyc_phenotypes:7e6f05c7810f07a5	LZD	LINEZOLID	CHEBI:63607	TYZROVQLWOKYKF-ZDUSSCGKSA-N	0.12		mg/L	3	3	3									UKMYC6	false	HIGH	21	VZ	BB,TM AGREE	0.12	-3.06	S
3.4.0	UKMYC_PHENOTYPES	ukmyc_phenotypes:46f037c2aab062b2	LZD	LINEZOLID	CHEBI:63607	TYZROVQLWOKYKF-ZDUSSCGKSA-N	0.25		mg/L	13	13	4									UKMYC6	false	HIGH	21	VZ	BB,TM AGREE	0.25	-2.0	S
3.4.0	UKMYC_PHENOTYPES	ukmyc_phenotypes:4357548105ec6753	LZD	LINEZOLID	CHEBI:63607	TYZROVQLWOKYKF-ZDUSSCGKSA-N	0.5		mg/L	6	6	4									UKMYC6	false	HIGH	21	VZ	BB,TM AGREE	0.5	-1.0	S
3.4.0	UKMYC_PHENOTYPES	ukmyc_phenotypes:4e8b3e07f3ebde02	LZD	LINEZOLID	CHEBI:63607	TYZROVQLWOKYKF-ZDUSSCGKSA-N	1.0		mg/L	5	5	3									UKMYC6	false	HIGH	21	VZ	BB,TM AGREE	1.0	0.0	S
3.4.0	UKMYC_PHENOTYPES	ukmyc_phenotypes:f8e018375eab48c0	LZD	LINEZOLID	CHEBI:63607	TYZROVQLWOKYKF-ZDUSSCGKSA-N	0.06	<=	mg/L	2	2	1									UKMYC6	false	HIGH	21	VZ	BB,TM AGREE	<=0.06	-4.06	S
3.4.0	UKMYC_PHENOTYPES	ukmyc_phenotypes:7633f0ffc9a81d8e	LZD	LINEZOLID	CHEBI:63607	TYZROVQLWOKYKF-ZDUSSCGKSA-N	0.12		mg/L	5	5	4									UKMYC6	false	HIGH	21	VZ	VZ,BB AGREE	0.12	-3.06	S
3.4.0	UKMYC_PHENOTYPES	ukmyc_phenotypes:bdd5ad5eae2c6fda	LZD	LINEZOLID	CHEBI:63607	TYZROVQLWOKYKF-ZDUSSCGKSA-N	0.25		mg/L	9	9	5									UKMYC6	false	HIGH	21	VZ	VZ,BB AGREE	0.25	-2.0	S
3.4.0	UKMYC_PHENOTYPES	ukmyc_phenotypes:5af1b0d525c961e3	LZD	LINEZOLID	CHEBI:63607	TYZROVQLWOKYKF-ZDUSSCGKSA-N	0.5		mg/L	3	3	3									UKMYC6	false	HIGH	21	VZ	VZ,BB AGREE	0.5	-1.0	S
3.4.0	UKMYC_PHENOTYPES	ukmyc_phenotypes:d972c83af1ec208b	LZD	LINEZOLID	CHEBI:63607	TYZROVQLWOKYKF-ZDUSSCGKSA-N	0.06	<=	mg/L	2	2	2									UKMYC6	false	HIGH	21	VZ	VZ,BB AGREE	<=0.06	-4.06	S
3.4.0	UKMYC_PHENOTYPES	ukmyc_phenotypes:3121deab442fd260	LZD	LINEZOLID	CHEBI:63607	TYZROVQLWOKYKF-ZDUSSCGKSA-N				1	1	1									UKMYC6	false	HIGH	21	VZ	VZ,BB AGREE
3.4.0	UKMYC_PHENOTYPES	ukmyc_phenotypes:e2694e411b1d92b1	LZD	LINEZOLID	CHEBI:63607	TYZROVQLWOKYKF-ZDUSSCGKSA-N	0.12		mg/L	137	137	6									UKMYC6	false	HIGH	21	VZ	VZ,TM AGREE	0.12	-3.06	S
3.4.0	UKMYC_PHENOTYPES	ukmyc_phenotypes:90b404c902a69eba	LZD	LINEZOLID	CHEBI:63607	TYZROVQLWOKYKF-ZDUSSCGKSA-N	0.25		mg/L	219	219	8									UKMYC6	false	HIGH	21	VZ	VZ,TM AGREE	0.25	-2.0	S
3.4.0	UKMYC_PHENOTYPES	ukmyc_phenotypes:b22002b2c93072d6	LZD	LINEZOLID	CHEBI:63607	TYZROVQLWOKYKF-ZDUSSCGKSA-N	0.5		mg/L	375	375	8									UKMYC6	false	HIGH	21	VZ	VZ,TM AGREE	0.5	-1.0	S
3.4.0	UKMYC_PHENOTYPES	ukmyc_phenotypes:24597d0d3ab6d421	LZD	LINEZOLID	CHEBI:63607	TYZROVQLWOKYKF-ZDUSSCGKSA-N	1.0		mg/L	59	59	6									UKMYC6	false	HIGH	21	VZ	VZ,TM AGREE	1.0	0.0	S
3.4.0	UKMYC_PHENOTYPES	ukmyc_phenotypes:6b0e7f6ea5370692	LZD	LINEZOLID	CHEBI:63607	TYZROVQLWOKYKF-ZDUSSCGKSA-N	2.0		mg/L	1	1	1									UKMYC6	false	HIGH	21	VZ	VZ,TM AGREE	2.0	1.0	R
3.4.0	UKMYC_PHENOTYPES	ukmyc_phenotypes:901598549e1936f1	LZD	LINEZOLID	CHEBI:63607	TYZROVQLWOKYKF-ZDUSSCGKSA-N	4.0		mg/L	1	1	1									UKMYC6	false	HIGH	21	VZ	VZ,TM AGREE	4.0	2.0	R
3.4.0	UKMYC_PHENOTYPES	ukmyc_phenotypes:091610859261da6c	LZD	LINEZOLID	CHEBI:63607	TYZROVQLWOKYKF-ZDUSSCGKSA-N	0.06	<=	mg/L	17	17	6									UKMYC6	false	HIGH	21	VZ	VZ,TM AGREE	<=0.06	-4.06	S
3.4.0	UKMYC_PHENOTYPES	ukmyc_phenotypes:b8cbf7c159372bae	LZD	LINEZOLID	CHEBI:63607	TYZROVQLWOKYKF-ZDUSSCGKSA-N	4	>	mg/L	1	1	1									UKMYC6	false	HIGH	21	VZ	VZ,TM AGREE	>4	3.0	R
3.4.0	UKMYC_PHENOTYPES	ukmyc_phenotypes:8cd06c27e3200e47	LZD	LINEZOLID	CHEBI:63607	TYZROVQLWOKYKF-ZDUSSCGKSA-N				1	1	1									UKMYC6	false	HIGH	21	VZ	VZ,TM AGREE
3.4.0	UKMYC_PHENOTYPES	ukmyc_phenotypes:5ac89078b6410daf	LZD	LINEZOLID	CHEBI:63607	TYZROVQLWOKYKF-ZDUSSCGKSA-N	0.12		mg/L	158	158	8									UKMYC6	false	LOW	14	VZ	ALL DISAGREE	0.12	-3.06	S
3.4.0	UKMYC_PHENOTYPES	ukmyc_phenotypes:bca3e0c91e226efc	LZD	LINEZOLID	CHEBI:63607	TYZROVQLWOKYKF-ZDUSSCGKSA-N	0.25		mg/L	585	585	9									UKMYC6	false	LOW	14	VZ	ALL DISAGREE	0.25	-2.0	S
3.4.0	UKMYC_PHENOTYPES	ukmyc_phenotypes:2d35ea1a41edcc83	LZD	LINEZOLID	CHEBI:63607	TYZROVQLWOKYKF-ZDUSSCGKSA-N	0.5		mg/L	696	696	9									UKMYC6	false	LOW	14	VZ	ALL DISAGREE	0.5	-1.0	S
3.4.0	UKMYC_PHENOTYPES	ukmyc_phenotypes:bac6b14b0e9bb3dd	LZD	LINEZOLID	CHEBI:63607	TYZROVQLWOKYKF-ZDUSSCGKSA-N	1.0		mg/L	189	189	10									UKMYC6	false	LOW	14	VZ	ALL DISAGREE	1.0	0.0	S
3.4.0	UKMYC_PHENOTYPES	ukmyc_phenotypes:405847e04f7b7625	LZD	LINEZOLID	CHEBI:63607	TYZROVQLWOKYKF-ZDUSSCGKSA-N	2.0		mg/L	33	33	7									UKMYC6	false	LOW	14	VZ	ALL DISAGREE	2.0	1.0	R
3.4.0	UKMYC_PHENOTYPES	ukmyc_phenotypes:94fffb8569e9d05e	LZD	LINEZOLID	CHEBI:63607	TYZROVQLWOKYKF-ZDUSSCGKSA-N	4.0		mg/L	16	16	6									UKMYC6	false	LOW	14	VZ	ALL DISAGREE	4.0	2.0	R
3.4.0	UKMYC_PHENOTYPES	ukmyc_phenotypes:2fac0886fc5ce3de	LZD	LINEZOLID	CHEBI:63607	TYZROVQLWOKYKF-ZDUSSCGKSA-N	0.06	<=	mg/L	30	30	6									UKMYC6	false	LOW	14	VZ	ALL DISAGREE	<=0.06	-4.06	S
3.4.0	UKMYC_PHENOTYPES	ukmyc_phenotypes:8ec2db5e5f181fbb	LZD	LINEZOLID	CHEBI:63607	TYZROVQLWOKYKF-ZDUSSCGKSA-N	4	>	mg/L	3	3	2									UKMYC6	false	LOW	14	VZ	ALL DISAGREE	>4	3.0	R
3.4.0	UKMYC_PHENOTYPES	ukmyc_phenotypes:ab533b342cdd102d	LZD	LINEZOLID	CHEBI:63607	TYZROVQLWOKYKF-ZDUSSCGKSA-N				10	10	5									UKMYC6	false	LOW	14	VZ	ALL DISAGREE
3.4.0	UKMYC_PHENOTYPES	ukmyc_phenotypes:39fb5e74d815e257	LZD	LINEZOLID	CHEBI:63607	TYZROVQLWOKYKF-ZDUSSCGKSA-N	0.12		mg/L	32	32	5									UKMYC6	false	LOW	21	VZ	ALL DISAGREE	0.12	-3.06	S
3.4.0	UKMYC_PHENOTYPES	ukmyc_phenotypes:645a6fbdc69ee45c	LZD	LINEZOLID	CHEBI:63607	TYZROVQLWOKYKF-ZDUSSCGKSA-N	0.25		mg/L	36	36	6									UKMYC6	false	LOW	21	VZ	ALL DISAGREE	0.25	-2.0	S
3.4.0	UKMYC_PHENOTYPES	ukmyc_phenotypes:10f726ece5dd35d3	LZD	LINEZOLID	CHEBI:63607	TYZROVQLWOKYKF-ZDUSSCGKSA-N	0.5		mg/L	21	21	5									UKMYC6	false	LOW	21	VZ	ALL DISAGREE	0.5	-1.0	S
3.4.0	UKMYC_PHENOTYPES	ukmyc_phenotypes:7133d7fe753638e7	LZD	LINEZOLID	CHEBI:63607	TYZROVQLWOKYKF-ZDUSSCGKSA-N	1.0		mg/L	2	2	2									UKMYC6	false	LOW	21	VZ	ALL DISAGREE	1.0	0.0	S
3.4.0	UKMYC_PHENOTYPES	ukmyc_phenotypes:88bb489b099aaa62	LZD	LINEZOLID	CHEBI:63607	TYZROVQLWOKYKF-ZDUSSCGKSA-N	0.06	<=	mg/L	6	6	4									UKMYC6	false	LOW	21	VZ	ALL DISAGREE	<=0.06	-4.06	S
3.4.0	UKMYC_PHENOTYPES	ukmyc_phenotypes:61943375c1aeb0d6	LZD	LINEZOLID	CHEBI:63607	TYZROVQLWOKYKF-ZDUSSCGKSA-N				1	1	1									UKMYC6	false	LOW	21	VZ	ALL DISAGREE
3.4.0	UKMYC_PHENOTYPES	ukmyc_phenotypes:9b0973774605cbdc	LZD	LINEZOLID	CHEBI:63607	TYZROVQLWOKYKF-ZDUSSCGKSA-N	0.12		mg/L	7	7	1									UKMYC6	false	MEDIUM	14	MB	VZ ONLY	0.12	-3.06	S
3.4.0	UKMYC_PHENOTYPES	ukmyc_phenotypes:fc7fa61a7b0f18ab	LZD	LINEZOLID	CHEBI:63607	TYZROVQLWOKYKF-ZDUSSCGKSA-N	0.25		mg/L	28	28	1									UKMYC6	false	MEDIUM	14	MB	VZ ONLY	0.25	-2.0	S
3.4.0	UKMYC_PHENOTYPES	ukmyc_phenotypes:8dc96a370796350f	LZD	LINEZOLID	CHEBI:63607	TYZROVQLWOKYKF-ZDUSSCGKSA-N	0.5		mg/L	22	22	1									UKMYC6	false	MEDIUM	14	MB	VZ ONLY	0.5	-1.0	S
3.4.0	UKMYC_PHENOTYPES	ukmyc_phenotypes:c0f752e3e4b1b6c9	LZD	LINEZOLID	CHEBI:63607	TYZROVQLWOKYKF-ZDUSSCGKSA-N	1.0		mg/L	2	2	1									UKMYC6	false	MEDIUM	14	MB	VZ ONLY	1.0	0.0	S
3.4.0	UKMYC_PHENOTYPES	ukmyc_phenotypes:6ee485a9e8e39922	LZD	LINEZOLID	CHEBI:63607	TYZROVQLWOKYKF-ZDUSSCGKSA-N	0.06	<=	mg/L	2	2	1									UKMYC6	false	MEDIUM	14	MB	VZ ONLY	<=0.06	-4.06	S
3.4.0	UKMYC_PHENOTYPES	ukmyc_phenotypes:f9133e06a0d637a8	LZD	LINEZOLID	CHEBI:63607	TYZROVQLWOKYKF-ZDUSSCGKSA-N	0.12		mg/L	106	106	4									UKMYC6	false	MEDIUM	14	VZ	BB RUNNING	0.12	-3.06	S
3.4.0	UKMYC_PHENOTYPES	ukmyc_phenotypes:4fed30473a7af783	LZD	LINEZOLID	CHEBI:63607	TYZROVQLWOKYKF-ZDUSSCGKSA-N	0.25		mg/L	229	229	5									UKMYC6	false	MEDIUM	14	VZ	BB RUNNING	0.25	-2.0	S
3.4.0	UKMYC_PHENOTYPES	ukmyc_phenotypes:a5acf89259c441a7	LZD	LINEZOLID	CHEBI:63607	TYZROVQLWOKYKF-ZDUSSCGKSA-N	0.5		mg/L	95	95	5									UKMYC6	false	MEDIUM	14	VZ	BB RUNNING	0.5	-1.0	S
3.4.0	UKMYC_PHENOTYPES	ukmyc_phenotypes:b4945f1790cfaae1	LZD	LINEZOLID	CHEBI:63607	TYZROVQLWOKYKF-ZDUSSCGKSA-N	1.0		mg/L	9	9	1									UKMYC6	false	MEDIUM	14	VZ	BB RUNNING	1.0	0.0	S
3.4.0	UKMYC_PHENOTYPES	ukmyc_phenotypes:f8ded520f6ad541d	LZD	LINEZOLID	CHEBI:63607	TYZROVQLWOKYKF-ZDUSSCGKSA-N	2.0		mg/L	1	1	1									UKMYC6	false	MEDIUM	14	VZ	BB RUNNING	2.0	1.0	R
3.4.0	UKMYC_PHENOTYPES	ukmyc_phenotypes:23c3a80d44c973ca	LZD	LINEZOLID	CHEBI:63607	TYZROVQLWOKYKF-ZDUSSCGKSA-N	4.0		mg/L	2	2	1									UKMYC6	false	MEDIUM	14	VZ	BB RUNNING	4.0	2.0	R
3.4.0	UKMYC_PHENOTYPES	ukmyc_phenotypes:aefb2f3c5dc763b8	LZD	LINEZOLID	CHEBI:63607	TYZROVQLWOKYKF-ZDUSSCGKSA-N	0.06	<=	mg/L	7	7	2									UKMYC6	false	MEDIUM	14	VZ	BB RUNNING	<=0.06	-4.06	S
3.4.0	UKMYC_PHENOTYPES	ukmyc_phenotypes:490f7a16dde559d6	LZD	LINEZOLID	CHEBI:63607	TYZROVQLWOKYKF-ZDUSSCGKSA-N	4	>	mg/L	1	1	1									UKMYC6	false	MEDIUM	14	VZ	BB RUNNING	>4	3.0	R
3.4.0	UKMYC_PHENOTYPES	ukmyc_phenotypes:d2630d4d6e9f3e67	LZD	LINEZOLID	CHEBI:63607	TYZROVQLWOKYKF-ZDUSSCGKSA-N	0.12		mg/L	56	56	5									UKMYC6	false	MEDIUM	14	VZ	VZ ONLY	0.12	-3.06	S
3.4.0	UKMYC_PHENOTYPES	ukmyc_phenotypes:f4a3a7aedf40cf00	LZD	LINEZOLID	CHEBI:63607	TYZROVQLWOKYKF-ZDUSSCGKSA-N	0.25		mg/L	250	250	10									UKMYC6	false	MEDIUM	14	VZ	VZ ONLY	0.25	-2.0	S
3.4.0	UKMYC_PHENOTYPES	ukmyc_phenotypes:32409e477f50b758	LZD	LINEZOLID	CHEBI:63607	TYZROVQLWOKYKF-ZDUSSCGKSA-N	0.5		mg/L	170	170	9									UKMYC6	false	MEDIUM	14	VZ	VZ ONLY	0.5	-1.0	S
3.4.0	UKMYC_PHENOTYPES	ukmyc_phenotypes:abe1bce194290eb1	LZD	LINEZOLID	CHEBI:63607	TYZROVQLWOKYKF-ZDUSSCGKSA-N	1.0		mg/L	26	26	8									UKMYC6	false	MEDIUM	14	VZ	VZ ONLY	1.0	0.0	S
3.4.0	UKMYC_PHENOTYPES	ukmyc_phenotypes:8cea8b244262c175	LZD	LINEZOLID	CHEBI:63607	TYZROVQLWOKYKF-ZDUSSCGKSA-N	2.0		mg/L	2	2	2									UKMYC6	false	MEDIUM	14	VZ	VZ ONLY	2.0	1.0	R
3.4.0	UKMYC_PHENOTYPES	ukmyc_phenotypes:84ee68afb1f93d71	LZD	LINEZOLID	CHEBI:63607	TYZROVQLWOKYKF-ZDUSSCGKSA-N	4.0		mg/L	3	3	2									UKMYC6	false	MEDIUM	14	VZ	VZ ONLY	4.0	2.0	R
3.4.0	UKMYC_PHENOTYPES	ukmyc_phenotypes:33478fcbd952b5c0	LZD	LINEZOLID	CHEBI:63607	TYZROVQLWOKYKF-ZDUSSCGKSA-N	0.06	<=	mg/L	24	24	3									UKMYC6	false	MEDIUM	14	VZ	VZ ONLY	<=0.06	-4.06	S
3.4.0	UKMYC_PHENOTYPES	ukmyc_phenotypes:279c212ddca655b7	LZD	LINEZOLID	CHEBI:63607	TYZROVQLWOKYKF-ZDUSSCGKSA-N	4	>	mg/L	2	2	2									UKMYC6	false	MEDIUM	14	VZ	VZ ONLY	>4	3.0	R
3.4.0	UKMYC_PHENOTYPES	ukmyc_phenotypes:c978eb3542615349	LZD	LINEZOLID	CHEBI:63607	TYZROVQLWOKYKF-ZDUSSCGKSA-N	0.12		mg/L	4	4	1									UKMYC6	false	MEDIUM	21	MB	VZ ONLY	0.12	-3.06	S
3.4.0	UKMYC_PHENOTYPES	ukmyc_phenotypes:fd07f82bb8dd4fb0	LZD	LINEZOLID	CHEBI:63607	TYZROVQLWOKYKF-ZDUSSCGKSA-N	0.25		mg/L	28	28	1									UKMYC6	false	MEDIUM	21	MB	VZ ONLY	0.25	-2.0	S
3.4.0	UKMYC_PHENOTYPES	ukmyc_phenotypes:6291420e5cc0cd1b	LZD	LINEZOLID	CHEBI:63607	TYZROVQLWOKYKF-ZDUSSCGKSA-N	0.5		mg/L	30	30	1									UKMYC6	false	MEDIUM	21	MB	VZ ONLY	0.5	-1.0	S
3.4.0	UKMYC_PHENOTYPES	ukmyc_phenotypes:af46a2581db691c9	LZD	LINEZOLID	CHEBI:63607	TYZROVQLWOKYKF-ZDUSSCGKSA-N	0.06	<=	mg/L	1	1	1									UKMYC6	false	MEDIUM	21	MB	VZ ONLY	<=0.06	-4.06	S
3.4.0	UKMYC_PHENOTYPES	ukmyc_phenotypes:b6c34b7eb67010f7	LZD	LINEZOLID	CHEBI:63607	TYZROVQLWOKYKF-ZDUSSCGKSA-N	0.12		mg/L	18	18	5									UKMYC6	false	MEDIUM	21	VZ	BB RUNNING	0.12	-3.06	S
3.4.0	UKMYC_PHENOTYPES	ukmyc_phenotypes:045b18f159a6ee40	LZD	LINEZOLID	CHEBI:63607	TYZROVQLWOKYKF-ZDUSSCGKSA-N	0.25		mg/L	43	43	4									UKMYC6	false	MEDIUM	21	VZ	BB RUNNING	0.25	-2.0	S
3.4.0	UKMYC_PHENOTYPES	ukmyc_phenotypes:93d208e269cca176	LZD	LINEZOLID	CHEBI:63607	TYZROVQLWOKYKF-ZDUSSCGKSA-N	0.5		mg/L	51	51	2									UKMYC6	false	MEDIUM	21	VZ	BB RUNNING	0.5	-1.0	S
3.4.0	UKMYC_PHENOTYPES	ukmyc_phenotypes:46af25b80eefb119	LZD	LINEZOLID	CHEBI:63607	TYZROVQLWOKYKF-ZDUSSCGKSA-N	1.0		mg/L	7	7	1									UKMYC6	false	MEDIUM	21	VZ	BB RUNNING	1.0	0.0	S
3.4.0	UKMYC_PHENOTYPES	ukmyc_phenotypes:f9d2d1989d4215e7	LZD	LINEZOLID	CHEBI:63607	TYZROVQLWOKYKF-ZDUSSCGKSA-N	0.06	<=	mg/L	2	2	1									UKMYC6	false	MEDIUM	21	VZ	BB RUNNING	<=0.06	-4.06	S
3.4.0	UKMYC_PHENOTYPES	ukmyc_phenotypes:7e7eed274b408854	LZD	LINEZOLID	CHEBI:63607	TYZROVQLWOKYKF-ZDUSSCGKSA-N	4	>	mg/L	1	1	1									UKMYC6	false	MEDIUM	21	VZ	BB RUNNING	>4	3.0	R
3.4.0	UKMYC_PHENOTYPES	ukmyc_phenotypes:57eeb28efd7457f7	LZD	LINEZOLID	CHEBI:63607	TYZROVQLWOKYKF-ZDUSSCGKSA-N				17	17	1									UKMYC6	false	MEDIUM	21	VZ	BB RUNNING
3.4.0	UKMYC_PHENOTYPES	ukmyc_phenotypes:3c3db8197e5956ed	LZD	LINEZOLID	CHEBI:63607	TYZROVQLWOKYKF-ZDUSSCGKSA-N	0.12		mg/L	37	37	4									UKMYC6	false	MEDIUM	21	VZ	VZ ONLY	0.12	-3.06	S
3.4.0	UKMYC_PHENOTYPES	ukmyc_phenotypes:1979ad9391293884	LZD	LINEZOLID	CHEBI:63607	TYZROVQLWOKYKF-ZDUSSCGKSA-N	0.25		mg/L	81	81	5									UKMYC6	false	MEDIUM	21	VZ	VZ ONLY	0.25	-2.0	S
3.4.0	UKMYC_PHENOTYPES	ukmyc_phenotypes:6499d1c1cf499876	LZD	LINEZOLID	CHEBI:63607	TYZROVQLWOKYKF-ZDUSSCGKSA-N	0.5		mg/L	31	31	4									UKMYC6	false	MEDIUM	21	VZ	VZ ONLY	0.5	-1.0	S
3.4.0	UKMYC_PHENOTYPES	ukmyc_phenotypes:a8214683d0587c56	LZD	LINEZOLID	CHEBI:63607	TYZROVQLWOKYKF-ZDUSSCGKSA-N	1.0		mg/L	5	5	2									UKMYC6	false	MEDIUM	21	VZ	VZ ONLY	1.0	0.0	S
3.4.0	UKMYC_PHENOTYPES	ukmyc_phenotypes:652c4f643ac3abb8	LZD	LINEZOLID	CHEBI:63607	TYZROVQLWOKYKF-ZDUSSCGKSA-N	4.0		mg/L	1	1	1									UKMYC6	false	MEDIUM	21	VZ	VZ ONLY	4.0	2.0	R
3.4.0	UKMYC_PHENOTYPES	ukmyc_phenotypes:e640458f2346de95	LZD	LINEZOLID	CHEBI:63607	TYZROVQLWOKYKF-ZDUSSCGKSA-N	0.06	<=	mg/L	4	4	1									UKMYC6	false	MEDIUM	21	VZ	VZ ONLY	<=0.06	-4.06	S
3.4.0	UKMYC_PHENOTYPES	ukmyc_phenotypes:d9068fff316eeafe	LZD	LINEZOLID	CHEBI:63607	TYZROVQLWOKYKF-ZDUSSCGKSA-N	4	>	mg/L	1	1	1									UKMYC6	false	MEDIUM	21	VZ	VZ ONLY	>4	3.0	R
3.4.0	UKMYC_PHENOTYPES	ukmyc_phenotypes:8c36c7a72ff9df43	LZD	LINEZOLID	CHEBI:63607	TYZROVQLWOKYKF-ZDUSSCGKSA-N				1	1	1									UKMYC6	false	MEDIUM	21	VZ	VZ ONLY
3.4.0	UKMYC_PHENOTYPES	ukmyc_phenotypes:c85ce93bef084133	MXF	MOXIFLOXACIN	CHEBI:63611	FABPRXSRWADJSP-MEDUHNTESA-N	0.12		mg/L	114	114	8									UKMYC5	false	HIGH	14	VZ	BB,TM AGREE	0.12	-3.06	S
3.4.0	UKMYC_PHENOTYPES	ukmyc_phenotypes:2e09291abbdaaca7	MXF	MOXIFLOXACIN	CHEBI:63611	FABPRXSRWADJSP-MEDUHNTESA-N	0.25		mg/L	177	177	8									UKMYC5	false	HIGH	14	VZ	BB,TM AGREE	0.25	-2.0	S
3.4.0	UKMYC_PHENOTYPES	ukmyc_phenotypes:7e24dc16dca72cc8	MXF	MOXIFLOXACIN	CHEBI:63611	FABPRXSRWADJSP-MEDUHNTESA-N	0.5		mg/L	210	210	7									UKMYC5	false	HIGH	14	VZ	BB,TM AGREE	0.5	-1.0	S
3.4.0	UKMYC_PHENOTYPES	ukmyc_phenotypes:74943989d73bbbc5	MXF	MOXIFLOXACIN	CHEBI:63611	FABPRXSRWADJSP-MEDUHNTESA-N	1.0		mg/L	26	26	6									UKMYC5	false	HIGH	14	VZ	BB,TM AGREE	1.0	0.0	S
3.4.0	UKMYC_PHENOTYPES	ukmyc_phenotypes:80cb3881880e4351	MXF	MOXIFLOXACIN	CHEBI:63611	FABPRXSRWADJSP-MEDUHNTESA-N	2.0		mg/L	31	31	6									UKMYC5	false	HIGH	14	VZ	BB,TM AGREE	2.0	1.0	R
3.4.0	UKMYC_PHENOTYPES	ukmyc_phenotypes:f0bfd105c7a3ce91	MXF	MOXIFLOXACIN	CHEBI:63611	FABPRXSRWADJSP-MEDUHNTESA-N	4.0		mg/L	33	33	6									UKMYC5	false	HIGH	14	VZ	BB,TM AGREE	4.0	2.0	R
3.4.0	UKMYC_PHENOTYPES	ukmyc_phenotypes:a9a1d8af47a29b70	MXF	MOXIFLOXACIN	CHEBI:63611	FABPRXSRWADJSP-MEDUHNTESA-N	0.06	<=	mg/L	67	67	5									UKMYC5	false	HIGH	14	VZ	BB,TM AGREE	<=0.06	-4.06	S
3.4.0	UKMYC_PHENOTYPES	ukmyc_phenotypes:92d5b395fe3d4ff0	MXF	MOXIFLOXACIN	CHEBI:63611	FABPRXSRWADJSP-MEDUHNTESA-N	4	>	mg/L	69	69	5									UKMYC5	false	HIGH	14	VZ	BB,TM AGREE	>4	3.0	R
3.4.0	UKMYC_PHENOTYPES	ukmyc_phenotypes:c380e7bdd4f59de2	MXF	MOXIFLOXACIN	CHEBI:63611	FABPRXSRWADJSP-MEDUHNTESA-N				1	1	1									UKMYC5	false	HIGH	14	VZ	BB,TM AGREE
3.4.0	UKMYC_PHENOTYPES	ukmyc_phenotypes:05c43cbd097109a9	MXF	MOXIFLOXACIN	CHEBI:63611	FABPRXSRWADJSP-MEDUHNTESA-N	0.12		mg/L	67	67	7									UKMYC5	false	HIGH	14	VZ	VZ,BB AGREE	0.12	-3.06	S
3.4.0	UKMYC_PHENOTYPES	ukmyc_phenotypes:c6a0f4722cff5fb0	MXF	MOXIFLOXACIN	CHEBI:63611	FABPRXSRWADJSP-MEDUHNTESA-N	0.25		mg/L	144	144	5									UKMYC5	false	HIGH	14	VZ	VZ,BB AGREE	0.25	-2.0	S
3.4.0	UKMYC_PHENOTYPES	ukmyc_phenotypes:e6d0c328e89a51ce	MXF	MOXIFLOXACIN	CHEBI:63611	FABPRXSRWADJSP-MEDUHNTESA-N	0.5		mg/L	63	63	6									UKMYC5	false	HIGH	14	VZ	VZ,BB AGREE	0.5	-1.0	S
3.4.0	UKMYC_PHENOTYPES	ukmyc_phenotypes:ef391aa65f4e89b6	MXF	MOXIFLOXACIN	CHEBI:63611	FABPRXSRWADJSP-MEDUHNTESA-N	1.0		mg/L	18	18	5									UKMYC5	false	HIGH	14	VZ	VZ,BB AGREE	1.0	0.0	S
3.4.0	UKMYC_PHENOTYPES	ukmyc_phenotypes:e9cb08fa88164d48	MXF	MOXIFLOXACIN	CHEBI:63611	FABPRXSRWADJSP-MEDUHNTESA-N	2.0		mg/L	8	8	4									UKMYC5	false	HIGH	14	VZ	VZ,BB AGREE	2.0	1.0	R
3.4.0	UKMYC_PHENOTYPES	ukmyc_phenotypes:5e10a75687832c30	MXF	MOXIFLOXACIN	CHEBI:63611	FABPRXSRWADJSP-MEDUHNTESA-N	4.0		mg/L	13	13	6									UKMYC5	false	HIGH	14	VZ	VZ,BB AGREE	4.0	2.0	R
3.4.0	UKMYC_PHENOTYPES	ukmyc_phenotypes:3cbb0abaad5c7ace	MXF	MOXIFLOXACIN	CHEBI:63611	FABPRXSRWADJSP-MEDUHNTESA-N	0.06	<=	mg/L	54	54	7									UKMYC5	false	HIGH	14	VZ	VZ,BB AGREE	<=0.06	-4.06	S
3.4.0	UKMYC_PHENOTYPES	ukmyc_phenotypes:4e92b26832c7379a	MXF	MOXIFLOXACIN	CHEBI:63611	FABPRXSRWADJSP-MEDUHNTESA-N	4	>	mg/L	17	17	5									UKMYC5	false	HIGH	14	VZ	VZ,BB AGREE	>4	3.0	R
3.4.0	UKMYC_PHENOTYPES	ukmyc_phenotypes:5f33813f787716bd	MXF	MOXIFLOXACIN	CHEBI:63611	FABPRXSRWADJSP-MEDUHNTESA-N				2	2	1									UKMYC5	false	HIGH	14	VZ	VZ,BB AGREE
3.4.0	UKMYC_PHENOTYPES	ukmyc_phenotypes:1d8514f9dafa4639	MXF	MOXIFLOXACIN	CHEBI:63611	FABPRXSRWADJSP-MEDUHNTESA-N	0.12		mg/L	677	677	8									UKMYC5	false	HIGH	14	VZ	VZ,TM AGREE	0.12	-3.06	S
3.4.0	UKMYC_PHENOTYPES	ukmyc_phenotypes:177b66c8a896d450	MXF	MOXIFLOXACIN	CHEBI:63611	FABPRXSRWADJSP-MEDUHNTESA-N	0.25		mg/L	1363	1363	8									UKMYC5	false	HIGH	14	VZ	VZ,TM AGREE	0.25	-2.0	S
3.4.0	UKMYC_PHENOTYPES	ukmyc_phenotypes:9ab45801e73224d6	MXF	MOXIFLOXACIN	CHEBI:63611	FABPRXSRWADJSP-MEDUHNTESA-N	0.5		mg/L	701	701	8									UKMYC5	false	HIGH	14	VZ	VZ,TM AGREE	0.5	-1.0	S
3.4.0	UKMYC_PHENOTYPES	ukmyc_phenotypes:6728ccc6cdb74619	MXF	MOXIFLOXACIN	CHEBI:63611	FABPRXSRWADJSP-MEDUHNTESA-N	1.0		mg/L	159	159	7									UKMYC5	false	HIGH	14	VZ	VZ,TM AGREE	1.0	0.0	S
3.4.0	UKMYC_PHENOTYPES	ukmyc_phenotypes:c6b2c242460d3856	MXF	MOXIFLOXACIN	CHEBI:63611	FABPRXSRWADJSP-MEDUHNTESA-N	2.0		mg/L	190	190	6									UKMYC5	false	HIGH	14	VZ	VZ,TM AGREE	2.0	1.0	R
3.4.0	UKMYC_PHENOTYPES	ukmyc_phenotypes:9d0c4f19716948e4	MXF	MOXIFLOXACIN	CHEBI:63611	FABPRXSRWADJSP-MEDUHNTESA-N	4.0		mg/L	184	184	8									UKMYC5	false	HIGH	14	VZ	VZ,TM AGREE	4.0	2.0	R
3.4.0	UKMYC_PHENOTYPES	ukmyc_phenotypes:9cb3ec6c537a162f	MXF	MOXIFLOXACIN	CHEBI:63611	FABPRXSRWADJSP-MEDUHNTESA-N	0.06	<=	mg/L	274	274	8									UKMYC5	false	HIGH	14	VZ	VZ,TM AGREE	<=0.06	-4.06	S
3.4.0	UKMYC_PHENOTYPES	ukmyc_phenotypes:86b9f537379ebcda	MXF	MOXIFLOXACIN	CHEBI:63611	FABPRXSRWADJSP-MEDUHNTESA-N	4	>	mg/L	292	292	7									UKMYC5	false	HIGH	14	VZ	VZ,TM AGREE	>4	3.0	R
3.4.0	UKMYC_PHENOTYPES	ukmyc_phenotypes:e15f5014e40b261f	MXF	MOXIFLOXACIN	CHEBI:63611	FABPRXSRWADJSP-MEDUHNTESA-N				1	1	1									UKMYC5	false	HIGH	14	VZ	VZ,TM AGREE
3.4.0	UKMYC_PHENOTYPES	ukmyc_phenotypes:4837bbdea657742f	MXF	MOXIFLOXACIN	CHEBI:63611	FABPRXSRWADJSP-MEDUHNTESA-N	0.12		mg/L	1	1	1									UKMYC5	false	HIGH	21	VZ	BB,TM AGREE	0.12	-3.06	S
3.4.0	UKMYC_PHENOTYPES	ukmyc_phenotypes:c0bbc7a069d93ed7	MXF	MOXIFLOXACIN	CHEBI:63611	FABPRXSRWADJSP-MEDUHNTESA-N	0.25		mg/L	4	4	4									UKMYC5	false	HIGH	21	VZ	BB,TM AGREE	0.25	-2.0	S
3.4.0	UKMYC_PHENOTYPES	ukmyc_phenotypes:e41ecb00ffa95091	MXF	MOXIFLOXACIN	CHEBI:63611	FABPRXSRWADJSP-MEDUHNTESA-N	0.5		mg/L	2	2	1									UKMYC5	false	HIGH	21	VZ	BB,TM AGREE	0.5	-1.0	S
3.4.0	UKMYC_PHENOTYPES	ukmyc_phenotypes:af8585ec58aac2f0	MXF	MOXIFLOXACIN	CHEBI:63611	FABPRXSRWADJSP-MEDUHNTESA-N	1.0		mg/L	1	1	1									UKMYC5	false	HIGH	21	VZ	BB,TM AGREE	1.0	0.0	S
3.4.0	UKMYC_PHENOTYPES	ukmyc_phenotypes:13b77861bbe64d9c	MXF	MOXIFLOXACIN	CHEBI:63611	FABPRXSRWADJSP-MEDUHNTESA-N	4.0		mg/L	1	1	1									UKMYC5	false	HIGH	21	VZ	BB,TM AGREE	4.0	2.0	R
3.4.0	UKMYC_PHENOTYPES	ukmyc_phenotypes:a07891c01f5387e3	MXF	MOXIFLOXACIN	CHEBI:63611	FABPRXSRWADJSP-MEDUHNTESA-N	0.06	<=	mg/L	2	2	1									UKMYC5	false	HIGH	21	VZ	BB,TM AGREE	<=0.06	-4.06	S
3.4.0	UKMYC_PHENOTYPES	ukmyc_phenotypes:8c329848a6bd04d3	MXF	MOXIFLOXACIN	CHEBI:63611	FABPRXSRWADJSP-MEDUHNTESA-N	4	>	mg/L	4	4	2									UKMYC5	false	HIGH	21	VZ	BB,TM AGREE	>4	3.0	R
3.4.0	UKMYC_PHENOTYPES	ukmyc_phenotypes:6a2a585a7b3acf36	MXF	MOXIFLOXACIN	CHEBI:63611	FABPRXSRWADJSP-MEDUHNTESA-N	0.12		mg/L	1	1	1									UKMYC5	false	HIGH	21	VZ	VZ,BB AGREE	0.12	-3.06	S
3.4.0	UKMYC_PHENOTYPES	ukmyc_phenotypes:e368fe7d0969562c	MXF	MOXIFLOXACIN	CHEBI:63611	FABPRXSRWADJSP-MEDUHNTESA-N	0.5		mg/L	1	1	1									UKMYC5	false	HIGH	21	VZ	VZ,BB AGREE	0.5	-1.0	S
3.4.0	UKMYC_PHENOTYPES	ukmyc_phenotypes:38753adf0a6a498b	MXF	MOXIFLOXACIN	CHEBI:63611	FABPRXSRWADJSP-MEDUHNTESA-N	0.06	<=	mg/L	1	1	1									UKMYC5	false	HIGH	21	VZ	VZ,BB AGREE	<=0.06	-4.06	S
3.4.0	UKMYC_PHENOTYPES	ukmyc_phenotypes:5387215e2bb4e90d	MXF	MOXIFLOXACIN	CHEBI:63611	FABPRXSRWADJSP-MEDUHNTESA-N	4	>	mg/L	1	1	1									UKMYC5	false	HIGH	21	VZ	VZ,BB AGREE	>4	3.0	R
3.4.0	UKMYC_PHENOTYPES	ukmyc_phenotypes:07e07e2c70fcdd97	MXF	MOXIFLOXACIN	CHEBI:63611	FABPRXSRWADJSP-MEDUHNTESA-N	0.12		mg/L	20	20	6									UKMYC5	false	HIGH	21	VZ	VZ,TM AGREE	0.12	-3.06	S
3.4.0	UKMYC_PHENOTYPES	ukmyc_phenotypes:5206ccb3f705a109	MXF	MOXIFLOXACIN	CHEBI:63611	FABPRXSRWADJSP-MEDUHNTESA-N	0.25		mg/L	22	22	6									UKMYC5	false	HIGH	21	VZ	VZ,TM AGREE	0.25	-2.0	S
3.4.0	UKMYC_PHENOTYPES	ukmyc_phenotypes:16000fff6931dff4	MXF	MOXIFLOXACIN	CHEBI:63611	FABPRXSRWADJSP-MEDUHNTESA-N	0.5		mg/L	9	9	3									UKMYC5	false	HIGH	21	VZ	VZ,TM AGREE	0.5	-1.0	S
3.4.0	UKMYC_PHENOTYPES	ukmyc_phenotypes:23d638e2fd0cc6f7	MXF	MOXIFLOXACIN	CHEBI:63611	FABPRXSRWADJSP-MEDUHNTESA-N	1.0		mg/L	1	1	1									UKMYC5	false	HIGH	21	VZ	VZ,TM AGREE	1.0	0.0	S
3.4.0	UKMYC_PHENOTYPES	ukmyc_phenotypes:b9461266adc6fc03	MXF	MOXIFLOXACIN	CHEBI:63611	FABPRXSRWADJSP-MEDUHNTESA-N	2.0		mg/L	5	5	3									UKMYC5	false	HIGH	21	VZ	VZ,TM AGREE	2.0	1.0	R
3.4.0	UKMYC_PHENOTYPES	ukmyc_phenotypes:31bbfdc2145eb4d4	MXF	MOXIFLOXACIN	CHEBI:63611	FABPRXSRWADJSP-MEDUHNTESA-N	4.0		mg/L	3	3	3									UKMYC5	false	HIGH	21	VZ	VZ,TM AGREE	4.0	2.0	R
3.4.0	UKMYC_PHENOTYPES	ukmyc_phenotypes:69632fb9f79b681a	MXF	MOXIFLOXACIN	CHEBI:63611	FABPRXSRWADJSP-MEDUHNTESA-N	0.06	<=	mg/L	24	24	4									UKMYC5	false	HIGH	21	VZ	VZ,TM AGREE	<=0.06	-4.06	S
3.4.0	UKMYC_PHENOTYPES	ukmyc_phenotypes:bd7ed48ef5f965f8	MXF	MOXIFLOXACIN	CHEBI:63611	FABPRXSRWADJSP-MEDUHNTESA-N	4	>	mg/L	1	1	1									UKMYC5	false	HIGH	21	VZ	VZ,TM AGREE	>4	3.0	R
3.4.0	UKMYC_PHENOTYPES	ukmyc_phenotypes:5208a0b6111c3318	MXF	MOXIFLOXACIN	CHEBI:63611	FABPRXSRWADJSP-MEDUHNTESA-N	0.12		mg/L	175	175	8									UKMYC5	false	LOW	14	VZ	ALL DISAGREE	0.12	-3.06	S
3.4.0	UKMYC_PHENOTYPES	ukmyc_phenotypes:04ac48e40b04ef86	MXF	MOXIFLOXACIN	CHEBI:63611	FABPRXSRWADJSP-MEDUHNTESA-N	0.25		mg/L	223	223	8									UKMYC5	false	LOW	14	VZ	ALL DISAGREE	0.25	-2.0	S
3.4.0	UKMYC_PHENOTYPES	ukmyc_phenotypes:447c835ab78bac80	MXF	MOXIFLOXACIN	CHEBI:63611	FABPRXSRWADJSP-MEDUHNTESA-N	0.5		mg/L	91	91	8									UKMYC5	false	LOW	14	VZ	ALL DISAGREE	0.5	-1.0	S
3.4.0	UKMYC_PHENOTYPES	ukmyc_phenotypes:2ee6317c17221173	MXF	MOXIFLOXACIN	CHEBI:63611	FABPRXSRWADJSP-MEDUHNTESA-N	1.0		mg/L	58	58	7									UKMYC5	false	LOW	14	VZ	ALL DISAGREE	1.0	0.0	S
3.4.0	UKMYC_PHENOTYPES	ukmyc_phenotypes:9fa7c48c96c86aaa	MXF	MOXIFLOXACIN	CHEBI:63611	FABPRXSRWADJSP-MEDUHNTESA-N	2.0		mg/L	60	60	4									UKMYC5	false	LOW	14	VZ	ALL DISAGREE	2.0	1.0	R
3.4.0	UKMYC_PHENOTYPES	ukmyc_phenotypes:1d56bd2e77928df9	MXF	MOXIFLOXACIN	CHEBI:63611	FABPRXSRWADJSP-MEDUHNTESA-N	4.0		mg/L	29	29	6									UKMYC5	false	LOW	14	VZ	ALL DISAGREE	4.0	2.0	R
3.4.0	UKMYC_PHENOTYPES	ukmyc_phenotypes:6f60a44888c0cb7e	MXF	MOXIFLOXACIN	CHEBI:63611	FABPRXSRWADJSP-MEDUHNTESA-N	0.06	<=	mg/L	125	125	6									UKMYC5	false	LOW	14	VZ	ALL DISAGREE	<=0.06	-4.06	S
3.4.0	UKMYC_PHENOTYPES	ukmyc_phenotypes:cfc191a2f4e4d73e	MXF	MOXIFLOXACIN	CHEBI:63611	FABPRXSRWADJSP-MEDUHNTESA-N	4	>	mg/L	2	2	2									UKMYC5	false	LOW	14	VZ	ALL DISAGREE	>4	3.0	R
3.4.0	UKMYC_PHENOTYPES	ukmyc_phenotypes:ffbe18135c3500b3	MXF	MOXIFLOXACIN	CHEBI:63611	FABPRXSRWADJSP-MEDUHNTESA-N				6	6	3									UKMYC5	false	LOW	14	VZ	ALL DISAGREE
3.4.0	UKMYC_PHENOTYPES	ukmyc_phenotypes:2a50ee7f34c56db6	MXF	MOXIFLOXACIN	CHEBI:63611	FABPRXSRWADJSP-MEDUHNTESA-N	0.12		mg/L	8	8	3									UKMYC5	false	LOW	21	VZ	ALL DISAGREE	0.12	-3.06	S
3.4.0	UKMYC_PHENOTYPES	ukmyc_phenotypes:c5c3ea2382129b9d	MXF	MOXIFLOXACIN	CHEBI:63611	FABPRXSRWADJSP-MEDUHNTESA-N	0.25		mg/L	9	9	5									UKMYC5	false	LOW	21	VZ	ALL DISAGREE	0.25	-2.0	S
3.4.0	UKMYC_PHENOTYPES	ukmyc_phenotypes:4b182f149321e016	MXF	MOXIFLOXACIN	CHEBI:63611	FABPRXSRWADJSP-MEDUHNTESA-N	0.5		mg/L	2	2	1									UKMYC5	false	LOW	21	VZ	ALL DISAGREE	0.5	-1.0	S
3.4.0	UKMYC_PHENOTYPES	ukmyc_phenotypes:1231cc5e408c0b25	MXF	MOXIFLOXACIN	CHEBI:63611	FABPRXSRWADJSP-MEDUHNTESA-N	2.0		mg/L	1	1	1									UKMYC5	false	LOW	21	VZ	ALL DISAGREE	2.0	1.0	R
3.4.0	UKMYC_PHENOTYPES	ukmyc_phenotypes:546004073fd53e76	MXF	MOXIFLOXACIN	CHEBI:63611	FABPRXSRWADJSP-MEDUHNTESA-N	4.0		mg/L	2	2	2									UKMYC5	false	LOW	21	VZ	ALL DISAGREE	4.0	2.0	R
3.4.0	UKMYC_PHENOTYPES	ukmyc_phenotypes:8ba2c87751ae464f	MXF	MOXIFLOXACIN	CHEBI:63611	FABPRXSRWADJSP-MEDUHNTESA-N	0.06	<=	mg/L	6	6	3									UKMYC5	false	LOW	21	VZ	ALL DISAGREE	<=0.06	-4.06	S
3.4.0	UKMYC_PHENOTYPES	ukmyc_phenotypes:eef2f7927144e82a	MXF	MOXIFLOXACIN	CHEBI:63611	FABPRXSRWADJSP-MEDUHNTESA-N				80	80	1									UKMYC5	false	MEDIUM	10	VZ	VZ ONLY
3.4.0	UKMYC_PHENOTYPES	ukmyc_phenotypes:db709aa8afaa1a89	MXF	MOXIFLOXACIN	CHEBI:63611	FABPRXSRWADJSP-MEDUHNTESA-N	0.12		mg/L	1	1	1									UKMYC5	false	MEDIUM	14	VZ	BB RUNNING	0.12	-3.06	S
3.4.0	UKMYC_PHENOTYPES	ukmyc_phenotypes:cbdf37e7d3da9479	MXF	MOXIFLOXACIN	CHEBI:63611	FABPRXSRWADJSP-MEDUHNTESA-N	2.0		mg/L	1	1	1									UKMYC5	false	MEDIUM	14	VZ	BB RUNNING	2.0	1.0	R
3.4.0	UKMYC_PHENOTYPES	ukmyc_phenotypes:8fed84b51bb23401	MXF	MOXIFLOXACIN	CHEBI:63611	FABPRXSRWADJSP-MEDUHNTESA-N				1	1	1									UKMYC5	false	MEDIUM	14	VZ	BB RUNNING
3.4.0	UKMYC_PHENOTYPES	ukmyc_phenotypes:81082802a82b1476	MXF	MOXIFLOXACIN	CHEBI:63611	FABPRXSRWADJSP-MEDUHNTESA-N	0.12		mg/L	237	237	5									UKMYC5	false	MEDIUM	14	VZ	VZ ONLY	0.12	-3.06	S
3.4.0	UKMYC_PHENOTYPES	ukmyc_phenotypes:ae047dd5f8376f15	MXF	MOXIFLOXACIN	CHEBI:63611	FABPRXSRWADJSP-MEDUHNTESA-N	0.25		mg/L	336	336	6									UKMYC5	false	MEDIUM	14	VZ	VZ ONLY	0.25	-2.0	S
3.4.0	UKMYC_PHENOTYPES	ukmyc_phenotypes:55b33dc3de01e54d	MXF	MOXIFLOXACIN	CHEBI:63611	FABPRXSRWADJSP-MEDUHNTESA-N	0.5		mg/L	149	149	5									UKMYC5	false	MEDIUM	14	VZ	VZ ONLY	0.5	-1.0	S
3.4.0	UKMYC_PHENOTYPES	ukmyc_phenotypes:c4ab4251be0e5743	MXF	MOXIFLOXACIN	CHEBI:63611	FABPRXSRWADJSP-MEDUHNTESA-N	1.0		mg/L	56	56	5									UKMYC5	false	MEDIUM	14	VZ	VZ ONLY	1.0	0.0	S
3.4.0	UKMYC_PHENOTYPES	ukmyc_phenotypes:30d27346712cb725	MXF	MOXIFLOXACIN	CHEBI:63611	FABPRXSRWADJSP-MEDUHNTESA-N	2.0		mg/L	75	75	4									UKMYC5	false	MEDIUM	14	VZ	VZ ONLY	2.0	1.0	R
3.4.0	UKMYC_PHENOTYPES	ukmyc_phenotypes:4ac147135c986fd2	MXF	MOXIFLOXACIN	CHEBI:63611	FABPRXSRWADJSP-MEDUHNTESA-N	4.0		mg/L	57	57	3									UKMYC5	false	MEDIUM	14	VZ	VZ ONLY	4.0	2.0	R
3.4.0	UKMYC_PHENOTYPES	ukmyc_phenotypes:821f14d956220715	MXF	MOXIFLOXACIN	CHEBI:63611	FABPRXSRWADJSP-MEDUHNTESA-N	0.06	<=	mg/L	116	116	4									UKMYC5	false	MEDIUM	14	VZ	VZ ONLY	<=0.06	-4.06	S
3.4.0	UKMYC_PHENOTYPES	ukmyc_phenotypes:1fe6131cbf5865c2	MXF	MOXIFLOXACIN	CHEBI:63611	FABPRXSRWADJSP-MEDUHNTESA-N	4	>	mg/L	36	36	4									UKMYC5	false	MEDIUM	14	VZ	VZ ONLY	>4	3.0	R
3.4.0	UKMYC_PHENOTYPES	ukmyc_phenotypes:422dc09cb96dc024	MXF	MOXIFLOXACIN	CHEBI:63611	FABPRXSRWADJSP-MEDUHNTESA-N				21	21	2									UKMYC5	false	MEDIUM	14	VZ	VZ ONLY
3.4.0	UKMYC_PHENOTYPES	ukmyc_phenotypes:2514caee4c630dd0	MXF	MOXIFLOXACIN	CHEBI:63611	FABPRXSRWADJSP-MEDUHNTESA-N	0.12		mg/L	6	6	2									UKMYC5	false	MEDIUM	21	VZ	VZ ONLY	0.12	-3.06	S
3.4.0	UKMYC_PHENOTYPES	ukmyc_phenotypes:3f54104e62028c41	MXF	MOXIFLOXACIN	CHEBI:63611	FABPRXSRWADJSP-MEDUHNTESA-N	0.25		mg/L	3	3	2									UKMYC5	false	MEDIUM	21	VZ	VZ ONLY	0.25	-2.0	S
3.4.0	UKMYC_PHENOTYPES	ukmyc_phenotypes:7402478dc3c8788e	MXF	MOXIFLOXACIN	CHEBI:63611	FABPRXSRWADJSP-MEDUHNTESA-N	0.5		mg/L	2	2	1									UKMYC5	false	MEDIUM	21	VZ	VZ ONLY	0.5	-1.0	S
3.4.0	UKMYC_PHENOTYPES	ukmyc_phenotypes:b994dbcca446c8e7	MXF	MOXIFLOXACIN	CHEBI:63611	FABPRXSRWADJSP-MEDUHNTESA-N	2.0		mg/L	2	2	1									UKMYC5	false	MEDIUM	21	VZ	VZ ONLY	2.0	1.0	R
3.4.0	UKMYC_PHENOTYPES	ukmyc_phenotypes:14b8298c35cddeb9	MXF	MOXIFLOXACIN	CHEBI:63611	FABPRXSRWADJSP-MEDUHNTESA-N	4.0		mg/L	1	1	1									UKMYC5	false	MEDIUM	21	VZ	VZ ONLY	4.0	2.0	R
3.4.0	UKMYC_PHENOTYPES	ukmyc_phenotypes:778b52bbb6973bfe	MXF	MOXIFLOXACIN	CHEBI:63611	FABPRXSRWADJSP-MEDUHNTESA-N				1	1	1									UKMYC5	false	MEDIUM	21	VZ	VZ ONLY
3.4.0	UKMYC_PHENOTYPES	ukmyc_phenotypes:6edcd615dd7196d6	MXF	MOXIFLOXACIN	CHEBI:63611	FABPRXSRWADJSP-MEDUHNTESA-N	0.12		mg/L	115	115	8									UKMYC6	false	HIGH	14	VZ	BB,TM AGREE	0.12	-3.06	S
3.4.0	UKMYC_PHENOTYPES	ukmyc_phenotypes:9abe0ef76661b32a	MXF	MOXIFLOXACIN	CHEBI:63611	FABPRXSRWADJSP-MEDUHNTESA-N	0.25		mg/L	258	258	9									UKMYC6	false	HIGH	14	VZ	BB,TM AGREE	0.25	-2.0	S
3.4.0	UKMYC_PHENOTYPES	ukmyc_phenotypes:bab464dc8ddbb3f4	MXF	MOXIFLOXACIN	CHEBI:63611	FABPRXSRWADJSP-MEDUHNTESA-N	0.5		mg/L	193	193	9									UKMYC6	false	HIGH	14	VZ	BB,TM AGREE	0.5	-1.0	S
3.4.0	UKMYC_PHENOTYPES	ukmyc_phenotypes:2a43f4d044c79f83	MXF	MOXIFLOXACIN	CHEBI:63611	FABPRXSRWADJSP-MEDUHNTESA-N	1.0		mg/L	50	50	6									UKMYC6	false	HIGH	14	VZ	BB,TM AGREE	1.0	0.0	S
3.4.0	UKMYC_PHENOTYPES	ukmyc_phenotypes:e649294a8fe7d09b	MXF	MOXIFLOXACIN	CHEBI:63611	FABPRXSRWADJSP-MEDUHNTESA-N	2.0		mg/L	14	14	6									UKMYC6	false	HIGH	14	VZ	BB,TM AGREE	2.0	1.0	R
3.4.0	UKMYC_PHENOTYPES	ukmyc_phenotypes:3aaf3767324dd183	MXF	MOXIFLOXACIN	CHEBI:63611	FABPRXSRWADJSP-MEDUHNTESA-N	4.0		mg/L	30	30	8									UKMYC6	false	HIGH	14	VZ	BB,TM AGREE	4.0	2.0	R
3.4.0	UKMYC_PHENOTYPES	ukmyc_phenotypes:9a3ef1dc217a8406	MXF	MOXIFLOXACIN	CHEBI:63611	FABPRXSRWADJSP-MEDUHNTESA-N	0.06	<=	mg/L	53	53	3									UKMYC6	false	HIGH	14	VZ	BB,TM AGREE	<=0.06	-4.06	S
3.4.0	UKMYC_PHENOTYPES	ukmyc_phenotypes:0d193ef2666893c3	MXF	MOXIFLOXACIN	CHEBI:63611	FABPRXSRWADJSP-MEDUHNTESA-N	4	>	mg/L	196	196	7									UKMYC6	false	HIGH	14	VZ	BB,TM AGREE	>4	3.0	R
3.4.0	UKMYC_PHENOTYPES	ukmyc_phenotypes:dbb4e05c00a1eef4	MXF	MOXIFLOXACIN	CHEBI:63611	FABPRXSRWADJSP-MEDUHNTESA-N				10	10	4									UKMYC6	false	HIGH	14	VZ	BB,TM AGREE
3.4.0	UKMYC_PHENOTYPES	ukmyc_phenotypes:68bf41c6f53e586b	MXF	MOXIFLOXACIN	CHEBI:63611	FABPRXSRWADJSP-MEDUHNTESA-N	0.12		mg/L	48	48	8									UKMYC6	false	HIGH	14	VZ	VZ,BB AGREE	0.12	-3.06	S
3.4.0	UKMYC_PHENOTYPES	ukmyc_phenotypes:4d0519e87bfe8e18	MXF	MOXIFLOXACIN	CHEBI:63611	FABPRXSRWADJSP-MEDUHNTESA-N	0.25		mg/L	76	76	7									UKMYC6	false	HIGH	14	VZ	VZ,BB AGREE	0.25	-2.0	S
3.4.0	UKMYC_PHENOTYPES	ukmyc_phenotypes:479869c58f1d5c55	MXF	MOXIFLOXACIN	CHEBI:63611	FABPRXSRWADJSP-MEDUHNTESA-N	0.5		mg/L	55	55	6									UKMYC6	false	HIGH	14	VZ	VZ,BB AGREE	0.5	-1.0	S
3.4.0	UKMYC_PHENOTYPES	ukmyc_phenotypes:38e99ebf76109f05	MXF	MOXIFLOXACIN	CHEBI:63611	FABPRXSRWADJSP-MEDUHNTESA-N	1.0		mg/L	14	14	5									UKMYC6	false	HIGH	14	VZ	VZ,BB AGREE	1.0	0.0	S
3.4.0	UKMYC_PHENOTYPES	ukmyc_phenotypes:afb931e0ff47244f	MXF	MOXIFLOXACIN	CHEBI:63611	FABPRXSRWADJSP-MEDUHNTESA-N	2.0		mg/L	9	9	6									UKMYC6	false	HIGH	14	VZ	VZ,BB AGREE	2.0	1.0	R
3.4.0	UKMYC_PHENOTYPES	ukmyc_phenotypes:f76ff8141340f191	MXF	MOXIFLOXACIN	CHEBI:63611	FABPRXSRWADJSP-MEDUHNTESA-N	4.0		mg/L	24	24	6									UKMYC6	false	HIGH	14	VZ	VZ,BB AGREE	4.0	2.0	R
3.4.0	UKMYC_PHENOTYPES	ukmyc_phenotypes:0c8de82145797750	MXF	MOXIFLOXACIN	CHEBI:63611	FABPRXSRWADJSP-MEDUHNTESA-N	0.06	<=	mg/L	30	30	5									UKMYC6	false	HIGH	14	VZ	VZ,BB AGREE	<=0.06	-4.06	S
3.4.0	UKMYC_PHENOTYPES	ukmyc_phenotypes:c2119a88a331d1fb	MXF	MOXIFLOXACIN	CHEBI:63611	FABPRXSRWADJSP-MEDUHNTESA-N	4	>	mg/L	29	29	6									UKMYC6	false	HIGH	14	VZ	VZ,BB AGREE	>4	3.0	R
3.4.0	UKMYC_PHENOTYPES	ukmyc_phenotypes:842f7087bc98866e	MXF	MOXIFLOXACIN	CHEBI:63611	FABPRXSRWADJSP-MEDUHNTESA-N				11	11	3									UKMYC6	false	HIGH	14	VZ	VZ,BB AGREE
3.4.0	UKMYC_PHENOTYPES	ukmyc_phenotypes:51af0df98be40b13	MXF	MOXIFLOXACIN	CHEBI:63611	FABPRXSRWADJSP-MEDUHNTESA-N	0.12		mg/L	1846	1846	10									UKMYC6	false	HIGH	14	VZ	VZ,TM AGREE	0.12	-3.06	S
3.4.0	UKMYC_PHENOTYPES	ukmyc_phenotypes:02219c37e42e4588	MXF	MOXIFLOXACIN	CHEBI:63611	FABPRXSRWADJSP-MEDUHNTESA-N	0.25		mg/L	3693	3693	9									UKMYC6	false	HIGH	14	VZ	VZ,TM AGREE	0.25	-2.0	S
3.4.0	UKMYC_PHENOTYPES	ukmyc_phenotypes:780531d6739746d7	MXF	MOXIFLOXACIN	CHEBI:63611	FABPRXSRWADJSP-MEDUHNTESA-N	0.5		mg/L	2384	2384	10									UKMYC6	false	HIGH	14	VZ	VZ,TM AGREE	0.5	-1.0	S
3.4.0	UKMYC_PHENOTYPES	ukmyc_phenotypes:bc0835553a86806e	MXF	MOXIFLOXACIN	CHEBI:63611	FABPRXSRWADJSP-MEDUHNTESA-N	1.0		mg/L	289	289	11									UKMYC6	false	HIGH	14	VZ	VZ,TM AGREE	1.0	0.0	S
3.4.0	UKMYC_PHENOTYPES	ukmyc_phenotypes:58c1ca889647bfe3	MXF	MOXIFLOXACIN	CHEBI:63611	FABPRXSRWADJSP-MEDUHNTESA-N	2.0		mg/L	229	229	9									UKMYC6	false	HIGH	14	VZ	VZ,TM AGREE	2.0	1.0	R
3.4.0	UKMYC_PHENOTYPES	ukmyc_phenotypes:f21901c1bd4cfe93	MXF	MOXIFLOXACIN	CHEBI:63611	FABPRXSRWADJSP-MEDUHNTESA-N	4.0		mg/L	336	336	8									UKMYC6	false	HIGH	14	VZ	VZ,TM AGREE	4.0	2.0	R
3.4.0	UKMYC_PHENOTYPES	ukmyc_phenotypes:9df9083c72318663	MXF	MOXIFLOXACIN	CHEBI:63611	FABPRXSRWADJSP-MEDUHNTESA-N	0.06	<=	mg/L	340	340	6									UKMYC6	false	HIGH	14	VZ	VZ,TM AGREE	<=0.06	-4.06	S
3.4.0	UKMYC_PHENOTYPES	ukmyc_phenotypes:fff6eef3744b3f51	MXF	MOXIFLOXACIN	CHEBI:63611	FABPRXSRWADJSP-MEDUHNTESA-N	4	>	mg/L	205	205	7									UKMYC6	false	HIGH	14	VZ	VZ,TM AGREE	>4	3.0	R
3.4.0	UKMYC_PHENOTYPES	ukmyc_phenotypes:816f17ef9cdc7eff	MXF	MOXIFLOXACIN	CHEBI:63611	FABPRXSRWADJSP-MEDUHNTESA-N				2	2	2									UKMYC6	false	HIGH	14	VZ	VZ,TM AGREE
3.4.0	UKMYC_PHENOTYPES	ukmyc_phenotypes:9cd6fb1eeb599c0c	MXF	MOXIFLOXACIN	CHEBI:63611	FABPRXSRWADJSP-MEDUHNTESA-N	0.12		mg/L	12	12	5									UKMYC6	false	HIGH	21	VZ	BB,TM AGREE	0.12	-3.06	S
3.4.0	UKMYC_PHENOTYPES	ukmyc_phenotypes:cba8369d6de0e0ec	MXF	MOXIFLOXACIN	CHEBI:63611	FABPRXSRWADJSP-MEDUHNTESA-N	0.25		mg/L	4	4	4									UKMYC6	false	HIGH	21	VZ	BB,TM AGREE	0.25	-2.0	S
3.4.0	UKMYC_PHENOTYPES	ukmyc_phenotypes:f9c4630dcb869fc6	MXF	MOXIFLOXACIN	CHEBI:63611	FABPRXSRWADJSP-MEDUHNTESA-N	0.5		mg/L	7	7	4									UKMYC6	false	HIGH	21	VZ	BB,TM AGREE	0.5	-1.0	S
3.4.0	UKMYC_PHENOTYPES	ukmyc_phenotypes:b6fac8854cf2e88d	MXF	MOXIFLOXACIN	CHEBI:63611	FABPRXSRWADJSP-MEDUHNTESA-N	1.0		mg/L	1	1	1									UKMYC6	false	HIGH	21	VZ	BB,TM AGREE	1.0	0.0	S
3.4.0	UKMYC_PHENOTYPES	ukmyc_phenotypes:22c9734dca9add02	MXF	MOXIFLOXACIN	CHEBI:63611	FABPRXSRWADJSP-MEDUHNTESA-N	4.0		mg/L	1	1	1									UKMYC6	false	HIGH	21	VZ	BB,TM AGREE	4.0	2.0	R
3.4.0	UKMYC_PHENOTYPES	ukmyc_phenotypes:102e5ee5611b45db	MXF	MOXIFLOXACIN	CHEBI:63611	FABPRXSRWADJSP-MEDUHNTESA-N	0.06	<=	mg/L	6	6	3									UKMYC6	false	HIGH	21	VZ	BB,TM AGREE	<=0.06	-4.06	S
3.4.0	UKMYC_PHENOTYPES	ukmyc_phenotypes:c953615b85cdd03b	MXF	MOXIFLOXACIN	CHEBI:63611	FABPRXSRWADJSP-MEDUHNTESA-N	4	>	mg/L	5	5	2									UKMYC6	false	HIGH	21	VZ	BB,TM AGREE	>4	3.0	R
3.4.0	UKMYC_PHENOTYPES	ukmyc_phenotypes:0fdbeae0f34568c9	MXF	MOXIFLOXACIN	CHEBI:63611	FABPRXSRWADJSP-MEDUHNTESA-N	0.12		mg/L	2	2	2									UKMYC6	false	HIGH	21	VZ	VZ,BB AGREE	0.12	-3.06	S
3.4.0	UKMYC_PHENOTYPES	ukmyc_phenotypes:db3c1b1aa4955ec5	MXF	MOXIFLOXACIN	CHEBI:63611	FABPRXSRWADJSP-MEDUHNTESA-N	0.25		mg/L	2	2	2									UKMYC6	false	HIGH	21	VZ	VZ,BB AGREE	0.25	-2.0	S
3.4.0	UKMYC_PHENOTYPES	ukmyc_phenotypes:6d57b01c044a7a66	MXF	MOXIFLOXACIN	CHEBI:63611	FABPRXSRWADJSP-MEDUHNTESA-N	0.5		mg/L	6	6	5									UKMYC6	false	HIGH	21	VZ	VZ,BB AGREE	0.5	-1.0	S
3.4.0	UKMYC_PHENOTYPES	ukmyc_phenotypes:706da0a523be9b5d	MXF	MOXIFLOXACIN	CHEBI:63611	FABPRXSRWADJSP-MEDUHNTESA-N	2.0		mg/L	1	1	1									UKMYC6	false	HIGH	21	VZ	VZ,BB AGREE	2.0	1.0	R
3.4.0	UKMYC_PHENOTYPES	ukmyc_phenotypes:d4ab193bcf471ed9	MXF	MOXIFLOXACIN	CHEBI:63611	FABPRXSRWADJSP-MEDUHNTESA-N	0.06	<=	mg/L	9	9	4									UKMYC6	false	HIGH	21	VZ	VZ,BB AGREE	<=0.06	-4.06	S
3.4.0	UKMYC_PHENOTYPES	ukmyc_phenotypes:38eb7a9229f3fa53	MXF	MOXIFLOXACIN	CHEBI:63611	FABPRXSRWADJSP-MEDUHNTESA-N	4	>	mg/L	4	4	3									UKMYC6	false	HIGH	21	VZ	VZ,BB AGREE	>4	3.0	R
3.4.0	UKMYC_PHENOTYPES	ukmyc_phenotypes:2767f367f944f6c9	MXF	MOXIFLOXACIN	CHEBI:63611	FABPRXSRWADJSP-MEDUHNTESA-N				2	2	2									UKMYC6	false	HIGH	21	VZ	VZ,BB AGREE
3.4.0	UKMYC_PHENOTYPES	ukmyc_phenotypes:5f55391cd019202a	MXF	MOXIFLOXACIN	CHEBI:63611	FABPRXSRWADJSP-MEDUHNTESA-N	0.12		mg/L	200	200	8									UKMYC6	false	HIGH	21	VZ	VZ,TM AGREE	0.12	-3.06	S
3.4.0	UKMYC_PHENOTYPES	ukmyc_phenotypes:34343215377e721b	MXF	MOXIFLOXACIN	CHEBI:63611	FABPRXSRWADJSP-MEDUHNTESA-N	0.25		mg/L	185	185	8									UKMYC6	false	HIGH	21	VZ	VZ,TM AGREE	0.25	-2.0	S
3.4.0	UKMYC_PHENOTYPES	ukmyc_phenotypes:0c48d26257591a6e	MXF	MOXIFLOXACIN	CHEBI:63611	FABPRXSRWADJSP-MEDUHNTESA-N	0.5		mg/L	240	240	8									UKMYC6	false	HIGH	21	VZ	VZ,TM AGREE	0.5	-1.0	S
3.4.0	UKMYC_PHENOTYPES	ukmyc_phenotypes:d2e710cfef870fe3	MXF	MOXIFLOXACIN	CHEBI:63611	FABPRXSRWADJSP-MEDUHNTESA-N	1.0		mg/L	36	36	6									UKMYC6	false	HIGH	21	VZ	VZ,TM AGREE	1.0	0.0	S
3.4.0	UKMYC_PHENOTYPES	ukmyc_phenotypes:827b200c243d5812	MXF	MOXIFLOXACIN	CHEBI:63611	FABPRXSRWADJSP-MEDUHNTESA-N	2.0		mg/L	13	13	5									UKMYC6	false	HIGH	21	VZ	VZ,TM AGREE	2.0	1.0	R
3.4.0	UKMYC_PHENOTYPES	ukmyc_phenotypes:0a8454e591589e3a	MXF	MOXIFLOXACIN	CHEBI:63611	FABPRXSRWADJSP-MEDUHNTESA-N	4.0		mg/L	17	17	5									UKMYC6	false	HIGH	21	VZ	VZ,TM AGREE	4.0	2.0	R
3.4.0	UKMYC_PHENOTYPES	ukmyc_phenotypes:049fe3513155df87	MXF	MOXIFLOXACIN	CHEBI:63611	FABPRXSRWADJSP-MEDUHNTESA-N	0.06	<=	mg/L	68	68	6									UKMYC6	false	HIGH	21	VZ	VZ,TM AGREE	<=0.06	-4.06	S
3.4.0	UKMYC_PHENOTYPES	ukmyc_phenotypes:282ab1af532024dd	MXF	MOXIFLOXACIN	CHEBI:63611	FABPRXSRWADJSP-MEDUHNTESA-N	4	>	mg/L	18	18	5									UKMYC6	false	HIGH	21	VZ	VZ,TM AGREE	>4	3.0	R
3.4.0	UKMYC_PHENOTYPES	ukmyc_phenotypes:722bc2a97eba6bf6	MXF	MOXIFLOXACIN	CHEBI:63611	FABPRXSRWADJSP-MEDUHNTESA-N				2	2	1									UKMYC6	false	HIGH	21	VZ	VZ,TM AGREE
3.4.0	UKMYC_PHENOTYPES	ukmyc_phenotypes:956619bb7574edec	MXF	MOXIFLOXACIN	CHEBI:63611	FABPRXSRWADJSP-MEDUHNTESA-N	0.12		mg/L	476	476	9									UKMYC6	false	LOW	14	VZ	ALL DISAGREE	0.12	-3.06	S
3.4.0	UKMYC_PHENOTYPES	ukmyc_phenotypes:9de8c8bf018e4c30	MXF	MOXIFLOXACIN	CHEBI:63611	FABPRXSRWADJSP-MEDUHNTESA-N	0.25		mg/L	658	658	10									UKMYC6	false	LOW	14	VZ	ALL DISAGREE	0.25	-2.0	S
3.4.0	UKMYC_PHENOTYPES	ukmyc_phenotypes:e45f1e0ec3bc2cc6	MXF	MOXIFLOXACIN	CHEBI:63611	FABPRXSRWADJSP-MEDUHNTESA-N	0.5		mg/L	368	368	9									UKMYC6	false	LOW	14	VZ	ALL DISAGREE	0.5	-1.0	S
3.4.0	UKMYC_PHENOTYPES	ukmyc_phenotypes:87d5837c7980fcde	MXF	MOXIFLOXACIN	CHEBI:63611	FABPRXSRWADJSP-MEDUHNTESA-N	1.0		mg/L	123	123	10									UKMYC6	false	LOW	14	VZ	ALL DISAGREE	1.0	0.0	S
3.4.0	UKMYC_PHENOTYPES	ukmyc_phenotypes:2fcb7483aa56c955	MXF	MOXIFLOXACIN	CHEBI:63611	FABPRXSRWADJSP-MEDUHNTESA-N	2.0		mg/L	41	41	7									UKMYC6	false	LOW	14	VZ	ALL DISAGREE	2.0	1.0	R
3.4.0	UKMYC_PHENOTYPES	ukmyc_phenotypes:4a0af2fc7b00a162	MXF	MOXIFLOXACIN	CHEBI:63611	FABPRXSRWADJSP-MEDUHNTESA-N	4.0		mg/L	32	32	7									UKMYC6	false	LOW	14	VZ	ALL DISAGREE	4.0	2.0	R
3.4.0	UKMYC_PHENOTYPES	ukmyc_phenotypes:e13796c1a5cf85c8	MXF	MOXIFLOXACIN	CHEBI:63611	FABPRXSRWADJSP-MEDUHNTESA-N	0.06	<=	mg/L	113	113	8									UKMYC6	false	LOW	14	VZ	ALL DISAGREE	<=0.06	-4.06	S
3.4.0	UKMYC_PHENOTYPES	ukmyc_phenotypes:35b4366d38073eec	MXF	MOXIFLOXACIN	CHEBI:63611	FABPRXSRWADJSP-MEDUHNTESA-N	4	>	mg/L	3	3	1									UKMYC6	false	LOW	14	VZ	ALL DISAGREE	>4	3.0	R
3.4.0	UKMYC_PHENOTYPES	ukmyc_phenotypes:72c91b883ee471a8	MXF	MOXIFLOXACIN	CHEBI:63611	FABPRXSRWADJSP-MEDUHNTESA-N				7	7	2									UKMYC6	false	LOW	14	VZ	ALL DISAGREE
3.4.0	UKMYC_PHENOTYPES	ukmyc_phenotypes:451be261c3a893f6	MXF	MOXIFLOXACIN	CHEBI:63611	FABPRXSRWADJSP-MEDUHNTESA-N	0.12		mg/L	45	45	6									UKMYC6	false	LOW	21	VZ	ALL DISAGREE	0.12	-3.06	S
3.4.0	UKMYC_PHENOTYPES	ukmyc_phenotypes:ce8a13c16455c1ba	MXF	MOXIFLOXACIN	CHEBI:63611	FABPRXSRWADJSP-MEDUHNTESA-N	0.25		mg/L	30	30	6									UKMYC6	false	LOW	21	VZ	ALL DISAGREE	0.25	-2.0	S
3.4.0	UKMYC_PHENOTYPES	ukmyc_phenotypes:32dff5da6bf03050	MXF	MOXIFLOXACIN	CHEBI:63611	FABPRXSRWADJSP-MEDUHNTESA-N	0.5		mg/L	8	8	5									UKMYC6	false	LOW	21	VZ	ALL DISAGREE	0.5	-1.0	S
3.4.0	UKMYC_PHENOTYPES	ukmyc_phenotypes:700a9c77df1c85fc	MXF	MOXIFLOXACIN	CHEBI:63611	FABPRXSRWADJSP-MEDUHNTESA-N	1.0		mg/L	2	2	2									UKMYC6	false	LOW	21	VZ	ALL DISAGREE	1.0	0.0	S
3.4.0	UKMYC_PHENOTYPES	ukmyc_phenotypes:3ea68ec7f2c42c2f	MXF	MOXIFLOXACIN	CHEBI:63611	FABPRXSRWADJSP-MEDUHNTESA-N	2.0		mg/L	2	2	2									UKMYC6	false	LOW	21	VZ	ALL DISAGREE	2.0	1.0	R
3.4.0	UKMYC_PHENOTYPES	ukmyc_phenotypes:b82804a23734706d	MXF	MOXIFLOXACIN	CHEBI:63611	FABPRXSRWADJSP-MEDUHNTESA-N	4.0		mg/L	5	5	3									UKMYC6	false	LOW	21	VZ	ALL DISAGREE	4.0	2.0	R
3.4.0	UKMYC_PHENOTYPES	ukmyc_phenotypes:49a469acb8b32308	MXF	MOXIFLOXACIN	CHEBI:63611	FABPRXSRWADJSP-MEDUHNTESA-N	0.06	<=	mg/L	27	27	6									UKMYC6	false	LOW	21	VZ	ALL DISAGREE	<=0.06	-4.06	S
3.4.0	UKMYC_PHENOTYPES	ukmyc_phenotypes:5ad056b06589428e	MXF	MOXIFLOXACIN	CHEBI:63611	FABPRXSRWADJSP-MEDUHNTESA-N	0.12		mg/L	20	20	1									UKMYC6	false	MEDIUM	14	MB	VZ ONLY	0.12	-3.06	S
3.4.0	UKMYC_PHENOTYPES	ukmyc_phenotypes:21200a161405f8a9	MXF	MOXIFLOXACIN	CHEBI:63611	FABPRXSRWADJSP-MEDUHNTESA-N	0.25		mg/L	22	22	1									UKMYC6	false	MEDIUM	14	MB	VZ ONLY	0.25	-2.0	S
3.4.0	UKMYC_PHENOTYPES	ukmyc_phenotypes:b153d79369bf3e35	MXF	MOXIFLOXACIN	CHEBI:63611	FABPRXSRWADJSP-MEDUHNTESA-N	0.5		mg/L	6	6	1									UKMYC6	false	MEDIUM	14	MB	VZ ONLY	0.5	-1.0	S
3.4.0	UKMYC_PHENOTYPES	ukmyc_phenotypes:81334dce0f502a88	MXF	MOXIFLOXACIN	CHEBI:63611	FABPRXSRWADJSP-MEDUHNTESA-N	1.0		mg/L	4	4	1									UKMYC6	false	MEDIUM	14	MB	VZ ONLY	1.0	0.0	S
3.4.0	UKMYC_PHENOTYPES	ukmyc_phenotypes:ea39b2e15e402197	MXF	MOXIFLOXACIN	CHEBI:63611	FABPRXSRWADJSP-MEDUHNTESA-N	2.0		mg/L	1	1	1									UKMYC6	false	MEDIUM	14	MB	VZ ONLY	2.0	1.0	R
3.4.0	UKMYC_PHENOTYPES	ukmyc_phenotypes:09599d14c6b9b98b	MXF	MOXIFLOXACIN	CHEBI:63611	FABPRXSRWADJSP-MEDUHNTESA-N	4.0		mg/L	3	3	1									UKMYC6	false	MEDIUM	14	MB	VZ ONLY	4.0	2.0	R
3.4.0	UKMYC_PHENOTYPES	ukmyc_phenotypes:945a50fdac4d2aaa	MXF	MOXIFLOXACIN	CHEBI:63611	FABPRXSRWADJSP-MEDUHNTESA-N	0.06	<=	mg/L	2	2	1									UKMYC6	false	MEDIUM	14	MB	VZ ONLY	<=0.06	-4.06	S
3.4.0	UKMYC_PHENOTYPES	ukmyc_phenotypes:54fe9f8a83055094	MXF	MOXIFLOXACIN	CHEBI:63611	FABPRXSRWADJSP-MEDUHNTESA-N	4	>	mg/L	3	3	1									UKMYC6	false	MEDIUM	14	MB	VZ ONLY	>4	3.0	R
3.4.0	UKMYC_PHENOTYPES	ukmyc_phenotypes:81d579c8d98e5b38	MXF	MOXIFLOXACIN	CHEBI:63611	FABPRXSRWADJSP-MEDUHNTESA-N	0.12		mg/L	146	146	5									UKMYC6	false	MEDIUM	14	VZ	BB RUNNING	0.12	-3.06	S
3.4.0	UKMYC_PHENOTYPES	ukmyc_phenotypes:ae4aa1220bed3d60	MXF	MOXIFLOXACIN	CHEBI:63611	FABPRXSRWADJSP-MEDUHNTESA-N	0.25		mg/L	135	135	5									UKMYC6	false	MEDIUM	14	VZ	BB RUNNING	0.25	-2.0	S
3.4.0	UKMYC_PHENOTYPES	ukmyc_phenotypes:07e3672e0c63a953	MXF	MOXIFLOXACIN	CHEBI:63611	FABPRXSRWADJSP-MEDUHNTESA-N	0.5		mg/L	17	17	4									UKMYC6	false	MEDIUM	14	VZ	BB RUNNING	0.5	-1.0	S
3.4.0	UKMYC_PHENOTYPES	ukmyc_phenotypes:5dae4931c2990289	MXF	MOXIFLOXACIN	CHEBI:63611	FABPRXSRWADJSP-MEDUHNTESA-N	1.0		mg/L	7	7	3									UKMYC6	false	MEDIUM	14	VZ	BB RUNNING	1.0	0.0	S
3.4.0	UKMYC_PHENOTYPES	ukmyc_phenotypes:d62565a927b5d4c7	MXF	MOXIFLOXACIN	CHEBI:63611	FABPRXSRWADJSP-MEDUHNTESA-N	2.0		mg/L	3	3	2									UKMYC6	false	MEDIUM	14	VZ	BB RUNNING	2.0	1.0	R
3.4.0	UKMYC_PHENOTYPES	ukmyc_phenotypes:2eebd55ab452d733	MXF	MOXIFLOXACIN	CHEBI:63611	FABPRXSRWADJSP-MEDUHNTESA-N	4.0		mg/L	3	3	2									UKMYC6	false	MEDIUM	14	VZ	BB RUNNING	4.0	2.0	R
3.4.0	UKMYC_PHENOTYPES	ukmyc_phenotypes:38acdf3f8ad63b25	MXF	MOXIFLOXACIN	CHEBI:63611	FABPRXSRWADJSP-MEDUHNTESA-N	0.06	<=	mg/L	54	54	4									UKMYC6	false	MEDIUM	14	VZ	BB RUNNING	<=0.06	-4.06	S
3.4.0	UKMYC_PHENOTYPES	ukmyc_phenotypes:0506111dacdec4ac	MXF	MOXIFLOXACIN	CHEBI:63611	FABPRXSRWADJSP-MEDUHNTESA-N	4	>	mg/L	2	2	1									UKMYC6	false	MEDIUM	14	VZ	BB RUNNING	>4	3.0	R
3.4.0	UKMYC_PHENOTYPES	ukmyc_phenotypes:0963da6e04ff5943	MXF	MOXIFLOXACIN	CHEBI:63611	FABPRXSRWADJSP-MEDUHNTESA-N				2	2	2									UKMYC6	false	MEDIUM	14	VZ	BB RUNNING
3.4.0	UKMYC_PHENOTYPES	ukmyc_phenotypes:ecefef79806eb961	MXF	MOXIFLOXACIN	CHEBI:63611	FABPRXSRWADJSP-MEDUHNTESA-N	0.12		mg/L	78	78	10									UKMYC6	false	MEDIUM	14	VZ	VZ ONLY	0.12	-3.06	S
3.4.0	UKMYC_PHENOTYPES	ukmyc_phenotypes:399d1152b8dd6f14	MXF	MOXIFLOXACIN	CHEBI:63611	FABPRXSRWADJSP-MEDUHNTESA-N	0.25		mg/L	115	115	10									UKMYC6	false	MEDIUM	14	VZ	VZ ONLY	0.25	-2.0	S
3.4.0	UKMYC_PHENOTYPES	ukmyc_phenotypes:28dd9d9c899d8d85	MXF	MOXIFLOXACIN	CHEBI:63611	FABPRXSRWADJSP-MEDUHNTESA-N	0.5		mg/L	56	56	9									UKMYC6	false	MEDIUM	14	VZ	VZ ONLY	0.5	-1.0	S
3.4.0	UKMYC_PHENOTYPES	ukmyc_phenotypes:ef470afe7699e900	MXF	MOXIFLOXACIN	CHEBI:63611	FABPRXSRWADJSP-MEDUHNTESA-N	1.0		mg/L	38	38	3									UKMYC6	false	MEDIUM	14	VZ	VZ ONLY	1.0	0.0	S
3.4.0	UKMYC_PHENOTYPES	ukmyc_phenotypes:e1dbe7e08de14fb9	MXF	MOXIFLOXACIN	CHEBI:63611	FABPRXSRWADJSP-MEDUHNTESA-N	2.0		mg/L	59	59	6									UKMYC6	false	MEDIUM	14	VZ	VZ ONLY	2.0	1.0	R
3.4.0	UKMYC_PHENOTYPES	ukmyc_phenotypes:d1c862fc78d3e6a5	MXF	MOXIFLOXACIN	CHEBI:63611	FABPRXSRWADJSP-MEDUHNTESA-N	4.0		mg/L	72	72	4									UKMYC6	false	MEDIUM	14	VZ	VZ ONLY	4.0	2.0	R
3.4.0	UKMYC_PHENOTYPES	ukmyc_phenotypes:dd1e044261293548	MXF	MOXIFLOXACIN	CHEBI:63611	FABPRXSRWADJSP-MEDUHNTESA-N	0.06	<=	mg/L	34	34	3									UKMYC6	false	MEDIUM	14	VZ	VZ ONLY	<=0.06	-4.06	S
3.4.0	UKMYC_PHENOTYPES	ukmyc_phenotypes:087f547167d1b5a7	MXF	MOXIFLOXACIN	CHEBI:63611	FABPRXSRWADJSP-MEDUHNTESA-N	4	>	mg/L	80	80	6									UKMYC6	false	MEDIUM	14	VZ	VZ ONLY	>4	3.0	R
3.4.0	UKMYC_PHENOTYPES	ukmyc_phenotypes:1d116a5d566c9532	MXF	MOXIFLOXACIN	CHEBI:63611	FABPRXSRWADJSP-MEDUHNTESA-N				1	1	1									UKMYC6	false	MEDIUM	14	VZ	VZ ONLY
3.4.0	UKMYC_PHENOTYPES	ukmyc_phenotypes:5ddcfc11a60e7fd3	MXF	MOXIFLOXACIN	CHEBI:63611	FABPRXSRWADJSP-MEDUHNTESA-N	0.12		mg/L	12	12	1									UKMYC6	false	MEDIUM	21	MB	VZ ONLY	0.12	-3.06	S
3.4.0	UKMYC_PHENOTYPES	ukmyc_phenotypes:0e9d4cf6d350f2bf	MXF	MOXIFLOXACIN	CHEBI:63611	FABPRXSRWADJSP-MEDUHNTESA-N	0.25		mg/L	33	33	1									UKMYC6	false	MEDIUM	21	MB	VZ ONLY	0.25	-2.0	S
3.4.0	UKMYC_PHENOTYPES	ukmyc_phenotypes:77543b9a42284269	MXF	MOXIFLOXACIN	CHEBI:63611	FABPRXSRWADJSP-MEDUHNTESA-N	0.5		mg/L	3	3	1									UKMYC6	false	MEDIUM	21	MB	VZ ONLY	0.5	-1.0	S
3.4.0	UKMYC_PHENOTYPES	ukmyc_phenotypes:e0001a47d13363d4	MXF	MOXIFLOXACIN	CHEBI:63611	FABPRXSRWADJSP-MEDUHNTESA-N	1.0		mg/L	3	3	1									UKMYC6	false	MEDIUM	21	MB	VZ ONLY	1.0	0.0	S
3.4.0	UKMYC_PHENOTYPES	ukmyc_phenotypes:6798a4ebddf1fb15	MXF	MOXIFLOXACIN	CHEBI:63611	FABPRXSRWADJSP-MEDUHNTESA-N	2.0		mg/L	4	4	1									UKMYC6	false	MEDIUM	21	MB	VZ ONLY	2.0	1.0	R
3.4.0	UKMYC_PHENOTYPES	ukmyc_phenotypes:e16113d68d47a42e	MXF	MOXIFLOXACIN	CHEBI:63611	FABPRXSRWADJSP-MEDUHNTESA-N	0.06	<=	mg/L	1	1	1									UKMYC6	false	MEDIUM	21	MB	VZ ONLY	<=0.06	-4.06	S
3.4.0	UKMYC_PHENOTYPES	ukmyc_phenotypes:72bee90cde597be2	MXF	MOXIFLOXACIN	CHEBI:63611	FABPRXSRWADJSP-MEDUHNTESA-N	4	>	mg/L	7	7	1									UKMYC6	false	MEDIUM	21	MB	VZ ONLY	>4	3.0	R
3.4.0	UKMYC_PHENOTYPES	ukmyc_phenotypes:c6663dbe39e7dee8	MXF	MOXIFLOXACIN	CHEBI:63611	FABPRXSRWADJSP-MEDUHNTESA-N	0.12		mg/L	23	23	5									UKMYC6	false	MEDIUM	21	VZ	BB RUNNING	0.12	-3.06	S
3.4.0	UKMYC_PHENOTYPES	ukmyc_phenotypes:aa3f4049b947fc7d	MXF	MOXIFLOXACIN	CHEBI:63611	FABPRXSRWADJSP-MEDUHNTESA-N	0.25		mg/L	40	40	1									UKMYC6	false	MEDIUM	21	VZ	BB RUNNING	0.25	-2.0	S
3.4.0	UKMYC_PHENOTYPES	ukmyc_phenotypes:64abb1e61e0ac694	MXF	MOXIFLOXACIN	CHEBI:63611	FABPRXSRWADJSP-MEDUHNTESA-N	0.5		mg/L	45	45	3									UKMYC6	false	MEDIUM	21	VZ	BB RUNNING	0.5	-1.0	S
3.4.0	UKMYC_PHENOTYPES	ukmyc_phenotypes:b1e6fcd84d761ffe	MXF	MOXIFLOXACIN	CHEBI:63611	FABPRXSRWADJSP-MEDUHNTESA-N	1.0		mg/L	1	1	1									UKMYC6	false	MEDIUM	21	VZ	BB RUNNING	1.0	0.0	S
3.4.0	UKMYC_PHENOTYPES	ukmyc_phenotypes:ba7adec5640b9087	MXF	MOXIFLOXACIN	CHEBI:63611	FABPRXSRWADJSP-MEDUHNTESA-N	4.0		mg/L	1	1	1									UKMYC6	false	MEDIUM	21	VZ	BB RUNNING	4.0	2.0	R
3.4.0	UKMYC_PHENOTYPES	ukmyc_phenotypes:473eb17714a06f70	MXF	MOXIFLOXACIN	CHEBI:63611	FABPRXSRWADJSP-MEDUHNTESA-N	0.06	<=	mg/L	12	12	4									UKMYC6	false	MEDIUM	21	VZ	BB RUNNING	<=0.06	-4.06	S
3.4.0	UKMYC_PHENOTYPES	ukmyc_phenotypes:f9bf8e75a6fca444	MXF	MOXIFLOXACIN	CHEBI:63611	FABPRXSRWADJSP-MEDUHNTESA-N				15	15	1									UKMYC6	false	MEDIUM	21	VZ	BB RUNNING
3.4.0	UKMYC_PHENOTYPES	ukmyc_phenotypes:74d8811a70814952	MXF	MOXIFLOXACIN	CHEBI:63611	FABPRXSRWADJSP-MEDUHNTESA-N	0.12		mg/L	47	47	4									UKMYC6	false	MEDIUM	21	VZ	VZ ONLY	0.12	-3.06	S
3.4.0	UKMYC_PHENOTYPES	ukmyc_phenotypes:72685fab6bef1f64	MXF	MOXIFLOXACIN	CHEBI:63611	FABPRXSRWADJSP-MEDUHNTESA-N	0.25		mg/L	24	24	3									UKMYC6	false	MEDIUM	21	VZ	VZ ONLY	0.25	-2.0	S
3.4.0	UKMYC_PHENOTYPES	ukmyc_phenotypes:412ffb97d29030a0	MXF	MOXIFLOXACIN	CHEBI:63611	FABPRXSRWADJSP-MEDUHNTESA-N	0.5		mg/L	20	20	3									UKMYC6	false	MEDIUM	21	VZ	VZ ONLY	0.5	-1.0	S
3.4.0	UKMYC_PHENOTYPES	ukmyc_phenotypes:8d53f81cc5e59dab	MXF	MOXIFLOXACIN	CHEBI:63611	FABPRXSRWADJSP-MEDUHNTESA-N	1.0		mg/L	13	13	2									UKMYC6	false	MEDIUM	21	VZ	VZ ONLY	1.0	0.0	S
3.4.0	UKMYC_PHENOTYPES	ukmyc_phenotypes:97b21ff113b9de58	MXF	MOXIFLOXACIN	CHEBI:63611	FABPRXSRWADJSP-MEDUHNTESA-N	2.0		mg/L	17	17	3									UKMYC6	false	MEDIUM	21	VZ	VZ ONLY	2.0	1.0	R
3.4.0	UKMYC_PHENOTYPES	ukmyc_phenotypes:de3e466ccd482903	MXF	MOXIFLOXACIN	CHEBI:63611	FABPRXSRWADJSP-MEDUHNTESA-N	4.0		mg/L	16	16	2									UKMYC6	false	MEDIUM	21	VZ	VZ ONLY	4.0	2.0	R
3.4.0	UKMYC_PHENOTYPES	ukmyc_phenotypes:c38aaf5b330c3d16	MXF	MOXIFLOXACIN	CHEBI:63611	FABPRXSRWADJSP-MEDUHNTESA-N	0.06	<=	mg/L	4	4	2									UKMYC6	false	MEDIUM	21	VZ	VZ ONLY	<=0.06	-4.06	S
3.4.0	UKMYC_PHENOTYPES	ukmyc_phenotypes:bf1e4959762838fc	MXF	MOXIFLOXACIN	CHEBI:63611	FABPRXSRWADJSP-MEDUHNTESA-N	4	>	mg/L	20	20	2									UKMYC6	false	MEDIUM	21	VZ	VZ ONLY	>4	3.0	R
3.4.0	UKMYC_PHENOTYPES	ukmyc_phenotypes:20c1df0ee30a10a9	PAS	PAS	CHEBI:27565	WUBBRNOQWQTFEX-UHFFFAOYSA-N	0.25		mg/L	119	119	6									UKMYC5	false	HIGH	14	VZ	BB,TM AGREE	0.25	-2.0
3.4.0	UKMYC_PHENOTYPES	ukmyc_phenotypes:9dde3ca739878d95	PAS	PAS	CHEBI:27565	WUBBRNOQWQTFEX-UHFFFAOYSA-N	0.5		mg/L	100	100	6									UKMYC5	false	HIGH	14	VZ	BB,TM AGREE	0.5	-1.0
3.4.0	UKMYC_PHENOTYPES	ukmyc_phenotypes:7a46e056e3dc0d32	PAS	PAS	CHEBI:27565	WUBBRNOQWQTFEX-UHFFFAOYSA-N	1.0		mg/L	139	139	6									UKMYC5	false	HIGH	14	VZ	BB,TM AGREE	1.0	0.0
3.4.0	UKMYC_PHENOTYPES	ukmyc_phenotypes:b30a9e60bba54519	PAS	PAS	CHEBI:27565	WUBBRNOQWQTFEX-UHFFFAOYSA-N	2.0		mg/L	90	90	5									UKMYC5	false	HIGH	14	VZ	BB,TM AGREE	2.0	1.0
3.4.0	UKMYC_PHENOTYPES	ukmyc_phenotypes:8a47a9195952e5b7	PAS	PAS	CHEBI:27565	WUBBRNOQWQTFEX-UHFFFAOYSA-N	4.0		mg/L	109	109	6									UKMYC5	false	HIGH	14	VZ	BB,TM AGREE	4.0	2.0
3.4.0	UKMYC_PHENOTYPES	ukmyc_phenotypes:faa9acb0fbfdda33	PAS	PAS	CHEBI:27565	WUBBRNOQWQTFEX-UHFFFAOYSA-N	0.12	<=	mg/L	163	163	5									UKMYC5	false	HIGH	14	VZ	BB,TM AGREE	<=0.12	-3.06
3.4.0	UKMYC_PHENOTYPES	ukmyc_phenotypes:cc89c765985ab4b4	PAS	PAS	CHEBI:27565	WUBBRNOQWQTFEX-UHFFFAOYSA-N	4	>	mg/L	178	178	7									UKMYC5	false	HIGH	14	VZ	BB,TM AGREE	>4	3.0
3.4.0	UKMYC_PHENOTYPES	ukmyc_phenotypes:c449e335fc60383d	PAS	PAS	CHEBI:27565	WUBBRNOQWQTFEX-UHFFFAOYSA-N				14	14	3									UKMYC5	false	HIGH	14	VZ	BB,TM AGREE
3.4.0	UKMYC_PHENOTYPES	ukmyc_phenotypes:637b28264ca6facb	PAS	PAS	CHEBI:27565	WUBBRNOQWQTFEX-UHFFFAOYSA-N	0.25		mg/L	67	67	6									UKMYC5	false	HIGH	14	VZ	VZ,BB AGREE	0.25	-2.0
3.4.0	UKMYC_PHENOTYPES	ukmyc_phenotypes:5edbb6cc9429ba7e	PAS	PAS	CHEBI:27565	WUBBRNOQWQTFEX-UHFFFAOYSA-N	0.5		mg/L	44	44	5									UKMYC5	false	HIGH	14	VZ	VZ,BB AGREE	0.5	-1.0
3.4.0	UKMYC_PHENOTYPES	ukmyc_phenotypes:04f8709932081247	PAS	PAS	CHEBI:27565	WUBBRNOQWQTFEX-UHFFFAOYSA-N	1.0		mg/L	44	44	5									UKMYC5	false	HIGH	14	VZ	VZ,BB AGREE	1.0	0.0
3.4.0	UKMYC_PHENOTYPES	ukmyc_phenotypes:a198844e911011ce	PAS	PAS	CHEBI:27565	WUBBRNOQWQTFEX-UHFFFAOYSA-N	2.0		mg/L	28	28	5									UKMYC5	false	HIGH	14	VZ	VZ,BB AGREE	2.0	1.0
3.4.0	UKMYC_PHENOTYPES	ukmyc_phenotypes:47801ae601ae020e	PAS	PAS	CHEBI:27565	WUBBRNOQWQTFEX-UHFFFAOYSA-N	4.0		mg/L	30	30	4									UKMYC5	false	HIGH	14	VZ	VZ,BB AGREE	4.0	2.0
3.4.0	UKMYC_PHENOTYPES	ukmyc_phenotypes:0e0c65d5cb45d419	PAS	PAS	CHEBI:27565	WUBBRNOQWQTFEX-UHFFFAOYSA-N	0.12	<=	mg/L	118	118	7									UKMYC5	false	HIGH	14	VZ	VZ,BB AGREE	<=0.12	-3.06
3.4.0	UKMYC_PHENOTYPES	ukmyc_phenotypes:3154c66f87a82961	PAS	PAS	CHEBI:27565	WUBBRNOQWQTFEX-UHFFFAOYSA-N	4	>	mg/L	104	104	5									UKMYC5	false	HIGH	14	VZ	VZ,BB AGREE	>4	3.0
3.4.0	UKMYC_PHENOTYPES	ukmyc_phenotypes:d5d37fe9a56e640e	PAS	PAS	CHEBI:27565	WUBBRNOQWQTFEX-UHFFFAOYSA-N				5	5	1									UKMYC5	false	HIGH	14	VZ	VZ,BB AGREE
3.4.0	UKMYC_PHENOTYPES	ukmyc_phenotypes:91032b35dcc5c0e7	PAS	PAS	CHEBI:27565	WUBBRNOQWQTFEX-UHFFFAOYSA-N	0.25		mg/L	340	340	7									UKMYC5	false	HIGH	14	VZ	VZ,TM AGREE	0.25	-2.0
3.4.0	UKMYC_PHENOTYPES	ukmyc_phenotypes:607f71e5fd50d7ba	PAS	PAS	CHEBI:27565	WUBBRNOQWQTFEX-UHFFFAOYSA-N	0.5		mg/L	229	229	7									UKMYC5	false	HIGH	14	VZ	VZ,TM AGREE	0.5	-1.0
3.4.0	UKMYC_PHENOTYPES	ukmyc_phenotypes:7a56a67cb38dd900	PAS	PAS	CHEBI:27565	WUBBRNOQWQTFEX-UHFFFAOYSA-N	1.0		mg/L	251	251	6									UKMYC5	false	HIGH	14	VZ	VZ,TM AGREE	1.0	0.0
3.4.0	UKMYC_PHENOTYPES	ukmyc_phenotypes:1180178dfcbed88f	PAS	PAS	CHEBI:27565	WUBBRNOQWQTFEX-UHFFFAOYSA-N	2.0		mg/L	111	111	7									UKMYC5	false	HIGH	14	VZ	VZ,TM AGREE	2.0	1.0
3.4.0	UKMYC_PHENOTYPES	ukmyc_phenotypes:78f68bbfd88e1f09	PAS	PAS	CHEBI:27565	WUBBRNOQWQTFEX-UHFFFAOYSA-N	4.0		mg/L	93	93	5									UKMYC5	false	HIGH	14	VZ	VZ,TM AGREE	4.0	2.0
3.4.0	UKMYC_PHENOTYPES	ukmyc_phenotypes:9cf903912a0eaefd	PAS	PAS	CHEBI:27565	WUBBRNOQWQTFEX-UHFFFAOYSA-N	0.12	<=	mg/L	1216	1216	8									UKMYC5	false	HIGH	14	VZ	VZ,TM AGREE	<=0.12	-3.06
3.4.0	UKMYC_PHENOTYPES	ukmyc_phenotypes:505c07e663846faf	PAS	PAS	CHEBI:27565	WUBBRNOQWQTFEX-UHFFFAOYSA-N	4	>	mg/L	384	384	7									UKMYC5	false	HIGH	14	VZ	VZ,TM AGREE	>4	3.0
3.4.0	UKMYC_PHENOTYPES	ukmyc_phenotypes:d381e255a7ee4e0d	PAS	PAS	CHEBI:27565	WUBBRNOQWQTFEX-UHFFFAOYSA-N				1	1	1									UKMYC5	false	HIGH	14	VZ	VZ,TM AGREE
3.4.0	UKMYC_PHENOTYPES	ukmyc_phenotypes:0b3a926f69a125d1	PAS	PAS	CHEBI:27565	WUBBRNOQWQTFEX-UHFFFAOYSA-N	0.25		mg/L	3	3	2									UKMYC5	false	HIGH	21	VZ	BB,TM AGREE	0.25	-2.0
3.4.0	UKMYC_PHENOTYPES	ukmyc_phenotypes:decf7e8e4093cbba	PAS	PAS	CHEBI:27565	WUBBRNOQWQTFEX-UHFFFAOYSA-N	0.5		mg/L	5	5	2									UKMYC5	false	HIGH	21	VZ	BB,TM AGREE	0.5	-1.0
3.4.0	UKMYC_PHENOTYPES	ukmyc_phenotypes:264ea99a48905f30	PAS	PAS	CHEBI:27565	WUBBRNOQWQTFEX-UHFFFAOYSA-N	1.0		mg/L	2	2	1									UKMYC5	false	HIGH	21	VZ	BB,TM AGREE	1.0	0.0
3.4.0	UKMYC_PHENOTYPES	ukmyc_phenotypes:28515d7297d8d860	PAS	PAS	CHEBI:27565	WUBBRNOQWQTFEX-UHFFFAOYSA-N	2.0		mg/L	2	2	2									UKMYC5	false	HIGH	21	VZ	BB,TM AGREE	2.0	1.0
3.4.0	UKMYC_PHENOTYPES	ukmyc_phenotypes:dec6ff7cf564d37c	PAS	PAS	CHEBI:27565	WUBBRNOQWQTFEX-UHFFFAOYSA-N	0.12	<=	mg/L	4	4	2									UKMYC5	false	HIGH	21	VZ	BB,TM AGREE	<=0.12	-3.06
3.4.0	UKMYC_PHENOTYPES	ukmyc_phenotypes:09a1870525dc39e1	PAS	PAS	CHEBI:27565	WUBBRNOQWQTFEX-UHFFFAOYSA-N	4	>	mg/L	3	3	2									UKMYC5	false	HIGH	21	VZ	BB,TM AGREE	>4	3.0
3.4.0	UKMYC_PHENOTYPES	ukmyc_phenotypes:9e97c3cf2c8d07de	PAS	PAS	CHEBI:27565	WUBBRNOQWQTFEX-UHFFFAOYSA-N	0.25		mg/L	1	1	1									UKMYC5	false	HIGH	21	VZ	VZ,BB AGREE	0.25	-2.0
3.4.0	UKMYC_PHENOTYPES	ukmyc_phenotypes:59c822621b7ca976	PAS	PAS	CHEBI:27565	WUBBRNOQWQTFEX-UHFFFAOYSA-N	1.0		mg/L	2	2	2									UKMYC5	false	HIGH	21	VZ	VZ,BB AGREE	1.0	0.0
3.4.0	UKMYC_PHENOTYPES	ukmyc_phenotypes:ecc7f90de3cc4c54	PAS	PAS	CHEBI:27565	WUBBRNOQWQTFEX-UHFFFAOYSA-N	2.0		mg/L	1	1	1									UKMYC5	false	HIGH	21	VZ	VZ,BB AGREE	2.0	1.0
3.4.0	UKMYC_PHENOTYPES	ukmyc_phenotypes:c25f4140c402f73e	PAS	PAS	CHEBI:27565	WUBBRNOQWQTFEX-UHFFFAOYSA-N	4.0		mg/L	1	1	1									UKMYC5	false	HIGH	21	VZ	VZ,BB AGREE	4.0	2.0
3.4.0	UKMYC_PHENOTYPES	ukmyc_phenotypes:6255b4a852fcb9d1	PAS	PAS	CHEBI:27565	WUBBRNOQWQTFEX-UHFFFAOYSA-N	0.12	<=	mg/L	1	1	1									UKMYC5	false	HIGH	21	VZ	VZ,BB AGREE	<=0.12	-3.06
3.4.0	UKMYC_PHENOTYPES	ukmyc_phenotypes:0d407d1f40ef0d34	PAS	PAS	CHEBI:27565	WUBBRNOQWQTFEX-UHFFFAOYSA-N	4	>	mg/L	1	1	1									UKMYC5	false	HIGH	21	VZ	VZ,BB AGREE	>4	3.0
3.4.0	UKMYC_PHENOTYPES	ukmyc_phenotypes:88ddb03344602366	PAS	PAS	CHEBI:27565	WUBBRNOQWQTFEX-UHFFFAOYSA-N				1	1	1									UKMYC5	false	HIGH	21	VZ	VZ,BB AGREE
3.4.0	UKMYC_PHENOTYPES	ukmyc_phenotypes:2e0b433dd675c6d6	PAS	PAS	CHEBI:27565	WUBBRNOQWQTFEX-UHFFFAOYSA-N	0.25		mg/L	9	9	5									UKMYC5	false	HIGH	21	VZ	VZ,TM AGREE	0.25	-2.0
3.4.0	UKMYC_PHENOTYPES	ukmyc_phenotypes:964a977e0cd0b563	PAS	PAS	CHEBI:27565	WUBBRNOQWQTFEX-UHFFFAOYSA-N	0.5		mg/L	6	6	3									UKMYC5	false	HIGH	21	VZ	VZ,TM AGREE	0.5	-1.0
3.4.0	UKMYC_PHENOTYPES	ukmyc_phenotypes:88da117eeaadf051	PAS	PAS	CHEBI:27565	WUBBRNOQWQTFEX-UHFFFAOYSA-N	1.0		mg/L	3	3	3									UKMYC5	false	HIGH	21	VZ	VZ,TM AGREE	1.0	0.0
3.4.0	UKMYC_PHENOTYPES	ukmyc_phenotypes:6747f0c2eed441ac	PAS	PAS	CHEBI:27565	WUBBRNOQWQTFEX-UHFFFAOYSA-N	2.0		mg/L	1	1	1									UKMYC5	false	HIGH	21	VZ	VZ,TM AGREE	2.0	1.0
3.4.0	UKMYC_PHENOTYPES	ukmyc_phenotypes:f1484a19b0a0b6e0	PAS	PAS	CHEBI:27565	WUBBRNOQWQTFEX-UHFFFAOYSA-N	0.12	<=	mg/L	47	47	6									UKMYC5	false	HIGH	21	VZ	VZ,TM AGREE	<=0.12	-3.06
3.4.0	UKMYC_PHENOTYPES	ukmyc_phenotypes:9ab76c3dcd9078ea	PAS	PAS	CHEBI:27565	WUBBRNOQWQTFEX-UHFFFAOYSA-N	4	>	mg/L	6	6	4									UKMYC5	false	HIGH	21	VZ	VZ,TM AGREE	>4	3.0
3.4.0	UKMYC_PHENOTYPES	ukmyc_phenotypes:3486a00ecf64b98b	PAS	PAS	CHEBI:27565	WUBBRNOQWQTFEX-UHFFFAOYSA-N	0.25		mg/L	375	375	7									UKMYC5	false	LOW	14	VZ	ALL DISAGREE	0.25	-2.0
3.4.0	UKMYC_PHENOTYPES	ukmyc_phenotypes:a992dd96ef0f763c	PAS	PAS	CHEBI:27565	WUBBRNOQWQTFEX-UHFFFAOYSA-N	0.5		mg/L	387	387	7									UKMYC5	false	LOW	14	VZ	ALL DISAGREE	0.5	-1.0
3.4.0	UKMYC_PHENOTYPES	ukmyc_phenotypes:d2ed7568a87cb1a3	PAS	PAS	CHEBI:27565	WUBBRNOQWQTFEX-UHFFFAOYSA-N	1.0		mg/L	250	250	6									UKMYC5	false	LOW	14	VZ	ALL DISAGREE	1.0	0.0
3.4.0	UKMYC_PHENOTYPES	ukmyc_phenotypes:1e94e5a7ded8ffa4	PAS	PAS	CHEBI:27565	WUBBRNOQWQTFEX-UHFFFAOYSA-N	2.0		mg/L	142	142	7									UKMYC5	false	LOW	14	VZ	ALL DISAGREE	2.0	1.0
3.4.0	UKMYC_PHENOTYPES	ukmyc_phenotypes:f99bcc5ce5ade654	PAS	PAS	CHEBI:27565	WUBBRNOQWQTFEX-UHFFFAOYSA-N	4.0		mg/L	68	68	5									UKMYC5	false	LOW	14	VZ	ALL DISAGREE	4.0	2.0
3.4.0	UKMYC_PHENOTYPES	ukmyc_phenotypes:5515118ae939e966	PAS	PAS	CHEBI:27565	WUBBRNOQWQTFEX-UHFFFAOYSA-N	0.12	<=	mg/L	274	274	8									UKMYC5	false	LOW	14	VZ	ALL DISAGREE	<=0.12	-3.06
3.4.0	UKMYC_PHENOTYPES	ukmyc_phenotypes:58f6dac1606d6358	PAS	PAS	CHEBI:27565	WUBBRNOQWQTFEX-UHFFFAOYSA-N	4	>	mg/L	38	38	4									UKMYC5	false	LOW	14	VZ	ALL DISAGREE	>4	3.0
3.4.0	UKMYC_PHENOTYPES	ukmyc_phenotypes:ce70842188afb4bd	PAS	PAS	CHEBI:27565	WUBBRNOQWQTFEX-UHFFFAOYSA-N				9	9	3									UKMYC5	false	LOW	14	VZ	ALL DISAGREE
3.4.0	UKMYC_PHENOTYPES	ukmyc_phenotypes:80c82c37f0e7f9f1	PAS	PAS	CHEBI:27565	WUBBRNOQWQTFEX-UHFFFAOYSA-N	0.25		mg/L	11	11	2									UKMYC5	false	LOW	21	VZ	ALL DISAGREE	0.25	-2.0
3.4.0	UKMYC_PHENOTYPES	ukmyc_phenotypes:514fc2f7a14791f3	PAS	PAS	CHEBI:27565	WUBBRNOQWQTFEX-UHFFFAOYSA-N	0.5		mg/L	3	3	2									UKMYC5	false	LOW	21	VZ	ALL DISAGREE	0.5	-1.0
3.4.0	UKMYC_PHENOTYPES	ukmyc_phenotypes:02bab2f5f59acda1	PAS	PAS	CHEBI:27565	WUBBRNOQWQTFEX-UHFFFAOYSA-N	1.0		mg/L	2	2	1									UKMYC5	false	LOW	21	VZ	ALL DISAGREE	1.0	0.0
3.4.0	UKMYC_PHENOTYPES	ukmyc_phenotypes:ad2f9b56bd8d7f53	PAS	PAS	CHEBI:27565	WUBBRNOQWQTFEX-UHFFFAOYSA-N	2.0		mg/L	1	1	1									UKMYC5	false	LOW	21	VZ	ALL DISAGREE	2.0	1.0
3.4.0	UKMYC_PHENOTYPES	ukmyc_phenotypes:69cf49b73ca911e7	PAS	PAS	CHEBI:27565	WUBBRNOQWQTFEX-UHFFFAOYSA-N	0.12	<=	mg/L	16	16	4									UKMYC5	false	LOW	21	VZ	ALL DISAGREE	<=0.12	-3.06
3.4.0	UKMYC_PHENOTYPES	ukmyc_phenotypes:f5b11a2f36e1dc53	PAS	PAS	CHEBI:27565	WUBBRNOQWQTFEX-UHFFFAOYSA-N				1	1	1									UKMYC5	false	LOW	21	VZ	ALL DISAGREE
3.4.0	UKMYC_PHENOTYPES	ukmyc_phenotypes:91eaab7cadfa9756	PAS	PAS	CHEBI:27565	WUBBRNOQWQTFEX-UHFFFAOYSA-N				80	80	1									UKMYC5	false	MEDIUM	10	VZ	VZ ONLY
3.4.0	UKMYC_PHENOTYPES	ukmyc_phenotypes:9b166e4a0932eef9	PAS	PAS	CHEBI:27565	WUBBRNOQWQTFEX-UHFFFAOYSA-N	0.25		mg/L	80	80	7									UKMYC5	false	MEDIUM	14	VZ	BB RUNNING	0.25	-2.0
3.4.0	UKMYC_PHENOTYPES	ukmyc_phenotypes:ba63d59db9df8e6c	PAS	PAS	CHEBI:27565	WUBBRNOQWQTFEX-UHFFFAOYSA-N	0.5		mg/L	43	43	6									UKMYC5	false	MEDIUM	14	VZ	BB RUNNING	0.5	-1.0
3.4.0	UKMYC_PHENOTYPES	ukmyc_phenotypes:2e5a989fdb248d4d	PAS	PAS	CHEBI:27565	WUBBRNOQWQTFEX-UHFFFAOYSA-N	1.0		mg/L	17	17	7									UKMYC5	false	MEDIUM	14	VZ	BB RUNNING	1.0	0.0
3.4.0	UKMYC_PHENOTYPES	ukmyc_phenotypes:e7c02e4a5f51293d	PAS	PAS	CHEBI:27565	WUBBRNOQWQTFEX-UHFFFAOYSA-N	2.0		mg/L	7	7	5									UKMYC5	false	MEDIUM	14	VZ	BB RUNNING	2.0	1.0
3.4.0	UKMYC_PHENOTYPES	ukmyc_phenotypes:18ab5e6f372d71b9	PAS	PAS	CHEBI:27565	WUBBRNOQWQTFEX-UHFFFAOYSA-N	4.0		mg/L	2	2	2									UKMYC5	false	MEDIUM	14	VZ	BB RUNNING	4.0	2.0
3.4.0	UKMYC_PHENOTYPES	ukmyc_phenotypes:476920e79122e73d	PAS	PAS	CHEBI:27565	WUBBRNOQWQTFEX-UHFFFAOYSA-N	0.12	<=	mg/L	36	36	4									UKMYC5	false	MEDIUM	14	VZ	BB RUNNING	<=0.12	-3.06
3.4.0	UKMYC_PHENOTYPES	ukmyc_phenotypes:70b59e750c12199c	PAS	PAS	CHEBI:27565	WUBBRNOQWQTFEX-UHFFFAOYSA-N	4	>	mg/L	3	3	2									UKMYC5	false	MEDIUM	14	VZ	BB RUNNING	>4	3.0
3.4.0	UKMYC_PHENOTYPES	ukmyc_phenotypes:6d3f809eb1b75236	PAS	PAS	CHEBI:27565	WUBBRNOQWQTFEX-UHFFFAOYSA-N				20	20	3									UKMYC5	false	MEDIUM	14	VZ	BB RUNNING
3.4.0	UKMYC_PHENOTYPES	ukmyc_phenotypes:10b0a606d4338774	PAS	PAS	CHEBI:27565	WUBBRNOQWQTFEX-UHFFFAOYSA-N	0.25		mg/L	164	164	7									UKMYC5	false	MEDIUM	14	VZ	VZ ONLY	0.25	-2.0
3.4.0	UKMYC_PHENOTYPES	ukmyc_phenotypes:eae99c8f3d6ff3e1	PAS	PAS	CHEBI:27565	WUBBRNOQWQTFEX-UHFFFAOYSA-N	0.5		mg/L	105	105	4									UKMYC5	false	MEDIUM	14	VZ	VZ ONLY	0.5	-1.0
3.4.0	UKMYC_PHENOTYPES	ukmyc_phenotypes:018228724c715f93	PAS	PAS	CHEBI:27565	WUBBRNOQWQTFEX-UHFFFAOYSA-N	1.0		mg/L	86	86	5									UKMYC5	false	MEDIUM	14	VZ	VZ ONLY	1.0	0.0
3.4.0	UKMYC_PHENOTYPES	ukmyc_phenotypes:e9c076caaf10f115	PAS	PAS	CHEBI:27565	WUBBRNOQWQTFEX-UHFFFAOYSA-N	2.0		mg/L	70	70	5									UKMYC5	false	MEDIUM	14	VZ	VZ ONLY	2.0	1.0
3.4.0	UKMYC_PHENOTYPES	ukmyc_phenotypes:6f4d20dd3ef6da18	PAS	PAS	CHEBI:27565	WUBBRNOQWQTFEX-UHFFFAOYSA-N	4.0		mg/L	41	41	5									UKMYC5	false	MEDIUM	14	VZ	VZ ONLY	4.0	2.0
3.4.0	UKMYC_PHENOTYPES	ukmyc_phenotypes:79d5025d9396874d	PAS	PAS	CHEBI:27565	WUBBRNOQWQTFEX-UHFFFAOYSA-N	0.12	<=	mg/L	533	533	5									UKMYC5	false	MEDIUM	14	VZ	VZ ONLY	<=0.12	-3.06
3.4.0	UKMYC_PHENOTYPES	ukmyc_phenotypes:cc80262abf1ce2fb	PAS	PAS	CHEBI:27565	WUBBRNOQWQTFEX-UHFFFAOYSA-N	4	>	mg/L	58	58	4									UKMYC5	false	MEDIUM	14	VZ	VZ ONLY	>4	3.0
3.4.0	UKMYC_PHENOTYPES	ukmyc_phenotypes:59911c3093361684	PAS	PAS	CHEBI:27565	WUBBRNOQWQTFEX-UHFFFAOYSA-N				25	25	2									UKMYC5	false	MEDIUM	14	VZ	VZ ONLY
3.4.0	UKMYC_PHENOTYPES	ukmyc_phenotypes:1eaf610399a6d1ef	PAS	PAS	CHEBI:27565	WUBBRNOQWQTFEX-UHFFFAOYSA-N	0.25		mg/L	4	4	3									UKMYC5	false	MEDIUM	21	VZ	VZ ONLY	0.25	-2.0
3.4.0	UKMYC_PHENOTYPES	ukmyc_phenotypes:a0736f7b54a9adf6	PAS	PAS	CHEBI:27565	WUBBRNOQWQTFEX-UHFFFAOYSA-N	1.0		mg/L	2	2	2									UKMYC5	false	MEDIUM	21	VZ	VZ ONLY	1.0	0.0
3.4.0	UKMYC_PHENOTYPES	ukmyc_phenotypes:bf7c6d2d3722c1ad	PAS	PAS	CHEBI:27565	WUBBRNOQWQTFEX-UHFFFAOYSA-N	2.0		mg/L	1	1	1									UKMYC5	false	MEDIUM	21	VZ	VZ ONLY	2.0	1.0
3.4.0	UKMYC_PHENOTYPES	ukmyc_phenotypes:87c5977ec027cc5f	PAS	PAS	CHEBI:27565	WUBBRNOQWQTFEX-UHFFFAOYSA-N	0.12	<=	mg/L	7	7	3									UKMYC5	false	MEDIUM	21	VZ	VZ ONLY	<=0.12	-3.06
3.4.0	UKMYC_PHENOTYPES	ukmyc_phenotypes:b2c88bd571b95a9a	PAS	PAS	CHEBI:27565	WUBBRNOQWQTFEX-UHFFFAOYSA-N	4	>	mg/L	1	1	1									UKMYC5	false	MEDIUM	21	VZ	VZ ONLY	>4	3.0
3.4.0	UKMYC_PHENOTYPES	ukmyc_phenotypes:1135f91cffe0b61d	RFB	RIFABUTIN	CHEBI:45367	ATEBXHFBFRCZMA-VXTBVIBXSA-N	0.12		mg/L	98	98	8									UKMYC5	false	HIGH	14	VZ	BB,TM AGREE	0.12	-3.06	S
3.4.0	UKMYC_PHENOTYPES	ukmyc_phenotypes:14799f26939efd3c	RFB	RIFABUTIN	CHEBI:45367	ATEBXHFBFRCZMA-VXTBVIBXSA-N	0.25		mg/L	40	40	6									UKMYC5	false	HIGH	14	VZ	BB,TM AGREE	0.25	-2.0	R
3.4.0	UKMYC_PHENOTYPES	ukmyc_phenotypes:993c8483603d710f	RFB	RIFABUTIN	CHEBI:45367	ATEBXHFBFRCZMA-VXTBVIBXSA-N	0.5		mg/L	14	14	6									UKMYC5	false	HIGH	14	VZ	BB,TM AGREE	0.5	-1.0	R
3.4.0	UKMYC_PHENOTYPES	ukmyc_phenotypes:5eaec3f291448f08	RFB	RIFABUTIN	CHEBI:45367	ATEBXHFBFRCZMA-VXTBVIBXSA-N	1.0		mg/L	11	11	7									UKMYC5	false	HIGH	14	VZ	BB,TM AGREE	1.0	0.0	R
3.4.0	UKMYC_PHENOTYPES	ukmyc_phenotypes:1e709919728370ec	RFB	RIFABUTIN	CHEBI:45367	ATEBXHFBFRCZMA-VXTBVIBXSA-N	2.0		mg/L	29	29	6									UKMYC5	false	HIGH	14	VZ	BB,TM AGREE	2.0	1.0	R
3.4.0	UKMYC_PHENOTYPES	ukmyc_phenotypes:9c332fe4375c90a2	RFB	RIFABUTIN	CHEBI:45367	ATEBXHFBFRCZMA-VXTBVIBXSA-N	0.06	<=	mg/L	103	103	7									UKMYC5	false	HIGH	14	VZ	BB,TM AGREE	<=0.06	-4.06	S
3.4.0	UKMYC_PHENOTYPES	ukmyc_phenotypes:a06bdb22b0ba678f	RFB	RIFABUTIN	CHEBI:45367	ATEBXHFBFRCZMA-VXTBVIBXSA-N	2	>	mg/L	147	147	6									UKMYC5	false	HIGH	14	VZ	BB,TM AGREE	>2	2.0	R
3.4.0	UKMYC_PHENOTYPES	ukmyc_phenotypes:d7eda07690e3c1fc	RFB	RIFABUTIN	CHEBI:45367	ATEBXHFBFRCZMA-VXTBVIBXSA-N				3	3	3									UKMYC5	false	HIGH	14	VZ	BB,TM AGREE
3.4.0	UKMYC_PHENOTYPES	ukmyc_phenotypes:a0e3970e089d43e8	RFB	RIFABUTIN	CHEBI:45367	ATEBXHFBFRCZMA-VXTBVIBXSA-N	0.12		mg/L	27	27	4									UKMYC5	false	HIGH	14	VZ	VZ,BB AGREE	0.12	-3.06	S
3.4.0	UKMYC_PHENOTYPES	ukmyc_phenotypes:cd17d6e9d66a3d2d	RFB	RIFABUTIN	CHEBI:45367	ATEBXHFBFRCZMA-VXTBVIBXSA-N	0.25		mg/L	12	12	5									UKMYC5	false	HIGH	14	VZ	VZ,BB AGREE	0.25	-2.0	R
3.4.0	UKMYC_PHENOTYPES	ukmyc_phenotypes:4c2a7897bf644ca5	RFB	RIFABUTIN	CHEBI:45367	ATEBXHFBFRCZMA-VXTBVIBXSA-N	0.5		mg/L	11	11	4									UKMYC5	false	HIGH	14	VZ	VZ,BB AGREE	0.5	-1.0	R
3.4.0	UKMYC_PHENOTYPES	ukmyc_phenotypes:8f5b95ba6ad9c4f4	RFB	RIFABUTIN	CHEBI:45367	ATEBXHFBFRCZMA-VXTBVIBXSA-N	1.0		mg/L	16	16	6									UKMYC5	false	HIGH	14	VZ	VZ,BB AGREE	1.0	0.0	R
3.4.0	UKMYC_PHENOTYPES	ukmyc_phenotypes:215f4f4f57cf1a63	RFB	RIFABUTIN	CHEBI:45367	ATEBXHFBFRCZMA-VXTBVIBXSA-N	2.0		mg/L	33	33	6									UKMYC5	false	HIGH	14	VZ	VZ,BB AGREE	2.0	1.0	R
3.4.0	UKMYC_PHENOTYPES	ukmyc_phenotypes:635deb6d7b824e14	RFB	RIFABUTIN	CHEBI:45367	ATEBXHFBFRCZMA-VXTBVIBXSA-N	0.06	<=	mg/L	126	126	7									UKMYC5	false	HIGH	14	VZ	VZ,BB AGREE	<=0.06	-4.06	S
3.4.0	UKMYC_PHENOTYPES	ukmyc_phenotypes:d4189aa55a86bdb8	RFB	RIFABUTIN	CHEBI:45367	ATEBXHFBFRCZMA-VXTBVIBXSA-N	2	>	mg/L	37	37	5									UKMYC5	false	HIGH	14	VZ	VZ,BB AGREE	>2	2.0	R
3.4.0	UKMYC_PHENOTYPES	ukmyc_phenotypes:3b944e42c1a79ca1	RFB	RIFABUTIN	CHEBI:45367	ATEBXHFBFRCZMA-VXTBVIBXSA-N				6	6	2									UKMYC5	false	HIGH	14	VZ	VZ,BB AGREE
3.4.0	UKMYC_PHENOTYPES	ukmyc_phenotypes:0480d4a35ea9b18d	RFB	RIFABUTIN	CHEBI:45367	ATEBXHFBFRCZMA-VXTBVIBXSA-N	0.12		mg/L	119	119	7									UKMYC5	false	HIGH	14	VZ	VZ,TM AGREE	0.12	-3.06	S
3.4.0	UKMYC_PHENOTYPES	ukmyc_phenotypes:ee1832c239f97a90	RFB	RIFABUTIN	CHEBI:45367	ATEBXHFBFRCZMA-VXTBVIBXSA-N	0.25		mg/L	91	91	7									UKMYC5	false	HIGH	14	VZ	VZ,TM AGREE	0.25	-2.0	R
3.4.0	UKMYC_PHENOTYPES	ukmyc_phenotypes:479d34df11fbfa34	RFB	RIFABUTIN	CHEBI:45367	ATEBXHFBFRCZMA-VXTBVIBXSA-N	0.5		mg/L	79	79	7									UKMYC5	false	HIGH	14	VZ	VZ,TM AGREE	0.5	-1.0	R
3.4.0	UKMYC_PHENOTYPES	ukmyc_phenotypes:26c548ecf3cb48c1	RFB	RIFABUTIN	CHEBI:45367	ATEBXHFBFRCZMA-VXTBVIBXSA-N	1.0		mg/L	133	133	7									UKMYC5	false	HIGH	14	VZ	VZ,TM AGREE	1.0	0.0	R
3.4.0	UKMYC_PHENOTYPES	ukmyc_phenotypes:bb8f0a8ff570b041	RFB	RIFABUTIN	CHEBI:45367	ATEBXHFBFRCZMA-VXTBVIBXSA-N	2.0		mg/L	107	107	7									UKMYC5	false	HIGH	14	VZ	VZ,TM AGREE	2.0	1.0	R
3.4.0	UKMYC_PHENOTYPES	ukmyc_phenotypes:488f17df886af2a4	RFB	RIFABUTIN	CHEBI:45367	ATEBXHFBFRCZMA-VXTBVIBXSA-N	0.06	<=	mg/L	2971	2971	8									UKMYC5	false	HIGH	14	VZ	VZ,TM AGREE	<=0.06	-4.06	S
3.4.0	UKMYC_PHENOTYPES	ukmyc_phenotypes:86ec6d23bfbe49d9	RFB	RIFABUTIN	CHEBI:45367	ATEBXHFBFRCZMA-VXTBVIBXSA-N	2	>	mg/L	1205	1205	8									UKMYC5	false	HIGH	14	VZ	VZ,TM AGREE	>2	2.0	R
3.4.0	UKMYC_PHENOTYPES	ukmyc_phenotypes:9c3213e17eb2931f	RFB	RIFABUTIN	CHEBI:45367	ATEBXHFBFRCZMA-VXTBVIBXSA-N	0.12		mg/L	3	3	3									UKMYC5	false	HIGH	21	VZ	BB,TM AGREE	0.12	-3.06	S
3.4.0	UKMYC_PHENOTYPES	ukmyc_phenotypes:5e435ebd05b56b6e	RFB	RIFABUTIN	CHEBI:45367	ATEBXHFBFRCZMA-VXTBVIBXSA-N	0.25		mg/L	2	2	2									UKMYC5	false	HIGH	21	VZ	BB,TM AGREE	0.25	-2.0	R
3.4.0	UKMYC_PHENOTYPES	ukmyc_phenotypes:66f24c218486a2d6	RFB	RIFABUTIN	CHEBI:45367	ATEBXHFBFRCZMA-VXTBVIBXSA-N	1.0		mg/L	1	1	1									UKMYC5	false	HIGH	21	VZ	BB,TM AGREE	1.0	0.0	R
3.4.0	UKMYC_PHENOTYPES	ukmyc_phenotypes:acde61c49e1c8c75	RFB	RIFABUTIN	CHEBI:45367	ATEBXHFBFRCZMA-VXTBVIBXSA-N	2.0		mg/L	1	1	1									UKMYC5	false	HIGH	21	VZ	BB,TM AGREE	2.0	1.0	R
3.4.0	UKMYC_PHENOTYPES	ukmyc_phenotypes:79e44505550b9abf	RFB	RIFABUTIN	CHEBI:45367	ATEBXHFBFRCZMA-VXTBVIBXSA-N	0.06	<=	mg/L	2	2	1									UKMYC5	false	HIGH	21	VZ	BB,TM AGREE	<=0.06	-4.06	S
3.4.0	UKMYC_PHENOTYPES	ukmyc_phenotypes:1cd7e92796d3ab31	RFB	RIFABUTIN	CHEBI:45367	ATEBXHFBFRCZMA-VXTBVIBXSA-N	2	>	mg/L	6	6	3									UKMYC5	false	HIGH	21	VZ	BB,TM AGREE	>2	2.0	R
3.4.0	UKMYC_PHENOTYPES	ukmyc_phenotypes:a03f939010975114	RFB	RIFABUTIN	CHEBI:45367	ATEBXHFBFRCZMA-VXTBVIBXSA-N	0.5		mg/L	1	1	1									UKMYC5	false	HIGH	21	VZ	VZ,BB AGREE	0.5	-1.0	R
3.4.0	UKMYC_PHENOTYPES	ukmyc_phenotypes:c721767f67fd16d6	RFB	RIFABUTIN	CHEBI:45367	ATEBXHFBFRCZMA-VXTBVIBXSA-N	2.0		mg/L	1	1	1									UKMYC5	false	HIGH	21	VZ	VZ,BB AGREE	2.0	1.0	R
3.4.0	UKMYC_PHENOTYPES	ukmyc_phenotypes:cdf250af0c066a76	RFB	RIFABUTIN	CHEBI:45367	ATEBXHFBFRCZMA-VXTBVIBXSA-N	0.06	<=	mg/L	2	2	2									UKMYC5	false	HIGH	21	VZ	VZ,BB AGREE	<=0.06	-4.06	S
3.4.0	UKMYC_PHENOTYPES	ukmyc_phenotypes:b6cdcd3dcd4fb61c	RFB	RIFABUTIN	CHEBI:45367	ATEBXHFBFRCZMA-VXTBVIBXSA-N	2	>	mg/L	5	5	4									UKMYC5	false	HIGH	21	VZ	VZ,BB AGREE	>2	2.0	R
3.4.0	UKMYC_PHENOTYPES	ukmyc_phenotypes:fa9677731596ee41	RFB	RIFABUTIN	CHEBI:45367	ATEBXHFBFRCZMA-VXTBVIBXSA-N	0.12		mg/L	2	2	2									UKMYC5	false	HIGH	21	VZ	VZ,TM AGREE	0.12	-3.06	S
3.4.0	UKMYC_PHENOTYPES	ukmyc_phenotypes:1e205b7db86dba23	RFB	RIFABUTIN	CHEBI:45367	ATEBXHFBFRCZMA-VXTBVIBXSA-N	0.25		mg/L	2	2	2									UKMYC5	false	HIGH	21	VZ	VZ,TM AGREE	0.25	-2.0	R
3.4.0	UKMYC_PHENOTYPES	ukmyc_phenotypes:e19fe8b85ae33825	RFB	RIFABUTIN	CHEBI:45367	ATEBXHFBFRCZMA-VXTBVIBXSA-N	0.5		mg/L	1	1	1									UKMYC5	false	HIGH	21	VZ	VZ,TM AGREE	0.5	-1.0	R
3.4.0	UKMYC_PHENOTYPES	ukmyc_phenotypes:1fd694c8095e7adf	RFB	RIFABUTIN	CHEBI:45367	ATEBXHFBFRCZMA-VXTBVIBXSA-N	1.0		mg/L	1	1	1									UKMYC5	false	HIGH	21	VZ	VZ,TM AGREE	1.0	0.0	R
3.4.0	UKMYC_PHENOTYPES	ukmyc_phenotypes:61c04e480a24720c	RFB	RIFABUTIN	CHEBI:45367	ATEBXHFBFRCZMA-VXTBVIBXSA-N	0.06	<=	mg/L	70	70	7									UKMYC5	false	HIGH	21	VZ	VZ,TM AGREE	<=0.06	-4.06	S
3.4.0	UKMYC_PHENOTYPES	ukmyc_phenotypes:0e77815c14be088f	RFB	RIFABUTIN	CHEBI:45367	ATEBXHFBFRCZMA-VXTBVIBXSA-N	2	>	mg/L	18	18	4									UKMYC5	false	HIGH	21	VZ	VZ,TM AGREE	>2	2.0	R
3.4.0	UKMYC_PHENOTYPES	ukmyc_phenotypes:c683b7d3ee181fc0	RFB	RIFABUTIN	CHEBI:45367	ATEBXHFBFRCZMA-VXTBVIBXSA-N	0.12		mg/L	58	58	6									UKMYC5	false	LOW	14	VZ	ALL DISAGREE	0.12	-3.06	S
3.4.0	UKMYC_PHENOTYPES	ukmyc_phenotypes:5eb57a45362d7daf	RFB	RIFABUTIN	CHEBI:45367	ATEBXHFBFRCZMA-VXTBVIBXSA-N	0.25		mg/L	31	31	6									UKMYC5	false	LOW	14	VZ	ALL DISAGREE	0.25	-2.0	R
3.4.0	UKMYC_PHENOTYPES	ukmyc_phenotypes:4281ca8e646fdff7	RFB	RIFABUTIN	CHEBI:45367	ATEBXHFBFRCZMA-VXTBVIBXSA-N	0.5		mg/L	29	29	7									UKMYC5	false	LOW	14	VZ	ALL DISAGREE	0.5	-1.0	R
3.4.0	UKMYC_PHENOTYPES	ukmyc_phenotypes:c320145de34814aa	RFB	RIFABUTIN	CHEBI:45367	ATEBXHFBFRCZMA-VXTBVIBXSA-N	1.0		mg/L	40	40	6									UKMYC5	false	LOW	14	VZ	ALL DISAGREE	1.0	0.0	R
3.4.0	UKMYC_PHENOTYPES	ukmyc_phenotypes:c5c3e763beb78e84	RFB	RIFABUTIN	CHEBI:45367	ATEBXHFBFRCZMA-VXTBVIBXSA-N	2.0		mg/L	16	16	6									UKMYC5	false	LOW	14	VZ	ALL DISAGREE	2.0	1.0	R
3.4.0	UKMYC_PHENOTYPES	ukmyc_phenotypes:47061f9d194c6721	RFB	RIFABUTIN	CHEBI:45367	ATEBXHFBFRCZMA-VXTBVIBXSA-N	0.06	<=	mg/L	121	121	7									UKMYC5	false	LOW	14	VZ	ALL DISAGREE	<=0.06	-4.06	S
3.4.0	UKMYC_PHENOTYPES	ukmyc_phenotypes:0d34dd58d206dd0f	RFB	RIFABUTIN	CHEBI:45367	ATEBXHFBFRCZMA-VXTBVIBXSA-N	2	>	mg/L	7	7	4									UKMYC5	false	LOW	14	VZ	ALL DISAGREE	>2	2.0	R
3.4.0	UKMYC_PHENOTYPES	ukmyc_phenotypes:3f011b014ab59fb0	RFB	RIFABUTIN	CHEBI:45367	ATEBXHFBFRCZMA-VXTBVIBXSA-N				6	6	2									UKMYC5	false	LOW	14	VZ	ALL DISAGREE
3.4.0	UKMYC_PHENOTYPES	ukmyc_phenotypes:a2d2d687879abf9f	RFB	RIFABUTIN	CHEBI:45367	ATEBXHFBFRCZMA-VXTBVIBXSA-N	0.12		mg/L	5	5	2									UKMYC5	false	LOW	21	VZ	ALL DISAGREE	0.12	-3.06	S
3.4.0	UKMYC_PHENOTYPES	ukmyc_phenotypes:c8f01a9a698f8fb4	RFB	RIFABUTIN	CHEBI:45367	ATEBXHFBFRCZMA-VXTBVIBXSA-N	0.5		mg/L	1	1	1									UKMYC5	false	LOW	21	VZ	ALL DISAGREE	0.5	-1.0	R
3.4.0	UKMYC_PHENOTYPES	ukmyc_phenotypes:60cc8965f246f281	RFB	RIFABUTIN	CHEBI:45367	ATEBXHFBFRCZMA-VXTBVIBXSA-N	1.0		mg/L	1	1	1									UKMYC5	false	LOW	21	VZ	ALL DISAGREE	1.0	0.0	R
3.4.0	UKMYC_PHENOTYPES	ukmyc_phenotypes:8c6c632c1238d7bb	RFB	RIFABUTIN	CHEBI:45367	ATEBXHFBFRCZMA-VXTBVIBXSA-N	0.06	<=	mg/L	5	5	3									UKMYC5	false	LOW	21	VZ	ALL DISAGREE	<=0.06	-4.06	S
3.4.0	UKMYC_PHENOTYPES	ukmyc_phenotypes:817eaadb0f78f0fc	RFB	RIFABUTIN	CHEBI:45367	ATEBXHFBFRCZMA-VXTBVIBXSA-N	2	>	mg/L	2	2	2									UKMYC5	false	LOW	21	VZ	ALL DISAGREE	>2	2.0	R
3.4.0	UKMYC_PHENOTYPES	ukmyc_phenotypes:0a71759358e8840d	RFB	RIFABUTIN	CHEBI:45367	ATEBXHFBFRCZMA-VXTBVIBXSA-N				80	80	1									UKMYC5	false	MEDIUM	10	VZ	VZ ONLY
3.4.0	UKMYC_PHENOTYPES	ukmyc_phenotypes:96d1937934e3b461	RFB	RIFABUTIN	CHEBI:45367	ATEBXHFBFRCZMA-VXTBVIBXSA-N	1.0		mg/L	1	1	1									UKMYC5	false	MEDIUM	14	VZ	BB RUNNING	1.0	0.0	R
3.4.0	UKMYC_PHENOTYPES	ukmyc_phenotypes:c59d6fa11944099f	RFB	RIFABUTIN	CHEBI:45367	ATEBXHFBFRCZMA-VXTBVIBXSA-N				1	1	1									UKMYC5	false	MEDIUM	14	VZ	BB RUNNING
3.4.0	UKMYC_PHENOTYPES	ukmyc_phenotypes:1ac9307ed0971bcc	RFB	RIFABUTIN	CHEBI:45367	ATEBXHFBFRCZMA-VXTBVIBXSA-N	0.12		mg/L	44	44	4									UKMYC5	false	MEDIUM	14	VZ	VZ ONLY	0.12	-3.06	S
3.4.0	UKMYC_PHENOTYPES	ukmyc_phenotypes:710d52ad6a113442	RFB	RIFABUTIN	CHEBI:45367	ATEBXHFBFRCZMA-VXTBVIBXSA-N	0.25		mg/L	18	18	4									UKMYC5	false	MEDIUM	14	VZ	VZ ONLY	0.25	-2.0	R
3.4.0	UKMYC_PHENOTYPES	ukmyc_phenotypes:5ceaeade16f6db25	RFB	RIFABUTIN	CHEBI:45367	ATEBXHFBFRCZMA-VXTBVIBXSA-N	0.5		mg/L	13	13	4									UKMYC5	false	MEDIUM	14	VZ	VZ ONLY	0.5	-1.0	R
3.4.0	UKMYC_PHENOTYPES	ukmyc_phenotypes:930748ec2f9ee14d	RFB	RIFABUTIN	CHEBI:45367	ATEBXHFBFRCZMA-VXTBVIBXSA-N	1.0		mg/L	32	32	4									UKMYC5	false	MEDIUM	14	VZ	VZ ONLY	1.0	0.0	R
3.4.0	UKMYC_PHENOTYPES	ukmyc_phenotypes:6615799bfcfb2446	RFB	RIFABUTIN	CHEBI:45367	ATEBXHFBFRCZMA-VXTBVIBXSA-N	2.0		mg/L	59	59	5									UKMYC5	false	MEDIUM	14	VZ	VZ ONLY	2.0	1.0	R
3.4.0	UKMYC_PHENOTYPES	ukmyc_phenotypes:cad002154c7225e3	RFB	RIFABUTIN	CHEBI:45367	ATEBXHFBFRCZMA-VXTBVIBXSA-N	0.06	<=	mg/L	578	578	6									UKMYC5	false	MEDIUM	14	VZ	VZ ONLY	<=0.06	-4.06	S
3.4.0	UKMYC_PHENOTYPES	ukmyc_phenotypes:f415f492d93e960a	RFB	RIFABUTIN	CHEBI:45367	ATEBXHFBFRCZMA-VXTBVIBXSA-N	2	>	mg/L	317	317	5									UKMYC5	false	MEDIUM	14	VZ	VZ ONLY	>2	2.0	R
3.4.0	UKMYC_PHENOTYPES	ukmyc_phenotypes:54a424dfa3f090e5	RFB	RIFABUTIN	CHEBI:45367	ATEBXHFBFRCZMA-VXTBVIBXSA-N				22	22	2									UKMYC5	false	MEDIUM	14	VZ	VZ ONLY
3.4.0	UKMYC_PHENOTYPES	ukmyc_phenotypes:9cba24f08c751478	RFB	RIFABUTIN	CHEBI:45367	ATEBXHFBFRCZMA-VXTBVIBXSA-N	0.12		mg/L	1	1	1									UKMYC5	false	MEDIUM	21	VZ	VZ ONLY	0.12	-3.06	S
3.4.0	UKMYC_PHENOTYPES	ukmyc_phenotypes:744288b76920c34a	RFB	RIFABUTIN	CHEBI:45367	ATEBXHFBFRCZMA-VXTBVIBXSA-N	0.5		mg/L	2	2	1									UKMYC5	false	MEDIUM	21	VZ	VZ ONLY	0.5	-1.0	R
3.4.0	UKMYC_PHENOTYPES	ukmyc_phenotypes:657aaeb4b0522ae0	RFB	RIFABUTIN	CHEBI:45367	ATEBXHFBFRCZMA-VXTBVIBXSA-N	0.06	<=	mg/L	8	8	3									UKMYC5	false	MEDIUM	21	VZ	VZ ONLY	<=0.06	-4.06	S
3.4.0	UKMYC_PHENOTYPES	ukmyc_phenotypes:fe8141ef8cfd8f86	RFB	RIFABUTIN	CHEBI:45367	ATEBXHFBFRCZMA-VXTBVIBXSA-N	2	>	mg/L	3	3	2									UKMYC5	false	MEDIUM	21	VZ	VZ ONLY	>2	2.0	R
3.4.0	UKMYC_PHENOTYPES	ukmyc_phenotypes:ec2bb09cdd6f4030	RFB	RIFABUTIN	CHEBI:45367	ATEBXHFBFRCZMA-VXTBVIBXSA-N				1	1	1									UKMYC5	false	MEDIUM	21	VZ	VZ ONLY
3.4.0	UKMYC_PHENOTYPES	ukmyc_phenotypes:e69a4652837ca3be	RFB	RIFABUTIN	CHEBI:45367	ATEBXHFBFRCZMA-VXTBVIBXSA-N	0.12		mg/L	48	48	8									UKMYC6	false	HIGH	14	VZ	BB,TM AGREE	0.12	-3.06	S
3.4.0	UKMYC_PHENOTYPES	ukmyc_phenotypes:61291a7671a80050	RFB	RIFABUTIN	CHEBI:45367	ATEBXHFBFRCZMA-VXTBVIBXSA-N	0.25		mg/L	14	14	6									UKMYC6	false	HIGH	14	VZ	BB,TM AGREE	0.25	-2.0	R
3.4.0	UKMYC_PHENOTYPES	ukmyc_phenotypes:a296f51c8d832277	RFB	RIFABUTIN	CHEBI:45367	ATEBXHFBFRCZMA-VXTBVIBXSA-N	0.5		mg/L	26	26	6									UKMYC6	false	HIGH	14	VZ	BB,TM AGREE	0.5	-1.0	R
3.4.0	UKMYC_PHENOTYPES	ukmyc_phenotypes:65814dfe4560616c	RFB	RIFABUTIN	CHEBI:45367	ATEBXHFBFRCZMA-VXTBVIBXSA-N	1.0		mg/L	26	26	6									UKMYC6	false	HIGH	14	VZ	BB,TM AGREE	1.0	0.0	R
3.4.0	UKMYC_PHENOTYPES	ukmyc_phenotypes:5d58653a67a941e1	RFB	RIFABUTIN	CHEBI:45367	ATEBXHFBFRCZMA-VXTBVIBXSA-N	2.0		mg/L	34	34	6									UKMYC6	false	HIGH	14	VZ	BB,TM AGREE	2.0	1.0	R
3.4.0	UKMYC_PHENOTYPES	ukmyc_phenotypes:dba5d9d14dc37475	RFB	RIFABUTIN	CHEBI:45367	ATEBXHFBFRCZMA-VXTBVIBXSA-N	0.06	<=	mg/L	52	52	9									UKMYC6	false	HIGH	14	VZ	BB,TM AGREE	<=0.06	-4.06	S
3.4.0	UKMYC_PHENOTYPES	ukmyc_phenotypes:fcaf1c1d0dff3c65	RFB	RIFABUTIN	CHEBI:45367	ATEBXHFBFRCZMA-VXTBVIBXSA-N	2	>	mg/L	791	791	10									UKMYC6	false	HIGH	14	VZ	BB,TM AGREE	>2	2.0	R
3.4.0	UKMYC_PHENOTYPES	ukmyc_phenotypes:433138ead396edcc	RFB	RIFABUTIN	CHEBI:45367	ATEBXHFBFRCZMA-VXTBVIBXSA-N				17	17	6									UKMYC6	false	HIGH	14	VZ	BB,TM AGREE
3.4.0	UKMYC_PHENOTYPES	ukmyc_phenotypes:83713e1f3ecc0733	RFB	RIFABUTIN	CHEBI:45367	ATEBXHFBFRCZMA-VXTBVIBXSA-N	0.12		mg/L	17	17	5									UKMYC6	false	HIGH	14	VZ	VZ,BB AGREE	0.12	-3.06	S
3.4.0	UKMYC_PHENOTYPES	ukmyc_phenotypes:d2fe25990ed38fa2	RFB	RIFABUTIN	CHEBI:45367	ATEBXHFBFRCZMA-VXTBVIBXSA-N	0.25		mg/L	11	11	4									UKMYC6	false	HIGH	14	VZ	VZ,BB AGREE	0.25	-2.0	R
3.4.0	UKMYC_PHENOTYPES	ukmyc_phenotypes:af429495e0586441	RFB	RIFABUTIN	CHEBI:45367	ATEBXHFBFRCZMA-VXTBVIBXSA-N	0.5		mg/L	6	6	5									UKMYC6	false	HIGH	14	VZ	VZ,BB AGREE	0.5	-1.0	R
3.4.0	UKMYC_PHENOTYPES	ukmyc_phenotypes:8f6e9dfcf5b76b84	RFB	RIFABUTIN	CHEBI:45367	ATEBXHFBFRCZMA-VXTBVIBXSA-N	1.0		mg/L	8	8	4									UKMYC6	false	HIGH	14	VZ	VZ,BB AGREE	1.0	0.0	R
3.4.0	UKMYC_PHENOTYPES	ukmyc_phenotypes:52f0d2d508a5efd1	RFB	RIFABUTIN	CHEBI:45367	ATEBXHFBFRCZMA-VXTBVIBXSA-N	2.0		mg/L	10	10	7									UKMYC6	false	HIGH	14	VZ	VZ,BB AGREE	2.0	1.0	R
3.4.0	UKMYC_PHENOTYPES	ukmyc_phenotypes:98398a144dfe0567	RFB	RIFABUTIN	CHEBI:45367	ATEBXHFBFRCZMA-VXTBVIBXSA-N	0.06	<=	mg/L	49	49	7									UKMYC6	false	HIGH	14	VZ	VZ,BB AGREE	<=0.06	-4.06	S
3.4.0	UKMYC_PHENOTYPES	ukmyc_phenotypes:afdae2c390a2c002	RFB	RIFABUTIN	CHEBI:45367	ATEBXHFBFRCZMA-VXTBVIBXSA-N	2	>	mg/L	35	35	6									UKMYC6	false	HIGH	14	VZ	VZ,BB AGREE	>2	2.0	R
3.4.0	UKMYC_PHENOTYPES	ukmyc_phenotypes:5ebc33855f88929d	RFB	RIFABUTIN	CHEBI:45367	ATEBXHFBFRCZMA-VXTBVIBXSA-N				8	8	5									UKMYC6	false	HIGH	14	VZ	VZ,BB AGREE
3.4.0	UKMYC_PHENOTYPES	ukmyc_phenotypes:a00e3130bfcf29dd	RFB	RIFABUTIN	CHEBI:45367	ATEBXHFBFRCZMA-VXTBVIBXSA-N	0.12		mg/L	332	332	10									UKMYC6	false	HIGH	14	VZ	VZ,TM AGREE	0.12	-3.06	S
3.4.0	UKMYC_PHENOTYPES	ukmyc_phenotypes:f0264c9c3248be72	RFB	RIFABUTIN	CHEBI:45367	ATEBXHFBFRCZMA-VXTBVIBXSA-N	0.25		mg/L	218	218	9									UKMYC6	false	HIGH	14	VZ	VZ,TM AGREE	0.25	-2.0	R
3.4.0	UKMYC_PHENOTYPES	ukmyc_phenotypes:83edba551880c8a0	RFB	RIFABUTIN	CHEBI:45367	ATEBXHFBFRCZMA-VXTBVIBXSA-N	0.5		mg/L	107	107	8									UKMYC6	false	HIGH	14	VZ	VZ,TM AGREE	0.5	-1.0	R
3.4.0	UKMYC_PHENOTYPES	ukmyc_phenotypes:70ca6f4b5d271844	RFB	RIFABUTIN	CHEBI:45367	ATEBXHFBFRCZMA-VXTBVIBXSA-N	1.0		mg/L	126	126	9									UKMYC6	false	HIGH	14	VZ	VZ,TM AGREE	1.0	0.0	R
3.4.0	UKMYC_PHENOTYPES	ukmyc_phenotypes:b7e7a7cf07d4832a	RFB	RIFABUTIN	CHEBI:45367	ATEBXHFBFRCZMA-VXTBVIBXSA-N	2.0		mg/L	208	208	9									UKMYC6	false	HIGH	14	VZ	VZ,TM AGREE	2.0	1.0	R
3.4.0	UKMYC_PHENOTYPES	ukmyc_phenotypes:2dc10b719bac090d	RFB	RIFABUTIN	CHEBI:45367	ATEBXHFBFRCZMA-VXTBVIBXSA-N	0.06	<=	mg/L	7959	7959	10									UKMYC6	false	HIGH	14	VZ	VZ,TM AGREE	<=0.06	-4.06	S
3.4.0	UKMYC_PHENOTYPES	ukmyc_phenotypes:06a452c8f52c6b5c	RFB	RIFABUTIN	CHEBI:45367	ATEBXHFBFRCZMA-VXTBVIBXSA-N	2	>	mg/L	1975	1975	9									UKMYC6	false	HIGH	14	VZ	VZ,TM AGREE	>2	2.0	R
3.4.0	UKMYC_PHENOTYPES	ukmyc_phenotypes:98d830dc956a63b1	RFB	RIFABUTIN	CHEBI:45367	ATEBXHFBFRCZMA-VXTBVIBXSA-N				1	1	1									UKMYC6	false	HIGH	14	VZ	VZ,TM AGREE
3.4.0	UKMYC_PHENOTYPES	ukmyc_phenotypes:82ebb908da62bf55	RFB	RIFABUTIN	CHEBI:45367	ATEBXHFBFRCZMA-VXTBVIBXSA-N	0.12		mg/L	2	2	2									UKMYC6	false	HIGH	21	VZ	BB,TM AGREE	0.12	-3.06	S
3.4.0	UKMYC_PHENOTYPES	ukmyc_phenotypes:f2ba32bbfeff223a	RFB	RIFABUTIN	CHEBI:45367	ATEBXHFBFRCZMA-VXTBVIBXSA-N	0.25		mg/L	4	4	1									UKMYC6	false	HIGH	21	VZ	BB,TM AGREE	0.25	-2.0	R
3.4.0	UKMYC_PHENOTYPES	ukmyc_phenotypes:b780c71934ab34c1	RFB	RIFABUTIN	CHEBI:45367	ATEBXHFBFRCZMA-VXTBVIBXSA-N	0.5		mg/L	1	1	1									UKMYC6	false	HIGH	21	VZ	BB,TM AGREE	0.5	-1.0	R
3.4.0	UKMYC_PHENOTYPES	ukmyc_phenotypes:0b8d7ac24993ab91	RFB	RIFABUTIN	CHEBI:45367	ATEBXHFBFRCZMA-VXTBVIBXSA-N	1.0		mg/L	5	5	3									UKMYC6	false	HIGH	21	VZ	BB,TM AGREE	1.0	0.0	R
3.4.0	UKMYC_PHENOTYPES	ukmyc_phenotypes:2f26553325de7ea0	RFB	RIFABUTIN	CHEBI:45367	ATEBXHFBFRCZMA-VXTBVIBXSA-N	2.0		mg/L	3	3	1									UKMYC6	false	HIGH	21	VZ	BB,TM AGREE	2.0	1.0	R
3.4.0	UKMYC_PHENOTYPES	ukmyc_phenotypes:133c39239d49c158	RFB	RIFABUTIN	CHEBI:45367	ATEBXHFBFRCZMA-VXTBVIBXSA-N	0.06	<=	mg/L	3	3	2									UKMYC6	false	HIGH	21	VZ	BB,TM AGREE	<=0.06	-4.06	S
3.4.0	UKMYC_PHENOTYPES	ukmyc_phenotypes:ccd2de8df57196a9	RFB	RIFABUTIN	CHEBI:45367	ATEBXHFBFRCZMA-VXTBVIBXSA-N	2	>	mg/L	31	31	4									UKMYC6	false	HIGH	21	VZ	BB,TM AGREE	>2	2.0	R
3.4.0	UKMYC_PHENOTYPES	ukmyc_phenotypes:2befa4bea2ffce43	RFB	RIFABUTIN	CHEBI:45367	ATEBXHFBFRCZMA-VXTBVIBXSA-N				1	1	1									UKMYC6	false	HIGH	21	VZ	BB,TM AGREE
3.4.0	UKMYC_PHENOTYPES	ukmyc_phenotypes:372f105a298a6eb5	RFB	RIFABUTIN	CHEBI:45367	ATEBXHFBFRCZMA-VXTBVIBXSA-N	0.12		mg/L	3	3	3									UKMYC6	false	HIGH	21	VZ	VZ,BB AGREE	0.12	-3.06	S
3.4.0	UKMYC_PHENOTYPES	ukmyc_phenotypes:1a7d378285e2ae05	RFB	RIFABUTIN	CHEBI:45367	ATEBXHFBFRCZMA-VXTBVIBXSA-N	1.0		mg/L	1	1	1									UKMYC6	false	HIGH	21	VZ	VZ,BB AGREE	1.0	0.0	R
3.4.0	UKMYC_PHENOTYPES	ukmyc_phenotypes:5a48cd1f1a98ee3d	RFB	RIFABUTIN	CHEBI:45367	ATEBXHFBFRCZMA-VXTBVIBXSA-N	2.0		mg/L	2	2	2									UKMYC6	false	HIGH	21	VZ	VZ,BB AGREE	2.0	1.0	R
3.4.0	UKMYC_PHENOTYPES	ukmyc_phenotypes:8dddb85240c4cd8b	RFB	RIFABUTIN	CHEBI:45367	ATEBXHFBFRCZMA-VXTBVIBXSA-N	0.06	<=	mg/L	3	3	3									UKMYC6	false	HIGH	21	VZ	VZ,BB AGREE	<=0.06	-4.06	S
3.4.0	UKMYC_PHENOTYPES	ukmyc_phenotypes:a77038a090c7dfec	RFB	RIFABUTIN	CHEBI:45367	ATEBXHFBFRCZMA-VXTBVIBXSA-N	2	>	mg/L	2	2	2									UKMYC6	false	HIGH	21	VZ	VZ,BB AGREE	>2	2.0	R
3.4.0	UKMYC_PHENOTYPES	ukmyc_phenotypes:859a61c3235151c0	RFB	RIFABUTIN	CHEBI:45367	ATEBXHFBFRCZMA-VXTBVIBXSA-N	0.12		mg/L	136	136	7									UKMYC6	false	HIGH	21	VZ	VZ,TM AGREE	0.12	-3.06	S
3.4.0	UKMYC_PHENOTYPES	ukmyc_phenotypes:a62355e7c84a05fa	RFB	RIFABUTIN	CHEBI:45367	ATEBXHFBFRCZMA-VXTBVIBXSA-N	0.25		mg/L	20	20	5									UKMYC6	false	HIGH	21	VZ	VZ,TM AGREE	0.25	-2.0	R
3.4.0	UKMYC_PHENOTYPES	ukmyc_phenotypes:38521d49611b96f5	RFB	RIFABUTIN	CHEBI:45367	ATEBXHFBFRCZMA-VXTBVIBXSA-N	0.5		mg/L	11	11	4									UKMYC6	false	HIGH	21	VZ	VZ,TM AGREE	0.5	-1.0	R
3.4.0	UKMYC_PHENOTYPES	ukmyc_phenotypes:ac691bd0ea27377c	RFB	RIFABUTIN	CHEBI:45367	ATEBXHFBFRCZMA-VXTBVIBXSA-N	1.0		mg/L	16	16	5									UKMYC6	false	HIGH	21	VZ	VZ,TM AGREE	1.0	0.0	R
3.4.0	UKMYC_PHENOTYPES	ukmyc_phenotypes:3634fcdda61f8688	RFB	RIFABUTIN	CHEBI:45367	ATEBXHFBFRCZMA-VXTBVIBXSA-N	2.0		mg/L	22	22	5									UKMYC6	false	HIGH	21	VZ	VZ,TM AGREE	2.0	1.0	R
3.4.0	UKMYC_PHENOTYPES	ukmyc_phenotypes:492bc0bde18f5e91	RFB	RIFABUTIN	CHEBI:45367	ATEBXHFBFRCZMA-VXTBVIBXSA-N	0.06	<=	mg/L	576	576	8									UKMYC6	false	HIGH	21	VZ	VZ,TM AGREE	<=0.06	-4.06	S
3.4.0	UKMYC_PHENOTYPES	ukmyc_phenotypes:35cec51e3e478d1e	RFB	RIFABUTIN	CHEBI:45367	ATEBXHFBFRCZMA-VXTBVIBXSA-N	2	>	mg/L	142	142	6									UKMYC6	false	HIGH	21	VZ	VZ,TM AGREE	>2	2.0	R
3.4.0	UKMYC_PHENOTYPES	ukmyc_phenotypes:c78fcc863809fe95	RFB	RIFABUTIN	CHEBI:45367	ATEBXHFBFRCZMA-VXTBVIBXSA-N				3	3	1									UKMYC6	false	HIGH	21	VZ	VZ,TM AGREE
3.4.0	UKMYC_PHENOTYPES	ukmyc_phenotypes:a926807584e81ae2	RFB	RIFABUTIN	CHEBI:45367	ATEBXHFBFRCZMA-VXTBVIBXSA-N	0.12		mg/L	126	126	8									UKMYC6	false	LOW	14	VZ	ALL DISAGREE	0.12	-3.06	S
3.4.0	UKMYC_PHENOTYPES	ukmyc_phenotypes:13462d4ac88d0e45	RFB	RIFABUTIN	CHEBI:45367	ATEBXHFBFRCZMA-VXTBVIBXSA-N	0.25		mg/L	44	44	8									UKMYC6	false	LOW	14	VZ	ALL DISAGREE	0.25	-2.0	R
3.4.0	UKMYC_PHENOTYPES	ukmyc_phenotypes:bfc2f550fb96d1e4	RFB	RIFABUTIN	CHEBI:45367	ATEBXHFBFRCZMA-VXTBVIBXSA-N	0.5		mg/L	40	40	7									UKMYC6	false	LOW	14	VZ	ALL DISAGREE	0.5	-1.0	R
3.4.0	UKMYC_PHENOTYPES	ukmyc_phenotypes:145d6f22de09433b	RFB	RIFABUTIN	CHEBI:45367	ATEBXHFBFRCZMA-VXTBVIBXSA-N	1.0		mg/L	52	52	6									UKMYC6	false	LOW	14	VZ	ALL DISAGREE	1.0	0.0	R
3.4.0	UKMYC_PHENOTYPES	ukmyc_phenotypes:48be8c65750f830b	RFB	RIFABUTIN	CHEBI:45367	ATEBXHFBFRCZMA-VXTBVIBXSA-N	2.0		mg/L	17	17	6									UKMYC6	false	LOW	14	VZ	ALL DISAGREE	2.0	1.0	R
3.4.0	UKMYC_PHENOTYPES	ukmyc_phenotypes:de4d3cb3f6f48634	RFB	RIFABUTIN	CHEBI:45367	ATEBXHFBFRCZMA-VXTBVIBXSA-N	0.06	<=	mg/L	171	171	9									UKMYC6	false	LOW	14	VZ	ALL DISAGREE	<=0.06	-4.06	S
3.4.0	UKMYC_PHENOTYPES	ukmyc_phenotypes:2e3fd54250b98e14	RFB	RIFABUTIN	CHEBI:45367	ATEBXHFBFRCZMA-VXTBVIBXSA-N	2	>	mg/L	17	17	5									UKMYC6	false	LOW	14	VZ	ALL DISAGREE	>2	2.0	R
3.4.0	UKMYC_PHENOTYPES	ukmyc_phenotypes:ac75926e65fd97b3	RFB	RIFABUTIN	CHEBI:45367	ATEBXHFBFRCZMA-VXTBVIBXSA-N				28	28	3									UKMYC6	false	LOW	14	VZ	ALL DISAGREE
3.4.0	UKMYC_PHENOTYPES	ukmyc_phenotypes:344f95154f4afac8	RFB	RIFABUTIN	CHEBI:45367	ATEBXHFBFRCZMA-VXTBVIBXSA-N	0.12		mg/L	6	6	5									UKMYC6	false	LOW	21	VZ	ALL DISAGREE	0.12	-3.06	S
3.4.0	UKMYC_PHENOTYPES	ukmyc_phenotypes:d12add3b8601ae75	RFB	RIFABUTIN	CHEBI:45367	ATEBXHFBFRCZMA-VXTBVIBXSA-N	0.25		mg/L	2	2	2									UKMYC6	false	LOW	21	VZ	ALL DISAGREE	0.25	-2.0	R
3.4.0	UKMYC_PHENOTYPES	ukmyc_phenotypes:7a99dfcdbbc00de0	RFB	RIFABUTIN	CHEBI:45367	ATEBXHFBFRCZMA-VXTBVIBXSA-N	0.5		mg/L	2	2	2									UKMYC6	false	LOW	21	VZ	ALL DISAGREE	0.5	-1.0	R
3.4.0	UKMYC_PHENOTYPES	ukmyc_phenotypes:443362482cf46692	RFB	RIFABUTIN	CHEBI:45367	ATEBXHFBFRCZMA-VXTBVIBXSA-N	1.0		mg/L	13	13	4									UKMYC6	false	LOW	21	VZ	ALL DISAGREE	1.0	0.0	R
3.4.0	UKMYC_PHENOTYPES	ukmyc_phenotypes:e560b0982b18aae3	RFB	RIFABUTIN	CHEBI:45367	ATEBXHFBFRCZMA-VXTBVIBXSA-N	2.0		mg/L	4	4	3									UKMYC6	false	LOW	21	VZ	ALL DISAGREE	2.0	1.0	R
3.4.0	UKMYC_PHENOTYPES	ukmyc_phenotypes:3612907a93b6b55a	RFB	RIFABUTIN	CHEBI:45367	ATEBXHFBFRCZMA-VXTBVIBXSA-N	0.06	<=	mg/L	6	6	3									UKMYC6	false	LOW	21	VZ	ALL DISAGREE	<=0.06	-4.06	S
3.4.0	UKMYC_PHENOTYPES	ukmyc_phenotypes:1f3c436cca5997f1	RFB	RIFABUTIN	CHEBI:45367	ATEBXHFBFRCZMA-VXTBVIBXSA-N	2	>	mg/L	2	2	1									UKMYC6	false	LOW	21	VZ	ALL DISAGREE	>2	2.0	R
3.4.0	UKMYC_PHENOTYPES	ukmyc_phenotypes:3deeff285921d0c2	RFB	RIFABUTIN	CHEBI:45367	ATEBXHFBFRCZMA-VXTBVIBXSA-N				7	7	2									UKMYC6	false	LOW	21	VZ	ALL DISAGREE
3.4.0	UKMYC_PHENOTYPES	ukmyc_phenotypes:4571e557d9f7dae2	RFB	RIFABUTIN	CHEBI:45367	ATEBXHFBFRCZMA-VXTBVIBXSA-N	0.12		mg/L	7	7	1									UKMYC6	false	MEDIUM	14	MB	VZ ONLY	0.12	-3.06	S
3.4.0	UKMYC_PHENOTYPES	ukmyc_phenotypes:0fe53b3aab4337df	RFB	RIFABUTIN	CHEBI:45367	ATEBXHFBFRCZMA-VXTBVIBXSA-N	0.25		mg/L	2	2	1									UKMYC6	false	MEDIUM	14	MB	VZ ONLY	0.25	-2.0	R
3.4.0	UKMYC_PHENOTYPES	ukmyc_phenotypes:a8ef7e35618701b1	RFB	RIFABUTIN	CHEBI:45367	ATEBXHFBFRCZMA-VXTBVIBXSA-N	0.5		mg/L	5	5	1									UKMYC6	false	MEDIUM	14	MB	VZ ONLY	0.5	-1.0	R
3.4.0	UKMYC_PHENOTYPES	ukmyc_phenotypes:12d26907490799e0	RFB	RIFABUTIN	CHEBI:45367	ATEBXHFBFRCZMA-VXTBVIBXSA-N	1.0		mg/L	8	8	1									UKMYC6	false	MEDIUM	14	MB	VZ ONLY	1.0	0.0	R
3.4.0	UKMYC_PHENOTYPES	ukmyc_phenotypes:d0de5274c07672b5	RFB	RIFABUTIN	CHEBI:45367	ATEBXHFBFRCZMA-VXTBVIBXSA-N	2.0		mg/L	10	10	1									UKMYC6	false	MEDIUM	14	MB	VZ ONLY	2.0	1.0	R
3.4.0	UKMYC_PHENOTYPES	ukmyc_phenotypes:0661779b9f937302	RFB	RIFABUTIN	CHEBI:45367	ATEBXHFBFRCZMA-VXTBVIBXSA-N	0.06	<=	mg/L	13	13	1									UKMYC6	false	MEDIUM	14	MB	VZ ONLY	<=0.06	-4.06	S
3.4.0	UKMYC_PHENOTYPES	ukmyc_phenotypes:dcde37f00b764ac8	RFB	RIFABUTIN	CHEBI:45367	ATEBXHFBFRCZMA-VXTBVIBXSA-N	2	>	mg/L	15	15	1									UKMYC6	false	MEDIUM	14	MB	VZ ONLY	>2	2.0	R
3.4.0	UKMYC_PHENOTYPES	ukmyc_phenotypes:aa28f7b9a11bef53	RFB	RIFABUTIN	CHEBI:45367	ATEBXHFBFRCZMA-VXTBVIBXSA-N				1	1	1									UKMYC6	false	MEDIUM	14	MB	VZ ONLY
3.4.0	UKMYC_PHENOTYPES	ukmyc_phenotypes:65954499d320b150	RFB	RIFABUTIN	CHEBI:45367	ATEBXHFBFRCZMA-VXTBVIBXSA-N	0.12		mg/L	22	22	5									UKMYC6	false	MEDIUM	14	VZ	BB RUNNING	0.12	-3.06	S
3.4.0	UKMYC_PHENOTYPES	ukmyc_phenotypes:d382f04c7f5a7cad	RFB	RIFABUTIN	CHEBI:45367	ATEBXHFBFRCZMA-VXTBVIBXSA-N	0.25		mg/L	7	7	3									UKMYC6	false	MEDIUM	14	VZ	BB RUNNING	0.25	-2.0	R
3.4.0	UKMYC_PHENOTYPES	ukmyc_phenotypes:ccf9539cb3c45802	RFB	RIFABUTIN	CHEBI:45367	ATEBXHFBFRCZMA-VXTBVIBXSA-N	0.5		mg/L	14	14	3									UKMYC6	false	MEDIUM	14	VZ	BB RUNNING	0.5	-1.0	R
3.4.0	UKMYC_PHENOTYPES	ukmyc_phenotypes:d253e3ef66e41c1b	RFB	RIFABUTIN	CHEBI:45367	ATEBXHFBFRCZMA-VXTBVIBXSA-N	1.0		mg/L	34	34	5									UKMYC6	false	MEDIUM	14	VZ	BB RUNNING	1.0	0.0	R
3.4.0	UKMYC_PHENOTYPES	ukmyc_phenotypes:ec0600cb084cf120	RFB	RIFABUTIN	CHEBI:45367	ATEBXHFBFRCZMA-VXTBVIBXSA-N	2.0		mg/L	9	9	4									UKMYC6	false	MEDIUM	14	VZ	BB RUNNING	2.0	1.0	R
3.4.0	UKMYC_PHENOTYPES	ukmyc_phenotypes:7fe21ce66403a8ae	RFB	RIFABUTIN	CHEBI:45367	ATEBXHFBFRCZMA-VXTBVIBXSA-N	0.06	<=	mg/L	66	66	4									UKMYC6	false	MEDIUM	14	VZ	BB RUNNING	<=0.06	-4.06	S
3.4.0	UKMYC_PHENOTYPES	ukmyc_phenotypes:3c9f7f73f20b8c30	RFB	RIFABUTIN	CHEBI:45367	ATEBXHFBFRCZMA-VXTBVIBXSA-N	2	>	mg/L	3	3	2									UKMYC6	false	MEDIUM	14	VZ	BB RUNNING	>2	2.0	R
3.4.0	UKMYC_PHENOTYPES	ukmyc_phenotypes:680ac150f8eaab1b	RFB	RIFABUTIN	CHEBI:45367	ATEBXHFBFRCZMA-VXTBVIBXSA-N				1	1	1									UKMYC6	false	MEDIUM	14	VZ	BB RUNNING
3.4.0	UKMYC_PHENOTYPES	ukmyc_phenotypes:04e22fb4e81ffb72	RFB	RIFABUTIN	CHEBI:45367	ATEBXHFBFRCZMA-VXTBVIBXSA-N	0.12		mg/L	26	26	8									UKMYC6	false	MEDIUM	14	VZ	VZ ONLY	0.12	-3.06	S
3.4.0	UKMYC_PHENOTYPES	ukmyc_phenotypes:3b49d4b43d508373	RFB	RIFABUTIN	CHEBI:45367	ATEBXHFBFRCZMA-VXTBVIBXSA-N	0.25		mg/L	13	13	3									UKMYC6	false	MEDIUM	14	VZ	VZ ONLY	0.25	-2.0	R
3.4.0	UKMYC_PHENOTYPES	ukmyc_phenotypes:49b85ea09d806092	RFB	RIFABUTIN	CHEBI:45367	ATEBXHFBFRCZMA-VXTBVIBXSA-N	0.5		mg/L	18	18	3									UKMYC6	false	MEDIUM	14	VZ	VZ ONLY	0.5	-1.0	R
3.4.0	UKMYC_PHENOTYPES	ukmyc_phenotypes:713e6ef772927cf1	RFB	RIFABUTIN	CHEBI:45367	ATEBXHFBFRCZMA-VXTBVIBXSA-N	1.0		mg/L	25	25	4									UKMYC6	false	MEDIUM	14	VZ	VZ ONLY	1.0	0.0	R
3.4.0	UKMYC_PHENOTYPES	ukmyc_phenotypes:d7fe30b267d8eb6c	RFB	RIFABUTIN	CHEBI:45367	ATEBXHFBFRCZMA-VXTBVIBXSA-N	2.0		mg/L	45	45	7									UKMYC6	false	MEDIUM	14	VZ	VZ ONLY	2.0	1.0	R
3.4.0	UKMYC_PHENOTYPES	ukmyc_phenotypes:6630b67f70186734	RFB	RIFABUTIN	CHEBI:45367	ATEBXHFBFRCZMA-VXTBVIBXSA-N	0.06	<=	mg/L	121	121	10									UKMYC6	false	MEDIUM	14	VZ	VZ ONLY	<=0.06	-4.06	S
3.4.0	UKMYC_PHENOTYPES	ukmyc_phenotypes:67f434e340679148	RFB	RIFABUTIN	CHEBI:45367	ATEBXHFBFRCZMA-VXTBVIBXSA-N	2	>	mg/L	283	283	8									UKMYC6	false	MEDIUM	14	VZ	VZ ONLY	>2	2.0	R
3.4.0	UKMYC_PHENOTYPES	ukmyc_phenotypes:3f3adcba638e8140	RFB	RIFABUTIN	CHEBI:45367	ATEBXHFBFRCZMA-VXTBVIBXSA-N				2	2	2									UKMYC6	false	MEDIUM	14	VZ	VZ ONLY
3.4.0	UKMYC_PHENOTYPES	ukmyc_phenotypes:62ee16a85e18c9ef	RFB	RIFABUTIN	CHEBI:45367	ATEBXHFBFRCZMA-VXTBVIBXSA-N	0.12		mg/L	5	5	1									UKMYC6	false	MEDIUM	21	MB	VZ ONLY	0.12	-3.06	S
3.4.0	UKMYC_PHENOTYPES	ukmyc_phenotypes:7435e4bc7ba1f92e	RFB	RIFABUTIN	CHEBI:45367	ATEBXHFBFRCZMA-VXTBVIBXSA-N	0.5		mg/L	3	3	1									UKMYC6	false	MEDIUM	21	MB	VZ ONLY	0.5	-1.0	R
3.4.0	UKMYC_PHENOTYPES	ukmyc_phenotypes:ef4a3df5a4b22a4d	RFB	RIFABUTIN	CHEBI:45367	ATEBXHFBFRCZMA-VXTBVIBXSA-N	1.0		mg/L	3	3	1									UKMYC6	false	MEDIUM	21	MB	VZ ONLY	1.0	0.0	R
3.4.0	UKMYC_PHENOTYPES	ukmyc_phenotypes:61d3adefaaca6aa4	RFB	RIFABUTIN	CHEBI:45367	ATEBXHFBFRCZMA-VXTBVIBXSA-N	2.0		mg/L	4	4	1									UKMYC6	false	MEDIUM	21	MB	VZ ONLY	2.0	1.0	R
3.4.0	UKMYC_PHENOTYPES	ukmyc_phenotypes:7a80240e0b9f89c4	RFB	RIFABUTIN	CHEBI:45367	ATEBXHFBFRCZMA-VXTBVIBXSA-N	0.06	<=	mg/L	10	10	1									UKMYC6	false	MEDIUM	21	MB	VZ ONLY	<=0.06	-4.06	S
3.4.0	UKMYC_PHENOTYPES	ukmyc_phenotypes:64cc00998099e6e1	RFB	RIFABUTIN	CHEBI:45367	ATEBXHFBFRCZMA-VXTBVIBXSA-N	2	>	mg/L	37	37	1									UKMYC6	false	MEDIUM	21	MB	VZ ONLY	>2	2.0	R
3.4.0	UKMYC_PHENOTYPES	ukmyc_phenotypes:2b9679f80c68d21b	RFB	RIFABUTIN	CHEBI:45367	ATEBXHFBFRCZMA-VXTBVIBXSA-N				1	1	1									UKMYC6	false	MEDIUM	21	MB	VZ ONLY
3.4.0	UKMYC_PHENOTYPES	ukmyc_phenotypes:e714324d70a9e2c8	RFB	RIFABUTIN	CHEBI:45367	ATEBXHFBFRCZMA-VXTBVIBXSA-N	0.12		mg/L	21	21	1									UKMYC6	false	MEDIUM	21	VZ	BB RUNNING	0.12	-3.06	S
3.4.0	UKMYC_PHENOTYPES	ukmyc_phenotypes:9337f3cd4c401cab	RFB	RIFABUTIN	CHEBI:45367	ATEBXHFBFRCZMA-VXTBVIBXSA-N	0.25		mg/L	5	5	3									UKMYC6	false	MEDIUM	21	VZ	BB RUNNING	0.25	-2.0	R
3.4.0	UKMYC_PHENOTYPES	ukmyc_phenotypes:ac4114a58c5f9baa	RFB	RIFABUTIN	CHEBI:45367	ATEBXHFBFRCZMA-VXTBVIBXSA-N	0.5		mg/L	1	1	1									UKMYC6	false	MEDIUM	21	VZ	BB RUNNING	0.5	-1.0	R
3.4.0	UKMYC_PHENOTYPES	ukmyc_phenotypes:4e895a06d082e2f4	RFB	RIFABUTIN	CHEBI:45367	ATEBXHFBFRCZMA-VXTBVIBXSA-N	1.0		mg/L	3	3	2									UKMYC6	false	MEDIUM	21	VZ	BB RUNNING	1.0	0.0	R
3.4.0	UKMYC_PHENOTYPES	ukmyc_phenotypes:6c3b2f53d6a35454	RFB	RIFABUTIN	CHEBI:45367	ATEBXHFBFRCZMA-VXTBVIBXSA-N	2.0		mg/L	3	3	1									UKMYC6	false	MEDIUM	21	VZ	BB RUNNING	2.0	1.0	R
3.4.0	UKMYC_PHENOTYPES	ukmyc_phenotypes:eb4a41ad669dba98	RFB	RIFABUTIN	CHEBI:45367	ATEBXHFBFRCZMA-VXTBVIBXSA-N	0.06	<=	mg/L	21	21	5									UKMYC6	false	MEDIUM	21	VZ	BB RUNNING	<=0.06	-4.06	S
3.4.0	UKMYC_PHENOTYPES	ukmyc_phenotypes:935506032beb4fe0	RFB	RIFABUTIN	CHEBI:45367	ATEBXHFBFRCZMA-VXTBVIBXSA-N	2	>	mg/L	1	1	1									UKMYC6	false	MEDIUM	21	VZ	BB RUNNING	>2	2.0	R
3.4.0	UKMYC_PHENOTYPES	ukmyc_phenotypes:bdc70b6aec681c0e	RFB	RIFABUTIN	CHEBI:45367	ATEBXHFBFRCZMA-VXTBVIBXSA-N				13	13	1									UKMYC6	false	MEDIUM	21	VZ	BB RUNNING
3.4.0	UKMYC_PHENOTYPES	ukmyc_phenotypes:bd698ad1b524fa54	RFB	RIFABUTIN	CHEBI:45367	ATEBXHFBFRCZMA-VXTBVIBXSA-N	0.12		mg/L	4	4	2									UKMYC6	false	MEDIUM	21	VZ	VZ ONLY	0.12	-3.06	S
3.4.0	UKMYC_PHENOTYPES	ukmyc_phenotypes:ef90b24608957b78	RFB	RIFABUTIN	CHEBI:45367	ATEBXHFBFRCZMA-VXTBVIBXSA-N	0.25		mg/L	2	2	1									UKMYC6	false	MEDIUM	21	VZ	VZ ONLY	0.25	-2.0	R
3.4.0	UKMYC_PHENOTYPES	ukmyc_phenotypes:b222f05a559a9749	RFB	RIFABUTIN	CHEBI:45367	ATEBXHFBFRCZMA-VXTBVIBXSA-N	0.5		mg/L	3	3	1									UKMYC6	false	MEDIUM	21	VZ	VZ ONLY	0.5	-1.0	R
3.4.0	UKMYC_PHENOTYPES	ukmyc_phenotypes:a442ea3fd86b7795	RFB	RIFABUTIN	CHEBI:45367	ATEBXHFBFRCZMA-VXTBVIBXSA-N	1.0		mg/L	7	7	2									UKMYC6	false	MEDIUM	21	VZ	VZ ONLY	1.0	0.0	R
3.4.0	UKMYC_PHENOTYPES	ukmyc_phenotypes:517a5fc5acd4b570	RFB	RIFABUTIN	CHEBI:45367	ATEBXHFBFRCZMA-VXTBVIBXSA-N	2.0		mg/L	4	4	1									UKMYC6	false	MEDIUM	21	VZ	VZ ONLY	2.0	1.0	R
3.4.0	UKMYC_PHENOTYPES	ukmyc_phenotypes:401d77577a2239be	RFB	RIFABUTIN	CHEBI:45367	ATEBXHFBFRCZMA-VXTBVIBXSA-N	0.06	<=	mg/L	33	33	6									UKMYC6	false	MEDIUM	21	VZ	VZ ONLY	<=0.06	-4.06	S
3.4.0	UKMYC_PHENOTYPES	ukmyc_phenotypes:cb284705e08499da	RFB	RIFABUTIN	CHEBI:45367	ATEBXHFBFRCZMA-VXTBVIBXSA-N	2	>	mg/L	108	108	4									UKMYC6	false	MEDIUM	21	VZ	VZ ONLY	>2	2.0	R
3.4.0	UKMYC_PHENOTYPES	ukmyc_phenotypes:65de4ccdf8e42783	RIF	RIFAMPICIN	CHEBI:28077	JQXXHWHPUNPDRT-WLSIYKJHSA-N	0.12		mg/L	136	136	8									UKMYC5	false	HIGH	14	VZ	BB,TM AGREE	0.12	-3.06	S
3.4.0	UKMYC_PHENOTYPES	ukmyc_phenotypes:52951eed5c99e3cd	RIF	RIFAMPICIN	CHEBI:28077	JQXXHWHPUNPDRT-WLSIYKJHSA-N	0.25		mg/L	45	45	8									UKMYC5	false	HIGH	14	VZ	BB,TM AGREE	0.25	-2.0	S
3.4.0	UKMYC_PHENOTYPES	ukmyc_phenotypes:9593ab905cbf9c0b	RIF	RIFAMPICIN	CHEBI:28077	JQXXHWHPUNPDRT-WLSIYKJHSA-N	0.5		mg/L	17	17	5									UKMYC5	false	HIGH	14	VZ	BB,TM AGREE	0.5	-1.0	S
3.4.0	UKMYC_PHENOTYPES	ukmyc_phenotypes:21a3e4274d5c8979	RIF	RIFAMPICIN	CHEBI:28077	JQXXHWHPUNPDRT-WLSIYKJHSA-N	1.0		mg/L	9	9	5									UKMYC5	false	HIGH	14	VZ	BB,TM AGREE	1.0	0.0	R
3.4.0	UKMYC_PHENOTYPES	ukmyc_phenotypes:a36f03f58c748823	RIF	RIFAMPICIN	CHEBI:28077	JQXXHWHPUNPDRT-WLSIYKJHSA-N	2.0		mg/L	7	7	4									UKMYC5	false	HIGH	14	VZ	BB,TM AGREE	2.0	1.0	R
3.4.0	UKMYC_PHENOTYPES	ukmyc_phenotypes:02b7119630c95283	RIF	RIFAMPICIN	CHEBI:28077	JQXXHWHPUNPDRT-WLSIYKJHSA-N	4.0		mg/L	12	12	7									UKMYC5	false	HIGH	14	VZ	BB,TM AGREE	4.0	2.0	R
3.4.0	UKMYC_PHENOTYPES	ukmyc_phenotypes:4716a82edfcbb478	RIF	RIFAMPICIN	CHEBI:28077	JQXXHWHPUNPDRT-WLSIYKJHSA-N	0.06	<=	mg/L	108	108	7									UKMYC5	false	HIGH	14	VZ	BB,TM AGREE	<=0.06	-4.06	S
3.4.0	UKMYC_PHENOTYPES	ukmyc_phenotypes:b81730f7db5ea9d3	RIF	RIFAMPICIN	CHEBI:28077	JQXXHWHPUNPDRT-WLSIYKJHSA-N	4	>	mg/L	92	92	6									UKMYC5	false	HIGH	14	VZ	BB,TM AGREE	>4	3.0	R
3.4.0	UKMYC_PHENOTYPES	ukmyc_phenotypes:41b9209ad98049c2	RIF	RIFAMPICIN	CHEBI:28077	JQXXHWHPUNPDRT-WLSIYKJHSA-N				3	3	2									UKMYC5	false	HIGH	14	VZ	BB,TM AGREE
3.4.0	UKMYC_PHENOTYPES	ukmyc_phenotypes:57558785ab7411f3	RIF	RIFAMPICIN	CHEBI:28077	JQXXHWHPUNPDRT-WLSIYKJHSA-N	0.12		mg/L	64	64	7									UKMYC5	false	HIGH	14	VZ	VZ,BB AGREE	0.12	-3.06	S
3.4.0	UKMYC_PHENOTYPES	ukmyc_phenotypes:c8b1fd3f7e13a568	RIF	RIFAMPICIN	CHEBI:28077	JQXXHWHPUNPDRT-WLSIYKJHSA-N	0.25		mg/L	7	7	3									UKMYC5	false	HIGH	14	VZ	VZ,BB AGREE	0.25	-2.0	S
3.4.0	UKMYC_PHENOTYPES	ukmyc_phenotypes:983e1d7163b47ed8	RIF	RIFAMPICIN	CHEBI:28077	JQXXHWHPUNPDRT-WLSIYKJHSA-N	0.5		mg/L	4	4	2									UKMYC5	false	HIGH	14	VZ	VZ,BB AGREE	0.5	-1.0	S
3.4.0	UKMYC_PHENOTYPES	ukmyc_phenotypes:7e7ff5b59227d9ab	RIF	RIFAMPICIN	CHEBI:28077	JQXXHWHPUNPDRT-WLSIYKJHSA-N	1.0		mg/L	3	3	3									UKMYC5	false	HIGH	14	VZ	VZ,BB AGREE	1.0	0.0	R
3.4.0	UKMYC_PHENOTYPES	ukmyc_phenotypes:f2b82a87696eeaf2	RIF	RIFAMPICIN	CHEBI:28077	JQXXHWHPUNPDRT-WLSIYKJHSA-N	2.0		mg/L	6	6	4									UKMYC5	false	HIGH	14	VZ	VZ,BB AGREE	2.0	1.0	R
3.4.0	UKMYC_PHENOTYPES	ukmyc_phenotypes:7c5b4e944e870291	RIF	RIFAMPICIN	CHEBI:28077	JQXXHWHPUNPDRT-WLSIYKJHSA-N	4.0		mg/L	11	11	5									UKMYC5	false	HIGH	14	VZ	VZ,BB AGREE	4.0	2.0	R
3.4.0	UKMYC_PHENOTYPES	ukmyc_phenotypes:7dc6b3876712bfc2	RIF	RIFAMPICIN	CHEBI:28077	JQXXHWHPUNPDRT-WLSIYKJHSA-N	0.06	<=	mg/L	222	222	6									UKMYC5	false	HIGH	14	VZ	VZ,BB AGREE	<=0.06	-4.06	S
3.4.0	UKMYC_PHENOTYPES	ukmyc_phenotypes:dfefd9597ea04c02	RIF	RIFAMPICIN	CHEBI:28077	JQXXHWHPUNPDRT-WLSIYKJHSA-N	4	>	mg/L	64	64	6									UKMYC5	false	HIGH	14	VZ	VZ,BB AGREE	>4	3.0	R
3.4.0	UKMYC_PHENOTYPES	ukmyc_phenotypes:7e347ca71d138b23	RIF	RIFAMPICIN	CHEBI:28077	JQXXHWHPUNPDRT-WLSIYKJHSA-N				4	4	2									UKMYC5	false	HIGH	14	VZ	VZ,BB AGREE
3.4.0	UKMYC_PHENOTYPES	ukmyc_phenotypes:93ee3f83498f981d	RIF	RIFAMPICIN	CHEBI:28077	JQXXHWHPUNPDRT-WLSIYKJHSA-N	0.12		mg/L	707	707	8									UKMYC5	false	HIGH	14	VZ	VZ,TM AGREE	0.12	-3.06	S
3.4.0	UKMYC_PHENOTYPES	ukmyc_phenotypes:7ac1079d4019e56e	RIF	RIFAMPICIN	CHEBI:28077	JQXXHWHPUNPDRT-WLSIYKJHSA-N	0.25		mg/L	188	188	8									UKMYC5	false	HIGH	14	VZ	VZ,TM AGREE	0.25	-2.0	S
3.4.0	UKMYC_PHENOTYPES	ukmyc_phenotypes:77e70d6b05bd51ec	RIF	RIFAMPICIN	CHEBI:28077	JQXXHWHPUNPDRT-WLSIYKJHSA-N	0.5		mg/L	47	47	5									UKMYC5	false	HIGH	14	VZ	VZ,TM AGREE	0.5	-1.0	S
3.4.0	UKMYC_PHENOTYPES	ukmyc_phenotypes:e8f478dfa63329eb	RIF	RIFAMPICIN	CHEBI:28077	JQXXHWHPUNPDRT-WLSIYKJHSA-N	1.0		mg/L	27	27	5									UKMYC5	false	HIGH	14	VZ	VZ,TM AGREE	1.0	0.0	R
3.4.0	UKMYC_PHENOTYPES	ukmyc_phenotypes:af008dfd41cdc7bd	RIF	RIFAMPICIN	CHEBI:28077	JQXXHWHPUNPDRT-WLSIYKJHSA-N	2.0		mg/L	38	38	5									UKMYC5	false	HIGH	14	VZ	VZ,TM AGREE	2.0	1.0	R
3.4.0	UKMYC_PHENOTYPES	ukmyc_phenotypes:89989b9f5ccab531	RIF	RIFAMPICIN	CHEBI:28077	JQXXHWHPUNPDRT-WLSIYKJHSA-N	4.0		mg/L	31	31	6									UKMYC5	false	HIGH	14	VZ	VZ,TM AGREE	4.0	2.0	R
3.4.0	UKMYC_PHENOTYPES	ukmyc_phenotypes:996ec8c7034a666d	RIF	RIFAMPICIN	CHEBI:28077	JQXXHWHPUNPDRT-WLSIYKJHSA-N	0.06	<=	mg/L	1591	1591	7									UKMYC5	false	HIGH	14	VZ	VZ,TM AGREE	<=0.06	-4.06	S
3.4.0	UKMYC_PHENOTYPES	ukmyc_phenotypes:475d0562975a7dd5	RIF	RIFAMPICIN	CHEBI:28077	JQXXHWHPUNPDRT-WLSIYKJHSA-N	4	>	mg/L	1868	1868	8									UKMYC5	false	HIGH	14	VZ	VZ,TM AGREE	>4	3.0	R
3.4.0	UKMYC_PHENOTYPES	ukmyc_phenotypes:8055d2d3013d69d5	RIF	RIFAMPICIN	CHEBI:28077	JQXXHWHPUNPDRT-WLSIYKJHSA-N				1	1	1									UKMYC5	false	HIGH	14	VZ	VZ,TM AGREE
3.4.0	UKMYC_PHENOTYPES	ukmyc_phenotypes:ad06c02ec387f28b	RIF	RIFAMPICIN	CHEBI:28077	JQXXHWHPUNPDRT-WLSIYKJHSA-N	0.12		mg/L	2	2	2									UKMYC5	false	HIGH	21	VZ	BB,TM AGREE	0.12	-3.06	S
3.4.0	UKMYC_PHENOTYPES	ukmyc_phenotypes:641d89b45018042c	RIF	RIFAMPICIN	CHEBI:28077	JQXXHWHPUNPDRT-WLSIYKJHSA-N	0.5		mg/L	1	1	1									UKMYC5	false	HIGH	21	VZ	BB,TM AGREE	0.5	-1.0	S
3.4.0	UKMYC_PHENOTYPES	ukmyc_phenotypes:221dc4d6dd30f239	RIF	RIFAMPICIN	CHEBI:28077	JQXXHWHPUNPDRT-WLSIYKJHSA-N	2.0		mg/L	2	2	2									UKMYC5	false	HIGH	21	VZ	BB,TM AGREE	2.0	1.0	R
3.4.0	UKMYC_PHENOTYPES	ukmyc_phenotypes:ee24c80bd0516230	RIF	RIFAMPICIN	CHEBI:28077	JQXXHWHPUNPDRT-WLSIYKJHSA-N	0.06	<=	mg/L	1	1	1									UKMYC5	false	HIGH	21	VZ	BB,TM AGREE	<=0.06	-4.06	S
3.4.0	UKMYC_PHENOTYPES	ukmyc_phenotypes:c84606ee4bb76596	RIF	RIFAMPICIN	CHEBI:28077	JQXXHWHPUNPDRT-WLSIYKJHSA-N	4	>	mg/L	7	7	2									UKMYC5	false	HIGH	21	VZ	BB,TM AGREE	>4	3.0	R
3.4.0	UKMYC_PHENOTYPES	ukmyc_phenotypes:eb8e0d6b310bfbeb	RIF	RIFAMPICIN	CHEBI:28077	JQXXHWHPUNPDRT-WLSIYKJHSA-N	0.06	<=	mg/L	4	4	2									UKMYC5	false	HIGH	21	VZ	VZ,BB AGREE	<=0.06	-4.06	S
3.4.0	UKMYC_PHENOTYPES	ukmyc_phenotypes:91718fac3acd196e	RIF	RIFAMPICIN	CHEBI:28077	JQXXHWHPUNPDRT-WLSIYKJHSA-N	4	>	mg/L	2	2	2									UKMYC5	false	HIGH	21	VZ	VZ,BB AGREE	>4	3.0	R
3.4.0	UKMYC_PHENOTYPES	ukmyc_phenotypes:da864f5f081f9582	RIF	RIFAMPICIN	CHEBI:28077	JQXXHWHPUNPDRT-WLSIYKJHSA-N	0.12		mg/L	15	15	5									UKMYC5	false	HIGH	21	VZ	VZ,TM AGREE	0.12	-3.06	S
3.4.0	UKMYC_PHENOTYPES	ukmyc_phenotypes:c0cd6ca813b90776	RIF	RIFAMPICIN	CHEBI:28077	JQXXHWHPUNPDRT-WLSIYKJHSA-N	0.25		mg/L	6	6	4									UKMYC5	false	HIGH	21	VZ	VZ,TM AGREE	0.25	-2.0	S
3.4.0	UKMYC_PHENOTYPES	ukmyc_phenotypes:dc6d83bf6b5a825e	RIF	RIFAMPICIN	CHEBI:28077	JQXXHWHPUNPDRT-WLSIYKJHSA-N	0.5		mg/L	3	3	3									UKMYC5	false	HIGH	21	VZ	VZ,TM AGREE	0.5	-1.0	S
3.4.0	UKMYC_PHENOTYPES	ukmyc_phenotypes:153f894a92679e83	RIF	RIFAMPICIN	CHEBI:28077	JQXXHWHPUNPDRT-WLSIYKJHSA-N	4.0		mg/L	2	2	2									UKMYC5	false	HIGH	21	VZ	VZ,TM AGREE	4.0	2.0	R
3.4.0	UKMYC_PHENOTYPES	ukmyc_phenotypes:1403b899a7f5d5b8	RIF	RIFAMPICIN	CHEBI:28077	JQXXHWHPUNPDRT-WLSIYKJHSA-N	0.06	<=	mg/L	37	37	6									UKMYC5	false	HIGH	21	VZ	VZ,TM AGREE	<=0.06	-4.06	S
3.4.0	UKMYC_PHENOTYPES	ukmyc_phenotypes:b2b53485d595721e	RIF	RIFAMPICIN	CHEBI:28077	JQXXHWHPUNPDRT-WLSIYKJHSA-N	4	>	mg/L	28	28	4									UKMYC5	false	HIGH	21	VZ	VZ,TM AGREE	>4	3.0	R
3.4.0	UKMYC_PHENOTYPES	ukmyc_phenotypes:506fd78cbe340c51	RIF	RIFAMPICIN	CHEBI:28077	JQXXHWHPUNPDRT-WLSIYKJHSA-N	0.12		mg/L	83	83	8									UKMYC5	false	LOW	14	VZ	ALL DISAGREE	0.12	-3.06	S
3.4.0	UKMYC_PHENOTYPES	ukmyc_phenotypes:7a84a02cd2bab005	RIF	RIFAMPICIN	CHEBI:28077	JQXXHWHPUNPDRT-WLSIYKJHSA-N	0.25		mg/L	53	53	7									UKMYC5	false	LOW	14	VZ	ALL DISAGREE	0.25	-2.0	S
3.4.0	UKMYC_PHENOTYPES	ukmyc_phenotypes:7f5276b4605ccb0b	RIF	RIFAMPICIN	CHEBI:28077	JQXXHWHPUNPDRT-WLSIYKJHSA-N	0.5		mg/L	24	24	7									UKMYC5	false	LOW	14	VZ	ALL DISAGREE	0.5	-1.0	S
3.4.0	UKMYC_PHENOTYPES	ukmyc_phenotypes:8f67277992bc4b6f	RIF	RIFAMPICIN	CHEBI:28077	JQXXHWHPUNPDRT-WLSIYKJHSA-N	1.0		mg/L	22	22	6									UKMYC5	false	LOW	14	VZ	ALL DISAGREE	1.0	0.0	R
3.4.0	UKMYC_PHENOTYPES	ukmyc_phenotypes:50fdfd9770735307	RIF	RIFAMPICIN	CHEBI:28077	JQXXHWHPUNPDRT-WLSIYKJHSA-N	2.0		mg/L	30	30	6									UKMYC5	false	LOW	14	VZ	ALL DISAGREE	2.0	1.0	R
3.4.0	UKMYC_PHENOTYPES	ukmyc_phenotypes:ad582167a622a897	RIF	RIFAMPICIN	CHEBI:28077	JQXXHWHPUNPDRT-WLSIYKJHSA-N	4.0		mg/L	16	16	3									UKMYC5	false	LOW	14	VZ	ALL DISAGREE	4.0	2.0	R
3.4.0	UKMYC_PHENOTYPES	ukmyc_phenotypes:15c64465d181e662	RIF	RIFAMPICIN	CHEBI:28077	JQXXHWHPUNPDRT-WLSIYKJHSA-N	0.06	<=	mg/L	167	167	6									UKMYC5	false	LOW	14	VZ	ALL DISAGREE	<=0.06	-4.06	S
3.4.0	UKMYC_PHENOTYPES	ukmyc_phenotypes:991b9895fd78dfb5	RIF	RIFAMPICIN	CHEBI:28077	JQXXHWHPUNPDRT-WLSIYKJHSA-N	4	>	mg/L	11	11	6									UKMYC5	false	LOW	14	VZ	ALL DISAGREE	>4	3.0	R
3.4.0	UKMYC_PHENOTYPES	ukmyc_phenotypes:a93c97d2f0e876d3	RIF	RIFAMPICIN	CHEBI:28077	JQXXHWHPUNPDRT-WLSIYKJHSA-N				8	8	4									UKMYC5	false	LOW	14	VZ	ALL DISAGREE
3.4.0	UKMYC_PHENOTYPES	ukmyc_phenotypes:bbc4a88d1c820deb	RIF	RIFAMPICIN	CHEBI:28077	JQXXHWHPUNPDRT-WLSIYKJHSA-N	0.12		mg/L	4	4	1									UKMYC5	false	LOW	21	VZ	ALL DISAGREE	0.12	-3.06	S
3.4.0	UKMYC_PHENOTYPES	ukmyc_phenotypes:6a42011f21b38010	RIF	RIFAMPICIN	CHEBI:28077	JQXXHWHPUNPDRT-WLSIYKJHSA-N	0.25		mg/L	3	3	2									UKMYC5	false	LOW	21	VZ	ALL DISAGREE	0.25	-2.0	S
3.4.0	UKMYC_PHENOTYPES	ukmyc_phenotypes:e0a21a756e20437e	RIF	RIFAMPICIN	CHEBI:28077	JQXXHWHPUNPDRT-WLSIYKJHSA-N	0.06	<=	mg/L	11	11	3									UKMYC5	false	LOW	21	VZ	ALL DISAGREE	<=0.06	-4.06	S
3.4.0	UKMYC_PHENOTYPES	ukmyc_phenotypes:1c4fd8989c4d29da	RIF	RIFAMPICIN	CHEBI:28077	JQXXHWHPUNPDRT-WLSIYKJHSA-N	4	>	mg/L	4	4	4									UKMYC5	false	LOW	21	VZ	ALL DISAGREE	>4	3.0	R
3.4.0	UKMYC_PHENOTYPES	ukmyc_phenotypes:f91844c6426e29db	RIF	RIFAMPICIN	CHEBI:28077	JQXXHWHPUNPDRT-WLSIYKJHSA-N				80	80	1									UKMYC5	false	MEDIUM	10	VZ	VZ ONLY
3.4.0	UKMYC_PHENOTYPES	ukmyc_phenotypes:ddf8d5edce0bf1b8	RIF	RIFAMPICIN	CHEBI:28077	JQXXHWHPUNPDRT-WLSIYKJHSA-N				1	1	1									UKMYC5	false	MEDIUM	14	VZ	BB RUNNING
3.4.0	UKMYC_PHENOTYPES	ukmyc_phenotypes:3d2b94d7f8188c9e	RIF	RIFAMPICIN	CHEBI:28077	JQXXHWHPUNPDRT-WLSIYKJHSA-N	0.12		mg/L	198	198	5									UKMYC5	false	MEDIUM	14	VZ	VZ ONLY	0.12	-3.06	S
3.4.0	UKMYC_PHENOTYPES	ukmyc_phenotypes:5943a33da1462800	RIF	RIFAMPICIN	CHEBI:28077	JQXXHWHPUNPDRT-WLSIYKJHSA-N	0.25		mg/L	74	74	5									UKMYC5	false	MEDIUM	14	VZ	VZ ONLY	0.25	-2.0	S
3.4.0	UKMYC_PHENOTYPES	ukmyc_phenotypes:f89c9f4af700229e	RIF	RIFAMPICIN	CHEBI:28077	JQXXHWHPUNPDRT-WLSIYKJHSA-N	0.5		mg/L	16	16	3									UKMYC5	false	MEDIUM	14	VZ	VZ ONLY	0.5	-1.0	S
3.4.0	UKMYC_PHENOTYPES	ukmyc_phenotypes:f46a775e47e0eabc	RIF	RIFAMPICIN	CHEBI:28077	JQXXHWHPUNPDRT-WLSIYKJHSA-N	1.0		mg/L	15	15	3									UKMYC5	false	MEDIUM	14	VZ	VZ ONLY	1.0	0.0	R
3.4.0	UKMYC_PHENOTYPES	ukmyc_phenotypes:524fe8dc7814a2ee	RIF	RIFAMPICIN	CHEBI:28077	JQXXHWHPUNPDRT-WLSIYKJHSA-N	2.0		mg/L	14	14	4									UKMYC5	false	MEDIUM	14	VZ	VZ ONLY	2.0	1.0	R
3.4.0	UKMYC_PHENOTYPES	ukmyc_phenotypes:9dba55594337e4bb	RIF	RIFAMPICIN	CHEBI:28077	JQXXHWHPUNPDRT-WLSIYKJHSA-N	4.0		mg/L	18	18	3									UKMYC5	false	MEDIUM	14	VZ	VZ ONLY	4.0	2.0	R
3.4.0	UKMYC_PHENOTYPES	ukmyc_phenotypes:96f7d4c3f8784c4b	RIF	RIFAMPICIN	CHEBI:28077	JQXXHWHPUNPDRT-WLSIYKJHSA-N	0.06	<=	mg/L	303	303	6									UKMYC5	false	MEDIUM	14	VZ	VZ ONLY	<=0.06	-4.06	S
3.4.0	UKMYC_PHENOTYPES	ukmyc_phenotypes:84a4ce269eb77324	RIF	RIFAMPICIN	CHEBI:28077	JQXXHWHPUNPDRT-WLSIYKJHSA-N	4	>	mg/L	423	423	5									UKMYC5	false	MEDIUM	14	VZ	VZ ONLY	>4	3.0	R
3.4.0	UKMYC_PHENOTYPES	ukmyc_phenotypes:ac80a26b2d06edcf	RIF	RIFAMPICIN	CHEBI:28077	JQXXHWHPUNPDRT-WLSIYKJHSA-N				22	22	3									UKMYC5	false	MEDIUM	14	VZ	VZ ONLY
3.4.0	UKMYC_PHENOTYPES	ukmyc_phenotypes:f624bcb84cb8d5be	RIF	RIFAMPICIN	CHEBI:28077	JQXXHWHPUNPDRT-WLSIYKJHSA-N	0.5		mg/L	1	1	1									UKMYC5	false	MEDIUM	21	VZ	VZ ONLY	0.5	-1.0	S
3.4.0	UKMYC_PHENOTYPES	ukmyc_phenotypes:45fa35b55e1139b3	RIF	RIFAMPICIN	CHEBI:28077	JQXXHWHPUNPDRT-WLSIYKJHSA-N	2.0		mg/L	1	1	1									UKMYC5	false	MEDIUM	21	VZ	VZ ONLY	2.0	1.0	R
3.4.0	UKMYC_PHENOTYPES	ukmyc_phenotypes:39e02d0feaf1639d	RIF	RIFAMPICIN	CHEBI:28077	JQXXHWHPUNPDRT-WLSIYKJHSA-N	0.06	<=	mg/L	8	8	3									UKMYC5	false	MEDIUM	21	VZ	VZ ONLY	<=0.06	-4.06	S
3.4.0	UKMYC_PHENOTYPES	ukmyc_phenotypes:e74a8c7cc064ef47	RIF	RIFAMPICIN	CHEBI:28077	JQXXHWHPUNPDRT-WLSIYKJHSA-N	4	>	mg/L	4	4	2									UKMYC5	false	MEDIUM	21	VZ	VZ ONLY	>4	3.0	R
3.4.0	UKMYC_PHENOTYPES	ukmyc_phenotypes:cde73d42303b1380	RIF	RIFAMPICIN	CHEBI:28077	JQXXHWHPUNPDRT-WLSIYKJHSA-N				1	1	1									UKMYC5	false	MEDIUM	21	VZ	VZ ONLY
3.4.0	UKMYC_PHENOTYPES	ukmyc_phenotypes:e92a1ba8e5730533	RIF	RIFAMPICIN	CHEBI:28077	JQXXHWHPUNPDRT-WLSIYKJHSA-N	0.06		mg/L	146	146	8									UKMYC6	false	HIGH	14	VZ	BB,TM AGREE	0.06	-4.06	S
3.4.0	UKMYC_PHENOTYPES	ukmyc_phenotypes:5c727823103dda5d	RIF	RIFAMPICIN	CHEBI:28077	JQXXHWHPUNPDRT-WLSIYKJHSA-N	0.12		mg/L	171	171	8									UKMYC6	false	HIGH	14	VZ	BB,TM AGREE	0.12	-3.06	S
3.4.0	UKMYC_PHENOTYPES	ukmyc_phenotypes:d22a9a931be98b5b	RIF	RIFAMPICIN	CHEBI:28077	JQXXHWHPUNPDRT-WLSIYKJHSA-N	0.25		mg/L	96	96	8									UKMYC6	false	HIGH	14	VZ	BB,TM AGREE	0.25	-2.0	S
3.4.0	UKMYC_PHENOTYPES	ukmyc_phenotypes:94b4503467e63e3e	RIF	RIFAMPICIN	CHEBI:28077	JQXXHWHPUNPDRT-WLSIYKJHSA-N	0.5		mg/L	18	18	5									UKMYC6	false	HIGH	14	VZ	BB,TM AGREE	0.5	-1.0	S
3.4.0	UKMYC_PHENOTYPES	ukmyc_phenotypes:3c0691322a00cb7d	RIF	RIFAMPICIN	CHEBI:28077	JQXXHWHPUNPDRT-WLSIYKJHSA-N	1.0		mg/L	5	5	3									UKMYC6	false	HIGH	14	VZ	BB,TM AGREE	1.0	0.0	R
3.4.0	UKMYC_PHENOTYPES	ukmyc_phenotypes:8d610994ae8baf49	RIF	RIFAMPICIN	CHEBI:28077	JQXXHWHPUNPDRT-WLSIYKJHSA-N	2.0		mg/L	9	9	5									UKMYC6	false	HIGH	14	VZ	BB,TM AGREE	2.0	1.0	R
3.4.0	UKMYC_PHENOTYPES	ukmyc_phenotypes:aee0bbcb02e43dfd	RIF	RIFAMPICIN	CHEBI:28077	JQXXHWHPUNPDRT-WLSIYKJHSA-N	4.0		mg/L	13	13	7									UKMYC6	false	HIGH	14	VZ	BB,TM AGREE	4.0	2.0	R
3.4.0	UKMYC_PHENOTYPES	ukmyc_phenotypes:e94aa41d00ae0e95	RIF	RIFAMPICIN	CHEBI:28077	JQXXHWHPUNPDRT-WLSIYKJHSA-N	8.0		mg/L	13	13	3									UKMYC6	false	HIGH	14	VZ	BB,TM AGREE	8.0	3.0	R
3.4.0	UKMYC_PHENOTYPES	ukmyc_phenotypes:5d3cd6e40267ef43	RIF	RIFAMPICIN	CHEBI:28077	JQXXHWHPUNPDRT-WLSIYKJHSA-N	0.03	<=	mg/L	54	54	5									UKMYC6	false	HIGH	14	VZ	BB,TM AGREE	<=0.03	-5.06	S
3.4.0	UKMYC_PHENOTYPES	ukmyc_phenotypes:737f398c3b4fec93	RIF	RIFAMPICIN	CHEBI:28077	JQXXHWHPUNPDRT-WLSIYKJHSA-N	8	>	mg/L	893	893	9									UKMYC6	false	HIGH	14	VZ	BB,TM AGREE	>8	4.0	R
3.4.0	UKMYC_PHENOTYPES	ukmyc_phenotypes:2543998950d8d37f	RIF	RIFAMPICIN	CHEBI:28077	JQXXHWHPUNPDRT-WLSIYKJHSA-N				34	34	7									UKMYC6	false	HIGH	14	VZ	BB,TM AGREE
3.4.0	UKMYC_PHENOTYPES	ukmyc_phenotypes:5342953677dd81e7	RIF	RIFAMPICIN	CHEBI:28077	JQXXHWHPUNPDRT-WLSIYKJHSA-N	0.06		mg/L	110	110	8									UKMYC6	false	HIGH	14	VZ	VZ,BB AGREE	0.06	-4.06	S
3.4.0	UKMYC_PHENOTYPES	ukmyc_phenotypes:30318345a85cbe10	RIF	RIFAMPICIN	CHEBI:28077	JQXXHWHPUNPDRT-WLSIYKJHSA-N	0.12		mg/L	78	78	8									UKMYC6	false	HIGH	14	VZ	VZ,BB AGREE	0.12	-3.06	S
3.4.0	UKMYC_PHENOTYPES	ukmyc_phenotypes:c03da0b028bddbdd	RIF	RIFAMPICIN	CHEBI:28077	JQXXHWHPUNPDRT-WLSIYKJHSA-N	0.25		mg/L	37	37	6									UKMYC6	false	HIGH	14	VZ	VZ,BB AGREE	0.25	-2.0	S
3.4.0	UKMYC_PHENOTYPES	ukmyc_phenotypes:0b378266517cdab2	RIF	RIFAMPICIN	CHEBI:28077	JQXXHWHPUNPDRT-WLSIYKJHSA-N	0.5		mg/L	10	10	3									UKMYC6	false	HIGH	14	VZ	VZ,BB AGREE	0.5	-1.0	S
3.4.0	UKMYC_PHENOTYPES	ukmyc_phenotypes:6d4641a0c6d30923	RIF	RIFAMPICIN	CHEBI:28077	JQXXHWHPUNPDRT-WLSIYKJHSA-N	1.0		mg/L	8	8	4									UKMYC6	false	HIGH	14	VZ	VZ,BB AGREE	1.0	0.0	R
3.4.0	UKMYC_PHENOTYPES	ukmyc_phenotypes:740e2ee15f952976	RIF	RIFAMPICIN	CHEBI:28077	JQXXHWHPUNPDRT-WLSIYKJHSA-N	2.0		mg/L	4	4	3									UKMYC6	false	HIGH	14	VZ	VZ,BB AGREE	2.0	1.0	R
3.4.0	UKMYC_PHENOTYPES	ukmyc_phenotypes:2ca05dad1ac6a685	RIF	RIFAMPICIN	CHEBI:28077	JQXXHWHPUNPDRT-WLSIYKJHSA-N	4.0		mg/L	6	6	3									UKMYC6	false	HIGH	14	VZ	VZ,BB AGREE	4.0	2.0	R
3.4.0	UKMYC_PHENOTYPES	ukmyc_phenotypes:e917844da89cab61	RIF	RIFAMPICIN	CHEBI:28077	JQXXHWHPUNPDRT-WLSIYKJHSA-N	8.0		mg/L	9	9	3									UKMYC6	false	HIGH	14	VZ	VZ,BB AGREE	8.0	3.0	R
3.4.0	UKMYC_PHENOTYPES	ukmyc_phenotypes:f792c7709eb1ba3d	RIF	RIFAMPICIN	CHEBI:28077	JQXXHWHPUNPDRT-WLSIYKJHSA-N	0.03	<=	mg/L	126	126	7									UKMYC6	false	HIGH	14	VZ	VZ,BB AGREE	<=0.03	-5.06	S
3.4.0	UKMYC_PHENOTYPES	ukmyc_phenotypes:e86f49c34e5950d3	RIF	RIFAMPICIN	CHEBI:28077	JQXXHWHPUNPDRT-WLSIYKJHSA-N	8	>	mg/L	57	57	7									UKMYC6	false	HIGH	14	VZ	VZ,BB AGREE	>8	4.0	R
3.4.0	UKMYC_PHENOTYPES	ukmyc_phenotypes:383f90fc0e2eca83	RIF	RIFAMPICIN	CHEBI:28077	JQXXHWHPUNPDRT-WLSIYKJHSA-N				30	30	4									UKMYC6	false	HIGH	14	VZ	VZ,BB AGREE
3.4.0	UKMYC_PHENOTYPES	ukmyc_phenotypes:48232bd670ffe4fa	RIF	RIFAMPICIN	CHEBI:28077	JQXXHWHPUNPDRT-WLSIYKJHSA-N	0.06		mg/L	2487	2487	10									UKMYC6	false	HIGH	14	VZ	VZ,TM AGREE	0.06	-4.06	S
3.4.0	UKMYC_PHENOTYPES	ukmyc_phenotypes:450fb915774e0d8a	RIF	RIFAMPICIN	CHEBI:28077	JQXXHWHPUNPDRT-WLSIYKJHSA-N	0.12		mg/L	2400	2400	10									UKMYC6	false	HIGH	14	VZ	VZ,TM AGREE	0.12	-3.06	S
3.4.0	UKMYC_PHENOTYPES	ukmyc_phenotypes:74e2cc3aeba31de8	RIF	RIFAMPICIN	CHEBI:28077	JQXXHWHPUNPDRT-WLSIYKJHSA-N	0.25		mg/L	822	822	10									UKMYC6	false	HIGH	14	VZ	VZ,TM AGREE	0.25	-2.0	S
3.4.0	UKMYC_PHENOTYPES	ukmyc_phenotypes:3b49605c53676e10	RIF	RIFAMPICIN	CHEBI:28077	JQXXHWHPUNPDRT-WLSIYKJHSA-N	0.5		mg/L	135	135	8									UKMYC6	false	HIGH	14	VZ	VZ,TM AGREE	0.5	-1.0	S
3.4.0	UKMYC_PHENOTYPES	ukmyc_phenotypes:9802a13614dd44f9	RIF	RIFAMPICIN	CHEBI:28077	JQXXHWHPUNPDRT-WLSIYKJHSA-N	1.0		mg/L	58	58	7									UKMYC6	false	HIGH	14	VZ	VZ,TM AGREE	1.0	0.0	R
3.4.0	UKMYC_PHENOTYPES	ukmyc_phenotypes:2be1f1f39cd403c0	RIF	RIFAMPICIN	CHEBI:28077	JQXXHWHPUNPDRT-WLSIYKJHSA-N	2.0		mg/L	61	61	8									UKMYC6	false	HIGH	14	VZ	VZ,TM AGREE	2.0	1.0	R
3.4.0	UKMYC_PHENOTYPES	ukmyc_phenotypes:2fc46492ee56aa5a	RIF	RIFAMPICIN	CHEBI:28077	JQXXHWHPUNPDRT-WLSIYKJHSA-N	4.0		mg/L	62	62	8									UKMYC6	false	HIGH	14	VZ	VZ,TM AGREE	4.0	2.0	R
3.4.0	UKMYC_PHENOTYPES	ukmyc_phenotypes:1764d3b5fd1b478b	RIF	RIFAMPICIN	CHEBI:28077	JQXXHWHPUNPDRT-WLSIYKJHSA-N	8.0		mg/L	126	126	9									UKMYC6	false	HIGH	14	VZ	VZ,TM AGREE	8.0	3.0	R
3.4.0	UKMYC_PHENOTYPES	ukmyc_phenotypes:2ded807a61c4e0fa	RIF	RIFAMPICIN	CHEBI:28077	JQXXHWHPUNPDRT-WLSIYKJHSA-N	0.03	<=	mg/L	1112	1112	8									UKMYC6	false	HIGH	14	VZ	VZ,TM AGREE	<=0.03	-5.06	S
3.4.0	UKMYC_PHENOTYPES	ukmyc_phenotypes:ee7900ddd7e2a5db	RIF	RIFAMPICIN	CHEBI:28077	JQXXHWHPUNPDRT-WLSIYKJHSA-N	8	>	mg/L	2261	2261	8									UKMYC6	false	HIGH	14	VZ	VZ,TM AGREE	>8	4.0	R
3.4.0	UKMYC_PHENOTYPES	ukmyc_phenotypes:7c6d0ef83e366313	RIF	RIFAMPICIN	CHEBI:28077	JQXXHWHPUNPDRT-WLSIYKJHSA-N				49	49	2									UKMYC6	false	HIGH	14	VZ	VZ,TM AGREE
3.4.0	UKMYC_PHENOTYPES	ukmyc_phenotypes:3496d6a04ec219ec	RIF	RIFAMPICIN	CHEBI:28077	JQXXHWHPUNPDRT-WLSIYKJHSA-N	0.06		mg/L	5	5	5									UKMYC6	false	HIGH	21	VZ	BB,TM AGREE	0.06	-4.06	S
3.4.0	UKMYC_PHENOTYPES	ukmyc_phenotypes:e2e2e801d9428425	RIF	RIFAMPICIN	CHEBI:28077	JQXXHWHPUNPDRT-WLSIYKJHSA-N	0.12		mg/L	4	4	3									UKMYC6	false	HIGH	21	VZ	BB,TM AGREE	0.12	-3.06	S
3.4.0	UKMYC_PHENOTYPES	ukmyc_phenotypes:e87411e17bf5663c	RIF	RIFAMPICIN	CHEBI:28077	JQXXHWHPUNPDRT-WLSIYKJHSA-N	0.25		mg/L	2	2	2									UKMYC6	false	HIGH	21	VZ	BB,TM AGREE	0.25	-2.0	S
3.4.0	UKMYC_PHENOTYPES	ukmyc_phenotypes:7a78d66324752805	RIF	RIFAMPICIN	CHEBI:28077	JQXXHWHPUNPDRT-WLSIYKJHSA-N	4.0		mg/L	1	1	1									UKMYC6	false	HIGH	21	VZ	BB,TM AGREE	4.0	2.0	R
3.4.0	UKMYC_PHENOTYPES	ukmyc_phenotypes:8fd71925242beef3	RIF	RIFAMPICIN	CHEBI:28077	JQXXHWHPUNPDRT-WLSIYKJHSA-N	8.0		mg/L	3	3	2									UKMYC6	false	HIGH	21	VZ	BB,TM AGREE	8.0	3.0	R
3.4.0	UKMYC_PHENOTYPES	ukmyc_phenotypes:1df2d6fa40f75b49	RIF	RIFAMPICIN	CHEBI:28077	JQXXHWHPUNPDRT-WLSIYKJHSA-N	0.03	<=	mg/L	2	2	2									UKMYC6	false	HIGH	21	VZ	BB,TM AGREE	<=0.03	-5.06	S
3.4.0	UKMYC_PHENOTYPES	ukmyc_phenotypes:304e9d14bce2849e	RIF	RIFAMPICIN	CHEBI:28077	JQXXHWHPUNPDRT-WLSIYKJHSA-N	8	>	mg/L	24	24	4									UKMYC6	false	HIGH	21	VZ	BB,TM AGREE	>8	4.0	R
3.4.0	UKMYC_PHENOTYPES	ukmyc_phenotypes:1110903eddcdd0c2	RIF	RIFAMPICIN	CHEBI:28077	JQXXHWHPUNPDRT-WLSIYKJHSA-N				10	10	6									UKMYC6	false	HIGH	21	VZ	BB,TM AGREE
3.4.0	UKMYC_PHENOTYPES	ukmyc_phenotypes:d2fed3b3ace22fea	RIF	RIFAMPICIN	CHEBI:28077	JQXXHWHPUNPDRT-WLSIYKJHSA-N	0.12		mg/L	1	1	1									UKMYC6	false	HIGH	21	VZ	VZ,BB AGREE	0.12	-3.06	S
3.4.0	UKMYC_PHENOTYPES	ukmyc_phenotypes:113e10686a1b174e	RIF	RIFAMPICIN	CHEBI:28077	JQXXHWHPUNPDRT-WLSIYKJHSA-N	0.25		mg/L	1	1	1									UKMYC6	false	HIGH	21	VZ	VZ,BB AGREE	0.25	-2.0	S
3.4.0	UKMYC_PHENOTYPES	ukmyc_phenotypes:96a86f648effbb24	RIF	RIFAMPICIN	CHEBI:28077	JQXXHWHPUNPDRT-WLSIYKJHSA-N	0.5		mg/L	1	1	1									UKMYC6	false	HIGH	21	VZ	VZ,BB AGREE	0.5	-1.0	S
3.4.0	UKMYC_PHENOTYPES	ukmyc_phenotypes:3c893ac4312bc44d	RIF	RIFAMPICIN	CHEBI:28077	JQXXHWHPUNPDRT-WLSIYKJHSA-N	4.0		mg/L	1	1	1									UKMYC6	false	HIGH	21	VZ	VZ,BB AGREE	4.0	2.0	R
3.4.0	UKMYC_PHENOTYPES	ukmyc_phenotypes:d12339464179b7b9	RIF	RIFAMPICIN	CHEBI:28077	JQXXHWHPUNPDRT-WLSIYKJHSA-N	8.0		mg/L	1	1	1									UKMYC6	false	HIGH	21	VZ	VZ,BB AGREE	8.0	3.0	R
3.4.0	UKMYC_PHENOTYPES	ukmyc_phenotypes:bfcd9f2fa5bfc605	RIF	RIFAMPICIN	CHEBI:28077	JQXXHWHPUNPDRT-WLSIYKJHSA-N	0.03	<=	mg/L	4	4	3									UKMYC6	false	HIGH	21	VZ	VZ,BB AGREE	<=0.03	-5.06	S
3.4.0	UKMYC_PHENOTYPES	ukmyc_phenotypes:0981b1b2777cc1c7	RIF	RIFAMPICIN	CHEBI:28077	JQXXHWHPUNPDRT-WLSIYKJHSA-N	8	>	mg/L	8	8	5									UKMYC6	false	HIGH	21	VZ	VZ,BB AGREE	>8	4.0	R
3.4.0	UKMYC_PHENOTYPES	ukmyc_phenotypes:578dec5b02390540	RIF	RIFAMPICIN	CHEBI:28077	JQXXHWHPUNPDRT-WLSIYKJHSA-N				5	5	1									UKMYC6	false	HIGH	21	VZ	VZ,BB AGREE
3.4.0	UKMYC_PHENOTYPES	ukmyc_phenotypes:e39eed7d00e9985c	RIF	RIFAMPICIN	CHEBI:28077	JQXXHWHPUNPDRT-WLSIYKJHSA-N	0.06		mg/L	158	158	8									UKMYC6	false	HIGH	21	VZ	VZ,TM AGREE	0.06	-4.06	S
3.4.0	UKMYC_PHENOTYPES	ukmyc_phenotypes:385372c73d0556a3	RIF	RIFAMPICIN	CHEBI:28077	JQXXHWHPUNPDRT-WLSIYKJHSA-N	0.12		mg/L	198	198	8									UKMYC6	false	HIGH	21	VZ	VZ,TM AGREE	0.12	-3.06	S
3.4.0	UKMYC_PHENOTYPES	ukmyc_phenotypes:344bd07d8cf229f7	RIF	RIFAMPICIN	CHEBI:28077	JQXXHWHPUNPDRT-WLSIYKJHSA-N	0.25		mg/L	158	158	8									UKMYC6	false	HIGH	21	VZ	VZ,TM AGREE	0.25	-2.0	S
3.4.0	UKMYC_PHENOTYPES	ukmyc_phenotypes:651a95c6dbf5b347	RIF	RIFAMPICIN	CHEBI:28077	JQXXHWHPUNPDRT-WLSIYKJHSA-N	0.5		mg/L	73	73	6									UKMYC6	false	HIGH	21	VZ	VZ,TM AGREE	0.5	-1.0	S
3.4.0	UKMYC_PHENOTYPES	ukmyc_phenotypes:c9aa5adef240eca6	RIF	RIFAMPICIN	CHEBI:28077	JQXXHWHPUNPDRT-WLSIYKJHSA-N	1.0		mg/L	8	8	4									UKMYC6	false	HIGH	21	VZ	VZ,TM AGREE	1.0	0.0	R
3.4.0	UKMYC_PHENOTYPES	ukmyc_phenotypes:3b1607fdb5849f0e	RIF	RIFAMPICIN	CHEBI:28077	JQXXHWHPUNPDRT-WLSIYKJHSA-N	4.0		mg/L	4	4	4									UKMYC6	false	HIGH	21	VZ	VZ,TM AGREE	4.0	2.0	R
3.4.0	UKMYC_PHENOTYPES	ukmyc_phenotypes:37ae3ab3075125a7	RIF	RIFAMPICIN	CHEBI:28077	JQXXHWHPUNPDRT-WLSIYKJHSA-N	8.0		mg/L	18	18	5									UKMYC6	false	HIGH	21	VZ	VZ,TM AGREE	8.0	3.0	R
3.4.0	UKMYC_PHENOTYPES	ukmyc_phenotypes:5fc6e99543727de4	RIF	RIFAMPICIN	CHEBI:28077	JQXXHWHPUNPDRT-WLSIYKJHSA-N	0.03	<=	mg/L	90	90	7									UKMYC6	false	HIGH	21	VZ	VZ,TM AGREE	<=0.03	-5.06	S
3.4.0	UKMYC_PHENOTYPES	ukmyc_phenotypes:9df2002783d51375	RIF	RIFAMPICIN	CHEBI:28077	JQXXHWHPUNPDRT-WLSIYKJHSA-N	8	>	mg/L	137	137	6									UKMYC6	false	HIGH	21	VZ	VZ,TM AGREE	>8	4.0	R
3.4.0	UKMYC_PHENOTYPES	ukmyc_phenotypes:6a84ea7f9f35bd3e	RIF	RIFAMPICIN	CHEBI:28077	JQXXHWHPUNPDRT-WLSIYKJHSA-N				5	5	2									UKMYC6	false	HIGH	21	VZ	VZ,TM AGREE
3.4.0	UKMYC_PHENOTYPES	ukmyc_phenotypes:c280c16279f664a0	RIF	RIFAMPICIN	CHEBI:28077	JQXXHWHPUNPDRT-WLSIYKJHSA-N	0.06		mg/L	228	228	8									UKMYC6	false	LOW	14	VZ	ALL DISAGREE	0.06	-4.06	S
3.4.0	UKMYC_PHENOTYPES	ukmyc_phenotypes:b7d790056c49967f	RIF	RIFAMPICIN	CHEBI:28077	JQXXHWHPUNPDRT-WLSIYKJHSA-N	0.12		mg/L	227	227	9									UKMYC6	false	LOW	14	VZ	ALL DISAGREE	0.12	-3.06	S
3.4.0	UKMYC_PHENOTYPES	ukmyc_phenotypes:8919b773827bc147	RIF	RIFAMPICIN	CHEBI:28077	JQXXHWHPUNPDRT-WLSIYKJHSA-N	0.25		mg/L	133	133	9									UKMYC6	false	LOW	14	VZ	ALL DISAGREE	0.25	-2.0	S
3.4.0	UKMYC_PHENOTYPES	ukmyc_phenotypes:74b009ff9e191f32	RIF	RIFAMPICIN	CHEBI:28077	JQXXHWHPUNPDRT-WLSIYKJHSA-N	0.5		mg/L	36	36	7									UKMYC6	false	LOW	14	VZ	ALL DISAGREE	0.5	-1.0	S
3.4.0	UKMYC_PHENOTYPES	ukmyc_phenotypes:4f247e91766467c0	RIF	RIFAMPICIN	CHEBI:28077	JQXXHWHPUNPDRT-WLSIYKJHSA-N	1.0		mg/L	38	38	9									UKMYC6	false	LOW	14	VZ	ALL DISAGREE	1.0	0.0	R
3.4.0	UKMYC_PHENOTYPES	ukmyc_phenotypes:547fca7347d9db74	RIF	RIFAMPICIN	CHEBI:28077	JQXXHWHPUNPDRT-WLSIYKJHSA-N	2.0		mg/L	26	26	8									UKMYC6	false	LOW	14	VZ	ALL DISAGREE	2.0	1.0	R
3.4.0	UKMYC_PHENOTYPES	ukmyc_phenotypes:c45a74a49da4aa3b	RIF	RIFAMPICIN	CHEBI:28077	JQXXHWHPUNPDRT-WLSIYKJHSA-N	4.0		mg/L	23	23	5									UKMYC6	false	LOW	14	VZ	ALL DISAGREE	4.0	2.0	R
3.4.0	UKMYC_PHENOTYPES	ukmyc_phenotypes:cb5e35198fe374ee	RIF	RIFAMPICIN	CHEBI:28077	JQXXHWHPUNPDRT-WLSIYKJHSA-N	8.0		mg/L	42	42	9									UKMYC6	false	LOW	14	VZ	ALL DISAGREE	8.0	3.0	R
3.4.0	UKMYC_PHENOTYPES	ukmyc_phenotypes:06e6f296d1edcbca	RIF	RIFAMPICIN	CHEBI:28077	JQXXHWHPUNPDRT-WLSIYKJHSA-N	0.03	<=	mg/L	212	212	9									UKMYC6	false	LOW	14	VZ	ALL DISAGREE	<=0.03	-5.06	S
3.4.0	UKMYC_PHENOTYPES	ukmyc_phenotypes:bbe000bb3a3ee426	RIF	RIFAMPICIN	CHEBI:28077	JQXXHWHPUNPDRT-WLSIYKJHSA-N	8	>	mg/L	21	21	5									UKMYC6	false	LOW	14	VZ	ALL DISAGREE	>8	4.0	R
3.4.0	UKMYC_PHENOTYPES	ukmyc_phenotypes:3e5d9cf573ca4ca5	RIF	RIFAMPICIN	CHEBI:28077	JQXXHWHPUNPDRT-WLSIYKJHSA-N				28	28	4									UKMYC6	false	LOW	14	VZ	ALL DISAGREE
3.4.0	UKMYC_PHENOTYPES	ukmyc_phenotypes:2f529c4faa3d07a2	RIF	RIFAMPICIN	CHEBI:28077	JQXXHWHPUNPDRT-WLSIYKJHSA-N	0.06		mg/L	23	23	5									UKMYC6	false	LOW	21	VZ	ALL DISAGREE	0.06	-4.06	S
3.4.0	UKMYC_PHENOTYPES	ukmyc_phenotypes:2c9c0752e8ee6934	RIF	RIFAMPICIN	CHEBI:28077	JQXXHWHPUNPDRT-WLSIYKJHSA-N	0.12		mg/L	14	14	2									UKMYC6	false	LOW	21	VZ	ALL DISAGREE	0.12	-3.06	S
3.4.0	UKMYC_PHENOTYPES	ukmyc_phenotypes:aafb358b134af180	RIF	RIFAMPICIN	CHEBI:28077	JQXXHWHPUNPDRT-WLSIYKJHSA-N	0.25		mg/L	10	10	4									UKMYC6	false	LOW	21	VZ	ALL DISAGREE	0.25	-2.0	S
3.4.0	UKMYC_PHENOTYPES	ukmyc_phenotypes:2df6c4cdf926f98f	RIF	RIFAMPICIN	CHEBI:28077	JQXXHWHPUNPDRT-WLSIYKJHSA-N	0.5		mg/L	2	2	2									UKMYC6	false	LOW	21	VZ	ALL DISAGREE	0.5	-1.0	S
3.4.0	UKMYC_PHENOTYPES	ukmyc_phenotypes:1b2c5e84a92f2875	RIF	RIFAMPICIN	CHEBI:28077	JQXXHWHPUNPDRT-WLSIYKJHSA-N	1.0		mg/L	3	3	2									UKMYC6	false	LOW	21	VZ	ALL DISAGREE	1.0	0.0	R
3.4.0	UKMYC_PHENOTYPES	ukmyc_phenotypes:aef0d53bb02dd1d3	RIF	RIFAMPICIN	CHEBI:28077	JQXXHWHPUNPDRT-WLSIYKJHSA-N	2.0		mg/L	3	3	2									UKMYC6	false	LOW	21	VZ	ALL DISAGREE	2.0	1.0	R
3.4.0	UKMYC_PHENOTYPES	ukmyc_phenotypes:a94cc8093184f91b	RIF	RIFAMPICIN	CHEBI:28077	JQXXHWHPUNPDRT-WLSIYKJHSA-N	4.0		mg/L	7	7	5									UKMYC6	false	LOW	21	VZ	ALL DISAGREE	4.0	2.0	R
3.4.0	UKMYC_PHENOTYPES	ukmyc_phenotypes:46f93385d228bbab	RIF	RIFAMPICIN	CHEBI:28077	JQXXHWHPUNPDRT-WLSIYKJHSA-N	8.0		mg/L	13	13	3									UKMYC6	false	LOW	21	VZ	ALL DISAGREE	8.0	3.0	R
3.4.0	UKMYC_PHENOTYPES	ukmyc_phenotypes:b8c7c025d130130f	RIF	RIFAMPICIN	CHEBI:28077	JQXXHWHPUNPDRT-WLSIYKJHSA-N	0.03	<=	mg/L	16	16	5									UKMYC6	false	LOW	21	VZ	ALL DISAGREE	<=0.03	-5.06	S
3.4.0	UKMYC_PHENOTYPES	ukmyc_phenotypes:98ac16376c105b4b	RIF	RIFAMPICIN	CHEBI:28077	JQXXHWHPUNPDRT-WLSIYKJHSA-N	8	>	mg/L	3	3	2									UKMYC6	false	LOW	21	VZ	ALL DISAGREE	>8	4.0	R
3.4.0	UKMYC_PHENOTYPES	ukmyc_phenotypes:0d52f1622133ebc7	RIF	RIFAMPICIN	CHEBI:28077	JQXXHWHPUNPDRT-WLSIYKJHSA-N				8	8	2									UKMYC6	false	LOW	21	VZ	ALL DISAGREE
3.4.0	UKMYC_PHENOTYPES	ukmyc_phenotypes:9955e95b9a6c12ec	RIF	RIFAMPICIN	CHEBI:28077	JQXXHWHPUNPDRT-WLSIYKJHSA-N	0.06		mg/L	2	2	1									UKMYC6	false	MEDIUM	14	MB	VZ ONLY	0.06	-4.06	S
3.4.0	UKMYC_PHENOTYPES	ukmyc_phenotypes:01076ea8d365aa46	RIF	RIFAMPICIN	CHEBI:28077	JQXXHWHPUNPDRT-WLSIYKJHSA-N	0.12		mg/L	2	2	1									UKMYC6	false	MEDIUM	14	MB	VZ ONLY	0.12	-3.06	S
3.4.0	UKMYC_PHENOTYPES	ukmyc_phenotypes:b85603506cf2a8e5	RIF	RIFAMPICIN	CHEBI:28077	JQXXHWHPUNPDRT-WLSIYKJHSA-N	0.25		mg/L	1	1	1									UKMYC6	false	MEDIUM	14	MB	VZ ONLY	0.25	-2.0	S
3.4.0	UKMYC_PHENOTYPES	ukmyc_phenotypes:a5428705a7c528d4	RIF	RIFAMPICIN	CHEBI:28077	JQXXHWHPUNPDRT-WLSIYKJHSA-N	0.5		mg/L	3	3	1									UKMYC6	false	MEDIUM	14	MB	VZ ONLY	0.5	-1.0	S
3.4.0	UKMYC_PHENOTYPES	ukmyc_phenotypes:6db3ced2f5a93128	RIF	RIFAMPICIN	CHEBI:28077	JQXXHWHPUNPDRT-WLSIYKJHSA-N	2.0		mg/L	7	7	1									UKMYC6	false	MEDIUM	14	MB	VZ ONLY	2.0	1.0	R
3.4.0	UKMYC_PHENOTYPES	ukmyc_phenotypes:185609767c2708f2	RIF	RIFAMPICIN	CHEBI:28077	JQXXHWHPUNPDRT-WLSIYKJHSA-N	4.0		mg/L	7	7	1									UKMYC6	false	MEDIUM	14	MB	VZ ONLY	4.0	2.0	R
3.4.0	UKMYC_PHENOTYPES	ukmyc_phenotypes:89be9e079e9ff4b6	RIF	RIFAMPICIN	CHEBI:28077	JQXXHWHPUNPDRT-WLSIYKJHSA-N	8.0		mg/L	14	14	1									UKMYC6	false	MEDIUM	14	MB	VZ ONLY	8.0	3.0	R
3.4.0	UKMYC_PHENOTYPES	ukmyc_phenotypes:b9a9e6a65cf25257	RIF	RIFAMPICIN	CHEBI:28077	JQXXHWHPUNPDRT-WLSIYKJHSA-N	8	>	mg/L	25	25	1									UKMYC6	false	MEDIUM	14	MB	VZ ONLY	>8	4.0	R
3.4.0	UKMYC_PHENOTYPES	ukmyc_phenotypes:44173eac32f07e08	RIF	RIFAMPICIN	CHEBI:28077	JQXXHWHPUNPDRT-WLSIYKJHSA-N	0.06		mg/L	58	58	5									UKMYC6	false	MEDIUM	14	VZ	BB RUNNING	0.06	-4.06	S
3.4.0	UKMYC_PHENOTYPES	ukmyc_phenotypes:1935d0fc8e157d84	RIF	RIFAMPICIN	CHEBI:28077	JQXXHWHPUNPDRT-WLSIYKJHSA-N	0.12		mg/L	26	26	6									UKMYC6	false	MEDIUM	14	VZ	BB RUNNING	0.12	-3.06	S
3.4.0	UKMYC_PHENOTYPES	ukmyc_phenotypes:e67a316a6f307330	RIF	RIFAMPICIN	CHEBI:28077	JQXXHWHPUNPDRT-WLSIYKJHSA-N	0.25		mg/L	6	6	4									UKMYC6	false	MEDIUM	14	VZ	BB RUNNING	0.25	-2.0	S
3.4.0	UKMYC_PHENOTYPES	ukmyc_phenotypes:215dce47aa4aa7ad	RIF	RIFAMPICIN	CHEBI:28077	JQXXHWHPUNPDRT-WLSIYKJHSA-N	0.5		mg/L	6	6	3									UKMYC6	false	MEDIUM	14	VZ	BB RUNNING	0.5	-1.0	S
3.4.0	UKMYC_PHENOTYPES	ukmyc_phenotypes:c0bbd1bbc7ba5de2	RIF	RIFAMPICIN	CHEBI:28077	JQXXHWHPUNPDRT-WLSIYKJHSA-N	1.0		mg/L	6	6	2									UKMYC6	false	MEDIUM	14	VZ	BB RUNNING	1.0	0.0	R
3.4.0	UKMYC_PHENOTYPES	ukmyc_phenotypes:12f97d913d81f978	RIF	RIFAMPICIN	CHEBI:28077	JQXXHWHPUNPDRT-WLSIYKJHSA-N	0.03	<=	mg/L	96	96	4									UKMYC6	false	MEDIUM	14	VZ	BB RUNNING	<=0.03	-5.06	S
3.4.0	UKMYC_PHENOTYPES	ukmyc_phenotypes:c2878e8af2515cb4	RIF	RIFAMPICIN	CHEBI:28077	JQXXHWHPUNPDRT-WLSIYKJHSA-N	8	>	mg/L	2	2	1									UKMYC6	false	MEDIUM	14	VZ	BB RUNNING	>8	4.0	R
3.4.0	UKMYC_PHENOTYPES	ukmyc_phenotypes:77d49d3a8dba3250	RIF	RIFAMPICIN	CHEBI:28077	JQXXHWHPUNPDRT-WLSIYKJHSA-N				15	15	2									UKMYC6	false	MEDIUM	14	VZ	BB RUNNING
3.4.0	UKMYC_PHENOTYPES	ukmyc_phenotypes:f82907e6d8114de7	RIF	RIFAMPICIN	CHEBI:28077	JQXXHWHPUNPDRT-WLSIYKJHSA-N	0.06		mg/L	46	46	8									UKMYC6	false	MEDIUM	14	VZ	VZ ONLY	0.06	-4.06	S
3.4.0	UKMYC_PHENOTYPES	ukmyc_phenotypes:d323abfb6ef2fefc	RIF	RIFAMPICIN	CHEBI:28077	JQXXHWHPUNPDRT-WLSIYKJHSA-N	0.12		mg/L	43	43	9									UKMYC6	false	MEDIUM	14	VZ	VZ ONLY	0.12	-3.06	S
3.4.0	UKMYC_PHENOTYPES	ukmyc_phenotypes:21000c6d0a1db616	RIF	RIFAMPICIN	CHEBI:28077	JQXXHWHPUNPDRT-WLSIYKJHSA-N	0.25		mg/L	26	26	8									UKMYC6	false	MEDIUM	14	VZ	VZ ONLY	0.25	-2.0	S
3.4.0	UKMYC_PHENOTYPES	ukmyc_phenotypes:2eaf8de7fefd883a	RIF	RIFAMPICIN	CHEBI:28077	JQXXHWHPUNPDRT-WLSIYKJHSA-N	0.5		mg/L	10	10	6									UKMYC6	false	MEDIUM	14	VZ	VZ ONLY	0.5	-1.0	S
3.4.0	UKMYC_PHENOTYPES	ukmyc_phenotypes:da50a3274eb766f0	RIF	RIFAMPICIN	CHEBI:28077	JQXXHWHPUNPDRT-WLSIYKJHSA-N	1.0		mg/L	6	6	2									UKMYC6	false	MEDIUM	14	VZ	VZ ONLY	1.0	0.0	R
3.4.0	UKMYC_PHENOTYPES	ukmyc_phenotypes:d6854971ec77534b	RIF	RIFAMPICIN	CHEBI:28077	JQXXHWHPUNPDRT-WLSIYKJHSA-N	2.0		mg/L	14	14	3									UKMYC6	false	MEDIUM	14	VZ	VZ ONLY	2.0	1.0	R
3.4.0	UKMYC_PHENOTYPES	ukmyc_phenotypes:310d0f68676c0bc3	RIF	RIFAMPICIN	CHEBI:28077	JQXXHWHPUNPDRT-WLSIYKJHSA-N	4.0		mg/L	14	14	3									UKMYC6	false	MEDIUM	14	VZ	VZ ONLY	4.0	2.0	R
3.4.0	UKMYC_PHENOTYPES	ukmyc_phenotypes:74153b9223423af4	RIF	RIFAMPICIN	CHEBI:28077	JQXXHWHPUNPDRT-WLSIYKJHSA-N	8.0		mg/L	28	28	6									UKMYC6	false	MEDIUM	14	VZ	VZ ONLY	8.0	3.0	R
3.4.0	UKMYC_PHENOTYPES	ukmyc_phenotypes:1e87a9dc81d54fdb	RIF	RIFAMPICIN	CHEBI:28077	JQXXHWHPUNPDRT-WLSIYKJHSA-N	0.03	<=	mg/L	16	16	5									UKMYC6	false	MEDIUM	14	VZ	VZ ONLY	<=0.03	-5.06	S
3.4.0	UKMYC_PHENOTYPES	ukmyc_phenotypes:e79fb2c165b44b23	RIF	RIFAMPICIN	CHEBI:28077	JQXXHWHPUNPDRT-WLSIYKJHSA-N	8	>	mg/L	329	329	8									UKMYC6	false	MEDIUM	14	VZ	VZ ONLY	>8	4.0	R
3.4.0	UKMYC_PHENOTYPES	ukmyc_phenotypes:ccf99e4fecd593f0	RIF	RIFAMPICIN	CHEBI:28077	JQXXHWHPUNPDRT-WLSIYKJHSA-N				1	1	1									UKMYC6	false	MEDIUM	14	VZ	VZ ONLY
3.4.0	UKMYC_PHENOTYPES	ukmyc_phenotypes:14a53dab76e09073	RIF	RIFAMPICIN	CHEBI:28077	JQXXHWHPUNPDRT-WLSIYKJHSA-N	0.06		mg/L	6	6	1									UKMYC6	false	MEDIUM	21	MB	VZ ONLY	0.06	-4.06	S
3.4.0	UKMYC_PHENOTYPES	ukmyc_phenotypes:a3b7dd83f5c7d5ef	RIF	RIFAMPICIN	CHEBI:28077	JQXXHWHPUNPDRT-WLSIYKJHSA-N	0.12		mg/L	2	2	1									UKMYC6	false	MEDIUM	21	MB	VZ ONLY	0.12	-3.06	S
3.4.0	UKMYC_PHENOTYPES	ukmyc_phenotypes:7c05c0efc8530046	RIF	RIFAMPICIN	CHEBI:28077	JQXXHWHPUNPDRT-WLSIYKJHSA-N	0.25		mg/L	1	1	1									UKMYC6	false	MEDIUM	21	MB	VZ ONLY	0.25	-2.0	S
3.4.0	UKMYC_PHENOTYPES	ukmyc_phenotypes:a7ab88ab34af124b	RIF	RIFAMPICIN	CHEBI:28077	JQXXHWHPUNPDRT-WLSIYKJHSA-N	1.0		mg/L	1	1	1									UKMYC6	false	MEDIUM	21	MB	VZ ONLY	1.0	0.0	R
3.4.0	UKMYC_PHENOTYPES	ukmyc_phenotypes:25ff53c10b387beb	RIF	RIFAMPICIN	CHEBI:28077	JQXXHWHPUNPDRT-WLSIYKJHSA-N	2.0		mg/L	1	1	1									UKMYC6	false	MEDIUM	21	MB	VZ ONLY	2.0	1.0	R
3.4.0	UKMYC_PHENOTYPES	ukmyc_phenotypes:d72030604d2cb77c	RIF	RIFAMPICIN	CHEBI:28077	JQXXHWHPUNPDRT-WLSIYKJHSA-N	4.0		mg/L	3	3	1									UKMYC6	false	MEDIUM	21	MB	VZ ONLY	4.0	2.0	R
3.4.0	UKMYC_PHENOTYPES	ukmyc_phenotypes:88c76986a21b8bb7	RIF	RIFAMPICIN	CHEBI:28077	JQXXHWHPUNPDRT-WLSIYKJHSA-N	8.0		mg/L	1	1	1									UKMYC6	false	MEDIUM	21	MB	VZ ONLY	8.0	3.0	R
3.4.0	UKMYC_PHENOTYPES	ukmyc_phenotypes:22268eb2cf8a85f5	RIF	RIFAMPICIN	CHEBI:28077	JQXXHWHPUNPDRT-WLSIYKJHSA-N	0.03	<=	mg/L	1	1	1									UKMYC6	false	MEDIUM	21	MB	VZ ONLY	<=0.03	-5.06	S
3.4.0	UKMYC_PHENOTYPES	ukmyc_phenotypes:734172b7094f213e	RIF	RIFAMPICIN	CHEBI:28077	JQXXHWHPUNPDRT-WLSIYKJHSA-N	8	>	mg/L	47	47	1									UKMYC6	false	MEDIUM	21	MB	VZ ONLY	>8	4.0	R
3.4.0	UKMYC_PHENOTYPES	ukmyc_phenotypes:fd66bb1068f923db	RIF	RIFAMPICIN	CHEBI:28077	JQXXHWHPUNPDRT-WLSIYKJHSA-N	0.06		mg/L	4	4	2									UKMYC6	false	MEDIUM	21	VZ	BB RUNNING	0.06	-4.06	S
3.4.0	UKMYC_PHENOTYPES	ukmyc_phenotypes:987d05ce7ea4bc16	RIF	RIFAMPICIN	CHEBI:28077	JQXXHWHPUNPDRT-WLSIYKJHSA-N	0.12		mg/L	14	14	3									UKMYC6	false	MEDIUM	21	VZ	BB RUNNING	0.12	-3.06	S
3.4.0	UKMYC_PHENOTYPES	ukmyc_phenotypes:91784eec7e3747ec	RIF	RIFAMPICIN	CHEBI:28077	JQXXHWHPUNPDRT-WLSIYKJHSA-N	0.25		mg/L	21	21	1									UKMYC6	false	MEDIUM	21	VZ	BB RUNNING	0.25	-2.0	S
3.4.0	UKMYC_PHENOTYPES	ukmyc_phenotypes:17c1dbfcc4b71103	RIF	RIFAMPICIN	CHEBI:28077	JQXXHWHPUNPDRT-WLSIYKJHSA-N	0.5		mg/L	4	4	1									UKMYC6	false	MEDIUM	21	VZ	BB RUNNING	0.5	-1.0	S
3.4.0	UKMYC_PHENOTYPES	ukmyc_phenotypes:0f8d8d4a4d8fd9e3	RIF	RIFAMPICIN	CHEBI:28077	JQXXHWHPUNPDRT-WLSIYKJHSA-N	1.0		mg/L	1	1	1									UKMYC6	false	MEDIUM	21	VZ	BB RUNNING	1.0	0.0	R
3.4.0	UKMYC_PHENOTYPES	ukmyc_phenotypes:068d757b82da8149	RIF	RIFAMPICIN	CHEBI:28077	JQXXHWHPUNPDRT-WLSIYKJHSA-N	0.03	<=	mg/L	11	11	5									UKMYC6	false	MEDIUM	21	VZ	BB RUNNING	<=0.03	-5.06	S
3.4.0	UKMYC_PHENOTYPES	ukmyc_phenotypes:610f36209659495d	RIF	RIFAMPICIN	CHEBI:28077	JQXXHWHPUNPDRT-WLSIYKJHSA-N				18	18	3									UKMYC6	false	MEDIUM	21	VZ	BB RUNNING
3.4.0	UKMYC_PHENOTYPES	ukmyc_phenotypes:db22bc65414074a3	RIF	RIFAMPICIN	CHEBI:28077	JQXXHWHPUNPDRT-WLSIYKJHSA-N	0.06		mg/L	21	21	4									UKMYC6	false	MEDIUM	21	VZ	VZ ONLY	0.06	-4.06	S
3.4.0	UKMYC_PHENOTYPES	ukmyc_phenotypes:25a9f8ea9c02bb16	RIF	RIFAMPICIN	CHEBI:28077	JQXXHWHPUNPDRT-WLSIYKJHSA-N	0.12		mg/L	13	13	4									UKMYC6	false	MEDIUM	21	VZ	VZ ONLY	0.12	-3.06	S
3.4.0	UKMYC_PHENOTYPES	ukmyc_phenotypes:e719d22534a92979	RIF	RIFAMPICIN	CHEBI:28077	JQXXHWHPUNPDRT-WLSIYKJHSA-N	0.25		mg/L	7	7	2									UKMYC6	false	MEDIUM	21	VZ	VZ ONLY	0.25	-2.0	S
3.4.0	UKMYC_PHENOTYPES	ukmyc_phenotypes:ca47b1ad54b315ce	RIF	RIFAMPICIN	CHEBI:28077	JQXXHWHPUNPDRT-WLSIYKJHSA-N	0.5		mg/L	1	1	1									UKMYC6	false	MEDIUM	21	VZ	VZ ONLY	0.5	-1.0	S
3.4.0	UKMYC_PHENOTYPES	ukmyc_phenotypes:3abb52389ec2d907	RIF	RIFAMPICIN	CHEBI:28077	JQXXHWHPUNPDRT-WLSIYKJHSA-N	1.0		mg/L	2	2	1									UKMYC6	false	MEDIUM	21	VZ	VZ ONLY	1.0	0.0	R
3.4.0	UKMYC_PHENOTYPES	ukmyc_phenotypes:958dab1b40fe8283	RIF	RIFAMPICIN	CHEBI:28077	JQXXHWHPUNPDRT-WLSIYKJHSA-N	2.0		mg/L	1	1	1									UKMYC6	false	MEDIUM	21	VZ	VZ ONLY	2.0	1.0	R
3.4.0	UKMYC_PHENOTYPES	ukmyc_phenotypes:6803be9358eac1ab	RIF	RIFAMPICIN	CHEBI:28077	JQXXHWHPUNPDRT-WLSIYKJHSA-N	4.0		mg/L	7	7	1									UKMYC6	false	MEDIUM	21	VZ	VZ ONLY	4.0	2.0	R
3.4.0	UKMYC_PHENOTYPES	ukmyc_phenotypes:d2e2523c43d4a73f	RIF	RIFAMPICIN	CHEBI:28077	JQXXHWHPUNPDRT-WLSIYKJHSA-N	8.0		mg/L	18	18	1									UKMYC6	false	MEDIUM	21	VZ	VZ ONLY	8.0	3.0	R
3.4.0	UKMYC_PHENOTYPES	ukmyc_phenotypes:b36baec29ada77c6	RIF	RIFAMPICIN	CHEBI:28077	JQXXHWHPUNPDRT-WLSIYKJHSA-N	0.03	<=	mg/L	5	5	3									UKMYC6	false	MEDIUM	21	VZ	VZ ONLY	<=0.03	-5.06	S
3.4.0	UKMYC_PHENOTYPES	ukmyc_phenotypes:c59ab4bf4390440b	RIF	RIFAMPICIN	CHEBI:28077	JQXXHWHPUNPDRT-WLSIYKJHSA-N	8	>	mg/L	86	86	4									UKMYC6	false	MEDIUM	21	VZ	VZ ONLY	>8	4.0	R
