application_number	application_type	product_number	sponsor_name	drug_name	ingredient_name	unii	standard_inchi_key	gsrs_record_version	approval_date	submission_status	marketing_status	currently_marketed	drugsfda_version	drugsfda_retrieved_on	unii_version	gsrs_retrieved_on
006882	NDA	001	SANOFI AVENTIS US	PHISOHEX	HEXACHLOROPHENE	IWW5FV6NK2	ACGUYXCXAPNIKK-UHFFFAOYSA-N	25	1949-04-19	AP	Discontinued	false	2026-08-28	2026-08-31	2026-08-31	2026-08-31
017411	NDA	001	HUNTINGTON LABS	HEXA-GERM	HEXACHLOROPHENE	IWW5FV6NK2	ACGUYXCXAPNIKK-UHFFFAOYSA-N	25	1974-09-18	AP	Discontinued	false	2026-08-28	2026-08-31	2026-08-31	2026-08-31
017412	NDA	001	HUNTINGTON LABS	GERMA-MEDICA	HEXACHLOROPHENE	IWW5FV6NK2	ACGUYXCXAPNIKK-UHFFFAOYSA-N	25	1978-02-03	AP	Discontinued	false	2026-08-28	2026-08-31	2026-08-31	2026-08-31
017412	NDA	002	HUNTINGTON LABS	"GERMA-MEDICA ""MG"""	HEXACHLOROPHENE	IWW5FV6NK2	ACGUYXCXAPNIKK-UHFFFAOYSA-N	25	1978-02-03	AP	Discontinued	false	2026-08-28	2026-08-31	2026-08-31	2026-08-31
017413	NDA	001	3M	SCRUBTEAM SURGICAL SPONGEBRUSH	HEXACHLOROPHENE	IWW5FV6NK2	ACGUYXCXAPNIKK-UHFFFAOYSA-N	25	1977-02-22	AP	Discontinued	false	2026-08-28	2026-08-31	2026-08-31	2026-08-31
017421	NDA	002	DIAL	DIAL	HEXACHLOROPHENE	IWW5FV6NK2	ACGUYXCXAPNIKK-UHFFFAOYSA-N	25	1976-03-10	AP	Discontinued	false	2026-08-28	2026-08-31	2026-08-31	2026-08-31
017433	NDA	001	DAVIS AND GECK	PRE-OP	HEXACHLOROPHENE	IWW5FV6NK2	ACGUYXCXAPNIKK-UHFFFAOYSA-N	25	1978-10-12	AP	Prescription	true	2026-08-28	2026-08-31	2026-08-31	2026-08-31
017433	NDA	002	DAVIS AND GECK	PRE-OP II	HEXACHLOROPHENE	IWW5FV6NK2	ACGUYXCXAPNIKK-UHFFFAOYSA-N	25	1978-10-12	AP	Prescription	true	2026-08-28	2026-08-31	2026-08-31	2026-08-31
017446	NDA	001	SANOFI AVENTIS US	PHISO-SCRUB	HEXACHLOROPHENE	IWW5FV6NK2	ACGUYXCXAPNIKK-UHFFFAOYSA-N	25	1977-08-01	AP	Discontinued	false	2026-08-28	2026-08-31	2026-08-31	2026-08-31
017452	NDA	001	BECTON DICKINSON	E-Z SCRUB	HEXACHLOROPHENE	IWW5FV6NK2	ACGUYXCXAPNIKK-UHFFFAOYSA-N	25	1976-07-08	AP	Discontinued	false	2026-08-28	2026-08-31	2026-08-31	2026-08-31
013026	NDA	002	WYETH PHARMS	TRECATOR	ETHIONAMIDE	OAY8ORS3CQ	AEOCXXJPGCBFJA-UHFFFAOYSA-N	68	1965-04-30	AP	Discontinued	false	2026-08-28	2026-08-31	2026-08-31	2026-08-31
212887	NDA	001	VIIV HLTHCARE	VOCABRIA	CABOTEGRAVIR SODIUM	3L12PT535M	AEZBWGMXBKPGFP-KIUAEZIZSA-M	19	2021-01-21	AP	Prescription	true	2026-08-28	2026-08-31	2026-08-31	2026-08-31
021222	NDA	001	VANSEN PHARMA	SPECTRACEF	CEFDITOREN PIVOXIL	78THA212DH	AFZFFLVORLEPPO-UVYJNCLZSA-N	26	2001-08-29	AP	Discontinued	false	2026-08-28	2026-08-31	2026-08-31	2026-08-31
021222	NDA	002	VANSEN PHARMA	SPECTRACEF	CEFDITOREN PIVOXIL	78THA212DH	AFZFFLVORLEPPO-UVYJNCLZSA-N	26	2001-08-29	AP	Discontinued	false	2026-08-28	2026-08-31	2026-08-31	2026-08-31
050662	NDA	001	ABBVIE	BIAXIN	CLARITHROMYCIN	H1250JIK0A	AGOYDEPGAOXOCK-KCBOHYOISA-N	83	1991-10-31	AP	Discontinued	false	2026-08-28	2026-08-31	2026-08-31	2026-08-31
050662	NDA	002	ABBVIE	BIAXIN	CLARITHROMYCIN	H1250JIK0A	AGOYDEPGAOXOCK-KCBOHYOISA-N	83	1991-10-31	AP	Discontinued	false	2026-08-28	2026-08-31	2026-08-31	2026-08-31
050697	NDA	001	ABBVIE INC	BIAXIN XL	CLARITHROMYCIN	H1250JIK0A	AGOYDEPGAOXOCK-KCBOHYOISA-N	83	1993-12-23	AP	Discontinued	false	2026-08-28	2026-08-31	2026-08-31	2026-08-31
050697	NDA	002	ABBVIE INC	BIAXIN XL	CLARITHROMYCIN	H1250JIK0A	AGOYDEPGAOXOCK-KCBOHYOISA-N	83	1993-12-23	AP	Discontinued	false	2026-08-28	2026-08-31	2026-08-31	2026-08-31
050698	NDA	001	ABBVIE	BIAXIN	CLARITHROMYCIN	H1250JIK0A	AGOYDEPGAOXOCK-KCBOHYOISA-N	83	1993-12-23	AP	Discontinued	false	2026-08-28	2026-08-31	2026-08-31	2026-08-31
050698	NDA	002	ABBVIE	BIAXIN	CLARITHROMYCIN	H1250JIK0A	AGOYDEPGAOXOCK-KCBOHYOISA-N	83	1993-12-23	AP	Discontinued	false	2026-08-28	2026-08-31	2026-08-31	2026-08-31
050698	NDA	003	ABBVIE	BIAXIN	CLARITHROMYCIN	H1250JIK0A	AGOYDEPGAOXOCK-KCBOHYOISA-N	83	1993-12-23	AP	Discontinued	false	2026-08-28	2026-08-31	2026-08-31	2026-08-31
050775	NDA	001	ABBVIE	BIAXIN XL	CLARITHROMYCIN	H1250JIK0A	AGOYDEPGAOXOCK-KCBOHYOISA-N	83	2000-03-03	AP	Discontinued	false	2026-08-28	2026-08-31	2026-08-31	2026-08-31
065136	ANDA	001	SANDOZ	CLARITHROMYCIN	CLARITHROMYCIN	H1250JIK0A	AGOYDEPGAOXOCK-KCBOHYOISA-N	83	2005-08-25	AP	Prescription	true	2026-08-28	2026-08-31	2026-08-31	2026-08-31
065137	ANDA	001	IVAX SUB TEVA PHARMS	CLARITHROMYCIN	CLARITHROMYCIN	H1250JIK0A	AGOYDEPGAOXOCK-KCBOHYOISA-N	83	2005-05-31	AP	Discontinued	false	2026-08-28	2026-08-31	2026-08-31	2026-08-31
065137	ANDA	002	IVAX SUB TEVA PHARMS	CLARITHROMYCIN	CLARITHROMYCIN	H1250JIK0A	AGOYDEPGAOXOCK-KCBOHYOISA-N	83	2005-05-31	AP	Discontinued	false	2026-08-28	2026-08-31	2026-08-31	2026-08-31
065144	ANDA	001	SANDOZ	CLARITHROMYCIN	CLARITHROMYCIN	H1250JIK0A	AGOYDEPGAOXOCK-KCBOHYOISA-N	83	2005-10-18	AP	Prescription	true	2026-08-28	2026-08-31	2026-08-31	2026-08-31
065145	ANDA	001	ACTAVIS LABS FL INC	CLARITHROMYCIN	CLARITHROMYCIN	H1250JIK0A	AGOYDEPGAOXOCK-KCBOHYOISA-N	83	2004-06-24	AP	Prescription	true	2026-08-28	2026-08-31	2026-08-31	2026-08-31
065154	ANDA	001	DR REDDYS LABS SA	CLARITHROMYCIN	CLARITHROMYCIN	H1250JIK0A	AGOYDEPGAOXOCK-KCBOHYOISA-N	83	2005-05-18	AP	Prescription	true	2026-08-28	2026-08-31	2026-08-31	2026-08-31
065155	ANDA	001	TEVA	CLARITHROMYCIN	CLARITHROMYCIN	H1250JIK0A	AGOYDEPGAOXOCK-KCBOHYOISA-N	83	2005-05-31	AP	Discontinued	false	2026-08-28	2026-08-31	2026-08-31	2026-08-31
065155	ANDA	002	TEVA	CLARITHROMYCIN	CLARITHROMYCIN	H1250JIK0A	AGOYDEPGAOXOCK-KCBOHYOISA-N	83	2005-05-31	AP	Discontinued	false	2026-08-28	2026-08-31	2026-08-31	2026-08-31
065174	ANDA	001	SUN PHARM INDS LTD	CLARITHROMYCIN	CLARITHROMYCIN	H1250JIK0A	AGOYDEPGAOXOCK-KCBOHYOISA-N	83	2004-09-24	AP	Discontinued	false	2026-08-28	2026-08-31	2026-08-31	2026-08-31
065174	ANDA	002	SUN PHARM INDS LTD	CLARITHROMYCIN	CLARITHROMYCIN	H1250JIK0A	AGOYDEPGAOXOCK-KCBOHYOISA-N	83	2004-09-24	AP	Discontinued	false	2026-08-28	2026-08-31	2026-08-31	2026-08-31
065178	ANDA	001	HIKMA	CLARITHROMYCIN	CLARITHROMYCIN	H1250JIK0A	AGOYDEPGAOXOCK-KCBOHYOISA-N	83	2004-05-25	AP	Discontinued	false	2026-08-28	2026-08-31	2026-08-31	2026-08-31
065178	ANDA	002	HIKMA	CLARITHROMYCIN	CLARITHROMYCIN	H1250JIK0A	AGOYDEPGAOXOCK-KCBOHYOISA-N	83	2004-05-25	AP	Discontinued	false	2026-08-28	2026-08-31	2026-08-31	2026-08-31
065195	ANDA	001	PHARMOBEDIENT	CLARITHROMYCIN	CLARITHROMYCIN	H1250JIK0A	AGOYDEPGAOXOCK-KCBOHYOISA-N	83	2005-03-11	AP	Discontinued	false	2026-08-28	2026-08-31	2026-08-31	2026-08-31
065195	ANDA	002	PHARMOBEDIENT	CLARITHROMYCIN	CLARITHROMYCIN	H1250JIK0A	AGOYDEPGAOXOCK-KCBOHYOISA-N	83	2005-03-11	AP	Discontinued	false	2026-08-28	2026-08-31	2026-08-31	2026-08-31
065210	ANDA	001	RANBAXY	CLARITHROMYCIN	CLARITHROMYCIN	H1250JIK0A	AGOYDEPGAOXOCK-KCBOHYOISA-N	83	2005-01-26	AP	Discontinued	false	2026-08-28	2026-08-31	2026-08-31	2026-08-31
065250	ANDA	001	ANI PHARMS	CLARITHROMYCIN	CLARITHROMYCIN	H1250JIK0A	AGOYDEPGAOXOCK-KCBOHYOISA-N	83	2005-08-25	AP	Discontinued	false	2026-08-28	2026-08-31	2026-08-31	2026-08-31
065266	ANDA	001	WOCKHARDT	CLARITHROMYCIN	CLARITHROMYCIN	H1250JIK0A	AGOYDEPGAOXOCK-KCBOHYOISA-N	83	2006-05-31	AP	Discontinued	false	2026-08-28	2026-08-31	2026-08-31	2026-08-31
065266	ANDA	002	WOCKHARDT	CLARITHROMYCIN	CLARITHROMYCIN	H1250JIK0A	AGOYDEPGAOXOCK-KCBOHYOISA-N	83	2006-05-31	AP	Discontinued	false	2026-08-28	2026-08-31	2026-08-31	2026-08-31
065283	ANDA	002	SANDOZ	CLARITHROMYCIN	CLARITHROMYCIN	H1250JIK0A	AGOYDEPGAOXOCK-KCBOHYOISA-N	83	2007-09-04	AP	Prescription	true	2026-08-28	2026-08-31	2026-08-31	2026-08-31
065283	ANDA	003	SANDOZ	CLARITHROMYCIN	CLARITHROMYCIN	H1250JIK0A	AGOYDEPGAOXOCK-KCBOHYOISA-N	83	2007-09-04	AP	Prescription	true	2026-08-28	2026-08-31	2026-08-31	2026-08-31
065382	ANDA	001	SUN PHARM INDS LTD	CLARITHROMYCIN	CLARITHROMYCIN	H1250JIK0A	AGOYDEPGAOXOCK-KCBOHYOISA-N	83	2007-08-30	AP	Discontinued	false	2026-08-28	2026-08-31	2026-08-31	2026-08-31
065382	ANDA	002	SUN PHARM INDS LTD	CLARITHROMYCIN	CLARITHROMYCIN	H1250JIK0A	AGOYDEPGAOXOCK-KCBOHYOISA-N	83	2007-08-30	AP	Discontinued	false	2026-08-28	2026-08-31	2026-08-31	2026-08-31
065384	ANDA	001	CHARTWELL	CLARITHROMYCIN	CLARITHROMYCIN	H1250JIK0A	AGOYDEPGAOXOCK-KCBOHYOISA-N	83	2007-08-20	AP	Prescription	true	2026-08-28	2026-08-31	2026-08-31	2026-08-31
065384	ANDA	002	CHARTWELL	CLARITHROMYCIN	CLARITHROMYCIN	H1250JIK0A	AGOYDEPGAOXOCK-KCBOHYOISA-N	83	2007-08-20	AP	Prescription	true	2026-08-28	2026-08-31	2026-08-31	2026-08-31
065489	ANDA	001	AUROBINDO	CLARITHROMYCIN	CLARITHROMYCIN	H1250JIK0A	AGOYDEPGAOXOCK-KCBOHYOISA-N	83	2012-07-25	AP	Prescription	true	2026-08-28	2026-08-31	2026-08-31	2026-08-31
065489	ANDA	002	AUROBINDO	CLARITHROMYCIN	CLARITHROMYCIN	H1250JIK0A	AGOYDEPGAOXOCK-KCBOHYOISA-N	83	2012-07-25	AP	Prescription	true	2026-08-28	2026-08-31	2026-08-31	2026-08-31
202532	ANDA	001	LUPIN	CLARITHROMYCIN	CLARITHROMYCIN	H1250JIK0A	AGOYDEPGAOXOCK-KCBOHYOISA-N	83	2015-09-15	AP	Discontinued	false	2026-08-28	2026-08-31	2026-08-31	2026-08-31
202710	ANDA	001	NOVITIUM PHARMA	CLARITHROMYCIN	CLARITHROMYCIN	H1250JIK0A	AGOYDEPGAOXOCK-KCBOHYOISA-N	83	2013-06-10	AP	Prescription	true	2026-08-28	2026-08-31	2026-08-31	2026-08-31
202710	ANDA	002	NOVITIUM PHARMA	CLARITHROMYCIN	CLARITHROMYCIN	H1250JIK0A	AGOYDEPGAOXOCK-KCBOHYOISA-N	83	2013-06-10	AP	Prescription	true	2026-08-28	2026-08-31	2026-08-31	2026-08-31
203243	ANDA	001	MPP PHARMA	CLARITHROMYCIN	CLARITHROMYCIN	H1250JIK0A	AGOYDEPGAOXOCK-KCBOHYOISA-N	83	2016-02-29	AP	Prescription	true	2026-08-28	2026-08-31	2026-08-31	2026-08-31
203584	ANDA	001	HEC PHARM	CLARITHROMYCIN	CLARITHROMYCIN	H1250JIK0A	AGOYDEPGAOXOCK-KCBOHYOISA-N	83	2015-09-28	AP	Prescription	true	2026-08-28	2026-08-31	2026-08-31	2026-08-31
203584	ANDA	002	HEC PHARM	CLARITHROMYCIN	CLARITHROMYCIN	H1250JIK0A	AGOYDEPGAOXOCK-KCBOHYOISA-N	83	2015-09-28	AP	Prescription	true	2026-08-28	2026-08-31	2026-08-31	2026-08-31
206714	ANDA	001	JUBILANT CADISTA	CLARITHROMYCIN	CLARITHROMYCIN	H1250JIK0A	AGOYDEPGAOXOCK-KCBOHYOISA-N	83	2019-04-25	AP	Discontinued	false	2026-08-28	2026-08-31	2026-08-31	2026-08-31
206714	ANDA	002	JUBILANT CADISTA	CLARITHROMYCIN	CLARITHROMYCIN	H1250JIK0A	AGOYDEPGAOXOCK-KCBOHYOISA-N	83	2019-04-25	AP	Discontinued	false	2026-08-28	2026-08-31	2026-08-31	2026-08-31
208987	ANDA	001	SUNSHINE	CLARITHROMYCIN	CLARITHROMYCIN	H1250JIK0A	AGOYDEPGAOXOCK-KCBOHYOISA-N	83	2018-07-09	AP	Prescription	true	2026-08-28	2026-08-31	2026-08-31	2026-08-31
210459	ANDA	001	ALEMBIC	CLARITHROMYCIN	CLARITHROMYCIN	H1250JIK0A	AGOYDEPGAOXOCK-KCBOHYOISA-N	83	2022-01-31	AP	Prescription	true	2026-08-28	2026-08-31	2026-08-31	2026-08-31
210459	ANDA	002	ALEMBIC	CLARITHROMYCIN	CLARITHROMYCIN	H1250JIK0A	AGOYDEPGAOXOCK-KCBOHYOISA-N	83	2022-01-31	AP	Prescription	true	2026-08-28	2026-08-31	2026-08-31	2026-08-31
050313	NDA	001	APOTHECON	FUNGIZONE	AMPHOTERICIN B	7XU7A7DROE	APKFDSVGJQXUKY-INPOYWNPSA-N	62	1965-10-13	AP	Discontinued	false	2026-08-28	2026-08-31	2026-08-31	2026-08-31
050314	NDA	001	APOTHECON	FUNGIZONE	AMPHOTERICIN B	7XU7A7DROE	APKFDSVGJQXUKY-INPOYWNPSA-N	62	1966-02-07	AP	Discontinued	false	2026-08-28	2026-08-31	2026-08-31	2026-08-31
050341	NDA	003	BRISTOL MYERS SQUIBB	FUNGIZONE	AMPHOTERICIN B	7XU7A7DROE	APKFDSVGJQXUKY-INPOYWNPSA-N	62	1971-06-02	AP	Discontinued	false	2026-08-28	2026-08-31	2026-08-31	2026-08-31
050724	NDA	001	LEADIANT BIOSCI INC	ABELCET	AMPHOTERICIN B	7XU7A7DROE	APKFDSVGJQXUKY-INPOYWNPSA-N	62	1995-11-20	AP	Discontinued	false	2026-08-28	2026-08-31	2026-08-31	2026-08-31
050729	NDA	001	ALKOPHARMA USA	AMPHOTEC	AMPHOTERICIN B	7XU7A7DROE	APKFDSVGJQXUKY-INPOYWNPSA-N	62	1996-11-22	AP	Discontinued	false	2026-08-28	2026-08-31	2026-08-31	2026-08-31
050729	NDA	002	ALKOPHARMA USA	AMPHOTEC	AMPHOTERICIN B	7XU7A7DROE	APKFDSVGJQXUKY-INPOYWNPSA-N	62	1996-11-22	AP	Discontinued	false	2026-08-28	2026-08-31	2026-08-31	2026-08-31
050740	NDA	001	ASTELLAS	AMBISOME	AMPHOTERICIN B	7XU7A7DROE	APKFDSVGJQXUKY-INPOYWNPSA-N	62	1997-08-11	AP	Prescription	true	2026-08-28	2026-08-31	2026-08-31	2026-08-31
060517	ANDA	001	APOTHECON	FUNGIZONE	AMPHOTERICIN B	7XU7A7DROE	APKFDSVGJQXUKY-INPOYWNPSA-N	62	1966-03-01	AP	Discontinued	false	2026-08-28	2026-08-31	2026-08-31	2026-08-31
060570	ANDA	001	APOTHECON	FUNGIZONE	AMPHOTERICIN B	7XU7A7DROE	APKFDSVGJQXUKY-INPOYWNPSA-N	62	1964-11-12	AP	Discontinued	false	2026-08-28	2026-08-31	2026-08-31	2026-08-31
062728	ANDA	001	ABRAXIS PHARM	AMPHOTERICIN B	AMPHOTERICIN B	7XU7A7DROE	APKFDSVGJQXUKY-INPOYWNPSA-N	62	1987-04-13	AP	Discontinued	false	2026-08-28	2026-08-31	2026-08-31	2026-08-31
063206	ANDA	001	XGEN PHARMS	AMPHOTERICIN B	AMPHOTERICIN B	7XU7A7DROE	APKFDSVGJQXUKY-INPOYWNPSA-N	62	1992-04-29	AP	Prescription	true	2026-08-28	2026-08-31	2026-08-31	2026-08-31
064062	ANDA	001	TEVA PARENTERAL	AMPHOTERICIN B	AMPHOTERICIN B	7XU7A7DROE	APKFDSVGJQXUKY-INPOYWNPSA-N	62	1995-03-31	AP	Discontinued	false	2026-08-28	2026-08-31	2026-08-31	2026-08-31
064141	ANDA	001	ABBOTT	AMPHOTERICIN B	AMPHOTERICIN B	7XU7A7DROE	APKFDSVGJQXUKY-INPOYWNPSA-N	62	1996-12-23	AP	Discontinued	false	2026-08-28	2026-08-31	2026-08-31	2026-08-31
212514	ANDA	001	SPIL	AMPHOTERICIN B	AMPHOTERICIN B	7XU7A7DROE	APKFDSVGJQXUKY-INPOYWNPSA-N	62	2021-12-14	AP	Prescription	true	2026-08-28	2026-08-31	2026-08-31	2026-08-31
212967	ANDA	001	MYLAN LABS LTD	AMPHOTERICIN B	AMPHOTERICIN B	7XU7A7DROE	APKFDSVGJQXUKY-INPOYWNPSA-N	62	2025-06-30	AP	Prescription	true	2026-08-28	2026-08-31	2026-08-31	2026-08-31
214010	ANDA	001	EUGIA PHARMA	AMPHOTERICIN B	AMPHOTERICIN B	7XU7A7DROE	APKFDSVGJQXUKY-INPOYWNPSA-N	62	2022-11-17	AP	Prescription	true	2026-08-28	2026-08-31	2026-08-31	2026-08-31
215354	ANDA	001	AVET LIFESCIENCES	AMPHOTERICIN B	AMPHOTERICIN B	7XU7A7DROE	APKFDSVGJQXUKY-INPOYWNPSA-N	62	2025-06-02	AP	Prescription	true	2026-08-28	2026-08-31	2026-08-31	2026-08-31
021036	NDA	001	GLAXOSMITHKLINE	RELENZA	ZANAMIVIR	L6O3XI777I	ARAIBEBZBOPLMB-UFGQHTETSA-N	41	1999-07-26	AP	Prescription	true	2026-08-28	2026-08-31	2026-08-31	2026-08-31
019537	NDA	002	BAYER HLTHCARE	CIPRO	CIPROFLOXACIN HYDROCHLORIDE	4BA73M5E37	ARPUHYJMCVWYCZ-UHFFFAOYSA-N	57	1987-10-22	AP	Prescription	true	2026-08-28	2026-08-31	2026-08-31	2026-08-31
019537	NDA	003	BAYER HLTHCARE	CIPRO	CIPROFLOXACIN HYDROCHLORIDE	4BA73M5E37	ARPUHYJMCVWYCZ-UHFFFAOYSA-N	57	1987-10-22	AP	Prescription	true	2026-08-28	2026-08-31	2026-08-31	2026-08-31
019537	NDA	004	BAYER HLTHCARE	CIPRO	CIPROFLOXACIN HYDROCHLORIDE	4BA73M5E37	ARPUHYJMCVWYCZ-UHFFFAOYSA-N	57	1987-10-22	AP	Discontinued	false	2026-08-28	2026-08-31	2026-08-31	2026-08-31
019992	NDA	001	SANDOZ	CILOXAN	CIPROFLOXACIN HYDROCHLORIDE	4BA73M5E37	ARPUHYJMCVWYCZ-UHFFFAOYSA-N	57	1990-12-31	AP	Prescription	true	2026-08-28	2026-08-31	2026-08-31	2026-08-31
020369	NDA	001	SANDOZ	CILOXAN	CIPROFLOXACIN HYDROCHLORIDE	4BA73M5E37	ARPUHYJMCVWYCZ-UHFFFAOYSA-N	57	1998-03-30	AP	Prescription	true	2026-08-28	2026-08-31	2026-08-31	2026-08-31
021744	NDA	001	DEPOMED INC	PROQUIN XR	CIPROFLOXACIN HYDROCHLORIDE	4BA73M5E37	ARPUHYJMCVWYCZ-UHFFFAOYSA-N	57	2005-05-19	AP	Discontinued	false	2026-08-28	2026-08-31	2026-08-31	2026-08-31
021918	NDA	001	LAB SALVAT	CETRAXAL	CIPROFLOXACIN HYDROCHLORIDE	4BA73M5E37	ARPUHYJMCVWYCZ-UHFFFAOYSA-N	57	2009-05-01	AP	Prescription	true	2026-08-28	2026-08-31	2026-08-31	2026-08-31
074124	ANDA	001	BARR	CIPROFLOXACIN HYDROCHLORIDE	CIPROFLOXACIN HYDROCHLORIDE	4BA73M5E37	ARPUHYJMCVWYCZ-UHFFFAOYSA-N	57	2004-06-09	AP	Discontinued	false	2026-08-28	2026-08-31	2026-08-31	2026-08-31
074124	ANDA	002	BARR	CIPROFLOXACIN HYDROCHLORIDE	CIPROFLOXACIN HYDROCHLORIDE	4BA73M5E37	ARPUHYJMCVWYCZ-UHFFFAOYSA-N	57	2004-06-09	AP	Discontinued	false	2026-08-28	2026-08-31	2026-08-31	2026-08-31
074124	ANDA	003	BARR	CIPROFLOXACIN HYDROCHLORIDE	CIPROFLOXACIN HYDROCHLORIDE	4BA73M5E37	ARPUHYJMCVWYCZ-UHFFFAOYSA-N	57	2004-06-09	AP	Discontinued	false	2026-08-28	2026-08-31	2026-08-31	2026-08-31
075593	ANDA	001	DR REDDYS LABS LTD	CIPROFLOXACIN HYDROCHLORIDE	CIPROFLOXACIN HYDROCHLORIDE	4BA73M5E37	ARPUHYJMCVWYCZ-UHFFFAOYSA-N	57	2004-06-09	AP	Prescription	true	2026-08-28	2026-08-31	2026-08-31	2026-08-31
075593	ANDA	003	DR REDDYS LABS LTD	CIPROFLOXACIN HYDROCHLORIDE	CIPROFLOXACIN HYDROCHLORIDE	4BA73M5E37	ARPUHYJMCVWYCZ-UHFFFAOYSA-N	57	2004-06-09	AP	Prescription	true	2026-08-28	2026-08-31	2026-08-31	2026-08-31
075593	ANDA	004	DR REDDYS LABS LTD	CIPROFLOXACIN HYDROCHLORIDE	CIPROFLOXACIN HYDROCHLORIDE	4BA73M5E37	ARPUHYJMCVWYCZ-UHFFFAOYSA-N	57	2004-06-09	AP	Prescription	true	2026-08-28	2026-08-31	2026-08-31	2026-08-31
075685	ANDA	001	NATCO	CIPROFLOXACIN HYDROCHLORIDE	CIPROFLOXACIN HYDROCHLORIDE	4BA73M5E37	ARPUHYJMCVWYCZ-UHFFFAOYSA-N	57	2004-06-09	AP	Discontinued	false	2026-08-28	2026-08-31	2026-08-31	2026-08-31
075685	ANDA	002	NATCO	CIPROFLOXACIN HYDROCHLORIDE	CIPROFLOXACIN HYDROCHLORIDE	4BA73M5E37	ARPUHYJMCVWYCZ-UHFFFAOYSA-N	57	2004-06-09	AP	Discontinued	false	2026-08-28	2026-08-31	2026-08-31	2026-08-31
075685	ANDA	003	NATCO	CIPROFLOXACIN HYDROCHLORIDE	CIPROFLOXACIN HYDROCHLORIDE	4BA73M5E37	ARPUHYJMCVWYCZ-UHFFFAOYSA-N	57	2004-06-09	AP	Discontinued	false	2026-08-28	2026-08-31	2026-08-31	2026-08-31
075747	ANDA	001	SUN PHARM INDS LTD	CIPROFLOXACIN HYDROCHLORIDE	CIPROFLOXACIN HYDROCHLORIDE	4BA73M5E37	ARPUHYJMCVWYCZ-UHFFFAOYSA-N	57	2004-06-09	AP	Discontinued	false	2026-08-28	2026-08-31	2026-08-31	2026-08-31
075747	ANDA	002	SUN PHARM INDS LTD	CIPROFLOXACIN HYDROCHLORIDE	CIPROFLOXACIN HYDROCHLORIDE	4BA73M5E37	ARPUHYJMCVWYCZ-UHFFFAOYSA-N	57	2004-06-09	AP	Discontinued	false	2026-08-28	2026-08-31	2026-08-31	2026-08-31
075747	ANDA	003	SUN PHARM INDS LTD	CIPROFLOXACIN HYDROCHLORIDE	CIPROFLOXACIN HYDROCHLORIDE	4BA73M5E37	ARPUHYJMCVWYCZ-UHFFFAOYSA-N	57	2004-06-09	AP	Discontinued	false	2026-08-28	2026-08-31	2026-08-31	2026-08-31
075817	ANDA	002	RISING	CIPROFLOXACIN HYDROCHLORIDE	CIPROFLOXACIN HYDROCHLORIDE	4BA73M5E37	ARPUHYJMCVWYCZ-UHFFFAOYSA-N	57	2004-06-09	AP	Discontinued	false	2026-08-28	2026-08-31	2026-08-31	2026-08-31
075817	ANDA	003	RISING	CIPROFLOXACIN HYDROCHLORIDE	CIPROFLOXACIN HYDROCHLORIDE	4BA73M5E37	ARPUHYJMCVWYCZ-UHFFFAOYSA-N	57	2004-06-09	AP	Prescription	true	2026-08-28	2026-08-31	2026-08-31	2026-08-31
075817	ANDA	004	RISING	CIPROFLOXACIN HYDROCHLORIDE	CIPROFLOXACIN HYDROCHLORIDE	4BA73M5E37	ARPUHYJMCVWYCZ-UHFFFAOYSA-N	57	2004-06-09	AP	Discontinued	false	2026-08-28	2026-08-31	2026-08-31	2026-08-31
075928	ANDA	001	RUBICON RESEARCH	CIPROFLOXACIN HYDROCHLORIDE	CIPROFLOXACIN HYDROCHLORIDE	4BA73M5E37	ARPUHYJMCVWYCZ-UHFFFAOYSA-N	57	2004-06-09	AP	Prescription	true	2026-08-28	2026-08-31	2026-08-31	2026-08-31
075939	ANDA	002	AMNEAL	CIPROFLOXACIN HYDROCHLORIDE	CIPROFLOXACIN HYDROCHLORIDE	4BA73M5E37	ARPUHYJMCVWYCZ-UHFFFAOYSA-N	57	2004-06-09	AP	Discontinued	false	2026-08-28	2026-08-31	2026-08-31	2026-08-31
075939	ANDA	003	AMNEAL	CIPROFLOXACIN HYDROCHLORIDE	CIPROFLOXACIN HYDROCHLORIDE	4BA73M5E37	ARPUHYJMCVWYCZ-UHFFFAOYSA-N	57	2004-06-09	AP	Discontinued	false	2026-08-28	2026-08-31	2026-08-31	2026-08-31
075939	ANDA	004	AMNEAL	CIPROFLOXACIN HYDROCHLORIDE	CIPROFLOXACIN HYDROCHLORIDE	4BA73M5E37	ARPUHYJMCVWYCZ-UHFFFAOYSA-N	57	2004-06-09	AP	Discontinued	false	2026-08-28	2026-08-31	2026-08-31	2026-08-31
076089	ANDA	002	IVAX SUB TEVA PHARMS	CIPROFLOXACIN HYDROCHLORIDE	CIPROFLOXACIN HYDROCHLORIDE	4BA73M5E37	ARPUHYJMCVWYCZ-UHFFFAOYSA-N	57	2004-06-09	AP	Prescription	true	2026-08-28	2026-08-31	2026-08-31	2026-08-31
076089	ANDA	003	IVAX SUB TEVA PHARMS	CIPROFLOXACIN HYDROCHLORIDE	CIPROFLOXACIN HYDROCHLORIDE	4BA73M5E37	ARPUHYJMCVWYCZ-UHFFFAOYSA-N	57	2004-06-09	AP	Prescription	true	2026-08-28	2026-08-31	2026-08-31	2026-08-31
076089	ANDA	004	IVAX SUB TEVA PHARMS	CIPROFLOXACIN HYDROCHLORIDE	CIPROFLOXACIN HYDROCHLORIDE	4BA73M5E37	ARPUHYJMCVWYCZ-UHFFFAOYSA-N	57	2004-06-09	AP	Prescription	true	2026-08-28	2026-08-31	2026-08-31	2026-08-31
076126	ANDA	002	CARLSBAD	CIPROFLOXACIN HYDROCHLORIDE	CIPROFLOXACIN HYDROCHLORIDE	4BA73M5E37	ARPUHYJMCVWYCZ-UHFFFAOYSA-N	57	2004-06-09	AP	Prescription	true	2026-08-28	2026-08-31	2026-08-31	2026-08-31
076126	ANDA	003	CARLSBAD	CIPROFLOXACIN HYDROCHLORIDE	CIPROFLOXACIN HYDROCHLORIDE	4BA73M5E37	ARPUHYJMCVWYCZ-UHFFFAOYSA-N	57	2004-06-09	AP	Prescription	true	2026-08-28	2026-08-31	2026-08-31	2026-08-31
076126	ANDA	004	CARLSBAD	CIPROFLOXACIN HYDROCHLORIDE	CIPROFLOXACIN HYDROCHLORIDE	4BA73M5E37	ARPUHYJMCVWYCZ-UHFFFAOYSA-N	57	2004-06-09	AP	Prescription	true	2026-08-28	2026-08-31	2026-08-31	2026-08-31
076138	ANDA	001	NOSTRUM LABS	CIPROFLOXACIN HYDROCHLORIDE	CIPROFLOXACIN HYDROCHLORIDE	4BA73M5E37	ARPUHYJMCVWYCZ-UHFFFAOYSA-N	57	2004-06-09	AP	Discontinued	false	2026-08-28	2026-08-31	2026-08-31	2026-08-31
076138	ANDA	002	NOSTRUM LABS	CIPROFLOXACIN HYDROCHLORIDE	CIPROFLOXACIN HYDROCHLORIDE	4BA73M5E37	ARPUHYJMCVWYCZ-UHFFFAOYSA-N	57	2004-06-09	AP	Discontinued	false	2026-08-28	2026-08-31	2026-08-31	2026-08-31
076138	ANDA	003	NOSTRUM LABS	CIPROFLOXACIN HYDROCHLORIDE	CIPROFLOXACIN HYDROCHLORIDE	4BA73M5E37	ARPUHYJMCVWYCZ-UHFFFAOYSA-N	57	2004-06-09	AP	Discontinued	false	2026-08-28	2026-08-31	2026-08-31	2026-08-31
076555	ANDA	001	PHARMOBEDIENT	CIPROFLOXACIN HYDROCHLORIDE	CIPROFLOXACIN HYDROCHLORIDE	4BA73M5E37	ARPUHYJMCVWYCZ-UHFFFAOYSA-N	57	2008-12-11	AP	Discontinued	false	2026-08-28	2026-08-31	2026-08-31	2026-08-31
076558	ANDA	002	HIKMA	CIPROFLOXACIN HYDROCHLORIDE	CIPROFLOXACIN HYDROCHLORIDE	4BA73M5E37	ARPUHYJMCVWYCZ-UHFFFAOYSA-N	57	2004-06-09	AP	Discontinued	false	2026-08-28	2026-08-31	2026-08-31	2026-08-31
076558	ANDA	003	HIKMA	CIPROFLOXACIN HYDROCHLORIDE	CIPROFLOXACIN HYDROCHLORIDE	4BA73M5E37	ARPUHYJMCVWYCZ-UHFFFAOYSA-N	57	2004-06-09	AP	Discontinued	false	2026-08-28	2026-08-31	2026-08-31	2026-08-31
076558	ANDA	004	HIKMA	CIPROFLOXACIN HYDROCHLORIDE	CIPROFLOXACIN HYDROCHLORIDE	4BA73M5E37	ARPUHYJMCVWYCZ-UHFFFAOYSA-N	57	2004-06-09	AP	Discontinued	false	2026-08-28	2026-08-31	2026-08-31	2026-08-31
076593	ANDA	002	AIPING PHARM INC	CIPROFLOXACIN HYDROCHLORIDE	CIPROFLOXACIN HYDROCHLORIDE	4BA73M5E37	ARPUHYJMCVWYCZ-UHFFFAOYSA-N	57	2004-03-16	AP	Prescription	true	2026-08-28	2026-08-31	2026-08-31	2026-08-31
076593	ANDA	003	AIPING PHARM INC	CIPROFLOXACIN HYDROCHLORIDE	CIPROFLOXACIN HYDROCHLORIDE	4BA73M5E37	ARPUHYJMCVWYCZ-UHFFFAOYSA-N	57	2004-03-16	AP	Prescription	true	2026-08-28	2026-08-31	2026-08-31	2026-08-31
076593	ANDA	004	AIPING PHARM INC	CIPROFLOXACIN HYDROCHLORIDE	CIPROFLOXACIN HYDROCHLORIDE	4BA73M5E37	ARPUHYJMCVWYCZ-UHFFFAOYSA-N	57	2004-03-16	AP	Prescription	true	2026-08-28	2026-08-31	2026-08-31	2026-08-31
076639	ANDA	001	UNIQUE	CIPROFLOXACIN HYDROCHLORIDE	CIPROFLOXACIN HYDROCHLORIDE	4BA73M5E37	ARPUHYJMCVWYCZ-UHFFFAOYSA-N	57	2004-09-10	AP	Prescription	true	2026-08-28	2026-08-31	2026-08-31	2026-08-31
076639	ANDA	002	UNIQUE	CIPROFLOXACIN HYDROCHLORIDE	CIPROFLOXACIN HYDROCHLORIDE	4BA73M5E37	ARPUHYJMCVWYCZ-UHFFFAOYSA-N	57	2004-09-10	AP	Prescription	true	2026-08-28	2026-08-31	2026-08-31	2026-08-31
076639	ANDA	003	UNIQUE	CIPROFLOXACIN HYDROCHLORIDE	CIPROFLOXACIN HYDROCHLORIDE	4BA73M5E37	ARPUHYJMCVWYCZ-UHFFFAOYSA-N	57	2004-09-10	AP	Prescription	true	2026-08-28	2026-08-31	2026-08-31	2026-08-31
076673	ANDA	001	WATSON LABS INC	CIPROFLOXACIN HYDROCHLORIDE	CIPROFLOXACIN HYDROCHLORIDE	4BA73M5E37	ARPUHYJMCVWYCZ-UHFFFAOYSA-N	57	2005-01-21	AP	Prescription	true	2026-08-28	2026-08-31	2026-08-31	2026-08-31
076754	ANDA	001	THE J MOLNER	CIPROFLOXACIN HYDROCHLORIDE	CIPROFLOXACIN HYDROCHLORIDE	4BA73M5E37	ARPUHYJMCVWYCZ-UHFFFAOYSA-N	57	2004-06-09	AP	Discontinued	false	2026-08-28	2026-08-31	2026-08-31	2026-08-31
076794	ANDA	002	WATSON LABS	CIPROFLOXACIN HYDROCHLORIDE	CIPROFLOXACIN HYDROCHLORIDE	4BA73M5E37	ARPUHYJMCVWYCZ-UHFFFAOYSA-N	57	2004-06-09	AP	Prescription	true	2026-08-28	2026-08-31	2026-08-31	2026-08-31
076794	ANDA	003	WATSON LABS	CIPROFLOXACIN HYDROCHLORIDE	CIPROFLOXACIN HYDROCHLORIDE	4BA73M5E37	ARPUHYJMCVWYCZ-UHFFFAOYSA-N	57	2004-06-09	AP	Prescription	true	2026-08-28	2026-08-31	2026-08-31	2026-08-31
076794	ANDA	004	WATSON LABS	CIPROFLOXACIN HYDROCHLORIDE	CIPROFLOXACIN HYDROCHLORIDE	4BA73M5E37	ARPUHYJMCVWYCZ-UHFFFAOYSA-N	57	2004-06-09	AP	Prescription	true	2026-08-28	2026-08-31	2026-08-31	2026-08-31
076896	ANDA	001	CHARTWELL	CIPROFLOXACIN HYDROCHLORIDE	CIPROFLOXACIN HYDROCHLORIDE	4BA73M5E37	ARPUHYJMCVWYCZ-UHFFFAOYSA-N	57	2004-11-04	AP	Prescription	true	2026-08-28	2026-08-31	2026-08-31	2026-08-31
076896	ANDA	002	CHARTWELL	CIPROFLOXACIN HYDROCHLORIDE	CIPROFLOXACIN HYDROCHLORIDE	4BA73M5E37	ARPUHYJMCVWYCZ-UHFFFAOYSA-N	57	2004-11-04	AP	Prescription	true	2026-08-28	2026-08-31	2026-08-31	2026-08-31
076896	ANDA	003	CHARTWELL	CIPROFLOXACIN HYDROCHLORIDE	CIPROFLOXACIN HYDROCHLORIDE	4BA73M5E37	ARPUHYJMCVWYCZ-UHFFFAOYSA-N	57	2004-11-04	AP	Prescription	true	2026-08-28	2026-08-31	2026-08-31	2026-08-31
076912	ANDA	002	TARO	CIPROFLOXACIN HYDROCHLORIDE	CIPROFLOXACIN HYDROCHLORIDE	4BA73M5E37	ARPUHYJMCVWYCZ-UHFFFAOYSA-N	57	2004-10-06	AP	Discontinued	false	2026-08-28	2026-08-31	2026-08-31	2026-08-31
076912	ANDA	003	TARO	CIPROFLOXACIN HYDROCHLORIDE	CIPROFLOXACIN HYDROCHLORIDE	4BA73M5E37	ARPUHYJMCVWYCZ-UHFFFAOYSA-N	57	2004-10-06	AP	Discontinued	false	2026-08-28	2026-08-31	2026-08-31	2026-08-31
076912	ANDA	004	TARO	CIPROFLOXACIN HYDROCHLORIDE	CIPROFLOXACIN HYDROCHLORIDE	4BA73M5E37	ARPUHYJMCVWYCZ-UHFFFAOYSA-N	57	2004-10-06	AP	Discontinued	false	2026-08-28	2026-08-31	2026-08-31	2026-08-31
077568	ANDA	001	FDC LTD	CIPROFLOXACIN HYDROCHLORIDE	CIPROFLOXACIN HYDROCHLORIDE	4BA73M5E37	ARPUHYJMCVWYCZ-UHFFFAOYSA-N	57	2008-06-30	AP	Prescription	true	2026-08-28	2026-08-31	2026-08-31	2026-08-31
077689	ANDA	001	RISING	CIPROFLOXACIN HYDROCHLORIDE	CIPROFLOXACIN HYDROCHLORIDE	4BA73M5E37	ARPUHYJMCVWYCZ-UHFFFAOYSA-N	57	2006-12-13	AP	Prescription	true	2026-08-28	2026-08-31	2026-08-31	2026-08-31
077859	ANDA	001	AUROBINDO PHARMA	CIPROFLOXACIN HYDROCHLORIDE	CIPROFLOXACIN HYDROCHLORIDE	4BA73M5E37	ARPUHYJMCVWYCZ-UHFFFAOYSA-N	57	2007-04-26	AP	Prescription	true	2026-08-28	2026-08-31	2026-08-31	2026-08-31
077859	ANDA	002	AUROBINDO PHARMA	CIPROFLOXACIN HYDROCHLORIDE	CIPROFLOXACIN HYDROCHLORIDE	4BA73M5E37	ARPUHYJMCVWYCZ-UHFFFAOYSA-N	57	2007-04-26	AP	Prescription	true	2026-08-28	2026-08-31	2026-08-31	2026-08-31
077859	ANDA	003	AUROBINDO PHARMA	CIPROFLOXACIN HYDROCHLORIDE	CIPROFLOXACIN HYDROCHLORIDE	4BA73M5E37	ARPUHYJMCVWYCZ-UHFFFAOYSA-N	57	2007-04-26	AP	Prescription	true	2026-08-28	2026-08-31	2026-08-31	2026-08-31
078598	ANDA	001	J MOLNER	CIPROFLOXACIN HYDROCHLORIDE	CIPROFLOXACIN HYDROCHLORIDE	4BA73M5E37	ARPUHYJMCVWYCZ-UHFFFAOYSA-N	57	2008-01-16	AP	Discontinued	false	2026-08-28	2026-08-31	2026-08-31	2026-08-31
204613	ANDA	001	ALTAIRE PHARMS INC	CIPROFLOXACIN HYDROCHLORIDE	CIPROFLOXACIN HYDROCHLORIDE	4BA73M5E37	ARPUHYJMCVWYCZ-UHFFFAOYSA-N	57	2018-05-03	AP	Prescription	true	2026-08-28	2026-08-31	2026-08-31	2026-08-31
208921	ANDA	001	YILING	CIPROFLOXACIN HYDROCHLORIDE	CIPROFLOXACIN HYDROCHLORIDE	4BA73M5E37	ARPUHYJMCVWYCZ-UHFFFAOYSA-N	57	2018-06-22	AP	Prescription	true	2026-08-28	2026-08-31	2026-08-31	2026-08-31
208921	ANDA	002	YILING	CIPROFLOXACIN HYDROCHLORIDE	CIPROFLOXACIN HYDROCHLORIDE	4BA73M5E37	ARPUHYJMCVWYCZ-UHFFFAOYSA-N	57	2018-06-22	AP	Prescription	true	2026-08-28	2026-08-31	2026-08-31	2026-08-31
217887	ANDA	001	ALEMBIC THERAP	CIPROFLOXACIN HYDROCHLORIDE	CIPROFLOXACIN HYDROCHLORIDE	4BA73M5E37	ARPUHYJMCVWYCZ-UHFFFAOYSA-N	57	2024-11-05	AP	Prescription	true	2026-08-28	2026-08-31	2026-08-31	2026-08-31
050689	NDA	001	PFIZER	MYCOBUTIN	RIFABUTIN	1W306TDA6S	ATEBXHFBFRCZMA-VXTBVIBXSA-N	77	1992-12-23	AP	Prescription	true	2026-08-28	2026-08-31	2026-08-31	2026-08-31
090033	ANDA	001	LUPIN	RIFABUTIN	RIFABUTIN	1W306TDA6S	ATEBXHFBFRCZMA-VXTBVIBXSA-N	77	2014-02-24	AP	Discontinued	false	2026-08-28	2026-08-31	2026-08-31	2026-08-31
212430	ANDA	001	I3 PHARMS	RIFABUTIN	RIFABUTIN	1W306TDA6S	ATEBXHFBFRCZMA-VXTBVIBXSA-N	77	2026-03-19	AP	Prescription	true	2026-08-28	2026-08-31	2026-08-31	2026-08-31
215041	ANDA	001	NOVITIUM PHARMA	RIFABUTIN	RIFABUTIN	1W306TDA6S	ATEBXHFBFRCZMA-VXTBVIBXSA-N	77	2021-12-17	AP	Prescription	true	2026-08-28	2026-08-31	2026-08-31	2026-08-31
219519	ANDA	001	ZYDUS LIFESCIENCES	RIFABUTIN	RIFABUTIN	1W306TDA6S	ATEBXHFBFRCZMA-VXTBVIBXSA-N	77	2026-08-21	AP	Prescription	true	2026-08-28	2026-08-31	2026-08-31	2026-08-31
016320	NDA	001	KANCHAN HLTHCARE	MYAMBUTOL	ETHAMBUTOL HYDROCHLORIDE	QE4VW5FO07	AUAHHJJRFHRVPV-BZDVOYDHSA-N	32	1967-11-06	AP	Prescription	true	2026-08-28	2026-08-31	2026-08-31	2026-08-31
016320	NDA	002	KANCHAN HLTHCARE	MYAMBUTOL	ETHAMBUTOL HYDROCHLORIDE	QE4VW5FO07	AUAHHJJRFHRVPV-BZDVOYDHSA-N	32	1967-11-06	AP	Discontinued	false	2026-08-28	2026-08-31	2026-08-31	2026-08-31
016320	NDA	003	KANCHAN HLTHCARE	MYAMBUTOL	ETHAMBUTOL HYDROCHLORIDE	QE4VW5FO07	AUAHHJJRFHRVPV-BZDVOYDHSA-N	32	1967-11-06	AP	Prescription	true	2026-08-28	2026-08-31	2026-08-31	2026-08-31
016320	NDA	004	KANCHAN HLTHCARE	MYAMBUTOL	ETHAMBUTOL HYDROCHLORIDE	QE4VW5FO07	AUAHHJJRFHRVPV-BZDVOYDHSA-N	32	1967-11-06	AP	Discontinued	false	2026-08-28	2026-08-31	2026-08-31	2026-08-31
075095	ANDA	001	EPIC PHARMA LLC	ETHAMBUTOL HYDROCHLORIDE	ETHAMBUTOL HYDROCHLORIDE	QE4VW5FO07	AUAHHJJRFHRVPV-BZDVOYDHSA-N	32	1999-11-30	AP	Prescription	true	2026-08-28	2026-08-31	2026-08-31	2026-08-31
075095	ANDA	002	EPIC PHARMA LLC	ETHAMBUTOL HYDROCHLORIDE	ETHAMBUTOL HYDROCHLORIDE	QE4VW5FO07	AUAHHJJRFHRVPV-BZDVOYDHSA-N	32	1999-11-30	AP	Prescription	true	2026-08-28	2026-08-31	2026-08-31	2026-08-31
076057	ANDA	001	BARR	ETHAMBUTOL HYDROCHLORIDE	ETHAMBUTOL HYDROCHLORIDE	QE4VW5FO07	AUAHHJJRFHRVPV-BZDVOYDHSA-N	32	2001-11-26	AP	Discontinued	false	2026-08-28	2026-08-31	2026-08-31	2026-08-31
078939	ANDA	001	LUPIN	ETHAMBUTOL HYDROCHLORIDE	ETHAMBUTOL HYDROCHLORIDE	QE4VW5FO07	AUAHHJJRFHRVPV-BZDVOYDHSA-N	32	2009-06-17	AP	Prescription	true	2026-08-28	2026-08-31	2026-08-31	2026-08-31
078939	ANDA	002	LUPIN	ETHAMBUTOL HYDROCHLORIDE	ETHAMBUTOL HYDROCHLORIDE	QE4VW5FO07	AUAHHJJRFHRVPV-BZDVOYDHSA-N	32	2009-06-17	AP	Prescription	true	2026-08-28	2026-08-31	2026-08-31	2026-08-31
007883	NDA	002	TEVA WOMENS	ANTABUSE	DISULFIRAM	TR3MLJ1UAI	AUZONCFQVSMFAP-UHFFFAOYSA-N	43	1951-08-28	AP	Discontinued	false	2026-08-28	2026-08-31	2026-08-31	2026-08-31
007883	NDA	003	TEVA WOMENS	ANTABUSE	DISULFIRAM	TR3MLJ1UAI	AUZONCFQVSMFAP-UHFFFAOYSA-N	43	1951-08-28	AP	Discontinued	false	2026-08-28	2026-08-31	2026-08-31	2026-08-31
086889	ANDA	001	WATSON LABS	DISULFIRAM	DISULFIRAM	TR3MLJ1UAI	AUZONCFQVSMFAP-UHFFFAOYSA-N	43	1981-03-31	AP	Discontinued	false	2026-08-28	2026-08-31	2026-08-31	2026-08-31
086890	ANDA	001	WATSON LABS TEVA	DISULFIRAM	DISULFIRAM	TR3MLJ1UAI	AUZONCFQVSMFAP-UHFFFAOYSA-N	43	1981-03-31	AP	Discontinued	false	2026-08-28	2026-08-31	2026-08-31	2026-08-31
087973	ANDA	001	WATSON LABS	DISULFIRAM	DISULFIRAM	TR3MLJ1UAI	AUZONCFQVSMFAP-UHFFFAOYSA-N	43	1983-08-05	AP	Discontinued	false	2026-08-28	2026-08-31	2026-08-31	2026-08-31
087974	ANDA	001	WATSON LABS	DISULFIRAM	DISULFIRAM	TR3MLJ1UAI	AUZONCFQVSMFAP-UHFFFAOYSA-N	43	1983-08-05	AP	Discontinued	false	2026-08-28	2026-08-31	2026-08-31	2026-08-31
088482	ANDA	001	ODYSSEY PHARMS	ANTABUSE	DISULFIRAM	TR3MLJ1UAI	AUZONCFQVSMFAP-UHFFFAOYSA-N	43	1983-12-08	AP	Discontinued	false	2026-08-28	2026-08-31	2026-08-31	2026-08-31
088483	ANDA	001	ODYSSEY PHARMS	ANTABUSE	DISULFIRAM	TR3MLJ1UAI	AUZONCFQVSMFAP-UHFFFAOYSA-N	43	1983-12-08	AP	Discontinued	false	2026-08-28	2026-08-31	2026-08-31	2026-08-31
088792	ANDA	001	STRIDES PHARMA INTL	DISULFIRAM	DISULFIRAM	TR3MLJ1UAI	AUZONCFQVSMFAP-UHFFFAOYSA-N	43	1984-08-14	AP	Discontinued	false	2026-08-28	2026-08-31	2026-08-31	2026-08-31
088793	ANDA	001	STRIDES PHARMA INTL	DISULFIRAM	DISULFIRAM	TR3MLJ1UAI	AUZONCFQVSMFAP-UHFFFAOYSA-N	43	1984-08-14	AP	Discontinued	false	2026-08-28	2026-08-31	2026-08-31	2026-08-31
091563	ANDA	001	CHARTWELL MOLECULES	DISULFIRAM	DISULFIRAM	TR3MLJ1UAI	AUZONCFQVSMFAP-UHFFFAOYSA-N	43	2012-12-31	AP	Prescription	true	2026-08-28	2026-08-31	2026-08-31	2026-08-31
091563	ANDA	002	CHARTWELL MOLECULES	DISULFIRAM	DISULFIRAM	TR3MLJ1UAI	AUZONCFQVSMFAP-UHFFFAOYSA-N	43	2012-12-31	AP	Prescription	true	2026-08-28	2026-08-31	2026-08-31	2026-08-31
091619	ANDA	001	SIGMAPHARM LABS LLC	DISULFIRAM	DISULFIRAM	TR3MLJ1UAI	AUZONCFQVSMFAP-UHFFFAOYSA-N	43	2011-03-28	AP	Prescription	true	2026-08-28	2026-08-31	2026-08-31	2026-08-31
091619	ANDA	002	SIGMAPHARM LABS LLC	DISULFIRAM	DISULFIRAM	TR3MLJ1UAI	AUZONCFQVSMFAP-UHFFFAOYSA-N	43	2011-03-28	AP	Prescription	true	2026-08-28	2026-08-31	2026-08-31	2026-08-31
091681	ANDA	001	ALVOGEN	DISULFIRAM	DISULFIRAM	TR3MLJ1UAI	AUZONCFQVSMFAP-UHFFFAOYSA-N	43	2013-08-08	AP	Prescription	true	2026-08-28	2026-08-31	2026-08-31	2026-08-31
202652	ANDA	001	HIKMA	DISULFIRAM	DISULFIRAM	TR3MLJ1UAI	AUZONCFQVSMFAP-UHFFFAOYSA-N	43	2014-02-05	AP	Discontinued	false	2026-08-28	2026-08-31	2026-08-31	2026-08-31
202652	ANDA	002	HIKMA	DISULFIRAM	DISULFIRAM	TR3MLJ1UAI	AUZONCFQVSMFAP-UHFFFAOYSA-N	43	2014-02-05	AP	Discontinued	false	2026-08-28	2026-08-31	2026-08-31	2026-08-31
203916	ANDA	001	NATCO PHARMA USA	DISULFIRAM	DISULFIRAM	TR3MLJ1UAI	AUZONCFQVSMFAP-UHFFFAOYSA-N	43	2015-03-04	AP	Discontinued	false	2026-08-28	2026-08-31	2026-08-31	2026-08-31
203916	ANDA	002	NATCO PHARMA USA	DISULFIRAM	DISULFIRAM	TR3MLJ1UAI	AUZONCFQVSMFAP-UHFFFAOYSA-N	43	2015-03-04	AP	Discontinued	false	2026-08-28	2026-08-31	2026-08-31	2026-08-31
022106	NDA	001	SHIONOGI	DORIBAX	DORIPENEM	BHV525JOBH	AVAACINZEOAHHE-VFZPANTDSA-N	32	2007-10-12	AP	Discontinued	false	2026-08-28	2026-08-31	2026-08-31	2026-08-31
022106	NDA	002	SHIONOGI	DORIBAX	DORIPENEM	BHV525JOBH	AVAACINZEOAHHE-VFZPANTDSA-N	32	2007-10-12	AP	Discontinued	false	2026-08-28	2026-08-31	2026-08-31	2026-08-31
050405	NDA	002	PRAGMA	KEFLEX	CEPHALEXIN	OBN7UDS42Y	AVGYWQBCYZHHPN-CYJZLJNKSA-N	50	1971-01-04	AP	Discontinued	false	2026-08-28	2026-08-31	2026-08-31	2026-08-31
050405	NDA	003	PRAGMA	KEFLEX	CEPHALEXIN	OBN7UDS42Y	AVGYWQBCYZHHPN-CYJZLJNKSA-N	50	1971-01-04	AP	Discontinued	false	2026-08-28	2026-08-31	2026-08-31	2026-08-31
050405	NDA	004	PRAGMA	KEFLEX	CEPHALEXIN	OBN7UDS42Y	AVGYWQBCYZHHPN-CYJZLJNKSA-N	50	1971-01-04	AP	Discontinued	false	2026-08-28	2026-08-31	2026-08-31	2026-08-31
050405	NDA	005	PRAGMA	KEFLEX	CEPHALEXIN	OBN7UDS42Y	AVGYWQBCYZHHPN-CYJZLJNKSA-N	50	1971-01-04	AP	Discontinued	false	2026-08-28	2026-08-31	2026-08-31	2026-08-31
050406	NDA	001	PRAGMA	KEFLEX	CEPHALEXIN	OBN7UDS42Y	AVGYWQBCYZHHPN-CYJZLJNKSA-N	50	1971-01-04	AP	Discontinued	false	2026-08-28	2026-08-31	2026-08-31	2026-08-31
050406	NDA	002	PRAGMA	KEFLEX	CEPHALEXIN	OBN7UDS42Y	AVGYWQBCYZHHPN-CYJZLJNKSA-N	50	1971-01-04	AP	Discontinued	false	2026-08-28	2026-08-31	2026-08-31	2026-08-31
050406	NDA	003	PRAGMA	KEFLEX	CEPHALEXIN	OBN7UDS42Y	AVGYWQBCYZHHPN-CYJZLJNKSA-N	50	1971-01-04	AP	Discontinued	false	2026-08-28	2026-08-31	2026-08-31	2026-08-31
050440	NDA	001	LILLY	KEFLET	CEPHALEXIN	OBN7UDS42Y	AVGYWQBCYZHHPN-CYJZLJNKSA-N	50	1972-10-12	AP	Discontinued	false	2026-08-28	2026-08-31	2026-08-31	2026-08-31
050440	NDA	002	LILLY	KEFLET	CEPHALEXIN	OBN7UDS42Y	AVGYWQBCYZHHPN-CYJZLJNKSA-N	50	1972-10-12	AP	Discontinued	false	2026-08-28	2026-08-31	2026-08-31	2026-08-31
050440	NDA	003	LILLY	KEFLET	CEPHALEXIN	OBN7UDS42Y	AVGYWQBCYZHHPN-CYJZLJNKSA-N	50	1972-10-12	AP	Discontinued	false	2026-08-28	2026-08-31	2026-08-31	2026-08-31
061969	ANDA	001	IVAX SUB TEVA PHARMS	CEPHALEXIN	CEPHALEXIN	OBN7UDS42Y	AVGYWQBCYZHHPN-CYJZLJNKSA-N	50	1976-04-26	AP	Discontinued	false	2026-08-28	2026-08-31	2026-08-31	2026-08-31
061969	ANDA	002	IVAX SUB TEVA PHARMS	CEPHALEXIN	CEPHALEXIN	OBN7UDS42Y	AVGYWQBCYZHHPN-CYJZLJNKSA-N	50	1976-04-26	AP	Discontinued	false	2026-08-28	2026-08-31	2026-08-31	2026-08-31
062117	ANDA	001	FACTA FARMA	CEPHALEXIN	CEPHALEXIN	OBN7UDS42Y	AVGYWQBCYZHHPN-CYJZLJNKSA-N	50	1978-03-27	AP	Discontinued	false	2026-08-28	2026-08-31	2026-08-31	2026-08-31
062117	ANDA	002	FACTA FARMA	CEPHALEXIN	CEPHALEXIN	OBN7UDS42Y	AVGYWQBCYZHHPN-CYJZLJNKSA-N	50	1978-03-27	AP	Discontinued	false	2026-08-28	2026-08-31	2026-08-31	2026-08-31
062117	ANDA	003	FACTA FARMA	CEPHALEXIN	CEPHALEXIN	OBN7UDS42Y	AVGYWQBCYZHHPN-CYJZLJNKSA-N	50	1978-03-27	AP	Discontinued	false	2026-08-28	2026-08-31	2026-08-31	2026-08-31
062118	ANDA	001	FACTA FARMA	CEPHALEXIN	CEPHALEXIN	OBN7UDS42Y	AVGYWQBCYZHHPN-CYJZLJNKSA-N	50	1978-03-27	AP	Discontinued	false	2026-08-28	2026-08-31	2026-08-31	2026-08-31
062118	ANDA	002	FACTA FARMA	CEPHALEXIN	CEPHALEXIN	OBN7UDS42Y	AVGYWQBCYZHHPN-CYJZLJNKSA-N	50	1978-03-27	AP	Discontinued	false	2026-08-28	2026-08-31	2026-08-31	2026-08-31
062702	ANDA	001	TEVA	CEPHALEXIN	CEPHALEXIN	OBN7UDS42Y	AVGYWQBCYZHHPN-CYJZLJNKSA-N	50	1987-02-13	AP	Prescription	true	2026-08-28	2026-08-31	2026-08-31	2026-08-31
062702	ANDA	002	TEVA	CEPHALEXIN	CEPHALEXIN	OBN7UDS42Y	AVGYWQBCYZHHPN-CYJZLJNKSA-N	50	1987-02-13	AP	Prescription	true	2026-08-28	2026-08-31	2026-08-31	2026-08-31
062703	ANDA	001	TEVA	CEPHALEXIN	CEPHALEXIN	OBN7UDS42Y	AVGYWQBCYZHHPN-CYJZLJNKSA-N	50	1987-02-13	AP	Prescription	true	2026-08-28	2026-08-31	2026-08-31	2026-08-31
062703	ANDA	002	TEVA	CEPHALEXIN	CEPHALEXIN	OBN7UDS42Y	AVGYWQBCYZHHPN-CYJZLJNKSA-N	50	1987-02-13	AP	Prescription	true	2026-08-28	2026-08-31	2026-08-31	2026-08-31
062713	ANDA	001	AJENAT PHARMS	CEPHALEXIN	CEPHALEXIN	OBN7UDS42Y	AVGYWQBCYZHHPN-CYJZLJNKSA-N	50	1988-07-15	AP	Prescription	true	2026-08-28	2026-08-31	2026-08-31	2026-08-31
062713	ANDA	002	AJENAT PHARMS	CEPHALEXIN	CEPHALEXIN	OBN7UDS42Y	AVGYWQBCYZHHPN-CYJZLJNKSA-N	50	1988-07-15	AP	Prescription	true	2026-08-28	2026-08-31	2026-08-31	2026-08-31
062745	ANDA	001	LILLY	KEFLET	CEPHALEXIN	OBN7UDS42Y	AVGYWQBCYZHHPN-CYJZLJNKSA-N	50	1986-12-01	AP	Discontinued	false	2026-08-28	2026-08-31	2026-08-31	2026-08-31
062745	ANDA	002	LILLY	KEFLET	CEPHALEXIN	OBN7UDS42Y	AVGYWQBCYZHHPN-CYJZLJNKSA-N	50	1986-12-01	AP	Discontinued	false	2026-08-28	2026-08-31	2026-08-31	2026-08-31
062760	ANDA	001	TEVA	CEPHALEXIN	CEPHALEXIN	OBN7UDS42Y	AVGYWQBCYZHHPN-CYJZLJNKSA-N	50	1987-04-24	AP	Discontinued	false	2026-08-28	2026-08-31	2026-08-31	2026-08-31
062761	ANDA	001	TEVA	CEPHALEXIN	CEPHALEXIN	OBN7UDS42Y	AVGYWQBCYZHHPN-CYJZLJNKSA-N	50	1987-04-24	AP	Discontinued	false	2026-08-28	2026-08-31	2026-08-31	2026-08-31
062767	ANDA	001	TEVA	CEPHALEXIN	CEPHALEXIN	OBN7UDS42Y	AVGYWQBCYZHHPN-CYJZLJNKSA-N	50	1987-06-16	AP	Discontinued	false	2026-08-28	2026-08-31	2026-08-31	2026-08-31
062768	ANDA	001	TEVA	CEPHALEXIN	CEPHALEXIN	OBN7UDS42Y	AVGYWQBCYZHHPN-CYJZLJNKSA-N	50	1987-06-16	AP	Discontinued	false	2026-08-28	2026-08-31	2026-08-31	2026-08-31
062773	ANDA	001	BARR	CEPHALEXIN	CEPHALEXIN	OBN7UDS42Y	AVGYWQBCYZHHPN-CYJZLJNKSA-N	50	1987-06-26	AP	Discontinued	false	2026-08-28	2026-08-31	2026-08-31	2026-08-31
062775	ANDA	001	BARR	CEPHALEXIN	CEPHALEXIN	OBN7UDS42Y	AVGYWQBCYZHHPN-CYJZLJNKSA-N	50	1987-04-22	AP	Discontinued	false	2026-08-28	2026-08-31	2026-08-31	2026-08-31
062777	ANDA	001	BARR	CEPHALEXIN	CEPHALEXIN	OBN7UDS42Y	AVGYWQBCYZHHPN-CYJZLJNKSA-N	50	1987-08-06	AP	Discontinued	false	2026-08-28	2026-08-31	2026-08-31	2026-08-31
062778	ANDA	001	BARR	CEPHALEXIN	CEPHALEXIN	OBN7UDS42Y	AVGYWQBCYZHHPN-CYJZLJNKSA-N	50	1987-08-06	AP	Discontinued	false	2026-08-28	2026-08-31	2026-08-31	2026-08-31
062791	ANDA	001	SUN PHARM INDS (IN)	CEPHALEXIN	CEPHALEXIN	OBN7UDS42Y	AVGYWQBCYZHHPN-CYJZLJNKSA-N	50	1987-06-11	AP	Discontinued	false	2026-08-28	2026-08-31	2026-08-31	2026-08-31
062791	ANDA	002	SUN PHARM INDS (IN)	CEPHALEXIN	CEPHALEXIN	OBN7UDS42Y	AVGYWQBCYZHHPN-CYJZLJNKSA-N	50	1987-06-11	AP	Discontinued	false	2026-08-28	2026-08-31	2026-08-31	2026-08-31
062826	ANDA	001	BARR	CEPHALEXIN	CEPHALEXIN	OBN7UDS42Y	AVGYWQBCYZHHPN-CYJZLJNKSA-N	50	1987-08-17	AP	Discontinued	false	2026-08-28	2026-08-31	2026-08-31	2026-08-31
062827	ANDA	001	BARR	CEPHALEXIN	CEPHALEXIN	OBN7UDS42Y	AVGYWQBCYZHHPN-CYJZLJNKSA-N	50	1987-08-17	AP	Discontinued	false	2026-08-28	2026-08-31	2026-08-31	2026-08-31
062869	ANDA	001	STEVENS J	CEPHALEXIN	CEPHALEXIN	OBN7UDS42Y	AVGYWQBCYZHHPN-CYJZLJNKSA-N	50	1988-03-17	AP	Discontinued	false	2026-08-28	2026-08-31	2026-08-31	2026-08-31
062870	ANDA	001	STEVENS J	CEPHALEXIN	CEPHALEXIN	OBN7UDS42Y	AVGYWQBCYZHHPN-CYJZLJNKSA-N	50	1988-03-17	AP	Discontinued	false	2026-08-28	2026-08-31	2026-08-31	2026-08-31
062871	ANDA	001	YOSHITOMI	CEPHALEXIN	CEPHALEXIN	OBN7UDS42Y	AVGYWQBCYZHHPN-CYJZLJNKSA-N	50	1988-07-05	AP	Discontinued	false	2026-08-28	2026-08-31	2026-08-31	2026-08-31
062872	ANDA	001	YOSHITOMI	CEPHALEXIN	CEPHALEXIN	OBN7UDS42Y	AVGYWQBCYZHHPN-CYJZLJNKSA-N	50	1988-06-20	AP	Discontinued	false	2026-08-28	2026-08-31	2026-08-31	2026-08-31
062986	ANDA	001	APOTHECON	CEPHALEXIN	CEPHALEXIN	OBN7UDS42Y	AVGYWQBCYZHHPN-CYJZLJNKSA-N	50	1991-04-18	AP	Discontinued	false	2026-08-28	2026-08-31	2026-08-31	2026-08-31
062987	ANDA	001	APOTHECON	CEPHALEXIN	CEPHALEXIN	OBN7UDS42Y	AVGYWQBCYZHHPN-CYJZLJNKSA-N	50	1989-07-25	AP	Discontinued	false	2026-08-28	2026-08-31	2026-08-31	2026-08-31
063024	ANDA	001	TEVA	CEPHALEXIN	CEPHALEXIN	OBN7UDS42Y	AVGYWQBCYZHHPN-CYJZLJNKSA-N	50	1989-01-12	AP	Prescription	true	2026-08-28	2026-08-31	2026-08-31	2026-08-31
063024	ANDA	002	TEVA	CEPHALEXIN	CEPHALEXIN	OBN7UDS42Y	AVGYWQBCYZHHPN-CYJZLJNKSA-N	50	1989-01-12	AP	Prescription	true	2026-08-28	2026-08-31	2026-08-31	2026-08-31
063063	ANDA	001	APOTHECON	CEPHALEXIN	CEPHALEXIN	OBN7UDS42Y	AVGYWQBCYZHHPN-CYJZLJNKSA-N	50	1989-09-29	AP	Discontinued	false	2026-08-28	2026-08-31	2026-08-31	2026-08-31
063063	ANDA	002	APOTHECON	CEPHALEXIN	CEPHALEXIN	OBN7UDS42Y	AVGYWQBCYZHHPN-CYJZLJNKSA-N	50	1989-09-29	AP	Discontinued	false	2026-08-28	2026-08-31	2026-08-31	2026-08-31
063186	ANDA	001	APOTHECON	CEPHALEXIN	CEPHALEXIN	OBN7UDS42Y	AVGYWQBCYZHHPN-CYJZLJNKSA-N	50	1994-12-30	AP	Discontinued	false	2026-08-28	2026-08-31	2026-08-31	2026-08-31
063186	ANDA	002	APOTHECON	CEPHALEXIN	CEPHALEXIN	OBN7UDS42Y	AVGYWQBCYZHHPN-CYJZLJNKSA-N	50	1994-12-30	AP	Discontinued	false	2026-08-28	2026-08-31	2026-08-31	2026-08-31
065007	ANDA	001	SUN PHARM INDS LTD	CEPHALEXIN	CEPHALEXIN	OBN7UDS42Y	AVGYWQBCYZHHPN-CYJZLJNKSA-N	50	1999-09-16	AP	Discontinued	false	2026-08-28	2026-08-31	2026-08-31	2026-08-31
065007	ANDA	002	SUN PHARM INDS LTD	CEPHALEXIN	CEPHALEXIN	OBN7UDS42Y	AVGYWQBCYZHHPN-CYJZLJNKSA-N	50	1999-09-16	AP	Discontinued	false	2026-08-28	2026-08-31	2026-08-31	2026-08-31
065081	ANDA	001	SUN PHARM INDS LTD	CEPHALEXIN	CEPHALEXIN	OBN7UDS42Y	AVGYWQBCYZHHPN-CYJZLJNKSA-N	50	2001-07-27	AP	Discontinued	false	2026-08-28	2026-08-31	2026-08-31	2026-08-31
065081	ANDA	002	SUN PHARM INDS LTD	CEPHALEXIN	CEPHALEXIN	OBN7UDS42Y	AVGYWQBCYZHHPN-CYJZLJNKSA-N	50	2001-07-27	AP	Discontinued	false	2026-08-28	2026-08-31	2026-08-31	2026-08-31
065100	ANDA	001	RANBAXY LABS LTD	PANIXINE DISPERDOSE	CEPHALEXIN	OBN7UDS42Y	AVGYWQBCYZHHPN-CYJZLJNKSA-N	50	2003-09-11	AP	Discontinued	false	2026-08-28	2026-08-31	2026-08-31	2026-08-31
065100	ANDA	002	RANBAXY LABS LTD	PANIXINE DISPERDOSE	CEPHALEXIN	OBN7UDS42Y	AVGYWQBCYZHHPN-CYJZLJNKSA-N	50	2003-09-11	AP	Discontinued	false	2026-08-28	2026-08-31	2026-08-31	2026-08-31
065152	ANDA	001	CHARTWELL RX	CEPHALEXIN	CEPHALEXIN	OBN7UDS42Y	AVGYWQBCYZHHPN-CYJZLJNKSA-N	50	2005-02-24	AP	Prescription	true	2026-08-28	2026-08-31	2026-08-31	2026-08-31
065152	ANDA	002	CHARTWELL RX	CEPHALEXIN	CEPHALEXIN	OBN7UDS42Y	AVGYWQBCYZHHPN-CYJZLJNKSA-N	50	2005-02-24	AP	Prescription	true	2026-08-28	2026-08-31	2026-08-31	2026-08-31
065215	ANDA	001	HIKMA	CEPHALEXIN	CEPHALEXIN	OBN7UDS42Y	AVGYWQBCYZHHPN-CYJZLJNKSA-N	50	2006-01-24	AP	Discontinued	false	2026-08-28	2026-08-31	2026-08-31	2026-08-31
065215	ANDA	002	HIKMA	CEPHALEXIN	CEPHALEXIN	OBN7UDS42Y	AVGYWQBCYZHHPN-CYJZLJNKSA-N	50	2006-01-24	AP	Discontinued	false	2026-08-28	2026-08-31	2026-08-31	2026-08-31
065229	ANDA	001	LUPIN	CEPHALEXIN	CEPHALEXIN	OBN7UDS42Y	AVGYWQBCYZHHPN-CYJZLJNKSA-N	50	2005-11-25	AP	Prescription	true	2026-08-28	2026-08-31	2026-08-31	2026-08-31
065229	ANDA	002	LUPIN	CEPHALEXIN	CEPHALEXIN	OBN7UDS42Y	AVGYWQBCYZHHPN-CYJZLJNKSA-N	50	2005-11-25	AP	Prescription	true	2026-08-28	2026-08-31	2026-08-31	2026-08-31
065234	ANDA	001	LUPIN	CEPHALEXIN	CEPHALEXIN	OBN7UDS42Y	AVGYWQBCYZHHPN-CYJZLJNKSA-N	50	2005-08-17	AP	Prescription	true	2026-08-28	2026-08-31	2026-08-31	2026-08-31
065234	ANDA	002	LUPIN	CEPHALEXIN	CEPHALEXIN	OBN7UDS42Y	AVGYWQBCYZHHPN-CYJZLJNKSA-N	50	2005-08-17	AP	Prescription	true	2026-08-28	2026-08-31	2026-08-31	2026-08-31
065248	ANDA	001	ANDA REPOSITORY	CEPHALEXIN	CEPHALEXIN	OBN7UDS42Y	AVGYWQBCYZHHPN-CYJZLJNKSA-N	50	2005-06-28	AP	Prescription	true	2026-08-28	2026-08-31	2026-08-31	2026-08-31
065248	ANDA	002	ANDA REPOSITORY	CEPHALEXIN	CEPHALEXIN	OBN7UDS42Y	AVGYWQBCYZHHPN-CYJZLJNKSA-N	50	2005-06-28	AP	Prescription	true	2026-08-28	2026-08-31	2026-08-31	2026-08-31
065253	ANDA	001	AUROBINDO PHARMA	CEPHALEXIN	CEPHALEXIN	OBN7UDS42Y	AVGYWQBCYZHHPN-CYJZLJNKSA-N	50	2005-11-16	AP	Prescription	true	2026-08-28	2026-08-31	2026-08-31	2026-08-31
065253	ANDA	002	AUROBINDO PHARMA	CEPHALEXIN	CEPHALEXIN	OBN7UDS42Y	AVGYWQBCYZHHPN-CYJZLJNKSA-N	50	2005-11-16	AP	Prescription	true	2026-08-28	2026-08-31	2026-08-31	2026-08-31
065253	ANDA	003	AUROBINDO PHARMA	CEPHALEXIN	CEPHALEXIN	OBN7UDS42Y	AVGYWQBCYZHHPN-CYJZLJNKSA-N	50	2005-11-16	AP	Prescription	true	2026-08-28	2026-08-31	2026-08-31	2026-08-31
065326	ANDA	001	CHARTWELL RX	CEPHALEXIN	CEPHALEXIN	OBN7UDS42Y	AVGYWQBCYZHHPN-CYJZLJNKSA-N	50	2006-07-10	AP	Discontinued	false	2026-08-28	2026-08-31	2026-08-31	2026-08-31
065326	ANDA	002	CHARTWELL RX	CEPHALEXIN	CEPHALEXIN	OBN7UDS42Y	AVGYWQBCYZHHPN-CYJZLJNKSA-N	50	2006-07-10	AP	Discontinued	false	2026-08-28	2026-08-31	2026-08-31	2026-08-31
065336	ANDA	001	YUNG SHIN PHARM	CEPHALEXIN	CEPHALEXIN	OBN7UDS42Y	AVGYWQBCYZHHPN-CYJZLJNKSA-N	50	2007-07-25	AP	Prescription	true	2026-08-28	2026-08-31	2026-08-31	2026-08-31
065336	ANDA	002	YUNG SHIN PHARM	CEPHALEXIN	CEPHALEXIN	OBN7UDS42Y	AVGYWQBCYZHHPN-CYJZLJNKSA-N	50	2007-07-25	AP	Prescription	true	2026-08-28	2026-08-31	2026-08-31	2026-08-31
065444	ANDA	001	HIKMA PHARMS	CEPHALEXIN	CEPHALEXIN	OBN7UDS42Y	AVGYWQBCYZHHPN-CYJZLJNKSA-N	50	2009-08-28	AP	Discontinued	false	2026-08-28	2026-08-31	2026-08-31	2026-08-31
065444	ANDA	002	HIKMA PHARMS	CEPHALEXIN	CEPHALEXIN	OBN7UDS42Y	AVGYWQBCYZHHPN-CYJZLJNKSA-N	50	2009-08-28	AP	Discontinued	false	2026-08-28	2026-08-31	2026-08-31	2026-08-31
090836	ANDA	001	ALKEM LABS LTD	CEPHALEXIN	CEPHALEXIN	OBN7UDS42Y	AVGYWQBCYZHHPN-CYJZLJNKSA-N	50	2010-12-20	AP	Prescription	true	2026-08-28	2026-08-31	2026-08-31	2026-08-31
090836	ANDA	002	ALKEM LABS LTD	CEPHALEXIN	CEPHALEXIN	OBN7UDS42Y	AVGYWQBCYZHHPN-CYJZLJNKSA-N	50	2010-12-20	AP	Prescription	true	2026-08-28	2026-08-31	2026-08-31	2026-08-31
090836	ANDA	003	ALKEM LABS LTD	CEPHALEXIN	CEPHALEXIN	OBN7UDS42Y	AVGYWQBCYZHHPN-CYJZLJNKSA-N	50	2010-12-20	AP	Prescription	true	2026-08-28	2026-08-31	2026-08-31	2026-08-31
090836	ANDA	004	ALKEM LABS LTD	CEPHALEXIN	CEPHALEXIN	OBN7UDS42Y	AVGYWQBCYZHHPN-CYJZLJNKSA-N	50	2010-12-20	AP	Prescription	true	2026-08-28	2026-08-31	2026-08-31	2026-08-31
210221	ANDA	001	ALKEM LABS LTD	CEPHALEXIN	CEPHALEXIN	OBN7UDS42Y	AVGYWQBCYZHHPN-CYJZLJNKSA-N	50	2019-03-26	AP	Prescription	true	2026-08-28	2026-08-31	2026-08-31	2026-08-31
210221	ANDA	002	ALKEM LABS LTD	CEPHALEXIN	CEPHALEXIN	OBN7UDS42Y	AVGYWQBCYZHHPN-CYJZLJNKSA-N	50	2019-03-26	AP	Prescription	true	2026-08-28	2026-08-31	2026-08-31	2026-08-31
213568	ANDA	001	AUROBINDO PHARMA	CEPHALEXIN	CEPHALEXIN	OBN7UDS42Y	AVGYWQBCYZHHPN-CYJZLJNKSA-N	50	2026-06-09	AP	Prescription	true	2026-08-28	2026-08-31	2026-08-31	2026-08-31
213568	ANDA	002	AUROBINDO PHARMA	CEPHALEXIN	CEPHALEXIN	OBN7UDS42Y	AVGYWQBCYZHHPN-CYJZLJNKSA-N	50	2026-06-09	AP	Prescription	true	2026-08-28	2026-08-31	2026-08-31	2026-08-31
218817	ANDA	001	AUROBINDO PHARMA LTD	CEPHALEXIN	CEPHALEXIN	OBN7UDS42Y	AVGYWQBCYZHHPN-CYJZLJNKSA-N	50	2024-09-27	AP	Prescription	true	2026-08-28	2026-08-31	2026-08-31	2026-08-31
218817	ANDA	002	AUROBINDO PHARMA LTD	CEPHALEXIN	CEPHALEXIN	OBN7UDS42Y	AVGYWQBCYZHHPN-CYJZLJNKSA-N	50	2024-09-27	AP	Prescription	true	2026-08-28	2026-08-31	2026-08-31	2026-08-31
218947	ANDA	001	ALKEM LABS LTD	CEPHALEXIN	CEPHALEXIN	OBN7UDS42Y	AVGYWQBCYZHHPN-CYJZLJNKSA-N	50	2024-09-27	AP	Prescription	true	2026-08-28	2026-08-31	2026-08-31	2026-08-31
218947	ANDA	002	ALKEM LABS LTD	CEPHALEXIN	CEPHALEXIN	OBN7UDS42Y	AVGYWQBCYZHHPN-CYJZLJNKSA-N	50	2024-09-27	AP	Prescription	true	2026-08-28	2026-08-31	2026-08-31	2026-08-31
050010	NDA	001	LILLY	ILOSONE	ERYTHROMYCIN ESTOLATE	XRJ2P631HP	AWMFUEJKWXESNL-JZBHMOKNSA-N	34	1967-04-13	AP	Discontinued	false	2026-08-28	2026-08-31	2026-08-31	2026-08-31
050010	NDA	002	LILLY	ILOSONE	ERYTHROMYCIN ESTOLATE	XRJ2P631HP	AWMFUEJKWXESNL-JZBHMOKNSA-N	34	1967-04-13	AP	Discontinued	false	2026-08-28	2026-08-31	2026-08-31	2026-08-31
061893	ANDA	001	DISTA	ILOSONE	ERYTHROMYCIN ESTOLATE	XRJ2P631HP	AWMFUEJKWXESNL-JZBHMOKNSA-N	34	1975-01-06	AP	Discontinued	false	2026-08-28	2026-08-31	2026-08-31	2026-08-31
061894	ANDA	001	LILLY	ILOSONE	ERYTHROMYCIN ESTOLATE	XRJ2P631HP	AWMFUEJKWXESNL-JZBHMOKNSA-N	34	1975-01-07	AP	Discontinued	false	2026-08-28	2026-08-31	2026-08-31	2026-08-31
061894	ANDA	002	LILLY	ILOSONE	ERYTHROMYCIN ESTOLATE	XRJ2P631HP	AWMFUEJKWXESNL-JZBHMOKNSA-N	34	1975-01-07	AP	Discontinued	false	2026-08-28	2026-08-31	2026-08-31	2026-08-31
061894	ANDA	003	LILLY	ILOSONE	ERYTHROMYCIN ESTOLATE	XRJ2P631HP	AWMFUEJKWXESNL-JZBHMOKNSA-N	34	1975-01-07	AP	Discontinued	false	2026-08-28	2026-08-31	2026-08-31	2026-08-31
061895	ANDA	001	DISTA	ILOSONE	ERYTHROMYCIN ESTOLATE	XRJ2P631HP	AWMFUEJKWXESNL-JZBHMOKNSA-N	34	1975-01-03	AP	Discontinued	false	2026-08-28	2026-08-31	2026-08-31	2026-08-31
061895	ANDA	002	DISTA	ILOSONE	ERYTHROMYCIN ESTOLATE	XRJ2P631HP	AWMFUEJKWXESNL-JZBHMOKNSA-N	34	1975-01-03	AP	Discontinued	false	2026-08-28	2026-08-31	2026-08-31	2026-08-31
061896	ANDA	001	LILLY	ILOSONE	ERYTHROMYCIN ESTOLATE	XRJ2P631HP	AWMFUEJKWXESNL-JZBHMOKNSA-N	34	1975-01-03	AP	Discontinued	false	2026-08-28	2026-08-31	2026-08-31	2026-08-31
061897	ANDA	001	LILLY	ILOSONE	ERYTHROMYCIN ESTOLATE	XRJ2P631HP	AWMFUEJKWXESNL-JZBHMOKNSA-N	34	1975-01-06	AP	Discontinued	false	2026-08-28	2026-08-31	2026-08-31	2026-08-31
061897	ANDA	002	LILLY	ILOSONE	ERYTHROMYCIN ESTOLATE	XRJ2P631HP	AWMFUEJKWXESNL-JZBHMOKNSA-N	34	1975-01-06	AP	Discontinued	false	2026-08-28	2026-08-31	2026-08-31	2026-08-31
062087	ANDA	001	WATSON LABS	ERYTHROMYCIN ESTOLATE	ERYTHROMYCIN ESTOLATE	XRJ2P631HP	AWMFUEJKWXESNL-JZBHMOKNSA-N	34	1979-06-14	AP	Discontinued	false	2026-08-28	2026-08-31	2026-08-31	2026-08-31
062162	ANDA	001	BARR	ERYTHROMYCIN ESTOLATE	ERYTHROMYCIN ESTOLATE	XRJ2P631HP	AWMFUEJKWXESNL-JZBHMOKNSA-N	34	1981-06-15	AP	Discontinued	false	2026-08-28	2026-08-31	2026-08-31	2026-08-31
062162	ANDA	002	BARR	ERYTHROMYCIN ESTOLATE	ERYTHROMYCIN ESTOLATE	XRJ2P631HP	AWMFUEJKWXESNL-JZBHMOKNSA-N	34	1981-06-15	AP	Discontinued	false	2026-08-28	2026-08-31	2026-08-31	2026-08-31
062169	ANDA	001	COSETTE PHARMS NC	ERYTHROMYCIN ESTOLATE	ERYTHROMYCIN ESTOLATE	XRJ2P631HP	AWMFUEJKWXESNL-JZBHMOKNSA-N	34	1990-10-17	AP	Discontinued	false	2026-08-28	2026-08-31	2026-08-31	2026-08-31
062169	ANDA	002	COSETTE PHARMS NC	ERYTHROMYCIN ESTOLATE	ERYTHROMYCIN ESTOLATE	XRJ2P631HP	AWMFUEJKWXESNL-JZBHMOKNSA-N	34	1990-10-17	AP	Discontinued	false	2026-08-28	2026-08-31	2026-08-31	2026-08-31
062353	ANDA	001	ALPHARMA US PHARMS	ERYTHROMYCIN ESTOLATE	ERYTHROMYCIN ESTOLATE	XRJ2P631HP	AWMFUEJKWXESNL-JZBHMOKNSA-N	34	1982-11-18	AP	Discontinued	false	2026-08-28	2026-08-31	2026-08-31	2026-08-31
062362	ANDA	001	LIFE LABS	ERYTHROMYCIN ESTOLATE	ERYTHROMYCIN ESTOLATE	XRJ2P631HP	AWMFUEJKWXESNL-JZBHMOKNSA-N	34	1982-12-17	AP	Discontinued	false	2026-08-28	2026-08-31	2026-08-31	2026-08-31
062409	ANDA	001	ALPHARMA US PHARMS	ERYTHROMYCIN ESTOLATE	ERYTHROMYCIN ESTOLATE	XRJ2P631HP	AWMFUEJKWXESNL-JZBHMOKNSA-N	34	1982-12-16	AP	Discontinued	false	2026-08-28	2026-08-31	2026-08-31	2026-08-31
201917	NDA	001	VERTEX PHARMS	INCIVEK	TELAPREVIR	655M5O3W0U	BBAWEDCPNXPBQM-GDEBMMAJSA-N	45	2011-05-23	AP	Discontinued	false	2026-08-28	2026-08-31	2026-08-31	2026-08-31
021266	NDA	001	PF PRISM CV	VFEND	VORICONAZOLE	JFU09I87TR	BCEHBSKCWLPMDN-MGPLVRAMSA-N	58	2002-05-24	AP	Prescription	true	2026-08-28	2026-08-31	2026-08-31	2026-08-31
021266	NDA	002	PF PRISM CV	VFEND	VORICONAZOLE	JFU09I87TR	BCEHBSKCWLPMDN-MGPLVRAMSA-N	58	2002-05-24	AP	Prescription	true	2026-08-28	2026-08-31	2026-08-31	2026-08-31
021267	NDA	001	PF PRISM CV	VFEND	VORICONAZOLE	JFU09I87TR	BCEHBSKCWLPMDN-MGPLVRAMSA-N	58	2002-05-24	AP	Prescription	true	2026-08-28	2026-08-31	2026-08-31	2026-08-31
021464	NDA	001	PFIZER	VFEND	VORICONAZOLE	JFU09I87TR	BCEHBSKCWLPMDN-MGPLVRAMSA-N	58	2003-11-14	AP	Prescription	true	2026-08-28	2026-08-31	2026-08-31	2026-08-31
021464	NDA	002	PFIZER	VFEND	VORICONAZOLE	JFU09I87TR	BCEHBSKCWLPMDN-MGPLVRAMSA-N	58	2003-11-14	AP	Prescription	true	2026-08-28	2026-08-31	2026-08-31	2026-08-31
021464	NDA	003	PFIZER	VFEND	VORICONAZOLE	JFU09I87TR	BCEHBSKCWLPMDN-MGPLVRAMSA-N	58	2003-11-14	AP	Prescription	true	2026-08-28	2026-08-31	2026-08-31	2026-08-31
021466	NDA	001	PFIZER	VFEND	VORICONAZOLE	JFU09I87TR	BCEHBSKCWLPMDN-MGPLVRAMSA-N	58	2003-11-14	AP	Prescription	true	2026-08-28	2026-08-31	2026-08-31	2026-08-31
021466	NDA	002	PFIZER	VFEND	VORICONAZOLE	JFU09I87TR	BCEHBSKCWLPMDN-MGPLVRAMSA-N	58	2003-11-14	AP	Prescription	true	2026-08-28	2026-08-31	2026-08-31	2026-08-31
021466	NDA	003	PFIZER	VFEND	VORICONAZOLE	JFU09I87TR	BCEHBSKCWLPMDN-MGPLVRAMSA-N	58	2003-11-14	AP	Prescription	true	2026-08-28	2026-08-31	2026-08-31	2026-08-31
021630	NDA	001	PF PRISM CV	VFEND	VORICONAZOLE	JFU09I87TR	BCEHBSKCWLPMDN-MGPLVRAMSA-N	58	2003-12-19	AP	Prescription	true	2026-08-28	2026-08-31	2026-08-31	2026-08-31
090547	ANDA	001	MYLAN PHARMS INC	VORICONAZOLE	VORICONAZOLE	JFU09I87TR	BCEHBSKCWLPMDN-MGPLVRAMSA-N	58	2010-04-22	AP	Prescription	true	2026-08-28	2026-08-31	2026-08-31	2026-08-31
090547	ANDA	002	MYLAN PHARMS INC	VORICONAZOLE	VORICONAZOLE	JFU09I87TR	BCEHBSKCWLPMDN-MGPLVRAMSA-N	58	2010-04-22	AP	Prescription	true	2026-08-28	2026-08-31	2026-08-31	2026-08-31
090862	ANDA	001	SANDOZ INC	VORICONAZOLE	VORICONAZOLE	JFU09I87TR	BCEHBSKCWLPMDN-MGPLVRAMSA-N	58	2012-05-30	AP	Prescription	true	2026-08-28	2026-08-31	2026-08-31	2026-08-31
091658	ANDA	001	TEVA PHARMS	VORICONAZOLE	VORICONAZOLE	JFU09I87TR	BCEHBSKCWLPMDN-MGPLVRAMSA-N	58	2012-04-06	AP	Discontinued	false	2026-08-28	2026-08-31	2026-08-31	2026-08-31
091658	ANDA	002	TEVA PHARMS	VORICONAZOLE	VORICONAZOLE	JFU09I87TR	BCEHBSKCWLPMDN-MGPLVRAMSA-N	58	2012-04-06	AP	Discontinued	false	2026-08-28	2026-08-31	2026-08-31	2026-08-31
200265	ANDA	001	SANDOZ INC	VORICONAZOLE	VORICONAZOLE	JFU09I87TR	BCEHBSKCWLPMDN-MGPLVRAMSA-N	58	2011-12-12	AP	Prescription	true	2026-08-28	2026-08-31	2026-08-31	2026-08-31
200265	ANDA	002	SANDOZ INC	VORICONAZOLE	VORICONAZOLE	JFU09I87TR	BCEHBSKCWLPMDN-MGPLVRAMSA-N	58	2011-12-12	AP	Prescription	true	2026-08-28	2026-08-31	2026-08-31	2026-08-31
202361	ANDA	001	RISING	VORICONAZOLE	VORICONAZOLE	JFU09I87TR	BCEHBSKCWLPMDN-MGPLVRAMSA-N	58	2013-05-28	AP	Discontinued	false	2026-08-28	2026-08-31	2026-08-31	2026-08-31
203503	ANDA	001	GLENMARK PHARMS LTD	VORICONAZOLE	VORICONAZOLE	JFU09I87TR	BCEHBSKCWLPMDN-MGPLVRAMSA-N	58	2015-09-02	AP	Prescription	true	2026-08-28	2026-08-31	2026-08-31	2026-08-31
203503	ANDA	002	GLENMARK PHARMS LTD	VORICONAZOLE	VORICONAZOLE	JFU09I87TR	BCEHBSKCWLPMDN-MGPLVRAMSA-N	58	2015-09-02	AP	Prescription	true	2026-08-28	2026-08-31	2026-08-31	2026-08-31
205034	ANDA	001	AMNEAL PHARMS	VORICONAZOLE	VORICONAZOLE	JFU09I87TR	BCEHBSKCWLPMDN-MGPLVRAMSA-N	58	2016-04-13	AP	Prescription	true	2026-08-28	2026-08-31	2026-08-31	2026-08-31
206181	ANDA	001	AJANTA PHARMA LTD	VORICONAZOLE	VORICONAZOLE	JFU09I87TR	BCEHBSKCWLPMDN-MGPLVRAMSA-N	58	2016-05-24	AP	Prescription	true	2026-08-28	2026-08-31	2026-08-31	2026-08-31
206181	ANDA	002	AJANTA PHARMA LTD	VORICONAZOLE	VORICONAZOLE	JFU09I87TR	BCEHBSKCWLPMDN-MGPLVRAMSA-N	58	2016-05-24	AP	Prescription	true	2026-08-28	2026-08-31	2026-08-31	2026-08-31
206398	ANDA	001	ALMAJECT	VORICONAZOLE	VORICONAZOLE	JFU09I87TR	BCEHBSKCWLPMDN-MGPLVRAMSA-N	58	2016-03-23	AP	Discontinued	false	2026-08-28	2026-08-31	2026-08-31	2026-08-31
206654	ANDA	001	PRINSTON INC	VORICONAZOLE	VORICONAZOLE	JFU09I87TR	BCEHBSKCWLPMDN-MGPLVRAMSA-N	58	2016-08-08	AP	Prescription	true	2026-08-28	2026-08-31	2026-08-31	2026-08-31
206654	ANDA	002	PRINSTON INC	VORICONAZOLE	VORICONAZOLE	JFU09I87TR	BCEHBSKCWLPMDN-MGPLVRAMSA-N	58	2016-08-08	AP	Prescription	true	2026-08-28	2026-08-31	2026-08-31	2026-08-31
206747	ANDA	001	CADILA	VORICONAZOLE	VORICONAZOLE	JFU09I87TR	BCEHBSKCWLPMDN-MGPLVRAMSA-N	58	2016-05-24	AP	Prescription	true	2026-08-28	2026-08-31	2026-08-31	2026-08-31
206747	ANDA	002	CADILA	VORICONAZOLE	VORICONAZOLE	JFU09I87TR	BCEHBSKCWLPMDN-MGPLVRAMSA-N	58	2016-05-24	AP	Prescription	true	2026-08-28	2026-08-31	2026-08-31	2026-08-31
206762	ANDA	001	RISING	VORICONAZOLE	VORICONAZOLE	JFU09I87TR	BCEHBSKCWLPMDN-MGPLVRAMSA-N	58	2016-05-24	AP	Prescription	true	2026-08-28	2026-08-31	2026-08-31	2026-08-31
206762	ANDA	002	RISING	VORICONAZOLE	VORICONAZOLE	JFU09I87TR	BCEHBSKCWLPMDN-MGPLVRAMSA-N	58	2016-05-24	AP	Prescription	true	2026-08-28	2026-08-31	2026-08-31	2026-08-31
206799	ANDA	001	NOVEL LABS INC	VORICONAZOLE	VORICONAZOLE	JFU09I87TR	BCEHBSKCWLPMDN-MGPLVRAMSA-N	58	2016-05-31	AP	Prescription	true	2026-08-28	2026-08-31	2026-08-31	2026-08-31
206837	ANDA	001	AUROBINDO PHARMA LTD	VORICONAZOLE	VORICONAZOLE	JFU09I87TR	BCEHBSKCWLPMDN-MGPLVRAMSA-N	58	2016-01-22	AP	Prescription	true	2026-08-28	2026-08-31	2026-08-31	2026-08-31
206837	ANDA	002	AUROBINDO PHARMA LTD	VORICONAZOLE	VORICONAZOLE	JFU09I87TR	BCEHBSKCWLPMDN-MGPLVRAMSA-N	58	2016-01-22	AP	Prescription	true	2026-08-28	2026-08-31	2026-08-31	2026-08-31
207049	ANDA	001	EPIC PHARMA LLC	VORICONAZOLE	VORICONAZOLE	JFU09I87TR	BCEHBSKCWLPMDN-MGPLVRAMSA-N	58	2016-09-07	AP	Prescription	true	2026-08-28	2026-08-31	2026-08-31	2026-08-31
207049	ANDA	002	EPIC PHARMA LLC	VORICONAZOLE	VORICONAZOLE	JFU09I87TR	BCEHBSKCWLPMDN-MGPLVRAMSA-N	58	2016-09-07	AP	Prescription	true	2026-08-28	2026-08-31	2026-08-31	2026-08-31
207371	ANDA	001	CHARTWELL RX	VORICONAZOLE	VORICONAZOLE	JFU09I87TR	BCEHBSKCWLPMDN-MGPLVRAMSA-N	58	2016-05-24	AP	Prescription	true	2026-08-28	2026-08-31	2026-08-31	2026-08-31
207371	ANDA	002	CHARTWELL RX	VORICONAZOLE	VORICONAZOLE	JFU09I87TR	BCEHBSKCWLPMDN-MGPLVRAMSA-N	58	2016-05-24	AP	Prescription	true	2026-08-28	2026-08-31	2026-08-31	2026-08-31
208562	NDA	001	HIKMA	VORICONAZOLE	VORICONAZOLE	JFU09I87TR	BCEHBSKCWLPMDN-MGPLVRAMSA-N	58	2017-03-09	AP	Prescription	true	2026-08-28	2026-08-31	2026-08-31	2026-08-31
208562	NDA	002	HIKMA	VORICONAZOLE	VORICONAZOLE	JFU09I87TR	BCEHBSKCWLPMDN-MGPLVRAMSA-N	58	2017-03-09	AP	Prescription	true	2026-08-28	2026-08-31	2026-08-31	2026-08-31
208983	ANDA	001	ZYDUS PHARMS	VORICONAZOLE	VORICONAZOLE	JFU09I87TR	BCEHBSKCWLPMDN-MGPLVRAMSA-N	58	2018-07-16	AP	Prescription	true	2026-08-28	2026-08-31	2026-08-31	2026-08-31
210849	ANDA	001	PHARMOBEDIENT	VORICONAZOLE	VORICONAZOLE	JFU09I87TR	BCEHBSKCWLPMDN-MGPLVRAMSA-N	58	2022-10-11	AP	Discontinued	false	2026-08-28	2026-08-31	2026-08-31	2026-08-31
211099	ANDA	001	GLAND	VORICONAZOLE	VORICONAZOLE	JFU09I87TR	BCEHBSKCWLPMDN-MGPLVRAMSA-N	58	2020-03-31	AP	Prescription	true	2026-08-28	2026-08-31	2026-08-31	2026-08-31
211264	ANDA	001	UBI	VORICONAZOLE	VORICONAZOLE	JFU09I87TR	BCEHBSKCWLPMDN-MGPLVRAMSA-N	58	2023-03-09	AP	Prescription	true	2026-08-28	2026-08-31	2026-08-31	2026-08-31
211598	ANDA	001	HETERO LABS LTD V	VORICONAZOLE	VORICONAZOLE	JFU09I87TR	BCEHBSKCWLPMDN-MGPLVRAMSA-N	58	2025-08-08	AP	Prescription	true	2026-08-28	2026-08-31	2026-08-31	2026-08-31
211661	ANDA	001	HAINAN POLY	VORICONAZOLE	VORICONAZOLE	JFU09I87TR	BCEHBSKCWLPMDN-MGPLVRAMSA-N	58	2018-11-30	AP	Prescription	true	2026-08-28	2026-08-31	2026-08-31	2026-08-31
212162	ANDA	001	EUGIA PHARMA	VORICONAZOLE	VORICONAZOLE	JFU09I87TR	BCEHBSKCWLPMDN-MGPLVRAMSA-N	58	2023-02-02	AP	Discontinued	false	2026-08-28	2026-08-31	2026-08-31	2026-08-31
214516	ANDA	001	MEITHEAL	VORICONAZOLE	VORICONAZOLE	JFU09I87TR	BCEHBSKCWLPMDN-MGPLVRAMSA-N	58	2022-05-09	AP	Prescription	true	2026-08-28	2026-08-31	2026-08-31	2026-08-31
216805	ANDA	001	ZHEJIANG POLY PHARM	VORICONAZOLE	VORICONAZOLE	JFU09I87TR	BCEHBSKCWLPMDN-MGPLVRAMSA-N	58	2024-01-02	AP	Prescription	true	2026-08-28	2026-08-31	2026-08-31	2026-08-31
218533	ANDA	001	ASPIRO	VORICONAZOLE	VORICONAZOLE	JFU09I87TR	BCEHBSKCWLPMDN-MGPLVRAMSA-N	58	2024-04-03	AP	Prescription	true	2026-08-28	2026-08-31	2026-08-31	2026-08-31
220043	ANDA	001	HAINAN POLY PHARM	VORICONAZOLE	VORICONAZOLE	JFU09I87TR	BCEHBSKCWLPMDN-MGPLVRAMSA-N	58	2025-11-14	AP	Prescription	true	2026-08-28	2026-08-31	2026-08-31	2026-08-31
220078	ANDA	001	ZHEJIANG NOVUS	VORICONAZOLE	VORICONAZOLE	JFU09I87TR	BCEHBSKCWLPMDN-MGPLVRAMSA-N	58	2026-05-05	AP	Prescription	true	2026-08-28	2026-08-31	2026-08-31	2026-08-31
020428	NDA	001	ALMIRALL	AZELEX	AZELAIC ACID	F2VW3D43YT	BDJRBEYXGGNYIS-UHFFFAOYSA-N	22	1995-09-13	AP	Prescription	true	2026-08-28	2026-08-31	2026-08-31	2026-08-31
021470	NDA	001	LEO PHARMA AS	FINACEA	AZELAIC ACID	F2VW3D43YT	BDJRBEYXGGNYIS-UHFFFAOYSA-N	22	2002-12-24	AP	Prescription	true	2026-08-28	2026-08-31	2026-08-31	2026-08-31
204637	ANDA	001	GLENMARK SPECLT	AZELAIC ACID	AZELAIC ACID	F2VW3D43YT	BDJRBEYXGGNYIS-UHFFFAOYSA-N	22	2018-11-19	AP	Prescription	true	2026-08-28	2026-08-31	2026-08-31	2026-08-31
207071	NDA	001	LEO PHARMA AS	FINACEA	AZELAIC ACID	F2VW3D43YT	BDJRBEYXGGNYIS-UHFFFAOYSA-N	22	2015-07-29	AP	Prescription	true	2026-08-28	2026-08-31	2026-08-31	2026-08-31
208011	ANDA	001	ACTAVIS LABS UT INC	AZELAIC ACID	AZELAIC ACID	F2VW3D43YT	BDJRBEYXGGNYIS-UHFFFAOYSA-N	22	2018-11-19	AP	Prescription	true	2026-08-28	2026-08-31	2026-08-31	2026-08-31
208724	ANDA	001	ENCUBE	AZELAIC ACID	AZELAIC ACID	F2VW3D43YT	BDJRBEYXGGNYIS-UHFFFAOYSA-N	22	2018-11-19	AP	Prescription	true	2026-08-28	2026-08-31	2026-08-31	2026-08-31
210549	ANDA	001	SUN PHARMA CANADA	AZELAIC ACID	AZELAIC ACID	F2VW3D43YT	BDJRBEYXGGNYIS-UHFFFAOYSA-N	22	2019-08-23	AP	Prescription	true	2026-08-28	2026-08-31	2026-08-31	2026-08-31
210928	ANDA	001	AUROBINDO PHARMA USA	AZELAIC ACID	AZELAIC ACID	F2VW3D43YT	BDJRBEYXGGNYIS-UHFFFAOYSA-N	22	2020-10-07	AP	Discontinued	false	2026-08-28	2026-08-31	2026-08-31	2026-08-31
019518	NDA	001	CHESEBROUGH PONDS	EXTRA-STRENGTH AIM	SODIUM MONOFLUOROPHOSPHATE	C810JCZ56Q	BFDWBSRJQZPEEB-UHFFFAOYSA-L	22	1986-08-06	AP	Discontinued	false	2026-08-28	2026-08-31	2026-08-31	2026-08-31
019518	NDA	002	CHESEBROUGH PONDS	EXTRA-STRENGTH AIM	SODIUM MONOFLUOROPHOSPHATE	C810JCZ56Q	BFDWBSRJQZPEEB-UHFFFAOYSA-L	22	1986-08-06	AP	Discontinued	false	2026-08-28	2026-08-31	2026-08-31	2026-08-31
050637	NDA	001	PHARMACIA AND UPJOHN	ZEFAZONE	CEFMETAZOLE SODIUM	37Y9VR4W7A	BITQGIOJQWZUPL-PBCQUBLHSA-M	21	1989-12-11	AP	Discontinued	false	2026-08-28	2026-08-31	2026-08-31	2026-08-31
050637	NDA	002	PHARMACIA AND UPJOHN	ZEFAZONE	CEFMETAZOLE SODIUM	37Y9VR4W7A	BITQGIOJQWZUPL-PBCQUBLHSA-M	21	1989-12-11	AP	Discontinued	false	2026-08-28	2026-08-31	2026-08-31	2026-08-31
050683	NDA	001	PHARMACIA AND UPJOHN	ZEFAZONE IN PLASTIC CONTAINER	CEFMETAZOLE SODIUM	37Y9VR4W7A	BITQGIOJQWZUPL-PBCQUBLHSA-M	21	1992-12-29	AP	Discontinued	false	2026-08-28	2026-08-31	2026-08-31	2026-08-31
050683	NDA	002	PHARMACIA AND UPJOHN	ZEFAZONE IN PLASTIC CONTAINER	CEFMETAZOLE SODIUM	37Y9VR4W7A	BITQGIOJQWZUPL-PBCQUBLHSA-M	21	1992-12-29	AP	Discontinued	false	2026-08-28	2026-08-31	2026-08-31	2026-08-31
020192	NDA	001	NOVARTIS	LAMISIL	TERBINAFINE HYDROCHLORIDE	012C11ZU6G	BWMISRWJRUSYEX-SZKNIZGXSA-N	61	1992-12-30	AP	Discontinued	false	2026-08-28	2026-08-31	2026-08-31	2026-08-31
020539	NDA	001	NOVARTIS	LAMISIL	TERBINAFINE HYDROCHLORIDE	012C11ZU6G	BWMISRWJRUSYEX-SZKNIZGXSA-N	61	1996-05-10	AP	Discontinued	false	2026-08-28	2026-08-31	2026-08-31	2026-08-31
020749	NDA	001	KARO HLTHCARE	LAMISIL	TERBINAFINE HYDROCHLORIDE	012C11ZU6G	BWMISRWJRUSYEX-SZKNIZGXSA-N	61	1997-10-17	AP	Discontinued	false	2026-08-28	2026-08-31	2026-08-31	2026-08-31
020980	NDA	001	KARO HLTHCARE	LAMISIL	TERBINAFINE HYDROCHLORIDE	012C11ZU6G	BWMISRWJRUSYEX-SZKNIZGXSA-N	61	1999-03-09	AP	Over-the-counter	true	2026-08-28	2026-08-31	2026-08-31	2026-08-31
021124	NDA	001	KARO HLTHCARE	LAMISIL AT	TERBINAFINE HYDROCHLORIDE	012C11ZU6G	BWMISRWJRUSYEX-SZKNIZGXSA-N	61	2000-03-17	AP	Over-the-counter	true	2026-08-28	2026-08-31	2026-08-31	2026-08-31
021124	NDA	002	KARO HLTHCARE	LAMISIL AT	TERBINAFINE HYDROCHLORIDE	012C11ZU6G	BWMISRWJRUSYEX-SZKNIZGXSA-N	61	2000-03-17	AP	Over-the-counter	true	2026-08-28	2026-08-31	2026-08-31	2026-08-31
022071	NDA	001	NOVARTIS	LAMISIL	TERBINAFINE HYDROCHLORIDE	012C11ZU6G	BWMISRWJRUSYEX-SZKNIZGXSA-N	61	2007-09-28	AP	Discontinued	false	2026-08-28	2026-08-31	2026-08-31	2026-08-31
022071	NDA	002	NOVARTIS	LAMISIL	TERBINAFINE HYDROCHLORIDE	012C11ZU6G	BWMISRWJRUSYEX-SZKNIZGXSA-N	61	2007-09-28	AP	Discontinued	false	2026-08-28	2026-08-31	2026-08-31	2026-08-31
076377	ANDA	001	HERITAGE PHARMA AVET	TERBINAFINE HYDROCHLORIDE	TERBINAFINE HYDROCHLORIDE	012C11ZU6G	BWMISRWJRUSYEX-SZKNIZGXSA-N	61	2007-07-02	AP	Discontinued	false	2026-08-28	2026-08-31	2026-08-31	2026-08-31
076390	ANDA	001	SENORES PHARMS	TERBINAFINE HYDROCHLORIDE	TERBINAFINE HYDROCHLORIDE	012C11ZU6G	BWMISRWJRUSYEX-SZKNIZGXSA-N	61	2007-07-02	AP	Prescription	true	2026-08-28	2026-08-31	2026-08-31	2026-08-31
077137	ANDA	001	CIPLA	TERBINAFINE HYDROCHLORIDE	TERBINAFINE HYDROCHLORIDE	012C11ZU6G	BWMISRWJRUSYEX-SZKNIZGXSA-N	61	2007-07-02	AP	Prescription	true	2026-08-28	2026-08-31	2026-08-31	2026-08-31
077195	ANDA	001	NATCO PHARMA	TERBINAFINE HYDROCHLORIDE	TERBINAFINE HYDROCHLORIDE	012C11ZU6G	BWMISRWJRUSYEX-SZKNIZGXSA-N	61	2007-07-02	AP	Discontinued	false	2026-08-28	2026-08-31	2026-08-31	2026-08-31
077511	ANDA	001	SUN PHARMA CANADA	TERBINAFINE HYDROCHLORIDE	TERBINAFINE HYDROCHLORIDE	012C11ZU6G	BWMISRWJRUSYEX-SZKNIZGXSA-N	61	2007-07-02	AP	Over-the-counter	true	2026-08-28	2026-08-31	2026-08-31	2026-08-31
077533	ANDA	001	INVAGEN PHARMS	TERBINAFINE HYDROCHLORIDE	TERBINAFINE HYDROCHLORIDE	012C11ZU6G	BWMISRWJRUSYEX-SZKNIZGXSA-N	61	2007-07-02	AP	Discontinued	false	2026-08-28	2026-08-31	2026-08-31	2026-08-31
077714	ANDA	001	BRECKENRIDGE PHARM	TERBINAFINE HYDROCHLORIDE	TERBINAFINE HYDROCHLORIDE	012C11ZU6G	BWMISRWJRUSYEX-SZKNIZGXSA-N	61	2010-06-04	AP	Discontinued	false	2026-08-28	2026-08-31	2026-08-31	2026-08-31
077919	ANDA	001	EMED MEDCL	TERBINAFINE HYDROCHLORIDE	TERBINAFINE HYDROCHLORIDE	012C11ZU6G	BWMISRWJRUSYEX-SZKNIZGXSA-N	61	2007-07-02	AP	Prescription	true	2026-08-28	2026-08-31	2026-08-31	2026-08-31
078157	ANDA	001	GLENMARK PHARMS LTD	TERBINAFINE HYDROCHLORIDE	TERBINAFINE HYDROCHLORIDE	012C11ZU6G	BWMISRWJRUSYEX-SZKNIZGXSA-N	61	2007-07-02	AP	Prescription	true	2026-08-28	2026-08-31	2026-08-31	2026-08-31
078163	ANDA	001	ORBION PHARMS	TERBINAFINE HYDROCHLORIDE	TERBINAFINE HYDROCHLORIDE	012C11ZU6G	BWMISRWJRUSYEX-SZKNIZGXSA-N	61	2007-07-02	AP	Prescription	true	2026-08-28	2026-08-31	2026-08-31	2026-08-31
078199	ANDA	001	CHARTWELL	TERBINAFINE HYDROCHLORIDE	TERBINAFINE HYDROCHLORIDE	012C11ZU6G	BWMISRWJRUSYEX-SZKNIZGXSA-N	61	2007-07-02	AP	Prescription	true	2026-08-28	2026-08-31	2026-08-31	2026-08-31
078229	ANDA	001	WOCKHARDT	TERBINAFINE HYDROCHLORIDE	TERBINAFINE HYDROCHLORIDE	012C11ZU6G	BWMISRWJRUSYEX-SZKNIZGXSA-N	61	2007-07-02	AP	Discontinued	false	2026-08-28	2026-08-31	2026-08-31	2026-08-31
078297	ANDA	001	AUROBINDO PHARMA	TERBINAFINE HYDROCHLORIDE	TERBINAFINE HYDROCHLORIDE	012C11ZU6G	BWMISRWJRUSYEX-SZKNIZGXSA-N	61	2007-07-02	AP	Prescription	true	2026-08-28	2026-08-31	2026-08-31	2026-08-31
050601	NDA	001	TAKEDA	CERADON	CEFOTIAM HYDROCHLORIDE	H7V12WDZ93	BWRRTAXZCKVRON-DGPOFWGLSA-N	20	1988-12-30	AP	Discontinued	false	2026-08-28	2026-08-31	2026-08-31	2026-08-31
020154	NDA	002	BRISTOL MYERS SQUIBB	VIDEX	DIDANOSINE	K3GDH6OH08	BXZVVICBKDXVGW-NKWVEPMBSA-N	52	1991-10-09	AP	Discontinued	false	2026-08-28	2026-08-31	2026-08-31	2026-08-31
020154	NDA	003	BRISTOL MYERS SQUIBB	VIDEX	DIDANOSINE	K3GDH6OH08	BXZVVICBKDXVGW-NKWVEPMBSA-N	52	1991-10-09	AP	Discontinued	false	2026-08-28	2026-08-31	2026-08-31	2026-08-31
020154	NDA	004	BRISTOL MYERS SQUIBB	VIDEX	DIDANOSINE	K3GDH6OH08	BXZVVICBKDXVGW-NKWVEPMBSA-N	52	1991-10-09	AP	Discontinued	false	2026-08-28	2026-08-31	2026-08-31	2026-08-31
020154	NDA	005	BRISTOL MYERS SQUIBB	VIDEX	DIDANOSINE	K3GDH6OH08	BXZVVICBKDXVGW-NKWVEPMBSA-N	52	1991-10-09	AP	Discontinued	false	2026-08-28	2026-08-31	2026-08-31	2026-08-31
020154	NDA	006	BRISTOL MYERS SQUIBB	VIDEX	DIDANOSINE	K3GDH6OH08	BXZVVICBKDXVGW-NKWVEPMBSA-N	52	1991-10-09	AP	Discontinued	false	2026-08-28	2026-08-31	2026-08-31	2026-08-31
020155	NDA	003	BRISTOL MYERS SQUIBB	VIDEX	DIDANOSINE	K3GDH6OH08	BXZVVICBKDXVGW-NKWVEPMBSA-N	52	1991-10-09	AP	Discontinued	false	2026-08-28	2026-08-31	2026-08-31	2026-08-31
020155	NDA	004	BRISTOL MYERS SQUIBB	VIDEX	DIDANOSINE	K3GDH6OH08	BXZVVICBKDXVGW-NKWVEPMBSA-N	52	1991-10-09	AP	Discontinued	false	2026-08-28	2026-08-31	2026-08-31	2026-08-31
020155	NDA	005	BRISTOL MYERS SQUIBB	VIDEX	DIDANOSINE	K3GDH6OH08	BXZVVICBKDXVGW-NKWVEPMBSA-N	52	1991-10-09	AP	Discontinued	false	2026-08-28	2026-08-31	2026-08-31	2026-08-31
020155	NDA	006	BRISTOL MYERS SQUIBB	VIDEX	DIDANOSINE	K3GDH6OH08	BXZVVICBKDXVGW-NKWVEPMBSA-N	52	1991-10-09	AP	Discontinued	false	2026-08-28	2026-08-31	2026-08-31	2026-08-31
020156	NDA	001	BRISTOL	VIDEX	DIDANOSINE	K3GDH6OH08	BXZVVICBKDXVGW-NKWVEPMBSA-N	52	1991-10-09	AP	Discontinued	false	2026-08-28	2026-08-31	2026-08-31	2026-08-31
021183	NDA	001	BRISTOL MYERS SQUIBB	VIDEX EC	DIDANOSINE	K3GDH6OH08	BXZVVICBKDXVGW-NKWVEPMBSA-N	52	2000-10-31	AP	Discontinued	false	2026-08-28	2026-08-31	2026-08-31	2026-08-31
021183	NDA	002	BRISTOL MYERS SQUIBB	VIDEX EC	DIDANOSINE	K3GDH6OH08	BXZVVICBKDXVGW-NKWVEPMBSA-N	52	2000-10-31	AP	Discontinued	false	2026-08-28	2026-08-31	2026-08-31	2026-08-31
021183	NDA	003	BRISTOL MYERS SQUIBB	VIDEX EC	DIDANOSINE	K3GDH6OH08	BXZVVICBKDXVGW-NKWVEPMBSA-N	52	2000-10-31	AP	Discontinued	false	2026-08-28	2026-08-31	2026-08-31	2026-08-31
021183	NDA	004	BRISTOL MYERS SQUIBB	VIDEX EC	DIDANOSINE	K3GDH6OH08	BXZVVICBKDXVGW-NKWVEPMBSA-N	52	2000-10-31	AP	Discontinued	false	2026-08-28	2026-08-31	2026-08-31	2026-08-31
077167	ANDA	001	BARR	DIDANOSINE	DIDANOSINE	K3GDH6OH08	BXZVVICBKDXVGW-NKWVEPMBSA-N	52	2004-12-03	AP	Discontinued	false	2026-08-28	2026-08-31	2026-08-31	2026-08-31
077167	ANDA	002	BARR	DIDANOSINE	DIDANOSINE	K3GDH6OH08	BXZVVICBKDXVGW-NKWVEPMBSA-N	52	2004-12-03	AP	Discontinued	false	2026-08-28	2026-08-31	2026-08-31	2026-08-31
077167	ANDA	003	BARR	DIDANOSINE	DIDANOSINE	K3GDH6OH08	BXZVVICBKDXVGW-NKWVEPMBSA-N	52	2004-12-03	AP	Discontinued	false	2026-08-28	2026-08-31	2026-08-31	2026-08-31
077275	ANDA	001	AUROBINDO	DIDANOSINE	DIDANOSINE	K3GDH6OH08	BXZVVICBKDXVGW-NKWVEPMBSA-N	52	2012-08-14	AP	Discontinued	false	2026-08-28	2026-08-31	2026-08-31	2026-08-31
077275	ANDA	002	AUROBINDO	DIDANOSINE	DIDANOSINE	K3GDH6OH08	BXZVVICBKDXVGW-NKWVEPMBSA-N	52	2012-08-14	AP	Discontinued	false	2026-08-28	2026-08-31	2026-08-31	2026-08-31
077275	ANDA	003	AUROBINDO	DIDANOSINE	DIDANOSINE	K3GDH6OH08	BXZVVICBKDXVGW-NKWVEPMBSA-N	52	2012-08-14	AP	Discontinued	false	2026-08-28	2026-08-31	2026-08-31	2026-08-31
078112	ANDA	001	AUROBINDO PHARMA	DIDANOSINE	DIDANOSINE	K3GDH6OH08	BXZVVICBKDXVGW-NKWVEPMBSA-N	52	2007-03-08	AP	Discontinued	false	2026-08-28	2026-08-31	2026-08-31	2026-08-31
090094	ANDA	001	AUROBINDO PHARMA	DIDANOSINE	DIDANOSINE	K3GDH6OH08	BXZVVICBKDXVGW-NKWVEPMBSA-N	52	2008-09-24	AP	Discontinued	false	2026-08-28	2026-08-31	2026-08-31	2026-08-31
090094	ANDA	002	AUROBINDO PHARMA	DIDANOSINE	DIDANOSINE	K3GDH6OH08	BXZVVICBKDXVGW-NKWVEPMBSA-N	52	2008-09-24	AP	Discontinued	false	2026-08-28	2026-08-31	2026-08-31	2026-08-31
090094	ANDA	003	AUROBINDO PHARMA	DIDANOSINE	DIDANOSINE	K3GDH6OH08	BXZVVICBKDXVGW-NKWVEPMBSA-N	52	2008-09-24	AP	Discontinued	false	2026-08-28	2026-08-31	2026-08-31	2026-08-31
090094	ANDA	004	AUROBINDO PHARMA	DIDANOSINE	DIDANOSINE	K3GDH6OH08	BXZVVICBKDXVGW-NKWVEPMBSA-N	52	2008-09-24	AP	Discontinued	false	2026-08-28	2026-08-31	2026-08-31	2026-08-31
090788	ANDA	001	PHARMOBEDIENT	DIDANOSINE	DIDANOSINE	K3GDH6OH08	BXZVVICBKDXVGW-NKWVEPMBSA-N	52	2010-04-08	AP	Discontinued	false	2026-08-28	2026-08-31	2026-08-31	2026-08-31
090788	ANDA	002	PHARMOBEDIENT	DIDANOSINE	DIDANOSINE	K3GDH6OH08	BXZVVICBKDXVGW-NKWVEPMBSA-N	52	2010-04-08	AP	Discontinued	false	2026-08-28	2026-08-31	2026-08-31	2026-08-31
090788	ANDA	003	PHARMOBEDIENT	DIDANOSINE	DIDANOSINE	K3GDH6OH08	BXZVVICBKDXVGW-NKWVEPMBSA-N	52	2010-04-08	AP	Discontinued	false	2026-08-28	2026-08-31	2026-08-31	2026-08-31
090788	ANDA	004	PHARMOBEDIENT	DIDANOSINE	DIDANOSINE	K3GDH6OH08	BXZVVICBKDXVGW-NKWVEPMBSA-N	52	2010-04-08	AP	Discontinued	false	2026-08-28	2026-08-31	2026-08-31	2026-08-31
018040	NDA	001	JANSSEN PHARMA	MONISTAT	MICONAZOLE	7NNO0D7S5M	BYBLEWFAAKGYCD-UHFFFAOYSA-N	59	1978-10-04	AP	Discontinued	false	2026-08-28	2026-08-31	2026-08-31	2026-08-31
022404	NDA	001	GALT PHARMS	ORAVIG	MICONAZOLE	7NNO0D7S5M	BYBLEWFAAKGYCD-UHFFFAOYSA-N	59	2010-04-16	AP	Prescription	true	2026-08-28	2026-08-31	2026-08-31	2026-08-31
050109	NDA	001	PFIZER	MITHRACIN	PLICAMYCIN	NIJ123W41V	CFCUWKMKBJTWLW-BKHRDMLASA-N	17	1970-05-05	AP	Discontinued	false	2026-08-28	2026-08-31	2026-08-31	2026-08-31
021976	NDA	001	JANSSEN PRODS	PREZISTA	DARUNAVIR	YO603Y8113	CJBJHOAVZSMMDJ-HEXNFIEUSA-N	101	2006-06-23	AP	Discontinued	false	2026-08-28	2026-08-31	2026-08-31	2026-08-31
021976	NDA	002	JANSSEN PRODS	PREZISTA	DARUNAVIR	YO603Y8113	CJBJHOAVZSMMDJ-HEXNFIEUSA-N	101	2006-06-23	AP	Prescription	true	2026-08-28	2026-08-31	2026-08-31	2026-08-31
021976	NDA	003	JANSSEN PRODS	PREZISTA	DARUNAVIR	YO603Y8113	CJBJHOAVZSMMDJ-HEXNFIEUSA-N	101	2006-06-23	AP	Discontinued	false	2026-08-28	2026-08-31	2026-08-31	2026-08-31
021976	NDA	004	JANSSEN PRODS	PREZISTA	DARUNAVIR	YO603Y8113	CJBJHOAVZSMMDJ-HEXNFIEUSA-N	101	2006-06-23	AP	Prescription	true	2026-08-28	2026-08-31	2026-08-31	2026-08-31
021976	NDA	005	JANSSEN PRODS	PREZISTA	DARUNAVIR	YO603Y8113	CJBJHOAVZSMMDJ-HEXNFIEUSA-N	101	2006-06-23	AP	Prescription	true	2026-08-28	2026-08-31	2026-08-31	2026-08-31
021976	NDA	006	JANSSEN PRODS	PREZISTA	DARUNAVIR	YO603Y8113	CJBJHOAVZSMMDJ-HEXNFIEUSA-N	101	2006-06-23	AP	Prescription	true	2026-08-28	2026-08-31	2026-08-31	2026-08-31
202073	ANDA	001	LUPIN	DARUNAVIR	DARUNAVIR	YO603Y8113	CJBJHOAVZSMMDJ-HEXNFIEUSA-N	101	2022-09-29	AP	Prescription	true	2026-08-28	2026-08-31	2026-08-31	2026-08-31
202073	ANDA	002	LUPIN	DARUNAVIR	DARUNAVIR	YO603Y8113	CJBJHOAVZSMMDJ-HEXNFIEUSA-N	101	2022-09-29	AP	Prescription	true	2026-08-28	2026-08-31	2026-08-31	2026-08-31
202083	ANDA	001	HETERO LABS LTD III	DARUNAVIR	DARUNAVIR	YO603Y8113	CJBJHOAVZSMMDJ-HEXNFIEUSA-N	101	2023-09-14	AP	Prescription	true	2026-08-28	2026-08-31	2026-08-31	2026-08-31
202083	ANDA	002	HETERO LABS LTD III	DARUNAVIR	DARUNAVIR	YO603Y8113	CJBJHOAVZSMMDJ-HEXNFIEUSA-N	101	2023-09-14	AP	Prescription	true	2026-08-28	2026-08-31	2026-08-31	2026-08-31
202118	ANDA	001	TEVA PHARMS USA	DARUNAVIR	DARUNAVIR	YO603Y8113	CJBJHOAVZSMMDJ-HEXNFIEUSA-N	101	2017-11-21	AP	Discontinued	false	2026-08-28	2026-08-31	2026-08-31	2026-08-31
202136	ANDA	001	MYLAN	DARUNAVIR	DARUNAVIR	YO603Y8113	CJBJHOAVZSMMDJ-HEXNFIEUSA-N	101	2025-07-22	AP	Prescription	true	2026-08-28	2026-08-31	2026-08-31	2026-08-31
202136	ANDA	002	MYLAN	DARUNAVIR	DARUNAVIR	YO603Y8113	CJBJHOAVZSMMDJ-HEXNFIEUSA-N	101	2025-07-22	AP	Prescription	true	2026-08-28	2026-08-31	2026-08-31	2026-08-31
202136	ANDA	003	MYLAN	DARUNAVIR	DARUNAVIR	YO603Y8113	CJBJHOAVZSMMDJ-HEXNFIEUSA-N	101	2025-07-22	AP	Prescription	true	2026-08-28	2026-08-31	2026-08-31	2026-08-31
202136	ANDA	004	MYLAN	DARUNAVIR	DARUNAVIR	YO603Y8113	CJBJHOAVZSMMDJ-HEXNFIEUSA-N	101	2025-07-22	AP	Prescription	true	2026-08-28	2026-08-31	2026-08-31	2026-08-31
202136	ANDA	005	MYLAN	DARUNAVIR	DARUNAVIR	YO603Y8113	CJBJHOAVZSMMDJ-HEXNFIEUSA-N	101	2025-07-22	AP	Prescription	true	2026-08-28	2026-08-31	2026-08-31	2026-08-31
202895	NDA	001	JANSSEN PRODS	PREZISTA	DARUNAVIR	YO603Y8113	CJBJHOAVZSMMDJ-HEXNFIEUSA-N	101	2011-12-16	AP	Prescription	true	2026-08-28	2026-08-31	2026-08-31	2026-08-31
206288	ANDA	001	CIPLA	DARUNAVIR	DARUNAVIR	YO603Y8113	CJBJHOAVZSMMDJ-HEXNFIEUSA-N	101	2023-11-28	AP	Prescription	true	2026-08-28	2026-08-31	2026-08-31	2026-08-31
206288	ANDA	002	CIPLA	DARUNAVIR	DARUNAVIR	YO603Y8113	CJBJHOAVZSMMDJ-HEXNFIEUSA-N	101	2023-11-28	AP	Prescription	true	2026-08-28	2026-08-31	2026-08-31	2026-08-31
210677	ANDA	001	AUROBINDO PHARMA LTD	DARUNAVIR	DARUNAVIR	YO603Y8113	CJBJHOAVZSMMDJ-HEXNFIEUSA-N	101	2023-11-28	AP	Prescription	true	2026-08-28	2026-08-31	2026-08-31	2026-08-31
210677	ANDA	002	AUROBINDO PHARMA LTD	DARUNAVIR	DARUNAVIR	YO603Y8113	CJBJHOAVZSMMDJ-HEXNFIEUSA-N	101	2023-11-28	AP	Prescription	true	2026-08-28	2026-08-31	2026-08-31	2026-08-31
211578	ANDA	001	DR REDDYS	DARUNAVIR	DARUNAVIR	YO603Y8113	CJBJHOAVZSMMDJ-HEXNFIEUSA-N	101	2023-11-28	AP	Prescription	true	2026-08-28	2026-08-31	2026-08-31	2026-08-31
211578	ANDA	002	DR REDDYS	DARUNAVIR	DARUNAVIR	YO603Y8113	CJBJHOAVZSMMDJ-HEXNFIEUSA-N	101	2023-11-28	AP	Prescription	true	2026-08-28	2026-08-31	2026-08-31	2026-08-31
212493	ANDA	001	AMNEAL	DARUNAVIR	DARUNAVIR	YO603Y8113	CJBJHOAVZSMMDJ-HEXNFIEUSA-N	101	2023-12-08	AP	Prescription	true	2026-08-28	2026-08-31	2026-08-31	2026-08-31
212493	ANDA	002	AMNEAL	DARUNAVIR	DARUNAVIR	YO603Y8113	CJBJHOAVZSMMDJ-HEXNFIEUSA-N	101	2023-12-08	AP	Prescription	true	2026-08-28	2026-08-31	2026-08-31	2026-08-31
214085	ANDA	001	ZYDUS LIFESCIENCES	DARUNAVIR	DARUNAVIR	YO603Y8113	CJBJHOAVZSMMDJ-HEXNFIEUSA-N	101	2023-12-13	AP	Prescription	true	2026-08-28	2026-08-31	2026-08-31	2026-08-31
214085	ANDA	002	ZYDUS LIFESCIENCES	DARUNAVIR	DARUNAVIR	YO603Y8113	CJBJHOAVZSMMDJ-HEXNFIEUSA-N	101	2023-12-13	AP	Prescription	true	2026-08-28	2026-08-31	2026-08-31	2026-08-31
215389	ANDA	001	MSN	DARUNAVIR	DARUNAVIR	YO603Y8113	CJBJHOAVZSMMDJ-HEXNFIEUSA-N	101	2023-11-28	AP	Prescription	true	2026-08-28	2026-08-31	2026-08-31	2026-08-31
215389	ANDA	002	MSN	DARUNAVIR	DARUNAVIR	YO603Y8113	CJBJHOAVZSMMDJ-HEXNFIEUSA-N	101	2023-11-28	AP	Prescription	true	2026-08-28	2026-08-31	2026-08-31	2026-08-31
216168	ANDA	001	ANNORA PHARMA	DARUNAVIR	DARUNAVIR	YO603Y8113	CJBJHOAVZSMMDJ-HEXNFIEUSA-N	101	2025-01-21	AP	Prescription	true	2026-08-28	2026-08-31	2026-08-31	2026-08-31
216168	ANDA	002	ANNORA PHARMA	DARUNAVIR	DARUNAVIR	YO603Y8113	CJBJHOAVZSMMDJ-HEXNFIEUSA-N	101	2025-01-21	AP	Prescription	true	2026-08-28	2026-08-31	2026-08-31	2026-08-31
012542	NDA	004	NOVARTIS	TANDEARIL	OXYPHENBUTAZONE	H806S4B3NS	CNDQSXOVEQXJOE-UHFFFAOYSA-N	28	1960-12-21	AP	Discontinued	false	2026-08-28	2026-08-31	2026-08-31	2026-08-31
009193	NDA	002	MERCK	COGENTIN	BENZTROPINE MESYLATE	WMJ8TL7510	CPFJLLXFNPCTDW-BWSPSPBFSA-N	22	1954-03-05	AP	Discontinued	false	2026-08-28	2026-08-31	2026-08-31	2026-08-31
009193	NDA	003	MERCK	COGENTIN	BENZTROPINE MESYLATE	WMJ8TL7510	CPFJLLXFNPCTDW-BWSPSPBFSA-N	22	1954-03-05	AP	Discontinued	false	2026-08-28	2026-08-31	2026-08-31	2026-08-31
009193	NDA	004	MERCK	COGENTIN	BENZTROPINE MESYLATE	WMJ8TL7510	CPFJLLXFNPCTDW-BWSPSPBFSA-N	22	1954-03-05	AP	Discontinued	false	2026-08-28	2026-08-31	2026-08-31	2026-08-31
012015	NDA	001	EPIC PHARMA LLC	COGENTIN	BENZTROPINE MESYLATE	WMJ8TL7510	CPFJLLXFNPCTDW-BWSPSPBFSA-N	22	1959-12-21	AP	Discontinued	false	2026-08-28	2026-08-31	2026-08-31	2026-08-31
040103	ANDA	001	AIPING PHARM INC	BENZTROPINE MESYLATE	BENZTROPINE MESYLATE	WMJ8TL7510	CPFJLLXFNPCTDW-BWSPSPBFSA-N	22	1996-12-12	AP	Prescription	true	2026-08-28	2026-08-31	2026-08-31	2026-08-31
040103	ANDA	002	AIPING PHARM INC	BENZTROPINE MESYLATE	BENZTROPINE MESYLATE	WMJ8TL7510	CPFJLLXFNPCTDW-BWSPSPBFSA-N	22	1996-12-12	AP	Prescription	true	2026-08-28	2026-08-31	2026-08-31	2026-08-31
040103	ANDA	003	AIPING PHARM INC	BENZTROPINE MESYLATE	BENZTROPINE MESYLATE	WMJ8TL7510	CPFJLLXFNPCTDW-BWSPSPBFSA-N	22	1996-12-12	AP	Prescription	true	2026-08-28	2026-08-31	2026-08-31	2026-08-31
040706	ANDA	001	OXFORD PHARMS	BENZTROPINE MESYLATE	BENZTROPINE MESYLATE	WMJ8TL7510	CPFJLLXFNPCTDW-BWSPSPBFSA-N	22	2008-02-14	AP	Discontinued	false	2026-08-28	2026-08-31	2026-08-31	2026-08-31
040706	ANDA	002	OXFORD PHARMS	BENZTROPINE MESYLATE	BENZTROPINE MESYLATE	WMJ8TL7510	CPFJLLXFNPCTDW-BWSPSPBFSA-N	22	2008-02-14	AP	Discontinued	false	2026-08-28	2026-08-31	2026-08-31	2026-08-31
040706	ANDA	003	OXFORD PHARMS	BENZTROPINE MESYLATE	BENZTROPINE MESYLATE	WMJ8TL7510	CPFJLLXFNPCTDW-BWSPSPBFSA-N	22	2008-02-14	AP	Discontinued	false	2026-08-28	2026-08-31	2026-08-31	2026-08-31
040715	ANDA	001	PH HEALTH	BENZTROPINE MESYLATE	BENZTROPINE MESYLATE	WMJ8TL7510	CPFJLLXFNPCTDW-BWSPSPBFSA-N	22	2007-08-27	AP	Prescription	true	2026-08-28	2026-08-31	2026-08-31	2026-08-31
040715	ANDA	002	PH HEALTH	BENZTROPINE MESYLATE	BENZTROPINE MESYLATE	WMJ8TL7510	CPFJLLXFNPCTDW-BWSPSPBFSA-N	22	2007-08-27	AP	Prescription	true	2026-08-28	2026-08-31	2026-08-31	2026-08-31
040715	ANDA	003	PH HEALTH	BENZTROPINE MESYLATE	BENZTROPINE MESYLATE	WMJ8TL7510	CPFJLLXFNPCTDW-BWSPSPBFSA-N	22	2007-08-27	AP	Prescription	true	2026-08-28	2026-08-31	2026-08-31	2026-08-31
072264	ANDA	001	EPIC PHARMA LLC	BENZTROPINE MESYLATE	BENZTROPINE MESYLATE	WMJ8TL7510	CPFJLLXFNPCTDW-BWSPSPBFSA-N	22	1989-02-27	AP	Prescription	true	2026-08-28	2026-08-31	2026-08-31	2026-08-31
072265	ANDA	001	EPIC PHARMA LLC	BENZTROPINE MESYLATE	BENZTROPINE MESYLATE	WMJ8TL7510	CPFJLLXFNPCTDW-BWSPSPBFSA-N	22	1989-02-27	AP	Prescription	true	2026-08-28	2026-08-31	2026-08-31	2026-08-31
072266	ANDA	001	EPIC PHARMA LLC	BENZTROPINE MESYLATE	BENZTROPINE MESYLATE	WMJ8TL7510	CPFJLLXFNPCTDW-BWSPSPBFSA-N	22	1989-02-27	AP	Prescription	true	2026-08-28	2026-08-31	2026-08-31	2026-08-31
081265	ANDA	001	CHARTWELL RX	BENZTROPINE MESYLATE	BENZTROPINE MESYLATE	WMJ8TL7510	CPFJLLXFNPCTDW-BWSPSPBFSA-N	22	1992-01-23	AP	Prescription	true	2026-08-28	2026-08-31	2026-08-31	2026-08-31
081265	ANDA	002	CHARTWELL RX	BENZTROPINE MESYLATE	BENZTROPINE MESYLATE	WMJ8TL7510	CPFJLLXFNPCTDW-BWSPSPBFSA-N	22	1992-01-23	AP	Prescription	true	2026-08-28	2026-08-31	2026-08-31	2026-08-31
081265	ANDA	003	CHARTWELL RX	BENZTROPINE MESYLATE	BENZTROPINE MESYLATE	WMJ8TL7510	CPFJLLXFNPCTDW-BWSPSPBFSA-N	22	1992-01-23	AP	Prescription	true	2026-08-28	2026-08-31	2026-08-31	2026-08-31
088877	ANDA	001	LANNETT CO INC	BENZTROPINE MESYLATE	BENZTROPINE MESYLATE	WMJ8TL7510	CPFJLLXFNPCTDW-BWSPSPBFSA-N	22	1985-04-11	AP	Discontinued	false	2026-08-28	2026-08-31	2026-08-31	2026-08-31
088894	ANDA	001	LANNETT CO INC	BENZTROPINE MESYLATE	BENZTROPINE MESYLATE	WMJ8TL7510	CPFJLLXFNPCTDW-BWSPSPBFSA-N	22	1985-04-11	AP	Discontinued	false	2026-08-28	2026-08-31	2026-08-31	2026-08-31
088895	ANDA	001	LANNETT CO INC	BENZTROPINE MESYLATE	BENZTROPINE MESYLATE	WMJ8TL7510	CPFJLLXFNPCTDW-BWSPSPBFSA-N	22	1985-04-11	AP	Discontinued	false	2026-08-28	2026-08-31	2026-08-31	2026-08-31
089058	ANDA	001	PLIVA	BENZTROPINE MESYLATE	BENZTROPINE MESYLATE	WMJ8TL7510	CPFJLLXFNPCTDW-BWSPSPBFSA-N	22	1988-08-10	AP	Prescription	true	2026-08-28	2026-08-31	2026-08-31	2026-08-31
089059	ANDA	001	PLIVA	BENZTROPINE MESYLATE	BENZTROPINE MESYLATE	WMJ8TL7510	CPFJLLXFNPCTDW-BWSPSPBFSA-N	22	1988-08-10	AP	Prescription	true	2026-08-28	2026-08-31	2026-08-31	2026-08-31
089060	ANDA	001	PLIVA	BENZTROPINE MESYLATE	BENZTROPINE MESYLATE	WMJ8TL7510	CPFJLLXFNPCTDW-BWSPSPBFSA-N	22	1988-08-10	AP	Prescription	true	2026-08-28	2026-08-31	2026-08-31	2026-08-31
090168	ANDA	001	LEADING	BENZTROPINE MESYLATE	BENZTROPINE MESYLATE	WMJ8TL7510	CPFJLLXFNPCTDW-BWSPSPBFSA-N	22	2012-11-28	AP	Prescription	true	2026-08-28	2026-08-31	2026-08-31	2026-08-31
090168	ANDA	002	LEADING	BENZTROPINE MESYLATE	BENZTROPINE MESYLATE	WMJ8TL7510	CPFJLLXFNPCTDW-BWSPSPBFSA-N	22	2012-11-28	AP	Prescription	true	2026-08-28	2026-08-31	2026-08-31	2026-08-31
090168	ANDA	003	LEADING	BENZTROPINE MESYLATE	BENZTROPINE MESYLATE	WMJ8TL7510	CPFJLLXFNPCTDW-BWSPSPBFSA-N	22	2012-11-28	AP	Prescription	true	2026-08-28	2026-08-31	2026-08-31	2026-08-31
090233	ANDA	001	FRESENIUS KABI USA	BENZTROPINE MESYLATE	BENZTROPINE MESYLATE	WMJ8TL7510	CPFJLLXFNPCTDW-BWSPSPBFSA-N	22	2009-07-28	AP	Prescription	true	2026-08-28	2026-08-31	2026-08-31	2026-08-31
090287	ANDA	001	HIKMA FARMACEUTICA	BENZTROPINE MESYLATE	BENZTROPINE MESYLATE	WMJ8TL7510	CPFJLLXFNPCTDW-BWSPSPBFSA-N	22	2009-08-31	AP	Prescription	true	2026-08-28	2026-08-31	2026-08-31	2026-08-31
090294	ANDA	001	INVAGEN PHARMS	BENZTROPINE MESYLATE	BENZTROPINE MESYLATE	WMJ8TL7510	CPFJLLXFNPCTDW-BWSPSPBFSA-N	22	2010-03-29	AP	Discontinued	false	2026-08-28	2026-08-31	2026-08-31	2026-08-31
090294	ANDA	002	INVAGEN PHARMS	BENZTROPINE MESYLATE	BENZTROPINE MESYLATE	WMJ8TL7510	CPFJLLXFNPCTDW-BWSPSPBFSA-N	22	2010-03-29	AP	Discontinued	false	2026-08-28	2026-08-31	2026-08-31	2026-08-31
090294	ANDA	003	INVAGEN PHARMS	BENZTROPINE MESYLATE	BENZTROPINE MESYLATE	WMJ8TL7510	CPFJLLXFNPCTDW-BWSPSPBFSA-N	22	2010-03-29	AP	Discontinued	false	2026-08-28	2026-08-31	2026-08-31	2026-08-31
091152	ANDA	001	LUITPOLD	BENZTROPINE MESYLATE	BENZTROPINE MESYLATE	WMJ8TL7510	CPFJLLXFNPCTDW-BWSPSPBFSA-N	22	2010-03-29	AP	Discontinued	false	2026-08-28	2026-08-31	2026-08-31	2026-08-31
091525	ANDA	001	NAVINTA LLC	BENZTROPINE MESYLATE	BENZTROPINE MESYLATE	WMJ8TL7510	CPFJLLXFNPCTDW-BWSPSPBFSA-N	22	2013-02-05	AP	Prescription	true	2026-08-28	2026-08-31	2026-08-31	2026-08-31
204713	ANDA	001	NUVO PHARM	BENZTROPINE MESYLATE	BENZTROPINE MESYLATE	WMJ8TL7510	CPFJLLXFNPCTDW-BWSPSPBFSA-N	22	2015-04-14	AP	Prescription	true	2026-08-28	2026-08-31	2026-08-31	2026-08-31
204713	ANDA	002	NUVO PHARM	BENZTROPINE MESYLATE	BENZTROPINE MESYLATE	WMJ8TL7510	CPFJLLXFNPCTDW-BWSPSPBFSA-N	22	2015-04-14	AP	Prescription	true	2026-08-28	2026-08-31	2026-08-31	2026-08-31
204713	ANDA	003	NUVO PHARM	BENZTROPINE MESYLATE	BENZTROPINE MESYLATE	WMJ8TL7510	CPFJLLXFNPCTDW-BWSPSPBFSA-N	22	2015-04-14	AP	Prescription	true	2026-08-28	2026-08-31	2026-08-31	2026-08-31
209442	ANDA	001	HIKMA	BENZTROPINE MESYLATE	BENZTROPINE MESYLATE	WMJ8TL7510	CPFJLLXFNPCTDW-BWSPSPBFSA-N	22	2021-10-14	AP	Prescription	true	2026-08-28	2026-08-31	2026-08-31	2026-08-31
212694	ANDA	001	QUAGEN	BENZTROPINE MESYLATE	BENZTROPINE MESYLATE	WMJ8TL7510	CPFJLLXFNPCTDW-BWSPSPBFSA-N	22	2025-02-11	AP	Prescription	true	2026-08-28	2026-08-31	2026-08-31	2026-08-31
212694	ANDA	002	QUAGEN	BENZTROPINE MESYLATE	BENZTROPINE MESYLATE	WMJ8TL7510	CPFJLLXFNPCTDW-BWSPSPBFSA-N	22	2025-02-11	AP	Prescription	true	2026-08-28	2026-08-31	2026-08-31	2026-08-31
212694	ANDA	003	QUAGEN	BENZTROPINE MESYLATE	BENZTROPINE MESYLATE	WMJ8TL7510	CPFJLLXFNPCTDW-BWSPSPBFSA-N	22	2025-02-11	AP	Prescription	true	2026-08-28	2026-08-31	2026-08-31	2026-08-31
050706	NDA	001	PFIZER	MERREM IV	MEROPENEM	FV9J3JU8B1	CTUAQTBUVLKNDJ-OBZXMJSBSA-N	59	1996-06-21	AP	Discontinued	false	2026-08-28	2026-08-31	2026-08-31	2026-08-31
050706	NDA	003	PFIZER	MERREM IV	MEROPENEM	FV9J3JU8B1	CTUAQTBUVLKNDJ-OBZXMJSBSA-N	59	1996-06-21	AP	Discontinued	false	2026-08-28	2026-08-31	2026-08-31	2026-08-31
090940	ANDA	001	HOSPIRA INC	MEROPENEM	MEROPENEM	FV9J3JU8B1	CTUAQTBUVLKNDJ-OBZXMJSBSA-N	59	2010-06-22	AP	Discontinued	false	2026-08-28	2026-08-31	2026-08-31	2026-08-31
090940	ANDA	002	HOSPIRA INC	MEROPENEM	MEROPENEM	FV9J3JU8B1	CTUAQTBUVLKNDJ-OBZXMJSBSA-N	59	2010-06-22	AP	Discontinued	false	2026-08-28	2026-08-31	2026-08-31	2026-08-31
091201	ANDA	001	SANDOZ	MEROPENEM	MEROPENEM	FV9J3JU8B1	CTUAQTBUVLKNDJ-OBZXMJSBSA-N	59	2011-03-29	AP	Discontinued	false	2026-08-28	2026-08-31	2026-08-31	2026-08-31
091201	ANDA	002	SANDOZ	MEROPENEM	MEROPENEM	FV9J3JU8B1	CTUAQTBUVLKNDJ-OBZXMJSBSA-N	59	2011-03-29	AP	Discontinued	false	2026-08-28	2026-08-31	2026-08-31	2026-08-31
091404	ANDA	001	ACS DOBFAR	MEROPENEM	MEROPENEM	FV9J3JU8B1	CTUAQTBUVLKNDJ-OBZXMJSBSA-N	59	2011-10-26	AP	Prescription	true	2026-08-28	2026-08-31	2026-08-31	2026-08-31
091404	ANDA	002	ACS DOBFAR	MEROPENEM	MEROPENEM	FV9J3JU8B1	CTUAQTBUVLKNDJ-OBZXMJSBSA-N	59	2011-10-26	AP	Prescription	true	2026-08-28	2026-08-31	2026-08-31	2026-08-31
202106	NDA	001	B BRAUN MEDICAL	MEROPENEM AND SODIUM CHLORIDE IN DUPLEX CONTAINER	MEROPENEM	FV9J3JU8B1	CTUAQTBUVLKNDJ-OBZXMJSBSA-N	59	2015-04-30	AP	Prescription	true	2026-08-28	2026-08-31	2026-08-31	2026-08-31
202106	NDA	002	B BRAUN MEDICAL	MEROPENEM AND SODIUM CHLORIDE IN DUPLEX CONTAINER	MEROPENEM	FV9J3JU8B1	CTUAQTBUVLKNDJ-OBZXMJSBSA-N	59	2015-04-30	AP	Prescription	true	2026-08-28	2026-08-31	2026-08-31	2026-08-31
204139	ANDA	001	ACS DOBFAR SPA	MEROPENEM	MEROPENEM	FV9J3JU8B1	CTUAQTBUVLKNDJ-OBZXMJSBSA-N	59	2016-06-09	AP	Prescription	true	2026-08-28	2026-08-31	2026-08-31	2026-08-31
204139	ANDA	002	ACS DOBFAR SPA	MEROPENEM	MEROPENEM	FV9J3JU8B1	CTUAQTBUVLKNDJ-OBZXMJSBSA-N	59	2016-06-09	AP	Prescription	true	2026-08-28	2026-08-31	2026-08-31	2026-08-31
204854	ANDA	001	DAEWOONG PHARM CO	MEROPENEM	MEROPENEM	FV9J3JU8B1	CTUAQTBUVLKNDJ-OBZXMJSBSA-N	59	2015-12-18	AP	Discontinued	false	2026-08-28	2026-08-31	2026-08-31	2026-08-31
204854	ANDA	002	DAEWOONG PHARM CO	MEROPENEM	MEROPENEM	FV9J3JU8B1	CTUAQTBUVLKNDJ-OBZXMJSBSA-N	59	2015-12-18	AP	Discontinued	false	2026-08-28	2026-08-31	2026-08-31	2026-08-31
205835	ANDA	001	EUGIA PHARMA	MEROPENEM	MEROPENEM	FV9J3JU8B1	CTUAQTBUVLKNDJ-OBZXMJSBSA-N	59	2017-03-27	AP	Prescription	true	2026-08-28	2026-08-31	2026-08-31	2026-08-31
205835	ANDA	002	EUGIA PHARMA	MEROPENEM	MEROPENEM	FV9J3JU8B1	CTUAQTBUVLKNDJ-OBZXMJSBSA-N	59	2017-03-27	AP	Prescription	true	2026-08-28	2026-08-31	2026-08-31	2026-08-31
205883	ANDA	001	AMNEAL PHARMS	MEROPENEM	MEROPENEM	FV9J3JU8B1	CTUAQTBUVLKNDJ-OBZXMJSBSA-N	59	2016-04-12	AP	Prescription	true	2026-08-28	2026-08-31	2026-08-31	2026-08-31
205883	ANDA	002	AMNEAL PHARMS	MEROPENEM	MEROPENEM	FV9J3JU8B1	CTUAQTBUVLKNDJ-OBZXMJSBSA-N	59	2016-04-12	AP	Prescription	true	2026-08-28	2026-08-31	2026-08-31	2026-08-31
206086	ANDA	001	SAVIOR LIFETEC CORP	MEROPENEM	MEROPENEM	FV9J3JU8B1	CTUAQTBUVLKNDJ-OBZXMJSBSA-N	59	2016-04-19	AP	Prescription	true	2026-08-28	2026-08-31	2026-08-31	2026-08-31
206086	ANDA	002	SAVIOR LIFETEC CORP	MEROPENEM	MEROPENEM	FV9J3JU8B1	CTUAQTBUVLKNDJ-OBZXMJSBSA-N	59	2016-04-19	AP	Prescription	true	2026-08-28	2026-08-31	2026-08-31	2026-08-31
206141	ANDA	001	GLAND	MEROPENEM	MEROPENEM	FV9J3JU8B1	CTUAQTBUVLKNDJ-OBZXMJSBSA-N	59	2016-06-08	AP	Prescription	true	2026-08-28	2026-08-31	2026-08-31	2026-08-31
206141	ANDA	002	GLAND	MEROPENEM	MEROPENEM	FV9J3JU8B1	CTUAQTBUVLKNDJ-OBZXMJSBSA-N	59	2016-06-08	AP	Prescription	true	2026-08-28	2026-08-31	2026-08-31	2026-08-31
210773	ANDA	001	HQ SPCLT PHARMA	MEROPENEM	MEROPENEM	FV9J3JU8B1	CTUAQTBUVLKNDJ-OBZXMJSBSA-N	59	2019-08-16	AP	Prescription	true	2026-08-28	2026-08-31	2026-08-31	2026-08-31
210773	ANDA	002	HQ SPCLT PHARMA	MEROPENEM	MEROPENEM	FV9J3JU8B1	CTUAQTBUVLKNDJ-OBZXMJSBSA-N	59	2019-08-16	AP	Prescription	true	2026-08-28	2026-08-31	2026-08-31	2026-08-31
215212	NDA	001	HQ SPCLT PHARMA	MEROPENEM	MEROPENEM	FV9J3JU8B1	CTUAQTBUVLKNDJ-OBZXMJSBSA-N	59	2023-07-26	AP	Prescription	true	2026-08-28	2026-08-31	2026-08-31	2026-08-31
216154	ANDA	001	BROOKS STERISCIENCE	MEROPENEM	MEROPENEM	FV9J3JU8B1	CTUAQTBUVLKNDJ-OBZXMJSBSA-N	59	2022-08-18	AP	Prescription	true	2026-08-28	2026-08-31	2026-08-31	2026-08-31
216154	ANDA	002	BROOKS STERISCIENCE	MEROPENEM	MEROPENEM	FV9J3JU8B1	CTUAQTBUVLKNDJ-OBZXMJSBSA-N	59	2022-08-18	AP	Prescription	true	2026-08-28	2026-08-31	2026-08-31	2026-08-31
216424	ANDA	001	QILU	MEROPENEM	MEROPENEM	FV9J3JU8B1	CTUAQTBUVLKNDJ-OBZXMJSBSA-N	59	2024-07-22	AP	Prescription	true	2026-08-28	2026-08-31	2026-08-31	2026-08-31
216424	ANDA	002	QILU	MEROPENEM	MEROPENEM	FV9J3JU8B1	CTUAQTBUVLKNDJ-OBZXMJSBSA-N	59	2024-07-22	AP	Prescription	true	2026-08-28	2026-08-31	2026-08-31	2026-08-31
219084	ANDA	001	BROOKS STERISCIENCE	MEROPENEM	MEROPENEM	FV9J3JU8B1	CTUAQTBUVLKNDJ-OBZXMJSBSA-N	59	2025-06-23	AP	Prescription	true	2026-08-28	2026-08-31	2026-08-31	2026-08-31
209570	NDA	001	CHEMO RESEARCH SL	BENZNIDAZOLE	BENZNIDAZOLE	YC42NRJ1ZD	CULUWZNBISUWAS-UHFFFAOYSA-N	38	2017-08-29	AP	Prescription	true	2026-08-28	2026-08-31	2026-08-31	2026-08-31
209570	NDA	002	CHEMO RESEARCH SL	BENZNIDAZOLE	BENZNIDAZOLE	YC42NRJ1ZD	CULUWZNBISUWAS-UHFFFAOYSA-N	38	2017-08-29	AP	Prescription	true	2026-08-28	2026-08-31	2026-08-31	2026-08-31
219943	NDA	003	ASTRAZENECA	KOSELUGO	SELUMETINIB	6UH91I579U	CYOHGALHFOKKQC-UHFFFAOYSA-N	54	2025-09-10	AP	Prescription	true	2026-08-28	2026-08-31	2026-08-31	2026-08-31
219943	NDA	004	ASTRAZENECA	KOSELUGO	SELUMETINIB	6UH91I579U	CYOHGALHFOKKQC-UHFFFAOYSA-N	54	2025-09-10	AP	Prescription	true	2026-08-28	2026-08-31	2026-08-31	2026-08-31
050347	NDA	001	PFIZER	TROBICIN	SPECTINOMYCIN HYDROCHLORIDE	HWT06H303Z	DCHJOVNPPSBWHK-UXXUFHFZSA-N	41	1971-06-30	AP	Discontinued	false	2026-08-28	2026-08-31	2026-08-31	2026-08-31
050347	NDA	002	PFIZER	TROBICIN	SPECTINOMYCIN HYDROCHLORIDE	HWT06H303Z	DCHJOVNPPSBWHK-UXXUFHFZSA-N	41	1971-06-30	AP	Discontinued	false	2026-08-28	2026-08-31	2026-08-31	2026-08-31
050703	NDA	001	GLAXOSMITHKLINE	BACTROBAN	MUPIROCIN CALCIUM	RG38I2P540	DDHVILIIHBIMQU-YJGQQKNPSA-L	31	1995-09-18	AP	Discontinued	false	2026-08-28	2026-08-31	2026-08-31	2026-08-31
050746	NDA	001	GLAXOSMITHKLINE	BACTROBAN	MUPIROCIN CALCIUM	RG38I2P540	DDHVILIIHBIMQU-YJGQQKNPSA-L	31	1997-12-11	AP	Discontinued	false	2026-08-28	2026-08-31	2026-08-31	2026-08-31
201587	ANDA	001	GLENMARK PHARMS	MUPIROCIN	MUPIROCIN CALCIUM	RG38I2P540	DDHVILIIHBIMQU-YJGQQKNPSA-L	31	2013-01-24	AP	Prescription	true	2026-08-28	2026-08-31	2026-08-31	2026-08-31
207116	ANDA	001	SUN PHARMA CANADA	MUPIROCIN	MUPIROCIN CALCIUM	RG38I2P540	DDHVILIIHBIMQU-YJGQQKNPSA-L	31	2020-04-27	AP	Prescription	true	2026-08-28	2026-08-31	2026-08-31	2026-08-31
212465	ANDA	001	PADAGIS ISRAEL	MUPIROCIN	MUPIROCIN CALCIUM	RG38I2P540	DDHVILIIHBIMQU-YJGQQKNPSA-L	31	2022-08-03	AP	Discontinued	false	2026-08-28	2026-08-31	2026-08-31	2026-08-31
213053	ANDA	001	ALEMBIC	MUPIROCIN	MUPIROCIN CALCIUM	RG38I2P540	DDHVILIIHBIMQU-YJGQQKNPSA-L	31	2021-11-16	AP	Prescription	true	2026-08-28	2026-08-31	2026-08-31	2026-08-31
213076	ANDA	001	ENCUBE	MUPIROCIN	MUPIROCIN CALCIUM	RG38I2P540	DDHVILIIHBIMQU-YJGQQKNPSA-L	31	2021-08-31	AP	Prescription	true	2026-08-28	2026-08-31	2026-08-31	2026-08-31
214811	ANDA	001	AMNEAL	MUPIROCIN	MUPIROCIN CALCIUM	RG38I2P540	DDHVILIIHBIMQU-YJGQQKNPSA-L	31	2022-11-15	AP	Prescription	true	2026-08-28	2026-08-31	2026-08-31	2026-08-31
020846	NDA	001	KARO HLTHCARE	LAMISIL	TERBINAFINE	G7RIW8S0XP	DOMXUEMWDBAQBQ-WEVVVXLNSA-N	36	1998-04-29	AP	Discontinued	false	2026-08-28	2026-08-31	2026-08-31	2026-08-31
021958	NDA	001	KARO HLTHCARE	LAMISIL AT	TERBINAFINE	G7RIW8S0XP	DOMXUEMWDBAQBQ-WEVVVXLNSA-N	36	2006-07-24	AP	Over-the-counter	true	2026-08-28	2026-08-31	2026-08-31	2026-08-31
060593	ANDA	001	SANALUZ	SEROMYCIN	CYCLOSERINE	95IK5KI84Z	DYDCUQKUCUHJBH-UWTATZPHSA-N	51	1964-06-29	AP	Prescription	true	2026-08-28	2026-08-31	2026-08-31	2026-08-31
020759	NDA	001	PFIZER	TROVAN	TROVAFLOXACIN MESYLATE	0P1LKO80WN	DYNZICQDCVYXFW-AHZSKCOESA-N	18	1997-12-18	AP	Discontinued	false	2026-08-28	2026-08-31	2026-08-31	2026-08-31
020759	NDA	002	PFIZER	TROVAN	TROVAFLOXACIN MESYLATE	0P1LKO80WN	DYNZICQDCVYXFW-AHZSKCOESA-N	18	1997-12-18	AP	Discontinued	false	2026-08-28	2026-08-31	2026-08-31	2026-08-31
020677	NDA	001	MYLAN	ZAGAM	SPARFLOXACIN	Q90AGA787L	DZZWHBIBMUVIIW-DTORHVGOSA-N	31	1996-12-19	AP	Discontinued	false	2026-08-28	2026-08-31	2026-08-31	2026-08-31
009149	NDA	002	GLAXOSMITHKLINE	THORAZINE	CHLORPROMAZINE HYDROCHLORIDE	9WP59609J6	FBSMERQALIEGJT-UHFFFAOYSA-N	43	1957-11-20	AP	Discontinued	false	2026-08-28	2026-08-31	2026-08-31	2026-08-31
009149	NDA	007	GLAXOSMITHKLINE	THORAZINE	CHLORPROMAZINE HYDROCHLORIDE	9WP59609J6	FBSMERQALIEGJT-UHFFFAOYSA-N	43	1957-11-20	AP	Discontinued	false	2026-08-28	2026-08-31	2026-08-31	2026-08-31
009149	NDA	011	GLAXOSMITHKLINE	THORAZINE	CHLORPROMAZINE HYDROCHLORIDE	9WP59609J6	FBSMERQALIEGJT-UHFFFAOYSA-N	43	1957-11-20	AP	Discontinued	false	2026-08-28	2026-08-31	2026-08-31	2026-08-31
009149	NDA	013	GLAXOSMITHKLINE	THORAZINE	CHLORPROMAZINE HYDROCHLORIDE	9WP59609J6	FBSMERQALIEGJT-UHFFFAOYSA-N	43	1957-11-20	AP	Discontinued	false	2026-08-28	2026-08-31	2026-08-31	2026-08-31
009149	NDA	018	GLAXOSMITHKLINE	THORAZINE	CHLORPROMAZINE HYDROCHLORIDE	9WP59609J6	FBSMERQALIEGJT-UHFFFAOYSA-N	43	1957-11-20	AP	Discontinued	false	2026-08-28	2026-08-31	2026-08-31	2026-08-31
009149	NDA	020	GLAXOSMITHKLINE	THORAZINE	CHLORPROMAZINE HYDROCHLORIDE	9WP59609J6	FBSMERQALIEGJT-UHFFFAOYSA-N	43	1957-11-20	AP	Discontinued	false	2026-08-28	2026-08-31	2026-08-31	2026-08-31
009149	NDA	022	GLAXOSMITHKLINE	THORAZINE	CHLORPROMAZINE HYDROCHLORIDE	9WP59609J6	FBSMERQALIEGJT-UHFFFAOYSA-N	43	1957-11-20	AP	Discontinued	false	2026-08-28	2026-08-31	2026-08-31	2026-08-31
009149	NDA	032	GLAXOSMITHKLINE	THORAZINE	CHLORPROMAZINE HYDROCHLORIDE	9WP59609J6	FBSMERQALIEGJT-UHFFFAOYSA-N	43	1957-11-20	AP	Discontinued	false	2026-08-28	2026-08-31	2026-08-31	2026-08-31
009149	NDA	043	GLAXOSMITHKLINE	THORAZINE	CHLORPROMAZINE HYDROCHLORIDE	9WP59609J6	FBSMERQALIEGJT-UHFFFAOYSA-N	43	1957-11-20	AP	Discontinued	false	2026-08-28	2026-08-31	2026-08-31	2026-08-31
011120	NDA	016	GLAXOSMITHKLINE	THORAZINE	CHLORPROMAZINE HYDROCHLORIDE	9WP59609J6	FBSMERQALIEGJT-UHFFFAOYSA-N	43	1957-09-18	AP	Discontinued	false	2026-08-28	2026-08-31	2026-08-31	2026-08-31
011120	NDA	017	GLAXOSMITHKLINE	THORAZINE	CHLORPROMAZINE HYDROCHLORIDE	9WP59609J6	FBSMERQALIEGJT-UHFFFAOYSA-N	43	1957-09-18	AP	Discontinued	false	2026-08-28	2026-08-31	2026-08-31	2026-08-31
011120	NDA	018	GLAXOSMITHKLINE	THORAZINE	CHLORPROMAZINE HYDROCHLORIDE	9WP59609J6	FBSMERQALIEGJT-UHFFFAOYSA-N	43	1957-09-18	AP	Discontinued	false	2026-08-28	2026-08-31	2026-08-31	2026-08-31
011120	NDA	019	GLAXOSMITHKLINE	THORAZINE	CHLORPROMAZINE HYDROCHLORIDE	9WP59609J6	FBSMERQALIEGJT-UHFFFAOYSA-N	43	1957-09-18	AP	Discontinued	false	2026-08-28	2026-08-31	2026-08-31	2026-08-31
011120	NDA	020	GLAXOSMITHKLINE	THORAZINE	CHLORPROMAZINE HYDROCHLORIDE	9WP59609J6	FBSMERQALIEGJT-UHFFFAOYSA-N	43	1957-09-18	AP	Discontinued	false	2026-08-28	2026-08-31	2026-08-31	2026-08-31
040224	ANDA	001	PHARM ASSOC	CHLORPROMAZINE HYDROCHLORIDE	CHLORPROMAZINE HYDROCHLORIDE	9WP59609J6	FBSMERQALIEGJT-UHFFFAOYSA-N	43	1999-01-26	AP	Discontinued	false	2026-08-28	2026-08-31	2026-08-31	2026-08-31
040231	ANDA	001	PHARM ASSOC	CHLORPROMAZINE HYDROCHLORIDE	CHLORPROMAZINE HYDROCHLORIDE	9WP59609J6	FBSMERQALIEGJT-UHFFFAOYSA-N	43	1999-12-30	AP	Discontinued	false	2026-08-28	2026-08-31	2026-08-31	2026-08-31
080365	ANDA	001	DR REDDYS	CHLORPROMAZINE HYDROCHLORIDE	CHLORPROMAZINE HYDROCHLORIDE	9WP59609J6	FBSMERQALIEGJT-UHFFFAOYSA-N	43	1974-02-13	AP	Prescription	true	2026-08-28	2026-08-31	2026-08-31	2026-08-31
080439	ANDA	001	CHARTWELL RX	CHLORPROMAZINE HYDROCHLORIDE	CHLORPROMAZINE HYDROCHLORIDE	9WP59609J6	FBSMERQALIEGJT-UHFFFAOYSA-N	43	1973-01-03	AP	Discontinued	false	2026-08-28	2026-08-31	2026-08-31	2026-08-31
080439	ANDA	002	CHARTWELL RX	CHLORPROMAZINE HYDROCHLORIDE	CHLORPROMAZINE HYDROCHLORIDE	9WP59609J6	FBSMERQALIEGJT-UHFFFAOYSA-N	43	1973-01-03	AP	Discontinued	false	2026-08-28	2026-08-31	2026-08-31	2026-08-31
080439	ANDA	003	CHARTWELL RX	CHLORPROMAZINE HYDROCHLORIDE	CHLORPROMAZINE HYDROCHLORIDE	9WP59609J6	FBSMERQALIEGJT-UHFFFAOYSA-N	43	1973-01-03	AP	Discontinued	false	2026-08-28	2026-08-31	2026-08-31	2026-08-31
080439	ANDA	004	CHARTWELL RX	CHLORPROMAZINE HYDROCHLORIDE	CHLORPROMAZINE HYDROCHLORIDE	9WP59609J6	FBSMERQALIEGJT-UHFFFAOYSA-N	43	1973-01-03	AP	Discontinued	false	2026-08-28	2026-08-31	2026-08-31	2026-08-31
080439	ANDA	005	CHARTWELL RX	CHLORPROMAZINE HYDROCHLORIDE	CHLORPROMAZINE HYDROCHLORIDE	9WP59609J6	FBSMERQALIEGJT-UHFFFAOYSA-N	43	1973-01-03	AP	Discontinued	false	2026-08-28	2026-08-31	2026-08-31	2026-08-31
080983	ANDA	004	SAPTALIS PHARMS	SONAZINE	CHLORPROMAZINE HYDROCHLORIDE	9WP59609J6	FBSMERQALIEGJT-UHFFFAOYSA-N	43	1976-03-01	AP	Prescription	true	2026-08-28	2026-08-31	2026-08-31	2026-08-31
080983	ANDA	005	SAPTALIS PHARMS	SONAZINE	CHLORPROMAZINE HYDROCHLORIDE	9WP59609J6	FBSMERQALIEGJT-UHFFFAOYSA-N	43	1976-03-01	AP	Prescription	true	2026-08-28	2026-08-31	2026-08-31	2026-08-31
083040	ANDA	001	CHARTWELL RX	SONAZINE	CHLORPROMAZINE HYDROCHLORIDE	9WP59609J6	FBSMERQALIEGJT-UHFFFAOYSA-N	43	1976-03-04	AP	Discontinued	false	2026-08-28	2026-08-31	2026-08-31	2026-08-31
083329	ANDA	001	HIKMA	CHLORPROMAZINE HYDROCHLORIDE	CHLORPROMAZINE HYDROCHLORIDE	9WP59609J6	FBSMERQALIEGJT-UHFFFAOYSA-N	43	1974-07-25	AP	Prescription	true	2026-08-28	2026-08-31	2026-08-31	2026-08-31
083386	ANDA	001	UPSHER SMITH LABS	CHLORPROMAZINE HYDROCHLORIDE	CHLORPROMAZINE HYDROCHLORIDE	9WP59609J6	FBSMERQALIEGJT-UHFFFAOYSA-N	43	1974-07-09	AP	Prescription	true	2026-08-28	2026-08-31	2026-08-31	2026-08-31
083549	ANDA	001	IVAX SUB TEVA PHARMS	CHLORPROMAZINE HYDROCHLORIDE	CHLORPROMAZINE HYDROCHLORIDE	9WP59609J6	FBSMERQALIEGJT-UHFFFAOYSA-N	43	1974-05-06	AP	Discontinued	false	2026-08-28	2026-08-31	2026-08-31	2026-08-31
083549	ANDA	002	IVAX SUB TEVA PHARMS	CHLORPROMAZINE HYDROCHLORIDE	CHLORPROMAZINE HYDROCHLORIDE	9WP59609J6	FBSMERQALIEGJT-UHFFFAOYSA-N	43	1974-05-06	AP	Discontinued	false	2026-08-28	2026-08-31	2026-08-31	2026-08-31
083549	ANDA	003	IVAX SUB TEVA PHARMS	CHLORPROMAZINE HYDROCHLORIDE	CHLORPROMAZINE HYDROCHLORIDE	9WP59609J6	FBSMERQALIEGJT-UHFFFAOYSA-N	43	1974-05-06	AP	Discontinued	false	2026-08-28	2026-08-31	2026-08-31	2026-08-31
083574	ANDA	001	IVAX SUB TEVA PHARMS	CHLORPROMAZINE HYDROCHLORIDE	CHLORPROMAZINE HYDROCHLORIDE	9WP59609J6	FBSMERQALIEGJT-UHFFFAOYSA-N	43	1974-05-06	AP	Discontinued	false	2026-08-28	2026-08-31	2026-08-31	2026-08-31
083575	ANDA	001	IVAX SUB TEVA PHARMS	CHLORPROMAZINE HYDROCHLORIDE	CHLORPROMAZINE HYDROCHLORIDE	9WP59609J6	FBSMERQALIEGJT-UHFFFAOYSA-N	43	1974-05-06	AP	Discontinued	false	2026-08-28	2026-08-31	2026-08-31	2026-08-31
084112	ANDA	001	UPSHER SMITH LABS	CHLORPROMAZINE HYDROCHLORIDE	CHLORPROMAZINE HYDROCHLORIDE	9WP59609J6	FBSMERQALIEGJT-UHFFFAOYSA-N	43	1974-07-09	AP	Prescription	true	2026-08-28	2026-08-31	2026-08-31	2026-08-31
084113	ANDA	001	UPSHER SMITH LABS	CHLORPROMAZINE HYDROCHLORIDE	CHLORPROMAZINE HYDROCHLORIDE	9WP59609J6	FBSMERQALIEGJT-UHFFFAOYSA-N	43	1974-07-09	AP	Prescription	true	2026-08-28	2026-08-31	2026-08-31	2026-08-31
084114	ANDA	001	UPSHER SMITH LABS	CHLORPROMAZINE HYDROCHLORIDE	CHLORPROMAZINE HYDROCHLORIDE	9WP59609J6	FBSMERQALIEGJT-UHFFFAOYSA-N	43	1974-07-09	AP	Prescription	true	2026-08-28	2026-08-31	2026-08-31	2026-08-31
084115	ANDA	001	UPSHER SMITH LABS	CHLORPROMAZINE HYDROCHLORIDE	CHLORPROMAZINE HYDROCHLORIDE	9WP59609J6	FBSMERQALIEGJT-UHFFFAOYSA-N	43	1974-07-09	AP	Prescription	true	2026-08-28	2026-08-31	2026-08-31	2026-08-31
084423	ANDA	001	PARKE DAVIS	PROMAPAR	CHLORPROMAZINE HYDROCHLORIDE	9WP59609J6	FBSMERQALIEGJT-UHFFFAOYSA-N	43	1980-08-13	AP	Discontinued	false	2026-08-28	2026-08-31	2026-08-31	2026-08-31
084803	ANDA	001	LEDERLE	CHLORPROMAZINE HYDROCHLORIDE	CHLORPROMAZINE HYDROCHLORIDE	9WP59609J6	FBSMERQALIEGJT-UHFFFAOYSA-N	43	1972-03-16	AP	Discontinued	false	2026-08-28	2026-08-31	2026-08-31	2026-08-31
084911	ANDA	001	ABRAXIS PHARM	CHLORPROMAZINE HYDROCHLORIDE	CHLORPROMAZINE HYDROCHLORIDE	9WP59609J6	FBSMERQALIEGJT-UHFFFAOYSA-N	43	1977-12-08	AP	Discontinued	false	2026-08-28	2026-08-31	2026-08-31	2026-08-31
085484	ANDA	001	KV PHARM	CHLORPROMAZINE HYDROCHLORIDE	CHLORPROMAZINE HYDROCHLORIDE	9WP59609J6	FBSMERQALIEGJT-UHFFFAOYSA-N	43	1978-02-06	AP	Discontinued	false	2026-08-28	2026-08-31	2026-08-31	2026-08-31
085591	ANDA	001	WATSON LABS	CHLORPROMAZINE HYDROCHLORIDE	CHLORPROMAZINE HYDROCHLORIDE	9WP59609J6	FBSMERQALIEGJT-UHFFFAOYSA-N	43	1977-07-01	AP	Discontinued	false	2026-08-28	2026-08-31	2026-08-31	2026-08-31
085748	ANDA	002	KV PHARM	CHLORPROMAZINE HYDROCHLORIDE	CHLORPROMAZINE HYDROCHLORIDE	9WP59609J6	FBSMERQALIEGJT-UHFFFAOYSA-N	43	1978-02-06	AP	Discontinued	false	2026-08-28	2026-08-31	2026-08-31	2026-08-31
085750	ANDA	002	KV PHARM	CHLORPROMAZINE HYDROCHLORIDE	CHLORPROMAZINE HYDROCHLORIDE	9WP59609J6	FBSMERQALIEGJT-UHFFFAOYSA-N	43	1978-02-06	AP	Discontinued	false	2026-08-28	2026-08-31	2026-08-31	2026-08-31
085751	ANDA	001	KV PHARM	CHLORPROMAZINE HYDROCHLORIDE	CHLORPROMAZINE HYDROCHLORIDE	9WP59609J6	FBSMERQALIEGJT-UHFFFAOYSA-N	43	1978-02-06	AP	Discontinued	false	2026-08-28	2026-08-31	2026-08-31	2026-08-31
085752	ANDA	001	KV PHARM	CHLORPROMAZINE HYDROCHLORIDE	CHLORPROMAZINE HYDROCHLORIDE	9WP59609J6	FBSMERQALIEGJT-UHFFFAOYSA-N	43	1978-02-06	AP	Discontinued	false	2026-08-28	2026-08-31	2026-08-31	2026-08-31
085956	ANDA	001	WATSON LABS	CHLORPROMAZINE HYDROCHLORIDE	CHLORPROMAZINE HYDROCHLORIDE	9WP59609J6	FBSMERQALIEGJT-UHFFFAOYSA-N	43	1979-11-16	AP	Discontinued	false	2026-08-28	2026-08-31	2026-08-31	2026-08-31
085957	ANDA	001	WATSON LABS	CHLORPROMAZINE HYDROCHLORIDE	CHLORPROMAZINE HYDROCHLORIDE	9WP59609J6	FBSMERQALIEGJT-UHFFFAOYSA-N	43	1980-12-17	AP	Discontinued	false	2026-08-28	2026-08-31	2026-08-31	2026-08-31
085958	ANDA	001	WATSON LABS	CHLORPROMAZINE HYDROCHLORIDE	CHLORPROMAZINE HYDROCHLORIDE	9WP59609J6	FBSMERQALIEGJT-UHFFFAOYSA-N	43	1980-12-17	AP	Discontinued	false	2026-08-28	2026-08-31	2026-08-31	2026-08-31
085959	ANDA	001	WATSON LABS	CHLORPROMAZINE HYDROCHLORIDE	CHLORPROMAZINE HYDROCHLORIDE	9WP59609J6	FBSMERQALIEGJT-UHFFFAOYSA-N	43	1980-12-17	AP	Discontinued	false	2026-08-28	2026-08-31	2026-08-31	2026-08-31
085960	ANDA	001	WATSON LABS	CHLORPROMAZINE HYDROCHLORIDE	CHLORPROMAZINE HYDROCHLORIDE	9WP59609J6	FBSMERQALIEGJT-UHFFFAOYSA-N	43	1979-11-19	AP	Discontinued	false	2026-08-28	2026-08-31	2026-08-31	2026-08-31
086712	ANDA	001	ALPHARMA US PHARMS	CHLORPROMAZINE HYDROCHLORIDE	CHLORPROMAZINE HYDROCHLORIDE	9WP59609J6	FBSMERQALIEGJT-UHFFFAOYSA-N	43	1980-11-10	AP	Discontinued	false	2026-08-28	2026-08-31	2026-08-31	2026-08-31
086863	ANDA	001	ACTAVIS MID ATLANTIC	CHLORPROMAZINE HYDROCHLORIDE	CHLORPROMAZINE HYDROCHLORIDE	9WP59609J6	FBSMERQALIEGJT-UHFFFAOYSA-N	43	1980-11-07	AP	Discontinued	false	2026-08-28	2026-08-31	2026-08-31	2026-08-31
086885	ANDA	001	PARKE DAVIS	PROMAPAR	CHLORPROMAZINE HYDROCHLORIDE	9WP59609J6	FBSMERQALIEGJT-UHFFFAOYSA-N	43	1980-08-13	AP	Discontinued	false	2026-08-28	2026-08-31	2026-08-31	2026-08-31
086886	ANDA	001	PARKE DAVIS	PROMAPAR	CHLORPROMAZINE HYDROCHLORIDE	9WP59609J6	FBSMERQALIEGJT-UHFFFAOYSA-N	43	1980-08-13	AP	Discontinued	false	2026-08-28	2026-08-31	2026-08-31	2026-08-31
086888	ANDA	001	PARKE DAVIS	PROMAPAR	CHLORPROMAZINE HYDROCHLORIDE	9WP59609J6	FBSMERQALIEGJT-UHFFFAOYSA-N	43	1980-08-13	AP	Discontinued	false	2026-08-28	2026-08-31	2026-08-31	2026-08-31
087032	ANDA	001	WOCKHARDT	CHLORPROMAZINE HYDROCHLORIDE	CHLORPROMAZINE HYDROCHLORIDE	9WP59609J6	FBSMERQALIEGJT-UHFFFAOYSA-N	43	1982-07-08	AP	Discontinued	false	2026-08-28	2026-08-31	2026-08-31	2026-08-31
087053	ANDA	001	WOCKHARDT	CHLORPROMAZINE HYDROCHLORIDE	CHLORPROMAZINE HYDROCHLORIDE	9WP59609J6	FBSMERQALIEGJT-UHFFFAOYSA-N	43	1981-02-04	AP	Discontinued	false	2026-08-28	2026-08-31	2026-08-31	2026-08-31
087645	ANDA	001	VANGARD	CHLORPROMAZINE HYDROCHLORIDE	CHLORPROMAZINE HYDROCHLORIDE	9WP59609J6	FBSMERQALIEGJT-UHFFFAOYSA-N	43	1981-12-14	AP	Discontinued	false	2026-08-28	2026-08-31	2026-08-31	2026-08-31
087646	ANDA	001	VANGARD	CHLORPROMAZINE HYDROCHLORIDE	CHLORPROMAZINE HYDROCHLORIDE	9WP59609J6	FBSMERQALIEGJT-UHFFFAOYSA-N	43	1981-12-14	AP	Discontinued	false	2026-08-28	2026-08-31	2026-08-31	2026-08-31
087865	ANDA	001	WEST WARD	CHLORPROMAZINE HYDROCHLORIDE	CHLORPROMAZINE HYDROCHLORIDE	9WP59609J6	FBSMERQALIEGJT-UHFFFAOYSA-N	43	1982-09-16	AP	Discontinued	false	2026-08-28	2026-08-31	2026-08-31	2026-08-31
088038	ANDA	001	VANGARD	CHLORPROMAZINE HYDROCHLORIDE	CHLORPROMAZINE HYDROCHLORIDE	9WP59609J6	FBSMERQALIEGJT-UHFFFAOYSA-N	43	1982-08-16	AP	Discontinued	false	2026-08-28	2026-08-31	2026-08-31	2026-08-31
088157	ANDA	001	HIKMA	CHLORPROMAZINE HYDROCHLORIDE INTENSOL	CHLORPROMAZINE HYDROCHLORIDE	9WP59609J6	FBSMERQALIEGJT-UHFFFAOYSA-N	43	1983-04-27	AP	Discontinued	false	2026-08-28	2026-08-31	2026-08-31	2026-08-31
088158	ANDA	001	HIKMA	CHLORPROMAZINE HYDROCHLORIDE INTENSOL	CHLORPROMAZINE HYDROCHLORIDE	9WP59609J6	FBSMERQALIEGJT-UHFFFAOYSA-N	43	1983-04-27	AP	Discontinued	false	2026-08-28	2026-08-31	2026-08-31	2026-08-31
089563	ANDA	001	MARSAM PHARMS LLC	CHLORPROMAZINE HYDROCHLORIDE	CHLORPROMAZINE HYDROCHLORIDE	9WP59609J6	FBSMERQALIEGJT-UHFFFAOYSA-N	43	1988-04-15	AP	Discontinued	false	2026-08-28	2026-08-31	2026-08-31	2026-08-31
209755	ANDA	001	AMNEAL PHARMS CO	CHLORPROMAZINE HYDROCHLORIDE	CHLORPROMAZINE HYDROCHLORIDE	9WP59609J6	FBSMERQALIEGJT-UHFFFAOYSA-N	43	2018-09-10	AP	Prescription	true	2026-08-28	2026-08-31	2026-08-31	2026-08-31
209755	ANDA	002	AMNEAL PHARMS CO	CHLORPROMAZINE HYDROCHLORIDE	CHLORPROMAZINE HYDROCHLORIDE	9WP59609J6	FBSMERQALIEGJT-UHFFFAOYSA-N	43	2018-09-10	AP	Prescription	true	2026-08-28	2026-08-31	2026-08-31	2026-08-31
209755	ANDA	003	AMNEAL PHARMS CO	CHLORPROMAZINE HYDROCHLORIDE	CHLORPROMAZINE HYDROCHLORIDE	9WP59609J6	FBSMERQALIEGJT-UHFFFAOYSA-N	43	2018-09-10	AP	Prescription	true	2026-08-28	2026-08-31	2026-08-31	2026-08-31
209755	ANDA	004	AMNEAL PHARMS CO	CHLORPROMAZINE HYDROCHLORIDE	CHLORPROMAZINE HYDROCHLORIDE	9WP59609J6	FBSMERQALIEGJT-UHFFFAOYSA-N	43	2018-09-10	AP	Prescription	true	2026-08-28	2026-08-31	2026-08-31	2026-08-31
209755	ANDA	005	AMNEAL PHARMS CO	CHLORPROMAZINE HYDROCHLORIDE	CHLORPROMAZINE HYDROCHLORIDE	9WP59609J6	FBSMERQALIEGJT-UHFFFAOYSA-N	43	2018-09-10	AP	Prescription	true	2026-08-28	2026-08-31	2026-08-31	2026-08-31
211816	ANDA	001	EUGIA PHARMA	CHLORPROMAZINE HYDROCHLORIDE	CHLORPROMAZINE HYDROCHLORIDE	9WP59609J6	FBSMERQALIEGJT-UHFFFAOYSA-N	43	2020-07-07	AP	Prescription	true	2026-08-28	2026-08-31	2026-08-31	2026-08-31
212144	ANDA	001	GLENMARK PHARMS LTD	CHLORPROMAZINE HYDROCHLORIDE	CHLORPROMAZINE HYDROCHLORIDE	9WP59609J6	FBSMERQALIEGJT-UHFFFAOYSA-N	43	2021-03-23	AP	Prescription	true	2026-08-28	2026-08-31	2026-08-31	2026-08-31
212144	ANDA	002	GLENMARK PHARMS LTD	CHLORPROMAZINE HYDROCHLORIDE	CHLORPROMAZINE HYDROCHLORIDE	9WP59609J6	FBSMERQALIEGJT-UHFFFAOYSA-N	43	2021-03-23	AP	Prescription	true	2026-08-28	2026-08-31	2026-08-31	2026-08-31
212144	ANDA	003	GLENMARK PHARMS LTD	CHLORPROMAZINE HYDROCHLORIDE	CHLORPROMAZINE HYDROCHLORIDE	9WP59609J6	FBSMERQALIEGJT-UHFFFAOYSA-N	43	2021-03-23	AP	Prescription	true	2026-08-28	2026-08-31	2026-08-31	2026-08-31
212144	ANDA	004	GLENMARK PHARMS LTD	CHLORPROMAZINE HYDROCHLORIDE	CHLORPROMAZINE HYDROCHLORIDE	9WP59609J6	FBSMERQALIEGJT-UHFFFAOYSA-N	43	2021-03-23	AP	Prescription	true	2026-08-28	2026-08-31	2026-08-31	2026-08-31
212144	ANDA	005	GLENMARK PHARMS LTD	CHLORPROMAZINE HYDROCHLORIDE	CHLORPROMAZINE HYDROCHLORIDE	9WP59609J6	FBSMERQALIEGJT-UHFFFAOYSA-N	43	2021-03-23	AP	Prescription	true	2026-08-28	2026-08-31	2026-08-31	2026-08-31
212630	ANDA	001	ZAMEER PHARMS	CHLORPROMAZINE HYDROCHLORIDE	CHLORPROMAZINE HYDROCHLORIDE	9WP59609J6	FBSMERQALIEGJT-UHFFFAOYSA-N	43	2021-11-29	AP	Prescription	true	2026-08-28	2026-08-31	2026-08-31	2026-08-31
212630	ANDA	002	ZAMEER PHARMS	CHLORPROMAZINE HYDROCHLORIDE	CHLORPROMAZINE HYDROCHLORIDE	9WP59609J6	FBSMERQALIEGJT-UHFFFAOYSA-N	43	2021-11-29	AP	Prescription	true	2026-08-28	2026-08-31	2026-08-31	2026-08-31
212630	ANDA	003	ZAMEER PHARMS	CHLORPROMAZINE HYDROCHLORIDE	CHLORPROMAZINE HYDROCHLORIDE	9WP59609J6	FBSMERQALIEGJT-UHFFFAOYSA-N	43	2021-11-29	AP	Prescription	true	2026-08-28	2026-08-31	2026-08-31	2026-08-31
212630	ANDA	004	ZAMEER PHARMS	CHLORPROMAZINE HYDROCHLORIDE	CHLORPROMAZINE HYDROCHLORIDE	9WP59609J6	FBSMERQALIEGJT-UHFFFAOYSA-N	43	2021-11-29	AP	Prescription	true	2026-08-28	2026-08-31	2026-08-31	2026-08-31
212630	ANDA	005	ZAMEER PHARMS	CHLORPROMAZINE HYDROCHLORIDE	CHLORPROMAZINE HYDROCHLORIDE	9WP59609J6	FBSMERQALIEGJT-UHFFFAOYSA-N	43	2021-11-29	AP	Prescription	true	2026-08-28	2026-08-31	2026-08-31	2026-08-31
212996	ANDA	001	LANNETT CO INC	CHLORPROMAZINE HYDROCHLORIDE	CHLORPROMAZINE HYDROCHLORIDE	9WP59609J6	FBSMERQALIEGJT-UHFFFAOYSA-N	43	2021-01-22	AP	Prescription	true	2026-08-28	2026-08-31	2026-08-31	2026-08-31
212996	ANDA	002	LANNETT CO INC	CHLORPROMAZINE HYDROCHLORIDE	CHLORPROMAZINE HYDROCHLORIDE	9WP59609J6	FBSMERQALIEGJT-UHFFFAOYSA-N	43	2021-01-22	AP	Prescription	true	2026-08-28	2026-08-31	2026-08-31	2026-08-31
212996	ANDA	003	LANNETT CO INC	CHLORPROMAZINE HYDROCHLORIDE	CHLORPROMAZINE HYDROCHLORIDE	9WP59609J6	FBSMERQALIEGJT-UHFFFAOYSA-N	43	2021-01-22	AP	Prescription	true	2026-08-28	2026-08-31	2026-08-31	2026-08-31
212996	ANDA	004	LANNETT CO INC	CHLORPROMAZINE HYDROCHLORIDE	CHLORPROMAZINE HYDROCHLORIDE	9WP59609J6	FBSMERQALIEGJT-UHFFFAOYSA-N	43	2021-01-22	AP	Prescription	true	2026-08-28	2026-08-31	2026-08-31	2026-08-31
212996	ANDA	005	LANNETT CO INC	CHLORPROMAZINE HYDROCHLORIDE	CHLORPROMAZINE HYDROCHLORIDE	9WP59609J6	FBSMERQALIEGJT-UHFFFAOYSA-N	43	2021-01-22	AP	Prescription	true	2026-08-28	2026-08-31	2026-08-31	2026-08-31
213327	ANDA	001	LUPIN	CHLORPROMAZINE HYDROCHLORIDE	CHLORPROMAZINE HYDROCHLORIDE	9WP59609J6	FBSMERQALIEGJT-UHFFFAOYSA-N	43	2023-07-13	AP	Prescription	true	2026-08-28	2026-08-31	2026-08-31	2026-08-31
213327	ANDA	002	LUPIN	CHLORPROMAZINE HYDROCHLORIDE	CHLORPROMAZINE HYDROCHLORIDE	9WP59609J6	FBSMERQALIEGJT-UHFFFAOYSA-N	43	2023-07-13	AP	Prescription	true	2026-08-28	2026-08-31	2026-08-31	2026-08-31
213327	ANDA	003	LUPIN	CHLORPROMAZINE HYDROCHLORIDE	CHLORPROMAZINE HYDROCHLORIDE	9WP59609J6	FBSMERQALIEGJT-UHFFFAOYSA-N	43	2023-07-13	AP	Prescription	true	2026-08-28	2026-08-31	2026-08-31	2026-08-31
213327	ANDA	004	LUPIN	CHLORPROMAZINE HYDROCHLORIDE	CHLORPROMAZINE HYDROCHLORIDE	9WP59609J6	FBSMERQALIEGJT-UHFFFAOYSA-N	43	2023-07-13	AP	Prescription	true	2026-08-28	2026-08-31	2026-08-31	2026-08-31
213327	ANDA	005	LUPIN	CHLORPROMAZINE HYDROCHLORIDE	CHLORPROMAZINE HYDROCHLORIDE	9WP59609J6	FBSMERQALIEGJT-UHFFFAOYSA-N	43	2023-07-13	AP	Prescription	true	2026-08-28	2026-08-31	2026-08-31	2026-08-31
213368	ANDA	001	ZYDUS LIFESCIENCES	CHLORPROMAZINE HYDROCHLORIDE	CHLORPROMAZINE HYDROCHLORIDE	9WP59609J6	FBSMERQALIEGJT-UHFFFAOYSA-N	43	2020-01-17	AP	Prescription	true	2026-08-28	2026-08-31	2026-08-31	2026-08-31
213368	ANDA	002	ZYDUS LIFESCIENCES	CHLORPROMAZINE HYDROCHLORIDE	CHLORPROMAZINE HYDROCHLORIDE	9WP59609J6	FBSMERQALIEGJT-UHFFFAOYSA-N	43	2020-01-17	AP	Prescription	true	2026-08-28	2026-08-31	2026-08-31	2026-08-31
213368	ANDA	003	ZYDUS LIFESCIENCES	CHLORPROMAZINE HYDROCHLORIDE	CHLORPROMAZINE HYDROCHLORIDE	9WP59609J6	FBSMERQALIEGJT-UHFFFAOYSA-N	43	2020-01-17	AP	Prescription	true	2026-08-28	2026-08-31	2026-08-31	2026-08-31
213368	ANDA	004	ZYDUS LIFESCIENCES	CHLORPROMAZINE HYDROCHLORIDE	CHLORPROMAZINE HYDROCHLORIDE	9WP59609J6	FBSMERQALIEGJT-UHFFFAOYSA-N	43	2020-01-17	AP	Prescription	true	2026-08-28	2026-08-31	2026-08-31	2026-08-31
213368	ANDA	005	ZYDUS LIFESCIENCES	CHLORPROMAZINE HYDROCHLORIDE	CHLORPROMAZINE HYDROCHLORIDE	9WP59609J6	FBSMERQALIEGJT-UHFFFAOYSA-N	43	2020-01-17	AP	Prescription	true	2026-08-28	2026-08-31	2026-08-31	2026-08-31
213590	ANDA	001	SOMERSET THERAPS LLC	CHLORPROMAZINE HYDROCHLORIDE	CHLORPROMAZINE HYDROCHLORIDE	9WP59609J6	FBSMERQALIEGJT-UHFFFAOYSA-N	43	2020-08-31	AP	Prescription	true	2026-08-28	2026-08-31	2026-08-31	2026-08-31
213590	ANDA	002	SOMERSET THERAPS LLC	CHLORPROMAZINE HYDROCHLORIDE	CHLORPROMAZINE HYDROCHLORIDE	9WP59609J6	FBSMERQALIEGJT-UHFFFAOYSA-N	43	2020-08-31	AP	Prescription	true	2026-08-28	2026-08-31	2026-08-31	2026-08-31
213590	ANDA	003	SOMERSET THERAPS LLC	CHLORPROMAZINE HYDROCHLORIDE	CHLORPROMAZINE HYDROCHLORIDE	9WP59609J6	FBSMERQALIEGJT-UHFFFAOYSA-N	43	2020-08-31	AP	Prescription	true	2026-08-28	2026-08-31	2026-08-31	2026-08-31
213590	ANDA	004	SOMERSET THERAPS LLC	CHLORPROMAZINE HYDROCHLORIDE	CHLORPROMAZINE HYDROCHLORIDE	9WP59609J6	FBSMERQALIEGJT-UHFFFAOYSA-N	43	2020-08-31	AP	Prescription	true	2026-08-28	2026-08-31	2026-08-31	2026-08-31
213590	ANDA	005	SOMERSET THERAPS LLC	CHLORPROMAZINE HYDROCHLORIDE	CHLORPROMAZINE HYDROCHLORIDE	9WP59609J6	FBSMERQALIEGJT-UHFFFAOYSA-N	43	2020-08-31	AP	Prescription	true	2026-08-28	2026-08-31	2026-08-31	2026-08-31
214256	ANDA	001	SUN PHARM	CHLORPROMAZINE HYDROCHLORIDE	CHLORPROMAZINE HYDROCHLORIDE	9WP59609J6	FBSMERQALIEGJT-UHFFFAOYSA-N	43	2020-10-26	AP	Discontinued	false	2026-08-28	2026-08-31	2026-08-31	2026-08-31
214256	ANDA	002	SUN PHARM	CHLORPROMAZINE HYDROCHLORIDE	CHLORPROMAZINE HYDROCHLORIDE	9WP59609J6	FBSMERQALIEGJT-UHFFFAOYSA-N	43	2020-10-26	AP	Discontinued	false	2026-08-28	2026-08-31	2026-08-31	2026-08-31
214256	ANDA	003	SUN PHARM	CHLORPROMAZINE HYDROCHLORIDE	CHLORPROMAZINE HYDROCHLORIDE	9WP59609J6	FBSMERQALIEGJT-UHFFFAOYSA-N	43	2020-10-26	AP	Discontinued	false	2026-08-28	2026-08-31	2026-08-31	2026-08-31
214256	ANDA	004	SUN PHARM	CHLORPROMAZINE HYDROCHLORIDE	CHLORPROMAZINE HYDROCHLORIDE	9WP59609J6	FBSMERQALIEGJT-UHFFFAOYSA-N	43	2020-10-26	AP	Discontinued	false	2026-08-28	2026-08-31	2026-08-31	2026-08-31
214256	ANDA	005	SUN PHARM	CHLORPROMAZINE HYDROCHLORIDE	CHLORPROMAZINE HYDROCHLORIDE	9WP59609J6	FBSMERQALIEGJT-UHFFFAOYSA-N	43	2020-10-26	AP	Discontinued	false	2026-08-28	2026-08-31	2026-08-31	2026-08-31
214542	ANDA	001	GENUS	CHLORPROMAZINE HYDROCHLORIDE	CHLORPROMAZINE HYDROCHLORIDE	9WP59609J6	FBSMERQALIEGJT-UHFFFAOYSA-N	43	2021-06-02	AP	Prescription	true	2026-08-28	2026-08-31	2026-08-31	2026-08-31
214542	ANDA	002	GENUS	CHLORPROMAZINE HYDROCHLORIDE	CHLORPROMAZINE HYDROCHLORIDE	9WP59609J6	FBSMERQALIEGJT-UHFFFAOYSA-N	43	2021-06-02	AP	Prescription	true	2026-08-28	2026-08-31	2026-08-31	2026-08-31
214827	ANDA	001	MSN	CHLORPROMAZINE HYDROCHLORIDE	CHLORPROMAZINE HYDROCHLORIDE	9WP59609J6	FBSMERQALIEGJT-UHFFFAOYSA-N	43	2022-01-27	AP	Prescription	true	2026-08-28	2026-08-31	2026-08-31	2026-08-31
214827	ANDA	002	MSN	CHLORPROMAZINE HYDROCHLORIDE	CHLORPROMAZINE HYDROCHLORIDE	9WP59609J6	FBSMERQALIEGJT-UHFFFAOYSA-N	43	2022-01-27	AP	Prescription	true	2026-08-28	2026-08-31	2026-08-31	2026-08-31
214827	ANDA	003	MSN	CHLORPROMAZINE HYDROCHLORIDE	CHLORPROMAZINE HYDROCHLORIDE	9WP59609J6	FBSMERQALIEGJT-UHFFFAOYSA-N	43	2022-01-27	AP	Prescription	true	2026-08-28	2026-08-31	2026-08-31	2026-08-31
214827	ANDA	004	MSN	CHLORPROMAZINE HYDROCHLORIDE	CHLORPROMAZINE HYDROCHLORIDE	9WP59609J6	FBSMERQALIEGJT-UHFFFAOYSA-N	43	2022-01-27	AP	Prescription	true	2026-08-28	2026-08-31	2026-08-31	2026-08-31
215659	ANDA	001	TEVA PHARMS	CHLORPROMAZINE HYDROCHLORIDE	CHLORPROMAZINE HYDROCHLORIDE	9WP59609J6	FBSMERQALIEGJT-UHFFFAOYSA-N	43	2021-10-25	AP	Prescription	true	2026-08-28	2026-08-31	2026-08-31	2026-08-31
215659	ANDA	002	TEVA PHARMS	CHLORPROMAZINE HYDROCHLORIDE	CHLORPROMAZINE HYDROCHLORIDE	9WP59609J6	FBSMERQALIEGJT-UHFFFAOYSA-N	43	2021-10-25	AP	Prescription	true	2026-08-28	2026-08-31	2026-08-31	2026-08-31
215659	ANDA	003	TEVA PHARMS	CHLORPROMAZINE HYDROCHLORIDE	CHLORPROMAZINE HYDROCHLORIDE	9WP59609J6	FBSMERQALIEGJT-UHFFFAOYSA-N	43	2021-10-25	AP	Prescription	true	2026-08-28	2026-08-31	2026-08-31	2026-08-31
215659	ANDA	004	TEVA PHARMS	CHLORPROMAZINE HYDROCHLORIDE	CHLORPROMAZINE HYDROCHLORIDE	9WP59609J6	FBSMERQALIEGJT-UHFFFAOYSA-N	43	2021-10-25	AP	Prescription	true	2026-08-28	2026-08-31	2026-08-31	2026-08-31
215659	ANDA	005	TEVA PHARMS	CHLORPROMAZINE HYDROCHLORIDE	CHLORPROMAZINE HYDROCHLORIDE	9WP59609J6	FBSMERQALIEGJT-UHFFFAOYSA-N	43	2021-10-25	AP	Prescription	true	2026-08-28	2026-08-31	2026-08-31	2026-08-31
216092	ANDA	001	MSN	CHLORPROMAZINE HYDROCHLORIDE	CHLORPROMAZINE HYDROCHLORIDE	9WP59609J6	FBSMERQALIEGJT-UHFFFAOYSA-N	43	2026-01-26	AP	Prescription	true	2026-08-28	2026-08-31	2026-08-31	2026-08-31
216678	ANDA	001	RUBICON RESEARCH	CHLORPROMAZINE HYDROCHLORIDE	CHLORPROMAZINE HYDROCHLORIDE	9WP59609J6	FBSMERQALIEGJT-UHFFFAOYSA-N	43	2025-10-10	AP	Prescription	true	2026-08-28	2026-08-31	2026-08-31	2026-08-31
216678	ANDA	002	RUBICON RESEARCH	CHLORPROMAZINE HYDROCHLORIDE	CHLORPROMAZINE HYDROCHLORIDE	9WP59609J6	FBSMERQALIEGJT-UHFFFAOYSA-N	43	2025-10-10	AP	Prescription	true	2026-08-28	2026-08-31	2026-08-31	2026-08-31
216724	ANDA	001	THINQ PHARM-CRO PVT	CHLORPROMAZINE HYDROCHLORIDE	CHLORPROMAZINE HYDROCHLORIDE	9WP59609J6	FBSMERQALIEGJT-UHFFFAOYSA-N	43	2024-12-10	AP	Prescription	true	2026-08-28	2026-08-31	2026-08-31	2026-08-31
216788	ANDA	001	AUROBINDO PHARMA LTD	CHLORPROMAZINE HYDROCHLORIDE	CHLORPROMAZINE HYDROCHLORIDE	9WP59609J6	FBSMERQALIEGJT-UHFFFAOYSA-N	43	2025-04-25	AP	Prescription	true	2026-08-28	2026-08-31	2026-08-31	2026-08-31
216788	ANDA	002	AUROBINDO PHARMA LTD	CHLORPROMAZINE HYDROCHLORIDE	CHLORPROMAZINE HYDROCHLORIDE	9WP59609J6	FBSMERQALIEGJT-UHFFFAOYSA-N	43	2025-04-25	AP	Prescription	true	2026-08-28	2026-08-31	2026-08-31	2026-08-31
216788	ANDA	003	AUROBINDO PHARMA LTD	CHLORPROMAZINE HYDROCHLORIDE	CHLORPROMAZINE HYDROCHLORIDE	9WP59609J6	FBSMERQALIEGJT-UHFFFAOYSA-N	43	2025-04-25	AP	Prescription	true	2026-08-28	2026-08-31	2026-08-31	2026-08-31
216788	ANDA	004	AUROBINDO PHARMA LTD	CHLORPROMAZINE HYDROCHLORIDE	CHLORPROMAZINE HYDROCHLORIDE	9WP59609J6	FBSMERQALIEGJT-UHFFFAOYSA-N	43	2025-04-25	AP	Prescription	true	2026-08-28	2026-08-31	2026-08-31	2026-08-31
216788	ANDA	005	AUROBINDO PHARMA LTD	CHLORPROMAZINE HYDROCHLORIDE	CHLORPROMAZINE HYDROCHLORIDE	9WP59609J6	FBSMERQALIEGJT-UHFFFAOYSA-N	43	2025-04-25	AP	Prescription	true	2026-08-28	2026-08-31	2026-08-31	2026-08-31
216911	ANDA	001	GLAND	CHLORPROMAZINE HYDROCHLORIDE	CHLORPROMAZINE HYDROCHLORIDE	9WP59609J6	FBSMERQALIEGJT-UHFFFAOYSA-N	43	2024-10-04	AP	Prescription	true	2026-08-28	2026-08-31	2026-08-31	2026-08-31
217275	ANDA	001	ZYDUS PHARMS	CHLORPROMAZINE HYDROCHLORIDE	CHLORPROMAZINE HYDROCHLORIDE	9WP59609J6	FBSMERQALIEGJT-UHFFFAOYSA-N	43	2024-03-13	AP	Prescription	true	2026-08-28	2026-08-31	2026-08-31	2026-08-31
217350	ANDA	001	ALEMBIC	CHLORPROMAZINE HYDROCHLORIDE	CHLORPROMAZINE HYDROCHLORIDE	9WP59609J6	FBSMERQALIEGJT-UHFFFAOYSA-N	43	2023-07-18	AP	Prescription	true	2026-08-28	2026-08-31	2026-08-31	2026-08-31
217350	ANDA	002	ALEMBIC	CHLORPROMAZINE HYDROCHLORIDE	CHLORPROMAZINE HYDROCHLORIDE	9WP59609J6	FBSMERQALIEGJT-UHFFFAOYSA-N	43	2023-07-18	AP	Prescription	true	2026-08-28	2026-08-31	2026-08-31	2026-08-31
217350	ANDA	003	ALEMBIC	CHLORPROMAZINE HYDROCHLORIDE	CHLORPROMAZINE HYDROCHLORIDE	9WP59609J6	FBSMERQALIEGJT-UHFFFAOYSA-N	43	2023-07-18	AP	Prescription	true	2026-08-28	2026-08-31	2026-08-31	2026-08-31
217350	ANDA	004	ALEMBIC	CHLORPROMAZINE HYDROCHLORIDE	CHLORPROMAZINE HYDROCHLORIDE	9WP59609J6	FBSMERQALIEGJT-UHFFFAOYSA-N	43	2023-07-18	AP	Prescription	true	2026-08-28	2026-08-31	2026-08-31	2026-08-31
217350	ANDA	005	ALEMBIC	CHLORPROMAZINE HYDROCHLORIDE	CHLORPROMAZINE HYDROCHLORIDE	9WP59609J6	FBSMERQALIEGJT-UHFFFAOYSA-N	43	2023-07-18	AP	Prescription	true	2026-08-28	2026-08-31	2026-08-31	2026-08-31
218229	ANDA	001	REGCON HOLDINGS	CHLORPROMAZINE HYDROCHLORIDE	CHLORPROMAZINE HYDROCHLORIDE	9WP59609J6	FBSMERQALIEGJT-UHFFFAOYSA-N	43	2024-09-24	AP	Prescription	true	2026-08-28	2026-08-31	2026-08-31	2026-08-31
218272	ANDA	001	ASPIRO	CHLORPROMAZINE HYDROCHLORIDE	CHLORPROMAZINE HYDROCHLORIDE	9WP59609J6	FBSMERQALIEGJT-UHFFFAOYSA-N	43	2024-11-18	AP	Prescription	true	2026-08-28	2026-08-31	2026-08-31	2026-08-31
006530	NDA	003	PHARMOBEDIENT	AVC	SULFANILAMIDE	21240MF57M	FDDDEECHVMSUSB-UHFFFAOYSA-N	52	1965-06-05	AP	Discontinued	false	2026-08-28	2026-08-31	2026-08-31	2026-08-31
006530	NDA	004	PHARMOBEDIENT	AVC	SULFANILAMIDE	21240MF57M	FDDDEECHVMSUSB-UHFFFAOYSA-N	52	1965-06-05	AP	Discontinued	false	2026-08-28	2026-08-31	2026-08-31	2026-08-31
088718	ANDA	001	COSETTE PHARMS NC	SULFANILAMIDE	SULFANILAMIDE	21240MF57M	FDDDEECHVMSUSB-UHFFFAOYSA-N	52	1985-09-19	AP	Discontinued	false	2026-08-28	2026-08-31	2026-08-31	2026-08-31
084148	ANDA	001	SOLA BARNES HIND	SULFISOXAZOLE DIOLAMINE	SULFISOXAZOLE DIOLAMINE	30S4B46J8B	FEPTXVIRMZIGFY-UHFFFAOYSA-N	11	1975-01-22	AP	Discontinued	false	2026-08-28	2026-08-31	2026-08-31	2026-08-31
213036	NDA	001	AMIVAS	ARTESUNATE	ARTESUNATE	60W3249T9M	FIHJKUPKCHIPAT-AHIGJZGOSA-N	60	2020-05-26	AP	Prescription	true	2026-08-28	2026-08-31	2026-08-31	2026-08-31
020638	NDA	001	GILEAD SCIENCES INC	VISTIDE	CIDOFOVIR	JIL713Q00N	FPKARFMSZDBYQF-ILKKLZGPSA-N	43	1996-06-26	AP	Discontinued	false	2026-08-28	2026-08-31	2026-08-31	2026-08-31
201276	ANDA	001	MYLAN INSTITUTIONAL	CIDOFOVIR	CIDOFOVIR	JIL713Q00N	FPKARFMSZDBYQF-ILKKLZGPSA-N	43	2012-06-27	AP	Prescription	true	2026-08-28	2026-08-31	2026-08-31	2026-08-31
202501	ANDA	001	AVET LIFESCIENCES	CIDOFOVIR	CIDOFOVIR	JIL713Q00N	FPKARFMSZDBYQF-ILKKLZGPSA-N	43	2012-07-26	AP	Prescription	true	2026-08-28	2026-08-31	2026-08-31	2026-08-31
018353	NDA	001	PFIZER	FLAGYL I.V.	METRONIDAZOLE HYDROCHLORIDE	76JC1633UF	FPTPAIQTXYFGJC-UHFFFAOYSA-N	14	1980-11-28	AP	Discontinued	false	2026-08-28	2026-08-31	2026-08-31	2026-08-31
020122	NDA	001	HOSPIRA INC	NIPENT	PENTOSTATIN	395575MZO7	FPVKHBSQESCIEP-JQCXWYLXSA-N	19	1991-10-11	AP	Prescription	true	2026-08-28	2026-08-31	2026-08-31	2026-08-31
077841	ANDA	001	WEST-WARD PHARMS INT	PENTOSTATIN	PENTOSTATIN	395575MZO7	FPVKHBSQESCIEP-JQCXWYLXSA-N	19	2007-08-07	AP	Prescription	true	2026-08-28	2026-08-31	2026-08-31	2026-08-31
203554	ANDA	001	RISING	PENTOSTATIN	PENTOSTATIN	395575MZO7	FPVKHBSQESCIEP-JQCXWYLXSA-N	19	2014-09-19	AP	Discontinued	false	2026-08-28	2026-08-31	2026-08-31	2026-08-31
021821	NDA	001	PF PRISM CV	TYGACIL	TIGECYCLINE	70JE2N95KR	FPZLLRFZJZRHSY-HJYUBDRYSA-N	51	2005-06-15	AP	Prescription	true	2026-08-28	2026-08-31	2026-08-31	2026-08-31
091620	ANDA	001	SANDOZ	TIGECYCLINE	TIGECYCLINE	70JE2N95KR	FPZLLRFZJZRHSY-HJYUBDRYSA-N	51	2015-05-27	AP	Prescription	true	2026-08-28	2026-08-31	2026-08-31	2026-08-31
204439	ANDA	001	APOTEX	TIGECYCLINE	TIGECYCLINE	70JE2N95KR	FPZLLRFZJZRHSY-HJYUBDRYSA-N	51	2018-12-21	AP	Prescription	true	2026-08-28	2026-08-31	2026-08-31	2026-08-31
205645	NDA	001	FRESENIUS KABI USA	TIGECYCLINE	TIGECYCLINE	70JE2N95KR	FPZLLRFZJZRHSY-HJYUBDRYSA-N	51	2016-12-01	AP	Discontinued	false	2026-08-28	2026-08-31	2026-08-31	2026-08-31
205722	ANDA	001	XELLIA PHARMS APS	TIGECYCLINE	TIGECYCLINE	70JE2N95KR	FPZLLRFZJZRHSY-HJYUBDRYSA-N	51	2019-10-18	AP	Discontinued	false	2026-08-28	2026-08-31	2026-08-31	2026-08-31
206335	ANDA	001	EUGIA PHARMA	TIGECYCLINE	TIGECYCLINE	70JE2N95KR	FPZLLRFZJZRHSY-HJYUBDRYSA-N	51	2019-06-11	AP	Prescription	true	2026-08-28	2026-08-31	2026-08-31	2026-08-31
208744	NDA	001	ACCORD HLTHCARE INC	TIGECYCLINE	TIGECYCLINE	70JE2N95KR	FPZLLRFZJZRHSY-HJYUBDRYSA-N	51	2018-01-18	AP	Discontinued	false	2026-08-28	2026-08-31	2026-08-31	2026-08-31
211158	NDA	001	AMNEAL	TIGECYCLINE	TIGECYCLINE	70JE2N95KR	FPZLLRFZJZRHSY-HJYUBDRYSA-N	51	2018-08-02	AP	Prescription	true	2026-08-28	2026-08-31	2026-08-31	2026-08-31
214020	ANDA	001	MEITHEAL	TIGECYCLINE	TIGECYCLINE	70JE2N95KR	FPZLLRFZJZRHSY-HJYUBDRYSA-N	51	2021-05-13	AP	Prescription	true	2026-08-28	2026-08-31	2026-08-31	2026-08-31
017970	NDA	001	ASTRAZENECA	NOLVADEX	TAMOXIFEN CITRATE	7FRV7310N6	FQZYTYWMLGAPFJ-OQKDUQJOSA-N	45	1977-12-30	AP	Discontinued	false	2026-08-28	2026-08-31	2026-08-31	2026-08-31
017970	NDA	002	ASTRAZENECA	NOLVADEX	TAMOXIFEN CITRATE	7FRV7310N6	FQZYTYWMLGAPFJ-OQKDUQJOSA-N	45	1977-12-30	AP	Discontinued	false	2026-08-28	2026-08-31	2026-08-31	2026-08-31
021807	NDA	001	MAYNE PHARMA COMMRCL	SOLTAMOX	TAMOXIFEN CITRATE	7FRV7310N6	FQZYTYWMLGAPFJ-OQKDUQJOSA-N	45	2005-10-29	AP	Prescription	true	2026-08-28	2026-08-31	2026-08-31	2026-08-31
070929	ANDA	001	ACTAVIS LABS FL INC	TAMOXIFEN CITRATE	TAMOXIFEN CITRATE	7FRV7310N6	FQZYTYWMLGAPFJ-OQKDUQJOSA-N	45	2003-02-20	AP	Prescription	true	2026-08-28	2026-08-31	2026-08-31	2026-08-31
070929	ANDA	002	ACTAVIS LABS FL INC	TAMOXIFEN CITRATE	TAMOXIFEN CITRATE	7FRV7310N6	FQZYTYWMLGAPFJ-OQKDUQJOSA-N	45	2003-02-20	AP	Prescription	true	2026-08-28	2026-08-31	2026-08-31	2026-08-31
074504	ANDA	001	TEVA	TAMOXIFEN CITRATE	TAMOXIFEN CITRATE	7FRV7310N6	FQZYTYWMLGAPFJ-OQKDUQJOSA-N	45	2003-04-28	AP	Discontinued	false	2026-08-28	2026-08-31	2026-08-31	2026-08-31
074504	ANDA	002	TEVA	TAMOXIFEN CITRATE	TAMOXIFEN CITRATE	7FRV7310N6	FQZYTYWMLGAPFJ-OQKDUQJOSA-N	45	2003-04-28	AP	Discontinued	false	2026-08-28	2026-08-31	2026-08-31	2026-08-31
074539	ANDA	001	PHARMACHEMIE	TAMOXIFEN CITRATE	TAMOXIFEN CITRATE	7FRV7310N6	FQZYTYWMLGAPFJ-OQKDUQJOSA-N	45	2003-03-31	AP	Discontinued	false	2026-08-28	2026-08-31	2026-08-31	2026-08-31
074732	ANDA	001	MYLAN	TAMOXIFEN CITRATE	TAMOXIFEN CITRATE	7FRV7310N6	FQZYTYWMLGAPFJ-OQKDUQJOSA-N	45	2003-02-20	AP	Prescription	true	2026-08-28	2026-08-31	2026-08-31	2026-08-31
074732	ANDA	002	MYLAN	TAMOXIFEN CITRATE	TAMOXIFEN CITRATE	7FRV7310N6	FQZYTYWMLGAPFJ-OQKDUQJOSA-N	45	2003-02-20	AP	Prescription	true	2026-08-28	2026-08-31	2026-08-31	2026-08-31
075740	ANDA	001	IVAX SUB TEVA PHARMS	TAMOXIFEN CITRATE	TAMOXIFEN CITRATE	7FRV7310N6	FQZYTYWMLGAPFJ-OQKDUQJOSA-N	45	2003-02-20	AP	Discontinued	false	2026-08-28	2026-08-31	2026-08-31	2026-08-31
075740	ANDA	002	IVAX SUB TEVA PHARMS	TAMOXIFEN CITRATE	TAMOXIFEN CITRATE	7FRV7310N6	FQZYTYWMLGAPFJ-OQKDUQJOSA-N	45	2003-02-20	AP	Discontinued	false	2026-08-28	2026-08-31	2026-08-31	2026-08-31
075797	ANDA	001	DR REDDYS LABS SA	TAMOXIFEN CITRATE	TAMOXIFEN CITRATE	7FRV7310N6	FQZYTYWMLGAPFJ-OQKDUQJOSA-N	45	2003-02-20	AP	Prescription	true	2026-08-28	2026-08-31	2026-08-31	2026-08-31
075797	ANDA	002	DR REDDYS LABS SA	TAMOXIFEN CITRATE	TAMOXIFEN CITRATE	7FRV7310N6	FQZYTYWMLGAPFJ-OQKDUQJOSA-N	45	2003-02-20	AP	Prescription	true	2026-08-28	2026-08-31	2026-08-31	2026-08-31
076027	ANDA	001	ROXANE	TAMOXIFEN CITRATE	TAMOXIFEN CITRATE	7FRV7310N6	FQZYTYWMLGAPFJ-OQKDUQJOSA-N	45	2003-02-20	AP	Discontinued	false	2026-08-28	2026-08-31	2026-08-31	2026-08-31
076027	ANDA	002	ROXANE	TAMOXIFEN CITRATE	TAMOXIFEN CITRATE	7FRV7310N6	FQZYTYWMLGAPFJ-OQKDUQJOSA-N	45	2003-02-20	AP	Discontinued	false	2026-08-28	2026-08-31	2026-08-31	2026-08-31
076179	ANDA	001	ACTAVIS LABS FL INC	TAMOXIFEN CITRATE	TAMOXIFEN CITRATE	7FRV7310N6	FQZYTYWMLGAPFJ-OQKDUQJOSA-N	45	2003-02-20	AP	Discontinued	false	2026-08-28	2026-08-31	2026-08-31	2026-08-31
076179	ANDA	002	ACTAVIS LABS FL INC	TAMOXIFEN CITRATE	TAMOXIFEN CITRATE	7FRV7310N6	FQZYTYWMLGAPFJ-OQKDUQJOSA-N	45	2003-02-20	AP	Discontinued	false	2026-08-28	2026-08-31	2026-08-31	2026-08-31
076398	ANDA	001	AEGIS PHARMS	TAMOXIFEN CITRATE	TAMOXIFEN CITRATE	7FRV7310N6	FQZYTYWMLGAPFJ-OQKDUQJOSA-N	45	2003-03-31	AP	Discontinued	false	2026-08-28	2026-08-31	2026-08-31	2026-08-31
076398	ANDA	002	AEGIS PHARMS	TAMOXIFEN CITRATE	TAMOXIFEN CITRATE	7FRV7310N6	FQZYTYWMLGAPFJ-OQKDUQJOSA-N	45	2003-03-31	AP	Discontinued	false	2026-08-28	2026-08-31	2026-08-31	2026-08-31
090878	ANDA	001	APOTEX	TAMOXIFEN CITRATE	TAMOXIFEN CITRATE	7FRV7310N6	FQZYTYWMLGAPFJ-OQKDUQJOSA-N	45	2011-09-23	AP	Discontinued	false	2026-08-28	2026-08-31	2026-08-31	2026-08-31
090878	ANDA	002	APOTEX	TAMOXIFEN CITRATE	TAMOXIFEN CITRATE	7FRV7310N6	FQZYTYWMLGAPFJ-OQKDUQJOSA-N	45	2011-09-23	AP	Discontinued	false	2026-08-28	2026-08-31	2026-08-31	2026-08-31
206694	ANDA	001	ZYDUS PHARMS	TAMOXIFEN CITRATE	TAMOXIFEN CITRATE	7FRV7310N6	FQZYTYWMLGAPFJ-OQKDUQJOSA-N	45	2017-10-27	AP	Prescription	true	2026-08-28	2026-08-31	2026-08-31	2026-08-31
206694	ANDA	002	ZYDUS PHARMS	TAMOXIFEN CITRATE	TAMOXIFEN CITRATE	7FRV7310N6	FQZYTYWMLGAPFJ-OQKDUQJOSA-N	45	2017-10-27	AP	Prescription	true	2026-08-28	2026-08-31	2026-08-31	2026-08-31
213358	ANDA	001	EUGIA PHARMA	TAMOXIFEN CITRATE	TAMOXIFEN CITRATE	7FRV7310N6	FQZYTYWMLGAPFJ-OQKDUQJOSA-N	45	2020-08-14	AP	Prescription	true	2026-08-28	2026-08-31	2026-08-31	2026-08-31
213358	ANDA	002	EUGIA PHARMA	TAMOXIFEN CITRATE	TAMOXIFEN CITRATE	7FRV7310N6	FQZYTYWMLGAPFJ-OQKDUQJOSA-N	45	2020-08-14	AP	Prescription	true	2026-08-28	2026-08-31	2026-08-31	2026-08-31
011123	NDA	001	BRISTOL MYERS SQUIBB	VESPRIN	TRIFLUPROMAZINE HYDROCHLORIDE	9E75N4A5HM	FTNWXGFYRHWUKG-UHFFFAOYSA-N	21	1957-09-16	AP	Discontinued	false	2026-08-28	2026-08-31	2026-08-31	2026-08-31
011123	NDA	002	BRISTOL MYERS SQUIBB	VESPRIN	TRIFLUPROMAZINE HYDROCHLORIDE	9E75N4A5HM	FTNWXGFYRHWUKG-UHFFFAOYSA-N	21	1957-09-16	AP	Discontinued	false	2026-08-28	2026-08-31	2026-08-31	2026-08-31
011123	NDA	003	BRISTOL MYERS SQUIBB	VESPRIN	TRIFLUPROMAZINE HYDROCHLORIDE	9E75N4A5HM	FTNWXGFYRHWUKG-UHFFFAOYSA-N	21	1957-09-16	AP	Discontinued	false	2026-08-28	2026-08-31	2026-08-31	2026-08-31
011325	NDA	001	APOTHECON	VESPRIN	TRIFLUPROMAZINE HYDROCHLORIDE	9E75N4A5HM	FTNWXGFYRHWUKG-UHFFFAOYSA-N	21	1958-01-06	AP	Discontinued	false	2026-08-28	2026-08-31	2026-08-31	2026-08-31
011325	NDA	004	APOTHECON	VESPRIN	TRIFLUPROMAZINE HYDROCHLORIDE	9E75N4A5HM	FTNWXGFYRHWUKG-UHFFFAOYSA-N	21	1958-01-06	AP	Discontinued	false	2026-08-28	2026-08-31	2026-08-31	2026-08-31
011325	NDA	005	APOTHECON	VESPRIN	TRIFLUPROMAZINE HYDROCHLORIDE	9E75N4A5HM	FTNWXGFYRHWUKG-UHFFFAOYSA-N	21	1958-01-06	AP	Discontinued	false	2026-08-28	2026-08-31	2026-08-31	2026-08-31
062311	ANDA	001	APOTHECON	AMIKIN	AMIKACIN SULFATE	N6M33094FD	FXKSEJFHKVNEFI-GCZBSULCSA-N	37	1981-01-22	AP	Discontinued	false	2026-08-28	2026-08-31	2026-08-31	2026-08-31
062311	ANDA	002	APOTHECON	AMIKIN	AMIKACIN SULFATE	N6M33094FD	FXKSEJFHKVNEFI-GCZBSULCSA-N	37	1981-01-22	AP	Discontinued	false	2026-08-28	2026-08-31	2026-08-31	2026-08-31
063263	ANDA	001	HOSPIRA	AMIKACIN SULFATE	AMIKACIN SULFATE	N6M33094FD	FXKSEJFHKVNEFI-GCZBSULCSA-N	37	1994-11-30	AP	Discontinued	false	2026-08-28	2026-08-31	2026-08-31	2026-08-31
063264	ANDA	001	HOSPIRA	AMIKACIN SULFATE	AMIKACIN SULFATE	N6M33094FD	FXKSEJFHKVNEFI-GCZBSULCSA-N	37	1994-11-30	AP	Discontinued	false	2026-08-28	2026-08-31	2026-08-31	2026-08-31
063265	ANDA	001	ABBOTT	AMIKACIN SULFATE	AMIKACIN SULFATE	N6M33094FD	FXKSEJFHKVNEFI-GCZBSULCSA-N	37	1994-11-30	AP	Discontinued	false	2026-08-28	2026-08-31	2026-08-31	2026-08-31
063266	ANDA	001	ABBOTT	AMIKACIN SULFATE	AMIKACIN SULFATE	N6M33094FD	FXKSEJFHKVNEFI-GCZBSULCSA-N	37	1994-10-28	AP	Discontinued	false	2026-08-28	2026-08-31	2026-08-31	2026-08-31
063274	ANDA	001	HIKMA	AMIKACIN SULFATE	AMIKACIN SULFATE	N6M33094FD	FXKSEJFHKVNEFI-GCZBSULCSA-N	37	1992-05-18	AP	Discontinued	false	2026-08-28	2026-08-31	2026-08-31	2026-08-31
063275	ANDA	001	HIKMA	AMIKACIN SULFATE	AMIKACIN SULFATE	N6M33094FD	FXKSEJFHKVNEFI-GCZBSULCSA-N	37	1992-05-18	AP	Discontinued	false	2026-08-28	2026-08-31	2026-08-31	2026-08-31
063283	ANDA	001	HOSPIRA	AMIKACIN SULFATE	AMIKACIN SULFATE	N6M33094FD	FXKSEJFHKVNEFI-GCZBSULCSA-N	37	1994-10-31	AP	Discontinued	false	2026-08-28	2026-08-31	2026-08-31	2026-08-31
063313	ANDA	001	HIKMA	AMIKACIN SULFATE	AMIKACIN SULFATE	N6M33094FD	FXKSEJFHKVNEFI-GCZBSULCSA-N	37	1994-04-11	AP	Prescription	true	2026-08-28	2026-08-31	2026-08-31	2026-08-31
063315	ANDA	001	HIKMA	AMIKACIN SULFATE	AMIKACIN SULFATE	N6M33094FD	FXKSEJFHKVNEFI-GCZBSULCSA-N	37	1994-04-11	AP	Prescription	true	2026-08-28	2026-08-31	2026-08-31	2026-08-31
063350	ANDA	001	HOSPIRA	AMIKACIN SULFATE	AMIKACIN SULFATE	N6M33094FD	FXKSEJFHKVNEFI-GCZBSULCSA-N	37	1993-07-30	AP	Discontinued	false	2026-08-28	2026-08-31	2026-08-31	2026-08-31
063350	ANDA	002	HOSPIRA	AMIKACIN SULFATE	AMIKACIN SULFATE	N6M33094FD	FXKSEJFHKVNEFI-GCZBSULCSA-N	37	1993-07-30	AP	Discontinued	false	2026-08-28	2026-08-31	2026-08-31	2026-08-31
064045	ANDA	001	MEITHEAL	AMIKACIN SULFATE	AMIKACIN SULFATE	N6M33094FD	FXKSEJFHKVNEFI-GCZBSULCSA-N	37	1993-09-28	AP	Discontinued	false	2026-08-28	2026-08-31	2026-08-31	2026-08-31
064045	ANDA	002	MEITHEAL	AMIKACIN SULFATE	AMIKACIN SULFATE	N6M33094FD	FXKSEJFHKVNEFI-GCZBSULCSA-N	37	1993-09-28	AP	Prescription	true	2026-08-28	2026-08-31	2026-08-31	2026-08-31
064098	ANDA	001	HOSPIRA	AMIKACIN SULFATE	AMIKACIN SULFATE	N6M33094FD	FXKSEJFHKVNEFI-GCZBSULCSA-N	37	1995-06-26	AP	Discontinued	false	2026-08-28	2026-08-31	2026-08-31	2026-08-31
064099	ANDA	001	HOSPIRA	AMIKACIN SULFATE	AMIKACIN SULFATE	N6M33094FD	FXKSEJFHKVNEFI-GCZBSULCSA-N	37	1995-06-20	AP	Discontinued	false	2026-08-28	2026-08-31	2026-08-31	2026-08-31
064146	ANDA	001	HOSPIRA	AMIKACIN SULFATE IN SODIUM CHLORIDE 0.9% IN PLASTIC CONTAINER	AMIKACIN SULFATE	N6M33094FD	FXKSEJFHKVNEFI-GCZBSULCSA-N	37	1997-04-02	AP	Discontinued	false	2026-08-28	2026-08-31	2026-08-31	2026-08-31
203323	ANDA	001	SAGENT PHARMS INC	AMIKACIN SULFATE	AMIKACIN SULFATE	N6M33094FD	FXKSEJFHKVNEFI-GCZBSULCSA-N	37	2016-05-12	AP	Prescription	true	2026-08-28	2026-08-31	2026-08-31	2026-08-31
203323	ANDA	002	SAGENT PHARMS INC	AMIKACIN SULFATE	AMIKACIN SULFATE	N6M33094FD	FXKSEJFHKVNEFI-GCZBSULCSA-N	37	2016-05-12	AP	Prescription	true	2026-08-28	2026-08-31	2026-08-31	2026-08-31
203323	ANDA	003	SAGENT PHARMS INC	AMIKACIN SULFATE	AMIKACIN SULFATE	N6M33094FD	FXKSEJFHKVNEFI-GCZBSULCSA-N	37	2016-05-12	AP	Prescription	true	2026-08-28	2026-08-31	2026-08-31	2026-08-31
204040	ANDA	001	AVET LIFESCIENCES	AMIKACIN SULFATE	AMIKACIN SULFATE	N6M33094FD	FXKSEJFHKVNEFI-GCZBSULCSA-N	37	2013-12-12	AP	Prescription	true	2026-08-28	2026-08-31	2026-08-31	2026-08-31
205604	ANDA	001	FRESENIUS KABI USA	AMIKACIN SULFATE	AMIKACIN SULFATE	N6M33094FD	FXKSEJFHKVNEFI-GCZBSULCSA-N	37	2015-12-09	AP	Prescription	true	2026-08-28	2026-08-31	2026-08-31	2026-08-31
205605	ANDA	001	FRESENIUS KABI USA	AMIKACIN SULFATE	AMIKACIN SULFATE	N6M33094FD	FXKSEJFHKVNEFI-GCZBSULCSA-N	37	2015-12-09	AP	Discontinued	false	2026-08-28	2026-08-31	2026-08-31	2026-08-31
207356	NDA	001	INSMED INC	ARIKAYCE KIT	AMIKACIN SULFATE	N6M33094FD	FXKSEJFHKVNEFI-GCZBSULCSA-N	37	2018-09-28	AP	Prescription	true	2026-08-28	2026-08-31	2026-08-31	2026-08-31
218146	ANDA	001	QILU	AMIKACIN SULFATE	AMIKACIN SULFATE	N6M33094FD	FXKSEJFHKVNEFI-GCZBSULCSA-N	37	2024-03-19	AP	Prescription	true	2026-08-28	2026-08-31	2026-08-31	2026-08-31
206307	NDA	001	FONSECA BIOSCIENCES	XTORO	FINAFLOXACIN	D26OSN9Q4R	FYMHQCNFKNMJAV-HOTGVXAUSA-N	31	2014-12-17	AP	Prescription	true	2026-08-28	2026-08-31	2026-08-31	2026-08-31
000159	NDA	001	LILLY	SULFAPYRIDINE	SULFAPYRIDINE	Y5V2N1KE8U	GECHUMIMRBOMGK-UHFFFAOYSA-N	34	1939-03-09	AP	Discontinued	false	2026-08-28	2026-08-31	2026-08-31	2026-08-31
020363	NDA	001	NOVARTIS	FAMVIR	FAMCICLOVIR	QIC03ANI02	GGXKWVWZWMLJEH-UHFFFAOYSA-N	59	1994-06-29	AP	Discontinued	false	2026-08-28	2026-08-31	2026-08-31	2026-08-31
020363	NDA	002	NOVARTIS	FAMVIR	FAMCICLOVIR	QIC03ANI02	GGXKWVWZWMLJEH-UHFFFAOYSA-N	59	1994-06-29	AP	Discontinued	false	2026-08-28	2026-08-31	2026-08-31	2026-08-31
020363	NDA	003	NOVARTIS	FAMVIR	FAMCICLOVIR	QIC03ANI02	GGXKWVWZWMLJEH-UHFFFAOYSA-N	59	1994-06-29	AP	Discontinued	false	2026-08-28	2026-08-31	2026-08-31	2026-08-31
077487	ANDA	001	TEVA PHARMS	FAMCICLOVIR	FAMCICLOVIR	QIC03ANI02	GGXKWVWZWMLJEH-UHFFFAOYSA-N	59	2007-08-24	AP	Prescription	true	2026-08-28	2026-08-31	2026-08-31	2026-08-31
077487	ANDA	002	TEVA PHARMS	FAMCICLOVIR	FAMCICLOVIR	QIC03ANI02	GGXKWVWZWMLJEH-UHFFFAOYSA-N	59	2007-08-24	AP	Prescription	true	2026-08-28	2026-08-31	2026-08-31	2026-08-31
077487	ANDA	003	TEVA PHARMS	FAMCICLOVIR	FAMCICLOVIR	QIC03ANI02	GGXKWVWZWMLJEH-UHFFFAOYSA-N	59	2007-08-24	AP	Prescription	true	2026-08-28	2026-08-31	2026-08-31	2026-08-31
078278	ANDA	001	CIPLA	FAMCICLOVIR	FAMCICLOVIR	QIC03ANI02	GGXKWVWZWMLJEH-UHFFFAOYSA-N	59	2011-03-21	AP	Discontinued	false	2026-08-28	2026-08-31	2026-08-31	2026-08-31
078278	ANDA	002	CIPLA	FAMCICLOVIR	FAMCICLOVIR	QIC03ANI02	GGXKWVWZWMLJEH-UHFFFAOYSA-N	59	2011-03-21	AP	Discontinued	false	2026-08-28	2026-08-31	2026-08-31	2026-08-31
078278	ANDA	003	CIPLA	FAMCICLOVIR	FAMCICLOVIR	QIC03ANI02	GGXKWVWZWMLJEH-UHFFFAOYSA-N	59	2011-03-21	AP	Discontinued	false	2026-08-28	2026-08-31	2026-08-31	2026-08-31
090128	ANDA	001	HIKMA	FAMCICLOVIR	FAMCICLOVIR	QIC03ANI02	GGXKWVWZWMLJEH-UHFFFAOYSA-N	59	2011-03-21	AP	Discontinued	false	2026-08-28	2026-08-31	2026-08-31	2026-08-31
090128	ANDA	002	HIKMA	FAMCICLOVIR	FAMCICLOVIR	QIC03ANI02	GGXKWVWZWMLJEH-UHFFFAOYSA-N	59	2011-03-21	AP	Discontinued	false	2026-08-28	2026-08-31	2026-08-31	2026-08-31
090128	ANDA	003	HIKMA	FAMCICLOVIR	FAMCICLOVIR	QIC03ANI02	GGXKWVWZWMLJEH-UHFFFAOYSA-N	59	2011-03-21	AP	Discontinued	false	2026-08-28	2026-08-31	2026-08-31	2026-08-31
091114	ANDA	001	AUROBINDO PHARMA LTD	FAMCICLOVIR	FAMCICLOVIR	QIC03ANI02	GGXKWVWZWMLJEH-UHFFFAOYSA-N	59	2011-03-21	AP	Prescription	true	2026-08-28	2026-08-31	2026-08-31	2026-08-31
091114	ANDA	002	AUROBINDO PHARMA LTD	FAMCICLOVIR	FAMCICLOVIR	QIC03ANI02	GGXKWVWZWMLJEH-UHFFFAOYSA-N	59	2011-03-21	AP	Prescription	true	2026-08-28	2026-08-31	2026-08-31	2026-08-31
091114	ANDA	003	AUROBINDO PHARMA LTD	FAMCICLOVIR	FAMCICLOVIR	QIC03ANI02	GGXKWVWZWMLJEH-UHFFFAOYSA-N	59	2011-03-21	AP	Prescription	true	2026-08-28	2026-08-31	2026-08-31	2026-08-31
091480	ANDA	001	APOTEX	FAMCICLOVIR	FAMCICLOVIR	QIC03ANI02	GGXKWVWZWMLJEH-UHFFFAOYSA-N	59	2011-07-22	AP	Discontinued	false	2026-08-28	2026-08-31	2026-08-31	2026-08-31
091480	ANDA	002	APOTEX	FAMCICLOVIR	FAMCICLOVIR	QIC03ANI02	GGXKWVWZWMLJEH-UHFFFAOYSA-N	59	2011-07-22	AP	Discontinued	false	2026-08-28	2026-08-31	2026-08-31	2026-08-31
091480	ANDA	003	APOTEX	FAMCICLOVIR	FAMCICLOVIR	QIC03ANI02	GGXKWVWZWMLJEH-UHFFFAOYSA-N	59	2011-07-22	AP	Discontinued	false	2026-08-28	2026-08-31	2026-08-31	2026-08-31
201022	ANDA	001	MACLEODS PHARMS LTD	FAMCICLOVIR	FAMCICLOVIR	QIC03ANI02	GGXKWVWZWMLJEH-UHFFFAOYSA-N	59	2012-01-12	AP	Prescription	true	2026-08-28	2026-08-31	2026-08-31	2026-08-31
201022	ANDA	002	MACLEODS PHARMS LTD	FAMCICLOVIR	FAMCICLOVIR	QIC03ANI02	GGXKWVWZWMLJEH-UHFFFAOYSA-N	59	2012-01-12	AP	Prescription	true	2026-08-28	2026-08-31	2026-08-31	2026-08-31
201022	ANDA	003	MACLEODS PHARMS LTD	FAMCICLOVIR	FAMCICLOVIR	QIC03ANI02	GGXKWVWZWMLJEH-UHFFFAOYSA-N	59	2012-01-12	AP	Prescription	true	2026-08-28	2026-08-31	2026-08-31	2026-08-31
201333	ANDA	001	NATCO PHARMA	FAMCICLOVIR	FAMCICLOVIR	QIC03ANI02	GGXKWVWZWMLJEH-UHFFFAOYSA-N	59	2011-03-24	AP	Discontinued	false	2026-08-28	2026-08-31	2026-08-31	2026-08-31
201333	ANDA	002	NATCO PHARMA	FAMCICLOVIR	FAMCICLOVIR	QIC03ANI02	GGXKWVWZWMLJEH-UHFFFAOYSA-N	59	2011-03-24	AP	Discontinued	false	2026-08-28	2026-08-31	2026-08-31	2026-08-31
201333	ANDA	003	NATCO PHARMA	FAMCICLOVIR	FAMCICLOVIR	QIC03ANI02	GGXKWVWZWMLJEH-UHFFFAOYSA-N	59	2011-03-24	AP	Discontinued	false	2026-08-28	2026-08-31	2026-08-31	2026-08-31
202438	ANDA	001	HETERO LABS LTD V	FAMCICLOVIR	FAMCICLOVIR	QIC03ANI02	GGXKWVWZWMLJEH-UHFFFAOYSA-N	59	2014-09-10	AP	Prescription	true	2026-08-28	2026-08-31	2026-08-31	2026-08-31
202438	ANDA	002	HETERO LABS LTD V	FAMCICLOVIR	FAMCICLOVIR	QIC03ANI02	GGXKWVWZWMLJEH-UHFFFAOYSA-N	59	2014-09-10	AP	Prescription	true	2026-08-28	2026-08-31	2026-08-31	2026-08-31
202438	ANDA	003	HETERO LABS LTD V	FAMCICLOVIR	FAMCICLOVIR	QIC03ANI02	GGXKWVWZWMLJEH-UHFFFAOYSA-N	59	2014-09-10	AP	Prescription	true	2026-08-28	2026-08-31	2026-08-31	2026-08-31
012209	NDA	001	SPECTRUM PHARMS	FLUOROURACIL	FLUOROURACIL	U3P01618RT	GHASVSINZRGABV-UHFFFAOYSA-N	82	1962-04-25	AP	Discontinued	false	2026-08-28	2026-08-31	2026-08-31	2026-08-31
012209	NDA	002	SPECTRUM PHARMS	FLUOROURACIL	FLUOROURACIL	U3P01618RT	GHASVSINZRGABV-UHFFFAOYSA-N	82	1962-04-25	AP	Discontinued	false	2026-08-28	2026-08-31	2026-08-31	2026-08-31
016765	NDA	001	ELORAC	FLUOROPLEX	FLUOROURACIL	U3P01618RT	GHASVSINZRGABV-UHFFFAOYSA-N	82	1970-07-31	AP	Discontinued	false	2026-08-28	2026-08-31	2026-08-31	2026-08-31
016831	NDA	001	EXTROVIS	EFUDEX	FLUOROURACIL	U3P01618RT	GHASVSINZRGABV-UHFFFAOYSA-N	82	1970-07-29	AP	Prescription	true	2026-08-28	2026-08-31	2026-08-31	2026-08-31
016831	NDA	002	EXTROVIS	EFUDEX	FLUOROURACIL	U3P01618RT	GHASVSINZRGABV-UHFFFAOYSA-N	82	1970-07-29	AP	Discontinued	false	2026-08-28	2026-08-31	2026-08-31	2026-08-31
016831	NDA	003	EXTROVIS	EFUDEX	FLUOROURACIL	U3P01618RT	GHASVSINZRGABV-UHFFFAOYSA-N	82	1970-07-29	AP	Prescription	true	2026-08-28	2026-08-31	2026-08-31	2026-08-31
016988	NDA	001	CHARTWELL RX	FLUOROPLEX	FLUOROURACIL	U3P01618RT	GHASVSINZRGABV-UHFFFAOYSA-N	82	1971-08-06	AP	Discontinued	false	2026-08-28	2026-08-31	2026-08-31	2026-08-31
020985	NDA	001	EXTROVIS	CARAC	FLUOROURACIL	U3P01618RT	GHASVSINZRGABV-UHFFFAOYSA-N	82	2000-10-27	AP	Prescription	true	2026-08-28	2026-08-31	2026-08-31	2026-08-31
022259	NDA	001	HILL DERMACEUTICALS	TOLAK	FLUOROURACIL	U3P01618RT	GHASVSINZRGABV-UHFFFAOYSA-N	82	2015-09-18	AP	Prescription	true	2026-08-28	2026-08-31	2026-08-31	2026-08-31
040023	ANDA	001	TEVA PARENTERAL	ADRUCIL	FLUOROURACIL	U3P01618RT	GHASVSINZRGABV-UHFFFAOYSA-N	82	1991-10-18	AP	Discontinued	false	2026-08-28	2026-08-31	2026-08-31	2026-08-31
040278	ANDA	001	FRESENIUS KABI USA	FLUOROURACIL	FLUOROURACIL	U3P01618RT	GHASVSINZRGABV-UHFFFAOYSA-N	82	1998-09-30	AP	Prescription	true	2026-08-28	2026-08-31	2026-08-31	2026-08-31
040278	ANDA	002	FRESENIUS KABI USA	FLUOROURACIL	FLUOROURACIL	U3P01618RT	GHASVSINZRGABV-UHFFFAOYSA-N	82	1998-09-30	AP	Prescription	true	2026-08-28	2026-08-31	2026-08-31	2026-08-31
040279	ANDA	001	FRESENIUS KABI USA	FLUOROURACIL	FLUOROURACIL	U3P01618RT	GHASVSINZRGABV-UHFFFAOYSA-N	82	1998-09-30	AP	Prescription	true	2026-08-28	2026-08-31	2026-08-31	2026-08-31
040279	ANDA	002	FRESENIUS KABI USA	FLUOROURACIL	FLUOROURACIL	U3P01618RT	GHASVSINZRGABV-UHFFFAOYSA-N	82	1998-09-30	AP	Prescription	true	2026-08-28	2026-08-31	2026-08-31	2026-08-31
040291	ANDA	001	FRESENIUS KABI USA	FLUOROURACIL	FLUOROURACIL	U3P01618RT	GHASVSINZRGABV-UHFFFAOYSA-N	82	1999-03-24	AP	Discontinued	false	2026-08-28	2026-08-31	2026-08-31	2026-08-31
040333	ANDA	001	TEVA PHARMS USA	FLUOROURACIL	FLUOROURACIL	U3P01618RT	GHASVSINZRGABV-UHFFFAOYSA-N	82	2000-01-27	AP	Discontinued	false	2026-08-28	2026-08-31	2026-08-31	2026-08-31
040334	ANDA	001	TEVA PHARMS USA	FLUOROURACIL	FLUOROURACIL	U3P01618RT	GHASVSINZRGABV-UHFFFAOYSA-N	82	2000-02-25	AP	Discontinued	false	2026-08-28	2026-08-31	2026-08-31	2026-08-31
040334	ANDA	002	TEVA PHARMS USA	FLUOROURACIL	FLUOROURACIL	U3P01618RT	GHASVSINZRGABV-UHFFFAOYSA-N	82	2000-02-25	AP	Discontinued	false	2026-08-28	2026-08-31	2026-08-31	2026-08-31
040379	ANDA	001	FRESENIUS KABI USA	FLUOROURACIL	FLUOROURACIL	U3P01618RT	GHASVSINZRGABV-UHFFFAOYSA-N	82	2000-11-15	AP	Discontinued	false	2026-08-28	2026-08-31	2026-08-31	2026-08-31
040743	ANDA	001	ACCORD HLTHCARE	FLUOROURACIL	FLUOROURACIL	U3P01618RT	GHASVSINZRGABV-UHFFFAOYSA-N	82	2007-04-26	AP	Prescription	true	2026-08-28	2026-08-31	2026-08-31	2026-08-31
040743	ANDA	002	ACCORD HLTHCARE	FLUOROURACIL	FLUOROURACIL	U3P01618RT	GHASVSINZRGABV-UHFFFAOYSA-N	82	2007-04-26	AP	Prescription	true	2026-08-28	2026-08-31	2026-08-31	2026-08-31
040772	ANDA	001	EBEWE PHARMA	FLUOROURACIL	FLUOROURACIL	U3P01618RT	GHASVSINZRGABV-UHFFFAOYSA-N	82	2008-08-11	AP	Discontinued	false	2026-08-28	2026-08-31	2026-08-31	2026-08-31
040798	ANDA	001	ACCORD HLTHCARE	FLUOROURACIL	FLUOROURACIL	U3P01618RT	GHASVSINZRGABV-UHFFFAOYSA-N	82	2007-04-26	AP	Prescription	true	2026-08-28	2026-08-31	2026-08-31	2026-08-31
040798	ANDA	002	ACCORD HLTHCARE	FLUOROURACIL	FLUOROURACIL	U3P01618RT	GHASVSINZRGABV-UHFFFAOYSA-N	82	2007-04-26	AP	Discontinued	false	2026-08-28	2026-08-31	2026-08-31	2026-08-31
076526	ANDA	001	TARO	FLUOROURACIL	FLUOROURACIL	U3P01618RT	GHASVSINZRGABV-UHFFFAOYSA-N	82	2003-11-05	AP	Prescription	true	2026-08-28	2026-08-31	2026-08-31	2026-08-31
076526	ANDA	002	TARO	FLUOROURACIL	FLUOROURACIL	U3P01618RT	GHASVSINZRGABV-UHFFFAOYSA-N	82	2003-11-05	AP	Prescription	true	2026-08-28	2026-08-31	2026-08-31	2026-08-31
077524	ANDA	001	DR REDDYS LABS SA	FLUOROURACIL	FLUOROURACIL	U3P01618RT	GHASVSINZRGABV-UHFFFAOYSA-N	82	2008-04-11	AP	Prescription	true	2026-08-28	2026-08-31	2026-08-31	2026-08-31
081225	ANDA	001	TEVA PARENTERAL	ADRUCIL	FLUOROURACIL	U3P01618RT	GHASVSINZRGABV-UHFFFAOYSA-N	82	1991-08-28	AP	Discontinued	false	2026-08-28	2026-08-31	2026-08-31	2026-08-31
087791	ANDA	001	MARCHAR	FLUOROURACIL	FLUOROURACIL	U3P01618RT	GHASVSINZRGABV-UHFFFAOYSA-N	82	1983-01-18	AP	Discontinued	false	2026-08-28	2026-08-31	2026-08-31	2026-08-31
087792	ANDA	001	SPECTRUM PHARMS	FLUOROURACIL	FLUOROURACIL	U3P01618RT	GHASVSINZRGABV-UHFFFAOYSA-N	82	1982-10-13	AP	Discontinued	false	2026-08-28	2026-08-31	2026-08-31	2026-08-31
089508	ANDA	001	BEDFORD	FLUOROURACIL	FLUOROURACIL	U3P01618RT	GHASVSINZRGABV-UHFFFAOYSA-N	82	1988-01-26	AP	Discontinued	false	2026-08-28	2026-08-31	2026-08-31	2026-08-31
090368	ANDA	001	TARO	FLUOROURACIL	FLUOROURACIL	U3P01618RT	GHASVSINZRGABV-UHFFFAOYSA-N	82	2010-03-05	AP	Prescription	true	2026-08-28	2026-08-31	2026-08-31	2026-08-31
091299	ANDA	001	SANDOZ	FLUOROURACIL	FLUOROURACIL	U3P01618RT	GHASVSINZRGABV-UHFFFAOYSA-N	82	2011-05-02	AP	Discontinued	false	2026-08-28	2026-08-31	2026-08-31	2026-08-31
091299	ANDA	002	SANDOZ	FLUOROURACIL	FLUOROURACIL	U3P01618RT	GHASVSINZRGABV-UHFFFAOYSA-N	82	2011-05-02	AP	Discontinued	false	2026-08-28	2026-08-31	2026-08-31	2026-08-31
202668	ANDA	001	EUGIA PHARMA SPECLTS	FLUOROURACIL	FLUOROURACIL	U3P01618RT	GHASVSINZRGABV-UHFFFAOYSA-N	82	2012-07-17	AP	Prescription	true	2026-08-28	2026-08-31	2026-08-31	2026-08-31
202668	ANDA	002	EUGIA PHARMA SPECLTS	FLUOROURACIL	FLUOROURACIL	U3P01618RT	GHASVSINZRGABV-UHFFFAOYSA-N	82	2012-07-17	AP	Prescription	true	2026-08-28	2026-08-31	2026-08-31	2026-08-31
202669	ANDA	001	EUGIA PHARMA SPECLTS	FLUOROURACIL	FLUOROURACIL	U3P01618RT	GHASVSINZRGABV-UHFFFAOYSA-N	82	2012-07-17	AP	Prescription	true	2026-08-28	2026-08-31	2026-08-31	2026-08-31
202669	ANDA	002	EUGIA PHARMA SPECLTS	FLUOROURACIL	FLUOROURACIL	U3P01618RT	GHASVSINZRGABV-UHFFFAOYSA-N	82	2012-07-17	AP	Prescription	true	2026-08-28	2026-08-31	2026-08-31	2026-08-31
203122	ANDA	001	EXTROVIS	FLUOROURACIL	FLUOROURACIL	U3P01618RT	GHASVSINZRGABV-UHFFFAOYSA-N	82	2015-04-20	AP	Discontinued	false	2026-08-28	2026-08-31	2026-08-31	2026-08-31
203608	ANDA	001	SAGENT PHARMS INC	FLUOROURACIL	FLUOROURACIL	U3P01618RT	GHASVSINZRGABV-UHFFFAOYSA-N	82	2017-05-11	AP	Prescription	true	2026-08-28	2026-08-31	2026-08-31	2026-08-31
203608	ANDA	002	SAGENT PHARMS INC	FLUOROURACIL	FLUOROURACIL	U3P01618RT	GHASVSINZRGABV-UHFFFAOYSA-N	82	2017-05-11	AP	Prescription	true	2026-08-28	2026-08-31	2026-08-31	2026-08-31
203609	ANDA	001	SAGENT PHARMS INC	FLUOROURACIL	FLUOROURACIL	U3P01618RT	GHASVSINZRGABV-UHFFFAOYSA-N	82	2016-02-17	AP	Prescription	true	2026-08-28	2026-08-31	2026-08-31	2026-08-31
203609	ANDA	002	SAGENT PHARMS INC	FLUOROURACIL	FLUOROURACIL	U3P01618RT	GHASVSINZRGABV-UHFFFAOYSA-N	82	2016-02-17	AP	Prescription	true	2026-08-28	2026-08-31	2026-08-31	2026-08-31
209219	ANDA	001	INGENUS PHARMS LLC	FLUOROURACIL	FLUOROURACIL	U3P01618RT	GHASVSINZRGABV-UHFFFAOYSA-N	82	2019-12-12	AP	Discontinued	false	2026-08-28	2026-08-31	2026-08-31	2026-08-31
209219	ANDA	002	INGENUS PHARMS LLC	FLUOROURACIL	FLUOROURACIL	U3P01618RT	GHASVSINZRGABV-UHFFFAOYSA-N	82	2019-12-12	AP	Discontinued	false	2026-08-28	2026-08-31	2026-08-31	2026-08-31
209271	ANDA	001	INGENUS PHARMS LLC	FLUOROURACIL	FLUOROURACIL	U3P01618RT	GHASVSINZRGABV-UHFFFAOYSA-N	82	2019-12-11	AP	Discontinued	false	2026-08-28	2026-08-31	2026-08-31	2026-08-31
209271	ANDA	002	INGENUS PHARMS LLC	FLUOROURACIL	FLUOROURACIL	U3P01618RT	GHASVSINZRGABV-UHFFFAOYSA-N	82	2019-12-11	AP	Discontinued	false	2026-08-28	2026-08-31	2026-08-31	2026-08-31
210123	ANDA	001	GLAND	FLUOROURACIL	FLUOROURACIL	U3P01618RT	GHASVSINZRGABV-UHFFFAOYSA-N	82	2017-10-27	AP	Prescription	true	2026-08-28	2026-08-31	2026-08-31	2026-08-31
210123	ANDA	002	GLAND	FLUOROURACIL	FLUOROURACIL	U3P01618RT	GHASVSINZRGABV-UHFFFAOYSA-N	82	2017-10-27	AP	Prescription	true	2026-08-28	2026-08-31	2026-08-31	2026-08-31
210124	ANDA	001	GLAND	FLUOROURACIL	FLUOROURACIL	U3P01618RT	GHASVSINZRGABV-UHFFFAOYSA-N	82	2017-12-26	AP	Prescription	true	2026-08-28	2026-08-31	2026-08-31	2026-08-31
210124	ANDA	002	GLAND	FLUOROURACIL	FLUOROURACIL	U3P01618RT	GHASVSINZRGABV-UHFFFAOYSA-N	82	2017-12-26	AP	Prescription	true	2026-08-28	2026-08-31	2026-08-31	2026-08-31
214845	ANDA	001	ACCORD HLTHCARE	FLUOROURACIL	FLUOROURACIL	U3P01618RT	GHASVSINZRGABV-UHFFFAOYSA-N	82	2021-10-07	AP	Prescription	true	2026-08-28	2026-08-31	2026-08-31	2026-08-31
215612	ANDA	001	ENCUBE	FLUOROURACIL	FLUOROURACIL	U3P01618RT	GHASVSINZRGABV-UHFFFAOYSA-N	82	2023-11-02	AP	Prescription	true	2026-08-28	2026-08-31	2026-08-31	2026-08-31
215699	ANDA	001	KINDOS	FLUOROURACIL	FLUOROURACIL	U3P01618RT	GHASVSINZRGABV-UHFFFAOYSA-N	82	2025-02-06	AP	Prescription	true	2026-08-28	2026-08-31	2026-08-31	2026-08-31
216494	ANDA	001	KINDOS	FLUOROURACIL	FLUOROURACIL	U3P01618RT	GHASVSINZRGABV-UHFFFAOYSA-N	82	2024-09-24	AP	Prescription	true	2026-08-28	2026-08-31	2026-08-31	2026-08-31
216942	ANDA	001	ENCUBE	FLUOROURACIL	FLUOROURACIL	U3P01618RT	GHASVSINZRGABV-UHFFFAOYSA-N	82	2025-02-12	AP	Prescription	true	2026-08-28	2026-08-31	2026-08-31	2026-08-31
217295	ANDA	001	ALEMBIC	FLUOROURACIL	FLUOROURACIL	U3P01618RT	GHASVSINZRGABV-UHFFFAOYSA-N	82	2023-03-03	AP	Prescription	true	2026-08-28	2026-08-31	2026-08-31	2026-08-31
217676	ANDA	001	ALEMBIC	FLUOROURACIL	FLUOROURACIL	U3P01618RT	GHASVSINZRGABV-UHFFFAOYSA-N	82	2023-10-18	AP	Prescription	true	2026-08-28	2026-08-31	2026-08-31	2026-08-31
220201	NDA	001	AVYXA HOLDINGS	FAVLYXA	FLUOROURACIL	U3P01618RT	GHASVSINZRGABV-UHFFFAOYSA-N	82	2026-02-20	AP	Prescription	true	2026-08-28	2026-08-31	2026-08-31	2026-08-31
220201	NDA	002	AVYXA HOLDINGS	FAVLYXA	FLUOROURACIL	U3P01618RT	GHASVSINZRGABV-UHFFFAOYSA-N	82	2026-02-20	AP	Prescription	true	2026-08-28	2026-08-31	2026-08-31	2026-08-31
020038	NDA	001	GENZYME CORP	FLUDARA	FLUDARABINE PHOSPHATE	1X9VK9O1SC	GIUYCYHIANZCFB-FJFJXFQQSA-N	31	1991-04-18	AP	Discontinued	false	2026-08-28	2026-08-31	2026-08-31	2026-08-31
022137	NDA	001	CAPLIN ONE LABS	FLUDARABINE PHOSPHATE	FLUDARABINE PHOSPHATE	1X9VK9O1SC	GIUYCYHIANZCFB-FJFJXFQQSA-N	31	2007-09-21	AP	Discontinued	false	2026-08-28	2026-08-31	2026-08-31	2026-08-31
022273	NDA	001	SANOFI AVENTIS US	OFORTA	FLUDARABINE PHOSPHATE	1X9VK9O1SC	GIUYCYHIANZCFB-FJFJXFQQSA-N	31	2008-12-18	AP	Discontinued	false	2026-08-28	2026-08-31	2026-08-31	2026-08-31
076349	ANDA	001	HIKMA	FLUDARABINE PHOSPHATE	FLUDARABINE PHOSPHATE	1X9VK9O1SC	GIUYCYHIANZCFB-FJFJXFQQSA-N	31	2003-08-28	AP	Prescription	true	2026-08-28	2026-08-31	2026-08-31	2026-08-31
076661	ANDA	001	SAGENT PHARMS INC	FLUDARABINE PHOSPHATE	FLUDARABINE PHOSPHATE	1X9VK9O1SC	GIUYCYHIANZCFB-FJFJXFQQSA-N	31	2004-04-28	AP	Prescription	true	2026-08-28	2026-08-31	2026-08-31	2026-08-31
077790	ANDA	001	HOSPIRA	FLUDARABINE PHOSPHATE	FLUDARABINE PHOSPHATE	1X9VK9O1SC	GIUYCYHIANZCFB-FJFJXFQQSA-N	31	2007-04-06	AP	Discontinued	false	2026-08-28	2026-08-31	2026-08-31	2026-08-31
078393	ANDA	001	FRESENIUS KABI USA	FLUDARABINE PHOSPHATE	FLUDARABINE PHOSPHATE	1X9VK9O1SC	GIUYCYHIANZCFB-FJFJXFQQSA-N	31	2007-10-15	AP	Prescription	true	2026-08-28	2026-08-31	2026-08-31	2026-08-31
078544	ANDA	001	FRESENIUS KABI USA	FLUDARABINE PHOSPHATE	FLUDARABINE PHOSPHATE	1X9VK9O1SC	GIUYCYHIANZCFB-FJFJXFQQSA-N	31	2007-10-15	AP	Prescription	true	2026-08-28	2026-08-31	2026-08-31	2026-08-31
078610	ANDA	001	ACTAVIS TOTOWA	FLUDARABINE PHOSPHATE	FLUDARABINE PHOSPHATE	1X9VK9O1SC	GIUYCYHIANZCFB-FJFJXFQQSA-N	31	2009-02-11	AP	Prescription	true	2026-08-28	2026-08-31	2026-08-31	2026-08-31
090724	ANDA	001	AREVA PHARMS	FLUDARABINE PHOSPHATE	FLUDARABINE PHOSPHATE	1X9VK9O1SC	GIUYCYHIANZCFB-FJFJXFQQSA-N	31	2010-09-27	AP	Prescription	true	2026-08-28	2026-08-31	2026-08-31	2026-08-31
200647	ANDA	001	EXTROVIS	FLUDARABINE PHOSPHATE	FLUDARABINE PHOSPHATE	1X9VK9O1SC	GIUYCYHIANZCFB-FJFJXFQQSA-N	31	2011-12-21	AP	Discontinued	false	2026-08-28	2026-08-31	2026-08-31	2026-08-31
200648	ANDA	001	RISING	FLUDARABINE PHOSPHATE	FLUDARABINE PHOSPHATE	1X9VK9O1SC	GIUYCYHIANZCFB-FJFJXFQQSA-N	31	2012-10-16	AP	Discontinued	false	2026-08-28	2026-08-31	2026-08-31	2026-08-31
203738	ANDA	001	ACTAVIS LLC	FLUDARABINE PHOSPHATE	FLUDARABINE PHOSPHATE	1X9VK9O1SC	GIUYCYHIANZCFB-FJFJXFQQSA-N	31	2017-02-28	AP	Discontinued	false	2026-08-28	2026-08-31	2026-08-31	2026-08-31
220196	ANDA	001	HISUN PHARM HANGZHOU	FLUDARABINE PHOSPHATE	FLUDARABINE PHOSPHATE	1X9VK9O1SC	GIUYCYHIANZCFB-FJFJXFQQSA-N	31	2026-07-23	AP	Prescription	true	2026-08-28	2026-08-31	2026-08-31	2026-08-31
016000	NDA	002	BAYER HLTHCARE	SULLA	SULFAMETER	3L179F09D6	GPTONYMQFTZPKC-UHFFFAOYSA-N	20	1966-07-01	AP	Discontinued	false	2026-08-28	2026-08-31	2026-08-31	2026-08-31
019735	NDA	001	JANSSEN PHARMS	FLOXIN	OFLOXACIN	A4P49JAZ9H	GSDSWSVVBLHKDQ-UHFFFAOYSA-N	58	1990-12-28	AP	Discontinued	false	2026-08-28	2026-08-31	2026-08-31	2026-08-31
019735	NDA	002	JANSSEN PHARMS	FLOXIN	OFLOXACIN	A4P49JAZ9H	GSDSWSVVBLHKDQ-UHFFFAOYSA-N	58	1990-12-28	AP	Discontinued	false	2026-08-28	2026-08-31	2026-08-31	2026-08-31
019735	NDA	003	JANSSEN PHARMS	FLOXIN	OFLOXACIN	A4P49JAZ9H	GSDSWSVVBLHKDQ-UHFFFAOYSA-N	58	1990-12-28	AP	Discontinued	false	2026-08-28	2026-08-31	2026-08-31	2026-08-31
019921	NDA	001	ALLERGAN	OCUFLOX	OFLOXACIN	A4P49JAZ9H	GSDSWSVVBLHKDQ-UHFFFAOYSA-N	58	1993-07-30	AP	Prescription	true	2026-08-28	2026-08-31	2026-08-31	2026-08-31
020087	NDA	001	ORTHO MCNEIL PHARM	FLOXIN IN DEXTROSE 5%	OFLOXACIN	A4P49JAZ9H	GSDSWSVVBLHKDQ-UHFFFAOYSA-N	58	1992-03-31	AP	Discontinued	false	2026-08-28	2026-08-31	2026-08-31	2026-08-31
020087	NDA	002	ORTHO MCNEIL PHARM	FLOXIN	OFLOXACIN	A4P49JAZ9H	GSDSWSVVBLHKDQ-UHFFFAOYSA-N	58	1992-03-31	AP	Discontinued	false	2026-08-28	2026-08-31	2026-08-31	2026-08-31
020087	NDA	003	ORTHO MCNEIL PHARM	FLOXIN	OFLOXACIN	A4P49JAZ9H	GSDSWSVVBLHKDQ-UHFFFAOYSA-N	58	1992-03-31	AP	Discontinued	false	2026-08-28	2026-08-31	2026-08-31	2026-08-31
020087	NDA	004	ORTHO MCNEIL PHARM	FLOXIN IN DEXTROSE 5% IN PLASTIC CONTAINER	OFLOXACIN	A4P49JAZ9H	GSDSWSVVBLHKDQ-UHFFFAOYSA-N	58	1992-03-31	AP	Discontinued	false	2026-08-28	2026-08-31	2026-08-31	2026-08-31
020087	NDA	005	ORTHO MCNEIL PHARM	FLOXIN IN DEXTROSE 5% IN PLASTIC CONTAINER	OFLOXACIN	A4P49JAZ9H	GSDSWSVVBLHKDQ-UHFFFAOYSA-N	58	1992-03-31	AP	Discontinued	false	2026-08-28	2026-08-31	2026-08-31	2026-08-31
020799	NDA	001	DAIICHI	FLOXIN OTIC	OFLOXACIN	A4P49JAZ9H	GSDSWSVVBLHKDQ-UHFFFAOYSA-N	58	1997-12-16	AP	Discontinued	false	2026-08-28	2026-08-31	2026-08-31	2026-08-31
075762	ANDA	001	BEDFORD	OFLOXACIN	OFLOXACIN	A4P49JAZ9H	GSDSWSVVBLHKDQ-UHFFFAOYSA-N	58	2002-01-16	AP	Discontinued	false	2026-08-28	2026-08-31	2026-08-31	2026-08-31
076093	ANDA	001	CHARTWELL RX	OFLOXACIN	OFLOXACIN	A4P49JAZ9H	GSDSWSVVBLHKDQ-UHFFFAOYSA-N	58	2003-09-02	AP	Discontinued	false	2026-08-28	2026-08-31	2026-08-31	2026-08-31
076093	ANDA	002	CHARTWELL RX	OFLOXACIN	OFLOXACIN	A4P49JAZ9H	GSDSWSVVBLHKDQ-UHFFFAOYSA-N	58	2003-09-02	AP	Discontinued	false	2026-08-28	2026-08-31	2026-08-31	2026-08-31
076093	ANDA	003	CHARTWELL RX	OFLOXACIN	OFLOXACIN	A4P49JAZ9H	GSDSWSVVBLHKDQ-UHFFFAOYSA-N	58	2003-09-02	AP	Prescription	true	2026-08-28	2026-08-31	2026-08-31	2026-08-31
076128	ANDA	001	BAUSCH AND LOMB INC	OFLOXACIN	OFLOXACIN	A4P49JAZ9H	GSDSWSVVBLHKDQ-UHFFFAOYSA-N	58	2008-03-17	AP	Prescription	true	2026-08-28	2026-08-31	2026-08-31	2026-08-31
076182	ANDA	001	TEVA	OFLOXACIN	OFLOXACIN	A4P49JAZ9H	GSDSWSVVBLHKDQ-UHFFFAOYSA-N	58	2003-09-02	AP	Prescription	true	2026-08-28	2026-08-31	2026-08-31	2026-08-31
076182	ANDA	002	TEVA	OFLOXACIN	OFLOXACIN	A4P49JAZ9H	GSDSWSVVBLHKDQ-UHFFFAOYSA-N	58	2003-09-02	AP	Prescription	true	2026-08-28	2026-08-31	2026-08-31	2026-08-31
076182	ANDA	003	TEVA	OFLOXACIN	OFLOXACIN	A4P49JAZ9H	GSDSWSVVBLHKDQ-UHFFFAOYSA-N	58	2003-09-02	AP	Prescription	true	2026-08-28	2026-08-31	2026-08-31	2026-08-31
076231	ANDA	001	SANDOZ	OFLOXACIN	OFLOXACIN	A4P49JAZ9H	GSDSWSVVBLHKDQ-UHFFFAOYSA-N	58	2004-05-14	AP	Discontinued	false	2026-08-28	2026-08-31	2026-08-31	2026-08-31
076407	ANDA	001	SENTISS	OFLOXACIN	OFLOXACIN	A4P49JAZ9H	GSDSWSVVBLHKDQ-UHFFFAOYSA-N	58	2008-04-15	AP	Prescription	true	2026-08-28	2026-08-31	2026-08-31	2026-08-31
076513	ANDA	001	APOTEX INC	OFLOXACIN	OFLOXACIN	A4P49JAZ9H	GSDSWSVVBLHKDQ-UHFFFAOYSA-N	58	2004-05-14	AP	Prescription	true	2026-08-28	2026-08-31	2026-08-31	2026-08-31
076527	ANDA	001	APOTEX INC	OFLOXACIN	OFLOXACIN	A4P49JAZ9H	GSDSWSVVBLHKDQ-UHFFFAOYSA-N	58	2007-09-28	AP	Prescription	true	2026-08-28	2026-08-31	2026-08-31	2026-08-31
076615	ANDA	001	EPIC PHARMA LLC	OFLOXACIN	OFLOXACIN	A4P49JAZ9H	GSDSWSVVBLHKDQ-UHFFFAOYSA-N	58	2004-05-14	AP	Discontinued	false	2026-08-28	2026-08-31	2026-08-31	2026-08-31
076616	ANDA	001	HIKMA	OFLOXACIN	OFLOXACIN	A4P49JAZ9H	GSDSWSVVBLHKDQ-UHFFFAOYSA-N	58	2008-03-17	AP	Discontinued	false	2026-08-28	2026-08-31	2026-08-31	2026-08-31
076622	ANDA	001	BAUSCH AND LOMB	OFLOXACIN	OFLOXACIN	A4P49JAZ9H	GSDSWSVVBLHKDQ-UHFFFAOYSA-N	58	2004-05-14	AP	Prescription	true	2026-08-28	2026-08-31	2026-08-31	2026-08-31
076830	ANDA	001	ALVOGEN	OFLOXACIN	OFLOXACIN	A4P49JAZ9H	GSDSWSVVBLHKDQ-UHFFFAOYSA-N	58	2004-08-31	AP	Discontinued	false	2026-08-28	2026-08-31	2026-08-31	2026-08-31
076848	ANDA	001	SANDOZ	OFLOXACIN	OFLOXACIN	A4P49JAZ9H	GSDSWSVVBLHKDQ-UHFFFAOYSA-N	58	2008-11-25	AP	Discontinued	false	2026-08-28	2026-08-31	2026-08-31	2026-08-31
077098	ANDA	001	DR REDDYS LABS LTD	OFLOXACIN	OFLOXACIN	A4P49JAZ9H	GSDSWSVVBLHKDQ-UHFFFAOYSA-N	58	2006-02-10	AP	Prescription	true	2026-08-28	2026-08-31	2026-08-31	2026-08-31
077098	ANDA	002	DR REDDYS LABS LTD	OFLOXACIN	OFLOXACIN	A4P49JAZ9H	GSDSWSVVBLHKDQ-UHFFFAOYSA-N	58	2006-02-10	AP	Prescription	true	2026-08-28	2026-08-31	2026-08-31	2026-08-31
077098	ANDA	003	DR REDDYS LABS LTD	OFLOXACIN	OFLOXACIN	A4P49JAZ9H	GSDSWSVVBLHKDQ-UHFFFAOYSA-N	58	2006-02-10	AP	Prescription	true	2026-08-28	2026-08-31	2026-08-31	2026-08-31
078222	ANDA	001	SANDOZ	OFLOXACIN	OFLOXACIN	A4P49JAZ9H	GSDSWSVVBLHKDQ-UHFFFAOYSA-N	58	2008-03-17	AP	Discontinued	false	2026-08-28	2026-08-31	2026-08-31	2026-08-31
078559	ANDA	001	FDC LTD	OFLOXACIN	OFLOXACIN	A4P49JAZ9H	GSDSWSVVBLHKDQ-UHFFFAOYSA-N	58	2009-02-25	AP	Prescription	true	2026-08-28	2026-08-31	2026-08-31	2026-08-31
090395	ANDA	001	ALVOGEN	OFLOXACIN	OFLOXACIN	A4P49JAZ9H	GSDSWSVVBLHKDQ-UHFFFAOYSA-N	58	2009-08-11	AP	Discontinued	false	2026-08-28	2026-08-31	2026-08-31	2026-08-31
091656	ANDA	001	CADILA PHARMS LTD	OFLOXACIN	OFLOXACIN	A4P49JAZ9H	GSDSWSVVBLHKDQ-UHFFFAOYSA-N	58	2014-09-18	AP	Prescription	true	2026-08-28	2026-08-31	2026-08-31	2026-08-31
091656	ANDA	002	CADILA PHARMS LTD	OFLOXACIN	OFLOXACIN	A4P49JAZ9H	GSDSWSVVBLHKDQ-UHFFFAOYSA-N	58	2014-09-18	AP	Prescription	true	2026-08-28	2026-08-31	2026-08-31	2026-08-31
091656	ANDA	003	CADILA PHARMS LTD	OFLOXACIN	OFLOXACIN	A4P49JAZ9H	GSDSWSVVBLHKDQ-UHFFFAOYSA-N	58	2014-09-18	AP	Prescription	true	2026-08-28	2026-08-31	2026-08-31	2026-08-31
202692	ANDA	001	ALTAIRE PHARMS INC	OFLOXACIN	OFLOXACIN	A4P49JAZ9H	GSDSWSVVBLHKDQ-UHFFFAOYSA-N	58	2013-04-29	AP	Prescription	true	2026-08-28	2026-08-31	2026-08-31	2026-08-31
211524	ANDA	001	AMNEAL	OFLOXACIN	OFLOXACIN	A4P49JAZ9H	GSDSWSVVBLHKDQ-UHFFFAOYSA-N	58	2024-03-01	AP	Discontinued	false	2026-08-28	2026-08-31	2026-08-31	2026-08-31
211525	ANDA	001	AMNEAL	OFLOXACIN	OFLOXACIN	A4P49JAZ9H	GSDSWSVVBLHKDQ-UHFFFAOYSA-N	58	2019-08-30	AP	Prescription	true	2026-08-28	2026-08-31	2026-08-31	2026-08-31
213597	ANDA	001	SOMERSET	OFLOXACIN	OFLOXACIN	A4P49JAZ9H	GSDSWSVVBLHKDQ-UHFFFAOYSA-N	58	2024-08-01	AP	Prescription	true	2026-08-28	2026-08-31	2026-08-31	2026-08-31
215038	ANDA	001	FDC LTD	OFLOXACIN	OFLOXACIN	A4P49JAZ9H	GSDSWSVVBLHKDQ-UHFFFAOYSA-N	58	2022-01-19	AP	Prescription	true	2026-08-28	2026-08-31	2026-08-31	2026-08-31
215886	ANDA	001	MANKIND PHARMA	OFLOXACIN	OFLOXACIN	A4P49JAZ9H	GSDSWSVVBLHKDQ-UHFFFAOYSA-N	58	2022-11-23	AP	Prescription	true	2026-08-28	2026-08-31	2026-08-31	2026-08-31
216130	ANDA	001	MANKIND PHARMA	OFLOXACIN	OFLOXACIN	A4P49JAZ9H	GSDSWSVVBLHKDQ-UHFFFAOYSA-N	58	2022-07-14	AP	Prescription	true	2026-08-28	2026-08-31	2026-08-31	2026-08-31
216328	ANDA	001	SOMERSET THERAPS LLC	OFLOXACIN	OFLOXACIN	A4P49JAZ9H	GSDSWSVVBLHKDQ-UHFFFAOYSA-N	58	2024-10-15	AP	Prescription	true	2026-08-28	2026-08-31	2026-08-31	2026-08-31
217903	ANDA	001	CAPLIN	OFLOXACIN	OFLOXACIN	A4P49JAZ9H	GSDSWSVVBLHKDQ-UHFFFAOYSA-N	58	2024-01-05	AP	Prescription	true	2026-08-28	2026-08-31	2026-08-31	2026-08-31
217904	ANDA	001	CAPLIN	OFLOXACIN	OFLOXACIN	A4P49JAZ9H	GSDSWSVVBLHKDQ-UHFFFAOYSA-N	58	2024-04-12	AP	Prescription	true	2026-08-28	2026-08-31	2026-08-31	2026-08-31
218557	ANDA	001	MICRO LABS	OFLOXACIN	OFLOXACIN	A4P49JAZ9H	GSDSWSVVBLHKDQ-UHFFFAOYSA-N	58	2026-04-08	AP	Prescription	true	2026-08-28	2026-08-31	2026-08-31	2026-08-31
022128	NDA	001	VIIV HLTHCARE	SELZENTRY	MARAVIROC	MD6P741W8A	GSNHKUDZZFZSJB-QYOOZWMWSA-N	138	2007-08-06	AP	Prescription	true	2026-08-28	2026-08-31	2026-08-31	2026-08-31
022128	NDA	002	VIIV HLTHCARE	SELZENTRY	MARAVIROC	MD6P741W8A	GSNHKUDZZFZSJB-QYOOZWMWSA-N	138	2007-08-06	AP	Prescription	true	2026-08-28	2026-08-31	2026-08-31	2026-08-31
022128	NDA	003	VIIV HLTHCARE	SELZENTRY	MARAVIROC	MD6P741W8A	GSNHKUDZZFZSJB-QYOOZWMWSA-N	138	2007-08-06	AP	Discontinued	false	2026-08-28	2026-08-31	2026-08-31	2026-08-31
022128	NDA	004	VIIV HLTHCARE	SELZENTRY	MARAVIROC	MD6P741W8A	GSNHKUDZZFZSJB-QYOOZWMWSA-N	138	2007-08-06	AP	Discontinued	false	2026-08-28	2026-08-31	2026-08-31	2026-08-31
203347	ANDA	001	HETERO LABS LTD III	MARAVIROC	MARAVIROC	MD6P741W8A	GSNHKUDZZFZSJB-QYOOZWMWSA-N	138	2022-02-07	AP	Prescription	true	2026-08-28	2026-08-31	2026-08-31	2026-08-31
203347	ANDA	002	HETERO LABS LTD III	MARAVIROC	MARAVIROC	MD6P741W8A	GSNHKUDZZFZSJB-QYOOZWMWSA-N	138	2022-02-07	AP	Prescription	true	2026-08-28	2026-08-31	2026-08-31	2026-08-31
208984	NDA	001	VIIV HLTHCARE	SELZENTRY	MARAVIROC	MD6P741W8A	GSNHKUDZZFZSJB-QYOOZWMWSA-N	138	2016-11-04	AP	Prescription	true	2026-08-28	2026-08-31	2026-08-31	2026-08-31
216143	ANDA	001	RHODES PHARMS	MARAVIROC	MARAVIROC	MD6P741W8A	GSNHKUDZZFZSJB-QYOOZWMWSA-N	138	2025-11-04	AP	Discontinued	false	2026-08-28	2026-08-31	2026-08-31	2026-08-31
216143	ANDA	002	RHODES PHARMS	MARAVIROC	MARAVIROC	MD6P741W8A	GSNHKUDZZFZSJB-QYOOZWMWSA-N	138	2025-11-04	AP	Discontinued	false	2026-08-28	2026-08-31	2026-08-31	2026-08-31
217114	ANDA	001	I 3 PHARMS	MARAVIROC	MARAVIROC	MD6P741W8A	GSNHKUDZZFZSJB-QYOOZWMWSA-N	138	2023-08-17	AP	Prescription	true	2026-08-28	2026-08-31	2026-08-31	2026-08-31
217114	ANDA	002	I 3 PHARMS	MARAVIROC	MARAVIROC	MD6P741W8A	GSNHKUDZZFZSJB-QYOOZWMWSA-N	138	2023-08-17	AP	Prescription	true	2026-08-28	2026-08-31	2026-08-31	2026-08-31
217880	ANDA	001	NAVINTA LLC	MARAVIROC	MARAVIROC	MD6P741W8A	GSNHKUDZZFZSJB-QYOOZWMWSA-N	138	2025-05-13	AP	Prescription	true	2026-08-28	2026-08-31	2026-08-31	2026-08-31
217880	ANDA	002	NAVINTA LLC	MARAVIROC	MARAVIROC	MD6P741W8A	GSNHKUDZZFZSJB-QYOOZWMWSA-N	138	2025-05-13	AP	Prescription	true	2026-08-28	2026-08-31	2026-08-31	2026-08-31
022110	NDA	001	APOTEX	VIBATIV	TELAVANCIN HYDROCHLORIDE	0701472ZG0	GSSIWSIRBWAZHG-ACOPVEIWSA-N	26	2009-09-11	AP	Discontinued	false	2026-08-28	2026-08-31	2026-08-31	2026-08-31
022110	NDA	002	APOTEX	VIBATIV	TELAVANCIN HYDROCHLORIDE	0701472ZG0	GSSIWSIRBWAZHG-ACOPVEIWSA-N	26	2009-09-11	AP	Prescription	true	2026-08-28	2026-08-31	2026-08-31	2026-08-31
050257	NDA	001	LEDERLE	DECLOMYCIN	DEMECLOCYCLINE HYDROCHLORIDE	29O079NTYT	GVSJQNRGSCOSNJ-KBHRXELFSA-N	26	1960-11-14	AP	Discontinued	false	2026-08-28	2026-08-31	2026-08-31	2026-08-31
050261	NDA	001	COREPHARMA	DECLOMYCIN	DEMECLOCYCLINE HYDROCHLORIDE	29O079NTYT	GVSJQNRGSCOSNJ-KBHRXELFSA-N	26	1964-09-22	AP	Discontinued	false	2026-08-28	2026-08-31	2026-08-31	2026-08-31
050261	NDA	002	COREPHARMA	DECLOMYCIN	DEMECLOCYCLINE HYDROCHLORIDE	29O079NTYT	GVSJQNRGSCOSNJ-KBHRXELFSA-N	26	1964-09-22	AP	Discontinued	false	2026-08-28	2026-08-31	2026-08-31	2026-08-31
050261	NDA	003	COREPHARMA	DECLOMYCIN	DEMECLOCYCLINE HYDROCHLORIDE	29O079NTYT	GVSJQNRGSCOSNJ-KBHRXELFSA-N	26	1964-09-22	AP	Discontinued	false	2026-08-28	2026-08-31	2026-08-31	2026-08-31
050262	NDA	001	LEDERLE	DECLOMYCIN	DEMECLOCYCLINE HYDROCHLORIDE	29O079NTYT	GVSJQNRGSCOSNJ-KBHRXELFSA-N	26	1960-01-14	AP	Discontinued	false	2026-08-28	2026-08-31	2026-08-31	2026-08-31
065094	ANDA	001	IMPAX LABS	DEMECLOCYCLINE HYDROCHLORIDE	DEMECLOCYCLINE HYDROCHLORIDE	29O079NTYT	GVSJQNRGSCOSNJ-KBHRXELFSA-N	26	2004-03-22	AP	Discontinued	false	2026-08-28	2026-08-31	2026-08-31	2026-08-31
065094	ANDA	002	IMPAX LABS	DEMECLOCYCLINE HYDROCHLORIDE	DEMECLOCYCLINE HYDROCHLORIDE	29O079NTYT	GVSJQNRGSCOSNJ-KBHRXELFSA-N	26	2004-03-22	AP	Discontinued	false	2026-08-28	2026-08-31	2026-08-31	2026-08-31
065171	ANDA	001	BARR	DEMECLOCYCLINE HYDROCHLORIDE	DEMECLOCYCLINE HYDROCHLORIDE	29O079NTYT	GVSJQNRGSCOSNJ-KBHRXELFSA-N	26	2004-12-13	AP	Discontinued	false	2026-08-28	2026-08-31	2026-08-31	2026-08-31
065171	ANDA	002	BARR	DEMECLOCYCLINE HYDROCHLORIDE	DEMECLOCYCLINE HYDROCHLORIDE	29O079NTYT	GVSJQNRGSCOSNJ-KBHRXELFSA-N	26	2004-12-13	AP	Discontinued	false	2026-08-28	2026-08-31	2026-08-31	2026-08-31
065389	ANDA	001	EPIC PHARMA LLC	DEMECLOCYCLINE HYDROCHLORIDE	DEMECLOCYCLINE HYDROCHLORIDE	29O079NTYT	GVSJQNRGSCOSNJ-KBHRXELFSA-N	26	2008-12-01	AP	Prescription	true	2026-08-28	2026-08-31	2026-08-31	2026-08-31
065389	ANDA	002	EPIC PHARMA LLC	DEMECLOCYCLINE HYDROCHLORIDE	DEMECLOCYCLINE HYDROCHLORIDE	29O079NTYT	GVSJQNRGSCOSNJ-KBHRXELFSA-N	26	2008-12-01	AP	Prescription	true	2026-08-28	2026-08-31	2026-08-31	2026-08-31
065425	ANDA	001	AMNEAL PHARM	DEMECLOCYCLINE HYDROCHLORIDE	DEMECLOCYCLINE HYDROCHLORIDE	29O079NTYT	GVSJQNRGSCOSNJ-KBHRXELFSA-N	26	2008-02-27	AP	Prescription	true	2026-08-28	2026-08-31	2026-08-31	2026-08-31
065425	ANDA	002	AMNEAL PHARM	DEMECLOCYCLINE HYDROCHLORIDE	DEMECLOCYCLINE HYDROCHLORIDE	29O079NTYT	GVSJQNRGSCOSNJ-KBHRXELFSA-N	26	2008-02-27	AP	Prescription	true	2026-08-28	2026-08-31	2026-08-31	2026-08-31
065447	ANDA	001	EPIC PHARMA LLC	DEMECLOCYCLINE HYDROCHLORIDE	DEMECLOCYCLINE HYDROCHLORIDE	29O079NTYT	GVSJQNRGSCOSNJ-KBHRXELFSA-N	26	2015-08-18	AP	Prescription	true	2026-08-28	2026-08-31	2026-08-31	2026-08-31
065447	ANDA	002	EPIC PHARMA LLC	DEMECLOCYCLINE HYDROCHLORIDE	DEMECLOCYCLINE HYDROCHLORIDE	29O079NTYT	GVSJQNRGSCOSNJ-KBHRXELFSA-N	26	2015-08-18	AP	Prescription	true	2026-08-28	2026-08-31	2026-08-31	2026-08-31
021602	NDA	001	TAKEDA PHARMS USA	VELCADE	BORTEZOMIB	69G8BD63PP	GXJABQQUPOEUTA-RDJZCZTQSA-N	64	2003-05-13	AP	Prescription	true	2026-08-28	2026-08-31	2026-08-31	2026-08-31
202963	ANDA	001	DR REDDYS	BORTEZOMIB	BORTEZOMIB	69G8BD63PP	GXJABQQUPOEUTA-RDJZCZTQSA-N	64	2022-07-26	AP	Prescription	true	2026-08-28	2026-08-31	2026-08-31	2026-08-31
203654	ANDA	001	CAPLIN ONE LABS	BORTEZOMIB	BORTEZOMIB	69G8BD63PP	GXJABQQUPOEUTA-RDJZCZTQSA-N	64	2022-07-26	AP	Discontinued	false	2026-08-28	2026-08-31	2026-08-31	2026-08-31
204405	ANDA	001	ACCORD HLTHCARE	BORTEZOMIB	BORTEZOMIB	69G8BD63PP	GXJABQQUPOEUTA-RDJZCZTQSA-N	64	2022-07-26	AP	Discontinued	false	2026-08-28	2026-08-31	2026-08-31	2026-08-31
205004	NDA	001	FRESENIUS KABI USA	BORTEZOMIB	BORTEZOMIB	69G8BD63PP	GXJABQQUPOEUTA-RDJZCZTQSA-N	64	2017-11-06	AP	Discontinued	false	2026-08-28	2026-08-31	2026-08-31	2026-08-31
205160	ANDA	001	PHARMOBEDIENT	BORTEZOMIB	BORTEZOMIB	69G8BD63PP	GXJABQQUPOEUTA-RDJZCZTQSA-N	64	2022-10-31	AP	Discontinued	false	2026-08-28	2026-08-31	2026-08-31	2026-08-31
205533	ANDA	001	APOTEX	BORTEZOMIB	BORTEZOMIB	69G8BD63PP	GXJABQQUPOEUTA-RDJZCZTQSA-N	64	2022-05-02	AP	Prescription	true	2026-08-28	2026-08-31	2026-08-31	2026-08-31
205857	ANDA	001	TEVA PHARMS USA	BORTEZOMIB	BORTEZOMIB	69G8BD63PP	GXJABQQUPOEUTA-RDJZCZTQSA-N	64	2022-05-02	AP	Discontinued	false	2026-08-28	2026-08-31	2026-08-31	2026-08-31
206927	NDA	001	DR REDDYS	BORTEZOMIB	BORTEZOMIB	69G8BD63PP	GXJABQQUPOEUTA-RDJZCZTQSA-N	64	2019-10-04	AP	Discontinued	false	2026-08-28	2026-08-31	2026-08-31	2026-08-31
208392	ANDA	001	PHARMASCIENCE INC	BORTEZOMIB	BORTEZOMIB	69G8BD63PP	GXJABQQUPOEUTA-RDJZCZTQSA-N	64	2022-05-02	AP	Prescription	true	2026-08-28	2026-08-31	2026-08-31	2026-08-31
208460	ANDA	001	HOSPIRA	BORTEZOMIB	BORTEZOMIB	69G8BD63PP	GXJABQQUPOEUTA-RDJZCZTQSA-N	64	2022-07-26	AP	Prescription	true	2026-08-28	2026-08-31	2026-08-31	2026-08-31
209191	NDA	001	HOSPIRA	BORTEZOMIB	BORTEZOMIB	69G8BD63PP	GXJABQQUPOEUTA-RDJZCZTQSA-N	64	2022-05-02	AP	Prescription	true	2026-08-28	2026-08-31	2026-08-31	2026-08-31
209191	NDA	002	HOSPIRA	BORTEZOMIB	BORTEZOMIB	69G8BD63PP	GXJABQQUPOEUTA-RDJZCZTQSA-N	64	2022-05-02	AP	Prescription	true	2026-08-28	2026-08-31	2026-08-31	2026-08-31
209622	ANDA	001	MSN	BORTEZOMIB	BORTEZOMIB	69G8BD63PP	GXJABQQUPOEUTA-RDJZCZTQSA-N	64	2022-07-26	AP	Prescription	true	2026-08-28	2026-08-31	2026-08-31	2026-08-31
209659	ANDA	001	FRESENIUS KABI USA	BORTEZOMIB	BORTEZOMIB	69G8BD63PP	GXJABQQUPOEUTA-RDJZCZTQSA-N	64	2022-05-02	AP	Prescription	true	2026-08-28	2026-08-31	2026-08-31	2026-08-31
210204	ANDA	001	ZYDUS PHARMS	BORTEZOMIB	BORTEZOMIB	69G8BD63PP	GXJABQQUPOEUTA-RDJZCZTQSA-N	64	2022-05-02	AP	Prescription	true	2026-08-28	2026-08-31	2026-08-31	2026-08-31
210824	ANDA	001	QILU PHARM HAINAN	BORTEZOMIB	BORTEZOMIB	69G8BD63PP	GXJABQQUPOEUTA-RDJZCZTQSA-N	64	2022-05-02	AP	Prescription	true	2026-08-28	2026-08-31	2026-08-31	2026-08-31
211898	ANDA	001	RELIANCE LIFE SCI	BORTEZOMIB	BORTEZOMIB	69G8BD63PP	GXJABQQUPOEUTA-RDJZCZTQSA-N	64	2022-10-11	AP	Prescription	true	2026-08-28	2026-08-31	2026-08-31	2026-08-31
212204	ANDA	001	HETERO LABS LTD VI	BORTEZOMIB	BORTEZOMIB	69G8BD63PP	GXJABQQUPOEUTA-RDJZCZTQSA-N	64	2024-05-03	AP	Prescription	true	2026-08-28	2026-08-31	2026-08-31	2026-08-31
212782	NDA	001	SHILPA	BORTEZOMIB	BORTEZOMIB	69G8BD63PP	GXJABQQUPOEUTA-RDJZCZTQSA-N	64	2024-08-26	AP	Prescription	true	2026-08-28	2026-08-31	2026-08-31	2026-08-31
212825	ANDA	001	EUGIA PHARMA	BORTEZOMIB	BORTEZOMIB	69G8BD63PP	GXJABQQUPOEUTA-RDJZCZTQSA-N	64	2022-05-02	AP	Prescription	true	2026-08-28	2026-08-31	2026-08-31	2026-08-31
212958	ANDA	001	MEITHEAL	BORTEZOMIB	BORTEZOMIB	69G8BD63PP	GXJABQQUPOEUTA-RDJZCZTQSA-N	64	2022-07-26	AP	Prescription	true	2026-08-28	2026-08-31	2026-08-31	2026-08-31
213823	ANDA	001	BAXTER HLTHCARE CORP	BORTEZOMIB	BORTEZOMIB	69G8BD63PP	GXJABQQUPOEUTA-RDJZCZTQSA-N	64	2022-05-02	AP	Discontinued	false	2026-08-28	2026-08-31	2026-08-31	2026-08-31
215011	ANDA	001	JIANGSU HANSOH PHARM	BORTEZOMIB	BORTEZOMIB	69G8BD63PP	GXJABQQUPOEUTA-RDJZCZTQSA-N	64	2022-07-26	AP	Prescription	true	2026-08-28	2026-08-31	2026-08-31	2026-08-31
215331	NDA	001	MAIA PHARMS INC	BORTEZOMIB	BORTEZOMIB	69G8BD63PP	GXJABQQUPOEUTA-RDJZCZTQSA-N	64	2022-07-27	AP	Discontinued	false	2026-08-28	2026-08-31	2026-08-31	2026-08-31
215331	NDA	002	MAIA PHARMS INC	BORTEZOMIB	BORTEZOMIB	69G8BD63PP	GXJABQQUPOEUTA-RDJZCZTQSA-N	64	2022-07-27	AP	Discontinued	false	2026-08-28	2026-08-31	2026-08-31	2026-08-31
215441	NDA	001	ACCORD HLTHCARE	BORTEZOMIB	BORTEZOMIB	69G8BD63PP	GXJABQQUPOEUTA-RDJZCZTQSA-N	64	2022-07-26	AP	Discontinued	false	2026-08-28	2026-08-31	2026-08-31	2026-08-31
215441	NDA	002	ACCORD HLTHCARE	BORTEZOMIB	BORTEZOMIB	69G8BD63PP	GXJABQQUPOEUTA-RDJZCZTQSA-N	64	2022-07-26	AP	Discontinued	false	2026-08-28	2026-08-31	2026-08-31	2026-08-31
216528	ANDA	001	SHUANGCHENG	BORTEZOMIB	BORTEZOMIB	69G8BD63PP	GXJABQQUPOEUTA-RDJZCZTQSA-N	64	2025-12-17	AP	Prescription	true	2026-08-28	2026-08-31	2026-08-31	2026-08-31
216912	ANDA	001	SCINOPHARM TAIWAN	BORTEZOMIB	BORTEZOMIB	69G8BD63PP	GXJABQQUPOEUTA-RDJZCZTQSA-N	64	2023-09-26	AP	Discontinued	false	2026-08-28	2026-08-31	2026-08-31	2026-08-31
218688	ANDA	001	VILIN BIO MED	BORTEZOMIB	BORTEZOMIB	69G8BD63PP	GXJABQQUPOEUTA-RDJZCZTQSA-N	64	2025-06-02	AP	Prescription	true	2026-08-28	2026-08-31	2026-08-31	2026-08-31
219167	ANDA	001	GLAND	BORTEZOMIB	BORTEZOMIB	69G8BD63PP	GXJABQQUPOEUTA-RDJZCZTQSA-N	64	2026-01-06	AP	Prescription	true	2026-08-28	2026-08-31	2026-08-31	2026-08-31
219167	ANDA	002	GLAND	BORTEZOMIB	BORTEZOMIB	69G8BD63PP	GXJABQQUPOEUTA-RDJZCZTQSA-N	64	2026-01-06	AP	Prescription	true	2026-08-28	2026-08-31	2026-08-31	2026-08-31
050007	NDA	001	PFIZER	VIBRAMYCIN	DOXYCYCLINE HYCLATE	19XTS3T51U	HALQELOKLVRWRI-VDBOFHIQSA-N	36	1967-12-05	AP	Discontinued	false	2026-08-28	2026-08-31	2026-08-31	2026-08-31
050007	NDA	002	PFIZER	VIBRAMYCIN	DOXYCYCLINE HYCLATE	19XTS3T51U	HALQELOKLVRWRI-VDBOFHIQSA-N	36	1967-12-05	AP	Discontinued	false	2026-08-28	2026-08-31	2026-08-31	2026-08-31
050442	NDA	001	PFIZER	VIBRAMYCIN	DOXYCYCLINE HYCLATE	19XTS3T51U	HALQELOKLVRWRI-VDBOFHIQSA-N	36	1972-09-05	AP	Discontinued	false	2026-08-28	2026-08-31	2026-08-31	2026-08-31
050442	NDA	002	PFIZER	VIBRAMYCIN	DOXYCYCLINE HYCLATE	19XTS3T51U	HALQELOKLVRWRI-VDBOFHIQSA-N	36	1972-09-05	AP	Discontinued	false	2026-08-28	2026-08-31	2026-08-31	2026-08-31
050533	NDA	001	PFIZER	VIBRA-TABS	DOXYCYCLINE HYCLATE	19XTS3T51U	HALQELOKLVRWRI-VDBOFHIQSA-N	36	1980-01-15	AP	Discontinued	false	2026-08-28	2026-08-31	2026-08-31	2026-08-31
050582	NDA	001	MAYNE PHARMA	DORYX	DOXYCYCLINE HYCLATE	19XTS3T51U	HALQELOKLVRWRI-VDBOFHIQSA-N	36	1985-07-22	AP	Discontinued	false	2026-08-28	2026-08-31	2026-08-31	2026-08-31
050582	NDA	002	MAYNE PHARMA	DORYX	DOXYCYCLINE HYCLATE	19XTS3T51U	HALQELOKLVRWRI-VDBOFHIQSA-N	36	1985-07-22	AP	Discontinued	false	2026-08-28	2026-08-31	2026-08-31	2026-08-31
050744	NDA	001	COLLAGENEX	PERIOSTAT	DOXYCYCLINE HYCLATE	19XTS3T51U	HALQELOKLVRWRI-VDBOFHIQSA-N	36	1998-09-30	AP	Discontinued	false	2026-08-28	2026-08-31	2026-08-31	2026-08-31
050751	NDA	001	DEN-MAT	ATRIDOX	DOXYCYCLINE HYCLATE	19XTS3T51U	HALQELOKLVRWRI-VDBOFHIQSA-N	36	1998-09-03	AP	Discontinued	false	2026-08-28	2026-08-31	2026-08-31	2026-08-31
050783	NDA	001	GALDERMA LABS LP	PERIOSTAT	DOXYCYCLINE HYCLATE	19XTS3T51U	HALQELOKLVRWRI-VDBOFHIQSA-N	36	2001-02-02	AP	Discontinued	false	2026-08-28	2026-08-31	2026-08-31	2026-08-31
050795	NDA	001	MAYNE PHARMA	DORYX	DOXYCYCLINE HYCLATE	19XTS3T51U	HALQELOKLVRWRI-VDBOFHIQSA-N	36	2005-05-06	AP	Discontinued	false	2026-08-28	2026-08-31	2026-08-31	2026-08-31
050795	NDA	002	MAYNE PHARMA	DORYX	DOXYCYCLINE HYCLATE	19XTS3T51U	HALQELOKLVRWRI-VDBOFHIQSA-N	36	2005-05-06	AP	Discontinued	false	2026-08-28	2026-08-31	2026-08-31	2026-08-31
050795	NDA	003	MAYNE PHARMA	DORYX	DOXYCYCLINE HYCLATE	19XTS3T51U	HALQELOKLVRWRI-VDBOFHIQSA-N	36	2005-05-06	AP	Discontinued	false	2026-08-28	2026-08-31	2026-08-31	2026-08-31
050795	NDA	004	MAYNE PHARMA	DORYX	DOXYCYCLINE HYCLATE	19XTS3T51U	HALQELOKLVRWRI-VDBOFHIQSA-N	36	2005-05-06	AP	Discontinued	false	2026-08-28	2026-08-31	2026-08-31	2026-08-31
050795	NDA	005	MAYNE PHARMA	DORYX	DOXYCYCLINE HYCLATE	19XTS3T51U	HALQELOKLVRWRI-VDBOFHIQSA-N	36	2005-05-06	AP	Discontinued	false	2026-08-28	2026-08-31	2026-08-31	2026-08-31
050795	NDA	006	MAYNE PHARMA	DORYX	DOXYCYCLINE HYCLATE	19XTS3T51U	HALQELOKLVRWRI-VDBOFHIQSA-N	36	2005-05-06	AP	Discontinued	false	2026-08-28	2026-08-31	2026-08-31	2026-08-31
050795	NDA	007	MAYNE PHARMA	DORYX MPC	DOXYCYCLINE HYCLATE	19XTS3T51U	HALQELOKLVRWRI-VDBOFHIQSA-N	36	2005-05-06	AP	Prescription	true	2026-08-28	2026-08-31	2026-08-31	2026-08-31
050795	NDA	008	MAYNE PHARMA	DORYX MPC	DOXYCYCLINE HYCLATE	19XTS3T51U	HALQELOKLVRWRI-VDBOFHIQSA-N	36	2005-05-06	AP	Discontinued	false	2026-08-28	2026-08-31	2026-08-31	2026-08-31
061717	ANDA	001	WATSON LABS	DOXYCYCLINE HYCLATE	DOXYCYCLINE HYCLATE	19XTS3T51U	HALQELOKLVRWRI-VDBOFHIQSA-N	36	1973-07-17	AP	Discontinued	false	2026-08-28	2026-08-31	2026-08-31	2026-08-31
061717	ANDA	002	WATSON LABS	DOXYCYCLINE HYCLATE	DOXYCYCLINE HYCLATE	19XTS3T51U	HALQELOKLVRWRI-VDBOFHIQSA-N	36	1973-07-17	AP	Discontinued	false	2026-08-28	2026-08-31	2026-08-31	2026-08-31
061953	ANDA	001	RACHELLE	DOXYCHEL HYCLATE	DOXYCYCLINE HYCLATE	19XTS3T51U	HALQELOKLVRWRI-VDBOFHIQSA-N	36	1980-09-10	AP	Discontinued	false	2026-08-28	2026-08-31	2026-08-31	2026-08-31
062031	ANDA	001	ACTAVIS LABS FL INC	DOXYCYCLINE HYCLATE	DOXYCYCLINE HYCLATE	19XTS3T51U	HALQELOKLVRWRI-VDBOFHIQSA-N	36	1982-10-13	AP	Prescription	true	2026-08-28	2026-08-31	2026-08-31	2026-08-31
062031	ANDA	002	ACTAVIS LABS FL INC	DOXYCYCLINE HYCLATE	DOXYCYCLINE HYCLATE	19XTS3T51U	HALQELOKLVRWRI-VDBOFHIQSA-N	36	1982-10-13	AP	Prescription	true	2026-08-28	2026-08-31	2026-08-31	2026-08-31
062142	ANDA	001	WATSON LABS	DOXYCYCLINE HYCLATE	DOXYCYCLINE HYCLATE	19XTS3T51U	HALQELOKLVRWRI-VDBOFHIQSA-N	36	1981-08-12	AP	Discontinued	false	2026-08-28	2026-08-31	2026-08-31	2026-08-31
062142	ANDA	002	WATSON LABS	DOXYCYCLINE HYCLATE	DOXYCYCLINE HYCLATE	19XTS3T51U	HALQELOKLVRWRI-VDBOFHIQSA-N	36	1981-08-12	AP	Discontinued	false	2026-08-28	2026-08-31	2026-08-31	2026-08-31
062269	ANDA	002	EPIC PHARMA LLC	DOXYCYCLINE HYCLATE	DOXYCYCLINE HYCLATE	19XTS3T51U	HALQELOKLVRWRI-VDBOFHIQSA-N	36	1982-11-08	AP	Prescription	true	2026-08-28	2026-08-31	2026-08-31	2026-08-31
062269	ANDA	003	EPIC PHARMA LLC	DOXYCYCLINE HYCLATE	DOXYCYCLINE HYCLATE	19XTS3T51U	HALQELOKLVRWRI-VDBOFHIQSA-N	36	1982-11-08	AP	Prescription	true	2026-08-28	2026-08-31	2026-08-31	2026-08-31
062337	ANDA	001	STRIDES PHARMA	DOXYCYCLINE HYCLATE	DOXYCYCLINE HYCLATE	19XTS3T51U	HALQELOKLVRWRI-VDBOFHIQSA-N	36	1982-03-29	AP	Prescription	true	2026-08-28	2026-08-31	2026-08-31	2026-08-31
062337	ANDA	002	STRIDES PHARMA	DOXYCYCLINE HYCLATE	DOXYCYCLINE HYCLATE	19XTS3T51U	HALQELOKLVRWRI-VDBOFHIQSA-N	36	1982-03-29	AP	Prescription	true	2026-08-28	2026-08-31	2026-08-31	2026-08-31
062391	ANDA	001	MUTUAL PHARM	DOXYCYCLINE HYCLATE	DOXYCYCLINE HYCLATE	19XTS3T51U	HALQELOKLVRWRI-VDBOFHIQSA-N	36	1982-09-30	AP	Discontinued	false	2026-08-28	2026-08-31	2026-08-31	2026-08-31
062392	ANDA	001	WATSON LABS	DOXYCYCLINE HYCLATE	DOXYCYCLINE HYCLATE	19XTS3T51U	HALQELOKLVRWRI-VDBOFHIQSA-N	36	1983-03-31	AP	Discontinued	false	2026-08-28	2026-08-31	2026-08-31	2026-08-31
062392	ANDA	002	WATSON LABS	DOXYCYCLINE HYCLATE	DOXYCYCLINE HYCLATE	19XTS3T51U	HALQELOKLVRWRI-VDBOFHIQSA-N	36	1983-03-31	AP	Discontinued	false	2026-08-28	2026-08-31	2026-08-31	2026-08-31
062396	ANDA	001	HIKMA INTL PHARMS	DOXYCYCLINE HYCLATE	DOXYCYCLINE HYCLATE	19XTS3T51U	HALQELOKLVRWRI-VDBOFHIQSA-N	36	1984-11-07	AP	Prescription	true	2026-08-28	2026-08-31	2026-08-31	2026-08-31
062396	ANDA	002	HIKMA INTL PHARMS	DOXYCYCLINE HYCLATE	DOXYCYCLINE HYCLATE	19XTS3T51U	HALQELOKLVRWRI-VDBOFHIQSA-N	36	1984-11-07	AP	Prescription	true	2026-08-28	2026-08-31	2026-08-31	2026-08-31
062418	ANDA	001	MUTUAL PHARM	DOXYCYCLINE HYCLATE	DOXYCYCLINE HYCLATE	19XTS3T51U	HALQELOKLVRWRI-VDBOFHIQSA-N	36	1983-01-28	AP	Discontinued	false	2026-08-28	2026-08-31	2026-08-31	2026-08-31
062418	ANDA	002	MUTUAL PHARM	DOXYCYCLINE HYCLATE	DOXYCYCLINE HYCLATE	19XTS3T51U	HALQELOKLVRWRI-VDBOFHIQSA-N	36	1983-01-28	AP	Discontinued	false	2026-08-28	2026-08-31	2026-08-31	2026-08-31
062421	ANDA	001	ACTAVIS LABS FL INC	DOXYCYCLINE HYCLATE	DOXYCYCLINE HYCLATE	19XTS3T51U	HALQELOKLVRWRI-VDBOFHIQSA-N	36	1983-02-02	AP	Prescription	true	2026-08-28	2026-08-31	2026-08-31	2026-08-31
062432	ANDA	001	MYLAN	DOXYCYCLINE HYCLATE	DOXYCYCLINE HYCLATE	19XTS3T51U	HALQELOKLVRWRI-VDBOFHIQSA-N	36	1983-02-15	AP	Discontinued	false	2026-08-28	2026-08-31	2026-08-31	2026-08-31
062450	ANDA	001	HIKMA	DOXYCYCLINE	DOXYCYCLINE HYCLATE	19XTS3T51U	HALQELOKLVRWRI-VDBOFHIQSA-N	36	1983-10-27	AP	Discontinued	false	2026-08-28	2026-08-31	2026-08-31	2026-08-31
062450	ANDA	002	HIKMA	DOXYCYCLINE	DOXYCYCLINE HYCLATE	19XTS3T51U	HALQELOKLVRWRI-VDBOFHIQSA-N	36	1983-10-27	AP	Discontinued	false	2026-08-28	2026-08-31	2026-08-31	2026-08-31
062475	ANDA	001	FRESENIUS KABI USA	DOXY 100	DOXYCYCLINE HYCLATE	19XTS3T51U	HALQELOKLVRWRI-VDBOFHIQSA-N	36	1983-12-09	AP	Prescription	true	2026-08-28	2026-08-31	2026-08-31	2026-08-31
062475	ANDA	002	FRESENIUS KABI USA	DOXY 200	DOXYCYCLINE HYCLATE	19XTS3T51U	HALQELOKLVRWRI-VDBOFHIQSA-N	36	1983-12-09	AP	Prescription	true	2026-08-28	2026-08-31	2026-08-31	2026-08-31
062479	ANDA	001	RANBAXY	DOXYCYCLINE HYCLATE	DOXYCYCLINE HYCLATE	19XTS3T51U	HALQELOKLVRWRI-VDBOFHIQSA-N	36	1983-12-23	AP	Discontinued	false	2026-08-28	2026-08-31	2026-08-31	2026-08-31
062479	ANDA	002	RANBAXY	DOXYCYCLINE HYCLATE	DOXYCYCLINE HYCLATE	19XTS3T51U	HALQELOKLVRWRI-VDBOFHIQSA-N	36	1983-12-23	AP	Discontinued	false	2026-08-28	2026-08-31	2026-08-31	2026-08-31
062494	ANDA	001	SUPERPHARM	DOXYCYCLINE HYCLATE	DOXYCYCLINE HYCLATE	19XTS3T51U	HALQELOKLVRWRI-VDBOFHIQSA-N	36	1985-02-20	AP	Discontinued	false	2026-08-28	2026-08-31	2026-08-31	2026-08-31
062497	ANDA	001	TEVA	DOXY-LEMMON	DOXYCYCLINE HYCLATE	19XTS3T51U	HALQELOKLVRWRI-VDBOFHIQSA-N	36	1984-08-23	AP	Discontinued	false	2026-08-28	2026-08-31	2026-08-31	2026-08-31
062497	ANDA	002	TEVA	DOXY-LEMMON	DOXYCYCLINE HYCLATE	19XTS3T51U	HALQELOKLVRWRI-VDBOFHIQSA-N	36	1984-08-23	AP	Discontinued	false	2026-08-28	2026-08-31	2026-08-31	2026-08-31
062500	ANDA	001	CHARTWELL	DOXYCYCLINE HYCLATE	DOXYCYCLINE HYCLATE	19XTS3T51U	HALQELOKLVRWRI-VDBOFHIQSA-N	36	1984-09-11	AP	Prescription	true	2026-08-28	2026-08-31	2026-08-31	2026-08-31
062500	ANDA	002	CHARTWELL	DOXYCYCLINE HYCLATE	DOXYCYCLINE HYCLATE	19XTS3T51U	HALQELOKLVRWRI-VDBOFHIQSA-N	36	1984-09-11	AP	Prescription	true	2026-08-28	2026-08-31	2026-08-31	2026-08-31
062505	ANDA	001	CHARTWELL	DOXYCYCLINE HYCLATE	DOXYCYCLINE HYCLATE	19XTS3T51U	HALQELOKLVRWRI-VDBOFHIQSA-N	36	1984-09-11	AP	Prescription	true	2026-08-28	2026-08-31	2026-08-31	2026-08-31
062505	ANDA	002	CHARTWELL	DOXYCYCLINE HYCLATE	DOXYCYCLINE HYCLATE	19XTS3T51U	HALQELOKLVRWRI-VDBOFHIQSA-N	36	1984-09-11	AP	Prescription	true	2026-08-28	2026-08-31	2026-08-31	2026-08-31
062538	ANDA	001	STRIDES PHARMA INTL	DOXYCYCLINE HYCLATE	DOXYCYCLINE HYCLATE	19XTS3T51U	HALQELOKLVRWRI-VDBOFHIQSA-N	36	1986-04-07	AP	Prescription	true	2026-08-28	2026-08-31	2026-08-31	2026-08-31
062538	ANDA	002	STRIDES PHARMA INTL	DOXYCYCLINE HYCLATE	DOXYCYCLINE HYCLATE	19XTS3T51U	HALQELOKLVRWRI-VDBOFHIQSA-N	36	1986-04-07	AP	Prescription	true	2026-08-28	2026-08-31	2026-08-31	2026-08-31
062569	ANDA	001	HIKMA	DOXYCYCLINE	DOXYCYCLINE HYCLATE	19XTS3T51U	HALQELOKLVRWRI-VDBOFHIQSA-N	36	1988-03-09	AP	Discontinued	false	2026-08-28	2026-08-31	2026-08-31	2026-08-31
062569	ANDA	002	HIKMA	DOXYCYCLINE	DOXYCYCLINE HYCLATE	19XTS3T51U	HALQELOKLVRWRI-VDBOFHIQSA-N	36	1988-03-09	AP	Discontinued	false	2026-08-28	2026-08-31	2026-08-31	2026-08-31
062581	ANDA	001	TEVA	DOXY-LEMMON	DOXYCYCLINE HYCLATE	19XTS3T51U	HALQELOKLVRWRI-VDBOFHIQSA-N	36	1985-03-15	AP	Discontinued	false	2026-08-28	2026-08-31	2026-08-31	2026-08-31
062631	ANDA	001	PVT FORM	DOXYCYCLINE HYCLATE	DOXYCYCLINE HYCLATE	19XTS3T51U	HALQELOKLVRWRI-VDBOFHIQSA-N	36	1986-07-24	AP	Discontinued	false	2026-08-28	2026-08-31	2026-08-31	2026-08-31
062631	ANDA	002	PVT FORM	DOXYCYCLINE HYCLATE	DOXYCYCLINE HYCLATE	19XTS3T51U	HALQELOKLVRWRI-VDBOFHIQSA-N	36	1986-07-24	AP	Discontinued	false	2026-08-28	2026-08-31	2026-08-31	2026-08-31
062653	ANDA	001	WARNER CHILCOTT	DORYX	DOXYCYCLINE HYCLATE	19XTS3T51U	HALQELOKLVRWRI-VDBOFHIQSA-N	36	1985-10-30	AP	Discontinued	false	2026-08-28	2026-08-31	2026-08-31	2026-08-31
062676	ANDA	001	SUN PHARM INDUSTRIES	DOXYCYCLINE HYCLATE	DOXYCYCLINE HYCLATE	19XTS3T51U	HALQELOKLVRWRI-VDBOFHIQSA-N	36	1986-07-10	AP	Prescription	true	2026-08-28	2026-08-31	2026-08-31	2026-08-31
062676	ANDA	002	SUN PHARM INDUSTRIES	DOXYCYCLINE HYCLATE	DOXYCYCLINE HYCLATE	19XTS3T51U	HALQELOKLVRWRI-VDBOFHIQSA-N	36	1986-07-10	AP	Prescription	true	2026-08-28	2026-08-31	2026-08-31	2026-08-31
062677	ANDA	001	SUN PHARM INDUSTRIES	DOXYCYCLINE HYCLATE	DOXYCYCLINE HYCLATE	19XTS3T51U	HALQELOKLVRWRI-VDBOFHIQSA-N	36	1986-07-10	AP	Prescription	true	2026-08-28	2026-08-31	2026-08-31	2026-08-31
062992	ANDA	001	WEST-WARD PHARMS INT	DOXYCYCLINE HYCLATE	DOXYCYCLINE HYCLATE	19XTS3T51U	HALQELOKLVRWRI-VDBOFHIQSA-N	36	1989-02-16	AP	Prescription	true	2026-08-28	2026-08-31	2026-08-31	2026-08-31
062992	ANDA	002	WEST-WARD PHARMS INT	DOXYCYCLINE HYCLATE	DOXYCYCLINE HYCLATE	19XTS3T51U	HALQELOKLVRWRI-VDBOFHIQSA-N	36	1989-02-16	AP	Prescription	true	2026-08-28	2026-08-31	2026-08-31	2026-08-31
063187	ANDA	001	PLIVA	DOXYCYCLINE HYCLATE	DOXYCYCLINE HYCLATE	19XTS3T51U	HALQELOKLVRWRI-VDBOFHIQSA-N	36	1992-06-30	AP	Discontinued	false	2026-08-28	2026-08-31	2026-08-31	2026-08-31
065095	ANDA	001	HIKMA INTL PHARMS	DOXYCYCLINE HYCLATE	DOXYCYCLINE HYCLATE	19XTS3T51U	HALQELOKLVRWRI-VDBOFHIQSA-N	36	2003-07-02	AP	Prescription	true	2026-08-28	2026-08-31	2026-08-31	2026-08-31
065103	ANDA	001	HIKMA INTL PHARMS	DOXYCYCLINE HYCLATE	DOXYCYCLINE HYCLATE	19XTS3T51U	HALQELOKLVRWRI-VDBOFHIQSA-N	36	2005-05-13	AP	Discontinued	false	2026-08-28	2026-08-31	2026-08-31	2026-08-31
065134	ANDA	001	SUN PHARM INDUSTRIES	DOXYCYCLINE HYCLATE	DOXYCYCLINE HYCLATE	19XTS3T51U	HALQELOKLVRWRI-VDBOFHIQSA-N	36	2005-05-13	AP	Prescription	true	2026-08-28	2026-08-31	2026-08-31	2026-08-31
065163	ANDA	001	HERITAGE PHARMA	DOXYCYCLINE HYCLATE	DOXYCYCLINE HYCLATE	19XTS3T51U	HALQELOKLVRWRI-VDBOFHIQSA-N	36	2005-05-13	AP	Discontinued	false	2026-08-28	2026-08-31	2026-08-31	2026-08-31
065182	ANDA	001	EPIC PHARMA LLC	DOXYCYCLINE HYCLATE	DOXYCYCLINE HYCLATE	19XTS3T51U	HALQELOKLVRWRI-VDBOFHIQSA-N	36	2005-05-13	AP	Prescription	true	2026-08-28	2026-08-31	2026-08-31	2026-08-31
065277	ANDA	001	CHARTWELL MOLECULAR	DOXYCYCLINE HYCLATE	DOXYCYCLINE HYCLATE	19XTS3T51U	HALQELOKLVRWRI-VDBOFHIQSA-N	36	2005-11-10	AP	Prescription	true	2026-08-28	2026-08-31	2026-08-31	2026-08-31
065281	ANDA	001	BAUSCH	DOXYCYCLINE HYCLATE	DOXYCYCLINE HYCLATE	19XTS3T51U	HALQELOKLVRWRI-VDBOFHIQSA-N	36	2005-12-21	AP	Discontinued	false	2026-08-28	2026-08-31	2026-08-31	2026-08-31
065281	ANDA	002	BAUSCH	DOXYCYCLINE HYCLATE	DOXYCYCLINE HYCLATE	19XTS3T51U	HALQELOKLVRWRI-VDBOFHIQSA-N	36	2005-12-21	AP	Discontinued	false	2026-08-28	2026-08-31	2026-08-31	2026-08-31
065287	ANDA	001	PHARMOBEDIENT	DOXYCYCLINE HYCLATE	DOXYCYCLINE HYCLATE	19XTS3T51U	HALQELOKLVRWRI-VDBOFHIQSA-N	36	2006-02-28	AP	Prescription	true	2026-08-28	2026-08-31	2026-08-31	2026-08-31
090134	ANDA	001	ACTAVIS ELIZABETH	DOXYCYCLINE HYCLATE	DOXYCYCLINE HYCLATE	19XTS3T51U	HALQELOKLVRWRI-VDBOFHIQSA-N	36	2011-12-14	AP	Prescription	true	2026-08-28	2026-08-31	2026-08-31	2026-08-31
090134	ANDA	002	ACTAVIS ELIZABETH	DOXYCYCLINE HYCLATE	DOXYCYCLINE HYCLATE	19XTS3T51U	HALQELOKLVRWRI-VDBOFHIQSA-N	36	2011-12-14	AP	Prescription	true	2026-08-28	2026-08-31	2026-08-31	2026-08-31
090134	ANDA	003	ACTAVIS ELIZABETH	DOXYCYCLINE HYCLATE	DOXYCYCLINE HYCLATE	19XTS3T51U	HALQELOKLVRWRI-VDBOFHIQSA-N	36	2011-12-14	AP	Prescription	true	2026-08-28	2026-08-31	2026-08-31	2026-08-31
090134	ANDA	004	ACTAVIS ELIZABETH	DOXYCYCLINE HYCLATE	DOXYCYCLINE HYCLATE	19XTS3T51U	HALQELOKLVRWRI-VDBOFHIQSA-N	36	2011-12-14	AP	Prescription	true	2026-08-28	2026-08-31	2026-08-31	2026-08-31
090431	ANDA	001	RISING	DOXYCYCLINE HYCLATE	DOXYCYCLINE HYCLATE	19XTS3T51U	HALQELOKLVRWRI-VDBOFHIQSA-N	36	2010-12-28	AP	Discontinued	false	2026-08-28	2026-08-31	2026-08-31	2026-08-31
090431	ANDA	002	RISING	DOXYCYCLINE HYCLATE	DOXYCYCLINE HYCLATE	19XTS3T51U	HALQELOKLVRWRI-VDBOFHIQSA-N	36	2010-12-28	AP	Discontinued	false	2026-08-28	2026-08-31	2026-08-31	2026-08-31
090431	ANDA	003	RISING	DOXYCYCLINE HYCLATE	DOXYCYCLINE HYCLATE	19XTS3T51U	HALQELOKLVRWRI-VDBOFHIQSA-N	36	2010-12-28	AP	Discontinued	false	2026-08-28	2026-08-31	2026-08-31	2026-08-31
090431	ANDA	004	RISING	DOXYCYCLINE HYCLATE	DOXYCYCLINE HYCLATE	19XTS3T51U	HALQELOKLVRWRI-VDBOFHIQSA-N	36	2010-12-28	AP	Discontinued	false	2026-08-28	2026-08-31	2026-08-31	2026-08-31
090431	ANDA	005	RISING	DOXYCYCLINE HYCLATE	DOXYCYCLINE HYCLATE	19XTS3T51U	HALQELOKLVRWRI-VDBOFHIQSA-N	36	2010-12-28	AP	Discontinued	false	2026-08-28	2026-08-31	2026-08-31	2026-08-31
090505	ANDA	001	IMPAX LABS INC	DOXYCYCLINE HYCLATE	DOXYCYCLINE HYCLATE	19XTS3T51U	HALQELOKLVRWRI-VDBOFHIQSA-N	36	2010-12-28	AP	Discontinued	false	2026-08-28	2026-08-31	2026-08-31	2026-08-31
090505	ANDA	002	IMPAX LABS INC	DOXYCYCLINE HYCLATE	DOXYCYCLINE HYCLATE	19XTS3T51U	HALQELOKLVRWRI-VDBOFHIQSA-N	36	2010-12-28	AP	Discontinued	false	2026-08-28	2026-08-31	2026-08-31	2026-08-31
091052	ANDA	001	AUROBINDO PHARMA USA	DOXYCYCLINE HYCLATE	DOXYCYCLINE HYCLATE	19XTS3T51U	HALQELOKLVRWRI-VDBOFHIQSA-N	36	2012-02-08	AP	Discontinued	false	2026-08-28	2026-08-31	2026-08-31	2026-08-31
091406	ANDA	001	MYLAN LABS LTD	DOXYCYCLINE	DOXYCYCLINE HYCLATE	19XTS3T51U	HALQELOKLVRWRI-VDBOFHIQSA-N	36	2012-08-21	AP	Prescription	true	2026-08-28	2026-08-31	2026-08-31	2026-08-31
200856	ANDA	001	HERITAGE	DOXYCYCLINE HYCLATE	DOXYCYCLINE HYCLATE	19XTS3T51U	HALQELOKLVRWRI-VDBOFHIQSA-N	36	2013-04-30	AP	Prescription	true	2026-08-28	2026-08-31	2026-08-31	2026-08-31
200856	ANDA	002	HERITAGE	DOXYCYCLINE HYCLATE	DOXYCYCLINE HYCLATE	19XTS3T51U	HALQELOKLVRWRI-VDBOFHIQSA-N	36	2013-04-30	AP	Prescription	true	2026-08-28	2026-08-31	2026-08-31	2026-08-31
200856	ANDA	003	HERITAGE	DOXYCYCLINE HYCLATE	DOXYCYCLINE HYCLATE	19XTS3T51U	HALQELOKLVRWRI-VDBOFHIQSA-N	36	2013-04-30	AP	Prescription	true	2026-08-28	2026-08-31	2026-08-31	2026-08-31
200856	ANDA	004	HERITAGE	DOXYCYCLINE HYCLATE	DOXYCYCLINE HYCLATE	19XTS3T51U	HALQELOKLVRWRI-VDBOFHIQSA-N	36	2013-04-30	AP	Prescription	true	2026-08-28	2026-08-31	2026-08-31	2026-08-31
203276	ANDA	001	AVET LIFESCIENCES	DOXYCYCLINE HYCLATE	DOXYCYCLINE HYCLATE	19XTS3T51U	HALQELOKLVRWRI-VDBOFHIQSA-N	36	2026-02-19	AP	Discontinued	false	2026-08-28	2026-08-31	2026-08-31	2026-08-31
205931	NDA	001	CHARTWELL RX	ACTICLATE	DOXYCYCLINE HYCLATE	19XTS3T51U	HALQELOKLVRWRI-VDBOFHIQSA-N	36	2014-07-25	AP	Prescription	true	2026-08-28	2026-08-31	2026-08-31	2026-08-31
205931	NDA	002	CHARTWELL RX	ACTICLATE	DOXYCYCLINE HYCLATE	19XTS3T51U	HALQELOKLVRWRI-VDBOFHIQSA-N	36	2014-07-25	AP	Prescription	true	2026-08-28	2026-08-31	2026-08-31	2026-08-31
206772	ANDA	001	ZYDUS PHARMS	DOXYCYCLINE HYCLATE	DOXYCYCLINE HYCLATE	19XTS3T51U	HALQELOKLVRWRI-VDBOFHIQSA-N	36	2018-12-21	AP	Discontinued	false	2026-08-28	2026-08-31	2026-08-31	2026-08-31
206772	ANDA	002	ZYDUS PHARMS	DOXYCYCLINE HYCLATE	DOXYCYCLINE HYCLATE	19XTS3T51U	HALQELOKLVRWRI-VDBOFHIQSA-N	36	2018-12-21	AP	Discontinued	false	2026-08-28	2026-08-31	2026-08-31	2026-08-31
206772	ANDA	003	ZYDUS PHARMS	DOXYCYCLINE HYCLATE	DOXYCYCLINE HYCLATE	19XTS3T51U	HALQELOKLVRWRI-VDBOFHIQSA-N	36	2018-12-21	AP	Discontinued	false	2026-08-28	2026-08-31	2026-08-31	2026-08-31
207289	ANDA	001	AMNEAL PHARMS	DOXYCYCLINE HYCLATE	DOXYCYCLINE HYCLATE	19XTS3T51U	HALQELOKLVRWRI-VDBOFHIQSA-N	36	2016-06-27	AP	Prescription	true	2026-08-28	2026-08-31	2026-08-31	2026-08-31
207494	ANDA	001	PRINSTON INC	DOXYCYCLINE HYCLATE	DOXYCYCLINE HYCLATE	19XTS3T51U	HALQELOKLVRWRI-VDBOFHIQSA-N	36	2016-11-15	AP	Prescription	true	2026-08-28	2026-08-31	2026-08-31	2026-08-31
207494	ANDA	002	PRINSTON INC	DOXYCYCLINE HYCLATE	DOXYCYCLINE HYCLATE	19XTS3T51U	HALQELOKLVRWRI-VDBOFHIQSA-N	36	2016-11-15	AP	Prescription	true	2026-08-28	2026-08-31	2026-08-31	2026-08-31
207494	ANDA	003	PRINSTON INC	DOXYCYCLINE HYCLATE	DOXYCYCLINE HYCLATE	19XTS3T51U	HALQELOKLVRWRI-VDBOFHIQSA-N	36	2016-11-15	AP	Prescription	true	2026-08-28	2026-08-31	2026-08-31	2026-08-31
207558	ANDA	001	NOVEL LABS INC	DOXYCYCLINE HYCLATE	DOXYCYCLINE HYCLATE	19XTS3T51U	HALQELOKLVRWRI-VDBOFHIQSA-N	36	2017-09-06	AP	Prescription	true	2026-08-28	2026-08-31	2026-08-31	2026-08-31
207757	ANDA	001	ZYDUS PHARMS	DOXYCYCLINE	DOXYCYCLINE HYCLATE	19XTS3T51U	HALQELOKLVRWRI-VDBOFHIQSA-N	36	2017-09-28	AP	Prescription	true	2026-08-28	2026-08-31	2026-08-31	2026-08-31
207757	ANDA	002	ZYDUS PHARMS	DOXYCYCLINE	DOXYCYCLINE HYCLATE	19XTS3T51U	HALQELOKLVRWRI-VDBOFHIQSA-N	36	2017-09-28	AP	Prescription	true	2026-08-28	2026-08-31	2026-08-31	2026-08-31
207773	ANDA	001	ZYDUS LIFESCIENCES	DOXYCYCLINE HYCLATE	DOXYCYCLINE HYCLATE	19XTS3T51U	HALQELOKLVRWRI-VDBOFHIQSA-N	36	2017-10-30	AP	Prescription	true	2026-08-28	2026-08-31	2026-08-31	2026-08-31
207774	ANDA	001	ZYDUS LIFESCIENCES	DOXYCYCLINE HYCLATE	DOXYCYCLINE HYCLATE	19XTS3T51U	HALQELOKLVRWRI-VDBOFHIQSA-N	36	2018-05-31	AP	Prescription	true	2026-08-28	2026-08-31	2026-08-31	2026-08-31
207774	ANDA	002	ZYDUS LIFESCIENCES	DOXYCYCLINE HYCLATE	DOXYCYCLINE HYCLATE	19XTS3T51U	HALQELOKLVRWRI-VDBOFHIQSA-N	36	2018-05-31	AP	Prescription	true	2026-08-28	2026-08-31	2026-08-31	2026-08-31
208253	NDA	001	CHARTWELL RX	ACTICLATE CAP	DOXYCYCLINE HYCLATE	19XTS3T51U	HALQELOKLVRWRI-VDBOFHIQSA-N	36	2016-04-26	AP	Discontinued	false	2026-08-28	2026-08-31	2026-08-31	2026-08-31
208263	ANDA	001	NESHER PHARMS	DOXYCYCLINE HYCLATE	DOXYCYCLINE HYCLATE	19XTS3T51U	HALQELOKLVRWRI-VDBOFHIQSA-N	36	2021-11-22	AP	Discontinued	false	2026-08-28	2026-08-31	2026-08-31	2026-08-31
208263	ANDA	002	NESHER PHARMS	DOXYCYCLINE HYCLATE	DOXYCYCLINE HYCLATE	19XTS3T51U	HALQELOKLVRWRI-VDBOFHIQSA-N	36	2021-11-22	AP	Discontinued	false	2026-08-28	2026-08-31	2026-08-31	2026-08-31
208741	ANDA	001	LUPIN	DOXYCYCLINE HYCLATE	DOXYCYCLINE HYCLATE	19XTS3T51U	HALQELOKLVRWRI-VDBOFHIQSA-N	36	2023-08-11	AP	Discontinued	false	2026-08-28	2026-08-31	2026-08-31	2026-08-31
208741	ANDA	002	LUPIN	DOXYCYCLINE HYCLATE	DOXYCYCLINE HYCLATE	19XTS3T51U	HALQELOKLVRWRI-VDBOFHIQSA-N	36	2023-08-11	AP	Discontinued	false	2026-08-28	2026-08-31	2026-08-31	2026-08-31
208741	ANDA	003	LUPIN	DOXYCYCLINE HYCLATE	DOXYCYCLINE HYCLATE	19XTS3T51U	HALQELOKLVRWRI-VDBOFHIQSA-N	36	2023-08-11	AP	Discontinued	false	2026-08-28	2026-08-31	2026-08-31	2026-08-31
208741	ANDA	004	LUPIN	DOXYCYCLINE HYCLATE	DOXYCYCLINE HYCLATE	19XTS3T51U	HALQELOKLVRWRI-VDBOFHIQSA-N	36	2023-08-11	AP	Discontinued	false	2026-08-28	2026-08-31	2026-08-31	2026-08-31
208741	ANDA	005	LUPIN	DOXYCYCLINE HYCLATE	DOXYCYCLINE HYCLATE	19XTS3T51U	HALQELOKLVRWRI-VDBOFHIQSA-N	36	2023-08-11	AP	Discontinued	false	2026-08-28	2026-08-31	2026-08-31	2026-08-31
208741	ANDA	006	LUPIN	DOXYCYCLINE HYCLATE	DOXYCYCLINE HYCLATE	19XTS3T51U	HALQELOKLVRWRI-VDBOFHIQSA-N	36	2023-08-11	AP	Discontinued	false	2026-08-28	2026-08-31	2026-08-31	2026-08-31
208741	ANDA	007	LUPIN	DOXYCYCLINE HYCLATE	DOXYCYCLINE HYCLATE	19XTS3T51U	HALQELOKLVRWRI-VDBOFHIQSA-N	36	2023-08-11	AP	Discontinued	false	2026-08-28	2026-08-31	2026-08-31	2026-08-31
208741	ANDA	008	LUPIN	DOXYCYCLINE HYCLATE	DOXYCYCLINE HYCLATE	19XTS3T51U	HALQELOKLVRWRI-VDBOFHIQSA-N	36	2023-08-11	AP	Discontinued	false	2026-08-28	2026-08-31	2026-08-31	2026-08-31
208765	ANDA	001	DR REDDYS LABS SA	DOXYCYCLINE HYCLATE	DOXYCYCLINE HYCLATE	19XTS3T51U	HALQELOKLVRWRI-VDBOFHIQSA-N	36	2017-06-14	AP	Prescription	true	2026-08-28	2026-08-31	2026-08-31	2026-08-31
208765	ANDA	002	DR REDDYS LABS SA	DOXYCYCLINE HYCLATE	DOXYCYCLINE HYCLATE	19XTS3T51U	HALQELOKLVRWRI-VDBOFHIQSA-N	36	2017-06-14	AP	Prescription	true	2026-08-28	2026-08-31	2026-08-31	2026-08-31
208818	ANDA	001	LUPIN	DOXYCYCLINE HYCLATE	DOXYCYCLINE HYCLATE	19XTS3T51U	HALQELOKLVRWRI-VDBOFHIQSA-N	36	2017-09-27	AP	Prescription	true	2026-08-28	2026-08-31	2026-08-31	2026-08-31
208818	ANDA	002	LUPIN	DOXYCYCLINE HYCLATE	DOXYCYCLINE HYCLATE	19XTS3T51U	HALQELOKLVRWRI-VDBOFHIQSA-N	36	2017-09-27	AP	Prescription	true	2026-08-28	2026-08-31	2026-08-31	2026-08-31
209243	ANDA	001	APOTEX	DOXYCYCLINE HYCLATE	DOXYCYCLINE HYCLATE	19XTS3T51U	HALQELOKLVRWRI-VDBOFHIQSA-N	36	2019-04-15	AP	Discontinued	false	2026-08-28	2026-08-31	2026-08-31	2026-08-31
209243	ANDA	002	APOTEX	DOXYCYCLINE HYCLATE	DOXYCYCLINE HYCLATE	19XTS3T51U	HALQELOKLVRWRI-VDBOFHIQSA-N	36	2019-04-15	AP	Discontinued	false	2026-08-28	2026-08-31	2026-08-31	2026-08-31
209372	ANDA	001	AMNEAL PHARMS CO	DOXYCYCLINE HYCLATE	DOXYCYCLINE HYCLATE	19XTS3T51U	HALQELOKLVRWRI-VDBOFHIQSA-N	36	2017-10-06	AP	Discontinued	false	2026-08-28	2026-08-31	2026-08-31	2026-08-31
209372	ANDA	002	AMNEAL PHARMS CO	DOXYCYCLINE HYCLATE	DOXYCYCLINE HYCLATE	19XTS3T51U	HALQELOKLVRWRI-VDBOFHIQSA-N	36	2017-10-06	AP	Discontinued	false	2026-08-28	2026-08-31	2026-08-31	2026-08-31
209393	ANDA	001	BIONPHARMA	DOXYCYCLINE HYCLATE	DOXYCYCLINE HYCLATE	19XTS3T51U	HALQELOKLVRWRI-VDBOFHIQSA-N	36	2020-12-10	AP	Discontinued	false	2026-08-28	2026-08-31	2026-08-31	2026-08-31
209393	ANDA	002	BIONPHARMA	DOXYCYCLINE HYCLATE	DOXYCYCLINE HYCLATE	19XTS3T51U	HALQELOKLVRWRI-VDBOFHIQSA-N	36	2020-12-10	AP	Discontinued	false	2026-08-28	2026-08-31	2026-08-31	2026-08-31
209402	ANDA	001	CHANGZHOU PHARM	DOXYCYCLINE HYCLATE	DOXYCYCLINE HYCLATE	19XTS3T51U	HALQELOKLVRWRI-VDBOFHIQSA-N	36	2019-10-07	AP	Prescription	true	2026-08-28	2026-08-31	2026-08-31	2026-08-31
209560	ANDA	001	PHARMOBEDIENT	DOXYCYCLINE HYCLATE	DOXYCYCLINE HYCLATE	19XTS3T51U	HALQELOKLVRWRI-VDBOFHIQSA-N	36	2024-04-15	AP	Discontinued	false	2026-08-28	2026-08-31	2026-08-31	2026-08-31
209844	NDA	001	CHARTWELL PHARMA	LYMEPAK	DOXYCYCLINE HYCLATE	19XTS3T51U	HALQELOKLVRWRI-VDBOFHIQSA-N	36	2018-06-15	AP	Discontinued	false	2026-08-28	2026-08-31	2026-08-31	2026-08-31
209969	ANDA	001	AVET LIFESCIENCES	DOXYCYCLINE HYCLATE	DOXYCYCLINE HYCLATE	19XTS3T51U	HALQELOKLVRWRI-VDBOFHIQSA-N	36	2018-11-09	AP	Discontinued	false	2026-08-28	2026-08-31	2026-08-31	2026-08-31
209987	ANDA	001	RISING	DOXYCYCLINE HYCLATE	DOXYCYCLINE HYCLATE	19XTS3T51U	HALQELOKLVRWRI-VDBOFHIQSA-N	36	2020-10-05	AP	Discontinued	false	2026-08-28	2026-08-31	2026-08-31	2026-08-31
209987	ANDA	002	RISING	DOXYCYCLINE HYCLATE	DOXYCYCLINE HYCLATE	19XTS3T51U	HALQELOKLVRWRI-VDBOFHIQSA-N	36	2020-10-05	AP	Discontinued	false	2026-08-28	2026-08-31	2026-08-31	2026-08-31
210527	ANDA	001	ALEMBIC	DOXYCYCLINE HYCLATE	DOXYCYCLINE HYCLATE	19XTS3T51U	HALQELOKLVRWRI-VDBOFHIQSA-N	36	2018-06-13	AP	Prescription	true	2026-08-28	2026-08-31	2026-08-31	2026-08-31
210527	ANDA	002	ALEMBIC	DOXYCYCLINE HYCLATE	DOXYCYCLINE HYCLATE	19XTS3T51U	HALQELOKLVRWRI-VDBOFHIQSA-N	36	2018-06-13	AP	Prescription	true	2026-08-28	2026-08-31	2026-08-31	2026-08-31
210536	ANDA	001	ALEMBIC	DOXYCYCLINE HYCLATE	DOXYCYCLINE HYCLATE	19XTS3T51U	HALQELOKLVRWRI-VDBOFHIQSA-N	36	2020-05-14	AP	Discontinued	false	2026-08-28	2026-08-31	2026-08-31	2026-08-31
210536	ANDA	002	ALEMBIC	DOXYCYCLINE HYCLATE	DOXYCYCLINE HYCLATE	19XTS3T51U	HALQELOKLVRWRI-VDBOFHIQSA-N	36	2020-05-14	AP	Prescription	true	2026-08-28	2026-08-31	2026-08-31	2026-08-31
210537	ANDA	001	ALEMBIC	DOXYCYCLINE HYCLATE	DOXYCYCLINE HYCLATE	19XTS3T51U	HALQELOKLVRWRI-VDBOFHIQSA-N	36	2020-03-04	AP	Prescription	true	2026-08-28	2026-08-31	2026-08-31	2026-08-31
210664	ANDA	001	ACELLA	DOXYCYCLINE HYCLATE	DOXYCYCLINE HYCLATE	19XTS3T51U	HALQELOKLVRWRI-VDBOFHIQSA-N	36	2020-03-16	AP	Prescription	true	2026-08-28	2026-08-31	2026-08-31	2026-08-31
211012	ANDA	001	AJANTA PHARMA LTD	DOXYCYCLINE HYCLATE	DOXYCYCLINE HYCLATE	19XTS3T51U	HALQELOKLVRWRI-VDBOFHIQSA-N	36	2018-09-24	AP	Discontinued	false	2026-08-28	2026-08-31	2026-08-31	2026-08-31
211012	ANDA	002	AJANTA PHARMA LTD	DOXYCYCLINE HYCLATE	DOXYCYCLINE HYCLATE	19XTS3T51U	HALQELOKLVRWRI-VDBOFHIQSA-N	36	2018-09-24	AP	Discontinued	false	2026-08-28	2026-08-31	2026-08-31	2026-08-31
211137	ANDA	001	MACLEODS PHARMS	DOXYCYCLINE HYCLATE	DOXYCYCLINE HYCLATE	19XTS3T51U	HALQELOKLVRWRI-VDBOFHIQSA-N	36	2025-12-09	AP	Prescription	true	2026-08-28	2026-08-31	2026-08-31	2026-08-31
211343	ANDA	001	CHANGZHOU PHARM	DOXYCYCLINE HYCLATE	DOXYCYCLINE HYCLATE	19XTS3T51U	HALQELOKLVRWRI-VDBOFHIQSA-N	36	2019-10-09	AP	Prescription	true	2026-08-28	2026-08-31	2026-08-31	2026-08-31
211418	ANDA	001	MACLEODS PHARMS	DOXYCYCLINE HYCLATE	DOXYCYCLINE HYCLATE	19XTS3T51U	HALQELOKLVRWRI-VDBOFHIQSA-N	36	2025-11-19	AP	Prescription	true	2026-08-28	2026-08-31	2026-08-31	2026-08-31
211584	ANDA	001	AJANTA PHARMA LTD	DOXYCYCLINE HYCLATE	DOXYCYCLINE HYCLATE	19XTS3T51U	HALQELOKLVRWRI-VDBOFHIQSA-N	36	2020-06-01	AP	Prescription	true	2026-08-28	2026-08-31	2026-08-31	2026-08-31
211584	ANDA	002	AJANTA PHARMA LTD	DOXYCYCLINE HYCLATE	DOXYCYCLINE HYCLATE	19XTS3T51U	HALQELOKLVRWRI-VDBOFHIQSA-N	36	2020-06-01	AP	Prescription	true	2026-08-28	2026-08-31	2026-08-31	2026-08-31
211744	ANDA	001	ALEMBIC	DOXYCYCLINE HYCLATE	DOXYCYCLINE HYCLATE	19XTS3T51U	HALQELOKLVRWRI-VDBOFHIQSA-N	36	2020-06-30	AP	Prescription	true	2026-08-28	2026-08-31	2026-08-31	2026-08-31
211744	ANDA	002	ALEMBIC	DOXYCYCLINE HYCLATE	DOXYCYCLINE HYCLATE	19XTS3T51U	HALQELOKLVRWRI-VDBOFHIQSA-N	36	2020-06-30	AP	Prescription	true	2026-08-28	2026-08-31	2026-08-31	2026-08-31
212487	ANDA	001	ARTHUR GRP	DOXYCYCLINE HYCLATE	DOXYCYCLINE HYCLATE	19XTS3T51U	HALQELOKLVRWRI-VDBOFHIQSA-N	36	2022-03-30	AP	Discontinued	false	2026-08-28	2026-08-31	2026-08-31	2026-08-31
212610	ANDA	001	ZHEJIANG YONGTAI	DOXYCYCLINE HYCLATE	DOXYCYCLINE HYCLATE	19XTS3T51U	HALQELOKLVRWRI-VDBOFHIQSA-N	36	2020-03-31	AP	Discontinued	false	2026-08-28	2026-08-31	2026-08-31	2026-08-31
212610	ANDA	002	ZHEJIANG YONGTAI	DOXYCYCLINE HYCLATE	DOXYCYCLINE HYCLATE	19XTS3T51U	HALQELOKLVRWRI-VDBOFHIQSA-N	36	2020-03-31	AP	Discontinued	false	2026-08-28	2026-08-31	2026-08-31	2026-08-31
213075	ANDA	001	ALEMBIC	DOXYCYCLINE HYCLATE	DOXYCYCLINE HYCLATE	19XTS3T51U	HALQELOKLVRWRI-VDBOFHIQSA-N	36	2022-01-03	AP	Prescription	true	2026-08-28	2026-08-31	2026-08-31	2026-08-31
213075	ANDA	002	ALEMBIC	DOXYCYCLINE HYCLATE	DOXYCYCLINE HYCLATE	19XTS3T51U	HALQELOKLVRWRI-VDBOFHIQSA-N	36	2022-01-03	AP	Prescription	true	2026-08-28	2026-08-31	2026-08-31	2026-08-31
213075	ANDA	003	ALEMBIC	DOXYCYCLINE HYCLATE	DOXYCYCLINE HYCLATE	19XTS3T51U	HALQELOKLVRWRI-VDBOFHIQSA-N	36	2022-01-03	AP	Prescription	true	2026-08-28	2026-08-31	2026-08-31	2026-08-31
213075	ANDA	004	ALEMBIC	DOXYCYCLINE HYCLATE	DOXYCYCLINE HYCLATE	19XTS3T51U	HALQELOKLVRWRI-VDBOFHIQSA-N	36	2022-01-03	AP	Prescription	true	2026-08-28	2026-08-31	2026-08-31	2026-08-31
213475	ANDA	001	ORYZA	DOXYCYCLINE HYCLATE	DOXYCYCLINE HYCLATE	19XTS3T51U	HALQELOKLVRWRI-VDBOFHIQSA-N	36	2021-03-10	AP	Discontinued	false	2026-08-28	2026-08-31	2026-08-31	2026-08-31
214207	ANDA	001	EPIC PHARMA LLC	DOXYCYCLINE HYCLATE	DOXYCYCLINE HYCLATE	19XTS3T51U	HALQELOKLVRWRI-VDBOFHIQSA-N	36	2020-12-16	AP	Prescription	true	2026-08-28	2026-08-31	2026-08-31	2026-08-31
214207	ANDA	002	EPIC PHARMA LLC	DOXYCYCLINE HYCLATE	DOXYCYCLINE HYCLATE	19XTS3T51U	HALQELOKLVRWRI-VDBOFHIQSA-N	36	2020-12-16	AP	Prescription	true	2026-08-28	2026-08-31	2026-08-31	2026-08-31
214356	ANDA	001	TORRENT	DOXYCYCLINE HYCLATE	DOXYCYCLINE HYCLATE	19XTS3T51U	HALQELOKLVRWRI-VDBOFHIQSA-N	36	2024-04-15	AP	Discontinued	false	2026-08-28	2026-08-31	2026-08-31	2026-08-31
214356	ANDA	002	TORRENT	DOXYCYCLINE HYCLATE	DOXYCYCLINE HYCLATE	19XTS3T51U	HALQELOKLVRWRI-VDBOFHIQSA-N	36	2024-04-15	AP	Discontinued	false	2026-08-28	2026-08-31	2026-08-31	2026-08-31
215583	ANDA	001	GLAND	DOXYCYCLINE HYCLATE	DOXYCYCLINE HYCLATE	19XTS3T51U	HALQELOKLVRWRI-VDBOFHIQSA-N	36	2023-04-12	AP	Prescription	true	2026-08-28	2026-08-31	2026-08-31	2026-08-31
216599	ANDA	001	AMNEAL	DOXYCYCLINE HYCLATE	DOXYCYCLINE HYCLATE	19XTS3T51U	HALQELOKLVRWRI-VDBOFHIQSA-N	36	2022-10-24	AP	Discontinued	false	2026-08-28	2026-08-31	2026-08-31	2026-08-31
216690	ANDA	001	PH HEALTH	DOXYCYCLINE HYCLATE	DOXYCYCLINE HYCLATE	19XTS3T51U	HALQELOKLVRWRI-VDBOFHIQSA-N	36	2022-12-07	AP	Prescription	true	2026-08-28	2026-08-31	2026-08-31	2026-08-31
217078	ANDA	001	PHARMOBEDIENT	DOXYCYCLINE HYCLATE	DOXYCYCLINE HYCLATE	19XTS3T51U	HALQELOKLVRWRI-VDBOFHIQSA-N	36	2025-02-21	AP	Prescription	true	2026-08-28	2026-08-31	2026-08-31	2026-08-31
217487	ANDA	001	AMNEAL	DOXYCYCLINE HYCLATE	DOXYCYCLINE HYCLATE	19XTS3T51U	HALQELOKLVRWRI-VDBOFHIQSA-N	36	2024-12-04	AP	Discontinued	false	2026-08-28	2026-08-31	2026-08-31	2026-08-31
217685	ANDA	001	HAINAN POLY	DOXYCYCLINE HYCLATE	DOXYCYCLINE HYCLATE	19XTS3T51U	HALQELOKLVRWRI-VDBOFHIQSA-N	36	2024-06-21	AP	Prescription	true	2026-08-28	2026-08-31	2026-08-31	2026-08-31
217685	ANDA	002	HAINAN POLY	DOXYCYCLINE HYCLATE	DOXYCYCLINE HYCLATE	19XTS3T51U	HALQELOKLVRWRI-VDBOFHIQSA-N	36	2024-06-21	AP	Prescription	true	2026-08-28	2026-08-31	2026-08-31	2026-08-31
217794	ANDA	001	LUPIN	DOXYCYCLINE HYCLATE	DOXYCYCLINE HYCLATE	19XTS3T51U	HALQELOKLVRWRI-VDBOFHIQSA-N	36	2024-03-14	AP	Prescription	true	2026-08-28	2026-08-31	2026-08-31	2026-08-31
217854	ANDA	001	HERITAGE	DOXYCYCLINE HYCLATE	DOXYCYCLINE HYCLATE	19XTS3T51U	HALQELOKLVRWRI-VDBOFHIQSA-N	36	2024-07-23	AP	Prescription	true	2026-08-28	2026-08-31	2026-08-31	2026-08-31
217972	ANDA	001	STERISCIENCE	DOXYCYCLINE HYCLATE	DOXYCYCLINE HYCLATE	19XTS3T51U	HALQELOKLVRWRI-VDBOFHIQSA-N	36	2025-11-06	AP	Prescription	true	2026-08-28	2026-08-31	2026-08-31	2026-08-31
218053	ANDA	001	KINDOS	DOXYCYCLINE HYCLATE	DOXYCYCLINE HYCLATE	19XTS3T51U	HALQELOKLVRWRI-VDBOFHIQSA-N	36	2024-10-28	AP	Prescription	true	2026-08-28	2026-08-31	2026-08-31	2026-08-31
218753	ANDA	001	DR REDDYS	DOXYCYCLINE HYCLATE	DOXYCYCLINE HYCLATE	19XTS3T51U	HALQELOKLVRWRI-VDBOFHIQSA-N	36	2025-07-01	AP	Prescription	true	2026-08-28	2026-08-31	2026-08-31	2026-08-31
218888	ANDA	001	ASPIRO	DOXYCYCLINE HYCLATE	DOXYCYCLINE HYCLATE	19XTS3T51U	HALQELOKLVRWRI-VDBOFHIQSA-N	36	2025-08-05	AP	Prescription	true	2026-08-28	2026-08-31	2026-08-31	2026-08-31
212725	NDA	001	GENENTECH INC	ROZLYTREK	ENTRECTINIB	L5ORF0AN1I	HAYYBYPASCDWEQ-UHFFFAOYSA-N	46	2019-08-15	AP	Prescription	true	2026-08-28	2026-08-31	2026-08-31	2026-08-31
212725	NDA	002	GENENTECH INC	ROZLYTREK	ENTRECTINIB	L5ORF0AN1I	HAYYBYPASCDWEQ-UHFFFAOYSA-N	46	2019-08-15	AP	Prescription	true	2026-08-28	2026-08-31	2026-08-31	2026-08-31
212726	NDA	001	GENENTECH INC	ROZLYTREK	ENTRECTINIB	L5ORF0AN1I	HAYYBYPASCDWEQ-UHFFFAOYSA-N	46	2019-08-15	AP	Prescription	true	2026-08-28	2026-08-31	2026-08-31	2026-08-31
212726	NDA	002	GENENTECH INC	ROZLYTREK	ENTRECTINIB	L5ORF0AN1I	HAYYBYPASCDWEQ-UHFFFAOYSA-N	46	2019-08-15	AP	Prescription	true	2026-08-28	2026-08-31	2026-08-31	2026-08-31
218550	NDA	001	GENENTECH INC	ROZLYTREK	ENTRECTINIB	L5ORF0AN1I	HAYYBYPASCDWEQ-UHFFFAOYSA-N	46	2023-10-20	AP	Prescription	true	2026-08-28	2026-08-31	2026-08-31	2026-08-31
019655	NDA	001	VIIV HLTHCARE	RETROVIR	ZIDOVUDINE	4B9XT59T7S	HBOMLICNUCNMMY-XLPZGREQSA-N	79	1987-03-19	AP	Prescription	true	2026-08-28	2026-08-31	2026-08-31	2026-08-31
019910	NDA	001	VIIV HLTHCARE	RETROVIR	ZIDOVUDINE	4B9XT59T7S	HBOMLICNUCNMMY-XLPZGREQSA-N	79	1989-09-28	AP	Prescription	true	2026-08-28	2026-08-31	2026-08-31	2026-08-31
019951	NDA	001	VIIV HLTHCARE	RETROVIR	ZIDOVUDINE	4B9XT59T7S	HBOMLICNUCNMMY-XLPZGREQSA-N	79	1990-02-02	AP	Prescription	true	2026-08-28	2026-08-31	2026-08-31	2026-08-31
020518	NDA	001	VIIV HLTHCARE	RETROVIR	ZIDOVUDINE	4B9XT59T7S	HBOMLICNUCNMMY-XLPZGREQSA-N	79	1995-12-19	AP	Discontinued	false	2026-08-28	2026-08-31	2026-08-31	2026-08-31
020518	NDA	002	VIIV HLTHCARE	RETROVIR	ZIDOVUDINE	4B9XT59T7S	HBOMLICNUCNMMY-XLPZGREQSA-N	79	1995-12-19	AP	Discontinued	false	2026-08-28	2026-08-31	2026-08-31	2026-08-31
022294	NDA	001	AUROBINDO PHARMA	ZIDOVUDINE	ZIDOVUDINE	4B9XT59T7S	HBOMLICNUCNMMY-XLPZGREQSA-N	79	2009-07-23	AP	Discontinued	false	2026-08-28	2026-08-31	2026-08-31	2026-08-31
076844	ANDA	001	HIKMA	ZIDOVUDINE	ZIDOVUDINE	4B9XT59T7S	HBOMLICNUCNMMY-XLPZGREQSA-N	79	2005-09-19	AP	Discontinued	false	2026-08-28	2026-08-31	2026-08-31	2026-08-31
077267	ANDA	001	AUROBINDO	ZIDOVUDINE	ZIDOVUDINE	4B9XT59T7S	HBOMLICNUCNMMY-XLPZGREQSA-N	79	2005-09-19	AP	Prescription	true	2026-08-28	2026-08-31	2026-08-31	2026-08-31
077268	ANDA	001	AUROBINDO	ZIDOVUDINE	ZIDOVUDINE	4B9XT59T7S	HBOMLICNUCNMMY-XLPZGREQSA-N	79	2005-09-19	AP	Prescription	true	2026-08-28	2026-08-31	2026-08-31	2026-08-31
077981	ANDA	001	CIPLA LTD	ZIDOVUDINE	ZIDOVUDINE	4B9XT59T7S	HBOMLICNUCNMMY-XLPZGREQSA-N	79	2008-06-26	AP	Prescription	true	2026-08-28	2026-08-31	2026-08-31	2026-08-31
078128	ANDA	001	AUROBINDO PHARMA LTD	ZIDOVUDINE	ZIDOVUDINE	4B9XT59T7S	HBOMLICNUCNMMY-XLPZGREQSA-N	79	2006-03-27	AP	Prescription	true	2026-08-28	2026-08-31	2026-08-31	2026-08-31
078349	ANDA	001	CIPLA LTD	ZIDOVUDINE	ZIDOVUDINE	4B9XT59T7S	HBOMLICNUCNMMY-XLPZGREQSA-N	79	2007-05-23	AP	Prescription	true	2026-08-28	2026-08-31	2026-08-31	2026-08-31
078922	ANDA	001	PHARMOBEDIENT	ZIDOVUDINE	ZIDOVUDINE	4B9XT59T7S	HBOMLICNUCNMMY-XLPZGREQSA-N	79	2008-02-14	AP	Discontinued	false	2026-08-28	2026-08-31	2026-08-31	2026-08-31
090092	ANDA	001	HETERO LABS LTD III	ZIDOVUDINE	ZIDOVUDINE	4B9XT59T7S	HBOMLICNUCNMMY-XLPZGREQSA-N	79	2008-04-25	AP	Prescription	true	2026-08-28	2026-08-31	2026-08-31	2026-08-31
090561	ANDA	001	CIPLA	ZIDOVUDINE	ZIDOVUDINE	4B9XT59T7S	HBOMLICNUCNMMY-XLPZGREQSA-N	79	2010-10-27	AP	Prescription	true	2026-08-28	2026-08-31	2026-08-31	2026-08-31
091457	ANDA	001	AM REGENT	ZIDOVUDINE	ZIDOVUDINE	4B9XT59T7S	HBOMLICNUCNMMY-XLPZGREQSA-N	79	2010-05-06	AP	Discontinued	false	2026-08-28	2026-08-31	2026-08-31	2026-08-31
200732	NDA	001	PHARMOBEDIENT	ZIDOVUDINE	ZIDOVUDINE	4B9XT59T7S	HBOMLICNUCNMMY-XLPZGREQSA-N	79	2011-02-23	AP	Discontinued	false	2026-08-28	2026-08-31	2026-08-31	2026-08-31
202058	ANDA	001	HEC PHARM	ZIDOVUDINE	ZIDOVUDINE	4B9XT59T7S	HBOMLICNUCNMMY-XLPZGREQSA-N	79	2011-10-07	AP	Discontinued	false	2026-08-28	2026-08-31	2026-08-31	2026-08-31
204538	ANDA	001	LIAONING CHENGDA	ZIDOVUDINE	ZIDOVUDINE	4B9XT59T7S	HBOMLICNUCNMMY-XLPZGREQSA-N	79	2013-11-26	AP	Discontinued	false	2026-08-28	2026-08-31	2026-08-31	2026-08-31
050508	NDA	001	WYETH AYERST	CYCLAPEN-W	CYCLACILLIN	72ZJ154X86	HGBLNBBNRORJKI-WCABBAIRSA-N	22	1979-09-14	AP	Discontinued	false	2026-08-28	2026-08-31	2026-08-31	2026-08-31
050508	NDA	002	WYETH AYERST	CYCLAPEN-W	CYCLACILLIN	72ZJ154X86	HGBLNBBNRORJKI-WCABBAIRSA-N	22	1979-09-14	AP	Discontinued	false	2026-08-28	2026-08-31	2026-08-31	2026-08-31
050508	NDA	003	WYETH AYERST	CYCLAPEN-W	CYCLACILLIN	72ZJ154X86	HGBLNBBNRORJKI-WCABBAIRSA-N	22	1979-09-14	AP	Discontinued	false	2026-08-28	2026-08-31	2026-08-31	2026-08-31
050509	NDA	001	WYETH AYERST	CYCLAPEN-W	CYCLACILLIN	72ZJ154X86	HGBLNBBNRORJKI-WCABBAIRSA-N	22	1979-09-13	AP	Discontinued	false	2026-08-28	2026-08-31	2026-08-31	2026-08-31
050509	NDA	002	WYETH AYERST	CYCLAPEN-W	CYCLACILLIN	72ZJ154X86	HGBLNBBNRORJKI-WCABBAIRSA-N	22	1979-09-13	AP	Discontinued	false	2026-08-28	2026-08-31	2026-08-31	2026-08-31
062895	ANDA	001	TEVA	CYCLACILLIN	CYCLACILLIN	72ZJ154X86	HGBLNBBNRORJKI-WCABBAIRSA-N	22	1988-05-04	AP	Discontinued	false	2026-08-28	2026-08-31	2026-08-31	2026-08-31
062895	ANDA	002	TEVA	CYCLACILLIN	CYCLACILLIN	72ZJ154X86	HGBLNBBNRORJKI-WCABBAIRSA-N	22	1988-05-04	AP	Discontinued	false	2026-08-28	2026-08-31	2026-08-31	2026-08-31
217379	NDA	001	FLEX PHARMA	CAVHANZA	NILOTINIB	F41401512X	HHZIURLSWUIHRB-UHFFFAOYSA-N	68	2026-05-29	AP	Prescription	true	2026-08-28	2026-08-31	2026-08-31	2026-08-31
217379	NDA	002	FLEX PHARMA	CAVHANZA	NILOTINIB	F41401512X	HHZIURLSWUIHRB-UHFFFAOYSA-N	68	2026-05-29	AP	Prescription	true	2026-08-28	2026-08-31	2026-08-31	2026-08-31
021618	NDA	001	MISSION PHARMA	TINDAMAX	TINIDAZOLE	033KF7V46H	HJLSLZFTEKNLFI-UHFFFAOYSA-N	38	2004-05-17	AP	Prescription	true	2026-08-28	2026-08-31	2026-08-31	2026-08-31
021618	NDA	002	MISSION PHARMA	TINDAMAX	TINIDAZOLE	033KF7V46H	HJLSLZFTEKNLFI-UHFFFAOYSA-N	38	2004-05-17	AP	Prescription	true	2026-08-28	2026-08-31	2026-08-31	2026-08-31
021681	NDA	001	MISSION PHARMA	TINDAMAX	TINIDAZOLE	033KF7V46H	HJLSLZFTEKNLFI-UHFFFAOYSA-N	38	2004-05-17	AP	Prescription	true	2026-08-28	2026-08-31	2026-08-31	2026-08-31
021681	NDA	002	MISSION PHARMA	TINDAMAX	TINIDAZOLE	033KF7V46H	HJLSLZFTEKNLFI-UHFFFAOYSA-N	38	2004-05-17	AP	Prescription	true	2026-08-28	2026-08-31	2026-08-31	2026-08-31
021682	NDA	001	MISSION PHARMA	TINDAMAX	TINIDAZOLE	033KF7V46H	HJLSLZFTEKNLFI-UHFFFAOYSA-N	38	2004-05-17	AP	Prescription	true	2026-08-28	2026-08-31	2026-08-31	2026-08-31
021682	NDA	002	MISSION PHARMA	TINDAMAX	TINIDAZOLE	033KF7V46H	HJLSLZFTEKNLFI-UHFFFAOYSA-N	38	2004-05-17	AP	Prescription	true	2026-08-28	2026-08-31	2026-08-31	2026-08-31
201172	ANDA	001	HIKMA	TINIDAZOLE	TINIDAZOLE	033KF7V46H	HJLSLZFTEKNLFI-UHFFFAOYSA-N	38	2012-04-30	AP	Discontinued	false	2026-08-28	2026-08-31	2026-08-31	2026-08-31
201172	ANDA	002	HIKMA	TINIDAZOLE	TINIDAZOLE	033KF7V46H	HJLSLZFTEKNLFI-UHFFFAOYSA-N	38	2012-04-30	AP	Discontinued	false	2026-08-28	2026-08-31	2026-08-31	2026-08-31
202044	ANDA	001	CHARTWELL RX	TINIDAZOLE	TINIDAZOLE	033KF7V46H	HJLSLZFTEKNLFI-UHFFFAOYSA-N	38	2012-04-30	AP	Prescription	true	2026-08-28	2026-08-31	2026-08-31	2026-08-31
202044	ANDA	002	CHARTWELL RX	TINIDAZOLE	TINIDAZOLE	033KF7V46H	HJLSLZFTEKNLFI-UHFFFAOYSA-N	38	2012-04-30	AP	Prescription	true	2026-08-28	2026-08-31	2026-08-31	2026-08-31
202489	ANDA	001	UNIQUE	TINIDAZOLE	TINIDAZOLE	033KF7V46H	HJLSLZFTEKNLFI-UHFFFAOYSA-N	38	2013-10-09	AP	Prescription	true	2026-08-28	2026-08-31	2026-08-31	2026-08-31
202489	ANDA	002	UNIQUE	TINIDAZOLE	TINIDAZOLE	033KF7V46H	HJLSLZFTEKNLFI-UHFFFAOYSA-N	38	2013-10-09	AP	Prescription	true	2026-08-28	2026-08-31	2026-08-31	2026-08-31
203808	ANDA	001	EDENBRIDGE PHARMS	TINIDAZOLE	TINIDAZOLE	033KF7V46H	HJLSLZFTEKNLFI-UHFFFAOYSA-N	38	2015-08-04	AP	Prescription	true	2026-08-28	2026-08-31	2026-08-31	2026-08-31
203808	ANDA	002	EDENBRIDGE PHARMS	TINIDAZOLE	TINIDAZOLE	033KF7V46H	HJLSLZFTEKNLFI-UHFFFAOYSA-N	38	2015-08-04	AP	Prescription	true	2026-08-28	2026-08-31	2026-08-31	2026-08-31
021560	NDA	001	NOVARTIS	ZORTRESS	EVEROLIMUS	9HW64Q8G6G	HKVAMNSJSFKALM-GKUWKFKPSA-N	99	2010-04-20	AP	Prescription	true	2026-08-28	2026-08-31	2026-08-31	2026-08-31
021560	NDA	002	NOVARTIS	ZORTRESS	EVEROLIMUS	9HW64Q8G6G	HKVAMNSJSFKALM-GKUWKFKPSA-N	99	2010-04-20	AP	Prescription	true	2026-08-28	2026-08-31	2026-08-31	2026-08-31
021560	NDA	003	NOVARTIS	ZORTRESS	EVEROLIMUS	9HW64Q8G6G	HKVAMNSJSFKALM-GKUWKFKPSA-N	99	2010-04-20	AP	Prescription	true	2026-08-28	2026-08-31	2026-08-31	2026-08-31
021560	NDA	004	NOVARTIS	ZORTRESS	EVEROLIMUS	9HW64Q8G6G	HKVAMNSJSFKALM-GKUWKFKPSA-N	99	2010-04-20	AP	Prescription	true	2026-08-28	2026-08-31	2026-08-31	2026-08-31
022334	NDA	001	NOVARTIS	AFINITOR	EVEROLIMUS	9HW64Q8G6G	HKVAMNSJSFKALM-GKUWKFKPSA-N	99	2009-03-30	AP	Prescription	true	2026-08-28	2026-08-31	2026-08-31	2026-08-31
022334	NDA	002	NOVARTIS	AFINITOR	EVEROLIMUS	9HW64Q8G6G	HKVAMNSJSFKALM-GKUWKFKPSA-N	99	2009-03-30	AP	Prescription	true	2026-08-28	2026-08-31	2026-08-31	2026-08-31
022334	NDA	003	NOVARTIS	AFINITOR	EVEROLIMUS	9HW64Q8G6G	HKVAMNSJSFKALM-GKUWKFKPSA-N	99	2009-03-30	AP	Prescription	true	2026-08-28	2026-08-31	2026-08-31	2026-08-31
022334	NDA	004	NOVARTIS	AFINITOR	EVEROLIMUS	9HW64Q8G6G	HKVAMNSJSFKALM-GKUWKFKPSA-N	99	2009-03-30	AP	Prescription	true	2026-08-28	2026-08-31	2026-08-31	2026-08-31
203985	NDA	001	NOVARTIS PHARM	AFINITOR DISPERZ	EVEROLIMUS	9HW64Q8G6G	HKVAMNSJSFKALM-GKUWKFKPSA-N	99	2012-08-29	AP	Prescription	true	2026-08-28	2026-08-31	2026-08-31	2026-08-31
203985	NDA	002	NOVARTIS PHARM	AFINITOR DISPERZ	EVEROLIMUS	9HW64Q8G6G	HKVAMNSJSFKALM-GKUWKFKPSA-N	99	2012-08-29	AP	Prescription	true	2026-08-28	2026-08-31	2026-08-31	2026-08-31
203985	NDA	003	NOVARTIS PHARM	AFINITOR DISPERZ	EVEROLIMUS	9HW64Q8G6G	HKVAMNSJSFKALM-GKUWKFKPSA-N	99	2012-08-29	AP	Prescription	true	2026-08-28	2026-08-31	2026-08-31	2026-08-31
205426	ANDA	001	BRECKENRIDGE	EVEROLIMUS	EVEROLIMUS	9HW64Q8G6G	HKVAMNSJSFKALM-GKUWKFKPSA-N	99	2021-03-05	AP	Prescription	true	2026-08-28	2026-08-31	2026-08-31	2026-08-31
205426	ANDA	002	BRECKENRIDGE	EVEROLIMUS	EVEROLIMUS	9HW64Q8G6G	HKVAMNSJSFKALM-GKUWKFKPSA-N	99	2021-03-05	AP	Prescription	true	2026-08-28	2026-08-31	2026-08-31	2026-08-31
205426	ANDA	003	BRECKENRIDGE	EVEROLIMUS	EVEROLIMUS	9HW64Q8G6G	HKVAMNSJSFKALM-GKUWKFKPSA-N	99	2021-03-05	AP	Prescription	true	2026-08-28	2026-08-31	2026-08-31	2026-08-31
205426	ANDA	004	BRECKENRIDGE	EVEROLIMUS	EVEROLIMUS	9HW64Q8G6G	HKVAMNSJSFKALM-GKUWKFKPSA-N	99	2021-03-05	AP	Prescription	true	2026-08-28	2026-08-31	2026-08-31	2026-08-31
205432	ANDA	001	BRECKENRIDGE	EVEROLIMUS	EVEROLIMUS	9HW64Q8G6G	HKVAMNSJSFKALM-GKUWKFKPSA-N	99	2021-05-20	AP	Prescription	true	2026-08-28	2026-08-31	2026-08-31	2026-08-31
205432	ANDA	002	BRECKENRIDGE	EVEROLIMUS	EVEROLIMUS	9HW64Q8G6G	HKVAMNSJSFKALM-GKUWKFKPSA-N	99	2021-05-20	AP	Prescription	true	2026-08-28	2026-08-31	2026-08-31	2026-08-31
205432	ANDA	003	BRECKENRIDGE	EVEROLIMUS	EVEROLIMUS	9HW64Q8G6G	HKVAMNSJSFKALM-GKUWKFKPSA-N	99	2021-05-20	AP	Prescription	true	2026-08-28	2026-08-31	2026-08-31	2026-08-31
205432	ANDA	004	BRECKENRIDGE	EVEROLIMUS	EVEROLIMUS	9HW64Q8G6G	HKVAMNSJSFKALM-GKUWKFKPSA-N	99	2021-05-20	AP	Prescription	true	2026-08-28	2026-08-31	2026-08-31	2026-08-31
205775	ANDA	001	PH HEALTH	EVEROLIMUS	EVEROLIMUS	9HW64Q8G6G	HKVAMNSJSFKALM-GKUWKFKPSA-N	99	2021-10-18	AP	Prescription	true	2026-08-28	2026-08-31	2026-08-31	2026-08-31
205775	ANDA	002	PH HEALTH	EVEROLIMUS	EVEROLIMUS	9HW64Q8G6G	HKVAMNSJSFKALM-GKUWKFKPSA-N	99	2021-10-18	AP	Prescription	true	2026-08-28	2026-08-31	2026-08-31	2026-08-31
205775	ANDA	003	PH HEALTH	EVEROLIMUS	EVEROLIMUS	9HW64Q8G6G	HKVAMNSJSFKALM-GKUWKFKPSA-N	99	2021-10-18	AP	Prescription	true	2026-08-28	2026-08-31	2026-08-31	2026-08-31
205775	ANDA	004	PH HEALTH	EVEROLIMUS	EVEROLIMUS	9HW64Q8G6G	HKVAMNSJSFKALM-GKUWKFKPSA-N	99	2021-10-18	AP	Prescription	true	2026-08-28	2026-08-31	2026-08-31	2026-08-31
206133	ANDA	001	HIKMA	EVEROLIMUS	EVEROLIMUS	9HW64Q8G6G	HKVAMNSJSFKALM-GKUWKFKPSA-N	99	2018-04-12	AP	Prescription	true	2026-08-28	2026-08-31	2026-08-31	2026-08-31
206133	ANDA	002	HIKMA	EVEROLIMUS	EVEROLIMUS	9HW64Q8G6G	HKVAMNSJSFKALM-GKUWKFKPSA-N	99	2018-04-12	AP	Prescription	true	2026-08-28	2026-08-31	2026-08-31	2026-08-31
206133	ANDA	003	HIKMA	EVEROLIMUS	EVEROLIMUS	9HW64Q8G6G	HKVAMNSJSFKALM-GKUWKFKPSA-N	99	2018-04-12	AP	Prescription	true	2026-08-28	2026-08-31	2026-08-31	2026-08-31
206133	ANDA	004	HIKMA	EVEROLIMUS	EVEROLIMUS	9HW64Q8G6G	HKVAMNSJSFKALM-GKUWKFKPSA-N	99	2018-04-12	AP	Prescription	true	2026-08-28	2026-08-31	2026-08-31	2026-08-31
207486	ANDA	001	HIKMA	EVEROLIMUS	EVEROLIMUS	9HW64Q8G6G	HKVAMNSJSFKALM-GKUWKFKPSA-N	99	2020-06-08	AP	Prescription	true	2026-08-28	2026-08-31	2026-08-31	2026-08-31
207486	ANDA	002	HIKMA	EVEROLIMUS	EVEROLIMUS	9HW64Q8G6G	HKVAMNSJSFKALM-GKUWKFKPSA-N	99	2020-06-08	AP	Prescription	true	2026-08-28	2026-08-31	2026-08-31	2026-08-31
207486	ANDA	003	HIKMA	EVEROLIMUS	EVEROLIMUS	9HW64Q8G6G	HKVAMNSJSFKALM-GKUWKFKPSA-N	99	2020-06-08	AP	Prescription	true	2026-08-28	2026-08-31	2026-08-31	2026-08-31
207486	ANDA	004	HIKMA	EVEROLIMUS	EVEROLIMUS	9HW64Q8G6G	HKVAMNSJSFKALM-GKUWKFKPSA-N	99	2020-06-08	AP	Prescription	true	2026-08-28	2026-08-31	2026-08-31	2026-08-31
207934	ANDA	001	PH HEALTH	EVEROLIMUS	EVEROLIMUS	9HW64Q8G6G	HKVAMNSJSFKALM-GKUWKFKPSA-N	99	2019-12-09	AP	Discontinued	false	2026-08-28	2026-08-31	2026-08-31	2026-08-31
207934	ANDA	002	PH HEALTH	EVEROLIMUS	EVEROLIMUS	9HW64Q8G6G	HKVAMNSJSFKALM-GKUWKFKPSA-N	99	2019-12-09	AP	Discontinued	false	2026-08-28	2026-08-31	2026-08-31	2026-08-31
207934	ANDA	003	PH HEALTH	EVEROLIMUS	EVEROLIMUS	9HW64Q8G6G	HKVAMNSJSFKALM-GKUWKFKPSA-N	99	2019-12-09	AP	Discontinued	false	2026-08-28	2026-08-31	2026-08-31	2026-08-31
207934	ANDA	004	PH HEALTH	EVEROLIMUS	EVEROLIMUS	9HW64Q8G6G	HKVAMNSJSFKALM-GKUWKFKPSA-N	99	2019-12-09	AP	Discontinued	false	2026-08-28	2026-08-31	2026-08-31	2026-08-31
210050	ANDA	001	TEVA PHARMS USA	EVEROLIMUS	EVEROLIMUS	9HW64Q8G6G	HKVAMNSJSFKALM-GKUWKFKPSA-N	99	2019-12-09	AP	Prescription	true	2026-08-28	2026-08-31	2026-08-31	2026-08-31
210050	ANDA	002	TEVA PHARMS USA	EVEROLIMUS	EVEROLIMUS	9HW64Q8G6G	HKVAMNSJSFKALM-GKUWKFKPSA-N	99	2019-12-09	AP	Prescription	true	2026-08-28	2026-08-31	2026-08-31	2026-08-31
210050	ANDA	003	TEVA PHARMS USA	EVEROLIMUS	EVEROLIMUS	9HW64Q8G6G	HKVAMNSJSFKALM-GKUWKFKPSA-N	99	2019-12-09	AP	Prescription	true	2026-08-28	2026-08-31	2026-08-31	2026-08-31
210050	ANDA	004	TEVA PHARMS USA	EVEROLIMUS	EVEROLIMUS	9HW64Q8G6G	HKVAMNSJSFKALM-GKUWKFKPSA-N	99	2019-12-09	AP	Prescription	true	2026-08-28	2026-08-31	2026-08-31	2026-08-31
210130	ANDA	001	MYLAN	EVEROLIMUS	EVEROLIMUS	9HW64Q8G6G	HKVAMNSJSFKALM-GKUWKFKPSA-N	99	2019-04-19	AP	Discontinued	false	2026-08-28	2026-08-31	2026-08-31	2026-08-31
210130	ANDA	002	MYLAN	EVEROLIMUS	EVEROLIMUS	9HW64Q8G6G	HKVAMNSJSFKALM-GKUWKFKPSA-N	99	2019-04-19	AP	Discontinued	false	2026-08-28	2026-08-31	2026-08-31	2026-08-31
210130	ANDA	003	MYLAN	EVEROLIMUS	EVEROLIMUS	9HW64Q8G6G	HKVAMNSJSFKALM-GKUWKFKPSA-N	99	2019-04-19	AP	Discontinued	false	2026-08-28	2026-08-31	2026-08-31	2026-08-31
212936	ANDA	001	MYLAN	EVEROLIMUS	EVEROLIMUS	9HW64Q8G6G	HKVAMNSJSFKALM-GKUWKFKPSA-N	99	2020-06-08	AP	Discontinued	false	2026-08-28	2026-08-31	2026-08-31	2026-08-31
212936	ANDA	002	MYLAN	EVEROLIMUS	EVEROLIMUS	9HW64Q8G6G	HKVAMNSJSFKALM-GKUWKFKPSA-N	99	2020-06-08	AP	Discontinued	false	2026-08-28	2026-08-31	2026-08-31	2026-08-31
212936	ANDA	003	MYLAN	EVEROLIMUS	EVEROLIMUS	9HW64Q8G6G	HKVAMNSJSFKALM-GKUWKFKPSA-N	99	2020-06-08	AP	Discontinued	false	2026-08-28	2026-08-31	2026-08-31	2026-08-31
212936	ANDA	004	MYLAN	EVEROLIMUS	EVEROLIMUS	9HW64Q8G6G	HKVAMNSJSFKALM-GKUWKFKPSA-N	99	2020-06-08	AP	Discontinued	false	2026-08-28	2026-08-31	2026-08-31	2026-08-31
214138	ANDA	001	ALKEM LABS LTD	EVEROLIMUS	EVEROLIMUS	9HW64Q8G6G	HKVAMNSJSFKALM-GKUWKFKPSA-N	99	2021-11-26	AP	Prescription	true	2026-08-28	2026-08-31	2026-08-31	2026-08-31
214138	ANDA	002	ALKEM LABS LTD	EVEROLIMUS	EVEROLIMUS	9HW64Q8G6G	HKVAMNSJSFKALM-GKUWKFKPSA-N	99	2021-11-26	AP	Prescription	true	2026-08-28	2026-08-31	2026-08-31	2026-08-31
214138	ANDA	003	ALKEM LABS LTD	EVEROLIMUS	EVEROLIMUS	9HW64Q8G6G	HKVAMNSJSFKALM-GKUWKFKPSA-N	99	2021-11-26	AP	Prescription	true	2026-08-28	2026-08-31	2026-08-31	2026-08-31
214138	ANDA	004	ALKEM LABS LTD	EVEROLIMUS	EVEROLIMUS	9HW64Q8G6G	HKVAMNSJSFKALM-GKUWKFKPSA-N	99	2021-11-26	AP	Prescription	true	2026-08-28	2026-08-31	2026-08-31	2026-08-31
214182	ANDA	001	BIOCON PHARMA	EVEROLIMUS	EVEROLIMUS	9HW64Q8G6G	HKVAMNSJSFKALM-GKUWKFKPSA-N	99	2021-02-11	AP	Prescription	true	2026-08-28	2026-08-31	2026-08-31	2026-08-31
214182	ANDA	002	BIOCON PHARMA	EVEROLIMUS	EVEROLIMUS	9HW64Q8G6G	HKVAMNSJSFKALM-GKUWKFKPSA-N	99	2021-02-11	AP	Prescription	true	2026-08-28	2026-08-31	2026-08-31	2026-08-31
214182	ANDA	003	BIOCON PHARMA	EVEROLIMUS	EVEROLIMUS	9HW64Q8G6G	HKVAMNSJSFKALM-GKUWKFKPSA-N	99	2021-02-11	AP	Prescription	true	2026-08-28	2026-08-31	2026-08-31	2026-08-31
214182	ANDA	004	BIOCON PHARMA	EVEROLIMUS	EVEROLIMUS	9HW64Q8G6G	HKVAMNSJSFKALM-GKUWKFKPSA-N	99	2021-02-11	AP	Prescription	true	2026-08-28	2026-08-31	2026-08-31	2026-08-31
216140	ANDA	001	BIOCON PHARMA	EVEROLIMUS	EVEROLIMUS	9HW64Q8G6G	HKVAMNSJSFKALM-GKUWKFKPSA-N	99	2025-04-09	AP	Prescription	true	2026-08-28	2026-08-31	2026-08-31	2026-08-31
216140	ANDA	002	BIOCON PHARMA	EVEROLIMUS	EVEROLIMUS	9HW64Q8G6G	HKVAMNSJSFKALM-GKUWKFKPSA-N	99	2025-04-09	AP	Prescription	true	2026-08-28	2026-08-31	2026-08-31	2026-08-31
216140	ANDA	003	BIOCON PHARMA	EVEROLIMUS	EVEROLIMUS	9HW64Q8G6G	HKVAMNSJSFKALM-GKUWKFKPSA-N	99	2025-04-09	AP	Prescription	true	2026-08-28	2026-08-31	2026-08-31	2026-08-31
216140	ANDA	004	BIOCON PHARMA	EVEROLIMUS	EVEROLIMUS	9HW64Q8G6G	HKVAMNSJSFKALM-GKUWKFKPSA-N	99	2025-04-09	AP	Prescription	true	2026-08-28	2026-08-31	2026-08-31	2026-08-31
217216	ANDA	001	BIOCON PHARMA	EVEROLIMUS	EVEROLIMUS	9HW64Q8G6G	HKVAMNSJSFKALM-GKUWKFKPSA-N	99	2026-01-09	AP	Prescription	true	2026-08-28	2026-08-31	2026-08-31	2026-08-31
217216	ANDA	002	BIOCON PHARMA	EVEROLIMUS	EVEROLIMUS	9HW64Q8G6G	HKVAMNSJSFKALM-GKUWKFKPSA-N	99	2026-01-09	AP	Prescription	true	2026-08-28	2026-08-31	2026-08-31	2026-08-31
217216	ANDA	003	BIOCON PHARMA	EVEROLIMUS	EVEROLIMUS	9HW64Q8G6G	HKVAMNSJSFKALM-GKUWKFKPSA-N	99	2026-01-09	AP	Prescription	true	2026-08-28	2026-08-31	2026-08-31	2026-08-31
217640	ANDA	001	NATCO	EVEROLIMUS	EVEROLIMUS	9HW64Q8G6G	HKVAMNSJSFKALM-GKUWKFKPSA-N	99	2025-01-28	AP	Prescription	true	2026-08-28	2026-08-31	2026-08-31	2026-08-31
217640	ANDA	002	NATCO	EVEROLIMUS	EVEROLIMUS	9HW64Q8G6G	HKVAMNSJSFKALM-GKUWKFKPSA-N	99	2025-01-28	AP	Prescription	true	2026-08-28	2026-08-31	2026-08-31	2026-08-31
217640	ANDA	003	NATCO	EVEROLIMUS	EVEROLIMUS	9HW64Q8G6G	HKVAMNSJSFKALM-GKUWKFKPSA-N	99	2025-01-28	AP	Prescription	true	2026-08-28	2026-08-31	2026-08-31	2026-08-31
218488	ANDA	001	APOTEX	EVEROLIMUS	EVEROLIMUS	9HW64Q8G6G	HKVAMNSJSFKALM-GKUWKFKPSA-N	99	2026-05-12	AP	Prescription	true	2026-08-28	2026-08-31	2026-08-31	2026-08-31
218488	ANDA	002	APOTEX	EVEROLIMUS	EVEROLIMUS	9HW64Q8G6G	HKVAMNSJSFKALM-GKUWKFKPSA-N	99	2026-05-12	AP	Prescription	true	2026-08-28	2026-08-31	2026-08-31	2026-08-31
218488	ANDA	003	APOTEX	EVEROLIMUS	EVEROLIMUS	9HW64Q8G6G	HKVAMNSJSFKALM-GKUWKFKPSA-N	99	2026-05-12	AP	Prescription	true	2026-08-28	2026-08-31	2026-08-31	2026-08-31
218488	ANDA	004	APOTEX	EVEROLIMUS	EVEROLIMUS	9HW64Q8G6G	HKVAMNSJSFKALM-GKUWKFKPSA-N	99	2026-05-12	AP	Prescription	true	2026-08-28	2026-08-31	2026-08-31	2026-08-31
218863	ANDA	001	AMNEAL	EVEROLIMUS	EVEROLIMUS	9HW64Q8G6G	HKVAMNSJSFKALM-GKUWKFKPSA-N	99	2025-01-10	AP	Prescription	true	2026-08-28	2026-08-31	2026-08-31	2026-08-31
218863	ANDA	002	AMNEAL	EVEROLIMUS	EVEROLIMUS	9HW64Q8G6G	HKVAMNSJSFKALM-GKUWKFKPSA-N	99	2025-01-10	AP	Prescription	true	2026-08-28	2026-08-31	2026-08-31	2026-08-31
218863	ANDA	003	AMNEAL	EVEROLIMUS	EVEROLIMUS	9HW64Q8G6G	HKVAMNSJSFKALM-GKUWKFKPSA-N	99	2025-01-10	AP	Prescription	true	2026-08-28	2026-08-31	2026-08-31	2026-08-31
219464	ANDA	001	I3 PHARMS	EVEROLIMUS	EVEROLIMUS	9HW64Q8G6G	HKVAMNSJSFKALM-GKUWKFKPSA-N	99	2026-06-30	AP	Prescription	true	2026-08-28	2026-08-31	2026-08-31	2026-08-31
219464	ANDA	002	I3 PHARMS	EVEROLIMUS	EVEROLIMUS	9HW64Q8G6G	HKVAMNSJSFKALM-GKUWKFKPSA-N	99	2026-06-30	AP	Prescription	true	2026-08-28	2026-08-31	2026-08-31	2026-08-31
219464	ANDA	003	I3 PHARMS	EVEROLIMUS	EVEROLIMUS	9HW64Q8G6G	HKVAMNSJSFKALM-GKUWKFKPSA-N	99	2026-06-30	AP	Prescription	true	2026-08-28	2026-08-31	2026-08-31	2026-08-31
219464	ANDA	004	I3 PHARMS	EVEROLIMUS	EVEROLIMUS	9HW64Q8G6G	HKVAMNSJSFKALM-GKUWKFKPSA-N	99	2026-06-30	AP	Prescription	true	2026-08-28	2026-08-31	2026-08-31	2026-08-31
219533	ANDA	001	EUGIA PHARMA	EVEROLIMUS	EVEROLIMUS	9HW64Q8G6G	HKVAMNSJSFKALM-GKUWKFKPSA-N	99	2026-02-25	AP	Prescription	true	2026-08-28	2026-08-31	2026-08-31	2026-08-31
219533	ANDA	002	EUGIA PHARMA	EVEROLIMUS	EVEROLIMUS	9HW64Q8G6G	HKVAMNSJSFKALM-GKUWKFKPSA-N	99	2026-02-25	AP	Prescription	true	2026-08-28	2026-08-31	2026-08-31	2026-08-31
219533	ANDA	003	EUGIA PHARMA	EVEROLIMUS	EVEROLIMUS	9HW64Q8G6G	HKVAMNSJSFKALM-GKUWKFKPSA-N	99	2026-02-25	AP	Prescription	true	2026-08-28	2026-08-31	2026-08-31	2026-08-31
219533	ANDA	004	EUGIA PHARMA	EVEROLIMUS	EVEROLIMUS	9HW64Q8G6G	HKVAMNSJSFKALM-GKUWKFKPSA-N	99	2026-02-25	AP	Prescription	true	2026-08-28	2026-08-31	2026-08-31	2026-08-31
219955	ANDA	001	NOVUGEN	EVEROLIMUS	EVEROLIMUS	9HW64Q8G6G	HKVAMNSJSFKALM-GKUWKFKPSA-N	99	2025-10-30	AP	Prescription	true	2026-08-28	2026-08-31	2026-08-31	2026-08-31
219955	ANDA	002	NOVUGEN	EVEROLIMUS	EVEROLIMUS	9HW64Q8G6G	HKVAMNSJSFKALM-GKUWKFKPSA-N	99	2025-10-30	AP	Prescription	true	2026-08-28	2026-08-31	2026-08-31	2026-08-31
219955	ANDA	003	NOVUGEN	EVEROLIMUS	EVEROLIMUS	9HW64Q8G6G	HKVAMNSJSFKALM-GKUWKFKPSA-N	99	2025-10-30	AP	Prescription	true	2026-08-28	2026-08-31	2026-08-31	2026-08-31
219955	ANDA	004	NOVUGEN	EVEROLIMUS	EVEROLIMUS	9HW64Q8G6G	HKVAMNSJSFKALM-GKUWKFKPSA-N	99	2025-10-30	AP	Prescription	true	2026-08-28	2026-08-31	2026-08-31	2026-08-31
018445	NDA	001	MERCK	DOLOBID	DIFLUNISAL	7C546U4DEN	HUPFGZXOMWLGNK-UHFFFAOYSA-N	35	1982-04-19	AP	Discontinued	false	2026-08-28	2026-08-31	2026-08-31	2026-08-31
018445	NDA	002	MERCK	DOLOBID	DIFLUNISAL	7C546U4DEN	HUPFGZXOMWLGNK-UHFFFAOYSA-N	35	1982-04-19	AP	Discontinued	false	2026-08-28	2026-08-31	2026-08-31	2026-08-31
073562	ANDA	001	DASTECH INTL	DIFLUNISAL	DIFLUNISAL	7C546U4DEN	HUPFGZXOMWLGNK-UHFFFAOYSA-N	35	1992-11-27	AP	Discontinued	false	2026-08-28	2026-08-31	2026-08-31	2026-08-31
073563	ANDA	001	DASTECH INTL	DIFLUNISAL	DIFLUNISAL	7C546U4DEN	HUPFGZXOMWLGNK-UHFFFAOYSA-N	35	1992-11-27	AP	Discontinued	false	2026-08-28	2026-08-31	2026-08-31	2026-08-31
073673	ANDA	001	TEVA	DIFLUNISAL	DIFLUNISAL	7C546U4DEN	HUPFGZXOMWLGNK-UHFFFAOYSA-N	35	1992-07-31	AP	Prescription	true	2026-08-28	2026-08-31	2026-08-31	2026-08-31
073679	ANDA	001	TEVA	DIFLUNISAL	DIFLUNISAL	7C546U4DEN	HUPFGZXOMWLGNK-UHFFFAOYSA-N	35	1992-07-31	AP	Discontinued	false	2026-08-28	2026-08-31	2026-08-31	2026-08-31
074285	ANDA	001	PUREPAC PHARM	DIFLUNISAL	DIFLUNISAL	7C546U4DEN	HUPFGZXOMWLGNK-UHFFFAOYSA-N	35	1996-05-07	AP	Discontinued	false	2026-08-28	2026-08-31	2026-08-31	2026-08-31
074285	ANDA	002	PUREPAC PHARM	DIFLUNISAL	DIFLUNISAL	7C546U4DEN	HUPFGZXOMWLGNK-UHFFFAOYSA-N	35	1996-05-07	AP	Discontinued	false	2026-08-28	2026-08-31	2026-08-31	2026-08-31
074400	ANDA	001	WATSON LABS	DIFLUNISAL	DIFLUNISAL	7C546U4DEN	HUPFGZXOMWLGNK-UHFFFAOYSA-N	35	1997-07-17	AP	Discontinued	false	2026-08-28	2026-08-31	2026-08-31	2026-08-31
074400	ANDA	002	WATSON LABS	DIFLUNISAL	DIFLUNISAL	7C546U4DEN	HUPFGZXOMWLGNK-UHFFFAOYSA-N	35	1997-07-17	AP	Discontinued	false	2026-08-28	2026-08-31	2026-08-31	2026-08-31
074604	ANDA	001	ANI PHARMS	DIFLUNISAL	DIFLUNISAL	7C546U4DEN	HUPFGZXOMWLGNK-UHFFFAOYSA-N	35	1996-06-10	AP	Discontinued	false	2026-08-28	2026-08-31	2026-08-31	2026-08-31
202845	ANDA	001	HERITAGE PHARMA	DIFLUNISAL	DIFLUNISAL	7C546U4DEN	HUPFGZXOMWLGNK-UHFFFAOYSA-N	35	2012-03-08	AP	Prescription	true	2026-08-28	2026-08-31	2026-08-31	2026-08-31
202845	ANDA	002	HERITAGE PHARMA	DIFLUNISAL	DIFLUNISAL	7C546U4DEN	HUPFGZXOMWLGNK-UHFFFAOYSA-N	35	2012-03-08	AP	Prescription	true	2026-08-28	2026-08-31	2026-08-31	2026-08-31
202845	ANDA	003	HERITAGE PHARMA	DIFLUNISAL	DIFLUNISAL	7C546U4DEN	HUPFGZXOMWLGNK-UHFFFAOYSA-N	35	2012-03-08	AP	Prescription	true	2026-08-28	2026-08-31	2026-08-31	2026-08-31
203547	ANDA	001	ZYDUS PHARMS	DIFLUNISAL	DIFLUNISAL	7C546U4DEN	HUPFGZXOMWLGNK-UHFFFAOYSA-N	35	2017-06-16	AP	Prescription	true	2026-08-28	2026-08-31	2026-08-31	2026-08-31
020666	NDA	001	IMPAX LABS INC	ALBENZA	ALBENDAZOLE	F4216019LN	HXHWSAZORRCQMX-UHFFFAOYSA-N	77	1996-06-11	AP	Discontinued	false	2026-08-28	2026-08-31	2026-08-31	2026-08-31
208094	ANDA	001	ACTAVIS ELIZABETH	ALBENDAZOLE	ALBENDAZOLE	F4216019LN	HXHWSAZORRCQMX-UHFFFAOYSA-N	77	2019-05-20	AP	Prescription	true	2026-08-28	2026-08-31	2026-08-31	2026-08-31
208979	ANDA	001	ZYDUS PHARMS	ALBENDAZOLE	ALBENDAZOLE	F4216019LN	HXHWSAZORRCQMX-UHFFFAOYSA-N	77	2018-12-14	AP	Prescription	true	2026-08-28	2026-08-31	2026-08-31	2026-08-31
210011	ANDA	001	STRIDES PHARMA	ALBENDAZOLE	ALBENDAZOLE	F4216019LN	HXHWSAZORRCQMX-UHFFFAOYSA-N	77	2018-12-07	AP	Discontinued	false	2026-08-28	2026-08-31	2026-08-31	2026-08-31
210434	ANDA	001	CIPLA LTD	ALBENDAZOLE	ALBENDAZOLE	F4216019LN	HXHWSAZORRCQMX-UHFFFAOYSA-N	77	2018-09-21	AP	Discontinued	false	2026-08-28	2026-08-31	2026-08-31	2026-08-31
211034	ANDA	001	DR REDDYS	ALBENDAZOLE	ALBENDAZOLE	F4216019LN	HXHWSAZORRCQMX-UHFFFAOYSA-N	77	2021-01-26	AP	Prescription	true	2026-08-28	2026-08-31	2026-08-31	2026-08-31
211117	ANDA	001	EDENBRIDGE PHARMS	ALBENDAZOLE	ALBENDAZOLE	F4216019LN	HXHWSAZORRCQMX-UHFFFAOYSA-N	77	2019-05-14	AP	Prescription	true	2026-08-28	2026-08-31	2026-08-31	2026-08-31
211636	ANDA	001	CHARTWELL RX	ALBENDAZOLE	ALBENDAZOLE	F4216019LN	HXHWSAZORRCQMX-UHFFFAOYSA-N	77	2020-06-10	AP	Discontinued	false	2026-08-28	2026-08-31	2026-08-31	2026-08-31
213435	ANDA	001	MSN	ALBENDAZOLE	ALBENDAZOLE	F4216019LN	HXHWSAZORRCQMX-UHFFFAOYSA-N	77	2021-01-22	AP	Prescription	true	2026-08-28	2026-08-31	2026-08-31	2026-08-31
215652	ANDA	001	ALEMBIC	ALBENDAZOLE	ALBENDAZOLE	F4216019LN	HXHWSAZORRCQMX-UHFFFAOYSA-N	77	2024-09-04	AP	Prescription	true	2026-08-28	2026-08-31	2026-08-31	2026-08-31
203585	NDA	001	TEVA PHARMS INTL	SYNRIBO	OMACETAXINE MEPESUCCINATE	6FG8041S5B	HYFHYPWGAURHIV-JFIAXGOJSA-N	28	2012-10-26	AP	Discontinued	false	2026-08-28	2026-08-31	2026-08-31	2026-08-31
050504	NDA	001	LILLY	MANDOL	CEFAMANDOLE NAFATE	8HDO7941DO	ICZOIXFFVKYXOM-YCLOEFEOSA-M	22	1978-09-27	AP	Discontinued	false	2026-08-28	2026-08-31	2026-08-31	2026-08-31
050504	NDA	002	LILLY	MANDOL	CEFAMANDOLE NAFATE	8HDO7941DO	ICZOIXFFVKYXOM-YCLOEFEOSA-M	22	1978-09-27	AP	Discontinued	false	2026-08-28	2026-08-31	2026-08-31	2026-08-31
050504	NDA	003	LILLY	MANDOL	CEFAMANDOLE NAFATE	8HDO7941DO	ICZOIXFFVKYXOM-YCLOEFEOSA-M	22	1978-09-27	AP	Discontinued	false	2026-08-28	2026-08-31	2026-08-31	2026-08-31
050504	NDA	004	LILLY	MANDOL	CEFAMANDOLE NAFATE	8HDO7941DO	ICZOIXFFVKYXOM-YCLOEFEOSA-M	22	1978-09-27	AP	Discontinued	false	2026-08-28	2026-08-31	2026-08-31	2026-08-31
062560	ANDA	001	LILLY	MANDOL	CEFAMANDOLE NAFATE	8HDO7941DO	ICZOIXFFVKYXOM-YCLOEFEOSA-M	22	1985-09-10	AP	Discontinued	false	2026-08-28	2026-08-31	2026-08-31	2026-08-31
062560	ANDA	002	LILLY	MANDOL	CEFAMANDOLE NAFATE	8HDO7941DO	ICZOIXFFVKYXOM-YCLOEFEOSA-M	22	1985-09-10	AP	Discontinued	false	2026-08-28	2026-08-31	2026-08-31	2026-08-31
021085	NDA	001	BAYER HLTHCARE	AVELOX	MOXIFLOXACIN HYDROCHLORIDE	C53598599T	IDIIJJHBXUESQI-DFIJPDEKSA-N	37	1999-12-10	AP	Discontinued	false	2026-08-28	2026-08-31	2026-08-31	2026-08-31
021277	NDA	001	BAYER HLTHCARE	AVELOX IN SODIUM CHLORIDE 0.8% IN PLASTIC CONTAINER	MOXIFLOXACIN HYDROCHLORIDE	C53598599T	IDIIJJHBXUESQI-DFIJPDEKSA-N	37	2001-11-30	AP	Discontinued	false	2026-08-28	2026-08-31	2026-08-31	2026-08-31
021334	NDA	001	BAYER PHARMS	AVELOX	MOXIFLOXACIN HYDROCHLORIDE	C53598599T	IDIIJJHBXUESQI-DFIJPDEKSA-N	37	2001-04-27	AP	Prescription	true	2026-08-28	2026-08-31	2026-08-31	2026-08-31
021598	NDA	001	HARROW EYE	VIGAMOX	MOXIFLOXACIN HYDROCHLORIDE	C53598599T	IDIIJJHBXUESQI-DFIJPDEKSA-N	37	2003-04-15	AP	Prescription	true	2026-08-28	2026-08-31	2026-08-31	2026-08-31
022428	NDA	001	HARROW EYE	MOXEZA	MOXIFLOXACIN HYDROCHLORIDE	C53598599T	IDIIJJHBXUESQI-DFIJPDEKSA-N	37	2010-11-19	AP	Discontinued	false	2026-08-28	2026-08-31	2026-08-31	2026-08-31
076938	ANDA	001	DR REDDYS	MOXIFLOXACIN HYDROCHLORIDE	MOXIFLOXACIN HYDROCHLORIDE	C53598599T	IDIIJJHBXUESQI-DFIJPDEKSA-N	37	2014-03-04	AP	Prescription	true	2026-08-28	2026-08-31	2026-08-31	2026-08-31
077437	ANDA	001	TEVA PHARMS USA	MOXIFLOXACIN HYDROCHLORIDE	MOXIFLOXACIN HYDROCHLORIDE	C53598599T	IDIIJJHBXUESQI-DFIJPDEKSA-N	37	2014-02-18	AP	Prescription	true	2026-08-28	2026-08-31	2026-08-31	2026-08-31
090080	ANDA	001	APOTEX	MOXIFLOXACIN HYDROCHLORIDE	MOXIFLOXACIN HYDROCHLORIDE	C53598599T	IDIIJJHBXUESQI-DFIJPDEKSA-N	37	2017-06-30	AP	Prescription	true	2026-08-28	2026-08-31	2026-08-31	2026-08-31
200160	ANDA	001	TORRENT	MOXIFLOXACIN HYDROCHLORIDE	MOXIFLOXACIN HYDROCHLORIDE	C53598599T	IDIIJJHBXUESQI-DFIJPDEKSA-N	37	2014-04-03	AP	Discontinued	false	2026-08-28	2026-08-31	2026-08-31	2026-08-31
202525	ANDA	001	REGCON HOLDINGS	MOXIFLOXACIN HYDROCHLORIDE	MOXIFLOXACIN HYDROCHLORIDE	C53598599T	IDIIJJHBXUESQI-DFIJPDEKSA-N	37	2015-03-06	AP	Prescription	true	2026-08-28	2026-08-31	2026-08-31	2026-08-31
202632	ANDA	001	AUROBINDO PHARMA LTD	MOXIFLOXACIN HYDROCHLORIDE	MOXIFLOXACIN HYDROCHLORIDE	C53598599T	IDIIJJHBXUESQI-DFIJPDEKSA-N	37	2014-03-04	AP	Prescription	true	2026-08-28	2026-08-31	2026-08-31	2026-08-31
202867	ANDA	001	LUPIN	MOXIFLOXACIN HYDROCHLORIDE	MOXIFLOXACIN HYDROCHLORIDE	C53598599T	IDIIJJHBXUESQI-DFIJPDEKSA-N	37	2014-09-04	AP	Prescription	true	2026-08-28	2026-08-31	2026-08-31	2026-08-31
202916	ANDA	001	EPIC PHARMA LLC	MOXIFLOXACIN HYDROCHLORIDE	MOXIFLOXACIN HYDROCHLORIDE	C53598599T	IDIIJJHBXUESQI-DFIJPDEKSA-N	37	2017-11-09	AP	Discontinued	false	2026-08-28	2026-08-31	2026-08-31	2026-08-31
204079	ANDA	001	LUPIN	MOXIFLOXACIN HYDROCHLORIDE	MOXIFLOXACIN HYDROCHLORIDE	C53598599T	IDIIJJHBXUESQI-DFIJPDEKSA-N	37	2015-05-28	AP	Prescription	true	2026-08-28	2026-08-31	2026-08-31	2026-08-31
204635	ANDA	001	NATCO	MOXIFLOXACIN HYDROCHLORIDE	MOXIFLOXACIN HYDROCHLORIDE	C53598599T	IDIIJJHBXUESQI-DFIJPDEKSA-N	37	2015-08-31	AP	Discontinued	false	2026-08-28	2026-08-31	2026-08-31	2026-08-31
204836	ANDA	001	HETERO LABS LTD V	MOXIFLOXACIN HYDROCHLORIDE	MOXIFLOXACIN HYDROCHLORIDE	C53598599T	IDIIJJHBXUESQI-DFIJPDEKSA-N	37	2023-03-02	AP	Prescription	true	2026-08-28	2026-08-31	2026-08-31	2026-08-31
205348	ANDA	001	CROSSMEDIKA SA	MOXIFLOXACIN HYDROCHLORIDE	MOXIFLOXACIN HYDROCHLORIDE	C53598599T	IDIIJJHBXUESQI-DFIJPDEKSA-N	37	2016-01-14	AP	Prescription	true	2026-08-28	2026-08-31	2026-08-31	2026-08-31
205572	NDA	001	FRESENIUS KABI USA	MOXIFLOXACIN HYDROCHLORIDE	MOXIFLOXACIN HYDROCHLORIDE	C53598599T	IDIIJJHBXUESQI-DFIJPDEKSA-N	37	2015-04-03	AP	Prescription	true	2026-08-28	2026-08-31	2026-08-31	2026-08-31
205833	ANDA	001	MYLAN LABS LTD	MOXIFLOXACIN HYDROCHLORIDE IN SODIUM CHLORIDE 0.8% IN PLASTIC CONTAINER	MOXIFLOXACIN HYDROCHLORIDE	C53598599T	IDIIJJHBXUESQI-DFIJPDEKSA-N	37	2017-05-05	AP	Prescription	true	2026-08-28	2026-08-31	2026-08-31	2026-08-31
206242	ANDA	001	EUGIA PHARMA	MOXIFLOXACIN HYDROCHLORIDE	MOXIFLOXACIN HYDROCHLORIDE	C53598599T	IDIIJJHBXUESQI-DFIJPDEKSA-N	37	2017-10-04	AP	Prescription	true	2026-08-28	2026-08-31	2026-08-31	2026-08-31
206295	ANDA	001	SUNSHINE	MOXIFLOXACIN HYDROCHLORIDE	MOXIFLOXACIN HYDROCHLORIDE	C53598599T	IDIIJJHBXUESQI-DFIJPDEKSA-N	37	2018-09-28	AP	Prescription	true	2026-08-28	2026-08-31	2026-08-31	2026-08-31
206447	ANDA	001	PHARMOBEDIENT	MOXIFLOXACIN HYDROCHLORIDE	MOXIFLOXACIN HYDROCHLORIDE	C53598599T	IDIIJJHBXUESQI-DFIJPDEKSA-N	37	2020-03-30	AP	Discontinued	false	2026-08-28	2026-08-31	2026-08-31	2026-08-31
207285	ANDA	001	CHARTWELL RX	MOXIFLOXACIN HYDROCHLORIDE	MOXIFLOXACIN HYDROCHLORIDE	C53598599T	IDIIJJHBXUESQI-DFIJPDEKSA-N	37	2017-02-13	AP	Prescription	true	2026-08-28	2026-08-31	2026-08-31	2026-08-31
208682	ANDA	001	MSN	MOXIFLOXACIN HYDROCHLORIDE	MOXIFLOXACIN HYDROCHLORIDE	C53598599T	IDIIJJHBXUESQI-DFIJPDEKSA-N	37	2017-09-22	AP	Prescription	true	2026-08-28	2026-08-31	2026-08-31	2026-08-31
208778	ANDA	001	GLAND	MOXIFLOXACIN HYDROCHLORIDE	MOXIFLOXACIN HYDROCHLORIDE	C53598599T	IDIIJJHBXUESQI-DFIJPDEKSA-N	37	2020-03-30	AP	Prescription	true	2026-08-28	2026-08-31	2026-08-31	2026-08-31
209143	ANDA	001	MACLEODS PHARMS	MOXIFLOXACIN HYDROCHLORIDE	MOXIFLOXACIN HYDROCHLORIDE	C53598599T	IDIIJJHBXUESQI-DFIJPDEKSA-N	37	2026-03-02	AP	Prescription	true	2026-08-28	2026-08-31	2026-08-31	2026-08-31
209469	ANDA	001	ALEMBIC	MOXIFLOXACIN HYDROCHLORIDE	MOXIFLOXACIN HYDROCHLORIDE	C53598599T	IDIIJJHBXUESQI-DFIJPDEKSA-N	37	2019-02-13	AP	Prescription	true	2026-08-28	2026-08-31	2026-08-31	2026-08-31
209698	ANDA	001	SOMERSET THERAPS LLC	MOXIFLOXACIN HYDROCHLORIDE	MOXIFLOXACIN HYDROCHLORIDE	C53598599T	IDIIJJHBXUESQI-DFIJPDEKSA-N	37	2024-11-14	AP	Prescription	true	2026-08-28	2026-08-31	2026-08-31	2026-08-31
212616	ANDA	001	UPSHER SMITH LABS	MOXIFLOXACIN HYDROCHLORIDE	MOXIFLOXACIN HYDROCHLORIDE	C53598599T	IDIIJJHBXUESQI-DFIJPDEKSA-N	37	2021-02-10	AP	Prescription	true	2026-08-28	2026-08-31	2026-08-31	2026-08-31
217988	ANDA	001	MANKIND PHARMA	MOXIFLOXACIN HYDROCHLORIDE	MOXIFLOXACIN HYDROCHLORIDE	C53598599T	IDIIJJHBXUESQI-DFIJPDEKSA-N	37	2025-01-27	AP	Prescription	true	2026-08-28	2026-08-31	2026-08-31	2026-08-31
219475	ANDA	001	FDC LTD	MOXIFLOXACIN HYDROCHLORIDE	MOXIFLOXACIN HYDROCHLORIDE	C53598599T	IDIIJJHBXUESQI-DFIJPDEKSA-N	37	2025-08-04	AP	Discontinued	false	2026-08-28	2026-08-31	2026-08-31	2026-08-31
019616	NDA	004	SANOFI AVENTIS US	PENETREX	ENOXACIN	325OGW249P	IDYZIJYBMGIQMJ-UHFFFAOYSA-N	36	1991-12-31	AP	Discontinued	false	2026-08-28	2026-08-31	2026-08-31	2026-08-31
019616	NDA	005	SANOFI AVENTIS US	PENETREX	ENOXACIN	325OGW249P	IDYZIJYBMGIQMJ-UHFFFAOYSA-N	36	1991-12-31	AP	Discontinued	false	2026-08-28	2026-08-31	2026-08-31	2026-08-31
017943	NDA	001	MONARCH PHARMS	PROLOPRIM	TRIMETHOPRIM	AN164J8Y0X	IEDVJHCEMCRBQM-UHFFFAOYSA-N	75	1980-05-30	AP	Discontinued	false	2026-08-28	2026-08-31	2026-08-31	2026-08-31
017943	NDA	003	MONARCH PHARMS	PROLOPRIM	TRIMETHOPRIM	AN164J8Y0X	IEDVJHCEMCRBQM-UHFFFAOYSA-N	75	1980-05-30	AP	Discontinued	false	2026-08-28	2026-08-31	2026-08-31	2026-08-31
017952	NDA	001	ROCHE	TRIMPEX	TRIMETHOPRIM	AN164J8Y0X	IEDVJHCEMCRBQM-UHFFFAOYSA-N	75	1980-05-30	AP	Discontinued	false	2026-08-28	2026-08-31	2026-08-31	2026-08-31
017952	NDA	002	ROCHE	TRIMPEX 200	TRIMETHOPRIM	AN164J8Y0X	IEDVJHCEMCRBQM-UHFFFAOYSA-N	75	1980-05-30	AP	Discontinued	false	2026-08-28	2026-08-31	2026-08-31	2026-08-31
018679	NDA	001	DR REDDYS LABS SA	TRIMETHOPRIM	TRIMETHOPRIM	AN164J8Y0X	IEDVJHCEMCRBQM-UHFFFAOYSA-N	75	1982-07-30	AP	Prescription	true	2026-08-28	2026-08-31	2026-08-31	2026-08-31
070049	ANDA	001	WATSON LABS	TRIMETHOPRIM	TRIMETHOPRIM	AN164J8Y0X	IEDVJHCEMCRBQM-UHFFFAOYSA-N	75	1985-06-06	AP	Prescription	true	2026-08-28	2026-08-31	2026-08-31	2026-08-31
070494	ANDA	001	SUN PHARM INDUSTRIES	TRIMETHOPRIM	TRIMETHOPRIM	AN164J8Y0X	IEDVJHCEMCRBQM-UHFFFAOYSA-N	75	1986-01-23	AP	Discontinued	false	2026-08-28	2026-08-31	2026-08-31	2026-08-31
070495	ANDA	001	SUN PHARM INDUSTRIES	TRIMETHOPRIM	TRIMETHOPRIM	AN164J8Y0X	IEDVJHCEMCRBQM-UHFFFAOYSA-N	75	1986-03-14	AP	Discontinued	false	2026-08-28	2026-08-31	2026-08-31	2026-08-31
071259	ANDA	001	TEVA	TRIMETHOPRIM	TRIMETHOPRIM	AN164J8Y0X	IEDVJHCEMCRBQM-UHFFFAOYSA-N	75	1987-06-18	AP	Discontinued	false	2026-08-28	2026-08-31	2026-08-31	2026-08-31
091437	ANDA	001	NOVEL LABS INC	TRIMETHOPRIM	TRIMETHOPRIM	AN164J8Y0X	IEDVJHCEMCRBQM-UHFFFAOYSA-N	75	2011-06-15	AP	Prescription	true	2026-08-28	2026-08-31	2026-08-31	2026-08-31
216393	ANDA	001	NOVITIUM PHARMA	TRIMETHOPRIM	TRIMETHOPRIM	AN164J8Y0X	IEDVJHCEMCRBQM-UHFFFAOYSA-N	75	2022-10-28	AP	Prescription	true	2026-08-28	2026-08-31	2026-08-31	2026-08-31
005963	NDA	001	SCHERING	SODIUM SULAMYD	SULFACETAMIDE SODIUM	4NRT660KJQ	IHCDKJZZFOUARO-UHFFFAOYSA-M	40	1946-07-21	AP	Discontinued	false	2026-08-28	2026-08-31	2026-08-31	2026-08-31
005963	NDA	002	SCHERING	SODIUM SULAMYD	SULFACETAMIDE SODIUM	4NRT660KJQ	IHCDKJZZFOUARO-UHFFFAOYSA-M	40	1946-07-21	AP	Discontinued	false	2026-08-28	2026-08-31	2026-08-31	2026-08-31
005963	NDA	003	SCHERING	SODIUM SULAMYD	SULFACETAMIDE SODIUM	4NRT660KJQ	IHCDKJZZFOUARO-UHFFFAOYSA-M	40	1946-07-21	AP	Discontinued	false	2026-08-28	2026-08-31	2026-08-31	2026-08-31
019931	NDA	001	BAUSCH	KLARON	SULFACETAMIDE SODIUM	4NRT660KJQ	IHCDKJZZFOUARO-UHFFFAOYSA-M	40	1996-12-23	AP	Prescription	true	2026-08-28	2026-08-31	2026-08-31	2026-08-31
040066	ANDA	001	BAUSCH AND LOMB	SULFACETAMIDE SODIUM	SULFACETAMIDE SODIUM	4NRT660KJQ	IHCDKJZZFOUARO-UHFFFAOYSA-M	40	1994-12-28	AP	Prescription	true	2026-08-28	2026-08-31	2026-08-31	2026-08-31
040215	ANDA	001	PHARMOBEDIENT	SULFACETAMIDE SODIUM	SULFACETAMIDE SODIUM	4NRT660KJQ	IHCDKJZZFOUARO-UHFFFAOYSA-M	40	1999-05-25	AP	Discontinued	false	2026-08-28	2026-08-31	2026-08-31	2026-08-31
040216	ANDA	001	EPIC PHARMA LLC	SULFACETAMIDE SODIUM	SULFACETAMIDE SODIUM	4NRT660KJQ	IHCDKJZZFOUARO-UHFFFAOYSA-M	40	1999-05-25	AP	Discontinued	false	2026-08-28	2026-08-31	2026-08-31	2026-08-31
077015	ANDA	001	FOUGERA PHARMS	SULFACETAMIDE SODIUM	SULFACETAMIDE SODIUM	4NRT660KJQ	IHCDKJZZFOUARO-UHFFFAOYSA-M	40	2006-11-17	AP	Prescription	true	2026-08-28	2026-08-31	2026-08-31	2026-08-31
078649	ANDA	001	PADAGIS US	SULFACETAMIDE SODIUM	SULFACETAMIDE SODIUM	4NRT660KJQ	IHCDKJZZFOUARO-UHFFFAOYSA-M	40	2009-03-23	AP	Prescription	true	2026-08-28	2026-08-31	2026-08-31	2026-08-31
078668	ANDA	001	SUN PHARMA CANADA	SULFACETAMIDE SODIUM	SULFACETAMIDE SODIUM	4NRT660KJQ	IHCDKJZZFOUARO-UHFFFAOYSA-M	40	2009-05-20	AP	Discontinued	false	2026-08-28	2026-08-31	2026-08-31	2026-08-31
080020	ANDA	002	ALCON	ISOPTO CETAMIDE	SULFACETAMIDE SODIUM	4NRT660KJQ	IHCDKJZZFOUARO-UHFFFAOYSA-M	40	1971-05-05	AP	Discontinued	false	2026-08-28	2026-08-31	2026-08-31	2026-08-31
080021	ANDA	001	ALCON	CETAMIDE	SULFACETAMIDE SODIUM	4NRT660KJQ	IHCDKJZZFOUARO-UHFFFAOYSA-M	40	1972-09-27	AP	Discontinued	false	2026-08-28	2026-08-31	2026-08-31	2026-08-31
080024	ANDA	001	OPTOPICS	SULFACEL-15	SULFACETAMIDE SODIUM	4NRT660KJQ	IHCDKJZZFOUARO-UHFFFAOYSA-M	40	1970-09-29	AP	Discontinued	false	2026-08-28	2026-08-31	2026-08-31	2026-08-31
080028	ANDA	001	ALLERGAN	BLEPH-10	SULFACETAMIDE SODIUM	4NRT660KJQ	IHCDKJZZFOUARO-UHFFFAOYSA-M	40	1971-05-25	AP	Discontinued	false	2026-08-28	2026-08-31	2026-08-31	2026-08-31
080028	ANDA	002	ALLERGAN	BLEPH-30	SULFACETAMIDE SODIUM	4NRT660KJQ	IHCDKJZZFOUARO-UHFFFAOYSA-M	40	1971-05-25	AP	Discontinued	false	2026-08-28	2026-08-31	2026-08-31	2026-08-31
080029	ANDA	001	PADAGIS US	SULFACETAMIDE SODIUM	SULFACETAMIDE SODIUM	4NRT660KJQ	IHCDKJZZFOUARO-UHFFFAOYSA-M	40	1971-12-22	AP	Discontinued	false	2026-08-28	2026-08-31	2026-08-31	2026-08-31
080660	ANDA	001	MIZA PHARMS USA	OCUSULF-10	SULFACETAMIDE SODIUM	4NRT660KJQ	IHCDKJZZFOUARO-UHFFFAOYSA-M	40	1972-08-24	AP	Discontinued	false	2026-08-28	2026-08-31	2026-08-31	2026-08-31
080660	ANDA	002	MIZA PHARMS USA	OCUSULF-30	SULFACETAMIDE SODIUM	4NRT660KJQ	IHCDKJZZFOUARO-UHFFFAOYSA-M	40	1972-08-24	AP	Discontinued	false	2026-08-28	2026-08-31	2026-08-31	2026-08-31
084015	ANDA	001	ALLERGAN	BLEPH-10	SULFACETAMIDE SODIUM	4NRT660KJQ	IHCDKJZZFOUARO-UHFFFAOYSA-M	40	1975-01-07	AP	Discontinued	false	2026-08-28	2026-08-31	2026-08-31	2026-08-31
084143	ANDA	001	SOLA BARNES HIND	SODIUM SULFACETAMIDE	SULFACETAMIDE SODIUM	4NRT660KJQ	IHCDKJZZFOUARO-UHFFFAOYSA-M	40	1974-11-22	AP	Discontinued	false	2026-08-28	2026-08-31	2026-08-31	2026-08-31
084145	ANDA	001	SOLA BARNES HIND	SODIUM SULFACETAMIDE	SULFACETAMIDE SODIUM	4NRT660KJQ	IHCDKJZZFOUARO-UHFFFAOYSA-M	40	1974-11-01	AP	Discontinued	false	2026-08-28	2026-08-31	2026-08-31	2026-08-31
084146	ANDA	001	SOLA BARNES HIND	SODIUM SULFACETAMIDE	SULFACETAMIDE SODIUM	4NRT660KJQ	IHCDKJZZFOUARO-UHFFFAOYSA-M	40	1974-11-01	AP	Discontinued	false	2026-08-28	2026-08-31	2026-08-31	2026-08-31
084147	ANDA	001	SOLA BARNES HIND	SODIUM SULFACETAMIDE	SULFACETAMIDE SODIUM	4NRT660KJQ	IHCDKJZZFOUARO-UHFFFAOYSA-M	40	1974-12-10	AP	Discontinued	false	2026-08-28	2026-08-31	2026-08-31	2026-08-31
087818	ANDA	001	BAUSCH AND LOMB	SULTEN-10	SULFACETAMIDE SODIUM	4NRT660KJQ	IHCDKJZZFOUARO-UHFFFAOYSA-M	40	1983-02-03	AP	Discontinued	false	2026-08-28	2026-08-31	2026-08-31	2026-08-31
088000	ANDA	001	PHARMAFAIR	SULFAIR 10	SULFACETAMIDE SODIUM	4NRT660KJQ	IHCDKJZZFOUARO-UHFFFAOYSA-M	40	1982-12-22	AP	Discontinued	false	2026-08-28	2026-08-31	2026-08-31	2026-08-31
089047	ANDA	001	NOVARTIS	SULF-15	SULFACETAMIDE SODIUM	4NRT660KJQ	IHCDKJZZFOUARO-UHFFFAOYSA-M	40	1995-10-31	AP	Discontinued	false	2026-08-28	2026-08-31	2026-08-31	2026-08-31
089068	ANDA	001	ALCON PHARMS LTD	SULFACETAMIDE SODIUM	SULFACETAMIDE SODIUM	4NRT660KJQ	IHCDKJZZFOUARO-UHFFFAOYSA-M	40	1987-05-05	AP	Discontinued	false	2026-08-28	2026-08-31	2026-08-31	2026-08-31
089560	ANDA	001	CHARTWELL RX	SULFACETAMIDE SODIUM	SULFACETAMIDE SODIUM	4NRT660KJQ	IHCDKJZZFOUARO-UHFFFAOYSA-M	40	1988-10-18	AP	Prescription	true	2026-08-28	2026-08-31	2026-08-31	2026-08-31
020068	NDA	001	CLINIGEN HLTHCARE	FOSCAVIR	FOSCARNET SODIUM	964YS0OOG1	ILRVASBWNRYBFD-UHFFFAOYSA-K	49	1991-09-27	AP	Prescription	true	2026-08-28	2026-08-31	2026-08-31	2026-08-31
020068	NDA	002	CLINIGEN HLTHCARE	FOSCAVIR	FOSCARNET SODIUM	964YS0OOG1	ILRVASBWNRYBFD-UHFFFAOYSA-K	49	1991-09-27	AP	Discontinued	false	2026-08-28	2026-08-31	2026-08-31	2026-08-31
077174	ANDA	001	HOSPIRA	FOSCARNET SODIUM	FOSCARNET SODIUM	964YS0OOG1	ILRVASBWNRYBFD-UHFFFAOYSA-K	49	2005-05-31	AP	Discontinued	false	2026-08-28	2026-08-31	2026-08-31	2026-08-31
077174	ANDA	002	HOSPIRA	FOSCARNET SODIUM	FOSCARNET SODIUM	964YS0OOG1	ILRVASBWNRYBFD-UHFFFAOYSA-K	49	2005-05-31	AP	Discontinued	false	2026-08-28	2026-08-31	2026-08-31	2026-08-31
212483	ANDA	001	FRESENIUS KABI USA	FOSCARNET SODIUM	FOSCARNET SODIUM	964YS0OOG1	ILRVASBWNRYBFD-UHFFFAOYSA-K	49	2021-01-29	AP	Prescription	true	2026-08-28	2026-08-31	2026-08-31	2026-08-31
213001	ANDA	001	GLAND	FOSCARNET SODIUM	FOSCARNET SODIUM	964YS0OOG1	ILRVASBWNRYBFD-UHFFFAOYSA-K	49	2021-04-21	AP	Prescription	true	2026-08-28	2026-08-31	2026-08-31	2026-08-31
213807	ANDA	001	AVET LIFESCIENCES	FOSCARNET SODIUM	FOSCARNET SODIUM	964YS0OOG1	ILRVASBWNRYBFD-UHFFFAOYSA-K	49	2023-06-05	AP	Prescription	true	2026-08-28	2026-08-31	2026-08-31	2026-08-31
213987	ANDA	001	SCIECURE	FOSCARNET SODIUM	FOSCARNET SODIUM	964YS0OOG1	ILRVASBWNRYBFD-UHFFFAOYSA-K	49	2023-11-29	AP	Prescription	true	2026-08-28	2026-08-31	2026-08-31	2026-08-31
216602	ANDA	001	AMNEAL	FOSCARNET SODIUM	FOSCARNET SODIUM	964YS0OOG1	ILRVASBWNRYBFD-UHFFFAOYSA-K	49	2024-03-01	AP	Prescription	true	2026-08-28	2026-08-31	2026-08-31	2026-08-31
220068	ANDA	001	CAPLIN	FOSCARNET SODIUM	FOSCARNET SODIUM	964YS0OOG1	ILRVASBWNRYBFD-UHFFFAOYSA-K	49	2026-05-13	AP	Prescription	true	2026-08-28	2026-08-31	2026-08-31	2026-08-31
080157	ANDA	001	NOVITIUM PHARMA	PYRAZINAMIDE	PYRAZINAMIDE	2KNI5N06TI	IPEHBUMCGVEMRF-UHFFFAOYSA-N	56	1971-06-03	AP	Prescription	true	2026-08-28	2026-08-31	2026-08-31	2026-08-31
081319	ANDA	001	HIKMA	PYRAZINAMIDE	PYRAZINAMIDE	2KNI5N06TI	IPEHBUMCGVEMRF-UHFFFAOYSA-N	56	1992-06-30	AP	Prescription	true	2026-08-28	2026-08-31	2026-08-31	2026-08-31
212541	ANDA	001	MACLEODS PHARMS	PYRAZINAMIDE	PYRAZINAMIDE	2KNI5N06TI	IPEHBUMCGVEMRF-UHFFFAOYSA-N	56	2020-07-27	AP	Prescription	true	2026-08-28	2026-08-31	2026-08-31	2026-08-31
022011	NDA	001	NOVARTIS	TYZEKA	TELBIVUDINE	2OC4HKD3SF	IQFYYKKMVGJFEH-CSMHCCOUSA-N	28	2006-10-25	AP	Discontinued	false	2026-08-28	2026-08-31	2026-08-31	2026-08-31
022154	NDA	001	NOVARTIS	TYZEKA	TELBIVUDINE	2OC4HKD3SF	IQFYYKKMVGJFEH-CSMHCCOUSA-N	28	2009-04-28	AP	Discontinued	false	2026-08-28	2026-08-31	2026-08-31	2026-08-31
020460	NDA	001	ROCHE PALO	CYTOVENE	GANCICLOVIR	P9G3CKZ4P5	IRSCQMHQWWYFCW-UHFFFAOYSA-N	64	1994-12-22	AP	Discontinued	false	2026-08-28	2026-08-31	2026-08-31	2026-08-31
020460	NDA	002	ROCHE PALO	CYTOVENE	GANCICLOVIR	P9G3CKZ4P5	IRSCQMHQWWYFCW-UHFFFAOYSA-N	64	1994-12-22	AP	Discontinued	false	2026-08-28	2026-08-31	2026-08-31	2026-08-31
020569	NDA	001	BAUSCH AND LOMB	VITRASERT	GANCICLOVIR	P9G3CKZ4P5	IRSCQMHQWWYFCW-UHFFFAOYSA-N	64	1996-03-04	AP	Discontinued	false	2026-08-28	2026-08-31	2026-08-31	2026-08-31
022211	NDA	001	BAUSCH AND LOMB	ZIRGAN	GANCICLOVIR	P9G3CKZ4P5	IRSCQMHQWWYFCW-UHFFFAOYSA-N	64	2009-09-15	AP	Prescription	true	2026-08-28	2026-08-31	2026-08-31	2026-08-31
209347	NDA	001	EXELA PHARMA	GANZYK-RTU	GANCICLOVIR	P9G3CKZ4P5	IRSCQMHQWWYFCW-UHFFFAOYSA-N	64	2017-02-17	AP	Discontinued	false	2026-08-28	2026-08-31	2026-08-31	2026-08-31
018859	NDA	001	BAUSCH	VIRAZOLE	RIBAVIRIN	49717AWG6K	IWUCXVSUMQZMFG-AFCXAGJDSA-N	57	1985-12-31	AP	Discontinued	false	2026-08-28	2026-08-31	2026-08-31	2026-08-31
020903	NDA	001	MERCK SHARP DOHME	REBETOL	RIBAVIRIN	49717AWG6K	IWUCXVSUMQZMFG-AFCXAGJDSA-N	57	1998-06-03	AP	Discontinued	false	2026-08-28	2026-08-31	2026-08-31	2026-08-31
020903	NDA	002	MERCK SHARP DOHME	REBETOL	RIBAVIRIN	49717AWG6K	IWUCXVSUMQZMFG-AFCXAGJDSA-N	57	1998-06-03	AP	Discontinued	false	2026-08-28	2026-08-31	2026-08-31	2026-08-31
021511	NDA	001	ROCHE	COPEGUS	RIBAVIRIN	49717AWG6K	IWUCXVSUMQZMFG-AFCXAGJDSA-N	57	2002-12-03	AP	Discontinued	false	2026-08-28	2026-08-31	2026-08-31	2026-08-31
021511	NDA	002	ROCHE	COPEGUS	RIBAVIRIN	49717AWG6K	IWUCXVSUMQZMFG-AFCXAGJDSA-N	57	2002-12-03	AP	Discontinued	false	2026-08-28	2026-08-31	2026-08-31	2026-08-31
021546	NDA	001	SCHERING	REBETOL	RIBAVIRIN	49717AWG6K	IWUCXVSUMQZMFG-AFCXAGJDSA-N	57	2003-07-29	AP	Discontinued	false	2026-08-28	2026-08-31	2026-08-31	2026-08-31
076192	ANDA	001	CHARTWELL RX	RIBAVIRIN	RIBAVIRIN	49717AWG6K	IWUCXVSUMQZMFG-AFCXAGJDSA-N	57	2004-04-06	AP	Discontinued	false	2026-08-28	2026-08-31	2026-08-31	2026-08-31
076203	ANDA	001	CHARTWELL RX	RIBASPHERE	RIBAVIRIN	49717AWG6K	IWUCXVSUMQZMFG-AFCXAGJDSA-N	57	2004-04-06	AP	Discontinued	false	2026-08-28	2026-08-31	2026-08-31	2026-08-31
076277	ANDA	001	TEVA	RIBAVIRIN	RIBAVIRIN	49717AWG6K	IWUCXVSUMQZMFG-AFCXAGJDSA-N	57	2004-10-04	AP	Discontinued	false	2026-08-28	2026-08-31	2026-08-31	2026-08-31
077053	ANDA	001	HERITAGE PHARMA AVET	RIBAVIRIN	RIBAVIRIN	49717AWG6K	IWUCXVSUMQZMFG-AFCXAGJDSA-N	57	2005-12-05	AP	Discontinued	false	2026-08-28	2026-08-31	2026-08-31	2026-08-31
077094	ANDA	001	ZYDUS PHARMS USA	RIBAVIRIN	RIBAVIRIN	49717AWG6K	IWUCXVSUMQZMFG-AFCXAGJDSA-N	57	2005-12-05	AP	Prescription	true	2026-08-28	2026-08-31	2026-08-31	2026-08-31
077094	ANDA	002	ZYDUS PHARMS USA	RIBAVIRIN	RIBAVIRIN	49717AWG6K	IWUCXVSUMQZMFG-AFCXAGJDSA-N	57	2005-12-05	AP	Discontinued	false	2026-08-28	2026-08-31	2026-08-31	2026-08-31
077094	ANDA	003	ZYDUS PHARMS USA	RIBAVIRIN	RIBAVIRIN	49717AWG6K	IWUCXVSUMQZMFG-AFCXAGJDSA-N	57	2005-12-05	AP	Discontinued	false	2026-08-28	2026-08-31	2026-08-31	2026-08-31
077094	ANDA	004	ZYDUS PHARMS USA	RIBAVIRIN	RIBAVIRIN	49717AWG6K	IWUCXVSUMQZMFG-AFCXAGJDSA-N	57	2005-12-05	AP	Discontinued	false	2026-08-28	2026-08-31	2026-08-31	2026-08-31
077224	ANDA	001	ZYDUS PHARMS USA	RIBAVIRIN	RIBAVIRIN	49717AWG6K	IWUCXVSUMQZMFG-AFCXAGJDSA-N	57	2005-10-28	AP	Prescription	true	2026-08-28	2026-08-31	2026-08-31	2026-08-31
077456	ANDA	001	CHARTWELL RX	RIBAVIRIN	RIBAVIRIN	49717AWG6K	IWUCXVSUMQZMFG-AFCXAGJDSA-N	57	2005-12-05	AP	Discontinued	false	2026-08-28	2026-08-31	2026-08-31	2026-08-31
077456	ANDA	002	CHARTWELL RX	RIBAVIRIN	RIBAVIRIN	49717AWG6K	IWUCXVSUMQZMFG-AFCXAGJDSA-N	57	2005-12-05	AP	Discontinued	false	2026-08-28	2026-08-31	2026-08-31	2026-08-31
077456	ANDA	003	CHARTWELL RX	RIBAVIRIN	RIBAVIRIN	49717AWG6K	IWUCXVSUMQZMFG-AFCXAGJDSA-N	57	2005-12-05	AP	Discontinued	false	2026-08-28	2026-08-31	2026-08-31	2026-08-31
077743	ANDA	001	SANDOZ	RIBAVIRIN	RIBAVIRIN	49717AWG6K	IWUCXVSUMQZMFG-AFCXAGJDSA-N	57	2006-10-03	AP	Prescription	true	2026-08-28	2026-08-31	2026-08-31	2026-08-31
079111	ANDA	001	AUROBINDO PHARMA	RIBAVIRIN	RIBAVIRIN	49717AWG6K	IWUCXVSUMQZMFG-AFCXAGJDSA-N	57	2009-09-17	AP	Prescription	true	2026-08-28	2026-08-31	2026-08-31	2026-08-31
079117	ANDA	001	AUROBINDO PHARMA	RIBAVIRIN	RIBAVIRIN	49717AWG6K	IWUCXVSUMQZMFG-AFCXAGJDSA-N	57	2009-09-17	AP	Prescription	true	2026-08-28	2026-08-31	2026-08-31	2026-08-31
202546	ANDA	001	BEXIMCO PHARMS USA	RIBAVIRIN	RIBAVIRIN	49717AWG6K	IWUCXVSUMQZMFG-AFCXAGJDSA-N	57	2014-08-12	AP	Discontinued	false	2026-08-28	2026-08-31	2026-08-31	2026-08-31
202546	ANDA	002	BEXIMCO PHARMS USA	RIBAVIRIN	RIBAVIRIN	49717AWG6K	IWUCXVSUMQZMFG-AFCXAGJDSA-N	57	2014-08-12	AP	Discontinued	false	2026-08-28	2026-08-31	2026-08-31	2026-08-31
202546	ANDA	003	BEXIMCO PHARMS USA	RIBAVIRIN	RIBAVIRIN	49717AWG6K	IWUCXVSUMQZMFG-AFCXAGJDSA-N	57	2014-08-12	AP	Discontinued	false	2026-08-28	2026-08-31	2026-08-31	2026-08-31
202546	ANDA	004	BEXIMCO PHARMS USA	RIBAVIRIN	RIBAVIRIN	49717AWG6K	IWUCXVSUMQZMFG-AFCXAGJDSA-N	57	2014-08-12	AP	Discontinued	false	2026-08-28	2026-08-31	2026-08-31	2026-08-31
207366	ANDA	001	CHARTWELL RX	RIBAVIRIN	RIBAVIRIN	49717AWG6K	IWUCXVSUMQZMFG-AFCXAGJDSA-N	57	2016-10-06	AP	Discontinued	false	2026-08-28	2026-08-31	2026-08-31	2026-08-31
065048	ANDA	003	HIKMA	CEFUROXIME	CEFUROXIME	O1R9FJ93ED	JFPVXVDWJQMJEE-IZRZKJBUSA-N	47	2004-01-09	AP	Prescription	true	2026-08-28	2026-08-31	2026-08-31	2026-08-31
065048	ANDA	004	HIKMA	CEFUROXIME	CEFUROXIME	O1R9FJ93ED	JFPVXVDWJQMJEE-IZRZKJBUSA-N	47	2004-01-09	AP	Prescription	true	2026-08-28	2026-08-31	2026-08-31	2026-08-31
021632	NDA	001	VICURON HOLDINGS	ERAXIS	ANIDULAFUNGIN	9HLM53094I	JHVAMHSQVVQIOT-MFAJLEFUSA-N	26	2006-02-17	AP	Prescription	true	2026-08-28	2026-08-31	2026-08-31	2026-08-31
021632	NDA	002	VICURON HOLDINGS	ERAXIS	ANIDULAFUNGIN	9HLM53094I	JHVAMHSQVVQIOT-MFAJLEFUSA-N	26	2006-02-17	AP	Prescription	true	2026-08-28	2026-08-31	2026-08-31	2026-08-31
021948	NDA	001	PFIZER	ERAXIS	ANIDULAFUNGIN	9HLM53094I	JHVAMHSQVVQIOT-MFAJLEFUSA-N	26	2006-02-17	AP	Prescription	true	2026-08-28	2026-08-31	2026-08-31	2026-08-31
018959	NDA	001	HOSPIRA	ZINC CHLORIDE IN PLASTIC CONTAINER	ZINC CHLORIDE	86Q357L16B	JIAARYAFYJHUJI-UHFFFAOYSA-L	22	1986-06-26	AP	Prescription	true	2026-08-28	2026-08-31	2026-08-31	2026-08-31
212007	ANDA	001	EXELA PHARMA	ZINC CHLORIDE	ZINC CHLORIDE	86Q357L16B	JIAARYAFYJHUJI-UHFFFAOYSA-L	22	2021-05-21	AP	Prescription	true	2026-08-28	2026-08-31	2026-08-31	2026-08-31
216152	ANDA	001	SOMERSET	ZINC CHLORIDE	ZINC CHLORIDE	86Q357L16B	JIAARYAFYJHUJI-UHFFFAOYSA-L	22	2024-10-16	AP	Prescription	true	2026-08-28	2026-08-31	2026-08-31	2026-08-31
217625	ANDA	001	STIRA	ZINC CHLORIDE	ZINC CHLORIDE	86Q357L16B	JIAARYAFYJHUJI-UHFFFAOYSA-L	22	2025-04-14	AP	Prescription	true	2026-08-28	2026-08-31	2026-08-31	2026-08-31
021158	NDA	001	LG CHEM LTD	FACTIVE	GEMIFLOXACIN MESYLATE	X4S9F8RL01	JIYMVSQRGZEYAX-CWUUNJJBSA-N	21	2003-04-04	AP	Discontinued	false	2026-08-28	2026-08-31	2026-08-31	2026-08-31
090466	ANDA	001	ORBION PHARMS	GEMIFLOXACIN MESYLATE	GEMIFLOXACIN MESYLATE	X4S9F8RL01	JIYMVSQRGZEYAX-CWUUNJJBSA-N	21	2015-06-15	AP	Discontinued	false	2026-08-28	2026-08-31	2026-08-31	2026-08-31
012715	NDA	002	ROCHE	GANTANOL	SULFAMETHOXAZOLE	JE42381TNV	JLKIGFTWXXRPMT-UHFFFAOYSA-N	81	1965-08-25	AP	Discontinued	false	2026-08-28	2026-08-31	2026-08-31	2026-08-31
012715	NDA	003	ROCHE	GANTANOL-DS	SULFAMETHOXAZOLE	JE42381TNV	JLKIGFTWXXRPMT-UHFFFAOYSA-N	81	1965-08-25	AP	Discontinued	false	2026-08-28	2026-08-31	2026-08-31	2026-08-31
013664	NDA	002	ROCHE	GANTANOL	SULFAMETHOXAZOLE	JE42381TNV	JLKIGFTWXXRPMT-UHFFFAOYSA-N	81	1965-07-01	AP	Discontinued	false	2026-08-28	2026-08-31	2026-08-31	2026-08-31
085844	ANDA	001	RISING	SULFAMETHOXAZOLE	SULFAMETHOXAZOLE	JE42381TNV	JLKIGFTWXXRPMT-UHFFFAOYSA-N	81	1978-03-23	AP	Discontinued	false	2026-08-28	2026-08-31	2026-08-31	2026-08-31
087189	ANDA	001	BARR	SULFAMETHOXAZOLE	SULFAMETHOXAZOLE	JE42381TNV	JLKIGFTWXXRPMT-UHFFFAOYSA-N	81	1983-07-25	AP	Discontinued	false	2026-08-28	2026-08-31	2026-08-31	2026-08-31
084218	ANDA	001	REED AND CARNRICK	KWELL	LINDANE	59NEE7PCAB	JLYXXMFPNIAWKQ-GNIYUCBRSA-N	29	1974-12-19	AP	Discontinued	false	2026-08-28	2026-08-31	2026-08-31	2026-08-31
084218	ANDA	002	REED AND CARNRICK	KWELL	LINDANE	59NEE7PCAB	JLYXXMFPNIAWKQ-GNIYUCBRSA-N	29	1974-12-19	AP	Discontinued	false	2026-08-28	2026-08-31	2026-08-31	2026-08-31
084219	ANDA	001	REED AND CARNRICK	KWELL	LINDANE	59NEE7PCAB	JLYXXMFPNIAWKQ-GNIYUCBRSA-N	29	1975-01-22	AP	Discontinued	false	2026-08-28	2026-08-31	2026-08-31	2026-08-31
084988	ANDA	001	SOLA BARNES HIND	GAMENE	LINDANE	59NEE7PCAB	JLYXXMFPNIAWKQ-GNIYUCBRSA-N	29	1976-06-15	AP	Discontinued	false	2026-08-28	2026-08-31	2026-08-31	2026-08-31
084989	ANDA	001	SOLA BARNES HIND	GAMENE	LINDANE	59NEE7PCAB	JLYXXMFPNIAWKQ-GNIYUCBRSA-N	29	1976-06-15	AP	Discontinued	false	2026-08-28	2026-08-31	2026-08-31	2026-08-31
087266	ANDA	001	OLTA PHARMS	LINDANE	LINDANE	59NEE7PCAB	JLYXXMFPNIAWKQ-GNIYUCBRSA-N	29	1981-12-17	AP	Discontinued	false	2026-08-28	2026-08-31	2026-08-31	2026-08-31
087313	ANDA	001	OLTA PHARMS	LINDANE	LINDANE	59NEE7PCAB	JLYXXMFPNIAWKQ-GNIYUCBRSA-N	29	1981-12-17	AP	Discontinued	false	2026-08-28	2026-08-31	2026-08-31	2026-08-31
088190	ANDA	001	WOCKHARDT BIO AG	LINDANE	LINDANE	59NEE7PCAB	JLYXXMFPNIAWKQ-GNIYUCBRSA-N	29	1984-08-16	AP	Discontinued	false	2026-08-28	2026-08-31	2026-08-31	2026-08-31
088191	ANDA	001	WOCKHARDT BIO AG	LINDANE	LINDANE	59NEE7PCAB	JLYXXMFPNIAWKQ-GNIYUCBRSA-N	29	1984-09-18	AP	Discontinued	false	2026-08-28	2026-08-31	2026-08-31	2026-08-31
020629	NDA	001	MYLAN	DENAVIR	PENCICLOVIR	359HUE8FJC	JNTOCHDNEULJHD-UHFFFAOYSA-N	45	1996-09-24	AP	Prescription	true	2026-08-28	2026-08-31	2026-08-31	2026-08-31
212368	ANDA	001	PADAGIS ISRAEL	PENCICLOVIR	PENCICLOVIR	359HUE8FJC	JNTOCHDNEULJHD-UHFFFAOYSA-N	45	2024-09-27	AP	Prescription	true	2026-08-28	2026-08-31	2026-08-31	2026-08-31
212710	ANDA	001	TEVA PHARMS USA	PENCICLOVIR	PENCICLOVIR	359HUE8FJC	JNTOCHDNEULJHD-UHFFFAOYSA-N	45	2022-11-09	AP	Prescription	true	2026-08-28	2026-08-31	2026-08-31	2026-08-31
214100	ANDA	001	AMNEAL	PENCICLOVIR	PENCICLOVIR	359HUE8FJC	JNTOCHDNEULJHD-UHFFFAOYSA-N	45	2025-08-22	AP	Prescription	true	2026-08-28	2026-08-31	2026-08-31	2026-08-31
216981	ANDA	001	TORRENT	PENCICLOVIR	PENCICLOVIR	359HUE8FJC	JNTOCHDNEULJHD-UHFFFAOYSA-N	45	2023-08-07	AP	Prescription	true	2026-08-28	2026-08-31	2026-08-31	2026-08-31
050420	NDA	001	SANOFI AVENTIS US	RIFADIN	RIFAMPIN	VJT6J7R4TR	JQXXHWHPUNPDRT-WLSIYKJHSA-N	103	1971-05-21	AP	Discontinued	false	2026-08-28	2026-08-31	2026-08-31	2026-08-31
050420	NDA	002	SANOFI AVENTIS US	RIFADIN	RIFAMPIN	VJT6J7R4TR	JQXXHWHPUNPDRT-WLSIYKJHSA-N	103	1971-05-21	AP	Discontinued	false	2026-08-28	2026-08-31	2026-08-31	2026-08-31
050429	NDA	001	OXFORD PHARMS	RIMACTANE	RIFAMPIN	VJT6J7R4TR	JQXXHWHPUNPDRT-WLSIYKJHSA-N	103	1971-05-21	AP	Prescription	true	2026-08-28	2026-08-31	2026-08-31	2026-08-31
050627	NDA	001	SANOFI AVENTIS US	RIFADIN	RIFAMPIN	VJT6J7R4TR	JQXXHWHPUNPDRT-WLSIYKJHSA-N	103	1989-05-25	AP	Prescription	true	2026-08-28	2026-08-31	2026-08-31	2026-08-31
064150	ANDA	001	EPIC PHARMA LLC	RIFAMPIN	RIFAMPIN	VJT6J7R4TR	JQXXHWHPUNPDRT-WLSIYKJHSA-N	103	1997-05-28	AP	Prescription	true	2026-08-28	2026-08-31	2026-08-31	2026-08-31
064150	ANDA	002	EPIC PHARMA LLC	RIFAMPIN	RIFAMPIN	VJT6J7R4TR	JQXXHWHPUNPDRT-WLSIYKJHSA-N	103	1997-05-28	AP	Prescription	true	2026-08-28	2026-08-31	2026-08-31	2026-08-31
064217	ANDA	001	HIKMA	RIFAMPIN	RIFAMPIN	VJT6J7R4TR	JQXXHWHPUNPDRT-WLSIYKJHSA-N	103	1999-10-29	AP	Prescription	true	2026-08-28	2026-08-31	2026-08-31	2026-08-31
065028	ANDA	001	HIKMA	RIFAMPIN	RIFAMPIN	VJT6J7R4TR	JQXXHWHPUNPDRT-WLSIYKJHSA-N	103	2001-03-14	AP	Discontinued	false	2026-08-28	2026-08-31	2026-08-31	2026-08-31
065028	ANDA	002	HIKMA	RIFAMPIN	RIFAMPIN	VJT6J7R4TR	JQXXHWHPUNPDRT-WLSIYKJHSA-N	103	2001-03-14	AP	Discontinued	false	2026-08-28	2026-08-31	2026-08-31	2026-08-31
065390	ANDA	001	CHARTWELL MOLECULAR	RIFAMPIN	RIFAMPIN	VJT6J7R4TR	JQXXHWHPUNPDRT-WLSIYKJHSA-N	103	2008-03-28	AP	Prescription	true	2026-08-28	2026-08-31	2026-08-31	2026-08-31
065390	ANDA	002	CHARTWELL MOLECULAR	RIFAMPIN	RIFAMPIN	VJT6J7R4TR	JQXXHWHPUNPDRT-WLSIYKJHSA-N	103	2008-03-28	AP	Prescription	true	2026-08-28	2026-08-31	2026-08-31	2026-08-31
065421	ANDA	001	MYLAN LABS LTD	RIFAMPIN	RIFAMPIN	VJT6J7R4TR	JQXXHWHPUNPDRT-WLSIYKJHSA-N	103	2008-05-22	AP	Prescription	true	2026-08-28	2026-08-31	2026-08-31	2026-08-31
065502	ANDA	001	EPIC PHARMA LLC	RIFAMPIN	RIFAMPIN	VJT6J7R4TR	JQXXHWHPUNPDRT-WLSIYKJHSA-N	103	2010-09-21	AP	Prescription	true	2026-08-28	2026-08-31	2026-08-31	2026-08-31
090034	ANDA	001	LUPIN PHARMS	RIFAMPIN	RIFAMPIN	VJT6J7R4TR	JQXXHWHPUNPDRT-WLSIYKJHSA-N	103	2013-08-21	AP	Prescription	true	2026-08-28	2026-08-31	2026-08-31	2026-08-31
090034	ANDA	002	LUPIN PHARMS	RIFAMPIN	RIFAMPIN	VJT6J7R4TR	JQXXHWHPUNPDRT-WLSIYKJHSA-N	103	2013-08-21	AP	Prescription	true	2026-08-28	2026-08-31	2026-08-31	2026-08-31
091181	ANDA	001	FRESENIUS KABI USA	RIFAMPIN	RIFAMPIN	VJT6J7R4TR	JQXXHWHPUNPDRT-WLSIYKJHSA-N	103	2014-08-21	AP	Prescription	true	2026-08-28	2026-08-31	2026-08-31	2026-08-31
204101	ANDA	001	AVET LIFESCIENCES	RIFAMPIN	RIFAMPIN	VJT6J7R4TR	JQXXHWHPUNPDRT-WLSIYKJHSA-N	103	2014-08-18	AP	Discontinued	false	2026-08-28	2026-08-31	2026-08-31	2026-08-31
205039	ANDA	001	HIKMA PHARMS	RIFAMPIN	RIFAMPIN	VJT6J7R4TR	JQXXHWHPUNPDRT-WLSIYKJHSA-N	103	2016-03-03	AP	Prescription	true	2026-08-28	2026-08-31	2026-08-31	2026-08-31
206736	ANDA	001	WATSON PHARMS TEVA	RIFAMPIN	RIFAMPIN	VJT6J7R4TR	JQXXHWHPUNPDRT-WLSIYKJHSA-N	103	2016-01-19	AP	Discontinued	false	2026-08-28	2026-08-31	2026-08-31	2026-08-31
219918	ANDA	001	NOVITIUM PHARMA	RIFAMPIN	RIFAMPIN	VJT6J7R4TR	JQXXHWHPUNPDRT-WLSIYKJHSA-N	103	2026-06-29	AP	Prescription	true	2026-08-28	2026-08-31	2026-08-31	2026-08-31
219918	ANDA	002	NOVITIUM PHARMA	RIFAMPIN	RIFAMPIN	VJT6J7R4TR	JQXXHWHPUNPDRT-WLSIYKJHSA-N	103	2026-06-29	AP	Prescription	true	2026-08-28	2026-08-31	2026-08-31	2026-08-31
020564	NDA	001	VIIV HLTHCARE	EPIVIR	LAMIVUDINE	2T8Q726O95	JTEGQNOMFQHVDC-NKWVEPMBSA-N	71	1995-11-17	AP	Prescription	true	2026-08-28	2026-08-31	2026-08-31	2026-08-31
020564	NDA	003	VIIV HLTHCARE	EPIVIR	LAMIVUDINE	2T8Q726O95	JTEGQNOMFQHVDC-NKWVEPMBSA-N	71	1995-11-17	AP	Prescription	true	2026-08-28	2026-08-31	2026-08-31	2026-08-31
020596	NDA	001	VIIV HLTHCARE	EPIVIR	LAMIVUDINE	2T8Q726O95	JTEGQNOMFQHVDC-NKWVEPMBSA-N	71	1995-11-17	AP	Prescription	true	2026-08-28	2026-08-31	2026-08-31	2026-08-31
021003	NDA	001	GLAXOSMITHKLINE	EPIVIR-HBV	LAMIVUDINE	2T8Q726O95	JTEGQNOMFQHVDC-NKWVEPMBSA-N	71	1998-12-08	AP	Discontinued	false	2026-08-28	2026-08-31	2026-08-31	2026-08-31
021004	NDA	001	GLAXOSMITHKLINE	EPIVIR-HBV	LAMIVUDINE	2T8Q726O95	JTEGQNOMFQHVDC-NKWVEPMBSA-N	71	1998-12-08	AP	Discontinued	false	2026-08-28	2026-08-31	2026-08-31	2026-08-31
077221	ANDA	001	CIPLA	LAMIVUDINE	LAMIVUDINE	2T8Q726O95	JTEGQNOMFQHVDC-NKWVEPMBSA-N	71	2017-03-03	AP	Prescription	true	2026-08-28	2026-08-31	2026-08-31	2026-08-31
077221	ANDA	002	CIPLA	LAMIVUDINE	LAMIVUDINE	2T8Q726O95	JTEGQNOMFQHVDC-NKWVEPMBSA-N	71	2017-03-03	AP	Prescription	true	2026-08-28	2026-08-31	2026-08-31	2026-08-31
077464	ANDA	001	AUROBINDO PHARMA	LAMIVUDINE	LAMIVUDINE	2T8Q726O95	JTEGQNOMFQHVDC-NKWVEPMBSA-N	71	2016-11-21	AP	Prescription	true	2026-08-28	2026-08-31	2026-08-31	2026-08-31
077464	ANDA	002	AUROBINDO PHARMA	LAMIVUDINE	LAMIVUDINE	2T8Q726O95	JTEGQNOMFQHVDC-NKWVEPMBSA-N	71	2016-11-21	AP	Prescription	true	2026-08-28	2026-08-31	2026-08-31	2026-08-31
077695	ANDA	001	AUROBINDO PHARMA	LAMIVUDINE	LAMIVUDINE	2T8Q726O95	JTEGQNOMFQHVDC-NKWVEPMBSA-N	71	2016-11-21	AP	Prescription	true	2026-08-28	2026-08-31	2026-08-31	2026-08-31
078545	ANDA	001	PHARMOBEDIENT	LAMIVUDINE	LAMIVUDINE	2T8Q726O95	JTEGQNOMFQHVDC-NKWVEPMBSA-N	71	2019-03-05	AP	Discontinued	false	2026-08-28	2026-08-31	2026-08-31	2026-08-31
078545	ANDA	002	PHARMOBEDIENT	LAMIVUDINE	LAMIVUDINE	2T8Q726O95	JTEGQNOMFQHVDC-NKWVEPMBSA-N	71	2019-03-05	AP	Discontinued	false	2026-08-28	2026-08-31	2026-08-31	2026-08-31
090198	ANDA	001	MACLEODS PHARMS	LAMIVUDINE	LAMIVUDINE	2T8Q726O95	JTEGQNOMFQHVDC-NKWVEPMBSA-N	71	2019-05-01	AP	Prescription	true	2026-08-28	2026-08-31	2026-08-31	2026-08-31
090198	ANDA	002	MACLEODS PHARMS	LAMIVUDINE	LAMIVUDINE	2T8Q726O95	JTEGQNOMFQHVDC-NKWVEPMBSA-N	71	2019-05-01	AP	Prescription	true	2026-08-28	2026-08-31	2026-08-31	2026-08-31
090457	ANDA	001	STRIDES PHARMA	LAMIVUDINE	LAMIVUDINE	2T8Q726O95	JTEGQNOMFQHVDC-NKWVEPMBSA-N	71	2018-04-19	AP	Prescription	true	2026-08-28	2026-08-31	2026-08-31	2026-08-31
090457	ANDA	002	STRIDES PHARMA	LAMIVUDINE	LAMIVUDINE	2T8Q726O95	JTEGQNOMFQHVDC-NKWVEPMBSA-N	71	2018-04-19	AP	Prescription	true	2026-08-28	2026-08-31	2026-08-31	2026-08-31
091475	ANDA	001	HETERO LABS LTD III	LAMIVUDINE	LAMIVUDINE	2T8Q726O95	JTEGQNOMFQHVDC-NKWVEPMBSA-N	71	2023-10-06	AP	Prescription	true	2026-08-28	2026-08-31	2026-08-31	2026-08-31
091606	ANDA	001	APOTEX	LAMIVUDINE	LAMIVUDINE	2T8Q726O95	JTEGQNOMFQHVDC-NKWVEPMBSA-N	71	2011-12-02	AP	Prescription	true	2026-08-28	2026-08-31	2026-08-31	2026-08-31
091606	ANDA	002	APOTEX	LAMIVUDINE	LAMIVUDINE	2T8Q726O95	JTEGQNOMFQHVDC-NKWVEPMBSA-N	71	2011-12-02	AP	Prescription	true	2026-08-28	2026-08-31	2026-08-31	2026-08-31
202032	ANDA	001	AUROBINDO PHARMA LTD	LAMIVUDINE	LAMIVUDINE	2T8Q726O95	JTEGQNOMFQHVDC-NKWVEPMBSA-N	71	2011-11-17	AP	Discontinued	false	2026-08-28	2026-08-31	2026-08-31	2026-08-31
202032	ANDA	002	AUROBINDO PHARMA LTD	LAMIVUDINE	LAMIVUDINE	2T8Q726O95	JTEGQNOMFQHVDC-NKWVEPMBSA-N	71	2011-11-17	AP	Discontinued	false	2026-08-28	2026-08-31	2026-08-31	2026-08-31
202941	ANDA	001	APOTEX	LAMIVUDINE	LAMIVUDINE	2T8Q726O95	JTEGQNOMFQHVDC-NKWVEPMBSA-N	71	2014-01-02	AP	Prescription	true	2026-08-28	2026-08-31	2026-08-31	2026-08-31
203260	ANDA	001	HETERO LABS LTD V	LAMIVUDINE	LAMIVUDINE	2T8Q726O95	JTEGQNOMFQHVDC-NKWVEPMBSA-N	71	2014-01-02	AP	Prescription	true	2026-08-28	2026-08-31	2026-08-31	2026-08-31
203277	ANDA	001	HETERO LABS LTD V	LAMIVUDINE	LAMIVUDINE	2T8Q726O95	JTEGQNOMFQHVDC-NKWVEPMBSA-N	71	2014-01-06	AP	Prescription	true	2026-08-28	2026-08-31	2026-08-31	2026-08-31
203277	ANDA	002	HETERO LABS LTD V	LAMIVUDINE	LAMIVUDINE	2T8Q726O95	JTEGQNOMFQHVDC-NKWVEPMBSA-N	71	2014-01-06	AP	Prescription	true	2026-08-28	2026-08-31	2026-08-31	2026-08-31
203564	ANDA	001	CHARTWELL MOLECULAR	LAMIVUDINE	LAMIVUDINE	2T8Q726O95	JTEGQNOMFQHVDC-NKWVEPMBSA-N	71	2014-10-31	AP	Prescription	true	2026-08-28	2026-08-31	2026-08-31	2026-08-31
203586	ANDA	001	BRECKENRIDGE	LAMIVUDINE	LAMIVUDINE	2T8Q726O95	JTEGQNOMFQHVDC-NKWVEPMBSA-N	71	2016-11-21	AP	Discontinued	false	2026-08-28	2026-08-31	2026-08-31	2026-08-31
204002	ANDA	001	AUROBINDO PHARMA USA	LAMIVUDINE	LAMIVUDINE	2T8Q726O95	JTEGQNOMFQHVDC-NKWVEPMBSA-N	71	2014-12-31	AP	Discontinued	false	2026-08-28	2026-08-31	2026-08-31	2026-08-31
204528	ANDA	001	NATCO	LAMIVUDINE	LAMIVUDINE	2T8Q726O95	JTEGQNOMFQHVDC-NKWVEPMBSA-N	71	2016-03-04	AP	Discontinued	false	2026-08-28	2026-08-31	2026-08-31	2026-08-31
204528	ANDA	002	NATCO	LAMIVUDINE	LAMIVUDINE	2T8Q726O95	JTEGQNOMFQHVDC-NKWVEPMBSA-N	71	2016-03-04	AP	Discontinued	false	2026-08-28	2026-08-31	2026-08-31	2026-08-31
205217	ANDA	001	LUPIN	LAMIVUDINE	LAMIVUDINE	2T8Q726O95	JTEGQNOMFQHVDC-NKWVEPMBSA-N	71	2014-12-18	AP	Discontinued	false	2026-08-28	2026-08-31	2026-08-31	2026-08-31
205217	ANDA	002	LUPIN	LAMIVUDINE	LAMIVUDINE	2T8Q726O95	JTEGQNOMFQHVDC-NKWVEPMBSA-N	71	2014-12-18	AP	Discontinued	false	2026-08-28	2026-08-31	2026-08-31	2026-08-31
206974	ANDA	001	SOMERSET THERAPS LLC	LAMIVUDINE	LAMIVUDINE	2T8Q726O95	JTEGQNOMFQHVDC-NKWVEPMBSA-N	71	2016-11-21	AP	Prescription	true	2026-08-28	2026-08-31	2026-08-31	2026-08-31
206974	ANDA	002	SOMERSET THERAPS LLC	LAMIVUDINE	LAMIVUDINE	2T8Q726O95	JTEGQNOMFQHVDC-NKWVEPMBSA-N	71	2016-11-21	AP	Prescription	true	2026-08-28	2026-08-31	2026-08-31	2026-08-31
211306	ANDA	001	ANNORA	LAMIVUDINE	LAMIVUDINE	2T8Q726O95	JTEGQNOMFQHVDC-NKWVEPMBSA-N	71	2019-03-21	AP	Prescription	true	2026-08-28	2026-08-31	2026-08-31	2026-08-31
203093	NDA	001	GILEAD SCIENCES INC	VITEKTA	ELVITEGRAVIR	4GDQ854U53	JUZYLCPPVHEVSV-LJQANCHMSA-N	53	2014-09-24	AP	Discontinued	false	2026-08-28	2026-08-31	2026-08-31	2026-08-31
203093	NDA	002	GILEAD SCIENCES INC	VITEKTA	ELVITEGRAVIR	4GDQ854U53	JUZYLCPPVHEVSV-LJQANCHMSA-N	53	2014-09-24	AP	Discontinued	false	2026-08-28	2026-08-31	2026-08-31	2026-08-31
209363	NDA	001	EVOFEM INC	SOLOSEC	SECNIDAZOLE	R3459K699K	KPQZUUQMTUIKBP-UHFFFAOYSA-N	33	2017-09-15	AP	Prescription	true	2026-08-28	2026-08-31	2026-08-31	2026-08-31
020259	NDA	001	GLAXOSMITHKLINE LLC	MEPRON	ATOVAQUONE	Y883P1Z2LT	KUCQYCKVKVOKAY-CTYIDZIISA-N	57	1992-11-25	AP	Discontinued	false	2026-08-28	2026-08-31	2026-08-31	2026-08-31
020500	NDA	001	GLAXOSMITHKLINE LLC	MEPRON	ATOVAQUONE	Y883P1Z2LT	KUCQYCKVKVOKAY-CTYIDZIISA-N	57	1995-02-08	AP	Prescription	true	2026-08-28	2026-08-31	2026-08-31	2026-08-31
202960	ANDA	001	AMNEAL PHARMS	ATOVAQUONE	ATOVAQUONE	Y883P1Z2LT	KUCQYCKVKVOKAY-CTYIDZIISA-N	57	2014-03-18	AP	Prescription	true	2026-08-28	2026-08-31	2026-08-31	2026-08-31
207833	ANDA	001	CHARTWELL RX	ATOVAQUONE	ATOVAQUONE	Y883P1Z2LT	KUCQYCKVKVOKAY-CTYIDZIISA-N	57	2017-04-28	AP	Prescription	true	2026-08-28	2026-08-31	2026-08-31	2026-08-31
209105	ANDA	001	LUPIN	ATOVAQUONE	ATOVAQUONE	Y883P1Z2LT	KUCQYCKVKVOKAY-CTYIDZIISA-N	57	2018-09-11	AP	Discontinued	false	2026-08-28	2026-08-31	2026-08-31	2026-08-31
209685	ANDA	001	GLENMARK SPECLT	ATOVAQUONE	ATOVAQUONE	Y883P1Z2LT	KUCQYCKVKVOKAY-CTYIDZIISA-N	57	2018-11-21	AP	Prescription	true	2026-08-28	2026-08-31	2026-08-31	2026-08-31
209750	ANDA	001	APOTEX	ATOVAQUONE	ATOVAQUONE	Y883P1Z2LT	KUCQYCKVKVOKAY-CTYIDZIISA-N	57	2017-10-11	AP	Discontinued	false	2026-08-28	2026-08-31	2026-08-31	2026-08-31
210510	ANDA	001	ABHAI LLC	ATOVAQUONE	ATOVAQUONE	Y883P1Z2LT	KUCQYCKVKVOKAY-CTYIDZIISA-N	57	2019-05-31	AP	Prescription	true	2026-08-28	2026-08-31	2026-08-31	2026-08-31
210692	ANDA	001	HETERO LABS LTD III	ATOVAQUONE	ATOVAQUONE	Y883P1Z2LT	KUCQYCKVKVOKAY-CTYIDZIISA-N	57	2018-10-11	AP	Prescription	true	2026-08-28	2026-08-31	2026-08-31	2026-08-31
212918	ANDA	001	BIONPHARMA	ATOVAQUONE	ATOVAQUONE	Y883P1Z2LT	KUCQYCKVKVOKAY-CTYIDZIISA-N	57	2021-03-30	AP	Prescription	true	2026-08-28	2026-08-31	2026-08-31	2026-08-31
214272	ANDA	001	PAI HOLDINGS	ATOVAQUONE	ATOVAQUONE	Y883P1Z2LT	KUCQYCKVKVOKAY-CTYIDZIISA-N	57	2021-10-25	AP	Prescription	true	2026-08-28	2026-08-31	2026-08-31	2026-08-31
020013	NDA	001	PHARMACIA	MAXAQUIN	LOMEFLOXACIN HYDROCHLORIDE	9VC7S3ZXXB	KXEBLAPZMOQCKO-UHFFFAOYSA-N	18	1992-02-21	AP	Discontinued	false	2026-08-28	2026-08-31	2026-08-31	2026-08-31
202022	NDA	001	JANSSEN PRODS	EDURANT	RILPIVIRINE HYDROCHLORIDE	212WAX8KDD	KZVVGZKAVZUACK-BJILWQEISA-N	85	2011-05-20	AP	Prescription	true	2026-08-28	2026-08-31	2026-08-31	2026-08-31
218798	ANDA	001	SOMERSET THERAPS LLC	RILPIVIRINE HYDROCHLORIDE	RILPIVIRINE HYDROCHLORIDE	212WAX8KDD	KZVVGZKAVZUACK-BJILWQEISA-N	85	2026-01-29	AP	Prescription	true	2026-08-28	2026-08-31	2026-08-31	2026-08-31
219016	NDA	001	JANSSEN PRODS	EDURANT PED	RILPIVIRINE HYDROCHLORIDE	212WAX8KDD	KZVVGZKAVZUACK-BJILWQEISA-N	85	2024-03-15	AP	Prescription	true	2026-08-28	2026-08-31	2026-08-31	2026-08-31
219788	ANDA	001	LAURUS	RILPIVIRINE HYDROCHLORIDE	RILPIVIRINE HYDROCHLORIDE	212WAX8KDD	KZVVGZKAVZUACK-BJILWQEISA-N	85	2026-07-10	AP	Prescription	true	2026-08-28	2026-08-31	2026-08-31	2026-08-31
204427	NDA	001	ANACOR PHARMS INC	KERYDIN	TAVABOROLE	K124A4EUQ3	LFQDNHWZDQTITF-UHFFFAOYSA-N	42	2014-07-07	AP	Discontinued	false	2026-08-28	2026-08-31	2026-08-31	2026-08-31
211297	ANDA	001	ENCUBE	TAVABOROLE	TAVABOROLE	K124A4EUQ3	LFQDNHWZDQTITF-UHFFFAOYSA-N	42	2020-10-13	AP	Prescription	true	2026-08-28	2026-08-31	2026-08-31	2026-08-31
211848	ANDA	001	PADAGIS US	TAVABOROLE	TAVABOROLE	K124A4EUQ3	LFQDNHWZDQTITF-UHFFFAOYSA-N	42	2020-10-13	AP	Discontinued	false	2026-08-28	2026-08-31	2026-08-31	2026-08-31
211963	ANDA	001	CHARTWELL RX	TAVABOROLE	TAVABOROLE	K124A4EUQ3	LFQDNHWZDQTITF-UHFFFAOYSA-N	42	2021-02-03	AP	Prescription	true	2026-08-28	2026-08-31	2026-08-31	2026-08-31
212168	ANDA	001	LUPIN	TAVABOROLE	TAVABOROLE	K124A4EUQ3	LFQDNHWZDQTITF-UHFFFAOYSA-N	42	2021-02-08	AP	Discontinued	false	2026-08-28	2026-08-31	2026-08-31	2026-08-31
212188	ANDA	001	ALEMBIC	TAVABOROLE	TAVABOROLE	K124A4EUQ3	LFQDNHWZDQTITF-UHFFFAOYSA-N	42	2020-10-21	AP	Prescription	true	2026-08-28	2026-08-31	2026-08-31	2026-08-31
212215	ANDA	001	SUN PHARMA CANADA	TAVABOROLE	TAVABOROLE	K124A4EUQ3	LFQDNHWZDQTITF-UHFFFAOYSA-N	42	2021-05-07	AP	Discontinued	false	2026-08-28	2026-08-31	2026-08-31	2026-08-31
212224	ANDA	001	CIPLA	TAVABOROLE	TAVABOROLE	K124A4EUQ3	LFQDNHWZDQTITF-UHFFFAOYSA-N	42	2021-02-09	AP	Discontinued	false	2026-08-28	2026-08-31	2026-08-31	2026-08-31
212256	ANDA	001	AMNEAL	TAVABOROLE	TAVABOROLE	K124A4EUQ3	LFQDNHWZDQTITF-UHFFFAOYSA-N	42	2020-11-25	AP	Discontinued	false	2026-08-28	2026-08-31	2026-08-31	2026-08-31
212294	ANDA	001	ZYDUS LIFESCIENCES	TAVABOROLE	TAVABOROLE	K124A4EUQ3	LFQDNHWZDQTITF-UHFFFAOYSA-N	42	2023-04-10	AP	Prescription	true	2026-08-28	2026-08-31	2026-08-31	2026-08-31
207987	NDA	001	BPI LABS	ABLYSINOL	DEHYDRATED ALCOHOL	3K9958V90M	LFQSCWFLJHTTHZ-UHFFFAOYSA-N	72	2018-06-21	AP	Discontinued	false	2026-08-28	2026-08-31	2026-08-31	2026-08-31
207987	NDA	002	BPI LABS	ABLYSINOL	DEHYDRATED ALCOHOL	3K9958V90M	LFQSCWFLJHTTHZ-UHFFFAOYSA-N	72	2018-06-21	AP	Prescription	true	2026-08-28	2026-08-31	2026-08-31	2026-08-31
214988	NDA	001	BE PHARMS	DEHYDRATED ALCOHOL	DEHYDRATED ALCOHOL	3K9958V90M	LFQSCWFLJHTTHZ-UHFFFAOYSA-N	72	2025-10-23	AP	Prescription	true	2026-08-28	2026-08-31	2026-08-31	2026-08-31
217845	ANDA	001	ACCORD HLTHCARE	DEHYDRATED ALCOHOL	DEHYDRATED ALCOHOL	3K9958V90M	LFQSCWFLJHTTHZ-UHFFFAOYSA-N	72	2025-06-23	AP	Prescription	true	2026-08-28	2026-08-31	2026-08-31	2026-08-31
219400	ANDA	001	XGEN PHARMS	DEHYDRATED ALCOHOL	DEHYDRATED ALCOHOL	3K9958V90M	LFQSCWFLJHTTHZ-UHFFFAOYSA-N	72	2025-06-23	AP	Prescription	true	2026-08-28	2026-08-31	2026-08-31	2026-08-31
219444	ANDA	001	BRECKENRIDGE	DEHYDRATED ALCOHOL	DEHYDRATED ALCOHOL	3K9958V90M	LFQSCWFLJHTTHZ-UHFFFAOYSA-N	72	2025-06-23	AP	Prescription	true	2026-08-28	2026-08-31	2026-08-31	2026-08-31
219569	ANDA	001	INGENUS PHARMS LLC	DEHYDRATED ALCOHOL	DEHYDRATED ALCOHOL	3K9958V90M	LFQSCWFLJHTTHZ-UHFFFAOYSA-N	72	2025-07-09	AP	Prescription	true	2026-08-28	2026-08-31	2026-08-31	2026-08-31
202258	NDA	001	MERCK SHARP DOHME	VICTRELIS	BOCEPREVIR	89BT58KELH	LHHCSNFAOIFYRV-DOVBMPENSA-N	53	2011-05-13	AP	Discontinued	false	2026-08-28	2026-08-31	2026-08-31	2026-08-31
217513	NDA	002	NOVARTIS	MEKINIST	TRAMETINIB	33E86K87QN	LIRYPHYGHXZJBZ-UHFFFAOYSA-N	85	2023-03-16	AP	Prescription	true	2026-08-28	2026-08-31	2026-08-31	2026-08-31
217513	NDA	003	NOVARTIS	MEKINIST	TRAMETINIB	33E86K87QN	LIRYPHYGHXZJBZ-UHFFFAOYSA-N	85	2023-03-16	AP	Prescription	true	2026-08-28	2026-08-31	2026-08-31	2026-08-31
020524	NDA	001	PHARMOBEDIENT	MENTAX	BUTENAFINE HYDROCHLORIDE	R8XA2029ZI	LJBSAUIFGPSHCN-UHFFFAOYSA-N	17	1996-10-18	AP	Discontinued	false	2026-08-28	2026-08-31	2026-08-31	2026-08-31
020663	NDA	001	MYLAN BERTEK	MENTAX	BUTENAFINE HYDROCHLORIDE	R8XA2029ZI	LJBSAUIFGPSHCN-UHFFFAOYSA-N	17	1996-12-31	AP	Prescription	true	2026-08-28	2026-08-31	2026-08-31	2026-08-31
021307	NDA	001	BAYER HEALTHCARE LLC	LOTRIMIN ULTRA	BUTENAFINE HYDROCHLORIDE	R8XA2029ZI	LJBSAUIFGPSHCN-UHFFFAOYSA-N	17	2001-12-07	AP	Over-the-counter	true	2026-08-28	2026-08-31	2026-08-31	2026-08-31
021408	NDA	001	PHARMOBEDIENT	MENTAX-TC	BUTENAFINE HYDROCHLORIDE	R8XA2029ZI	LJBSAUIFGPSHCN-UHFFFAOYSA-N	17	2002-10-17	AP	Discontinued	false	2026-08-28	2026-08-31	2026-08-31	2026-08-31
205181	ANDA	001	SUN PHARMA CANADA	BUTENAFINE HYDROCHLORIDE	BUTENAFINE HYDROCHLORIDE	R8XA2029ZI	LJBSAUIFGPSHCN-UHFFFAOYSA-N	17	2017-11-16	AP	Over-the-counter	true	2026-08-28	2026-08-31	2026-08-31	2026-08-31
060521	ANDA	001	PARKEDALE	HUMATIN	PAROMOMYCIN SULFATE	845NU6GJPS	LJRDOKAZOAKLDU-UDXJMMFXSA-N	35	1969-03-24	AP	Discontinued	false	2026-08-28	2026-08-31	2026-08-31	2026-08-31
062310	ANDA	001	KING PFIZER	HUMATIN	PAROMOMYCIN SULFATE	845NU6GJPS	LJRDOKAZOAKLDU-UDXJMMFXSA-N	35	1981-01-05	AP	Discontinued	false	2026-08-28	2026-08-31	2026-08-31	2026-08-31
064171	ANDA	001	SUN PHARM INDS INC	PAROMOMYCIN SULFATE	PAROMOMYCIN SULFATE	845NU6GJPS	LJRDOKAZOAKLDU-UDXJMMFXSA-N	35	1997-06-30	AP	Discontinued	false	2026-08-28	2026-08-31	2026-08-31	2026-08-31
065173	ANDA	001	HERITAGE	PAROMOMYCIN SULFATE	PAROMOMYCIN SULFATE	845NU6GJPS	LJRDOKAZOAKLDU-UDXJMMFXSA-N	35	2007-12-14	AP	Prescription	true	2026-08-28	2026-08-31	2026-08-31	2026-08-31
021144	NDA	001	SANOFI AVENTIS US	KETEK	TELITHROMYCIN	KI8H7H19WL	LJVAJPDWBABPEJ-PNUFFHFMSA-N	46	2004-04-01	AP	Discontinued	false	2026-08-28	2026-08-31	2026-08-31	2026-08-31
021144	NDA	002	SANOFI AVENTIS US	KETEK	TELITHROMYCIN	KI8H7H19WL	LJVAJPDWBABPEJ-PNUFFHFMSA-N	46	2004-04-01	AP	Discontinued	false	2026-08-28	2026-08-31	2026-08-31	2026-08-31
012265	NDA	001	SCHERING	NAQUA	TRICHLORMETHIAZIDE	Q58C92TUN0	LMJSLTNSBFUCMU-UHFFFAOYSA-N	29	1960-03-09	AP	Discontinued	false	2026-08-28	2026-08-31	2026-08-31	2026-08-31
012265	NDA	002	SCHERING	NAQUA	TRICHLORMETHIAZIDE	Q58C92TUN0	LMJSLTNSBFUCMU-UHFFFAOYSA-N	29	1960-03-09	AP	Discontinued	false	2026-08-28	2026-08-31	2026-08-31	2026-08-31
083436	ANDA	001	LANNETT	TRICHLOREX	TRICHLORMETHIAZIDE	Q58C92TUN0	LMJSLTNSBFUCMU-UHFFFAOYSA-N	29	1980-08-11	AP	Discontinued	false	2026-08-28	2026-08-31	2026-08-31	2026-08-31
083847	ANDA	001	WATSON LABS	TRICHLORMETHIAZIDE	TRICHLORMETHIAZIDE	Q58C92TUN0	LMJSLTNSBFUCMU-UHFFFAOYSA-N	29	1978-02-06	AP	Discontinued	false	2026-08-28	2026-08-31	2026-08-31	2026-08-31
083855	ANDA	001	WATSON LABS	TRICHLORMETHIAZIDE	TRICHLORMETHIAZIDE	Q58C92TUN0	LMJSLTNSBFUCMU-UHFFFAOYSA-N	29	1977-12-02	AP	Discontinued	false	2026-08-28	2026-08-31	2026-08-31	2026-08-31
085568	ANDA	001	CHARTWELL RX	TRICHLORMETHIAZIDE	TRICHLORMETHIAZIDE	Q58C92TUN0	LMJSLTNSBFUCMU-UHFFFAOYSA-N	29	1977-10-05	AP	Discontinued	false	2026-08-28	2026-08-31	2026-08-31	2026-08-31
085630	ANDA	001	LANNETT	TRICHLOREX	TRICHLORMETHIAZIDE	Q58C92TUN0	LMJSLTNSBFUCMU-UHFFFAOYSA-N	29	1977-05-16	AP	Discontinued	false	2026-08-28	2026-08-31	2026-08-31	2026-08-31
086171	ANDA	001	SANDOZ	TRICHLORMETHIAZIDE	TRICHLORMETHIAZIDE	Q58C92TUN0	LMJSLTNSBFUCMU-UHFFFAOYSA-N	29	1994-09-16	AP	Discontinued	false	2026-08-28	2026-08-31	2026-08-31	2026-08-31
086458	ANDA	001	WATSON LABS	TRICHLORMETHIAZIDE	TRICHLORMETHIAZIDE	Q58C92TUN0	LMJSLTNSBFUCMU-UHFFFAOYSA-N	29	1978-10-31	AP	Discontinued	false	2026-08-28	2026-08-31	2026-08-31	2026-08-31
087005	ANDA	001	PAR PHARM	TRICHLORMETHIAZIDE	TRICHLORMETHIAZIDE	Q58C92TUN0	LMJSLTNSBFUCMU-UHFFFAOYSA-N	29	1981-02-06	AP	Discontinued	false	2026-08-28	2026-08-31	2026-08-31	2026-08-31
087007	ANDA	001	PAR PHARM	TRICHLORMETHIAZIDE	TRICHLORMETHIAZIDE	Q58C92TUN0	LMJSLTNSBFUCMU-UHFFFAOYSA-N	29	1981-02-06	AP	Discontinued	false	2026-08-28	2026-08-31	2026-08-31	2026-08-31
203922	NDA	001	HOPE PHARMS	SODIUM NITRITE	SODIUM NITRITE	M0KG633D4F	LPXPTNMVRIOKMN-UHFFFAOYSA-M	44	2012-02-14	AP	Prescription	true	2026-08-28	2026-08-31	2026-08-31	2026-08-31
050336	NDA	002	PFIZER	TAO	TROLEANDOMYCIN	C4DZ64560D	LQCLVBQBTUVCEQ-QTFUVMRISA-N	20	1969-05-27	AP	Discontinued	false	2026-08-28	2026-08-31	2026-08-31	2026-08-31
050679	NDA	001	HOSPIRA INC	MAXIPIME	CEFEPIME HYDROCHLORIDE	I8X1O0607P	LRAJHPGSGBRUJN-OMIVUECESA-N	32	1996-01-18	AP	Discontinued	false	2026-08-28	2026-08-31	2026-08-31	2026-08-31
050679	NDA	002	HOSPIRA INC	MAXIPIME	CEFEPIME HYDROCHLORIDE	I8X1O0607P	LRAJHPGSGBRUJN-OMIVUECESA-N	32	1996-01-18	AP	Discontinued	false	2026-08-28	2026-08-31	2026-08-31	2026-08-31
050679	NDA	003	HOSPIRA INC	MAXIPIME	CEFEPIME HYDROCHLORIDE	I8X1O0607P	LRAJHPGSGBRUJN-OMIVUECESA-N	32	1996-01-18	AP	Discontinued	false	2026-08-28	2026-08-31	2026-08-31	2026-08-31
050817	NDA	001	BAXTER HLTHCARE	CEFEPIME IN PLASTIC CONTAINER	CEFEPIME HYDROCHLORIDE	I8X1O0607P	LRAJHPGSGBRUJN-OMIVUECESA-N	32	2008-08-05	AP	Prescription	true	2026-08-28	2026-08-31	2026-08-31	2026-08-31
050817	NDA	002	BAXTER HLTHCARE	CEFEPIME IN PLASTIC CONTAINER	CEFEPIME HYDROCHLORIDE	I8X1O0607P	LRAJHPGSGBRUJN-OMIVUECESA-N	32	2008-08-05	AP	Prescription	true	2026-08-28	2026-08-31	2026-08-31	2026-08-31
050821	NDA	001	B BRAUN	CEFEPIME AND DEXTROSE IN DUPLEX CONTAINER	CEFEPIME HYDROCHLORIDE	I8X1O0607P	LRAJHPGSGBRUJN-OMIVUECESA-N	32	2010-05-06	AP	Prescription	true	2026-08-28	2026-08-31	2026-08-31	2026-08-31
050821	NDA	002	B BRAUN	CEFEPIME AND DEXTROSE IN DUPLEX CONTAINER	CEFEPIME HYDROCHLORIDE	I8X1O0607P	LRAJHPGSGBRUJN-OMIVUECESA-N	32	2010-05-06	AP	Prescription	true	2026-08-28	2026-08-31	2026-08-31	2026-08-31
065369	ANDA	001	HOSPIRA INC	CEFEPIME HYDROCHLORIDE	CEFEPIME HYDROCHLORIDE	I8X1O0607P	LRAJHPGSGBRUJN-OMIVUECESA-N	32	2007-06-18	AP	Discontinued	false	2026-08-28	2026-08-31	2026-08-31	2026-08-31
065369	ANDA	002	HOSPIRA INC	CEFEPIME HYDROCHLORIDE	CEFEPIME HYDROCHLORIDE	I8X1O0607P	LRAJHPGSGBRUJN-OMIVUECESA-N	32	2007-06-18	AP	Discontinued	false	2026-08-28	2026-08-31	2026-08-31	2026-08-31
065369	ANDA	003	HOSPIRA INC	CEFEPIME HYDROCHLORIDE	CEFEPIME HYDROCHLORIDE	I8X1O0607P	LRAJHPGSGBRUJN-OMIVUECESA-N	32	2007-06-18	AP	Discontinued	false	2026-08-28	2026-08-31	2026-08-31	2026-08-31
065441	ANDA	001	ACS DOBFAR	CEFEPIME HYDROCHLORIDE	CEFEPIME HYDROCHLORIDE	I8X1O0607P	LRAJHPGSGBRUJN-OMIVUECESA-N	32	2008-03-20	AP	Prescription	true	2026-08-28	2026-08-31	2026-08-31	2026-08-31
065441	ANDA	002	ACS DOBFAR	CEFEPIME HYDROCHLORIDE	CEFEPIME HYDROCHLORIDE	I8X1O0607P	LRAJHPGSGBRUJN-OMIVUECESA-N	32	2008-03-20	AP	Prescription	true	2026-08-28	2026-08-31	2026-08-31	2026-08-31
090291	ANDA	001	CHARTWELL RX	CEFEPIME HYDROCHLORIDE	CEFEPIME HYDROCHLORIDE	I8X1O0607P	LRAJHPGSGBRUJN-OMIVUECESA-N	32	2010-12-21	AP	Discontinued	false	2026-08-28	2026-08-31	2026-08-31	2026-08-31
090291	ANDA	002	CHARTWELL RX	CEFEPIME HYDROCHLORIDE	CEFEPIME HYDROCHLORIDE	I8X1O0607P	LRAJHPGSGBRUJN-OMIVUECESA-N	32	2010-12-21	AP	Discontinued	false	2026-08-28	2026-08-31	2026-08-31	2026-08-31
090291	ANDA	003	CHARTWELL RX	CEFEPIME HYDROCHLORIDE	CEFEPIME HYDROCHLORIDE	I8X1O0607P	LRAJHPGSGBRUJN-OMIVUECESA-N	32	2010-12-21	AP	Discontinued	false	2026-08-28	2026-08-31	2026-08-31	2026-08-31
091048	ANDA	001	SAGENT PHARMS INC	CEFEPIME HYDROCHLORIDE	CEFEPIME HYDROCHLORIDE	I8X1O0607P	LRAJHPGSGBRUJN-OMIVUECESA-N	32	2017-01-04	AP	Prescription	true	2026-08-28	2026-08-31	2026-08-31	2026-08-31
091048	ANDA	002	SAGENT PHARMS INC	CEFEPIME HYDROCHLORIDE	CEFEPIME HYDROCHLORIDE	I8X1O0607P	LRAJHPGSGBRUJN-OMIVUECESA-N	32	2017-01-04	AP	Prescription	true	2026-08-28	2026-08-31	2026-08-31	2026-08-31
202268	ANDA	001	HOSPIRA INC	CEFEPIME HYDROCHLORIDE	CEFEPIME HYDROCHLORIDE	I8X1O0607P	LRAJHPGSGBRUJN-OMIVUECESA-N	32	2012-07-30	AP	Discontinued	false	2026-08-28	2026-08-31	2026-08-31	2026-08-31
202268	ANDA	002	HOSPIRA INC	CEFEPIME HYDROCHLORIDE	CEFEPIME HYDROCHLORIDE	I8X1O0607P	LRAJHPGSGBRUJN-OMIVUECESA-N	32	2012-07-30	AP	Discontinued	false	2026-08-28	2026-08-31	2026-08-31	2026-08-31
203704	ANDA	001	QILU ANTIBIOTICS	CEFEPIME HYDROCHLORIDE	CEFEPIME HYDROCHLORIDE	I8X1O0607P	LRAJHPGSGBRUJN-OMIVUECESA-N	32	2016-02-01	AP	Prescription	true	2026-08-28	2026-08-31	2026-08-31	2026-08-31
203704	ANDA	002	QILU ANTIBIOTICS	CEFEPIME HYDROCHLORIDE	CEFEPIME HYDROCHLORIDE	I8X1O0607P	LRAJHPGSGBRUJN-OMIVUECESA-N	32	2016-02-01	AP	Prescription	true	2026-08-28	2026-08-31	2026-08-31	2026-08-31
203704	ANDA	003	QILU ANTIBIOTICS	CEFEPIME HYDROCHLORIDE	CEFEPIME HYDROCHLORIDE	I8X1O0607P	LRAJHPGSGBRUJN-OMIVUECESA-N	32	2016-02-01	AP	Prescription	true	2026-08-28	2026-08-31	2026-08-31	2026-08-31
209408	ANDA	001	SAMSON MEDCL	CEFEPIME HYDROCHLORIDE IN PLASTIC CONTAINER	CEFEPIME HYDROCHLORIDE	I8X1O0607P	LRAJHPGSGBRUJN-OMIVUECESA-N	32	2018-08-21	AP	Prescription	true	2026-08-28	2026-08-31	2026-08-31	2026-08-31
212721	ANDA	001	ASTRAL	CEFEPIME HYDROCHLORIDE	CEFEPIME HYDROCHLORIDE	I8X1O0607P	LRAJHPGSGBRUJN-OMIVUECESA-N	32	2020-07-21	AP	Discontinued	false	2026-08-28	2026-08-31	2026-08-31	2026-08-31
212721	ANDA	002	ASTRAL	CEFEPIME HYDROCHLORIDE	CEFEPIME HYDROCHLORIDE	I8X1O0607P	LRAJHPGSGBRUJN-OMIVUECESA-N	32	2020-07-21	AP	Discontinued	false	2026-08-28	2026-08-31	2026-08-31	2026-08-31
214402	ANDA	001	HIKMA	CEFEPIME HYDROCHLORIDE	CEFEPIME HYDROCHLORIDE	I8X1O0607P	LRAJHPGSGBRUJN-OMIVUECESA-N	32	2024-05-22	AP	Prescription	true	2026-08-28	2026-08-31	2026-08-31	2026-08-31
214402	ANDA	002	HIKMA	CEFEPIME HYDROCHLORIDE	CEFEPIME HYDROCHLORIDE	I8X1O0607P	LRAJHPGSGBRUJN-OMIVUECESA-N	32	2024-05-22	AP	Prescription	true	2026-08-28	2026-08-31	2026-08-31	2026-08-31
050674	NDA	001	PFIZER	VANTIN	CEFPODOXIME PROXETIL	2TB00A1Z7N	LTINZAODLRIQIX-FBXRGJNPSA-N	38	1992-08-07	AP	Discontinued	false	2026-08-28	2026-08-31	2026-08-31	2026-08-31
050674	NDA	002	PFIZER	VANTIN	CEFPODOXIME PROXETIL	2TB00A1Z7N	LTINZAODLRIQIX-FBXRGJNPSA-N	38	1992-08-07	AP	Discontinued	false	2026-08-28	2026-08-31	2026-08-31	2026-08-31
050675	NDA	001	PFIZER	VANTIN	CEFPODOXIME PROXETIL	2TB00A1Z7N	LTINZAODLRIQIX-FBXRGJNPSA-N	38	1992-08-07	AP	Discontinued	false	2026-08-28	2026-08-31	2026-08-31	2026-08-31
050675	NDA	002	PFIZER	VANTIN	CEFPODOXIME PROXETIL	2TB00A1Z7N	LTINZAODLRIQIX-FBXRGJNPSA-N	38	1992-08-07	AP	Discontinued	false	2026-08-28	2026-08-31	2026-08-31	2026-08-31
050687	NDA	001	SANKYO	BANAN	CEFPODOXIME PROXETIL	2TB00A1Z7N	LTINZAODLRIQIX-FBXRGJNPSA-N	38	1992-08-07	AP	Discontinued	false	2026-08-28	2026-08-31	2026-08-31	2026-08-31
050687	NDA	002	SANKYO	BANAN	CEFPODOXIME PROXETIL	2TB00A1Z7N	LTINZAODLRIQIX-FBXRGJNPSA-N	38	1992-08-07	AP	Discontinued	false	2026-08-28	2026-08-31	2026-08-31	2026-08-31
050688	NDA	001	SANKYO	BANAN	CEFPODOXIME PROXETIL	2TB00A1Z7N	LTINZAODLRIQIX-FBXRGJNPSA-N	38	1992-08-07	AP	Discontinued	false	2026-08-28	2026-08-31	2026-08-31	2026-08-31
050688	NDA	002	SANKYO	BANAN	CEFPODOXIME PROXETIL	2TB00A1Z7N	LTINZAODLRIQIX-FBXRGJNPSA-N	38	1992-08-07	AP	Discontinued	false	2026-08-28	2026-08-31	2026-08-31	2026-08-31
065082	ANDA	001	SUN PHARM INDS LTD	CEFPODOXIME PROXETIL	CEFPODOXIME PROXETIL	2TB00A1Z7N	LTINZAODLRIQIX-FBXRGJNPSA-N	38	2002-05-31	AP	Discontinued	false	2026-08-28	2026-08-31	2026-08-31	2026-08-31
065082	ANDA	002	SUN PHARM INDS LTD	CEFPODOXIME PROXETIL	CEFPODOXIME PROXETIL	2TB00A1Z7N	LTINZAODLRIQIX-FBXRGJNPSA-N	38	2002-05-31	AP	Discontinued	false	2026-08-28	2026-08-31	2026-08-31	2026-08-31
065083	ANDA	001	SUN PHARM INDS LTD	CEFPODOXIME PROXETIL	CEFPODOXIME PROXETIL	2TB00A1Z7N	LTINZAODLRIQIX-FBXRGJNPSA-N	38	2003-08-20	AP	Discontinued	false	2026-08-28	2026-08-31	2026-08-31	2026-08-31
065083	ANDA	002	SUN PHARM INDS LTD	CEFPODOXIME PROXETIL	CEFPODOXIME PROXETIL	2TB00A1Z7N	LTINZAODLRIQIX-FBXRGJNPSA-N	38	2003-08-20	AP	Discontinued	false	2026-08-28	2026-08-31	2026-08-31	2026-08-31
065370	ANDA	001	AUROBINDO PHARMA	CEFPODOXIME PROXETIL	CEFPODOXIME PROXETIL	2TB00A1Z7N	LTINZAODLRIQIX-FBXRGJNPSA-N	38	2007-06-11	AP	Prescription	true	2026-08-28	2026-08-31	2026-08-31	2026-08-31
065370	ANDA	002	AUROBINDO PHARMA	CEFPODOXIME PROXETIL	CEFPODOXIME PROXETIL	2TB00A1Z7N	LTINZAODLRIQIX-FBXRGJNPSA-N	38	2007-06-11	AP	Prescription	true	2026-08-28	2026-08-31	2026-08-31	2026-08-31
065388	ANDA	001	ANDA REPOSITORY	CEFPODOXIME PROXETIL	CEFPODOXIME PROXETIL	2TB00A1Z7N	LTINZAODLRIQIX-FBXRGJNPSA-N	38	2007-11-14	AP	Prescription	true	2026-08-28	2026-08-31	2026-08-31	2026-08-31
065388	ANDA	002	ANDA REPOSITORY	CEFPODOXIME PROXETIL	CEFPODOXIME PROXETIL	2TB00A1Z7N	LTINZAODLRIQIX-FBXRGJNPSA-N	38	2007-11-14	AP	Prescription	true	2026-08-28	2026-08-31	2026-08-31	2026-08-31
065409	ANDA	001	AUROBINDO PHARMA LTD	CEFPODOXIME PROXETIL	CEFPODOXIME PROXETIL	2TB00A1Z7N	LTINZAODLRIQIX-FBXRGJNPSA-N	38	2007-06-08	AP	Prescription	true	2026-08-28	2026-08-31	2026-08-31	2026-08-31
065409	ANDA	002	AUROBINDO PHARMA LTD	CEFPODOXIME PROXETIL	CEFPODOXIME PROXETIL	2TB00A1Z7N	LTINZAODLRIQIX-FBXRGJNPSA-N	38	2007-06-08	AP	Prescription	true	2026-08-28	2026-08-31	2026-08-31	2026-08-31
065462	ANDA	001	SANDOZ	CEFPODOXIME PROXETIL	CEFPODOXIME PROXETIL	2TB00A1Z7N	LTINZAODLRIQIX-FBXRGJNPSA-N	38	2008-05-28	AP	Prescription	true	2026-08-28	2026-08-31	2026-08-31	2026-08-31
065462	ANDA	002	SANDOZ	CEFPODOXIME PROXETIL	CEFPODOXIME PROXETIL	2TB00A1Z7N	LTINZAODLRIQIX-FBXRGJNPSA-N	38	2008-05-28	AP	Prescription	true	2026-08-28	2026-08-31	2026-08-31	2026-08-31
090031	ANDA	001	CHARTWELL RX	CEFPODOXIME PROXETIL	CEFPODOXIME PROXETIL	2TB00A1Z7N	LTINZAODLRIQIX-FBXRGJNPSA-N	38	2009-01-14	AP	Discontinued	false	2026-08-28	2026-08-31	2026-08-31	2026-08-31
090031	ANDA	002	CHARTWELL RX	CEFPODOXIME PROXETIL	CEFPODOXIME PROXETIL	2TB00A1Z7N	LTINZAODLRIQIX-FBXRGJNPSA-N	38	2009-01-14	AP	Discontinued	false	2026-08-28	2026-08-31	2026-08-31	2026-08-31
210568	ANDA	001	ALKEM LABS LTD	CEFPODOXIME PROXETIL	CEFPODOXIME PROXETIL	2TB00A1Z7N	LTINZAODLRIQIX-FBXRGJNPSA-N	38	2022-05-18	AP	Prescription	true	2026-08-28	2026-08-31	2026-08-31	2026-08-31
210568	ANDA	002	ALKEM LABS LTD	CEFPODOXIME PROXETIL	CEFPODOXIME PROXETIL	2TB00A1Z7N	LTINZAODLRIQIX-FBXRGJNPSA-N	38	2022-05-18	AP	Prescription	true	2026-08-28	2026-08-31	2026-08-31	2026-08-31
207500	NDA	001	ASTELLAS	CRESEMBA	ISAVUCONAZONIUM SULFATE	31Q44514JV	LWXUIUUOMSMZKJ-KLFWAVJMSA-M	57	2015-03-06	AP	Prescription	true	2026-08-28	2026-08-31	2026-08-31	2026-08-31
207500	NDA	002	ASTELLAS	CRESEMBA	ISAVUCONAZONIUM SULFATE	31Q44514JV	LWXUIUUOMSMZKJ-KLFWAVJMSA-M	57	2015-03-06	AP	Prescription	true	2026-08-28	2026-08-31	2026-08-31	2026-08-31
207501	NDA	001	ASTELLAS	CRESEMBA	ISAVUCONAZONIUM SULFATE	31Q44514JV	LWXUIUUOMSMZKJ-KLFWAVJMSA-M	57	2015-03-06	AP	Prescription	true	2026-08-28	2026-08-31	2026-08-31	2026-08-31
020705	NDA	001	VIIV HLTHCARE	RESCRIPTOR	DELAVIRDINE MESYLATE	421105KRQE	MEPNHSOMXMALDZ-UHFFFAOYSA-N	24	1997-04-04	AP	Discontinued	false	2026-08-28	2026-08-31	2026-08-31	2026-08-31
020705	NDA	002	VIIV HLTHCARE	RESCRIPTOR	DELAVIRDINE MESYLATE	421105KRQE	MEPNHSOMXMALDZ-UHFFFAOYSA-N	24	1997-04-04	AP	Discontinued	false	2026-08-28	2026-08-31	2026-08-31	2026-08-31
209305	NDA	001	ACLARIS	ESKATA	HYDROGEN PEROXIDE	BBX060AN9V	MHAJPDPJQMAIIY-UHFFFAOYSA-N	36	2017-12-14	AP	Discontinued	false	2026-08-28	2026-08-31	2026-08-31	2026-08-31
014214	NDA	002	SANOFI AVENTIS US	NEGGRAM	NALIDIXIC ACID	3B91HWA56M	MHWLWQUZZRMNGJ-UHFFFAOYSA-N	31	1964-03-06	AP	Discontinued	false	2026-08-28	2026-08-31	2026-08-31	2026-08-31
014214	NDA	004	SANOFI AVENTIS US	NEGGRAM	NALIDIXIC ACID	3B91HWA56M	MHWLWQUZZRMNGJ-UHFFFAOYSA-N	31	1964-03-06	AP	Discontinued	false	2026-08-28	2026-08-31	2026-08-31	2026-08-31
014214	NDA	005	SANOFI AVENTIS US	NEGGRAM	NALIDIXIC ACID	3B91HWA56M	MHWLWQUZZRMNGJ-UHFFFAOYSA-N	31	1964-03-06	AP	Discontinued	false	2026-08-28	2026-08-31	2026-08-31	2026-08-31
017430	NDA	001	SANOFI AVENTIS US	NEGGRAM	NALIDIXIC ACID	3B91HWA56M	MHWLWQUZZRMNGJ-UHFFFAOYSA-N	31	1973-04-17	AP	Discontinued	false	2026-08-28	2026-08-31	2026-08-31	2026-08-31
070270	ANDA	001	SUN PHARM INDUSTRIES	NALIDIXIC ACID	NALIDIXIC ACID	3B91HWA56M	MHWLWQUZZRMNGJ-UHFFFAOYSA-N	31	1986-03-28	AP	Discontinued	false	2026-08-28	2026-08-31	2026-08-31	2026-08-31
070271	ANDA	001	SUN PHARM INDUSTRIES	NALIDIXIC ACID	NALIDIXIC ACID	3B91HWA56M	MHWLWQUZZRMNGJ-UHFFFAOYSA-N	31	1986-03-29	AP	Discontinued	false	2026-08-28	2026-08-31	2026-08-31	2026-08-31
070272	ANDA	001	SUN PHARM INDUSTRIES	NALIDIXIC ACID	NALIDIXIC ACID	3B91HWA56M	MHWLWQUZZRMNGJ-UHFFFAOYSA-N	31	1986-03-28	AP	Discontinued	false	2026-08-28	2026-08-31	2026-08-31	2026-08-31
071919	ANDA	001	WATSON LABS	NALIDIXIC ACID	NALIDIXIC ACID	3B91HWA56M	MHWLWQUZZRMNGJ-UHFFFAOYSA-N	31	1988-06-28	AP	Discontinued	false	2026-08-28	2026-08-31	2026-08-31	2026-08-31
071936	ANDA	001	WATSON LABS	NALIDIXIC ACID	NALIDIXIC ACID	3B91HWA56M	MHWLWQUZZRMNGJ-UHFFFAOYSA-N	31	1988-06-28	AP	Discontinued	false	2026-08-28	2026-08-31	2026-08-31	2026-08-31
072061	ANDA	001	WATSON LABS	NALIDIXIC ACID	NALIDIXIC ACID	3B91HWA56M	MHWLWQUZZRMNGJ-UHFFFAOYSA-N	31	1988-06-28	AP	Discontinued	false	2026-08-28	2026-08-31	2026-08-31	2026-08-31
050591	NDA	001	GLAXOSMITHKLINE	BACTROBAN	MUPIROCIN	D0GX863OA5	MINDHVHHQZYEEK-HBBNESRFSA-N	49	1987-12-31	AP	Discontinued	false	2026-08-28	2026-08-31	2026-08-31	2026-08-31
050788	NDA	001	PADAGIS US	CENTANY	MUPIROCIN	D0GX863OA5	MINDHVHHQZYEEK-HBBNESRFSA-N	49	2002-12-04	AP	Discontinued	false	2026-08-28	2026-08-31	2026-08-31	2026-08-31
065085	ANDA	001	TEVA	MUPIROCIN	MUPIROCIN	D0GX863OA5	MINDHVHHQZYEEK-HBBNESRFSA-N	49	2003-11-07	AP	Prescription	true	2026-08-28	2026-08-31	2026-08-31	2026-08-31
065123	ANDA	001	PADAGIS ISRAEL	MUPIROCIN	MUPIROCIN	D0GX863OA5	MINDHVHHQZYEEK-HBBNESRFSA-N	49	2003-11-07	AP	Prescription	true	2026-08-28	2026-08-31	2026-08-31	2026-08-31
065170	ANDA	001	SUN PHARMA CANADA	MUPIROCIN	MUPIROCIN	D0GX863OA5	MINDHVHHQZYEEK-HBBNESRFSA-N	49	2005-09-23	AP	Prescription	true	2026-08-28	2026-08-31	2026-08-31	2026-08-31
065192	ANDA	001	FOUGERA PHARMS	MUPIROCIN	MUPIROCIN	D0GX863OA5	MINDHVHHQZYEEK-HBBNESRFSA-N	49	2005-11-30	AP	Prescription	true	2026-08-28	2026-08-31	2026-08-31	2026-08-31
090480	ANDA	001	GLENMARK PHARMS	MUPIROCIN	MUPIROCIN	D0GX863OA5	MINDHVHHQZYEEK-HBBNESRFSA-N	49	2011-06-08	AP	Prescription	true	2026-08-28	2026-08-31	2026-08-31	2026-08-31
217943	ANDA	001	ENCUBE	MUPIROCIN	MUPIROCIN	D0GX863OA5	MINDHVHHQZYEEK-HBBNESRFSA-N	49	2025-05-13	AP	Prescription	true	2026-08-28	2026-08-31	2026-08-31	2026-08-31
018604	NDA	001	BAUSCH	ZOVIRAX	ACYCLOVIR	X4HES1O11F	MKUXAQIIEYXACX-UHFFFAOYSA-N	95	1982-03-29	AP	Prescription	true	2026-08-28	2026-08-31	2026-08-31	2026-08-31
018828	NDA	001	PHARMOBEDIENT	ZOVIRAX	ACYCLOVIR	X4HES1O11F	MKUXAQIIEYXACX-UHFFFAOYSA-N	95	1985-01-25	AP	Discontinued	false	2026-08-28	2026-08-31	2026-08-31	2026-08-31
019909	NDA	001	PHARMOBEDIENT	ZOVIRAX	ACYCLOVIR	X4HES1O11F	MKUXAQIIEYXACX-UHFFFAOYSA-N	95	1989-12-22	AP	Discontinued	false	2026-08-28	2026-08-31	2026-08-31	2026-08-31
020089	NDA	001	PHARMOBEDIENT	ZOVIRAX	ACYCLOVIR	X4HES1O11F	MKUXAQIIEYXACX-UHFFFAOYSA-N	95	1991-04-30	AP	Discontinued	false	2026-08-28	2026-08-31	2026-08-31	2026-08-31
020089	NDA	002	PHARMOBEDIENT	ZOVIRAX	ACYCLOVIR	X4HES1O11F	MKUXAQIIEYXACX-UHFFFAOYSA-N	95	1991-04-30	AP	Discontinued	false	2026-08-28	2026-08-31	2026-08-31	2026-08-31
021478	NDA	001	BAUSCH	ZOVIRAX	ACYCLOVIR	X4HES1O11F	MKUXAQIIEYXACX-UHFFFAOYSA-N	95	2002-12-30	AP	Prescription	true	2026-08-28	2026-08-31	2026-08-31	2026-08-31
074556	ANDA	001	TEVA	ACYCLOVIR	ACYCLOVIR	X4HES1O11F	MKUXAQIIEYXACX-UHFFFAOYSA-N	95	1997-04-22	AP	Discontinued	false	2026-08-28	2026-08-31	2026-08-31	2026-08-31
074556	ANDA	002	TEVA	ACYCLOVIR	ACYCLOVIR	X4HES1O11F	MKUXAQIIEYXACX-UHFFFAOYSA-N	95	1997-04-22	AP	Prescription	true	2026-08-28	2026-08-31	2026-08-31	2026-08-31
074556	ANDA	003	TEVA	ACYCLOVIR	ACYCLOVIR	X4HES1O11F	MKUXAQIIEYXACX-UHFFFAOYSA-N	95	1997-04-22	AP	Prescription	true	2026-08-28	2026-08-31	2026-08-31	2026-08-31
074578	ANDA	001	TEVA	ACYCLOVIR	ACYCLOVIR	X4HES1O11F	MKUXAQIIEYXACX-UHFFFAOYSA-N	95	1997-04-22	AP	Prescription	true	2026-08-28	2026-08-31	2026-08-31	2026-08-31
074674	ANDA	001	IVAX SUB TEVA PHARMS	ACYCLOVIR	ACYCLOVIR	X4HES1O11F	MKUXAQIIEYXACX-UHFFFAOYSA-N	95	1997-04-22	AP	Discontinued	false	2026-08-28	2026-08-31	2026-08-31	2026-08-31
074727	ANDA	001	AUROBINDO PHARMA USA	ACYCLOVIR	ACYCLOVIR	X4HES1O11F	MKUXAQIIEYXACX-UHFFFAOYSA-N	95	1997-04-22	AP	Discontinued	false	2026-08-28	2026-08-31	2026-08-31	2026-08-31
074738	ANDA	001	ACTAVIS MID ATLANTIC	ACYCLOVIR	ACYCLOVIR	X4HES1O11F	MKUXAQIIEYXACX-UHFFFAOYSA-N	95	1997-04-28	AP	Prescription	true	2026-08-28	2026-08-31	2026-08-31	2026-08-31
074828	ANDA	001	TEVA	ACYCLOVIR	ACYCLOVIR	X4HES1O11F	MKUXAQIIEYXACX-UHFFFAOYSA-N	95	1997-04-22	AP	Discontinued	false	2026-08-28	2026-08-31	2026-08-31	2026-08-31
074833	ANDA	001	STRIDES PHARMA INTL	ACYCLOVIR	ACYCLOVIR	X4HES1O11F	MKUXAQIIEYXACX-UHFFFAOYSA-N	95	1997-04-22	AP	Discontinued	false	2026-08-28	2026-08-31	2026-08-31	2026-08-31
074834	ANDA	001	CHARTWELL MOLECULES	ACYCLOVIR	ACYCLOVIR	X4HES1O11F	MKUXAQIIEYXACX-UHFFFAOYSA-N	95	1997-04-24	AP	Discontinued	false	2026-08-28	2026-08-31	2026-08-31	2026-08-31
074834	ANDA	002	CHARTWELL MOLECULES	ACYCLOVIR	ACYCLOVIR	X4HES1O11F	MKUXAQIIEYXACX-UHFFFAOYSA-N	95	1997-04-24	AP	Discontinued	false	2026-08-28	2026-08-31	2026-08-31	2026-08-31
074836	ANDA	001	IVAX SUB TEVA PHARMS	ACYCLOVIR	ACYCLOVIR	X4HES1O11F	MKUXAQIIEYXACX-UHFFFAOYSA-N	95	1997-04-22	AP	Discontinued	false	2026-08-28	2026-08-31	2026-08-31	2026-08-31
074836	ANDA	002	IVAX SUB TEVA PHARMS	ACYCLOVIR	ACYCLOVIR	X4HES1O11F	MKUXAQIIEYXACX-UHFFFAOYSA-N	95	1997-04-22	AP	Discontinued	false	2026-08-28	2026-08-31	2026-08-31	2026-08-31
074870	ANDA	001	ACTAVIS ELIZABETH	ACYCLOVIR	ACYCLOVIR	X4HES1O11F	MKUXAQIIEYXACX-UHFFFAOYSA-N	95	1997-06-05	AP	Discontinued	false	2026-08-28	2026-08-31	2026-08-31	2026-08-31
074870	ANDA	002	ACTAVIS ELIZABETH	ACYCLOVIR	ACYCLOVIR	X4HES1O11F	MKUXAQIIEYXACX-UHFFFAOYSA-N	95	1997-06-05	AP	Discontinued	false	2026-08-28	2026-08-31	2026-08-31	2026-08-31
074872	ANDA	001	CHARTWELL MOLECULES	ACYCLOVIR	ACYCLOVIR	X4HES1O11F	MKUXAQIIEYXACX-UHFFFAOYSA-N	95	1997-04-22	AP	Discontinued	false	2026-08-28	2026-08-31	2026-08-31	2026-08-31
074889	ANDA	001	HERITAGE	ACYCLOVIR	ACYCLOVIR	X4HES1O11F	MKUXAQIIEYXACX-UHFFFAOYSA-N	95	1997-10-31	AP	Prescription	true	2026-08-28	2026-08-31	2026-08-31	2026-08-31
074891	ANDA	001	HERITAGE	ACYCLOVIR	ACYCLOVIR	X4HES1O11F	MKUXAQIIEYXACX-UHFFFAOYSA-N	95	1997-10-31	AP	Prescription	true	2026-08-28	2026-08-31	2026-08-31	2026-08-31
074891	ANDA	002	HERITAGE	ACYCLOVIR	ACYCLOVIR	X4HES1O11F	MKUXAQIIEYXACX-UHFFFAOYSA-N	95	1997-10-31	AP	Prescription	true	2026-08-28	2026-08-31	2026-08-31	2026-08-31
074906	ANDA	001	ACTAVIS ELIZABETH	ACYCLOVIR	ACYCLOVIR	X4HES1O11F	MKUXAQIIEYXACX-UHFFFAOYSA-N	95	1997-08-26	AP	Discontinued	false	2026-08-28	2026-08-31	2026-08-31	2026-08-31
074914	ANDA	001	TEVA PHARMS	ACYCLOVIR	ACYCLOVIR	X4HES1O11F	MKUXAQIIEYXACX-UHFFFAOYSA-N	95	1997-11-26	AP	Discontinued	false	2026-08-28	2026-08-31	2026-08-31	2026-08-31
074946	ANDA	001	STRIDES PHARMA INTL	ACYCLOVIR	ACYCLOVIR	X4HES1O11F	MKUXAQIIEYXACX-UHFFFAOYSA-N	95	1997-11-19	AP	Discontinued	false	2026-08-28	2026-08-31	2026-08-31	2026-08-31
074946	ANDA	002	STRIDES PHARMA INTL	ACYCLOVIR	ACYCLOVIR	X4HES1O11F	MKUXAQIIEYXACX-UHFFFAOYSA-N	95	1997-11-19	AP	Discontinued	false	2026-08-28	2026-08-31	2026-08-31	2026-08-31
074975	ANDA	001	RANBAXY	ACYCLOVIR	ACYCLOVIR	X4HES1O11F	MKUXAQIIEYXACX-UHFFFAOYSA-N	95	1998-09-30	AP	Discontinued	false	2026-08-28	2026-08-31	2026-08-31	2026-08-31
074976	ANDA	001	MYLAN	ACYCLOVIR	ACYCLOVIR	X4HES1O11F	MKUXAQIIEYXACX-UHFFFAOYSA-N	95	1998-04-13	AP	Discontinued	false	2026-08-28	2026-08-31	2026-08-31	2026-08-31
074976	ANDA	002	MYLAN	ACYCLOVIR	ACYCLOVIR	X4HES1O11F	MKUXAQIIEYXACX-UHFFFAOYSA-N	95	1998-04-13	AP	Discontinued	false	2026-08-28	2026-08-31	2026-08-31	2026-08-31
074977	ANDA	001	MYLAN	ACYCLOVIR	ACYCLOVIR	X4HES1O11F	MKUXAQIIEYXACX-UHFFFAOYSA-N	95	1998-04-13	AP	Discontinued	false	2026-08-28	2026-08-31	2026-08-31	2026-08-31
074980	ANDA	001	SUN PHARM INDS LTD	ACYCLOVIR	ACYCLOVIR	X4HES1O11F	MKUXAQIIEYXACX-UHFFFAOYSA-N	95	1998-09-30	AP	Discontinued	false	2026-08-28	2026-08-31	2026-08-31	2026-08-31
074980	ANDA	002	SUN PHARM INDS LTD	ACYCLOVIR	ACYCLOVIR	X4HES1O11F	MKUXAQIIEYXACX-UHFFFAOYSA-N	95	1998-09-30	AP	Discontinued	false	2026-08-28	2026-08-31	2026-08-31	2026-08-31
075021	ANDA	001	TEVA PHARMS	ACYCLOVIR	ACYCLOVIR	X4HES1O11F	MKUXAQIIEYXACX-UHFFFAOYSA-N	95	1998-03-18	AP	Discontinued	false	2026-08-28	2026-08-31	2026-08-31	2026-08-31
075021	ANDA	002	TEVA PHARMS	ACYCLOVIR	ACYCLOVIR	X4HES1O11F	MKUXAQIIEYXACX-UHFFFAOYSA-N	95	1998-03-18	AP	Discontinued	false	2026-08-28	2026-08-31	2026-08-31	2026-08-31
075090	ANDA	001	REGCON HOLDINGS	ACYCLOVIR	ACYCLOVIR	X4HES1O11F	MKUXAQIIEYXACX-UHFFFAOYSA-N	95	1999-01-26	AP	Prescription	true	2026-08-28	2026-08-31	2026-08-31	2026-08-31
075101	ANDA	001	WATSON LABS	ACYCLOVIR	ACYCLOVIR	X4HES1O11F	MKUXAQIIEYXACX-UHFFFAOYSA-N	95	1998-04-15	AP	Discontinued	false	2026-08-28	2026-08-31	2026-08-31	2026-08-31
075211	ANDA	001	AUROBINDO PHARMA USA	ACYCLOVIR	ACYCLOVIR	X4HES1O11F	MKUXAQIIEYXACX-UHFFFAOYSA-N	95	1998-09-28	AP	Prescription	true	2026-08-28	2026-08-31	2026-08-31	2026-08-31
075211	ANDA	002	AUROBINDO PHARMA USA	ACYCLOVIR	ACYCLOVIR	X4HES1O11F	MKUXAQIIEYXACX-UHFFFAOYSA-N	95	1998-09-28	AP	Prescription	true	2026-08-28	2026-08-31	2026-08-31	2026-08-31
075382	ANDA	001	CARLSBAD	ACYCLOVIR	ACYCLOVIR	X4HES1O11F	MKUXAQIIEYXACX-UHFFFAOYSA-N	95	1999-04-30	AP	Prescription	true	2026-08-28	2026-08-31	2026-08-31	2026-08-31
075382	ANDA	002	CARLSBAD	ACYCLOVIR	ACYCLOVIR	X4HES1O11F	MKUXAQIIEYXACX-UHFFFAOYSA-N	95	1999-04-30	AP	Prescription	true	2026-08-28	2026-08-31	2026-08-31	2026-08-31
075677	ANDA	001	APOTEX	ACYCLOVIR	ACYCLOVIR	X4HES1O11F	MKUXAQIIEYXACX-UHFFFAOYSA-N	95	2005-09-28	AP	Prescription	true	2026-08-28	2026-08-31	2026-08-31	2026-08-31
077026	ANDA	001	HIKMA	ACYCLOVIR	ACYCLOVIR	X4HES1O11F	MKUXAQIIEYXACX-UHFFFAOYSA-N	95	2005-06-07	AP	Discontinued	false	2026-08-28	2026-08-31	2026-08-31	2026-08-31
077309	ANDA	001	APOTEX	ACYCLOVIR	ACYCLOVIR	X4HES1O11F	MKUXAQIIEYXACX-UHFFFAOYSA-N	95	2005-09-29	AP	Prescription	true	2026-08-28	2026-08-31	2026-08-31	2026-08-31
077309	ANDA	002	APOTEX	ACYCLOVIR	ACYCLOVIR	X4HES1O11F	MKUXAQIIEYXACX-UHFFFAOYSA-N	95	2005-09-29	AP	Prescription	true	2026-08-28	2026-08-31	2026-08-31	2026-08-31
201445	ANDA	001	CADILA PHARMS LTD	ACYCLOVIR	ACYCLOVIR	X4HES1O11F	MKUXAQIIEYXACX-UHFFFAOYSA-N	95	2014-03-06	AP	Prescription	true	2026-08-28	2026-08-31	2026-08-31	2026-08-31
201501	ANDA	001	XIROMED	ACYCLOVIR	ACYCLOVIR	X4HES1O11F	MKUXAQIIEYXACX-UHFFFAOYSA-N	95	2020-01-29	AP	Prescription	true	2026-08-28	2026-08-31	2026-08-31	2026-08-31
202168	ANDA	001	CADILA PHARMS LTD	ACYCLOVIR	ACYCLOVIR	X4HES1O11F	MKUXAQIIEYXACX-UHFFFAOYSA-N	95	2013-11-15	AP	Prescription	true	2026-08-28	2026-08-31	2026-08-31	2026-08-31
202168	ANDA	002	CADILA PHARMS LTD	ACYCLOVIR	ACYCLOVIR	X4HES1O11F	MKUXAQIIEYXACX-UHFFFAOYSA-N	95	2013-11-15	AP	Prescription	true	2026-08-28	2026-08-31	2026-08-31	2026-08-31
202408	NDA	001	FERA PHARMS LLC	AVACLYR	ACYCLOVIR	X4HES1O11F	MKUXAQIIEYXACX-UHFFFAOYSA-N	95	2019-03-29	AP	Discontinued	false	2026-08-28	2026-08-31	2026-08-31	2026-08-31
202459	ANDA	001	PHARMOBEDIENT	ACYCLOVIR	ACYCLOVIR	X4HES1O11F	MKUXAQIIEYXACX-UHFFFAOYSA-N	95	2013-04-03	AP	Prescription	true	2026-08-28	2026-08-31	2026-08-31	2026-08-31
203791	NDA	001	LIGAND PHARMS	SITAVIG	ACYCLOVIR	X4HES1O11F	MKUXAQIIEYXACX-UHFFFAOYSA-N	95	2013-04-12	AP	Discontinued	false	2026-08-28	2026-08-31	2026-08-31	2026-08-31
203834	ANDA	001	HETERO LABS LTD V	ACYCLOVIR	ACYCLOVIR	X4HES1O11F	MKUXAQIIEYXACX-UHFFFAOYSA-N	95	2013-10-29	AP	Prescription	true	2026-08-28	2026-08-31	2026-08-31	2026-08-31
203834	ANDA	002	HETERO LABS LTD V	ACYCLOVIR	ACYCLOVIR	X4HES1O11F	MKUXAQIIEYXACX-UHFFFAOYSA-N	95	2013-10-29	AP	Prescription	true	2026-08-28	2026-08-31	2026-08-31	2026-08-31
204313	ANDA	001	CADILA	ACYCLOVIR	ACYCLOVIR	X4HES1O11F	MKUXAQIIEYXACX-UHFFFAOYSA-N	95	2016-03-25	AP	Prescription	true	2026-08-28	2026-08-31	2026-08-31	2026-08-31
204314	ANDA	001	ZYDUS PHARMS	ACYCLOVIR	ACYCLOVIR	X4HES1O11F	MKUXAQIIEYXACX-UHFFFAOYSA-N	95	2014-08-19	AP	Prescription	true	2026-08-28	2026-08-31	2026-08-31	2026-08-31
204314	ANDA	002	ZYDUS PHARMS	ACYCLOVIR	ACYCLOVIR	X4HES1O11F	MKUXAQIIEYXACX-UHFFFAOYSA-N	95	2014-08-19	AP	Prescription	true	2026-08-28	2026-08-31	2026-08-31	2026-08-31
204605	ANDA	001	AMNEAL PHARMS	ACYCLOVIR	ACYCLOVIR	X4HES1O11F	MKUXAQIIEYXACX-UHFFFAOYSA-N	95	2014-06-18	AP	Prescription	true	2026-08-28	2026-08-31	2026-08-31	2026-08-31
205469	ANDA	001	SUN PHARMA CANADA	ACYCLOVIR	ACYCLOVIR	X4HES1O11F	MKUXAQIIEYXACX-UHFFFAOYSA-N	95	2016-12-21	AP	Prescription	true	2026-08-28	2026-08-31	2026-08-31	2026-08-31
205470	ANDA	001	SUN PHARMA CANADA	ACYCLOVIR	ACYCLOVIR	X4HES1O11F	MKUXAQIIEYXACX-UHFFFAOYSA-N	95	2024-06-12	AP	Prescription	true	2026-08-28	2026-08-31	2026-08-31	2026-08-31
205510	ANDA	001	GLENMARK SPECLT	ACYCLOVIR	ACYCLOVIR	X4HES1O11F	MKUXAQIIEYXACX-UHFFFAOYSA-N	95	2017-07-31	AP	Prescription	true	2026-08-28	2026-08-31	2026-08-31	2026-08-31
205591	ANDA	001	COSETTE PHARMS NC	ACYCLOVIR	ACYCLOVIR	X4HES1O11F	MKUXAQIIEYXACX-UHFFFAOYSA-N	95	2017-11-13	AP	Discontinued	false	2026-08-28	2026-08-31	2026-08-31	2026-08-31
205659	ANDA	001	PADAGIS ISRAEL	ACYCLOVIR	ACYCLOVIR	X4HES1O11F	MKUXAQIIEYXACX-UHFFFAOYSA-N	95	2019-02-20	AP	Discontinued	false	2026-08-28	2026-08-31	2026-08-31	2026-08-31
205974	ANDA	001	ZYDUS LIFESCIENCES	ACYCLOVIR	ACYCLOVIR	X4HES1O11F	MKUXAQIIEYXACX-UHFFFAOYSA-N	95	2019-03-15	AP	Prescription	true	2026-08-28	2026-08-31	2026-08-31	2026-08-31
206261	ANDA	001	CARLSBAD	ACYCLOVIR	ACYCLOVIR	X4HES1O11F	MKUXAQIIEYXACX-UHFFFAOYSA-N	95	2017-08-16	AP	Prescription	true	2026-08-28	2026-08-31	2026-08-31	2026-08-31
206437	ANDA	001	CHARTWELL MOLECULAR	ACYCLOVIR	ACYCLOVIR	X4HES1O11F	MKUXAQIIEYXACX-UHFFFAOYSA-N	95	2017-07-31	AP	Discontinued	false	2026-08-28	2026-08-31	2026-08-31	2026-08-31
206633	ANDA	001	FOUGERA PHARMS INC	ACYCLOVIR	ACYCLOVIR	X4HES1O11F	MKUXAQIIEYXACX-UHFFFAOYSA-N	95	2016-05-11	AP	Prescription	true	2026-08-28	2026-08-31	2026-08-31	2026-08-31
206770	ANDA	001	ZYDUS LIFESCIENCES	ACYCLOVIR	ACYCLOVIR	X4HES1O11F	MKUXAQIIEYXACX-UHFFFAOYSA-N	95	2023-02-28	AP	Prescription	true	2026-08-28	2026-08-31	2026-08-31	2026-08-31
208702	ANDA	001	PADAGIS ISRAEL	ACYCLOVIR	ACYCLOVIR	X4HES1O11F	MKUXAQIIEYXACX-UHFFFAOYSA-N	95	2019-02-04	AP	Prescription	true	2026-08-28	2026-08-31	2026-08-31	2026-08-31
208766	ANDA	001	AMNEAL	ACYCLOVIR	ACYCLOVIR	X4HES1O11F	MKUXAQIIEYXACX-UHFFFAOYSA-N	95	2020-11-09	AP	Prescription	true	2026-08-28	2026-08-31	2026-08-31	2026-08-31
209000	ANDA	001	ALEMBIC	ACYCLOVIR	ACYCLOVIR	X4HES1O11F	MKUXAQIIEYXACX-UHFFFAOYSA-N	95	2018-04-06	AP	Prescription	true	2026-08-28	2026-08-31	2026-08-31	2026-08-31
209366	ANDA	001	SQUARE PHARMS	ACYCLOVIR	ACYCLOVIR	X4HES1O11F	MKUXAQIIEYXACX-UHFFFAOYSA-N	95	2019-10-07	AP	Prescription	true	2026-08-28	2026-08-31	2026-08-31	2026-08-31
209366	ANDA	002	SQUARE PHARMS	ACYCLOVIR	ACYCLOVIR	X4HES1O11F	MKUXAQIIEYXACX-UHFFFAOYSA-N	95	2019-10-07	AP	Prescription	true	2026-08-28	2026-08-31	2026-08-31	2026-08-31
209971	ANDA	001	TORRENT	ACYCLOVIR	ACYCLOVIR	X4HES1O11F	MKUXAQIIEYXACX-UHFFFAOYSA-N	95	2019-01-11	AP	Prescription	true	2026-08-28	2026-08-31	2026-08-31	2026-08-31
210401	ANDA	001	YILING	ACYCLOVIR	ACYCLOVIR	X4HES1O11F	MKUXAQIIEYXACX-UHFFFAOYSA-N	95	2018-03-07	AP	Prescription	true	2026-08-28	2026-08-31	2026-08-31	2026-08-31
210401	ANDA	002	YILING	ACYCLOVIR	ACYCLOVIR	X4HES1O11F	MKUXAQIIEYXACX-UHFFFAOYSA-N	95	2018-03-07	AP	Prescription	true	2026-08-28	2026-08-31	2026-08-31	2026-08-31
210774	ANDA	001	APOTEX	ACYCLOVIR	ACYCLOVIR	X4HES1O11F	MKUXAQIIEYXACX-UHFFFAOYSA-N	95	2019-09-06	AP	Discontinued	false	2026-08-28	2026-08-31	2026-08-31	2026-08-31
211794	ANDA	001	CIPLA	ACYCLOVIR	ACYCLOVIR	X4HES1O11F	MKUXAQIIEYXACX-UHFFFAOYSA-N	95	2019-01-18	AP	Discontinued	false	2026-08-28	2026-08-31	2026-08-31	2026-08-31
212173	ANDA	001	YILING	ACYCLOVIR	ACYCLOVIR	X4HES1O11F	MKUXAQIIEYXACX-UHFFFAOYSA-N	95	2020-09-14	AP	Prescription	true	2026-08-28	2026-08-31	2026-08-31	2026-08-31
212202	ANDA	001	PRINSTON INC	ACYCLOVIR	ACYCLOVIR	X4HES1O11F	MKUXAQIIEYXACX-UHFFFAOYSA-N	95	2021-11-15	AP	Discontinued	false	2026-08-28	2026-08-31	2026-08-31	2026-08-31
212252	ANDA	001	NOVITIUM PHARMA	ACYCLOVIR	ACYCLOVIR	X4HES1O11F	MKUXAQIIEYXACX-UHFFFAOYSA-N	95	2020-07-10	AP	Prescription	true	2026-08-28	2026-08-31	2026-08-31	2026-08-31
212361	ANDA	001	ALEMBIC	ACYCLOVIR	ACYCLOVIR	X4HES1O11F	MKUXAQIIEYXACX-UHFFFAOYSA-N	95	2023-11-21	AP	Prescription	true	2026-08-28	2026-08-31	2026-08-31	2026-08-31
212444	ANDA	001	MACLEODS PHARMS	ACYCLOVIR	ACYCLOVIR	X4HES1O11F	MKUXAQIIEYXACX-UHFFFAOYSA-N	95	2021-05-19	AP	Prescription	true	2026-08-28	2026-08-31	2026-08-31	2026-08-31
212495	ANDA	001	CHARTWELL RX	ACYCLOVIR	ACYCLOVIR	X4HES1O11F	MKUXAQIIEYXACX-UHFFFAOYSA-N	95	2020-04-07	AP	Prescription	true	2026-08-28	2026-08-31	2026-08-31	2026-08-31
212718	ANDA	001	CHARTWELL RX	ACYCLOVIR	ACYCLOVIR	X4HES1O11F	MKUXAQIIEYXACX-UHFFFAOYSA-N	95	2020-04-23	AP	Prescription	true	2026-08-28	2026-08-31	2026-08-31	2026-08-31
212981	ANDA	001	CIPLA	ACYCLOVIR	ACYCLOVIR	X4HES1O11F	MKUXAQIIEYXACX-UHFFFAOYSA-N	95	2025-05-02	AP	Discontinued	false	2026-08-28	2026-08-31	2026-08-31	2026-08-31
213951	ANDA	001	VISTAPHARM LLC	ACYCLOVIR	ACYCLOVIR	X4HES1O11F	MKUXAQIIEYXACX-UHFFFAOYSA-N	95	2021-01-11	AP	Discontinued	false	2026-08-28	2026-08-31	2026-08-31	2026-08-31
215669	ANDA	001	HETERO LABS LTD III	ACYCLOVIR	ACYCLOVIR	X4HES1O11F	MKUXAQIIEYXACX-UHFFFAOYSA-N	95	2022-07-01	AP	Prescription	true	2026-08-28	2026-08-31	2026-08-31	2026-08-31
215724	ANDA	001	RUBICON RESEARCH	ACYCLOVIR	ACYCLOVIR	X4HES1O11F	MKUXAQIIEYXACX-UHFFFAOYSA-N	95	2022-08-18	AP	Prescription	true	2026-08-28	2026-08-31	2026-08-31	2026-08-31
216331	ANDA	001	AUROBINDO PHARMA	ACYCLOVIR	ACYCLOVIR	X4HES1O11F	MKUXAQIIEYXACX-UHFFFAOYSA-N	95	2022-03-31	AP	Prescription	true	2026-08-28	2026-08-31	2026-08-31	2026-08-31
217393	ANDA	001	MSN	ACYCLOVIR	ACYCLOVIR	X4HES1O11F	MKUXAQIIEYXACX-UHFFFAOYSA-N	95	2023-03-09	AP	Prescription	true	2026-08-28	2026-08-31	2026-08-31	2026-08-31
021794	NDA	001	ALMIRALL	ACZONE	DAPSONE	8W5C518302	MQJKPEGWNLWLTK-UHFFFAOYSA-N	64	2005-07-07	AP	Prescription	true	2026-08-28	2026-08-31	2026-08-31	2026-08-31
086841	ANDA	001	EVEREST LIFE SCI	DAPSONE	DAPSONE	8W5C518302	MQJKPEGWNLWLTK-UHFFFAOYSA-N	64	1979-07-03	AP	Prescription	true	2026-08-28	2026-08-31	2026-08-31	2026-08-31
086842	ANDA	001	EVEREST LIFE SCI	DAPSONE	DAPSONE	8W5C518302	MQJKPEGWNLWLTK-UHFFFAOYSA-N	64	1979-07-03	AP	Prescription	true	2026-08-28	2026-08-31	2026-08-31	2026-08-31
203887	ANDA	001	SOLIS PHARMS	DAPSONE	DAPSONE	8W5C518302	MQJKPEGWNLWLTK-UHFFFAOYSA-N	64	2016-05-06	AP	Prescription	true	2026-08-28	2026-08-31	2026-08-31	2026-08-31
203887	ANDA	002	SOLIS PHARMS	DAPSONE	DAPSONE	8W5C518302	MQJKPEGWNLWLTK-UHFFFAOYSA-N	64	2016-05-06	AP	Prescription	true	2026-08-28	2026-08-31	2026-08-31	2026-08-31
204074	ANDA	001	CHARTWELL RX	DAPSONE	DAPSONE	8W5C518302	MQJKPEGWNLWLTK-UHFFFAOYSA-N	64	2016-05-10	AP	Discontinued	false	2026-08-28	2026-08-31	2026-08-31	2026-08-31
204074	ANDA	002	CHARTWELL RX	DAPSONE	DAPSONE	8W5C518302	MQJKPEGWNLWLTK-UHFFFAOYSA-N	64	2016-05-10	AP	Discontinued	false	2026-08-28	2026-08-31	2026-08-31	2026-08-31
204380	ANDA	001	ACTAVIS LLC	DAPSONE	DAPSONE	8W5C518302	MQJKPEGWNLWLTK-UHFFFAOYSA-N	64	2017-03-23	AP	Prescription	true	2026-08-28	2026-08-31	2026-08-31	2026-08-31
204380	ANDA	002	ACTAVIS LLC	DAPSONE	DAPSONE	8W5C518302	MQJKPEGWNLWLTK-UHFFFAOYSA-N	64	2017-03-23	AP	Prescription	true	2026-08-28	2026-08-31	2026-08-31	2026-08-31
205429	ANDA	001	ALVOGEN	DAPSONE	DAPSONE	8W5C518302	MQJKPEGWNLWLTK-UHFFFAOYSA-N	64	2016-01-07	AP	Discontinued	false	2026-08-28	2026-08-31	2026-08-31	2026-08-31
205429	ANDA	002	ALVOGEN	DAPSONE	DAPSONE	8W5C518302	MQJKPEGWNLWLTK-UHFFFAOYSA-N	64	2016-01-07	AP	Discontinued	false	2026-08-28	2026-08-31	2026-08-31	2026-08-31
206505	ANDA	001	NOVITIUM PHARMA	DAPSONE	DAPSONE	8W5C518302	MQJKPEGWNLWLTK-UHFFFAOYSA-N	64	2016-12-01	AP	Prescription	true	2026-08-28	2026-08-31	2026-08-31	2026-08-31
206505	ANDA	002	NOVITIUM PHARMA	DAPSONE	DAPSONE	8W5C518302	MQJKPEGWNLWLTK-UHFFFAOYSA-N	64	2016-12-01	AP	Prescription	true	2026-08-28	2026-08-31	2026-08-31	2026-08-31
207154	NDA	001	ALMIRALL	ACZONE	DAPSONE	8W5C518302	MQJKPEGWNLWLTK-UHFFFAOYSA-N	64	2016-02-24	AP	Prescription	true	2026-08-28	2026-08-31	2026-08-31	2026-08-31
207165	ANDA	001	RISING	DAPSONE	DAPSONE	8W5C518302	MQJKPEGWNLWLTK-UHFFFAOYSA-N	64	2019-05-08	AP	Prescription	true	2026-08-28	2026-08-31	2026-08-31	2026-08-31
207165	ANDA	002	RISING	DAPSONE	DAPSONE	8W5C518302	MQJKPEGWNLWLTK-UHFFFAOYSA-N	64	2019-05-08	AP	Prescription	true	2026-08-28	2026-08-31	2026-08-31	2026-08-31
209430	ANDA	001	TARO	DAPSONE	DAPSONE	8W5C518302	MQJKPEGWNLWLTK-UHFFFAOYSA-N	64	2019-03-01	AP	Discontinued	false	2026-08-28	2026-08-31	2026-08-31	2026-08-31
209430	ANDA	002	TARO	DAPSONE	DAPSONE	8W5C518302	MQJKPEGWNLWLTK-UHFFFAOYSA-N	64	2019-03-01	AP	Discontinued	false	2026-08-28	2026-08-31	2026-08-31	2026-08-31
209506	ANDA	001	SUN PHARMA CANADA	DAPSONE	DAPSONE	8W5C518302	MQJKPEGWNLWLTK-UHFFFAOYSA-N	64	2017-10-16	AP	Prescription	true	2026-08-28	2026-08-31	2026-08-31	2026-08-31
209890	ANDA	001	AMNEAL	DAPSONE	DAPSONE	8W5C518302	MQJKPEGWNLWLTK-UHFFFAOYSA-N	64	2023-10-19	AP	Prescription	true	2026-08-28	2026-08-31	2026-08-31	2026-08-31
210178	ANDA	001	COSETTE PHARMS NC	DAPSONE	DAPSONE	8W5C518302	MQJKPEGWNLWLTK-UHFFFAOYSA-N	64	2022-03-31	AP	Prescription	true	2026-08-28	2026-08-31	2026-08-31	2026-08-31
210191	ANDA	001	SUN PHARMA CANADA	DAPSONE	DAPSONE	8W5C518302	MQJKPEGWNLWLTK-UHFFFAOYSA-N	64	2019-06-26	AP	Prescription	true	2026-08-28	2026-08-31	2026-08-31	2026-08-31
212383	ANDA	001	ENCUBE	DAPSONE	DAPSONE	8W5C518302	MQJKPEGWNLWLTK-UHFFFAOYSA-N	64	2023-10-13	AP	Prescription	true	2026-08-28	2026-08-31	2026-08-31	2026-08-31
212657	ANDA	001	CHARTWELL RX	DAPSONE	DAPSONE	8W5C518302	MQJKPEGWNLWLTK-UHFFFAOYSA-N	64	2023-11-01	AP	Discontinued	false	2026-08-28	2026-08-31	2026-08-31	2026-08-31
212701	ANDA	001	AMNEAL	DAPSONE	DAPSONE	8W5C518302	MQJKPEGWNLWLTK-UHFFFAOYSA-N	64	2023-05-31	AP	Prescription	true	2026-08-28	2026-08-31	2026-08-31	2026-08-31
213414	ANDA	001	ALEMBIC	DAPSONE	DAPSONE	8W5C518302	MQJKPEGWNLWLTK-UHFFFAOYSA-N	64	2026-06-25	AP	Prescription	true	2026-08-28	2026-08-31	2026-08-31	2026-08-31
213636	ANDA	001	TP ANDA HOLDINGS	DAPSONE	DAPSONE	8W5C518302	MQJKPEGWNLWLTK-UHFFFAOYSA-N	64	2024-08-26	AP	Prescription	true	2026-08-28	2026-08-31	2026-08-31	2026-08-31
213847	ANDA	001	MYLAN	DAPSONE	DAPSONE	8W5C518302	MQJKPEGWNLWLTK-UHFFFAOYSA-N	64	2022-02-04	AP	Prescription	true	2026-08-28	2026-08-31	2026-08-31	2026-08-31
213907	ANDA	001	TP ANDA HOLDINGS	DAPSONE	DAPSONE	8W5C518302	MQJKPEGWNLWLTK-UHFFFAOYSA-N	64	2023-06-06	AP	Prescription	true	2026-08-28	2026-08-31	2026-08-31	2026-08-31
214019	ANDA	001	ZYDUS LIFESCIENCES	DAPSONE	DAPSONE	8W5C518302	MQJKPEGWNLWLTK-UHFFFAOYSA-N	64	2024-05-08	AP	Prescription	true	2026-08-28	2026-08-31	2026-08-31	2026-08-31
214722	ANDA	001	TORRENT	DAPSONE	DAPSONE	8W5C518302	MQJKPEGWNLWLTK-UHFFFAOYSA-N	64	2022-02-10	AP	Prescription	true	2026-08-28	2026-08-31	2026-08-31	2026-08-31
215087	ANDA	001	CHARTWELL RX	DAPSONE	DAPSONE	8W5C518302	MQJKPEGWNLWLTK-UHFFFAOYSA-N	64	2023-10-31	AP	Discontinued	false	2026-08-28	2026-08-31	2026-08-31	2026-08-31
215718	ANDA	001	ALEMBIC	DAPSONE	DAPSONE	8W5C518302	MQJKPEGWNLWLTK-UHFFFAOYSA-N	64	2023-10-27	AP	Prescription	true	2026-08-28	2026-08-31	2026-08-31	2026-08-31
218335	ANDA	001	MACLEODS PHARMS	DAPSONE	DAPSONE	8W5C518302	MQJKPEGWNLWLTK-UHFFFAOYSA-N	64	2026-07-08	AP	Prescription	true	2026-08-28	2026-08-31	2026-08-31	2026-08-31
218335	ANDA	002	MACLEODS PHARMS	DAPSONE	DAPSONE	8W5C518302	MQJKPEGWNLWLTK-UHFFFAOYSA-N	64	2026-07-08	AP	Prescription	true	2026-08-28	2026-08-31	2026-08-31	2026-08-31
218457	ANDA	001	AUROBINDO PHARMA LTD	DAPSONE	DAPSONE	8W5C518302	MQJKPEGWNLWLTK-UHFFFAOYSA-N	64	2025-04-04	AP	Prescription	true	2026-08-28	2026-08-31	2026-08-31	2026-08-31
220103	ANDA	001	ZYDUS LIFESCIENCES	DAPSONE	DAPSONE	8W5C518302	MQJKPEGWNLWLTK-UHFFFAOYSA-N	64	2026-02-26	AP	Prescription	true	2026-08-28	2026-08-31	2026-08-31	2026-08-31
220103	ANDA	002	ZYDUS LIFESCIENCES	DAPSONE	DAPSONE	8W5C518302	MQJKPEGWNLWLTK-UHFFFAOYSA-N	64	2026-02-26	AP	Prescription	true	2026-08-28	2026-08-31	2026-08-31	2026-08-31
050459	NDA	001	GLAXOSMITHKLINE	AMOXIL	AMOXICILLIN	804826J2HU	MQXQVCLAUDMCEF-CWLIKTDRSA-N	81	1974-01-18	AP	Discontinued	false	2026-08-28	2026-08-31	2026-08-31	2026-08-31
050459	NDA	002	GLAXOSMITHKLINE	AMOXIL	AMOXICILLIN	804826J2HU	MQXQVCLAUDMCEF-CWLIKTDRSA-N	81	1974-01-18	AP	Discontinued	false	2026-08-28	2026-08-31	2026-08-31	2026-08-31
050460	NDA	001	GLAXOSMITHKLINE	AMOXIL	AMOXICILLIN	804826J2HU	MQXQVCLAUDMCEF-CWLIKTDRSA-N	81	1974-01-18	AP	Discontinued	false	2026-08-28	2026-08-31	2026-08-31	2026-08-31
050460	NDA	002	GLAXOSMITHKLINE	AMOXIL	AMOXICILLIN	804826J2HU	MQXQVCLAUDMCEF-CWLIKTDRSA-N	81	1974-01-18	AP	Discontinued	false	2026-08-28	2026-08-31	2026-08-31	2026-08-31
050460	NDA	005	GLAXOSMITHKLINE	AMOXIL	AMOXICILLIN	804826J2HU	MQXQVCLAUDMCEF-CWLIKTDRSA-N	81	1974-01-18	AP	Discontinued	false	2026-08-28	2026-08-31	2026-08-31	2026-08-31
050460	NDA	006	GLAXOSMITHKLINE	LAROTID	AMOXICILLIN	804826J2HU	MQXQVCLAUDMCEF-CWLIKTDRSA-N	81	1974-01-18	AP	Discontinued	false	2026-08-28	2026-08-31	2026-08-31	2026-08-31
050542	NDA	001	US ANTIBIOTICS	AMOXIL	AMOXICILLIN	804826J2HU	MQXQVCLAUDMCEF-CWLIKTDRSA-N	81	1980-10-21	AP	Discontinued	false	2026-08-28	2026-08-31	2026-08-31	2026-08-31
050542	NDA	002	US ANTIBIOTICS	AMOXIL	AMOXICILLIN	804826J2HU	MQXQVCLAUDMCEF-CWLIKTDRSA-N	81	1980-10-21	AP	Discontinued	false	2026-08-28	2026-08-31	2026-08-31	2026-08-31
050754	NDA	001	US ANTIBIOTICS	AMOXIL	AMOXICILLIN	804826J2HU	MQXQVCLAUDMCEF-CWLIKTDRSA-N	81	1998-07-10	AP	Discontinued	false	2026-08-28	2026-08-31	2026-08-31	2026-08-31
050754	NDA	002	US ANTIBIOTICS	AMOXIL	AMOXICILLIN	804826J2HU	MQXQVCLAUDMCEF-CWLIKTDRSA-N	81	1998-07-10	AP	Discontinued	false	2026-08-28	2026-08-31	2026-08-31	2026-08-31
050760	NDA	001	US ANTIBIOTICS	AMOXIL	AMOXICILLIN	804826J2HU	MQXQVCLAUDMCEF-CWLIKTDRSA-N	81	1999-04-15	AP	Discontinued	false	2026-08-28	2026-08-31	2026-08-31	2026-08-31
050760	NDA	002	US ANTIBIOTICS	AMOXIL	AMOXICILLIN	804826J2HU	MQXQVCLAUDMCEF-CWLIKTDRSA-N	81	1999-04-15	AP	Prescription	true	2026-08-28	2026-08-31	2026-08-31	2026-08-31
050761	NDA	001	US ANTIBIOTICS	AMOXIL	AMOXICILLIN	804826J2HU	MQXQVCLAUDMCEF-CWLIKTDRSA-N	81	1999-04-15	AP	Discontinued	false	2026-08-28	2026-08-31	2026-08-31	2026-08-31
050761	NDA	002	US ANTIBIOTICS	AMOXIL	AMOXICILLIN	804826J2HU	MQXQVCLAUDMCEF-CWLIKTDRSA-N	81	1999-04-15	AP	Discontinued	false	2026-08-28	2026-08-31	2026-08-31	2026-08-31
050813	NDA	001	PRAGMA	MOXATAG	AMOXICILLIN	804826J2HU	MQXQVCLAUDMCEF-CWLIKTDRSA-N	81	2008-01-23	AP	Discontinued	false	2026-08-28	2026-08-31	2026-08-31	2026-08-31
061885	ANDA	001	APOTHECON	TRIMOX	AMOXICILLIN	804826J2HU	MQXQVCLAUDMCEF-CWLIKTDRSA-N	81	1974-12-10	AP	Discontinued	false	2026-08-28	2026-08-31	2026-08-31	2026-08-31
061885	ANDA	002	APOTHECON	TRIMOX	AMOXICILLIN	804826J2HU	MQXQVCLAUDMCEF-CWLIKTDRSA-N	81	1974-12-10	AP	Discontinued	false	2026-08-28	2026-08-31	2026-08-31	2026-08-31
061886	ANDA	001	APOTHECON	TRIMOX	AMOXICILLIN	804826J2HU	MQXQVCLAUDMCEF-CWLIKTDRSA-N	81	1974-12-09	AP	Discontinued	false	2026-08-28	2026-08-31	2026-08-31	2026-08-31
061886	ANDA	002	APOTHECON	TRIMOX	AMOXICILLIN	804826J2HU	MQXQVCLAUDMCEF-CWLIKTDRSA-N	81	1974-12-09	AP	Discontinued	false	2026-08-28	2026-08-31	2026-08-31	2026-08-31
061886	ANDA	003	APOTHECON	TRIMOX	AMOXICILLIN	804826J2HU	MQXQVCLAUDMCEF-CWLIKTDRSA-N	81	1974-12-09	AP	Discontinued	false	2026-08-28	2026-08-31	2026-08-31	2026-08-31
061926	ANDA	001	CHARTWELL RX	AMOXICILLIN	AMOXICILLIN	804826J2HU	MQXQVCLAUDMCEF-CWLIKTDRSA-N	81	1976-02-09	AP	Prescription	true	2026-08-28	2026-08-31	2026-08-31	2026-08-31
061926	ANDA	003	CHARTWELL RX	AMOXICILLIN	AMOXICILLIN	804826J2HU	MQXQVCLAUDMCEF-CWLIKTDRSA-N	81	1976-02-09	AP	Prescription	true	2026-08-28	2026-08-31	2026-08-31	2026-08-31
061931	ANDA	001	CHARTWELL RX	AMOXICILLIN	AMOXICILLIN	804826J2HU	MQXQVCLAUDMCEF-CWLIKTDRSA-N	81	1982-12-01	AP	Discontinued	false	2026-08-28	2026-08-31	2026-08-31	2026-08-31
061931	ANDA	002	CHARTWELL RX	AMOXICILLIN	AMOXICILLIN	804826J2HU	MQXQVCLAUDMCEF-CWLIKTDRSA-N	81	1982-12-01	AP	Prescription	true	2026-08-28	2026-08-31	2026-08-31	2026-08-31
061931	ANDA	003	CHARTWELL RX	AMOXICILLIN PEDIATRIC	AMOXICILLIN	804826J2HU	MQXQVCLAUDMCEF-CWLIKTDRSA-N	81	1982-12-01	AP	Prescription	true	2026-08-28	2026-08-31	2026-08-31	2026-08-31
062058	ANDA	001	CHARTWELL	AMOXICILLIN	AMOXICILLIN	804826J2HU	MQXQVCLAUDMCEF-CWLIKTDRSA-N	81	1978-08-03	AP	Prescription	true	2026-08-28	2026-08-31	2026-08-31	2026-08-31
062058	ANDA	002	CHARTWELL	AMOXICILLIN	AMOXICILLIN	804826J2HU	MQXQVCLAUDMCEF-CWLIKTDRSA-N	81	1978-08-03	AP	Prescription	true	2026-08-28	2026-08-31	2026-08-31	2026-08-31
062059	ANDA	001	CHARTWELL RX	AMOXICILLIN	AMOXICILLIN	804826J2HU	MQXQVCLAUDMCEF-CWLIKTDRSA-N	81	1978-12-08	AP	Discontinued	false	2026-08-28	2026-08-31	2026-08-31	2026-08-31
062059	ANDA	002	CHARTWELL RX	AMOXICILLIN	AMOXICILLIN	804826J2HU	MQXQVCLAUDMCEF-CWLIKTDRSA-N	81	1978-12-08	AP	Discontinued	false	2026-08-28	2026-08-31	2026-08-31	2026-08-31
062216	ANDA	001	US ANTIBIOTICS	AMOXIL	AMOXICILLIN	804826J2HU	MQXQVCLAUDMCEF-CWLIKTDRSA-N	81	1979-08-02	AP	Prescription	true	2026-08-28	2026-08-31	2026-08-31	2026-08-31
062216	ANDA	004	US ANTIBIOTICS	AMOXIL	AMOXICILLIN	804826J2HU	MQXQVCLAUDMCEF-CWLIKTDRSA-N	81	1979-08-02	AP	Prescription	true	2026-08-28	2026-08-31	2026-08-31	2026-08-31
062226	ANDA	001	US ANTIBIOTICS	AMOXIL	AMOXICILLIN	804826J2HU	MQXQVCLAUDMCEF-CWLIKTDRSA-N	81	1979-11-27	AP	Prescription	true	2026-08-28	2026-08-31	2026-08-31	2026-08-31
062226	ANDA	002	US ANTIBIOTICS	AMOXIL	AMOXICILLIN	804826J2HU	MQXQVCLAUDMCEF-CWLIKTDRSA-N	81	1979-11-27	AP	Prescription	true	2026-08-28	2026-08-31	2026-08-31	2026-08-31
062226	ANDA	003	US ANTIBIOTICS	LAROTID	AMOXICILLIN	804826J2HU	MQXQVCLAUDMCEF-CWLIKTDRSA-N	81	1979-11-27	AP	Prescription	true	2026-08-28	2026-08-31	2026-08-31	2026-08-31
062226	ANDA	004	US ANTIBIOTICS	LAROTID	AMOXICILLIN	804826J2HU	MQXQVCLAUDMCEF-CWLIKTDRSA-N	81	1979-11-27	AP	Prescription	true	2026-08-28	2026-08-31	2026-08-31	2026-08-31
062226	ANDA	005	US ANTIBIOTICS	AMOXIL	AMOXICILLIN	804826J2HU	MQXQVCLAUDMCEF-CWLIKTDRSA-N	81	1979-11-27	AP	Prescription	true	2026-08-28	2026-08-31	2026-08-31	2026-08-31
062323	ANDA	001	APOTHECON	POLYMOX	AMOXICILLIN	804826J2HU	MQXQVCLAUDMCEF-CWLIKTDRSA-N	81	1981-12-08	AP	Discontinued	false	2026-08-28	2026-08-31	2026-08-31	2026-08-31
062323	ANDA	002	APOTHECON	POLYMOX	AMOXICILLIN	804826J2HU	MQXQVCLAUDMCEF-CWLIKTDRSA-N	81	1981-12-08	AP	Discontinued	false	2026-08-28	2026-08-31	2026-08-31	2026-08-31
062528	ANDA	001	LABS ATRAL	AMOXICILLIN	AMOXICILLIN	804826J2HU	MQXQVCLAUDMCEF-CWLIKTDRSA-N	81	1985-08-07	AP	Discontinued	false	2026-08-28	2026-08-31	2026-08-31	2026-08-31
062528	ANDA	002	LABS ATRAL	AMOXICILLIN	AMOXICILLIN	804826J2HU	MQXQVCLAUDMCEF-CWLIKTDRSA-N	81	1985-08-07	AP	Discontinued	false	2026-08-28	2026-08-31	2026-08-31	2026-08-31
062853	ANDA	001	TEVA	AMOXICILLIN	AMOXICILLIN	804826J2HU	MQXQVCLAUDMCEF-CWLIKTDRSA-N	81	1987-12-22	AP	Discontinued	false	2026-08-28	2026-08-31	2026-08-31	2026-08-31
062854	ANDA	001	TEVA	AMOXICILLIN	AMOXICILLIN	804826J2HU	MQXQVCLAUDMCEF-CWLIKTDRSA-N	81	1987-12-22	AP	Discontinued	false	2026-08-28	2026-08-31	2026-08-31	2026-08-31
062881	ANDA	001	STRIDES PHARMA INTL	AMOXICILLIN	AMOXICILLIN	804826J2HU	MQXQVCLAUDMCEF-CWLIKTDRSA-N	81	1988-02-25	AP	Discontinued	false	2026-08-28	2026-08-31	2026-08-31	2026-08-31
062884	ANDA	001	STRIDES PHARMA INTL	AMOXICILLIN	AMOXICILLIN	804826J2HU	MQXQVCLAUDMCEF-CWLIKTDRSA-N	81	1988-02-25	AP	Discontinued	false	2026-08-28	2026-08-31	2026-08-31	2026-08-31
062885	ANDA	001	APOTHECON	TRIMOX	AMOXICILLIN	804826J2HU	MQXQVCLAUDMCEF-CWLIKTDRSA-N	81	1988-03-08	AP	Discontinued	false	2026-08-28	2026-08-31	2026-08-31	2026-08-31
062885	ANDA	002	APOTHECON	TRIMOX	AMOXICILLIN	804826J2HU	MQXQVCLAUDMCEF-CWLIKTDRSA-N	81	1988-03-08	AP	Discontinued	false	2026-08-28	2026-08-31	2026-08-31	2026-08-31
062927	ANDA	001	PH HEALTH	AMOXICILLIN	AMOXICILLIN	804826J2HU	MQXQVCLAUDMCEF-CWLIKTDRSA-N	81	1988-11-25	AP	Discontinued	false	2026-08-28	2026-08-31	2026-08-31	2026-08-31
062927	ANDA	002	PH HEALTH	AMOXICILLIN	AMOXICILLIN	804826J2HU	MQXQVCLAUDMCEF-CWLIKTDRSA-N	81	1988-11-25	AP	Discontinued	false	2026-08-28	2026-08-31	2026-08-31	2026-08-31
062946	ANDA	001	TEVA	AMOXICILLIN	AMOXICILLIN	804826J2HU	MQXQVCLAUDMCEF-CWLIKTDRSA-N	81	1988-11-01	AP	Discontinued	false	2026-08-28	2026-08-31	2026-08-31	2026-08-31
063001	ANDA	001	TEVA	AMOXICILLIN	AMOXICILLIN	804826J2HU	MQXQVCLAUDMCEF-CWLIKTDRSA-N	81	1989-01-06	AP	Discontinued	false	2026-08-28	2026-08-31	2026-08-31	2026-08-31
063030	ANDA	001	TEVA	AMOXICILLIN	AMOXICILLIN	804826J2HU	MQXQVCLAUDMCEF-CWLIKTDRSA-N	81	1989-02-28	AP	Discontinued	false	2026-08-28	2026-08-31	2026-08-31	2026-08-31
063031	ANDA	001	TEVA	AMOXICILLIN	AMOXICILLIN	804826J2HU	MQXQVCLAUDMCEF-CWLIKTDRSA-N	81	1989-02-28	AP	Discontinued	false	2026-08-28	2026-08-31	2026-08-31	2026-08-31
063099	ANDA	001	APOTHECON	TRIMOX	AMOXICILLIN	804826J2HU	MQXQVCLAUDMCEF-CWLIKTDRSA-N	81	1992-03-20	AP	Discontinued	false	2026-08-28	2026-08-31	2026-08-31	2026-08-31
063099	ANDA	002	APOTHECON	TRIMOX	AMOXICILLIN	804826J2HU	MQXQVCLAUDMCEF-CWLIKTDRSA-N	81	1992-03-20	AP	Discontinued	false	2026-08-28	2026-08-31	2026-08-31	2026-08-31
064013	ANDA	001	CHARTWELL RX	AMOXICILLIN	AMOXICILLIN	804826J2HU	MQXQVCLAUDMCEF-CWLIKTDRSA-N	81	1992-12-22	AP	Prescription	true	2026-08-28	2026-08-31	2026-08-31	2026-08-31
064013	ANDA	002	CHARTWELL RX	AMOXICILLIN	AMOXICILLIN	804826J2HU	MQXQVCLAUDMCEF-CWLIKTDRSA-N	81	1992-12-22	AP	Prescription	true	2026-08-28	2026-08-31	2026-08-31	2026-08-31
064031	ANDA	001	TEVA	AMOXICILLIN	AMOXICILLIN	804826J2HU	MQXQVCLAUDMCEF-CWLIKTDRSA-N	81	1996-12-19	AP	Discontinued	false	2026-08-28	2026-08-31	2026-08-31	2026-08-31
064031	ANDA	002	TEVA	AMOXICILLIN	AMOXICILLIN	804826J2HU	MQXQVCLAUDMCEF-CWLIKTDRSA-N	81	1996-12-19	AP	Discontinued	false	2026-08-28	2026-08-31	2026-08-31	2026-08-31
064076	ANDA	001	SANDOZ	AMOXICILLIN	AMOXICILLIN	804826J2HU	MQXQVCLAUDMCEF-CWLIKTDRSA-N	81	1994-09-30	AP	Prescription	true	2026-08-28	2026-08-31	2026-08-31	2026-08-31
064076	ANDA	002	SANDOZ	AMOXICILLIN	AMOXICILLIN	804826J2HU	MQXQVCLAUDMCEF-CWLIKTDRSA-N	81	1994-09-30	AP	Prescription	true	2026-08-28	2026-08-31	2026-08-31	2026-08-31
064139	ANDA	001	CHARTWELL RX	AMOXICILLIN	AMOXICILLIN	804826J2HU	MQXQVCLAUDMCEF-CWLIKTDRSA-N	81	1996-01-29	AP	Discontinued	false	2026-08-28	2026-08-31	2026-08-31	2026-08-31
064139	ANDA	002	CHARTWELL RX	AMOXICILLIN	AMOXICILLIN	804826J2HU	MQXQVCLAUDMCEF-CWLIKTDRSA-N	81	1996-01-29	AP	Discontinued	false	2026-08-28	2026-08-31	2026-08-31	2026-08-31
065016	ANDA	001	SUN PHARM INDS LTD	AMOXICILLIN	AMOXICILLIN	804826J2HU	MQXQVCLAUDMCEF-CWLIKTDRSA-N	81	1999-04-08	AP	Discontinued	false	2026-08-28	2026-08-31	2026-08-31	2026-08-31
065016	ANDA	002	SUN PHARM INDS LTD	AMOXICILLIN	AMOXICILLIN	804826J2HU	MQXQVCLAUDMCEF-CWLIKTDRSA-N	81	1999-04-08	AP	Discontinued	false	2026-08-28	2026-08-31	2026-08-31	2026-08-31
065021	ANDA	001	SUN PHARM INDS LTD	AMOXICILLIN	AMOXICILLIN	804826J2HU	MQXQVCLAUDMCEF-CWLIKTDRSA-N	81	1999-12-23	AP	Discontinued	false	2026-08-28	2026-08-31	2026-08-31	2026-08-31
065021	ANDA	002	SUN PHARM INDS LTD	AMOXICILLIN	AMOXICILLIN	804826J2HU	MQXQVCLAUDMCEF-CWLIKTDRSA-N	81	1999-12-23	AP	Discontinued	false	2026-08-28	2026-08-31	2026-08-31	2026-08-31
065056	ANDA	001	CHARTWELL RX	AMOXICILLIN	AMOXICILLIN	804826J2HU	MQXQVCLAUDMCEF-CWLIKTDRSA-N	81	2000-09-18	AP	Prescription	true	2026-08-28	2026-08-31	2026-08-31	2026-08-31
065056	ANDA	002	CHARTWELL RX	AMOXICILLIN	AMOXICILLIN	804826J2HU	MQXQVCLAUDMCEF-CWLIKTDRSA-N	81	2000-09-18	AP	Prescription	true	2026-08-28	2026-08-31	2026-08-31	2026-08-31
065059	ANDA	001	SUN PHARM INDS LTD	AMOXICILLIN	AMOXICILLIN	804826J2HU	MQXQVCLAUDMCEF-CWLIKTDRSA-N	81	2000-11-24	AP	Discontinued	false	2026-08-28	2026-08-31	2026-08-31	2026-08-31
065059	ANDA	002	SUN PHARM INDS LTD	AMOXICILLIN	AMOXICILLIN	804826J2HU	MQXQVCLAUDMCEF-CWLIKTDRSA-N	81	2000-11-24	AP	Discontinued	false	2026-08-28	2026-08-31	2026-08-31	2026-08-31
065060	ANDA	001	SUN PHARM INDS LTD	AMOXICILLIN	AMOXICILLIN	804826J2HU	MQXQVCLAUDMCEF-CWLIKTDRSA-N	81	2000-11-29	AP	Discontinued	false	2026-08-28	2026-08-31	2026-08-31	2026-08-31
065060	ANDA	002	SUN PHARM INDS LTD	AMOXICILLIN	AMOXICILLIN	804826J2HU	MQXQVCLAUDMCEF-CWLIKTDRSA-N	81	2000-11-29	AP	Discontinued	false	2026-08-28	2026-08-31	2026-08-31	2026-08-31
065080	ANDA	001	RANBAXY LABS LTD	DISPERMOX	AMOXICILLIN	804826J2HU	MQXQVCLAUDMCEF-CWLIKTDRSA-N	81	2003-08-11	AP	Discontinued	false	2026-08-28	2026-08-31	2026-08-31	2026-08-31
065080	ANDA	002	RANBAXY LABS LTD	DISPERMOX	AMOXICILLIN	804826J2HU	MQXQVCLAUDMCEF-CWLIKTDRSA-N	81	2003-08-11	AP	Discontinued	false	2026-08-28	2026-08-31	2026-08-31	2026-08-31
065113	ANDA	001	SUN PHARM INDS LTD	AMOXICILLIN	AMOXICILLIN	804826J2HU	MQXQVCLAUDMCEF-CWLIKTDRSA-N	81	2002-11-29	AP	Discontinued	false	2026-08-28	2026-08-31	2026-08-31	2026-08-31
065113	ANDA	002	SUN PHARM INDS LTD	AMOXICILLIN	AMOXICILLIN	804826J2HU	MQXQVCLAUDMCEF-CWLIKTDRSA-N	81	2002-11-29	AP	Discontinued	false	2026-08-28	2026-08-31	2026-08-31	2026-08-31
065119	ANDA	001	CHARTWELL RX	AMOXICILLIN	AMOXICILLIN	804826J2HU	MQXQVCLAUDMCEF-CWLIKTDRSA-N	81	2002-12-04	AP	Prescription	true	2026-08-28	2026-08-31	2026-08-31	2026-08-31
065119	ANDA	002	CHARTWELL RX	AMOXICILLIN	AMOXICILLIN	804826J2HU	MQXQVCLAUDMCEF-CWLIKTDRSA-N	81	2002-12-04	AP	Prescription	true	2026-08-28	2026-08-31	2026-08-31	2026-08-31
065159	ANDA	001	RANBAXY LABS LTD	DISPERMOX	AMOXICILLIN	804826J2HU	MQXQVCLAUDMCEF-CWLIKTDRSA-N	81	2003-12-04	AP	Discontinued	false	2026-08-28	2026-08-31	2026-08-31	2026-08-31
065228	ANDA	001	SANDOZ	AMOXICILLIN	AMOXICILLIN	804826J2HU	MQXQVCLAUDMCEF-CWLIKTDRSA-N	81	2005-07-13	AP	Prescription	true	2026-08-28	2026-08-31	2026-08-31	2026-08-31
065228	ANDA	002	SANDOZ	AMOXICILLIN	AMOXICILLIN	804826J2HU	MQXQVCLAUDMCEF-CWLIKTDRSA-N	81	2005-07-13	AP	Prescription	true	2026-08-28	2026-08-31	2026-08-31	2026-08-31
065255	ANDA	001	HIKMA	AMOXICILLIN	AMOXICILLIN	804826J2HU	MQXQVCLAUDMCEF-CWLIKTDRSA-N	81	2006-03-29	AP	Prescription	true	2026-08-28	2026-08-31	2026-08-31	2026-08-31
065256	ANDA	001	AUROBINDO	AMOXICILLIN	AMOXICILLIN	804826J2HU	MQXQVCLAUDMCEF-CWLIKTDRSA-N	81	2005-11-09	AP	Prescription	true	2026-08-28	2026-08-31	2026-08-31	2026-08-31
065256	ANDA	002	AUROBINDO	AMOXICILLIN	AMOXICILLIN	804826J2HU	MQXQVCLAUDMCEF-CWLIKTDRSA-N	81	2005-11-09	AP	Prescription	true	2026-08-28	2026-08-31	2026-08-31	2026-08-31
065271	ANDA	001	AUROBINDO	AMOXICILLIN	AMOXICILLIN	804826J2HU	MQXQVCLAUDMCEF-CWLIKTDRSA-N	81	2005-11-09	AP	Prescription	true	2026-08-28	2026-08-31	2026-08-31	2026-08-31
065271	ANDA	002	AUROBINDO	AMOXICILLIN	AMOXICILLIN	804826J2HU	MQXQVCLAUDMCEF-CWLIKTDRSA-N	81	2005-11-09	AP	Prescription	true	2026-08-28	2026-08-31	2026-08-31	2026-08-31
065291	ANDA	001	HIKMA PHARMS	AMOXICILLIN	AMOXICILLIN	804826J2HU	MQXQVCLAUDMCEF-CWLIKTDRSA-N	81	2007-02-05	AP	Prescription	true	2026-08-28	2026-08-31	2026-08-31	2026-08-31
065291	ANDA	002	HIKMA PHARMS	AMOXICILLIN	AMOXICILLIN	804826J2HU	MQXQVCLAUDMCEF-CWLIKTDRSA-N	81	2007-02-05	AP	Prescription	true	2026-08-28	2026-08-31	2026-08-31	2026-08-31
065319	ANDA	002	CHARTWELL RX	AMOXICILLIN	AMOXICILLIN	804826J2HU	MQXQVCLAUDMCEF-CWLIKTDRSA-N	81	2007-06-18	AP	Prescription	true	2026-08-28	2026-08-31	2026-08-31	2026-08-31
065322	ANDA	001	HIKMA	AMOXICILLIN	AMOXICILLIN	804826J2HU	MQXQVCLAUDMCEF-CWLIKTDRSA-N	81	2006-06-19	AP	Prescription	true	2026-08-28	2026-08-31	2026-08-31	2026-08-31
065322	ANDA	002	HIKMA	AMOXICILLIN	AMOXICILLIN	804826J2HU	MQXQVCLAUDMCEF-CWLIKTDRSA-N	81	2006-06-19	AP	Prescription	true	2026-08-28	2026-08-31	2026-08-31	2026-08-31
065324	ANDA	001	AUROBINDO PHARMA LTD	AMOXICILLIN	AMOXICILLIN	804826J2HU	MQXQVCLAUDMCEF-CWLIKTDRSA-N	81	2007-01-17	AP	Discontinued	false	2026-08-28	2026-08-31	2026-08-31	2026-08-31
065324	ANDA	002	AUROBINDO PHARMA LTD	AMOXICILLIN	AMOXICILLIN	804826J2HU	MQXQVCLAUDMCEF-CWLIKTDRSA-N	81	2007-01-17	AP	Discontinued	false	2026-08-28	2026-08-31	2026-08-31	2026-08-31
065325	ANDA	001	HIKMA	AMOXICILLIN	AMOXICILLIN	804826J2HU	MQXQVCLAUDMCEF-CWLIKTDRSA-N	81	2006-06-19	AP	Prescription	true	2026-08-28	2026-08-31	2026-08-31	2026-08-31
065325	ANDA	002	HIKMA	AMOXICILLIN	AMOXICILLIN	804826J2HU	MQXQVCLAUDMCEF-CWLIKTDRSA-N	81	2006-06-19	AP	Prescription	true	2026-08-28	2026-08-31	2026-08-31	2026-08-31
065334	ANDA	001	AUROBINDO	AMOXICILLIN	AMOXICILLIN	804826J2HU	MQXQVCLAUDMCEF-CWLIKTDRSA-N	81	2006-12-28	AP	Prescription	true	2026-08-28	2026-08-31	2026-08-31	2026-08-31
065334	ANDA	002	AUROBINDO	AMOXICILLIN	AMOXICILLIN	804826J2HU	MQXQVCLAUDMCEF-CWLIKTDRSA-N	81	2006-12-28	AP	Prescription	true	2026-08-28	2026-08-31	2026-08-31	2026-08-31
065344	ANDA	001	CHARTWELL RX	AMOXICILLIN	AMOXICILLIN	804826J2HU	MQXQVCLAUDMCEF-CWLIKTDRSA-N	81	2009-01-15	AP	Discontinued	false	2026-08-28	2026-08-31	2026-08-31	2026-08-31
065378	ANDA	001	SANDOZ	AMOXICILLIN	AMOXICILLIN	804826J2HU	MQXQVCLAUDMCEF-CWLIKTDRSA-N	81	2007-03-26	AP	Prescription	true	2026-08-28	2026-08-31	2026-08-31	2026-08-31
065378	ANDA	002	SANDOZ	AMOXICILLIN	AMOXICILLIN	804826J2HU	MQXQVCLAUDMCEF-CWLIKTDRSA-N	81	2007-03-26	AP	Prescription	true	2026-08-28	2026-08-31	2026-08-31	2026-08-31
065387	ANDA	001	SANDOZ	AMOXICILLIN	AMOXICILLIN	804826J2HU	MQXQVCLAUDMCEF-CWLIKTDRSA-N	81	2007-03-26	AP	Prescription	true	2026-08-28	2026-08-31	2026-08-31	2026-08-31
065387	ANDA	002	SANDOZ	AMOXICILLIN	AMOXICILLIN	804826J2HU	MQXQVCLAUDMCEF-CWLIKTDRSA-N	81	2007-03-26	AP	Prescription	true	2026-08-28	2026-08-31	2026-08-31	2026-08-31
204030	ANDA	001	AUROBINDO PHARMA LTD	AMOXICILLIN	AMOXICILLIN	804826J2HU	MQXQVCLAUDMCEF-CWLIKTDRSA-N	81	2014-09-15	AP	Prescription	true	2026-08-28	2026-08-31	2026-08-31	2026-08-31
204030	ANDA	002	AUROBINDO PHARMA LTD	AMOXICILLIN	AMOXICILLIN	804826J2HU	MQXQVCLAUDMCEF-CWLIKTDRSA-N	81	2014-09-15	AP	Prescription	true	2026-08-28	2026-08-31	2026-08-31	2026-08-31
205274	ANDA	001	HIKMA	AMOXICILLIN	AMOXICILLIN	804826J2HU	MQXQVCLAUDMCEF-CWLIKTDRSA-N	81	2020-06-25	AP	Discontinued	false	2026-08-28	2026-08-31	2026-08-31	2026-08-31
205274	ANDA	002	HIKMA	AMOXICILLIN	AMOXICILLIN	804826J2HU	MQXQVCLAUDMCEF-CWLIKTDRSA-N	81	2020-06-25	AP	Discontinued	false	2026-08-28	2026-08-31	2026-08-31	2026-08-31
207471	ANDA	001	MICRO LABS	AMOXICILLIN	AMOXICILLIN	804826J2HU	MQXQVCLAUDMCEF-CWLIKTDRSA-N	81	2022-06-24	AP	Prescription	true	2026-08-28	2026-08-31	2026-08-31	2026-08-31
207471	ANDA	002	MICRO LABS	AMOXICILLIN	AMOXICILLIN	804826J2HU	MQXQVCLAUDMCEF-CWLIKTDRSA-N	81	2022-06-24	AP	Prescription	true	2026-08-28	2026-08-31	2026-08-31	2026-08-31
213895	NDA	001	HIKMA	VANCOMYCIN	VANCOMYCIN	6Q205EH1VU	MYPYJXKWCTUITO-LYRMYLQWSA-N	43	2021-08-26	AP	Discontinued	false	2026-08-28	2026-08-31	2026-08-31	2026-08-31
019847	NDA	001	BAYER HLTHCARE	CIPRO	CIPROFLOXACIN	5E8K9I0O4U	MYSWGUAQZAJSOK-UHFFFAOYSA-N	103	1990-12-26	AP	Discontinued	false	2026-08-28	2026-08-31	2026-08-31	2026-08-31
019847	NDA	002	BAYER HLTHCARE	CIPRO	CIPROFLOXACIN	5E8K9I0O4U	MYSWGUAQZAJSOK-UHFFFAOYSA-N	103	1990-12-26	AP	Discontinued	false	2026-08-28	2026-08-31	2026-08-31	2026-08-31
019847	NDA	003	BAYER HLTHCARE	CIPRO	CIPROFLOXACIN	5E8K9I0O4U	MYSWGUAQZAJSOK-UHFFFAOYSA-N	103	1990-12-26	AP	Discontinued	false	2026-08-28	2026-08-31	2026-08-31	2026-08-31
019857	NDA	001	BAYER HLTHCARE	CIPRO IN DEXTROSE 5% IN PLASTIC CONTAINER	CIPROFLOXACIN	5E8K9I0O4U	MYSWGUAQZAJSOK-UHFFFAOYSA-N	103	1990-12-26	AP	Discontinued	false	2026-08-28	2026-08-31	2026-08-31	2026-08-31
019857	NDA	002	BAYER HLTHCARE	CIPRO IN DEXTROSE 5% IN PLASTIC CONTAINER	CIPROFLOXACIN	5E8K9I0O4U	MYSWGUAQZAJSOK-UHFFFAOYSA-N	103	1990-12-26	AP	Discontinued	false	2026-08-28	2026-08-31	2026-08-31	2026-08-31
019858	NDA	001	BAYER PHARMS	CIPRO IN SODIUM CHLORIDE 0.9% IN PLASTIC CONTAINER	CIPROFLOXACIN	5E8K9I0O4U	MYSWGUAQZAJSOK-UHFFFAOYSA-N	103	1990-12-26	AP	Discontinued	false	2026-08-28	2026-08-31	2026-08-31	2026-08-31
020780	NDA	001	BAYER HLTHCARE	CIPRO	CIPROFLOXACIN	5E8K9I0O4U	MYSWGUAQZAJSOK-UHFFFAOYSA-N	103	1997-09-26	AP	Prescription	true	2026-08-28	2026-08-31	2026-08-31	2026-08-31
020780	NDA	002	BAYER HLTHCARE	CIPRO	CIPROFLOXACIN	5E8K9I0O4U	MYSWGUAQZAJSOK-UHFFFAOYSA-N	103	1997-09-26	AP	Prescription	true	2026-08-28	2026-08-31	2026-08-31	2026-08-31
076126	ANDA	001	CARLSBAD	CIPROFLOXACIN	CIPROFLOXACIN	5E8K9I0O4U	MYSWGUAQZAJSOK-UHFFFAOYSA-N	103	2004-06-09	AP	Prescription	true	2026-08-28	2026-08-31	2026-08-31	2026-08-31
076484	ANDA	001	FRESENIUS KABI USA	CIPROFLOXACIN	CIPROFLOXACIN	5E8K9I0O4U	MYSWGUAQZAJSOK-UHFFFAOYSA-N	103	2006-08-28	AP	Discontinued	false	2026-08-28	2026-08-31	2026-08-31	2026-08-31
076484	ANDA	002	FRESENIUS KABI USA	CIPROFLOXACIN	CIPROFLOXACIN	5E8K9I0O4U	MYSWGUAQZAJSOK-UHFFFAOYSA-N	103	2006-08-28	AP	Discontinued	false	2026-08-28	2026-08-31	2026-08-31	2026-08-31
076558	ANDA	001	HIKMA	CIPROFLOXACIN	CIPROFLOXACIN	5E8K9I0O4U	MYSWGUAQZAJSOK-UHFFFAOYSA-N	103	2004-06-09	AP	Prescription	true	2026-08-28	2026-08-31	2026-08-31	2026-08-31
076717	ANDA	001	HIKMA FARMACEUTICA	CIPROFLOXACIN	CIPROFLOXACIN	5E8K9I0O4U	MYSWGUAQZAJSOK-UHFFFAOYSA-N	103	2009-12-22	AP	Prescription	true	2026-08-28	2026-08-31	2026-08-31	2026-08-31
076717	ANDA	002	HIKMA FARMACEUTICA	CIPROFLOXACIN	CIPROFLOXACIN	5E8K9I0O4U	MYSWGUAQZAJSOK-UHFFFAOYSA-N	103	2009-12-22	AP	Prescription	true	2026-08-28	2026-08-31	2026-08-31	2026-08-31
076757	ANDA	001	HIKMA FARMACEUTICA	CIPROFLOXACIN IN DEXTROSE 5%	CIPROFLOXACIN	5E8K9I0O4U	MYSWGUAQZAJSOK-UHFFFAOYSA-N	103	2008-04-21	AP	Discontinued	false	2026-08-28	2026-08-31	2026-08-31	2026-08-31
077245	ANDA	001	HOSPIRA	CIPROFLOXACIN	CIPROFLOXACIN	5E8K9I0O4U	MYSWGUAQZAJSOK-UHFFFAOYSA-N	103	2006-08-28	AP	Discontinued	false	2026-08-28	2026-08-31	2026-08-31	2026-08-31
077245	ANDA	002	HOSPIRA	CIPROFLOXACIN	CIPROFLOXACIN	5E8K9I0O4U	MYSWGUAQZAJSOK-UHFFFAOYSA-N	103	2006-08-28	AP	Discontinued	false	2026-08-28	2026-08-31	2026-08-31	2026-08-31
077753	ANDA	001	HOSPIRA	CIPROFLOXACIN IN DEXTROSE 5% IN PLASTIC CONTAINER	CIPROFLOXACIN	5E8K9I0O4U	MYSWGUAQZAJSOK-UHFFFAOYSA-N	103	2008-03-18	AP	Prescription	true	2026-08-28	2026-08-31	2026-08-31	2026-08-31
077753	ANDA	002	HOSPIRA	CIPROFLOXACIN IN DEXTROSE 5% IN PLASTIC CONTAINER	CIPROFLOXACIN	5E8K9I0O4U	MYSWGUAQZAJSOK-UHFFFAOYSA-N	103	2008-03-18	AP	Prescription	true	2026-08-28	2026-08-31	2026-08-31	2026-08-31
077782	ANDA	001	DR REDDYS	CIPROFLOXACIN	CIPROFLOXACIN	5E8K9I0O4U	MYSWGUAQZAJSOK-UHFFFAOYSA-N	103	2006-08-28	AP	Discontinued	false	2026-08-28	2026-08-31	2026-08-31	2026-08-31
077782	ANDA	002	DR REDDYS	CIPROFLOXACIN	CIPROFLOXACIN	5E8K9I0O4U	MYSWGUAQZAJSOK-UHFFFAOYSA-N	103	2006-08-28	AP	Discontinued	false	2026-08-28	2026-08-31	2026-08-31	2026-08-31
077888	ANDA	001	BAXTER HLTHCARE	CIPROFLOXACIN IN DEXTROSE 5% IN PLASTIC CONTAINER	CIPROFLOXACIN	5E8K9I0O4U	MYSWGUAQZAJSOK-UHFFFAOYSA-N	103	2008-03-18	AP	Discontinued	false	2026-08-28	2026-08-31	2026-08-31	2026-08-31
077888	ANDA	002	BAXTER HLTHCARE	CIPROFLOXACIN IN DEXTROSE 5% IN PLASTIC CONTAINER	CIPROFLOXACIN	5E8K9I0O4U	MYSWGUAQZAJSOK-UHFFFAOYSA-N	103	2008-03-18	AP	Discontinued	false	2026-08-28	2026-08-31	2026-08-31	2026-08-31
078024	ANDA	001	BAXTER HLTHCARE CORP	CIPROFLOXACIN IN DEXTROSE 5% IN PLASTIC CONTAINER	CIPROFLOXACIN	5E8K9I0O4U	MYSWGUAQZAJSOK-UHFFFAOYSA-N	103	2008-03-18	AP	Discontinued	false	2026-08-28	2026-08-31	2026-08-31	2026-08-31
078024	ANDA	002	BAXTER HLTHCARE CORP	CIPROFLOXACIN IN DEXTROSE 5% IN PLASTIC CONTAINER	CIPROFLOXACIN	5E8K9I0O4U	MYSWGUAQZAJSOK-UHFFFAOYSA-N	103	2008-03-18	AP	Discontinued	false	2026-08-28	2026-08-31	2026-08-31	2026-08-31
078062	ANDA	001	BAXTER HLTHCARE CORP	CIPROFLOXACIN	CIPROFLOXACIN	5E8K9I0O4U	MYSWGUAQZAJSOK-UHFFFAOYSA-N	103	2008-04-29	AP	Discontinued	false	2026-08-28	2026-08-31	2026-08-31	2026-08-31
078062	ANDA	002	BAXTER HLTHCARE CORP	CIPROFLOXACIN	CIPROFLOXACIN	5E8K9I0O4U	MYSWGUAQZAJSOK-UHFFFAOYSA-N	103	2008-04-29	AP	Discontinued	false	2026-08-28	2026-08-31	2026-08-31	2026-08-31
078114	ANDA	001	BEDFORD	CIPROFLOXACIN IN DEXTROSE 5% IN PLASTIC CONTAINER	CIPROFLOXACIN	5E8K9I0O4U	MYSWGUAQZAJSOK-UHFFFAOYSA-N	103	2008-03-18	AP	Discontinued	false	2026-08-28	2026-08-31	2026-08-31	2026-08-31
078114	ANDA	002	BEDFORD	CIPROFLOXACIN IN DEXTROSE 5% IN PLASTIC CONTAINER	CIPROFLOXACIN	5E8K9I0O4U	MYSWGUAQZAJSOK-UHFFFAOYSA-N	103	2008-03-18	AP	Discontinued	false	2026-08-28	2026-08-31	2026-08-31	2026-08-31
078252	ANDA	001	INFORLIFE	CIPROFLOXACIN IN DEXTROSE 5% IN PLASTIC CONTAINER	CIPROFLOXACIN	5E8K9I0O4U	MYSWGUAQZAJSOK-UHFFFAOYSA-N	103	2008-03-18	AP	Prescription	true	2026-08-28	2026-08-31	2026-08-31	2026-08-31
078252	ANDA	002	INFORLIFE	CIPROFLOXACIN IN DEXTROSE 5% IN PLASTIC CONTAINER	CIPROFLOXACIN	5E8K9I0O4U	MYSWGUAQZAJSOK-UHFFFAOYSA-N	103	2008-03-18	AP	Prescription	true	2026-08-28	2026-08-31	2026-08-31	2026-08-31
078431	ANDA	001	HIKMA FARMACEUTICA	CIPROFLOXACIN IN DEXTROSE 5% IN PLASTIC CONTAINER	CIPROFLOXACIN	5E8K9I0O4U	MYSWGUAQZAJSOK-UHFFFAOYSA-N	103	2009-11-18	AP	Prescription	true	2026-08-28	2026-08-31	2026-08-31	2026-08-31
200563	ANDA	001	CHARTWELL	CIPROFLOXACIN	CIPROFLOXACIN	5E8K9I0O4U	MYSWGUAQZAJSOK-UHFFFAOYSA-N	103	2014-03-05	AP	Prescription	true	2026-08-28	2026-08-31	2026-08-31	2026-08-31
200563	ANDA	002	CHARTWELL	CIPROFLOXACIN	CIPROFLOXACIN	5E8K9I0O4U	MYSWGUAQZAJSOK-UHFFFAOYSA-N	103	2014-03-05	AP	Prescription	true	2026-08-28	2026-08-31	2026-08-31	2026-08-31
207986	NDA	001	ALK ABELLO	OTIPRIO	CIPROFLOXACIN	5E8K9I0O4U	MYSWGUAQZAJSOK-UHFFFAOYSA-N	103	2015-12-10	AP	Discontinued	false	2026-08-28	2026-08-31	2026-08-31	2026-08-31
020659	NDA	001	ABBVIE	NORVIR	RITONAVIR	O3J8G9O825	NCDNCNXCDXHOMX-XGKFQTDJSA-N	101	1996-03-01	AP	Discontinued	false	2026-08-28	2026-08-31	2026-08-31	2026-08-31
020680	NDA	001	ABBOTT	NORVIR	RITONAVIR	O3J8G9O825	NCDNCNXCDXHOMX-XGKFQTDJSA-N	101	1996-03-01	AP	Discontinued	false	2026-08-28	2026-08-31	2026-08-31	2026-08-31
020945	NDA	001	ABBVIE	NORVIR	RITONAVIR	O3J8G9O825	NCDNCNXCDXHOMX-XGKFQTDJSA-N	101	1999-06-29	AP	Discontinued	false	2026-08-28	2026-08-31	2026-08-31	2026-08-31
022417	NDA	001	ABBVIE	NORVIR	RITONAVIR	O3J8G9O825	NCDNCNXCDXHOMX-XGKFQTDJSA-N	101	2010-02-10	AP	Prescription	true	2026-08-28	2026-08-31	2026-08-31	2026-08-31
202573	ANDA	001	CIPLA	RITONAVIR	RITONAVIR	O3J8G9O825	NCDNCNXCDXHOMX-XGKFQTDJSA-N	101	2015-01-15	AP	Prescription	true	2026-08-28	2026-08-31	2026-08-31	2026-08-31
203759	ANDA	001	CIPLA	RITONAVIR	RITONAVIR	O3J8G9O825	NCDNCNXCDXHOMX-XGKFQTDJSA-N	101	2022-05-10	AP	Prescription	true	2026-08-28	2026-08-31	2026-08-31	2026-08-31
204587	ANDA	001	HETERO LABS LTD III	RITONAVIR	RITONAVIR	O3J8G9O825	NCDNCNXCDXHOMX-XGKFQTDJSA-N	101	2018-09-17	AP	Prescription	true	2026-08-28	2026-08-31	2026-08-31	2026-08-31
205024	ANDA	001	QUAGEN	RITONAVIR	RITONAVIR	O3J8G9O825	NCDNCNXCDXHOMX-XGKFQTDJSA-N	101	2024-02-16	AP	Prescription	true	2026-08-28	2026-08-31	2026-08-31	2026-08-31
205801	ANDA	001	HIKMA	RITONAVIR	RITONAVIR	O3J8G9O825	NCDNCNXCDXHOMX-XGKFQTDJSA-N	101	2020-12-03	AP	Discontinued	false	2026-08-28	2026-08-31	2026-08-31	2026-08-31
206614	ANDA	001	AUROBINDO PHARMA LTD	RITONAVIR	RITONAVIR	O3J8G9O825	NCDNCNXCDXHOMX-XGKFQTDJSA-N	101	2018-09-17	AP	Prescription	true	2026-08-28	2026-08-31	2026-08-31	2026-08-31
208890	ANDA	001	AMNEAL	RITONAVIR	RITONAVIR	O3J8G9O825	NCDNCNXCDXHOMX-XGKFQTDJSA-N	101	2018-09-17	AP	Discontinued	false	2026-08-28	2026-08-31	2026-08-31	2026-08-31
209512	NDA	001	ABBVIE	NORVIR	RITONAVIR	O3J8G9O825	NCDNCNXCDXHOMX-XGKFQTDJSA-N	101	2017-06-07	AP	Prescription	true	2026-08-28	2026-08-31	2026-08-31	2026-08-31
007073	NDA	001	PFIZER	AZULFIDINE	SULFASALAZINE	3XC8GUZ6CB	NCEXYHBECQHGNR-QZQOTICOSA-N	80	1950-06-20	AP	Prescription	true	2026-08-28	2026-08-31	2026-08-31	2026-08-31
007073	NDA	002	PFIZER	AZULFIDINE EN-TABS	SULFASALAZINE	3XC8GUZ6CB	NCEXYHBECQHGNR-QZQOTICOSA-N	80	1950-06-20	AP	Prescription	true	2026-08-28	2026-08-31	2026-08-31	2026-08-31
018605	NDA	001	PHARMACIA AND UPJOHN	AZULFIDINE	SULFASALAZINE	3XC8GUZ6CB	NCEXYHBECQHGNR-QZQOTICOSA-N	80	1980-12-29	AP	Discontinued	false	2026-08-28	2026-08-31	2026-08-31	2026-08-31
020465	NDA	001	PHARMACIA AND UPJOHN	AZULFIDINE	SULFASALAZINE	3XC8GUZ6CB	NCEXYHBECQHGNR-QZQOTICOSA-N	80	1996-10-17	AP	Prescription	true	2026-08-28	2026-08-31	2026-08-31	2026-08-31
021243	NDA	001	PHARMACIA UPJOHN	AZULFIDINE EN-TABS	SULFASALAZINE	3XC8GUZ6CB	NCEXYHBECQHGNR-QZQOTICOSA-N	80	2000-08-18	AP	Prescription	true	2026-08-28	2026-08-31	2026-08-31	2026-08-31
040349	ANDA	001	NUVO PHARMS INC	SULFASALAZINE	SULFASALAZINE	3XC8GUZ6CB	NCEXYHBECQHGNR-QZQOTICOSA-N	80	2002-01-11	AP	Prescription	true	2026-08-28	2026-08-31	2026-08-31	2026-08-31
075339	ANDA	001	NUVO PHARMS INC	SULFASALAZINE	SULFASALAZINE	3XC8GUZ6CB	NCEXYHBECQHGNR-QZQOTICOSA-N	80	2002-01-11	AP	Prescription	true	2026-08-28	2026-08-31	2026-08-31	2026-08-31
080197	ANDA	001	CHARTWELL	SULFASALAZINE	SULFASALAZINE	3XC8GUZ6CB	NCEXYHBECQHGNR-QZQOTICOSA-N	80	1973-11-12	AP	Prescription	true	2026-08-28	2026-08-31	2026-08-31	2026-08-31
083450	ANDA	001	SOLVAY	S.A.S.-500	SULFASALAZINE	3XC8GUZ6CB	NCEXYHBECQHGNR-QZQOTICOSA-N	80	1974-04-09	AP	Discontinued	false	2026-08-28	2026-08-31	2026-08-31	2026-08-31
084964	ANDA	001	WATSON LABS	SULFASALAZINE	SULFASALAZINE	3XC8GUZ6CB	NCEXYHBECQHGNR-QZQOTICOSA-N	80	1976-05-12	AP	Discontinued	false	2026-08-28	2026-08-31	2026-08-31	2026-08-31
085828	ANDA	001	WATSON LABS	SULFASALAZINE	SULFASALAZINE	3XC8GUZ6CB	NCEXYHBECQHGNR-QZQOTICOSA-N	80	1977-10-21	AP	Prescription	true	2026-08-28	2026-08-31	2026-08-31	2026-08-31
086184	ANDA	001	EPIC PHARMA LLC	SULFASALAZINE	SULFASALAZINE	3XC8GUZ6CB	NCEXYHBECQHGNR-QZQOTICOSA-N	80	1994-09-16	AP	Discontinued	false	2026-08-28	2026-08-31	2026-08-31	2026-08-31
087197	ANDA	001	WATSON LABS	SULFASALAZINE	SULFASALAZINE	3XC8GUZ6CB	NCEXYHBECQHGNR-QZQOTICOSA-N	80	1981-04-02	AP	Discontinued	false	2026-08-28	2026-08-31	2026-08-31	2026-08-31
089590	ANDA	001	SUN PHARM INDUSTRIES	SULFASALAZINE	SULFASALAZINE	3XC8GUZ6CB	NCEXYHBECQHGNR-QZQOTICOSA-N	80	1987-10-19	AP	Discontinued	false	2026-08-28	2026-08-31	2026-08-31	2026-08-31
219046	ANDA	001	RISING	SULFASALAZINE	SULFASALAZINE	3XC8GUZ6CB	NCEXYHBECQHGNR-QZQOTICOSA-N	80	2025-11-04	AP	Prescription	true	2026-08-28	2026-08-31	2026-08-31	2026-08-31
050514	NDA	001	HARROW EYE	NATACYN	NATAMYCIN	8O0C852CPO	NCXMLFZGDNKEPB-FFPOYIOWSA-N	27	1978-10-30	AP	Prescription	true	2026-08-28	2026-08-31	2026-08-31	2026-08-31
203567	NDA	001	BAUSCH	JUBLIA	EFINACONAZOLE	J82SB7FXWB	NFEZZTICAUWDHU-RDTXWAMCSA-N	45	2014-06-06	AP	Prescription	true	2026-08-28	2026-08-31	2026-08-31	2026-08-31
211827	ANDA	001	TEVA PHARMS USA	EFINACONAZOLE	EFINACONAZOLE	J82SB7FXWB	NFEZZTICAUWDHU-RDTXWAMCSA-N	45	2020-12-16	AP	Prescription	true	2026-08-28	2026-08-31	2026-08-31	2026-08-31
211851	ANDA	001	PADAGIS US	EFINACONAZOLE	EFINACONAZOLE	J82SB7FXWB	NFEZZTICAUWDHU-RDTXWAMCSA-N	45	2020-12-16	AP	Discontinued	false	2026-08-28	2026-08-31	2026-08-31	2026-08-31
211969	ANDA	001	NIVAGEN PHARMS INC	EFINACONAZOLE	EFINACONAZOLE	J82SB7FXWB	NFEZZTICAUWDHU-RDTXWAMCSA-N	45	2021-06-21	AP	Prescription	true	2026-08-28	2026-08-31	2026-08-31	2026-08-31
212027	ANDA	001	ALEMBIC	EFINACONAZOLE	EFINACONAZOLE	J82SB7FXWB	NFEZZTICAUWDHU-RDTXWAMCSA-N	45	2026-02-23	AP	Prescription	true	2026-08-28	2026-08-31	2026-08-31	2026-08-31
212066	ANDA	001	AUROBINDO PHARMA LTD	EFINACONAZOLE	EFINACONAZOLE	J82SB7FXWB	NFEZZTICAUWDHU-RDTXWAMCSA-N	45	2021-03-29	AP	Discontinued	false	2026-08-28	2026-08-31	2026-08-31	2026-08-31
212169	ANDA	001	LUPIN	EFINACONAZOLE	EFINACONAZOLE	J82SB7FXWB	NFEZZTICAUWDHU-RDTXWAMCSA-N	45	2022-03-02	AP	Discontinued	false	2026-08-28	2026-08-31	2026-08-31	2026-08-31
212178	ANDA	001	ZYDUS LIFESCIENCES	EFINACONAZOLE	EFINACONAZOLE	J82SB7FXWB	NFEZZTICAUWDHU-RDTXWAMCSA-N	45	2022-07-15	AP	Discontinued	false	2026-08-28	2026-08-31	2026-08-31	2026-08-31
006525	NDA	001	ROCHE	GANTRISIN	SULFISOXAZOLE	740T4C525W	NHUHCSRWZMLRLA-UHFFFAOYSA-N	45	1948-07-29	AP	Discontinued	false	2026-08-28	2026-08-31	2026-08-31	2026-08-31
080036	ANDA	001	MK LABS	SOSOL	SULFISOXAZOLE	740T4C525W	NHUHCSRWZMLRLA-UHFFFAOYSA-N	45	1973-02-09	AP	Discontinued	false	2026-08-28	2026-08-31	2026-08-31	2026-08-31
080040	ANDA	001	SOLVAY	SULSOXIN	SULFISOXAZOLE	740T4C525W	NHUHCSRWZMLRLA-UHFFFAOYSA-N	45	1972-06-15	AP	Discontinued	false	2026-08-28	2026-08-31	2026-08-31	2026-08-31
080085	ANDA	001	LANNETT	SULFISOXAZOLE	SULFISOXAZOLE	740T4C525W	NHUHCSRWZMLRLA-UHFFFAOYSA-N	45	1978-03-06	AP	Discontinued	false	2026-08-28	2026-08-31	2026-08-31	2026-08-31
080142	ANDA	001	ANI PHARMS	SULFISOXAZOLE	SULFISOXAZOLE	740T4C525W	NHUHCSRWZMLRLA-UHFFFAOYSA-N	45	1974-03-06	AP	Discontinued	false	2026-08-28	2026-08-31	2026-08-31	2026-08-31
080366	ANDA	001	ALRA	SOXAZOLE	SULFISOXAZOLE	740T4C525W	NHUHCSRWZMLRLA-UHFFFAOYSA-N	45	1971-06-07	AP	Discontinued	false	2026-08-28	2026-08-31	2026-08-31	2026-08-31
080379	ANDA	001	WEST WARD	SULFISOXAZOLE	SULFISOXAZOLE	740T4C525W	NHUHCSRWZMLRLA-UHFFFAOYSA-N	45	1973-02-13	AP	Discontinued	false	2026-08-28	2026-08-31	2026-08-31	2026-08-31
084031	ANDA	001	BARR	SULFISOXAZOLE	SULFISOXAZOLE	740T4C525W	NHUHCSRWZMLRLA-UHFFFAOYSA-N	45	1975-02-13	AP	Discontinued	false	2026-08-28	2026-08-31	2026-08-31	2026-08-31
084385	ANDA	001	PHARMERAL	SULFISOXAZOLE	SULFISOXAZOLE	740T4C525W	NHUHCSRWZMLRLA-UHFFFAOYSA-N	45	1980-11-05	AP	Discontinued	false	2026-08-28	2026-08-31	2026-08-31	2026-08-31
084955	ANDA	001	PARKE DAVIS	SULFALAR	SULFISOXAZOLE	740T4C525W	NHUHCSRWZMLRLA-UHFFFAOYSA-N	45	1977-01-05	AP	Discontinued	false	2026-08-28	2026-08-31	2026-08-31	2026-08-31
085628	ANDA	001	RISING	SULFISOXAZOLE	SULFISOXAZOLE	740T4C525W	NHUHCSRWZMLRLA-UHFFFAOYSA-N	45	1977-06-13	AP	Discontinued	false	2026-08-28	2026-08-31	2026-08-31	2026-08-31
050541	NDA	001	NOVARTIS	TOBREX	TOBRAMYCIN	VZ8RRZ51VK	NLVFBUXFDBBNBW-PBSUHMDJSA-N	62	1980-12-12	AP	Discontinued	false	2026-08-28	2026-08-31	2026-08-31	2026-08-31
050555	NDA	001	NOVARTIS	TOBREX	TOBRAMYCIN	VZ8RRZ51VK	NLVFBUXFDBBNBW-PBSUHMDJSA-N	62	1981-11-25	AP	Prescription	true	2026-08-28	2026-08-31	2026-08-31	2026-08-31
050753	NDA	001	VIATRIS	TOBI	TOBRAMYCIN	VZ8RRZ51VK	NLVFBUXFDBBNBW-PBSUHMDJSA-N	62	1997-12-22	AP	Prescription	true	2026-08-28	2026-08-31	2026-08-31	2026-08-31
062535	ANDA	001	SANDOZ	TOBREX	TOBRAMYCIN	VZ8RRZ51VK	NLVFBUXFDBBNBW-PBSUHMDJSA-N	62	1984-12-13	AP	Prescription	true	2026-08-28	2026-08-31	2026-08-31	2026-08-31
063176	ANDA	001	ALCON PHARMS LTD	TOBRAMYCIN	TOBRAMYCIN	VZ8RRZ51VK	NLVFBUXFDBBNBW-PBSUHMDJSA-N	62	1994-05-25	AP	Discontinued	false	2026-08-28	2026-08-31	2026-08-31	2026-08-31
064052	ANDA	001	BAUSCH AND LOMB INC	TOBRAMYCIN	TOBRAMYCIN	VZ8RRZ51VK	NLVFBUXFDBBNBW-PBSUHMDJSA-N	62	1993-11-29	AP	Prescription	true	2026-08-28	2026-08-31	2026-08-31	2026-08-31
064096	ANDA	001	EPIC PHARMA LLC	AKTOB	TOBRAMYCIN	VZ8RRZ51VK	NLVFBUXFDBBNBW-PBSUHMDJSA-N	62	1996-01-31	AP	Discontinued	false	2026-08-28	2026-08-31	2026-08-31	2026-08-31
065026	ANDA	001	CHARTWELL RX	TOBRAMYCIN	TOBRAMYCIN	VZ8RRZ51VK	NLVFBUXFDBBNBW-PBSUHMDJSA-N	62	2001-09-11	AP	Prescription	true	2026-08-28	2026-08-31	2026-08-31	2026-08-31
065087	ANDA	001	APOTEX INC	TOBRAMYCIN	TOBRAMYCIN	VZ8RRZ51VK	NLVFBUXFDBBNBW-PBSUHMDJSA-N	62	2002-02-25	AP	Discontinued	false	2026-08-28	2026-08-31	2026-08-31	2026-08-31
091589	ANDA	001	TEVA PHARMS USA	TOBRAMYCIN	TOBRAMYCIN	VZ8RRZ51VK	NLVFBUXFDBBNBW-PBSUHMDJSA-N	62	2013-10-10	AP	Prescription	true	2026-08-28	2026-08-31	2026-08-31	2026-08-31
201422	ANDA	001	HIKMA	TOBRAMYCIN	TOBRAMYCIN	VZ8RRZ51VK	NLVFBUXFDBBNBW-PBSUHMDJSA-N	62	2014-05-28	AP	Prescription	true	2026-08-28	2026-08-31	2026-08-31	2026-08-31
201688	NDA	001	VIATRIS	TOBI PODHALER	TOBRAMYCIN	VZ8RRZ51VK	NLVFBUXFDBBNBW-PBSUHMDJSA-N	62	2013-03-22	AP	Prescription	true	2026-08-28	2026-08-31	2026-08-31	2026-08-31
201820	NDA	001	CHIESI	BETHKIS	TOBRAMYCIN	VZ8RRZ51VK	NLVFBUXFDBBNBW-PBSUHMDJSA-N	62	2012-10-12	AP	Prescription	true	2026-08-28	2026-08-31	2026-08-31	2026-08-31
205433	NDA	001	PULMOFLOW INC	KITABIS PAK	TOBRAMYCIN	VZ8RRZ51VK	NLVFBUXFDBBNBW-PBSUHMDJSA-N	62	2014-12-02	AP	Prescription	true	2026-08-28	2026-08-31	2026-08-31	2026-08-31
205501	ANDA	001	AMNEAL PHARMS	TOBRAMYCIN	TOBRAMYCIN	VZ8RRZ51VK	NLVFBUXFDBBNBW-PBSUHMDJSA-N	62	2015-07-13	AP	Prescription	true	2026-08-28	2026-08-31	2026-08-31	2026-08-31
207080	ANDA	001	DR REDDYS LABS SA	TOBRAMYCIN	TOBRAMYCIN	VZ8RRZ51VK	NLVFBUXFDBBNBW-PBSUHMDJSA-N	62	2018-07-09	AP	Prescription	true	2026-08-28	2026-08-31	2026-08-31	2026-08-31
207136	ANDA	001	SUN PHARM	TOBRAMYCIN	TOBRAMYCIN	VZ8RRZ51VK	NLVFBUXFDBBNBW-PBSUHMDJSA-N	62	2019-12-26	AP	Prescription	true	2026-08-28	2026-08-31	2026-08-31	2026-08-31
207444	ANDA	001	SOMERSET THERAPS LLC	TOBRAMYCIN	TOBRAMYCIN	VZ8RRZ51VK	NLVFBUXFDBBNBW-PBSUHMDJSA-N	62	2017-06-28	AP	Prescription	true	2026-08-28	2026-08-31	2026-08-31	2026-08-31
208964	ANDA	001	LUPIN	TOBRAMYCIN	TOBRAMYCIN	VZ8RRZ51VK	NLVFBUXFDBBNBW-PBSUHMDJSA-N	62	2017-03-22	AP	Prescription	true	2026-08-28	2026-08-31	2026-08-31	2026-08-31
209554	ANDA	001	PHARMOBEDIENT	TOBRAMYCIN	TOBRAMYCIN	VZ8RRZ51VK	NLVFBUXFDBBNBW-PBSUHMDJSA-N	62	2017-10-13	AP	Discontinued	false	2026-08-28	2026-08-31	2026-08-31	2026-08-31
210871	ANDA	001	LUOXIN AUROVITAS	TOBRAMYCIN	TOBRAMYCIN	VZ8RRZ51VK	NLVFBUXFDBBNBW-PBSUHMDJSA-N	62	2021-01-22	AP	Discontinued	false	2026-08-28	2026-08-31	2026-08-31	2026-08-31
210915	ANDA	001	TEVA PHARMS USA	TOBRAMYCIN	TOBRAMYCIN	VZ8RRZ51VK	NLVFBUXFDBBNBW-PBSUHMDJSA-N	62	2019-06-26	AP	Discontinued	false	2026-08-28	2026-08-31	2026-08-31	2026-08-31
211847	ANDA	001	ALEMBIC	TOBRAMYCIN	TOBRAMYCIN	VZ8RRZ51VK	NLVFBUXFDBBNBW-PBSUHMDJSA-N	62	2019-04-19	AP	Prescription	true	2026-08-28	2026-08-31	2026-08-31	2026-08-31
212628	ANDA	001	GLAND	TOBRAMYCIN	TOBRAMYCIN	VZ8RRZ51VK	NLVFBUXFDBBNBW-PBSUHMDJSA-N	62	2021-03-09	AP	Prescription	true	2026-08-28	2026-08-31	2026-08-31	2026-08-31
212848	ANDA	001	ALKEM LABS LTD	TOBRAMYCIN	TOBRAMYCIN	VZ8RRZ51VK	NLVFBUXFDBBNBW-PBSUHMDJSA-N	62	2021-04-01	AP	Prescription	true	2026-08-28	2026-08-31	2026-08-31	2026-08-31
214478	ANDA	001	MANKIND PHARMA	TOBRAMYCIN	TOBRAMYCIN	VZ8RRZ51VK	NLVFBUXFDBBNBW-PBSUHMDJSA-N	62	2023-06-30	AP	Prescription	true	2026-08-28	2026-08-31	2026-08-31	2026-08-31
216725	ANDA	001	MANKIND PHARMA	TOBRAMYCIN	TOBRAMYCIN	VZ8RRZ51VK	NLVFBUXFDBBNBW-PBSUHMDJSA-N	62	2022-09-22	AP	Prescription	true	2026-08-28	2026-08-31	2026-08-31	2026-08-31
217344	ANDA	001	MICRO LABS	TOBRAMYCIN	TOBRAMYCIN	VZ8RRZ51VK	NLVFBUXFDBBNBW-PBSUHMDJSA-N	62	2023-07-27	AP	Prescription	true	2026-08-28	2026-08-31	2026-08-31	2026-08-31
020941	NDA	001	HALEON US HOLDINGS	ABREVA	DOCOSANOL	9G1OE216XY	NOPFSRXAKWQILS-UHFFFAOYSA-N	49	2000-07-25	AP	Over-the-counter	true	2026-08-28	2026-08-31	2026-08-31	2026-08-31
208754	ANDA	001	P AND L	DOCOSANOL	DOCOSANOL	9G1OE216XY	NOPFSRXAKWQILS-UHFFFAOYSA-N	49	2018-11-19	AP	Over-the-counter	true	2026-08-28	2026-08-31	2026-08-31	2026-08-31
212385	ANDA	001	P AND L DEVELOPMENT	DOCOSANOL	DOCOSANOL	9G1OE216XY	NOPFSRXAKWQILS-UHFFFAOYSA-N	49	2022-10-07	AP	Over-the-counter	true	2026-08-28	2026-08-31	2026-08-31	2026-08-31
214454	ANDA	001	SUN PHARMA CANADA	DOCOSANOL	DOCOSANOL	9G1OE216XY	NOPFSRXAKWQILS-UHFFFAOYSA-N	49	2023-10-26	AP	Over-the-counter	true	2026-08-28	2026-08-31	2026-08-31	2026-08-31
214613	ANDA	001	DR REDDYS	DOCOSANOL	DOCOSANOL	9G1OE216XY	NOPFSRXAKWQILS-UHFFFAOYSA-N	49	2025-10-03	AP	Over-the-counter	true	2026-08-28	2026-08-31	2026-08-31	2026-08-31
215505	ANDA	001	DR REDDYS	DOCOSANOL	DOCOSANOL	9G1OE216XY	NOPFSRXAKWQILS-UHFFFAOYSA-N	49	2025-10-23	AP	Over-the-counter	true	2026-08-28	2026-08-31	2026-08-31	2026-08-31
215839	ANDA	001	ALEMBIC	DOCOSANOL	DOCOSANOL	9G1OE216XY	NOPFSRXAKWQILS-UHFFFAOYSA-N	49	2022-05-03	AP	Over-the-counter	true	2026-08-28	2026-08-31	2026-08-31	2026-08-31
217090	ANDA	001	AUROBINDO PHARMA LTD	DOCOSANOL	DOCOSANOL	9G1OE216XY	NOPFSRXAKWQILS-UHFFFAOYSA-N	49	2024-03-01	AP	Over-the-counter	true	2026-08-28	2026-08-31	2026-08-31	2026-08-31
220017	ANDA	001	KLM LABS PVT	DOCOSANOL	DOCOSANOL	9G1OE216XY	NOPFSRXAKWQILS-UHFFFAOYSA-N	49	2026-07-31	AP	Over-the-counter	true	2026-08-28	2026-08-31	2026-08-31	2026-08-31
020636	NDA	001	BOEHRINGER INGELHEIM	VIRAMUNE	NEVIRAPINE	99DK7FVK1H	NQDJXKOVJZTUJA-UHFFFAOYSA-N	56	1996-06-21	AP	Discontinued	false	2026-08-28	2026-08-31	2026-08-31	2026-08-31
020933	NDA	001	BOEHRINGER INGELHEIM	VIRAMUNE	NEVIRAPINE	99DK7FVK1H	NQDJXKOVJZTUJA-UHFFFAOYSA-N	56	1998-09-11	AP	Discontinued	false	2026-08-28	2026-08-31	2026-08-31	2026-08-31
077521	ANDA	001	AUROBINDO	NEVIRAPINE	NEVIRAPINE	99DK7FVK1H	NQDJXKOVJZTUJA-UHFFFAOYSA-N	56	2012-05-22	AP	Prescription	true	2026-08-28	2026-08-31	2026-08-31	2026-08-31
077702	ANDA	001	AUROBINDO	NEVIRAPINE	NEVIRAPINE	99DK7FVK1H	NQDJXKOVJZTUJA-UHFFFAOYSA-N	56	2012-05-22	AP	Prescription	true	2026-08-28	2026-08-31	2026-08-31	2026-08-31
077956	ANDA	001	CIPLA	NEVIRAPINE	NEVIRAPINE	99DK7FVK1H	NQDJXKOVJZTUJA-UHFFFAOYSA-N	56	2012-05-22	AP	Prescription	true	2026-08-28	2026-08-31	2026-08-31	2026-08-31
078195	ANDA	001	STRIDES PHARMA	NEVIRAPINE	NEVIRAPINE	99DK7FVK1H	NQDJXKOVJZTUJA-UHFFFAOYSA-N	56	2012-05-22	AP	Discontinued	false	2026-08-28	2026-08-31	2026-08-31	2026-08-31
078584	ANDA	001	HETERO LABS LTD III	NEVIRAPINE	NEVIRAPINE	99DK7FVK1H	NQDJXKOVJZTUJA-UHFFFAOYSA-N	56	2012-05-22	AP	Prescription	true	2026-08-28	2026-08-31	2026-08-31	2026-08-31
078644	ANDA	001	PRINSTON INC	NEVIRAPINE	NEVIRAPINE	99DK7FVK1H	NQDJXKOVJZTUJA-UHFFFAOYSA-N	56	2012-05-22	AP	Discontinued	false	2026-08-28	2026-08-31	2026-08-31	2026-08-31
078864	ANDA	001	PHARMOBEDIENT	NEVIRAPINE	NEVIRAPINE	99DK7FVK1H	NQDJXKOVJZTUJA-UHFFFAOYSA-N	56	2012-05-22	AP	Discontinued	false	2026-08-28	2026-08-31	2026-08-31	2026-08-31
090688	ANDA	001	MACLEODS PHARMS	NEVIRAPINE	NEVIRAPINE	99DK7FVK1H	NQDJXKOVJZTUJA-UHFFFAOYSA-N	56	2019-01-14	AP	Prescription	true	2026-08-28	2026-08-31	2026-08-31	2026-08-31
201152	NDA	001	BOEHRINGER INGELHEIM	VIRAMUNE XR	NEVIRAPINE	99DK7FVK1H	NQDJXKOVJZTUJA-UHFFFAOYSA-N	56	2011-03-25	AP	Discontinued	false	2026-08-28	2026-08-31	2026-08-31	2026-08-31
201152	NDA	002	BOEHRINGER INGELHEIM	VIRAMUNE XR	NEVIRAPINE	99DK7FVK1H	NQDJXKOVJZTUJA-UHFFFAOYSA-N	56	2011-03-25	AP	Discontinued	false	2026-08-28	2026-08-31	2026-08-31	2026-08-31
202523	ANDA	001	MYLAN PHARMS INC	NEVIRAPINE	NEVIRAPINE	99DK7FVK1H	NQDJXKOVJZTUJA-UHFFFAOYSA-N	56	2012-05-22	AP	Prescription	true	2026-08-28	2026-08-31	2026-08-31	2026-08-31
203021	ANDA	001	APOTEX INC	NEVIRAPINE	NEVIRAPINE	99DK7FVK1H	NQDJXKOVJZTUJA-UHFFFAOYSA-N	56	2012-05-22	AP	Discontinued	false	2026-08-28	2026-08-31	2026-08-31	2026-08-31
203080	ANDA	001	MICRO LABS LTD	NEVIRAPINE	NEVIRAPINE	99DK7FVK1H	NQDJXKOVJZTUJA-UHFFFAOYSA-N	56	2012-05-22	AP	Prescription	true	2026-08-28	2026-08-31	2026-08-31	2026-08-31
203176	ANDA	001	TECH ORGANIZED	NEVIRAPINE	NEVIRAPINE	99DK7FVK1H	NQDJXKOVJZTUJA-UHFFFAOYSA-N	56	2012-05-22	AP	Discontinued	false	2026-08-28	2026-08-31	2026-08-31	2026-08-31
203411	ANDA	001	SANDOZ	NEVIRAPINE	NEVIRAPINE	99DK7FVK1H	NQDJXKOVJZTUJA-UHFFFAOYSA-N	56	2014-04-03	AP	Prescription	true	2026-08-28	2026-08-31	2026-08-31	2026-08-31
204621	ANDA	001	ALVOGEN	NEVIRAPINE	NEVIRAPINE	99DK7FVK1H	NQDJXKOVJZTUJA-UHFFFAOYSA-N	56	2015-07-10	AP	Discontinued	false	2026-08-28	2026-08-31	2026-08-31	2026-08-31
204621	ANDA	002	ALVOGEN	NEVIRAPINE	NEVIRAPINE	99DK7FVK1H	NQDJXKOVJZTUJA-UHFFFAOYSA-N	56	2015-07-10	AP	Discontinued	false	2026-08-28	2026-08-31	2026-08-31	2026-08-31
205258	ANDA	001	APOTEX	NEVIRAPINE	NEVIRAPINE	99DK7FVK1H	NQDJXKOVJZTUJA-UHFFFAOYSA-N	56	2014-04-03	AP	Discontinued	false	2026-08-28	2026-08-31	2026-08-31	2026-08-31
205651	ANDA	001	MYLAN	NEVIRAPINE	NEVIRAPINE	99DK7FVK1H	NQDJXKOVJZTUJA-UHFFFAOYSA-N	56	2014-10-27	AP	Prescription	true	2026-08-28	2026-08-31	2026-08-31	2026-08-31
206271	ANDA	001	PHARMOBEDIENT	NEVIRAPINE	NEVIRAPINE	99DK7FVK1H	NQDJXKOVJZTUJA-UHFFFAOYSA-N	56	2015-11-09	AP	Discontinued	false	2026-08-28	2026-08-31	2026-08-31	2026-08-31
206448	ANDA	001	CIPLA	NEVIRAPINE	NEVIRAPINE	99DK7FVK1H	NQDJXKOVJZTUJA-UHFFFAOYSA-N	56	2015-10-15	AP	Discontinued	false	2026-08-28	2026-08-31	2026-08-31	2026-08-31
206879	ANDA	001	MACLEODS PHARMS	NEVIRAPINE	NEVIRAPINE	99DK7FVK1H	NQDJXKOVJZTUJA-UHFFFAOYSA-N	56	2017-10-06	AP	Prescription	true	2026-08-28	2026-08-31	2026-08-31	2026-08-31
207467	ANDA	001	TECH ORGANIZED	NEVIRAPINE	NEVIRAPINE	99DK7FVK1H	NQDJXKOVJZTUJA-UHFFFAOYSA-N	56	2017-07-31	AP	Discontinued	false	2026-08-28	2026-08-31	2026-08-31	2026-08-31
207467	ANDA	002	TECH ORGANIZED	NEVIRAPINE	NEVIRAPINE	99DK7FVK1H	NQDJXKOVJZTUJA-UHFFFAOYSA-N	56	2017-07-31	AP	Discontinued	false	2026-08-28	2026-08-31	2026-08-31	2026-08-31
207684	ANDA	001	CIPLA	NEVIRAPINE	NEVIRAPINE	99DK7FVK1H	NQDJXKOVJZTUJA-UHFFFAOYSA-N	56	2017-08-03	AP	Prescription	true	2026-08-28	2026-08-31	2026-08-31	2026-08-31
207698	ANDA	001	AUROBINDO PHARMA	NEVIRAPINE	NEVIRAPINE	99DK7FVK1H	NQDJXKOVJZTUJA-UHFFFAOYSA-N	56	2017-02-28	AP	Discontinued	false	2026-08-28	2026-08-31	2026-08-31	2026-08-31
208616	ANDA	001	AUROBINDO PHARMA	NEVIRAPINE	NEVIRAPINE	99DK7FVK1H	NQDJXKOVJZTUJA-UHFFFAOYSA-N	56	2016-11-23	AP	Discontinued	false	2026-08-28	2026-08-31	2026-08-31	2026-08-31
020778	NDA	001	AGOURON PHARMS	VIRACEPT	NELFINAVIR MESYLATE	98D603VP8V	NQHXCOAXSHGTIA-SKXNDZRYSA-N	30	1997-03-14	AP	Discontinued	false	2026-08-28	2026-08-31	2026-08-31	2026-08-31
020779	NDA	001	AGOURON PHARMS	VIRACEPT	NELFINAVIR MESYLATE	98D603VP8V	NQHXCOAXSHGTIA-SKXNDZRYSA-N	30	1997-03-14	AP	Prescription	true	2026-08-28	2026-08-31	2026-08-31	2026-08-31
021503	NDA	001	AGOURON PHARMS	VIRACEPT	NELFINAVIR MESYLATE	98D603VP8V	NQHXCOAXSHGTIA-SKXNDZRYSA-N	30	2003-04-30	AP	Prescription	true	2026-08-28	2026-08-31	2026-08-31	2026-08-31
050207	NDA	001	CARNEGIE	E.E.S.	ERYTHROMYCIN ETHYLSUCCINATE	1014KSJ86F	NSYZCCDSJNWWJL-YXOIYICCSA-N	50	1965-04-02	AP	Prescription	true	2026-08-28	2026-08-31	2026-08-31	2026-08-31
050207	NDA	002	CARNEGIE	ERYPED	ERYTHROMYCIN ETHYLSUCCINATE	1014KSJ86F	NSYZCCDSJNWWJL-YXOIYICCSA-N	50	1965-04-02	AP	Prescription	true	2026-08-28	2026-08-31	2026-08-31	2026-08-31
050207	NDA	003	CARNEGIE	ERYPED	ERYTHROMYCIN ETHYLSUCCINATE	1014KSJ86F	NSYZCCDSJNWWJL-YXOIYICCSA-N	50	1965-04-02	AP	Prescription	true	2026-08-28	2026-08-31	2026-08-31	2026-08-31
050297	NDA	002	AZURITY	E.E.S.	ERYTHROMYCIN ETHYLSUCCINATE	1014KSJ86F	NSYZCCDSJNWWJL-YXOIYICCSA-N	50	1970-08-06	AP	Discontinued	false	2026-08-28	2026-08-31	2026-08-31	2026-08-31
050297	NDA	003	AZURITY	ERYPED	ERYTHROMYCIN ETHYLSUCCINATE	1014KSJ86F	NSYZCCDSJNWWJL-YXOIYICCSA-N	50	1970-08-06	AP	Discontinued	false	2026-08-28	2026-08-31	2026-08-31	2026-08-31
061639	ANDA	001	ARBOR PHARMS LLC	E.E.S. 200	ERYTHROMYCIN ETHYLSUCCINATE	1014KSJ86F	NSYZCCDSJNWWJL-YXOIYICCSA-N	50	1973-10-15	AP	Discontinued	false	2026-08-28	2026-08-31	2026-08-31	2026-08-31
061639	ANDA	002	ARBOR PHARMS LLC	E.E.S. 400	ERYTHROMYCIN ETHYLSUCCINATE	1014KSJ86F	NSYZCCDSJNWWJL-YXOIYICCSA-N	50	1973-10-15	AP	Discontinued	false	2026-08-28	2026-08-31	2026-08-31	2026-08-31
061904	ANDA	001	CARNEGIE	ERYTHROMYCIN ETHYLSUCCINATE	ERYTHROMYCIN ETHYLSUCCINATE	1014KSJ86F	NSYZCCDSJNWWJL-YXOIYICCSA-N	50	1975-03-03	AP	Prescription	true	2026-08-28	2026-08-31	2026-08-31	2026-08-31
061905	ANDA	001	CARNEGIE	E.E.S. 400	ERYTHROMYCIN ETHYLSUCCINATE	1014KSJ86F	NSYZCCDSJNWWJL-YXOIYICCSA-N	50	1982-08-12	AP	Discontinued	false	2026-08-28	2026-08-31	2026-08-31	2026-08-31
061905	ANDA	002	CARNEGIE	E.E.S. 400	ERYTHROMYCIN ETHYLSUCCINATE	1014KSJ86F	NSYZCCDSJNWWJL-YXOIYICCSA-N	50	1982-08-12	AP	Prescription	true	2026-08-28	2026-08-31	2026-08-31	2026-08-31
062055	ANDA	001	ANI PHARMS	ERYTHROMYCIN ETHYLSUCCINATE	ERYTHROMYCIN ETHYLSUCCINATE	1014KSJ86F	NSYZCCDSJNWWJL-YXOIYICCSA-N	50	1978-11-27	AP	Prescription	true	2026-08-28	2026-08-31	2026-08-31	2026-08-31
062055	ANDA	002	ANI PHARMS	ERYTHROMYCIN ETHYLSUCCINATE	ERYTHROMYCIN ETHYLSUCCINATE	1014KSJ86F	NSYZCCDSJNWWJL-YXOIYICCSA-N	50	1978-11-27	AP	Prescription	true	2026-08-28	2026-08-31	2026-08-31	2026-08-31
062055	ANDA	003	ANI PHARMS	ERYTHROMYCIN ETHYLSUCCINATE	ERYTHROMYCIN ETHYLSUCCINATE	1014KSJ86F	NSYZCCDSJNWWJL-YXOIYICCSA-N	50	1978-11-27	AP	Prescription	true	2026-08-28	2026-08-31	2026-08-31	2026-08-31
062200	ANDA	001	ALPHARMA US PHARMS	ERYTHROMYCIN ETHYLSUCCINATE	ERYTHROMYCIN ETHYLSUCCINATE	1014KSJ86F	NSYZCCDSJNWWJL-YXOIYICCSA-N	50	1981-08-11	AP	Discontinued	false	2026-08-28	2026-08-31	2026-08-31	2026-08-31
062200	ANDA	002	ALPHARMA US PHARMS	ERYTHROMYCIN ETHYLSUCCINATE	ERYTHROMYCIN ETHYLSUCCINATE	1014KSJ86F	NSYZCCDSJNWWJL-YXOIYICCSA-N	50	1981-08-11	AP	Discontinued	false	2026-08-28	2026-08-31	2026-08-31	2026-08-31
062256	ANDA	001	BARR	ERYTHROMYCIN ETHYLSUCCINATE	ERYTHROMYCIN ETHYLSUCCINATE	1014KSJ86F	NSYZCCDSJNWWJL-YXOIYICCSA-N	50	1980-04-28	AP	Discontinued	false	2026-08-28	2026-08-31	2026-08-31	2026-08-31
062304	ANDA	001	ARBOR PHARMS LLC	PEDIAMYCIN	ERYTHROMYCIN ETHYLSUCCINATE	1014KSJ86F	NSYZCCDSJNWWJL-YXOIYICCSA-N	50	1980-12-18	AP	Discontinued	false	2026-08-28	2026-08-31	2026-08-31	2026-08-31
062304	ANDA	002	ARBOR PHARMS LLC	PEDIAMYCIN 400	ERYTHROMYCIN ETHYLSUCCINATE	1014KSJ86F	NSYZCCDSJNWWJL-YXOIYICCSA-N	50	1980-12-18	AP	Discontinued	false	2026-08-28	2026-08-31	2026-08-31	2026-08-31
062847	ANDA	001	AUROBINDO PHARMA USA	ERYTHROMYCIN ETHYLSUCCINATE	ERYTHROMYCIN ETHYLSUCCINATE	1014KSJ86F	NSYZCCDSJNWWJL-YXOIYICCSA-N	50	1988-09-14	AP	Discontinued	false	2026-08-28	2026-08-31	2026-08-31	2026-08-31
211204	ANDA	001	AMNEAL PHARMS	ERYTHROMYCIN ETHYLSUCCINATE	ERYTHROMYCIN ETHYLSUCCINATE	1014KSJ86F	NSYZCCDSJNWWJL-YXOIYICCSA-N	50	2019-11-01	AP	Prescription	true	2026-08-28	2026-08-31	2026-08-31	2026-08-31
211204	ANDA	002	AMNEAL PHARMS	ERYTHROMYCIN ETHYLSUCCINATE	ERYTHROMYCIN ETHYLSUCCINATE	1014KSJ86F	NSYZCCDSJNWWJL-YXOIYICCSA-N	50	2019-11-01	AP	Prescription	true	2026-08-28	2026-08-31	2026-08-31	2026-08-31
211991	ANDA	001	PH HEALTH	ERYTHROMYCIN ETHYLSUCCINATE	ERYTHROMYCIN ETHYLSUCCINATE	1014KSJ86F	NSYZCCDSJNWWJL-YXOIYICCSA-N	50	2019-10-23	AP	Discontinued	false	2026-08-28	2026-08-31	2026-08-31	2026-08-31
211991	ANDA	002	PH HEALTH	ERYTHROMYCIN ETHYLSUCCINATE	ERYTHROMYCIN ETHYLSUCCINATE	1014KSJ86F	NSYZCCDSJNWWJL-YXOIYICCSA-N	50	2019-10-23	AP	Discontinued	false	2026-08-28	2026-08-31	2026-08-31	2026-08-31
216212	ANDA	001	CADILA PHARMS LTD	ERYTHROMYCIN ETHYLSUCCINATE	ERYTHROMYCIN ETHYLSUCCINATE	1014KSJ86F	NSYZCCDSJNWWJL-YXOIYICCSA-N	50	2022-11-21	AP	Prescription	true	2026-08-28	2026-08-31	2026-08-31	2026-08-31
216212	ANDA	002	CADILA PHARMS LTD	ERYTHROMYCIN ETHYLSUCCINATE	ERYTHROMYCIN ETHYLSUCCINATE	1014KSJ86F	NSYZCCDSJNWWJL-YXOIYICCSA-N	50	2022-11-21	AP	Prescription	true	2026-08-28	2026-08-31	2026-08-31	2026-08-31
008693	NDA	001	PROCTER AND GAMBLE	FURADANTIN	NITROFURANTOIN	927AH8112L	NXFQHRVNIOXGAQ-YCRREMRBSA-N	50	1953-02-06	AP	Discontinued	false	2026-08-28	2026-08-31	2026-08-31	2026-08-31
008693	NDA	002	PROCTER AND GAMBLE	FURADANTIN	NITROFURANTOIN	927AH8112L	NXFQHRVNIOXGAQ-YCRREMRBSA-N	50	1953-02-06	AP	Discontinued	false	2026-08-28	2026-08-31	2026-08-31	2026-08-31
009175	NDA	001	CASPER PHARMA LLC	FURADANTIN	NITROFURANTOIN	927AH8112L	NXFQHRVNIOXGAQ-YCRREMRBSA-N	50	1953-12-23	AP	Prescription	true	2026-08-28	2026-08-31	2026-08-31	2026-08-31
009175	NDA	002	CASPER PHARMA LLC	FURADANTIN	NITROFURANTOIN	927AH8112L	NXFQHRVNIOXGAQ-YCRREMRBSA-N	50	1953-12-23	AP	Prescription	true	2026-08-28	2026-08-31	2026-08-31	2026-08-31
080017	ANDA	001	CHARTWELL MOLECULAR	FURALAN	NITROFURANTOIN	927AH8112L	NXFQHRVNIOXGAQ-YCRREMRBSA-N	50	1970-09-30	AP	Discontinued	false	2026-08-28	2026-08-31	2026-08-31	2026-08-31
080017	ANDA	002	CHARTWELL MOLECULAR	FURALAN	NITROFURANTOIN	927AH8112L	NXFQHRVNIOXGAQ-YCRREMRBSA-N	50	1970-09-30	AP	Discontinued	false	2026-08-28	2026-08-31	2026-08-31	2026-08-31
080043	ANDA	001	SANDOZ	NITROFURANTOIN	NITROFURANTOIN	927AH8112L	NXFQHRVNIOXGAQ-YCRREMRBSA-N	50	1970-11-25	AP	Discontinued	false	2026-08-28	2026-08-31	2026-08-31	2026-08-31
080043	ANDA	002	SANDOZ	NITROFURANTOIN	NITROFURANTOIN	927AH8112L	NXFQHRVNIOXGAQ-YCRREMRBSA-N	50	1970-11-25	AP	Discontinued	false	2026-08-28	2026-08-31	2026-08-31	2026-08-31
085796	ANDA	001	WATSON LABS	NITROFURANTOIN	NITROFURANTOIN	927AH8112L	NXFQHRVNIOXGAQ-YCRREMRBSA-N	50	1978-11-22	AP	Discontinued	false	2026-08-28	2026-08-31	2026-08-31	2026-08-31
085797	ANDA	001	WATSON LABS	NITROFURANTOIN	NITROFURANTOIN	927AH8112L	NXFQHRVNIOXGAQ-YCRREMRBSA-N	50	1978-12-05	AP	Discontinued	false	2026-08-28	2026-08-31	2026-08-31	2026-08-31
201355	ANDA	001	STRIDES PHARMA	NITROFURANTOIN	NITROFURANTOIN	927AH8112L	NXFQHRVNIOXGAQ-YCRREMRBSA-N	50	2013-08-14	AP	Prescription	true	2026-08-28	2026-08-31	2026-08-31	2026-08-31
201679	ANDA	001	AMNEAL PHARMS	NITROFURANTOIN	NITROFURANTOIN	927AH8112L	NXFQHRVNIOXGAQ-YCRREMRBSA-N	50	2011-05-11	AP	Discontinued	false	2026-08-28	2026-08-31	2026-08-31	2026-08-31
201693	ANDA	001	NOVEL LABS INC	NITROFURANTOIN	NITROFURANTOIN	927AH8112L	NXFQHRVNIOXGAQ-YCRREMRBSA-N	50	2014-09-08	AP	Prescription	true	2026-08-28	2026-08-31	2026-08-31	2026-08-31
205180	ANDA	001	ACTAVIS MID ATLANTIC	NITROFURANTOIN	NITROFURANTOIN	927AH8112L	NXFQHRVNIOXGAQ-YCRREMRBSA-N	50	2016-05-03	AP	Prescription	true	2026-08-28	2026-08-31	2026-08-31	2026-08-31
208909	ANDA	001	SOMERSET THERAPS LLC	NITROFURANTOIN	NITROFURANTOIN	927AH8112L	NXFQHRVNIOXGAQ-YCRREMRBSA-N	50	2025-01-14	AP	Prescription	true	2026-08-28	2026-08-31	2026-08-31	2026-08-31
212607	ANDA	001	AUROBINDO PHARMA	NITROFURANTOIN	NITROFURANTOIN	927AH8112L	NXFQHRVNIOXGAQ-YCRREMRBSA-N	50	2023-05-11	AP	Prescription	true	2026-08-28	2026-08-31	2026-08-31	2026-08-31
216385	ANDA	001	NOVITIUM PHARMA	NITROFURANTOIN	NITROFURANTOIN	927AH8112L	NXFQHRVNIOXGAQ-YCRREMRBSA-N	50	2023-04-14	AP	Prescription	true	2026-08-28	2026-08-31	2026-08-31	2026-08-31
218346	ANDA	001	BIOCON PHARMA	NITROFURANTOIN	NITROFURANTOIN	927AH8112L	NXFQHRVNIOXGAQ-YCRREMRBSA-N	50	2024-10-28	AP	Prescription	true	2026-08-28	2026-08-31	2026-08-31	2026-08-31
219495	ANDA	001	ANNORA PHARMA	NITROFURANTOIN	NITROFURANTOIN	927AH8112L	NXFQHRVNIOXGAQ-YCRREMRBSA-N	50	2025-07-02	AP	Prescription	true	2026-08-28	2026-08-31	2026-08-31	2026-08-31
021361	NDA	001	SALIX PHARMS	XIFAXAN	RIFAXIMIN	L36O5T016N	NZCRJKRKKOLAOJ-XRCRFVBUSA-N	65	2004-05-25	AP	Prescription	true	2026-08-28	2026-08-31	2026-08-31	2026-08-31
021361	NDA	002	SALIX PHARMS	XIFAXAN	RIFAXIMIN	L36O5T016N	NZCRJKRKKOLAOJ-XRCRFVBUSA-N	65	2004-05-25	AP	Prescription	true	2026-08-28	2026-08-31	2026-08-31	2026-08-31
022554	NDA	001	SALIX PHARMS	XIFAXAN	RIFAXIMIN	L36O5T016N	NZCRJKRKKOLAOJ-XRCRFVBUSA-N	65	2010-03-24	AP	Prescription	true	2026-08-28	2026-08-31	2026-08-31	2026-08-31
208959	ANDA	001	ACTAVIS LABS FL INC	RIFAXIMIN	RIFAXIMIN	L36O5T016N	NZCRJKRKKOLAOJ-XRCRFVBUSA-N	65	2026-03-19	AP	Prescription	true	2026-08-28	2026-08-31	2026-08-31	2026-08-31
016929	NDA	001	HOSPIRA	FUDR	FLOXURIDINE	039LU44I5M	ODKNJVUHOIMIIZ-RRKCRQDMSA-N	50	1970-12-18	AP	Discontinued	false	2026-08-28	2026-08-31	2026-08-31	2026-08-31
075387	ANDA	001	HIKMA	FLOXURIDINE	FLOXURIDINE	039LU44I5M	ODKNJVUHOIMIIZ-RRKCRQDMSA-N	50	2000-04-06	AP	Prescription	true	2026-08-28	2026-08-31	2026-08-31	2026-08-31
075837	ANDA	001	FRESENIUS KABI USA	FLOXURIDINE	FLOXURIDINE	039LU44I5M	ODKNJVUHOIMIIZ-RRKCRQDMSA-N	50	2001-02-22	AP	Prescription	true	2026-08-28	2026-08-31	2026-08-31	2026-08-31
203008	ANDA	001	AM REGENT	FLOXURIDINE	FLOXURIDINE	039LU44I5M	ODKNJVUHOIMIIZ-RRKCRQDMSA-N	50	2017-11-22	AP	Discontinued	false	2026-08-28	2026-08-31	2026-08-31	2026-08-31
019384	NDA	002	MERCK	NOROXIN	NORFLOXACIN	N0F8P22L1P	OGJPXUAPXNRGGI-UHFFFAOYSA-N	62	1986-10-31	AP	Discontinued	false	2026-08-28	2026-08-31	2026-08-31	2026-08-31
019757	NDA	001	MERCK	CHIBROXIN	NORFLOXACIN	N0F8P22L1P	OGJPXUAPXNRGGI-UHFFFAOYSA-N	62	1991-06-17	AP	Discontinued	false	2026-08-28	2026-08-31	2026-08-31	2026-08-31
022393	NDA	001	BRISTOL-MYERS	ISTODAX	ROMIDEPSIN	CX3T89XQBK	OHRURASPPZQGQM-GCCNXGTGSA-N	44	2009-11-05	AP	Prescription	true	2026-08-28	2026-08-31	2026-08-31	2026-08-31
206254	ANDA	001	FRESENIUS KABI USA	ROMIDEPSIN	ROMIDEPSIN	CX3T89XQBK	OHRURASPPZQGQM-GCCNXGTGSA-N	44	2021-10-12	AP	Prescription	true	2026-08-28	2026-08-31	2026-08-31	2026-08-31
208574	NDA	001	TEVA PHARMS USA INC	ROMIDEPSIN	ROMIDEPSIN	CX3T89XQBK	OHRURASPPZQGQM-GCCNXGTGSA-N	44	2020-03-13	AP	Discontinued	false	2026-08-28	2026-08-31	2026-08-31	2026-08-31
208574	NDA	002	TEVA PHARMS USA INC	ROMIDEPSIN	ROMIDEPSIN	CX3T89XQBK	OHRURASPPZQGQM-GCCNXGTGSA-N	44	2020-03-13	AP	Discontinued	false	2026-08-28	2026-08-31	2026-08-31	2026-08-31
219099	ANDA	001	AMNEAL	ROMIDEPSIN	ROMIDEPSIN	CX3T89XQBK	OHRURASPPZQGQM-GCCNXGTGSA-N	44	2026-06-02	AP	Prescription	true	2026-08-28	2026-08-31	2026-08-31	2026-08-31
020509	NDA	001	LILLY	GEMZAR	GEMCITABINE HYDROCHLORIDE	U347PV74IL	OKKDEIYWILRZIA-OSZBKLCCSA-N	30	1996-05-15	AP	Discontinued	false	2026-08-28	2026-08-31	2026-08-31	2026-08-31
020509	NDA	002	LILLY	GEMZAR	GEMCITABINE HYDROCHLORIDE	U347PV74IL	OKKDEIYWILRZIA-OSZBKLCCSA-N	30	1996-05-15	AP	Discontinued	false	2026-08-28	2026-08-31	2026-08-31	2026-08-31
077983	ANDA	001	TEVA PHARMS	GEMCITABINE HYDROCHLORIDE	GEMCITABINE HYDROCHLORIDE	U347PV74IL	OKKDEIYWILRZIA-OSZBKLCCSA-N	30	2011-01-25	AP	Discontinued	false	2026-08-28	2026-08-31	2026-08-31	2026-08-31
077983	ANDA	002	TEVA PHARMS	GEMCITABINE HYDROCHLORIDE	GEMCITABINE HYDROCHLORIDE	U347PV74IL	OKKDEIYWILRZIA-OSZBKLCCSA-N	30	2011-01-25	AP	Discontinued	false	2026-08-28	2026-08-31	2026-08-31	2026-08-31
078339	ANDA	001	HOSPIRA	GEMCITABINE HYDROCHLORIDE	GEMCITABINE HYDROCHLORIDE	U347PV74IL	OKKDEIYWILRZIA-OSZBKLCCSA-N	30	2011-07-25	AP	Prescription	true	2026-08-28	2026-08-31	2026-08-31	2026-08-31
078339	ANDA	002	HOSPIRA	GEMCITABINE HYDROCHLORIDE	GEMCITABINE HYDROCHLORIDE	U347PV74IL	OKKDEIYWILRZIA-OSZBKLCCSA-N	30	2011-07-25	AP	Prescription	true	2026-08-28	2026-08-31	2026-08-31	2026-08-31
078433	ANDA	001	SUN PHARM	GEMCITABINE HYDROCHLORIDE	GEMCITABINE HYDROCHLORIDE	U347PV74IL	OKKDEIYWILRZIA-OSZBKLCCSA-N	30	2011-07-25	AP	Prescription	true	2026-08-28	2026-08-31	2026-08-31	2026-08-31
078433	ANDA	002	SUN PHARM	GEMCITABINE HYDROCHLORIDE	GEMCITABINE HYDROCHLORIDE	U347PV74IL	OKKDEIYWILRZIA-OSZBKLCCSA-N	30	2011-07-25	AP	Prescription	true	2026-08-28	2026-08-31	2026-08-31	2026-08-31
078759	ANDA	001	TEYRO LABS	GEMCITABINE HYDROCHLORIDE	GEMCITABINE HYDROCHLORIDE	U347PV74IL	OKKDEIYWILRZIA-OSZBKLCCSA-N	30	2011-07-25	AP	Prescription	true	2026-08-28	2026-08-31	2026-08-31	2026-08-31
078759	ANDA	002	TEYRO LABS	GEMCITABINE HYDROCHLORIDE	GEMCITABINE HYDROCHLORIDE	U347PV74IL	OKKDEIYWILRZIA-OSZBKLCCSA-N	30	2011-07-25	AP	Prescription	true	2026-08-28	2026-08-31	2026-08-31	2026-08-31
079160	ANDA	001	ACTAVIS TOTOWA	GEMCITABINE HYDROCHLORIDE	GEMCITABINE HYDROCHLORIDE	U347PV74IL	OKKDEIYWILRZIA-OSZBKLCCSA-N	30	2011-07-25	AP	Discontinued	false	2026-08-28	2026-08-31	2026-08-31	2026-08-31
079160	ANDA	002	ACTAVIS TOTOWA	GEMCITABINE HYDROCHLORIDE	GEMCITABINE HYDROCHLORIDE	U347PV74IL	OKKDEIYWILRZIA-OSZBKLCCSA-N	30	2011-07-25	AP	Discontinued	false	2026-08-28	2026-08-31	2026-08-31	2026-08-31
079160	ANDA	003	ACTAVIS TOTOWA	GEMCITABINE HYDROCHLORIDE	GEMCITABINE HYDROCHLORIDE	U347PV74IL	OKKDEIYWILRZIA-OSZBKLCCSA-N	30	2011-07-25	AP	Discontinued	false	2026-08-28	2026-08-31	2026-08-31	2026-08-31
079183	ANDA	001	HOSPIRA INC	GEMCITABINE HYDROCHLORIDE	GEMCITABINE HYDROCHLORIDE	U347PV74IL	OKKDEIYWILRZIA-OSZBKLCCSA-N	30	2010-11-15	AP	Prescription	true	2026-08-28	2026-08-31	2026-08-31	2026-08-31
090242	ANDA	003	FRESENIUS KABI USA	GEMCITABINE HYDROCHLORIDE	GEMCITABINE HYDROCHLORIDE	U347PV74IL	OKKDEIYWILRZIA-OSZBKLCCSA-N	30	2011-05-17	AP	Prescription	true	2026-08-28	2026-08-31	2026-08-31	2026-08-31
090663	ANDA	001	HAMELN RDS GMBH	GEMCITABINE HYDROCHLORIDE	GEMCITABINE HYDROCHLORIDE	U347PV74IL	OKKDEIYWILRZIA-OSZBKLCCSA-N	30	2012-09-10	AP	Discontinued	false	2026-08-28	2026-08-31	2026-08-31	2026-08-31
090663	ANDA	002	HAMELN RDS GMBH	GEMCITABINE HYDROCHLORIDE	GEMCITABINE HYDROCHLORIDE	U347PV74IL	OKKDEIYWILRZIA-OSZBKLCCSA-N	30	2012-09-10	AP	Discontinued	false	2026-08-28	2026-08-31	2026-08-31	2026-08-31
090799	ANDA	001	FRESENIUS KABI USA	GEMCITABINE HYDROCHLORIDE	GEMCITABINE HYDROCHLORIDE	U347PV74IL	OKKDEIYWILRZIA-OSZBKLCCSA-N	30	2011-05-16	AP	Prescription	true	2026-08-28	2026-08-31	2026-08-31	2026-08-31
090799	ANDA	002	FRESENIUS KABI USA	GEMCITABINE HYDROCHLORIDE	GEMCITABINE HYDROCHLORIDE	U347PV74IL	OKKDEIYWILRZIA-OSZBKLCCSA-N	30	2011-05-16	AP	Prescription	true	2026-08-28	2026-08-31	2026-08-31	2026-08-31
090799	ANDA	003	FRESENIUS KABI USA	GEMCITABINE HYDROCHLORIDE	GEMCITABINE HYDROCHLORIDE	U347PV74IL	OKKDEIYWILRZIA-OSZBKLCCSA-N	30	2011-05-16	AP	Prescription	true	2026-08-28	2026-08-31	2026-08-31	2026-08-31
091365	ANDA	001	DR REDDYS LABS LTD	GEMCITABINE HYDROCHLORIDE	GEMCITABINE HYDROCHLORIDE	U347PV74IL	OKKDEIYWILRZIA-OSZBKLCCSA-N	30	2011-07-25	AP	Prescription	true	2026-08-28	2026-08-31	2026-08-31	2026-08-31
091365	ANDA	002	DR REDDYS LABS LTD	GEMCITABINE HYDROCHLORIDE	GEMCITABINE HYDROCHLORIDE	U347PV74IL	OKKDEIYWILRZIA-OSZBKLCCSA-N	30	2011-07-25	AP	Prescription	true	2026-08-28	2026-08-31	2026-08-31	2026-08-31
091594	ANDA	001	ACCORD HLTHCARE	GEMCITABINE HYDROCHLORIDE	GEMCITABINE HYDROCHLORIDE	U347PV74IL	OKKDEIYWILRZIA-OSZBKLCCSA-N	30	2011-07-25	AP	Discontinued	false	2026-08-28	2026-08-31	2026-08-31	2026-08-31
091594	ANDA	002	ACCORD HLTHCARE	GEMCITABINE HYDROCHLORIDE	GEMCITABINE HYDROCHLORIDE	U347PV74IL	OKKDEIYWILRZIA-OSZBKLCCSA-N	30	2011-07-25	AP	Discontinued	false	2026-08-28	2026-08-31	2026-08-31	2026-08-31
091594	ANDA	003	ACCORD HLTHCARE	GEMCITABINE HYDROCHLORIDE	GEMCITABINE HYDROCHLORIDE	U347PV74IL	OKKDEIYWILRZIA-OSZBKLCCSA-N	30	2011-07-25	AP	Discontinued	false	2026-08-28	2026-08-31	2026-08-31	2026-08-31
091597	ANDA	001	SAGENT PHARMS	GEMCITABINE HYDROCHLORIDE	GEMCITABINE HYDROCHLORIDE	U347PV74IL	OKKDEIYWILRZIA-OSZBKLCCSA-N	30	2013-05-07	AP	Discontinued	false	2026-08-28	2026-08-31	2026-08-31	2026-08-31
091597	ANDA	002	SAGENT PHARMS	GEMCITABINE HYDROCHLORIDE	GEMCITABINE HYDROCHLORIDE	U347PV74IL	OKKDEIYWILRZIA-OSZBKLCCSA-N	30	2013-05-07	AP	Discontinued	false	2026-08-28	2026-08-31	2026-08-31	2026-08-31
200145	ANDA	001	PHARMOBEDIENT	GEMCITABINE HYDROCHLORIDE	GEMCITABINE HYDROCHLORIDE	U347PV74IL	OKKDEIYWILRZIA-OSZBKLCCSA-N	30	2011-07-25	AP	Discontinued	false	2026-08-28	2026-08-31	2026-08-31	2026-08-31
200145	ANDA	002	PHARMOBEDIENT	GEMCITABINE HYDROCHLORIDE	GEMCITABINE HYDROCHLORIDE	U347PV74IL	OKKDEIYWILRZIA-OSZBKLCCSA-N	30	2011-07-25	AP	Discontinued	false	2026-08-28	2026-08-31	2026-08-31	2026-08-31
200145	ANDA	003	PHARMOBEDIENT	GEMCITABINE HYDROCHLORIDE	GEMCITABINE HYDROCHLORIDE	U347PV74IL	OKKDEIYWILRZIA-OSZBKLCCSA-N	30	2011-07-25	AP	Discontinued	false	2026-08-28	2026-08-31	2026-08-31	2026-08-31
200795	NDA	001	HOSPIRA INC	GEMCITABINE HYDROCHLORIDE	GEMCITABINE HYDROCHLORIDE	U347PV74IL	OKKDEIYWILRZIA-OSZBKLCCSA-N	30	2011-08-04	AP	Prescription	true	2026-08-28	2026-08-31	2026-08-31	2026-08-31
200795	NDA	002	HOSPIRA INC	GEMCITABINE HYDROCHLORIDE	GEMCITABINE HYDROCHLORIDE	U347PV74IL	OKKDEIYWILRZIA-OSZBKLCCSA-N	30	2011-08-04	AP	Prescription	true	2026-08-28	2026-08-31	2026-08-31	2026-08-31
200795	NDA	003	HOSPIRA INC	GEMCITABINE HYDROCHLORIDE	GEMCITABINE HYDROCHLORIDE	U347PV74IL	OKKDEIYWILRZIA-OSZBKLCCSA-N	30	2011-08-04	AP	Prescription	true	2026-08-28	2026-08-31	2026-08-31	2026-08-31
202031	ANDA	001	AM REGENT	GEMCITABINE HYDROCHLORIDE	GEMCITABINE HYDROCHLORIDE	U347PV74IL	OKKDEIYWILRZIA-OSZBKLCCSA-N	30	2013-05-07	AP	Discontinued	false	2026-08-28	2026-08-31	2026-08-31	2026-08-31
202031	ANDA	002	AM REGENT	GEMCITABINE HYDROCHLORIDE	GEMCITABINE HYDROCHLORIDE	U347PV74IL	OKKDEIYWILRZIA-OSZBKLCCSA-N	30	2013-05-07	AP	Discontinued	false	2026-08-28	2026-08-31	2026-08-31	2026-08-31
202063	ANDA	001	EMCURE PHARMS LTD	GEMCITABINE HYDROCHLORIDE	GEMCITABINE HYDROCHLORIDE	U347PV74IL	OKKDEIYWILRZIA-OSZBKLCCSA-N	30	2012-09-11	AP	Discontinued	false	2026-08-28	2026-08-31	2026-08-31	2026-08-31
202063	ANDA	002	EMCURE PHARMS LTD	GEMCITABINE HYDROCHLORIDE	GEMCITABINE HYDROCHLORIDE	U347PV74IL	OKKDEIYWILRZIA-OSZBKLCCSA-N	30	2012-09-11	AP	Discontinued	false	2026-08-28	2026-08-31	2026-08-31	2026-08-31
202485	ANDA	001	JIANGSU HANSOH PHARM	GEMCITABINE HYDROCHLORIDE	GEMCITABINE HYDROCHLORIDE	U347PV74IL	OKKDEIYWILRZIA-OSZBKLCCSA-N	30	2013-05-07	AP	Prescription	true	2026-08-28	2026-08-31	2026-08-31	2026-08-31
202485	ANDA	002	JIANGSU HANSOH PHARM	GEMCITABINE HYDROCHLORIDE	GEMCITABINE HYDROCHLORIDE	U347PV74IL	OKKDEIYWILRZIA-OSZBKLCCSA-N	30	2013-05-07	AP	Prescription	true	2026-08-28	2026-08-31	2026-08-31	2026-08-31
202997	ANDA	001	DR REDDYS LABS LTD	GEMCITABINE HYDROCHLORIDE	GEMCITABINE HYDROCHLORIDE	U347PV74IL	OKKDEIYWILRZIA-OSZBKLCCSA-N	30	2013-05-07	AP	Prescription	true	2026-08-28	2026-08-31	2026-08-31	2026-08-31
204520	ANDA	001	GLAND	GEMCITABINE HYDROCHLORIDE	GEMCITABINE HYDROCHLORIDE	U347PV74IL	OKKDEIYWILRZIA-OSZBKLCCSA-N	30	2016-01-05	AP	Prescription	true	2026-08-28	2026-08-31	2026-08-31	2026-08-31
204520	ANDA	002	GLAND	GEMCITABINE HYDROCHLORIDE	GEMCITABINE HYDROCHLORIDE	U347PV74IL	OKKDEIYWILRZIA-OSZBKLCCSA-N	30	2016-01-05	AP	Prescription	true	2026-08-28	2026-08-31	2026-08-31	2026-08-31
204549	ANDA	001	ACTAVIS INC	GEMCITABINE HYDROCHLORIDE	GEMCITABINE HYDROCHLORIDE	U347PV74IL	OKKDEIYWILRZIA-OSZBKLCCSA-N	30	2016-04-11	AP	Discontinued	false	2026-08-28	2026-08-31	2026-08-31	2026-08-31
204549	ANDA	002	ACTAVIS INC	GEMCITABINE HYDROCHLORIDE	GEMCITABINE HYDROCHLORIDE	U347PV74IL	OKKDEIYWILRZIA-OSZBKLCCSA-N	30	2016-04-11	AP	Discontinued	false	2026-08-28	2026-08-31	2026-08-31	2026-08-31
204549	ANDA	003	ACTAVIS INC	GEMCITABINE HYDROCHLORIDE	GEMCITABINE HYDROCHLORIDE	U347PV74IL	OKKDEIYWILRZIA-OSZBKLCCSA-N	30	2016-04-11	AP	Discontinued	false	2026-08-28	2026-08-31	2026-08-31	2026-08-31
205242	ANDA	001	MYLAN LABS LTD	GEMCITABINE HYDROCHLORIDE	GEMCITABINE HYDROCHLORIDE	U347PV74IL	OKKDEIYWILRZIA-OSZBKLCCSA-N	30	2017-12-06	AP	Prescription	true	2026-08-28	2026-08-31	2026-08-31	2026-08-31
205242	ANDA	002	MYLAN LABS LTD	GEMCITABINE HYDROCHLORIDE	GEMCITABINE HYDROCHLORIDE	U347PV74IL	OKKDEIYWILRZIA-OSZBKLCCSA-N	30	2017-12-06	AP	Prescription	true	2026-08-28	2026-08-31	2026-08-31	2026-08-31
205242	ANDA	003	MYLAN LABS LTD	GEMCITABINE HYDROCHLORIDE	GEMCITABINE HYDROCHLORIDE	U347PV74IL	OKKDEIYWILRZIA-OSZBKLCCSA-N	30	2017-12-06	AP	Prescription	true	2026-08-28	2026-08-31	2026-08-31	2026-08-31
206617	ANDA	001	HIKMA INTL PHARMS	GEMCITABINE HYDROCHLORIDE	GEMCITABINE HYDROCHLORIDE	U347PV74IL	OKKDEIYWILRZIA-OSZBKLCCSA-N	30	2021-06-25	AP	Discontinued	false	2026-08-28	2026-08-31	2026-08-31	2026-08-31
206617	ANDA	002	HIKMA INTL PHARMS	GEMCITABINE HYDROCHLORIDE	GEMCITABINE HYDROCHLORIDE	U347PV74IL	OKKDEIYWILRZIA-OSZBKLCCSA-N	30	2021-06-25	AP	Discontinued	false	2026-08-28	2026-08-31	2026-08-31	2026-08-31
206776	ANDA	001	APOTEX	GEMCITABINE HYDROCHLORIDE	GEMCITABINE HYDROCHLORIDE	U347PV74IL	OKKDEIYWILRZIA-OSZBKLCCSA-N	30	2017-05-23	AP	Discontinued	false	2026-08-28	2026-08-31	2026-08-31	2026-08-31
206776	ANDA	002	APOTEX	GEMCITABINE HYDROCHLORIDE	GEMCITABINE HYDROCHLORIDE	U347PV74IL	OKKDEIYWILRZIA-OSZBKLCCSA-N	30	2017-05-23	AP	Discontinued	false	2026-08-28	2026-08-31	2026-08-31	2026-08-31
206776	ANDA	003	APOTEX	GEMCITABINE HYDROCHLORIDE	GEMCITABINE HYDROCHLORIDE	U347PV74IL	OKKDEIYWILRZIA-OSZBKLCCSA-N	30	2017-05-23	AP	Discontinued	false	2026-08-28	2026-08-31	2026-08-31	2026-08-31
207575	ANDA	001	SHILPA	GEMCITABINE HYDROCHLORIDE	GEMCITABINE HYDROCHLORIDE	U347PV74IL	OKKDEIYWILRZIA-OSZBKLCCSA-N	30	2019-02-22	AP	Prescription	true	2026-08-28	2026-08-31	2026-08-31	2026-08-31
207575	ANDA	002	SHILPA	GEMCITABINE HYDROCHLORIDE	GEMCITABINE HYDROCHLORIDE	U347PV74IL	OKKDEIYWILRZIA-OSZBKLCCSA-N	30	2019-02-22	AP	Prescription	true	2026-08-28	2026-08-31	2026-08-31	2026-08-31
208313	NDA	001	SUN PHARM	INFUGEM	GEMCITABINE HYDROCHLORIDE	U347PV74IL	OKKDEIYWILRZIA-OSZBKLCCSA-N	30	2018-07-16	AP	Discontinued	false	2026-08-28	2026-08-31	2026-08-31	2026-08-31
208313	NDA	002	SUN PHARM	INFUGEM	GEMCITABINE HYDROCHLORIDE	U347PV74IL	OKKDEIYWILRZIA-OSZBKLCCSA-N	30	2018-07-16	AP	Discontinued	false	2026-08-28	2026-08-31	2026-08-31	2026-08-31
208313	NDA	003	SUN PHARM	INFUGEM	GEMCITABINE HYDROCHLORIDE	U347PV74IL	OKKDEIYWILRZIA-OSZBKLCCSA-N	30	2018-07-16	AP	Discontinued	false	2026-08-28	2026-08-31	2026-08-31	2026-08-31
208313	NDA	004	SUN PHARM	INFUGEM	GEMCITABINE HYDROCHLORIDE	U347PV74IL	OKKDEIYWILRZIA-OSZBKLCCSA-N	30	2018-07-16	AP	Discontinued	false	2026-08-28	2026-08-31	2026-08-31	2026-08-31
208313	NDA	005	SUN PHARM	INFUGEM	GEMCITABINE HYDROCHLORIDE	U347PV74IL	OKKDEIYWILRZIA-OSZBKLCCSA-N	30	2018-07-16	AP	Discontinued	false	2026-08-28	2026-08-31	2026-08-31	2026-08-31
208313	NDA	006	SUN PHARM	INFUGEM	GEMCITABINE HYDROCHLORIDE	U347PV74IL	OKKDEIYWILRZIA-OSZBKLCCSA-N	30	2018-07-16	AP	Discontinued	false	2026-08-28	2026-08-31	2026-08-31	2026-08-31
208313	NDA	007	SUN PHARM	INFUGEM	GEMCITABINE HYDROCHLORIDE	U347PV74IL	OKKDEIYWILRZIA-OSZBKLCCSA-N	30	2018-07-16	AP	Discontinued	false	2026-08-28	2026-08-31	2026-08-31	2026-08-31
208313	NDA	008	SUN PHARM	INFUGEM	GEMCITABINE HYDROCHLORIDE	U347PV74IL	OKKDEIYWILRZIA-OSZBKLCCSA-N	30	2018-07-16	AP	Discontinued	false	2026-08-28	2026-08-31	2026-08-31	2026-08-31
208313	NDA	009	SUN PHARM	INFUGEM	GEMCITABINE HYDROCHLORIDE	U347PV74IL	OKKDEIYWILRZIA-OSZBKLCCSA-N	30	2018-07-16	AP	Discontinued	false	2026-08-28	2026-08-31	2026-08-31	2026-08-31
208313	NDA	010	SUN PHARM	INFUGEM	GEMCITABINE HYDROCHLORIDE	U347PV74IL	OKKDEIYWILRZIA-OSZBKLCCSA-N	30	2018-07-16	AP	Discontinued	false	2026-08-28	2026-08-31	2026-08-31	2026-08-31
209077	ANDA	001	SAGENT PHARMS INC	GEMCITABINE HYDROCHLORIDE	GEMCITABINE HYDROCHLORIDE	U347PV74IL	OKKDEIYWILRZIA-OSZBKLCCSA-N	30	2018-07-20	AP	Prescription	true	2026-08-28	2026-08-31	2026-08-31	2026-08-31
209077	ANDA	002	SAGENT PHARMS INC	GEMCITABINE HYDROCHLORIDE	GEMCITABINE HYDROCHLORIDE	U347PV74IL	OKKDEIYWILRZIA-OSZBKLCCSA-N	30	2018-07-20	AP	Prescription	true	2026-08-28	2026-08-31	2026-08-31	2026-08-31
209077	ANDA	003	SAGENT PHARMS INC	GEMCITABINE HYDROCHLORIDE	GEMCITABINE HYDROCHLORIDE	U347PV74IL	OKKDEIYWILRZIA-OSZBKLCCSA-N	30	2018-07-20	AP	Prescription	true	2026-08-28	2026-08-31	2026-08-31	2026-08-31
209604	NDA	001	ACCORD HLTHCARE	GEMCITABINE HYDROCHLORIDE	GEMCITABINE HYDROCHLORIDE	U347PV74IL	OKKDEIYWILRZIA-OSZBKLCCSA-N	30	2017-08-03	AP	Discontinued	false	2026-08-28	2026-08-31	2026-08-31	2026-08-31
209604	NDA	002	ACCORD HLTHCARE	GEMCITABINE HYDROCHLORIDE	GEMCITABINE HYDROCHLORIDE	U347PV74IL	OKKDEIYWILRZIA-OSZBKLCCSA-N	30	2017-08-03	AP	Discontinued	false	2026-08-28	2026-08-31	2026-08-31	2026-08-31
209604	NDA	003	ACCORD HLTHCARE	GEMCITABINE HYDROCHLORIDE	GEMCITABINE HYDROCHLORIDE	U347PV74IL	OKKDEIYWILRZIA-OSZBKLCCSA-N	30	2017-08-03	AP	Discontinued	false	2026-08-28	2026-08-31	2026-08-31	2026-08-31
209604	NDA	004	ACCORD HLTHCARE	GEMCITABINE HYDROCHLORIDE	GEMCITABINE HYDROCHLORIDE	U347PV74IL	OKKDEIYWILRZIA-OSZBKLCCSA-N	30	2017-08-03	AP	Discontinued	false	2026-08-28	2026-08-31	2026-08-31	2026-08-31
210383	ANDA	001	INGENUS PHARMS LLC	GEMCITABINE HYDROCHLORIDE	GEMCITABINE HYDROCHLORIDE	U347PV74IL	OKKDEIYWILRZIA-OSZBKLCCSA-N	30	2019-02-14	AP	Discontinued	false	2026-08-28	2026-08-31	2026-08-31	2026-08-31
210383	ANDA	002	INGENUS PHARMS LLC	GEMCITABINE HYDROCHLORIDE	GEMCITABINE HYDROCHLORIDE	U347PV74IL	OKKDEIYWILRZIA-OSZBKLCCSA-N	30	2019-02-14	AP	Discontinued	false	2026-08-28	2026-08-31	2026-08-31	2026-08-31
210383	ANDA	003	INGENUS PHARMS LLC	GEMCITABINE HYDROCHLORIDE	GEMCITABINE HYDROCHLORIDE	U347PV74IL	OKKDEIYWILRZIA-OSZBKLCCSA-N	30	2019-02-14	AP	Discontinued	false	2026-08-28	2026-08-31	2026-08-31	2026-08-31
210991	ANDA	001	SHILPA	GEMCITABINE HYDROCHLORIDE	GEMCITABINE HYDROCHLORIDE	U347PV74IL	OKKDEIYWILRZIA-OSZBKLCCSA-N	30	2019-10-04	AP	Prescription	true	2026-08-28	2026-08-31	2026-08-31	2026-08-31
210991	ANDA	002	SHILPA	GEMCITABINE HYDROCHLORIDE	GEMCITABINE HYDROCHLORIDE	U347PV74IL	OKKDEIYWILRZIA-OSZBKLCCSA-N	30	2019-10-04	AP	Prescription	true	2026-08-28	2026-08-31	2026-08-31	2026-08-31
210991	ANDA	003	SHILPA	GEMCITABINE HYDROCHLORIDE	GEMCITABINE HYDROCHLORIDE	U347PV74IL	OKKDEIYWILRZIA-OSZBKLCCSA-N	30	2019-10-04	AP	Prescription	true	2026-08-28	2026-08-31	2026-08-31	2026-08-31
212129	ANDA	001	MEITHEAL	GEMCITABINE HYDROCHLORIDE	GEMCITABINE HYDROCHLORIDE	U347PV74IL	OKKDEIYWILRZIA-OSZBKLCCSA-N	30	2020-12-11	AP	Prescription	true	2026-08-28	2026-08-31	2026-08-31	2026-08-31
212129	ANDA	002	MEITHEAL	GEMCITABINE HYDROCHLORIDE	GEMCITABINE HYDROCHLORIDE	U347PV74IL	OKKDEIYWILRZIA-OSZBKLCCSA-N	30	2020-12-11	AP	Prescription	true	2026-08-28	2026-08-31	2026-08-31	2026-08-31
212129	ANDA	003	MEITHEAL	GEMCITABINE HYDROCHLORIDE	GEMCITABINE HYDROCHLORIDE	U347PV74IL	OKKDEIYWILRZIA-OSZBKLCCSA-N	30	2020-12-11	AP	Prescription	true	2026-08-28	2026-08-31	2026-08-31	2026-08-31
213175	ANDA	001	HIKMA	GEMCITABINE HYDROCHLORIDE	GEMCITABINE HYDROCHLORIDE	U347PV74IL	OKKDEIYWILRZIA-OSZBKLCCSA-N	30	2023-03-07	AP	Prescription	true	2026-08-28	2026-08-31	2026-08-31	2026-08-31
213175	ANDA	002	HIKMA	GEMCITABINE HYDROCHLORIDE	GEMCITABINE HYDROCHLORIDE	U347PV74IL	OKKDEIYWILRZIA-OSZBKLCCSA-N	30	2023-03-07	AP	Prescription	true	2026-08-28	2026-08-31	2026-08-31	2026-08-31
213175	ANDA	003	HIKMA	GEMCITABINE HYDROCHLORIDE	GEMCITABINE HYDROCHLORIDE	U347PV74IL	OKKDEIYWILRZIA-OSZBKLCCSA-N	30	2023-03-07	AP	Prescription	true	2026-08-28	2026-08-31	2026-08-31	2026-08-31
219683	NDA	001	JANSSEN BIOTECH	INLEXZO	GEMCITABINE HYDROCHLORIDE	U347PV74IL	OKKDEIYWILRZIA-OSZBKLCCSA-N	30	2025-09-09	AP	Prescription	true	2026-08-28	2026-08-31	2026-08-31	2026-08-31
219920	NDA	001	AVYXA HOLDINGS	AVGEMSI	GEMCITABINE HYDROCHLORIDE	U347PV74IL	OKKDEIYWILRZIA-OSZBKLCCSA-N	30	2025-06-27	AP	Discontinued	false	2026-08-28	2026-08-31	2026-08-31	2026-08-31
219920	NDA	002	AVYXA HOLDINGS	AVGEMSI	GEMCITABINE HYDROCHLORIDE	U347PV74IL	OKKDEIYWILRZIA-OSZBKLCCSA-N	30	2025-06-27	AP	Prescription	true	2026-08-28	2026-08-31	2026-08-31	2026-08-31
219920	NDA	003	AVYXA HOLDINGS	AVGEMSI	GEMCITABINE HYDROCHLORIDE	U347PV74IL	OKKDEIYWILRZIA-OSZBKLCCSA-N	30	2025-06-27	AP	Prescription	true	2026-08-28	2026-08-31	2026-08-31	2026-08-31
022407	NDA	001	THERAVANCE INC	VIBATIV	TELAVANCIN	XK134822Z0	ONUMZHGUFYIKPM-MXNFEBESSA-N	22	2013-06-21	AP	Prescription	true	2026-08-28	2026-08-31	2026-08-31	2026-08-31
022407	NDA	002	THERAVANCE INC	VIBATIV	TELAVANCIN	XK134822Z0	ONUMZHGUFYIKPM-MXNFEBESSA-N	22	2013-06-21	AP	Prescription	true	2026-08-28	2026-08-31	2026-08-31	2026-08-31
017481	NDA	001	JANSSEN PHARMS	VERMOX	MEBENDAZOLE	81G6I5V05I	OPXLLQIJSORQAM-UHFFFAOYSA-N	34	1974-06-28	AP	Discontinued	false	2026-08-28	2026-08-31	2026-08-31	2026-08-31
073580	ANDA	001	IMPAX LABS INC	EMVERM	MEBENDAZOLE	81G6I5V05I	OPXLLQIJSORQAM-UHFFFAOYSA-N	34	1995-01-04	AP	Prescription	true	2026-08-28	2026-08-31	2026-08-31	2026-08-31
208398	NDA	001	JANSSEN PHARMS	VERMOX	MEBENDAZOLE	81G6I5V05I	OPXLLQIJSORQAM-UHFFFAOYSA-N	34	2016-10-19	AP	Discontinued	false	2026-08-28	2026-08-31	2026-08-31	2026-08-31
017690	NDA	001	J AND J CONSUMER INC	IMODIUM	LOPERAMIDE HYDROCHLORIDE	77TI35393C	PGYPOBZJRVSMDS-UHFFFAOYSA-N	26	1976-12-28	AP	Discontinued	false	2026-08-28	2026-08-31	2026-08-31	2026-08-31
017694	NDA	001	J AND J CONSUMER INC	IMODIUM	LOPERAMIDE HYDROCHLORIDE	77TI35393C	PGYPOBZJRVSMDS-UHFFFAOYSA-N	26	1976-12-28	AP	Discontinued	false	2026-08-28	2026-08-31	2026-08-31	2026-08-31
019037	NDA	001	JANSSEN PHARMS	IMODIUM	LOPERAMIDE HYDROCHLORIDE	77TI35393C	PGYPOBZJRVSMDS-UHFFFAOYSA-N	26	1984-07-31	AP	Discontinued	false	2026-08-28	2026-08-31	2026-08-31	2026-08-31
019487	NDA	001	KENVUE BRANDS	IMODIUM A-D	LOPERAMIDE HYDROCHLORIDE	77TI35393C	PGYPOBZJRVSMDS-UHFFFAOYSA-N	26	1988-03-01	AP	Discontinued	false	2026-08-28	2026-08-31	2026-08-31	2026-08-31
019487	NDA	002	KENVUE BRANDS	IMODIUM A-D	LOPERAMIDE HYDROCHLORIDE	77TI35393C	PGYPOBZJRVSMDS-UHFFFAOYSA-N	26	1988-03-01	AP	Over-the-counter	true	2026-08-28	2026-08-31	2026-08-31	2026-08-31
019860	NDA	001	KENVUE BRANDS	IMODIUM A-D	LOPERAMIDE HYDROCHLORIDE	77TI35393C	PGYPOBZJRVSMDS-UHFFFAOYSA-N	26	1989-11-22	AP	Over-the-counter	true	2026-08-28	2026-08-31	2026-08-31	2026-08-31
020448	NDA	001	J AND J CONSUMER INC	IMODIUM A-D EZ CHEWS	LOPERAMIDE HYDROCHLORIDE	77TI35393C	PGYPOBZJRVSMDS-UHFFFAOYSA-N	26	1997-07-24	AP	Discontinued	false	2026-08-28	2026-08-31	2026-08-31	2026-08-31
021855	NDA	001	BIONPHARMA	LOPERAMIDE HYDROCHLORIDE	LOPERAMIDE HYDROCHLORIDE	77TI35393C	PGYPOBZJRVSMDS-UHFFFAOYSA-N	26	2005-08-04	AP	Over-the-counter	true	2026-08-28	2026-08-31	2026-08-31	2026-08-31
021855	NDA	002	BIONPHARMA	LOPERAMIDE HYDROCHLORIDE	LOPERAMIDE HYDROCHLORIDE	77TI35393C	PGYPOBZJRVSMDS-UHFFFAOYSA-N	26	2005-08-04	AP	Over-the-counter	true	2026-08-28	2026-08-31	2026-08-31	2026-08-31
072741	ANDA	001	MYLAN	LOPERAMIDE HYDROCHLORIDE	LOPERAMIDE HYDROCHLORIDE	77TI35393C	PGYPOBZJRVSMDS-UHFFFAOYSA-N	26	1991-09-18	AP	Prescription	true	2026-08-28	2026-08-31	2026-08-31	2026-08-31
072993	ANDA	001	CHARTWELL RX	LOPERAMIDE HYDROCHLORIDE	LOPERAMIDE HYDROCHLORIDE	77TI35393C	PGYPOBZJRVSMDS-UHFFFAOYSA-N	26	1992-08-28	AP	Discontinued	false	2026-08-28	2026-08-31	2026-08-31	2026-08-31
073079	ANDA	001	ALLIED	LOPERAMIDE HYDROCHLORIDE	LOPERAMIDE HYDROCHLORIDE	77TI35393C	PGYPOBZJRVSMDS-UHFFFAOYSA-N	26	1992-04-30	AP	Discontinued	false	2026-08-28	2026-08-31	2026-08-31	2026-08-31
073122	ANDA	001	TEVA	LOPERAMIDE HYDROCHLORIDE	LOPERAMIDE HYDROCHLORIDE	77TI35393C	PGYPOBZJRVSMDS-UHFFFAOYSA-N	26	1991-08-30	AP	Discontinued	false	2026-08-28	2026-08-31	2026-08-31	2026-08-31
073187	ANDA	001	ALPHARMA US PHARMS	LOPERAMIDE HYDROCHLORIDE	LOPERAMIDE HYDROCHLORIDE	77TI35393C	PGYPOBZJRVSMDS-UHFFFAOYSA-N	26	1992-09-15	AP	Discontinued	false	2026-08-28	2026-08-31	2026-08-31	2026-08-31
073192	ANDA	001	TEVA	LOPERAMIDE HYDROCHLORIDE	LOPERAMIDE HYDROCHLORIDE	77TI35393C	PGYPOBZJRVSMDS-UHFFFAOYSA-N	26	1992-04-30	AP	Prescription	true	2026-08-28	2026-08-31	2026-08-31	2026-08-31
073243	ANDA	001	PERRIGO	LOPERAMIDE HYDROCHLORIDE	LOPERAMIDE HYDROCHLORIDE	77TI35393C	PGYPOBZJRVSMDS-UHFFFAOYSA-N	26	1992-01-21	AP	Discontinued	false	2026-08-28	2026-08-31	2026-08-31	2026-08-31
073254	ANDA	001	CONTRACT PHARMACAL	LOPERAMIDE HYDROCHLORIDE	LOPERAMIDE HYDROCHLORIDE	77TI35393C	PGYPOBZJRVSMDS-UHFFFAOYSA-N	26	1993-07-30	AP	Discontinued	false	2026-08-28	2026-08-31	2026-08-31	2026-08-31
073478	ANDA	001	TEVA	LOPERAMIDE HYDROCHLORIDE	LOPERAMIDE HYDROCHLORIDE	77TI35393C	PGYPOBZJRVSMDS-UHFFFAOYSA-N	26	1995-06-23	AP	Discontinued	false	2026-08-28	2026-08-31	2026-08-31	2026-08-31
073528	ANDA	001	ABLE	LOPERAMIDE HYDROCHLORIDE	LOPERAMIDE HYDROCHLORIDE	77TI35393C	PGYPOBZJRVSMDS-UHFFFAOYSA-N	26	1993-11-30	AP	Discontinued	false	2026-08-28	2026-08-31	2026-08-31	2026-08-31
074091	ANDA	001	OHM LABS	LOPERAMIDE HYDROCHLORIDE	LOPERAMIDE HYDROCHLORIDE	77TI35393C	PGYPOBZJRVSMDS-UHFFFAOYSA-N	26	1992-12-10	AP	Over-the-counter	true	2026-08-28	2026-08-31	2026-08-31	2026-08-31
074194	ANDA	001	PERRIGO	LOPERAMIDE HYDROCHLORIDE	LOPERAMIDE HYDROCHLORIDE	77TI35393C	PGYPOBZJRVSMDS-UHFFFAOYSA-N	26	1992-10-30	AP	Discontinued	false	2026-08-28	2026-08-31	2026-08-31	2026-08-31
074352	ANDA	001	PAI HOLDINGS	LOPERAMIDE HYDROCHLORIDE	LOPERAMIDE HYDROCHLORIDE	77TI35393C	PGYPOBZJRVSMDS-UHFFFAOYSA-N	26	1995-11-17	AP	Discontinued	false	2026-08-28	2026-08-31	2026-08-31	2026-08-31
074730	ANDA	001	WOCKHARDT BIO AG	LOPERAMIDE HYDROCHLORIDE	LOPERAMIDE HYDROCHLORIDE	77TI35393C	PGYPOBZJRVSMDS-UHFFFAOYSA-N	26	1997-08-28	AP	Discontinued	false	2026-08-28	2026-08-31	2026-08-31	2026-08-31
074991	ANDA	001	DURAMED PHARMS BARR	LOPERAMIDE HYDROCHLORIDE	LOPERAMIDE HYDROCHLORIDE	77TI35393C	PGYPOBZJRVSMDS-UHFFFAOYSA-N	26	1997-12-29	AP	Discontinued	false	2026-08-28	2026-08-31	2026-08-31	2026-08-31
075232	ANDA	001	L PERRIGO CO	LOPERAMIDE HYDROCHLORIDE	LOPERAMIDE HYDROCHLORIDE	77TI35393C	PGYPOBZJRVSMDS-UHFFFAOYSA-N	26	2000-01-06	AP	Over-the-counter	true	2026-08-28	2026-08-31	2026-08-31	2026-08-31
076497	ANDA	001	LNK	LOPERAMIDE HYDROCHLORIDE	LOPERAMIDE HYDROCHLORIDE	77TI35393C	PGYPOBZJRVSMDS-UHFFFAOYSA-N	26	2003-06-10	AP	Over-the-counter	true	2026-08-28	2026-08-31	2026-08-31	2026-08-31
091292	ANDA	001	PERRIGO R AND D	LOPERAMIDE HYDROCHLORIDE	LOPERAMIDE HYDROCHLORIDE	77TI35393C	PGYPOBZJRVSMDS-UHFFFAOYSA-N	26	2011-05-20	AP	Over-the-counter	true	2026-08-28	2026-08-31	2026-08-31	2026-08-31
206548	ANDA	001	AUROBINDO PHARMA	LOPERAMIDE HYDROCHLORIDE	LOPERAMIDE HYDROCHLORIDE	77TI35393C	PGYPOBZJRVSMDS-UHFFFAOYSA-N	26	2015-12-15	AP	Over-the-counter	true	2026-08-28	2026-08-31	2026-08-31	2026-08-31
213070	ANDA	001	ONESOURCE	LOPERAMIDE HYDROCHLORIDE	LOPERAMIDE HYDROCHLORIDE	77TI35393C	PGYPOBZJRVSMDS-UHFFFAOYSA-N	26	2021-08-11	AP	Over-the-counter	true	2026-08-28	2026-08-31	2026-08-31	2026-08-31
215001	ANDA	001	EDENBRIDGE PHARMS	LOPERAMIDE HYDROCHLORIDE	LOPERAMIDE HYDROCHLORIDE	77TI35393C	PGYPOBZJRVSMDS-UHFFFAOYSA-N	26	2021-10-06	AP	Prescription	true	2026-08-28	2026-08-31	2026-08-31	2026-08-31
215579	ANDA	001	BIONPHARMA	LOPERAMIDE HYDROCHLORIDE	LOPERAMIDE HYDROCHLORIDE	77TI35393C	PGYPOBZJRVSMDS-UHFFFAOYSA-N	26	2021-10-22	AP	Prescription	true	2026-08-28	2026-08-31	2026-08-31	2026-08-31
216876	ANDA	001	RUBICON RESEARCH	LOPERAMIDE HYDROCHLORIDE	LOPERAMIDE HYDROCHLORIDE	77TI35393C	PGYPOBZJRVSMDS-UHFFFAOYSA-N	26	2023-01-26	AP	Prescription	true	2026-08-28	2026-08-31	2026-08-31	2026-08-31
217471	ANDA	001	ZYDUS LIFESCIENCES	LOPERAMIDE HYDROCHLORIDE	LOPERAMIDE HYDROCHLORIDE	77TI35393C	PGYPOBZJRVSMDS-UHFFFAOYSA-N	26	2023-03-23	AP	Prescription	true	2026-08-28	2026-08-31	2026-08-31	2026-08-31
217840	ANDA	001	JUBILANT CADISTA	LOPERAMIDE HYDROCHLORIDE	LOPERAMIDE HYDROCHLORIDE	77TI35393C	PGYPOBZJRVSMDS-UHFFFAOYSA-N	26	2023-07-05	AP	Prescription	true	2026-08-28	2026-08-31	2026-08-31	2026-08-31
218122	ANDA	001	AUROBINDO PHARMA LTD	LOPERAMIDE HYDROCHLORIDE	LOPERAMIDE HYDROCHLORIDE	77TI35393C	PGYPOBZJRVSMDS-UHFFFAOYSA-N	26	2023-09-05	AP	Prescription	true	2026-08-28	2026-08-31	2026-08-31	2026-08-31
220100	ANDA	001	BIONPHARMA	LOPERAMIDE HYDROCHLORIDE	LOPERAMIDE HYDROCHLORIDE	77TI35393C	PGYPOBZJRVSMDS-UHFFFAOYSA-N	26	2025-09-19	AP	Over-the-counter	true	2026-08-28	2026-08-31	2026-08-31	2026-08-31
220153	ANDA	001	MARKSANS PHARMA	LOPERAMIDE HYDROCHLORIDE	LOPERAMIDE HYDROCHLORIDE	77TI35393C	PGYPOBZJRVSMDS-UHFFFAOYSA-N	26	2025-11-17	AP	Over-the-counter	true	2026-08-28	2026-08-31	2026-08-31	2026-08-31
220372	ANDA	001	AUROBINDO PHARMA	LOPERAMIDE HYDROCHLORIDE	LOPERAMIDE HYDROCHLORIDE	77TI35393C	PGYPOBZJRVSMDS-UHFFFAOYSA-N	26	2025-12-29	AP	Over-the-counter	true	2026-08-28	2026-08-31	2026-08-31	2026-08-31
021023	NDA	001	ALLERGAN	RESTASIS	CYCLOSPORINE	83HN0GTJ6D	PMATZTZNYRCHOR-CGLBZJNRSA-N	96	2003-10-10	AP	Prescription	true	2026-08-28	2026-08-31	2026-08-31	2026-08-31
050573	NDA	001	NOVARTIS	SANDIMMUNE	CYCLOSPORINE	83HN0GTJ6D	PMATZTZNYRCHOR-CGLBZJNRSA-N	96	1983-11-14	AP	Prescription	true	2026-08-28	2026-08-31	2026-08-31	2026-08-31
050574	NDA	001	NOVARTIS	SANDIMMUNE	CYCLOSPORINE	83HN0GTJ6D	PMATZTZNYRCHOR-CGLBZJNRSA-N	96	1983-11-14	AP	Prescription	true	2026-08-28	2026-08-31	2026-08-31	2026-08-31
050625	NDA	001	NOVARTIS	SANDIMMUNE	CYCLOSPORINE	83HN0GTJ6D	PMATZTZNYRCHOR-CGLBZJNRSA-N	96	1990-03-02	AP	Prescription	true	2026-08-28	2026-08-31	2026-08-31	2026-08-31
050625	NDA	002	NOVARTIS	SANDIMMUNE	CYCLOSPORINE	83HN0GTJ6D	PMATZTZNYRCHOR-CGLBZJNRSA-N	96	1990-03-02	AP	Prescription	true	2026-08-28	2026-08-31	2026-08-31	2026-08-31
050625	NDA	003	NOVARTIS	SANDIMMUNE	CYCLOSPORINE	83HN0GTJ6D	PMATZTZNYRCHOR-CGLBZJNRSA-N	96	1990-03-02	AP	Prescription	true	2026-08-28	2026-08-31	2026-08-31	2026-08-31
050715	NDA	001	NOVARTIS	NEORAL	CYCLOSPORINE	83HN0GTJ6D	PMATZTZNYRCHOR-CGLBZJNRSA-N	96	1995-07-14	AP	Prescription	true	2026-08-28	2026-08-31	2026-08-31	2026-08-31
050715	NDA	002	NOVARTIS	NEORAL	CYCLOSPORINE	83HN0GTJ6D	PMATZTZNYRCHOR-CGLBZJNRSA-N	96	1995-07-14	AP	Prescription	true	2026-08-28	2026-08-31	2026-08-31	2026-08-31
050715	NDA	003	NOVARTIS	NEORAL	CYCLOSPORINE	83HN0GTJ6D	PMATZTZNYRCHOR-CGLBZJNRSA-N	96	1995-07-14	AP	Discontinued	false	2026-08-28	2026-08-31	2026-08-31	2026-08-31
050716	NDA	001	NOVARTIS	NEORAL	CYCLOSPORINE	83HN0GTJ6D	PMATZTZNYRCHOR-CGLBZJNRSA-N	96	1995-07-14	AP	Prescription	true	2026-08-28	2026-08-31	2026-08-31	2026-08-31
050735	NDA	001	NOVARTIS	NEORAL	CYCLOSPORINE	83HN0GTJ6D	PMATZTZNYRCHOR-CGLBZJNRSA-N	96	1997-05-22	AP	Prescription	true	2026-08-28	2026-08-31	2026-08-31	2026-08-31
050735	NDA	002	NOVARTIS	NEORAL	CYCLOSPORINE	83HN0GTJ6D	PMATZTZNYRCHOR-CGLBZJNRSA-N	96	1997-05-22	AP	Prescription	true	2026-08-28	2026-08-31	2026-08-31	2026-08-31
050736	NDA	001	NOVARTIS	NEORAL	CYCLOSPORINE	83HN0GTJ6D	PMATZTZNYRCHOR-CGLBZJNRSA-N	96	1997-05-22	AP	Prescription	true	2026-08-28	2026-08-31	2026-08-31	2026-08-31
050736	NDA	002	NOVARTIS	NEORAL	CYCLOSPORINE	83HN0GTJ6D	PMATZTZNYRCHOR-CGLBZJNRSA-N	96	1997-05-22	AP	Prescription	true	2026-08-28	2026-08-31	2026-08-31	2026-08-31
050737	NDA	001	NOVARTIS	NEORAL	CYCLOSPORINE	83HN0GTJ6D	PMATZTZNYRCHOR-CGLBZJNRSA-N	96	1997-06-19	AP	Prescription	true	2026-08-28	2026-08-31	2026-08-31	2026-08-31
050737	NDA	002	NOVARTIS	NEORAL	CYCLOSPORINE	83HN0GTJ6D	PMATZTZNYRCHOR-CGLBZJNRSA-N	96	1997-06-19	AP	Prescription	true	2026-08-28	2026-08-31	2026-08-31	2026-08-31
050738	NDA	001	NOVARTIS	NEORAL	CYCLOSPORINE	83HN0GTJ6D	PMATZTZNYRCHOR-CGLBZJNRSA-N	96	1997-06-19	AP	Prescription	true	2026-08-28	2026-08-31	2026-08-31	2026-08-31
050738	NDA	002	NOVARTIS	NEORAL	CYCLOSPORINE	83HN0GTJ6D	PMATZTZNYRCHOR-CGLBZJNRSA-N	96	1997-06-19	AP	Prescription	true	2026-08-28	2026-08-31	2026-08-31	2026-08-31
050790	NDA	001	ABBVIE	RESTASIS	CYCLOSPORINE	83HN0GTJ6D	PMATZTZNYRCHOR-CGLBZJNRSA-N	96	2002-12-23	AP	Prescription	true	2026-08-28	2026-08-31	2026-08-31	2026-08-31
050790	NDA	002	ABBVIE	RESTASIS MULTIDOSE	CYCLOSPORINE	83HN0GTJ6D	PMATZTZNYRCHOR-CGLBZJNRSA-N	96	2002-12-23	AP	Prescription	true	2026-08-28	2026-08-31	2026-08-31	2026-08-31
065003	ANDA	001	ABBVIE	GENGRAF	CYCLOSPORINE	83HN0GTJ6D	PMATZTZNYRCHOR-CGLBZJNRSA-N	96	2000-05-12	AP	Prescription	true	2026-08-28	2026-08-31	2026-08-31	2026-08-31
065003	ANDA	002	ABBVIE	GENGRAF	CYCLOSPORINE	83HN0GTJ6D	PMATZTZNYRCHOR-CGLBZJNRSA-N	96	2000-05-12	AP	Discontinued	false	2026-08-28	2026-08-31	2026-08-31	2026-08-31
065003	ANDA	003	ABBVIE	GENGRAF	CYCLOSPORINE	83HN0GTJ6D	PMATZTZNYRCHOR-CGLBZJNRSA-N	96	2000-05-12	AP	Prescription	true	2026-08-28	2026-08-31	2026-08-31	2026-08-31
065004	ANDA	001	HIKMA	CYCLOSPORINE	CYCLOSPORINE	83HN0GTJ6D	PMATZTZNYRCHOR-CGLBZJNRSA-N	96	1999-10-29	AP	Prescription	true	2026-08-28	2026-08-31	2026-08-31	2026-08-31
065017	ANDA	001	SANDOZ	CYCLOSPORINE	CYCLOSPORINE	83HN0GTJ6D	PMATZTZNYRCHOR-CGLBZJNRSA-N	96	2000-01-13	AP	Prescription	true	2026-08-28	2026-08-31	2026-08-31	2026-08-31
065017	ANDA	002	SANDOZ	CYCLOSPORINE	CYCLOSPORINE	83HN0GTJ6D	PMATZTZNYRCHOR-CGLBZJNRSA-N	96	2000-01-13	AP	Prescription	true	2026-08-28	2026-08-31	2026-08-31	2026-08-31
065025	ANDA	001	ABBVIE	CYCLOSPORINE	CYCLOSPORINE	83HN0GTJ6D	PMATZTZNYRCHOR-CGLBZJNRSA-N	96	2000-03-03	AP	Discontinued	false	2026-08-28	2026-08-31	2026-08-31	2026-08-31
065040	ANDA	001	APOTEX	CYCLOSPORINE	CYCLOSPORINE	83HN0GTJ6D	PMATZTZNYRCHOR-CGLBZJNRSA-N	96	2002-05-09	AP	Prescription	true	2026-08-28	2026-08-31	2026-08-31	2026-08-31
065040	ANDA	002	APOTEX	CYCLOSPORINE	CYCLOSPORINE	83HN0GTJ6D	PMATZTZNYRCHOR-CGLBZJNRSA-N	96	2002-05-09	AP	Prescription	true	2026-08-28	2026-08-31	2026-08-31	2026-08-31
065044	ANDA	001	DR REDDYS LABS SA	CYCLOSPORINE	CYCLOSPORINE	83HN0GTJ6D	PMATZTZNYRCHOR-CGLBZJNRSA-N	96	2000-12-20	AP	Prescription	true	2026-08-28	2026-08-31	2026-08-31	2026-08-31
065044	ANDA	002	DR REDDYS LABS SA	CYCLOSPORINE	CYCLOSPORINE	83HN0GTJ6D	PMATZTZNYRCHOR-CGLBZJNRSA-N	96	2000-12-20	AP	Prescription	true	2026-08-28	2026-08-31	2026-08-31	2026-08-31
065054	ANDA	001	DR REDDYS LABS SA	CYCLOSPORINE	CYCLOSPORINE	83HN0GTJ6D	PMATZTZNYRCHOR-CGLBZJNRSA-N	96	2001-12-18	AP	Discontinued	false	2026-08-28	2026-08-31	2026-08-31	2026-08-31
065078	ANDA	001	IVAX SUB TEVA PHARMS	CYCLOSPORINE	CYCLOSPORINE	83HN0GTJ6D	PMATZTZNYRCHOR-CGLBZJNRSA-N	96	2005-03-25	AP	Prescription	true	2026-08-28	2026-08-31	2026-08-31	2026-08-31
065110	ANDA	001	IVAX SUB TEVA PHARMS	CYCLOSPORINE	CYCLOSPORINE	83HN0GTJ6D	PMATZTZNYRCHOR-CGLBZJNRSA-N	96	2005-03-29	AP	Prescription	true	2026-08-28	2026-08-31	2026-08-31	2026-08-31
065110	ANDA	002	IVAX SUB TEVA PHARMS	CYCLOSPORINE	CYCLOSPORINE	83HN0GTJ6D	PMATZTZNYRCHOR-CGLBZJNRSA-N	96	2005-03-29	AP	Prescription	true	2026-08-28	2026-08-31	2026-08-31	2026-08-31
065110	ANDA	003	IVAX SUB TEVA PHARMS	CYCLOSPORINE	CYCLOSPORINE	83HN0GTJ6D	PMATZTZNYRCHOR-CGLBZJNRSA-N	96	2005-03-29	AP	Prescription	true	2026-08-28	2026-08-31	2026-08-31	2026-08-31
065133	ANDA	001	PHARMOBEDIENT CNSLTG	CYCLOSPORINE	CYCLOSPORINE	83HN0GTJ6D	PMATZTZNYRCHOR-CGLBZJNRSA-N	96	2004-09-17	AP	Discontinued	false	2026-08-28	2026-08-31	2026-08-31	2026-08-31
065151	ANDA	001	PADAGIS US	CYCLOSPORINE	CYCLOSPORINE	83HN0GTJ6D	PMATZTZNYRCHOR-CGLBZJNRSA-N	96	2003-10-07	AP	Discontinued	false	2026-08-28	2026-08-31	2026-08-31	2026-08-31
065167	ANDA	001	PHARM ASSOC	CYCLOSPORINE	CYCLOSPORINE	83HN0GTJ6D	PMATZTZNYRCHOR-CGLBZJNRSA-N	96	2005-01-05	AP	Discontinued	false	2026-08-28	2026-08-31	2026-08-31	2026-08-31
203880	ANDA	001	TEVA PHARMS USA INC	CYCLOSPORINE	CYCLOSPORINE	83HN0GTJ6D	PMATZTZNYRCHOR-CGLBZJNRSA-N	96	2023-12-14	AP	Prescription	true	2026-08-28	2026-08-31	2026-08-31	2026-08-31
205894	ANDA	001	MYLAN	CYCLOSPORINE	CYCLOSPORINE	83HN0GTJ6D	PMATZTZNYRCHOR-CGLBZJNRSA-N	96	2022-02-02	AP	Prescription	true	2026-08-28	2026-08-31	2026-08-31	2026-08-31
207606	ANDA	001	APOTEX	CYCLOSPORINE	CYCLOSPORINE	83HN0GTJ6D	PMATZTZNYRCHOR-CGLBZJNRSA-N	96	2023-01-12	AP	Discontinued	false	2026-08-28	2026-08-31	2026-08-31	2026-08-31
209064	ANDA	001	TWI PHARMS	CYCLOSPORINE	CYCLOSPORINE	83HN0GTJ6D	PMATZTZNYRCHOR-CGLBZJNRSA-N	96	2026-01-21	AP	Prescription	true	2026-08-28	2026-08-31	2026-08-31	2026-08-31
209811	ANDA	001	DEVA HOLDING AS	CYCLOSPORINE	CYCLOSPORINE	83HN0GTJ6D	PMATZTZNYRCHOR-CGLBZJNRSA-N	96	2024-05-21	AP	Prescription	true	2026-08-28	2026-08-31	2026-08-31	2026-08-31
210721	ANDA	001	APOTEX	CYCLOSPORINE	CYCLOSPORINE	83HN0GTJ6D	PMATZTZNYRCHOR-CGLBZJNRSA-N	96	2019-07-10	AP	Prescription	true	2026-08-28	2026-08-31	2026-08-31	2026-08-31
210721	ANDA	002	APOTEX	CYCLOSPORINE	CYCLOSPORINE	83HN0GTJ6D	PMATZTZNYRCHOR-CGLBZJNRSA-N	96	2019-07-10	AP	Prescription	true	2026-08-28	2026-08-31	2026-08-31	2026-08-31
210721	ANDA	003	APOTEX	CYCLOSPORINE	CYCLOSPORINE	83HN0GTJ6D	PMATZTZNYRCHOR-CGLBZJNRSA-N	96	2019-07-10	AP	Prescription	true	2026-08-28	2026-08-31	2026-08-31	2026-08-31
210913	NDA	001	SUN PHARM	CEQUA	CYCLOSPORINE	83HN0GTJ6D	PMATZTZNYRCHOR-CGLBZJNRSA-N	96	2018-08-14	AP	Prescription	true	2026-08-28	2026-08-31	2026-08-31	2026-08-31
211909	ANDA	001	AMNEAL	CYCLOSPORINE	CYCLOSPORINE	83HN0GTJ6D	PMATZTZNYRCHOR-CGLBZJNRSA-N	96	2025-11-28	AP	Prescription	true	2026-08-28	2026-08-31	2026-08-31	2026-08-31
211943	ANDA	001	SAPTALIS PHARMS	CYCLOSPORINE	CYCLOSPORINE	83HN0GTJ6D	PMATZTZNYRCHOR-CGLBZJNRSA-N	96	2024-07-05	AP	Prescription	true	2026-08-28	2026-08-31	2026-08-31	2026-08-31
214965	NDA	001	HARROW EYE	VERKAZIA	CYCLOSPORINE	83HN0GTJ6D	PMATZTZNYRCHOR-CGLBZJNRSA-N	96	2021-06-23	AP	Prescription	true	2026-08-28	2026-08-31	2026-08-31	2026-08-31
216046	ANDA	001	ONESOURCE	CYCLOSPORINE	CYCLOSPORINE	83HN0GTJ6D	PMATZTZNYRCHOR-CGLBZJNRSA-N	96	2022-08-02	AP	Prescription	true	2026-08-28	2026-08-31	2026-08-31	2026-08-31
216046	ANDA	002	ONESOURCE	CYCLOSPORINE	CYCLOSPORINE	83HN0GTJ6D	PMATZTZNYRCHOR-CGLBZJNRSA-N	96	2022-08-02	AP	Prescription	true	2026-08-28	2026-08-31	2026-08-31	2026-08-31
216046	ANDA	003	ONESOURCE	CYCLOSPORINE	CYCLOSPORINE	83HN0GTJ6D	PMATZTZNYRCHOR-CGLBZJNRSA-N	96	2022-08-02	AP	Prescription	true	2026-08-28	2026-08-31	2026-08-31	2026-08-31
217469	NDA	001	HARROW EYE	VEVYE	CYCLOSPORINE	83HN0GTJ6D	PMATZTZNYRCHOR-CGLBZJNRSA-N	96	2023-05-30	AP	Prescription	true	2026-08-28	2026-08-31	2026-08-31	2026-08-31
219049	ANDA	001	QILU	CYCLOSPORINE	CYCLOSPORINE	83HN0GTJ6D	PMATZTZNYRCHOR-CGLBZJNRSA-N	96	2025-09-15	AP	Prescription	true	2026-08-28	2026-08-31	2026-08-31	2026-08-31
219049	ANDA	002	QILU	CYCLOSPORINE	CYCLOSPORINE	83HN0GTJ6D	PMATZTZNYRCHOR-CGLBZJNRSA-N	96	2025-09-15	AP	Prescription	true	2026-08-28	2026-08-31	2026-08-31	2026-08-31
219288	ANDA	001	JIANGSU ANBISON	CYCLOSPORINE	CYCLOSPORINE	83HN0GTJ6D	PMATZTZNYRCHOR-CGLBZJNRSA-N	96	2026-06-01	AP	Prescription	true	2026-08-28	2026-08-31	2026-08-31	2026-08-31
020166	NDA	001	US ARMY	SODIUM THIOSULFATE	SODIUM THIOSULFATE	HX1032V43M	PODWXQQNRWNDGD-UHFFFAOYSA-L	48	1992-02-14	AP	Discontinued	false	2026-08-28	2026-08-31	2026-08-31	2026-08-31
203923	NDA	001	HOPE PHARMS	SODIUM THIOSULFATE	SODIUM THIOSULFATE	HX1032V43M	PODWXQQNRWNDGD-UHFFFAOYSA-L	48	2012-02-14	AP	Prescription	true	2026-08-28	2026-08-31	2026-08-31	2026-08-31
212937	NDA	001	FENNEC PHARMS INC	PEDMARK	SODIUM THIOSULFATE	HX1032V43M	PODWXQQNRWNDGD-UHFFFAOYSA-L	48	2022-09-20	AP	Prescription	true	2026-08-28	2026-08-31	2026-08-31	2026-08-31
204684	NDA	001	KNIGHT THERAPS	IMPAVIDO	MILTEFOSINE	53EY29W7EC	PQLXHQMOHUQAKB-UHFFFAOYSA-N	40	2014-03-19	AP	Prescription	true	2026-08-28	2026-08-31	2026-08-31	2026-08-31
013601	NDA	001	APOTHECON	MUCOMYST	ACETYLCYSTEINE	WYQ7N0BPYC	PWKSKIMOESPYIA-BYPYZUCNSA-N	73	1963-09-14	AP	Discontinued	false	2026-08-28	2026-08-31	2026-08-31	2026-08-31
013601	NDA	002	APOTHECON	MUCOMYST	ACETYLCYSTEINE	WYQ7N0BPYC	PWKSKIMOESPYIA-BYPYZUCNSA-N	73	1963-09-14	AP	Discontinued	false	2026-08-28	2026-08-31	2026-08-31	2026-08-31
021539	NDA	001	APOTEX	ACETADOTE	ACETYLCYSTEINE	WYQ7N0BPYC	PWKSKIMOESPYIA-BYPYZUCNSA-N	73	2004-01-23	AP	Prescription	true	2026-08-28	2026-08-31	2026-08-31	2026-08-31
070575	ANDA	001	DEY	MUCOSIL-10	ACETYLCYSTEINE	WYQ7N0BPYC	PWKSKIMOESPYIA-BYPYZUCNSA-N	73	1986-10-14	AP	Discontinued	false	2026-08-28	2026-08-31	2026-08-31	2026-08-31
070576	ANDA	001	DEY	MUCOSIL-20	ACETYLCYSTEINE	WYQ7N0BPYC	PWKSKIMOESPYIA-BYPYZUCNSA-N	73	1986-10-14	AP	Discontinued	false	2026-08-28	2026-08-31	2026-08-31	2026-08-31
071364	ANDA	001	HOSPIRA	ACETYLCYSTEINE	ACETYLCYSTEINE	WYQ7N0BPYC	PWKSKIMOESPYIA-BYPYZUCNSA-N	73	2007-11-20	AP	Discontinued	false	2026-08-28	2026-08-31	2026-08-31	2026-08-31
071365	ANDA	001	HOSPIRA	ACETYLCYSTEINE	ACETYLCYSTEINE	WYQ7N0BPYC	PWKSKIMOESPYIA-BYPYZUCNSA-N	73	2007-11-20	AP	Discontinued	false	2026-08-28	2026-08-31	2026-08-31	2026-08-31
072323	ANDA	001	ROXANE	ACETYLCYSTEINE	ACETYLCYSTEINE	WYQ7N0BPYC	PWKSKIMOESPYIA-BYPYZUCNSA-N	73	1992-04-30	AP	Discontinued	false	2026-08-28	2026-08-31	2026-08-31	2026-08-31
072324	ANDA	001	ROXANE	ACETYLCYSTEINE	ACETYLCYSTEINE	WYQ7N0BPYC	PWKSKIMOESPYIA-BYPYZUCNSA-N	73	1992-04-30	AP	Discontinued	false	2026-08-28	2026-08-31	2026-08-31	2026-08-31
072489	ANDA	001	AM REGENT	ACETYLCYSTEINE	ACETYLCYSTEINE	WYQ7N0BPYC	PWKSKIMOESPYIA-BYPYZUCNSA-N	73	1995-07-28	AP	Prescription	true	2026-08-28	2026-08-31	2026-08-31	2026-08-31
072547	ANDA	001	AM REGENT	ACETYLCYSTEINE	ACETYLCYSTEINE	WYQ7N0BPYC	PWKSKIMOESPYIA-BYPYZUCNSA-N	73	1995-07-28	AP	Prescription	true	2026-08-28	2026-08-31	2026-08-31	2026-08-31
072621	ANDA	001	ROXANE	ACETYLCYSTEINE	ACETYLCYSTEINE	WYQ7N0BPYC	PWKSKIMOESPYIA-BYPYZUCNSA-N	73	1992-09-30	AP	Discontinued	false	2026-08-28	2026-08-31	2026-08-31	2026-08-31
072622	ANDA	001	ROXANE	ACETYLCYSTEINE	ACETYLCYSTEINE	WYQ7N0BPYC	PWKSKIMOESPYIA-BYPYZUCNSA-N	73	1992-09-30	AP	Discontinued	false	2026-08-28	2026-08-31	2026-08-31	2026-08-31
073664	ANDA	001	HOSPIRA	ACETYLCYSTEINE	ACETYLCYSTEINE	WYQ7N0BPYC	PWKSKIMOESPYIA-BYPYZUCNSA-N	73	1994-08-30	AP	Prescription	true	2026-08-28	2026-08-31	2026-08-31	2026-08-31
074037	ANDA	001	HOSPIRA	ACETYLCYSTEINE	ACETYLCYSTEINE	WYQ7N0BPYC	PWKSKIMOESPYIA-BYPYZUCNSA-N	73	1994-08-30	AP	Prescription	true	2026-08-28	2026-08-31	2026-08-31	2026-08-31
091684	ANDA	001	SAGENT PHARMS INC	ACETYLCYSTEINE	ACETYLCYSTEINE	WYQ7N0BPYC	PWKSKIMOESPYIA-BYPYZUCNSA-N	73	2017-10-31	AP	Prescription	true	2026-08-28	2026-08-31	2026-08-31	2026-08-31
200644	ANDA	001	FRESENIUS KABI USA	ACETYLCYSTEINE	ACETYLCYSTEINE	WYQ7N0BPYC	PWKSKIMOESPYIA-BYPYZUCNSA-N	73	2012-11-07	AP	Prescription	true	2026-08-28	2026-08-31	2026-08-31	2026-08-31
203173	ANDA	001	RISING	ACETYLCYSTEINE	ACETYLCYSTEINE	WYQ7N0BPYC	PWKSKIMOESPYIA-BYPYZUCNSA-N	73	2015-03-24	AP	Prescription	true	2026-08-28	2026-08-31	2026-08-31	2026-08-31
203853	ANDA	001	ALVOGEN	ACETYLCYSTEINE	ACETYLCYSTEINE	WYQ7N0BPYC	PWKSKIMOESPYIA-BYPYZUCNSA-N	73	2012-06-21	AP	Prescription	true	2026-08-28	2026-08-31	2026-08-31	2026-08-31
204674	ANDA	001	ALVOGEN	ACETYLCYSTEINE	ACETYLCYSTEINE	WYQ7N0BPYC	PWKSKIMOESPYIA-BYPYZUCNSA-N	73	2014-02-11	AP	Prescription	true	2026-08-28	2026-08-31	2026-08-31	2026-08-31
204797	ANDA	001	EXELA PHARMA	ACETYLCYSTEINE	ACETYLCYSTEINE	WYQ7N0BPYC	PWKSKIMOESPYIA-BYPYZUCNSA-N	73	2021-04-15	AP	Discontinued	false	2026-08-28	2026-08-31	2026-08-31	2026-08-31
205643	ANDA	001	EXELA PHARMA	ACETYLCYSTEINE	ACETYLCYSTEINE	WYQ7N0BPYC	PWKSKIMOESPYIA-BYPYZUCNSA-N	73	2023-11-01	AP	Discontinued	false	2026-08-28	2026-08-31	2026-08-31	2026-08-31
207358	ANDA	001	EUGIA PHARMA	ACETYLCYSTEINE	ACETYLCYSTEINE	WYQ7N0BPYC	PWKSKIMOESPYIA-BYPYZUCNSA-N	73	2016-02-29	AP	Prescription	true	2026-08-28	2026-08-31	2026-08-31	2026-08-31
207916	NDA	001	ARBOR PHARMS LLC	CETYLEV	ACETYLCYSTEINE	WYQ7N0BPYC	PWKSKIMOESPYIA-BYPYZUCNSA-N	73	2016-01-29	AP	Discontinued	false	2026-08-28	2026-08-31	2026-08-31	2026-08-31
207916	NDA	002	ARBOR PHARMS LLC	CETYLEV	ACETYLCYSTEINE	WYQ7N0BPYC	PWKSKIMOESPYIA-BYPYZUCNSA-N	73	2016-01-29	AP	Discontinued	false	2026-08-28	2026-08-31	2026-08-31	2026-08-31
208166	ANDA	001	ZYDUS PHARMS	ACETYLCYSTEINE	ACETYLCYSTEINE	WYQ7N0BPYC	PWKSKIMOESPYIA-BYPYZUCNSA-N	73	2018-07-20	AP	Prescription	true	2026-08-28	2026-08-31	2026-08-31	2026-08-31
213693	ANDA	001	GLENMARK PHARMS	ACETYLCYSTEINE	ACETYLCYSTEINE	WYQ7N0BPYC	PWKSKIMOESPYIA-BYPYZUCNSA-N	73	2022-02-03	AP	Prescription	true	2026-08-28	2026-08-31	2026-08-31	2026-08-31
214177	ANDA	001	CONBA USA	ACETYLCYSTEINE	ACETYLCYSTEINE	WYQ7N0BPYC	PWKSKIMOESPYIA-BYPYZUCNSA-N	73	2025-03-14	AP	Prescription	true	2026-08-28	2026-08-31	2026-08-31	2026-08-31
214177	ANDA	002	CONBA USA	ACETYLCYSTEINE	ACETYLCYSTEINE	WYQ7N0BPYC	PWKSKIMOESPYIA-BYPYZUCNSA-N	73	2025-03-14	AP	Prescription	true	2026-08-28	2026-08-31	2026-08-31	2026-08-31
215620	ANDA	001	REGCON HOLDINGS	ACETYLCYSTEINE	ACETYLCYSTEINE	WYQ7N0BPYC	PWKSKIMOESPYIA-BYPYZUCNSA-N	73	2022-02-23	AP	Prescription	true	2026-08-28	2026-08-31	2026-08-31	2026-08-31
217182	ANDA	001	ONESOURCE SPECIALTY	ACETYLCYSTEINE	ACETYLCYSTEINE	WYQ7N0BPYC	PWKSKIMOESPYIA-BYPYZUCNSA-N	73	2023-04-19	AP	Prescription	true	2026-08-28	2026-08-31	2026-08-31	2026-08-31
218397	ANDA	001	SOMERSET THERAPS LLC	ACETYLCYSTEINE	ACETYLCYSTEINE	WYQ7N0BPYC	PWKSKIMOESPYIA-BYPYZUCNSA-N	73	2024-06-07	AP	Prescription	true	2026-08-28	2026-08-31	2026-08-31	2026-08-31
219194	ANDA	001	SOMERSET THERAPS LLC	ACETYLCYSTEINE	ACETYLCYSTEINE	WYQ7N0BPYC	PWKSKIMOESPYIA-BYPYZUCNSA-N	73	2025-02-12	AP	Prescription	true	2026-08-28	2026-08-31	2026-08-31	2026-08-31
219194	ANDA	002	SOMERSET THERAPS LLC	ACETYLCYSTEINE	ACETYLCYSTEINE	WYQ7N0BPYC	PWKSKIMOESPYIA-BYPYZUCNSA-N	73	2025-02-12	AP	Prescription	true	2026-08-28	2026-08-31	2026-08-31	2026-08-31
206334	NDA	001	MELINTA THERAP	ORBACTIV	ORITAVANCIN DIPHOSPHATE	VL1P93MKZN	PWTROOMOPLCZHB-BHYQHFGMSA-N	28	2014-08-06	AP	Prescription	true	2026-08-28	2026-08-31	2026-08-31	2026-08-31
214155	NDA	001	MELINTA THERAP	KIMYRSA	ORITAVANCIN DIPHOSPHATE	VL1P93MKZN	PWTROOMOPLCZHB-BHYQHFGMSA-N	28	2021-03-12	AP	Prescription	true	2026-08-28	2026-08-31	2026-08-31	2026-08-31
022187	NDA	001	JANSSEN R AND D	INTELENCE	ETRAVIRINE	0C50HW4FO1	PYGWGZALEOIKDF-UHFFFAOYSA-N	57	2008-01-18	AP	Prescription	true	2026-08-28	2026-08-31	2026-08-31	2026-08-31
022187	NDA	002	JANSSEN R AND D	INTELENCE	ETRAVIRINE	0C50HW4FO1	PYGWGZALEOIKDF-UHFFFAOYSA-N	57	2008-01-18	AP	Prescription	true	2026-08-28	2026-08-31	2026-08-31	2026-08-31
022187	NDA	003	JANSSEN R AND D	INTELENCE	ETRAVIRINE	0C50HW4FO1	PYGWGZALEOIKDF-UHFFFAOYSA-N	57	2008-01-18	AP	Prescription	true	2026-08-28	2026-08-31	2026-08-31	2026-08-31
214196	ANDA	001	AMNEAL	ETRAVIRINE	ETRAVIRINE	0C50HW4FO1	PYGWGZALEOIKDF-UHFFFAOYSA-N	57	2021-06-14	AP	Discontinued	false	2026-08-28	2026-08-31	2026-08-31	2026-08-31
214196	ANDA	002	AMNEAL	ETRAVIRINE	ETRAVIRINE	0C50HW4FO1	PYGWGZALEOIKDF-UHFFFAOYSA-N	57	2021-06-14	AP	Prescription	true	2026-08-28	2026-08-31	2026-08-31	2026-08-31
214196	ANDA	003	AMNEAL	ETRAVIRINE	ETRAVIRINE	0C50HW4FO1	PYGWGZALEOIKDF-UHFFFAOYSA-N	57	2021-06-14	AP	Prescription	true	2026-08-28	2026-08-31	2026-08-31	2026-08-31
215402	ANDA	001	CARNEGIE	ETRAVIRINE	ETRAVIRINE	0C50HW4FO1	PYGWGZALEOIKDF-UHFFFAOYSA-N	57	2022-04-13	AP	Prescription	true	2026-08-28	2026-08-31	2026-08-31	2026-08-31
215402	ANDA	002	CARNEGIE	ETRAVIRINE	ETRAVIRINE	0C50HW4FO1	PYGWGZALEOIKDF-UHFFFAOYSA-N	57	2022-04-13	AP	Prescription	true	2026-08-28	2026-08-31	2026-08-31	2026-08-31
219152	ANDA	001	BIONPHARMA	ETRAVIRINE	ETRAVIRINE	0C50HW4FO1	PYGWGZALEOIKDF-UHFFFAOYSA-N	57	2025-10-02	AP	Prescription	true	2026-08-28	2026-08-31	2026-08-31	2026-08-31
219152	ANDA	002	BIONPHARMA	ETRAVIRINE	ETRAVIRINE	0C50HW4FO1	PYGWGZALEOIKDF-UHFFFAOYSA-N	57	2025-10-02	AP	Prescription	true	2026-08-28	2026-08-31	2026-08-31	2026-08-31
205435	NDA	001	CUBIST PHARMS LLC	SIVEXTRO	TEDIZOLID PHOSPHATE	O7DRJ6R4DW	QCGUSIANLFXSGE-GFCCVEGCSA-N	27	2014-06-20	AP	Prescription	true	2026-08-28	2026-08-31	2026-08-31	2026-08-31
205436	NDA	001	CUBIST PHARMS LLC	SIVEXTRO	TEDIZOLID PHOSPHATE	O7DRJ6R4DW	QCGUSIANLFXSGE-GFCCVEGCSA-N	27	2014-06-20	AP	Prescription	true	2026-08-28	2026-08-31	2026-08-31	2026-08-31
021083	NDA	001	PF PRISM CV	RAPAMUNE	SIROLIMUS	W36ZG6FT64	QFJCIRLUMZQUOT-HPLJOQBZSA-N	108	1999-09-15	AP	Prescription	true	2026-08-28	2026-08-31	2026-08-31	2026-08-31
021110	NDA	001	PF PRISM CV	RAPAMUNE	SIROLIMUS	W36ZG6FT64	QFJCIRLUMZQUOT-HPLJOQBZSA-N	108	2000-08-25	AP	Prescription	true	2026-08-28	2026-08-31	2026-08-31	2026-08-31
021110	NDA	002	PF PRISM CV	RAPAMUNE	SIROLIMUS	W36ZG6FT64	QFJCIRLUMZQUOT-HPLJOQBZSA-N	108	2000-08-25	AP	Prescription	true	2026-08-28	2026-08-31	2026-08-31	2026-08-31
021110	NDA	003	PF PRISM CV	RAPAMUNE	SIROLIMUS	W36ZG6FT64	QFJCIRLUMZQUOT-HPLJOQBZSA-N	108	2000-08-25	AP	Discontinued	false	2026-08-28	2026-08-31	2026-08-31	2026-08-31
021110	NDA	004	PF PRISM CV	RAPAMUNE	SIROLIMUS	W36ZG6FT64	QFJCIRLUMZQUOT-HPLJOQBZSA-N	108	2000-08-25	AP	Prescription	true	2026-08-28	2026-08-31	2026-08-31	2026-08-31
201578	ANDA	001	DR REDDYS	SIROLIMUS	SIROLIMUS	W36ZG6FT64	QFJCIRLUMZQUOT-HPLJOQBZSA-N	108	2014-10-27	AP	Prescription	true	2026-08-28	2026-08-31	2026-08-31	2026-08-31
201578	ANDA	002	DR REDDYS	SIROLIMUS	SIROLIMUS	W36ZG6FT64	QFJCIRLUMZQUOT-HPLJOQBZSA-N	108	2014-10-27	AP	Prescription	true	2026-08-28	2026-08-31	2026-08-31	2026-08-31
201676	ANDA	001	ZYDUS PHARMS	SIROLIMUS	SIROLIMUS	W36ZG6FT64	QFJCIRLUMZQUOT-HPLJOQBZSA-N	108	2014-01-08	AP	Prescription	true	2026-08-28	2026-08-31	2026-08-31	2026-08-31
201676	ANDA	002	ZYDUS PHARMS	SIROLIMUS	SIROLIMUS	W36ZG6FT64	QFJCIRLUMZQUOT-HPLJOQBZSA-N	108	2014-01-08	AP	Prescription	true	2026-08-28	2026-08-31	2026-08-31	2026-08-31
201676	ANDA	003	ZYDUS PHARMS	SIROLIMUS	SIROLIMUS	W36ZG6FT64	QFJCIRLUMZQUOT-HPLJOQBZSA-N	108	2014-01-08	AP	Prescription	true	2026-08-28	2026-08-31	2026-08-31	2026-08-31
208691	ANDA	001	GLENMARK PHARMS LTD	SIROLIMUS	SIROLIMUS	W36ZG6FT64	QFJCIRLUMZQUOT-HPLJOQBZSA-N	108	2020-10-16	AP	Prescription	true	2026-08-28	2026-08-31	2026-08-31	2026-08-31
208691	ANDA	002	GLENMARK PHARMS LTD	SIROLIMUS	SIROLIMUS	W36ZG6FT64	QFJCIRLUMZQUOT-HPLJOQBZSA-N	108	2020-10-16	AP	Prescription	true	2026-08-28	2026-08-31	2026-08-31	2026-08-31
208691	ANDA	003	GLENMARK PHARMS LTD	SIROLIMUS	SIROLIMUS	W36ZG6FT64	QFJCIRLUMZQUOT-HPLJOQBZSA-N	108	2020-10-16	AP	Prescription	true	2026-08-28	2026-08-31	2026-08-31	2026-08-31
211040	ANDA	001	NOVITIUM PHARMA	SIROLIMUS	SIROLIMUS	W36ZG6FT64	QFJCIRLUMZQUOT-HPLJOQBZSA-N	108	2019-01-28	AP	Prescription	true	2026-08-28	2026-08-31	2026-08-31	2026-08-31
211212	ANDA	001	AMNEAL	SIROLIMUS	SIROLIMUS	W36ZG6FT64	QFJCIRLUMZQUOT-HPLJOQBZSA-N	108	2019-10-18	AP	Prescription	true	2026-08-28	2026-08-31	2026-08-31	2026-08-31
211406	ANDA	001	APOTEX	SIROLIMUS	SIROLIMUS	W36ZG6FT64	QFJCIRLUMZQUOT-HPLJOQBZSA-N	108	2019-10-22	AP	Prescription	true	2026-08-28	2026-08-31	2026-08-31	2026-08-31
213312	NDA	001	AADI	FYARRO	SIROLIMUS	W36ZG6FT64	QFJCIRLUMZQUOT-HPLJOQBZSA-N	108	2021-11-22	AP	Prescription	true	2026-08-28	2026-08-31	2026-08-31	2026-08-31
213478	NDA	001	NOBELPHARMA	HYFTOR	SIROLIMUS	W36ZG6FT64	QFJCIRLUMZQUOT-HPLJOQBZSA-N	108	2022-03-22	AP	Prescription	true	2026-08-28	2026-08-31	2026-08-31	2026-08-31
214753	ANDA	001	ALKEM LABS LTD	SIROLIMUS	SIROLIMUS	W36ZG6FT64	QFJCIRLUMZQUOT-HPLJOQBZSA-N	108	2021-03-12	AP	Prescription	true	2026-08-28	2026-08-31	2026-08-31	2026-08-31
214753	ANDA	002	ALKEM LABS LTD	SIROLIMUS	SIROLIMUS	W36ZG6FT64	QFJCIRLUMZQUOT-HPLJOQBZSA-N	108	2021-03-12	AP	Prescription	true	2026-08-28	2026-08-31	2026-08-31	2026-08-31
214753	ANDA	003	ALKEM LABS LTD	SIROLIMUS	SIROLIMUS	W36ZG6FT64	QFJCIRLUMZQUOT-HPLJOQBZSA-N	108	2021-03-12	AP	Prescription	true	2026-08-28	2026-08-31	2026-08-31	2026-08-31
215016	ANDA	001	TORRENT	SIROLIMUS	SIROLIMUS	W36ZG6FT64	QFJCIRLUMZQUOT-HPLJOQBZSA-N	108	2021-12-27	AP	Discontinued	false	2026-08-28	2026-08-31	2026-08-31	2026-08-31
215080	ANDA	001	HETERO LABS LTD V	SIROLIMUS	SIROLIMUS	W36ZG6FT64	QFJCIRLUMZQUOT-HPLJOQBZSA-N	108	2024-09-16	AP	Prescription	true	2026-08-28	2026-08-31	2026-08-31	2026-08-31
215116	ANDA	001	RISING	SIROLIMUS	SIROLIMUS	W36ZG6FT64	QFJCIRLUMZQUOT-HPLJOQBZSA-N	108	2025-07-15	AP	Prescription	true	2026-08-28	2026-08-31	2026-08-31	2026-08-31
216728	ANDA	001	MSN	SIROLIMUS	SIROLIMUS	W36ZG6FT64	QFJCIRLUMZQUOT-HPLJOQBZSA-N	108	2023-01-19	AP	Prescription	true	2026-08-28	2026-08-31	2026-08-31	2026-08-31
210365	NDA	001	JAZZ PHARMS RES	EPIDIOLEX	CANNABIDIOL	19GBJ60SN5	QHMBSVQNZZTUGM-ZWKOTPCHSA-N	206	2018-06-25	AP	Prescription	true	2026-08-28	2026-08-31	2026-08-31	2026-08-31
008662	NDA	001	SANDOZ	NYDRAZID	ISONIAZID	V83O1VOZ8L	QRXWMOHMRWLFEY-UHFFFAOYSA-N	83	1952-09-29	AP	Discontinued	false	2026-08-28	2026-08-31	2026-08-31	2026-08-31
008678	NDA	002	EPIC PHARMA LLC	ISONIAZID	ISONIAZID	V83O1VOZ8L	QRXWMOHMRWLFEY-UHFFFAOYSA-N	83	1952-11-17	AP	Discontinued	false	2026-08-28	2026-08-31	2026-08-31	2026-08-31
008678	NDA	003	EPIC PHARMA LLC	ISONIAZID	ISONIAZID	V83O1VOZ8L	QRXWMOHMRWLFEY-UHFFFAOYSA-N	83	1952-11-17	AP	Discontinued	false	2026-08-28	2026-08-31	2026-08-31	2026-08-31
040090	ANDA	001	OMNIVIUM PHARMS	ISONIAZID	ISONIAZID	V83O1VOZ8L	QRXWMOHMRWLFEY-UHFFFAOYSA-N	83	1997-06-26	AP	Prescription	true	2026-08-28	2026-08-31	2026-08-31	2026-08-31
040090	ANDA	002	OMNIVIUM PHARMS	ISONIAZID	ISONIAZID	V83O1VOZ8L	QRXWMOHMRWLFEY-UHFFFAOYSA-N	83	1997-06-26	AP	Prescription	true	2026-08-28	2026-08-31	2026-08-31	2026-08-31
040648	ANDA	001	SANDOZ	ISONIAZID	ISONIAZID	V83O1VOZ8L	QRXWMOHMRWLFEY-UHFFFAOYSA-N	83	2005-07-05	AP	Prescription	true	2026-08-28	2026-08-31	2026-08-31	2026-08-31
080120	ANDA	002	WHITEWORTH TOWN PLSN	ISONIAZID	ISONIAZID	V83O1VOZ8L	QRXWMOHMRWLFEY-UHFFFAOYSA-N	83	1971-04-14	AP	Discontinued	false	2026-08-28	2026-08-31	2026-08-31	2026-08-31
080126	ANDA	001	EVERYLIFE	STANOZIDE	ISONIAZID	V83O1VOZ8L	QRXWMOHMRWLFEY-UHFFFAOYSA-N	83	1972-01-21	AP	Discontinued	false	2026-08-28	2026-08-31	2026-08-31	2026-08-31
080126	ANDA	002	EVERYLIFE	STANOZIDE	ISONIAZID	V83O1VOZ8L	QRXWMOHMRWLFEY-UHFFFAOYSA-N	83	1972-01-21	AP	Discontinued	false	2026-08-28	2026-08-31	2026-08-31	2026-08-31
080136	ANDA	001	SUN PHARM INDUSTRIES	ISONIAZID	ISONIAZID	V83O1VOZ8L	QRXWMOHMRWLFEY-UHFFFAOYSA-N	83	1970-11-13	AP	Discontinued	false	2026-08-28	2026-08-31	2026-08-31	2026-08-31
080140	ANDA	001	CHARTWELL MOLECULAR	LANIAZID	ISONIAZID	V83O1VOZ8L	QRXWMOHMRWLFEY-UHFFFAOYSA-N	83	1975-08-29	AP	Discontinued	false	2026-08-28	2026-08-31	2026-08-31	2026-08-31
080140	ANDA	002	CHARTWELL MOLECULAR	LANIAZID	ISONIAZID	V83O1VOZ8L	QRXWMOHMRWLFEY-UHFFFAOYSA-N	83	1975-08-29	AP	Discontinued	false	2026-08-28	2026-08-31	2026-08-31	2026-08-31
080153	ANDA	001	IMPAX LABS	ISONIAZID	ISONIAZID	V83O1VOZ8L	QRXWMOHMRWLFEY-UHFFFAOYSA-N	83	1973-08-01	AP	Discontinued	false	2026-08-28	2026-08-31	2026-08-31	2026-08-31
080212	ANDA	001	HIKMA INTL PHARMS	ISONIAZID	ISONIAZID	V83O1VOZ8L	QRXWMOHMRWLFEY-UHFFFAOYSA-N	83	1972-02-28	AP	Discontinued	false	2026-08-28	2026-08-31	2026-08-31	2026-08-31
080212	ANDA	002	HIKMA INTL PHARMS	ISONIAZID	ISONIAZID	V83O1VOZ8L	QRXWMOHMRWLFEY-UHFFFAOYSA-N	83	1972-02-28	AP	Discontinued	false	2026-08-28	2026-08-31	2026-08-31	2026-08-31
080330	ANDA	002	DOW PHARM	DOW-ISONIAZID	ISONIAZID	V83O1VOZ8L	QRXWMOHMRWLFEY-UHFFFAOYSA-N	83	1971-11-04	AP	Discontinued	false	2026-08-28	2026-08-31	2026-08-31	2026-08-31
080368	ANDA	001	PHOENIX LABS NY	ISONIAZID	ISONIAZID	V83O1VOZ8L	QRXWMOHMRWLFEY-UHFFFAOYSA-N	83	1975-12-18	AP	Discontinued	false	2026-08-28	2026-08-31	2026-08-31	2026-08-31
080368	ANDA	002	PHOENIX LABS NY	ISONIAZID	ISONIAZID	V83O1VOZ8L	QRXWMOHMRWLFEY-UHFFFAOYSA-N	83	1975-12-18	AP	Discontinued	false	2026-08-28	2026-08-31	2026-08-31	2026-08-31
080521	ANDA	001	WATSON LABS	ISONIAZID	ISONIAZID	V83O1VOZ8L	QRXWMOHMRWLFEY-UHFFFAOYSA-N	83	1972-02-28	AP	Discontinued	false	2026-08-28	2026-08-31	2026-08-31	2026-08-31
080522	ANDA	001	WATSON LABS	ISONIAZID	ISONIAZID	V83O1VOZ8L	QRXWMOHMRWLFEY-UHFFFAOYSA-N	83	1972-02-28	AP	Discontinued	false	2026-08-28	2026-08-31	2026-08-31	2026-08-31
080523	ANDA	001	WATSON LABS	ISONIAZID	ISONIAZID	V83O1VOZ8L	QRXWMOHMRWLFEY-UHFFFAOYSA-N	83	1972-02-03	AP	Discontinued	false	2026-08-28	2026-08-31	2026-08-31	2026-08-31
080936	ANDA	001	GENUS	ISONIAZID	ISONIAZID	V83O1VOZ8L	QRXWMOHMRWLFEY-UHFFFAOYSA-N	83	1972-08-24	AP	Discontinued	false	2026-08-28	2026-08-31	2026-08-31	2026-08-31
080937	ANDA	002	GENUS	ISONIAZID	ISONIAZID	V83O1VOZ8L	QRXWMOHMRWLFEY-UHFFFAOYSA-N	83	1972-08-24	AP	Discontinued	false	2026-08-28	2026-08-31	2026-08-31	2026-08-31
080941	ANDA	001	MK LABS	ISONIAZID	ISONIAZID	V83O1VOZ8L	QRXWMOHMRWLFEY-UHFFFAOYSA-N	83	1972-03-16	AP	Discontinued	false	2026-08-28	2026-08-31	2026-08-31	2026-08-31
081118	ANDA	001	CHARTWELL RX	ISONIAZID	ISONIAZID	V83O1VOZ8L	QRXWMOHMRWLFEY-UHFFFAOYSA-N	83	1997-07-21	AP	Prescription	true	2026-08-28	2026-08-31	2026-08-31	2026-08-31
083610	ANDA	001	IVAX SUB TEVA PHARMS	ISONIAZID	ISONIAZID	V83O1VOZ8L	QRXWMOHMRWLFEY-UHFFFAOYSA-N	83	1974-01-15	AP	Discontinued	false	2026-08-28	2026-08-31	2026-08-31	2026-08-31
083633	ANDA	001	SUN PHARM INDUSTRIES	ISONIAZID	ISONIAZID	V83O1VOZ8L	QRXWMOHMRWLFEY-UHFFFAOYSA-N	83	1976-05-11	AP	Discontinued	false	2026-08-28	2026-08-31	2026-08-31	2026-08-31
084050	ANDA	001	NEXGEN PHARMA INC	ISONIAZID	ISONIAZID	V83O1VOZ8L	QRXWMOHMRWLFEY-UHFFFAOYSA-N	83	1974-10-22	AP	Discontinued	false	2026-08-28	2026-08-31	2026-08-31	2026-08-31
085091	ANDA	001	PHARMAVITE	ISONIAZID	ISONIAZID	V83O1VOZ8L	QRXWMOHMRWLFEY-UHFFFAOYSA-N	83	1976-07-29	AP	Discontinued	false	2026-08-28	2026-08-31	2026-08-31	2026-08-31
085784	ANDA	001	WATSON LABS	ISONIAZID	ISONIAZID	V83O1VOZ8L	QRXWMOHMRWLFEY-UHFFFAOYSA-N	83	1977-09-09	AP	Discontinued	false	2026-08-28	2026-08-31	2026-08-31	2026-08-31
085790	ANDA	001	WATSON LABS	ISONIAZID	ISONIAZID	V83O1VOZ8L	QRXWMOHMRWLFEY-UHFFFAOYSA-N	83	1977-09-09	AP	Discontinued	false	2026-08-28	2026-08-31	2026-08-31	2026-08-31
087425	ANDA	001	HIKMA INTL PHARMS	ISONIAZID	ISONIAZID	V83O1VOZ8L	QRXWMOHMRWLFEY-UHFFFAOYSA-N	83	1981-07-14	AP	Discontinued	false	2026-08-28	2026-08-31	2026-08-31	2026-08-31
088119	ANDA	001	DURAMED PHARMS BARR	ISONIAZID	ISONIAZID	V83O1VOZ8L	QRXWMOHMRWLFEY-UHFFFAOYSA-N	83	1983-03-17	AP	Discontinued	false	2026-08-28	2026-08-31	2026-08-31	2026-08-31
088231	ANDA	001	DURAMED PHARMS BARR	ISONIAZID	ISONIAZID	V83O1VOZ8L	QRXWMOHMRWLFEY-UHFFFAOYSA-N	83	1983-03-17	AP	Discontinued	false	2026-08-28	2026-08-31	2026-08-31	2026-08-31
088235	ANDA	001	CMP PHARMA INC	ISONIAZID	ISONIAZID	V83O1VOZ8L	QRXWMOHMRWLFEY-UHFFFAOYSA-N	83	1983-11-10	AP	Prescription	true	2026-08-28	2026-08-31	2026-08-31	2026-08-31
089243	ANDA	001	LANNETT	LANIAZID	ISONIAZID	V83O1VOZ8L	QRXWMOHMRWLFEY-UHFFFAOYSA-N	83	1986-02-03	AP	Discontinued	false	2026-08-28	2026-08-31	2026-08-31	2026-08-31
089776	ANDA	001	CHARTWELL MOLECULAR	LANIAZID	ISONIAZID	V83O1VOZ8L	QRXWMOHMRWLFEY-UHFFFAOYSA-N	83	1988-06-13	AP	Discontinued	false	2026-08-28	2026-08-31	2026-08-31	2026-08-31
202610	ANDA	001	THEPHARMANETWORK LLC	ISONIAZID	ISONIAZID	V83O1VOZ8L	QRXWMOHMRWLFEY-UHFFFAOYSA-N	83	2014-10-29	AP	Prescription	true	2026-08-28	2026-08-31	2026-08-31	2026-08-31
202610	ANDA	002	THEPHARMANETWORK LLC	ISONIAZID	ISONIAZID	V83O1VOZ8L	QRXWMOHMRWLFEY-UHFFFAOYSA-N	83	2014-10-29	AP	Prescription	true	2026-08-28	2026-08-31	2026-08-31	2026-08-31
020828	NDA	001	HOFFMANN LA ROCHE	FORTOVASE	SAQUINAVIR	L3JE09KZ2F	QWAXKHKRTORLEM-UGJKXSETSA-N	42	1997-11-07	AP	Discontinued	false	2026-08-28	2026-08-31	2026-08-31	2026-08-31
022003	NDA	001	SCHERING	NOXAFIL	POSACONAZOLE	6TK1G07BHZ	RAGOYPUPXAKGKH-XAKZXMRKSA-N	444	2006-09-15	AP	Prescription	true	2026-08-28	2026-08-31	2026-08-31	2026-08-31
022027	NDA	001	SCHERING	NOXAFIL	POSACONAZOLE	6TK1G07BHZ	RAGOYPUPXAKGKH-XAKZXMRKSA-N	444	2006-10-20	AP	Prescription	true	2026-08-28	2026-08-31	2026-08-31	2026-08-31
205053	NDA	001	MERCK SHARP DOHME	NOXAFIL	POSACONAZOLE	6TK1G07BHZ	RAGOYPUPXAKGKH-XAKZXMRKSA-N	444	2013-11-25	AP	Discontinued	false	2026-08-28	2026-08-31	2026-08-31	2026-08-31
205596	NDA	001	MERCK SHARP DOHME	NOXAFIL	POSACONAZOLE	6TK1G07BHZ	RAGOYPUPXAKGKH-XAKZXMRKSA-N	444	2014-03-13	AP	Discontinued	false	2026-08-28	2026-08-31	2026-08-31	2026-08-31
207355	ANDA	001	ACTAVIS LABS FL INC	POSACONAZOLE	POSACONAZOLE	6TK1G07BHZ	RAGOYPUPXAKGKH-XAKZXMRKSA-N	444	2022-11-30	AP	Discontinued	false	2026-08-28	2026-08-31	2026-08-31	2026-08-31
208768	ANDA	001	PH HEALTH	POSACONAZOLE	POSACONAZOLE	6TK1G07BHZ	RAGOYPUPXAKGKH-XAKZXMRKSA-N	444	2022-05-25	AP	Prescription	true	2026-08-28	2026-08-31	2026-08-31	2026-08-31
208773	ANDA	001	HIKMA	POSACONAZOLE	POSACONAZOLE	6TK1G07BHZ	RAGOYPUPXAKGKH-XAKZXMRKSA-N	444	2020-05-15	AP	Prescription	true	2026-08-28	2026-08-31	2026-08-31	2026-08-31
209983	ANDA	001	FRESENIUS KABI USA	POSACONAZOLE	POSACONAZOLE	6TK1G07BHZ	RAGOYPUPXAKGKH-XAKZXMRKSA-N	444	2023-12-26	AP	Prescription	true	2026-08-28	2026-08-31	2026-08-31	2026-08-31
211500	ANDA	001	MYLAN LABS LTD	POSACONAZOLE	POSACONAZOLE	6TK1G07BHZ	RAGOYPUPXAKGKH-XAKZXMRKSA-N	444	2023-12-26	AP	Prescription	true	2026-08-28	2026-08-31	2026-08-31	2026-08-31
212226	ANDA	001	SPECGX LLC	POSACONAZOLE	POSACONAZOLE	6TK1G07BHZ	RAGOYPUPXAKGKH-XAKZXMRKSA-N	444	2022-05-10	AP	Prescription	true	2026-08-28	2026-08-31	2026-08-31	2026-08-31
212411	ANDA	001	SINOTHERAPEUTICS INC	POSACONAZOLE	POSACONAZOLE	6TK1G07BHZ	RAGOYPUPXAKGKH-XAKZXMRKSA-N	444	2019-08-21	AP	Prescription	true	2026-08-28	2026-08-31	2026-08-31	2026-08-31
212500	ANDA	001	DR REDDYS	POSACONAZOLE	POSACONAZOLE	6TK1G07BHZ	RAGOYPUPXAKGKH-XAKZXMRKSA-N	444	2022-04-07	AP	Prescription	true	2026-08-28	2026-08-31	2026-08-31	2026-08-31
213331	ANDA	001	APOTEX	POSACONAZOLE	POSACONAZOLE	6TK1G07BHZ	RAGOYPUPXAKGKH-XAKZXMRKSA-N	444	2026-06-29	AP	Prescription	true	2026-08-28	2026-08-31	2026-08-31	2026-08-31
213454	ANDA	001	AET PHARMA	POSACONAZOLE	POSACONAZOLE	6TK1G07BHZ	RAGOYPUPXAKGKH-XAKZXMRKSA-N	444	2021-02-01	AP	Prescription	true	2026-08-28	2026-08-31	2026-08-31	2026-08-31
214321	ANDA	001	HETERO LABS LTD III	POSACONAZOLE	POSACONAZOLE	6TK1G07BHZ	RAGOYPUPXAKGKH-XAKZXMRKSA-N	444	2022-12-08	AP	Prescription	true	2026-08-28	2026-08-31	2026-08-31	2026-08-31
214476	ANDA	001	BIOCON PHARMA	POSACONAZOLE	POSACONAZOLE	6TK1G07BHZ	RAGOYPUPXAKGKH-XAKZXMRKSA-N	444	2022-02-04	AP	Prescription	true	2026-08-28	2026-08-31	2026-08-31	2026-08-31
214770	NDA	001	MSD MERCK CO	NOXAFIL POWDERMIX KIT	POSACONAZOLE	6TK1G07BHZ	RAGOYPUPXAKGKH-XAKZXMRKSA-N	444	2021-05-31	AP	Prescription	true	2026-08-28	2026-08-31	2026-08-31	2026-08-31
214842	ANDA	001	EUGIA PHARMA	POSACONAZOLE	POSACONAZOLE	6TK1G07BHZ	RAGOYPUPXAKGKH-XAKZXMRKSA-N	444	2023-12-26	AP	Prescription	true	2026-08-28	2026-08-31	2026-08-31	2026-08-31
216326	ANDA	001	SOMERSET THERAPS LLC	POSACONAZOLE	POSACONAZOLE	6TK1G07BHZ	RAGOYPUPXAKGKH-XAKZXMRKSA-N	444	2023-06-20	AP	Prescription	true	2026-08-28	2026-08-31	2026-08-31	2026-08-31
216488	ANDA	001	I 3 PHARMS	POSACONAZOLE	POSACONAZOLE	6TK1G07BHZ	RAGOYPUPXAKGKH-XAKZXMRKSA-N	444	2023-08-28	AP	Prescription	true	2026-08-28	2026-08-31	2026-08-31	2026-08-31
216626	ANDA	001	AMNEAL	POSACONAZOLE	POSACONAZOLE	6TK1G07BHZ	RAGOYPUPXAKGKH-XAKZXMRKSA-N	444	2022-12-22	AP	Prescription	true	2026-08-28	2026-08-31	2026-08-31	2026-08-31
217119	ANDA	001	AUROBINDO PHARMA	POSACONAZOLE	POSACONAZOLE	6TK1G07BHZ	RAGOYPUPXAKGKH-XAKZXMRKSA-N	444	2024-07-18	AP	Prescription	true	2026-08-28	2026-08-31	2026-08-31	2026-08-31
217553	ANDA	001	GLAND	POSACONAZOLE	POSACONAZOLE	6TK1G07BHZ	RAGOYPUPXAKGKH-XAKZXMRKSA-N	444	2023-12-26	AP	Prescription	true	2026-08-28	2026-08-31	2026-08-31	2026-08-31
217720	ANDA	001	QILU PHARM HAINAN	POSACONAZOLE	POSACONAZOLE	6TK1G07BHZ	RAGOYPUPXAKGKH-XAKZXMRKSA-N	444	2025-04-23	AP	Prescription	true	2026-08-28	2026-08-31	2026-08-31	2026-08-31
218434	ANDA	001	MSN	POSACONAZOLE	POSACONAZOLE	6TK1G07BHZ	RAGOYPUPXAKGKH-XAKZXMRKSA-N	444	2025-02-24	AP	Prescription	true	2026-08-28	2026-08-31	2026-08-31	2026-08-31
219057	ANDA	001	ASPIRO	POSACONAZOLE	POSACONAZOLE	6TK1G07BHZ	RAGOYPUPXAKGKH-XAKZXMRKSA-N	444	2024-12-23	AP	Prescription	true	2026-08-28	2026-08-31	2026-08-31	2026-08-31
019949	NDA	001	PFIZER	DIFLUCAN	FLUCONAZOLE	8VZV102JFY	RFHAOTPXVQNOHP-UHFFFAOYSA-N	52	1990-01-29	AP	Prescription	true	2026-08-28	2026-08-31	2026-08-31	2026-08-31
019949	NDA	002	PFIZER	DIFLUCAN	FLUCONAZOLE	8VZV102JFY	RFHAOTPXVQNOHP-UHFFFAOYSA-N	52	1990-01-29	AP	Prescription	true	2026-08-28	2026-08-31	2026-08-31	2026-08-31
019949	NDA	003	PFIZER	DIFLUCAN	FLUCONAZOLE	8VZV102JFY	RFHAOTPXVQNOHP-UHFFFAOYSA-N	52	1990-01-29	AP	Prescription	true	2026-08-28	2026-08-31	2026-08-31	2026-08-31
019949	NDA	004	PFIZER	DIFLUCAN	FLUCONAZOLE	8VZV102JFY	RFHAOTPXVQNOHP-UHFFFAOYSA-N	52	1990-01-29	AP	Prescription	true	2026-08-28	2026-08-31	2026-08-31	2026-08-31
019950	NDA	001	PFIZER	DIFLUCAN IN SODIUM CHLORIDE 0.9%	FLUCONAZOLE	8VZV102JFY	RFHAOTPXVQNOHP-UHFFFAOYSA-N	52	1990-01-29	AP	Discontinued	false	2026-08-28	2026-08-31	2026-08-31	2026-08-31
019950	NDA	002	PFIZER	DIFLUCAN IN SODIUM CHLORIDE 0.9% IN PLASTIC CONTAINER	FLUCONAZOLE	8VZV102JFY	RFHAOTPXVQNOHP-UHFFFAOYSA-N	52	1990-01-29	AP	Discontinued	false	2026-08-28	2026-08-31	2026-08-31	2026-08-31
019950	NDA	003	PFIZER	DIFLUCAN IN DEXTROSE 5% IN PLASTIC CONTAINER	FLUCONAZOLE	8VZV102JFY	RFHAOTPXVQNOHP-UHFFFAOYSA-N	52	1990-01-29	AP	Discontinued	false	2026-08-28	2026-08-31	2026-08-31	2026-08-31
019950	NDA	004	PFIZER	DIFLUCAN IN SODIUM CHLORIDE 0.9% IN PLASTIC CONTAINER	FLUCONAZOLE	8VZV102JFY	RFHAOTPXVQNOHP-UHFFFAOYSA-N	52	1990-01-29	AP	Discontinued	false	2026-08-28	2026-08-31	2026-08-31	2026-08-31
019950	NDA	005	PFIZER	DIFLUCAN IN DEXTROSE 5% IN PLASTIC CONTAINER	FLUCONAZOLE	8VZV102JFY	RFHAOTPXVQNOHP-UHFFFAOYSA-N	52	1990-01-29	AP	Discontinued	false	2026-08-28	2026-08-31	2026-08-31	2026-08-31
019950	NDA	006	PFIZER	DIFLUCAN IN SODIUM CHLORIDE 0.9%	FLUCONAZOLE	8VZV102JFY	RFHAOTPXVQNOHP-UHFFFAOYSA-N	52	1990-01-29	AP	Discontinued	false	2026-08-28	2026-08-31	2026-08-31	2026-08-31
020090	NDA	001	PFIZER	DIFLUCAN	FLUCONAZOLE	8VZV102JFY	RFHAOTPXVQNOHP-UHFFFAOYSA-N	52	1993-12-23	AP	Prescription	true	2026-08-28	2026-08-31	2026-08-31	2026-08-31
020090	NDA	002	PFIZER	DIFLUCAN	FLUCONAZOLE	8VZV102JFY	RFHAOTPXVQNOHP-UHFFFAOYSA-N	52	1993-12-23	AP	Prescription	true	2026-08-28	2026-08-31	2026-08-31	2026-08-31
074681	ANDA	001	TEVA	FLUCONAZOLE	FLUCONAZOLE	8VZV102JFY	RFHAOTPXVQNOHP-UHFFFAOYSA-N	52	2004-07-29	AP	Discontinued	false	2026-08-28	2026-08-31	2026-08-31	2026-08-31
074681	ANDA	002	TEVA	FLUCONAZOLE	FLUCONAZOLE	8VZV102JFY	RFHAOTPXVQNOHP-UHFFFAOYSA-N	52	2004-07-29	AP	Discontinued	false	2026-08-28	2026-08-31	2026-08-31	2026-08-31
074681	ANDA	003	TEVA	FLUCONAZOLE	FLUCONAZOLE	8VZV102JFY	RFHAOTPXVQNOHP-UHFFFAOYSA-N	52	2004-07-29	AP	Discontinued	false	2026-08-28	2026-08-31	2026-08-31	2026-08-31
074681	ANDA	004	TEVA	FLUCONAZOLE	FLUCONAZOLE	8VZV102JFY	RFHAOTPXVQNOHP-UHFFFAOYSA-N	52	2004-07-29	AP	Discontinued	false	2026-08-28	2026-08-31	2026-08-31	2026-08-31
076077	ANDA	001	IVAX SUB TEVA PHARMS	FLUCONAZOLE	FLUCONAZOLE	8VZV102JFY	RFHAOTPXVQNOHP-UHFFFAOYSA-N	52	2004-07-29	AP	Discontinued	false	2026-08-28	2026-08-31	2026-08-31	2026-08-31
076077	ANDA	002	IVAX SUB TEVA PHARMS	FLUCONAZOLE	FLUCONAZOLE	8VZV102JFY	RFHAOTPXVQNOHP-UHFFFAOYSA-N	52	2004-07-29	AP	Discontinued	false	2026-08-28	2026-08-31	2026-08-31	2026-08-31
076077	ANDA	003	IVAX SUB TEVA PHARMS	FLUCONAZOLE	FLUCONAZOLE	8VZV102JFY	RFHAOTPXVQNOHP-UHFFFAOYSA-N	52	2004-07-29	AP	Discontinued	false	2026-08-28	2026-08-31	2026-08-31	2026-08-31
076077	ANDA	004	IVAX SUB TEVA PHARMS	FLUCONAZOLE	FLUCONAZOLE	8VZV102JFY	RFHAOTPXVQNOHP-UHFFFAOYSA-N	52	2004-07-29	AP	Discontinued	false	2026-08-28	2026-08-31	2026-08-31	2026-08-31
076086	ANDA	001	ANI PHARMS	FLUCONAZOLE	FLUCONAZOLE	8VZV102JFY	RFHAOTPXVQNOHP-UHFFFAOYSA-N	52	2004-07-29	AP	Discontinued	false	2026-08-28	2026-08-31	2026-08-31	2026-08-31
076086	ANDA	002	ANI PHARMS	FLUCONAZOLE	FLUCONAZOLE	8VZV102JFY	RFHAOTPXVQNOHP-UHFFFAOYSA-N	52	2004-07-29	AP	Discontinued	false	2026-08-28	2026-08-31	2026-08-31	2026-08-31
076086	ANDA	003	ANI PHARMS	FLUCONAZOLE	FLUCONAZOLE	8VZV102JFY	RFHAOTPXVQNOHP-UHFFFAOYSA-N	52	2004-07-29	AP	Discontinued	false	2026-08-28	2026-08-31	2026-08-31	2026-08-31
076086	ANDA	004	ANI PHARMS	FLUCONAZOLE	FLUCONAZOLE	8VZV102JFY	RFHAOTPXVQNOHP-UHFFFAOYSA-N	52	2004-07-29	AP	Discontinued	false	2026-08-28	2026-08-31	2026-08-31	2026-08-31
076087	ANDA	001	HIKMA	FLUCONAZOLE IN SODIUM CHLORIDE 0.9%	FLUCONAZOLE	8VZV102JFY	RFHAOTPXVQNOHP-UHFFFAOYSA-N	52	2004-07-29	AP	Prescription	true	2026-08-28	2026-08-31	2026-08-31	2026-08-31
076087	ANDA	002	HIKMA	FLUCONAZOLE IN SODIUM CHLORIDE 0.9%	FLUCONAZOLE	8VZV102JFY	RFHAOTPXVQNOHP-UHFFFAOYSA-N	52	2004-07-29	AP	Prescription	true	2026-08-28	2026-08-31	2026-08-31	2026-08-31
076087	ANDA	003	HIKMA	FLUCONAZOLE IN SODIUM CHLORIDE 0.9%	FLUCONAZOLE	8VZV102JFY	RFHAOTPXVQNOHP-UHFFFAOYSA-N	52	2004-07-29	AP	Prescription	true	2026-08-28	2026-08-31	2026-08-31	2026-08-31
076145	ANDA	001	FRESENIUS KABI USA	FLUCONAZOLE IN SODIUM CHLORIDE 0.9%	FLUCONAZOLE	8VZV102JFY	RFHAOTPXVQNOHP-UHFFFAOYSA-N	52	2004-07-29	AP	Prescription	true	2026-08-28	2026-08-31	2026-08-31	2026-08-31
076145	ANDA	002	FRESENIUS KABI USA	FLUCONAZOLE IN SODIUM CHLORIDE 0.9%	FLUCONAZOLE	8VZV102JFY	RFHAOTPXVQNOHP-UHFFFAOYSA-N	52	2004-07-29	AP	Prescription	true	2026-08-28	2026-08-31	2026-08-31	2026-08-31
076213	ANDA	001	ROXANE	FLUCONAZOLE	FLUCONAZOLE	8VZV102JFY	RFHAOTPXVQNOHP-UHFFFAOYSA-N	52	2004-07-29	AP	Discontinued	false	2026-08-28	2026-08-31	2026-08-31	2026-08-31
076213	ANDA	002	ROXANE	FLUCONAZOLE	FLUCONAZOLE	8VZV102JFY	RFHAOTPXVQNOHP-UHFFFAOYSA-N	52	2004-07-29	AP	Discontinued	false	2026-08-28	2026-08-31	2026-08-31	2026-08-31
076213	ANDA	003	ROXANE	FLUCONAZOLE	FLUCONAZOLE	8VZV102JFY	RFHAOTPXVQNOHP-UHFFFAOYSA-N	52	2004-07-29	AP	Discontinued	false	2026-08-28	2026-08-31	2026-08-31	2026-08-31
076213	ANDA	004	ROXANE	FLUCONAZOLE	FLUCONAZOLE	8VZV102JFY	RFHAOTPXVQNOHP-UHFFFAOYSA-N	52	2004-07-29	AP	Discontinued	false	2026-08-28	2026-08-31	2026-08-31	2026-08-31
076246	ANDA	001	HIKMA	FLUCONAZOLE	FLUCONAZOLE	8VZV102JFY	RFHAOTPXVQNOHP-UHFFFAOYSA-N	52	2004-07-29	AP	Discontinued	false	2026-08-28	2026-08-31	2026-08-31	2026-08-31
076246	ANDA	002	HIKMA	FLUCONAZOLE	FLUCONAZOLE	8VZV102JFY	RFHAOTPXVQNOHP-UHFFFAOYSA-N	52	2004-07-29	AP	Discontinued	false	2026-08-28	2026-08-31	2026-08-31	2026-08-31
076303	ANDA	001	HOSPIRA	FLUCONAZOLE IN SODIUM CHLORIDE 0.9% IN PLASTIC CONTAINER	FLUCONAZOLE	8VZV102JFY	RFHAOTPXVQNOHP-UHFFFAOYSA-N	52	2004-07-29	AP	Prescription	true	2026-08-28	2026-08-31	2026-08-31	2026-08-31
076303	ANDA	002	HOSPIRA	FLUCONAZOLE IN SODIUM CHLORIDE 0.9% IN PLASTIC CONTAINER	FLUCONAZOLE	8VZV102JFY	RFHAOTPXVQNOHP-UHFFFAOYSA-N	52	2004-07-29	AP	Prescription	true	2026-08-28	2026-08-31	2026-08-31	2026-08-31
076304	ANDA	001	HOSPIRA	FLUCONAZOLE IN DEXTROSE 5% IN PLASTIC CONTAINER	FLUCONAZOLE	8VZV102JFY	RFHAOTPXVQNOHP-UHFFFAOYSA-N	52	2004-07-29	AP	Discontinued	false	2026-08-28	2026-08-31	2026-08-31	2026-08-31
076304	ANDA	002	HOSPIRA	FLUCONAZOLE IN DEXTROSE 5% IN PLASTIC CONTAINER	FLUCONAZOLE	8VZV102JFY	RFHAOTPXVQNOHP-UHFFFAOYSA-N	52	2004-07-29	AP	Discontinued	false	2026-08-28	2026-08-31	2026-08-31	2026-08-31
076332	ANDA	001	SUN PHARM INDS LTD	FLUCONAZOLE	FLUCONAZOLE	8VZV102JFY	RFHAOTPXVQNOHP-UHFFFAOYSA-N	52	2004-07-29	AP	Discontinued	false	2026-08-28	2026-08-31	2026-08-31	2026-08-31
076332	ANDA	002	SUN PHARM INDS LTD	FLUCONAZOLE	FLUCONAZOLE	8VZV102JFY	RFHAOTPXVQNOHP-UHFFFAOYSA-N	52	2004-07-29	AP	Discontinued	false	2026-08-28	2026-08-31	2026-08-31	2026-08-31
076351	ANDA	001	PHARMOBEDIENT	FLUCONAZOLE	FLUCONAZOLE	8VZV102JFY	RFHAOTPXVQNOHP-UHFFFAOYSA-N	52	2004-07-29	AP	Discontinued	false	2026-08-28	2026-08-31	2026-08-31	2026-08-31
076351	ANDA	002	PHARMOBEDIENT	FLUCONAZOLE	FLUCONAZOLE	8VZV102JFY	RFHAOTPXVQNOHP-UHFFFAOYSA-N	52	2004-07-29	AP	Discontinued	false	2026-08-28	2026-08-31	2026-08-31	2026-08-31
076351	ANDA	003	PHARMOBEDIENT	FLUCONAZOLE	FLUCONAZOLE	8VZV102JFY	RFHAOTPXVQNOHP-UHFFFAOYSA-N	52	2004-07-29	AP	Discontinued	false	2026-08-28	2026-08-31	2026-08-31	2026-08-31
076351	ANDA	004	PHARMOBEDIENT	FLUCONAZOLE	FLUCONAZOLE	8VZV102JFY	RFHAOTPXVQNOHP-UHFFFAOYSA-N	52	2004-07-29	AP	Discontinued	false	2026-08-28	2026-08-31	2026-08-31	2026-08-31
076507	ANDA	001	TARO	FLUCONAZOLE	FLUCONAZOLE	8VZV102JFY	RFHAOTPXVQNOHP-UHFFFAOYSA-N	52	2004-07-29	AP	Discontinued	false	2026-08-28	2026-08-31	2026-08-31	2026-08-31
076507	ANDA	002	TARO	FLUCONAZOLE	FLUCONAZOLE	8VZV102JFY	RFHAOTPXVQNOHP-UHFFFAOYSA-N	52	2004-07-29	AP	Discontinued	false	2026-08-28	2026-08-31	2026-08-31	2026-08-31
076507	ANDA	003	TARO	FLUCONAZOLE	FLUCONAZOLE	8VZV102JFY	RFHAOTPXVQNOHP-UHFFFAOYSA-N	52	2004-07-29	AP	Discontinued	false	2026-08-28	2026-08-31	2026-08-31	2026-08-31
076507	ANDA	004	TARO	FLUCONAZOLE	FLUCONAZOLE	8VZV102JFY	RFHAOTPXVQNOHP-UHFFFAOYSA-N	52	2004-07-29	AP	Discontinued	false	2026-08-28	2026-08-31	2026-08-31	2026-08-31
076653	ANDA	001	DR REDDYS	FLUCONAZOLE IN SODIUM CHLORIDE 0.9%	FLUCONAZOLE	8VZV102JFY	RFHAOTPXVQNOHP-UHFFFAOYSA-N	52	2004-07-29	AP	Discontinued	false	2026-08-28	2026-08-31	2026-08-31	2026-08-31
076653	ANDA	002	DR REDDYS	FLUCONAZOLE IN SODIUM CHLORIDE 0.9%	FLUCONAZOLE	8VZV102JFY	RFHAOTPXVQNOHP-UHFFFAOYSA-N	52	2004-07-29	AP	Discontinued	false	2026-08-28	2026-08-31	2026-08-31	2026-08-31
076658	ANDA	001	DR REDDYS LABS INC	FLUCONAZOLE	FLUCONAZOLE	8VZV102JFY	RFHAOTPXVQNOHP-UHFFFAOYSA-N	52	2004-07-29	AP	Prescription	true	2026-08-28	2026-08-31	2026-08-31	2026-08-31
076658	ANDA	002	DR REDDYS LABS INC	FLUCONAZOLE	FLUCONAZOLE	8VZV102JFY	RFHAOTPXVQNOHP-UHFFFAOYSA-N	52	2004-07-29	AP	Prescription	true	2026-08-28	2026-08-31	2026-08-31	2026-08-31
076658	ANDA	003	DR REDDYS LABS INC	FLUCONAZOLE	FLUCONAZOLE	8VZV102JFY	RFHAOTPXVQNOHP-UHFFFAOYSA-N	52	2004-07-29	AP	Prescription	true	2026-08-28	2026-08-31	2026-08-31	2026-08-31
076658	ANDA	004	DR REDDYS LABS INC	FLUCONAZOLE	FLUCONAZOLE	8VZV102JFY	RFHAOTPXVQNOHP-UHFFFAOYSA-N	52	2004-07-29	AP	Prescription	true	2026-08-28	2026-08-31	2026-08-31	2026-08-31
076665	ANDA	001	CHARTWELL	FLUCONAZOLE	FLUCONAZOLE	8VZV102JFY	RFHAOTPXVQNOHP-UHFFFAOYSA-N	52	2004-07-29	AP	Prescription	true	2026-08-28	2026-08-31	2026-08-31	2026-08-31
076665	ANDA	002	CHARTWELL	FLUCONAZOLE	FLUCONAZOLE	8VZV102JFY	RFHAOTPXVQNOHP-UHFFFAOYSA-N	52	2004-07-29	AP	Prescription	true	2026-08-28	2026-08-31	2026-08-31	2026-08-31
076665	ANDA	003	CHARTWELL	FLUCONAZOLE	FLUCONAZOLE	8VZV102JFY	RFHAOTPXVQNOHP-UHFFFAOYSA-N	52	2004-07-29	AP	Prescription	true	2026-08-28	2026-08-31	2026-08-31	2026-08-31
076665	ANDA	004	CHARTWELL	FLUCONAZOLE	FLUCONAZOLE	8VZV102JFY	RFHAOTPXVQNOHP-UHFFFAOYSA-N	52	2004-07-29	AP	Prescription	true	2026-08-28	2026-08-31	2026-08-31	2026-08-31
076736	ANDA	001	HIKMA FARMACEUTICA	FLUCONAZOLE IN SODIUM CHLORIDE 0.9%	FLUCONAZOLE	8VZV102JFY	RFHAOTPXVQNOHP-UHFFFAOYSA-N	52	2005-08-23	AP	Prescription	true	2026-08-28	2026-08-31	2026-08-31	2026-08-31
076766	ANDA	001	BAXTER HLTHCARE	FLUCONAZOLE IN SODIUM CHLORIDE 0.9% IN PLASTIC CONTAINER	FLUCONAZOLE	8VZV102JFY	RFHAOTPXVQNOHP-UHFFFAOYSA-N	52	2004-07-29	AP	Prescription	true	2026-08-28	2026-08-31	2026-08-31	2026-08-31
076766	ANDA	002	BAXTER HLTHCARE	FLUCONAZOLE IN SODIUM CHLORIDE 0.9% IN PLASTIC CONTAINER	FLUCONAZOLE	8VZV102JFY	RFHAOTPXVQNOHP-UHFFFAOYSA-N	52	2004-07-29	AP	Prescription	true	2026-08-28	2026-08-31	2026-08-31	2026-08-31
076837	ANDA	001	DR REDDYS	FLUCONAZOLE IN SODIUM CHLORIDE 0.9% IN PLASTIC CONTAINER	FLUCONAZOLE	8VZV102JFY	RFHAOTPXVQNOHP-UHFFFAOYSA-N	52	2005-01-13	AP	Discontinued	false	2026-08-28	2026-08-31	2026-08-31	2026-08-31
076837	ANDA	002	DR REDDYS	FLUCONAZOLE IN SODIUM CHLORIDE 0.9% IN PLASTIC CONTAINER	FLUCONAZOLE	8VZV102JFY	RFHAOTPXVQNOHP-UHFFFAOYSA-N	52	2005-01-13	AP	Discontinued	false	2026-08-28	2026-08-31	2026-08-31	2026-08-31
076888	ANDA	001	PHARMOBEDIENT	FLUCONAZOLE IN DEXTROSE 5% IN PLASTIC CONTAINER	FLUCONAZOLE	8VZV102JFY	RFHAOTPXVQNOHP-UHFFFAOYSA-N	52	2005-03-25	AP	Discontinued	false	2026-08-28	2026-08-31	2026-08-31	2026-08-31
076888	ANDA	002	PHARMOBEDIENT	FLUCONAZOLE IN DEXTROSE 5% IN PLASTIC CONTAINER	FLUCONAZOLE	8VZV102JFY	RFHAOTPXVQNOHP-UHFFFAOYSA-N	52	2005-03-25	AP	Discontinued	false	2026-08-28	2026-08-31	2026-08-31	2026-08-31
076889	ANDA	001	MYLAN LABS LTD	FLUCONAZOLE IN SODIUM CHLORIDE 0.9% IN PLASTIC CONTAINER	FLUCONAZOLE	8VZV102JFY	RFHAOTPXVQNOHP-UHFFFAOYSA-N	52	2005-03-25	AP	Discontinued	false	2026-08-28	2026-08-31	2026-08-31	2026-08-31
076889	ANDA	002	MYLAN LABS LTD	FLUCONAZOLE IN SODIUM CHLORIDE 0.9% IN PLASTIC CONTAINER	FLUCONAZOLE	8VZV102JFY	RFHAOTPXVQNOHP-UHFFFAOYSA-N	52	2005-03-25	AP	Discontinued	false	2026-08-28	2026-08-31	2026-08-31	2026-08-31
076918	ANDA	001	TARO PHARM INDS	FLUCONAZOLE	FLUCONAZOLE	8VZV102JFY	RFHAOTPXVQNOHP-UHFFFAOYSA-N	52	2006-12-18	AP	Discontinued	false	2026-08-28	2026-08-31	2026-08-31	2026-08-31
076918	ANDA	002	TARO PHARM INDS	FLUCONAZOLE	FLUCONAZOLE	8VZV102JFY	RFHAOTPXVQNOHP-UHFFFAOYSA-N	52	2006-12-18	AP	Discontinued	false	2026-08-28	2026-08-31	2026-08-31	2026-08-31
076957	ANDA	001	UNIQUE	FLUCONAZOLE	FLUCONAZOLE	8VZV102JFY	RFHAOTPXVQNOHP-UHFFFAOYSA-N	52	2005-09-28	AP	Prescription	true	2026-08-28	2026-08-31	2026-08-31	2026-08-31
076957	ANDA	002	UNIQUE	FLUCONAZOLE	FLUCONAZOLE	8VZV102JFY	RFHAOTPXVQNOHP-UHFFFAOYSA-N	52	2005-09-28	AP	Prescription	true	2026-08-28	2026-08-31	2026-08-31	2026-08-31
076957	ANDA	003	UNIQUE	FLUCONAZOLE	FLUCONAZOLE	8VZV102JFY	RFHAOTPXVQNOHP-UHFFFAOYSA-N	52	2005-09-28	AP	Prescription	true	2026-08-28	2026-08-31	2026-08-31	2026-08-31
076957	ANDA	004	UNIQUE	FLUCONAZOLE	FLUCONAZOLE	8VZV102JFY	RFHAOTPXVQNOHP-UHFFFAOYSA-N	52	2005-09-28	AP	Prescription	true	2026-08-28	2026-08-31	2026-08-31	2026-08-31
077253	ANDA	001	GLENMARK PHARMS LTD	FLUCONAZOLE	FLUCONAZOLE	8VZV102JFY	RFHAOTPXVQNOHP-UHFFFAOYSA-N	52	2006-01-25	AP	Prescription	true	2026-08-28	2026-08-31	2026-08-31	2026-08-31
077253	ANDA	002	GLENMARK PHARMS LTD	FLUCONAZOLE	FLUCONAZOLE	8VZV102JFY	RFHAOTPXVQNOHP-UHFFFAOYSA-N	52	2006-01-25	AP	Prescription	true	2026-08-28	2026-08-31	2026-08-31	2026-08-31
077253	ANDA	003	GLENMARK PHARMS LTD	FLUCONAZOLE	FLUCONAZOLE	8VZV102JFY	RFHAOTPXVQNOHP-UHFFFAOYSA-N	52	2006-01-25	AP	Prescription	true	2026-08-28	2026-08-31	2026-08-31	2026-08-31
077253	ANDA	004	GLENMARK PHARMS LTD	FLUCONAZOLE	FLUCONAZOLE	8VZV102JFY	RFHAOTPXVQNOHP-UHFFFAOYSA-N	52	2006-01-25	AP	Prescription	true	2026-08-28	2026-08-31	2026-08-31	2026-08-31
077523	ANDA	001	IVAX SUB TEVA PHARMS	FLUCONAZOLE	FLUCONAZOLE	8VZV102JFY	RFHAOTPXVQNOHP-UHFFFAOYSA-N	52	2007-09-12	AP	Discontinued	false	2026-08-28	2026-08-31	2026-08-31	2026-08-31
077523	ANDA	002	IVAX SUB TEVA PHARMS	FLUCONAZOLE	FLUCONAZOLE	8VZV102JFY	RFHAOTPXVQNOHP-UHFFFAOYSA-N	52	2007-09-12	AP	Discontinued	false	2026-08-28	2026-08-31	2026-08-31	2026-08-31
077731	ANDA	001	AUROBINDO PHARMA	FLUCONAZOLE	FLUCONAZOLE	8VZV102JFY	RFHAOTPXVQNOHP-UHFFFAOYSA-N	52	2008-10-07	AP	Prescription	true	2026-08-28	2026-08-31	2026-08-31	2026-08-31
077731	ANDA	002	AUROBINDO PHARMA	FLUCONAZOLE	FLUCONAZOLE	8VZV102JFY	RFHAOTPXVQNOHP-UHFFFAOYSA-N	52	2008-10-07	AP	Prescription	true	2026-08-28	2026-08-31	2026-08-31	2026-08-31
077731	ANDA	003	AUROBINDO PHARMA	FLUCONAZOLE	FLUCONAZOLE	8VZV102JFY	RFHAOTPXVQNOHP-UHFFFAOYSA-N	52	2008-10-07	AP	Prescription	true	2026-08-28	2026-08-31	2026-08-31	2026-08-31
077731	ANDA	004	AUROBINDO PHARMA	FLUCONAZOLE	FLUCONAZOLE	8VZV102JFY	RFHAOTPXVQNOHP-UHFFFAOYSA-N	52	2008-10-07	AP	Prescription	true	2026-08-28	2026-08-31	2026-08-31	2026-08-31
077909	ANDA	001	WOODWARD	FLUCONAZOLE IN SODIUM CHLORIDE 0.9% IN PLASTIC CONTAINER	FLUCONAZOLE	8VZV102JFY	RFHAOTPXVQNOHP-UHFFFAOYSA-N	52	2010-05-26	AP	Prescription	true	2026-08-28	2026-08-31	2026-08-31	2026-08-31
077909	ANDA	002	WOODWARD	FLUCONAZOLE IN SODIUM CHLORIDE 0.9% IN PLASTIC CONTAINER	FLUCONAZOLE	8VZV102JFY	RFHAOTPXVQNOHP-UHFFFAOYSA-N	52	2010-05-26	AP	Prescription	true	2026-08-28	2026-08-31	2026-08-31	2026-08-31
077909	ANDA	003	WOODWARD	FLUCONAZOLE IN SODIUM CHLORIDE 0.9% IN PLASTIC CONTAINER	FLUCONAZOLE	8VZV102JFY	RFHAOTPXVQNOHP-UHFFFAOYSA-N	52	2010-05-26	AP	Prescription	true	2026-08-28	2026-08-31	2026-08-31	2026-08-31
077947	ANDA	001	BAXTER HLTHCARE CORP	FLUCONAZOLE IN SODIUM CHLORIDE 0.9%	FLUCONAZOLE	8VZV102JFY	RFHAOTPXVQNOHP-UHFFFAOYSA-N	52	2010-05-26	AP	Discontinued	false	2026-08-28	2026-08-31	2026-08-31	2026-08-31
077947	ANDA	002	BAXTER HLTHCARE CORP	FLUCONAZOLE IN SODIUM CHLORIDE 0.9%	FLUCONAZOLE	8VZV102JFY	RFHAOTPXVQNOHP-UHFFFAOYSA-N	52	2010-05-26	AP	Discontinued	false	2026-08-28	2026-08-31	2026-08-31	2026-08-31
077988	ANDA	001	WOODWARD	FLUCONAZOLE IN DEXTROSE 5% IN PLASTIC CONTAINER	FLUCONAZOLE	8VZV102JFY	RFHAOTPXVQNOHP-UHFFFAOYSA-N	52	2010-05-26	AP	Discontinued	false	2026-08-28	2026-08-31	2026-08-31	2026-08-31
077988	ANDA	002	WOODWARD	FLUCONAZOLE IN DEXTROSE 5% IN PLASTIC CONTAINER	FLUCONAZOLE	8VZV102JFY	RFHAOTPXVQNOHP-UHFFFAOYSA-N	52	2010-05-26	AP	Discontinued	false	2026-08-28	2026-08-31	2026-08-31	2026-08-31
078107	ANDA	001	HIKMA	FLUCONAZOLE IN SODIUM CHLORIDE 0.9% IN PLASTIC CONTAINER	FLUCONAZOLE	8VZV102JFY	RFHAOTPXVQNOHP-UHFFFAOYSA-N	52	2008-07-30	AP	Prescription	true	2026-08-28	2026-08-31	2026-08-31	2026-08-31
078107	ANDA	002	HIKMA	FLUCONAZOLE IN SODIUM CHLORIDE 0.9% IN PLASTIC CONTAINER	FLUCONAZOLE	8VZV102JFY	RFHAOTPXVQNOHP-UHFFFAOYSA-N	52	2008-07-30	AP	Prescription	true	2026-08-28	2026-08-31	2026-08-31	2026-08-31
078423	ANDA	001	ANI PHARMS	FLUCONAZOLE	FLUCONAZOLE	8VZV102JFY	RFHAOTPXVQNOHP-UHFFFAOYSA-N	52	2011-03-07	AP	Prescription	true	2026-08-28	2026-08-31	2026-08-31	2026-08-31
078423	ANDA	002	ANI PHARMS	FLUCONAZOLE	FLUCONAZOLE	8VZV102JFY	RFHAOTPXVQNOHP-UHFFFAOYSA-N	52	2011-03-07	AP	Prescription	true	2026-08-28	2026-08-31	2026-08-31	2026-08-31
078423	ANDA	003	ANI PHARMS	FLUCONAZOLE	FLUCONAZOLE	8VZV102JFY	RFHAOTPXVQNOHP-UHFFFAOYSA-N	52	2011-03-07	AP	Prescription	true	2026-08-28	2026-08-31	2026-08-31	2026-08-31
078423	ANDA	004	ANI PHARMS	FLUCONAZOLE	FLUCONAZOLE	8VZV102JFY	RFHAOTPXVQNOHP-UHFFFAOYSA-N	52	2011-03-07	AP	Prescription	true	2026-08-28	2026-08-31	2026-08-31	2026-08-31
078698	ANDA	001	HIKMA FARMACEUTICA	FLUCONAZOLE IN SODIUM CHLORIDE 0.9% IN PLASTIC CONTAINER	FLUCONAZOLE	8VZV102JFY	RFHAOTPXVQNOHP-UHFFFAOYSA-N	52	2012-01-30	AP	Prescription	true	2026-08-28	2026-08-31	2026-08-31	2026-08-31
078698	ANDA	002	HIKMA FARMACEUTICA	FLUCONAZOLE IN SODIUM CHLORIDE 0.9% IN PLASTIC CONTAINER	FLUCONAZOLE	8VZV102JFY	RFHAOTPXVQNOHP-UHFFFAOYSA-N	52	2012-01-30	AP	Prescription	true	2026-08-28	2026-08-31	2026-08-31	2026-08-31
078764	ANDA	001	HIKMA FARMACEUTICA	FLUCONAZOLE IN DEXTROSE 5% IN PLASTIC CONTAINER	FLUCONAZOLE	8VZV102JFY	RFHAOTPXVQNOHP-UHFFFAOYSA-N	52	2012-01-30	AP	Discontinued	false	2026-08-28	2026-08-31	2026-08-31	2026-08-31
078764	ANDA	002	HIKMA FARMACEUTICA	FLUCONAZOLE IN DEXTROSE 5% IN PLASTIC CONTAINER	FLUCONAZOLE	8VZV102JFY	RFHAOTPXVQNOHP-UHFFFAOYSA-N	52	2012-01-30	AP	Discontinued	false	2026-08-28	2026-08-31	2026-08-31	2026-08-31
079104	ANDA	001	INFORLIFE	FLUCONAZOLE IN SODIUM CHLORIDE 0.9% IN PLASTIC CONTAINER	FLUCONAZOLE	8VZV102JFY	RFHAOTPXVQNOHP-UHFFFAOYSA-N	52	2009-07-30	AP	Prescription	true	2026-08-28	2026-08-31	2026-08-31	2026-08-31
079104	ANDA	002	INFORLIFE	FLUCONAZOLE IN SODIUM CHLORIDE 0.9% IN PLASTIC CONTAINER	FLUCONAZOLE	8VZV102JFY	RFHAOTPXVQNOHP-UHFFFAOYSA-N	52	2009-07-30	AP	Prescription	true	2026-08-28	2026-08-31	2026-08-31	2026-08-31
079150	ANDA	001	AUROBINDO PHARMA	FLUCONAZOLE	FLUCONAZOLE	8VZV102JFY	RFHAOTPXVQNOHP-UHFFFAOYSA-N	52	2009-09-18	AP	Prescription	true	2026-08-28	2026-08-31	2026-08-31	2026-08-31
079150	ANDA	002	AUROBINDO PHARMA	FLUCONAZOLE	FLUCONAZOLE	8VZV102JFY	RFHAOTPXVQNOHP-UHFFFAOYSA-N	52	2009-09-18	AP	Prescription	true	2026-08-28	2026-08-31	2026-08-31	2026-08-31
208963	ANDA	001	ZYDUS PHARMS	FLUCONAZOLE	FLUCONAZOLE	8VZV102JFY	RFHAOTPXVQNOHP-UHFFFAOYSA-N	52	2017-02-16	AP	Prescription	true	2026-08-28	2026-08-31	2026-08-31	2026-08-31
208963	ANDA	002	ZYDUS PHARMS	FLUCONAZOLE	FLUCONAZOLE	8VZV102JFY	RFHAOTPXVQNOHP-UHFFFAOYSA-N	52	2017-02-16	AP	Prescription	true	2026-08-28	2026-08-31	2026-08-31	2026-08-31
208963	ANDA	003	ZYDUS PHARMS	FLUCONAZOLE	FLUCONAZOLE	8VZV102JFY	RFHAOTPXVQNOHP-UHFFFAOYSA-N	52	2017-02-16	AP	Prescription	true	2026-08-28	2026-08-31	2026-08-31	2026-08-31
208963	ANDA	004	ZYDUS PHARMS	FLUCONAZOLE	FLUCONAZOLE	8VZV102JFY	RFHAOTPXVQNOHP-UHFFFAOYSA-N	52	2017-02-16	AP	Prescription	true	2026-08-28	2026-08-31	2026-08-31	2026-08-31
209146	ANDA	001	LUPIN	FLUCONAZOLE	FLUCONAZOLE	8VZV102JFY	RFHAOTPXVQNOHP-UHFFFAOYSA-N	52	2023-10-20	AP	Discontinued	false	2026-08-28	2026-08-31	2026-08-31	2026-08-31
209146	ANDA	002	LUPIN	FLUCONAZOLE	FLUCONAZOLE	8VZV102JFY	RFHAOTPXVQNOHP-UHFFFAOYSA-N	52	2023-10-20	AP	Discontinued	false	2026-08-28	2026-08-31	2026-08-31	2026-08-31
209146	ANDA	003	LUPIN	FLUCONAZOLE	FLUCONAZOLE	8VZV102JFY	RFHAOTPXVQNOHP-UHFFFAOYSA-N	52	2023-10-20	AP	Discontinued	false	2026-08-28	2026-08-31	2026-08-31	2026-08-31
209146	ANDA	004	LUPIN	FLUCONAZOLE	FLUCONAZOLE	8VZV102JFY	RFHAOTPXVQNOHP-UHFFFAOYSA-N	52	2023-10-20	AP	Discontinued	false	2026-08-28	2026-08-31	2026-08-31	2026-08-31
215738	ANDA	001	ZHEJIANG POLY PHARM	FLUCONAZOLE	FLUCONAZOLE	8VZV102JFY	RFHAOTPXVQNOHP-UHFFFAOYSA-N	52	2023-09-21	AP	Prescription	true	2026-08-28	2026-08-31	2026-08-31	2026-08-31
218692	ANDA	001	FDC LTD	FLUCONAZOLE	FLUCONAZOLE	8VZV102JFY	RFHAOTPXVQNOHP-UHFFFAOYSA-N	52	2026-01-08	AP	Prescription	true	2026-08-28	2026-08-31	2026-08-31	2026-08-31
218692	ANDA	002	FDC LTD	FLUCONAZOLE	FLUCONAZOLE	8VZV102JFY	RFHAOTPXVQNOHP-UHFFFAOYSA-N	52	2026-01-08	AP	Prescription	true	2026-08-28	2026-08-31	2026-08-31	2026-08-31
218692	ANDA	003	FDC LTD	FLUCONAZOLE	FLUCONAZOLE	8VZV102JFY	RFHAOTPXVQNOHP-UHFFFAOYSA-N	52	2026-01-08	AP	Prescription	true	2026-08-28	2026-08-31	2026-08-31	2026-08-31
218692	ANDA	004	FDC LTD	FLUCONAZOLE	FLUCONAZOLE	8VZV102JFY	RFHAOTPXVQNOHP-UHFFFAOYSA-N	52	2026-01-08	AP	Prescription	true	2026-08-28	2026-08-31	2026-08-31	2026-08-31
083003	ANDA	001	TABLICAPS	STILBESTROL	DIETHYLSTILBESTROL	731DCA35BT	RGLYKWWBQGJZGM-ISLYRVAYSA-N	36	1973-05-30	AP	Discontinued	false	2026-08-28	2026-08-31	2026-08-31	2026-08-31
050682	NDA	001	RECORDATI RARE	COSMEGEN	DACTINOMYCIN	1CC1JFE158	RJURFGZVJUQBHK-IIXSONLDSA-N	29	1964-12-10	AP	Discontinued	false	2026-08-28	2026-08-31	2026-08-31	2026-08-31
090304	ANDA	001	HIKMA	DACTINOMYCIN	DACTINOMYCIN	1CC1JFE158	RJURFGZVJUQBHK-IIXSONLDSA-N	29	2010-03-16	AP	Discontinued	false	2026-08-28	2026-08-31	2026-08-31	2026-08-31
202562	ANDA	001	AM REGENT	DACTINOMYCIN	DACTINOMYCIN	1CC1JFE158	RJURFGZVJUQBHK-IIXSONLDSA-N	29	2013-08-23	AP	Discontinued	false	2026-08-28	2026-08-31	2026-08-31	2026-08-31
203385	ANDA	001	EUGIA PHARMA	DACTINOMYCIN	DACTINOMYCIN	1CC1JFE158	RJURFGZVJUQBHK-IIXSONLDSA-N	29	2017-11-09	AP	Prescription	true	2026-08-28	2026-08-31	2026-08-31	2026-08-31
203999	ANDA	001	XGEN PHARMS	DACTINOMYCIN	DACTINOMYCIN	1CC1JFE158	RJURFGZVJUQBHK-IIXSONLDSA-N	29	2019-05-20	AP	Prescription	true	2026-08-28	2026-08-31	2026-08-31	2026-08-31
207232	ANDA	001	HISUN PHARM HANGZHOU	DACTINOMYCIN	DACTINOMYCIN	1CC1JFE158	RJURFGZVJUQBHK-IIXSONLDSA-N	29	2019-07-16	AP	Prescription	true	2026-08-28	2026-08-31	2026-08-31	2026-08-31
213463	ANDA	001	MEITHEAL	DACTINOMYCIN	DACTINOMYCIN	1CC1JFE158	RJURFGZVJUQBHK-IIXSONLDSA-N	29	2020-11-13	AP	Prescription	true	2026-08-28	2026-08-31	2026-08-31	2026-08-31
050722	NDA	001	ROCHE PALO	CELLCEPT	MYCOPHENOLATE MOFETIL	9242ECW6R0	RTGDFNSFWBGLEC-SYZQJQIISA-N	55	1995-05-03	AP	Prescription	true	2026-08-28	2026-08-31	2026-08-31	2026-08-31
050723	NDA	001	ROCHE PALO	CELLCEPT	MYCOPHENOLATE MOFETIL	9242ECW6R0	RTGDFNSFWBGLEC-SYZQJQIISA-N	55	1997-06-19	AP	Prescription	true	2026-08-28	2026-08-31	2026-08-31	2026-08-31
050759	NDA	001	ROCHE PALO	CELLCEPT	MYCOPHENOLATE MOFETIL	9242ECW6R0	RTGDFNSFWBGLEC-SYZQJQIISA-N	55	1998-10-01	AP	Prescription	true	2026-08-28	2026-08-31	2026-08-31	2026-08-31
065379	ANDA	001	SANDOZ	MYCOPHENOLATE MOFETIL	MYCOPHENOLATE MOFETIL	9242ECW6R0	RTGDFNSFWBGLEC-SYZQJQIISA-N	55	2008-10-15	AP	Prescription	true	2026-08-28	2026-08-31	2026-08-31	2026-08-31
065410	ANDA	001	HIKMA	MYCOPHENOLATE MOFETIL	MYCOPHENOLATE MOFETIL	9242ECW6R0	RTGDFNSFWBGLEC-SYZQJQIISA-N	55	2008-07-29	AP	Discontinued	false	2026-08-28	2026-08-31	2026-08-31	2026-08-31
065413	ANDA	001	HIKMA	MYCOPHENOLATE MOFETIL	MYCOPHENOLATE MOFETIL	9242ECW6R0	RTGDFNSFWBGLEC-SYZQJQIISA-N	55	2008-07-29	AP	Discontinued	false	2026-08-28	2026-08-31	2026-08-31	2026-08-31
065416	ANDA	001	ACCORD HLTHCARE	MYCOPHENOLATE MOFETIL	MYCOPHENOLATE MOFETIL	9242ECW6R0	RTGDFNSFWBGLEC-SYZQJQIISA-N	55	2009-05-04	AP	Prescription	true	2026-08-28	2026-08-31	2026-08-31	2026-08-31
065433	ANDA	001	ZYDUS PHARMS USA INC	MYCOPHENOLATE MOFETIL	MYCOPHENOLATE MOFETIL	9242ECW6R0	RTGDFNSFWBGLEC-SYZQJQIISA-N	55	2009-05-04	AP	Discontinued	false	2026-08-28	2026-08-31	2026-08-31	2026-08-31
065451	ANDA	001	SANDOZ	MYCOPHENOLATE MOFETIL	MYCOPHENOLATE MOFETIL	9242ECW6R0	RTGDFNSFWBGLEC-SYZQJQIISA-N	55	2008-10-15	AP	Prescription	true	2026-08-28	2026-08-31	2026-08-31	2026-08-31
065457	ANDA	001	TEVA PHARMS	MYCOPHENOLATE MOFETIL	MYCOPHENOLATE MOFETIL	9242ECW6R0	RTGDFNSFWBGLEC-SYZQJQIISA-N	55	2009-05-04	AP	Discontinued	false	2026-08-28	2026-08-31	2026-08-31	2026-08-31
065477	ANDA	001	ZYDUS PHARMS USA INC	MYCOPHENOLATE MOFETIL	MYCOPHENOLATE MOFETIL	9242ECW6R0	RTGDFNSFWBGLEC-SYZQJQIISA-N	55	2009-05-04	AP	Discontinued	false	2026-08-28	2026-08-31	2026-08-31	2026-08-31
065491	ANDA	001	TEVA PHARMS	MYCOPHENOLATE MOFETIL	MYCOPHENOLATE MOFETIL	9242ECW6R0	RTGDFNSFWBGLEC-SYZQJQIISA-N	55	2009-05-06	AP	Prescription	true	2026-08-28	2026-08-31	2026-08-31	2026-08-31
065520	ANDA	001	MYLAN	MYCOPHENOLATE MOFETIL	MYCOPHENOLATE MOFETIL	9242ECW6R0	RTGDFNSFWBGLEC-SYZQJQIISA-N	55	2009-05-04	AP	Discontinued	false	2026-08-28	2026-08-31	2026-08-31	2026-08-31
065521	ANDA	001	MYLAN	MYCOPHENOLATE MOFETIL	MYCOPHENOLATE MOFETIL	9242ECW6R0	RTGDFNSFWBGLEC-SYZQJQIISA-N	55	2009-05-04	AP	Discontinued	false	2026-08-28	2026-08-31	2026-08-31	2026-08-31
090055	ANDA	001	STRIDES PHARMA	MYCOPHENOLATE MOFETIL	MYCOPHENOLATE MOFETIL	9242ECW6R0	RTGDFNSFWBGLEC-SYZQJQIISA-N	55	2010-06-10	AP	Prescription	true	2026-08-28	2026-08-31	2026-08-31	2026-08-31
090111	ANDA	001	STRIDES PHARMA INTL	MYCOPHENOLATE MOFETIL	MYCOPHENOLATE MOFETIL	9242ECW6R0	RTGDFNSFWBGLEC-SYZQJQIISA-N	55	2009-12-22	AP	Discontinued	false	2026-08-28	2026-08-31	2026-08-31	2026-08-31
090253	ANDA	001	ACCORD HLTHCARE	MYCOPHENOLATE MOFETIL	MYCOPHENOLATE MOFETIL	9242ECW6R0	RTGDFNSFWBGLEC-SYZQJQIISA-N	55	2009-05-04	AP	Prescription	true	2026-08-28	2026-08-31	2026-08-31	2026-08-31
090419	ANDA	001	APOTEX CORP	MYCOPHENOLATE MOFETIL	MYCOPHENOLATE MOFETIL	9242ECW6R0	RTGDFNSFWBGLEC-SYZQJQIISA-N	55	2009-04-22	AP	Discontinued	false	2026-08-28	2026-08-31	2026-08-31	2026-08-31
090456	ANDA	001	STRIDES PHARMA	MYCOPHENOLATE MOFETIL	MYCOPHENOLATE MOFETIL	9242ECW6R0	RTGDFNSFWBGLEC-SYZQJQIISA-N	55	2010-06-10	AP	Prescription	true	2026-08-28	2026-08-31	2026-08-31	2026-08-31
090464	ANDA	001	DR REDDYS LABS LTD	MYCOPHENOLATE MOFETIL	MYCOPHENOLATE MOFETIL	9242ECW6R0	RTGDFNSFWBGLEC-SYZQJQIISA-N	55	2010-09-13	AP	Discontinued	false	2026-08-28	2026-08-31	2026-08-31	2026-08-31
090499	ANDA	001	APOTEX	MYCOPHENOLATE MOFETIL	MYCOPHENOLATE MOFETIL	9242ECW6R0	RTGDFNSFWBGLEC-SYZQJQIISA-N	55	2009-04-22	AP	Discontinued	false	2026-08-28	2026-08-31	2026-08-31	2026-08-31
090606	ANDA	001	AMNEAL	MYCOPHENOLATE MOFETIL	MYCOPHENOLATE MOFETIL	9242ECW6R0	RTGDFNSFWBGLEC-SYZQJQIISA-N	55	2010-07-16	AP	Discontinued	false	2026-08-28	2026-08-31	2026-08-31	2026-08-31
090661	ANDA	001	JUBILANT CADISTA	MYCOPHENOLATE MOFETIL	MYCOPHENOLATE MOFETIL	9242ECW6R0	RTGDFNSFWBGLEC-SYZQJQIISA-N	55	2014-12-15	AP	Discontinued	false	2026-08-28	2026-08-31	2026-08-31	2026-08-31
090762	ANDA	001	JUBILANT CADISTA	MYCOPHENOLATE MOFETIL	MYCOPHENOLATE MOFETIL	9242ECW6R0	RTGDFNSFWBGLEC-SYZQJQIISA-N	55	2014-12-15	AP	Discontinued	false	2026-08-28	2026-08-31	2026-08-31	2026-08-31
091249	ANDA	001	ALKEM LABS LTD	MYCOPHENOLATE MOFETIL	MYCOPHENOLATE MOFETIL	9242ECW6R0	RTGDFNSFWBGLEC-SYZQJQIISA-N	55	2011-11-04	AP	Prescription	true	2026-08-28	2026-08-31	2026-08-31	2026-08-31
091315	ANDA	001	DR REDDYS LABS LTD	MYCOPHENOLATE MOFETIL	MYCOPHENOLATE MOFETIL	9242ECW6R0	RTGDFNSFWBGLEC-SYZQJQIISA-N	55	2011-10-27	AP	Discontinued	false	2026-08-28	2026-08-31	2026-08-31	2026-08-31
200197	ANDA	001	ALKEM LABS LTD	MYCOPHENOLATE MOFETIL	MYCOPHENOLATE MOFETIL	9242ECW6R0	RTGDFNSFWBGLEC-SYZQJQIISA-N	55	2013-06-13	AP	Prescription	true	2026-08-28	2026-08-31	2026-08-31	2026-08-31
203005	ANDA	001	ALKEM LABS LTD	MYCOPHENOLATE MOFETIL	MYCOPHENOLATE MOFETIL	9242ECW6R0	RTGDFNSFWBGLEC-SYZQJQIISA-N	55	2014-11-14	AP	Prescription	true	2026-08-28	2026-08-31	2026-08-31	2026-08-31
204076	ANDA	001	ZHEJIANG HISUN PHARM	MYCOPHENOLATE MOFETIL	MYCOPHENOLATE MOFETIL	9242ECW6R0	RTGDFNSFWBGLEC-SYZQJQIISA-N	55	2017-11-16	AP	Prescription	true	2026-08-28	2026-08-31	2026-08-31	2026-08-31
204077	ANDA	001	ZHEJIANG HISUN PHARM	MYCOPHENOLATE MOFETIL	MYCOPHENOLATE MOFETIL	9242ECW6R0	RTGDFNSFWBGLEC-SYZQJQIISA-N	55	2017-11-13	AP	Prescription	true	2026-08-28	2026-08-31	2026-08-31	2026-08-31
207022	ANDA	001	HETERO LABS LTD V	MYCOPHENOLATE MOFETIL	MYCOPHENOLATE MOFETIL	9242ECW6R0	RTGDFNSFWBGLEC-SYZQJQIISA-N	55	2024-10-22	AP	Prescription	true	2026-08-28	2026-08-31	2026-08-31	2026-08-31
208119	ANDA	001	HETERO LABS LTD V	MYCOPHENOLATE MOFETIL	MYCOPHENOLATE MOFETIL	9242ECW6R0	RTGDFNSFWBGLEC-SYZQJQIISA-N	55	2024-10-22	AP	Prescription	true	2026-08-28	2026-08-31	2026-08-31	2026-08-31
210181	ANDA	001	CONCORD BIOTECH LTD	MYCOPHENOLATE MOFETIL	MYCOPHENOLATE MOFETIL	9242ECW6R0	RTGDFNSFWBGLEC-SYZQJQIISA-N	55	2019-01-08	AP	Prescription	true	2026-08-28	2026-08-31	2026-08-31	2026-08-31
210370	ANDA	001	VISTAPHARM LLC	MYCOPHENOLATE MOFETIL	MYCOPHENOLATE MOFETIL	9242ECW6R0	RTGDFNSFWBGLEC-SYZQJQIISA-N	55	2019-02-12	AP	Prescription	true	2026-08-28	2026-08-31	2026-08-31	2026-08-31
211272	ANDA	001	TEVA PHARMS USA	MYCOPHENOLATE MOFETIL	MYCOPHENOLATE MOFETIL	9242ECW6R0	RTGDFNSFWBGLEC-SYZQJQIISA-N	55	2022-01-25	AP	Discontinued	false	2026-08-28	2026-08-31	2026-08-31	2026-08-31
212087	ANDA	001	CONCORD BIOTECH LTD	MYCOPHENOLATE MOFETIL	MYCOPHENOLATE MOFETIL	9242ECW6R0	RTGDFNSFWBGLEC-SYZQJQIISA-N	55	2020-07-31	AP	Prescription	true	2026-08-28	2026-08-31	2026-08-31	2026-08-31
212634	ANDA	001	STRIDES PHARMA INTL	MYCOPHENOLATE MOFETIL	MYCOPHENOLATE MOFETIL	9242ECW6R0	RTGDFNSFWBGLEC-SYZQJQIISA-N	55	2023-08-29	AP	Prescription	true	2026-08-28	2026-08-31	2026-08-31	2026-08-31
213955	ANDA	001	RISING	MYCOPHENOLATE MOFETIL	MYCOPHENOLATE MOFETIL	9242ECW6R0	RTGDFNSFWBGLEC-SYZQJQIISA-N	55	2023-09-11	AP	Prescription	true	2026-08-28	2026-08-31	2026-08-31	2026-08-31
214079	ANDA	001	WUXI	MYCOPHENOLATE MOFETIL	MYCOPHENOLATE MOFETIL	9242ECW6R0	RTGDFNSFWBGLEC-SYZQJQIISA-N	55	2024-11-07	AP	Prescription	true	2026-08-28	2026-08-31	2026-08-31	2026-08-31
214525	ANDA	001	QUAGEN	MYCOPHENOLATE MOFETIL	MYCOPHENOLATE MOFETIL	9242ECW6R0	RTGDFNSFWBGLEC-SYZQJQIISA-N	55	2021-07-29	AP	Prescription	true	2026-08-28	2026-08-31	2026-08-31	2026-08-31
214871	ANDA	001	AMNEAL	MYCOPHENOLATE MOFETIL	MYCOPHENOLATE MOFETIL	9242ECW6R0	RTGDFNSFWBGLEC-SYZQJQIISA-N	55	2021-11-02	AP	Prescription	true	2026-08-28	2026-08-31	2026-08-31	2026-08-31
216482	NDA	001	AZURITY	MYHIBBIN	MYCOPHENOLATE MOFETIL	9242ECW6R0	RTGDFNSFWBGLEC-SYZQJQIISA-N	55	2024-05-01	AP	Prescription	true	2026-08-28	2026-08-31	2026-08-31	2026-08-31
217828	ANDA	001	AUROBINDO PHARMA LTD	MYCOPHENOLATE MOFETIL	MYCOPHENOLATE MOFETIL	9242ECW6R0	RTGDFNSFWBGLEC-SYZQJQIISA-N	55	2024-01-05	AP	Prescription	true	2026-08-28	2026-08-31	2026-08-31	2026-08-31
217937	ANDA	001	AUROBINDO PHARMA	MYCOPHENOLATE MOFETIL	MYCOPHENOLATE MOFETIL	9242ECW6R0	RTGDFNSFWBGLEC-SYZQJQIISA-N	55	2024-02-20	AP	Prescription	true	2026-08-28	2026-08-31	2026-08-31	2026-08-31
218227	ANDA	001	AUROBINDO PHARMA LTD	MYCOPHENOLATE MOFETIL	MYCOPHENOLATE MOFETIL	9242ECW6R0	RTGDFNSFWBGLEC-SYZQJQIISA-N	55	2024-09-26	AP	Prescription	true	2026-08-28	2026-08-31	2026-08-31	2026-08-31
218566	ANDA	001	CONCORD BIOTECH LTD	MYCOPHENOLATE MOFETIL	MYCOPHENOLATE MOFETIL	9242ECW6R0	RTGDFNSFWBGLEC-SYZQJQIISA-N	55	2026-06-01	AP	Prescription	true	2026-08-28	2026-08-31	2026-08-31	2026-08-31
050739	NDA	001	ABBVIE	OMNICEF	CEFDINIR	CI0FAO63WC	RTXOFQZKPXMALH-GHXIOONMSA-N	41	1997-12-04	AP	Discontinued	false	2026-08-28	2026-08-31	2026-08-31	2026-08-31
050749	NDA	001	ABBVIE	OMNICEF	CEFDINIR	CI0FAO63WC	RTXOFQZKPXMALH-GHXIOONMSA-N	41	1997-12-04	AP	Discontinued	false	2026-08-28	2026-08-31	2026-08-31	2026-08-31
050749	NDA	002	ABBVIE	OMNICEF	CEFDINIR	CI0FAO63WC	RTXOFQZKPXMALH-GHXIOONMSA-N	41	1997-12-04	AP	Discontinued	false	2026-08-28	2026-08-31	2026-08-31	2026-08-31
065259	ANDA	001	LUPIN	CEFDINIR	CEFDINIR	CI0FAO63WC	RTXOFQZKPXMALH-GHXIOONMSA-N	41	2006-05-31	AP	Prescription	true	2026-08-28	2026-08-31	2026-08-31	2026-08-31
065259	ANDA	002	LUPIN	CEFDINIR	CEFDINIR	CI0FAO63WC	RTXOFQZKPXMALH-GHXIOONMSA-N	41	2006-05-31	AP	Prescription	true	2026-08-28	2026-08-31	2026-08-31	2026-08-31
065264	ANDA	001	LUPIN	CEFDINIR	CEFDINIR	CI0FAO63WC	RTXOFQZKPXMALH-GHXIOONMSA-N	41	2006-05-19	AP	Prescription	true	2026-08-28	2026-08-31	2026-08-31	2026-08-31
065330	ANDA	001	CHARTWELL RX	CEFDINIR	CEFDINIR	CI0FAO63WC	RTXOFQZKPXMALH-GHXIOONMSA-N	41	2007-04-06	AP	Prescription	true	2026-08-28	2026-08-31	2026-08-31	2026-08-31
065332	ANDA	001	TEVA PHARMS	CEFDINIR	CEFDINIR	CI0FAO63WC	RTXOFQZKPXMALH-GHXIOONMSA-N	41	2007-05-04	AP	Prescription	true	2026-08-28	2026-08-31	2026-08-31	2026-08-31
065332	ANDA	002	TEVA PHARMS	CEFDINIR	CEFDINIR	CI0FAO63WC	RTXOFQZKPXMALH-GHXIOONMSA-N	41	2007-05-04	AP	Prescription	true	2026-08-28	2026-08-31	2026-08-31	2026-08-31
065337	ANDA	001	CHARTWELL RX	CEFDINIR	CEFDINIR	CI0FAO63WC	RTXOFQZKPXMALH-GHXIOONMSA-N	41	2007-04-06	AP	Prescription	true	2026-08-28	2026-08-31	2026-08-31	2026-08-31
065337	ANDA	002	CHARTWELL RX	CEFDINIR	CEFDINIR	CI0FAO63WC	RTXOFQZKPXMALH-GHXIOONMSA-N	41	2007-04-06	AP	Prescription	true	2026-08-28	2026-08-31	2026-08-31	2026-08-31
065368	ANDA	001	TEVA PHARMS	CEFDINIR	CEFDINIR	CI0FAO63WC	RTXOFQZKPXMALH-GHXIOONMSA-N	41	2007-05-09	AP	Prescription	true	2026-08-28	2026-08-31	2026-08-31	2026-08-31
065418	ANDA	001	ANDA REPOSITORY	CEFDINIR	CEFDINIR	CI0FAO63WC	RTXOFQZKPXMALH-GHXIOONMSA-N	41	2007-07-18	AP	Prescription	true	2026-08-28	2026-08-31	2026-08-31	2026-08-31
065429	ANDA	001	ANDA REPOSITORY	CEFDINIR	CEFDINIR	CI0FAO63WC	RTXOFQZKPXMALH-GHXIOONMSA-N	41	2007-07-18	AP	Prescription	true	2026-08-28	2026-08-31	2026-08-31	2026-08-31
065429	ANDA	002	ANDA REPOSITORY	CEFDINIR	CEFDINIR	CI0FAO63WC	RTXOFQZKPXMALH-GHXIOONMSA-N	41	2007-07-18	AP	Prescription	true	2026-08-28	2026-08-31	2026-08-31	2026-08-31
065434	ANDA	001	AUROBINDO PHARMA	CEFDINIR	CEFDINIR	CI0FAO63WC	RTXOFQZKPXMALH-GHXIOONMSA-N	41	2008-01-07	AP	Prescription	true	2026-08-28	2026-08-31	2026-08-31	2026-08-31
065473	ANDA	001	AUROBINDO PHARMA	CEFDINIR	CEFDINIR	CI0FAO63WC	RTXOFQZKPXMALH-GHXIOONMSA-N	41	2007-12-14	AP	Prescription	true	2026-08-28	2026-08-31	2026-08-31	2026-08-31
065473	ANDA	002	AUROBINDO PHARMA	CEFDINIR	CEFDINIR	CI0FAO63WC	RTXOFQZKPXMALH-GHXIOONMSA-N	41	2007-12-14	AP	Prescription	true	2026-08-28	2026-08-31	2026-08-31	2026-08-31
210220	ANDA	001	ALKEM LABS LTD	CEFDINIR	CEFDINIR	CI0FAO63WC	RTXOFQZKPXMALH-GHXIOONMSA-N	41	2021-02-19	AP	Prescription	true	2026-08-28	2026-08-31	2026-08-31	2026-08-31
210534	ANDA	001	ALKEM LABS LTD	CEFDINIR	CEFDINIR	CI0FAO63WC	RTXOFQZKPXMALH-GHXIOONMSA-N	41	2021-02-19	AP	Prescription	true	2026-08-28	2026-08-31	2026-08-31	2026-08-31
210534	ANDA	002	ALKEM LABS LTD	CEFDINIR	CEFDINIR	CI0FAO63WC	RTXOFQZKPXMALH-GHXIOONMSA-N	41	2021-02-19	AP	Prescription	true	2026-08-28	2026-08-31	2026-08-31	2026-08-31
216951	NDA	001	GLAXOSMITHKLINE	JESDUVROQ	DAPRODUSTAT	JVR38ZM64B	RUEYEZADQJCKGV-UHFFFAOYSA-N	23	2023-02-01	AP	Discontinued	false	2026-08-28	2026-08-31	2026-08-31	2026-08-31
216951	NDA	002	GLAXOSMITHKLINE	JESDUVROQ	DAPRODUSTAT	JVR38ZM64B	RUEYEZADQJCKGV-UHFFFAOYSA-N	23	2023-02-01	AP	Discontinued	false	2026-08-28	2026-08-31	2026-08-31	2026-08-31
216951	NDA	003	GLAXOSMITHKLINE	JESDUVROQ	DAPRODUSTAT	JVR38ZM64B	RUEYEZADQJCKGV-UHFFFAOYSA-N	23	2023-02-01	AP	Discontinued	false	2026-08-28	2026-08-31	2026-08-31	2026-08-31
216951	NDA	004	GLAXOSMITHKLINE	JESDUVROQ	DAPRODUSTAT	JVR38ZM64B	RUEYEZADQJCKGV-UHFFFAOYSA-N	23	2023-02-01	AP	Discontinued	false	2026-08-28	2026-08-31	2026-08-31	2026-08-31
216951	NDA	005	GLAXOSMITHKLINE	JESDUVROQ	DAPRODUSTAT	JVR38ZM64B	RUEYEZADQJCKGV-UHFFFAOYSA-N	23	2023-02-01	AP	Discontinued	false	2026-08-28	2026-08-31	2026-08-31	2026-08-31
012753	NDA	001	NOVARTIS	TORECAN	THIETHYLPERAZINE MALEATE	RUK64CF26E	RVBRTNPNFYFDMZ-SPIKMXEPSA-N	17	1961-07-18	AP	Discontinued	false	2026-08-28	2026-08-31	2026-08-31	2026-08-31
013247	NDA	001	NOVARTIS	TORECAN	THIETHYLPERAZINE MALEATE	RUK64CF26E	RVBRTNPNFYFDMZ-SPIKMXEPSA-N	17	1963-04-11	AP	Discontinued	false	2026-08-28	2026-08-31	2026-08-31	2026-08-31
214787	NDA	001	GILEAD SCIENCES INC	VEKLURY	REMDESIVIR	3QKI37EEHE	RWWYLEGWBNMMLJ-YSOARWBDSA-N	57	2020-10-22	AP	Prescription	true	2026-08-28	2026-08-31	2026-08-31	2026-08-31
214787	NDA	002	GILEAD SCIENCES INC	VEKLURY	REMDESIVIR	3QKI37EEHE	RWWYLEGWBNMMLJ-YSOARWBDSA-N	57	2020-10-22	AP	Discontinued	false	2026-08-28	2026-08-31	2026-08-31	2026-08-31
018748	NDA	001	EUROFARMA	LOPROX	CICLOPIROX	19W019ZDRJ	SCKYRAXSEDYPSA-UHFFFAOYSA-N	36	1982-12-30	AP	Prescription	true	2026-08-28	2026-08-31	2026-08-31	2026-08-31
019824	NDA	001	EUROFARMA	LOPROX	CICLOPIROX	19W019ZDRJ	SCKYRAXSEDYPSA-UHFFFAOYSA-N	36	1988-12-30	AP	Prescription	true	2026-08-28	2026-08-31	2026-08-31	2026-08-31
020519	NDA	001	ALVOGEN	CICLOPIROX	CICLOPIROX	19W019ZDRJ	SCKYRAXSEDYPSA-UHFFFAOYSA-N	36	1997-07-21	AP	Discontinued	false	2026-08-28	2026-08-31	2026-08-31	2026-08-31
021022	NDA	001	VALEANT BERMUDA	PENLAC	CICLOPIROX	19W019ZDRJ	SCKYRAXSEDYPSA-UHFFFAOYSA-N	36	1999-12-17	AP	Discontinued	false	2026-08-28	2026-08-31	2026-08-31	2026-08-31
021159	NDA	001	BAUSCH	LOPROX	CICLOPIROX	19W019ZDRJ	SCKYRAXSEDYPSA-UHFFFAOYSA-N	36	2003-02-28	AP	Discontinued	false	2026-08-28	2026-08-31	2026-08-31	2026-08-31
076422	ANDA	001	FOUGERA PHARMS	CICLOPIROX	CICLOPIROX	19W019ZDRJ	SCKYRAXSEDYPSA-UHFFFAOYSA-N	36	2004-08-06	AP	Prescription	true	2026-08-28	2026-08-31	2026-08-31	2026-08-31
076435	ANDA	001	FOUGERA PHARMS	CICLOPIROX	CICLOPIROX	19W019ZDRJ	SCKYRAXSEDYPSA-UHFFFAOYSA-N	36	2004-12-29	AP	Prescription	true	2026-08-28	2026-08-31	2026-08-31	2026-08-31
076790	ANDA	001	SUN PHARMA CANADA	CICLOPIROX	CICLOPIROX	19W019ZDRJ	SCKYRAXSEDYPSA-UHFFFAOYSA-N	36	2005-04-12	AP	Prescription	true	2026-08-28	2026-08-31	2026-08-31	2026-08-31
077092	ANDA	001	SUN PHARMA CANADA	CICLOPIROX	CICLOPIROX	19W019ZDRJ	SCKYRAXSEDYPSA-UHFFFAOYSA-N	36	2005-08-10	AP	Discontinued	false	2026-08-28	2026-08-31	2026-08-31	2026-08-31
077364	ANDA	001	PADAGIS ISRAEL	CICLOPIROX	CICLOPIROX	19W019ZDRJ	SCKYRAXSEDYPSA-UHFFFAOYSA-N	36	2006-03-03	AP	Prescription	true	2026-08-28	2026-08-31	2026-08-31	2026-08-31
077623	ANDA	001	PADAGIS US	CICLOPIROX	CICLOPIROX	19W019ZDRJ	SCKYRAXSEDYPSA-UHFFFAOYSA-N	36	2007-09-18	AP	Prescription	true	2026-08-28	2026-08-31	2026-08-31	2026-08-31
077676	ANDA	001	PADAGIS ISRAEL	CICLOPIROX	CICLOPIROX	19W019ZDRJ	SCKYRAXSEDYPSA-UHFFFAOYSA-N	36	2006-12-15	AP	Prescription	true	2026-08-28	2026-08-31	2026-08-31	2026-08-31
077687	ANDA	001	ENCUBE	CICLOPIROX	CICLOPIROX	19W019ZDRJ	SCKYRAXSEDYPSA-UHFFFAOYSA-N	36	2007-09-18	AP	Prescription	true	2026-08-28	2026-08-31	2026-08-31	2026-08-31
077896	ANDA	001	FOUGERA PHARMS	CICLOPIROX	CICLOPIROX	19W019ZDRJ	SCKYRAXSEDYPSA-UHFFFAOYSA-N	36	2008-06-10	AP	Prescription	true	2026-08-28	2026-08-31	2026-08-31	2026-08-31
078046	ANDA	001	CHARTWELL RX	CICLOPIROX	CICLOPIROX	19W019ZDRJ	SCKYRAXSEDYPSA-UHFFFAOYSA-N	36	2007-09-18	AP	Prescription	true	2026-08-28	2026-08-31	2026-08-31	2026-08-31
078079	ANDA	001	TEVA PHARMS	CICLOPIROX	CICLOPIROX	19W019ZDRJ	SCKYRAXSEDYPSA-UHFFFAOYSA-N	36	2007-09-18	AP	Discontinued	false	2026-08-28	2026-08-31	2026-08-31	2026-08-31
078124	ANDA	001	RISING	CICLOPIROX	CICLOPIROX	19W019ZDRJ	SCKYRAXSEDYPSA-UHFFFAOYSA-N	36	2007-09-18	AP	Prescription	true	2026-08-28	2026-08-31	2026-08-31	2026-08-31
078144	ANDA	001	TARO PHARM INDS	CICLOPIROX	CICLOPIROX	19W019ZDRJ	SCKYRAXSEDYPSA-UHFFFAOYSA-N	36	2007-09-18	AP	Discontinued	false	2026-08-28	2026-08-31	2026-08-31	2026-08-31
078172	ANDA	001	ACELLA	CICLOPIROX	CICLOPIROX	19W019ZDRJ	SCKYRAXSEDYPSA-UHFFFAOYSA-N	36	2007-09-18	AP	Prescription	true	2026-08-28	2026-08-31	2026-08-31	2026-08-31
078233	ANDA	001	COSETTE PHARMS NC	CICLOPIROX	CICLOPIROX	19W019ZDRJ	SCKYRAXSEDYPSA-UHFFFAOYSA-N	36	2007-09-18	AP	Discontinued	false	2026-08-28	2026-08-31	2026-08-31	2026-08-31
078266	ANDA	001	PADAGIS US	CICLOPIROX	CICLOPIROX	19W019ZDRJ	SCKYRAXSEDYPSA-UHFFFAOYSA-N	36	2009-01-07	AP	Prescription	true	2026-08-28	2026-08-31	2026-08-31	2026-08-31
078270	ANDA	001	HIKMA	CICLOPIROX	CICLOPIROX	19W019ZDRJ	SCKYRAXSEDYPSA-UHFFFAOYSA-N	36	2007-09-18	AP	Discontinued	false	2026-08-28	2026-08-31	2026-08-31	2026-08-31
078463	ANDA	001	COSETTE PHARMS NC	CICLOPIROX	CICLOPIROX	19W019ZDRJ	SCKYRAXSEDYPSA-UHFFFAOYSA-N	36	2010-12-20	AP	Prescription	true	2026-08-28	2026-08-31	2026-08-31	2026-08-31
078567	ANDA	001	MYLAN PHARMS INC	CICLOPIROX	CICLOPIROX	19W019ZDRJ	SCKYRAXSEDYPSA-UHFFFAOYSA-N	36	2007-09-18	AP	Discontinued	false	2026-08-28	2026-08-31	2026-08-31	2026-08-31
078594	ANDA	001	PADAGIS US	CICLOPIROX	CICLOPIROX	19W019ZDRJ	SCKYRAXSEDYPSA-UHFFFAOYSA-N	36	2010-02-16	AP	Prescription	true	2026-08-28	2026-08-31	2026-08-31	2026-08-31
078975	ANDA	001	EPIC PHARMA LLC	CICLOPIROX	CICLOPIROX	19W019ZDRJ	SCKYRAXSEDYPSA-UHFFFAOYSA-N	36	2010-02-17	AP	Discontinued	false	2026-08-28	2026-08-31	2026-08-31	2026-08-31
090146	ANDA	001	FOUGERA PHARMS	CICLOPIROX	CICLOPIROX	19W019ZDRJ	SCKYRAXSEDYPSA-UHFFFAOYSA-N	36	2010-05-25	AP	Prescription	true	2026-08-28	2026-08-31	2026-08-31	2026-08-31
090269	ANDA	001	SUN PHARMA CANADA	CICLOPIROX	CICLOPIROX	19W019ZDRJ	SCKYRAXSEDYPSA-UHFFFAOYSA-N	36	2011-02-23	AP	Prescription	true	2026-08-28	2026-08-31	2026-08-31	2026-08-31
090273	ANDA	001	GLENMARK PHARMS	CICLOPIROX	CICLOPIROX	19W019ZDRJ	SCKYRAXSEDYPSA-UHFFFAOYSA-N	36	2009-11-10	AP	Prescription	true	2026-08-28	2026-08-31	2026-08-31	2026-08-31
090490	ANDA	001	ACTAVIS MID ATLANTIC	CICLOPIROX	CICLOPIROX	19W019ZDRJ	SCKYRAXSEDYPSA-UHFFFAOYSA-N	36	2009-11-24	AP	Prescription	true	2026-08-28	2026-08-31	2026-08-31	2026-08-31
091595	ANDA	001	GLENMARK PHARMS	CICLOPIROX	CICLOPIROX	19W019ZDRJ	SCKYRAXSEDYPSA-UHFFFAOYSA-N	36	2012-02-29	AP	Prescription	true	2026-08-28	2026-08-31	2026-08-31	2026-08-31
209975	ANDA	001	ENCUBE	CICLOPIROX	CICLOPIROX	19W019ZDRJ	SCKYRAXSEDYPSA-UHFFFAOYSA-N	36	2018-04-05	AP	Prescription	true	2026-08-28	2026-08-31	2026-08-31	2026-08-31
004054	NDA	001	LEDERLE	SULFADIAZINE	SULFADIAZINE	0N7609K889	SEEPANYCNGTZFQ-UHFFFAOYSA-N	54	1941-08-11	AP	Discontinued	false	2026-08-28	2026-08-31	2026-08-31	2026-08-31
004122	NDA	002	LILLY	SULFADIAZINE	SULFADIAZINE	0N7609K889	SEEPANYCNGTZFQ-UHFFFAOYSA-N	54	1941-08-26	AP	Discontinued	false	2026-08-28	2026-08-31	2026-08-31	2026-08-31
040091	ANDA	001	EPIC PHARMA LLC	SULFADIAZINE	SULFADIAZINE	0N7609K889	SEEPANYCNGTZFQ-UHFFFAOYSA-N	54	1994-07-29	AP	Prescription	true	2026-08-28	2026-08-31	2026-08-31	2026-08-31
080084	ANDA	001	CHARTWELL MOLECULAR	SULFADIAZINE	SULFADIAZINE	0N7609K889	SEEPANYCNGTZFQ-UHFFFAOYSA-N	54	1978-07-05	AP	Discontinued	false	2026-08-28	2026-08-31	2026-08-31	2026-08-31
050554	NDA	001	BRISTOL	PRECEF	CEFORANIDE	8M1YF8951V	SLAYUXIURFNXPG-CRAIPNDOSA-N	24	1984-05-24	AP	Discontinued	false	2026-08-28	2026-08-31	2026-08-31	2026-08-31
050554	NDA	002	BRISTOL	PRECEF	CEFORANIDE	8M1YF8951V	SLAYUXIURFNXPG-CRAIPNDOSA-N	24	1984-05-24	AP	Discontinued	false	2026-08-28	2026-08-31	2026-08-31	2026-08-31
050554	NDA	003	BRISTOL	PRECEF	CEFORANIDE	8M1YF8951V	SLAYUXIURFNXPG-CRAIPNDOSA-N	24	1984-05-24	AP	Discontinued	false	2026-08-28	2026-08-31	2026-08-31	2026-08-31
050554	NDA	004	BRISTOL	PRECEF	CEFORANIDE	8M1YF8951V	SLAYUXIURFNXPG-CRAIPNDOSA-N	24	1984-05-24	AP	Discontinued	false	2026-08-28	2026-08-31	2026-08-31	2026-08-31
050554	NDA	005	BRISTOL	PRECEF	CEFORANIDE	8M1YF8951V	SLAYUXIURFNXPG-CRAIPNDOSA-N	24	1984-05-24	AP	Discontinued	false	2026-08-28	2026-08-31	2026-08-31	2026-08-31
050685	NDA	002	BURKE THERAP	CEDAX	CEFTIBUTEN DIHYDRATE	62F4443RWP	SSWTVBYDDFPFAF-DKOGRLLHSA-N	15	1995-12-20	AP	Discontinued	false	2026-08-28	2026-08-31	2026-08-31	2026-08-31
050686	NDA	001	BURKE THERAP	CEDAX	CEFTIBUTEN DIHYDRATE	62F4443RWP	SSWTVBYDDFPFAF-DKOGRLLHSA-N	15	1995-12-20	AP	Discontinued	false	2026-08-28	2026-08-31	2026-08-31	2026-08-31
050686	NDA	002	BURKE THERAP	CEDAX	CEFTIBUTEN DIHYDRATE	62F4443RWP	SSWTVBYDDFPFAF-DKOGRLLHSA-N	15	1995-12-20	AP	Discontinued	false	2026-08-28	2026-08-31	2026-08-31	2026-08-31
021814	NDA	001	BOEHRINGER INGELHEIM	APTIVUS	TIPRANAVIR	ZZT404XD09	SUJUHGSWHZTSEU-FYBSXPHGSA-N	41	2005-06-22	AP	Prescription	true	2026-08-28	2026-08-31	2026-08-31	2026-08-31
021822	NDA	001	BOEHRINGER INGELHEIM	APTIVUS	TIPRANAVIR	ZZT404XD09	SUJUHGSWHZTSEU-FYBSXPHGSA-N	41	2008-06-23	AP	Prescription	true	2026-08-28	2026-08-31	2026-08-31	2026-08-31
022292	NDA	001	BOEHRINGER INGELHEIM	APTIVUS	TIPRANAVIR	ZZT404XD09	SUJUHGSWHZTSEU-FYBSXPHGSA-N	41	2008-06-23	AP	Discontinued	false	2026-08-28	2026-08-31	2026-08-31	2026-08-31
208464	NDA	001	GILEAD SCIENCES INC	VEMLIDY	TENOFOVIR ALAFENAMIDE FUMARATE	FWF6Q91TZO	SVUJNSGGPUCLQZ-FQQAACOVSA-N	86	2016-11-10	AP	Prescription	true	2026-08-28	2026-08-31	2026-08-31	2026-08-31
213867	ANDA	001	APOTEX	TENOFOVIR ALAFENAMIDE FUMARATE	TENOFOVIR ALAFENAMIDE FUMARATE	FWF6Q91TZO	SVUJNSGGPUCLQZ-FQQAACOVSA-N	86	2024-03-21	AP	Discontinued	false	2026-08-28	2026-08-31	2026-08-31	2026-08-31
214226	ANDA	001	LUPIN	TENOFOVIR ALAFENAMIDE	TENOFOVIR ALAFENAMIDE FUMARATE	FWF6Q91TZO	SVUJNSGGPUCLQZ-FQQAACOVSA-N	86	2023-03-30	AP	Prescription	true	2026-08-28	2026-08-31	2026-08-31	2026-08-31
204671	NDA	001	GILEAD SCIENCES INC	SOVALDI	SOFOSBUVIR	WJ6CA3ZU8B	TTZHDVOVKQGIBA-IQWMDFIBSA-N	79	2013-12-06	AP	Prescription	true	2026-08-28	2026-08-31	2026-08-31	2026-08-31
204671	NDA	002	GILEAD SCIENCES INC	SOVALDI	SOFOSBUVIR	WJ6CA3ZU8B	TTZHDVOVKQGIBA-IQWMDFIBSA-N	79	2013-12-06	AP	Prescription	true	2026-08-28	2026-08-31	2026-08-31	2026-08-31
211353	ANDA	001	TEVA PHARMS USA INC	SOFOSBUVIR	SOFOSBUVIR	WJ6CA3ZU8B	TTZHDVOVKQGIBA-IQWMDFIBSA-N	79	2022-01-27	AP	Discontinued	false	2026-08-28	2026-08-31	2026-08-31	2026-08-31
212480	NDA	001	GILEAD SCIENCES INC	SOVALDI	SOFOSBUVIR	WJ6CA3ZU8B	TTZHDVOVKQGIBA-IQWMDFIBSA-N	79	2019-08-28	AP	Prescription	true	2026-08-28	2026-08-31	2026-08-31	2026-08-31
212480	NDA	002	GILEAD SCIENCES INC	SOVALDI	SOFOSBUVIR	WJ6CA3ZU8B	TTZHDVOVKQGIBA-IQWMDFIBSA-N	79	2019-08-28	AP	Prescription	true	2026-08-28	2026-08-31	2026-08-31	2026-08-31
021130	NDA	001	PFIZER	ZYVOX	LINEZOLID	ISQ9I6J12J	TYZROVQLWOKYKF-ZDUSSCGKSA-N	90	2000-04-18	AP	Discontinued	false	2026-08-28	2026-08-31	2026-08-31	2026-08-31
021130	NDA	002	PFIZER	ZYVOX	LINEZOLID	ISQ9I6J12J	TYZROVQLWOKYKF-ZDUSSCGKSA-N	90	2000-04-18	AP	Discontinued	false	2026-08-28	2026-08-31	2026-08-31	2026-08-31
021131	NDA	001	PFIZER	ZYVOX	LINEZOLID	ISQ9I6J12J	TYZROVQLWOKYKF-ZDUSSCGKSA-N	90	2000-04-18	AP	Prescription	true	2026-08-28	2026-08-31	2026-08-31	2026-08-31
021131	NDA	002	PFIZER	ZYVOX	LINEZOLID	ISQ9I6J12J	TYZROVQLWOKYKF-ZDUSSCGKSA-N	90	2000-04-18	AP	Discontinued	false	2026-08-28	2026-08-31	2026-08-31	2026-08-31
021131	NDA	003	PFIZER	ZYVOX	LINEZOLID	ISQ9I6J12J	TYZROVQLWOKYKF-ZDUSSCGKSA-N	90	2000-04-18	AP	Prescription	true	2026-08-28	2026-08-31	2026-08-31	2026-08-31
021132	NDA	001	PFIZER	ZYVOX	LINEZOLID	ISQ9I6J12J	TYZROVQLWOKYKF-ZDUSSCGKSA-N	90	2000-04-18	AP	Prescription	true	2026-08-28	2026-08-31	2026-08-31	2026-08-31
078061	ANDA	001	TEVA PHARMS USA	LINEZOLID	LINEZOLID	ISQ9I6J12J	TYZROVQLWOKYKF-ZDUSSCGKSA-N	90	2015-05-18	AP	Discontinued	false	2026-08-28	2026-08-31	2026-08-31	2026-08-31
078845	ANDA	001	RISING	LINEZOLID	LINEZOLID	ISQ9I6J12J	TYZROVQLWOKYKF-ZDUSSCGKSA-N	90	2015-12-21	AP	Prescription	true	2026-08-28	2026-08-31	2026-08-31	2026-08-31
078987	ANDA	001	GLENMARK SPECLT	LINEZOLID	LINEZOLID	ISQ9I6J12J	TYZROVQLWOKYKF-ZDUSSCGKSA-N	90	2015-12-21	AP	Prescription	true	2026-08-28	2026-08-31	2026-08-31	2026-08-31
091210	ANDA	001	GATE PHARMS	LINEZOLID	LINEZOLID	ISQ9I6J12J	TYZROVQLWOKYKF-ZDUSSCGKSA-N	90	2016-02-05	AP	Discontinued	false	2026-08-28	2026-08-31	2026-08-31	2026-08-31
200068	ANDA	001	HIKMA	LINEZOLID	LINEZOLID	ISQ9I6J12J	TYZROVQLWOKYKF-ZDUSSCGKSA-N	90	2015-06-03	AP	Prescription	true	2026-08-28	2026-08-31	2026-08-31	2026-08-31
200222	ANDA	001	TEVA PHARMS	LINEZOLID	LINEZOLID	ISQ9I6J12J	TYZROVQLWOKYKF-ZDUSSCGKSA-N	90	2012-06-27	AP	Discontinued	false	2026-08-28	2026-08-31	2026-08-31	2026-08-31
200904	ANDA	001	SANDOZ	LINEZOLID	LINEZOLID	ISQ9I6J12J	TYZROVQLWOKYKF-ZDUSSCGKSA-N	90	2015-07-16	AP	Prescription	true	2026-08-28	2026-08-31	2026-08-31	2026-08-31
200904	ANDA	002	SANDOZ	LINEZOLID	LINEZOLID	ISQ9I6J12J	TYZROVQLWOKYKF-ZDUSSCGKSA-N	90	2015-07-16	AP	Prescription	true	2026-08-28	2026-08-31	2026-08-31	2026-08-31
204239	ANDA	001	HETERO LABS LTD V	LINEZOLID	LINEZOLID	ISQ9I6J12J	TYZROVQLWOKYKF-ZDUSSCGKSA-N	90	2015-12-21	AP	Prescription	true	2026-08-28	2026-08-31	2026-08-31	2026-08-31
204536	ANDA	001	AMNEAL PHARMS	LINEZOLID	LINEZOLID	ISQ9I6J12J	TYZROVQLWOKYKF-ZDUSSCGKSA-N	90	2015-12-21	AP	Discontinued	false	2026-08-28	2026-08-31	2026-08-31	2026-08-31
204696	ANDA	001	SAGENT PHARMS INC	LINEZOLID	LINEZOLID	ISQ9I6J12J	TYZROVQLWOKYKF-ZDUSSCGKSA-N	90	2017-03-02	AP	Prescription	true	2026-08-28	2026-08-31	2026-08-31	2026-08-31
204696	ANDA	002	SAGENT PHARMS INC	LINEZOLID	LINEZOLID	ISQ9I6J12J	TYZROVQLWOKYKF-ZDUSSCGKSA-N	90	2017-03-02	AP	Prescription	true	2026-08-28	2026-08-31	2026-08-31	2026-08-31
204764	ANDA	001	FRESENIUS KABI USA	LINEZOLID	LINEZOLID	ISQ9I6J12J	TYZROVQLWOKYKF-ZDUSSCGKSA-N	90	2016-03-15	AP	Prescription	true	2026-08-28	2026-08-31	2026-08-31	2026-08-31
205154	ANDA	001	PHARMOBEDIENT	LINEZOLID	LINEZOLID	ISQ9I6J12J	TYZROVQLWOKYKF-ZDUSSCGKSA-N	90	2017-12-06	AP	Prescription	true	2026-08-28	2026-08-31	2026-08-31	2026-08-31
205154	ANDA	002	PHARMOBEDIENT	LINEZOLID	LINEZOLID	ISQ9I6J12J	TYZROVQLWOKYKF-ZDUSSCGKSA-N	90	2017-12-06	AP	Prescription	true	2026-08-28	2026-08-31	2026-08-31	2026-08-31
205233	ANDA	001	ALEMBIC	LINEZOLID	LINEZOLID	ISQ9I6J12J	TYZROVQLWOKYKF-ZDUSSCGKSA-N	90	2015-12-21	AP	Prescription	true	2026-08-28	2026-08-31	2026-08-31	2026-08-31
205442	ANDA	001	HOSPIRA	LINEZOLID	LINEZOLID	ISQ9I6J12J	TYZROVQLWOKYKF-ZDUSSCGKSA-N	90	2015-07-07	AP	Discontinued	false	2026-08-28	2026-08-31	2026-08-31	2026-08-31
205517	ANDA	001	ALKEM LABS LTD	LINEZOLID	LINEZOLID	ISQ9I6J12J	TYZROVQLWOKYKF-ZDUSSCGKSA-N	90	2015-12-21	AP	Prescription	true	2026-08-28	2026-08-31	2026-08-31	2026-08-31
206097	ANDA	001	ZYDUS PHARMS	LINEZOLID	LINEZOLID	ISQ9I6J12J	TYZROVQLWOKYKF-ZDUSSCGKSA-N	90	2017-02-22	AP	Prescription	true	2026-08-28	2026-08-31	2026-08-31	2026-08-31
206454	ANDA	001	HIKMA	LINEZOLID	LINEZOLID	ISQ9I6J12J	TYZROVQLWOKYKF-ZDUSSCGKSA-N	90	2022-08-22	AP	Prescription	true	2026-08-28	2026-08-31	2026-08-31	2026-08-31
206473	NDA	001	HOSPIRA	LINEZOLID IN SODIUM CHLORIDE 0.9% IN PLASTIC CONTAINER	LINEZOLID	ISQ9I6J12J	TYZROVQLWOKYKF-ZDUSSCGKSA-N	90	2015-06-18	AP	Prescription	true	2026-08-28	2026-08-31	2026-08-31	2026-08-31
206917	ANDA	001	EUGIA PHARMA	LINEZOLID	LINEZOLID	ISQ9I6J12J	TYZROVQLWOKYKF-ZDUSSCGKSA-N	90	2016-08-04	AP	Prescription	true	2026-08-28	2026-08-31	2026-08-31	2026-08-31
207001	ANDA	001	HQ SPCLT PHARMA	LINEZOLID	LINEZOLID	ISQ9I6J12J	TYZROVQLWOKYKF-ZDUSSCGKSA-N	90	2017-07-07	AP	Prescription	true	2026-08-28	2026-08-31	2026-08-31	2026-08-31
207001	ANDA	002	HQ SPCLT PHARMA	LINEZOLID	LINEZOLID	ISQ9I6J12J	TYZROVQLWOKYKF-ZDUSSCGKSA-N	90	2017-07-07	AP	Prescription	true	2026-08-28	2026-08-31	2026-08-31	2026-08-31
207354	ANDA	001	NANG KUANG PHARM CO	LINEZOLID	LINEZOLID	ISQ9I6J12J	TYZROVQLWOKYKF-ZDUSSCGKSA-N	90	2016-12-20	AP	Prescription	true	2026-08-28	2026-08-31	2026-08-31	2026-08-31
207354	ANDA	002	NANG KUANG PHARM CO	LINEZOLID	LINEZOLID	ISQ9I6J12J	TYZROVQLWOKYKF-ZDUSSCGKSA-N	90	2016-12-20	AP	Prescription	true	2026-08-28	2026-08-31	2026-08-31	2026-08-31
207526	ANDA	001	NOVEL LABS INC	LINEZOLID	LINEZOLID	ISQ9I6J12J	TYZROVQLWOKYKF-ZDUSSCGKSA-N	90	2016-08-22	AP	Prescription	true	2026-08-28	2026-08-31	2026-08-31	2026-08-31
210378	ANDA	001	MACLEODS PHARMS	LINEZOLID	LINEZOLID	ISQ9I6J12J	TYZROVQLWOKYKF-ZDUSSCGKSA-N	90	2024-10-10	AP	Discontinued	false	2026-08-28	2026-08-31	2026-08-31	2026-08-31
210702	ANDA	001	CHARTWELL RX	LINEZOLID	LINEZOLID	ISQ9I6J12J	TYZROVQLWOKYKF-ZDUSSCGKSA-N	90	2019-04-25	AP	Prescription	true	2026-08-28	2026-08-31	2026-08-31	2026-08-31
211813	ANDA	001	HETERO LABS	LINEZOLID	LINEZOLID	ISQ9I6J12J	TYZROVQLWOKYKF-ZDUSSCGKSA-N	90	2022-10-31	AP	Prescription	true	2026-08-28	2026-08-31	2026-08-31	2026-08-31
219558	ANDA	001	CAPLIN	LINEZOLID	LINEZOLID	ISQ9I6J12J	TYZROVQLWOKYKF-ZDUSSCGKSA-N	90	2025-12-08	AP	Prescription	true	2026-08-28	2026-08-31	2026-08-31	2026-08-31
017381	NDA	001	KING PHARMS LLC	SILVADENE	SILVER SULFADIAZINE	W46JY43EJR	UEJSSZHHYBHCEL-UHFFFAOYSA-N	28	1973-11-26	AP	Prescription	true	2026-08-28	2026-08-31	2026-08-31	2026-08-31
018578	NDA	001	DR REDDYS	SSD	SILVER SULFADIAZINE	W46JY43EJR	UEJSSZHHYBHCEL-UHFFFAOYSA-N	28	1982-02-25	AP	Prescription	true	2026-08-28	2026-08-31	2026-08-31	2026-08-31
018578	NDA	003	DR REDDYS	SSD AF	SILVER SULFADIAZINE	W46JY43EJR	UEJSSZHHYBHCEL-UHFFFAOYSA-N	28	1982-02-25	AP	Discontinued	false	2026-08-28	2026-08-31	2026-08-31	2026-08-31
018810	NDA	001	THEPHARMANETWORK LLC	THERMAZENE	SILVER SULFADIAZINE	W46JY43EJR	UEJSSZHHYBHCEL-UHFFFAOYSA-N	28	1985-12-23	AP	Prescription	true	2026-08-28	2026-08-31	2026-08-31	2026-08-31
019608	NDA	001	FRANKLIN PHARMS	SILDAFLO	SILVER SULFADIAZINE	W46JY43EJR	UEJSSZHHYBHCEL-UHFFFAOYSA-N	28	1989-11-30	AP	Discontinued	false	2026-08-28	2026-08-31	2026-08-31	2026-08-31
204790	NDA	001	VIIV HLTHCARE	TIVICAY	DOLUTEGRAVIR SODIUM	1Q1V9V5WYQ	UGWJRRXTMKRYNK-VSLILLSYSA-M	59	2013-08-12	AP	Prescription	true	2026-08-28	2026-08-31	2026-08-31	2026-08-31
204790	NDA	002	VIIV HLTHCARE	TIVICAY	DOLUTEGRAVIR SODIUM	1Q1V9V5WYQ	UGWJRRXTMKRYNK-VSLILLSYSA-M	59	2013-08-12	AP	Discontinued	false	2026-08-28	2026-08-31	2026-08-31	2026-08-31
204790	NDA	003	VIIV HLTHCARE	TIVICAY	DOLUTEGRAVIR SODIUM	1Q1V9V5WYQ	UGWJRRXTMKRYNK-VSLILLSYSA-M	59	2013-08-12	AP	Discontinued	false	2026-08-28	2026-08-31	2026-08-31	2026-08-31
213983	NDA	001	VIIV HLTHCARE	TIVICAY PD	DOLUTEGRAVIR SODIUM	1Q1V9V5WYQ	UGWJRRXTMKRYNK-VSLILLSYSA-M	59	2020-06-12	AP	Prescription	true	2026-08-28	2026-08-31	2026-08-31	2026-08-31
016793	NDA	001	TEVA PARENTERAL	CYTARABINE	CYTARABINE	04079A1RDZ	UHDGCWIWMRVCDJ-CCXZUQQUSA-N	58	1969-06-17	AP	Discontinued	false	2026-08-28	2026-08-31	2026-08-31	2026-08-31
016793	NDA	002	TEVA PARENTERAL	CYTARABINE	CYTARABINE	04079A1RDZ	UHDGCWIWMRVCDJ-CCXZUQQUSA-N	58	1969-06-17	AP	Discontinued	false	2026-08-28	2026-08-31	2026-08-31	2026-08-31
016793	NDA	003	TEVA PARENTERAL	CYTARABINE	CYTARABINE	04079A1RDZ	UHDGCWIWMRVCDJ-CCXZUQQUSA-N	58	1969-06-17	AP	Discontinued	false	2026-08-28	2026-08-31	2026-08-31	2026-08-31
016793	NDA	004	TEVA PARENTERAL	CYTARABINE	CYTARABINE	04079A1RDZ	UHDGCWIWMRVCDJ-CCXZUQQUSA-N	58	1969-06-17	AP	Discontinued	false	2026-08-28	2026-08-31	2026-08-31	2026-08-31
021041	NDA	001	PACIRA PHARMS INC	DEPOCYT	CYTARABINE	04079A1RDZ	UHDGCWIWMRVCDJ-CCXZUQQUSA-N	58	1999-04-01	AP	Discontinued	false	2026-08-28	2026-08-31	2026-08-31	2026-08-31
071471	ANDA	001	HIKMA	CYTARABINE	CYTARABINE	04079A1RDZ	UHDGCWIWMRVCDJ-CCXZUQQUSA-N	58	1989-08-02	AP	Prescription	true	2026-08-28	2026-08-31	2026-08-31	2026-08-31
071472	ANDA	001	HIKMA	CYTARABINE	CYTARABINE	04079A1RDZ	UHDGCWIWMRVCDJ-CCXZUQQUSA-N	58	1989-08-02	AP	Prescription	true	2026-08-28	2026-08-31	2026-08-31	2026-08-31
071868	ANDA	001	HOSPIRA	CYTARABINE	CYTARABINE	04079A1RDZ	UHDGCWIWMRVCDJ-CCXZUQQUSA-N	58	1990-06-04	AP	Prescription	true	2026-08-28	2026-08-31	2026-08-31	2026-08-31
072168	ANDA	001	HOSPIRA	CYTARABINE	CYTARABINE	04079A1RDZ	UHDGCWIWMRVCDJ-CCXZUQQUSA-N	58	1990-08-31	AP	Prescription	true	2026-08-28	2026-08-31	2026-08-31	2026-08-31
072945	ANDA	001	HOSPIRA	CYTARABINE	CYTARABINE	04079A1RDZ	UHDGCWIWMRVCDJ-CCXZUQQUSA-N	58	1994-02-28	AP	Prescription	true	2026-08-28	2026-08-31	2026-08-31	2026-08-31
074245	ANDA	001	WEST-WARD PHARMS INT	CYTARABINE	CYTARABINE	04079A1RDZ	UHDGCWIWMRVCDJ-CCXZUQQUSA-N	58	1994-08-31	AP	Prescription	true	2026-08-28	2026-08-31	2026-08-31	2026-08-31
074245	ANDA	002	WEST-WARD PHARMS INT	CYTARABINE	CYTARABINE	04079A1RDZ	UHDGCWIWMRVCDJ-CCXZUQQUSA-N	58	1994-08-31	AP	Prescription	true	2026-08-28	2026-08-31	2026-08-31	2026-08-31
075206	ANDA	001	TEVA PHARMS USA	CYTOSAR-U	CYTARABINE	04079A1RDZ	UHDGCWIWMRVCDJ-CCXZUQQUSA-N	58	1998-12-30	AP	Discontinued	false	2026-08-28	2026-08-31	2026-08-31	2026-08-31
075206	ANDA	002	TEVA PHARMS USA	CYTOSAR-U	CYTARABINE	04079A1RDZ	UHDGCWIWMRVCDJ-CCXZUQQUSA-N	58	1998-12-30	AP	Discontinued	false	2026-08-28	2026-08-31	2026-08-31	2026-08-31
075206	ANDA	003	TEVA PHARMS USA	CYTOSAR-U	CYTARABINE	04079A1RDZ	UHDGCWIWMRVCDJ-CCXZUQQUSA-N	58	1998-12-30	AP	Discontinued	false	2026-08-28	2026-08-31	2026-08-31	2026-08-31
075206	ANDA	004	TEVA PHARMS USA	CYTOSAR-U	CYTARABINE	04079A1RDZ	UHDGCWIWMRVCDJ-CCXZUQQUSA-N	58	1998-12-30	AP	Discontinued	false	2026-08-28	2026-08-31	2026-08-31	2026-08-31
075383	ANDA	001	HOSPIRA	CYTARABINE	CYTARABINE	04079A1RDZ	UHDGCWIWMRVCDJ-CCXZUQQUSA-N	58	1999-11-22	AP	Prescription	true	2026-08-28	2026-08-31	2026-08-31	2026-08-31
076512	ANDA	001	FRESENIUS KABI USA	CYTARABINE	CYTARABINE	04079A1RDZ	UHDGCWIWMRVCDJ-CCXZUQQUSA-N	58	2004-01-15	AP	Prescription	true	2026-08-28	2026-08-31	2026-08-31	2026-08-31
200914	ANDA	001	RISING	CYTARABINE	CYTARABINE	04079A1RDZ	UHDGCWIWMRVCDJ-CCXZUQQUSA-N	58	2011-12-13	AP	Discontinued	false	2026-08-28	2026-08-31	2026-08-31	2026-08-31
200915	ANDA	001	RISING	CYTARABINE	CYTARABINE	04079A1RDZ	UHDGCWIWMRVCDJ-CCXZUQQUSA-N	58	2011-12-13	AP	Prescription	true	2026-08-28	2026-08-31	2026-08-31	2026-08-31
200916	ANDA	001	PHARMOBEDIENT	CYTARABINE	CYTARABINE	04079A1RDZ	UHDGCWIWMRVCDJ-CCXZUQQUSA-N	58	2011-12-13	AP	Discontinued	false	2026-08-28	2026-08-31	2026-08-31	2026-08-31
201784	ANDA	001	RISING	CYTARABINE	CYTARABINE	04079A1RDZ	UHDGCWIWMRVCDJ-CCXZUQQUSA-N	58	2012-01-30	AP	Prescription	true	2026-08-28	2026-08-31	2026-08-31	2026-08-31
205696	ANDA	001	MEITHEAL	CYTARABINE	CYTARABINE	04079A1RDZ	UHDGCWIWMRVCDJ-CCXZUQQUSA-N	58	2018-07-17	AP	Prescription	true	2026-08-28	2026-08-31	2026-08-31	2026-08-31
206189	ANDA	001	MEITHEAL	CYTARABINE	CYTARABINE	04079A1RDZ	UHDGCWIWMRVCDJ-CCXZUQQUSA-N	58	2020-06-26	AP	Discontinued	false	2026-08-28	2026-08-31	2026-08-31	2026-08-31
206190	ANDA	001	MEITHEAL	CYTARABINE	CYTARABINE	04079A1RDZ	UHDGCWIWMRVCDJ-CCXZUQQUSA-N	58	2017-11-09	AP	Discontinued	false	2026-08-28	2026-08-31	2026-08-31	2026-08-31
208485	ANDA	001	MEITHEAL	CYTARABINE	CYTARABINE	04079A1RDZ	UHDGCWIWMRVCDJ-CCXZUQQUSA-N	58	2022-02-28	AP	Prescription	true	2026-08-28	2026-08-31	2026-08-31	2026-08-31
211937	ANDA	001	GLAND	CYTARABINE	CYTARABINE	04079A1RDZ	UHDGCWIWMRVCDJ-CCXZUQQUSA-N	58	2019-12-23	AP	Prescription	true	2026-08-28	2026-08-31	2026-08-31	2026-08-31
211938	ANDA	001	GLAND	CYTARABINE	CYTARABINE	04079A1RDZ	UHDGCWIWMRVCDJ-CCXZUQQUSA-N	58	2019-12-23	AP	Prescription	true	2026-08-28	2026-08-31	2026-08-31	2026-08-31
050368	NDA	001	DISTA	ILOTYCIN	ERYTHROMYCIN	63937KV33D	ULGZDMOVFRHVEP-RWJQBGPGSA-N	102	1964-06-29	AP	Discontinued	false	2026-08-28	2026-08-31	2026-08-31	2026-08-31
050526	NDA	001	WESTWOOD SQUIBB	STATICIN	ERYTHROMYCIN	63937KV33D	ULGZDMOVFRHVEP-RWJQBGPGSA-N	102	1980-06-03	AP	Discontinued	false	2026-08-28	2026-08-31	2026-08-31	2026-08-31
050532	NDA	001	LILLY	ERYTHROMYCIN	ERYTHROMYCIN	63937KV33D	ULGZDMOVFRHVEP-RWJQBGPGSA-N	102	1980-06-03	AP	Discontinued	false	2026-08-28	2026-08-31	2026-08-31	2026-08-31
050536	NDA	001	DR REDDYS LABS SA	ERYC	ERYTHROMYCIN	63937KV33D	ULGZDMOVFRHVEP-RWJQBGPGSA-N	102	1981-01-26	AP	Prescription	true	2026-08-28	2026-08-31	2026-08-31	2026-08-31
050584	NDA	001	BAUSCH	AKNE-MYCIN	ERYTHROMYCIN	63937KV33D	ULGZDMOVFRHVEP-RWJQBGPGSA-N	102	1985-01-10	AP	Discontinued	false	2026-08-28	2026-08-31	2026-08-31	2026-08-31
050593	NDA	001	HOSPIRA	ERYC SPRINKLES	ERYTHROMYCIN	63937KV33D	ULGZDMOVFRHVEP-RWJQBGPGSA-N	102	1985-07-22	AP	Discontinued	false	2026-08-28	2026-08-31	2026-08-31	2026-08-31
050594	NDA	001	JOHNSON AND JOHNSON	ERYCETTE	ERYTHROMYCIN	63937KV33D	ULGZDMOVFRHVEP-RWJQBGPGSA-N	102	1985-02-15	AP	Discontinued	false	2026-08-28	2026-08-31	2026-08-31	2026-08-31
050611	NDA	001	AZURITY	PCE	ERYTHROMYCIN	63937KV33D	ULGZDMOVFRHVEP-RWJQBGPGSA-N	102	1986-09-09	AP	Discontinued	false	2026-08-28	2026-08-31	2026-08-31	2026-08-31
050611	NDA	002	AZURITY	PCE	ERYTHROMYCIN	63937KV33D	ULGZDMOVFRHVEP-RWJQBGPGSA-N	102	1986-09-09	AP	Discontinued	false	2026-08-28	2026-08-31	2026-08-31	2026-08-31
050617	NDA	001	MYLAN	ERYGEL	ERYTHROMYCIN	63937KV33D	ULGZDMOVFRHVEP-RWJQBGPGSA-N	102	1987-10-21	AP	Discontinued	false	2026-08-28	2026-08-31	2026-08-31	2026-08-31
060272	ANDA	001	ARBOR PHARMS INC	E-MYCIN	ERYTHROMYCIN	63937KV33D	ULGZDMOVFRHVEP-RWJQBGPGSA-N	102	1981-06-23	AP	Discontinued	false	2026-08-28	2026-08-31	2026-08-31	2026-08-31
060272	ANDA	002	ARBOR PHARMS INC	E-MYCIN	ERYTHROMYCIN	63937KV33D	ULGZDMOVFRHVEP-RWJQBGPGSA-N	102	1981-06-23	AP	Discontinued	false	2026-08-28	2026-08-31	2026-08-31	2026-08-31
061621	ANDA	001	CARNEGIE	ERYTHROMYCIN	ERYTHROMYCIN	63937KV33D	ULGZDMOVFRHVEP-RWJQBGPGSA-N	102	1972-07-11	AP	Prescription	true	2026-08-28	2026-08-31	2026-08-31	2026-08-31
061621	ANDA	002	CARNEGIE	ERYTHROMYCIN	ERYTHROMYCIN	63937KV33D	ULGZDMOVFRHVEP-RWJQBGPGSA-N	102	1972-07-11	AP	Prescription	true	2026-08-28	2026-08-31	2026-08-31	2026-08-31
061910	ANDA	001	DISTA	ILOTYCIN	ERYTHROMYCIN	63937KV33D	ULGZDMOVFRHVEP-RWJQBGPGSA-N	102	1975-02-27	AP	Discontinued	false	2026-08-28	2026-08-31	2026-08-31	2026-08-31
062290	ANDA	001	ARBOR PHARMS INC	ERYDERM	ERYTHROMYCIN	63937KV33D	ULGZDMOVFRHVEP-RWJQBGPGSA-N	102	1980-10-08	AP	Discontinued	false	2026-08-28	2026-08-31	2026-08-31	2026-08-31
062298	ANDA	001	CARNEGIE	ERY-TAB	ERYTHROMYCIN	63937KV33D	ULGZDMOVFRHVEP-RWJQBGPGSA-N	102	1982-03-29	AP	Prescription	true	2026-08-28	2026-08-31	2026-08-31	2026-08-31
062298	ANDA	002	CARNEGIE	ERY-TAB	ERYTHROMYCIN	63937KV33D	ULGZDMOVFRHVEP-RWJQBGPGSA-N	102	1982-03-29	AP	Prescription	true	2026-08-28	2026-08-31	2026-08-31	2026-08-31
062298	ANDA	003	CARNEGIE	ERY-TAB	ERYTHROMYCIN	63937KV33D	ULGZDMOVFRHVEP-RWJQBGPGSA-N	102	1982-03-29	AP	Prescription	true	2026-08-28	2026-08-31	2026-08-31	2026-08-31
062326	ANDA	001	ALPHARMA US PHARMS	ERYTHROMYCIN	ERYTHROMYCIN	63937KV33D	ULGZDMOVFRHVEP-RWJQBGPGSA-N	102	1982-04-19	AP	Discontinued	false	2026-08-28	2026-08-31	2026-08-31	2026-08-31
062328	ANDA	001	ALPHARMA US PHARMS	ERYTHROMYCIN	ERYTHROMYCIN	63937KV33D	ULGZDMOVFRHVEP-RWJQBGPGSA-N	102	1982-04-19	AP	Discontinued	false	2026-08-28	2026-08-31	2026-08-31	2026-08-31
062338	ANDA	001	WARNER CHILCOTT LLC	ERYC	ERYTHROMYCIN	63937KV33D	ULGZDMOVFRHVEP-RWJQBGPGSA-N	102	1981-05-22	AP	Discontinued	false	2026-08-28	2026-08-31	2026-08-31	2026-08-31
062405	ANDA	001	TARO	A/T/S	ERYTHROMYCIN	63937KV33D	ULGZDMOVFRHVEP-RWJQBGPGSA-N	102	1982-11-18	AP	Discontinued	false	2026-08-28	2026-08-31	2026-08-31	2026-08-31
062436	ANDA	001	WESTWOOD SQUIBB	T-STAT	ERYTHROMYCIN	63937KV33D	ULGZDMOVFRHVEP-RWJQBGPGSA-N	102	1983-03-09	AP	Discontinued	false	2026-08-28	2026-08-31	2026-08-31	2026-08-31
062447	ANDA	001	PADAGIS US	ERYTHROMYCIN	ERYTHROMYCIN	63937KV33D	ULGZDMOVFRHVEP-RWJQBGPGSA-N	102	1983-09-26	AP	Discontinued	false	2026-08-28	2026-08-31	2026-08-31	2026-08-31
062467	ANDA	001	SYOSSET	E-SOLVE 2	ERYTHROMYCIN	63937KV33D	ULGZDMOVFRHVEP-RWJQBGPGSA-N	102	1985-07-03	AP	Discontinued	false	2026-08-28	2026-08-31	2026-08-31	2026-08-31
062468	ANDA	001	FOUGERA PHARMS	C-SOLVE-2	ERYTHROMYCIN	63937KV33D	ULGZDMOVFRHVEP-RWJQBGPGSA-N	102	1985-07-03	AP	Discontinued	false	2026-08-28	2026-08-31	2026-08-31	2026-08-31
062508	ANDA	002	MERZ PHARMS	ERYMAX	ERYTHROMYCIN	63937KV33D	ULGZDMOVFRHVEP-RWJQBGPGSA-N	102	1985-07-11	AP	Discontinued	false	2026-08-28	2026-08-31	2026-08-31	2026-08-31
062522	ANDA	001	DOW PHARM	SANSAC	ERYTHROMYCIN	63937KV33D	ULGZDMOVFRHVEP-RWJQBGPGSA-N	102	1985-01-24	AP	Discontinued	false	2026-08-28	2026-08-31	2026-08-31	2026-08-31
062616	ANDA	001	PHARMAFAIR	ERYTHROMYCIN	ERYTHROMYCIN	63937KV33D	ULGZDMOVFRHVEP-RWJQBGPGSA-N	102	1985-07-25	AP	Discontinued	false	2026-08-28	2026-08-31	2026-08-31	2026-08-31
062687	ANDA	001	MICRO LABS	ERYTHRA-DERM	ERYTHROMYCIN	63937KV33D	ULGZDMOVFRHVEP-RWJQBGPGSA-N	102	1988-02-05	AP	Prescription	true	2026-08-28	2026-08-31	2026-08-31	2026-08-31
062746	ANDA	001	CARNEGIE	ERYTHROMYCIN	ERYTHROMYCIN	63937KV33D	ULGZDMOVFRHVEP-RWJQBGPGSA-N	102	1986-12-22	AP	Prescription	true	2026-08-28	2026-08-31	2026-08-31	2026-08-31
062748	ANDA	001	WESTWOOD SQUIBB	T-STAT	ERYTHROMYCIN	63937KV33D	ULGZDMOVFRHVEP-RWJQBGPGSA-N	102	1987-07-23	AP	Discontinued	false	2026-08-28	2026-08-31	2026-08-31	2026-08-31
062751	ANDA	001	IVAX SUB TEVA PHARMS	C-SOLVE-2	ERYTHROMYCIN	63937KV33D	ULGZDMOVFRHVEP-RWJQBGPGSA-N	102	1993-07-30	AP	Discontinued	false	2026-08-28	2026-08-31	2026-08-31	2026-08-31
062825	ANDA	001	PHARMOBEDIENT CNSLTG	ERYTHROMYCIN	ERYTHROMYCIN	63937KV33D	ULGZDMOVFRHVEP-RWJQBGPGSA-N	102	1987-10-23	AP	Discontinued	false	2026-08-28	2026-08-31	2026-08-31	2026-08-31
062999	ANDA	001	BARR	E-BASE	ERYTHROMYCIN	63937KV33D	ULGZDMOVFRHVEP-RWJQBGPGSA-N	102	1988-11-25	AP	Discontinued	false	2026-08-28	2026-08-31	2026-08-31	2026-08-31
063028	ANDA	001	BARR	E-BASE	ERYTHROMYCIN	63937KV33D	ULGZDMOVFRHVEP-RWJQBGPGSA-N	102	1990-05-15	AP	Discontinued	false	2026-08-28	2026-08-31	2026-08-31	2026-08-31
063038	ANDA	001	PADAGIS US	ERYTHROMYCIN	ERYTHROMYCIN	63937KV33D	ULGZDMOVFRHVEP-RWJQBGPGSA-N	102	1991-01-11	AP	Prescription	true	2026-08-28	2026-08-31	2026-08-31	2026-08-31
063086	ANDA	001	BARR	E-BASE	ERYTHROMYCIN	63937KV33D	ULGZDMOVFRHVEP-RWJQBGPGSA-N	102	1990-05-15	AP	Discontinued	false	2026-08-28	2026-08-31	2026-08-31	2026-08-31
063098	ANDA	001	BARR	ERYTHROMYCIN	ERYTHROMYCIN	63937KV33D	ULGZDMOVFRHVEP-RWJQBGPGSA-N	102	1989-05-04	AP	Discontinued	false	2026-08-28	2026-08-31	2026-08-31	2026-08-31
063107	ANDA	001	ALTANA	EMGEL	ERYTHROMYCIN	63937KV33D	ULGZDMOVFRHVEP-RWJQBGPGSA-N	102	1991-08-23	AP	Discontinued	false	2026-08-28	2026-08-31	2026-08-31	2026-08-31
063211	ANDA	001	PADAGIS US	ERYTHROMYCIN	ERYTHROMYCIN	63937KV33D	ULGZDMOVFRHVEP-RWJQBGPGSA-N	102	1993-01-29	AP	Prescription	true	2026-08-28	2026-08-31	2026-08-31	2026-08-31
064030	ANDA	001	SENTISS	ERYTHROMYCIN	ERYTHROMYCIN	63937KV33D	ULGZDMOVFRHVEP-RWJQBGPGSA-N	102	1996-07-18	AP	Prescription	true	2026-08-28	2026-08-31	2026-08-31	2026-08-31
064039	ANDA	001	BAUSCH	ERYTHROMYCIN	ERYTHROMYCIN	63937KV33D	ULGZDMOVFRHVEP-RWJQBGPGSA-N	102	1994-01-27	AP	Discontinued	false	2026-08-28	2026-08-31	2026-08-31	2026-08-31
064067	ANDA	001	BAUSCH AND LOMB INC	ERYTHROMYCIN	ERYTHROMYCIN	63937KV33D	ULGZDMOVFRHVEP-RWJQBGPGSA-N	102	1994-07-29	AP	Prescription	true	2026-08-28	2026-08-31	2026-08-31	2026-08-31
064101	ANDA	001	EPIC PHARMA LLC	ERYTHRO-STATIN	ERYTHROMYCIN	63937KV33D	ULGZDMOVFRHVEP-RWJQBGPGSA-N	102	1996-10-22	AP	Discontinued	false	2026-08-28	2026-08-31	2026-08-31	2026-08-31
064126	ANDA	001	PADAGIS US	ERYTHROMYCIN	ERYTHROMYCIN	63937KV33D	ULGZDMOVFRHVEP-RWJQBGPGSA-N	102	1996-07-03	AP	Prescription	true	2026-08-28	2026-08-31	2026-08-31	2026-08-31
064127	ANDA	001	RENAISSANCE PHARMA	ERYTHROMYCIN	ERYTHROMYCIN	63937KV33D	ULGZDMOVFRHVEP-RWJQBGPGSA-N	102	1997-02-14	AP	Discontinued	false	2026-08-28	2026-08-31	2026-08-31	2026-08-31
064128	ANDA	001	PHARMOBEDIENT	ERYTHROMYCIN	ERYTHROMYCIN	63937KV33D	ULGZDMOVFRHVEP-RWJQBGPGSA-N	102	1996-07-03	AP	Discontinued	false	2026-08-28	2026-08-31	2026-08-31	2026-08-31
064184	ANDA	001	FOUGERA PHARMS	ERYTHROMYCIN	ERYTHROMYCIN	63937KV33D	ULGZDMOVFRHVEP-RWJQBGPGSA-N	102	1997-09-30	AP	Prescription	true	2026-08-28	2026-08-31	2026-08-31	2026-08-31
064187	ANDA	001	FOUGERA PHARMS	ERYTHROMYCIN	ERYTHROMYCIN	63937KV33D	ULGZDMOVFRHVEP-RWJQBGPGSA-N	102	1997-09-30	AP	Discontinued	false	2026-08-28	2026-08-31	2026-08-31	2026-08-31
065009	ANDA	001	PHARMOBEDIENT	E-GLADES	ERYTHROMYCIN	63937KV33D	ULGZDMOVFRHVEP-RWJQBGPGSA-N	102	2002-03-18	AP	Discontinued	false	2026-08-28	2026-08-31	2026-08-31	2026-08-31
065320	ANDA	001	FOUGERA PHARMS	ERYTHROMYCIN	ERYTHROMYCIN	63937KV33D	ULGZDMOVFRHVEP-RWJQBGPGSA-N	102	2006-07-25	AP	Discontinued	false	2026-08-28	2026-08-31	2026-08-31	2026-08-31
090215	ANDA	001	EPIC PHARMA LLC	ERYTHROMYCIN	ERYTHROMYCIN	63937KV33D	ULGZDMOVFRHVEP-RWJQBGPGSA-N	102	2010-05-12	AP	Prescription	true	2026-08-28	2026-08-31	2026-08-31	2026-08-31
208100	ANDA	001	ENCUBE	ERYTHROMYCIN	ERYTHROMYCIN	63937KV33D	ULGZDMOVFRHVEP-RWJQBGPGSA-N	102	2017-11-20	AP	Discontinued	false	2026-08-28	2026-08-31	2026-08-31	2026-08-31
208154	ANDA	001	ENCUBE	ERYTHROMYCIN	ERYTHROMYCIN	63937KV33D	ULGZDMOVFRHVEP-RWJQBGPGSA-N	102	2017-07-19	AP	Discontinued	false	2026-08-28	2026-08-31	2026-08-31	2026-08-31
209720	ANDA	001	AMNEAL PHARMS CO	ERYTHROMYCIN	ERYTHROMYCIN	63937KV33D	ULGZDMOVFRHVEP-RWJQBGPGSA-N	102	2018-03-09	AP	Discontinued	false	2026-08-28	2026-08-31	2026-08-31	2026-08-31
209720	ANDA	002	AMNEAL PHARMS CO	ERYTHROMYCIN	ERYTHROMYCIN	63937KV33D	ULGZDMOVFRHVEP-RWJQBGPGSA-N	102	2018-03-09	AP	Discontinued	false	2026-08-28	2026-08-31	2026-08-31	2026-08-31
210954	ANDA	001	AMNEAL PHARMS CO	ERYTHROMYCIN	ERYTHROMYCIN	63937KV33D	ULGZDMOVFRHVEP-RWJQBGPGSA-N	102	2019-07-02	AP	Prescription	true	2026-08-28	2026-08-31	2026-08-31	2026-08-31
210954	ANDA	002	AMNEAL PHARMS CO	ERYTHROMYCIN	ERYTHROMYCIN	63937KV33D	ULGZDMOVFRHVEP-RWJQBGPGSA-N	102	2019-07-02	AP	Prescription	true	2026-08-28	2026-08-31	2026-08-31	2026-08-31
210954	ANDA	003	AMNEAL PHARMS CO	ERYTHROMYCIN	ERYTHROMYCIN	63937KV33D	ULGZDMOVFRHVEP-RWJQBGPGSA-N	102	2019-07-02	AP	Prescription	true	2026-08-28	2026-08-31	2026-08-31	2026-08-31
211975	ANDA	001	TORRENT	ERYTHROMYCIN	ERYTHROMYCIN	63937KV33D	ULGZDMOVFRHVEP-RWJQBGPGSA-N	102	2021-07-26	AP	Prescription	true	2026-08-28	2026-08-31	2026-08-31	2026-08-31
211975	ANDA	002	TORRENT	ERYTHROMYCIN	ERYTHROMYCIN	63937KV33D	ULGZDMOVFRHVEP-RWJQBGPGSA-N	102	2021-07-26	AP	Prescription	true	2026-08-28	2026-08-31	2026-08-31	2026-08-31
211975	ANDA	003	TORRENT	ERYTHROMYCIN	ERYTHROMYCIN	63937KV33D	ULGZDMOVFRHVEP-RWJQBGPGSA-N	102	2021-07-26	AP	Prescription	true	2026-08-28	2026-08-31	2026-08-31	2026-08-31
212015	ANDA	001	TORRENT	ERYTHROMYCIN	ERYTHROMYCIN	63937KV33D	ULGZDMOVFRHVEP-RWJQBGPGSA-N	102	2020-07-06	AP	Prescription	true	2026-08-28	2026-08-31	2026-08-31	2026-08-31
212015	ANDA	002	TORRENT	ERYTHROMYCIN	ERYTHROMYCIN	63937KV33D	ULGZDMOVFRHVEP-RWJQBGPGSA-N	102	2020-07-06	AP	Prescription	true	2026-08-28	2026-08-31	2026-08-31	2026-08-31
212693	ANDA	001	ZYDUS LIFESCIENCES	ERYTHROMYCIN	ERYTHROMYCIN	63937KV33D	ULGZDMOVFRHVEP-RWJQBGPGSA-N	102	2023-03-07	AP	Prescription	true	2026-08-28	2026-08-31	2026-08-31	2026-08-31
212693	ANDA	002	ZYDUS LIFESCIENCES	ERYTHROMYCIN	ERYTHROMYCIN	63937KV33D	ULGZDMOVFRHVEP-RWJQBGPGSA-N	102	2023-03-07	AP	Prescription	true	2026-08-28	2026-08-31	2026-08-31	2026-08-31
213628	ANDA	001	CADILA PHARMS LTD	ERYTHROMYCIN	ERYTHROMYCIN	63937KV33D	ULGZDMOVFRHVEP-RWJQBGPGSA-N	102	2021-06-28	AP	Prescription	true	2026-08-28	2026-08-31	2026-08-31	2026-08-31
213628	ANDA	002	CADILA PHARMS LTD	ERYTHROMYCIN	ERYTHROMYCIN	63937KV33D	ULGZDMOVFRHVEP-RWJQBGPGSA-N	102	2021-06-28	AP	Prescription	true	2026-08-28	2026-08-31	2026-08-31	2026-08-31
214549	ANDA	001	TEVA PHARMS USA INC	ERYTHROMYCIN	ERYTHROMYCIN	63937KV33D	ULGZDMOVFRHVEP-RWJQBGPGSA-N	102	2021-02-11	AP	Prescription	true	2026-08-28	2026-08-31	2026-08-31	2026-08-31
214549	ANDA	002	TEVA PHARMS USA INC	ERYTHROMYCIN	ERYTHROMYCIN	63937KV33D	ULGZDMOVFRHVEP-RWJQBGPGSA-N	102	2021-02-11	AP	Prescription	true	2026-08-28	2026-08-31	2026-08-31	2026-08-31
215440	ANDA	001	ZYDUS PHARMS	ERYTHROMYCIN	ERYTHROMYCIN	63937KV33D	ULGZDMOVFRHVEP-RWJQBGPGSA-N	102	2023-08-31	AP	Discontinued	false	2026-08-28	2026-08-31	2026-08-31	2026-08-31
215440	ANDA	002	ZYDUS PHARMS	ERYTHROMYCIN	ERYTHROMYCIN	63937KV33D	ULGZDMOVFRHVEP-RWJQBGPGSA-N	102	2023-08-31	AP	Discontinued	false	2026-08-28	2026-08-31	2026-08-31	2026-08-31
215661	ANDA	001	ALEMBIC	ERYTHROMYCIN	ERYTHROMYCIN	63937KV33D	ULGZDMOVFRHVEP-RWJQBGPGSA-N	102	2023-08-24	AP	Prescription	true	2026-08-28	2026-08-31	2026-08-31	2026-08-31
215661	ANDA	002	ALEMBIC	ERYTHROMYCIN	ERYTHROMYCIN	63937KV33D	ULGZDMOVFRHVEP-RWJQBGPGSA-N	102	2023-08-24	AP	Prescription	true	2026-08-28	2026-08-31	2026-08-31	2026-08-31
216066	ANDA	001	ALKEM LABS LTD	ERYTHROMYCIN	ERYTHROMYCIN	63937KV33D	ULGZDMOVFRHVEP-RWJQBGPGSA-N	102	2022-07-13	AP	Prescription	true	2026-08-28	2026-08-31	2026-08-31	2026-08-31
216066	ANDA	002	ALKEM LABS LTD	ERYTHROMYCIN	ERYTHROMYCIN	63937KV33D	ULGZDMOVFRHVEP-RWJQBGPGSA-N	102	2022-07-13	AP	Prescription	true	2026-08-28	2026-08-31	2026-08-31	2026-08-31
219691	ANDA	001	ABON PHARMS LLC	ERYTHROMYCIN	ERYTHROMYCIN	63937KV33D	ULGZDMOVFRHVEP-RWJQBGPGSA-N	102	2025-09-23	AP	Prescription	true	2026-08-28	2026-08-31	2026-08-31	2026-08-31
219691	ANDA	002	ABON PHARMS LLC	ERYTHROMYCIN	ERYTHROMYCIN	63937KV33D	ULGZDMOVFRHVEP-RWJQBGPGSA-N	102	2025-09-23	AP	Prescription	true	2026-08-28	2026-08-31	2026-08-31	2026-08-31
021348	NDA	001	ACTELION	ZAVESCA	MIGLUSTAT	ADN3S497AZ	UQRORFVVSGFNRO-UTINFBMNSA-N	68	2003-07-31	AP	Prescription	true	2026-08-28	2026-08-31	2026-08-31	2026-08-31
208342	ANDA	001	ANI PHARMS	MIGLUSTAT	MIGLUSTAT	ADN3S497AZ	UQRORFVVSGFNRO-UTINFBMNSA-N	68	2018-04-17	AP	Prescription	true	2026-08-28	2026-08-31	2026-08-31	2026-08-31
209325	ANDA	001	CHARTWELL RX	MIGLUSTAT	MIGLUSTAT	ADN3S497AZ	UQRORFVVSGFNRO-UTINFBMNSA-N	68	2022-02-03	AP	Discontinued	false	2026-08-28	2026-08-31	2026-08-31	2026-08-31
209821	ANDA	001	EDENBRIDGE PHARMS	YARGESA	MIGLUSTAT	ADN3S497AZ	UQRORFVVSGFNRO-UTINFBMNSA-N	68	2020-08-06	AP	Prescription	true	2026-08-28	2026-08-31	2026-08-31	2026-08-31
215211	NDA	001	AMICUS THERAP US	OPFOLDA	MIGLUSTAT	ADN3S497AZ	UQRORFVVSGFNRO-UTINFBMNSA-N	68	2023-09-28	AP	Prescription	true	2026-08-28	2026-08-31	2026-08-31	2026-08-31
219111	ANDA	001	NAVINTA LLC	MIGLUSTAT	MIGLUSTAT	ADN3S497AZ	UQRORFVVSGFNRO-UTINFBMNSA-N	68	2025-03-14	AP	Prescription	true	2026-08-28	2026-08-31	2026-08-31	2026-08-31
011664	NDA	001	MERCK	DECADRON	DEXAMETHASONE	7S5I7G3JQL	UREBDLICKHMUKA-CXSFZGCWSA-N	102	1958-10-30	AP	Discontinued	false	2026-08-28	2026-08-31	2026-08-31	2026-08-31
011664	NDA	002	MERCK	DECADRON	DEXAMETHASONE	7S5I7G3JQL	UREBDLICKHMUKA-CXSFZGCWSA-N	102	1958-10-30	AP	Discontinued	false	2026-08-28	2026-08-31	2026-08-31	2026-08-31
011664	NDA	003	MERCK	DECADRON	DEXAMETHASONE	7S5I7G3JQL	UREBDLICKHMUKA-CXSFZGCWSA-N	102	1958-10-30	AP	Discontinued	false	2026-08-28	2026-08-31	2026-08-31	2026-08-31
011664	NDA	004	MERCK	DECADRON	DEXAMETHASONE	7S5I7G3JQL	UREBDLICKHMUKA-CXSFZGCWSA-N	102	1958-10-30	AP	Discontinued	false	2026-08-28	2026-08-31	2026-08-31	2026-08-31
011664	NDA	005	MERCK	DECADRON	DEXAMETHASONE	7S5I7G3JQL	UREBDLICKHMUKA-CXSFZGCWSA-N	102	1958-10-30	AP	Discontinued	false	2026-08-28	2026-08-31	2026-08-31	2026-08-31
011664	NDA	006	MERCK	DECADRON	DEXAMETHASONE	7S5I7G3JQL	UREBDLICKHMUKA-CXSFZGCWSA-N	102	1958-10-30	AP	Discontinued	false	2026-08-28	2026-08-31	2026-08-31	2026-08-31
012376	NDA	002	MERCK	DECADRON	DEXAMETHASONE	7S5I7G3JQL	UREBDLICKHMUKA-CXSFZGCWSA-N	102	1960-07-07	AP	Discontinued	false	2026-08-28	2026-08-31	2026-08-31	2026-08-31
012674	NDA	001	ASPEN GLOBAL INC	HEXADROL	DEXAMETHASONE	7S5I7G3JQL	UREBDLICKHMUKA-CXSFZGCWSA-N	102	1960-12-21	AP	Discontinued	false	2026-08-28	2026-08-31	2026-08-31	2026-08-31
012675	NDA	004	ASPEN GLOBAL INC	HEXADROL	DEXAMETHASONE	7S5I7G3JQL	UREBDLICKHMUKA-CXSFZGCWSA-N	102	1962-04-20	AP	Discontinued	false	2026-08-28	2026-08-31	2026-08-31	2026-08-31
012675	NDA	007	ASPEN GLOBAL INC	HEXADROL	DEXAMETHASONE	7S5I7G3JQL	UREBDLICKHMUKA-CXSFZGCWSA-N	102	1962-04-20	AP	Discontinued	false	2026-08-28	2026-08-31	2026-08-31	2026-08-31
012675	NDA	009	ASPEN GLOBAL INC	HEXADROL	DEXAMETHASONE	7S5I7G3JQL	UREBDLICKHMUKA-CXSFZGCWSA-N	102	1962-04-20	AP	Discontinued	false	2026-08-28	2026-08-31	2026-08-31	2026-08-31
012675	NDA	010	ASPEN GLOBAL INC	HEXADROL	DEXAMETHASONE	7S5I7G3JQL	UREBDLICKHMUKA-CXSFZGCWSA-N	102	1962-04-20	AP	Discontinued	false	2026-08-28	2026-08-31	2026-08-31	2026-08-31
012731	NDA	002	MERCK	DECASPRAY	DEXAMETHASONE	7S5I7G3JQL	UREBDLICKHMUKA-CXSFZGCWSA-N	102	1961-03-29	AP	Discontinued	false	2026-08-28	2026-08-31	2026-08-31	2026-08-31
013422	NDA	001	HARROW EYE	MAXIDEX	DEXAMETHASONE	7S5I7G3JQL	UREBDLICKHMUKA-CXSFZGCWSA-N	102	1962-06-20	AP	Prescription	true	2026-08-28	2026-08-31	2026-08-31	2026-08-31
022315	NDA	001	ABBVIE	OZURDEX	DEXAMETHASONE	7S5I7G3JQL	UREBDLICKHMUKA-CXSFZGCWSA-N	102	2009-06-17	AP	Prescription	true	2026-08-28	2026-08-31	2026-08-31	2026-08-31
040700	ANDA	001	BAUSCH	DEXAMETHASONE	DEXAMETHASONE	7S5I7G3JQL	UREBDLICKHMUKA-CXSFZGCWSA-N	102	2008-08-15	AP	Discontinued	false	2026-08-28	2026-08-31	2026-08-31	2026-08-31
080399	ANDA	001	PRASCO	DEXAMETHASONE	DEXAMETHASONE	7S5I7G3JQL	UREBDLICKHMUKA-CXSFZGCWSA-N	102	1971-10-20	AP	Discontinued	false	2026-08-28	2026-08-31	2026-08-31	2026-08-31
080399	ANDA	002	PRASCO	DEXAMETHASONE	DEXAMETHASONE	7S5I7G3JQL	UREBDLICKHMUKA-CXSFZGCWSA-N	102	1971-10-20	AP	Prescription	true	2026-08-28	2026-08-31	2026-08-31	2026-08-31
080968	ANDA	001	WATSON LABS	DEXAMETHASONE	DEXAMETHASONE	7S5I7G3JQL	UREBDLICKHMUKA-CXSFZGCWSA-N	102	1973-05-03	AP	Discontinued	false	2026-08-28	2026-08-31	2026-08-31	2026-08-31
083420	ANDA	001	PVT FORM	DEXAMETHASONE	DEXAMETHASONE	7S5I7G3JQL	UREBDLICKHMUKA-CXSFZGCWSA-N	102	1976-09-01	AP	Discontinued	false	2026-08-28	2026-08-31	2026-08-31	2026-08-31
083806	ANDA	001	PHOENIX LABS NY	DEXAMETHASONE	DEXAMETHASONE	7S5I7G3JQL	UREBDLICKHMUKA-CXSFZGCWSA-N	102	1974-09-09	AP	Discontinued	false	2026-08-28	2026-08-31	2026-08-31	2026-08-31
084013	ANDA	001	SUN PHARM INDUSTRIES	DEXAMETHASONE	DEXAMETHASONE	7S5I7G3JQL	UREBDLICKHMUKA-CXSFZGCWSA-N	102	1974-06-21	AP	Discontinued	false	2026-08-28	2026-08-31	2026-08-31	2026-08-31
084081	ANDA	001	SUN PHARM INDUSTRIES	DEXAMETHASONE	DEXAMETHASONE	7S5I7G3JQL	UREBDLICKHMUKA-CXSFZGCWSA-N	102	1974-07-03	AP	Discontinued	false	2026-08-28	2026-08-31	2026-08-31	2026-08-31
084084	ANDA	001	SUN PHARM INDUSTRIES	DEXAMETHASONE	DEXAMETHASONE	7S5I7G3JQL	UREBDLICKHMUKA-CXSFZGCWSA-N	102	1974-07-10	AP	Discontinued	false	2026-08-28	2026-08-31	2026-08-31	2026-08-31
084086	ANDA	001	SUN PHARM INDUSTRIES	DEXAMETHASONE	DEXAMETHASONE	7S5I7G3JQL	UREBDLICKHMUKA-CXSFZGCWSA-N	102	1974-06-27	AP	Discontinued	false	2026-08-28	2026-08-31	2026-08-31	2026-08-31
084327	ANDA	001	WHITEWORTH TOWN PLSN	DEXAMETHASONE	DEXAMETHASONE	7S5I7G3JQL	UREBDLICKHMUKA-CXSFZGCWSA-N	102	1975-02-18	AP	Discontinued	false	2026-08-28	2026-08-31	2026-08-31	2026-08-31
084612	ANDA	001	HIKMA	DEXAMETHASONE	DEXAMETHASONE	7S5I7G3JQL	UREBDLICKHMUKA-CXSFZGCWSA-N	102	1978-07-19	AP	Prescription	true	2026-08-28	2026-08-31	2026-08-31	2026-08-31
084612	ANDA	002	HIKMA	DEXAMETHASONE	DEXAMETHASONE	7S5I7G3JQL	UREBDLICKHMUKA-CXSFZGCWSA-N	102	1978-07-19	AP	Prescription	true	2026-08-28	2026-08-31	2026-08-31	2026-08-31
084612	ANDA	003	HIKMA	DEXAMETHASONE	DEXAMETHASONE	7S5I7G3JQL	UREBDLICKHMUKA-CXSFZGCWSA-N	102	1978-07-19	AP	Prescription	true	2026-08-28	2026-08-31	2026-08-31	2026-08-31
084612	ANDA	004	HIKMA	DEXAMETHASONE	DEXAMETHASONE	7S5I7G3JQL	UREBDLICKHMUKA-CXSFZGCWSA-N	102	1978-07-19	AP	Prescription	true	2026-08-28	2026-08-31	2026-08-31	2026-08-31
084612	ANDA	005	HIKMA	DEXAMETHASONE	DEXAMETHASONE	7S5I7G3JQL	UREBDLICKHMUKA-CXSFZGCWSA-N	102	1978-07-19	AP	Prescription	true	2026-08-28	2026-08-31	2026-08-31	2026-08-31
084612	ANDA	006	HIKMA	DEXAMETHASONE	DEXAMETHASONE	7S5I7G3JQL	UREBDLICKHMUKA-CXSFZGCWSA-N	102	1978-07-19	AP	Prescription	true	2026-08-28	2026-08-31	2026-08-31	2026-08-31
084612	ANDA	007	HIKMA	DEXAMETHASONE	DEXAMETHASONE	7S5I7G3JQL	UREBDLICKHMUKA-CXSFZGCWSA-N	102	1978-07-19	AP	Prescription	true	2026-08-28	2026-08-31	2026-08-31	2026-08-31
084754	ANDA	001	KANCHAN HLTHCARE	DEXAMETHASONE	DEXAMETHASONE	7S5I7G3JQL	UREBDLICKHMUKA-CXSFZGCWSA-N	102	1976-09-21	AP	Prescription	true	2026-08-28	2026-08-31	2026-08-31	2026-08-31
084763	ANDA	001	SUN PHARM INDUSTRIES	DEXAMETHASONE	DEXAMETHASONE	7S5I7G3JQL	UREBDLICKHMUKA-CXSFZGCWSA-N	102	1978-03-23	AP	Discontinued	false	2026-08-28	2026-08-31	2026-08-31	2026-08-31
084764	ANDA	001	SUN PHARM INDUSTRIES	DEXAMETHASONE	DEXAMETHASONE	7S5I7G3JQL	UREBDLICKHMUKA-CXSFZGCWSA-N	102	1978-03-23	AP	Discontinued	false	2026-08-28	2026-08-31	2026-08-31	2026-08-31
084765	ANDA	001	SUN PHARM INDUSTRIES	DEXAMETHASONE	DEXAMETHASONE	7S5I7G3JQL	UREBDLICKHMUKA-CXSFZGCWSA-N	102	1978-03-23	AP	Discontinued	false	2026-08-28	2026-08-31	2026-08-31	2026-08-31
084766	ANDA	001	SUN PHARM INDUSTRIES	DEXAMETHASONE	DEXAMETHASONE	7S5I7G3JQL	UREBDLICKHMUKA-CXSFZGCWSA-N	102	1978-03-23	AP	Discontinued	false	2026-08-28	2026-08-31	2026-08-31	2026-08-31
084990	ANDA	001	SOLVAY	DEXONE 1.5	DEXAMETHASONE	7S5I7G3JQL	UREBDLICKHMUKA-CXSFZGCWSA-N	102	1975-12-18	AP	Discontinued	false	2026-08-28	2026-08-31	2026-08-31	2026-08-31
085455	ANDA	001	WATSON LABS	DEXAMETHASONE	DEXAMETHASONE	7S5I7G3JQL	UREBDLICKHMUKA-CXSFZGCWSA-N	102	1977-02-08	AP	Discontinued	false	2026-08-28	2026-08-31	2026-08-31	2026-08-31
085456	ANDA	001	CHARTWELL RX	DEXAMETHASONE	DEXAMETHASONE	7S5I7G3JQL	UREBDLICKHMUKA-CXSFZGCWSA-N	102	1977-02-08	AP	Discontinued	false	2026-08-28	2026-08-31	2026-08-31	2026-08-31
085458	ANDA	001	WATSON LABS	DEXAMETHASONE	DEXAMETHASONE	7S5I7G3JQL	UREBDLICKHMUKA-CXSFZGCWSA-N	102	1977-02-08	AP	Discontinued	false	2026-08-28	2026-08-31	2026-08-31	2026-08-31
085818	ANDA	001	WATSON LABS	DEXAMETHASONE	DEXAMETHASONE	7S5I7G3JQL	UREBDLICKHMUKA-CXSFZGCWSA-N	102	1977-10-21	AP	Discontinued	false	2026-08-28	2026-08-31	2026-08-31	2026-08-31
088149	ANDA	001	PANGEA	DEXAMETHASONE	DEXAMETHASONE	7S5I7G3JQL	UREBDLICKHMUKA-CXSFZGCWSA-N	102	1983-04-28	AP	Prescription	true	2026-08-28	2026-08-31	2026-08-31	2026-08-31
088237	ANDA	001	KEY THERAP	DEXAMETHASONE	DEXAMETHASONE	7S5I7G3JQL	UREBDLICKHMUKA-CXSFZGCWSA-N	102	1983-04-28	AP	Discontinued	false	2026-08-28	2026-08-31	2026-08-31	2026-08-31
088248	ANDA	001	HIKMA	DEXAMETHASONE	DEXAMETHASONE	7S5I7G3JQL	UREBDLICKHMUKA-CXSFZGCWSA-N	102	1983-09-01	AP	Prescription	true	2026-08-28	2026-08-31	2026-08-31	2026-08-31
088252	ANDA	001	HIKMA	DEXAMETHASONE INTENSOL	DEXAMETHASONE	7S5I7G3JQL	UREBDLICKHMUKA-CXSFZGCWSA-N	102	1983-09-01	AP	Prescription	true	2026-08-28	2026-08-31	2026-08-31	2026-08-31
088254	ANDA	001	PHARMOBEDIENT CNSLTG	DEXAMETHASONE	DEXAMETHASONE	7S5I7G3JQL	UREBDLICKHMUKA-CXSFZGCWSA-N	102	1983-07-27	AP	Discontinued	false	2026-08-28	2026-08-31	2026-08-31	2026-08-31
088316	ANDA	001	HIKMA	DEXAMETHASONE	DEXAMETHASONE	7S5I7G3JQL	UREBDLICKHMUKA-CXSFZGCWSA-N	102	1983-09-15	AP	Prescription	true	2026-08-28	2026-08-31	2026-08-31	2026-08-31
088481	ANDA	001	ALVOGEN	DEXAMETHASONE	DEXAMETHASONE	7S5I7G3JQL	UREBDLICKHMUKA-CXSFZGCWSA-N	102	1983-12-15	AP	Prescription	true	2026-08-28	2026-08-31	2026-08-31	2026-08-31
088481	ANDA	002	ALVOGEN	DEXAMETHASONE	DEXAMETHASONE	7S5I7G3JQL	UREBDLICKHMUKA-CXSFZGCWSA-N	102	1983-12-15	AP	Prescription	true	2026-08-28	2026-08-31	2026-08-31	2026-08-31
088481	ANDA	003	ALVOGEN	DEXAMETHASONE	DEXAMETHASONE	7S5I7G3JQL	UREBDLICKHMUKA-CXSFZGCWSA-N	102	1983-12-15	AP	Prescription	true	2026-08-28	2026-08-31	2026-08-31	2026-08-31
088481	ANDA	004	ALVOGEN	DEXAMETHASONE	DEXAMETHASONE	7S5I7G3JQL	UREBDLICKHMUKA-CXSFZGCWSA-N	102	1983-12-15	AP	Prescription	true	2026-08-28	2026-08-31	2026-08-31	2026-08-31
090891	ANDA	001	RISING	DEXAMETHASONE	DEXAMETHASONE	7S5I7G3JQL	UREBDLICKHMUKA-CXSFZGCWSA-N	102	2011-07-12	AP	Prescription	true	2026-08-28	2026-08-31	2026-08-31	2026-08-31
091188	ANDA	001	CHARTWELL MOLECULAR	DEXAMETHASONE	DEXAMETHASONE	7S5I7G3JQL	UREBDLICKHMUKA-CXSFZGCWSA-N	102	2011-05-11	AP	Prescription	true	2026-08-28	2026-08-31	2026-08-31	2026-08-31
201270	ANDA	001	PHARMOBEDIENT	DEXAMETHASONE	DEXAMETHASONE	7S5I7G3JQL	UREBDLICKHMUKA-CXSFZGCWSA-N	102	2017-07-17	AP	Prescription	true	2026-08-28	2026-08-31	2026-08-31	2026-08-31
208742	NDA	001	OCULAR THERAPEUTIX	DEXTENZA	DEXAMETHASONE	7S5I7G3JQL	UREBDLICKHMUKA-CXSFZGCWSA-N	102	2018-11-30	AP	Prescription	true	2026-08-28	2026-08-31	2026-08-31	2026-08-31
208912	NDA	001	EYEPOINT PHARMS	DEXYCU KIT	DEXAMETHASONE	7S5I7G3JQL	UREBDLICKHMUKA-CXSFZGCWSA-N	102	2018-02-09	AP	Discontinued	false	2026-08-28	2026-08-31	2026-08-31	2026-08-31
211379	NDA	001	DEXCEL	HEMADY	DEXAMETHASONE	7S5I7G3JQL	UREBDLICKHMUKA-CXSFZGCWSA-N	102	2019-10-03	AP	Prescription	true	2026-08-28	2026-08-31	2026-08-31	2026-08-31
215106	ANDA	001	AMNEAL	DEXAMETHASONE	DEXAMETHASONE	7S5I7G3JQL	UREBDLICKHMUKA-CXSFZGCWSA-N	102	2021-10-14	AP	Prescription	true	2026-08-28	2026-08-31	2026-08-31	2026-08-31
215106	ANDA	002	AMNEAL	DEXAMETHASONE	DEXAMETHASONE	7S5I7G3JQL	UREBDLICKHMUKA-CXSFZGCWSA-N	102	2021-10-14	AP	Prescription	true	2026-08-28	2026-08-31	2026-08-31	2026-08-31
215604	ANDA	001	NOVITIUM PHARMA	DEXAMETHASONE	DEXAMETHASONE	7S5I7G3JQL	UREBDLICKHMUKA-CXSFZGCWSA-N	102	2022-08-08	AP	Prescription	true	2026-08-28	2026-08-31	2026-08-31	2026-08-31
215604	ANDA	002	NOVITIUM PHARMA	DEXAMETHASONE	DEXAMETHASONE	7S5I7G3JQL	UREBDLICKHMUKA-CXSFZGCWSA-N	102	2022-08-08	AP	Prescription	true	2026-08-28	2026-08-31	2026-08-31	2026-08-31
215604	ANDA	003	NOVITIUM PHARMA	DEXAMETHASONE	DEXAMETHASONE	7S5I7G3JQL	UREBDLICKHMUKA-CXSFZGCWSA-N	102	2022-08-08	AP	Prescription	true	2026-08-28	2026-08-31	2026-08-31	2026-08-31
215604	ANDA	004	NOVITIUM PHARMA	DEXAMETHASONE	DEXAMETHASONE	7S5I7G3JQL	UREBDLICKHMUKA-CXSFZGCWSA-N	102	2022-08-08	AP	Prescription	true	2026-08-28	2026-08-31	2026-08-31	2026-08-31
215604	ANDA	005	NOVITIUM PHARMA	DEXAMETHASONE	DEXAMETHASONE	7S5I7G3JQL	UREBDLICKHMUKA-CXSFZGCWSA-N	102	2022-08-08	AP	Prescription	true	2026-08-28	2026-08-31	2026-08-31	2026-08-31
216282	ANDA	001	ZYDUS LIFESCIENCES	DEXAMETHASONE	DEXAMETHASONE	7S5I7G3JQL	UREBDLICKHMUKA-CXSFZGCWSA-N	102	2024-02-07	AP	Prescription	true	2026-08-28	2026-08-31	2026-08-31	2026-08-31
216282	ANDA	002	ZYDUS LIFESCIENCES	DEXAMETHASONE	DEXAMETHASONE	7S5I7G3JQL	UREBDLICKHMUKA-CXSFZGCWSA-N	102	2024-02-07	AP	Prescription	true	2026-08-28	2026-08-31	2026-08-31	2026-08-31
216282	ANDA	003	ZYDUS LIFESCIENCES	DEXAMETHASONE	DEXAMETHASONE	7S5I7G3JQL	UREBDLICKHMUKA-CXSFZGCWSA-N	102	2024-02-07	AP	Prescription	true	2026-08-28	2026-08-31	2026-08-31	2026-08-31
216282	ANDA	004	ZYDUS LIFESCIENCES	DEXAMETHASONE	DEXAMETHASONE	7S5I7G3JQL	UREBDLICKHMUKA-CXSFZGCWSA-N	102	2024-02-07	AP	Prescription	true	2026-08-28	2026-08-31	2026-08-31	2026-08-31
216282	ANDA	005	ZYDUS LIFESCIENCES	DEXAMETHASONE	DEXAMETHASONE	7S5I7G3JQL	UREBDLICKHMUKA-CXSFZGCWSA-N	102	2024-02-07	AP	Prescription	true	2026-08-28	2026-08-31	2026-08-31	2026-08-31
216283	ANDA	001	ZYDUS LIFESCIENCES	DEXAMETHASONE	DEXAMETHASONE	7S5I7G3JQL	UREBDLICKHMUKA-CXSFZGCWSA-N	102	2024-02-07	AP	Prescription	true	2026-08-28	2026-08-31	2026-08-31	2026-08-31
216284	ANDA	001	ZYDUS LIFESCIENCES	DEXAMETHASONE	DEXAMETHASONE	7S5I7G3JQL	UREBDLICKHMUKA-CXSFZGCWSA-N	102	2024-05-09	AP	Prescription	true	2026-08-28	2026-08-31	2026-08-31	2026-08-31
216295	ANDA	001	AMNEAL	DEXAMETHASONE	DEXAMETHASONE	7S5I7G3JQL	UREBDLICKHMUKA-CXSFZGCWSA-N	102	2022-09-08	AP	Prescription	true	2026-08-28	2026-08-31	2026-08-31	2026-08-31
217001	ANDA	001	BIONPHARMA	DEXAMETHASONE	DEXAMETHASONE	7S5I7G3JQL	UREBDLICKHMUKA-CXSFZGCWSA-N	102	2023-04-19	AP	Prescription	true	2026-08-28	2026-08-31	2026-08-31	2026-08-31
217001	ANDA	002	BIONPHARMA	DEXAMETHASONE	DEXAMETHASONE	7S5I7G3JQL	UREBDLICKHMUKA-CXSFZGCWSA-N	102	2023-04-19	AP	Prescription	true	2026-08-28	2026-08-31	2026-08-31	2026-08-31
217538	ANDA	001	BIONPHARMA	DEXAMETHASONE	DEXAMETHASONE	7S5I7G3JQL	UREBDLICKHMUKA-CXSFZGCWSA-N	102	2023-04-26	AP	Prescription	true	2026-08-28	2026-08-31	2026-08-31	2026-08-31
217695	ANDA	001	APOTEX	DEXAMETHASONE	DEXAMETHASONE	7S5I7G3JQL	UREBDLICKHMUKA-CXSFZGCWSA-N	102	2023-08-23	AP	Prescription	true	2026-08-28	2026-08-31	2026-08-31	2026-08-31
217695	ANDA	002	APOTEX	DEXAMETHASONE	DEXAMETHASONE	7S5I7G3JQL	UREBDLICKHMUKA-CXSFZGCWSA-N	102	2023-08-23	AP	Prescription	true	2026-08-28	2026-08-31	2026-08-31	2026-08-31
217695	ANDA	003	APOTEX	DEXAMETHASONE	DEXAMETHASONE	7S5I7G3JQL	UREBDLICKHMUKA-CXSFZGCWSA-N	102	2023-08-23	AP	Prescription	true	2026-08-28	2026-08-31	2026-08-31	2026-08-31
217695	ANDA	004	APOTEX	DEXAMETHASONE	DEXAMETHASONE	7S5I7G3JQL	UREBDLICKHMUKA-CXSFZGCWSA-N	102	2023-08-23	AP	Prescription	true	2026-08-28	2026-08-31	2026-08-31	2026-08-31
217695	ANDA	005	APOTEX	DEXAMETHASONE	DEXAMETHASONE	7S5I7G3JQL	UREBDLICKHMUKA-CXSFZGCWSA-N	102	2023-08-23	AP	Prescription	true	2026-08-28	2026-08-31	2026-08-31	2026-08-31
217695	ANDA	006	APOTEX	DEXAMETHASONE	DEXAMETHASONE	7S5I7G3JQL	UREBDLICKHMUKA-CXSFZGCWSA-N	102	2023-08-23	AP	Prescription	true	2026-08-28	2026-08-31	2026-08-31	2026-08-31
217695	ANDA	007	APOTEX	DEXAMETHASONE	DEXAMETHASONE	7S5I7G3JQL	UREBDLICKHMUKA-CXSFZGCWSA-N	102	2023-08-23	AP	Prescription	true	2026-08-28	2026-08-31	2026-08-31	2026-08-31
217696	ANDA	001	NOVITIUM PHARMA	DEXAMETHASONE	DEXAMETHASONE	7S5I7G3JQL	UREBDLICKHMUKA-CXSFZGCWSA-N	102	2023-05-09	AP	Prescription	true	2026-08-28	2026-08-31	2026-08-31	2026-08-31
218372	ANDA	001	COREPHARMA	DEXAMETHASONE	DEXAMETHASONE	7S5I7G3JQL	UREBDLICKHMUKA-CXSFZGCWSA-N	102	2024-09-17	AP	Prescription	true	2026-08-28	2026-08-31	2026-08-31	2026-08-31
218372	ANDA	002	COREPHARMA	DEXAMETHASONE	DEXAMETHASONE	7S5I7G3JQL	UREBDLICKHMUKA-CXSFZGCWSA-N	102	2024-09-17	AP	Prescription	true	2026-08-28	2026-08-31	2026-08-31	2026-08-31
218372	ANDA	003	COREPHARMA	DEXAMETHASONE	DEXAMETHASONE	7S5I7G3JQL	UREBDLICKHMUKA-CXSFZGCWSA-N	102	2024-09-17	AP	Prescription	true	2026-08-28	2026-08-31	2026-08-31	2026-08-31
218372	ANDA	004	COREPHARMA	DEXAMETHASONE	DEXAMETHASONE	7S5I7G3JQL	UREBDLICKHMUKA-CXSFZGCWSA-N	102	2024-09-17	AP	Prescription	true	2026-08-28	2026-08-31	2026-08-31	2026-08-31
218372	ANDA	005	COREPHARMA	DEXAMETHASONE	DEXAMETHASONE	7S5I7G3JQL	UREBDLICKHMUKA-CXSFZGCWSA-N	102	2024-09-17	AP	Prescription	true	2026-08-28	2026-08-31	2026-08-31	2026-08-31
218372	ANDA	006	COREPHARMA	DEXAMETHASONE	DEXAMETHASONE	7S5I7G3JQL	UREBDLICKHMUKA-CXSFZGCWSA-N	102	2024-09-17	AP	Prescription	true	2026-08-28	2026-08-31	2026-08-31	2026-08-31
218372	ANDA	007	COREPHARMA	DEXAMETHASONE	DEXAMETHASONE	7S5I7G3JQL	UREBDLICKHMUKA-CXSFZGCWSA-N	102	2024-09-17	AP	Prescription	true	2026-08-28	2026-08-31	2026-08-31	2026-08-31
008565	NDA	001	WYETH AYERST	THIOSULFIL	SULFAMETHIZOLE	25W8454H16	VACCAVUAMIDAGB-UHFFFAOYSA-N	24	1953-10-28	AP	Discontinued	false	2026-08-28	2026-08-31	2026-08-31	2026-08-31
008565	NDA	004	WYETH AYERST	THIOSULFIL	SULFAMETHIZOLE	25W8454H16	VACCAVUAMIDAGB-UHFFFAOYSA-N	24	1953-10-28	AP	Discontinued	false	2026-08-28	2026-08-31	2026-08-31	2026-08-31
012623	NDA	001	PFIZER	FLAGYL	METRONIDAZOLE	140QMO216E	VAOCPAMSLUNLGC-UHFFFAOYSA-N	70	1963-07-18	AP	Discontinued	false	2026-08-28	2026-08-31	2026-08-31	2026-08-31
012623	NDA	003	PFIZER	FLAGYL	METRONIDAZOLE	140QMO216E	VAOCPAMSLUNLGC-UHFFFAOYSA-N	70	1963-07-18	AP	Discontinued	false	2026-08-28	2026-08-31	2026-08-31	2026-08-31
018353	NDA	002	PFIZER	FLAGYL I.V. RTU IN PLASTIC CONTAINER	METRONIDAZOLE	140QMO216E	VAOCPAMSLUNLGC-UHFFFAOYSA-N	70	1980-11-28	AP	Discontinued	false	2026-08-28	2026-08-31	2026-08-31	2026-08-31
018517	NDA	001	IVAX SUB TEVA PHARMS	METRONIDAZOLE	METRONIDAZOLE	140QMO216E	VAOCPAMSLUNLGC-UHFFFAOYSA-N	70	1981-10-30	AP	Discontinued	false	2026-08-28	2026-08-31	2026-08-31	2026-08-31
018517	NDA	002	IVAX SUB TEVA PHARMS	METRONIDAZOLE	METRONIDAZOLE	140QMO216E	VAOCPAMSLUNLGC-UHFFFAOYSA-N	70	1981-10-30	AP	Discontinued	false	2026-08-28	2026-08-31	2026-08-31	2026-08-31
018620	NDA	001	FOSUN PHARMA	METRONIDAZOLE	METRONIDAZOLE	140QMO216E	VAOCPAMSLUNLGC-UHFFFAOYSA-N	70	1982-03-04	AP	Discontinued	false	2026-08-28	2026-08-31	2026-08-31	2026-08-31
018620	NDA	002	FOSUN PHARMA	METRONIDAZOLE	METRONIDAZOLE	140QMO216E	VAOCPAMSLUNLGC-UHFFFAOYSA-N	70	1982-03-04	AP	Discontinued	false	2026-08-28	2026-08-31	2026-08-31	2026-08-31
018657	NDA	001	BAXTER HLTHCARE	FLAGYL I.V. RTU IN PLASTIC CONTAINER	METRONIDAZOLE	140QMO216E	VAOCPAMSLUNLGC-UHFFFAOYSA-N	70	1981-12-24	AP	Prescription	true	2026-08-28	2026-08-31	2026-08-31	2026-08-31
018674	NDA	001	B BRAUN	METRO I.V.	METRONIDAZOLE	140QMO216E	VAOCPAMSLUNLGC-UHFFFAOYSA-N	70	1982-08-31	AP	Discontinued	false	2026-08-28	2026-08-31	2026-08-31	2026-08-31
018740	NDA	001	FOSUN PHARMA	METRONIDAZOLE	METRONIDAZOLE	140QMO216E	VAOCPAMSLUNLGC-UHFFFAOYSA-N	70	1982-10-22	AP	Discontinued	false	2026-08-28	2026-08-31	2026-08-31	2026-08-31
018740	NDA	002	FOSUN PHARMA	METRONIDAZOLE	METRONIDAZOLE	140QMO216E	VAOCPAMSLUNLGC-UHFFFAOYSA-N	70	1982-10-22	AP	Discontinued	false	2026-08-28	2026-08-31	2026-08-31	2026-08-31
018764	NDA	001	WATSON LABS	METRONIDAZOLE	METRONIDAZOLE	140QMO216E	VAOCPAMSLUNLGC-UHFFFAOYSA-N	70	1982-09-17	AP	Discontinued	false	2026-08-28	2026-08-31	2026-08-31	2026-08-31
018764	NDA	002	WATSON LABS	METRONIDAZOLE	METRONIDAZOLE	140QMO216E	VAOCPAMSLUNLGC-UHFFFAOYSA-N	70	1982-09-17	AP	Discontinued	false	2026-08-28	2026-08-31	2026-08-31	2026-08-31
018818	NDA	001	MUTUAL PHARM	METRONIDAZOLE	METRONIDAZOLE	140QMO216E	VAOCPAMSLUNLGC-UHFFFAOYSA-N	70	1983-02-16	AP	Discontinued	false	2026-08-28	2026-08-31	2026-08-31	2026-08-31
018818	NDA	002	MUTUAL PHARM	METRONIDAZOLE	METRONIDAZOLE	140QMO216E	VAOCPAMSLUNLGC-UHFFFAOYSA-N	70	1983-02-16	AP	Discontinued	false	2026-08-28	2026-08-31	2026-08-31	2026-08-31
018845	NDA	001	CHARTWELL MOLECULES	METRONIDAZOLE	METRONIDAZOLE	140QMO216E	VAOCPAMSLUNLGC-UHFFFAOYSA-N	70	1983-08-18	AP	Discontinued	false	2026-08-28	2026-08-31	2026-08-31	2026-08-31
018871	NDA	001	ORTHO MCNEIL PHARM	PROTOSTAT	METRONIDAZOLE	140QMO216E	VAOCPAMSLUNLGC-UHFFFAOYSA-N	70	1983-03-02	AP	Discontinued	false	2026-08-28	2026-08-31	2026-08-31	2026-08-31
018871	NDA	002	ORTHO MCNEIL PHARM	PROTOSTAT	METRONIDAZOLE	140QMO216E	VAOCPAMSLUNLGC-UHFFFAOYSA-N	70	1983-03-02	AP	Discontinued	false	2026-08-28	2026-08-31	2026-08-31	2026-08-31
018889	NDA	001	ABBOTT	METRONIDAZOLE	METRONIDAZOLE	140QMO216E	VAOCPAMSLUNLGC-UHFFFAOYSA-N	70	1983-11-18	AP	Discontinued	false	2026-08-28	2026-08-31	2026-08-31	2026-08-31
018890	NDA	002	HOSPIRA	METRONIDAZOLE IN PLASTIC CONTAINER	METRONIDAZOLE	140QMO216E	VAOCPAMSLUNLGC-UHFFFAOYSA-N	70	1983-11-18	AP	Prescription	true	2026-08-28	2026-08-31	2026-08-31	2026-08-31
018900	NDA	001	B BRAUN	METRO I.V. IN PLASTIC CONTAINER	METRONIDAZOLE	140QMO216E	VAOCPAMSLUNLGC-UHFFFAOYSA-N	70	1983-09-29	AP	Discontinued	false	2026-08-28	2026-08-31	2026-08-31	2026-08-31
018907	NDA	001	HIKMA	METRONIDAZOLE	METRONIDAZOLE	140QMO216E	VAOCPAMSLUNLGC-UHFFFAOYSA-N	70	1984-03-30	AP	Discontinued	false	2026-08-28	2026-08-31	2026-08-31	2026-08-31
018930	NDA	001	CHARTWELL MOLECULES	METRONIDAZOLE	METRONIDAZOLE	140QMO216E	VAOCPAMSLUNLGC-UHFFFAOYSA-N	70	1983-08-18	AP	Discontinued	false	2026-08-28	2026-08-31	2026-08-31	2026-08-31
019029	NDA	001	LNK	METRONIDAZOLE	METRONIDAZOLE	140QMO216E	VAOCPAMSLUNLGC-UHFFFAOYSA-N	70	1984-04-10	AP	Discontinued	false	2026-08-28	2026-08-31	2026-08-31	2026-08-31
019737	NDA	001	GALDERMA LABS LP	METROGEL	METRONIDAZOLE	140QMO216E	VAOCPAMSLUNLGC-UHFFFAOYSA-N	70	1988-11-22	AP	Discontinued	false	2026-08-28	2026-08-31	2026-08-31	2026-08-31
020208	NDA	001	BAUSCH	METROGEL-VAGINAL	METRONIDAZOLE	140QMO216E	VAOCPAMSLUNLGC-UHFFFAOYSA-N	70	1992-08-17	AP	Discontinued	false	2026-08-28	2026-08-31	2026-08-31	2026-08-31
020334	NDA	001	PFIZER	FLAGYL	METRONIDAZOLE	140QMO216E	VAOCPAMSLUNLGC-UHFFFAOYSA-N	70	1995-05-03	AP	Prescription	true	2026-08-28	2026-08-31	2026-08-31	2026-08-31
020531	NDA	001	GALDERMA LABS LP	METROCREAM	METRONIDAZOLE	140QMO216E	VAOCPAMSLUNLGC-UHFFFAOYSA-N	70	1995-09-20	AP	Prescription	true	2026-08-28	2026-08-31	2026-08-31	2026-08-31
020743	NDA	001	BAUSCH	NORITATE	METRONIDAZOLE	140QMO216E	VAOCPAMSLUNLGC-UHFFFAOYSA-N	70	1997-09-26	AP	Prescription	true	2026-08-28	2026-08-31	2026-08-31	2026-08-31
020868	NDA	001	PFIZER	FLAGYL ER	METRONIDAZOLE	140QMO216E	VAOCPAMSLUNLGC-UHFFFAOYSA-N	70	1997-11-26	AP	Discontinued	false	2026-08-28	2026-08-31	2026-08-31	2026-08-31
020901	NDA	001	GALDERMA LABS LP	METROLOTION	METRONIDAZOLE	140QMO216E	VAOCPAMSLUNLGC-UHFFFAOYSA-N	70	1998-11-24	AP	Prescription	true	2026-08-28	2026-08-31	2026-08-31	2026-08-31
021789	NDA	001	GALDERMA LABS LP	METROGEL	METRONIDAZOLE	140QMO216E	VAOCPAMSLUNLGC-UHFFFAOYSA-N	70	2005-06-30	AP	Prescription	true	2026-08-28	2026-08-31	2026-08-31	2026-08-31
021806	NDA	001	TEVA PHARMS	VANDAZOLE	METRONIDAZOLE	140QMO216E	VAOCPAMSLUNLGC-UHFFFAOYSA-N	70	2005-05-20	AP	Prescription	true	2026-08-28	2026-08-31	2026-08-31	2026-08-31
070008	ANDA	001	SUPERPHARM	METRONIDAZOLE	METRONIDAZOLE	140QMO216E	VAOCPAMSLUNLGC-UHFFFAOYSA-N	70	1984-12-11	AP	Discontinued	false	2026-08-28	2026-08-31	2026-08-31	2026-08-31
070009	ANDA	001	SUPERPHARM	METRONIDAZOLE	METRONIDAZOLE	140QMO216E	VAOCPAMSLUNLGC-UHFFFAOYSA-N	70	1984-12-11	AP	Discontinued	false	2026-08-28	2026-08-31	2026-08-31	2026-08-31
070027	ANDA	001	TEVA PHARMS USA	METRONIDAZOLE	METRONIDAZOLE	140QMO216E	VAOCPAMSLUNLGC-UHFFFAOYSA-N	70	1984-12-06	AP	Prescription	true	2026-08-28	2026-08-31	2026-08-31	2026-08-31
070033	ANDA	001	PLIVA	METRONIDAZOLE	METRONIDAZOLE	140QMO216E	VAOCPAMSLUNLGC-UHFFFAOYSA-N	70	1984-12-06	AP	Prescription	true	2026-08-28	2026-08-31	2026-08-31	2026-08-31
070035	ANDA	001	WATSON LABS	METRONIDAZOLE	METRONIDAZOLE	140QMO216E	VAOCPAMSLUNLGC-UHFFFAOYSA-N	70	1984-12-20	AP	Prescription	true	2026-08-28	2026-08-31	2026-08-31	2026-08-31
070039	ANDA	001	STRIDES PHARMA	METRONIDAZOLE	METRONIDAZOLE	140QMO216E	VAOCPAMSLUNLGC-UHFFFAOYSA-N	70	1985-01-29	AP	Discontinued	false	2026-08-28	2026-08-31	2026-08-31	2026-08-31
070040	ANDA	001	STRIDES PHARMA	METRONIDAZOLE	METRONIDAZOLE	140QMO216E	VAOCPAMSLUNLGC-UHFFFAOYSA-N	70	1985-01-29	AP	Discontinued	false	2026-08-28	2026-08-31	2026-08-31	2026-08-31
070044	ANDA	001	WATSON LABS INC	METRONIDAZOLE	METRONIDAZOLE	140QMO216E	VAOCPAMSLUNLGC-UHFFFAOYSA-N	70	1985-02-08	AP	Prescription	true	2026-08-28	2026-08-31	2026-08-31	2026-08-31
070772	ANDA	001	INNOGENIX	METRONIDAZOLE	METRONIDAZOLE	140QMO216E	VAOCPAMSLUNLGC-UHFFFAOYSA-N	70	1986-07-16	AP	Prescription	true	2026-08-28	2026-08-31	2026-08-31	2026-08-31
070772	ANDA	002	INNOGENIX	METRONIDAZOLE	METRONIDAZOLE	140QMO216E	VAOCPAMSLUNLGC-UHFFFAOYSA-N	70	1986-07-16	AP	Prescription	true	2026-08-28	2026-08-31	2026-08-31	2026-08-31
070772	ANDA	003	INNOGENIX	METRONIDAZOLE	METRONIDAZOLE	140QMO216E	VAOCPAMSLUNLGC-UHFFFAOYSA-N	70	1986-07-16	AP	Prescription	true	2026-08-28	2026-08-31	2026-08-31	2026-08-31
074523	ANDA	001	LABS AF	METROMIDOL	METRONIDAZOLE	140QMO216E	VAOCPAMSLUNLGC-UHFFFAOYSA-N	70	1996-10-24	AP	Discontinued	false	2026-08-28	2026-08-31	2026-08-31	2026-08-31
074523	ANDA	002	LABS AF	METROMIDOL	METRONIDAZOLE	140QMO216E	VAOCPAMSLUNLGC-UHFFFAOYSA-N	70	1996-10-24	AP	Discontinued	false	2026-08-28	2026-08-31	2026-08-31	2026-08-31
076408	ANDA	001	FOUGERA PHARMS	METRONIDAZOLE	METRONIDAZOLE	140QMO216E	VAOCPAMSLUNLGC-UHFFFAOYSA-N	70	2004-05-28	AP	Prescription	true	2026-08-28	2026-08-31	2026-08-31	2026-08-31
076462	ANDA	001	ABLE	METRONIDAZOLE	METRONIDAZOLE	140QMO216E	VAOCPAMSLUNLGC-UHFFFAOYSA-N	70	2003-06-25	AP	Discontinued	false	2026-08-28	2026-08-31	2026-08-31	2026-08-31
076505	ANDA	001	ABLE	METRONIDAZOLE	METRONIDAZOLE	140QMO216E	VAOCPAMSLUNLGC-UHFFFAOYSA-N	70	2003-11-13	AP	Discontinued	false	2026-08-28	2026-08-31	2026-08-31	2026-08-31
076519	ANDA	001	ABLE	METRONIDAZOLE	METRONIDAZOLE	140QMO216E	VAOCPAMSLUNLGC-UHFFFAOYSA-N	70	2003-06-27	AP	Discontinued	false	2026-08-28	2026-08-31	2026-08-31	2026-08-31
076519	ANDA	002	ABLE	METRONIDAZOLE	METRONIDAZOLE	140QMO216E	VAOCPAMSLUNLGC-UHFFFAOYSA-N	70	2003-06-27	AP	Discontinued	false	2026-08-28	2026-08-31	2026-08-31	2026-08-31
076522	ANDA	001	CHARTWELL RX	METRONIDAZOLE	METRONIDAZOLE	140QMO216E	VAOCPAMSLUNLGC-UHFFFAOYSA-N	70	2004-01-29	AP	Prescription	true	2026-08-28	2026-08-31	2026-08-31	2026-08-31
077018	ANDA	001	FOUGERA PHARMS	METRONIDAZOLE	METRONIDAZOLE	140QMO216E	VAOCPAMSLUNLGC-UHFFFAOYSA-N	70	2006-06-06	AP	Prescription	true	2026-08-28	2026-08-31	2026-08-31	2026-08-31
077197	ANDA	001	FOUGERA PHARMS	METRONIDAZOLE	METRONIDAZOLE	140QMO216E	VAOCPAMSLUNLGC-UHFFFAOYSA-N	70	2006-05-24	AP	Prescription	true	2026-08-28	2026-08-31	2026-08-31	2026-08-31
077264	ANDA	001	ENCUBE	METRONIDAZOLE	METRONIDAZOLE	140QMO216E	VAOCPAMSLUNLGC-UHFFFAOYSA-N	70	2006-10-31	AP	Discontinued	false	2026-08-28	2026-08-31	2026-08-31	2026-08-31
077547	ANDA	001	ENCUBE	METRONIDAZOLE	METRONIDAZOLE	140QMO216E	VAOCPAMSLUNLGC-UHFFFAOYSA-N	70	2006-07-13	AP	Prescription	true	2026-08-28	2026-08-31	2026-08-31	2026-08-31
077549	ANDA	001	COSETTE PHARMS NC	METRONIDAZOLE	METRONIDAZOLE	140QMO216E	VAOCPAMSLUNLGC-UHFFFAOYSA-N	70	2007-12-19	AP	Prescription	true	2026-08-28	2026-08-31	2026-08-31	2026-08-31
077819	ANDA	001	TARO	METRONIDAZOLE	METRONIDAZOLE	140QMO216E	VAOCPAMSLUNLGC-UHFFFAOYSA-N	70	2006-07-18	AP	Prescription	true	2026-08-28	2026-08-31	2026-08-31	2026-08-31
078084	ANDA	001	BAXTER HLTHCARE CORP	METRONIDAZOLE IN PLASTIC CONTAINER	METRONIDAZOLE	140QMO216E	VAOCPAMSLUNLGC-UHFFFAOYSA-N	70	2008-03-31	AP	Discontinued	false	2026-08-28	2026-08-31	2026-08-31	2026-08-31
078178	ANDA	001	COSETTE PHARMS NC	METRONIDAZOLE	METRONIDAZOLE	140QMO216E	VAOCPAMSLUNLGC-UHFFFAOYSA-N	70	2011-01-19	AP	Prescription	true	2026-08-28	2026-08-31	2026-08-31	2026-08-31
079065	ANDA	001	ALEMBIC	METRONIDAZOLE	METRONIDAZOLE	140QMO216E	VAOCPAMSLUNLGC-UHFFFAOYSA-N	70	2009-06-23	AP	Prescription	true	2026-08-28	2026-08-31	2026-08-31	2026-08-31
079067	ANDA	001	ALEMBIC PHARMS LTD	METRONIDAZOLE	METRONIDAZOLE	140QMO216E	VAOCPAMSLUNLGC-UHFFFAOYSA-N	70	2009-03-13	AP	Prescription	true	2026-08-28	2026-08-31	2026-08-31	2026-08-31
079067	ANDA	002	ALEMBIC PHARMS LTD	METRONIDAZOLE	METRONIDAZOLE	140QMO216E	VAOCPAMSLUNLGC-UHFFFAOYSA-N	70	2009-03-13	AP	Prescription	true	2026-08-28	2026-08-31	2026-08-31	2026-08-31
090222	ANDA	001	ALEMBIC	METRONIDAZOLE	METRONIDAZOLE	140QMO216E	VAOCPAMSLUNLGC-UHFFFAOYSA-N	70	2010-05-05	AP	Discontinued	false	2026-08-28	2026-08-31	2026-08-31	2026-08-31
090903	ANDA	001	CHARTWELL RX	METRONIDAZOLE	METRONIDAZOLE	140QMO216E	VAOCPAMSLUNLGC-UHFFFAOYSA-N	70	2011-07-22	AP	Discontinued	false	2026-08-28	2026-08-31	2026-08-31	2026-08-31
203458	ANDA	001	UNICHEM	METRONIDAZOLE	METRONIDAZOLE	140QMO216E	VAOCPAMSLUNLGC-UHFFFAOYSA-N	70	2014-01-22	AP	Prescription	true	2026-08-28	2026-08-31	2026-08-31	2026-08-31
203458	ANDA	002	UNICHEM	METRONIDAZOLE	METRONIDAZOLE	140QMO216E	VAOCPAMSLUNLGC-UHFFFAOYSA-N	70	2014-01-22	AP	Prescription	true	2026-08-28	2026-08-31	2026-08-31	2026-08-31
203974	ANDA	001	AUROBINDO PHARMA LTD	METRONIDAZOLE	METRONIDAZOLE	140QMO216E	VAOCPAMSLUNLGC-UHFFFAOYSA-N	70	2015-05-29	AP	Prescription	true	2026-08-28	2026-08-31	2026-08-31	2026-08-31
203974	ANDA	002	AUROBINDO PHARMA LTD	METRONIDAZOLE	METRONIDAZOLE	140QMO216E	VAOCPAMSLUNLGC-UHFFFAOYSA-N	70	2015-05-29	AP	Prescription	true	2026-08-28	2026-08-31	2026-08-31	2026-08-31
204651	ANDA	001	TARO	METRONIDAZOLE	METRONIDAZOLE	140QMO216E	VAOCPAMSLUNLGC-UHFFFAOYSA-N	70	2017-03-14	AP	Prescription	true	2026-08-28	2026-08-31	2026-08-31	2026-08-31
205223	NDA	001	ALEMBIC THERAP	NUVESSA	METRONIDAZOLE	140QMO216E	VAOCPAMSLUNLGC-UHFFFAOYSA-N	70	2014-03-24	AP	Prescription	true	2026-08-28	2026-08-31	2026-08-31	2026-08-31
205245	ANDA	001	SOMERSET THERAPS LLC	METRONIDAZOLE	METRONIDAZOLE	140QMO216E	VAOCPAMSLUNLGC-UHFFFAOYSA-N	70	2015-09-23	AP	Prescription	true	2026-08-28	2026-08-31	2026-08-31	2026-08-31
205245	ANDA	002	SOMERSET THERAPS LLC	METRONIDAZOLE	METRONIDAZOLE	140QMO216E	VAOCPAMSLUNLGC-UHFFFAOYSA-N	70	2015-09-23	AP	Prescription	true	2026-08-28	2026-08-31	2026-08-31	2026-08-31
205531	ANDA	001	RISING	METRONIDAZOLE IN PLASTIC CONTAINER	METRONIDAZOLE	140QMO216E	VAOCPAMSLUNLGC-UHFFFAOYSA-N	70	2017-05-09	AP	Discontinued	false	2026-08-28	2026-08-31	2026-08-31	2026-08-31
206191	ANDA	001	INFORLIFE	METRONIDAZOLE IN PLASTIC CONTAINER	METRONIDAZOLE	140QMO216E	VAOCPAMSLUNLGC-UHFFFAOYSA-N	70	2019-02-25	AP	Prescription	true	2026-08-28	2026-08-31	2026-08-31	2026-08-31
206560	ANDA	001	CADILA	METRONIDAZOLE	METRONIDAZOLE	140QMO216E	VAOCPAMSLUNLGC-UHFFFAOYSA-N	70	2016-11-16	AP	Prescription	true	2026-08-28	2026-08-31	2026-08-31	2026-08-31
206560	ANDA	002	CADILA	METRONIDAZOLE	METRONIDAZOLE	140QMO216E	VAOCPAMSLUNLGC-UHFFFAOYSA-N	70	2016-11-16	AP	Prescription	true	2026-08-28	2026-08-31	2026-08-31	2026-08-31
207309	ANDA	001	FLAMINGO PHARMS	METRONIDAZOLE	METRONIDAZOLE	140QMO216E	VAOCPAMSLUNLGC-UHFFFAOYSA-N	70	2016-05-16	AP	Discontinued	false	2026-08-28	2026-08-31	2026-08-31	2026-08-31
207309	ANDA	002	FLAMINGO PHARMS	METRONIDAZOLE	METRONIDAZOLE	140QMO216E	VAOCPAMSLUNLGC-UHFFFAOYSA-N	70	2016-05-16	AP	Discontinued	false	2026-08-28	2026-08-31	2026-08-31	2026-08-31
208162	ANDA	001	NOVITIUM PHARMA	METRONIDAZOLE	METRONIDAZOLE	140QMO216E	VAOCPAMSLUNLGC-UHFFFAOYSA-N	70	2016-05-25	AP	Prescription	true	2026-08-28	2026-08-31	2026-08-31	2026-08-31
208162	ANDA	002	NOVITIUM PHARMA	METRONIDAZOLE	METRONIDAZOLE	140QMO216E	VAOCPAMSLUNLGC-UHFFFAOYSA-N	70	2016-05-25	AP	Prescription	true	2026-08-28	2026-08-31	2026-08-31	2026-08-31
208681	ANDA	001	ALEMBIC	METRONIDAZOLE	METRONIDAZOLE	140QMO216E	VAOCPAMSLUNLGC-UHFFFAOYSA-N	70	2017-06-20	AP	Prescription	true	2026-08-28	2026-08-31	2026-08-31	2026-08-31
208681	ANDA	002	ALEMBIC	METRONIDAZOLE	METRONIDAZOLE	140QMO216E	VAOCPAMSLUNLGC-UHFFFAOYSA-N	70	2017-06-20	AP	Prescription	true	2026-08-28	2026-08-31	2026-08-31	2026-08-31
209096	ANDA	001	LUPIN	METRONIDAZOLE	METRONIDAZOLE	140QMO216E	VAOCPAMSLUNLGC-UHFFFAOYSA-N	70	2017-09-12	AP	Discontinued	false	2026-08-28	2026-08-31	2026-08-31	2026-08-31
209096	ANDA	002	LUPIN	METRONIDAZOLE	METRONIDAZOLE	140QMO216E	VAOCPAMSLUNLGC-UHFFFAOYSA-N	70	2017-09-12	AP	Discontinued	false	2026-08-28	2026-08-31	2026-08-31	2026-08-31
209794	ANDA	001	CADILA PHARMS LTD	METRONIDAZOLE	METRONIDAZOLE	140QMO216E	VAOCPAMSLUNLGC-UHFFFAOYSA-N	70	2017-12-12	AP	Prescription	true	2026-08-28	2026-08-31	2026-08-31	2026-08-31
209794	ANDA	002	CADILA PHARMS LTD	METRONIDAZOLE	METRONIDAZOLE	140QMO216E	VAOCPAMSLUNLGC-UHFFFAOYSA-N	70	2017-12-12	AP	Prescription	true	2026-08-28	2026-08-31	2026-08-31	2026-08-31
211786	ANDA	001	PADAGIS ISRAEL	METRONIDAZOLE	METRONIDAZOLE	140QMO216E	VAOCPAMSLUNLGC-UHFFFAOYSA-N	70	2019-07-02	AP	Prescription	true	2026-08-28	2026-08-31	2026-08-31	2026-08-31
212435	ANDA	001	GLAND	METRONIDAZOLE IN PLASTIC CONTAINER	METRONIDAZOLE	140QMO216E	VAOCPAMSLUNLGC-UHFFFAOYSA-N	70	2020-08-03	AP	Prescription	true	2026-08-28	2026-08-31	2026-08-31	2026-08-31
212646	ANDA	001	ALEMBIC	METRONIDAZOLE	METRONIDAZOLE	140QMO216E	VAOCPAMSLUNLGC-UHFFFAOYSA-N	70	2021-09-03	AP	Prescription	true	2026-08-28	2026-08-31	2026-08-31	2026-08-31
213648	ANDA	001	SOLARIS PHARMA CORP	METRONIDAZOLE	METRONIDAZOLE	140QMO216E	VAOCPAMSLUNLGC-UHFFFAOYSA-N	70	2021-10-14	AP	Prescription	true	2026-08-28	2026-08-31	2026-08-31	2026-08-31
215610	ANDA	001	ENCUBE	METRONIDAZOLE	METRONIDAZOLE	140QMO216E	VAOCPAMSLUNLGC-UHFFFAOYSA-N	70	2023-06-16	AP	Prescription	true	2026-08-28	2026-08-31	2026-08-31	2026-08-31
215794	ANDA	001	GLENMARK PHARMS LTD	METRONIDAZOLE	METRONIDAZOLE	140QMO216E	VAOCPAMSLUNLGC-UHFFFAOYSA-N	70	2022-01-27	AP	Prescription	true	2026-08-28	2026-08-31	2026-08-31	2026-08-31
216323	ANDA	001	COSETTE PHARMS NC	METRONIDAZOLE	METRONIDAZOLE	140QMO216E	VAOCPAMSLUNLGC-UHFFFAOYSA-N	70	2023-07-12	AP	Prescription	true	2026-08-28	2026-08-31	2026-08-31	2026-08-31
216692	ANDA	001	COSETTE PHARMS NC	METRONIDAZOLE	METRONIDAZOLE	140QMO216E	VAOCPAMSLUNLGC-UHFFFAOYSA-N	70	2023-01-23	AP	Prescription	true	2026-08-28	2026-08-31	2026-08-31	2026-08-31
216750	ANDA	001	SCIEGEN PHARMS	METRONIDAZOLE	METRONIDAZOLE	140QMO216E	VAOCPAMSLUNLGC-UHFFFAOYSA-N	70	2024-12-31	AP	Prescription	true	2026-08-28	2026-08-31	2026-08-31	2026-08-31
216755	NDA	001	SAPTALIS PHARMS	LIKMEZ	METRONIDAZOLE	140QMO216E	VAOCPAMSLUNLGC-UHFFFAOYSA-N	70	2023-09-22	AP	Prescription	true	2026-08-28	2026-08-31	2026-08-31	2026-08-31
216795	ANDA	001	ENCUBE	METRONIDAZOLE	METRONIDAZOLE	140QMO216E	VAOCPAMSLUNLGC-UHFFFAOYSA-N	70	2024-03-18	AP	Discontinued	false	2026-08-28	2026-08-31	2026-08-31	2026-08-31
217128	ANDA	001	ZYDUS LIFESCIENCES	METRONIDAZOLE	METRONIDAZOLE	140QMO216E	VAOCPAMSLUNLGC-UHFFFAOYSA-N	70	2023-04-21	AP	Prescription	true	2026-08-28	2026-08-31	2026-08-31	2026-08-31
217665	ANDA	001	AMNEAL	METRONIDAZOLE IN PLASTIC CONTAINER	METRONIDAZOLE	140QMO216E	VAOCPAMSLUNLGC-UHFFFAOYSA-N	70	2023-05-24	AP	Prescription	true	2026-08-28	2026-08-31	2026-08-31	2026-08-31
218941	ANDA	001	AUROBINDO PHARMA LTD	METRONIDAZOLE	METRONIDAZOLE	140QMO216E	VAOCPAMSLUNLGC-UHFFFAOYSA-N	70	2024-10-15	AP	Prescription	true	2026-08-28	2026-08-31	2026-08-31	2026-08-31
219295	ANDA	001	AUROBINDO PHARMA LTD	METRONIDAZOLE	METRONIDAZOLE	140QMO216E	VAOCPAMSLUNLGC-UHFFFAOYSA-N	70	2025-07-09	AP	Prescription	true	2026-08-28	2026-08-31	2026-08-31	2026-08-31
220095	ANDA	001	ZYDUS LIFESCIENCES	METRONIDAZOLE	METRONIDAZOLE	140QMO216E	VAOCPAMSLUNLGC-UHFFFAOYSA-N	70	2026-02-13	AP	Prescription	true	2026-08-28	2026-08-31	2026-08-31	2026-08-31
021356	NDA	001	GILEAD SCIENCES INC	VIREAD	TENOFOVIR DISOPROXIL FUMARATE	OTT9J7900I	VCMJCVGFSROFHV-WZGZYPNHSA-N	67	2001-10-26	AP	Prescription	true	2026-08-28	2026-08-31	2026-08-31	2026-08-31
021356	NDA	002	GILEAD SCIENCES INC	VIREAD	TENOFOVIR DISOPROXIL FUMARATE	OTT9J7900I	VCMJCVGFSROFHV-WZGZYPNHSA-N	67	2001-10-26	AP	Prescription	true	2026-08-28	2026-08-31	2026-08-31	2026-08-31
021356	NDA	003	GILEAD SCIENCES INC	VIREAD	TENOFOVIR DISOPROXIL FUMARATE	OTT9J7900I	VCMJCVGFSROFHV-WZGZYPNHSA-N	67	2001-10-26	AP	Prescription	true	2026-08-28	2026-08-31	2026-08-31	2026-08-31
021356	NDA	004	GILEAD SCIENCES INC	VIREAD	TENOFOVIR DISOPROXIL FUMARATE	OTT9J7900I	VCMJCVGFSROFHV-WZGZYPNHSA-N	67	2001-10-26	AP	Prescription	true	2026-08-28	2026-08-31	2026-08-31	2026-08-31
022577	NDA	001	GILEAD SCIENCES INC	VIREAD	TENOFOVIR DISOPROXIL FUMARATE	OTT9J7900I	VCMJCVGFSROFHV-WZGZYPNHSA-N	67	2012-01-18	AP	Prescription	true	2026-08-28	2026-08-31	2026-08-31	2026-08-31
078800	ANDA	001	CIPLA	TENOFOVIR DISOPROXIL FUMARATE	TENOFOVIR DISOPROXIL FUMARATE	OTT9J7900I	VCMJCVGFSROFHV-WZGZYPNHSA-N	67	2018-01-26	AP	Prescription	true	2026-08-28	2026-08-31	2026-08-31	2026-08-31
079071	ANDA	001	PHARMOBEDIENT	TENOFOVIR DISOPROXIL FUMARATE	TENOFOVIR DISOPROXIL FUMARATE	OTT9J7900I	VCMJCVGFSROFHV-WZGZYPNHSA-N	67	2024-02-29	AP	Prescription	true	2026-08-28	2026-08-31	2026-08-31	2026-08-31
090636	ANDA	001	HETERO LABS LTD III	TENOFOVIR DISOPROXIL FUMARATE	TENOFOVIR DISOPROXIL FUMARATE	OTT9J7900I	VCMJCVGFSROFHV-WZGZYPNHSA-N	67	2018-01-26	AP	Prescription	true	2026-08-28	2026-08-31	2026-08-31	2026-08-31
090647	ANDA	001	AUROBINDO PHARMA	TENOFOVIR DISOPROXIL FUMARATE	TENOFOVIR DISOPROXIL FUMARATE	OTT9J7900I	VCMJCVGFSROFHV-WZGZYPNHSA-N	67	2018-01-26	AP	Prescription	true	2026-08-28	2026-08-31	2026-08-31	2026-08-31
090647	ANDA	002	AUROBINDO PHARMA	TENOFOVIR DISOPROXIL FUMARATE	TENOFOVIR DISOPROXIL FUMARATE	OTT9J7900I	VCMJCVGFSROFHV-WZGZYPNHSA-N	67	2018-01-26	AP	Prescription	true	2026-08-28	2026-08-31	2026-08-31	2026-08-31
090647	ANDA	003	AUROBINDO PHARMA	TENOFOVIR DISOPROXIL FUMARATE	TENOFOVIR DISOPROXIL FUMARATE	OTT9J7900I	VCMJCVGFSROFHV-WZGZYPNHSA-N	67	2018-01-26	AP	Prescription	true	2026-08-28	2026-08-31	2026-08-31	2026-08-31
090647	ANDA	004	AUROBINDO PHARMA	TENOFOVIR DISOPROXIL FUMARATE	TENOFOVIR DISOPROXIL FUMARATE	OTT9J7900I	VCMJCVGFSROFHV-WZGZYPNHSA-N	67	2018-01-26	AP	Prescription	true	2026-08-28	2026-08-31	2026-08-31	2026-08-31
090742	ANDA	001	STRIDES PHARMA	TENOFOVIR DISOPROXIL FUMARATE	TENOFOVIR DISOPROXIL FUMARATE	OTT9J7900I	VCMJCVGFSROFHV-WZGZYPNHSA-N	67	2018-01-26	AP	Prescription	true	2026-08-28	2026-08-31	2026-08-31	2026-08-31
091612	ANDA	001	TEVA PHARMS USA	TENOFOVIR DISOPROXIL FUMARATE	TENOFOVIR DISOPROXIL FUMARATE	OTT9J7900I	VCMJCVGFSROFHV-WZGZYPNHSA-N	67	2015-03-18	AP	Prescription	true	2026-08-28	2026-08-31	2026-08-31	2026-08-31
091612	ANDA	002	TEVA PHARMS USA	TENOFOVIR DISOPROXIL FUMARATE	TENOFOVIR DISOPROXIL FUMARATE	OTT9J7900I	VCMJCVGFSROFHV-WZGZYPNHSA-N	67	2015-03-18	AP	Prescription	true	2026-08-28	2026-08-31	2026-08-31	2026-08-31
091612	ANDA	003	TEVA PHARMS USA	TENOFOVIR DISOPROXIL FUMARATE	TENOFOVIR DISOPROXIL FUMARATE	OTT9J7900I	VCMJCVGFSROFHV-WZGZYPNHSA-N	67	2015-03-18	AP	Prescription	true	2026-08-28	2026-08-31	2026-08-31	2026-08-31
091612	ANDA	004	TEVA PHARMS USA	TENOFOVIR DISOPROXIL FUMARATE	TENOFOVIR DISOPROXIL FUMARATE	OTT9J7900I	VCMJCVGFSROFHV-WZGZYPNHSA-N	67	2015-03-18	AP	Prescription	true	2026-08-28	2026-08-31	2026-08-31	2026-08-31
203232	ANDA	001	MACLEODS PHARMS	TENOFOVIR DISOPROXIL FUMARATE	TENOFOVIR DISOPROXIL FUMARATE	OTT9J7900I	VCMJCVGFSROFHV-WZGZYPNHSA-N	67	2018-01-26	AP	Prescription	true	2026-08-28	2026-08-31	2026-08-31	2026-08-31
206157	ANDA	001	MICRO LABS	TENOFOVIR DISOPROXIL FUMARATE	TENOFOVIR DISOPROXIL FUMARATE	OTT9J7900I	VCMJCVGFSROFHV-WZGZYPNHSA-N	67	2025-12-18	AP	Prescription	true	2026-08-28	2026-08-31	2026-08-31	2026-08-31
206481	ANDA	001	CHARTWELL	TENOFOVIR DISOPROXIL FUMARATE	TENOFOVIR DISOPROXIL FUMARATE	OTT9J7900I	VCMJCVGFSROFHV-WZGZYPNHSA-N	67	2018-07-31	AP	Prescription	true	2026-08-28	2026-08-31	2026-08-31	2026-08-31
206569	ANDA	001	PHARMOBEDIENT	TENOFOVIR DISOPROXIL FUMARATE	TENOFOVIR DISOPROXIL FUMARATE	OTT9J7900I	VCMJCVGFSROFHV-WZGZYPNHSA-N	67	2018-11-27	AP	Discontinued	false	2026-08-28	2026-08-31	2026-08-31	2026-08-31
206569	ANDA	002	PHARMOBEDIENT	TENOFOVIR DISOPROXIL FUMARATE	TENOFOVIR DISOPROXIL FUMARATE	OTT9J7900I	VCMJCVGFSROFHV-WZGZYPNHSA-N	67	2018-11-27	AP	Discontinued	false	2026-08-28	2026-08-31	2026-08-31	2026-08-31
206569	ANDA	003	PHARMOBEDIENT	TENOFOVIR DISOPROXIL FUMARATE	TENOFOVIR DISOPROXIL FUMARATE	OTT9J7900I	VCMJCVGFSROFHV-WZGZYPNHSA-N	67	2018-11-27	AP	Discontinued	false	2026-08-28	2026-08-31	2026-08-31	2026-08-31
206569	ANDA	004	PHARMOBEDIENT	TENOFOVIR DISOPROXIL FUMARATE	TENOFOVIR DISOPROXIL FUMARATE	OTT9J7900I	VCMJCVGFSROFHV-WZGZYPNHSA-N	67	2018-11-27	AP	Discontinued	false	2026-08-28	2026-08-31	2026-08-31	2026-08-31
209498	ANDA	001	QILU	TENOFOVIR DISOPROXIL FUMARATE	TENOFOVIR DISOPROXIL FUMARATE	OTT9J7900I	VCMJCVGFSROFHV-WZGZYPNHSA-N	67	2018-03-02	AP	Prescription	true	2026-08-28	2026-08-31	2026-08-31	2026-08-31
209498	ANDA	002	QILU	TENOFOVIR DISOPROXIL FUMARATE	TENOFOVIR DISOPROXIL FUMARATE	OTT9J7900I	VCMJCVGFSROFHV-WZGZYPNHSA-N	67	2018-03-02	AP	Prescription	true	2026-08-28	2026-08-31	2026-08-31	2026-08-31
209498	ANDA	003	QILU	TENOFOVIR DISOPROXIL FUMARATE	TENOFOVIR DISOPROXIL FUMARATE	OTT9J7900I	VCMJCVGFSROFHV-WZGZYPNHSA-N	67	2018-03-02	AP	Prescription	true	2026-08-28	2026-08-31	2026-08-31	2026-08-31
209550	ANDA	001	CHARTWELL RX	TENOFOVIR DISOPROXIL FUMARATE	TENOFOVIR DISOPROXIL FUMARATE	OTT9J7900I	VCMJCVGFSROFHV-WZGZYPNHSA-N	67	2018-02-26	AP	Discontinued	false	2026-08-28	2026-08-31	2026-08-31	2026-08-31
211337	ANDA	001	REYOUNG	TENOFOVIR DISOPROXIL FUMARATE	TENOFOVIR DISOPROXIL FUMARATE	OTT9J7900I	VCMJCVGFSROFHV-WZGZYPNHSA-N	67	2023-03-02	AP	Prescription	true	2026-08-28	2026-08-31	2026-08-31	2026-08-31
018067	NDA	001	LILLY	CINOBAC	CINOXACIN	LMK22VUH23	VDUWPHTZYNWKRN-UHFFFAOYSA-N	21	1980-06-13	AP	Discontinued	false	2026-08-28	2026-08-31	2026-08-31	2026-08-31
018067	NDA	002	LILLY	CINOBAC	CINOXACIN	LMK22VUH23	VDUWPHTZYNWKRN-UHFFFAOYSA-N	21	1980-06-13	AP	Discontinued	false	2026-08-28	2026-08-31	2026-08-31	2026-08-31
073005	ANDA	001	TEVA	CINOXACIN	CINOXACIN	LMK22VUH23	VDUWPHTZYNWKRN-UHFFFAOYSA-N	21	1992-02-28	AP	Discontinued	false	2026-08-28	2026-08-31	2026-08-31	2026-08-31
073006	ANDA	001	TEVA	CINOXACIN	CINOXACIN	LMK22VUH23	VDUWPHTZYNWKRN-UHFFFAOYSA-N	21	1992-02-28	AP	Discontinued	false	2026-08-28	2026-08-31	2026-08-31	2026-08-31
061769	ANDA	001	APOTHECON	CEFADYL	CEPHAPIRIN SODIUM	431LFF7I7J	VGEOUKPOQQEQSX-OALZAMAHSA-M	25	1974-03-12	AP	Discontinued	false	2026-08-28	2026-08-31	2026-08-31	2026-08-31
061769	ANDA	002	APOTHECON	CEFADYL	CEPHAPIRIN SODIUM	431LFF7I7J	VGEOUKPOQQEQSX-OALZAMAHSA-M	25	1974-03-12	AP	Discontinued	false	2026-08-28	2026-08-31	2026-08-31	2026-08-31
061769	ANDA	003	APOTHECON	CEFADYL	CEPHAPIRIN SODIUM	431LFF7I7J	VGEOUKPOQQEQSX-OALZAMAHSA-M	25	1974-03-12	AP	Discontinued	false	2026-08-28	2026-08-31	2026-08-31	2026-08-31
062720	ANDA	001	HIKMA	CEPHAPIRIN SODIUM	CEPHAPIRIN SODIUM	431LFF7I7J	VGEOUKPOQQEQSX-OALZAMAHSA-M	25	1987-07-02	AP	Discontinued	false	2026-08-28	2026-08-31	2026-08-31	2026-08-31
062720	ANDA	002	HIKMA	CEPHAPIRIN SODIUM	CEPHAPIRIN SODIUM	431LFF7I7J	VGEOUKPOQQEQSX-OALZAMAHSA-M	25	1987-07-02	AP	Discontinued	false	2026-08-28	2026-08-31	2026-08-31	2026-08-31
062720	ANDA	003	HIKMA	CEPHAPIRIN SODIUM	CEPHAPIRIN SODIUM	431LFF7I7J	VGEOUKPOQQEQSX-OALZAMAHSA-M	25	1987-07-02	AP	Discontinued	false	2026-08-28	2026-08-31	2026-08-31	2026-08-31
062720	ANDA	004	HIKMA	CEPHAPIRIN SODIUM	CEPHAPIRIN SODIUM	431LFF7I7J	VGEOUKPOQQEQSX-OALZAMAHSA-M	25	1987-07-02	AP	Discontinued	false	2026-08-28	2026-08-31	2026-08-31	2026-08-31
020083	NDA	001	JANSSEN PHARMS	SPORANOX	ITRACONAZOLE	304NUG5GF4	VHVPQPYKVGDNFY-ZPGVKDDISA-N	74	1992-09-11	AP	Prescription	true	2026-08-28	2026-08-31	2026-08-31	2026-08-31
020657	NDA	001	JANSSEN PHARMS	SPORANOX	ITRACONAZOLE	304NUG5GF4	VHVPQPYKVGDNFY-ZPGVKDDISA-N	74	1997-02-21	AP	Discontinued	false	2026-08-28	2026-08-31	2026-08-31	2026-08-31
020694	NDA	001	JANSSEN PHARMA	SPORANOX	ITRACONAZOLE	304NUG5GF4	VHVPQPYKVGDNFY-ZPGVKDDISA-N	74	1996-12-06	AP	Prescription	true	2026-08-28	2026-08-31	2026-08-31	2026-08-31
020966	NDA	001	JANSSEN PHARMS	SPORANOX	ITRACONAZOLE	304NUG5GF4	VHVPQPYKVGDNFY-ZPGVKDDISA-N	74	1999-03-30	AP	Discontinued	false	2026-08-28	2026-08-31	2026-08-31	2026-08-31
022484	NDA	001	SEBELA IRELAND LTD	ONMEL	ITRACONAZOLE	304NUG5GF4	VHVPQPYKVGDNFY-ZPGVKDDISA-N	74	2010-04-29	AP	Discontinued	false	2026-08-28	2026-08-31	2026-08-31	2026-08-31
076104	ANDA	001	SANDOZ	ITRACONAZOLE	ITRACONAZOLE	304NUG5GF4	VHVPQPYKVGDNFY-ZPGVKDDISA-N	74	2004-05-28	AP	Prescription	true	2026-08-28	2026-08-31	2026-08-31	2026-08-31
200463	ANDA	001	MYLAN PHARMS INC	ITRACONAZOLE	ITRACONAZOLE	304NUG5GF4	VHVPQPYKVGDNFY-ZPGVKDDISA-N	74	2012-07-20	AP	Discontinued	false	2026-08-28	2026-08-31	2026-08-31	2026-08-31
203445	ANDA	001	JUBILANT GENERICS	ITRACONAZOLE	ITRACONAZOLE	304NUG5GF4	VHVPQPYKVGDNFY-ZPGVKDDISA-N	74	2017-02-23	AP	Discontinued	false	2026-08-28	2026-08-31	2026-08-31	2026-08-31
204672	ANDA	001	ZYDUS PHARMS	ITRACONAZOLE	ITRACONAZOLE	304NUG5GF4	VHVPQPYKVGDNFY-ZPGVKDDISA-N	74	2017-09-19	AP	Prescription	true	2026-08-28	2026-08-31	2026-08-31	2026-08-31
205080	ANDA	001	AMNEAL PHARMS	ITRACONAZOLE	ITRACONAZOLE	304NUG5GF4	VHVPQPYKVGDNFY-ZPGVKDDISA-N	74	2016-09-26	AP	Prescription	true	2026-08-28	2026-08-31	2026-08-31	2026-08-31
205573	ANDA	001	AMNEAL PHARMS	ITRACONAZOLE	ITRACONAZOLE	304NUG5GF4	VHVPQPYKVGDNFY-ZPGVKDDISA-N	74	2015-10-30	AP	Prescription	true	2026-08-28	2026-08-31	2026-08-31	2026-08-31
205724	ANDA	001	RISING	ITRACONAZOLE	ITRACONAZOLE	304NUG5GF4	VHVPQPYKVGDNFY-ZPGVKDDISA-N	74	2016-12-13	AP	Prescription	true	2026-08-28	2026-08-31	2026-08-31	2026-08-31
205991	ANDA	001	ACCORD HLTHCARE	ITRACONAZOLE	ITRACONAZOLE	304NUG5GF4	VHVPQPYKVGDNFY-ZPGVKDDISA-N	74	2016-05-26	AP	Discontinued	false	2026-08-28	2026-08-31	2026-08-31	2026-08-31
206410	ANDA	001	STRIDES PHARMA	ITRACONAZOLE	ITRACONAZOLE	304NUG5GF4	VHVPQPYKVGDNFY-ZPGVKDDISA-N	74	2019-07-02	AP	Discontinued	false	2026-08-28	2026-08-31	2026-08-31	2026-08-31
206741	ANDA	001	ALEMBIC	ITRACONAZOLE	ITRACONAZOLE	304NUG5GF4	VHVPQPYKVGDNFY-ZPGVKDDISA-N	74	2016-12-13	AP	Prescription	true	2026-08-28	2026-08-31	2026-08-31	2026-08-31
208481	ANDA	001	APOTEX	ITRACONAZOLE	ITRACONAZOLE	304NUG5GF4	VHVPQPYKVGDNFY-ZPGVKDDISA-N	74	2019-08-02	AP	Discontinued	false	2026-08-28	2026-08-31	2026-08-31	2026-08-31
208591	ANDA	001	ALKEM LABS LTD	ITRACONAZOLE	ITRACONAZOLE	304NUG5GF4	VHVPQPYKVGDNFY-ZPGVKDDISA-N	74	2017-06-12	AP	Prescription	true	2026-08-28	2026-08-31	2026-08-31	2026-08-31
208901	NDA	001	MAYNE PHARMA	TOLSURA	ITRACONAZOLE	304NUG5GF4	VHVPQPYKVGDNFY-ZPGVKDDISA-N	74	2018-12-11	AP	Prescription	true	2026-08-28	2026-08-31	2026-08-31	2026-08-31
209460	ANDA	001	TORRENT	ITRACONAZOLE	ITRACONAZOLE	304NUG5GF4	VHVPQPYKVGDNFY-ZPGVKDDISA-N	74	2018-08-24	AP	Prescription	true	2026-08-28	2026-08-31	2026-08-31	2026-08-31
212239	ANDA	001	ANNORA PHARMA	ITRACONAZOLE	ITRACONAZOLE	304NUG5GF4	VHVPQPYKVGDNFY-ZPGVKDDISA-N	74	2020-09-01	AP	Prescription	true	2026-08-28	2026-08-31	2026-08-31	2026-08-31
017613	NDA	001	SCHERING PLOUGH	LOTRIMIN	CLOTRIMAZOLE	G07GZ97H65	VNFPBHJOKIVQEB-UHFFFAOYSA-N	57	1975-02-03	AP	Discontinued	false	2026-08-28	2026-08-31	2026-08-31	2026-08-31
017619	NDA	001	SCHERING PLOUGH	LOTRIMIN	CLOTRIMAZOLE	G07GZ97H65	VNFPBHJOKIVQEB-UHFFFAOYSA-N	57	1975-03-18	AP	Discontinued	false	2026-08-28	2026-08-31	2026-08-31	2026-08-31
017717	NDA	002	BAYER HEALTHCARE LLC	GYNE-LOTRIMIN	CLOTRIMAZOLE	G07GZ97H65	VNFPBHJOKIVQEB-UHFFFAOYSA-N	57	1976-03-24	AP	Discontinued	false	2026-08-28	2026-08-31	2026-08-31	2026-08-31
018052	NDA	002	BAYER HEALTHCARE LLC	GYNE-LOTRIMIN	CLOTRIMAZOLE	G07GZ97H65	VNFPBHJOKIVQEB-UHFFFAOYSA-N	57	1978-11-08	AP	Discontinued	false	2026-08-28	2026-08-31	2026-08-31	2026-08-31
018181	NDA	001	BAYER HLTHCARE	MYCELEX	CLOTRIMAZOLE	G07GZ97H65	VNFPBHJOKIVQEB-UHFFFAOYSA-N	57	1979-01-15	AP	Discontinued	false	2026-08-28	2026-08-31	2026-08-31	2026-08-31
018181	NDA	002	BAYER HLTHCARE	MYCELEX	CLOTRIMAZOLE	G07GZ97H65	VNFPBHJOKIVQEB-UHFFFAOYSA-N	57	1979-01-15	AP	Over-the-counter	true	2026-08-28	2026-08-31	2026-08-31	2026-08-31
018182	NDA	002	BAYER HEALTHCARE LLC	MYCELEX-7	CLOTRIMAZOLE	G07GZ97H65	VNFPBHJOKIVQEB-UHFFFAOYSA-N	57	1979-02-27	AP	Discontinued	false	2026-08-28	2026-08-31	2026-08-31	2026-08-31
018183	NDA	001	BAYER HEALTHCARE LLC	MYCELEX	CLOTRIMAZOLE	G07GZ97H65	VNFPBHJOKIVQEB-UHFFFAOYSA-N	57	1979-01-15	AP	Discontinued	false	2026-08-28	2026-08-31	2026-08-31	2026-08-31
018230	NDA	002	BAYER HEALTHCARE LLC	MYCELEX-7	CLOTRIMAZOLE	G07GZ97H65	VNFPBHJOKIVQEB-UHFFFAOYSA-N	57	1979-02-16	AP	Discontinued	false	2026-08-28	2026-08-31	2026-08-31	2026-08-31
018713	NDA	001	BAYER HLTHCARE	MYCELEX	CLOTRIMAZOLE	G07GZ97H65	VNFPBHJOKIVQEB-UHFFFAOYSA-N	57	1983-06-17	AP	Discontinued	false	2026-08-28	2026-08-31	2026-08-31	2026-08-31
018813	NDA	001	SCHERING	LOTRIMIN	CLOTRIMAZOLE	G07GZ97H65	VNFPBHJOKIVQEB-UHFFFAOYSA-N	57	1984-02-17	AP	Discontinued	false	2026-08-28	2026-08-31	2026-08-31	2026-08-31
020289	NDA	002	BAYER HEALTHCARE LLC	GYNE-LOTRIMIN COMBINATION PACK	CLOTRIMAZOLE	G07GZ97H65	VNFPBHJOKIVQEB-UHFFFAOYSA-N	57	1993-04-26	AP	Discontinued	false	2026-08-28	2026-08-31	2026-08-31	2026-08-31
020389	NDA	002	BAYER HEALTHCARE LLC	MYCELEX-7 COMBINATION PACK	CLOTRIMAZOLE	G07GZ97H65	VNFPBHJOKIVQEB-UHFFFAOYSA-N	57	1994-06-23	AP	Discontinued	false	2026-08-28	2026-08-31	2026-08-31	2026-08-31
020525	NDA	001	BAYER HEALTHCARE LLC	GYNE-LOTRIMIN 3	CLOTRIMAZOLE	G07GZ97H65	VNFPBHJOKIVQEB-UHFFFAOYSA-N	57	1996-07-29	AP	Discontinued	false	2026-08-28	2026-08-31	2026-08-31	2026-08-31
020526	NDA	002	BAYER HEALTHCARE LLC	GYNE-LOTRIMIN 3 COMBINATION PACK	CLOTRIMAZOLE	G07GZ97H65	VNFPBHJOKIVQEB-UHFFFAOYSA-N	57	1996-07-29	AP	Discontinued	false	2026-08-28	2026-08-31	2026-08-31	2026-08-31
020574	NDA	001	BAYER HEALTHCARE LLC	GYNE-LOTRIMIN 3	CLOTRIMAZOLE	G07GZ97H65	VNFPBHJOKIVQEB-UHFFFAOYSA-N	57	1998-11-24	AP	Discontinued	false	2026-08-28	2026-08-31	2026-08-31	2026-08-31
020888	NDA	001	SCHERING PLOUGH	LOTRIMIN AF	CLOTRIMAZOLE	G07GZ97H65	VNFPBHJOKIVQEB-UHFFFAOYSA-N	57	1989-10-27	AP	Over-the-counter	true	2026-08-28	2026-08-31	2026-08-31	2026-08-31
020889	NDA	001	SCHERING PLOUGH	LOTRIMIN AF	CLOTRIMAZOLE	G07GZ97H65	VNFPBHJOKIVQEB-UHFFFAOYSA-N	57	1989-10-27	AP	Over-the-counter	true	2026-08-28	2026-08-31	2026-08-31	2026-08-31
020890	NDA	001	SCHERING PLOUGH	LOTRIMIN AF	CLOTRIMAZOLE	G07GZ97H65	VNFPBHJOKIVQEB-UHFFFAOYSA-N	57	1989-10-27	AP	Over-the-counter	true	2026-08-28	2026-08-31	2026-08-31	2026-08-31
021143	NDA	001	SUN PHARMA CANADA	TRIVAGIZOLE 3	CLOTRIMAZOLE	G07GZ97H65	VNFPBHJOKIVQEB-UHFFFAOYSA-N	57	2000-04-12	AP	Over-the-counter	true	2026-08-28	2026-08-31	2026-08-31	2026-08-31
072640	ANDA	001	SUN PHARMA CANADA	CLOTRIMAZOLE	CLOTRIMAZOLE	G07GZ97H65	VNFPBHJOKIVQEB-UHFFFAOYSA-N	57	1993-08-31	AP	Prescription	true	2026-08-28	2026-08-31	2026-08-31	2026-08-31
072641	ANDA	001	SUN PHARMA CANADA	CLOTRIMAZOLE	CLOTRIMAZOLE	G07GZ97H65	VNFPBHJOKIVQEB-UHFFFAOYSA-N	57	1995-12-04	AP	Over-the-counter	true	2026-08-28	2026-08-31	2026-08-31	2026-08-31
073249	ANDA	001	TEVA PHARMS	GYNIX	CLOTRIMAZOLE	G07GZ97H65	VNFPBHJOKIVQEB-UHFFFAOYSA-N	57	1998-02-13	AP	Discontinued	false	2026-08-28	2026-08-31	2026-08-31	2026-08-31
073306	ANDA	001	TEVA	CLOTRIMAZOLE	CLOTRIMAZOLE	G07GZ97H65	VNFPBHJOKIVQEB-UHFFFAOYSA-N	57	1995-02-28	AP	Prescription	true	2026-08-28	2026-08-31	2026-08-31	2026-08-31
074165	ANDA	001	ENCUBE	CLOTRIMAZOLE	CLOTRIMAZOLE	G07GZ97H65	VNFPBHJOKIVQEB-UHFFFAOYSA-N	57	1993-07-16	AP	Over-the-counter	true	2026-08-28	2026-08-31	2026-08-31	2026-08-31
074580	ANDA	001	SUN PHARMA CANADA	CLOTRIMAZOLE	CLOTRIMAZOLE	G07GZ97H65	VNFPBHJOKIVQEB-UHFFFAOYSA-N	57	1996-07-29	AP	Prescription	true	2026-08-28	2026-08-31	2026-08-31	2026-08-31
076387	ANDA	001	HIKMA	CLOTRIMAZOLE	CLOTRIMAZOLE	G07GZ97H65	VNFPBHJOKIVQEB-UHFFFAOYSA-N	57	2004-07-29	AP	Prescription	true	2026-08-28	2026-08-31	2026-08-31	2026-08-31
076763	ANDA	001	PADAGIS US	CLOTRIMAZOLE	CLOTRIMAZOLE	G07GZ97H65	VNFPBHJOKIVQEB-UHFFFAOYSA-N	57	2005-10-28	AP	Prescription	true	2026-08-28	2026-08-31	2026-08-31	2026-08-31
078338	ANDA	001	FOUGERA PHARMS	CLOTRIMAZOLE	CLOTRIMAZOLE	G07GZ97H65	VNFPBHJOKIVQEB-UHFFFAOYSA-N	57	2008-09-02	AP	Prescription	true	2026-08-28	2026-08-31	2026-08-31	2026-08-31
090219	ANDA	001	GLENMARK PHARMS	CLOTRIMAZOLE	CLOTRIMAZOLE	G07GZ97H65	VNFPBHJOKIVQEB-UHFFFAOYSA-N	57	2010-08-03	AP	Prescription	true	2026-08-28	2026-08-31	2026-08-31	2026-08-31
209815	ANDA	001	NOVITIUM PHARMA	CLOTRIMAZOLE	CLOTRIMAZOLE	G07GZ97H65	VNFPBHJOKIVQEB-UHFFFAOYSA-N	57	2019-02-15	AP	Prescription	true	2026-08-28	2026-08-31	2026-08-31	2026-08-31
212281	ANDA	001	TP ANDA HOLDINGS	CLOTRIMAZOLE	CLOTRIMAZOLE	G07GZ97H65	VNFPBHJOKIVQEB-UHFFFAOYSA-N	57	2019-07-25	AP	Prescription	true	2026-08-28	2026-08-31	2026-08-31	2026-08-31
215641	ANDA	001	THINQ PHARM-CRO PVT	CLOTRIMAZOLE	CLOTRIMAZOLE	G07GZ97H65	VNFPBHJOKIVQEB-UHFFFAOYSA-N	57	2024-02-29	AP	Prescription	true	2026-08-28	2026-08-31	2026-08-31	2026-08-31
216569	ANDA	001	SCIEGEN PHARMS	CLOTRIMAZOLE	CLOTRIMAZOLE	G07GZ97H65	VNFPBHJOKIVQEB-UHFFFAOYSA-N	57	2023-10-16	AP	Prescription	true	2026-08-28	2026-08-31	2026-08-31	2026-08-31
217628	NDA	001	CARWIN PHARM ASSOC	CLOTIC	CLOTRIMAZOLE	G07GZ97H65	VNFPBHJOKIVQEB-UHFFFAOYSA-N	57	2025-09-26	AP	Prescription	true	2026-08-28	2026-08-31	2026-08-31	2026-08-31
018299	NDA	001	MONARCH PHARMS	VIROPTIC	TRIFLURIDINE	RMW9V5RW38	VSQQQLOSPVPRAZ-RRKCRQDMSA-N	42	1980-04-10	AP	Prescription	true	2026-08-28	2026-08-31	2026-08-31	2026-08-31
074311	ANDA	001	SANDOZ	TRIFLURIDINE	TRIFLURIDINE	RMW9V5RW38	VSQQQLOSPVPRAZ-RRKCRQDMSA-N	42	1995-10-06	AP	Prescription	true	2026-08-28	2026-08-31	2026-08-31	2026-08-31
205438	ANDA	001	HIKMA	TRIFLURIDINE	TRIFLURIDINE	RMW9V5RW38	VSQQQLOSPVPRAZ-RRKCRQDMSA-N	42	2017-07-28	AP	Discontinued	false	2026-08-28	2026-08-31	2026-08-31	2026-08-31
215499	NDA	001	VIIV HLTHCARE	APRETUDE	CABOTEGRAVIR	HMH0132Z1Q	WCWSTNLSLKSJPK-LKFCYVNXSA-N	35	2021-12-20	AP	Prescription	true	2026-08-28	2026-08-31	2026-08-31	2026-08-31
017594	NDA	001	WESTWOOD SQUIBB	CAPITROL	CHLOROXINE	2I8BD50I8B	WDFKMLRRRCGAKS-UHFFFAOYSA-N	14	1976-10-19	AP	Discontinued	false	2026-08-28	2026-08-31	2026-08-31	2026-08-31
021024	NDA	001	SANOFI AVENTIS US	PRIFTIN	RIFAPENTINE	XJM390A33U	WDZCUPBHRAEYDL-GZAUEHORSA-N	41	1998-06-22	AP	Prescription	true	2026-08-28	2026-08-31	2026-08-31	2026-08-31
217042	ANDA	001	MACLEODS PHARMS	RIFAPENTINE	RIFAPENTINE	XJM390A33U	WDZCUPBHRAEYDL-GZAUEHORSA-N	41	2026-06-23	AP	Prescription	true	2026-08-28	2026-08-31	2026-08-31	2026-08-31
050091	NDA	001	ALLERGAN	CHLOROPTIC	CHLORAMPHENICOL	66974FR9Q1	WIIZWVCIJKGZOK-RKDXNWHRSA-N	63	1968-03-20	AP	Discontinued	false	2026-08-28	2026-08-31	2026-08-31	2026-08-31
050143	NDA	001	PARKEDALE	CHLOROMYCETIN	CHLORAMPHENICOL	66974FR9Q1	WIIZWVCIJKGZOK-RKDXNWHRSA-N	63	1951-06-01	AP	Discontinued	false	2026-08-28	2026-08-31	2026-08-31	2026-08-31
050156	NDA	001	PARKEDALE	CHLOROMYCETIN	CHLORAMPHENICOL	66974FR9Q1	WIIZWVCIJKGZOK-RKDXNWHRSA-N	63	1951-06-01	AP	Discontinued	false	2026-08-28	2026-08-31	2026-08-31	2026-08-31
050205	NDA	001	PARKEDALE	CHLOROMYCETIN	CHLORAMPHENICOL	66974FR9Q1	WIIZWVCIJKGZOK-RKDXNWHRSA-N	63	1953-03-30	AP	Discontinued	false	2026-08-28	2026-08-31	2026-08-31	2026-08-31
060133	ANDA	001	ALTANA	CHLORAMPHENICOL	CHLORAMPHENICOL	66974FR9Q1	WIIZWVCIJKGZOK-RKDXNWHRSA-N	63	1968-10-01	AP	Discontinued	false	2026-08-28	2026-08-31	2026-08-31	2026-08-31
060851	ANDA	001	ARMENPHARM	MYCHEL	CHLORAMPHENICOL	66974FR9Q1	WIIZWVCIJKGZOK-RKDXNWHRSA-N	63	1967-06-20	AP	Discontinued	false	2026-08-28	2026-08-31	2026-08-31	2026-08-31
061187	ANDA	001	ALLERGAN	CHLOROPTIC S.O.P.	CHLORAMPHENICOL	66974FR9Q1	WIIZWVCIJKGZOK-RKDXNWHRSA-N	63	1970-07-21	AP	Discontinued	false	2026-08-28	2026-08-31	2026-08-31	2026-08-31
061220	ANDA	001	PARKEDALE	OPHTHOCHLOR	CHLORAMPHENICOL	66974FR9Q1	WIIZWVCIJKGZOK-RKDXNWHRSA-N	63	1970-11-18	AP	Discontinued	false	2026-08-28	2026-08-31	2026-08-31	2026-08-31
061645	ANDA	001	ALCON	ECONOCHLOR	CHLORAMPHENICOL	66974FR9Q1	WIIZWVCIJKGZOK-RKDXNWHRSA-N	63	1973-04-26	AP	Discontinued	false	2026-08-28	2026-08-31	2026-08-31	2026-08-31
061648	ANDA	001	ALCON	ECONOCHLOR	CHLORAMPHENICOL	66974FR9Q1	WIIZWVCIJKGZOK-RKDXNWHRSA-N	63	1974-05-14	AP	Discontinued	false	2026-08-28	2026-08-31	2026-08-31	2026-08-31
062042	ANDA	001	EPIC PHARMA LLC	CHLORAMPHENICOL	CHLORAMPHENICOL	66974FR9Q1	WIIZWVCIJKGZOK-RKDXNWHRSA-N	63	1981-08-31	AP	Discontinued	false	2026-08-28	2026-08-31	2026-08-31	2026-08-31
062171	ANDA	001	OPTOPICS	OPTOMYCIN	CHLORAMPHENICOL	66974FR9Q1	WIIZWVCIJKGZOK-RKDXNWHRSA-N	63	1982-03-31	AP	Discontinued	false	2026-08-28	2026-08-31	2026-08-31	2026-08-31
062247	ANDA	001	IVAX SUB TEVA PHARMS	CHLORAMPHENICOL	CHLORAMPHENICOL	66974FR9Q1	WIIZWVCIJKGZOK-RKDXNWHRSA-N	63	1980-04-28	AP	Discontinued	false	2026-08-28	2026-08-31	2026-08-31	2026-08-31
062628	ANDA	001	ALCON	CHLORAMPHENICOL	CHLORAMPHENICOL	66974FR9Q1	WIIZWVCIJKGZOK-RKDXNWHRSA-N	63	1985-09-25	AP	Discontinued	false	2026-08-28	2026-08-31	2026-08-31	2026-08-31
019906	NDA	001	SPECGX LLC	ANAFRANIL	CLOMIPRAMINE HYDROCHLORIDE	2LXW0L6GWJ	WIMWMKZEIBHDTH-UHFFFAOYSA-N	47	1989-12-29	AP	Prescription	true	2026-08-28	2026-08-31	2026-08-31	2026-08-31
019906	NDA	002	SPECGX LLC	ANAFRANIL	CLOMIPRAMINE HYDROCHLORIDE	2LXW0L6GWJ	WIMWMKZEIBHDTH-UHFFFAOYSA-N	47	1989-12-29	AP	Prescription	true	2026-08-28	2026-08-31	2026-08-31	2026-08-31
019906	NDA	003	SPECGX LLC	ANAFRANIL	CLOMIPRAMINE HYDROCHLORIDE	2LXW0L6GWJ	WIMWMKZEIBHDTH-UHFFFAOYSA-N	47	1989-12-29	AP	Prescription	true	2026-08-28	2026-08-31	2026-08-31	2026-08-31
074364	ANDA	001	CHARTWELL RX	CLOMIPRAMINE HYDROCHLORIDE	CLOMIPRAMINE HYDROCHLORIDE	2LXW0L6GWJ	WIMWMKZEIBHDTH-UHFFFAOYSA-N	47	1996-03-29	AP	Prescription	true	2026-08-28	2026-08-31	2026-08-31	2026-08-31
074364	ANDA	002	CHARTWELL RX	CLOMIPRAMINE HYDROCHLORIDE	CLOMIPRAMINE HYDROCHLORIDE	2LXW0L6GWJ	WIMWMKZEIBHDTH-UHFFFAOYSA-N	47	1996-03-29	AP	Prescription	true	2026-08-28	2026-08-31	2026-08-31	2026-08-31
074364	ANDA	003	CHARTWELL RX	CLOMIPRAMINE HYDROCHLORIDE	CLOMIPRAMINE HYDROCHLORIDE	2LXW0L6GWJ	WIMWMKZEIBHDTH-UHFFFAOYSA-N	47	1996-03-29	AP	Prescription	true	2026-08-28	2026-08-31	2026-08-31	2026-08-31
074600	ANDA	001	WATSON LABS	CLOMIPRAMINE HYDROCHLORIDE	CLOMIPRAMINE HYDROCHLORIDE	2LXW0L6GWJ	WIMWMKZEIBHDTH-UHFFFAOYSA-N	47	1996-11-27	AP	Discontinued	false	2026-08-28	2026-08-31	2026-08-31	2026-08-31
074600	ANDA	002	WATSON LABS	CLOMIPRAMINE HYDROCHLORIDE	CLOMIPRAMINE HYDROCHLORIDE	2LXW0L6GWJ	WIMWMKZEIBHDTH-UHFFFAOYSA-N	47	1996-11-27	AP	Discontinued	false	2026-08-28	2026-08-31	2026-08-31	2026-08-31
074600	ANDA	003	WATSON LABS	CLOMIPRAMINE HYDROCHLORIDE	CLOMIPRAMINE HYDROCHLORIDE	2LXW0L6GWJ	WIMWMKZEIBHDTH-UHFFFAOYSA-N	47	1996-11-27	AP	Discontinued	false	2026-08-28	2026-08-31	2026-08-31	2026-08-31
074694	ANDA	001	TARO	CLOMIPRAMINE HYDROCHLORIDE	CLOMIPRAMINE HYDROCHLORIDE	2LXW0L6GWJ	WIMWMKZEIBHDTH-UHFFFAOYSA-N	47	1996-12-31	AP	Prescription	true	2026-08-28	2026-08-31	2026-08-31	2026-08-31
074694	ANDA	002	TARO	CLOMIPRAMINE HYDROCHLORIDE	CLOMIPRAMINE HYDROCHLORIDE	2LXW0L6GWJ	WIMWMKZEIBHDTH-UHFFFAOYSA-N	47	1996-12-31	AP	Prescription	true	2026-08-28	2026-08-31	2026-08-31	2026-08-31
074694	ANDA	003	TARO	CLOMIPRAMINE HYDROCHLORIDE	CLOMIPRAMINE HYDROCHLORIDE	2LXW0L6GWJ	WIMWMKZEIBHDTH-UHFFFAOYSA-N	47	1996-12-31	AP	Prescription	true	2026-08-28	2026-08-31	2026-08-31	2026-08-31
074751	ANDA	001	WATSON LABS	CLOMIPRAMINE HYDROCHLORIDE	CLOMIPRAMINE HYDROCHLORIDE	2LXW0L6GWJ	WIMWMKZEIBHDTH-UHFFFAOYSA-N	47	1998-09-30	AP	Discontinued	false	2026-08-28	2026-08-31	2026-08-31	2026-08-31
074751	ANDA	002	WATSON LABS	CLOMIPRAMINE HYDROCHLORIDE	CLOMIPRAMINE HYDROCHLORIDE	2LXW0L6GWJ	WIMWMKZEIBHDTH-UHFFFAOYSA-N	47	1998-09-30	AP	Discontinued	false	2026-08-28	2026-08-31	2026-08-31	2026-08-31
074751	ANDA	003	WATSON LABS	CLOMIPRAMINE HYDROCHLORIDE	CLOMIPRAMINE HYDROCHLORIDE	2LXW0L6GWJ	WIMWMKZEIBHDTH-UHFFFAOYSA-N	47	1998-09-30	AP	Discontinued	false	2026-08-28	2026-08-31	2026-08-31	2026-08-31
074849	ANDA	001	TEVA	CLOMIPRAMINE HYDROCHLORIDE	CLOMIPRAMINE HYDROCHLORIDE	2LXW0L6GWJ	WIMWMKZEIBHDTH-UHFFFAOYSA-N	47	1997-04-04	AP	Discontinued	false	2026-08-28	2026-08-31	2026-08-31	2026-08-31
074849	ANDA	002	TEVA	CLOMIPRAMINE HYDROCHLORIDE	CLOMIPRAMINE HYDROCHLORIDE	2LXW0L6GWJ	WIMWMKZEIBHDTH-UHFFFAOYSA-N	47	1997-04-04	AP	Discontinued	false	2026-08-28	2026-08-31	2026-08-31	2026-08-31
074849	ANDA	003	TEVA	CLOMIPRAMINE HYDROCHLORIDE	CLOMIPRAMINE HYDROCHLORIDE	2LXW0L6GWJ	WIMWMKZEIBHDTH-UHFFFAOYSA-N	47	1997-04-04	AP	Discontinued	false	2026-08-28	2026-08-31	2026-08-31	2026-08-31
074947	ANDA	001	PHARMOBEDIENT	CLOMIPRAMINE HYDROCHLORIDE	CLOMIPRAMINE HYDROCHLORIDE	2LXW0L6GWJ	WIMWMKZEIBHDTH-UHFFFAOYSA-N	47	1998-04-30	AP	Discontinued	false	2026-08-28	2026-08-31	2026-08-31	2026-08-31
074947	ANDA	002	PHARMOBEDIENT	CLOMIPRAMINE HYDROCHLORIDE	CLOMIPRAMINE HYDROCHLORIDE	2LXW0L6GWJ	WIMWMKZEIBHDTH-UHFFFAOYSA-N	47	1998-04-30	AP	Discontinued	false	2026-08-28	2026-08-31	2026-08-31	2026-08-31
074947	ANDA	003	PHARMOBEDIENT	CLOMIPRAMINE HYDROCHLORIDE	CLOMIPRAMINE HYDROCHLORIDE	2LXW0L6GWJ	WIMWMKZEIBHDTH-UHFFFAOYSA-N	47	1998-04-30	AP	Discontinued	false	2026-08-28	2026-08-31	2026-08-31	2026-08-31
074953	ANDA	001	SANDOZ	CLOMIPRAMINE HYDROCHLORIDE	CLOMIPRAMINE HYDROCHLORIDE	2LXW0L6GWJ	WIMWMKZEIBHDTH-UHFFFAOYSA-N	47	1997-06-25	AP	Prescription	true	2026-08-28	2026-08-31	2026-08-31	2026-08-31
074953	ANDA	002	SANDOZ	CLOMIPRAMINE HYDROCHLORIDE	CLOMIPRAMINE HYDROCHLORIDE	2LXW0L6GWJ	WIMWMKZEIBHDTH-UHFFFAOYSA-N	47	1997-06-25	AP	Prescription	true	2026-08-28	2026-08-31	2026-08-31	2026-08-31
074953	ANDA	003	SANDOZ	CLOMIPRAMINE HYDROCHLORIDE	CLOMIPRAMINE HYDROCHLORIDE	2LXW0L6GWJ	WIMWMKZEIBHDTH-UHFFFAOYSA-N	47	1997-06-25	AP	Prescription	true	2026-08-28	2026-08-31	2026-08-31	2026-08-31
074958	ANDA	001	TEVA	CLOMIPRAMINE HYDROCHLORIDE	CLOMIPRAMINE HYDROCHLORIDE	2LXW0L6GWJ	WIMWMKZEIBHDTH-UHFFFAOYSA-N	47	1997-08-26	AP	Discontinued	false	2026-08-28	2026-08-31	2026-08-31	2026-08-31
074958	ANDA	002	TEVA	CLOMIPRAMINE HYDROCHLORIDE	CLOMIPRAMINE HYDROCHLORIDE	2LXW0L6GWJ	WIMWMKZEIBHDTH-UHFFFAOYSA-N	47	1997-08-26	AP	Discontinued	false	2026-08-28	2026-08-31	2026-08-31	2026-08-31
074958	ANDA	003	TEVA	CLOMIPRAMINE HYDROCHLORIDE	CLOMIPRAMINE HYDROCHLORIDE	2LXW0L6GWJ	WIMWMKZEIBHDTH-UHFFFAOYSA-N	47	1997-08-26	AP	Discontinued	false	2026-08-28	2026-08-31	2026-08-31	2026-08-31
208632	ANDA	001	AMNEAL PHARMS CO	CLOMIPRAMINE HYDROCHLORIDE	CLOMIPRAMINE HYDROCHLORIDE	2LXW0L6GWJ	WIMWMKZEIBHDTH-UHFFFAOYSA-N	47	2018-10-31	AP	Discontinued	false	2026-08-28	2026-08-31	2026-08-31	2026-08-31
208632	ANDA	002	AMNEAL PHARMS CO	CLOMIPRAMINE HYDROCHLORIDE	CLOMIPRAMINE HYDROCHLORIDE	2LXW0L6GWJ	WIMWMKZEIBHDTH-UHFFFAOYSA-N	47	2018-10-31	AP	Discontinued	false	2026-08-28	2026-08-31	2026-08-31	2026-08-31
208632	ANDA	003	AMNEAL PHARMS CO	CLOMIPRAMINE HYDROCHLORIDE	CLOMIPRAMINE HYDROCHLORIDE	2LXW0L6GWJ	WIMWMKZEIBHDTH-UHFFFAOYSA-N	47	2018-10-31	AP	Discontinued	false	2026-08-28	2026-08-31	2026-08-31	2026-08-31
208961	ANDA	001	ZYDUS PHARMS	CLOMIPRAMINE HYDROCHLORIDE	CLOMIPRAMINE HYDROCHLORIDE	2LXW0L6GWJ	WIMWMKZEIBHDTH-UHFFFAOYSA-N	47	2017-12-27	AP	Prescription	true	2026-08-28	2026-08-31	2026-08-31	2026-08-31
208961	ANDA	002	ZYDUS PHARMS	CLOMIPRAMINE HYDROCHLORIDE	CLOMIPRAMINE HYDROCHLORIDE	2LXW0L6GWJ	WIMWMKZEIBHDTH-UHFFFAOYSA-N	47	2017-12-27	AP	Prescription	true	2026-08-28	2026-08-31	2026-08-31	2026-08-31
208961	ANDA	003	ZYDUS PHARMS	CLOMIPRAMINE HYDROCHLORIDE	CLOMIPRAMINE HYDROCHLORIDE	2LXW0L6GWJ	WIMWMKZEIBHDTH-UHFFFAOYSA-N	47	2017-12-27	AP	Prescription	true	2026-08-28	2026-08-31	2026-08-31	2026-08-31
209294	ANDA	001	LUPIN	CLOMIPRAMINE HYDROCHLORIDE	CLOMIPRAMINE HYDROCHLORIDE	2LXW0L6GWJ	WIMWMKZEIBHDTH-UHFFFAOYSA-N	47	2018-11-21	AP	Prescription	true	2026-08-28	2026-08-31	2026-08-31	2026-08-31
209294	ANDA	002	LUPIN	CLOMIPRAMINE HYDROCHLORIDE	CLOMIPRAMINE HYDROCHLORIDE	2LXW0L6GWJ	WIMWMKZEIBHDTH-UHFFFAOYSA-N	47	2018-11-21	AP	Prescription	true	2026-08-28	2026-08-31	2026-08-31	2026-08-31
209294	ANDA	003	LUPIN	CLOMIPRAMINE HYDROCHLORIDE	CLOMIPRAMINE HYDROCHLORIDE	2LXW0L6GWJ	WIMWMKZEIBHDTH-UHFFFAOYSA-N	47	2018-11-21	AP	Prescription	true	2026-08-28	2026-08-31	2026-08-31	2026-08-31
210653	ANDA	001	TP ANDA HOLDINGS	CLOMIPRAMINE HYDROCHLORIDE	CLOMIPRAMINE HYDROCHLORIDE	2LXW0L6GWJ	WIMWMKZEIBHDTH-UHFFFAOYSA-N	47	2020-04-03	AP	Discontinued	false	2026-08-28	2026-08-31	2026-08-31	2026-08-31
210653	ANDA	002	TP ANDA HOLDINGS	CLOMIPRAMINE HYDROCHLORIDE	CLOMIPRAMINE HYDROCHLORIDE	2LXW0L6GWJ	WIMWMKZEIBHDTH-UHFFFAOYSA-N	47	2020-04-03	AP	Discontinued	false	2026-08-28	2026-08-31	2026-08-31	2026-08-31
210653	ANDA	003	TP ANDA HOLDINGS	CLOMIPRAMINE HYDROCHLORIDE	CLOMIPRAMINE HYDROCHLORIDE	2LXW0L6GWJ	WIMWMKZEIBHDTH-UHFFFAOYSA-N	47	2020-04-03	AP	Discontinued	false	2026-08-28	2026-08-31	2026-08-31	2026-08-31
211364	ANDA	001	IXORA LIFESCIENCE	CLOMIPRAMINE HYDROCHLORIDE	CLOMIPRAMINE HYDROCHLORIDE	2LXW0L6GWJ	WIMWMKZEIBHDTH-UHFFFAOYSA-N	47	2020-02-07	AP	Prescription	true	2026-08-28	2026-08-31	2026-08-31	2026-08-31
211364	ANDA	002	IXORA LIFESCIENCE	CLOMIPRAMINE HYDROCHLORIDE	CLOMIPRAMINE HYDROCHLORIDE	2LXW0L6GWJ	WIMWMKZEIBHDTH-UHFFFAOYSA-N	47	2020-02-07	AP	Prescription	true	2026-08-28	2026-08-31	2026-08-31	2026-08-31
211364	ANDA	003	IXORA LIFESCIENCE	CLOMIPRAMINE HYDROCHLORIDE	CLOMIPRAMINE HYDROCHLORIDE	2LXW0L6GWJ	WIMWMKZEIBHDTH-UHFFFAOYSA-N	47	2020-02-07	AP	Prescription	true	2026-08-28	2026-08-31	2026-08-31	2026-08-31
211767	ANDA	001	MANKIND PHARMA	CLOMIPRAMINE HYDROCHLORIDE	CLOMIPRAMINE HYDROCHLORIDE	2LXW0L6GWJ	WIMWMKZEIBHDTH-UHFFFAOYSA-N	47	2019-04-08	AP	Prescription	true	2026-08-28	2026-08-31	2026-08-31	2026-08-31
211767	ANDA	002	MANKIND PHARMA	CLOMIPRAMINE HYDROCHLORIDE	CLOMIPRAMINE HYDROCHLORIDE	2LXW0L6GWJ	WIMWMKZEIBHDTH-UHFFFAOYSA-N	47	2019-04-08	AP	Prescription	true	2026-08-28	2026-08-31	2026-08-31	2026-08-31
211767	ANDA	003	MANKIND PHARMA	CLOMIPRAMINE HYDROCHLORIDE	CLOMIPRAMINE HYDROCHLORIDE	2LXW0L6GWJ	WIMWMKZEIBHDTH-UHFFFAOYSA-N	47	2019-04-08	AP	Prescription	true	2026-08-28	2026-08-31	2026-08-31	2026-08-31
211822	ANDA	001	ALEMBIC	CLOMIPRAMINE HYDROCHLORIDE	CLOMIPRAMINE HYDROCHLORIDE	2LXW0L6GWJ	WIMWMKZEIBHDTH-UHFFFAOYSA-N	47	2021-08-04	AP	Prescription	true	2026-08-28	2026-08-31	2026-08-31	2026-08-31
211822	ANDA	002	ALEMBIC	CLOMIPRAMINE HYDROCHLORIDE	CLOMIPRAMINE HYDROCHLORIDE	2LXW0L6GWJ	WIMWMKZEIBHDTH-UHFFFAOYSA-N	47	2021-08-04	AP	Prescription	true	2026-08-28	2026-08-31	2026-08-31	2026-08-31
211822	ANDA	003	ALEMBIC	CLOMIPRAMINE HYDROCHLORIDE	CLOMIPRAMINE HYDROCHLORIDE	2LXW0L6GWJ	WIMWMKZEIBHDTH-UHFFFAOYSA-N	47	2021-08-04	AP	Prescription	true	2026-08-28	2026-08-31	2026-08-31	2026-08-31
212218	ANDA	001	JUBILANT CADISTA	CLOMIPRAMINE HYDROCHLORIDE	CLOMIPRAMINE HYDROCHLORIDE	2LXW0L6GWJ	WIMWMKZEIBHDTH-UHFFFAOYSA-N	47	2019-10-21	AP	Prescription	true	2026-08-28	2026-08-31	2026-08-31	2026-08-31
212218	ANDA	002	JUBILANT CADISTA	CLOMIPRAMINE HYDROCHLORIDE	CLOMIPRAMINE HYDROCHLORIDE	2LXW0L6GWJ	WIMWMKZEIBHDTH-UHFFFAOYSA-N	47	2019-10-21	AP	Prescription	true	2026-08-28	2026-08-31	2026-08-31	2026-08-31
212218	ANDA	003	JUBILANT CADISTA	CLOMIPRAMINE HYDROCHLORIDE	CLOMIPRAMINE HYDROCHLORIDE	2LXW0L6GWJ	WIMWMKZEIBHDTH-UHFFFAOYSA-N	47	2019-10-21	AP	Prescription	true	2026-08-28	2026-08-31	2026-08-31	2026-08-31
212285	ANDA	001	UNIQUE	CLOMIPRAMINE HYDROCHLORIDE	CLOMIPRAMINE HYDROCHLORIDE	2LXW0L6GWJ	WIMWMKZEIBHDTH-UHFFFAOYSA-N	47	2020-08-07	AP	Prescription	true	2026-08-28	2026-08-31	2026-08-31	2026-08-31
212285	ANDA	002	UNIQUE	CLOMIPRAMINE HYDROCHLORIDE	CLOMIPRAMINE HYDROCHLORIDE	2LXW0L6GWJ	WIMWMKZEIBHDTH-UHFFFAOYSA-N	47	2020-08-07	AP	Prescription	true	2026-08-28	2026-08-31	2026-08-31	2026-08-31
212285	ANDA	003	UNIQUE	CLOMIPRAMINE HYDROCHLORIDE	CLOMIPRAMINE HYDROCHLORIDE	2LXW0L6GWJ	WIMWMKZEIBHDTH-UHFFFAOYSA-N	47	2020-08-07	AP	Prescription	true	2026-08-28	2026-08-31	2026-08-31	2026-08-31
213219	ANDA	001	MICRO LABS	CLOMIPRAMINE HYDROCHLORIDE	CLOMIPRAMINE HYDROCHLORIDE	2LXW0L6GWJ	WIMWMKZEIBHDTH-UHFFFAOYSA-N	47	2020-06-22	AP	Prescription	true	2026-08-28	2026-08-31	2026-08-31	2026-08-31
213219	ANDA	002	MICRO LABS	CLOMIPRAMINE HYDROCHLORIDE	CLOMIPRAMINE HYDROCHLORIDE	2LXW0L6GWJ	WIMWMKZEIBHDTH-UHFFFAOYSA-N	47	2020-06-22	AP	Prescription	true	2026-08-28	2026-08-31	2026-08-31	2026-08-31
213219	ANDA	003	MICRO LABS	CLOMIPRAMINE HYDROCHLORIDE	CLOMIPRAMINE HYDROCHLORIDE	2LXW0L6GWJ	WIMWMKZEIBHDTH-UHFFFAOYSA-N	47	2020-06-22	AP	Prescription	true	2026-08-28	2026-08-31	2026-08-31	2026-08-31
213221	ANDA	001	RK PHARMA	CLOMIPRAMINE HYDROCHLORIDE	CLOMIPRAMINE HYDROCHLORIDE	2LXW0L6GWJ	WIMWMKZEIBHDTH-UHFFFAOYSA-N	47	2020-06-22	AP	Discontinued	false	2026-08-28	2026-08-31	2026-08-31	2026-08-31
213221	ANDA	002	RK PHARMA	CLOMIPRAMINE HYDROCHLORIDE	CLOMIPRAMINE HYDROCHLORIDE	2LXW0L6GWJ	WIMWMKZEIBHDTH-UHFFFAOYSA-N	47	2020-06-22	AP	Discontinued	false	2026-08-28	2026-08-31	2026-08-31	2026-08-31
213221	ANDA	003	RK PHARMA	CLOMIPRAMINE HYDROCHLORIDE	CLOMIPRAMINE HYDROCHLORIDE	2LXW0L6GWJ	WIMWMKZEIBHDTH-UHFFFAOYSA-N	47	2020-06-22	AP	Discontinued	false	2026-08-28	2026-08-31	2026-08-31	2026-08-31
213897	ANDA	001	AJANTA PHARMA LTD	CLOMIPRAMINE HYDROCHLORIDE	CLOMIPRAMINE HYDROCHLORIDE	2LXW0L6GWJ	WIMWMKZEIBHDTH-UHFFFAOYSA-N	47	2020-10-02	AP	Discontinued	false	2026-08-28	2026-08-31	2026-08-31	2026-08-31
213897	ANDA	002	AJANTA PHARMA LTD	CLOMIPRAMINE HYDROCHLORIDE	CLOMIPRAMINE HYDROCHLORIDE	2LXW0L6GWJ	WIMWMKZEIBHDTH-UHFFFAOYSA-N	47	2020-10-02	AP	Discontinued	false	2026-08-28	2026-08-31	2026-08-31	2026-08-31
213897	ANDA	003	AJANTA PHARMA LTD	CLOMIPRAMINE HYDROCHLORIDE	CLOMIPRAMINE HYDROCHLORIDE	2LXW0L6GWJ	WIMWMKZEIBHDTH-UHFFFAOYSA-N	47	2020-10-02	AP	Discontinued	false	2026-08-28	2026-08-31	2026-08-31	2026-08-31
216440	ANDA	001	AUROBINDO PHARMA	CLOMIPRAMINE HYDROCHLORIDE	CLOMIPRAMINE HYDROCHLORIDE	2LXW0L6GWJ	WIMWMKZEIBHDTH-UHFFFAOYSA-N	47	2023-03-20	AP	Prescription	true	2026-08-28	2026-08-31	2026-08-31	2026-08-31
216440	ANDA	002	AUROBINDO PHARMA	CLOMIPRAMINE HYDROCHLORIDE	CLOMIPRAMINE HYDROCHLORIDE	2LXW0L6GWJ	WIMWMKZEIBHDTH-UHFFFAOYSA-N	47	2023-03-20	AP	Prescription	true	2026-08-28	2026-08-31	2026-08-31	2026-08-31
216440	ANDA	003	AUROBINDO PHARMA	CLOMIPRAMINE HYDROCHLORIDE	CLOMIPRAMINE HYDROCHLORIDE	2LXW0L6GWJ	WIMWMKZEIBHDTH-UHFFFAOYSA-N	47	2023-03-20	AP	Prescription	true	2026-08-28	2026-08-31	2026-08-31	2026-08-31
016096	NDA	001	MERCK SHARP DOHME	MINTEZOL	THIABENDAZOLE	N1Q45E87DT	WJCNZQLZVWNLKY-UHFFFAOYSA-N	32	1967-04-07	AP	Discontinued	false	2026-08-28	2026-08-31	2026-08-31	2026-08-31
016097	NDA	001	MERCK SHARP DOHME	MINTEZOL	THIABENDAZOLE	N1Q45E87DT	WJCNZQLZVWNLKY-UHFFFAOYSA-N	32	1967-04-21	AP	Discontinued	false	2026-08-28	2026-08-31	2026-08-31	2026-08-31
008578	NDA	001	TILDE SCIENCES	DARAPRIM	PYRIMETHAMINE	Z3614QOX8W	WKSAUQYGYAYLPV-UHFFFAOYSA-N	57	1953-01-23	AP	Prescription	true	2026-08-28	2026-08-31	2026-08-31	2026-08-31
207127	ANDA	001	SANALUZ	PYRIMETHAMINE	PYRIMETHAMINE	Z3614QOX8W	WKSAUQYGYAYLPV-UHFFFAOYSA-N	57	2020-02-28	AP	Prescription	true	2026-08-28	2026-08-31	2026-08-31	2026-08-31
211271	ANDA	001	ALVOGEN	PYRIMETHAMINE	PYRIMETHAMINE	Z3614QOX8W	WKSAUQYGYAYLPV-UHFFFAOYSA-N	57	2021-07-27	AP	Discontinued	false	2026-08-28	2026-08-31	2026-08-31	2026-08-31
215506	ANDA	001	TEVA PHARMS	PYRIMETHAMINE	PYRIMETHAMINE	Z3614QOX8W	WKSAUQYGYAYLPV-UHFFFAOYSA-N	57	2021-08-13	AP	Prescription	true	2026-08-28	2026-08-31	2026-08-31	2026-08-31
216983	ANDA	001	AUROBINDO PHARMA LTD	PYRIMETHAMINE	PYRIMETHAMINE	Z3614QOX8W	WKSAUQYGYAYLPV-UHFFFAOYSA-N	57	2022-10-25	AP	Prescription	true	2026-08-28	2026-08-31	2026-08-31	2026-08-31
050678	NDA	001	LILLY RES LABS	DYNABAC	DIRITHROMYCIN	1801D76STL	WLOHNSSYAXHWNR-DWIOZXRMSA-N	29	1995-06-19	AP	Discontinued	false	2026-08-28	2026-08-31	2026-08-31	2026-08-31
016023	NDA	002	ENDO PHARMS	SYMMETREL	AMANTADINE HYDROCHLORIDE	M6Q1EO9TD0	WOLHOYHSEKDWQH-UHFFFAOYSA-N	36	1968-02-14	AP	Discontinued	false	2026-08-28	2026-08-31	2026-08-31	2026-08-31
017118	NDA	001	ENDO PHARMS	SYMMETREL	AMANTADINE HYDROCHLORIDE	M6Q1EO9TD0	WOLHOYHSEKDWQH-UHFFFAOYSA-N	36	1976-07-20	AP	Discontinued	false	2026-08-28	2026-08-31	2026-08-31	2026-08-31
018101	NDA	001	ENDO PHARMS	SYMMETREL	AMANTADINE HYDROCHLORIDE	M6Q1EO9TD0	WOLHOYHSEKDWQH-UHFFFAOYSA-N	36	1980-11-03	AP	Discontinued	false	2026-08-28	2026-08-31	2026-08-31	2026-08-31
070589	ANDA	001	UPSHER SMITH LABS	AMANTADINE HYDROCHLORIDE	AMANTADINE HYDROCHLORIDE	M6Q1EO9TD0	WOLHOYHSEKDWQH-UHFFFAOYSA-N	36	1987-01-07	AP	Prescription	true	2026-08-28	2026-08-31	2026-08-31	2026-08-31
071293	ANDA	001	SANDOZ	AMANTADINE HYDROCHLORIDE	AMANTADINE HYDROCHLORIDE	M6Q1EO9TD0	WOLHOYHSEKDWQH-UHFFFAOYSA-N	36	1987-02-18	AP	Prescription	true	2026-08-28	2026-08-31	2026-08-31	2026-08-31
072655	ANDA	001	G AND W LABS INC	AMANTADINE HYDROCHLORIDE	AMANTADINE HYDROCHLORIDE	M6Q1EO9TD0	WOLHOYHSEKDWQH-UHFFFAOYSA-N	36	1990-10-30	AP	Discontinued	false	2026-08-28	2026-08-31	2026-08-31	2026-08-31
073115	ANDA	001	TEVA PHARMS	AMANTADINE HYDROCHLORIDE	AMANTADINE HYDROCHLORIDE	M6Q1EO9TD0	WOLHOYHSEKDWQH-UHFFFAOYSA-N	36	1991-08-23	AP	Discontinued	false	2026-08-28	2026-08-31	2026-08-31	2026-08-31
074028	ANDA	001	CHARTWELL RX	AMANTADINE HYDROCHLORIDE	AMANTADINE HYDROCHLORIDE	M6Q1EO9TD0	WOLHOYHSEKDWQH-UHFFFAOYSA-N	36	1993-06-28	AP	Prescription	true	2026-08-28	2026-08-31	2026-08-31	2026-08-31
074170	ANDA	001	AUROBINDO PHARMA USA	AMANTADINE HYDROCHLORIDE	AMANTADINE HYDROCHLORIDE	M6Q1EO9TD0	WOLHOYHSEKDWQH-UHFFFAOYSA-N	36	1994-10-28	AP	Prescription	true	2026-08-28	2026-08-31	2026-08-31	2026-08-31
074509	ANDA	001	PHARM ASSOC	AMANTADINE HYDROCHLORIDE	AMANTADINE HYDROCHLORIDE	M6Q1EO9TD0	WOLHOYHSEKDWQH-UHFFFAOYSA-N	36	1995-07-17	AP	Prescription	true	2026-08-28	2026-08-31	2026-08-31	2026-08-31
075060	ANDA	001	PHARMOBEDIENT	AMANTADINE HYDROCHLORIDE	AMANTADINE HYDROCHLORIDE	M6Q1EO9TD0	WOLHOYHSEKDWQH-UHFFFAOYSA-N	36	1998-12-24	AP	Prescription	true	2026-08-28	2026-08-31	2026-08-31	2026-08-31
075819	ANDA	001	ADAPTIS	AMANTADINE HYDROCHLORIDE	AMANTADINE HYDROCHLORIDE	M6Q1EO9TD0	WOLHOYHSEKDWQH-UHFFFAOYSA-N	36	2002-09-11	AP	Discontinued	false	2026-08-28	2026-08-31	2026-08-31	2026-08-31
076186	ANDA	001	UPSHER SMITH LABS	AMANTADINE HYDROCHLORIDE	AMANTADINE HYDROCHLORIDE	M6Q1EO9TD0	WOLHOYHSEKDWQH-UHFFFAOYSA-N	36	2002-12-16	AP	Prescription	true	2026-08-28	2026-08-31	2026-08-31	2026-08-31
076352	ANDA	001	CHARTWELL RX	AMANTADINE HYDROCHLORIDE	AMANTADINE HYDROCHLORIDE	M6Q1EO9TD0	WOLHOYHSEKDWQH-UHFFFAOYSA-N	36	2004-09-10	AP	Discontinued	false	2026-08-28	2026-08-31	2026-08-31	2026-08-31
077659	ANDA	001	ACTAVIS ELIZABETH	AMANTADINE HYDROCHLORIDE	AMANTADINE HYDROCHLORIDE	M6Q1EO9TD0	WOLHOYHSEKDWQH-UHFFFAOYSA-N	36	2006-02-23	AP	Discontinued	false	2026-08-28	2026-08-31	2026-08-31	2026-08-31
077992	ANDA	001	PH HEALTH	AMANTADINE HYDROCHLORIDE	AMANTADINE HYDROCHLORIDE	M6Q1EO9TD0	WOLHOYHSEKDWQH-UHFFFAOYSA-N	36	2006-12-12	AP	Discontinued	false	2026-08-28	2026-08-31	2026-08-31	2026-08-31
078720	ANDA	001	BIONPHARMA	AMANTADINE HYDROCHLORIDE	AMANTADINE HYDROCHLORIDE	M6Q1EO9TD0	WOLHOYHSEKDWQH-UHFFFAOYSA-N	36	2008-05-29	AP	Prescription	true	2026-08-28	2026-08-31	2026-08-31	2026-08-31
207570	ANDA	001	INVAGEN PHARMS	AMANTADINE HYDROCHLORIDE	AMANTADINE HYDROCHLORIDE	M6Q1EO9TD0	WOLHOYHSEKDWQH-UHFFFAOYSA-N	36	2016-09-30	AP	Discontinued	false	2026-08-28	2026-08-31	2026-08-31	2026-08-31
207571	ANDA	001	INVAGEN PHARMS	AMANTADINE HYDROCHLORIDE	AMANTADINE HYDROCHLORIDE	M6Q1EO9TD0	WOLHOYHSEKDWQH-UHFFFAOYSA-N	36	2017-01-31	AP	Discontinued	false	2026-08-28	2026-08-31	2026-08-31	2026-08-31
208096	ANDA	001	WATSON LABS INC	AMANTADINE HYDROCHLORIDE	AMANTADINE HYDROCHLORIDE	M6Q1EO9TD0	WOLHOYHSEKDWQH-UHFFFAOYSA-N	36	2016-12-15	AP	Discontinued	false	2026-08-28	2026-08-31	2026-08-31	2026-08-31
208107	ANDA	001	WATSON LABS INC	AMANTADINE HYDROCHLORIDE	AMANTADINE HYDROCHLORIDE	M6Q1EO9TD0	WOLHOYHSEKDWQH-UHFFFAOYSA-N	36	2016-12-06	AP	Discontinued	false	2026-08-28	2026-08-31	2026-08-31	2026-08-31
208278	ANDA	001	ZYDUS PHARMS	AMANTADINE HYDROCHLORIDE	AMANTADINE HYDROCHLORIDE	M6Q1EO9TD0	WOLHOYHSEKDWQH-UHFFFAOYSA-N	36	2016-05-31	AP	Prescription	true	2026-08-28	2026-08-31	2026-08-31	2026-08-31
208944	NDA	001	SUPERNUS PHARMS	GOCOVRI	AMANTADINE HYDROCHLORIDE	M6Q1EO9TD0	WOLHOYHSEKDWQH-UHFFFAOYSA-N	36	2017-08-24	AP	Prescription	true	2026-08-28	2026-08-31	2026-08-31	2026-08-31
208944	NDA	002	SUPERNUS PHARMS	GOCOVRI	AMANTADINE HYDROCHLORIDE	M6Q1EO9TD0	WOLHOYHSEKDWQH-UHFFFAOYSA-N	36	2017-08-24	AP	Prescription	true	2026-08-28	2026-08-31	2026-08-31	2026-08-31
208966	ANDA	001	ALEMBIC	AMANTADINE HYDROCHLORIDE	AMANTADINE HYDROCHLORIDE	M6Q1EO9TD0	WOLHOYHSEKDWQH-UHFFFAOYSA-N	36	2017-06-21	AP	Prescription	true	2026-08-28	2026-08-31	2026-08-31	2026-08-31
209035	ANDA	001	STRIDES PHARMA	AMANTADINE HYDROCHLORIDE	AMANTADINE HYDROCHLORIDE	M6Q1EO9TD0	WOLHOYHSEKDWQH-UHFFFAOYSA-N	36	2017-06-09	AP	Prescription	true	2026-08-28	2026-08-31	2026-08-31	2026-08-31
209047	ANDA	001	STRIDES PHARMA	AMANTADINE HYDROCHLORIDE	AMANTADINE HYDROCHLORIDE	M6Q1EO9TD0	WOLHOYHSEKDWQH-UHFFFAOYSA-N	36	2017-06-07	AP	Prescription	true	2026-08-28	2026-08-31	2026-08-31	2026-08-31
209171	ANDA	001	HERITAGE PHARMA	AMANTADINE HYDROCHLORIDE	AMANTADINE HYDROCHLORIDE	M6Q1EO9TD0	WOLHOYHSEKDWQH-UHFFFAOYSA-N	36	2017-06-12	AP	Prescription	true	2026-08-28	2026-08-31	2026-08-31	2026-08-31
209221	ANDA	001	CHARTWELL MOLECULAR	AMANTADINE HYDROCHLORIDE	AMANTADINE HYDROCHLORIDE	M6Q1EO9TD0	WOLHOYHSEKDWQH-UHFFFAOYSA-N	36	2017-06-15	AP	Discontinued	false	2026-08-28	2026-08-31	2026-08-31	2026-08-31
209410	NDA	001	SUPERNUS PHARMS	OSMOLEX ER	AMANTADINE HYDROCHLORIDE	M6Q1EO9TD0	WOLHOYHSEKDWQH-UHFFFAOYSA-N	36	2018-02-16	AP	Discontinued	false	2026-08-28	2026-08-31	2026-08-31	2026-08-31
209410	NDA	002	SUPERNUS PHARMS	OSMOLEX ER	AMANTADINE HYDROCHLORIDE	M6Q1EO9TD0	WOLHOYHSEKDWQH-UHFFFAOYSA-N	36	2018-02-16	AP	Discontinued	false	2026-08-28	2026-08-31	2026-08-31	2026-08-31
209410	NDA	003	SUPERNUS PHARMS	OSMOLEX ER	AMANTADINE HYDROCHLORIDE	M6Q1EO9TD0	WOLHOYHSEKDWQH-UHFFFAOYSA-N	36	2018-02-16	AP	Discontinued	false	2026-08-28	2026-08-31	2026-08-31	2026-08-31
209410	NDA	004	SUPERNUS PHARMS	OSMOLEX ER	AMANTADINE HYDROCHLORIDE	M6Q1EO9TD0	WOLHOYHSEKDWQH-UHFFFAOYSA-N	36	2018-02-16	AP	Discontinued	false	2026-08-28	2026-08-31	2026-08-31	2026-08-31
210129	ANDA	001	RISING	AMANTADINE HYDROCHLORIDE	AMANTADINE HYDROCHLORIDE	M6Q1EO9TD0	WOLHOYHSEKDWQH-UHFFFAOYSA-N	36	2020-03-02	AP	Prescription	true	2026-08-28	2026-08-31	2026-08-31	2026-08-31
210215	ANDA	001	POM PHARMA	AMANTADINE HYDROCHLORIDE	AMANTADINE HYDROCHLORIDE	M6Q1EO9TD0	WOLHOYHSEKDWQH-UHFFFAOYSA-N	36	2020-03-10	AP	Prescription	true	2026-08-28	2026-08-31	2026-08-31	2026-08-31
210403	ANDA	001	JUBILANT GENERICS	AMANTADINE HYDROCHLORIDE	AMANTADINE HYDROCHLORIDE	M6Q1EO9TD0	WOLHOYHSEKDWQH-UHFFFAOYSA-N	36	2018-02-07	AP	Discontinued	false	2026-08-28	2026-08-31	2026-08-31	2026-08-31
211354	ANDA	001	ONESOURCE	AMANTADINE HYDROCHLORIDE	AMANTADINE HYDROCHLORIDE	M6Q1EO9TD0	WOLHOYHSEKDWQH-UHFFFAOYSA-N	36	2022-02-18	AP	Prescription	true	2026-08-28	2026-08-31	2026-08-31	2026-08-31
212044	ANDA	001	RUBICON RESEARCH	AMANTADINE HYDROCHLORIDE	AMANTADINE HYDROCHLORIDE	M6Q1EO9TD0	WOLHOYHSEKDWQH-UHFFFAOYSA-N	36	2020-05-21	AP	Prescription	true	2026-08-28	2026-08-31	2026-08-31	2026-08-31
212407	ANDA	001	ADAPTIS	AMANTADINE HYDROCHLORIDE	AMANTADINE HYDROCHLORIDE	M6Q1EO9TD0	WOLHOYHSEKDWQH-UHFFFAOYSA-N	36	2022-05-27	AP	Discontinued	false	2026-08-28	2026-08-31	2026-08-31	2026-08-31
214178	ANDA	001	POM PHARMA	AMANTADINE HYDROCHLORIDE	AMANTADINE HYDROCHLORIDE	M6Q1EO9TD0	WOLHOYHSEKDWQH-UHFFFAOYSA-N	36	2021-08-20	AP	Prescription	true	2026-08-28	2026-08-31	2026-08-31	2026-08-31
214284	ANDA	001	ALEMBIC	AMANTADINE HYDROCHLORIDE	AMANTADINE HYDROCHLORIDE	M6Q1EO9TD0	WOLHOYHSEKDWQH-UHFFFAOYSA-N	36	2020-10-15	AP	Prescription	true	2026-08-28	2026-08-31	2026-08-31	2026-08-31
214580	ANDA	001	HUMANWELL PURACAP	AMANTADINE HYDROCHLORIDE	AMANTADINE HYDROCHLORIDE	M6Q1EO9TD0	WOLHOYHSEKDWQH-UHFFFAOYSA-N	36	2022-12-20	AP	Prescription	true	2026-08-28	2026-08-31	2026-08-31	2026-08-31
214897	ANDA	001	ZYDUS	AMANTADINE HYDROCHLORIDE	AMANTADINE HYDROCHLORIDE	M6Q1EO9TD0	WOLHOYHSEKDWQH-UHFFFAOYSA-N	36	2024-08-26	AP	Discontinued	false	2026-08-28	2026-08-31	2026-08-31	2026-08-31
218598	ANDA	001	ZHEJIANG JUTAI PHARM	AMANTADINE HYDROCHLORIDE	AMANTADINE HYDROCHLORIDE	M6Q1EO9TD0	WOLHOYHSEKDWQH-UHFFFAOYSA-N	36	2024-09-26	AP	Prescription	true	2026-08-28	2026-08-31	2026-08-31	2026-08-31
021449	NDA	001	GILEAD	HEPSERA	ADEFOVIR DIPIVOXIL	U6Q8Z01514	WOZSCQDILHKSGG-UHFFFAOYSA-N	17	2002-09-20	AP	Discontinued	false	2026-08-28	2026-08-31	2026-08-31	2026-08-31
202051	ANDA	001	SIGMAPHARM LABS LLC	ADEFOVIR DIPIVOXIL	ADEFOVIR DIPIVOXIL	U6Q8Z01514	WOZSCQDILHKSGG-UHFFFAOYSA-N	17	2013-08-29	AP	Prescription	true	2026-08-28	2026-08-31	2026-08-31	2026-08-31
205459	ANDA	001	APOTEX	ADEFOVIR DIPIVOXIL	ADEFOVIR DIPIVOXIL	U6Q8Z01514	WOZSCQDILHKSGG-UHFFFAOYSA-N	17	2018-07-06	AP	Prescription	true	2026-08-28	2026-08-31	2026-08-31	2026-08-31
020199	NDA	001	ROCHE	HIVID	ZALCITABINE	6L3XT8CB3I	WREGKURFCTUGRC-POYBYMJQSA-N	31	1992-06-19	AP	Discontinued	false	2026-08-28	2026-08-31	2026-08-31	2026-08-31
020199	NDA	002	ROCHE	HIVID	ZALCITABINE	6L3XT8CB3I	WREGKURFCTUGRC-POYBYMJQSA-N	31	1992-06-19	AP	Discontinued	false	2026-08-28	2026-08-31	2026-08-31	2026-08-31
074346	ANDA	001	ADAPTIS	PASER	AMINOSALICYLIC ACID	5B2658E0N2	WUBBRNOQWQTFEX-UHFFFAOYSA-N	49	1994-06-30	AP	Prescription	true	2026-08-28	2026-08-31	2026-08-31	2026-08-31
019828	NDA	001	FOUGERA	OXISTAT	OXICONAZOLE NITRATE	RQ8UL4C17S	WVNOAGNOIPTWPT-NDUABGMUSA-N	22	1988-12-30	AP	Prescription	true	2026-08-28	2026-08-31	2026-08-31	2026-08-31
020209	NDA	001	ANI PHARMS	OXISTAT	OXICONAZOLE NITRATE	RQ8UL4C17S	WVNOAGNOIPTWPT-NDUABGMUSA-N	22	1992-09-30	AP	Discontinued	false	2026-08-28	2026-08-31	2026-08-31	2026-08-31
205076	ANDA	001	SUN PHARMA CANADA	OXICONAZOLE NITRATE	OXICONAZOLE NITRATE	RQ8UL4C17S	WVNOAGNOIPTWPT-NDUABGMUSA-N	22	2016-03-07	AP	Prescription	true	2026-08-28	2026-08-31	2026-08-31	2026-08-31
050580	NDA	001	LABS DELBERT	AZACTAM	AZTREONAM	G2B4VE5GH8	WZPBZJONDBGPKJ-VEHQQRBSSA-N	48	1986-12-31	AP	Discontinued	false	2026-08-28	2026-08-31	2026-08-31	2026-08-31
050580	NDA	002	LABS DELBERT	AZACTAM	AZTREONAM	G2B4VE5GH8	WZPBZJONDBGPKJ-VEHQQRBSSA-N	48	1986-12-31	AP	Prescription	true	2026-08-28	2026-08-31	2026-08-31	2026-08-31
050580	NDA	003	LABS DELBERT	AZACTAM	AZTREONAM	G2B4VE5GH8	WZPBZJONDBGPKJ-VEHQQRBSSA-N	48	1986-12-31	AP	Prescription	true	2026-08-28	2026-08-31	2026-08-31	2026-08-31
050632	NDA	001	BRISTOL MYERS SQUIBB	AZACTAM IN PLASTIC CONTAINER	AZTREONAM	G2B4VE5GH8	WZPBZJONDBGPKJ-VEHQQRBSSA-N	48	1989-05-24	AP	Discontinued	false	2026-08-28	2026-08-31	2026-08-31	2026-08-31
050632	NDA	002	BRISTOL MYERS SQUIBB	AZACTAM IN PLASTIC CONTAINER	AZTREONAM	G2B4VE5GH8	WZPBZJONDBGPKJ-VEHQQRBSSA-N	48	1989-05-24	AP	Discontinued	false	2026-08-28	2026-08-31	2026-08-31	2026-08-31
050632	NDA	003	BRISTOL MYERS SQUIBB	AZACTAM IN PLASTIC CONTAINER	AZTREONAM	G2B4VE5GH8	WZPBZJONDBGPKJ-VEHQQRBSSA-N	48	1989-05-24	AP	Discontinued	false	2026-08-28	2026-08-31	2026-08-31	2026-08-31
050814	NDA	001	GILEAD	CAYSTON	AZTREONAM	G2B4VE5GH8	WZPBZJONDBGPKJ-VEHQQRBSSA-N	48	2010-02-22	AP	Prescription	true	2026-08-28	2026-08-31	2026-08-31	2026-08-31
065286	ANDA	001	HIKMA	AZTREONAM	AZTREONAM	G2B4VE5GH8	WZPBZJONDBGPKJ-VEHQQRBSSA-N	48	2011-03-23	AP	Discontinued	false	2026-08-28	2026-08-31	2026-08-31	2026-08-31
065286	ANDA	002	HIKMA	AZTREONAM	AZTREONAM	G2B4VE5GH8	WZPBZJONDBGPKJ-VEHQQRBSSA-N	48	2011-03-23	AP	Discontinued	false	2026-08-28	2026-08-31	2026-08-31	2026-08-31
065439	ANDA	001	FRESENIUS KABI USA	AZTREONAM	AZTREONAM	G2B4VE5GH8	WZPBZJONDBGPKJ-VEHQQRBSSA-N	48	2010-06-18	AP	Prescription	true	2026-08-28	2026-08-31	2026-08-31	2026-08-31
065439	ANDA	002	FRESENIUS KABI USA	AZTREONAM	AZTREONAM	G2B4VE5GH8	WZPBZJONDBGPKJ-VEHQQRBSSA-N	48	2010-06-18	AP	Prescription	true	2026-08-28	2026-08-31	2026-08-31	2026-08-31
065439	ANDA	003	FRESENIUS KABI USA	AZTREONAM	AZTREONAM	G2B4VE5GH8	WZPBZJONDBGPKJ-VEHQQRBSSA-N	48	2010-06-18	AP	Prescription	true	2026-08-28	2026-08-31	2026-08-31	2026-08-31
206517	ANDA	001	HOSPIRA	AZTREONAM	AZTREONAM	G2B4VE5GH8	WZPBZJONDBGPKJ-VEHQQRBSSA-N	48	2021-11-08	AP	Prescription	true	2026-08-28	2026-08-31	2026-08-31	2026-08-31
206517	ANDA	002	HOSPIRA	AZTREONAM	AZTREONAM	G2B4VE5GH8	WZPBZJONDBGPKJ-VEHQQRBSSA-N	48	2021-11-08	AP	Prescription	true	2026-08-28	2026-08-31	2026-08-31	2026-08-31
207069	ANDA	001	HIKMA	AZTREONAM	AZTREONAM	G2B4VE5GH8	WZPBZJONDBGPKJ-VEHQQRBSSA-N	48	2026-02-05	AP	Discontinued	false	2026-08-28	2026-08-31	2026-08-31	2026-08-31
207069	ANDA	002	HIKMA	AZTREONAM	AZTREONAM	G2B4VE5GH8	WZPBZJONDBGPKJ-VEHQQRBSSA-N	48	2026-02-05	AP	Discontinued	false	2026-08-28	2026-08-31	2026-08-31	2026-08-31
020412	NDA	001	BRISTOL	ZERIT	STAVUDINE	BO9LE4QFZF	XNKLLVCARDGLGL-JGVFFNPUSA-N	56	1994-06-24	AP	Discontinued	false	2026-08-28	2026-08-31	2026-08-31	2026-08-31
020412	NDA	002	BRISTOL	ZERIT	STAVUDINE	BO9LE4QFZF	XNKLLVCARDGLGL-JGVFFNPUSA-N	56	1994-06-24	AP	Discontinued	false	2026-08-28	2026-08-31	2026-08-31	2026-08-31
020412	NDA	003	BRISTOL	ZERIT	STAVUDINE	BO9LE4QFZF	XNKLLVCARDGLGL-JGVFFNPUSA-N	56	1994-06-24	AP	Discontinued	false	2026-08-28	2026-08-31	2026-08-31	2026-08-31
020412	NDA	004	BRISTOL	ZERIT	STAVUDINE	BO9LE4QFZF	XNKLLVCARDGLGL-JGVFFNPUSA-N	56	1994-06-24	AP	Discontinued	false	2026-08-28	2026-08-31	2026-08-31	2026-08-31
020412	NDA	005	BRISTOL	ZERIT	STAVUDINE	BO9LE4QFZF	XNKLLVCARDGLGL-JGVFFNPUSA-N	56	1994-06-24	AP	Discontinued	false	2026-08-28	2026-08-31	2026-08-31	2026-08-31
020413	NDA	001	BRISTOL	ZERIT	STAVUDINE	BO9LE4QFZF	XNKLLVCARDGLGL-JGVFFNPUSA-N	56	1996-09-06	AP	Discontinued	false	2026-08-28	2026-08-31	2026-08-31	2026-08-31
021453	NDA	001	BRISTOL MYERS SQUIBB	ZERIT XR	STAVUDINE	BO9LE4QFZF	XNKLLVCARDGLGL-JGVFFNPUSA-N	56	2002-12-31	AP	Discontinued	false	2026-08-28	2026-08-31	2026-08-31	2026-08-31
021453	NDA	002	BRISTOL MYERS SQUIBB	ZERIT XR	STAVUDINE	BO9LE4QFZF	XNKLLVCARDGLGL-JGVFFNPUSA-N	56	2002-12-31	AP	Discontinued	false	2026-08-28	2026-08-31	2026-08-31	2026-08-31
021453	NDA	003	BRISTOL MYERS SQUIBB	ZERIT XR	STAVUDINE	BO9LE4QFZF	XNKLLVCARDGLGL-JGVFFNPUSA-N	56	2002-12-31	AP	Discontinued	false	2026-08-28	2026-08-31	2026-08-31	2026-08-31
021453	NDA	004	BRISTOL MYERS SQUIBB	ZERIT XR	STAVUDINE	BO9LE4QFZF	XNKLLVCARDGLGL-JGVFFNPUSA-N	56	2002-12-31	AP	Discontinued	false	2026-08-28	2026-08-31	2026-08-31	2026-08-31
077672	ANDA	001	AUROBINDO PHARMA	STAVUDINE	STAVUDINE	BO9LE4QFZF	XNKLLVCARDGLGL-JGVFFNPUSA-N	56	2008-12-29	AP	Discontinued	false	2026-08-28	2026-08-31	2026-08-31	2026-08-31
077672	ANDA	002	AUROBINDO PHARMA	STAVUDINE	STAVUDINE	BO9LE4QFZF	XNKLLVCARDGLGL-JGVFFNPUSA-N	56	2008-12-29	AP	Discontinued	false	2026-08-28	2026-08-31	2026-08-31	2026-08-31
077672	ANDA	003	AUROBINDO PHARMA	STAVUDINE	STAVUDINE	BO9LE4QFZF	XNKLLVCARDGLGL-JGVFFNPUSA-N	56	2008-12-29	AP	Discontinued	false	2026-08-28	2026-08-31	2026-08-31	2026-08-31
077672	ANDA	004	AUROBINDO PHARMA	STAVUDINE	STAVUDINE	BO9LE4QFZF	XNKLLVCARDGLGL-JGVFFNPUSA-N	56	2008-12-29	AP	Discontinued	false	2026-08-28	2026-08-31	2026-08-31	2026-08-31
077774	ANDA	001	AUROBINDO PHARMA	STAVUDINE	STAVUDINE	BO9LE4QFZF	XNKLLVCARDGLGL-JGVFFNPUSA-N	56	2008-12-29	AP	Discontinued	false	2026-08-28	2026-08-31	2026-08-31	2026-08-31
078030	ANDA	001	CIPLA LTD	STAVUDINE	STAVUDINE	BO9LE4QFZF	XNKLLVCARDGLGL-JGVFFNPUSA-N	56	2009-03-20	AP	Discontinued	false	2026-08-28	2026-08-31	2026-08-31	2026-08-31
078775	ANDA	001	PHARMOBEDIENT	STAVUDINE	STAVUDINE	BO9LE4QFZF	XNKLLVCARDGLGL-JGVFFNPUSA-N	56	2009-01-05	AP	Discontinued	false	2026-08-28	2026-08-31	2026-08-31	2026-08-31
078775	ANDA	002	PHARMOBEDIENT	STAVUDINE	STAVUDINE	BO9LE4QFZF	XNKLLVCARDGLGL-JGVFFNPUSA-N	56	2009-01-05	AP	Discontinued	false	2026-08-28	2026-08-31	2026-08-31	2026-08-31
078957	ANDA	001	HETERO LABS LTD III	STAVUDINE	STAVUDINE	BO9LE4QFZF	XNKLLVCARDGLGL-JGVFFNPUSA-N	56	2008-12-29	AP	Discontinued	false	2026-08-28	2026-08-31	2026-08-31	2026-08-31
078957	ANDA	002	HETERO LABS LTD III	STAVUDINE	STAVUDINE	BO9LE4QFZF	XNKLLVCARDGLGL-JGVFFNPUSA-N	56	2008-12-29	AP	Discontinued	false	2026-08-28	2026-08-31	2026-08-31	2026-08-31
078957	ANDA	003	HETERO LABS LTD III	STAVUDINE	STAVUDINE	BO9LE4QFZF	XNKLLVCARDGLGL-JGVFFNPUSA-N	56	2008-12-29	AP	Discontinued	false	2026-08-28	2026-08-31	2026-08-31	2026-08-31
078957	ANDA	004	HETERO LABS LTD III	STAVUDINE	STAVUDINE	BO9LE4QFZF	XNKLLVCARDGLGL-JGVFFNPUSA-N	56	2008-12-29	AP	Discontinued	false	2026-08-28	2026-08-31	2026-08-31	2026-08-31
079069	ANDA	001	PHARMOBEDIENT	STAVUDINE	STAVUDINE	BO9LE4QFZF	XNKLLVCARDGLGL-JGVFFNPUSA-N	56	2008-12-29	AP	Discontinued	false	2026-08-28	2026-08-31	2026-08-31	2026-08-31
079069	ANDA	002	PHARMOBEDIENT	STAVUDINE	STAVUDINE	BO9LE4QFZF	XNKLLVCARDGLGL-JGVFFNPUSA-N	56	2008-12-29	AP	Discontinued	false	2026-08-28	2026-08-31	2026-08-31	2026-08-31
079069	ANDA	003	PHARMOBEDIENT	STAVUDINE	STAVUDINE	BO9LE4QFZF	XNKLLVCARDGLGL-JGVFFNPUSA-N	56	2008-12-29	AP	Discontinued	false	2026-08-28	2026-08-31	2026-08-31	2026-08-31
079069	ANDA	004	PHARMOBEDIENT	STAVUDINE	STAVUDINE	BO9LE4QFZF	XNKLLVCARDGLGL-JGVFFNPUSA-N	56	2008-12-29	AP	Discontinued	false	2026-08-28	2026-08-31	2026-08-31	2026-08-31
020972	NDA	001	BRISTOL MYERS SQUIBB	SUSTIVA	EFAVIRENZ	JE6H2O27P8	XPOQHMRABVBWPR-ZDUSSCGKSA-N	56	1998-09-17	AP	Discontinued	false	2026-08-28	2026-08-31	2026-08-31	2026-08-31
020972	NDA	002	BRISTOL MYERS SQUIBB	SUSTIVA	EFAVIRENZ	JE6H2O27P8	XPOQHMRABVBWPR-ZDUSSCGKSA-N	56	1998-09-17	AP	Discontinued	false	2026-08-28	2026-08-31	2026-08-31	2026-08-31
020972	NDA	003	BRISTOL MYERS SQUIBB	SUSTIVA	EFAVIRENZ	JE6H2O27P8	XPOQHMRABVBWPR-ZDUSSCGKSA-N	56	1998-09-17	AP	Discontinued	false	2026-08-28	2026-08-31	2026-08-31	2026-08-31
021360	NDA	001	BRISTOL MYERS SQUIBB	SUSTIVA	EFAVIRENZ	JE6H2O27P8	XPOQHMRABVBWPR-ZDUSSCGKSA-N	56	2002-02-01	AP	Discontinued	false	2026-08-28	2026-08-31	2026-08-31	2026-08-31
021360	NDA	002	BRISTOL MYERS SQUIBB	SUSTIVA	EFAVIRENZ	JE6H2O27P8	XPOQHMRABVBWPR-ZDUSSCGKSA-N	56	2002-02-01	AP	Discontinued	false	2026-08-28	2026-08-31	2026-08-31	2026-08-31
077673	ANDA	001	AUROBINDO PHARMA LTD	EFAVIRENZ	EFAVIRENZ	JE6H2O27P8	XPOQHMRABVBWPR-ZDUSSCGKSA-N	56	2018-09-21	AP	Prescription	true	2026-08-28	2026-08-31	2026-08-31	2026-08-31
078064	ANDA	001	AUROBINDO PHARMA	EFAVIRENZ	EFAVIRENZ	JE6H2O27P8	XPOQHMRABVBWPR-ZDUSSCGKSA-N	56	2017-12-15	AP	Prescription	true	2026-08-28	2026-08-31	2026-08-31	2026-08-31
078064	ANDA	002	AUROBINDO PHARMA	EFAVIRENZ	EFAVIRENZ	JE6H2O27P8	XPOQHMRABVBWPR-ZDUSSCGKSA-N	56	2017-12-15	AP	Prescription	true	2026-08-28	2026-08-31	2026-08-31	2026-08-31
078064	ANDA	003	AUROBINDO PHARMA	EFAVIRENZ	EFAVIRENZ	JE6H2O27P8	XPOQHMRABVBWPR-ZDUSSCGKSA-N	56	2017-12-15	AP	Prescription	true	2026-08-28	2026-08-31	2026-08-31	2026-08-31
078509	ANDA	001	STRIDES PHARMA	EFAVIRENZ	EFAVIRENZ	JE6H2O27P8	XPOQHMRABVBWPR-ZDUSSCGKSA-N	56	2021-06-16	AP	Discontinued	false	2026-08-28	2026-08-31	2026-08-31	2026-08-31
078886	ANDA	001	HETERO LABS LTD III	EFAVIRENZ	EFAVIRENZ	JE6H2O27P8	XPOQHMRABVBWPR-ZDUSSCGKSA-N	56	2018-04-27	AP	Prescription	true	2026-08-28	2026-08-31	2026-08-31	2026-08-31
091471	ANDA	001	MYLAN	EFAVIRENZ	EFAVIRENZ	JE6H2O27P8	XPOQHMRABVBWPR-ZDUSSCGKSA-N	56	2016-02-17	AP	Discontinued	false	2026-08-28	2026-08-31	2026-08-31	2026-08-31
091579	ANDA	001	MACLEODS PHARMS	EFAVIRENZ	EFAVIRENZ	JE6H2O27P8	XPOQHMRABVBWPR-ZDUSSCGKSA-N	56	2024-05-10	AP	Prescription	true	2026-08-28	2026-08-31	2026-08-31	2026-08-31
204766	ANDA	001	CIPLA	EFAVIRENZ	EFAVIRENZ	JE6H2O27P8	XPOQHMRABVBWPR-ZDUSSCGKSA-N	56	2018-06-15	AP	Prescription	true	2026-08-28	2026-08-31	2026-08-31	2026-08-31
204869	ANDA	001	PHARMOBEDIENT	EFAVIRENZ	EFAVIRENZ	JE6H2O27P8	XPOQHMRABVBWPR-ZDUSSCGKSA-N	56	2018-03-12	AP	Discontinued	false	2026-08-28	2026-08-31	2026-08-31	2026-08-31
205322	ANDA	001	AUROBINDO PHARMA	EFAVIRENZ	EFAVIRENZ	JE6H2O27P8	XPOQHMRABVBWPR-ZDUSSCGKSA-N	56	2018-08-30	AP	Discontinued	false	2026-08-28	2026-08-31	2026-08-31	2026-08-31
013934	NDA	001	GLAXOSMITHKLINE	STOXIL	IDOXURIDINE	LGP81V5245	XQFRJNBWHJMXHO-RRKCRQDMSA-N	32	1964-04-06	AP	Discontinued	false	2026-08-28	2026-08-31	2026-08-31	2026-08-31
013935	NDA	002	ALLERGAN	HERPLEX	IDOXURIDINE	LGP81V5245	XQFRJNBWHJMXHO-RRKCRQDMSA-N	32	1963-06-11	AP	Discontinued	false	2026-08-28	2026-08-31	2026-08-31	2026-08-31
014169	NDA	001	ALCON	DENDRID	IDOXURIDINE	LGP81V5245	XQFRJNBWHJMXHO-RRKCRQDMSA-N	32	1963-06-28	AP	Discontinued	false	2026-08-28	2026-08-31	2026-08-31	2026-08-31
015868	NDA	001	GLAXOSMITHKLINE	STOXIL	IDOXURIDINE	LGP81V5245	XQFRJNBWHJMXHO-RRKCRQDMSA-N	32	1967-09-02	AP	Discontinued	false	2026-08-28	2026-08-31	2026-08-31	2026-08-31
021500	NDA	001	GILEAD	EMTRIVA	EMTRICITABINE	G70B4ETF4S	XQSPYNMVSIKCOC-NTSWFWBYSA-N	76	2003-07-02	AP	Prescription	true	2026-08-28	2026-08-31	2026-08-31	2026-08-31
021896	NDA	001	GILEAD	EMTRIVA	EMTRICITABINE	G70B4ETF4S	XQSPYNMVSIKCOC-NTSWFWBYSA-N	76	2005-09-28	AP	Prescription	true	2026-08-28	2026-08-31	2026-08-31	2026-08-31
021896	NDA	002	GILEAD	EMTRIVA	EMTRICITABINE	G70B4ETF4S	XQSPYNMVSIKCOC-NTSWFWBYSA-N	76	2005-09-28	AP	Prescription	true	2026-08-28	2026-08-31	2026-08-31	2026-08-31
079188	ANDA	001	AUROBINDO PHARMA LTD	EMTRICITABINE	EMTRICITABINE	G70B4ETF4S	XQSPYNMVSIKCOC-NTSWFWBYSA-N	76	2023-03-15	AP	Prescription	true	2026-08-28	2026-08-31	2026-08-31	2026-08-31
091168	ANDA	001	CIPLA	EMTRICITABINE	EMTRICITABINE	G70B4ETF4S	XQSPYNMVSIKCOC-NTSWFWBYSA-N	76	2018-07-02	AP	Prescription	true	2026-08-28	2026-08-31	2026-08-31	2026-08-31
050006	NDA	001	PFIZER	VIBRAMYCIN	DOXYCYCLINE	N12000U13O	XQTWDDCIUJNLTR-CVHRZJFOSA-N	51	1967-12-06	AP	Discontinued	false	2026-08-28	2026-08-31	2026-08-31	2026-08-31
050641	NDA	001	CHARTWELL RX	MONODOX	DOXYCYCLINE	N12000U13O	XQTWDDCIUJNLTR-CVHRZJFOSA-N	51	1989-12-29	AP	Prescription	true	2026-08-28	2026-08-31	2026-08-31	2026-08-31
050641	NDA	002	CHARTWELL RX	MONODOX	DOXYCYCLINE	N12000U13O	XQTWDDCIUJNLTR-CVHRZJFOSA-N	51	1989-12-29	AP	Prescription	true	2026-08-28	2026-08-31	2026-08-31	2026-08-31
050641	NDA	003	CHARTWELL RX	MONODOX	DOXYCYCLINE	N12000U13O	XQTWDDCIUJNLTR-CVHRZJFOSA-N	51	1989-12-29	AP	Prescription	true	2026-08-28	2026-08-31	2026-08-31	2026-08-31
050641	NDA	004	CHARTWELL RX	MONODOX	DOXYCYCLINE	N12000U13O	XQTWDDCIUJNLTR-CVHRZJFOSA-N	51	1989-12-29	AP	Prescription	true	2026-08-28	2026-08-31	2026-08-31	2026-08-31
050805	NDA	001	GALDERMA LABS LP	ORACEA	DOXYCYCLINE	N12000U13O	XQTWDDCIUJNLTR-CVHRZJFOSA-N	51	2006-05-26	AP	Prescription	true	2026-08-28	2026-08-31	2026-08-31	2026-08-31
061720	ANDA	001	RACHELLE	DOXYCHEL	DOXYCYCLINE	N12000U13O	XQTWDDCIUJNLTR-CVHRZJFOSA-N	51	1973-06-18	AP	Discontinued	false	2026-08-28	2026-08-31	2026-08-31	2026-08-31
065032	ANDA	001	SANDOZ INC	DOXYCYCLINE	DOXYCYCLINE	N12000U13O	XQTWDDCIUJNLTR-CVHRZJFOSA-N	51	2000-06-30	AP	Discontinued	false	2026-08-28	2026-08-31	2026-08-31	2026-08-31
065032	ANDA	002	SANDOZ INC	DOXYCYCLINE	DOXYCYCLINE	N12000U13O	XQTWDDCIUJNLTR-CVHRZJFOSA-N	51	2000-06-30	AP	Discontinued	false	2026-08-28	2026-08-31	2026-08-31	2026-08-31
065041	ANDA	001	WATSON LABS	DOXYCYCLINE	DOXYCYCLINE	N12000U13O	XQTWDDCIUJNLTR-CVHRZJFOSA-N	51	2000-04-28	AP	Discontinued	false	2026-08-28	2026-08-31	2026-08-31	2026-08-31
065041	ANDA	002	WATSON LABS	DOXYCYCLINE	DOXYCYCLINE	N12000U13O	XQTWDDCIUJNLTR-CVHRZJFOSA-N	51	2000-04-28	AP	Discontinued	false	2026-08-28	2026-08-31	2026-08-31	2026-08-31
065053	ANDA	001	SUN PHARM INDS LTD	DOXYCYCLINE	DOXYCYCLINE	N12000U13O	XQTWDDCIUJNLTR-CVHRZJFOSA-N	51	2000-11-22	AP	Prescription	true	2026-08-28	2026-08-31	2026-08-31	2026-08-31
065053	ANDA	002	SUN PHARM INDS LTD	DOXYCYCLINE	DOXYCYCLINE	N12000U13O	XQTWDDCIUJNLTR-CVHRZJFOSA-N	51	2000-11-22	AP	Prescription	true	2026-08-28	2026-08-31	2026-08-31	2026-08-31
065053	ANDA	003	SUN PHARM INDS LTD	DOXYCYCLINE	DOXYCYCLINE	N12000U13O	XQTWDDCIUJNLTR-CVHRZJFOSA-N	51	2000-11-22	AP	Prescription	true	2026-08-28	2026-08-31	2026-08-31	2026-08-31
065055	ANDA	001	STRIDES PHARMA INTL	DOXYCYCLINE	DOXYCYCLINE	N12000U13O	XQTWDDCIUJNLTR-CVHRZJFOSA-N	51	2000-12-01	AP	Prescription	true	2026-08-28	2026-08-31	2026-08-31	2026-08-31
065055	ANDA	002	STRIDES PHARMA INTL	DOXYCYCLINE	DOXYCYCLINE	N12000U13O	XQTWDDCIUJNLTR-CVHRZJFOSA-N	51	2000-12-01	AP	Prescription	true	2026-08-28	2026-08-31	2026-08-31	2026-08-31
065055	ANDA	003	STRIDES PHARMA INTL	DOXYCYCLINE	DOXYCYCLINE	N12000U13O	XQTWDDCIUJNLTR-CVHRZJFOSA-N	51	2000-12-01	AP	Prescription	true	2026-08-28	2026-08-31	2026-08-31	2026-08-31
065055	ANDA	004	STRIDES PHARMA INTL	DOXYCYCLINE	DOXYCYCLINE	N12000U13O	XQTWDDCIUJNLTR-CVHRZJFOSA-N	51	2000-12-01	AP	Discontinued	false	2026-08-28	2026-08-31	2026-08-31	2026-08-31
065070	ANDA	001	STRIDES PHARMA INTL	DOXYCYCLINE	DOXYCYCLINE	N12000U13O	XQTWDDCIUJNLTR-CVHRZJFOSA-N	51	2000-12-15	AP	Prescription	true	2026-08-28	2026-08-31	2026-08-31	2026-08-31
065070	ANDA	002	STRIDES PHARMA INTL	DOXYCYCLINE	DOXYCYCLINE	N12000U13O	XQTWDDCIUJNLTR-CVHRZJFOSA-N	51	2000-12-15	AP	Prescription	true	2026-08-28	2026-08-31	2026-08-31	2026-08-31
065070	ANDA	003	STRIDES PHARMA INTL	DOXYCYCLINE	DOXYCYCLINE	N12000U13O	XQTWDDCIUJNLTR-CVHRZJFOSA-N	51	2000-12-15	AP	Prescription	true	2026-08-28	2026-08-31	2026-08-31	2026-08-31
065070	ANDA	004	STRIDES PHARMA INTL	DOXYCYCLINE	DOXYCYCLINE	N12000U13O	XQTWDDCIUJNLTR-CVHRZJFOSA-N	51	2000-12-15	AP	Prescription	true	2026-08-28	2026-08-31	2026-08-31	2026-08-31
065285	ANDA	001	LANNETT CO INC	DOXYCYCLINE	DOXYCYCLINE	N12000U13O	XQTWDDCIUJNLTR-CVHRZJFOSA-N	51	2005-12-08	AP	Prescription	true	2026-08-28	2026-08-31	2026-08-31	2026-08-31
065285	ANDA	002	LANNETT CO INC	DOXYCYCLINE	DOXYCYCLINE	N12000U13O	XQTWDDCIUJNLTR-CVHRZJFOSA-N	51	2005-12-08	AP	Prescription	true	2026-08-28	2026-08-31	2026-08-31	2026-08-31
065285	ANDA	003	LANNETT CO INC	DOXYCYCLINE	DOXYCYCLINE	N12000U13O	XQTWDDCIUJNLTR-CVHRZJFOSA-N	51	2005-12-08	AP	Prescription	true	2026-08-28	2026-08-31	2026-08-31	2026-08-31
065285	ANDA	004	LANNETT CO INC	DOXYCYCLINE	DOXYCYCLINE	N12000U13O	XQTWDDCIUJNLTR-CVHRZJFOSA-N	51	2005-12-08	AP	Prescription	true	2026-08-28	2026-08-31	2026-08-31	2026-08-31
065353	ANDA	001	SANDOZ INC	DOXYCYCLINE	DOXYCYCLINE	N12000U13O	XQTWDDCIUJNLTR-CVHRZJFOSA-N	51	2006-11-27	AP	Discontinued	false	2026-08-28	2026-08-31	2026-08-31	2026-08-31
065353	ANDA	002	SANDOZ INC	DOXYCYCLINE	DOXYCYCLINE	N12000U13O	XQTWDDCIUJNLTR-CVHRZJFOSA-N	51	2006-11-27	AP	Discontinued	false	2026-08-28	2026-08-31	2026-08-31	2026-08-31
065353	ANDA	003	SANDOZ INC	DOXYCYCLINE	DOXYCYCLINE	N12000U13O	XQTWDDCIUJNLTR-CVHRZJFOSA-N	51	2006-11-27	AP	Discontinued	false	2026-08-28	2026-08-31	2026-08-31	2026-08-31
065356	ANDA	001	SUN PHARM INDS LTD	DOXYCYCLINE	DOXYCYCLINE	N12000U13O	XQTWDDCIUJNLTR-CVHRZJFOSA-N	51	2006-05-31	AP	Prescription	true	2026-08-28	2026-08-31	2026-08-31	2026-08-31
065356	ANDA	002	SUN PHARM INDS LTD	DOXYCYCLINE	DOXYCYCLINE	N12000U13O	XQTWDDCIUJNLTR-CVHRZJFOSA-N	51	2006-05-31	AP	Prescription	true	2026-08-28	2026-08-31	2026-08-31	2026-08-31
065356	ANDA	003	SUN PHARM INDS LTD	DOXYCYCLINE	DOXYCYCLINE	N12000U13O	XQTWDDCIUJNLTR-CVHRZJFOSA-N	51	2006-05-31	AP	Prescription	true	2026-08-28	2026-08-31	2026-08-31	2026-08-31
065356	ANDA	004	SUN PHARM INDS LTD	DOXYCYCLINE	DOXYCYCLINE	N12000U13O	XQTWDDCIUJNLTR-CVHRZJFOSA-N	51	2006-05-31	AP	Prescription	true	2026-08-28	2026-08-31	2026-08-31	2026-08-31
065377	ANDA	001	CHARTWELL RX	DOXYCYCLINE	DOXYCYCLINE	N12000U13O	XQTWDDCIUJNLTR-CVHRZJFOSA-N	51	2006-11-07	AP	Discontinued	false	2026-08-28	2026-08-31	2026-08-31	2026-08-31
065377	ANDA	002	CHARTWELL RX	DOXYCYCLINE	DOXYCYCLINE	N12000U13O	XQTWDDCIUJNLTR-CVHRZJFOSA-N	51	2006-11-07	AP	Discontinued	false	2026-08-28	2026-08-31	2026-08-31	2026-08-31
065377	ANDA	003	CHARTWELL RX	DOXYCYCLINE	DOXYCYCLINE	N12000U13O	XQTWDDCIUJNLTR-CVHRZJFOSA-N	51	2006-11-07	AP	Discontinued	false	2026-08-28	2026-08-31	2026-08-31	2026-08-31
065427	ANDA	001	CHARTWELL RX	DOXYCYCLINE	DOXYCYCLINE	N12000U13O	XQTWDDCIUJNLTR-CVHRZJFOSA-N	51	2007-06-08	AP	Discontinued	false	2026-08-28	2026-08-31	2026-08-31	2026-08-31
065454	ANDA	001	CHARTWELL	DOXYCYCLINE	DOXYCYCLINE	N12000U13O	XQTWDDCIUJNLTR-CVHRZJFOSA-N	51	2008-07-16	AP	Prescription	true	2026-08-28	2026-08-31	2026-08-31	2026-08-31
065471	ANDA	001	SUN PHARM INDUSTRIES	DOXYCYCLINE	DOXYCYCLINE	N12000U13O	XQTWDDCIUJNLTR-CVHRZJFOSA-N	51	2009-04-17	AP	Discontinued	false	2026-08-28	2026-08-31	2026-08-31	2026-08-31
065471	ANDA	002	SUN PHARM INDUSTRIES	DOXYCYCLINE	DOXYCYCLINE	N12000U13O	XQTWDDCIUJNLTR-CVHRZJFOSA-N	51	2009-04-17	AP	Discontinued	false	2026-08-28	2026-08-31	2026-08-31	2026-08-31
065471	ANDA	003	SUN PHARM INDUSTRIES	DOXYCYCLINE	DOXYCYCLINE	N12000U13O	XQTWDDCIUJNLTR-CVHRZJFOSA-N	51	2009-04-17	AP	Discontinued	false	2026-08-28	2026-08-31	2026-08-31	2026-08-31
091605	ANDA	001	HERITAGE	DOXYCYCLINE	DOXYCYCLINE	N12000U13O	XQTWDDCIUJNLTR-CVHRZJFOSA-N	51	2011-12-20	AP	Prescription	true	2026-08-28	2026-08-31	2026-08-31	2026-08-31
091605	ANDA	002	HERITAGE	DOXYCYCLINE	DOXYCYCLINE	N12000U13O	XQTWDDCIUJNLTR-CVHRZJFOSA-N	51	2011-12-20	AP	Prescription	true	2026-08-28	2026-08-31	2026-08-31	2026-08-31
091605	ANDA	003	HERITAGE	DOXYCYCLINE	DOXYCYCLINE	N12000U13O	XQTWDDCIUJNLTR-CVHRZJFOSA-N	51	2011-12-20	AP	Prescription	true	2026-08-28	2026-08-31	2026-08-31	2026-08-31
091605	ANDA	004	HERITAGE	DOXYCYCLINE	DOXYCYCLINE	N12000U13O	XQTWDDCIUJNLTR-CVHRZJFOSA-N	51	2011-12-20	AP	Prescription	true	2026-08-28	2026-08-31	2026-08-31	2026-08-31
200065	ANDA	001	IMPAX LABS INC	DOXYCYCLINE	DOXYCYCLINE	N12000U13O	XQTWDDCIUJNLTR-CVHRZJFOSA-N	51	2011-02-17	AP	Discontinued	false	2026-08-28	2026-08-31	2026-08-31	2026-08-31
201678	ANDA	001	LUPIN LTD	DOXYCYCLINE	DOXYCYCLINE	N12000U13O	XQTWDDCIUJNLTR-CVHRZJFOSA-N	51	2013-03-18	AP	Prescription	true	2026-08-28	2026-08-31	2026-08-31	2026-08-31
202778	ANDA	001	STRIDES PHARMA	DOXYCYCLINE	DOXYCYCLINE	N12000U13O	XQTWDDCIUJNLTR-CVHRZJFOSA-N	51	2012-06-08	AP	Discontinued	false	2026-08-28	2026-08-31	2026-08-31	2026-08-31
204234	ANDA	001	LUPIN	DOXYCYCLINE	DOXYCYCLINE	N12000U13O	XQTWDDCIUJNLTR-CVHRZJFOSA-N	51	2014-03-05	AP	Prescription	true	2026-08-28	2026-08-31	2026-08-31	2026-08-31
204234	ANDA	002	LUPIN	DOXYCYCLINE	DOXYCYCLINE	N12000U13O	XQTWDDCIUJNLTR-CVHRZJFOSA-N	51	2014-03-05	AP	Prescription	true	2026-08-28	2026-08-31	2026-08-31	2026-08-31
204234	ANDA	003	LUPIN	DOXYCYCLINE	DOXYCYCLINE	N12000U13O	XQTWDDCIUJNLTR-CVHRZJFOSA-N	51	2014-03-05	AP	Prescription	true	2026-08-28	2026-08-31	2026-08-31	2026-08-31
204446	ANDA	001	COSETTE PHARMS NC	DOXYCYCLINE	DOXYCYCLINE	N12000U13O	XQTWDDCIUJNLTR-CVHRZJFOSA-N	51	2015-05-28	AP	Discontinued	false	2026-08-28	2026-08-31	2026-08-31	2026-08-31
204446	ANDA	002	COSETTE PHARMS NC	DOXYCYCLINE	DOXYCYCLINE	N12000U13O	XQTWDDCIUJNLTR-CVHRZJFOSA-N	51	2015-05-28	AP	Discontinued	false	2026-08-28	2026-08-31	2026-08-31	2026-08-31
204446	ANDA	003	COSETTE PHARMS NC	DOXYCYCLINE	DOXYCYCLINE	N12000U13O	XQTWDDCIUJNLTR-CVHRZJFOSA-N	51	2015-05-28	AP	Discontinued	false	2026-08-28	2026-08-31	2026-08-31	2026-08-31
205115	ANDA	001	ZYDUS PHARMS	DOXYCYCLINE	DOXYCYCLINE	N12000U13O	XQTWDDCIUJNLTR-CVHRZJFOSA-N	51	2016-02-18	AP	Prescription	true	2026-08-28	2026-08-31	2026-08-31	2026-08-31
205115	ANDA	002	ZYDUS PHARMS	DOXYCYCLINE	DOXYCYCLINE	N12000U13O	XQTWDDCIUJNLTR-CVHRZJFOSA-N	51	2016-02-18	AP	Prescription	true	2026-08-28	2026-08-31	2026-08-31	2026-08-31
205115	ANDA	003	ZYDUS PHARMS	DOXYCYCLINE	DOXYCYCLINE	N12000U13O	XQTWDDCIUJNLTR-CVHRZJFOSA-N	51	2016-02-18	AP	Prescription	true	2026-08-28	2026-08-31	2026-08-31	2026-08-31
208942	ANDA	001	RISING	DOXYCYCLINE	DOXYCYCLINE	N12000U13O	XQTWDDCIUJNLTR-CVHRZJFOSA-N	51	2021-01-21	AP	Discontinued	false	2026-08-28	2026-08-31	2026-08-31	2026-08-31
208942	ANDA	002	RISING	DOXYCYCLINE	DOXYCYCLINE	N12000U13O	XQTWDDCIUJNLTR-CVHRZJFOSA-N	51	2021-01-21	AP	Discontinued	false	2026-08-28	2026-08-31	2026-08-31	2026-08-31
208942	ANDA	003	RISING	DOXYCYCLINE	DOXYCYCLINE	N12000U13O	XQTWDDCIUJNLTR-CVHRZJFOSA-N	51	2021-01-21	AP	Discontinued	false	2026-08-28	2026-08-31	2026-08-31	2026-08-31
209165	ANDA	001	ALEMBIC	DOXYCYCLINE	DOXYCYCLINE	N12000U13O	XQTWDDCIUJNLTR-CVHRZJFOSA-N	51	2017-07-28	AP	Prescription	true	2026-08-28	2026-08-31	2026-08-31	2026-08-31
209165	ANDA	002	ALEMBIC	DOXYCYCLINE	DOXYCYCLINE	N12000U13O	XQTWDDCIUJNLTR-CVHRZJFOSA-N	51	2017-07-28	AP	Prescription	true	2026-08-28	2026-08-31	2026-08-31	2026-08-31
209396	ANDA	001	DR REDDYS LABS SA	DOXYCYCLINE	DOXYCYCLINE	N12000U13O	XQTWDDCIUJNLTR-CVHRZJFOSA-N	51	2017-09-29	AP	Prescription	true	2026-08-28	2026-08-31	2026-08-31	2026-08-31
209396	ANDA	002	DR REDDYS LABS SA	DOXYCYCLINE	DOXYCYCLINE	N12000U13O	XQTWDDCIUJNLTR-CVHRZJFOSA-N	51	2017-09-29	AP	Prescription	true	2026-08-28	2026-08-31	2026-08-31	2026-08-31
209396	ANDA	003	DR REDDYS LABS SA	DOXYCYCLINE	DOXYCYCLINE	N12000U13O	XQTWDDCIUJNLTR-CVHRZJFOSA-N	51	2017-09-29	AP	Prescription	true	2026-08-28	2026-08-31	2026-08-31	2026-08-31
209582	ANDA	001	ZYDUS PHARMS	DOXYCYCLINE	DOXYCYCLINE	N12000U13O	XQTWDDCIUJNLTR-CVHRZJFOSA-N	51	2017-09-28	AP	Prescription	true	2026-08-28	2026-08-31	2026-08-31	2026-08-31
209582	ANDA	002	ZYDUS PHARMS	DOXYCYCLINE	DOXYCYCLINE	N12000U13O	XQTWDDCIUJNLTR-CVHRZJFOSA-N	51	2017-09-28	AP	Prescription	true	2026-08-28	2026-08-31	2026-08-31	2026-08-31
209582	ANDA	003	ZYDUS PHARMS	DOXYCYCLINE	DOXYCYCLINE	N12000U13O	XQTWDDCIUJNLTR-CVHRZJFOSA-N	51	2017-09-28	AP	Prescription	true	2026-08-28	2026-08-31	2026-08-31	2026-08-31
209582	ANDA	004	ZYDUS PHARMS	DOXYCYCLINE	DOXYCYCLINE	N12000U13O	XQTWDDCIUJNLTR-CVHRZJFOSA-N	51	2017-09-28	AP	Prescription	true	2026-08-28	2026-08-31	2026-08-31	2026-08-31
210381	ANDA	001	MACLEODS PHARMS	DOXYCYCLINE	DOXYCYCLINE	N12000U13O	XQTWDDCIUJNLTR-CVHRZJFOSA-N	51	2025-03-27	AP	Prescription	true	2026-08-28	2026-08-31	2026-08-31	2026-08-31
216631	ANDA	001	LUPIN	DOXYCYCLINE	DOXYCYCLINE	N12000U13O	XQTWDDCIUJNLTR-CVHRZJFOSA-N	51	2024-04-08	AP	Prescription	true	2026-08-28	2026-08-31	2026-08-31	2026-08-31
217098	ANDA	001	PRINSTON INC	DOXYCYCLINE	DOXYCYCLINE	N12000U13O	XQTWDDCIUJNLTR-CVHRZJFOSA-N	51	2025-01-27	AP	Prescription	true	2026-08-28	2026-08-31	2026-08-31	2026-08-31
217170	ANDA	001	APOTEX	DOXYCYCLINE	DOXYCYCLINE	N12000U13O	XQTWDDCIUJNLTR-CVHRZJFOSA-N	51	2024-07-11	AP	Prescription	true	2026-08-28	2026-08-31	2026-08-31	2026-08-31
217674	ANDA	001	ALEMBIC	DOXYCYCLINE	DOXYCYCLINE	N12000U13O	XQTWDDCIUJNLTR-CVHRZJFOSA-N	51	2024-06-27	AP	Prescription	true	2026-08-28	2026-08-31	2026-08-31	2026-08-31
218034	ANDA	001	DR REDDYS	DOXYCYCLINE	DOXYCYCLINE	N12000U13O	XQTWDDCIUJNLTR-CVHRZJFOSA-N	51	2024-04-08	AP	Prescription	true	2026-08-28	2026-08-31	2026-08-31	2026-08-31
219978	ANDA	001	AIPING PHARM INC	DOXYCYCLINE	DOXYCYCLINE	N12000U13O	XQTWDDCIUJNLTR-CVHRZJFOSA-N	51	2025-10-01	AP	Prescription	true	2026-08-28	2026-08-31	2026-08-31	2026-08-31
017001	NDA	001	BAUSCH	ANCOBON	FLUCYTOSINE	D83282DT06	XRECTZIEBJDKEO-UHFFFAOYSA-N	44	1971-11-26	AP	Prescription	true	2026-08-28	2026-08-31	2026-08-31	2026-08-31
017001	NDA	002	BAUSCH	ANCOBON	FLUCYTOSINE	D83282DT06	XRECTZIEBJDKEO-UHFFFAOYSA-N	44	1971-11-26	AP	Prescription	true	2026-08-28	2026-08-31	2026-08-31	2026-08-31
201566	ANDA	001	SIGMAPHARM LABS LLC	FLUCYTOSINE	FLUCYTOSINE	D83282DT06	XRECTZIEBJDKEO-UHFFFAOYSA-N	44	2011-06-28	AP	Prescription	true	2026-08-28	2026-08-31	2026-08-31	2026-08-31
201566	ANDA	002	SIGMAPHARM LABS LLC	FLUCYTOSINE	FLUCYTOSINE	D83282DT06	XRECTZIEBJDKEO-UHFFFAOYSA-N	44	2011-06-28	AP	Prescription	true	2026-08-28	2026-08-31	2026-08-31	2026-08-31
204652	ANDA	001	NOVEL LABS INC	FLUCYTOSINE	FLUCYTOSINE	D83282DT06	XRECTZIEBJDKEO-UHFFFAOYSA-N	44	2017-07-07	AP	Prescription	true	2026-08-28	2026-08-31	2026-08-31	2026-08-31
204652	ANDA	002	NOVEL LABS INC	FLUCYTOSINE	FLUCYTOSINE	D83282DT06	XRECTZIEBJDKEO-UHFFFAOYSA-N	44	2017-07-07	AP	Prescription	true	2026-08-28	2026-08-31	2026-08-31	2026-08-31
206550	ANDA	001	HIKMA	FLUCYTOSINE	FLUCYTOSINE	D83282DT06	XRECTZIEBJDKEO-UHFFFAOYSA-N	44	2017-10-17	AP	Discontinued	false	2026-08-28	2026-08-31	2026-08-31	2026-08-31
206550	ANDA	002	HIKMA	FLUCYTOSINE	FLUCYTOSINE	D83282DT06	XRECTZIEBJDKEO-UHFFFAOYSA-N	44	2017-10-17	AP	Discontinued	false	2026-08-28	2026-08-31	2026-08-31	2026-08-31
207536	ANDA	001	STRIDES PHARMA	FLUCYTOSINE	FLUCYTOSINE	D83282DT06	XRECTZIEBJDKEO-UHFFFAOYSA-N	44	2018-06-18	AP	Discontinued	false	2026-08-28	2026-08-31	2026-08-31	2026-08-31
207536	ANDA	002	STRIDES PHARMA	FLUCYTOSINE	FLUCYTOSINE	D83282DT06	XRECTZIEBJDKEO-UHFFFAOYSA-N	44	2018-06-18	AP	Discontinued	false	2026-08-28	2026-08-31	2026-08-31	2026-08-31
212632	ANDA	001	STRIDES PHARMA	FLUCYTOSINE	FLUCYTOSINE	D83282DT06	XRECTZIEBJDKEO-UHFFFAOYSA-N	44	2020-04-17	AP	Prescription	true	2026-08-28	2026-08-31	2026-08-31	2026-08-31
212632	ANDA	002	STRIDES PHARMA	FLUCYTOSINE	FLUCYTOSINE	D83282DT06	XRECTZIEBJDKEO-UHFFFAOYSA-N	44	2020-04-17	AP	Prescription	true	2026-08-28	2026-08-31	2026-08-31	2026-08-31
213665	ANDA	001	AUROBINDO PHARMA LTD	FLUCYTOSINE	FLUCYTOSINE	D83282DT06	XRECTZIEBJDKEO-UHFFFAOYSA-N	44	2020-05-01	AP	Prescription	true	2026-08-28	2026-08-31	2026-08-31	2026-08-31
213665	ANDA	002	AUROBINDO PHARMA LTD	FLUCYTOSINE	FLUCYTOSINE	D83282DT06	XRECTZIEBJDKEO-UHFFFAOYSA-N	44	2020-05-01	AP	Prescription	true	2026-08-28	2026-08-31	2026-08-31	2026-08-31
218005	ANDA	001	LAURUS	FLUCYTOSINE	FLUCYTOSINE	D83282DT06	XRECTZIEBJDKEO-UHFFFAOYSA-N	44	2025-07-23	AP	Prescription	true	2026-08-28	2026-08-31	2026-08-31	2026-08-31
218005	ANDA	002	LAURUS	FLUCYTOSINE	FLUCYTOSINE	D83282DT06	XRECTZIEBJDKEO-UHFFFAOYSA-N	44	2025-07-23	AP	Prescription	true	2026-08-28	2026-08-31	2026-08-31	2026-08-31
207924	NDA	001	ELI LILLY AND CO	OLUMIANT	BARICITINIB	ISP4442I3Y	XUZMWHLSFXCVMG-UHFFFAOYSA-N	60	2018-05-31	AP	Prescription	true	2026-08-28	2026-08-31	2026-08-31	2026-08-31
207924	NDA	002	ELI LILLY AND CO	OLUMIANT	BARICITINIB	ISP4442I3Y	XUZMWHLSFXCVMG-UHFFFAOYSA-N	60	2018-05-31	AP	Prescription	true	2026-08-28	2026-08-31	2026-08-31	2026-08-31
207924	NDA	003	ELI LILLY AND CO	OLUMIANT	BARICITINIB	ISP4442I3Y	XUZMWHLSFXCVMG-UHFFFAOYSA-N	60	2018-05-31	AP	Prescription	true	2026-08-28	2026-08-31	2026-08-31	2026-08-31
217542	ANDA	001	AUROBINDO PHARMA LTD	BARICITINIB	BARICITINIB	ISP4442I3Y	XUZMWHLSFXCVMG-UHFFFAOYSA-N	60	2024-07-22	AP	Discontinued	false	2026-08-28	2026-08-31	2026-08-31	2026-08-31
217542	ANDA	002	AUROBINDO PHARMA LTD	BARICITINIB	BARICITINIB	ISP4442I3Y	XUZMWHLSFXCVMG-UHFFFAOYSA-N	60	2024-07-22	AP	Discontinued	false	2026-08-28	2026-08-31	2026-08-31	2026-08-31
217585	ANDA	001	MSN	OLUMIANT	BARICITINIB	ISP4442I3Y	XUZMWHLSFXCVMG-UHFFFAOYSA-N	60	2025-08-08	AP	Prescription	true	2026-08-28	2026-08-31	2026-08-31	2026-08-31
217585	ANDA	002	MSN	OLUMIANT	BARICITINIB	ISP4442I3Y	XUZMWHLSFXCVMG-UHFFFAOYSA-N	60	2025-08-08	AP	Prescription	true	2026-08-28	2026-08-31	2026-08-31	2026-08-31
217585	ANDA	003	MSN	OLUMIANT	BARICITINIB	ISP4442I3Y	XUZMWHLSFXCVMG-UHFFFAOYSA-N	60	2025-08-08	AP	Prescription	true	2026-08-28	2026-08-31	2026-08-31	2026-08-31
007935	NDA	002	DELCOR ASSET CORP	PHENERGAN	PROMETHAZINE HYDROCHLORIDE	R61ZEH7I1I	XXPDBLUZJRXNNZ-UHFFFAOYSA-N	38	1951-03-29	AP	Discontinued	false	2026-08-28	2026-08-31	2026-08-31	2026-08-31
007935	NDA	003	DELCOR ASSET CORP	PHENERGAN	PROMETHAZINE HYDROCHLORIDE	R61ZEH7I1I	XXPDBLUZJRXNNZ-UHFFFAOYSA-N	38	1951-03-29	AP	Discontinued	false	2026-08-28	2026-08-31	2026-08-31	2026-08-31
007935	NDA	004	DELCOR ASSET CORP	PHENERGAN	PROMETHAZINE HYDROCHLORIDE	R61ZEH7I1I	XXPDBLUZJRXNNZ-UHFFFAOYSA-N	38	1951-03-29	AP	Discontinued	false	2026-08-28	2026-08-31	2026-08-31	2026-08-31
008381	NDA	003	ANI PHARMS	PROMETHAZINE HYDROCHLORIDE PLAIN	PROMETHAZINE HYDROCHLORIDE	R61ZEH7I1I	XXPDBLUZJRXNNZ-UHFFFAOYSA-N	38	1952-04-11	AP	Discontinued	false	2026-08-28	2026-08-31	2026-08-31	2026-08-31
008381	NDA	004	ANI PHARMS	PROMETHAZINE HYDROCHLORIDE PLAIN	PROMETHAZINE HYDROCHLORIDE	R61ZEH7I1I	XXPDBLUZJRXNNZ-UHFFFAOYSA-N	38	1952-04-11	AP	Discontinued	false	2026-08-28	2026-08-31	2026-08-31	2026-08-31
008857	NDA	002	WYETH AYERST	PHENERGAN	PROMETHAZINE HYDROCHLORIDE	R61ZEH7I1I	XXPDBLUZJRXNNZ-UHFFFAOYSA-N	38	1956-08-20	AP	Discontinued	false	2026-08-28	2026-08-31	2026-08-31	2026-08-31
008857	NDA	003	WYETH AYERST	PHENERGAN	PROMETHAZINE HYDROCHLORIDE	R61ZEH7I1I	XXPDBLUZJRXNNZ-UHFFFAOYSA-N	38	1956-08-20	AP	Discontinued	false	2026-08-28	2026-08-31	2026-08-31	2026-08-31
010926	NDA	001	PHARMOBEDIENT	PHENERGAN	PROMETHAZINE HYDROCHLORIDE	R61ZEH7I1I	XXPDBLUZJRXNNZ-UHFFFAOYSA-N	38	1958-05-05	AP	Discontinued	false	2026-08-28	2026-08-31	2026-08-31	2026-08-31
010926	NDA	002	PHARMOBEDIENT	PHENERGAN	PROMETHAZINE HYDROCHLORIDE	R61ZEH7I1I	XXPDBLUZJRXNNZ-UHFFFAOYSA-N	38	1958-05-05	AP	Discontinued	false	2026-08-28	2026-08-31	2026-08-31	2026-08-31
011689	NDA	001	PHARMOBEDIENT	PHENERGAN	PROMETHAZINE HYDROCHLORIDE	R61ZEH7I1I	XXPDBLUZJRXNNZ-UHFFFAOYSA-N	38	1960-04-27	AP	Discontinued	false	2026-08-28	2026-08-31	2026-08-31	2026-08-31
040026	ANDA	001	CHARTWELL RX	PROMETHAZINE HYDROCHLORIDE	PROMETHAZINE HYDROCHLORIDE	R61ZEH7I1I	XXPDBLUZJRXNNZ-UHFFFAOYSA-N	38	1998-09-25	AP	Prescription	true	2026-08-28	2026-08-31	2026-08-31	2026-08-31
040372	ANDA	001	HOSPIRA	PROMETHAZINE HYDROCHLORIDE	PROMETHAZINE HYDROCHLORIDE	R61ZEH7I1I	XXPDBLUZJRXNNZ-UHFFFAOYSA-N	38	2000-06-08	AP	Discontinued	false	2026-08-28	2026-08-31	2026-08-31	2026-08-31
040372	ANDA	002	HOSPIRA	PROMETHAZINE HYDROCHLORIDE	PROMETHAZINE HYDROCHLORIDE	R61ZEH7I1I	XXPDBLUZJRXNNZ-UHFFFAOYSA-N	38	2000-06-08	AP	Discontinued	false	2026-08-28	2026-08-31	2026-08-31	2026-08-31
040428	ANDA	001	COSETTE PHARMS NC	PROMETHAZINE HYDROCHLORIDE	PROMETHAZINE HYDROCHLORIDE	R61ZEH7I1I	XXPDBLUZJRXNNZ-UHFFFAOYSA-N	38	2002-02-05	AP	Prescription	true	2026-08-28	2026-08-31	2026-08-31	2026-08-31
040428	ANDA	002	COSETTE PHARMS NC	PROMETHAZINE HYDROCHLORIDE	PROMETHAZINE HYDROCHLORIDE	R61ZEH7I1I	XXPDBLUZJRXNNZ-UHFFFAOYSA-N	38	2002-02-05	AP	Prescription	true	2026-08-28	2026-08-31	2026-08-31	2026-08-31
040449	ANDA	001	ABLE	PROMETHAZINE HYDROCHLORIDE	PROMETHAZINE HYDROCHLORIDE	R61ZEH7I1I	XXPDBLUZJRXNNZ-UHFFFAOYSA-N	38	2003-02-27	AP	Discontinued	false	2026-08-28	2026-08-31	2026-08-31	2026-08-31
040454	ANDA	001	TEVA PHARMS USA	PROMETHAZINE HYDROCHLORIDE	PROMETHAZINE HYDROCHLORIDE	R61ZEH7I1I	XXPDBLUZJRXNNZ-UHFFFAOYSA-N	38	2002-08-22	AP	Discontinued	false	2026-08-28	2026-08-31	2026-08-31	2026-08-31
040454	ANDA	002	TEVA PHARMS USA	PROMETHAZINE HYDROCHLORIDE	PROMETHAZINE HYDROCHLORIDE	R61ZEH7I1I	XXPDBLUZJRXNNZ-UHFFFAOYSA-N	38	2002-08-22	AP	Discontinued	false	2026-08-28	2026-08-31	2026-08-31	2026-08-31
040471	ANDA	001	MYLAN INSTITUTIONAL	PROMETHAZINE HYDROCHLORIDE	PROMETHAZINE HYDROCHLORIDE	R61ZEH7I1I	XXPDBLUZJRXNNZ-UHFFFAOYSA-N	38	2002-11-21	AP	Discontinued	false	2026-08-28	2026-08-31	2026-08-31	2026-08-31
040479	ANDA	001	WATSON LABS INC	PROMETHAZINE HYDROCHLORIDE	PROMETHAZINE HYDROCHLORIDE	R61ZEH7I1I	XXPDBLUZJRXNNZ-UHFFFAOYSA-N	38	2003-06-24	AP	Discontinued	false	2026-08-28	2026-08-31	2026-08-31	2026-08-31
040479	ANDA	002	WATSON LABS INC	PROMETHAZINE HYDROCHLORIDE	PROMETHAZINE HYDROCHLORIDE	R61ZEH7I1I	XXPDBLUZJRXNNZ-UHFFFAOYSA-N	38	2003-06-24	AP	Discontinued	false	2026-08-28	2026-08-31	2026-08-31	2026-08-31
040500	ANDA	001	PADAGIS ISRAEL	PROMETHAZINE HYDROCHLORIDE	PROMETHAZINE HYDROCHLORIDE	R61ZEH7I1I	XXPDBLUZJRXNNZ-UHFFFAOYSA-N	38	2003-06-30	AP	Prescription	true	2026-08-28	2026-08-31	2026-08-31	2026-08-31
040500	ANDA	002	PADAGIS ISRAEL	PROMETHAZINE HYDROCHLORIDE	PROMETHAZINE HYDROCHLORIDE	R61ZEH7I1I	XXPDBLUZJRXNNZ-UHFFFAOYSA-N	38	2003-06-30	AP	Prescription	true	2026-08-28	2026-08-31	2026-08-31	2026-08-31
040504	ANDA	001	ABLE	PROMETHAZINE HYDROCHLORIDE	PROMETHAZINE HYDROCHLORIDE	R61ZEH7I1I	XXPDBLUZJRXNNZ-UHFFFAOYSA-N	38	2003-04-11	AP	Discontinued	false	2026-08-28	2026-08-31	2026-08-31	2026-08-31
040504	ANDA	002	ABLE	PROMETHAZINE HYDROCHLORIDE	PROMETHAZINE HYDROCHLORIDE	R61ZEH7I1I	XXPDBLUZJRXNNZ-UHFFFAOYSA-N	38	2003-04-11	AP	Discontinued	false	2026-08-28	2026-08-31	2026-08-31	2026-08-31
040515	ANDA	001	AM REGENT	PROMETHAZINE HYDROCHLORIDE	PROMETHAZINE HYDROCHLORIDE	R61ZEH7I1I	XXPDBLUZJRXNNZ-UHFFFAOYSA-N	38	2003-03-19	AP	Discontinued	false	2026-08-28	2026-08-31	2026-08-31	2026-08-31
040524	ANDA	001	BEDFORD LABS	PROMETHAZINE HYDROCHLORIDE	PROMETHAZINE HYDROCHLORIDE	R61ZEH7I1I	XXPDBLUZJRXNNZ-UHFFFAOYSA-N	38	2004-03-17	AP	Discontinued	false	2026-08-28	2026-08-31	2026-08-31	2026-08-31
040524	ANDA	002	BEDFORD LABS	PROMETHAZINE HYDROCHLORIDE	PROMETHAZINE HYDROCHLORIDE	R61ZEH7I1I	XXPDBLUZJRXNNZ-UHFFFAOYSA-N	38	2004-03-17	AP	Discontinued	false	2026-08-28	2026-08-31	2026-08-31	2026-08-31
040558	ANDA	001	ABLE	PROMETHAZINE HYDROCHLORIDE	PROMETHAZINE HYDROCHLORIDE	R61ZEH7I1I	XXPDBLUZJRXNNZ-UHFFFAOYSA-N	38	2004-07-01	AP	Discontinued	false	2026-08-28	2026-08-31	2026-08-31	2026-08-31
040558	ANDA	002	ABLE	PROMETHAZINE HYDROCHLORIDE	PROMETHAZINE HYDROCHLORIDE	R61ZEH7I1I	XXPDBLUZJRXNNZ-UHFFFAOYSA-N	38	2004-07-01	AP	Discontinued	false	2026-08-28	2026-08-31	2026-08-31	2026-08-31
040558	ANDA	003	ABLE	PROMETHAZINE HYDROCHLORIDE	PROMETHAZINE HYDROCHLORIDE	R61ZEH7I1I	XXPDBLUZJRXNNZ-UHFFFAOYSA-N	38	2004-07-01	AP	Discontinued	false	2026-08-28	2026-08-31	2026-08-31	2026-08-31
040593	ANDA	001	SANDOZ	PROMETHAZINE HYDROCHLORIDE	PROMETHAZINE HYDROCHLORIDE	R61ZEH7I1I	XXPDBLUZJRXNNZ-UHFFFAOYSA-N	38	2006-11-08	AP	Discontinued	false	2026-08-28	2026-08-31	2026-08-31	2026-08-31
040593	ANDA	002	SANDOZ	PROMETHAZINE HYDROCHLORIDE	PROMETHAZINE HYDROCHLORIDE	R61ZEH7I1I	XXPDBLUZJRXNNZ-UHFFFAOYSA-N	38	2006-11-08	AP	Discontinued	false	2026-08-28	2026-08-31	2026-08-31	2026-08-31
040596	ANDA	001	ZYDUS PHARMS USA	PROMETHAZINE HYDROCHLORIDE	PROMETHAZINE HYDROCHLORIDE	R61ZEH7I1I	XXPDBLUZJRXNNZ-UHFFFAOYSA-N	38	2005-11-18	AP	Prescription	true	2026-08-28	2026-08-31	2026-08-31	2026-08-31
040596	ANDA	002	ZYDUS PHARMS USA	PROMETHAZINE HYDROCHLORIDE	PROMETHAZINE HYDROCHLORIDE	R61ZEH7I1I	XXPDBLUZJRXNNZ-UHFFFAOYSA-N	38	2005-11-18	AP	Prescription	true	2026-08-28	2026-08-31	2026-08-31	2026-08-31
040596	ANDA	003	ZYDUS PHARMS USA	PROMETHAZINE HYDROCHLORIDE	PROMETHAZINE HYDROCHLORIDE	R61ZEH7I1I	XXPDBLUZJRXNNZ-UHFFFAOYSA-N	38	2005-11-18	AP	Prescription	true	2026-08-28	2026-08-31	2026-08-31	2026-08-31
040603	ANDA	001	SUN PHARMA CANADA	PROMETHAZINE HYDROCHLORIDE	PROMETHAZINE HYDROCHLORIDE	R61ZEH7I1I	XXPDBLUZJRXNNZ-UHFFFAOYSA-N	38	2006-10-26	AP	Discontinued	false	2026-08-28	2026-08-31	2026-08-31	2026-08-31
040603	ANDA	002	SUN PHARMA CANADA	PROMETHAZINE HYDROCHLORIDE	PROMETHAZINE HYDROCHLORIDE	R61ZEH7I1I	XXPDBLUZJRXNNZ-UHFFFAOYSA-N	38	2006-10-26	AP	Discontinued	false	2026-08-28	2026-08-31	2026-08-31	2026-08-31
040622	ANDA	001	PRINSTON INC	PROMETHAZINE HYDROCHLORIDE	PROMETHAZINE HYDROCHLORIDE	R61ZEH7I1I	XXPDBLUZJRXNNZ-UHFFFAOYSA-N	38	2006-07-18	AP	Prescription	true	2026-08-28	2026-08-31	2026-08-31	2026-08-31
040622	ANDA	002	PRINSTON INC	PROMETHAZINE HYDROCHLORIDE	PROMETHAZINE HYDROCHLORIDE	R61ZEH7I1I	XXPDBLUZJRXNNZ-UHFFFAOYSA-N	38	2006-07-18	AP	Prescription	true	2026-08-28	2026-08-31	2026-08-31	2026-08-31
040622	ANDA	003	PRINSTON INC	PROMETHAZINE HYDROCHLORIDE	PROMETHAZINE HYDROCHLORIDE	R61ZEH7I1I	XXPDBLUZJRXNNZ-UHFFFAOYSA-N	38	2006-07-18	AP	Prescription	true	2026-08-28	2026-08-31	2026-08-31	2026-08-31
040643	ANDA	001	PHARM ASSOC	PROMETHAZINE HYDROCHLORIDE	PROMETHAZINE HYDROCHLORIDE	R61ZEH7I1I	XXPDBLUZJRXNNZ-UHFFFAOYSA-N	38	2006-04-26	AP	Prescription	true	2026-08-28	2026-08-31	2026-08-31	2026-08-31
040673	ANDA	001	QUAGEN	PROMETHAZINE HYDROCHLORIDE	PROMETHAZINE HYDROCHLORIDE	R61ZEH7I1I	XXPDBLUZJRXNNZ-UHFFFAOYSA-N	38	2008-03-05	AP	Prescription	true	2026-08-28	2026-08-31	2026-08-31	2026-08-31
040673	ANDA	002	QUAGEN	PROMETHAZINE HYDROCHLORIDE	PROMETHAZINE HYDROCHLORIDE	R61ZEH7I1I	XXPDBLUZJRXNNZ-UHFFFAOYSA-N	38	2008-03-05	AP	Prescription	true	2026-08-28	2026-08-31	2026-08-31	2026-08-31
040673	ANDA	003	QUAGEN	PROMETHAZINE HYDROCHLORIDE	PROMETHAZINE HYDROCHLORIDE	R61ZEH7I1I	XXPDBLUZJRXNNZ-UHFFFAOYSA-N	38	2008-03-05	AP	Prescription	true	2026-08-28	2026-08-31	2026-08-31	2026-08-31
040712	ANDA	001	KVK TECH	PROMETHAZINE HYDROCHLORIDE	PROMETHAZINE HYDROCHLORIDE	R61ZEH7I1I	XXPDBLUZJRXNNZ-UHFFFAOYSA-N	38	2006-07-31	AP	Prescription	true	2026-08-28	2026-08-31	2026-08-31	2026-08-31
040712	ANDA	002	KVK TECH	PROMETHAZINE HYDROCHLORIDE	PROMETHAZINE HYDROCHLORIDE	R61ZEH7I1I	XXPDBLUZJRXNNZ-UHFFFAOYSA-N	38	2006-07-31	AP	Prescription	true	2026-08-28	2026-08-31	2026-08-31	2026-08-31
040712	ANDA	003	KVK TECH	PROMETHAZINE HYDROCHLORIDE	PROMETHAZINE HYDROCHLORIDE	R61ZEH7I1I	XXPDBLUZJRXNNZ-UHFFFAOYSA-N	38	2006-07-31	AP	Prescription	true	2026-08-28	2026-08-31	2026-08-31	2026-08-31
040713	ANDA	001	KVK TECH	PROMETHAZINE HYDROCHLORIDE	PROMETHAZINE HYDROCHLORIDE	R61ZEH7I1I	XXPDBLUZJRXNNZ-UHFFFAOYSA-N	38	2006-07-31	AP	Prescription	true	2026-08-28	2026-08-31	2026-08-31	2026-08-31
040718	ANDA	001	SUN PHARMA CANADA	PROMETHAZINE HYDROCHLORIDE	PROMETHAZINE HYDROCHLORIDE	R61ZEH7I1I	XXPDBLUZJRXNNZ-UHFFFAOYSA-N	38	2007-04-04	AP	Discontinued	false	2026-08-28	2026-08-31	2026-08-31	2026-08-31
040737	ANDA	001	XGEN PHARMS	PROMETHAZINE HYDROCHLORIDE	PROMETHAZINE HYDROCHLORIDE	R61ZEH7I1I	XXPDBLUZJRXNNZ-UHFFFAOYSA-N	38	2008-04-24	AP	Prescription	true	2026-08-28	2026-08-31	2026-08-31	2026-08-31
040737	ANDA	002	XGEN PHARMS	PROMETHAZINE HYDROCHLORIDE	PROMETHAZINE HYDROCHLORIDE	R61ZEH7I1I	XXPDBLUZJRXNNZ-UHFFFAOYSA-N	38	2008-04-24	AP	Prescription	true	2026-08-28	2026-08-31	2026-08-31	2026-08-31
040785	ANDA	001	WOCKHARDT BIO AG	PROMETHAZINE HYDROCHLORIDE	PROMETHAZINE HYDROCHLORIDE	R61ZEH7I1I	XXPDBLUZJRXNNZ-UHFFFAOYSA-N	38	2008-09-26	AP	Discontinued	false	2026-08-28	2026-08-31	2026-08-31	2026-08-31
040785	ANDA	002	WOCKHARDT BIO AG	PROMETHAZINE HYDROCHLORIDE	PROMETHAZINE HYDROCHLORIDE	R61ZEH7I1I	XXPDBLUZJRXNNZ-UHFFFAOYSA-N	38	2008-09-26	AP	Discontinued	false	2026-08-28	2026-08-31	2026-08-31	2026-08-31
040791	ANDA	001	IMPAX LABS	PROMETHAZINE HYDROCHLORIDE	PROMETHAZINE HYDROCHLORIDE	R61ZEH7I1I	XXPDBLUZJRXNNZ-UHFFFAOYSA-N	38	2008-05-20	AP	Discontinued	false	2026-08-28	2026-08-31	2026-08-31	2026-08-31
040791	ANDA	002	IMPAX LABS	PROMETHAZINE HYDROCHLORIDE	PROMETHAZINE HYDROCHLORIDE	R61ZEH7I1I	XXPDBLUZJRXNNZ-UHFFFAOYSA-N	38	2008-05-20	AP	Discontinued	false	2026-08-28	2026-08-31	2026-08-31	2026-08-31
040791	ANDA	003	IMPAX LABS	PROMETHAZINE HYDROCHLORIDE	PROMETHAZINE HYDROCHLORIDE	R61ZEH7I1I	XXPDBLUZJRXNNZ-UHFFFAOYSA-N	38	2008-05-20	AP	Discontinued	false	2026-08-28	2026-08-31	2026-08-31	2026-08-31
040863	ANDA	001	SUN PHARM INDS INC	PROMETHAZINE HYDROCHLORIDE	PROMETHAZINE HYDROCHLORIDE	R61ZEH7I1I	XXPDBLUZJRXNNZ-UHFFFAOYSA-N	38	2008-12-30	AP	Discontinued	false	2026-08-28	2026-08-31	2026-08-31	2026-08-31
040863	ANDA	002	SUN PHARM INDS INC	PROMETHAZINE HYDROCHLORIDE	PROMETHAZINE HYDROCHLORIDE	R61ZEH7I1I	XXPDBLUZJRXNNZ-UHFFFAOYSA-N	38	2008-12-30	AP	Discontinued	false	2026-08-28	2026-08-31	2026-08-31	2026-08-31
040863	ANDA	003	SUN PHARM INDS INC	PROMETHAZINE HYDROCHLORIDE	PROMETHAZINE HYDROCHLORIDE	R61ZEH7I1I	XXPDBLUZJRXNNZ-UHFFFAOYSA-N	38	2008-12-30	AP	Discontinued	false	2026-08-28	2026-08-31	2026-08-31	2026-08-31
040882	ANDA	001	AMNEAL PHARMS	PROMETHAZINE HYDROCHLORIDE	PROMETHAZINE HYDROCHLORIDE	R61ZEH7I1I	XXPDBLUZJRXNNZ-UHFFFAOYSA-N	38	2009-12-30	AP	Discontinued	false	2026-08-28	2026-08-31	2026-08-31	2026-08-31
040891	ANDA	001	STRIDES PHARMA	PROMETHAZINE HYDROCHLORIDE	PROMETHAZINE HYDROCHLORIDE	R61ZEH7I1I	XXPDBLUZJRXNNZ-UHFFFAOYSA-N	38	2009-03-13	AP	Prescription	true	2026-08-28	2026-08-31	2026-08-31	2026-08-31
080629	ANDA	002	WATSON LABS	PROMETHAZINE HYDROCHLORIDE	PROMETHAZINE HYDROCHLORIDE	R61ZEH7I1I	XXPDBLUZJRXNNZ-UHFFFAOYSA-N	38	1974-01-29	AP	Discontinued	false	2026-08-28	2026-08-31	2026-08-31	2026-08-31
080949	ANDA	001	CHARTWELL MOLECULAR	PROMETHAZINE HYDROCHLORIDE	PROMETHAZINE HYDROCHLORIDE	R61ZEH7I1I	XXPDBLUZJRXNNZ-UHFFFAOYSA-N	38	1976-07-28	AP	Discontinued	false	2026-08-28	2026-08-31	2026-08-31	2026-08-31
080949	ANDA	002	CHARTWELL MOLECULAR	PROMETHAZINE HYDROCHLORIDE	PROMETHAZINE HYDROCHLORIDE	R61ZEH7I1I	XXPDBLUZJRXNNZ-UHFFFAOYSA-N	38	1976-07-28	AP	Discontinued	false	2026-08-28	2026-08-31	2026-08-31	2026-08-31
080949	ANDA	003	CHARTWELL MOLECULAR	PROMETHAZINE HYDROCHLORIDE	PROMETHAZINE HYDROCHLORIDE	R61ZEH7I1I	XXPDBLUZJRXNNZ-UHFFFAOYSA-N	38	1976-07-28	AP	Discontinued	false	2026-08-28	2026-08-31	2026-08-31	2026-08-31
083204	ANDA	001	WATSON LABS	PROMETHAZINE HYDROCHLORIDE	PROMETHAZINE HYDROCHLORIDE	R61ZEH7I1I	XXPDBLUZJRXNNZ-UHFFFAOYSA-N	38	1973-03-06	AP	Discontinued	false	2026-08-28	2026-08-31	2026-08-31	2026-08-31
083214	ANDA	001	PVT FORM	PROMETHAZINE HYDROCHLORIDE	PROMETHAZINE HYDROCHLORIDE	R61ZEH7I1I	XXPDBLUZJRXNNZ-UHFFFAOYSA-N	38	1976-09-09	AP	Discontinued	false	2026-08-28	2026-08-31	2026-08-31	2026-08-31
083312	ANDA	001	HIKMA	PROMETHAZINE HYDROCHLORIDE	PROMETHAZINE HYDROCHLORIDE	R61ZEH7I1I	XXPDBLUZJRXNNZ-UHFFFAOYSA-N	38	1973-09-19	AP	Prescription	true	2026-08-28	2026-08-31	2026-08-31	2026-08-31
083312	ANDA	002	HIKMA	PROMETHAZINE HYDROCHLORIDE	PROMETHAZINE HYDROCHLORIDE	R61ZEH7I1I	XXPDBLUZJRXNNZ-UHFFFAOYSA-N	38	1973-09-19	AP	Prescription	true	2026-08-28	2026-08-31	2026-08-31	2026-08-31
083426	ANDA	001	WATSON LABS	PROMETHAZINE HYDROCHLORIDE	PROMETHAZINE HYDROCHLORIDE	R61ZEH7I1I	XXPDBLUZJRXNNZ-UHFFFAOYSA-N	38	1973-09-19	AP	Prescription	true	2026-08-28	2026-08-31	2026-08-31	2026-08-31
083603	ANDA	001	IVAX SUB TEVA PHARMS	PROMETHAZINE HYDROCHLORIDE	PROMETHAZINE HYDROCHLORIDE	R61ZEH7I1I	XXPDBLUZJRXNNZ-UHFFFAOYSA-N	38	1973-10-26	AP	Discontinued	false	2026-08-28	2026-08-31	2026-08-31	2026-08-31
083604	ANDA	001	IVAX SUB TEVA PHARMS	PROMETHAZINE HYDROCHLORIDE	PROMETHAZINE HYDROCHLORIDE	R61ZEH7I1I	XXPDBLUZJRXNNZ-UHFFFAOYSA-N	38	1973-09-17	AP	Discontinued	false	2026-08-28	2026-08-31	2026-08-31	2026-08-31
083613	ANDA	001	IVAX SUB TEVA PHARMS	PROMETHAZINE HYDROCHLORIDE	PROMETHAZINE HYDROCHLORIDE	R61ZEH7I1I	XXPDBLUZJRXNNZ-UHFFFAOYSA-N	38	1973-09-21	AP	Discontinued	false	2026-08-28	2026-08-31	2026-08-31	2026-08-31
083658	ANDA	001	PVT FORM	PROMETHAZINE HYDROCHLORIDE	PROMETHAZINE HYDROCHLORIDE	R61ZEH7I1I	XXPDBLUZJRXNNZ-UHFFFAOYSA-N	38	1976-10-01	AP	Discontinued	false	2026-08-28	2026-08-31	2026-08-31	2026-08-31
083711	ANDA	001	WATSON LABS	PROMETHAZINE HYDROCHLORIDE	PROMETHAZINE HYDROCHLORIDE	R61ZEH7I1I	XXPDBLUZJRXNNZ-UHFFFAOYSA-N	38	1973-09-21	AP	Prescription	true	2026-08-28	2026-08-31	2026-08-31	2026-08-31
083712	ANDA	001	WATSON LABS	PROMETHAZINE HYDROCHLORIDE	PROMETHAZINE HYDROCHLORIDE	R61ZEH7I1I	XXPDBLUZJRXNNZ-UHFFFAOYSA-N	38	1973-09-21	AP	Discontinued	false	2026-08-28	2026-08-31	2026-08-31	2026-08-31
083838	ANDA	002	HOSPIRA	PROMETHAZINE HYDROCHLORIDE	PROMETHAZINE HYDROCHLORIDE	R61ZEH7I1I	XXPDBLUZJRXNNZ-UHFFFAOYSA-N	38	1974-01-21	AP	Discontinued	false	2026-08-28	2026-08-31	2026-08-31	2026-08-31
083997	ANDA	001	ALTANA	ZIPAN-25	PROMETHAZINE HYDROCHLORIDE	R61ZEH7I1I	XXPDBLUZJRXNNZ-UHFFFAOYSA-N	38	1978-11-21	AP	Discontinued	false	2026-08-28	2026-08-31	2026-08-31	2026-08-31
083997	ANDA	002	ALTANA	ZIPAN-50	PROMETHAZINE HYDROCHLORIDE	R61ZEH7I1I	XXPDBLUZJRXNNZ-UHFFFAOYSA-N	38	1978-11-21	AP	Discontinued	false	2026-08-28	2026-08-31	2026-08-31	2026-08-31
084176	ANDA	001	SANDOZ	PROMETHAZINE HYDROCHLORIDE	PROMETHAZINE HYDROCHLORIDE	R61ZEH7I1I	XXPDBLUZJRXNNZ-UHFFFAOYSA-N	38	1975-02-18	AP	Prescription	true	2026-08-28	2026-08-31	2026-08-31	2026-08-31
084176	ANDA	002	SANDOZ	PROMETHAZINE HYDROCHLORIDE	PROMETHAZINE HYDROCHLORIDE	R61ZEH7I1I	XXPDBLUZJRXNNZ-UHFFFAOYSA-N	38	1975-02-18	AP	Discontinued	false	2026-08-28	2026-08-31	2026-08-31	2026-08-31
084176	ANDA	003	SANDOZ	PROMETHAZINE HYDROCHLORIDE	PROMETHAZINE HYDROCHLORIDE	R61ZEH7I1I	XXPDBLUZJRXNNZ-UHFFFAOYSA-N	38	1975-02-18	AP	Prescription	true	2026-08-28	2026-08-31	2026-08-31	2026-08-31
084214	ANDA	002	IMPAX LABS	PROMETHAZINE HYDROCHLORIDE	PROMETHAZINE HYDROCHLORIDE	R61ZEH7I1I	XXPDBLUZJRXNNZ-UHFFFAOYSA-N	38	1974-08-14	AP	Discontinued	false	2026-08-28	2026-08-31	2026-08-31	2026-08-31
084554	ANDA	001	SUN PHARM INDUSTRIES	PROMETHAZINE HYDROCHLORIDE	PROMETHAZINE HYDROCHLORIDE	R61ZEH7I1I	XXPDBLUZJRXNNZ-UHFFFAOYSA-N	38	1975-07-29	AP	Discontinued	false	2026-08-28	2026-08-31	2026-08-31	2026-08-31
084555	ANDA	001	SUN PHARM INDUSTRIES	PROMETHAZINE HYDROCHLORIDE	PROMETHAZINE HYDROCHLORIDE	R61ZEH7I1I	XXPDBLUZJRXNNZ-UHFFFAOYSA-N	38	1976-07-29	AP	Discontinued	false	2026-08-28	2026-08-31	2026-08-31	2026-08-31
084557	ANDA	001	SUN PHARM INDUSTRIES	PROMETHAZINE HYDROCHLORIDE	PROMETHAZINE HYDROCHLORIDE	R61ZEH7I1I	XXPDBLUZJRXNNZ-UHFFFAOYSA-N	38	1975-07-29	AP	Discontinued	false	2026-08-28	2026-08-31	2026-08-31	2026-08-31
084591	ANDA	001	WATSON LABS	PROMETHAZINE HYDROCHLORIDE	PROMETHAZINE HYDROCHLORIDE	R61ZEH7I1I	XXPDBLUZJRXNNZ-UHFFFAOYSA-N	38	1978-09-15	AP	Discontinued	false	2026-08-28	2026-08-31	2026-08-31	2026-08-31
084772	ANDA	001	ALPHARMA US PHARMS	PROMETH FORTIS	PROMETHAZINE HYDROCHLORIDE	R61ZEH7I1I	XXPDBLUZJRXNNZ-UHFFFAOYSA-N	38	1978-11-14	AP	Discontinued	false	2026-08-28	2026-08-31	2026-08-31	2026-08-31
084901	ANDA	001	POLYMEDICA	PROMETHACON	PROMETHAZINE HYDROCHLORIDE	R61ZEH7I1I	XXPDBLUZJRXNNZ-UHFFFAOYSA-N	38	1981-10-05	AP	Discontinued	false	2026-08-28	2026-08-31	2026-08-31	2026-08-31
084902	ANDA	001	POLYMEDICA	PROMETHACON	PROMETHAZINE HYDROCHLORIDE	R61ZEH7I1I	XXPDBLUZJRXNNZ-UHFFFAOYSA-N	38	1981-10-05	AP	Discontinued	false	2026-08-28	2026-08-31	2026-08-31	2026-08-31
085146	ANDA	001	RISING	PROMETHAZINE HYDROCHLORIDE	PROMETHAZINE HYDROCHLORIDE	R61ZEH7I1I	XXPDBLUZJRXNNZ-UHFFFAOYSA-N	38	1994-09-16	AP	Discontinued	false	2026-08-28	2026-08-31	2026-08-31	2026-08-31
085146	ANDA	002	RISING	PROMETHAZINE HYDROCHLORIDE	PROMETHAZINE HYDROCHLORIDE	R61ZEH7I1I	XXPDBLUZJRXNNZ-UHFFFAOYSA-N	38	1994-09-16	AP	Discontinued	false	2026-08-28	2026-08-31	2026-08-31	2026-08-31
085385	ANDA	001	KV PHARM	PROMETHAZINE HYDROCHLORIDE	PROMETHAZINE HYDROCHLORIDE	R61ZEH7I1I	XXPDBLUZJRXNNZ-UHFFFAOYSA-N	38	1977-03-03	AP	Discontinued	false	2026-08-28	2026-08-31	2026-08-31	2026-08-31
085388	ANDA	001	KV PHARM	PROMETHAZINE HYDROCHLORIDE	PROMETHAZINE HYDROCHLORIDE	R61ZEH7I1I	XXPDBLUZJRXNNZ-UHFFFAOYSA-N	38	1977-05-16	AP	Discontinued	false	2026-08-28	2026-08-31	2026-08-31	2026-08-31
085684	ANDA	001	WATSON LABS	PROMETHAZINE HYDROCHLORIDE	PROMETHAZINE HYDROCHLORIDE	R61ZEH7I1I	XXPDBLUZJRXNNZ-UHFFFAOYSA-N	38	1977-09-26	AP	Discontinued	false	2026-08-28	2026-08-31	2026-08-31	2026-08-31
085953	ANDA	001	ACTAVIS MID ATLANTIC	PROMETH PLAIN	PROMETHAZINE HYDROCHLORIDE	R61ZEH7I1I	XXPDBLUZJRXNNZ-UHFFFAOYSA-N	38	1978-08-21	AP	Discontinued	false	2026-08-28	2026-08-31	2026-08-31	2026-08-31
087165	ANDA	001	COSETTE PHARMS NC	PROMETHEGAN	PROMETHAZINE HYDROCHLORIDE	R61ZEH7I1I	XXPDBLUZJRXNNZ-UHFFFAOYSA-N	38	1987-08-14	AP	Prescription	true	2026-08-28	2026-08-31	2026-08-31	2026-08-31
087953	ANDA	001	PHARMOBEDIENT	PROMETHAZINE PLAIN	PROMETHAZINE HYDROCHLORIDE	R61ZEH7I1I	XXPDBLUZJRXNNZ-UHFFFAOYSA-N	38	1982-11-15	AP	Prescription	true	2026-08-28	2026-08-31	2026-08-31	2026-08-31
087996	ANDA	001	USL PHARMA	MYMETHAZINE FORTIS	PROMETHAZINE HYDROCHLORIDE	R61ZEH7I1I	XXPDBLUZJRXNNZ-UHFFFAOYSA-N	38	1983-01-18	AP	Discontinued	false	2026-08-28	2026-08-31	2026-08-31	2026-08-31
089109	ANDA	001	TEVA	PROMETHAZINE HYDROCHLORIDE	PROMETHAZINE HYDROCHLORIDE	R61ZEH7I1I	XXPDBLUZJRXNNZ-UHFFFAOYSA-N	38	1985-09-10	AP	Discontinued	false	2026-08-28	2026-08-31	2026-08-31	2026-08-31
089463	ANDA	001	MARSAM PHARMS LLC	PROMETHAZINE HYDROCHLORIDE	PROMETHAZINE HYDROCHLORIDE	R61ZEH7I1I	XXPDBLUZJRXNNZ-UHFFFAOYSA-N	38	1988-05-02	AP	Discontinued	false	2026-08-28	2026-08-31	2026-08-31	2026-08-31
089477	ANDA	001	MARSAM PHARMS LLC	PROMETHAZINE HYDROCHLORIDE	PROMETHAZINE HYDROCHLORIDE	R61ZEH7I1I	XXPDBLUZJRXNNZ-UHFFFAOYSA-N	38	1988-05-02	AP	Discontinued	false	2026-08-28	2026-08-31	2026-08-31	2026-08-31
091054	ANDA	001	AUROBINDO PHARMA USA	PROMETHAZINE HYDROCHLORIDE	PROMETHAZINE HYDROCHLORIDE	R61ZEH7I1I	XXPDBLUZJRXNNZ-UHFFFAOYSA-N	38	2011-08-30	AP	Discontinued	false	2026-08-28	2026-08-31	2026-08-31	2026-08-31
091054	ANDA	002	AUROBINDO PHARMA USA	PROMETHAZINE HYDROCHLORIDE	PROMETHAZINE HYDROCHLORIDE	R61ZEH7I1I	XXPDBLUZJRXNNZ-UHFFFAOYSA-N	38	2011-08-30	AP	Discontinued	false	2026-08-28	2026-08-31	2026-08-31	2026-08-31
091054	ANDA	003	AUROBINDO PHARMA USA	PROMETHAZINE HYDROCHLORIDE	PROMETHAZINE HYDROCHLORIDE	R61ZEH7I1I	XXPDBLUZJRXNNZ-UHFFFAOYSA-N	38	2011-08-30	AP	Discontinued	false	2026-08-28	2026-08-31	2026-08-31	2026-08-31
091179	ANDA	001	AMNEAL PHARMS NY	PROMETHAZINE HYDROCHLORIDE	PROMETHAZINE HYDROCHLORIDE	R61ZEH7I1I	XXPDBLUZJRXNNZ-UHFFFAOYSA-N	38	2010-12-13	AP	Prescription	true	2026-08-28	2026-08-31	2026-08-31	2026-08-31
091179	ANDA	002	AMNEAL PHARMS NY	PROMETHAZINE HYDROCHLORIDE	PROMETHAZINE HYDROCHLORIDE	R61ZEH7I1I	XXPDBLUZJRXNNZ-UHFFFAOYSA-N	38	2010-12-13	AP	Prescription	true	2026-08-28	2026-08-31	2026-08-31	2026-08-31
091179	ANDA	003	AMNEAL PHARMS NY	PROMETHAZINE HYDROCHLORIDE	PROMETHAZINE HYDROCHLORIDE	R61ZEH7I1I	XXPDBLUZJRXNNZ-UHFFFAOYSA-N	38	2010-12-13	AP	Prescription	true	2026-08-28	2026-08-31	2026-08-31	2026-08-31
091675	ANDA	001	COSETTE PHARMS NC	PROMETHAZINE HYDROCHLORIDE	PROMETHAZINE HYDROCHLORIDE	R61ZEH7I1I	XXPDBLUZJRXNNZ-UHFFFAOYSA-N	38	2012-06-28	AP	Prescription	true	2026-08-28	2026-08-31	2026-08-31	2026-08-31
209177	ANDA	001	STRIDES PHARMA	PROMETHAZINE HYDROCHLORIDE	PROMETHAZINE HYDROCHLORIDE	R61ZEH7I1I	XXPDBLUZJRXNNZ-UHFFFAOYSA-N	38	2017-06-30	AP	Discontinued	false	2026-08-28	2026-08-31	2026-08-31	2026-08-31
209177	ANDA	002	STRIDES PHARMA	PROMETHAZINE HYDROCHLORIDE	PROMETHAZINE HYDROCHLORIDE	R61ZEH7I1I	XXPDBLUZJRXNNZ-UHFFFAOYSA-N	38	2017-06-30	AP	Discontinued	false	2026-08-28	2026-08-31	2026-08-31	2026-08-31
209177	ANDA	003	STRIDES PHARMA	PROMETHAZINE HYDROCHLORIDE	PROMETHAZINE HYDROCHLORIDE	R61ZEH7I1I	XXPDBLUZJRXNNZ-UHFFFAOYSA-N	38	2017-06-30	AP	Discontinued	false	2026-08-28	2026-08-31	2026-08-31	2026-08-31
213890	ANDA	001	QUAGEN	PROMETHAZINE HYDROCHLORIDE	PROMETHAZINE HYDROCHLORIDE	R61ZEH7I1I	XXPDBLUZJRXNNZ-UHFFFAOYSA-N	38	2021-07-12	AP	Prescription	true	2026-08-28	2026-08-31	2026-08-31	2026-08-31
216446	ANDA	001	ANNORA PHARMA	PROMETHAZINE HYDROCHLORIDE	PROMETHAZINE HYDROCHLORIDE	R61ZEH7I1I	XXPDBLUZJRXNNZ-UHFFFAOYSA-N	38	2022-11-02	AP	Prescription	true	2026-08-28	2026-08-31	2026-08-31	2026-08-31
216446	ANDA	002	ANNORA PHARMA	PROMETHAZINE HYDROCHLORIDE	PROMETHAZINE HYDROCHLORIDE	R61ZEH7I1I	XXPDBLUZJRXNNZ-UHFFFAOYSA-N	38	2022-11-02	AP	Prescription	true	2026-08-28	2026-08-31	2026-08-31	2026-08-31
022311	NDA	001	GENZYME	MOZOBIL	PLERIXAFOR	S915P5499N	YIQPUIGJQJDJOS-UHFFFAOYSA-N	41	2008-12-15	AP	Prescription	true	2026-08-28	2026-08-31	2026-08-31	2026-08-31
205182	ANDA	001	DR REDDYS	PLERIXAFOR	PLERIXAFOR	S915P5499N	YIQPUIGJQJDJOS-UHFFFAOYSA-N	41	2023-07-24	AP	Prescription	true	2026-08-28	2026-08-31	2026-08-31	2026-08-31
205197	ANDA	001	TEVA PHARMS USA INC	PLERIXAFOR	PLERIXAFOR	S915P5499N	YIQPUIGJQJDJOS-UHFFFAOYSA-N	41	2023-07-24	AP	Discontinued	false	2026-08-28	2026-08-31	2026-08-31	2026-08-31
206644	ANDA	001	GLAND	PLERIXAFOR	PLERIXAFOR	S915P5499N	YIQPUIGJQJDJOS-UHFFFAOYSA-N	41	2024-05-03	AP	Prescription	true	2026-08-28	2026-08-31	2026-08-31	2026-08-31
208980	ANDA	001	ZYDUS PHARMS	PLERIXAFOR	PLERIXAFOR	S915P5499N	YIQPUIGJQJDJOS-UHFFFAOYSA-N	41	2023-07-26	AP	Discontinued	false	2026-08-28	2026-08-31	2026-08-31	2026-08-31
211901	ANDA	001	MSN	PLERIXAFOR	PLERIXAFOR	S915P5499N	YIQPUIGJQJDJOS-UHFFFAOYSA-N	41	2023-07-24	AP	Prescription	true	2026-08-28	2026-08-31	2026-08-31	2026-08-31
213672	ANDA	001	EUGIA PHARMA	PLERIXAFOR	PLERIXAFOR	S915P5499N	YIQPUIGJQJDJOS-UHFFFAOYSA-N	41	2023-07-24	AP	Prescription	true	2026-08-28	2026-08-31	2026-08-31	2026-08-31
215334	ANDA	001	AMNEAL	PLERIXAFOR	PLERIXAFOR	S915P5499N	YIQPUIGJQJDJOS-UHFFFAOYSA-N	41	2023-07-24	AP	Prescription	true	2026-08-28	2026-08-31	2026-08-31	2026-08-31
215698	ANDA	001	MEITHEAL	PLERIXAFOR	PLERIXAFOR	S915P5499N	YIQPUIGJQJDJOS-UHFFFAOYSA-N	41	2023-07-24	AP	Prescription	true	2026-08-28	2026-08-31	2026-08-31	2026-08-31
217560	ANDA	001	HETERO LABS LTD VI	PLERIXAFOR	PLERIXAFOR	S915P5499N	YIQPUIGJQJDJOS-UHFFFAOYSA-N	41	2025-06-16	AP	Prescription	true	2026-08-28	2026-08-31	2026-08-31	2026-08-31
021335	NDA	001	NOVARTIS	GLEEVEC	IMATINIB MESYLATE	8A1O1M485B	YLMAHDNUQAMNNX-UHFFFAOYSA-N	62	2001-05-10	AP	Discontinued	false	2026-08-28	2026-08-31	2026-08-31	2026-08-31
021335	NDA	002	NOVARTIS	GLEEVEC	IMATINIB MESYLATE	8A1O1M485B	YLMAHDNUQAMNNX-UHFFFAOYSA-N	62	2001-05-10	AP	Discontinued	false	2026-08-28	2026-08-31	2026-08-31	2026-08-31
021588	NDA	001	NOVARTIS	GLEEVEC	IMATINIB MESYLATE	8A1O1M485B	YLMAHDNUQAMNNX-UHFFFAOYSA-N	62	2003-04-18	AP	Prescription	true	2026-08-28	2026-08-31	2026-08-31	2026-08-31
021588	NDA	002	NOVARTIS	GLEEVEC	IMATINIB MESYLATE	8A1O1M485B	YLMAHDNUQAMNNX-UHFFFAOYSA-N	62	2003-04-18	AP	Prescription	true	2026-08-28	2026-08-31	2026-08-31	2026-08-31
078340	ANDA	001	SUN PHARM	IMATINIB MESYLATE	IMATINIB MESYLATE	8A1O1M485B	YLMAHDNUQAMNNX-UHFFFAOYSA-N	62	2015-12-03	AP	Discontinued	false	2026-08-28	2026-08-31	2026-08-31	2026-08-31
078340	ANDA	002	SUN PHARM	IMATINIB MESYLATE	IMATINIB MESYLATE	8A1O1M485B	YLMAHDNUQAMNNX-UHFFFAOYSA-N	62	2015-12-03	AP	Discontinued	false	2026-08-28	2026-08-31	2026-08-31	2026-08-31
079179	ANDA	001	APOTEX	IMATINIB MESYLATE	IMATINIB MESYLATE	8A1O1M485B	YLMAHDNUQAMNNX-UHFFFAOYSA-N	62	2016-08-05	AP	Prescription	true	2026-08-28	2026-08-31	2026-08-31	2026-08-31
079179	ANDA	002	APOTEX	IMATINIB MESYLATE	IMATINIB MESYLATE	8A1O1M485B	YLMAHDNUQAMNNX-UHFFFAOYSA-N	62	2016-08-05	AP	Prescription	true	2026-08-28	2026-08-31	2026-08-31	2026-08-31
204285	ANDA	001	TEVA PHARMS USA	IMATINIB MESYLATE	IMATINIB MESYLATE	8A1O1M485B	YLMAHDNUQAMNNX-UHFFFAOYSA-N	62	2016-08-04	AP	Prescription	true	2026-08-28	2026-08-31	2026-08-31	2026-08-31
204285	ANDA	002	TEVA PHARMS USA	IMATINIB MESYLATE	IMATINIB MESYLATE	8A1O1M485B	YLMAHDNUQAMNNX-UHFFFAOYSA-N	62	2016-08-04	AP	Prescription	true	2026-08-28	2026-08-31	2026-08-31	2026-08-31
204644	ANDA	001	MYLAN	IMATINIB MESYLATE	IMATINIB MESYLATE	8A1O1M485B	YLMAHDNUQAMNNX-UHFFFAOYSA-N	62	2017-06-21	AP	Prescription	true	2026-08-28	2026-08-31	2026-08-31	2026-08-31
204644	ANDA	002	MYLAN	IMATINIB MESYLATE	IMATINIB MESYLATE	8A1O1M485B	YLMAHDNUQAMNNX-UHFFFAOYSA-N	62	2017-06-21	AP	Prescription	true	2026-08-28	2026-08-31	2026-08-31	2026-08-31
205990	ANDA	001	NOVITIUM PHARMA	IMATINIB MESYLATE	IMATINIB MESYLATE	8A1O1M485B	YLMAHDNUQAMNNX-UHFFFAOYSA-N	62	2019-02-08	AP	Discontinued	false	2026-08-28	2026-08-31	2026-08-31	2026-08-31
205990	ANDA	002	NOVITIUM PHARMA	IMATINIB MESYLATE	IMATINIB MESYLATE	8A1O1M485B	YLMAHDNUQAMNNX-UHFFFAOYSA-N	62	2019-02-08	AP	Discontinued	false	2026-08-28	2026-08-31	2026-08-31	2026-08-31
206547	ANDA	001	DR REDDYS	IMATINIB MESYLATE	IMATINIB MESYLATE	8A1O1M485B	YLMAHDNUQAMNNX-UHFFFAOYSA-N	62	2018-08-13	AP	Prescription	true	2026-08-28	2026-08-31	2026-08-31	2026-08-31
206547	ANDA	002	DR REDDYS	IMATINIB MESYLATE	IMATINIB MESYLATE	8A1O1M485B	YLMAHDNUQAMNNX-UHFFFAOYSA-N	62	2018-08-13	AP	Prescription	true	2026-08-28	2026-08-31	2026-08-31	2026-08-31
207495	ANDA	001	AMNEAL PHARMS	IMATINIB MESYLATE	IMATINIB MESYLATE	8A1O1M485B	YLMAHDNUQAMNNX-UHFFFAOYSA-N	62	2019-02-08	AP	Discontinued	false	2026-08-28	2026-08-31	2026-08-31	2026-08-31
207495	ANDA	002	AMNEAL PHARMS	IMATINIB MESYLATE	IMATINIB MESYLATE	8A1O1M485B	YLMAHDNUQAMNNX-UHFFFAOYSA-N	62	2019-02-08	AP	Discontinued	false	2026-08-28	2026-08-31	2026-08-31	2026-08-31
207586	ANDA	001	HIKMA	IMATINIB MESYLATE	IMATINIB MESYLATE	8A1O1M485B	YLMAHDNUQAMNNX-UHFFFAOYSA-N	62	2018-07-13	AP	Discontinued	false	2026-08-28	2026-08-31	2026-08-31	2026-08-31
207586	ANDA	002	HIKMA	IMATINIB MESYLATE	IMATINIB MESYLATE	8A1O1M485B	YLMAHDNUQAMNNX-UHFFFAOYSA-N	62	2018-07-13	AP	Discontinued	false	2026-08-28	2026-08-31	2026-08-31	2026-08-31
207818	ANDA	001	NATCO PHARMA LTD	IMATINIB MESYLATE	IMATINIB MESYLATE	8A1O1M485B	YLMAHDNUQAMNNX-UHFFFAOYSA-N	62	2019-03-01	AP	Prescription	true	2026-08-28	2026-08-31	2026-08-31	2026-08-31
207818	ANDA	002	NATCO PHARMA LTD	IMATINIB MESYLATE	IMATINIB MESYLATE	8A1O1M485B	YLMAHDNUQAMNNX-UHFFFAOYSA-N	62	2019-03-01	AP	Prescription	true	2026-08-28	2026-08-31	2026-08-31	2026-08-31
208302	ANDA	001	SHILPA	IMATINIB MESYLATE	IMATINIB MESYLATE	8A1O1M485B	YLMAHDNUQAMNNX-UHFFFAOYSA-N	62	2019-01-17	AP	Prescription	true	2026-08-28	2026-08-31	2026-08-31	2026-08-31
208302	ANDA	002	SHILPA	IMATINIB MESYLATE	IMATINIB MESYLATE	8A1O1M485B	YLMAHDNUQAMNNX-UHFFFAOYSA-N	62	2019-01-17	AP	Prescription	true	2026-08-28	2026-08-31	2026-08-31	2026-08-31
208429	ANDA	001	CHARTWELL RX	IMATINIB MESYLATE	IMATINIB MESYLATE	8A1O1M485B	YLMAHDNUQAMNNX-UHFFFAOYSA-N	62	2019-01-17	AP	Prescription	true	2026-08-28	2026-08-31	2026-08-31	2026-08-31
208429	ANDA	002	CHARTWELL RX	IMATINIB MESYLATE	IMATINIB MESYLATE	8A1O1M485B	YLMAHDNUQAMNNX-UHFFFAOYSA-N	62	2019-01-17	AP	Prescription	true	2026-08-28	2026-08-31	2026-08-31	2026-08-31
210658	ANDA	001	ZYDUS PHARMS	IMATINIB MESYLATE	IMATINIB MESYLATE	8A1O1M485B	YLMAHDNUQAMNNX-UHFFFAOYSA-N	62	2020-04-08	AP	Prescription	true	2026-08-28	2026-08-31	2026-08-31	2026-08-31
210658	ANDA	002	ZYDUS PHARMS	IMATINIB MESYLATE	IMATINIB MESYLATE	8A1O1M485B	YLMAHDNUQAMNNX-UHFFFAOYSA-N	62	2020-04-08	AP	Prescription	true	2026-08-28	2026-08-31	2026-08-31	2026-08-31
212135	ANDA	001	QILU PHARM HAINAN	IMATINIB MESYLATE	IMATINIB MESYLATE	8A1O1M485B	YLMAHDNUQAMNNX-UHFFFAOYSA-N	62	2022-06-21	AP	Prescription	true	2026-08-28	2026-08-31	2026-08-31	2026-08-31
212135	ANDA	002	QILU PHARM HAINAN	IMATINIB MESYLATE	IMATINIB MESYLATE	8A1O1M485B	YLMAHDNUQAMNNX-UHFFFAOYSA-N	62	2022-06-21	AP	Prescription	true	2026-08-28	2026-08-31	2026-08-31	2026-08-31
212193	ANDA	001	CSPC OUYI	IMATINIB MESYLATE	IMATINIB MESYLATE	8A1O1M485B	YLMAHDNUQAMNNX-UHFFFAOYSA-N	62	2025-04-21	AP	Prescription	true	2026-08-28	2026-08-31	2026-08-31	2026-08-31
212193	ANDA	002	CSPC OUYI	IMATINIB MESYLATE	IMATINIB MESYLATE	8A1O1M485B	YLMAHDNUQAMNNX-UHFFFAOYSA-N	62	2025-04-21	AP	Prescription	true	2026-08-28	2026-08-31	2026-08-31	2026-08-31
212773	ANDA	001	EUGIA PHARMA	IMATINIB MESYLATE	IMATINIB MESYLATE	8A1O1M485B	YLMAHDNUQAMNNX-UHFFFAOYSA-N	62	2020-07-23	AP	Prescription	true	2026-08-28	2026-08-31	2026-08-31	2026-08-31
212773	ANDA	002	EUGIA PHARMA	IMATINIB MESYLATE	IMATINIB MESYLATE	8A1O1M485B	YLMAHDNUQAMNNX-UHFFFAOYSA-N	62	2020-07-23	AP	Prescription	true	2026-08-28	2026-08-31	2026-08-31	2026-08-31
212975	ANDA	001	HETERO LABS LTD V	IMATINIB MESYLATE	IMATINIB MESYLATE	8A1O1M485B	YLMAHDNUQAMNNX-UHFFFAOYSA-N	62	2025-04-14	AP	Prescription	true	2026-08-28	2026-08-31	2026-08-31	2026-08-31
212975	ANDA	002	HETERO LABS LTD V	IMATINIB MESYLATE	IMATINIB MESYLATE	8A1O1M485B	YLMAHDNUQAMNNX-UHFFFAOYSA-N	62	2025-04-14	AP	Prescription	true	2026-08-28	2026-08-31	2026-08-31	2026-08-31
219097	NDA	001	SHORLA ONCOLOGY	IMKELDI	IMATINIB MESYLATE	8A1O1M485B	YLMAHDNUQAMNNX-UHFFFAOYSA-N	62	2024-11-22	AP	Prescription	true	2026-08-28	2026-08-31	2026-08-31	2026-08-31
021007	NDA	001	GLAXOSMITHKLINE	AGENERASE	AMPRENAVIR	5S0W860XNR	YMARZQAQMVYCKC-OEMFJLHTSA-N	41	1999-04-15	AP	Discontinued	false	2026-08-28	2026-08-31	2026-08-31	2026-08-31
021007	NDA	002	GLAXOSMITHKLINE	AGENERASE	AMPRENAVIR	5S0W860XNR	YMARZQAQMVYCKC-OEMFJLHTSA-N	41	1999-04-15	AP	Discontinued	false	2026-08-28	2026-08-31	2026-08-31	2026-08-31
021039	NDA	001	GLAXOSMITHKLINE	AGENERASE	AMPRENAVIR	5S0W860XNR	YMARZQAQMVYCKC-OEMFJLHTSA-N	41	1999-04-15	AP	Discontinued	false	2026-08-28	2026-08-31	2026-08-31	2026-08-31
021497	NDA	001	ROMARK	ALINIA	NITAZOXANIDE	SOA12P041N	YQNQNVDNTFHQSW-UHFFFAOYSA-N	41	2004-07-21	AP	Discontinued	false	2026-08-28	2026-08-31	2026-08-31	2026-08-31
021498	NDA	001	ROMARK	ALINIA	NITAZOXANIDE	SOA12P041N	YQNQNVDNTFHQSW-UHFFFAOYSA-N	41	2002-11-22	AP	Discontinued	false	2026-08-28	2026-08-31	2026-08-31	2026-08-31
021818	NDA	001	ROMARK	ALINIA	NITAZOXANIDE	SOA12P041N	YQNQNVDNTFHQSW-UHFFFAOYSA-N	41	2005-06-16	AP	Prescription	true	2026-08-28	2026-08-31	2026-08-31	2026-08-31
213820	ANDA	001	RISING	NITAZOXANIDE	NITAZOXANIDE	SOA12P041N	YQNQNVDNTFHQSW-UHFFFAOYSA-N	41	2020-11-27	AP	Prescription	true	2026-08-28	2026-08-31	2026-08-31	2026-08-31
214844	ANDA	001	ANI PHARMS	NITAZOXANIDE	NITAZOXANIDE	SOA12P041N	YQNQNVDNTFHQSW-UHFFFAOYSA-N	41	2025-02-03	AP	Prescription	true	2026-08-28	2026-08-31	2026-08-31	2026-08-31
218701	ANDA	001	ANNORA PHARMA	NITAZOXANIDE	NITAZOXANIDE	SOA12P041N	YQNQNVDNTFHQSW-UHFFFAOYSA-N	41	2025-04-15	AP	Prescription	true	2026-08-28	2026-08-31	2026-08-31	2026-08-31
021797	NDA	001	BRISTOL MYERS SQUIBB	BARACLUDE	ENTECAVIR	5968Y6H45M	YXPVEXCTPGULBZ-WQYNNSOESA-N	52	2005-03-29	AP	Prescription	true	2026-08-28	2026-08-31	2026-08-31	2026-08-31
021797	NDA	002	BRISTOL MYERS SQUIBB	BARACLUDE	ENTECAVIR	5968Y6H45M	YXPVEXCTPGULBZ-WQYNNSOESA-N	52	2005-03-29	AP	Prescription	true	2026-08-28	2026-08-31	2026-08-31	2026-08-31
021798	NDA	001	BRISTOL MYERS SQUIBB	BARACLUDE	ENTECAVIR	5968Y6H45M	YXPVEXCTPGULBZ-WQYNNSOESA-N	52	2005-03-29	AP	Prescription	true	2026-08-28	2026-08-31	2026-08-31	2026-08-31
202122	ANDA	001	TEVA PHARMS USA	ENTECAVIR	ENTECAVIR	5968Y6H45M	YXPVEXCTPGULBZ-WQYNNSOESA-N	52	2014-08-26	AP	Discontinued	false	2026-08-28	2026-08-31	2026-08-31	2026-08-31
202122	ANDA	002	TEVA PHARMS USA	ENTECAVIR	ENTECAVIR	5968Y6H45M	YXPVEXCTPGULBZ-WQYNNSOESA-N	52	2014-08-26	AP	Discontinued	false	2026-08-28	2026-08-31	2026-08-31	2026-08-31
205740	ANDA	001	HETERO LABS LTD V	ENTECAVIR	ENTECAVIR	5968Y6H45M	YXPVEXCTPGULBZ-WQYNNSOESA-N	52	2015-08-21	AP	Prescription	true	2026-08-28	2026-08-31	2026-08-31	2026-08-31
205740	ANDA	002	HETERO LABS LTD V	ENTECAVIR	ENTECAVIR	5968Y6H45M	YXPVEXCTPGULBZ-WQYNNSOESA-N	52	2015-08-21	AP	Prescription	true	2026-08-28	2026-08-31	2026-08-31	2026-08-31
205824	ANDA	001	ACCORD HLTHCARE	ENTECAVIR	ENTECAVIR	5968Y6H45M	YXPVEXCTPGULBZ-WQYNNSOESA-N	52	2017-08-25	AP	Discontinued	false	2026-08-28	2026-08-31	2026-08-31	2026-08-31
205824	ANDA	002	ACCORD HLTHCARE	ENTECAVIR	ENTECAVIR	5968Y6H45M	YXPVEXCTPGULBZ-WQYNNSOESA-N	52	2017-08-25	AP	Discontinued	false	2026-08-28	2026-08-31	2026-08-31	2026-08-31
206217	ANDA	001	AUROBINDO PHARMA	ENTECAVIR	ENTECAVIR	5968Y6H45M	YXPVEXCTPGULBZ-WQYNNSOESA-N	52	2015-08-26	AP	Prescription	true	2026-08-28	2026-08-31	2026-08-31	2026-08-31
206217	ANDA	002	AUROBINDO PHARMA	ENTECAVIR	ENTECAVIR	5968Y6H45M	YXPVEXCTPGULBZ-WQYNNSOESA-N	52	2015-08-26	AP	Prescription	true	2026-08-28	2026-08-31	2026-08-31	2026-08-31
206226	ANDA	001	RISING	ENTECAVIR	ENTECAVIR	5968Y6H45M	YXPVEXCTPGULBZ-WQYNNSOESA-N	52	2019-03-26	AP	Discontinued	false	2026-08-28	2026-08-31	2026-08-31	2026-08-31
206226	ANDA	002	RISING	ENTECAVIR	ENTECAVIR	5968Y6H45M	YXPVEXCTPGULBZ-WQYNNSOESA-N	52	2019-03-26	AP	Discontinued	false	2026-08-28	2026-08-31	2026-08-31	2026-08-31
206294	ANDA	001	CHARTWELL RX	ENTECAVIR	ENTECAVIR	5968Y6H45M	YXPVEXCTPGULBZ-WQYNNSOESA-N	52	2016-11-23	AP	Discontinued	false	2026-08-28	2026-08-31	2026-08-31	2026-08-31
206294	ANDA	002	CHARTWELL RX	ENTECAVIR	ENTECAVIR	5968Y6H45M	YXPVEXCTPGULBZ-WQYNNSOESA-N	52	2016-11-23	AP	Discontinued	false	2026-08-28	2026-08-31	2026-08-31	2026-08-31
206652	ANDA	001	AMNEAL PHARMS	ENTECAVIR	ENTECAVIR	5968Y6H45M	YXPVEXCTPGULBZ-WQYNNSOESA-N	52	2015-11-12	AP	Prescription	true	2026-08-28	2026-08-31	2026-08-31	2026-08-31
206652	ANDA	002	AMNEAL PHARMS	ENTECAVIR	ENTECAVIR	5968Y6H45M	YXPVEXCTPGULBZ-WQYNNSOESA-N	52	2015-11-12	AP	Prescription	true	2026-08-28	2026-08-31	2026-08-31	2026-08-31
206672	ANDA	001	CHARTWELL RX	ENTECAVIR	ENTECAVIR	5968Y6H45M	YXPVEXCTPGULBZ-WQYNNSOESA-N	52	2017-05-11	AP	Discontinued	false	2026-08-28	2026-08-31	2026-08-31	2026-08-31
206672	ANDA	002	CHARTWELL RX	ENTECAVIR	ENTECAVIR	5968Y6H45M	YXPVEXCTPGULBZ-WQYNNSOESA-N	52	2017-05-11	AP	Discontinued	false	2026-08-28	2026-08-31	2026-08-31	2026-08-31
206745	ANDA	001	ZYDUS PHARMS	ENTECAVIR	ENTECAVIR	5968Y6H45M	YXPVEXCTPGULBZ-WQYNNSOESA-N	52	2017-06-23	AP	Prescription	true	2026-08-28	2026-08-31	2026-08-31	2026-08-31
206745	ANDA	002	ZYDUS PHARMS	ENTECAVIR	ENTECAVIR	5968Y6H45M	YXPVEXCTPGULBZ-WQYNNSOESA-N	52	2017-06-23	AP	Prescription	true	2026-08-28	2026-08-31	2026-08-31	2026-08-31
206872	ANDA	001	CIPLA	ENTECAVIR	ENTECAVIR	5968Y6H45M	YXPVEXCTPGULBZ-WQYNNSOESA-N	52	2016-12-06	AP	Prescription	true	2026-08-28	2026-08-31	2026-08-31	2026-08-31
206872	ANDA	002	CIPLA	ENTECAVIR	ENTECAVIR	5968Y6H45M	YXPVEXCTPGULBZ-WQYNNSOESA-N	52	2016-12-06	AP	Prescription	true	2026-08-28	2026-08-31	2026-08-31	2026-08-31
208195	ANDA	001	YUNG SHIN PHARM	ENTECAVIR	ENTECAVIR	5968Y6H45M	YXPVEXCTPGULBZ-WQYNNSOESA-N	52	2021-11-10	AP	Prescription	true	2026-08-28	2026-08-31	2026-08-31	2026-08-31
208195	ANDA	002	YUNG SHIN PHARM	ENTECAVIR	ENTECAVIR	5968Y6H45M	YXPVEXCTPGULBZ-WQYNNSOESA-N	52	2021-11-10	AP	Prescription	true	2026-08-28	2026-08-31	2026-08-31	2026-08-31
208721	ANDA	001	BRECKENRIDGE	ENTECAVIR	ENTECAVIR	5968Y6H45M	YXPVEXCTPGULBZ-WQYNNSOESA-N	52	2018-03-15	AP	Discontinued	false	2026-08-28	2026-08-31	2026-08-31	2026-08-31
208721	ANDA	002	BRECKENRIDGE	ENTECAVIR	ENTECAVIR	5968Y6H45M	YXPVEXCTPGULBZ-WQYNNSOESA-N	52	2018-03-15	AP	Discontinued	false	2026-08-28	2026-08-31	2026-08-31	2026-08-31
208782	ANDA	001	PRINSTON INC	ENTECAVIR	ENTECAVIR	5968Y6H45M	YXPVEXCTPGULBZ-WQYNNSOESA-N	52	2017-10-10	AP	Discontinued	false	2026-08-28	2026-08-31	2026-08-31	2026-08-31
208782	ANDA	002	PRINSTON INC	ENTECAVIR	ENTECAVIR	5968Y6H45M	YXPVEXCTPGULBZ-WQYNNSOESA-N	52	2017-10-10	AP	Discontinued	false	2026-08-28	2026-08-31	2026-08-31	2026-08-31
211978	ANDA	001	SUNSHINE	ENTECAVIR	ENTECAVIR	5968Y6H45M	YXPVEXCTPGULBZ-WQYNNSOESA-N	52	2020-05-20	AP	Discontinued	false	2026-08-28	2026-08-31	2026-08-31	2026-08-31
211978	ANDA	002	SUNSHINE	ENTECAVIR	ENTECAVIR	5968Y6H45M	YXPVEXCTPGULBZ-WQYNNSOESA-N	52	2020-05-20	AP	Discontinued	false	2026-08-28	2026-08-31	2026-08-31	2026-08-31
212106	ANDA	001	PHARMADAX	ENTECAVIR	ENTECAVIR	5968Y6H45M	YXPVEXCTPGULBZ-WQYNNSOESA-N	52	2020-08-10	AP	Discontinued	false	2026-08-28	2026-08-31	2026-08-31	2026-08-31
212106	ANDA	002	PHARMADAX	ENTECAVIR	ENTECAVIR	5968Y6H45M	YXPVEXCTPGULBZ-WQYNNSOESA-N	52	2020-08-10	AP	Discontinued	false	2026-08-28	2026-08-31	2026-08-31	2026-08-31
212126	ANDA	001	BRIGHTGENE	ENTECAVIR	ENTECAVIR	5968Y6H45M	YXPVEXCTPGULBZ-WQYNNSOESA-N	52	2019-09-25	AP	Prescription	true	2026-08-28	2026-08-31	2026-08-31	2026-08-31
212126	ANDA	002	BRIGHTGENE	ENTECAVIR	ENTECAVIR	5968Y6H45M	YXPVEXCTPGULBZ-WQYNNSOESA-N	52	2019-09-25	AP	Prescription	true	2026-08-28	2026-08-31	2026-08-31	2026-08-31
212201	ANDA	001	YAOPHARMA CO LTD	ENTECAVIR	ENTECAVIR	5968Y6H45M	YXPVEXCTPGULBZ-WQYNNSOESA-N	52	2019-11-04	AP	Discontinued	false	2026-08-28	2026-08-31	2026-08-31	2026-08-31
212201	ANDA	002	YAOPHARMA CO LTD	ENTECAVIR	ENTECAVIR	5968Y6H45M	YXPVEXCTPGULBZ-WQYNNSOESA-N	52	2019-11-04	AP	Discontinued	false	2026-08-28	2026-08-31	2026-08-31	2026-08-31
216857	ANDA	001	CONBA USA	ENTECAVIR	ENTECAVIR	5968Y6H45M	YXPVEXCTPGULBZ-WQYNNSOESA-N	52	2024-12-23	AP	Prescription	true	2026-08-28	2026-08-31	2026-08-31	2026-08-31
216857	ANDA	002	CONBA USA	ENTECAVIR	ENTECAVIR	5968Y6H45M	YXPVEXCTPGULBZ-WQYNNSOESA-N	52	2024-12-23	AP	Prescription	true	2026-08-28	2026-08-31	2026-08-31	2026-08-31
017768	NDA	001	MOLNLYCKE HLTH	HIBICLENS	CHLORHEXIDINE GLUCONATE	MOR84MUD8E	YZIYKJHYYHPJIB-UUPCJSQJSA-N	38	1976-09-17	AP	Over-the-counter	true	2026-08-28	2026-08-31	2026-08-31	2026-08-31
018300	NDA	001	MOLNLYCKE HLTH	HIBISTAT	CHLORHEXIDINE GLUCONATE	MOR84MUD8E	YZIYKJHYYHPJIB-UUPCJSQJSA-N	38	1980-05-23	AP	Over-the-counter	true	2026-08-28	2026-08-31	2026-08-31	2026-08-31
018423	NDA	001	MOLNLYCKE HLTH	HIBICLENS	CHLORHEXIDINE GLUCONATE	MOR84MUD8E	YZIYKJHYYHPJIB-UUPCJSQJSA-N	38	1981-08-27	AP	Discontinued	false	2026-08-28	2026-08-31	2026-08-31	2026-08-31
019028	NDA	001	SOLVENTUM	PERIDEX	CHLORHEXIDINE GLUCONATE	MOR84MUD8E	YZIYKJHYYHPJIB-UUPCJSQJSA-N	38	1986-08-13	AP	Prescription	true	2026-08-28	2026-08-31	2026-08-31	2026-08-31
019125	NDA	001	XTTRIUM	DYNA-HEX 4	CHLORHEXIDINE GLUCONATE	MOR84MUD8E	YZIYKJHYYHPJIB-UUPCJSQJSA-N	38	1984-12-24	AP	Over-the-counter	true	2026-08-28	2026-08-31	2026-08-31	2026-08-31
019127	NDA	001	XTTRIUM	EXIDINE	CHLORHEXIDINE GLUCONATE	MOR84MUD8E	YZIYKJHYYHPJIB-UUPCJSQJSA-N	38	1984-12-24	AP	Over-the-counter	true	2026-08-28	2026-08-31	2026-08-31	2026-08-31
019258	NDA	001	ECOLAB	CIDA-STAT	CHLORHEXIDINE GLUCONATE	MOR84MUD8E	YZIYKJHYYHPJIB-UUPCJSQJSA-N	38	1986-07-22	AP	Over-the-counter	true	2026-08-28	2026-08-31	2026-08-31	2026-08-31
019258	NDA	002	ECOLAB	CHG SCRUB	CHLORHEXIDINE GLUCONATE	MOR84MUD8E	YZIYKJHYYHPJIB-UUPCJSQJSA-N	38	1986-07-22	AP	Over-the-counter	true	2026-08-28	2026-08-31	2026-08-31	2026-08-31
019421	NDA	001	XTTRIUM	EXIDINE	CHLORHEXIDINE GLUCONATE	MOR84MUD8E	YZIYKJHYYHPJIB-UUPCJSQJSA-N	38	1985-12-17	AP	Discontinued	false	2026-08-28	2026-08-31	2026-08-31	2026-08-31
019422	NDA	001	XTTRIUM	DYNA-HEX 2	CHLORHEXIDINE GLUCONATE	MOR84MUD8E	YZIYKJHYYHPJIB-UUPCJSQJSA-N	38	1985-12-17	AP	Over-the-counter	true	2026-08-28	2026-08-31	2026-08-31	2026-08-31
019793	NDA	001	CAREFUSION 2200	PHARMASEAL SCRUB CARE	CHLORHEXIDINE GLUCONATE	MOR84MUD8E	YZIYKJHYYHPJIB-UUPCJSQJSA-N	38	1988-12-02	AP	Discontinued	false	2026-08-28	2026-08-31	2026-08-31	2026-08-31
019822	NDA	001	GRIFFEN	BIOSCRUB	CHLORHEXIDINE GLUCONATE	MOR84MUD8E	YZIYKJHYYHPJIB-UUPCJSQJSA-N	38	1989-03-31	AP	Over-the-counter	true	2026-08-28	2026-08-31	2026-08-31	2026-08-31
020111	NDA	001	BAJAJ	CHLORHEXIDINE GLUCONATE	CHLORHEXIDINE GLUCONATE	MOR84MUD8E	YZIYKJHYYHPJIB-UUPCJSQJSA-N	38	1997-09-11	AP	Over-the-counter	true	2026-08-28	2026-08-31	2026-08-31	2026-08-31
020774	NDA	001	DEXCEL PHARMA	PERIOCHIP	CHLORHEXIDINE GLUCONATE	MOR84MUD8E	YZIYKJHYYHPJIB-UUPCJSQJSA-N	38	1998-05-15	AP	Discontinued	false	2026-08-28	2026-08-31	2026-08-31	2026-08-31
021669	NDA	001	SAGE PRODS	CHLORHEXIDINE GLUCONATE	CHLORHEXIDINE GLUCONATE	MOR84MUD8E	YZIYKJHYYHPJIB-UUPCJSQJSA-N	38	2005-04-25	AP	Over-the-counter	true	2026-08-28	2026-08-31	2026-08-31	2026-08-31
070104	ANDA	001	MATRIX MEDCL	STERI-STAT	CHLORHEXIDINE GLUCONATE	MOR84MUD8E	YZIYKJHYYHPJIB-UUPCJSQJSA-N	38	1986-07-24	AP	Discontinued	false	2026-08-28	2026-08-31	2026-08-31	2026-08-31
071419	ANDA	001	SOAPCO	BRIAN CARE	CHLORHEXIDINE GLUCONATE	MOR84MUD8E	YZIYKJHYYHPJIB-UUPCJSQJSA-N	38	1987-12-17	AP	Discontinued	false	2026-08-28	2026-08-31	2026-08-31	2026-08-31
072255	ANDA	001	J AND J	MICRODERM	CHLORHEXIDINE GLUCONATE	MOR84MUD8E	YZIYKJHYYHPJIB-UUPCJSQJSA-N	38	1991-04-15	AP	Discontinued	false	2026-08-28	2026-08-31	2026-08-31	2026-08-31
072292	ANDA	001	J AND J	PREVACARE R	CHLORHEXIDINE GLUCONATE	MOR84MUD8E	YZIYKJHYYHPJIB-UUPCJSQJSA-N	38	1992-01-28	AP	Discontinued	false	2026-08-28	2026-08-31	2026-08-31	2026-08-31
072295	ANDA	001	J AND J	MICRODERM	CHLORHEXIDINE GLUCONATE	MOR84MUD8E	YZIYKJHYYHPJIB-UUPCJSQJSA-N	38	1991-02-28	AP	Discontinued	false	2026-08-28	2026-08-31	2026-08-31	2026-08-31
072525	ANDA	001	BECTON DICKINSON	CHLORHEXIDINE GLUCONATE	CHLORHEXIDINE GLUCONATE	MOR84MUD8E	YZIYKJHYYHPJIB-UUPCJSQJSA-N	38	1989-10-24	AP	Over-the-counter	true	2026-08-28	2026-08-31	2026-08-31	2026-08-31
073416	ANDA	001	BECTON DICKINSON	E-Z SCRUB	CHLORHEXIDINE GLUCONATE	MOR84MUD8E	YZIYKJHYYHPJIB-UUPCJSQJSA-N	38	2000-03-14	AP	Discontinued	false	2026-08-28	2026-08-31	2026-08-31	2026-08-31
073695	ANDA	001	COLGATE PALMOLIVE CO	PERIOGARD	CHLORHEXIDINE GLUCONATE	MOR84MUD8E	YZIYKJHYYHPJIB-UUPCJSQJSA-N	38	1994-01-14	AP	Discontinued	false	2026-08-28	2026-08-31	2026-08-31	2026-08-31
074291	ANDA	001	LYNE	CHLORHEXIDINE GLUCONATE	CHLORHEXIDINE GLUCONATE	MOR84MUD8E	YZIYKJHYYHPJIB-UUPCJSQJSA-N	38	1995-12-28	AP	Prescription	true	2026-08-28	2026-08-31	2026-08-31	2026-08-31
074356	ANDA	001	SCIEGEN PHARMS	CHLORHEXIDINE GLUCONATE	CHLORHEXIDINE GLUCONATE	MOR84MUD8E	YZIYKJHYYHPJIB-UUPCJSQJSA-N	38	1996-05-07	AP	Discontinued	false	2026-08-28	2026-08-31	2026-08-31	2026-08-31
074522	ANDA	001	PHARM ASSOC	CHLORHEXIDINE GLUCONATE	CHLORHEXIDINE GLUCONATE	MOR84MUD8E	YZIYKJHYYHPJIB-UUPCJSQJSA-N	38	1995-12-15	AP	Prescription	true	2026-08-28	2026-08-31	2026-08-31	2026-08-31
075006	ANDA	001	CHARTWELL RX	CHLORHEXIDINE GLUCONATE	CHLORHEXIDINE GLUCONATE	MOR84MUD8E	YZIYKJHYYHPJIB-UUPCJSQJSA-N	38	2004-03-03	AP	Prescription	true	2026-08-28	2026-08-31	2026-08-31	2026-08-31
075561	ANDA	001	BAJAJ	CHLORHEXIDINE GLUCONATE	CHLORHEXIDINE GLUCONATE	MOR84MUD8E	YZIYKJHYYHPJIB-UUPCJSQJSA-N	38	2000-11-14	AP	Prescription	true	2026-08-28	2026-08-31	2026-08-31	2026-08-31
076434	ANDA	001	SUNSTAR AMERICAS	PAROEX	CHLORHEXIDINE GLUCONATE	MOR84MUD8E	YZIYKJHYYHPJIB-UUPCJSQJSA-N	38	2005-11-29	AP	Discontinued	false	2026-08-28	2026-08-31	2026-08-31	2026-08-31
077789	ANDA	001	PHARMOBEDIENT	CHLORHEXIDINE GLUCONATE	CHLORHEXIDINE GLUCONATE	MOR84MUD8E	YZIYKJHYYHPJIB-UUPCJSQJSA-N	38	2009-06-18	AP	Prescription	true	2026-08-28	2026-08-31	2026-08-31	2026-08-31
203212	ANDA	001	COLGATE-PALMOLIVE CO	PERIOGARD	CHLORHEXIDINE GLUCONATE	MOR84MUD8E	YZIYKJHYYHPJIB-UUPCJSQJSA-N	38	2016-01-28	AP	Prescription	true	2026-08-28	2026-08-31	2026-08-31	2026-08-31
207964	NDA	001	MEDLINE INDUSTRIES	READYPREP CHG	CHLORHEXIDINE GLUCONATE	MOR84MUD8E	YZIYKJHYYHPJIB-UUPCJSQJSA-N	38	2018-11-20	AP	Over-the-counter	true	2026-08-28	2026-08-31	2026-08-31	2026-08-31
200327	NDA	001	ABBVIE	TEFLARO	CEFTAROLINE FOSAMIL	7P6FQA5D21	ZCCUWMICIWSJIX-NQJJCJBVSA-N	33	2010-10-29	AP	Prescription	true	2026-08-28	2026-08-31	2026-08-31	2026-08-31
200327	NDA	002	ABBVIE	TEFLARO	CEFTAROLINE FOSAMIL	7P6FQA5D21	ZCCUWMICIWSJIX-NQJJCJBVSA-N	33	2010-10-29	AP	Prescription	true	2026-08-28	2026-08-31	2026-08-31	2026-08-31
208075	ANDA	001	APOTEX	CEFTAROLINE FOSAMIL	CEFTAROLINE FOSAMIL	7P6FQA5D21	ZCCUWMICIWSJIX-NQJJCJBVSA-N	33	2021-09-21	AP	Prescription	true	2026-08-28	2026-08-31	2026-08-31	2026-08-31
208075	ANDA	002	APOTEX	CEFTAROLINE FOSAMIL	CEFTAROLINE FOSAMIL	7P6FQA5D21	ZCCUWMICIWSJIX-NQJJCJBVSA-N	33	2021-09-21	AP	Prescription	true	2026-08-28	2026-08-31	2026-08-31	2026-08-31
019881	NDA	001	PADAGIS US	BUTOCONAZOLE NITRATE	BUTOCONAZOLE NITRATE	4805237NP5	ZHPWRQIPPNZNML-UHFFFAOYSA-N	16	1997-02-07	AP	Discontinued	false	2026-08-28	2026-08-31	2026-08-31	2026-08-31
020421	NDA	001	BAYER	FEMSTAT 3	BUTOCONAZOLE NITRATE	4805237NP5	ZHPWRQIPPNZNML-UHFFFAOYSA-N	16	1995-12-21	AP	Discontinued	false	2026-08-28	2026-08-31	2026-08-31	2026-08-31
200923	ANDA	001	PADAGIS ISRAEL	GYNAZOLE-1	BUTOCONAZOLE NITRATE	4805237NP5	ZHPWRQIPPNZNML-UHFFFAOYSA-N	16	2012-05-18	AP	Prescription	true	2026-08-28	2026-08-31	2026-08-31	2026-08-31
212862	NDA	001	MYLAN IRELAND LTD	PRETOMANID	PRETOMANID	2XOI31YC4N	ZLHZLMOSPGACSZ-NSHDSACASA-N	40	2019-08-14	AP	Prescription	true	2026-08-28	2026-08-31	2026-08-31	2026-08-31
204384	NDA	001	JANSSEN THERAP	SIRTURO	BEDAQUILINE FUMARATE	P04QX2C1A5	ZLVSPMRFRHMMOY-WWCCMVHESA-N	23	2012-12-28	AP	Prescription	true	2026-08-28	2026-08-31	2026-08-31	2026-08-31
204384	NDA	002	JANSSEN THERAP	SIRTURO	BEDAQUILINE FUMARATE	P04QX2C1A5	ZLVSPMRFRHMMOY-WWCCMVHESA-N	23	2012-12-28	AP	Prescription	true	2026-08-28	2026-08-31	2026-08-31	2026-08-31
009149	NDA	024	GLAXOSMITHKLINE	THORAZINE	CHLORPROMAZINE	U42B7VYA4P	ZPEIMTDSQAKGNT-UHFFFAOYSA-N	66	1957-11-20	AP	Discontinued	false	2026-08-28	2026-08-31	2026-08-31	2026-08-31
009149	NDA	033	GLAXOSMITHKLINE	THORAZINE	CHLORPROMAZINE	U42B7VYA4P	ZPEIMTDSQAKGNT-UHFFFAOYSA-N	66	1957-11-20	AP	Discontinued	false	2026-08-28	2026-08-31	2026-08-31	2026-08-31
219491	NDA	001	ENTASIS THERAP	NUZOLVENCE	ZOLIFLODACIN	FWL2263R77	ZSWMIFNWDQEXDT-ZESJGQACSA-N	17	2025-12-12	AP	Prescription	true	2026-08-28	2026-08-31	2026-08-31	2026-08-31
085017	ANDA	001	KEY PHARMS	GENAPAX	GENTIAN VIOLET	J4Z741D6O5	ZXJXZNDDNMQXFV-UHFFFAOYSA-M	28	1977-02-02	AP	Discontinued	false	2026-08-28	2026-08-31	2026-08-31	2026-08-31
021337	NDA	001	MSD SUB MERCK	INVANZ	ERTAPENEM SODIUM	2T90KE67L0	ZXNAQFZBWUNWJM-HRXMHBOMSA-M	89	2001-11-21	AP	Prescription	true	2026-08-28	2026-08-31	2026-08-31	2026-08-31
207647	ANDA	001	SAVIOR LIFETEC CORP	ERTAPENEM SODIUM	ERTAPENEM SODIUM	2T90KE67L0	ZXNAQFZBWUNWJM-HRXMHBOMSA-M	89	2019-03-19	AP	Prescription	true	2026-08-28	2026-08-31	2026-08-31	2026-08-31
208790	ANDA	001	ACS DOBFAR SPA	ERTAPENEM SODIUM	ERTAPENEM SODIUM	2T90KE67L0	ZXNAQFZBWUNWJM-HRXMHBOMSA-M	89	2018-04-16	AP	Prescription	true	2026-08-28	2026-08-31	2026-08-31	2026-08-31
209133	ANDA	001	EUGIA PHARMA	ERTAPENEM SODIUM	ERTAPENEM SODIUM	2T90KE67L0	ZXNAQFZBWUNWJM-HRXMHBOMSA-M	89	2018-06-25	AP	Prescription	true	2026-08-28	2026-08-31	2026-08-31	2026-08-31
209145	ANDA	001	SUN PHARM	ERTAPENEM SODIUM	ERTAPENEM SODIUM	2T90KE67L0	ZXNAQFZBWUNWJM-HRXMHBOMSA-M	89	2023-05-02	AP	Discontinued	false	2026-08-28	2026-08-31	2026-08-31	2026-08-31
212040	ANDA	001	GLAND	ERTAPENEM SODIUM	ERTAPENEM SODIUM	2T90KE67L0	ZXNAQFZBWUNWJM-HRXMHBOMSA-M	89	2021-03-26	AP	Prescription	true	2026-08-28	2026-08-31	2026-08-31	2026-08-31
218067	ANDA	001	QILU ANTIBIOTICS	ERTAPENEM SODIUM	ERTAPENEM SODIUM	2T90KE67L0	ZXNAQFZBWUNWJM-HRXMHBOMSA-M	89	2024-10-31	AP	Prescription	true	2026-08-28	2026-08-31	2026-08-31	2026-08-31
