source_rule_id	source_version	algorithm_name	algorithm_version	algorithm_date	source_record_id	source_name	algorithm_full_name	full_name_matches	drug_class	gene	mapping_status	identifier	standard_inchi_key	score_term_index	score_term	score_assignments	negative_score_assignments	min_score	max_score
hivdb_hivfacts:34eaeb0bd1931e40	be1c11a5145fea9073fdb71801919d4a34265336	HIVDB	10.2	2026-04-26	ABC	abacavir	abacavir	true	NRTI	RT	EXACT	CHEBI:421707	MCGSCOLBFJQGHM-SCZZXKLOSA-N	1	41L => 5	1	0	5.0	5.0
hivdb_hivfacts:850b2a0b8b4845bb	be1c11a5145fea9073fdb71801919d4a34265336	HIVDB	10.2	2026-04-26	ABC	abacavir	abacavir	true	NRTI	RT	EXACT	CHEBI:421707	MCGSCOLBFJQGHM-SCZZXKLOSA-N	2	62V => 5	1	0	5.0	5.0
hivdb_hivfacts:1f3365c522838e76	be1c11a5145fea9073fdb71801919d4a34265336	HIVDB	10.2	2026-04-26	ABC	abacavir	abacavir	true	NRTI	RT	EXACT	CHEBI:421707	MCGSCOLBFJQGHM-SCZZXKLOSA-N	3	MAX(65E => 10, 65N => 30, 65R => 45)	3	0	10.0	45.0
hivdb_hivfacts:a363026f95513940	be1c11a5145fea9073fdb71801919d4a34265336	HIVDB	10.2	2026-04-26	ABC	abacavir	abacavir	true	NRTI	RT	EXACT	CHEBI:421707	MCGSCOLBFJQGHM-SCZZXKLOSA-N	4	MAX(67E => 5, 67G => 5, 67H => 5, 67N => 5, 67S => 5, 67T => 5, 67d => 15)	7	0	5.0	15.0
hivdb_hivfacts:dd8cf9531202085f	be1c11a5145fea9073fdb71801919d4a34265336	HIVDB	10.2	2026-04-26	ABC	abacavir	abacavir	true	NRTI	RT	EXACT	CHEBI:421707	MCGSCOLBFJQGHM-SCZZXKLOSA-N	5	68d => 15	1	0	15.0	15.0
hivdb_hivfacts:c23a8fe5dfa6d106	be1c11a5145fea9073fdb71801919d4a34265336	HIVDB	10.2	2026-04-26	ABC	abacavir	abacavir	true	NRTI	RT	EXACT	CHEBI:421707	MCGSCOLBFJQGHM-SCZZXKLOSA-N	6	MAX(69G => 10, 69i => 60, 69d => 15)	3	0	10.0	60.0
hivdb_hivfacts:fbfdce803e997d45	be1c11a5145fea9073fdb71801919d4a34265336	HIVDB	10.2	2026-04-26	ABC	abacavir	abacavir	true	NRTI	RT	EXACT	CHEBI:421707	MCGSCOLBFJQGHM-SCZZXKLOSA-N	7	MAX(70E => 15, 70G => 15, 70N => 15, 70Q => 15, 70R => 5, 70S => 15, 70T => 15, 70d => 15)	8	0	5.0	15.0
hivdb_hivfacts:a33bdc81adff3f42	be1c11a5145fea9073fdb71801919d4a34265336	HIVDB	10.2	2026-04-26	ABC	abacavir	abacavir	true	NRTI	RT	EXACT	CHEBI:421707	MCGSCOLBFJQGHM-SCZZXKLOSA-N	8	MAX(74I => 15, 74V => 30)	2	0	15.0	30.0
hivdb_hivfacts:bde341b50d508b9a	be1c11a5145fea9073fdb71801919d4a34265336	HIVDB	10.2	2026-04-26	ABC	abacavir	abacavir	true	NRTI	RT	EXACT	CHEBI:421707	MCGSCOLBFJQGHM-SCZZXKLOSA-N	9	75I => 5	1	0	5.0	5.0
hivdb_hivfacts:cc2c14480f8e7231	be1c11a5145fea9073fdb71801919d4a34265336	HIVDB	10.2	2026-04-26	ABC	abacavir	abacavir	true	NRTI	RT	EXACT	CHEBI:421707	MCGSCOLBFJQGHM-SCZZXKLOSA-N	10	77L => 5	1	0	5.0	5.0
hivdb_hivfacts:9c17c46b1a598d73	be1c11a5145fea9073fdb71801919d4a34265336	HIVDB	10.2	2026-04-26	ABC	abacavir	abacavir	true	NRTI	RT	EXACT	CHEBI:421707	MCGSCOLBFJQGHM-SCZZXKLOSA-N	11	115F => 30	1	0	30.0	30.0
hivdb_hivfacts:3aeb7ddcaf5fb227	be1c11a5145fea9073fdb71801919d4a34265336	HIVDB	10.2	2026-04-26	ABC	abacavir	abacavir	true	NRTI	RT	EXACT	CHEBI:421707	MCGSCOLBFJQGHM-SCZZXKLOSA-N	12	116Y => 5	1	0	5.0	5.0
hivdb_hivfacts:19bcd3d5201cee0c	be1c11a5145fea9073fdb71801919d4a34265336	HIVDB	10.2	2026-04-26	ABC	abacavir	abacavir	true	NRTI	RT	EXACT	CHEBI:421707	MCGSCOLBFJQGHM-SCZZXKLOSA-N	13	MAX(151L => 30, 151M => 60)	2	0	30.0	60.0
hivdb_hivfacts:e9f765116f52932a	be1c11a5145fea9073fdb71801919d4a34265336	HIVDB	10.2	2026-04-26	ABC	abacavir	abacavir	true	NRTI	RT	EXACT	CHEBI:421707	MCGSCOLBFJQGHM-SCZZXKLOSA-N	14	MAX(184I => 15, 184V => 15)	2	0	15.0	15.0
hivdb_hivfacts:54b4fc853361afe1	be1c11a5145fea9073fdb71801919d4a34265336	HIVDB	10.2	2026-04-26	ABC	abacavir	abacavir	true	NRTI	RT	EXACT	CHEBI:421707	MCGSCOLBFJQGHM-SCZZXKLOSA-N	15	210W => 5	1	0	5.0	5.0
hivdb_hivfacts:7b75fe379fc7fee3	be1c11a5145fea9073fdb71801919d4a34265336	HIVDB	10.2	2026-04-26	ABC	abacavir	abacavir	true	NRTI	RT	EXACT	CHEBI:421707	MCGSCOLBFJQGHM-SCZZXKLOSA-N	16	MAX(215F => 10, 215Y => 10)	2	0	10.0	10.0
hivdb_hivfacts:4e8a3c9760c67e2e	be1c11a5145fea9073fdb71801919d4a34265336	HIVDB	10.2	2026-04-26	ABC	abacavir	abacavir	true	NRTI	RT	EXACT	CHEBI:421707	MCGSCOLBFJQGHM-SCZZXKLOSA-N	17	65RN AND 151M => 10	1	0	10.0	10.0
hivdb_hivfacts:100f3d96659cd586	be1c11a5145fea9073fdb71801919d4a34265336	HIVDB	10.2	2026-04-26	ABC	abacavir	abacavir	true	NRTI	RT	EXACT	CHEBI:421707	MCGSCOLBFJQGHM-SCZZXKLOSA-N	18	77L AND 116Y AND 151ML => 15	1	0	15.0	15.0
hivdb_hivfacts:ba194a9cc485f785	be1c11a5145fea9073fdb71801919d4a34265336	HIVDB	10.2	2026-04-26	ABC	abacavir	abacavir	true	NRTI	RT	EXACT	CHEBI:421707	MCGSCOLBFJQGHM-SCZZXKLOSA-N	19	74V AND 184IV => 15	1	0	15.0	15.0
hivdb_hivfacts:4fe9bb6738b9232f	be1c11a5145fea9073fdb71801919d4a34265336	HIVDB	10.2	2026-04-26	ABC	abacavir	abacavir	true	NRTI	RT	EXACT	CHEBI:421707	MCGSCOLBFJQGHM-SCZZXKLOSA-N	20	115F AND 184IV => 15	1	0	15.0	15.0
hivdb_hivfacts:c422c82b34cd01e8	be1c11a5145fea9073fdb71801919d4a34265336	HIVDB	10.2	2026-04-26	ABC	abacavir	abacavir	true	NRTI	RT	EXACT	CHEBI:421707	MCGSCOLBFJQGHM-SCZZXKLOSA-N	21	41L AND 215FY => 10	1	0	10.0	10.0
hivdb_hivfacts:49f65c7b14bd83f1	be1c11a5145fea9073fdb71801919d4a34265336	HIVDB	10.2	2026-04-26	ABC	abacavir	abacavir	true	NRTI	RT	EXACT	CHEBI:421707	MCGSCOLBFJQGHM-SCZZXKLOSA-N	22	210W AND 215FY => 10	1	0	10.0	10.0
hivdb_hivfacts:176740c0cdc37663	be1c11a5145fea9073fdb71801919d4a34265336	HIVDB	10.2	2026-04-26	ABC	abacavir	abacavir	true	NRTI	RT	EXACT	CHEBI:421707	MCGSCOLBFJQGHM-SCZZXKLOSA-N	23	41L AND 210W => 5	1	0	5.0	5.0
hivdb_hivfacts:fd82ea650d1bfa9d	be1c11a5145fea9073fdb71801919d4a34265336	HIVDB	10.2	2026-04-26	ABC	abacavir	abacavir	true	NRTI	RT	EXACT	CHEBI:421707	MCGSCOLBFJQGHM-SCZZXKLOSA-N	24	41L AND 210W AND 215FY => 15	1	0	15.0	15.0
hivdb_hivfacts:40480d020781d3cd	be1c11a5145fea9073fdb71801919d4a34265336	HIVDB	10.2	2026-04-26	ABC	abacavir	abacavir	true	NRTI	RT	EXACT	CHEBI:421707	MCGSCOLBFJQGHM-SCZZXKLOSA-N	25	41L AND 44AD AND 210W AND 215FY => 5	1	0	5.0	5.0
hivdb_hivfacts:edbb60398dd6959f	be1c11a5145fea9073fdb71801919d4a34265336	HIVDB	10.2	2026-04-26	ABC	abacavir	abacavir	true	NRTI	RT	EXACT	CHEBI:421707	MCGSCOLBFJQGHM-SCZZXKLOSA-N	26	40F AND 41L AND 210W AND 215FY => 5	1	0	5.0	5.0
hivdb_hivfacts:f9540caa3453f7d9	be1c11a5145fea9073fdb71801919d4a34265336	HIVDB	10.2	2026-04-26	ABC	abacavir	abacavir	true	NRTI	RT	EXACT	CHEBI:421707	MCGSCOLBFJQGHM-SCZZXKLOSA-N	27	41L AND 67EGNHST AND 215FY => 5	1	0	5.0	5.0
hivdb_hivfacts:4eb0864b03733e55	be1c11a5145fea9073fdb71801919d4a34265336	HIVDB	10.2	2026-04-26	ABC	abacavir	abacavir	true	NRTI	RT	EXACT	CHEBI:421707	MCGSCOLBFJQGHM-SCZZXKLOSA-N	28	67EGNHST AND 215FY AND 219ENQRW => 5	1	0	5.0	5.0
hivdb_hivfacts:c7ed0067a1e647bc	be1c11a5145fea9073fdb71801919d4a34265336	HIVDB	10.2	2026-04-26	ABC	abacavir	abacavir	true	NRTI	RT	EXACT	CHEBI:421707	MCGSCOLBFJQGHM-SCZZXKLOSA-N	29	67EGNHST AND 70R AND 219ENQRW => 10	1	0	10.0	10.0
hivdb_hivfacts:5f30b45d9ac88da6	be1c11a5145fea9073fdb71801919d4a34265336	HIVDB	10.2	2026-04-26	ABC	abacavir	abacavir	true	NRTI	RT	EXACT	CHEBI:421707	MCGSCOLBFJQGHM-SCZZXKLOSA-N	30	41L AND 184VI AND 215FY => 10	1	0	10.0	10.0
hivdb_hivfacts:b5b479cdc773a98f	be1c11a5145fea9073fdb71801919d4a34265336	HIVDB	10.2	2026-04-26	ABC	abacavir	abacavir	true	NRTI	RT	EXACT	CHEBI:421707	MCGSCOLBFJQGHM-SCZZXKLOSA-N	31	67EGNHST AND 70R AND 184VI AND 219ENQRW => 10	1	0	10.0	10.0
hivdb_hivfacts:bf4147187c4b55d3	be1c11a5145fea9073fdb71801919d4a34265336	HIVDB	10.2	2026-04-26	AZT	zidovudine	zidovudine	true	NRTI	RT	EXACT	CHEBI:10110	HBOMLICNUCNMMY-XLPZGREQSA-N	1	41L => 15	1	0	15.0	15.0
hivdb_hivfacts:0051f0000a95c24d	be1c11a5145fea9073fdb71801919d4a34265336	HIVDB	10.2	2026-04-26	AZT	zidovudine	zidovudine	true	NRTI	RT	EXACT	CHEBI:10110	HBOMLICNUCNMMY-XLPZGREQSA-N	2	62V => 5	1	0	5.0	5.0
hivdb_hivfacts:345133d5311d4746	be1c11a5145fea9073fdb71801919d4a34265336	HIVDB	10.2	2026-04-26	AZT	zidovudine	zidovudine	true	NRTI	RT	EXACT	CHEBI:10110	HBOMLICNUCNMMY-XLPZGREQSA-N	3	65R => -10	1	1	-10.0	-10.0
hivdb_hivfacts:146b814408eb4bb6	be1c11a5145fea9073fdb71801919d4a34265336	HIVDB	10.2	2026-04-26	AZT	zidovudine	zidovudine	true	NRTI	RT	EXACT	CHEBI:10110	HBOMLICNUCNMMY-XLPZGREQSA-N	4	MAX(67E => 15, 67G => 15, 67H => 15, 67N => 15, 67S => 15, 67T => 15, 67d => 30)	7	0	15.0	30.0
hivdb_hivfacts:34969f565a1ba8ca	be1c11a5145fea9073fdb71801919d4a34265336	HIVDB	10.2	2026-04-26	AZT	zidovudine	zidovudine	true	NRTI	RT	EXACT	CHEBI:10110	HBOMLICNUCNMMY-XLPZGREQSA-N	5	MAX(69G => 5, 69i => 60)	2	0	5.0	60.0
hivdb_hivfacts:cf388e9b0a369d74	be1c11a5145fea9073fdb71801919d4a34265336	HIVDB	10.2	2026-04-26	AZT	zidovudine	zidovudine	true	NRTI	RT	EXACT	CHEBI:10110	HBOMLICNUCNMMY-XLPZGREQSA-N	6	70R => 30	1	0	30.0	30.0
hivdb_hivfacts:3d1d18041d2c6722	be1c11a5145fea9073fdb71801919d4a34265336	HIVDB	10.2	2026-04-26	AZT	zidovudine	zidovudine	true	NRTI	RT	EXACT	CHEBI:10110	HBOMLICNUCNMMY-XLPZGREQSA-N	7	MAX(75I => 5, 75A => 10, 75M => 10, 75S => 10, 75T => 10)	5	0	5.0	10.0
hivdb_hivfacts:0f54c2a24f984442	be1c11a5145fea9073fdb71801919d4a34265336	HIVDB	10.2	2026-04-26	AZT	zidovudine	zidovudine	true	NRTI	RT	EXACT	CHEBI:10110	HBOMLICNUCNMMY-XLPZGREQSA-N	8	77L => 5	1	0	5.0	5.0
hivdb_hivfacts:ebe2840dada19290	be1c11a5145fea9073fdb71801919d4a34265336	HIVDB	10.2	2026-04-26	AZT	zidovudine	zidovudine	true	NRTI	RT	EXACT	CHEBI:10110	HBOMLICNUCNMMY-XLPZGREQSA-N	9	116Y => 10	1	0	10.0	10.0
hivdb_hivfacts:94bdc84d7962a174	be1c11a5145fea9073fdb71801919d4a34265336	HIVDB	10.2	2026-04-26	AZT	zidovudine	zidovudine	true	NRTI	RT	EXACT	CHEBI:10110	HBOMLICNUCNMMY-XLPZGREQSA-N	10	MAX(151L => 30, 151M => 60)	2	0	30.0	60.0
hivdb_hivfacts:baaaa59984c5cf6d	be1c11a5145fea9073fdb71801919d4a34265336	HIVDB	10.2	2026-04-26	AZT	zidovudine	zidovudine	true	NRTI	RT	EXACT	CHEBI:10110	HBOMLICNUCNMMY-XLPZGREQSA-N	11	MAX(184I => -10, 184V => -10)	2	2	-10.0	-10.0
hivdb_hivfacts:ba7ab67c3db68b43	be1c11a5145fea9073fdb71801919d4a34265336	HIVDB	10.2	2026-04-26	AZT	zidovudine	zidovudine	true	NRTI	RT	EXACT	CHEBI:10110	HBOMLICNUCNMMY-XLPZGREQSA-N	12	210W => 15	1	0	15.0	15.0
hivdb_hivfacts:86c7ccfc1f648868	be1c11a5145fea9073fdb71801919d4a34265336	HIVDB	10.2	2026-04-26	AZT	zidovudine	zidovudine	true	NRTI	RT	EXACT	CHEBI:10110	HBOMLICNUCNMMY-XLPZGREQSA-N	13	MAX(215F => 60, 215Y => 60, 215A => 10, 215C => 10, 215D => 10, 215E => 10, 215I => 20, 215L => 10, 215N => 10, 215S => 10, 215V => 20)	11	0	10.0	60.0
hivdb_hivfacts:8cf39d4336e0cfcf	be1c11a5145fea9073fdb71801919d4a34265336	HIVDB	10.2	2026-04-26	AZT	zidovudine	zidovudine	true	NRTI	RT	EXACT	CHEBI:10110	HBOMLICNUCNMMY-XLPZGREQSA-N	14	65RN AND 151M => 10	1	0	10.0	10.0
hivdb_hivfacts:4f5f6d0cfa70dc44	be1c11a5145fea9073fdb71801919d4a34265336	HIVDB	10.2	2026-04-26	AZT	zidovudine	zidovudine	true	NRTI	RT	EXACT	CHEBI:10110	HBOMLICNUCNMMY-XLPZGREQSA-N	15	77L AND 116Y AND 151ML => 15	1	0	15.0	15.0
hivdb_hivfacts:bc49f617cd1a3bba	be1c11a5145fea9073fdb71801919d4a34265336	HIVDB	10.2	2026-04-26	AZT	zidovudine	zidovudine	true	NRTI	RT	EXACT	CHEBI:10110	HBOMLICNUCNMMY-XLPZGREQSA-N	16	MAX(41L AND 215FY => 10, 41L AND 215ACDEILNSV => 10)	2	0	10.0	10.0
hivdb_hivfacts:33f83bf8bbe27bd8	be1c11a5145fea9073fdb71801919d4a34265336	HIVDB	10.2	2026-04-26	AZT	zidovudine	zidovudine	true	NRTI	RT	EXACT	CHEBI:10110	HBOMLICNUCNMMY-XLPZGREQSA-N	17	MAX(210W AND 215FY => 10, 210W AND 215ACDEILNSV => 10)	2	0	10.0	10.0
hivdb_hivfacts:ab9acfba08e32ffa	be1c11a5145fea9073fdb71801919d4a34265336	HIVDB	10.2	2026-04-26	AZT	zidovudine	zidovudine	true	NRTI	RT	EXACT	CHEBI:10110	HBOMLICNUCNMMY-XLPZGREQSA-N	18	41L AND 210W => 10	1	0	10.0	10.0
hivdb_hivfacts:eedea1b1d960c69c	be1c11a5145fea9073fdb71801919d4a34265336	HIVDB	10.2	2026-04-26	AZT	zidovudine	zidovudine	true	NRTI	RT	EXACT	CHEBI:10110	HBOMLICNUCNMMY-XLPZGREQSA-N	19	41L AND 44AD AND 210W AND 215FY => 5	1	0	5.0	5.0
hivdb_hivfacts:d0bfb9ca0fe2fa5a	be1c11a5145fea9073fdb71801919d4a34265336	HIVDB	10.2	2026-04-26	AZT	zidovudine	zidovudine	true	NRTI	RT	EXACT	CHEBI:10110	HBOMLICNUCNMMY-XLPZGREQSA-N	20	40F AND 41L AND 210W AND 215FY => 5	1	0	5.0	5.0
hivdb_hivfacts:303c058d6d4fab1e	be1c11a5145fea9073fdb71801919d4a34265336	HIVDB	10.2	2026-04-26	AZT	zidovudine	zidovudine	true	NRTI	RT	EXACT	CHEBI:10110	HBOMLICNUCNMMY-XLPZGREQSA-N	21	41L AND 67EGNHST AND 215FY => 5	1	0	5.0	5.0
hivdb_hivfacts:472a7622f26adb50	be1c11a5145fea9073fdb71801919d4a34265336	HIVDB	10.2	2026-04-26	AZT	zidovudine	zidovudine	true	NRTI	RT	EXACT	CHEBI:10110	HBOMLICNUCNMMY-XLPZGREQSA-N	22	67EGNHST AND 215FY AND 219ENQRW => 5	1	0	5.0	5.0
hivdb_hivfacts:d8ea84677ee7bf20	be1c11a5145fea9073fdb71801919d4a34265336	HIVDB	10.2	2026-04-26	AZT	zidovudine	zidovudine	true	NRTI	RT	EXACT	CHEBI:10110	HBOMLICNUCNMMY-XLPZGREQSA-N	23	67EGNHST AND 70R AND 219ENQRW => 15	1	0	15.0	15.0
hivdb_hivfacts:6a56a20494bda10f	be1c11a5145fea9073fdb71801919d4a34265336	HIVDB	10.2	2026-04-26	AZT	zidovudine	zidovudine	true	NRTI	RT	EXACT	CHEBI:10110	HBOMLICNUCNMMY-XLPZGREQSA-N	24	MAX(219E => 10, 219N => 10, 219Q => 10, 219R => 10, 219W => 10)	5	0	10.0	10.0
hivdb_hivfacts:aec59755ae5936b0	be1c11a5145fea9073fdb71801919d4a34265336	HIVDB	10.2	2026-04-26	AZT	zidovudine	zidovudine	true	NRTI	RT	EXACT	CHEBI:10110	HBOMLICNUCNMMY-XLPZGREQSA-N	25	151M AND 184IV => 10	1	0	10.0	10.0
hivdb_hivfacts:f9027e68d7321531	be1c11a5145fea9073fdb71801919d4a34265336	HIVDB	10.2	2026-04-26	D4T	stavudine	stavudine	true	NRTI	RT	EXACT	CHEBI:63581	XNKLLVCARDGLGL-JGVFFNPUSA-N	1	41L => 15	1	0	15.0	15.0
hivdb_hivfacts:5111a24ffffeee0e	be1c11a5145fea9073fdb71801919d4a34265336	HIVDB	10.2	2026-04-26	D4T	stavudine	stavudine	true	NRTI	RT	EXACT	CHEBI:63581	XNKLLVCARDGLGL-JGVFFNPUSA-N	2	62V => 5	1	0	5.0	5.0
hivdb_hivfacts:1725bfde9fc08483	be1c11a5145fea9073fdb71801919d4a34265336	HIVDB	10.2	2026-04-26	D4T	stavudine	stavudine	true	NRTI	RT	EXACT	CHEBI:63581	XNKLLVCARDGLGL-JGVFFNPUSA-N	3	MAX(65E => 10, 65N => 30, 65R => 60)	3	0	10.0	60.0
hivdb_hivfacts:5d70b244a16dc566	be1c11a5145fea9073fdb71801919d4a34265336	HIVDB	10.2	2026-04-26	D4T	stavudine	stavudine	true	NRTI	RT	EXACT	CHEBI:63581	XNKLLVCARDGLGL-JGVFFNPUSA-N	4	MAX(67E => 10, 67G => 10, 67H => 10, 67N => 15, 67S => 10, 67T => 10, 67d => 30)	7	0	10.0	30.0
hivdb_hivfacts:501af48a744f0986	be1c11a5145fea9073fdb71801919d4a34265336	HIVDB	10.2	2026-04-26	D4T	stavudine	stavudine	true	NRTI	RT	EXACT	CHEBI:63581	XNKLLVCARDGLGL-JGVFFNPUSA-N	5	68d => 30	1	0	30.0	30.0
hivdb_hivfacts:54991ec53b0d61e8	be1c11a5145fea9073fdb71801919d4a34265336	HIVDB	10.2	2026-04-26	D4T	stavudine	stavudine	true	NRTI	RT	EXACT	CHEBI:63581	XNKLLVCARDGLGL-JGVFFNPUSA-N	6	MAX(69G => 10, 69i => 60, 69d => 30, 69D => 10)	4	0	10.0	60.0
hivdb_hivfacts:82dba0f970f65445	be1c11a5145fea9073fdb71801919d4a34265336	HIVDB	10.2	2026-04-26	D4T	stavudine	stavudine	true	NRTI	RT	EXACT	CHEBI:63581	XNKLLVCARDGLGL-JGVFFNPUSA-N	7	MAX(70E => 15, 70G => 15, 70N => 15, 70Q => 15, 70R => 15, 70S => 15, 70T => 15, 70d => 30)	8	0	15.0	30.0
hivdb_hivfacts:4a0f5f874a668ed3	be1c11a5145fea9073fdb71801919d4a34265336	HIVDB	10.2	2026-04-26	D4T	stavudine	stavudine	true	NRTI	RT	EXACT	CHEBI:63581	XNKLLVCARDGLGL-JGVFFNPUSA-N	8	MAX(75I => 5, 75A => 30, 75M => 30, 75S => 30, 75T => 60)	5	0	5.0	60.0
hivdb_hivfacts:229daec46a18a046	be1c11a5145fea9073fdb71801919d4a34265336	HIVDB	10.2	2026-04-26	D4T	stavudine	stavudine	true	NRTI	RT	EXACT	CHEBI:63581	XNKLLVCARDGLGL-JGVFFNPUSA-N	9	77L => 10	1	0	10.0	10.0
hivdb_hivfacts:855c7715a3365261	be1c11a5145fea9073fdb71801919d4a34265336	HIVDB	10.2	2026-04-26	D4T	stavudine	stavudine	true	NRTI	RT	EXACT	CHEBI:63581	XNKLLVCARDGLGL-JGVFFNPUSA-N	10	116Y => 10	1	0	10.0	10.0
hivdb_hivfacts:d36694994312d66d	be1c11a5145fea9073fdb71801919d4a34265336	HIVDB	10.2	2026-04-26	D4T	stavudine	stavudine	true	NRTI	RT	EXACT	CHEBI:63581	XNKLLVCARDGLGL-JGVFFNPUSA-N	11	MAX(151L => 30, 151M => 60)	2	0	30.0	60.0
hivdb_hivfacts:bfdbd6732cc6202d	be1c11a5145fea9073fdb71801919d4a34265336	HIVDB	10.2	2026-04-26	D4T	stavudine	stavudine	true	NRTI	RT	EXACT	CHEBI:63581	XNKLLVCARDGLGL-JGVFFNPUSA-N	12	MAX(184I => -10, 184V => -10)	2	2	-10.0	-10.0
hivdb_hivfacts:76c86970027f08c3	be1c11a5145fea9073fdb71801919d4a34265336	HIVDB	10.2	2026-04-26	D4T	stavudine	stavudine	true	NRTI	RT	EXACT	CHEBI:63581	XNKLLVCARDGLGL-JGVFFNPUSA-N	13	210W => 15	1	0	15.0	15.0
hivdb_hivfacts:95c4bf4a158f4539	be1c11a5145fea9073fdb71801919d4a34265336	HIVDB	10.2	2026-04-26	D4T	stavudine	stavudine	true	NRTI	RT	EXACT	CHEBI:63581	XNKLLVCARDGLGL-JGVFFNPUSA-N	14	MAX(215F => 40, 215Y => 40, 215A => 20, 215C => 20, 215D => 20, 215E => 20, 215I => 20, 215L => 20, 215N => 20, 215S => 20, 215V => 20)	11	0	20.0	40.0
hivdb_hivfacts:cb8f35a780c3765f	be1c11a5145fea9073fdb71801919d4a34265336	HIVDB	10.2	2026-04-26	D4T	stavudine	stavudine	true	NRTI	RT	EXACT	CHEBI:63581	XNKLLVCARDGLGL-JGVFFNPUSA-N	15	MAX(41L AND 215FY => 10, 41L AND 215ACDEILNSV => 5)	2	0	5.0	10.0
hivdb_hivfacts:147940b3efab0c6c	be1c11a5145fea9073fdb71801919d4a34265336	HIVDB	10.2	2026-04-26	D4T	stavudine	stavudine	true	NRTI	RT	EXACT	CHEBI:63581	XNKLLVCARDGLGL-JGVFFNPUSA-N	16	MAX(210W AND 215FY => 10, 210W AND 215ACDEILNSV => 5)	2	0	5.0	10.0
hivdb_hivfacts:3eb4b07960e126df	be1c11a5145fea9073fdb71801919d4a34265336	HIVDB	10.2	2026-04-26	D4T	stavudine	stavudine	true	NRTI	RT	EXACT	CHEBI:63581	XNKLLVCARDGLGL-JGVFFNPUSA-N	17	41L AND 210W => 10	1	0	10.0	10.0
hivdb_hivfacts:088854dd9c4d5bc7	be1c11a5145fea9073fdb71801919d4a34265336	HIVDB	10.2	2026-04-26	D4T	stavudine	stavudine	true	NRTI	RT	EXACT	CHEBI:63581	XNKLLVCARDGLGL-JGVFFNPUSA-N	18	41L AND 44AD AND 210W AND 215FY => 5	1	0	5.0	5.0
hivdb_hivfacts:a24b86d186d52a15	be1c11a5145fea9073fdb71801919d4a34265336	HIVDB	10.2	2026-04-26	D4T	stavudine	stavudine	true	NRTI	RT	EXACT	CHEBI:63581	XNKLLVCARDGLGL-JGVFFNPUSA-N	19	40F AND 41L AND 210W AND 215FY => 5	1	0	5.0	5.0
hivdb_hivfacts:3d8f59dccfc64d86	be1c11a5145fea9073fdb71801919d4a34265336	HIVDB	10.2	2026-04-26	D4T	stavudine	stavudine	true	NRTI	RT	EXACT	CHEBI:63581	XNKLLVCARDGLGL-JGVFFNPUSA-N	20	MAX(219E => 10, 219N => 10, 219Q => 10, 219R => 10, 219W => 10)	5	0	10.0	10.0
hivdb_hivfacts:90ac9c982e04df97	be1c11a5145fea9073fdb71801919d4a34265336	HIVDB	10.2	2026-04-26	D4T	stavudine	stavudine	true	NRTI	RT	EXACT	CHEBI:63581	XNKLLVCARDGLGL-JGVFFNPUSA-N	21	151M AND 184IV => 10	1	0	10.0	10.0
hivdb_hivfacts:ce8fc8ba06b97fe2	be1c11a5145fea9073fdb71801919d4a34265336	HIVDB	10.2	2026-04-26	D4T	stavudine	stavudine	true	NRTI	RT	EXACT	CHEBI:63581	XNKLLVCARDGLGL-JGVFFNPUSA-N	22	41L AND 67EGN AND 215FY => 5	1	0	5.0	5.0
hivdb_hivfacts:9dddf9cf387d3a5c	be1c11a5145fea9073fdb71801919d4a34265336	HIVDB	10.2	2026-04-26	D4T	stavudine	stavudine	true	NRTI	RT	EXACT	CHEBI:63581	XNKLLVCARDGLGL-JGVFFNPUSA-N	23	67EGN AND 215FY AND 219ENQR => 5	1	0	5.0	5.0
hivdb_hivfacts:e86e00bfb39129d2	be1c11a5145fea9073fdb71801919d4a34265336	HIVDB	10.2	2026-04-26	D4T	stavudine	stavudine	true	NRTI	RT	EXACT	CHEBI:63581	XNKLLVCARDGLGL-JGVFFNPUSA-N	24	67EGN AND 70R AND 219ENQR => 10	1	0	10.0	10.0
hivdb_hivfacts:b9c04b96bd7f8fa3	be1c11a5145fea9073fdb71801919d4a34265336	HIVDB	10.2	2026-04-26	D4T	stavudine	stavudine	true	NRTI	RT	EXACT	CHEBI:63581	XNKLLVCARDGLGL-JGVFFNPUSA-N	25	70R AND 215FY => 5	1	0	5.0	5.0
hivdb_hivfacts:9fc63122ca6221c2	be1c11a5145fea9073fdb71801919d4a34265336	HIVDB	10.2	2026-04-26	D4T	stavudine	stavudine	true	NRTI	RT	EXACT	CHEBI:63581	XNKLLVCARDGLGL-JGVFFNPUSA-N	26	77L AND 116Y AND 151M => 10	1	0	10.0	10.0
hivdb_hivfacts:e736abd3ab68ace7	be1c11a5145fea9073fdb71801919d4a34265336	HIVDB	10.2	2026-04-26	D4T	stavudine	stavudine	true	NRTI	RT	EXACT	CHEBI:63581	XNKLLVCARDGLGL-JGVFFNPUSA-N	27	70EGNQST AND 184IV => 10	1	0	10.0	10.0
hivdb_hivfacts:e8b453ac46c9ccbc	be1c11a5145fea9073fdb71801919d4a34265336	HIVDB	10.2	2026-04-26	DDI	didanosine	didanosine	true	NRTI	RT	EXACT	CHEBI:490877	BXZVVICBKDXVGW-NKWVEPMBSA-N	1	41L => 10	1	0	10.0	10.0
hivdb_hivfacts:4fae8ca44a521dda	be1c11a5145fea9073fdb71801919d4a34265336	HIVDB	10.2	2026-04-26	DDI	didanosine	didanosine	true	NRTI	RT	EXACT	CHEBI:490877	BXZVVICBKDXVGW-NKWVEPMBSA-N	2	62V => 5	1	0	5.0	5.0
hivdb_hivfacts:9b3eb24a079b7e0d	be1c11a5145fea9073fdb71801919d4a34265336	HIVDB	10.2	2026-04-26	DDI	didanosine	didanosine	true	NRTI	RT	EXACT	CHEBI:490877	BXZVVICBKDXVGW-NKWVEPMBSA-N	3	MAX(65E => 10, 65N => 30, 65R => 60)	3	0	10.0	60.0
hivdb_hivfacts:d0cdff332ac5a201	be1c11a5145fea9073fdb71801919d4a34265336	HIVDB	10.2	2026-04-26	DDI	didanosine	didanosine	true	NRTI	RT	EXACT	CHEBI:490877	BXZVVICBKDXVGW-NKWVEPMBSA-N	4	MAX(67E => 5, 67G => 5, 67H => 5, 67N => 5, 67S => 5, 67T => 5, 67d => 30)	7	0	5.0	30.0
hivdb_hivfacts:f64d1f2b8ec1725c	be1c11a5145fea9073fdb71801919d4a34265336	HIVDB	10.2	2026-04-26	DDI	didanosine	didanosine	true	NRTI	RT	EXACT	CHEBI:490877	BXZVVICBKDXVGW-NKWVEPMBSA-N	5	68d => 30	1	0	30.0	30.0
hivdb_hivfacts:4ca5fa2570ad6a53	be1c11a5145fea9073fdb71801919d4a34265336	HIVDB	10.2	2026-04-26	DDI	didanosine	didanosine	true	NRTI	RT	EXACT	CHEBI:490877	BXZVVICBKDXVGW-NKWVEPMBSA-N	6	MAX(69G => 10, 69i => 60, 69d => 30, 69D => 30)	4	0	10.0	60.0
hivdb_hivfacts:29fa1fd2465d85fb	be1c11a5145fea9073fdb71801919d4a34265336	HIVDB	10.2	2026-04-26	DDI	didanosine	didanosine	true	NRTI	RT	EXACT	CHEBI:490877	BXZVVICBKDXVGW-NKWVEPMBSA-N	7	MAX(70E => 15, 70G => 15, 70N => 15, 70Q => 15, 70R => 10, 70S => 15, 70T => 15, 70d => 30)	8	0	10.0	30.0
hivdb_hivfacts:fdd31b82cd052d8f	be1c11a5145fea9073fdb71801919d4a34265336	HIVDB	10.2	2026-04-26	DDI	didanosine	didanosine	true	NRTI	RT	EXACT	CHEBI:490877	BXZVVICBKDXVGW-NKWVEPMBSA-N	8	MAX(74I => 60, 74V => 60)	2	0	60.0	60.0
hivdb_hivfacts:1af334c1f31c830c	be1c11a5145fea9073fdb71801919d4a34265336	HIVDB	10.2	2026-04-26	DDI	didanosine	didanosine	true	NRTI	RT	EXACT	CHEBI:490877	BXZVVICBKDXVGW-NKWVEPMBSA-N	9	MAX(75I => 5, 75A => 15, 75M => 15, 75S => 15, 75T => 30)	5	0	5.0	30.0
hivdb_hivfacts:858b2ac565ede7ac	be1c11a5145fea9073fdb71801919d4a34265336	HIVDB	10.2	2026-04-26	DDI	didanosine	didanosine	true	NRTI	RT	EXACT	CHEBI:490877	BXZVVICBKDXVGW-NKWVEPMBSA-N	10	77L => 10	1	0	10.0	10.0
hivdb_hivfacts:c816ae2e4dc372c0	be1c11a5145fea9073fdb71801919d4a34265336	HIVDB	10.2	2026-04-26	DDI	didanosine	didanosine	true	NRTI	RT	EXACT	CHEBI:490877	BXZVVICBKDXVGW-NKWVEPMBSA-N	11	116Y => 10	1	0	10.0	10.0
hivdb_hivfacts:0bce0b19eb1ec325	be1c11a5145fea9073fdb71801919d4a34265336	HIVDB	10.2	2026-04-26	DDI	didanosine	didanosine	true	NRTI	RT	EXACT	CHEBI:490877	BXZVVICBKDXVGW-NKWVEPMBSA-N	12	MAX(151L => 30, 151M => 60)	2	0	30.0	60.0
hivdb_hivfacts:2c33bd59726804b7	be1c11a5145fea9073fdb71801919d4a34265336	HIVDB	10.2	2026-04-26	DDI	didanosine	didanosine	true	NRTI	RT	EXACT	CHEBI:490877	BXZVVICBKDXVGW-NKWVEPMBSA-N	13	MAX(184I => 10, 184V => 10)	2	0	10.0	10.0
hivdb_hivfacts:d33bc38cf50f9da5	be1c11a5145fea9073fdb71801919d4a34265336	HIVDB	10.2	2026-04-26	DDI	didanosine	didanosine	true	NRTI	RT	EXACT	CHEBI:490877	BXZVVICBKDXVGW-NKWVEPMBSA-N	14	210W => 10	1	0	10.0	10.0
hivdb_hivfacts:502be1e46625a276	be1c11a5145fea9073fdb71801919d4a34265336	HIVDB	10.2	2026-04-26	DDI	didanosine	didanosine	true	NRTI	RT	EXACT	CHEBI:490877	BXZVVICBKDXVGW-NKWVEPMBSA-N	15	MAX(215F => 15, 215Y => 15, 215A => 10, 215C => 10, 215D => 10, 215E => 10, 215I => 10, 215L => 10, 215N => 10, 215S => 10, 215V => 10)	11	0	10.0	15.0
hivdb_hivfacts:921023ef3ab5c8c1	be1c11a5145fea9073fdb71801919d4a34265336	HIVDB	10.2	2026-04-26	DDI	didanosine	didanosine	true	NRTI	RT	EXACT	CHEBI:490877	BXZVVICBKDXVGW-NKWVEPMBSA-N	16	MAX(41L AND 215FY => 10, 41L AND 215ACDEILNSV => 5)	2	0	5.0	10.0
hivdb_hivfacts:b8d39566b5dfe60a	be1c11a5145fea9073fdb71801919d4a34265336	HIVDB	10.2	2026-04-26	DDI	didanosine	didanosine	true	NRTI	RT	EXACT	CHEBI:490877	BXZVVICBKDXVGW-NKWVEPMBSA-N	17	MAX(210W AND 215FY => 10, 210W AND 215ACDEILNSV => 5)	2	0	5.0	10.0
hivdb_hivfacts:249245838e8ba57d	be1c11a5145fea9073fdb71801919d4a34265336	HIVDB	10.2	2026-04-26	DDI	didanosine	didanosine	true	NRTI	RT	EXACT	CHEBI:490877	BXZVVICBKDXVGW-NKWVEPMBSA-N	18	41L AND 210W => 10	1	0	10.0	10.0
hivdb_hivfacts:e85d4a0b5c43d2e4	be1c11a5145fea9073fdb71801919d4a34265336	HIVDB	10.2	2026-04-26	DDI	didanosine	didanosine	true	NRTI	RT	EXACT	CHEBI:490877	BXZVVICBKDXVGW-NKWVEPMBSA-N	19	41L AND 44AD AND 210W AND 215FY => 5	1	0	5.0	5.0
hivdb_hivfacts:f9221fb07adc0034	be1c11a5145fea9073fdb71801919d4a34265336	HIVDB	10.2	2026-04-26	DDI	didanosine	didanosine	true	NRTI	RT	EXACT	CHEBI:490877	BXZVVICBKDXVGW-NKWVEPMBSA-N	20	40F AND 41L AND 210W AND 215FY => 5	1	0	5.0	5.0
hivdb_hivfacts:79522e626d36b4d1	be1c11a5145fea9073fdb71801919d4a34265336	HIVDB	10.2	2026-04-26	DDI	didanosine	didanosine	true	NRTI	RT	EXACT	CHEBI:490877	BXZVVICBKDXVGW-NKWVEPMBSA-N	21	MAX(219E => 5, 219N => 5, 219Q => 5, 219R => 5, 219W => 5)	5	0	5.0	5.0
hivdb_hivfacts:d58b90138e05fcd9	be1c11a5145fea9073fdb71801919d4a34265336	HIVDB	10.2	2026-04-26	DDI	didanosine	didanosine	true	NRTI	RT	EXACT	CHEBI:490877	BXZVVICBKDXVGW-NKWVEPMBSA-N	22	41L AND 67EGN AND 215FY => 5	1	0	5.0	5.0
hivdb_hivfacts:f06eb52658c9e465	be1c11a5145fea9073fdb71801919d4a34265336	HIVDB	10.2	2026-04-26	DDI	didanosine	didanosine	true	NRTI	RT	EXACT	CHEBI:490877	BXZVVICBKDXVGW-NKWVEPMBSA-N	23	67EGN AND 215FY AND 219ENQR => 5	1	0	5.0	5.0
hivdb_hivfacts:f8b7d5e34ab7185e	be1c11a5145fea9073fdb71801919d4a34265336	HIVDB	10.2	2026-04-26	DDI	didanosine	didanosine	true	NRTI	RT	EXACT	CHEBI:490877	BXZVVICBKDXVGW-NKWVEPMBSA-N	24	67EGN AND 70R AND 219ENQR => 10	1	0	10.0	10.0
hivdb_hivfacts:2f45002f1b6cfe84	be1c11a5145fea9073fdb71801919d4a34265336	HIVDB	10.2	2026-04-26	DDI	didanosine	didanosine	true	NRTI	RT	EXACT	CHEBI:490877	BXZVVICBKDXVGW-NKWVEPMBSA-N	25	70R AND 215FY => 5	1	0	5.0	5.0
hivdb_hivfacts:bd1c972ec1feb44b	be1c11a5145fea9073fdb71801919d4a34265336	HIVDB	10.2	2026-04-26	DDI	didanosine	didanosine	true	NRTI	RT	EXACT	CHEBI:490877	BXZVVICBKDXVGW-NKWVEPMBSA-N	26	77L AND 116Y AND 151M => 10	1	0	10.0	10.0
hivdb_hivfacts:d14d0325b1fd484e	be1c11a5145fea9073fdb71801919d4a34265336	HIVDB	10.2	2026-04-26	FTC	emtricitabine	emtricitabine	true	NRTI	RT	EXACT	CHEBI:31536	XQSPYNMVSIKCOC-NTSWFWBYSA-N	1	MAX(65N => 15, 65R => 15)	2	0	15.0	15.0
hivdb_hivfacts:69f77f584e59f9a1	be1c11a5145fea9073fdb71801919d4a34265336	HIVDB	10.2	2026-04-26	FTC	emtricitabine	emtricitabine	true	NRTI	RT	EXACT	CHEBI:31536	XQSPYNMVSIKCOC-NTSWFWBYSA-N	2	67d => 15	1	0	15.0	15.0
hivdb_hivfacts:23519f7b11f1579f	be1c11a5145fea9073fdb71801919d4a34265336	HIVDB	10.2	2026-04-26	FTC	emtricitabine	emtricitabine	true	NRTI	RT	EXACT	CHEBI:31536	XQSPYNMVSIKCOC-NTSWFWBYSA-N	3	68d => 15	1	0	15.0	15.0
hivdb_hivfacts:1c609d061f69a8f8	be1c11a5145fea9073fdb71801919d4a34265336	HIVDB	10.2	2026-04-26	FTC	emtricitabine	emtricitabine	true	NRTI	RT	EXACT	CHEBI:31536	XQSPYNMVSIKCOC-NTSWFWBYSA-N	4	MAX(69i => 30, 69d => 15)	2	0	15.0	30.0
hivdb_hivfacts:123dd8ab09183334	be1c11a5145fea9073fdb71801919d4a34265336	HIVDB	10.2	2026-04-26	FTC	emtricitabine	emtricitabine	true	NRTI	RT	EXACT	CHEBI:31536	XQSPYNMVSIKCOC-NTSWFWBYSA-N	5	MAX(70E => 10, 70G => 10, 70N => 10, 70Q => 10, 70S => 10, 70T => 10, 70d => 10)	7	0	10.0	10.0
hivdb_hivfacts:11deb4455f54281b	be1c11a5145fea9073fdb71801919d4a34265336	HIVDB	10.2	2026-04-26	FTC	emtricitabine	emtricitabine	true	NRTI	RT	EXACT	CHEBI:31536	XQSPYNMVSIKCOC-NTSWFWBYSA-N	6	75I => 5	1	0	5.0	5.0
hivdb_hivfacts:0bcb8c50cbe4c575	be1c11a5145fea9073fdb71801919d4a34265336	HIVDB	10.2	2026-04-26	FTC	emtricitabine	emtricitabine	true	NRTI	RT	EXACT	CHEBI:31536	XQSPYNMVSIKCOC-NTSWFWBYSA-N	7	77L => 5	1	0	5.0	5.0
hivdb_hivfacts:06cf40e193454256	be1c11a5145fea9073fdb71801919d4a34265336	HIVDB	10.2	2026-04-26	FTC	emtricitabine	emtricitabine	true	NRTI	RT	EXACT	CHEBI:31536	XQSPYNMVSIKCOC-NTSWFWBYSA-N	8	116Y => 5	1	0	5.0	5.0
hivdb_hivfacts:f5c10d1052f9a76f	be1c11a5145fea9073fdb71801919d4a34265336	HIVDB	10.2	2026-04-26	FTC	emtricitabine	emtricitabine	true	NRTI	RT	EXACT	CHEBI:31536	XQSPYNMVSIKCOC-NTSWFWBYSA-N	9	MAX(151L => 10, 151M => 15)	2	0	10.0	15.0
hivdb_hivfacts:85b0bc58a43061db	be1c11a5145fea9073fdb71801919d4a34265336	HIVDB	10.2	2026-04-26	FTC	emtricitabine	emtricitabine	true	NRTI	RT	EXACT	CHEBI:31536	XQSPYNMVSIKCOC-NTSWFWBYSA-N	10	MAX(184I => 60, 184V => 60)	2	0	60.0	60.0
hivdb_hivfacts:c9a03db57c59be02	be1c11a5145fea9073fdb71801919d4a34265336	HIVDB	10.2	2026-04-26	FTC	emtricitabine	emtricitabine	true	NRTI	RT	EXACT	CHEBI:31536	XQSPYNMVSIKCOC-NTSWFWBYSA-N	11	65RN AND 151M => 10	1	0	10.0	10.0
hivdb_hivfacts:08f115fafaf99ebc	be1c11a5145fea9073fdb71801919d4a34265336	HIVDB	10.2	2026-04-26	FTC	emtricitabine	emtricitabine	true	NRTI	RT	EXACT	CHEBI:31536	XQSPYNMVSIKCOC-NTSWFWBYSA-N	12	77L AND 116Y AND 151ML => 15	1	0	15.0	15.0
hivdb_hivfacts:e8ee42fbcd3da907	be1c11a5145fea9073fdb71801919d4a34265336	HIVDB	10.2	2026-04-26	FTC	emtricitabine	emtricitabine	true	NRTI	RT	EXACT	CHEBI:31536	XQSPYNMVSIKCOC-NTSWFWBYSA-N	13	41L AND 210W AND 215FY => 15	1	0	15.0	15.0
hivdb_hivfacts:e64b89b4762a613a	be1c11a5145fea9073fdb71801919d4a34265336	HIVDB	10.2	2026-04-26	FTC	emtricitabine	emtricitabine	true	NRTI	RT	EXACT	CHEBI:31536	XQSPYNMVSIKCOC-NTSWFWBYSA-N	14	67EGNHST AND 70R AND 219ENQRW => 10	1	0	10.0	10.0
hivdb_hivfacts:eb76478bae06081f	be1c11a5145fea9073fdb71801919d4a34265336	HIVDB	10.2	2026-04-26	3TC	lamivudine	lamivudine	true	NRTI	RT	EXACT	CHEBI:63577	JTEGQNOMFQHVDC-NKWVEPMBSA-N	1	MAX(65N => 15, 65R => 15)	2	0	15.0	15.0
hivdb_hivfacts:a4766bd0231d5732	be1c11a5145fea9073fdb71801919d4a34265336	HIVDB	10.2	2026-04-26	3TC	lamivudine	lamivudine	true	NRTI	RT	EXACT	CHEBI:63577	JTEGQNOMFQHVDC-NKWVEPMBSA-N	2	67d => 15	1	0	15.0	15.0
hivdb_hivfacts:63e9a0a1a37333ce	be1c11a5145fea9073fdb71801919d4a34265336	HIVDB	10.2	2026-04-26	3TC	lamivudine	lamivudine	true	NRTI	RT	EXACT	CHEBI:63577	JTEGQNOMFQHVDC-NKWVEPMBSA-N	3	68d => 15	1	0	15.0	15.0
hivdb_hivfacts:8b622485f7618b68	be1c11a5145fea9073fdb71801919d4a34265336	HIVDB	10.2	2026-04-26	3TC	lamivudine	lamivudine	true	NRTI	RT	EXACT	CHEBI:63577	JTEGQNOMFQHVDC-NKWVEPMBSA-N	4	MAX(69i => 30, 69d => 15)	2	0	15.0	30.0
hivdb_hivfacts:a32d5fd7bab323b4	be1c11a5145fea9073fdb71801919d4a34265336	HIVDB	10.2	2026-04-26	3TC	lamivudine	lamivudine	true	NRTI	RT	EXACT	CHEBI:63577	JTEGQNOMFQHVDC-NKWVEPMBSA-N	5	MAX(70E => 10, 70G => 10, 70N => 10, 70Q => 10, 70S => 10, 70T => 10, 70d => 10)	7	0	10.0	10.0
hivdb_hivfacts:7b2c996947f0517e	be1c11a5145fea9073fdb71801919d4a34265336	HIVDB	10.2	2026-04-26	3TC	lamivudine	lamivudine	true	NRTI	RT	EXACT	CHEBI:63577	JTEGQNOMFQHVDC-NKWVEPMBSA-N	6	75I => 5	1	0	5.0	5.0
hivdb_hivfacts:356db2b0f9b1085a	be1c11a5145fea9073fdb71801919d4a34265336	HIVDB	10.2	2026-04-26	3TC	lamivudine	lamivudine	true	NRTI	RT	EXACT	CHEBI:63577	JTEGQNOMFQHVDC-NKWVEPMBSA-N	7	77L => 5	1	0	5.0	5.0
hivdb_hivfacts:7932003a60088366	be1c11a5145fea9073fdb71801919d4a34265336	HIVDB	10.2	2026-04-26	3TC	lamivudine	lamivudine	true	NRTI	RT	EXACT	CHEBI:63577	JTEGQNOMFQHVDC-NKWVEPMBSA-N	8	116Y => 5	1	0	5.0	5.0
hivdb_hivfacts:558bda3d16d188f2	be1c11a5145fea9073fdb71801919d4a34265336	HIVDB	10.2	2026-04-26	3TC	lamivudine	lamivudine	true	NRTI	RT	EXACT	CHEBI:63577	JTEGQNOMFQHVDC-NKWVEPMBSA-N	9	MAX(151L => 10, 151M => 15)	2	0	10.0	15.0
hivdb_hivfacts:21ff991feb43a1cd	be1c11a5145fea9073fdb71801919d4a34265336	HIVDB	10.2	2026-04-26	3TC	lamivudine	lamivudine	true	NRTI	RT	EXACT	CHEBI:63577	JTEGQNOMFQHVDC-NKWVEPMBSA-N	10	MAX(184I => 60, 184V => 60)	2	0	60.0	60.0
hivdb_hivfacts:9bdb58cad22287dd	be1c11a5145fea9073fdb71801919d4a34265336	HIVDB	10.2	2026-04-26	3TC	lamivudine	lamivudine	true	NRTI	RT	EXACT	CHEBI:63577	JTEGQNOMFQHVDC-NKWVEPMBSA-N	11	65RN AND 151M => 10	1	0	10.0	10.0
hivdb_hivfacts:bad1cb6bd0bb6de0	be1c11a5145fea9073fdb71801919d4a34265336	HIVDB	10.2	2026-04-26	3TC	lamivudine	lamivudine	true	NRTI	RT	EXACT	CHEBI:63577	JTEGQNOMFQHVDC-NKWVEPMBSA-N	12	77L AND 116Y AND 151ML => 15	1	0	15.0	15.0
hivdb_hivfacts:321edef2d4bc25ab	be1c11a5145fea9073fdb71801919d4a34265336	HIVDB	10.2	2026-04-26	3TC	lamivudine	lamivudine	true	NRTI	RT	EXACT	CHEBI:63577	JTEGQNOMFQHVDC-NKWVEPMBSA-N	13	41L AND 210W AND 215FY => 15	1	0	15.0	15.0
hivdb_hivfacts:178f242c0fed5eef	be1c11a5145fea9073fdb71801919d4a34265336	HIVDB	10.2	2026-04-26	3TC	lamivudine	lamivudine	true	NRTI	RT	EXACT	CHEBI:63577	JTEGQNOMFQHVDC-NKWVEPMBSA-N	14	67EGNHST AND 70R AND 219ENQRW => 10	1	0	10.0	10.0
hivdb_hivfacts:b54667373f33facf	be1c11a5145fea9073fdb71801919d4a34265336	HIVDB	10.2	2026-04-26	EFV	efavirenz	efavirenz	true	NNRTI	RT	EXACT	CHEBI:119486	XPOQHMRABVBWPR-ZDUSSCGKSA-N	1	98G => 10	1	0	10.0	10.0
hivdb_hivfacts:2940fbef435296d4	be1c11a5145fea9073fdb71801919d4a34265336	HIVDB	10.2	2026-04-26	EFV	efavirenz	efavirenz	true	NNRTI	RT	EXACT	CHEBI:119486	XPOQHMRABVBWPR-ZDUSSCGKSA-N	2	MAX(100I => 45, 100V => 15)	2	0	15.0	45.0
hivdb_hivfacts:6f389831f78969e0	be1c11a5145fea9073fdb71801919d4a34265336	HIVDB	10.2	2026-04-26	EFV	efavirenz	efavirenz	true	NNRTI	RT	EXACT	CHEBI:119486	XPOQHMRABVBWPR-ZDUSSCGKSA-N	3	MAX(101E => 15, 101P => 60, 101H => 10)	3	0	10.0	60.0
hivdb_hivfacts:21cce92299e1cac0	be1c11a5145fea9073fdb71801919d4a34265336	HIVDB	10.2	2026-04-26	EFV	efavirenz	efavirenz	true	NNRTI	RT	EXACT	CHEBI:119486	XPOQHMRABVBWPR-ZDUSSCGKSA-N	4	MAX(106A => 45, 106I => 5, 106L => 10, 106M => 60)	4	0	5.0	60.0
hivdb_hivfacts:a3515b08e67e4264	be1c11a5145fea9073fdb71801919d4a34265336	HIVDB	10.2	2026-04-26	EFV	efavirenz	efavirenz	true	NNRTI	RT	EXACT	CHEBI:119486	XPOQHMRABVBWPR-ZDUSSCGKSA-N	5	108I => 10	1	0	10.0	10.0
hivdb_hivfacts:f481326956a0bc48	be1c11a5145fea9073fdb71801919d4a34265336	HIVDB	10.2	2026-04-26	EFV	efavirenz	efavirenz	true	NNRTI	RT	EXACT	CHEBI:119486	XPOQHMRABVBWPR-ZDUSSCGKSA-N	6	MAX(138K => 10, 138G => 10, 138Q => 10, 138R => 10)	4	0	10.0	10.0
hivdb_hivfacts:29b076146001d57b	be1c11a5145fea9073fdb71801919d4a34265336	HIVDB	10.2	2026-04-26	EFV	efavirenz	efavirenz	true	NNRTI	RT	EXACT	CHEBI:119486	XPOQHMRABVBWPR-ZDUSSCGKSA-N	7	MAX(179F => 10, 179D => 10, 179E => 10, 179L => 10)	4	0	10.0	10.0
hivdb_hivfacts:8a177c735ba44b2d	be1c11a5145fea9073fdb71801919d4a34265336	HIVDB	10.2	2026-04-26	EFV	efavirenz	efavirenz	true	NNRTI	RT	EXACT	CHEBI:119486	XPOQHMRABVBWPR-ZDUSSCGKSA-N	8	MAX(181C => 30, 181I => 30, 181V => 30, 181F => 15, 181G => 15, 181S => 15)	6	0	15.0	30.0
hivdb_hivfacts:d4890e4c2783d745	be1c11a5145fea9073fdb71801919d4a34265336	HIVDB	10.2	2026-04-26	EFV	efavirenz	efavirenz	true	NNRTI	RT	EXACT	CHEBI:119486	XPOQHMRABVBWPR-ZDUSSCGKSA-N	9	MAX(188F => 60, 188L => 60, 188C => 30, 188H => 30)	4	0	30.0	60.0
hivdb_hivfacts:5e47b04b99ecfb9f	be1c11a5145fea9073fdb71801919d4a34265336	HIVDB	10.2	2026-04-26	EFV	efavirenz	efavirenz	true	NNRTI	RT	EXACT	CHEBI:119486	XPOQHMRABVBWPR-ZDUSSCGKSA-N	10	MAX(190C => 60, 190E => 60, 190Q => 60, 190S => 60, 190T => 60, 190V => 60, 190A => 45)	7	0	45.0	60.0
hivdb_hivfacts:1422d327d469a3b8	be1c11a5145fea9073fdb71801919d4a34265336	HIVDB	10.2	2026-04-26	EFV	efavirenz	efavirenz	true	NNRTI	RT	EXACT	CHEBI:119486	XPOQHMRABVBWPR-ZDUSSCGKSA-N	11	221Y => 10	1	0	10.0	10.0
hivdb_hivfacts:d01ec21fddd800b2	be1c11a5145fea9073fdb71801919d4a34265336	HIVDB	10.2	2026-04-26	EFV	efavirenz	efavirenz	true	NNRTI	RT	EXACT	CHEBI:119486	XPOQHMRABVBWPR-ZDUSSCGKSA-N	12	225H => 45	1	0	45.0	45.0
hivdb_hivfacts:8a22be068446ac38	be1c11a5145fea9073fdb71801919d4a34265336	HIVDB	10.2	2026-04-26	EFV	efavirenz	efavirenz	true	NNRTI	RT	EXACT	CHEBI:119486	XPOQHMRABVBWPR-ZDUSSCGKSA-N	13	MAX(227C => 45, 227I => 10, 227L => 15, 227V => 10)	4	0	10.0	45.0
hivdb_hivfacts:0827a6bd15d7961c	be1c11a5145fea9073fdb71801919d4a34265336	HIVDB	10.2	2026-04-26	EFV	efavirenz	efavirenz	true	NNRTI	RT	EXACT	CHEBI:119486	XPOQHMRABVBWPR-ZDUSSCGKSA-N	14	MAX(230I => 10, 230L => 45)	2	0	10.0	45.0
hivdb_hivfacts:935065a8fe18dd3a	be1c11a5145fea9073fdb71801919d4a34265336	HIVDB	10.2	2026-04-26	EFV	efavirenz	efavirenz	true	NNRTI	RT	EXACT	CHEBI:119486	XPOQHMRABVBWPR-ZDUSSCGKSA-N	15	318F => 10	1	0	10.0	10.0
hivdb_hivfacts:1e9f4b7bd408d555	be1c11a5145fea9073fdb71801919d4a34265336	HIVDB	10.2	2026-04-26	EFV	efavirenz	efavirenz	true	NNRTI	RT	EXACT	CHEBI:119486	XPOQHMRABVBWPR-ZDUSSCGKSA-N	16	98G AND 234I => 5	1	0	5.0	5.0
hivdb_hivfacts:5d8221c6fd0bfd17	be1c11a5145fea9073fdb71801919d4a34265336	HIVDB	10.2	2026-04-26	EFV	efavirenz	efavirenz	true	NNRTI	RT	EXACT	CHEBI:119486	XPOQHMRABVBWPR-ZDUSSCGKSA-N	17	MAX(106I AND 227CLIVY => 10, 106A AND 227CL => 15)	2	0	10.0	15.0
hivdb_hivfacts:cf400a278ede59c3	be1c11a5145fea9073fdb71801919d4a34265336	HIVDB	10.2	2026-04-26	EFV	efavirenz	efavirenz	true	NNRTI	RT	EXACT	CHEBI:119486	XPOQHMRABVBWPR-ZDUSSCGKSA-N	18	98G AND 181CIV => 5	1	0	5.0	5.0
hivdb_hivfacts:3d4288ec2151adfe	be1c11a5145fea9073fdb71801919d4a34265336	HIVDB	10.2	2026-04-26	EFV	efavirenz	efavirenz	true	NNRTI	RT	EXACT	CHEBI:119486	XPOQHMRABVBWPR-ZDUSSCGKSA-N	19	101E AND 181C => 5	1	0	5.0	5.0
hivdb_hivfacts:e4afa63803bc113e	be1c11a5145fea9073fdb71801919d4a34265336	HIVDB	10.2	2026-04-26	EFV	efavirenz	efavirenz	true	NNRTI	RT	EXACT	CHEBI:119486	XPOQHMRABVBWPR-ZDUSSCGKSA-N	20	98G AND 227CL => 15	1	0	15.0	15.0
hivdb_hivfacts:a39b027dc069db4d	be1c11a5145fea9073fdb71801919d4a34265336	HIVDB	10.2	2026-04-26	EFV	efavirenz	efavirenz	true	NNRTI	RT	EXACT	CHEBI:119486	XPOQHMRABVBWPR-ZDUSSCGKSA-N	21	MAX(103H => 60, 103N => 60, 103S => 45, 103T => 15)	4	0	15.0	60.0
hivdb_hivfacts:3afee8b0c0525a2b	be1c11a5145fea9073fdb71801919d4a34265336	HIVDB	10.2	2026-04-26	EFV	efavirenz	efavirenz	true	NNRTI	RT	EXACT	CHEBI:119486	XPOQHMRABVBWPR-ZDUSSCGKSA-N	22	MAX(238N => 10, 238T => 30)	2	0	10.0	30.0
hivdb_hivfacts:b18edf4a34c28691	be1c11a5145fea9073fdb71801919d4a34265336	HIVDB	10.2	2026-04-26	EFV	efavirenz	efavirenz	true	NNRTI	RT	EXACT	CHEBI:119486	XPOQHMRABVBWPR-ZDUSSCGKSA-N	23	103R AND 179D => 20	1	0	20.0	20.0
hivdb_hivfacts:7c4b6474c6fcbde1	be1c11a5145fea9073fdb71801919d4a34265336	HIVDB	10.2	2026-04-26	ETR	etravirine	etravirine	true	NNRTI	RT	EXACT	CHEBI:63589	PYGWGZALEOIKDF-UHFFFAOYSA-N	1	98G => 10	1	0	10.0	10.0
hivdb_hivfacts:98e15d11ead2f5e8	be1c11a5145fea9073fdb71801919d4a34265336	HIVDB	10.2	2026-04-26	ETR	etravirine	etravirine	true	NNRTI	RT	EXACT	CHEBI:63589	PYGWGZALEOIKDF-UHFFFAOYSA-N	2	MAX(100I => 30, 100V => 10)	2	0	10.0	30.0
hivdb_hivfacts:9af1238c46dff62e	be1c11a5145fea9073fdb71801919d4a34265336	HIVDB	10.2	2026-04-26	ETR	etravirine	etravirine	true	NNRTI	RT	EXACT	CHEBI:63589	PYGWGZALEOIKDF-UHFFFAOYSA-N	3	MAX(101E => 10, 101P => 45, 101H => 10)	3	0	10.0	45.0
hivdb_hivfacts:6725db667becaf62	be1c11a5145fea9073fdb71801919d4a34265336	HIVDB	10.2	2026-04-26	ETR	etravirine	etravirine	true	NNRTI	RT	EXACT	CHEBI:63589	PYGWGZALEOIKDF-UHFFFAOYSA-N	4	106I => 5	1	0	5.0	5.0
hivdb_hivfacts:ffe3a28c0be96a88	be1c11a5145fea9073fdb71801919d4a34265336	HIVDB	10.2	2026-04-26	ETR	etravirine	etravirine	true	NNRTI	RT	EXACT	CHEBI:63589	PYGWGZALEOIKDF-UHFFFAOYSA-N	5	MAX(138K => 10, 138G => 10, 138Q => 10, 138R => 10, 138A => 10)	5	0	10.0	10.0
hivdb_hivfacts:6701d24411c25813	be1c11a5145fea9073fdb71801919d4a34265336	HIVDB	10.2	2026-04-26	ETR	etravirine	etravirine	true	NNRTI	RT	EXACT	CHEBI:63589	PYGWGZALEOIKDF-UHFFFAOYSA-N	6	MAX(179F => 15, 179D => 10, 179E => 10, 179L => 10)	4	0	10.0	15.0
hivdb_hivfacts:685858f0f957fae1	be1c11a5145fea9073fdb71801919d4a34265336	HIVDB	10.2	2026-04-26	ETR	etravirine	etravirine	true	NNRTI	RT	EXACT	CHEBI:63589	PYGWGZALEOIKDF-UHFFFAOYSA-N	7	MAX(181C => 30, 181I => 60, 181V => 60, 181F => 15, 181G => 15, 181S => 15)	6	0	15.0	60.0
hivdb_hivfacts:e636fe606da12ffb	be1c11a5145fea9073fdb71801919d4a34265336	HIVDB	10.2	2026-04-26	ETR	etravirine	etravirine	true	NNRTI	RT	EXACT	CHEBI:63589	PYGWGZALEOIKDF-UHFFFAOYSA-N	8	188L => 15	1	0	15.0	15.0
hivdb_hivfacts:f1f717a1cd0f6697	be1c11a5145fea9073fdb71801919d4a34265336	HIVDB	10.2	2026-04-26	ETR	etravirine	etravirine	true	NNRTI	RT	EXACT	CHEBI:63589	PYGWGZALEOIKDF-UHFFFAOYSA-N	9	MAX(190C => 10, 190E => 45, 190Q => 45, 190S => 10, 190T => 10, 190V => 10, 190A => 10)	7	0	10.0	45.0
hivdb_hivfacts:4c06c33eec5e3c70	be1c11a5145fea9073fdb71801919d4a34265336	HIVDB	10.2	2026-04-26	ETR	etravirine	etravirine	true	NNRTI	RT	EXACT	CHEBI:63589	PYGWGZALEOIKDF-UHFFFAOYSA-N	10	221Y => 10	1	0	10.0	10.0
hivdb_hivfacts:43449a992034aa53	be1c11a5145fea9073fdb71801919d4a34265336	HIVDB	10.2	2026-04-26	ETR	etravirine	etravirine	true	NNRTI	RT	EXACT	CHEBI:63589	PYGWGZALEOIKDF-UHFFFAOYSA-N	11	227C => 30	1	0	30.0	30.0
hivdb_hivfacts:af8b9a021aed40aa	be1c11a5145fea9073fdb71801919d4a34265336	HIVDB	10.2	2026-04-26	ETR	etravirine	etravirine	true	NNRTI	RT	EXACT	CHEBI:63589	PYGWGZALEOIKDF-UHFFFAOYSA-N	12	230L => 30	1	0	30.0	30.0
hivdb_hivfacts:1421ecd53a365e2c	be1c11a5145fea9073fdb71801919d4a34265336	HIVDB	10.2	2026-04-26	ETR	etravirine	etravirine	true	NNRTI	RT	EXACT	CHEBI:63589	PYGWGZALEOIKDF-UHFFFAOYSA-N	13	98G AND 234I => 5	1	0	5.0	5.0
hivdb_hivfacts:38637b4423086ddf	be1c11a5145fea9073fdb71801919d4a34265336	HIVDB	10.2	2026-04-26	ETR	etravirine	etravirine	true	NNRTI	RT	EXACT	CHEBI:63589	PYGWGZALEOIKDF-UHFFFAOYSA-N	14	106I AND 227CLIVY => 10	1	0	10.0	10.0
hivdb_hivfacts:3f4d2385e4162b96	be1c11a5145fea9073fdb71801919d4a34265336	HIVDB	10.2	2026-04-26	ETR	etravirine	etravirine	true	NNRTI	RT	EXACT	CHEBI:63589	PYGWGZALEOIKDF-UHFFFAOYSA-N	15	181CIV AND 190ACSTV => 10	1	0	10.0	10.0
hivdb_hivfacts:359c422a4b53a2c1	be1c11a5145fea9073fdb71801919d4a34265336	HIVDB	10.2	2026-04-26	ETR	etravirine	etravirine	true	NNRTI	RT	EXACT	CHEBI:63589	PYGWGZALEOIKDF-UHFFFAOYSA-N	16	98G AND 181CIV => 5	1	0	5.0	5.0
hivdb_hivfacts:c40176047a905066	be1c11a5145fea9073fdb71801919d4a34265336	HIVDB	10.2	2026-04-26	ETR	etravirine	etravirine	true	NNRTI	RT	EXACT	CHEBI:63589	PYGWGZALEOIKDF-UHFFFAOYSA-N	17	101E AND 181C => 5	1	0	5.0	5.0
hivdb_hivfacts:127c41a57a3ed870	be1c11a5145fea9073fdb71801919d4a34265336	HIVDB	10.2	2026-04-26	ETR	etravirine	etravirine	true	NNRTI	RT	EXACT	CHEBI:63589	PYGWGZALEOIKDF-UHFFFAOYSA-N	18	MAX(101E AND 190A => 5, 101E AND 190S => 5)	2	0	5.0	5.0
hivdb_hivfacts:c2391c93cf118d40	be1c11a5145fea9073fdb71801919d4a34265336	HIVDB	10.2	2026-04-26	ETR	etravirine	etravirine	true	NNRTI	RT	EXACT	CHEBI:63589	PYGWGZALEOIKDF-UHFFFAOYSA-N	19	98G AND 227CL => 15	1	0	15.0	15.0
hivdb_hivfacts:d0fc22e0a3d6af63	be1c11a5145fea9073fdb71801919d4a34265336	HIVDB	10.2	2026-04-26	ETR	etravirine	etravirine	true	NNRTI	RT	EXACT	CHEBI:63589	PYGWGZALEOIKDF-UHFFFAOYSA-N	20	101E AND 188L => 5	1	0	5.0	5.0
hivdb_hivfacts:f04ca478bc44cd53	be1c11a5145fea9073fdb71801919d4a34265336	HIVDB	10.2	2026-04-26	ETR	etravirine	etravirine	true	NNRTI	RT	EXACT	CHEBI:63589	PYGWGZALEOIKDF-UHFFFAOYSA-N	21	MAX(179F AND 181C => 15, 179T AND 181C => 10)	2	0	10.0	15.0
hivdb_hivfacts:03ac90a396895f72	be1c11a5145fea9073fdb71801919d4a34265336	HIVDB	10.2	2026-04-26	NVP	nevirapine	nevirapine	true	NNRTI	RT	EXACT	CHEBI:63613	NQDJXKOVJZTUJA-UHFFFAOYSA-N	1	98G => 30	1	0	30.0	30.0
hivdb_hivfacts:2418e27676580885	be1c11a5145fea9073fdb71801919d4a34265336	HIVDB	10.2	2026-04-26	NVP	nevirapine	nevirapine	true	NNRTI	RT	EXACT	CHEBI:63613	NQDJXKOVJZTUJA-UHFFFAOYSA-N	2	MAX(100I => 60, 100V => 30)	2	0	30.0	60.0
hivdb_hivfacts:3bf3da7ab908d83d	be1c11a5145fea9073fdb71801919d4a34265336	HIVDB	10.2	2026-04-26	NVP	nevirapine	nevirapine	true	NNRTI	RT	EXACT	CHEBI:63613	NQDJXKOVJZTUJA-UHFFFAOYSA-N	3	MAX(101E => 30, 101P => 60, 101H => 15)	3	0	15.0	60.0
hivdb_hivfacts:b30cafcd1c833391	be1c11a5145fea9073fdb71801919d4a34265336	HIVDB	10.2	2026-04-26	NVP	nevirapine	nevirapine	true	NNRTI	RT	EXACT	CHEBI:63613	NQDJXKOVJZTUJA-UHFFFAOYSA-N	4	MAX(106A => 60, 106I => 5, 106L => 30, 106M => 60)	4	0	5.0	60.0
hivdb_hivfacts:69d3a70eab284414	be1c11a5145fea9073fdb71801919d4a34265336	HIVDB	10.2	2026-04-26	NVP	nevirapine	nevirapine	true	NNRTI	RT	EXACT	CHEBI:63613	NQDJXKOVJZTUJA-UHFFFAOYSA-N	5	108I => 15	1	0	15.0	15.0
hivdb_hivfacts:43ae2400d1777aae	be1c11a5145fea9073fdb71801919d4a34265336	HIVDB	10.2	2026-04-26	NVP	nevirapine	nevirapine	true	NNRTI	RT	EXACT	CHEBI:63613	NQDJXKOVJZTUJA-UHFFFAOYSA-N	6	MAX(138K => 10, 138G => 10, 138Q => 10, 138R => 10)	4	0	10.0	10.0
hivdb_hivfacts:3625658a635ec5b4	be1c11a5145fea9073fdb71801919d4a34265336	HIVDB	10.2	2026-04-26	NVP	nevirapine	nevirapine	true	NNRTI	RT	EXACT	CHEBI:63613	NQDJXKOVJZTUJA-UHFFFAOYSA-N	7	MAX(179F => 15, 179D => 10, 179E => 10, 179L => 10)	4	0	10.0	15.0
hivdb_hivfacts:ffeecaebab805e45	be1c11a5145fea9073fdb71801919d4a34265336	HIVDB	10.2	2026-04-26	NVP	nevirapine	nevirapine	true	NNRTI	RT	EXACT	CHEBI:63613	NQDJXKOVJZTUJA-UHFFFAOYSA-N	8	MAX(181C => 60, 181I => 60, 181V => 60, 181F => 60, 181G => 60, 181S => 60)	6	0	60.0	60.0
hivdb_hivfacts:d85e0be4ad08cdea	be1c11a5145fea9073fdb71801919d4a34265336	HIVDB	10.2	2026-04-26	NVP	nevirapine	nevirapine	true	NNRTI	RT	EXACT	CHEBI:63613	NQDJXKOVJZTUJA-UHFFFAOYSA-N	9	MAX(188F => 60, 188L => 60, 188C => 60, 188H => 60)	4	0	60.0	60.0
hivdb_hivfacts:da95390b5ea03ad6	be1c11a5145fea9073fdb71801919d4a34265336	HIVDB	10.2	2026-04-26	NVP	nevirapine	nevirapine	true	NNRTI	RT	EXACT	CHEBI:63613	NQDJXKOVJZTUJA-UHFFFAOYSA-N	10	MAX(190C => 60, 190E => 60, 190Q => 60, 190S => 60, 190T => 60, 190V => 60, 190A => 60)	7	0	60.0	60.0
hivdb_hivfacts:2e802efd98eff8a2	be1c11a5145fea9073fdb71801919d4a34265336	HIVDB	10.2	2026-04-26	NVP	nevirapine	nevirapine	true	NNRTI	RT	EXACT	CHEBI:63613	NQDJXKOVJZTUJA-UHFFFAOYSA-N	11	221Y => 15	1	0	15.0	15.0
hivdb_hivfacts:644e74f2526ed262	be1c11a5145fea9073fdb71801919d4a34265336	HIVDB	10.2	2026-04-26	NVP	nevirapine	nevirapine	true	NNRTI	RT	EXACT	CHEBI:63613	NQDJXKOVJZTUJA-UHFFFAOYSA-N	12	225H => 45	1	0	45.0	45.0
hivdb_hivfacts:01dae33a452e8224	be1c11a5145fea9073fdb71801919d4a34265336	HIVDB	10.2	2026-04-26	NVP	nevirapine	nevirapine	true	NNRTI	RT	EXACT	CHEBI:63613	NQDJXKOVJZTUJA-UHFFFAOYSA-N	13	MAX(227C => 45, 227I => 30, 227L => 30, 227V => 30, 227Y => 10)	5	0	10.0	45.0
hivdb_hivfacts:1ab69d9045caaed7	be1c11a5145fea9073fdb71801919d4a34265336	HIVDB	10.2	2026-04-26	NVP	nevirapine	nevirapine	true	NNRTI	RT	EXACT	CHEBI:63613	NQDJXKOVJZTUJA-UHFFFAOYSA-N	14	MAX(230I => 30, 230L => 60)	2	0	30.0	60.0
hivdb_hivfacts:9a1c769aecc7c363	be1c11a5145fea9073fdb71801919d4a34265336	HIVDB	10.2	2026-04-26	NVP	nevirapine	nevirapine	true	NNRTI	RT	EXACT	CHEBI:63613	NQDJXKOVJZTUJA-UHFFFAOYSA-N	15	318F => 30	1	0	30.0	30.0
hivdb_hivfacts:b4ebbd3a66065649	be1c11a5145fea9073fdb71801919d4a34265336	HIVDB	10.2	2026-04-26	NVP	nevirapine	nevirapine	true	NNRTI	RT	EXACT	CHEBI:63613	NQDJXKOVJZTUJA-UHFFFAOYSA-N	16	98G AND 234I => 5	1	0	5.0	5.0
hivdb_hivfacts:abc63c5a8ed845f2	be1c11a5145fea9073fdb71801919d4a34265336	HIVDB	10.2	2026-04-26	NVP	nevirapine	nevirapine	true	NNRTI	RT	EXACT	CHEBI:63613	NQDJXKOVJZTUJA-UHFFFAOYSA-N	17	106I AND 227CLIVY => 10	1	0	10.0	10.0
hivdb_hivfacts:8a2a057b617bea21	be1c11a5145fea9073fdb71801919d4a34265336	HIVDB	10.2	2026-04-26	NVP	nevirapine	nevirapine	true	NNRTI	RT	EXACT	CHEBI:63613	NQDJXKOVJZTUJA-UHFFFAOYSA-N	18	98G AND 227CL => 15	1	0	15.0	15.0
hivdb_hivfacts:e0374110753ca68c	be1c11a5145fea9073fdb71801919d4a34265336	HIVDB	10.2	2026-04-26	NVP	nevirapine	nevirapine	true	NNRTI	RT	EXACT	CHEBI:63613	NQDJXKOVJZTUJA-UHFFFAOYSA-N	19	MAX(103H => 60, 103N => 60, 103S => 60, 103T => 60)	4	0	60.0	60.0
hivdb_hivfacts:b7a7a32ec0eb2cd6	be1c11a5145fea9073fdb71801919d4a34265336	HIVDB	10.2	2026-04-26	NVP	nevirapine	nevirapine	true	NNRTI	RT	EXACT	CHEBI:63613	NQDJXKOVJZTUJA-UHFFFAOYSA-N	20	MAX(238N => 10, 238T => 30)	2	0	10.0	30.0
hivdb_hivfacts:fa8c9eb6e756e3f0	be1c11a5145fea9073fdb71801919d4a34265336	HIVDB	10.2	2026-04-26	NVP	nevirapine	nevirapine	true	NNRTI	RT	EXACT	CHEBI:63613	NQDJXKOVJZTUJA-UHFFFAOYSA-N	21	103R AND 179D => 20	1	0	20.0	20.0
hivdb_hivfacts:633af4da9094c30e	be1c11a5145fea9073fdb71801919d4a34265336	HIVDB	10.2	2026-04-26	NVP	nevirapine	nevirapine	true	NNRTI	RT	EXACT	CHEBI:63613	NQDJXKOVJZTUJA-UHFFFAOYSA-N	22	348I => 15	1	0	15.0	15.0
hivdb_hivfacts:2672e95a09aa7163	be1c11a5145fea9073fdb71801919d4a34265336	HIVDB	10.2	2026-04-26	RPV	rilpivirine	rilpivirine	true	NNRTI	RT	EXACT	CHEBI:68606	YIBOMRUWOWDFLG-ONEGZZNKSA-N	1	98G => 15	1	0	15.0	15.0
hivdb_hivfacts:f540a40110b2095c	be1c11a5145fea9073fdb71801919d4a34265336	HIVDB	10.2	2026-04-26	RPV	rilpivirine	rilpivirine	true	NNRTI	RT	EXACT	CHEBI:68606	YIBOMRUWOWDFLG-ONEGZZNKSA-N	2	MAX(100I => 45, 100V => 15)	2	0	15.0	45.0
hivdb_hivfacts:0adcbb53062663c6	be1c11a5145fea9073fdb71801919d4a34265336	HIVDB	10.2	2026-04-26	RPV	rilpivirine	rilpivirine	true	NNRTI	RT	EXACT	CHEBI:68606	YIBOMRUWOWDFLG-ONEGZZNKSA-N	3	MAX(101E => 45, 101P => 60, 101H => 10)	3	0	10.0	60.0
hivdb_hivfacts:c5d3ff940bc66e16	be1c11a5145fea9073fdb71801919d4a34265336	HIVDB	10.2	2026-04-26	RPV	rilpivirine	rilpivirine	true	NNRTI	RT	EXACT	CHEBI:68606	YIBOMRUWOWDFLG-ONEGZZNKSA-N	4	MAX(106A => 5, 106I => 5)	2	0	5.0	5.0
hivdb_hivfacts:038e515a3fe03013	be1c11a5145fea9073fdb71801919d4a34265336	HIVDB	10.2	2026-04-26	RPV	rilpivirine	rilpivirine	true	NNRTI	RT	EXACT	CHEBI:68606	YIBOMRUWOWDFLG-ONEGZZNKSA-N	5	108I => 5	1	0	5.0	5.0
hivdb_hivfacts:8bcf166343012336	be1c11a5145fea9073fdb71801919d4a34265336	HIVDB	10.2	2026-04-26	RPV	rilpivirine	rilpivirine	true	NNRTI	RT	EXACT	CHEBI:68606	YIBOMRUWOWDFLG-ONEGZZNKSA-N	6	MAX(138K => 45, 138G => 20, 138Q => 20, 138R => 20, 138A => 10)	5	0	10.0	45.0
hivdb_hivfacts:73104a7f68cf2cc7	be1c11a5145fea9073fdb71801919d4a34265336	HIVDB	10.2	2026-04-26	RPV	rilpivirine	rilpivirine	true	NNRTI	RT	EXACT	CHEBI:68606	YIBOMRUWOWDFLG-ONEGZZNKSA-N	7	MAX(179F => 15, 179D => 10, 179E => 10, 179L => 10)	4	0	10.0	15.0
hivdb_hivfacts:afefd5e09dbfc1d7	be1c11a5145fea9073fdb71801919d4a34265336	HIVDB	10.2	2026-04-26	RPV	rilpivirine	rilpivirine	true	NNRTI	RT	EXACT	CHEBI:68606	YIBOMRUWOWDFLG-ONEGZZNKSA-N	8	MAX(181C => 45, 181I => 60, 181V => 60, 181F => 30, 181G => 30, 181S => 30)	6	0	30.0	60.0
hivdb_hivfacts:4ba6d7e6e8e5de96	be1c11a5145fea9073fdb71801919d4a34265336	HIVDB	10.2	2026-04-26	RPV	rilpivirine	rilpivirine	true	NNRTI	RT	EXACT	CHEBI:68606	YIBOMRUWOWDFLG-ONEGZZNKSA-N	9	MAX(188F => 30, 188L => 60)	2	0	30.0	60.0
hivdb_hivfacts:bff68257a81836f3	be1c11a5145fea9073fdb71801919d4a34265336	HIVDB	10.2	2026-04-26	RPV	rilpivirine	rilpivirine	true	NNRTI	RT	EXACT	CHEBI:68606	YIBOMRUWOWDFLG-ONEGZZNKSA-N	10	MAX(190C => 10, 190E => 60, 190Q => 45, 190S => 15, 190T => 10, 190V => 10, 190A => 15)	7	0	10.0	60.0
hivdb_hivfacts:2f2fb37847a7e7a5	be1c11a5145fea9073fdb71801919d4a34265336	HIVDB	10.2	2026-04-26	RPV	rilpivirine	rilpivirine	true	NNRTI	RT	EXACT	CHEBI:68606	YIBOMRUWOWDFLG-ONEGZZNKSA-N	11	221Y => 10	1	0	10.0	10.0
hivdb_hivfacts:5f6ebcec8b937875	be1c11a5145fea9073fdb71801919d4a34265336	HIVDB	10.2	2026-04-26	RPV	rilpivirine	rilpivirine	true	NNRTI	RT	EXACT	CHEBI:68606	YIBOMRUWOWDFLG-ONEGZZNKSA-N	12	MAX(227C => 45, 227L => 5, 227Y => 15)	3	0	5.0	45.0
hivdb_hivfacts:a6e47ba71a18c77f	be1c11a5145fea9073fdb71801919d4a34265336	HIVDB	10.2	2026-04-26	RPV	rilpivirine	rilpivirine	true	NNRTI	RT	EXACT	CHEBI:68606	YIBOMRUWOWDFLG-ONEGZZNKSA-N	13	MAX(230I => 30, 230L => 60)	2	0	30.0	60.0
hivdb_hivfacts:8724867d0c30a82c	be1c11a5145fea9073fdb71801919d4a34265336	HIVDB	10.2	2026-04-26	RPV	rilpivirine	rilpivirine	true	NNRTI	RT	EXACT	CHEBI:68606	YIBOMRUWOWDFLG-ONEGZZNKSA-N	14	98G AND 234I => 5	1	0	5.0	5.0
hivdb_hivfacts:79e962e365fb0a02	be1c11a5145fea9073fdb71801919d4a34265336	HIVDB	10.2	2026-04-26	RPV	rilpivirine	rilpivirine	true	NNRTI	RT	EXACT	CHEBI:68606	YIBOMRUWOWDFLG-ONEGZZNKSA-N	15	100I AND 103N => 15	1	0	15.0	15.0
hivdb_hivfacts:75d0a3e7402acb2b	be1c11a5145fea9073fdb71801919d4a34265336	HIVDB	10.2	2026-04-26	RPV	rilpivirine	rilpivirine	true	NNRTI	RT	EXACT	CHEBI:68606	YIBOMRUWOWDFLG-ONEGZZNKSA-N	16	106I AND 181C => 10	1	0	10.0	10.0
hivdb_hivfacts:eee34a001a07e170	be1c11a5145fea9073fdb71801919d4a34265336	HIVDB	10.2	2026-04-26	RPV	rilpivirine	rilpivirine	true	NNRTI	RT	EXACT	CHEBI:68606	YIBOMRUWOWDFLG-ONEGZZNKSA-N	17	MAX(106I AND 227CLIVY => 15, 106A AND 227CL => 10)	2	0	10.0	15.0
hivdb_hivfacts:501472f295a8f986	be1c11a5145fea9073fdb71801919d4a34265336	HIVDB	10.2	2026-04-26	RPV	rilpivirine	rilpivirine	true	NNRTI	RT	EXACT	CHEBI:68606	YIBOMRUWOWDFLG-ONEGZZNKSA-N	18	181CIV AND 190ACSTV => 10	1	0	10.0	10.0
hivdb_hivfacts:511121a52c5791c4	be1c11a5145fea9073fdb71801919d4a34265336	HIVDB	10.2	2026-04-26	RPV	rilpivirine	rilpivirine	true	NNRTI	RT	EXACT	CHEBI:68606	YIBOMRUWOWDFLG-ONEGZZNKSA-N	19	181CIV AND 221Y => 10	1	0	10.0	10.0
hivdb_hivfacts:8fc55154cb754cf9	be1c11a5145fea9073fdb71801919d4a34265336	HIVDB	10.2	2026-04-26	RPV	rilpivirine	rilpivirine	true	NNRTI	RT	EXACT	CHEBI:68606	YIBOMRUWOWDFLG-ONEGZZNKSA-N	20	98G AND 106I => 5	1	0	5.0	5.0
hivdb_hivfacts:de435e35ac32d097	be1c11a5145fea9073fdb71801919d4a34265336	HIVDB	10.2	2026-04-26	RPV	rilpivirine	rilpivirine	true	NNRTI	RT	EXACT	CHEBI:68606	YIBOMRUWOWDFLG-ONEGZZNKSA-N	21	98G AND 190ASC => 5	1	0	5.0	5.0
hivdb_hivfacts:273af9cb9328ad65	be1c11a5145fea9073fdb71801919d4a34265336	HIVDB	10.2	2026-04-26	RPV	rilpivirine	rilpivirine	true	NNRTI	RT	EXACT	CHEBI:68606	YIBOMRUWOWDFLG-ONEGZZNKSA-N	22	98G AND 181CIV => 5	1	0	5.0	5.0
hivdb_hivfacts:b9bf0d0e89ad7e54	be1c11a5145fea9073fdb71801919d4a34265336	HIVDB	10.2	2026-04-26	RPV	rilpivirine	rilpivirine	true	NNRTI	RT	EXACT	CHEBI:68606	YIBOMRUWOWDFLG-ONEGZZNKSA-N	23	98G AND 227CL => 15	1	0	15.0	15.0
hivdb_hivfacts:64748eacfbc97b8e	be1c11a5145fea9073fdb71801919d4a34265336	HIVDB	10.2	2026-04-26	RPV	rilpivirine	rilpivirine	true	NNRTI	RT	EXACT	CHEBI:68606	YIBOMRUWOWDFLG-ONEGZZNKSA-N	24	103R AND 179D => 15	1	0	15.0	15.0
hivdb_hivfacts:0c4dda654a6363d3	be1c11a5145fea9073fdb71801919d4a34265336	HIVDB	10.2	2026-04-26	RPV	rilpivirine	rilpivirine	true	NNRTI	RT	EXACT	CHEBI:68606	YIBOMRUWOWDFLG-ONEGZZNKSA-N	25	MAX(179F AND 181C => 15, 179T AND 181C => 10)	2	0	10.0	15.0
hivdb_hivfacts:087984ae4362fc3b	be1c11a5145fea9073fdb71801919d4a34265336	HIVDB	10.2	2026-04-26	RPV	rilpivirine	rilpivirine	true	NNRTI	RT	EXACT	CHEBI:68606	YIBOMRUWOWDFLG-ONEGZZNKSA-N	26	101E AND 184I => 15	1	0	15.0	15.0
hivdb_hivfacts:61dafd8a1e65a1ed	be1c11a5145fea9073fdb71801919d4a34265336	HIVDB	10.2	2026-04-26	RPV	rilpivirine	rilpivirine	true	NNRTI	RT	EXACT	CHEBI:68606	YIBOMRUWOWDFLG-ONEGZZNKSA-N	27	138K AND 184I => 15	1	0	15.0	15.0
hivdb_hivfacts:1a4a344e6146ec74	be1c11a5145fea9073fdb71801919d4a34265336	HIVDB	10.2	2026-04-26	RPV	rilpivirine	rilpivirine	true	NNRTI	RT	EXACT	CHEBI:68606	YIBOMRUWOWDFLG-ONEGZZNKSA-N	28	90I => 5	1	0	5.0	5.0
hivdb_hivfacts:2f41ff05cbd1562c	be1c11a5145fea9073fdb71801919d4a34265336	HIVDB	10.2	2026-04-26	NFV	nelfinavir	nelfinavir	true	PI	PR	EXACT	CHEBI:7496	QAGYKUNXZHXKMR-HKWSIXNMSA-N	1	10F => 15	1	0	15.0	15.0
hivdb_hivfacts:6c9703191d1bfda2	be1c11a5145fea9073fdb71801919d4a34265336	HIVDB	10.2	2026-04-26	NFV	nelfinavir	nelfinavir	true	PI	PR	EXACT	CHEBI:7496	QAGYKUNXZHXKMR-HKWSIXNMSA-N	2	20T => 15	1	0	15.0	15.0
hivdb_hivfacts:5ba7c5ec62890fe7	be1c11a5145fea9073fdb71801919d4a34265336	HIVDB	10.2	2026-04-26	NFV	nelfinavir	nelfinavir	true	PI	PR	EXACT	CHEBI:7496	QAGYKUNXZHXKMR-HKWSIXNMSA-N	3	23I => 15	1	0	15.0	15.0
hivdb_hivfacts:ba5e9550556ba32d	be1c11a5145fea9073fdb71801919d4a34265336	HIVDB	10.2	2026-04-26	NFV	nelfinavir	nelfinavir	true	PI	PR	EXACT	CHEBI:7496	QAGYKUNXZHXKMR-HKWSIXNMSA-N	4	MAX(24F => 10, 24I => 10, 24M => 10)	3	0	10.0	10.0
hivdb_hivfacts:a1760b9b89b13905	be1c11a5145fea9073fdb71801919d4a34265336	HIVDB	10.2	2026-04-26	NFV	nelfinavir	nelfinavir	true	PI	PR	EXACT	CHEBI:7496	QAGYKUNXZHXKMR-HKWSIXNMSA-N	5	30N => 60	1	0	60.0	60.0
hivdb_hivfacts:d7c391478a20c012	be1c11a5145fea9073fdb71801919d4a34265336	HIVDB	10.2	2026-04-26	NFV	nelfinavir	nelfinavir	true	PI	PR	EXACT	CHEBI:7496	QAGYKUNXZHXKMR-HKWSIXNMSA-N	6	32I => 15	1	0	15.0	15.0
hivdb_hivfacts:745117b3ef86c2f1	be1c11a5145fea9073fdb71801919d4a34265336	HIVDB	10.2	2026-04-26	NFV	nelfinavir	nelfinavir	true	PI	PR	EXACT	CHEBI:7496	QAGYKUNXZHXKMR-HKWSIXNMSA-N	7	33F => 10	1	0	10.0	10.0
hivdb_hivfacts:1587a39706ce26a5	be1c11a5145fea9073fdb71801919d4a34265336	HIVDB	10.2	2026-04-26	NFV	nelfinavir	nelfinavir	true	PI	PR	EXACT	CHEBI:7496	QAGYKUNXZHXKMR-HKWSIXNMSA-N	8	43T => 10	1	0	10.0	10.0
hivdb_hivfacts:1bd7129756e57c4b	be1c11a5145fea9073fdb71801919d4a34265336	HIVDB	10.2	2026-04-26	NFV	nelfinavir	nelfinavir	true	PI	PR	EXACT	CHEBI:7496	QAGYKUNXZHXKMR-HKWSIXNMSA-N	9	MAX(46I => 30, 46L => 20, 46V => 20)	3	0	20.0	30.0
hivdb_hivfacts:b630b873d9445761	be1c11a5145fea9073fdb71801919d4a34265336	HIVDB	10.2	2026-04-26	NFV	nelfinavir	nelfinavir	true	PI	PR	EXACT	CHEBI:7496	QAGYKUNXZHXKMR-HKWSIXNMSA-N	10	MAX(47A => 30, 47V => 20)	2	0	20.0	30.0
hivdb_hivfacts:29a181771b0d664d	be1c11a5145fea9073fdb71801919d4a34265336	HIVDB	10.2	2026-04-26	NFV	nelfinavir	nelfinavir	true	PI	PR	EXACT	CHEBI:7496	QAGYKUNXZHXKMR-HKWSIXNMSA-N	11	MAX(48A => 30, 48L => 30, 48M => 30, 48Q => 30, 48S => 30, 48T => 30, 48V => 30)	7	0	30.0	30.0
hivdb_hivfacts:9664f6d6d554d011	be1c11a5145fea9073fdb71801919d4a34265336	HIVDB	10.2	2026-04-26	NFV	nelfinavir	nelfinavir	true	PI	PR	EXACT	CHEBI:7496	QAGYKUNXZHXKMR-HKWSIXNMSA-N	12	50V => 15	1	0	15.0	15.0
hivdb_hivfacts:994ff09dbe849fef	be1c11a5145fea9073fdb71801919d4a34265336	HIVDB	10.2	2026-04-26	NFV	nelfinavir	nelfinavir	true	PI	PR	EXACT	CHEBI:7496	QAGYKUNXZHXKMR-HKWSIXNMSA-N	13	53L => 10	1	0	10.0	10.0
hivdb_hivfacts:8175c6866bfbcf3e	be1c11a5145fea9073fdb71801919d4a34265336	HIVDB	10.2	2026-04-26	NFV	nelfinavir	nelfinavir	true	PI	PR	EXACT	CHEBI:7496	QAGYKUNXZHXKMR-HKWSIXNMSA-N	14	MAX(54A => 20, 54L => 20, 54M => 20, 54S => 20, 54T => 20, 54V => 20)	6	0	20.0	20.0
hivdb_hivfacts:8eb89d3547519b29	be1c11a5145fea9073fdb71801919d4a34265336	HIVDB	10.2	2026-04-26	NFV	nelfinavir	nelfinavir	true	PI	PR	EXACT	CHEBI:7496	QAGYKUNXZHXKMR-HKWSIXNMSA-N	15	58E => 10	1	0	10.0	10.0
hivdb_hivfacts:5e2b576755aa4b88	be1c11a5145fea9073fdb71801919d4a34265336	HIVDB	10.2	2026-04-26	NFV	nelfinavir	nelfinavir	true	PI	PR	EXACT	CHEBI:7496	QAGYKUNXZHXKMR-HKWSIXNMSA-N	16	MAX(73A => 15, 73C => 15, 73D => 10, 73S => 15, 73T => 15, 73V => 10)	6	0	10.0	15.0
hivdb_hivfacts:05af54218cb536dc	be1c11a5145fea9073fdb71801919d4a34265336	HIVDB	10.2	2026-04-26	NFV	nelfinavir	nelfinavir	true	PI	PR	EXACT	CHEBI:7496	QAGYKUNXZHXKMR-HKWSIXNMSA-N	17	74P => 20	1	0	20.0	20.0
hivdb_hivfacts:b30d494def534888	be1c11a5145fea9073fdb71801919d4a34265336	HIVDB	10.2	2026-04-26	NFV	nelfinavir	nelfinavir	true	PI	PR	EXACT	CHEBI:7496	QAGYKUNXZHXKMR-HKWSIXNMSA-N	18	76V => 10	1	0	10.0	10.0
hivdb_hivfacts:a69006ed33271066	be1c11a5145fea9073fdb71801919d4a34265336	HIVDB	10.2	2026-04-26	NFV	nelfinavir	nelfinavir	true	PI	PR	EXACT	CHEBI:7496	QAGYKUNXZHXKMR-HKWSIXNMSA-N	19	MAX(82A => 30, 82C => 30, 82F => 30, 82L => 10, 82M => 30, 82S => 30, 82T => 30)	7	0	10.0	30.0
hivdb_hivfacts:167e15c2b5a1201b	be1c11a5145fea9073fdb71801919d4a34265336	HIVDB	10.2	2026-04-26	NFV	nelfinavir	nelfinavir	true	PI	PR	EXACT	CHEBI:7496	QAGYKUNXZHXKMR-HKWSIXNMSA-N	20	83D => 15	1	0	15.0	15.0
hivdb_hivfacts:81bb3b4e33d8dac6	be1c11a5145fea9073fdb71801919d4a34265336	HIVDB	10.2	2026-04-26	NFV	nelfinavir	nelfinavir	true	PI	PR	EXACT	CHEBI:7496	QAGYKUNXZHXKMR-HKWSIXNMSA-N	21	MAX(84A => 60, 84C => 60, 84V => 60)	3	0	60.0	60.0
hivdb_hivfacts:e1b17617ca9c366e	be1c11a5145fea9073fdb71801919d4a34265336	HIVDB	10.2	2026-04-26	NFV	nelfinavir	nelfinavir	true	PI	PR	EXACT	CHEBI:7496	QAGYKUNXZHXKMR-HKWSIXNMSA-N	22	MAX(88D => 60, 88G => 30, 88S => 60, 88T => 30)	4	0	30.0	60.0
hivdb_hivfacts:c2ad8cff12400791	be1c11a5145fea9073fdb71801919d4a34265336	HIVDB	10.2	2026-04-26	NFV	nelfinavir	nelfinavir	true	PI	PR	EXACT	CHEBI:7496	QAGYKUNXZHXKMR-HKWSIXNMSA-N	23	89V => 10	1	0	10.0	10.0
hivdb_hivfacts:26e6a9663d1217ea	be1c11a5145fea9073fdb71801919d4a34265336	HIVDB	10.2	2026-04-26	NFV	nelfinavir	nelfinavir	true	PI	PR	EXACT	CHEBI:7496	QAGYKUNXZHXKMR-HKWSIXNMSA-N	24	90M => 60	1	0	60.0	60.0
hivdb_hivfacts:0cd947d97c7c5c90	be1c11a5145fea9073fdb71801919d4a34265336	HIVDB	10.2	2026-04-26	NFV	nelfinavir	nelfinavir	true	PI	PR	EXACT	CHEBI:7496	QAGYKUNXZHXKMR-HKWSIXNMSA-N	25	32I AND 47AV => 5	1	0	5.0	5.0
hivdb_hivfacts:0c6d8ff05ff359aa	be1c11a5145fea9073fdb71801919d4a34265336	HIVDB	10.2	2026-04-26	NFV	nelfinavir	nelfinavir	true	PI	PR	EXACT	CHEBI:7496	QAGYKUNXZHXKMR-HKWSIXNMSA-N	26	32I AND 54LM => 5	1	0	5.0	5.0
hivdb_hivfacts:150b809304bf7e28	be1c11a5145fea9073fdb71801919d4a34265336	HIVDB	10.2	2026-04-26	NFV	nelfinavir	nelfinavir	true	PI	PR	EXACT	CHEBI:7496	QAGYKUNXZHXKMR-HKWSIXNMSA-N	27	46IL AND 84V AND 90M => 5	1	0	5.0	5.0
hivdb_hivfacts:044d47fcfd81a349	be1c11a5145fea9073fdb71801919d4a34265336	HIVDB	10.2	2026-04-26	NFV	nelfinavir	nelfinavir	true	PI	PR	EXACT	CHEBI:7496	QAGYKUNXZHXKMR-HKWSIXNMSA-N	28	46ILV AND 82ACFLMST => 10	1	0	10.0	10.0
hivdb_hivfacts:9c223e92837e53d6	be1c11a5145fea9073fdb71801919d4a34265336	HIVDB	10.2	2026-04-26	NFV	nelfinavir	nelfinavir	true	PI	PR	EXACT	CHEBI:7496	QAGYKUNXZHXKMR-HKWSIXNMSA-N	29	46ILV AND 90M => 10	1	0	10.0	10.0
hivdb_hivfacts:8e5f3e4550233db7	be1c11a5145fea9073fdb71801919d4a34265336	HIVDB	10.2	2026-04-26	NFV	nelfinavir	nelfinavir	true	PI	PR	EXACT	CHEBI:7496	QAGYKUNXZHXKMR-HKWSIXNMSA-N	30	47AV AND 54LM => 5	1	0	5.0	5.0
hivdb_hivfacts:a0e354aae436c87b	be1c11a5145fea9073fdb71801919d4a34265336	HIVDB	10.2	2026-04-26	NFV	nelfinavir	nelfinavir	true	PI	PR	EXACT	CHEBI:7496	QAGYKUNXZHXKMR-HKWSIXNMSA-N	31	53L AND 90M => 10	1	0	10.0	10.0
hivdb_hivfacts:ca153ea0b4ac60d6	be1c11a5145fea9073fdb71801919d4a34265336	HIVDB	10.2	2026-04-26	NFV	nelfinavir	nelfinavir	true	PI	PR	EXACT	CHEBI:7496	QAGYKUNXZHXKMR-HKWSIXNMSA-N	32	54ALMSTV AND 82ACFLMST => 10	1	0	10.0	10.0
hivdb_hivfacts:bcd1e04c8a171c91	be1c11a5145fea9073fdb71801919d4a34265336	HIVDB	10.2	2026-04-26	NFV	nelfinavir	nelfinavir	true	PI	PR	EXACT	CHEBI:7496	QAGYKUNXZHXKMR-HKWSIXNMSA-N	33	54ALMSTV AND 90M => 10	1	0	10.0	10.0
hivdb_hivfacts:06665c7945eef576	be1c11a5145fea9073fdb71801919d4a34265336	HIVDB	10.2	2026-04-26	NFV	nelfinavir	nelfinavir	true	PI	PR	EXACT	CHEBI:7496	QAGYKUNXZHXKMR-HKWSIXNMSA-N	34	73ACSTV AND 90M => 10	1	0	10.0	10.0
hivdb_hivfacts:cf9a944d2bb509b4	be1c11a5145fea9073fdb71801919d4a34265336	HIVDB	10.2	2026-04-26	NFV	nelfinavir	nelfinavir	true	PI	PR	EXACT	CHEBI:7496	QAGYKUNXZHXKMR-HKWSIXNMSA-N	35	82ACFLMST AND 90M => 10	1	0	10.0	10.0
hivdb_hivfacts:e3312b2508d51c48	be1c11a5145fea9073fdb71801919d4a34265336	HIVDB	10.2	2026-04-26	NFV	nelfinavir	nelfinavir	true	PI	PR	EXACT	CHEBI:7496	QAGYKUNXZHXKMR-HKWSIXNMSA-N	36	11IL AND 32I => 5	1	0	5.0	5.0
hivdb_hivfacts:f913f7189eee0ff5	be1c11a5145fea9073fdb71801919d4a34265336	HIVDB	10.2	2026-04-26	NFV	nelfinavir	nelfinavir	true	PI	PR	EXACT	CHEBI:7496	QAGYKUNXZHXKMR-HKWSIXNMSA-N	37	11IL AND 54LM => 5	1	0	5.0	5.0
hivdb_hivfacts:81a64a591581e4de	be1c11a5145fea9073fdb71801919d4a34265336	HIVDB	10.2	2026-04-26	NFV	nelfinavir	nelfinavir	true	PI	PR	EXACT	CHEBI:7496	QAGYKUNXZHXKMR-HKWSIXNMSA-N	38	32I AND 76V => 5	1	0	5.0	5.0
hivdb_hivfacts:da1e00f5a7818e18	be1c11a5145fea9073fdb71801919d4a34265336	HIVDB	10.2	2026-04-26	NFV	nelfinavir	nelfinavir	true	PI	PR	EXACT	CHEBI:7496	QAGYKUNXZHXKMR-HKWSIXNMSA-N	39	32I AND 84V => 5	1	0	5.0	5.0
hivdb_hivfacts:67443e854f525840	be1c11a5145fea9073fdb71801919d4a34265336	HIVDB	10.2	2026-04-26	NFV	nelfinavir	nelfinavir	true	PI	PR	EXACT	CHEBI:7496	QAGYKUNXZHXKMR-HKWSIXNMSA-N	40	32I AND 89V => 5	1	0	5.0	5.0
hivdb_hivfacts:dd522aa99d7d80d1	be1c11a5145fea9073fdb71801919d4a34265336	HIVDB	10.2	2026-04-26	NFV	nelfinavir	nelfinavir	true	PI	PR	EXACT	CHEBI:7496	QAGYKUNXZHXKMR-HKWSIXNMSA-N	41	47AV AND 84V => 5	1	0	5.0	5.0
hivdb_hivfacts:d5422d51dfe21547	be1c11a5145fea9073fdb71801919d4a34265336	HIVDB	10.2	2026-04-26	NFV	nelfinavir	nelfinavir	true	PI	PR	EXACT	CHEBI:7496	QAGYKUNXZHXKMR-HKWSIXNMSA-N	42	54LM AND 84V => 5	1	0	5.0	5.0
hivdb_hivfacts:4587eddb331c1420	be1c11a5145fea9073fdb71801919d4a34265336	HIVDB	10.2	2026-04-26	NFV	nelfinavir	nelfinavir	true	PI	PR	EXACT	CHEBI:7496	QAGYKUNXZHXKMR-HKWSIXNMSA-N	43	54LM AND 89V => 5	1	0	5.0	5.0
hivdb_hivfacts:28f678f5187d104e	be1c11a5145fea9073fdb71801919d4a34265336	HIVDB	10.2	2026-04-26	NFV	nelfinavir	nelfinavir	true	PI	PR	EXACT	CHEBI:7496	QAGYKUNXZHXKMR-HKWSIXNMSA-N	44	46ILV AND 76V => 10	1	0	10.0	10.0
hivdb_hivfacts:b638fbfe23c9b267	be1c11a5145fea9073fdb71801919d4a34265336	HIVDB	10.2	2026-04-26	BIC	bictegravir	bictegravir	true	INSTI	IN	EXACT	CHEBI:172943	SOLUWJRYJLAZCX-LYOVBCGYSA-N	1	51Y => 10	1	0	10.0	10.0
hivdb_hivfacts:941bf0e8fe4c9d24	be1c11a5145fea9073fdb71801919d4a34265336	HIVDB	10.2	2026-04-26	BIC	bictegravir	bictegravir	true	INSTI	IN	EXACT	CHEBI:172943	SOLUWJRYJLAZCX-LYOVBCGYSA-N	2	MAX(66A => 5, 66I => 5, 66K => 15)	3	0	5.0	15.0
hivdb_hivfacts:f3e93653855ad74b	be1c11a5145fea9073fdb71801919d4a34265336	HIVDB	10.2	2026-04-26	BIC	bictegravir	bictegravir	true	INSTI	IN	EXACT	CHEBI:172943	SOLUWJRYJLAZCX-LYOVBCGYSA-N	3	MAX(74F => 5, 74M => 5)	2	0	5.0	5.0
hivdb_hivfacts:6378144e8ed39b8c	be1c11a5145fea9073fdb71801919d4a34265336	HIVDB	10.2	2026-04-26	BIC	bictegravir	bictegravir	true	INSTI	IN	EXACT	CHEBI:172943	SOLUWJRYJLAZCX-LYOVBCGYSA-N	4	92Q => 10	1	0	10.0	10.0
hivdb_hivfacts:bd509c75abf63bd8	be1c11a5145fea9073fdb71801919d4a34265336	HIVDB	10.2	2026-04-26	BIC	bictegravir	bictegravir	true	INSTI	IN	EXACT	CHEBI:172943	SOLUWJRYJLAZCX-LYOVBCGYSA-N	5	118R => 45	1	0	45.0	45.0
hivdb_hivfacts:c620082574d4d695	be1c11a5145fea9073fdb71801919d4a34265336	HIVDB	10.2	2026-04-26	BIC	bictegravir	bictegravir	true	INSTI	IN	EXACT	CHEBI:172943	SOLUWJRYJLAZCX-LYOVBCGYSA-N	6	MAX(121C => 15, 121Y => 10)	2	0	10.0	15.0
hivdb_hivfacts:c4682789c4c73f4e	be1c11a5145fea9073fdb71801919d4a34265336	HIVDB	10.2	2026-04-26	BIC	bictegravir	bictegravir	true	INSTI	IN	EXACT	CHEBI:172943	SOLUWJRYJLAZCX-LYOVBCGYSA-N	7	MAX(138A => 10, 138K => 10, 138T => 10)	3	0	10.0	10.0
hivdb_hivfacts:beb925c830a599f7	be1c11a5145fea9073fdb71801919d4a34265336	HIVDB	10.2	2026-04-26	BIC	bictegravir	bictegravir	true	INSTI	IN	EXACT	CHEBI:172943	SOLUWJRYJLAZCX-LYOVBCGYSA-N	8	MAX(140A => 10, 140C => 10, 140R => 10, 140S => 10)	4	0	10.0	10.0
hivdb_hivfacts:e5d2b01f4193c391	be1c11a5145fea9073fdb71801919d4a34265336	HIVDB	10.2	2026-04-26	BIC	bictegravir	bictegravir	true	INSTI	IN	EXACT	CHEBI:172943	SOLUWJRYJLAZCX-LYOVBCGYSA-N	9	MAX(146I => 5, 146L => 5, 146P => 5, 146R => 5)	4	0	5.0	5.0
hivdb_hivfacts:f84046b34270bf95	be1c11a5145fea9073fdb71801919d4a34265336	HIVDB	10.2	2026-04-26	BIC	bictegravir	bictegravir	true	INSTI	IN	EXACT	CHEBI:172943	SOLUWJRYJLAZCX-LYOVBCGYSA-N	10	147G => 10	1	0	10.0	10.0
hivdb_hivfacts:051e5db40b60d748	be1c11a5145fea9073fdb71801919d4a34265336	HIVDB	10.2	2026-04-26	BIC	bictegravir	bictegravir	true	INSTI	IN	EXACT	CHEBI:172943	SOLUWJRYJLAZCX-LYOVBCGYSA-N	11	MAX(148H => 25, 148K => 30, 148R => 25)	3	0	25.0	30.0
hivdb_hivfacts:b9ee764efc7298b1	be1c11a5145fea9073fdb71801919d4a34265336	HIVDB	10.2	2026-04-26	BIC	bictegravir	bictegravir	true	INSTI	IN	EXACT	CHEBI:172943	SOLUWJRYJLAZCX-LYOVBCGYSA-N	12	149A => 5	1	0	5.0	5.0
hivdb_hivfacts:feaa70de6720d940	be1c11a5145fea9073fdb71801919d4a34265336	HIVDB	10.2	2026-04-26	BIC	bictegravir	bictegravir	true	INSTI	IN	EXACT	CHEBI:172943	SOLUWJRYJLAZCX-LYOVBCGYSA-N	13	151L => 15	1	0	15.0	15.0
hivdb_hivfacts:f879eee47707f53a	be1c11a5145fea9073fdb71801919d4a34265336	HIVDB	10.2	2026-04-26	BIC	bictegravir	bictegravir	true	INSTI	IN	EXACT	CHEBI:172943	SOLUWJRYJLAZCX-LYOVBCGYSA-N	14	MAX(153F => 15, 153Y => 15)	2	0	15.0	15.0
hivdb_hivfacts:9c570e1da8f793e6	be1c11a5145fea9073fdb71801919d4a34265336	HIVDB	10.2	2026-04-26	BIC	bictegravir	bictegravir	true	INSTI	IN	EXACT	CHEBI:172943	SOLUWJRYJLAZCX-LYOVBCGYSA-N	15	155H => 10	1	0	10.0	10.0
hivdb_hivfacts:01acaaa06f0123f5	be1c11a5145fea9073fdb71801919d4a34265336	HIVDB	10.2	2026-04-26	BIC	bictegravir	bictegravir	true	INSTI	IN	EXACT	CHEBI:172943	SOLUWJRYJLAZCX-LYOVBCGYSA-N	16	230R => 10	1	0	10.0	10.0
hivdb_hivfacts:1cb7b855eaba1032	be1c11a5145fea9073fdb71801919d4a34265336	HIVDB	10.2	2026-04-26	BIC	bictegravir	bictegravir	true	INSTI	IN	EXACT	CHEBI:172943	SOLUWJRYJLAZCX-LYOVBCGYSA-N	17	263K => 30	1	0	30.0	30.0
hivdb_hivfacts:b6e6f4a026c08f53	be1c11a5145fea9073fdb71801919d4a34265336	HIVDB	10.2	2026-04-26	BIC	bictegravir	bictegravir	true	INSTI	IN	EXACT	CHEBI:172943	SOLUWJRYJLAZCX-LYOVBCGYSA-N	18	49G AND 263K => 10	1	0	10.0	10.0
hivdb_hivfacts:b04ae16204d9f50c	be1c11a5145fea9073fdb71801919d4a34265336	HIVDB	10.2	2026-04-26	BIC	bictegravir	bictegravir	true	INSTI	IN	EXACT	CHEBI:172943	SOLUWJRYJLAZCX-LYOVBCGYSA-N	19	66I AND 118R => 5	1	0	5.0	5.0
hivdb_hivfacts:996bbdf9565ee9b8	be1c11a5145fea9073fdb71801919d4a34265336	HIVDB	10.2	2026-04-26	BIC	bictegravir	bictegravir	true	INSTI	IN	EXACT	CHEBI:172943	SOLUWJRYJLAZCX-LYOVBCGYSA-N	20	74F AND 75I => 10	1	0	10.0	10.0
hivdb_hivfacts:3fd21ece89fefa81	be1c11a5145fea9073fdb71801919d4a34265336	HIVDB	10.2	2026-04-26	BIC	bictegravir	bictegravir	true	INSTI	IN	EXACT	CHEBI:172943	SOLUWJRYJLAZCX-LYOVBCGYSA-N	21	MAX(74I AND 118R => 5, 74FM AND 118R => 10)	2	0	5.0	10.0
hivdb_hivfacts:66730cf8f26c6ad0	be1c11a5145fea9073fdb71801919d4a34265336	HIVDB	10.2	2026-04-26	BIC	bictegravir	bictegravir	true	INSTI	IN	EXACT	CHEBI:172943	SOLUWJRYJLAZCX-LYOVBCGYSA-N	22	MAX(74I AND 148HKR => 5, 74FM AND 148HKR => 15)	2	0	5.0	15.0
hivdb_hivfacts:d3f6695a710ec022	be1c11a5145fea9073fdb71801919d4a34265336	HIVDB	10.2	2026-04-26	BIC	bictegravir	bictegravir	true	INSTI	IN	EXACT	CHEBI:172943	SOLUWJRYJLAZCX-LYOVBCGYSA-N	23	74I AND 155H => 5	1	0	5.0	5.0
hivdb_hivfacts:383e9350ea7e9953	be1c11a5145fea9073fdb71801919d4a34265336	HIVDB	10.2	2026-04-26	BIC	bictegravir	bictegravir	true	INSTI	IN	EXACT	CHEBI:172943	SOLUWJRYJLAZCX-LYOVBCGYSA-N	24	75A AND 118R => 10	1	0	10.0	10.0
hivdb_hivfacts:797db2cc63372e2d	be1c11a5145fea9073fdb71801919d4a34265336	HIVDB	10.2	2026-04-26	BIC	bictegravir	bictegravir	true	INSTI	IN	EXACT	CHEBI:172943	SOLUWJRYJLAZCX-LYOVBCGYSA-N	25	75A AND 148HKR => 5	1	0	5.0	5.0
hivdb_hivfacts:334472dc9ceb46a3	be1c11a5145fea9073fdb71801919d4a34265336	HIVDB	10.2	2026-04-26	BIC	bictegravir	bictegravir	true	INSTI	IN	EXACT	CHEBI:172943	SOLUWJRYJLAZCX-LYOVBCGYSA-N	26	118R AND 138AKT => 10	1	0	10.0	10.0
hivdb_hivfacts:1574e922238b8205	be1c11a5145fea9073fdb71801919d4a34265336	HIVDB	10.2	2026-04-26	BIC	bictegravir	bictegravir	true	INSTI	IN	EXACT	CHEBI:172943	SOLUWJRYJLAZCX-LYOVBCGYSA-N	27	122N AND 148HKR => 5	1	0	5.0	5.0
hivdb_hivfacts:f23a52b5b46d6196	be1c11a5145fea9073fdb71801919d4a34265336	HIVDB	10.2	2026-04-26	BIC	bictegravir	bictegravir	true	INSTI	IN	EXACT	CHEBI:172943	SOLUWJRYJLAZCX-LYOVBCGYSA-N	28	138AKT AND 140ACS => 10	1	0	10.0	10.0
hivdb_hivfacts:1a93267744b08010	be1c11a5145fea9073fdb71801919d4a34265336	HIVDB	10.2	2026-04-26	BIC	bictegravir	bictegravir	true	INSTI	IN	EXACT	CHEBI:172943	SOLUWJRYJLAZCX-LYOVBCGYSA-N	29	138AKT AND 148HKR => 10	1	0	10.0	10.0
hivdb_hivfacts:6cda4623de465629	be1c11a5145fea9073fdb71801919d4a34265336	HIVDB	10.2	2026-04-26	BIC	bictegravir	bictegravir	true	INSTI	IN	EXACT	CHEBI:172943	SOLUWJRYJLAZCX-LYOVBCGYSA-N	30	138K AND 263K => 10	1	0	10.0	10.0
hivdb_hivfacts:b02206a633a2dbe6	be1c11a5145fea9073fdb71801919d4a34265336	HIVDB	10.2	2026-04-26	BIC	bictegravir	bictegravir	true	INSTI	IN	EXACT	CHEBI:172943	SOLUWJRYJLAZCX-LYOVBCGYSA-N	31	140ACS AND 148HKR => 10	1	0	10.0	10.0
hivdb_hivfacts:26d86a796476d955	be1c11a5145fea9073fdb71801919d4a34265336	HIVDB	10.2	2026-04-26	BIC	bictegravir	bictegravir	true	INSTI	IN	EXACT	CHEBI:172943	SOLUWJRYJLAZCX-LYOVBCGYSA-N	32	147G AND 148HKR => 10	1	0	10.0	10.0
hivdb_hivfacts:222a892ffcb8dbf9	be1c11a5145fea9073fdb71801919d4a34265336	HIVDB	10.2	2026-04-26	BIC	bictegravir	bictegravir	true	INSTI	IN	EXACT	CHEBI:172943	SOLUWJRYJLAZCX-LYOVBCGYSA-N	33	147G AND 155H => 10	1	0	10.0	10.0
hivdb_hivfacts:defb1248048639b4	be1c11a5145fea9073fdb71801919d4a34265336	HIVDB	10.2	2026-04-26	BIC	bictegravir	bictegravir	true	INSTI	IN	EXACT	CHEBI:172943	SOLUWJRYJLAZCX-LYOVBCGYSA-N	34	148HKR AND 149A => 10	1	0	10.0	10.0
hivdb_hivfacts:b3d5d61b3e83c732	be1c11a5145fea9073fdb71801919d4a34265336	HIVDB	10.2	2026-04-26	BIC	bictegravir	bictegravir	true	INSTI	IN	EXACT	CHEBI:172943	SOLUWJRYJLAZCX-LYOVBCGYSA-N	35	148HKR AND 151I => 5	1	0	5.0	5.0
hivdb_hivfacts:44bc443c6c73dda5	be1c11a5145fea9073fdb71801919d4a34265336	HIVDB	10.2	2026-04-26	BIC	bictegravir	bictegravir	true	INSTI	IN	EXACT	CHEBI:172943	SOLUWJRYJLAZCX-LYOVBCGYSA-N	36	148HKR AND 155H => 20	1	0	20.0	20.0
hivdb_hivfacts:c950d39eab9ba525	be1c11a5145fea9073fdb71801919d4a34265336	HIVDB	10.2	2026-04-26	BIC	bictegravir	bictegravir	true	INSTI	IN	EXACT	CHEBI:172943	SOLUWJRYJLAZCX-LYOVBCGYSA-N	37	148HKR AND 163KR => 5	1	0	5.0	5.0
hivdb_hivfacts:774de852af545930	be1c11a5145fea9073fdb71801919d4a34265336	HIVDB	10.2	2026-04-26	BIC	bictegravir	bictegravir	true	INSTI	IN	EXACT	CHEBI:172943	SOLUWJRYJLAZCX-LYOVBCGYSA-N	38	151I AND 155H => 5	1	0	5.0	5.0
hivdb_hivfacts:47a946e35cc9889b	be1c11a5145fea9073fdb71801919d4a34265336	HIVDB	10.2	2026-04-26	BIC	bictegravir	bictegravir	true	INSTI	IN	EXACT	CHEBI:172943	SOLUWJRYJLAZCX-LYOVBCGYSA-N	39	155H AND 263K => 20	1	0	20.0	20.0
hivdb_hivfacts:1c3d7df4d7fa3dc8	be1c11a5145fea9073fdb71801919d4a34265336	HIVDB	10.2	2026-04-26	BIC	bictegravir	bictegravir	true	INSTI	IN	EXACT	CHEBI:172943	SOLUWJRYJLAZCX-LYOVBCGYSA-N	40	157Q AND 263K => 10	1	0	10.0	10.0
hivdb_hivfacts:617a2444ddc3726c	be1c11a5145fea9073fdb71801919d4a34265336	HIVDB	10.2	2026-04-26	BIC	bictegravir	bictegravir	true	INSTI	IN	EXACT	CHEBI:172943	SOLUWJRYJLAZCX-LYOVBCGYSA-N	41	51Y AND 263K => 10	1	0	10.0	10.0
hivdb_hivfacts:a6119b41fc68fe89	be1c11a5145fea9073fdb71801919d4a34265336	HIVDB	10.2	2026-04-26	BIC	bictegravir	bictegravir	true	INSTI	IN	EXACT	CHEBI:172943	SOLUWJRYJLAZCX-LYOVBCGYSA-N	42	92Q AND 155H => 10	1	0	10.0	10.0
hivdb_hivfacts:ddeca76619974660	be1c11a5145fea9073fdb71801919d4a34265336	HIVDB	10.2	2026-04-26	BIC	bictegravir	bictegravir	true	INSTI	IN	EXACT	CHEBI:172943	SOLUWJRYJLAZCX-LYOVBCGYSA-N	43	97A AND 118R => 10	1	0	10.0	10.0
hivdb_hivfacts:1f6ccbab3abeeb77	be1c11a5145fea9073fdb71801919d4a34265336	HIVDB	10.2	2026-04-26	BIC	bictegravir	bictegravir	true	INSTI	IN	EXACT	CHEBI:172943	SOLUWJRYJLAZCX-LYOVBCGYSA-N	44	97A AND 148HKR => 15	1	0	15.0	15.0
hivdb_hivfacts:7122f285e71b105f	be1c11a5145fea9073fdb71801919d4a34265336	HIVDB	10.2	2026-04-26	CAB	cabotegravir	cabotegravir	true	INSTI	IN	EXACT	CHEBI:172944	WCWSTNLSLKSJPK-LKFCYVNXSA-N	1	51Y => 15	1	0	15.0	15.0
hivdb_hivfacts:f498e3a35a42fa2e	be1c11a5145fea9073fdb71801919d4a34265336	HIVDB	10.2	2026-04-26	CAB	cabotegravir	cabotegravir	true	INSTI	IN	EXACT	CHEBI:172944	WCWSTNLSLKSJPK-LKFCYVNXSA-N	2	MAX(66A => 5, 66I => 10, 66K => 20)	3	0	5.0	20.0
hivdb_hivfacts:842b387b912407e5	be1c11a5145fea9073fdb71801919d4a34265336	HIVDB	10.2	2026-04-26	CAB	cabotegravir	cabotegravir	true	INSTI	IN	EXACT	CHEBI:172944	WCWSTNLSLKSJPK-LKFCYVNXSA-N	3	MAX(74F => 5, 74M => 5, 74I => 10)	3	0	5.0	10.0
hivdb_hivfacts:a3cecbcb1cadd67f	be1c11a5145fea9073fdb71801919d4a34265336	HIVDB	10.2	2026-04-26	CAB	cabotegravir	cabotegravir	true	INSTI	IN	EXACT	CHEBI:172944	WCWSTNLSLKSJPK-LKFCYVNXSA-N	4	MAX(92Q => 15, 92G => 10, 92V => 10)	3	0	10.0	15.0
hivdb_hivfacts:e947203542d8335f	be1c11a5145fea9073fdb71801919d4a34265336	HIVDB	10.2	2026-04-26	CAB	cabotegravir	cabotegravir	true	INSTI	IN	EXACT	CHEBI:172944	WCWSTNLSLKSJPK-LKFCYVNXSA-N	5	118R => 60	1	0	60.0	60.0
hivdb_hivfacts:ae9c31531f90afda	be1c11a5145fea9073fdb71801919d4a34265336	HIVDB	10.2	2026-04-26	CAB	cabotegravir	cabotegravir	true	INSTI	IN	EXACT	CHEBI:172944	WCWSTNLSLKSJPK-LKFCYVNXSA-N	6	MAX(121C => 30, 121Y => 15)	2	0	15.0	30.0
hivdb_hivfacts:a60bf17484e7810a	be1c11a5145fea9073fdb71801919d4a34265336	HIVDB	10.2	2026-04-26	CAB	cabotegravir	cabotegravir	true	INSTI	IN	EXACT	CHEBI:172944	WCWSTNLSLKSJPK-LKFCYVNXSA-N	7	MAX(138A => 15, 138K => 15, 138T => 15)	3	0	15.0	15.0
hivdb_hivfacts:5db00ff7d0282a0f	be1c11a5145fea9073fdb71801919d4a34265336	HIVDB	10.2	2026-04-26	CAB	cabotegravir	cabotegravir	true	INSTI	IN	EXACT	CHEBI:172944	WCWSTNLSLKSJPK-LKFCYVNXSA-N	8	MAX(140A => 15, 140C => 15, 140R => 60, 140S => 15)	4	0	15.0	60.0
hivdb_hivfacts:efc3ad026b0482e8	be1c11a5145fea9073fdb71801919d4a34265336	HIVDB	10.2	2026-04-26	CAB	cabotegravir	cabotegravir	true	INSTI	IN	EXACT	CHEBI:172944	WCWSTNLSLKSJPK-LKFCYVNXSA-N	9	MAX(146I => 10, 146L => 10, 146P => 10, 146R => 10)	4	0	10.0	10.0
hivdb_hivfacts:61e9533cb6095455	be1c11a5145fea9073fdb71801919d4a34265336	HIVDB	10.2	2026-04-26	CAB	cabotegravir	cabotegravir	true	INSTI	IN	EXACT	CHEBI:172944	WCWSTNLSLKSJPK-LKFCYVNXSA-N	10	147G => 15	1	0	15.0	15.0
hivdb_hivfacts:74cc76764b8e0536	be1c11a5145fea9073fdb71801919d4a34265336	HIVDB	10.2	2026-04-26	CAB	cabotegravir	cabotegravir	true	INSTI	IN	EXACT	CHEBI:172944	WCWSTNLSLKSJPK-LKFCYVNXSA-N	11	MAX(148H => 60, 148K => 60, 148R => 60, 148N => 10)	4	0	10.0	60.0
hivdb_hivfacts:e61800fa08c3e8ad	be1c11a5145fea9073fdb71801919d4a34265336	HIVDB	10.2	2026-04-26	CAB	cabotegravir	cabotegravir	true	INSTI	IN	EXACT	CHEBI:172944	WCWSTNLSLKSJPK-LKFCYVNXSA-N	12	149A => 5	1	0	5.0	5.0
hivdb_hivfacts:d9223ae9079b7d12	be1c11a5145fea9073fdb71801919d4a34265336	HIVDB	10.2	2026-04-26	CAB	cabotegravir	cabotegravir	true	INSTI	IN	EXACT	CHEBI:172944	WCWSTNLSLKSJPK-LKFCYVNXSA-N	13	151L => 15	1	0	15.0	15.0
hivdb_hivfacts:c2526f07f85be524	be1c11a5145fea9073fdb71801919d4a34265336	HIVDB	10.2	2026-04-26	CAB	cabotegravir	cabotegravir	true	INSTI	IN	EXACT	CHEBI:172944	WCWSTNLSLKSJPK-LKFCYVNXSA-N	14	MAX(153F => 25, 153Y => 25)	2	0	25.0	25.0
hivdb_hivfacts:b59f1e49f332ffe4	be1c11a5145fea9073fdb71801919d4a34265336	HIVDB	10.2	2026-04-26	CAB	cabotegravir	cabotegravir	true	INSTI	IN	EXACT	CHEBI:172944	WCWSTNLSLKSJPK-LKFCYVNXSA-N	15	MAX(155H => 25, 155S => 10, 155T => 10)	3	0	10.0	25.0
hivdb_hivfacts:f15bc4034f6fe78e	be1c11a5145fea9073fdb71801919d4a34265336	HIVDB	10.2	2026-04-26	CAB	cabotegravir	cabotegravir	true	INSTI	IN	EXACT	CHEBI:172944	WCWSTNLSLKSJPK-LKFCYVNXSA-N	16	230R => 15	1	0	15.0	15.0
hivdb_hivfacts:e2549bebf2253947	be1c11a5145fea9073fdb71801919d4a34265336	HIVDB	10.2	2026-04-26	CAB	cabotegravir	cabotegravir	true	INSTI	IN	EXACT	CHEBI:172944	WCWSTNLSLKSJPK-LKFCYVNXSA-N	17	263K => 60	1	0	60.0	60.0
hivdb_hivfacts:9c04361e4a21d470	be1c11a5145fea9073fdb71801919d4a34265336	HIVDB	10.2	2026-04-26	CAB	cabotegravir	cabotegravir	true	INSTI	IN	EXACT	CHEBI:172944	WCWSTNLSLKSJPK-LKFCYVNXSA-N	18	49G AND 263K => 10	1	0	10.0	10.0
hivdb_hivfacts:8af73b0b21625a6c	be1c11a5145fea9073fdb71801919d4a34265336	HIVDB	10.2	2026-04-26	CAB	cabotegravir	cabotegravir	true	INSTI	IN	EXACT	CHEBI:172944	WCWSTNLSLKSJPK-LKFCYVNXSA-N	19	74F AND 75I => 10	1	0	10.0	10.0
hivdb_hivfacts:ab766dc685db2307	be1c11a5145fea9073fdb71801919d4a34265336	HIVDB	10.2	2026-04-26	CAB	cabotegravir	cabotegravir	true	INSTI	IN	EXACT	CHEBI:172944	WCWSTNLSLKSJPK-LKFCYVNXSA-N	20	74I AND 118R => 5	1	0	5.0	5.0
hivdb_hivfacts:5c1d970ab617aade	be1c11a5145fea9073fdb71801919d4a34265336	HIVDB	10.2	2026-04-26	CAB	cabotegravir	cabotegravir	true	INSTI	IN	EXACT	CHEBI:172944	WCWSTNLSLKSJPK-LKFCYVNXSA-N	21	MAX(74I AND 148HKR => 5, 74FM AND 148HKR => 15)	2	0	5.0	15.0
hivdb_hivfacts:bd3d7d9a900fc1f7	be1c11a5145fea9073fdb71801919d4a34265336	HIVDB	10.2	2026-04-26	CAB	cabotegravir	cabotegravir	true	INSTI	IN	EXACT	CHEBI:172944	WCWSTNLSLKSJPK-LKFCYVNXSA-N	22	74I AND 155H => 10	1	0	10.0	10.0
hivdb_hivfacts:f4fee07cd23b65d0	be1c11a5145fea9073fdb71801919d4a34265336	HIVDB	10.2	2026-04-26	CAB	cabotegravir	cabotegravir	true	INSTI	IN	EXACT	CHEBI:172944	WCWSTNLSLKSJPK-LKFCYVNXSA-N	23	75A AND 148HKR => 5	1	0	5.0	5.0
hivdb_hivfacts:49a7f82c5b773b3e	be1c11a5145fea9073fdb71801919d4a34265336	HIVDB	10.2	2026-04-26	CAB	cabotegravir	cabotegravir	true	INSTI	IN	EXACT	CHEBI:172944	WCWSTNLSLKSJPK-LKFCYVNXSA-N	24	138AKT AND 140ACS => 15	1	0	15.0	15.0
hivdb_hivfacts:7c5cf5157e0c7990	be1c11a5145fea9073fdb71801919d4a34265336	HIVDB	10.2	2026-04-26	CAB	cabotegravir	cabotegravir	true	INSTI	IN	EXACT	CHEBI:172944	WCWSTNLSLKSJPK-LKFCYVNXSA-N	25	138K AND 263K => 10	1	0	10.0	10.0
hivdb_hivfacts:517156a54ac0ba15	be1c11a5145fea9073fdb71801919d4a34265336	HIVDB	10.2	2026-04-26	CAB	cabotegravir	cabotegravir	true	INSTI	IN	EXACT	CHEBI:172944	WCWSTNLSLKSJPK-LKFCYVNXSA-N	26	147G AND 148HKR => 10	1	0	10.0	10.0
hivdb_hivfacts:7123783e62667dd7	be1c11a5145fea9073fdb71801919d4a34265336	HIVDB	10.2	2026-04-26	CAB	cabotegravir	cabotegravir	true	INSTI	IN	EXACT	CHEBI:172944	WCWSTNLSLKSJPK-LKFCYVNXSA-N	27	147G AND 155H => 15	1	0	15.0	15.0
hivdb_hivfacts:4e5c45a383450b15	be1c11a5145fea9073fdb71801919d4a34265336	HIVDB	10.2	2026-04-26	CAB	cabotegravir	cabotegravir	true	INSTI	IN	EXACT	CHEBI:172944	WCWSTNLSLKSJPK-LKFCYVNXSA-N	28	148HKR AND 149A => 10	1	0	10.0	10.0
hivdb_hivfacts:7b5a576ba89862c7	be1c11a5145fea9073fdb71801919d4a34265336	HIVDB	10.2	2026-04-26	CAB	cabotegravir	cabotegravir	true	INSTI	IN	EXACT	CHEBI:172944	WCWSTNLSLKSJPK-LKFCYVNXSA-N	29	148HKR AND 151I => 5	1	0	5.0	5.0
hivdb_hivfacts:5883c7915cc98bb8	be1c11a5145fea9073fdb71801919d4a34265336	HIVDB	10.2	2026-04-26	CAB	cabotegravir	cabotegravir	true	INSTI	IN	EXACT	CHEBI:172944	WCWSTNLSLKSJPK-LKFCYVNXSA-N	30	148HKR AND 163KR => 15	1	0	15.0	15.0
hivdb_hivfacts:6eb7330cfbf31ff5	be1c11a5145fea9073fdb71801919d4a34265336	HIVDB	10.2	2026-04-26	CAB	cabotegravir	cabotegravir	true	INSTI	IN	EXACT	CHEBI:172944	WCWSTNLSLKSJPK-LKFCYVNXSA-N	31	151I AND 155H => 10	1	0	10.0	10.0
hivdb_hivfacts:8a59c0f7129dbed9	be1c11a5145fea9073fdb71801919d4a34265336	HIVDB	10.2	2026-04-26	CAB	cabotegravir	cabotegravir	true	INSTI	IN	EXACT	CHEBI:172944	WCWSTNLSLKSJPK-LKFCYVNXSA-N	32	157Q AND 263K => 10	1	0	10.0	10.0
hivdb_hivfacts:6fc2fe6ae87de33f	be1c11a5145fea9073fdb71801919d4a34265336	HIVDB	10.2	2026-04-26	CAB	cabotegravir	cabotegravir	true	INSTI	IN	EXACT	CHEBI:172944	WCWSTNLSLKSJPK-LKFCYVNXSA-N	33	51Y AND 263K => 10	1	0	10.0	10.0
hivdb_hivfacts:7365ce86899ca480	be1c11a5145fea9073fdb71801919d4a34265336	HIVDB	10.2	2026-04-26	CAB	cabotegravir	cabotegravir	true	INSTI	IN	EXACT	CHEBI:172944	WCWSTNLSLKSJPK-LKFCYVNXSA-N	34	92Q AND 155H => 20	1	0	20.0	20.0
hivdb_hivfacts:abb9b548e6819424	be1c11a5145fea9073fdb71801919d4a34265336	HIVDB	10.2	2026-04-26	CAB	cabotegravir	cabotegravir	true	INSTI	IN	EXACT	CHEBI:172944	WCWSTNLSLKSJPK-LKFCYVNXSA-N	35	97A AND 148HKR => 20	1	0	20.0	20.0
hivdb_hivfacts:271fb63f2b52a1c1	be1c11a5145fea9073fdb71801919d4a34265336	HIVDB	10.2	2026-04-26	CAB	cabotegravir	cabotegravir	true	INSTI	IN	EXACT	CHEBI:172944	WCWSTNLSLKSJPK-LKFCYVNXSA-N	36	75A => 10	1	0	10.0	10.0
hivdb_hivfacts:0b14f994fe3fc2ec	be1c11a5145fea9073fdb71801919d4a34265336	HIVDB	10.2	2026-04-26	CAB	cabotegravir	cabotegravir	true	INSTI	IN	EXACT	CHEBI:172944	WCWSTNLSLKSJPK-LKFCYVNXSA-N	37	122N => 10	1	0	10.0	10.0
hivdb_hivfacts:269cb5f224e91f45	be1c11a5145fea9073fdb71801919d4a34265336	HIVDB	10.2	2026-04-26	CAB	cabotegravir	cabotegravir	true	INSTI	IN	EXACT	CHEBI:172944	WCWSTNLSLKSJPK-LKFCYVNXSA-N	38	MAX(143A => 5, 143C => 5, 143G => 5, 143H => 5, 143K => 5, 143R => 5, 143S => 5)	7	0	5.0	5.0
hivdb_hivfacts:de48d63d665730bc	be1c11a5145fea9073fdb71801919d4a34265336	HIVDB	10.2	2026-04-26	CAB	cabotegravir	cabotegravir	true	INSTI	IN	EXACT	CHEBI:172944	WCWSTNLSLKSJPK-LKFCYVNXSA-N	39	97A AND 143ACGHRS => 5	1	0	5.0	5.0
hivdb_hivfacts:0d2a7d480173695e	be1c11a5145fea9073fdb71801919d4a34265336	HIVDB	10.2	2026-04-26	DTG	dolutegravir	dolutegravir	true	INSTI	IN	EXACT	CHEBI:76010	RHWKPHLQXYSBKR-BMIGLBTASA-N	1	51Y => 10	1	0	10.0	10.0
hivdb_hivfacts:d686b572a693ad1c	be1c11a5145fea9073fdb71801919d4a34265336	HIVDB	10.2	2026-04-26	DTG	dolutegravir	dolutegravir	true	INSTI	IN	EXACT	CHEBI:76010	RHWKPHLQXYSBKR-BMIGLBTASA-N	2	MAX(66A => 5, 66I => 5, 66K => 15)	3	0	5.0	15.0
hivdb_hivfacts:05cbbfa654a3208e	be1c11a5145fea9073fdb71801919d4a34265336	HIVDB	10.2	2026-04-26	DTG	dolutegravir	dolutegravir	true	INSTI	IN	EXACT	CHEBI:76010	RHWKPHLQXYSBKR-BMIGLBTASA-N	3	MAX(74F => 5, 74M => 5)	2	0	5.0	5.0
hivdb_hivfacts:ec2fbfe856478e3a	be1c11a5145fea9073fdb71801919d4a34265336	HIVDB	10.2	2026-04-26	DTG	dolutegravir	dolutegravir	true	INSTI	IN	EXACT	CHEBI:76010	RHWKPHLQXYSBKR-BMIGLBTASA-N	4	92Q => 10	1	0	10.0	10.0
hivdb_hivfacts:af79e02fae4d474c	be1c11a5145fea9073fdb71801919d4a34265336	HIVDB	10.2	2026-04-26	DTG	dolutegravir	dolutegravir	true	INSTI	IN	EXACT	CHEBI:76010	RHWKPHLQXYSBKR-BMIGLBTASA-N	5	118R => 60	1	0	60.0	60.0
hivdb_hivfacts:0f20ce612de5e39c	be1c11a5145fea9073fdb71801919d4a34265336	HIVDB	10.2	2026-04-26	DTG	dolutegravir	dolutegravir	true	INSTI	IN	EXACT	CHEBI:76010	RHWKPHLQXYSBKR-BMIGLBTASA-N	6	MAX(121C => 15, 121Y => 10)	2	0	10.0	15.0
hivdb_hivfacts:be4e3fb9c0839110	be1c11a5145fea9073fdb71801919d4a34265336	HIVDB	10.2	2026-04-26	DTG	dolutegravir	dolutegravir	true	INSTI	IN	EXACT	CHEBI:76010	RHWKPHLQXYSBKR-BMIGLBTASA-N	7	MAX(138A => 10, 138K => 10, 138T => 10)	3	0	10.0	10.0
hivdb_hivfacts:b02a3f1a64ce248e	be1c11a5145fea9073fdb71801919d4a34265336	HIVDB	10.2	2026-04-26	DTG	dolutegravir	dolutegravir	true	INSTI	IN	EXACT	CHEBI:76010	RHWKPHLQXYSBKR-BMIGLBTASA-N	8	MAX(140A => 10, 140C => 10, 140R => 10, 140S => 10)	4	0	10.0	10.0
hivdb_hivfacts:17cb7c087edc9ab9	be1c11a5145fea9073fdb71801919d4a34265336	HIVDB	10.2	2026-04-26	DTG	dolutegravir	dolutegravir	true	INSTI	IN	EXACT	CHEBI:76010	RHWKPHLQXYSBKR-BMIGLBTASA-N	9	MAX(146I => 5, 146L => 5, 146P => 5, 146R => 5)	4	0	5.0	5.0
hivdb_hivfacts:b7a0acd4159292b0	be1c11a5145fea9073fdb71801919d4a34265336	HIVDB	10.2	2026-04-26	DTG	dolutegravir	dolutegravir	true	INSTI	IN	EXACT	CHEBI:76010	RHWKPHLQXYSBKR-BMIGLBTASA-N	10	147G => 10	1	0	10.0	10.0
hivdb_hivfacts:d1675a386750e7f0	be1c11a5145fea9073fdb71801919d4a34265336	HIVDB	10.2	2026-04-26	DTG	dolutegravir	dolutegravir	true	INSTI	IN	EXACT	CHEBI:76010	RHWKPHLQXYSBKR-BMIGLBTASA-N	11	MAX(148H => 25, 148K => 30, 148R => 25)	3	0	25.0	30.0
hivdb_hivfacts:65b3ba4cafa1d128	be1c11a5145fea9073fdb71801919d4a34265336	HIVDB	10.2	2026-04-26	DTG	dolutegravir	dolutegravir	true	INSTI	IN	EXACT	CHEBI:76010	RHWKPHLQXYSBKR-BMIGLBTASA-N	12	149A => 5	1	0	5.0	5.0
hivdb_hivfacts:274d7bf4232ab892	be1c11a5145fea9073fdb71801919d4a34265336	HIVDB	10.2	2026-04-26	DTG	dolutegravir	dolutegravir	true	INSTI	IN	EXACT	CHEBI:76010	RHWKPHLQXYSBKR-BMIGLBTASA-N	13	151L => 15	1	0	15.0	15.0
hivdb_hivfacts:2a2b8fa43d8eb9bc	be1c11a5145fea9073fdb71801919d4a34265336	HIVDB	10.2	2026-04-26	DTG	dolutegravir	dolutegravir	true	INSTI	IN	EXACT	CHEBI:76010	RHWKPHLQXYSBKR-BMIGLBTASA-N	14	MAX(153F => 15, 153Y => 15)	2	0	15.0	15.0
hivdb_hivfacts:0a74e37759b373a5	be1c11a5145fea9073fdb71801919d4a34265336	HIVDB	10.2	2026-04-26	DTG	dolutegravir	dolutegravir	true	INSTI	IN	EXACT	CHEBI:76010	RHWKPHLQXYSBKR-BMIGLBTASA-N	15	155H => 10	1	0	10.0	10.0
hivdb_hivfacts:05cbfdb2a5b32b9d	be1c11a5145fea9073fdb71801919d4a34265336	HIVDB	10.2	2026-04-26	DTG	dolutegravir	dolutegravir	true	INSTI	IN	EXACT	CHEBI:76010	RHWKPHLQXYSBKR-BMIGLBTASA-N	16	230R => 10	1	0	10.0	10.0
hivdb_hivfacts:a5a66a97c41445e9	be1c11a5145fea9073fdb71801919d4a34265336	HIVDB	10.2	2026-04-26	DTG	dolutegravir	dolutegravir	true	INSTI	IN	EXACT	CHEBI:76010	RHWKPHLQXYSBKR-BMIGLBTASA-N	17	263K => 30	1	0	30.0	30.0
hivdb_hivfacts:7d938c0ff18a562a	be1c11a5145fea9073fdb71801919d4a34265336	HIVDB	10.2	2026-04-26	DTG	dolutegravir	dolutegravir	true	INSTI	IN	EXACT	CHEBI:76010	RHWKPHLQXYSBKR-BMIGLBTASA-N	18	49G AND 263K => 10	1	0	10.0	10.0
hivdb_hivfacts:82c7fa0f53afb4f1	be1c11a5145fea9073fdb71801919d4a34265336	HIVDB	10.2	2026-04-26	DTG	dolutegravir	dolutegravir	true	INSTI	IN	EXACT	CHEBI:76010	RHWKPHLQXYSBKR-BMIGLBTASA-N	19	74F AND 75I => 10	1	0	10.0	10.0
hivdb_hivfacts:50e8ffd6b48e0a9b	be1c11a5145fea9073fdb71801919d4a34265336	HIVDB	10.2	2026-04-26	DTG	dolutegravir	dolutegravir	true	INSTI	IN	EXACT	CHEBI:76010	RHWKPHLQXYSBKR-BMIGLBTASA-N	20	74I AND 118R => 5	1	0	5.0	5.0
hivdb_hivfacts:ec00a8133a723b74	be1c11a5145fea9073fdb71801919d4a34265336	HIVDB	10.2	2026-04-26	DTG	dolutegravir	dolutegravir	true	INSTI	IN	EXACT	CHEBI:76010	RHWKPHLQXYSBKR-BMIGLBTASA-N	21	MAX(74I AND 148HKR => 5, 74FM AND 148HKR => 15)	2	0	5.0	15.0
hivdb_hivfacts:46cb82a3145d7d7b	be1c11a5145fea9073fdb71801919d4a34265336	HIVDB	10.2	2026-04-26	DTG	dolutegravir	dolutegravir	true	INSTI	IN	EXACT	CHEBI:76010	RHWKPHLQXYSBKR-BMIGLBTASA-N	22	74I AND 155H => 5	1	0	5.0	5.0
hivdb_hivfacts:a58203c2c81c922b	be1c11a5145fea9073fdb71801919d4a34265336	HIVDB	10.2	2026-04-26	DTG	dolutegravir	dolutegravir	true	INSTI	IN	EXACT	CHEBI:76010	RHWKPHLQXYSBKR-BMIGLBTASA-N	23	75A AND 148HKR => 5	1	0	5.0	5.0
hivdb_hivfacts:a00e95f40b8adbdf	be1c11a5145fea9073fdb71801919d4a34265336	HIVDB	10.2	2026-04-26	DTG	dolutegravir	dolutegravir	true	INSTI	IN	EXACT	CHEBI:76010	RHWKPHLQXYSBKR-BMIGLBTASA-N	24	122N AND 148HKR => 5	1	0	5.0	5.0
hivdb_hivfacts:c73b065cbe89edb0	be1c11a5145fea9073fdb71801919d4a34265336	HIVDB	10.2	2026-04-26	DTG	dolutegravir	dolutegravir	true	INSTI	IN	EXACT	CHEBI:76010	RHWKPHLQXYSBKR-BMIGLBTASA-N	25	138AKT AND 140ACS => 10	1	0	10.0	10.0
hivdb_hivfacts:7bc5fe1b20f74c5e	be1c11a5145fea9073fdb71801919d4a34265336	HIVDB	10.2	2026-04-26	DTG	dolutegravir	dolutegravir	true	INSTI	IN	EXACT	CHEBI:76010	RHWKPHLQXYSBKR-BMIGLBTASA-N	26	138AKT AND 148HKR => 10	1	0	10.0	10.0
hivdb_hivfacts:d984d4b22989cb90	be1c11a5145fea9073fdb71801919d4a34265336	HIVDB	10.2	2026-04-26	DTG	dolutegravir	dolutegravir	true	INSTI	IN	EXACT	CHEBI:76010	RHWKPHLQXYSBKR-BMIGLBTASA-N	27	138K AND 263K => 10	1	0	10.0	10.0
hivdb_hivfacts:2ee1733de465f7bd	be1c11a5145fea9073fdb71801919d4a34265336	HIVDB	10.2	2026-04-26	DTG	dolutegravir	dolutegravir	true	INSTI	IN	EXACT	CHEBI:76010	RHWKPHLQXYSBKR-BMIGLBTASA-N	28	140ACS AND 148HKR => 10	1	0	10.0	10.0
hivdb_hivfacts:adc300e0498f69ec	be1c11a5145fea9073fdb71801919d4a34265336	HIVDB	10.2	2026-04-26	DTG	dolutegravir	dolutegravir	true	INSTI	IN	EXACT	CHEBI:76010	RHWKPHLQXYSBKR-BMIGLBTASA-N	29	147G AND 148HKR => 10	1	0	10.0	10.0
hivdb_hivfacts:76f7163c4b617d9a	be1c11a5145fea9073fdb71801919d4a34265336	HIVDB	10.2	2026-04-26	DTG	dolutegravir	dolutegravir	true	INSTI	IN	EXACT	CHEBI:76010	RHWKPHLQXYSBKR-BMIGLBTASA-N	30	147G AND 155H => 10	1	0	10.0	10.0
hivdb_hivfacts:89bdc461c75ec143	be1c11a5145fea9073fdb71801919d4a34265336	HIVDB	10.2	2026-04-26	DTG	dolutegravir	dolutegravir	true	INSTI	IN	EXACT	CHEBI:76010	RHWKPHLQXYSBKR-BMIGLBTASA-N	31	148HKR AND 149A => 10	1	0	10.0	10.0
hivdb_hivfacts:55e71612f7cab96e	be1c11a5145fea9073fdb71801919d4a34265336	HIVDB	10.2	2026-04-26	DTG	dolutegravir	dolutegravir	true	INSTI	IN	EXACT	CHEBI:76010	RHWKPHLQXYSBKR-BMIGLBTASA-N	32	148HKR AND 151I => 5	1	0	5.0	5.0
hivdb_hivfacts:b27a4eb3156add23	be1c11a5145fea9073fdb71801919d4a34265336	HIVDB	10.2	2026-04-26	DTG	dolutegravir	dolutegravir	true	INSTI	IN	EXACT	CHEBI:76010	RHWKPHLQXYSBKR-BMIGLBTASA-N	33	148HKR AND 155H => 20	1	0	20.0	20.0
hivdb_hivfacts:98e905b28a0c589d	be1c11a5145fea9073fdb71801919d4a34265336	HIVDB	10.2	2026-04-26	DTG	dolutegravir	dolutegravir	true	INSTI	IN	EXACT	CHEBI:76010	RHWKPHLQXYSBKR-BMIGLBTASA-N	34	148HKR AND 163KR => 5	1	0	5.0	5.0
hivdb_hivfacts:178f64a2c1448ddd	be1c11a5145fea9073fdb71801919d4a34265336	HIVDB	10.2	2026-04-26	DTG	dolutegravir	dolutegravir	true	INSTI	IN	EXACT	CHEBI:76010	RHWKPHLQXYSBKR-BMIGLBTASA-N	35	151I AND 155H => 5	1	0	5.0	5.0
hivdb_hivfacts:f6e8ff9c6b367f5f	be1c11a5145fea9073fdb71801919d4a34265336	HIVDB	10.2	2026-04-26	DTG	dolutegravir	dolutegravir	true	INSTI	IN	EXACT	CHEBI:76010	RHWKPHLQXYSBKR-BMIGLBTASA-N	36	155H AND 263K => 20	1	0	20.0	20.0
hivdb_hivfacts:5a48a77d8a8949ce	be1c11a5145fea9073fdb71801919d4a34265336	HIVDB	10.2	2026-04-26	DTG	dolutegravir	dolutegravir	true	INSTI	IN	EXACT	CHEBI:76010	RHWKPHLQXYSBKR-BMIGLBTASA-N	37	157Q AND 263K => 10	1	0	10.0	10.0
hivdb_hivfacts:2eb5bb3016ef8f0d	be1c11a5145fea9073fdb71801919d4a34265336	HIVDB	10.2	2026-04-26	DTG	dolutegravir	dolutegravir	true	INSTI	IN	EXACT	CHEBI:76010	RHWKPHLQXYSBKR-BMIGLBTASA-N	38	51Y AND 263K => 10	1	0	10.0	10.0
hivdb_hivfacts:744830b5314b2b04	be1c11a5145fea9073fdb71801919d4a34265336	HIVDB	10.2	2026-04-26	DTG	dolutegravir	dolutegravir	true	INSTI	IN	EXACT	CHEBI:76010	RHWKPHLQXYSBKR-BMIGLBTASA-N	39	92Q AND 155H => 10	1	0	10.0	10.0
hivdb_hivfacts:8e12356ad26896d6	be1c11a5145fea9073fdb71801919d4a34265336	HIVDB	10.2	2026-04-26	DTG	dolutegravir	dolutegravir	true	INSTI	IN	EXACT	CHEBI:76010	RHWKPHLQXYSBKR-BMIGLBTASA-N	40	97A AND 148HKR => 15	1	0	15.0	15.0
hivdb_hivfacts:e465f4aa0ac2e7f9	be1c11a5145fea9073fdb71801919d4a34265336	HIVDB	10.2	2026-04-26	EVG	elvitegravir	elvitegravir	true	INSTI	IN	EXACT	CHEBI:72289	JUZYLCPPVHEVSV-LJQANCHMSA-N	1	51Y => 15	1	0	15.0	15.0
hivdb_hivfacts:8643d625e4872dcf	be1c11a5145fea9073fdb71801919d4a34265336	HIVDB	10.2	2026-04-26	EVG	elvitegravir	elvitegravir	true	INSTI	IN	EXACT	CHEBI:72289	JUZYLCPPVHEVSV-LJQANCHMSA-N	2	MAX(66A => 60, 66I => 60, 66K => 60)	3	0	60.0	60.0
hivdb_hivfacts:dd6c94dcb0b5997c	be1c11a5145fea9073fdb71801919d4a34265336	HIVDB	10.2	2026-04-26	EVG	elvitegravir	elvitegravir	true	INSTI	IN	EXACT	CHEBI:72289	JUZYLCPPVHEVSV-LJQANCHMSA-N	3	MAX(74F => 5, 74M => 5)	2	0	5.0	5.0
hivdb_hivfacts:d77775ff7accfbc9	be1c11a5145fea9073fdb71801919d4a34265336	HIVDB	10.2	2026-04-26	EVG	elvitegravir	elvitegravir	true	INSTI	IN	EXACT	CHEBI:72289	JUZYLCPPVHEVSV-LJQANCHMSA-N	4	MAX(92Q => 60, 92G => 30, 92V => 60)	3	0	30.0	60.0
hivdb_hivfacts:4fea458689a5d2c5	be1c11a5145fea9073fdb71801919d4a34265336	HIVDB	10.2	2026-04-26	EVG	elvitegravir	elvitegravir	true	INSTI	IN	EXACT	CHEBI:72289	JUZYLCPPVHEVSV-LJQANCHMSA-N	5	118R => 60	1	0	60.0	60.0
hivdb_hivfacts:d5fbf77b2bb83304	be1c11a5145fea9073fdb71801919d4a34265336	HIVDB	10.2	2026-04-26	EVG	elvitegravir	elvitegravir	true	INSTI	IN	EXACT	CHEBI:72289	JUZYLCPPVHEVSV-LJQANCHMSA-N	6	MAX(121C => 60, 121Y => 60)	2	0	60.0	60.0
hivdb_hivfacts:15bebc99fcbcd391	be1c11a5145fea9073fdb71801919d4a34265336	HIVDB	10.2	2026-04-26	EVG	elvitegravir	elvitegravir	true	INSTI	IN	EXACT	CHEBI:72289	JUZYLCPPVHEVSV-LJQANCHMSA-N	7	MAX(138A => 15, 138K => 15, 138T => 15)	3	0	15.0	15.0
hivdb_hivfacts:55423503ed3f2973	be1c11a5145fea9073fdb71801919d4a34265336	HIVDB	10.2	2026-04-26	EVG	elvitegravir	elvitegravir	true	INSTI	IN	EXACT	CHEBI:72289	JUZYLCPPVHEVSV-LJQANCHMSA-N	8	MAX(140A => 30, 140C => 30, 140R => 30, 140S => 30)	4	0	30.0	30.0
hivdb_hivfacts:c530a84be2bb863e	be1c11a5145fea9073fdb71801919d4a34265336	HIVDB	10.2	2026-04-26	EVG	elvitegravir	elvitegravir	true	INSTI	IN	EXACT	CHEBI:72289	JUZYLCPPVHEVSV-LJQANCHMSA-N	9	MAX(146I => 60, 146L => 30, 146P => 60, 146R => 5)	4	0	5.0	60.0
hivdb_hivfacts:81cb460723aa113c	be1c11a5145fea9073fdb71801919d4a34265336	HIVDB	10.2	2026-04-26	EVG	elvitegravir	elvitegravir	true	INSTI	IN	EXACT	CHEBI:72289	JUZYLCPPVHEVSV-LJQANCHMSA-N	10	147G => 60	1	0	60.0	60.0
hivdb_hivfacts:ccc58d11c4b5760a	be1c11a5145fea9073fdb71801919d4a34265336	HIVDB	10.2	2026-04-26	EVG	elvitegravir	elvitegravir	true	INSTI	IN	EXACT	CHEBI:72289	JUZYLCPPVHEVSV-LJQANCHMSA-N	11	MAX(148H => 60, 148K => 60, 148R => 60, 148N => 10)	4	0	10.0	60.0
hivdb_hivfacts:c1b85e6d42e61b13	be1c11a5145fea9073fdb71801919d4a34265336	HIVDB	10.2	2026-04-26	EVG	elvitegravir	elvitegravir	true	INSTI	IN	EXACT	CHEBI:72289	JUZYLCPPVHEVSV-LJQANCHMSA-N	12	149A => 5	1	0	5.0	5.0
hivdb_hivfacts:d0cfa0fde45f100b	be1c11a5145fea9073fdb71801919d4a34265336	HIVDB	10.2	2026-04-26	EVG	elvitegravir	elvitegravir	true	INSTI	IN	EXACT	CHEBI:72289	JUZYLCPPVHEVSV-LJQANCHMSA-N	13	MAX(151L => 60, 151A => 30, 151I => 5)	3	0	5.0	60.0
hivdb_hivfacts:6b4b4810a0353c16	be1c11a5145fea9073fdb71801919d4a34265336	HIVDB	10.2	2026-04-26	EVG	elvitegravir	elvitegravir	true	INSTI	IN	EXACT	CHEBI:72289	JUZYLCPPVHEVSV-LJQANCHMSA-N	14	MAX(153F => 25, 153Y => 25)	2	0	25.0	25.0
hivdb_hivfacts:d258c2efc463c066	be1c11a5145fea9073fdb71801919d4a34265336	HIVDB	10.2	2026-04-26	EVG	elvitegravir	elvitegravir	true	INSTI	IN	EXACT	CHEBI:72289	JUZYLCPPVHEVSV-LJQANCHMSA-N	15	MAX(155H => 60, 155S => 30, 155T => 30)	3	0	30.0	60.0
hivdb_hivfacts:d27539c18206d081	be1c11a5145fea9073fdb71801919d4a34265336	HIVDB	10.2	2026-04-26	EVG	elvitegravir	elvitegravir	true	INSTI	IN	EXACT	CHEBI:72289	JUZYLCPPVHEVSV-LJQANCHMSA-N	16	230R => 20	1	0	20.0	20.0
hivdb_hivfacts:73fd7195ba9dffe0	be1c11a5145fea9073fdb71801919d4a34265336	HIVDB	10.2	2026-04-26	EVG	elvitegravir	elvitegravir	true	INSTI	IN	EXACT	CHEBI:72289	JUZYLCPPVHEVSV-LJQANCHMSA-N	17	263K => 30	1	0	30.0	30.0
hivdb_hivfacts:c229be28a9a4ebf1	be1c11a5145fea9073fdb71801919d4a34265336	HIVDB	10.2	2026-04-26	EVG	elvitegravir	elvitegravir	true	INSTI	IN	EXACT	CHEBI:72289	JUZYLCPPVHEVSV-LJQANCHMSA-N	18	49G AND 263K => 10	1	0	10.0	10.0
hivdb_hivfacts:c60dd8b6d45c234b	be1c11a5145fea9073fdb71801919d4a34265336	HIVDB	10.2	2026-04-26	EVG	elvitegravir	elvitegravir	true	INSTI	IN	EXACT	CHEBI:72289	JUZYLCPPVHEVSV-LJQANCHMSA-N	19	74F AND 75I => 10	1	0	10.0	10.0
hivdb_hivfacts:325d9b2e5c89f78d	be1c11a5145fea9073fdb71801919d4a34265336	HIVDB	10.2	2026-04-26	EVG	elvitegravir	elvitegravir	true	INSTI	IN	EXACT	CHEBI:72289	JUZYLCPPVHEVSV-LJQANCHMSA-N	20	74FM AND 148HKR => 15	1	0	15.0	15.0
hivdb_hivfacts:990ff2e0766486e4	be1c11a5145fea9073fdb71801919d4a34265336	HIVDB	10.2	2026-04-26	EVG	elvitegravir	elvitegravir	true	INSTI	IN	EXACT	CHEBI:72289	JUZYLCPPVHEVSV-LJQANCHMSA-N	21	138AKT AND 140ACS => 15	1	0	15.0	15.0
hivdb_hivfacts:af80c8fa067587dc	be1c11a5145fea9073fdb71801919d4a34265336	HIVDB	10.2	2026-04-26	EVG	elvitegravir	elvitegravir	true	INSTI	IN	EXACT	CHEBI:72289	JUZYLCPPVHEVSV-LJQANCHMSA-N	22	138K AND 263K => 10	1	0	10.0	10.0
hivdb_hivfacts:7423428e9e021ba9	be1c11a5145fea9073fdb71801919d4a34265336	HIVDB	10.2	2026-04-26	EVG	elvitegravir	elvitegravir	true	INSTI	IN	EXACT	CHEBI:72289	JUZYLCPPVHEVSV-LJQANCHMSA-N	23	51Y AND 263K => 15	1	0	15.0	15.0
hivdb_hivfacts:07db93facd0cb6c5	be1c11a5145fea9073fdb71801919d4a34265336	HIVDB	10.2	2026-04-26	EVG	elvitegravir	elvitegravir	true	INSTI	IN	EXACT	CHEBI:72289	JUZYLCPPVHEVSV-LJQANCHMSA-N	24	92Q AND 155H => 10	1	0	10.0	10.0
hivdb_hivfacts:6cb14a07f4173f62	be1c11a5145fea9073fdb71801919d4a34265336	HIVDB	10.2	2026-04-26	EVG	elvitegravir	elvitegravir	true	INSTI	IN	EXACT	CHEBI:72289	JUZYLCPPVHEVSV-LJQANCHMSA-N	25	MAX(143A => 10, 143C => 10, 143G => 10, 143H => 10, 143K => 10, 143R => 10, 143S => 10)	7	0	10.0	10.0
hivdb_hivfacts:7d94ba921bff3dbb	be1c11a5145fea9073fdb71801919d4a34265336	HIVDB	10.2	2026-04-26	EVG	elvitegravir	elvitegravir	true	INSTI	IN	EXACT	CHEBI:72289	JUZYLCPPVHEVSV-LJQANCHMSA-N	26	97A AND 143ACGHRS => 5	1	0	5.0	5.0
hivdb_hivfacts:d62a94dabc4e2d6a	be1c11a5145fea9073fdb71801919d4a34265336	HIVDB	10.2	2026-04-26	EVG	elvitegravir	elvitegravir	true	INSTI	IN	EXACT	CHEBI:72289	JUZYLCPPVHEVSV-LJQANCHMSA-N	27	95K => 10	1	0	10.0	10.0
hivdb_hivfacts:1486bcf07827fa6a	be1c11a5145fea9073fdb71801919d4a34265336	HIVDB	10.2	2026-04-26	EVG	elvitegravir	elvitegravir	true	INSTI	IN	EXACT	CHEBI:72289	JUZYLCPPVHEVSV-LJQANCHMSA-N	28	97A => 10	1	0	10.0	10.0
hivdb_hivfacts:94bf76fd2a4dbd22	be1c11a5145fea9073fdb71801919d4a34265336	HIVDB	10.2	2026-04-26	EVG	elvitegravir	elvitegravir	true	INSTI	IN	EXACT	CHEBI:72289	JUZYLCPPVHEVSV-LJQANCHMSA-N	29	145S => 60	1	0	60.0	60.0
hivdb_hivfacts:f98cf7a9d3b10a76	be1c11a5145fea9073fdb71801919d4a34265336	HIVDB	10.2	2026-04-26	EVG	elvitegravir	elvitegravir	true	INSTI	IN	EXACT	CHEBI:72289	JUZYLCPPVHEVSV-LJQANCHMSA-N	30	157Q => 10	1	0	10.0	10.0
hivdb_hivfacts:b775e1c1feeda25f	be1c11a5145fea9073fdb71801919d4a34265336	HIVDB	10.2	2026-04-26	EVG	elvitegravir	elvitegravir	true	INSTI	IN	EXACT	CHEBI:72289	JUZYLCPPVHEVSV-LJQANCHMSA-N	31	MAX(163K => 15, 163R => 15)	2	0	15.0	15.0
hivdb_hivfacts:7e63a9973ee85da6	be1c11a5145fea9073fdb71801919d4a34265336	HIVDB	10.2	2026-04-26	EVG	elvitegravir	elvitegravir	true	INSTI	IN	EXACT	CHEBI:72289	JUZYLCPPVHEVSV-LJQANCHMSA-N	32	232N => 10	1	0	10.0	10.0
hivdb_hivfacts:3ef978d1846b3f72	be1c11a5145fea9073fdb71801919d4a34265336	HIVDB	10.2	2026-04-26	EVG	elvitegravir	elvitegravir	true	INSTI	IN	EXACT	CHEBI:72289	JUZYLCPPVHEVSV-LJQANCHMSA-N	33	143ACGHRS AND 163R => 10	1	0	10.0	10.0
hivdb_hivfacts:125a3aae32c6fe5f	be1c11a5145fea9073fdb71801919d4a34265336	HIVDB	10.2	2026-04-26	EVG	elvitegravir	elvitegravir	true	INSTI	IN	EXACT	CHEBI:72289	JUZYLCPPVHEVSV-LJQANCHMSA-N	34	143ACGHRS AND 230R => 10	1	0	10.0	10.0
hivdb_hivfacts:fde072ae97f3d663	be1c11a5145fea9073fdb71801919d4a34265336	HIVDB	10.2	2026-04-26	RAL	raltegravir	raltegravir	true	INSTI	IN	EXACT	CHEBI:82960	CZFFBEXEKNGXKS-UHFFFAOYSA-N	1	51Y => 15	1	0	15.0	15.0
hivdb_hivfacts:1bab4d9ed3a1235e	be1c11a5145fea9073fdb71801919d4a34265336	HIVDB	10.2	2026-04-26	RAL	raltegravir	raltegravir	true	INSTI	IN	EXACT	CHEBI:82960	CZFFBEXEKNGXKS-UHFFFAOYSA-N	2	MAX(66A => 15, 66I => 15, 66K => 60)	3	0	15.0	60.0
hivdb_hivfacts:dd9e2d04c68efc17	be1c11a5145fea9073fdb71801919d4a34265336	HIVDB	10.2	2026-04-26	RAL	raltegravir	raltegravir	true	INSTI	IN	EXACT	CHEBI:82960	CZFFBEXEKNGXKS-UHFFFAOYSA-N	3	MAX(74F => 5, 74M => 5)	2	0	5.0	5.0
hivdb_hivfacts:cb55d029e0c6382a	be1c11a5145fea9073fdb71801919d4a34265336	HIVDB	10.2	2026-04-26	RAL	raltegravir	raltegravir	true	INSTI	IN	EXACT	CHEBI:82960	CZFFBEXEKNGXKS-UHFFFAOYSA-N	4	MAX(92Q => 30, 92G => 15, 92V => 30)	3	0	15.0	30.0
hivdb_hivfacts:32fdcbbbb19e8b99	be1c11a5145fea9073fdb71801919d4a34265336	HIVDB	10.2	2026-04-26	RAL	raltegravir	raltegravir	true	INSTI	IN	EXACT	CHEBI:82960	CZFFBEXEKNGXKS-UHFFFAOYSA-N	5	118R => 60	1	0	60.0	60.0
hivdb_hivfacts:8f590b529f3241ff	be1c11a5145fea9073fdb71801919d4a34265336	HIVDB	10.2	2026-04-26	RAL	raltegravir	raltegravir	true	INSTI	IN	EXACT	CHEBI:82960	CZFFBEXEKNGXKS-UHFFFAOYSA-N	6	MAX(121C => 60, 121Y => 60)	2	0	60.0	60.0
hivdb_hivfacts:fc77a63576357720	be1c11a5145fea9073fdb71801919d4a34265336	HIVDB	10.2	2026-04-26	RAL	raltegravir	raltegravir	true	INSTI	IN	EXACT	CHEBI:82960	CZFFBEXEKNGXKS-UHFFFAOYSA-N	7	MAX(138A => 15, 138K => 15, 138T => 15)	3	0	15.0	15.0
hivdb_hivfacts:41cf04d9b913a51b	be1c11a5145fea9073fdb71801919d4a34265336	HIVDB	10.2	2026-04-26	RAL	raltegravir	raltegravir	true	INSTI	IN	EXACT	CHEBI:82960	CZFFBEXEKNGXKS-UHFFFAOYSA-N	8	MAX(140A => 30, 140C => 30, 140R => 30, 140S => 30)	4	0	30.0	30.0
hivdb_hivfacts:a4117f9ff9b3d5cd	be1c11a5145fea9073fdb71801919d4a34265336	HIVDB	10.2	2026-04-26	RAL	raltegravir	raltegravir	true	INSTI	IN	EXACT	CHEBI:82960	CZFFBEXEKNGXKS-UHFFFAOYSA-N	9	MAX(146I => 15, 146R => 5)	2	0	5.0	15.0
hivdb_hivfacts:363d714115527b9e	be1c11a5145fea9073fdb71801919d4a34265336	HIVDB	10.2	2026-04-26	RAL	raltegravir	raltegravir	true	INSTI	IN	EXACT	CHEBI:82960	CZFFBEXEKNGXKS-UHFFFAOYSA-N	10	147G => 10	1	0	10.0	10.0
hivdb_hivfacts:e7240988ac3be813	be1c11a5145fea9073fdb71801919d4a34265336	HIVDB	10.2	2026-04-26	RAL	raltegravir	raltegravir	true	INSTI	IN	EXACT	CHEBI:82960	CZFFBEXEKNGXKS-UHFFFAOYSA-N	11	MAX(148H => 60, 148K => 60, 148R => 60, 148N => 10)	4	0	10.0	60.0
hivdb_hivfacts:fc809be437027740	be1c11a5145fea9073fdb71801919d4a34265336	HIVDB	10.2	2026-04-26	RAL	raltegravir	raltegravir	true	INSTI	IN	EXACT	CHEBI:82960	CZFFBEXEKNGXKS-UHFFFAOYSA-N	12	149A => 5	1	0	5.0	5.0
hivdb_hivfacts:9a6648e45836b6d3	be1c11a5145fea9073fdb71801919d4a34265336	HIVDB	10.2	2026-04-26	RAL	raltegravir	raltegravir	true	INSTI	IN	EXACT	CHEBI:82960	CZFFBEXEKNGXKS-UHFFFAOYSA-N	13	MAX(151L => 30, 151A => 15, 151I => 5)	3	0	5.0	30.0
hivdb_hivfacts:5b21e500b0023317	be1c11a5145fea9073fdb71801919d4a34265336	HIVDB	10.2	2026-04-26	RAL	raltegravir	raltegravir	true	INSTI	IN	EXACT	CHEBI:82960	CZFFBEXEKNGXKS-UHFFFAOYSA-N	14	MAX(153F => 10, 153Y => 10)	2	0	10.0	10.0
hivdb_hivfacts:e248f4342dc6a753	be1c11a5145fea9073fdb71801919d4a34265336	HIVDB	10.2	2026-04-26	RAL	raltegravir	raltegravir	true	INSTI	IN	EXACT	CHEBI:82960	CZFFBEXEKNGXKS-UHFFFAOYSA-N	15	MAX(155H => 60, 155S => 30, 155T => 30)	3	0	30.0	60.0
hivdb_hivfacts:0aafe4d5ecffe366	be1c11a5145fea9073fdb71801919d4a34265336	HIVDB	10.2	2026-04-26	RAL	raltegravir	raltegravir	true	INSTI	IN	EXACT	CHEBI:82960	CZFFBEXEKNGXKS-UHFFFAOYSA-N	16	230R => 20	1	0	20.0	20.0
hivdb_hivfacts:2cd26ddf1fc91e42	be1c11a5145fea9073fdb71801919d4a34265336	HIVDB	10.2	2026-04-26	RAL	raltegravir	raltegravir	true	INSTI	IN	EXACT	CHEBI:82960	CZFFBEXEKNGXKS-UHFFFAOYSA-N	17	263K => 15	1	0	15.0	15.0
hivdb_hivfacts:c1919179ef1b7281	be1c11a5145fea9073fdb71801919d4a34265336	HIVDB	10.2	2026-04-26	RAL	raltegravir	raltegravir	true	INSTI	IN	EXACT	CHEBI:82960	CZFFBEXEKNGXKS-UHFFFAOYSA-N	18	49G AND 263K => 10	1	0	10.0	10.0
hivdb_hivfacts:65a583cc10bedadb	be1c11a5145fea9073fdb71801919d4a34265336	HIVDB	10.2	2026-04-26	RAL	raltegravir	raltegravir	true	INSTI	IN	EXACT	CHEBI:82960	CZFFBEXEKNGXKS-UHFFFAOYSA-N	19	66I AND 118R => 5	1	0	5.0	5.0
hivdb_hivfacts:5ad1b34fd60113c9	be1c11a5145fea9073fdb71801919d4a34265336	HIVDB	10.2	2026-04-26	RAL	raltegravir	raltegravir	true	INSTI	IN	EXACT	CHEBI:82960	CZFFBEXEKNGXKS-UHFFFAOYSA-N	20	74F AND 75I => 10	1	0	10.0	10.0
hivdb_hivfacts:2d0293eddb96f84d	be1c11a5145fea9073fdb71801919d4a34265336	HIVDB	10.2	2026-04-26	RAL	raltegravir	raltegravir	true	INSTI	IN	EXACT	CHEBI:82960	CZFFBEXEKNGXKS-UHFFFAOYSA-N	21	74FM AND 118R => 10	1	0	10.0	10.0
hivdb_hivfacts:9ba3d6934dee7f5f	be1c11a5145fea9073fdb71801919d4a34265336	HIVDB	10.2	2026-04-26	RAL	raltegravir	raltegravir	true	INSTI	IN	EXACT	CHEBI:82960	CZFFBEXEKNGXKS-UHFFFAOYSA-N	22	74FM AND 148HKR => 15	1	0	15.0	15.0
hivdb_hivfacts:f19258d92adfc847	be1c11a5145fea9073fdb71801919d4a34265336	HIVDB	10.2	2026-04-26	RAL	raltegravir	raltegravir	true	INSTI	IN	EXACT	CHEBI:82960	CZFFBEXEKNGXKS-UHFFFAOYSA-N	23	75A AND 118R => 10	1	0	10.0	10.0
hivdb_hivfacts:35777141a845235a	be1c11a5145fea9073fdb71801919d4a34265336	HIVDB	10.2	2026-04-26	RAL	raltegravir	raltegravir	true	INSTI	IN	EXACT	CHEBI:82960	CZFFBEXEKNGXKS-UHFFFAOYSA-N	24	118R AND 138AKT => 10	1	0	10.0	10.0
hivdb_hivfacts:409b60023885c8f9	be1c11a5145fea9073fdb71801919d4a34265336	HIVDB	10.2	2026-04-26	RAL	raltegravir	raltegravir	true	INSTI	IN	EXACT	CHEBI:82960	CZFFBEXEKNGXKS-UHFFFAOYSA-N	25	138AKT AND 140ACS => 15	1	0	15.0	15.0
hivdb_hivfacts:8b6db7871a5444da	be1c11a5145fea9073fdb71801919d4a34265336	HIVDB	10.2	2026-04-26	RAL	raltegravir	raltegravir	true	INSTI	IN	EXACT	CHEBI:82960	CZFFBEXEKNGXKS-UHFFFAOYSA-N	26	138K AND 263K => 10	1	0	10.0	10.0
hivdb_hivfacts:9586f608943d78b5	be1c11a5145fea9073fdb71801919d4a34265336	HIVDB	10.2	2026-04-26	RAL	raltegravir	raltegravir	true	INSTI	IN	EXACT	CHEBI:82960	CZFFBEXEKNGXKS-UHFFFAOYSA-N	27	157Q AND 263K => 10	1	0	10.0	10.0
hivdb_hivfacts:5e6d707b3a44c98c	be1c11a5145fea9073fdb71801919d4a34265336	HIVDB	10.2	2026-04-26	RAL	raltegravir	raltegravir	true	INSTI	IN	EXACT	CHEBI:82960	CZFFBEXEKNGXKS-UHFFFAOYSA-N	28	92Q AND 155H => 10	1	0	10.0	10.0
hivdb_hivfacts:82527780398ae600	be1c11a5145fea9073fdb71801919d4a34265336	HIVDB	10.2	2026-04-26	RAL	raltegravir	raltegravir	true	INSTI	IN	EXACT	CHEBI:82960	CZFFBEXEKNGXKS-UHFFFAOYSA-N	29	97A AND 118R => 10	1	0	10.0	10.0
hivdb_hivfacts:d850cb6858772288	be1c11a5145fea9073fdb71801919d4a34265336	HIVDB	10.2	2026-04-26	RAL	raltegravir	raltegravir	true	INSTI	IN	EXACT	CHEBI:82960	CZFFBEXEKNGXKS-UHFFFAOYSA-N	30	MAX(143A => 60, 143C => 60, 143G => 60, 143H => 60, 143K => 60, 143R => 60, 143S => 60)	7	0	60.0	60.0
hivdb_hivfacts:ae4999cf9b84f753	be1c11a5145fea9073fdb71801919d4a34265336	HIVDB	10.2	2026-04-26	RAL	raltegravir	raltegravir	true	INSTI	IN	EXACT	CHEBI:82960	CZFFBEXEKNGXKS-UHFFFAOYSA-N	31	95K => 10	1	0	10.0	10.0
hivdb_hivfacts:9f61b866ab00293d	be1c11a5145fea9073fdb71801919d4a34265336	HIVDB	10.2	2026-04-26	RAL	raltegravir	raltegravir	true	INSTI	IN	EXACT	CHEBI:82960	CZFFBEXEKNGXKS-UHFFFAOYSA-N	32	97A => 10	1	0	10.0	10.0
hivdb_hivfacts:1b1e599f2bd55f84	be1c11a5145fea9073fdb71801919d4a34265336	HIVDB	10.2	2026-04-26	RAL	raltegravir	raltegravir	true	INSTI	IN	EXACT	CHEBI:82960	CZFFBEXEKNGXKS-UHFFFAOYSA-N	33	157Q => 10	1	0	10.0	10.0
hivdb_hivfacts:d23f8c75893a990d	be1c11a5145fea9073fdb71801919d4a34265336	HIVDB	10.2	2026-04-26	RAL	raltegravir	raltegravir	true	INSTI	IN	EXACT	CHEBI:82960	CZFFBEXEKNGXKS-UHFFFAOYSA-N	34	MAX(163K => 15, 163R => 15)	2	0	15.0	15.0
hivdb_hivfacts:595da149e072b666	be1c11a5145fea9073fdb71801919d4a34265336	HIVDB	10.2	2026-04-26	RAL	raltegravir	raltegravir	true	INSTI	IN	EXACT	CHEBI:82960	CZFFBEXEKNGXKS-UHFFFAOYSA-N	35	232N => 10	1	0	10.0	10.0
